"Scenario","MTD","Dose1","Dose2","Dose3","Dose4","Dose5","Attempt"
1,1,0.29,0.36,0.44,0.5,0.55,2
2,1,0.29,0.34,0.4,0.42,0.5,1
3,4,0.17,0.21,0.25,0.3,0.33,1
4,3,0.19,0.25,0.32,0.4,0.49,1
5,4,0.16,0.22,0.26,0.32,0.39,2
6,4,0.19,0.23,0.27,0.32,0.4,2
7,2,0.27,0.31,0.37,0.45,0.48,1
8,4,0.15,0.18,0.23,0.29,0.33,2
9,3,0.21,0.27,0.3,0.36,0.4,1
10,1,0.3,0.37,0.43,0.45,0.52,1
11,2,0.25,0.3,0.35,0.4,0.46,2
12,4,0.16,0.2,0.23,0.28,0.32,1
13,2,0.23,0.31,0.37,0.43,0.48,2
14,2,0.26,0.28,0.35,0.43,0.51,1
15,1,0.31,0.37,0.42,0.49,0.55,1
16,4,0.14,0.18,0.24,0.31,0.4,1
17,3,0.2,0.24,0.29,0.35,0.4,1
18,4,0.15,0.18,0.24,0.3,0.35,1
19,3,0.21,0.25,0.31,0.39,0.45,1
20,5,0.13,0.17,0.22,0.25,0.3,1
21,5,0.15,0.2,0.22,0.26,0.31,1
22,2,0.25,0.29,0.35,0.41,0.45,1
23,1,0.28,0.34,0.42,0.5,0.55,1
24,4,0.16,0.19,0.24,0.29,0.32,2
25,1,0.32,0.39,0.43,0.48,0.53,1
26,3,0.19,0.25,0.3,0.35,0.39,1
27,1,0.29,0.34,0.42,0.48,0.53,1
28,5,0.12,0.16,0.21,0.25,0.28,1
29,2,0.24,0.28,0.35,0.42,0.48,2
30,5,0.12,0.16,0.2,0.26,0.31,1
31,3,0.23,0.27,0.31,0.36,0.44,1
32,4,0.17,0.19,0.23,0.28,0.34,1
33,2,0.24,0.3,0.37,0.43,0.48,1
34,5,0.12,0.16,0.2,0.25,0.3,1
35,3,0.19,0.23,0.28,0.34,0.36,1
36,1,0.32,0.39,0.48,0.51,0.56,1
37,2,0.23,0.3,0.34,0.39,0.44,1
38,1,0.3,0.33,0.34,0.37,0.44,1
39,3,0.19,0.25,0.28,0.35,0.4,1
40,4,0.19,0.2,0.27,0.32,0.39,2
41,2,0.25,0.29,0.37,0.41,0.46,2
42,3,0.2,0.25,0.32,0.4,0.44,1
43,1,0.3,0.35,0.41,0.44,0.52,1
44,2,0.26,0.3,0.33,0.36,0.39,2
45,2,0.28,0.31,0.37,0.42,0.47,1
46,2,0.26,0.31,0.34,0.39,0.45,1
47,1,0.32,0.39,0.45,0.5,0.53,1
48,1,0.31,0.38,0.4,0.45,0.47,1
49,3,0.2,0.25,0.31,0.34,0.4,1
50,2,0.28,0.31,0.37,0.42,0.48,1
51,5,0.12,0.15,0.18,0.24,0.29,2
52,2,0.27,0.3,0.36,0.45,0.52,1
53,2,0.25,0.3,0.33,0.4,0.46,1
54,3,0.18,0.23,0.28,0.35,0.43,1
55,4,0.19,0.22,0.25,0.3,0.36,1
56,3,0.18,0.22,0.29,0.34,0.37,1
57,5,0.14,0.16,0.2,0.24,0.28,4
58,4,0.17,0.19,0.23,0.29,0.35,1
59,1,0.29,0.34,0.37,0.4,0.49,1
60,5,0.15,0.18,0.22,0.24,0.28,1
61,5,0.12,0.14,0.18,0.23,0.29,1
62,3,0.18,0.22,0.28,0.33,0.39,1
63,5,0.16,0.19,0.22,0.28,0.31,4
64,3,0.2,0.26,0.32,0.37,0.42,1
65,1,0.32,0.39,0.43,0.5,0.55,1
66,5,0.12,0.13,0.17,0.21,0.3,1
67,2,0.22,0.28,0.32,0.37,0.43,1
68,3,0.18,0.22,0.28,0.36,0.39,1
69,3,0.19,0.23,0.28,0.32,0.38,1
70,1,0.28,0.34,0.38,0.45,0.48,1
71,2,0.24,0.29,0.36,0.41,0.47,2
72,4,0.2,0.21,0.27,0.32,0.41,2
73,5,0.15,0.17,0.19,0.27,0.32,1
74,5,0.14,0.19,0.22,0.25,0.31,1
75,4,0.17,0.2,0.25,0.29,0.33,1
76,4,0.16,0.18,0.22,0.31,0.37,1
77,2,0.24,0.32,0.37,0.4,0.44,2
78,2,0.25,0.32,0.36,0.43,0.49,1
79,2,0.23,0.29,0.35,0.4,0.43,1
80,5,0.15,0.18,0.2,0.25,0.28,1
81,5,0.12,0.17,0.2,0.25,0.28,1
82,2,0.25,0.29,0.35,0.37,0.45,2
83,5,0.11,0.13,0.17,0.22,0.29,1
84,2,0.27,0.3,0.35,0.41,0.46,1
85,3,0.21,0.25,0.29,0.37,0.43,1
86,2,0.24,0.29,0.34,0.4,0.47,1
87,4,0.19,0.25,0.28,0.31,0.38,1
88,1,0.28,0.33,0.35,0.38,0.43,1
89,3,0.22,0.25,0.29,0.36,0.42,1
90,5,0.12,0.15,0.17,0.21,0.29,1
91,3,0.18,0.21,0.29,0.35,0.42,1
92,1,0.28,0.32,0.38,0.44,0.48,1
93,3,0.21,0.24,0.29,0.35,0.41,2
94,4,0.15,0.19,0.24,0.28,0.34,1
95,2,0.27,0.32,0.39,0.46,0.52,1
96,1,0.3,0.35,0.43,0.48,0.5,1
97,5,0.17,0.19,0.21,0.23,0.28,1
98,5,0.13,0.17,0.19,0.24,0.3,1
99,1,0.29,0.33,0.39,0.47,0.53,1
100,5,0.16,0.2,0.24,0.27,0.31,1
101,4,0.17,0.21,0.26,0.31,0.38,1
102,1,0.31,0.39,0.44,0.49,0.56,1
103,2,0.27,0.31,0.34,0.42,0.48,1
104,2,0.23,0.29,0.31,0.35,0.39,1
105,4,0.2,0.23,0.26,0.31,0.39,2
106,1,0.31,0.36,0.42,0.48,0.54,1
107,3,0.21,0.25,0.29,0.34,0.39,1
108,3,0.18,0.24,0.28,0.32,0.37,1
109,4,0.15,0.18,0.24,0.28,0.32,1
110,4,0.19,0.21,0.24,0.3,0.36,1
111,2,0.26,0.28,0.32,0.4,0.45,1
112,2,0.26,0.32,0.35,0.42,0.46,1
113,2,0.25,0.29,0.35,0.41,0.48,1
114,3,0.18,0.26,0.31,0.35,0.42,1
115,2,0.24,0.29,0.34,0.4,0.46,2
116,4,0.18,0.22,0.28,0.3,0.36,1
117,5,0.12,0.17,0.2,0.26,0.3,1
118,1,0.3,0.37,0.42,0.47,0.53,1
119,1,0.32,0.34,0.41,0.45,0.49,1
120,5,0.12,0.16,0.2,0.27,0.31,1
121,4,0.13,0.19,0.25,0.29,0.32,2
122,3,0.23,0.28,0.31,0.36,0.41,2
123,5,0.14,0.17,0.19,0.25,0.32,1
124,2,0.27,0.3,0.33,0.39,0.42,1
125,2,0.26,0.29,0.34,0.37,0.42,1
126,1,0.28,0.33,0.39,0.47,0.52,1
127,4,0.15,0.18,0.22,0.29,0.35,1
128,2,0.25,0.29,0.31,0.36,0.43,1
129,3,0.18,0.24,0.31,0.36,0.42,2
130,5,0.17,0.18,0.22,0.26,0.3,1
131,3,0.21,0.24,0.32,0.38,0.44,1
132,3,0.17,0.22,0.29,0.33,0.39,1
133,4,0.15,0.19,0.23,0.28,0.34,1
134,5,0.18,0.22,0.25,0.28,0.3,1
135,1,0.31,0.35,0.4,0.45,0.49,1
136,4,0.15,0.2,0.25,0.28,0.32,1
137,5,0.13,0.17,0.19,0.25,0.31,1
138,2,0.27,0.32,0.39,0.41,0.47,1
139,3,0.2,0.26,0.31,0.37,0.41,2
140,1,0.31,0.34,0.38,0.42,0.48,1
141,1,0.29,0.35,0.37,0.42,0.47,1
142,5,0.1,0.13,0.16,0.22,0.29,1
143,1,0.31,0.33,0.36,0.44,0.52,1
144,5,0.17,0.2,0.23,0.27,0.31,1
145,1,0.28,0.33,0.4,0.44,0.5,1
146,1,0.31,0.38,0.46,0.51,0.56,1
147,2,0.21,0.29,0.32,0.39,0.41,2
148,4,0.17,0.22,0.26,0.32,0.35,1
149,4,0.2,0.23,0.26,0.29,0.33,1
150,2,0.21,0.28,0.33,0.36,0.42,1
151,3,0.18,0.23,0.3,0.33,0.39,1
152,1,0.28,0.33,0.37,0.41,0.48,1
153,4,0.12,0.16,0.2,0.28,0.36,1
154,3,0.19,0.22,0.28,0.33,0.37,1
155,3,0.21,0.26,0.32,0.37,0.39,1
156,5,0.13,0.17,0.2,0.25,0.3,1
157,3,0.2,0.25,0.28,0.33,0.37,1
158,1,0.31,0.36,0.38,0.45,0.54,1
159,4,0.16,0.19,0.25,0.29,0.32,1
160,5,0.13,0.18,0.24,0.28,0.31,1
161,4,0.18,0.21,0.28,0.3,0.32,1
162,1,0.31,0.38,0.44,0.51,0.56,1
163,2,0.24,0.3,0.36,0.42,0.47,1
164,5,0.11,0.15,0.19,0.25,0.29,1
165,1,0.31,0.39,0.45,0.53,0.58,1
166,3,0.22,0.27,0.32,0.36,0.46,1
167,4,0.11,0.15,0.2,0.3,0.32,1
168,2,0.23,0.3,0.32,0.39,0.44,1
169,1,0.3,0.36,0.4,0.51,0.54,1
170,3,0.24,0.27,0.32,0.37,0.43,1
171,1,0.3,0.37,0.42,0.45,0.49,1
172,2,0.25,0.32,0.37,0.43,0.52,2
173,5,0.14,0.17,0.2,0.26,0.29,1
174,2,0.24,0.3,0.37,0.43,0.51,1
175,1,0.32,0.38,0.43,0.51,0.53,1
176,1,0.32,0.4,0.44,0.49,0.54,2
177,3,0.19,0.23,0.3,0.34,0.42,1
178,1,0.31,0.35,0.39,0.43,0.48,1
179,3,0.24,0.27,0.31,0.37,0.43,1
180,3,0.2,0.25,0.31,0.36,0.42,1
181,3,0.17,0.21,0.28,0.35,0.39,1
182,3,0.2,0.24,0.29,0.34,0.36,1
183,2,0.22,0.28,0.32,0.33,0.37,1
184,1,0.32,0.36,0.42,0.46,0.55,1
185,1,0.3,0.35,0.39,0.48,0.53,1
186,3,0.19,0.25,0.29,0.33,0.37,1
187,3,0.2,0.25,0.29,0.34,0.41,1
188,2,0.27,0.32,0.38,0.47,0.5,1
189,4,0.14,0.18,0.24,0.28,0.33,1
190,4,0.18,0.23,0.26,0.32,0.37,1
191,5,0.15,0.2,0.23,0.27,0.31,1
192,2,0.26,0.32,0.35,0.4,0.43,1
193,4,0.2,0.23,0.26,0.3,0.38,1
194,2,0.26,0.31,0.37,0.44,0.47,1
195,3,0.23,0.27,0.32,0.34,0.41,1
196,4,0.13,0.18,0.26,0.28,0.32,2
197,4,0.17,0.2,0.23,0.29,0.34,1
198,2,0.23,0.28,0.32,0.41,0.45,2
199,5,0.13,0.14,0.18,0.21,0.3,1
200,3,0.19,0.26,0.32,0.39,0.46,1
201,2,0.21,0.28,0.34,0.41,0.47,2
202,5,0.13,0.16,0.19,0.23,0.28,1
203,4,0.15,0.21,0.25,0.31,0.36,1
204,4,0.17,0.2,0.24,0.31,0.37,1
205,5,0.14,0.18,0.21,0.27,0.31,1
206,5,0.12,0.16,0.18,0.25,0.28,1
207,3,0.24,0.27,0.31,0.38,0.42,1
208,3,0.18,0.23,0.28,0.33,0.39,2
209,5,0.13,0.14,0.19,0.25,0.28,1
210,4,0.17,0.23,0.27,0.32,0.41,1
211,1,0.28,0.35,0.4,0.44,0.51,1
212,3,0.2,0.23,0.28,0.33,0.38,1
213,4,0.18,0.22,0.26,0.3,0.34,1
214,1,0.29,0.35,0.41,0.46,0.52,1
215,1,0.29,0.36,0.39,0.47,0.54,1
216,2,0.24,0.31,0.34,0.4,0.46,1
217,4,0.16,0.2,0.25,0.28,0.34,1
218,1,0.3,0.36,0.44,0.5,0.59,1
219,3,0.24,0.26,0.32,0.35,0.45,1
220,2,0.25,0.3,0.35,0.4,0.41,1
221,3,0.2,0.23,0.3,0.35,0.4,1
222,3,0.21,0.23,0.31,0.36,0.43,1
223,1,0.28,0.33,0.38,0.45,0.5,1
224,1,0.32,0.39,0.46,0.52,0.58,1
225,1,0.29,0.34,0.36,0.41,0.44,1
226,2,0.22,0.28,0.34,0.41,0.5,1
227,4,0.17,0.21,0.24,0.3,0.38,1
228,5,0.14,0.17,0.22,0.25,0.29,2
229,1,0.3,0.35,0.4,0.42,0.48,1
230,4,0.18,0.2,0.23,0.3,0.35,1
231,5,0.12,0.14,0.18,0.25,0.31,1
232,1,0.31,0.35,0.38,0.43,0.51,1
233,3,0.19,0.25,0.29,0.35,0.44,1
234,3,0.2,0.23,0.28,0.33,0.37,2
235,3,0.21,0.24,0.29,0.31,0.34,2
236,3,0.19,0.24,0.28,0.32,0.37,1
237,2,0.25,0.3,0.34,0.39,0.46,2
238,4,0.15,0.18,0.23,0.31,0.35,2
239,1,0.29,0.37,0.41,0.51,0.6,2
240,5,0.13,0.18,0.22,0.27,0.31,1
241,3,0.2,0.26,0.32,0.36,0.43,1
242,1,0.3,0.35,0.39,0.42,0.46,1
243,1,0.29,0.33,0.35,0.43,0.46,1
244,1,0.29,0.34,0.38,0.44,0.49,1
245,3,0.17,0.22,0.29,0.34,0.38,1
246,1,0.28,0.34,0.4,0.46,0.51,1
247,1,0.3,0.36,0.44,0.48,0.54,1
248,1,0.3,0.35,0.41,0.45,0.5,1
249,4,0.17,0.21,0.27,0.29,0.34,1
250,1,0.31,0.33,0.4,0.47,0.52,1
251,3,0.21,0.27,0.31,0.35,0.42,1
252,5,0.14,0.17,0.22,0.26,0.32,1
253,5,0.16,0.18,0.23,0.26,0.32,1
254,2,0.26,0.28,0.32,0.36,0.42,1
255,2,0.25,0.29,0.34,0.39,0.42,1
256,5,0.12,0.15,0.19,0.24,0.31,1
257,5,0.17,0.19,0.21,0.27,0.31,3
258,2,0.27,0.31,0.36,0.43,0.47,1
259,5,0.16,0.19,0.21,0.24,0.28,1
260,4,0.18,0.22,0.25,0.31,0.37,1
261,1,0.29,0.35,0.4,0.46,0.53,1
262,3,0.18,0.23,0.28,0.34,0.38,1
263,1,0.3,0.35,0.42,0.47,0.53,1
264,5,0.13,0.18,0.22,0.25,0.32,1
265,5,0.17,0.19,0.24,0.27,0.29,1
266,5,0.18,0.2,0.21,0.23,0.31,1
267,1,0.32,0.38,0.42,0.48,0.55,1
268,3,0.2,0.24,0.29,0.34,0.38,2
269,2,0.26,0.3,0.33,0.4,0.46,1
270,1,0.31,0.36,0.43,0.52,0.59,1
271,4,0.14,0.17,0.23,0.28,0.32,1
272,5,0.14,0.17,0.19,0.22,0.28,1
273,5,0.11,0.13,0.19,0.24,0.3,1
274,1,0.3,0.34,0.42,0.49,0.55,1
275,3,0.22,0.28,0.3,0.37,0.43,1
276,5,0.13,0.16,0.2,0.24,0.3,2
277,2,0.24,0.28,0.34,0.4,0.42,1
278,5,0.14,0.16,0.19,0.22,0.29,1
279,4,0.16,0.19,0.23,0.28,0.34,1
280,1,0.29,0.31,0.36,0.43,0.49,1
281,4,0.16,0.21,0.25,0.31,0.33,1
282,2,0.25,0.28,0.33,0.36,0.43,1
283,2,0.25,0.29,0.34,0.42,0.5,1
284,2,0.26,0.32,0.36,0.41,0.49,1
285,4,0.14,0.15,0.21,0.28,0.33,1
286,1,0.28,0.34,0.4,0.45,0.5,1
287,1,0.29,0.35,0.37,0.45,0.49,1
288,5,0.16,0.18,0.22,0.26,0.32,1
289,5,0.15,0.19,0.23,0.24,0.29,3
290,4,0.18,0.19,0.23,0.28,0.33,1
291,2,0.24,0.31,0.39,0.48,0.56,1
292,2,0.23,0.28,0.32,0.38,0.42,1
293,3,0.21,0.24,0.28,0.34,0.38,1
294,4,0.17,0.2,0.23,0.29,0.33,1
295,1,0.31,0.38,0.42,0.5,0.53,1
296,5,0.12,0.15,0.19,0.23,0.28,1
297,5,0.15,0.17,0.19,0.25,0.31,2
298,4,0.21,0.24,0.28,0.31,0.38,1
299,5,0.14,0.18,0.23,0.28,0.31,1
300,3,0.22,0.25,0.28,0.33,0.39,1
301,2,0.27,0.31,0.38,0.46,0.54,1
302,1,0.3,0.33,0.39,0.45,0.51,1
303,5,0.14,0.17,0.19,0.23,0.28,1
304,1,0.29,0.33,0.42,0.47,0.55,1
305,1,0.3,0.33,0.36,0.4,0.48,1
306,2,0.25,0.3,0.35,0.37,0.42,1
307,3,0.23,0.27,0.31,0.39,0.46,1
308,2,0.24,0.28,0.32,0.38,0.44,1
309,3,0.21,0.27,0.3,0.35,0.38,3
310,5,0.14,0.17,0.2,0.26,0.32,1
311,5,0.14,0.18,0.19,0.25,0.3,1
312,5,0.14,0.2,0.23,0.27,0.31,1
313,1,0.3,0.35,0.42,0.49,0.51,1
314,4,0.15,0.18,0.23,0.28,0.35,1
315,4,0.17,0.22,0.26,0.3,0.35,1
316,2,0.26,0.28,0.34,0.39,0.46,1
317,4,0.19,0.23,0.28,0.31,0.32,1
318,4,0.15,0.22,0.26,0.3,0.34,1
319,3,0.21,0.27,0.32,0.36,0.41,1
320,4,0.13,0.17,0.23,0.29,0.35,1
321,5,0.15,0.19,0.24,0.27,0.3,1
322,2,0.26,0.3,0.35,0.38,0.44,2
323,3,0.2,0.23,0.29,0.32,0.34,1
324,1,0.3,0.33,0.36,0.42,0.49,1
325,2,0.23,0.29,0.32,0.37,0.43,1
326,5,0.14,0.17,0.24,0.27,0.32,1
327,3,0.2,0.23,0.32,0.38,0.44,1
328,5,0.12,0.15,0.18,0.22,0.29,1
329,2,0.24,0.31,0.34,0.38,0.42,1
330,1,0.28,0.35,0.38,0.42,0.47,1
331,5,0.15,0.18,0.23,0.26,0.3,1
332,1,0.29,0.35,0.43,0.51,0.52,1
333,3,0.2,0.24,0.28,0.34,0.39,1
334,2,0.25,0.3,0.37,0.43,0.49,1
335,2,0.21,0.28,0.36,0.39,0.46,1
336,1,0.3,0.35,0.41,0.48,0.53,1
337,4,0.17,0.23,0.24,0.3,0.35,1
338,4,0.18,0.21,0.27,0.32,0.35,2
339,5,0.15,0.18,0.2,0.24,0.31,1
340,2,0.27,0.32,0.38,0.44,0.5,2
341,1,0.32,0.41,0.47,0.52,0.58,2
342,4,0.15,0.19,0.26,0.32,0.36,1
343,3,0.18,0.21,0.29,0.34,0.4,1
344,2,0.25,0.31,0.35,0.39,0.47,1
345,3,0.16,0.23,0.28,0.34,0.36,1
346,5,0.15,0.18,0.2,0.27,0.29,1
347,1,0.3,0.36,0.41,0.46,0.52,1
348,3,0.2,0.24,0.31,0.38,0.41,1
349,4,0.19,0.22,0.28,0.31,0.38,1
350,1,0.3,0.36,0.42,0.5,0.57,1
351,2,0.27,0.32,0.36,0.41,0.49,1
352,3,0.2,0.25,0.3,0.34,0.36,1
353,1,0.31,0.38,0.41,0.48,0.54,1
354,2,0.23,0.3,0.32,0.39,0.47,2
355,2,0.23,0.3,0.36,0.4,0.44,1
356,4,0.19,0.21,0.26,0.32,0.37,1
357,2,0.26,0.28,0.34,0.38,0.45,1
358,2,0.26,0.31,0.35,0.39,0.45,1
359,1,0.28,0.35,0.37,0.43,0.48,1
360,1,0.28,0.34,0.42,0.47,0.51,1
361,2,0.23,0.29,0.34,0.4,0.44,1
362,4,0.13,0.18,0.25,0.29,0.34,1
363,2,0.27,0.32,0.38,0.42,0.49,1
364,2,0.25,0.32,0.39,0.45,0.51,1
365,2,0.28,0.31,0.37,0.41,0.47,1
366,3,0.19,0.25,0.31,0.35,0.41,1
367,1,0.32,0.36,0.38,0.41,0.48,1
368,2,0.28,0.31,0.34,0.4,0.45,1
369,3,0.18,0.23,0.28,0.37,0.46,1
370,5,0.17,0.2,0.24,0.26,0.31,1
371,2,0.24,0.29,0.31,0.34,0.41,1
372,4,0.17,0.21,0.27,0.31,0.33,1
373,1,0.28,0.35,0.37,0.43,0.5,1
374,4,0.15,0.19,0.25,0.31,0.32,1
375,2,0.26,0.3,0.35,0.39,0.46,1
376,5,0.14,0.17,0.21,0.25,0.31,1
377,5,0.12,0.15,0.17,0.23,0.29,1
378,4,0.12,0.15,0.2,0.28,0.34,1
379,2,0.27,0.29,0.34,0.39,0.41,2
380,1,0.29,0.33,0.39,0.45,0.49,3
381,1,0.3,0.34,0.37,0.43,0.49,1
382,2,0.24,0.29,0.31,0.37,0.44,1
383,2,0.25,0.32,0.37,0.41,0.47,1
384,1,0.28,0.33,0.36,0.4,0.46,1
385,2,0.24,0.3,0.33,0.43,0.47,2
386,3,0.17,0.22,0.29,0.33,0.38,1
387,1,0.31,0.37,0.44,0.49,0.56,1
388,4,0.16,0.19,0.24,0.32,0.38,1
389,2,0.23,0.29,0.35,0.42,0.49,1
390,5,0.15,0.17,0.21,0.24,0.28,1
391,3,0.19,0.24,0.29,0.31,0.34,1
392,1,0.28,0.32,0.35,0.44,0.48,1
393,5,0.13,0.15,0.21,0.27,0.32,1
394,1,0.3,0.35,0.39,0.47,0.53,1
395,1,0.3,0.34,0.43,0.44,0.5,1
396,2,0.2,0.28,0.33,0.42,0.46,1
397,5,0.14,0.17,0.21,0.28,0.3,1
398,2,0.26,0.32,0.38,0.4,0.45,1
399,3,0.22,0.26,0.29,0.37,0.44,1
400,5,0.1,0.14,0.19,0.25,0.29,1
401,1,0.29,0.32,0.38,0.45,0.49,1
402,5,0.11,0.14,0.19,0.23,0.29,1
403,4,0.21,0.23,0.26,0.3,0.34,1
404,1,0.3,0.38,0.43,0.48,0.55,1
405,5,0.13,0.16,0.21,0.26,0.32,1
406,1,0.32,0.37,0.4,0.48,0.51,1
407,4,0.19,0.23,0.25,0.32,0.38,1
408,2,0.27,0.31,0.35,0.39,0.43,1
409,5,0.12,0.15,0.19,0.24,0.32,1
410,3,0.17,0.25,0.29,0.34,0.4,1
411,3,0.19,0.26,0.3,0.32,0.36,1
412,5,0.14,0.17,0.23,0.25,0.28,2
413,1,0.32,0.38,0.47,0.53,0.61,1
414,2,0.23,0.3,0.33,0.39,0.44,2
415,1,0.3,0.33,0.4,0.44,0.49,1
416,1,0.28,0.36,0.39,0.46,0.52,1
417,3,0.23,0.27,0.28,0.33,0.38,1
418,4,0.19,0.21,0.27,0.32,0.38,1
419,2,0.23,0.31,0.36,0.42,0.48,1
420,5,0.14,0.16,0.18,0.22,0.28,1
421,1,0.29,0.37,0.41,0.46,0.53,1
422,2,0.23,0.28,0.35,0.43,0.49,1
423,1,0.29,0.34,0.38,0.46,0.53,1
424,2,0.22,0.28,0.36,0.44,0.47,1
425,3,0.17,0.23,0.29,0.32,0.39,1
426,2,0.25,0.3,0.33,0.34,0.4,1
427,4,0.14,0.2,0.25,0.29,0.36,1
428,2,0.26,0.32,0.4,0.48,0.52,1
429,1,0.31,0.36,0.45,0.5,0.6,1
430,2,0.27,0.31,0.35,0.41,0.44,1
431,2,0.26,0.32,0.38,0.41,0.49,2
432,1,0.29,0.35,0.4,0.46,0.54,1
433,5,0.13,0.16,0.22,0.25,0.32,1
434,4,0.14,0.17,0.21,0.28,0.33,1
435,3,0.16,0.22,0.28,0.35,0.4,1
436,4,0.2,0.23,0.26,0.3,0.37,2
437,3,0.16,0.21,0.28,0.33,0.38,1
438,5,0.15,0.16,0.21,0.26,0.28,1
439,4,0.15,0.19,0.26,0.29,0.33,1
440,1,0.29,0.35,0.42,0.49,0.56,1
441,1,0.28,0.33,0.37,0.45,0.48,1
442,2,0.24,0.29,0.35,0.37,0.39,1
443,3,0.21,0.25,0.31,0.37,0.43,1
444,1,0.31,0.36,0.43,0.52,0.6,1
445,5,0.16,0.22,0.23,0.28,0.29,3
446,1,0.31,0.39,0.48,0.55,0.56,1
447,2,0.25,0.3,0.34,0.41,0.47,1
448,1,0.32,0.39,0.42,0.45,0.49,1
449,2,0.27,0.31,0.35,0.41,0.45,1
450,3,0.17,0.2,0.28,0.34,0.38,2
451,2,0.22,0.31,0.36,0.42,0.51,1
452,2,0.24,0.3,0.36,0.44,0.49,1
453,4,0.17,0.2,0.26,0.29,0.32,1
454,4,0.18,0.2,0.25,0.3,0.35,2
455,4,0.18,0.21,0.24,0.28,0.33,1
456,3,0.21,0.24,0.3,0.34,0.39,2
457,2,0.26,0.3,0.34,0.37,0.43,1
458,4,0.2,0.22,0.27,0.3,0.36,1
459,4,0.17,0.21,0.26,0.3,0.35,1
460,3,0.2,0.26,0.3,0.34,0.39,2
461,2,0.27,0.31,0.38,0.44,0.48,1
462,1,0.3,0.36,0.4,0.45,0.52,1
463,5,0.14,0.17,0.22,0.26,0.32,1
464,4,0.17,0.19,0.24,0.31,0.39,1
465,4,0.12,0.14,0.21,0.28,0.35,1
466,4,0.18,0.23,0.26,0.32,0.39,1
467,3,0.18,0.21,0.28,0.33,0.37,1
468,2,0.25,0.31,0.36,0.43,0.49,1
469,3,0.2,0.26,0.29,0.34,0.39,1
470,3,0.18,0.21,0.28,0.34,0.38,2
471,3,0.24,0.27,0.32,0.41,0.43,1
472,2,0.23,0.3,0.35,0.37,0.44,1
473,4,0.16,0.21,0.27,0.32,0.4,1
474,1,0.32,0.37,0.41,0.44,0.49,1
475,4,0.19,0.23,0.27,0.31,0.37,2
476,1,0.31,0.35,0.41,0.48,0.57,1
477,3,0.22,0.28,0.31,0.35,0.39,1
478,4,0.14,0.17,0.23,0.28,0.34,1
479,4,0.18,0.23,0.27,0.32,0.36,4
480,1,0.31,0.34,0.39,0.44,0.51,1
481,1,0.31,0.36,0.41,0.44,0.48,1
482,2,0.28,0.31,0.37,0.42,0.47,1
483,2,0.24,0.29,0.33,0.39,0.44,1
484,1,0.28,0.36,0.44,0.5,0.57,1
485,2,0.24,0.3,0.4,0.46,0.5,4
486,5,0.11,0.15,0.18,0.22,0.28,1
487,2,0.25,0.3,0.37,0.42,0.5,1
488,2,0.23,0.29,0.35,0.43,0.48,1
489,3,0.19,0.24,0.29,0.37,0.42,1
490,5,0.13,0.16,0.19,0.25,0.3,2
491,4,0.18,0.2,0.26,0.31,0.35,1
492,3,0.19,0.24,0.28,0.33,0.42,1
493,4,0.21,0.23,0.26,0.29,0.35,1
494,2,0.27,0.31,0.38,0.44,0.47,1
495,5,0.17,0.2,0.25,0.27,0.31,1
496,4,0.17,0.21,0.26,0.32,0.33,1
497,1,0.31,0.37,0.42,0.5,0.57,1
498,5,0.15,0.19,0.23,0.26,0.32,1
499,3,0.23,0.28,0.31,0.38,0.43,1
500,1,0.28,0.37,0.43,0.5,0.56,1
501,1,0.31,0.38,0.42,0.47,0.5,1
502,5,0.12,0.15,0.2,0.27,0.32,2
503,2,0.24,0.29,0.35,0.41,0.44,1
504,5,0.13,0.17,0.21,0.22,0.28,1
505,1,0.29,0.34,0.37,0.44,0.48,1
506,3,0.21,0.26,0.32,0.34,0.38,1
507,1,0.3,0.33,0.36,0.42,0.48,1
508,1,0.3,0.35,0.42,0.47,0.53,1
509,1,0.29,0.35,0.42,0.5,0.57,1
510,3,0.21,0.23,0.28,0.34,0.38,1
511,3,0.25,0.28,0.3,0.34,0.38,1
512,1,0.32,0.35,0.39,0.42,0.48,1
513,2,0.28,0.31,0.35,0.41,0.45,1
514,5,0.12,0.14,0.19,0.23,0.28,2
515,4,0.15,0.18,0.24,0.32,0.4,1
516,4,0.15,0.18,0.22,0.29,0.33,1
517,4,0.2,0.23,0.26,0.32,0.4,1
518,2,0.27,0.29,0.33,0.4,0.48,1
519,3,0.24,0.27,0.32,0.35,0.36,1
520,3,0.21,0.25,0.29,0.37,0.44,1
521,3,0.23,0.25,0.29,0.33,0.37,1
522,5,0.14,0.16,0.19,0.24,0.3,2
523,5,0.15,0.18,0.21,0.27,0.32,1
524,2,0.24,0.28,0.34,0.39,0.44,1
525,1,0.29,0.33,0.36,0.45,0.49,1
526,2,0.25,0.3,0.35,0.4,0.46,1
527,1,0.3,0.34,0.4,0.44,0.51,1
528,5,0.12,0.15,0.23,0.24,0.29,1
529,2,0.21,0.28,0.37,0.42,0.48,1
530,1,0.32,0.4,0.5,0.52,0.58,1
531,5,0.12,0.15,0.18,0.25,0.29,1
532,1,0.3,0.39,0.46,0.54,0.64,1
533,4,0.17,0.19,0.27,0.3,0.35,1
534,5,0.14,0.16,0.21,0.27,0.31,1
535,3,0.21,0.26,0.29,0.35,0.4,1
536,4,0.23,0.24,0.28,0.3,0.36,1
537,3,0.21,0.26,0.28,0.32,0.35,1
538,1,0.28,0.35,0.39,0.43,0.5,1
539,1,0.31,0.36,0.42,0.46,0.53,1
540,2,0.26,0.3,0.33,0.39,0.46,1
541,5,0.14,0.18,0.23,0.25,0.3,1
542,1,0.32,0.37,0.4,0.47,0.55,1
543,4,0.14,0.16,0.22,0.28,0.37,2
544,2,0.24,0.29,0.33,0.4,0.44,1
545,2,0.26,0.3,0.34,0.38,0.41,1
546,1,0.31,0.36,0.4,0.45,0.46,1
547,5,0.13,0.18,0.21,0.27,0.3,1
548,2,0.26,0.32,0.38,0.45,0.51,2
549,1,0.32,0.36,0.46,0.5,0.55,1
550,2,0.23,0.3,0.36,0.39,0.47,1
551,1,0.3,0.33,0.39,0.43,0.47,1
552,3,0.21,0.27,0.32,0.37,0.41,1
553,4,0.14,0.2,0.23,0.28,0.34,1
554,1,0.28,0.33,0.39,0.44,0.5,1
555,2,0.25,0.32,0.38,0.43,0.47,2
556,1,0.3,0.35,0.4,0.41,0.46,1
557,4,0.19,0.23,0.28,0.31,0.36,1
558,2,0.25,0.28,0.35,0.39,0.48,1
559,5,0.11,0.17,0.19,0.25,0.28,2
560,1,0.3,0.36,0.43,0.47,0.52,1
561,3,0.21,0.26,0.32,0.35,0.42,2
562,1,0.3,0.4,0.43,0.46,0.5,1
563,1,0.28,0.34,0.36,0.4,0.45,2
564,2,0.26,0.3,0.33,0.39,0.42,1
565,5,0.11,0.14,0.18,0.21,0.28,1
566,3,0.2,0.23,0.29,0.35,0.4,5
567,5,0.12,0.16,0.22,0.28,0.31,1
568,1,0.3,0.37,0.45,0.52,0.57,1
569,5,0.13,0.18,0.22,0.24,0.28,1
570,1,0.29,0.32,0.37,0.43,0.49,1
571,5,0.15,0.18,0.22,0.26,0.32,1
572,1,0.28,0.33,0.38,0.44,0.52,1
573,2,0.21,0.28,0.36,0.41,0.45,1
574,2,0.23,0.31,0.4,0.42,0.47,3
575,5,0.15,0.18,0.2,0.23,0.29,2
576,3,0.24,0.27,0.31,0.34,0.38,1
577,3,0.19,0.23,0.3,0.39,0.45,1
578,5,0.17,0.21,0.23,0.26,0.32,1
579,4,0.17,0.21,0.25,0.32,0.38,1
580,1,0.29,0.38,0.43,0.48,0.58,1
581,4,0.14,0.19,0.24,0.3,0.35,1
582,5,0.17,0.21,0.23,0.26,0.31,1
583,1,0.29,0.35,0.4,0.44,0.49,1
584,2,0.24,0.3,0.34,0.39,0.41,1
585,1,0.3,0.33,0.39,0.43,0.51,1
586,1,0.32,0.39,0.43,0.48,0.53,1
587,2,0.27,0.31,0.37,0.43,0.45,1
588,5,0.1,0.13,0.17,0.21,0.28,1
589,4,0.16,0.2,0.25,0.28,0.32,1
590,1,0.29,0.35,0.42,0.49,0.61,1
591,4,0.15,0.19,0.26,0.29,0.32,1
592,5,0.17,0.2,0.23,0.27,0.32,1
593,3,0.2,0.24,0.3,0.35,0.42,1
594,3,0.22,0.26,0.28,0.32,0.36,2
595,5,0.12,0.16,0.19,0.25,0.29,1
596,5,0.14,0.16,0.21,0.25,0.29,1
597,5,0.1,0.13,0.17,0.21,0.28,1
598,2,0.26,0.28,0.32,0.37,0.43,1
599,3,0.21,0.25,0.29,0.33,0.4,1
600,1,0.32,0.36,0.43,0.48,0.53,1
601,5,0.16,0.2,0.24,0.27,0.31,2
602,5,0.16,0.19,0.22,0.25,0.3,2
603,5,0.1,0.13,0.17,0.22,0.28,1
604,1,0.29,0.33,0.39,0.43,0.48,1
605,5,0.15,0.19,0.21,0.27,0.32,2
606,1,0.31,0.32,0.37,0.39,0.44,1
607,2,0.23,0.32,0.38,0.44,0.54,1
608,3,0.24,0.27,0.32,0.36,0.43,1
609,4,0.16,0.22,0.26,0.31,0.35,1
610,1,0.32,0.37,0.43,0.5,0.53,1
611,1,0.3,0.37,0.45,0.52,0.56,1
612,4,0.16,0.2,0.25,0.3,0.36,1
613,5,0.12,0.14,0.16,0.23,0.28,1
614,4,0.13,0.16,0.23,0.28,0.32,1
615,3,0.19,0.24,0.31,0.35,0.4,1
616,1,0.3,0.31,0.33,0.38,0.46,1
617,5,0.14,0.18,0.23,0.27,0.32,1
618,2,0.25,0.29,0.31,0.35,0.43,1
619,3,0.19,0.23,0.28,0.33,0.37,1
620,5,0.18,0.21,0.23,0.26,0.32,1
621,2,0.23,0.28,0.32,0.38,0.45,1
622,1,0.29,0.33,0.38,0.44,0.51,1
623,5,0.12,0.15,0.19,0.23,0.28,1
624,4,0.15,0.19,0.25,0.3,0.35,1
625,1,0.31,0.37,0.42,0.5,0.56,1
626,4,0.17,0.21,0.26,0.32,0.35,2
627,2,0.25,0.31,0.35,0.4,0.44,1
628,3,0.2,0.26,0.31,0.36,0.42,1
629,3,0.19,0.23,0.3,0.36,0.37,1
630,2,0.24,0.31,0.36,0.4,0.47,1
631,3,0.2,0.26,0.29,0.33,0.37,1
632,2,0.24,0.31,0.35,0.42,0.46,1
633,5,0.14,0.16,0.19,0.25,0.28,1
634,1,0.29,0.34,0.42,0.51,0.54,1
635,1,0.28,0.32,0.38,0.43,0.46,1
636,1,0.32,0.34,0.35,0.37,0.43,1
637,2,0.25,0.31,0.34,0.39,0.42,1
638,1,0.32,0.35,0.42,0.46,0.52,1
639,5,0.14,0.16,0.19,0.23,0.29,1
640,2,0.25,0.29,0.33,0.38,0.47,1
641,5,0.15,0.19,0.21,0.24,0.28,1
642,5,0.18,0.2,0.27,0.28,0.31,1
643,5,0.11,0.16,0.18,0.23,0.29,1
644,1,0.28,0.34,0.39,0.47,0.53,1
645,2,0.27,0.31,0.33,0.37,0.45,1
646,2,0.26,0.32,0.41,0.44,0.54,1
647,3,0.21,0.25,0.32,0.37,0.4,3
648,5,0.13,0.17,0.21,0.26,0.31,1
649,5,0.16,0.19,0.24,0.27,0.3,1
650,4,0.14,0.19,0.24,0.3,0.38,2
651,5,0.13,0.17,0.21,0.24,0.29,1
652,5,0.13,0.18,0.23,0.27,0.32,1
653,4,0.15,0.19,0.24,0.3,0.37,1
654,3,0.21,0.26,0.29,0.36,0.43,1
655,3,0.24,0.27,0.32,0.34,0.42,1
656,1,0.31,0.35,0.4,0.45,0.51,1
657,4,0.18,0.23,0.27,0.31,0.36,1
658,1,0.32,0.38,0.45,0.5,0.58,1
659,1,0.31,0.35,0.44,0.54,0.57,2
660,4,0.17,0.21,0.26,0.31,0.36,2
661,3,0.18,0.25,0.31,0.35,0.39,1
662,5,0.14,0.16,0.2,0.23,0.29,1
663,1,0.3,0.38,0.43,0.48,0.54,1
664,4,0.19,0.22,0.27,0.29,0.34,1
665,4,0.18,0.21,0.27,0.29,0.34,1
666,5,0.13,0.17,0.22,0.27,0.32,1
667,5,0.16,0.19,0.21,0.23,0.28,1
668,2,0.27,0.3,0.32,0.37,0.41,2
669,4,0.15,0.18,0.22,0.28,0.32,1
670,3,0.2,0.26,0.31,0.36,0.43,1
671,5,0.13,0.17,0.2,0.25,0.31,1
672,1,0.3,0.35,0.38,0.44,0.45,1
673,2,0.25,0.29,0.31,0.36,0.42,1
674,5,0.16,0.19,0.24,0.27,0.32,1
675,3,0.21,0.22,0.28,0.34,0.36,1
676,3,0.21,0.25,0.31,0.4,0.46,1
677,1,0.31,0.39,0.45,0.51,0.56,1
678,1,0.3,0.35,0.42,0.47,0.54,1
679,4,0.19,0.22,0.26,0.28,0.32,1
680,1,0.28,0.33,0.39,0.45,0.49,1
681,3,0.2,0.25,0.29,0.37,0.39,1
682,1,0.32,0.36,0.45,0.52,0.58,3
683,3,0.23,0.27,0.31,0.36,0.43,1
684,1,0.29,0.34,0.39,0.45,0.47,1
685,5,0.15,0.2,0.22,0.25,0.3,1
686,1,0.3,0.35,0.41,0.45,0.49,1
687,5,0.11,0.15,0.17,0.22,0.29,1
688,4,0.17,0.22,0.26,0.28,0.34,1
689,5,0.1,0.13,0.17,0.23,0.3,1
690,5,0.14,0.18,0.22,0.26,0.31,1
691,3,0.19,0.23,0.3,0.37,0.41,1
692,3,0.22,0.26,0.32,0.36,0.41,1
693,5,0.16,0.19,0.23,0.28,0.31,1
694,4,0.19,0.22,0.27,0.31,0.35,1
695,2,0.27,0.3,0.35,0.41,0.46,1
696,2,0.25,0.3,0.35,0.39,0.43,1
697,5,0.13,0.18,0.23,0.26,0.32,1
698,1,0.29,0.34,0.4,0.46,0.54,1
699,5,0.13,0.15,0.2,0.27,0.32,1
700,3,0.18,0.22,0.28,0.33,0.36,1
701,2,0.27,0.32,0.36,0.4,0.44,1
702,4,0.14,0.18,0.22,0.28,0.32,1
703,5,0.11,0.14,0.2,0.23,0.28,1
704,4,0.21,0.22,0.27,0.32,0.36,1
705,4,0.18,0.24,0.28,0.3,0.36,1
706,3,0.18,0.25,0.29,0.32,0.33,1
707,3,0.16,0.24,0.31,0.36,0.42,2
708,3,0.2,0.26,0.3,0.34,0.39,1
709,2,0.21,0.28,0.33,0.37,0.41,1
710,3,0.25,0.27,0.32,0.35,0.39,1
711,2,0.27,0.32,0.38,0.42,0.5,1
712,4,0.19,0.21,0.27,0.31,0.36,2
713,5,0.11,0.14,0.19,0.24,0.28,1
714,3,0.21,0.24,0.29,0.33,0.38,1
715,3,0.2,0.24,0.32,0.38,0.47,1
716,2,0.26,0.32,0.39,0.49,0.57,1
717,2,0.24,0.28,0.32,0.34,0.41,2
718,5,0.14,0.16,0.21,0.23,0.28,1
719,5,0.11,0.15,0.19,0.23,0.32,2
720,1,0.29,0.36,0.39,0.46,0.51,1
721,1,0.28,0.33,0.39,0.43,0.5,1
722,3,0.21,0.25,0.29,0.33,0.38,1
723,2,0.25,0.3,0.36,0.43,0.51,3
724,5,0.12,0.15,0.2,0.23,0.28,1
725,4,0.23,0.25,0.27,0.31,0.38,2
726,2,0.25,0.28,0.33,0.38,0.42,1
727,1,0.3,0.36,0.41,0.46,0.53,1
728,4,0.18,0.22,0.26,0.3,0.32,1
729,3,0.19,0.26,0.32,0.39,0.44,1
730,3,0.21,0.27,0.3,0.34,0.42,1
731,4,0.18,0.21,0.26,0.31,0.38,3
732,5,0.13,0.17,0.21,0.25,0.29,1
733,3,0.21,0.26,0.31,0.37,0.42,1
734,2,0.26,0.3,0.35,0.42,0.5,1
735,4,0.16,0.17,0.2,0.31,0.34,1
736,4,0.18,0.22,0.27,0.32,0.35,1
737,3,0.17,0.21,0.3,0.37,0.42,1
738,5,0.13,0.17,0.19,0.25,0.31,1
739,4,0.14,0.18,0.22,0.28,0.34,1
740,2,0.23,0.32,0.36,0.41,0.42,1
741,2,0.24,0.29,0.35,0.42,0.45,1
742,4,0.19,0.23,0.26,0.3,0.36,1
743,3,0.22,0.25,0.31,0.38,0.44,1
744,1,0.28,0.34,0.36,0.43,0.51,1
745,2,0.26,0.32,0.36,0.41,0.45,1
746,4,0.14,0.17,0.24,0.29,0.33,1
747,4,0.17,0.21,0.27,0.32,0.36,1
748,3,0.17,0.21,0.28,0.33,0.4,1
749,3,0.21,0.27,0.31,0.38,0.43,1
750,5,0.18,0.2,0.21,0.26,0.3,1
751,1,0.31,0.36,0.42,0.48,0.52,1
752,4,0.15,0.19,0.25,0.29,0.32,1
753,4,0.17,0.2,0.25,0.29,0.32,1
754,5,0.13,0.14,0.18,0.21,0.29,1
755,3,0.19,0.23,0.28,0.33,0.38,1
756,5,0.13,0.15,0.21,0.25,0.3,2
757,1,0.28,0.33,0.41,0.46,0.52,1
758,5,0.1,0.15,0.2,0.25,0.31,1
759,3,0.22,0.26,0.29,0.32,0.37,1
760,1,0.29,0.38,0.42,0.48,0.55,1
761,4,0.14,0.16,0.22,0.28,0.35,1
762,2,0.24,0.31,0.34,0.39,0.43,1
763,1,0.29,0.36,0.4,0.49,0.55,1
764,5,0.11,0.14,0.19,0.22,0.28,1
765,5,0.11,0.15,0.18,0.26,0.31,1
766,4,0.14,0.18,0.22,0.29,0.31,2
767,1,0.32,0.35,0.41,0.5,0.6,1
768,5,0.12,0.14,0.18,0.22,0.28,1
769,2,0.27,0.3,0.37,0.43,0.48,1
770,1,0.31,0.35,0.39,0.46,0.51,1
771,3,0.22,0.27,0.32,0.38,0.43,1
772,4,0.15,0.2,0.24,0.3,0.33,1
773,4,0.18,0.2,0.25,0.32,0.37,1
774,3,0.23,0.27,0.32,0.37,0.43,1
775,4,0.16,0.21,0.26,0.32,0.37,1
776,1,0.28,0.34,0.38,0.45,0.5,1
777,1,0.28,0.34,0.4,0.49,0.54,2
778,5,0.14,0.17,0.22,0.24,0.28,1
779,3,0.18,0.23,0.3,0.37,0.44,1
780,1,0.31,0.38,0.42,0.47,0.5,1
781,3,0.2,0.25,0.32,0.39,0.44,1
782,1,0.29,0.32,0.35,0.38,0.4,1
783,5,0.12,0.15,0.2,0.25,0.31,1
784,1,0.29,0.36,0.39,0.45,0.49,1
785,3,0.2,0.26,0.3,0.35,0.38,1
786,3,0.19,0.24,0.29,0.31,0.41,1
787,3,0.23,0.26,0.31,0.35,0.4,1
788,3,0.21,0.26,0.29,0.34,0.38,1
789,5,0.14,0.18,0.2,0.25,0.29,1
790,5,0.16,0.18,0.22,0.27,0.28,1
791,2,0.25,0.28,0.32,0.38,0.44,1
792,1,0.3,0.37,0.42,0.47,0.52,1
793,4,0.17,0.21,0.24,0.29,0.36,1
794,5,0.07,0.12,0.17,0.22,0.28,1
795,2,0.25,0.32,0.38,0.42,0.46,1
796,3,0.19,0.21,0.29,0.32,0.35,1
797,3,0.23,0.25,0.3,0.36,0.41,3
798,2,0.24,0.28,0.32,0.36,0.41,1
799,5,0.11,0.14,0.2,0.23,0.29,1
800,5,0.14,0.18,0.24,0.27,0.3,1
801,3,0.23,0.28,0.31,0.34,0.42,2
802,2,0.23,0.28,0.32,0.36,0.41,1
803,3,0.22,0.25,0.31,0.36,0.4,2
804,2,0.26,0.29,0.38,0.43,0.52,1
805,3,0.18,0.24,0.31,0.36,0.43,2
806,4,0.16,0.2,0.24,0.28,0.33,1
807,5,0.17,0.2,0.24,0.27,0.31,1
808,4,0.15,0.19,0.25,0.28,0.32,1
809,2,0.27,0.29,0.33,0.4,0.45,1
810,2,0.26,0.3,0.35,0.41,0.47,1
811,1,0.28,0.34,0.39,0.47,0.52,1
812,5,0.14,0.2,0.25,0.29,0.3,1
813,1,0.29,0.33,0.35,0.44,0.51,1
814,2,0.26,0.31,0.39,0.47,0.52,1
815,1,0.3,0.36,0.39,0.47,0.55,1
816,1,0.29,0.32,0.38,0.41,0.45,1
817,2,0.22,0.28,0.35,0.41,0.46,2
818,5,0.12,0.15,0.22,0.25,0.32,1
819,5,0.13,0.18,0.22,0.27,0.3,1
820,2,0.24,0.31,0.36,0.42,0.51,1
821,3,0.21,0.25,0.29,0.34,0.4,1
822,5,0.1,0.13,0.19,0.23,0.29,1
823,5,0.12,0.15,0.18,0.21,0.28,1
824,5,0.12,0.15,0.18,0.22,0.29,1
825,1,0.3,0.36,0.43,0.5,0.54,1
826,4,0.16,0.2,0.26,0.3,0.35,1
827,3,0.21,0.23,0.29,0.33,0.38,1
828,4,0.14,0.18,0.25,0.29,0.33,1
829,1,0.28,0.33,0.39,0.43,0.51,1
830,4,0.14,0.18,0.23,0.28,0.35,2
831,4,0.19,0.23,0.25,0.3,0.34,1
832,2,0.26,0.29,0.34,0.41,0.45,1
833,3,0.2,0.23,0.29,0.34,0.38,1
834,1,0.29,0.36,0.42,0.47,0.52,1
835,5,0.1,0.14,0.18,0.23,0.29,1
836,2,0.24,0.28,0.34,0.41,0.48,2
837,3,0.2,0.25,0.28,0.32,0.35,1
838,1,0.32,0.36,0.43,0.49,0.57,1
839,3,0.24,0.25,0.3,0.34,0.42,1
840,2,0.25,0.29,0.36,0.42,0.48,1
841,3,0.2,0.25,0.32,0.4,0.44,2
842,4,0.14,0.18,0.22,0.28,0.33,1
843,1,0.32,0.39,0.46,0.55,0.61,1
844,5,0.13,0.18,0.21,0.25,0.28,2
845,5,0.11,0.13,0.18,0.22,0.32,2
846,2,0.23,0.28,0.34,0.4,0.47,1
847,2,0.24,0.28,0.35,0.42,0.45,1
848,2,0.25,0.29,0.32,0.37,0.44,1
849,4,0.18,0.21,0.24,0.28,0.34,1
850,4,0.18,0.22,0.26,0.29,0.34,2
851,5,0.11,0.14,0.2,0.22,0.31,1
852,2,0.25,0.32,0.34,0.4,0.45,1
853,3,0.23,0.25,0.32,0.4,0.44,1
854,1,0.29,0.31,0.36,0.41,0.42,1
855,5,0.15,0.17,0.21,0.27,0.3,1
856,1,0.28,0.33,0.39,0.46,0.51,1
857,3,0.2,0.22,0.28,0.34,0.38,1
858,4,0.19,0.23,0.26,0.3,0.34,1
859,1,0.32,0.39,0.44,0.52,0.56,1
860,2,0.25,0.3,0.34,0.39,0.43,1
861,1,0.32,0.38,0.44,0.47,0.5,1
862,3,0.21,0.27,0.29,0.33,0.38,1
863,3,0.22,0.26,0.31,0.36,0.43,1
864,4,0.13,0.17,0.22,0.3,0.36,1
865,5,0.16,0.18,0.21,0.24,0.28,1
866,3,0.19,0.21,0.28,0.33,0.36,2
867,3,0.18,0.23,0.28,0.33,0.42,1
868,1,0.28,0.33,0.34,0.42,0.51,1
869,3,0.18,0.24,0.29,0.35,0.43,1
870,4,0.13,0.17,0.23,0.28,0.33,1
871,3,0.2,0.27,0.32,0.39,0.46,3
872,3,0.17,0.22,0.29,0.36,0.39,1
873,4,0.17,0.21,0.24,0.29,0.34,2
874,4,0.16,0.2,0.25,0.31,0.38,1
875,3,0.24,0.27,0.31,0.35,0.41,1
876,4,0.17,0.21,0.27,0.31,0.38,1
877,1,0.31,0.36,0.45,0.52,0.58,1
878,2,0.24,0.28,0.33,0.38,0.45,1
879,2,0.26,0.29,0.35,0.36,0.41,1
880,5,0.18,0.2,0.23,0.25,0.32,2
881,3,0.16,0.23,0.31,0.39,0.43,1
882,1,0.32,0.37,0.41,0.47,0.55,2
883,1,0.28,0.34,0.4,0.45,0.52,1
884,1,0.3,0.34,0.4,0.49,0.57,1
885,2,0.25,0.28,0.32,0.4,0.44,1
886,3,0.21,0.26,0.31,0.38,0.48,1
887,1,0.28,0.33,0.43,0.49,0.58,1
888,2,0.27,0.31,0.4,0.44,0.52,1
889,4,0.18,0.21,0.22,0.3,0.39,1
890,4,0.15,0.18,0.25,0.3,0.35,3
891,5,0.12,0.15,0.19,0.22,0.28,1
892,4,0.15,0.18,0.24,0.32,0.38,1
893,4,0.17,0.21,0.24,0.29,0.33,2
894,5,0.18,0.22,0.25,0.29,0.3,1
895,1,0.28,0.33,0.37,0.41,0.45,1
896,4,0.18,0.22,0.27,0.31,0.37,1
897,3,0.19,0.23,0.28,0.35,0.4,1
898,5,0.18,0.2,0.24,0.25,0.31,1
899,2,0.25,0.32,0.38,0.44,0.49,1
900,4,0.2,0.25,0.28,0.3,0.37,1
901,5,0.15,0.18,0.19,0.24,0.29,1
902,5,0.13,0.18,0.22,0.26,0.32,1
903,4,0.16,0.19,0.23,0.3,0.33,1
904,1,0.31,0.35,0.41,0.46,0.52,2
905,4,0.19,0.23,0.24,0.31,0.37,2
906,3,0.21,0.25,0.31,0.37,0.43,1
907,1,0.32,0.4,0.47,0.56,0.59,1
908,1,0.32,0.39,0.45,0.52,0.57,1
909,2,0.26,0.32,0.38,0.44,0.49,2
910,5,0.12,0.15,0.19,0.25,0.31,1
911,5,0.11,0.14,0.2,0.23,0.29,2
912,3,0.23,0.26,0.32,0.36,0.42,1
913,2,0.25,0.28,0.32,0.36,0.41,1
914,2,0.26,0.31,0.36,0.4,0.45,1
915,2,0.21,0.29,0.34,0.39,0.48,1
916,5,0.13,0.15,0.2,0.23,0.28,1
917,1,0.32,0.36,0.4,0.44,0.48,1
918,2,0.24,0.31,0.38,0.45,0.51,1
919,2,0.26,0.3,0.33,0.38,0.44,1
920,3,0.18,0.23,0.28,0.34,0.41,1
921,4,0.17,0.23,0.24,0.28,0.33,1
922,5,0.12,0.16,0.18,0.27,0.3,1
923,3,0.25,0.27,0.3,0.37,0.44,1
924,1,0.28,0.33,0.37,0.44,0.51,1
925,4,0.19,0.21,0.24,0.29,0.38,2
926,3,0.22,0.25,0.3,0.34,0.37,1
927,2,0.28,0.31,0.36,0.44,0.52,1
928,2,0.23,0.3,0.36,0.43,0.51,1
929,3,0.19,0.26,0.32,0.38,0.43,1
930,5,0.09,0.15,0.18,0.23,0.29,1
931,2,0.25,0.31,0.36,0.42,0.5,1
932,1,0.3,0.35,0.43,0.47,0.54,1
933,1,0.3,0.34,0.39,0.42,0.48,1
934,3,0.2,0.25,0.3,0.37,0.44,1
935,3,0.18,0.24,0.31,0.36,0.43,1
936,4,0.18,0.19,0.25,0.31,0.37,1
937,5,0.11,0.16,0.18,0.24,0.29,1
938,5,0.16,0.18,0.23,0.27,0.32,1
939,4,0.13,0.17,0.22,0.29,0.35,1
940,5,0.15,0.19,0.22,0.26,0.3,1
941,1,0.3,0.39,0.43,0.48,0.53,1
942,4,0.2,0.22,0.27,0.3,0.34,1
943,2,0.26,0.31,0.38,0.45,0.47,2
944,5,0.13,0.15,0.21,0.24,0.28,1
945,1,0.3,0.35,0.37,0.39,0.42,1
946,1,0.31,0.35,0.4,0.43,0.47,1
947,4,0.17,0.22,0.25,0.3,0.36,1
948,2,0.24,0.3,0.31,0.37,0.42,1
949,2,0.25,0.29,0.35,0.43,0.47,1
950,1,0.28,0.32,0.36,0.42,0.46,1
951,2,0.25,0.3,0.38,0.41,0.44,1
952,1,0.31,0.34,0.39,0.45,0.5,1
953,1,0.3,0.34,0.35,0.4,0.45,1
954,3,0.2,0.23,0.3,0.36,0.39,1
955,2,0.24,0.28,0.33,0.41,0.47,1
956,3,0.24,0.26,0.31,0.36,0.41,1
957,1,0.29,0.33,0.38,0.42,0.47,1
958,5,0.15,0.17,0.19,0.23,0.3,1
959,4,0.18,0.21,0.27,0.32,0.38,1
960,4,0.12,0.15,0.22,0.28,0.34,1
961,5,0.16,0.21,0.24,0.27,0.29,1
962,5,0.12,0.18,0.21,0.25,0.31,1
963,2,0.23,0.3,0.35,0.38,0.4,1
964,4,0.14,0.18,0.22,0.32,0.37,1
965,2,0.23,0.29,0.35,0.39,0.44,1
966,2,0.27,0.31,0.33,0.41,0.47,1
967,2,0.24,0.28,0.32,0.36,0.4,1
968,4,0.17,0.21,0.24,0.31,0.37,1
969,4,0.14,0.19,0.23,0.29,0.32,1
970,2,0.24,0.3,0.37,0.44,0.5,1
971,3,0.2,0.23,0.28,0.34,0.4,2
972,3,0.21,0.25,0.29,0.39,0.45,1
973,1,0.3,0.36,0.42,0.49,0.54,1
974,5,0.14,0.16,0.2,0.25,0.31,1
975,1,0.28,0.32,0.38,0.48,0.49,1
976,4,0.18,0.22,0.26,0.3,0.39,1
977,2,0.28,0.31,0.35,0.44,0.53,1
978,4,0.17,0.19,0.25,0.29,0.32,1
979,3,0.19,0.23,0.31,0.36,0.44,1
980,1,0.28,0.33,0.39,0.45,0.5,1
981,1,0.31,0.35,0.41,0.44,0.54,1
982,5,0.12,0.17,0.21,0.24,0.29,1
983,5,0.18,0.2,0.22,0.26,0.32,1
984,4,0.18,0.22,0.26,0.3,0.35,1
985,5,0.16,0.19,0.2,0.26,0.32,1
986,5,0.1,0.13,0.19,0.23,0.29,1
987,3,0.23,0.27,0.32,0.43,0.47,1
988,4,0.2,0.24,0.27,0.32,0.37,1
989,5,0.15,0.19,0.22,0.24,0.28,1
990,5,0.14,0.19,0.22,0.27,0.3,1
991,1,0.28,0.32,0.38,0.44,0.49,1
992,4,0.22,0.25,0.28,0.29,0.31,1
993,2,0.25,0.32,0.39,0.45,0.55,1
994,2,0.24,0.31,0.39,0.48,0.54,1
995,2,0.22,0.29,0.36,0.43,0.49,1
996,4,0.17,0.21,0.27,0.31,0.34,1
997,2,0.24,0.29,0.38,0.4,0.49,1
998,4,0.21,0.24,0.27,0.31,0.35,1
999,1,0.32,0.36,0.38,0.42,0.49,1
1000,1,0.29,0.36,0.43,0.48,0.54,1
1001,4,0.13,0.18,0.25,0.32,0.38,1
1002,2,0.24,0.28,0.32,0.38,0.45,1
1003,2,0.22,0.3,0.36,0.41,0.47,1
1004,5,0.16,0.19,0.22,0.27,0.31,1
1005,3,0.22,0.27,0.31,0.38,0.46,2
1006,3,0.19,0.23,0.28,0.34,0.4,1
1007,3,0.2,0.24,0.29,0.33,0.4,2
1008,4,0.14,0.19,0.27,0.31,0.38,1
1009,5,0.13,0.17,0.2,0.22,0.3,1
1010,5,0.12,0.15,0.2,0.24,0.28,1
1011,5,0.17,0.19,0.2,0.24,0.28,1
1012,3,0.19,0.23,0.28,0.35,0.39,1
1013,2,0.25,0.28,0.36,0.44,0.49,1
1014,3,0.19,0.25,0.3,0.36,0.41,1
1015,2,0.27,0.32,0.37,0.46,0.5,2
1016,2,0.21,0.29,0.38,0.44,0.5,1
1017,4,0.12,0.16,0.22,0.29,0.31,1
1018,5,0.17,0.2,0.22,0.24,0.28,1
1019,5,0.15,0.19,0.23,0.28,0.31,1
1020,3,0.16,0.21,0.28,0.33,0.38,1
1021,4,0.17,0.23,0.25,0.3,0.38,2
1022,1,0.29,0.34,0.39,0.42,0.49,1
1023,3,0.2,0.26,0.29,0.35,0.41,1
1024,5,0.14,0.17,0.21,0.22,0.29,1
1025,5,0.09,0.12,0.17,0.23,0.3,1
1026,1,0.28,0.32,0.39,0.46,0.54,1
1027,2,0.24,0.31,0.37,0.43,0.47,1
1028,1,0.31,0.37,0.42,0.49,0.51,1
1029,1,0.32,0.35,0.4,0.44,0.53,2
1030,3,0.22,0.24,0.28,0.35,0.4,2
1031,1,0.28,0.33,0.39,0.45,0.51,1
1032,5,0.14,0.15,0.21,0.26,0.29,1
1033,1,0.32,0.36,0.42,0.49,0.56,1
1034,3,0.22,0.27,0.31,0.37,0.4,1
1035,4,0.14,0.19,0.25,0.31,0.34,1
1036,1,0.31,0.35,0.39,0.45,0.49,1
1037,4,0.19,0.24,0.26,0.31,0.33,2
1038,3,0.19,0.24,0.28,0.34,0.41,1
1039,1,0.3,0.36,0.39,0.44,0.53,1
1040,2,0.23,0.32,0.38,0.48,0.58,1
1041,4,0.2,0.22,0.26,0.32,0.39,1
1042,3,0.24,0.26,0.32,0.37,0.46,1
1043,3,0.22,0.25,0.29,0.33,0.39,1
1044,1,0.31,0.37,0.41,0.47,0.55,1
1045,3,0.19,0.22,0.28,0.34,0.39,2
1046,3,0.17,0.22,0.28,0.32,0.36,1
1047,3,0.2,0.24,0.29,0.35,0.43,1
1048,2,0.24,0.28,0.34,0.37,0.43,1
1049,2,0.23,0.28,0.34,0.42,0.53,1
1050,5,0.14,0.19,0.22,0.28,0.31,1
1051,4,0.15,0.19,0.23,0.3,0.37,1
1052,4,0.16,0.2,0.24,0.29,0.32,1
1053,2,0.26,0.3,0.36,0.43,0.48,1
1054,2,0.23,0.28,0.34,0.39,0.42,1
1055,4,0.17,0.21,0.24,0.28,0.32,1
1056,3,0.24,0.26,0.31,0.32,0.41,1
1057,2,0.25,0.3,0.36,0.43,0.49,1
1058,2,0.26,0.3,0.33,0.35,0.39,1
1059,4,0.21,0.23,0.27,0.32,0.4,1
1060,5,0.09,0.12,0.18,0.21,0.28,1
1061,5,0.11,0.14,0.2,0.23,0.29,1
1062,1,0.28,0.32,0.38,0.45,0.49,1
1063,3,0.2,0.24,0.29,0.33,0.38,1
1064,4,0.21,0.24,0.28,0.3,0.36,1
1065,5,0.14,0.19,0.21,0.26,0.29,1
1066,1,0.3,0.36,0.4,0.42,0.5,1
1067,3,0.2,0.25,0.31,0.37,0.41,1
1068,2,0.27,0.32,0.37,0.41,0.45,1
1069,5,0.13,0.16,0.2,0.24,0.3,1
1070,5,0.13,0.16,0.19,0.26,0.3,1
1071,3,0.17,0.21,0.28,0.32,0.38,1
1072,5,0.12,0.17,0.19,0.26,0.32,1
1073,5,0.13,0.15,0.19,0.22,0.29,1
1074,2,0.25,0.29,0.33,0.41,0.48,1
1075,1,0.32,0.39,0.49,0.52,0.59,1
1076,4,0.17,0.21,0.25,0.3,0.32,1
1077,4,0.17,0.22,0.27,0.32,0.37,1
1078,2,0.23,0.3,0.34,0.4,0.41,1
1079,3,0.22,0.27,0.29,0.34,0.38,1
1080,2,0.24,0.28,0.36,0.41,0.45,1
1081,4,0.17,0.23,0.26,0.32,0.36,2
1082,2,0.27,0.32,0.37,0.4,0.42,1
1083,2,0.25,0.3,0.33,0.41,0.45,1
1084,2,0.25,0.28,0.34,0.4,0.45,1
1085,3,0.22,0.24,0.3,0.33,0.37,1
1086,1,0.29,0.34,0.4,0.44,0.5,1
1087,2,0.26,0.29,0.35,0.41,0.45,1
1088,5,0.11,0.13,0.18,0.23,0.29,1
1089,3,0.24,0.26,0.3,0.35,0.39,1
1090,3,0.2,0.24,0.29,0.33,0.38,1
1091,4,0.16,0.18,0.23,0.28,0.35,1
1092,3,0.22,0.24,0.29,0.31,0.36,1
1093,2,0.27,0.32,0.36,0.43,0.45,1
1094,3,0.17,0.23,0.29,0.35,0.41,1
1095,3,0.21,0.27,0.28,0.34,0.41,1
1096,2,0.26,0.31,0.38,0.41,0.45,2
1097,3,0.2,0.27,0.29,0.36,0.42,1
1098,5,0.14,0.17,0.19,0.22,0.29,1
1099,4,0.16,0.22,0.28,0.31,0.35,2
1100,2,0.28,0.3,0.36,0.41,0.46,2
1101,4,0.15,0.21,0.24,0.29,0.33,1
1102,3,0.18,0.24,0.3,0.33,0.35,1
1103,3,0.22,0.26,0.3,0.35,0.41,1
1104,2,0.26,0.29,0.35,0.42,0.47,1
1105,1,0.31,0.38,0.42,0.47,0.51,1
1106,4,0.16,0.21,0.26,0.28,0.33,1
1107,2,0.25,0.29,0.35,0.38,0.42,1
1108,3,0.18,0.23,0.28,0.32,0.35,1
1109,1,0.31,0.37,0.39,0.42,0.47,1
1110,5,0.11,0.14,0.18,0.22,0.28,1
1111,5,0.12,0.14,0.17,0.21,0.29,1
1112,2,0.25,0.31,0.35,0.42,0.49,1
1113,5,0.08,0.14,0.17,0.21,0.29,2
1114,5,0.12,0.18,0.21,0.27,0.29,1
1115,3,0.19,0.25,0.29,0.33,0.38,1
1116,2,0.23,0.29,0.33,0.37,0.39,1
1117,5,0.11,0.13,0.18,0.23,0.28,1
1118,2,0.29,0.3,0.35,0.41,0.47,1
1119,5,0.11,0.15,0.19,0.25,0.32,1
1120,3,0.23,0.25,0.3,0.35,0.4,1
1121,4,0.19,0.22,0.26,0.3,0.38,1
1122,5,0.16,0.19,0.24,0.26,0.31,1
1123,2,0.25,0.29,0.38,0.43,0.47,1
1124,1,0.32,0.37,0.43,0.47,0.51,1
1125,2,0.22,0.3,0.33,0.37,0.42,1
1126,1,0.32,0.36,0.42,0.46,0.53,1
1127,1,0.3,0.31,0.34,0.41,0.46,1
1128,3,0.2,0.24,0.3,0.34,0.41,1
1129,1,0.32,0.37,0.4,0.45,0.48,1
1130,3,0.21,0.23,0.29,0.31,0.37,1
1131,3,0.22,0.28,0.31,0.38,0.44,1
1132,3,0.24,0.26,0.29,0.35,0.37,1
1133,2,0.25,0.3,0.35,0.41,0.42,1
1134,3,0.2,0.23,0.3,0.31,0.36,1
1135,3,0.22,0.26,0.3,0.35,0.4,1
1136,3,0.19,0.24,0.3,0.36,0.39,1
1137,5,0.12,0.15,0.19,0.23,0.3,1
1138,5,0.14,0.19,0.24,0.27,0.32,1
1139,2,0.25,0.31,0.36,0.4,0.47,1
1140,4,0.14,0.18,0.24,0.29,0.35,1
1141,2,0.26,0.31,0.35,0.39,0.45,1
1142,3,0.17,0.22,0.28,0.33,0.38,1
1143,1,0.3,0.36,0.4,0.45,0.49,1
1144,5,0.15,0.18,0.24,0.26,0.3,1
1145,1,0.3,0.33,0.39,0.44,0.5,1
1146,1,0.32,0.39,0.45,0.47,0.49,1
1147,5,0.12,0.16,0.2,0.26,0.29,1
1148,3,0.18,0.25,0.3,0.34,0.41,1
1149,2,0.26,0.3,0.32,0.38,0.43,1
1150,1,0.29,0.33,0.4,0.45,0.52,1
1151,2,0.26,0.31,0.37,0.44,0.47,1
1152,5,0.15,0.2,0.24,0.26,0.3,1
1153,3,0.22,0.25,0.31,0.35,0.42,2
1154,3,0.21,0.25,0.28,0.34,0.39,1
1155,2,0.28,0.3,0.33,0.41,0.5,1
1156,4,0.15,0.19,0.24,0.31,0.36,1
1157,4,0.16,0.19,0.25,0.31,0.37,1
1158,3,0.2,0.25,0.3,0.38,0.42,1
1159,5,0.13,0.15,0.18,0.22,0.29,2
1160,1,0.28,0.34,0.4,0.45,0.5,1
1161,3,0.24,0.27,0.3,0.33,0.4,1
1162,4,0.19,0.24,0.28,0.31,0.37,1
1163,4,0.14,0.17,0.22,0.3,0.32,1
1164,2,0.28,0.31,0.33,0.35,0.39,1
1165,5,0.1,0.15,0.21,0.24,0.3,1
1166,4,0.21,0.24,0.26,0.32,0.35,1
1167,5,0.13,0.17,0.22,0.26,0.31,1
1168,1,0.29,0.32,0.35,0.38,0.44,1
1169,5,0.14,0.17,0.21,0.25,0.31,1
1170,5,0.13,0.17,0.2,0.24,0.28,1
1171,3,0.18,0.23,0.3,0.36,0.43,1
1172,5,0.11,0.14,0.19,0.25,0.29,1
1173,2,0.26,0.28,0.33,0.38,0.42,2
1174,4,0.19,0.21,0.27,0.31,0.36,1
1175,3,0.18,0.24,0.29,0.37,0.44,1
1176,3,0.22,0.25,0.3,0.36,0.41,1
1177,1,0.31,0.35,0.44,0.5,0.57,1
1178,5,0.11,0.14,0.19,0.22,0.28,2
1179,1,0.29,0.34,0.4,0.48,0.53,1
1180,4,0.14,0.19,0.25,0.3,0.34,1
1181,3,0.2,0.26,0.31,0.36,0.41,1
1182,5,0.1,0.13,0.16,0.2,0.28,1
1183,3,0.21,0.25,0.29,0.35,0.4,1
1184,5,0.18,0.2,0.26,0.27,0.31,1
1185,5,0.15,0.2,0.23,0.26,0.3,1
1186,4,0.17,0.2,0.23,0.28,0.33,1
1187,3,0.19,0.26,0.3,0.38,0.43,2
1188,4,0.17,0.21,0.26,0.32,0.39,1
1189,1,0.3,0.33,0.4,0.47,0.56,1
1190,2,0.27,0.28,0.33,0.4,0.47,1
1191,2,0.25,0.31,0.35,0.4,0.47,1
1192,1,0.32,0.37,0.46,0.5,0.56,1
1193,3,0.19,0.24,0.3,0.39,0.43,2
1194,2,0.28,0.31,0.37,0.44,0.5,1
1195,2,0.18,0.28,0.34,0.41,0.45,1
1196,2,0.23,0.28,0.32,0.36,0.41,1
1197,1,0.29,0.33,0.4,0.46,0.52,1
1198,3,0.21,0.25,0.3,0.33,0.38,1
1199,5,0.12,0.16,0.2,0.23,0.29,1
1200,3,0.22,0.25,0.29,0.31,0.36,1
1201,4,0.19,0.23,0.27,0.31,0.35,1
1202,1,0.29,0.36,0.45,0.52,0.59,1
1203,1,0.28,0.33,0.35,0.41,0.48,1
1204,3,0.2,0.24,0.29,0.32,0.36,1
1205,4,0.16,0.2,0.23,0.28,0.35,1
1206,1,0.28,0.33,0.4,0.43,0.49,1
1207,4,0.17,0.23,0.24,0.28,0.34,1
1208,5,0.13,0.18,0.21,0.25,0.32,1
1209,4,0.14,0.19,0.23,0.28,0.34,1
1210,1,0.29,0.37,0.43,0.48,0.54,1
1211,1,0.3,0.35,0.45,0.51,0.56,1
1212,1,0.31,0.35,0.39,0.43,0.47,1
1213,3,0.19,0.23,0.29,0.35,0.42,1
1214,2,0.23,0.28,0.34,0.39,0.44,1
1215,5,0.14,0.17,0.23,0.27,0.32,2
1216,1,0.32,0.37,0.41,0.44,0.5,1
1217,2,0.25,0.31,0.34,0.39,0.46,1
1218,2,0.25,0.32,0.38,0.45,0.5,2
1219,3,0.21,0.25,0.31,0.37,0.45,1
1220,3,0.22,0.27,0.3,0.35,0.42,1
1221,5,0.11,0.14,0.18,0.22,0.29,1
1222,2,0.28,0.31,0.39,0.42,0.48,1
1223,4,0.16,0.2,0.27,0.32,0.39,2
1224,3,0.22,0.25,0.29,0.35,0.42,1
1225,1,0.3,0.37,0.45,0.53,0.58,1
1226,4,0.14,0.18,0.24,0.29,0.35,1
1227,2,0.26,0.31,0.35,0.45,0.53,1
1228,1,0.29,0.32,0.36,0.4,0.46,1
1229,2,0.24,0.28,0.33,0.34,0.36,1
1230,3,0.25,0.27,0.32,0.36,0.43,1
1231,3,0.18,0.21,0.28,0.35,0.4,1
1232,3,0.22,0.25,0.31,0.35,0.4,1
1233,2,0.22,0.28,0.32,0.37,0.44,1
1234,3,0.22,0.25,0.28,0.36,0.39,1
1235,3,0.18,0.23,0.29,0.33,0.36,1
1236,1,0.28,0.33,0.38,0.42,0.45,1
1237,2,0.28,0.3,0.32,0.38,0.42,1
1238,5,0.13,0.17,0.2,0.25,0.31,2
1239,3,0.19,0.25,0.3,0.37,0.41,1
1240,3,0.21,0.25,0.32,0.36,0.41,1
1241,2,0.26,0.3,0.35,0.41,0.49,2
1242,4,0.16,0.19,0.23,0.3,0.35,1
1243,3,0.24,0.27,0.32,0.38,0.44,1
1244,3,0.23,0.26,0.3,0.36,0.45,2
1245,4,0.15,0.21,0.27,0.32,0.39,1
1246,4,0.18,0.19,0.23,0.29,0.32,1
1247,5,0.15,0.18,0.23,0.25,0.3,1
1248,1,0.32,0.35,0.4,0.43,0.5,1
1249,3,0.2,0.23,0.31,0.37,0.41,2
1250,2,0.24,0.29,0.37,0.45,0.5,1
1251,1,0.29,0.35,0.4,0.43,0.5,1
1252,5,0.16,0.18,0.22,0.27,0.3,1
1253,1,0.29,0.35,0.42,0.48,0.53,1
1254,5,0.11,0.13,0.18,0.22,0.31,2
1255,3,0.24,0.26,0.3,0.36,0.4,1
1256,4,0.15,0.21,0.24,0.28,0.32,2
1257,1,0.32,0.38,0.42,0.48,0.53,1
1258,2,0.26,0.32,0.39,0.44,0.51,1
1259,2,0.26,0.32,0.39,0.4,0.46,1
1260,4,0.19,0.24,0.25,0.3,0.33,2
1261,1,0.29,0.37,0.41,0.48,0.57,1
1262,3,0.21,0.27,0.3,0.35,0.39,1
1263,2,0.25,0.28,0.32,0.36,0.44,1
1264,4,0.16,0.18,0.22,0.3,0.35,1
1265,4,0.16,0.2,0.25,0.29,0.35,1
1266,3,0.19,0.26,0.32,0.4,0.49,1
1267,2,0.25,0.29,0.31,0.39,0.43,1
1268,3,0.23,0.25,0.3,0.37,0.41,1
1269,4,0.15,0.21,0.27,0.31,0.4,1
1270,3,0.2,0.24,0.29,0.34,0.43,1
1271,5,0.17,0.19,0.23,0.25,0.29,1
1272,4,0.19,0.24,0.26,0.29,0.34,1
1273,1,0.29,0.32,0.39,0.44,0.51,1
1274,3,0.2,0.26,0.3,0.37,0.42,3
1275,4,0.13,0.17,0.22,0.29,0.36,1
1276,1,0.3,0.37,0.4,0.48,0.52,1
1277,5,0.12,0.16,0.2,0.26,0.3,1
1278,4,0.19,0.23,0.26,0.3,0.35,1
1279,5,0.13,0.15,0.2,0.26,0.31,1
1280,1,0.32,0.36,0.42,0.46,0.5,1
1281,1,0.28,0.35,0.44,0.52,0.58,1
1282,5,0.14,0.15,0.19,0.23,0.3,1
1283,3,0.18,0.22,0.28,0.35,0.39,1
1284,4,0.2,0.22,0.25,0.29,0.33,2
1285,4,0.16,0.2,0.25,0.32,0.38,1
1286,3,0.22,0.26,0.3,0.36,0.43,1
1287,1,0.32,0.38,0.43,0.52,0.55,1
1288,2,0.23,0.28,0.35,0.41,0.46,1
1289,1,0.32,0.39,0.46,0.52,0.58,1
1290,1,0.3,0.35,0.42,0.47,0.53,1
1291,5,0.14,0.15,0.19,0.26,0.31,1
1292,3,0.19,0.25,0.28,0.33,0.37,1
1293,5,0.13,0.16,0.21,0.25,0.32,1
1294,4,0.15,0.19,0.25,0.29,0.33,1
1295,5,0.15,0.2,0.22,0.26,0.31,1
1296,2,0.22,0.28,0.33,0.36,0.44,2
1297,2,0.25,0.3,0.33,0.42,0.46,1
1298,4,0.18,0.21,0.26,0.32,0.38,1
1299,5,0.14,0.16,0.19,0.22,0.28,1
1300,5,0.11,0.14,0.17,0.23,0.29,1
1301,1,0.29,0.33,0.38,0.43,0.49,1
1302,3,0.19,0.24,0.29,0.36,0.43,1
1303,3,0.23,0.27,0.32,0.37,0.45,2
1304,5,0.15,0.19,0.21,0.24,0.29,1
1305,4,0.17,0.2,0.26,0.32,0.36,1
1306,5,0.14,0.17,0.2,0.23,0.28,2
1307,4,0.17,0.2,0.27,0.32,0.4,1
1308,3,0.23,0.25,0.31,0.37,0.44,2
1309,1,0.29,0.34,0.39,0.43,0.51,1
1310,4,0.21,0.22,0.26,0.29,0.34,1
1311,5,0.1,0.13,0.15,0.21,0.29,1
1312,4,0.15,0.21,0.25,0.31,0.35,1
1313,3,0.21,0.28,0.31,0.36,0.45,1
1314,5,0.1,0.14,0.18,0.23,0.28,1
1315,5,0.14,0.18,0.24,0.29,0.3,1
1316,5,0.12,0.16,0.19,0.24,0.28,2
1317,3,0.2,0.24,0.29,0.35,0.38,1
1318,5,0.1,0.12,0.16,0.21,0.28,1
1319,2,0.26,0.3,0.34,0.4,0.44,2
1320,1,0.3,0.35,0.4,0.49,0.54,1
1321,5,0.11,0.15,0.18,0.24,0.3,1
1322,4,0.17,0.19,0.21,0.29,0.34,1
1323,2,0.27,0.29,0.35,0.42,0.46,1
1324,1,0.3,0.37,0.46,0.49,0.54,1
1325,1,0.31,0.37,0.44,0.48,0.54,2
1326,1,0.31,0.35,0.41,0.5,0.57,1
1327,5,0.14,0.16,0.2,0.25,0.28,1
1328,4,0.18,0.23,0.26,0.32,0.38,1
1329,3,0.23,0.27,0.31,0.38,0.42,1
1330,1,0.32,0.38,0.41,0.46,0.49,1
1331,5,0.16,0.19,0.22,0.28,0.31,1
1332,5,0.19,0.2,0.24,0.27,0.32,1
1333,3,0.21,0.28,0.31,0.37,0.41,1
1334,3,0.16,0.22,0.28,0.33,0.39,1
1335,4,0.13,0.17,0.24,0.3,0.36,1
1336,3,0.19,0.26,0.3,0.33,0.39,1
1337,2,0.24,0.3,0.34,0.4,0.46,1
1338,3,0.18,0.25,0.3,0.37,0.42,1
1339,2,0.22,0.28,0.32,0.37,0.42,1
1340,4,0.13,0.17,0.21,0.28,0.34,1
1341,4,0.18,0.22,0.26,0.3,0.33,1
1342,4,0.18,0.21,0.25,0.31,0.34,1
1343,3,0.19,0.22,0.29,0.36,0.45,1
1344,3,0.21,0.24,0.29,0.35,0.41,1
1345,3,0.2,0.26,0.3,0.34,0.38,1
1346,1,0.28,0.36,0.4,0.43,0.5,1
1347,3,0.21,0.25,0.28,0.33,0.35,1
1348,1,0.31,0.34,0.36,0.41,0.44,1
1349,4,0.13,0.2,0.22,0.3,0.36,1
1350,4,0.16,0.2,0.25,0.29,0.34,1
1351,2,0.24,0.3,0.37,0.41,0.45,1
1352,3,0.2,0.26,0.3,0.34,0.38,1
1353,1,0.32,0.38,0.42,0.47,0.5,1
1354,5,0.12,0.14,0.18,0.23,0.28,1
1355,5,0.15,0.18,0.22,0.25,0.3,1
1356,1,0.3,0.36,0.42,0.48,0.54,1
1357,2,0.25,0.28,0.33,0.39,0.45,1
1358,5,0.13,0.16,0.19,0.23,0.28,1
1359,2,0.25,0.3,0.34,0.4,0.47,1
1360,2,0.24,0.29,0.31,0.36,0.4,2
1361,4,0.16,0.18,0.24,0.31,0.36,1
1362,4,0.25,0.26,0.28,0.31,0.38,1
1363,3,0.19,0.26,0.32,0.4,0.48,2
1364,5,0.14,0.17,0.21,0.27,0.32,1
1365,2,0.27,0.32,0.37,0.39,0.45,3
1366,2,0.27,0.31,0.37,0.4,0.43,1
1367,3,0.19,0.23,0.3,0.35,0.37,1
1368,1,0.32,0.38,0.43,0.51,0.55,1
1369,5,0.17,0.19,0.22,0.26,0.3,1
1370,3,0.2,0.25,0.31,0.35,0.43,1
1371,4,0.19,0.21,0.25,0.29,0.33,1
1372,4,0.12,0.17,0.23,0.28,0.34,1
1373,1,0.31,0.35,0.42,0.47,0.53,1
1374,5,0.12,0.14,0.19,0.21,0.28,1
1375,1,0.32,0.38,0.45,0.51,0.57,1
1376,4,0.2,0.24,0.26,0.32,0.39,1
1377,1,0.32,0.38,0.43,0.49,0.55,1
1378,5,0.17,0.2,0.24,0.27,0.29,1
1379,1,0.28,0.35,0.4,0.46,0.5,1
1380,5,0.12,0.13,0.18,0.24,0.31,1
1381,5,0.15,0.2,0.22,0.25,0.28,1
1382,5,0.14,0.17,0.22,0.25,0.29,1
1383,4,0.17,0.2,0.24,0.3,0.34,1
1384,4,0.19,0.24,0.26,0.31,0.36,1
1385,1,0.3,0.34,0.41,0.44,0.48,1
1386,5,0.15,0.19,0.23,0.26,0.31,2
1387,3,0.21,0.25,0.29,0.32,0.37,2
1388,4,0.2,0.23,0.28,0.3,0.35,1
1389,1,0.3,0.39,0.41,0.45,0.5,2
1390,1,0.3,0.32,0.35,0.38,0.4,1
1391,5,0.18,0.2,0.25,0.28,0.3,1
1392,4,0.16,0.2,0.25,0.32,0.39,2
1393,4,0.17,0.22,0.26,0.32,0.37,1
1394,5,0.13,0.18,0.22,0.24,0.28,1
1395,3,0.22,0.26,0.29,0.33,0.42,1
1396,3,0.21,0.26,0.31,0.37,0.4,1
1397,1,0.3,0.33,0.39,0.44,0.51,1
1398,2,0.24,0.31,0.35,0.37,0.42,1
1399,3,0.19,0.25,0.31,0.37,0.43,1
1400,3,0.21,0.26,0.32,0.33,0.38,1
1401,5,0.13,0.17,0.2,0.23,0.28,1
1402,5,0.12,0.15,0.19,0.24,0.29,1
1403,2,0.25,0.3,0.34,0.43,0.46,1
1404,5,0.13,0.16,0.2,0.25,0.32,1
1405,1,0.32,0.38,0.44,0.46,0.53,1
1406,5,0.13,0.16,0.21,0.25,0.29,1
1407,5,0.15,0.18,0.19,0.26,0.32,1
1408,4,0.18,0.22,0.26,0.32,0.38,1
1409,3,0.19,0.23,0.3,0.35,0.39,2
1410,2,0.25,0.29,0.32,0.37,0.42,2
1411,2,0.24,0.32,0.38,0.46,0.52,1
1412,3,0.18,0.23,0.3,0.31,0.37,1
1413,4,0.2,0.23,0.26,0.3,0.32,1
1414,5,0.13,0.16,0.21,0.24,0.32,2
1415,2,0.26,0.3,0.33,0.37,0.43,1
1416,2,0.27,0.31,0.36,0.39,0.45,1
1417,5,0.12,0.15,0.2,0.21,0.29,1
1418,2,0.23,0.29,0.34,0.37,0.46,1
1419,5,0.15,0.18,0.23,0.26,0.31,1
1420,3,0.24,0.25,0.31,0.37,0.42,1
1421,3,0.2,0.25,0.31,0.38,0.44,1
1422,5,0.14,0.18,0.23,0.28,0.31,1
1423,2,0.23,0.29,0.35,0.37,0.46,1
1424,1,0.28,0.34,0.37,0.45,0.53,1
1425,1,0.32,0.36,0.43,0.5,0.53,1
1426,2,0.26,0.29,0.34,0.38,0.43,1
1427,2,0.23,0.31,0.36,0.4,0.42,1
1428,1,0.28,0.35,0.39,0.46,0.53,1
1429,1,0.29,0.31,0.36,0.43,0.49,1
1430,3,0.22,0.26,0.28,0.33,0.39,2
1431,4,0.15,0.19,0.2,0.28,0.35,1
1432,5,0.14,0.16,0.19,0.23,0.29,1
1433,2,0.22,0.29,0.35,0.4,0.45,1
1434,4,0.14,0.19,0.26,0.29,0.33,1
1435,5,0.14,0.18,0.21,0.27,0.31,1
1436,2,0.22,0.28,0.35,0.38,0.42,1
1437,1,0.29,0.37,0.42,0.51,0.59,1
1438,4,0.19,0.21,0.26,0.31,0.36,1
1439,5,0.14,0.17,0.21,0.27,0.32,2
1440,4,0.16,0.19,0.25,0.3,0.35,1
1441,3,0.23,0.27,0.32,0.39,0.44,1
1442,2,0.24,0.28,0.34,0.37,0.43,1
1443,3,0.2,0.23,0.29,0.33,0.42,2
1444,2,0.22,0.3,0.35,0.44,0.48,2
1445,4,0.2,0.22,0.26,0.32,0.35,2
1446,1,0.28,0.32,0.39,0.45,0.49,1
1447,4,0.18,0.21,0.24,0.3,0.37,2
1448,2,0.23,0.29,0.34,0.36,0.37,1
1449,3,0.2,0.24,0.31,0.35,0.43,1
1450,1,0.31,0.37,0.47,0.54,0.56,1
1451,4,0.15,0.18,0.24,0.29,0.35,1
1452,1,0.32,0.36,0.48,0.56,0.63,1
1453,5,0.11,0.14,0.18,0.23,0.28,1
1454,1,0.3,0.35,0.38,0.42,0.5,1
1455,2,0.23,0.28,0.33,0.36,0.39,1
1456,4,0.16,0.2,0.23,0.28,0.32,1
1457,4,0.2,0.23,0.25,0.29,0.38,1
1458,5,0.17,0.21,0.24,0.26,0.32,1
1459,1,0.3,0.35,0.4,0.43,0.49,1
1460,4,0.16,0.21,0.27,0.32,0.37,1
1461,3,0.2,0.26,0.3,0.37,0.44,1
1462,3,0.2,0.24,0.31,0.34,0.39,1
1463,1,0.28,0.35,0.4,0.48,0.52,1
1464,5,0.12,0.18,0.19,0.26,0.29,1
1465,4,0.16,0.21,0.26,0.28,0.35,1
1466,5,0.16,0.21,0.23,0.26,0.31,1
1467,4,0.16,0.19,0.24,0.3,0.32,1
1468,2,0.26,0.32,0.35,0.41,0.47,1
1469,4,0.18,0.22,0.27,0.31,0.37,1
1470,5,0.12,0.17,0.22,0.25,0.31,1
1471,1,0.29,0.37,0.42,0.49,0.56,1
1472,2,0.27,0.31,0.37,0.41,0.49,1
1473,5,0.14,0.18,0.21,0.26,0.32,3
1474,2,0.25,0.3,0.36,0.44,0.51,1
1475,1,0.3,0.37,0.45,0.5,0.55,1
1476,2,0.26,0.32,0.38,0.42,0.49,1
1477,5,0.11,0.14,0.16,0.19,0.28,1
1478,3,0.23,0.27,0.3,0.38,0.47,1
1479,2,0.25,0.29,0.32,0.38,0.44,1
1480,5,0.14,0.17,0.21,0.26,0.32,2
1481,1,0.3,0.36,0.39,0.48,0.55,1
1482,5,0.15,0.2,0.24,0.25,0.29,1
1483,1,0.28,0.33,0.39,0.44,0.54,1
1484,2,0.25,0.29,0.31,0.38,0.46,1
1485,4,0.16,0.18,0.23,0.3,0.38,1
1486,3,0.21,0.24,0.3,0.38,0.43,1
1487,3,0.17,0.22,0.3,0.33,0.34,1
1488,3,0.22,0.28,0.31,0.37,0.42,2
1489,3,0.17,0.23,0.3,0.37,0.42,1
1490,5,0.11,0.14,0.2,0.25,0.28,2
1491,2,0.25,0.31,0.36,0.42,0.45,1
1492,4,0.19,0.21,0.27,0.29,0.32,1
1493,5,0.12,0.13,0.17,0.24,0.29,1
1494,3,0.21,0.27,0.32,0.37,0.42,1
1495,1,0.31,0.37,0.42,0.46,0.51,1
1496,1,0.31,0.37,0.42,0.52,0.58,1
1497,3,0.23,0.26,0.32,0.37,0.42,1
1498,3,0.2,0.25,0.3,0.34,0.4,1
1499,4,0.2,0.24,0.26,0.31,0.37,1
1500,1,0.32,0.37,0.45,0.49,0.54,1
1501,3,0.2,0.24,0.31,0.37,0.43,1
1502,2,0.24,0.29,0.33,0.41,0.45,1
1503,5,0.12,0.14,0.17,0.22,0.31,1
1504,2,0.26,0.3,0.36,0.42,0.46,3
1505,2,0.26,0.29,0.34,0.39,0.43,1
1506,2,0.24,0.3,0.35,0.41,0.45,1
1507,1,0.31,0.38,0.43,0.48,0.53,1
1508,3,0.21,0.23,0.29,0.33,0.39,1
1509,3,0.21,0.24,0.31,0.36,0.41,1
1510,4,0.2,0.24,0.27,0.31,0.36,1
1511,5,0.14,0.16,0.21,0.24,0.28,1
1512,3,0.19,0.22,0.3,0.33,0.36,2
1513,3,0.2,0.25,0.3,0.33,0.37,1
1514,3,0.21,0.25,0.29,0.33,0.34,1
1515,1,0.3,0.34,0.37,0.44,0.48,1
1516,4,0.21,0.24,0.27,0.31,0.36,1
1517,4,0.14,0.2,0.24,0.28,0.35,1
1518,1,0.32,0.4,0.41,0.46,0.51,1
1519,3,0.17,0.25,0.3,0.32,0.35,1
1520,1,0.3,0.36,0.42,0.48,0.51,1
1521,2,0.22,0.28,0.35,0.4,0.46,1
1522,3,0.18,0.21,0.28,0.33,0.37,1
1523,3,0.21,0.27,0.31,0.39,0.47,1
1524,1,0.32,0.35,0.41,0.45,0.5,1
1525,5,0.13,0.14,0.18,0.21,0.28,1
1526,2,0.23,0.3,0.35,0.42,0.49,1
1527,1,0.29,0.34,0.36,0.42,0.47,1
1528,1,0.31,0.37,0.44,0.5,0.53,1
1529,5,0.17,0.19,0.22,0.27,0.32,1
1530,5,0.14,0.17,0.22,0.23,0.29,1
1531,4,0.15,0.18,0.24,0.31,0.37,1
1532,4,0.13,0.19,0.24,0.3,0.32,1
1533,3,0.2,0.26,0.3,0.37,0.41,1
1534,3,0.22,0.26,0.29,0.33,0.38,1
1535,3,0.19,0.23,0.28,0.33,0.38,1
1536,4,0.17,0.22,0.26,0.31,0.34,1
1537,5,0.12,0.16,0.21,0.24,0.28,1
1538,2,0.25,0.29,0.38,0.43,0.49,1
1539,4,0.14,0.19,0.25,0.3,0.34,1
1540,5,0.16,0.21,0.22,0.24,0.29,1
1541,1,0.28,0.33,0.37,0.43,0.47,1
1542,3,0.23,0.28,0.31,0.36,0.4,1
1543,3,0.19,0.23,0.3,0.37,0.4,1
1544,5,0.13,0.17,0.19,0.22,0.29,1
1545,3,0.18,0.24,0.3,0.38,0.42,1
1546,5,0.15,0.17,0.21,0.25,0.32,1
1547,5,0.14,0.17,0.21,0.26,0.28,1
1548,3,0.2,0.24,0.3,0.33,0.39,4
1549,4,0.17,0.21,0.26,0.31,0.38,1
1550,2,0.22,0.28,0.32,0.35,0.42,1
1551,5,0.16,0.19,0.24,0.26,0.32,1
1552,3,0.2,0.24,0.29,0.33,0.39,2
1553,3,0.2,0.25,0.31,0.38,0.45,1
1554,1,0.31,0.35,0.44,0.49,0.53,1
1555,4,0.17,0.2,0.26,0.29,0.32,1
1556,2,0.26,0.31,0.35,0.41,0.44,1
1557,2,0.23,0.29,0.39,0.42,0.46,1
1558,3,0.21,0.23,0.28,0.35,0.38,1
1559,3,0.21,0.26,0.32,0.38,0.42,1
1560,4,0.18,0.21,0.25,0.28,0.34,1
1561,5,0.12,0.15,0.18,0.24,0.28,1
1562,4,0.18,0.21,0.27,0.31,0.35,1
1563,1,0.3,0.37,0.42,0.45,0.51,1
1564,4,0.14,0.18,0.23,0.3,0.34,1
1565,2,0.25,0.29,0.33,0.37,0.45,1
1566,5,0.13,0.16,0.2,0.25,0.29,1
1567,2,0.23,0.3,0.38,0.45,0.48,1
1568,2,0.23,0.29,0.35,0.4,0.45,1
1569,2,0.25,0.3,0.39,0.42,0.47,2
1570,5,0.09,0.12,0.17,0.21,0.28,1
1571,3,0.22,0.27,0.31,0.32,0.37,1
1572,1,0.3,0.37,0.46,0.54,0.6,1
1573,4,0.16,0.21,0.25,0.3,0.33,1
1574,4,0.18,0.22,0.27,0.29,0.37,1
1575,3,0.19,0.25,0.3,0.34,0.37,1
1576,4,0.15,0.18,0.25,0.28,0.36,1
1577,3,0.22,0.26,0.28,0.32,0.38,1
1578,3,0.18,0.24,0.3,0.36,0.39,1
1579,1,0.28,0.34,0.4,0.45,0.52,1
1580,3,0.18,0.26,0.31,0.35,0.4,1
1581,2,0.25,0.31,0.36,0.41,0.51,1
1582,4,0.18,0.22,0.26,0.3,0.34,2
1583,3,0.19,0.24,0.28,0.35,0.41,1
1584,1,0.29,0.37,0.42,0.49,0.56,1
1585,3,0.24,0.27,0.31,0.33,0.38,1
1586,3,0.24,0.28,0.3,0.36,0.4,1
1587,2,0.25,0.29,0.33,0.39,0.43,1
1588,2,0.27,0.32,0.37,0.39,0.47,1
1589,3,0.17,0.23,0.28,0.33,0.41,1
1590,4,0.19,0.23,0.26,0.3,0.38,1
1591,4,0.19,0.24,0.27,0.3,0.35,1
1592,1,0.31,0.36,0.42,0.48,0.53,1
1593,4,0.2,0.22,0.27,0.31,0.35,1
1594,5,0.12,0.15,0.19,0.22,0.28,1
1595,5,0.15,0.18,0.2,0.22,0.28,1
1596,4,0.15,0.19,0.24,0.31,0.39,1
1597,4,0.14,0.2,0.24,0.3,0.35,1
1598,3,0.22,0.27,0.31,0.33,0.36,1
1599,5,0.13,0.18,0.22,0.27,0.31,1
1600,3,0.22,0.26,0.31,0.34,0.39,1
1601,1,0.28,0.34,0.38,0.45,0.52,1
1602,4,0.17,0.2,0.26,0.31,0.38,1
1603,1,0.31,0.38,0.46,0.53,0.58,1
1604,5,0.14,0.17,0.2,0.24,0.28,1
1605,3,0.22,0.26,0.31,0.37,0.45,1
1606,5,0.16,0.18,0.23,0.26,0.29,1
1607,3,0.19,0.23,0.29,0.34,0.37,1
1608,1,0.32,0.36,0.41,0.44,0.48,1
1609,3,0.22,0.26,0.31,0.36,0.43,1
1610,1,0.32,0.36,0.41,0.47,0.53,2
1611,1,0.32,0.38,0.44,0.53,0.61,1
1612,2,0.24,0.3,0.32,0.39,0.43,1
1613,1,0.31,0.38,0.42,0.44,0.51,1
1614,1,0.31,0.35,0.41,0.45,0.5,1
1615,4,0.18,0.22,0.26,0.32,0.36,1
1616,3,0.21,0.26,0.3,0.31,0.36,2
1617,2,0.27,0.31,0.36,0.42,0.48,1
1618,5,0.15,0.19,0.22,0.28,0.31,1
1619,4,0.19,0.23,0.25,0.32,0.38,1
1620,4,0.16,0.2,0.24,0.31,0.33,1
1621,3,0.21,0.27,0.32,0.35,0.38,1
1622,2,0.26,0.3,0.34,0.42,0.45,1
1623,3,0.2,0.24,0.3,0.37,0.42,1
1624,3,0.18,0.21,0.28,0.35,0.41,1
1625,4,0.17,0.2,0.25,0.28,0.32,1
1626,4,0.18,0.22,0.27,0.29,0.36,1
1627,1,0.3,0.36,0.4,0.46,0.5,2
1628,3,0.18,0.22,0.28,0.35,0.43,1
1629,3,0.22,0.24,0.3,0.31,0.35,1
1630,1,0.28,0.32,0.37,0.44,0.5,1
1631,1,0.32,0.36,0.43,0.49,0.56,1
1632,3,0.2,0.24,0.28,0.34,0.38,1
1633,3,0.17,0.22,0.28,0.32,0.37,1
1634,4,0.18,0.22,0.26,0.29,0.33,1
1635,1,0.32,0.37,0.4,0.45,0.52,1
1636,1,0.3,0.35,0.42,0.5,0.56,2
1637,2,0.22,0.28,0.34,0.4,0.47,1
1638,1,0.29,0.32,0.36,0.43,0.47,1
1639,3,0.22,0.26,0.3,0.35,0.38,1
1640,5,0.13,0.18,0.21,0.25,0.32,1
1641,5,0.1,0.12,0.16,0.2,0.28,1
1642,1,0.31,0.33,0.39,0.42,0.5,1
1643,3,0.18,0.24,0.3,0.36,0.42,1
1644,2,0.24,0.29,0.35,0.39,0.45,1
1645,4,0.15,0.19,0.21,0.28,0.32,1
1646,5,0.13,0.18,0.21,0.25,0.29,1
1647,4,0.14,0.18,0.22,0.31,0.34,2
1648,1,0.31,0.37,0.41,0.46,0.49,1
1649,5,0.16,0.2,0.22,0.26,0.3,1
1650,1,0.31,0.33,0.38,0.42,0.5,1
1651,2,0.24,0.32,0.37,0.43,0.48,1
1652,4,0.19,0.23,0.27,0.31,0.36,1
1653,2,0.24,0.28,0.33,0.39,0.46,1
1654,1,0.31,0.35,0.39,0.48,0.55,1
1655,4,0.16,0.2,0.27,0.32,0.38,2
1656,5,0.13,0.15,0.19,0.24,0.29,2
1657,4,0.14,0.17,0.22,0.28,0.33,1
1658,4,0.16,0.19,0.24,0.3,0.35,1
1659,1,0.32,0.4,0.44,0.52,0.58,1
1660,1,0.3,0.36,0.4,0.47,0.54,1
1661,5,0.13,0.17,0.21,0.27,0.32,1
1662,4,0.17,0.2,0.26,0.32,0.37,1
1663,3,0.24,0.26,0.29,0.35,0.41,1
1664,1,0.32,0.36,0.39,0.47,0.54,1
1665,4,0.15,0.2,0.25,0.32,0.35,1
1666,2,0.23,0.29,0.32,0.38,0.43,2
1667,3,0.2,0.26,0.29,0.33,0.4,1
1668,4,0.15,0.18,0.22,0.29,0.33,1
1669,5,0.12,0.15,0.2,0.24,0.29,1
1670,1,0.31,0.33,0.39,0.43,0.46,2
1671,1,0.31,0.33,0.37,0.44,0.48,1
1672,1,0.28,0.34,0.38,0.43,0.47,1
1673,4,0.16,0.2,0.24,0.29,0.34,2
1674,2,0.23,0.28,0.33,0.38,0.41,1
1675,1,0.3,0.36,0.39,0.47,0.53,1
1676,4,0.15,0.21,0.25,0.29,0.32,3
1677,3,0.2,0.25,0.32,0.35,0.41,1
1678,3,0.18,0.21,0.28,0.32,0.37,1
1679,3,0.2,0.26,0.32,0.37,0.4,1
1680,3,0.17,0.23,0.28,0.32,0.39,1
1681,3,0.24,0.25,0.29,0.35,0.41,1
1682,1,0.32,0.37,0.41,0.48,0.55,1
1683,2,0.25,0.29,0.34,0.38,0.44,1
1684,3,0.17,0.22,0.29,0.32,0.41,1
1685,3,0.21,0.25,0.28,0.33,0.39,1
1686,2,0.26,0.32,0.38,0.41,0.42,2
1687,4,0.15,0.2,0.23,0.31,0.37,1
1688,4,0.14,0.18,0.23,0.29,0.36,1
1689,3,0.21,0.26,0.3,0.35,0.4,1
1690,1,0.32,0.4,0.44,0.51,0.55,1
1691,5,0.16,0.19,0.23,0.26,0.28,1
1692,1,0.31,0.36,0.43,0.49,0.53,1
1693,1,0.3,0.34,0.38,0.44,0.45,1
1694,5,0.15,0.17,0.21,0.24,0.3,1
1695,5,0.15,0.19,0.22,0.24,0.28,1
1696,3,0.2,0.22,0.28,0.33,0.39,1
1697,1,0.31,0.35,0.42,0.5,0.55,1
1698,1,0.29,0.34,0.39,0.47,0.49,1
1699,1,0.32,0.35,0.41,0.46,0.52,1
1700,2,0.26,0.3,0.33,0.4,0.45,1
1701,3,0.18,0.21,0.3,0.35,0.43,1
1702,4,0.13,0.19,0.23,0.29,0.33,1
1703,4,0.19,0.23,0.25,0.29,0.34,1
1704,1,0.32,0.4,0.48,0.56,0.61,1
1705,3,0.23,0.28,0.3,0.32,0.37,1
1706,4,0.15,0.21,0.27,0.3,0.36,1
1707,4,0.16,0.2,0.23,0.31,0.37,1
1708,4,0.16,0.23,0.27,0.28,0.33,1
1709,5,0.14,0.18,0.23,0.27,0.32,1
1710,2,0.23,0.29,0.33,0.41,0.47,1
1711,2,0.24,0.29,0.35,0.41,0.48,4
1712,2,0.22,0.29,0.33,0.38,0.44,1
1713,5,0.14,0.16,0.21,0.23,0.29,1
1714,3,0.2,0.25,0.3,0.35,0.41,1
1715,1,0.28,0.34,0.36,0.41,0.48,1
1716,4,0.19,0.22,0.25,0.3,0.35,1
1717,2,0.26,0.3,0.33,0.37,0.44,1
1718,4,0.15,0.21,0.26,0.29,0.36,1
1719,3,0.18,0.22,0.3,0.35,0.41,1
1720,1,0.28,0.36,0.44,0.53,0.58,1
1721,5,0.11,0.14,0.2,0.23,0.31,1
1722,1,0.28,0.33,0.41,0.47,0.52,1
1723,2,0.25,0.29,0.33,0.38,0.42,1
1724,5,0.13,0.15,0.19,0.23,0.32,1
1725,4,0.2,0.22,0.27,0.32,0.4,2
1726,5,0.1,0.15,0.2,0.26,0.32,1
1727,2,0.26,0.3,0.34,0.38,0.45,1
1728,2,0.26,0.32,0.37,0.4,0.46,1
1729,5,0.15,0.18,0.21,0.24,0.31,1
1730,2,0.26,0.32,0.35,0.42,0.5,2
1731,2,0.27,0.32,0.38,0.44,0.47,1
1732,1,0.28,0.32,0.37,0.46,0.53,1
1733,1,0.31,0.36,0.41,0.44,0.49,1
1734,2,0.22,0.29,0.34,0.37,0.44,2
1735,2,0.26,0.3,0.38,0.43,0.5,1
1736,3,0.17,0.22,0.29,0.34,0.42,1
1737,5,0.13,0.18,0.22,0.26,0.32,1
1738,3,0.2,0.24,0.28,0.34,0.38,1
1739,2,0.23,0.29,0.35,0.4,0.44,1
1740,5,0.11,0.14,0.18,0.23,0.28,1
1741,5,0.11,0.15,0.18,0.25,0.31,1
1742,2,0.24,0.31,0.37,0.45,0.54,1
1743,3,0.19,0.24,0.31,0.35,0.4,1
1744,1,0.31,0.36,0.39,0.42,0.48,1
1745,4,0.13,0.17,0.24,0.29,0.33,1
1746,1,0.31,0.36,0.42,0.45,0.5,1
1747,5,0.17,0.19,0.23,0.25,0.29,1
1748,3,0.23,0.27,0.32,0.37,0.4,1
1749,5,0.16,0.18,0.23,0.26,0.3,1
1750,5,0.15,0.19,0.22,0.26,0.32,1
1751,5,0.14,0.2,0.23,0.26,0.32,1
1752,4,0.15,0.18,0.23,0.29,0.33,1
1753,3,0.24,0.26,0.32,0.37,0.42,3
1754,5,0.14,0.18,0.21,0.24,0.29,1
1755,4,0.15,0.2,0.26,0.3,0.33,1
1756,4,0.18,0.21,0.24,0.29,0.35,1
1757,3,0.19,0.25,0.31,0.33,0.41,1
1758,1,0.29,0.33,0.37,0.44,0.5,1
1759,4,0.17,0.21,0.26,0.32,0.41,1
1760,2,0.26,0.29,0.36,0.4,0.46,1
1761,3,0.22,0.25,0.28,0.33,0.38,1
1762,3,0.17,0.25,0.29,0.34,0.42,1
1763,1,0.28,0.36,0.42,0.44,0.51,1
1764,3,0.21,0.25,0.3,0.39,0.45,1
1765,3,0.22,0.24,0.31,0.36,0.4,2
1766,3,0.21,0.24,0.3,0.37,0.45,1
1767,5,0.11,0.12,0.16,0.2,0.28,1
1768,5,0.16,0.19,0.26,0.28,0.3,1
1769,1,0.28,0.34,0.4,0.47,0.51,1
1770,5,0.13,0.18,0.22,0.26,0.3,1
1771,4,0.17,0.22,0.27,0.32,0.38,1
1772,5,0.13,0.15,0.19,0.21,0.28,1
1773,5,0.14,0.17,0.23,0.27,0.32,1
1774,3,0.17,0.21,0.28,0.33,0.39,1
1775,2,0.26,0.29,0.33,0.41,0.45,1
1776,2,0.25,0.3,0.33,0.38,0.45,1
1777,3,0.24,0.27,0.31,0.36,0.39,1
1778,2,0.27,0.31,0.35,0.42,0.48,1
1779,2,0.24,0.31,0.37,0.44,0.48,3
1780,3,0.19,0.22,0.28,0.33,0.39,1
1781,3,0.19,0.24,0.31,0.37,0.41,1
1782,2,0.23,0.29,0.34,0.4,0.46,1
1783,2,0.21,0.3,0.35,0.4,0.46,1
1784,1,0.3,0.33,0.39,0.45,0.47,1
1785,2,0.26,0.3,0.34,0.43,0.46,1
1786,3,0.21,0.25,0.32,0.37,0.46,1
1787,4,0.19,0.21,0.25,0.29,0.36,1
1788,3,0.22,0.26,0.3,0.33,0.38,1
1789,1,0.29,0.35,0.42,0.51,0.55,1
1790,1,0.32,0.36,0.43,0.48,0.54,1
1791,1,0.31,0.36,0.41,0.49,0.53,1
1792,3,0.2,0.24,0.28,0.32,0.39,1
1793,4,0.23,0.25,0.27,0.32,0.35,1
1794,1,0.29,0.34,0.39,0.41,0.47,1
1795,3,0.18,0.22,0.28,0.34,0.4,1
1796,5,0.14,0.17,0.22,0.25,0.29,1
1797,3,0.22,0.25,0.31,0.39,0.47,1
1798,3,0.19,0.24,0.3,0.39,0.44,1
1799,5,0.16,0.2,0.22,0.25,0.29,1
1800,3,0.19,0.24,0.28,0.35,0.39,1
1801,1,0.32,0.39,0.42,0.45,0.54,1
1802,3,0.17,0.24,0.3,0.34,0.41,1
1803,5,0.12,0.16,0.19,0.24,0.29,1
1804,5,0.15,0.18,0.23,0.27,0.32,1
1805,4,0.16,0.19,0.24,0.29,0.34,1
1806,2,0.25,0.3,0.38,0.42,0.51,3
1807,3,0.18,0.23,0.28,0.35,0.4,1
1808,1,0.3,0.32,0.37,0.44,0.51,2
1809,1,0.3,0.39,0.43,0.49,0.53,1
1810,4,0.18,0.22,0.25,0.3,0.35,2
1811,5,0.13,0.16,0.21,0.25,0.29,1
1812,1,0.28,0.36,0.39,0.42,0.48,1
1813,2,0.25,0.32,0.38,0.42,0.46,1
1814,3,0.21,0.24,0.29,0.33,0.35,1
1815,1,0.32,0.38,0.43,0.48,0.56,1
1816,2,0.24,0.31,0.37,0.44,0.47,1
1817,4,0.15,0.18,0.21,0.28,0.33,1
1818,2,0.22,0.28,0.32,0.39,0.42,1
1819,3,0.21,0.25,0.31,0.37,0.4,1
1820,3,0.21,0.26,0.28,0.34,0.4,1
1821,5,0.13,0.16,0.18,0.24,0.3,1
1822,3,0.24,0.27,0.29,0.35,0.4,1
1823,3,0.23,0.27,0.31,0.34,0.38,1
1824,1,0.29,0.37,0.4,0.44,0.47,1
1825,2,0.19,0.28,0.33,0.4,0.48,1
1826,2,0.24,0.28,0.35,0.39,0.43,3
1827,3,0.19,0.23,0.28,0.33,0.37,2
1828,5,0.17,0.21,0.22,0.23,0.28,4
1829,5,0.13,0.14,0.17,0.23,0.28,1
1830,5,0.2,0.21,0.24,0.27,0.32,1
1831,4,0.16,0.2,0.24,0.31,0.36,1
1832,5,0.14,0.18,0.22,0.24,0.29,1
1833,2,0.26,0.29,0.33,0.39,0.43,1
1834,1,0.29,0.33,0.39,0.43,0.48,1
1835,2,0.25,0.29,0.32,0.41,0.47,2
1836,5,0.14,0.17,0.23,0.25,0.31,1
1837,2,0.25,0.31,0.36,0.41,0.46,1
1838,1,0.32,0.37,0.41,0.46,0.51,1
1839,2,0.25,0.31,0.35,0.4,0.45,1
1840,1,0.3,0.37,0.46,0.52,0.55,2
1841,5,0.18,0.21,0.23,0.26,0.31,1
1842,1,0.28,0.34,0.4,0.5,0.56,1
1843,3,0.23,0.27,0.3,0.35,0.42,2
1844,1,0.3,0.35,0.4,0.44,0.5,1
1845,5,0.13,0.15,0.2,0.25,0.31,1
1846,1,0.3,0.34,0.4,0.47,0.53,1
1847,2,0.25,0.3,0.34,0.41,0.48,1
1848,3,0.19,0.25,0.3,0.35,0.44,1
1849,2,0.25,0.3,0.33,0.38,0.42,1
1850,1,0.28,0.32,0.39,0.43,0.44,1
1851,2,0.23,0.29,0.33,0.37,0.4,1
1852,3,0.21,0.25,0.29,0.32,0.35,1
1853,3,0.19,0.26,0.3,0.37,0.43,1
1854,4,0.17,0.19,0.26,0.32,0.34,1
1855,5,0.17,0.21,0.23,0.24,0.28,2
1856,3,0.2,0.24,0.31,0.34,0.39,1
1857,3,0.21,0.25,0.31,0.36,0.43,1
1858,4,0.18,0.24,0.28,0.29,0.33,1
1859,3,0.16,0.22,0.29,0.34,0.4,1
1860,3,0.23,0.26,0.3,0.36,0.41,1
1861,3,0.23,0.27,0.29,0.36,0.42,1
1862,3,0.14,0.2,0.28,0.33,0.4,1
1863,3,0.18,0.24,0.3,0.31,0.38,1
1864,1,0.32,0.38,0.45,0.51,0.56,1
1865,2,0.27,0.3,0.39,0.42,0.48,1
1866,1,0.29,0.36,0.42,0.48,0.54,1
1867,2,0.22,0.29,0.37,0.43,0.51,1
1868,4,0.18,0.22,0.25,0.29,0.33,1
1869,4,0.15,0.19,0.26,0.32,0.35,1
1870,4,0.16,0.19,0.24,0.32,0.36,1
1871,2,0.28,0.31,0.36,0.41,0.46,1
1872,4,0.18,0.23,0.26,0.29,0.36,1
1873,3,0.19,0.24,0.29,0.35,0.4,1
1874,1,0.32,0.37,0.41,0.5,0.57,1
1875,2,0.21,0.28,0.32,0.35,0.38,1
1876,4,0.19,0.26,0.27,0.32,0.37,1
1877,5,0.1,0.12,0.15,0.2,0.28,1
1878,2,0.24,0.29,0.33,0.35,0.42,1
1879,5,0.14,0.17,0.2,0.26,0.31,1
1880,4,0.15,0.19,0.24,0.29,0.35,1
1881,2,0.24,0.31,0.36,0.42,0.49,1
1882,5,0.14,0.17,0.2,0.27,0.32,1
1883,5,0.13,0.17,0.2,0.25,0.3,1
1884,4,0.17,0.2,0.26,0.32,0.37,1
1885,4,0.16,0.19,0.22,0.28,0.32,2
1886,1,0.29,0.35,0.4,0.44,0.51,1
1887,5,0.13,0.17,0.2,0.24,0.29,1
1888,4,0.15,0.2,0.23,0.29,0.31,1
1889,4,0.16,0.19,0.24,0.29,0.35,1
1890,1,0.31,0.33,0.39,0.44,0.51,2
1891,3,0.21,0.22,0.3,0.36,0.39,1
1892,3,0.18,0.23,0.28,0.36,0.4,1
1893,5,0.14,0.18,0.21,0.24,0.32,1
1894,5,0.11,0.15,0.18,0.24,0.28,1
1895,5,0.14,0.18,0.23,0.25,0.3,1
1896,3,0.23,0.24,0.28,0.33,0.41,1
1897,3,0.22,0.24,0.3,0.33,0.37,1
1898,4,0.2,0.22,0.25,0.29,0.34,1
1899,4,0.17,0.2,0.24,0.31,0.36,1
1900,4,0.18,0.23,0.27,0.29,0.39,1
1901,1,0.29,0.35,0.43,0.46,0.54,1
1902,1,0.28,0.35,0.39,0.45,0.5,1
1903,5,0.12,0.14,0.18,0.24,0.3,1
1904,5,0.14,0.16,0.19,0.24,0.28,1
1905,5,0.16,0.19,0.24,0.26,0.28,1
1906,5,0.12,0.14,0.17,0.23,0.31,1
1907,1,0.32,0.35,0.41,0.47,0.54,1
1908,4,0.18,0.2,0.25,0.29,0.35,1
1909,2,0.25,0.32,0.35,0.42,0.47,1
1910,4,0.21,0.24,0.27,0.32,0.36,1
1911,1,0.31,0.36,0.4,0.47,0.5,1
1912,5,0.12,0.17,0.21,0.26,0.29,1
1913,2,0.24,0.29,0.33,0.38,0.43,1
1914,5,0.09,0.12,0.16,0.2,0.28,1
1915,1,0.28,0.33,0.38,0.46,0.55,1
1916,5,0.14,0.18,0.2,0.22,0.28,1
1917,5,0.16,0.19,0.25,0.28,0.3,1
1918,1,0.3,0.39,0.43,0.51,0.59,1
1919,4,0.13,0.18,0.23,0.31,0.35,1
1920,5,0.13,0.18,0.21,0.28,0.31,1
1921,5,0.12,0.15,0.19,0.23,0.28,1
1922,3,0.2,0.24,0.32,0.36,0.44,1
1923,4,0.13,0.18,0.23,0.29,0.36,1
1924,3,0.21,0.26,0.3,0.32,0.35,1
1925,5,0.13,0.14,0.18,0.23,0.29,2
1926,5,0.12,0.14,0.17,0.22,0.28,1
1927,2,0.24,0.31,0.36,0.41,0.44,1
1928,4,0.17,0.19,0.26,0.31,0.33,1
1929,4,0.17,0.21,0.26,0.3,0.33,1
1930,3,0.2,0.24,0.28,0.32,0.37,1
1931,3,0.18,0.24,0.28,0.34,0.42,4
1932,5,0.13,0.17,0.2,0.28,0.31,1
1933,5,0.14,0.18,0.21,0.26,0.31,1
1934,3,0.21,0.24,0.28,0.36,0.38,1
1935,4,0.17,0.19,0.22,0.28,0.32,2
1936,4,0.14,0.19,0.26,0.3,0.34,1
1937,5,0.13,0.15,0.2,0.27,0.32,1
1938,2,0.23,0.29,0.33,0.37,0.42,1
1939,3,0.21,0.27,0.3,0.34,0.39,1
1940,3,0.2,0.24,0.31,0.39,0.46,2
1941,5,0.13,0.17,0.21,0.26,0.3,1
1942,3,0.19,0.25,0.28,0.32,0.36,1
1943,4,0.15,0.2,0.24,0.3,0.33,1
1944,3,0.2,0.24,0.3,0.34,0.39,1
1945,2,0.22,0.28,0.33,0.4,0.45,2
1946,1,0.31,0.37,0.39,0.45,0.53,2
1947,2,0.23,0.3,0.37,0.43,0.51,1
1948,4,0.16,0.21,0.27,0.32,0.35,1
1949,2,0.27,0.31,0.36,0.41,0.48,2
1950,4,0.17,0.2,0.25,0.3,0.35,1
1951,3,0.19,0.24,0.29,0.35,0.41,1
1952,4,0.15,0.17,0.21,0.28,0.32,1
1953,3,0.23,0.26,0.3,0.36,0.42,1
1954,2,0.24,0.29,0.33,0.37,0.41,1
1955,5,0.13,0.17,0.19,0.23,0.31,1
1956,3,0.21,0.26,0.3,0.34,0.39,1
1957,2,0.27,0.3,0.34,0.37,0.44,1
1958,5,0.11,0.15,0.19,0.23,0.29,1
1959,3,0.21,0.24,0.29,0.34,0.41,1
1960,2,0.27,0.32,0.38,0.43,0.49,2
1961,5,0.12,0.14,0.18,0.23,0.28,1
1962,5,0.1,0.14,0.17,0.22,0.28,1
1963,5,0.13,0.15,0.19,0.25,0.32,1
1964,4,0.18,0.22,0.26,0.32,0.35,1
1965,4,0.17,0.18,0.25,0.3,0.35,1
1966,2,0.25,0.32,0.39,0.41,0.45,1
1967,1,0.29,0.35,0.41,0.47,0.55,1
1968,3,0.2,0.26,0.32,0.37,0.46,1
1969,5,0.14,0.18,0.2,0.25,0.3,3
1970,4,0.16,0.2,0.25,0.31,0.34,1
1971,5,0.12,0.14,0.18,0.23,0.29,1
1972,3,0.21,0.27,0.31,0.34,0.4,1
1973,1,0.32,0.39,0.45,0.53,0.61,1
1974,3,0.22,0.25,0.31,0.34,0.4,1
1975,4,0.18,0.22,0.27,0.3,0.37,1
1976,3,0.22,0.28,0.3,0.34,0.39,1
1977,5,0.13,0.16,0.2,0.24,0.3,1
1978,4,0.17,0.21,0.24,0.32,0.38,1
1979,3,0.19,0.25,0.31,0.38,0.41,1
1980,2,0.21,0.29,0.35,0.37,0.47,1
1981,5,0.15,0.18,0.22,0.26,0.3,1
1982,1,0.32,0.39,0.47,0.54,0.59,2
1983,5,0.13,0.17,0.2,0.24,0.28,1
1984,4,0.15,0.19,0.24,0.32,0.34,1
1985,3,0.22,0.27,0.32,0.38,0.45,1
1986,5,0.13,0.18,0.21,0.25,0.32,1
1987,2,0.24,0.3,0.35,0.43,0.5,1
1988,3,0.2,0.23,0.29,0.31,0.37,1
1989,3,0.18,0.23,0.29,0.33,0.36,1
1990,5,0.15,0.16,0.2,0.23,0.28,2
1991,5,0.13,0.16,0.2,0.25,0.29,1
1992,1,0.29,0.36,0.4,0.42,0.47,1
1993,2,0.26,0.32,0.36,0.37,0.44,1
1994,1,0.32,0.37,0.42,0.48,0.53,1
1995,1,0.28,0.35,0.39,0.44,0.52,1
1996,1,0.32,0.39,0.45,0.55,0.59,1
1997,1,0.32,0.38,0.43,0.53,0.57,1
1998,5,0.14,0.16,0.21,0.27,0.32,1
1999,1,0.3,0.36,0.41,0.45,0.53,1
2000,2,0.24,0.29,0.33,0.37,0.4,1
2001,1,0.3,0.36,0.37,0.42,0.47,1
2002,5,0.13,0.16,0.19,0.25,0.28,1
2003,2,0.25,0.32,0.34,0.39,0.48,1
2004,3,0.19,0.24,0.3,0.34,0.39,2
2005,5,0.15,0.17,0.2,0.25,0.3,1
2006,4,0.14,0.18,0.25,0.29,0.32,1
2007,2,0.26,0.3,0.34,0.37,0.44,1
2008,1,0.3,0.34,0.42,0.51,0.6,1
2009,5,0.13,0.16,0.21,0.23,0.29,1
2010,1,0.28,0.32,0.36,0.46,0.49,1
2011,1,0.31,0.36,0.41,0.48,0.57,1
2012,1,0.32,0.36,0.39,0.48,0.56,1
2013,4,0.19,0.23,0.26,0.3,0.36,1
2014,1,0.31,0.36,0.41,0.49,0.55,1
2015,4,0.19,0.22,0.26,0.31,0.38,1
2016,2,0.25,0.3,0.37,0.44,0.5,1
2017,2,0.24,0.29,0.35,0.44,0.5,1
2018,4,0.18,0.22,0.26,0.29,0.32,1
2019,5,0.15,0.17,0.24,0.28,0.3,1
2020,2,0.22,0.29,0.33,0.39,0.44,1
2021,5,0.13,0.17,0.19,0.23,0.28,1
2022,2,0.26,0.3,0.33,0.39,0.45,2
2023,5,0.13,0.16,0.2,0.24,0.29,1
2024,5,0.1,0.13,0.17,0.23,0.28,1
2025,1,0.29,0.37,0.4,0.44,0.5,1
2026,2,0.25,0.31,0.36,0.39,0.46,1
2027,4,0.13,0.15,0.22,0.29,0.33,1
2028,2,0.28,0.29,0.35,0.4,0.45,1
2029,4,0.19,0.2,0.24,0.3,0.34,1
2030,5,0.12,0.16,0.21,0.24,0.28,1
2031,2,0.25,0.29,0.34,0.41,0.42,2
2032,2,0.23,0.32,0.36,0.39,0.44,1
2033,1,0.31,0.35,0.42,0.49,0.55,1
2034,2,0.22,0.29,0.32,0.34,0.38,2
2035,4,0.18,0.23,0.27,0.32,0.37,1
2036,4,0.17,0.21,0.24,0.3,0.35,1
2037,4,0.16,0.2,0.24,0.28,0.32,1
2038,3,0.21,0.27,0.29,0.35,0.46,1
2039,3,0.21,0.26,0.31,0.36,0.42,1
2040,2,0.24,0.29,0.37,0.45,0.47,1
2041,1,0.31,0.34,0.4,0.46,0.5,1
2042,4,0.14,0.19,0.24,0.31,0.37,1
2043,1,0.32,0.37,0.45,0.52,0.53,1
2044,2,0.27,0.31,0.37,0.44,0.48,1
2045,3,0.2,0.25,0.3,0.36,0.44,1
2046,4,0.16,0.2,0.24,0.29,0.32,1
2047,2,0.25,0.3,0.34,0.38,0.42,1
2048,3,0.23,0.26,0.31,0.35,0.4,1
2049,2,0.23,0.29,0.34,0.42,0.49,1
2050,2,0.24,0.29,0.35,0.38,0.44,1
2051,2,0.27,0.32,0.36,0.4,0.44,1
2052,4,0.16,0.2,0.27,0.31,0.35,1
2053,3,0.21,0.27,0.31,0.36,0.42,1
2054,4,0.14,0.2,0.24,0.3,0.37,1
2055,5,0.12,0.15,0.19,0.26,0.31,1
2056,1,0.32,0.38,0.41,0.43,0.51,1
2057,4,0.17,0.2,0.25,0.3,0.34,1
2058,2,0.27,0.32,0.4,0.47,0.55,1
2059,2,0.24,0.28,0.33,0.39,0.47,1
2060,5,0.14,0.17,0.2,0.27,0.32,2
2061,4,0.16,0.23,0.27,0.32,0.37,2
2062,1,0.28,0.34,0.37,0.4,0.43,1
2063,1,0.3,0.32,0.39,0.44,0.49,1
2064,5,0.11,0.14,0.16,0.23,0.28,1
2065,2,0.28,0.31,0.36,0.43,0.49,1
2066,5,0.08,0.11,0.13,0.19,0.28,1
2067,5,0.17,0.2,0.22,0.25,0.28,1
2068,5,0.11,0.15,0.2,0.24,0.3,1
2069,3,0.17,0.22,0.28,0.33,0.38,1
2070,5,0.15,0.19,0.23,0.27,0.3,2
2071,4,0.16,0.2,0.23,0.31,0.36,1
2072,1,0.28,0.34,0.39,0.46,0.53,1
2073,5,0.12,0.15,0.21,0.26,0.29,1
2074,4,0.18,0.21,0.28,0.31,0.35,1
2075,2,0.28,0.29,0.37,0.4,0.46,1
2076,2,0.27,0.32,0.37,0.4,0.44,1
2077,3,0.21,0.26,0.31,0.39,0.44,2
2078,1,0.3,0.34,0.4,0.48,0.56,1
2079,5,0.12,0.15,0.18,0.22,0.28,1
2080,2,0.27,0.32,0.39,0.43,0.46,1
2081,1,0.28,0.36,0.42,0.47,0.56,1
2082,1,0.32,0.37,0.43,0.48,0.56,1
2083,3,0.2,0.23,0.31,0.36,0.44,1
2084,3,0.19,0.24,0.3,0.35,0.42,1
2085,1,0.29,0.33,0.36,0.44,0.5,1
2086,1,0.3,0.35,0.36,0.43,0.47,1
2087,4,0.15,0.19,0.22,0.29,0.33,1
2088,2,0.26,0.28,0.35,0.43,0.48,1
2089,1,0.28,0.34,0.42,0.48,0.55,1
2090,1,0.32,0.33,0.39,0.43,0.51,2
2091,1,0.28,0.33,0.37,0.43,0.48,1
2092,4,0.18,0.22,0.27,0.32,0.36,1
2093,3,0.23,0.26,0.31,0.34,0.38,1
2094,4,0.14,0.17,0.22,0.28,0.32,2
2095,4,0.14,0.17,0.22,0.28,0.33,1
2096,4,0.2,0.23,0.27,0.31,0.37,1
2097,2,0.23,0.3,0.36,0.44,0.49,1
2098,5,0.17,0.2,0.24,0.27,0.32,2
2099,1,0.3,0.36,0.42,0.46,0.5,1
2100,4,0.16,0.21,0.26,0.3,0.35,1
2101,2,0.23,0.28,0.37,0.44,0.47,1
2102,2,0.25,0.3,0.35,0.38,0.44,1
2103,3,0.22,0.26,0.3,0.36,0.43,1
2104,2,0.24,0.28,0.36,0.44,0.49,1
2105,4,0.14,0.19,0.24,0.28,0.34,1
2106,3,0.21,0.26,0.31,0.35,0.4,1
2107,1,0.3,0.38,0.46,0.5,0.54,1
2108,3,0.21,0.25,0.31,0.37,0.43,1
2109,2,0.27,0.3,0.37,0.44,0.52,1
2110,4,0.17,0.21,0.26,0.32,0.39,1
2111,5,0.11,0.13,0.16,0.23,0.29,1
2112,4,0.18,0.21,0.24,0.3,0.37,1
2113,5,0.12,0.17,0.19,0.24,0.29,1
2114,2,0.27,0.32,0.35,0.42,0.47,2
2115,5,0.15,0.19,0.23,0.27,0.32,1
2116,2,0.24,0.29,0.34,0.42,0.46,1
2117,4,0.17,0.2,0.24,0.31,0.36,1
2118,2,0.27,0.3,0.39,0.45,0.5,2
2119,1,0.31,0.34,0.4,0.46,0.51,1
2120,2,0.23,0.3,0.34,0.37,0.46,1
2121,1,0.3,0.34,0.37,0.4,0.43,1
2122,4,0.16,0.2,0.25,0.32,0.35,1
2123,4,0.16,0.21,0.26,0.32,0.38,1
2124,1,0.29,0.36,0.42,0.44,0.52,1
2125,2,0.27,0.31,0.34,0.43,0.47,1
2126,5,0.15,0.19,0.22,0.25,0.29,1
2127,2,0.23,0.31,0.36,0.37,0.42,1
2128,5,0.12,0.16,0.2,0.24,0.28,1
2129,5,0.15,0.18,0.23,0.26,0.32,1
2130,2,0.22,0.3,0.35,0.39,0.43,2
2131,2,0.25,0.3,0.33,0.38,0.45,1
2132,5,0.1,0.14,0.18,0.23,0.28,2
2133,1,0.31,0.36,0.39,0.45,0.51,1
2134,3,0.21,0.24,0.29,0.37,0.41,1
2135,4,0.17,0.19,0.24,0.28,0.36,1
2136,2,0.24,0.29,0.34,0.35,0.41,1
2137,2,0.24,0.31,0.37,0.45,0.52,1
2138,1,0.29,0.34,0.41,0.5,0.55,1
2139,3,0.21,0.26,0.32,0.34,0.39,1
2140,5,0.15,0.19,0.2,0.24,0.32,1
2141,4,0.18,0.2,0.25,0.31,0.35,1
2142,2,0.24,0.31,0.35,0.42,0.46,1
2143,3,0.23,0.25,0.3,0.33,0.39,2
2144,3,0.23,0.27,0.3,0.35,0.41,1
2145,2,0.27,0.31,0.33,0.36,0.41,1
2146,1,0.3,0.34,0.41,0.5,0.54,1
2147,4,0.15,0.19,0.23,0.28,0.34,1
2148,4,0.15,0.19,0.23,0.29,0.35,1
2149,2,0.25,0.29,0.35,0.41,0.46,1
2150,3,0.23,0.27,0.32,0.39,0.45,1
2151,5,0.14,0.16,0.18,0.24,0.3,2
2152,3,0.17,0.22,0.29,0.36,0.43,1
2153,5,0.12,0.13,0.18,0.21,0.29,1
2154,5,0.14,0.17,0.22,0.23,0.32,1
2155,1,0.29,0.33,0.43,0.48,0.52,2
2156,3,0.2,0.25,0.31,0.35,0.4,1
2157,5,0.14,0.16,0.21,0.25,0.29,1
2158,1,0.3,0.32,0.37,0.42,0.48,1
2159,1,0.3,0.37,0.43,0.48,0.54,1
2160,5,0.12,0.14,0.19,0.21,0.28,1
2161,3,0.19,0.23,0.28,0.34,0.4,1
2162,3,0.21,0.24,0.31,0.34,0.41,1
2163,3,0.23,0.26,0.29,0.34,0.38,1
2164,3,0.21,0.25,0.3,0.38,0.43,1
2165,1,0.32,0.37,0.44,0.5,0.57,1
2166,2,0.25,0.31,0.37,0.4,0.45,1
2167,4,0.15,0.2,0.22,0.29,0.32,1
2168,2,0.26,0.3,0.36,0.43,0.49,1
2169,4,0.16,0.2,0.25,0.29,0.33,2
2170,4,0.15,0.19,0.23,0.31,0.36,1
2171,1,0.29,0.33,0.4,0.47,0.49,1
2172,5,0.12,0.15,0.18,0.24,0.3,2
2173,4,0.2,0.21,0.26,0.32,0.39,1
2174,1,0.3,0.36,0.4,0.46,0.53,1
2175,2,0.25,0.29,0.33,0.39,0.46,1
2176,3,0.21,0.26,0.32,0.34,0.39,1
2177,1,0.29,0.35,0.4,0.44,0.51,1
2178,1,0.3,0.35,0.4,0.48,0.55,1
2179,1,0.3,0.38,0.45,0.52,0.58,1
2180,1,0.28,0.34,0.39,0.48,0.55,1
2181,3,0.22,0.26,0.32,0.38,0.42,1
2182,4,0.14,0.19,0.24,0.3,0.35,1
2183,5,0.11,0.15,0.19,0.24,0.3,1
2184,4,0.18,0.22,0.26,0.32,0.34,2
2185,3,0.18,0.21,0.28,0.33,0.39,1
2186,5,0.13,0.17,0.21,0.26,0.32,1
2187,5,0.11,0.15,0.2,0.26,0.32,1
2188,2,0.24,0.3,0.32,0.36,0.41,1
2189,4,0.16,0.2,0.25,0.32,0.38,1
2190,3,0.23,0.27,0.29,0.36,0.43,1
2191,2,0.28,0.31,0.37,0.42,0.48,1
2192,4,0.13,0.17,0.24,0.32,0.38,1
2193,5,0.12,0.15,0.18,0.24,0.32,1
2194,3,0.16,0.21,0.29,0.35,0.39,1
2195,2,0.24,0.29,0.35,0.37,0.41,1
2196,3,0.22,0.27,0.32,0.36,0.41,1
2197,2,0.28,0.31,0.36,0.44,0.45,1
2198,2,0.26,0.3,0.36,0.44,0.53,1
2199,1,0.31,0.36,0.42,0.5,0.55,1
2200,2,0.25,0.3,0.37,0.4,0.42,1
2201,2,0.27,0.32,0.36,0.4,0.46,1
2202,1,0.3,0.37,0.43,0.5,0.57,1
2203,2,0.27,0.29,0.34,0.4,0.45,1
2204,4,0.15,0.17,0.23,0.29,0.32,1
2205,3,0.19,0.24,0.28,0.34,0.38,1
2206,5,0.11,0.15,0.19,0.24,0.28,1
2207,1,0.28,0.33,0.36,0.39,0.46,1
2208,5,0.13,0.16,0.19,0.23,0.29,1
2209,5,0.14,0.15,0.19,0.24,0.31,1
2210,3,0.18,0.23,0.29,0.33,0.38,2
2211,5,0.17,0.21,0.25,0.26,0.32,1
2212,3,0.18,0.24,0.29,0.37,0.45,1
2213,2,0.25,0.31,0.35,0.4,0.46,1
2214,1,0.31,0.35,0.4,0.44,0.51,2
2215,1,0.28,0.34,0.39,0.46,0.51,1
2216,1,0.28,0.34,0.41,0.49,0.54,1
2217,2,0.25,0.28,0.32,0.37,0.47,1
2218,5,0.12,0.16,0.2,0.24,0.3,2
2219,4,0.15,0.2,0.26,0.3,0.35,1
2220,3,0.21,0.26,0.31,0.37,0.43,2
2221,3,0.21,0.24,0.3,0.35,0.41,1
2222,3,0.2,0.25,0.29,0.33,0.39,1
2223,5,0.12,0.15,0.21,0.26,0.32,1
2224,5,0.17,0.19,0.21,0.26,0.32,1
2225,5,0.12,0.16,0.2,0.25,0.32,1
2226,5,0.13,0.17,0.18,0.22,0.3,1
2227,3,0.21,0.25,0.29,0.33,0.37,1
2228,5,0.11,0.14,0.18,0.22,0.28,2
2229,3,0.25,0.27,0.29,0.31,0.37,1
2230,2,0.27,0.3,0.36,0.42,0.47,1
2231,5,0.13,0.17,0.2,0.26,0.3,1
2232,2,0.26,0.32,0.39,0.46,0.54,3
2233,5,0.11,0.14,0.17,0.23,0.29,1
2234,2,0.25,0.3,0.36,0.47,0.51,1
2235,5,0.1,0.13,0.18,0.23,0.28,1
2236,2,0.26,0.32,0.37,0.41,0.45,1
2237,4,0.17,0.2,0.24,0.28,0.34,1
2238,1,0.32,0.37,0.43,0.48,0.51,1
2239,5,0.12,0.17,0.22,0.27,0.32,1
2240,5,0.15,0.19,0.21,0.26,0.3,1
2241,3,0.18,0.23,0.29,0.38,0.44,1
2242,5,0.15,0.18,0.2,0.25,0.31,1
2243,4,0.15,0.19,0.25,0.29,0.31,1
2244,2,0.24,0.28,0.33,0.37,0.43,1
2245,3,0.2,0.26,0.3,0.36,0.42,1
2246,5,0.11,0.15,0.19,0.25,0.28,1
2247,3,0.22,0.24,0.3,0.36,0.39,1
2248,4,0.15,0.19,0.22,0.28,0.33,1
2249,5,0.13,0.15,0.2,0.26,0.3,1
2250,1,0.32,0.38,0.45,0.51,0.55,1
2251,5,0.13,0.18,0.2,0.24,0.28,1
2252,4,0.15,0.19,0.24,0.3,0.31,1
2253,3,0.22,0.26,0.32,0.37,0.43,1
2254,5,0.12,0.15,0.2,0.25,0.3,2
2255,2,0.22,0.29,0.36,0.41,0.45,1
2256,3,0.18,0.26,0.32,0.38,0.45,1
2257,2,0.25,0.29,0.37,0.43,0.5,2
2258,3,0.21,0.25,0.3,0.37,0.43,1
2259,2,0.24,0.29,0.32,0.37,0.38,1
2260,1,0.32,0.37,0.45,0.51,0.56,1
2261,2,0.24,0.28,0.34,0.37,0.44,1
2262,3,0.19,0.25,0.28,0.33,0.35,1
2263,5,0.15,0.18,0.2,0.25,0.29,1
2264,1,0.31,0.39,0.43,0.44,0.49,1
2265,4,0.18,0.22,0.25,0.29,0.33,1
2266,1,0.3,0.38,0.43,0.47,0.51,1
2267,2,0.27,0.31,0.37,0.43,0.48,1
2268,3,0.23,0.26,0.3,0.34,0.38,1
2269,2,0.27,0.3,0.36,0.42,0.47,1
2270,1,0.31,0.36,0.44,0.51,0.55,2
2271,3,0.21,0.26,0.29,0.37,0.45,1
2272,5,0.21,0.24,0.25,0.27,0.32,1
2273,1,0.32,0.4,0.49,0.53,0.58,1
2274,1,0.28,0.32,0.36,0.42,0.46,1
2275,3,0.19,0.24,0.29,0.35,0.39,1
2276,4,0.15,0.19,0.24,0.28,0.34,1
2277,5,0.14,0.2,0.22,0.27,0.29,1
2278,5,0.12,0.16,0.21,0.27,0.3,1
2279,3,0.21,0.26,0.31,0.35,0.4,1
2280,3,0.22,0.26,0.31,0.37,0.42,1
2281,2,0.24,0.3,0.34,0.39,0.42,1
2282,5,0.1,0.13,0.16,0.22,0.28,1
2283,5,0.15,0.18,0.22,0.25,0.29,1
2284,1,0.28,0.34,0.39,0.48,0.53,1
2285,4,0.15,0.19,0.25,0.29,0.32,1
2286,4,0.16,0.19,0.23,0.28,0.33,1
2287,1,0.29,0.33,0.37,0.41,0.46,1
2288,3,0.18,0.23,0.29,0.35,0.43,1
2289,3,0.17,0.23,0.28,0.35,0.42,1
2290,4,0.15,0.21,0.25,0.31,0.34,1
2291,1,0.32,0.38,0.42,0.45,0.48,1
2292,4,0.15,0.19,0.24,0.3,0.32,1
2293,1,0.31,0.39,0.43,0.46,0.48,1
2294,5,0.13,0.15,0.2,0.24,0.3,1
2295,1,0.31,0.35,0.42,0.47,0.5,1
2296,2,0.27,0.32,0.37,0.42,0.46,1
2297,3,0.19,0.26,0.32,0.37,0.44,1
2298,4,0.13,0.16,0.21,0.29,0.34,2
2299,5,0.16,0.19,0.23,0.25,0.32,1
2300,3,0.26,0.27,0.3,0.36,0.43,1
2301,4,0.13,0.18,0.23,0.28,0.33,1
2302,2,0.25,0.28,0.33,0.41,0.46,2
2303,4,0.14,0.19,0.23,0.29,0.36,1
2304,1,0.29,0.34,0.37,0.42,0.47,2
2305,2,0.21,0.28,0.32,0.4,0.45,1
2306,1,0.32,0.38,0.45,0.5,0.54,1
2307,3,0.25,0.27,0.3,0.35,0.41,1
2308,3,0.21,0.24,0.29,0.35,0.38,1
2309,4,0.21,0.25,0.27,0.32,0.36,1
2310,3,0.19,0.25,0.3,0.32,0.37,1
2311,1,0.28,0.34,0.4,0.48,0.55,1
2312,5,0.16,0.18,0.2,0.24,0.3,1
2313,5,0.13,0.16,0.22,0.26,0.31,1
2314,5,0.12,0.16,0.2,0.25,0.29,2
2315,2,0.28,0.31,0.37,0.43,0.44,1
2316,1,0.31,0.39,0.43,0.5,0.55,1
2317,3,0.24,0.28,0.3,0.32,0.35,1
2318,4,0.17,0.18,0.22,0.31,0.32,1
2319,3,0.21,0.26,0.32,0.37,0.46,2
2320,4,0.12,0.17,0.23,0.29,0.34,1
2321,5,0.12,0.15,0.19,0.23,0.31,1
2322,1,0.29,0.34,0.39,0.43,0.49,1
2323,2,0.22,0.28,0.33,0.36,0.39,2
2324,2,0.27,0.31,0.37,0.44,0.51,1
2325,5,0.13,0.18,0.22,0.24,0.3,1
2326,5,0.12,0.17,0.21,0.25,0.31,1
2327,2,0.25,0.31,0.34,0.41,0.49,1
2328,4,0.14,0.18,0.26,0.29,0.35,1
2329,2,0.25,0.29,0.32,0.34,0.39,1
2330,1,0.29,0.31,0.35,0.4,0.45,1
2331,1,0.28,0.32,0.37,0.43,0.47,1
2332,4,0.14,0.2,0.27,0.31,0.37,1
2333,2,0.22,0.29,0.36,0.42,0.46,1
2334,1,0.29,0.37,0.45,0.48,0.53,1
2335,3,0.2,0.27,0.31,0.39,0.46,1
2336,3,0.19,0.22,0.28,0.34,0.39,1
2337,1,0.28,0.34,0.38,0.45,0.51,1
2338,2,0.24,0.31,0.35,0.43,0.5,1
2339,2,0.27,0.3,0.36,0.4,0.45,1
2340,1,0.29,0.34,0.43,0.48,0.55,1
2341,1,0.3,0.35,0.4,0.44,0.51,1
2342,3,0.19,0.21,0.28,0.35,0.41,1
2343,1,0.32,0.38,0.44,0.5,0.58,1
2344,3,0.22,0.24,0.28,0.32,0.4,2
2345,4,0.16,0.2,0.24,0.3,0.31,1
2346,1,0.31,0.35,0.4,0.47,0.53,2
2347,2,0.28,0.29,0.35,0.41,0.46,2
2348,4,0.16,0.2,0.22,0.29,0.33,1
2349,5,0.16,0.21,0.24,0.26,0.31,1
2350,2,0.25,0.3,0.37,0.41,0.46,1
2351,2,0.27,0.31,0.38,0.43,0.53,1
2352,2,0.26,0.32,0.4,0.45,0.48,1
2353,1,0.32,0.36,0.42,0.47,0.52,1
2354,5,0.13,0.15,0.19,0.25,0.32,1
2355,1,0.32,0.38,0.4,0.45,0.51,1
2356,5,0.15,0.18,0.2,0.23,0.28,1
2357,4,0.17,0.2,0.26,0.31,0.37,1
2358,1,0.31,0.37,0.41,0.46,0.49,1
2359,2,0.27,0.32,0.36,0.41,0.45,1
2360,2,0.26,0.31,0.34,0.37,0.42,1
2361,4,0.18,0.21,0.24,0.32,0.37,1
2362,2,0.23,0.3,0.34,0.39,0.49,1
2363,5,0.15,0.17,0.21,0.24,0.32,1
2364,2,0.26,0.32,0.36,0.42,0.48,1
2365,2,0.22,0.3,0.34,0.39,0.44,1
2366,5,0.13,0.16,0.2,0.23,0.29,1
2367,1,0.28,0.32,0.36,0.39,0.4,1
2368,5,0.13,0.15,0.19,0.23,0.29,1
2369,3,0.17,0.22,0.28,0.32,0.38,2
2370,1,0.3,0.37,0.41,0.47,0.55,1
2371,1,0.28,0.32,0.37,0.43,0.5,1
2372,3,0.21,0.24,0.31,0.35,0.4,1
2373,2,0.24,0.28,0.34,0.4,0.45,1
2374,5,0.12,0.13,0.17,0.21,0.28,2
2375,3,0.21,0.24,0.32,0.38,0.44,1
2376,5,0.17,0.19,0.25,0.27,0.32,2
2377,5,0.12,0.15,0.19,0.25,0.32,1
2378,5,0.12,0.17,0.2,0.26,0.31,1
2379,4,0.17,0.18,0.23,0.31,0.37,3
2380,5,0.13,0.17,0.22,0.27,0.31,1
2381,2,0.27,0.32,0.36,0.4,0.42,1
2382,3,0.23,0.27,0.31,0.36,0.39,1
2383,4,0.2,0.22,0.26,0.29,0.34,1
2384,5,0.12,0.15,0.17,0.23,0.31,1
2385,2,0.24,0.29,0.33,0.37,0.45,1
2386,4,0.16,0.2,0.24,0.29,0.32,2
2387,1,0.32,0.37,0.41,0.48,0.57,1
2388,1,0.32,0.34,0.38,0.44,0.5,1
2389,4,0.16,0.2,0.25,0.3,0.38,1
2390,2,0.24,0.3,0.35,0.4,0.42,1
2391,5,0.12,0.15,0.18,0.25,0.28,1
2392,1,0.31,0.33,0.36,0.42,0.5,1
2393,5,0.14,0.18,0.21,0.25,0.29,1
2394,1,0.31,0.37,0.43,0.46,0.49,1
2395,1,0.28,0.33,0.41,0.47,0.52,1
2396,3,0.19,0.23,0.3,0.36,0.4,1
2397,2,0.27,0.32,0.37,0.46,0.53,1
2398,3,0.19,0.22,0.29,0.32,0.37,1
2399,1,0.32,0.38,0.46,0.53,0.6,1
2400,4,0.18,0.21,0.24,0.28,0.35,1
2401,4,0.15,0.18,0.23,0.3,0.36,1
2402,3,0.2,0.25,0.31,0.35,0.41,1
2403,5,0.17,0.2,0.21,0.26,0.29,1
2404,1,0.28,0.34,0.39,0.43,0.5,1
2405,5,0.12,0.16,0.2,0.25,0.31,1
2406,4,0.14,0.16,0.23,0.28,0.32,1
2407,1,0.29,0.37,0.43,0.51,0.58,1
2408,1,0.29,0.33,0.4,0.46,0.48,1
2409,3,0.18,0.24,0.3,0.35,0.4,1
2410,5,0.2,0.21,0.23,0.27,0.31,1
2411,2,0.23,0.28,0.34,0.4,0.48,1
2412,5,0.15,0.17,0.2,0.23,0.28,1
2413,1,0.28,0.39,0.47,0.53,0.6,1
2414,5,0.12,0.15,0.2,0.24,0.3,1
2415,4,0.17,0.2,0.25,0.32,0.37,1
2416,2,0.25,0.31,0.38,0.41,0.5,1
2417,5,0.17,0.18,0.22,0.25,0.31,1
2418,4,0.17,0.22,0.26,0.31,0.37,1
2419,3,0.21,0.26,0.32,0.38,0.43,1
2420,5,0.12,0.16,0.21,0.24,0.32,1
2421,4,0.18,0.21,0.25,0.32,0.38,1
2422,5,0.13,0.15,0.21,0.24,0.28,1
2423,2,0.27,0.31,0.34,0.38,0.4,1
2424,5,0.14,0.18,0.21,0.25,0.32,1
2425,1,0.29,0.35,0.39,0.43,0.5,1
2426,3,0.18,0.22,0.28,0.34,0.38,2
2427,1,0.31,0.37,0.44,0.5,0.57,1
2428,1,0.29,0.33,0.4,0.45,0.52,1
2429,3,0.17,0.23,0.28,0.33,0.38,2
2430,2,0.24,0.31,0.37,0.41,0.44,2
2431,5,0.14,0.17,0.19,0.25,0.32,2
2432,2,0.23,0.28,0.35,0.41,0.49,1
2433,3,0.2,0.23,0.28,0.32,0.39,1
2434,4,0.16,0.19,0.23,0.31,0.36,1
2435,4,0.17,0.22,0.26,0.32,0.4,2
2436,2,0.25,0.3,0.33,0.39,0.47,1
2437,3,0.18,0.23,0.3,0.34,0.38,2
2438,4,0.17,0.21,0.24,0.28,0.34,1
2439,5,0.14,0.2,0.25,0.27,0.3,1
2440,1,0.3,0.34,0.39,0.43,0.52,1
2441,1,0.28,0.33,0.38,0.47,0.5,1
2442,5,0.13,0.14,0.2,0.25,0.28,1
2443,3,0.23,0.27,0.29,0.31,0.35,1
2444,2,0.23,0.29,0.34,0.39,0.44,2
2445,1,0.31,0.36,0.41,0.48,0.55,1
2446,2,0.23,0.3,0.34,0.39,0.46,1
2447,4,0.12,0.16,0.22,0.29,0.35,1
2448,4,0.16,0.19,0.25,0.3,0.35,1
2449,5,0.12,0.17,0.21,0.27,0.32,1
2450,1,0.32,0.38,0.44,0.49,0.53,1
2451,5,0.15,0.17,0.21,0.26,0.3,1
2452,3,0.16,0.2,0.28,0.33,0.41,1
2453,2,0.26,0.3,0.37,0.42,0.45,2
2454,3,0.21,0.27,0.28,0.33,0.37,2
2455,2,0.23,0.28,0.34,0.39,0.46,1
2456,2,0.25,0.31,0.37,0.41,0.49,1
2457,1,0.32,0.38,0.44,0.52,0.58,1
2458,1,0.3,0.35,0.38,0.43,0.51,1
2459,5,0.12,0.15,0.19,0.23,0.28,1
2460,4,0.15,0.19,0.23,0.28,0.32,1
2461,5,0.14,0.19,0.22,0.26,0.31,1
2462,4,0.19,0.21,0.23,0.29,0.31,1
2463,1,0.29,0.36,0.43,0.46,0.5,1
2464,1,0.29,0.34,0.39,0.43,0.45,1
2465,5,0.14,0.16,0.22,0.27,0.3,2
2466,1,0.31,0.39,0.43,0.51,0.55,1
2467,3,0.22,0.26,0.29,0.33,0.39,1
2468,5,0.11,0.14,0.18,0.22,0.29,1
2469,3,0.23,0.26,0.31,0.39,0.46,1
2470,1,0.31,0.36,0.43,0.5,0.51,2
2471,2,0.22,0.28,0.32,0.34,0.39,1
2472,4,0.19,0.25,0.27,0.31,0.36,1
2473,5,0.11,0.14,0.21,0.26,0.31,1
2474,1,0.29,0.34,0.42,0.47,0.52,1
2475,4,0.15,0.19,0.22,0.29,0.37,1
2476,1,0.3,0.32,0.39,0.43,0.52,1
2477,3,0.21,0.27,0.32,0.39,0.45,1
2478,5,0.15,0.18,0.19,0.25,0.29,1
2479,3,0.21,0.27,0.32,0.38,0.42,1
2480,3,0.2,0.24,0.28,0.33,0.39,1
2481,1,0.31,0.36,0.4,0.43,0.5,1
2482,1,0.29,0.33,0.38,0.42,0.51,3
2483,5,0.14,0.17,0.18,0.24,0.28,2
2484,5,0.13,0.17,0.21,0.25,0.31,1
2485,2,0.24,0.31,0.34,0.42,0.49,1
2486,5,0.11,0.15,0.19,0.22,0.28,1
2487,3,0.21,0.25,0.31,0.37,0.39,2
2488,1,0.28,0.32,0.36,0.42,0.48,1
2489,4,0.17,0.24,0.28,0.31,0.35,1
2490,1,0.32,0.37,0.43,0.49,0.52,1
2491,2,0.23,0.3,0.37,0.42,0.48,1
2492,5,0.13,0.18,0.2,0.28,0.3,1
2493,4,0.17,0.2,0.25,0.32,0.36,1
2494,3,0.25,0.27,0.32,0.36,0.41,1
2495,3,0.19,0.25,0.3,0.38,0.43,1
2496,5,0.15,0.18,0.22,0.27,0.3,1
2497,3,0.17,0.24,0.29,0.35,0.39,1
2498,5,0.12,0.17,0.2,0.25,0.3,1
2499,5,0.12,0.13,0.18,0.22,0.28,1
2500,5,0.13,0.16,0.19,0.23,0.31,1
2501,2,0.23,0.29,0.34,0.37,0.44,1
2502,4,0.15,0.19,0.23,0.3,0.33,1
2503,5,0.14,0.17,0.19,0.24,0.31,1
2504,5,0.12,0.16,0.2,0.27,0.29,1
2505,1,0.32,0.38,0.42,0.49,0.53,1
2506,5,0.11,0.13,0.18,0.22,0.29,1
2507,2,0.27,0.3,0.35,0.39,0.41,1
2508,2,0.24,0.28,0.33,0.4,0.44,1
2509,3,0.22,0.27,0.32,0.39,0.42,1
2510,4,0.18,0.2,0.23,0.31,0.36,3
2511,5,0.12,0.15,0.19,0.24,0.29,1
2512,3,0.23,0.27,0.3,0.33,0.38,1
2513,1,0.29,0.33,0.38,0.46,0.5,1
2514,3,0.2,0.24,0.29,0.32,0.36,4
2515,2,0.24,0.29,0.35,0.43,0.48,1
2516,1,0.32,0.36,0.41,0.46,0.52,1
2517,5,0.13,0.15,0.2,0.24,0.3,1
2518,3,0.2,0.24,0.32,0.41,0.47,1
2519,1,0.3,0.33,0.38,0.45,0.54,1
2520,3,0.21,0.25,0.3,0.35,0.42,1
2521,5,0.12,0.14,0.18,0.24,0.29,2
2522,1,0.31,0.34,0.39,0.46,0.53,1
2523,5,0.14,0.16,0.17,0.21,0.29,1
2524,4,0.16,0.21,0.26,0.31,0.36,1
2525,1,0.31,0.38,0.41,0.47,0.51,1
2526,4,0.14,0.2,0.23,0.28,0.33,1
2527,3,0.23,0.26,0.31,0.34,0.39,2
2528,5,0.14,0.18,0.25,0.28,0.3,1
2529,4,0.16,0.21,0.26,0.32,0.38,1
2530,1,0.32,0.36,0.42,0.48,0.53,1
2531,1,0.31,0.36,0.41,0.44,0.5,1
2532,3,0.2,0.24,0.28,0.35,0.38,1
2533,4,0.17,0.2,0.23,0.29,0.34,3
2534,5,0.14,0.18,0.22,0.26,0.3,1
2535,3,0.22,0.24,0.29,0.35,0.41,1
2536,2,0.25,0.32,0.36,0.43,0.5,1
2537,1,0.32,0.37,0.45,0.52,0.58,1
2538,4,0.16,0.21,0.25,0.32,0.33,1
2539,1,0.3,0.35,0.39,0.43,0.5,1
2540,5,0.14,0.15,0.18,0.22,0.28,1
2541,2,0.23,0.28,0.36,0.43,0.47,1
2542,4,0.14,0.18,0.22,0.3,0.33,1
2543,5,0.15,0.19,0.22,0.25,0.3,1
2544,2,0.23,0.29,0.34,0.41,0.49,1
2545,5,0.13,0.16,0.2,0.24,0.3,1
2546,1,0.32,0.38,0.44,0.51,0.55,1
2547,1,0.31,0.39,0.44,0.49,0.57,1
2548,4,0.16,0.21,0.27,0.32,0.37,1
2549,5,0.15,0.18,0.23,0.27,0.29,1
2550,2,0.22,0.29,0.34,0.39,0.47,1
2551,4,0.15,0.2,0.26,0.31,0.34,1
2552,4,0.15,0.18,0.23,0.3,0.35,1
2553,4,0.15,0.22,0.27,0.3,0.39,1
2554,5,0.09,0.13,0.16,0.21,0.28,1
2555,1,0.31,0.32,0.4,0.49,0.53,1
2556,2,0.26,0.3,0.36,0.43,0.46,1
2557,1,0.3,0.36,0.44,0.49,0.52,1
2558,2,0.26,0.31,0.41,0.46,0.5,1
2559,4,0.18,0.19,0.25,0.29,0.36,1
2560,3,0.22,0.25,0.32,0.35,0.4,2
2561,2,0.28,0.3,0.33,0.4,0.47,1
2562,3,0.2,0.27,0.3,0.36,0.44,1
2563,4,0.18,0.22,0.24,0.28,0.33,1
2564,3,0.21,0.23,0.28,0.32,0.36,1
2565,4,0.16,0.21,0.26,0.31,0.33,1
2566,5,0.13,0.16,0.17,0.22,0.29,1
2567,5,0.13,0.15,0.19,0.25,0.28,1
2568,3,0.2,0.26,0.31,0.36,0.41,1
2569,2,0.26,0.3,0.35,0.38,0.43,1
2570,3,0.2,0.22,0.29,0.36,0.39,3
2571,3,0.23,0.25,0.31,0.37,0.41,1
2572,5,0.15,0.17,0.2,0.26,0.29,2
2573,3,0.21,0.24,0.29,0.34,0.41,1
2574,5,0.12,0.14,0.18,0.22,0.28,1
2575,1,0.32,0.35,0.38,0.41,0.47,1
2576,2,0.26,0.3,0.36,0.4,0.42,1
2577,4,0.14,0.17,0.22,0.28,0.35,1
2578,4,0.19,0.23,0.26,0.31,0.35,2
2579,1,0.3,0.32,0.38,0.43,0.48,1
2580,3,0.24,0.28,0.31,0.36,0.41,1
2581,1,0.28,0.32,0.41,0.45,0.48,1
2582,1,0.32,0.39,0.47,0.51,0.55,1
2583,2,0.24,0.28,0.33,0.37,0.4,2
2584,2,0.25,0.29,0.32,0.38,0.43,1
2585,4,0.16,0.22,0.26,0.3,0.34,1
2586,2,0.26,0.31,0.36,0.42,0.49,1
2587,4,0.2,0.22,0.25,0.3,0.34,1
2588,4,0.2,0.22,0.26,0.29,0.34,1
2589,3,0.17,0.22,0.32,0.39,0.46,1
2590,4,0.18,0.21,0.27,0.3,0.36,1
2591,2,0.24,0.29,0.32,0.4,0.43,1
2592,5,0.11,0.16,0.2,0.25,0.3,2
2593,2,0.26,0.3,0.35,0.38,0.42,1
2594,5,0.09,0.14,0.2,0.24,0.31,1
2595,3,0.2,0.25,0.29,0.35,0.41,1
2596,5,0.12,0.17,0.2,0.26,0.32,1
2597,4,0.18,0.21,0.24,0.29,0.33,1
2598,1,0.3,0.36,0.41,0.48,0.54,1
2599,5,0.15,0.17,0.2,0.25,0.29,1
2600,3,0.19,0.24,0.3,0.37,0.45,1
2601,4,0.15,0.19,0.25,0.3,0.37,1
2602,1,0.32,0.37,0.4,0.48,0.49,1
2603,5,0.16,0.21,0.23,0.26,0.31,1
2604,1,0.29,0.33,0.41,0.49,0.55,1
2605,4,0.15,0.19,0.24,0.31,0.38,1
2606,3,0.18,0.2,0.28,0.32,0.39,1
2607,1,0.29,0.31,0.38,0.46,0.5,1
2608,3,0.19,0.24,0.28,0.32,0.34,1
2609,3,0.19,0.23,0.28,0.35,0.45,1
2610,3,0.23,0.27,0.3,0.32,0.39,1
2611,1,0.32,0.39,0.43,0.5,0.56,1
2612,1,0.3,0.34,0.39,0.44,0.49,1
2613,2,0.24,0.28,0.34,0.37,0.43,1
2614,4,0.19,0.23,0.28,0.31,0.35,1
2615,1,0.3,0.34,0.39,0.45,0.54,1
2616,1,0.28,0.32,0.36,0.41,0.46,1
2617,2,0.24,0.29,0.34,0.4,0.47,1
2618,3,0.23,0.26,0.32,0.34,0.38,1
2619,5,0.12,0.15,0.2,0.26,0.31,2
2620,5,0.14,0.17,0.22,0.25,0.32,1
2621,5,0.11,0.14,0.2,0.23,0.28,1
2622,3,0.25,0.27,0.3,0.34,0.39,1
2623,5,0.14,0.17,0.19,0.22,0.3,1
2624,5,0.15,0.18,0.22,0.27,0.31,1
2625,2,0.25,0.29,0.34,0.39,0.44,1
2626,5,0.13,0.16,0.19,0.23,0.28,1
2627,2,0.22,0.31,0.37,0.45,0.5,2
2628,1,0.28,0.34,0.41,0.45,0.5,1
2629,3,0.17,0.22,0.29,0.36,0.39,1
2630,4,0.16,0.19,0.27,0.32,0.39,1
2631,3,0.18,0.24,0.28,0.33,0.37,1
2632,3,0.23,0.26,0.32,0.39,0.43,1
2633,5,0.18,0.22,0.26,0.27,0.31,1
2634,4,0.17,0.19,0.24,0.28,0.32,1
2635,2,0.25,0.28,0.33,0.4,0.46,1
2636,2,0.27,0.32,0.36,0.44,0.51,1
2637,1,0.31,0.37,0.41,0.47,0.54,1
2638,4,0.16,0.21,0.27,0.3,0.35,1
2639,2,0.25,0.3,0.35,0.4,0.44,1
2640,1,0.31,0.37,0.4,0.46,0.5,1
2641,1,0.31,0.37,0.42,0.48,0.52,1
2642,3,0.17,0.21,0.28,0.34,0.4,1
2643,4,0.16,0.19,0.21,0.28,0.32,1
2644,3,0.19,0.25,0.29,0.35,0.41,1
2645,4,0.17,0.21,0.25,0.3,0.35,1
2646,4,0.13,0.15,0.22,0.29,0.34,1
2647,1,0.32,0.38,0.42,0.52,0.58,1
2648,4,0.14,0.19,0.24,0.29,0.37,2
2649,1,0.32,0.37,0.45,0.49,0.59,2
2650,4,0.22,0.25,0.26,0.31,0.38,1
2651,2,0.27,0.31,0.35,0.43,0.49,2
2652,4,0.18,0.22,0.27,0.32,0.4,1
2653,1,0.32,0.36,0.42,0.49,0.52,1
2654,2,0.25,0.28,0.32,0.37,0.44,2
2655,4,0.14,0.16,0.22,0.29,0.34,3
2656,5,0.14,0.18,0.22,0.27,0.31,1
2657,3,0.18,0.22,0.28,0.33,0.36,1
2658,1,0.3,0.34,0.41,0.47,0.49,1
2659,4,0.16,0.2,0.25,0.29,0.35,1
2660,2,0.26,0.31,0.34,0.39,0.43,1
2661,5,0.14,0.17,0.19,0.26,0.31,2
2662,2,0.26,0.3,0.36,0.4,0.49,1
2663,1,0.29,0.31,0.37,0.43,0.47,1
2664,4,0.18,0.21,0.26,0.31,0.33,1
2665,3,0.22,0.24,0.29,0.34,0.39,1
2666,3,0.21,0.25,0.3,0.32,0.37,1
2667,5,0.15,0.17,0.21,0.27,0.32,1
2668,2,0.26,0.3,0.35,0.4,0.45,1
2669,2,0.23,0.28,0.34,0.4,0.45,1
2670,4,0.14,0.19,0.26,0.3,0.34,1
2671,3,0.21,0.26,0.31,0.35,0.38,1
2672,4,0.13,0.16,0.23,0.28,0.33,1
2673,3,0.21,0.25,0.29,0.37,0.44,2
2674,1,0.28,0.34,0.39,0.43,0.5,1
2675,3,0.2,0.24,0.29,0.33,0.39,1
2676,2,0.23,0.3,0.31,0.35,0.39,2
2677,2,0.24,0.28,0.32,0.38,0.44,1
2678,5,0.13,0.15,0.18,0.23,0.29,1
2679,3,0.17,0.23,0.28,0.34,0.39,1
2680,3,0.19,0.23,0.28,0.36,0.43,2
2681,4,0.15,0.21,0.27,0.3,0.34,1
2682,1,0.28,0.33,0.39,0.43,0.49,1
2683,1,0.28,0.36,0.39,0.46,0.52,1
2684,2,0.24,0.28,0.34,0.4,0.46,1
2685,2,0.23,0.29,0.33,0.4,0.48,2
2686,4,0.18,0.22,0.26,0.32,0.37,1
2687,2,0.24,0.28,0.36,0.41,0.49,1
2688,1,0.29,0.34,0.4,0.45,0.51,1
2689,5,0.12,0.16,0.21,0.26,0.32,1
2690,3,0.2,0.27,0.31,0.36,0.39,1
2691,5,0.14,0.15,0.21,0.23,0.3,1
2692,4,0.16,0.2,0.24,0.29,0.35,1
2693,1,0.3,0.33,0.36,0.4,0.48,1
2694,1,0.32,0.37,0.43,0.51,0.59,1
2695,1,0.28,0.35,0.41,0.49,0.54,1
2696,4,0.15,0.18,0.21,0.28,0.32,1
2697,1,0.28,0.32,0.37,0.46,0.5,1
2698,5,0.11,0.14,0.16,0.19,0.28,1
2699,4,0.19,0.23,0.27,0.31,0.32,1
2700,2,0.23,0.29,0.37,0.45,0.5,1
2701,4,0.14,0.18,0.24,0.29,0.33,1
2702,5,0.12,0.15,0.19,0.24,0.31,1
2703,5,0.12,0.17,0.21,0.25,0.31,1
2704,2,0.26,0.3,0.31,0.38,0.46,1
2705,5,0.13,0.18,0.21,0.25,0.3,1
2706,3,0.18,0.22,0.28,0.34,0.39,1
2707,5,0.16,0.2,0.24,0.27,0.3,1
2708,5,0.16,0.19,0.24,0.28,0.3,1
2709,2,0.24,0.31,0.38,0.45,0.51,1
2710,2,0.25,0.31,0.33,0.38,0.44,1
2711,5,0.13,0.16,0.19,0.26,0.29,1
2712,4,0.17,0.2,0.22,0.29,0.34,1
2713,4,0.22,0.24,0.28,0.31,0.4,1
2714,3,0.2,0.27,0.3,0.36,0.42,1
2715,1,0.31,0.37,0.41,0.46,0.52,1
2716,1,0.28,0.34,0.35,0.38,0.43,1
2717,3,0.21,0.25,0.31,0.36,0.4,1
2718,1,0.28,0.35,0.39,0.43,0.47,1
2719,5,0.12,0.16,0.21,0.26,0.31,1
2720,1,0.32,0.37,0.44,0.49,0.56,1
2721,5,0.13,0.18,0.22,0.24,0.3,1
2722,4,0.15,0.17,0.23,0.28,0.32,1
2723,1,0.3,0.35,0.39,0.49,0.57,1
2724,4,0.17,0.18,0.26,0.32,0.37,1
2725,1,0.31,0.35,0.43,0.5,0.53,1
2726,5,0.13,0.16,0.2,0.25,0.32,1
2727,4,0.19,0.22,0.26,0.3,0.34,1
2728,5,0.12,0.15,0.21,0.24,0.28,2
2729,1,0.29,0.35,0.42,0.45,0.48,1
2730,3,0.18,0.25,0.32,0.38,0.42,1
2731,3,0.21,0.24,0.3,0.37,0.42,1
2732,5,0.13,0.17,0.2,0.26,0.32,1
2733,1,0.31,0.33,0.38,0.44,0.5,1
2734,5,0.17,0.2,0.23,0.28,0.31,1
2735,2,0.24,0.29,0.34,0.39,0.45,1
2736,2,0.27,0.29,0.35,0.43,0.48,1
2737,2,0.25,0.28,0.34,0.37,0.41,1
2738,1,0.31,0.35,0.42,0.45,0.52,1
2739,5,0.12,0.15,0.18,0.25,0.28,1
2740,1,0.3,0.34,0.37,0.45,0.5,1
2741,3,0.17,0.22,0.28,0.33,0.38,1
2742,1,0.29,0.36,0.4,0.44,0.48,1
2743,1,0.32,0.36,0.43,0.48,0.53,1
2744,4,0.2,0.21,0.26,0.3,0.37,1
2745,5,0.15,0.17,0.2,0.23,0.29,1
2746,5,0.11,0.13,0.18,0.27,0.3,1
2747,4,0.19,0.21,0.27,0.31,0.38,1
2748,5,0.16,0.2,0.23,0.24,0.28,1
2749,3,0.25,0.28,0.3,0.34,0.4,1
2750,3,0.2,0.23,0.29,0.35,0.39,1
2751,1,0.31,0.36,0.43,0.46,0.52,1
2752,3,0.21,0.27,0.31,0.35,0.39,1
2753,5,0.11,0.16,0.2,0.25,0.31,1
2754,5,0.17,0.2,0.23,0.26,0.32,1
2755,4,0.2,0.23,0.27,0.32,0.39,2
2756,1,0.32,0.35,0.41,0.48,0.52,1
2757,1,0.28,0.33,0.36,0.41,0.46,1
2758,5,0.13,0.19,0.22,0.26,0.32,1
2759,2,0.24,0.32,0.39,0.43,0.54,1
2760,4,0.15,0.2,0.23,0.29,0.35,1
2761,1,0.32,0.36,0.44,0.52,0.58,1
2762,2,0.28,0.29,0.35,0.4,0.47,1
2763,3,0.2,0.24,0.3,0.38,0.48,2
2764,5,0.1,0.13,0.17,0.23,0.31,1
2765,1,0.31,0.36,0.4,0.43,0.49,1
2766,5,0.11,0.16,0.2,0.27,0.3,1
2767,2,0.24,0.31,0.32,0.39,0.44,2
2768,1,0.32,0.37,0.44,0.52,0.59,1
2769,4,0.18,0.22,0.26,0.32,0.36,1
2770,5,0.16,0.2,0.22,0.26,0.28,1
2771,1,0.31,0.37,0.42,0.47,0.56,1
2772,4,0.15,0.19,0.23,0.29,0.33,1
2773,4,0.18,0.23,0.26,0.3,0.36,1
2774,5,0.17,0.2,0.24,0.27,0.3,2
2775,1,0.31,0.39,0.45,0.51,0.56,1
2776,4,0.16,0.2,0.22,0.3,0.36,1
2777,2,0.26,0.29,0.32,0.39,0.46,1
2778,1,0.3,0.34,0.39,0.44,0.49,1
2779,4,0.14,0.18,0.21,0.29,0.35,1
2780,2,0.26,0.31,0.38,0.41,0.45,1
2781,4,0.17,0.19,0.24,0.28,0.33,1
2782,5,0.12,0.16,0.17,0.22,0.28,1
2783,5,0.15,0.19,0.23,0.27,0.31,1
2784,3,0.22,0.27,0.32,0.38,0.42,1
2785,5,0.15,0.19,0.2,0.23,0.29,1
2786,1,0.32,0.36,0.4,0.48,0.56,1
2787,2,0.26,0.31,0.36,0.41,0.5,1
2788,2,0.22,0.28,0.33,0.37,0.45,1
2789,5,0.16,0.19,0.22,0.27,0.32,1
2790,5,0.14,0.17,0.2,0.24,0.3,2
2791,5,0.15,0.19,0.21,0.25,0.32,1
2792,2,0.24,0.3,0.38,0.43,0.54,2
2793,4,0.2,0.23,0.26,0.32,0.37,1
2794,1,0.32,0.38,0.43,0.47,0.53,2
2795,1,0.32,0.35,0.43,0.49,0.59,1
2796,3,0.2,0.23,0.28,0.32,0.34,2
2797,1,0.32,0.37,0.43,0.49,0.53,1
2798,2,0.24,0.29,0.32,0.37,0.44,1
2799,5,0.13,0.16,0.19,0.23,0.29,1
2800,5,0.12,0.15,0.2,0.23,0.28,1
2801,2,0.26,0.32,0.36,0.4,0.46,1
2802,4,0.22,0.23,0.27,0.32,0.36,2
2803,1,0.3,0.38,0.45,0.47,0.55,1
2804,3,0.18,0.21,0.29,0.32,0.33,2
2805,3,0.21,0.24,0.29,0.35,0.38,3
2806,2,0.23,0.32,0.36,0.42,0.49,1
2807,5,0.15,0.17,0.2,0.26,0.31,1
2808,4,0.17,0.19,0.24,0.3,0.36,1
2809,2,0.2,0.29,0.35,0.38,0.44,1
2810,2,0.24,0.29,0.34,0.41,0.47,1
2811,4,0.17,0.22,0.24,0.28,0.33,2
2812,2,0.25,0.3,0.34,0.4,0.43,1
2813,5,0.12,0.15,0.2,0.23,0.29,1
2814,2,0.23,0.28,0.35,0.4,0.43,1
2815,4,0.18,0.22,0.26,0.32,0.38,1
2816,2,0.21,0.28,0.32,0.38,0.43,1
2817,4,0.21,0.25,0.27,0.3,0.35,1
2818,4,0.15,0.19,0.25,0.31,0.36,1
2819,4,0.18,0.22,0.26,0.3,0.38,1
2820,5,0.12,0.16,0.19,0.24,0.29,1
2821,2,0.22,0.28,0.33,0.37,0.42,1
2822,2,0.26,0.3,0.36,0.43,0.49,1
2823,1,0.3,0.39,0.44,0.49,0.53,1
2824,3,0.18,0.24,0.3,0.35,0.4,1
2825,5,0.13,0.17,0.22,0.25,0.3,1
2826,5,0.12,0.15,0.19,0.24,0.29,1
2827,4,0.19,0.22,0.23,0.29,0.33,2
2828,3,0.19,0.25,0.28,0.35,0.43,1
2829,5,0.14,0.18,0.21,0.25,0.32,3
2830,2,0.23,0.29,0.35,0.36,0.43,1
2831,1,0.31,0.35,0.41,0.43,0.51,1
2832,1,0.32,0.38,0.43,0.5,0.57,1
2833,5,0.11,0.14,0.2,0.25,0.31,3
2834,2,0.27,0.31,0.35,0.38,0.44,2
2835,1,0.29,0.34,0.41,0.44,0.49,1
2836,4,0.19,0.23,0.26,0.3,0.36,1
2837,3,0.2,0.26,0.28,0.33,0.39,1
2838,5,0.14,0.17,0.21,0.26,0.31,1
2839,4,0.12,0.16,0.24,0.32,0.39,1
2840,2,0.21,0.28,0.32,0.35,0.44,1
2841,2,0.26,0.3,0.35,0.38,0.47,1
2842,4,0.17,0.22,0.26,0.28,0.38,1
2843,4,0.16,0.18,0.23,0.29,0.35,1
2844,2,0.26,0.32,0.33,0.38,0.47,1
2845,5,0.13,0.15,0.18,0.24,0.28,1
2846,3,0.2,0.25,0.32,0.37,0.4,1
2847,1,0.29,0.35,0.41,0.47,0.57,1
2848,5,0.16,0.17,0.22,0.26,0.31,1
2849,2,0.23,0.3,0.34,0.41,0.43,1
2850,3,0.18,0.22,0.28,0.34,0.37,1
2851,4,0.16,0.18,0.25,0.29,0.33,1
2852,1,0.31,0.37,0.44,0.5,0.56,1
2853,1,0.3,0.37,0.42,0.49,0.55,1
2854,1,0.28,0.32,0.39,0.42,0.44,1
2855,2,0.23,0.28,0.33,0.38,0.45,1
2856,5,0.13,0.16,0.19,0.24,0.32,1
2857,5,0.13,0.18,0.22,0.28,0.3,1
2858,4,0.18,0.21,0.24,0.29,0.33,1
2859,3,0.19,0.27,0.32,0.36,0.4,2
2860,2,0.24,0.3,0.41,0.46,0.52,1
2861,4,0.15,0.19,0.26,0.28,0.34,1
2862,2,0.25,0.3,0.35,0.42,0.46,1
2863,3,0.22,0.26,0.3,0.35,0.39,1
2864,3,0.24,0.27,0.31,0.36,0.41,1
2865,3,0.25,0.28,0.31,0.35,0.4,1
2866,1,0.29,0.34,0.41,0.46,0.52,1
2867,4,0.13,0.19,0.25,0.3,0.31,1
2868,2,0.25,0.31,0.39,0.43,0.47,2
2869,1,0.29,0.33,0.36,0.41,0.47,1
2870,5,0.15,0.19,0.23,0.26,0.28,1
2871,3,0.2,0.27,0.32,0.37,0.43,1
2872,5,0.14,0.19,0.24,0.27,0.3,1
2873,2,0.27,0.32,0.37,0.42,0.47,1
2874,3,0.23,0.26,0.29,0.35,0.42,2
2875,1,0.28,0.36,0.39,0.43,0.47,1
2876,5,0.17,0.2,0.21,0.24,0.28,2
2877,4,0.2,0.22,0.25,0.28,0.32,1
2878,1,0.31,0.36,0.46,0.53,0.58,1
2879,3,0.19,0.24,0.29,0.34,0.42,1
2880,2,0.26,0.3,0.34,0.4,0.44,2
2881,5,0.1,0.13,0.18,0.25,0.3,1
2882,2,0.23,0.3,0.35,0.39,0.47,1
2883,3,0.21,0.26,0.32,0.38,0.46,1
2884,4,0.17,0.23,0.27,0.32,0.41,1
2885,3,0.21,0.26,0.31,0.37,0.4,2
2886,3,0.18,0.22,0.29,0.32,0.36,1
2887,5,0.12,0.14,0.18,0.21,0.28,1
2888,5,0.14,0.17,0.21,0.27,0.32,1
2889,2,0.25,0.32,0.37,0.42,0.47,2
2890,4,0.17,0.21,0.24,0.3,0.33,2
2891,1,0.32,0.37,0.42,0.5,0.58,1
2892,4,0.16,0.2,0.26,0.3,0.33,1
2893,4,0.18,0.22,0.28,0.3,0.34,1
2894,5,0.15,0.18,0.21,0.24,0.3,1
2895,3,0.19,0.27,0.31,0.36,0.44,2
2896,4,0.14,0.18,0.22,0.29,0.37,1
2897,2,0.25,0.32,0.38,0.44,0.52,1
2898,1,0.32,0.35,0.38,0.45,0.5,1
2899,5,0.1,0.14,0.17,0.22,0.28,1
2900,5,0.14,0.17,0.21,0.24,0.28,1
2901,5,0.13,0.15,0.19,0.23,0.28,1
2902,3,0.19,0.23,0.28,0.35,0.4,1
2903,2,0.24,0.29,0.39,0.43,0.49,2
2904,4,0.18,0.22,0.27,0.3,0.36,1
2905,4,0.18,0.22,0.26,0.31,0.37,1
2906,5,0.11,0.17,0.2,0.27,0.32,1
2907,4,0.14,0.19,0.22,0.28,0.34,1
2908,3,0.2,0.25,0.31,0.37,0.39,1
2909,5,0.11,0.15,0.18,0.24,0.28,1
2910,3,0.2,0.28,0.3,0.38,0.44,1
2911,4,0.16,0.22,0.24,0.3,0.36,1
2912,2,0.23,0.29,0.32,0.39,0.46,1
2913,4,0.21,0.24,0.26,0.29,0.32,1
2914,3,0.2,0.25,0.28,0.33,0.37,1
2915,4,0.21,0.22,0.26,0.32,0.4,1
2916,5,0.17,0.18,0.21,0.25,0.3,1
2917,1,0.32,0.36,0.45,0.53,0.56,1
2918,1,0.3,0.35,0.39,0.45,0.5,1
2919,2,0.24,0.32,0.38,0.43,0.47,1
2920,3,0.23,0.26,0.32,0.38,0.45,1
2921,1,0.28,0.32,0.37,0.44,0.51,2
2922,4,0.18,0.2,0.24,0.29,0.33,1
2923,1,0.29,0.35,0.4,0.45,0.5,1
2924,2,0.28,0.31,0.37,0.41,0.47,1
2925,5,0.13,0.16,0.2,0.24,0.31,1
2926,5,0.15,0.2,0.24,0.27,0.28,1
2927,1,0.32,0.4,0.44,0.51,0.56,1
2928,4,0.16,0.2,0.22,0.29,0.33,1
2929,3,0.23,0.25,0.28,0.32,0.39,1
2930,2,0.22,0.28,0.32,0.39,0.43,1
2931,1,0.31,0.35,0.41,0.48,0.51,2
2932,1,0.32,0.37,0.41,0.48,0.53,1
2933,1,0.3,0.34,0.42,0.48,0.53,1
2934,1,0.29,0.35,0.41,0.48,0.54,1
2935,1,0.29,0.34,0.38,0.42,0.45,1
2936,1,0.31,0.35,0.42,0.47,0.51,1
2937,4,0.16,0.22,0.28,0.31,0.37,3
2938,4,0.18,0.19,0.26,0.31,0.36,1
2939,2,0.23,0.28,0.35,0.37,0.44,1
2940,5,0.14,0.18,0.2,0.25,0.3,1
2941,3,0.22,0.26,0.32,0.35,0.42,1
2942,3,0.19,0.23,0.29,0.33,0.4,1
2943,1,0.29,0.36,0.4,0.46,0.5,1
2944,2,0.28,0.3,0.38,0.48,0.56,1
2945,3,0.2,0.24,0.28,0.34,0.39,1
2946,3,0.2,0.24,0.3,0.34,0.43,1
2947,5,0.16,0.19,0.21,0.27,0.31,1
2948,5,0.15,0.18,0.21,0.26,0.32,1
2949,2,0.27,0.31,0.36,0.39,0.45,1
2950,2,0.25,0.31,0.4,0.44,0.52,1
2951,4,0.18,0.19,0.24,0.32,0.36,1
2952,3,0.21,0.23,0.29,0.32,0.37,1
2953,4,0.18,0.2,0.23,0.29,0.34,1
2954,3,0.2,0.26,0.31,0.39,0.46,1
2955,4,0.17,0.2,0.25,0.28,0.32,1
2956,2,0.27,0.31,0.37,0.42,0.46,1
2957,4,0.19,0.2,0.23,0.29,0.35,1
2958,4,0.17,0.2,0.23,0.31,0.36,1
2959,4,0.19,0.23,0.26,0.31,0.37,1
2960,5,0.12,0.14,0.17,0.21,0.28,1
2961,5,0.14,0.16,0.19,0.23,0.3,1
2962,1,0.29,0.36,0.4,0.46,0.55,1
2963,5,0.14,0.16,0.21,0.26,0.31,1
2964,1,0.3,0.38,0.43,0.46,0.47,1
2965,5,0.16,0.19,0.24,0.27,0.32,1
2966,5,0.12,0.17,0.21,0.24,0.31,1
2967,2,0.25,0.32,0.35,0.38,0.43,1
2968,2,0.22,0.28,0.33,0.38,0.45,2
2969,5,0.12,0.15,0.19,0.26,0.3,1
2970,5,0.13,0.17,0.21,0.23,0.29,1
2971,5,0.16,0.18,0.19,0.22,0.29,1
2972,1,0.28,0.34,0.38,0.43,0.51,1
2973,3,0.18,0.22,0.28,0.32,0.4,1
2974,4,0.14,0.2,0.23,0.29,0.31,1
2975,1,0.29,0.36,0.39,0.44,0.51,1
2976,2,0.27,0.29,0.35,0.39,0.46,1
2977,4,0.19,0.23,0.26,0.32,0.37,1
2978,3,0.2,0.23,0.28,0.33,0.36,2
2979,1,0.3,0.33,0.4,0.44,0.54,1
2980,4,0.17,0.2,0.26,0.3,0.34,1
2981,3,0.21,0.23,0.3,0.35,0.4,1
2982,1,0.31,0.38,0.45,0.51,0.57,1
2983,2,0.24,0.28,0.35,0.39,0.42,1
2984,3,0.17,0.22,0.3,0.37,0.38,1
2985,1,0.29,0.34,0.41,0.47,0.52,1
2986,4,0.16,0.21,0.27,0.3,0.32,1
2987,4,0.17,0.2,0.23,0.3,0.31,1
2988,3,0.19,0.24,0.29,0.37,0.42,1
2989,5,0.14,0.17,0.23,0.27,0.3,2
2990,1,0.32,0.39,0.47,0.53,0.58,1
2991,5,0.13,0.14,0.2,0.25,0.29,1
2992,4,0.17,0.22,0.25,0.32,0.39,2
2993,2,0.22,0.3,0.34,0.42,0.48,1
2994,4,0.16,0.21,0.24,0.29,0.35,1
2995,1,0.32,0.38,0.43,0.53,0.57,1
2996,4,0.18,0.22,0.25,0.3,0.31,1
2997,3,0.22,0.27,0.29,0.31,0.34,1
2998,2,0.23,0.28,0.33,0.38,0.42,1
2999,3,0.24,0.27,0.29,0.32,0.39,1
3000,5,0.13,0.14,0.17,0.25,0.3,1
3001,3,0.23,0.27,0.31,0.34,0.4,1
3002,5,0.13,0.16,0.2,0.25,0.32,1
3003,5,0.11,0.14,0.18,0.23,0.29,1
3004,2,0.27,0.31,0.36,0.43,0.46,2
3005,1,0.3,0.36,0.39,0.41,0.46,1
3006,2,0.25,0.28,0.36,0.38,0.44,1
3007,3,0.2,0.24,0.3,0.35,0.38,1
3008,2,0.26,0.31,0.33,0.36,0.39,1
3009,5,0.15,0.17,0.21,0.26,0.28,1
3010,4,0.17,0.22,0.25,0.3,0.38,1
3011,3,0.22,0.26,0.29,0.31,0.35,1
3012,3,0.17,0.22,0.28,0.35,0.38,1
3013,5,0.13,0.16,0.18,0.26,0.31,2
3014,5,0.16,0.17,0.2,0.24,0.31,1
3015,4,0.15,0.2,0.24,0.31,0.35,1
3016,3,0.19,0.25,0.3,0.34,0.38,1
3017,5,0.14,0.17,0.2,0.25,0.32,1
3018,2,0.26,0.28,0.34,0.4,0.48,1
3019,4,0.14,0.23,0.28,0.31,0.35,1
3020,4,0.15,0.2,0.26,0.3,0.36,1
3021,3,0.17,0.25,0.31,0.38,0.44,3
3022,3,0.2,0.26,0.29,0.38,0.43,1
3023,1,0.31,0.37,0.41,0.47,0.53,1
3024,1,0.32,0.38,0.42,0.46,0.5,1
3025,5,0.14,0.17,0.22,0.25,0.28,2
3026,1,0.32,0.38,0.44,0.53,0.6,2
3027,2,0.25,0.3,0.33,0.37,0.43,2
3028,1,0.31,0.35,0.39,0.44,0.47,1
3029,2,0.24,0.28,0.32,0.36,0.43,2
3030,5,0.15,0.19,0.21,0.27,0.32,1
3031,3,0.17,0.24,0.3,0.36,0.44,1
3032,5,0.12,0.16,0.2,0.24,0.28,1
3033,5,0.16,0.19,0.23,0.25,0.29,1
3034,1,0.29,0.36,0.41,0.45,0.48,1
3035,3,0.21,0.25,0.32,0.38,0.45,1
3036,4,0.18,0.22,0.24,0.29,0.36,1
3037,4,0.15,0.18,0.24,0.28,0.32,1
3038,5,0.13,0.2,0.22,0.26,0.31,1
3039,2,0.26,0.3,0.35,0.41,0.46,1
3040,2,0.25,0.29,0.34,0.39,0.45,1
3041,4,0.14,0.18,0.23,0.28,0.34,1
3042,3,0.2,0.26,0.32,0.38,0.42,1
3043,1,0.28,0.34,0.38,0.43,0.47,1
3044,3,0.21,0.26,0.32,0.36,0.41,1
3045,4,0.19,0.22,0.26,0.29,0.35,1
3046,3,0.21,0.27,0.31,0.34,0.38,1
3047,4,0.16,0.2,0.23,0.28,0.33,1
3048,4,0.15,0.17,0.23,0.3,0.34,1
3049,4,0.16,0.19,0.21,0.28,0.32,1
3050,4,0.19,0.22,0.26,0.31,0.36,1
3051,1,0.32,0.38,0.42,0.45,0.51,1
3052,1,0.31,0.36,0.4,0.42,0.48,1
3053,2,0.27,0.3,0.39,0.45,0.51,1
3054,1,0.32,0.36,0.42,0.47,0.55,1
3055,1,0.28,0.33,0.39,0.43,0.46,1
3056,5,0.15,0.18,0.2,0.22,0.28,1
3057,4,0.14,0.18,0.24,0.3,0.34,2
3058,3,0.21,0.27,0.32,0.35,0.44,1
3059,5,0.12,0.15,0.19,0.25,0.29,1
3060,5,0.16,0.17,0.2,0.23,0.3,1
3061,1,0.3,0.34,0.41,0.46,0.52,1
3062,5,0.15,0.17,0.22,0.26,0.32,1
3063,3,0.23,0.26,0.3,0.35,0.41,1
3064,5,0.15,0.19,0.23,0.27,0.32,1
3065,5,0.12,0.16,0.19,0.24,0.29,1
3066,1,0.31,0.33,0.4,0.48,0.57,1
3067,1,0.31,0.36,0.4,0.48,0.55,1
3068,5,0.15,0.19,0.24,0.28,0.3,2
3069,5,0.13,0.17,0.2,0.25,0.28,1
3070,2,0.27,0.31,0.33,0.38,0.44,2
3071,4,0.13,0.18,0.23,0.31,0.35,1
3072,2,0.26,0.29,0.36,0.43,0.48,2
3073,1,0.32,0.35,0.4,0.46,0.53,1
3074,3,0.25,0.27,0.3,0.37,0.43,1
3075,3,0.18,0.24,0.29,0.36,0.42,2
3076,5,0.11,0.14,0.18,0.24,0.28,1
3077,3,0.18,0.22,0.28,0.32,0.37,1
3078,2,0.25,0.29,0.32,0.35,0.4,1
3079,2,0.26,0.31,0.36,0.4,0.44,1
3080,5,0.13,0.15,0.19,0.22,0.29,1
3081,1,0.31,0.36,0.41,0.44,0.5,1
3082,4,0.17,0.22,0.27,0.31,0.36,1
3083,2,0.24,0.3,0.37,0.4,0.5,2
3084,4,0.16,0.21,0.25,0.31,0.37,1
3085,1,0.29,0.33,0.35,0.42,0.5,1
3086,4,0.17,0.21,0.25,0.29,0.36,1
3087,1,0.28,0.33,0.38,0.45,0.5,1
3088,5,0.11,0.13,0.17,0.23,0.31,3
3089,2,0.25,0.3,0.39,0.4,0.44,1
3090,4,0.17,0.21,0.26,0.29,0.34,2
3091,1,0.31,0.37,0.43,0.48,0.51,1
3092,1,0.28,0.33,0.37,0.45,0.5,1
3093,3,0.19,0.25,0.31,0.36,0.4,1
3094,1,0.31,0.38,0.42,0.49,0.56,1
3095,5,0.14,0.15,0.19,0.25,0.3,1
3096,2,0.23,0.28,0.33,0.37,0.41,1
3097,4,0.14,0.18,0.22,0.29,0.33,1
3098,4,0.17,0.22,0.26,0.29,0.35,1
3099,3,0.2,0.24,0.28,0.32,0.37,1
3100,5,0.1,0.12,0.17,0.22,0.3,1
3101,1,0.32,0.39,0.44,0.48,0.52,1
3102,4,0.13,0.17,0.22,0.3,0.36,1
3103,2,0.23,0.29,0.32,0.35,0.4,1
3104,5,0.11,0.14,0.19,0.25,0.31,1
3105,2,0.25,0.3,0.32,0.36,0.42,2
3106,5,0.15,0.19,0.23,0.25,0.29,1
3107,1,0.3,0.35,0.38,0.45,0.5,1
3108,1,0.3,0.34,0.39,0.47,0.55,1
3109,4,0.16,0.21,0.24,0.3,0.35,1
3110,1,0.31,0.38,0.4,0.42,0.47,1
3111,1,0.29,0.32,0.36,0.43,0.49,1
3112,1,0.3,0.34,0.37,0.45,0.52,1
3113,1,0.3,0.37,0.42,0.5,0.54,1
3114,5,0.15,0.18,0.23,0.27,0.32,1
3115,5,0.13,0.18,0.19,0.22,0.3,1
3116,5,0.14,0.16,0.19,0.24,0.28,1
3117,4,0.17,0.22,0.26,0.3,0.32,2
3118,4,0.19,0.21,0.26,0.3,0.38,1
3119,1,0.31,0.37,0.43,0.49,0.54,1
3120,4,0.19,0.23,0.25,0.29,0.32,1
3121,2,0.24,0.29,0.32,0.37,0.38,1
3122,2,0.25,0.3,0.34,0.39,0.44,1
3123,5,0.16,0.19,0.21,0.26,0.31,1
3124,3,0.22,0.25,0.29,0.36,0.46,1
3125,5,0.15,0.18,0.21,0.26,0.32,1
3126,1,0.29,0.35,0.39,0.44,0.49,1
3127,1,0.28,0.34,0.4,0.42,0.48,1
3128,4,0.13,0.18,0.22,0.28,0.37,1
3129,2,0.25,0.28,0.36,0.42,0.44,1
3130,1,0.29,0.33,0.38,0.43,0.5,1
3131,5,0.1,0.14,0.18,0.24,0.28,1
3132,2,0.24,0.31,0.36,0.41,0.46,1
3133,3,0.2,0.26,0.32,0.38,0.43,1
3134,1,0.29,0.31,0.38,0.43,0.47,1
3135,2,0.24,0.3,0.36,0.42,0.46,1
3136,2,0.25,0.29,0.32,0.36,0.39,1
3137,2,0.25,0.28,0.32,0.35,0.38,1
3138,2,0.26,0.28,0.33,0.41,0.45,1
3139,1,0.28,0.35,0.4,0.45,0.5,1
3140,5,0.1,0.13,0.17,0.23,0.28,1
3141,3,0.22,0.26,0.29,0.31,0.38,1
3142,3,0.21,0.26,0.31,0.37,0.46,1
3143,1,0.29,0.36,0.38,0.43,0.47,1
3144,5,0.11,0.14,0.17,0.22,0.28,2
3145,3,0.23,0.26,0.29,0.36,0.42,1
3146,5,0.09,0.13,0.16,0.21,0.29,1
3147,4,0.14,0.18,0.23,0.29,0.37,2
3148,4,0.2,0.23,0.26,0.29,0.34,2
3149,3,0.2,0.25,0.32,0.34,0.4,1
3150,2,0.26,0.32,0.37,0.42,0.49,1
3151,4,0.16,0.22,0.26,0.31,0.36,1
3152,1,0.31,0.35,0.39,0.49,0.57,1
3153,2,0.26,0.31,0.36,0.38,0.47,2
3154,1,0.31,0.37,0.45,0.52,0.59,1
3155,4,0.17,0.21,0.22,0.28,0.33,1
3156,3,0.17,0.23,0.3,0.36,0.45,1
3157,5,0.13,0.14,0.21,0.24,0.29,1
3158,4,0.18,0.21,0.26,0.3,0.36,1
3159,3,0.24,0.27,0.3,0.39,0.43,1
3160,5,0.13,0.18,0.21,0.25,0.31,1
3161,4,0.16,0.2,0.25,0.31,0.37,1
3162,3,0.22,0.26,0.32,0.4,0.44,1
3163,3,0.18,0.23,0.29,0.36,0.42,1
3164,2,0.27,0.32,0.38,0.44,0.51,1
3165,2,0.26,0.3,0.35,0.41,0.47,1
3166,4,0.13,0.17,0.23,0.29,0.33,1
3167,2,0.23,0.28,0.34,0.41,0.47,1
3168,1,0.3,0.35,0.42,0.48,0.58,1
3169,4,0.15,0.21,0.26,0.32,0.38,1
3170,4,0.15,0.21,0.26,0.31,0.35,1
3171,1,0.29,0.36,0.42,0.45,0.49,1
3172,2,0.24,0.29,0.32,0.38,0.43,1
3173,5,0.12,0.16,0.21,0.25,0.32,1
3174,3,0.25,0.26,0.29,0.33,0.34,2
3175,4,0.17,0.22,0.25,0.31,0.35,1
3176,3,0.21,0.24,0.3,0.36,0.45,1
3177,4,0.16,0.21,0.27,0.32,0.39,1
3178,3,0.2,0.25,0.32,0.39,0.43,1
3179,4,0.17,0.21,0.26,0.3,0.36,1
3180,2,0.28,0.31,0.35,0.41,0.48,1
3181,5,0.14,0.16,0.19,0.23,0.28,1
3182,3,0.21,0.23,0.29,0.37,0.41,1
3183,5,0.12,0.17,0.2,0.25,0.31,1
3184,2,0.25,0.32,0.35,0.4,0.45,1
3185,1,0.31,0.37,0.46,0.52,0.58,1
3186,3,0.21,0.24,0.29,0.39,0.47,1
3187,3,0.19,0.25,0.32,0.37,0.44,1
3188,5,0.15,0.19,0.24,0.27,0.32,1
3189,4,0.17,0.21,0.27,0.31,0.37,1
3190,1,0.31,0.35,0.4,0.41,0.49,1
3191,5,0.11,0.15,0.18,0.24,0.32,1
3192,1,0.31,0.35,0.43,0.49,0.52,1
3193,3,0.24,0.27,0.32,0.38,0.47,1
3194,5,0.11,0.15,0.19,0.25,0.3,1
3195,3,0.19,0.24,0.3,0.35,0.39,1
3196,4,0.19,0.22,0.27,0.32,0.4,1
3197,2,0.24,0.31,0.39,0.42,0.48,1
3198,3,0.2,0.25,0.31,0.36,0.41,1
3199,4,0.18,0.21,0.23,0.31,0.36,1
3200,4,0.16,0.19,0.23,0.3,0.34,1
3201,1,0.28,0.32,0.38,0.4,0.43,1
3202,1,0.32,0.37,0.42,0.49,0.55,1
3203,4,0.19,0.22,0.25,0.31,0.35,1
3204,2,0.24,0.32,0.38,0.42,0.48,1
3205,1,0.3,0.35,0.39,0.46,0.57,1
3206,5,0.13,0.15,0.2,0.24,0.32,1
3207,5,0.16,0.2,0.24,0.26,0.3,1
3208,1,0.32,0.33,0.37,0.41,0.45,1
3209,5,0.12,0.16,0.2,0.23,0.29,1
3210,4,0.18,0.19,0.24,0.3,0.34,1
3211,5,0.13,0.17,0.22,0.26,0.31,1
3212,4,0.18,0.21,0.25,0.31,0.37,1
3213,1,0.31,0.34,0.4,0.47,0.54,1
3214,1,0.28,0.33,0.4,0.47,0.53,2
3215,5,0.17,0.2,0.22,0.28,0.31,1
3216,2,0.27,0.3,0.33,0.37,0.41,1
3217,4,0.15,0.21,0.25,0.31,0.34,1
3218,4,0.19,0.22,0.27,0.31,0.37,1
3219,5,0.17,0.2,0.24,0.26,0.28,1
3220,2,0.27,0.31,0.34,0.41,0.45,1
3221,2,0.25,0.3,0.35,0.38,0.44,2
3222,2,0.22,0.31,0.35,0.4,0.46,1
3223,2,0.25,0.32,0.37,0.42,0.51,1
3224,5,0.1,0.12,0.18,0.23,0.28,1
3225,5,0.16,0.18,0.21,0.25,0.31,1
3226,2,0.28,0.3,0.34,0.4,0.49,1
3227,3,0.18,0.24,0.3,0.33,0.4,1
3228,2,0.24,0.31,0.37,0.42,0.48,1
3229,1,0.28,0.35,0.38,0.44,0.52,1
3230,3,0.21,0.25,0.32,0.36,0.39,2
3231,4,0.18,0.19,0.24,0.28,0.37,1
3232,1,0.31,0.34,0.44,0.5,0.57,1
3233,5,0.14,0.16,0.19,0.22,0.29,1
3234,1,0.31,0.36,0.41,0.44,0.46,1
3235,5,0.12,0.14,0.16,0.23,0.29,1
3236,1,0.3,0.38,0.41,0.46,0.49,1
3237,2,0.26,0.31,0.37,0.43,0.49,1
3238,4,0.14,0.18,0.21,0.28,0.33,1
3239,4,0.14,0.19,0.23,0.29,0.33,1
3240,1,0.32,0.38,0.44,0.48,0.53,1
3241,5,0.13,0.19,0.23,0.26,0.31,1
3242,1,0.32,0.38,0.43,0.49,0.52,2
3243,1,0.31,0.36,0.4,0.41,0.47,2
3244,1,0.32,0.41,0.46,0.55,0.56,1
3245,1,0.28,0.35,0.39,0.45,0.51,1
3246,5,0.14,0.17,0.2,0.23,0.28,1
3247,1,0.28,0.35,0.43,0.49,0.57,1
3248,4,0.19,0.24,0.28,0.31,0.36,1
3249,2,0.25,0.29,0.33,0.38,0.43,1
3250,3,0.15,0.22,0.3,0.35,0.42,1
3251,5,0.12,0.14,0.19,0.22,0.28,1
3252,4,0.17,0.2,0.26,0.31,0.33,1
3253,3,0.21,0.23,0.3,0.33,0.35,1
3254,5,0.09,0.11,0.15,0.2,0.3,1
3255,3,0.21,0.24,0.31,0.36,0.38,2
3256,3,0.19,0.26,0.32,0.38,0.44,1
3257,4,0.15,0.2,0.25,0.29,0.36,1
3258,5,0.13,0.16,0.19,0.24,0.3,1
3259,3,0.22,0.25,0.3,0.36,0.43,2
3260,5,0.1,0.15,0.18,0.25,0.29,1
3261,5,0.1,0.13,0.18,0.23,0.29,1
3262,1,0.32,0.35,0.41,0.48,0.51,1
3263,2,0.27,0.32,0.36,0.38,0.42,2
3264,2,0.25,0.31,0.36,0.4,0.49,1
3265,4,0.19,0.22,0.26,0.3,0.37,1
3266,1,0.29,0.32,0.37,0.43,0.46,1
3267,3,0.17,0.24,0.28,0.32,0.38,1
3268,4,0.19,0.21,0.25,0.32,0.37,1
3269,5,0.16,0.21,0.24,0.27,0.32,1
3270,3,0.2,0.25,0.3,0.36,0.37,1
3271,1,0.3,0.32,0.37,0.44,0.51,1
3272,1,0.31,0.35,0.39,0.47,0.5,2
3273,4,0.14,0.2,0.24,0.32,0.37,1
3274,1,0.3,0.33,0.35,0.4,0.44,1
3275,1,0.29,0.34,0.41,0.48,0.52,1
3276,5,0.15,0.18,0.2,0.26,0.29,2
3277,4,0.15,0.19,0.22,0.28,0.32,1
3278,1,0.31,0.37,0.44,0.5,0.55,1
3279,4,0.21,0.26,0.27,0.31,0.33,1
3280,2,0.22,0.28,0.33,0.39,0.46,1
3281,2,0.25,0.32,0.37,0.41,0.45,1
3282,1,0.3,0.33,0.38,0.45,0.48,1
3283,5,0.11,0.13,0.17,0.25,0.29,1
3284,1,0.28,0.33,0.34,0.36,0.4,1
3285,1,0.31,0.34,0.39,0.43,0.48,1
3286,3,0.17,0.23,0.29,0.32,0.4,1
3287,1,0.31,0.35,0.41,0.49,0.58,1
3288,2,0.24,0.29,0.35,0.41,0.46,1
3289,4,0.18,0.23,0.27,0.29,0.33,2
3290,3,0.23,0.26,0.31,0.34,0.4,1
3291,1,0.3,0.36,0.42,0.48,0.53,1
3292,2,0.27,0.3,0.35,0.4,0.43,2
3293,3,0.21,0.26,0.31,0.34,0.37,2
3294,4,0.18,0.2,0.23,0.3,0.36,1
3295,1,0.32,0.35,0.4,0.5,0.55,1
3296,4,0.15,0.18,0.24,0.29,0.34,1
3297,3,0.24,0.27,0.29,0.34,0.4,1
3298,1,0.31,0.37,0.38,0.4,0.47,1
3299,5,0.14,0.18,0.21,0.25,0.31,1
3300,3,0.2,0.24,0.3,0.33,0.4,1
3301,1,0.29,0.38,0.44,0.51,0.57,1
3302,2,0.26,0.32,0.38,0.43,0.47,1
3303,3,0.21,0.25,0.31,0.35,0.38,2
3304,2,0.26,0.32,0.38,0.44,0.45,1
3305,5,0.12,0.14,0.19,0.21,0.28,1
3306,2,0.23,0.28,0.34,0.44,0.5,1
3307,3,0.17,0.21,0.28,0.34,0.4,1
3308,3,0.23,0.24,0.3,0.34,0.4,2
3309,4,0.19,0.23,0.25,0.28,0.35,1
3310,3,0.19,0.23,0.28,0.35,0.39,1
3311,4,0.23,0.25,0.28,0.3,0.36,1
3312,3,0.2,0.24,0.28,0.35,0.39,1
3313,3,0.19,0.22,0.28,0.33,0.39,1
3314,2,0.27,0.31,0.34,0.39,0.43,1
3315,5,0.15,0.17,0.22,0.24,0.31,1
3316,3,0.18,0.21,0.29,0.33,0.36,1
3317,3,0.22,0.25,0.28,0.35,0.43,1
3318,5,0.14,0.17,0.21,0.26,0.3,2
3319,4,0.19,0.24,0.26,0.3,0.35,1
3320,5,0.18,0.2,0.23,0.26,0.29,1
3321,5,0.16,0.19,0.25,0.26,0.3,1
3322,2,0.26,0.29,0.33,0.4,0.43,1
3323,4,0.18,0.22,0.24,0.3,0.35,1
3324,5,0.12,0.15,0.2,0.23,0.28,1
3325,4,0.16,0.2,0.27,0.32,0.37,1
3326,4,0.18,0.21,0.23,0.29,0.35,1
3327,5,0.1,0.13,0.17,0.24,0.31,1
3328,2,0.25,0.29,0.32,0.41,0.5,1
3329,3,0.2,0.24,0.28,0.32,0.36,1
3330,5,0.13,0.17,0.23,0.26,0.31,1
3331,3,0.19,0.24,0.29,0.34,0.39,1
3332,5,0.13,0.18,0.22,0.27,0.31,1
3333,5,0.1,0.12,0.18,0.22,0.29,1
3334,4,0.16,0.2,0.25,0.29,0.35,1
3335,2,0.23,0.28,0.34,0.37,0.42,2
3336,5,0.12,0.15,0.21,0.24,0.31,1
3337,5,0.13,0.17,0.21,0.27,0.3,1
3338,3,0.22,0.26,0.32,0.34,0.39,2
3339,2,0.23,0.29,0.34,0.37,0.45,1
3340,5,0.12,0.16,0.19,0.21,0.28,1
3341,4,0.17,0.22,0.24,0.3,0.35,1
3342,3,0.21,0.27,0.32,0.35,0.43,1
3343,1,0.29,0.33,0.39,0.45,0.5,1
3344,3,0.22,0.27,0.3,0.35,0.39,1
3345,2,0.23,0.28,0.35,0.39,0.44,1
3346,3,0.22,0.28,0.31,0.36,0.42,2
3347,4,0.16,0.21,0.26,0.31,0.34,1
3348,4,0.14,0.2,0.24,0.31,0.37,1
3349,4,0.16,0.18,0.22,0.28,0.32,2
3350,4,0.17,0.22,0.24,0.3,0.36,2
3351,4,0.19,0.22,0.27,0.32,0.34,1
3352,5,0.14,0.16,0.22,0.27,0.3,2
3353,4,0.21,0.25,0.28,0.31,0.35,1
3354,1,0.31,0.41,0.43,0.5,0.55,1
3355,1,0.32,0.37,0.41,0.49,0.56,1
3356,5,0.15,0.17,0.18,0.23,0.29,1
3357,4,0.17,0.22,0.26,0.32,0.38,2
3358,1,0.32,0.38,0.43,0.5,0.56,1
3359,2,0.24,0.29,0.35,0.42,0.46,1
3360,4,0.15,0.18,0.23,0.29,0.34,1
3361,1,0.3,0.39,0.46,0.52,0.55,2
3362,2,0.24,0.28,0.34,0.4,0.44,1
3363,2,0.23,0.3,0.37,0.42,0.46,2
3364,1,0.3,0.36,0.41,0.5,0.61,1
3365,1,0.32,0.35,0.41,0.5,0.58,2
3366,3,0.24,0.25,0.29,0.31,0.32,1
3367,4,0.16,0.2,0.26,0.28,0.32,2
3368,4,0.14,0.21,0.24,0.29,0.32,1
3369,5,0.11,0.14,0.18,0.27,0.31,1
3370,3,0.19,0.21,0.29,0.33,0.36,1
3371,5,0.11,0.15,0.19,0.24,0.29,1
3372,4,0.17,0.21,0.25,0.29,0.34,1
3373,1,0.32,0.37,0.4,0.46,0.51,1
3374,3,0.22,0.27,0.3,0.34,0.4,1
3375,2,0.23,0.32,0.38,0.42,0.5,1
3376,5,0.1,0.14,0.19,0.24,0.28,1
3377,3,0.21,0.28,0.31,0.34,0.39,1
3378,3,0.22,0.26,0.29,0.34,0.37,1
3379,3,0.21,0.26,0.31,0.36,0.42,2
3380,5,0.12,0.16,0.17,0.23,0.28,1
3381,2,0.27,0.29,0.34,0.4,0.44,1
3382,3,0.22,0.26,0.31,0.37,0.41,1
3383,5,0.14,0.16,0.19,0.25,0.28,1
3384,4,0.18,0.21,0.24,0.28,0.34,1
3385,3,0.23,0.25,0.29,0.31,0.37,1
3386,5,0.16,0.2,0.23,0.27,0.32,1
3387,5,0.15,0.17,0.2,0.24,0.31,1
3388,2,0.26,0.29,0.34,0.37,0.46,1
3389,5,0.15,0.18,0.19,0.21,0.29,1
3390,4,0.19,0.23,0.27,0.31,0.35,1
3391,3,0.19,0.24,0.3,0.36,0.41,1
3392,1,0.29,0.33,0.39,0.41,0.47,1
3393,4,0.16,0.21,0.27,0.31,0.37,1
3394,2,0.25,0.3,0.31,0.36,0.46,1
3395,4,0.17,0.21,0.27,0.31,0.36,1
3396,2,0.26,0.3,0.39,0.43,0.46,1
3397,4,0.22,0.24,0.28,0.31,0.36,1
3398,4,0.16,0.2,0.26,0.31,0.38,1
3399,2,0.21,0.28,0.35,0.41,0.48,1
3400,4,0.16,0.21,0.25,0.3,0.36,1
3401,3,0.15,0.22,0.28,0.32,0.36,1
3402,2,0.24,0.28,0.32,0.41,0.48,1
3403,2,0.27,0.3,0.35,0.39,0.46,1
3404,2,0.26,0.31,0.35,0.41,0.46,1
3405,4,0.16,0.2,0.24,0.28,0.35,1
3406,2,0.27,0.31,0.35,0.41,0.48,2
3407,2,0.27,0.29,0.34,0.41,0.43,1
3408,4,0.16,0.21,0.24,0.29,0.36,1
3409,2,0.26,0.31,0.38,0.42,0.49,1
3410,1,0.31,0.36,0.4,0.41,0.45,1
3411,4,0.2,0.25,0.27,0.31,0.38,2
3412,2,0.25,0.29,0.34,0.37,0.45,1
3413,1,0.29,0.35,0.41,0.45,0.51,1
3414,2,0.25,0.32,0.37,0.44,0.47,1
3415,5,0.12,0.15,0.19,0.25,0.28,1
3416,2,0.26,0.3,0.37,0.43,0.48,1
3417,5,0.13,0.17,0.2,0.24,0.31,1
3418,1,0.3,0.36,0.43,0.47,0.55,1
3419,2,0.25,0.31,0.36,0.44,0.54,1
3420,4,0.17,0.2,0.23,0.28,0.33,1
3421,2,0.22,0.28,0.34,0.4,0.47,1
3422,4,0.16,0.2,0.23,0.29,0.35,1
3423,3,0.16,0.2,0.31,0.33,0.42,1
3424,1,0.32,0.36,0.4,0.45,0.47,1
3425,2,0.27,0.31,0.38,0.47,0.51,1
3426,5,0.13,0.19,0.23,0.26,0.3,1
3427,4,0.16,0.21,0.26,0.3,0.36,2
3428,5,0.17,0.21,0.25,0.29,0.3,1
3429,5,0.13,0.16,0.22,0.27,0.32,2
3430,3,0.17,0.22,0.32,0.4,0.46,1
3431,5,0.14,0.16,0.2,0.25,0.31,1
3432,1,0.31,0.36,0.4,0.49,0.53,1
3433,5,0.16,0.2,0.22,0.27,0.31,1
3434,2,0.25,0.32,0.4,0.44,0.51,1
3435,2,0.26,0.32,0.38,0.47,0.52,1
3436,1,0.3,0.34,0.4,0.44,0.5,1
3437,5,0.15,0.16,0.22,0.27,0.31,1
3438,4,0.16,0.2,0.23,0.29,0.33,1
3439,1,0.29,0.34,0.4,0.49,0.55,1
3440,2,0.25,0.3,0.33,0.39,0.42,1
3441,5,0.17,0.19,0.22,0.25,0.28,1
3442,2,0.23,0.28,0.35,0.42,0.48,1
3443,5,0.12,0.16,0.19,0.21,0.28,1
3444,2,0.23,0.28,0.34,0.4,0.44,1
3445,2,0.25,0.3,0.34,0.41,0.43,1
3446,4,0.18,0.23,0.26,0.3,0.32,2
3447,1,0.3,0.33,0.39,0.48,0.54,2
3448,1,0.3,0.38,0.44,0.54,0.61,1
3449,4,0.16,0.2,0.26,0.28,0.35,1
3450,2,0.23,0.28,0.34,0.41,0.46,1
3451,1,0.32,0.39,0.44,0.5,0.57,1
3452,2,0.24,0.3,0.37,0.42,0.48,1
3453,4,0.16,0.22,0.25,0.3,0.34,1
3454,4,0.15,0.18,0.24,0.28,0.33,1
3455,1,0.29,0.35,0.4,0.44,0.49,1
3456,2,0.24,0.3,0.36,0.38,0.47,1
3457,2,0.28,0.3,0.36,0.4,0.42,1
3458,1,0.28,0.36,0.42,0.5,0.51,1
3459,4,0.19,0.22,0.24,0.31,0.35,1
3460,2,0.27,0.31,0.36,0.41,0.47,1
3461,1,0.32,0.38,0.47,0.52,0.55,2
3462,2,0.23,0.29,0.34,0.35,0.42,1
3463,2,0.26,0.3,0.37,0.44,0.49,1
3464,2,0.26,0.31,0.38,0.44,0.53,1
3465,2,0.25,0.29,0.31,0.35,0.39,2
3466,3,0.22,0.26,0.32,0.35,0.4,1
3467,5,0.15,0.17,0.23,0.27,0.31,1
3468,4,0.17,0.2,0.24,0.3,0.35,1
3469,5,0.16,0.17,0.22,0.25,0.3,1
3470,4,0.18,0.21,0.25,0.28,0.33,1
3471,5,0.13,0.14,0.18,0.22,0.28,1
3472,4,0.22,0.25,0.27,0.32,0.4,1
3473,2,0.22,0.28,0.34,0.4,0.47,2
3474,4,0.13,0.16,0.21,0.29,0.37,1
3475,5,0.15,0.17,0.21,0.28,0.31,2
3476,3,0.22,0.26,0.3,0.35,0.4,1
3477,3,0.2,0.24,0.3,0.33,0.39,1
3478,1,0.31,0.33,0.39,0.43,0.47,1
3479,3,0.23,0.24,0.29,0.32,0.39,1
3480,2,0.25,0.31,0.37,0.43,0.49,1
3481,2,0.26,0.32,0.39,0.45,0.55,1
3482,1,0.32,0.33,0.42,0.47,0.55,1
3483,2,0.22,0.3,0.35,0.4,0.47,1
3484,5,0.14,0.18,0.22,0.28,0.29,1
3485,3,0.23,0.27,0.31,0.36,0.43,1
3486,4,0.13,0.17,0.22,0.28,0.34,1
3487,4,0.16,0.18,0.23,0.28,0.34,1
3488,2,0.26,0.31,0.36,0.42,0.46,1
3489,2,0.25,0.31,0.37,0.45,0.49,1
3490,5,0.11,0.14,0.17,0.22,0.29,2
3491,3,0.23,0.24,0.31,0.35,0.42,1
3492,2,0.26,0.3,0.37,0.43,0.51,1
3493,4,0.19,0.2,0.25,0.29,0.38,1
3494,3,0.19,0.24,0.28,0.33,0.39,1
3495,2,0.22,0.29,0.34,0.4,0.45,1
3496,1,0.32,0.39,0.44,0.47,0.53,1
3497,1,0.31,0.35,0.39,0.44,0.48,1
3498,5,0.15,0.17,0.2,0.26,0.28,1
3499,3,0.18,0.23,0.29,0.33,0.37,2
3500,1,0.32,0.38,0.43,0.48,0.53,1
3501,1,0.31,0.35,0.41,0.46,0.5,1
3502,4,0.18,0.22,0.25,0.32,0.37,1
3503,5,0.14,0.18,0.22,0.25,0.32,2
3504,4,0.13,0.19,0.26,0.3,0.35,1
3505,2,0.27,0.31,0.36,0.39,0.46,1
3506,4,0.15,0.18,0.22,0.31,0.36,1
3507,4,0.17,0.2,0.23,0.28,0.33,1
3508,3,0.21,0.26,0.3,0.34,0.39,1
3509,3,0.2,0.25,0.31,0.32,0.37,1
3510,3,0.25,0.27,0.32,0.39,0.45,1
3511,3,0.22,0.27,0.32,0.38,0.43,2
3512,2,0.23,0.29,0.33,0.4,0.45,1
3513,3,0.18,0.23,0.3,0.36,0.41,1
3514,4,0.18,0.23,0.27,0.32,0.36,2
3515,1,0.31,0.36,0.44,0.5,0.56,1
3516,2,0.23,0.3,0.34,0.38,0.47,1
3517,1,0.32,0.34,0.38,0.44,0.5,1
3518,3,0.18,0.25,0.32,0.38,0.44,4
3519,5,0.17,0.19,0.22,0.25,0.3,1
3520,1,0.28,0.33,0.38,0.42,0.48,1
3521,2,0.26,0.31,0.36,0.42,0.5,1
3522,2,0.22,0.29,0.33,0.39,0.43,1
3523,4,0.1,0.16,0.23,0.31,0.36,1
3524,4,0.13,0.18,0.24,0.3,0.35,1
3525,3,0.21,0.26,0.3,0.35,0.41,2
3526,1,0.3,0.35,0.38,0.49,0.5,1
3527,4,0.17,0.21,0.25,0.29,0.31,1
3528,1,0.32,0.37,0.44,0.48,0.52,1
3529,1,0.28,0.33,0.37,0.42,0.46,1
3530,5,0.14,0.17,0.21,0.25,0.31,1
3531,2,0.22,0.29,0.35,0.39,0.45,1
3532,5,0.14,0.17,0.21,0.27,0.31,1
3533,4,0.17,0.19,0.26,0.3,0.35,1
3534,3,0.18,0.22,0.3,0.35,0.43,1
3535,1,0.32,0.34,0.39,0.45,0.51,1
3536,4,0.17,0.22,0.27,0.31,0.35,1
3537,4,0.15,0.19,0.24,0.29,0.33,1
3538,2,0.25,0.32,0.36,0.39,0.43,1
3539,5,0.13,0.16,0.2,0.24,0.28,1
3540,3,0.19,0.26,0.29,0.34,0.39,1
3541,5,0.11,0.14,0.2,0.23,0.29,1
3542,3,0.17,0.22,0.29,0.31,0.36,1
3543,1,0.29,0.34,0.4,0.48,0.52,1
3544,4,0.15,0.18,0.27,0.31,0.36,1
3545,4,0.22,0.23,0.26,0.32,0.39,1
3546,2,0.24,0.29,0.33,0.39,0.49,1
3547,3,0.22,0.27,0.31,0.34,0.36,1
3548,4,0.15,0.22,0.25,0.31,0.36,1
3549,1,0.32,0.41,0.46,0.53,0.58,1
3550,3,0.19,0.26,0.29,0.34,0.41,1
3551,4,0.17,0.22,0.24,0.32,0.36,1
3552,2,0.26,0.32,0.35,0.4,0.45,1
3553,1,0.28,0.35,0.45,0.51,0.61,1
3554,5,0.12,0.15,0.2,0.24,0.3,1
3555,2,0.25,0.32,0.38,0.47,0.5,1
3556,3,0.2,0.28,0.3,0.38,0.45,1
3557,1,0.32,0.4,0.46,0.51,0.56,1
3558,2,0.25,0.29,0.35,0.39,0.46,1
3559,1,0.32,0.36,0.42,0.46,0.51,1
3560,1,0.29,0.35,0.4,0.49,0.52,1
3561,1,0.3,0.34,0.38,0.45,0.51,1
3562,2,0.26,0.31,0.37,0.45,0.53,1
3563,3,0.23,0.26,0.29,0.32,0.36,2
3564,5,0.13,0.15,0.2,0.25,0.29,1
3565,4,0.13,0.17,0.22,0.31,0.37,1
3566,2,0.24,0.29,0.33,0.41,0.5,1
3567,3,0.21,0.25,0.32,0.38,0.44,1
3568,3,0.16,0.22,0.3,0.36,0.41,1
3569,1,0.3,0.36,0.41,0.46,0.49,1
3570,5,0.15,0.18,0.22,0.27,0.3,1
3571,1,0.31,0.38,0.44,0.5,0.54,1
3572,1,0.3,0.34,0.4,0.47,0.54,1
3573,4,0.18,0.22,0.25,0.3,0.36,1
3574,5,0.13,0.16,0.2,0.25,0.3,1
3575,1,0.3,0.34,0.4,0.47,0.52,1
3576,3,0.18,0.23,0.28,0.33,0.37,1
3577,4,0.15,0.21,0.24,0.29,0.34,1
3578,1,0.3,0.35,0.43,0.47,0.5,2
3579,2,0.28,0.31,0.35,0.42,0.47,1
3580,3,0.2,0.24,0.3,0.35,0.41,1
3581,1,0.29,0.33,0.39,0.45,0.5,1
3582,1,0.29,0.36,0.4,0.46,0.52,1
3583,2,0.27,0.32,0.4,0.46,0.51,1
3584,3,0.22,0.26,0.3,0.33,0.37,1
3585,3,0.2,0.24,0.28,0.35,0.39,1
3586,1,0.3,0.36,0.42,0.46,0.53,1
3587,2,0.21,0.28,0.34,0.42,0.48,1
3588,5,0.19,0.22,0.23,0.25,0.3,1
3589,1,0.32,0.35,0.4,0.45,0.51,1
3590,4,0.2,0.21,0.24,0.32,0.34,1
3591,4,0.13,0.18,0.2,0.28,0.34,1
3592,4,0.17,0.21,0.25,0.28,0.35,1
3593,1,0.32,0.35,0.43,0.51,0.59,1
3594,3,0.18,0.25,0.31,0.37,0.41,1
3595,2,0.27,0.31,0.37,0.42,0.45,3
3596,3,0.25,0.28,0.31,0.39,0.42,1
3597,5,0.15,0.18,0.21,0.26,0.32,1
3598,3,0.21,0.26,0.3,0.32,0.37,1
3599,2,0.27,0.31,0.35,0.39,0.43,1
3600,4,0.16,0.22,0.25,0.29,0.34,1
3601,5,0.13,0.16,0.2,0.26,0.31,1
3602,1,0.32,0.38,0.45,0.54,0.56,1
3603,4,0.17,0.19,0.25,0.31,0.35,1
3604,3,0.18,0.24,0.29,0.37,0.45,1
3605,2,0.23,0.28,0.35,0.42,0.48,1
3606,1,0.31,0.36,0.42,0.49,0.56,1
3607,4,0.18,0.22,0.27,0.32,0.39,1
3608,3,0.2,0.24,0.28,0.33,0.36,1
3609,4,0.14,0.18,0.21,0.28,0.32,1
3610,1,0.3,0.34,0.39,0.46,0.47,1
3611,2,0.24,0.31,0.36,0.39,0.43,2
3612,1,0.29,0.37,0.46,0.48,0.51,1
3613,1,0.32,0.37,0.41,0.51,0.56,1
3614,3,0.24,0.27,0.31,0.34,0.43,1
3615,3,0.21,0.24,0.3,0.35,0.38,1
3616,4,0.16,0.19,0.23,0.3,0.32,1
3617,2,0.26,0.3,0.35,0.43,0.5,1
3618,2,0.24,0.29,0.36,0.42,0.46,1
3619,1,0.3,0.37,0.39,0.47,0.49,1
3620,2,0.27,0.3,0.35,0.41,0.46,1
3621,4,0.19,0.22,0.28,0.31,0.4,2
3622,1,0.3,0.37,0.38,0.41,0.46,1
3623,4,0.18,0.22,0.27,0.31,0.36,3
3624,2,0.28,0.31,0.36,0.45,0.52,1
3625,1,0.28,0.32,0.34,0.38,0.42,1
3626,4,0.17,0.21,0.26,0.32,0.38,1
3627,1,0.31,0.38,0.44,0.49,0.54,1
3628,3,0.22,0.25,0.3,0.36,0.42,1
3629,1,0.3,0.34,0.35,0.43,0.49,1
3630,4,0.2,0.22,0.26,0.3,0.37,1
3631,5,0.14,0.16,0.22,0.27,0.32,1
3632,1,0.29,0.34,0.38,0.42,0.46,1
3633,1,0.29,0.32,0.35,0.41,0.46,1
3634,3,0.16,0.24,0.29,0.32,0.36,1
3635,4,0.15,0.17,0.22,0.29,0.35,1
3636,1,0.29,0.33,0.39,0.44,0.49,1
3637,2,0.23,0.3,0.36,0.4,0.45,1
3638,4,0.18,0.22,0.25,0.3,0.38,1
3639,1,0.32,0.37,0.39,0.46,0.51,1
3640,5,0.18,0.21,0.24,0.28,0.31,1
3641,3,0.21,0.24,0.29,0.34,0.39,1
3642,3,0.19,0.25,0.29,0.34,0.41,1
3643,3,0.21,0.24,0.31,0.34,0.38,1
3644,4,0.18,0.23,0.27,0.29,0.33,1
3645,4,0.15,0.2,0.23,0.29,0.36,1
3646,1,0.32,0.38,0.43,0.49,0.51,1
3647,4,0.16,0.2,0.25,0.29,0.33,1
3648,3,0.2,0.25,0.3,0.35,0.38,1
3649,1,0.31,0.35,0.39,0.47,0.51,1
3650,1,0.29,0.34,0.38,0.42,0.48,1
3651,5,0.12,0.15,0.2,0.24,0.3,1
3652,2,0.26,0.31,0.35,0.43,0.49,1
3653,1,0.29,0.34,0.4,0.46,0.51,1
3654,2,0.26,0.31,0.36,0.43,0.51,1
3655,1,0.28,0.32,0.39,0.46,0.52,1
3656,5,0.15,0.19,0.22,0.26,0.32,1
3657,3,0.22,0.27,0.3,0.36,0.4,1
3658,3,0.19,0.22,0.28,0.36,0.39,2
3659,2,0.23,0.3,0.35,0.44,0.48,2
3660,4,0.2,0.21,0.27,0.32,0.39,1
3661,4,0.15,0.19,0.24,0.29,0.35,1
3662,3,0.21,0.25,0.3,0.37,0.43,1
3663,3,0.21,0.25,0.29,0.31,0.35,1
3664,5,0.12,0.15,0.21,0.24,0.3,1
3665,5,0.13,0.18,0.2,0.23,0.3,1
3666,3,0.17,0.23,0.29,0.37,0.45,1
3667,1,0.29,0.34,0.39,0.4,0.45,1
3668,4,0.14,0.2,0.25,0.31,0.38,1
3669,3,0.19,0.24,0.3,0.35,0.41,2
3670,1,0.32,0.39,0.44,0.52,0.57,1
3671,1,0.31,0.34,0.39,0.46,0.53,1
3672,5,0.14,0.16,0.21,0.26,0.32,1
3673,2,0.22,0.28,0.32,0.36,0.41,1
3674,2,0.27,0.32,0.41,0.5,0.54,1
3675,5,0.11,0.14,0.19,0.24,0.3,1
3676,3,0.22,0.27,0.32,0.39,0.42,1
3677,4,0.18,0.21,0.25,0.3,0.37,1
3678,2,0.25,0.28,0.32,0.37,0.42,2
3679,2,0.25,0.29,0.31,0.39,0.46,1
3680,1,0.32,0.37,0.4,0.42,0.49,1
3681,5,0.14,0.16,0.21,0.24,0.28,1
3682,4,0.15,0.17,0.22,0.29,0.33,1
3683,1,0.28,0.35,0.42,0.5,0.55,1
3684,3,0.22,0.27,0.32,0.39,0.46,1
3685,2,0.26,0.3,0.35,0.39,0.47,1
3686,1,0.3,0.35,0.39,0.47,0.53,1
3687,5,0.12,0.14,0.17,0.22,0.29,1
3688,5,0.14,0.17,0.22,0.25,0.29,1
3689,4,0.13,0.17,0.22,0.28,0.35,1
3690,2,0.25,0.3,0.35,0.41,0.47,1
3691,1,0.29,0.32,0.38,0.45,0.51,1
3692,5,0.12,0.16,0.2,0.27,0.32,1
3693,2,0.23,0.3,0.38,0.48,0.57,1
3694,1,0.29,0.33,0.39,0.45,0.5,1
3695,4,0.16,0.21,0.24,0.29,0.37,1
3696,3,0.23,0.27,0.32,0.35,0.41,1
3697,2,0.25,0.3,0.37,0.4,0.45,1
3698,2,0.24,0.28,0.32,0.35,0.37,2
3699,3,0.22,0.27,0.31,0.34,0.36,1
3700,1,0.32,0.35,0.38,0.42,0.5,1
3701,2,0.29,0.3,0.34,0.38,0.46,1
3702,5,0.16,0.21,0.22,0.25,0.29,1
3703,3,0.24,0.26,0.32,0.39,0.42,1
3704,1,0.32,0.36,0.42,0.44,0.5,1
3705,1,0.31,0.35,0.41,0.48,0.54,1
3706,4,0.16,0.2,0.25,0.29,0.34,1
3707,3,0.23,0.27,0.3,0.37,0.39,1
3708,5,0.14,0.17,0.23,0.27,0.3,1
3709,2,0.25,0.3,0.35,0.4,0.45,1
3710,5,0.14,0.19,0.21,0.26,0.3,1
3711,3,0.23,0.27,0.32,0.36,0.42,1
3712,5,0.14,0.16,0.2,0.24,0.3,1
3713,2,0.27,0.29,0.31,0.38,0.44,1
3714,5,0.13,0.17,0.21,0.26,0.31,1
3715,2,0.23,0.28,0.32,0.34,0.39,1
3716,4,0.2,0.23,0.28,0.3,0.35,1
3717,4,0.17,0.2,0.22,0.31,0.34,1
3718,2,0.25,0.32,0.38,0.44,0.46,1
3719,1,0.28,0.35,0.42,0.46,0.54,1
3720,5,0.16,0.19,0.23,0.26,0.3,1
3721,5,0.15,0.17,0.21,0.26,0.32,1
3722,1,0.28,0.34,0.39,0.44,0.5,1
3723,2,0.27,0.32,0.4,0.44,0.51,1
3724,4,0.17,0.2,0.25,0.3,0.32,1
3725,4,0.13,0.15,0.22,0.28,0.33,1
3726,5,0.16,0.18,0.2,0.23,0.29,1
3727,1,0.28,0.33,0.39,0.43,0.51,1
3728,4,0.18,0.24,0.25,0.3,0.35,2
3729,2,0.22,0.28,0.32,0.39,0.45,1
3730,5,0.14,0.19,0.22,0.27,0.31,2
3731,3,0.23,0.27,0.32,0.37,0.4,1
3732,5,0.13,0.16,0.21,0.25,0.32,1
3733,1,0.32,0.39,0.46,0.5,0.57,1
3734,5,0.17,0.21,0.23,0.25,0.28,1
3735,3,0.22,0.24,0.31,0.37,0.44,1
3736,1,0.32,0.38,0.42,0.44,0.47,1
3737,4,0.16,0.2,0.23,0.28,0.33,1
3738,3,0.25,0.26,0.31,0.4,0.46,1
3739,3,0.21,0.23,0.29,0.36,0.4,1
3740,1,0.31,0.4,0.46,0.51,0.58,1
3741,5,0.14,0.17,0.21,0.23,0.28,1
3742,5,0.15,0.17,0.22,0.27,0.32,2
3743,5,0.12,0.15,0.17,0.24,0.28,1
3744,3,0.2,0.25,0.32,0.41,0.49,1
3745,4,0.13,0.17,0.24,0.3,0.38,2
3746,1,0.3,0.33,0.38,0.41,0.49,1
3747,3,0.22,0.27,0.28,0.32,0.4,1
3748,1,0.28,0.37,0.46,0.5,0.53,1
3749,5,0.16,0.2,0.23,0.25,0.3,1
3750,2,0.28,0.3,0.35,0.42,0.49,1
3751,3,0.21,0.24,0.31,0.34,0.4,1
3752,2,0.24,0.29,0.31,0.36,0.44,1
3753,2,0.26,0.29,0.37,0.42,0.49,2
3754,4,0.16,0.2,0.25,0.31,0.37,1
3755,1,0.29,0.35,0.41,0.42,0.47,1
3756,4,0.17,0.22,0.26,0.32,0.36,1
3757,5,0.15,0.17,0.21,0.25,0.3,1
3758,3,0.23,0.25,0.32,0.39,0.44,1
3759,2,0.26,0.32,0.34,0.39,0.47,1
3760,1,0.29,0.37,0.44,0.49,0.51,1
3761,3,0.21,0.25,0.3,0.34,0.37,1
3762,4,0.12,0.19,0.24,0.29,0.31,2
3763,2,0.26,0.29,0.33,0.4,0.47,1
3764,3,0.21,0.24,0.28,0.33,0.38,1
3765,1,0.29,0.33,0.39,0.46,0.51,1
3766,4,0.17,0.21,0.24,0.31,0.36,2
3767,4,0.16,0.21,0.24,0.3,0.37,1
3768,1,0.29,0.33,0.37,0.43,0.49,1
3769,5,0.13,0.16,0.19,0.23,0.29,1
3770,4,0.17,0.19,0.25,0.28,0.32,1
3771,4,0.2,0.23,0.27,0.31,0.37,1
3772,3,0.21,0.25,0.32,0.4,0.45,2
3773,2,0.27,0.31,0.35,0.39,0.46,2
3774,3,0.2,0.26,0.31,0.33,0.4,1
3775,3,0.21,0.25,0.29,0.33,0.38,1
3776,5,0.15,0.21,0.23,0.25,0.3,1
3777,2,0.25,0.31,0.36,0.42,0.47,1
3778,3,0.19,0.24,0.3,0.33,0.35,1
3779,5,0.14,0.16,0.2,0.26,0.29,1
3780,4,0.2,0.23,0.27,0.32,0.36,2
3781,3,0.21,0.27,0.31,0.38,0.43,1
3782,3,0.18,0.23,0.29,0.34,0.42,1
3783,2,0.24,0.28,0.32,0.4,0.46,1
3784,5,0.1,0.13,0.18,0.22,0.29,1
3785,2,0.21,0.29,0.33,0.4,0.46,1
3786,5,0.13,0.16,0.2,0.23,0.28,1
3787,5,0.11,0.13,0.16,0.23,0.32,1
3788,4,0.13,0.17,0.22,0.29,0.32,1
3789,1,0.29,0.31,0.38,0.41,0.47,1
3790,2,0.23,0.28,0.34,0.38,0.44,1
3791,3,0.17,0.23,0.31,0.39,0.42,1
3792,3,0.25,0.26,0.32,0.37,0.41,1
3793,3,0.21,0.24,0.3,0.35,0.37,1
3794,5,0.13,0.17,0.22,0.28,0.3,1
3795,5,0.12,0.15,0.19,0.26,0.3,2
3796,5,0.13,0.16,0.19,0.24,0.29,1
3797,4,0.19,0.21,0.27,0.31,0.34,1
3798,2,0.26,0.32,0.36,0.39,0.45,1
3799,4,0.18,0.21,0.24,0.31,0.38,1
3800,5,0.15,0.17,0.21,0.26,0.3,1
3801,2,0.21,0.28,0.33,0.38,0.41,1
3802,4,0.13,0.17,0.21,0.31,0.36,1
3803,1,0.32,0.38,0.43,0.48,0.56,2
3804,2,0.26,0.3,0.37,0.41,0.48,1
3805,2,0.26,0.32,0.38,0.46,0.5,1
3806,5,0.1,0.13,0.18,0.23,0.3,1
3807,4,0.23,0.26,0.28,0.3,0.36,1
3808,2,0.22,0.28,0.32,0.36,0.43,1
3809,2,0.25,0.29,0.35,0.38,0.43,1
3810,5,0.14,0.18,0.22,0.27,0.31,1
3811,2,0.27,0.31,0.37,0.43,0.5,1
3812,3,0.2,0.23,0.29,0.35,0.42,4
3813,2,0.25,0.29,0.35,0.41,0.45,1
3814,1,0.31,0.37,0.4,0.46,0.53,1
3815,4,0.15,0.2,0.24,0.31,0.36,1
3816,5,0.09,0.13,0.17,0.22,0.28,1
3817,4,0.15,0.18,0.25,0.32,0.38,1
3818,1,0.29,0.34,0.37,0.41,0.44,1
3819,1,0.29,0.34,0.39,0.42,0.45,1
3820,1,0.28,0.33,0.36,0.4,0.47,1
3821,3,0.19,0.26,0.29,0.36,0.43,1
3822,1,0.28,0.32,0.37,0.45,0.5,1
3823,2,0.24,0.29,0.34,0.39,0.41,1
3824,3,0.19,0.26,0.29,0.33,0.38,1
3825,1,0.29,0.33,0.4,0.45,0.52,1
3826,2,0.27,0.32,0.36,0.45,0.54,1
3827,4,0.18,0.21,0.24,0.3,0.33,2
3828,1,0.3,0.38,0.44,0.5,0.54,1
3829,4,0.19,0.24,0.26,0.3,0.34,1
3830,5,0.13,0.15,0.19,0.23,0.3,1
3831,1,0.29,0.31,0.38,0.43,0.46,1
3832,3,0.19,0.26,0.3,0.36,0.41,1
3833,5,0.12,0.16,0.21,0.27,0.3,2
3834,3,0.21,0.25,0.29,0.33,0.42,1
3835,3,0.19,0.23,0.29,0.35,0.4,2
3836,1,0.29,0.34,0.37,0.42,0.47,1
3837,1,0.29,0.33,0.34,0.39,0.46,1
3838,3,0.21,0.27,0.3,0.38,0.41,1
3839,5,0.13,0.17,0.2,0.26,0.31,1
3840,1,0.32,0.34,0.38,0.42,0.43,1
3841,3,0.2,0.26,0.3,0.32,0.36,1
3842,2,0.23,0.3,0.35,0.4,0.47,1
3843,1,0.29,0.34,0.42,0.48,0.54,1
3844,2,0.27,0.31,0.35,0.43,0.46,2
3845,1,0.32,0.37,0.41,0.48,0.54,1
3846,4,0.15,0.18,0.21,0.28,0.33,1
3847,2,0.22,0.28,0.33,0.4,0.47,2
3848,4,0.17,0.22,0.26,0.3,0.36,1
3849,4,0.18,0.23,0.26,0.32,0.36,1
3850,4,0.17,0.21,0.25,0.29,0.34,2
3851,2,0.24,0.29,0.33,0.38,0.41,1
3852,2,0.21,0.28,0.33,0.39,0.44,1
3853,5,0.12,0.17,0.2,0.24,0.29,1
3854,2,0.25,0.29,0.34,0.43,0.47,1
3855,4,0.14,0.19,0.27,0.3,0.34,1
3856,3,0.25,0.27,0.31,0.36,0.37,1
3857,1,0.28,0.37,0.4,0.45,0.55,1
3858,5,0.13,0.16,0.19,0.24,0.31,1
3859,4,0.16,0.18,0.23,0.29,0.31,2
3860,3,0.18,0.22,0.28,0.33,0.39,1
3861,3,0.22,0.26,0.3,0.35,0.38,1
3862,1,0.3,0.36,0.43,0.48,0.57,1
3863,4,0.14,0.21,0.24,0.29,0.35,3
3864,2,0.29,0.3,0.34,0.42,0.45,2
3865,3,0.19,0.25,0.31,0.38,0.46,2
3866,2,0.25,0.31,0.35,0.41,0.46,1
3867,4,0.2,0.25,0.26,0.29,0.31,2
3868,1,0.29,0.35,0.43,0.47,0.52,1
3869,4,0.15,0.21,0.26,0.3,0.36,2
3870,3,0.21,0.25,0.3,0.35,0.42,1
3871,3,0.2,0.24,0.29,0.37,0.43,1
3872,1,0.3,0.34,0.38,0.43,0.47,1
3873,1,0.32,0.37,0.44,0.48,0.54,1
3874,3,0.2,0.25,0.3,0.35,0.4,1
3875,5,0.17,0.2,0.23,0.27,0.32,1
3876,5,0.12,0.15,0.21,0.23,0.28,1
3877,5,0.12,0.15,0.18,0.25,0.28,1
3878,2,0.24,0.31,0.38,0.45,0.53,1
3879,4,0.19,0.24,0.27,0.32,0.4,1
3880,5,0.14,0.17,0.21,0.26,0.32,1
3881,2,0.27,0.3,0.34,0.4,0.46,1
3882,5,0.12,0.15,0.17,0.25,0.28,1
3883,5,0.11,0.14,0.19,0.25,0.28,1
3884,4,0.16,0.19,0.23,0.3,0.35,1
3885,1,0.32,0.39,0.45,0.52,0.55,1
3886,2,0.26,0.3,0.36,0.43,0.47,1
3887,2,0.24,0.3,0.33,0.38,0.47,1
3888,1,0.31,0.39,0.42,0.46,0.5,1
3889,5,0.12,0.15,0.21,0.25,0.29,1
3890,4,0.17,0.21,0.23,0.29,0.33,1
3891,3,0.24,0.27,0.32,0.36,0.42,1
3892,3,0.2,0.27,0.29,0.33,0.39,1
3893,4,0.19,0.24,0.26,0.29,0.35,2
3894,2,0.25,0.3,0.37,0.44,0.5,1
3895,3,0.21,0.22,0.28,0.33,0.35,1
3896,3,0.2,0.24,0.3,0.38,0.43,1
3897,1,0.29,0.35,0.4,0.5,0.51,1
3898,4,0.17,0.21,0.25,0.3,0.34,1
3899,1,0.28,0.34,0.37,0.45,0.54,2
3900,4,0.16,0.18,0.24,0.29,0.33,1
3901,5,0.14,0.17,0.22,0.25,0.29,1
3902,3,0.21,0.26,0.3,0.34,0.43,1
3903,3,0.17,0.23,0.29,0.35,0.44,1
3904,2,0.23,0.28,0.32,0.36,0.44,2
3905,3,0.17,0.22,0.28,0.33,0.38,2
3906,3,0.19,0.23,0.3,0.34,0.41,3
3907,1,0.28,0.33,0.38,0.42,0.51,1
3908,3,0.23,0.26,0.31,0.34,0.38,1
3909,1,0.32,0.37,0.42,0.47,0.55,1
3910,5,0.17,0.2,0.23,0.27,0.3,2
3911,4,0.15,0.18,0.23,0.3,0.36,1
3912,4,0.17,0.23,0.25,0.31,0.36,1
3913,2,0.26,0.3,0.37,0.42,0.46,1
3914,5,0.14,0.19,0.23,0.27,0.29,1
3915,1,0.28,0.32,0.4,0.42,0.46,1
3916,1,0.28,0.34,0.39,0.45,0.52,1
3917,3,0.18,0.23,0.31,0.38,0.44,1
3918,1,0.3,0.36,0.41,0.46,0.54,1
3919,3,0.21,0.26,0.32,0.38,0.42,1
3920,5,0.11,0.14,0.18,0.24,0.3,1
3921,1,0.32,0.38,0.44,0.48,0.55,1
3922,3,0.17,0.2,0.28,0.32,0.35,1
3923,3,0.21,0.25,0.28,0.33,0.38,1
3924,2,0.24,0.29,0.35,0.43,0.48,1
3925,4,0.19,0.21,0.26,0.29,0.34,1
3926,3,0.23,0.28,0.29,0.33,0.38,1
3927,1,0.31,0.38,0.4,0.43,0.47,1
3928,3,0.2,0.23,0.28,0.34,0.38,1
3929,1,0.28,0.32,0.35,0.4,0.47,1
3930,4,0.18,0.21,0.25,0.31,0.34,1
3931,1,0.28,0.32,0.39,0.44,0.5,1
3932,2,0.25,0.32,0.36,0.43,0.51,1
3933,3,0.21,0.26,0.31,0.36,0.43,1
3934,3,0.21,0.25,0.3,0.33,0.37,1
3935,4,0.16,0.2,0.23,0.3,0.36,1
3936,2,0.25,0.32,0.35,0.43,0.5,1
3937,3,0.23,0.27,0.3,0.35,0.4,1
3938,2,0.25,0.32,0.39,0.44,0.5,1
3939,5,0.12,0.15,0.2,0.24,0.3,2
3940,2,0.26,0.32,0.36,0.43,0.48,2
3941,3,0.19,0.24,0.32,0.36,0.4,2
3942,3,0.19,0.23,0.28,0.34,0.4,1
3943,5,0.13,0.15,0.19,0.23,0.29,1
3944,4,0.16,0.17,0.22,0.29,0.36,2
3945,1,0.31,0.35,0.41,0.46,0.56,1
3946,3,0.23,0.27,0.31,0.38,0.46,1
3947,1,0.31,0.36,0.4,0.48,0.51,1
3948,4,0.17,0.19,0.24,0.31,0.34,2
3949,5,0.12,0.17,0.19,0.24,0.3,1
3950,1,0.29,0.33,0.36,0.44,0.5,1
3951,3,0.18,0.24,0.29,0.34,0.41,1
3952,1,0.32,0.36,0.42,0.5,0.56,1
3953,4,0.16,0.2,0.24,0.29,0.36,1
3954,3,0.2,0.25,0.32,0.37,0.4,1
3955,2,0.28,0.31,0.35,0.42,0.46,1
3956,4,0.15,0.19,0.23,0.29,0.35,1
3957,3,0.23,0.26,0.29,0.33,0.37,1
3958,2,0.24,0.3,0.34,0.39,0.44,1
3959,1,0.29,0.35,0.44,0.5,0.59,1
3960,1,0.31,0.35,0.42,0.52,0.55,1
3961,3,0.22,0.27,0.32,0.36,0.42,1
3962,2,0.22,0.29,0.32,0.41,0.49,1
3963,1,0.29,0.33,0.4,0.47,0.53,1
3964,3,0.23,0.27,0.31,0.36,0.41,1
3965,1,0.29,0.32,0.38,0.44,0.53,1
3966,5,0.12,0.14,0.2,0.27,0.31,1
3967,3,0.22,0.27,0.29,0.36,0.4,1
3968,2,0.22,0.28,0.32,0.39,0.44,1
3969,5,0.16,0.19,0.23,0.28,0.3,1
3970,5,0.15,0.21,0.22,0.28,0.31,1
3971,1,0.28,0.33,0.38,0.42,0.5,1
3972,1,0.3,0.37,0.44,0.49,0.54,1
3973,3,0.25,0.26,0.32,0.38,0.41,1
3974,5,0.16,0.19,0.21,0.24,0.32,1
3975,5,0.13,0.15,0.2,0.24,0.28,1
3976,3,0.2,0.25,0.28,0.35,0.38,1
3977,1,0.32,0.37,0.41,0.47,0.53,1
3978,1,0.3,0.36,0.39,0.45,0.47,1
3979,4,0.16,0.19,0.22,0.3,0.36,1
3980,1,0.32,0.37,0.44,0.48,0.56,1
3981,1,0.31,0.32,0.34,0.39,0.44,1
3982,4,0.17,0.21,0.24,0.29,0.36,1
3983,2,0.25,0.28,0.34,0.38,0.44,1
3984,2,0.24,0.28,0.37,0.43,0.48,1
3985,2,0.27,0.28,0.32,0.37,0.44,1
3986,1,0.29,0.37,0.4,0.45,0.52,1
3987,3,0.23,0.25,0.31,0.37,0.43,1
3988,1,0.29,0.35,0.37,0.4,0.48,1
3989,3,0.18,0.24,0.28,0.35,0.39,1
3990,2,0.28,0.31,0.36,0.44,0.51,1
3991,4,0.19,0.22,0.27,0.31,0.39,2
3992,3,0.17,0.25,0.29,0.35,0.38,2
3993,4,0.17,0.21,0.27,0.31,0.37,1
3994,5,0.14,0.16,0.21,0.27,0.3,1
3995,3,0.25,0.28,0.31,0.34,0.39,1
3996,5,0.17,0.18,0.22,0.26,0.31,1
3997,3,0.19,0.24,0.28,0.33,0.4,1
3998,3,0.19,0.24,0.29,0.36,0.39,1
3999,1,0.31,0.36,0.43,0.48,0.52,1
4000,2,0.24,0.31,0.36,0.4,0.41,1
4001,4,0.16,0.21,0.25,0.29,0.36,1
4002,4,0.17,0.21,0.23,0.29,0.35,1
4003,5,0.16,0.18,0.22,0.26,0.29,1
4004,3,0.21,0.25,0.29,0.32,0.38,1
4005,4,0.13,0.17,0.21,0.28,0.34,1
4006,4,0.18,0.22,0.26,0.3,0.39,1
4007,3,0.23,0.27,0.32,0.36,0.41,1
4008,2,0.27,0.31,0.39,0.45,0.48,1
4009,5,0.09,0.13,0.18,0.24,0.29,1
4010,4,0.18,0.21,0.26,0.31,0.34,1
4011,4,0.22,0.26,0.27,0.32,0.35,1
4012,5,0.14,0.18,0.21,0.26,0.3,1
4013,1,0.31,0.37,0.46,0.5,0.56,1
4014,4,0.17,0.23,0.25,0.3,0.33,1
4015,5,0.14,0.19,0.24,0.25,0.3,1
4016,2,0.26,0.32,0.35,0.4,0.45,1
4017,1,0.3,0.36,0.44,0.5,0.59,1
4018,3,0.22,0.25,0.3,0.37,0.44,3
4019,3,0.21,0.26,0.32,0.38,0.44,1
4020,4,0.15,0.2,0.25,0.29,0.31,1
4021,2,0.26,0.3,0.35,0.41,0.49,4
4022,2,0.21,0.28,0.35,0.41,0.5,1
4023,2,0.26,0.29,0.33,0.4,0.46,2
4024,3,0.19,0.24,0.29,0.33,0.38,1
4025,5,0.13,0.17,0.22,0.23,0.29,1
4026,5,0.14,0.18,0.2,0.26,0.32,1
4027,5,0.12,0.15,0.19,0.21,0.28,1
4028,2,0.24,0.3,0.34,0.38,0.43,1
4029,2,0.25,0.3,0.35,0.42,0.48,1
4030,3,0.18,0.23,0.29,0.36,0.41,1
4031,5,0.16,0.17,0.2,0.25,0.29,1
4032,2,0.24,0.29,0.32,0.35,0.4,1
4033,3,0.16,0.21,0.3,0.34,0.41,1
4034,5,0.12,0.16,0.19,0.23,0.29,1
4035,4,0.15,0.18,0.23,0.32,0.34,1
4036,2,0.23,0.31,0.36,0.44,0.51,1
4037,2,0.25,0.32,0.37,0.43,0.5,1
4038,4,0.16,0.2,0.24,0.29,0.32,1
4039,5,0.15,0.18,0.22,0.28,0.3,1
4040,1,0.29,0.35,0.42,0.49,0.55,1
4041,4,0.17,0.2,0.23,0.3,0.31,2
4042,3,0.2,0.23,0.29,0.34,0.41,1
4043,1,0.31,0.37,0.43,0.51,0.6,1
4044,2,0.24,0.3,0.34,0.38,0.44,1
4045,5,0.16,0.17,0.21,0.24,0.3,1
4046,1,0.31,0.32,0.38,0.44,0.5,2
4047,1,0.3,0.35,0.38,0.42,0.48,1
4048,5,0.12,0.16,0.22,0.26,0.32,1
4049,4,0.17,0.21,0.25,0.31,0.35,1
4050,2,0.24,0.31,0.35,0.42,0.48,2
4051,3,0.19,0.24,0.3,0.38,0.46,1
4052,1,0.29,0.35,0.41,0.47,0.53,1
4053,4,0.18,0.19,0.23,0.28,0.33,1
4054,2,0.24,0.29,0.33,0.37,0.45,1
4055,3,0.21,0.25,0.31,0.39,0.44,1
4056,1,0.32,0.4,0.46,0.49,0.56,1
4057,4,0.16,0.22,0.26,0.31,0.37,1
4058,1,0.32,0.37,0.41,0.48,0.5,1
4059,1,0.28,0.32,0.34,0.4,0.44,2
4060,1,0.28,0.34,0.4,0.44,0.51,1
4061,2,0.24,0.28,0.33,0.41,0.47,1
4062,2,0.25,0.32,0.35,0.4,0.44,1
4063,5,0.15,0.18,0.24,0.28,0.29,1
4064,4,0.14,0.18,0.23,0.28,0.34,1
4065,5,0.14,0.17,0.23,0.26,0.32,4
4066,2,0.24,0.31,0.34,0.38,0.45,1
4067,2,0.23,0.28,0.33,0.37,0.39,1
4068,1,0.29,0.36,0.45,0.49,0.56,2
4069,3,0.22,0.25,0.3,0.35,0.41,2
4070,4,0.13,0.18,0.21,0.28,0.33,1
4071,2,0.21,0.28,0.33,0.36,0.4,2
4072,1,0.29,0.33,0.39,0.46,0.53,1
4073,3,0.2,0.22,0.28,0.34,0.38,1
4074,5,0.12,0.18,0.21,0.27,0.32,1
4075,4,0.16,0.21,0.27,0.3,0.36,1
4076,3,0.24,0.27,0.3,0.38,0.47,1
4077,4,0.13,0.18,0.24,0.31,0.37,1
4078,1,0.28,0.34,0.38,0.43,0.47,1
4079,1,0.29,0.34,0.38,0.45,0.48,1
4080,2,0.21,0.28,0.35,0.38,0.44,2
4081,5,0.12,0.16,0.19,0.25,0.3,1
4082,5,0.15,0.18,0.21,0.23,0.28,1
4083,1,0.3,0.34,0.39,0.42,0.46,1
4084,4,0.19,0.23,0.28,0.31,0.38,1
4085,5,0.1,0.15,0.19,0.23,0.28,1
4086,5,0.17,0.18,0.22,0.26,0.29,1
4087,5,0.13,0.16,0.2,0.25,0.32,1
4088,2,0.24,0.29,0.35,0.38,0.43,1
4089,1,0.32,0.37,0.43,0.48,0.58,1
4090,1,0.3,0.36,0.42,0.46,0.55,1
4091,1,0.28,0.33,0.44,0.5,0.6,1
4092,5,0.14,0.17,0.21,0.23,0.28,1
4093,3,0.19,0.24,0.29,0.38,0.42,1
4094,5,0.1,0.14,0.2,0.25,0.3,1
4095,4,0.15,0.21,0.22,0.28,0.33,2
4096,5,0.15,0.18,0.22,0.26,0.31,1
4097,2,0.25,0.31,0.37,0.43,0.49,1
4098,2,0.25,0.31,0.37,0.42,0.47,1
4099,1,0.29,0.34,0.4,0.45,0.5,1
4100,4,0.15,0.18,0.23,0.31,0.36,1
4101,3,0.19,0.24,0.32,0.37,0.41,1
4102,3,0.17,0.24,0.29,0.32,0.35,1
4103,5,0.16,0.19,0.22,0.26,0.31,2
4104,2,0.23,0.3,0.33,0.38,0.42,1
4105,3,0.18,0.22,0.29,0.34,0.4,1
4106,2,0.24,0.31,0.35,0.41,0.45,1
4107,1,0.29,0.35,0.42,0.45,0.51,1
4108,5,0.15,0.19,0.2,0.24,0.3,1
4109,2,0.25,0.31,0.36,0.4,0.42,1
4110,2,0.25,0.3,0.34,0.37,0.41,1
4111,3,0.22,0.25,0.32,0.39,0.47,1
4112,3,0.18,0.24,0.28,0.33,0.37,1
4113,2,0.25,0.3,0.35,0.39,0.45,1
4114,5,0.18,0.21,0.26,0.27,0.31,1
4115,3,0.19,0.24,0.28,0.35,0.4,2
4116,3,0.19,0.23,0.28,0.32,0.36,1
4117,1,0.28,0.32,0.39,0.45,0.51,1
4118,4,0.15,0.18,0.24,0.3,0.34,1
4119,4,0.15,0.18,0.24,0.29,0.37,1
4120,1,0.31,0.35,0.4,0.44,0.48,1
4121,5,0.16,0.18,0.23,0.26,0.28,1
4122,5,0.12,0.14,0.18,0.24,0.29,1
4123,3,0.21,0.24,0.31,0.36,0.41,1
4124,2,0.26,0.31,0.32,0.38,0.43,1
4125,1,0.31,0.35,0.4,0.47,0.54,1
4126,1,0.28,0.34,0.4,0.41,0.46,1
4127,5,0.13,0.17,0.21,0.25,0.31,1
4128,5,0.12,0.13,0.19,0.24,0.3,1
4129,2,0.24,0.29,0.36,0.37,0.39,1
4130,3,0.2,0.26,0.31,0.37,0.41,1
4131,3,0.21,0.25,0.3,0.34,0.38,1
4132,1,0.28,0.34,0.39,0.41,0.48,1
4133,1,0.28,0.33,0.4,0.45,0.5,1
4134,3,0.21,0.27,0.31,0.36,0.4,1
4135,5,0.14,0.17,0.22,0.25,0.3,1
4136,3,0.2,0.27,0.32,0.37,0.44,2
4137,4,0.16,0.19,0.23,0.32,0.4,1
4138,5,0.12,0.14,0.2,0.23,0.29,1
4139,5,0.12,0.15,0.17,0.23,0.28,1
4140,3,0.19,0.23,0.29,0.36,0.42,1
4141,3,0.22,0.26,0.31,0.35,0.42,1
4142,3,0.18,0.24,0.31,0.39,0.43,1
4143,5,0.12,0.15,0.19,0.23,0.28,1
4144,3,0.18,0.23,0.29,0.34,0.44,1
4145,1,0.31,0.36,0.4,0.42,0.48,1
4146,5,0.14,0.17,0.2,0.23,0.28,1
4147,2,0.26,0.29,0.33,0.38,0.41,1
4148,3,0.23,0.25,0.28,0.34,0.38,1
4149,5,0.13,0.17,0.21,0.27,0.32,1
4150,3,0.22,0.26,0.29,0.33,0.37,1
4151,3,0.17,0.25,0.29,0.33,0.37,1
4152,4,0.19,0.22,0.25,0.31,0.35,1
4153,3,0.21,0.23,0.3,0.41,0.44,1
4154,5,0.14,0.17,0.2,0.26,0.29,1
4155,5,0.11,0.13,0.17,0.24,0.29,1
4156,5,0.14,0.19,0.23,0.28,0.31,1
4157,2,0.26,0.29,0.36,0.41,0.46,1
4158,5,0.13,0.16,0.21,0.24,0.29,1
4159,2,0.27,0.32,0.38,0.43,0.48,2
4160,1,0.32,0.36,0.43,0.48,0.53,1
4161,4,0.18,0.21,0.24,0.29,0.34,1
4162,2,0.26,0.31,0.38,0.43,0.49,1
4163,5,0.12,0.15,0.17,0.24,0.31,1
4164,5,0.17,0.2,0.25,0.27,0.32,1
4165,2,0.25,0.29,0.36,0.39,0.42,1
4166,5,0.16,0.2,0.21,0.26,0.31,1
4167,1,0.29,0.36,0.43,0.52,0.56,1
4168,4,0.16,0.19,0.25,0.29,0.32,1
4169,1,0.3,0.33,0.37,0.44,0.48,1
4170,1,0.32,0.38,0.42,0.49,0.55,1
4171,5,0.14,0.19,0.22,0.24,0.3,1
4172,3,0.21,0.26,0.3,0.33,0.4,1
4173,4,0.19,0.23,0.25,0.29,0.32,2
4174,2,0.21,0.29,0.33,0.37,0.39,1
4175,1,0.3,0.36,0.43,0.5,0.53,1
4176,5,0.11,0.15,0.19,0.23,0.28,2
4177,1,0.32,0.39,0.44,0.5,0.55,1
4178,3,0.21,0.25,0.29,0.34,0.41,1
4179,4,0.18,0.22,0.27,0.31,0.32,1
4180,2,0.21,0.3,0.37,0.43,0.51,1
4181,2,0.25,0.3,0.36,0.4,0.47,1
4182,1,0.31,0.35,0.44,0.5,0.55,1
4183,5,0.17,0.21,0.25,0.27,0.3,1
4184,3,0.18,0.23,0.31,0.37,0.46,1
4185,2,0.22,0.29,0.33,0.39,0.46,1
4186,1,0.29,0.33,0.4,0.46,0.5,1
4187,4,0.19,0.21,0.25,0.29,0.37,2
4188,2,0.25,0.31,0.35,0.37,0.44,2
4189,4,0.17,0.2,0.25,0.32,0.39,1
4190,3,0.23,0.26,0.31,0.37,0.44,1
4191,1,0.29,0.31,0.38,0.45,0.5,1
4192,5,0.12,0.14,0.18,0.24,0.29,2
4193,3,0.2,0.27,0.3,0.36,0.43,1
4194,4,0.19,0.23,0.28,0.31,0.35,1
4195,1,0.31,0.38,0.42,0.46,0.54,1
4196,2,0.21,0.28,0.35,0.38,0.41,1
4197,2,0.25,0.32,0.37,0.44,0.48,1
4198,3,0.22,0.26,0.3,0.33,0.37,1
4199,1,0.3,0.34,0.38,0.42,0.46,1
4200,3,0.16,0.21,0.28,0.32,0.38,1
4201,1,0.3,0.36,0.44,0.49,0.54,1
4202,3,0.24,0.27,0.31,0.34,0.39,2
4203,3,0.23,0.27,0.31,0.37,0.45,2
4204,5,0.1,0.13,0.17,0.22,0.28,1
4205,3,0.21,0.25,0.32,0.37,0.42,1
4206,2,0.27,0.3,0.35,0.39,0.44,1
4207,1,0.29,0.34,0.38,0.4,0.46,1
4208,4,0.18,0.21,0.26,0.3,0.35,1
4209,5,0.12,0.16,0.18,0.24,0.31,2
4210,5,0.11,0.14,0.19,0.24,0.3,1
4211,5,0.13,0.17,0.21,0.25,0.29,1
4212,1,0.32,0.38,0.46,0.51,0.56,1
4213,3,0.24,0.28,0.3,0.32,0.38,1
4214,5,0.11,0.14,0.2,0.26,0.32,1
4215,4,0.16,0.19,0.24,0.29,0.33,1
4216,3,0.2,0.24,0.3,0.33,0.4,2
4217,3,0.25,0.27,0.32,0.36,0.41,1
4218,5,0.12,0.15,0.18,0.25,0.29,1
4219,2,0.28,0.31,0.34,0.4,0.49,1
4220,3,0.19,0.24,0.32,0.35,0.41,1
4221,1,0.31,0.38,0.43,0.47,0.52,1
4222,1,0.29,0.34,0.4,0.47,0.52,1
4223,5,0.12,0.15,0.18,0.25,0.29,1
4224,4,0.18,0.24,0.28,0.3,0.34,1
4225,3,0.2,0.25,0.3,0.36,0.41,1
4226,5,0.14,0.17,0.23,0.26,0.3,1
4227,1,0.28,0.36,0.41,0.46,0.54,1
4228,5,0.12,0.16,0.22,0.26,0.28,1
4229,4,0.16,0.21,0.26,0.3,0.35,1
4230,3,0.18,0.23,0.3,0.33,0.34,1
4231,5,0.12,0.16,0.19,0.23,0.29,1
4232,1,0.3,0.35,0.42,0.49,0.53,2
4233,1,0.31,0.34,0.36,0.41,0.46,1
4234,3,0.22,0.26,0.32,0.35,0.42,1
4235,1,0.32,0.36,0.43,0.5,0.55,1
4236,1,0.29,0.36,0.42,0.45,0.54,1
4237,4,0.18,0.21,0.26,0.32,0.4,1
4238,2,0.25,0.28,0.32,0.34,0.37,1
4239,5,0.15,0.18,0.22,0.24,0.31,2
4240,4,0.16,0.19,0.25,0.31,0.35,1
4241,5,0.13,0.15,0.18,0.22,0.28,1
4242,4,0.18,0.23,0.25,0.29,0.37,1
4243,3,0.24,0.28,0.31,0.34,0.39,1
4244,2,0.25,0.31,0.38,0.42,0.45,1
4245,4,0.19,0.2,0.27,0.32,0.36,2
4246,2,0.25,0.32,0.33,0.37,0.44,1
4247,1,0.28,0.34,0.38,0.42,0.48,1
4248,1,0.29,0.37,0.41,0.46,0.53,1
4249,5,0.13,0.16,0.22,0.27,0.3,1
4250,1,0.32,0.36,0.45,0.51,0.58,1
4251,3,0.24,0.27,0.31,0.37,0.39,1
4252,1,0.29,0.32,0.37,0.39,0.45,1
4253,2,0.22,0.28,0.34,0.39,0.43,1
4254,2,0.27,0.32,0.38,0.43,0.47,1
4255,3,0.21,0.25,0.29,0.33,0.37,1
4256,4,0.14,0.18,0.23,0.29,0.35,1
4257,1,0.31,0.39,0.43,0.49,0.58,1
4258,5,0.1,0.15,0.18,0.21,0.28,1
4259,4,0.19,0.22,0.26,0.32,0.37,1
4260,1,0.31,0.39,0.44,0.45,0.48,1
4261,4,0.16,0.21,0.25,0.31,0.36,1
4262,1,0.3,0.33,0.35,0.45,0.52,1
4263,3,0.2,0.25,0.31,0.35,0.4,1
4264,4,0.2,0.23,0.27,0.31,0.37,1
4265,1,0.32,0.39,0.44,0.51,0.54,1
4266,2,0.25,0.31,0.39,0.44,0.51,2
4267,2,0.28,0.3,0.34,0.41,0.42,1
4268,4,0.16,0.2,0.25,0.31,0.36,1
4269,2,0.24,0.29,0.34,0.38,0.44,1
4270,4,0.15,0.17,0.21,0.28,0.34,1
4271,4,0.17,0.2,0.24,0.29,0.35,1
4272,5,0.14,0.16,0.21,0.24,0.31,1
4273,4,0.16,0.21,0.26,0.3,0.38,1
4274,5,0.11,0.16,0.21,0.25,0.28,1
4275,1,0.3,0.33,0.35,0.42,0.5,1
4276,1,0.29,0.35,0.41,0.48,0.54,1
4277,3,0.22,0.24,0.29,0.33,0.37,1
4278,1,0.31,0.36,0.39,0.46,0.54,1
4279,3,0.2,0.26,0.31,0.36,0.43,1
4280,3,0.21,0.27,0.29,0.31,0.37,1
4281,5,0.18,0.25,0.28,0.29,0.3,1
4282,3,0.18,0.23,0.28,0.33,0.4,1
4283,3,0.2,0.24,0.29,0.33,0.39,1
4284,5,0.13,0.16,0.2,0.24,0.3,1
4285,1,0.28,0.35,0.42,0.47,0.52,1
4286,1,0.32,0.36,0.4,0.48,0.55,1
4287,1,0.29,0.33,0.4,0.44,0.49,1
4288,2,0.27,0.31,0.36,0.42,0.46,1
4289,4,0.16,0.19,0.22,0.28,0.33,1
4290,4,0.15,0.19,0.23,0.3,0.32,1
4291,4,0.13,0.15,0.2,0.29,0.34,1
4292,3,0.23,0.25,0.29,0.32,0.36,1
4293,1,0.32,0.35,0.4,0.44,0.49,1
4294,3,0.21,0.25,0.3,0.34,0.38,2
4295,4,0.14,0.19,0.23,0.3,0.34,2
4296,2,0.24,0.32,0.35,0.42,0.47,1
4297,3,0.17,0.23,0.29,0.33,0.39,1
4298,1,0.31,0.35,0.43,0.44,0.5,1
4299,1,0.31,0.33,0.4,0.45,0.51,1
4300,3,0.2,0.25,0.31,0.37,0.45,1
4301,5,0.15,0.18,0.2,0.25,0.28,1
4302,2,0.22,0.28,0.34,0.37,0.43,7
4303,4,0.14,0.17,0.24,0.3,0.38,1
4304,4,0.15,0.18,0.23,0.29,0.33,1
4305,2,0.27,0.31,0.33,0.39,0.42,1
4306,2,0.26,0.31,0.35,0.45,0.53,1
4307,3,0.22,0.24,0.28,0.33,0.38,2
4308,1,0.28,0.35,0.41,0.48,0.54,2
4309,2,0.25,0.32,0.37,0.43,0.48,1
4310,1,0.28,0.35,0.39,0.45,0.49,1
4311,1,0.31,0.32,0.38,0.4,0.47,1
4312,4,0.17,0.2,0.27,0.3,0.34,1
4313,3,0.2,0.25,0.29,0.34,0.4,2
4314,5,0.13,0.16,0.19,0.27,0.3,1
4315,3,0.24,0.27,0.32,0.4,0.46,1
4316,4,0.21,0.24,0.27,0.32,0.35,1
4317,2,0.23,0.28,0.33,0.4,0.47,1
4318,5,0.13,0.16,0.2,0.24,0.31,1
4319,2,0.25,0.3,0.33,0.37,0.39,1
4320,5,0.11,0.13,0.19,0.23,0.3,1
4321,4,0.19,0.21,0.26,0.3,0.36,1
4322,1,0.31,0.34,0.4,0.46,0.51,1
4323,2,0.27,0.29,0.33,0.38,0.4,2
4324,5,0.14,0.17,0.2,0.24,0.31,1
4325,3,0.2,0.25,0.32,0.37,0.42,1
4326,4,0.18,0.23,0.25,0.31,0.38,1
4327,2,0.25,0.3,0.36,0.42,0.46,2
4328,3,0.23,0.24,0.28,0.33,0.36,1
4329,3,0.22,0.27,0.29,0.35,0.42,1
4330,2,0.25,0.32,0.37,0.42,0.46,1
4331,4,0.13,0.17,0.24,0.32,0.35,1
4332,5,0.17,0.2,0.22,0.25,0.32,1
4333,5,0.17,0.21,0.24,0.26,0.31,1
4334,1,0.31,0.38,0.46,0.53,0.61,1
4335,5,0.11,0.14,0.18,0.22,0.29,1
4336,3,0.2,0.25,0.31,0.36,0.42,1
4337,2,0.27,0.32,0.39,0.46,0.5,1
4338,1,0.3,0.35,0.37,0.42,0.48,1
4339,3,0.22,0.26,0.31,0.32,0.36,1
4340,3,0.23,0.26,0.3,0.35,0.36,1
4341,1,0.32,0.4,0.45,0.48,0.51,1
4342,3,0.21,0.23,0.3,0.32,0.37,1
4343,4,0.21,0.24,0.25,0.3,0.36,2
4344,2,0.24,0.28,0.32,0.33,0.39,1
4345,4,0.17,0.22,0.27,0.32,0.36,1
4346,2,0.23,0.3,0.34,0.41,0.49,1
4347,5,0.15,0.18,0.23,0.27,0.32,1
4348,1,0.29,0.33,0.37,0.44,0.48,1
4349,5,0.15,0.16,0.21,0.26,0.29,1
4350,3,0.22,0.25,0.31,0.36,0.43,1
4351,2,0.26,0.29,0.33,0.35,0.41,1
4352,2,0.24,0.29,0.35,0.42,0.48,2
4353,2,0.22,0.28,0.36,0.39,0.46,1
4354,4,0.15,0.18,0.22,0.28,0.34,1
4355,3,0.18,0.24,0.3,0.35,0.43,1
4356,5,0.15,0.19,0.23,0.26,0.28,2
4357,2,0.27,0.29,0.38,0.45,0.47,1
4358,1,0.31,0.36,0.4,0.44,0.5,1
4359,2,0.26,0.31,0.38,0.43,0.53,1
4360,3,0.21,0.27,0.3,0.35,0.39,1
4361,3,0.2,0.22,0.28,0.33,0.38,2
4362,5,0.13,0.16,0.19,0.22,0.28,1
4363,1,0.31,0.34,0.39,0.47,0.51,1
4364,5,0.17,0.19,0.21,0.27,0.32,1
4365,4,0.19,0.23,0.27,0.31,0.36,1
4366,1,0.3,0.35,0.41,0.48,0.55,1
4367,3,0.2,0.23,0.29,0.32,0.35,1
4368,5,0.1,0.14,0.18,0.23,0.29,1
4369,1,0.32,0.41,0.46,0.54,0.58,1
4370,4,0.15,0.17,0.22,0.29,0.37,1
4371,5,0.11,0.13,0.16,0.21,0.28,1
4372,4,0.17,0.21,0.26,0.32,0.36,1
4373,3,0.22,0.25,0.3,0.34,0.39,1
4374,3,0.23,0.26,0.32,0.36,0.41,1
4375,2,0.24,0.3,0.39,0.45,0.54,1
4376,5,0.15,0.17,0.21,0.26,0.32,1
4377,4,0.16,0.23,0.27,0.29,0.35,1
4378,3,0.21,0.26,0.31,0.36,0.44,1
4379,3,0.18,0.22,0.29,0.33,0.39,1
4380,2,0.25,0.29,0.36,0.41,0.46,1
4381,2,0.25,0.31,0.35,0.43,0.48,1
4382,1,0.29,0.36,0.41,0.42,0.47,1
4383,2,0.26,0.28,0.34,0.36,0.43,1
4384,5,0.13,0.15,0.22,0.26,0.31,1
4385,1,0.32,0.37,0.45,0.51,0.54,1
4386,5,0.11,0.15,0.19,0.25,0.3,1
4387,1,0.29,0.34,0.39,0.46,0.49,1
4388,5,0.11,0.15,0.2,0.23,0.29,1
4389,5,0.13,0.17,0.2,0.24,0.3,1
4390,4,0.15,0.21,0.25,0.28,0.35,1
4391,3,0.17,0.22,0.31,0.37,0.44,1
4392,2,0.25,0.32,0.35,0.44,0.51,2
4393,3,0.2,0.26,0.28,0.34,0.41,1
4394,1,0.28,0.34,0.38,0.41,0.49,1
4395,4,0.19,0.24,0.25,0.31,0.35,1
4396,3,0.22,0.25,0.29,0.32,0.38,1
4397,3,0.22,0.27,0.31,0.37,0.44,1
4398,4,0.19,0.23,0.24,0.3,0.35,1
4399,5,0.13,0.14,0.17,0.23,0.29,2
4400,2,0.24,0.3,0.35,0.39,0.45,2
4401,4,0.14,0.18,0.23,0.3,0.35,1
4402,2,0.23,0.31,0.38,0.43,0.49,1
4403,2,0.23,0.32,0.37,0.43,0.48,1
4404,4,0.17,0.21,0.25,0.29,0.36,1
4405,1,0.31,0.38,0.42,0.49,0.56,1
4406,5,0.16,0.19,0.22,0.25,0.32,1
4407,2,0.24,0.29,0.35,0.39,0.45,2
4408,3,0.18,0.22,0.28,0.36,0.43,2
4409,1,0.29,0.34,0.4,0.46,0.54,1
4410,1,0.31,0.36,0.41,0.48,0.53,1
4411,4,0.16,0.2,0.25,0.32,0.41,1
4412,4,0.14,0.18,0.23,0.3,0.36,1
4413,1,0.29,0.33,0.39,0.41,0.47,1
4414,1,0.32,0.37,0.4,0.43,0.49,1
4415,4,0.15,0.19,0.23,0.3,0.34,1
4416,2,0.25,0.32,0.38,0.46,0.5,1
4417,1,0.31,0.38,0.43,0.51,0.57,1
4418,2,0.26,0.3,0.35,0.36,0.4,1
4419,2,0.26,0.28,0.32,0.38,0.42,3
4420,3,0.17,0.22,0.29,0.32,0.38,1
4421,1,0.28,0.33,0.39,0.46,0.54,1
4422,3,0.2,0.24,0.29,0.34,0.44,1
4423,1,0.28,0.32,0.37,0.42,0.47,1
4424,3,0.21,0.28,0.3,0.35,0.44,2
4425,3,0.21,0.24,0.29,0.32,0.4,1
4426,3,0.22,0.26,0.3,0.35,0.41,1
4427,3,0.23,0.25,0.31,0.38,0.41,1
4428,5,0.12,0.14,0.18,0.22,0.28,2
4429,3,0.21,0.25,0.28,0.33,0.36,1
4430,2,0.24,0.31,0.4,0.47,0.51,1
4431,3,0.17,0.22,0.28,0.35,0.43,1
4432,4,0.13,0.17,0.21,0.28,0.33,1
4433,2,0.25,0.31,0.38,0.43,0.52,1
4434,1,0.29,0.34,0.41,0.46,0.52,1
4435,4,0.16,0.2,0.24,0.29,0.32,1
4436,2,0.24,0.28,0.34,0.38,0.44,2
4437,5,0.14,0.19,0.22,0.26,0.31,1
4438,4,0.19,0.24,0.27,0.31,0.38,1
4439,5,0.16,0.18,0.21,0.24,0.3,1
4440,5,0.16,0.18,0.21,0.25,0.28,1
4441,4,0.17,0.2,0.24,0.28,0.33,1
4442,1,0.3,0.37,0.42,0.46,0.51,1
4443,5,0.12,0.16,0.2,0.23,0.29,1
4444,4,0.14,0.2,0.25,0.28,0.35,1
4445,2,0.26,0.3,0.34,0.4,0.45,1
4446,1,0.31,0.35,0.4,0.41,0.47,1
4447,3,0.21,0.26,0.32,0.39,0.47,1
4448,4,0.17,0.2,0.25,0.3,0.34,1
4449,3,0.22,0.25,0.28,0.32,0.37,1
4450,4,0.15,0.2,0.25,0.31,0.39,1
4451,3,0.2,0.26,0.28,0.33,0.38,3
4452,1,0.29,0.32,0.37,0.4,0.46,1
4453,4,0.17,0.22,0.26,0.3,0.34,1
4454,1,0.3,0.35,0.38,0.47,0.54,1
4455,5,0.11,0.14,0.18,0.22,0.28,1
4456,5,0.13,0.16,0.2,0.26,0.31,1
4457,4,0.21,0.24,0.28,0.3,0.36,1
4458,3,0.18,0.21,0.3,0.33,0.38,1
4459,5,0.14,0.17,0.2,0.26,0.31,1
4460,5,0.13,0.17,0.22,0.24,0.32,1
4461,1,0.29,0.36,0.4,0.44,0.49,1
4462,2,0.24,0.28,0.33,0.41,0.45,1
4463,4,0.17,0.22,0.27,0.29,0.35,2
4464,1,0.31,0.38,0.46,0.49,0.58,1
4465,4,0.17,0.2,0.24,0.29,0.31,1
4466,3,0.22,0.26,0.31,0.36,0.42,1
4467,4,0.17,0.24,0.26,0.31,0.37,2
4468,2,0.28,0.31,0.37,0.44,0.48,1
4469,3,0.21,0.24,0.3,0.37,0.41,1
4470,5,0.19,0.2,0.23,0.26,0.32,1
4471,2,0.24,0.29,0.38,0.41,0.46,1
4472,1,0.29,0.34,0.37,0.43,0.48,1
4473,5,0.13,0.17,0.21,0.26,0.3,1
4474,1,0.32,0.37,0.4,0.46,0.52,1
4475,1,0.28,0.35,0.39,0.42,0.48,1
4476,5,0.14,0.15,0.18,0.24,0.28,1
4477,3,0.19,0.22,0.29,0.34,0.4,1
4478,1,0.28,0.32,0.34,0.39,0.44,1
4479,5,0.14,0.16,0.21,0.28,0.3,1
4480,1,0.3,0.33,0.38,0.45,0.51,1
4481,3,0.22,0.23,0.29,0.34,0.39,1
4482,5,0.13,0.16,0.19,0.23,0.28,1
4483,2,0.25,0.3,0.34,0.38,0.44,1
4484,1,0.28,0.32,0.36,0.39,0.46,1
4485,4,0.14,0.16,0.24,0.28,0.34,1
4486,5,0.14,0.18,0.22,0.24,0.31,1
4487,3,0.19,0.26,0.3,0.34,0.42,1
4488,4,0.14,0.18,0.23,0.29,0.33,1
4489,3,0.17,0.22,0.3,0.34,0.39,1
4490,2,0.24,0.28,0.34,0.41,0.46,1
4491,1,0.32,0.38,0.41,0.43,0.53,1
4492,1,0.3,0.37,0.41,0.46,0.56,1
4493,1,0.3,0.36,0.43,0.46,0.51,1
4494,4,0.16,0.19,0.22,0.28,0.32,2
4495,3,0.24,0.27,0.32,0.38,0.44,1
4496,2,0.26,0.29,0.37,0.43,0.51,1
4497,1,0.3,0.37,0.42,0.45,0.52,1
4498,4,0.17,0.19,0.25,0.31,0.34,1
4499,1,0.31,0.37,0.41,0.44,0.48,1
4500,2,0.25,0.31,0.35,0.4,0.52,1
4501,5,0.11,0.15,0.19,0.23,0.28,1
4502,5,0.16,0.19,0.24,0.27,0.32,1
4503,4,0.17,0.21,0.27,0.3,0.35,1
4504,4,0.14,0.17,0.24,0.29,0.33,1
4505,4,0.14,0.16,0.2,0.28,0.33,2
4506,5,0.15,0.17,0.21,0.24,0.3,1
4507,2,0.24,0.31,0.38,0.42,0.44,1
4508,4,0.16,0.2,0.24,0.29,0.31,2
4509,2,0.26,0.31,0.35,0.41,0.5,1
4510,1,0.28,0.35,0.41,0.48,0.53,1
4511,3,0.21,0.25,0.32,0.4,0.46,1
4512,1,0.29,0.35,0.4,0.47,0.55,1
4513,3,0.21,0.23,0.28,0.32,0.36,3
4514,5,0.16,0.19,0.22,0.26,0.32,1
4515,4,0.17,0.23,0.28,0.3,0.36,1
4516,1,0.28,0.33,0.39,0.44,0.46,1
4517,5,0.15,0.18,0.21,0.26,0.29,2
4518,1,0.29,0.31,0.39,0.46,0.54,1
4519,2,0.26,0.3,0.36,0.44,0.5,1
4520,2,0.23,0.29,0.35,0.4,0.44,1
4521,4,0.15,0.19,0.23,0.31,0.34,1
4522,2,0.26,0.31,0.36,0.43,0.49,1
4523,1,0.31,0.4,0.48,0.58,0.61,1
4524,1,0.28,0.34,0.41,0.43,0.53,1
4525,4,0.13,0.18,0.24,0.32,0.38,2
4526,3,0.21,0.26,0.3,0.33,0.35,2
4527,3,0.19,0.25,0.3,0.33,0.39,1
4528,1,0.29,0.36,0.41,0.47,0.54,1
4529,4,0.12,0.18,0.25,0.29,0.37,1
4530,2,0.26,0.3,0.35,0.41,0.47,1
4531,2,0.27,0.29,0.33,0.38,0.42,1
4532,3,0.21,0.26,0.31,0.34,0.4,1
4533,5,0.12,0.16,0.19,0.23,0.29,1
4534,4,0.18,0.21,0.26,0.31,0.4,1
4535,2,0.2,0.28,0.32,0.36,0.4,1
4536,5,0.12,0.16,0.22,0.27,0.28,1
4537,3,0.21,0.24,0.29,0.34,0.38,1
4538,5,0.13,0.15,0.2,0.26,0.31,1
4539,1,0.31,0.39,0.46,0.52,0.57,1
4540,2,0.23,0.31,0.38,0.42,0.5,1
4541,1,0.29,0.34,0.38,0.47,0.51,1
4542,5,0.15,0.17,0.2,0.27,0.32,1
4543,5,0.14,0.17,0.22,0.25,0.3,1
4544,5,0.12,0.16,0.22,0.27,0.32,1
4545,5,0.12,0.14,0.18,0.24,0.3,1
4546,2,0.27,0.29,0.34,0.37,0.44,1
4547,1,0.29,0.35,0.39,0.44,0.48,1
4548,1,0.29,0.33,0.36,0.4,0.45,1
4549,1,0.3,0.34,0.41,0.48,0.57,1
4550,1,0.32,0.35,0.41,0.46,0.5,1
4551,2,0.23,0.29,0.34,0.38,0.43,1
4552,3,0.19,0.25,0.29,0.36,0.41,1
4553,1,0.31,0.38,0.45,0.49,0.56,1
4554,2,0.26,0.29,0.34,0.39,0.46,2
4555,1,0.3,0.35,0.39,0.48,0.52,1
4556,5,0.13,0.17,0.2,0.26,0.3,2
4557,1,0.32,0.39,0.45,0.51,0.55,1
4558,4,0.18,0.23,0.26,0.29,0.34,1
4559,5,0.11,0.14,0.17,0.22,0.28,2
4560,5,0.14,0.17,0.21,0.26,0.3,1
4561,2,0.26,0.3,0.34,0.38,0.43,1
4562,4,0.15,0.19,0.25,0.29,0.34,2
4563,4,0.18,0.2,0.24,0.29,0.36,2
4564,1,0.3,0.33,0.37,0.41,0.45,1
4565,5,0.1,0.14,0.18,0.23,0.29,1
4566,1,0.29,0.33,0.42,0.49,0.54,1
4567,3,0.22,0.27,0.3,0.36,0.42,1
4568,2,0.29,0.3,0.36,0.4,0.43,1
4569,4,0.15,0.2,0.25,0.29,0.35,1
4570,2,0.24,0.28,0.33,0.37,0.42,1
4571,5,0.13,0.17,0.2,0.26,0.32,1
4572,2,0.27,0.3,0.37,0.43,0.49,1
4573,1,0.31,0.4,0.49,0.56,0.65,1
4574,5,0.14,0.16,0.21,0.26,0.29,1
4575,2,0.22,0.28,0.33,0.36,0.41,2
4576,3,0.17,0.23,0.28,0.34,0.39,1
4577,3,0.19,0.24,0.32,0.37,0.41,1
4578,5,0.11,0.15,0.18,0.23,0.29,1
4579,2,0.24,0.32,0.38,0.43,0.48,1
4580,2,0.27,0.32,0.37,0.41,0.47,1
4581,4,0.16,0.2,0.24,0.3,0.33,1
4582,5,0.17,0.19,0.22,0.27,0.32,1
4583,2,0.23,0.28,0.34,0.37,0.41,1
4584,5,0.14,0.16,0.19,0.24,0.3,1
4585,2,0.22,0.28,0.35,0.38,0.41,1
4586,4,0.13,0.18,0.23,0.3,0.34,1
4587,4,0.2,0.24,0.25,0.3,0.37,2
4588,5,0.13,0.17,0.21,0.25,0.32,1
4589,2,0.28,0.3,0.38,0.41,0.47,1
4590,2,0.25,0.3,0.33,0.38,0.46,2
4591,5,0.14,0.21,0.22,0.27,0.28,1
4592,4,0.2,0.24,0.27,0.31,0.35,2
4593,5,0.11,0.16,0.2,0.25,0.32,1
4594,4,0.19,0.23,0.24,0.29,0.32,1
4595,3,0.2,0.24,0.29,0.33,0.41,1
4596,5,0.14,0.16,0.18,0.21,0.29,1
4597,5,0.16,0.19,0.21,0.24,0.29,1
4598,5,0.11,0.14,0.18,0.23,0.28,1
4599,2,0.23,0.29,0.34,0.37,0.41,1
4600,5,0.12,0.16,0.19,0.24,0.29,1
4601,4,0.19,0.23,0.25,0.3,0.39,1
4602,2,0.26,0.29,0.31,0.35,0.4,1
4603,2,0.25,0.32,0.37,0.43,0.48,1
4604,4,0.18,0.2,0.23,0.28,0.33,1
4605,3,0.22,0.25,0.3,0.33,0.39,1
4606,4,0.15,0.19,0.24,0.29,0.31,1
4607,1,0.3,0.35,0.4,0.44,0.5,1
4608,3,0.19,0.22,0.28,0.32,0.36,1
4609,4,0.15,0.21,0.26,0.3,0.38,2
4610,1,0.3,0.34,0.4,0.45,0.52,1
4611,1,0.32,0.34,0.42,0.5,0.55,1
4612,5,0.09,0.12,0.15,0.21,0.29,1
4613,1,0.3,0.37,0.43,0.49,0.54,1
4614,4,0.14,0.17,0.23,0.28,0.33,1
4615,1,0.28,0.32,0.37,0.44,0.48,1
4616,5,0.09,0.13,0.17,0.23,0.28,1
4617,1,0.32,0.36,0.4,0.44,0.49,1
4618,2,0.25,0.29,0.31,0.37,0.41,2
4619,2,0.26,0.32,0.34,0.37,0.43,1
4620,5,0.11,0.16,0.21,0.25,0.28,1
4621,2,0.28,0.29,0.34,0.39,0.43,1
4622,3,0.23,0.27,0.31,0.37,0.44,1
4623,3,0.2,0.23,0.29,0.34,0.39,1
4624,2,0.23,0.29,0.34,0.4,0.45,1
4625,4,0.18,0.2,0.24,0.31,0.39,1
4626,2,0.25,0.31,0.34,0.4,0.45,1
4627,2,0.24,0.29,0.34,0.38,0.42,1
4628,1,0.3,0.4,0.46,0.49,0.57,1
4629,5,0.16,0.18,0.2,0.25,0.31,1
4630,5,0.13,0.15,0.21,0.24,0.29,1
4631,4,0.16,0.21,0.25,0.31,0.35,1
4632,2,0.26,0.31,0.35,0.43,0.49,1
4633,2,0.27,0.31,0.33,0.36,0.44,1
4634,4,0.17,0.21,0.25,0.3,0.32,1
4635,1,0.32,0.34,0.37,0.43,0.49,1
4636,4,0.19,0.23,0.27,0.32,0.37,1
4637,3,0.21,0.24,0.29,0.34,0.4,1
4638,1,0.3,0.33,0.38,0.43,0.5,1
4639,1,0.3,0.36,0.43,0.49,0.51,1
4640,2,0.22,0.28,0.35,0.39,0.46,1
4641,2,0.23,0.29,0.34,0.43,0.49,1
4642,1,0.31,0.39,0.46,0.48,0.53,1
4643,3,0.21,0.28,0.3,0.41,0.47,1
4644,1,0.31,0.38,0.45,0.52,0.59,1
4645,4,0.14,0.17,0.23,0.28,0.34,1
4646,3,0.21,0.25,0.28,0.32,0.4,1
4647,2,0.24,0.3,0.38,0.44,0.46,1
4648,1,0.28,0.34,0.37,0.45,0.5,1
4649,5,0.14,0.16,0.22,0.27,0.31,2
4650,5,0.16,0.2,0.23,0.26,0.3,1
4651,1,0.32,0.39,0.43,0.48,0.55,2
4652,2,0.25,0.29,0.36,0.38,0.46,1
4653,2,0.21,0.28,0.36,0.44,0.5,1
4654,4,0.16,0.21,0.23,0.28,0.33,1
4655,3,0.22,0.25,0.31,0.33,0.39,2
4656,2,0.24,0.31,0.36,0.42,0.47,1
4657,3,0.19,0.24,0.28,0.36,0.43,1
4658,4,0.15,0.19,0.23,0.29,0.35,1
4659,3,0.23,0.27,0.31,0.34,0.39,1
4660,5,0.14,0.17,0.23,0.28,0.3,1
4661,4,0.16,0.21,0.28,0.29,0.34,1
4662,5,0.1,0.14,0.18,0.25,0.31,1
4663,5,0.13,0.16,0.18,0.24,0.28,1
4664,2,0.25,0.3,0.35,0.41,0.42,1
4665,4,0.17,0.21,0.27,0.29,0.34,1
4666,4,0.19,0.24,0.27,0.3,0.38,1
4667,5,0.09,0.13,0.18,0.23,0.28,1
4668,2,0.25,0.31,0.36,0.42,0.47,1
4669,2,0.22,0.3,0.33,0.37,0.39,1
4670,2,0.27,0.31,0.35,0.4,0.45,1
4671,5,0.16,0.2,0.23,0.26,0.31,1
4672,4,0.2,0.23,0.27,0.32,0.38,1
4673,4,0.19,0.22,0.28,0.3,0.36,1
4674,4,0.15,0.18,0.23,0.31,0.37,1
4675,4,0.15,0.22,0.26,0.31,0.33,1
4676,3,0.2,0.27,0.3,0.34,0.42,2
4677,4,0.18,0.22,0.27,0.32,0.39,1
4678,1,0.31,0.37,0.39,0.42,0.49,1
4679,4,0.18,0.2,0.25,0.3,0.38,1
4680,2,0.23,0.3,0.33,0.37,0.42,1
4681,4,0.2,0.25,0.29,0.3,0.33,1
4682,5,0.13,0.14,0.19,0.23,0.3,1
4683,2,0.27,0.3,0.33,0.37,0.43,2
4684,3,0.21,0.26,0.31,0.38,0.42,1
4685,1,0.3,0.36,0.4,0.44,0.49,1
4686,2,0.27,0.32,0.38,0.45,0.52,1
4687,5,0.12,0.15,0.18,0.24,0.28,1
4688,4,0.16,0.21,0.25,0.28,0.34,1
4689,4,0.14,0.19,0.25,0.32,0.38,1
4690,3,0.21,0.25,0.29,0.34,0.39,1
4691,5,0.15,0.18,0.21,0.25,0.31,1
4692,3,0.16,0.23,0.3,0.35,0.41,1
4693,4,0.17,0.21,0.26,0.31,0.32,1
4694,5,0.13,0.17,0.23,0.28,0.31,1
4695,4,0.17,0.2,0.23,0.29,0.34,1
4696,1,0.29,0.36,0.4,0.47,0.52,1
4697,5,0.13,0.16,0.2,0.24,0.29,1
4698,2,0.22,0.28,0.35,0.4,0.46,1
4699,1,0.32,0.39,0.43,0.5,0.56,1
4700,2,0.24,0.28,0.35,0.42,0.44,1
4701,4,0.2,0.22,0.25,0.32,0.4,1
4702,4,0.16,0.21,0.27,0.32,0.35,2
4703,5,0.12,0.16,0.21,0.24,0.29,1
4704,1,0.31,0.35,0.39,0.45,0.54,1
4705,2,0.24,0.29,0.34,0.39,0.45,2
4706,2,0.26,0.29,0.36,0.39,0.45,1
4707,4,0.17,0.2,0.24,0.29,0.36,1
4708,1,0.31,0.36,0.41,0.48,0.56,1
4709,4,0.14,0.2,0.24,0.3,0.35,2
4710,2,0.25,0.28,0.33,0.39,0.45,1
4711,5,0.13,0.19,0.22,0.27,0.31,1
4712,3,0.2,0.24,0.31,0.37,0.41,1
4713,3,0.18,0.22,0.29,0.31,0.37,1
4714,3,0.23,0.26,0.32,0.35,0.4,1
4715,3,0.19,0.25,0.3,0.36,0.45,2
4716,4,0.18,0.21,0.23,0.29,0.33,1
4717,3,0.22,0.27,0.32,0.37,0.44,1
4718,1,0.29,0.34,0.38,0.45,0.5,1
4719,1,0.28,0.36,0.39,0.43,0.48,1
4720,5,0.15,0.19,0.21,0.25,0.31,1
4721,4,0.16,0.2,0.24,0.29,0.34,1
4722,3,0.23,0.26,0.3,0.36,0.44,1
4723,1,0.32,0.36,0.44,0.52,0.61,1
4724,3,0.19,0.27,0.31,0.38,0.42,1
4725,2,0.23,0.3,0.36,0.42,0.49,1
4726,5,0.12,0.17,0.22,0.25,0.28,1
4727,4,0.15,0.19,0.23,0.29,0.32,1
4728,3,0.23,0.27,0.32,0.35,0.38,1
4729,2,0.22,0.28,0.32,0.39,0.45,1
4730,4,0.13,0.19,0.22,0.31,0.38,1
4731,5,0.12,0.15,0.17,0.23,0.31,1
4732,4,0.18,0.21,0.24,0.28,0.32,1
4733,4,0.16,0.21,0.26,0.29,0.33,1
4734,5,0.14,0.17,0.21,0.25,0.3,1
4735,3,0.19,0.23,0.28,0.33,0.37,1
4736,4,0.13,0.18,0.24,0.31,0.36,1
4737,5,0.17,0.21,0.23,0.27,0.31,2
4738,1,0.3,0.32,0.34,0.41,0.45,1
4739,1,0.32,0.37,0.4,0.44,0.51,1
4740,5,0.11,0.13,0.18,0.21,0.28,1
4741,5,0.13,0.17,0.21,0.27,0.3,2
4742,4,0.15,0.19,0.25,0.29,0.32,1
4743,5,0.16,0.2,0.23,0.26,0.3,1
4744,5,0.15,0.17,0.22,0.25,0.29,1
4745,3,0.22,0.25,0.3,0.34,0.39,1
4746,1,0.3,0.36,0.41,0.51,0.55,1
4747,5,0.17,0.21,0.24,0.26,0.29,1
4748,1,0.3,0.32,0.37,0.41,0.45,1
4749,2,0.24,0.28,0.35,0.41,0.46,1
4750,2,0.26,0.32,0.35,0.42,0.5,1
4751,3,0.2,0.24,0.28,0.32,0.41,1
4752,5,0.12,0.15,0.2,0.24,0.32,1
4753,3,0.19,0.22,0.31,0.34,0.39,1
4754,1,0.28,0.34,0.39,0.47,0.56,1
4755,1,0.32,0.37,0.42,0.49,0.55,1
4756,4,0.16,0.19,0.25,0.28,0.33,1
4757,4,0.15,0.18,0.25,0.3,0.34,1
4758,5,0.14,0.18,0.21,0.25,0.3,1
4759,3,0.21,0.27,0.29,0.36,0.4,2
4760,2,0.25,0.28,0.34,0.39,0.45,1
4761,3,0.21,0.22,0.29,0.34,0.39,1
4762,4,0.16,0.2,0.22,0.28,0.35,1
4763,3,0.19,0.24,0.3,0.36,0.4,1
4764,2,0.25,0.29,0.34,0.41,0.49,1
4765,5,0.09,0.12,0.17,0.25,0.29,1
4766,3,0.24,0.27,0.31,0.35,0.4,1
4767,4,0.13,0.18,0.22,0.3,0.32,1
4768,1,0.31,0.34,0.38,0.44,0.52,1
4769,3,0.25,0.28,0.31,0.36,0.39,1
4770,3,0.21,0.25,0.32,0.4,0.47,1
4771,4,0.21,0.22,0.28,0.29,0.36,2
4772,4,0.17,0.19,0.26,0.31,0.38,1
4773,4,0.11,0.16,0.22,0.29,0.35,1
4774,3,0.2,0.24,0.29,0.31,0.35,1
4775,5,0.11,0.15,0.2,0.25,0.29,1
4776,2,0.26,0.32,0.37,0.41,0.46,2
4777,1,0.28,0.32,0.39,0.45,0.5,3
4778,1,0.32,0.35,0.4,0.46,0.51,1
4779,4,0.14,0.18,0.24,0.28,0.33,1
4780,4,0.17,0.23,0.26,0.32,0.36,1
4781,5,0.12,0.14,0.18,0.23,0.28,1
4782,2,0.24,0.32,0.37,0.46,0.5,1
4783,5,0.13,0.17,0.21,0.23,0.29,1
4784,5,0.12,0.15,0.2,0.26,0.31,1
4785,5,0.15,0.17,0.23,0.25,0.32,1
4786,3,0.23,0.28,0.3,0.37,0.43,1
4787,5,0.14,0.18,0.22,0.26,0.31,1
4788,5,0.14,0.15,0.18,0.23,0.29,1
4789,2,0.25,0.32,0.39,0.46,0.53,1
4790,1,0.31,0.35,0.4,0.45,0.49,1
4791,5,0.14,0.16,0.21,0.24,0.31,1
4792,2,0.25,0.3,0.4,0.45,0.51,2
4793,2,0.27,0.31,0.38,0.44,0.51,1
4794,4,0.19,0.24,0.27,0.32,0.39,2
4795,4,0.17,0.19,0.24,0.3,0.37,1
4796,1,0.32,0.35,0.4,0.48,0.52,1
4797,5,0.12,0.16,0.2,0.24,0.32,1
4798,5,0.14,0.16,0.2,0.24,0.29,1
4799,2,0.25,0.29,0.36,0.41,0.44,1
4800,4,0.15,0.18,0.24,0.32,0.38,1
4801,1,0.29,0.34,0.37,0.43,0.47,2
4802,3,0.19,0.23,0.28,0.33,0.36,1
4803,3,0.23,0.25,0.31,0.36,0.45,2
4804,4,0.16,0.2,0.26,0.3,0.32,1
4805,5,0.11,0.14,0.17,0.24,0.28,1
4806,2,0.25,0.29,0.33,0.37,0.42,2
4807,3,0.2,0.23,0.28,0.38,0.43,1
4808,2,0.25,0.3,0.36,0.45,0.49,1
4809,4,0.15,0.2,0.25,0.32,0.41,2
4810,1,0.29,0.33,0.38,0.43,0.48,1
4811,2,0.26,0.29,0.33,0.4,0.46,1
4812,2,0.23,0.28,0.35,0.4,0.48,2
4813,4,0.17,0.22,0.23,0.29,0.34,1
4814,4,0.17,0.19,0.22,0.28,0.34,2
4815,3,0.24,0.28,0.29,0.34,0.4,1
4816,4,0.18,0.22,0.28,0.31,0.36,1
4817,1,0.29,0.34,0.4,0.47,0.5,1
4818,3,0.23,0.27,0.3,0.34,0.42,1
4819,4,0.14,0.19,0.23,0.28,0.37,1
4820,4,0.19,0.2,0.24,0.29,0.33,1
4821,1,0.28,0.34,0.41,0.48,0.57,1
4822,2,0.26,0.3,0.37,0.44,0.46,1
4823,4,0.17,0.23,0.26,0.32,0.37,2
4824,4,0.13,0.16,0.21,0.29,0.36,1
4825,5,0.17,0.2,0.22,0.26,0.31,1
4826,2,0.26,0.31,0.33,0.41,0.44,1
4827,2,0.23,0.28,0.32,0.35,0.38,1
4828,1,0.32,0.36,0.41,0.5,0.57,1
4829,3,0.2,0.23,0.3,0.36,0.41,1
4830,2,0.27,0.31,0.36,0.44,0.5,1
4831,3,0.25,0.27,0.31,0.35,0.4,3
4832,4,0.15,0.2,0.25,0.3,0.35,1
4833,4,0.18,0.21,0.26,0.31,0.35,1
4834,1,0.31,0.38,0.41,0.47,0.5,1
4835,2,0.24,0.31,0.37,0.46,0.5,1
4836,5,0.14,0.17,0.21,0.26,0.3,2
4837,2,0.23,0.3,0.32,0.38,0.44,1
4838,1,0.32,0.38,0.43,0.47,0.52,1
4839,3,0.23,0.26,0.31,0.32,0.33,1
4840,1,0.32,0.35,0.42,0.45,0.5,1
4841,3,0.21,0.25,0.3,0.35,0.38,1
4842,4,0.18,0.23,0.26,0.29,0.36,1
4843,2,0.29,0.3,0.36,0.41,0.44,1
4844,2,0.26,0.31,0.36,0.42,0.5,1
4845,1,0.28,0.34,0.37,0.44,0.51,1
4846,1,0.32,0.36,0.42,0.47,0.54,1
4847,1,0.3,0.32,0.38,0.45,0.51,1
4848,4,0.16,0.22,0.25,0.31,0.35,1
4849,4,0.15,0.19,0.22,0.28,0.32,1
4850,4,0.16,0.17,0.23,0.28,0.35,1
4851,3,0.22,0.26,0.28,0.35,0.4,1
4852,3,0.18,0.24,0.3,0.36,0.44,1
4853,4,0.15,0.18,0.23,0.29,0.35,1
4854,3,0.2,0.23,0.29,0.36,0.41,1
4855,3,0.2,0.22,0.29,0.33,0.37,1
4856,1,0.3,0.34,0.35,0.44,0.48,1
4857,5,0.13,0.17,0.2,0.24,0.3,1
4858,1,0.31,0.34,0.36,0.42,0.48,1
4859,3,0.24,0.28,0.31,0.38,0.46,1
4860,2,0.24,0.3,0.38,0.43,0.48,1
4861,1,0.31,0.35,0.41,0.45,0.48,1
4862,5,0.13,0.16,0.19,0.23,0.29,1
4863,3,0.19,0.22,0.29,0.33,0.36,2
4864,4,0.17,0.2,0.26,0.32,0.36,2
4865,1,0.29,0.36,0.43,0.46,0.51,1
4866,4,0.21,0.23,0.27,0.31,0.34,2
4867,4,0.18,0.22,0.25,0.31,0.35,2
4868,4,0.15,0.19,0.24,0.29,0.32,1
4869,4,0.18,0.2,0.25,0.3,0.33,1
4870,2,0.27,0.31,0.35,0.39,0.45,1
4871,4,0.16,0.18,0.24,0.3,0.36,1
4872,4,0.18,0.23,0.25,0.3,0.35,1
4873,3,0.17,0.2,0.28,0.35,0.38,1
4874,4,0.14,0.17,0.22,0.28,0.32,1
4875,2,0.25,0.29,0.33,0.39,0.44,1
4876,2,0.27,0.31,0.38,0.42,0.47,1
4877,3,0.21,0.24,0.3,0.35,0.38,1
4878,4,0.15,0.2,0.24,0.31,0.37,2
4879,2,0.25,0.3,0.37,0.43,0.5,1
4880,5,0.17,0.21,0.22,0.26,0.32,1
4881,2,0.25,0.29,0.34,0.4,0.45,1
4882,4,0.19,0.23,0.25,0.3,0.36,1
4883,1,0.28,0.33,0.4,0.45,0.55,1
4884,5,0.12,0.13,0.18,0.21,0.28,1
4885,3,0.18,0.23,0.28,0.33,0.38,1
4886,2,0.25,0.3,0.32,0.36,0.43,1
4887,1,0.29,0.35,0.42,0.49,0.55,1
4888,1,0.31,0.35,0.4,0.48,0.55,1
4889,3,0.18,0.23,0.3,0.34,0.41,2
4890,3,0.18,0.24,0.3,0.35,0.41,1
4891,1,0.32,0.36,0.41,0.49,0.51,1
4892,2,0.23,0.28,0.35,0.45,0.49,1
4893,5,0.15,0.18,0.19,0.23,0.29,1
4894,3,0.17,0.22,0.3,0.37,0.42,1
4895,2,0.24,0.29,0.34,0.39,0.43,1
4896,2,0.25,0.29,0.34,0.37,0.45,1
4897,3,0.17,0.22,0.28,0.34,0.39,1
4898,2,0.27,0.32,0.39,0.43,0.5,1
4899,5,0.17,0.21,0.23,0.28,0.3,1
4900,4,0.14,0.17,0.24,0.31,0.37,1
4901,3,0.19,0.25,0.31,0.41,0.48,1
4902,5,0.11,0.14,0.19,0.24,0.31,1
4903,4,0.14,0.18,0.25,0.31,0.37,1
4904,5,0.14,0.16,0.2,0.26,0.32,1
4905,3,0.18,0.24,0.3,0.34,0.39,2
4906,3,0.21,0.26,0.3,0.35,0.39,1
4907,5,0.12,0.14,0.19,0.24,0.3,1
4908,3,0.2,0.24,0.28,0.32,0.38,1
4909,5,0.12,0.14,0.2,0.26,0.32,1
4910,4,0.18,0.22,0.27,0.31,0.41,1
4911,2,0.26,0.3,0.34,0.38,0.44,2
4912,2,0.22,0.28,0.38,0.44,0.5,1
4913,5,0.15,0.16,0.19,0.23,0.28,1
4914,3,0.21,0.27,0.32,0.36,0.41,1
4915,5,0.13,0.16,0.21,0.23,0.29,1
4916,4,0.18,0.23,0.27,0.32,0.4,1
4917,5,0.13,0.16,0.2,0.27,0.32,1
4918,4,0.19,0.22,0.26,0.28,0.32,1
4919,1,0.32,0.34,0.39,0.45,0.51,1
4920,1,0.31,0.35,0.36,0.43,0.5,1
4921,1,0.3,0.35,0.39,0.46,0.52,1
4922,4,0.16,0.2,0.25,0.3,0.38,1
4923,1,0.31,0.35,0.36,0.42,0.51,1
4924,3,0.2,0.24,0.28,0.34,0.39,1
4925,3,0.19,0.26,0.3,0.36,0.41,1
4926,3,0.2,0.24,0.31,0.37,0.44,2
4927,3,0.16,0.21,0.28,0.34,0.41,4
4928,3,0.21,0.26,0.31,0.35,0.44,1
4929,2,0.24,0.28,0.34,0.38,0.42,1
4930,4,0.2,0.25,0.27,0.32,0.34,1
4931,1,0.31,0.35,0.41,0.46,0.53,1
4932,1,0.3,0.33,0.39,0.42,0.52,1
4933,3,0.21,0.27,0.31,0.38,0.44,1
4934,3,0.2,0.24,0.3,0.35,0.44,1
4935,4,0.16,0.2,0.26,0.3,0.37,1
4936,3,0.21,0.25,0.31,0.36,0.38,1
4937,1,0.28,0.34,0.38,0.42,0.48,1
4938,2,0.26,0.29,0.36,0.39,0.43,1
4939,1,0.3,0.32,0.37,0.41,0.45,2
4940,4,0.15,0.19,0.23,0.32,0.34,1
4941,5,0.14,0.17,0.2,0.24,0.3,1
4942,5,0.14,0.17,0.2,0.23,0.32,1
4943,4,0.16,0.22,0.27,0.29,0.33,1
4944,5,0.16,0.18,0.22,0.25,0.31,1
4945,4,0.17,0.2,0.25,0.3,0.34,1
4946,4,0.18,0.21,0.25,0.3,0.33,1
4947,1,0.32,0.4,0.45,0.49,0.56,1
4948,2,0.24,0.3,0.37,0.42,0.49,1
4949,3,0.2,0.22,0.28,0.35,0.41,1
4950,2,0.25,0.29,0.35,0.4,0.49,1
4951,5,0.12,0.17,0.23,0.25,0.28,1
4952,2,0.26,0.32,0.39,0.42,0.49,1
4953,3,0.18,0.23,0.29,0.34,0.42,1
4954,1,0.29,0.34,0.37,0.44,0.52,1
4955,5,0.12,0.16,0.19,0.25,0.3,1
4956,1,0.31,0.39,0.44,0.51,0.56,2
4957,5,0.15,0.18,0.23,0.27,0.32,1
4958,1,0.28,0.32,0.34,0.41,0.48,1
4959,3,0.2,0.23,0.28,0.32,0.38,1
4960,4,0.19,0.21,0.25,0.32,0.4,1
4961,1,0.32,0.36,0.43,0.49,0.55,1
4962,5,0.12,0.17,0.21,0.26,0.31,1
4963,2,0.22,0.29,0.35,0.39,0.43,1
4964,2,0.27,0.3,0.32,0.39,0.47,1
4965,1,0.3,0.34,0.41,0.46,0.51,1
4966,2,0.27,0.32,0.36,0.4,0.49,1
4967,4,0.16,0.19,0.24,0.3,0.36,2
4968,3,0.2,0.24,0.29,0.37,0.43,1
4969,3,0.21,0.26,0.3,0.35,0.4,1
4970,3,0.16,0.21,0.3,0.37,0.46,1
4971,1,0.32,0.39,0.41,0.43,0.5,1
4972,4,0.17,0.23,0.28,0.31,0.37,1
4973,1,0.29,0.34,0.42,0.47,0.54,1
4974,5,0.13,0.14,0.18,0.22,0.29,1
4975,5,0.15,0.19,0.23,0.25,0.3,2
4976,1,0.28,0.33,0.37,0.4,0.44,1
4977,1,0.3,0.37,0.43,0.46,0.51,1
4978,5,0.13,0.16,0.21,0.26,0.29,1
4979,4,0.2,0.22,0.27,0.32,0.36,1
4980,4,0.18,0.22,0.27,0.31,0.37,1
4981,2,0.24,0.31,0.37,0.43,0.51,1
4982,1,0.3,0.34,0.4,0.41,0.44,1
4983,3,0.21,0.27,0.32,0.38,0.4,2
4984,2,0.27,0.3,0.36,0.43,0.5,1
4985,4,0.2,0.24,0.26,0.29,0.33,2
4986,3,0.22,0.24,0.3,0.36,0.41,1
4987,4,0.17,0.22,0.26,0.3,0.38,1
4988,1,0.32,0.37,0.42,0.5,0.55,1
4989,4,0.15,0.18,0.22,0.3,0.36,1
4990,1,0.31,0.35,0.4,0.46,0.5,1
4991,1,0.29,0.32,0.38,0.44,0.47,1
4992,3,0.2,0.25,0.28,0.33,0.37,1
4993,1,0.3,0.34,0.42,0.47,0.56,1
4994,5,0.13,0.16,0.22,0.28,0.3,1
4995,5,0.1,0.14,0.18,0.23,0.28,1
4996,2,0.27,0.3,0.36,0.41,0.51,1
4997,1,0.3,0.36,0.41,0.46,0.5,1
4998,4,0.15,0.17,0.21,0.28,0.32,1
4999,2,0.27,0.3,0.34,0.42,0.51,1
5000,1,0.3,0.33,0.38,0.4,0.42,1
5001,2,0.27,0.31,0.35,0.42,0.44,1
5002,2,0.25,0.3,0.35,0.41,0.42,1
5003,5,0.16,0.18,0.19,0.24,0.29,1
5004,3,0.22,0.29,0.3,0.36,0.4,2
5005,1,0.31,0.36,0.37,0.43,0.47,1
5006,2,0.22,0.31,0.35,0.4,0.46,1
5007,1,0.3,0.37,0.4,0.49,0.53,1
5008,4,0.18,0.22,0.26,0.31,0.35,1
5009,5,0.15,0.19,0.24,0.28,0.31,1
5010,4,0.18,0.21,0.25,0.3,0.34,2
5011,2,0.26,0.32,0.4,0.47,0.53,1
5012,5,0.15,0.19,0.24,0.27,0.31,1
5013,5,0.15,0.18,0.21,0.26,0.3,1
5014,2,0.22,0.28,0.34,0.37,0.43,1
5015,2,0.26,0.29,0.32,0.38,0.42,2
5016,3,0.15,0.22,0.28,0.32,0.39,1
5017,3,0.17,0.23,0.29,0.34,0.41,1
5018,4,0.17,0.22,0.25,0.29,0.34,1
5019,2,0.24,0.29,0.33,0.41,0.44,1
5020,1,0.3,0.34,0.39,0.47,0.53,1
5021,1,0.32,0.37,0.42,0.48,0.55,1
5022,3,0.18,0.22,0.28,0.33,0.4,2
5023,5,0.15,0.17,0.2,0.25,0.3,1
5024,4,0.14,0.18,0.23,0.29,0.35,1
5025,3,0.18,0.23,0.3,0.39,0.42,1
5026,4,0.13,0.16,0.22,0.31,0.36,1
5027,3,0.2,0.24,0.29,0.31,0.37,1
5028,4,0.16,0.21,0.26,0.32,0.38,1
5029,2,0.25,0.3,0.36,0.4,0.46,1
5030,1,0.29,0.36,0.4,0.46,0.5,1
5031,4,0.19,0.23,0.26,0.32,0.37,1
5032,5,0.15,0.16,0.2,0.24,0.28,1
5033,2,0.2,0.28,0.33,0.37,0.44,1
5034,5,0.12,0.14,0.18,0.25,0.28,1
5035,3,0.21,0.26,0.31,0.37,0.43,1
5036,5,0.13,0.17,0.19,0.25,0.32,1
5037,4,0.19,0.21,0.23,0.31,0.33,2
5038,1,0.31,0.37,0.42,0.46,0.53,1
5039,4,0.15,0.21,0.25,0.29,0.36,1
5040,4,0.14,0.19,0.22,0.28,0.37,1
5041,4,0.18,0.23,0.24,0.3,0.33,1
5042,1,0.29,0.32,0.38,0.45,0.51,1
5043,4,0.2,0.22,0.27,0.31,0.36,1
5044,3,0.22,0.26,0.29,0.35,0.4,1
5045,5,0.1,0.13,0.18,0.21,0.28,1
5046,5,0.16,0.2,0.24,0.26,0.29,1
5047,4,0.18,0.22,0.25,0.29,0.33,2
5048,2,0.24,0.32,0.39,0.44,0.5,1
5049,2,0.27,0.3,0.33,0.39,0.44,1
5050,3,0.2,0.23,0.28,0.34,0.43,1
5051,2,0.24,0.28,0.34,0.4,0.45,1
5052,3,0.16,0.2,0.28,0.36,0.41,1
5053,5,0.11,0.14,0.19,0.22,0.29,1
5054,3,0.18,0.22,0.3,0.34,0.4,2
5055,3,0.19,0.23,0.29,0.33,0.37,1
5056,4,0.13,0.17,0.22,0.29,0.32,1
5057,3,0.19,0.24,0.29,0.32,0.36,1
5058,5,0.14,0.17,0.21,0.25,0.29,1
5059,2,0.26,0.32,0.37,0.42,0.47,1
5060,5,0.13,0.18,0.22,0.27,0.32,1
5061,4,0.18,0.23,0.27,0.31,0.39,1
5062,4,0.17,0.19,0.24,0.3,0.34,2
5063,2,0.25,0.3,0.39,0.44,0.51,1
5064,1,0.32,0.36,0.43,0.49,0.58,1
5065,4,0.2,0.23,0.28,0.31,0.37,1
5066,1,0.29,0.33,0.39,0.46,0.51,1
5067,2,0.24,0.29,0.34,0.39,0.46,2
5068,1,0.32,0.37,0.44,0.52,0.58,1
5069,2,0.24,0.29,0.34,0.38,0.39,2
5070,3,0.22,0.25,0.3,0.34,0.39,1
5071,3,0.22,0.28,0.3,0.38,0.43,1
5072,3,0.21,0.25,0.32,0.37,0.44,1
5073,5,0.13,0.16,0.2,0.23,0.31,2
5074,5,0.12,0.16,0.19,0.23,0.3,1
5075,3,0.22,0.26,0.29,0.34,0.41,1
5076,4,0.15,0.19,0.24,0.31,0.36,1
5077,1,0.28,0.34,0.43,0.46,0.49,1
5078,3,0.16,0.23,0.3,0.34,0.37,1
5079,1,0.28,0.32,0.39,0.43,0.49,1
5080,5,0.14,0.18,0.2,0.27,0.32,1
5081,4,0.18,0.22,0.25,0.28,0.32,1
5082,3,0.22,0.25,0.29,0.34,0.4,1
5083,3,0.2,0.25,0.31,0.34,0.37,1
5084,4,0.15,0.18,0.23,0.29,0.33,1
5085,3,0.18,0.23,0.29,0.35,0.39,1
5086,4,0.13,0.18,0.22,0.28,0.34,3
5087,5,0.15,0.18,0.23,0.24,0.32,1
5088,4,0.18,0.23,0.26,0.32,0.36,1
5089,4,0.15,0.2,0.26,0.29,0.34,1
5090,5,0.14,0.17,0.21,0.26,0.31,2
5091,2,0.26,0.31,0.35,0.39,0.45,1
5092,2,0.26,0.3,0.36,0.41,0.48,1
5093,5,0.14,0.17,0.21,0.25,0.31,1
5094,4,0.16,0.19,0.24,0.31,0.35,1
5095,5,0.13,0.16,0.19,0.24,0.29,1
5096,5,0.1,0.13,0.15,0.21,0.28,1
5097,2,0.26,0.31,0.38,0.42,0.47,1
5098,4,0.19,0.22,0.27,0.3,0.39,1
5099,4,0.19,0.23,0.28,0.31,0.36,2
5100,1,0.31,0.36,0.41,0.47,0.53,1
5101,1,0.32,0.36,0.43,0.48,0.52,1
5102,1,0.29,0.33,0.37,0.42,0.5,1
5103,4,0.16,0.21,0.27,0.32,0.36,1
5104,5,0.13,0.18,0.2,0.23,0.31,1
5105,4,0.15,0.18,0.23,0.29,0.33,1
5106,5,0.16,0.19,0.23,0.27,0.3,1
5107,3,0.17,0.24,0.29,0.34,0.39,1
5108,2,0.22,0.28,0.32,0.36,0.41,1
5109,4,0.15,0.2,0.24,0.3,0.38,1
5110,1,0.31,0.36,0.41,0.46,0.52,1
5111,3,0.19,0.24,0.3,0.34,0.38,1
5112,3,0.23,0.25,0.3,0.37,0.41,1
5113,3,0.21,0.24,0.3,0.39,0.44,1
5114,3,0.21,0.26,0.32,0.38,0.43,2
5115,5,0.14,0.18,0.22,0.26,0.3,1
5116,1,0.29,0.36,0.43,0.48,0.54,1
5117,1,0.29,0.33,0.36,0.42,0.48,1
5118,1,0.32,0.38,0.45,0.52,0.56,1
5119,3,0.24,0.25,0.31,0.35,0.4,1
5120,5,0.1,0.13,0.17,0.25,0.3,1
5121,1,0.32,0.37,0.43,0.47,0.55,1
5122,4,0.16,0.2,0.22,0.3,0.34,1
5123,2,0.2,0.28,0.34,0.4,0.46,1
5124,3,0.18,0.23,0.3,0.34,0.39,1
5125,2,0.24,0.29,0.34,0.4,0.46,1
5126,3,0.19,0.25,0.31,0.36,0.46,1
5127,5,0.13,0.15,0.19,0.26,0.31,1
5128,2,0.27,0.32,0.33,0.39,0.44,2
5129,2,0.24,0.28,0.34,0.38,0.44,1
5130,3,0.21,0.25,0.31,0.34,0.41,2
5131,3,0.23,0.24,0.29,0.33,0.39,1
5132,3,0.23,0.26,0.28,0.34,0.41,1
5133,5,0.13,0.19,0.23,0.26,0.32,1
5134,3,0.25,0.27,0.32,0.36,0.42,1
5135,3,0.18,0.23,0.29,0.32,0.39,1
5136,2,0.2,0.28,0.33,0.37,0.41,1
5137,4,0.14,0.17,0.23,0.29,0.35,1
5138,4,0.15,0.2,0.24,0.29,0.31,1
5139,1,0.29,0.34,0.37,0.41,0.45,1
5140,4,0.17,0.2,0.26,0.32,0.39,1
5141,4,0.15,0.2,0.25,0.3,0.35,1
5142,2,0.22,0.29,0.33,0.37,0.44,1
5143,1,0.28,0.36,0.41,0.48,0.53,1
5144,1,0.3,0.37,0.43,0.52,0.58,1
5145,4,0.19,0.21,0.27,0.32,0.35,1
5146,5,0.16,0.18,0.22,0.24,0.32,1
5147,5,0.13,0.14,0.17,0.24,0.3,1
5148,4,0.19,0.21,0.24,0.29,0.35,1
5149,5,0.12,0.15,0.19,0.24,0.28,1
5150,3,0.23,0.27,0.32,0.41,0.47,1
5151,5,0.18,0.22,0.25,0.26,0.3,1
5152,5,0.14,0.17,0.22,0.28,0.31,1
5153,5,0.15,0.19,0.21,0.25,0.31,1
5154,4,0.17,0.2,0.25,0.32,0.39,1
5155,5,0.13,0.15,0.18,0.25,0.31,1
5156,4,0.17,0.21,0.23,0.29,0.34,1
5157,3,0.22,0.23,0.29,0.34,0.39,1
5158,5,0.13,0.19,0.22,0.26,0.3,1
5159,3,0.24,0.28,0.31,0.36,0.43,1
5160,4,0.15,0.18,0.23,0.31,0.37,1
5161,5,0.13,0.15,0.18,0.23,0.28,1
5162,2,0.25,0.3,0.35,0.45,0.5,2
5163,3,0.22,0.26,0.31,0.37,0.41,1
5164,3,0.21,0.25,0.3,0.35,0.38,1
5165,5,0.18,0.19,0.25,0.27,0.32,1
5166,5,0.11,0.15,0.21,0.25,0.3,1
5167,5,0.12,0.17,0.2,0.23,0.28,1
5168,3,0.17,0.23,0.28,0.35,0.41,1
5169,3,0.18,0.23,0.29,0.33,0.36,1
5170,1,0.29,0.34,0.4,0.45,0.51,1
5171,2,0.28,0.31,0.36,0.43,0.5,1
5172,5,0.18,0.2,0.23,0.24,0.29,1
5173,4,0.2,0.21,0.26,0.32,0.36,2
5174,5,0.14,0.19,0.25,0.26,0.32,1
5175,3,0.2,0.27,0.32,0.35,0.38,1
5176,1,0.3,0.36,0.39,0.44,0.52,1
5177,2,0.27,0.28,0.33,0.37,0.4,1
5178,5,0.15,0.2,0.22,0.25,0.32,1
5179,3,0.2,0.23,0.28,0.33,0.37,1
5180,3,0.19,0.25,0.29,0.33,0.38,1
5181,3,0.2,0.22,0.28,0.32,0.37,1
5182,5,0.12,0.17,0.21,0.25,0.28,1
5183,1,0.3,0.34,0.39,0.43,0.47,1
5184,2,0.23,0.29,0.33,0.37,0.44,1
5185,5,0.14,0.18,0.2,0.27,0.31,1
5186,3,0.23,0.28,0.29,0.33,0.39,1
5187,2,0.24,0.28,0.35,0.4,0.46,1
5188,2,0.26,0.32,0.39,0.48,0.54,1
5189,1,0.29,0.37,0.42,0.46,0.55,1
5190,5,0.16,0.19,0.23,0.29,0.3,1
5191,5,0.13,0.16,0.19,0.23,0.28,1
5192,5,0.11,0.15,0.19,0.23,0.29,1
5193,5,0.13,0.16,0.2,0.25,0.32,1
5194,4,0.17,0.21,0.24,0.28,0.34,1
5195,5,0.13,0.17,0.21,0.26,0.29,1
5196,5,0.14,0.19,0.24,0.27,0.31,1
5197,1,0.32,0.38,0.43,0.46,0.54,1
5198,3,0.22,0.25,0.31,0.37,0.42,1
5199,1,0.3,0.33,0.36,0.42,0.5,1
5200,3,0.19,0.25,0.32,0.37,0.41,1
5201,4,0.19,0.25,0.27,0.32,0.4,1
5202,4,0.19,0.2,0.23,0.28,0.33,1
5203,1,0.28,0.35,0.39,0.47,0.51,1
5204,3,0.19,0.24,0.31,0.35,0.43,1
5205,4,0.17,0.18,0.24,0.28,0.33,1
5206,4,0.13,0.18,0.23,0.29,0.33,1
5207,3,0.21,0.25,0.29,0.31,0.36,1
5208,2,0.24,0.3,0.34,0.41,0.48,1
5209,3,0.18,0.24,0.3,0.36,0.44,1
5210,5,0.16,0.18,0.24,0.26,0.32,2
5211,3,0.23,0.25,0.32,0.37,0.42,1
5212,5,0.11,0.15,0.18,0.24,0.3,1
5213,5,0.14,0.16,0.2,0.25,0.28,1
5214,5,0.09,0.13,0.19,0.24,0.29,1
5215,3,0.19,0.23,0.31,0.37,0.46,1
5216,1,0.31,0.38,0.43,0.51,0.58,1
5217,3,0.18,0.23,0.3,0.36,0.41,1
5218,2,0.22,0.28,0.35,0.4,0.46,2
5219,4,0.16,0.21,0.26,0.3,0.35,1
5220,1,0.28,0.32,0.38,0.44,0.48,1
5221,5,0.11,0.14,0.17,0.23,0.29,1
5222,1,0.32,0.36,0.41,0.47,0.52,1
5223,5,0.11,0.14,0.17,0.23,0.29,1
5224,1,0.3,0.35,0.38,0.44,0.5,1
5225,2,0.26,0.3,0.34,0.37,0.45,1
5226,2,0.25,0.31,0.36,0.4,0.46,1
5227,3,0.16,0.21,0.28,0.32,0.39,1
5228,3,0.21,0.26,0.32,0.37,0.41,1
5229,2,0.23,0.29,0.35,0.39,0.42,1
5230,3,0.21,0.25,0.32,0.34,0.38,1
5231,5,0.12,0.16,0.21,0.24,0.31,1
5232,4,0.16,0.2,0.24,0.3,0.35,1
5233,3,0.19,0.22,0.28,0.32,0.38,1
5234,1,0.31,0.38,0.43,0.47,0.55,1
5235,1,0.29,0.33,0.39,0.47,0.53,1
5236,1,0.29,0.32,0.38,0.43,0.49,1
5237,4,0.14,0.17,0.21,0.3,0.34,1
5238,3,0.23,0.26,0.31,0.37,0.39,1
5239,1,0.3,0.34,0.4,0.44,0.49,1
5240,1,0.3,0.35,0.4,0.51,0.56,1
5241,5,0.13,0.16,0.21,0.23,0.29,1
5242,2,0.27,0.28,0.33,0.35,0.41,1
5243,4,0.15,0.18,0.26,0.31,0.36,1
5244,1,0.29,0.34,0.38,0.47,0.54,1
5245,4,0.16,0.21,0.24,0.3,0.35,1
5246,5,0.12,0.16,0.19,0.25,0.32,1
5247,3,0.22,0.26,0.31,0.36,0.4,1
5248,4,0.18,0.21,0.27,0.3,0.36,1
5249,4,0.16,0.2,0.25,0.28,0.32,1
5250,1,0.29,0.32,0.36,0.4,0.45,1
5251,5,0.14,0.17,0.22,0.26,0.3,1
5252,3,0.2,0.25,0.3,0.33,0.4,1
5253,3,0.18,0.23,0.3,0.34,0.4,1
5254,5,0.15,0.19,0.22,0.28,0.29,1
5255,3,0.19,0.24,0.28,0.35,0.39,1
5256,5,0.12,0.14,0.17,0.24,0.29,1
5257,3,0.21,0.26,0.3,0.35,0.38,1
5258,5,0.11,0.14,0.18,0.24,0.28,1
5259,3,0.2,0.24,0.31,0.39,0.43,1
5260,3,0.25,0.27,0.3,0.37,0.47,1
5261,5,0.17,0.19,0.23,0.26,0.29,1
5262,4,0.17,0.2,0.26,0.31,0.34,1
5263,2,0.25,0.29,0.33,0.37,0.45,1
5264,2,0.22,0.28,0.34,0.4,0.42,1
5265,3,0.21,0.26,0.3,0.34,0.38,1
5266,5,0.14,0.18,0.22,0.26,0.29,1
5267,2,0.26,0.29,0.33,0.41,0.43,1
5268,4,0.18,0.21,0.24,0.31,0.36,1
5269,4,0.13,0.19,0.24,0.31,0.34,1
5270,4,0.18,0.22,0.25,0.3,0.37,1
5271,4,0.17,0.2,0.24,0.28,0.32,1
5272,5,0.13,0.15,0.19,0.24,0.31,1
5273,1,0.28,0.36,0.39,0.47,0.5,1
5274,3,0.2,0.26,0.29,0.32,0.38,1
5275,1,0.28,0.36,0.4,0.46,0.48,1
5276,4,0.15,0.2,0.23,0.29,0.36,1
5277,4,0.16,0.17,0.22,0.29,0.36,3
5278,3,0.21,0.26,0.29,0.36,0.4,1
5279,5,0.13,0.17,0.21,0.27,0.3,1
5280,2,0.26,0.3,0.36,0.42,0.45,1
5281,1,0.32,0.35,0.4,0.46,0.54,1
5282,3,0.22,0.26,0.31,0.37,0.46,1
5283,1,0.29,0.35,0.43,0.44,0.51,1
5284,3,0.21,0.26,0.28,0.33,0.35,1
5285,4,0.16,0.21,0.27,0.32,0.35,1
5286,3,0.22,0.25,0.29,0.33,0.34,1
5287,5,0.13,0.17,0.21,0.27,0.32,1
5288,5,0.12,0.15,0.18,0.22,0.29,1
5289,2,0.24,0.28,0.32,0.39,0.49,1
5290,2,0.26,0.3,0.37,0.41,0.45,1
5291,5,0.15,0.19,0.22,0.27,0.3,1
5292,5,0.12,0.15,0.21,0.25,0.29,2
5293,1,0.29,0.33,0.39,0.42,0.47,1
5294,3,0.19,0.23,0.3,0.37,0.44,1
5295,4,0.17,0.19,0.23,0.3,0.34,1
5296,4,0.15,0.19,0.23,0.28,0.32,1
5297,1,0.29,0.35,0.4,0.45,0.51,1
5298,1,0.32,0.38,0.44,0.51,0.55,1
5299,2,0.22,0.28,0.35,0.41,0.48,1
5300,4,0.19,0.23,0.29,0.3,0.34,1
5301,5,0.1,0.12,0.16,0.21,0.28,1
5302,2,0.26,0.3,0.33,0.39,0.42,1
5303,1,0.28,0.34,0.41,0.46,0.54,1
5304,2,0.26,0.29,0.34,0.37,0.4,1
5305,1,0.32,0.37,0.42,0.49,0.54,1
5306,5,0.15,0.19,0.21,0.23,0.3,1
5307,2,0.26,0.32,0.35,0.39,0.45,1
5308,5,0.13,0.17,0.21,0.23,0.28,1
5309,1,0.28,0.36,0.4,0.46,0.51,1
5310,5,0.13,0.15,0.17,0.24,0.29,1
5311,1,0.29,0.33,0.39,0.43,0.48,1
5312,5,0.11,0.15,0.18,0.26,0.29,2
5313,5,0.14,0.18,0.22,0.26,0.28,1
5314,2,0.23,0.28,0.35,0.41,0.44,1
5315,1,0.31,0.35,0.39,0.41,0.46,1
5316,2,0.25,0.3,0.36,0.39,0.45,1
5317,2,0.27,0.31,0.34,0.37,0.41,1
5318,4,0.16,0.19,0.25,0.29,0.37,1
5319,5,0.12,0.15,0.18,0.23,0.28,1
5320,2,0.27,0.32,0.37,0.39,0.44,1
5321,4,0.17,0.21,0.24,0.32,0.4,1
5322,3,0.21,0.25,0.32,0.39,0.44,1
5323,3,0.21,0.27,0.31,0.36,0.39,1
5324,4,0.19,0.23,0.25,0.31,0.35,1
5325,1,0.3,0.36,0.41,0.46,0.53,1
5326,2,0.28,0.31,0.38,0.42,0.46,1
5327,1,0.3,0.34,0.39,0.41,0.43,1
5328,2,0.23,0.29,0.31,0.36,0.4,1
5329,3,0.19,0.24,0.29,0.35,0.41,1
5330,4,0.17,0.21,0.25,0.3,0.36,1
5331,4,0.15,0.2,0.25,0.3,0.33,2
5332,5,0.09,0.13,0.18,0.22,0.28,2
5333,5,0.14,0.18,0.2,0.24,0.29,1
5334,4,0.16,0.2,0.25,0.3,0.35,1
5335,5,0.15,0.19,0.2,0.27,0.32,1
5336,3,0.19,0.23,0.31,0.37,0.43,1
5337,5,0.11,0.16,0.19,0.23,0.3,1
5338,5,0.13,0.15,0.19,0.2,0.28,1
5339,1,0.31,0.36,0.4,0.48,0.53,1
5340,5,0.15,0.18,0.21,0.24,0.31,1
5341,3,0.19,0.24,0.3,0.35,0.43,1
5342,2,0.24,0.3,0.34,0.39,0.45,1
5343,1,0.3,0.35,0.41,0.46,0.5,1
5344,3,0.19,0.24,0.29,0.34,0.41,1
5345,4,0.2,0.21,0.24,0.31,0.35,1
5346,2,0.24,0.3,0.36,0.37,0.42,1
5347,4,0.18,0.22,0.28,0.3,0.35,1
5348,4,0.17,0.21,0.24,0.31,0.36,1
5349,2,0.26,0.31,0.37,0.47,0.53,1
5350,5,0.11,0.14,0.18,0.25,0.28,1
5351,5,0.09,0.13,0.19,0.24,0.28,1
5352,4,0.15,0.21,0.26,0.29,0.35,2
5353,1,0.32,0.35,0.39,0.43,0.47,1
5354,1,0.32,0.37,0.43,0.46,0.49,1
5355,2,0.27,0.32,0.36,0.41,0.46,1
5356,4,0.19,0.23,0.27,0.32,0.36,1
5357,3,0.21,0.22,0.29,0.34,0.39,1
5358,2,0.25,0.31,0.35,0.39,0.47,2
5359,4,0.16,0.19,0.24,0.3,0.35,1
5360,2,0.22,0.28,0.32,0.34,0.4,1
5361,1,0.29,0.33,0.34,0.42,0.46,1
5362,5,0.15,0.17,0.21,0.25,0.29,1
5363,5,0.12,0.15,0.18,0.24,0.3,1
5364,4,0.23,0.26,0.27,0.32,0.38,1
5365,4,0.17,0.21,0.25,0.3,0.34,2
5366,3,0.18,0.23,0.29,0.33,0.39,1
5367,2,0.26,0.3,0.35,0.38,0.43,1
5368,1,0.3,0.34,0.38,0.41,0.49,1
5369,5,0.16,0.2,0.23,0.28,0.31,1
5370,4,0.16,0.22,0.25,0.3,0.35,1
5371,2,0.25,0.3,0.36,0.39,0.44,1
5372,2,0.25,0.3,0.36,0.42,0.48,1
5373,2,0.25,0.31,0.34,0.42,0.51,1
5374,4,0.17,0.22,0.25,0.29,0.35,1
5375,3,0.21,0.25,0.32,0.36,0.38,1
5376,2,0.27,0.29,0.35,0.41,0.46,1
5377,1,0.28,0.33,0.35,0.44,0.5,1
5378,2,0.24,0.28,0.33,0.37,0.43,2
5379,5,0.12,0.14,0.19,0.23,0.28,1
5380,2,0.23,0.28,0.34,0.39,0.42,1
5381,1,0.3,0.37,0.41,0.49,0.56,1
5382,3,0.23,0.26,0.32,0.36,0.42,2
5383,3,0.22,0.26,0.29,0.37,0.42,1
5384,4,0.17,0.2,0.24,0.28,0.34,1
5385,4,0.17,0.19,0.23,0.28,0.34,1
5386,3,0.15,0.21,0.28,0.33,0.38,1
5387,3,0.22,0.25,0.29,0.33,0.38,1
5388,1,0.28,0.34,0.38,0.43,0.47,1
5389,3,0.23,0.27,0.3,0.34,0.4,1
5390,5,0.14,0.19,0.21,0.24,0.29,1
5391,1,0.28,0.37,0.42,0.47,0.49,1
5392,3,0.15,0.21,0.28,0.34,0.39,1
5393,2,0.25,0.32,0.39,0.45,0.51,1
5394,3,0.19,0.23,0.29,0.34,0.39,1
5395,2,0.26,0.32,0.38,0.46,0.52,1
5396,3,0.21,0.24,0.31,0.36,0.45,1
5397,2,0.24,0.28,0.32,0.36,0.41,2
5398,4,0.17,0.23,0.28,0.31,0.35,1
5399,4,0.14,0.2,0.23,0.28,0.33,1
5400,4,0.13,0.16,0.21,0.28,0.33,1
5401,3,0.21,0.27,0.28,0.34,0.41,1
5402,5,0.12,0.14,0.19,0.24,0.29,1
5403,4,0.18,0.2,0.24,0.29,0.33,2
5404,5,0.14,0.18,0.23,0.25,0.3,1
5405,5,0.11,0.14,0.18,0.22,0.28,1
5406,3,0.23,0.28,0.3,0.33,0.38,1
5407,5,0.12,0.15,0.17,0.22,0.28,1
5408,4,0.18,0.23,0.28,0.31,0.35,1
5409,5,0.14,0.18,0.22,0.27,0.32,1
5410,1,0.3,0.36,0.42,0.47,0.53,1
5411,2,0.23,0.28,0.32,0.36,0.41,1
5412,5,0.11,0.14,0.18,0.23,0.29,1
5413,3,0.16,0.22,0.29,0.32,0.41,1
5414,4,0.18,0.21,0.25,0.28,0.34,1
5415,5,0.14,0.19,0.23,0.25,0.28,2
5416,5,0.13,0.16,0.21,0.24,0.28,1
5417,4,0.18,0.22,0.27,0.32,0.39,1
5418,3,0.21,0.26,0.29,0.32,0.36,2
5419,1,0.29,0.35,0.43,0.5,0.53,1
5420,1,0.29,0.33,0.38,0.43,0.53,1
5421,4,0.19,0.23,0.25,0.29,0.34,1
5422,5,0.15,0.18,0.21,0.24,0.31,1
5423,4,0.14,0.18,0.21,0.28,0.34,1
5424,1,0.3,0.33,0.36,0.42,0.46,1
5425,4,0.23,0.27,0.29,0.3,0.34,1
5426,2,0.24,0.28,0.33,0.37,0.43,1
5427,1,0.31,0.36,0.42,0.52,0.59,1
5428,4,0.14,0.18,0.22,0.28,0.33,1
5429,4,0.15,0.2,0.25,0.29,0.33,1
5430,3,0.22,0.25,0.31,0.35,0.41,1
5431,4,0.15,0.2,0.23,0.29,0.32,1
5432,3,0.22,0.26,0.31,0.37,0.45,1
5433,1,0.31,0.36,0.43,0.46,0.53,1
5434,3,0.21,0.26,0.28,0.35,0.42,1
5435,4,0.15,0.18,0.22,0.28,0.32,1
5436,3,0.2,0.25,0.31,0.34,0.4,1
5437,3,0.24,0.27,0.32,0.38,0.4,1
5438,2,0.25,0.29,0.37,0.43,0.45,1
5439,5,0.12,0.15,0.2,0.25,0.3,1
5440,2,0.24,0.32,0.36,0.42,0.49,1
5441,3,0.18,0.23,0.28,0.32,0.37,1
5442,3,0.2,0.26,0.3,0.34,0.39,1
5443,5,0.13,0.16,0.2,0.24,0.28,2
5444,3,0.2,0.25,0.31,0.37,0.42,1
5445,1,0.32,0.37,0.39,0.44,0.5,1
5446,3,0.23,0.27,0.3,0.35,0.42,1
5447,5,0.12,0.16,0.21,0.23,0.28,2
5448,2,0.25,0.3,0.34,0.4,0.48,1
5449,1,0.32,0.38,0.42,0.46,0.53,1
5450,2,0.24,0.3,0.38,0.43,0.51,1
5451,5,0.12,0.16,0.21,0.27,0.3,1
5452,4,0.21,0.25,0.27,0.3,0.35,1
5453,4,0.14,0.17,0.24,0.28,0.36,1
5454,4,0.18,0.2,0.24,0.29,0.32,1
5455,5,0.13,0.16,0.18,0.24,0.31,1
5456,2,0.25,0.29,0.34,0.4,0.45,2
5457,5,0.18,0.2,0.24,0.27,0.31,1
5458,4,0.14,0.17,0.24,0.31,0.36,3
5459,1,0.31,0.33,0.41,0.48,0.54,1
5460,2,0.25,0.29,0.33,0.39,0.45,1
5461,4,0.16,0.22,0.26,0.32,0.36,1
5462,2,0.21,0.28,0.33,0.37,0.39,1
5463,4,0.16,0.19,0.25,0.29,0.35,1
5464,5,0.14,0.16,0.22,0.27,0.31,1
5465,5,0.14,0.17,0.19,0.22,0.32,1
5466,1,0.32,0.38,0.42,0.46,0.51,1
5467,3,0.18,0.22,0.3,0.37,0.43,2
5468,5,0.12,0.16,0.2,0.25,0.3,1
5469,2,0.25,0.31,0.37,0.41,0.49,1
5470,5,0.13,0.18,0.22,0.25,0.31,1
5471,4,0.15,0.19,0.24,0.29,0.37,1
5472,3,0.18,0.24,0.29,0.35,0.4,1
5473,4,0.16,0.2,0.24,0.29,0.35,1
5474,4,0.19,0.23,0.27,0.3,0.32,1
5475,4,0.14,0.19,0.23,0.3,0.35,1
5476,1,0.32,0.36,0.4,0.45,0.52,1
5477,3,0.22,0.26,0.3,0.35,0.41,1
5478,5,0.13,0.16,0.2,0.27,0.3,1
5479,2,0.27,0.29,0.33,0.41,0.46,1
5480,2,0.25,0.31,0.37,0.44,0.5,2
5481,2,0.26,0.3,0.38,0.45,0.53,1
5482,1,0.32,0.39,0.45,0.51,0.54,1
5483,2,0.26,0.31,0.38,0.43,0.5,1
5484,3,0.17,0.23,0.28,0.34,0.38,1
5485,2,0.24,0.29,0.33,0.38,0.42,1
5486,3,0.21,0.23,0.29,0.35,0.39,1
5487,3,0.22,0.27,0.31,0.35,0.36,1
5488,1,0.31,0.39,0.42,0.46,0.53,1
5489,3,0.19,0.24,0.29,0.33,0.41,1
5490,2,0.26,0.32,0.33,0.37,0.41,1
5491,2,0.24,0.28,0.34,0.4,0.44,1
5492,4,0.15,0.22,0.26,0.3,0.37,1
5493,2,0.27,0.31,0.37,0.43,0.45,1
5494,1,0.31,0.35,0.41,0.43,0.49,1
5495,4,0.13,0.17,0.22,0.28,0.33,1
5496,2,0.26,0.32,0.37,0.41,0.44,1
5497,2,0.25,0.32,0.4,0.42,0.5,1
5498,2,0.25,0.29,0.33,0.38,0.44,1
5499,5,0.12,0.15,0.18,0.22,0.3,1
5500,1,0.32,0.37,0.43,0.5,0.54,1
5501,4,0.16,0.21,0.24,0.31,0.37,1
5502,2,0.22,0.32,0.36,0.46,0.54,1
5503,2,0.25,0.31,0.35,0.39,0.43,1
5504,1,0.31,0.36,0.39,0.44,0.54,1
5505,4,0.18,0.21,0.23,0.31,0.35,1
5506,2,0.26,0.32,0.37,0.42,0.47,1
5507,5,0.1,0.14,0.17,0.22,0.28,1
5508,2,0.25,0.29,0.36,0.41,0.49,1
5509,4,0.17,0.21,0.25,0.32,0.36,1
5510,5,0.16,0.19,0.23,0.27,0.31,1
5511,3,0.22,0.26,0.29,0.32,0.35,1
5512,2,0.24,0.29,0.36,0.47,0.53,1
5513,3,0.17,0.24,0.3,0.35,0.42,1
5514,3,0.23,0.28,0.31,0.38,0.45,1
5515,5,0.11,0.14,0.19,0.24,0.32,1
5516,5,0.15,0.18,0.22,0.27,0.32,1
5517,2,0.23,0.28,0.36,0.4,0.47,1
5518,1,0.31,0.34,0.41,0.48,0.54,1
5519,5,0.14,0.17,0.22,0.26,0.3,2
5520,5,0.1,0.12,0.16,0.22,0.28,1
5521,2,0.27,0.3,0.35,0.39,0.46,1
5522,4,0.21,0.23,0.27,0.31,0.36,1
5523,1,0.32,0.35,0.41,0.45,0.51,1
5524,1,0.3,0.34,0.38,0.39,0.45,1
5525,5,0.1,0.14,0.2,0.26,0.3,1
5526,1,0.32,0.36,0.43,0.49,0.53,1
5527,2,0.27,0.32,0.39,0.44,0.48,1
5528,3,0.22,0.28,0.29,0.38,0.47,1
5529,5,0.14,0.16,0.19,0.24,0.32,1
5530,5,0.11,0.15,0.17,0.22,0.28,2
5531,5,0.13,0.16,0.21,0.24,0.28,1
5532,2,0.23,0.29,0.33,0.38,0.43,1
5533,1,0.31,0.37,0.47,0.5,0.58,1
5534,3,0.18,0.23,0.28,0.34,0.4,1
5535,2,0.22,0.29,0.31,0.34,0.41,1
5536,1,0.28,0.36,0.4,0.46,0.51,1
5537,3,0.24,0.27,0.3,0.38,0.43,1
5538,4,0.14,0.18,0.22,0.28,0.34,1
5539,4,0.16,0.19,0.23,0.3,0.35,1
5540,3,0.21,0.27,0.31,0.37,0.43,1
5541,5,0.12,0.15,0.2,0.26,0.31,1
5542,2,0.26,0.3,0.37,0.45,0.5,1
5543,5,0.18,0.22,0.23,0.25,0.32,1
5544,5,0.14,0.18,0.22,0.27,0.31,1
5545,1,0.29,0.33,0.4,0.45,0.51,1
5546,1,0.29,0.35,0.37,0.42,0.45,1
5547,1,0.3,0.37,0.45,0.52,0.57,2
5548,5,0.17,0.19,0.22,0.26,0.29,2
5549,5,0.14,0.17,0.19,0.25,0.31,1
5550,5,0.15,0.16,0.2,0.25,0.29,2
5551,5,0.13,0.15,0.2,0.25,0.3,1
5552,2,0.24,0.29,0.36,0.4,0.48,2
5553,4,0.19,0.23,0.25,0.29,0.33,1
5554,5,0.14,0.16,0.21,0.25,0.3,1
5555,1,0.32,0.37,0.41,0.49,0.55,1
5556,1,0.28,0.35,0.39,0.46,0.52,1
5557,2,0.22,0.28,0.32,0.37,0.43,2
5558,5,0.15,0.19,0.22,0.24,0.28,1
5559,3,0.21,0.27,0.31,0.35,0.4,1
5560,4,0.18,0.21,0.27,0.3,0.33,2
5561,2,0.28,0.31,0.36,0.44,0.51,1
5562,5,0.14,0.19,0.21,0.26,0.3,1
5563,5,0.11,0.14,0.17,0.2,0.29,1
5564,2,0.26,0.32,0.4,0.42,0.47,3
5565,3,0.18,0.23,0.28,0.32,0.38,1
5566,4,0.16,0.22,0.26,0.29,0.36,1
5567,4,0.16,0.21,0.26,0.29,0.35,1
5568,2,0.26,0.3,0.34,0.39,0.43,2
5569,2,0.21,0.28,0.34,0.39,0.47,1
5570,2,0.25,0.3,0.37,0.4,0.46,2
5571,4,0.17,0.19,0.24,0.28,0.34,2
5572,1,0.32,0.38,0.44,0.5,0.55,1
5573,3,0.2,0.22,0.28,0.33,0.36,1
5574,2,0.24,0.28,0.33,0.4,0.45,2
5575,3,0.17,0.22,0.3,0.33,0.42,1
5576,3,0.18,0.23,0.29,0.38,0.44,1
5577,3,0.24,0.26,0.3,0.35,0.37,1
5578,2,0.25,0.3,0.36,0.39,0.45,1
5579,3,0.19,0.22,0.29,0.32,0.38,1
5580,5,0.15,0.16,0.19,0.25,0.3,1
5581,3,0.21,0.24,0.28,0.33,0.38,1
5582,3,0.2,0.26,0.31,0.36,0.41,1
5583,1,0.28,0.32,0.38,0.45,0.51,1
5584,3,0.2,0.25,0.31,0.34,0.37,1
5585,3,0.23,0.26,0.3,0.36,0.42,1
5586,2,0.26,0.3,0.36,0.45,0.51,2
5587,2,0.25,0.3,0.33,0.38,0.41,2
5588,4,0.21,0.23,0.26,0.32,0.38,1
5589,5,0.15,0.18,0.23,0.27,0.31,1
5590,5,0.13,0.17,0.22,0.26,0.32,1
5591,2,0.25,0.31,0.32,0.38,0.44,1
5592,3,0.19,0.23,0.3,0.35,0.39,1
5593,1,0.29,0.34,0.4,0.45,0.52,1
5594,3,0.21,0.23,0.29,0.33,0.38,1
5595,1,0.31,0.39,0.47,0.53,0.6,1
5596,1,0.28,0.34,0.4,0.5,0.55,1
5597,4,0.15,0.19,0.24,0.29,0.34,1
5598,1,0.29,0.35,0.44,0.48,0.52,1
5599,3,0.23,0.26,0.3,0.35,0.43,1
5600,2,0.24,0.29,0.34,0.39,0.45,1
5601,5,0.12,0.16,0.21,0.27,0.3,1
5602,3,0.21,0.25,0.31,0.37,0.38,1
5603,2,0.27,0.32,0.38,0.42,0.51,1
5604,1,0.31,0.36,0.4,0.45,0.5,1
5605,4,0.2,0.24,0.28,0.31,0.34,1
5606,1,0.29,0.32,0.38,0.42,0.49,1
5607,4,0.15,0.19,0.23,0.31,0.37,1
5608,3,0.21,0.27,0.31,0.36,0.41,1
5609,4,0.16,0.21,0.25,0.28,0.33,1
5610,3,0.2,0.22,0.29,0.33,0.39,1
5611,3,0.17,0.21,0.28,0.36,0.41,2
5612,2,0.24,0.29,0.37,0.42,0.47,1
5613,2,0.26,0.28,0.36,0.43,0.47,1
5614,5,0.1,0.13,0.17,0.21,0.28,1
5615,2,0.25,0.31,0.39,0.43,0.5,1
5616,1,0.28,0.35,0.39,0.45,0.5,1
5617,2,0.26,0.3,0.35,0.4,0.46,1
5618,1,0.31,0.33,0.34,0.38,0.44,1
5619,3,0.21,0.26,0.28,0.33,0.4,1
5620,3,0.17,0.24,0.29,0.35,0.42,1
5621,4,0.15,0.2,0.26,0.28,0.34,1
5622,1,0.31,0.38,0.46,0.5,0.59,1
5623,2,0.2,0.29,0.37,0.41,0.46,1
5624,1,0.3,0.32,0.37,0.43,0.48,1
5625,2,0.23,0.29,0.33,0.37,0.44,1
5626,5,0.13,0.16,0.22,0.24,0.3,1
5627,1,0.3,0.32,0.38,0.45,0.53,1
5628,2,0.28,0.3,0.36,0.41,0.48,1
5629,5,0.12,0.16,0.18,0.24,0.29,1
5630,5,0.13,0.17,0.18,0.23,0.3,1
5631,3,0.23,0.25,0.3,0.35,0.44,1
5632,5,0.14,0.17,0.21,0.23,0.29,1
5633,5,0.14,0.19,0.22,0.25,0.32,1
5634,1,0.31,0.39,0.47,0.53,0.59,1
5635,1,0.29,0.35,0.41,0.47,0.54,2
5636,3,0.21,0.25,0.31,0.36,0.42,1
5637,2,0.23,0.28,0.34,0.39,0.44,2
5638,3,0.18,0.23,0.28,0.33,0.36,1
5639,3,0.22,0.25,0.3,0.35,0.36,1
5640,3,0.17,0.21,0.3,0.32,0.34,1
5641,1,0.32,0.37,0.43,0.47,0.53,1
5642,4,0.18,0.24,0.26,0.32,0.34,1
5643,5,0.17,0.2,0.22,0.26,0.28,1
5644,5,0.12,0.15,0.19,0.25,0.31,1
5645,5,0.14,0.18,0.21,0.25,0.29,2
5646,1,0.32,0.4,0.43,0.47,0.52,1
5647,4,0.16,0.19,0.21,0.28,0.33,1
5648,1,0.29,0.34,0.4,0.45,0.53,1
5649,3,0.21,0.23,0.29,0.35,0.41,2
5650,4,0.16,0.22,0.29,0.3,0.35,2
5651,1,0.31,0.38,0.43,0.51,0.61,1
5652,2,0.24,0.3,0.35,0.4,0.46,1
5653,4,0.17,0.2,0.24,0.28,0.36,1
5654,2,0.26,0.29,0.31,0.37,0.44,1
5655,1,0.28,0.33,0.37,0.44,0.5,1
5656,1,0.3,0.34,0.38,0.43,0.51,1
5657,1,0.29,0.33,0.36,0.44,0.47,1
5658,1,0.31,0.36,0.41,0.5,0.57,1
5659,5,0.13,0.16,0.19,0.23,0.28,1
5660,3,0.21,0.25,0.29,0.32,0.36,1
5661,2,0.26,0.31,0.33,0.4,0.44,1
5662,1,0.3,0.33,0.4,0.46,0.52,1
5663,1,0.3,0.36,0.38,0.48,0.56,1
5664,4,0.16,0.21,0.25,0.32,0.4,1
5665,2,0.23,0.3,0.33,0.4,0.48,1
5666,4,0.15,0.19,0.21,0.29,0.34,1
5667,2,0.26,0.32,0.39,0.44,0.48,1
5668,2,0.26,0.29,0.35,0.4,0.46,1
5669,1,0.28,0.35,0.4,0.44,0.5,1
5670,5,0.15,0.18,0.19,0.23,0.3,1
5671,1,0.3,0.34,0.38,0.44,0.49,1
5672,2,0.23,0.28,0.35,0.42,0.49,1
5673,2,0.27,0.31,0.36,0.41,0.46,2
5674,3,0.21,0.26,0.31,0.34,0.41,1
5675,5,0.12,0.16,0.22,0.26,0.31,2
5676,3,0.2,0.23,0.3,0.36,0.4,1
5677,3,0.21,0.24,0.3,0.36,0.44,1
5678,2,0.24,0.28,0.33,0.37,0.41,1
5679,1,0.32,0.39,0.47,0.53,0.59,1
5680,5,0.12,0.16,0.22,0.26,0.29,1
5681,1,0.31,0.36,0.39,0.44,0.48,1
5682,5,0.15,0.2,0.23,0.27,0.31,2
5683,4,0.21,0.23,0.26,0.32,0.38,1
5684,2,0.22,0.29,0.35,0.41,0.46,1
5685,2,0.23,0.28,0.33,0.39,0.44,1
5686,1,0.3,0.36,0.4,0.45,0.5,1
5687,4,0.17,0.21,0.26,0.28,0.34,1
5688,2,0.22,0.28,0.32,0.38,0.47,1
5689,4,0.2,0.22,0.26,0.31,0.35,1
5690,5,0.13,0.15,0.19,0.23,0.28,1
5691,2,0.23,0.29,0.32,0.34,0.41,1
5692,5,0.16,0.2,0.23,0.27,0.31,1
5693,3,0.24,0.26,0.32,0.35,0.41,1
5694,1,0.29,0.36,0.42,0.48,0.54,1
5695,3,0.21,0.24,0.3,0.31,0.39,1
5696,1,0.3,0.39,0.43,0.46,0.51,1
5697,3,0.18,0.22,0.3,0.34,0.37,1
5698,5,0.17,0.2,0.21,0.24,0.29,2
5699,4,0.19,0.22,0.26,0.29,0.32,1
5700,2,0.26,0.31,0.36,0.42,0.46,1
5701,2,0.26,0.32,0.37,0.4,0.47,1
5702,3,0.21,0.24,0.29,0.34,0.41,1
5703,2,0.26,0.29,0.37,0.44,0.49,1
5704,1,0.32,0.36,0.41,0.5,0.56,1
5705,3,0.2,0.25,0.29,0.34,0.4,1
5706,2,0.25,0.31,0.39,0.46,0.48,1
5707,2,0.24,0.29,0.33,0.36,0.44,1
5708,1,0.29,0.36,0.41,0.44,0.49,1
5709,2,0.24,0.29,0.33,0.38,0.44,1
5710,4,0.14,0.18,0.25,0.3,0.38,1
5711,1,0.32,0.38,0.44,0.49,0.56,1
5712,1,0.29,0.32,0.38,0.42,0.5,1
5713,1,0.32,0.36,0.41,0.48,0.52,1
5714,2,0.27,0.31,0.36,0.45,0.48,1
5715,4,0.16,0.22,0.27,0.28,0.32,1
5716,5,0.13,0.15,0.18,0.22,0.28,1
5717,1,0.32,0.37,0.42,0.45,0.54,1
5718,5,0.14,0.17,0.19,0.23,0.29,1
5719,2,0.24,0.31,0.36,0.39,0.43,1
5720,1,0.32,0.36,0.42,0.46,0.5,1
5721,4,0.15,0.18,0.24,0.3,0.33,3
5722,1,0.32,0.38,0.42,0.47,0.55,1
5723,2,0.25,0.3,0.34,0.4,0.43,1
5724,1,0.3,0.34,0.39,0.44,0.48,1
5725,5,0.12,0.15,0.19,0.23,0.29,1
5726,4,0.13,0.18,0.24,0.3,0.33,1
5727,3,0.2,0.26,0.31,0.35,0.39,1
5728,1,0.29,0.37,0.42,0.47,0.53,1
5729,2,0.25,0.3,0.34,0.38,0.43,1
5730,1,0.28,0.33,0.38,0.44,0.54,3
5731,3,0.23,0.27,0.31,0.34,0.36,1
5732,3,0.2,0.26,0.32,0.37,0.42,1
5733,5,0.14,0.17,0.23,0.25,0.3,2
5734,3,0.23,0.27,0.3,0.34,0.4,2
5735,3,0.22,0.27,0.29,0.36,0.4,1
5736,3,0.19,0.24,0.31,0.37,0.44,1
5737,5,0.12,0.14,0.18,0.22,0.28,1
5738,1,0.3,0.37,0.45,0.47,0.53,1
5739,5,0.11,0.15,0.18,0.23,0.28,1
5740,4,0.17,0.23,0.26,0.3,0.34,1
5741,4,0.19,0.22,0.27,0.32,0.39,1
5742,4,0.16,0.21,0.25,0.3,0.35,1
5743,5,0.14,0.16,0.21,0.24,0.29,1
5744,3,0.21,0.26,0.31,0.34,0.37,1
5745,4,0.2,0.24,0.25,0.29,0.34,1
5746,4,0.16,0.21,0.24,0.3,0.37,1
5747,5,0.14,0.17,0.22,0.25,0.31,1
5748,2,0.27,0.32,0.37,0.45,0.52,1
5749,5,0.12,0.14,0.18,0.23,0.29,1
5750,3,0.23,0.27,0.32,0.36,0.4,1
5751,3,0.17,0.23,0.28,0.33,0.41,1
5752,3,0.2,0.26,0.31,0.34,0.35,1
5753,3,0.19,0.26,0.31,0.37,0.43,1
5754,5,0.11,0.16,0.2,0.24,0.31,1
5755,1,0.32,0.37,0.4,0.45,0.51,1
5756,1,0.28,0.37,0.46,0.55,0.59,1
5757,5,0.17,0.21,0.23,0.27,0.3,1
5758,1,0.32,0.42,0.47,0.57,0.6,1
5759,4,0.18,0.23,0.24,0.28,0.35,2
5760,4,0.17,0.21,0.25,0.31,0.35,1
5761,2,0.27,0.3,0.37,0.42,0.46,1
5762,1,0.29,0.33,0.4,0.49,0.57,1
5763,2,0.23,0.3,0.34,0.39,0.44,1
5764,3,0.19,0.24,0.31,0.36,0.4,1
5765,1,0.3,0.33,0.37,0.42,0.48,1
5766,4,0.18,0.23,0.25,0.3,0.32,1
5767,5,0.17,0.21,0.23,0.26,0.31,1
5768,5,0.12,0.17,0.22,0.27,0.29,1
5769,1,0.28,0.38,0.43,0.48,0.5,1
5770,2,0.25,0.29,0.36,0.44,0.5,1
5771,3,0.21,0.27,0.32,0.34,0.41,1
5772,3,0.24,0.26,0.31,0.36,0.41,1
5773,2,0.28,0.3,0.36,0.41,0.46,1
5774,2,0.23,0.29,0.32,0.34,0.42,4
5775,1,0.28,0.33,0.4,0.49,0.55,1
5776,3,0.21,0.26,0.32,0.4,0.45,1
5777,5,0.15,0.19,0.25,0.28,0.3,1
5778,2,0.25,0.3,0.34,0.39,0.42,1
5779,1,0.29,0.33,0.4,0.5,0.55,1
5780,4,0.19,0.22,0.26,0.32,0.37,1
5781,3,0.21,0.25,0.31,0.34,0.41,1
5782,1,0.29,0.34,0.39,0.47,0.52,1
5783,3,0.19,0.23,0.28,0.33,0.38,1
5784,4,0.15,0.21,0.25,0.29,0.33,2
5785,1,0.3,0.33,0.4,0.48,0.54,1
5786,5,0.13,0.16,0.17,0.21,0.28,1
5787,4,0.17,0.19,0.24,0.29,0.35,2
5788,1,0.3,0.34,0.42,0.46,0.54,3
5789,2,0.25,0.3,0.37,0.42,0.52,1
5790,2,0.25,0.29,0.34,0.36,0.43,1
5791,3,0.2,0.25,0.32,0.36,0.41,2
5792,5,0.12,0.16,0.19,0.25,0.3,1
5793,3,0.2,0.25,0.28,0.33,0.39,1
5794,3,0.23,0.27,0.32,0.36,0.41,1
5795,2,0.26,0.32,0.37,0.47,0.53,1
5796,5,0.13,0.18,0.2,0.25,0.31,1
5797,2,0.25,0.29,0.34,0.41,0.47,1
5798,2,0.24,0.3,0.36,0.39,0.45,1
5799,1,0.3,0.36,0.41,0.45,0.5,1
5800,4,0.15,0.2,0.24,0.29,0.33,1
5801,1,0.32,0.37,0.42,0.5,0.54,1
5802,4,0.16,0.21,0.24,0.31,0.36,1
5803,2,0.27,0.32,0.36,0.4,0.42,1
5804,4,0.17,0.21,0.23,0.3,0.33,1
5805,5,0.12,0.15,0.19,0.24,0.31,2
5806,5,0.11,0.14,0.17,0.22,0.29,1
5807,4,0.18,0.21,0.26,0.31,0.38,1
5808,2,0.25,0.31,0.37,0.41,0.45,1
5809,5,0.15,0.2,0.24,0.27,0.29,1
5810,4,0.19,0.25,0.27,0.32,0.36,1
5811,4,0.19,0.21,0.24,0.28,0.36,2
5812,5,0.14,0.16,0.2,0.25,0.3,1
5813,1,0.32,0.38,0.46,0.51,0.53,2
5814,2,0.26,0.31,0.36,0.39,0.47,2
5815,4,0.12,0.16,0.21,0.28,0.32,1
5816,4,0.16,0.19,0.26,0.3,0.35,1
5817,5,0.11,0.15,0.19,0.25,0.31,1
5818,3,0.22,0.26,0.32,0.37,0.41,1
5819,5,0.17,0.2,0.22,0.27,0.31,2
5820,2,0.23,0.29,0.33,0.38,0.45,1
5821,1,0.29,0.35,0.39,0.48,0.58,2
5822,1,0.32,0.37,0.44,0.49,0.52,1
5823,4,0.18,0.22,0.25,0.31,0.35,1
5824,4,0.2,0.25,0.26,0.32,0.38,1
5825,2,0.25,0.3,0.36,0.41,0.44,1
5826,5,0.14,0.17,0.2,0.25,0.29,1
5827,2,0.22,0.28,0.36,0.42,0.46,1
5828,4,0.17,0.22,0.26,0.32,0.38,1
5829,5,0.11,0.14,0.17,0.22,0.28,1
5830,1,0.31,0.34,0.37,0.46,0.51,2
5831,1,0.28,0.34,0.36,0.44,0.47,1
5832,4,0.14,0.16,0.23,0.31,0.39,1
5833,3,0.2,0.24,0.29,0.33,0.43,1
5834,1,0.3,0.36,0.41,0.46,0.5,1
5835,4,0.17,0.19,0.25,0.31,0.37,2
5836,5,0.13,0.18,0.2,0.25,0.3,1
5837,1,0.29,0.33,0.4,0.45,0.52,1
5838,5,0.12,0.15,0.18,0.23,0.3,1
5839,5,0.14,0.16,0.23,0.25,0.28,1
5840,1,0.31,0.36,0.41,0.46,0.51,1
5841,3,0.2,0.23,0.31,0.4,0.46,1
5842,4,0.13,0.19,0.24,0.31,0.35,1
5843,1,0.32,0.37,0.42,0.46,0.5,1
5844,3,0.25,0.29,0.3,0.35,0.4,1
5845,3,0.21,0.24,0.31,0.35,0.38,1
5846,1,0.29,0.33,0.36,0.4,0.46,1
5847,2,0.24,0.29,0.33,0.39,0.43,1
5848,1,0.31,0.37,0.43,0.49,0.55,1
5849,4,0.12,0.18,0.22,0.28,0.34,1
5850,3,0.2,0.25,0.31,0.37,0.44,2
5851,2,0.25,0.31,0.35,0.41,0.46,1
5852,4,0.17,0.22,0.26,0.31,0.37,1
5853,1,0.31,0.37,0.42,0.46,0.5,1
5854,5,0.14,0.18,0.21,0.27,0.3,1
5855,2,0.24,0.32,0.38,0.42,0.48,2
5856,1,0.3,0.36,0.45,0.49,0.53,1
5857,5,0.14,0.16,0.18,0.22,0.29,1
5858,1,0.29,0.35,0.37,0.42,0.49,1
5859,4,0.14,0.17,0.22,0.29,0.33,1
5860,4,0.16,0.19,0.22,0.28,0.34,1
5861,2,0.26,0.31,0.38,0.44,0.5,1
5862,2,0.22,0.29,0.34,0.4,0.44,1
5863,4,0.15,0.21,0.24,0.3,0.33,1
5864,3,0.2,0.25,0.3,0.33,0.37,1
5865,3,0.18,0.22,0.29,0.32,0.38,1
5866,1,0.31,0.35,0.4,0.45,0.54,1
5867,4,0.15,0.2,0.25,0.32,0.38,1
5868,5,0.13,0.17,0.21,0.25,0.32,1
5869,1,0.3,0.37,0.43,0.47,0.56,1
5870,4,0.15,0.19,0.23,0.29,0.35,1
5871,5,0.13,0.15,0.19,0.22,0.29,1
5872,2,0.23,0.32,0.37,0.41,0.46,1
5873,4,0.18,0.21,0.24,0.29,0.34,2
5874,4,0.15,0.2,0.25,0.3,0.34,1
5875,2,0.26,0.3,0.36,0.45,0.48,2
5876,3,0.2,0.22,0.3,0.35,0.41,1
5877,3,0.18,0.22,0.29,0.35,0.4,1
5878,1,0.32,0.35,0.37,0.42,0.5,1
5879,5,0.14,0.18,0.22,0.28,0.31,1
5880,2,0.23,0.28,0.34,0.4,0.48,1
5881,1,0.32,0.37,0.43,0.51,0.58,1
5882,5,0.11,0.17,0.2,0.24,0.3,1
5883,2,0.25,0.3,0.35,0.43,0.46,1
5884,5,0.17,0.21,0.25,0.28,0.31,1
5885,3,0.18,0.23,0.32,0.35,0.39,1
5886,1,0.32,0.34,0.41,0.49,0.56,1
5887,1,0.3,0.34,0.36,0.44,0.49,1
5888,5,0.15,0.17,0.19,0.24,0.28,1
5889,5,0.13,0.15,0.18,0.22,0.3,1
5890,4,0.15,0.19,0.23,0.28,0.38,1
5891,5,0.12,0.15,0.18,0.22,0.3,1
5892,5,0.11,0.15,0.18,0.24,0.3,1
5893,4,0.16,0.21,0.24,0.29,0.34,1
5894,2,0.27,0.31,0.39,0.45,0.54,1
5895,2,0.25,0.32,0.38,0.45,0.5,1
5896,1,0.32,0.37,0.43,0.49,0.53,1
5897,2,0.28,0.31,0.36,0.44,0.51,2
5898,1,0.28,0.35,0.37,0.42,0.48,1
5899,3,0.24,0.25,0.31,0.35,0.41,1
5900,4,0.14,0.19,0.23,0.3,0.34,1
5901,4,0.16,0.19,0.24,0.29,0.32,1
5902,2,0.25,0.3,0.34,0.38,0.44,1
5903,2,0.27,0.31,0.33,0.37,0.43,1
5904,2,0.27,0.31,0.37,0.44,0.51,1
5905,1,0.32,0.36,0.38,0.42,0.48,1
5906,1,0.32,0.35,0.39,0.47,0.52,1
5907,4,0.15,0.19,0.24,0.31,0.34,2
5908,1,0.29,0.34,0.42,0.48,0.54,1
5909,4,0.17,0.21,0.27,0.32,0.35,2
5910,4,0.19,0.23,0.26,0.31,0.37,2
5911,2,0.25,0.31,0.39,0.41,0.48,1
5912,2,0.25,0.31,0.36,0.44,0.5,1
5913,5,0.11,0.14,0.17,0.22,0.28,1
5914,4,0.15,0.21,0.24,0.31,0.36,1
5915,1,0.3,0.37,0.44,0.48,0.57,1
5916,2,0.27,0.31,0.37,0.46,0.49,1
5917,5,0.15,0.17,0.2,0.25,0.3,1
5918,1,0.32,0.4,0.47,0.52,0.6,1
5919,4,0.15,0.2,0.23,0.29,0.38,1
5920,5,0.14,0.19,0.22,0.25,0.32,1
5921,4,0.15,0.19,0.22,0.28,0.36,1
5922,5,0.16,0.17,0.21,0.25,0.3,1
5923,2,0.28,0.3,0.36,0.43,0.48,1
5924,3,0.17,0.23,0.3,0.36,0.41,1
5925,5,0.11,0.15,0.17,0.23,0.29,1
5926,4,0.14,0.19,0.25,0.32,0.4,1
5927,2,0.26,0.31,0.38,0.44,0.48,1
5928,5,0.1,0.15,0.19,0.25,0.29,1
5929,1,0.32,0.37,0.41,0.48,0.56,1
5930,4,0.16,0.18,0.22,0.28,0.34,1
5931,5,0.13,0.15,0.19,0.25,0.3,1
5932,2,0.23,0.28,0.34,0.39,0.42,1
5933,1,0.29,0.34,0.39,0.47,0.53,1
5934,4,0.15,0.19,0.24,0.29,0.32,1
5935,1,0.3,0.35,0.41,0.49,0.54,1
5936,5,0.12,0.15,0.2,0.26,0.3,1
5937,4,0.16,0.19,0.24,0.32,0.37,3
5938,2,0.24,0.28,0.33,0.35,0.38,2
5939,4,0.17,0.2,0.27,0.32,0.38,1
5940,5,0.14,0.2,0.23,0.27,0.32,1
5941,5,0.18,0.21,0.22,0.27,0.32,1
5942,2,0.24,0.3,0.34,0.4,0.46,1
5943,5,0.15,0.2,0.24,0.27,0.31,1
5944,3,0.22,0.27,0.31,0.38,0.42,1
5945,5,0.18,0.2,0.21,0.25,0.29,1
5946,2,0.27,0.32,0.39,0.45,0.54,1
5947,4,0.18,0.24,0.27,0.31,0.36,1
5948,3,0.2,0.25,0.32,0.36,0.38,1
5949,1,0.29,0.35,0.45,0.49,0.55,1
5950,3,0.18,0.23,0.29,0.33,0.37,1
5951,3,0.2,0.24,0.29,0.35,0.44,1
5952,4,0.12,0.18,0.24,0.29,0.35,2
5953,5,0.14,0.18,0.22,0.26,0.3,1
5954,2,0.27,0.32,0.36,0.41,0.47,2
5955,3,0.19,0.25,0.28,0.32,0.38,1
5956,1,0.3,0.39,0.43,0.47,0.52,1
5957,5,0.12,0.17,0.21,0.25,0.31,1
5958,2,0.26,0.3,0.34,0.38,0.41,1
5959,1,0.31,0.35,0.42,0.48,0.53,1
5960,2,0.21,0.29,0.34,0.38,0.43,1
5961,4,0.18,0.22,0.27,0.3,0.34,1
5962,5,0.19,0.2,0.22,0.27,0.31,1
5963,3,0.21,0.24,0.3,0.34,0.4,2
5964,3,0.23,0.28,0.31,0.41,0.46,1
5965,1,0.29,0.36,0.39,0.48,0.53,1
5966,4,0.2,0.22,0.25,0.32,0.36,1
5967,3,0.18,0.23,0.31,0.35,0.38,1
5968,5,0.12,0.16,0.2,0.25,0.31,1
5969,1,0.3,0.35,0.41,0.48,0.53,1
5970,3,0.2,0.26,0.3,0.33,0.37,1
5971,2,0.27,0.31,0.35,0.4,0.47,1
5972,4,0.15,0.19,0.26,0.29,0.33,1
5973,3,0.23,0.28,0.31,0.35,0.42,1
5974,5,0.15,0.19,0.22,0.27,0.32,1
5975,1,0.31,0.34,0.39,0.46,0.54,1
5976,5,0.13,0.18,0.23,0.27,0.31,2
5977,3,0.22,0.25,0.29,0.32,0.39,1
5978,4,0.17,0.21,0.25,0.31,0.32,1
5979,1,0.29,0.35,0.41,0.47,0.53,1
5980,2,0.25,0.3,0.33,0.38,0.44,1
5981,5,0.14,0.15,0.19,0.23,0.28,1
5982,3,0.22,0.27,0.32,0.37,0.39,1
5983,4,0.18,0.2,0.24,0.28,0.33,1
5984,4,0.17,0.21,0.24,0.28,0.32,1
5985,5,0.12,0.15,0.19,0.23,0.28,2
5986,2,0.25,0.28,0.34,0.41,0.47,1
5987,2,0.24,0.29,0.32,0.36,0.41,1
5988,5,0.13,0.17,0.23,0.27,0.31,1
5989,4,0.18,0.21,0.24,0.3,0.34,1
5990,1,0.28,0.33,0.38,0.43,0.52,1
5991,5,0.16,0.19,0.23,0.28,0.31,1
5992,1,0.32,0.37,0.43,0.52,0.6,1
5993,1,0.31,0.37,0.4,0.46,0.53,1
5994,4,0.14,0.18,0.23,0.28,0.33,1
5995,4,0.15,0.22,0.27,0.3,0.37,1
5996,1,0.32,0.39,0.47,0.51,0.55,1
5997,4,0.16,0.18,0.22,0.28,0.34,1
5998,1,0.29,0.32,0.36,0.44,0.52,1
5999,4,0.12,0.17,0.22,0.29,0.35,1
6000,3,0.23,0.26,0.29,0.35,0.41,1
6001,4,0.17,0.2,0.24,0.28,0.34,1
6002,2,0.26,0.28,0.36,0.43,0.46,1
6003,2,0.25,0.32,0.38,0.46,0.5,1
6004,3,0.18,0.24,0.29,0.34,0.4,1
6005,2,0.28,0.3,0.37,0.44,0.49,1
6006,4,0.15,0.19,0.26,0.28,0.32,1
6007,1,0.29,0.36,0.42,0.46,0.53,1
6008,4,0.19,0.23,0.25,0.32,0.35,1
6009,1,0.29,0.34,0.38,0.49,0.57,1
6010,3,0.17,0.22,0.28,0.33,0.4,2
6011,2,0.26,0.31,0.38,0.44,0.5,1
6012,3,0.22,0.25,0.29,0.38,0.47,1
6013,2,0.25,0.31,0.38,0.43,0.45,1
6014,4,0.16,0.18,0.22,0.29,0.33,1
6015,2,0.25,0.29,0.37,0.44,0.47,1
6016,1,0.32,0.35,0.38,0.43,0.48,1
6017,4,0.16,0.2,0.25,0.32,0.38,1
6018,3,0.2,0.24,0.28,0.33,0.39,1
6019,1,0.29,0.32,0.39,0.41,0.48,1
6020,3,0.23,0.27,0.32,0.36,0.41,1
6021,2,0.26,0.31,0.37,0.42,0.51,1
6022,1,0.3,0.37,0.42,0.47,0.54,1
6023,1,0.31,0.34,0.43,0.49,0.54,1
6024,5,0.13,0.16,0.19,0.24,0.28,1
6025,3,0.22,0.26,0.3,0.36,0.44,1
6026,4,0.17,0.21,0.25,0.3,0.37,1
6027,5,0.12,0.18,0.19,0.24,0.32,1
6028,4,0.17,0.2,0.24,0.32,0.39,1
6029,2,0.28,0.31,0.4,0.45,0.52,2
6030,1,0.28,0.34,0.41,0.48,0.56,1
6031,5,0.13,0.16,0.2,0.27,0.31,1
6032,5,0.14,0.18,0.2,0.24,0.3,1
6033,1,0.31,0.35,0.43,0.49,0.54,1
6034,4,0.14,0.18,0.24,0.3,0.35,1
6035,3,0.19,0.25,0.32,0.37,0.42,1
6036,4,0.16,0.21,0.27,0.32,0.38,1
6037,5,0.11,0.15,0.2,0.24,0.31,1
6038,5,0.1,0.13,0.17,0.22,0.29,1
6039,2,0.26,0.28,0.33,0.37,0.45,2
6040,5,0.11,0.12,0.17,0.24,0.29,1
6041,4,0.17,0.21,0.26,0.28,0.36,3
6042,2,0.26,0.3,0.34,0.43,0.5,1
6043,1,0.28,0.33,0.37,0.4,0.46,1
6044,3,0.21,0.24,0.28,0.33,0.37,1
6045,5,0.11,0.16,0.2,0.23,0.28,1
6046,4,0.16,0.19,0.21,0.28,0.34,1
6047,1,0.29,0.33,0.39,0.44,0.49,1
6048,2,0.26,0.3,0.36,0.43,0.49,2
6049,1,0.31,0.39,0.46,0.48,0.53,1
6050,1,0.29,0.35,0.42,0.47,0.51,1
6051,4,0.18,0.22,0.27,0.3,0.36,1
6052,1,0.31,0.37,0.44,0.49,0.58,1
6053,3,0.21,0.26,0.32,0.36,0.46,1
6054,4,0.18,0.23,0.26,0.3,0.37,1
6055,2,0.25,0.29,0.34,0.4,0.46,2
6056,1,0.28,0.35,0.43,0.48,0.53,1
6057,4,0.19,0.21,0.24,0.28,0.34,1
6058,4,0.14,0.19,0.27,0.32,0.37,1
6059,4,0.18,0.22,0.26,0.3,0.35,1
6060,4,0.17,0.2,0.24,0.29,0.33,1
6061,5,0.14,0.16,0.19,0.24,0.32,1
6062,4,0.23,0.26,0.27,0.29,0.35,1
6063,1,0.3,0.38,0.43,0.48,0.54,1
6064,2,0.27,0.3,0.37,0.44,0.49,1
6065,1,0.3,0.38,0.44,0.47,0.53,1
6066,1,0.31,0.38,0.43,0.46,0.51,1
6067,2,0.26,0.32,0.39,0.45,0.49,2
6068,2,0.25,0.3,0.34,0.39,0.44,1
6069,3,0.18,0.22,0.29,0.36,0.39,1
6070,4,0.16,0.21,0.23,0.28,0.34,1
6071,3,0.2,0.25,0.32,0.37,0.44,1
6072,1,0.3,0.36,0.42,0.45,0.53,1
6073,2,0.27,0.31,0.37,0.47,0.5,1
6074,4,0.15,0.19,0.22,0.28,0.33,1
6075,2,0.24,0.29,0.36,0.41,0.47,1
6076,4,0.17,0.21,0.25,0.29,0.35,1
6077,1,0.31,0.35,0.4,0.45,0.53,1
6078,1,0.3,0.34,0.38,0.4,0.43,1
6079,3,0.2,0.23,0.28,0.32,0.36,1
6080,2,0.2,0.28,0.34,0.39,0.4,1
6081,4,0.15,0.2,0.27,0.32,0.35,1
6082,4,0.17,0.22,0.25,0.3,0.37,1
6083,2,0.26,0.32,0.36,0.4,0.47,1
6084,1,0.29,0.33,0.37,0.44,0.51,1
6085,2,0.24,0.3,0.33,0.4,0.45,1
6086,4,0.18,0.23,0.24,0.3,0.34,1
6087,3,0.17,0.23,0.29,0.33,0.4,1
6088,3,0.18,0.23,0.3,0.35,0.41,1
6089,5,0.16,0.19,0.24,0.26,0.28,1
6090,4,0.21,0.24,0.26,0.31,0.35,1
6091,1,0.31,0.37,0.43,0.5,0.54,1
6092,4,0.16,0.18,0.22,0.29,0.31,1
6093,4,0.17,0.21,0.25,0.29,0.35,1
6094,1,0.32,0.36,0.42,0.46,0.52,1
6095,2,0.24,0.29,0.35,0.37,0.4,1
6096,5,0.12,0.15,0.19,0.23,0.29,1
6097,2,0.22,0.28,0.36,0.45,0.51,1
6098,3,0.22,0.26,0.3,0.32,0.38,1
6099,3,0.22,0.26,0.31,0.36,0.43,1
6100,2,0.27,0.31,0.36,0.37,0.41,1
6101,1,0.28,0.34,0.4,0.49,0.52,1
6102,4,0.16,0.2,0.23,0.31,0.34,1
6103,4,0.15,0.19,0.25,0.28,0.33,1
6104,1,0.29,0.34,0.38,0.43,0.5,1
6105,3,0.21,0.23,0.29,0.35,0.4,1
6106,2,0.24,0.29,0.35,0.44,0.51,1
6107,4,0.17,0.18,0.22,0.29,0.33,1
6108,5,0.15,0.17,0.21,0.25,0.31,1
6109,3,0.18,0.24,0.3,0.36,0.41,1
6110,5,0.14,0.16,0.21,0.27,0.32,1
6111,1,0.29,0.35,0.39,0.44,0.49,1
6112,2,0.24,0.3,0.36,0.41,0.47,1
6113,4,0.18,0.22,0.28,0.31,0.34,1
6114,1,0.3,0.35,0.41,0.49,0.57,1
6115,1,0.32,0.39,0.44,0.49,0.52,1
6116,5,0.15,0.18,0.24,0.28,0.31,1
6117,4,0.16,0.19,0.25,0.29,0.34,1
6118,4,0.2,0.23,0.26,0.32,0.34,1
6119,5,0.15,0.18,0.19,0.23,0.28,1
6120,2,0.29,0.3,0.35,0.41,0.48,1
6121,1,0.32,0.35,0.42,0.48,0.54,1
6122,1,0.3,0.36,0.43,0.49,0.56,3
6123,5,0.16,0.21,0.25,0.28,0.3,1
6124,5,0.15,0.17,0.21,0.26,0.32,1
6125,2,0.23,0.28,0.32,0.37,0.41,1
6126,5,0.17,0.19,0.2,0.26,0.3,1
6127,4,0.17,0.21,0.24,0.3,0.34,1
6128,5,0.15,0.17,0.21,0.26,0.31,1
6129,3,0.22,0.25,0.31,0.33,0.37,2
6130,2,0.25,0.3,0.35,0.41,0.48,1
6131,2,0.23,0.3,0.35,0.39,0.43,1
6132,5,0.13,0.18,0.19,0.27,0.3,1
6133,5,0.09,0.12,0.17,0.22,0.28,1
6134,4,0.13,0.17,0.22,0.29,0.35,1
6135,1,0.29,0.36,0.4,0.46,0.5,1
6136,5,0.13,0.16,0.19,0.24,0.32,1
6137,3,0.21,0.25,0.31,0.38,0.47,2
6138,4,0.19,0.22,0.27,0.28,0.34,2
6139,5,0.12,0.15,0.19,0.24,0.28,1
6140,4,0.19,0.21,0.25,0.32,0.39,1
6141,2,0.23,0.28,0.33,0.39,0.41,1
6142,4,0.15,0.18,0.22,0.29,0.35,1
6143,5,0.12,0.15,0.21,0.26,0.29,1
6144,1,0.31,0.39,0.44,0.5,0.55,1
6145,3,0.22,0.26,0.32,0.36,0.44,2
6146,2,0.23,0.31,0.36,0.41,0.45,1
6147,4,0.18,0.23,0.27,0.32,0.35,1
6148,1,0.28,0.34,0.39,0.45,0.52,1
6149,5,0.11,0.15,0.2,0.26,0.3,2
6150,2,0.26,0.31,0.38,0.43,0.45,1
6151,2,0.25,0.3,0.38,0.41,0.48,1
6152,4,0.13,0.17,0.2,0.28,0.32,1
6153,5,0.15,0.19,0.23,0.28,0.31,1
6154,5,0.14,0.17,0.19,0.24,0.29,1
6155,4,0.16,0.19,0.23,0.29,0.38,2
6156,3,0.19,0.22,0.3,0.32,0.42,2
6157,1,0.32,0.38,0.42,0.5,0.53,1
6158,2,0.25,0.3,0.33,0.43,0.49,1
6159,2,0.23,0.31,0.35,0.41,0.49,1
6160,3,0.2,0.25,0.3,0.37,0.41,1
6161,5,0.14,0.16,0.21,0.27,0.32,1
6162,1,0.29,0.34,0.37,0.44,0.49,1
6163,2,0.28,0.31,0.36,0.41,0.47,2
6164,5,0.17,0.19,0.25,0.27,0.3,1
6165,4,0.14,0.2,0.25,0.32,0.37,1
6166,4,0.2,0.22,0.27,0.31,0.36,1
6167,3,0.18,0.21,0.3,0.33,0.38,1
6168,5,0.1,0.14,0.21,0.24,0.29,1
6169,4,0.17,0.21,0.24,0.29,0.34,1
6170,2,0.26,0.32,0.37,0.39,0.46,1
6171,1,0.31,0.37,0.38,0.44,0.5,1
6172,3,0.2,0.25,0.32,0.35,0.38,1
6173,3,0.19,0.24,0.29,0.35,0.4,1
6174,1,0.3,0.35,0.42,0.49,0.57,1
6175,2,0.25,0.3,0.36,0.42,0.48,1
6176,4,0.15,0.21,0.23,0.3,0.37,1
6177,2,0.25,0.28,0.33,0.38,0.41,1
6178,2,0.26,0.32,0.39,0.49,0.57,1
6179,5,0.12,0.16,0.19,0.23,0.32,1
6180,3,0.2,0.24,0.3,0.34,0.37,1
6181,5,0.1,0.13,0.18,0.23,0.31,1
6182,2,0.23,0.28,0.35,0.38,0.43,2
6183,3,0.21,0.24,0.29,0.33,0.37,1
6184,2,0.23,0.28,0.32,0.36,0.44,1
6185,3,0.21,0.25,0.31,0.34,0.39,1
6186,4,0.18,0.21,0.25,0.29,0.37,1
6187,2,0.26,0.3,0.34,0.42,0.51,1
6188,2,0.24,0.32,0.38,0.45,0.5,1
6189,5,0.17,0.2,0.24,0.28,0.31,1
6190,5,0.1,0.13,0.16,0.24,0.29,2
6191,1,0.28,0.35,0.42,0.51,0.55,1
6192,5,0.14,0.16,0.2,0.23,0.29,1
6193,1,0.3,0.37,0.42,0.44,0.5,1
6194,5,0.14,0.17,0.21,0.24,0.28,1
6195,5,0.16,0.19,0.22,0.27,0.32,1
6196,2,0.28,0.3,0.31,0.34,0.4,2
6197,4,0.17,0.2,0.24,0.29,0.34,1
6198,5,0.18,0.21,0.24,0.27,0.32,1
6199,2,0.22,0.28,0.32,0.33,0.39,1
6200,4,0.14,0.17,0.22,0.29,0.33,1
6201,5,0.09,0.13,0.16,0.21,0.28,1
6202,4,0.19,0.25,0.27,0.31,0.37,1
6203,2,0.25,0.29,0.36,0.41,0.49,1
6204,5,0.17,0.19,0.21,0.24,0.29,1
6205,4,0.22,0.24,0.27,0.31,0.37,1
6206,4,0.19,0.22,0.27,0.3,0.34,1
6207,2,0.26,0.3,0.36,0.43,0.44,1
6208,4,0.17,0.22,0.26,0.32,0.35,1
6209,3,0.2,0.26,0.3,0.35,0.39,1
6210,4,0.15,0.18,0.23,0.28,0.33,2
6211,1,0.3,0.34,0.41,0.48,0.55,1
6212,1,0.32,0.36,0.43,0.49,0.53,1
6213,5,0.14,0.18,0.2,0.25,0.28,1
6214,5,0.12,0.14,0.19,0.26,0.29,2
6215,3,0.2,0.24,0.3,0.36,0.42,1
6216,2,0.23,0.29,0.35,0.38,0.43,5
6217,5,0.14,0.18,0.21,0.28,0.3,1
6218,3,0.19,0.22,0.28,0.34,0.39,1
6219,1,0.28,0.32,0.38,0.47,0.53,3
6220,2,0.25,0.29,0.33,0.4,0.45,2
6221,3,0.18,0.24,0.3,0.36,0.41,1
6222,1,0.31,0.36,0.41,0.45,0.51,1
6223,1,0.28,0.32,0.37,0.44,0.5,1
6224,3,0.17,0.25,0.32,0.36,0.41,1
6225,4,0.17,0.22,0.26,0.31,0.38,1
6226,5,0.14,0.18,0.22,0.27,0.31,1
6227,5,0.13,0.15,0.18,0.22,0.28,1
6228,5,0.12,0.14,0.19,0.23,0.3,1
6229,5,0.15,0.17,0.21,0.26,0.29,1
6230,2,0.24,0.3,0.37,0.44,0.45,2
6231,2,0.27,0.29,0.32,0.38,0.44,1
6232,4,0.16,0.21,0.25,0.31,0.36,2
6233,5,0.17,0.2,0.23,0.27,0.32,1
6234,4,0.19,0.22,0.25,0.31,0.38,2
6235,2,0.21,0.28,0.34,0.38,0.42,2
6236,4,0.13,0.19,0.23,0.29,0.35,1
6237,4,0.15,0.2,0.24,0.3,0.34,1
6238,5,0.16,0.19,0.22,0.24,0.32,1
6239,2,0.26,0.31,0.38,0.43,0.49,1
6240,1,0.3,0.35,0.38,0.4,0.44,1
6241,2,0.23,0.28,0.34,0.38,0.45,2
6242,5,0.14,0.18,0.21,0.27,0.29,1
6243,3,0.21,0.27,0.3,0.38,0.46,1
6244,1,0.32,0.36,0.43,0.51,0.54,1
6245,1,0.32,0.37,0.4,0.46,0.54,1
6246,5,0.15,0.17,0.22,0.26,0.31,1
6247,5,0.1,0.13,0.17,0.22,0.29,1
6248,4,0.2,0.24,0.28,0.31,0.34,2
6249,3,0.21,0.26,0.3,0.35,0.4,1
6250,5,0.15,0.18,0.2,0.25,0.3,1
6251,3,0.23,0.26,0.31,0.36,0.43,1
6252,4,0.18,0.2,0.25,0.29,0.34,1
6253,2,0.26,0.31,0.37,0.42,0.49,1
6254,2,0.25,0.31,0.36,0.39,0.43,1
6255,5,0.12,0.16,0.19,0.25,0.28,1
6256,3,0.21,0.26,0.32,0.41,0.45,1
6257,1,0.31,0.38,0.45,0.49,0.55,1
6258,1,0.3,0.34,0.42,0.49,0.54,1
6259,2,0.25,0.3,0.34,0.37,0.42,1
6260,1,0.29,0.35,0.42,0.48,0.55,1
6261,2,0.21,0.28,0.33,0.38,0.45,1
6262,5,0.15,0.19,0.23,0.27,0.31,1
6263,2,0.23,0.3,0.35,0.37,0.39,1
6264,5,0.17,0.18,0.21,0.26,0.32,1
6265,2,0.26,0.3,0.35,0.4,0.48,2
6266,3,0.2,0.26,0.31,0.37,0.42,1
6267,3,0.21,0.24,0.32,0.37,0.42,1
6268,5,0.11,0.15,0.17,0.23,0.28,1
6269,3,0.18,0.23,0.28,0.34,0.41,1
6270,4,0.2,0.22,0.27,0.31,0.35,1
6271,2,0.25,0.32,0.39,0.45,0.55,1
6272,3,0.21,0.24,0.29,0.33,0.36,1
6273,2,0.23,0.3,0.35,0.39,0.41,1
6274,5,0.16,0.18,0.21,0.26,0.32,1
6275,2,0.23,0.3,0.35,0.42,0.51,1
6276,5,0.13,0.16,0.21,0.24,0.3,1
6277,5,0.09,0.11,0.16,0.21,0.28,1
6278,2,0.27,0.31,0.38,0.42,0.47,1
6279,4,0.15,0.18,0.23,0.28,0.34,1
6280,1,0.29,0.33,0.36,0.43,0.49,1
6281,2,0.25,0.31,0.35,0.4,0.47,1
6282,2,0.27,0.3,0.35,0.39,0.46,1
6283,1,0.31,0.36,0.38,0.45,0.49,1
6284,4,0.16,0.2,0.28,0.31,0.41,1
6285,4,0.16,0.2,0.27,0.32,0.33,1
6286,1,0.28,0.33,0.38,0.44,0.53,1
6287,3,0.23,0.27,0.32,0.4,0.49,1
6288,1,0.31,0.37,0.42,0.51,0.58,1
6289,4,0.12,0.17,0.23,0.29,0.34,1
6290,2,0.25,0.29,0.36,0.43,0.49,1
6291,3,0.2,0.25,0.29,0.31,0.36,1
6292,4,0.19,0.24,0.25,0.32,0.38,2
6293,4,0.17,0.21,0.26,0.3,0.34,1
6294,5,0.16,0.19,0.22,0.26,0.3,1
6295,5,0.12,0.14,0.19,0.22,0.3,1
6296,3,0.18,0.25,0.29,0.33,0.4,1
6297,2,0.25,0.28,0.35,0.42,0.47,1
6298,1,0.31,0.36,0.43,0.46,0.52,1
6299,5,0.12,0.16,0.2,0.26,0.29,1
6300,5,0.14,0.17,0.23,0.26,0.31,1
6301,1,0.31,0.36,0.41,0.48,0.56,1
6302,4,0.14,0.17,0.22,0.29,0.34,1
6303,1,0.29,0.35,0.39,0.45,0.52,1
6304,1,0.3,0.36,0.39,0.41,0.49,1
6305,2,0.24,0.3,0.33,0.35,0.4,1
6306,2,0.23,0.31,0.37,0.41,0.45,1
6307,4,0.15,0.2,0.24,0.31,0.35,1
6308,3,0.22,0.26,0.3,0.33,0.37,1
6309,5,0.13,0.18,0.22,0.27,0.32,1
6310,2,0.26,0.31,0.37,0.44,0.49,2
6311,1,0.32,0.38,0.45,0.52,0.58,1
6312,5,0.12,0.14,0.18,0.22,0.28,1
6313,4,0.15,0.19,0.24,0.29,0.38,1
6314,1,0.29,0.35,0.41,0.45,0.48,1
6315,5,0.15,0.16,0.18,0.24,0.3,1
6316,1,0.28,0.35,0.42,0.48,0.55,1
6317,2,0.26,0.32,0.38,0.47,0.49,1
6318,3,0.2,0.22,0.3,0.34,0.36,3
6319,2,0.26,0.31,0.37,0.4,0.45,1
6320,1,0.31,0.36,0.41,0.43,0.5,1
6321,2,0.25,0.29,0.36,0.41,0.48,1
6322,4,0.18,0.21,0.25,0.3,0.35,1
6323,2,0.23,0.31,0.36,0.41,0.49,1
6324,2,0.26,0.31,0.36,0.41,0.44,1
6325,3,0.22,0.27,0.32,0.38,0.44,1
6326,4,0.18,0.23,0.27,0.31,0.37,1
6327,2,0.22,0.3,0.35,0.41,0.45,1
6328,3,0.22,0.27,0.32,0.37,0.43,1
6329,3,0.22,0.27,0.31,0.38,0.42,2
6330,5,0.15,0.18,0.2,0.26,0.3,1
6331,4,0.17,0.21,0.24,0.29,0.34,1
6332,2,0.23,0.3,0.36,0.39,0.44,1
6333,4,0.15,0.2,0.24,0.31,0.37,1
6334,4,0.18,0.22,0.27,0.32,0.34,1
6335,1,0.32,0.39,0.46,0.54,0.61,1
6336,1,0.31,0.37,0.42,0.47,0.56,2
6337,5,0.1,0.14,0.19,0.26,0.28,1
6338,4,0.16,0.2,0.24,0.29,0.33,1
6339,1,0.28,0.34,0.39,0.44,0.5,1
6340,2,0.23,0.29,0.33,0.37,0.4,1
6341,3,0.18,0.24,0.31,0.39,0.42,1
6342,4,0.19,0.23,0.26,0.3,0.37,1
6343,4,0.15,0.19,0.22,0.3,0.36,1
6344,2,0.25,0.31,0.34,0.37,0.46,1
6345,1,0.29,0.36,0.43,0.47,0.53,1
6346,3,0.19,0.26,0.31,0.34,0.39,1
6347,1,0.3,0.38,0.46,0.51,0.54,1
6348,3,0.17,0.23,0.29,0.35,0.43,2
6349,4,0.14,0.18,0.24,0.31,0.37,1
6350,5,0.12,0.13,0.16,0.2,0.28,1
6351,3,0.21,0.24,0.28,0.33,0.36,1
6352,5,0.15,0.19,0.24,0.26,0.31,1
6353,3,0.21,0.25,0.31,0.38,0.46,3
6354,5,0.15,0.17,0.2,0.25,0.29,1
6355,5,0.13,0.16,0.2,0.25,0.31,1
6356,2,0.26,0.31,0.4,0.49,0.53,1
6357,1,0.29,0.35,0.41,0.47,0.52,1
6358,5,0.19,0.21,0.23,0.26,0.32,1
6359,2,0.24,0.28,0.35,0.41,0.48,1
6360,3,0.2,0.27,0.32,0.38,0.46,1
6361,4,0.14,0.19,0.22,0.28,0.34,1
6362,4,0.22,0.24,0.26,0.3,0.38,1
6363,4,0.17,0.18,0.23,0.3,0.33,1
6364,2,0.27,0.32,0.36,0.41,0.45,1
6365,1,0.28,0.33,0.4,0.45,0.54,1
6366,5,0.17,0.19,0.24,0.27,0.3,1
6367,1,0.28,0.34,0.4,0.44,0.46,1
6368,5,0.14,0.17,0.21,0.25,0.31,1
6369,5,0.11,0.15,0.2,0.22,0.28,2
6370,4,0.17,0.2,0.24,0.31,0.37,1
6371,4,0.18,0.22,0.28,0.3,0.36,1
6372,5,0.16,0.19,0.22,0.26,0.32,1
6373,3,0.18,0.24,0.29,0.33,0.42,2
6374,4,0.17,0.22,0.27,0.32,0.37,2
6375,5,0.12,0.15,0.2,0.28,0.3,1
6376,2,0.27,0.32,0.39,0.4,0.44,1
6377,1,0.28,0.35,0.41,0.49,0.55,1
6378,2,0.23,0.29,0.34,0.38,0.44,1
6379,5,0.12,0.17,0.22,0.27,0.3,1
6380,1,0.32,0.37,0.44,0.52,0.53,1
6381,1,0.31,0.36,0.41,0.45,0.49,1
6382,2,0.24,0.3,0.34,0.38,0.46,1
6383,4,0.16,0.21,0.25,0.3,0.35,1
6384,2,0.24,0.31,0.35,0.42,0.45,1
6385,5,0.16,0.21,0.24,0.27,0.3,2
6386,2,0.26,0.32,0.37,0.4,0.46,1
6387,1,0.29,0.32,0.35,0.4,0.45,1
6388,4,0.2,0.23,0.26,0.32,0.37,1
6389,5,0.14,0.16,0.21,0.26,0.32,1
6390,5,0.13,0.18,0.21,0.26,0.32,1
6391,2,0.23,0.3,0.34,0.4,0.45,1
6392,5,0.14,0.18,0.21,0.25,0.29,1
6393,5,0.11,0.15,0.18,0.23,0.28,1
6394,5,0.13,0.16,0.19,0.23,0.3,1
6395,5,0.17,0.2,0.23,0.27,0.3,1
6396,2,0.26,0.32,0.38,0.44,0.49,1
6397,4,0.23,0.25,0.26,0.32,0.39,1
6398,1,0.32,0.4,0.44,0.51,0.55,1
6399,2,0.26,0.31,0.36,0.39,0.46,1
6400,1,0.3,0.37,0.43,0.5,0.54,1
6401,4,0.14,0.2,0.25,0.31,0.36,1
6402,5,0.13,0.16,0.19,0.27,0.31,1
6403,3,0.22,0.24,0.28,0.33,0.37,1
6404,1,0.3,0.34,0.39,0.43,0.5,1
6405,5,0.17,0.21,0.23,0.27,0.31,1
6406,5,0.18,0.21,0.25,0.26,0.32,1
6407,2,0.25,0.29,0.34,0.41,0.49,1
6408,1,0.32,0.37,0.43,0.48,0.51,1
6409,4,0.17,0.19,0.26,0.29,0.33,2
6410,1,0.29,0.34,0.41,0.44,0.47,1
6411,2,0.25,0.29,0.33,0.39,0.46,1
6412,2,0.25,0.31,0.36,0.45,0.52,1
6413,4,0.16,0.2,0.24,0.29,0.34,1
6414,1,0.3,0.33,0.38,0.42,0.46,1
6415,3,0.19,0.25,0.31,0.33,0.38,1
6416,3,0.24,0.26,0.32,0.37,0.41,1
6417,5,0.11,0.13,0.17,0.23,0.28,1
6418,4,0.16,0.19,0.23,0.28,0.33,1
6419,2,0.24,0.31,0.36,0.4,0.45,1
6420,3,0.21,0.24,0.28,0.33,0.37,1
6421,2,0.27,0.31,0.36,0.42,0.49,1
6422,2,0.26,0.29,0.33,0.39,0.46,1
6423,3,0.2,0.24,0.3,0.35,0.39,1
6424,5,0.14,0.15,0.19,0.24,0.29,1
6425,3,0.22,0.26,0.32,0.37,0.41,1
6426,5,0.15,0.17,0.22,0.25,0.28,2
6427,3,0.21,0.25,0.32,0.39,0.45,1
6428,4,0.16,0.22,0.25,0.32,0.4,1
6429,2,0.24,0.28,0.34,0.38,0.45,1
6430,3,0.21,0.26,0.32,0.36,0.43,1
6431,4,0.17,0.2,0.22,0.29,0.32,1
6432,3,0.2,0.23,0.3,0.37,0.4,1
6433,5,0.11,0.15,0.19,0.25,0.28,1
6434,3,0.22,0.25,0.3,0.35,0.4,1
6435,4,0.2,0.21,0.24,0.32,0.37,1
6436,1,0.3,0.34,0.41,0.48,0.55,1
6437,3,0.21,0.26,0.32,0.38,0.41,1
6438,1,0.3,0.36,0.4,0.41,0.48,1
6439,1,0.29,0.34,0.41,0.45,0.5,1
6440,2,0.27,0.31,0.35,0.42,0.48,1
6441,4,0.18,0.22,0.27,0.31,0.39,1
6442,5,0.14,0.17,0.21,0.26,0.3,1
6443,5,0.14,0.19,0.23,0.28,0.31,1
6444,4,0.12,0.16,0.21,0.29,0.37,1
6445,3,0.18,0.23,0.29,0.31,0.32,1
6446,4,0.16,0.2,0.27,0.3,0.35,1
6447,2,0.24,0.3,0.35,0.41,0.47,2
6448,2,0.28,0.31,0.38,0.42,0.46,1
6449,2,0.24,0.28,0.33,0.37,0.39,1
6450,3,0.25,0.27,0.31,0.37,0.41,1
6451,4,0.17,0.21,0.26,0.28,0.33,1
6452,4,0.18,0.23,0.29,0.3,0.38,1
6453,3,0.21,0.27,0.32,0.39,0.48,2
6454,2,0.25,0.29,0.36,0.39,0.41,1
6455,4,0.17,0.21,0.27,0.32,0.39,2
6456,1,0.31,0.37,0.42,0.47,0.52,1
6457,1,0.28,0.33,0.41,0.46,0.54,1
6458,2,0.24,0.29,0.34,0.39,0.4,1
6459,1,0.31,0.37,0.42,0.44,0.53,1
6460,1,0.3,0.34,0.41,0.45,0.49,1
6461,5,0.08,0.1,0.13,0.21,0.29,1
6462,3,0.17,0.21,0.28,0.33,0.42,1
6463,1,0.28,0.34,0.37,0.44,0.5,1
6464,5,0.15,0.17,0.2,0.25,0.3,1
6465,4,0.18,0.23,0.27,0.3,0.36,1
6466,2,0.24,0.28,0.35,0.38,0.46,2
6467,1,0.31,0.36,0.46,0.52,0.58,1
6468,5,0.12,0.15,0.19,0.24,0.28,1
6469,4,0.16,0.2,0.23,0.29,0.35,1
6470,2,0.23,0.28,0.34,0.38,0.44,1
6471,1,0.31,0.33,0.37,0.48,0.56,1
6472,3,0.22,0.25,0.3,0.33,0.42,2
6473,5,0.16,0.19,0.23,0.27,0.3,1
6474,1,0.28,0.35,0.4,0.48,0.53,1
6475,2,0.24,0.3,0.32,0.37,0.43,1
6476,1,0.28,0.32,0.36,0.42,0.49,1
6477,3,0.19,0.24,0.32,0.39,0.45,1
6478,4,0.16,0.19,0.26,0.3,0.32,2
6479,2,0.22,0.28,0.32,0.41,0.47,1
6480,5,0.14,0.16,0.2,0.26,0.3,1
6481,5,0.17,0.21,0.25,0.28,0.31,1
6482,2,0.28,0.31,0.36,0.41,0.48,1
6483,3,0.23,0.26,0.31,0.38,0.44,1
6484,4,0.14,0.19,0.25,0.31,0.36,1
6485,5,0.11,0.12,0.17,0.23,0.29,1
6486,3,0.22,0.25,0.3,0.35,0.41,1
6487,1,0.32,0.4,0.44,0.52,0.58,1
6488,4,0.18,0.22,0.27,0.32,0.4,1
6489,1,0.31,0.37,0.44,0.49,0.55,1
6490,2,0.24,0.29,0.35,0.4,0.41,1
6491,1,0.3,0.37,0.42,0.49,0.55,1
6492,2,0.25,0.31,0.37,0.42,0.45,1
6493,2,0.26,0.3,0.37,0.46,0.51,1
6494,4,0.2,0.24,0.28,0.3,0.34,1
6495,2,0.25,0.29,0.34,0.37,0.4,1
6496,5,0.13,0.16,0.21,0.26,0.31,1
6497,4,0.17,0.24,0.27,0.3,0.34,1
6498,5,0.14,0.19,0.22,0.23,0.28,1
6499,2,0.26,0.3,0.33,0.36,0.42,1
6500,5,0.14,0.19,0.22,0.27,0.31,1
6501,2,0.28,0.31,0.35,0.38,0.41,1
6502,1,0.32,0.35,0.41,0.43,0.49,1
6503,4,0.18,0.22,0.25,0.31,0.34,1
6504,4,0.19,0.21,0.26,0.31,0.35,1
6505,5,0.13,0.15,0.21,0.25,0.28,1
6506,1,0.3,0.35,0.4,0.45,0.51,1
6507,3,0.18,0.23,0.29,0.36,0.38,4
6508,1,0.29,0.36,0.44,0.49,0.57,1
6509,4,0.15,0.19,0.24,0.32,0.37,1
6510,4,0.18,0.22,0.26,0.29,0.34,1
6511,1,0.28,0.33,0.38,0.41,0.48,1
6512,4,0.14,0.17,0.23,0.29,0.33,1
6513,4,0.16,0.2,0.27,0.31,0.37,1
6514,3,0.21,0.25,0.28,0.33,0.35,1
6515,4,0.18,0.21,0.25,0.28,0.34,1
6516,4,0.22,0.24,0.27,0.32,0.36,1
6517,3,0.18,0.23,0.29,0.33,0.39,2
6518,5,0.14,0.19,0.22,0.25,0.31,1
6519,3,0.21,0.25,0.31,0.39,0.44,2
6520,5,0.12,0.15,0.2,0.26,0.3,2
6521,5,0.12,0.15,0.19,0.23,0.29,1
6522,1,0.3,0.33,0.4,0.43,0.5,1
6523,4,0.16,0.19,0.26,0.32,0.4,1
6524,5,0.11,0.14,0.17,0.24,0.32,1
6525,3,0.17,0.23,0.3,0.33,0.37,1
6526,4,0.18,0.22,0.26,0.3,0.35,2
6527,3,0.22,0.28,0.31,0.4,0.46,1
6528,3,0.22,0.26,0.31,0.38,0.41,1
6529,1,0.31,0.34,0.39,0.45,0.53,1
6530,3,0.22,0.24,0.28,0.34,0.37,2
6531,4,0.15,0.22,0.26,0.31,0.37,1
6532,4,0.17,0.21,0.26,0.3,0.36,1
6533,1,0.32,0.37,0.41,0.5,0.57,1
6534,5,0.13,0.17,0.22,0.27,0.3,1
6535,1,0.29,0.32,0.37,0.42,0.46,1
6536,5,0.15,0.19,0.22,0.27,0.28,1
6537,2,0.24,0.28,0.33,0.38,0.41,1
6538,4,0.19,0.22,0.25,0.3,0.34,2
6539,1,0.32,0.41,0.43,0.52,0.6,1
6540,3,0.18,0.23,0.29,0.35,0.39,1
6541,2,0.24,0.3,0.37,0.42,0.53,1
6542,4,0.19,0.22,0.27,0.31,0.38,1
6543,3,0.2,0.24,0.3,0.32,0.4,1
6544,3,0.16,0.24,0.28,0.33,0.37,1
6545,4,0.17,0.2,0.23,0.29,0.34,2
6546,2,0.27,0.32,0.38,0.44,0.53,2
6547,1,0.28,0.33,0.38,0.47,0.52,2
6548,3,0.19,0.23,0.29,0.34,0.4,1
6549,5,0.11,0.17,0.2,0.23,0.28,1
6550,3,0.2,0.25,0.3,0.35,0.39,1
6551,1,0.3,0.32,0.37,0.42,0.47,1
6552,5,0.13,0.18,0.19,0.27,0.32,1
6553,5,0.17,0.2,0.23,0.25,0.3,3
6554,3,0.22,0.27,0.32,0.37,0.38,1
6555,2,0.26,0.29,0.32,0.4,0.47,1
6556,5,0.16,0.18,0.21,0.25,0.28,1
6557,3,0.23,0.27,0.32,0.38,0.45,1
6558,1,0.29,0.36,0.42,0.48,0.51,1
6559,3,0.21,0.23,0.31,0.37,0.43,2
6560,4,0.16,0.2,0.24,0.29,0.36,1
6561,5,0.09,0.12,0.16,0.24,0.29,1
6562,3,0.24,0.26,0.3,0.35,0.38,2
6563,1,0.31,0.35,0.38,0.42,0.48,1
6564,2,0.25,0.29,0.33,0.4,0.45,1
6565,3,0.2,0.24,0.29,0.36,0.41,1
6566,1,0.3,0.34,0.38,0.42,0.52,1
6567,2,0.24,0.32,0.36,0.45,0.5,1
6568,5,0.12,0.16,0.18,0.24,0.29,1
6569,3,0.17,0.21,0.28,0.32,0.41,1
6570,4,0.16,0.18,0.26,0.31,0.37,1
6571,4,0.18,0.21,0.26,0.31,0.35,1
6572,5,0.1,0.14,0.19,0.24,0.3,1
6573,4,0.19,0.23,0.27,0.32,0.38,1
6574,3,0.19,0.22,0.29,0.32,0.37,1
6575,1,0.28,0.32,0.36,0.41,0.49,1
6576,3,0.18,0.22,0.28,0.33,0.37,1
6577,4,0.14,0.19,0.21,0.28,0.32,1
6578,5,0.15,0.19,0.22,0.27,0.32,1
6579,3,0.18,0.23,0.29,0.33,0.37,2
6580,3,0.24,0.27,0.31,0.34,0.41,1
6581,4,0.16,0.19,0.22,0.28,0.33,1
6582,2,0.26,0.31,0.36,0.42,0.48,1
6583,4,0.15,0.18,0.22,0.29,0.36,2
6584,5,0.11,0.14,0.17,0.22,0.28,1
6585,2,0.23,0.28,0.32,0.38,0.47,1
6586,2,0.23,0.3,0.33,0.36,0.41,2
6587,2,0.27,0.3,0.36,0.4,0.44,1
6588,5,0.13,0.16,0.18,0.25,0.3,1
6589,3,0.2,0.24,0.28,0.34,0.39,1
6590,1,0.31,0.34,0.44,0.49,0.56,1
6591,3,0.25,0.28,0.3,0.35,0.39,1
6592,5,0.14,0.17,0.22,0.25,0.31,1
6593,5,0.13,0.16,0.2,0.23,0.28,1
6594,1,0.3,0.34,0.35,0.41,0.46,1
6595,5,0.12,0.14,0.17,0.22,0.28,1
6596,1,0.28,0.34,0.41,0.47,0.53,1
6597,5,0.12,0.16,0.19,0.23,0.29,1
6598,2,0.24,0.28,0.33,0.35,0.41,1
6599,2,0.23,0.29,0.35,0.4,0.46,1
6600,2,0.26,0.3,0.35,0.39,0.43,1
6601,1,0.31,0.35,0.4,0.46,0.51,1
6602,3,0.23,0.27,0.31,0.36,0.39,1
6603,4,0.12,0.17,0.21,0.29,0.36,1
6604,1,0.29,0.34,0.39,0.47,0.52,1
6605,2,0.28,0.3,0.33,0.38,0.44,1
6606,4,0.18,0.23,0.27,0.31,0.34,1
6607,5,0.15,0.17,0.21,0.25,0.31,1
6608,2,0.26,0.3,0.35,0.4,0.46,1
6609,2,0.26,0.3,0.35,0.41,0.44,1
6610,5,0.15,0.19,0.23,0.26,0.29,1
6611,4,0.19,0.23,0.26,0.31,0.37,1
6612,5,0.12,0.17,0.19,0.25,0.32,2
6613,3,0.21,0.26,0.31,0.35,0.4,1
6614,3,0.15,0.2,0.29,0.36,0.44,1
6615,5,0.15,0.18,0.22,0.26,0.3,1
6616,4,0.18,0.19,0.28,0.31,0.33,1
6617,3,0.21,0.25,0.3,0.38,0.44,1
6618,5,0.13,0.16,0.19,0.24,0.32,1
6619,5,0.1,0.12,0.16,0.21,0.28,1
6620,4,0.16,0.2,0.24,0.3,0.33,1
6621,1,0.29,0.33,0.36,0.37,0.42,1
6622,2,0.23,0.29,0.35,0.38,0.44,1
6623,2,0.25,0.31,0.33,0.39,0.43,1
6624,4,0.14,0.18,0.24,0.31,0.34,1
6625,2,0.23,0.3,0.38,0.4,0.48,1
6626,1,0.29,0.34,0.42,0.48,0.53,1
6627,1,0.29,0.34,0.39,0.42,0.49,1
6628,2,0.22,0.29,0.34,0.41,0.46,1
6629,1,0.29,0.36,0.4,0.47,0.53,1
6630,1,0.29,0.33,0.39,0.44,0.52,1
6631,3,0.2,0.26,0.31,0.37,0.43,1
6632,4,0.16,0.2,0.26,0.31,0.35,1
6633,3,0.22,0.25,0.31,0.36,0.44,1
6634,4,0.16,0.19,0.26,0.29,0.34,1
6635,5,0.14,0.19,0.24,0.27,0.32,1
6636,4,0.17,0.21,0.26,0.31,0.34,1
6637,4,0.16,0.2,0.24,0.31,0.37,1
6638,4,0.18,0.2,0.27,0.31,0.36,2
6639,4,0.15,0.19,0.25,0.29,0.34,1
6640,4,0.13,0.17,0.24,0.29,0.32,1
6641,3,0.2,0.25,0.32,0.37,0.43,1
6642,3,0.18,0.25,0.32,0.34,0.41,1
6643,4,0.14,0.18,0.2,0.29,0.35,2
6644,4,0.15,0.2,0.25,0.3,0.33,2
6645,5,0.15,0.16,0.2,0.26,0.31,1
6646,5,0.12,0.15,0.2,0.23,0.28,1
6647,5,0.11,0.15,0.17,0.2,0.29,1
6648,4,0.14,0.19,0.23,0.28,0.34,1
6649,1,0.32,0.37,0.47,0.52,0.56,1
6650,4,0.16,0.2,0.24,0.3,0.34,1
6651,4,0.14,0.19,0.22,0.28,0.36,1
6652,4,0.17,0.21,0.27,0.3,0.32,1
6653,1,0.32,0.38,0.45,0.46,0.53,1
6654,3,0.2,0.26,0.32,0.37,0.43,1
6655,5,0.12,0.16,0.19,0.25,0.29,1
6656,3,0.19,0.24,0.28,0.32,0.39,1
6657,3,0.21,0.26,0.3,0.35,0.42,1
6658,2,0.25,0.31,0.38,0.45,0.53,1
6659,5,0.15,0.18,0.21,0.24,0.28,1
6660,2,0.21,0.29,0.32,0.42,0.47,1
6661,4,0.16,0.19,0.24,0.28,0.33,1
6662,5,0.12,0.16,0.19,0.24,0.29,1
6663,1,0.3,0.34,0.4,0.45,0.53,1
6664,4,0.16,0.2,0.24,0.3,0.36,1
6665,3,0.22,0.25,0.3,0.37,0.41,1
6666,2,0.26,0.32,0.34,0.37,0.43,1
6667,2,0.25,0.3,0.36,0.41,0.46,1
6668,3,0.21,0.27,0.32,0.39,0.43,1
6669,2,0.25,0.29,0.35,0.42,0.49,1
6670,4,0.2,0.23,0.25,0.32,0.37,1
6671,3,0.21,0.24,0.32,0.39,0.47,1
6672,3,0.17,0.21,0.28,0.32,0.38,1
6673,2,0.21,0.28,0.32,0.38,0.42,2
6674,1,0.29,0.33,0.37,0.42,0.44,1
6675,4,0.18,0.22,0.27,0.29,0.36,1
6676,4,0.18,0.22,0.25,0.32,0.35,1
6677,3,0.16,0.22,0.28,0.35,0.4,1
6678,4,0.18,0.22,0.26,0.3,0.36,1
6679,4,0.14,0.19,0.24,0.3,0.38,1
6680,4,0.15,0.18,0.22,0.3,0.36,3
6681,1,0.3,0.33,0.37,0.39,0.44,1
6682,1,0.32,0.38,0.44,0.52,0.56,1
6683,2,0.27,0.3,0.36,0.44,0.54,1
6684,1,0.3,0.33,0.35,0.39,0.45,1
6685,1,0.31,0.37,0.43,0.49,0.56,1
6686,2,0.26,0.3,0.33,0.4,0.46,1
6687,3,0.18,0.23,0.29,0.35,0.43,1
6688,1,0.3,0.36,0.4,0.47,0.53,1
6689,5,0.15,0.17,0.2,0.24,0.3,1
6690,2,0.22,0.29,0.35,0.39,0.46,1
6691,2,0.28,0.31,0.35,0.39,0.44,1
6692,5,0.15,0.17,0.21,0.25,0.29,1
6693,1,0.32,0.36,0.4,0.46,0.52,1
6694,5,0.13,0.16,0.21,0.26,0.29,1
6695,1,0.32,0.4,0.47,0.51,0.56,1
6696,3,0.19,0.25,0.29,0.33,0.37,1
6697,4,0.18,0.22,0.24,0.29,0.33,3
6698,4,0.16,0.19,0.25,0.29,0.33,1
6699,2,0.27,0.32,0.37,0.4,0.49,1
6700,1,0.29,0.32,0.36,0.42,0.49,1
6701,3,0.16,0.23,0.29,0.36,0.4,1
6702,5,0.12,0.16,0.21,0.25,0.31,1
6703,4,0.16,0.19,0.22,0.28,0.33,1
6704,2,0.25,0.28,0.33,0.38,0.42,1
6705,5,0.14,0.16,0.21,0.27,0.29,1
6706,2,0.25,0.29,0.36,0.44,0.53,1
6707,2,0.24,0.28,0.37,0.42,0.47,1
6708,3,0.21,0.26,0.31,0.35,0.39,1
6709,4,0.17,0.21,0.25,0.29,0.36,1
6710,2,0.24,0.29,0.38,0.42,0.47,1
6711,3,0.17,0.23,0.28,0.35,0.38,1
6712,2,0.23,0.28,0.33,0.4,0.44,1
6713,5,0.14,0.18,0.2,0.26,0.32,1
6714,5,0.11,0.14,0.18,0.23,0.28,1
6715,5,0.17,0.19,0.24,0.27,0.32,1
6716,2,0.28,0.3,0.35,0.38,0.44,2
6717,5,0.12,0.14,0.18,0.23,0.28,1
6718,4,0.16,0.19,0.25,0.29,0.36,1
6719,4,0.14,0.18,0.25,0.29,0.32,1
6720,4,0.15,0.18,0.25,0.29,0.33,1
6721,1,0.31,0.36,0.4,0.48,0.54,2
6722,2,0.24,0.31,0.38,0.44,0.49,1
6723,2,0.27,0.31,0.41,0.48,0.57,1
6724,2,0.23,0.29,0.34,0.39,0.44,1
6725,4,0.15,0.19,0.23,0.29,0.32,1
6726,5,0.11,0.16,0.2,0.23,0.28,1
6727,3,0.2,0.25,0.3,0.36,0.41,1
6728,4,0.21,0.25,0.26,0.32,0.34,2
6729,1,0.3,0.31,0.36,0.46,0.52,1
6730,4,0.13,0.17,0.22,0.28,0.36,1
6731,5,0.16,0.19,0.23,0.26,0.32,1
6732,4,0.19,0.22,0.25,0.3,0.35,2
6733,2,0.22,0.28,0.33,0.38,0.46,2
6734,3,0.2,0.24,0.3,0.38,0.42,2
6735,1,0.28,0.33,0.4,0.44,0.51,1
6736,3,0.19,0.23,0.29,0.36,0.43,1
6737,3,0.22,0.26,0.31,0.37,0.46,1
6738,1,0.29,0.38,0.43,0.47,0.53,1
6739,5,0.14,0.19,0.21,0.25,0.32,1
6740,1,0.31,0.37,0.41,0.46,0.53,1
6741,2,0.28,0.3,0.33,0.38,0.44,1
6742,2,0.23,0.28,0.33,0.38,0.41,1
6743,1,0.28,0.34,0.41,0.46,0.54,1
6744,1,0.29,0.34,0.36,0.4,0.47,1
6745,5,0.15,0.19,0.25,0.28,0.3,1
6746,4,0.15,0.18,0.24,0.29,0.35,1
6747,3,0.2,0.25,0.3,0.36,0.4,1
6748,1,0.3,0.34,0.36,0.42,0.46,2
6749,1,0.29,0.35,0.4,0.42,0.47,1
6750,1,0.32,0.35,0.39,0.41,0.49,1
6751,4,0.19,0.23,0.26,0.29,0.33,1
6752,5,0.09,0.12,0.16,0.21,0.29,1
6753,3,0.22,0.27,0.32,0.42,0.49,2
6754,3,0.17,0.22,0.3,0.36,0.41,1
6755,1,0.29,0.36,0.42,0.5,0.53,1
6756,2,0.27,0.31,0.36,0.46,0.55,1
6757,4,0.21,0.24,0.26,0.31,0.36,1
6758,4,0.13,0.17,0.22,0.28,0.34,1
6759,5,0.2,0.21,0.22,0.27,0.32,1
6760,5,0.11,0.15,0.19,0.25,0.31,1
6761,5,0.15,0.17,0.2,0.24,0.3,1
6762,4,0.14,0.17,0.22,0.28,0.33,1
6763,5,0.12,0.15,0.21,0.25,0.29,2
6764,5,0.12,0.14,0.18,0.22,0.29,1
6765,3,0.22,0.25,0.29,0.32,0.37,1
6766,4,0.16,0.21,0.24,0.31,0.36,1
6767,4,0.16,0.18,0.22,0.31,0.35,1
6768,4,0.16,0.21,0.26,0.3,0.34,1
6769,4,0.17,0.19,0.22,0.29,0.35,1
6770,4,0.15,0.2,0.25,0.31,0.38,1
6771,1,0.3,0.34,0.4,0.47,0.5,1
6772,5,0.16,0.19,0.23,0.25,0.3,1
6773,5,0.12,0.15,0.19,0.23,0.29,1
6774,3,0.17,0.22,0.29,0.34,0.37,1
6775,1,0.28,0.33,0.36,0.41,0.47,1
6776,3,0.21,0.24,0.3,0.34,0.38,1
6777,1,0.29,0.33,0.37,0.39,0.44,1
6778,5,0.12,0.16,0.2,0.24,0.3,1
6779,4,0.15,0.19,0.24,0.28,0.37,1
6780,3,0.23,0.28,0.31,0.32,0.39,1
6781,4,0.14,0.19,0.23,0.29,0.32,1
6782,3,0.23,0.25,0.29,0.33,0.39,1
6783,4,0.21,0.24,0.25,0.31,0.39,1
6784,1,0.3,0.35,0.4,0.45,0.51,1
6785,1,0.31,0.35,0.39,0.43,0.48,1
6786,5,0.17,0.19,0.23,0.26,0.3,1
6787,3,0.19,0.23,0.28,0.34,0.39,1
6788,5,0.15,0.17,0.2,0.25,0.28,1
6789,2,0.29,0.3,0.37,0.44,0.48,1
6790,1,0.31,0.37,0.46,0.54,0.6,1
6791,1,0.32,0.36,0.41,0.47,0.52,1
6792,2,0.24,0.28,0.34,0.38,0.42,2
6793,5,0.17,0.21,0.23,0.27,0.3,1
6794,2,0.25,0.32,0.36,0.4,0.44,1
6795,5,0.12,0.16,0.19,0.26,0.31,1
6796,5,0.12,0.16,0.22,0.26,0.3,1
6797,3,0.18,0.22,0.29,0.35,0.41,1
6798,2,0.27,0.29,0.35,0.4,0.46,1
6799,4,0.16,0.2,0.25,0.31,0.34,1
6800,3,0.21,0.27,0.3,0.38,0.41,1
6801,5,0.07,0.11,0.16,0.22,0.28,1
6802,2,0.24,0.29,0.35,0.38,0.43,1
6803,5,0.13,0.15,0.19,0.24,0.29,1
6804,5,0.15,0.17,0.22,0.27,0.32,1
6805,1,0.32,0.38,0.48,0.56,0.61,1
6806,2,0.26,0.3,0.32,0.38,0.44,1
6807,1,0.29,0.31,0.37,0.42,0.49,1
6808,3,0.21,0.27,0.31,0.35,0.42,1
6809,5,0.14,0.17,0.2,0.23,0.29,1
6810,5,0.15,0.18,0.22,0.26,0.29,1
6811,5,0.15,0.18,0.2,0.25,0.31,1
6812,2,0.28,0.3,0.34,0.37,0.45,1
6813,1,0.32,0.36,0.42,0.5,0.57,2
6814,5,0.13,0.17,0.2,0.25,0.31,2
6815,5,0.15,0.16,0.19,0.25,0.31,1
6816,2,0.23,0.3,0.36,0.39,0.44,1
6817,2,0.25,0.32,0.35,0.39,0.44,1
6818,2,0.23,0.3,0.34,0.43,0.48,1
6819,1,0.3,0.33,0.42,0.48,0.54,1
6820,3,0.22,0.27,0.3,0.36,0.45,1
6821,4,0.17,0.22,0.26,0.32,0.36,1
6822,3,0.18,0.25,0.3,0.35,0.4,1
6823,5,0.14,0.18,0.2,0.26,0.32,1
6824,3,0.22,0.26,0.32,0.38,0.43,3
6825,2,0.24,0.3,0.37,0.44,0.53,3
6826,5,0.16,0.18,0.23,0.27,0.28,1
6827,1,0.32,0.38,0.43,0.49,0.56,1
6828,4,0.18,0.21,0.26,0.31,0.39,1
6829,1,0.32,0.38,0.42,0.47,0.52,1
6830,1,0.29,0.34,0.41,0.48,0.53,1
6831,1,0.3,0.37,0.42,0.47,0.52,1
6832,3,0.23,0.24,0.31,0.36,0.41,1
6833,3,0.21,0.26,0.32,0.38,0.46,1
6834,5,0.13,0.15,0.18,0.22,0.29,1
6835,2,0.22,0.28,0.33,0.4,0.44,1
6836,5,0.12,0.15,0.2,0.28,0.31,1
6837,3,0.21,0.27,0.32,0.38,0.4,1
6838,2,0.24,0.29,0.35,0.41,0.43,1
6839,2,0.25,0.29,0.33,0.42,0.46,1
6840,1,0.29,0.36,0.43,0.47,0.51,1
6841,5,0.14,0.17,0.21,0.27,0.3,1
6842,1,0.32,0.35,0.45,0.52,0.6,1
6843,3,0.2,0.26,0.3,0.35,0.42,1
6844,5,0.16,0.18,0.21,0.25,0.3,1
6845,3,0.21,0.27,0.31,0.36,0.41,1
6846,5,0.1,0.13,0.18,0.24,0.32,1
6847,3,0.18,0.23,0.3,0.33,0.37,1
6848,3,0.21,0.26,0.3,0.36,0.41,1
6849,5,0.13,0.17,0.2,0.24,0.31,1
6850,3,0.19,0.24,0.28,0.34,0.44,1
6851,5,0.13,0.17,0.22,0.24,0.28,1
6852,5,0.11,0.14,0.17,0.21,0.28,1
6853,2,0.25,0.31,0.35,0.37,0.39,1
6854,5,0.13,0.16,0.22,0.25,0.3,1
6855,3,0.22,0.26,0.32,0.39,0.44,1
6856,4,0.17,0.21,0.25,0.29,0.35,1
6857,4,0.15,0.18,0.23,0.29,0.31,1
6858,5,0.11,0.13,0.16,0.21,0.28,1
6859,4,0.15,0.18,0.23,0.28,0.32,1
6860,2,0.26,0.3,0.34,0.39,0.44,1
6861,4,0.13,0.17,0.23,0.28,0.35,1
6862,2,0.24,0.3,0.35,0.41,0.46,1
6863,3,0.2,0.24,0.29,0.37,0.44,1
6864,4,0.17,0.22,0.25,0.32,0.35,1
6865,1,0.31,0.35,0.36,0.42,0.48,1
6866,1,0.3,0.38,0.42,0.48,0.54,1
6867,4,0.18,0.22,0.27,0.32,0.38,1
6868,4,0.12,0.17,0.24,0.3,0.35,1
6869,2,0.27,0.3,0.35,0.41,0.5,2
6870,4,0.16,0.21,0.25,0.3,0.36,1
6871,2,0.24,0.32,0.38,0.44,0.47,2
6872,4,0.16,0.2,0.24,0.29,0.33,1
6873,1,0.28,0.34,0.37,0.42,0.48,1
6874,4,0.15,0.2,0.23,0.29,0.34,1
6875,4,0.14,0.2,0.25,0.31,0.37,1
6876,5,0.11,0.17,0.22,0.24,0.32,1
6877,1,0.3,0.35,0.4,0.45,0.51,1
6878,4,0.18,0.22,0.23,0.3,0.34,1
6879,3,0.21,0.23,0.29,0.32,0.38,1
6880,2,0.24,0.31,0.36,0.42,0.46,2
6881,3,0.18,0.24,0.32,0.37,0.4,3
6882,4,0.18,0.23,0.26,0.29,0.34,1
6883,2,0.27,0.31,0.34,0.4,0.46,1
6884,2,0.25,0.28,0.32,0.38,0.43,1
6885,4,0.15,0.21,0.26,0.31,0.39,1
6886,2,0.26,0.31,0.37,0.44,0.52,1
6887,1,0.29,0.33,0.4,0.44,0.49,1
6888,5,0.15,0.18,0.22,0.25,0.28,1
6889,1,0.32,0.35,0.41,0.47,0.49,1
6890,3,0.19,0.25,0.31,0.36,0.45,1
6891,5,0.16,0.17,0.21,0.28,0.31,1
6892,3,0.23,0.26,0.3,0.33,0.35,1
6893,1,0.3,0.37,0.45,0.5,0.55,1
6894,4,0.2,0.24,0.27,0.3,0.37,1
6895,2,0.25,0.28,0.34,0.38,0.44,1
6896,5,0.12,0.15,0.2,0.24,0.31,1
6897,2,0.26,0.3,0.32,0.38,0.47,1
6898,3,0.24,0.26,0.3,0.36,0.42,1
6899,4,0.17,0.2,0.25,0.3,0.36,1
6900,4,0.2,0.24,0.26,0.3,0.36,1
6901,5,0.13,0.17,0.21,0.24,0.29,1
6902,5,0.13,0.15,0.18,0.25,0.28,2
6903,4,0.15,0.19,0.24,0.31,0.37,1
6904,1,0.32,0.37,0.41,0.49,0.54,2
6905,5,0.14,0.17,0.19,0.24,0.3,1
6906,5,0.11,0.15,0.2,0.25,0.3,1
6907,5,0.14,0.16,0.2,0.24,0.29,1
6908,2,0.25,0.28,0.33,0.37,0.4,1
6909,2,0.23,0.31,0.35,0.41,0.46,1
6910,4,0.16,0.2,0.27,0.32,0.37,1
6911,2,0.25,0.29,0.31,0.34,0.39,1
6912,4,0.15,0.17,0.23,0.28,0.35,4
6913,5,0.13,0.17,0.2,0.24,0.28,1
6914,4,0.19,0.22,0.25,0.31,0.38,1
6915,3,0.2,0.23,0.28,0.34,0.38,1
6916,5,0.12,0.16,0.19,0.26,0.29,1
6917,2,0.27,0.32,0.39,0.48,0.56,1
6918,5,0.16,0.18,0.22,0.26,0.32,1
6919,2,0.23,0.28,0.35,0.41,0.48,1
6920,2,0.22,0.3,0.35,0.41,0.44,1
6921,4,0.2,0.23,0.27,0.29,0.34,3
6922,2,0.26,0.3,0.36,0.42,0.48,1
6923,3,0.19,0.23,0.28,0.33,0.39,1
6924,2,0.24,0.28,0.33,0.35,0.42,1
6925,3,0.18,0.24,0.29,0.35,0.43,1
6926,1,0.29,0.34,0.41,0.47,0.49,1
6927,3,0.2,0.25,0.31,0.35,0.38,2
6928,5,0.14,0.17,0.22,0.28,0.29,2
6929,4,0.18,0.21,0.26,0.31,0.37,1
6930,4,0.18,0.2,0.24,0.29,0.35,2
6931,3,0.2,0.25,0.3,0.35,0.4,1
6932,1,0.3,0.35,0.39,0.42,0.49,1
6933,3,0.19,0.24,0.29,0.33,0.38,1
6934,4,0.19,0.21,0.26,0.3,0.37,1
6935,1,0.28,0.33,0.35,0.43,0.46,1
6936,1,0.29,0.36,0.38,0.45,0.52,1
6937,3,0.18,0.22,0.29,0.33,0.38,1
6938,3,0.21,0.24,0.32,0.41,0.47,1
6939,2,0.26,0.3,0.35,0.4,0.44,1
6940,3,0.18,0.22,0.28,0.33,0.38,1
6941,4,0.17,0.19,0.25,0.31,0.35,1
6942,1,0.3,0.37,0.41,0.48,0.55,1
6943,2,0.23,0.28,0.33,0.39,0.44,1
6944,2,0.24,0.32,0.38,0.45,0.5,1
6945,5,0.15,0.17,0.2,0.25,0.32,1
6946,5,0.14,0.15,0.18,0.24,0.32,3
6947,3,0.22,0.26,0.3,0.33,0.36,1
6948,2,0.26,0.31,0.35,0.42,0.47,1
6949,1,0.31,0.34,0.39,0.44,0.52,1
6950,2,0.27,0.31,0.35,0.41,0.46,1
6951,2,0.25,0.28,0.35,0.4,0.47,1
6952,3,0.19,0.26,0.31,0.37,0.42,1
6953,4,0.16,0.18,0.22,0.29,0.32,1
6954,4,0.2,0.24,0.25,0.32,0.37,1
6955,2,0.27,0.3,0.32,0.36,0.42,2
6956,5,0.12,0.16,0.2,0.25,0.29,1
6957,1,0.28,0.35,0.41,0.47,0.53,1
6958,5,0.1,0.13,0.16,0.2,0.28,1
6959,2,0.26,0.3,0.33,0.38,0.43,1
6960,5,0.1,0.13,0.17,0.21,0.28,1
6961,5,0.12,0.16,0.21,0.24,0.28,1
6962,3,0.18,0.25,0.3,0.33,0.37,1
6963,4,0.18,0.23,0.27,0.32,0.38,1
6964,4,0.14,0.17,0.22,0.3,0.36,1
6965,3,0.18,0.22,0.28,0.35,0.36,1
6966,1,0.28,0.34,0.4,0.45,0.49,1
6967,2,0.25,0.32,0.36,0.41,0.46,1
6968,2,0.23,0.29,0.32,0.38,0.42,1
6969,1,0.28,0.32,0.36,0.41,0.46,1
6970,1,0.29,0.33,0.38,0.48,0.51,1
6971,3,0.19,0.23,0.28,0.33,0.38,1
6972,1,0.29,0.32,0.39,0.43,0.52,1
6973,5,0.18,0.21,0.23,0.26,0.29,1
6974,1,0.3,0.36,0.42,0.5,0.57,1
6975,3,0.24,0.27,0.31,0.38,0.42,1
6976,1,0.3,0.36,0.41,0.46,0.51,1
6977,1,0.28,0.34,0.38,0.45,0.52,1
6978,4,0.12,0.17,0.23,0.29,0.32,1
6979,1,0.3,0.37,0.41,0.47,0.49,1
6980,3,0.22,0.25,0.29,0.34,0.39,1
6981,1,0.29,0.37,0.43,0.48,0.52,1
6982,5,0.15,0.2,0.24,0.27,0.31,1
6983,3,0.21,0.26,0.3,0.39,0.43,1
6984,5,0.17,0.19,0.23,0.26,0.3,1
6985,5,0.16,0.18,0.23,0.24,0.31,1
6986,5,0.14,0.16,0.2,0.25,0.3,1
6987,1,0.3,0.37,0.42,0.49,0.51,1
6988,2,0.22,0.28,0.33,0.38,0.44,2
6989,3,0.17,0.23,0.28,0.33,0.38,1
6990,2,0.24,0.3,0.38,0.45,0.53,1
6991,3,0.23,0.27,0.31,0.35,0.4,1
6992,4,0.19,0.22,0.26,0.32,0.35,1
6993,3,0.18,0.24,0.3,0.34,0.38,1
6994,1,0.29,0.36,0.41,0.44,0.47,1
6995,4,0.14,0.19,0.23,0.28,0.34,2
6996,5,0.14,0.19,0.23,0.28,0.3,1
6997,3,0.19,0.23,0.29,0.36,0.47,1
6998,2,0.25,0.29,0.37,0.43,0.48,1
6999,1,0.3,0.35,0.42,0.48,0.54,1
7000,1,0.3,0.32,0.36,0.42,0.5,1
7001,4,0.18,0.21,0.26,0.31,0.35,1
7002,1,0.3,0.35,0.42,0.49,0.56,1
7003,2,0.25,0.3,0.36,0.42,0.49,1
7004,3,0.21,0.27,0.32,0.35,0.41,2
7005,5,0.1,0.13,0.17,0.23,0.29,2
7006,5,0.16,0.2,0.23,0.24,0.29,1
7007,1,0.3,0.33,0.38,0.41,0.47,1
7008,5,0.13,0.16,0.2,0.25,0.3,1
7009,5,0.13,0.15,0.19,0.25,0.31,1
7010,5,0.14,0.16,0.2,0.26,0.28,1
7011,3,0.25,0.28,0.3,0.36,0.42,3
7012,4,0.17,0.23,0.26,0.31,0.34,1
7013,1,0.29,0.34,0.39,0.48,0.55,1
7014,5,0.12,0.17,0.19,0.23,0.29,1
7015,3,0.2,0.26,0.32,0.36,0.4,1
7016,4,0.18,0.22,0.25,0.28,0.33,1
7017,3,0.21,0.25,0.3,0.37,0.44,1
7018,1,0.32,0.39,0.47,0.48,0.55,1
7019,3,0.22,0.26,0.32,0.42,0.46,1
7020,1,0.31,0.36,0.41,0.47,0.51,1
7021,1,0.3,0.34,0.38,0.42,0.48,1
7022,4,0.17,0.22,0.25,0.28,0.34,1
7023,4,0.17,0.2,0.25,0.29,0.33,1
7024,4,0.14,0.18,0.21,0.29,0.37,1
7025,4,0.16,0.18,0.22,0.29,0.32,1
7026,1,0.31,0.34,0.4,0.48,0.53,1
7027,2,0.27,0.31,0.38,0.41,0.45,1
7028,2,0.26,0.3,0.36,0.44,0.52,1
7029,5,0.18,0.21,0.24,0.26,0.3,1
7030,4,0.18,0.2,0.25,0.3,0.34,1
7031,2,0.25,0.3,0.36,0.4,0.45,1
7032,1,0.29,0.31,0.35,0.38,0.46,1
7033,2,0.26,0.31,0.35,0.41,0.42,1
7034,2,0.24,0.31,0.37,0.44,0.5,1
7035,1,0.3,0.35,0.41,0.47,0.51,1
7036,5,0.14,0.16,0.18,0.24,0.3,1
7037,4,0.15,0.19,0.25,0.28,0.34,1
7038,5,0.12,0.15,0.21,0.24,0.31,1
7039,4,0.18,0.21,0.24,0.3,0.33,1
7040,5,0.15,0.2,0.21,0.26,0.31,1
7041,2,0.24,0.29,0.33,0.38,0.45,1
7042,3,0.2,0.26,0.32,0.36,0.41,1
7043,4,0.18,0.23,0.28,0.3,0.34,3
7044,3,0.19,0.25,0.29,0.31,0.37,1
7045,5,0.12,0.16,0.2,0.26,0.32,1
7046,2,0.25,0.31,0.36,0.43,0.46,1
7047,1,0.32,0.37,0.41,0.46,0.53,1
7048,5,0.15,0.19,0.24,0.27,0.32,1
7049,2,0.24,0.29,0.31,0.4,0.47,1
7050,2,0.26,0.28,0.35,0.4,0.45,1
7051,3,0.21,0.27,0.31,0.36,0.42,1
7052,2,0.22,0.28,0.35,0.37,0.42,1
7053,5,0.12,0.15,0.21,0.26,0.29,1
7054,4,0.14,0.17,0.22,0.29,0.34,1
7055,2,0.24,0.32,0.36,0.42,0.47,3
7056,1,0.3,0.37,0.41,0.47,0.52,1
7057,4,0.16,0.18,0.24,0.29,0.32,2
7058,5,0.16,0.2,0.21,0.25,0.3,1
7059,3,0.19,0.22,0.29,0.36,0.39,2
7060,2,0.23,0.28,0.34,0.43,0.47,1
7061,1,0.32,0.36,0.41,0.46,0.5,1
7062,3,0.18,0.25,0.3,0.31,0.37,1
7063,4,0.14,0.18,0.22,0.28,0.33,1
7064,3,0.21,0.25,0.29,0.38,0.41,2
7065,1,0.32,0.36,0.43,0.51,0.57,1
7066,3,0.2,0.24,0.29,0.35,0.39,1
7067,2,0.26,0.32,0.34,0.39,0.47,1
7068,5,0.13,0.16,0.19,0.24,0.3,1
7069,3,0.19,0.25,0.29,0.33,0.39,1
7070,1,0.32,0.35,0.38,0.43,0.5,1
7071,1,0.31,0.33,0.4,0.43,0.46,1
7072,2,0.24,0.32,0.36,0.4,0.44,1
7073,4,0.16,0.21,0.24,0.31,0.36,2
7074,3,0.25,0.28,0.31,0.34,0.43,2
7075,4,0.16,0.21,0.24,0.3,0.35,1
7076,5,0.15,0.17,0.19,0.23,0.3,1
7077,1,0.29,0.32,0.4,0.46,0.54,1
7078,5,0.12,0.16,0.19,0.22,0.29,1
7079,4,0.14,0.17,0.22,0.29,0.33,1
7080,4,0.16,0.21,0.25,0.3,0.34,1
7081,2,0.24,0.32,0.35,0.42,0.46,2
7082,1,0.29,0.36,0.4,0.47,0.56,1
7083,2,0.24,0.3,0.38,0.42,0.49,1
7084,2,0.24,0.28,0.33,0.38,0.43,1
7085,5,0.09,0.12,0.15,0.21,0.29,1
7086,4,0.14,0.19,0.24,0.29,0.33,2
7087,1,0.28,0.32,0.37,0.42,0.48,1
7088,5,0.13,0.15,0.19,0.24,0.28,1
7089,2,0.24,0.29,0.34,0.38,0.42,1
7090,2,0.26,0.3,0.31,0.34,0.42,1
7091,2,0.25,0.31,0.36,0.43,0.5,1
7092,4,0.13,0.17,0.22,0.3,0.35,1
7093,4,0.17,0.21,0.24,0.28,0.32,2
7094,2,0.24,0.28,0.32,0.39,0.47,1
7095,5,0.13,0.17,0.18,0.23,0.28,1
7096,4,0.13,0.17,0.22,0.28,0.34,1
7097,1,0.32,0.38,0.45,0.48,0.56,1
7098,2,0.26,0.32,0.38,0.43,0.48,1
7099,3,0.19,0.23,0.28,0.33,0.38,1
7100,1,0.3,0.36,0.38,0.39,0.41,1
7101,3,0.18,0.24,0.29,0.33,0.38,1
7102,1,0.3,0.37,0.42,0.47,0.51,1
7103,2,0.25,0.29,0.32,0.4,0.45,1
7104,4,0.15,0.21,0.25,0.28,0.36,1
7105,3,0.18,0.23,0.29,0.35,0.42,1
7106,5,0.11,0.13,0.16,0.21,0.29,1
7107,2,0.25,0.31,0.35,0.41,0.46,1
7108,2,0.27,0.3,0.38,0.4,0.48,1
7109,4,0.17,0.2,0.25,0.3,0.35,2
7110,3,0.22,0.25,0.29,0.36,0.42,1
7111,4,0.15,0.2,0.25,0.31,0.35,1
7112,2,0.28,0.31,0.35,0.38,0.47,2
7113,4,0.19,0.23,0.26,0.32,0.37,1
7114,3,0.25,0.29,0.3,0.34,0.38,1
7115,1,0.3,0.36,0.41,0.44,0.5,2
7116,4,0.15,0.19,0.23,0.28,0.35,1
7117,1,0.32,0.39,0.41,0.47,0.52,1
7118,2,0.24,0.3,0.35,0.4,0.48,1
7119,2,0.26,0.32,0.35,0.4,0.47,1
7120,5,0.12,0.16,0.21,0.26,0.31,1
7121,5,0.13,0.16,0.2,0.24,0.31,1
7122,3,0.2,0.24,0.3,0.33,0.41,1
7123,2,0.24,0.3,0.37,0.42,0.47,1
7124,3,0.18,0.24,0.29,0.35,0.39,1
7125,3,0.21,0.25,0.32,0.34,0.39,1
7126,4,0.13,0.19,0.23,0.28,0.32,1
7127,2,0.23,0.29,0.34,0.39,0.46,1
7128,3,0.23,0.25,0.32,0.38,0.46,1
7129,5,0.14,0.19,0.24,0.26,0.29,1
7130,3,0.2,0.24,0.29,0.33,0.37,1
7131,3,0.23,0.27,0.31,0.37,0.45,1
7132,5,0.13,0.15,0.19,0.22,0.28,1
7133,1,0.31,0.37,0.45,0.49,0.56,1
7134,3,0.19,0.23,0.29,0.34,0.4,1
7135,4,0.2,0.24,0.27,0.31,0.39,1
7136,3,0.2,0.27,0.32,0.39,0.44,1
7137,1,0.28,0.32,0.37,0.45,0.5,1
7138,3,0.18,0.26,0.29,0.32,0.37,1
7139,2,0.26,0.29,0.34,0.39,0.44,1
7140,4,0.16,0.2,0.27,0.31,0.35,1
7141,2,0.24,0.28,0.34,0.39,0.4,1
7142,4,0.13,0.18,0.24,0.31,0.38,1
7143,1,0.29,0.33,0.37,0.43,0.47,1
7144,2,0.22,0.29,0.36,0.41,0.46,1
7145,3,0.26,0.27,0.32,0.34,0.4,1
7146,3,0.24,0.27,0.32,0.39,0.46,1
7147,1,0.32,0.38,0.44,0.48,0.57,1
7148,3,0.21,0.25,0.32,0.35,0.39,1
7149,1,0.28,0.33,0.38,0.42,0.49,1
7150,1,0.29,0.35,0.39,0.42,0.48,1
7151,2,0.27,0.32,0.36,0.42,0.47,1
7152,2,0.24,0.29,0.38,0.46,0.52,1
7153,2,0.27,0.3,0.36,0.4,0.47,2
7154,1,0.32,0.37,0.41,0.42,0.48,1
7155,4,0.15,0.2,0.25,0.28,0.33,1
7156,4,0.15,0.19,0.24,0.31,0.37,1
7157,1,0.28,0.33,0.39,0.46,0.53,1
7158,3,0.2,0.25,0.29,0.35,0.43,1
7159,5,0.13,0.17,0.2,0.24,0.31,1
7160,3,0.22,0.26,0.31,0.34,0.38,1
7161,5,0.14,0.18,0.23,0.26,0.32,1
7162,5,0.15,0.18,0.22,0.25,0.32,2
7163,2,0.27,0.31,0.36,0.4,0.46,1
7164,3,0.17,0.23,0.28,0.34,0.39,1
7165,2,0.29,0.3,0.38,0.43,0.48,1
7166,2,0.24,0.28,0.32,0.35,0.4,1
7167,5,0.13,0.17,0.2,0.25,0.28,1
7168,2,0.25,0.31,0.37,0.41,0.45,1
7169,2,0.26,0.3,0.34,0.41,0.47,1
7170,3,0.23,0.27,0.32,0.37,0.4,1
7171,2,0.27,0.32,0.39,0.42,0.5,1
7172,3,0.21,0.24,0.31,0.37,0.46,1
7173,1,0.3,0.35,0.41,0.46,0.55,1
7174,5,0.15,0.18,0.2,0.27,0.29,1
7175,5,0.14,0.18,0.19,0.24,0.28,2
7176,4,0.17,0.22,0.25,0.3,0.32,1
7177,4,0.18,0.2,0.26,0.3,0.36,1
7178,4,0.18,0.24,0.27,0.3,0.35,1
7179,2,0.25,0.29,0.34,0.35,0.4,1
7180,2,0.24,0.3,0.33,0.4,0.46,2
7181,1,0.28,0.32,0.38,0.44,0.48,1
7182,2,0.25,0.3,0.36,0.38,0.43,1
7183,1,0.29,0.31,0.38,0.4,0.45,2
7184,2,0.22,0.29,0.37,0.41,0.46,1
7185,5,0.15,0.17,0.21,0.25,0.3,1
7186,5,0.16,0.2,0.22,0.26,0.3,2
7187,2,0.23,0.29,0.35,0.41,0.51,2
7188,3,0.21,0.28,0.31,0.33,0.38,2
7189,4,0.16,0.19,0.23,0.3,0.34,1
7190,3,0.21,0.27,0.32,0.4,0.45,1
7191,2,0.26,0.29,0.36,0.4,0.49,1
7192,3,0.21,0.27,0.31,0.38,0.42,1
7193,1,0.32,0.39,0.43,0.51,0.56,1
7194,5,0.12,0.16,0.21,0.26,0.29,1
7195,2,0.23,0.28,0.32,0.35,0.42,1
7196,3,0.23,0.27,0.32,0.37,0.44,1
7197,5,0.13,0.14,0.18,0.24,0.29,1
7198,2,0.26,0.29,0.36,0.44,0.47,1
7199,2,0.27,0.32,0.36,0.43,0.49,1
7200,1,0.3,0.34,0.42,0.44,0.53,1
7201,1,0.29,0.34,0.41,0.45,0.5,1
7202,5,0.15,0.18,0.22,0.26,0.31,1
7203,3,0.2,0.26,0.32,0.36,0.47,1
7204,4,0.17,0.18,0.23,0.3,0.32,1
7205,3,0.21,0.25,0.28,0.33,0.39,2
7206,4,0.13,0.16,0.2,0.28,0.33,1
7207,2,0.26,0.3,0.33,0.36,0.42,1
7208,4,0.2,0.23,0.26,0.32,0.39,1
7209,4,0.16,0.2,0.22,0.29,0.34,1
7210,1,0.31,0.38,0.44,0.49,0.55,1
7211,2,0.21,0.29,0.38,0.43,0.48,1
7212,3,0.2,0.27,0.3,0.35,0.39,1
7213,4,0.18,0.21,0.24,0.3,0.35,2
7214,2,0.24,0.28,0.32,0.38,0.42,1
7215,2,0.23,0.3,0.36,0.41,0.5,1
7216,2,0.26,0.31,0.37,0.42,0.45,1
7217,1,0.29,0.35,0.37,0.42,0.5,1
7218,4,0.15,0.17,0.23,0.29,0.35,1
7219,3,0.2,0.24,0.32,0.36,0.41,1
7220,3,0.18,0.25,0.28,0.35,0.42,1
7221,3,0.2,0.22,0.28,0.33,0.39,1
7222,3,0.22,0.26,0.31,0.37,0.41,1
7223,5,0.16,0.18,0.22,0.26,0.32,1
7224,1,0.32,0.39,0.44,0.48,0.52,1
7225,4,0.13,0.17,0.24,0.29,0.34,1
7226,3,0.21,0.25,0.29,0.35,0.37,2
7227,5,0.12,0.16,0.19,0.25,0.31,1
7228,2,0.23,0.28,0.32,0.36,0.41,1
7229,3,0.24,0.26,0.29,0.37,0.42,1
7230,4,0.13,0.17,0.22,0.28,0.32,1
7231,1,0.32,0.38,0.42,0.49,0.53,1
7232,5,0.12,0.15,0.18,0.22,0.29,1
7233,2,0.22,0.28,0.32,0.37,0.43,2
7234,2,0.23,0.3,0.36,0.42,0.49,2
7235,5,0.11,0.14,0.18,0.23,0.3,1
7236,4,0.16,0.2,0.24,0.29,0.34,1
7237,1,0.28,0.34,0.38,0.44,0.47,1
7238,2,0.24,0.31,0.33,0.38,0.39,1
7239,5,0.14,0.17,0.2,0.25,0.31,1
7240,2,0.22,0.29,0.33,0.38,0.48,1
7241,4,0.16,0.21,0.24,0.31,0.36,1
7242,1,0.29,0.35,0.4,0.48,0.54,1
7243,1,0.29,0.32,0.37,0.41,0.47,1
7244,5,0.16,0.2,0.23,0.26,0.3,1
7245,4,0.18,0.22,0.27,0.29,0.33,1
7246,4,0.2,0.23,0.26,0.31,0.35,1
7247,5,0.13,0.17,0.2,0.26,0.28,1
7248,5,0.16,0.19,0.22,0.27,0.31,1
7249,3,0.18,0.22,0.28,0.33,0.39,1
7250,1,0.3,0.35,0.41,0.45,0.5,2
7251,5,0.13,0.15,0.19,0.25,0.3,1
7252,3,0.22,0.28,0.31,0.36,0.44,1
7253,4,0.16,0.17,0.21,0.28,0.36,1
7254,5,0.19,0.22,0.24,0.27,0.3,1
7255,5,0.18,0.19,0.21,0.25,0.29,1
7256,1,0.32,0.37,0.42,0.45,0.52,1
7257,5,0.16,0.2,0.22,0.26,0.32,1
7258,1,0.31,0.38,0.45,0.5,0.55,1
7259,4,0.17,0.22,0.24,0.31,0.37,1
7260,4,0.18,0.23,0.27,0.31,0.35,1
7261,5,0.17,0.18,0.19,0.25,0.32,1
7262,1,0.29,0.35,0.37,0.43,0.48,1
7263,1,0.3,0.35,0.38,0.47,0.54,1
7264,3,0.2,0.25,0.31,0.33,0.4,1
7265,1,0.3,0.36,0.4,0.44,0.52,1
7266,3,0.17,0.2,0.28,0.34,0.41,1
7267,5,0.12,0.16,0.2,0.25,0.29,1
7268,4,0.15,0.19,0.24,0.28,0.34,1
7269,3,0.16,0.24,0.29,0.36,0.42,1
7270,3,0.18,0.22,0.28,0.34,0.38,1
7271,5,0.13,0.16,0.21,0.27,0.3,1
7272,2,0.24,0.31,0.32,0.39,0.43,1
7273,3,0.2,0.24,0.32,0.36,0.41,1
7274,3,0.19,0.23,0.29,0.34,0.41,1
7275,2,0.26,0.3,0.34,0.39,0.45,1
7276,3,0.21,0.25,0.31,0.38,0.44,1
7277,5,0.14,0.17,0.22,0.26,0.3,1
7278,2,0.25,0.29,0.35,0.4,0.45,1
7279,3,0.2,0.24,0.32,0.35,0.41,1
7280,2,0.23,0.3,0.35,0.43,0.49,1
7281,2,0.25,0.31,0.37,0.43,0.51,1
7282,5,0.12,0.16,0.19,0.23,0.3,1
7283,1,0.29,0.33,0.35,0.4,0.45,1
7284,2,0.26,0.32,0.39,0.42,0.48,1
7285,3,0.17,0.22,0.28,0.33,0.38,1
7286,2,0.26,0.29,0.36,0.41,0.45,1
7287,3,0.22,0.28,0.3,0.37,0.41,1
7288,3,0.18,0.22,0.3,0.37,0.41,1
7289,4,0.16,0.19,0.25,0.29,0.34,1
7290,3,0.19,0.26,0.28,0.35,0.41,1
7291,2,0.27,0.32,0.39,0.48,0.52,1
7292,1,0.28,0.32,0.37,0.39,0.46,1
7293,4,0.16,0.21,0.25,0.3,0.36,1
7294,1,0.32,0.38,0.44,0.52,0.58,1
7295,5,0.15,0.17,0.2,0.26,0.31,1
7296,4,0.17,0.21,0.25,0.29,0.34,1
7297,4,0.13,0.16,0.23,0.28,0.34,1
7298,3,0.18,0.24,0.3,0.36,0.4,2
7299,3,0.18,0.23,0.28,0.35,0.41,1
7300,5,0.11,0.14,0.2,0.25,0.29,1
7301,2,0.28,0.3,0.33,0.4,0.47,1
7302,1,0.32,0.41,0.45,0.52,0.62,1
7303,5,0.13,0.14,0.18,0.23,0.28,1
7304,5,0.11,0.16,0.2,0.24,0.29,2
7305,2,0.25,0.29,0.32,0.37,0.41,1
7306,2,0.25,0.31,0.32,0.39,0.42,1
7307,3,0.21,0.26,0.32,0.37,0.47,1
7308,2,0.23,0.29,0.34,0.39,0.44,1
7309,2,0.2,0.28,0.33,0.39,0.45,1
7310,4,0.16,0.19,0.24,0.29,0.34,1
7311,3,0.2,0.25,0.3,0.35,0.42,1
7312,2,0.2,0.28,0.36,0.41,0.43,1
7313,1,0.3,0.35,0.41,0.49,0.54,1
7314,2,0.26,0.3,0.33,0.36,0.41,1
7315,2,0.27,0.32,0.37,0.44,0.49,1
7316,3,0.22,0.27,0.32,0.38,0.39,3
7317,4,0.16,0.2,0.24,0.29,0.36,1
7318,4,0.19,0.2,0.24,0.3,0.36,1
7319,3,0.18,0.23,0.29,0.36,0.41,1
7320,3,0.2,0.24,0.28,0.35,0.39,1
7321,5,0.15,0.18,0.22,0.26,0.28,1
7322,3,0.21,0.26,0.3,0.34,0.43,1
7323,1,0.31,0.34,0.41,0.49,0.56,1
7324,3,0.18,0.23,0.29,0.32,0.36,1
7325,5,0.15,0.16,0.2,0.24,0.3,1
7326,2,0.24,0.29,0.34,0.4,0.42,1
7327,5,0.13,0.15,0.17,0.22,0.28,1
7328,5,0.11,0.15,0.18,0.23,0.29,1
7329,5,0.13,0.16,0.2,0.26,0.31,1
7330,5,0.13,0.16,0.18,0.21,0.29,1
7331,5,0.13,0.17,0.2,0.24,0.3,1
7332,3,0.19,0.23,0.29,0.38,0.47,1
7333,3,0.19,0.23,0.3,0.38,0.43,2
7334,3,0.18,0.22,0.28,0.32,0.39,2
7335,5,0.13,0.16,0.19,0.25,0.31,1
7336,2,0.27,0.32,0.34,0.39,0.43,1
7337,5,0.16,0.18,0.21,0.25,0.3,1
7338,5,0.11,0.15,0.2,0.27,0.29,1
7339,5,0.15,0.2,0.21,0.25,0.3,1
7340,5,0.14,0.18,0.22,0.23,0.28,1
7341,4,0.2,0.24,0.26,0.31,0.38,2
7342,2,0.23,0.3,0.36,0.42,0.48,2
7343,5,0.11,0.14,0.2,0.23,0.28,1
7344,2,0.23,0.3,0.33,0.4,0.43,1
7345,2,0.27,0.31,0.39,0.44,0.48,1
7346,5,0.13,0.16,0.19,0.24,0.31,1
7347,2,0.24,0.3,0.34,0.39,0.46,1
7348,3,0.23,0.26,0.3,0.35,0.39,1
7349,3,0.21,0.27,0.3,0.36,0.4,1
7350,4,0.18,0.24,0.29,0.3,0.33,1
7351,3,0.2,0.27,0.32,0.36,0.44,1
7352,3,0.21,0.24,0.31,0.38,0.43,1
7353,4,0.17,0.21,0.25,0.31,0.37,1
7354,1,0.31,0.35,0.41,0.46,0.53,1
7355,5,0.14,0.17,0.21,0.25,0.31,1
7356,3,0.22,0.27,0.29,0.37,0.43,2
7357,2,0.25,0.28,0.34,0.4,0.44,1
7358,2,0.27,0.31,0.35,0.43,0.46,2
7359,4,0.16,0.2,0.25,0.31,0.38,1
7360,5,0.15,0.17,0.2,0.25,0.29,1
7361,5,0.11,0.16,0.22,0.27,0.3,1
7362,3,0.19,0.24,0.28,0.33,0.38,2
7363,3,0.21,0.25,0.32,0.37,0.42,1
7364,2,0.25,0.3,0.37,0.43,0.5,1
7365,1,0.31,0.36,0.39,0.46,0.51,2
7366,4,0.11,0.16,0.22,0.28,0.35,1
7367,2,0.25,0.3,0.34,0.4,0.45,1
7368,2,0.22,0.28,0.34,0.4,0.46,1
7369,4,0.16,0.2,0.23,0.3,0.35,1
7370,4,0.16,0.21,0.25,0.3,0.38,1
7371,1,0.3,0.35,0.44,0.52,0.59,1
7372,5,0.13,0.15,0.19,0.26,0.32,1
7373,2,0.25,0.29,0.35,0.41,0.46,1
7374,3,0.22,0.27,0.32,0.36,0.42,2
7375,3,0.21,0.25,0.3,0.35,0.44,1
7376,5,0.12,0.15,0.19,0.23,0.29,1
7377,2,0.27,0.32,0.39,0.43,0.47,1
7378,5,0.12,0.16,0.21,0.25,0.3,1
7379,1,0.31,0.37,0.43,0.49,0.58,1
7380,5,0.18,0.2,0.22,0.26,0.3,1
7381,3,0.22,0.24,0.29,0.36,0.41,1
7382,3,0.22,0.25,0.32,0.34,0.44,1
7383,1,0.28,0.34,0.39,0.43,0.51,1
7384,1,0.28,0.33,0.37,0.43,0.48,2
7385,4,0.15,0.17,0.26,0.31,0.35,1
7386,2,0.25,0.28,0.33,0.4,0.43,1
7387,4,0.17,0.21,0.27,0.31,0.34,1
7388,4,0.17,0.2,0.24,0.3,0.38,1
7389,1,0.28,0.35,0.4,0.43,0.49,1
7390,4,0.16,0.2,0.26,0.31,0.36,1
7391,3,0.24,0.27,0.32,0.37,0.45,1
7392,1,0.28,0.35,0.38,0.42,0.51,1
7393,3,0.18,0.24,0.3,0.36,0.39,2
7394,5,0.11,0.14,0.19,0.24,0.3,1
7395,5,0.15,0.16,0.19,0.25,0.3,1
7396,2,0.24,0.29,0.35,0.43,0.52,1
7397,2,0.26,0.28,0.33,0.39,0.44,1
7398,2,0.26,0.28,0.33,0.38,0.44,1
7399,5,0.14,0.16,0.21,0.25,0.29,1
7400,1,0.3,0.35,0.37,0.43,0.48,1
7401,4,0.14,0.17,0.23,0.29,0.34,1
7402,4,0.19,0.22,0.26,0.3,0.36,1
7403,4,0.2,0.22,0.26,0.31,0.36,1
7404,5,0.14,0.17,0.21,0.27,0.3,1
7405,5,0.19,0.23,0.26,0.27,0.31,1
7406,4,0.13,0.17,0.21,0.28,0.34,1
7407,1,0.32,0.37,0.46,0.56,0.61,1
7408,5,0.13,0.16,0.2,0.24,0.31,1
7409,2,0.24,0.31,0.35,0.41,0.46,1
7410,5,0.12,0.15,0.18,0.22,0.28,1
7411,4,0.15,0.19,0.25,0.32,0.35,1
7412,1,0.29,0.35,0.42,0.47,0.51,1
7413,3,0.2,0.22,0.28,0.36,0.39,2
7414,1,0.28,0.33,0.39,0.44,0.51,1
7415,1,0.28,0.32,0.37,0.39,0.43,1
7416,2,0.25,0.31,0.35,0.41,0.49,1
7417,5,0.15,0.2,0.21,0.25,0.29,1
7418,5,0.13,0.17,0.21,0.26,0.32,1
7419,4,0.16,0.19,0.23,0.29,0.36,1
7420,1,0.29,0.34,0.39,0.43,0.52,1
7421,3,0.18,0.24,0.29,0.34,0.4,1
7422,5,0.14,0.18,0.21,0.24,0.31,1
7423,4,0.16,0.2,0.26,0.29,0.31,1
7424,1,0.29,0.34,0.39,0.44,0.48,1
7425,5,0.11,0.15,0.17,0.23,0.29,1
7426,5,0.12,0.15,0.18,0.24,0.28,2
7427,4,0.13,0.17,0.22,0.28,0.36,1
7428,5,0.14,0.19,0.24,0.26,0.29,1
7429,1,0.3,0.36,0.44,0.48,0.5,2
7430,4,0.18,0.23,0.27,0.31,0.35,1
7431,3,0.22,0.27,0.29,0.34,0.36,1
7432,4,0.16,0.18,0.21,0.28,0.33,1
7433,5,0.14,0.18,0.23,0.27,0.32,1
7434,2,0.21,0.29,0.33,0.39,0.47,1
7435,1,0.28,0.33,0.39,0.44,0.48,1
7436,1,0.29,0.33,0.41,0.43,0.49,1
7437,3,0.2,0.25,0.32,0.36,0.39,1
7438,5,0.1,0.13,0.17,0.22,0.28,1
7439,5,0.15,0.17,0.2,0.24,0.3,1
7440,3,0.19,0.21,0.29,0.34,0.39,2
7441,4,0.19,0.24,0.26,0.3,0.37,1
7442,1,0.32,0.36,0.38,0.45,0.52,1
7443,5,0.12,0.14,0.18,0.23,0.3,1
7444,4,0.15,0.19,0.22,0.28,0.36,1
7445,1,0.29,0.34,0.4,0.43,0.49,1
7446,2,0.26,0.31,0.37,0.41,0.49,1
7447,5,0.12,0.14,0.19,0.26,0.3,1
7448,2,0.25,0.32,0.35,0.39,0.46,1
7449,5,0.13,0.16,0.2,0.28,0.31,1
7450,1,0.28,0.35,0.41,0.44,0.5,1
7451,2,0.25,0.32,0.37,0.42,0.47,1
7452,1,0.3,0.31,0.39,0.45,0.54,1
7453,3,0.23,0.26,0.31,0.37,0.42,1
7454,1,0.28,0.32,0.4,0.48,0.52,1
7455,1,0.31,0.36,0.4,0.47,0.54,1
7456,4,0.13,0.19,0.23,0.29,0.33,1
7457,3,0.24,0.27,0.3,0.36,0.42,2
7458,2,0.26,0.31,0.36,0.39,0.43,1
7459,2,0.23,0.29,0.31,0.36,0.42,1
7460,2,0.27,0.31,0.39,0.44,0.48,1
7461,4,0.19,0.25,0.28,0.31,0.38,1
7462,3,0.21,0.25,0.28,0.33,0.38,1
7463,1,0.28,0.34,0.39,0.42,0.47,1
7464,4,0.17,0.19,0.25,0.3,0.37,1
7465,2,0.25,0.3,0.36,0.39,0.46,1
7466,4,0.16,0.21,0.24,0.29,0.33,1
7467,4,0.16,0.2,0.25,0.31,0.35,1
7468,2,0.24,0.28,0.32,0.37,0.4,1
7469,1,0.3,0.37,0.42,0.49,0.57,1
7470,3,0.22,0.26,0.32,0.37,0.42,1
7471,4,0.21,0.22,0.27,0.32,0.33,1
7472,4,0.17,0.2,0.25,0.31,0.39,1
7473,5,0.12,0.17,0.19,0.26,0.3,1
7474,5,0.16,0.2,0.21,0.27,0.29,1
7475,2,0.22,0.28,0.34,0.38,0.42,1
7476,4,0.16,0.19,0.24,0.28,0.35,1
7477,3,0.19,0.23,0.29,0.35,0.4,1
7478,1,0.29,0.31,0.34,0.38,0.44,1
7479,2,0.21,0.28,0.33,0.39,0.43,1
7480,2,0.23,0.31,0.34,0.37,0.42,1
7481,2,0.21,0.29,0.34,0.37,0.4,1
7482,5,0.15,0.18,0.21,0.26,0.32,1
7483,3,0.19,0.24,0.3,0.35,0.39,1
7484,3,0.19,0.23,0.28,0.36,0.39,1
7485,2,0.26,0.31,0.38,0.45,0.5,1
7486,1,0.3,0.35,0.4,0.46,0.48,1
7487,1,0.31,0.35,0.4,0.45,0.53,1
7488,4,0.15,0.18,0.24,0.32,0.37,1
7489,2,0.26,0.32,0.37,0.43,0.47,1
7490,4,0.17,0.21,0.26,0.3,0.37,1
7491,4,0.17,0.19,0.23,0.31,0.37,1
7492,3,0.2,0.24,0.28,0.33,0.36,1
7493,3,0.19,0.23,0.29,0.35,0.41,3
7494,5,0.13,0.16,0.2,0.24,0.3,1
7495,2,0.27,0.31,0.36,0.39,0.43,1
7496,5,0.14,0.15,0.2,0.22,0.28,1
7497,3,0.2,0.24,0.3,0.34,0.38,2
7498,3,0.2,0.25,0.29,0.37,0.42,1
7499,2,0.24,0.29,0.31,0.34,0.39,1
7500,5,0.12,0.16,0.2,0.24,0.3,1
7501,5,0.14,0.16,0.22,0.26,0.3,1
7502,2,0.28,0.31,0.33,0.37,0.41,2
7503,1,0.32,0.37,0.41,0.43,0.47,1
7504,1,0.32,0.36,0.4,0.46,0.5,1
7505,2,0.24,0.3,0.34,0.43,0.48,1
7506,3,0.21,0.26,0.31,0.35,0.38,1
7507,1,0.31,0.41,0.43,0.46,0.51,1
7508,1,0.29,0.33,0.38,0.46,0.54,1
7509,4,0.17,0.21,0.26,0.32,0.37,1
7510,5,0.14,0.2,0.21,0.25,0.31,1
7511,1,0.3,0.34,0.39,0.43,0.49,1
7512,5,0.13,0.15,0.19,0.24,0.29,2
7513,1,0.3,0.33,0.4,0.45,0.52,1
7514,5,0.14,0.16,0.21,0.25,0.31,1
7515,5,0.13,0.14,0.19,0.23,0.28,2
7516,1,0.3,0.36,0.42,0.48,0.55,1
7517,5,0.13,0.16,0.21,0.24,0.31,2
7518,3,0.18,0.23,0.3,0.37,0.48,1
7519,4,0.17,0.22,0.27,0.32,0.38,1
7520,4,0.16,0.19,0.23,0.29,0.32,1
7521,4,0.19,0.23,0.26,0.29,0.34,1
7522,4,0.15,0.19,0.23,0.28,0.34,1
7523,2,0.26,0.3,0.35,0.39,0.46,1
7524,5,0.11,0.15,0.19,0.26,0.32,2
7525,4,0.23,0.26,0.28,0.31,0.34,1
7526,4,0.15,0.2,0.24,0.3,0.36,1
7527,5,0.14,0.18,0.22,0.27,0.31,1
7528,5,0.12,0.15,0.18,0.26,0.28,1
7529,1,0.28,0.32,0.39,0.45,0.5,1
7530,1,0.32,0.39,0.45,0.49,0.57,1
7531,3,0.17,0.23,0.29,0.31,0.35,1
7532,5,0.12,0.14,0.18,0.23,0.29,1
7533,4,0.18,0.22,0.26,0.32,0.37,1
7534,3,0.2,0.25,0.29,0.34,0.38,1
7535,3,0.23,0.27,0.3,0.35,0.41,1
7536,4,0.15,0.18,0.24,0.28,0.34,1
7537,5,0.16,0.17,0.21,0.26,0.31,1
7538,5,0.13,0.16,0.21,0.24,0.3,1
7539,5,0.12,0.14,0.19,0.26,0.29,1
7540,1,0.32,0.35,0.41,0.49,0.57,1
7541,4,0.15,0.18,0.25,0.32,0.37,1
7542,2,0.24,0.31,0.36,0.41,0.46,1
7543,5,0.16,0.19,0.24,0.27,0.29,1
7544,1,0.32,0.39,0.44,0.51,0.59,1
7545,3,0.21,0.26,0.32,0.39,0.45,1
7546,5,0.12,0.16,0.2,0.27,0.31,1
7547,3,0.2,0.25,0.3,0.33,0.37,1
7548,5,0.13,0.17,0.2,0.23,0.29,1
7549,1,0.31,0.36,0.42,0.5,0.56,1
7550,3,0.21,0.24,0.28,0.38,0.43,1
7551,3,0.2,0.25,0.3,0.36,0.39,1
7552,1,0.3,0.36,0.42,0.47,0.51,1
7553,1,0.32,0.37,0.44,0.52,0.61,1
7554,3,0.21,0.26,0.29,0.36,0.43,1
7555,5,0.12,0.13,0.18,0.2,0.28,1
7556,4,0.18,0.19,0.22,0.3,0.35,1
7557,4,0.19,0.23,0.26,0.3,0.34,1
7558,4,0.18,0.2,0.24,0.31,0.4,1
7559,3,0.22,0.25,0.3,0.34,0.37,1
7560,2,0.24,0.29,0.36,0.41,0.46,1
7561,1,0.29,0.36,0.41,0.47,0.52,1
7562,5,0.15,0.18,0.23,0.26,0.32,1
7563,5,0.13,0.17,0.2,0.25,0.28,1
7564,2,0.24,0.3,0.36,0.42,0.45,1
7565,5,0.12,0.15,0.18,0.25,0.31,1
7566,5,0.12,0.16,0.21,0.27,0.31,1
7567,4,0.18,0.21,0.25,0.3,0.36,1
7568,1,0.31,0.37,0.42,0.51,0.56,1
7569,1,0.32,0.41,0.47,0.5,0.54,1
7570,4,0.16,0.22,0.25,0.3,0.39,1
7571,3,0.19,0.24,0.3,0.35,0.39,1
7572,2,0.21,0.29,0.34,0.41,0.46,1
7573,3,0.21,0.24,0.29,0.37,0.46,1
7574,1,0.28,0.32,0.36,0.42,0.45,1
7575,3,0.2,0.25,0.32,0.38,0.41,1
7576,5,0.11,0.14,0.21,0.25,0.3,1
7577,1,0.31,0.35,0.38,0.46,0.52,1
7578,3,0.19,0.24,0.3,0.34,0.38,1
7579,5,0.15,0.17,0.21,0.27,0.31,1
7580,4,0.15,0.19,0.25,0.29,0.38,1
7581,1,0.29,0.32,0.37,0.41,0.45,1
7582,3,0.18,0.22,0.28,0.34,0.4,1
7583,4,0.21,0.24,0.26,0.32,0.39,1
7584,1,0.28,0.32,0.36,0.42,0.45,1
7585,1,0.3,0.38,0.51,0.55,0.63,1
7586,2,0.24,0.3,0.33,0.4,0.43,2
7587,1,0.28,0.34,0.39,0.44,0.5,1
7588,5,0.14,0.16,0.21,0.25,0.32,2
7589,1,0.29,0.35,0.41,0.46,0.51,1
7590,4,0.18,0.23,0.26,0.31,0.33,1
7591,2,0.24,0.28,0.32,0.39,0.44,1
7592,2,0.23,0.28,0.34,0.42,0.43,1
7593,1,0.28,0.33,0.4,0.45,0.48,1
7594,2,0.26,0.3,0.35,0.39,0.41,1
7595,2,0.26,0.3,0.38,0.44,0.46,2
7596,1,0.32,0.42,0.52,0.57,0.63,1
7597,4,0.15,0.19,0.23,0.3,0.33,1
7598,1,0.32,0.38,0.46,0.52,0.57,1
7599,3,0.22,0.26,0.3,0.36,0.4,1
7600,2,0.21,0.29,0.32,0.37,0.43,1
7601,4,0.17,0.2,0.24,0.29,0.33,1
7602,4,0.15,0.19,0.24,0.28,0.34,2
7603,5,0.14,0.15,0.18,0.22,0.29,1
7604,2,0.27,0.31,0.37,0.41,0.46,1
7605,2,0.28,0.31,0.36,0.42,0.51,1
7606,3,0.2,0.24,0.29,0.34,0.37,1
7607,3,0.19,0.24,0.31,0.38,0.44,1
7608,4,0.17,0.2,0.25,0.31,0.32,2
7609,5,0.12,0.15,0.18,0.23,0.3,1
7610,1,0.31,0.36,0.43,0.5,0.54,1
7611,3,0.21,0.24,0.31,0.36,0.42,2
7612,4,0.16,0.21,0.26,0.31,0.35,1
7613,5,0.15,0.18,0.23,0.27,0.3,1
7614,5,0.12,0.14,0.2,0.27,0.31,1
7615,4,0.16,0.19,0.23,0.28,0.33,1
7616,4,0.17,0.19,0.23,0.29,0.36,1
7617,2,0.26,0.31,0.33,0.38,0.45,1
7618,1,0.28,0.36,0.4,0.47,0.49,1
7619,2,0.24,0.3,0.36,0.38,0.44,1
7620,1,0.32,0.38,0.48,0.52,0.56,1
7621,4,0.18,0.21,0.25,0.3,0.33,1
7622,2,0.22,0.29,0.32,0.39,0.44,1
7623,3,0.2,0.23,0.29,0.33,0.37,1
7624,2,0.26,0.32,0.36,0.4,0.46,1
7625,3,0.21,0.23,0.29,0.37,0.41,1
7626,3,0.2,0.25,0.31,0.38,0.45,1
7627,4,0.16,0.18,0.22,0.28,0.33,1
7628,5,0.14,0.18,0.22,0.28,0.31,1
7629,2,0.24,0.29,0.33,0.35,0.37,1
7630,4,0.17,0.21,0.24,0.29,0.32,1
7631,1,0.29,0.35,0.38,0.43,0.48,1
7632,3,0.23,0.27,0.29,0.36,0.42,1
7633,3,0.23,0.27,0.32,0.37,0.4,1
7634,4,0.15,0.2,0.26,0.31,0.36,1
7635,3,0.19,0.23,0.29,0.32,0.38,1
7636,5,0.13,0.16,0.19,0.24,0.3,1
7637,2,0.21,0.28,0.35,0.4,0.45,1
7638,2,0.23,0.3,0.35,0.38,0.44,1
7639,3,0.22,0.23,0.29,0.35,0.43,1
7640,2,0.27,0.32,0.36,0.42,0.48,1
7641,1,0.28,0.33,0.39,0.42,0.49,1
7642,1,0.32,0.34,0.39,0.46,0.54,1
7643,2,0.23,0.28,0.35,0.38,0.47,1
7644,3,0.2,0.24,0.28,0.34,0.38,1
7645,5,0.12,0.18,0.21,0.26,0.32,1
7646,5,0.11,0.16,0.2,0.25,0.28,1
7647,5,0.15,0.19,0.23,0.25,0.29,1
7648,1,0.32,0.37,0.41,0.5,0.56,1
7649,1,0.3,0.35,0.39,0.45,0.52,1
7650,1,0.28,0.33,0.38,0.45,0.51,1
7651,4,0.16,0.19,0.23,0.28,0.35,1
7652,3,0.16,0.19,0.28,0.34,0.4,1
7653,3,0.19,0.22,0.28,0.35,0.41,1
7654,4,0.17,0.21,0.24,0.3,0.33,2
7655,1,0.3,0.34,0.38,0.41,0.46,1
7656,4,0.2,0.24,0.26,0.32,0.37,1
7657,1,0.32,0.36,0.4,0.45,0.49,1
7658,4,0.16,0.2,0.22,0.3,0.39,1
7659,4,0.15,0.2,0.27,0.32,0.35,1
7660,2,0.26,0.3,0.33,0.37,0.43,1
7661,1,0.32,0.41,0.47,0.52,0.59,1
7662,2,0.26,0.3,0.35,0.37,0.45,1
7663,1,0.32,0.38,0.44,0.49,0.56,1
7664,2,0.22,0.29,0.35,0.4,0.47,2
7665,5,0.15,0.18,0.22,0.26,0.32,1
7666,1,0.29,0.32,0.39,0.44,0.5,1
7667,1,0.32,0.38,0.4,0.43,0.48,1
7668,5,0.16,0.19,0.23,0.27,0.32,1
7669,3,0.2,0.25,0.29,0.34,0.39,1
7670,5,0.14,0.16,0.21,0.26,0.29,1
7671,2,0.27,0.31,0.35,0.41,0.48,1
7672,1,0.28,0.32,0.38,0.45,0.51,1
7673,1,0.31,0.39,0.44,0.52,0.56,1
7674,3,0.19,0.25,0.3,0.34,0.37,1
7675,3,0.19,0.26,0.31,0.35,0.41,1
7676,5,0.15,0.18,0.2,0.25,0.28,1
7677,5,0.12,0.16,0.21,0.25,0.32,1
7678,1,0.31,0.36,0.42,0.46,0.51,1
7679,4,0.16,0.18,0.24,0.31,0.35,2
7680,4,0.16,0.19,0.24,0.29,0.33,1
7681,2,0.23,0.3,0.35,0.4,0.46,1
7682,3,0.19,0.24,0.31,0.38,0.42,1
7683,4,0.15,0.2,0.24,0.31,0.36,1
7684,3,0.22,0.26,0.31,0.35,0.42,1
7685,1,0.32,0.38,0.46,0.47,0.54,1
7686,4,0.19,0.22,0.24,0.3,0.33,1
7687,3,0.2,0.26,0.32,0.35,0.41,1
7688,2,0.24,0.29,0.32,0.35,0.4,1
7689,1,0.3,0.35,0.41,0.53,0.57,1
7690,3,0.16,0.21,0.3,0.37,0.43,1
7691,4,0.16,0.22,0.29,0.3,0.32,1
7692,3,0.19,0.25,0.28,0.33,0.39,1
7693,3,0.18,0.23,0.29,0.34,0.4,1
7694,4,0.18,0.23,0.27,0.3,0.34,1
7695,1,0.28,0.33,0.41,0.46,0.54,1
7696,5,0.11,0.15,0.19,0.23,0.29,1
7697,5,0.16,0.18,0.24,0.28,0.3,1
7698,5,0.14,0.17,0.21,0.25,0.3,1
7699,3,0.19,0.24,0.29,0.34,0.38,1
7700,5,0.13,0.16,0.2,0.26,0.32,1
7701,4,0.19,0.22,0.25,0.31,0.33,1
7702,3,0.17,0.23,0.28,0.34,0.39,1
7703,1,0.29,0.34,0.39,0.46,0.5,1
7704,5,0.14,0.17,0.22,0.26,0.32,1
7705,3,0.2,0.23,0.28,0.32,0.4,1
7706,3,0.23,0.27,0.31,0.37,0.44,1
7707,4,0.17,0.21,0.27,0.3,0.35,1
7708,5,0.17,0.2,0.23,0.26,0.31,1
7709,4,0.13,0.17,0.21,0.29,0.33,1
7710,5,0.13,0.17,0.2,0.24,0.28,1
7711,2,0.26,0.3,0.36,0.41,0.47,1
7712,4,0.17,0.19,0.25,0.31,0.35,1
7713,1,0.31,0.34,0.38,0.44,0.48,1
7714,1,0.32,0.39,0.44,0.5,0.54,1
7715,4,0.16,0.2,0.25,0.3,0.38,1
7716,2,0.24,0.3,0.36,0.43,0.45,1
7717,3,0.19,0.25,0.29,0.37,0.47,1
7718,2,0.23,0.28,0.33,0.38,0.46,1
7719,3,0.18,0.24,0.3,0.34,0.41,1
7720,3,0.2,0.25,0.32,0.38,0.45,1
7721,1,0.3,0.35,0.39,0.45,0.5,1
7722,2,0.26,0.32,0.39,0.43,0.47,1
7723,3,0.2,0.23,0.3,0.33,0.35,3
7724,2,0.25,0.32,0.37,0.41,0.5,1
7725,3,0.2,0.24,0.29,0.33,0.37,1
7726,3,0.18,0.24,0.29,0.36,0.4,1
7727,3,0.2,0.23,0.28,0.33,0.39,1
7728,3,0.2,0.25,0.3,0.33,0.38,1
7729,5,0.11,0.13,0.17,0.24,0.3,1
7730,2,0.24,0.29,0.34,0.38,0.46,1
7731,2,0.26,0.31,0.36,0.41,0.49,1
7732,5,0.12,0.15,0.18,0.24,0.31,1
7733,3,0.21,0.24,0.29,0.34,0.42,1
7734,5,0.1,0.13,0.19,0.24,0.3,1
7735,2,0.25,0.29,0.33,0.4,0.46,1
7736,1,0.29,0.33,0.4,0.49,0.56,1
7737,5,0.1,0.13,0.17,0.25,0.29,3
7738,5,0.1,0.12,0.17,0.2,0.28,1
7739,2,0.23,0.28,0.35,0.4,0.45,3
7740,3,0.18,0.24,0.28,0.36,0.43,1
7741,3,0.23,0.28,0.3,0.36,0.4,1
7742,1,0.28,0.34,0.41,0.47,0.51,1
7743,1,0.32,0.37,0.44,0.5,0.54,1
7744,2,0.24,0.29,0.32,0.38,0.41,1
7745,1,0.28,0.32,0.35,0.42,0.47,1
7746,4,0.17,0.21,0.25,0.29,0.33,1
7747,5,0.16,0.19,0.22,0.25,0.31,1
7748,4,0.12,0.16,0.22,0.28,0.34,1
7749,4,0.18,0.22,0.25,0.31,0.37,1
7750,1,0.32,0.38,0.45,0.52,0.55,1
7751,4,0.19,0.24,0.26,0.3,0.34,2
7752,1,0.31,0.37,0.43,0.5,0.56,1
7753,2,0.23,0.3,0.34,0.38,0.42,1
7754,1,0.32,0.38,0.43,0.48,0.57,1
7755,3,0.24,0.28,0.31,0.35,0.36,1
7756,2,0.24,0.28,0.34,0.41,0.44,1
7757,4,0.15,0.19,0.25,0.28,0.33,1
7758,4,0.12,0.17,0.25,0.28,0.34,1
7759,3,0.2,0.25,0.3,0.35,0.43,1
7760,4,0.15,0.19,0.23,0.29,0.32,1
7761,4,0.16,0.2,0.26,0.32,0.37,1
7762,3,0.26,0.29,0.3,0.34,0.39,1
7763,4,0.18,0.19,0.24,0.28,0.36,2
7764,3,0.22,0.27,0.32,0.39,0.45,1
7765,2,0.23,0.28,0.33,0.41,0.46,1
7766,5,0.17,0.2,0.24,0.26,0.31,1
7767,3,0.23,0.27,0.32,0.35,0.42,1
7768,4,0.13,0.16,0.24,0.3,0.35,1
7769,3,0.21,0.28,0.31,0.36,0.41,1
7770,3,0.19,0.23,0.3,0.37,0.42,1
7771,2,0.21,0.28,0.32,0.39,0.43,2
7772,2,0.24,0.28,0.33,0.38,0.43,1
7773,4,0.17,0.22,0.25,0.3,0.36,1
7774,3,0.2,0.25,0.31,0.33,0.35,1
7775,3,0.2,0.26,0.3,0.39,0.46,1
7776,3,0.21,0.26,0.29,0.36,0.4,1
7777,4,0.2,0.25,0.27,0.32,0.39,1
7778,2,0.26,0.29,0.33,0.4,0.46,1
7779,1,0.31,0.37,0.43,0.48,0.54,1
7780,1,0.32,0.36,0.38,0.42,0.47,1
7781,3,0.14,0.21,0.29,0.32,0.38,1
7782,2,0.27,0.31,0.35,0.39,0.43,1
7783,4,0.17,0.21,0.25,0.3,0.31,1
7784,2,0.25,0.32,0.36,0.41,0.47,1
7785,4,0.17,0.2,0.25,0.32,0.37,1
7786,1,0.31,0.34,0.39,0.44,0.48,1
7787,2,0.24,0.3,0.37,0.42,0.5,1
7788,4,0.16,0.2,0.23,0.28,0.34,1
7789,5,0.11,0.15,0.2,0.24,0.3,1
7790,2,0.27,0.31,0.36,0.44,0.52,2
7791,2,0.27,0.29,0.34,0.4,0.43,1
7792,4,0.17,0.23,0.27,0.32,0.35,1
7793,3,0.21,0.26,0.3,0.35,0.4,1
7794,5,0.14,0.16,0.19,0.23,0.28,1
7795,1,0.28,0.32,0.35,0.4,0.45,2
7796,4,0.19,0.22,0.26,0.32,0.39,1
7797,3,0.21,0.25,0.31,0.36,0.41,1
7798,1,0.28,0.36,0.43,0.5,0.54,1
7799,4,0.18,0.24,0.27,0.31,0.37,1
7800,4,0.18,0.22,0.24,0.28,0.35,1
7801,5,0.13,0.17,0.21,0.27,0.32,1
7802,1,0.29,0.31,0.39,0.43,0.5,1
7803,5,0.16,0.19,0.24,0.27,0.31,1
7804,4,0.16,0.2,0.23,0.3,0.35,1
7805,1,0.32,0.37,0.45,0.47,0.53,1
7806,4,0.19,0.22,0.25,0.28,0.32,1
7807,5,0.15,0.21,0.23,0.26,0.3,1
7808,1,0.32,0.37,0.43,0.51,0.55,1
7809,2,0.24,0.29,0.33,0.4,0.46,1
7810,3,0.22,0.27,0.3,0.35,0.43,1
7811,1,0.31,0.36,0.46,0.52,0.6,1
7812,2,0.26,0.28,0.32,0.38,0.41,1
7813,4,0.14,0.18,0.24,0.29,0.32,1
7814,2,0.25,0.28,0.34,0.42,0.52,1
7815,4,0.13,0.18,0.24,0.29,0.33,1
7816,1,0.29,0.33,0.38,0.42,0.49,1
7817,2,0.25,0.29,0.33,0.38,0.45,1
7818,5,0.16,0.19,0.22,0.28,0.31,1
7819,1,0.28,0.32,0.39,0.47,0.55,1
7820,1,0.3,0.36,0.45,0.5,0.52,1
7821,2,0.25,0.28,0.32,0.34,0.4,1
7822,2,0.23,0.28,0.32,0.36,0.43,2
7823,2,0.2,0.28,0.32,0.37,0.42,1
7824,1,0.3,0.39,0.43,0.5,0.52,1
7825,4,0.16,0.21,0.25,0.28,0.33,1
7826,2,0.23,0.29,0.37,0.41,0.47,1
7827,3,0.22,0.26,0.31,0.36,0.39,1
7828,5,0.17,0.22,0.25,0.27,0.3,1
7829,4,0.15,0.2,0.24,0.32,0.39,1
7830,5,0.13,0.17,0.21,0.24,0.3,1
7831,4,0.18,0.24,0.27,0.32,0.36,1
7832,5,0.12,0.13,0.17,0.22,0.29,1
7833,1,0.29,0.33,0.41,0.47,0.53,1
7834,5,0.13,0.17,0.21,0.23,0.28,1
7835,3,0.18,0.25,0.28,0.34,0.36,1
7836,1,0.31,0.38,0.45,0.54,0.58,1
7837,5,0.15,0.17,0.2,0.24,0.28,1
7838,3,0.2,0.24,0.28,0.32,0.36,1
7839,5,0.14,0.16,0.21,0.24,0.32,1
7840,1,0.29,0.35,0.43,0.5,0.56,1
7841,4,0.19,0.25,0.27,0.31,0.36,1
7842,4,0.19,0.24,0.27,0.31,0.36,1
7843,2,0.24,0.31,0.36,0.43,0.47,1
7844,1,0.32,0.37,0.42,0.46,0.51,1
7845,1,0.28,0.32,0.4,0.51,0.54,1
7846,3,0.2,0.25,0.31,0.38,0.44,1
7847,3,0.2,0.24,0.28,0.35,0.39,1
7848,3,0.21,0.27,0.32,0.36,0.43,1
7849,3,0.22,0.25,0.29,0.35,0.4,1
7850,4,0.19,0.25,0.26,0.29,0.31,1
7851,3,0.18,0.24,0.29,0.34,0.4,1
7852,2,0.23,0.31,0.4,0.46,0.57,1
7853,1,0.32,0.37,0.42,0.45,0.49,1
7854,1,0.3,0.35,0.41,0.47,0.53,1
7855,1,0.31,0.37,0.42,0.46,0.5,1
7856,1,0.31,0.33,0.4,0.43,0.48,1
7857,3,0.2,0.24,0.32,0.36,0.4,1
7858,4,0.19,0.23,0.27,0.32,0.41,2
7859,3,0.2,0.23,0.31,0.37,0.4,1
7860,2,0.25,0.32,0.36,0.44,0.49,1
7861,3,0.2,0.24,0.29,0.31,0.37,1
7862,4,0.15,0.19,0.23,0.29,0.32,2
7863,3,0.17,0.23,0.3,0.32,0.35,1
7864,4,0.19,0.21,0.26,0.29,0.33,2
7865,1,0.32,0.38,0.41,0.47,0.54,1
7866,3,0.19,0.24,0.29,0.34,0.38,1
7867,1,0.28,0.36,0.44,0.49,0.55,1
7868,5,0.18,0.19,0.23,0.26,0.29,1
7869,1,0.29,0.34,0.39,0.46,0.49,1
7870,2,0.24,0.31,0.36,0.43,0.47,1
7871,1,0.32,0.36,0.43,0.51,0.6,1
7872,3,0.24,0.27,0.31,0.34,0.39,1
7873,1,0.29,0.36,0.41,0.47,0.52,1
7874,1,0.32,0.35,0.4,0.46,0.53,1
7875,1,0.31,0.37,0.43,0.46,0.52,1
7876,4,0.18,0.22,0.28,0.3,0.35,1
7877,4,0.19,0.24,0.27,0.31,0.35,1
7878,4,0.15,0.19,0.23,0.28,0.32,1
7879,4,0.15,0.22,0.27,0.31,0.36,1
7880,4,0.13,0.2,0.25,0.28,0.32,1
7881,3,0.21,0.26,0.28,0.34,0.41,1
7882,4,0.16,0.2,0.23,0.28,0.33,1
7883,5,0.1,0.13,0.17,0.22,0.28,1
7884,3,0.22,0.27,0.31,0.38,0.45,1
7885,1,0.29,0.33,0.39,0.47,0.53,1
7886,1,0.29,0.33,0.37,0.41,0.47,1
7887,2,0.27,0.32,0.36,0.43,0.48,1
7888,2,0.25,0.32,0.35,0.38,0.43,1
7889,1,0.3,0.37,0.42,0.46,0.51,1
7890,3,0.22,0.27,0.32,0.37,0.43,1
7891,4,0.19,0.21,0.26,0.29,0.34,1
7892,4,0.18,0.21,0.25,0.29,0.35,1
7893,1,0.29,0.35,0.42,0.48,0.51,1
7894,1,0.29,0.35,0.39,0.43,0.48,1
7895,4,0.19,0.23,0.27,0.32,0.37,1
7896,4,0.15,0.17,0.23,0.29,0.34,1
7897,3,0.18,0.22,0.28,0.33,0.4,1
7898,2,0.25,0.3,0.37,0.41,0.47,2
7899,2,0.24,0.29,0.38,0.42,0.46,1
7900,4,0.18,0.2,0.25,0.31,0.34,1
7901,3,0.19,0.23,0.31,0.36,0.38,1
7902,1,0.32,0.36,0.42,0.47,0.56,1
7903,2,0.25,0.28,0.32,0.39,0.42,1
7904,4,0.18,0.21,0.27,0.32,0.38,1
7905,1,0.29,0.33,0.4,0.45,0.48,1
7906,3,0.24,0.26,0.32,0.37,0.43,1
7907,5,0.13,0.15,0.19,0.25,0.31,2
7908,4,0.17,0.2,0.27,0.31,0.37,1
7909,1,0.28,0.33,0.38,0.44,0.5,1
7910,2,0.26,0.31,0.36,0.37,0.4,1
7911,3,0.18,0.23,0.28,0.32,0.37,2
7912,1,0.3,0.36,0.38,0.45,0.48,1
7913,3,0.18,0.24,0.31,0.35,0.41,1
7914,4,0.15,0.21,0.25,0.29,0.35,2
7915,2,0.25,0.3,0.34,0.43,0.51,1
7916,4,0.19,0.22,0.25,0.31,0.35,2
7917,5,0.12,0.15,0.19,0.25,0.31,1
7918,1,0.28,0.36,0.42,0.46,0.53,1
7919,2,0.27,0.32,0.36,0.4,0.43,2
7920,4,0.16,0.2,0.26,0.29,0.32,1
7921,1,0.3,0.37,0.43,0.47,0.5,1
7922,5,0.12,0.15,0.2,0.24,0.28,1
7923,3,0.21,0.27,0.29,0.37,0.42,3
7924,5,0.18,0.19,0.22,0.25,0.31,1
7925,3,0.19,0.24,0.29,0.34,0.38,1
7926,3,0.18,0.23,0.29,0.35,0.38,1
7927,1,0.3,0.35,0.39,0.45,0.53,1
7928,5,0.19,0.2,0.22,0.26,0.3,1
7929,2,0.22,0.31,0.36,0.41,0.47,1
7930,5,0.18,0.23,0.25,0.27,0.29,1
7931,1,0.31,0.37,0.45,0.48,0.56,1
7932,3,0.23,0.26,0.29,0.33,0.35,1
7933,2,0.22,0.28,0.35,0.41,0.48,1
7934,2,0.25,0.31,0.34,0.4,0.46,1
7935,2,0.22,0.28,0.33,0.38,0.42,1
7936,1,0.31,0.37,0.44,0.48,0.54,1
7937,4,0.16,0.18,0.23,0.31,0.38,1
7938,2,0.25,0.32,0.36,0.4,0.44,3
7939,3,0.21,0.26,0.31,0.36,0.38,2
7940,2,0.22,0.3,0.34,0.39,0.44,1
7941,2,0.27,0.32,0.38,0.43,0.49,1
7942,2,0.25,0.29,0.37,0.41,0.47,1
7943,4,0.17,0.2,0.22,0.28,0.33,1
7944,2,0.27,0.31,0.37,0.39,0.45,1
7945,3,0.19,0.23,0.28,0.34,0.41,1
7946,1,0.29,0.36,0.42,0.48,0.52,1
7947,4,0.13,0.18,0.23,0.28,0.34,1
7948,5,0.16,0.2,0.24,0.28,0.31,1
7949,1,0.32,0.37,0.45,0.5,0.57,1
7950,3,0.16,0.21,0.28,0.32,0.4,1
7951,5,0.15,0.18,0.23,0.26,0.32,2
7952,3,0.18,0.23,0.28,0.35,0.42,1
7953,1,0.31,0.36,0.43,0.48,0.55,1
7954,4,0.16,0.22,0.27,0.31,0.37,1
7955,3,0.2,0.27,0.32,0.37,0.42,1
7956,5,0.16,0.21,0.24,0.28,0.31,1
7957,2,0.27,0.3,0.35,0.42,0.47,1
7958,4,0.14,0.18,0.22,0.29,0.37,2
7959,1,0.31,0.35,0.36,0.41,0.46,1
7960,1,0.29,0.35,0.4,0.44,0.48,1
7961,5,0.16,0.18,0.22,0.27,0.31,1
7962,5,0.11,0.14,0.17,0.23,0.28,1
7963,5,0.16,0.21,0.22,0.27,0.3,1
7964,5,0.1,0.13,0.18,0.24,0.31,1
7965,4,0.14,0.17,0.23,0.28,0.33,1
7966,3,0.22,0.26,0.32,0.39,0.46,1
7967,3,0.21,0.27,0.29,0.34,0.43,1
7968,5,0.12,0.17,0.19,0.24,0.29,1
7969,5,0.14,0.16,0.21,0.26,0.29,1
7970,5,0.13,0.15,0.18,0.24,0.28,1
7971,3,0.18,0.24,0.3,0.33,0.42,1
7972,4,0.14,0.18,0.24,0.31,0.36,1
7973,2,0.23,0.29,0.33,0.39,0.45,2
7974,4,0.19,0.22,0.27,0.32,0.38,1
7975,5,0.14,0.15,0.21,0.25,0.32,2
7976,3,0.19,0.21,0.29,0.36,0.42,1
7977,4,0.14,0.17,0.22,0.28,0.35,1
7978,4,0.15,0.22,0.24,0.31,0.35,2
7979,2,0.26,0.31,0.37,0.41,0.44,1
7980,5,0.11,0.14,0.18,0.22,0.29,1
7981,3,0.18,0.23,0.29,0.35,0.4,1
7982,2,0.26,0.3,0.35,0.41,0.45,1
7983,3,0.22,0.26,0.28,0.33,0.38,1
7984,5,0.11,0.14,0.19,0.26,0.32,1
7985,5,0.16,0.18,0.2,0.23,0.29,2
7986,3,0.19,0.24,0.3,0.37,0.44,1
7987,3,0.23,0.26,0.32,0.37,0.42,1
7988,2,0.25,0.3,0.35,0.41,0.45,1
7989,1,0.31,0.36,0.4,0.43,0.44,1
7990,5,0.12,0.15,0.19,0.23,0.3,1
7991,4,0.16,0.19,0.24,0.29,0.34,1
7992,5,0.15,0.19,0.21,0.26,0.29,1
7993,5,0.11,0.13,0.17,0.22,0.28,1
7994,2,0.23,0.29,0.35,0.4,0.48,1
7995,1,0.31,0.36,0.4,0.45,0.49,1
7996,2,0.26,0.31,0.35,0.41,0.47,1
7997,1,0.29,0.37,0.44,0.52,0.57,1
7998,2,0.25,0.32,0.4,0.45,0.51,1
7999,2,0.26,0.3,0.37,0.43,0.5,2
8000,1,0.3,0.35,0.4,0.45,0.47,1
8001,5,0.11,0.13,0.17,0.22,0.28,1
8002,2,0.25,0.28,0.35,0.4,0.46,1
8003,3,0.18,0.22,0.28,0.32,0.39,1
8004,4,0.15,0.22,0.25,0.3,0.36,1
8005,5,0.15,0.17,0.21,0.26,0.31,1
8006,1,0.3,0.34,0.41,0.45,0.53,1
8007,3,0.24,0.26,0.31,0.34,0.39,1
8008,3,0.22,0.25,0.28,0.33,0.36,1
8009,5,0.11,0.15,0.19,0.24,0.3,1
8010,1,0.32,0.37,0.44,0.49,0.58,1
8011,5,0.14,0.16,0.2,0.23,0.28,1
8012,4,0.16,0.18,0.19,0.28,0.33,2
8013,4,0.17,0.23,0.28,0.3,0.33,1
8014,1,0.31,0.33,0.36,0.43,0.48,1
8015,3,0.16,0.2,0.3,0.35,0.39,1
8016,4,0.16,0.2,0.25,0.32,0.35,2
8017,1,0.3,0.36,0.44,0.47,0.54,1
8018,5,0.12,0.15,0.22,0.24,0.28,1
8019,5,0.16,0.2,0.22,0.26,0.3,1
8020,1,0.29,0.36,0.42,0.48,0.51,1
8021,3,0.22,0.26,0.32,0.38,0.43,1
8022,2,0.26,0.32,0.35,0.39,0.45,1
8023,3,0.18,0.24,0.3,0.37,0.46,1
8024,4,0.18,0.23,0.25,0.31,0.37,3
8025,5,0.11,0.15,0.18,0.23,0.28,1
8026,2,0.24,0.32,0.39,0.43,0.49,1
8027,3,0.17,0.21,0.29,0.34,0.42,1
8028,2,0.27,0.32,0.37,0.44,0.46,1
8029,4,0.16,0.2,0.24,0.28,0.35,1
8030,4,0.17,0.21,0.26,0.28,0.36,1
8031,4,0.19,0.2,0.26,0.31,0.34,1
8032,2,0.26,0.32,0.39,0.45,0.5,1
8033,1,0.28,0.34,0.38,0.45,0.49,1
8034,3,0.17,0.21,0.28,0.35,0.42,1
8035,3,0.2,0.23,0.28,0.35,0.41,1
8036,4,0.17,0.19,0.24,0.3,0.35,1
8037,3,0.18,0.21,0.29,0.33,0.36,1
8038,2,0.24,0.32,0.35,0.41,0.47,1
8039,3,0.22,0.24,0.3,0.34,0.39,1
8040,2,0.24,0.29,0.36,0.41,0.46,1
8041,4,0.17,0.21,0.25,0.3,0.35,1
8042,2,0.25,0.3,0.36,0.44,0.5,1
8043,3,0.19,0.23,0.31,0.37,0.42,1
8044,4,0.17,0.21,0.25,0.29,0.35,1
8045,1,0.3,0.37,0.41,0.47,0.54,1
8046,1,0.32,0.37,0.46,0.52,0.63,1
8047,1,0.29,0.34,0.4,0.46,0.52,1
8048,3,0.18,0.22,0.29,0.35,0.41,1
8049,5,0.17,0.19,0.24,0.27,0.31,1
8050,3,0.24,0.26,0.32,0.36,0.42,1
8051,2,0.27,0.31,0.38,0.46,0.54,1
8052,4,0.21,0.22,0.25,0.3,0.34,1
8053,4,0.18,0.21,0.25,0.31,0.37,1
8054,2,0.26,0.29,0.37,0.43,0.49,1
8055,5,0.17,0.2,0.22,0.25,0.28,1
8056,4,0.19,0.21,0.27,0.31,0.37,1
8057,1,0.31,0.35,0.43,0.47,0.52,1
8058,1,0.3,0.35,0.42,0.5,0.57,1
8059,4,0.17,0.19,0.25,0.28,0.34,1
8060,4,0.18,0.22,0.25,0.32,0.39,1
8061,3,0.19,0.22,0.28,0.33,0.35,1
8062,2,0.25,0.31,0.37,0.45,0.53,1
8063,5,0.14,0.19,0.24,0.27,0.32,1
8064,4,0.18,0.23,0.26,0.31,0.33,1
8065,3,0.22,0.27,0.31,0.38,0.41,1
8066,3,0.2,0.25,0.28,0.32,0.36,1
8067,2,0.23,0.28,0.32,0.37,0.42,1
8068,3,0.21,0.27,0.31,0.35,0.38,1
8069,3,0.21,0.26,0.29,0.36,0.43,1
8070,5,0.12,0.16,0.21,0.24,0.31,1
8071,5,0.11,0.14,0.17,0.23,0.29,1
8072,4,0.16,0.2,0.23,0.3,0.35,1
8073,2,0.24,0.31,0.38,0.44,0.5,1
8074,2,0.26,0.31,0.35,0.4,0.43,1
8075,5,0.16,0.19,0.22,0.26,0.3,1
8076,4,0.15,0.19,0.26,0.29,0.36,1
8077,4,0.17,0.21,0.26,0.3,0.35,1
8078,4,0.15,0.18,0.24,0.31,0.35,1
8079,2,0.24,0.3,0.33,0.36,0.4,1
8080,3,0.22,0.25,0.31,0.34,0.4,1
8081,4,0.14,0.18,0.22,0.28,0.34,1
8082,1,0.31,0.4,0.47,0.52,0.6,1
8083,1,0.32,0.38,0.44,0.48,0.54,1
8084,5,0.15,0.18,0.21,0.27,0.32,1
8085,2,0.25,0.32,0.36,0.43,0.49,1
8086,3,0.19,0.23,0.32,0.41,0.45,1
8087,1,0.31,0.34,0.39,0.43,0.5,1
8088,3,0.2,0.24,0.29,0.35,0.45,1
8089,2,0.25,0.29,0.32,0.39,0.44,1
8090,3,0.24,0.27,0.31,0.34,0.39,1
8091,2,0.27,0.31,0.38,0.41,0.47,1
8092,4,0.17,0.2,0.26,0.31,0.39,1
8093,1,0.29,0.33,0.39,0.47,0.55,1
8094,4,0.19,0.24,0.28,0.31,0.4,1
8095,1,0.29,0.34,0.43,0.49,0.55,1
8096,1,0.32,0.38,0.4,0.45,0.52,2
8097,5,0.13,0.16,0.21,0.26,0.31,1
8098,4,0.15,0.18,0.23,0.29,0.36,1
8099,4,0.17,0.2,0.23,0.32,0.36,1
8100,4,0.15,0.19,0.23,0.3,0.37,1
8101,2,0.25,0.3,0.35,0.4,0.45,1
8102,2,0.24,0.31,0.35,0.41,0.48,1
8103,5,0.16,0.17,0.23,0.26,0.3,1
8104,1,0.29,0.35,0.37,0.45,0.48,1
8105,1,0.29,0.33,0.38,0.42,0.47,1
8106,4,0.16,0.19,0.26,0.31,0.35,1
8107,1,0.28,0.34,0.37,0.42,0.49,1
8108,3,0.22,0.25,0.29,0.31,0.35,1
8109,2,0.24,0.29,0.31,0.38,0.47,1
8110,4,0.16,0.19,0.22,0.29,0.37,1
8111,3,0.21,0.26,0.31,0.34,0.38,1
8112,4,0.17,0.21,0.25,0.29,0.35,1
8113,4,0.18,0.21,0.25,0.3,0.37,1
8114,4,0.2,0.23,0.26,0.3,0.34,1
8115,5,0.12,0.15,0.2,0.25,0.31,1
8116,5,0.15,0.19,0.2,0.24,0.31,2
8117,3,0.22,0.24,0.29,0.34,0.41,2
8118,4,0.16,0.17,0.2,0.28,0.35,1
8119,5,0.11,0.16,0.22,0.26,0.31,1
8120,2,0.23,0.3,0.35,0.4,0.42,1
8121,5,0.19,0.21,0.24,0.28,0.3,1
8122,1,0.3,0.35,0.38,0.44,0.48,1
8123,3,0.23,0.27,0.3,0.35,0.4,1
8124,4,0.21,0.26,0.28,0.3,0.32,1
8125,2,0.25,0.28,0.33,0.4,0.45,1
8126,1,0.28,0.32,0.38,0.44,0.51,1
8127,4,0.13,0.15,0.22,0.29,0.34,1
8128,2,0.26,0.3,0.35,0.39,0.44,1
8129,5,0.11,0.15,0.18,0.22,0.28,1
8130,1,0.28,0.32,0.34,0.36,0.42,1
8131,3,0.21,0.26,0.3,0.37,0.45,1
8132,3,0.18,0.22,0.31,0.38,0.4,1
8133,4,0.17,0.2,0.24,0.29,0.35,1
8134,4,0.18,0.23,0.25,0.29,0.33,1
8135,5,0.15,0.18,0.23,0.27,0.32,1
8136,1,0.32,0.37,0.4,0.46,0.48,1
8137,4,0.15,0.19,0.23,0.3,0.33,2
8138,1,0.32,0.39,0.43,0.52,0.59,1
8139,3,0.21,0.23,0.3,0.33,0.4,1
8140,4,0.17,0.21,0.25,0.31,0.35,1
8141,1,0.29,0.35,0.39,0.46,0.54,1
8142,1,0.32,0.37,0.45,0.49,0.55,1
8143,3,0.23,0.27,0.31,0.38,0.43,1
8144,3,0.2,0.25,0.28,0.33,0.35,1
8145,2,0.26,0.29,0.36,0.42,0.46,1
8146,5,0.17,0.21,0.22,0.27,0.32,1
8147,5,0.14,0.17,0.22,0.27,0.32,1
8148,1,0.29,0.34,0.37,0.47,0.54,1
8149,5,0.1,0.15,0.19,0.24,0.3,1
8150,3,0.19,0.23,0.3,0.37,0.43,2
8151,3,0.23,0.24,0.3,0.36,0.42,3
8152,3,0.2,0.23,0.28,0.32,0.41,1
8153,5,0.16,0.2,0.23,0.28,0.31,1
8154,5,0.12,0.16,0.2,0.22,0.29,1
8155,3,0.17,0.23,0.31,0.38,0.45,1
8156,2,0.25,0.32,0.38,0.45,0.5,1
8157,2,0.27,0.32,0.36,0.42,0.47,1
8158,4,0.17,0.2,0.27,0.32,0.4,1
8159,2,0.24,0.32,0.34,0.38,0.42,1
8160,4,0.17,0.2,0.24,0.28,0.32,1
8161,4,0.19,0.21,0.25,0.28,0.32,1
8162,3,0.23,0.25,0.3,0.34,0.39,1
8163,2,0.28,0.29,0.34,0.4,0.45,2
8164,2,0.24,0.3,0.37,0.42,0.44,1
8165,3,0.22,0.26,0.28,0.32,0.39,1
8166,3,0.21,0.25,0.32,0.36,0.43,1
8167,2,0.23,0.3,0.36,0.43,0.47,2
8168,5,0.11,0.14,0.17,0.2,0.28,1
8169,2,0.25,0.32,0.38,0.43,0.5,2
8170,3,0.19,0.25,0.3,0.36,0.41,1
8171,3,0.19,0.23,0.29,0.35,0.4,1
8172,2,0.25,0.3,0.34,0.39,0.47,1
8173,5,0.11,0.12,0.15,0.2,0.28,2
8174,3,0.21,0.23,0.29,0.39,0.45,1
8175,5,0.13,0.16,0.21,0.23,0.29,1
8176,2,0.25,0.3,0.36,0.43,0.48,1
8177,5,0.17,0.2,0.23,0.27,0.32,2
8178,3,0.25,0.26,0.31,0.35,0.38,1
8179,3,0.2,0.23,0.31,0.34,0.36,1
8180,2,0.24,0.28,0.32,0.35,0.39,1
8181,3,0.19,0.23,0.32,0.37,0.4,1
8182,4,0.21,0.24,0.26,0.29,0.35,1
8183,4,0.2,0.23,0.26,0.3,0.37,1
8184,3,0.21,0.25,0.29,0.35,0.42,1
8185,3,0.22,0.26,0.3,0.39,0.45,1
8186,2,0.22,0.29,0.31,0.35,0.41,2
8187,2,0.26,0.31,0.36,0.42,0.47,1
8188,4,0.19,0.23,0.25,0.32,0.37,1
8189,4,0.17,0.22,0.26,0.29,0.33,1
8190,2,0.25,0.32,0.39,0.45,0.49,1
8191,3,0.21,0.23,0.3,0.36,0.41,1
8192,3,0.22,0.25,0.31,0.4,0.44,1
8193,4,0.19,0.24,0.28,0.3,0.33,1
8194,1,0.29,0.34,0.39,0.44,0.48,1
8195,1,0.28,0.34,0.39,0.46,0.48,1
8196,4,0.17,0.21,0.25,0.29,0.33,1
8197,5,0.14,0.18,0.23,0.27,0.3,1
8198,1,0.29,0.33,0.39,0.48,0.56,1
8199,5,0.12,0.15,0.19,0.23,0.28,2
8200,4,0.16,0.19,0.27,0.28,0.36,1
8201,3,0.17,0.21,0.28,0.32,0.36,1
8202,3,0.16,0.21,0.3,0.34,0.37,1
8203,1,0.3,0.38,0.43,0.46,0.51,1
8204,1,0.32,0.41,0.45,0.51,0.57,1
8205,2,0.27,0.3,0.32,0.34,0.41,1
8206,1,0.29,0.36,0.37,0.46,0.55,1
8207,5,0.12,0.13,0.17,0.24,0.28,1
8208,2,0.27,0.31,0.36,0.44,0.49,1
8209,1,0.28,0.35,0.41,0.48,0.54,1
8210,4,0.19,0.21,0.27,0.31,0.35,1
8211,4,0.17,0.21,0.25,0.29,0.36,1
8212,3,0.2,0.23,0.31,0.36,0.42,1
8213,1,0.32,0.37,0.39,0.44,0.51,1
8214,2,0.25,0.31,0.36,0.4,0.45,1
8215,5,0.13,0.17,0.2,0.25,0.29,1
8216,4,0.15,0.2,0.24,0.28,0.34,1
8217,5,0.13,0.16,0.21,0.27,0.29,1
8218,4,0.15,0.17,0.21,0.28,0.32,1
8219,4,0.15,0.19,0.25,0.29,0.35,1
8220,1,0.29,0.35,0.41,0.47,0.56,1
8221,3,0.2,0.25,0.29,0.32,0.36,1
8222,5,0.11,0.15,0.19,0.23,0.31,1
8223,2,0.25,0.29,0.34,0.39,0.45,1
8224,4,0.18,0.21,0.25,0.31,0.37,1
8225,2,0.23,0.29,0.36,0.41,0.48,1
8226,2,0.24,0.31,0.37,0.44,0.49,1
8227,2,0.27,0.32,0.41,0.48,0.54,1
8228,5,0.14,0.17,0.22,0.25,0.3,1
8229,5,0.13,0.15,0.19,0.23,0.28,1
8230,2,0.25,0.3,0.37,0.43,0.48,1
8231,5,0.15,0.17,0.22,0.27,0.32,1
8232,5,0.11,0.14,0.17,0.23,0.29,1
8233,3,0.21,0.25,0.32,0.35,0.42,2
8234,1,0.31,0.36,0.38,0.4,0.46,1
8235,1,0.3,0.37,0.42,0.48,0.55,1
8236,1,0.3,0.35,0.37,0.43,0.49,1
8237,1,0.32,0.36,0.4,0.45,0.54,1
8238,3,0.25,0.27,0.32,0.39,0.44,1
8239,3,0.19,0.23,0.29,0.33,0.39,1
8240,3,0.18,0.23,0.28,0.36,0.42,1
8241,4,0.19,0.23,0.26,0.3,0.39,1
8242,4,0.16,0.19,0.26,0.31,0.37,1
8243,4,0.15,0.2,0.24,0.3,0.38,1
8244,3,0.17,0.23,0.28,0.35,0.4,1
8245,2,0.26,0.3,0.35,0.42,0.48,1
8246,1,0.28,0.36,0.39,0.43,0.49,1
8247,3,0.18,0.22,0.28,0.35,0.41,1
8248,5,0.17,0.21,0.24,0.26,0.32,1
8249,5,0.13,0.18,0.21,0.25,0.31,1
8250,2,0.25,0.3,0.34,0.39,0.46,1
8251,5,0.16,0.17,0.21,0.25,0.32,1
8252,2,0.25,0.32,0.38,0.45,0.52,1
8253,1,0.31,0.38,0.45,0.5,0.54,1
8254,2,0.25,0.3,0.38,0.42,0.51,1
8255,2,0.25,0.32,0.38,0.42,0.47,1
8256,5,0.12,0.14,0.18,0.22,0.29,1
8257,5,0.16,0.18,0.21,0.25,0.31,1
8258,4,0.14,0.21,0.25,0.29,0.31,1
8259,1,0.28,0.32,0.37,0.44,0.48,1
8260,4,0.16,0.2,0.25,0.31,0.38,1
8261,1,0.3,0.35,0.4,0.45,0.51,1
8262,2,0.24,0.29,0.32,0.36,0.43,1
8263,1,0.29,0.33,0.37,0.42,0.49,1
8264,4,0.16,0.18,0.24,0.28,0.36,1
8265,1,0.32,0.37,0.45,0.51,0.55,2
8266,5,0.15,0.16,0.19,0.21,0.28,1
8267,4,0.15,0.21,0.24,0.3,0.37,1
8268,4,0.19,0.23,0.27,0.31,0.32,2
8269,2,0.24,0.28,0.34,0.4,0.44,1
8270,5,0.18,0.2,0.23,0.28,0.3,1
8271,1,0.3,0.39,0.46,0.52,0.61,1
8272,2,0.25,0.29,0.34,0.36,0.37,3
8273,1,0.32,0.36,0.44,0.5,0.56,1
8274,3,0.22,0.27,0.3,0.33,0.36,2
8275,2,0.26,0.3,0.35,0.39,0.45,1
8276,5,0.1,0.13,0.17,0.21,0.28,2
8277,5,0.15,0.18,0.23,0.28,0.31,1
8278,1,0.32,0.39,0.5,0.54,0.59,1
8279,2,0.23,0.29,0.33,0.36,0.42,1
8280,3,0.2,0.22,0.29,0.34,0.38,1
8281,1,0.3,0.39,0.47,0.53,0.56,1
8282,5,0.13,0.17,0.21,0.25,0.3,1
8283,2,0.23,0.32,0.38,0.45,0.49,1
8284,4,0.17,0.2,0.26,0.31,0.36,2
8285,1,0.29,0.33,0.39,0.47,0.52,1
8286,4,0.16,0.2,0.24,0.3,0.38,2
8287,2,0.25,0.32,0.36,0.41,0.5,1
8288,4,0.19,0.21,0.28,0.3,0.33,1
8289,4,0.16,0.21,0.23,0.31,0.34,1
8290,2,0.22,0.29,0.36,0.4,0.48,1
8291,4,0.18,0.22,0.25,0.3,0.33,1
8292,4,0.15,0.2,0.24,0.31,0.37,1
8293,1,0.28,0.36,0.41,0.44,0.49,1
8294,1,0.32,0.37,0.44,0.5,0.55,1
8295,4,0.17,0.2,0.25,0.3,0.36,1
8296,5,0.13,0.16,0.2,0.24,0.32,1
8297,5,0.12,0.16,0.21,0.24,0.32,1
8298,3,0.22,0.25,0.3,0.38,0.42,1
8299,2,0.22,0.28,0.34,0.39,0.45,2
8300,4,0.16,0.2,0.25,0.32,0.36,1
8301,2,0.2,0.29,0.33,0.37,0.43,1
8302,3,0.21,0.26,0.29,0.35,0.4,1
8303,3,0.2,0.26,0.32,0.37,0.42,1
8304,4,0.18,0.21,0.25,0.3,0.37,1
8305,2,0.25,0.29,0.33,0.36,0.4,1
8306,2,0.23,0.28,0.32,0.38,0.43,1
8307,4,0.18,0.23,0.27,0.32,0.37,1
8308,4,0.19,0.23,0.26,0.32,0.37,1
8309,5,0.13,0.16,0.19,0.24,0.31,1
8310,4,0.16,0.2,0.25,0.28,0.32,1
8311,1,0.29,0.32,0.36,0.42,0.49,1
8312,3,0.21,0.25,0.31,0.37,0.43,2
8313,5,0.11,0.14,0.21,0.26,0.3,1
8314,2,0.27,0.32,0.37,0.43,0.5,1
8315,2,0.26,0.29,0.35,0.4,0.44,1
8316,3,0.21,0.27,0.32,0.36,0.39,1
8317,2,0.27,0.31,0.35,0.42,0.47,1
8318,4,0.15,0.2,0.24,0.28,0.33,1
8319,4,0.18,0.22,0.25,0.28,0.32,1
8320,1,0.32,0.37,0.4,0.44,0.49,1
8321,1,0.3,0.34,0.4,0.48,0.54,1
8322,4,0.16,0.2,0.21,0.3,0.32,1
8323,3,0.23,0.25,0.32,0.37,0.44,1
8324,1,0.32,0.37,0.43,0.47,0.51,1
8325,3,0.21,0.26,0.3,0.33,0.36,1
8326,3,0.22,0.26,0.3,0.35,0.44,1
8327,5,0.13,0.19,0.23,0.26,0.31,1
8328,2,0.24,0.28,0.33,0.37,0.42,1
8329,1,0.31,0.36,0.38,0.41,0.45,1
8330,5,0.12,0.17,0.22,0.27,0.31,1
8331,2,0.24,0.29,0.33,0.4,0.46,1
8332,1,0.31,0.36,0.41,0.51,0.56,2
8333,3,0.2,0.23,0.29,0.32,0.36,1
8334,5,0.15,0.18,0.2,0.24,0.29,1
8335,4,0.17,0.2,0.25,0.3,0.38,1
8336,4,0.16,0.2,0.25,0.31,0.33,1
8337,5,0.16,0.2,0.24,0.27,0.32,1
8338,1,0.31,0.36,0.41,0.49,0.59,1
8339,5,0.16,0.19,0.21,0.23,0.28,1
8340,1,0.29,0.36,0.41,0.47,0.52,1
8341,1,0.31,0.36,0.41,0.46,0.56,1
8342,5,0.16,0.17,0.22,0.27,0.32,1
8343,1,0.3,0.37,0.41,0.49,0.53,1
8344,4,0.16,0.22,0.26,0.31,0.37,1
8345,2,0.24,0.29,0.38,0.45,0.53,1
8346,1,0.28,0.33,0.39,0.45,0.51,1
8347,3,0.25,0.27,0.32,0.39,0.46,1
8348,4,0.2,0.24,0.26,0.32,0.39,1
8349,5,0.12,0.15,0.19,0.24,0.31,1
8350,2,0.23,0.3,0.33,0.35,0.39,1
8351,5,0.15,0.17,0.21,0.25,0.32,1
8352,3,0.22,0.26,0.31,0.35,0.39,1
8353,4,0.17,0.2,0.23,0.31,0.39,1
8354,3,0.19,0.26,0.31,0.37,0.42,1
8355,1,0.32,0.38,0.46,0.5,0.57,1
8356,5,0.13,0.17,0.21,0.25,0.3,1
8357,1,0.3,0.35,0.42,0.48,0.51,1
8358,3,0.23,0.26,0.31,0.37,0.44,1
8359,4,0.18,0.23,0.26,0.32,0.39,1
8360,2,0.26,0.29,0.35,0.41,0.45,1
8361,4,0.19,0.22,0.27,0.32,0.4,1
8362,5,0.15,0.19,0.22,0.26,0.32,1
8363,5,0.14,0.16,0.2,0.28,0.3,1
8364,1,0.29,0.34,0.39,0.44,0.48,1
8365,4,0.16,0.23,0.26,0.31,0.39,2
8366,1,0.3,0.32,0.4,0.44,0.53,1
8367,5,0.14,0.16,0.2,0.24,0.28,1
8368,2,0.26,0.32,0.36,0.37,0.4,1
8369,2,0.24,0.29,0.33,0.39,0.47,1
8370,4,0.19,0.24,0.27,0.31,0.36,1
8371,5,0.12,0.16,0.2,0.26,0.32,1
8372,2,0.25,0.3,0.35,0.39,0.43,1
8373,2,0.27,0.3,0.32,0.38,0.45,1
8374,1,0.28,0.38,0.44,0.5,0.53,1
8375,2,0.27,0.29,0.35,0.42,0.49,1
8376,1,0.31,0.35,0.39,0.46,0.52,1
8377,3,0.24,0.26,0.31,0.36,0.44,1
8378,2,0.25,0.29,0.35,0.41,0.47,1
8379,1,0.3,0.34,0.4,0.43,0.48,1
8380,3,0.2,0.26,0.3,0.37,0.43,1
8381,4,0.17,0.21,0.25,0.31,0.36,1
8382,2,0.27,0.3,0.35,0.41,0.48,1
8383,3,0.21,0.25,0.31,0.38,0.48,2
8384,5,0.13,0.15,0.19,0.22,0.29,1
8385,4,0.18,0.22,0.25,0.28,0.35,1
8386,2,0.27,0.28,0.34,0.37,0.46,1
8387,3,0.19,0.22,0.28,0.32,0.37,1
8388,1,0.3,0.33,0.42,0.46,0.5,1
8389,1,0.32,0.37,0.4,0.5,0.55,1
8390,2,0.27,0.32,0.4,0.43,0.47,1
8391,1,0.31,0.37,0.39,0.43,0.52,1
8392,4,0.15,0.18,0.23,0.3,0.35,1
8393,1,0.31,0.34,0.38,0.45,0.51,1
8394,4,0.16,0.19,0.23,0.28,0.34,1
8395,2,0.25,0.3,0.34,0.41,0.5,1
8396,2,0.26,0.3,0.35,0.44,0.47,1
8397,4,0.14,0.17,0.23,0.31,0.37,1
8398,3,0.2,0.23,0.28,0.34,0.39,1
8399,4,0.18,0.23,0.26,0.32,0.37,1
8400,1,0.31,0.37,0.47,0.54,0.61,1
8401,2,0.23,0.3,0.34,0.36,0.42,1
8402,3,0.2,0.24,0.3,0.34,0.38,2
8403,3,0.24,0.26,0.31,0.33,0.38,1
8404,4,0.2,0.23,0.27,0.3,0.39,1
8405,3,0.21,0.26,0.31,0.36,0.43,1
8406,1,0.3,0.37,0.4,0.47,0.54,2
8407,3,0.18,0.23,0.28,0.35,0.42,2
8408,4,0.17,0.2,0.27,0.3,0.32,1
8409,1,0.29,0.35,0.4,0.46,0.54,1
8410,4,0.16,0.21,0.25,0.32,0.37,1
8411,4,0.19,0.21,0.27,0.31,0.36,1
8412,2,0.24,0.3,0.35,0.42,0.47,1
8413,1,0.31,0.39,0.47,0.55,0.59,1
8414,3,0.18,0.23,0.28,0.37,0.4,1
8415,5,0.13,0.16,0.21,0.27,0.32,1
8416,1,0.31,0.37,0.43,0.48,0.58,1
8417,2,0.24,0.31,0.38,0.44,0.51,1
8418,5,0.13,0.15,0.17,0.23,0.3,1
8419,3,0.19,0.24,0.3,0.35,0.38,1
8420,1,0.31,0.37,0.4,0.46,0.54,1
8421,3,0.2,0.25,0.3,0.34,0.42,1
8422,5,0.13,0.15,0.2,0.22,0.3,2
8423,3,0.21,0.25,0.3,0.36,0.42,1
8424,3,0.18,0.22,0.28,0.36,0.42,2
8425,2,0.25,0.3,0.36,0.43,0.48,1
8426,2,0.23,0.28,0.32,0.4,0.49,1
8427,1,0.3,0.36,0.4,0.46,0.52,1
8428,3,0.2,0.24,0.3,0.38,0.44,1
8429,2,0.26,0.32,0.36,0.39,0.45,1
8430,2,0.26,0.31,0.34,0.4,0.44,1
8431,2,0.27,0.32,0.38,0.44,0.49,2
8432,2,0.24,0.28,0.32,0.36,0.41,1
8433,2,0.24,0.3,0.34,0.39,0.45,1
8434,3,0.21,0.26,0.3,0.36,0.42,1
8435,2,0.23,0.31,0.36,0.44,0.51,2
8436,2,0.22,0.29,0.32,0.36,0.43,1
8437,5,0.16,0.18,0.23,0.26,0.3,1
8438,2,0.22,0.28,0.34,0.39,0.46,1
8439,3,0.17,0.23,0.28,0.32,0.4,1
8440,4,0.14,0.21,0.24,0.3,0.37,1
8441,4,0.17,0.22,0.28,0.31,0.36,1
8442,2,0.24,0.29,0.35,0.41,0.47,1
8443,3,0.24,0.27,0.3,0.34,0.39,3
8444,3,0.22,0.26,0.31,0.39,0.47,4
8445,2,0.24,0.29,0.36,0.41,0.49,2
8446,5,0.16,0.19,0.23,0.25,0.3,1
8447,4,0.18,0.21,0.25,0.31,0.38,2
8448,3,0.22,0.27,0.32,0.34,0.39,1
8449,2,0.26,0.32,0.35,0.38,0.43,1
8450,1,0.29,0.33,0.42,0.48,0.57,1
8451,2,0.23,0.29,0.31,0.38,0.46,1
8452,3,0.21,0.26,0.31,0.33,0.39,1
8453,5,0.15,0.19,0.2,0.25,0.3,1
8454,2,0.27,0.3,0.36,0.41,0.45,1
8455,5,0.12,0.14,0.18,0.2,0.28,1
8456,3,0.19,0.25,0.31,0.35,0.4,1
8457,2,0.22,0.28,0.32,0.36,0.43,1
8458,2,0.25,0.3,0.32,0.34,0.42,1
8459,3,0.24,0.27,0.31,0.38,0.44,1
8460,1,0.31,0.35,0.42,0.5,0.52,2
8461,5,0.15,0.17,0.21,0.27,0.32,1
8462,1,0.3,0.36,0.4,0.45,0.52,1
8463,3,0.23,0.27,0.32,0.37,0.44,1
8464,3,0.22,0.23,0.29,0.32,0.37,1
8465,3,0.21,0.25,0.29,0.34,0.39,1
8466,4,0.14,0.16,0.21,0.28,0.32,2
8467,2,0.27,0.29,0.34,0.4,0.44,1
8468,2,0.26,0.31,0.39,0.43,0.5,1
8469,1,0.3,0.32,0.39,0.47,0.51,3
8470,5,0.14,0.15,0.2,0.26,0.3,1
8471,4,0.16,0.2,0.27,0.32,0.39,1
8472,4,0.2,0.24,0.28,0.3,0.34,2
8473,3,0.24,0.27,0.32,0.36,0.43,3
8474,2,0.22,0.29,0.33,0.43,0.52,2
8475,1,0.32,0.39,0.45,0.53,0.6,1
8476,5,0.13,0.16,0.21,0.25,0.29,1
8477,1,0.28,0.32,0.36,0.41,0.46,1
8478,4,0.15,0.18,0.25,0.3,0.37,1
8479,3,0.18,0.21,0.28,0.35,0.37,1
8480,3,0.2,0.22,0.29,0.37,0.43,3
8481,5,0.13,0.16,0.2,0.27,0.32,2
8482,1,0.31,0.36,0.42,0.48,0.54,1
8483,3,0.2,0.25,0.31,0.36,0.43,2
8484,3,0.24,0.25,0.29,0.33,0.36,1
8485,4,0.15,0.19,0.24,0.29,0.32,1
8486,2,0.26,0.31,0.37,0.44,0.5,2
8487,5,0.12,0.15,0.18,0.22,0.28,1
8488,4,0.15,0.19,0.22,0.28,0.32,1
8489,5,0.14,0.2,0.22,0.27,0.32,1
8490,5,0.13,0.14,0.19,0.25,0.31,1
8491,1,0.28,0.32,0.35,0.39,0.46,2
8492,3,0.24,0.27,0.29,0.34,0.42,1
8493,1,0.28,0.32,0.37,0.4,0.43,1
8494,4,0.18,0.25,0.27,0.31,0.39,1
8495,2,0.23,0.3,0.37,0.43,0.47,1
8496,1,0.3,0.34,0.39,0.48,0.52,1
8497,4,0.19,0.21,0.26,0.31,0.34,1
8498,1,0.29,0.35,0.38,0.44,0.47,1
8499,4,0.16,0.22,0.27,0.31,0.37,1
8500,1,0.28,0.34,0.39,0.46,0.52,1
8501,3,0.22,0.25,0.29,0.32,0.37,1
8502,2,0.24,0.29,0.33,0.37,0.41,1
8503,3,0.18,0.26,0.3,0.33,0.39,1
8504,5,0.13,0.16,0.2,0.24,0.31,2
8505,4,0.17,0.2,0.24,0.29,0.33,1
8506,2,0.25,0.32,0.39,0.44,0.49,1
8507,5,0.16,0.2,0.24,0.26,0.31,1
8508,3,0.17,0.22,0.28,0.34,0.39,1
8509,3,0.22,0.26,0.32,0.37,0.43,1
8510,5,0.14,0.18,0.2,0.25,0.28,1
8511,1,0.29,0.37,0.41,0.49,0.57,1
8512,4,0.14,0.19,0.24,0.32,0.36,1
8513,4,0.16,0.2,0.24,0.29,0.35,2
8514,4,0.2,0.21,0.24,0.3,0.37,1
8515,2,0.25,0.3,0.35,0.41,0.49,1
8516,1,0.3,0.37,0.45,0.5,0.55,1
8517,4,0.2,0.23,0.26,0.31,0.35,1
8518,1,0.3,0.36,0.39,0.44,0.48,1
8519,3,0.21,0.27,0.32,0.36,0.44,1
8520,4,0.2,0.22,0.27,0.32,0.38,1
8521,3,0.21,0.27,0.32,0.36,0.44,1
8522,3,0.23,0.27,0.31,0.33,0.39,1
8523,1,0.29,0.31,0.35,0.42,0.46,1
8524,1,0.32,0.36,0.42,0.51,0.58,1
8525,3,0.19,0.24,0.32,0.35,0.4,1
8526,5,0.11,0.13,0.2,0.23,0.28,1
8527,5,0.12,0.15,0.18,0.22,0.29,1
8528,4,0.22,0.24,0.26,0.29,0.31,1
8529,4,0.14,0.19,0.23,0.29,0.33,1
8530,5,0.17,0.18,0.21,0.26,0.31,1
8531,2,0.22,0.28,0.33,0.4,0.48,1
8532,4,0.18,0.22,0.26,0.29,0.33,2
8533,2,0.27,0.31,0.35,0.42,0.45,1
8534,2,0.24,0.28,0.33,0.4,0.45,1
8535,4,0.16,0.18,0.22,0.28,0.33,1
8536,4,0.15,0.18,0.22,0.28,0.33,1
8537,3,0.18,0.24,0.3,0.34,0.39,1
8538,1,0.32,0.34,0.37,0.41,0.49,1
8539,3,0.17,0.22,0.28,0.34,0.4,1
8540,4,0.17,0.22,0.26,0.3,0.33,1
8541,5,0.14,0.17,0.2,0.24,0.28,2
8542,1,0.31,0.35,0.38,0.45,0.49,1
8543,4,0.17,0.22,0.27,0.32,0.39,1
8544,3,0.2,0.24,0.28,0.35,0.44,3
8545,2,0.25,0.3,0.33,0.36,0.38,1
8546,4,0.15,0.2,0.26,0.29,0.32,1
8547,4,0.17,0.22,0.25,0.31,0.37,1
8548,1,0.3,0.35,0.39,0.44,0.5,1
8549,5,0.15,0.19,0.21,0.25,0.32,2
8550,4,0.21,0.25,0.28,0.31,0.36,1
8551,4,0.18,0.22,0.27,0.31,0.37,1
8552,4,0.22,0.23,0.27,0.32,0.37,1
8553,5,0.14,0.17,0.22,0.27,0.3,1
8554,3,0.2,0.27,0.32,0.38,0.42,1
8555,4,0.16,0.19,0.25,0.32,0.36,1
8556,5,0.13,0.15,0.16,0.22,0.28,1
8557,1,0.31,0.34,0.36,0.43,0.49,1
8558,3,0.19,0.23,0.3,0.38,0.41,1
8559,1,0.31,0.37,0.39,0.42,0.5,1
8560,3,0.22,0.25,0.31,0.37,0.41,1
8561,2,0.24,0.29,0.33,0.4,0.46,1
8562,3,0.24,0.28,0.31,0.34,0.37,1
8563,2,0.23,0.3,0.34,0.4,0.48,1
8564,3,0.21,0.24,0.32,0.4,0.47,2
8565,4,0.12,0.16,0.19,0.28,0.33,1
8566,2,0.23,0.3,0.35,0.37,0.42,1
8567,3,0.2,0.24,0.3,0.34,0.41,1
8568,2,0.26,0.32,0.41,0.49,0.56,1
8569,3,0.22,0.28,0.31,0.36,0.4,1
8570,1,0.28,0.33,0.38,0.43,0.51,1
8571,4,0.18,0.22,0.23,0.28,0.33,1
8572,3,0.22,0.27,0.31,0.34,0.39,1
8573,3,0.23,0.27,0.32,0.39,0.46,1
8574,1,0.29,0.36,0.4,0.47,0.54,1
8575,2,0.27,0.31,0.35,0.41,0.48,1
8576,2,0.26,0.32,0.41,0.47,0.5,1
8577,1,0.31,0.35,0.38,0.46,0.52,1
8578,5,0.12,0.17,0.19,0.22,0.3,1
8579,2,0.26,0.3,0.35,0.4,0.44,1
8580,3,0.2,0.23,0.3,0.38,0.42,1
8581,3,0.23,0.27,0.3,0.33,0.41,3
8582,4,0.17,0.2,0.24,0.28,0.36,1
8583,1,0.32,0.37,0.41,0.49,0.56,1
8584,2,0.26,0.31,0.36,0.4,0.47,1
8585,1,0.29,0.33,0.37,0.43,0.49,1
8586,2,0.24,0.31,0.4,0.49,0.55,1
8587,5,0.14,0.18,0.23,0.25,0.32,1
8588,4,0.17,0.2,0.25,0.3,0.32,3
8589,1,0.28,0.32,0.36,0.39,0.47,1
8590,2,0.26,0.31,0.36,0.42,0.48,1
8591,2,0.23,0.31,0.37,0.4,0.46,2
8592,2,0.25,0.29,0.35,0.4,0.47,1
8593,4,0.13,0.18,0.22,0.28,0.34,1
8594,1,0.31,0.36,0.42,0.5,0.58,1
8595,4,0.17,0.23,0.26,0.28,0.32,1
8596,5,0.15,0.18,0.23,0.28,0.29,1
8597,3,0.22,0.25,0.29,0.31,0.36,1
8598,3,0.19,0.24,0.3,0.35,0.38,1
8599,3,0.2,0.24,0.28,0.34,0.38,1
8600,5,0.09,0.13,0.19,0.23,0.28,2
8601,4,0.15,0.18,0.25,0.3,0.35,1
8602,5,0.13,0.16,0.18,0.21,0.28,1
8603,1,0.28,0.34,0.42,0.46,0.52,1
8604,4,0.16,0.22,0.26,0.31,0.34,2
8605,1,0.29,0.33,0.38,0.44,0.53,1
8606,3,0.21,0.24,0.28,0.32,0.39,1
8607,4,0.18,0.23,0.27,0.32,0.39,1
8608,2,0.23,0.29,0.36,0.43,0.48,1
8609,4,0.16,0.22,0.25,0.28,0.33,1
8610,1,0.29,0.33,0.39,0.44,0.51,1
8611,5,0.15,0.2,0.23,0.25,0.3,1
8612,5,0.13,0.17,0.19,0.24,0.28,1
8613,2,0.24,0.3,0.36,0.42,0.46,1
8614,3,0.16,0.23,0.28,0.34,0.38,1
8615,2,0.25,0.28,0.33,0.39,0.42,1
8616,4,0.21,0.24,0.28,0.31,0.37,1
8617,1,0.3,0.35,0.42,0.53,0.6,1
8618,4,0.23,0.24,0.27,0.32,0.39,1
8619,3,0.23,0.25,0.3,0.37,0.43,1
8620,2,0.28,0.31,0.35,0.39,0.42,2
8621,5,0.13,0.16,0.19,0.23,0.28,1
8622,3,0.19,0.24,0.28,0.32,0.38,1
8623,4,0.22,0.25,0.28,0.3,0.35,1
8624,3,0.19,0.23,0.29,0.35,0.41,1
8625,5,0.14,0.16,0.2,0.23,0.29,2
8626,1,0.28,0.36,0.4,0.45,0.49,1
8627,5,0.13,0.17,0.21,0.25,0.3,1
8628,5,0.15,0.18,0.21,0.24,0.29,2
8629,2,0.26,0.31,0.37,0.43,0.49,3
8630,5,0.12,0.14,0.19,0.25,0.3,1
8631,1,0.3,0.38,0.42,0.45,0.5,1
8632,4,0.17,0.21,0.27,0.31,0.39,2
8633,3,0.19,0.24,0.32,0.4,0.43,2
8634,5,0.13,0.17,0.2,0.26,0.32,1
8635,1,0.29,0.36,0.46,0.52,0.6,1
8636,1,0.31,0.38,0.44,0.5,0.54,1
8637,4,0.19,0.21,0.25,0.3,0.35,1
8638,3,0.19,0.26,0.3,0.35,0.38,1
8639,1,0.28,0.33,0.37,0.43,0.51,1
8640,5,0.13,0.15,0.18,0.22,0.29,1
8641,4,0.18,0.22,0.26,0.32,0.35,1
8642,5,0.14,0.17,0.22,0.25,0.31,1
8643,2,0.23,0.29,0.33,0.38,0.45,2
8644,3,0.21,0.25,0.28,0.35,0.38,1
8645,2,0.27,0.31,0.37,0.41,0.48,2
8646,4,0.17,0.21,0.26,0.31,0.36,1
8647,3,0.23,0.25,0.29,0.33,0.35,1
8648,3,0.22,0.27,0.31,0.38,0.44,1
8649,2,0.24,0.28,0.32,0.36,0.47,1
8650,4,0.18,0.22,0.27,0.31,0.38,1
8651,1,0.29,0.34,0.36,0.42,0.43,1
8652,2,0.25,0.29,0.36,0.4,0.42,1
8653,3,0.19,0.24,0.32,0.38,0.42,1
8654,1,0.32,0.39,0.42,0.46,0.5,1
8655,1,0.3,0.36,0.41,0.46,0.52,1
8656,3,0.2,0.25,0.31,0.36,0.41,1
8657,2,0.21,0.28,0.34,0.37,0.4,1
8658,1,0.28,0.33,0.41,0.44,0.52,1
8659,5,0.13,0.18,0.2,0.26,0.31,1
8660,4,0.14,0.18,0.24,0.28,0.34,1
8661,4,0.15,0.2,0.24,0.29,0.34,1
8662,2,0.27,0.32,0.36,0.43,0.47,1
8663,2,0.26,0.32,0.35,0.42,0.49,2
8664,4,0.15,0.18,0.24,0.28,0.35,1
8665,4,0.19,0.23,0.27,0.32,0.37,1
8666,4,0.15,0.19,0.26,0.3,0.36,1
8667,2,0.25,0.29,0.32,0.37,0.43,1
8668,5,0.11,0.14,0.19,0.24,0.29,1
8669,2,0.21,0.28,0.33,0.38,0.41,1
8670,2,0.22,0.3,0.34,0.37,0.41,1
8671,4,0.14,0.2,0.25,0.3,0.33,1
8672,4,0.14,0.18,0.23,0.3,0.35,1
8673,2,0.23,0.3,0.34,0.39,0.45,1
8674,3,0.19,0.26,0.31,0.36,0.4,1
8675,3,0.23,0.28,0.3,0.34,0.35,1
8676,4,0.16,0.21,0.22,0.28,0.33,1
8677,5,0.13,0.16,0.19,0.24,0.29,1
8678,5,0.13,0.17,0.21,0.26,0.31,1
8679,2,0.25,0.31,0.37,0.42,0.48,1
8680,1,0.31,0.35,0.4,0.44,0.52,1
8681,4,0.19,0.23,0.25,0.28,0.32,1
8682,1,0.28,0.33,0.37,0.4,0.48,1
8683,1,0.3,0.36,0.44,0.45,0.48,1
8684,1,0.32,0.36,0.42,0.46,0.5,1
8685,1,0.3,0.36,0.41,0.49,0.53,3
8686,5,0.12,0.16,0.19,0.23,0.28,1
8687,1,0.3,0.37,0.42,0.49,0.54,1
8688,3,0.21,0.24,0.3,0.34,0.38,2
8689,5,0.14,0.17,0.2,0.25,0.29,1
8690,4,0.19,0.22,0.27,0.3,0.36,1
8691,4,0.15,0.19,0.23,0.31,0.37,1
8692,2,0.24,0.31,0.36,0.44,0.52,1
8693,1,0.29,0.32,0.36,0.39,0.45,1
8694,1,0.28,0.32,0.38,0.42,0.48,1
8695,2,0.21,0.3,0.35,0.4,0.46,1
8696,3,0.2,0.23,0.31,0.37,0.46,1
8697,1,0.3,0.34,0.41,0.49,0.55,1
8698,4,0.16,0.2,0.25,0.31,0.37,1
8699,1,0.31,0.35,0.43,0.47,0.5,1
8700,4,0.15,0.2,0.25,0.31,0.37,2
8701,3,0.21,0.27,0.3,0.36,0.38,1
8702,3,0.23,0.25,0.29,0.35,0.41,1
8703,3,0.21,0.24,0.3,0.34,0.38,1
8704,2,0.28,0.31,0.37,0.44,0.49,1
8705,1,0.32,0.34,0.42,0.49,0.54,1
8706,3,0.2,0.24,0.3,0.34,0.39,2
8707,1,0.31,0.35,0.43,0.47,0.51,1
8708,3,0.2,0.27,0.32,0.35,0.43,1
8709,3,0.22,0.25,0.31,0.37,0.41,1
8710,4,0.2,0.24,0.27,0.32,0.4,1
8711,2,0.25,0.3,0.37,0.44,0.5,1
8712,3,0.19,0.25,0.3,0.37,0.41,1
8713,2,0.26,0.29,0.34,0.37,0.43,1
8714,5,0.16,0.2,0.23,0.28,0.31,1
8715,5,0.13,0.16,0.18,0.22,0.28,1
8716,3,0.23,0.26,0.3,0.36,0.4,1
8717,4,0.16,0.19,0.22,0.3,0.38,1
8718,3,0.22,0.29,0.3,0.33,0.35,1
8719,1,0.32,0.36,0.41,0.44,0.47,1
8720,3,0.21,0.25,0.3,0.35,0.4,2
8721,2,0.22,0.28,0.33,0.38,0.46,1
8722,4,0.17,0.21,0.26,0.29,0.32,1
8723,4,0.16,0.22,0.26,0.31,0.36,1
8724,5,0.14,0.15,0.21,0.26,0.31,1
8725,5,0.14,0.17,0.22,0.25,0.3,1
8726,3,0.19,0.22,0.29,0.36,0.41,2
8727,4,0.17,0.2,0.26,0.31,0.35,1
8728,2,0.26,0.3,0.33,0.39,0.45,2
8729,2,0.26,0.3,0.34,0.41,0.45,1
8730,1,0.3,0.37,0.45,0.51,0.54,1
8731,2,0.25,0.3,0.37,0.38,0.42,1
8732,3,0.19,0.24,0.29,0.32,0.33,1
8733,3,0.22,0.26,0.3,0.34,0.39,1
8734,1,0.3,0.33,0.37,0.4,0.43,1
8735,3,0.21,0.27,0.32,0.38,0.42,1
8736,5,0.14,0.18,0.21,0.26,0.32,1
8737,4,0.17,0.2,0.24,0.31,0.35,1
8738,2,0.28,0.3,0.36,0.39,0.46,1
8739,1,0.29,0.35,0.41,0.49,0.54,1
8740,4,0.2,0.24,0.27,0.29,0.33,1
8741,1,0.31,0.35,0.4,0.49,0.52,2
8742,1,0.32,0.36,0.43,0.48,0.57,1
8743,1,0.32,0.39,0.44,0.48,0.54,1
8744,2,0.26,0.31,0.39,0.44,0.52,1
8745,5,0.14,0.17,0.22,0.27,0.32,1
8746,4,0.16,0.2,0.25,0.31,0.35,1
8747,4,0.2,0.24,0.26,0.32,0.36,1
8748,4,0.16,0.2,0.23,0.29,0.36,1
8749,1,0.31,0.35,0.41,0.49,0.54,1
8750,5,0.15,0.18,0.22,0.25,0.3,1
8751,2,0.28,0.3,0.37,0.42,0.45,1
8752,5,0.12,0.16,0.2,0.25,0.32,1
8753,4,0.17,0.21,0.26,0.32,0.37,2
8754,3,0.18,0.23,0.28,0.34,0.38,1
8755,5,0.15,0.17,0.2,0.25,0.32,2
8756,1,0.31,0.39,0.42,0.52,0.58,1
8757,4,0.15,0.2,0.24,0.29,0.33,1
8758,5,0.13,0.16,0.2,0.24,0.29,1
8759,3,0.21,0.26,0.3,0.35,0.39,1
8760,4,0.17,0.22,0.25,0.3,0.37,1
8761,3,0.22,0.25,0.3,0.33,0.4,2
8762,1,0.3,0.34,0.37,0.42,0.48,3
8763,1,0.29,0.34,0.36,0.43,0.48,1
8764,3,0.2,0.26,0.32,0.36,0.43,1
8765,5,0.13,0.16,0.21,0.27,0.32,1
8766,2,0.28,0.31,0.39,0.48,0.58,1
8767,5,0.13,0.16,0.21,0.26,0.3,1
8768,5,0.12,0.15,0.2,0.24,0.28,1
8769,1,0.3,0.34,0.39,0.43,0.48,1
8770,1,0.31,0.34,0.37,0.45,0.51,2
8771,4,0.19,0.24,0.28,0.31,0.35,4
8772,3,0.2,0.24,0.3,0.35,0.41,1
8773,2,0.26,0.32,0.36,0.42,0.46,1
8774,3,0.21,0.27,0.32,0.37,0.4,1
8775,1,0.32,0.35,0.39,0.45,0.49,1
8776,4,0.17,0.2,0.26,0.32,0.38,3
8777,5,0.14,0.16,0.19,0.24,0.3,2
8778,2,0.24,0.29,0.33,0.38,0.43,1
8779,1,0.3,0.35,0.4,0.47,0.51,1
8780,4,0.2,0.24,0.28,0.3,0.34,3
8781,3,0.2,0.23,0.28,0.33,0.4,2
8782,5,0.15,0.18,0.21,0.26,0.32,1
8783,3,0.24,0.26,0.28,0.35,0.39,1
8784,2,0.25,0.3,0.37,0.41,0.46,2
8785,1,0.3,0.33,0.4,0.48,0.53,1
8786,2,0.25,0.32,0.34,0.4,0.45,1
8787,4,0.15,0.22,0.27,0.32,0.37,3
8788,1,0.29,0.34,0.37,0.44,0.47,1
8789,4,0.19,0.2,0.23,0.28,0.33,1
8790,2,0.25,0.32,0.35,0.41,0.49,2
8791,5,0.1,0.14,0.19,0.22,0.29,1
8792,4,0.19,0.23,0.27,0.31,0.36,1
8793,1,0.28,0.32,0.38,0.43,0.48,1
8794,5,0.18,0.19,0.22,0.26,0.31,1
8795,5,0.16,0.2,0.24,0.27,0.32,1
8796,2,0.24,0.29,0.39,0.44,0.48,1
8797,5,0.13,0.15,0.21,0.25,0.3,1
8798,3,0.18,0.21,0.28,0.33,0.38,1
8799,3,0.2,0.24,0.29,0.34,0.39,1
8800,2,0.26,0.3,0.35,0.43,0.46,1
8801,2,0.27,0.32,0.35,0.42,0.51,1
8802,3,0.17,0.21,0.28,0.35,0.42,2
8803,2,0.25,0.3,0.34,0.39,0.46,1
8804,5,0.1,0.15,0.19,0.22,0.29,1
8805,3,0.22,0.25,0.32,0.35,0.4,1
8806,5,0.12,0.16,0.19,0.25,0.28,1
8807,5,0.14,0.18,0.21,0.23,0.28,1
8808,2,0.24,0.3,0.38,0.43,0.53,1
8809,2,0.26,0.32,0.38,0.43,0.49,1
8810,3,0.2,0.25,0.3,0.34,0.41,1
8811,2,0.27,0.32,0.36,0.42,0.49,1
8812,2,0.27,0.3,0.37,0.43,0.51,1
8813,1,0.28,0.32,0.38,0.46,0.5,1
8814,1,0.29,0.38,0.43,0.5,0.58,1
8815,3,0.23,0.26,0.3,0.37,0.43,1
8816,3,0.21,0.25,0.31,0.38,0.43,1
8817,3,0.2,0.23,0.29,0.31,0.35,2
8818,5,0.11,0.15,0.19,0.24,0.28,1
8819,4,0.18,0.2,0.22,0.28,0.32,1
8820,1,0.29,0.36,0.41,0.44,0.49,1
8821,4,0.16,0.2,0.24,0.3,0.37,2
8822,2,0.24,0.31,0.38,0.41,0.49,1
8823,2,0.27,0.32,0.39,0.45,0.53,2
8824,3,0.19,0.23,0.31,0.37,0.44,1
8825,1,0.3,0.34,0.39,0.46,0.53,1
8826,1,0.3,0.35,0.44,0.46,0.54,1
8827,1,0.29,0.31,0.37,0.46,0.51,1
8828,1,0.32,0.38,0.45,0.51,0.57,2
8829,5,0.15,0.17,0.2,0.24,0.3,1
8830,2,0.25,0.31,0.36,0.41,0.47,1
8831,5,0.16,0.2,0.22,0.26,0.3,1
8832,5,0.15,0.19,0.26,0.28,0.29,1
8833,3,0.24,0.28,0.3,0.34,0.42,2
8834,4,0.14,0.2,0.24,0.32,0.35,1
8835,1,0.32,0.37,0.41,0.47,0.55,1
8836,4,0.17,0.2,0.23,0.28,0.33,1
8837,2,0.24,0.29,0.36,0.4,0.43,1
8838,1,0.28,0.32,0.34,0.4,0.46,1
8839,1,0.32,0.38,0.41,0.46,0.5,1
8840,4,0.17,0.2,0.26,0.3,0.38,2
8841,4,0.17,0.21,0.26,0.32,0.37,1
8842,5,0.19,0.22,0.23,0.26,0.3,1
8843,4,0.14,0.18,0.24,0.28,0.34,1
8844,4,0.14,0.18,0.24,0.28,0.33,1
8845,4,0.18,0.22,0.26,0.29,0.34,1
8846,5,0.13,0.18,0.23,0.27,0.32,1
8847,2,0.24,0.28,0.32,0.39,0.44,1
8848,3,0.19,0.25,0.29,0.31,0.38,1
8849,3,0.2,0.24,0.3,0.36,0.42,1
8850,4,0.15,0.17,0.21,0.28,0.33,1
8851,3,0.2,0.25,0.3,0.34,0.43,1
8852,5,0.17,0.2,0.23,0.24,0.29,1
8853,5,0.1,0.14,0.17,0.22,0.28,1
8854,3,0.21,0.26,0.31,0.34,0.39,1
8855,4,0.14,0.21,0.26,0.32,0.38,1
8856,3,0.17,0.23,0.28,0.35,0.4,1
8857,2,0.25,0.29,0.32,0.38,0.44,1
8858,1,0.3,0.37,0.42,0.47,0.53,1
8859,3,0.18,0.25,0.29,0.31,0.36,1
8860,2,0.26,0.29,0.33,0.39,0.47,1
8861,3,0.22,0.26,0.31,0.36,0.43,1
8862,1,0.29,0.33,0.36,0.43,0.51,1
8863,5,0.14,0.17,0.18,0.25,0.3,1
8864,3,0.17,0.2,0.28,0.33,0.39,1
8865,1,0.31,0.38,0.41,0.48,0.49,1
8866,4,0.2,0.22,0.23,0.28,0.34,1
8867,3,0.23,0.27,0.32,0.35,0.42,1
8868,2,0.24,0.29,0.34,0.38,0.44,1
8869,1,0.32,0.39,0.44,0.5,0.56,1
8870,3,0.18,0.23,0.31,0.35,0.42,2
8871,2,0.29,0.3,0.33,0.39,0.46,1
8872,4,0.18,0.22,0.24,0.3,0.33,1
8873,5,0.13,0.16,0.23,0.27,0.29,1
8874,3,0.18,0.22,0.31,0.37,0.43,1
8875,5,0.09,0.12,0.18,0.24,0.32,1
8876,3,0.18,0.23,0.3,0.35,0.4,1
8877,3,0.23,0.25,0.28,0.33,0.37,1
8878,2,0.22,0.29,0.34,0.39,0.45,1
8879,4,0.19,0.21,0.24,0.3,0.36,1
8880,4,0.15,0.19,0.25,0.28,0.33,1
8881,4,0.21,0.23,0.27,0.32,0.4,1
8882,5,0.12,0.15,0.18,0.25,0.32,1
8883,4,0.18,0.2,0.24,0.3,0.32,2
8884,5,0.13,0.18,0.2,0.27,0.32,1
8885,4,0.14,0.18,0.25,0.3,0.37,1
8886,1,0.3,0.36,0.43,0.52,0.58,1
8887,4,0.18,0.23,0.26,0.32,0.4,1
8888,2,0.25,0.29,0.36,0.4,0.45,1
8889,1,0.29,0.36,0.39,0.42,0.47,1
8890,3,0.22,0.25,0.31,0.32,0.38,1
8891,2,0.23,0.31,0.32,0.39,0.42,1
8892,3,0.18,0.23,0.32,0.37,0.46,1
8893,4,0.17,0.2,0.24,0.28,0.33,1
8894,5,0.14,0.17,0.2,0.23,0.3,1
8895,2,0.26,0.32,0.36,0.42,0.5,1
8896,3,0.21,0.24,0.28,0.34,0.38,1
8897,3,0.23,0.27,0.31,0.35,0.41,1
8898,3,0.22,0.27,0.3,0.35,0.39,1
8899,1,0.32,0.35,0.4,0.46,0.5,1
8900,5,0.13,0.16,0.19,0.24,0.29,1
8901,4,0.17,0.22,0.25,0.28,0.33,1
8902,5,0.12,0.16,0.2,0.23,0.29,1
8903,2,0.24,0.28,0.32,0.36,0.39,2
8904,4,0.19,0.21,0.27,0.31,0.36,1
8905,4,0.21,0.24,0.28,0.3,0.34,1
8906,3,0.19,0.23,0.31,0.35,0.4,2
8907,2,0.25,0.32,0.35,0.4,0.44,1
8908,3,0.18,0.24,0.31,0.33,0.36,1
8909,2,0.25,0.3,0.34,0.38,0.46,1
8910,5,0.14,0.18,0.24,0.27,0.31,1
8911,5,0.1,0.15,0.19,0.25,0.32,2
8912,2,0.25,0.31,0.36,0.42,0.45,2
8913,1,0.31,0.35,0.39,0.46,0.51,1
8914,2,0.24,0.29,0.33,0.37,0.44,2
8915,1,0.28,0.34,0.4,0.48,0.54,1
8916,5,0.13,0.15,0.2,0.26,0.32,1
8917,2,0.2,0.28,0.33,0.39,0.42,1
8918,1,0.29,0.33,0.37,0.44,0.47,1
8919,5,0.13,0.16,0.2,0.26,0.28,1
8920,1,0.29,0.32,0.35,0.46,0.52,1
8921,2,0.26,0.3,0.36,0.41,0.46,2
8922,3,0.22,0.26,0.3,0.35,0.39,1
8923,2,0.27,0.32,0.38,0.42,0.45,1
8924,5,0.14,0.16,0.19,0.23,0.29,1
8925,5,0.15,0.18,0.2,0.24,0.29,3
8926,1,0.28,0.32,0.37,0.45,0.53,1
8927,3,0.2,0.26,0.29,0.33,0.39,1
8928,1,0.3,0.36,0.42,0.44,0.51,1
8929,5,0.14,0.17,0.22,0.26,0.31,1
8930,2,0.27,0.29,0.33,0.4,0.46,1
8931,2,0.26,0.3,0.33,0.36,0.39,1
8932,1,0.31,0.38,0.45,0.52,0.59,1
8933,4,0.17,0.22,0.23,0.28,0.34,1
8934,3,0.23,0.27,0.32,0.39,0.47,1
8935,1,0.31,0.35,0.4,0.46,0.51,1
8936,1,0.31,0.34,0.37,0.45,0.5,1
8937,3,0.24,0.27,0.32,0.37,0.42,1
8938,5,0.14,0.16,0.19,0.21,0.28,2
8939,5,0.15,0.18,0.23,0.28,0.31,1
8940,1,0.28,0.32,0.33,0.42,0.45,1
8941,2,0.26,0.32,0.38,0.44,0.5,1
8942,3,0.22,0.25,0.31,0.35,0.41,1
8943,5,0.1,0.13,0.18,0.24,0.28,1
8944,3,0.19,0.23,0.29,0.34,0.4,1
8945,5,0.15,0.18,0.21,0.24,0.29,1
8946,1,0.28,0.32,0.35,0.38,0.44,1
8947,2,0.23,0.3,0.34,0.39,0.44,1
8948,5,0.12,0.15,0.18,0.22,0.28,1
8949,1,0.29,0.34,0.4,0.47,0.55,1
8950,1,0.29,0.36,0.4,0.46,0.49,1
8951,4,0.15,0.18,0.23,0.28,0.34,1
8952,2,0.27,0.3,0.32,0.37,0.42,1
8953,5,0.15,0.18,0.21,0.26,0.29,1
8954,2,0.24,0.28,0.34,0.37,0.43,1
8955,1,0.32,0.35,0.42,0.47,0.53,1
8956,3,0.21,0.24,0.3,0.36,0.41,1
8957,3,0.19,0.24,0.29,0.33,0.37,2
8958,5,0.13,0.16,0.19,0.24,0.3,1
8959,3,0.16,0.2,0.28,0.34,0.39,1
8960,4,0.16,0.21,0.27,0.3,0.33,1
8961,4,0.16,0.2,0.23,0.32,0.39,1
8962,3,0.2,0.26,0.29,0.34,0.38,1
8963,3,0.2,0.23,0.29,0.34,0.41,1
8964,4,0.16,0.19,0.24,0.3,0.34,1
8965,1,0.29,0.37,0.42,0.47,0.54,1
8966,1,0.31,0.38,0.45,0.47,0.51,1
8967,3,0.18,0.21,0.28,0.33,0.36,1
8968,5,0.12,0.16,0.19,0.25,0.3,1
8969,1,0.32,0.37,0.41,0.48,0.54,1
8970,2,0.24,0.32,0.35,0.39,0.46,1
8971,1,0.31,0.34,0.4,0.44,0.53,1
8972,1,0.3,0.33,0.36,0.4,0.48,1
8973,2,0.23,0.3,0.33,0.38,0.44,1
8974,3,0.2,0.26,0.31,0.34,0.4,1
8975,2,0.24,0.32,0.38,0.43,0.47,2
8976,3,0.19,0.25,0.29,0.33,0.4,1
8977,2,0.23,0.29,0.35,0.41,0.46,1
8978,4,0.17,0.22,0.26,0.3,0.35,1
8979,3,0.19,0.23,0.28,0.32,0.38,1
8980,5,0.15,0.18,0.21,0.23,0.29,1
8981,3,0.21,0.25,0.3,0.37,0.4,1
8982,3,0.22,0.25,0.31,0.4,0.45,2
8983,5,0.13,0.16,0.22,0.25,0.29,1
8984,2,0.22,0.32,0.34,0.4,0.49,1
8985,5,0.13,0.17,0.18,0.24,0.28,1
8986,4,0.16,0.19,0.24,0.28,0.36,1
8987,3,0.19,0.24,0.3,0.34,0.38,3
8988,4,0.16,0.22,0.26,0.31,0.38,1
8989,4,0.15,0.18,0.25,0.31,0.4,1
8990,1,0.32,0.39,0.45,0.51,0.59,1
8991,1,0.29,0.31,0.35,0.39,0.45,1
8992,3,0.24,0.27,0.3,0.36,0.42,1
8993,1,0.32,0.34,0.45,0.48,0.57,2
8994,4,0.2,0.21,0.25,0.3,0.38,1
8995,1,0.32,0.36,0.41,0.45,0.51,1
8996,5,0.11,0.14,0.19,0.22,0.28,2
8997,1,0.28,0.36,0.41,0.46,0.52,1
8998,5,0.12,0.14,0.19,0.23,0.28,1
8999,1,0.32,0.41,0.43,0.48,0.55,1
9000,4,0.13,0.16,0.19,0.28,0.36,1
9001,1,0.3,0.35,0.4,0.47,0.53,1
9002,3,0.18,0.23,0.28,0.33,0.35,1
9003,3,0.2,0.22,0.28,0.33,0.39,1
9004,1,0.3,0.33,0.37,0.46,0.51,1
9005,1,0.29,0.34,0.42,0.47,0.52,1
9006,3,0.23,0.26,0.29,0.31,0.35,1
9007,1,0.32,0.4,0.47,0.51,0.55,1
9008,4,0.17,0.22,0.25,0.31,0.39,2
9009,5,0.16,0.19,0.22,0.26,0.32,1
9010,1,0.3,0.34,0.37,0.43,0.48,1
9011,5,0.11,0.14,0.19,0.24,0.29,2
9012,5,0.12,0.16,0.2,0.27,0.32,1
9013,2,0.22,0.28,0.32,0.35,0.41,1
9014,3,0.17,0.2,0.28,0.32,0.39,1
9015,5,0.13,0.16,0.2,0.24,0.29,1
9016,2,0.22,0.28,0.34,0.39,0.41,1
9017,4,0.15,0.2,0.25,0.32,0.38,1
9018,5,0.13,0.17,0.22,0.25,0.31,1
9019,5,0.11,0.13,0.16,0.2,0.28,1
9020,1,0.29,0.36,0.41,0.43,0.48,1
9021,3,0.2,0.24,0.28,0.32,0.36,1
9022,3,0.2,0.26,0.29,0.35,0.42,1
9023,3,0.18,0.26,0.31,0.36,0.41,1
9024,5,0.11,0.14,0.19,0.22,0.28,1
9025,1,0.3,0.32,0.38,0.43,0.52,1
9026,5,0.15,0.19,0.24,0.25,0.3,1
9027,3,0.18,0.22,0.28,0.33,0.38,2
9028,2,0.27,0.29,0.35,0.38,0.45,1
9029,1,0.28,0.32,0.41,0.46,0.49,1
9030,3,0.23,0.27,0.3,0.39,0.45,1
9031,3,0.2,0.24,0.3,0.36,0.44,2
9032,1,0.29,0.35,0.38,0.41,0.45,1
9033,5,0.13,0.17,0.21,0.27,0.32,1
9034,4,0.17,0.21,0.27,0.3,0.35,1
9035,4,0.14,0.19,0.24,0.28,0.34,1
9036,3,0.2,0.23,0.29,0.34,0.37,1
9037,3,0.2,0.24,0.28,0.34,0.4,1
9038,4,0.14,0.17,0.22,0.28,0.33,1
9039,2,0.24,0.29,0.34,0.4,0.45,1
9040,5,0.15,0.19,0.23,0.26,0.31,1
9041,4,0.17,0.23,0.24,0.29,0.35,1
9042,1,0.28,0.35,0.44,0.5,0.54,1
9043,3,0.19,0.25,0.31,0.36,0.39,1
9044,2,0.26,0.29,0.39,0.46,0.53,1
9045,5,0.15,0.17,0.2,0.28,0.31,1
9046,2,0.25,0.31,0.33,0.39,0.41,1
9047,4,0.18,0.2,0.24,0.28,0.34,1
9048,5,0.13,0.18,0.21,0.26,0.29,1
9049,5,0.15,0.2,0.23,0.26,0.3,2
9050,5,0.15,0.18,0.19,0.22,0.3,2
9051,1,0.3,0.35,0.39,0.45,0.51,1
9052,2,0.25,0.3,0.36,0.4,0.45,1
9053,2,0.26,0.29,0.33,0.35,0.41,1
9054,1,0.31,0.36,0.41,0.47,0.5,1
9055,5,0.14,0.16,0.2,0.26,0.32,1
9056,4,0.17,0.19,0.23,0.3,0.33,1
9057,5,0.14,0.17,0.19,0.25,0.31,2
9058,4,0.17,0.2,0.24,0.29,0.33,1
9059,5,0.14,0.16,0.21,0.25,0.29,1
9060,5,0.1,0.13,0.17,0.2,0.28,1
9061,4,0.12,0.15,0.22,0.28,0.33,1
9062,2,0.27,0.32,0.37,0.41,0.47,1
9063,2,0.23,0.28,0.33,0.35,0.44,1
9064,1,0.29,0.35,0.42,0.5,0.56,1
9065,1,0.3,0.36,0.41,0.47,0.55,1
9066,3,0.21,0.26,0.29,0.34,0.38,1
9067,2,0.25,0.31,0.35,0.43,0.45,1
9068,4,0.17,0.2,0.25,0.3,0.36,1
9069,1,0.3,0.34,0.38,0.41,0.47,1
9070,3,0.2,0.23,0.3,0.34,0.4,1
9071,5,0.14,0.16,0.18,0.22,0.29,1
9072,4,0.14,0.19,0.23,0.31,0.35,1
9073,2,0.24,0.3,0.38,0.43,0.52,1
9074,4,0.18,0.21,0.26,0.31,0.35,1
9075,3,0.21,0.23,0.28,0.33,0.4,2
9076,2,0.24,0.28,0.32,0.35,0.4,1
9077,5,0.16,0.18,0.21,0.25,0.3,1
9078,4,0.19,0.22,0.25,0.28,0.34,1
9079,4,0.21,0.22,0.26,0.31,0.34,1
9080,2,0.25,0.31,0.35,0.42,0.47,1
9081,4,0.13,0.16,0.22,0.29,0.34,1
9082,5,0.09,0.13,0.16,0.22,0.28,1
9083,5,0.15,0.17,0.22,0.27,0.29,1
9084,3,0.22,0.24,0.31,0.37,0.43,1
9085,4,0.17,0.21,0.24,0.3,0.36,1
9086,5,0.13,0.17,0.2,0.23,0.3,1
9087,4,0.18,0.23,0.25,0.32,0.36,1
9088,4,0.14,0.18,0.21,0.29,0.31,2
9089,2,0.22,0.28,0.39,0.44,0.48,1
9090,4,0.2,0.26,0.28,0.3,0.36,1
9091,4,0.15,0.17,0.22,0.28,0.33,1
9092,4,0.17,0.23,0.24,0.3,0.31,1
9093,4,0.17,0.19,0.24,0.28,0.32,1
9094,3,0.16,0.21,0.29,0.33,0.39,1
9095,2,0.23,0.29,0.36,0.39,0.46,1
9096,3,0.2,0.26,0.3,0.38,0.43,1
9097,4,0.19,0.24,0.26,0.28,0.34,1
9098,2,0.25,0.32,0.39,0.44,0.49,2
9099,4,0.16,0.18,0.23,0.3,0.37,1
9100,1,0.29,0.33,0.39,0.46,0.51,1
9101,2,0.27,0.29,0.33,0.39,0.46,1
9102,3,0.2,0.23,0.28,0.32,0.37,1
9103,1,0.3,0.34,0.39,0.45,0.5,1
9104,2,0.21,0.28,0.32,0.34,0.39,1
9105,4,0.2,0.24,0.27,0.31,0.33,1
9106,1,0.28,0.32,0.33,0.39,0.44,1
9107,4,0.15,0.2,0.23,0.28,0.37,2
9108,3,0.23,0.24,0.3,0.38,0.4,2
9109,5,0.14,0.18,0.2,0.24,0.3,1
9110,2,0.23,0.28,0.33,0.39,0.45,1
9111,3,0.2,0.26,0.32,0.37,0.42,2
9112,3,0.17,0.23,0.29,0.35,0.37,1
9113,1,0.3,0.37,0.42,0.46,0.52,1
9114,1,0.29,0.36,0.41,0.45,0.49,1
9115,4,0.14,0.17,0.22,0.29,0.31,1
9116,2,0.22,0.29,0.36,0.4,0.43,1
9117,5,0.14,0.17,0.19,0.24,0.29,1
9118,3,0.22,0.24,0.29,0.34,0.41,1
9119,3,0.18,0.22,0.31,0.34,0.4,2
9120,1,0.32,0.36,0.43,0.49,0.53,1
9121,2,0.26,0.29,0.34,0.41,0.48,1
9122,3,0.2,0.24,0.28,0.36,0.41,1
9123,1,0.32,0.38,0.44,0.51,0.57,1
9124,5,0.13,0.16,0.19,0.23,0.31,1
9125,2,0.27,0.31,0.36,0.43,0.46,1
9126,1,0.3,0.36,0.37,0.4,0.45,1
9127,5,0.14,0.16,0.22,0.26,0.32,1
9128,2,0.24,0.28,0.36,0.43,0.49,1
9129,1,0.28,0.32,0.34,0.35,0.4,1
9130,3,0.18,0.21,0.28,0.35,0.4,1
9131,3,0.18,0.24,0.28,0.32,0.34,1
9132,2,0.24,0.3,0.33,0.42,0.52,2
9133,4,0.15,0.18,0.25,0.31,0.35,1
9134,2,0.23,0.28,0.33,0.37,0.43,1
9135,1,0.3,0.35,0.39,0.44,0.49,1
9136,5,0.1,0.12,0.15,0.23,0.29,1
9137,1,0.28,0.35,0.38,0.44,0.48,2
9138,2,0.2,0.28,0.33,0.4,0.48,1
9139,2,0.24,0.29,0.33,0.41,0.45,1
9140,2,0.25,0.32,0.36,0.42,0.48,1
9141,2,0.23,0.28,0.34,0.4,0.46,1
9142,3,0.23,0.27,0.3,0.38,0.41,1
9143,1,0.29,0.34,0.41,0.5,0.57,1
9144,4,0.22,0.25,0.27,0.32,0.36,1
9145,5,0.17,0.19,0.24,0.27,0.28,1
9146,2,0.23,0.3,0.35,0.4,0.43,1
9147,2,0.23,0.29,0.31,0.36,0.44,1
9148,1,0.3,0.37,0.48,0.56,0.62,1
9149,1,0.3,0.34,0.36,0.41,0.46,1
9150,5,0.12,0.13,0.18,0.21,0.28,1
9151,4,0.14,0.18,0.23,0.28,0.35,1
9152,4,0.18,0.21,0.23,0.29,0.34,1
9153,2,0.23,0.32,0.39,0.42,0.46,1
9154,2,0.27,0.3,0.34,0.41,0.46,1
9155,5,0.13,0.17,0.21,0.26,0.3,1
9156,5,0.14,0.17,0.2,0.27,0.3,1
9157,1,0.3,0.35,0.41,0.45,0.53,1
9158,2,0.2,0.28,0.32,0.41,0.47,1
9159,4,0.15,0.17,0.21,0.28,0.34,3
9160,1,0.28,0.33,0.38,0.46,0.53,1
9161,1,0.29,0.33,0.39,0.44,0.5,1
9162,3,0.22,0.23,0.29,0.35,0.41,1
9163,4,0.2,0.23,0.27,0.32,0.37,2
9164,5,0.12,0.15,0.2,0.25,0.29,1
9165,5,0.13,0.18,0.22,0.25,0.3,1
9166,3,0.2,0.23,0.3,0.34,0.4,1
9167,1,0.31,0.36,0.41,0.5,0.58,1
9168,4,0.14,0.19,0.22,0.3,0.38,1
9169,1,0.32,0.36,0.43,0.48,0.53,1
9170,3,0.18,0.23,0.28,0.33,0.37,2
9171,2,0.25,0.3,0.33,0.38,0.42,1
9172,2,0.26,0.3,0.35,0.4,0.46,1
9173,5,0.14,0.18,0.22,0.26,0.28,1
9174,1,0.32,0.37,0.45,0.52,0.54,1
9175,4,0.18,0.21,0.26,0.29,0.34,1
9176,3,0.2,0.25,0.32,0.38,0.47,2
9177,5,0.12,0.17,0.25,0.28,0.31,1
9178,3,0.19,0.25,0.31,0.36,0.4,1
9179,1,0.29,0.33,0.37,0.42,0.45,1
9180,4,0.13,0.16,0.22,0.28,0.32,1
9181,2,0.24,0.3,0.37,0.4,0.48,1
9182,2,0.26,0.31,0.35,0.37,0.44,1
9183,1,0.28,0.32,0.34,0.38,0.44,1
9184,2,0.24,0.28,0.32,0.38,0.43,1
9185,5,0.11,0.15,0.18,0.25,0.3,1
9186,5,0.13,0.17,0.23,0.25,0.28,2
9187,2,0.27,0.31,0.38,0.44,0.51,1
9188,5,0.14,0.18,0.19,0.25,0.32,1
9189,3,0.19,0.24,0.3,0.31,0.39,1
9190,2,0.24,0.3,0.33,0.38,0.4,1
9191,1,0.32,0.38,0.4,0.45,0.52,1
9192,4,0.17,0.22,0.24,0.29,0.36,1
9193,3,0.18,0.23,0.28,0.32,0.39,1
9194,4,0.16,0.2,0.26,0.32,0.37,1
9195,1,0.29,0.33,0.38,0.42,0.47,1
9196,4,0.13,0.16,0.24,0.3,0.33,1
9197,3,0.2,0.24,0.31,0.38,0.43,1
9198,3,0.18,0.24,0.29,0.35,0.4,2
9199,1,0.29,0.32,0.34,0.41,0.45,1
9200,1,0.31,0.34,0.42,0.45,0.5,1
9201,1,0.3,0.36,0.4,0.44,0.51,1
9202,1,0.31,0.38,0.43,0.5,0.57,1
9203,2,0.25,0.29,0.33,0.39,0.46,1
9204,2,0.23,0.29,0.36,0.4,0.47,2
9205,3,0.22,0.27,0.32,0.34,0.36,1
9206,1,0.29,0.32,0.37,0.44,0.51,1
9207,5,0.13,0.17,0.2,0.22,0.28,2
9208,4,0.19,0.22,0.26,0.3,0.35,1
9209,5,0.13,0.16,0.2,0.26,0.32,1
9210,1,0.32,0.37,0.43,0.49,0.54,1
9211,4,0.15,0.18,0.23,0.28,0.36,1
9212,3,0.19,0.25,0.31,0.32,0.41,1
9213,3,0.2,0.26,0.3,0.34,0.37,1
9214,4,0.18,0.23,0.27,0.31,0.36,1
9215,3,0.2,0.24,0.28,0.33,0.39,2
9216,3,0.18,0.21,0.29,0.33,0.36,1
9217,1,0.31,0.38,0.43,0.52,0.56,1
9218,5,0.12,0.17,0.21,0.26,0.31,1
9219,5,0.15,0.19,0.24,0.25,0.31,1
9220,5,0.13,0.16,0.19,0.23,0.32,1
9221,1,0.31,0.34,0.39,0.45,0.49,1
9222,4,0.16,0.21,0.26,0.29,0.35,1
9223,4,0.17,0.22,0.26,0.29,0.34,2
9224,3,0.19,0.22,0.29,0.36,0.41,1
9225,4,0.17,0.21,0.26,0.31,0.36,1
9226,1,0.29,0.35,0.42,0.48,0.52,1
9227,3,0.22,0.26,0.31,0.38,0.42,2
9228,4,0.17,0.2,0.23,0.3,0.35,1
9229,5,0.12,0.15,0.2,0.25,0.3,1
9230,2,0.24,0.29,0.35,0.4,0.47,1
9231,4,0.15,0.2,0.26,0.31,0.34,2
9232,5,0.14,0.18,0.21,0.23,0.29,1
9233,1,0.29,0.37,0.42,0.48,0.54,1
9234,1,0.29,0.34,0.4,0.49,0.54,2
9235,1,0.28,0.34,0.38,0.45,0.5,1
9236,3,0.18,0.24,0.29,0.33,0.35,1
9237,2,0.24,0.28,0.33,0.38,0.46,2
9238,5,0.15,0.19,0.22,0.25,0.32,1
9239,4,0.17,0.21,0.26,0.3,0.36,1
9240,2,0.28,0.3,0.34,0.36,0.42,1
9241,3,0.21,0.24,0.3,0.32,0.38,1
9242,3,0.23,0.26,0.31,0.38,0.45,1
9243,1,0.32,0.4,0.47,0.55,0.61,1
9244,2,0.24,0.3,0.36,0.42,0.48,1
9245,2,0.25,0.29,0.33,0.38,0.41,1
9246,1,0.29,0.33,0.37,0.42,0.44,1
9247,4,0.15,0.18,0.22,0.28,0.36,2
9248,4,0.15,0.18,0.23,0.29,0.32,1
9249,4,0.21,0.23,0.25,0.29,0.33,1
9250,1,0.29,0.38,0.4,0.44,0.48,1
9251,1,0.29,0.33,0.37,0.42,0.5,1
9252,2,0.25,0.31,0.34,0.37,0.47,1
9253,1,0.3,0.31,0.37,0.4,0.47,1
9254,4,0.2,0.22,0.27,0.31,0.38,1
9255,4,0.17,0.2,0.23,0.28,0.33,1
9256,3,0.17,0.23,0.29,0.34,0.42,1
9257,2,0.26,0.31,0.35,0.41,0.46,1
9258,2,0.26,0.3,0.35,0.41,0.48,1
9259,1,0.32,0.35,0.42,0.48,0.52,1
9260,1,0.31,0.38,0.46,0.52,0.59,1
9261,1,0.29,0.32,0.38,0.41,0.45,1
9262,5,0.13,0.16,0.2,0.26,0.32,1
9263,4,0.18,0.2,0.22,0.29,0.33,1
9264,5,0.14,0.17,0.21,0.25,0.28,1
9265,4,0.16,0.21,0.25,0.3,0.38,1
9266,5,0.14,0.16,0.18,0.23,0.3,1
9267,2,0.23,0.31,0.39,0.43,0.5,1
9268,4,0.15,0.19,0.23,0.31,0.36,1
9269,5,0.1,0.13,0.17,0.21,0.28,1
9270,2,0.27,0.32,0.36,0.41,0.46,1
9271,2,0.28,0.31,0.37,0.42,0.48,1
9272,5,0.11,0.14,0.19,0.25,0.29,1
9273,3,0.21,0.26,0.32,0.36,0.41,1
9274,2,0.27,0.31,0.33,0.39,0.42,1
9275,4,0.15,0.19,0.23,0.3,0.36,1
9276,1,0.32,0.38,0.42,0.48,0.57,1
9277,1,0.3,0.32,0.37,0.44,0.54,1
9278,1,0.3,0.33,0.35,0.39,0.45,1
9279,2,0.25,0.3,0.37,0.41,0.47,1
9280,1,0.28,0.34,0.38,0.42,0.48,1
9281,3,0.21,0.24,0.28,0.33,0.39,1
9282,5,0.12,0.17,0.22,0.27,0.32,1
9283,3,0.27,0.28,0.29,0.37,0.43,1
9284,2,0.24,0.28,0.32,0.37,0.45,1
9285,4,0.15,0.19,0.25,0.32,0.35,1
9286,2,0.22,0.29,0.34,0.38,0.43,1
9287,3,0.22,0.26,0.3,0.36,0.41,1
9288,1,0.31,0.37,0.42,0.49,0.54,1
9289,4,0.15,0.18,0.23,0.3,0.36,2
9290,1,0.31,0.36,0.38,0.44,0.49,1
9291,5,0.12,0.14,0.19,0.23,0.3,1
9292,4,0.15,0.21,0.26,0.29,0.37,2
9293,1,0.32,0.39,0.43,0.47,0.53,1
9294,1,0.32,0.34,0.42,0.48,0.55,1
9295,5,0.11,0.15,0.21,0.24,0.29,1
9296,5,0.15,0.2,0.23,0.25,0.3,1
9297,2,0.24,0.3,0.35,0.42,0.48,1
9298,5,0.11,0.14,0.16,0.21,0.28,1
9299,1,0.29,0.33,0.37,0.43,0.52,1
9300,1,0.32,0.36,0.42,0.5,0.58,1
9301,3,0.17,0.24,0.31,0.33,0.4,1
9302,2,0.25,0.28,0.34,0.39,0.49,1
9303,4,0.21,0.26,0.27,0.31,0.36,1
9304,3,0.18,0.23,0.28,0.34,0.41,1
9305,4,0.18,0.23,0.28,0.31,0.35,1
9306,1,0.28,0.35,0.42,0.49,0.54,1
9307,5,0.14,0.16,0.2,0.25,0.28,1
9308,2,0.24,0.31,0.37,0.41,0.43,1
9309,3,0.18,0.25,0.31,0.38,0.39,1
9310,4,0.15,0.2,0.24,0.28,0.34,1
9311,5,0.16,0.2,0.21,0.24,0.28,2
9312,5,0.13,0.17,0.2,0.24,0.29,3
9313,2,0.21,0.3,0.34,0.42,0.49,2
9314,3,0.2,0.25,0.3,0.36,0.42,2
9315,2,0.24,0.29,0.33,0.41,0.44,1
9316,4,0.18,0.22,0.26,0.32,0.38,1
9317,3,0.22,0.26,0.29,0.34,0.39,1
9318,4,0.16,0.18,0.24,0.31,0.35,1
9319,4,0.14,0.2,0.24,0.31,0.36,1
9320,3,0.2,0.25,0.32,0.35,0.42,1
9321,3,0.21,0.25,0.31,0.38,0.43,1
9322,1,0.29,0.35,0.41,0.49,0.52,1
9323,5,0.15,0.18,0.22,0.25,0.29,1
9324,2,0.24,0.29,0.36,0.38,0.48,1
9325,5,0.14,0.17,0.21,0.26,0.32,1
9326,1,0.28,0.32,0.33,0.38,0.46,1
9327,3,0.21,0.25,0.3,0.35,0.42,1
9328,2,0.25,0.32,0.37,0.39,0.43,1
9329,1,0.32,0.38,0.43,0.49,0.54,1
9330,1,0.28,0.33,0.37,0.42,0.45,1
9331,1,0.31,0.35,0.39,0.43,0.47,1
9332,3,0.23,0.24,0.31,0.36,0.39,1
9333,5,0.1,0.13,0.17,0.22,0.28,1
9334,5,0.13,0.17,0.2,0.25,0.29,1
9335,1,0.3,0.34,0.4,0.47,0.56,1
9336,1,0.32,0.36,0.45,0.51,0.56,1
9337,3,0.21,0.27,0.31,0.38,0.43,1
9338,1,0.31,0.33,0.37,0.43,0.53,1
9339,5,0.17,0.19,0.21,0.25,0.31,2
9340,1,0.3,0.34,0.41,0.47,0.55,1
9341,2,0.21,0.28,0.37,0.42,0.47,1
9342,3,0.22,0.27,0.31,0.36,0.42,2
9343,3,0.21,0.25,0.31,0.38,0.44,1
9344,4,0.22,0.25,0.26,0.29,0.36,1
9345,5,0.14,0.18,0.21,0.26,0.3,1
9346,1,0.31,0.37,0.45,0.51,0.57,1
9347,1,0.29,0.33,0.39,0.41,0.44,2
9348,2,0.25,0.29,0.34,0.39,0.45,1
9349,5,0.14,0.15,0.18,0.24,0.28,1
9350,5,0.13,0.18,0.23,0.26,0.31,1
9351,5,0.13,0.17,0.22,0.25,0.29,1
9352,3,0.18,0.24,0.28,0.35,0.4,1
9353,4,0.15,0.17,0.22,0.29,0.32,1
9354,5,0.14,0.16,0.2,0.27,0.32,1
9355,4,0.18,0.21,0.24,0.32,0.37,1
9356,4,0.17,0.21,0.26,0.31,0.34,1
9357,5,0.14,0.17,0.21,0.26,0.31,1
9358,5,0.14,0.17,0.22,0.28,0.31,1
9359,1,0.3,0.35,0.39,0.4,0.46,1
9360,4,0.18,0.25,0.26,0.3,0.37,1
9361,1,0.3,0.32,0.39,0.46,0.53,1
9362,2,0.26,0.28,0.35,0.41,0.5,1
9363,4,0.16,0.2,0.25,0.31,0.37,1
9364,5,0.17,0.19,0.22,0.27,0.32,1
9365,4,0.19,0.23,0.25,0.29,0.38,2
9366,3,0.21,0.23,0.29,0.34,0.4,2
9367,4,0.16,0.22,0.26,0.3,0.37,1
9368,5,0.13,0.18,0.21,0.25,0.29,2
9369,1,0.28,0.35,0.4,0.43,0.49,1
9370,3,0.24,0.28,0.3,0.37,0.42,1
9371,1,0.28,0.39,0.42,0.43,0.5,1
9372,3,0.19,0.22,0.29,0.32,0.33,1
9373,5,0.12,0.16,0.2,0.24,0.29,1
9374,3,0.19,0.23,0.28,0.33,0.38,1
9375,5,0.14,0.17,0.22,0.25,0.29,1
9376,1,0.31,0.38,0.45,0.53,0.57,1
9377,5,0.15,0.18,0.21,0.26,0.32,1
9378,1,0.32,0.4,0.46,0.54,0.57,1
9379,2,0.25,0.3,0.4,0.46,0.51,1
9380,4,0.17,0.2,0.23,0.28,0.33,1
9381,3,0.2,0.25,0.32,0.33,0.37,2
9382,2,0.28,0.3,0.35,0.39,0.49,1
9383,1,0.32,0.34,0.38,0.43,0.48,1
9384,3,0.2,0.25,0.31,0.38,0.44,1
9385,1,0.3,0.37,0.4,0.48,0.54,1
9386,5,0.13,0.16,0.2,0.26,0.31,1
9387,1,0.31,0.33,0.37,0.46,0.55,1
9388,3,0.17,0.22,0.28,0.35,0.42,1
9389,1,0.32,0.34,0.4,0.45,0.51,2
9390,1,0.3,0.36,0.39,0.44,0.49,1
9391,2,0.23,0.28,0.34,0.38,0.44,1
9392,1,0.3,0.36,0.42,0.49,0.54,1
9393,5,0.13,0.18,0.2,0.25,0.28,1
9394,1,0.31,0.37,0.42,0.49,0.53,2
9395,4,0.15,0.2,0.26,0.32,0.38,1
9396,4,0.19,0.23,0.28,0.31,0.36,1
9397,1,0.29,0.32,0.37,0.42,0.45,1
9398,2,0.24,0.3,0.37,0.42,0.44,2
9399,5,0.13,0.16,0.21,0.27,0.32,1
9400,3,0.2,0.23,0.3,0.35,0.42,1
9401,5,0.15,0.17,0.21,0.27,0.31,1
9402,2,0.25,0.3,0.34,0.4,0.48,1
9403,5,0.12,0.16,0.21,0.23,0.29,1
9404,5,0.12,0.16,0.18,0.24,0.29,1
9405,3,0.19,0.24,0.32,0.37,0.41,1
9406,1,0.28,0.33,0.39,0.43,0.5,1
9407,3,0.22,0.28,0.31,0.36,0.39,2
9408,5,0.2,0.24,0.26,0.28,0.31,2
9409,3,0.18,0.24,0.31,0.37,0.41,1
9410,1,0.29,0.35,0.38,0.47,0.55,1
9411,2,0.27,0.32,0.39,0.46,0.51,1
9412,1,0.32,0.4,0.48,0.58,0.65,1
9413,1,0.29,0.33,0.38,0.41,0.45,1
9414,4,0.17,0.21,0.27,0.3,0.32,1
9415,3,0.2,0.24,0.3,0.37,0.42,1
9416,5,0.17,0.19,0.21,0.27,0.31,1
9417,2,0.27,0.31,0.39,0.44,0.49,1
9418,2,0.23,0.29,0.31,0.38,0.46,2
9419,4,0.14,0.19,0.24,0.28,0.36,1
9420,5,0.13,0.17,0.22,0.25,0.32,1
9421,4,0.13,0.17,0.22,0.29,0.37,1
9422,1,0.32,0.39,0.48,0.53,0.59,1
9423,4,0.16,0.22,0.25,0.29,0.32,1
9424,5,0.12,0.16,0.19,0.25,0.31,1
9425,5,0.11,0.17,0.22,0.24,0.28,2
9426,4,0.15,0.19,0.24,0.29,0.34,1
9427,2,0.26,0.29,0.36,0.39,0.45,1
9428,5,0.12,0.15,0.19,0.24,0.29,1
9429,3,0.24,0.26,0.31,0.34,0.42,1
9430,2,0.26,0.31,0.36,0.45,0.51,1
9431,1,0.31,0.37,0.43,0.51,0.6,1
9432,3,0.22,0.25,0.31,0.37,0.4,1
9433,4,0.15,0.18,0.22,0.29,0.34,1
9434,5,0.17,0.19,0.21,0.24,0.3,1
9435,4,0.2,0.24,0.26,0.3,0.35,1
9436,5,0.15,0.18,0.21,0.27,0.3,1
9437,5,0.16,0.17,0.21,0.25,0.28,2
9438,1,0.3,0.36,0.39,0.43,0.52,1
9439,2,0.25,0.29,0.33,0.38,0.47,1
9440,3,0.26,0.28,0.31,0.37,0.43,1
9441,1,0.32,0.36,0.43,0.49,0.55,1
9442,5,0.12,0.14,0.17,0.21,0.28,1
9443,2,0.22,0.29,0.38,0.43,0.47,1
9444,2,0.23,0.3,0.36,0.4,0.44,1
9445,3,0.19,0.24,0.3,0.35,0.4,1
9446,5,0.15,0.18,0.2,0.24,0.31,1
9447,1,0.32,0.38,0.43,0.49,0.5,1
9448,5,0.14,0.19,0.22,0.28,0.31,1
9449,4,0.16,0.22,0.27,0.3,0.35,2
9450,4,0.18,0.23,0.26,0.32,0.43,1
9451,4,0.2,0.24,0.27,0.31,0.36,1
9452,2,0.25,0.29,0.35,0.4,0.45,1
9453,5,0.13,0.17,0.19,0.24,0.31,1
9454,3,0.15,0.2,0.28,0.33,0.38,1
9455,4,0.15,0.2,0.24,0.28,0.33,1
9456,3,0.22,0.27,0.31,0.35,0.36,1
9457,5,0.15,0.19,0.22,0.26,0.29,2
9458,3,0.21,0.25,0.3,0.36,0.41,1
9459,5,0.17,0.2,0.21,0.26,0.3,1
9460,2,0.24,0.28,0.33,0.37,0.43,1
9461,4,0.16,0.19,0.24,0.29,0.36,1
9462,1,0.28,0.34,0.41,0.52,0.58,1
9463,1,0.31,0.37,0.4,0.48,0.53,1
9464,4,0.16,0.2,0.25,0.3,0.32,2
9465,3,0.19,0.25,0.31,0.36,0.4,1
9466,2,0.25,0.32,0.38,0.45,0.55,1
9467,5,0.11,0.16,0.17,0.22,0.28,1
9468,2,0.23,0.3,0.33,0.39,0.44,1
9469,1,0.3,0.36,0.4,0.48,0.59,1
9470,5,0.1,0.14,0.19,0.24,0.28,1
9471,3,0.21,0.25,0.3,0.35,0.41,1
9472,5,0.1,0.14,0.17,0.23,0.29,1
9473,4,0.2,0.24,0.26,0.32,0.37,1
9474,4,0.2,0.23,0.25,0.31,0.37,1
9475,2,0.27,0.32,0.38,0.44,0.49,1
9476,1,0.32,0.38,0.43,0.5,0.57,1
9477,5,0.14,0.17,0.21,0.27,0.3,1
9478,5,0.15,0.18,0.21,0.26,0.32,1
9479,5,0.13,0.18,0.22,0.26,0.31,1
9480,1,0.3,0.37,0.42,0.44,0.48,1
9481,3,0.18,0.26,0.32,0.38,0.42,1
9482,1,0.29,0.34,0.37,0.4,0.46,1
9483,2,0.25,0.31,0.37,0.4,0.43,1
9484,3,0.24,0.26,0.32,0.38,0.41,1
9485,2,0.24,0.31,0.34,0.41,0.44,2
9486,4,0.14,0.19,0.25,0.29,0.34,1
9487,3,0.23,0.28,0.31,0.36,0.39,1
9488,3,0.21,0.24,0.3,0.37,0.42,1
9489,4,0.17,0.23,0.24,0.3,0.32,2
9490,2,0.24,0.29,0.36,0.41,0.47,1
9491,5,0.11,0.15,0.2,0.24,0.3,2
9492,1,0.29,0.33,0.4,0.48,0.52,2
9493,4,0.19,0.21,0.24,0.31,0.33,1
9494,1,0.29,0.35,0.38,0.4,0.47,1
9495,4,0.17,0.2,0.24,0.29,0.35,1
9496,4,0.15,0.19,0.23,0.29,0.36,1
9497,2,0.22,0.28,0.34,0.4,0.46,1
9498,4,0.16,0.22,0.28,0.31,0.41,2
9499,3,0.19,0.24,0.28,0.34,0.42,2
9500,1,0.3,0.32,0.38,0.42,0.49,1
9501,1,0.31,0.36,0.42,0.47,0.55,1
9502,1,0.31,0.36,0.38,0.44,0.49,1
9503,1,0.28,0.33,0.37,0.43,0.51,1
9504,4,0.15,0.17,0.23,0.32,0.35,1
9505,4,0.17,0.2,0.27,0.32,0.37,1
9506,5,0.12,0.14,0.18,0.25,0.32,1
9507,5,0.12,0.16,0.2,0.24,0.3,1
9508,1,0.28,0.33,0.38,0.42,0.49,1
9509,1,0.31,0.38,0.46,0.48,0.53,1
9510,1,0.28,0.37,0.42,0.47,0.53,1
9511,1,0.31,0.36,0.4,0.46,0.5,1
9512,3,0.19,0.23,0.29,0.35,0.37,1
9513,4,0.17,0.23,0.27,0.29,0.33,3
9514,1,0.32,0.41,0.47,0.55,0.6,1
9515,1,0.3,0.34,0.42,0.48,0.55,1
9516,2,0.25,0.31,0.32,0.39,0.44,1
9517,5,0.12,0.16,0.18,0.24,0.28,1
9518,4,0.18,0.2,0.24,0.3,0.35,1
9519,1,0.3,0.35,0.4,0.46,0.52,1
9520,3,0.19,0.23,0.32,0.38,0.43,1
9521,5,0.15,0.19,0.22,0.28,0.31,1
9522,2,0.23,0.28,0.32,0.37,0.4,1
9523,5,0.14,0.16,0.2,0.25,0.3,1
9524,4,0.16,0.18,0.22,0.28,0.34,1
9525,5,0.13,0.17,0.21,0.25,0.32,1
9526,1,0.31,0.35,0.4,0.44,0.52,1
9527,1,0.32,0.37,0.44,0.49,0.52,1
9528,4,0.17,0.2,0.25,0.28,0.32,1
9529,1,0.3,0.34,0.38,0.45,0.49,1
9530,4,0.15,0.21,0.22,0.28,0.36,1
9531,2,0.25,0.31,0.35,0.43,0.48,1
9532,5,0.11,0.14,0.17,0.24,0.29,1
9533,3,0.21,0.23,0.31,0.38,0.42,2
9534,3,0.23,0.25,0.28,0.34,0.4,1
9535,5,0.11,0.16,0.18,0.24,0.3,1
9536,2,0.24,0.3,0.36,0.42,0.47,1
9537,4,0.16,0.19,0.23,0.3,0.36,1
9538,4,0.2,0.22,0.27,0.3,0.36,1
9539,1,0.32,0.35,0.39,0.47,0.5,1
9540,4,0.18,0.22,0.23,0.32,0.39,1
9541,3,0.2,0.26,0.31,0.36,0.41,1
9542,3,0.2,0.24,0.29,0.35,0.36,2
9543,3,0.21,0.26,0.32,0.39,0.43,1
9544,4,0.15,0.21,0.22,0.28,0.32,1
9545,5,0.12,0.15,0.18,0.22,0.28,1
9546,4,0.15,0.19,0.24,0.28,0.33,1
9547,2,0.27,0.32,0.36,0.4,0.44,1
9548,3,0.18,0.22,0.29,0.34,0.4,1
9549,2,0.28,0.31,0.36,0.41,0.5,1
9550,2,0.24,0.31,0.37,0.4,0.46,1
9551,5,0.11,0.15,0.19,0.24,0.32,3
9552,5,0.12,0.16,0.22,0.25,0.31,1
9553,2,0.25,0.32,0.36,0.4,0.44,1
9554,2,0.25,0.31,0.36,0.43,0.51,1
9555,2,0.24,0.29,0.34,0.38,0.42,2
9556,1,0.28,0.32,0.35,0.38,0.4,1
9557,1,0.29,0.34,0.42,0.5,0.57,1
9558,2,0.28,0.31,0.37,0.42,0.5,1
9559,3,0.19,0.23,0.29,0.33,0.39,1
9560,3,0.21,0.25,0.29,0.31,0.36,1
9561,3,0.2,0.27,0.31,0.36,0.43,1
9562,5,0.12,0.17,0.2,0.25,0.31,1
9563,4,0.16,0.2,0.24,0.28,0.34,1
9564,5,0.14,0.18,0.21,0.27,0.32,1
9565,4,0.17,0.2,0.24,0.29,0.35,1
9566,4,0.14,0.17,0.23,0.28,0.33,1
9567,4,0.18,0.23,0.29,0.3,0.34,1
9568,5,0.09,0.12,0.15,0.2,0.28,1
9569,1,0.3,0.35,0.43,0.49,0.56,1
9570,1,0.3,0.33,0.41,0.45,0.49,1
9571,2,0.24,0.28,0.32,0.33,0.41,1
9572,1,0.3,0.32,0.37,0.42,0.47,1
9573,3,0.21,0.27,0.3,0.38,0.42,1
9574,2,0.26,0.31,0.38,0.46,0.54,1
9575,5,0.08,0.12,0.14,0.21,0.28,1
9576,1,0.31,0.36,0.42,0.46,0.53,1
9577,2,0.27,0.31,0.35,0.39,0.46,1
9578,4,0.17,0.2,0.23,0.3,0.34,1
9579,2,0.25,0.28,0.33,0.4,0.44,1
9580,4,0.16,0.21,0.25,0.31,0.39,1
9581,3,0.2,0.25,0.29,0.34,0.42,1
9582,4,0.19,0.23,0.25,0.31,0.35,1
9583,2,0.27,0.3,0.37,0.41,0.48,1
9584,1,0.3,0.33,0.39,0.45,0.52,1
9585,4,0.21,0.24,0.27,0.3,0.35,1
9586,5,0.11,0.17,0.2,0.23,0.29,1
9587,4,0.18,0.19,0.24,0.28,0.34,1
9588,2,0.27,0.3,0.34,0.42,0.44,1
9589,5,0.14,0.17,0.2,0.23,0.28,1
9590,2,0.26,0.3,0.33,0.42,0.49,1
9591,3,0.16,0.21,0.28,0.32,0.36,2
9592,4,0.16,0.2,0.27,0.31,0.39,1
9593,3,0.17,0.22,0.28,0.33,0.35,1
9594,3,0.18,0.23,0.29,0.36,0.42,1
9595,3,0.21,0.25,0.3,0.35,0.4,1
9596,1,0.28,0.34,0.38,0.43,0.49,2
9597,1,0.31,0.38,0.44,0.5,0.54,1
9598,2,0.27,0.31,0.35,0.39,0.45,1
9599,3,0.21,0.27,0.3,0.38,0.45,1
9600,3,0.21,0.26,0.32,0.4,0.48,1
9601,5,0.15,0.18,0.22,0.26,0.32,1
9602,5,0.14,0.18,0.23,0.27,0.32,3
9603,2,0.25,0.28,0.35,0.38,0.45,1
9604,3,0.18,0.22,0.28,0.36,0.4,1
9605,3,0.21,0.24,0.29,0.33,0.39,1
9606,2,0.26,0.31,0.37,0.43,0.49,1
9607,3,0.2,0.24,0.3,0.39,0.44,2
9608,4,0.15,0.19,0.25,0.3,0.33,1
9609,3,0.15,0.21,0.29,0.33,0.37,1
9610,5,0.14,0.17,0.21,0.23,0.28,1
9611,2,0.24,0.29,0.36,0.4,0.46,2
9612,3,0.18,0.24,0.28,0.32,0.38,1
9613,4,0.15,0.19,0.25,0.28,0.35,2
9614,3,0.21,0.25,0.31,0.35,0.36,1
9615,4,0.18,0.2,0.25,0.31,0.35,1
9616,1,0.31,0.35,0.41,0.47,0.52,1
9617,1,0.29,0.35,0.4,0.44,0.47,1
9618,2,0.24,0.31,0.36,0.4,0.47,2
9619,2,0.22,0.3,0.36,0.42,0.47,1
9620,5,0.11,0.13,0.18,0.24,0.29,2
9621,3,0.22,0.27,0.31,0.36,0.39,1
9622,5,0.16,0.19,0.23,0.28,0.31,1
9623,4,0.14,0.18,0.23,0.32,0.37,1
9624,1,0.3,0.33,0.36,0.4,0.45,1
9625,3,0.16,0.23,0.29,0.36,0.43,2
9626,1,0.28,0.33,0.39,0.48,0.53,1
9627,3,0.2,0.23,0.32,0.41,0.48,1
9628,1,0.31,0.34,0.38,0.43,0.5,1
9629,2,0.27,0.29,0.32,0.37,0.42,1
9630,5,0.16,0.18,0.2,0.23,0.3,1
9631,4,0.2,0.25,0.27,0.32,0.38,1
9632,4,0.18,0.22,0.28,0.3,0.37,1
9633,1,0.32,0.37,0.42,0.47,0.57,1
9634,2,0.24,0.28,0.33,0.39,0.45,3
9635,2,0.26,0.3,0.32,0.37,0.41,1
9636,5,0.12,0.15,0.19,0.24,0.32,1
9637,2,0.22,0.28,0.33,0.41,0.5,1
9638,1,0.3,0.39,0.45,0.55,0.61,1
9639,3,0.22,0.26,0.32,0.35,0.4,1
9640,3,0.23,0.26,0.29,0.37,0.4,1
9641,5,0.16,0.17,0.2,0.24,0.3,1
9642,3,0.23,0.27,0.29,0.36,0.4,1
9643,2,0.27,0.31,0.38,0.45,0.49,1
9644,1,0.29,0.32,0.36,0.41,0.47,1
9645,5,0.14,0.17,0.2,0.25,0.31,1
9646,5,0.14,0.17,0.2,0.28,0.31,1
9647,2,0.24,0.29,0.31,0.37,0.42,1
9648,1,0.31,0.34,0.37,0.43,0.54,1
9649,4,0.15,0.19,0.24,0.29,0.35,1
9650,1,0.28,0.35,0.38,0.43,0.47,1
9651,1,0.28,0.35,0.41,0.49,0.54,1
9652,5,0.14,0.17,0.19,0.26,0.31,1
9653,1,0.32,0.37,0.43,0.49,0.56,1
9654,1,0.31,0.38,0.44,0.5,0.53,1
9655,3,0.2,0.24,0.29,0.36,0.42,1
9656,1,0.3,0.34,0.43,0.51,0.57,1
9657,2,0.22,0.29,0.35,0.43,0.47,1
9658,1,0.29,0.35,0.42,0.47,0.54,1
9659,1,0.3,0.34,0.39,0.47,0.52,1
9660,1,0.32,0.37,0.41,0.48,0.54,1
9661,2,0.23,0.29,0.35,0.38,0.4,1
9662,2,0.24,0.3,0.34,0.4,0.44,1
9663,2,0.27,0.31,0.37,0.4,0.44,1
9664,4,0.18,0.21,0.26,0.31,0.37,1
9665,2,0.25,0.29,0.34,0.38,0.43,1
9666,3,0.18,0.24,0.31,0.34,0.38,1
9667,4,0.19,0.21,0.28,0.31,0.36,1
9668,4,0.16,0.19,0.23,0.28,0.36,1
9669,1,0.29,0.36,0.42,0.48,0.52,1
9670,2,0.26,0.3,0.35,0.41,0.49,1
9671,1,0.32,0.38,0.47,0.51,0.56,1
9672,1,0.28,0.32,0.37,0.4,0.49,1
9673,4,0.14,0.19,0.23,0.32,0.36,1
9674,2,0.28,0.29,0.31,0.36,0.42,1
9675,3,0.21,0.24,0.32,0.4,0.46,2
9676,1,0.29,0.36,0.42,0.49,0.58,1
9677,2,0.24,0.3,0.34,0.36,0.41,1
9678,3,0.17,0.23,0.3,0.36,0.41,1
9679,4,0.16,0.2,0.25,0.31,0.35,1
9680,4,0.17,0.2,0.24,0.3,0.34,1
9681,4,0.14,0.19,0.23,0.28,0.32,1
9682,3,0.22,0.27,0.31,0.35,0.39,1
9683,5,0.12,0.15,0.19,0.25,0.32,1
9684,1,0.3,0.32,0.36,0.4,0.46,1
9685,1,0.3,0.36,0.4,0.45,0.47,1
9686,4,0.17,0.19,0.23,0.31,0.34,1
9687,2,0.26,0.32,0.36,0.43,0.48,1
9688,2,0.26,0.31,0.36,0.42,0.51,1
9689,3,0.2,0.24,0.29,0.33,0.39,1
9690,1,0.29,0.33,0.42,0.47,0.51,1
9691,3,0.23,0.26,0.32,0.38,0.45,1
9692,4,0.18,0.2,0.25,0.3,0.32,1
9693,5,0.12,0.14,0.16,0.23,0.28,1
9694,1,0.29,0.34,0.41,0.51,0.58,1
9695,4,0.17,0.21,0.26,0.29,0.31,1
9696,5,0.13,0.16,0.21,0.25,0.3,1
9697,4,0.18,0.2,0.25,0.28,0.34,1
9698,3,0.17,0.23,0.32,0.37,0.42,2
9699,3,0.19,0.23,0.3,0.35,0.43,1
9700,4,0.17,0.22,0.24,0.29,0.35,1
9701,2,0.27,0.32,0.39,0.46,0.52,2
9702,5,0.15,0.17,0.22,0.27,0.28,1
9703,1,0.29,0.36,0.41,0.45,0.48,1
9704,2,0.26,0.31,0.39,0.44,0.48,1
9705,4,0.18,0.21,0.23,0.29,0.33,1
9706,2,0.25,0.3,0.31,0.37,0.39,1
9707,4,0.16,0.2,0.24,0.29,0.33,1
9708,3,0.18,0.21,0.29,0.32,0.33,2
9709,2,0.24,0.3,0.36,0.43,0.48,1
9710,4,0.17,0.2,0.23,0.3,0.38,1
9711,1,0.32,0.34,0.38,0.4,0.46,1
9712,1,0.31,0.4,0.5,0.53,0.56,1
9713,1,0.29,0.31,0.37,0.42,0.49,1
9714,2,0.27,0.31,0.34,0.41,0.45,1
9715,5,0.11,0.13,0.2,0.24,0.28,1
9716,4,0.17,0.21,0.26,0.3,0.35,1
9717,3,0.22,0.26,0.31,0.41,0.45,1
9718,4,0.17,0.21,0.26,0.32,0.38,1
9719,3,0.18,0.22,0.29,0.35,0.37,1
9720,1,0.31,0.35,0.4,0.44,0.49,1
9721,3,0.2,0.25,0.31,0.36,0.41,1
9722,4,0.17,0.21,0.26,0.3,0.35,1
9723,4,0.17,0.21,0.26,0.3,0.39,2
9724,4,0.18,0.2,0.24,0.29,0.38,1
9725,3,0.2,0.26,0.32,0.41,0.46,1
9726,5,0.17,0.2,0.21,0.25,0.3,1
9727,3,0.22,0.25,0.31,0.36,0.39,1
9728,3,0.17,0.24,0.29,0.33,0.39,2
9729,2,0.26,0.29,0.32,0.35,0.43,1
9730,4,0.14,0.21,0.26,0.29,0.33,1
9731,1,0.3,0.34,0.43,0.48,0.53,1
9732,2,0.25,0.31,0.38,0.45,0.53,1
9733,3,0.19,0.27,0.3,0.36,0.37,1
9734,3,0.17,0.22,0.28,0.35,0.41,1
9735,4,0.16,0.22,0.27,0.32,0.35,1
9736,2,0.26,0.3,0.34,0.38,0.41,2
9737,4,0.22,0.24,0.27,0.29,0.34,1
9738,5,0.15,0.16,0.19,0.24,0.29,1
9739,1,0.29,0.37,0.45,0.49,0.53,1
9740,1,0.32,0.4,0.43,0.53,0.59,1
9741,5,0.16,0.2,0.21,0.23,0.31,1
9742,1,0.3,0.34,0.37,0.4,0.46,1
9743,1,0.31,0.38,0.43,0.49,0.57,1
9744,3,0.2,0.27,0.29,0.33,0.37,1
9745,4,0.16,0.19,0.22,0.29,0.36,1
9746,3,0.17,0.22,0.29,0.33,0.38,1
9747,1,0.3,0.38,0.44,0.47,0.51,2
9748,2,0.22,0.3,0.34,0.41,0.5,2
9749,1,0.28,0.34,0.4,0.46,0.5,1
9750,2,0.25,0.31,0.38,0.44,0.46,1
9751,5,0.13,0.16,0.21,0.24,0.3,1
9752,2,0.26,0.3,0.37,0.43,0.52,1
9753,5,0.12,0.16,0.2,0.24,0.29,1
9754,2,0.26,0.31,0.37,0.44,0.46,1
9755,4,0.2,0.24,0.27,0.32,0.38,2
9756,5,0.17,0.2,0.23,0.27,0.32,1
9757,1,0.3,0.32,0.35,0.39,0.46,1
9758,1,0.31,0.39,0.42,0.49,0.55,1
9759,5,0.11,0.15,0.19,0.24,0.31,1
9760,2,0.23,0.28,0.32,0.36,0.41,1
9761,1,0.31,0.32,0.38,0.41,0.47,1
9762,3,0.19,0.24,0.3,0.35,0.39,1
9763,3,0.2,0.25,0.29,0.36,0.4,1
9764,4,0.13,0.17,0.2,0.28,0.36,1
9765,3,0.19,0.24,0.31,0.36,0.44,1
9766,3,0.21,0.23,0.29,0.35,0.38,1
9767,5,0.12,0.16,0.18,0.25,0.3,1
9768,2,0.25,0.32,0.35,0.41,0.47,1
9769,1,0.3,0.35,0.41,0.48,0.52,1
9770,1,0.31,0.35,0.38,0.4,0.45,1
9771,5,0.17,0.2,0.24,0.27,0.31,2
9772,5,0.13,0.15,0.21,0.25,0.31,1
9773,5,0.11,0.15,0.19,0.26,0.3,1
9774,2,0.26,0.32,0.36,0.4,0.47,1
9775,4,0.18,0.2,0.27,0.32,0.34,3
9776,4,0.17,0.22,0.25,0.31,0.38,1
9777,5,0.15,0.17,0.2,0.25,0.3,1
9778,3,0.24,0.27,0.31,0.37,0.45,1
9779,2,0.2,0.28,0.33,0.38,0.43,1
9780,4,0.15,0.19,0.24,0.28,0.33,1
9781,4,0.19,0.24,0.27,0.32,0.35,1
9782,1,0.32,0.38,0.43,0.5,0.54,1
9783,1,0.3,0.35,0.4,0.46,0.51,1
9784,2,0.27,0.31,0.39,0.43,0.47,2
9785,3,0.23,0.27,0.32,0.37,0.42,1
9786,2,0.22,0.3,0.35,0.39,0.44,3
9787,4,0.16,0.18,0.25,0.28,0.34,1
9788,3,0.2,0.25,0.31,0.37,0.43,1
9789,3,0.19,0.25,0.29,0.35,0.38,1
9790,1,0.31,0.39,0.45,0.56,0.61,1
9791,1,0.29,0.32,0.34,0.38,0.44,1
9792,2,0.24,0.29,0.37,0.43,0.48,1
9793,3,0.19,0.22,0.28,0.32,0.38,1
9794,5,0.1,0.15,0.18,0.24,0.28,1
9795,1,0.31,0.38,0.43,0.46,0.51,1
9796,3,0.21,0.26,0.32,0.34,0.37,1
9797,4,0.16,0.2,0.24,0.28,0.33,2
9798,1,0.29,0.34,0.38,0.45,0.53,1
9799,3,0.19,0.26,0.3,0.33,0.39,1
9800,2,0.23,0.28,0.33,0.39,0.45,1
9801,5,0.14,0.18,0.2,0.25,0.29,2
9802,1,0.28,0.34,0.41,0.45,0.52,1
9803,4,0.18,0.22,0.27,0.3,0.35,1
9804,3,0.21,0.26,0.28,0.34,0.38,1
9805,4,0.15,0.22,0.27,0.31,0.36,1
9806,4,0.17,0.22,0.27,0.32,0.39,1
9807,1,0.31,0.36,0.4,0.44,0.51,1
9808,5,0.13,0.18,0.22,0.26,0.3,1
9809,5,0.12,0.14,0.19,0.24,0.29,1
9810,4,0.16,0.21,0.25,0.3,0.32,1
9811,2,0.28,0.3,0.33,0.39,0.43,1
9812,5,0.11,0.14,0.18,0.21,0.28,1
9813,5,0.13,0.15,0.2,0.25,0.32,1
9814,5,0.14,0.16,0.18,0.24,0.28,1
9815,4,0.15,0.19,0.23,0.3,0.36,1
9816,5,0.18,0.21,0.23,0.26,0.32,1
9817,4,0.18,0.23,0.27,0.31,0.37,1
9818,1,0.31,0.37,0.42,0.47,0.52,1
9819,4,0.18,0.22,0.27,0.31,0.37,1
9820,4,0.15,0.2,0.23,0.29,0.32,1
9821,2,0.23,0.28,0.33,0.35,0.41,1
9822,3,0.22,0.25,0.3,0.34,0.41,1
9823,5,0.11,0.13,0.18,0.23,0.31,1
9824,1,0.29,0.33,0.38,0.41,0.48,1
9825,3,0.2,0.25,0.32,0.35,0.39,1
9826,3,0.23,0.25,0.31,0.37,0.39,1
9827,4,0.18,0.22,0.24,0.29,0.37,1
9828,1,0.29,0.32,0.37,0.45,0.55,1
9829,1,0.29,0.34,0.4,0.49,0.52,1
9830,4,0.17,0.23,0.27,0.32,0.41,1
9831,4,0.15,0.2,0.25,0.31,0.35,1
9832,1,0.3,0.36,0.4,0.46,0.56,1
9833,4,0.16,0.21,0.26,0.28,0.35,1
9834,3,0.16,0.2,0.28,0.34,0.42,1
9835,2,0.27,0.31,0.35,0.42,0.46,1
9836,5,0.14,0.17,0.2,0.23,0.28,1
9837,1,0.32,0.37,0.44,0.49,0.55,1
9838,1,0.28,0.33,0.35,0.4,0.44,1
9839,3,0.15,0.21,0.28,0.32,0.39,1
9840,3,0.21,0.25,0.29,0.35,0.41,2
9841,2,0.23,0.28,0.32,0.35,0.38,1
9842,2,0.27,0.3,0.38,0.45,0.46,2
9843,1,0.31,0.35,0.42,0.47,0.52,1
9844,2,0.24,0.28,0.34,0.38,0.44,1
9845,1,0.28,0.34,0.42,0.48,0.53,1
9846,5,0.12,0.15,0.16,0.21,0.28,1
9847,4,0.15,0.19,0.24,0.32,0.38,1
9848,5,0.14,0.18,0.22,0.25,0.28,1
9849,3,0.21,0.26,0.32,0.35,0.39,1
9850,4,0.18,0.22,0.25,0.3,0.38,1
9851,5,0.13,0.16,0.2,0.24,0.32,1
9852,3,0.19,0.23,0.28,0.32,0.38,1
9853,1,0.28,0.34,0.42,0.48,0.54,1
9854,1,0.3,0.33,0.39,0.44,0.49,2
9855,1,0.3,0.34,0.39,0.47,0.52,1
9856,3,0.2,0.24,0.3,0.32,0.37,1
9857,4,0.15,0.2,0.24,0.3,0.33,2
9858,3,0.2,0.24,0.31,0.36,0.37,1
9859,2,0.26,0.29,0.33,0.36,0.42,1
9860,2,0.23,0.28,0.32,0.39,0.42,2
9861,1,0.32,0.37,0.41,0.5,0.54,1
9862,1,0.32,0.36,0.43,0.45,0.49,1
9863,3,0.2,0.26,0.32,0.37,0.43,1
9864,2,0.22,0.28,0.33,0.36,0.4,1
9865,3,0.21,0.26,0.31,0.37,0.41,1
9866,4,0.15,0.19,0.24,0.31,0.36,1
9867,2,0.27,0.32,0.36,0.42,0.45,1
9868,5,0.12,0.16,0.2,0.25,0.28,1
9869,2,0.21,0.28,0.37,0.39,0.42,2
9870,4,0.14,0.18,0.22,0.28,0.32,2
9871,4,0.19,0.23,0.26,0.3,0.35,1
9872,1,0.3,0.36,0.39,0.47,0.54,1
9873,2,0.26,0.32,0.39,0.42,0.44,1
9874,3,0.22,0.27,0.32,0.37,0.43,1
9875,2,0.27,0.3,0.33,0.39,0.43,1
9876,4,0.14,0.18,0.23,0.29,0.33,1
9877,4,0.14,0.19,0.24,0.31,0.38,1
9878,4,0.16,0.21,0.26,0.31,0.36,2
9879,3,0.21,0.25,0.31,0.36,0.42,1
9880,2,0.27,0.3,0.35,0.41,0.47,1
9881,5,0.15,0.19,0.22,0.26,0.3,1
9882,3,0.17,0.21,0.28,0.34,0.39,1
9883,3,0.22,0.25,0.31,0.39,0.44,1
9884,4,0.17,0.22,0.25,0.3,0.32,1
9885,4,0.17,0.2,0.26,0.31,0.36,1
9886,1,0.29,0.34,0.37,0.44,0.5,1
9887,1,0.28,0.32,0.37,0.4,0.43,1
9888,3,0.21,0.25,0.32,0.37,0.44,1
9889,2,0.26,0.3,0.33,0.4,0.44,1
9890,1,0.32,0.33,0.4,0.47,0.52,1
9891,4,0.17,0.21,0.26,0.32,0.36,1
9892,1,0.31,0.35,0.41,0.43,0.5,1
9893,4,0.19,0.2,0.24,0.3,0.33,1
9894,2,0.27,0.31,0.35,0.38,0.48,1
9895,1,0.3,0.35,0.41,0.45,0.51,1
9896,4,0.19,0.22,0.27,0.31,0.36,1
9897,3,0.19,0.24,0.3,0.34,0.39,1
9898,1,0.31,0.41,0.5,0.59,0.65,1
9899,1,0.29,0.36,0.41,0.47,0.53,1
9900,1,0.31,0.36,0.43,0.51,0.58,1
9901,3,0.21,0.26,0.3,0.35,0.44,1
9902,1,0.32,0.37,0.44,0.53,0.58,1
9903,3,0.19,0.24,0.3,0.34,0.38,2
9904,1,0.32,0.39,0.43,0.49,0.53,1
9905,3,0.21,0.24,0.29,0.39,0.44,1
9906,3,0.2,0.27,0.32,0.34,0.36,1
9907,5,0.11,0.14,0.17,0.23,0.29,1
9908,3,0.22,0.27,0.3,0.39,0.41,1
9909,3,0.22,0.26,0.29,0.35,0.38,1
9910,3,0.19,0.25,0.3,0.33,0.41,1
9911,2,0.25,0.29,0.37,0.41,0.44,1
9912,4,0.21,0.22,0.25,0.32,0.36,2
9913,4,0.14,0.18,0.23,0.29,0.36,1
9914,5,0.14,0.17,0.23,0.25,0.28,2
9915,1,0.28,0.32,0.39,0.44,0.51,1
9916,4,0.15,0.19,0.23,0.29,0.32,1
9917,5,0.1,0.12,0.16,0.22,0.29,1
9918,4,0.17,0.2,0.24,0.3,0.38,2
9919,5,0.16,0.2,0.22,0.27,0.32,1
9920,1,0.32,0.39,0.44,0.53,0.56,1
9921,5,0.11,0.14,0.18,0.23,0.29,1
9922,5,0.13,0.18,0.23,0.24,0.32,1
9923,3,0.21,0.24,0.3,0.37,0.42,2
9924,5,0.1,0.13,0.17,0.22,0.28,1
9925,1,0.29,0.31,0.36,0.42,0.49,1
9926,4,0.18,0.21,0.25,0.3,0.39,1
9927,2,0.23,0.31,0.36,0.44,0.48,1
9928,5,0.13,0.17,0.19,0.24,0.28,1
9929,4,0.17,0.2,0.23,0.28,0.33,1
9930,1,0.31,0.37,0.41,0.46,0.53,2
9931,5,0.13,0.17,0.2,0.24,0.29,1
9932,3,0.19,0.23,0.28,0.33,0.36,2
9933,4,0.17,0.21,0.25,0.3,0.36,1
9934,3,0.15,0.19,0.29,0.31,0.36,1
9935,5,0.17,0.21,0.23,0.25,0.31,1
9936,5,0.18,0.19,0.24,0.28,0.3,1
9937,5,0.12,0.17,0.21,0.25,0.3,1
9938,1,0.28,0.34,0.42,0.44,0.5,1
9939,1,0.32,0.37,0.44,0.47,0.56,1
9940,4,0.17,0.21,0.25,0.29,0.34,1
9941,5,0.15,0.17,0.22,0.25,0.32,1
9942,4,0.14,0.19,0.24,0.32,0.38,1
9943,5,0.13,0.16,0.21,0.27,0.31,1
9944,1,0.29,0.35,0.4,0.45,0.52,1
9945,1,0.29,0.38,0.42,0.47,0.52,1
9946,1,0.3,0.34,0.41,0.48,0.57,1
9947,3,0.2,0.24,0.29,0.33,0.39,1
9948,4,0.19,0.24,0.26,0.31,0.38,1
9949,1,0.29,0.36,0.43,0.48,0.53,1
9950,4,0.18,0.21,0.25,0.29,0.34,1
9951,5,0.16,0.17,0.21,0.26,0.28,2
9952,5,0.14,0.18,0.2,0.25,0.28,1
9953,1,0.31,0.36,0.42,0.5,0.57,1
9954,2,0.27,0.32,0.4,0.42,0.49,1
9955,4,0.17,0.21,0.27,0.32,0.36,1
9956,2,0.22,0.29,0.33,0.38,0.42,1
9957,3,0.22,0.27,0.3,0.35,0.38,1
9958,3,0.19,0.23,0.28,0.34,0.39,1
9959,5,0.14,0.16,0.18,0.22,0.28,1
9960,2,0.23,0.28,0.34,0.42,0.47,1
9961,4,0.18,0.22,0.26,0.28,0.35,1
9962,3,0.2,0.26,0.29,0.35,0.41,1
9963,1,0.31,0.37,0.41,0.49,0.54,1
9964,3,0.18,0.23,0.29,0.35,0.39,2
9965,5,0.15,0.19,0.23,0.27,0.32,1
9966,3,0.21,0.24,0.3,0.34,0.4,1
9967,4,0.19,0.21,0.24,0.28,0.32,1
9968,2,0.28,0.29,0.32,0.36,0.42,1
9969,2,0.24,0.3,0.36,0.42,0.5,1
9970,3,0.22,0.26,0.29,0.34,0.41,1
9971,1,0.31,0.38,0.42,0.45,0.49,1
9972,4,0.14,0.17,0.22,0.29,0.33,1
9973,2,0.23,0.28,0.35,0.38,0.43,1
9974,4,0.16,0.22,0.26,0.32,0.38,1
9975,3,0.17,0.23,0.31,0.39,0.48,1
9976,1,0.29,0.33,0.38,0.46,0.52,1
9977,1,0.31,0.37,0.39,0.43,0.48,1
9978,3,0.2,0.25,0.31,0.37,0.41,1
9979,5,0.1,0.15,0.19,0.21,0.28,1
9980,2,0.21,0.28,0.35,0.42,0.49,1
9981,4,0.17,0.2,0.24,0.28,0.34,1
9982,3,0.19,0.23,0.28,0.34,0.35,1
9983,2,0.27,0.29,0.35,0.38,0.44,1
9984,3,0.21,0.26,0.31,0.38,0.43,1
9985,4,0.14,0.18,0.23,0.29,0.34,1
9986,5,0.13,0.16,0.22,0.27,0.29,1
9987,1,0.29,0.36,0.39,0.44,0.5,1
9988,3,0.21,0.26,0.32,0.37,0.44,1
9989,2,0.27,0.3,0.39,0.43,0.49,1
9990,3,0.17,0.23,0.28,0.34,0.41,2
9991,1,0.3,0.37,0.42,0.46,0.5,1
9992,1,0.31,0.36,0.39,0.44,0.47,1
9993,3,0.2,0.25,0.29,0.32,0.39,1
9994,3,0.21,0.24,0.31,0.36,0.44,1
9995,3,0.18,0.23,0.29,0.35,0.41,1
9996,1,0.29,0.33,0.38,0.43,0.51,1
9997,3,0.23,0.25,0.29,0.32,0.35,1
9998,2,0.25,0.31,0.35,0.4,0.46,1
9999,3,0.22,0.27,0.3,0.34,0.38,2
10000,4,0.17,0.2,0.26,0.29,0.35,1
