"Scenario","MTD","Dose1","Dose2","Dose3","Dose4","Dose5","Attempt"
1,2,0.16,0.28,0.39,0.48,0.64,1
2,5,0.04,0.08,0.15,0.22,0.3,2
3,3,0.13,0.2,0.28,0.43,0.54,1
4,4,0.05,0.12,0.2,0.27,0.34,1
5,2,0.18,0.32,0.38,0.52,0.67,1
6,1,0.31,0.36,0.44,0.52,0.63,2
7,5,0.05,0.09,0.13,0.24,0.31,1
8,3,0.18,0.25,0.3,0.32,0.42,1
9,4,0.1,0.15,0.22,0.34,0.42,1
10,5,0.06,0.09,0.16,0.19,0.26,1
11,5,0.06,0.1,0.12,0.2,0.28,1
12,1,0.35,0.51,0.59,0.72,0.84,1
13,2,0.2,0.34,0.52,0.61,0.66,1
14,1,0.31,0.46,0.59,0.67,0.75,1
15,3,0.09,0.15,0.25,0.38,0.51,1
16,2,0.21,0.35,0.43,0.51,0.61,1
17,4,0.09,0.13,0.23,0.32,0.4,1
18,5,0.05,0.1,0.14,0.17,0.26,1
19,2,0.18,0.34,0.43,0.5,0.6,1
20,1,0.34,0.52,0.62,0.73,0.82,1
21,4,0.11,0.15,0.23,0.32,0.44,1
22,5,0.06,0.09,0.13,0.18,0.34,1
23,5,0.04,0.07,0.11,0.18,0.26,1
24,5,0.05,0.09,0.15,0.18,0.26,1
25,4,0.08,0.16,0.23,0.33,0.41,1
26,1,0.29,0.4,0.47,0.6,0.73,1
27,4,0.06,0.12,0.19,0.27,0.45,1
28,2,0.19,0.33,0.46,0.65,0.75,1
29,5,0.06,0.09,0.17,0.23,0.34,1
30,5,0.05,0.12,0.16,0.21,0.28,1
31,3,0.13,0.2,0.33,0.37,0.46,1
32,4,0.06,0.08,0.15,0.28,0.37,1
33,5,0.04,0.06,0.09,0.2,0.25,1
34,1,0.3,0.46,0.52,0.64,0.72,1
35,5,0.07,0.09,0.13,0.21,0.31,1
36,3,0.07,0.14,0.25,0.37,0.52,1
37,3,0.14,0.2,0.34,0.4,0.5,1
38,4,0.1,0.15,0.24,0.31,0.42,1
39,3,0.12,0.19,0.29,0.32,0.43,1
40,4,0.06,0.11,0.21,0.34,0.43,1
41,2,0.22,0.31,0.39,0.51,0.63,1
42,5,0.05,0.07,0.12,0.17,0.27,1
43,4,0.07,0.14,0.19,0.3,0.38,1
44,5,0.06,0.08,0.14,0.24,0.33,1
45,1,0.29,0.38,0.54,0.66,0.73,1
46,3,0.14,0.2,0.32,0.38,0.5,1
47,4,0.1,0.16,0.25,0.34,0.4,1
48,2,0.19,0.27,0.4,0.46,0.54,1
49,2,0.24,0.33,0.5,0.62,0.74,1
50,3,0.13,0.21,0.32,0.45,0.58,1
51,3,0.15,0.2,0.33,0.42,0.54,1
52,3,0.13,0.16,0.28,0.32,0.4,1
53,2,0.18,0.29,0.4,0.55,0.69,1
54,1,0.34,0.41,0.54,0.66,0.75,1
55,5,0.05,0.08,0.14,0.19,0.29,1
56,2,0.15,0.29,0.38,0.45,0.61,1
57,4,0.11,0.13,0.2,0.33,0.43,1
58,5,0.02,0.06,0.09,0.15,0.26,1
59,2,0.21,0.3,0.45,0.59,0.69,1
60,1,0.34,0.48,0.62,0.73,0.8,1
61,2,0.21,0.26,0.4,0.58,0.65,2
62,3,0.15,0.19,0.32,0.4,0.51,1
63,1,0.25,0.37,0.46,0.58,0.69,1
64,5,0.05,0.08,0.11,0.2,0.33,1
65,5,0.05,0.1,0.15,0.22,0.35,1
66,4,0.07,0.11,0.14,0.28,0.32,1
67,2,0.25,0.33,0.42,0.5,0.63,1
68,4,0.08,0.15,0.2,0.34,0.43,1
69,5,0.03,0.06,0.12,0.2,0.32,1
70,1,0.33,0.37,0.53,0.6,0.67,1
71,2,0.24,0.29,0.4,0.53,0.61,1
72,4,0.1,0.13,0.24,0.31,0.44,1
73,4,0.1,0.13,0.2,0.3,0.43,1
74,2,0.24,0.28,0.35,0.46,0.55,1
75,5,0.02,0.04,0.08,0.17,0.33,1
76,4,0.04,0.08,0.13,0.26,0.41,1
77,4,0.11,0.15,0.23,0.35,0.44,1
78,2,0.13,0.26,0.39,0.5,0.59,1
79,1,0.33,0.43,0.53,0.65,0.75,1
80,5,0.06,0.09,0.16,0.25,0.29,1
81,4,0.09,0.13,0.21,0.3,0.33,5
82,1,0.27,0.41,0.51,0.65,0.74,1
83,1,0.32,0.44,0.55,0.69,0.79,1
84,3,0.15,0.25,0.33,0.45,0.62,1
85,3,0.17,0.21,0.33,0.51,0.59,1
86,1,0.33,0.45,0.58,0.68,0.78,1
87,4,0.1,0.15,0.23,0.27,0.36,1
88,2,0.21,0.35,0.44,0.48,0.56,1
89,1,0.3,0.35,0.46,0.58,0.68,1
90,4,0.05,0.09,0.17,0.28,0.41,1
91,5,0.05,0.09,0.16,0.24,0.32,1
92,5,0.05,0.08,0.12,0.21,0.27,1
93,1,0.29,0.33,0.41,0.55,0.64,1
94,4,0.04,0.09,0.18,0.25,0.36,1
95,2,0.18,0.26,0.38,0.45,0.55,1
96,1,0.26,0.37,0.44,0.53,0.65,1
97,1,0.26,0.4,0.51,0.66,0.73,1
98,2,0.22,0.33,0.4,0.58,0.72,1
99,5,0.04,0.08,0.14,0.21,0.31,1
100,2,0.22,0.32,0.45,0.52,0.61,1
101,2,0.19,0.28,0.33,0.42,0.51,1
102,3,0.12,0.19,0.27,0.41,0.52,1
103,3,0.1,0.19,0.31,0.45,0.53,1
104,5,0.03,0.07,0.12,0.21,0.34,1
105,1,0.34,0.49,0.56,0.64,0.75,1
106,3,0.1,0.2,0.26,0.34,0.43,1
107,1,0.32,0.36,0.43,0.51,0.66,1
108,2,0.22,0.3,0.46,0.59,0.7,1
109,5,0.05,0.08,0.15,0.24,0.3,1
110,2,0.27,0.32,0.4,0.53,0.6,1
111,3,0.13,0.22,0.27,0.36,0.52,1
112,3,0.2,0.27,0.32,0.44,0.47,1
113,1,0.3,0.39,0.44,0.55,0.67,1
114,4,0.14,0.17,0.25,0.34,0.49,1
115,2,0.22,0.31,0.4,0.5,0.63,2
116,1,0.33,0.47,0.64,0.7,0.78,1
117,2,0.2,0.34,0.42,0.48,0.64,1
118,4,0.11,0.18,0.24,0.34,0.45,1
119,3,0.14,0.21,0.31,0.45,0.62,1
120,4,0.09,0.17,0.25,0.32,0.43,1
121,1,0.29,0.35,0.51,0.61,0.68,1
122,5,0.03,0.05,0.07,0.12,0.25,1
123,1,0.33,0.35,0.48,0.6,0.67,1
124,5,0.03,0.06,0.11,0.17,0.27,1
125,4,0.07,0.11,0.19,0.32,0.41,1
126,5,0.05,0.06,0.1,0.14,0.25,1
127,4,0.06,0.11,0.15,0.26,0.39,1
128,3,0.18,0.25,0.34,0.44,0.57,1
129,1,0.31,0.41,0.59,0.69,0.76,1
130,5,0.05,0.09,0.12,0.17,0.29,1
131,3,0.11,0.19,0.3,0.38,0.51,1
132,3,0.13,0.16,0.28,0.36,0.38,2
133,1,0.34,0.42,0.51,0.61,0.64,1
134,4,0.09,0.11,0.16,0.28,0.4,1
135,2,0.23,0.32,0.45,0.54,0.62,2
136,5,0.03,0.05,0.09,0.15,0.26,2
137,3,0.16,0.23,0.31,0.43,0.55,1
138,3,0.09,0.19,0.28,0.4,0.5,1
139,1,0.34,0.44,0.54,0.62,0.68,1
140,5,0.04,0.05,0.09,0.12,0.26,1
141,4,0.05,0.1,0.19,0.25,0.36,1
142,4,0.1,0.16,0.21,0.3,0.37,1
143,3,0.1,0.19,0.34,0.45,0.66,1
144,3,0.09,0.17,0.26,0.41,0.61,1
145,3,0.13,0.21,0.32,0.43,0.52,1
146,1,0.28,0.39,0.49,0.59,0.72,1
147,5,0.06,0.1,0.14,0.2,0.32,1
148,5,0.05,0.11,0.17,0.26,0.32,1
149,1,0.33,0.46,0.56,0.7,0.83,2
150,1,0.3,0.4,0.46,0.47,0.54,1
151,3,0.16,0.22,0.32,0.37,0.47,1
152,3,0.13,0.18,0.3,0.38,0.46,1
153,5,0.06,0.09,0.11,0.17,0.27,1
154,3,0.1,0.17,0.29,0.35,0.41,2
155,1,0.25,0.35,0.47,0.52,0.64,1
156,5,0.06,0.08,0.13,0.19,0.28,1
157,2,0.22,0.32,0.41,0.46,0.58,1
158,1,0.31,0.47,0.61,0.69,0.77,1
159,3,0.09,0.17,0.31,0.36,0.44,1
160,1,0.27,0.39,0.5,0.62,0.66,1
161,4,0.06,0.09,0.16,0.29,0.34,2
162,2,0.18,0.31,0.4,0.53,0.61,2
163,3,0.08,0.15,0.28,0.35,0.46,1
164,2,0.22,0.34,0.53,0.65,0.72,1
165,2,0.18,0.31,0.45,0.53,0.61,1
166,5,0.05,0.06,0.09,0.17,0.29,1
167,2,0.19,0.28,0.36,0.46,0.55,1
168,4,0.07,0.11,0.17,0.29,0.38,2
169,2,0.16,0.27,0.33,0.44,0.48,1
170,2,0.21,0.32,0.38,0.47,0.61,2
171,3,0.1,0.16,0.32,0.41,0.47,1
172,1,0.31,0.43,0.49,0.62,0.77,1
173,2,0.17,0.29,0.42,0.56,0.68,2
174,3,0.14,0.2,0.26,0.35,0.37,1
175,4,0.05,0.11,0.18,0.27,0.37,1
176,2,0.16,0.27,0.36,0.49,0.55,1
177,4,0.09,0.17,0.18,0.29,0.34,1
178,2,0.19,0.33,0.46,0.54,0.65,1
179,4,0.12,0.15,0.2,0.27,0.39,1
180,1,0.31,0.46,0.52,0.62,0.7,1
181,4,0.09,0.17,0.22,0.3,0.4,1
182,3,0.06,0.15,0.31,0.39,0.52,1
183,5,0.13,0.14,0.19,0.2,0.29,2
184,4,0.08,0.15,0.22,0.3,0.39,1
185,4,0.12,0.18,0.27,0.32,0.41,1
186,2,0.15,0.31,0.38,0.49,0.54,1
187,1,0.27,0.33,0.44,0.53,0.66,1
188,1,0.26,0.39,0.49,0.62,0.72,2
189,2,0.18,0.26,0.36,0.46,0.56,2
190,5,0.05,0.08,0.11,0.22,0.35,1
191,1,0.29,0.4,0.5,0.62,0.69,1
192,5,0.02,0.04,0.09,0.17,0.27,1
193,1,0.33,0.46,0.61,0.71,0.79,1
194,2,0.25,0.33,0.43,0.56,0.69,1
195,3,0.14,0.23,0.34,0.46,0.58,1
196,1,0.32,0.46,0.57,0.74,0.81,1
197,1,0.32,0.35,0.45,0.55,0.67,2
198,2,0.23,0.32,0.47,0.6,0.72,1
199,5,0.03,0.05,0.08,0.14,0.27,1
200,5,0.04,0.07,0.13,0.2,0.29,1
201,1,0.26,0.38,0.48,0.57,0.65,1
202,1,0.33,0.43,0.55,0.62,0.72,1
203,2,0.23,0.32,0.47,0.56,0.67,2
204,3,0.1,0.18,0.34,0.44,0.52,1
205,4,0.08,0.14,0.21,0.27,0.42,1
206,5,0.06,0.07,0.09,0.18,0.26,1
207,5,0.06,0.09,0.15,0.17,0.27,1
208,4,0.1,0.17,0.25,0.29,0.4,1
209,5,0.05,0.07,0.14,0.21,0.29,1
210,3,0.16,0.23,0.33,0.47,0.58,1
211,3,0.12,0.18,0.31,0.43,0.5,1
212,5,0.05,0.09,0.14,0.19,0.27,1
213,1,0.3,0.41,0.51,0.61,0.67,1
214,1,0.34,0.44,0.48,0.62,0.68,1
215,5,0.05,0.06,0.15,0.24,0.35,1
216,5,0.03,0.05,0.09,0.16,0.31,1
217,4,0.12,0.17,0.2,0.32,0.43,1
218,4,0.09,0.13,0.22,0.3,0.38,1
219,2,0.15,0.26,0.4,0.54,0.68,1
220,1,0.27,0.38,0.49,0.55,0.61,1
221,2,0.2,0.34,0.41,0.52,0.64,1
222,5,0.03,0.05,0.11,0.14,0.27,2
223,1,0.29,0.39,0.58,0.62,0.69,1
224,1,0.26,0.39,0.53,0.6,0.67,1
225,1,0.27,0.37,0.52,0.62,0.74,1
226,5,0.02,0.04,0.1,0.17,0.26,1
227,3,0.11,0.17,0.28,0.34,0.43,2
228,1,0.32,0.33,0.44,0.51,0.63,1
229,4,0.07,0.11,0.16,0.29,0.35,1
230,5,0.05,0.08,0.12,0.18,0.29,1
231,4,0.05,0.09,0.14,0.26,0.39,1
232,2,0.2,0.35,0.45,0.57,0.68,1
233,5,0.1,0.13,0.17,0.24,0.28,1
234,4,0.07,0.1,0.17,0.26,0.34,1
235,4,0.06,0.11,0.19,0.31,0.4,2
236,4,0.08,0.11,0.16,0.26,0.34,1
237,1,0.29,0.37,0.42,0.52,0.57,1
238,1,0.27,0.38,0.47,0.55,0.68,1
239,3,0.14,0.23,0.34,0.43,0.49,1
240,2,0.24,0.34,0.45,0.63,0.75,1
241,1,0.28,0.41,0.53,0.6,0.77,1
242,2,0.16,0.28,0.44,0.49,0.6,1
243,5,0.08,0.1,0.18,0.26,0.32,1
244,5,0.04,0.07,0.14,0.21,0.28,1
245,3,0.16,0.19,0.27,0.35,0.43,1
246,1,0.27,0.36,0.46,0.58,0.67,2
247,4,0.07,0.11,0.21,0.3,0.44,1
248,4,0.09,0.14,0.25,0.33,0.45,1
249,3,0.12,0.21,0.3,0.41,0.5,1
250,5,0.04,0.05,0.09,0.17,0.31,1
251,2,0.14,0.27,0.36,0.5,0.62,1
252,1,0.28,0.37,0.43,0.5,0.59,2
253,5,0.08,0.14,0.18,0.24,0.34,3
254,2,0.2,0.28,0.38,0.49,0.63,1
255,1,0.29,0.35,0.43,0.46,0.6,1
256,2,0.22,0.33,0.49,0.57,0.65,1
257,5,0.08,0.12,0.16,0.25,0.33,1
258,4,0.1,0.19,0.24,0.34,0.41,1
259,3,0.1,0.19,0.31,0.38,0.6,1
260,5,0.07,0.12,0.18,0.24,0.29,1
261,2,0.19,0.28,0.38,0.5,0.64,2
262,2,0.23,0.33,0.36,0.48,0.56,1
263,3,0.22,0.24,0.3,0.39,0.47,1
264,3,0.16,0.24,0.34,0.42,0.52,1
265,4,0.12,0.18,0.24,0.33,0.42,1
266,4,0.07,0.13,0.23,0.34,0.41,1
267,1,0.29,0.33,0.44,0.55,0.61,1
268,5,0.03,0.05,0.08,0.18,0.26,1
269,4,0.09,0.15,0.26,0.33,0.41,2
270,5,0.05,0.09,0.13,0.17,0.3,1
271,5,0.03,0.05,0.11,0.16,0.25,1
272,5,0.05,0.08,0.11,0.18,0.26,1
273,5,0.03,0.05,0.09,0.21,0.31,1
274,4,0.09,0.13,0.21,0.34,0.4,1
275,2,0.22,0.35,0.44,0.55,0.66,1
276,3,0.11,0.16,0.26,0.39,0.52,1
277,2,0.15,0.26,0.39,0.51,0.62,1
278,4,0.07,0.14,0.19,0.26,0.37,2
279,4,0.08,0.13,0.19,0.27,0.41,1
280,5,0.03,0.07,0.1,0.2,0.28,1
281,4,0.08,0.16,0.21,0.33,0.47,1
282,2,0.18,0.27,0.36,0.5,0.58,1
283,2,0.24,0.34,0.52,0.65,0.69,1
284,5,0.06,0.07,0.11,0.15,0.28,1
285,4,0.06,0.11,0.16,0.26,0.4,1
286,4,0.06,0.1,0.16,0.25,0.35,1
287,2,0.13,0.27,0.34,0.43,0.51,1
288,3,0.12,0.16,0.29,0.37,0.45,1
289,5,0.03,0.05,0.11,0.14,0.27,1
290,5,0.05,0.06,0.1,0.14,0.26,1
291,4,0.08,0.12,0.16,0.26,0.4,1
292,2,0.18,0.29,0.34,0.42,0.61,1
293,2,0.18,0.29,0.34,0.51,0.66,1
294,5,0.05,0.09,0.12,0.16,0.25,1
295,5,0.06,0.12,0.15,0.24,0.3,1
296,3,0.13,0.23,0.34,0.53,0.64,1
297,5,0.04,0.08,0.1,0.21,0.27,1
298,4,0.08,0.11,0.18,0.27,0.47,1
299,4,0.05,0.07,0.14,0.31,0.38,1
300,1,0.27,0.41,0.52,0.6,0.75,1
301,3,0.15,0.21,0.32,0.46,0.55,2
302,5,0.04,0.08,0.12,0.2,0.33,1
303,2,0.22,0.34,0.44,0.48,0.65,1
304,3,0.13,0.23,0.27,0.38,0.47,2
305,4,0.08,0.12,0.18,0.28,0.43,1
306,1,0.29,0.37,0.49,0.56,0.62,1
307,2,0.19,0.29,0.38,0.53,0.64,1
308,2,0.17,0.26,0.36,0.43,0.55,1
309,4,0.1,0.14,0.21,0.33,0.41,1
310,3,0.08,0.16,0.29,0.32,0.45,1
311,1,0.27,0.34,0.42,0.51,0.66,1
312,1,0.33,0.36,0.44,0.55,0.68,1
313,2,0.21,0.27,0.39,0.53,0.67,1
314,4,0.05,0.11,0.21,0.31,0.41,1
315,4,0.06,0.14,0.21,0.33,0.45,2
316,3,0.12,0.18,0.28,0.4,0.52,1
317,1,0.29,0.4,0.46,0.56,0.69,1
318,3,0.13,0.21,0.34,0.38,0.46,1
319,4,0.1,0.17,0.22,0.3,0.49,1
320,2,0.21,0.26,0.36,0.45,0.51,1
321,1,0.33,0.49,0.62,0.78,0.85,1
322,2,0.17,0.31,0.46,0.53,0.64,1
323,3,0.14,0.23,0.35,0.44,0.55,1
324,1,0.28,0.33,0.44,0.56,0.71,1
325,5,0.05,0.07,0.12,0.21,0.25,1
326,1,0.3,0.42,0.53,0.65,0.75,1
327,1,0.28,0.38,0.52,0.62,0.71,1
328,1,0.27,0.33,0.45,0.58,0.61,1
329,2,0.18,0.3,0.42,0.58,0.73,1
330,5,0.07,0.11,0.15,0.23,0.33,1
331,1,0.29,0.36,0.44,0.58,0.66,1
332,1,0.31,0.42,0.54,0.62,0.67,1
333,3,0.09,0.18,0.26,0.39,0.49,1
334,2,0.23,0.28,0.37,0.5,0.58,1
335,2,0.24,0.32,0.4,0.56,0.75,1
336,5,0.04,0.07,0.11,0.17,0.29,2
337,3,0.13,0.21,0.33,0.42,0.54,1
338,4,0.08,0.1,0.17,0.31,0.4,1
339,1,0.28,0.41,0.48,0.6,0.68,1
340,2,0.21,0.33,0.41,0.54,0.6,1
341,1,0.27,0.35,0.45,0.54,0.62,1
342,3,0.16,0.28,0.31,0.45,0.58,1
343,1,0.26,0.34,0.44,0.5,0.65,1
344,3,0.14,0.16,0.25,0.39,0.49,2
345,2,0.21,0.31,0.42,0.56,0.7,1
346,2,0.17,0.27,0.35,0.46,0.59,1
347,5,0.07,0.08,0.16,0.25,0.32,1
348,2,0.18,0.29,0.37,0.51,0.64,1
349,4,0.1,0.17,0.23,0.32,0.49,1
350,1,0.31,0.42,0.48,0.57,0.68,1
351,2,0.19,0.25,0.39,0.45,0.56,1
352,5,0.03,0.07,0.11,0.16,0.26,1
353,5,0.05,0.06,0.15,0.23,0.32,1
354,2,0.19,0.3,0.42,0.52,0.58,1
355,1,0.27,0.4,0.48,0.6,0.66,1
356,4,0.1,0.13,0.19,0.27,0.37,1
357,5,0.07,0.08,0.13,0.21,0.33,1
358,2,0.18,0.32,0.47,0.53,0.63,1
359,3,0.09,0.17,0.28,0.4,0.54,1
360,2,0.18,0.28,0.41,0.5,0.56,1
361,4,0.07,0.14,0.19,0.28,0.38,1
362,4,0.05,0.08,0.16,0.3,0.4,1
363,1,0.29,0.37,0.46,0.6,0.73,1
364,5,0.08,0.1,0.17,0.22,0.3,1
365,4,0.07,0.11,0.2,0.28,0.39,1
366,2,0.21,0.35,0.44,0.49,0.59,1
367,2,0.17,0.31,0.42,0.53,0.67,1
368,4,0.08,0.15,0.23,0.31,0.39,1
369,5,0.03,0.07,0.1,0.16,0.32,1
370,3,0.09,0.18,0.29,0.41,0.51,3
371,2,0.21,0.34,0.44,0.55,0.73,1
372,2,0.22,0.31,0.49,0.54,0.66,1
373,5,0.04,0.07,0.1,0.19,0.35,1
374,4,0.07,0.14,0.19,0.31,0.42,1
375,3,0.16,0.2,0.33,0.43,0.51,1
376,5,0.03,0.05,0.06,0.16,0.27,1
377,2,0.17,0.31,0.35,0.43,0.62,1
378,5,0.05,0.08,0.15,0.23,0.29,1
379,2,0.17,0.27,0.34,0.41,0.47,1
380,1,0.32,0.43,0.45,0.56,0.66,1
381,2,0.2,0.3,0.41,0.48,0.57,1
382,5,0.04,0.06,0.12,0.17,0.31,1
383,1,0.35,0.5,0.63,0.74,0.8,1
384,1,0.29,0.35,0.53,0.59,0.68,1
385,3,0.11,0.14,0.25,0.36,0.5,1
386,1,0.29,0.43,0.48,0.56,0.67,1
387,5,0.03,0.06,0.11,0.2,0.3,1
388,2,0.22,0.32,0.38,0.47,0.62,1
389,4,0.04,0.08,0.15,0.28,0.4,1
390,1,0.34,0.47,0.54,0.59,0.65,1
391,3,0.16,0.22,0.28,0.36,0.5,1
392,5,0.06,0.07,0.09,0.16,0.28,2
393,4,0.12,0.2,0.26,0.32,0.42,1
394,1,0.35,0.5,0.62,0.75,0.79,1
395,4,0.08,0.15,0.18,0.31,0.39,1
396,4,0.11,0.18,0.2,0.33,0.42,1
397,2,0.17,0.27,0.34,0.45,0.54,1
398,5,0.04,0.06,0.1,0.18,0.32,1
399,4,0.11,0.17,0.23,0.31,0.41,1
400,5,0.06,0.08,0.13,0.2,0.28,1
401,4,0.07,0.1,0.17,0.31,0.42,1
402,3,0.2,0.24,0.34,0.42,0.55,1
403,5,0.03,0.06,0.1,0.18,0.28,1
404,1,0.33,0.42,0.56,0.62,0.7,1
405,3,0.09,0.16,0.28,0.36,0.49,1
406,4,0.07,0.12,0.2,0.29,0.4,1
407,5,0.05,0.07,0.11,0.2,0.28,1
408,3,0.18,0.23,0.34,0.47,0.54,3
409,1,0.31,0.43,0.49,0.59,0.67,1
410,5,0.05,0.09,0.13,0.16,0.29,1
411,1,0.34,0.45,0.55,0.59,0.74,1
412,3,0.13,0.21,0.26,0.38,0.44,1
413,3,0.12,0.2,0.31,0.41,0.51,2
414,2,0.17,0.35,0.48,0.58,0.69,1
415,4,0.08,0.15,0.2,0.35,0.41,1
416,4,0.09,0.14,0.19,0.32,0.39,1
417,1,0.32,0.41,0.57,0.66,0.78,1
418,5,0.03,0.05,0.09,0.17,0.3,1
419,3,0.08,0.19,0.33,0.46,0.58,3
420,2,0.25,0.3,0.34,0.47,0.54,1
421,2,0.15,0.26,0.41,0.55,0.67,1
422,1,0.27,0.38,0.45,0.54,0.62,1
423,5,0.04,0.07,0.1,0.16,0.26,1
424,2,0.23,0.3,0.4,0.54,0.65,1
425,4,0.06,0.11,0.16,0.28,0.39,1
426,4,0.09,0.13,0.23,0.35,0.38,1
427,3,0.13,0.2,0.31,0.38,0.51,1
428,3,0.14,0.2,0.32,0.39,0.53,1
429,2,0.18,0.26,0.4,0.53,0.62,1
430,5,0.04,0.06,0.11,0.17,0.3,2
431,5,0.07,0.13,0.18,0.22,0.31,1
432,4,0.08,0.11,0.21,0.29,0.4,1
433,4,0.11,0.19,0.25,0.34,0.51,1
434,2,0.17,0.25,0.36,0.47,0.55,1
435,3,0.14,0.16,0.27,0.36,0.47,1
436,2,0.22,0.34,0.45,0.5,0.58,1
437,2,0.15,0.26,0.35,0.5,0.6,1
438,3,0.1,0.2,0.32,0.44,0.54,1
439,3,0.13,0.18,0.3,0.41,0.51,1
440,3,0.18,0.23,0.32,0.39,0.51,1
441,2,0.17,0.32,0.47,0.59,0.66,1
442,2,0.2,0.29,0.36,0.44,0.53,1
443,3,0.11,0.16,0.26,0.37,0.43,1
444,4,0.11,0.16,0.21,0.32,0.44,1
445,4,0.08,0.14,0.21,0.28,0.47,2
446,3,0.11,0.21,0.33,0.46,0.53,1
447,3,0.13,0.18,0.31,0.39,0.47,2
448,4,0.05,0.13,0.19,0.32,0.38,1
449,1,0.32,0.44,0.48,0.59,0.7,1
450,2,0.2,0.27,0.34,0.48,0.54,1
451,3,0.14,0.23,0.32,0.45,0.59,1
452,4,0.05,0.13,0.24,0.32,0.39,2
453,3,0.09,0.17,0.3,0.43,0.56,1
454,3,0.11,0.19,0.32,0.43,0.6,1
455,5,0.05,0.08,0.14,0.22,0.3,1
456,2,0.2,0.29,0.37,0.49,0.58,2
457,1,0.3,0.38,0.53,0.64,0.73,1
458,1,0.33,0.44,0.54,0.7,0.78,1
459,5,0.03,0.05,0.1,0.16,0.27,1
460,1,0.34,0.51,0.57,0.7,0.8,1
461,1,0.3,0.38,0.51,0.57,0.7,1
462,3,0.13,0.22,0.34,0.49,0.62,1
463,4,0.14,0.17,0.22,0.35,0.46,1
464,1,0.33,0.42,0.52,0.69,0.78,1
465,2,0.21,0.3,0.38,0.44,0.6,1
466,2,0.15,0.26,0.35,0.49,0.55,1
467,5,0.05,0.09,0.15,0.2,0.32,1
468,4,0.14,0.19,0.21,0.32,0.45,1
469,2,0.14,0.28,0.38,0.51,0.62,1
470,4,0.07,0.13,0.22,0.32,0.45,1
471,4,0.07,0.11,0.19,0.31,0.38,1
472,3,0.08,0.15,0.25,0.36,0.51,1
473,4,0.05,0.06,0.12,0.27,0.37,1
474,3,0.1,0.17,0.27,0.35,0.55,1
475,2,0.18,0.33,0.42,0.52,0.59,1
476,3,0.1,0.17,0.28,0.39,0.5,1
477,1,0.32,0.43,0.52,0.66,0.74,1
478,3,0.12,0.2,0.33,0.4,0.53,1
479,4,0.08,0.11,0.19,0.32,0.46,1
480,2,0.2,0.28,0.43,0.62,0.73,1
481,5,0.04,0.07,0.12,0.2,0.31,1
482,4,0.07,0.13,0.19,0.25,0.36,1
483,1,0.33,0.5,0.58,0.71,0.79,1
484,5,0.05,0.07,0.15,0.22,0.26,1
485,3,0.14,0.17,0.28,0.39,0.49,1
486,3,0.14,0.25,0.31,0.36,0.44,1
487,1,0.34,0.45,0.54,0.67,0.8,1
488,4,0.13,0.15,0.23,0.33,0.38,1
489,2,0.23,0.32,0.47,0.57,0.67,1
490,3,0.11,0.23,0.34,0.5,0.61,1
491,2,0.22,0.27,0.38,0.43,0.45,1
492,1,0.31,0.46,0.55,0.68,0.73,1
493,4,0.14,0.18,0.23,0.3,0.42,1
494,4,0.07,0.1,0.15,0.27,0.37,1
495,3,0.11,0.23,0.33,0.41,0.5,1
496,3,0.14,0.22,0.33,0.48,0.56,1
497,4,0.04,0.06,0.16,0.26,0.34,1
498,2,0.19,0.32,0.44,0.57,0.61,1
499,3,0.14,0.25,0.34,0.45,0.64,1
500,3,0.13,0.18,0.27,0.36,0.41,1
501,3,0.13,0.24,0.35,0.49,0.56,1
502,4,0.07,0.12,0.21,0.26,0.36,1
503,5,0.03,0.06,0.08,0.23,0.31,1
504,3,0.08,0.17,0.28,0.43,0.55,1
505,3,0.11,0.19,0.3,0.43,0.57,1
506,5,0.06,0.13,0.16,0.21,0.27,1
507,5,0.05,0.07,0.1,0.19,0.28,1
508,3,0.12,0.2,0.26,0.39,0.46,1
509,1,0.29,0.4,0.52,0.65,0.72,1
510,2,0.22,0.35,0.55,0.6,0.68,1
511,5,0.07,0.1,0.16,0.2,0.31,1
512,3,0.09,0.14,0.29,0.35,0.55,1
513,5,0.06,0.08,0.15,0.2,0.31,1
514,1,0.28,0.4,0.54,0.67,0.71,1
515,1,0.32,0.49,0.54,0.64,0.76,1
516,5,0.04,0.06,0.08,0.14,0.26,1
517,2,0.23,0.29,0.4,0.55,0.67,1
518,4,0.05,0.09,0.15,0.32,0.41,1
519,3,0.19,0.24,0.29,0.34,0.48,1
520,3,0.17,0.24,0.33,0.42,0.53,1
521,2,0.18,0.3,0.45,0.56,0.69,3
522,5,0.04,0.1,0.15,0.22,0.31,1
523,2,0.2,0.27,0.37,0.51,0.59,2
524,3,0.13,0.19,0.32,0.35,0.43,1
525,5,0.05,0.07,0.11,0.19,0.29,1
526,2,0.2,0.27,0.41,0.53,0.64,1
527,5,0.04,0.07,0.14,0.24,0.28,1
528,2,0.21,0.32,0.36,0.44,0.48,2
529,4,0.07,0.13,0.21,0.32,0.44,1
530,5,0.05,0.07,0.16,0.25,0.34,2
531,4,0.09,0.13,0.17,0.32,0.44,1
532,3,0.15,0.22,0.3,0.41,0.53,1
533,2,0.16,0.27,0.36,0.51,0.58,2
534,5,0.05,0.09,0.15,0.22,0.34,1
535,2,0.22,0.34,0.47,0.56,0.7,1
536,3,0.09,0.17,0.3,0.41,0.46,1
537,1,0.29,0.38,0.53,0.69,0.77,1
538,3,0.12,0.21,0.27,0.4,0.53,1
539,5,0.05,0.08,0.14,0.18,0.3,1
540,1,0.31,0.44,0.55,0.67,0.75,1
541,2,0.19,0.28,0.34,0.45,0.56,1
542,5,0.05,0.08,0.14,0.2,0.29,1
543,1,0.34,0.4,0.45,0.56,0.66,2
544,5,0.03,0.08,0.16,0.23,0.32,1
545,2,0.24,0.34,0.41,0.52,0.65,1
546,5,0.04,0.07,0.12,0.2,0.28,1
547,3,0.11,0.21,0.27,0.35,0.41,1
548,1,0.29,0.46,0.6,0.76,0.79,1
549,2,0.21,0.34,0.48,0.56,0.69,1
550,5,0.04,0.07,0.13,0.19,0.31,1
551,4,0.08,0.11,0.16,0.26,0.42,1
552,1,0.33,0.41,0.56,0.67,0.77,1
553,1,0.29,0.39,0.5,0.61,0.71,1
554,3,0.11,0.17,0.27,0.36,0.51,1
555,1,0.33,0.42,0.49,0.56,0.7,1
556,5,0.04,0.07,0.1,0.21,0.27,1
557,4,0.06,0.15,0.22,0.32,0.48,1
558,4,0.1,0.16,0.26,0.31,0.44,2
559,3,0.11,0.2,0.35,0.42,0.53,1
560,1,0.3,0.38,0.5,0.59,0.66,1
561,1,0.34,0.42,0.5,0.64,0.72,1
562,5,0.05,0.08,0.13,0.22,0.3,1
563,4,0.09,0.12,0.19,0.29,0.41,1
564,1,0.33,0.49,0.6,0.66,0.8,1
565,5,0.03,0.05,0.08,0.15,0.26,1
566,2,0.23,0.33,0.38,0.55,0.7,1
567,5,0.11,0.12,0.18,0.24,0.34,1
568,2,0.17,0.3,0.4,0.49,0.63,1
569,1,0.28,0.37,0.44,0.52,0.58,1
570,3,0.1,0.17,0.28,0.41,0.49,1
571,1,0.32,0.42,0.57,0.67,0.79,1
572,3,0.11,0.18,0.29,0.32,0.43,1
573,3,0.13,0.19,0.28,0.33,0.47,1
574,3,0.13,0.18,0.26,0.34,0.43,1
575,3,0.1,0.19,0.3,0.37,0.49,2
576,1,0.29,0.34,0.4,0.47,0.64,1
577,1,0.26,0.38,0.49,0.61,0.74,1
578,5,0.04,0.07,0.13,0.16,0.28,2
579,1,0.28,0.36,0.5,0.64,0.73,1
580,4,0.05,0.09,0.15,0.26,0.37,1
581,5,0.07,0.11,0.17,0.22,0.34,1
582,2,0.18,0.29,0.37,0.48,0.5,1
583,5,0.04,0.08,0.14,0.19,0.28,1
584,4,0.1,0.13,0.22,0.27,0.35,1
585,4,0.07,0.12,0.17,0.3,0.41,1
586,4,0.09,0.13,0.18,0.29,0.38,1
587,2,0.2,0.32,0.42,0.52,0.68,1
588,4,0.09,0.12,0.21,0.32,0.4,1
589,5,0.07,0.11,0.16,0.24,0.35,1
590,3,0.1,0.2,0.33,0.48,0.63,1
591,5,0.06,0.09,0.17,0.25,0.31,1
592,2,0.18,0.29,0.38,0.54,0.71,1
593,2,0.17,0.31,0.41,0.57,0.72,1
594,4,0.06,0.1,0.21,0.31,0.39,2
595,5,0.04,0.07,0.11,0.19,0.29,1
596,3,0.13,0.22,0.33,0.43,0.5,1
597,1,0.34,0.47,0.61,0.72,0.8,1
598,2,0.23,0.34,0.45,0.55,0.66,1
599,2,0.2,0.32,0.43,0.55,0.66,1
600,5,0.03,0.05,0.08,0.13,0.26,1
601,3,0.09,0.21,0.3,0.42,0.54,2
602,5,0.06,0.1,0.13,0.25,0.32,1
603,5,0.05,0.08,0.12,0.22,0.32,1
604,3,0.16,0.24,0.3,0.35,0.45,1
605,4,0.14,0.16,0.22,0.35,0.45,1
606,4,0.04,0.08,0.18,0.3,0.38,1
607,1,0.32,0.43,0.45,0.53,0.59,2
608,2,0.26,0.27,0.37,0.5,0.59,1
609,5,0.06,0.08,0.14,0.19,0.3,1
610,4,0.11,0.18,0.2,0.3,0.34,1
611,4,0.08,0.11,0.15,0.27,0.33,2
612,2,0.25,0.34,0.42,0.5,0.58,1
613,5,0.03,0.06,0.12,0.19,0.33,1
614,5,0.04,0.08,0.12,0.16,0.25,1
615,4,0.13,0.18,0.23,0.32,0.41,2
616,3,0.08,0.16,0.29,0.38,0.45,1
617,1,0.31,0.37,0.53,0.7,0.76,2
618,2,0.24,0.33,0.41,0.45,0.55,1
619,3,0.15,0.24,0.35,0.49,0.62,1
620,2,0.17,0.26,0.36,0.5,0.58,1
621,4,0.09,0.14,0.17,0.3,0.4,4
622,4,0.06,0.09,0.17,0.34,0.48,2
623,5,0.03,0.05,0.1,0.15,0.27,1
624,4,0.07,0.12,0.16,0.27,0.37,1
625,2,0.15,0.27,0.33,0.4,0.5,1
626,2,0.27,0.31,0.43,0.6,0.69,1
627,1,0.33,0.41,0.47,0.52,0.61,1
628,3,0.13,0.22,0.31,0.45,0.57,1
629,2,0.21,0.29,0.34,0.48,0.6,1
630,5,0.04,0.06,0.12,0.16,0.27,1
631,1,0.34,0.47,0.59,0.76,0.82,1
632,5,0.06,0.08,0.15,0.23,0.34,1
633,4,0.09,0.13,0.17,0.3,0.42,1
634,1,0.31,0.45,0.62,0.74,0.85,1
635,5,0.03,0.05,0.08,0.16,0.26,1
636,2,0.15,0.26,0.36,0.47,0.6,1
637,4,0.07,0.13,0.18,0.3,0.33,1
638,3,0.12,0.18,0.26,0.38,0.42,1
639,1,0.32,0.49,0.62,0.66,0.84,1
640,4,0.1,0.15,0.22,0.31,0.39,1
641,1,0.29,0.38,0.47,0.6,0.7,1
642,3,0.14,0.21,0.31,0.46,0.56,3
643,1,0.29,0.37,0.41,0.54,0.68,1
644,1,0.3,0.44,0.58,0.72,0.79,1
645,3,0.1,0.16,0.28,0.36,0.53,2
646,3,0.14,0.21,0.33,0.43,0.62,3
647,2,0.24,0.31,0.42,0.55,0.68,2
648,4,0.08,0.14,0.17,0.28,0.36,1
649,3,0.08,0.17,0.3,0.43,0.57,1
650,5,0.05,0.09,0.14,0.21,0.35,1
651,1,0.32,0.42,0.53,0.64,0.73,1
652,5,0.01,0.03,0.07,0.15,0.25,1
653,3,0.1,0.18,0.3,0.47,0.6,1
654,4,0.12,0.15,0.21,0.27,0.35,3
655,3,0.14,0.26,0.32,0.48,0.57,1
656,2,0.22,0.33,0.37,0.54,0.71,1
657,3,0.12,0.16,0.26,0.35,0.48,2
658,5,0.03,0.05,0.09,0.17,0.27,1
659,4,0.1,0.18,0.22,0.34,0.47,1
660,3,0.14,0.21,0.34,0.4,0.46,1
661,1,0.34,0.42,0.56,0.63,0.71,1
662,5,0.06,0.09,0.11,0.16,0.26,2
663,2,0.2,0.31,0.44,0.55,0.63,2
664,2,0.18,0.28,0.34,0.45,0.53,1
665,4,0.08,0.12,0.19,0.28,0.36,1
666,5,0.05,0.11,0.2,0.25,0.33,1
667,3,0.16,0.25,0.32,0.41,0.56,1
668,2,0.21,0.32,0.41,0.51,0.65,1
669,5,0.05,0.09,0.15,0.26,0.32,1
670,1,0.29,0.44,0.59,0.61,0.73,1
671,5,0.05,0.07,0.11,0.2,0.3,1
672,5,0.05,0.06,0.15,0.21,0.29,1
673,5,0.04,0.06,0.1,0.18,0.26,1
674,5,0.03,0.05,0.1,0.19,0.32,2
675,1,0.32,0.4,0.49,0.58,0.69,1
676,3,0.13,0.23,0.31,0.4,0.53,1
677,5,0.03,0.04,0.07,0.14,0.26,1
678,3,0.13,0.21,0.33,0.41,0.51,1
679,4,0.05,0.09,0.19,0.28,0.35,2
680,2,0.19,0.32,0.39,0.49,0.62,1
681,2,0.24,0.32,0.43,0.51,0.6,2
682,2,0.21,0.32,0.34,0.46,0.59,1
683,1,0.3,0.43,0.53,0.64,0.71,1
684,1,0.35,0.45,0.54,0.66,0.73,1
685,5,0.04,0.06,0.09,0.17,0.26,2
686,5,0.06,0.1,0.13,0.21,0.31,1
687,2,0.18,0.26,0.34,0.51,0.65,1
688,3,0.18,0.22,0.33,0.39,0.52,1
689,5,0.07,0.13,0.18,0.2,0.29,1
690,2,0.26,0.32,0.48,0.61,0.68,1
691,4,0.07,0.11,0.16,0.31,0.46,1
692,1,0.29,0.42,0.57,0.7,0.79,1
693,5,0.06,0.08,0.13,0.2,0.35,1
694,4,0.08,0.1,0.21,0.29,0.42,1
695,5,0.06,0.09,0.14,0.24,0.33,1
696,2,0.16,0.27,0.38,0.49,0.61,2
697,2,0.16,0.28,0.37,0.46,0.6,1
698,4,0.08,0.13,0.23,0.35,0.46,1
699,1,0.32,0.37,0.44,0.58,0.68,1
700,4,0.08,0.11,0.18,0.27,0.41,1
701,1,0.35,0.5,0.63,0.76,0.83,1
702,3,0.14,0.22,0.31,0.38,0.49,2
703,3,0.18,0.24,0.3,0.41,0.49,1
704,4,0.08,0.12,0.16,0.26,0.35,1
705,2,0.18,0.29,0.38,0.51,0.64,1
706,5,0.05,0.11,0.16,0.24,0.32,1
707,4,0.05,0.08,0.14,0.25,0.42,1
708,1,0.3,0.39,0.5,0.61,0.64,1
709,5,0.03,0.06,0.13,0.21,0.34,1
710,1,0.29,0.34,0.47,0.57,0.72,1
711,3,0.17,0.23,0.33,0.48,0.57,1
712,2,0.19,0.33,0.48,0.59,0.7,1
713,3,0.1,0.19,0.27,0.38,0.55,2
714,5,0.08,0.15,0.21,0.26,0.32,1
715,2,0.17,0.3,0.39,0.5,0.61,1
716,4,0.08,0.13,0.21,0.31,0.47,1
717,5,0.05,0.08,0.15,0.2,0.26,1
718,2,0.21,0.32,0.39,0.49,0.57,1
719,4,0.09,0.12,0.24,0.31,0.44,1
720,4,0.1,0.17,0.25,0.32,0.43,2
721,5,0.1,0.11,0.15,0.2,0.35,1
722,2,0.21,0.28,0.44,0.53,0.59,2
723,5,0.04,0.07,0.13,0.23,0.3,1
724,2,0.14,0.29,0.33,0.45,0.54,1
725,2,0.2,0.31,0.4,0.45,0.57,1
726,2,0.19,0.3,0.42,0.49,0.59,1
727,3,0.11,0.2,0.33,0.42,0.6,2
728,3,0.12,0.21,0.3,0.38,0.42,1
729,4,0.07,0.13,0.24,0.27,0.34,1
730,5,0.07,0.1,0.15,0.2,0.33,2
731,1,0.28,0.4,0.55,0.62,0.67,1
732,4,0.09,0.15,0.2,0.31,0.4,1
733,4,0.04,0.08,0.21,0.28,0.34,2
734,1,0.31,0.46,0.53,0.63,0.71,1
735,2,0.17,0.29,0.37,0.45,0.56,2
736,1,0.34,0.47,0.6,0.7,0.78,1
737,1,0.28,0.46,0.63,0.67,0.76,1
738,5,0.06,0.11,0.18,0.24,0.31,1
739,3,0.17,0.24,0.33,0.46,0.59,1
740,2,0.19,0.26,0.37,0.47,0.52,2
741,5,0.05,0.09,0.15,0.21,0.27,1
742,1,0.32,0.48,0.61,0.68,0.74,1
743,3,0.1,0.18,0.28,0.35,0.39,1
744,2,0.19,0.28,0.37,0.45,0.58,2
745,1,0.3,0.43,0.48,0.57,0.68,1
746,5,0.05,0.07,0.12,0.16,0.32,1
747,2,0.19,0.29,0.37,0.41,0.55,1
748,1,0.32,0.44,0.52,0.64,0.74,1
749,3,0.13,0.23,0.31,0.41,0.52,2
750,1,0.26,0.39,0.46,0.59,0.7,1
751,2,0.18,0.26,0.38,0.49,0.65,1
752,2,0.22,0.33,0.38,0.44,0.52,1
753,2,0.18,0.3,0.35,0.45,0.56,1
754,3,0.13,0.2,0.32,0.47,0.53,2
755,3,0.12,0.19,0.27,0.34,0.42,1
756,2,0.25,0.34,0.42,0.52,0.66,1
757,2,0.16,0.26,0.4,0.53,0.62,1
758,5,0.04,0.08,0.13,0.21,0.31,1
759,2,0.17,0.26,0.34,0.48,0.54,3
760,3,0.13,0.24,0.33,0.45,0.52,2
761,1,0.32,0.48,0.58,0.68,0.75,1
762,3,0.07,0.16,0.28,0.38,0.5,1
763,5,0.06,0.1,0.13,0.18,0.28,1
764,2,0.2,0.31,0.44,0.58,0.59,1
765,2,0.22,0.32,0.43,0.53,0.64,1
766,1,0.3,0.39,0.5,0.53,0.71,1
767,2,0.21,0.35,0.42,0.55,0.65,2
768,4,0.06,0.09,0.18,0.32,0.44,1
769,5,0.05,0.09,0.15,0.23,0.32,1
770,4,0.14,0.17,0.24,0.34,0.4,1
771,5,0.07,0.1,0.15,0.23,0.3,1
772,3,0.22,0.24,0.29,0.38,0.5,2
773,5,0.06,0.11,0.17,0.23,0.27,1
774,4,0.06,0.11,0.22,0.33,0.44,1
775,1,0.29,0.39,0.55,0.67,0.72,1
776,1,0.34,0.45,0.56,0.75,0.81,2
777,4,0.08,0.14,0.24,0.31,0.45,1
778,2,0.14,0.26,0.39,0.57,0.66,1
779,2,0.22,0.34,0.48,0.57,0.68,1
780,1,0.29,0.35,0.46,0.63,0.78,2
781,5,0.07,0.12,0.16,0.24,0.32,1
782,4,0.11,0.15,0.25,0.3,0.36,1
783,5,0.04,0.07,0.13,0.18,0.28,1
784,2,0.24,0.35,0.5,0.6,0.68,1
785,5,0.04,0.06,0.12,0.17,0.32,1
786,4,0.09,0.17,0.27,0.32,0.34,1
787,3,0.11,0.19,0.26,0.35,0.48,1
788,2,0.17,0.27,0.36,0.49,0.58,1
789,1,0.29,0.42,0.58,0.63,0.7,2
790,3,0.15,0.21,0.33,0.35,0.47,1
791,3,0.16,0.26,0.32,0.4,0.54,1
792,4,0.06,0.09,0.15,0.25,0.35,1
793,4,0.09,0.14,0.19,0.29,0.41,1
794,5,0.03,0.05,0.09,0.17,0.26,1
795,1,0.29,0.36,0.55,0.67,0.71,1
796,2,0.23,0.33,0.45,0.59,0.73,1
797,5,0.05,0.07,0.15,0.23,0.31,1
798,3,0.09,0.15,0.26,0.36,0.37,1
799,3,0.16,0.24,0.35,0.45,0.53,1
800,1,0.33,0.43,0.57,0.64,0.76,1
801,2,0.2,0.26,0.46,0.57,0.65,1
802,3,0.15,0.23,0.32,0.45,0.58,1
803,3,0.14,0.19,0.32,0.4,0.48,1
804,4,0.04,0.08,0.14,0.26,0.35,1
805,2,0.23,0.32,0.47,0.59,0.7,1
806,5,0.03,0.06,0.1,0.19,0.33,1
807,3,0.11,0.16,0.29,0.39,0.52,1
808,3,0.15,0.2,0.31,0.41,0.49,2
809,1,0.34,0.44,0.51,0.62,0.73,1
810,5,0.08,0.12,0.17,0.24,0.32,2
811,5,0.05,0.08,0.16,0.21,0.26,1
812,2,0.16,0.28,0.39,0.52,0.68,1
813,1,0.34,0.5,0.55,0.67,0.78,1
814,1,0.31,0.39,0.54,0.69,0.78,1
815,3,0.11,0.21,0.33,0.46,0.58,1
816,5,0.07,0.09,0.12,0.18,0.3,1
817,1,0.28,0.33,0.41,0.49,0.6,1
818,1,0.33,0.47,0.61,0.72,0.81,1
819,4,0.07,0.13,0.21,0.28,0.36,1
820,4,0.07,0.15,0.21,0.29,0.39,1
821,3,0.11,0.18,0.29,0.36,0.43,1
822,2,0.19,0.26,0.36,0.45,0.54,1
823,5,0.01,0.03,0.07,0.16,0.25,2
824,1,0.31,0.41,0.55,0.67,0.76,1
825,2,0.23,0.34,0.42,0.57,0.71,1
826,4,0.07,0.11,0.17,0.28,0.38,1
827,2,0.2,0.29,0.38,0.49,0.59,1
828,3,0.1,0.18,0.26,0.35,0.49,1
829,2,0.18,0.28,0.39,0.45,0.53,1
830,1,0.3,0.32,0.34,0.39,0.48,1
831,4,0.08,0.14,0.19,0.31,0.39,1
832,4,0.1,0.15,0.22,0.29,0.44,2
833,1,0.29,0.37,0.41,0.48,0.59,1
834,1,0.33,0.46,0.52,0.61,0.66,1
835,2,0.19,0.27,0.39,0.49,0.58,1
836,4,0.07,0.09,0.14,0.26,0.36,1
837,3,0.15,0.25,0.33,0.43,0.53,1
838,5,0.06,0.12,0.17,0.22,0.3,1
839,1,0.32,0.37,0.44,0.56,0.69,1
840,3,0.09,0.15,0.28,0.38,0.47,1
841,2,0.16,0.25,0.38,0.5,0.62,1
842,2,0.22,0.28,0.42,0.46,0.53,1
843,5,0.03,0.07,0.13,0.19,0.32,1
844,1,0.3,0.35,0.42,0.54,0.64,1
845,2,0.17,0.3,0.41,0.42,0.53,1
846,3,0.14,0.22,0.3,0.35,0.42,1
847,1,0.3,0.46,0.58,0.67,0.69,1
848,1,0.29,0.43,0.52,0.61,0.73,1
849,2,0.19,0.32,0.46,0.58,0.69,1
850,5,0.03,0.06,0.08,0.14,0.32,1
851,1,0.29,0.39,0.53,0.69,0.76,1
852,1,0.3,0.38,0.52,0.61,0.68,1
853,5,0.06,0.09,0.14,0.22,0.27,1
854,2,0.22,0.31,0.43,0.52,0.61,1
855,2,0.21,0.35,0.38,0.45,0.56,1
856,1,0.32,0.41,0.56,0.67,0.71,2
857,1,0.28,0.42,0.54,0.65,0.72,1
858,4,0.09,0.16,0.2,0.29,0.33,1
859,1,0.26,0.36,0.53,0.7,0.76,1
860,3,0.13,0.25,0.32,0.45,0.52,1
861,5,0.05,0.1,0.15,0.25,0.31,1
862,2,0.15,0.25,0.36,0.44,0.57,1
863,2,0.19,0.28,0.39,0.48,0.53,1
864,2,0.14,0.26,0.38,0.49,0.58,2
865,1,0.25,0.36,0.45,0.58,0.68,1
866,5,0.06,0.11,0.17,0.2,0.28,1
867,2,0.19,0.27,0.33,0.41,0.58,1
868,2,0.18,0.33,0.42,0.49,0.63,1
869,1,0.28,0.37,0.43,0.49,0.68,1
870,1,0.26,0.44,0.52,0.66,0.69,1
871,3,0.11,0.24,0.33,0.39,0.46,1
872,3,0.11,0.22,0.32,0.47,0.61,1
873,1,0.25,0.35,0.49,0.64,0.74,1
874,1,0.35,0.43,0.55,0.61,0.69,1
875,2,0.19,0.3,0.4,0.43,0.49,1
876,4,0.09,0.15,0.19,0.31,0.42,1
877,2,0.24,0.31,0.37,0.55,0.66,1
878,4,0.07,0.15,0.21,0.34,0.46,1
879,2,0.22,0.33,0.47,0.52,0.66,1
880,2,0.18,0.32,0.36,0.52,0.67,2
881,4,0.05,0.11,0.19,0.3,0.43,1
882,2,0.17,0.31,0.46,0.63,0.75,1
883,5,0.05,0.08,0.13,0.18,0.26,1
884,1,0.34,0.46,0.61,0.65,0.74,2
885,2,0.26,0.33,0.39,0.46,0.57,1
886,3,0.09,0.16,0.26,0.36,0.48,1
887,4,0.09,0.12,0.2,0.28,0.4,2
888,4,0.06,0.09,0.19,0.31,0.35,1
889,3,0.1,0.26,0.3,0.38,0.49,2
890,4,0.07,0.14,0.21,0.32,0.39,1
891,1,0.27,0.39,0.49,0.63,0.72,2
892,4,0.07,0.14,0.24,0.33,0.38,1
893,3,0.14,0.23,0.27,0.38,0.41,1
894,3,0.12,0.17,0.32,0.41,0.54,1
895,5,0.05,0.1,0.18,0.25,0.32,1
896,1,0.29,0.31,0.45,0.6,0.76,1
897,2,0.18,0.27,0.34,0.43,0.5,1
898,1,0.33,0.43,0.53,0.6,0.74,1
899,5,0.05,0.08,0.11,0.18,0.3,1
900,3,0.1,0.18,0.31,0.42,0.58,2
901,4,0.04,0.08,0.15,0.28,0.34,1
902,5,0.06,0.09,0.15,0.23,0.32,1
903,3,0.13,0.23,0.3,0.44,0.52,1
904,2,0.18,0.32,0.41,0.54,0.63,1
905,5,0.04,0.06,0.11,0.18,0.31,1
906,5,0.02,0.04,0.07,0.15,0.34,1
907,4,0.05,0.1,0.18,0.29,0.34,1
908,3,0.1,0.16,0.27,0.39,0.48,1
909,4,0.09,0.14,0.2,0.3,0.39,1
910,4,0.1,0.17,0.21,0.34,0.46,1
911,2,0.17,0.31,0.42,0.56,0.59,1
912,1,0.3,0.37,0.52,0.59,0.69,1
913,3,0.16,0.21,0.27,0.36,0.48,1
914,5,0.07,0.12,0.16,0.25,0.34,1
915,4,0.06,0.1,0.18,0.31,0.42,1
916,3,0.12,0.21,0.27,0.44,0.59,3
917,4,0.05,0.09,0.19,0.35,0.47,1
918,4,0.11,0.15,0.19,0.3,0.44,1
919,4,0.08,0.12,0.19,0.33,0.44,1
920,5,0.05,0.07,0.09,0.18,0.3,1
921,1,0.28,0.4,0.48,0.6,0.7,1
922,5,0.05,0.07,0.13,0.2,0.29,1
923,2,0.22,0.28,0.37,0.51,0.67,1
924,1,0.34,0.46,0.53,0.63,0.72,1
925,5,0.03,0.07,0.11,0.21,0.33,1
926,5,0.05,0.1,0.15,0.23,0.32,1
927,3,0.12,0.16,0.28,0.37,0.47,1
928,2,0.17,0.34,0.44,0.59,0.71,2
929,3,0.1,0.14,0.29,0.37,0.52,1
930,2,0.17,0.29,0.39,0.49,0.59,1
931,2,0.21,0.34,0.45,0.58,0.62,1
932,2,0.18,0.28,0.37,0.44,0.59,1
933,3,0.15,0.22,0.29,0.36,0.42,1
934,1,0.3,0.37,0.53,0.7,0.72,1
935,5,0.08,0.1,0.14,0.22,0.32,1
936,5,0.05,0.09,0.13,0.21,0.35,1
937,3,0.11,0.2,0.28,0.33,0.46,1
938,2,0.14,0.31,0.42,0.55,0.65,1
939,3,0.15,0.19,0.32,0.44,0.53,2
940,1,0.33,0.46,0.58,0.63,0.74,1
941,5,0.05,0.08,0.12,0.23,0.32,1
942,2,0.23,0.33,0.47,0.55,0.67,1
943,5,0.04,0.06,0.08,0.17,0.26,1
944,5,0.02,0.04,0.1,0.17,0.29,1
945,4,0.07,0.12,0.19,0.29,0.4,1
946,3,0.1,0.19,0.3,0.4,0.59,1
947,4,0.12,0.21,0.25,0.33,0.46,1
948,3,0.09,0.15,0.33,0.48,0.6,1
949,4,0.06,0.12,0.18,0.28,0.41,1
950,1,0.33,0.36,0.46,0.54,0.56,1
951,5,0.04,0.1,0.15,0.22,0.32,1
952,4,0.1,0.14,0.22,0.32,0.38,1
953,4,0.08,0.17,0.21,0.27,0.36,1
954,4,0.06,0.09,0.15,0.26,0.34,1
955,4,0.06,0.11,0.18,0.27,0.36,1
956,4,0.07,0.14,0.22,0.33,0.45,1
957,1,0.33,0.44,0.55,0.6,0.66,1
958,5,0.04,0.07,0.12,0.17,0.26,1
959,4,0.08,0.13,0.21,0.33,0.44,2
960,4,0.08,0.14,0.22,0.34,0.44,1
961,2,0.22,0.31,0.43,0.54,0.67,1
962,4,0.09,0.14,0.22,0.31,0.36,1
963,2,0.21,0.26,0.4,0.45,0.52,1
964,3,0.14,0.19,0.31,0.4,0.53,1
965,4,0.07,0.12,0.18,0.32,0.46,1
966,3,0.11,0.19,0.29,0.39,0.49,1
967,4,0.13,0.19,0.21,0.33,0.45,1
968,2,0.16,0.3,0.43,0.48,0.6,1
969,2,0.18,0.26,0.39,0.44,0.57,1
970,5,0.04,0.05,0.12,0.2,0.27,1
971,2,0.23,0.34,0.37,0.5,0.65,2
972,2,0.24,0.33,0.4,0.48,0.57,1
973,4,0.1,0.16,0.21,0.27,0.42,1
974,5,0.04,0.07,0.13,0.19,0.29,1
975,1,0.29,0.35,0.42,0.58,0.68,1
976,2,0.15,0.25,0.37,0.46,0.54,1
977,2,0.21,0.3,0.41,0.47,0.54,1
978,3,0.1,0.18,0.26,0.39,0.52,1
979,4,0.07,0.11,0.16,0.26,0.38,1
980,5,0.05,0.1,0.14,0.2,0.3,1
981,4,0.18,0.22,0.25,0.34,0.43,1
982,1,0.35,0.44,0.53,0.63,0.76,1
983,3,0.11,0.17,0.27,0.35,0.46,1
984,3,0.15,0.2,0.3,0.39,0.5,1
985,3,0.13,0.22,0.28,0.38,0.52,1
986,1,0.3,0.43,0.52,0.58,0.68,1
987,4,0.07,0.17,0.22,0.32,0.44,1
988,4,0.07,0.09,0.16,0.31,0.43,1
989,3,0.16,0.2,0.33,0.42,0.55,1
990,5,0.07,0.1,0.16,0.2,0.28,1
991,1,0.28,0.35,0.43,0.61,0.65,1
992,1,0.27,0.39,0.57,0.69,0.74,1
993,3,0.16,0.21,0.3,0.38,0.54,1
994,5,0.04,0.07,0.11,0.16,0.3,1
995,4,0.11,0.15,0.24,0.34,0.54,1
996,1,0.31,0.42,0.53,0.62,0.72,1
997,1,0.31,0.4,0.5,0.58,0.68,1
998,3,0.13,0.2,0.29,0.44,0.54,1
999,2,0.22,0.33,0.42,0.48,0.59,1
1000,3,0.16,0.19,0.31,0.39,0.43,1
1001,2,0.21,0.33,0.43,0.51,0.64,1
1002,2,0.19,0.33,0.36,0.47,0.6,1
1003,4,0.06,0.09,0.18,0.29,0.44,1
1004,1,0.34,0.45,0.55,0.61,0.7,1
1005,4,0.1,0.12,0.18,0.33,0.45,1
1006,2,0.22,0.33,0.38,0.48,0.58,1
1007,5,0.06,0.11,0.18,0.25,0.3,1
1008,1,0.32,0.41,0.44,0.5,0.59,1
1009,3,0.11,0.2,0.34,0.36,0.45,2
1010,5,0.07,0.1,0.14,0.24,0.3,1
1011,1,0.29,0.35,0.39,0.5,0.63,3
1012,4,0.08,0.16,0.23,0.33,0.44,1
1013,2,0.25,0.3,0.38,0.52,0.62,1
1014,1,0.31,0.43,0.54,0.67,0.8,1
1015,2,0.21,0.27,0.36,0.49,0.6,1
1016,1,0.34,0.42,0.54,0.67,0.78,1
1017,5,0.05,0.09,0.15,0.18,0.31,1
1018,2,0.23,0.3,0.36,0.51,0.62,1
1019,2,0.21,0.31,0.38,0.43,0.51,1
1020,4,0.06,0.09,0.16,0.3,0.41,1
1021,1,0.3,0.38,0.57,0.71,0.83,1
1022,2,0.2,0.35,0.45,0.62,0.69,1
1023,5,0.06,0.12,0.14,0.21,0.32,1
1024,3,0.14,0.16,0.25,0.39,0.46,1
1025,4,0.1,0.12,0.17,0.32,0.43,1
1026,4,0.11,0.15,0.23,0.31,0.41,1
1027,3,0.18,0.21,0.31,0.43,0.57,1
1028,3,0.08,0.15,0.31,0.43,0.53,1
1029,4,0.08,0.13,0.21,0.35,0.49,1
1030,4,0.09,0.16,0.23,0.35,0.43,1
1031,5,0.04,0.09,0.11,0.17,0.27,1
1032,2,0.22,0.33,0.41,0.47,0.56,2
1033,5,0.04,0.08,0.1,0.17,0.26,2
1034,3,0.11,0.16,0.26,0.35,0.43,1
1035,5,0.03,0.06,0.1,0.13,0.27,1
1036,3,0.13,0.19,0.35,0.4,0.58,1
1037,5,0.07,0.09,0.15,0.22,0.32,1
1038,4,0.08,0.14,0.2,0.31,0.36,2
1039,1,0.33,0.46,0.6,0.63,0.73,1
1040,5,0.03,0.05,0.11,0.16,0.29,2
1041,3,0.16,0.22,0.35,0.42,0.44,1
1042,5,0.06,0.08,0.14,0.23,0.29,2
1043,3,0.19,0.26,0.33,0.36,0.46,1
1044,3,0.15,0.2,0.31,0.36,0.46,1
1045,1,0.25,0.38,0.49,0.56,0.62,1
1046,4,0.07,0.12,0.21,0.35,0.46,1
1047,2,0.22,0.35,0.45,0.52,0.6,1
1048,5,0.06,0.1,0.16,0.24,0.33,1
1049,3,0.15,0.17,0.25,0.35,0.44,1
1050,4,0.08,0.14,0.26,0.32,0.37,1
1051,3,0.14,0.21,0.3,0.37,0.49,1
1052,1,0.32,0.39,0.53,0.62,0.71,1
1053,2,0.22,0.3,0.41,0.52,0.59,1
1054,3,0.15,0.24,0.3,0.42,0.5,1
1055,5,0.03,0.06,0.1,0.2,0.35,1
1056,3,0.18,0.21,0.29,0.33,0.41,1
1057,5,0.06,0.08,0.12,0.2,0.27,1
1058,2,0.22,0.28,0.35,0.52,0.69,1
1059,4,0.05,0.08,0.14,0.26,0.34,1
1060,1,0.31,0.38,0.52,0.67,0.75,1
1061,2,0.16,0.26,0.37,0.48,0.57,1
1062,1,0.29,0.39,0.51,0.62,0.69,2
1063,1,0.35,0.38,0.48,0.55,0.66,1
1064,3,0.09,0.18,0.26,0.4,0.56,1
1065,1,0.26,0.37,0.44,0.54,0.71,1
1066,5,0.07,0.08,0.12,0.24,0.3,1
1067,5,0.03,0.07,0.14,0.22,0.28,1
1068,4,0.08,0.13,0.21,0.35,0.47,1
1069,3,0.14,0.19,0.29,0.36,0.55,1
1070,2,0.19,0.27,0.43,0.52,0.65,1
1071,4,0.06,0.11,0.18,0.29,0.38,1
1072,1,0.35,0.41,0.55,0.67,0.76,1
1073,1,0.34,0.37,0.51,0.61,0.72,1
1074,2,0.18,0.3,0.4,0.43,0.51,1
1075,4,0.07,0.1,0.16,0.31,0.42,1
1076,4,0.11,0.18,0.23,0.3,0.38,2
1077,1,0.33,0.45,0.53,0.65,0.76,1
1078,3,0.08,0.19,0.26,0.39,0.53,1
1079,5,0.02,0.05,0.12,0.2,0.3,1
1080,1,0.29,0.36,0.43,0.6,0.68,1
1081,3,0.11,0.16,0.27,0.44,0.5,1
1082,4,0.06,0.09,0.2,0.3,0.48,1
1083,1,0.29,0.38,0.51,0.59,0.7,1
1084,4,0.05,0.11,0.18,0.27,0.4,1
1085,4,0.08,0.17,0.22,0.32,0.46,1
1086,4,0.11,0.15,0.24,0.28,0.34,1
1087,1,0.33,0.38,0.44,0.64,0.75,1
1088,5,0.05,0.07,0.11,0.19,0.32,1
1089,3,0.11,0.21,0.28,0.41,0.5,1
1090,3,0.14,0.22,0.29,0.42,0.57,1
1091,5,0.05,0.08,0.13,0.23,0.31,2
1092,3,0.22,0.23,0.31,0.47,0.59,1
1093,3,0.14,0.22,0.35,0.47,0.66,2
1094,4,0.08,0.13,0.21,0.29,0.47,1
1095,5,0.03,0.05,0.09,0.17,0.25,1
1096,1,0.33,0.39,0.5,0.57,0.64,1
1097,2,0.18,0.35,0.42,0.51,0.53,1
1098,5,0.06,0.08,0.14,0.23,0.26,1
1099,5,0.04,0.07,0.12,0.2,0.3,1
1100,3,0.14,0.25,0.34,0.47,0.57,1
1101,1,0.31,0.39,0.44,0.54,0.63,1
1102,1,0.29,0.37,0.49,0.64,0.75,1
1103,5,0.07,0.1,0.17,0.25,0.34,1
1104,5,0.04,0.07,0.12,0.18,0.31,1
1105,5,0.06,0.08,0.12,0.2,0.31,1
1106,1,0.33,0.41,0.56,0.66,0.73,1
1107,3,0.12,0.17,0.28,0.37,0.4,1
1108,2,0.2,0.32,0.45,0.6,0.7,1
1109,3,0.13,0.21,0.32,0.45,0.53,1
1110,5,0.05,0.08,0.11,0.19,0.3,1
1111,2,0.2,0.3,0.36,0.44,0.62,1
1112,3,0.13,0.19,0.3,0.42,0.53,1
1113,1,0.26,0.35,0.42,0.53,0.68,1
1114,2,0.21,0.32,0.44,0.54,0.58,1
1115,5,0.1,0.11,0.14,0.21,0.31,1
1116,3,0.13,0.2,0.31,0.4,0.5,1
1117,4,0.06,0.1,0.17,0.26,0.4,1
1118,4,0.1,0.16,0.22,0.3,0.35,1
1119,5,0.11,0.15,0.22,0.27,0.31,1
1120,3,0.16,0.24,0.32,0.45,0.6,2
1121,2,0.26,0.32,0.41,0.52,0.62,2
1122,2,0.24,0.33,0.41,0.58,0.67,1
1123,3,0.12,0.23,0.3,0.39,0.55,1
1124,4,0.07,0.11,0.12,0.26,0.37,1
1125,3,0.11,0.24,0.35,0.42,0.56,1
1126,4,0.09,0.13,0.19,0.34,0.41,1
1127,3,0.1,0.19,0.31,0.44,0.53,1
1128,2,0.18,0.35,0.47,0.56,0.6,1
1129,3,0.08,0.18,0.29,0.38,0.51,1
1130,1,0.29,0.32,0.43,0.54,0.64,1
1131,1,0.34,0.47,0.6,0.64,0.73,1
1132,3,0.15,0.22,0.3,0.4,0.47,1
1133,2,0.21,0.28,0.38,0.55,0.64,1
1134,2,0.23,0.32,0.44,0.52,0.61,1
1135,3,0.11,0.17,0.29,0.35,0.42,1
1136,5,0.04,0.08,0.1,0.16,0.26,1
1137,4,0.05,0.1,0.18,0.27,0.36,1
1138,5,0.05,0.08,0.13,0.19,0.28,1
1139,2,0.22,0.33,0.47,0.58,0.67,1
1140,2,0.23,0.3,0.42,0.49,0.55,1
1141,3,0.08,0.16,0.28,0.33,0.44,1
1142,4,0.08,0.12,0.15,0.27,0.36,2
1143,5,0.05,0.08,0.11,0.21,0.34,1
1144,2,0.18,0.26,0.37,0.56,0.64,1
1145,2,0.19,0.31,0.36,0.43,0.5,1
1146,1,0.26,0.35,0.48,0.63,0.74,1
1147,4,0.04,0.07,0.14,0.28,0.36,1
1148,5,0.03,0.06,0.12,0.25,0.33,1
1149,5,0.04,0.07,0.13,0.18,0.27,1
1150,2,0.23,0.33,0.46,0.6,0.64,1
1151,2,0.16,0.3,0.44,0.54,0.67,1
1152,4,0.05,0.11,0.18,0.3,0.34,1
1153,3,0.13,0.19,0.28,0.37,0.47,1
1154,4,0.06,0.08,0.12,0.26,0.34,1
1155,1,0.27,0.36,0.42,0.5,0.58,1
1156,5,0.04,0.07,0.09,0.16,0.28,1
1157,1,0.25,0.35,0.52,0.58,0.69,1
1158,4,0.07,0.11,0.21,0.27,0.37,1
1159,1,0.34,0.43,0.54,0.66,0.75,1
1160,3,0.12,0.24,0.31,0.41,0.51,1
1161,2,0.21,0.3,0.39,0.47,0.56,1
1162,1,0.31,0.36,0.46,0.49,0.61,1
1163,1,0.35,0.49,0.62,0.75,0.84,1
1164,2,0.24,0.34,0.45,0.65,0.76,1
1165,1,0.31,0.41,0.52,0.66,0.81,1
1166,1,0.27,0.34,0.38,0.5,0.65,1
1167,1,0.3,0.35,0.44,0.55,0.68,1
1168,4,0.08,0.11,0.18,0.3,0.39,2
1169,4,0.09,0.15,0.27,0.32,0.41,1
1170,2,0.22,0.33,0.42,0.49,0.6,2
1171,3,0.16,0.26,0.33,0.36,0.54,1
1172,2,0.2,0.35,0.48,0.52,0.64,1
1173,4,0.09,0.13,0.19,0.33,0.47,1
1174,2,0.16,0.3,0.4,0.47,0.56,1
1175,5,0.04,0.07,0.1,0.16,0.25,1
1176,1,0.29,0.39,0.49,0.57,0.63,1
1177,3,0.12,0.2,0.27,0.35,0.41,1
1178,4,0.05,0.11,0.18,0.34,0.43,1
1179,3,0.16,0.2,0.29,0.35,0.4,1
1180,5,0.05,0.07,0.11,0.21,0.31,1
1181,4,0.09,0.14,0.22,0.35,0.41,1
1182,5,0.04,0.05,0.12,0.21,0.31,1
1183,2,0.21,0.34,0.38,0.52,0.6,1
1184,4,0.07,0.12,0.21,0.29,0.42,1
1185,4,0.1,0.15,0.22,0.32,0.4,1
1186,3,0.12,0.22,0.31,0.4,0.53,1
1187,1,0.31,0.39,0.53,0.66,0.76,1
1188,3,0.2,0.21,0.33,0.4,0.45,1
1189,4,0.09,0.18,0.24,0.3,0.4,1
1190,4,0.07,0.1,0.16,0.26,0.38,1
1191,4,0.1,0.13,0.22,0.32,0.44,1
1192,3,0.11,0.16,0.28,0.34,0.5,1
1193,1,0.32,0.39,0.57,0.67,0.76,1
1194,3,0.14,0.21,0.33,0.46,0.62,1
1195,2,0.18,0.25,0.36,0.45,0.62,1
1196,5,0.04,0.07,0.1,0.19,0.29,1
1197,5,0.02,0.05,0.1,0.18,0.32,1
1198,5,0.02,0.04,0.08,0.13,0.28,1
1199,5,0.04,0.06,0.1,0.18,0.29,1
1200,2,0.21,0.33,0.52,0.59,0.67,3
1201,5,0.04,0.06,0.09,0.17,0.3,1
1202,5,0.03,0.05,0.1,0.19,0.3,1
1203,1,0.28,0.36,0.46,0.56,0.67,1
1204,4,0.06,0.13,0.19,0.33,0.48,1
1205,4,0.03,0.06,0.13,0.25,0.37,1
1206,1,0.35,0.42,0.5,0.65,0.72,1
1207,3,0.08,0.17,0.26,0.39,0.52,1
1208,1,0.31,0.43,0.58,0.72,0.83,1
1209,1,0.33,0.44,0.56,0.65,0.74,1
1210,5,0.04,0.08,0.14,0.21,0.27,1
1211,4,0.08,0.12,0.19,0.28,0.41,1
1212,4,0.12,0.17,0.24,0.27,0.39,1
1213,4,0.12,0.15,0.23,0.33,0.46,1
1214,1,0.35,0.42,0.52,0.67,0.78,1
1215,1,0.28,0.39,0.47,0.58,0.64,1
1216,2,0.2,0.31,0.49,0.6,0.7,1
1217,2,0.21,0.29,0.34,0.41,0.46,1
1218,5,0.11,0.17,0.22,0.25,0.34,1
1219,5,0.05,0.08,0.11,0.23,0.34,1
1220,3,0.15,0.22,0.31,0.47,0.56,1
1221,3,0.16,0.26,0.33,0.51,0.59,1
1222,2,0.17,0.28,0.38,0.46,0.6,2
1223,5,0.04,0.06,0.1,0.18,0.26,1
1224,1,0.33,0.45,0.56,0.64,0.73,1
1225,3,0.13,0.2,0.35,0.42,0.56,1
1226,2,0.21,0.33,0.44,0.6,0.68,1
1227,3,0.13,0.17,0.28,0.36,0.39,1
1228,1,0.32,0.33,0.44,0.6,0.69,1
1229,5,0.04,0.08,0.14,0.24,0.31,1
1230,1,0.25,0.37,0.48,0.59,0.75,1
1231,4,0.04,0.09,0.15,0.26,0.41,1
1232,1,0.32,0.41,0.51,0.67,0.72,1
1233,5,0.03,0.04,0.08,0.14,0.29,1
1234,4,0.08,0.12,0.19,0.27,0.41,1
1235,5,0.07,0.1,0.16,0.23,0.31,1
1236,3,0.11,0.19,0.31,0.37,0.45,1
1237,4,0.12,0.14,0.22,0.31,0.35,1
1238,1,0.35,0.5,0.57,0.61,0.71,1
1239,5,0.06,0.11,0.15,0.18,0.27,1
1240,5,0.04,0.07,0.12,0.19,0.29,1
1241,2,0.24,0.27,0.4,0.56,0.67,1
1242,5,0.04,0.08,0.11,0.17,0.32,1
1243,1,0.32,0.51,0.64,0.74,0.77,1
1244,1,0.3,0.41,0.51,0.63,0.68,1
1245,4,0.05,0.1,0.18,0.25,0.4,1
1246,5,0.04,0.08,0.15,0.26,0.28,1
1247,3,0.11,0.17,0.26,0.42,0.54,1
1248,2,0.14,0.26,0.37,0.55,0.64,3
1249,4,0.07,0.09,0.17,0.28,0.36,2
1250,1,0.31,0.4,0.51,0.55,0.59,1
1251,2,0.2,0.31,0.44,0.59,0.7,1
1252,4,0.07,0.1,0.16,0.25,0.4,1
1253,2,0.16,0.29,0.35,0.41,0.56,1
1254,3,0.14,0.19,0.28,0.39,0.55,1
1255,1,0.31,0.39,0.48,0.63,0.7,1
1256,5,0.06,0.09,0.15,0.2,0.34,1
1257,5,0.05,0.08,0.09,0.19,0.3,1
1258,2,0.16,0.27,0.34,0.49,0.6,1
1259,3,0.16,0.23,0.29,0.34,0.47,1
1260,4,0.07,0.15,0.22,0.27,0.35,3
1261,3,0.14,0.19,0.35,0.5,0.62,3
1262,1,0.3,0.47,0.61,0.7,0.8,1
1263,4,0.09,0.16,0.25,0.31,0.38,1
1264,5,0.07,0.1,0.13,0.19,0.35,1
1265,1,0.33,0.43,0.5,0.61,0.66,1
1266,1,0.26,0.37,0.53,0.59,0.6,1
1267,3,0.1,0.19,0.34,0.51,0.6,1
1268,3,0.12,0.22,0.31,0.42,0.49,1
1269,3,0.13,0.2,0.28,0.38,0.54,1
1270,5,0.04,0.08,0.14,0.15,0.27,1
1271,2,0.18,0.31,0.4,0.55,0.62,1
1272,3,0.09,0.17,0.27,0.39,0.44,2
1273,1,0.31,0.43,0.49,0.64,0.75,1
1274,2,0.22,0.3,0.35,0.47,0.57,1
1275,5,0.04,0.06,0.1,0.19,0.27,1
1276,4,0.06,0.11,0.2,0.29,0.46,1
1277,3,0.14,0.17,0.32,0.35,0.48,1
1278,3,0.14,0.21,0.34,0.51,0.63,1
1279,2,0.2,0.33,0.47,0.62,0.7,2
1280,3,0.11,0.21,0.35,0.41,0.52,1
1281,5,0.03,0.06,0.12,0.2,0.33,1
1282,5,0.11,0.14,0.17,0.22,0.33,1
1283,3,0.11,0.19,0.28,0.42,0.61,1
1284,3,0.13,0.18,0.26,0.36,0.42,1
1285,4,0.04,0.07,0.12,0.26,0.34,1
1286,2,0.16,0.3,0.46,0.55,0.61,1
1287,1,0.27,0.41,0.58,0.76,0.84,1
1288,1,0.29,0.41,0.47,0.52,0.55,1
1289,5,0.03,0.05,0.08,0.18,0.3,1
1290,3,0.1,0.17,0.26,0.37,0.42,1
1291,4,0.06,0.11,0.17,0.33,0.4,1
1292,1,0.31,0.4,0.47,0.55,0.63,1
1293,1,0.35,0.46,0.62,0.69,0.82,1
1294,3,0.12,0.18,0.33,0.46,0.51,1
1295,5,0.03,0.06,0.14,0.18,0.3,1
1296,1,0.27,0.37,0.5,0.64,0.77,1
1297,4,0.08,0.12,0.17,0.3,0.42,1
1298,4,0.1,0.12,0.2,0.31,0.46,1
1299,5,0.03,0.06,0.09,0.14,0.26,1
1300,3,0.14,0.24,0.35,0.56,0.69,1
1301,5,0.03,0.06,0.1,0.17,0.25,1
1302,1,0.27,0.4,0.58,0.73,0.77,1
1303,2,0.14,0.28,0.41,0.48,0.63,1
1304,3,0.15,0.23,0.34,0.45,0.6,1
1305,5,0.07,0.09,0.16,0.2,0.31,1
1306,4,0.06,0.12,0.2,0.31,0.35,1
1307,1,0.34,0.45,0.61,0.68,0.78,1
1308,2,0.17,0.27,0.39,0.5,0.57,1
1309,5,0.05,0.08,0.12,0.18,0.31,1
1310,3,0.19,0.24,0.31,0.36,0.47,1
1311,4,0.09,0.11,0.19,0.29,0.39,1
1312,1,0.35,0.42,0.48,0.58,0.67,1
1313,2,0.18,0.34,0.46,0.56,0.71,1
1314,3,0.11,0.18,0.29,0.41,0.51,1
1315,1,0.34,0.43,0.54,0.68,0.82,1
1316,3,0.09,0.15,0.28,0.33,0.4,1
1317,4,0.1,0.14,0.2,0.3,0.42,1
1318,3,0.11,0.16,0.31,0.41,0.51,1
1319,1,0.29,0.38,0.46,0.6,0.73,1
1320,2,0.2,0.27,0.33,0.45,0.57,1
1321,5,0.1,0.11,0.16,0.23,0.35,1
1322,4,0.05,0.09,0.16,0.28,0.46,1
1323,4,0.11,0.18,0.25,0.29,0.39,1
1324,1,0.32,0.38,0.5,0.6,0.71,1
1325,2,0.2,0.3,0.4,0.51,0.62,1
1326,3,0.15,0.2,0.3,0.44,0.63,1
1327,5,0.02,0.05,0.08,0.12,0.25,1
1328,3,0.07,0.13,0.28,0.44,0.5,1
1329,3,0.12,0.19,0.26,0.36,0.44,1
1330,1,0.32,0.46,0.53,0.64,0.73,1
1331,2,0.19,0.26,0.39,0.54,0.65,1
1332,4,0.09,0.13,0.24,0.35,0.49,1
1333,3,0.15,0.22,0.31,0.38,0.43,1
1334,1,0.35,0.43,0.64,0.72,0.79,1
1335,5,0.05,0.1,0.15,0.2,0.28,1
1336,1,0.28,0.36,0.45,0.6,0.67,1
1337,5,0.07,0.13,0.16,0.26,0.3,1
1338,4,0.11,0.14,0.18,0.31,0.43,1
1339,3,0.14,0.21,0.31,0.42,0.54,1
1340,1,0.33,0.45,0.57,0.7,0.77,1
1341,5,0.05,0.1,0.16,0.23,0.34,1
1342,4,0.06,0.11,0.16,0.28,0.4,1
1343,3,0.08,0.14,0.29,0.42,0.56,2
1344,1,0.3,0.39,0.48,0.61,0.76,1
1345,4,0.1,0.15,0.26,0.33,0.42,1
1346,3,0.1,0.17,0.27,0.43,0.57,1
1347,1,0.3,0.38,0.47,0.56,0.64,1
1348,3,0.14,0.21,0.32,0.43,0.54,1
1349,2,0.26,0.31,0.44,0.57,0.68,1
1350,1,0.3,0.31,0.49,0.61,0.72,1
1351,3,0.21,0.27,0.28,0.35,0.44,2
1352,1,0.33,0.45,0.61,0.71,0.82,1
1353,5,0.05,0.07,0.1,0.16,0.27,1
1354,5,0.02,0.04,0.08,0.15,0.26,1
1355,1,0.32,0.41,0.49,0.6,0.68,1
1356,4,0.05,0.1,0.2,0.34,0.49,1
1357,1,0.28,0.36,0.47,0.61,0.73,1
1358,4,0.09,0.12,0.2,0.29,0.41,1
1359,5,0.06,0.08,0.14,0.23,0.29,1
1360,2,0.18,0.28,0.36,0.45,0.51,1
1361,3,0.11,0.18,0.27,0.37,0.44,1
1362,3,0.15,0.24,0.34,0.43,0.54,1
1363,5,0.04,0.08,0.12,0.2,0.34,1
1364,1,0.32,0.49,0.63,0.69,0.8,1
1365,2,0.19,0.28,0.42,0.49,0.64,1
1366,1,0.3,0.42,0.51,0.55,0.63,1
1367,4,0.13,0.17,0.25,0.32,0.41,1
1368,4,0.09,0.14,0.23,0.34,0.47,1
1369,1,0.3,0.41,0.56,0.69,0.8,1
1370,2,0.22,0.27,0.34,0.44,0.56,1
1371,4,0.12,0.16,0.21,0.3,0.44,1
1372,3,0.09,0.14,0.26,0.34,0.49,2
1373,3,0.15,0.21,0.31,0.45,0.65,1
1374,4,0.1,0.14,0.22,0.32,0.43,1
1375,1,0.27,0.38,0.46,0.54,0.66,2
1376,4,0.07,0.11,0.15,0.34,0.48,1
1377,1,0.34,0.45,0.57,0.67,0.74,1
1378,1,0.32,0.37,0.51,0.59,0.77,1
1379,1,0.28,0.41,0.55,0.66,0.76,1
1380,4,0.1,0.17,0.23,0.3,0.45,1
1381,3,0.14,0.23,0.29,0.34,0.5,1
1382,3,0.14,0.22,0.31,0.43,0.58,1
1383,4,0.08,0.11,0.21,0.31,0.4,2
1384,4,0.1,0.14,0.23,0.33,0.41,1
1385,4,0.08,0.13,0.21,0.29,0.37,1
1386,5,0.03,0.05,0.11,0.18,0.34,2
1387,4,0.07,0.09,0.18,0.26,0.34,1
1388,5,0.05,0.08,0.09,0.19,0.26,1
1389,4,0.09,0.12,0.15,0.26,0.4,1
1390,1,0.31,0.4,0.53,0.71,0.76,2
1391,3,0.12,0.23,0.32,0.42,0.51,1
1392,1,0.34,0.46,0.58,0.61,0.71,1
1393,4,0.08,0.15,0.2,0.29,0.36,1
1394,2,0.17,0.27,0.4,0.48,0.55,1
1395,2,0.2,0.28,0.39,0.52,0.64,1
1396,4,0.08,0.13,0.18,0.32,0.42,1
1397,4,0.08,0.14,0.18,0.32,0.39,1
1398,4,0.05,0.1,0.17,0.27,0.33,1
1399,2,0.21,0.31,0.39,0.52,0.6,1
1400,1,0.25,0.37,0.54,0.67,0.75,1
1401,5,0.03,0.07,0.12,0.22,0.28,1
1402,4,0.07,0.14,0.22,0.28,0.36,2
1403,2,0.22,0.26,0.34,0.46,0.6,1
1404,2,0.19,0.34,0.49,0.58,0.64,1
1405,3,0.16,0.21,0.35,0.49,0.6,1
1406,1,0.26,0.46,0.56,0.66,0.69,1
1407,1,0.26,0.37,0.44,0.56,0.63,1
1408,3,0.12,0.18,0.28,0.35,0.46,1
1409,1,0.26,0.35,0.45,0.59,0.71,1
1410,1,0.3,0.34,0.49,0.65,0.74,1
1411,4,0.08,0.12,0.23,0.34,0.51,3
1412,2,0.17,0.29,0.38,0.46,0.56,1
1413,1,0.33,0.44,0.54,0.68,0.78,1
1414,3,0.17,0.23,0.32,0.44,0.52,1
1415,1,0.29,0.39,0.51,0.58,0.68,1
1416,2,0.25,0.33,0.41,0.54,0.69,1
1417,2,0.2,0.28,0.32,0.36,0.48,1
1418,4,0.11,0.16,0.17,0.35,0.55,1
1419,2,0.15,0.28,0.39,0.5,0.57,1
1420,5,0.07,0.1,0.15,0.23,0.31,1
1421,5,0.04,0.06,0.11,0.2,0.26,1
1422,5,0.03,0.06,0.13,0.18,0.29,1
1423,4,0.07,0.11,0.22,0.32,0.41,2
1424,2,0.22,0.3,0.41,0.55,0.63,2
1425,5,0.05,0.1,0.16,0.22,0.34,1
1426,5,0.06,0.08,0.14,0.21,0.3,1
1427,5,0.05,0.08,0.11,0.17,0.25,1
1428,4,0.06,0.1,0.17,0.25,0.35,1
1429,2,0.19,0.33,0.42,0.55,0.67,1
1430,2,0.21,0.27,0.35,0.52,0.55,1
1431,2,0.24,0.33,0.45,0.53,0.65,2
1432,3,0.13,0.2,0.25,0.4,0.49,3
1433,2,0.22,0.33,0.5,0.6,0.71,1
1434,2,0.15,0.28,0.34,0.44,0.51,1
1435,5,0.06,0.09,0.14,0.18,0.29,1
1436,3,0.15,0.24,0.34,0.41,0.53,1
1437,4,0.07,0.13,0.21,0.35,0.49,1
1438,2,0.27,0.32,0.41,0.56,0.7,1
1439,3,0.15,0.17,0.26,0.38,0.51,1
1440,2,0.21,0.3,0.37,0.46,0.58,1
1441,2,0.17,0.31,0.43,0.51,0.63,1
1442,1,0.27,0.35,0.41,0.56,0.7,1
1443,2,0.19,0.27,0.4,0.53,0.58,1
1444,4,0.12,0.19,0.25,0.32,0.46,1
1445,5,0.02,0.04,0.09,0.17,0.28,1
1446,5,0.07,0.09,0.12,0.24,0.32,1
1447,4,0.12,0.14,0.19,0.29,0.37,1
1448,5,0.03,0.06,0.09,0.19,0.32,1
1449,3,0.09,0.17,0.33,0.45,0.65,1
1450,4,0.07,0.12,0.17,0.29,0.39,1
1451,5,0.04,0.07,0.1,0.16,0.27,1
1452,3,0.08,0.16,0.28,0.44,0.55,1
1453,4,0.05,0.09,0.16,0.28,0.38,1
1454,3,0.09,0.19,0.28,0.34,0.38,1
1455,2,0.14,0.26,0.35,0.36,0.46,1
1456,4,0.06,0.1,0.21,0.32,0.46,1
1457,3,0.11,0.21,0.29,0.43,0.54,1
1458,1,0.26,0.36,0.48,0.58,0.66,1
1459,2,0.22,0.33,0.4,0.46,0.49,1
1460,4,0.08,0.13,0.17,0.26,0.36,1
1461,5,0.1,0.13,0.17,0.21,0.34,1
1462,2,0.2,0.29,0.39,0.49,0.65,1
1463,3,0.13,0.19,0.28,0.41,0.54,2
1464,1,0.3,0.35,0.42,0.53,0.61,1
1465,2,0.2,0.3,0.38,0.51,0.61,1
1466,5,0.06,0.1,0.16,0.25,0.33,1
1467,5,0.04,0.06,0.08,0.18,0.27,1
1468,5,0.07,0.09,0.15,0.23,0.33,1
1469,1,0.29,0.36,0.44,0.57,0.7,1
1470,5,0.03,0.05,0.12,0.19,0.3,1
1471,2,0.2,0.33,0.44,0.5,0.58,1
1472,1,0.25,0.35,0.48,0.55,0.74,1
1473,3,0.13,0.23,0.3,0.4,0.55,1
1474,3,0.16,0.25,0.33,0.38,0.5,1
1475,1,0.32,0.42,0.56,0.61,0.72,1
1476,3,0.12,0.2,0.3,0.41,0.56,1
1477,4,0.09,0.16,0.24,0.34,0.5,2
1478,1,0.31,0.42,0.54,0.66,0.73,1
1479,1,0.3,0.43,0.5,0.65,0.73,1
1480,2,0.18,0.3,0.42,0.56,0.66,1
1481,1,0.29,0.39,0.48,0.6,0.68,1
1482,1,0.33,0.41,0.48,0.52,0.62,1
1483,3,0.08,0.14,0.27,0.38,0.48,1
1484,3,0.16,0.21,0.34,0.44,0.63,1
1485,1,0.35,0.4,0.52,0.6,0.65,1
1486,5,0.04,0.08,0.11,0.2,0.33,1
1487,4,0.05,0.1,0.19,0.31,0.43,2
1488,3,0.14,0.23,0.3,0.41,0.51,1
1489,4,0.06,0.1,0.16,0.29,0.41,1
1490,5,0.05,0.1,0.16,0.22,0.35,2
1491,5,0.05,0.07,0.11,0.21,0.32,1
1492,5,0.09,0.12,0.17,0.19,0.3,2
1493,1,0.25,0.39,0.52,0.68,0.8,1
1494,4,0.08,0.13,0.21,0.3,0.41,1
1495,4,0.07,0.12,0.15,0.25,0.37,1
1496,1,0.35,0.43,0.54,0.69,0.72,1
1497,3,0.12,0.2,0.29,0.41,0.51,1
1498,5,0.01,0.03,0.08,0.12,0.26,1
1499,1,0.33,0.42,0.52,0.6,0.65,1
1500,2,0.19,0.28,0.37,0.45,0.6,2
1501,5,0.06,0.09,0.12,0.2,0.3,1
1502,3,0.11,0.19,0.29,0.4,0.49,1
1503,3,0.13,0.19,0.33,0.44,0.48,1
1504,4,0.05,0.1,0.19,0.28,0.39,1
1505,4,0.11,0.17,0.2,0.31,0.43,1
1506,5,0.04,0.06,0.14,0.15,0.29,1
1507,1,0.31,0.42,0.54,0.67,0.76,1
1508,4,0.12,0.15,0.21,0.29,0.44,1
1509,3,0.12,0.18,0.32,0.43,0.51,1
1510,2,0.2,0.26,0.38,0.46,0.6,1
1511,2,0.21,0.31,0.4,0.5,0.66,1
1512,1,0.35,0.48,0.56,0.68,0.78,2
1513,1,0.29,0.36,0.41,0.51,0.6,2
1514,3,0.14,0.22,0.35,0.42,0.47,1
1515,1,0.31,0.46,0.57,0.65,0.77,1
1516,3,0.16,0.24,0.35,0.44,0.54,1
1517,3,0.16,0.25,0.33,0.46,0.62,1
1518,5,0.03,0.06,0.1,0.2,0.28,1
1519,4,0.08,0.11,0.18,0.26,0.37,1
1520,1,0.25,0.36,0.44,0.5,0.62,1
1521,5,0.07,0.12,0.13,0.21,0.33,1
1522,4,0.06,0.11,0.19,0.32,0.42,1
1523,5,0.06,0.1,0.16,0.24,0.33,1
1524,4,0.12,0.19,0.22,0.32,0.44,1
1525,5,0.04,0.07,0.12,0.19,0.33,1
1526,2,0.19,0.32,0.4,0.53,0.66,1
1527,2,0.18,0.29,0.37,0.49,0.59,1
1528,1,0.31,0.44,0.59,0.7,0.79,1
1529,1,0.3,0.4,0.49,0.63,0.73,1
1530,5,0.06,0.1,0.15,0.22,0.34,1
1531,5,0.07,0.1,0.18,0.23,0.3,1
1532,2,0.23,0.3,0.35,0.48,0.59,1
1533,2,0.24,0.34,0.43,0.59,0.66,1
1534,4,0.08,0.13,0.24,0.32,0.43,1
1535,2,0.15,0.27,0.35,0.49,0.62,1
1536,3,0.08,0.12,0.33,0.36,0.44,1
1537,5,0.05,0.08,0.13,0.19,0.32,1
1538,2,0.21,0.33,0.48,0.59,0.67,1
1539,1,0.34,0.46,0.57,0.71,0.79,1
1540,4,0.07,0.16,0.19,0.32,0.48,1
1541,1,0.3,0.44,0.51,0.59,0.62,1
1542,4,0.06,0.1,0.15,0.29,0.4,1
1543,3,0.13,0.2,0.3,0.39,0.54,1
1544,2,0.19,0.3,0.34,0.48,0.58,1
1545,2,0.16,0.27,0.4,0.5,0.67,1
1546,1,0.29,0.43,0.53,0.63,0.75,1
1547,1,0.33,0.47,0.57,0.7,0.75,1
1548,3,0.16,0.19,0.31,0.43,0.5,1
1549,1,0.32,0.45,0.53,0.69,0.81,1
1550,4,0.09,0.15,0.19,0.31,0.4,2
1551,2,0.15,0.26,0.46,0.61,0.71,1
1552,2,0.26,0.33,0.38,0.45,0.56,1
1553,4,0.06,0.11,0.18,0.27,0.4,1
1554,3,0.1,0.18,0.32,0.48,0.66,1
1555,4,0.07,0.1,0.2,0.31,0.44,1
1556,3,0.13,0.24,0.33,0.48,0.57,1
1557,1,0.26,0.35,0.44,0.51,0.61,2
1558,5,0.05,0.09,0.14,0.26,0.32,1
1559,1,0.27,0.34,0.42,0.57,0.7,1
1560,1,0.25,0.38,0.52,0.53,0.68,1
1561,4,0.11,0.15,0.2,0.3,0.41,1
1562,1,0.31,0.43,0.52,0.65,0.79,1
1563,1,0.33,0.4,0.51,0.6,0.71,1
1564,5,0.05,0.07,0.13,0.24,0.33,1
1565,5,0.04,0.07,0.13,0.17,0.27,1
1566,3,0.15,0.22,0.31,0.42,0.53,1
1567,5,0.05,0.07,0.09,0.16,0.25,3
1568,5,0.05,0.09,0.14,0.2,0.32,2
1569,5,0.05,0.09,0.12,0.23,0.34,1
1570,4,0.04,0.09,0.14,0.26,0.38,1
1571,3,0.11,0.16,0.3,0.37,0.43,1
1572,2,0.16,0.29,0.38,0.48,0.63,1
1573,4,0.06,0.11,0.2,0.29,0.35,1
1574,4,0.04,0.07,0.14,0.28,0.39,1
1575,3,0.14,0.21,0.29,0.42,0.52,1
1576,5,0.04,0.07,0.09,0.19,0.25,1
1577,1,0.32,0.44,0.57,0.64,0.72,1
1578,4,0.08,0.12,0.14,0.26,0.4,1
1579,1,0.34,0.44,0.59,0.71,0.83,1
1580,2,0.21,0.34,0.47,0.57,0.66,1
1581,3,0.17,0.23,0.35,0.46,0.57,1
1582,2,0.19,0.3,0.4,0.5,0.58,1
1583,3,0.07,0.18,0.27,0.34,0.45,1
1584,1,0.31,0.39,0.49,0.56,0.7,1
1585,5,0.03,0.06,0.08,0.17,0.26,1
1586,1,0.31,0.37,0.46,0.61,0.7,1
1587,3,0.12,0.25,0.34,0.44,0.55,1
1588,1,0.32,0.42,0.5,0.64,0.76,1
1589,2,0.18,0.25,0.38,0.51,0.61,1
1590,4,0.06,0.1,0.18,0.29,0.37,2
1591,4,0.07,0.14,0.21,0.33,0.47,1
1592,1,0.34,0.46,0.58,0.73,0.79,1
1593,1,0.32,0.41,0.55,0.7,0.77,1
1594,1,0.26,0.4,0.55,0.62,0.73,1
1595,4,0.07,0.12,0.17,0.25,0.35,1
1596,3,0.14,0.23,0.33,0.34,0.41,1
1597,3,0.11,0.19,0.33,0.48,0.62,1
1598,5,0.05,0.08,0.11,0.2,0.32,1
1599,3,0.1,0.19,0.25,0.37,0.48,1
1600,3,0.15,0.24,0.33,0.38,0.46,1
1601,5,0.09,0.12,0.16,0.24,0.32,1
1602,3,0.1,0.18,0.3,0.4,0.54,2
1603,5,0.06,0.11,0.16,0.24,0.33,1
1604,2,0.2,0.29,0.41,0.52,0.61,1
1605,2,0.16,0.27,0.4,0.54,0.61,1
1606,5,0.08,0.13,0.2,0.25,0.28,1
1607,1,0.34,0.47,0.59,0.65,0.77,1
1608,5,0.06,0.09,0.14,0.22,0.27,1
1609,4,0.08,0.11,0.2,0.3,0.37,1
1610,5,0.06,0.11,0.13,0.19,0.34,1
1611,3,0.1,0.2,0.31,0.4,0.5,1
1612,5,0.07,0.11,0.16,0.21,0.3,1
1613,4,0.06,0.12,0.2,0.29,0.41,1
1614,4,0.04,0.09,0.19,0.28,0.43,1
1615,2,0.17,0.26,0.34,0.46,0.55,2
1616,4,0.07,0.1,0.18,0.26,0.37,1
1617,2,0.23,0.34,0.5,0.65,0.78,1
1618,2,0.14,0.27,0.35,0.48,0.53,2
1619,4,0.1,0.13,0.22,0.33,0.4,1
1620,1,0.32,0.44,0.52,0.64,0.76,1
1621,4,0.07,0.11,0.23,0.33,0.44,1
1622,4,0.05,0.08,0.14,0.31,0.4,1
1623,3,0.15,0.25,0.29,0.38,0.52,2
1624,1,0.35,0.43,0.52,0.63,0.73,1
1625,2,0.2,0.33,0.46,0.61,0.74,1
1626,5,0.05,0.08,0.13,0.21,0.32,1
1627,4,0.09,0.12,0.17,0.3,0.41,1
1628,2,0.18,0.34,0.43,0.56,0.66,1
1629,5,0.04,0.07,0.15,0.25,0.33,1
1630,5,0.02,0.05,0.08,0.15,0.27,1
1631,2,0.15,0.27,0.38,0.54,0.66,2
1632,2,0.21,0.3,0.41,0.5,0.62,1
1633,3,0.17,0.23,0.3,0.43,0.56,1
1634,4,0.06,0.11,0.19,0.3,0.41,1
1635,1,0.3,0.38,0.51,0.58,0.72,1
1636,1,0.32,0.37,0.49,0.58,0.73,1
1637,5,0.04,0.07,0.12,0.18,0.27,1
1638,2,0.23,0.35,0.48,0.57,0.68,1
1639,2,0.17,0.28,0.41,0.49,0.65,1
1640,5,0.07,0.11,0.18,0.27,0.31,1
1641,2,0.2,0.31,0.4,0.44,0.53,1
1642,2,0.2,0.31,0.44,0.55,0.63,1
1643,2,0.21,0.3,0.43,0.53,0.64,1
1644,4,0.09,0.17,0.24,0.34,0.46,1
1645,1,0.33,0.41,0.49,0.58,0.68,1
1646,3,0.13,0.21,0.28,0.32,0.41,1
1647,2,0.21,0.31,0.48,0.61,0.68,1
1648,2,0.17,0.26,0.37,0.47,0.5,1
1649,1,0.31,0.39,0.5,0.55,0.61,1
1650,5,0.03,0.05,0.1,0.14,0.27,2
1651,5,0.04,0.08,0.12,0.2,0.28,1
1652,2,0.17,0.29,0.42,0.47,0.62,1
1653,5,0.03,0.05,0.12,0.18,0.3,1
1654,2,0.17,0.28,0.39,0.54,0.67,1
1655,2,0.21,0.33,0.39,0.53,0.61,1
1656,2,0.22,0.31,0.37,0.46,0.6,1
1657,3,0.18,0.22,0.33,0.37,0.48,2
1658,4,0.06,0.12,0.19,0.32,0.42,1
1659,2,0.19,0.3,0.37,0.44,0.46,1
1660,3,0.13,0.22,0.29,0.4,0.54,1
1661,1,0.3,0.35,0.49,0.61,0.71,1
1662,4,0.09,0.12,0.2,0.29,0.36,1
1663,1,0.29,0.35,0.5,0.6,0.74,1
1664,1,0.28,0.36,0.47,0.56,0.65,1
1665,2,0.14,0.25,0.39,0.47,0.61,1
1666,5,0.05,0.07,0.13,0.21,0.31,2
1667,3,0.11,0.22,0.29,0.38,0.5,1
1668,5,0.06,0.08,0.12,0.21,0.29,1
1669,2,0.14,0.25,0.37,0.52,0.59,1
1670,4,0.09,0.17,0.26,0.31,0.45,1
1671,5,0.05,0.08,0.12,0.18,0.34,1
1672,5,0.08,0.14,0.18,0.22,0.34,1
1673,5,0.06,0.09,0.14,0.2,0.27,1
1674,5,0.04,0.07,0.11,0.16,0.27,2
1675,5,0.06,0.09,0.14,0.24,0.32,1
1676,5,0.04,0.08,0.14,0.2,0.3,1
1677,5,0.06,0.09,0.16,0.19,0.26,1
1678,2,0.19,0.25,0.4,0.54,0.66,1
1679,5,0.08,0.12,0.21,0.25,0.31,1
1680,5,0.05,0.09,0.16,0.21,0.32,1
1681,5,0.05,0.07,0.11,0.2,0.32,1
1682,2,0.17,0.27,0.34,0.45,0.58,1
1683,2,0.16,0.26,0.38,0.48,0.59,1
1684,1,0.27,0.35,0.52,0.55,0.68,1
1685,1,0.33,0.38,0.55,0.66,0.74,1
1686,2,0.19,0.35,0.43,0.51,0.6,1
1687,4,0.07,0.12,0.22,0.33,0.4,1
1688,1,0.33,0.47,0.56,0.63,0.66,1
1689,1,0.31,0.42,0.56,0.68,0.77,1
1690,3,0.11,0.2,0.34,0.46,0.6,1
1691,5,0.04,0.05,0.1,0.18,0.34,1
1692,1,0.31,0.39,0.53,0.69,0.83,1
1693,5,0.05,0.08,0.11,0.2,0.32,1
1694,1,0.28,0.38,0.5,0.6,0.67,1
1695,2,0.23,0.32,0.43,0.52,0.58,1
1696,2,0.24,0.33,0.4,0.52,0.65,1
1697,2,0.16,0.26,0.4,0.48,0.62,1
1698,3,0.09,0.14,0.29,0.41,0.53,1
1699,1,0.27,0.34,0.4,0.5,0.59,1
1700,2,0.18,0.27,0.4,0.58,0.63,1
1701,2,0.24,0.31,0.4,0.52,0.64,1
1702,4,0.06,0.12,0.21,0.32,0.39,1
1703,2,0.21,0.29,0.42,0.55,0.65,1
1704,2,0.21,0.29,0.36,0.46,0.61,1
1705,5,0.04,0.07,0.11,0.18,0.25,1
1706,4,0.06,0.13,0.21,0.29,0.37,1
1707,2,0.16,0.31,0.41,0.52,0.63,1
1708,4,0.07,0.11,0.19,0.28,0.37,1
1709,2,0.2,0.29,0.39,0.48,0.57,1
1710,4,0.06,0.11,0.16,0.26,0.39,1
1711,2,0.2,0.29,0.36,0.53,0.62,1
1712,1,0.27,0.38,0.45,0.59,0.68,1
1713,5,0.09,0.11,0.14,0.22,0.26,1
1714,2,0.2,0.28,0.4,0.54,0.64,1
1715,1,0.32,0.38,0.47,0.6,0.69,1
1716,3,0.1,0.17,0.29,0.38,0.5,1
1717,1,0.3,0.4,0.49,0.64,0.72,1
1718,2,0.21,0.29,0.44,0.57,0.6,1
1719,1,0.27,0.35,0.44,0.54,0.64,1
1720,2,0.23,0.32,0.38,0.46,0.63,2
1721,1,0.27,0.39,0.56,0.64,0.76,1
1722,5,0.08,0.12,0.17,0.23,0.29,1
1723,4,0.06,0.09,0.12,0.26,0.35,1
1724,2,0.2,0.26,0.36,0.46,0.56,1
1725,1,0.32,0.42,0.56,0.68,0.79,1
1726,4,0.05,0.09,0.14,0.28,0.37,1
1727,2,0.24,0.3,0.43,0.55,0.68,1
1728,5,0.06,0.09,0.14,0.19,0.29,1
1729,3,0.08,0.17,0.3,0.43,0.58,2
1730,2,0.16,0.34,0.47,0.57,0.68,1
1731,1,0.35,0.52,0.67,0.8,0.88,1
1732,3,0.09,0.17,0.28,0.4,0.56,1
1733,2,0.16,0.27,0.33,0.46,0.6,1
1734,2,0.18,0.27,0.36,0.49,0.65,1
1735,5,0.05,0.07,0.12,0.18,0.31,1
1736,4,0.08,0.1,0.19,0.29,0.4,1
1737,1,0.35,0.43,0.54,0.58,0.66,1
1738,4,0.07,0.11,0.19,0.32,0.43,2
1739,2,0.19,0.28,0.39,0.55,0.68,1
1740,3,0.09,0.16,0.26,0.38,0.48,1
1741,1,0.33,0.46,0.53,0.64,0.75,1
1742,3,0.2,0.25,0.34,0.44,0.55,1
1743,2,0.2,0.27,0.4,0.49,0.64,1
1744,2,0.17,0.28,0.32,0.38,0.49,1
1745,4,0.05,0.09,0.18,0.26,0.39,1
1746,3,0.09,0.22,0.3,0.42,0.57,1
1747,1,0.3,0.4,0.51,0.63,0.73,1
1748,2,0.2,0.3,0.38,0.5,0.62,1
1749,5,0.04,0.08,0.14,0.24,0.32,1
1750,2,0.25,0.34,0.48,0.58,0.7,1
1751,2,0.25,0.33,0.39,0.51,0.54,1
1752,4,0.07,0.11,0.2,0.33,0.43,1
1753,1,0.32,0.46,0.53,0.68,0.74,1
1754,4,0.05,0.09,0.16,0.27,0.38,1
1755,2,0.2,0.29,0.41,0.5,0.58,1
1756,3,0.1,0.16,0.28,0.36,0.51,1
1757,4,0.12,0.14,0.19,0.32,0.35,1
1758,1,0.28,0.33,0.41,0.52,0.67,1
1759,4,0.05,0.1,0.18,0.35,0.48,1
1760,4,0.1,0.11,0.22,0.32,0.41,1
1761,3,0.14,0.19,0.31,0.5,0.6,1
1762,2,0.21,0.32,0.43,0.54,0.56,1
1763,1,0.3,0.36,0.49,0.56,0.7,1
1764,1,0.34,0.47,0.58,0.68,0.81,1
1765,1,0.31,0.32,0.48,0.61,0.7,1
1766,5,0.07,0.09,0.12,0.19,0.27,1
1767,2,0.24,0.34,0.42,0.51,0.56,1
1768,1,0.28,0.39,0.45,0.6,0.66,1
1769,4,0.05,0.07,0.12,0.27,0.41,1
1770,4,0.11,0.12,0.21,0.31,0.45,2
1771,1,0.34,0.44,0.56,0.62,0.71,1
1772,1,0.35,0.47,0.62,0.69,0.77,1
1773,3,0.12,0.21,0.31,0.38,0.48,2
1774,4,0.05,0.09,0.18,0.32,0.36,1
1775,3,0.11,0.17,0.32,0.46,0.57,1
1776,4,0.08,0.11,0.15,0.31,0.44,1
1777,1,0.31,0.37,0.48,0.59,0.68,1
1778,4,0.07,0.1,0.14,0.27,0.37,2
1779,1,0.34,0.5,0.66,0.72,0.77,1
1780,2,0.21,0.31,0.34,0.45,0.51,1
1781,5,0.04,0.07,0.14,0.2,0.3,1
1782,1,0.34,0.5,0.61,0.73,0.8,2
1783,2,0.22,0.3,0.43,0.61,0.73,1
1784,3,0.16,0.22,0.3,0.36,0.49,1
1785,1,0.26,0.38,0.57,0.75,0.83,1
1786,4,0.09,0.15,0.19,0.25,0.37,2
1787,4,0.11,0.15,0.24,0.34,0.45,2
1788,1,0.31,0.4,0.46,0.64,0.77,1
1789,3,0.1,0.22,0.27,0.43,0.52,1
1790,5,0.08,0.15,0.19,0.25,0.33,1
1791,1,0.31,0.43,0.56,0.66,0.7,1
1792,1,0.33,0.47,0.55,0.64,0.68,1
1793,1,0.28,0.4,0.53,0.7,0.79,1
1794,4,0.1,0.14,0.24,0.33,0.47,2
1795,4,0.03,0.08,0.2,0.3,0.39,2
1796,3,0.15,0.22,0.33,0.41,0.57,1
1797,4,0.14,0.23,0.26,0.32,0.38,1
1798,4,0.11,0.13,0.15,0.32,0.42,1
1799,5,0.03,0.06,0.09,0.18,0.26,1
1800,3,0.11,0.2,0.32,0.37,0.38,1
1801,3,0.2,0.22,0.31,0.41,0.59,2
1802,4,0.13,0.16,0.23,0.34,0.47,2
1803,5,0.05,0.07,0.09,0.17,0.33,1
1804,5,0.05,0.08,0.13,0.19,0.28,1
1805,3,0.14,0.22,0.34,0.45,0.52,1
1806,1,0.28,0.46,0.57,0.66,0.77,1
1807,5,0.07,0.1,0.16,0.21,0.29,1
1808,4,0.1,0.19,0.24,0.35,0.46,2
1809,4,0.09,0.15,0.23,0.28,0.4,1
1810,4,0.11,0.18,0.24,0.31,0.47,1
1811,1,0.29,0.41,0.56,0.66,0.76,1
1812,4,0.07,0.13,0.17,0.27,0.35,2
1813,1,0.3,0.38,0.52,0.6,0.7,1
1814,1,0.26,0.41,0.5,0.61,0.73,1
1815,1,0.34,0.48,0.54,0.65,0.75,3
1816,1,0.29,0.33,0.41,0.48,0.59,2
1817,4,0.11,0.16,0.18,0.3,0.39,2
1818,1,0.33,0.4,0.53,0.66,0.71,1
1819,4,0.08,0.1,0.15,0.3,0.43,1
1820,2,0.21,0.32,0.4,0.52,0.64,1
1821,4,0.09,0.14,0.18,0.27,0.39,1
1822,1,0.28,0.35,0.44,0.59,0.66,2
1823,3,0.13,0.21,0.33,0.41,0.52,1
1824,1,0.35,0.42,0.54,0.65,0.75,1
1825,1,0.35,0.47,0.54,0.61,0.71,1
1826,4,0.07,0.09,0.15,0.26,0.36,1
1827,5,0.05,0.09,0.15,0.21,0.31,1
1828,1,0.32,0.39,0.51,0.58,0.66,1
1829,4,0.07,0.15,0.21,0.32,0.43,1
1830,1,0.28,0.39,0.52,0.67,0.77,2
1831,2,0.22,0.33,0.41,0.54,0.65,1
1832,2,0.17,0.27,0.38,0.57,0.64,1
1833,1,0.33,0.44,0.59,0.7,0.77,1
1834,5,0.09,0.13,0.16,0.25,0.33,1
1835,2,0.25,0.34,0.37,0.51,0.63,1
1836,4,0.06,0.09,0.19,0.32,0.43,1
1837,2,0.2,0.27,0.35,0.39,0.5,1
1838,2,0.23,0.34,0.43,0.48,0.55,1
1839,4,0.03,0.07,0.13,0.26,0.37,1
1840,2,0.18,0.28,0.33,0.42,0.49,1
1841,3,0.11,0.19,0.35,0.42,0.53,1
1842,3,0.13,0.22,0.33,0.36,0.47,1
1843,2,0.16,0.29,0.46,0.6,0.72,1
1844,5,0.04,0.07,0.12,0.19,0.29,1
1845,2,0.18,0.29,0.41,0.48,0.57,1
1846,4,0.08,0.16,0.2,0.34,0.42,1
1847,3,0.08,0.15,0.25,0.36,0.47,1
1848,3,0.08,0.17,0.31,0.38,0.41,1
1849,5,0.07,0.11,0.18,0.21,0.35,1
1850,5,0.05,0.08,0.15,0.22,0.33,1
1851,5,0.11,0.12,0.2,0.24,0.33,1
1852,1,0.31,0.42,0.48,0.64,0.74,1
1853,2,0.21,0.34,0.44,0.64,0.77,1
1854,3,0.13,0.17,0.28,0.39,0.51,1
1855,1,0.32,0.47,0.59,0.65,0.73,1
1856,4,0.07,0.11,0.21,0.31,0.41,3
1857,4,0.08,0.13,0.22,0.33,0.45,1
1858,5,0.02,0.05,0.08,0.17,0.26,1
1859,3,0.16,0.24,0.34,0.47,0.54,1
1860,1,0.3,0.36,0.5,0.64,0.78,1
1861,2,0.22,0.33,0.44,0.53,0.67,1
1862,5,0.04,0.06,0.12,0.21,0.31,1
1863,2,0.17,0.29,0.34,0.43,0.58,1
1864,5,0.03,0.06,0.12,0.17,0.32,1
1865,1,0.33,0.43,0.54,0.63,0.7,1
1866,3,0.16,0.23,0.34,0.48,0.55,1
1867,2,0.2,0.28,0.4,0.51,0.6,1
1868,4,0.06,0.09,0.16,0.28,0.41,1
1869,2,0.2,0.29,0.42,0.52,0.61,1
1870,4,0.12,0.19,0.24,0.31,0.44,1
1871,2,0.26,0.32,0.39,0.53,0.67,1
1872,2,0.16,0.3,0.42,0.57,0.65,1
1873,5,0.06,0.08,0.12,0.17,0.27,1
1874,2,0.17,0.28,0.36,0.44,0.56,1
1875,4,0.11,0.16,0.18,0.33,0.42,1
1876,1,0.34,0.47,0.61,0.73,0.84,1
1877,1,0.3,0.39,0.53,0.66,0.77,1
1878,4,0.1,0.17,0.21,0.33,0.46,1
1879,2,0.2,0.26,0.34,0.41,0.48,1
1880,4,0.04,0.08,0.15,0.27,0.44,1
1881,4,0.07,0.12,0.22,0.31,0.39,2
1882,2,0.19,0.3,0.44,0.58,0.69,1
1883,2,0.15,0.26,0.34,0.42,0.51,1
1884,3,0.16,0.25,0.34,0.46,0.54,1
1885,2,0.23,0.33,0.41,0.51,0.62,1
1886,1,0.3,0.47,0.55,0.59,0.68,1
1887,5,0.07,0.11,0.17,0.27,0.28,1
1888,1,0.33,0.37,0.41,0.54,0.65,1
1889,1,0.32,0.46,0.57,0.63,0.74,1
1890,4,0.15,0.17,0.21,0.31,0.38,1
1891,5,0.05,0.08,0.14,0.19,0.26,1
1892,4,0.09,0.12,0.18,0.3,0.37,2
1893,5,0.03,0.05,0.1,0.2,0.32,1
1894,4,0.09,0.16,0.24,0.32,0.44,1
1895,3,0.08,0.13,0.27,0.33,0.4,1
1896,1,0.27,0.38,0.54,0.6,0.74,1
1897,5,0.03,0.05,0.09,0.15,0.32,1
1898,3,0.18,0.26,0.33,0.44,0.54,1
1899,2,0.24,0.32,0.34,0.46,0.59,1
1900,2,0.23,0.27,0.39,0.51,0.58,1
1901,4,0.08,0.13,0.23,0.35,0.48,1
1902,3,0.09,0.21,0.27,0.37,0.47,1
1903,3,0.14,0.25,0.3,0.46,0.58,1
1904,4,0.05,0.12,0.17,0.27,0.39,1
1905,2,0.24,0.28,0.32,0.39,0.46,1
1906,5,0.07,0.09,0.1,0.2,0.27,1
1907,3,0.17,0.24,0.32,0.48,0.54,2
1908,4,0.06,0.11,0.18,0.31,0.45,1
1909,5,0.05,0.08,0.11,0.19,0.29,1
1910,5,0.04,0.09,0.17,0.22,0.29,1
1911,1,0.31,0.41,0.48,0.57,0.68,1
1912,5,0.05,0.07,0.09,0.14,0.25,1
1913,4,0.09,0.14,0.24,0.32,0.47,1
1914,4,0.14,0.19,0.22,0.27,0.4,1
1915,1,0.26,0.39,0.47,0.5,0.62,1
1916,3,0.12,0.2,0.31,0.41,0.55,1
1917,4,0.05,0.09,0.18,0.3,0.39,1
1918,1,0.26,0.36,0.53,0.67,0.77,1
1919,2,0.18,0.25,0.36,0.52,0.6,1
1920,4,0.11,0.19,0.25,0.33,0.46,1
1921,4,0.12,0.16,0.23,0.32,0.49,1
1922,3,0.12,0.21,0.28,0.38,0.47,1
1923,4,0.08,0.13,0.2,0.32,0.46,1
1924,4,0.13,0.16,0.26,0.32,0.41,1
1925,3,0.1,0.16,0.29,0.41,0.52,1
1926,5,0.07,0.1,0.15,0.23,0.32,1
1927,2,0.21,0.28,0.4,0.46,0.56,1
1928,2,0.18,0.27,0.41,0.49,0.54,1
1929,5,0.05,0.08,0.13,0.2,0.28,1
1930,2,0.16,0.26,0.39,0.61,0.73,1
1931,4,0.07,0.11,0.18,0.29,0.38,2
1932,3,0.12,0.18,0.27,0.37,0.5,1
1933,4,0.04,0.08,0.17,0.26,0.37,1
1934,4,0.1,0.14,0.22,0.32,0.39,1
1935,2,0.24,0.29,0.43,0.5,0.62,1
1936,5,0.06,0.09,0.15,0.22,0.32,1
1937,2,0.19,0.34,0.54,0.62,0.72,1
1938,2,0.17,0.31,0.43,0.53,0.64,1
1939,5,0.06,0.12,0.14,0.23,0.33,1
1940,4,0.08,0.17,0.23,0.35,0.43,1
1941,5,0.05,0.08,0.12,0.18,0.27,1
1942,2,0.18,0.26,0.37,0.48,0.58,1
1943,4,0.11,0.17,0.25,0.33,0.45,2
1944,3,0.12,0.21,0.29,0.36,0.42,1
1945,3,0.12,0.17,0.27,0.41,0.52,1
1946,3,0.13,0.23,0.34,0.41,0.54,1
1947,4,0.09,0.13,0.2,0.35,0.43,2
1948,5,0.09,0.11,0.18,0.22,0.34,1
1949,1,0.32,0.43,0.54,0.64,0.68,1
1950,4,0.06,0.13,0.19,0.32,0.42,1
1951,4,0.07,0.14,0.21,0.32,0.43,1
1952,4,0.07,0.14,0.2,0.32,0.49,1
1953,4,0.07,0.1,0.2,0.33,0.4,1
1954,5,0.06,0.1,0.16,0.21,0.3,1
1955,4,0.06,0.12,0.22,0.32,0.42,1
1956,1,0.35,0.45,0.56,0.64,0.69,1
1957,1,0.25,0.35,0.54,0.57,0.67,1
1958,5,0.05,0.1,0.18,0.24,0.29,1
1959,3,0.14,0.19,0.3,0.37,0.53,1
1960,3,0.14,0.23,0.33,0.4,0.48,2
1961,3,0.13,0.21,0.26,0.36,0.46,1
1962,2,0.18,0.27,0.35,0.44,0.6,1
1963,4,0.04,0.09,0.14,0.28,0.39,1
1964,3,0.14,0.25,0.32,0.44,0.58,1
1965,5,0.06,0.08,0.15,0.21,0.26,1
1966,1,0.29,0.4,0.43,0.54,0.64,2
1967,5,0.12,0.17,0.19,0.26,0.29,1
1968,2,0.21,0.31,0.39,0.45,0.54,2
1969,4,0.05,0.11,0.17,0.27,0.39,1
1970,4,0.11,0.14,0.2,0.3,0.39,1
1971,5,0.06,0.09,0.12,0.19,0.25,1
1972,1,0.32,0.39,0.52,0.6,0.68,1
1973,5,0.02,0.04,0.09,0.18,0.33,1
1974,5,0.07,0.1,0.15,0.24,0.3,1
1975,2,0.16,0.34,0.47,0.55,0.65,2
1976,1,0.32,0.46,0.51,0.57,0.69,1
1977,3,0.12,0.19,0.31,0.46,0.56,3
1978,4,0.06,0.11,0.17,0.26,0.38,2
1979,1,0.35,0.45,0.49,0.62,0.74,1
1980,3,0.11,0.2,0.31,0.42,0.53,1
1981,3,0.12,0.19,0.29,0.42,0.57,1
1982,3,0.12,0.23,0.32,0.38,0.45,1
1983,1,0.28,0.39,0.55,0.67,0.73,1
1984,3,0.17,0.21,0.27,0.38,0.48,1
1985,5,0.06,0.11,0.13,0.18,0.27,1
1986,1,0.33,0.4,0.47,0.6,0.66,1
1987,5,0.02,0.06,0.12,0.21,0.32,1
1988,1,0.35,0.49,0.56,0.68,0.74,1
1989,1,0.32,0.36,0.47,0.54,0.7,1
1990,4,0.05,0.13,0.18,0.33,0.48,1
1991,3,0.15,0.21,0.29,0.42,0.52,1
1992,4,0.08,0.14,0.23,0.32,0.45,1
1993,3,0.12,0.17,0.29,0.38,0.51,1
1994,2,0.24,0.3,0.41,0.52,0.62,1
1995,4,0.04,0.07,0.14,0.26,0.41,2
1996,5,0.03,0.06,0.11,0.16,0.31,1
1997,2,0.27,0.31,0.44,0.5,0.68,1
1998,3,0.14,0.2,0.32,0.41,0.55,1
1999,3,0.13,0.22,0.33,0.44,0.54,1
2000,1,0.27,0.38,0.56,0.69,0.75,1
2001,4,0.08,0.1,0.2,0.28,0.34,1
2002,1,0.35,0.39,0.52,0.65,0.77,1
2003,3,0.15,0.19,0.28,0.4,0.54,1
2004,3,0.15,0.16,0.25,0.37,0.52,1
2005,4,0.11,0.16,0.23,0.29,0.37,1
2006,2,0.23,0.3,0.37,0.5,0.61,1
2007,3,0.13,0.16,0.31,0.38,0.5,1
2008,1,0.28,0.4,0.52,0.6,0.7,1
2009,2,0.23,0.33,0.43,0.57,0.69,2
2010,4,0.11,0.17,0.23,0.26,0.36,1
2011,2,0.24,0.34,0.45,0.57,0.65,1
2012,2,0.25,0.34,0.45,0.56,0.66,1
2013,1,0.29,0.41,0.52,0.59,0.71,1
2014,3,0.1,0.17,0.29,0.37,0.48,2
2015,3,0.09,0.16,0.25,0.35,0.45,2
2016,3,0.12,0.16,0.28,0.42,0.58,1
2017,1,0.31,0.45,0.59,0.72,0.79,1
2018,3,0.13,0.24,0.34,0.47,0.48,1
2019,4,0.05,0.11,0.19,0.32,0.4,1
2020,3,0.18,0.22,0.32,0.51,0.57,1
2021,5,0.06,0.1,0.15,0.19,0.28,1
2022,5,0.08,0.12,0.21,0.24,0.33,2
2023,1,0.33,0.41,0.55,0.68,0.78,1
2024,2,0.23,0.32,0.43,0.54,0.65,1
2025,3,0.14,0.23,0.3,0.4,0.48,1
2026,3,0.09,0.19,0.26,0.38,0.51,1
2027,5,0.06,0.12,0.14,0.19,0.33,1
2028,5,0.04,0.05,0.08,0.18,0.29,1
2029,2,0.15,0.26,0.39,0.53,0.6,2
2030,4,0.1,0.14,0.23,0.32,0.37,1
2031,4,0.05,0.1,0.2,0.27,0.36,1
2032,5,0.02,0.04,0.08,0.15,0.26,1
2033,4,0.1,0.14,0.22,0.32,0.44,1
2034,3,0.11,0.15,0.27,0.41,0.46,2
2035,1,0.29,0.35,0.42,0.5,0.58,1
2036,1,0.3,0.41,0.5,0.58,0.66,1
2037,2,0.21,0.34,0.47,0.61,0.76,1
2038,4,0.07,0.14,0.21,0.28,0.5,2
2039,3,0.08,0.16,0.29,0.35,0.44,2
2040,1,0.35,0.43,0.56,0.67,0.79,1
2041,4,0.11,0.17,0.23,0.26,0.34,1
2042,3,0.14,0.23,0.3,0.39,0.51,1
2043,4,0.07,0.11,0.2,0.32,0.41,2
2044,4,0.08,0.13,0.23,0.32,0.47,1
2045,1,0.3,0.4,0.47,0.62,0.69,1
2046,2,0.22,0.28,0.35,0.39,0.52,1
2047,2,0.26,0.29,0.39,0.46,0.57,1
2048,5,0.05,0.06,0.11,0.18,0.26,2
2049,3,0.12,0.18,0.29,0.37,0.49,3
2050,1,0.32,0.42,0.5,0.59,0.71,1
2051,1,0.27,0.35,0.43,0.5,0.64,1
2052,2,0.18,0.3,0.43,0.55,0.65,1
2053,2,0.23,0.29,0.41,0.56,0.73,1
2054,1,0.3,0.4,0.53,0.67,0.81,1
2055,4,0.05,0.09,0.13,0.26,0.38,1
2056,2,0.17,0.31,0.4,0.53,0.65,1
2057,4,0.07,0.12,0.21,0.28,0.33,2
2058,2,0.21,0.3,0.37,0.49,0.6,1
2059,2,0.21,0.34,0.42,0.47,0.57,1
2060,1,0.28,0.42,0.51,0.61,0.72,1
2061,1,0.33,0.42,0.49,0.64,0.76,1
2062,1,0.33,0.42,0.51,0.68,0.74,1
2063,5,0.03,0.06,0.11,0.18,0.28,1
2064,3,0.08,0.17,0.35,0.43,0.59,2
2065,5,0.06,0.09,0.15,0.18,0.29,1
2066,1,0.34,0.37,0.5,0.6,0.61,1
2067,4,0.08,0.12,0.18,0.32,0.41,1
2068,1,0.26,0.38,0.47,0.6,0.72,1
2069,3,0.15,0.21,0.33,0.43,0.49,1
2070,1,0.32,0.44,0.61,0.68,0.78,1
2071,3,0.1,0.15,0.26,0.42,0.52,1
2072,5,0.06,0.09,0.16,0.22,0.31,1
2073,5,0.05,0.08,0.13,0.17,0.26,1
2074,1,0.28,0.37,0.51,0.6,0.73,2
2075,3,0.14,0.2,0.34,0.42,0.49,1
2076,4,0.09,0.18,0.23,0.3,0.43,1
2077,5,0.04,0.07,0.1,0.18,0.28,1
2078,1,0.34,0.47,0.54,0.69,0.8,1
2079,5,0.03,0.07,0.1,0.21,0.33,1
2080,4,0.12,0.17,0.21,0.32,0.39,1
2081,2,0.21,0.29,0.35,0.47,0.64,1
2082,1,0.27,0.45,0.6,0.74,0.8,2
2083,2,0.25,0.33,0.45,0.53,0.64,1
2084,3,0.14,0.24,0.31,0.38,0.46,2
2085,3,0.07,0.15,0.29,0.43,0.5,2
2086,4,0.03,0.07,0.16,0.29,0.36,1
2087,4,0.09,0.17,0.23,0.33,0.48,1
2088,4,0.08,0.14,0.21,0.31,0.37,1
2089,4,0.13,0.17,0.24,0.33,0.44,1
2090,2,0.17,0.31,0.4,0.58,0.66,1
2091,2,0.21,0.33,0.46,0.62,0.77,1
2092,1,0.29,0.31,0.4,0.47,0.53,1
2093,2,0.15,0.27,0.37,0.5,0.57,1
2094,2,0.15,0.27,0.36,0.5,0.64,1
2095,5,0.06,0.11,0.13,0.2,0.3,1
2096,5,0.05,0.09,0.14,0.22,0.3,1
2097,3,0.11,0.17,0.26,0.35,0.46,2
2098,4,0.03,0.08,0.14,0.25,0.35,1
2099,2,0.24,0.34,0.43,0.54,0.6,1
2100,2,0.19,0.27,0.35,0.45,0.58,1
2101,5,0.07,0.08,0.12,0.2,0.35,1
2102,4,0.06,0.09,0.18,0.33,0.46,1
2103,3,0.14,0.2,0.29,0.37,0.44,1
2104,2,0.21,0.29,0.36,0.41,0.54,1
2105,5,0.07,0.11,0.15,0.22,0.32,1
2106,5,0.06,0.11,0.15,0.2,0.27,1
2107,3,0.11,0.21,0.31,0.41,0.53,3
2108,5,0.07,0.11,0.16,0.22,0.34,2
2109,2,0.16,0.26,0.37,0.43,0.53,1
2110,1,0.35,0.43,0.53,0.63,0.75,1
2111,5,0.04,0.05,0.11,0.18,0.28,1
2112,5,0.04,0.1,0.15,0.21,0.28,1
2113,3,0.15,0.26,0.32,0.38,0.51,1
2114,4,0.08,0.11,0.19,0.29,0.49,1
2115,2,0.18,0.29,0.38,0.52,0.61,1
2116,1,0.27,0.34,0.45,0.53,0.58,1
2117,4,0.06,0.11,0.19,0.25,0.38,1
2118,5,0.05,0.07,0.11,0.19,0.34,1
2119,1,0.26,0.35,0.38,0.45,0.54,1
2120,2,0.23,0.31,0.42,0.58,0.62,1
2121,3,0.13,0.17,0.26,0.37,0.52,1
2122,1,0.32,0.43,0.52,0.66,0.76,1
2123,4,0.06,0.12,0.16,0.28,0.38,1
2124,5,0.03,0.07,0.12,0.2,0.26,1
2125,2,0.26,0.32,0.37,0.5,0.56,1
2126,2,0.15,0.28,0.37,0.47,0.6,1
2127,2,0.18,0.3,0.42,0.55,0.67,1
2128,2,0.18,0.28,0.4,0.52,0.68,1
2129,4,0.06,0.13,0.22,0.29,0.35,1
2130,3,0.14,0.2,0.31,0.42,0.52,1
2131,4,0.08,0.13,0.24,0.28,0.33,1
2132,3,0.11,0.17,0.29,0.4,0.52,1
2133,4,0.08,0.1,0.18,0.3,0.36,1
2134,5,0.05,0.1,0.17,0.24,0.3,1
2135,5,0.04,0.07,0.1,0.19,0.29,1
2136,4,0.11,0.15,0.24,0.33,0.46,1
2137,3,0.13,0.2,0.32,0.4,0.5,1
2138,2,0.22,0.29,0.38,0.5,0.69,1
2139,2,0.26,0.32,0.42,0.5,0.57,1
2140,4,0.07,0.12,0.23,0.33,0.41,2
2141,4,0.08,0.14,0.21,0.26,0.35,1
2142,1,0.28,0.38,0.48,0.6,0.69,2
2143,3,0.15,0.24,0.33,0.4,0.44,1
2144,5,0.03,0.06,0.08,0.15,0.26,1
2145,1,0.33,0.36,0.44,0.56,0.63,1
2146,5,0.03,0.05,0.08,0.16,0.3,1
2147,2,0.23,0.32,0.45,0.61,0.69,1
2148,2,0.22,0.33,0.49,0.62,0.72,1
2149,1,0.31,0.42,0.48,0.52,0.66,1
2150,1,0.28,0.37,0.47,0.53,0.54,1
2151,4,0.08,0.11,0.18,0.29,0.4,1
2152,1,0.32,0.4,0.47,0.62,0.7,1
2153,2,0.16,0.29,0.35,0.44,0.48,1
2154,4,0.05,0.09,0.16,0.25,0.38,1
2155,1,0.33,0.49,0.5,0.61,0.69,1
2156,4,0.1,0.15,0.25,0.31,0.42,1
2157,2,0.19,0.26,0.45,0.57,0.64,1
2158,5,0.05,0.07,0.14,0.23,0.32,1
2159,5,0.04,0.07,0.11,0.18,0.27,1
2160,3,0.12,0.23,0.31,0.41,0.49,2
2161,4,0.12,0.14,0.18,0.29,0.42,1
2162,1,0.31,0.42,0.49,0.61,0.67,1
2163,3,0.11,0.2,0.29,0.44,0.62,1
2164,1,0.3,0.37,0.49,0.59,0.69,1
2165,2,0.24,0.33,0.41,0.49,0.63,1
2166,3,0.1,0.18,0.28,0.37,0.41,1
2167,1,0.32,0.46,0.51,0.58,0.66,1
2168,2,0.19,0.29,0.35,0.46,0.63,1
2169,3,0.16,0.22,0.29,0.4,0.47,1
2170,3,0.2,0.21,0.33,0.43,0.55,1
2171,1,0.26,0.36,0.46,0.55,0.62,1
2172,1,0.3,0.4,0.51,0.62,0.69,1
2173,1,0.31,0.43,0.56,0.64,0.77,1
2174,3,0.13,0.22,0.3,0.43,0.53,1
2175,1,0.35,0.49,0.64,0.73,0.8,2
2176,1,0.32,0.43,0.54,0.62,0.74,1
2177,2,0.24,0.26,0.34,0.42,0.46,1
2178,1,0.35,0.45,0.61,0.71,0.79,1
2179,5,0.07,0.1,0.16,0.24,0.29,2
2180,5,0.09,0.11,0.17,0.25,0.34,1
2181,5,0.06,0.11,0.19,0.24,0.31,1
2182,1,0.32,0.37,0.46,0.59,0.74,1
2183,1,0.29,0.39,0.52,0.63,0.73,1
2184,5,0.06,0.1,0.13,0.22,0.28,1
2185,3,0.16,0.23,0.29,0.41,0.45,1
2186,3,0.08,0.16,0.26,0.36,0.45,1
2187,1,0.32,0.37,0.51,0.68,0.76,1
2188,4,0.1,0.13,0.18,0.31,0.48,1
2189,4,0.08,0.13,0.21,0.31,0.37,1
2190,1,0.27,0.39,0.49,0.57,0.7,1
2191,3,0.12,0.17,0.32,0.42,0.56,1
2192,3,0.08,0.15,0.26,0.43,0.59,1
2193,5,0.04,0.06,0.12,0.16,0.28,1
2194,3,0.1,0.16,0.3,0.37,0.45,1
2195,4,0.05,0.09,0.17,0.31,0.41,1
2196,2,0.17,0.28,0.4,0.51,0.61,1
2197,4,0.08,0.12,0.19,0.25,0.37,1
2198,3,0.19,0.24,0.34,0.48,0.63,1
2199,1,0.34,0.41,0.54,0.68,0.78,1
2200,2,0.21,0.29,0.36,0.49,0.62,2
2201,4,0.14,0.19,0.24,0.34,0.44,1
2202,3,0.14,0.22,0.31,0.44,0.56,1
2203,4,0.09,0.13,0.21,0.35,0.46,1
2204,3,0.11,0.2,0.3,0.42,0.52,1
2205,2,0.14,0.25,0.42,0.52,0.59,1
2206,2,0.19,0.31,0.43,0.5,0.63,1
2207,5,0.04,0.07,0.11,0.18,0.31,1
2208,5,0.05,0.1,0.15,0.25,0.34,1
2209,3,0.13,0.18,0.27,0.41,0.57,1
2210,5,0.07,0.1,0.16,0.21,0.34,1
2211,1,0.33,0.4,0.53,0.59,0.69,1
2212,3,0.12,0.21,0.32,0.4,0.49,1
2213,3,0.12,0.2,0.28,0.43,0.54,1
2214,4,0.04,0.06,0.17,0.28,0.4,1
2215,2,0.16,0.28,0.37,0.48,0.65,1
2216,3,0.15,0.24,0.34,0.43,0.44,1
2217,4,0.14,0.18,0.23,0.3,0.41,2
2218,4,0.05,0.11,0.16,0.28,0.41,1
2219,2,0.18,0.28,0.42,0.51,0.59,3
2220,5,0.08,0.11,0.14,0.21,0.32,1
2221,5,0.04,0.08,0.12,0.2,0.35,1
2222,3,0.14,0.22,0.34,0.46,0.56,2
2223,2,0.17,0.31,0.43,0.53,0.64,1
2224,2,0.23,0.32,0.43,0.58,0.67,1
2225,4,0.12,0.18,0.23,0.33,0.48,1
2226,4,0.06,0.12,0.23,0.3,0.37,1
2227,4,0.08,0.13,0.2,0.34,0.44,1
2228,3,0.12,0.21,0.28,0.44,0.54,1
2229,1,0.28,0.44,0.53,0.63,0.71,1
2230,2,0.23,0.33,0.45,0.56,0.72,1
2231,1,0.31,0.36,0.49,0.62,0.68,1
2232,2,0.27,0.31,0.47,0.6,0.68,1
2233,3,0.2,0.25,0.33,0.4,0.49,1
2234,1,0.33,0.45,0.57,0.63,0.77,1
2235,4,0.06,0.09,0.2,0.3,0.43,3
2236,2,0.21,0.32,0.41,0.53,0.67,1
2237,5,0.02,0.04,0.07,0.14,0.25,1
2238,1,0.34,0.41,0.53,0.57,0.67,1
2239,2,0.2,0.31,0.44,0.58,0.7,1
2240,5,0.03,0.06,0.12,0.19,0.29,1
2241,1,0.34,0.45,0.6,0.7,0.75,1
2242,5,0.04,0.05,0.1,0.15,0.34,1
2243,4,0.11,0.15,0.2,0.29,0.39,1
2244,4,0.07,0.12,0.21,0.33,0.48,2
2245,2,0.25,0.34,0.4,0.51,0.62,1
2246,3,0.11,0.25,0.32,0.42,0.52,2
2247,1,0.29,0.37,0.5,0.6,0.71,1
2248,4,0.07,0.1,0.18,0.28,0.39,1
2249,2,0.12,0.26,0.34,0.45,0.56,1
2250,2,0.23,0.32,0.5,0.62,0.65,1
2251,2,0.21,0.28,0.37,0.47,0.6,1
2252,3,0.17,0.27,0.31,0.39,0.55,1
2253,5,0.06,0.08,0.15,0.25,0.31,1
2254,2,0.19,0.28,0.39,0.52,0.58,1
2255,5,0.07,0.13,0.21,0.24,0.34,1
2256,5,0.06,0.11,0.17,0.21,0.32,1
2257,1,0.3,0.42,0.51,0.54,0.68,1
2258,4,0.08,0.11,0.22,0.31,0.41,1
2259,2,0.18,0.28,0.44,0.6,0.71,1
2260,3,0.12,0.2,0.29,0.48,0.62,1
2261,4,0.08,0.15,0.19,0.27,0.37,1
2262,2,0.2,0.28,0.34,0.4,0.5,1
2263,3,0.12,0.2,0.3,0.37,0.48,1
2264,4,0.12,0.17,0.24,0.34,0.44,1
2265,2,0.24,0.35,0.37,0.44,0.49,1
2266,3,0.11,0.17,0.26,0.34,0.42,1
2267,5,0.03,0.05,0.1,0.14,0.26,1
2268,5,0.09,0.11,0.15,0.25,0.31,1
2269,2,0.18,0.27,0.4,0.53,0.61,1
2270,2,0.15,0.27,0.37,0.45,0.57,1
2271,3,0.11,0.18,0.27,0.35,0.44,1
2272,4,0.13,0.16,0.24,0.31,0.36,1
2273,4,0.04,0.1,0.15,0.28,0.39,1
2274,3,0.12,0.17,0.25,0.35,0.41,1
2275,3,0.16,0.25,0.34,0.48,0.6,1
2276,1,0.3,0.43,0.52,0.65,0.71,1
2277,4,0.12,0.18,0.21,0.3,0.34,1
2278,2,0.24,0.34,0.36,0.42,0.51,1
2279,1,0.32,0.46,0.54,0.65,0.74,1
2280,5,0.04,0.07,0.12,0.2,0.28,2
2281,2,0.18,0.3,0.45,0.58,0.69,1
2282,2,0.24,0.35,0.46,0.62,0.69,1
2283,1,0.34,0.43,0.55,0.66,0.77,1
2284,2,0.21,0.27,0.39,0.53,0.63,1
2285,4,0.07,0.14,0.19,0.32,0.41,2
2286,1,0.33,0.41,0.53,0.61,0.64,1
2287,4,0.06,0.11,0.19,0.31,0.37,1
2288,3,0.1,0.18,0.29,0.38,0.42,1
2289,3,0.11,0.23,0.28,0.36,0.46,1
2290,4,0.08,0.15,0.21,0.32,0.37,1
2291,4,0.06,0.14,0.17,0.29,0.37,1
2292,3,0.11,0.16,0.31,0.4,0.52,2
2293,1,0.34,0.47,0.57,0.68,0.81,1
2294,2,0.25,0.3,0.41,0.51,0.6,1
2295,5,0.05,0.08,0.14,0.2,0.34,1
2296,3,0.12,0.2,0.29,0.41,0.54,1
2297,1,0.35,0.51,0.6,0.69,0.8,1
2298,1,0.31,0.41,0.56,0.63,0.64,1
2299,4,0.08,0.1,0.19,0.29,0.38,1
2300,4,0.06,0.11,0.21,0.32,0.42,1
2301,5,0.04,0.06,0.15,0.21,0.31,1
2302,1,0.28,0.38,0.46,0.5,0.6,1
2303,4,0.12,0.19,0.2,0.31,0.44,1
2304,3,0.12,0.18,0.34,0.41,0.53,1
2305,5,0.04,0.08,0.12,0.22,0.34,1
2306,4,0.08,0.14,0.22,0.33,0.4,1
2307,4,0.06,0.1,0.19,0.28,0.41,1
2308,4,0.09,0.16,0.2,0.33,0.47,4
2309,5,0.05,0.07,0.11,0.18,0.34,1
2310,4,0.15,0.2,0.25,0.34,0.44,1
2311,1,0.28,0.42,0.54,0.68,0.79,1
2312,1,0.34,0.43,0.53,0.61,0.7,1
2313,2,0.16,0.29,0.44,0.55,0.67,1
2314,1,0.33,0.43,0.54,0.65,0.77,1
2315,5,0.06,0.09,0.11,0.21,0.29,1
2316,3,0.12,0.18,0.3,0.38,0.58,1
2317,1,0.32,0.41,0.52,0.58,0.72,1
2318,3,0.12,0.14,0.25,0.37,0.42,1
2319,3,0.1,0.19,0.3,0.42,0.58,1
2320,4,0.11,0.12,0.16,0.26,0.34,1
2321,4,0.05,0.08,0.12,0.25,0.4,1
2322,3,0.13,0.2,0.28,0.41,0.6,1
2323,3,0.12,0.19,0.29,0.34,0.43,2
2324,1,0.33,0.45,0.62,0.77,0.84,1
2325,3,0.13,0.22,0.28,0.33,0.46,1
2326,2,0.23,0.31,0.47,0.56,0.63,1
2327,1,0.28,0.44,0.53,0.65,0.75,1
2328,2,0.17,0.32,0.42,0.53,0.7,2
2329,4,0.11,0.13,0.19,0.33,0.41,2
2330,4,0.05,0.11,0.19,0.27,0.4,1
2331,4,0.08,0.13,0.22,0.29,0.44,1
2332,4,0.05,0.08,0.18,0.29,0.38,1
2333,1,0.33,0.51,0.64,0.74,0.79,2
2334,5,0.04,0.05,0.09,0.16,0.25,1
2335,5,0.1,0.12,0.19,0.21,0.33,1
2336,4,0.06,0.09,0.17,0.27,0.44,1
2337,3,0.11,0.2,0.33,0.48,0.57,1
2338,1,0.35,0.47,0.55,0.69,0.82,1
2339,3,0.12,0.19,0.26,0.34,0.48,1
2340,4,0.09,0.14,0.21,0.34,0.42,1
2341,3,0.12,0.21,0.33,0.4,0.47,1
2342,2,0.23,0.33,0.46,0.49,0.67,1
2343,2,0.18,0.35,0.41,0.54,0.64,1
2344,2,0.23,0.28,0.4,0.51,0.59,1
2345,5,0.06,0.09,0.15,0.23,0.32,1
2346,1,0.26,0.39,0.61,0.67,0.75,1
2347,5,0.07,0.14,0.17,0.21,0.32,2
2348,3,0.12,0.2,0.31,0.41,0.56,4
2349,5,0.05,0.07,0.12,0.17,0.27,1
2350,1,0.32,0.45,0.52,0.6,0.7,1
2351,5,0.03,0.05,0.09,0.2,0.29,1
2352,5,0.06,0.09,0.15,0.23,0.34,1
2353,1,0.32,0.4,0.53,0.65,0.73,1
2354,1,0.25,0.36,0.53,0.61,0.69,1
2355,1,0.32,0.48,0.63,0.71,0.81,1
2356,1,0.25,0.37,0.44,0.56,0.65,1
2357,1,0.35,0.47,0.59,0.69,0.8,1
2358,5,0.04,0.06,0.11,0.19,0.27,1
2359,4,0.08,0.1,0.17,0.26,0.35,1
2360,1,0.28,0.36,0.52,0.64,0.74,1
2361,1,0.3,0.46,0.58,0.62,0.71,1
2362,2,0.2,0.33,0.41,0.48,0.57,1
2363,2,0.21,0.29,0.4,0.54,0.66,1
2364,5,0.06,0.1,0.17,0.26,0.31,1
2365,4,0.11,0.17,0.23,0.28,0.41,1
2366,2,0.16,0.29,0.42,0.57,0.63,1
2367,3,0.12,0.18,0.3,0.39,0.58,1
2368,3,0.19,0.23,0.33,0.42,0.49,1
2369,3,0.11,0.17,0.28,0.32,0.45,1
2370,3,0.12,0.19,0.28,0.34,0.45,1
2371,2,0.21,0.3,0.43,0.52,0.58,1
2372,2,0.21,0.27,0.38,0.52,0.6,1
2373,2,0.19,0.28,0.34,0.47,0.57,1
2374,5,0.05,0.12,0.15,0.23,0.35,1
2375,3,0.13,0.2,0.3,0.37,0.52,1
2376,5,0.08,0.11,0.16,0.21,0.28,1
2377,5,0.09,0.11,0.17,0.21,0.35,2
2378,4,0.12,0.18,0.24,0.33,0.45,1
2379,5,0.05,0.09,0.14,0.25,0.27,1
2380,2,0.16,0.27,0.38,0.51,0.67,1
2381,4,0.1,0.14,0.19,0.27,0.39,1
2382,5,0.09,0.13,0.14,0.22,0.27,1
2383,1,0.28,0.32,0.52,0.65,0.77,1
2384,2,0.23,0.27,0.42,0.5,0.67,1
2385,2,0.21,0.28,0.37,0.48,0.59,1
2386,3,0.18,0.2,0.3,0.39,0.49,1
2387,5,0.07,0.12,0.17,0.25,0.31,1
2388,2,0.24,0.32,0.46,0.59,0.7,1
2389,4,0.07,0.12,0.21,0.28,0.4,1
2390,3,0.13,0.18,0.29,0.44,0.52,1
2391,4,0.06,0.11,0.16,0.27,0.38,1
2392,5,0.07,0.11,0.17,0.27,0.3,2
2393,2,0.19,0.33,0.43,0.5,0.55,1
2394,4,0.05,0.11,0.16,0.3,0.36,1
2395,4,0.07,0.1,0.18,0.27,0.36,1
2396,2,0.23,0.33,0.46,0.63,0.74,1
2397,1,0.34,0.44,0.55,0.63,0.7,1
2398,4,0.09,0.14,0.19,0.29,0.39,1
2399,4,0.08,0.13,0.21,0.33,0.39,1
2400,4,0.13,0.2,0.26,0.3,0.42,1
2401,3,0.11,0.2,0.27,0.41,0.45,2
2402,4,0.08,0.14,0.19,0.27,0.39,1
2403,3,0.13,0.19,0.32,0.4,0.61,1
2404,5,0.05,0.11,0.18,0.26,0.32,1
2405,4,0.04,0.09,0.17,0.28,0.42,1
2406,3,0.16,0.2,0.28,0.37,0.49,1
2407,3,0.16,0.2,0.34,0.45,0.52,2
2408,3,0.11,0.19,0.33,0.44,0.57,2
2409,5,0.02,0.05,0.09,0.18,0.27,1
2410,3,0.15,0.21,0.35,0.39,0.47,1
2411,4,0.11,0.15,0.25,0.32,0.38,1
2412,5,0.03,0.05,0.09,0.19,0.29,1
2413,4,0.08,0.15,0.24,0.33,0.46,1
2414,2,0.18,0.31,0.39,0.56,0.69,1
2415,5,0.04,0.06,0.1,0.14,0.26,1
2416,5,0.03,0.07,0.1,0.16,0.31,1
2417,1,0.31,0.41,0.46,0.61,0.65,2
2418,4,0.08,0.13,0.21,0.29,0.36,1
2419,2,0.22,0.31,0.38,0.42,0.6,1
2420,3,0.13,0.21,0.29,0.38,0.5,1
2421,5,0.03,0.06,0.12,0.16,0.25,1
2422,4,0.08,0.14,0.2,0.31,0.47,1
2423,1,0.3,0.4,0.49,0.58,0.65,2
2424,1,0.3,0.41,0.48,0.58,0.66,1
2425,4,0.08,0.14,0.18,0.33,0.52,1
2426,3,0.08,0.16,0.26,0.4,0.52,1
2427,1,0.27,0.36,0.48,0.58,0.69,1
2428,3,0.11,0.22,0.32,0.44,0.58,1
2429,3,0.16,0.18,0.32,0.41,0.51,1
2430,3,0.13,0.21,0.29,0.34,0.43,1
2431,1,0.34,0.43,0.48,0.57,0.6,1
2432,4,0.07,0.1,0.16,0.28,0.37,1
2433,1,0.32,0.5,0.59,0.75,0.84,1
2434,5,0.04,0.05,0.12,0.22,0.3,1
2435,1,0.27,0.37,0.52,0.63,0.74,1
2436,5,0.04,0.08,0.14,0.24,0.33,1
2437,1,0.27,0.35,0.4,0.47,0.62,1
2438,5,0.04,0.06,0.1,0.17,0.33,1
2439,5,0.06,0.09,0.14,0.24,0.34,1
2440,5,0.04,0.06,0.11,0.18,0.3,1
2441,3,0.17,0.21,0.32,0.39,0.52,1
2442,1,0.29,0.33,0.5,0.66,0.75,1
2443,4,0.09,0.12,0.19,0.29,0.43,1
2444,4,0.1,0.13,0.18,0.3,0.43,2
2445,5,0.03,0.07,0.13,0.18,0.27,1
2446,2,0.22,0.31,0.4,0.52,0.63,1
2447,1,0.34,0.5,0.6,0.69,0.76,2
2448,4,0.08,0.15,0.21,0.29,0.33,2
2449,2,0.26,0.33,0.44,0.58,0.68,1
2450,2,0.2,0.3,0.41,0.52,0.66,1
2451,4,0.08,0.11,0.16,0.27,0.44,1
2452,2,0.15,0.27,0.39,0.54,0.7,1
2453,5,0.06,0.08,0.13,0.22,0.33,1
2454,3,0.13,0.21,0.29,0.33,0.45,1
2455,4,0.15,0.22,0.23,0.33,0.44,1
2456,5,0.04,0.06,0.09,0.17,0.29,1
2457,5,0.05,0.07,0.15,0.22,0.34,1
2458,5,0.04,0.06,0.11,0.19,0.28,1
2459,3,0.13,0.24,0.31,0.43,0.51,1
2460,2,0.23,0.31,0.51,0.56,0.65,1
2461,4,0.1,0.15,0.2,0.29,0.41,1
2462,2,0.15,0.29,0.45,0.62,0.74,2
2463,1,0.33,0.45,0.59,0.64,0.74,1
2464,3,0.13,0.22,0.34,0.4,0.55,1
2465,1,0.33,0.43,0.57,0.67,0.76,1
2466,5,0.05,0.11,0.17,0.27,0.29,1
2467,2,0.23,0.35,0.44,0.53,0.65,1
2468,5,0.05,0.07,0.1,0.15,0.27,1
2469,3,0.11,0.18,0.32,0.4,0.55,1
2470,4,0.07,0.1,0.17,0.32,0.47,1
2471,1,0.34,0.45,0.56,0.66,0.74,1
2472,1,0.29,0.34,0.51,0.62,0.71,1
2473,4,0.12,0.17,0.24,0.27,0.34,1
2474,1,0.28,0.35,0.47,0.6,0.69,1
2475,5,0.05,0.1,0.18,0.23,0.29,1
2476,1,0.35,0.47,0.59,0.68,0.75,1
2477,3,0.13,0.19,0.32,0.5,0.61,1
2478,2,0.21,0.32,0.39,0.5,0.59,1
2479,4,0.09,0.13,0.17,0.27,0.47,2
2480,1,0.29,0.39,0.47,0.59,0.62,1
2481,2,0.2,0.3,0.39,0.52,0.65,1
2482,5,0.05,0.08,0.15,0.22,0.28,1
2483,5,0.05,0.09,0.14,0.22,0.32,1
2484,3,0.11,0.21,0.28,0.39,0.54,1
2485,5,0.03,0.05,0.08,0.18,0.33,1
2486,1,0.32,0.37,0.57,0.68,0.76,2
2487,1,0.31,0.37,0.49,0.59,0.64,1
2488,3,0.12,0.22,0.31,0.42,0.56,1
2489,4,0.1,0.17,0.24,0.32,0.48,1
2490,5,0.05,0.08,0.11,0.18,0.32,1
2491,4,0.06,0.1,0.22,0.28,0.37,1
2492,1,0.28,0.34,0.43,0.55,0.63,1
2493,4,0.08,0.12,0.17,0.29,0.37,3
2494,2,0.16,0.27,0.38,0.48,0.56,2
2495,2,0.19,0.3,0.35,0.49,0.58,1
2496,5,0.03,0.07,0.11,0.13,0.25,1
2497,2,0.23,0.31,0.41,0.57,0.64,1
2498,3,0.1,0.22,0.28,0.34,0.5,1
2499,1,0.29,0.39,0.56,0.7,0.78,1
2500,5,0.09,0.12,0.19,0.25,0.32,1
2501,3,0.11,0.16,0.29,0.37,0.45,1
2502,1,0.28,0.32,0.38,0.56,0.65,1
2503,5,0.05,0.07,0.12,0.17,0.3,1
2504,3,0.11,0.21,0.33,0.4,0.47,1
2505,5,0.05,0.09,0.13,0.21,0.34,1
2506,2,0.2,0.34,0.39,0.46,0.62,1
2507,3,0.1,0.17,0.28,0.35,0.43,2
2508,2,0.2,0.27,0.34,0.5,0.58,1
2509,1,0.29,0.42,0.56,0.68,0.8,1
2510,4,0.05,0.08,0.18,0.29,0.36,1
2511,1,0.29,0.46,0.52,0.6,0.76,1
2512,3,0.17,0.22,0.32,0.46,0.54,1
2513,4,0.11,0.15,0.21,0.33,0.43,1
2514,5,0.07,0.09,0.11,0.15,0.27,1
2515,1,0.28,0.34,0.44,0.53,0.62,2
2516,4,0.12,0.15,0.2,0.32,0.42,1
2517,1,0.29,0.36,0.44,0.55,0.65,1
2518,5,0.04,0.07,0.11,0.19,0.3,1
2519,2,0.19,0.31,0.38,0.52,0.62,1
2520,4,0.06,0.11,0.18,0.29,0.37,1
2521,3,0.12,0.19,0.32,0.48,0.66,1
2522,2,0.17,0.29,0.41,0.51,0.64,2
2523,5,0.05,0.09,0.15,0.21,0.33,1
2524,5,0.03,0.06,0.11,0.21,0.27,1
2525,1,0.31,0.42,0.55,0.67,0.78,3
2526,2,0.23,0.31,0.42,0.52,0.61,2
2527,5,0.04,0.08,0.17,0.25,0.33,1
2528,5,0.05,0.08,0.12,0.23,0.34,1
2529,5,0.11,0.14,0.17,0.2,0.31,1
2530,1,0.26,0.37,0.53,0.58,0.72,1
2531,3,0.1,0.18,0.29,0.39,0.47,1
2532,1,0.3,0.44,0.57,0.73,0.83,1
2533,5,0.05,0.09,0.11,0.2,0.34,1
2534,2,0.2,0.32,0.45,0.57,0.67,1
2535,1,0.31,0.44,0.55,0.68,0.77,1
2536,2,0.16,0.27,0.43,0.54,0.59,1
2537,1,0.33,0.39,0.47,0.63,0.71,1
2538,1,0.28,0.41,0.46,0.56,0.64,1
2539,3,0.14,0.23,0.3,0.39,0.45,1
2540,1,0.32,0.42,0.51,0.62,0.71,1
2541,1,0.3,0.39,0.49,0.55,0.69,1
2542,2,0.18,0.28,0.4,0.5,0.6,1
2543,3,0.15,0.21,0.28,0.39,0.54,1
2544,3,0.19,0.25,0.3,0.46,0.51,1
2545,2,0.16,0.27,0.4,0.52,0.59,2
2546,2,0.14,0.27,0.33,0.52,0.62,1
2547,1,0.31,0.4,0.52,0.58,0.69,1
2548,3,0.13,0.24,0.33,0.41,0.54,1
2549,2,0.18,0.27,0.35,0.47,0.6,1
2550,1,0.35,0.42,0.57,0.65,0.74,1
2551,5,0.04,0.06,0.12,0.19,0.34,1
2552,2,0.16,0.25,0.35,0.46,0.52,1
2553,3,0.11,0.19,0.31,0.45,0.57,1
2554,1,0.3,0.34,0.49,0.6,0.69,1
2555,4,0.08,0.12,0.23,0.33,0.42,2
2556,3,0.12,0.19,0.3,0.41,0.52,1
2557,5,0.07,0.08,0.13,0.18,0.25,1
2558,1,0.29,0.31,0.39,0.57,0.65,1
2559,4,0.08,0.12,0.19,0.33,0.44,2
2560,2,0.22,0.32,0.43,0.55,0.63,1
2561,2,0.22,0.29,0.44,0.57,0.68,1
2562,4,0.06,0.12,0.21,0.26,0.34,1
2563,4,0.14,0.21,0.23,0.33,0.41,1
2564,1,0.33,0.45,0.53,0.61,0.68,1
2565,4,0.07,0.13,0.19,0.33,0.48,1
2566,5,0.03,0.06,0.11,0.17,0.27,1
2567,4,0.12,0.19,0.24,0.31,0.42,1
2568,4,0.08,0.11,0.15,0.3,0.39,1
2569,2,0.16,0.25,0.36,0.46,0.59,1
2570,2,0.22,0.35,0.43,0.58,0.71,2
2571,2,0.23,0.31,0.41,0.48,0.57,1
2572,3,0.12,0.24,0.34,0.41,0.49,1
2573,3,0.16,0.25,0.31,0.39,0.48,2
2574,1,0.3,0.44,0.58,0.64,0.71,1
2575,1,0.34,0.4,0.47,0.61,0.7,1
2576,2,0.2,0.26,0.39,0.49,0.64,1
2577,5,0.05,0.09,0.11,0.16,0.25,1
2578,1,0.32,0.43,0.48,0.59,0.66,1
2579,1,0.33,0.45,0.54,0.65,0.73,1
2580,4,0.07,0.12,0.19,0.28,0.37,1
2581,1,0.26,0.43,0.55,0.75,0.81,1
2582,2,0.16,0.27,0.38,0.5,0.54,1
2583,3,0.09,0.16,0.25,0.42,0.55,1
2584,3,0.13,0.22,0.29,0.38,0.52,1
2585,4,0.09,0.11,0.22,0.28,0.34,2
2586,5,0.05,0.09,0.12,0.18,0.27,1
2587,2,0.22,0.27,0.38,0.45,0.5,2
2588,3,0.14,0.21,0.27,0.4,0.53,1
2589,4,0.05,0.09,0.17,0.29,0.37,1
2590,3,0.13,0.21,0.3,0.39,0.46,1
2591,5,0.05,0.09,0.12,0.23,0.29,1
2592,4,0.11,0.16,0.2,0.35,0.41,1
2593,2,0.16,0.31,0.41,0.53,0.63,1
2594,3,0.08,0.14,0.26,0.36,0.41,1
2595,1,0.27,0.38,0.53,0.64,0.72,1
2596,4,0.06,0.09,0.15,0.26,0.43,2
2597,3,0.09,0.17,0.32,0.42,0.52,1
2598,2,0.22,0.33,0.49,0.58,0.67,2
2599,2,0.21,0.29,0.38,0.46,0.62,1
2600,1,0.32,0.39,0.56,0.64,0.73,1
2601,4,0.08,0.13,0.21,0.29,0.4,1
2602,2,0.21,0.34,0.47,0.65,0.73,1
2603,1,0.33,0.55,0.62,0.7,0.77,1
2604,1,0.28,0.35,0.51,0.58,0.7,1
2605,4,0.06,0.09,0.16,0.26,0.39,1
2606,1,0.26,0.36,0.46,0.56,0.71,1
2607,5,0.03,0.06,0.1,0.18,0.34,1
2608,5,0.03,0.06,0.12,0.16,0.28,1
2609,4,0.09,0.13,0.21,0.28,0.37,1
2610,1,0.34,0.38,0.5,0.59,0.74,1
2611,5,0.03,0.05,0.09,0.17,0.3,1
2612,4,0.1,0.14,0.2,0.35,0.39,1
2613,1,0.31,0.4,0.52,0.61,0.76,1
2614,2,0.23,0.28,0.42,0.57,0.67,1
2615,5,0.03,0.05,0.1,0.19,0.29,1
2616,5,0.06,0.1,0.16,0.19,0.34,1
2617,3,0.11,0.2,0.31,0.37,0.5,1
2618,1,0.32,0.45,0.6,0.71,0.73,2
2619,2,0.23,0.34,0.4,0.54,0.7,1
2620,4,0.08,0.09,0.17,0.27,0.38,2
2621,3,0.11,0.17,0.3,0.36,0.49,1
2622,5,0.05,0.1,0.15,0.22,0.3,1
2623,4,0.12,0.2,0.24,0.27,0.34,1
2624,5,0.03,0.05,0.1,0.2,0.29,1
2625,1,0.34,0.42,0.54,0.67,0.77,1
2626,3,0.11,0.2,0.31,0.41,0.51,1
2627,5,0.05,0.08,0.14,0.24,0.35,1
2628,4,0.05,0.09,0.19,0.29,0.42,1
2629,2,0.18,0.27,0.38,0.55,0.69,1
2630,4,0.09,0.14,0.22,0.34,0.41,1
2631,5,0.02,0.06,0.08,0.18,0.25,1
2632,1,0.28,0.36,0.41,0.5,0.63,1
2633,5,0.04,0.08,0.15,0.19,0.33,1
2634,2,0.25,0.34,0.45,0.55,0.69,1
2635,4,0.1,0.16,0.25,0.31,0.43,1
2636,2,0.16,0.28,0.36,0.47,0.55,1
2637,1,0.32,0.36,0.42,0.54,0.63,1
2638,1,0.28,0.47,0.53,0.59,0.69,1
2639,5,0.03,0.05,0.11,0.17,0.26,1
2640,5,0.04,0.07,0.11,0.22,0.27,1
2641,2,0.2,0.33,0.38,0.43,0.55,1
2642,2,0.24,0.29,0.38,0.52,0.54,1
2643,3,0.13,0.19,0.31,0.38,0.49,1
2644,4,0.07,0.12,0.24,0.33,0.48,2
2645,2,0.2,0.28,0.36,0.45,0.62,1
2646,4,0.09,0.15,0.2,0.27,0.39,1
2647,4,0.11,0.15,0.22,0.31,0.38,1
2648,5,0.05,0.06,0.11,0.16,0.28,1
2649,4,0.03,0.07,0.18,0.28,0.35,1
2650,4,0.05,0.08,0.16,0.3,0.47,1
2651,1,0.32,0.52,0.57,0.66,0.76,1
2652,5,0.04,0.1,0.13,0.19,0.27,1
2653,1,0.3,0.42,0.59,0.65,0.7,1
2654,2,0.23,0.33,0.41,0.43,0.58,2
2655,2,0.19,0.3,0.42,0.55,0.7,1
2656,2,0.17,0.27,0.34,0.46,0.57,1
2657,4,0.09,0.14,0.24,0.33,0.41,1
2658,5,0.07,0.09,0.14,0.21,0.27,1
2659,2,0.19,0.3,0.45,0.57,0.69,1
2660,5,0.04,0.08,0.12,0.17,0.27,1
2661,4,0.08,0.16,0.21,0.34,0.45,1
2662,2,0.16,0.27,0.35,0.5,0.57,1
2663,2,0.2,0.34,0.38,0.45,0.53,1
2664,3,0.17,0.21,0.3,0.38,0.47,1
2665,4,0.09,0.15,0.23,0.33,0.48,1
2666,5,0.04,0.08,0.12,0.21,0.33,1
2667,5,0.09,0.14,0.2,0.23,0.34,1
2668,1,0.33,0.42,0.48,0.56,0.69,2
2669,1,0.29,0.42,0.52,0.66,0.78,1
2670,4,0.18,0.23,0.27,0.3,0.35,1
2671,3,0.11,0.16,0.31,0.4,0.53,1
2672,1,0.33,0.4,0.49,0.65,0.79,2
2673,4,0.06,0.09,0.18,0.28,0.39,1
2674,3,0.15,0.18,0.25,0.37,0.48,2
2675,3,0.07,0.15,0.33,0.41,0.51,1
2676,5,0.03,0.05,0.09,0.18,0.29,1
2677,1,0.32,0.36,0.5,0.64,0.74,1
2678,5,0.06,0.1,0.15,0.21,0.3,1
2679,2,0.22,0.33,0.43,0.54,0.65,2
2680,1,0.32,0.43,0.56,0.65,0.73,1
2681,2,0.15,0.26,0.36,0.46,0.62,1
2682,1,0.26,0.37,0.44,0.53,0.68,1
2683,1,0.32,0.42,0.53,0.69,0.78,1
2684,2,0.15,0.3,0.32,0.4,0.55,2
2685,3,0.17,0.23,0.33,0.37,0.43,1
2686,1,0.32,0.38,0.51,0.61,0.73,1
2687,2,0.22,0.28,0.37,0.53,0.6,2
2688,1,0.31,0.39,0.5,0.56,0.7,1
2689,4,0.08,0.12,0.17,0.31,0.38,1
2690,3,0.11,0.16,0.25,0.35,0.51,1
2691,1,0.29,0.37,0.53,0.59,0.71,1
2692,5,0.04,0.05,0.11,0.23,0.31,1
2693,1,0.29,0.41,0.48,0.57,0.68,1
2694,3,0.19,0.23,0.3,0.44,0.56,1
2695,2,0.18,0.31,0.48,0.63,0.7,1
2696,5,0.04,0.06,0.1,0.19,0.28,1
2697,4,0.06,0.12,0.19,0.3,0.42,1
2698,3,0.13,0.17,0.27,0.4,0.54,1
2699,3,0.17,0.25,0.33,0.38,0.45,1
2700,2,0.15,0.25,0.37,0.48,0.59,1
2701,2,0.25,0.32,0.41,0.45,0.6,1
2702,3,0.11,0.19,0.32,0.45,0.58,1
2703,3,0.18,0.26,0.31,0.39,0.53,1
2704,1,0.28,0.43,0.56,0.69,0.82,2
2705,2,0.19,0.27,0.39,0.48,0.58,1
2706,2,0.23,0.33,0.39,0.48,0.57,1
2707,3,0.22,0.25,0.32,0.44,0.58,1
2708,2,0.16,0.26,0.39,0.47,0.57,1
2709,1,0.33,0.5,0.55,0.72,0.78,1
2710,3,0.16,0.21,0.33,0.45,0.52,2
2711,2,0.22,0.3,0.42,0.47,0.61,1
2712,5,0.03,0.06,0.11,0.19,0.27,1
2713,5,0.03,0.06,0.09,0.15,0.29,1
2714,4,0.04,0.08,0.15,0.35,0.42,1
2715,1,0.31,0.42,0.55,0.68,0.73,1
2716,3,0.13,0.23,0.31,0.43,0.53,1
2717,1,0.33,0.47,0.57,0.67,0.78,1
2718,1,0.28,0.43,0.56,0.68,0.78,1
2719,2,0.21,0.3,0.37,0.48,0.6,1
2720,2,0.24,0.32,0.37,0.5,0.56,1
2721,3,0.09,0.17,0.31,0.39,0.48,1
2722,1,0.29,0.45,0.57,0.67,0.74,1
2723,3,0.12,0.18,0.26,0.34,0.46,1
2724,1,0.34,0.45,0.6,0.66,0.76,1
2725,2,0.17,0.3,0.4,0.47,0.59,3
2726,2,0.25,0.31,0.39,0.46,0.56,1
2727,5,0.03,0.06,0.13,0.18,0.26,1
2728,1,0.31,0.38,0.53,0.62,0.71,1
2729,5,0.02,0.05,0.1,0.17,0.28,1
2730,5,0.06,0.1,0.13,0.18,0.27,1
2731,1,0.35,0.52,0.63,0.67,0.76,1
2732,3,0.13,0.18,0.26,0.38,0.51,1
2733,1,0.33,0.48,0.56,0.67,0.72,1
2734,1,0.34,0.43,0.5,0.63,0.74,1
2735,4,0.06,0.1,0.17,0.29,0.4,1
2736,1,0.34,0.45,0.46,0.55,0.57,1
2737,2,0.26,0.32,0.41,0.52,0.66,2
2738,5,0.08,0.1,0.17,0.24,0.32,1
2739,2,0.19,0.29,0.32,0.4,0.48,1
2740,2,0.19,0.28,0.37,0.44,0.51,1
2741,4,0.08,0.17,0.26,0.31,0.39,1
2742,2,0.21,0.34,0.48,0.55,0.67,1
2743,4,0.07,0.1,0.18,0.27,0.35,1
2744,5,0.09,0.11,0.16,0.24,0.35,1
2745,4,0.09,0.17,0.22,0.33,0.42,1
2746,3,0.1,0.19,0.25,0.37,0.46,1
2747,2,0.23,0.34,0.41,0.5,0.57,1
2748,3,0.1,0.22,0.32,0.44,0.51,1
2749,1,0.27,0.37,0.44,0.6,0.71,1
2750,2,0.24,0.32,0.43,0.58,0.63,1
2751,4,0.08,0.1,0.21,0.3,0.37,1
2752,5,0.03,0.06,0.09,0.16,0.34,2
2753,3,0.09,0.17,0.27,0.35,0.42,1
2754,1,0.35,0.5,0.62,0.69,0.78,1
2755,1,0.31,0.42,0.53,0.67,0.79,1
2756,5,0.02,0.05,0.08,0.16,0.32,1
2757,4,0.13,0.18,0.24,0.33,0.46,2
2758,1,0.3,0.41,0.5,0.63,0.77,1
2759,3,0.11,0.17,0.26,0.36,0.47,2
2760,5,0.07,0.09,0.13,0.17,0.27,1
2761,2,0.13,0.25,0.35,0.51,0.6,1
2762,2,0.2,0.32,0.47,0.58,0.71,1
2763,5,0.03,0.06,0.1,0.2,0.32,1
2764,4,0.07,0.12,0.18,0.31,0.41,1
2765,3,0.14,0.26,0.28,0.44,0.55,1
2766,1,0.35,0.48,0.57,0.66,0.75,1
2767,4,0.06,0.11,0.21,0.33,0.42,1
2768,3,0.16,0.22,0.27,0.38,0.45,1
2769,5,0.05,0.09,0.1,0.15,0.25,1
2770,5,0.07,0.09,0.14,0.21,0.33,1
2771,2,0.24,0.3,0.41,0.52,0.59,1
2772,5,0.07,0.1,0.16,0.26,0.32,1
2773,2,0.25,0.33,0.47,0.61,0.73,1
2774,4,0.08,0.1,0.21,0.31,0.43,2
2775,1,0.28,0.41,0.45,0.56,0.71,1
2776,2,0.27,0.31,0.39,0.52,0.65,1
2777,2,0.2,0.32,0.45,0.58,0.71,1
2778,2,0.2,0.25,0.38,0.53,0.65,1
2779,5,0.03,0.08,0.11,0.23,0.31,1
2780,2,0.18,0.25,0.38,0.45,0.61,1
2781,5,0.03,0.05,0.09,0.19,0.27,1
2782,5,0.07,0.11,0.19,0.25,0.31,1
2783,1,0.26,0.35,0.39,0.49,0.61,1
2784,2,0.16,0.26,0.37,0.44,0.6,1
2785,2,0.23,0.33,0.51,0.64,0.75,2
2786,1,0.32,0.4,0.49,0.61,0.74,1
2787,4,0.08,0.14,0.23,0.32,0.39,1
2788,5,0.03,0.05,0.1,0.15,0.29,2
2789,1,0.3,0.38,0.46,0.59,0.7,2
2790,4,0.08,0.13,0.18,0.3,0.36,1
2791,5,0.05,0.1,0.18,0.23,0.33,1
2792,1,0.34,0.44,0.56,0.67,0.76,3
2793,4,0.11,0.16,0.23,0.31,0.36,1
2794,4,0.06,0.11,0.18,0.29,0.44,1
2795,5,0.02,0.04,0.09,0.15,0.26,1
2796,4,0.08,0.11,0.19,0.27,0.35,2
2797,4,0.05,0.09,0.19,0.28,0.4,1
2798,3,0.08,0.14,0.28,0.33,0.43,1
2799,2,0.18,0.34,0.46,0.61,0.63,1
2800,5,0.03,0.06,0.11,0.17,0.3,1
2801,2,0.25,0.3,0.37,0.39,0.48,2
2802,1,0.27,0.4,0.46,0.61,0.7,1
2803,4,0.06,0.09,0.15,0.29,0.37,1
2804,5,0.05,0.09,0.13,0.23,0.31,1
2805,4,0.11,0.14,0.2,0.33,0.46,1
2806,4,0.11,0.13,0.17,0.32,0.4,1
2807,3,0.17,0.27,0.32,0.39,0.46,1
2808,1,0.28,0.39,0.5,0.62,0.73,1
2809,1,0.32,0.42,0.49,0.63,0.68,1
2810,3,0.09,0.15,0.26,0.34,0.47,1
2811,4,0.09,0.14,0.22,0.33,0.4,1
2812,2,0.2,0.34,0.5,0.61,0.71,1
2813,3,0.13,0.2,0.31,0.37,0.51,1
2814,1,0.29,0.37,0.51,0.58,0.68,1
2815,4,0.06,0.09,0.15,0.28,0.42,2
2816,4,0.06,0.09,0.19,0.33,0.42,1
2817,3,0.07,0.13,0.29,0.41,0.48,1
2818,1,0.32,0.44,0.54,0.63,0.72,1
2819,5,0.04,0.07,0.1,0.15,0.26,1
2820,1,0.3,0.4,0.53,0.65,0.71,1
2821,3,0.08,0.14,0.25,0.38,0.5,1
2822,1,0.31,0.38,0.49,0.64,0.73,1
2823,2,0.2,0.31,0.44,0.56,0.69,2
2824,1,0.31,0.33,0.44,0.55,0.63,1
2825,3,0.11,0.16,0.28,0.35,0.46,1
2826,3,0.11,0.18,0.32,0.36,0.44,1
2827,4,0.06,0.12,0.19,0.32,0.43,1
2828,1,0.27,0.37,0.51,0.61,0.65,1
2829,4,0.05,0.12,0.22,0.28,0.34,1
2830,4,0.08,0.11,0.16,0.26,0.37,1
2831,2,0.26,0.33,0.4,0.49,0.64,1
2832,4,0.09,0.17,0.21,0.31,0.34,2
2833,1,0.34,0.47,0.57,0.73,0.83,1
2834,5,0.03,0.06,0.1,0.15,0.26,1
2835,2,0.26,0.33,0.42,0.53,0.66,1
2836,3,0.11,0.19,0.28,0.37,0.49,1
2837,1,0.34,0.43,0.59,0.7,0.76,1
2838,5,0.05,0.07,0.13,0.21,0.34,2
2839,4,0.07,0.1,0.19,0.31,0.5,1
2840,1,0.31,0.38,0.56,0.71,0.8,1
2841,4,0.05,0.11,0.22,0.28,0.36,1
2842,5,0.03,0.06,0.11,0.19,0.26,1
2843,4,0.1,0.14,0.19,0.31,0.37,1
2844,4,0.13,0.19,0.21,0.29,0.32,1
2845,2,0.2,0.34,0.43,0.58,0.72,1
2846,1,0.31,0.41,0.51,0.56,0.61,1
2847,5,0.03,0.08,0.13,0.15,0.35,1
2848,4,0.08,0.14,0.22,0.32,0.38,1
2849,5,0.06,0.1,0.11,0.17,0.25,2
2850,3,0.09,0.17,0.26,0.4,0.59,1
2851,1,0.33,0.4,0.54,0.64,0.73,1
2852,3,0.14,0.18,0.28,0.35,0.43,1
2853,1,0.33,0.45,0.59,0.72,0.76,1
2854,5,0.07,0.1,0.15,0.26,0.32,1
2855,2,0.25,0.34,0.46,0.56,0.65,1
2856,4,0.09,0.16,0.19,0.27,0.4,1
2857,3,0.1,0.18,0.3,0.43,0.53,1
2858,2,0.22,0.31,0.36,0.44,0.55,1
2859,2,0.2,0.32,0.46,0.59,0.68,1
2860,4,0.11,0.18,0.26,0.3,0.45,1
2861,1,0.32,0.45,0.56,0.63,0.69,1
2862,5,0.04,0.08,0.14,0.19,0.27,1
2863,4,0.12,0.22,0.25,0.32,0.47,1
2864,4,0.11,0.13,0.2,0.34,0.44,1
2865,3,0.12,0.2,0.34,0.42,0.6,1
2866,3,0.11,0.22,0.28,0.32,0.41,2
2867,4,0.09,0.15,0.24,0.31,0.34,1
2868,1,0.33,0.45,0.53,0.62,0.68,1
2869,2,0.22,0.31,0.42,0.59,0.71,1
2870,1,0.31,0.43,0.53,0.64,0.73,1
2871,2,0.14,0.27,0.35,0.44,0.55,1
2872,3,0.17,0.25,0.34,0.42,0.49,1
2873,2,0.17,0.31,0.42,0.5,0.57,1
2874,5,0.05,0.08,0.13,0.21,0.3,2
2875,4,0.1,0.15,0.24,0.34,0.43,1
2876,4,0.1,0.16,0.19,0.31,0.41,2
2877,3,0.12,0.2,0.3,0.39,0.5,1
2878,3,0.12,0.17,0.26,0.35,0.5,1
2879,1,0.34,0.46,0.53,0.62,0.72,1
2880,5,0.05,0.07,0.11,0.18,0.33,1
2881,3,0.18,0.22,0.29,0.39,0.49,1
2882,5,0.03,0.06,0.13,0.23,0.31,1
2883,5,0.06,0.08,0.13,0.18,0.31,1
2884,5,0.03,0.05,0.1,0.21,0.27,1
2885,3,0.21,0.22,0.29,0.43,0.54,2
2886,2,0.19,0.33,0.4,0.45,0.53,1
2887,5,0.04,0.07,0.14,0.2,0.28,1
2888,1,0.31,0.39,0.5,0.61,0.72,1
2889,2,0.24,0.31,0.43,0.51,0.65,1
2890,2,0.17,0.27,0.41,0.53,0.74,1
2891,5,0.06,0.1,0.14,0.15,0.26,1
2892,2,0.17,0.26,0.36,0.5,0.62,2
2893,1,0.31,0.4,0.47,0.6,0.68,2
2894,4,0.06,0.08,0.17,0.28,0.38,1
2895,5,0.03,0.05,0.08,0.14,0.29,2
2896,1,0.33,0.43,0.56,0.61,0.66,1
2897,2,0.14,0.29,0.41,0.55,0.63,1
2898,3,0.17,0.24,0.35,0.44,0.52,1
2899,4,0.07,0.12,0.21,0.29,0.39,1
2900,1,0.31,0.47,0.58,0.69,0.79,1
2901,2,0.16,0.26,0.34,0.52,0.69,1
2902,5,0.03,0.05,0.09,0.17,0.26,1
2903,1,0.3,0.4,0.52,0.63,0.76,1
2904,3,0.1,0.15,0.28,0.35,0.5,1
2905,1,0.28,0.37,0.48,0.61,0.72,1
2906,5,0.04,0.09,0.12,0.23,0.34,1
2907,3,0.1,0.18,0.29,0.44,0.54,1
2908,4,0.05,0.1,0.18,0.28,0.38,1
2909,5,0.04,0.07,0.11,0.21,0.29,2
2910,3,0.13,0.2,0.33,0.39,0.53,1
2911,4,0.08,0.13,0.21,0.32,0.44,1
2912,3,0.12,0.18,0.32,0.42,0.55,1
2913,1,0.33,0.51,0.6,0.65,0.73,1
2914,2,0.19,0.3,0.42,0.61,0.69,1
2915,2,0.16,0.28,0.34,0.44,0.55,1
2916,1,0.34,0.42,0.53,0.63,0.73,1
2917,5,0.03,0.06,0.11,0.18,0.26,1
2918,1,0.31,0.44,0.49,0.56,0.7,1
2919,1,0.32,0.41,0.51,0.59,0.67,1
2920,3,0.14,0.2,0.3,0.37,0.49,1
2921,4,0.04,0.08,0.15,0.27,0.36,1
2922,1,0.33,0.41,0.54,0.64,0.75,1
2923,4,0.08,0.16,0.18,0.27,0.36,1
2924,2,0.17,0.28,0.38,0.45,0.56,1
2925,3,0.12,0.17,0.31,0.4,0.52,1
2926,1,0.32,0.38,0.51,0.54,0.67,1
2927,4,0.07,0.1,0.15,0.26,0.4,1
2928,4,0.06,0.12,0.21,0.34,0.41,1
2929,4,0.08,0.12,0.17,0.29,0.35,1
2930,5,0.05,0.08,0.15,0.22,0.29,1
2931,5,0.05,0.09,0.15,0.21,0.32,1
2932,3,0.14,0.18,0.32,0.38,0.44,1
2933,3,0.1,0.14,0.26,0.38,0.49,3
2934,3,0.1,0.2,0.27,0.38,0.49,1
2935,4,0.08,0.13,0.19,0.27,0.36,1
2936,3,0.15,0.27,0.3,0.32,0.37,1
2937,2,0.15,0.29,0.42,0.49,0.53,1
2938,5,0.03,0.06,0.15,0.21,0.31,1
2939,1,0.29,0.37,0.41,0.52,0.64,2
2940,1,0.34,0.4,0.5,0.61,0.69,1
2941,1,0.33,0.44,0.58,0.68,0.78,1
2942,5,0.08,0.13,0.18,0.25,0.34,1
2943,1,0.29,0.42,0.53,0.66,0.75,1
2944,3,0.17,0.19,0.26,0.43,0.53,1
2945,2,0.22,0.28,0.37,0.49,0.59,1
2946,1,0.34,0.42,0.54,0.65,0.73,1
2947,2,0.18,0.29,0.36,0.43,0.58,3
2948,5,0.03,0.07,0.12,0.19,0.29,1
2949,3,0.1,0.15,0.3,0.42,0.54,2
2950,1,0.3,0.4,0.51,0.58,0.62,1
2951,4,0.14,0.2,0.23,0.34,0.47,1
2952,1,0.3,0.51,0.59,0.7,0.78,1
2953,1,0.33,0.44,0.52,0.57,0.68,1
2954,3,0.13,0.23,0.35,0.43,0.49,1
2955,1,0.31,0.34,0.51,0.65,0.74,1
2956,3,0.16,0.24,0.32,0.42,0.53,1
2957,1,0.31,0.32,0.39,0.54,0.63,1
2958,2,0.23,0.33,0.4,0.55,0.7,1
2959,5,0.06,0.11,0.21,0.25,0.33,1
2960,5,0.06,0.09,0.13,0.22,0.35,1
2961,5,0.03,0.05,0.09,0.14,0.29,2
2962,1,0.35,0.45,0.54,0.68,0.79,1
2963,4,0.12,0.17,0.25,0.33,0.38,2
2964,3,0.16,0.23,0.33,0.4,0.52,1
2965,2,0.19,0.3,0.45,0.61,0.73,1
2966,1,0.26,0.4,0.53,0.63,0.68,1
2967,2,0.18,0.26,0.36,0.46,0.56,1
2968,3,0.13,0.14,0.26,0.34,0.47,1
2969,2,0.22,0.31,0.39,0.52,0.68,1
2970,3,0.11,0.18,0.29,0.39,0.52,2
2971,3,0.13,0.19,0.29,0.33,0.51,3
2972,3,0.07,0.17,0.27,0.36,0.5,2
2973,2,0.15,0.26,0.36,0.47,0.5,1
2974,5,0.09,0.13,0.17,0.24,0.33,1
2975,4,0.07,0.12,0.24,0.33,0.45,1
2976,2,0.15,0.25,0.36,0.46,0.61,1
2977,3,0.14,0.2,0.27,0.36,0.53,1
2978,1,0.28,0.44,0.53,0.67,0.7,2
2979,3,0.09,0.15,0.28,0.4,0.47,2
2980,1,0.3,0.38,0.51,0.58,0.69,1
2981,2,0.16,0.25,0.36,0.51,0.56,1
2982,3,0.13,0.24,0.35,0.44,0.48,1
2983,3,0.14,0.2,0.3,0.41,0.53,1
2984,4,0.07,0.09,0.13,0.25,0.35,1
2985,1,0.32,0.43,0.53,0.7,0.74,2
2986,1,0.26,0.38,0.49,0.63,0.73,1
2987,4,0.07,0.11,0.17,0.29,0.43,1
2988,2,0.2,0.3,0.36,0.51,0.63,2
2989,4,0.1,0.17,0.24,0.29,0.4,2
2990,5,0.03,0.06,0.11,0.19,0.29,1
2991,5,0.07,0.1,0.15,0.23,0.26,1
2992,4,0.04,0.08,0.17,0.27,0.35,1
2993,3,0.09,0.13,0.28,0.34,0.44,1
2994,4,0.1,0.14,0.22,0.31,0.39,1
2995,2,0.23,0.33,0.39,0.53,0.69,1
2996,1,0.26,0.35,0.4,0.53,0.7,1
2997,3,0.11,0.17,0.25,0.39,0.5,1
2998,2,0.26,0.32,0.36,0.46,0.57,1
2999,1,0.26,0.35,0.43,0.54,0.65,1
3000,2,0.21,0.3,0.41,0.47,0.59,1
3001,3,0.12,0.2,0.3,0.44,0.47,1
3002,4,0.1,0.17,0.19,0.29,0.38,1
3003,1,0.27,0.42,0.54,0.65,0.78,1
3004,1,0.34,0.41,0.52,0.71,0.76,1
3005,5,0.03,0.06,0.13,0.17,0.3,1
3006,3,0.12,0.2,0.34,0.39,0.48,1
3007,4,0.07,0.11,0.18,0.31,0.41,2
3008,5,0.08,0.12,0.19,0.24,0.3,1
3009,5,0.05,0.08,0.13,0.2,0.27,1
3010,1,0.28,0.4,0.54,0.64,0.79,1
3011,4,0.11,0.12,0.19,0.33,0.48,1
3012,1,0.26,0.36,0.48,0.55,0.66,1
3013,1,0.3,0.37,0.46,0.56,0.7,1
3014,2,0.17,0.29,0.42,0.51,0.57,2
3015,4,0.07,0.12,0.17,0.34,0.46,1
3016,4,0.12,0.15,0.22,0.29,0.36,1
3017,1,0.32,0.42,0.54,0.71,0.74,1
3018,1,0.3,0.42,0.5,0.58,0.75,1
3019,1,0.27,0.39,0.52,0.62,0.74,1
3020,4,0.1,0.14,0.2,0.33,0.43,1
3021,5,0.05,0.07,0.15,0.23,0.33,1
3022,4,0.08,0.12,0.17,0.28,0.4,1
3023,2,0.18,0.3,0.38,0.5,0.67,2
3024,3,0.15,0.21,0.31,0.44,0.5,1
3025,3,0.15,0.21,0.3,0.42,0.53,1
3026,3,0.12,0.18,0.34,0.48,0.61,2
3027,3,0.13,0.2,0.28,0.4,0.47,1
3028,4,0.1,0.15,0.22,0.33,0.38,1
3029,3,0.11,0.2,0.29,0.39,0.54,1
3030,1,0.35,0.47,0.55,0.68,0.79,1
3031,4,0.06,0.11,0.17,0.29,0.34,1
3032,5,0.06,0.11,0.13,0.25,0.27,1
3033,5,0.09,0.11,0.19,0.24,0.34,1
3034,5,0.04,0.08,0.13,0.2,0.29,1
3035,5,0.05,0.11,0.13,0.22,0.34,1
3036,3,0.11,0.17,0.3,0.37,0.43,1
3037,4,0.07,0.12,0.17,0.29,0.42,1
3038,3,0.1,0.19,0.31,0.36,0.45,2
3039,2,0.2,0.29,0.39,0.5,0.6,1
3040,3,0.15,0.25,0.31,0.38,0.47,1
3041,4,0.09,0.16,0.22,0.33,0.39,1
3042,1,0.35,0.44,0.55,0.63,0.78,1
3043,1,0.34,0.45,0.57,0.71,0.79,1
3044,1,0.32,0.42,0.48,0.59,0.71,1
3045,3,0.15,0.17,0.29,0.37,0.44,1
3046,1,0.33,0.45,0.56,0.69,0.78,1
3047,1,0.26,0.36,0.44,0.62,0.75,1
3048,4,0.07,0.11,0.2,0.31,0.45,1
3049,3,0.17,0.22,0.31,0.39,0.49,1
3050,3,0.14,0.25,0.32,0.37,0.45,1
3051,4,0.05,0.11,0.19,0.26,0.38,2
3052,2,0.19,0.31,0.44,0.55,0.64,1
3053,3,0.11,0.17,0.26,0.4,0.52,1
3054,4,0.07,0.13,0.2,0.26,0.35,1
3055,5,0.05,0.08,0.14,0.15,0.27,2
3056,2,0.18,0.26,0.35,0.47,0.54,2
3057,1,0.34,0.41,0.51,0.65,0.76,1
3058,4,0.08,0.13,0.2,0.28,0.36,1
3059,4,0.09,0.15,0.25,0.34,0.46,1
3060,3,0.12,0.21,0.32,0.41,0.52,1
3061,5,0.02,0.05,0.08,0.16,0.3,1
3062,1,0.33,0.41,0.5,0.61,0.73,1
3063,2,0.22,0.35,0.53,0.64,0.7,1
3064,1,0.34,0.42,0.56,0.66,0.73,1
3065,4,0.08,0.15,0.21,0.3,0.38,1
3066,1,0.29,0.41,0.51,0.65,0.72,1
3067,5,0.09,0.1,0.13,0.22,0.32,1
3068,5,0.11,0.15,0.22,0.24,0.33,1
3069,3,0.12,0.18,0.26,0.38,0.52,1
3070,5,0.03,0.05,0.09,0.18,0.29,2
3071,1,0.34,0.48,0.56,0.61,0.78,2
3072,2,0.22,0.35,0.47,0.55,0.59,1
3073,1,0.33,0.38,0.47,0.6,0.71,1
3074,2,0.18,0.31,0.42,0.56,0.67,1
3075,3,0.19,0.21,0.32,0.46,0.58,1
3076,1,0.28,0.37,0.42,0.56,0.65,1
3077,4,0.08,0.17,0.25,0.34,0.45,1
3078,3,0.14,0.23,0.35,0.52,0.63,1
3079,4,0.05,0.09,0.19,0.34,0.46,2
3080,1,0.28,0.33,0.42,0.52,0.62,1
3081,3,0.14,0.21,0.32,0.46,0.57,1
3082,1,0.28,0.35,0.45,0.53,0.6,1
3083,1,0.28,0.41,0.49,0.61,0.68,1
3084,4,0.06,0.11,0.18,0.31,0.34,2
3085,1,0.28,0.37,0.46,0.54,0.65,1
3086,2,0.18,0.27,0.35,0.51,0.63,1
3087,4,0.11,0.16,0.2,0.32,0.43,2
3088,3,0.09,0.15,0.28,0.38,0.5,1
3089,2,0.21,0.29,0.4,0.48,0.58,1
3090,2,0.21,0.28,0.41,0.52,0.66,1
3091,1,0.26,0.36,0.45,0.54,0.68,1
3092,1,0.26,0.38,0.53,0.58,0.67,1
3093,5,0.03,0.05,0.11,0.17,0.31,1
3094,5,0.11,0.13,0.17,0.21,0.34,1
3095,4,0.1,0.17,0.21,0.34,0.37,2
3096,1,0.29,0.38,0.46,0.59,0.75,1
3097,3,0.11,0.18,0.34,0.38,0.44,1
3098,3,0.06,0.14,0.26,0.36,0.49,2
3099,3,0.14,0.23,0.29,0.43,0.52,1
3100,5,0.05,0.08,0.16,0.23,0.29,1
3101,3,0.12,0.17,0.3,0.4,0.56,1
3102,4,0.09,0.12,0.17,0.28,0.36,1
3103,4,0.07,0.13,0.22,0.33,0.43,1
3104,4,0.05,0.09,0.16,0.26,0.4,1
3105,2,0.2,0.31,0.38,0.48,0.61,3
3106,2,0.18,0.33,0.38,0.46,0.56,1
3107,5,0.02,0.05,0.1,0.18,0.27,1
3108,1,0.31,0.37,0.47,0.56,0.69,1
3109,1,0.3,0.35,0.4,0.51,0.52,2
3110,1,0.3,0.38,0.51,0.67,0.8,1
3111,5,0.04,0.05,0.1,0.16,0.25,2
3112,1,0.31,0.4,0.47,0.58,0.67,1
3113,3,0.11,0.21,0.28,0.39,0.49,2
3114,4,0.08,0.15,0.22,0.31,0.39,1
3115,4,0.06,0.11,0.17,0.32,0.43,1
3116,3,0.12,0.16,0.3,0.38,0.47,1
3117,1,0.27,0.34,0.41,0.51,0.63,1
3118,3,0.11,0.22,0.34,0.41,0.55,1
3119,4,0.07,0.12,0.2,0.29,0.36,1
3120,3,0.15,0.22,0.27,0.38,0.5,1
3121,5,0.03,0.05,0.09,0.13,0.26,1
3122,4,0.09,0.15,0.23,0.33,0.5,1
3123,1,0.28,0.36,0.45,0.59,0.71,1
3124,2,0.16,0.31,0.36,0.47,0.57,1
3125,1,0.3,0.41,0.53,0.65,0.78,1
3126,3,0.15,0.24,0.32,0.4,0.49,1
3127,2,0.22,0.31,0.4,0.51,0.6,1
3128,1,0.28,0.32,0.39,0.51,0.6,1
3129,3,0.14,0.23,0.33,0.39,0.5,1
3130,1,0.27,0.37,0.47,0.58,0.67,1
3131,4,0.08,0.13,0.19,0.27,0.39,1
3132,1,0.3,0.42,0.45,0.55,0.66,1
3133,5,0.04,0.05,0.08,0.14,0.26,1
3134,5,0.06,0.09,0.18,0.22,0.34,1
3135,3,0.12,0.19,0.29,0.36,0.55,1
3136,2,0.14,0.28,0.38,0.48,0.61,1
3137,4,0.09,0.13,0.18,0.33,0.5,1
3138,4,0.05,0.11,0.13,0.25,0.39,1
3139,3,0.1,0.15,0.28,0.37,0.55,1
3140,2,0.17,0.27,0.38,0.47,0.52,1
3141,5,0.06,0.11,0.18,0.25,0.32,1
3142,1,0.3,0.43,0.51,0.67,0.73,1
3143,5,0.03,0.06,0.11,0.15,0.26,1
3144,5,0.05,0.09,0.16,0.23,0.31,1
3145,5,0.04,0.08,0.12,0.16,0.27,1
3146,3,0.12,0.17,0.3,0.4,0.54,1
3147,2,0.2,0.28,0.4,0.58,0.69,1
3148,1,0.27,0.36,0.46,0.59,0.69,1
3149,3,0.14,0.21,0.29,0.36,0.48,2
3150,1,0.25,0.38,0.46,0.58,0.67,1
3151,3,0.11,0.21,0.33,0.36,0.45,1
3152,5,0.04,0.07,0.11,0.14,0.27,1
3153,4,0.07,0.15,0.19,0.28,0.37,2
3154,4,0.05,0.1,0.16,0.29,0.38,1
3155,4,0.1,0.13,0.18,0.27,0.39,1
3156,1,0.34,0.44,0.58,0.71,0.77,1
3157,1,0.31,0.43,0.47,0.63,0.79,1
3158,4,0.14,0.19,0.27,0.32,0.44,1
3159,1,0.26,0.34,0.4,0.51,0.59,1
3160,3,0.17,0.23,0.34,0.49,0.61,1
3161,3,0.09,0.2,0.3,0.44,0.54,1
3162,5,0.04,0.08,0.11,0.18,0.25,1
3163,1,0.3,0.42,0.52,0.57,0.71,1
3164,2,0.18,0.3,0.42,0.47,0.56,1
3165,3,0.16,0.2,0.33,0.42,0.5,1
3166,3,0.16,0.23,0.33,0.47,0.57,2
3167,1,0.28,0.37,0.5,0.59,0.64,2
3168,4,0.04,0.08,0.17,0.27,0.36,1
3169,3,0.1,0.17,0.26,0.37,0.43,1
3170,3,0.11,0.25,0.34,0.46,0.59,1
3171,4,0.05,0.09,0.16,0.27,0.4,1
3172,4,0.1,0.14,0.17,0.32,0.4,1
3173,5,0.04,0.07,0.11,0.22,0.33,1
3174,3,0.11,0.19,0.31,0.32,0.42,1
3175,1,0.26,0.41,0.55,0.66,0.73,1
3176,1,0.33,0.4,0.51,0.63,0.77,1
3177,1,0.31,0.39,0.49,0.58,0.74,1
3178,2,0.18,0.34,0.45,0.65,0.75,1
3179,5,0.06,0.11,0.15,0.23,0.32,1
3180,1,0.33,0.39,0.5,0.58,0.68,1
3181,5,0.03,0.05,0.1,0.17,0.28,1
3182,4,0.11,0.15,0.2,0.31,0.49,1
3183,5,0.02,0.04,0.1,0.19,0.28,1
3184,4,0.1,0.11,0.21,0.31,0.39,1
3185,1,0.28,0.37,0.53,0.57,0.65,2
3186,3,0.15,0.23,0.32,0.38,0.54,1
3187,4,0.07,0.13,0.15,0.29,0.37,1
3188,5,0.06,0.08,0.13,0.2,0.31,1
3189,3,0.16,0.21,0.31,0.44,0.52,1
3190,5,0.04,0.07,0.11,0.18,0.3,1
3191,4,0.06,0.13,0.22,0.3,0.36,1
3192,2,0.19,0.3,0.39,0.5,0.6,1
3193,5,0.03,0.07,0.11,0.21,0.35,1
3194,1,0.3,0.41,0.49,0.61,0.73,1
3195,4,0.05,0.09,0.16,0.27,0.37,2
3196,4,0.11,0.17,0.25,0.31,0.44,1
3197,5,0.03,0.04,0.08,0.13,0.25,1
3198,1,0.28,0.34,0.44,0.58,0.65,1
3199,3,0.12,0.19,0.31,0.4,0.48,1
3200,5,0.05,0.07,0.11,0.16,0.29,1
3201,2,0.17,0.27,0.37,0.53,0.62,1
3202,4,0.07,0.12,0.19,0.32,0.35,1
3203,4,0.11,0.15,0.2,0.29,0.34,1
3204,1,0.28,0.37,0.5,0.61,0.69,1
3205,2,0.25,0.34,0.39,0.54,0.68,1
3206,5,0.03,0.05,0.11,0.2,0.34,1
3207,2,0.23,0.29,0.43,0.56,0.72,1
3208,5,0.03,0.05,0.11,0.22,0.29,1
3209,2,0.2,0.32,0.4,0.51,0.67,1
3210,2,0.26,0.29,0.36,0.51,0.66,3
3211,2,0.22,0.28,0.34,0.41,0.53,1
3212,3,0.09,0.18,0.29,0.42,0.57,1
3213,3,0.16,0.23,0.31,0.4,0.51,1
3214,5,0.05,0.08,0.13,0.22,0.35,1
3215,3,0.11,0.2,0.3,0.31,0.4,1
3216,5,0.06,0.09,0.15,0.24,0.33,1
3217,1,0.3,0.37,0.43,0.5,0.68,1
3218,2,0.24,0.28,0.35,0.41,0.51,3
3219,4,0.1,0.14,0.2,0.3,0.41,1
3220,1,0.32,0.46,0.6,0.64,0.75,1
3221,3,0.09,0.21,0.3,0.41,0.52,1
3222,4,0.09,0.13,0.19,0.32,0.47,1
3223,3,0.1,0.18,0.32,0.46,0.55,1
3224,1,0.32,0.38,0.5,0.6,0.69,2
3225,1,0.27,0.38,0.47,0.54,0.61,1
3226,5,0.06,0.1,0.15,0.18,0.3,1
3227,5,0.05,0.07,0.12,0.23,0.33,1
3228,3,0.09,0.15,0.26,0.37,0.53,1
3229,2,0.24,0.32,0.47,0.59,0.69,1
3230,3,0.12,0.18,0.29,0.44,0.56,1
3231,1,0.33,0.46,0.56,0.66,0.77,1
3232,4,0.08,0.12,0.16,0.3,0.38,1
3233,1,0.34,0.47,0.63,0.75,0.82,1
3234,3,0.11,0.15,0.25,0.35,0.5,1
3235,2,0.21,0.34,0.43,0.54,0.63,1
3236,2,0.25,0.32,0.38,0.4,0.49,1
3237,2,0.22,0.3,0.35,0.45,0.5,1
3238,1,0.34,0.44,0.55,0.66,0.78,1
3239,1,0.31,0.44,0.5,0.61,0.69,1
3240,4,0.06,0.11,0.21,0.28,0.35,1
3241,5,0.04,0.07,0.11,0.15,0.25,1
3242,2,0.15,0.31,0.41,0.53,0.61,2
3243,2,0.18,0.31,0.43,0.56,0.68,1
3244,1,0.34,0.51,0.62,0.71,0.82,1
3245,4,0.15,0.19,0.25,0.32,0.41,1
3246,2,0.15,0.31,0.35,0.4,0.56,2
3247,1,0.25,0.35,0.49,0.61,0.7,1
3248,1,0.34,0.46,0.62,0.68,0.75,1
3249,3,0.12,0.22,0.32,0.44,0.56,1
3250,3,0.09,0.16,0.28,0.4,0.54,1
3251,1,0.29,0.45,0.6,0.7,0.79,1
3252,1,0.28,0.36,0.44,0.57,0.62,1
3253,5,0.04,0.08,0.15,0.22,0.3,2
3254,2,0.17,0.27,0.38,0.5,0.63,1
3255,4,0.09,0.14,0.22,0.31,0.35,1
3256,4,0.08,0.11,0.21,0.28,0.33,1
3257,2,0.23,0.28,0.38,0.5,0.6,1
3258,4,0.09,0.13,0.18,0.29,0.35,1
3259,4,0.04,0.06,0.15,0.3,0.39,1
3260,4,0.04,0.1,0.16,0.27,0.38,1
3261,2,0.23,0.33,0.47,0.56,0.67,1
3262,5,0.06,0.09,0.1,0.17,0.27,1
3263,2,0.21,0.28,0.39,0.5,0.61,1
3264,2,0.25,0.34,0.49,0.62,0.71,1
3265,1,0.32,0.4,0.52,0.6,0.66,1
3266,5,0.05,0.09,0.13,0.17,0.28,3
3267,2,0.19,0.3,0.44,0.55,0.6,1
3268,4,0.08,0.13,0.2,0.33,0.42,1
3269,5,0.06,0.08,0.1,0.17,0.32,1
3270,3,0.11,0.16,0.31,0.47,0.57,1
3271,2,0.19,0.32,0.39,0.51,0.63,1
3272,5,0.06,0.08,0.14,0.23,0.31,1
3273,2,0.2,0.31,0.46,0.61,0.76,1
3274,5,0.05,0.07,0.14,0.21,0.29,1
3275,3,0.13,0.21,0.35,0.48,0.6,1
3276,1,0.26,0.36,0.47,0.59,0.67,1
3277,4,0.05,0.08,0.18,0.28,0.37,1
3278,5,0.07,0.08,0.13,0.21,0.28,1
3279,1,0.33,0.49,0.65,0.76,0.86,1
3280,2,0.19,0.31,0.43,0.59,0.76,1
3281,2,0.24,0.32,0.44,0.56,0.67,1
3282,1,0.25,0.36,0.46,0.59,0.67,1
3283,2,0.26,0.33,0.45,0.52,0.62,1
3284,3,0.12,0.17,0.31,0.43,0.55,1
3285,4,0.06,0.12,0.22,0.35,0.44,1
3286,4,0.13,0.17,0.22,0.3,0.44,1
3287,4,0.05,0.09,0.15,0.27,0.35,1
3288,4,0.08,0.16,0.19,0.26,0.38,1
3289,3,0.13,0.18,0.3,0.38,0.44,1
3290,2,0.14,0.28,0.37,0.47,0.6,1
3291,1,0.27,0.42,0.47,0.59,0.67,1
3292,1,0.29,0.36,0.48,0.56,0.67,1
3293,5,0.07,0.12,0.14,0.19,0.26,1
3294,3,0.14,0.19,0.3,0.44,0.58,1
3295,5,0.04,0.06,0.11,0.18,0.33,2
3296,1,0.34,0.47,0.58,0.71,0.79,1
3297,5,0.05,0.09,0.2,0.28,0.31,1
3298,2,0.26,0.32,0.43,0.54,0.61,1
3299,1,0.33,0.46,0.55,0.64,0.73,1
3300,2,0.23,0.3,0.45,0.59,0.73,1
3301,2,0.23,0.33,0.44,0.57,0.69,1
3302,1,0.31,0.47,0.56,0.7,0.81,1
3303,5,0.03,0.04,0.05,0.14,0.26,1
3304,3,0.13,0.27,0.3,0.39,0.52,1
3305,4,0.11,0.14,0.2,0.29,0.37,1
3306,3,0.15,0.23,0.29,0.37,0.48,1
3307,1,0.28,0.36,0.5,0.57,0.66,1
3308,1,0.35,0.42,0.57,0.65,0.74,1
3309,1,0.35,0.42,0.51,0.59,0.66,1
3310,2,0.15,0.29,0.36,0.5,0.68,1
3311,3,0.22,0.26,0.33,0.42,0.52,1
3312,3,0.08,0.16,0.3,0.37,0.45,1
3313,4,0.05,0.09,0.16,0.32,0.38,1
3314,2,0.22,0.31,0.42,0.53,0.66,1
3315,5,0.09,0.13,0.17,0.2,0.34,1
3316,1,0.28,0.38,0.55,0.64,0.81,2
3317,1,0.28,0.44,0.56,0.64,0.74,1
3318,1,0.25,0.4,0.49,0.6,0.63,1
3319,5,0.03,0.07,0.1,0.14,0.26,1
3320,1,0.27,0.45,0.56,0.6,0.66,1
3321,5,0.04,0.08,0.12,0.18,0.25,1
3322,1,0.26,0.4,0.51,0.63,0.71,1
3323,5,0.03,0.04,0.1,0.17,0.25,1
3324,2,0.22,0.31,0.41,0.51,0.6,1
3325,5,0.06,0.1,0.12,0.18,0.32,1
3326,5,0.03,0.06,0.11,0.18,0.25,1
3327,2,0.21,0.35,0.41,0.51,0.64,1
3328,5,0.03,0.06,0.13,0.21,0.32,1
3329,1,0.29,0.38,0.52,0.67,0.78,1
3330,1,0.33,0.4,0.51,0.6,0.71,1
3331,1,0.29,0.43,0.58,0.66,0.76,1
3332,5,0.05,0.08,0.13,0.17,0.28,1
3333,4,0.09,0.13,0.19,0.3,0.36,2
3334,1,0.31,0.45,0.59,0.69,0.76,1
3335,2,0.23,0.31,0.4,0.53,0.65,1
3336,1,0.31,0.43,0.56,0.63,0.74,1
3337,3,0.13,0.22,0.34,0.5,0.6,2
3338,1,0.28,0.36,0.47,0.56,0.69,1
3339,5,0.06,0.09,0.16,0.23,0.34,2
3340,2,0.23,0.29,0.36,0.46,0.51,2
3341,2,0.23,0.3,0.36,0.49,0.62,1
3342,1,0.27,0.43,0.47,0.61,0.68,1
3343,5,0.05,0.08,0.13,0.24,0.31,1
3344,3,0.07,0.16,0.29,0.41,0.59,1
3345,5,0.04,0.05,0.08,0.13,0.26,1
3346,4,0.12,0.14,0.21,0.33,0.46,1
3347,2,0.22,0.3,0.37,0.47,0.54,2
3348,5,0.07,0.09,0.14,0.21,0.34,1
3349,4,0.06,0.13,0.21,0.34,0.44,1
3350,4,0.05,0.09,0.2,0.35,0.43,1
3351,4,0.04,0.1,0.15,0.29,0.38,1
3352,5,0.04,0.06,0.1,0.19,0.26,1
3353,2,0.18,0.29,0.38,0.45,0.54,1
3354,1,0.35,0.48,0.56,0.64,0.7,1
3355,2,0.22,0.31,0.43,0.53,0.65,1
3356,3,0.11,0.19,0.26,0.35,0.44,2
3357,2,0.16,0.29,0.38,0.53,0.66,1
3358,4,0.08,0.13,0.22,0.32,0.44,1
3359,4,0.07,0.11,0.22,0.34,0.41,2
3360,4,0.06,0.1,0.2,0.35,0.54,1
3361,3,0.15,0.21,0.28,0.4,0.49,1
3362,2,0.17,0.29,0.38,0.42,0.52,2
3363,3,0.12,0.2,0.31,0.45,0.64,1
3364,1,0.3,0.46,0.61,0.67,0.79,1
3365,4,0.1,0.15,0.26,0.32,0.42,1
3366,1,0.33,0.48,0.65,0.75,0.82,1
3367,4,0.07,0.13,0.22,0.31,0.47,1
3368,3,0.16,0.18,0.29,0.42,0.49,1
3369,4,0.12,0.18,0.27,0.32,0.46,1
3370,2,0.23,0.33,0.43,0.58,0.69,1
3371,5,0.04,0.06,0.1,0.18,0.28,1
3372,5,0.04,0.06,0.09,0.18,0.34,1
3373,4,0.06,0.14,0.17,0.33,0.45,1
3374,5,0.08,0.12,0.16,0.23,0.3,1
3375,3,0.14,0.26,0.31,0.41,0.47,1
3376,3,0.09,0.18,0.33,0.42,0.5,1
3377,2,0.16,0.28,0.44,0.51,0.64,1
3378,5,0.04,0.08,0.1,0.16,0.31,1
3379,1,0.25,0.35,0.44,0.56,0.68,1
3380,1,0.3,0.45,0.59,0.67,0.77,1
3381,5,0.05,0.07,0.1,0.17,0.27,1
3382,2,0.25,0.34,0.51,0.67,0.77,1
3383,3,0.17,0.23,0.28,0.32,0.49,1
3384,3,0.15,0.21,0.34,0.4,0.51,1
3385,2,0.18,0.28,0.35,0.45,0.55,1
3386,3,0.17,0.22,0.28,0.35,0.43,2
3387,4,0.06,0.09,0.17,0.27,0.37,1
3388,4,0.08,0.13,0.19,0.31,0.41,1
3389,2,0.19,0.31,0.4,0.52,0.71,1
3390,4,0.05,0.11,0.19,0.27,0.42,3
3391,5,0.03,0.05,0.09,0.16,0.29,2
3392,5,0.07,0.09,0.13,0.16,0.29,1
3393,5,0.04,0.07,0.13,0.18,0.29,1
3394,4,0.09,0.12,0.18,0.33,0.36,1
3395,2,0.2,0.32,0.46,0.58,0.71,1
3396,1,0.28,0.43,0.57,0.7,0.72,1
3397,3,0.15,0.21,0.33,0.44,0.58,1
3398,2,0.21,0.35,0.51,0.56,0.72,1
3399,1,0.33,0.47,0.6,0.69,0.72,1
3400,4,0.1,0.15,0.22,0.27,0.41,1
3401,5,0.04,0.07,0.14,0.24,0.35,1
3402,1,0.27,0.4,0.51,0.64,0.76,1
3403,2,0.2,0.31,0.38,0.5,0.61,1
3404,1,0.34,0.44,0.56,0.63,0.67,1
3405,1,0.25,0.42,0.53,0.64,0.69,1
3406,3,0.21,0.25,0.34,0.45,0.57,3
3407,3,0.1,0.18,0.31,0.4,0.52,1
3408,5,0.05,0.08,0.15,0.24,0.34,1
3409,3,0.11,0.17,0.28,0.39,0.47,1
3410,3,0.16,0.22,0.35,0.45,0.56,1
3411,3,0.11,0.18,0.27,0.35,0.47,1
3412,1,0.27,0.43,0.55,0.64,0.74,1
3413,2,0.22,0.28,0.41,0.56,0.58,1
3414,1,0.31,0.38,0.43,0.56,0.7,2
3415,4,0.07,0.15,0.22,0.31,0.46,1
3416,1,0.26,0.4,0.52,0.62,0.72,1
3417,3,0.17,0.24,0.35,0.38,0.49,1
3418,2,0.19,0.29,0.41,0.51,0.62,1
3419,3,0.11,0.19,0.34,0.45,0.52,1
3420,5,0.06,0.11,0.16,0.24,0.34,1
3421,3,0.08,0.19,0.29,0.36,0.45,1
3422,1,0.27,0.34,0.46,0.56,0.69,1
3423,4,0.07,0.16,0.26,0.33,0.45,2
3424,1,0.29,0.43,0.56,0.71,0.84,1
3425,2,0.2,0.35,0.43,0.56,0.62,1
3426,2,0.17,0.27,0.4,0.54,0.63,1
3427,1,0.28,0.33,0.38,0.48,0.58,1
3428,2,0.21,0.3,0.4,0.46,0.56,1
3429,5,0.07,0.08,0.13,0.23,0.28,1
3430,2,0.27,0.32,0.43,0.54,0.68,1
3431,2,0.21,0.34,0.47,0.63,0.71,3
3432,5,0.05,0.07,0.11,0.18,0.28,1
3433,4,0.09,0.12,0.2,0.28,0.39,1
3434,3,0.16,0.22,0.31,0.38,0.53,1
3435,2,0.19,0.27,0.37,0.45,0.55,1
3436,2,0.15,0.26,0.34,0.42,0.53,1
3437,2,0.18,0.3,0.41,0.49,0.62,1
3438,2,0.2,0.28,0.35,0.52,0.64,1
3439,3,0.15,0.2,0.28,0.35,0.48,1
3440,5,0.03,0.05,0.1,0.18,0.28,1
3441,3,0.15,0.2,0.29,0.42,0.6,1
3442,5,0.03,0.06,0.09,0.14,0.25,1
3443,4,0.07,0.13,0.17,0.28,0.4,1
3444,1,0.26,0.4,0.49,0.63,0.73,1
3445,5,0.05,0.09,0.14,0.22,0.27,1
3446,2,0.18,0.27,0.42,0.59,0.72,2
3447,1,0.25,0.37,0.45,0.55,0.61,1
3448,3,0.14,0.22,0.3,0.36,0.45,1
3449,1,0.33,0.41,0.51,0.62,0.74,1
3450,4,0.06,0.11,0.2,0.32,0.44,1
3451,2,0.18,0.3,0.47,0.59,0.68,1
3452,3,0.11,0.18,0.26,0.37,0.52,1
3453,5,0.05,0.08,0.12,0.21,0.33,1
3454,4,0.08,0.16,0.21,0.25,0.38,1
3455,3,0.09,0.16,0.27,0.36,0.4,1
3456,5,0.07,0.11,0.13,0.15,0.28,1
3457,1,0.35,0.52,0.59,0.65,0.75,1
3458,4,0.1,0.13,0.19,0.33,0.37,1
3459,2,0.2,0.31,0.37,0.46,0.52,1
3460,5,0.06,0.1,0.12,0.18,0.34,1
3461,2,0.24,0.31,0.46,0.62,0.78,1
3462,3,0.12,0.2,0.32,0.45,0.5,1
3463,2,0.22,0.29,0.39,0.49,0.6,2
3464,3,0.19,0.26,0.29,0.43,0.54,1
3465,4,0.13,0.18,0.22,0.31,0.43,1
3466,1,0.29,0.36,0.53,0.64,0.79,1
3467,5,0.04,0.07,0.11,0.22,0.29,1
3468,2,0.26,0.33,0.41,0.51,0.59,1
3469,3,0.09,0.15,0.3,0.41,0.53,1
3470,1,0.27,0.38,0.48,0.61,0.69,1
3471,5,0.05,0.11,0.13,0.16,0.29,1
3472,5,0.05,0.1,0.15,0.17,0.26,1
3473,1,0.27,0.35,0.4,0.51,0.61,1
3474,3,0.15,0.23,0.33,0.41,0.51,1
3475,4,0.05,0.09,0.15,0.28,0.43,3
3476,1,0.3,0.35,0.44,0.61,0.71,1
3477,3,0.15,0.25,0.3,0.41,0.53,1
3478,1,0.33,0.41,0.52,0.62,0.72,1
3479,2,0.2,0.34,0.41,0.55,0.65,1
3480,1,0.33,0.44,0.54,0.7,0.8,1
3481,5,0.06,0.1,0.16,0.2,0.32,2
3482,1,0.35,0.52,0.59,0.62,0.74,1
3483,4,0.18,0.22,0.24,0.3,0.46,1
3484,5,0.05,0.06,0.13,0.16,0.28,1
3485,2,0.14,0.27,0.39,0.57,0.71,1
3486,4,0.08,0.15,0.24,0.31,0.51,1
3487,2,0.18,0.27,0.36,0.51,0.64,1
3488,4,0.03,0.1,0.19,0.31,0.37,1
3489,5,0.06,0.09,0.14,0.22,0.28,1
3490,2,0.21,0.3,0.42,0.45,0.54,1
3491,2,0.21,0.33,0.42,0.54,0.64,1
3492,4,0.08,0.09,0.17,0.26,0.35,1
3493,2,0.27,0.32,0.47,0.59,0.68,1
3494,5,0.03,0.07,0.12,0.18,0.3,1
3495,5,0.06,0.09,0.14,0.22,0.3,1
3496,1,0.27,0.4,0.46,0.57,0.67,1
3497,1,0.29,0.42,0.54,0.66,0.72,1
3498,2,0.19,0.26,0.35,0.49,0.6,1
3499,5,0.06,0.11,0.18,0.21,0.31,1
3500,2,0.2,0.29,0.41,0.53,0.66,1
3501,5,0.06,0.1,0.13,0.17,0.27,1
3502,2,0.22,0.32,0.44,0.55,0.67,1
3503,4,0.09,0.16,0.25,0.33,0.46,2
3504,4,0.09,0.15,0.18,0.3,0.4,2
3505,4,0.06,0.09,0.14,0.26,0.38,2
3506,1,0.34,0.44,0.6,0.7,0.73,1
3507,4,0.04,0.09,0.16,0.29,0.39,1
3508,4,0.09,0.15,0.23,0.3,0.46,2
3509,5,0.05,0.11,0.18,0.24,0.3,1
3510,2,0.2,0.31,0.43,0.46,0.5,1
3511,2,0.18,0.28,0.42,0.56,0.65,1
3512,4,0.04,0.08,0.14,0.25,0.39,1
3513,5,0.05,0.09,0.14,0.21,0.28,2
3514,1,0.26,0.36,0.52,0.57,0.63,1
3515,5,0.06,0.08,0.12,0.19,0.32,1
3516,4,0.05,0.08,0.18,0.26,0.41,1
3517,2,0.14,0.28,0.45,0.53,0.59,1
3518,4,0.04,0.09,0.16,0.26,0.34,1
3519,3,0.1,0.2,0.32,0.42,0.48,1
3520,1,0.27,0.37,0.38,0.45,0.54,1
3521,5,0.05,0.09,0.11,0.2,0.33,1
3522,4,0.08,0.11,0.16,0.3,0.37,1
3523,4,0.06,0.12,0.16,0.29,0.42,1
3524,5,0.06,0.08,0.14,0.21,0.34,1
3525,2,0.25,0.32,0.41,0.47,0.6,1
3526,3,0.14,0.24,0.33,0.45,0.54,1
3527,5,0.05,0.08,0.11,0.2,0.25,1
3528,4,0.09,0.13,0.2,0.27,0.35,1
3529,2,0.16,0.26,0.36,0.41,0.53,2
3530,5,0.07,0.11,0.15,0.22,0.31,1
3531,4,0.09,0.12,0.2,0.31,0.4,1
3532,5,0.08,0.12,0.19,0.25,0.34,1
3533,4,0.08,0.11,0.16,0.3,0.38,1
3534,1,0.32,0.39,0.5,0.65,0.69,1
3535,3,0.09,0.17,0.29,0.37,0.4,2
3536,4,0.07,0.12,0.24,0.31,0.41,1
3537,2,0.17,0.3,0.36,0.48,0.59,1
3538,3,0.1,0.18,0.27,0.37,0.4,1
3539,3,0.13,0.17,0.29,0.39,0.52,1
3540,2,0.21,0.34,0.48,0.55,0.64,1
3541,1,0.33,0.47,0.63,0.7,0.76,1
3542,5,0.03,0.06,0.1,0.17,0.28,2
3543,2,0.16,0.28,0.42,0.56,0.67,1
3544,2,0.11,0.25,0.38,0.53,0.7,1
3545,4,0.07,0.1,0.17,0.26,0.41,1
3546,4,0.08,0.16,0.21,0.31,0.4,1
3547,1,0.29,0.39,0.5,0.68,0.71,1
3548,3,0.12,0.19,0.3,0.44,0.62,1
3549,2,0.22,0.33,0.45,0.51,0.65,2
3550,2,0.19,0.31,0.38,0.52,0.69,1
3551,3,0.14,0.24,0.34,0.49,0.64,1
3552,4,0.12,0.17,0.26,0.33,0.44,1
3553,4,0.07,0.15,0.19,0.25,0.38,1
3554,4,0.05,0.09,0.16,0.31,0.39,1
3555,1,0.32,0.46,0.55,0.66,0.73,1
3556,2,0.26,0.31,0.36,0.5,0.62,1
3557,4,0.08,0.12,0.22,0.26,0.35,1
3558,1,0.33,0.39,0.52,0.68,0.8,1
3559,5,0.04,0.06,0.08,0.15,0.27,1
3560,4,0.12,0.2,0.26,0.33,0.43,1
3561,1,0.33,0.45,0.58,0.69,0.8,1
3562,5,0.05,0.08,0.13,0.23,0.3,1
3563,3,0.16,0.21,0.31,0.46,0.56,1
3564,1,0.29,0.39,0.46,0.51,0.58,1
3565,2,0.23,0.3,0.36,0.47,0.61,1
3566,1,0.34,0.4,0.46,0.49,0.59,1
3567,1,0.32,0.39,0.49,0.58,0.7,1
3568,1,0.33,0.38,0.5,0.62,0.71,1
3569,4,0.11,0.16,0.23,0.35,0.43,1
3570,3,0.13,0.19,0.3,0.43,0.5,1
3571,1,0.28,0.42,0.54,0.66,0.71,1
3572,3,0.15,0.2,0.29,0.43,0.59,1
3573,5,0.04,0.06,0.08,0.16,0.26,1
3574,5,0.04,0.06,0.12,0.16,0.26,1
3575,2,0.2,0.32,0.44,0.51,0.65,1
3576,2,0.22,0.34,0.44,0.64,0.77,1
3577,2,0.23,0.34,0.46,0.59,0.68,1
3578,4,0.07,0.1,0.15,0.26,0.38,1
3579,2,0.18,0.27,0.37,0.53,0.69,1
3580,3,0.1,0.17,0.26,0.36,0.52,1
3581,3,0.16,0.2,0.29,0.33,0.48,1
3582,1,0.31,0.45,0.54,0.68,0.79,1
3583,3,0.12,0.23,0.33,0.4,0.53,1
3584,3,0.12,0.17,0.28,0.38,0.51,1
3585,1,0.26,0.38,0.53,0.6,0.69,1
3586,2,0.23,0.34,0.44,0.56,0.7,1
3587,3,0.14,0.19,0.26,0.34,0.47,1
3588,1,0.31,0.43,0.51,0.61,0.69,1
3589,3,0.14,0.18,0.31,0.41,0.57,1
3590,3,0.15,0.23,0.29,0.42,0.44,1
3591,2,0.24,0.32,0.42,0.59,0.74,1
3592,2,0.17,0.29,0.4,0.5,0.58,2
3593,1,0.33,0.4,0.52,0.61,0.76,1
3594,3,0.14,0.22,0.28,0.39,0.42,1
3595,4,0.11,0.13,0.22,0.31,0.36,1
3596,4,0.07,0.11,0.21,0.31,0.36,1
3597,4,0.08,0.14,0.22,0.33,0.42,1
3598,3,0.09,0.15,0.26,0.35,0.42,1
3599,2,0.19,0.32,0.44,0.57,0.69,1
3600,1,0.33,0.39,0.46,0.55,0.65,1
3601,3,0.09,0.15,0.28,0.33,0.46,1
3602,1,0.32,0.38,0.49,0.61,0.77,1
3603,3,0.18,0.21,0.31,0.41,0.55,1
3604,2,0.22,0.3,0.39,0.51,0.6,1
3605,1,0.29,0.38,0.51,0.59,0.74,1
3606,3,0.12,0.2,0.34,0.42,0.52,1
3607,2,0.16,0.26,0.35,0.49,0.61,1
3608,4,0.09,0.15,0.17,0.28,0.36,1
3609,4,0.04,0.08,0.17,0.27,0.38,1
3610,4,0.06,0.1,0.19,0.3,0.37,1
3611,4,0.13,0.17,0.25,0.34,0.42,1
3612,4,0.07,0.13,0.2,0.3,0.45,2
3613,2,0.16,0.27,0.39,0.51,0.67,1
3614,2,0.24,0.33,0.45,0.54,0.63,1
3615,5,0.04,0.06,0.1,0.14,0.27,1
3616,1,0.26,0.37,0.5,0.58,0.65,1
3617,2,0.25,0.28,0.35,0.44,0.59,2
3618,4,0.1,0.12,0.2,0.31,0.32,1
3619,2,0.24,0.32,0.42,0.57,0.69,1
3620,2,0.21,0.33,0.41,0.51,0.61,1
3621,1,0.32,0.46,0.6,0.68,0.75,1
3622,2,0.15,0.27,0.42,0.59,0.67,1
3623,5,0.06,0.09,0.18,0.22,0.35,1
3624,2,0.2,0.3,0.41,0.56,0.67,1
3625,5,0.05,0.07,0.12,0.19,0.25,1
3626,2,0.14,0.25,0.36,0.4,0.5,1
3627,3,0.13,0.21,0.34,0.46,0.57,1
3628,5,0.04,0.07,0.11,0.2,0.3,2
3629,4,0.06,0.14,0.2,0.35,0.45,1
3630,3,0.09,0.23,0.32,0.39,0.49,2
3631,4,0.09,0.18,0.23,0.35,0.51,1
3632,3,0.17,0.2,0.29,0.37,0.51,2
3633,2,0.22,0.27,0.34,0.44,0.57,2
3634,1,0.26,0.34,0.43,0.48,0.63,1
3635,3,0.1,0.17,0.28,0.44,0.58,1
3636,1,0.29,0.4,0.51,0.66,0.76,1
3637,5,0.06,0.08,0.15,0.22,0.29,2
3638,1,0.35,0.47,0.59,0.69,0.75,1
3639,2,0.19,0.34,0.36,0.47,0.58,1
3640,1,0.34,0.46,0.59,0.65,0.74,1
3641,5,0.04,0.06,0.1,0.16,0.3,1
3642,1,0.32,0.4,0.47,0.56,0.72,1
3643,2,0.17,0.25,0.41,0.51,0.64,1
3644,3,0.16,0.23,0.31,0.47,0.6,1
3645,2,0.17,0.28,0.35,0.5,0.61,1
3646,4,0.11,0.16,0.26,0.33,0.4,1
3647,2,0.2,0.31,0.43,0.49,0.57,1
3648,2,0.19,0.31,0.45,0.59,0.7,1
3649,2,0.16,0.3,0.39,0.43,0.52,1
3650,2,0.23,0.32,0.49,0.5,0.61,1
3651,5,0.05,0.1,0.15,0.21,0.3,1
3652,5,0.05,0.09,0.15,0.23,0.34,1
3653,4,0.12,0.14,0.2,0.28,0.46,1
3654,4,0.07,0.11,0.22,0.26,0.38,1
3655,2,0.25,0.33,0.44,0.57,0.61,1
3656,3,0.11,0.24,0.31,0.46,0.58,2
3657,4,0.12,0.17,0.2,0.29,0.41,1
3658,5,0.02,0.04,0.08,0.18,0.27,1
3659,5,0.03,0.06,0.1,0.18,0.31,1
3660,3,0.17,0.24,0.33,0.4,0.49,1
3661,4,0.06,0.1,0.17,0.26,0.42,1
3662,2,0.21,0.31,0.44,0.55,0.61,1
3663,2,0.2,0.27,0.35,0.43,0.51,1
3664,4,0.07,0.11,0.17,0.31,0.41,1
3665,2,0.22,0.35,0.44,0.53,0.63,1
3666,5,0.04,0.07,0.11,0.22,0.34,1
3667,4,0.07,0.11,0.18,0.29,0.42,1
3668,3,0.15,0.2,0.3,0.42,0.57,2
3669,5,0.05,0.07,0.12,0.24,0.33,1
3670,4,0.08,0.1,0.17,0.31,0.49,2
3671,3,0.15,0.22,0.3,0.44,0.48,1
3672,4,0.07,0.12,0.2,0.27,0.38,1
3673,4,0.06,0.12,0.21,0.29,0.42,1
3674,4,0.07,0.12,0.17,0.26,0.38,1
3675,2,0.23,0.28,0.36,0.46,0.53,2
3676,4,0.09,0.15,0.25,0.32,0.43,4
3677,2,0.15,0.27,0.36,0.49,0.56,1
3678,2,0.23,0.33,0.4,0.54,0.63,1
3679,4,0.06,0.1,0.17,0.29,0.39,1
3680,5,0.05,0.07,0.09,0.18,0.3,1
3681,4,0.08,0.11,0.2,0.34,0.38,1
3682,1,0.26,0.41,0.48,0.64,0.76,1
3683,4,0.07,0.11,0.19,0.26,0.37,1
3684,1,0.35,0.45,0.52,0.64,0.71,1
3685,4,0.09,0.11,0.2,0.3,0.42,1
3686,1,0.31,0.43,0.5,0.62,0.69,1
3687,2,0.21,0.32,0.38,0.48,0.63,2
3688,1,0.3,0.38,0.49,0.61,0.69,2
3689,5,0.04,0.07,0.09,0.13,0.27,1
3690,4,0.11,0.16,0.23,0.31,0.39,1
3691,2,0.19,0.28,0.38,0.52,0.54,1
3692,3,0.08,0.15,0.25,0.43,0.57,1
3693,3,0.1,0.2,0.3,0.43,0.58,1
3694,2,0.21,0.28,0.42,0.52,0.61,1
3695,5,0.05,0.08,0.13,0.2,0.32,1
3696,2,0.25,0.33,0.4,0.47,0.5,2
3697,2,0.18,0.31,0.42,0.48,0.69,1
3698,5,0.03,0.04,0.08,0.17,0.29,1
3699,4,0.08,0.13,0.19,0.32,0.37,1
3700,3,0.11,0.23,0.35,0.48,0.57,1
3701,4,0.05,0.09,0.15,0.27,0.38,1
3702,1,0.25,0.39,0.49,0.58,0.68,1
3703,3,0.15,0.21,0.28,0.38,0.49,1
3704,5,0.04,0.07,0.12,0.18,0.34,1
3705,5,0.04,0.07,0.13,0.19,0.29,1
3706,2,0.17,0.34,0.45,0.52,0.63,1
3707,1,0.33,0.48,0.52,0.59,0.72,1
3708,1,0.27,0.34,0.47,0.55,0.68,1
3709,5,0.05,0.09,0.17,0.22,0.31,1
3710,1,0.26,0.36,0.48,0.66,0.76,1
3711,4,0.1,0.15,0.17,0.28,0.36,2
3712,4,0.08,0.13,0.16,0.27,0.39,1
3713,4,0.11,0.15,0.25,0.34,0.43,1
3714,1,0.31,0.39,0.44,0.57,0.65,1
3715,5,0.05,0.06,0.13,0.19,0.33,1
3716,1,0.34,0.45,0.57,0.65,0.69,1
3717,5,0.03,0.04,0.08,0.15,0.25,1
3718,5,0.09,0.14,0.18,0.25,0.28,1
3719,3,0.09,0.17,0.27,0.41,0.49,1
3720,5,0.03,0.06,0.1,0.16,0.3,1
3721,3,0.16,0.22,0.25,0.35,0.39,1
3722,2,0.15,0.25,0.4,0.5,0.61,2
3723,4,0.09,0.13,0.2,0.32,0.44,1
3724,4,0.1,0.18,0.24,0.29,0.35,1
3725,3,0.1,0.21,0.28,0.38,0.53,1
3726,5,0.06,0.11,0.19,0.23,0.33,1
3727,3,0.16,0.22,0.33,0.38,0.49,1
3728,1,0.35,0.37,0.46,0.55,0.69,1
3729,4,0.08,0.13,0.19,0.31,0.39,1
3730,4,0.08,0.15,0.23,0.33,0.44,1
3731,3,0.07,0.17,0.29,0.38,0.51,2
3732,2,0.21,0.33,0.36,0.44,0.53,1
3733,2,0.21,0.34,0.43,0.58,0.7,1
3734,5,0.05,0.09,0.14,0.2,0.32,1
3735,3,0.13,0.21,0.29,0.37,0.52,1
3736,3,0.15,0.22,0.29,0.37,0.48,1
3737,4,0.08,0.14,0.18,0.33,0.43,2
3738,2,0.21,0.3,0.39,0.45,0.54,1
3739,3,0.13,0.2,0.29,0.41,0.6,1
3740,4,0.05,0.09,0.15,0.31,0.44,1
3741,1,0.32,0.4,0.44,0.55,0.64,1
3742,3,0.17,0.25,0.34,0.37,0.51,1
3743,1,0.31,0.42,0.56,0.68,0.75,1
3744,2,0.26,0.31,0.4,0.59,0.73,1
3745,3,0.09,0.21,0.32,0.39,0.49,1
3746,2,0.17,0.31,0.39,0.52,0.6,2
3747,1,0.32,0.46,0.55,0.69,0.82,1
3748,5,0.05,0.09,0.14,0.21,0.29,1
3749,5,0.04,0.06,0.11,0.2,0.32,1
3750,3,0.1,0.2,0.32,0.43,0.52,1
3751,5,0.05,0.1,0.14,0.25,0.33,1
3752,3,0.15,0.24,0.29,0.42,0.54,1
3753,5,0.05,0.09,0.14,0.18,0.33,1
3754,2,0.21,0.31,0.41,0.56,0.67,1
3755,1,0.32,0.43,0.55,0.64,0.77,1
3756,4,0.11,0.17,0.21,0.35,0.45,1
3757,3,0.1,0.19,0.31,0.47,0.61,1
3758,3,0.13,0.17,0.26,0.43,0.53,1
3759,2,0.16,0.3,0.38,0.49,0.58,1
3760,3,0.16,0.24,0.31,0.35,0.43,1
3761,3,0.14,0.21,0.32,0.44,0.52,1
3762,1,0.35,0.44,0.54,0.62,0.77,1
3763,1,0.3,0.42,0.49,0.65,0.74,1
3764,5,0.07,0.11,0.14,0.23,0.26,1
3765,2,0.17,0.29,0.32,0.37,0.39,1
3766,2,0.15,0.28,0.44,0.52,0.65,1
3767,4,0.11,0.14,0.23,0.33,0.42,1
3768,4,0.09,0.13,0.16,0.3,0.39,1
3769,2,0.16,0.26,0.34,0.4,0.47,1
3770,2,0.2,0.33,0.5,0.57,0.7,3
3771,4,0.08,0.1,0.17,0.29,0.42,1
3772,2,0.17,0.28,0.38,0.48,0.66,1
3773,3,0.09,0.15,0.28,0.39,0.48,1
3774,4,0.09,0.13,0.19,0.26,0.36,1
3775,3,0.13,0.22,0.29,0.36,0.5,1
3776,3,0.12,0.18,0.25,0.39,0.42,1
3777,1,0.35,0.48,0.55,0.69,0.8,1
3778,1,0.28,0.38,0.53,0.65,0.7,1
3779,5,0.06,0.09,0.14,0.18,0.28,1
3780,2,0.24,0.32,0.4,0.55,0.68,1
3781,3,0.09,0.15,0.26,0.37,0.52,1
3782,2,0.21,0.31,0.38,0.49,0.59,2
3783,3,0.12,0.16,0.25,0.36,0.49,1
3784,3,0.1,0.17,0.29,0.37,0.45,1
3785,5,0.12,0.14,0.2,0.24,0.32,1
3786,3,0.15,0.19,0.31,0.4,0.55,1
3787,3,0.14,0.2,0.29,0.37,0.5,2
3788,2,0.23,0.3,0.38,0.47,0.64,1
3789,4,0.09,0.12,0.18,0.26,0.36,1
3790,1,0.3,0.35,0.48,0.63,0.68,2
3791,3,0.07,0.14,0.26,0.37,0.5,1
3792,5,0.02,0.04,0.08,0.15,0.28,1
3793,5,0.03,0.05,0.08,0.13,0.28,1
3794,5,0.05,0.07,0.13,0.2,0.3,1
3795,3,0.11,0.18,0.29,0.41,0.47,1
3796,3,0.1,0.16,0.28,0.34,0.43,1
3797,5,0.02,0.04,0.08,0.13,0.26,1
3798,1,0.29,0.4,0.55,0.64,0.7,1
3799,2,0.17,0.27,0.39,0.48,0.6,1
3800,3,0.16,0.24,0.26,0.36,0.5,1
3801,1,0.34,0.52,0.63,0.78,0.89,1
3802,1,0.33,0.48,0.65,0.76,0.84,2
3803,4,0.08,0.13,0.22,0.32,0.4,1
3804,4,0.08,0.13,0.23,0.3,0.37,1
3805,4,0.09,0.13,0.19,0.31,0.42,1
3806,5,0.05,0.09,0.12,0.18,0.3,1
3807,5,0.04,0.06,0.09,0.19,0.3,1
3808,4,0.07,0.1,0.17,0.3,0.44,2
3809,4,0.09,0.12,0.19,0.29,0.41,1
3810,1,0.27,0.36,0.46,0.52,0.61,1
3811,4,0.06,0.1,0.16,0.33,0.48,1
3812,4,0.09,0.13,0.23,0.35,0.48,1
3813,4,0.1,0.14,0.24,0.34,0.43,1
3814,1,0.3,0.41,0.47,0.59,0.73,1
3815,5,0.04,0.05,0.12,0.17,0.27,1
3816,3,0.14,0.2,0.28,0.37,0.45,1
3817,4,0.06,0.09,0.19,0.27,0.33,1
3818,1,0.32,0.4,0.5,0.64,0.74,1
3819,2,0.14,0.27,0.38,0.48,0.59,1
3820,1,0.35,0.41,0.45,0.57,0.75,1
3821,4,0.1,0.14,0.2,0.28,0.36,1
3822,3,0.11,0.24,0.31,0.45,0.58,1
3823,5,0.05,0.09,0.12,0.21,0.33,1
3824,3,0.11,0.18,0.28,0.37,0.45,1
3825,3,0.14,0.23,0.31,0.38,0.57,1
3826,3,0.12,0.17,0.27,0.35,0.43,1
3827,1,0.32,0.41,0.54,0.65,0.75,1
3828,2,0.23,0.34,0.48,0.61,0.72,1
3829,5,0.08,0.09,0.11,0.21,0.27,1
3830,5,0.06,0.1,0.14,0.22,0.3,1
3831,1,0.26,0.35,0.5,0.55,0.72,1
3832,3,0.17,0.21,0.26,0.34,0.5,1
3833,5,0.04,0.08,0.13,0.19,0.28,1
3834,4,0.08,0.12,0.19,0.29,0.37,1
3835,1,0.3,0.38,0.51,0.65,0.8,1
3836,1,0.35,0.47,0.6,0.7,0.79,1
3837,3,0.13,0.25,0.31,0.42,0.51,1
3838,2,0.25,0.32,0.49,0.64,0.71,1
3839,2,0.19,0.33,0.4,0.52,0.6,1
3840,2,0.21,0.26,0.34,0.41,0.52,1
3841,3,0.1,0.21,0.28,0.37,0.49,1
3842,5,0.05,0.1,0.15,0.22,0.28,1
3843,3,0.1,0.15,0.29,0.32,0.4,1
3844,5,0.05,0.08,0.12,0.21,0.34,2
3845,4,0.1,0.18,0.22,0.3,0.41,1
3846,1,0.29,0.42,0.56,0.63,0.74,1
3847,3,0.12,0.18,0.33,0.45,0.58,1
3848,5,0.06,0.11,0.13,0.21,0.27,1
3849,2,0.16,0.26,0.38,0.46,0.58,1
3850,4,0.07,0.12,0.17,0.32,0.38,1
3851,1,0.31,0.38,0.46,0.52,0.65,1
3852,1,0.34,0.47,0.52,0.6,0.65,1
3853,2,0.2,0.32,0.42,0.57,0.7,1
3854,5,0.04,0.07,0.12,0.17,0.26,2
3855,1,0.3,0.35,0.41,0.57,0.67,1
3856,2,0.21,0.3,0.33,0.39,0.48,1
3857,4,0.06,0.09,0.14,0.27,0.37,2
3858,2,0.24,0.28,0.41,0.57,0.65,1
3859,5,0.05,0.09,0.15,0.25,0.34,1
3860,5,0.05,0.08,0.13,0.18,0.31,1
3861,3,0.12,0.22,0.31,0.46,0.57,1
3862,2,0.15,0.29,0.43,0.58,0.7,1
3863,3,0.14,0.2,0.32,0.41,0.48,1
3864,2,0.2,0.29,0.41,0.51,0.65,1
3865,4,0.08,0.13,0.22,0.31,0.42,1
3866,2,0.18,0.29,0.36,0.48,0.65,2
3867,4,0.04,0.08,0.15,0.29,0.38,3
3868,1,0.27,0.35,0.5,0.58,0.67,1
3869,1,0.31,0.42,0.51,0.57,0.67,1
3870,5,0.04,0.05,0.09,0.17,0.28,1
3871,3,0.11,0.18,0.3,0.44,0.55,1
3872,4,0.06,0.09,0.2,0.3,0.39,1
3873,2,0.21,0.33,0.44,0.58,0.67,1
3874,2,0.23,0.35,0.5,0.6,0.73,1
3875,2,0.23,0.33,0.4,0.55,0.66,1
3876,3,0.09,0.17,0.27,0.38,0.48,1
3877,5,0.04,0.08,0.13,0.19,0.28,1
3878,5,0.04,0.06,0.12,0.21,0.3,1
3879,1,0.3,0.39,0.57,0.66,0.77,1
3880,2,0.17,0.31,0.37,0.52,0.63,1
3881,3,0.17,0.24,0.33,0.4,0.52,1
3882,5,0.03,0.06,0.12,0.21,0.34,1
3883,4,0.1,0.21,0.27,0.32,0.43,1
3884,1,0.35,0.47,0.55,0.67,0.72,1
3885,2,0.23,0.33,0.45,0.53,0.66,2
3886,1,0.31,0.41,0.52,0.61,0.7,1
3887,4,0.06,0.1,0.17,0.29,0.34,1
3888,5,0.03,0.06,0.09,0.17,0.28,1
3889,1,0.27,0.37,0.41,0.51,0.61,1
3890,5,0.04,0.06,0.14,0.21,0.34,1
3891,1,0.27,0.41,0.54,0.67,0.75,1
3892,4,0.09,0.13,0.21,0.29,0.39,1
3893,4,0.09,0.17,0.27,0.31,0.41,1
3894,4,0.09,0.17,0.26,0.31,0.37,1
3895,2,0.21,0.31,0.42,0.52,0.6,1
3896,4,0.06,0.12,0.23,0.33,0.47,1
3897,4,0.08,0.13,0.21,0.31,0.42,1
3898,3,0.16,0.23,0.27,0.36,0.55,1
3899,3,0.08,0.17,0.33,0.5,0.61,2
3900,1,0.32,0.49,0.59,0.7,0.78,2
3901,3,0.12,0.21,0.35,0.5,0.62,1
3902,2,0.23,0.3,0.36,0.45,0.5,1
3903,3,0.15,0.24,0.31,0.37,0.63,1
3904,1,0.28,0.39,0.43,0.56,0.71,1
3905,4,0.1,0.13,0.21,0.34,0.4,2
3906,4,0.08,0.15,0.21,0.3,0.35,1
3907,1,0.27,0.35,0.46,0.57,0.69,1
3908,2,0.23,0.34,0.47,0.57,0.74,1
3909,3,0.11,0.16,0.25,0.37,0.44,1
3910,3,0.15,0.24,0.34,0.42,0.52,1
3911,2,0.25,0.33,0.39,0.47,0.58,1
3912,1,0.28,0.35,0.47,0.61,0.69,1
3913,5,0.06,0.09,0.13,0.18,0.27,1
3914,1,0.33,0.47,0.54,0.68,0.78,1
3915,1,0.27,0.37,0.47,0.54,0.63,1
3916,1,0.32,0.44,0.51,0.69,0.74,1
3917,1,0.27,0.36,0.45,0.51,0.64,1
3918,4,0.12,0.14,0.24,0.35,0.44,1
3919,5,0.05,0.07,0.12,0.21,0.3,1
3920,5,0.06,0.1,0.14,0.2,0.29,1
3921,4,0.04,0.09,0.16,0.31,0.44,1
3922,1,0.27,0.35,0.49,0.59,0.71,1
3923,3,0.17,0.25,0.33,0.44,0.59,1
3924,4,0.07,0.09,0.14,0.25,0.37,1
3925,1,0.31,0.36,0.46,0.61,0.68,1
3926,2,0.21,0.29,0.4,0.59,0.68,1
3927,1,0.34,0.42,0.52,0.57,0.71,1
3928,4,0.06,0.1,0.18,0.29,0.43,1
3929,1,0.31,0.37,0.5,0.6,0.7,1
3930,2,0.2,0.35,0.48,0.59,0.72,2
3931,4,0.06,0.1,0.16,0.27,0.37,1
3932,2,0.2,0.28,0.34,0.44,0.57,1
3933,3,0.2,0.26,0.33,0.45,0.58,2
3934,2,0.18,0.29,0.43,0.52,0.67,1
3935,1,0.32,0.43,0.58,0.69,0.77,1
3936,3,0.16,0.23,0.35,0.44,0.6,1
3937,5,0.03,0.06,0.08,0.16,0.27,1
3938,2,0.26,0.33,0.48,0.69,0.78,1
3939,2,0.24,0.3,0.34,0.46,0.62,1
3940,2,0.15,0.29,0.36,0.48,0.56,2
3941,4,0.09,0.14,0.2,0.31,0.36,1
3942,1,0.32,0.44,0.64,0.75,0.8,1
3943,3,0.16,0.22,0.3,0.36,0.47,1
3944,5,0.07,0.09,0.13,0.24,0.3,1
3945,4,0.08,0.14,0.19,0.31,0.43,1
3946,2,0.19,0.31,0.39,0.49,0.63,1
3947,2,0.16,0.27,0.38,0.46,0.53,1
3948,4,0.1,0.14,0.2,0.29,0.37,1
3949,2,0.19,0.27,0.37,0.49,0.53,1
3950,3,0.13,0.21,0.33,0.44,0.6,1
3951,3,0.08,0.16,0.26,0.37,0.5,1
3952,4,0.06,0.1,0.17,0.29,0.39,1
3953,4,0.11,0.14,0.22,0.34,0.39,1
3954,3,0.14,0.23,0.29,0.41,0.51,2
3955,5,0.04,0.05,0.13,0.17,0.29,1
3956,4,0.06,0.12,0.21,0.28,0.38,1
3957,5,0.03,0.06,0.1,0.19,0.28,1
3958,2,0.24,0.34,0.44,0.55,0.62,1
3959,2,0.13,0.25,0.43,0.61,0.69,2
3960,1,0.32,0.41,0.49,0.6,0.72,1
3961,2,0.14,0.26,0.38,0.48,0.59,1
3962,5,0.03,0.07,0.1,0.17,0.28,1
3963,1,0.3,0.43,0.52,0.59,0.67,1
3964,5,0.06,0.12,0.17,0.26,0.33,1
3965,5,0.04,0.07,0.1,0.16,0.26,1
3966,4,0.08,0.1,0.2,0.34,0.38,1
3967,1,0.34,0.45,0.58,0.7,0.8,1
3968,1,0.27,0.34,0.44,0.55,0.68,1
3969,3,0.13,0.21,0.3,0.43,0.51,1
3970,4,0.03,0.08,0.16,0.27,0.35,1
3971,3,0.1,0.17,0.31,0.42,0.54,1
3972,1,0.31,0.43,0.57,0.66,0.81,1
3973,3,0.11,0.17,0.25,0.35,0.42,1
3974,5,0.05,0.09,0.12,0.19,0.33,1
3975,3,0.11,0.21,0.32,0.42,0.52,1
3976,5,0.03,0.05,0.08,0.17,0.27,1
3977,2,0.24,0.32,0.37,0.49,0.61,1
3978,1,0.32,0.41,0.48,0.51,0.6,1
3979,1,0.3,0.35,0.37,0.43,0.52,1
3980,1,0.28,0.35,0.39,0.51,0.63,1
3981,2,0.21,0.31,0.46,0.55,0.72,1
3982,3,0.13,0.24,0.34,0.4,0.54,1
3983,5,0.04,0.08,0.13,0.24,0.34,1
3984,5,0.05,0.08,0.12,0.18,0.25,2
3985,4,0.05,0.11,0.17,0.27,0.4,2
3986,1,0.33,0.49,0.57,0.69,0.73,1
3987,4,0.05,0.08,0.2,0.3,0.36,1
3988,1,0.26,0.34,0.48,0.58,0.7,1
3989,1,0.32,0.49,0.6,0.67,0.78,1
3990,3,0.15,0.24,0.34,0.48,0.57,1
3991,5,0.05,0.08,0.15,0.22,0.33,1
3992,1,0.31,0.38,0.51,0.65,0.77,2
3993,2,0.2,0.33,0.45,0.52,0.67,1
3994,4,0.07,0.12,0.2,0.33,0.51,1
3995,3,0.11,0.18,0.26,0.39,0.53,1
3996,4,0.07,0.11,0.2,0.32,0.41,1
3997,3,0.07,0.13,0.25,0.35,0.45,1
3998,4,0.1,0.16,0.26,0.33,0.42,1
3999,1,0.32,0.41,0.54,0.68,0.74,2
4000,4,0.07,0.12,0.25,0.33,0.4,1
4001,4,0.1,0.17,0.21,0.27,0.36,1
4002,3,0.1,0.21,0.33,0.44,0.57,1
4003,5,0.07,0.08,0.11,0.2,0.29,1
4004,3,0.13,0.18,0.31,0.35,0.45,1
4005,1,0.34,0.46,0.5,0.56,0.66,1
4006,4,0.07,0.09,0.14,0.28,0.4,1
4007,4,0.11,0.16,0.2,0.27,0.38,1
4008,1,0.35,0.51,0.69,0.75,0.82,1
4009,2,0.17,0.27,0.35,0.4,0.52,1
4010,3,0.22,0.26,0.33,0.41,0.54,2
4011,5,0.05,0.07,0.08,0.2,0.35,1
4012,3,0.12,0.22,0.33,0.43,0.55,1
4013,5,0.08,0.13,0.18,0.23,0.33,1
4014,3,0.14,0.21,0.34,0.42,0.54,2
4015,2,0.24,0.3,0.4,0.49,0.61,1
4016,5,0.03,0.04,0.09,0.19,0.28,1
4017,4,0.06,0.1,0.16,0.3,0.4,1
4018,3,0.16,0.22,0.33,0.39,0.53,1
4019,1,0.28,0.41,0.5,0.58,0.7,1
4020,1,0.28,0.33,0.53,0.66,0.79,1
4021,1,0.32,0.36,0.49,0.62,0.74,1
4022,4,0.09,0.12,0.2,0.28,0.39,2
4023,4,0.09,0.16,0.21,0.3,0.4,1
4024,3,0.07,0.16,0.28,0.4,0.45,1
4025,4,0.05,0.08,0.15,0.27,0.36,1
4026,2,0.16,0.27,0.33,0.45,0.59,1
4027,1,0.31,0.42,0.55,0.6,0.72,1
4028,5,0.03,0.06,0.14,0.22,0.3,1
4029,5,0.05,0.07,0.15,0.19,0.29,2
4030,1,0.32,0.46,0.51,0.69,0.76,1
4031,4,0.05,0.08,0.16,0.27,0.39,1
4032,4,0.05,0.11,0.19,0.33,0.48,1
4033,2,0.24,0.35,0.53,0.7,0.78,1
4034,1,0.35,0.42,0.55,0.63,0.71,1
4035,4,0.05,0.09,0.19,0.3,0.43,2
4036,5,0.05,0.07,0.13,0.21,0.3,1
4037,2,0.2,0.32,0.39,0.48,0.6,1
4038,1,0.29,0.37,0.48,0.6,0.64,1
4039,2,0.18,0.3,0.41,0.48,0.59,1
4040,3,0.12,0.25,0.32,0.34,0.47,1
4041,3,0.09,0.15,0.25,0.37,0.47,1
4042,1,0.33,0.48,0.54,0.64,0.79,1
4043,4,0.09,0.11,0.15,0.25,0.4,1
4044,3,0.12,0.17,0.31,0.39,0.54,1
4045,1,0.32,0.47,0.62,0.75,0.84,1
4046,4,0.07,0.13,0.24,0.31,0.43,1
4047,4,0.08,0.14,0.2,0.34,0.49,1
4048,1,0.31,0.48,0.59,0.64,0.71,1
4049,2,0.18,0.32,0.38,0.58,0.66,1
4050,5,0.04,0.08,0.12,0.18,0.3,1
4051,2,0.22,0.29,0.37,0.51,0.66,1
4052,3,0.12,0.21,0.33,0.41,0.52,1
4053,2,0.24,0.31,0.4,0.51,0.66,1
4054,2,0.16,0.27,0.35,0.46,0.6,1
4055,5,0.11,0.15,0.23,0.25,0.32,1
4056,3,0.07,0.13,0.27,0.39,0.45,2
4057,4,0.09,0.13,0.2,0.31,0.47,1
4058,4,0.1,0.16,0.21,0.3,0.45,1
4059,4,0.07,0.11,0.23,0.34,0.5,1
4060,3,0.16,0.22,0.27,0.35,0.41,1
4061,1,0.33,0.48,0.5,0.62,0.69,2
4062,5,0.06,0.08,0.15,0.18,0.3,1
4063,4,0.07,0.13,0.22,0.32,0.38,3
4064,4,0.11,0.17,0.2,0.32,0.49,1
4065,5,0.06,0.08,0.16,0.21,0.3,2
4066,5,0.04,0.06,0.1,0.17,0.27,1
4067,1,0.29,0.39,0.52,0.62,0.7,1
4068,4,0.09,0.15,0.16,0.28,0.33,2
4069,3,0.11,0.21,0.31,0.39,0.55,1
4070,2,0.17,0.29,0.37,0.5,0.62,1
4071,2,0.26,0.31,0.36,0.48,0.62,1
4072,2,0.16,0.26,0.4,0.47,0.55,1
4073,4,0.09,0.1,0.17,0.27,0.39,1
4074,4,0.06,0.11,0.18,0.27,0.35,1
4075,5,0.12,0.15,0.2,0.23,0.33,1
4076,5,0.05,0.07,0.12,0.17,0.3,1
4077,5,0.03,0.06,0.12,0.2,0.29,1
4078,3,0.12,0.22,0.32,0.4,0.53,1
4079,3,0.13,0.23,0.34,0.45,0.6,1
4080,1,0.3,0.46,0.61,0.72,0.8,1
4081,1,0.3,0.44,0.55,0.65,0.77,1
4082,1,0.32,0.4,0.55,0.63,0.76,1
4083,4,0.07,0.15,0.21,0.34,0.47,1
4084,4,0.07,0.1,0.15,0.26,0.35,1
4085,5,0.07,0.12,0.17,0.24,0.32,1
4086,1,0.27,0.42,0.58,0.65,0.76,1
4087,3,0.18,0.21,0.27,0.35,0.44,1
4088,3,0.18,0.2,0.26,0.36,0.49,1
4089,5,0.07,0.1,0.14,0.23,0.32,1
4090,2,0.21,0.34,0.44,0.56,0.64,1
4091,4,0.05,0.06,0.15,0.29,0.41,1
4092,5,0.02,0.05,0.07,0.15,0.31,1
4093,4,0.09,0.16,0.23,0.33,0.42,1
4094,1,0.26,0.41,0.52,0.6,0.74,1
4095,2,0.2,0.34,0.39,0.52,0.6,2
4096,5,0.07,0.11,0.15,0.23,0.31,1
4097,4,0.05,0.1,0.18,0.31,0.39,1
4098,2,0.16,0.33,0.4,0.47,0.59,1
4099,2,0.15,0.32,0.35,0.5,0.65,1
4100,1,0.28,0.32,0.44,0.59,0.69,1
4101,5,0.06,0.07,0.14,0.23,0.27,1
4102,4,0.06,0.13,0.21,0.31,0.42,2
4103,4,0.08,0.14,0.2,0.28,0.35,1
4104,3,0.16,0.24,0.33,0.48,0.61,1
4105,2,0.25,0.34,0.47,0.59,0.7,1
4106,2,0.24,0.35,0.42,0.49,0.52,1
4107,2,0.19,0.28,0.35,0.5,0.58,1
4108,5,0.04,0.06,0.08,0.17,0.25,1
4109,1,0.3,0.4,0.48,0.59,0.72,1
4110,4,0.04,0.08,0.14,0.27,0.39,1
4111,2,0.22,0.34,0.41,0.47,0.64,1
4112,3,0.08,0.13,0.27,0.35,0.48,1
4113,4,0.06,0.1,0.17,0.25,0.35,1
4114,2,0.19,0.3,0.42,0.46,0.54,1
4115,1,0.26,0.4,0.47,0.61,0.7,2
4116,1,0.29,0.38,0.48,0.57,0.68,1
4117,3,0.14,0.22,0.31,0.41,0.49,1
4118,5,0.03,0.05,0.08,0.15,0.27,1
4119,3,0.13,0.19,0.29,0.38,0.47,2
4120,3,0.1,0.21,0.29,0.38,0.47,1
4121,4,0.09,0.13,0.16,0.27,0.34,1
4122,5,0.05,0.09,0.1,0.16,0.26,1
4123,3,0.11,0.2,0.31,0.44,0.55,1
4124,2,0.19,0.25,0.35,0.49,0.64,1
4125,2,0.18,0.28,0.39,0.5,0.63,1
4126,4,0.07,0.09,0.17,0.25,0.4,1
4127,2,0.27,0.3,0.37,0.47,0.58,1
4128,2,0.15,0.32,0.5,0.57,0.7,1
4129,2,0.24,0.35,0.48,0.61,0.72,1
4130,2,0.15,0.26,0.36,0.57,0.69,1
4131,3,0.09,0.14,0.28,0.36,0.46,1
4132,5,0.03,0.06,0.1,0.18,0.25,1
4133,3,0.11,0.21,0.32,0.43,0.49,1
4134,2,0.27,0.32,0.42,0.55,0.74,1
4135,5,0.04,0.07,0.1,0.16,0.29,1
4136,3,0.11,0.19,0.26,0.34,0.44,1
4137,5,0.05,0.09,0.1,0.19,0.32,1
4138,2,0.19,0.31,0.41,0.5,0.7,1
4139,3,0.15,0.23,0.35,0.44,0.56,1
4140,1,0.29,0.4,0.54,0.66,0.75,1
4141,3,0.09,0.13,0.26,0.39,0.55,1
4142,4,0.08,0.14,0.21,0.27,0.37,1
4143,3,0.1,0.22,0.3,0.35,0.47,1
4144,2,0.19,0.31,0.42,0.51,0.64,1
4145,5,0.03,0.05,0.12,0.21,0.3,1
4146,2,0.24,0.34,0.45,0.55,0.68,1
4147,2,0.16,0.26,0.41,0.49,0.61,1
4148,5,0.05,0.13,0.17,0.23,0.32,1
4149,3,0.14,0.21,0.28,0.4,0.51,1
4150,4,0.07,0.12,0.18,0.35,0.44,1
4151,3,0.09,0.16,0.26,0.4,0.44,1
4152,1,0.28,0.34,0.41,0.51,0.66,1
4153,5,0.05,0.07,0.12,0.16,0.32,1
4154,1,0.3,0.44,0.55,0.62,0.67,2
4155,3,0.15,0.2,0.35,0.47,0.53,1
4156,2,0.2,0.32,0.45,0.55,0.72,1
4157,3,0.11,0.14,0.3,0.37,0.51,1
4158,4,0.09,0.16,0.25,0.33,0.42,1
4159,5,0.05,0.08,0.13,0.2,0.25,1
4160,3,0.14,0.21,0.31,0.42,0.51,1
4161,5,0.04,0.08,0.12,0.23,0.32,2
4162,3,0.12,0.22,0.34,0.43,0.55,1
4163,2,0.17,0.31,0.41,0.48,0.65,1
4164,1,0.28,0.45,0.58,0.69,0.82,1
4165,4,0.1,0.15,0.23,0.33,0.39,1
4166,2,0.19,0.26,0.38,0.47,0.56,2
4167,3,0.14,0.21,0.28,0.41,0.52,1
4168,2,0.19,0.31,0.36,0.51,0.59,1
4169,1,0.34,0.42,0.49,0.58,0.68,1
4170,5,0.06,0.09,0.12,0.18,0.3,1
4171,2,0.18,0.28,0.36,0.45,0.59,1
4172,2,0.24,0.35,0.45,0.6,0.68,1
4173,5,0.04,0.07,0.11,0.18,0.27,1
4174,1,0.33,0.44,0.58,0.71,0.8,1
4175,5,0.02,0.05,0.09,0.14,0.26,1
4176,4,0.05,0.09,0.16,0.3,0.41,1
4177,3,0.11,0.19,0.32,0.47,0.54,1
4178,5,0.06,0.08,0.11,0.18,0.29,1
4179,3,0.15,0.21,0.28,0.34,0.4,1
4180,1,0.29,0.36,0.51,0.61,0.72,1
4181,3,0.14,0.19,0.3,0.39,0.48,1
4182,3,0.11,0.2,0.31,0.37,0.52,1
4183,2,0.22,0.31,0.36,0.45,0.5,1
4184,2,0.21,0.28,0.34,0.46,0.59,1
4185,3,0.18,0.22,0.34,0.41,0.52,1
4186,5,0.06,0.09,0.13,0.19,0.26,1
4187,1,0.27,0.33,0.42,0.53,0.65,1
4188,5,0.07,0.12,0.15,0.22,0.31,1
4189,4,0.08,0.15,0.2,0.31,0.41,1
4190,2,0.23,0.3,0.47,0.64,0.74,1
4191,3,0.13,0.18,0.32,0.47,0.62,1
4192,4,0.05,0.08,0.17,0.27,0.36,1
4193,1,0.29,0.42,0.57,0.66,0.78,2
4194,2,0.25,0.32,0.47,0.57,0.73,1
4195,3,0.15,0.21,0.35,0.43,0.5,1
4196,5,0.03,0.05,0.09,0.16,0.28,1
4197,3,0.13,0.21,0.31,0.39,0.46,1
4198,3,0.14,0.19,0.31,0.4,0.51,1
4199,2,0.22,0.35,0.48,0.52,0.64,1
4200,4,0.12,0.18,0.24,0.31,0.41,1
4201,2,0.23,0.31,0.35,0.48,0.6,1
4202,5,0.04,0.05,0.1,0.17,0.27,1
4203,2,0.14,0.3,0.39,0.47,0.58,1
4204,3,0.16,0.25,0.34,0.42,0.5,1
4205,5,0.04,0.07,0.11,0.19,0.34,1
4206,2,0.26,0.32,0.47,0.54,0.67,1
4207,4,0.04,0.09,0.14,0.26,0.35,1
4208,3,0.17,0.22,0.28,0.37,0.52,1
4209,5,0.05,0.08,0.13,0.15,0.3,2
4210,5,0.04,0.08,0.12,0.18,0.3,1
4211,3,0.17,0.21,0.32,0.38,0.5,1
4212,3,0.17,0.2,0.26,0.34,0.4,1
4213,5,0.07,0.11,0.18,0.25,0.32,1
4214,4,0.09,0.15,0.21,0.27,0.4,1
4215,5,0.03,0.06,0.09,0.16,0.27,1
4216,1,0.31,0.44,0.51,0.64,0.75,1
4217,4,0.07,0.09,0.19,0.27,0.36,1
4218,5,0.04,0.07,0.12,0.2,0.28,2
4219,1,0.32,0.37,0.43,0.57,0.64,1
4220,2,0.23,0.33,0.41,0.48,0.61,2
4221,5,0.08,0.11,0.13,0.16,0.29,1
4222,5,0.04,0.06,0.08,0.19,0.32,1
4223,3,0.17,0.21,0.31,0.38,0.55,1
4224,2,0.24,0.35,0.4,0.49,0.55,1
4225,5,0.03,0.06,0.1,0.22,0.31,1
4226,3,0.1,0.2,0.3,0.39,0.48,1
4227,2,0.2,0.33,0.43,0.55,0.68,1
4228,1,0.35,0.43,0.55,0.72,0.77,1
4229,4,0.08,0.11,0.19,0.31,0.4,2
4230,1,0.29,0.4,0.54,0.66,0.74,1
4231,2,0.14,0.26,0.39,0.44,0.54,2
4232,3,0.13,0.22,0.28,0.44,0.59,1
4233,4,0.08,0.12,0.16,0.25,0.37,1
4234,4,0.09,0.12,0.15,0.28,0.42,1
4235,3,0.1,0.17,0.29,0.47,0.58,1
4236,1,0.29,0.38,0.44,0.5,0.64,1
4237,2,0.18,0.25,0.35,0.47,0.65,2
4238,2,0.22,0.31,0.43,0.55,0.63,1
4239,2,0.25,0.33,0.44,0.57,0.66,1
4240,4,0.08,0.12,0.22,0.32,0.38,1
4241,2,0.23,0.35,0.44,0.54,0.68,1
4242,4,0.1,0.14,0.19,0.28,0.44,1
4243,4,0.07,0.11,0.18,0.33,0.44,1
4244,4,0.06,0.1,0.2,0.32,0.43,1
4245,2,0.23,0.32,0.52,0.6,0.66,1
4246,3,0.13,0.21,0.33,0.44,0.56,1
4247,4,0.03,0.07,0.13,0.25,0.35,1
4248,1,0.34,0.41,0.46,0.53,0.64,1
4249,2,0.19,0.32,0.45,0.59,0.69,1
4250,3,0.11,0.21,0.28,0.39,0.54,1
4251,5,0.05,0.08,0.14,0.24,0.31,1
4252,2,0.24,0.35,0.45,0.54,0.64,1
4253,1,0.27,0.38,0.46,0.55,0.65,1
4254,5,0.04,0.06,0.08,0.18,0.27,1
4255,2,0.21,0.29,0.42,0.52,0.57,1
4256,1,0.29,0.4,0.52,0.59,0.72,1
4257,4,0.05,0.09,0.16,0.29,0.39,1
4258,5,0.06,0.09,0.16,0.21,0.3,1
4259,1,0.3,0.44,0.55,0.64,0.75,1
4260,2,0.14,0.28,0.34,0.4,0.55,1
4261,3,0.15,0.2,0.28,0.36,0.47,1
4262,4,0.08,0.14,0.21,0.27,0.41,2
4263,4,0.07,0.12,0.2,0.3,0.39,1
4264,1,0.3,0.39,0.47,0.56,0.65,1
4265,5,0.04,0.06,0.13,0.2,0.31,2
4266,2,0.17,0.33,0.45,0.54,0.61,1
4267,3,0.1,0.19,0.29,0.34,0.37,1
4268,2,0.22,0.26,0.36,0.45,0.52,1
4269,3,0.09,0.18,0.3,0.45,0.55,1
4270,5,0.05,0.08,0.13,0.2,0.28,1
4271,1,0.34,0.52,0.66,0.71,0.78,1
4272,5,0.04,0.06,0.1,0.17,0.29,1
4273,1,0.34,0.54,0.73,0.79,0.88,1
4274,1,0.32,0.39,0.53,0.62,0.7,1
4275,1,0.34,0.46,0.61,0.69,0.76,1
4276,1,0.3,0.32,0.43,0.53,0.64,1
4277,5,0.02,0.03,0.06,0.13,0.26,1
4278,2,0.13,0.3,0.44,0.56,0.7,1
4279,1,0.3,0.37,0.48,0.61,0.71,1
4280,4,0.08,0.18,0.26,0.32,0.38,1
4281,3,0.1,0.19,0.28,0.37,0.45,1
4282,5,0.04,0.08,0.13,0.17,0.28,1
4283,4,0.09,0.13,0.22,0.31,0.39,1
4284,2,0.18,0.29,0.36,0.46,0.55,1
4285,5,0.06,0.09,0.14,0.2,0.27,1
4286,1,0.3,0.4,0.52,0.6,0.72,1
4287,5,0.05,0.06,0.11,0.16,0.26,1
4288,3,0.11,0.19,0.27,0.33,0.43,2
4289,5,0.03,0.05,0.12,0.18,0.29,1
4290,2,0.18,0.3,0.39,0.45,0.55,1
4291,5,0.05,0.07,0.1,0.18,0.34,1
4292,4,0.07,0.1,0.19,0.31,0.45,1
4293,5,0.03,0.08,0.13,0.17,0.32,1
4294,5,0.05,0.07,0.1,0.17,0.28,1
4295,3,0.14,0.21,0.34,0.47,0.6,1
4296,5,0.04,0.06,0.11,0.19,0.29,1
4297,1,0.29,0.43,0.52,0.6,0.67,1
4298,2,0.21,0.29,0.38,0.47,0.6,1
4299,3,0.06,0.14,0.25,0.36,0.5,1
4300,4,0.11,0.17,0.23,0.34,0.39,1
4301,1,0.26,0.36,0.46,0.59,0.76,1
4302,4,0.06,0.12,0.21,0.28,0.38,3
4303,2,0.2,0.27,0.38,0.47,0.54,1
4304,4,0.07,0.13,0.16,0.27,0.41,1
4305,3,0.08,0.16,0.28,0.36,0.48,1
4306,2,0.18,0.27,0.33,0.39,0.55,1
4307,5,0.04,0.08,0.12,0.19,0.29,1
4308,4,0.08,0.15,0.2,0.26,0.4,1
4309,5,0.06,0.1,0.16,0.19,0.26,2
4310,2,0.19,0.28,0.38,0.47,0.63,1
4311,1,0.27,0.35,0.4,0.5,0.57,1
4312,3,0.1,0.21,0.29,0.38,0.51,1
4313,4,0.09,0.13,0.18,0.31,0.32,1
4314,1,0.32,0.41,0.47,0.52,0.61,1
4315,2,0.16,0.27,0.39,0.5,0.57,1
4316,3,0.13,0.16,0.31,0.4,0.51,1
4317,4,0.04,0.08,0.17,0.28,0.4,1
4318,2,0.17,0.3,0.33,0.38,0.52,1
4319,1,0.26,0.39,0.46,0.56,0.66,1
4320,4,0.08,0.11,0.16,0.27,0.45,1
4321,1,0.33,0.48,0.59,0.69,0.79,1
4322,5,0.04,0.08,0.13,0.15,0.28,1
4323,4,0.1,0.13,0.18,0.33,0.45,1
4324,5,0.06,0.09,0.15,0.2,0.33,1
4325,2,0.22,0.32,0.43,0.55,0.63,1
4326,1,0.28,0.4,0.55,0.65,0.73,1
4327,5,0.04,0.07,0.11,0.17,0.33,1
4328,2,0.23,0.34,0.41,0.5,0.66,2
4329,2,0.2,0.33,0.41,0.52,0.66,1
4330,3,0.07,0.15,0.26,0.35,0.44,1
4331,5,0.06,0.07,0.14,0.2,0.27,1
4332,4,0.11,0.12,0.2,0.31,0.41,1
4333,5,0.07,0.12,0.14,0.24,0.33,1
4334,4,0.07,0.14,0.19,0.32,0.42,1
4335,5,0.04,0.08,0.12,0.23,0.31,1
4336,4,0.08,0.15,0.21,0.31,0.37,1
4337,3,0.15,0.18,0.34,0.48,0.58,1
4338,2,0.16,0.29,0.34,0.45,0.58,2
4339,5,0.08,0.1,0.16,0.21,0.31,1
4340,5,0.05,0.1,0.13,0.22,0.3,1
4341,2,0.2,0.32,0.44,0.56,0.64,1
4342,5,0.04,0.08,0.12,0.17,0.31,1
4343,3,0.13,0.21,0.34,0.45,0.54,2
4344,1,0.26,0.35,0.41,0.53,0.69,1
4345,4,0.09,0.17,0.21,0.3,0.38,1
4346,4,0.06,0.1,0.19,0.27,0.4,1
4347,5,0.05,0.09,0.11,0.16,0.26,1
4348,5,0.04,0.06,0.12,0.18,0.29,1
4349,1,0.27,0.41,0.53,0.6,0.7,1
4350,4,0.06,0.13,0.18,0.27,0.35,2
4351,2,0.14,0.26,0.36,0.51,0.61,1
4352,2,0.14,0.31,0.41,0.59,0.66,1
4353,3,0.16,0.21,0.34,0.43,0.61,1
4354,2,0.19,0.33,0.48,0.55,0.6,1
4355,5,0.02,0.04,0.08,0.15,0.25,1
4356,4,0.07,0.11,0.19,0.33,0.46,2
4357,4,0.09,0.15,0.24,0.33,0.39,1
4358,4,0.07,0.12,0.18,0.31,0.42,1
4359,1,0.35,0.48,0.6,0.74,0.84,1
4360,4,0.11,0.16,0.23,0.33,0.45,1
4361,1,0.28,0.36,0.4,0.5,0.64,1
4362,2,0.23,0.28,0.47,0.56,0.65,1
4363,3,0.1,0.18,0.33,0.43,0.54,1
4364,5,0.03,0.08,0.13,0.2,0.33,1
4365,3,0.1,0.17,0.27,0.39,0.51,1
4366,1,0.28,0.39,0.43,0.53,0.67,1
4367,3,0.11,0.16,0.27,0.39,0.51,1
4368,1,0.33,0.47,0.59,0.75,0.85,1
4369,5,0.04,0.08,0.16,0.19,0.27,1
4370,5,0.03,0.06,0.09,0.16,0.28,1
4371,4,0.11,0.18,0.24,0.33,0.39,1
4372,2,0.22,0.3,0.37,0.47,0.59,1
4373,5,0.03,0.07,0.12,0.2,0.33,1
4374,1,0.34,0.47,0.58,0.74,0.83,1
4375,3,0.14,0.19,0.3,0.36,0.5,1
4376,4,0.09,0.12,0.2,0.29,0.41,1
4377,4,0.08,0.15,0.21,0.33,0.45,2
4378,3,0.18,0.22,0.29,0.42,0.5,1
4379,2,0.18,0.32,0.44,0.51,0.61,1
4380,1,0.32,0.43,0.5,0.62,0.69,1
4381,3,0.14,0.18,0.27,0.36,0.47,2
4382,4,0.06,0.1,0.14,0.33,0.42,1
4383,1,0.3,0.41,0.53,0.66,0.78,1
4384,3,0.11,0.18,0.32,0.47,0.53,1
4385,1,0.33,0.43,0.52,0.68,0.78,1
4386,5,0.04,0.07,0.13,0.23,0.34,1
4387,3,0.12,0.19,0.29,0.33,0.44,1
4388,1,0.33,0.47,0.57,0.68,0.79,1
4389,5,0.02,0.04,0.07,0.13,0.25,1
4390,1,0.29,0.38,0.47,0.54,0.61,1
4391,2,0.21,0.34,0.44,0.59,0.69,2
4392,4,0.04,0.07,0.16,0.31,0.48,1
4393,3,0.1,0.17,0.28,0.41,0.51,1
4394,1,0.26,0.35,0.5,0.62,0.76,1
4395,3,0.15,0.2,0.31,0.44,0.5,1
4396,5,0.05,0.09,0.15,0.22,0.27,1
4397,2,0.22,0.3,0.41,0.5,0.57,1
4398,4,0.05,0.09,0.17,0.29,0.43,1
4399,3,0.17,0.25,0.31,0.4,0.53,1
4400,3,0.16,0.22,0.31,0.45,0.54,1
4401,5,0.02,0.05,0.09,0.16,0.26,1
4402,2,0.11,0.26,0.39,0.52,0.62,1
4403,5,0.08,0.09,0.15,0.22,0.34,2
4404,4,0.07,0.13,0.18,0.32,0.41,1
4405,4,0.09,0.14,0.24,0.35,0.46,2
4406,2,0.19,0.29,0.32,0.44,0.52,1
4407,3,0.1,0.15,0.27,0.37,0.5,1
4408,5,0.08,0.12,0.16,0.23,0.3,1
4409,5,0.04,0.07,0.17,0.22,0.32,2
4410,1,0.27,0.45,0.59,0.72,0.78,1
4411,5,0.04,0.07,0.12,0.22,0.31,1
4412,1,0.3,0.43,0.53,0.68,0.74,1
4413,3,0.13,0.21,0.34,0.4,0.51,2
4414,1,0.27,0.37,0.49,0.59,0.68,1
4415,4,0.07,0.14,0.22,0.31,0.42,2
4416,4,0.13,0.17,0.25,0.34,0.48,2
4417,1,0.35,0.53,0.57,0.69,0.76,1
4418,4,0.14,0.19,0.24,0.33,0.41,1
4419,4,0.1,0.14,0.18,0.26,0.38,1
4420,1,0.29,0.41,0.58,0.71,0.77,1
4421,1,0.27,0.39,0.49,0.62,0.68,1
4422,5,0.05,0.06,0.11,0.21,0.28,2
4423,3,0.1,0.19,0.33,0.42,0.6,1
4424,2,0.18,0.35,0.51,0.61,0.68,1
4425,2,0.2,0.27,0.44,0.57,0.64,1
4426,1,0.27,0.39,0.47,0.58,0.67,1
4427,1,0.28,0.4,0.53,0.65,0.73,1
4428,3,0.14,0.19,0.29,0.38,0.56,2
4429,5,0.04,0.05,0.1,0.19,0.29,1
4430,3,0.08,0.15,0.27,0.42,0.58,1
4431,5,0.04,0.05,0.11,0.16,0.26,2
4432,1,0.32,0.41,0.55,0.7,0.78,1
4433,5,0.03,0.05,0.1,0.17,0.34,2
4434,2,0.22,0.31,0.41,0.56,0.7,1
4435,5,0.04,0.07,0.14,0.2,0.33,1
4436,2,0.16,0.28,0.36,0.45,0.57,1
4437,1,0.25,0.39,0.53,0.64,0.71,2
4438,1,0.31,0.48,0.57,0.65,0.79,1
4439,1,0.31,0.42,0.44,0.54,0.59,2
4440,3,0.14,0.21,0.33,0.46,0.57,1
4441,2,0.2,0.27,0.39,0.48,0.55,1
4442,3,0.11,0.22,0.3,0.4,0.51,2
4443,2,0.16,0.26,0.4,0.48,0.55,2
4444,5,0.05,0.06,0.1,0.18,0.33,1
4445,1,0.28,0.34,0.45,0.49,0.55,1
4446,1,0.31,0.38,0.52,0.66,0.75,1
4447,1,0.29,0.41,0.52,0.64,0.7,1
4448,2,0.23,0.3,0.43,0.49,0.64,2
4449,3,0.12,0.22,0.3,0.35,0.51,1
4450,4,0.07,0.12,0.16,0.27,0.37,3
4451,3,0.13,0.18,0.33,0.49,0.58,2
4452,3,0.14,0.23,0.32,0.48,0.6,1
4453,1,0.3,0.43,0.56,0.66,0.76,1
4454,2,0.18,0.31,0.39,0.59,0.76,1
4455,3,0.1,0.18,0.33,0.38,0.48,1
4456,5,0.02,0.04,0.07,0.12,0.29,1
4457,2,0.25,0.32,0.37,0.48,0.57,1
4458,1,0.27,0.37,0.43,0.46,0.56,1
4459,4,0.09,0.16,0.22,0.33,0.46,1
4460,3,0.15,0.21,0.34,0.43,0.52,1
4461,2,0.25,0.32,0.39,0.5,0.65,1
4462,2,0.22,0.26,0.35,0.47,0.53,1
4463,5,0.03,0.07,0.11,0.17,0.26,2
4464,4,0.09,0.13,0.17,0.3,0.39,1
4465,3,0.12,0.17,0.27,0.38,0.5,1
4466,1,0.32,0.44,0.55,0.6,0.73,1
4467,4,0.06,0.12,0.19,0.32,0.48,2
4468,1,0.32,0.49,0.6,0.7,0.79,1
4469,3,0.13,0.23,0.31,0.44,0.56,2
4470,5,0.1,0.14,0.18,0.24,0.32,1
4471,1,0.26,0.35,0.5,0.66,0.74,1
4472,5,0.11,0.14,0.17,0.24,0.32,1
4473,3,0.11,0.16,0.26,0.35,0.39,2
4474,4,0.09,0.15,0.19,0.27,0.38,1
4475,3,0.13,0.2,0.32,0.42,0.54,1
4476,1,0.29,0.36,0.44,0.56,0.64,1
4477,4,0.09,0.16,0.22,0.3,0.43,1
4478,2,0.19,0.29,0.38,0.42,0.58,1
4479,1,0.3,0.42,0.52,0.63,0.76,1
4480,2,0.21,0.26,0.38,0.5,0.59,1
4481,4,0.08,0.12,0.21,0.34,0.4,1
4482,4,0.19,0.21,0.26,0.31,0.42,2
4483,3,0.13,0.22,0.33,0.42,0.45,1
4484,1,0.33,0.42,0.58,0.68,0.78,1
4485,5,0.07,0.11,0.16,0.23,0.33,1
4486,3,0.07,0.15,0.25,0.37,0.44,1
4487,1,0.32,0.4,0.6,0.66,0.78,1
4488,3,0.12,0.19,0.27,0.41,0.59,1
4489,2,0.18,0.28,0.39,0.56,0.7,4
4490,5,0.05,0.09,0.12,0.19,0.27,1
4491,3,0.08,0.14,0.3,0.4,0.49,1
4492,4,0.1,0.14,0.2,0.3,0.39,1
4493,1,0.34,0.49,0.58,0.68,0.74,1
4494,5,0.05,0.07,0.12,0.18,0.28,1
4495,4,0.15,0.18,0.22,0.3,0.36,1
4496,2,0.2,0.31,0.45,0.61,0.71,1
4497,4,0.08,0.16,0.24,0.34,0.45,1
4498,4,0.06,0.1,0.16,0.32,0.42,2
4499,4,0.07,0.1,0.15,0.28,0.39,1
4500,5,0.04,0.08,0.13,0.18,0.27,1
4501,2,0.16,0.26,0.35,0.5,0.59,2
4502,1,0.29,0.31,0.41,0.49,0.62,2
4503,4,0.05,0.08,0.14,0.25,0.35,1
4504,2,0.2,0.31,0.43,0.57,0.67,1
4505,1,0.26,0.41,0.55,0.65,0.73,1
4506,5,0.05,0.08,0.16,0.19,0.26,1
4507,1,0.26,0.36,0.5,0.62,0.76,1
4508,5,0.07,0.1,0.15,0.25,0.34,2
4509,3,0.09,0.13,0.27,0.4,0.47,1
4510,2,0.19,0.28,0.36,0.44,0.6,1
4511,5,0.05,0.09,0.16,0.25,0.34,1
4512,2,0.17,0.26,0.39,0.5,0.58,1
4513,5,0.03,0.07,0.11,0.18,0.26,1
4514,4,0.11,0.15,0.22,0.31,0.41,1
4515,2,0.23,0.33,0.4,0.48,0.57,1
4516,2,0.18,0.31,0.43,0.53,0.67,1
4517,4,0.07,0.11,0.2,0.3,0.38,3
4518,5,0.05,0.11,0.15,0.2,0.32,1
4519,1,0.27,0.33,0.45,0.51,0.58,1
4520,4,0.06,0.1,0.18,0.28,0.4,1
4521,1,0.33,0.46,0.56,0.67,0.72,1
4522,5,0.06,0.09,0.14,0.22,0.29,1
4523,3,0.12,0.2,0.3,0.4,0.51,1
4524,1,0.28,0.38,0.46,0.56,0.62,1
4525,4,0.08,0.11,0.18,0.26,0.34,1
4526,3,0.1,0.2,0.3,0.39,0.53,1
4527,1,0.29,0.36,0.44,0.63,0.76,1
4528,4,0.09,0.13,0.23,0.34,0.45,1
4529,4,0.11,0.18,0.21,0.29,0.38,1
4530,4,0.06,0.1,0.17,0.32,0.36,1
4531,1,0.33,0.4,0.46,0.55,0.64,1
4532,3,0.11,0.16,0.3,0.42,0.56,1
4533,5,0.05,0.07,0.14,0.18,0.33,1
4534,3,0.13,0.2,0.35,0.46,0.6,1
4535,1,0.29,0.47,0.6,0.71,0.78,1
4536,2,0.21,0.27,0.42,0.54,0.71,1
4537,3,0.15,0.22,0.29,0.44,0.6,1
4538,3,0.14,0.2,0.3,0.34,0.37,1
4539,3,0.14,0.19,0.26,0.36,0.48,3
4540,1,0.32,0.43,0.52,0.62,0.72,1
4541,5,0.03,0.06,0.08,0.19,0.25,1
4542,5,0.05,0.08,0.1,0.18,0.26,1
4543,5,0.04,0.07,0.12,0.21,0.32,1
4544,5,0.04,0.06,0.11,0.16,0.31,1
4545,5,0.02,0.04,0.09,0.16,0.28,1
4546,5,0.03,0.06,0.09,0.14,0.25,1
4547,2,0.2,0.3,0.4,0.56,0.65,2
4548,1,0.28,0.39,0.48,0.64,0.71,1
4549,4,0.05,0.12,0.22,0.3,0.37,1
4550,5,0.05,0.09,0.12,0.17,0.26,1
4551,5,0.05,0.08,0.14,0.2,0.28,1
4552,4,0.05,0.1,0.16,0.26,0.36,1
4553,2,0.2,0.34,0.39,0.48,0.58,1
4554,3,0.13,0.2,0.31,0.47,0.64,1
4555,5,0.04,0.06,0.13,0.2,0.33,1
4556,4,0.11,0.15,0.22,0.32,0.36,1
4557,3,0.09,0.17,0.34,0.41,0.57,1
4558,1,0.35,0.45,0.57,0.68,0.8,1
4559,3,0.09,0.18,0.29,0.43,0.61,1
4560,4,0.06,0.11,0.2,0.27,0.33,1
4561,3,0.13,0.18,0.31,0.42,0.52,1
4562,2,0.18,0.3,0.38,0.5,0.61,1
4563,2,0.18,0.3,0.42,0.55,0.66,1
4564,3,0.17,0.19,0.31,0.46,0.55,1
4565,5,0.07,0.09,0.19,0.26,0.31,1
4566,2,0.16,0.29,0.39,0.53,0.65,1
4567,4,0.06,0.12,0.17,0.28,0.39,1
4568,5,0.03,0.07,0.13,0.17,0.26,1
4569,2,0.2,0.26,0.35,0.48,0.61,1
4570,1,0.31,0.44,0.5,0.6,0.71,1
4571,4,0.06,0.11,0.21,0.3,0.38,1
4572,5,0.06,0.11,0.18,0.23,0.3,1
4573,3,0.12,0.21,0.29,0.43,0.54,1
4574,2,0.2,0.26,0.36,0.43,0.55,1
4575,5,0.07,0.08,0.11,0.15,0.26,1
4576,4,0.08,0.12,0.21,0.27,0.34,2
4577,1,0.3,0.44,0.52,0.62,0.75,1
4578,5,0.05,0.08,0.11,0.24,0.27,1
4579,4,0.1,0.15,0.22,0.31,0.45,1
4580,5,0.05,0.06,0.12,0.18,0.27,2
4581,3,0.09,0.16,0.28,0.34,0.42,1
4582,5,0.03,0.06,0.08,0.14,0.25,1
4583,4,0.08,0.15,0.22,0.31,0.42,1
4584,3,0.13,0.2,0.28,0.41,0.54,1
4585,4,0.06,0.1,0.18,0.3,0.4,1
4586,1,0.32,0.47,0.53,0.64,0.76,1
4587,2,0.21,0.31,0.38,0.45,0.54,1
4588,5,0.03,0.06,0.08,0.12,0.28,1
4589,3,0.08,0.18,0.27,0.41,0.56,1
4590,4,0.07,0.15,0.24,0.27,0.35,1
4591,4,0.09,0.15,0.2,0.28,0.43,1
4592,5,0.06,0.07,0.15,0.17,0.3,1
4593,2,0.15,0.27,0.33,0.49,0.52,1
4594,1,0.26,0.35,0.44,0.57,0.7,1
4595,4,0.06,0.1,0.19,0.35,0.44,1
4596,2,0.24,0.34,0.47,0.57,0.69,1
4597,5,0.05,0.09,0.15,0.22,0.26,1
4598,2,0.21,0.26,0.38,0.58,0.7,1
4599,1,0.3,0.42,0.55,0.64,0.75,1
4600,3,0.11,0.19,0.28,0.4,0.45,1
4601,4,0.05,0.1,0.18,0.26,0.37,1
4602,2,0.18,0.28,0.35,0.44,0.58,1
4603,2,0.14,0.25,0.37,0.49,0.58,1
4604,4,0.04,0.1,0.18,0.27,0.36,1
4605,2,0.2,0.25,0.37,0.49,0.62,1
4606,4,0.07,0.16,0.21,0.32,0.47,1
4607,1,0.33,0.43,0.51,0.64,0.73,1
4608,1,0.33,0.38,0.43,0.5,0.68,1
4609,3,0.1,0.15,0.3,0.37,0.46,1
4610,2,0.16,0.29,0.35,0.44,0.52,1
4611,3,0.18,0.24,0.29,0.39,0.58,1
4612,3,0.08,0.15,0.27,0.4,0.49,1
4613,4,0.08,0.14,0.22,0.28,0.36,1
4614,2,0.19,0.32,0.41,0.59,0.66,1
4615,1,0.3,0.43,0.5,0.66,0.76,1
4616,1,0.29,0.35,0.43,0.52,0.64,1
4617,3,0.12,0.16,0.28,0.41,0.47,1
4618,1,0.26,0.38,0.57,0.72,0.81,1
4619,4,0.08,0.09,0.18,0.26,0.42,1
4620,3,0.12,0.19,0.3,0.36,0.43,1
4621,2,0.16,0.26,0.34,0.46,0.63,1
4622,5,0.06,0.08,0.12,0.22,0.31,1
4623,1,0.28,0.39,0.45,0.56,0.66,1
4624,4,0.08,0.15,0.2,0.29,0.38,1
4625,2,0.23,0.26,0.35,0.43,0.52,2
4626,2,0.25,0.31,0.39,0.47,0.61,1
4627,4,0.08,0.13,0.17,0.33,0.5,1
4628,3,0.09,0.17,0.3,0.44,0.54,1
4629,2,0.15,0.27,0.38,0.49,0.6,1
4630,2,0.27,0.32,0.44,0.59,0.65,1
4631,1,0.29,0.34,0.49,0.59,0.65,1
4632,2,0.19,0.26,0.39,0.52,0.61,1
4633,5,0.06,0.11,0.16,0.18,0.29,1
4634,4,0.05,0.11,0.22,0.3,0.42,1
4635,1,0.34,0.48,0.61,0.73,0.8,2
4636,3,0.18,0.22,0.3,0.38,0.49,1
4637,3,0.11,0.17,0.26,0.46,0.6,1
4638,2,0.19,0.31,0.41,0.54,0.63,1
4639,5,0.04,0.07,0.15,0.22,0.35,1
4640,2,0.21,0.3,0.42,0.53,0.66,1
4641,4,0.09,0.16,0.25,0.33,0.44,1
4642,3,0.11,0.2,0.29,0.41,0.45,1
4643,4,0.1,0.12,0.21,0.32,0.36,1
4644,1,0.27,0.34,0.46,0.51,0.56,1
4645,3,0.15,0.24,0.32,0.42,0.54,3
4646,3,0.15,0.25,0.32,0.41,0.45,1
4647,2,0.22,0.33,0.37,0.44,0.56,1
4648,1,0.3,0.46,0.56,0.67,0.78,1
4649,3,0.1,0.17,0.27,0.37,0.46,1
4650,1,0.34,0.48,0.58,0.65,0.77,1
4651,4,0.07,0.11,0.16,0.26,0.38,1
4652,4,0.14,0.2,0.24,0.34,0.38,1
4653,1,0.3,0.46,0.51,0.65,0.69,1
4654,2,0.25,0.33,0.45,0.56,0.63,1
4655,5,0.03,0.05,0.09,0.17,0.29,1
4656,5,0.05,0.08,0.13,0.21,0.32,1
4657,2,0.22,0.32,0.43,0.54,0.6,1
4658,5,0.07,0.09,0.15,0.21,0.33,1
4659,1,0.26,0.38,0.47,0.59,0.73,1
4660,5,0.04,0.07,0.11,0.2,0.33,2
4661,1,0.3,0.42,0.55,0.63,0.66,1
4662,2,0.25,0.34,0.45,0.56,0.69,1
4663,5,0.03,0.06,0.12,0.21,0.32,2
4664,3,0.12,0.21,0.34,0.47,0.62,2
4665,1,0.33,0.49,0.68,0.78,0.79,1
4666,5,0.05,0.07,0.11,0.18,0.32,1
4667,3,0.08,0.18,0.26,0.34,0.44,1
4668,1,0.28,0.35,0.46,0.6,0.74,2
4669,1,0.3,0.41,0.54,0.62,0.73,1
4670,2,0.23,0.34,0.42,0.53,0.7,1
4671,4,0.04,0.09,0.18,0.26,0.36,1
4672,4,0.06,0.12,0.19,0.29,0.44,1
4673,5,0.09,0.13,0.16,0.25,0.32,2
4674,5,0.06,0.07,0.16,0.24,0.33,1
4675,3,0.15,0.19,0.32,0.43,0.58,1
4676,5,0.05,0.08,0.17,0.22,0.33,2
4677,2,0.19,0.3,0.41,0.52,0.56,1
4678,3,0.1,0.18,0.3,0.46,0.61,1
4679,5,0.05,0.1,0.16,0.24,0.34,1
4680,5,0.08,0.12,0.19,0.25,0.33,1
4681,5,0.04,0.07,0.11,0.22,0.31,1
4682,2,0.23,0.33,0.46,0.62,0.77,1
4683,4,0.07,0.11,0.2,0.26,0.35,1
4684,1,0.32,0.43,0.54,0.66,0.76,1
4685,1,0.33,0.43,0.6,0.71,0.85,1
4686,4,0.06,0.09,0.13,0.27,0.35,1
4687,5,0.04,0.06,0.12,0.19,0.26,1
4688,2,0.19,0.3,0.4,0.48,0.56,1
4689,1,0.31,0.38,0.47,0.59,0.69,1
4690,1,0.31,0.41,0.48,0.54,0.62,1
4691,1,0.33,0.41,0.49,0.62,0.7,1
4692,4,0.09,0.15,0.17,0.26,0.39,1
4693,3,0.08,0.15,0.28,0.39,0.51,2
4694,4,0.05,0.09,0.18,0.3,0.35,1
4695,4,0.11,0.18,0.24,0.31,0.44,3
4696,4,0.07,0.09,0.18,0.3,0.42,2
4697,2,0.22,0.33,0.41,0.5,0.65,1
4698,1,0.3,0.42,0.51,0.6,0.71,1
4699,3,0.09,0.18,0.31,0.38,0.43,1
4700,3,0.1,0.14,0.25,0.35,0.48,1
4701,1,0.27,0.35,0.46,0.58,0.72,1
4702,3,0.13,0.18,0.3,0.36,0.49,1
4703,5,0.04,0.08,0.17,0.25,0.34,1
4704,2,0.19,0.27,0.46,0.53,0.62,1
4705,5,0.04,0.07,0.12,0.22,0.29,1
4706,2,0.23,0.29,0.37,0.46,0.54,1
4707,3,0.11,0.19,0.32,0.42,0.51,1
4708,5,0.06,0.1,0.13,0.24,0.32,1
4709,5,0.04,0.09,0.13,0.18,0.27,1
4710,4,0.1,0.16,0.22,0.31,0.37,1
4711,1,0.28,0.36,0.52,0.66,0.69,1
4712,5,0.02,0.04,0.06,0.17,0.33,1
4713,1,0.28,0.41,0.47,0.63,0.72,1
4714,3,0.15,0.24,0.34,0.43,0.54,1
4715,5,0.04,0.06,0.1,0.2,0.34,1
4716,2,0.14,0.29,0.37,0.44,0.54,2
4717,2,0.24,0.34,0.45,0.52,0.62,1
4718,2,0.18,0.29,0.34,0.46,0.52,1
4719,3,0.12,0.25,0.27,0.39,0.56,1
4720,3,0.12,0.2,0.29,0.39,0.46,2
4721,4,0.06,0.1,0.17,0.29,0.41,1
4722,5,0.06,0.11,0.17,0.25,0.34,1
4723,3,0.07,0.14,0.26,0.42,0.52,1
4724,1,0.33,0.43,0.48,0.62,0.75,1
4725,4,0.13,0.21,0.26,0.32,0.39,1
4726,1,0.28,0.4,0.53,0.66,0.79,1
4727,1,0.28,0.37,0.46,0.59,0.75,1
4728,5,0.04,0.09,0.17,0.23,0.29,1
4729,2,0.19,0.27,0.4,0.5,0.56,1
4730,1,0.28,0.35,0.45,0.55,0.68,1
4731,4,0.05,0.09,0.19,0.3,0.44,2
4732,4,0.09,0.13,0.19,0.31,0.35,1
4733,3,0.14,0.19,0.28,0.34,0.44,1
4734,5,0.06,0.09,0.15,0.23,0.32,1
4735,1,0.29,0.37,0.5,0.59,0.7,1
4736,5,0.06,0.09,0.15,0.24,0.3,1
4737,3,0.14,0.23,0.3,0.43,0.5,1
4738,4,0.08,0.16,0.22,0.32,0.47,1
4739,2,0.18,0.26,0.34,0.44,0.61,3
4740,5,0.07,0.08,0.19,0.27,0.31,1
4741,2,0.21,0.32,0.45,0.57,0.66,1
4742,1,0.35,0.43,0.57,0.64,0.75,1
4743,5,0.06,0.11,0.15,0.21,0.26,1
4744,2,0.17,0.28,0.42,0.5,0.65,1
4745,4,0.11,0.18,0.19,0.3,0.39,1
4746,1,0.3,0.39,0.44,0.51,0.64,1
4747,4,0.14,0.18,0.25,0.33,0.38,2
4748,1,0.32,0.4,0.58,0.71,0.81,1
4749,1,0.3,0.41,0.52,0.71,0.78,1
4750,3,0.15,0.26,0.3,0.44,0.56,1
4751,5,0.06,0.08,0.14,0.21,0.33,1
4752,3,0.12,0.18,0.28,0.4,0.58,1
4753,3,0.12,0.18,0.27,0.39,0.47,1
4754,5,0.05,0.09,0.13,0.21,0.3,1
4755,1,0.33,0.42,0.55,0.62,0.72,1
4756,1,0.31,0.44,0.5,0.65,0.76,1
4757,2,0.18,0.29,0.34,0.41,0.51,2
4758,3,0.08,0.15,0.3,0.41,0.54,1
4759,4,0.11,0.14,0.21,0.32,0.45,1
4760,5,0.04,0.07,0.1,0.14,0.28,1
4761,3,0.16,0.19,0.3,0.47,0.53,1
4762,2,0.22,0.3,0.38,0.45,0.57,1
4763,1,0.3,0.43,0.61,0.69,0.79,1
4764,2,0.17,0.26,0.36,0.43,0.58,1
4765,1,0.34,0.46,0.56,0.67,0.76,1
4766,2,0.21,0.32,0.43,0.45,0.57,1
4767,1,0.26,0.35,0.47,0.59,0.69,1
4768,2,0.2,0.3,0.42,0.5,0.6,1
4769,2,0.14,0.28,0.41,0.52,0.69,1
4770,4,0.07,0.12,0.21,0.35,0.46,1
4771,2,0.21,0.35,0.46,0.57,0.68,1
4772,2,0.19,0.28,0.35,0.45,0.53,2
4773,3,0.11,0.19,0.31,0.43,0.52,1
4774,5,0.06,0.07,0.12,0.18,0.27,1
4775,3,0.1,0.24,0.26,0.38,0.49,2
4776,1,0.25,0.38,0.5,0.57,0.72,2
4777,2,0.2,0.28,0.4,0.47,0.59,1
4778,3,0.07,0.17,0.3,0.45,0.62,1
4779,2,0.24,0.3,0.41,0.56,0.69,1
4780,3,0.12,0.16,0.26,0.36,0.45,1
4781,4,0.08,0.13,0.2,0.28,0.41,1
4782,3,0.12,0.18,0.28,0.41,0.51,1
4783,5,0.05,0.07,0.11,0.17,0.25,1
4784,2,0.23,0.33,0.43,0.52,0.63,1
4785,1,0.29,0.31,0.4,0.49,0.6,1
4786,5,0.06,0.1,0.15,0.18,0.26,1
4787,3,0.13,0.23,0.29,0.4,0.52,2
4788,1,0.34,0.5,0.58,0.65,0.77,2
4789,1,0.33,0.43,0.56,0.72,0.81,1
4790,2,0.22,0.3,0.41,0.56,0.67,1
4791,4,0.12,0.19,0.26,0.32,0.43,1
4792,2,0.15,0.28,0.36,0.46,0.57,1
4793,4,0.07,0.13,0.21,0.31,0.41,1
4794,2,0.17,0.27,0.37,0.53,0.64,2
4795,4,0.06,0.08,0.17,0.26,0.34,1
4796,1,0.34,0.53,0.69,0.72,0.76,1
4797,2,0.14,0.28,0.37,0.43,0.52,1
4798,1,0.33,0.44,0.52,0.64,0.75,1
4799,4,0.05,0.09,0.16,0.28,0.36,1
4800,2,0.18,0.28,0.39,0.5,0.54,1
4801,5,0.02,0.04,0.07,0.15,0.26,1
4802,5,0.04,0.09,0.15,0.22,0.31,1
4803,3,0.12,0.18,0.26,0.34,0.45,3
4804,4,0.08,0.13,0.2,0.27,0.41,1
4805,3,0.14,0.21,0.31,0.39,0.5,1
4806,5,0.06,0.11,0.22,0.25,0.32,1
4807,5,0.05,0.08,0.13,0.19,0.27,1
4808,4,0.07,0.11,0.16,0.27,0.37,1
4809,4,0.08,0.14,0.21,0.34,0.41,1
4810,2,0.18,0.28,0.35,0.43,0.5,1
4811,2,0.23,0.31,0.46,0.52,0.57,1
4812,3,0.12,0.2,0.3,0.37,0.46,1
4813,4,0.06,0.1,0.15,0.26,0.35,2
4814,3,0.12,0.22,0.3,0.37,0.48,1
4815,5,0.04,0.07,0.12,0.19,0.29,1
4816,3,0.12,0.18,0.3,0.39,0.44,1
4817,5,0.05,0.08,0.13,0.22,0.26,1
4818,4,0.08,0.13,0.22,0.33,0.46,1
4819,2,0.24,0.32,0.44,0.53,0.67,1
4820,1,0.29,0.38,0.47,0.58,0.67,1
4821,5,0.06,0.08,0.12,0.23,0.27,1
4822,3,0.12,0.19,0.26,0.34,0.49,1
4823,1,0.31,0.44,0.59,0.7,0.79,1
4824,1,0.29,0.38,0.55,0.69,0.75,1
4825,1,0.26,0.37,0.55,0.67,0.76,1
4826,3,0.12,0.22,0.3,0.39,0.5,1
4827,3,0.12,0.2,0.33,0.47,0.56,1
4828,4,0.04,0.1,0.2,0.33,0.53,1
4829,4,0.06,0.12,0.18,0.26,0.35,2
4830,3,0.08,0.19,0.28,0.33,0.42,1
4831,5,0.04,0.07,0.1,0.17,0.26,1
4832,4,0.08,0.13,0.19,0.31,0.36,1
4833,3,0.09,0.2,0.31,0.38,0.49,1
4834,4,0.07,0.1,0.21,0.3,0.37,1
4835,1,0.28,0.38,0.48,0.57,0.68,1
4836,2,0.18,0.31,0.45,0.57,0.68,1
4837,5,0.04,0.09,0.14,0.19,0.26,1
4838,5,0.05,0.07,0.14,0.21,0.35,1
4839,1,0.32,0.4,0.48,0.56,0.67,1
4840,3,0.1,0.17,0.3,0.41,0.46,1
4841,4,0.12,0.17,0.26,0.32,0.35,1
4842,5,0.04,0.07,0.11,0.17,0.26,1
4843,2,0.18,0.29,0.4,0.47,0.6,1
4844,4,0.09,0.13,0.22,0.27,0.36,1
4845,2,0.21,0.26,0.38,0.51,0.6,1
4846,3,0.09,0.15,0.32,0.42,0.53,1
4847,5,0.04,0.07,0.11,0.18,0.27,2
4848,3,0.19,0.21,0.26,0.39,0.48,1
4849,2,0.17,0.28,0.4,0.5,0.59,1
4850,5,0.04,0.07,0.14,0.21,0.35,1
4851,3,0.08,0.14,0.28,0.36,0.51,1
4852,1,0.29,0.37,0.43,0.49,0.56,1
4853,1,0.27,0.37,0.49,0.61,0.75,1
4854,5,0.06,0.09,0.13,0.2,0.29,1
4855,3,0.13,0.23,0.33,0.39,0.45,1
4856,4,0.06,0.09,0.15,0.26,0.38,1
4857,1,0.32,0.38,0.46,0.53,0.67,1
4858,5,0.08,0.14,0.18,0.24,0.31,1
4859,4,0.08,0.11,0.17,0.28,0.33,1
4860,2,0.24,0.35,0.53,0.61,0.67,1
4861,5,0.1,0.17,0.19,0.22,0.35,1
4862,2,0.21,0.29,0.42,0.51,0.67,1
4863,4,0.08,0.13,0.21,0.29,0.4,1
4864,2,0.22,0.31,0.44,0.58,0.63,1
4865,4,0.11,0.17,0.24,0.33,0.42,1
4866,2,0.22,0.3,0.35,0.52,0.66,1
4867,3,0.14,0.19,0.34,0.48,0.59,1
4868,3,0.11,0.19,0.27,0.35,0.46,1
4869,5,0.08,0.1,0.15,0.24,0.33,1
4870,5,0.04,0.06,0.12,0.22,0.34,1
4871,5,0.03,0.05,0.08,0.15,0.28,1
4872,2,0.23,0.32,0.35,0.5,0.57,3
4873,3,0.12,0.18,0.32,0.47,0.55,3
4874,5,0.04,0.07,0.14,0.25,0.3,1
4875,1,0.26,0.37,0.44,0.48,0.55,1
4876,1,0.28,0.38,0.53,0.59,0.68,2
4877,5,0.07,0.12,0.15,0.23,0.28,1
4878,5,0.04,0.08,0.14,0.19,0.31,1
4879,2,0.17,0.27,0.41,0.52,0.64,1
4880,1,0.31,0.4,0.51,0.65,0.72,1
4881,2,0.23,0.33,0.37,0.42,0.54,1
4882,5,0.03,0.05,0.09,0.15,0.26,1
4883,1,0.34,0.41,0.47,0.59,0.68,1
4884,3,0.09,0.14,0.26,0.34,0.48,1
4885,5,0.04,0.08,0.12,0.18,0.26,1
4886,2,0.21,0.31,0.47,0.53,0.65,1
4887,1,0.28,0.38,0.43,0.53,0.66,1
4888,1,0.34,0.47,0.59,0.75,0.85,1
4889,4,0.11,0.18,0.24,0.25,0.35,1
4890,1,0.31,0.45,0.55,0.63,0.75,1
4891,1,0.3,0.4,0.56,0.65,0.71,1
4892,4,0.05,0.1,0.17,0.28,0.32,1
4893,3,0.14,0.24,0.3,0.43,0.47,1
4894,1,0.35,0.46,0.5,0.65,0.71,1
4895,2,0.2,0.3,0.41,0.57,0.68,2
4896,4,0.08,0.12,0.18,0.28,0.38,1
4897,5,0.04,0.08,0.11,0.19,0.31,1
4898,3,0.08,0.16,0.29,0.4,0.56,1
4899,2,0.18,0.31,0.4,0.48,0.57,2
4900,2,0.16,0.32,0.46,0.57,0.64,3
4901,3,0.16,0.22,0.27,0.36,0.42,1
4902,3,0.09,0.16,0.28,0.42,0.56,2
4903,3,0.1,0.14,0.26,0.41,0.49,1
4904,3,0.1,0.2,0.31,0.39,0.54,1
4905,4,0.09,0.15,0.2,0.26,0.34,1
4906,4,0.06,0.12,0.15,0.31,0.46,1
4907,3,0.12,0.18,0.25,0.42,0.52,1
4908,4,0.1,0.15,0.2,0.32,0.34,1
4909,3,0.11,0.18,0.27,0.35,0.45,1
4910,2,0.2,0.29,0.38,0.45,0.63,1
4911,1,0.32,0.48,0.58,0.68,0.75,1
4912,3,0.18,0.27,0.31,0.44,0.54,1
4913,5,0.07,0.12,0.15,0.23,0.34,1
4914,1,0.35,0.46,0.57,0.61,0.72,1
4915,4,0.08,0.13,0.2,0.27,0.35,1
4916,1,0.25,0.35,0.41,0.52,0.68,1
4917,5,0.05,0.07,0.11,0.22,0.31,1
4918,1,0.34,0.44,0.47,0.62,0.73,2
4919,5,0.05,0.06,0.11,0.18,0.25,1
4920,2,0.16,0.29,0.44,0.51,0.66,1
4921,1,0.3,0.44,0.54,0.66,0.71,1
4922,3,0.17,0.23,0.26,0.36,0.47,1
4923,3,0.1,0.16,0.28,0.33,0.39,1
4924,2,0.26,0.33,0.5,0.64,0.69,1
4925,1,0.29,0.36,0.49,0.56,0.66,1
4926,3,0.17,0.25,0.33,0.41,0.45,3
4927,2,0.19,0.3,0.35,0.48,0.66,1
4928,1,0.33,0.45,0.52,0.67,0.75,1
4929,2,0.22,0.33,0.36,0.43,0.52,2
4930,4,0.05,0.09,0.19,0.31,0.4,1
4931,4,0.1,0.14,0.21,0.33,0.47,1
4932,4,0.07,0.12,0.2,0.32,0.42,1
4933,2,0.23,0.34,0.42,0.53,0.59,1
4934,3,0.17,0.19,0.33,0.46,0.59,1
4935,5,0.04,0.07,0.14,0.2,0.29,1
4936,5,0.03,0.06,0.11,0.2,0.31,1
4937,2,0.19,0.29,0.4,0.52,0.59,1
4938,5,0.04,0.06,0.11,0.2,0.35,1
4939,5,0.04,0.08,0.13,0.23,0.31,1
4940,3,0.08,0.15,0.26,0.37,0.5,1
4941,2,0.21,0.3,0.39,0.48,0.6,1
4942,5,0.07,0.13,0.18,0.25,0.32,2
4943,3,0.14,0.18,0.33,0.45,0.56,2
4944,2,0.24,0.31,0.4,0.53,0.65,1
4945,4,0.04,0.08,0.15,0.27,0.38,1
4946,3,0.2,0.24,0.27,0.35,0.42,1
4947,3,0.12,0.22,0.34,0.39,0.49,1
4948,3,0.12,0.18,0.31,0.42,0.57,2
4949,4,0.14,0.2,0.25,0.33,0.45,1
4950,5,0.03,0.08,0.12,0.19,0.28,1
4951,5,0.09,0.13,0.17,0.21,0.29,1
4952,3,0.11,0.18,0.28,0.4,0.53,1
4953,4,0.1,0.14,0.2,0.29,0.41,1
4954,2,0.22,0.29,0.4,0.47,0.53,1
4955,4,0.1,0.17,0.22,0.31,0.43,1
4956,2,0.17,0.27,0.39,0.5,0.63,1
4957,2,0.18,0.32,0.43,0.55,0.63,2
4958,5,0.03,0.05,0.08,0.14,0.26,1
4959,1,0.34,0.48,0.64,0.74,0.83,1
4960,2,0.21,0.33,0.43,0.53,0.66,1
4961,1,0.31,0.44,0.47,0.51,0.6,1
4962,3,0.11,0.21,0.27,0.43,0.51,1
4963,4,0.07,0.09,0.17,0.26,0.35,1
4964,4,0.09,0.12,0.18,0.25,0.37,1
4965,1,0.34,0.45,0.55,0.73,0.8,1
4966,1,0.31,0.38,0.48,0.56,0.67,2
4967,1,0.27,0.36,0.46,0.53,0.62,1
4968,2,0.17,0.3,0.39,0.48,0.63,1
4969,4,0.05,0.09,0.2,0.31,0.39,1
4970,4,0.06,0.11,0.17,0.3,0.33,1
4971,5,0.05,0.07,0.12,0.16,0.26,1
4972,3,0.19,0.23,0.34,0.39,0.57,1
4973,5,0.03,0.06,0.14,0.19,0.3,1
4974,4,0.06,0.09,0.18,0.34,0.49,1
4975,4,0.09,0.14,0.18,0.32,0.43,1
4976,3,0.16,0.25,0.31,0.41,0.54,1
4977,1,0.33,0.43,0.54,0.67,0.77,2
4978,2,0.17,0.28,0.36,0.5,0.63,1
4979,5,0.08,0.11,0.14,0.21,0.31,1
4980,5,0.06,0.1,0.14,0.2,0.32,1
4981,1,0.29,0.37,0.45,0.62,0.76,1
4982,4,0.04,0.08,0.17,0.28,0.44,1
4983,4,0.11,0.18,0.24,0.31,0.39,1
4984,2,0.19,0.34,0.44,0.59,0.71,1
4985,5,0.06,0.11,0.19,0.23,0.35,1
4986,4,0.08,0.13,0.24,0.33,0.39,1
4987,2,0.15,0.26,0.42,0.55,0.64,1
4988,1,0.28,0.43,0.54,0.69,0.77,1
4989,1,0.33,0.4,0.54,0.66,0.73,1
4990,5,0.03,0.05,0.08,0.18,0.33,1
4991,5,0.04,0.06,0.12,0.21,0.28,1
4992,1,0.29,0.4,0.55,0.65,0.75,1
4993,1,0.31,0.35,0.42,0.57,0.61,1
4994,1,0.29,0.37,0.53,0.63,0.67,2
4995,2,0.22,0.33,0.38,0.51,0.57,2
4996,3,0.11,0.18,0.27,0.37,0.46,1
4997,4,0.07,0.11,0.2,0.33,0.39,1
4998,3,0.14,0.21,0.3,0.36,0.54,1
4999,2,0.17,0.3,0.34,0.48,0.6,1
5000,2,0.19,0.32,0.47,0.53,0.66,1
5001,2,0.24,0.33,0.39,0.52,0.63,1
5002,3,0.14,0.19,0.32,0.45,0.57,1
5003,3,0.15,0.21,0.28,0.34,0.43,1
5004,2,0.18,0.28,0.34,0.47,0.59,1
5005,3,0.12,0.17,0.27,0.38,0.44,1
5006,3,0.14,0.19,0.33,0.38,0.49,2
5007,4,0.11,0.18,0.25,0.3,0.41,1
5008,1,0.32,0.35,0.48,0.66,0.8,1
5009,3,0.11,0.2,0.29,0.38,0.46,1
5010,2,0.22,0.3,0.36,0.41,0.5,1
5011,1,0.34,0.45,0.54,0.67,0.79,1
5012,2,0.17,0.28,0.39,0.49,0.61,1
5013,1,0.29,0.33,0.52,0.6,0.73,1
5014,4,0.05,0.09,0.19,0.29,0.4,1
5015,3,0.15,0.23,0.34,0.37,0.46,1
5016,5,0.03,0.05,0.1,0.22,0.33,1
5017,5,0.04,0.08,0.15,0.19,0.29,1
5018,3,0.18,0.2,0.32,0.37,0.48,1
5019,3,0.17,0.24,0.32,0.48,0.63,1
5020,5,0.03,0.06,0.07,0.13,0.27,1
5021,2,0.2,0.28,0.38,0.48,0.65,1
5022,5,0.08,0.11,0.17,0.25,0.34,1
5023,2,0.23,0.3,0.46,0.56,0.64,1
5024,3,0.11,0.17,0.28,0.36,0.46,1
5025,3,0.12,0.19,0.34,0.46,0.55,1
5026,3,0.11,0.15,0.26,0.39,0.51,1
5027,4,0.08,0.16,0.2,0.28,0.41,1
5028,1,0.35,0.45,0.51,0.62,0.66,1
5029,5,0.04,0.07,0.12,0.17,0.33,1
5030,3,0.09,0.16,0.26,0.34,0.48,1
5031,5,0.04,0.1,0.14,0.25,0.34,1
5032,4,0.07,0.14,0.17,0.29,0.33,1
5033,5,0.07,0.09,0.13,0.19,0.31,1
5034,3,0.13,0.2,0.27,0.41,0.53,1
5035,3,0.1,0.17,0.31,0.42,0.47,1
5036,4,0.12,0.14,0.21,0.33,0.48,1
5037,5,0.06,0.08,0.12,0.19,0.3,1
5038,3,0.12,0.2,0.29,0.44,0.63,1
5039,3,0.09,0.18,0.3,0.38,0.46,2
5040,5,0.04,0.08,0.12,0.18,0.26,1
5041,5,0.07,0.11,0.16,0.23,0.31,1
5042,2,0.19,0.26,0.4,0.52,0.62,2
5043,3,0.11,0.21,0.28,0.37,0.48,2
5044,2,0.2,0.31,0.45,0.59,0.7,1
5045,4,0.08,0.15,0.24,0.31,0.39,1
5046,4,0.07,0.13,0.2,0.3,0.44,2
5047,1,0.26,0.35,0.46,0.62,0.72,1
5048,4,0.05,0.1,0.16,0.27,0.37,1
5049,4,0.09,0.14,0.22,0.34,0.47,1
5050,5,0.03,0.06,0.11,0.2,0.3,1
5051,2,0.19,0.31,0.36,0.42,0.57,1
5052,5,0.04,0.09,0.11,0.14,0.26,1
5053,2,0.24,0.33,0.46,0.6,0.71,1
5054,1,0.35,0.49,0.63,0.74,0.8,1
5055,4,0.1,0.13,0.17,0.28,0.36,2
5056,3,0.1,0.17,0.29,0.41,0.57,1
5057,5,0.09,0.14,0.17,0.22,0.33,1
5058,2,0.21,0.32,0.38,0.49,0.58,1
5059,5,0.03,0.05,0.14,0.22,0.3,1
5060,1,0.29,0.34,0.48,0.63,0.73,1
5061,4,0.09,0.14,0.21,0.26,0.36,1
5062,5,0.04,0.06,0.11,0.18,0.26,1
5063,4,0.12,0.18,0.27,0.31,0.37,1
5064,4,0.05,0.11,0.22,0.32,0.45,1
5065,1,0.31,0.39,0.55,0.65,0.7,2
5066,2,0.22,0.34,0.47,0.57,0.72,5
5067,4,0.11,0.17,0.27,0.31,0.37,1
5068,4,0.06,0.11,0.21,0.28,0.38,1
5069,3,0.08,0.16,0.26,0.35,0.47,1
5070,1,0.28,0.42,0.5,0.58,0.72,1
5071,3,0.17,0.2,0.29,0.38,0.54,1
5072,3,0.09,0.17,0.29,0.36,0.44,2
5073,3,0.1,0.18,0.27,0.39,0.5,2
5074,2,0.17,0.3,0.43,0.54,0.63,1
5075,3,0.15,0.22,0.27,0.4,0.47,1
5076,1,0.28,0.36,0.52,0.6,0.7,1
5077,5,0.04,0.07,0.1,0.18,0.28,1
5078,2,0.2,0.34,0.4,0.56,0.64,1
5079,1,0.32,0.4,0.48,0.59,0.73,1
5080,2,0.21,0.27,0.38,0.52,0.66,1
5081,1,0.28,0.46,0.62,0.65,0.78,2
5082,3,0.14,0.21,0.34,0.43,0.57,1
5083,1,0.32,0.45,0.54,0.66,0.73,1
5084,5,0.04,0.07,0.09,0.21,0.29,1
5085,3,0.12,0.17,0.29,0.42,0.51,1
5086,4,0.08,0.14,0.22,0.26,0.35,1
5087,3,0.11,0.19,0.27,0.39,0.5,1
5088,4,0.08,0.12,0.22,0.35,0.49,1
5089,3,0.13,0.2,0.34,0.48,0.6,1
5090,4,0.09,0.11,0.17,0.26,0.38,1
5091,4,0.11,0.15,0.26,0.33,0.43,2
5092,2,0.18,0.29,0.36,0.49,0.6,2
5093,4,0.06,0.09,0.19,0.32,0.4,1
5094,4,0.08,0.13,0.22,0.28,0.4,1
5095,1,0.34,0.46,0.58,0.7,0.79,1
5096,1,0.28,0.37,0.5,0.62,0.71,1
5097,4,0.07,0.11,0.19,0.29,0.38,2
5098,1,0.27,0.42,0.58,0.73,0.83,1
5099,1,0.31,0.46,0.59,0.67,0.73,1
5100,1,0.31,0.38,0.48,0.59,0.72,1
5101,4,0.06,0.11,0.18,0.27,0.33,1
5102,4,0.09,0.11,0.18,0.31,0.45,1
5103,4,0.07,0.11,0.19,0.27,0.33,1
5104,2,0.17,0.32,0.45,0.49,0.64,1
5105,2,0.17,0.33,0.39,0.51,0.6,1
5106,5,0.05,0.08,0.13,0.21,0.32,1
5107,4,0.05,0.11,0.22,0.34,0.38,1
5108,1,0.31,0.35,0.48,0.57,0.71,1
5109,5,0.05,0.1,0.17,0.25,0.34,1
5110,2,0.24,0.33,0.39,0.52,0.61,1
5111,5,0.05,0.1,0.13,0.19,0.29,1
5112,4,0.11,0.18,0.2,0.31,0.38,1
5113,4,0.06,0.09,0.17,0.28,0.35,1
5114,2,0.19,0.31,0.42,0.56,0.6,1
5115,1,0.26,0.35,0.42,0.46,0.64,1
5116,5,0.05,0.07,0.12,0.24,0.32,1
5117,2,0.21,0.33,0.44,0.53,0.64,1
5118,1,0.31,0.44,0.55,0.65,0.74,1
5119,5,0.06,0.09,0.15,0.19,0.29,1
5120,5,0.07,0.1,0.11,0.2,0.33,1
5121,3,0.16,0.22,0.31,0.43,0.56,1
5122,4,0.09,0.12,0.22,0.31,0.37,1
5123,2,0.23,0.33,0.49,0.55,0.68,1
5124,5,0.07,0.12,0.15,0.22,0.33,1
5125,1,0.28,0.4,0.54,0.7,0.8,1
5126,3,0.17,0.19,0.3,0.38,0.47,1
5127,2,0.19,0.28,0.32,0.44,0.57,1
5128,2,0.16,0.27,0.4,0.47,0.6,1
5129,4,0.06,0.12,0.16,0.27,0.41,3
5130,3,0.14,0.22,0.32,0.41,0.49,3
5131,4,0.08,0.12,0.21,0.33,0.42,1
5132,5,0.05,0.09,0.12,0.21,0.29,1
5133,5,0.04,0.07,0.1,0.2,0.28,1
5134,5,0.03,0.07,0.12,0.23,0.32,1
5135,1,0.29,0.41,0.49,0.61,0.71,1
5136,1,0.35,0.39,0.47,0.57,0.67,1
5137,3,0.17,0.26,0.31,0.33,0.44,1
5138,4,0.05,0.08,0.19,0.31,0.41,1
5139,5,0.06,0.08,0.13,0.21,0.35,1
5140,5,0.05,0.07,0.1,0.16,0.27,1
5141,1,0.29,0.34,0.52,0.67,0.71,1
5142,2,0.21,0.29,0.39,0.48,0.53,2
5143,4,0.06,0.1,0.17,0.33,0.46,1
5144,3,0.07,0.17,0.29,0.42,0.52,1
5145,3,0.18,0.26,0.33,0.43,0.52,2
5146,4,0.08,0.1,0.18,0.27,0.36,1
5147,4,0.14,0.17,0.24,0.35,0.41,1
5148,2,0.19,0.3,0.35,0.45,0.62,1
5149,3,0.16,0.24,0.35,0.44,0.58,2
5150,2,0.19,0.29,0.44,0.53,0.61,1
5151,5,0.07,0.12,0.17,0.23,0.29,1
5152,5,0.04,0.07,0.14,0.19,0.29,1
5153,2,0.24,0.31,0.45,0.53,0.68,1
5154,5,0.03,0.05,0.1,0.2,0.3,1
5155,3,0.12,0.2,0.29,0.34,0.4,1
5156,5,0.05,0.07,0.13,0.17,0.3,1
5157,4,0.13,0.22,0.25,0.31,0.34,1
5158,1,0.3,0.42,0.47,0.54,0.63,1
5159,5,0.05,0.07,0.13,0.18,0.3,1
5160,5,0.07,0.12,0.18,0.22,0.32,1
5161,1,0.28,0.36,0.53,0.66,0.77,1
5162,4,0.05,0.09,0.17,0.27,0.38,1
5163,1,0.3,0.41,0.51,0.66,0.74,1
5164,5,0.11,0.13,0.17,0.21,0.26,1
5165,1,0.26,0.35,0.55,0.69,0.75,1
5166,4,0.08,0.11,0.18,0.28,0.39,1
5167,1,0.3,0.43,0.49,0.57,0.64,1
5168,3,0.13,0.2,0.31,0.42,0.5,1
5169,1,0.33,0.44,0.58,0.62,0.72,1
5170,5,0.05,0.07,0.11,0.16,0.29,1
5171,2,0.2,0.28,0.39,0.51,0.58,1
5172,4,0.07,0.11,0.18,0.29,0.45,1
5173,4,0.07,0.09,0.17,0.29,0.35,1
5174,4,0.1,0.13,0.18,0.28,0.45,1
5175,1,0.3,0.43,0.51,0.63,0.76,1
5176,4,0.04,0.07,0.14,0.28,0.4,1
5177,2,0.16,0.27,0.37,0.46,0.61,1
5178,2,0.21,0.33,0.51,0.62,0.68,1
5179,2,0.2,0.29,0.38,0.55,0.61,1
5180,1,0.31,0.42,0.51,0.62,0.73,1
5181,1,0.27,0.38,0.47,0.58,0.71,1
5182,4,0.1,0.14,0.24,0.32,0.42,1
5183,5,0.05,0.1,0.14,0.24,0.32,1
5184,2,0.16,0.26,0.34,0.36,0.43,1
5185,4,0.07,0.12,0.21,0.3,0.36,1
5186,2,0.18,0.27,0.38,0.46,0.58,1
5187,1,0.34,0.44,0.5,0.6,0.74,1
5188,5,0.07,0.14,0.17,0.22,0.26,1
5189,5,0.02,0.06,0.1,0.17,0.28,1
5190,1,0.33,0.46,0.56,0.75,0.84,3
5191,4,0.05,0.1,0.17,0.27,0.35,1
5192,5,0.07,0.13,0.16,0.24,0.33,1
5193,2,0.16,0.27,0.4,0.5,0.62,1
5194,4,0.03,0.04,0.13,0.27,0.35,2
5195,3,0.14,0.24,0.34,0.49,0.53,1
5196,4,0.03,0.07,0.14,0.26,0.4,1
5197,3,0.09,0.15,0.25,0.37,0.51,2
5198,5,0.05,0.07,0.17,0.25,0.33,1
5199,4,0.1,0.13,0.19,0.27,0.36,1
5200,5,0.05,0.08,0.12,0.18,0.29,1
5201,3,0.08,0.15,0.28,0.4,0.52,1
5202,3,0.11,0.17,0.3,0.38,0.51,1
5203,5,0.03,0.06,0.13,0.2,0.25,3
5204,2,0.21,0.31,0.37,0.44,0.46,1
5205,1,0.28,0.4,0.52,0.59,0.7,1
5206,1,0.26,0.35,0.4,0.49,0.65,1
5207,2,0.18,0.28,0.4,0.54,0.6,1
5208,2,0.2,0.3,0.36,0.48,0.54,1
5209,4,0.08,0.14,0.21,0.25,0.37,1
5210,2,0.24,0.31,0.42,0.55,0.7,1
5211,4,0.06,0.12,0.19,0.28,0.4,1
5212,4,0.09,0.15,0.2,0.33,0.43,1
5213,2,0.19,0.26,0.34,0.52,0.61,1
5214,2,0.25,0.34,0.37,0.54,0.61,1
5215,4,0.05,0.09,0.13,0.25,0.35,1
5216,3,0.14,0.18,0.33,0.37,0.51,1
5217,3,0.11,0.18,0.33,0.46,0.51,2
5218,1,0.35,0.46,0.58,0.63,0.76,1
5219,1,0.3,0.45,0.54,0.69,0.82,1
5220,5,0.04,0.07,0.12,0.22,0.31,1
5221,4,0.11,0.18,0.26,0.31,0.44,1
5222,3,0.18,0.26,0.32,0.39,0.5,1
5223,3,0.11,0.2,0.3,0.41,0.52,1
5224,4,0.1,0.12,0.2,0.3,0.44,1
5225,3,0.08,0.16,0.31,0.4,0.46,1
5226,5,0.07,0.1,0.13,0.23,0.35,1
5227,3,0.13,0.21,0.28,0.41,0.53,1
5228,2,0.2,0.35,0.53,0.62,0.69,1
5229,4,0.1,0.16,0.2,0.33,0.41,1
5230,2,0.18,0.26,0.39,0.46,0.6,1
5231,2,0.21,0.35,0.52,0.61,0.68,1
5232,2,0.16,0.29,0.37,0.45,0.54,1
5233,4,0.07,0.15,0.2,0.31,0.38,1
5234,3,0.11,0.17,0.28,0.32,0.43,1
5235,3,0.13,0.21,0.33,0.43,0.5,1
5236,5,0.05,0.08,0.11,0.2,0.32,1
5237,3,0.13,0.18,0.28,0.36,0.4,2
5238,5,0.04,0.09,0.11,0.17,0.31,1
5239,5,0.05,0.09,0.14,0.19,0.31,1
5240,3,0.11,0.19,0.26,0.4,0.51,2
5241,3,0.1,0.2,0.3,0.41,0.52,1
5242,5,0.06,0.1,0.13,0.24,0.33,1
5243,3,0.15,0.2,0.33,0.43,0.54,1
5244,1,0.35,0.41,0.55,0.68,0.72,1
5245,3,0.15,0.2,0.34,0.37,0.5,1
5246,1,0.26,0.42,0.56,0.7,0.73,1
5247,3,0.1,0.18,0.29,0.39,0.52,1
5248,1,0.34,0.46,0.63,0.74,0.78,1
5249,2,0.19,0.26,0.36,0.55,0.69,1
5250,3,0.16,0.2,0.35,0.49,0.61,1
5251,4,0.06,0.11,0.16,0.29,0.38,2
5252,4,0.06,0.09,0.19,0.35,0.45,1
5253,5,0.06,0.07,0.11,0.19,0.26,1
5254,5,0.04,0.09,0.16,0.24,0.33,1
5255,5,0.04,0.06,0.09,0.15,0.28,1
5256,3,0.1,0.17,0.29,0.39,0.44,1
5257,4,0.1,0.13,0.21,0.32,0.4,1
5258,4,0.1,0.14,0.26,0.33,0.48,1
5259,3,0.16,0.26,0.31,0.35,0.46,1
5260,5,0.04,0.09,0.13,0.17,0.29,1
5261,2,0.21,0.35,0.48,0.59,0.68,1
5262,5,0.02,0.04,0.08,0.14,0.26,1
5263,2,0.23,0.3,0.44,0.59,0.71,2
5264,3,0.11,0.18,0.28,0.37,0.51,1
5265,1,0.29,0.42,0.53,0.64,0.76,1
5266,2,0.2,0.31,0.4,0.49,0.55,2
5267,5,0.07,0.09,0.12,0.2,0.29,1
5268,3,0.13,0.21,0.3,0.38,0.5,1
5269,3,0.13,0.22,0.34,0.46,0.55,1
5270,5,0.05,0.06,0.1,0.18,0.3,1
5271,1,0.31,0.35,0.46,0.57,0.66,1
5272,3,0.13,0.19,0.25,0.37,0.43,1
5273,1,0.26,0.35,0.39,0.48,0.65,1
5274,5,0.05,0.08,0.15,0.22,0.3,1
5275,2,0.26,0.33,0.38,0.45,0.49,1
5276,3,0.14,0.17,0.29,0.42,0.54,1
5277,1,0.33,0.37,0.44,0.49,0.56,1
5278,3,0.11,0.22,0.33,0.48,0.58,1
5279,4,0.09,0.12,0.18,0.26,0.43,1
5280,3,0.13,0.17,0.25,0.35,0.48,1
5281,5,0.03,0.07,0.16,0.21,0.26,1
5282,1,0.31,0.42,0.5,0.65,0.69,1
5283,3,0.09,0.18,0.27,0.39,0.45,1
5284,2,0.24,0.31,0.37,0.47,0.63,2
5285,4,0.07,0.1,0.18,0.28,0.37,1
5286,1,0.26,0.37,0.46,0.6,0.67,1
5287,3,0.12,0.21,0.26,0.36,0.47,1
5288,5,0.07,0.11,0.2,0.21,0.32,1
5289,1,0.28,0.37,0.49,0.63,0.77,1
5290,1,0.28,0.34,0.42,0.53,0.65,1
5291,2,0.25,0.34,0.4,0.51,0.65,1
5292,4,0.07,0.12,0.18,0.3,0.44,1
5293,2,0.2,0.28,0.35,0.41,0.58,1
5294,4,0.05,0.1,0.14,0.27,0.33,1
5295,1,0.34,0.46,0.6,0.7,0.78,1
5296,2,0.2,0.33,0.52,0.71,0.79,1
5297,4,0.05,0.1,0.16,0.32,0.43,1
5298,4,0.06,0.11,0.19,0.3,0.39,1
5299,4,0.1,0.14,0.16,0.26,0.34,1
5300,4,0.11,0.18,0.26,0.31,0.42,1
5301,4,0.08,0.13,0.24,0.27,0.45,1
5302,1,0.33,0.42,0.49,0.64,0.75,1
5303,1,0.35,0.47,0.55,0.68,0.76,1
5304,2,0.19,0.32,0.41,0.53,0.6,1
5305,5,0.03,0.05,0.09,0.17,0.26,2
5306,3,0.15,0.19,0.28,0.41,0.48,1
5307,5,0.09,0.12,0.15,0.25,0.31,1
5308,1,0.25,0.37,0.47,0.6,0.69,1
5309,3,0.11,0.17,0.3,0.48,0.57,1
5310,2,0.2,0.3,0.46,0.58,0.7,1
5311,2,0.18,0.32,0.43,0.55,0.69,1
5312,2,0.22,0.34,0.46,0.62,0.7,1
5313,2,0.17,0.28,0.4,0.55,0.63,1
5314,4,0.07,0.13,0.22,0.33,0.42,1
5315,4,0.05,0.1,0.16,0.26,0.38,1
5316,4,0.09,0.15,0.17,0.26,0.34,1
5317,5,0.04,0.06,0.11,0.15,0.27,2
5318,2,0.23,0.32,0.42,0.52,0.6,1
5319,2,0.2,0.34,0.45,0.59,0.71,1
5320,1,0.29,0.41,0.5,0.63,0.79,1
5321,3,0.17,0.25,0.31,0.38,0.53,1
5322,5,0.06,0.1,0.11,0.18,0.27,1
5323,3,0.11,0.21,0.34,0.45,0.58,1
5324,2,0.22,0.31,0.38,0.42,0.54,1
5325,3,0.13,0.16,0.27,0.4,0.5,1
5326,4,0.12,0.15,0.19,0.32,0.46,1
5327,2,0.18,0.29,0.4,0.52,0.63,1
5328,3,0.15,0.26,0.32,0.46,0.5,1
5329,2,0.25,0.34,0.43,0.58,0.68,1
5330,5,0.05,0.07,0.09,0.17,0.27,1
5331,2,0.14,0.26,0.4,0.51,0.63,1
5332,5,0.04,0.07,0.1,0.15,0.32,1
5333,5,0.05,0.08,0.13,0.2,0.29,1
5334,3,0.1,0.16,0.26,0.39,0.51,1
5335,2,0.16,0.27,0.38,0.54,0.7,1
5336,3,0.13,0.23,0.34,0.45,0.58,1
5337,3,0.16,0.21,0.34,0.44,0.56,1
5338,5,0.05,0.09,0.14,0.2,0.28,1
5339,2,0.21,0.35,0.42,0.57,0.72,1
5340,3,0.16,0.21,0.34,0.49,0.57,1
5341,5,0.07,0.11,0.17,0.23,0.34,1
5342,2,0.16,0.25,0.36,0.43,0.6,1
5343,4,0.1,0.17,0.21,0.33,0.47,1
5344,4,0.07,0.11,0.18,0.28,0.47,1
5345,3,0.11,0.2,0.28,0.39,0.52,2
5346,5,0.03,0.07,0.12,0.2,0.3,1
5347,5,0.07,0.1,0.13,0.24,0.33,1
5348,2,0.19,0.34,0.52,0.61,0.75,1
5349,1,0.34,0.39,0.46,0.51,0.66,1
5350,3,0.13,0.2,0.26,0.39,0.48,2
5351,4,0.08,0.12,0.19,0.29,0.42,1
5352,2,0.26,0.27,0.38,0.49,0.56,1
5353,1,0.29,0.43,0.51,0.64,0.71,1
5354,1,0.35,0.4,0.51,0.62,0.72,1
5355,1,0.29,0.4,0.54,0.64,0.79,1
5356,4,0.07,0.14,0.2,0.34,0.48,1
5357,1,0.27,0.39,0.53,0.64,0.71,1
5358,3,0.07,0.14,0.26,0.35,0.45,1
5359,4,0.06,0.1,0.2,0.33,0.48,1
5360,4,0.12,0.14,0.21,0.33,0.52,1
5361,4,0.07,0.14,0.21,0.31,0.41,1
5362,2,0.21,0.28,0.39,0.49,0.63,1
5363,2,0.22,0.32,0.47,0.59,0.65,1
5364,3,0.14,0.25,0.34,0.46,0.6,1
5365,5,0.06,0.09,0.15,0.22,0.33,1
5366,4,0.15,0.18,0.22,0.29,0.36,1
5367,1,0.31,0.37,0.52,0.61,0.69,1
5368,5,0.03,0.05,0.08,0.15,0.26,1
5369,4,0.13,0.21,0.27,0.32,0.4,1
5370,3,0.09,0.16,0.27,0.33,0.4,1
5371,4,0.08,0.13,0.18,0.28,0.37,1
5372,2,0.16,0.26,0.4,0.53,0.58,2
5373,3,0.12,0.18,0.27,0.37,0.49,1
5374,3,0.12,0.24,0.33,0.38,0.5,1
5375,5,0.05,0.07,0.13,0.17,0.3,1
5376,3,0.13,0.22,0.27,0.34,0.46,1
5377,4,0.12,0.18,0.25,0.34,0.45,1
5378,3,0.11,0.19,0.3,0.4,0.52,1
5379,3,0.11,0.2,0.25,0.35,0.47,1
5380,5,0.06,0.07,0.16,0.19,0.29,2
5381,5,0.05,0.08,0.13,0.23,0.33,1
5382,4,0.07,0.13,0.23,0.32,0.44,1
5383,5,0.08,0.11,0.16,0.21,0.31,1
5384,2,0.25,0.32,0.39,0.48,0.65,1
5385,1,0.33,0.41,0.58,0.62,0.65,1
5386,5,0.04,0.07,0.13,0.21,0.26,1
5387,5,0.04,0.07,0.13,0.18,0.28,1
5388,3,0.19,0.21,0.32,0.39,0.49,1
5389,1,0.26,0.35,0.38,0.53,0.7,1
5390,5,0.05,0.08,0.13,0.19,0.27,1
5391,4,0.09,0.11,0.2,0.32,0.4,1
5392,5,0.02,0.06,0.12,0.14,0.27,1
5393,5,0.04,0.08,0.15,0.23,0.31,2
5394,5,0.02,0.04,0.07,0.12,0.25,1
5395,3,0.09,0.15,0.32,0.53,0.7,1
5396,1,0.34,0.4,0.54,0.61,0.68,1
5397,1,0.32,0.39,0.51,0.65,0.77,1
5398,2,0.22,0.33,0.45,0.53,0.58,1
5399,1,0.28,0.36,0.48,0.54,0.64,1
5400,2,0.19,0.32,0.44,0.56,0.63,1
5401,4,0.04,0.06,0.13,0.29,0.41,1
5402,1,0.33,0.43,0.52,0.63,0.72,1
5403,5,0.04,0.06,0.1,0.18,0.29,1
5404,4,0.09,0.14,0.21,0.29,0.37,2
5405,5,0.04,0.06,0.12,0.16,0.28,1
5406,1,0.29,0.37,0.49,0.56,0.63,1
5407,4,0.06,0.1,0.15,0.28,0.34,1
5408,1,0.29,0.38,0.5,0.61,0.7,1
5409,5,0.07,0.12,0.18,0.25,0.32,1
5410,1,0.27,0.4,0.51,0.61,0.75,1
5411,2,0.19,0.3,0.38,0.51,0.64,2
5412,4,0.06,0.08,0.16,0.25,0.38,1
5413,5,0.03,0.06,0.1,0.15,0.27,2
5414,5,0.08,0.12,0.14,0.23,0.34,1
5415,1,0.28,0.37,0.49,0.6,0.61,1
5416,4,0.09,0.14,0.22,0.33,0.41,1
5417,3,0.13,0.25,0.33,0.41,0.49,1
5418,2,0.19,0.33,0.43,0.53,0.66,1
5419,5,0.03,0.07,0.12,0.23,0.27,4
5420,1,0.31,0.36,0.5,0.63,0.78,1
5421,2,0.2,0.32,0.51,0.64,0.77,2
5422,3,0.11,0.19,0.29,0.37,0.51,1
5423,4,0.09,0.15,0.19,0.25,0.35,1
5424,2,0.18,0.29,0.38,0.5,0.61,1
5425,3,0.06,0.13,0.26,0.39,0.52,1
5426,3,0.15,0.22,0.32,0.4,0.53,1
5427,5,0.05,0.09,0.13,0.19,0.32,2
5428,5,0.05,0.07,0.12,0.17,0.31,2
5429,1,0.31,0.41,0.51,0.61,0.75,1
5430,2,0.24,0.3,0.45,0.58,0.71,1
5431,5,0.06,0.09,0.13,0.2,0.33,1
5432,5,0.03,0.05,0.08,0.16,0.29,1
5433,1,0.3,0.4,0.44,0.53,0.58,1
5434,5,0.05,0.07,0.1,0.21,0.3,1
5435,5,0.05,0.11,0.13,0.23,0.33,1
5436,1,0.29,0.41,0.46,0.61,0.7,1
5437,2,0.13,0.26,0.35,0.48,0.62,1
5438,5,0.06,0.08,0.15,0.24,0.31,1
5439,2,0.16,0.31,0.41,0.55,0.59,1
5440,3,0.14,0.17,0.26,0.39,0.51,1
5441,2,0.26,0.33,0.36,0.45,0.53,1
5442,4,0.08,0.1,0.16,0.28,0.4,1
5443,1,0.32,0.4,0.46,0.59,0.73,1
5444,1,0.34,0.48,0.53,0.63,0.73,1
5445,4,0.06,0.09,0.15,0.3,0.39,1
5446,1,0.35,0.46,0.62,0.76,0.8,1
5447,4,0.09,0.17,0.23,0.32,0.44,1
5448,1,0.34,0.42,0.55,0.68,0.77,1
5449,2,0.21,0.31,0.41,0.5,0.61,1
5450,2,0.24,0.32,0.42,0.53,0.62,1
5451,2,0.23,0.33,0.4,0.51,0.66,1
5452,5,0.05,0.08,0.11,0.2,0.28,1
5453,2,0.18,0.3,0.43,0.57,0.67,1
5454,5,0.04,0.09,0.14,0.23,0.31,1
5455,3,0.14,0.2,0.32,0.39,0.48,1
5456,5,0.04,0.07,0.1,0.15,0.25,1
5457,4,0.1,0.17,0.22,0.31,0.37,1
5458,1,0.3,0.4,0.51,0.66,0.72,1
5459,2,0.25,0.34,0.43,0.56,0.62,1
5460,2,0.23,0.27,0.35,0.46,0.54,2
5461,2,0.15,0.28,0.35,0.48,0.52,1
5462,5,0.05,0.11,0.13,0.23,0.35,1
5463,3,0.17,0.22,0.32,0.37,0.49,1
5464,1,0.3,0.38,0.49,0.6,0.7,1
5465,3,0.11,0.15,0.27,0.33,0.43,1
5466,1,0.26,0.35,0.44,0.56,0.68,1
5467,4,0.04,0.08,0.14,0.28,0.42,2
5468,1,0.27,0.33,0.43,0.44,0.49,1
5469,1,0.34,0.41,0.45,0.59,0.65,1
5470,3,0.15,0.24,0.33,0.43,0.56,1
5471,5,0.05,0.06,0.11,0.2,0.32,1
5472,2,0.18,0.28,0.38,0.49,0.55,1
5473,3,0.13,0.22,0.28,0.36,0.48,1
5474,1,0.34,0.48,0.57,0.71,0.77,1
5475,5,0.05,0.07,0.12,0.19,0.25,3
5476,5,0.04,0.07,0.11,0.15,0.27,1
5477,3,0.13,0.2,0.33,0.41,0.47,1
5478,2,0.16,0.27,0.36,0.48,0.59,1
5479,4,0.06,0.09,0.17,0.27,0.38,1
5480,3,0.11,0.15,0.26,0.4,0.49,1
5481,1,0.35,0.39,0.51,0.6,0.75,1
5482,3,0.17,0.22,0.34,0.45,0.57,1
5483,3,0.11,0.18,0.26,0.38,0.52,1
5484,1,0.25,0.35,0.45,0.57,0.68,1
5485,3,0.17,0.23,0.29,0.38,0.49,1
5486,1,0.26,0.36,0.45,0.56,0.68,2
5487,4,0.13,0.18,0.23,0.27,0.36,1
5488,1,0.3,0.44,0.55,0.66,0.77,1
5489,1,0.33,0.46,0.51,0.64,0.72,1
5490,4,0.1,0.18,0.23,0.34,0.44,1
5491,4,0.08,0.1,0.18,0.27,0.36,1
5492,1,0.29,0.43,0.55,0.63,0.7,1
5493,4,0.08,0.13,0.18,0.26,0.39,1
5494,5,0.04,0.08,0.15,0.2,0.32,1
5495,5,0.04,0.08,0.12,0.2,0.3,1
5496,2,0.26,0.33,0.38,0.47,0.58,1
5497,1,0.33,0.46,0.57,0.61,0.72,1
5498,4,0.07,0.11,0.18,0.27,0.36,1
5499,2,0.25,0.32,0.44,0.48,0.57,1
5500,3,0.1,0.19,0.29,0.36,0.47,1
5501,2,0.19,0.28,0.34,0.49,0.5,3
5502,1,0.32,0.4,0.54,0.66,0.76,1
5503,2,0.22,0.31,0.42,0.56,0.67,4
5504,1,0.32,0.43,0.52,0.62,0.72,1
5505,3,0.14,0.18,0.3,0.4,0.55,1
5506,1,0.31,0.43,0.52,0.62,0.78,1
5507,4,0.1,0.15,0.19,0.29,0.38,1
5508,3,0.12,0.16,0.3,0.42,0.58,1
5509,4,0.04,0.1,0.21,0.3,0.41,1
5510,1,0.34,0.4,0.5,0.58,0.65,2
5511,2,0.17,0.28,0.39,0.48,0.6,1
5512,2,0.15,0.29,0.43,0.59,0.7,1
5513,2,0.2,0.27,0.4,0.46,0.52,1
5514,2,0.21,0.3,0.46,0.57,0.67,1
5515,1,0.29,0.39,0.53,0.61,0.72,1
5516,4,0.15,0.18,0.23,0.3,0.42,1
5517,5,0.02,0.06,0.1,0.17,0.28,1
5518,5,0.06,0.1,0.14,0.23,0.27,1
5519,3,0.15,0.26,0.32,0.38,0.54,1
5520,4,0.11,0.16,0.22,0.34,0.42,1
5521,4,0.05,0.1,0.15,0.3,0.41,1
5522,3,0.15,0.24,0.35,0.43,0.54,1
5523,2,0.16,0.27,0.36,0.44,0.51,1
5524,1,0.34,0.42,0.5,0.61,0.7,1
5525,3,0.14,0.24,0.29,0.49,0.62,1
5526,1,0.31,0.41,0.48,0.57,0.72,1
5527,1,0.32,0.45,0.53,0.65,0.72,2
5528,4,0.09,0.12,0.21,0.32,0.42,1
5529,2,0.16,0.32,0.45,0.52,0.6,1
5530,2,0.22,0.3,0.37,0.49,0.57,1
5531,5,0.04,0.06,0.1,0.16,0.26,1
5532,1,0.35,0.54,0.66,0.74,0.79,1
5533,1,0.28,0.42,0.52,0.58,0.67,1
5534,1,0.35,0.45,0.56,0.68,0.73,1
5535,5,0.08,0.1,0.19,0.24,0.32,1
5536,2,0.22,0.33,0.39,0.41,0.56,1
5537,1,0.32,0.45,0.55,0.72,0.79,1
5538,1,0.28,0.45,0.58,0.64,0.74,1
5539,1,0.34,0.38,0.49,0.66,0.72,1
5540,2,0.15,0.27,0.33,0.41,0.53,2
5541,4,0.06,0.11,0.2,0.27,0.36,2
5542,1,0.31,0.44,0.56,0.69,0.76,1
5543,3,0.14,0.19,0.27,0.39,0.45,1
5544,2,0.18,0.32,0.45,0.57,0.67,1
5545,5,0.04,0.09,0.16,0.25,0.33,1
5546,2,0.17,0.3,0.45,0.54,0.66,1
5547,3,0.11,0.17,0.28,0.37,0.41,1
5548,1,0.32,0.44,0.5,0.63,0.74,1
5549,1,0.35,0.48,0.57,0.63,0.74,1
5550,4,0.13,0.19,0.24,0.3,0.38,1
5551,3,0.15,0.23,0.33,0.45,0.58,1
5552,3,0.09,0.15,0.29,0.47,0.63,2
5553,5,0.03,0.05,0.08,0.18,0.28,1
5554,5,0.04,0.06,0.09,0.16,0.28,2
5555,2,0.21,0.33,0.39,0.52,0.64,1
5556,2,0.24,0.31,0.42,0.52,0.62,1
5557,2,0.15,0.27,0.36,0.48,0.57,1
5558,4,0.03,0.07,0.17,0.3,0.38,1
5559,1,0.26,0.35,0.45,0.52,0.61,1
5560,2,0.19,0.33,0.39,0.5,0.58,2
5561,3,0.11,0.19,0.3,0.33,0.44,1
5562,3,0.12,0.19,0.29,0.38,0.49,2
5563,5,0.02,0.05,0.08,0.15,0.29,1
5564,5,0.03,0.06,0.1,0.21,0.32,1
5565,4,0.04,0.07,0.15,0.25,0.39,1
5566,2,0.21,0.31,0.4,0.49,0.62,1
5567,1,0.29,0.4,0.55,0.69,0.79,1
5568,2,0.19,0.29,0.43,0.54,0.58,1
5569,2,0.19,0.33,0.45,0.54,0.65,1
5570,4,0.09,0.12,0.18,0.31,0.4,1
5571,2,0.25,0.34,0.45,0.53,0.64,1
5572,5,0.03,0.05,0.13,0.19,0.29,1
5573,1,0.3,0.36,0.44,0.53,0.6,1
5574,5,0.05,0.09,0.13,0.18,0.27,1
5575,2,0.2,0.3,0.37,0.53,0.59,1
5576,1,0.32,0.4,0.51,0.67,0.74,1
5577,1,0.34,0.44,0.54,0.71,0.79,1
5578,1,0.29,0.43,0.53,0.61,0.75,1
5579,4,0.04,0.09,0.15,0.29,0.37,1
5580,5,0.05,0.08,0.11,0.18,0.29,1
5581,4,0.09,0.13,0.19,0.32,0.43,1
5582,5,0.1,0.13,0.17,0.26,0.31,1
5583,4,0.04,0.09,0.18,0.34,0.46,2
5584,3,0.14,0.25,0.34,0.47,0.56,1
5585,5,0.05,0.07,0.13,0.17,0.28,1
5586,1,0.27,0.37,0.42,0.52,0.64,1
5587,4,0.06,0.09,0.15,0.28,0.34,1
5588,2,0.22,0.34,0.4,0.49,0.63,1
5589,5,0.03,0.06,0.11,0.18,0.25,1
5590,3,0.11,0.15,0.25,0.37,0.5,1
5591,4,0.11,0.13,0.2,0.27,0.33,2
5592,3,0.07,0.16,0.33,0.42,0.49,1
5593,4,0.13,0.17,0.22,0.29,0.44,1
5594,1,0.28,0.44,0.55,0.66,0.76,1
5595,1,0.29,0.48,0.67,0.77,0.81,1
5596,3,0.09,0.13,0.26,0.35,0.53,1
5597,4,0.07,0.14,0.19,0.28,0.42,1
5598,2,0.22,0.29,0.37,0.49,0.62,1
5599,3,0.11,0.19,0.26,0.36,0.5,1
5600,3,0.12,0.19,0.29,0.4,0.44,1
5601,5,0.07,0.11,0.13,0.2,0.29,1
5602,2,0.25,0.34,0.48,0.58,0.63,1
5603,2,0.25,0.34,0.54,0.6,0.66,1
5604,5,0.04,0.07,0.11,0.19,0.31,1
5605,2,0.17,0.28,0.35,0.5,0.66,1
5606,4,0.05,0.1,0.17,0.27,0.39,1
5607,4,0.06,0.09,0.18,0.26,0.35,1
5608,3,0.1,0.22,0.33,0.46,0.57,3
5609,2,0.18,0.25,0.35,0.47,0.59,1
5610,1,0.32,0.41,0.44,0.56,0.62,1
5611,4,0.07,0.13,0.18,0.32,0.46,3
5612,2,0.19,0.31,0.37,0.42,0.54,1
5613,2,0.2,0.28,0.36,0.46,0.58,1
5614,2,0.23,0.31,0.39,0.48,0.56,1
5615,4,0.09,0.14,0.17,0.29,0.44,1
5616,3,0.12,0.2,0.29,0.4,0.55,1
5617,2,0.18,0.27,0.41,0.54,0.68,1
5618,2,0.24,0.3,0.4,0.54,0.63,1
5619,3,0.13,0.21,0.34,0.46,0.55,1
5620,3,0.09,0.17,0.32,0.43,0.58,1
5621,2,0.18,0.3,0.4,0.55,0.63,1
5622,4,0.08,0.14,0.18,0.35,0.44,1
5623,3,0.13,0.22,0.35,0.45,0.51,3
5624,1,0.32,0.38,0.48,0.53,0.63,1
5625,3,0.14,0.22,0.33,0.45,0.52,1
5626,3,0.12,0.2,0.34,0.42,0.59,1
5627,5,0.03,0.05,0.07,0.14,0.27,1
5628,2,0.24,0.35,0.39,0.48,0.62,1
5629,4,0.09,0.13,0.22,0.34,0.39,1
5630,5,0.05,0.08,0.13,0.18,0.29,1
5631,2,0.2,0.3,0.4,0.5,0.62,1
5632,4,0.08,0.14,0.24,0.33,0.42,3
5633,1,0.31,0.41,0.52,0.66,0.72,1
5634,1,0.35,0.45,0.51,0.6,0.65,2
5635,2,0.21,0.29,0.4,0.51,0.63,1
5636,4,0.07,0.12,0.19,0.33,0.45,1
5637,1,0.3,0.4,0.48,0.62,0.65,4
5638,3,0.12,0.19,0.27,0.37,0.49,2
5639,3,0.1,0.22,0.34,0.41,0.55,1
5640,2,0.23,0.31,0.38,0.42,0.48,1
5641,5,0.07,0.12,0.19,0.26,0.29,1
5642,3,0.13,0.18,0.34,0.37,0.5,1
5643,1,0.26,0.37,0.52,0.63,0.74,1
5644,3,0.08,0.15,0.28,0.32,0.38,1
5645,3,0.11,0.18,0.3,0.41,0.59,1
5646,2,0.2,0.31,0.35,0.49,0.63,1
5647,3,0.17,0.23,0.28,0.38,0.48,2
5648,3,0.12,0.22,0.3,0.41,0.52,2
5649,5,0.03,0.06,0.1,0.15,0.26,1
5650,4,0.1,0.2,0.25,0.3,0.45,1
5651,4,0.09,0.16,0.27,0.32,0.38,1
5652,1,0.33,0.45,0.56,0.69,0.78,1
5653,2,0.26,0.32,0.42,0.55,0.65,1
5654,4,0.06,0.15,0.24,0.31,0.41,1
5655,1,0.28,0.4,0.45,0.56,0.71,1
5656,3,0.16,0.24,0.28,0.4,0.53,1
5657,2,0.2,0.29,0.41,0.49,0.58,1
5658,2,0.18,0.31,0.4,0.52,0.64,3
5659,2,0.22,0.31,0.39,0.5,0.62,1
5660,3,0.12,0.2,0.3,0.47,0.59,4
5661,5,0.04,0.06,0.09,0.13,0.27,1
5662,3,0.1,0.19,0.33,0.46,0.55,1
5663,1,0.33,0.44,0.48,0.65,0.8,1
5664,3,0.1,0.18,0.3,0.36,0.47,1
5665,1,0.27,0.43,0.58,0.71,0.81,1
5666,3,0.12,0.15,0.27,0.34,0.4,1
5667,2,0.26,0.29,0.36,0.51,0.59,1
5668,4,0.06,0.11,0.2,0.29,0.35,1
5669,2,0.16,0.29,0.43,0.6,0.7,1
5670,5,0.08,0.11,0.17,0.24,0.34,1
5671,2,0.2,0.3,0.47,0.6,0.68,1
5672,1,0.28,0.35,0.54,0.64,0.73,1
5673,1,0.3,0.39,0.48,0.57,0.63,1
5674,5,0.05,0.07,0.09,0.2,0.29,1
5675,5,0.04,0.07,0.12,0.15,0.27,1
5676,2,0.21,0.32,0.47,0.6,0.71,1
5677,1,0.28,0.37,0.46,0.54,0.63,1
5678,1,0.32,0.47,0.53,0.66,0.75,1
5679,2,0.15,0.28,0.37,0.46,0.62,1
5680,1,0.27,0.43,0.51,0.66,0.67,1
5681,1,0.26,0.35,0.44,0.53,0.66,1
5682,5,0.05,0.11,0.13,0.2,0.29,1
5683,4,0.05,0.09,0.17,0.26,0.37,1
5684,5,0.03,0.06,0.1,0.19,0.29,1
5685,2,0.16,0.26,0.36,0.47,0.62,1
5686,4,0.05,0.09,0.16,0.25,0.38,1
5687,5,0.02,0.03,0.07,0.17,0.32,1
5688,1,0.35,0.4,0.46,0.53,0.63,1
5689,5,0.07,0.11,0.18,0.25,0.33,1
5690,1,0.3,0.39,0.56,0.66,0.76,1
5691,1,0.29,0.39,0.46,0.53,0.62,1
5692,2,0.14,0.29,0.38,0.48,0.56,1
5693,4,0.08,0.14,0.17,0.27,0.41,1
5694,4,0.07,0.11,0.2,0.3,0.36,1
5695,2,0.15,0.27,0.37,0.42,0.55,1
5696,2,0.22,0.32,0.48,0.56,0.64,1
5697,3,0.11,0.17,0.27,0.4,0.56,1
5698,4,0.1,0.13,0.21,0.33,0.37,1
5699,2,0.14,0.31,0.39,0.45,0.53,1
5700,1,0.34,0.41,0.46,0.54,0.59,1
5701,3,0.09,0.14,0.26,0.34,0.42,2
5702,1,0.26,0.36,0.47,0.52,0.61,1
5703,2,0.22,0.32,0.39,0.56,0.64,1
5704,5,0.03,0.07,0.14,0.19,0.33,1
5705,3,0.13,0.19,0.32,0.49,0.59,1
5706,1,0.29,0.44,0.56,0.68,0.77,1
5707,3,0.14,0.19,0.3,0.4,0.54,1
5708,1,0.28,0.42,0.53,0.67,0.73,1
5709,5,0.07,0.11,0.15,0.19,0.26,1
5710,3,0.06,0.15,0.26,0.39,0.47,1
5711,5,0.03,0.06,0.13,0.19,0.27,2
5712,2,0.17,0.25,0.37,0.5,0.61,1
5713,3,0.1,0.19,0.27,0.37,0.48,2
5714,1,0.3,0.4,0.47,0.57,0.63,1
5715,5,0.04,0.07,0.12,0.18,0.31,1
5716,4,0.07,0.13,0.18,0.27,0.4,1
5717,3,0.14,0.27,0.32,0.35,0.49,1
5718,4,0.09,0.17,0.25,0.31,0.45,1
5719,5,0.05,0.1,0.16,0.22,0.35,1
5720,5,0.05,0.09,0.14,0.2,0.32,1
5721,4,0.13,0.15,0.19,0.29,0.41,1
5722,1,0.32,0.43,0.52,0.63,0.76,1
5723,2,0.16,0.27,0.39,0.52,0.62,1
5724,4,0.06,0.13,0.17,0.3,0.38,1
5725,5,0.04,0.07,0.12,0.18,0.27,1
5726,2,0.17,0.27,0.36,0.51,0.63,2
5727,1,0.26,0.39,0.55,0.67,0.77,1
5728,1,0.28,0.32,0.44,0.58,0.73,1
5729,1,0.32,0.46,0.56,0.73,0.8,1
5730,1,0.25,0.37,0.48,0.66,0.72,1
5731,2,0.22,0.32,0.38,0.49,0.6,2
5732,4,0.07,0.11,0.18,0.28,0.39,1
5733,5,0.02,0.05,0.12,0.2,0.27,1
5734,2,0.18,0.27,0.35,0.45,0.57,1
5735,4,0.07,0.13,0.19,0.34,0.43,1
5736,4,0.09,0.15,0.2,0.28,0.39,1
5737,3,0.14,0.2,0.3,0.38,0.42,1
5738,1,0.26,0.4,0.53,0.67,0.73,1
5739,4,0.04,0.08,0.14,0.26,0.42,1
5740,3,0.14,0.21,0.32,0.48,0.57,1
5741,5,0.05,0.1,0.14,0.22,0.34,1
5742,1,0.27,0.4,0.56,0.72,0.79,1
5743,4,0.07,0.12,0.16,0.29,0.37,1
5744,3,0.11,0.19,0.29,0.35,0.47,1
5745,5,0.04,0.07,0.14,0.19,0.28,2
5746,1,0.3,0.38,0.52,0.58,0.69,1
5747,2,0.2,0.3,0.4,0.53,0.66,1
5748,4,0.05,0.09,0.14,0.26,0.38,1
5749,2,0.23,0.33,0.51,0.59,0.63,1
5750,3,0.17,0.2,0.3,0.39,0.56,1
5751,3,0.08,0.17,0.26,0.37,0.47,1
5752,3,0.14,0.23,0.35,0.43,0.53,1
5753,2,0.25,0.34,0.46,0.62,0.72,1
5754,2,0.21,0.32,0.41,0.48,0.58,1
5755,4,0.08,0.12,0.2,0.29,0.34,1
5756,5,0.07,0.11,0.2,0.21,0.32,1
5757,2,0.2,0.28,0.41,0.51,0.66,1
5758,1,0.27,0.33,0.4,0.54,0.7,1
5759,5,0.04,0.05,0.1,0.17,0.25,1
5760,4,0.05,0.11,0.2,0.33,0.46,1
5761,3,0.12,0.19,0.3,0.42,0.53,1
5762,2,0.23,0.32,0.38,0.45,0.51,1
5763,4,0.08,0.17,0.23,0.28,0.34,1
5764,3,0.1,0.2,0.29,0.38,0.53,1
5765,2,0.12,0.26,0.34,0.48,0.6,1
5766,1,0.29,0.47,0.57,0.73,0.8,1
5767,4,0.03,0.07,0.13,0.29,0.43,1
5768,4,0.09,0.15,0.24,0.35,0.44,1
5769,4,0.07,0.11,0.17,0.28,0.34,1
5770,5,0.04,0.06,0.12,0.22,0.31,1
5771,2,0.24,0.32,0.41,0.53,0.63,1
5772,4,0.14,0.17,0.23,0.35,0.5,1
5773,1,0.31,0.46,0.53,0.59,0.7,1
5774,4,0.07,0.14,0.19,0.29,0.36,1
5775,5,0.05,0.11,0.12,0.2,0.28,1
5776,5,0.04,0.06,0.11,0.15,0.25,1
5777,1,0.33,0.34,0.4,0.5,0.65,1
5778,1,0.31,0.47,0.56,0.69,0.79,1
5779,4,0.08,0.12,0.16,0.27,0.39,1
5780,4,0.08,0.13,0.2,0.3,0.5,1
5781,4,0.04,0.09,0.16,0.25,0.36,2
5782,3,0.15,0.24,0.34,0.41,0.55,1
5783,5,0.03,0.05,0.11,0.19,0.31,1
5784,2,0.19,0.35,0.43,0.6,0.72,1
5785,3,0.14,0.17,0.31,0.39,0.45,2
5786,4,0.05,0.06,0.14,0.26,0.39,1
5787,2,0.21,0.26,0.39,0.51,0.62,2
5788,1,0.33,0.37,0.44,0.56,0.63,2
5789,4,0.07,0.14,0.24,0.35,0.43,1
5790,2,0.18,0.3,0.36,0.46,0.58,1
5791,1,0.26,0.39,0.51,0.59,0.72,1
5792,4,0.06,0.11,0.22,0.35,0.46,1
5793,5,0.06,0.07,0.11,0.2,0.27,1
5794,3,0.11,0.18,0.29,0.42,0.53,1
5795,4,0.08,0.12,0.18,0.31,0.41,1
5796,2,0.23,0.32,0.4,0.5,0.63,1
5797,5,0.03,0.05,0.09,0.14,0.3,1
5798,4,0.04,0.08,0.16,0.26,0.38,1
5799,5,0.05,0.08,0.15,0.18,0.28,1
5800,1,0.33,0.49,0.65,0.78,0.85,1
5801,4,0.08,0.11,0.2,0.3,0.41,1
5802,2,0.23,0.32,0.46,0.56,0.65,1
5803,1,0.31,0.34,0.46,0.58,0.67,1
5804,5,0.06,0.09,0.13,0.21,0.34,1
5805,5,0.05,0.07,0.13,0.17,0.26,1
5806,1,0.31,0.39,0.45,0.6,0.72,1
5807,1,0.29,0.39,0.51,0.6,0.66,1
5808,4,0.06,0.13,0.23,0.35,0.43,2
5809,3,0.12,0.2,0.31,0.51,0.65,1
5810,3,0.08,0.17,0.25,0.37,0.44,1
5811,4,0.08,0.15,0.21,0.3,0.41,1
5812,2,0.14,0.25,0.36,0.47,0.58,1
5813,5,0.05,0.08,0.14,0.2,0.27,1
5814,2,0.26,0.31,0.41,0.5,0.59,1
5815,5,0.04,0.06,0.13,0.2,0.28,1
5816,2,0.22,0.31,0.48,0.63,0.77,2
5817,4,0.09,0.14,0.23,0.26,0.43,1
5818,1,0.33,0.43,0.55,0.64,0.72,1
5819,1,0.34,0.43,0.5,0.61,0.72,1
5820,3,0.13,0.2,0.32,0.47,0.61,1
5821,3,0.15,0.23,0.29,0.41,0.44,1
5822,4,0.09,0.15,0.21,0.33,0.42,2
5823,2,0.19,0.32,0.34,0.5,0.51,1
5824,3,0.07,0.15,0.29,0.4,0.49,1
5825,5,0.03,0.04,0.08,0.16,0.3,1
5826,1,0.33,0.49,0.57,0.68,0.77,1
5827,2,0.2,0.32,0.45,0.5,0.62,2
5828,1,0.27,0.33,0.45,0.49,0.62,1
5829,2,0.16,0.27,0.37,0.43,0.47,1
5830,3,0.07,0.14,0.28,0.45,0.51,1
5831,1,0.3,0.42,0.56,0.67,0.73,1
5832,2,0.2,0.31,0.43,0.49,0.6,1
5833,2,0.2,0.32,0.37,0.45,0.53,1
5834,3,0.13,0.21,0.3,0.46,0.62,2
5835,2,0.2,0.33,0.44,0.56,0.62,1
5836,4,0.1,0.14,0.24,0.29,0.4,1
5837,5,0.05,0.07,0.1,0.17,0.31,1
5838,4,0.09,0.13,0.18,0.35,0.44,1
5839,5,0.04,0.07,0.12,0.21,0.29,1
5840,1,0.28,0.4,0.53,0.62,0.64,1
5841,4,0.08,0.16,0.21,0.31,0.43,2
5842,1,0.32,0.47,0.64,0.75,0.82,1
5843,2,0.24,0.31,0.41,0.51,0.62,2
5844,5,0.04,0.07,0.09,0.19,0.27,1
5845,4,0.06,0.12,0.2,0.34,0.46,1
5846,3,0.09,0.18,0.3,0.46,0.53,1
5847,5,0.05,0.07,0.12,0.16,0.28,1
5848,1,0.31,0.38,0.49,0.55,0.61,1
5849,5,0.03,0.07,0.1,0.2,0.3,1
5850,4,0.08,0.14,0.2,0.32,0.4,1
5851,2,0.18,0.3,0.42,0.55,0.69,1
5852,4,0.1,0.16,0.22,0.3,0.35,1
5853,4,0.08,0.12,0.18,0.31,0.42,2
5854,2,0.2,0.27,0.35,0.48,0.6,1
5855,1,0.26,0.38,0.46,0.61,0.79,1
5856,4,0.09,0.15,0.2,0.34,0.5,1
5857,5,0.09,0.12,0.2,0.24,0.29,1
5858,4,0.1,0.15,0.2,0.29,0.4,1
5859,3,0.13,0.19,0.31,0.43,0.52,1
5860,3,0.11,0.16,0.27,0.36,0.48,1
5861,1,0.34,0.43,0.55,0.67,0.74,1
5862,3,0.17,0.22,0.3,0.39,0.5,1
5863,3,0.14,0.24,0.32,0.43,0.49,2
5864,5,0.05,0.07,0.11,0.19,0.25,1
5865,3,0.11,0.17,0.33,0.43,0.55,2
5866,4,0.06,0.1,0.19,0.26,0.36,1
5867,5,0.04,0.07,0.1,0.18,0.26,1
5868,5,0.03,0.05,0.1,0.17,0.28,1
5869,1,0.31,0.5,0.61,0.75,0.85,1
5870,4,0.05,0.1,0.14,0.28,0.37,2
5871,2,0.25,0.31,0.41,0.51,0.66,2
5872,3,0.16,0.25,0.32,0.39,0.49,2
5873,4,0.1,0.17,0.24,0.31,0.5,1
5874,3,0.07,0.13,0.27,0.36,0.51,1
5875,1,0.27,0.39,0.58,0.65,0.71,1
5876,1,0.33,0.41,0.54,0.63,0.75,1
5877,5,0.04,0.08,0.11,0.14,0.27,1
5878,1,0.26,0.43,0.55,0.66,0.74,1
5879,3,0.16,0.25,0.33,0.42,0.54,1
5880,5,0.04,0.07,0.15,0.19,0.31,1
5881,4,0.07,0.13,0.18,0.28,0.39,2
5882,3,0.14,0.23,0.27,0.38,0.42,1
5883,5,0.07,0.12,0.18,0.25,0.34,1
5884,4,0.09,0.15,0.22,0.35,0.43,1
5885,2,0.17,0.32,0.4,0.59,0.69,1
5886,4,0.04,0.07,0.16,0.32,0.46,1
5887,3,0.12,0.15,0.32,0.39,0.43,1
5888,1,0.33,0.44,0.58,0.77,0.84,1
5889,5,0.06,0.1,0.16,0.21,0.34,1
5890,2,0.2,0.34,0.46,0.57,0.68,1
5891,4,0.1,0.13,0.2,0.31,0.45,1
5892,5,0.05,0.09,0.12,0.17,0.27,1
5893,3,0.11,0.14,0.27,0.33,0.5,1
5894,1,0.34,0.45,0.55,0.65,0.7,1
5895,1,0.28,0.37,0.51,0.58,0.66,1
5896,4,0.06,0.12,0.18,0.29,0.37,1
5897,5,0.08,0.11,0.14,0.21,0.26,1
5898,3,0.1,0.17,0.28,0.41,0.49,1
5899,4,0.07,0.11,0.17,0.31,0.42,1
5900,4,0.09,0.14,0.22,0.32,0.4,1
5901,4,0.08,0.16,0.23,0.32,0.47,1
5902,5,0.07,0.09,0.17,0.23,0.31,1
5903,1,0.26,0.36,0.47,0.61,0.7,1
5904,4,0.11,0.16,0.21,0.34,0.4,1
5905,1,0.28,0.37,0.49,0.6,0.7,1
5906,1,0.26,0.39,0.43,0.48,0.64,1
5907,2,0.18,0.26,0.36,0.43,0.57,1
5908,2,0.22,0.27,0.38,0.51,0.63,1
5909,2,0.18,0.3,0.36,0.48,0.62,1
5910,4,0.07,0.13,0.19,0.29,0.41,1
5911,2,0.2,0.26,0.35,0.46,0.57,2
5912,3,0.15,0.21,0.26,0.34,0.49,1
5913,3,0.11,0.18,0.34,0.47,0.51,2
5914,2,0.2,0.34,0.48,0.59,0.71,1
5915,4,0.06,0.12,0.21,0.35,0.53,1
5916,2,0.18,0.26,0.35,0.44,0.62,1
5917,1,0.32,0.43,0.56,0.64,0.78,1
5918,5,0.04,0.09,0.11,0.17,0.29,1
5919,1,0.3,0.41,0.52,0.62,0.71,1
5920,1,0.33,0.47,0.5,0.6,0.72,1
5921,1,0.3,0.37,0.45,0.58,0.75,1
5922,3,0.15,0.21,0.31,0.36,0.45,1
5923,1,0.34,0.48,0.66,0.76,0.81,1
5924,3,0.08,0.11,0.26,0.36,0.52,1
5925,1,0.26,0.37,0.48,0.6,0.72,1
5926,1,0.3,0.36,0.52,0.63,0.71,1
5927,3,0.12,0.21,0.31,0.37,0.5,1
5928,2,0.15,0.26,0.34,0.37,0.44,1
5929,3,0.14,0.22,0.28,0.33,0.48,3
5930,4,0.06,0.1,0.17,0.33,0.47,1
5931,2,0.22,0.33,0.44,0.57,0.69,1
5932,2,0.16,0.27,0.38,0.48,0.58,1
5933,5,0.04,0.06,0.13,0.23,0.34,1
5934,2,0.17,0.32,0.45,0.6,0.7,1
5935,2,0.19,0.33,0.47,0.53,0.64,1
5936,3,0.07,0.15,0.27,0.41,0.56,2
5937,3,0.08,0.2,0.28,0.37,0.51,1
5938,2,0.24,0.31,0.4,0.58,0.69,3
5939,1,0.32,0.44,0.59,0.67,0.76,1
5940,4,0.09,0.13,0.21,0.3,0.4,1
5941,3,0.16,0.23,0.34,0.4,0.51,1
5942,2,0.18,0.32,0.42,0.6,0.69,1
5943,3,0.12,0.2,0.31,0.44,0.64,2
5944,3,0.16,0.26,0.33,0.45,0.57,1
5945,5,0.05,0.08,0.16,0.23,0.29,1
5946,5,0.06,0.08,0.11,0.17,0.35,1
5947,3,0.1,0.2,0.26,0.36,0.43,1
5948,2,0.22,0.33,0.49,0.61,0.68,1
5949,4,0.04,0.09,0.18,0.27,0.36,1
5950,5,0.04,0.07,0.12,0.18,0.26,1
5951,5,0.06,0.09,0.15,0.2,0.31,1
5952,1,0.33,0.4,0.5,0.57,0.68,1
5953,5,0.02,0.03,0.07,0.16,0.27,1
5954,4,0.07,0.1,0.19,0.3,0.37,1
5955,5,0.02,0.04,0.09,0.16,0.3,2
5956,2,0.18,0.29,0.35,0.5,0.63,1
5957,1,0.32,0.41,0.61,0.71,0.76,1
5958,5,0.03,0.07,0.12,0.2,0.31,1
5959,1,0.31,0.43,0.58,0.66,0.75,1
5960,5,0.03,0.06,0.12,0.19,0.26,1
5961,2,0.24,0.35,0.39,0.44,0.57,1
5962,1,0.25,0.35,0.48,0.6,0.74,1
5963,1,0.32,0.44,0.51,0.62,0.68,1
5964,2,0.22,0.32,0.45,0.59,0.69,3
5965,4,0.15,0.19,0.24,0.26,0.39,1
5966,4,0.1,0.13,0.2,0.33,0.41,1
5967,5,0.04,0.07,0.08,0.15,0.32,1
5968,5,0.04,0.05,0.1,0.15,0.25,1
5969,2,0.17,0.33,0.44,0.58,0.71,1
5970,5,0.03,0.08,0.1,0.18,0.25,1
5971,5,0.03,0.07,0.12,0.21,0.29,1
5972,2,0.2,0.29,0.36,0.45,0.55,2
5973,4,0.16,0.22,0.25,0.31,0.44,1
5974,2,0.16,0.27,0.34,0.49,0.63,1
5975,5,0.03,0.06,0.11,0.2,0.3,1
5976,2,0.17,0.25,0.35,0.47,0.56,1
5977,5,0.03,0.07,0.11,0.19,0.33,1
5978,5,0.05,0.07,0.12,0.16,0.27,1
5979,1,0.29,0.43,0.5,0.58,0.69,1
5980,2,0.16,0.25,0.37,0.47,0.6,1
5981,4,0.07,0.16,0.23,0.34,0.49,2
5982,3,0.14,0.21,0.3,0.41,0.49,1
5983,3,0.16,0.23,0.32,0.42,0.48,1
5984,5,0.06,0.08,0.14,0.22,0.29,1
5985,4,0.06,0.1,0.21,0.32,0.42,1
5986,3,0.19,0.28,0.3,0.36,0.51,1
5987,3,0.16,0.22,0.26,0.35,0.49,1
5988,4,0.06,0.12,0.2,0.31,0.39,2
5989,5,0.03,0.06,0.14,0.21,0.3,1
5990,3,0.19,0.24,0.34,0.46,0.59,1
5991,4,0.08,0.15,0.23,0.35,0.44,1
5992,2,0.2,0.31,0.43,0.54,0.7,1
5993,5,0.04,0.08,0.14,0.24,0.31,1
5994,1,0.32,0.42,0.54,0.67,0.8,2
5995,4,0.1,0.17,0.25,0.31,0.43,1
5996,1,0.32,0.41,0.56,0.7,0.79,2
5997,4,0.08,0.12,0.19,0.29,0.41,1
5998,1,0.3,0.33,0.44,0.57,0.69,4
5999,5,0.07,0.08,0.16,0.21,0.33,1
6000,4,0.09,0.12,0.19,0.32,0.36,1
6001,5,0.04,0.06,0.09,0.18,0.27,2
6002,2,0.18,0.27,0.39,0.55,0.67,1
6003,3,0.09,0.15,0.27,0.38,0.48,1
6004,4,0.06,0.11,0.18,0.3,0.38,2
6005,4,0.08,0.15,0.2,0.26,0.39,1
6006,5,0.09,0.13,0.18,0.26,0.31,1
6007,1,0.33,0.39,0.47,0.54,0.64,1
6008,4,0.09,0.15,0.2,0.29,0.39,1
6009,3,0.14,0.23,0.32,0.43,0.6,1
6010,1,0.27,0.39,0.55,0.65,0.76,1
6011,4,0.07,0.14,0.22,0.33,0.42,1
6012,4,0.08,0.14,0.23,0.27,0.34,1
6013,4,0.07,0.1,0.17,0.33,0.44,1
6014,1,0.34,0.43,0.55,0.66,0.72,1
6015,5,0.02,0.06,0.1,0.16,0.28,1
6016,4,0.08,0.17,0.25,0.29,0.41,1
6017,1,0.27,0.37,0.51,0.67,0.78,1
6018,1,0.32,0.46,0.51,0.6,0.69,1
6019,4,0.08,0.11,0.2,0.27,0.33,1
6020,4,0.04,0.08,0.13,0.25,0.36,1
6021,4,0.07,0.12,0.2,0.28,0.38,1
6022,2,0.26,0.29,0.44,0.55,0.64,1
6023,2,0.2,0.27,0.4,0.51,0.59,1
6024,1,0.26,0.35,0.5,0.69,0.77,1
6025,2,0.24,0.29,0.39,0.53,0.66,2
6026,5,0.05,0.07,0.09,0.18,0.27,1
6027,4,0.08,0.13,0.2,0.31,0.4,1
6028,3,0.12,0.2,0.32,0.46,0.55,1
6029,4,0.08,0.14,0.24,0.3,0.38,1
6030,3,0.13,0.24,0.32,0.42,0.57,1
6031,5,0.05,0.08,0.14,0.25,0.31,1
6032,3,0.11,0.18,0.26,0.39,0.5,1
6033,5,0.06,0.11,0.14,0.18,0.25,2
6034,1,0.31,0.49,0.62,0.73,0.79,1
6035,4,0.07,0.15,0.24,0.34,0.47,3
6036,3,0.15,0.25,0.34,0.38,0.48,2
6037,3,0.07,0.13,0.26,0.35,0.45,1
6038,2,0.22,0.35,0.44,0.53,0.64,1
6039,5,0.05,0.07,0.12,0.18,0.28,1
6040,4,0.09,0.15,0.23,0.34,0.43,1
6041,3,0.16,0.18,0.34,0.41,0.58,2
6042,3,0.12,0.24,0.34,0.44,0.58,1
6043,2,0.22,0.33,0.43,0.55,0.66,1
6044,1,0.34,0.41,0.54,0.67,0.73,1
6045,1,0.28,0.41,0.49,0.56,0.67,1
6046,3,0.12,0.17,0.31,0.44,0.57,1
6047,4,0.07,0.13,0.23,0.3,0.46,1
6048,1,0.3,0.37,0.47,0.56,0.7,1
6049,3,0.13,0.14,0.25,0.38,0.49,1
6050,2,0.21,0.33,0.42,0.58,0.71,1
6051,5,0.03,0.06,0.09,0.17,0.3,1
6052,2,0.2,0.29,0.39,0.49,0.55,1
6053,4,0.1,0.16,0.25,0.34,0.48,1
6054,3,0.12,0.19,0.28,0.36,0.44,2
6055,2,0.19,0.32,0.38,0.54,0.64,1
6056,4,0.14,0.19,0.24,0.34,0.5,1
6057,4,0.08,0.11,0.19,0.3,0.49,1
6058,2,0.19,0.28,0.37,0.5,0.66,1
6059,5,0.08,0.11,0.15,0.21,0.26,1
6060,5,0.04,0.07,0.11,0.18,0.27,1
6061,1,0.34,0.47,0.56,0.62,0.7,1
6062,2,0.22,0.27,0.37,0.54,0.68,1
6063,5,0.05,0.08,0.16,0.26,0.3,1
6064,5,0.1,0.13,0.18,0.24,0.34,1
6065,5,0.09,0.15,0.2,0.23,0.34,1
6066,3,0.17,0.22,0.31,0.37,0.49,1
6067,4,0.08,0.13,0.18,0.29,0.36,1
6068,1,0.32,0.42,0.5,0.6,0.63,1
6069,2,0.2,0.33,0.43,0.51,0.57,1
6070,3,0.15,0.25,0.32,0.4,0.48,2
6071,4,0.06,0.12,0.17,0.27,0.33,1
6072,2,0.19,0.27,0.42,0.5,0.6,2
6073,1,0.31,0.44,0.52,0.63,0.72,1
6074,2,0.27,0.31,0.41,0.59,0.64,1
6075,3,0.16,0.2,0.31,0.38,0.56,1
6076,4,0.09,0.14,0.22,0.35,0.5,1
6077,3,0.13,0.24,0.31,0.44,0.55,1
6078,3,0.09,0.16,0.26,0.34,0.42,1
6079,1,0.28,0.44,0.48,0.58,0.74,1
6080,3,0.07,0.17,0.27,0.33,0.42,1
6081,5,0.05,0.11,0.19,0.24,0.29,1
6082,1,0.29,0.36,0.48,0.56,0.62,1
6083,2,0.2,0.26,0.38,0.45,0.53,2
6084,4,0.1,0.15,0.21,0.32,0.39,2
6085,1,0.28,0.45,0.56,0.66,0.78,1
6086,3,0.12,0.18,0.26,0.34,0.43,1
6087,4,0.06,0.1,0.17,0.3,0.42,1
6088,1,0.35,0.39,0.46,0.5,0.58,1
6089,3,0.13,0.23,0.31,0.43,0.58,1
6090,3,0.14,0.23,0.34,0.39,0.46,1
6091,5,0.06,0.11,0.16,0.23,0.3,1
6092,5,0.07,0.11,0.16,0.24,0.32,1
6093,1,0.32,0.49,0.63,0.66,0.73,1
6094,4,0.11,0.14,0.18,0.34,0.43,3
6095,3,0.15,0.21,0.28,0.34,0.47,1
6096,3,0.13,0.19,0.29,0.42,0.51,1
6097,2,0.18,0.32,0.41,0.49,0.62,1
6098,2,0.23,0.29,0.4,0.51,0.61,1
6099,1,0.35,0.38,0.44,0.5,0.64,1
6100,1,0.3,0.47,0.66,0.72,0.76,1
6101,5,0.06,0.09,0.13,0.18,0.31,1
6102,3,0.11,0.2,0.31,0.38,0.49,1
6103,3,0.17,0.21,0.31,0.41,0.52,1
6104,5,0.03,0.06,0.09,0.16,0.26,1
6105,4,0.06,0.09,0.18,0.27,0.37,1
6106,2,0.19,0.33,0.43,0.54,0.69,1
6107,4,0.1,0.12,0.21,0.35,0.48,1
6108,2,0.2,0.29,0.37,0.45,0.58,1
6109,1,0.34,0.48,0.6,0.69,0.8,1
6110,5,0.04,0.06,0.11,0.16,0.25,1
6111,2,0.18,0.32,0.4,0.55,0.66,1
6112,2,0.18,0.3,0.38,0.49,0.58,1
6113,2,0.25,0.28,0.39,0.55,0.65,1
6114,5,0.04,0.07,0.11,0.19,0.27,1
6115,3,0.15,0.21,0.3,0.41,0.58,1
6116,4,0.06,0.1,0.18,0.28,0.37,1
6117,2,0.18,0.27,0.4,0.51,0.58,1
6118,2,0.18,0.3,0.4,0.51,0.62,1
6119,4,0.06,0.12,0.21,0.29,0.48,1
6120,1,0.33,0.44,0.58,0.68,0.76,1
6121,1,0.32,0.42,0.55,0.65,0.69,1
6122,1,0.3,0.41,0.55,0.62,0.71,1
6123,5,0.04,0.05,0.07,0.13,0.26,1
6124,3,0.11,0.19,0.28,0.35,0.48,1
6125,2,0.14,0.26,0.34,0.44,0.55,2
6126,3,0.1,0.18,0.26,0.35,0.48,1
6127,5,0.03,0.05,0.09,0.15,0.27,1
6128,5,0.05,0.07,0.1,0.17,0.26,1
6129,1,0.27,0.36,0.44,0.5,0.61,1
6130,2,0.18,0.26,0.34,0.48,0.61,1
6131,5,0.05,0.1,0.14,0.23,0.34,2
6132,3,0.09,0.16,0.26,0.43,0.54,1
6133,2,0.18,0.29,0.37,0.45,0.55,1
6134,5,0.03,0.06,0.11,0.18,0.32,1
6135,2,0.23,0.34,0.44,0.56,0.69,3
6136,1,0.32,0.43,0.55,0.72,0.78,1
6137,5,0.04,0.08,0.15,0.24,0.31,1
6138,2,0.21,0.34,0.46,0.53,0.63,1
6139,1,0.31,0.41,0.52,0.61,0.7,2
6140,1,0.26,0.38,0.53,0.57,0.64,1
6141,2,0.13,0.25,0.36,0.5,0.57,2
6142,2,0.19,0.3,0.44,0.56,0.68,1
6143,2,0.18,0.27,0.37,0.47,0.6,1
6144,2,0.11,0.28,0.42,0.61,0.7,1
6145,3,0.12,0.24,0.31,0.38,0.46,1
6146,1,0.3,0.45,0.62,0.75,0.83,1
6147,3,0.09,0.16,0.26,0.38,0.46,2
6148,4,0.1,0.14,0.23,0.35,0.5,1
6149,2,0.25,0.33,0.45,0.55,0.66,1
6150,1,0.27,0.42,0.55,0.63,0.66,1
6151,3,0.14,0.23,0.33,0.44,0.54,2
6152,4,0.06,0.13,0.19,0.27,0.39,1
6153,4,0.07,0.11,0.19,0.34,0.45,1
6154,3,0.12,0.19,0.29,0.35,0.43,1
6155,5,0.03,0.05,0.08,0.14,0.25,2
6156,1,0.3,0.38,0.5,0.63,0.74,1
6157,3,0.14,0.23,0.26,0.35,0.45,1
6158,5,0.03,0.07,0.11,0.19,0.34,1
6159,4,0.08,0.1,0.2,0.3,0.39,1
6160,5,0.04,0.06,0.1,0.16,0.33,1
6161,3,0.17,0.21,0.35,0.42,0.54,1
6162,5,0.03,0.07,0.12,0.21,0.27,1
6163,4,0.05,0.11,0.17,0.34,0.47,1
6164,3,0.12,0.17,0.3,0.46,0.55,1
6165,5,0.03,0.05,0.1,0.17,0.31,2
6166,4,0.15,0.19,0.25,0.34,0.37,1
6167,1,0.34,0.39,0.47,0.62,0.75,1
6168,2,0.16,0.26,0.36,0.51,0.64,1
6169,1,0.29,0.37,0.53,0.57,0.66,1
6170,1,0.28,0.33,0.39,0.46,0.6,1
6171,1,0.34,0.41,0.5,0.65,0.72,1
6172,1,0.32,0.41,0.48,0.59,0.69,1
6173,2,0.18,0.28,0.33,0.52,0.7,1
6174,4,0.11,0.17,0.21,0.35,0.42,1
6175,4,0.07,0.12,0.19,0.32,0.43,1
6176,2,0.2,0.32,0.42,0.56,0.7,1
6177,4,0.09,0.11,0.19,0.33,0.46,1
6178,1,0.28,0.36,0.49,0.68,0.78,1
6179,3,0.09,0.19,0.34,0.44,0.51,1
6180,3,0.16,0.26,0.31,0.4,0.55,1
6181,1,0.35,0.46,0.54,0.64,0.7,1
6182,4,0.08,0.12,0.22,0.3,0.35,1
6183,1,0.34,0.43,0.58,0.61,0.71,1
6184,1,0.3,0.36,0.42,0.54,0.59,1
6185,1,0.35,0.38,0.42,0.48,0.62,1
6186,4,0.05,0.08,0.14,0.26,0.48,1
6187,3,0.12,0.19,0.28,0.37,0.5,1
6188,5,0.04,0.09,0.11,0.2,0.33,1
6189,5,0.04,0.07,0.13,0.22,0.31,1
6190,4,0.16,0.19,0.28,0.31,0.39,1
6191,2,0.21,0.34,0.45,0.52,0.56,1
6192,3,0.17,0.26,0.29,0.35,0.46,1
6193,2,0.22,0.31,0.41,0.5,0.62,1
6194,1,0.3,0.46,0.59,0.71,0.78,2
6195,3,0.14,0.2,0.29,0.37,0.44,1
6196,3,0.16,0.23,0.35,0.48,0.58,1
6197,2,0.23,0.33,0.43,0.53,0.68,1
6198,4,0.08,0.12,0.2,0.32,0.39,1
6199,1,0.34,0.46,0.54,0.63,0.72,1
6200,1,0.27,0.34,0.41,0.48,0.55,1
6201,3,0.14,0.18,0.31,0.4,0.53,1
6202,2,0.19,0.32,0.39,0.53,0.63,1
6203,4,0.06,0.1,0.2,0.34,0.4,2
6204,4,0.08,0.13,0.18,0.29,0.36,1
6205,4,0.06,0.11,0.21,0.3,0.46,1
6206,1,0.34,0.44,0.52,0.67,0.74,1
6207,4,0.1,0.15,0.23,0.34,0.44,1
6208,5,0.08,0.1,0.12,0.2,0.33,1
6209,2,0.25,0.32,0.42,0.53,0.67,1
6210,3,0.1,0.14,0.26,0.36,0.44,2
6211,5,0.07,0.14,0.19,0.23,0.27,1
6212,3,0.1,0.17,0.27,0.34,0.41,1
6213,4,0.06,0.1,0.18,0.3,0.36,1
6214,2,0.16,0.27,0.42,0.49,0.63,1
6215,4,0.05,0.08,0.15,0.27,0.4,1
6216,2,0.15,0.26,0.38,0.45,0.55,1
6217,2,0.25,0.3,0.34,0.45,0.49,1
6218,5,0.04,0.07,0.12,0.21,0.33,1
6219,2,0.18,0.3,0.41,0.53,0.66,1
6220,4,0.05,0.11,0.2,0.3,0.36,1
6221,2,0.18,0.25,0.36,0.47,0.59,1
6222,5,0.06,0.12,0.18,0.23,0.34,1
6223,3,0.09,0.19,0.27,0.38,0.41,2
6224,4,0.07,0.11,0.2,0.28,0.4,1
6225,2,0.22,0.3,0.39,0.58,0.71,1
6226,3,0.1,0.18,0.33,0.43,0.55,1
6227,3,0.11,0.17,0.26,0.37,0.5,1
6228,2,0.2,0.31,0.39,0.47,0.54,1
6229,2,0.27,0.31,0.49,0.53,0.59,1
6230,5,0.05,0.11,0.21,0.25,0.3,1
6231,4,0.11,0.18,0.23,0.33,0.42,1
6232,4,0.08,0.1,0.19,0.29,0.33,1
6233,1,0.27,0.33,0.47,0.52,0.62,1
6234,1,0.34,0.41,0.51,0.69,0.8,1
6235,1,0.33,0.43,0.52,0.62,0.76,1
6236,2,0.19,0.29,0.39,0.51,0.6,3
6237,3,0.11,0.23,0.34,0.45,0.59,1
6238,4,0.08,0.13,0.18,0.32,0.41,1
6239,5,0.04,0.09,0.15,0.23,0.28,1
6240,5,0.02,0.03,0.07,0.13,0.26,1
6241,4,0.06,0.12,0.17,0.29,0.32,1
6242,3,0.07,0.12,0.28,0.44,0.49,1
6243,1,0.35,0.49,0.65,0.74,0.82,1
6244,4,0.1,0.17,0.25,0.29,0.34,2
6245,5,0.03,0.05,0.1,0.15,0.26,1
6246,1,0.25,0.41,0.52,0.64,0.74,1
6247,3,0.12,0.22,0.3,0.39,0.46,1
6248,2,0.23,0.33,0.41,0.54,0.68,1
6249,4,0.05,0.11,0.2,0.31,0.39,2
6250,2,0.23,0.32,0.43,0.54,0.67,1
6251,3,0.17,0.2,0.3,0.41,0.47,1
6252,3,0.12,0.2,0.33,0.43,0.5,1
6253,5,0.07,0.1,0.13,0.25,0.31,1
6254,1,0.26,0.35,0.44,0.55,0.61,1
6255,3,0.12,0.16,0.28,0.36,0.44,1
6256,4,0.05,0.07,0.15,0.27,0.36,1
6257,4,0.11,0.16,0.21,0.33,0.45,1
6258,2,0.21,0.33,0.44,0.63,0.69,1
6259,3,0.12,0.16,0.26,0.36,0.43,1
6260,5,0.04,0.08,0.14,0.22,0.31,1
6261,2,0.17,0.31,0.44,0.56,0.68,1
6262,5,0.04,0.08,0.16,0.22,0.3,1
6263,1,0.26,0.36,0.38,0.54,0.65,1
6264,1,0.32,0.42,0.52,0.63,0.72,1
6265,3,0.18,0.26,0.31,0.37,0.5,1
6266,4,0.07,0.11,0.18,0.34,0.52,1
6267,2,0.17,0.28,0.43,0.51,0.61,2
6268,4,0.1,0.15,0.2,0.34,0.39,1
6269,5,0.07,0.09,0.14,0.24,0.34,1
6270,3,0.09,0.2,0.3,0.42,0.53,1
6271,2,0.17,0.29,0.41,0.51,0.61,1
6272,5,0.05,0.07,0.12,0.23,0.34,1
6273,1,0.27,0.4,0.49,0.56,0.68,1
6274,3,0.11,0.15,0.26,0.34,0.5,1
6275,5,0.04,0.08,0.13,0.22,0.3,1
6276,3,0.12,0.16,0.26,0.34,0.47,1
6277,1,0.32,0.42,0.59,0.67,0.72,1
6278,4,0.09,0.15,0.22,0.3,0.46,1
6279,2,0.2,0.28,0.41,0.48,0.54,1
6280,4,0.08,0.12,0.17,0.3,0.42,1
6281,4,0.13,0.17,0.23,0.33,0.41,1
6282,3,0.23,0.25,0.34,0.46,0.54,1
6283,4,0.04,0.09,0.19,0.27,0.39,2
6284,2,0.22,0.26,0.35,0.49,0.64,1
6285,2,0.22,0.31,0.42,0.51,0.56,1
6286,4,0.07,0.12,0.2,0.31,0.41,1
6287,4,0.04,0.08,0.14,0.26,0.4,2
6288,3,0.15,0.2,0.35,0.49,0.63,1
6289,3,0.14,0.25,0.32,0.4,0.56,1
6290,3,0.14,0.18,0.28,0.43,0.57,1
6291,3,0.15,0.23,0.32,0.43,0.49,1
6292,3,0.13,0.2,0.31,0.37,0.48,1
6293,5,0.06,0.09,0.17,0.24,0.34,1
6294,3,0.11,0.14,0.28,0.41,0.53,1
6295,4,0.05,0.09,0.18,0.33,0.45,1
6296,1,0.26,0.37,0.42,0.52,0.63,1
6297,2,0.2,0.28,0.46,0.6,0.63,1
6298,3,0.19,0.22,0.33,0.4,0.48,1
6299,2,0.19,0.34,0.5,0.68,0.79,1
6300,2,0.16,0.3,0.37,0.52,0.58,1
6301,4,0.06,0.1,0.19,0.3,0.43,1
6302,2,0.16,0.28,0.36,0.47,0.56,2
6303,4,0.06,0.09,0.17,0.26,0.35,1
6304,2,0.21,0.32,0.45,0.56,0.64,2
6305,2,0.15,0.29,0.37,0.53,0.64,1
6306,3,0.16,0.22,0.32,0.42,0.52,1
6307,5,0.04,0.08,0.13,0.19,0.27,1
6308,4,0.07,0.11,0.18,0.31,0.4,1
6309,3,0.09,0.16,0.26,0.36,0.39,1
6310,3,0.1,0.16,0.31,0.44,0.59,1
6311,5,0.05,0.11,0.19,0.25,0.33,1
6312,3,0.11,0.19,0.33,0.46,0.58,1
6313,1,0.31,0.44,0.58,0.71,0.82,1
6314,4,0.09,0.13,0.2,0.34,0.46,1
6315,2,0.15,0.26,0.34,0.4,0.51,1
6316,2,0.21,0.32,0.43,0.51,0.65,1
6317,3,0.11,0.2,0.26,0.39,0.4,1
6318,3,0.09,0.15,0.29,0.42,0.53,1
6319,4,0.07,0.13,0.18,0.26,0.35,1
6320,1,0.28,0.36,0.45,0.58,0.68,1
6321,2,0.21,0.27,0.37,0.46,0.53,3
6322,2,0.26,0.31,0.39,0.54,0.64,1
6323,3,0.1,0.2,0.26,0.34,0.45,1
6324,5,0.03,0.06,0.1,0.17,0.26,1
6325,4,0.09,0.13,0.21,0.28,0.36,1
6326,5,0.08,0.11,0.13,0.18,0.29,1
6327,2,0.18,0.29,0.35,0.45,0.59,1
6328,2,0.23,0.33,0.45,0.6,0.71,1
6329,3,0.12,0.16,0.29,0.41,0.54,1
6330,1,0.33,0.46,0.56,0.62,0.72,1
6331,3,0.13,0.17,0.26,0.34,0.43,1
6332,4,0.05,0.09,0.19,0.33,0.47,1
6333,3,0.14,0.24,0.29,0.38,0.49,1
6334,5,0.06,0.11,0.15,0.23,0.33,1
6335,5,0.05,0.08,0.13,0.26,0.33,1
6336,5,0.09,0.13,0.15,0.22,0.3,1
6337,2,0.16,0.29,0.38,0.44,0.54,2
6338,5,0.05,0.09,0.13,0.19,0.26,1
6339,3,0.1,0.18,0.28,0.36,0.57,1
6340,5,0.08,0.12,0.15,0.19,0.27,1
6341,1,0.29,0.39,0.44,0.5,0.61,1
6342,4,0.08,0.12,0.18,0.25,0.42,1
6343,1,0.35,0.48,0.64,0.68,0.79,1
6344,4,0.06,0.1,0.16,0.31,0.42,1
6345,1,0.34,0.42,0.51,0.66,0.72,1
6346,4,0.07,0.13,0.17,0.27,0.36,1
6347,5,0.07,0.11,0.16,0.21,0.32,1
6348,4,0.08,0.09,0.2,0.33,0.42,1
6349,3,0.17,0.25,0.33,0.46,0.6,4
6350,4,0.1,0.12,0.2,0.28,0.33,1
6351,1,0.29,0.32,0.4,0.51,0.6,2
6352,2,0.2,0.28,0.41,0.57,0.66,1
6353,3,0.14,0.25,0.32,0.38,0.49,1
6354,4,0.05,0.09,0.17,0.3,0.45,1
6355,1,0.26,0.34,0.44,0.57,0.64,1
6356,3,0.11,0.18,0.25,0.37,0.45,1
6357,4,0.11,0.12,0.24,0.32,0.41,1
6358,3,0.1,0.19,0.33,0.44,0.58,2
6359,1,0.35,0.41,0.57,0.73,0.77,1
6360,3,0.11,0.19,0.28,0.39,0.52,1
6361,4,0.08,0.17,0.21,0.28,0.35,2
6362,5,0.05,0.11,0.16,0.22,0.26,1
6363,1,0.32,0.43,0.58,0.69,0.76,1
6364,5,0.06,0.1,0.15,0.25,0.33,1
6365,3,0.14,0.22,0.35,0.45,0.52,1
6366,5,0.04,0.06,0.12,0.17,0.27,1
6367,3,0.13,0.17,0.3,0.42,0.55,1
6368,1,0.31,0.4,0.54,0.66,0.79,1
6369,3,0.08,0.16,0.26,0.38,0.51,1
6370,1,0.31,0.44,0.52,0.63,0.73,1
6371,5,0.03,0.06,0.11,0.21,0.32,1
6372,3,0.1,0.17,0.28,0.33,0.47,1
6373,4,0.08,0.13,0.22,0.29,0.4,1
6374,4,0.08,0.13,0.18,0.27,0.35,1
6375,2,0.15,0.26,0.37,0.49,0.6,2
6376,3,0.12,0.21,0.34,0.43,0.51,1
6377,3,0.15,0.2,0.31,0.38,0.51,1
6378,4,0.08,0.18,0.2,0.33,0.44,2
6379,4,0.08,0.1,0.18,0.28,0.35,1
6380,5,0.05,0.1,0.18,0.23,0.32,1
6381,3,0.1,0.18,0.29,0.37,0.47,1
6382,3,0.08,0.18,0.29,0.43,0.51,1
6383,1,0.32,0.38,0.52,0.67,0.74,1
6384,1,0.33,0.45,0.54,0.63,0.73,1
6385,1,0.26,0.35,0.48,0.57,0.7,2
6386,5,0.05,0.09,0.15,0.21,0.29,1
6387,3,0.16,0.21,0.27,0.34,0.45,1
6388,5,0.05,0.07,0.09,0.19,0.31,1
6389,4,0.08,0.13,0.21,0.32,0.37,1
6390,4,0.09,0.18,0.26,0.33,0.45,1
6391,3,0.12,0.16,0.26,0.42,0.48,1
6392,5,0.08,0.11,0.15,0.22,0.34,1
6393,5,0.1,0.13,0.17,0.19,0.27,1
6394,2,0.18,0.29,0.38,0.5,0.66,1
6395,1,0.3,0.41,0.56,0.65,0.72,1
6396,5,0.03,0.06,0.11,0.2,0.31,1
6397,5,0.02,0.04,0.06,0.13,0.25,1
6398,4,0.1,0.15,0.24,0.34,0.49,1
6399,1,0.3,0.36,0.53,0.56,0.69,1
6400,2,0.21,0.26,0.36,0.5,0.63,1
6401,1,0.3,0.39,0.52,0.63,0.7,1
6402,1,0.32,0.38,0.5,0.55,0.61,1
6403,1,0.31,0.44,0.52,0.61,0.72,1
6404,1,0.25,0.36,0.44,0.53,0.65,1
6405,1,0.33,0.48,0.54,0.66,0.73,1
6406,1,0.31,0.4,0.47,0.51,0.6,1
6407,1,0.33,0.48,0.6,0.73,0.82,1
6408,1,0.34,0.5,0.62,0.75,0.85,1
6409,4,0.05,0.11,0.18,0.29,0.36,1
6410,1,0.31,0.42,0.52,0.68,0.75,1
6411,3,0.09,0.16,0.34,0.42,0.54,2
6412,1,0.31,0.47,0.58,0.69,0.76,1
6413,2,0.23,0.34,0.46,0.58,0.7,1
6414,1,0.33,0.4,0.54,0.66,0.75,1
6415,5,0.02,0.03,0.09,0.18,0.3,2
6416,1,0.32,0.37,0.45,0.56,0.63,1
6417,2,0.24,0.33,0.38,0.46,0.58,1
6418,2,0.2,0.32,0.47,0.57,0.66,1
6419,3,0.08,0.17,0.26,0.34,0.47,1
6420,3,0.19,0.26,0.3,0.39,0.5,1
6421,5,0.02,0.05,0.09,0.17,0.27,1
6422,3,0.12,0.14,0.27,0.39,0.5,1
6423,3,0.1,0.17,0.28,0.41,0.46,1
6424,2,0.22,0.35,0.45,0.53,0.64,1
6425,3,0.17,0.23,0.29,0.4,0.55,1
6426,3,0.14,0.16,0.3,0.37,0.54,1
6427,5,0.04,0.09,0.13,0.18,0.27,1
6428,5,0.04,0.07,0.1,0.13,0.26,1
6429,5,0.04,0.06,0.11,0.21,0.33,1
6430,1,0.34,0.44,0.52,0.62,0.7,1
6431,1,0.33,0.44,0.55,0.7,0.76,1
6432,4,0.08,0.12,0.15,0.25,0.37,1
6433,3,0.15,0.21,0.34,0.44,0.56,1
6434,5,0.06,0.08,0.14,0.23,0.29,1
6435,2,0.17,0.28,0.39,0.47,0.56,1
6436,5,0.05,0.06,0.13,0.24,0.3,1
6437,5,0.03,0.04,0.07,0.14,0.28,1
6438,3,0.12,0.19,0.27,0.37,0.45,1
6439,5,0.05,0.08,0.14,0.18,0.27,1
6440,5,0.04,0.07,0.1,0.2,0.34,1
6441,3,0.15,0.19,0.26,0.38,0.51,1
6442,1,0.28,0.42,0.53,0.62,0.73,1
6443,2,0.16,0.26,0.39,0.54,0.62,3
6444,1,0.34,0.47,0.6,0.71,0.72,1
6445,3,0.14,0.23,0.32,0.4,0.47,1
6446,1,0.33,0.39,0.54,0.68,0.78,1
6447,3,0.12,0.17,0.26,0.39,0.41,1
6448,2,0.22,0.33,0.41,0.54,0.61,2
6449,1,0.25,0.38,0.51,0.6,0.66,2
6450,3,0.16,0.2,0.31,0.35,0.48,1
6451,2,0.19,0.25,0.38,0.5,0.64,1
6452,4,0.04,0.07,0.16,0.3,0.4,1
6453,5,0.05,0.07,0.12,0.22,0.32,1
6454,1,0.35,0.46,0.66,0.69,0.76,1
6455,1,0.3,0.42,0.54,0.65,0.74,1
6456,4,0.05,0.09,0.18,0.26,0.41,1
6457,5,0.05,0.09,0.12,0.18,0.26,1
6458,1,0.28,0.39,0.46,0.6,0.65,1
6459,4,0.05,0.1,0.18,0.28,0.36,1
6460,1,0.35,0.43,0.52,0.72,0.78,1
6461,1,0.35,0.46,0.63,0.74,0.81,1
6462,2,0.16,0.25,0.38,0.44,0.61,1
6463,3,0.13,0.23,0.35,0.5,0.58,1
6464,3,0.15,0.21,0.27,0.36,0.47,1
6465,4,0.08,0.12,0.17,0.26,0.35,1
6466,5,0.03,0.05,0.07,0.14,0.25,1
6467,2,0.24,0.34,0.43,0.52,0.64,1
6468,5,0.04,0.09,0.19,0.25,0.31,1
6469,3,0.08,0.16,0.28,0.44,0.55,1
6470,3,0.13,0.19,0.34,0.45,0.48,1
6471,1,0.3,0.35,0.46,0.58,0.68,1
6472,2,0.21,0.28,0.39,0.48,0.5,1
6473,3,0.16,0.21,0.3,0.45,0.52,1
6474,1,0.28,0.38,0.47,0.57,0.67,1
6475,5,0.03,0.05,0.09,0.16,0.25,1
6476,3,0.09,0.17,0.26,0.44,0.54,1
6477,3,0.16,0.24,0.32,0.44,0.52,1
6478,4,0.15,0.21,0.26,0.33,0.39,1
6479,3,0.1,0.17,0.29,0.4,0.51,1
6480,3,0.12,0.21,0.29,0.4,0.43,1
6481,4,0.06,0.09,0.17,0.26,0.43,1
6482,4,0.1,0.14,0.21,0.27,0.33,1
6483,5,0.05,0.07,0.09,0.2,0.3,1
6484,1,0.26,0.35,0.41,0.53,0.64,1
6485,5,0.05,0.08,0.12,0.22,0.33,1
6486,2,0.24,0.35,0.47,0.64,0.76,1
6487,2,0.21,0.3,0.45,0.54,0.68,1
6488,4,0.14,0.17,0.25,0.3,0.42,3
6489,4,0.07,0.12,0.2,0.29,0.39,2
6490,3,0.08,0.17,0.29,0.36,0.46,1
6491,2,0.19,0.29,0.39,0.5,0.58,1
6492,2,0.16,0.27,0.39,0.54,0.71,1
6493,5,0.03,0.06,0.1,0.15,0.27,1
6494,5,0.08,0.11,0.16,0.25,0.31,1
6495,1,0.31,0.49,0.59,0.74,0.78,1
6496,3,0.19,0.2,0.27,0.4,0.51,1
6497,5,0.06,0.08,0.13,0.19,0.33,1
6498,2,0.25,0.33,0.45,0.59,0.7,1
6499,3,0.12,0.21,0.32,0.41,0.5,1
6500,2,0.16,0.29,0.36,0.48,0.6,1
6501,1,0.31,0.44,0.57,0.64,0.76,1
6502,1,0.3,0.4,0.49,0.59,0.71,2
6503,2,0.2,0.34,0.44,0.47,0.57,1
6504,3,0.12,0.2,0.26,0.44,0.52,1
6505,2,0.16,0.3,0.35,0.42,0.52,1
6506,1,0.35,0.45,0.61,0.73,0.8,1
6507,1,0.34,0.48,0.53,0.6,0.7,1
6508,3,0.13,0.23,0.31,0.35,0.46,1
6509,4,0.11,0.16,0.17,0.28,0.35,1
6510,4,0.11,0.17,0.23,0.33,0.47,1
6511,3,0.16,0.21,0.33,0.47,0.58,1
6512,1,0.28,0.36,0.46,0.55,0.66,1
6513,2,0.19,0.31,0.39,0.48,0.6,1
6514,3,0.14,0.19,0.32,0.43,0.56,1
6515,4,0.06,0.08,0.18,0.28,0.39,1
6516,5,0.06,0.09,0.15,0.24,0.32,1
6517,1,0.31,0.44,0.6,0.7,0.81,1
6518,4,0.07,0.12,0.2,0.34,0.48,1
6519,4,0.08,0.14,0.19,0.25,0.38,1
6520,5,0.07,0.1,0.14,0.22,0.33,1
6521,4,0.09,0.15,0.25,0.31,0.38,1
6522,5,0.04,0.06,0.11,0.15,0.26,1
6523,4,0.07,0.14,0.22,0.35,0.43,1
6524,2,0.25,0.32,0.48,0.56,0.7,1
6525,4,0.07,0.1,0.2,0.29,0.4,1
6526,5,0.08,0.14,0.22,0.28,0.31,1
6527,4,0.05,0.09,0.16,0.27,0.36,1
6528,4,0.08,0.1,0.14,0.26,0.37,1
6529,5,0.05,0.06,0.13,0.19,0.26,1
6530,2,0.21,0.3,0.38,0.44,0.53,1
6531,5,0.04,0.08,0.12,0.18,0.26,1
6532,5,0.03,0.05,0.09,0.2,0.25,1
6533,4,0.09,0.12,0.22,0.33,0.42,1
6534,5,0.05,0.08,0.15,0.22,0.31,1
6535,5,0.04,0.07,0.13,0.2,0.25,1
6536,4,0.1,0.15,0.19,0.31,0.38,1
6537,2,0.21,0.32,0.47,0.63,0.74,1
6538,3,0.14,0.24,0.27,0.39,0.45,1
6539,2,0.23,0.35,0.45,0.53,0.6,1
6540,4,0.06,0.11,0.17,0.26,0.37,1
6541,3,0.16,0.24,0.33,0.42,0.47,1
6542,3,0.11,0.18,0.28,0.39,0.52,2
6543,2,0.21,0.32,0.39,0.51,0.62,1
6544,2,0.17,0.29,0.42,0.55,0.63,1
6545,2,0.2,0.27,0.38,0.5,0.59,1
6546,2,0.24,0.32,0.38,0.5,0.61,2
6547,3,0.18,0.24,0.32,0.44,0.57,1
6548,1,0.27,0.4,0.56,0.6,0.64,1
6549,1,0.31,0.41,0.46,0.65,0.71,1
6550,5,0.04,0.09,0.14,0.16,0.27,1
6551,3,0.09,0.17,0.29,0.35,0.52,1
6552,5,0.06,0.08,0.13,0.17,0.26,1
6553,1,0.32,0.44,0.59,0.7,0.76,1
6554,4,0.04,0.08,0.19,0.28,0.38,1
6555,2,0.16,0.32,0.39,0.53,0.65,2
6556,1,0.34,0.42,0.5,0.57,0.71,1
6557,5,0.04,0.07,0.12,0.2,0.34,1
6558,3,0.11,0.2,0.29,0.38,0.55,1
6559,5,0.08,0.12,0.16,0.25,0.34,1
6560,2,0.21,0.34,0.47,0.53,0.71,1
6561,1,0.26,0.39,0.51,0.67,0.71,1
6562,1,0.27,0.39,0.5,0.55,0.71,1
6563,5,0.04,0.06,0.08,0.15,0.26,1
6564,3,0.18,0.23,0.33,0.42,0.54,1
6565,3,0.15,0.2,0.33,0.41,0.58,1
6566,5,0.04,0.07,0.14,0.25,0.31,1
6567,4,0.04,0.09,0.19,0.28,0.39,1
6568,3,0.14,0.2,0.27,0.41,0.57,1
6569,5,0.04,0.06,0.13,0.2,0.27,1
6570,3,0.15,0.22,0.35,0.45,0.57,1
6571,1,0.27,0.4,0.48,0.62,0.71,1
6572,2,0.24,0.34,0.45,0.58,0.71,1
6573,2,0.19,0.29,0.4,0.49,0.58,1
6574,2,0.17,0.28,0.34,0.42,0.54,1
6575,3,0.15,0.25,0.32,0.47,0.62,1
6576,5,0.04,0.06,0.1,0.2,0.3,1
6577,2,0.17,0.27,0.36,0.52,0.61,1
6578,4,0.1,0.14,0.24,0.35,0.42,1
6579,3,0.15,0.25,0.3,0.45,0.52,1
6580,3,0.1,0.18,0.28,0.4,0.47,1
6581,3,0.12,0.21,0.33,0.46,0.54,1
6582,4,0.12,0.17,0.24,0.34,0.38,1
6583,2,0.18,0.28,0.4,0.54,0.65,1
6584,3,0.16,0.2,0.3,0.37,0.46,1
6585,4,0.08,0.1,0.15,0.28,0.38,1
6586,2,0.19,0.3,0.4,0.49,0.64,1
6587,4,0.09,0.12,0.2,0.26,0.38,1
6588,1,0.26,0.34,0.46,0.64,0.75,1
6589,5,0.07,0.1,0.17,0.21,0.32,1
6590,4,0.08,0.13,0.2,0.27,0.33,1
6591,1,0.32,0.37,0.48,0.61,0.74,1
6592,2,0.17,0.29,0.38,0.49,0.57,1
6593,4,0.08,0.12,0.18,0.29,0.44,1
6594,5,0.07,0.08,0.11,0.18,0.28,1
6595,1,0.34,0.5,0.62,0.69,0.79,1
6596,1,0.33,0.43,0.55,0.63,0.73,1
6597,5,0.07,0.11,0.19,0.24,0.32,2
6598,1,0.25,0.36,0.55,0.65,0.78,1
6599,2,0.17,0.31,0.41,0.5,0.63,1
6600,5,0.08,0.14,0.23,0.26,0.33,1
6601,3,0.14,0.26,0.3,0.4,0.54,1
6602,3,0.12,0.19,0.34,0.44,0.53,1
6603,5,0.06,0.1,0.15,0.2,0.33,1
6604,5,0.04,0.07,0.14,0.22,0.32,1
6605,2,0.23,0.33,0.41,0.63,0.73,1
6606,3,0.15,0.21,0.34,0.42,0.5,1
6607,5,0.04,0.07,0.12,0.19,0.29,1
6608,3,0.09,0.16,0.32,0.41,0.53,1
6609,4,0.09,0.14,0.23,0.32,0.46,1
6610,1,0.31,0.37,0.46,0.61,0.71,1
6611,2,0.17,0.25,0.35,0.48,0.58,1
6612,2,0.19,0.29,0.42,0.56,0.65,1
6613,4,0.09,0.13,0.2,0.29,0.43,1
6614,5,0.07,0.09,0.15,0.19,0.26,1
6615,5,0.03,0.07,0.11,0.14,0.27,1
6616,5,0.05,0.1,0.16,0.24,0.33,1
6617,3,0.15,0.2,0.28,0.37,0.49,1
6618,2,0.23,0.31,0.42,0.52,0.63,2
6619,5,0.05,0.08,0.14,0.22,0.34,1
6620,4,0.14,0.18,0.24,0.32,0.43,1
6621,5,0.02,0.05,0.09,0.16,0.33,1
6622,2,0.2,0.29,0.39,0.49,0.58,1
6623,5,0.04,0.07,0.12,0.19,0.34,1
6624,2,0.16,0.28,0.43,0.47,0.54,1
6625,2,0.2,0.28,0.38,0.5,0.6,1
6626,2,0.22,0.27,0.37,0.46,0.54,1
6627,1,0.25,0.36,0.44,0.56,0.66,1
6628,3,0.11,0.17,0.29,0.36,0.46,1
6629,5,0.03,0.05,0.1,0.18,0.26,1
6630,4,0.09,0.16,0.23,0.3,0.4,1
6631,5,0.08,0.11,0.15,0.25,0.32,1
6632,4,0.09,0.16,0.19,0.32,0.45,1
6633,3,0.12,0.2,0.33,0.39,0.45,1
6634,2,0.18,0.3,0.39,0.48,0.61,1
6635,4,0.1,0.12,0.19,0.28,0.38,1
6636,3,0.12,0.19,0.26,0.4,0.55,1
6637,4,0.09,0.12,0.18,0.31,0.42,2
6638,1,0.26,0.4,0.52,0.66,0.75,1
6639,3,0.14,0.19,0.29,0.42,0.54,1
6640,4,0.06,0.13,0.2,0.27,0.33,1
6641,1,0.33,0.41,0.51,0.61,0.71,1
6642,5,0.04,0.08,0.1,0.16,0.27,1
6643,4,0.09,0.15,0.24,0.32,0.36,1
6644,2,0.15,0.33,0.42,0.49,0.63,1
6645,2,0.25,0.33,0.42,0.51,0.57,3
6646,3,0.11,0.14,0.28,0.41,0.55,1
6647,1,0.26,0.37,0.46,0.54,0.7,1
6648,3,0.08,0.17,0.26,0.38,0.43,1
6649,1,0.34,0.4,0.49,0.63,0.73,1
6650,5,0.03,0.04,0.09,0.16,0.29,1
6651,2,0.22,0.32,0.37,0.5,0.66,1
6652,2,0.23,0.33,0.46,0.54,0.68,1
6653,5,0.06,0.07,0.11,0.16,0.29,1
6654,5,0.05,0.1,0.14,0.22,0.32,1
6655,1,0.31,0.4,0.55,0.62,0.66,1
6656,3,0.09,0.19,0.34,0.43,0.52,1
6657,4,0.07,0.08,0.15,0.26,0.34,1
6658,5,0.05,0.08,0.11,0.19,0.33,1
6659,3,0.14,0.23,0.29,0.42,0.48,1
6660,4,0.06,0.1,0.17,0.31,0.44,1
6661,2,0.17,0.33,0.47,0.61,0.69,1
6662,2,0.26,0.33,0.41,0.47,0.6,1
6663,1,0.3,0.46,0.54,0.64,0.75,1
6664,2,0.21,0.35,0.41,0.56,0.66,1
6665,4,0.08,0.12,0.2,0.28,0.34,1
6666,1,0.35,0.48,0.63,0.73,0.81,1
6667,1,0.27,0.38,0.51,0.64,0.75,2
6668,1,0.34,0.45,0.55,0.64,0.71,1
6669,1,0.3,0.4,0.47,0.64,0.75,1
6670,3,0.19,0.25,0.34,0.5,0.62,1
6671,4,0.06,0.07,0.15,0.28,0.36,1
6672,5,0.03,0.04,0.08,0.13,0.28,1
6673,1,0.29,0.33,0.44,0.53,0.58,1
6674,3,0.15,0.21,0.27,0.38,0.51,1
6675,3,0.14,0.23,0.29,0.34,0.36,1
6676,2,0.25,0.33,0.52,0.59,0.66,1
6677,1,0.33,0.37,0.44,0.53,0.64,1
6678,1,0.25,0.36,0.41,0.54,0.66,1
6679,4,0.1,0.13,0.2,0.29,0.37,1
6680,4,0.06,0.1,0.2,0.33,0.49,2
6681,4,0.11,0.14,0.19,0.25,0.36,1
6682,2,0.19,0.35,0.43,0.58,0.7,1
6683,5,0.04,0.07,0.12,0.21,0.33,1
6684,5,0.03,0.07,0.11,0.17,0.33,1
6685,5,0.05,0.1,0.14,0.2,0.25,1
6686,4,0.09,0.16,0.21,0.3,0.41,1
6687,3,0.17,0.22,0.3,0.39,0.51,1
6688,4,0.08,0.13,0.18,0.29,0.37,1
6689,4,0.05,0.1,0.19,0.27,0.35,1
6690,2,0.16,0.28,0.37,0.42,0.55,1
6691,1,0.26,0.41,0.53,0.61,0.69,1
6692,1,0.34,0.44,0.56,0.65,0.74,1
6693,2,0.25,0.31,0.4,0.54,0.63,1
6694,4,0.06,0.12,0.22,0.31,0.47,1
6695,1,0.33,0.48,0.57,0.61,0.67,1
6696,1,0.28,0.36,0.38,0.48,0.56,1
6697,1,0.29,0.35,0.5,0.58,0.64,1
6698,3,0.06,0.12,0.25,0.35,0.44,1
6699,5,0.05,0.1,0.13,0.23,0.33,1
6700,5,0.04,0.06,0.09,0.2,0.32,1
6701,4,0.08,0.12,0.21,0.3,0.39,1
6702,5,0.03,0.05,0.08,0.15,0.25,1
6703,3,0.08,0.15,0.29,0.42,0.6,1
6704,1,0.33,0.51,0.66,0.74,0.8,1
6705,5,0.04,0.06,0.11,0.21,0.34,1
6706,2,0.24,0.33,0.42,0.48,0.55,1
6707,4,0.13,0.15,0.22,0.33,0.41,1
6708,5,0.04,0.07,0.09,0.15,0.28,1
6709,1,0.33,0.48,0.59,0.72,0.8,1
6710,3,0.11,0.17,0.33,0.41,0.55,1
6711,4,0.06,0.12,0.19,0.33,0.42,2
6712,1,0.33,0.48,0.66,0.76,0.8,1
6713,4,0.08,0.12,0.22,0.33,0.47,1
6714,5,0.06,0.08,0.13,0.21,0.31,1
6715,2,0.22,0.29,0.39,0.44,0.54,2
6716,1,0.29,0.39,0.52,0.6,0.69,1
6717,3,0.18,0.24,0.32,0.42,0.52,1
6718,5,0.06,0.09,0.12,0.17,0.3,2
6719,3,0.13,0.25,0.34,0.45,0.56,1
6720,4,0.1,0.16,0.22,0.29,0.42,1
6721,4,0.1,0.14,0.18,0.27,0.33,1
6722,5,0.06,0.09,0.15,0.25,0.31,1
6723,2,0.22,0.34,0.54,0.6,0.79,1
6724,1,0.28,0.38,0.5,0.62,0.73,1
6725,3,0.15,0.22,0.31,0.39,0.51,1
6726,5,0.04,0.06,0.09,0.17,0.27,1
6727,3,0.12,0.2,0.32,0.44,0.59,1
6728,4,0.05,0.08,0.18,0.27,0.39,1
6729,2,0.23,0.31,0.4,0.54,0.67,1
6730,4,0.11,0.17,0.21,0.3,0.33,1
6731,4,0.09,0.12,0.2,0.31,0.38,2
6732,2,0.22,0.28,0.37,0.52,0.64,2
6733,2,0.18,0.27,0.36,0.43,0.6,1
6734,2,0.23,0.32,0.42,0.57,0.69,1
6735,3,0.13,0.2,0.28,0.37,0.47,1
6736,4,0.06,0.14,0.16,0.27,0.36,1
6737,2,0.15,0.26,0.4,0.51,0.6,1
6738,3,0.14,0.2,0.33,0.45,0.6,1
6739,5,0.04,0.07,0.14,0.21,0.28,1
6740,3,0.11,0.19,0.28,0.37,0.45,1
6741,1,0.26,0.35,0.43,0.51,0.66,1
6742,3,0.13,0.2,0.31,0.36,0.42,1
6743,1,0.31,0.39,0.53,0.63,0.74,1
6744,4,0.06,0.12,0.2,0.32,0.43,1
6745,3,0.13,0.19,0.29,0.42,0.58,1
6746,5,0.03,0.08,0.14,0.2,0.3,1
6747,4,0.05,0.08,0.15,0.28,0.38,1
6748,4,0.08,0.11,0.18,0.34,0.43,1
6749,4,0.08,0.13,0.25,0.32,0.38,1
6750,4,0.11,0.21,0.24,0.33,0.41,1
6751,1,0.27,0.37,0.51,0.62,0.74,1
6752,1,0.32,0.46,0.57,0.65,0.78,1
6753,4,0.08,0.12,0.21,0.28,0.41,1
6754,5,0.05,0.08,0.11,0.16,0.26,1
6755,4,0.05,0.11,0.16,0.28,0.33,2
6756,4,0.11,0.17,0.24,0.34,0.53,1
6757,4,0.09,0.11,0.23,0.3,0.37,1
6758,5,0.06,0.1,0.13,0.2,0.27,1
6759,5,0.07,0.11,0.15,0.2,0.33,1
6760,4,0.09,0.14,0.23,0.32,0.41,2
6761,5,0.04,0.07,0.14,0.21,0.32,1
6762,2,0.23,0.26,0.41,0.5,0.64,1
6763,4,0.15,0.17,0.22,0.3,0.39,1
6764,3,0.13,0.18,0.33,0.47,0.53,1
6765,1,0.29,0.39,0.5,0.65,0.75,1
6766,1,0.29,0.4,0.52,0.57,0.7,1
6767,1,0.33,0.42,0.58,0.71,0.82,1
6768,1,0.33,0.41,0.48,0.58,0.67,1
6769,5,0.05,0.08,0.13,0.16,0.26,2
6770,3,0.09,0.17,0.28,0.38,0.53,1
6771,2,0.23,0.33,0.48,0.52,0.68,3
6772,1,0.31,0.36,0.43,0.56,0.65,1
6773,3,0.15,0.22,0.3,0.46,0.5,1
6774,4,0.09,0.15,0.2,0.33,0.42,1
6775,3,0.1,0.18,0.3,0.41,0.51,1
6776,4,0.11,0.13,0.22,0.29,0.43,1
6777,5,0.04,0.06,0.08,0.16,0.28,1
6778,3,0.18,0.23,0.29,0.42,0.53,1
6779,2,0.22,0.33,0.48,0.6,0.7,1
6780,4,0.06,0.11,0.19,0.32,0.41,1
6781,5,0.06,0.09,0.12,0.19,0.33,1
6782,3,0.2,0.28,0.31,0.39,0.55,1
6783,2,0.23,0.32,0.39,0.52,0.7,1
6784,4,0.08,0.15,0.25,0.32,0.45,1
6785,2,0.25,0.28,0.4,0.51,0.62,1
6786,5,0.03,0.06,0.08,0.18,0.27,1
6787,1,0.33,0.42,0.53,0.68,0.75,1
6788,1,0.32,0.43,0.52,0.62,0.77,1
6789,3,0.13,0.16,0.26,0.37,0.5,2
6790,3,0.12,0.18,0.27,0.38,0.49,1
6791,1,0.3,0.42,0.53,0.62,0.73,1
6792,3,0.11,0.18,0.26,0.34,0.43,2
6793,2,0.21,0.3,0.44,0.5,0.62,1
6794,5,0.04,0.07,0.11,0.18,0.31,1
6795,5,0.04,0.08,0.12,0.19,0.32,1
6796,3,0.15,0.21,0.33,0.43,0.59,2
6797,1,0.26,0.38,0.47,0.61,0.67,1
6798,3,0.08,0.16,0.28,0.44,0.57,1
6799,2,0.2,0.3,0.39,0.48,0.61,1
6800,2,0.17,0.3,0.42,0.58,0.63,1
6801,2,0.26,0.33,0.42,0.45,0.6,1
6802,2,0.16,0.28,0.36,0.38,0.47,1
6803,3,0.13,0.2,0.26,0.38,0.53,1
6804,5,0.04,0.07,0.15,0.24,0.26,1
6805,1,0.34,0.49,0.58,0.69,0.76,2
6806,3,0.1,0.22,0.31,0.4,0.52,1
6807,5,0.04,0.05,0.12,0.18,0.29,1
6808,1,0.33,0.43,0.53,0.67,0.73,1
6809,1,0.28,0.43,0.6,0.66,0.74,1
6810,3,0.16,0.22,0.29,0.46,0.56,1
6811,1,0.28,0.37,0.47,0.54,0.57,1
6812,3,0.14,0.21,0.29,0.39,0.53,1
6813,4,0.05,0.13,0.22,0.34,0.39,1
6814,1,0.34,0.43,0.54,0.65,0.76,1
6815,3,0.18,0.23,0.34,0.44,0.48,1
6816,4,0.15,0.19,0.23,0.33,0.5,1
6817,1,0.28,0.39,0.48,0.6,0.71,4
6818,2,0.23,0.28,0.36,0.49,0.66,1
6819,5,0.07,0.1,0.12,0.18,0.3,1
6820,5,0.04,0.08,0.11,0.16,0.27,1
6821,3,0.12,0.2,0.26,0.43,0.61,1
6822,3,0.12,0.18,0.31,0.39,0.53,1
6823,4,0.08,0.12,0.18,0.29,0.4,1
6824,2,0.17,0.34,0.48,0.58,0.73,1
6825,2,0.19,0.29,0.35,0.44,0.59,1
6826,2,0.15,0.27,0.35,0.46,0.62,1
6827,4,0.1,0.12,0.23,0.32,0.43,1
6828,5,0.04,0.07,0.1,0.19,0.3,1
6829,3,0.14,0.19,0.27,0.36,0.5,1
6830,3,0.14,0.23,0.32,0.44,0.54,1
6831,2,0.2,0.3,0.39,0.51,0.59,1
6832,2,0.16,0.29,0.35,0.47,0.6,1
6833,2,0.15,0.27,0.34,0.45,0.52,1
6834,5,0.03,0.06,0.11,0.18,0.29,1
6835,4,0.1,0.16,0.23,0.33,0.51,2
6836,4,0.1,0.12,0.2,0.31,0.44,1
6837,4,0.09,0.16,0.22,0.27,0.36,2
6838,4,0.11,0.15,0.23,0.34,0.5,1
6839,1,0.3,0.37,0.51,0.61,0.75,1
6840,2,0.2,0.29,0.36,0.44,0.55,1
6841,1,0.28,0.4,0.48,0.58,0.69,1
6842,2,0.22,0.34,0.46,0.61,0.66,1
6843,4,0.07,0.13,0.19,0.31,0.42,1
6844,1,0.33,0.46,0.56,0.63,0.71,1
6845,3,0.17,0.21,0.32,0.47,0.61,1
6846,2,0.19,0.28,0.38,0.47,0.54,1
6847,3,0.12,0.19,0.29,0.43,0.55,1
6848,4,0.06,0.1,0.16,0.25,0.41,1
6849,5,0.04,0.06,0.08,0.18,0.29,1
6850,4,0.11,0.16,0.24,0.31,0.41,1
6851,1,0.27,0.33,0.45,0.48,0.62,1
6852,5,0.06,0.1,0.14,0.15,0.26,2
6853,3,0.12,0.19,0.26,0.36,0.46,1
6854,1,0.3,0.42,0.55,0.68,0.75,1
6855,1,0.27,0.39,0.48,0.57,0.74,1
6856,2,0.2,0.31,0.43,0.58,0.62,1
6857,2,0.16,0.26,0.36,0.43,0.55,1
6858,1,0.28,0.42,0.56,0.63,0.74,1
6859,4,0.05,0.08,0.15,0.26,0.39,1
6860,2,0.17,0.27,0.37,0.52,0.62,1
6861,5,0.04,0.07,0.12,0.18,0.33,1
6862,3,0.13,0.17,0.28,0.35,0.52,2
6863,1,0.32,0.4,0.51,0.58,0.71,1
6864,2,0.14,0.26,0.34,0.42,0.47,1
6865,2,0.19,0.29,0.39,0.49,0.58,2
6866,2,0.19,0.26,0.4,0.47,0.6,1
6867,1,0.28,0.38,0.48,0.59,0.7,1
6868,2,0.22,0.28,0.38,0.48,0.61,1
6869,1,0.3,0.43,0.55,0.64,0.72,1
6870,4,0.11,0.16,0.25,0.33,0.47,1
6871,4,0.08,0.13,0.24,0.34,0.43,1
6872,4,0.1,0.12,0.21,0.35,0.4,1
6873,3,0.16,0.22,0.33,0.5,0.67,1
6874,3,0.16,0.26,0.31,0.45,0.59,3
6875,1,0.25,0.39,0.46,0.59,0.68,1
6876,5,0.03,0.05,0.08,0.15,0.26,1
6877,4,0.06,0.11,0.18,0.27,0.39,1
6878,5,0.05,0.08,0.13,0.22,0.3,1
6879,2,0.2,0.29,0.37,0.52,0.59,1
6880,3,0.15,0.2,0.29,0.4,0.5,1
6881,2,0.2,0.34,0.49,0.58,0.75,3
6882,5,0.04,0.07,0.13,0.19,0.27,1
6883,3,0.09,0.16,0.28,0.4,0.55,1
6884,1,0.27,0.37,0.47,0.59,0.72,1
6885,3,0.16,0.21,0.33,0.36,0.46,1
6886,3,0.16,0.24,0.3,0.36,0.47,2
6887,4,0.07,0.1,0.18,0.29,0.34,1
6888,3,0.16,0.21,0.33,0.42,0.53,1
6889,4,0.09,0.15,0.23,0.28,0.37,2
6890,5,0.06,0.08,0.14,0.16,0.26,1
6891,2,0.18,0.26,0.42,0.53,0.68,3
6892,1,0.32,0.44,0.61,0.7,0.79,1
6893,4,0.05,0.1,0.19,0.26,0.38,1
6894,5,0.06,0.09,0.14,0.19,0.32,1
6895,4,0.07,0.1,0.14,0.28,0.45,1
6896,2,0.17,0.25,0.4,0.52,0.65,3
6897,4,0.08,0.13,0.23,0.34,0.45,1
6898,2,0.13,0.33,0.42,0.48,0.63,1
6899,1,0.33,0.48,0.58,0.7,0.81,1
6900,3,0.11,0.2,0.32,0.43,0.53,1
6901,1,0.29,0.33,0.38,0.5,0.6,1
6902,2,0.17,0.3,0.41,0.51,0.61,1
6903,4,0.06,0.1,0.16,0.3,0.39,1
6904,5,0.05,0.08,0.12,0.19,0.35,1
6905,4,0.06,0.08,0.17,0.28,0.37,1
6906,2,0.16,0.32,0.45,0.56,0.69,1
6907,4,0.07,0.12,0.17,0.3,0.46,2
6908,1,0.33,0.45,0.52,0.67,0.75,1
6909,4,0.08,0.1,0.2,0.31,0.37,1
6910,3,0.12,0.17,0.29,0.41,0.54,1
6911,2,0.22,0.33,0.37,0.46,0.59,1
6912,3,0.15,0.24,0.3,0.43,0.54,2
6913,3,0.12,0.21,0.33,0.47,0.55,1
6914,4,0.08,0.13,0.21,0.32,0.37,1
6915,5,0.07,0.09,0.14,0.24,0.33,1
6916,3,0.11,0.18,0.27,0.36,0.42,1
6917,3,0.14,0.22,0.29,0.34,0.47,1
6918,1,0.33,0.51,0.58,0.66,0.78,1
6919,2,0.26,0.33,0.44,0.53,0.63,1
6920,2,0.22,0.32,0.44,0.55,0.7,1
6921,5,0.04,0.05,0.1,0.18,0.3,1
6922,4,0.09,0.18,0.22,0.33,0.46,1
6923,4,0.07,0.11,0.22,0.35,0.5,1
6924,3,0.1,0.21,0.33,0.42,0.53,2
6925,5,0.05,0.1,0.15,0.2,0.3,1
6926,5,0.04,0.08,0.11,0.17,0.27,1
6927,2,0.21,0.33,0.42,0.61,0.75,1
6928,5,0.06,0.07,0.13,0.18,0.3,1
6929,3,0.13,0.2,0.3,0.39,0.55,1
6930,5,0.05,0.07,0.14,0.18,0.31,1
6931,5,0.06,0.11,0.16,0.22,0.26,2
6932,4,0.12,0.15,0.19,0.34,0.49,1
6933,3,0.12,0.25,0.34,0.49,0.57,1
6934,4,0.08,0.14,0.22,0.29,0.34,1
6935,4,0.05,0.12,0.17,0.31,0.43,1
6936,5,0.06,0.11,0.16,0.19,0.28,1
6937,1,0.33,0.49,0.57,0.71,0.77,1
6938,1,0.33,0.41,0.53,0.64,0.67,1
6939,3,0.13,0.18,0.28,0.37,0.4,1
6940,2,0.22,0.3,0.4,0.52,0.59,1
6941,4,0.08,0.14,0.17,0.26,0.45,1
6942,1,0.34,0.44,0.57,0.67,0.8,1
6943,4,0.11,0.16,0.19,0.35,0.44,1
6944,1,0.33,0.39,0.49,0.51,0.67,1
6945,4,0.06,0.12,0.17,0.26,0.38,1
6946,2,0.22,0.33,0.41,0.53,0.64,1
6947,5,0.03,0.05,0.09,0.17,0.27,1
6948,4,0.11,0.14,0.19,0.27,0.38,1
6949,5,0.04,0.08,0.13,0.21,0.35,1
6950,5,0.07,0.12,0.15,0.23,0.27,1
6951,1,0.34,0.4,0.5,0.66,0.73,1
6952,4,0.05,0.08,0.16,0.28,0.38,2
6953,5,0.04,0.05,0.09,0.18,0.26,1
6954,2,0.19,0.25,0.37,0.48,0.56,1
6955,2,0.16,0.28,0.32,0.48,0.52,1
6956,1,0.26,0.4,0.53,0.6,0.71,1
6957,1,0.28,0.37,0.45,0.52,0.6,2
6958,1,0.33,0.42,0.56,0.7,0.82,1
6959,3,0.12,0.2,0.32,0.41,0.51,1
6960,3,0.13,0.21,0.28,0.39,0.49,1
6961,5,0.05,0.08,0.12,0.16,0.28,1
6962,5,0.04,0.1,0.15,0.24,0.32,1
6963,3,0.09,0.21,0.32,0.36,0.47,1
6964,5,0.07,0.09,0.14,0.19,0.25,1
6965,4,0.1,0.14,0.23,0.34,0.56,1
6966,3,0.1,0.19,0.31,0.44,0.51,1
6967,5,0.05,0.09,0.15,0.2,0.27,1
6968,5,0.07,0.1,0.14,0.24,0.34,1
6969,3,0.13,0.23,0.31,0.38,0.52,2
6970,2,0.22,0.3,0.36,0.5,0.58,1
6971,1,0.3,0.39,0.55,0.65,0.74,2
6972,4,0.06,0.09,0.18,0.32,0.45,1
6973,2,0.2,0.31,0.41,0.47,0.59,1
6974,1,0.27,0.39,0.46,0.64,0.72,1
6975,1,0.29,0.34,0.45,0.6,0.68,1
6976,3,0.09,0.21,0.32,0.38,0.52,1
6977,2,0.19,0.32,0.45,0.54,0.62,2
6978,2,0.18,0.29,0.37,0.45,0.55,1
6979,5,0.07,0.11,0.17,0.27,0.32,1
6980,5,0.02,0.04,0.07,0.14,0.27,1
6981,5,0.05,0.1,0.15,0.24,0.33,1
6982,3,0.12,0.2,0.3,0.36,0.45,1
6983,4,0.08,0.15,0.24,0.35,0.46,2
6984,4,0.07,0.13,0.2,0.3,0.4,1
6985,5,0.06,0.1,0.17,0.19,0.29,1
6986,2,0.22,0.33,0.46,0.53,0.65,1
6987,4,0.07,0.13,0.24,0.32,0.44,1
6988,5,0.04,0.06,0.12,0.18,0.27,1
6989,4,0.05,0.09,0.13,0.27,0.35,1
6990,2,0.25,0.28,0.38,0.45,0.54,1
6991,1,0.27,0.38,0.53,0.63,0.74,1
6992,3,0.07,0.15,0.28,0.38,0.51,1
6993,5,0.07,0.11,0.16,0.2,0.31,1
6994,5,0.05,0.1,0.15,0.23,0.31,1
6995,3,0.14,0.19,0.32,0.39,0.51,1
6996,2,0.16,0.26,0.37,0.46,0.63,1
6997,2,0.17,0.27,0.43,0.55,0.63,1
6998,3,0.15,0.21,0.3,0.39,0.51,1
6999,5,0.05,0.08,0.09,0.19,0.3,1
7000,2,0.2,0.27,0.34,0.43,0.52,1
7001,5,0.05,0.08,0.14,0.19,0.31,1
7002,4,0.08,0.12,0.21,0.26,0.43,1
7003,2,0.18,0.28,0.36,0.48,0.6,1
7004,3,0.13,0.19,0.28,0.37,0.49,1
7005,1,0.3,0.42,0.49,0.58,0.69,2
7006,3,0.19,0.25,0.29,0.41,0.53,1
7007,4,0.13,0.19,0.23,0.33,0.46,1
7008,5,0.05,0.09,0.15,0.24,0.33,1
7009,1,0.29,0.35,0.47,0.61,0.7,1
7010,2,0.18,0.28,0.38,0.43,0.62,1
7011,1,0.27,0.36,0.43,0.49,0.58,1
7012,5,0.04,0.08,0.15,0.23,0.26,1
7013,4,0.08,0.12,0.18,0.27,0.39,1
7014,1,0.29,0.38,0.46,0.56,0.62,1
7015,1,0.27,0.43,0.48,0.6,0.72,1
7016,4,0.07,0.1,0.15,0.25,0.36,1
7017,1,0.27,0.36,0.48,0.63,0.78,1
7018,4,0.05,0.1,0.13,0.27,0.36,3
7019,3,0.15,0.2,0.3,0.43,0.53,1
7020,3,0.11,0.15,0.27,0.36,0.52,1
7021,2,0.15,0.3,0.39,0.51,0.64,1
7022,1,0.3,0.47,0.63,0.78,0.84,1
7023,5,0.04,0.08,0.15,0.22,0.28,1
7024,5,0.05,0.09,0.16,0.23,0.32,1
7025,2,0.21,0.32,0.44,0.6,0.69,2
7026,2,0.18,0.3,0.42,0.56,0.72,1
7027,5,0.04,0.07,0.12,0.2,0.29,1
7028,4,0.11,0.15,0.19,0.28,0.42,1
7029,3,0.08,0.16,0.29,0.4,0.51,1
7030,2,0.19,0.3,0.43,0.49,0.56,1
7031,3,0.1,0.19,0.26,0.36,0.52,1
7032,3,0.09,0.21,0.32,0.4,0.55,1
7033,3,0.16,0.26,0.33,0.43,0.46,1
7034,2,0.17,0.28,0.37,0.46,0.58,1
7035,4,0.07,0.1,0.18,0.27,0.36,1
7036,3,0.09,0.18,0.27,0.38,0.44,1
7037,3,0.1,0.18,0.3,0.35,0.44,1
7038,2,0.22,0.3,0.38,0.44,0.52,2
7039,2,0.2,0.26,0.4,0.49,0.67,1
7040,1,0.34,0.53,0.64,0.77,0.8,1
7041,2,0.21,0.29,0.41,0.55,0.62,2
7042,5,0.04,0.09,0.13,0.17,0.27,1
7043,5,0.04,0.1,0.19,0.25,0.31,1
7044,5,0.05,0.07,0.11,0.19,0.26,1
7045,4,0.08,0.11,0.18,0.32,0.47,2
7046,5,0.04,0.07,0.08,0.17,0.26,1
7047,3,0.13,0.16,0.25,0.37,0.5,1
7048,2,0.24,0.32,0.5,0.64,0.71,1
7049,3,0.15,0.18,0.29,0.41,0.49,1
7050,4,0.06,0.1,0.18,0.27,0.36,1
7051,3,0.14,0.21,0.31,0.42,0.44,1
7052,1,0.29,0.35,0.45,0.65,0.76,1
7053,2,0.18,0.28,0.39,0.47,0.6,1
7054,4,0.07,0.11,0.18,0.31,0.41,1
7055,5,0.02,0.03,0.06,0.12,0.25,3
7056,5,0.06,0.08,0.14,0.25,0.32,1
7057,4,0.07,0.12,0.23,0.35,0.45,1
7058,1,0.35,0.48,0.61,0.73,0.79,1
7059,5,0.05,0.09,0.13,0.27,0.29,1
7060,4,0.04,0.06,0.13,0.29,0.4,1
7061,5,0.03,0.05,0.11,0.2,0.33,1
7062,2,0.15,0.26,0.37,0.47,0.61,1
7063,2,0.21,0.31,0.46,0.54,0.6,1
7064,2,0.21,0.33,0.48,0.6,0.7,1
7065,2,0.22,0.34,0.46,0.53,0.61,1
7066,3,0.11,0.18,0.31,0.37,0.44,1
7067,2,0.19,0.32,0.45,0.61,0.72,1
7068,2,0.21,0.28,0.37,0.53,0.61,2
7069,5,0.04,0.08,0.14,0.19,0.28,1
7070,2,0.22,0.34,0.38,0.51,0.59,1
7071,2,0.21,0.31,0.46,0.55,0.64,1
7072,5,0.04,0.08,0.12,0.16,0.31,1
7073,2,0.24,0.34,0.45,0.53,0.64,1
7074,4,0.11,0.17,0.26,0.32,0.44,3
7075,3,0.12,0.2,0.27,0.42,0.53,1
7076,3,0.08,0.16,0.26,0.43,0.6,1
7077,4,0.08,0.12,0.17,0.31,0.41,1
7078,1,0.32,0.46,0.54,0.7,0.78,1
7079,4,0.06,0.09,0.19,0.28,0.36,1
7080,3,0.08,0.15,0.28,0.44,0.55,1
7081,2,0.14,0.28,0.38,0.53,0.68,1
7082,4,0.08,0.13,0.21,0.3,0.45,3
7083,1,0.3,0.41,0.48,0.59,0.65,2
7084,1,0.28,0.41,0.55,0.65,0.71,1
7085,5,0.06,0.09,0.13,0.19,0.27,1
7086,2,0.17,0.26,0.4,0.52,0.62,1
7087,1,0.31,0.41,0.46,0.54,0.66,1
7088,2,0.23,0.32,0.45,0.51,0.67,2
7089,5,0.07,0.1,0.15,0.24,0.31,2
7090,1,0.33,0.42,0.53,0.6,0.72,2
7091,2,0.19,0.29,0.38,0.56,0.67,1
7092,3,0.09,0.17,0.27,0.33,0.43,1
7093,3,0.09,0.18,0.28,0.4,0.49,1
7094,3,0.12,0.19,0.3,0.38,0.49,2
7095,3,0.12,0.18,0.28,0.42,0.52,1
7096,1,0.33,0.43,0.54,0.62,0.68,1
7097,2,0.22,0.33,0.41,0.51,0.63,1
7098,1,0.27,0.36,0.52,0.63,0.78,1
7099,4,0.08,0.14,0.22,0.32,0.4,1
7100,1,0.29,0.4,0.52,0.66,0.77,1
7101,1,0.32,0.43,0.55,0.7,0.77,1
7102,5,0.06,0.12,0.15,0.23,0.27,1
7103,4,0.08,0.17,0.26,0.31,0.42,1
7104,5,0.04,0.08,0.11,0.16,0.32,1
7105,5,0.05,0.08,0.13,0.21,0.34,1
7106,5,0.04,0.05,0.11,0.19,0.29,1
7107,3,0.13,0.2,0.3,0.4,0.54,1
7108,5,0.04,0.07,0.15,0.21,0.3,1
7109,4,0.07,0.13,0.19,0.34,0.51,1
7110,1,0.27,0.37,0.49,0.55,0.65,1
7111,5,0.05,0.08,0.12,0.21,0.31,1
7112,3,0.15,0.24,0.34,0.39,0.49,1
7113,5,0.03,0.04,0.08,0.19,0.32,1
7114,4,0.09,0.11,0.19,0.33,0.38,1
7115,3,0.12,0.17,0.29,0.47,0.55,2
7116,2,0.19,0.34,0.44,0.56,0.67,2
7117,1,0.3,0.39,0.51,0.63,0.71,1
7118,4,0.08,0.12,0.21,0.31,0.4,1
7119,2,0.23,0.33,0.44,0.58,0.67,1
7120,5,0.02,0.05,0.1,0.18,0.28,1
7121,1,0.34,0.43,0.54,0.61,0.7,1
7122,1,0.3,0.44,0.51,0.65,0.76,1
7123,5,0.04,0.08,0.11,0.2,0.3,1
7124,2,0.22,0.26,0.41,0.53,0.65,1
7125,2,0.23,0.32,0.41,0.56,0.7,1
7126,2,0.15,0.27,0.4,0.48,0.52,1
7127,5,0.05,0.07,0.11,0.2,0.34,1
7128,4,0.09,0.12,0.2,0.29,0.39,1
7129,4,0.09,0.12,0.23,0.33,0.44,1
7130,3,0.16,0.27,0.32,0.43,0.52,1
7131,3,0.12,0.21,0.29,0.38,0.5,1
7132,4,0.05,0.09,0.15,0.26,0.35,1
7133,2,0.23,0.33,0.36,0.42,0.5,2
7134,3,0.12,0.17,0.33,0.41,0.49,1
7135,2,0.15,0.28,0.38,0.5,0.59,1
7136,4,0.07,0.09,0.17,0.3,0.37,1
7137,2,0.15,0.27,0.34,0.46,0.57,1
7138,5,0.03,0.07,0.13,0.22,0.34,1
7139,5,0.05,0.08,0.15,0.22,0.3,1
7140,5,0.03,0.06,0.11,0.2,0.26,2
7141,2,0.18,0.28,0.37,0.54,0.63,1
7142,3,0.12,0.2,0.3,0.38,0.44,1
7143,4,0.09,0.14,0.19,0.29,0.39,1
7144,3,0.12,0.23,0.3,0.4,0.5,1
7145,2,0.17,0.29,0.36,0.42,0.46,1
7146,5,0.04,0.08,0.12,0.18,0.27,1
7147,5,0.03,0.06,0.14,0.27,0.3,1
7148,2,0.27,0.28,0.4,0.49,0.56,1
7149,3,0.13,0.18,0.27,0.39,0.52,1
7150,1,0.34,0.39,0.51,0.57,0.66,1
7151,3,0.06,0.14,0.27,0.37,0.42,1
7152,5,0.04,0.08,0.18,0.23,0.28,1
7153,1,0.34,0.49,0.63,0.72,0.81,1
7154,2,0.16,0.27,0.53,0.62,0.69,2
7155,2,0.23,0.34,0.42,0.51,0.62,1
7156,1,0.29,0.43,0.54,0.68,0.74,1
7157,1,0.29,0.39,0.48,0.52,0.58,1
7158,1,0.28,0.44,0.54,0.62,0.69,1
7159,5,0.06,0.11,0.15,0.22,0.32,1
7160,5,0.05,0.09,0.16,0.22,0.32,1
7161,1,0.31,0.46,0.6,0.68,0.78,1
7162,5,0.03,0.06,0.1,0.18,0.29,2
7163,2,0.23,0.3,0.34,0.45,0.49,2
7164,4,0.08,0.12,0.22,0.3,0.34,1
7165,4,0.09,0.15,0.23,0.27,0.37,1
7166,5,0.06,0.13,0.17,0.24,0.34,2
7167,3,0.05,0.12,0.26,0.37,0.51,1
7168,3,0.11,0.2,0.31,0.41,0.51,1
7169,1,0.27,0.34,0.49,0.59,0.7,1
7170,4,0.08,0.14,0.24,0.33,0.5,1
7171,3,0.07,0.15,0.34,0.42,0.55,1
7172,2,0.15,0.27,0.38,0.46,0.63,2
7173,5,0.11,0.14,0.2,0.24,0.34,1
7174,3,0.15,0.21,0.35,0.49,0.63,1
7175,4,0.07,0.13,0.19,0.29,0.39,1
7176,4,0.06,0.11,0.18,0.31,0.39,1
7177,1,0.25,0.39,0.46,0.6,0.73,1
7178,3,0.11,0.17,0.26,0.37,0.4,1
7179,5,0.04,0.05,0.11,0.2,0.3,1
7180,3,0.16,0.2,0.31,0.46,0.64,1
7181,2,0.21,0.29,0.47,0.57,0.71,1
7182,2,0.21,0.3,0.4,0.48,0.6,1
7183,2,0.23,0.31,0.37,0.49,0.64,1
7184,5,0.04,0.06,0.13,0.25,0.32,1
7185,1,0.3,0.39,0.51,0.62,0.7,1
7186,3,0.13,0.22,0.31,0.39,0.49,1
7187,5,0.08,0.11,0.16,0.23,0.31,2
7188,2,0.2,0.3,0.42,0.54,0.68,1
7189,2,0.16,0.25,0.37,0.51,0.61,1
7190,5,0.05,0.08,0.15,0.22,0.33,1
7191,3,0.15,0.2,0.29,0.34,0.46,1
7192,1,0.28,0.41,0.59,0.69,0.82,1
7193,1,0.33,0.47,0.57,0.69,0.75,1
7194,4,0.08,0.12,0.22,0.31,0.39,1
7195,5,0.03,0.05,0.09,0.21,0.31,1
7196,4,0.05,0.12,0.18,0.33,0.44,1
7197,1,0.35,0.43,0.57,0.63,0.76,1
7198,1,0.31,0.41,0.55,0.63,0.72,1
7199,2,0.17,0.28,0.41,0.51,0.64,1
7200,5,0.07,0.1,0.16,0.24,0.32,1
7201,1,0.28,0.44,0.54,0.64,0.72,2
7202,3,0.15,0.25,0.27,0.33,0.49,1
7203,4,0.06,0.09,0.13,0.26,0.36,1
7204,3,0.15,0.21,0.32,0.42,0.48,1
7205,4,0.05,0.09,0.17,0.34,0.43,1
7206,2,0.25,0.32,0.36,0.46,0.5,1
7207,5,0.06,0.12,0.2,0.26,0.29,1
7208,3,0.13,0.21,0.3,0.38,0.49,1
7209,1,0.31,0.38,0.53,0.62,0.7,1
7210,2,0.22,0.32,0.38,0.5,0.64,1
7211,2,0.2,0.28,0.34,0.4,0.46,1
7212,5,0.05,0.1,0.16,0.25,0.33,1
7213,2,0.25,0.33,0.39,0.54,0.66,1
7214,3,0.11,0.18,0.28,0.39,0.65,2
7215,5,0.04,0.08,0.12,0.17,0.29,1
7216,5,0.09,0.13,0.15,0.22,0.33,1
7217,4,0.06,0.1,0.23,0.34,0.46,1
7218,2,0.2,0.29,0.38,0.48,0.58,1
7219,1,0.31,0.4,0.45,0.61,0.72,1
7220,2,0.2,0.28,0.35,0.37,0.4,1
7221,1,0.28,0.39,0.57,0.7,0.78,1
7222,1,0.3,0.38,0.53,0.59,0.65,1
7223,4,0.04,0.1,0.18,0.28,0.34,1
7224,2,0.23,0.34,0.45,0.49,0.62,1
7225,2,0.18,0.25,0.37,0.48,0.62,2
7226,3,0.12,0.18,0.32,0.44,0.52,1
7227,5,0.06,0.07,0.12,0.24,0.3,1
7228,2,0.18,0.26,0.42,0.5,0.59,2
7229,4,0.08,0.12,0.2,0.29,0.45,1
7230,3,0.13,0.18,0.31,0.42,0.52,1
7231,2,0.2,0.31,0.36,0.47,0.58,1
7232,4,0.06,0.11,0.22,0.29,0.44,1
7233,4,0.12,0.17,0.24,0.33,0.46,1
7234,2,0.19,0.3,0.36,0.48,0.58,1
7235,5,0.08,0.1,0.15,0.21,0.33,1
7236,2,0.23,0.34,0.45,0.53,0.64,1
7237,4,0.1,0.14,0.17,0.29,0.41,1
7238,4,0.07,0.14,0.23,0.34,0.42,1
7239,5,0.08,0.13,0.16,0.24,0.33,1
7240,3,0.1,0.18,0.3,0.41,0.56,1
7241,1,0.29,0.39,0.48,0.59,0.66,2
7242,5,0.05,0.11,0.16,0.21,0.28,1
7243,4,0.09,0.17,0.22,0.28,0.39,1
7244,2,0.22,0.33,0.4,0.55,0.7,1
7245,5,0.05,0.09,0.15,0.16,0.29,1
7246,1,0.3,0.44,0.5,0.59,0.68,2
7247,3,0.11,0.23,0.29,0.43,0.62,1
7248,1,0.3,0.4,0.51,0.58,0.7,1
7249,5,0.08,0.15,0.18,0.21,0.34,2
7250,1,0.29,0.38,0.49,0.63,0.72,1
7251,4,0.14,0.17,0.23,0.34,0.43,1
7252,4,0.06,0.09,0.19,0.26,0.4,1
7253,5,0.05,0.06,0.11,0.18,0.29,1
7254,1,0.35,0.49,0.58,0.62,0.69,1
7255,2,0.18,0.28,0.43,0.52,0.61,3
7256,4,0.06,0.11,0.17,0.28,0.36,1
7257,3,0.13,0.21,0.29,0.36,0.45,1
7258,1,0.28,0.44,0.48,0.56,0.7,1
7259,4,0.11,0.15,0.17,0.26,0.34,1
7260,5,0.04,0.07,0.12,0.18,0.33,1
7261,3,0.15,0.24,0.34,0.49,0.57,1
7262,5,0.04,0.06,0.12,0.2,0.27,1
7263,1,0.29,0.41,0.5,0.57,0.67,1
7264,5,0.05,0.1,0.14,0.22,0.3,1
7265,1,0.34,0.46,0.56,0.61,0.73,1
7266,1,0.26,0.34,0.43,0.5,0.63,1
7267,2,0.22,0.29,0.35,0.46,0.52,1
7268,5,0.05,0.08,0.15,0.21,0.28,1
7269,1,0.31,0.4,0.52,0.61,0.72,1
7270,1,0.34,0.49,0.56,0.67,0.76,1
7271,4,0.12,0.17,0.23,0.33,0.41,1
7272,1,0.25,0.35,0.49,0.58,0.71,1
7273,1,0.32,0.49,0.58,0.7,0.76,1
7274,5,0.03,0.06,0.1,0.14,0.26,1
7275,2,0.18,0.3,0.42,0.58,0.62,1
7276,4,0.06,0.13,0.22,0.28,0.39,1
7277,2,0.24,0.31,0.44,0.58,0.69,1
7278,5,0.03,0.06,0.11,0.18,0.28,1
7279,2,0.19,0.27,0.37,0.47,0.5,2
7280,1,0.28,0.42,0.56,0.69,0.8,2
7281,4,0.07,0.14,0.24,0.28,0.37,2
7282,5,0.05,0.07,0.15,0.2,0.26,1
7283,1,0.29,0.36,0.45,0.51,0.63,1
7284,1,0.31,0.36,0.47,0.63,0.74,2
7285,5,0.05,0.09,0.14,0.19,0.26,1
7286,4,0.06,0.13,0.2,0.33,0.44,1
7287,5,0.05,0.12,0.16,0.25,0.34,1
7288,1,0.26,0.36,0.51,0.58,0.71,1
7289,3,0.11,0.17,0.29,0.36,0.5,1
7290,5,0.03,0.06,0.11,0.18,0.27,1
7291,2,0.17,0.27,0.33,0.48,0.56,1
7292,1,0.32,0.42,0.48,0.58,0.72,1
7293,5,0.04,0.07,0.12,0.2,0.29,1
7294,2,0.22,0.33,0.47,0.57,0.69,1
7295,2,0.16,0.3,0.35,0.45,0.57,1
7296,1,0.26,0.36,0.58,0.71,0.77,1
7297,4,0.08,0.14,0.25,0.34,0.42,1
7298,2,0.2,0.31,0.48,0.66,0.76,1
7299,3,0.13,0.17,0.28,0.4,0.54,1
7300,5,0.06,0.1,0.15,0.25,0.32,1
7301,3,0.1,0.16,0.26,0.34,0.44,1
7302,1,0.3,0.38,0.48,0.54,0.68,1
7303,3,0.13,0.23,0.26,0.37,0.52,1
7304,2,0.22,0.27,0.39,0.51,0.58,1
7305,4,0.06,0.11,0.19,0.31,0.4,1
7306,3,0.12,0.17,0.28,0.39,0.55,1
7307,4,0.08,0.13,0.18,0.27,0.36,1
7308,3,0.1,0.17,0.27,0.35,0.47,1
7309,3,0.15,0.23,0.33,0.44,0.58,1
7310,5,0.06,0.09,0.15,0.21,0.32,1
7311,5,0.05,0.07,0.13,0.18,0.29,1
7312,2,0.19,0.34,0.49,0.65,0.74,1
7313,2,0.21,0.31,0.41,0.49,0.5,1
7314,1,0.33,0.41,0.54,0.66,0.74,1
7315,1,0.35,0.49,0.56,0.62,0.72,1
7316,3,0.11,0.18,0.33,0.44,0.57,1
7317,3,0.11,0.18,0.28,0.4,0.52,2
7318,5,0.06,0.07,0.13,0.17,0.27,1
7319,1,0.27,0.43,0.51,0.64,0.74,1
7320,2,0.18,0.25,0.37,0.47,0.61,1
7321,2,0.2,0.28,0.38,0.43,0.53,1
7322,5,0.07,0.1,0.13,0.16,0.27,1
7323,5,0.04,0.08,0.12,0.21,0.33,1
7324,1,0.25,0.36,0.48,0.63,0.74,1
7325,1,0.31,0.48,0.55,0.64,0.69,1
7326,1,0.31,0.44,0.58,0.7,0.8,1
7327,2,0.21,0.34,0.4,0.56,0.65,1
7328,2,0.23,0.32,0.39,0.47,0.61,2
7329,5,0.05,0.08,0.13,0.23,0.28,1
7330,4,0.04,0.08,0.15,0.27,0.4,1
7331,2,0.19,0.31,0.45,0.56,0.58,1
7332,5,0.06,0.11,0.17,0.25,0.33,1
7333,1,0.34,0.39,0.48,0.58,0.68,1
7334,4,0.07,0.12,0.24,0.35,0.47,1
7335,2,0.18,0.3,0.4,0.49,0.55,1
7336,1,0.31,0.46,0.58,0.7,0.76,1
7337,1,0.32,0.42,0.48,0.64,0.7,1
7338,2,0.23,0.32,0.39,0.55,0.7,1
7339,4,0.09,0.14,0.17,0.25,0.36,1
7340,3,0.13,0.22,0.28,0.41,0.56,2
7341,5,0.05,0.07,0.12,0.16,0.26,1
7342,1,0.27,0.34,0.45,0.64,0.79,1
7343,4,0.05,0.1,0.19,0.3,0.42,1
7344,4,0.09,0.13,0.2,0.29,0.43,1
7345,5,0.03,0.08,0.12,0.19,0.28,1
7346,2,0.2,0.32,0.39,0.49,0.63,1
7347,4,0.09,0.13,0.21,0.27,0.37,1
7348,1,0.33,0.46,0.54,0.64,0.75,1
7349,5,0.07,0.09,0.14,0.22,0.28,1
7350,2,0.15,0.31,0.41,0.55,0.63,1
7351,1,0.28,0.39,0.52,0.61,0.71,3
7352,2,0.16,0.26,0.34,0.48,0.59,1
7353,5,0.04,0.08,0.16,0.21,0.31,1
7354,1,0.29,0.39,0.5,0.6,0.74,1
7355,4,0.09,0.17,0.24,0.33,0.4,1
7356,1,0.31,0.41,0.53,0.61,0.69,1
7357,3,0.13,0.19,0.32,0.48,0.62,1
7358,1,0.33,0.5,0.55,0.65,0.76,1
7359,1,0.28,0.4,0.47,0.58,0.65,1
7360,4,0.1,0.18,0.22,0.33,0.45,1
7361,1,0.31,0.4,0.43,0.53,0.64,1
7362,4,0.06,0.12,0.17,0.31,0.4,1
7363,5,0.03,0.06,0.1,0.14,0.3,1
7364,5,0.05,0.07,0.1,0.14,0.27,1
7365,1,0.28,0.44,0.59,0.71,0.75,2
7366,4,0.05,0.1,0.17,0.31,0.42,1
7367,4,0.11,0.16,0.23,0.32,0.39,1
7368,4,0.1,0.16,0.21,0.28,0.4,1
7369,5,0.04,0.05,0.1,0.14,0.25,1
7370,3,0.17,0.23,0.31,0.38,0.49,1
7371,4,0.06,0.1,0.17,0.28,0.35,1
7372,2,0.26,0.31,0.44,0.53,0.7,1
7373,5,0.03,0.08,0.13,0.19,0.26,1
7374,1,0.27,0.37,0.49,0.58,0.72,1
7375,5,0.04,0.06,0.1,0.16,0.26,1
7376,2,0.24,0.33,0.42,0.53,0.63,1
7377,4,0.09,0.14,0.19,0.27,0.37,1
7378,5,0.05,0.08,0.13,0.22,0.34,2
7379,4,0.05,0.08,0.15,0.28,0.39,1
7380,3,0.16,0.26,0.3,0.35,0.51,1
7381,5,0.04,0.08,0.12,0.22,0.34,1
7382,1,0.33,0.43,0.52,0.61,0.67,1
7383,4,0.08,0.12,0.2,0.33,0.44,1
7384,2,0.2,0.27,0.34,0.45,0.58,1
7385,1,0.34,0.42,0.49,0.63,0.73,1
7386,3,0.11,0.2,0.31,0.41,0.5,1
7387,2,0.19,0.3,0.38,0.45,0.58,2
7388,5,0.05,0.08,0.12,0.2,0.26,1
7389,3,0.14,0.24,0.31,0.43,0.55,1
7390,1,0.34,0.43,0.6,0.69,0.81,1
7391,5,0.05,0.08,0.13,0.21,0.3,1
7392,5,0.04,0.05,0.07,0.14,0.25,1
7393,4,0.05,0.1,0.17,0.29,0.43,1
7394,3,0.11,0.2,0.29,0.33,0.39,1
7395,1,0.26,0.41,0.49,0.59,0.66,1
7396,1,0.26,0.35,0.46,0.55,0.66,1
7397,5,0.06,0.09,0.11,0.18,0.28,1
7398,5,0.07,0.1,0.15,0.21,0.31,1
7399,5,0.03,0.07,0.13,0.24,0.35,1
7400,2,0.17,0.26,0.4,0.46,0.57,1
7401,4,0.05,0.08,0.18,0.29,0.42,1
7402,1,0.34,0.46,0.57,0.69,0.78,2
7403,2,0.18,0.29,0.4,0.53,0.69,2
7404,4,0.1,0.17,0.2,0.28,0.35,1
7405,1,0.29,0.36,0.5,0.65,0.78,1
7406,2,0.19,0.3,0.48,0.54,0.63,1
7407,4,0.07,0.12,0.21,0.28,0.41,1
7408,3,0.1,0.17,0.25,0.43,0.56,1
7409,2,0.17,0.3,0.4,0.52,0.67,1
7410,5,0.06,0.1,0.16,0.21,0.28,1
7411,1,0.27,0.4,0.49,0.6,0.7,1
7412,4,0.08,0.12,0.25,0.33,0.5,1
7413,2,0.18,0.29,0.36,0.49,0.61,1
7414,3,0.1,0.14,0.27,0.38,0.5,1
7415,4,0.06,0.12,0.17,0.3,0.41,1
7416,2,0.21,0.32,0.4,0.49,0.62,1
7417,1,0.3,0.4,0.53,0.68,0.76,1
7418,1,0.33,0.43,0.54,0.67,0.79,1
7419,3,0.13,0.19,0.31,0.41,0.49,1
7420,3,0.12,0.17,0.28,0.36,0.48,2
7421,1,0.26,0.4,0.5,0.65,0.75,1
7422,2,0.16,0.27,0.39,0.5,0.61,1
7423,3,0.16,0.22,0.3,0.43,0.49,2
7424,1,0.33,0.43,0.55,0.68,0.76,1
7425,5,0.06,0.1,0.13,0.18,0.34,1
7426,3,0.18,0.2,0.33,0.41,0.52,1
7427,2,0.23,0.31,0.42,0.52,0.61,1
7428,4,0.08,0.15,0.2,0.3,0.39,1
7429,4,0.06,0.12,0.19,0.34,0.41,1
7430,4,0.12,0.17,0.25,0.32,0.38,1
7431,3,0.18,0.26,0.29,0.4,0.58,1
7432,2,0.21,0.35,0.4,0.54,0.69,2
7433,5,0.03,0.08,0.11,0.21,0.29,1
7434,3,0.1,0.18,0.28,0.38,0.46,1
7435,5,0.04,0.06,0.09,0.17,0.3,1
7436,1,0.27,0.39,0.44,0.56,0.73,2
7437,5,0.03,0.05,0.11,0.2,0.34,2
7438,1,0.32,0.42,0.58,0.62,0.74,1
7439,4,0.08,0.12,0.17,0.28,0.37,1
7440,5,0.09,0.12,0.15,0.23,0.29,1
7441,1,0.3,0.44,0.64,0.67,0.78,1
7442,5,0.04,0.08,0.14,0.25,0.32,1
7443,3,0.14,0.22,0.28,0.36,0.51,1
7444,1,0.33,0.43,0.52,0.65,0.7,1
7445,2,0.19,0.32,0.48,0.63,0.75,1
7446,4,0.05,0.08,0.14,0.29,0.44,1
7447,1,0.3,0.41,0.51,0.64,0.72,2
7448,4,0.08,0.12,0.17,0.33,0.56,1
7449,1,0.31,0.37,0.61,0.68,0.76,1
7450,2,0.22,0.3,0.39,0.52,0.68,1
7451,1,0.32,0.44,0.53,0.64,0.74,1
7452,3,0.12,0.19,0.27,0.37,0.44,1
7453,1,0.29,0.45,0.55,0.63,0.73,1
7454,3,0.17,0.25,0.32,0.45,0.62,1
7455,1,0.33,0.44,0.57,0.71,0.8,1
7456,4,0.07,0.12,0.16,0.26,0.35,1
7457,4,0.1,0.17,0.21,0.26,0.36,1
7458,3,0.12,0.21,0.31,0.37,0.5,1
7459,4,0.08,0.14,0.2,0.29,0.35,1
7460,1,0.32,0.45,0.5,0.62,0.75,1
7461,5,0.06,0.1,0.15,0.22,0.34,1
7462,4,0.09,0.15,0.21,0.33,0.45,1
7463,5,0.04,0.06,0.1,0.18,0.25,1
7464,5,0.03,0.06,0.12,0.15,0.26,1
7465,3,0.18,0.28,0.31,0.42,0.52,1
7466,4,0.05,0.1,0.16,0.3,0.39,1
7467,2,0.17,0.27,0.38,0.5,0.6,1
7468,4,0.07,0.13,0.22,0.34,0.48,1
7469,3,0.13,0.2,0.3,0.38,0.54,1
7470,2,0.19,0.29,0.4,0.51,0.64,1
7471,5,0.07,0.12,0.18,0.24,0.33,1
7472,4,0.09,0.14,0.2,0.33,0.45,1
7473,1,0.29,0.35,0.43,0.54,0.61,1
7474,2,0.22,0.28,0.4,0.51,0.62,1
7475,2,0.17,0.28,0.34,0.46,0.52,1
7476,4,0.11,0.17,0.26,0.32,0.39,1
7477,5,0.05,0.09,0.14,0.18,0.28,1
7478,5,0.04,0.07,0.12,0.19,0.3,1
7479,4,0.07,0.15,0.18,0.3,0.39,2
7480,3,0.09,0.16,0.29,0.41,0.54,1
7481,1,0.29,0.43,0.6,0.66,0.73,3
7482,5,0.06,0.08,0.1,0.2,0.28,1
7483,1,0.33,0.45,0.51,0.65,0.73,1
7484,1,0.3,0.46,0.52,0.7,0.8,1
7485,4,0.05,0.1,0.17,0.27,0.33,1
7486,3,0.11,0.2,0.32,0.37,0.44,1
7487,4,0.06,0.11,0.19,0.34,0.42,1
7488,5,0.02,0.04,0.1,0.2,0.27,1
7489,3,0.11,0.18,0.29,0.39,0.54,1
7490,3,0.18,0.22,0.3,0.43,0.54,1
7491,2,0.23,0.34,0.45,0.58,0.66,1
7492,5,0.04,0.06,0.12,0.19,0.33,1
7493,1,0.27,0.34,0.39,0.51,0.6,1
7494,2,0.21,0.27,0.33,0.51,0.59,1
7495,4,0.1,0.17,0.24,0.32,0.5,1
7496,2,0.23,0.33,0.43,0.55,0.67,1
7497,2,0.21,0.33,0.42,0.5,0.61,1
7498,4,0.06,0.12,0.18,0.3,0.39,1
7499,1,0.28,0.42,0.48,0.59,0.62,1
7500,1,0.29,0.34,0.41,0.48,0.55,1
7501,3,0.14,0.23,0.27,0.33,0.42,1
7502,5,0.05,0.07,0.16,0.18,0.28,1
7503,2,0.25,0.27,0.34,0.41,0.58,1
7504,2,0.12,0.29,0.37,0.45,0.54,1
7505,4,0.05,0.13,0.22,0.32,0.44,1
7506,5,0.04,0.05,0.1,0.17,0.26,1
7507,3,0.14,0.21,0.3,0.42,0.56,1
7508,4,0.08,0.13,0.19,0.34,0.44,1
7509,4,0.13,0.17,0.23,0.34,0.46,1
7510,4,0.04,0.09,0.19,0.3,0.39,1
7511,2,0.21,0.3,0.42,0.53,0.6,1
7512,5,0.07,0.09,0.15,0.21,0.32,1
7513,5,0.04,0.07,0.12,0.21,0.31,1
7514,2,0.23,0.33,0.42,0.49,0.62,1
7515,5,0.05,0.08,0.14,0.21,0.31,1
7516,5,0.05,0.09,0.13,0.19,0.3,1
7517,4,0.05,0.14,0.22,0.31,0.49,1
7518,5,0.08,0.13,0.18,0.24,0.32,1
7519,2,0.21,0.29,0.38,0.47,0.56,1
7520,5,0.06,0.09,0.15,0.2,0.3,1
7521,5,0.05,0.07,0.14,0.22,0.29,1
7522,2,0.21,0.32,0.41,0.54,0.64,1
7523,1,0.34,0.44,0.56,0.67,0.76,1
7524,4,0.12,0.16,0.21,0.31,0.41,1
7525,4,0.06,0.14,0.18,0.32,0.38,1
7526,1,0.3,0.37,0.48,0.57,0.74,1
7527,5,0.08,0.13,0.2,0.23,0.32,1
7528,2,0.19,0.28,0.39,0.41,0.51,1
7529,5,0.06,0.1,0.12,0.19,0.26,1
7530,1,0.33,0.45,0.52,0.56,0.69,1
7531,1,0.28,0.43,0.58,0.69,0.81,1
7532,1,0.26,0.36,0.48,0.53,0.63,1
7533,3,0.12,0.2,0.29,0.46,0.58,1
7534,1,0.26,0.38,0.53,0.59,0.66,1
7535,4,0.08,0.15,0.21,0.33,0.46,1
7536,1,0.29,0.35,0.45,0.56,0.61,1
7537,1,0.3,0.37,0.42,0.51,0.61,1
7538,2,0.22,0.29,0.44,0.53,0.59,1
7539,1,0.31,0.42,0.54,0.6,0.69,1
7540,3,0.16,0.22,0.29,0.42,0.54,1
7541,2,0.22,0.28,0.43,0.57,0.67,1
7542,3,0.16,0.19,0.27,0.39,0.51,1
7543,3,0.12,0.17,0.31,0.43,0.58,1
7544,1,0.29,0.44,0.53,0.56,0.66,1
7545,3,0.09,0.15,0.27,0.35,0.49,1
7546,4,0.05,0.09,0.18,0.31,0.39,1
7547,2,0.18,0.3,0.37,0.5,0.63,1
7548,3,0.15,0.23,0.3,0.36,0.52,1
7549,1,0.32,0.4,0.52,0.59,0.66,1
7550,5,0.03,0.06,0.09,0.16,0.29,1
7551,3,0.09,0.19,0.29,0.42,0.53,1
7552,3,0.09,0.16,0.29,0.42,0.55,2
7553,2,0.22,0.29,0.42,0.52,0.62,3
7554,3,0.09,0.14,0.26,0.4,0.46,1
7555,1,0.32,0.44,0.63,0.76,0.89,1
7556,5,0.06,0.09,0.14,0.24,0.31,2
7557,5,0.05,0.08,0.11,0.16,0.26,1
7558,2,0.21,0.3,0.37,0.39,0.47,1
7559,1,0.28,0.4,0.52,0.69,0.78,1
7560,4,0.06,0.11,0.19,0.28,0.42,2
7561,3,0.15,0.21,0.32,0.42,0.55,1
7562,4,0.06,0.13,0.22,0.32,0.43,1
7563,1,0.29,0.47,0.62,0.71,0.73,2
7564,5,0.05,0.09,0.12,0.21,0.33,1
7565,5,0.03,0.05,0.11,0.18,0.29,1
7566,3,0.14,0.26,0.3,0.4,0.44,1
7567,4,0.1,0.14,0.21,0.28,0.38,1
7568,3,0.08,0.2,0.3,0.4,0.52,1
7569,3,0.12,0.2,0.27,0.42,0.58,1
7570,2,0.27,0.31,0.33,0.41,0.5,1
7571,2,0.2,0.28,0.32,0.4,0.52,1
7572,3,0.14,0.22,0.33,0.44,0.56,1
7573,5,0.06,0.1,0.18,0.24,0.27,1
7574,5,0.07,0.1,0.15,0.23,0.33,1
7575,3,0.14,0.19,0.27,0.44,0.55,1
7576,1,0.33,0.45,0.56,0.66,0.77,1
7577,1,0.33,0.42,0.57,0.65,0.78,2
7578,3,0.19,0.21,0.34,0.53,0.66,1
7579,4,0.07,0.14,0.22,0.34,0.44,1
7580,2,0.22,0.35,0.45,0.56,0.63,1
7581,5,0.02,0.05,0.09,0.14,0.31,1
7582,5,0.03,0.05,0.14,0.26,0.32,1
7583,2,0.16,0.28,0.38,0.56,0.66,1
7584,3,0.1,0.15,0.25,0.36,0.45,1
7585,4,0.12,0.18,0.23,0.35,0.42,1
7586,5,0.07,0.13,0.16,0.23,0.3,1
7587,3,0.1,0.18,0.28,0.36,0.42,1
7588,5,0.04,0.06,0.11,0.19,0.29,1
7589,5,0.06,0.08,0.13,0.21,0.33,1
7590,4,0.07,0.11,0.24,0.27,0.42,1
7591,2,0.17,0.25,0.35,0.45,0.47,2
7592,2,0.2,0.31,0.43,0.49,0.59,1
7593,2,0.19,0.29,0.4,0.49,0.58,1
7594,3,0.09,0.17,0.25,0.38,0.49,1
7595,5,0.04,0.06,0.1,0.19,0.28,2
7596,1,0.3,0.42,0.51,0.57,0.7,1
7597,1,0.34,0.39,0.48,0.56,0.63,2
7598,5,0.04,0.07,0.15,0.25,0.34,1
7599,5,0.05,0.09,0.15,0.22,0.33,1
7600,2,0.18,0.26,0.4,0.52,0.66,1
7601,3,0.11,0.2,0.3,0.37,0.5,1
7602,5,0.03,0.06,0.1,0.18,0.28,1
7603,1,0.3,0.39,0.51,0.61,0.69,1
7604,1,0.31,0.4,0.52,0.67,0.77,1
7605,5,0.1,0.13,0.18,0.24,0.34,1
7606,1,0.29,0.42,0.52,0.59,0.7,1
7607,1,0.29,0.43,0.48,0.65,0.7,1
7608,3,0.1,0.16,0.29,0.46,0.59,1
7609,1,0.32,0.45,0.58,0.66,0.76,1
7610,4,0.07,0.12,0.19,0.28,0.36,2
7611,2,0.16,0.28,0.33,0.41,0.55,1
7612,4,0.1,0.17,0.23,0.32,0.45,1
7613,1,0.26,0.36,0.44,0.55,0.61,1
7614,2,0.18,0.31,0.44,0.55,0.67,1
7615,1,0.32,0.37,0.51,0.62,0.74,1
7616,1,0.28,0.39,0.52,0.7,0.76,1
7617,5,0.02,0.03,0.07,0.16,0.25,1
7618,1,0.29,0.46,0.53,0.62,0.7,1
7619,4,0.13,0.19,0.23,0.35,0.45,1
7620,1,0.32,0.42,0.52,0.65,0.78,1
7621,5,0.05,0.09,0.13,0.18,0.28,1
7622,1,0.27,0.36,0.42,0.5,0.6,1
7623,1,0.33,0.45,0.51,0.61,0.78,1
7624,3,0.1,0.21,0.32,0.45,0.6,2
7625,4,0.12,0.18,0.22,0.28,0.4,1
7626,5,0.06,0.09,0.13,0.22,0.34,1
7627,1,0.29,0.34,0.46,0.53,0.62,1
7628,1,0.33,0.47,0.63,0.69,0.78,1
7629,2,0.17,0.33,0.35,0.44,0.57,1
7630,3,0.18,0.27,0.32,0.4,0.49,1
7631,4,0.06,0.09,0.15,0.26,0.35,1
7632,4,0.06,0.11,0.2,0.33,0.38,1
7633,5,0.08,0.1,0.15,0.23,0.3,1
7634,4,0.06,0.12,0.21,0.35,0.45,1
7635,2,0.18,0.32,0.35,0.45,0.58,1
7636,1,0.32,0.48,0.61,0.7,0.77,1
7637,2,0.22,0.3,0.4,0.45,0.53,1
7638,1,0.34,0.43,0.59,0.76,0.82,1
7639,2,0.23,0.28,0.4,0.53,0.67,1
7640,3,0.09,0.17,0.25,0.39,0.48,1
7641,3,0.16,0.24,0.31,0.44,0.53,1
7642,5,0.02,0.04,0.06,0.14,0.27,1
7643,5,0.04,0.07,0.11,0.16,0.27,2
7644,1,0.34,0.5,0.57,0.72,0.81,1
7645,5,0.02,0.06,0.1,0.18,0.27,1
7646,2,0.14,0.27,0.33,0.43,0.59,1
7647,2,0.24,0.3,0.42,0.5,0.64,1
7648,4,0.06,0.11,0.19,0.26,0.38,1
7649,3,0.11,0.17,0.3,0.44,0.62,1
7650,3,0.24,0.27,0.32,0.43,0.57,1
7651,2,0.23,0.3,0.4,0.5,0.67,1
7652,5,0.05,0.08,0.11,0.17,0.3,1
7653,2,0.24,0.34,0.5,0.53,0.67,2
7654,1,0.3,0.4,0.52,0.65,0.72,1
7655,4,0.07,0.13,0.21,0.28,0.37,1
7656,1,0.33,0.35,0.49,0.63,0.7,1
7657,1,0.32,0.45,0.59,0.75,0.82,1
7658,5,0.03,0.04,0.08,0.15,0.28,1
7659,2,0.22,0.33,0.43,0.53,0.63,2
7660,3,0.13,0.19,0.31,0.44,0.51,2
7661,4,0.08,0.14,0.22,0.34,0.45,1
7662,4,0.07,0.14,0.23,0.3,0.37,1
7663,1,0.26,0.36,0.52,0.67,0.79,1
7664,4,0.07,0.14,0.19,0.34,0.44,1
7665,5,0.06,0.1,0.13,0.23,0.33,1
7666,1,0.3,0.35,0.46,0.55,0.7,1
7667,4,0.09,0.12,0.17,0.31,0.4,1
7668,1,0.34,0.4,0.47,0.62,0.73,1
7669,1,0.25,0.35,0.41,0.58,0.72,1
7670,3,0.11,0.15,0.29,0.39,0.46,1
7671,1,0.3,0.4,0.49,0.55,0.7,1
7672,3,0.09,0.14,0.3,0.4,0.58,1
7673,3,0.14,0.2,0.3,0.4,0.54,1
7674,1,0.27,0.37,0.52,0.63,0.72,1
7675,4,0.07,0.11,0.23,0.31,0.38,1
7676,2,0.2,0.33,0.4,0.5,0.6,1
7677,1,0.3,0.37,0.45,0.56,0.68,1
7678,2,0.2,0.32,0.43,0.57,0.67,1
7679,1,0.33,0.44,0.51,0.62,0.7,1
7680,3,0.12,0.2,0.33,0.39,0.55,1
7681,5,0.03,0.06,0.09,0.18,0.29,1
7682,2,0.22,0.31,0.35,0.47,0.58,1
7683,3,0.07,0.13,0.28,0.39,0.5,1
7684,1,0.31,0.43,0.56,0.69,0.79,1
7685,2,0.22,0.29,0.39,0.46,0.62,1
7686,2,0.21,0.31,0.41,0.54,0.61,1
7687,2,0.22,0.3,0.35,0.43,0.48,1
7688,2,0.24,0.32,0.47,0.61,0.73,1
7689,3,0.1,0.19,0.27,0.37,0.49,3
7690,4,0.06,0.11,0.14,0.31,0.42,1
7691,4,0.06,0.07,0.16,0.31,0.38,1
7692,5,0.04,0.1,0.15,0.23,0.32,1
7693,3,0.17,0.23,0.34,0.45,0.58,1
7694,1,0.28,0.35,0.46,0.55,0.68,1
7695,2,0.26,0.33,0.45,0.61,0.75,1
7696,2,0.22,0.34,0.44,0.57,0.7,1
7697,2,0.15,0.28,0.38,0.47,0.56,1
7698,2,0.18,0.29,0.39,0.47,0.6,1
7699,2,0.2,0.33,0.42,0.53,0.63,1
7700,3,0.16,0.22,0.3,0.43,0.56,1
7701,2,0.2,0.27,0.37,0.49,0.63,1
7702,1,0.34,0.5,0.61,0.72,0.81,1
7703,5,0.05,0.07,0.11,0.16,0.28,1
7704,1,0.26,0.37,0.48,0.58,0.68,1
7705,5,0.04,0.07,0.12,0.19,0.31,1
7706,3,0.14,0.23,0.33,0.45,0.57,1
7707,5,0.07,0.1,0.14,0.24,0.33,1
7708,1,0.29,0.44,0.52,0.66,0.71,1
7709,3,0.17,0.22,0.32,0.44,0.54,1
7710,3,0.13,0.21,0.32,0.39,0.47,1
7711,5,0.05,0.09,0.15,0.17,0.28,1
7712,5,0.05,0.09,0.16,0.2,0.29,1
7713,5,0.06,0.11,0.13,0.24,0.34,1
7714,2,0.2,0.29,0.36,0.47,0.61,1
7715,3,0.12,0.22,0.29,0.43,0.56,1
7716,5,0.04,0.08,0.13,0.2,0.33,1
7717,3,0.11,0.16,0.32,0.4,0.47,2
7718,3,0.16,0.23,0.34,0.37,0.49,1
7719,5,0.04,0.07,0.13,0.16,0.26,1
7720,2,0.23,0.3,0.37,0.48,0.59,1
7721,1,0.27,0.35,0.44,0.55,0.65,1
7722,2,0.16,0.28,0.34,0.44,0.5,1
7723,2,0.22,0.28,0.43,0.49,0.62,1
7724,5,0.03,0.07,0.11,0.18,0.25,1
7725,4,0.07,0.12,0.21,0.32,0.41,2
7726,5,0.02,0.04,0.1,0.19,0.26,1
7727,5,0.05,0.08,0.14,0.26,0.3,1
7728,5,0.04,0.09,0.11,0.2,0.34,1
7729,1,0.29,0.36,0.43,0.61,0.73,1
7730,2,0.2,0.3,0.4,0.44,0.53,1
7731,5,0.05,0.08,0.11,0.15,0.25,1
7732,1,0.3,0.42,0.52,0.66,0.76,1
7733,2,0.16,0.27,0.35,0.46,0.53,2
7734,5,0.03,0.06,0.12,0.24,0.32,1
7735,3,0.1,0.17,0.27,0.37,0.47,1
7736,5,0.04,0.08,0.12,0.16,0.29,1
7737,4,0.06,0.08,0.2,0.31,0.41,1
7738,5,0.04,0.07,0.1,0.14,0.28,1
7739,5,0.04,0.06,0.11,0.19,0.35,1
7740,2,0.14,0.3,0.39,0.45,0.55,1
7741,2,0.18,0.34,0.42,0.54,0.62,1
7742,3,0.11,0.2,0.32,0.45,0.61,1
7743,5,0.04,0.07,0.13,0.23,0.33,1
7744,1,0.33,0.44,0.61,0.63,0.74,1
7745,4,0.09,0.15,0.22,0.34,0.44,2
7746,3,0.09,0.15,0.26,0.41,0.46,1
7747,3,0.15,0.22,0.32,0.39,0.53,1
7748,1,0.26,0.37,0.53,0.63,0.69,1
7749,1,0.29,0.4,0.55,0.63,0.8,2
7750,5,0.04,0.08,0.12,0.21,0.35,1
7751,1,0.3,0.39,0.51,0.65,0.77,1
7752,5,0.05,0.07,0.13,0.21,0.28,1
7753,5,0.06,0.1,0.16,0.2,0.31,1
7754,3,0.09,0.17,0.3,0.4,0.55,1
7755,3,0.13,0.26,0.33,0.51,0.62,1
7756,1,0.26,0.37,0.4,0.52,0.66,1
7757,1,0.32,0.41,0.48,0.61,0.76,1
7758,3,0.1,0.18,0.29,0.39,0.49,1
7759,1,0.32,0.41,0.55,0.63,0.7,1
7760,2,0.27,0.29,0.39,0.46,0.56,1
7761,3,0.1,0.15,0.26,0.37,0.44,1
7762,2,0.24,0.28,0.36,0.53,0.65,1
7763,3,0.08,0.15,0.32,0.44,0.54,1
7764,2,0.2,0.28,0.41,0.49,0.62,1
7765,3,0.13,0.18,0.27,0.35,0.46,1
7766,1,0.33,0.4,0.54,0.61,0.71,1
7767,4,0.09,0.14,0.2,0.3,0.4,1
7768,4,0.09,0.14,0.21,0.33,0.42,2
7769,1,0.28,0.35,0.45,0.6,0.64,2
7770,1,0.27,0.36,0.46,0.53,0.7,1
7771,2,0.2,0.31,0.45,0.58,0.68,1
7772,5,0.04,0.08,0.13,0.2,0.26,1
7773,1,0.35,0.43,0.53,0.63,0.68,1
7774,4,0.06,0.09,0.18,0.26,0.39,1
7775,2,0.15,0.31,0.44,0.54,0.64,1
7776,5,0.05,0.08,0.15,0.2,0.29,1
7777,4,0.07,0.15,0.22,0.32,0.45,1
7778,3,0.11,0.21,0.3,0.42,0.52,4
7779,4,0.05,0.1,0.19,0.25,0.37,1
7780,3,0.1,0.17,0.28,0.36,0.51,1
7781,3,0.14,0.22,0.32,0.39,0.48,1
7782,1,0.33,0.46,0.57,0.72,0.82,1
7783,2,0.2,0.31,0.42,0.56,0.67,1
7784,4,0.1,0.13,0.23,0.35,0.48,1
7785,4,0.06,0.12,0.18,0.29,0.41,2
7786,5,0.05,0.1,0.13,0.21,0.33,1
7787,4,0.08,0.16,0.2,0.34,0.4,1
7788,3,0.15,0.22,0.33,0.41,0.52,1
7789,2,0.27,0.3,0.42,0.56,0.63,1
7790,2,0.22,0.29,0.4,0.5,0.58,1
7791,4,0.09,0.14,0.21,0.29,0.42,1
7792,5,0.04,0.06,0.13,0.19,0.3,1
7793,5,0.04,0.07,0.13,0.21,0.33,1
7794,3,0.11,0.19,0.27,0.37,0.5,1
7795,4,0.06,0.1,0.2,0.31,0.41,1
7796,1,0.29,0.4,0.44,0.56,0.73,1
7797,4,0.09,0.15,0.24,0.31,0.44,1
7798,2,0.21,0.27,0.36,0.49,0.66,1
7799,2,0.21,0.3,0.4,0.49,0.55,1
7800,2,0.18,0.31,0.43,0.53,0.62,1
7801,1,0.34,0.43,0.57,0.64,0.72,2
7802,4,0.07,0.12,0.23,0.29,0.38,2
7803,3,0.11,0.2,0.29,0.38,0.48,2
7804,3,0.1,0.18,0.32,0.36,0.49,1
7805,1,0.25,0.37,0.48,0.57,0.65,1
7806,5,0.03,0.08,0.13,0.19,0.26,1
7807,3,0.14,0.18,0.27,0.36,0.41,1
7808,1,0.3,0.42,0.45,0.53,0.7,1
7809,3,0.12,0.21,0.26,0.39,0.49,1
7810,1,0.28,0.37,0.54,0.67,0.79,1
7811,4,0.06,0.11,0.21,0.34,0.43,3
7812,3,0.1,0.14,0.26,0.37,0.44,1
7813,4,0.07,0.09,0.16,0.33,0.48,1
7814,2,0.13,0.26,0.37,0.43,0.59,1
7815,5,0.05,0.1,0.17,0.2,0.33,1
7816,1,0.3,0.46,0.55,0.66,0.76,1
7817,2,0.27,0.31,0.41,0.53,0.61,1
7818,5,0.08,0.1,0.13,0.2,0.31,1
7819,4,0.08,0.18,0.22,0.32,0.4,1
7820,4,0.07,0.1,0.15,0.26,0.37,2
7821,5,0.03,0.04,0.1,0.18,0.3,1
7822,5,0.08,0.14,0.18,0.2,0.27,1
7823,5,0.04,0.06,0.1,0.19,0.3,1
7824,4,0.08,0.13,0.2,0.29,0.43,1
7825,4,0.06,0.12,0.17,0.32,0.35,1
7826,4,0.08,0.12,0.19,0.31,0.37,1
7827,1,0.31,0.42,0.54,0.65,0.71,1
7828,1,0.27,0.34,0.39,0.5,0.65,1
7829,5,0.08,0.09,0.16,0.21,0.32,1
7830,2,0.22,0.3,0.43,0.56,0.65,3
7831,1,0.28,0.37,0.52,0.67,0.77,1
7832,1,0.29,0.38,0.52,0.58,0.65,1
7833,2,0.25,0.33,0.44,0.57,0.65,1
7834,4,0.05,0.11,0.17,0.29,0.37,1
7835,4,0.09,0.12,0.21,0.31,0.37,2
7836,4,0.04,0.06,0.12,0.26,0.42,2
7837,5,0.08,0.12,0.17,0.25,0.34,2
7838,5,0.04,0.06,0.1,0.17,0.29,1
7839,1,0.3,0.42,0.44,0.59,0.66,1
7840,5,0.04,0.07,0.11,0.2,0.33,1
7841,3,0.15,0.24,0.34,0.42,0.52,2
7842,3,0.19,0.24,0.35,0.46,0.5,1
7843,5,0.04,0.05,0.09,0.15,0.33,1
7844,1,0.32,0.43,0.49,0.62,0.77,1
7845,3,0.1,0.21,0.3,0.36,0.41,1
7846,3,0.13,0.21,0.31,0.4,0.58,1
7847,2,0.17,0.33,0.41,0.45,0.51,4
7848,3,0.11,0.19,0.28,0.36,0.46,1
7849,4,0.09,0.13,0.23,0.34,0.45,1
7850,4,0.09,0.14,0.18,0.29,0.4,1
7851,3,0.13,0.18,0.28,0.39,0.53,2
7852,5,0.08,0.12,0.19,0.2,0.34,2
7853,4,0.08,0.17,0.25,0.31,0.37,1
7854,3,0.13,0.17,0.27,0.38,0.46,1
7855,4,0.08,0.11,0.24,0.34,0.51,1
7856,3,0.1,0.19,0.29,0.42,0.55,1
7857,3,0.11,0.15,0.33,0.41,0.54,1
7858,2,0.22,0.35,0.41,0.49,0.58,1
7859,5,0.09,0.14,0.2,0.26,0.32,1
7860,4,0.11,0.18,0.22,0.31,0.42,1
7861,4,0.07,0.11,0.18,0.28,0.37,1
7862,5,0.09,0.13,0.14,0.2,0.32,1
7863,5,0.03,0.05,0.11,0.15,0.3,1
7864,5,0.05,0.07,0.11,0.19,0.31,1
7865,3,0.16,0.25,0.34,0.47,0.58,1
7866,2,0.19,0.29,0.39,0.45,0.49,1
7867,1,0.32,0.4,0.47,0.6,0.74,1
7868,1,0.26,0.39,0.46,0.62,0.69,1
7869,3,0.1,0.18,0.29,0.42,0.51,1
7870,4,0.07,0.15,0.19,0.27,0.34,1
7871,1,0.33,0.41,0.52,0.61,0.75,1
7872,2,0.23,0.28,0.35,0.49,0.64,2
7873,2,0.26,0.3,0.44,0.55,0.66,1
7874,3,0.07,0.15,0.29,0.35,0.43,1
7875,4,0.09,0.16,0.23,0.34,0.43,1
7876,2,0.18,0.3,0.45,0.58,0.71,1
7877,4,0.17,0.19,0.26,0.31,0.4,1
7878,3,0.17,0.18,0.27,0.34,0.47,1
7879,4,0.04,0.08,0.17,0.25,0.39,2
7880,4,0.07,0.11,0.19,0.26,0.36,2
7881,5,0.07,0.1,0.14,0.21,0.31,1
7882,4,0.14,0.23,0.25,0.33,0.43,1
7883,2,0.18,0.32,0.43,0.49,0.63,1
7884,2,0.24,0.33,0.41,0.54,0.64,1
7885,1,0.34,0.56,0.64,0.68,0.83,1
7886,5,0.05,0.07,0.12,0.22,0.34,1
7887,2,0.2,0.32,0.42,0.53,0.58,1
7888,2,0.22,0.31,0.45,0.53,0.69,2
7889,1,0.3,0.36,0.45,0.54,0.71,1
7890,2,0.21,0.34,0.48,0.57,0.67,1
7891,4,0.06,0.09,0.14,0.26,0.36,1
7892,1,0.34,0.47,0.64,0.66,0.73,1
7893,5,0.04,0.07,0.14,0.25,0.34,1
7894,1,0.3,0.41,0.55,0.61,0.74,1
7895,5,0.05,0.1,0.15,0.24,0.32,1
7896,5,0.04,0.06,0.12,0.19,0.31,1
7897,3,0.1,0.22,0.32,0.43,0.52,1
7898,4,0.08,0.16,0.19,0.34,0.51,2
7899,1,0.3,0.41,0.54,0.63,0.74,1
7900,1,0.3,0.42,0.51,0.59,0.71,1
7901,1,0.28,0.41,0.51,0.66,0.72,1
7902,5,0.04,0.08,0.13,0.19,0.34,1
7903,3,0.1,0.2,0.31,0.42,0.58,1
7904,2,0.17,0.3,0.31,0.45,0.57,3
7905,4,0.07,0.13,0.19,0.26,0.38,1
7906,2,0.22,0.34,0.47,0.55,0.67,1
7907,4,0.1,0.15,0.18,0.29,0.37,1
7908,4,0.05,0.09,0.18,0.26,0.36,1
7909,4,0.08,0.11,0.2,0.3,0.37,1
7910,3,0.1,0.19,0.33,0.48,0.57,1
7911,3,0.14,0.21,0.33,0.42,0.49,1
7912,3,0.11,0.21,0.33,0.48,0.52,1
7913,1,0.28,0.37,0.47,0.59,0.7,1
7914,5,0.07,0.09,0.14,0.25,0.33,1
7915,4,0.03,0.07,0.15,0.32,0.46,1
7916,4,0.11,0.15,0.2,0.28,0.38,1
7917,5,0.03,0.06,0.11,0.18,0.32,1
7918,4,0.1,0.13,0.23,0.34,0.41,1
7919,1,0.34,0.36,0.48,0.6,0.71,1
7920,5,0.07,0.09,0.15,0.23,0.32,1
7921,4,0.08,0.13,0.2,0.29,0.36,1
7922,5,0.06,0.1,0.12,0.2,0.28,1
7923,2,0.19,0.31,0.38,0.46,0.62,1
7924,3,0.08,0.16,0.28,0.37,0.51,2
7925,5,0.06,0.1,0.11,0.15,0.27,1
7926,2,0.26,0.29,0.4,0.56,0.7,1
7927,2,0.13,0.3,0.37,0.43,0.52,1
7928,4,0.12,0.18,0.21,0.27,0.37,1
7929,2,0.16,0.26,0.35,0.47,0.57,1
7930,1,0.34,0.5,0.57,0.69,0.77,1
7931,2,0.19,0.29,0.37,0.49,0.62,1
7932,1,0.32,0.45,0.5,0.61,0.71,1
7933,4,0.1,0.18,0.24,0.31,0.39,1
7934,2,0.18,0.31,0.4,0.5,0.62,3
7935,1,0.35,0.4,0.48,0.65,0.75,1
7936,3,0.15,0.25,0.31,0.38,0.48,1
7937,5,0.04,0.06,0.1,0.24,0.33,1
7938,1,0.27,0.39,0.5,0.62,0.66,1
7939,5,0.05,0.08,0.12,0.2,0.32,1
7940,2,0.25,0.34,0.5,0.63,0.73,3
7941,2,0.17,0.28,0.39,0.48,0.62,1
7942,2,0.2,0.3,0.36,0.46,0.55,1
7943,5,0.02,0.04,0.08,0.17,0.25,1
7944,3,0.12,0.21,0.29,0.4,0.47,1
7945,2,0.25,0.32,0.43,0.56,0.63,1
7946,4,0.09,0.13,0.21,0.29,0.41,1
7947,5,0.07,0.1,0.14,0.22,0.34,1
7948,3,0.16,0.26,0.32,0.44,0.6,1
7949,3,0.19,0.24,0.3,0.39,0.48,1
7950,1,0.33,0.44,0.51,0.57,0.64,1
7951,5,0.08,0.12,0.17,0.25,0.31,1
7952,3,0.07,0.15,0.25,0.37,0.4,1
7953,2,0.18,0.33,0.42,0.52,0.64,1
7954,5,0.05,0.09,0.12,0.16,0.28,1
7955,5,0.02,0.05,0.08,0.15,0.28,1
7956,1,0.3,0.41,0.6,0.69,0.82,2
7957,4,0.05,0.09,0.15,0.27,0.39,1
7958,4,0.11,0.14,0.19,0.28,0.44,1
7959,2,0.14,0.27,0.35,0.41,0.46,1
7960,2,0.18,0.28,0.4,0.52,0.63,1
7961,3,0.12,0.22,0.31,0.34,0.47,2
7962,3,0.08,0.14,0.25,0.35,0.49,1
7963,3,0.15,0.24,0.28,0.37,0.45,1
7964,2,0.22,0.32,0.44,0.51,0.63,1
7965,5,0.06,0.1,0.14,0.22,0.35,1
7966,5,0.03,0.04,0.1,0.17,0.3,1
7967,5,0.05,0.07,0.1,0.18,0.29,1
7968,1,0.31,0.44,0.58,0.73,0.83,1
7969,1,0.26,0.39,0.55,0.61,0.7,1
7970,1,0.3,0.42,0.55,0.64,0.78,1
7971,4,0.07,0.11,0.18,0.31,0.46,1
7972,1,0.33,0.41,0.56,0.67,0.73,1
7973,1,0.29,0.44,0.52,0.65,0.76,1
7974,2,0.23,0.34,0.37,0.45,0.57,1
7975,5,0.03,0.07,0.08,0.14,0.26,1
7976,5,0.05,0.07,0.14,0.2,0.35,1
7977,3,0.12,0.2,0.27,0.39,0.54,1
7978,4,0.04,0.08,0.21,0.27,0.37,1
7979,4,0.07,0.16,0.21,0.33,0.41,1
7980,5,0.05,0.09,0.13,0.21,0.28,1
7981,4,0.08,0.13,0.24,0.32,0.39,1
7982,3,0.13,0.18,0.29,0.32,0.42,1
7983,5,0.04,0.06,0.1,0.17,0.32,1
7984,4,0.03,0.07,0.14,0.27,0.38,1
7985,2,0.19,0.27,0.41,0.5,0.59,1
7986,4,0.04,0.12,0.2,0.28,0.38,1
7987,4,0.07,0.1,0.18,0.28,0.38,1
7988,5,0.04,0.07,0.1,0.18,0.27,1
7989,3,0.15,0.19,0.28,0.38,0.41,1
7990,4,0.1,0.17,0.21,0.27,0.33,1
7991,1,0.33,0.48,0.61,0.74,0.81,1
7992,2,0.23,0.32,0.44,0.54,0.65,1
7993,3,0.13,0.2,0.29,0.37,0.5,1
7994,3,0.08,0.19,0.34,0.45,0.53,2
7995,1,0.28,0.37,0.46,0.56,0.64,1
7996,4,0.12,0.15,0.23,0.32,0.45,1
7997,3,0.12,0.18,0.29,0.43,0.56,1
7998,1,0.29,0.45,0.59,0.72,0.81,2
7999,1,0.32,0.41,0.52,0.56,0.69,1
8000,5,0.04,0.08,0.11,0.16,0.28,1
8001,4,0.06,0.11,0.18,0.26,0.39,1
8002,4,0.13,0.17,0.21,0.27,0.36,1
8003,1,0.26,0.35,0.45,0.56,0.67,1
8004,4,0.04,0.09,0.15,0.26,0.37,1
8005,5,0.04,0.06,0.12,0.17,0.25,1
8006,1,0.32,0.49,0.6,0.72,0.85,1
8007,4,0.08,0.14,0.22,0.35,0.49,1
8008,2,0.21,0.29,0.37,0.41,0.46,1
8009,2,0.23,0.35,0.43,0.6,0.69,2
8010,5,0.04,0.07,0.12,0.2,0.27,1
8011,1,0.3,0.37,0.45,0.5,0.59,1
8012,3,0.1,0.19,0.32,0.46,0.56,1
8013,5,0.07,0.12,0.18,0.23,0.27,1
8014,4,0.08,0.13,0.19,0.26,0.35,1
8015,2,0.21,0.31,0.43,0.53,0.65,1
8016,4,0.08,0.13,0.22,0.3,0.44,1
8017,2,0.24,0.31,0.44,0.54,0.64,1
8018,1,0.28,0.33,0.43,0.57,0.71,1
8019,5,0.11,0.14,0.24,0.27,0.32,1
8020,5,0.05,0.09,0.13,0.17,0.31,1
8021,3,0.12,0.22,0.32,0.43,0.6,1
8022,4,0.05,0.07,0.16,0.3,0.45,2
8023,1,0.29,0.42,0.52,0.67,0.78,1
8024,2,0.23,0.33,0.4,0.5,0.56,1
8025,2,0.16,0.28,0.37,0.43,0.57,1
8026,3,0.12,0.22,0.28,0.41,0.55,2
8027,2,0.19,0.32,0.42,0.57,0.72,1
8028,2,0.2,0.32,0.42,0.57,0.66,1
8029,4,0.1,0.16,0.24,0.32,0.42,1
8030,1,0.28,0.4,0.51,0.68,0.77,1
8031,4,0.08,0.17,0.26,0.33,0.5,1
8032,5,0.08,0.12,0.16,0.21,0.35,1
8033,2,0.2,0.3,0.39,0.44,0.56,1
8034,1,0.31,0.44,0.55,0.6,0.71,1
8035,1,0.28,0.41,0.56,0.68,0.78,1
8036,5,0.05,0.07,0.12,0.21,0.31,1
8037,1,0.29,0.38,0.49,0.63,0.67,1
8038,4,0.1,0.13,0.24,0.35,0.42,1
8039,1,0.3,0.39,0.5,0.63,0.73,1
8040,3,0.13,0.17,0.29,0.36,0.45,2
8041,1,0.32,0.43,0.53,0.65,0.76,1
8042,3,0.13,0.18,0.26,0.39,0.5,1
8043,4,0.08,0.13,0.2,0.35,0.45,1
8044,4,0.07,0.13,0.18,0.28,0.38,1
8045,2,0.2,0.29,0.32,0.43,0.55,1
8046,1,0.34,0.44,0.54,0.68,0.76,1
8047,5,0.03,0.05,0.08,0.16,0.26,1
8048,2,0.16,0.27,0.39,0.5,0.57,1
8049,3,0.09,0.16,0.27,0.34,0.46,1
8050,4,0.08,0.13,0.18,0.3,0.4,1
8051,1,0.33,0.39,0.57,0.69,0.77,1
8052,2,0.17,0.32,0.4,0.52,0.66,1
8053,2,0.17,0.29,0.37,0.45,0.53,1
8054,5,0.05,0.06,0.11,0.18,0.26,1
8055,3,0.15,0.19,0.27,0.33,0.48,1
8056,3,0.16,0.22,0.32,0.46,0.56,1
8057,5,0.06,0.08,0.14,0.2,0.33,1
8058,2,0.17,0.28,0.36,0.48,0.58,1
8059,3,0.14,0.19,0.29,0.49,0.59,1
8060,1,0.29,0.42,0.56,0.71,0.81,1
8061,2,0.19,0.27,0.36,0.47,0.59,2
8062,4,0.07,0.1,0.18,0.28,0.49,1
8063,1,0.29,0.31,0.45,0.54,0.63,1
8064,2,0.21,0.3,0.4,0.54,0.66,1
8065,5,0.05,0.09,0.14,0.19,0.29,2
8066,2,0.21,0.31,0.41,0.52,0.62,1
8067,3,0.11,0.18,0.26,0.37,0.55,1
8068,4,0.1,0.13,0.19,0.28,0.38,1
8069,2,0.2,0.29,0.35,0.38,0.45,2
8070,2,0.22,0.34,0.46,0.56,0.68,1
8071,2,0.16,0.28,0.35,0.5,0.62,1
8072,5,0.04,0.06,0.1,0.2,0.32,1
8073,4,0.07,0.12,0.18,0.29,0.38,1
8074,5,0.05,0.1,0.15,0.24,0.3,1
8075,4,0.07,0.12,0.2,0.31,0.43,1
8076,2,0.18,0.32,0.42,0.53,0.61,1
8077,1,0.28,0.36,0.46,0.57,0.69,1
8078,1,0.33,0.39,0.47,0.55,0.7,1
8079,5,0.03,0.04,0.08,0.15,0.25,1
8080,4,0.07,0.11,0.19,0.25,0.38,1
8081,3,0.14,0.21,0.34,0.45,0.56,1
8082,1,0.34,0.44,0.55,0.67,0.74,1
8083,2,0.18,0.29,0.36,0.45,0.56,1
8084,5,0.04,0.1,0.19,0.23,0.32,1
8085,4,0.05,0.1,0.21,0.28,0.34,2
8086,3,0.12,0.18,0.31,0.46,0.56,1
8087,1,0.27,0.37,0.52,0.73,0.8,1
8088,1,0.28,0.42,0.53,0.6,0.7,1
8089,1,0.35,0.38,0.46,0.56,0.66,1
8090,2,0.15,0.28,0.43,0.48,0.6,1
8091,3,0.12,0.19,0.3,0.39,0.52,1
8092,2,0.16,0.27,0.36,0.47,0.56,3
8093,3,0.2,0.23,0.26,0.34,0.41,2
8094,2,0.17,0.27,0.42,0.54,0.62,1
8095,3,0.14,0.18,0.25,0.38,0.46,1
8096,4,0.1,0.14,0.22,0.35,0.47,1
8097,2,0.2,0.3,0.4,0.55,0.63,1
8098,3,0.12,0.2,0.27,0.41,0.52,1
8099,4,0.08,0.15,0.22,0.27,0.34,2
8100,5,0.03,0.05,0.09,0.16,0.28,1
8101,3,0.15,0.22,0.31,0.4,0.51,1
8102,4,0.08,0.14,0.22,0.33,0.42,1
8103,2,0.22,0.28,0.37,0.56,0.75,1
8104,2,0.22,0.32,0.45,0.59,0.66,1
8105,2,0.18,0.3,0.45,0.52,0.65,1
8106,2,0.23,0.34,0.4,0.49,0.54,1
8107,2,0.18,0.33,0.44,0.55,0.68,1
8108,5,0.06,0.09,0.13,0.2,0.3,1
8109,3,0.19,0.25,0.31,0.34,0.52,1
8110,1,0.3,0.38,0.52,0.65,0.72,1
8111,3,0.13,0.19,0.3,0.4,0.48,1
8112,5,0.04,0.08,0.12,0.19,0.26,1
8113,2,0.18,0.32,0.48,0.61,0.69,2
8114,5,0.04,0.08,0.14,0.22,0.29,1
8115,4,0.07,0.14,0.21,0.34,0.46,1
8116,2,0.2,0.31,0.38,0.56,0.71,2
8117,2,0.2,0.31,0.44,0.53,0.63,1
8118,4,0.07,0.11,0.17,0.25,0.39,2
8119,4,0.08,0.13,0.26,0.33,0.44,1
8120,3,0.08,0.14,0.28,0.34,0.41,1
8121,1,0.28,0.36,0.47,0.57,0.64,1
8122,3,0.16,0.23,0.34,0.45,0.55,1
8123,1,0.35,0.45,0.55,0.65,0.7,1
8124,5,0.04,0.07,0.11,0.2,0.33,1
8125,4,0.08,0.19,0.23,0.33,0.47,1
8126,2,0.24,0.33,0.45,0.56,0.7,1
8127,4,0.12,0.16,0.24,0.34,0.41,2
8128,4,0.1,0.15,0.23,0.32,0.45,1
8129,1,0.31,0.39,0.47,0.61,0.73,2
8130,4,0.05,0.09,0.2,0.32,0.49,2
8131,1,0.29,0.45,0.64,0.72,0.8,1
8132,2,0.21,0.32,0.42,0.51,0.64,1
8133,1,0.3,0.41,0.48,0.55,0.64,1
8134,5,0.06,0.09,0.16,0.18,0.25,1
8135,4,0.07,0.14,0.18,0.29,0.42,1
8136,2,0.16,0.26,0.34,0.47,0.55,1
8137,2,0.21,0.32,0.45,0.56,0.63,1
8138,5,0.04,0.08,0.13,0.2,0.27,1
8139,4,0.07,0.1,0.16,0.26,0.38,1
8140,5,0.06,0.08,0.11,0.17,0.31,1
8141,2,0.2,0.28,0.43,0.5,0.59,1
8142,2,0.19,0.3,0.39,0.51,0.65,1
8143,3,0.09,0.18,0.32,0.38,0.44,1
8144,4,0.08,0.15,0.19,0.35,0.48,1
8145,5,0.03,0.07,0.13,0.26,0.3,1
8146,5,0.06,0.1,0.15,0.21,0.28,1
8147,2,0.15,0.26,0.34,0.45,0.5,1
8148,4,0.1,0.13,0.2,0.33,0.41,1
8149,1,0.33,0.47,0.54,0.64,0.73,1
8150,5,0.04,0.06,0.11,0.16,0.31,1
8151,5,0.04,0.06,0.11,0.17,0.28,1
8152,4,0.1,0.19,0.26,0.32,0.41,1
8153,1,0.28,0.41,0.56,0.63,0.67,1
8154,3,0.12,0.21,0.34,0.4,0.5,1
8155,2,0.25,0.32,0.35,0.45,0.51,1
8156,2,0.23,0.31,0.45,0.6,0.73,1
8157,5,0.07,0.12,0.17,0.21,0.3,1
8158,3,0.09,0.17,0.27,0.34,0.45,1
8159,3,0.14,0.21,0.3,0.37,0.48,1
8160,4,0.07,0.14,0.19,0.26,0.37,1
8161,1,0.34,0.44,0.55,0.66,0.75,1
8162,3,0.1,0.17,0.26,0.38,0.49,1
8163,2,0.2,0.34,0.43,0.51,0.67,1
8164,2,0.2,0.26,0.36,0.48,0.61,1
8165,2,0.23,0.31,0.42,0.51,0.66,1
8166,2,0.13,0.28,0.33,0.43,0.52,1
8167,4,0.1,0.17,0.25,0.28,0.4,1
8168,5,0.04,0.07,0.14,0.2,0.31,1
8169,3,0.18,0.23,0.29,0.4,0.52,1
8170,5,0.02,0.05,0.11,0.2,0.3,1
8171,4,0.08,0.14,0.19,0.27,0.37,1
8172,5,0.08,0.14,0.16,0.22,0.3,1
8173,5,0.06,0.08,0.11,0.2,0.32,1
8174,2,0.18,0.34,0.5,0.63,0.74,1
8175,2,0.18,0.27,0.35,0.49,0.64,1
8176,5,0.05,0.09,0.12,0.23,0.32,1
8177,5,0.05,0.08,0.12,0.18,0.3,1
8178,1,0.34,0.38,0.53,0.61,0.72,2
8179,2,0.21,0.31,0.37,0.45,0.55,1
8180,5,0.03,0.05,0.14,0.2,0.32,1
8181,1,0.32,0.41,0.52,0.62,0.75,1
8182,2,0.2,0.29,0.39,0.47,0.63,1
8183,1,0.35,0.46,0.54,0.61,0.72,1
8184,3,0.12,0.15,0.26,0.36,0.41,1
8185,1,0.33,0.49,0.57,0.69,0.79,1
8186,2,0.16,0.28,0.35,0.47,0.58,1
8187,3,0.14,0.22,0.34,0.49,0.58,1
8188,2,0.21,0.29,0.43,0.53,0.64,1
8189,3,0.13,0.21,0.3,0.37,0.46,1
8190,2,0.24,0.29,0.37,0.49,0.58,1
8191,2,0.25,0.32,0.4,0.48,0.62,1
8192,1,0.34,0.42,0.52,0.64,0.74,1
8193,5,0.04,0.07,0.11,0.18,0.31,1
8194,1,0.32,0.4,0.53,0.63,0.68,1
8195,4,0.05,0.09,0.14,0.26,0.4,1
8196,3,0.13,0.18,0.28,0.33,0.43,1
8197,3,0.17,0.25,0.34,0.45,0.57,1
8198,5,0.04,0.06,0.11,0.17,0.27,1
8199,2,0.18,0.29,0.4,0.47,0.57,1
8200,5,0.06,0.08,0.16,0.23,0.34,2
8201,2,0.21,0.33,0.46,0.65,0.71,1
8202,2,0.17,0.28,0.39,0.46,0.58,1
8203,5,0.06,0.09,0.17,0.24,0.34,1
8204,4,0.05,0.1,0.16,0.27,0.34,1
8205,3,0.17,0.25,0.31,0.43,0.48,1
8206,1,0.31,0.43,0.55,0.68,0.77,2
8207,5,0.07,0.11,0.13,0.22,0.34,1
8208,4,0.15,0.2,0.25,0.33,0.43,2
8209,2,0.2,0.27,0.34,0.37,0.52,1
8210,4,0.08,0.12,0.18,0.29,0.38,1
8211,2,0.16,0.27,0.35,0.39,0.53,2
8212,4,0.04,0.07,0.16,0.29,0.41,2
8213,2,0.14,0.28,0.34,0.43,0.58,1
8214,2,0.21,0.33,0.43,0.58,0.75,1
8215,5,0.06,0.08,0.13,0.16,0.25,2
8216,2,0.23,0.29,0.45,0.56,0.65,1
8217,1,0.33,0.44,0.62,0.72,0.81,1
8218,5,0.03,0.05,0.1,0.23,0.3,1
8219,4,0.05,0.07,0.14,0.31,0.44,1
8220,1,0.32,0.4,0.5,0.63,0.73,1
8221,4,0.07,0.11,0.2,0.34,0.48,1
8222,2,0.21,0.35,0.41,0.44,0.57,1
8223,2,0.24,0.32,0.39,0.52,0.64,1
8224,5,0.04,0.06,0.12,0.19,0.31,1
8225,5,0.06,0.09,0.13,0.18,0.26,1
8226,5,0.03,0.06,0.11,0.15,0.27,1
8227,2,0.25,0.32,0.42,0.61,0.72,3
8228,2,0.23,0.35,0.41,0.57,0.64,1
8229,2,0.21,0.29,0.34,0.45,0.64,1
8230,3,0.07,0.14,0.32,0.4,0.44,2
8231,1,0.34,0.44,0.55,0.64,0.76,1
8232,3,0.11,0.21,0.3,0.41,0.56,1
8233,5,0.06,0.09,0.11,0.16,0.29,1
8234,5,0.04,0.06,0.12,0.2,0.29,1
8235,1,0.32,0.38,0.45,0.54,0.63,1
8236,4,0.09,0.14,0.21,0.3,0.36,1
8237,4,0.06,0.08,0.13,0.26,0.38,1
8238,5,0.04,0.08,0.14,0.19,0.27,1
8239,4,0.09,0.11,0.19,0.25,0.38,1
8240,5,0.05,0.09,0.16,0.2,0.29,1
8241,5,0.04,0.07,0.1,0.19,0.34,1
8242,2,0.22,0.34,0.39,0.57,0.65,1
8243,4,0.05,0.09,0.14,0.26,0.34,2
8244,3,0.12,0.18,0.29,0.44,0.52,1
8245,1,0.35,0.47,0.61,0.69,0.79,1
8246,2,0.24,0.35,0.39,0.5,0.66,2
8247,5,0.04,0.06,0.1,0.21,0.3,1
8248,5,0.04,0.06,0.12,0.18,0.27,1
8249,4,0.06,0.11,0.18,0.29,0.43,2
8250,1,0.33,0.44,0.61,0.68,0.78,1
8251,2,0.17,0.27,0.36,0.52,0.6,1
8252,4,0.05,0.07,0.12,0.26,0.36,1
8253,1,0.32,0.42,0.5,0.61,0.71,1
8254,5,0.06,0.08,0.13,0.26,0.31,1
8255,2,0.15,0.26,0.34,0.4,0.52,1
8256,5,0.02,0.05,0.09,0.17,0.28,1
8257,3,0.14,0.2,0.27,0.42,0.54,1
8258,4,0.06,0.12,0.23,0.32,0.46,1
8259,5,0.06,0.11,0.16,0.24,0.26,1
8260,2,0.17,0.27,0.39,0.48,0.61,1
8261,2,0.19,0.28,0.35,0.45,0.49,1
8262,4,0.11,0.18,0.25,0.31,0.48,2
8263,5,0.05,0.08,0.13,0.18,0.26,1
8264,5,0.04,0.07,0.11,0.2,0.32,1
8265,4,0.09,0.16,0.26,0.33,0.42,1
8266,1,0.32,0.43,0.52,0.64,0.73,1
8267,2,0.14,0.27,0.34,0.47,0.54,1
8268,3,0.12,0.18,0.33,0.38,0.5,2
8269,1,0.29,0.39,0.46,0.57,0.71,1
8270,5,0.03,0.05,0.08,0.15,0.27,1
8271,4,0.07,0.14,0.23,0.35,0.45,1
8272,2,0.18,0.33,0.47,0.57,0.68,1
8273,2,0.25,0.3,0.44,0.55,0.69,2
8274,3,0.15,0.23,0.31,0.41,0.51,1
8275,5,0.05,0.09,0.13,0.23,0.35,1
8276,3,0.15,0.24,0.26,0.34,0.41,1
8277,3,0.14,0.19,0.32,0.39,0.43,1
8278,4,0.06,0.12,0.2,0.28,0.41,1
8279,4,0.08,0.13,0.17,0.26,0.4,1
8280,2,0.18,0.27,0.43,0.53,0.68,1
8281,2,0.19,0.28,0.36,0.46,0.62,1
8282,5,0.06,0.11,0.14,0.22,0.35,1
8283,2,0.22,0.34,0.5,0.6,0.67,1
8284,3,0.15,0.22,0.27,0.39,0.5,1
8285,1,0.33,0.46,0.58,0.65,0.76,1
8286,1,0.31,0.4,0.5,0.64,0.78,1
8287,4,0.09,0.12,0.19,0.34,0.45,1
8288,3,0.12,0.18,0.27,0.37,0.45,2
8289,4,0.11,0.16,0.2,0.27,0.35,1
8290,3,0.13,0.2,0.26,0.38,0.45,1
8291,2,0.19,0.3,0.35,0.45,0.51,1
8292,2,0.25,0.34,0.43,0.52,0.62,1
8293,3,0.14,0.19,0.27,0.35,0.41,1
8294,5,0.06,0.11,0.15,0.24,0.34,1
8295,3,0.16,0.23,0.3,0.42,0.54,1
8296,3,0.18,0.23,0.34,0.4,0.53,1
8297,2,0.24,0.35,0.42,0.52,0.63,1
8298,4,0.07,0.12,0.19,0.28,0.37,1
8299,4,0.13,0.2,0.22,0.28,0.37,1
8300,3,0.1,0.18,0.3,0.4,0.51,1
8301,2,0.26,0.32,0.45,0.58,0.66,1
8302,2,0.16,0.26,0.35,0.45,0.56,1
8303,1,0.28,0.44,0.53,0.65,0.74,1
8304,4,0.08,0.11,0.18,0.26,0.38,1
8305,5,0.04,0.08,0.11,0.19,0.32,1
8306,5,0.07,0.09,0.13,0.18,0.25,1
8307,2,0.16,0.26,0.37,0.54,0.62,1
8308,5,0.08,0.11,0.15,0.21,0.27,1
8309,1,0.33,0.42,0.54,0.66,0.76,1
8310,3,0.08,0.14,0.29,0.38,0.45,1
8311,1,0.32,0.44,0.57,0.68,0.74,1
8312,5,0.03,0.06,0.14,0.19,0.29,1
8313,1,0.29,0.4,0.55,0.61,0.75,1
8314,4,0.07,0.1,0.17,0.3,0.37,1
8315,4,0.07,0.13,0.21,0.3,0.41,1
8316,4,0.07,0.1,0.14,0.25,0.36,1
8317,4,0.09,0.13,0.24,0.33,0.41,1
8318,2,0.27,0.32,0.39,0.52,0.65,1
8319,1,0.3,0.5,0.6,0.72,0.74,1
8320,5,0.03,0.05,0.08,0.12,0.27,1
8321,5,0.04,0.07,0.11,0.17,0.29,1
8322,1,0.33,0.48,0.57,0.67,0.76,1
8323,5,0.04,0.07,0.1,0.15,0.31,1
8324,3,0.09,0.13,0.29,0.4,0.54,1
8325,5,0.04,0.07,0.12,0.18,0.25,1
8326,4,0.09,0.12,0.22,0.28,0.36,1
8327,5,0.06,0.08,0.15,0.23,0.27,1
8328,1,0.32,0.46,0.54,0.63,0.77,1
8329,1,0.27,0.4,0.46,0.54,0.63,1
8330,2,0.21,0.32,0.37,0.5,0.62,1
8331,1,0.31,0.45,0.55,0.67,0.69,1
8332,3,0.18,0.22,0.33,0.39,0.46,1
8333,2,0.2,0.29,0.49,0.56,0.68,1
8334,2,0.23,0.32,0.44,0.49,0.6,1
8335,4,0.08,0.11,0.19,0.33,0.44,1
8336,5,0.03,0.04,0.08,0.13,0.26,1
8337,3,0.14,0.23,0.28,0.37,0.5,1
8338,5,0.05,0.09,0.16,0.25,0.33,1
8339,1,0.31,0.47,0.65,0.7,0.77,1
8340,5,0.03,0.07,0.11,0.16,0.26,1
8341,1,0.33,0.5,0.59,0.68,0.78,1
8342,4,0.05,0.1,0.19,0.29,0.4,1
8343,2,0.19,0.28,0.34,0.41,0.49,1
8344,5,0.06,0.09,0.15,0.2,0.31,1
8345,3,0.12,0.18,0.27,0.4,0.44,2
8346,2,0.17,0.29,0.38,0.46,0.57,1
8347,5,0.03,0.06,0.1,0.19,0.32,1
8348,1,0.28,0.35,0.55,0.61,0.71,1
8349,1,0.27,0.43,0.49,0.62,0.7,1
8350,2,0.15,0.26,0.39,0.51,0.61,1
8351,3,0.13,0.21,0.31,0.36,0.49,1
8352,2,0.17,0.29,0.34,0.46,0.61,1
8353,2,0.24,0.28,0.41,0.5,0.63,1
8354,4,0.07,0.12,0.17,0.26,0.4,1
8355,1,0.32,0.49,0.63,0.75,0.79,1
8356,4,0.07,0.12,0.17,0.27,0.36,1
8357,5,0.07,0.1,0.13,0.21,0.28,2
8358,5,0.04,0.08,0.1,0.16,0.28,1
8359,2,0.2,0.31,0.36,0.46,0.58,1
8360,1,0.27,0.39,0.5,0.63,0.74,2
8361,4,0.07,0.1,0.2,0.31,0.42,1
8362,5,0.04,0.08,0.13,0.22,0.31,1
8363,1,0.31,0.39,0.46,0.59,0.67,1
8364,2,0.21,0.32,0.44,0.52,0.61,1
8365,5,0.05,0.06,0.15,0.22,0.3,1
8366,1,0.26,0.39,0.56,0.69,0.82,1
8367,3,0.16,0.22,0.35,0.47,0.62,1
8368,1,0.31,0.44,0.53,0.64,0.74,1
8369,5,0.06,0.09,0.14,0.18,0.27,1
8370,1,0.26,0.35,0.44,0.57,0.69,1
8371,1,0.33,0.44,0.54,0.66,0.75,1
8372,2,0.22,0.34,0.48,0.51,0.59,1
8373,5,0.04,0.06,0.11,0.16,0.33,1
8374,4,0.05,0.08,0.15,0.3,0.37,1
8375,5,0.06,0.11,0.17,0.18,0.25,1
8376,4,0.08,0.17,0.23,0.33,0.46,1
8377,1,0.26,0.4,0.5,0.64,0.67,1
8378,1,0.3,0.4,0.55,0.67,0.74,1
8379,1,0.27,0.34,0.39,0.47,0.53,2
8380,4,0.05,0.09,0.16,0.28,0.43,2
8381,2,0.26,0.3,0.38,0.45,0.52,1
8382,3,0.09,0.2,0.27,0.4,0.56,1
8383,3,0.09,0.16,0.26,0.34,0.42,1
8384,5,0.05,0.11,0.16,0.23,0.34,1
8385,2,0.19,0.28,0.39,0.5,0.66,1
8386,4,0.07,0.12,0.18,0.33,0.4,1
8387,3,0.18,0.26,0.29,0.4,0.53,1
8388,2,0.19,0.27,0.39,0.5,0.6,1
8389,2,0.23,0.32,0.45,0.54,0.6,1
8390,5,0.06,0.08,0.12,0.17,0.29,1
8391,5,0.04,0.05,0.1,0.15,0.26,1
8392,5,0.05,0.09,0.12,0.17,0.29,1
8393,1,0.29,0.43,0.51,0.55,0.63,1
8394,5,0.04,0.08,0.14,0.19,0.26,1
8395,4,0.07,0.11,0.18,0.25,0.36,1
8396,5,0.03,0.07,0.11,0.22,0.3,1
8397,1,0.32,0.43,0.53,0.73,0.81,2
8398,5,0.06,0.11,0.14,0.2,0.31,1
8399,1,0.26,0.37,0.51,0.59,0.6,1
8400,3,0.14,0.2,0.29,0.34,0.48,1
8401,4,0.1,0.15,0.21,0.28,0.39,1
8402,3,0.15,0.24,0.33,0.4,0.51,2
8403,3,0.09,0.17,0.32,0.44,0.55,1
8404,1,0.31,0.41,0.5,0.62,0.72,1
8405,2,0.13,0.27,0.4,0.49,0.57,1
8406,4,0.05,0.08,0.16,0.29,0.43,1
8407,3,0.1,0.17,0.3,0.38,0.47,1
8408,5,0.04,0.09,0.16,0.22,0.27,1
8409,2,0.17,0.31,0.46,0.5,0.53,1
8410,5,0.03,0.07,0.14,0.2,0.32,1
8411,4,0.1,0.12,0.21,0.29,0.46,1
8412,3,0.13,0.19,0.27,0.34,0.44,1
8413,2,0.21,0.29,0.44,0.62,0.71,1
8414,2,0.23,0.33,0.47,0.51,0.65,1
8415,1,0.28,0.4,0.53,0.62,0.69,1
8416,2,0.2,0.29,0.39,0.54,0.59,1
8417,1,0.28,0.4,0.51,0.58,0.68,1
8418,4,0.09,0.13,0.19,0.25,0.43,1
8419,4,0.1,0.18,0.22,0.3,0.42,1
8420,1,0.34,0.36,0.4,0.52,0.58,1
8421,3,0.12,0.23,0.31,0.4,0.51,1
8422,2,0.24,0.34,0.43,0.51,0.66,1
8423,4,0.06,0.12,0.18,0.34,0.42,1
8424,2,0.21,0.28,0.41,0.52,0.57,1
8425,5,0.05,0.07,0.12,0.16,0.27,1
8426,3,0.12,0.17,0.29,0.44,0.57,1
8427,4,0.06,0.11,0.18,0.27,0.41,1
8428,5,0.06,0.09,0.18,0.25,0.32,2
8429,5,0.06,0.09,0.13,0.2,0.26,1
8430,4,0.1,0.16,0.25,0.33,0.41,1
8431,1,0.33,0.48,0.61,0.71,0.83,1
8432,1,0.34,0.45,0.62,0.78,0.83,1
8433,3,0.13,0.19,0.26,0.34,0.37,1
8434,4,0.07,0.14,0.17,0.31,0.41,1
8435,2,0.16,0.26,0.34,0.5,0.61,1
8436,4,0.06,0.12,0.21,0.32,0.44,1
8437,4,0.08,0.13,0.2,0.28,0.37,1
8438,1,0.34,0.44,0.59,0.71,0.78,1
8439,4,0.05,0.1,0.23,0.35,0.44,2
8440,3,0.12,0.21,0.34,0.43,0.59,1
8441,2,0.21,0.31,0.36,0.46,0.55,1
8442,4,0.13,0.18,0.24,0.32,0.38,1
8443,5,0.05,0.08,0.13,0.23,0.32,1
8444,5,0.05,0.06,0.11,0.2,0.32,1
8445,1,0.34,0.47,0.64,0.69,0.74,1
8446,2,0.17,0.29,0.44,0.57,0.7,1
8447,4,0.09,0.16,0.23,0.34,0.47,1
8448,5,0.05,0.08,0.14,0.2,0.25,2
8449,2,0.22,0.28,0.37,0.48,0.59,1
8450,1,0.27,0.39,0.5,0.58,0.65,1
8451,2,0.2,0.26,0.36,0.41,0.51,1
8452,5,0.04,0.05,0.09,0.16,0.25,1
8453,3,0.12,0.18,0.35,0.46,0.61,1
8454,3,0.11,0.15,0.26,0.41,0.48,2
8455,5,0.08,0.11,0.16,0.24,0.3,1
8456,1,0.27,0.41,0.54,0.67,0.72,1
8457,1,0.31,0.35,0.47,0.56,0.67,1
8458,4,0.08,0.12,0.16,0.29,0.36,1
8459,4,0.09,0.13,0.22,0.35,0.48,1
8460,5,0.04,0.08,0.16,0.2,0.26,1
8461,3,0.13,0.21,0.31,0.44,0.58,2
8462,2,0.23,0.33,0.48,0.55,0.68,1
8463,2,0.16,0.25,0.38,0.55,0.67,1
8464,2,0.18,0.28,0.37,0.43,0.57,1
8465,3,0.09,0.17,0.28,0.35,0.43,1
8466,3,0.16,0.22,0.31,0.48,0.6,2
8467,1,0.32,0.39,0.44,0.55,0.69,1
8468,4,0.08,0.15,0.23,0.3,0.39,1
8469,3,0.09,0.2,0.3,0.45,0.6,1
8470,5,0.04,0.07,0.12,0.18,0.28,1
8471,2,0.17,0.29,0.38,0.51,0.63,1
8472,5,0.08,0.12,0.16,0.25,0.33,1
8473,3,0.1,0.17,0.3,0.46,0.57,3
8474,3,0.14,0.22,0.26,0.34,0.4,1
8475,3,0.17,0.26,0.33,0.46,0.54,2
8476,2,0.2,0.26,0.36,0.44,0.56,1
8477,4,0.1,0.12,0.22,0.28,0.4,1
8478,3,0.17,0.19,0.3,0.39,0.46,1
8479,5,0.04,0.06,0.1,0.15,0.27,1
8480,5,0.07,0.12,0.16,0.24,0.28,2
8481,3,0.18,0.21,0.33,0.43,0.54,1
8482,1,0.28,0.33,0.38,0.45,0.55,1
8483,4,0.11,0.14,0.21,0.32,0.44,1
8484,5,0.05,0.08,0.1,0.2,0.27,1
8485,2,0.25,0.33,0.42,0.61,0.71,1
8486,2,0.17,0.28,0.33,0.41,0.59,1
8487,3,0.09,0.2,0.27,0.39,0.5,1
8488,4,0.08,0.1,0.14,0.25,0.37,2
8489,4,0.09,0.13,0.21,0.3,0.42,1
8490,3,0.11,0.18,0.29,0.4,0.49,1
8491,3,0.11,0.21,0.32,0.48,0.59,1
8492,4,0.08,0.11,0.19,0.26,0.37,1
8493,4,0.05,0.11,0.16,0.29,0.35,4
8494,2,0.24,0.32,0.39,0.49,0.61,1
8495,5,0.04,0.06,0.11,0.17,0.29,1
8496,5,0.05,0.07,0.14,0.18,0.31,1
8497,1,0.27,0.35,0.47,0.55,0.63,1
8498,5,0.03,0.06,0.12,0.19,0.31,1
8499,1,0.27,0.38,0.46,0.59,0.71,1
8500,5,0.03,0.06,0.09,0.18,0.26,1
8501,5,0.04,0.09,0.14,0.23,0.33,1
8502,1,0.31,0.47,0.56,0.72,0.8,2
8503,1,0.35,0.45,0.56,0.67,0.75,1
8504,2,0.12,0.29,0.38,0.46,0.59,1
8505,5,0.04,0.08,0.13,0.22,0.29,1
8506,4,0.08,0.13,0.18,0.28,0.42,1
8507,1,0.35,0.43,0.48,0.57,0.68,1
8508,2,0.26,0.3,0.42,0.54,0.67,1
8509,2,0.14,0.29,0.37,0.39,0.46,1
8510,5,0.05,0.08,0.11,0.18,0.35,1
8511,2,0.23,0.34,0.44,0.5,0.62,1
8512,2,0.23,0.28,0.33,0.44,0.55,1
8513,5,0.04,0.08,0.13,0.22,0.34,1
8514,1,0.33,0.39,0.57,0.68,0.77,1
8515,3,0.1,0.21,0.31,0.38,0.47,1
8516,3,0.1,0.18,0.27,0.42,0.53,1
8517,1,0.3,0.37,0.52,0.57,0.67,1
8518,2,0.22,0.26,0.35,0.48,0.57,1
8519,5,0.05,0.09,0.14,0.2,0.31,1
8520,2,0.23,0.34,0.49,0.63,0.75,1
8521,4,0.08,0.16,0.21,0.31,0.39,1
8522,5,0.05,0.09,0.15,0.23,0.33,1
8523,3,0.13,0.19,0.32,0.43,0.53,1
8524,5,0.04,0.06,0.1,0.18,0.32,1
8525,1,0.31,0.36,0.46,0.6,0.71,1
8526,4,0.09,0.15,0.21,0.31,0.43,1
8527,2,0.2,0.27,0.37,0.44,0.56,1
8528,5,0.04,0.07,0.11,0.25,0.33,1
8529,3,0.15,0.24,0.31,0.4,0.56,1
8530,1,0.31,0.39,0.55,0.7,0.74,1
8531,1,0.3,0.42,0.48,0.55,0.67,1
8532,4,0.07,0.13,0.18,0.29,0.35,1
8533,5,0.04,0.09,0.11,0.16,0.29,1
8534,4,0.09,0.12,0.17,0.28,0.38,3
8535,4,0.11,0.15,0.26,0.32,0.44,1
8536,3,0.16,0.24,0.28,0.35,0.5,3
8537,1,0.33,0.45,0.53,0.62,0.73,1
8538,5,0.04,0.07,0.12,0.16,0.25,1
8539,2,0.21,0.32,0.4,0.58,0.69,1
8540,1,0.3,0.38,0.45,0.6,0.72,1
8541,2,0.23,0.35,0.43,0.54,0.56,1
8542,5,0.09,0.15,0.23,0.25,0.34,1
8543,4,0.09,0.13,0.25,0.32,0.38,1
8544,2,0.22,0.34,0.44,0.53,0.63,1
8545,5,0.05,0.07,0.12,0.19,0.26,1
8546,5,0.04,0.09,0.14,0.19,0.29,1
8547,3,0.14,0.19,0.26,0.37,0.48,1
8548,2,0.24,0.32,0.35,0.48,0.62,2
8549,3,0.09,0.15,0.26,0.37,0.44,2
8550,1,0.31,0.42,0.47,0.53,0.61,1
8551,4,0.05,0.09,0.15,0.25,0.39,1
8552,2,0.17,0.28,0.36,0.52,0.67,1
8553,2,0.17,0.32,0.41,0.52,0.63,1
8554,3,0.1,0.19,0.34,0.38,0.5,3
8555,3,0.15,0.19,0.31,0.39,0.47,1
8556,2,0.22,0.3,0.4,0.47,0.58,1
8557,2,0.21,0.29,0.38,0.55,0.7,1
8558,4,0.06,0.1,0.19,0.27,0.38,2
8559,2,0.21,0.31,0.41,0.5,0.64,1
8560,1,0.3,0.42,0.56,0.62,0.74,1
8561,3,0.13,0.22,0.28,0.34,0.44,1
8562,5,0.04,0.08,0.14,0.24,0.27,1
8563,5,0.03,0.04,0.1,0.14,0.25,2
8564,5,0.06,0.09,0.13,0.22,0.34,1
8565,4,0.09,0.16,0.23,0.29,0.36,1
8566,4,0.11,0.15,0.21,0.32,0.41,1
8567,3,0.09,0.14,0.28,0.38,0.48,1
8568,4,0.08,0.15,0.23,0.33,0.46,1
8569,5,0.03,0.05,0.09,0.17,0.28,1
8570,2,0.16,0.28,0.38,0.5,0.65,1
8571,4,0.06,0.1,0.18,0.27,0.35,1
8572,5,0.06,0.08,0.13,0.2,0.31,1
8573,3,0.12,0.22,0.31,0.42,0.53,1
8574,2,0.2,0.26,0.36,0.48,0.57,1
8575,2,0.21,0.32,0.41,0.57,0.69,1
8576,4,0.07,0.16,0.19,0.3,0.45,1
8577,4,0.08,0.13,0.16,0.29,0.41,1
8578,4,0.06,0.12,0.23,0.28,0.35,1
8579,4,0.07,0.12,0.19,0.31,0.43,1
8580,3,0.15,0.24,0.34,0.5,0.62,1
8581,5,0.06,0.09,0.14,0.21,0.34,1
8582,4,0.08,0.13,0.19,0.31,0.45,1
8583,4,0.07,0.15,0.24,0.32,0.39,1
8584,2,0.21,0.34,0.49,0.53,0.61,1
8585,2,0.17,0.25,0.35,0.44,0.52,1
8586,3,0.11,0.19,0.32,0.44,0.63,1
8587,3,0.13,0.22,0.3,0.41,0.59,1
8588,2,0.2,0.28,0.44,0.51,0.58,1
8589,1,0.28,0.4,0.48,0.57,0.66,1
8590,3,0.15,0.18,0.29,0.49,0.59,1
8591,1,0.27,0.38,0.49,0.61,0.71,1
8592,4,0.09,0.13,0.18,0.27,0.35,1
8593,2,0.25,0.32,0.47,0.54,0.65,2
8594,5,0.04,0.07,0.13,0.21,0.34,1
8595,4,0.09,0.17,0.24,0.28,0.36,1
8596,2,0.19,0.3,0.41,0.43,0.52,1
8597,3,0.16,0.24,0.32,0.44,0.55,1
8598,4,0.1,0.15,0.22,0.29,0.34,1
8599,5,0.05,0.08,0.14,0.21,0.3,1
8600,1,0.3,0.39,0.52,0.63,0.73,1
8601,4,0.09,0.19,0.25,0.34,0.45,1
8602,4,0.06,0.08,0.12,0.33,0.43,1
8603,3,0.12,0.21,0.33,0.44,0.53,1
8604,2,0.24,0.35,0.45,0.53,0.56,1
8605,2,0.18,0.27,0.42,0.52,0.67,1
8606,4,0.11,0.18,0.25,0.33,0.4,1
8607,4,0.09,0.14,0.23,0.35,0.43,1
8608,4,0.07,0.13,0.23,0.3,0.35,1
8609,5,0.03,0.05,0.09,0.17,0.33,1
8610,3,0.13,0.18,0.3,0.41,0.5,1
8611,2,0.2,0.28,0.33,0.47,0.6,1
8612,4,0.07,0.1,0.16,0.27,0.34,1
8613,1,0.3,0.35,0.38,0.45,0.58,2
8614,1,0.27,0.4,0.56,0.68,0.79,1
8615,3,0.07,0.16,0.26,0.39,0.5,1
8616,2,0.2,0.28,0.41,0.51,0.58,1
8617,1,0.33,0.42,0.52,0.6,0.71,1
8618,4,0.04,0.09,0.15,0.27,0.39,1
8619,3,0.12,0.16,0.25,0.36,0.47,1
8620,3,0.2,0.25,0.31,0.44,0.64,1
8621,4,0.06,0.11,0.22,0.31,0.41,1
8622,3,0.13,0.24,0.31,0.4,0.49,1
8623,4,0.06,0.12,0.16,0.29,0.4,1
8624,2,0.2,0.31,0.42,0.5,0.62,1
8625,5,0.06,0.1,0.15,0.22,0.32,1
8626,4,0.1,0.17,0.22,0.34,0.4,1
8627,4,0.04,0.09,0.18,0.32,0.38,1
8628,4,0.06,0.11,0.18,0.26,0.36,1
8629,2,0.19,0.32,0.47,0.62,0.75,1
8630,3,0.14,0.2,0.34,0.39,0.53,1
8631,4,0.06,0.11,0.21,0.29,0.34,1
8632,2,0.22,0.33,0.43,0.55,0.68,1
8633,1,0.32,0.44,0.53,0.67,0.78,1
8634,5,0.03,0.06,0.09,0.15,0.32,2
8635,3,0.09,0.15,0.25,0.36,0.49,1
8636,4,0.09,0.12,0.2,0.28,0.37,1
8637,2,0.23,0.26,0.38,0.48,0.61,1
8638,1,0.32,0.48,0.58,0.71,0.81,1
8639,1,0.29,0.43,0.54,0.7,0.76,2
8640,3,0.11,0.18,0.35,0.48,0.58,1
8641,2,0.25,0.34,0.43,0.51,0.61,1
8642,2,0.2,0.28,0.38,0.53,0.64,1
8643,5,0.06,0.11,0.14,0.2,0.29,1
8644,1,0.33,0.43,0.57,0.7,0.84,1
8645,4,0.08,0.13,0.19,0.29,0.37,1
8646,5,0.04,0.08,0.15,0.21,0.28,1
8647,4,0.15,0.23,0.25,0.32,0.45,1
8648,5,0.06,0.08,0.12,0.22,0.33,1
8649,1,0.34,0.45,0.55,0.61,0.71,1
8650,1,0.32,0.44,0.57,0.66,0.76,1
8651,1,0.35,0.44,0.56,0.64,0.74,1
8652,1,0.28,0.4,0.46,0.6,0.69,1
8653,2,0.2,0.29,0.46,0.64,0.68,1
8654,2,0.24,0.33,0.44,0.54,0.59,1
8655,1,0.29,0.34,0.45,0.51,0.62,1
8656,1,0.28,0.45,0.52,0.63,0.74,3
8657,5,0.06,0.09,0.22,0.27,0.29,1
8658,4,0.07,0.13,0.16,0.28,0.32,1
8659,4,0.09,0.14,0.22,0.27,0.4,1
8660,3,0.13,0.19,0.34,0.45,0.56,1
8661,5,0.05,0.06,0.12,0.16,0.29,1
8662,3,0.17,0.24,0.31,0.36,0.48,2
8663,3,0.11,0.18,0.28,0.34,0.45,1
8664,4,0.06,0.12,0.23,0.31,0.39,1
8665,3,0.08,0.15,0.26,0.35,0.45,2
8666,4,0.06,0.09,0.18,0.28,0.38,1
8667,5,0.07,0.1,0.12,0.18,0.3,1
8668,2,0.23,0.31,0.38,0.51,0.6,1
8669,4,0.09,0.13,0.2,0.27,0.39,1
8670,2,0.25,0.34,0.46,0.51,0.61,1
8671,1,0.3,0.34,0.46,0.51,0.58,1
8672,1,0.27,0.34,0.42,0.53,0.61,2
8673,1,0.32,0.41,0.5,0.6,0.68,1
8674,5,0.05,0.08,0.12,0.16,0.32,1
8675,4,0.06,0.12,0.2,0.34,0.42,1
8676,2,0.21,0.29,0.41,0.51,0.71,1
8677,5,0.05,0.08,0.13,0.18,0.26,1
8678,2,0.21,0.27,0.39,0.45,0.52,1
8679,4,0.06,0.11,0.19,0.34,0.52,1
8680,4,0.07,0.13,0.21,0.33,0.46,1
8681,4,0.07,0.12,0.18,0.33,0.43,1
8682,3,0.13,0.22,0.33,0.41,0.47,1
8683,2,0.24,0.31,0.39,0.47,0.55,1
8684,2,0.19,0.28,0.4,0.55,0.63,1
8685,5,0.06,0.09,0.13,0.18,0.28,1
8686,2,0.19,0.31,0.44,0.55,0.6,1
8687,5,0.09,0.14,0.21,0.22,0.25,1
8688,5,0.04,0.05,0.08,0.14,0.29,1
8689,5,0.04,0.07,0.12,0.19,0.26,1
8690,5,0.03,0.04,0.07,0.14,0.32,1
8691,5,0.04,0.08,0.12,0.17,0.34,1
8692,1,0.27,0.41,0.51,0.57,0.67,1
8693,5,0.04,0.05,0.11,0.23,0.32,1
8694,3,0.1,0.2,0.29,0.43,0.54,1
8695,4,0.06,0.12,0.21,0.28,0.4,1
8696,1,0.3,0.32,0.51,0.67,0.79,1
8697,4,0.08,0.13,0.18,0.27,0.36,1
8698,1,0.29,0.4,0.47,0.63,0.73,1
8699,2,0.19,0.28,0.38,0.54,0.68,1
8700,5,0.03,0.05,0.1,0.18,0.26,1
8701,1,0.3,0.34,0.44,0.58,0.7,1
8702,2,0.2,0.33,0.39,0.52,0.69,1
8703,3,0.09,0.19,0.34,0.49,0.55,2
8704,5,0.07,0.11,0.14,0.22,0.27,1
8705,5,0.05,0.08,0.12,0.22,0.28,1
8706,3,0.14,0.23,0.35,0.46,0.61,1
8707,2,0.25,0.33,0.49,0.6,0.73,1
8708,5,0.07,0.09,0.13,0.23,0.33,1
8709,5,0.05,0.1,0.16,0.21,0.29,1
8710,4,0.08,0.14,0.2,0.29,0.4,1
8711,5,0.03,0.05,0.09,0.15,0.26,1
8712,5,0.07,0.12,0.2,0.25,0.34,1
8713,1,0.35,0.48,0.62,0.67,0.76,1
8714,2,0.24,0.33,0.47,0.6,0.74,1
8715,3,0.1,0.21,0.31,0.4,0.5,1
8716,5,0.03,0.06,0.12,0.2,0.32,1
8717,2,0.22,0.29,0.38,0.49,0.65,1
8718,2,0.23,0.32,0.42,0.49,0.52,1
8719,1,0.3,0.48,0.55,0.62,0.71,1
8720,4,0.04,0.09,0.15,0.26,0.39,1
8721,1,0.33,0.49,0.56,0.7,0.77,1
8722,4,0.07,0.12,0.17,0.26,0.39,1
8723,2,0.2,0.29,0.41,0.46,0.55,1
8724,2,0.18,0.27,0.4,0.44,0.51,1
8725,5,0.04,0.07,0.13,0.19,0.27,1
8726,2,0.18,0.31,0.45,0.56,0.65,1
8727,5,0.07,0.09,0.13,0.25,0.3,1
8728,3,0.15,0.23,0.3,0.37,0.51,1
8729,4,0.09,0.11,0.15,0.33,0.41,1
8730,5,0.07,0.15,0.21,0.22,0.3,1
8731,1,0.27,0.41,0.53,0.65,0.7,1
8732,3,0.12,0.21,0.33,0.41,0.56,2
8733,2,0.17,0.29,0.4,0.54,0.71,1
8734,3,0.21,0.26,0.31,0.41,0.54,1
8735,3,0.11,0.16,0.29,0.38,0.5,2
8736,4,0.1,0.15,0.17,0.29,0.37,1
8737,5,0.04,0.07,0.13,0.21,0.33,1
8738,1,0.3,0.39,0.54,0.65,0.72,1
8739,5,0.04,0.07,0.12,0.2,0.29,1
8740,2,0.21,0.31,0.34,0.42,0.52,1
8741,4,0.09,0.15,0.23,0.32,0.47,1
8742,3,0.15,0.23,0.31,0.4,0.52,1
8743,5,0.07,0.11,0.15,0.22,0.32,1
8744,1,0.27,0.39,0.42,0.56,0.68,1
8745,1,0.31,0.4,0.57,0.7,0.75,1
8746,2,0.18,0.31,0.5,0.58,0.68,2
8747,2,0.23,0.34,0.43,0.58,0.69,1
8748,5,0.07,0.08,0.12,0.17,0.26,1
8749,2,0.16,0.3,0.4,0.5,0.64,1
8750,3,0.17,0.2,0.3,0.43,0.54,1
8751,5,0.05,0.09,0.14,0.23,0.31,1
8752,5,0.04,0.06,0.11,0.17,0.28,1
8753,4,0.11,0.16,0.19,0.27,0.42,1
8754,3,0.1,0.18,0.29,0.37,0.53,1
8755,4,0.13,0.19,0.23,0.29,0.4,1
8756,4,0.09,0.14,0.2,0.33,0.48,1
8757,5,0.03,0.05,0.1,0.2,0.27,1
8758,1,0.25,0.35,0.47,0.59,0.68,1
8759,5,0.03,0.06,0.15,0.19,0.31,1
8760,2,0.16,0.28,0.4,0.5,0.68,1
8761,1,0.34,0.46,0.57,0.66,0.74,1
8762,4,0.08,0.12,0.19,0.26,0.4,3
8763,1,0.32,0.47,0.59,0.66,0.73,1
8764,1,0.32,0.46,0.56,0.65,0.7,1
8765,1,0.26,0.35,0.44,0.57,0.69,1
8766,2,0.17,0.26,0.35,0.55,0.62,1
8767,5,0.04,0.09,0.14,0.18,0.3,1
8768,4,0.06,0.1,0.17,0.26,0.46,1
8769,2,0.17,0.27,0.33,0.42,0.54,1
8770,4,0.12,0.18,0.26,0.33,0.47,1
8771,5,0.04,0.06,0.1,0.18,0.29,2
8772,5,0.08,0.13,0.18,0.24,0.35,1
8773,4,0.07,0.11,0.2,0.3,0.38,1
8774,4,0.11,0.13,0.21,0.31,0.42,1
8775,5,0.05,0.08,0.13,0.22,0.31,1
8776,1,0.35,0.42,0.5,0.56,0.67,1
8777,2,0.21,0.32,0.37,0.47,0.61,1
8778,1,0.25,0.35,0.48,0.58,0.69,1
8779,3,0.12,0.18,0.28,0.41,0.54,1
8780,2,0.21,0.34,0.4,0.55,0.64,1
8781,3,0.15,0.23,0.3,0.36,0.39,2
8782,4,0.05,0.08,0.13,0.25,0.42,1
8783,2,0.19,0.29,0.45,0.54,0.65,1
8784,1,0.32,0.49,0.56,0.7,0.79,1
8785,1,0.28,0.38,0.48,0.57,0.7,1
8786,3,0.11,0.19,0.28,0.38,0.47,4
8787,5,0.04,0.08,0.13,0.17,0.25,1
8788,5,0.03,0.05,0.1,0.17,0.32,1
8789,1,0.26,0.35,0.48,0.62,0.73,1
8790,1,0.26,0.36,0.44,0.52,0.63,1
8791,2,0.2,0.27,0.35,0.43,0.5,1
8792,3,0.16,0.24,0.34,0.42,0.5,1
8793,3,0.11,0.15,0.26,0.38,0.5,1
8794,5,0.06,0.08,0.14,0.16,0.28,1
8795,3,0.13,0.23,0.32,0.44,0.54,2
8796,1,0.33,0.53,0.69,0.79,0.81,1
8797,4,0.04,0.08,0.15,0.25,0.37,1
8798,5,0.04,0.07,0.12,0.23,0.34,1
8799,1,0.31,0.35,0.41,0.55,0.66,1
8800,2,0.24,0.33,0.43,0.53,0.69,1
8801,5,0.03,0.06,0.09,0.18,0.33,1
8802,1,0.3,0.43,0.59,0.64,0.72,1
8803,1,0.31,0.42,0.48,0.64,0.72,1
8804,1,0.26,0.38,0.46,0.58,0.68,1
8805,1,0.35,0.37,0.51,0.62,0.72,1
8806,3,0.13,0.19,0.26,0.35,0.48,1
8807,4,0.1,0.13,0.18,0.3,0.42,2
8808,2,0.19,0.3,0.36,0.46,0.62,1
8809,5,0.04,0.07,0.11,0.2,0.34,1
8810,5,0.07,0.11,0.19,0.26,0.28,1
8811,1,0.32,0.43,0.57,0.68,0.74,1
8812,5,0.04,0.07,0.13,0.23,0.33,1
8813,5,0.03,0.04,0.09,0.15,0.31,1
8814,2,0.21,0.31,0.34,0.46,0.56,1
8815,2,0.17,0.31,0.44,0.55,0.66,1
8816,1,0.27,0.4,0.52,0.7,0.78,1
8817,3,0.15,0.22,0.33,0.39,0.49,1
8818,3,0.08,0.15,0.28,0.39,0.56,1
8819,2,0.21,0.3,0.4,0.51,0.62,1
8820,3,0.11,0.18,0.26,0.41,0.59,1
8821,1,0.32,0.44,0.57,0.69,0.76,1
8822,1,0.34,0.41,0.53,0.66,0.73,1
8823,4,0.06,0.11,0.14,0.28,0.34,1
8824,3,0.11,0.17,0.29,0.41,0.53,2
8825,3,0.17,0.24,0.31,0.39,0.51,2
8826,3,0.09,0.16,0.27,0.36,0.47,1
8827,4,0.07,0.11,0.15,0.33,0.47,2
8828,4,0.09,0.16,0.24,0.3,0.38,1
8829,4,0.07,0.1,0.17,0.27,0.37,1
8830,3,0.13,0.24,0.34,0.49,0.59,1
8831,3,0.13,0.2,0.27,0.33,0.4,1
8832,4,0.07,0.11,0.15,0.26,0.39,1
8833,3,0.08,0.15,0.27,0.43,0.51,1
8834,5,0.08,0.1,0.16,0.21,0.28,1
8835,2,0.24,0.33,0.45,0.57,0.7,1
8836,5,0.09,0.13,0.15,0.24,0.33,1
8837,4,0.06,0.12,0.22,0.31,0.45,1
8838,2,0.22,0.34,0.41,0.52,0.59,1
8839,5,0.02,0.05,0.1,0.19,0.29,1
8840,5,0.03,0.06,0.14,0.24,0.32,1
8841,4,0.08,0.17,0.25,0.32,0.44,1
8842,5,0.03,0.05,0.08,0.15,0.27,1
8843,3,0.12,0.16,0.28,0.33,0.42,1
8844,5,0.05,0.09,0.15,0.23,0.32,1
8845,2,0.19,0.32,0.43,0.54,0.67,1
8846,4,0.15,0.2,0.27,0.32,0.4,2
8847,3,0.13,0.19,0.3,0.4,0.52,1
8848,3,0.1,0.2,0.3,0.43,0.56,2
8849,5,0.04,0.07,0.12,0.16,0.25,1
8850,2,0.18,0.25,0.36,0.43,0.49,2
8851,4,0.07,0.14,0.19,0.33,0.47,1
8852,5,0.06,0.09,0.11,0.22,0.3,1
8853,4,0.09,0.14,0.18,0.27,0.4,1
8854,5,0.04,0.06,0.11,0.15,0.26,1
8855,2,0.22,0.3,0.36,0.47,0.57,1
8856,5,0.05,0.07,0.13,0.21,0.32,1
8857,3,0.13,0.21,0.33,0.43,0.58,2
8858,3,0.16,0.23,0.34,0.42,0.54,1
8859,4,0.06,0.08,0.14,0.27,0.36,1
8860,2,0.22,0.32,0.43,0.65,0.73,1
8861,4,0.09,0.12,0.17,0.28,0.4,1
8862,3,0.16,0.22,0.34,0.41,0.53,1
8863,5,0.04,0.07,0.13,0.25,0.34,1
8864,1,0.33,0.41,0.47,0.56,0.65,1
8865,4,0.1,0.13,0.23,0.33,0.5,1
8866,1,0.32,0.41,0.5,0.56,0.6,1
8867,4,0.08,0.1,0.18,0.31,0.53,1
8868,1,0.3,0.52,0.62,0.74,0.78,1
8869,2,0.21,0.29,0.36,0.48,0.62,1
8870,1,0.35,0.46,0.61,0.72,0.81,1
8871,1,0.25,0.35,0.46,0.59,0.7,1
8872,1,0.29,0.42,0.62,0.75,0.83,1
8873,2,0.19,0.31,0.44,0.49,0.61,1
8874,2,0.16,0.29,0.38,0.54,0.68,1
8875,5,0.06,0.1,0.12,0.16,0.29,1
8876,3,0.08,0.18,0.28,0.38,0.46,1
8877,1,0.28,0.35,0.49,0.62,0.73,1
8878,1,0.29,0.37,0.48,0.57,0.66,1
8879,5,0.05,0.07,0.1,0.13,0.26,1
8880,4,0.09,0.12,0.23,0.28,0.4,4
8881,4,0.05,0.1,0.2,0.3,0.46,1
8882,2,0.23,0.33,0.46,0.57,0.64,1
8883,4,0.04,0.07,0.16,0.31,0.49,2
8884,5,0.04,0.07,0.12,0.2,0.33,2
8885,1,0.28,0.38,0.47,0.56,0.66,1
8886,2,0.17,0.28,0.39,0.57,0.69,2
8887,4,0.11,0.14,0.22,0.34,0.48,1
8888,2,0.14,0.27,0.41,0.5,0.59,2
8889,2,0.24,0.35,0.5,0.56,0.67,1
8890,4,0.1,0.19,0.25,0.31,0.43,2
8891,4,0.14,0.16,0.25,0.34,0.44,1
8892,5,0.03,0.06,0.09,0.19,0.26,1
8893,4,0.08,0.15,0.21,0.32,0.43,1
8894,3,0.09,0.16,0.28,0.41,0.56,2
8895,1,0.26,0.35,0.46,0.59,0.75,1
8896,2,0.19,0.31,0.43,0.58,0.69,1
8897,4,0.07,0.13,0.18,0.25,0.35,1
8898,4,0.13,0.16,0.25,0.3,0.44,1
8899,3,0.13,0.21,0.28,0.41,0.52,1
8900,1,0.34,0.49,0.57,0.6,0.66,1
8901,5,0.03,0.06,0.1,0.2,0.28,1
8902,2,0.14,0.26,0.34,0.4,0.5,1
8903,2,0.21,0.3,0.38,0.5,0.59,1
8904,5,0.09,0.13,0.18,0.21,0.27,2
8905,1,0.33,0.44,0.5,0.55,0.66,1
8906,1,0.34,0.42,0.55,0.64,0.73,1
8907,3,0.1,0.19,0.35,0.5,0.61,1
8908,3,0.12,0.24,0.3,0.36,0.39,1
8909,4,0.07,0.11,0.16,0.29,0.43,1
8910,3,0.13,0.21,0.26,0.35,0.46,1
8911,4,0.07,0.12,0.18,0.27,0.38,1
8912,3,0.14,0.2,0.3,0.39,0.53,1
8913,3,0.13,0.23,0.29,0.34,0.47,1
8914,4,0.06,0.08,0.18,0.32,0.43,1
8915,1,0.34,0.49,0.61,0.68,0.77,2
8916,3,0.11,0.17,0.27,0.37,0.46,2
8917,1,0.27,0.34,0.46,0.55,0.63,2
8918,3,0.09,0.19,0.31,0.37,0.46,1
8919,2,0.15,0.25,0.36,0.4,0.58,1
8920,5,0.06,0.12,0.15,0.24,0.33,1
8921,5,0.04,0.06,0.1,0.2,0.29,1
8922,2,0.19,0.28,0.42,0.49,0.62,1
8923,1,0.34,0.44,0.53,0.66,0.77,1
8924,4,0.09,0.13,0.17,0.35,0.46,1
8925,5,0.04,0.08,0.12,0.17,0.26,1
8926,5,0.09,0.14,0.19,0.23,0.32,1
8927,5,0.04,0.07,0.13,0.23,0.35,1
8928,2,0.2,0.3,0.37,0.5,0.55,1
8929,2,0.13,0.29,0.35,0.44,0.5,1
8930,4,0.1,0.16,0.2,0.27,0.33,3
8931,3,0.12,0.19,0.31,0.39,0.54,1
8932,4,0.07,0.1,0.19,0.29,0.38,1
8933,3,0.12,0.18,0.31,0.4,0.56,1
8934,2,0.18,0.29,0.34,0.51,0.54,1
8935,1,0.31,0.39,0.44,0.56,0.61,1
8936,3,0.09,0.14,0.27,0.35,0.41,2
8937,1,0.27,0.4,0.58,0.67,0.74,1
8938,4,0.08,0.11,0.17,0.29,0.42,1
8939,5,0.03,0.05,0.1,0.17,0.28,1
8940,5,0.03,0.09,0.13,0.16,0.27,1
8941,2,0.17,0.28,0.38,0.54,0.61,1
8942,1,0.29,0.36,0.49,0.55,0.62,1
8943,2,0.21,0.3,0.42,0.48,0.57,1
8944,2,0.21,0.31,0.42,0.55,0.62,1
8945,3,0.1,0.19,0.29,0.4,0.5,1
8946,2,0.22,0.32,0.43,0.51,0.6,1
8947,1,0.26,0.34,0.44,0.51,0.61,1
8948,1,0.32,0.43,0.58,0.61,0.69,2
8949,3,0.11,0.16,0.28,0.4,0.5,1
8950,5,0.03,0.07,0.11,0.2,0.3,1
8951,5,0.04,0.06,0.1,0.18,0.33,1
8952,3,0.13,0.2,0.27,0.33,0.38,1
8953,5,0.05,0.09,0.15,0.21,0.25,1
8954,4,0.09,0.15,0.23,0.34,0.41,1
8955,1,0.25,0.37,0.49,0.57,0.68,1
8956,1,0.33,0.49,0.65,0.77,0.85,1
8957,2,0.17,0.28,0.36,0.44,0.54,1
8958,4,0.09,0.15,0.22,0.32,0.43,1
8959,4,0.1,0.18,0.23,0.34,0.46,1
8960,1,0.31,0.42,0.56,0.7,0.76,1
8961,2,0.18,0.3,0.42,0.49,0.55,1
8962,5,0.03,0.06,0.11,0.19,0.32,1
8963,4,0.1,0.15,0.22,0.3,0.34,1
8964,3,0.13,0.23,0.3,0.38,0.47,1
8965,5,0.03,0.06,0.12,0.19,0.3,1
8966,2,0.22,0.3,0.46,0.61,0.72,1
8967,2,0.25,0.34,0.46,0.54,0.67,1
8968,2,0.18,0.26,0.36,0.47,0.56,1
8969,3,0.17,0.23,0.31,0.46,0.5,1
8970,1,0.26,0.39,0.51,0.65,0.77,1
8971,4,0.06,0.09,0.18,0.31,0.39,2
8972,2,0.15,0.3,0.41,0.53,0.6,2
8973,5,0.05,0.08,0.13,0.22,0.27,2
8974,5,0.14,0.16,0.19,0.21,0.31,1
8975,3,0.11,0.16,0.28,0.39,0.51,1
8976,4,0.05,0.1,0.16,0.26,0.35,1
8977,1,0.31,0.42,0.52,0.63,0.75,1
8978,2,0.21,0.3,0.39,0.5,0.62,1
8979,3,0.14,0.23,0.25,0.37,0.49,1
8980,2,0.25,0.32,0.47,0.58,0.68,1
8981,2,0.22,0.31,0.46,0.6,0.77,1
8982,2,0.24,0.33,0.42,0.54,0.65,1
8983,4,0.07,0.14,0.25,0.32,0.41,1
8984,4,0.04,0.06,0.17,0.28,0.36,1
8985,4,0.09,0.15,0.19,0.31,0.38,2
8986,5,0.08,0.12,0.23,0.28,0.29,1
8987,4,0.05,0.11,0.19,0.31,0.41,1
8988,3,0.11,0.22,0.28,0.35,0.52,1
8989,4,0.13,0.18,0.23,0.31,0.36,1
8990,3,0.06,0.15,0.27,0.43,0.58,1
8991,4,0.05,0.1,0.18,0.31,0.44,1
8992,5,0.05,0.08,0.15,0.23,0.32,1
8993,1,0.26,0.38,0.51,0.6,0.74,2
8994,2,0.17,0.26,0.35,0.44,0.57,1
8995,3,0.12,0.21,0.35,0.46,0.55,1
8996,5,0.04,0.07,0.14,0.23,0.34,1
8997,5,0.05,0.07,0.15,0.22,0.33,1
8998,3,0.14,0.18,0.31,0.45,0.55,1
8999,5,0.05,0.07,0.11,0.19,0.27,2
9000,1,0.28,0.38,0.54,0.6,0.67,1
9001,3,0.16,0.24,0.35,0.46,0.58,2
9002,2,0.14,0.26,0.35,0.43,0.49,1
9003,5,0.06,0.1,0.15,0.21,0.33,1
9004,2,0.16,0.28,0.36,0.48,0.57,1
9005,4,0.08,0.13,0.18,0.31,0.45,1
9006,2,0.18,0.25,0.37,0.46,0.58,1
9007,1,0.31,0.39,0.47,0.61,0.71,1
9008,4,0.09,0.18,0.22,0.28,0.37,1
9009,5,0.05,0.08,0.12,0.21,0.31,1
9010,3,0.12,0.2,0.31,0.42,0.56,1
9011,2,0.15,0.28,0.36,0.42,0.5,1
9012,5,0.03,0.05,0.07,0.15,0.31,1
9013,3,0.17,0.22,0.28,0.41,0.56,1
9014,1,0.34,0.44,0.49,0.53,0.62,1
9015,1,0.29,0.4,0.49,0.65,0.77,1
9016,3,0.09,0.17,0.26,0.36,0.48,1
9017,2,0.21,0.3,0.35,0.51,0.67,1
9018,3,0.13,0.2,0.26,0.38,0.51,1
9019,3,0.17,0.26,0.33,0.44,0.57,1
9020,5,0.06,0.08,0.13,0.18,0.28,1
9021,3,0.18,0.23,0.31,0.45,0.52,1
9022,5,0.07,0.1,0.17,0.21,0.35,1
9023,3,0.13,0.18,0.3,0.41,0.5,1
9024,1,0.3,0.42,0.57,0.63,0.73,1
9025,2,0.18,0.3,0.41,0.53,0.64,2
9026,3,0.14,0.25,0.34,0.42,0.51,1
9027,1,0.33,0.4,0.53,0.63,0.73,1
9028,3,0.13,0.17,0.31,0.37,0.52,1
9029,4,0.07,0.11,0.17,0.33,0.37,1
9030,3,0.09,0.18,0.31,0.4,0.49,1
9031,2,0.23,0.33,0.47,0.59,0.73,1
9032,1,0.25,0.4,0.49,0.58,0.67,1
9033,4,0.06,0.09,0.18,0.3,0.39,1
9034,3,0.13,0.15,0.29,0.33,0.36,1
9035,3,0.1,0.18,0.29,0.4,0.49,1
9036,1,0.34,0.42,0.53,0.64,0.75,1
9037,4,0.15,0.2,0.23,0.32,0.46,1
9038,2,0.18,0.27,0.36,0.49,0.57,1
9039,4,0.06,0.1,0.14,0.26,0.36,1
9040,1,0.29,0.39,0.49,0.56,0.63,1
9041,4,0.04,0.09,0.15,0.27,0.36,1
9042,2,0.21,0.3,0.42,0.57,0.72,2
9043,1,0.27,0.36,0.5,0.62,0.72,1
9044,4,0.05,0.1,0.18,0.27,0.37,1
9045,3,0.15,0.23,0.33,0.45,0.58,1
9046,1,0.27,0.4,0.46,0.53,0.61,1
9047,4,0.13,0.16,0.24,0.34,0.44,1
9048,1,0.34,0.44,0.57,0.67,0.77,2
9049,1,0.3,0.39,0.51,0.58,0.66,1
9050,3,0.08,0.15,0.27,0.34,0.48,1
9051,4,0.09,0.14,0.22,0.3,0.35,1
9052,2,0.23,0.34,0.41,0.5,0.62,1
9053,5,0.03,0.06,0.08,0.16,0.28,1
9054,4,0.12,0.14,0.22,0.28,0.4,1
9055,3,0.11,0.16,0.28,0.39,0.51,1
9056,4,0.09,0.12,0.21,0.33,0.43,1
9057,5,0.04,0.05,0.1,0.18,0.28,1
9058,1,0.31,0.46,0.55,0.64,0.73,1
9059,3,0.08,0.16,0.27,0.38,0.49,1
9060,5,0.08,0.12,0.16,0.24,0.31,1
9061,2,0.22,0.35,0.41,0.51,0.65,1
9062,2,0.23,0.34,0.48,0.55,0.73,1
9063,4,0.07,0.12,0.19,0.34,0.4,2
9064,3,0.14,0.2,0.29,0.44,0.52,1
9065,1,0.32,0.46,0.53,0.66,0.72,1
9066,4,0.09,0.17,0.23,0.34,0.46,1
9067,1,0.34,0.46,0.6,0.72,0.82,1
9068,3,0.12,0.2,0.28,0.39,0.46,1
9069,3,0.16,0.21,0.3,0.38,0.52,1
9070,1,0.29,0.43,0.55,0.65,0.73,1
9071,4,0.04,0.09,0.14,0.3,0.37,1
9072,2,0.16,0.3,0.39,0.54,0.59,1
9073,1,0.28,0.36,0.51,0.67,0.7,1
9074,5,0.06,0.08,0.14,0.2,0.3,1
9075,3,0.16,0.24,0.32,0.43,0.55,1
9076,5,0.06,0.1,0.16,0.21,0.31,1
9077,1,0.34,0.45,0.65,0.73,0.85,1
9078,3,0.11,0.21,0.29,0.4,0.53,1
9079,1,0.33,0.42,0.51,0.61,0.71,1
9080,5,0.07,0.11,0.18,0.23,0.28,1
9081,4,0.06,0.12,0.2,0.27,0.33,1
9082,3,0.1,0.18,0.26,0.34,0.52,1
9083,3,0.14,0.21,0.3,0.4,0.51,1
9084,1,0.3,0.44,0.61,0.72,0.79,1
9085,4,0.14,0.18,0.27,0.29,0.41,1
9086,4,0.06,0.1,0.18,0.27,0.38,1
9087,2,0.17,0.28,0.33,0.42,0.48,1
9088,2,0.2,0.3,0.39,0.48,0.61,1
9089,2,0.18,0.32,0.42,0.5,0.65,1
9090,5,0.06,0.11,0.14,0.2,0.25,2
9091,2,0.25,0.28,0.37,0.42,0.59,1
9092,5,0.05,0.08,0.12,0.16,0.25,1
9093,1,0.31,0.39,0.56,0.68,0.76,2
9094,4,0.07,0.11,0.18,0.3,0.38,1
9095,1,0.33,0.44,0.61,0.72,0.83,1
9096,2,0.19,0.28,0.41,0.53,0.59,1
9097,4,0.1,0.14,0.22,0.34,0.42,1
9098,5,0.03,0.05,0.07,0.14,0.33,1
9099,2,0.2,0.27,0.41,0.54,0.71,1
9100,1,0.35,0.46,0.63,0.71,0.78,1
9101,3,0.1,0.16,0.3,0.41,0.53,1
9102,5,0.07,0.1,0.16,0.24,0.32,1
9103,5,0.04,0.07,0.12,0.16,0.27,1
9104,2,0.15,0.26,0.36,0.4,0.48,1
9105,5,0.05,0.09,0.14,0.23,0.32,2
9106,2,0.23,0.35,0.48,0.59,0.66,2
9107,3,0.16,0.25,0.3,0.46,0.54,1
9108,3,0.11,0.19,0.31,0.39,0.52,1
9109,5,0.03,0.07,0.1,0.16,0.3,1
9110,3,0.15,0.24,0.31,0.41,0.47,1
9111,4,0.08,0.11,0.19,0.34,0.44,1
9112,5,0.05,0.09,0.11,0.16,0.27,1
9113,1,0.3,0.37,0.45,0.57,0.66,1
9114,5,0.07,0.12,0.15,0.21,0.33,2
9115,2,0.19,0.27,0.38,0.48,0.59,1
9116,3,0.15,0.23,0.29,0.4,0.54,1
9117,1,0.27,0.37,0.48,0.57,0.71,1
9118,3,0.14,0.24,0.34,0.44,0.53,1
9119,2,0.14,0.27,0.36,0.51,0.53,1
9120,2,0.25,0.32,0.38,0.47,0.52,1
9121,2,0.16,0.29,0.4,0.55,0.68,1
9122,5,0.04,0.07,0.1,0.18,0.28,1
9123,5,0.04,0.07,0.09,0.17,0.25,1
9124,5,0.06,0.1,0.12,0.19,0.27,1
9125,5,0.04,0.09,0.14,0.2,0.28,1
9126,1,0.27,0.38,0.41,0.55,0.65,1
9127,1,0.33,0.44,0.62,0.75,0.85,1
9128,2,0.27,0.32,0.45,0.58,0.71,1
9129,5,0.06,0.11,0.15,0.19,0.28,1
9130,3,0.13,0.21,0.27,0.38,0.54,1
9131,2,0.21,0.35,0.45,0.6,0.74,1
9132,4,0.06,0.11,0.18,0.27,0.44,1
9133,3,0.1,0.16,0.26,0.39,0.53,1
9134,4,0.09,0.14,0.21,0.33,0.44,2
9135,2,0.22,0.3,0.41,0.54,0.64,1
9136,5,0.04,0.06,0.1,0.17,0.27,1
9137,2,0.17,0.29,0.36,0.49,0.63,1
9138,3,0.13,0.18,0.25,0.39,0.45,1
9139,5,0.03,0.05,0.1,0.17,0.27,1
9140,4,0.08,0.11,0.16,0.35,0.45,1
9141,3,0.13,0.23,0.32,0.47,0.6,1
9142,4,0.07,0.12,0.24,0.32,0.36,1
9143,2,0.21,0.3,0.42,0.54,0.64,1
9144,2,0.2,0.31,0.43,0.51,0.6,3
9145,2,0.25,0.31,0.39,0.42,0.56,1
9146,1,0.26,0.38,0.52,0.66,0.76,1
9147,3,0.18,0.21,0.32,0.45,0.59,1
9148,5,0.04,0.07,0.14,0.21,0.27,1
9149,2,0.2,0.28,0.45,0.53,0.63,1
9150,2,0.19,0.32,0.4,0.46,0.58,1
9151,5,0.09,0.13,0.22,0.26,0.28,1
9152,1,0.26,0.35,0.46,0.56,0.62,1
9153,5,0.03,0.06,0.08,0.14,0.27,1
9154,5,0.05,0.07,0.12,0.19,0.3,1
9155,2,0.19,0.29,0.34,0.42,0.58,2
9156,3,0.14,0.2,0.3,0.39,0.57,1
9157,1,0.34,0.47,0.63,0.71,0.82,1
9158,3,0.1,0.18,0.3,0.37,0.45,1
9159,3,0.15,0.2,0.34,0.44,0.53,1
9160,5,0.06,0.09,0.11,0.17,0.27,1
9161,2,0.16,0.26,0.35,0.47,0.55,1
9162,1,0.29,0.39,0.53,0.6,0.71,1
9163,3,0.14,0.22,0.26,0.37,0.49,1
9164,5,0.05,0.07,0.09,0.16,0.28,1
9165,3,0.08,0.15,0.25,0.35,0.5,1
9166,5,0.05,0.07,0.1,0.16,0.26,1
9167,1,0.31,0.45,0.57,0.68,0.79,2
9168,2,0.25,0.33,0.46,0.59,0.72,1
9169,4,0.05,0.08,0.18,0.27,0.43,1
9170,5,0.06,0.09,0.13,0.23,0.28,3
9171,2,0.22,0.29,0.42,0.5,0.63,1
9172,3,0.19,0.25,0.31,0.36,0.45,1
9173,2,0.2,0.29,0.32,0.45,0.59,1
9174,4,0.07,0.1,0.19,0.29,0.41,1
9175,5,0.08,0.12,0.21,0.26,0.32,1
9176,1,0.33,0.45,0.52,0.61,0.74,1
9177,1,0.33,0.43,0.57,0.66,0.74,2
9178,3,0.16,0.27,0.32,0.37,0.53,1
9179,5,0.09,0.12,0.16,0.26,0.3,1
9180,2,0.18,0.29,0.33,0.47,0.51,1
9181,3,0.19,0.21,0.34,0.47,0.58,1
9182,2,0.19,0.26,0.37,0.53,0.68,1
9183,2,0.25,0.33,0.4,0.52,0.68,1
9184,1,0.29,0.44,0.52,0.67,0.76,1
9185,3,0.13,0.21,0.32,0.41,0.51,1
9186,4,0.06,0.1,0.16,0.31,0.44,1
9187,3,0.12,0.21,0.3,0.37,0.48,1
9188,4,0.08,0.12,0.22,0.33,0.45,1
9189,5,0.05,0.09,0.12,0.17,0.28,1
9190,1,0.27,0.35,0.46,0.51,0.61,1
9191,1,0.33,0.38,0.52,0.67,0.71,1
9192,5,0.05,0.08,0.14,0.18,0.27,1
9193,2,0.2,0.27,0.37,0.49,0.55,1
9194,2,0.21,0.33,0.44,0.55,0.61,1
9195,5,0.03,0.07,0.13,0.18,0.27,1
9196,4,0.07,0.11,0.19,0.31,0.39,2
9197,4,0.06,0.12,0.18,0.33,0.42,1
9198,2,0.24,0.32,0.37,0.49,0.65,1
9199,5,0.06,0.08,0.14,0.22,0.3,1
9200,2,0.2,0.29,0.36,0.42,0.56,2
9201,3,0.18,0.23,0.34,0.41,0.56,1
9202,4,0.06,0.14,0.21,0.3,0.45,1
9203,1,0.26,0.44,0.58,0.71,0.82,1
9204,2,0.16,0.28,0.37,0.48,0.56,1
9205,4,0.08,0.13,0.2,0.32,0.43,1
9206,4,0.06,0.1,0.17,0.3,0.4,1
9207,4,0.05,0.12,0.18,0.32,0.38,1
9208,5,0.07,0.12,0.18,0.22,0.33,2
9209,3,0.12,0.25,0.34,0.43,0.52,1
9210,5,0.04,0.06,0.11,0.18,0.25,1
9211,2,0.14,0.27,0.35,0.4,0.55,1
9212,4,0.08,0.19,0.26,0.33,0.39,1
9213,2,0.2,0.31,0.33,0.47,0.59,2
9214,5,0.04,0.05,0.08,0.15,0.26,1
9215,5,0.09,0.1,0.16,0.24,0.35,1
9216,3,0.18,0.21,0.33,0.44,0.56,1
9217,1,0.3,0.43,0.53,0.69,0.74,1
9218,5,0.04,0.08,0.13,0.16,0.32,1
9219,3,0.15,0.2,0.26,0.34,0.43,1
9220,2,0.18,0.3,0.4,0.56,0.71,1
9221,1,0.33,0.43,0.51,0.6,0.71,1
9222,4,0.04,0.08,0.16,0.29,0.38,1
9223,4,0.08,0.15,0.23,0.35,0.47,2
9224,5,0.06,0.12,0.17,0.23,0.34,1
9225,2,0.25,0.31,0.41,0.53,0.65,1
9226,1,0.28,0.38,0.52,0.62,0.7,1
9227,4,0.06,0.09,0.16,0.26,0.37,1
9228,2,0.19,0.32,0.43,0.54,0.69,1
9229,5,0.05,0.08,0.13,0.2,0.28,1
9230,1,0.31,0.41,0.55,0.69,0.79,1
9231,1,0.34,0.45,0.56,0.69,0.76,1
9232,1,0.26,0.36,0.46,0.56,0.68,2
9233,3,0.13,0.18,0.27,0.35,0.43,1
9234,4,0.06,0.09,0.15,0.27,0.36,1
9235,4,0.05,0.08,0.14,0.26,0.37,1
9236,3,0.12,0.19,0.27,0.4,0.48,1
9237,4,0.08,0.17,0.2,0.32,0.47,1
9238,4,0.09,0.11,0.18,0.29,0.45,2
9239,5,0.04,0.07,0.15,0.2,0.32,1
9240,2,0.23,0.27,0.37,0.46,0.53,1
9241,5,0.06,0.08,0.13,0.19,0.34,1
9242,4,0.09,0.13,0.18,0.29,0.38,1
9243,4,0.1,0.15,0.21,0.31,0.42,1
9244,2,0.24,0.34,0.44,0.5,0.63,1
9245,3,0.12,0.15,0.31,0.36,0.45,1
9246,4,0.05,0.11,0.17,0.29,0.45,1
9247,1,0.28,0.4,0.55,0.69,0.78,2
9248,5,0.07,0.12,0.16,0.22,0.32,1
9249,5,0.04,0.06,0.09,0.17,0.31,2
9250,2,0.19,0.3,0.41,0.55,0.67,1
9251,1,0.33,0.43,0.51,0.64,0.73,1
9252,5,0.05,0.06,0.13,0.24,0.34,2
9253,1,0.3,0.39,0.48,0.57,0.66,1
9254,3,0.16,0.22,0.28,0.41,0.46,3
9255,4,0.1,0.15,0.2,0.27,0.34,1
9256,4,0.07,0.11,0.17,0.3,0.38,1
9257,2,0.15,0.27,0.33,0.39,0.56,1
9258,5,0.03,0.07,0.11,0.19,0.27,1
9259,2,0.19,0.28,0.41,0.53,0.62,2
9260,3,0.17,0.25,0.34,0.39,0.57,1
9261,2,0.21,0.29,0.46,0.56,0.64,1
9262,4,0.09,0.13,0.18,0.32,0.44,1
9263,4,0.04,0.09,0.17,0.27,0.36,1
9264,5,0.05,0.1,0.15,0.24,0.34,1
9265,2,0.16,0.3,0.38,0.51,0.57,1
9266,3,0.09,0.19,0.3,0.34,0.48,1
9267,1,0.26,0.39,0.5,0.63,0.67,1
9268,2,0.18,0.33,0.48,0.52,0.59,1
9269,2,0.17,0.27,0.37,0.44,0.65,1
9270,2,0.2,0.34,0.39,0.48,0.54,2
9271,3,0.11,0.17,0.29,0.4,0.53,1
9272,3,0.17,0.25,0.33,0.44,0.54,1
9273,4,0.08,0.1,0.2,0.32,0.41,1
9274,2,0.21,0.28,0.39,0.53,0.66,1
9275,2,0.19,0.3,0.43,0.52,0.61,1
9276,3,0.12,0.18,0.34,0.44,0.59,1
9277,5,0.06,0.1,0.13,0.22,0.34,1
9278,1,0.27,0.38,0.51,0.63,0.73,1
9279,4,0.06,0.1,0.15,0.26,0.35,2
9280,3,0.14,0.23,0.31,0.37,0.47,1
9281,3,0.11,0.17,0.26,0.41,0.48,1
9282,1,0.26,0.39,0.51,0.65,0.71,1
9283,5,0.04,0.06,0.13,0.21,0.27,1
9284,3,0.09,0.17,0.27,0.34,0.47,1
9285,1,0.32,0.43,0.48,0.63,0.74,1
9286,2,0.22,0.3,0.43,0.52,0.62,1
9287,2,0.18,0.28,0.33,0.41,0.53,1
9288,2,0.17,0.28,0.39,0.45,0.6,1
9289,5,0.05,0.09,0.14,0.21,0.34,1
9290,1,0.25,0.36,0.52,0.63,0.72,1
9291,1,0.33,0.39,0.51,0.61,0.74,1
9292,2,0.22,0.27,0.4,0.45,0.53,1
9293,1,0.32,0.38,0.48,0.56,0.67,1
9294,5,0.04,0.08,0.12,0.17,0.27,1
9295,5,0.04,0.07,0.13,0.21,0.29,1
9296,4,0.08,0.14,0.21,0.27,0.35,1
9297,4,0.13,0.2,0.24,0.35,0.45,1
9298,4,0.07,0.15,0.22,0.35,0.41,1
9299,3,0.12,0.21,0.32,0.38,0.48,3
9300,1,0.29,0.37,0.51,0.63,0.72,1
9301,3,0.12,0.2,0.26,0.34,0.45,1
9302,5,0.04,0.06,0.1,0.17,0.26,1
9303,5,0.05,0.09,0.13,0.25,0.32,1
9304,5,0.06,0.09,0.13,0.18,0.26,1
9305,4,0.11,0.13,0.19,0.32,0.48,1
9306,4,0.05,0.08,0.15,0.27,0.35,2
9307,4,0.08,0.12,0.2,0.32,0.45,1
9308,2,0.22,0.29,0.37,0.44,0.52,1
9309,1,0.27,0.39,0.53,0.58,0.67,1
9310,1,0.35,0.53,0.64,0.77,0.83,1
9311,1,0.28,0.41,0.51,0.66,0.78,1
9312,1,0.28,0.41,0.51,0.58,0.67,1
9313,3,0.12,0.2,0.29,0.36,0.48,2
9314,4,0.04,0.08,0.15,0.27,0.34,1
9315,4,0.07,0.12,0.2,0.34,0.47,1
9316,5,0.05,0.08,0.12,0.17,0.26,1
9317,5,0.08,0.11,0.14,0.22,0.31,2
9318,5,0.07,0.09,0.16,0.24,0.3,1
9319,1,0.26,0.35,0.51,0.62,0.72,1
9320,3,0.11,0.2,0.29,0.39,0.45,1
9321,4,0.07,0.12,0.18,0.27,0.41,1
9322,3,0.12,0.21,0.31,0.38,0.55,1
9323,1,0.3,0.45,0.59,0.73,0.82,1
9324,2,0.21,0.32,0.43,0.51,0.58,1
9325,4,0.06,0.09,0.17,0.26,0.34,1
9326,2,0.25,0.31,0.42,0.55,0.62,1
9327,2,0.18,0.35,0.41,0.49,0.63,1
9328,1,0.33,0.46,0.62,0.71,0.78,1
9329,4,0.07,0.11,0.23,0.29,0.33,1
9330,5,0.03,0.05,0.08,0.14,0.29,1
9331,5,0.06,0.09,0.14,0.21,0.29,1
9332,5,0.06,0.12,0.19,0.24,0.32,1
9333,5,0.07,0.09,0.14,0.18,0.27,1
9334,2,0.23,0.3,0.43,0.5,0.62,1
9335,1,0.31,0.44,0.52,0.66,0.73,2
9336,1,0.26,0.36,0.46,0.59,0.72,1
9337,2,0.2,0.32,0.38,0.5,0.58,1
9338,5,0.03,0.06,0.12,0.18,0.3,1
9339,2,0.23,0.31,0.39,0.48,0.55,1
9340,3,0.12,0.2,0.3,0.41,0.52,1
9341,5,0.03,0.05,0.08,0.14,0.25,1
9342,2,0.2,0.32,0.36,0.58,0.66,1
9343,1,0.31,0.39,0.51,0.63,0.7,1
9344,3,0.11,0.19,0.28,0.34,0.46,1
9345,1,0.32,0.33,0.41,0.55,0.63,1
9346,1,0.31,0.43,0.55,0.7,0.78,1
9347,3,0.08,0.14,0.27,0.36,0.5,1
9348,4,0.07,0.12,0.2,0.33,0.38,1
9349,2,0.21,0.31,0.39,0.43,0.52,1
9350,2,0.25,0.31,0.39,0.46,0.55,1
9351,3,0.09,0.16,0.26,0.34,0.41,1
9352,2,0.2,0.35,0.52,0.68,0.79,1
9353,1,0.29,0.35,0.49,0.63,0.7,1
9354,4,0.07,0.13,0.21,0.31,0.46,2
9355,1,0.26,0.41,0.48,0.6,0.71,1
9356,5,0.07,0.09,0.15,0.23,0.28,1
9357,5,0.05,0.1,0.19,0.24,0.34,2
9358,4,0.1,0.14,0.23,0.32,0.46,1
9359,5,0.1,0.16,0.21,0.28,0.31,1
9360,2,0.24,0.35,0.43,0.58,0.72,1
9361,5,0.04,0.06,0.08,0.18,0.28,1
9362,1,0.26,0.39,0.49,0.66,0.73,1
9363,3,0.11,0.17,0.27,0.39,0.51,1
9364,5,0.06,0.09,0.12,0.2,0.33,2
9365,3,0.09,0.16,0.29,0.38,0.49,1
9366,5,0.06,0.08,0.11,0.18,0.3,1
9367,2,0.17,0.29,0.39,0.46,0.6,2
9368,4,0.08,0.16,0.22,0.31,0.39,1
9369,2,0.2,0.34,0.45,0.55,0.65,1
9370,2,0.22,0.31,0.37,0.45,0.59,1
9371,3,0.11,0.18,0.32,0.39,0.48,2
9372,5,0.05,0.08,0.12,0.16,0.29,1
9373,3,0.13,0.22,0.31,0.43,0.54,1
9374,5,0.04,0.08,0.13,0.23,0.29,1
9375,1,0.3,0.37,0.43,0.54,0.6,1
9376,1,0.27,0.33,0.49,0.58,0.7,1
9377,4,0.08,0.14,0.21,0.32,0.5,3
9378,5,0.04,0.07,0.09,0.15,0.27,1
9379,5,0.04,0.07,0.11,0.15,0.27,1
9380,5,0.06,0.09,0.13,0.19,0.25,1
9381,4,0.11,0.17,0.23,0.32,0.39,1
9382,1,0.33,0.42,0.51,0.59,0.64,1
9383,4,0.07,0.13,0.2,0.28,0.38,1
9384,2,0.18,0.3,0.42,0.52,0.66,1
9385,2,0.21,0.32,0.41,0.62,0.73,1
9386,4,0.1,0.14,0.19,0.28,0.37,1
9387,4,0.06,0.11,0.2,0.32,0.42,1
9388,4,0.07,0.12,0.2,0.35,0.47,1
9389,4,0.07,0.11,0.18,0.28,0.4,1
9390,2,0.25,0.34,0.43,0.53,0.6,1
9391,5,0.05,0.09,0.14,0.21,0.26,1
9392,3,0.13,0.18,0.26,0.35,0.47,1
9393,4,0.08,0.11,0.21,0.34,0.45,1
9394,2,0.2,0.3,0.43,0.52,0.65,1
9395,1,0.32,0.41,0.58,0.59,0.64,1
9396,4,0.09,0.12,0.2,0.32,0.37,1
9397,5,0.03,0.07,0.1,0.19,0.34,1
9398,3,0.1,0.22,0.27,0.45,0.6,1
9399,3,0.15,0.2,0.28,0.37,0.53,1
9400,3,0.19,0.26,0.31,0.42,0.52,1
9401,1,0.27,0.38,0.48,0.6,0.63,1
9402,4,0.09,0.14,0.21,0.32,0.48,1
9403,1,0.33,0.49,0.57,0.7,0.78,1
9404,5,0.07,0.09,0.13,0.19,0.27,1
9405,3,0.11,0.2,0.32,0.38,0.52,1
9406,1,0.32,0.4,0.58,0.68,0.8,1
9407,2,0.25,0.33,0.45,0.61,0.71,1
9408,4,0.1,0.15,0.23,0.34,0.39,1
9409,3,0.2,0.26,0.31,0.39,0.5,1
9410,4,0.07,0.13,0.2,0.28,0.38,2
9411,3,0.09,0.14,0.26,0.36,0.49,1
9412,3,0.1,0.19,0.33,0.41,0.5,1
9413,5,0.06,0.11,0.15,0.22,0.29,1
9414,5,0.03,0.06,0.13,0.18,0.29,1
9415,3,0.12,0.16,0.27,0.41,0.58,1
9416,2,0.21,0.35,0.43,0.54,0.67,1
9417,4,0.06,0.13,0.23,0.31,0.41,1
9418,1,0.31,0.44,0.59,0.7,0.75,1
9419,2,0.23,0.34,0.49,0.58,0.7,2
9420,3,0.18,0.23,0.3,0.4,0.46,1
9421,1,0.29,0.34,0.41,0.44,0.55,2
9422,4,0.09,0.14,0.21,0.32,0.36,1
9423,1,0.26,0.34,0.47,0.54,0.62,1
9424,1,0.34,0.43,0.45,0.52,0.63,1
9425,5,0.04,0.07,0.13,0.21,0.34,1
9426,3,0.09,0.15,0.26,0.41,0.57,2
9427,5,0.04,0.07,0.09,0.16,0.31,1
9428,1,0.29,0.37,0.49,0.61,0.71,1
9429,1,0.35,0.53,0.57,0.65,0.71,1
9430,5,0.08,0.11,0.16,0.25,0.3,1
9431,1,0.28,0.41,0.54,0.68,0.82,1
9432,3,0.13,0.23,0.31,0.43,0.55,1
9433,2,0.21,0.31,0.39,0.52,0.61,2
9434,2,0.17,0.27,0.33,0.49,0.63,1
9435,5,0.02,0.04,0.09,0.16,0.28,1
9436,1,0.3,0.41,0.54,0.62,0.67,1
9437,2,0.17,0.31,0.39,0.44,0.51,1
9438,1,0.29,0.42,0.46,0.61,0.74,1
9439,2,0.15,0.25,0.35,0.47,0.57,2
9440,2,0.16,0.25,0.37,0.53,0.6,1
9441,3,0.12,0.18,0.33,0.38,0.46,1
9442,4,0.07,0.1,0.17,0.31,0.35,2
9443,2,0.18,0.27,0.33,0.47,0.61,1
9444,3,0.15,0.25,0.27,0.37,0.45,2
9445,1,0.28,0.39,0.43,0.57,0.75,1
9446,5,0.03,0.06,0.09,0.18,0.29,1
9447,5,0.04,0.08,0.16,0.19,0.31,1
9448,1,0.32,0.41,0.48,0.57,0.65,1
9449,3,0.09,0.14,0.29,0.41,0.56,1
9450,4,0.07,0.12,0.19,0.31,0.44,2
9451,4,0.06,0.08,0.18,0.3,0.35,1
9452,1,0.33,0.35,0.49,0.62,0.68,1
9453,4,0.07,0.15,0.21,0.28,0.37,1
9454,1,0.3,0.38,0.53,0.62,0.65,1
9455,5,0.08,0.12,0.18,0.25,0.31,2
9456,4,0.08,0.13,0.21,0.29,0.42,1
9457,3,0.18,0.21,0.35,0.49,0.56,1
9458,2,0.25,0.32,0.44,0.53,0.65,1
9459,4,0.11,0.13,0.22,0.33,0.44,1
9460,1,0.27,0.39,0.45,0.51,0.67,1
9461,1,0.33,0.45,0.64,0.76,0.84,1
9462,5,0.06,0.09,0.12,0.18,0.26,1
9463,5,0.06,0.1,0.16,0.24,0.34,1
9464,5,0.04,0.07,0.14,0.22,0.31,1
9465,5,0.03,0.06,0.1,0.17,0.29,1
9466,4,0.06,0.1,0.2,0.31,0.45,1
9467,3,0.1,0.16,0.31,0.44,0.59,1
9468,5,0.03,0.04,0.07,0.16,0.26,1
9469,4,0.07,0.12,0.17,0.27,0.39,1
9470,5,0.03,0.05,0.09,0.19,0.32,1
9471,4,0.08,0.12,0.22,0.35,0.41,1
9472,3,0.17,0.22,0.31,0.41,0.48,1
9473,5,0.07,0.1,0.13,0.23,0.31,2
9474,3,0.12,0.16,0.25,0.37,0.5,1
9475,4,0.08,0.13,0.24,0.27,0.33,1
9476,2,0.2,0.28,0.38,0.47,0.65,1
9477,2,0.19,0.28,0.38,0.47,0.51,1
9478,1,0.34,0.5,0.6,0.73,0.78,1
9479,5,0.05,0.08,0.13,0.21,0.32,1
9480,1,0.35,0.43,0.57,0.63,0.72,1
9481,2,0.23,0.27,0.33,0.44,0.6,1
9482,2,0.24,0.33,0.47,0.56,0.67,1
9483,3,0.14,0.19,0.29,0.38,0.48,2
9484,5,0.06,0.08,0.12,0.16,0.25,1
9485,1,0.27,0.36,0.5,0.62,0.69,1
9486,3,0.13,0.17,0.3,0.33,0.43,1
9487,2,0.13,0.29,0.38,0.48,0.62,1
9488,3,0.09,0.18,0.28,0.43,0.58,1
9489,4,0.09,0.13,0.18,0.31,0.38,1
9490,3,0.16,0.24,0.35,0.42,0.56,2
9491,3,0.11,0.18,0.26,0.36,0.46,2
9492,3,0.12,0.18,0.28,0.33,0.46,1
9493,5,0.06,0.1,0.15,0.25,0.34,1
9494,4,0.09,0.11,0.15,0.26,0.4,1
9495,4,0.08,0.12,0.2,0.3,0.42,2
9496,1,0.35,0.43,0.53,0.64,0.72,1
9497,5,0.05,0.07,0.13,0.22,0.33,1
9498,1,0.29,0.4,0.5,0.6,0.71,1
9499,4,0.09,0.12,0.18,0.32,0.41,1
9500,5,0.09,0.14,0.2,0.27,0.29,1
9501,3,0.14,0.2,0.3,0.43,0.56,1
9502,3,0.09,0.15,0.26,0.34,0.48,1
9503,3,0.09,0.15,0.3,0.38,0.5,1
9504,3,0.13,0.21,0.34,0.43,0.5,1
9505,2,0.19,0.34,0.43,0.56,0.65,1
9506,4,0.09,0.18,0.24,0.33,0.4,1
9507,5,0.06,0.1,0.16,0.22,0.3,1
9508,5,0.05,0.06,0.11,0.14,0.29,1
9509,1,0.26,0.34,0.44,0.53,0.62,1
9510,3,0.1,0.17,0.25,0.37,0.51,1
9511,4,0.07,0.13,0.21,0.3,0.41,1
9512,5,0.05,0.08,0.17,0.18,0.28,1
9513,4,0.06,0.11,0.22,0.34,0.46,2
9514,2,0.18,0.3,0.39,0.48,0.62,1
9515,2,0.21,0.31,0.39,0.57,0.7,1
9516,3,0.11,0.21,0.34,0.45,0.56,2
9517,5,0.04,0.06,0.12,0.19,0.29,1
9518,3,0.17,0.21,0.31,0.46,0.61,1
9519,3,0.12,0.17,0.26,0.37,0.48,1
9520,1,0.26,0.39,0.5,0.62,0.67,2
9521,2,0.2,0.29,0.38,0.47,0.58,1
9522,5,0.04,0.07,0.12,0.17,0.27,1
9523,5,0.04,0.07,0.12,0.19,0.27,1
9524,3,0.07,0.14,0.27,0.34,0.46,1
9525,5,0.05,0.08,0.14,0.21,0.3,2
9526,5,0.07,0.13,0.15,0.21,0.35,1
9527,2,0.23,0.3,0.42,0.54,0.59,1
9528,4,0.07,0.11,0.2,0.26,0.35,1
9529,2,0.17,0.3,0.38,0.52,0.67,1
9530,2,0.25,0.33,0.5,0.67,0.77,1
9531,1,0.27,0.34,0.4,0.54,0.64,1
9532,3,0.14,0.22,0.31,0.41,0.5,2
9533,5,0.06,0.08,0.15,0.23,0.32,1
9534,5,0.04,0.07,0.12,0.2,0.32,1
9535,2,0.22,0.27,0.34,0.35,0.46,1
9536,4,0.14,0.2,0.23,0.29,0.33,2
9537,1,0.29,0.42,0.44,0.51,0.58,1
9538,4,0.04,0.1,0.17,0.27,0.37,2
9539,2,0.13,0.26,0.37,0.47,0.54,2
9540,5,0.04,0.08,0.13,0.21,0.34,1
9541,3,0.11,0.2,0.33,0.55,0.67,1
9542,2,0.2,0.29,0.32,0.42,0.53,1
9543,4,0.09,0.13,0.21,0.29,0.34,1
9544,3,0.15,0.24,0.34,0.43,0.53,1
9545,2,0.22,0.33,0.42,0.54,0.72,1
9546,1,0.34,0.43,0.58,0.68,0.83,1
9547,1,0.26,0.39,0.47,0.58,0.69,1
9548,5,0.04,0.07,0.13,0.21,0.33,1
9549,2,0.23,0.35,0.42,0.49,0.54,1
9550,5,0.02,0.04,0.08,0.2,0.27,1
9551,2,0.24,0.34,0.48,0.57,0.69,1
9552,5,0.04,0.06,0.14,0.19,0.26,1
9553,4,0.14,0.17,0.22,0.29,0.36,1
9554,1,0.34,0.5,0.61,0.7,0.79,1
9555,1,0.29,0.38,0.41,0.49,0.59,1
9556,3,0.13,0.17,0.28,0.39,0.51,1
9557,4,0.12,0.13,0.2,0.32,0.43,2
9558,1,0.34,0.37,0.47,0.6,0.69,1
9559,5,0.08,0.11,0.16,0.21,0.33,1
9560,1,0.26,0.35,0.48,0.55,0.64,1
9561,3,0.14,0.2,0.33,0.48,0.61,1
9562,5,0.05,0.07,0.11,0.21,0.29,1
9563,1,0.25,0.39,0.46,0.58,0.68,1
9564,4,0.11,0.14,0.19,0.27,0.37,1
9565,4,0.07,0.1,0.19,0.3,0.38,1
9566,2,0.23,0.34,0.47,0.53,0.62,1
9567,2,0.24,0.33,0.48,0.56,0.67,1
9568,2,0.19,0.32,0.41,0.52,0.62,2
9569,1,0.35,0.46,0.61,0.7,0.78,1
9570,2,0.18,0.26,0.4,0.51,0.67,1
9571,4,0.05,0.09,0.17,0.28,0.34,1
9572,4,0.07,0.09,0.18,0.31,0.47,1
9573,5,0.03,0.06,0.12,0.22,0.3,1
9574,3,0.12,0.21,0.29,0.42,0.58,1
9575,5,0.09,0.14,0.21,0.26,0.27,1
9576,1,0.29,0.39,0.48,0.56,0.62,1
9577,2,0.27,0.3,0.43,0.52,0.59,1
9578,2,0.19,0.31,0.43,0.54,0.68,1
9579,2,0.24,0.31,0.38,0.46,0.63,1
9580,4,0.1,0.18,0.23,0.34,0.46,1
9581,3,0.12,0.17,0.26,0.35,0.44,1
9582,1,0.25,0.37,0.52,0.63,0.71,2
9583,4,0.09,0.17,0.19,0.31,0.39,2
9584,2,0.19,0.29,0.39,0.49,0.57,1
9585,5,0.05,0.09,0.15,0.22,0.33,1
9586,3,0.1,0.2,0.29,0.44,0.51,1
9587,5,0.03,0.05,0.1,0.19,0.32,1
9588,4,0.06,0.12,0.18,0.29,0.37,1
9589,3,0.14,0.21,0.35,0.42,0.52,1
9590,4,0.06,0.1,0.17,0.27,0.4,1
9591,1,0.35,0.5,0.65,0.75,0.82,1
9592,3,0.15,0.16,0.27,0.35,0.51,1
9593,5,0.05,0.08,0.1,0.16,0.32,1
9594,3,0.1,0.2,0.29,0.38,0.5,1
9595,4,0.06,0.13,0.19,0.35,0.44,1
9596,5,0.04,0.08,0.12,0.18,0.29,1
9597,4,0.07,0.16,0.26,0.3,0.37,1
9598,1,0.28,0.34,0.4,0.53,0.7,1
9599,1,0.28,0.38,0.57,0.66,0.76,1
9600,1,0.35,0.42,0.54,0.68,0.75,1
9601,2,0.2,0.34,0.41,0.5,0.58,1
9602,3,0.08,0.18,0.29,0.38,0.48,1
9603,3,0.16,0.26,0.31,0.48,0.62,1
9604,3,0.14,0.22,0.33,0.43,0.55,1
9605,4,0.08,0.11,0.21,0.28,0.38,1
9606,1,0.26,0.35,0.46,0.59,0.67,1
9607,1,0.35,0.41,0.5,0.62,0.68,1
9608,5,0.03,0.04,0.08,0.15,0.25,1
9609,1,0.29,0.38,0.48,0.55,0.62,1
9610,2,0.23,0.34,0.43,0.49,0.65,1
9611,1,0.3,0.38,0.55,0.67,0.74,2
9612,3,0.12,0.16,0.26,0.35,0.44,1
9613,2,0.22,0.32,0.52,0.62,0.72,1
9614,5,0.06,0.09,0.16,0.2,0.28,1
9615,5,0.03,0.05,0.1,0.2,0.3,1
9616,5,0.07,0.09,0.16,0.24,0.29,1
9617,5,0.06,0.08,0.15,0.22,0.33,1
9618,2,0.13,0.26,0.34,0.47,0.67,1
9619,5,0.04,0.06,0.11,0.19,0.31,1
9620,5,0.04,0.05,0.1,0.19,0.29,1
9621,5,0.07,0.1,0.15,0.19,0.25,1
9622,4,0.08,0.13,0.22,0.29,0.37,1
9623,1,0.29,0.39,0.53,0.57,0.65,2
9624,2,0.15,0.26,0.36,0.46,0.54,1
9625,1,0.35,0.45,0.48,0.6,0.75,1
9626,1,0.28,0.35,0.43,0.55,0.6,1
9627,3,0.18,0.23,0.34,0.43,0.53,1
9628,5,0.06,0.09,0.14,0.27,0.3,1
9629,3,0.13,0.22,0.34,0.38,0.48,1
9630,5,0.05,0.07,0.1,0.18,0.3,2
9631,3,0.12,0.19,0.3,0.38,0.5,1
9632,3,0.12,0.18,0.28,0.44,0.59,1
9633,1,0.34,0.4,0.43,0.54,0.68,1
9634,3,0.13,0.18,0.26,0.34,0.37,1
9635,5,0.07,0.1,0.14,0.23,0.31,1
9636,2,0.24,0.34,0.44,0.55,0.63,1
9637,4,0.1,0.13,0.23,0.29,0.38,1
9638,3,0.16,0.22,0.31,0.45,0.54,1
9639,4,0.05,0.1,0.19,0.3,0.42,1
9640,5,0.06,0.1,0.13,0.18,0.28,1
9641,2,0.22,0.29,0.4,0.53,0.63,1
9642,2,0.17,0.28,0.36,0.46,0.57,1
9643,5,0.03,0.05,0.11,0.18,0.27,1
9644,4,0.08,0.12,0.23,0.35,0.47,2
9645,4,0.08,0.11,0.18,0.27,0.35,1
9646,4,0.11,0.16,0.24,0.31,0.34,1
9647,5,0.03,0.05,0.09,0.19,0.33,1
9648,3,0.09,0.15,0.29,0.43,0.53,2
9649,1,0.31,0.35,0.48,0.61,0.73,1
9650,4,0.1,0.16,0.22,0.29,0.31,2
9651,2,0.19,0.28,0.42,0.56,0.66,1
9652,3,0.15,0.2,0.29,0.41,0.49,1
9653,1,0.28,0.4,0.44,0.52,0.67,1
9654,3,0.15,0.21,0.31,0.33,0.42,1
9655,1,0.33,0.45,0.54,0.69,0.78,1
9656,1,0.34,0.49,0.64,0.7,0.77,1
9657,1,0.28,0.38,0.53,0.64,0.76,1
9658,4,0.07,0.12,0.18,0.3,0.43,1
9659,5,0.03,0.05,0.07,0.16,0.28,1
9660,2,0.19,0.27,0.37,0.48,0.59,1
9661,2,0.17,0.29,0.42,0.57,0.64,1
9662,5,0.07,0.11,0.14,0.25,0.34,1
9663,4,0.07,0.1,0.19,0.28,0.4,1
9664,2,0.19,0.29,0.43,0.58,0.7,1
9665,3,0.09,0.15,0.29,0.32,0.42,1
9666,3,0.11,0.22,0.28,0.36,0.44,1
9667,2,0.19,0.26,0.37,0.48,0.6,1
9668,3,0.18,0.22,0.35,0.39,0.55,1
9669,5,0.07,0.12,0.14,0.19,0.35,1
9670,1,0.28,0.41,0.51,0.6,0.7,1
9671,5,0.05,0.1,0.19,0.26,0.33,1
9672,2,0.21,0.28,0.35,0.45,0.55,1
9673,5,0.04,0.07,0.12,0.22,0.34,1
9674,5,0.04,0.07,0.1,0.14,0.26,1
9675,1,0.27,0.36,0.46,0.57,0.7,1
9676,4,0.06,0.1,0.19,0.28,0.41,1
9677,1,0.27,0.42,0.55,0.7,0.76,1
9678,2,0.17,0.26,0.37,0.48,0.61,2
9679,3,0.11,0.19,0.31,0.45,0.59,1
9680,1,0.32,0.47,0.58,0.68,0.73,2
9681,4,0.08,0.11,0.19,0.28,0.44,1
9682,1,0.28,0.36,0.49,0.6,0.74,1
9683,1,0.33,0.49,0.63,0.69,0.83,1
9684,1,0.26,0.37,0.5,0.6,0.74,1
9685,1,0.35,0.45,0.58,0.64,0.76,1
9686,5,0.04,0.06,0.11,0.17,0.28,2
9687,4,0.08,0.1,0.2,0.29,0.38,1
9688,2,0.16,0.3,0.43,0.56,0.63,1
9689,4,0.06,0.1,0.18,0.3,0.42,1
9690,4,0.09,0.14,0.18,0.29,0.43,1
9691,4,0.07,0.12,0.2,0.3,0.38,1
9692,4,0.07,0.11,0.21,0.31,0.5,1
9693,5,0.09,0.12,0.17,0.21,0.31,1
9694,3,0.13,0.19,0.28,0.32,0.39,1
9695,1,0.29,0.42,0.5,0.59,0.64,1
9696,4,0.09,0.12,0.17,0.29,0.41,1
9697,3,0.1,0.2,0.28,0.35,0.44,1
9698,3,0.12,0.2,0.3,0.43,0.52,1
9699,1,0.27,0.4,0.46,0.56,0.65,1
9700,3,0.13,0.17,0.26,0.36,0.47,1
9701,3,0.17,0.25,0.31,0.4,0.55,2
9702,4,0.05,0.11,0.17,0.27,0.38,1
9703,1,0.31,0.37,0.52,0.62,0.72,1
9704,3,0.11,0.19,0.29,0.38,0.58,1
9705,3,0.17,0.25,0.32,0.4,0.57,1
9706,5,0.05,0.1,0.16,0.21,0.28,1
9707,3,0.12,0.2,0.29,0.41,0.5,1
9708,4,0.06,0.09,0.14,0.32,0.44,1
9709,5,0.05,0.08,0.13,0.2,0.32,1
9710,3,0.11,0.17,0.33,0.49,0.57,1
9711,4,0.09,0.12,0.21,0.29,0.39,1
9712,4,0.09,0.14,0.24,0.31,0.4,1
9713,2,0.17,0.28,0.44,0.55,0.6,1
9714,4,0.09,0.12,0.19,0.28,0.44,1
9715,1,0.27,0.33,0.46,0.59,0.7,1
9716,3,0.12,0.18,0.26,0.39,0.51,1
9717,4,0.1,0.15,0.2,0.32,0.4,1
9718,4,0.11,0.16,0.25,0.34,0.48,1
9719,2,0.2,0.31,0.46,0.56,0.6,1
9720,3,0.13,0.2,0.27,0.38,0.54,1
9721,1,0.33,0.46,0.57,0.67,0.74,1
9722,3,0.11,0.16,0.29,0.39,0.52,1
9723,4,0.07,0.1,0.2,0.33,0.42,1
9724,2,0.23,0.28,0.34,0.42,0.5,1
9725,2,0.21,0.29,0.39,0.41,0.53,1
9726,4,0.08,0.12,0.19,0.27,0.38,1
9727,3,0.08,0.18,0.29,0.38,0.49,1
9728,2,0.21,0.26,0.34,0.46,0.5,2
9729,3,0.18,0.26,0.29,0.42,0.49,1
9730,3,0.1,0.2,0.3,0.38,0.42,1
9731,1,0.26,0.36,0.45,0.52,0.65,1
9732,4,0.1,0.13,0.25,0.34,0.43,1
9733,1,0.27,0.38,0.55,0.67,0.8,1
9734,3,0.14,0.19,0.28,0.34,0.48,1
9735,1,0.29,0.33,0.43,0.5,0.6,1
9736,4,0.05,0.09,0.22,0.26,0.41,1
9737,3,0.16,0.21,0.33,0.48,0.58,1
9738,4,0.09,0.12,0.22,0.32,0.4,1
9739,5,0.05,0.08,0.11,0.18,0.33,1
9740,1,0.28,0.36,0.49,0.63,0.75,1
9741,2,0.18,0.26,0.35,0.39,0.49,1
9742,2,0.2,0.3,0.45,0.57,0.62,1
9743,1,0.33,0.49,0.6,0.67,0.74,1
9744,1,0.34,0.44,0.58,0.68,0.73,1
9745,4,0.04,0.07,0.13,0.25,0.35,1
9746,3,0.14,0.18,0.29,0.34,0.38,2
9747,2,0.19,0.31,0.41,0.49,0.59,2
9748,3,0.07,0.14,0.27,0.41,0.54,1
9749,1,0.31,0.41,0.5,0.6,0.71,1
9750,5,0.06,0.09,0.15,0.23,0.32,1
9751,2,0.17,0.35,0.47,0.55,0.68,1
9752,3,0.13,0.16,0.25,0.35,0.52,1
9753,2,0.22,0.3,0.45,0.6,0.7,1
9754,5,0.04,0.09,0.12,0.2,0.34,2
9755,2,0.19,0.3,0.37,0.42,0.56,1
9756,1,0.34,0.49,0.56,0.7,0.8,1
9757,3,0.12,0.21,0.33,0.42,0.52,1
9758,5,0.02,0.06,0.1,0.19,0.25,1
9759,3,0.11,0.18,0.34,0.44,0.53,1
9760,1,0.28,0.4,0.55,0.69,0.74,1
9761,1,0.33,0.42,0.49,0.57,0.66,2
9762,4,0.07,0.11,0.19,0.29,0.33,1
9763,3,0.15,0.21,0.29,0.42,0.47,1
9764,5,0.1,0.13,0.19,0.26,0.28,1
9765,4,0.06,0.09,0.15,0.3,0.38,1
9766,1,0.32,0.5,0.6,0.69,0.82,1
9767,1,0.29,0.38,0.5,0.63,0.68,2
9768,2,0.14,0.3,0.35,0.43,0.54,1
9769,5,0.03,0.06,0.1,0.15,0.25,1
9770,4,0.06,0.09,0.17,0.32,0.47,1
9771,5,0.03,0.05,0.1,0.18,0.3,1
9772,3,0.16,0.21,0.33,0.48,0.64,1
9773,3,0.16,0.24,0.31,0.39,0.49,2
9774,4,0.06,0.12,0.22,0.28,0.38,1
9775,2,0.25,0.32,0.44,0.53,0.59,1
9776,5,0.04,0.05,0.1,0.2,0.33,1
9777,2,0.2,0.34,0.44,0.5,0.59,1
9778,2,0.16,0.31,0.41,0.46,0.56,1
9779,5,0.03,0.04,0.09,0.17,0.26,1
9780,5,0.03,0.06,0.11,0.2,0.27,1
9781,2,0.19,0.33,0.44,0.54,0.64,1
9782,5,0.04,0.08,0.15,0.23,0.34,1
9783,4,0.09,0.18,0.24,0.31,0.4,1
9784,2,0.16,0.3,0.46,0.58,0.65,2
9785,3,0.1,0.17,0.27,0.36,0.43,1
9786,5,0.04,0.08,0.13,0.2,0.3,1
9787,4,0.06,0.14,0.19,0.3,0.52,1
9788,2,0.21,0.28,0.41,0.51,0.55,1
9789,2,0.23,0.35,0.52,0.61,0.65,1
9790,5,0.05,0.09,0.15,0.21,0.27,1
9791,2,0.2,0.28,0.41,0.43,0.56,1
9792,3,0.11,0.19,0.28,0.33,0.43,1
9793,5,0.07,0.09,0.14,0.25,0.31,1
9794,3,0.18,0.23,0.31,0.41,0.46,1
9795,4,0.05,0.08,0.15,0.26,0.34,1
9796,3,0.15,0.23,0.29,0.43,0.49,1
9797,4,0.07,0.11,0.17,0.31,0.45,1
9798,1,0.34,0.42,0.49,0.61,0.75,1
9799,1,0.34,0.43,0.5,0.66,0.71,1
9800,4,0.08,0.12,0.19,0.3,0.35,1
9801,4,0.06,0.11,0.17,0.28,0.33,1
9802,4,0.07,0.11,0.22,0.29,0.35,1
9803,2,0.25,0.29,0.34,0.39,0.5,2
9804,4,0.06,0.1,0.2,0.34,0.42,1
9805,3,0.12,0.19,0.27,0.33,0.45,1
9806,4,0.07,0.11,0.19,0.34,0.41,1
9807,1,0.33,0.45,0.58,0.65,0.75,1
9808,4,0.11,0.13,0.16,0.27,0.39,1
9809,5,0.04,0.08,0.14,0.19,0.27,1
9810,4,0.11,0.16,0.24,0.28,0.39,1
9811,4,0.08,0.14,0.22,0.29,0.41,1
9812,4,0.07,0.11,0.16,0.3,0.39,1
9813,1,0.31,0.38,0.56,0.68,0.75,1
9814,1,0.27,0.37,0.42,0.52,0.6,1
9815,5,0.06,0.08,0.13,0.18,0.31,1
9816,4,0.08,0.13,0.22,0.32,0.43,2
9817,2,0.19,0.27,0.35,0.47,0.59,2
9818,1,0.26,0.34,0.37,0.5,0.58,1
9819,2,0.19,0.29,0.41,0.48,0.57,1
9820,1,0.33,0.48,0.51,0.63,0.71,1
9821,5,0.06,0.09,0.14,0.24,0.3,1
9822,1,0.29,0.35,0.49,0.64,0.74,1
9823,1,0.28,0.39,0.46,0.49,0.58,1
9824,1,0.25,0.36,0.45,0.57,0.65,1
9825,4,0.03,0.07,0.16,0.28,0.33,1
9826,5,0.03,0.05,0.11,0.16,0.33,1
9827,5,0.09,0.11,0.15,0.2,0.34,1
9828,3,0.11,0.15,0.27,0.38,0.5,1
9829,5,0.04,0.07,0.1,0.17,0.28,1
9830,4,0.07,0.09,0.16,0.27,0.42,1
9831,5,0.03,0.06,0.13,0.2,0.3,1
9832,2,0.21,0.33,0.38,0.51,0.65,1
9833,1,0.34,0.46,0.54,0.61,0.71,1
9834,2,0.17,0.3,0.46,0.62,0.72,2
9835,4,0.09,0.15,0.21,0.3,0.38,1
9836,1,0.29,0.34,0.46,0.58,0.68,1
9837,1,0.28,0.41,0.57,0.64,0.72,1
9838,4,0.06,0.13,0.2,0.34,0.51,1
9839,5,0.02,0.04,0.09,0.17,0.28,2
9840,2,0.17,0.28,0.35,0.46,0.48,2
9841,4,0.06,0.11,0.19,0.33,0.45,1
9842,3,0.12,0.17,0.33,0.5,0.62,2
9843,5,0.03,0.06,0.09,0.12,0.26,1
9844,1,0.32,0.42,0.54,0.65,0.74,1
9845,1,0.31,0.36,0.51,0.67,0.71,1
9846,3,0.15,0.19,0.3,0.36,0.47,2
9847,2,0.18,0.28,0.43,0.56,0.64,2
9848,5,0.04,0.05,0.09,0.17,0.25,1
9849,5,0.02,0.04,0.06,0.14,0.26,1
9850,5,0.03,0.05,0.12,0.19,0.26,1
9851,3,0.1,0.19,0.33,0.44,0.56,1
9852,1,0.31,0.38,0.46,0.52,0.65,1
9853,4,0.08,0.14,0.22,0.34,0.39,1
9854,1,0.33,0.4,0.52,0.6,0.72,1
9855,2,0.18,0.31,0.38,0.51,0.58,1
9856,4,0.09,0.13,0.18,0.31,0.35,1
9857,1,0.25,0.37,0.49,0.57,0.67,1
9858,2,0.2,0.3,0.43,0.53,0.56,1
9859,4,0.1,0.16,0.24,0.33,0.45,1
9860,5,0.05,0.06,0.14,0.21,0.34,1
9861,5,0.04,0.06,0.1,0.17,0.25,3
9862,2,0.18,0.29,0.38,0.46,0.58,1
9863,3,0.07,0.13,0.26,0.41,0.52,1
9864,3,0.08,0.13,0.26,0.4,0.53,1
9865,5,0.04,0.06,0.08,0.16,0.27,2
9866,5,0.03,0.05,0.07,0.16,0.28,1
9867,5,0.06,0.08,0.11,0.21,0.31,1
9868,5,0.03,0.06,0.12,0.17,0.28,1
9869,1,0.27,0.34,0.48,0.61,0.68,1
9870,3,0.1,0.16,0.27,0.4,0.49,1
9871,4,0.1,0.15,0.19,0.3,0.39,1
9872,1,0.32,0.48,0.56,0.66,0.78,1
9873,4,0.07,0.11,0.17,0.32,0.41,1
9874,2,0.22,0.31,0.38,0.49,0.59,1
9875,5,0.04,0.08,0.13,0.23,0.3,1
9876,5,0.03,0.05,0.12,0.18,0.29,1
9877,5,0.08,0.1,0.14,0.23,0.32,1
9878,2,0.23,0.34,0.45,0.54,0.65,1
9879,3,0.15,0.24,0.31,0.36,0.44,1
9880,4,0.09,0.13,0.23,0.34,0.45,2
9881,5,0.06,0.09,0.17,0.25,0.31,1
9882,5,0.04,0.06,0.1,0.18,0.26,1
9883,5,0.04,0.07,0.09,0.2,0.27,1
9884,2,0.18,0.27,0.4,0.47,0.56,1
9885,5,0.03,0.05,0.09,0.15,0.27,1
9886,1,0.35,0.53,0.6,0.75,0.83,1
9887,3,0.12,0.21,0.33,0.37,0.46,1
9888,4,0.11,0.13,0.2,0.33,0.39,1
9889,2,0.18,0.26,0.35,0.43,0.52,1
9890,1,0.35,0.46,0.59,0.72,0.8,2
9891,3,0.16,0.22,0.34,0.45,0.54,1
9892,5,0.06,0.09,0.15,0.23,0.28,1
9893,5,0.04,0.06,0.1,0.15,0.25,1
9894,2,0.21,0.29,0.36,0.43,0.52,1
9895,1,0.31,0.46,0.61,0.72,0.8,1
9896,3,0.13,0.22,0.34,0.49,0.66,2
9897,1,0.34,0.49,0.64,0.75,0.83,1
9898,1,0.3,0.39,0.53,0.66,0.74,1
9899,2,0.21,0.29,0.43,0.6,0.67,1
9900,1,0.26,0.34,0.44,0.58,0.67,1
9901,1,0.3,0.41,0.5,0.6,0.74,1
9902,1,0.32,0.48,0.6,0.71,0.77,1
9903,2,0.18,0.28,0.37,0.49,0.59,1
9904,5,0.05,0.08,0.14,0.25,0.28,1
9905,2,0.18,0.3,0.36,0.45,0.57,1
9906,1,0.29,0.4,0.52,0.6,0.7,1
9907,4,0.09,0.15,0.21,0.32,0.46,1
9908,2,0.26,0.32,0.36,0.44,0.6,1
9909,1,0.29,0.42,0.52,0.58,0.67,1
9910,2,0.2,0.27,0.37,0.51,0.58,1
9911,3,0.13,0.23,0.3,0.42,0.55,1
9912,2,0.19,0.29,0.39,0.46,0.55,1
9913,2,0.23,0.27,0.42,0.46,0.56,1
9914,3,0.11,0.21,0.28,0.35,0.44,1
9915,4,0.09,0.12,0.19,0.27,0.37,1
9916,5,0.04,0.07,0.14,0.22,0.31,1
9917,5,0.05,0.08,0.11,0.19,0.3,1
9918,2,0.22,0.31,0.36,0.51,0.6,1
9919,2,0.25,0.32,0.45,0.64,0.73,1
9920,4,0.07,0.11,0.17,0.25,0.37,1
9921,1,0.3,0.47,0.64,0.72,0.77,1
9922,5,0.04,0.08,0.14,0.19,0.33,1
9923,3,0.09,0.15,0.28,0.36,0.44,3
9924,1,0.33,0.44,0.57,0.71,0.77,1
9925,3,0.18,0.22,0.28,0.33,0.46,1
9926,5,0.03,0.06,0.11,0.18,0.26,1
9927,3,0.16,0.25,0.3,0.41,0.45,1
9928,1,0.33,0.45,0.57,0.67,0.71,2
9929,2,0.18,0.29,0.45,0.55,0.68,1
9930,2,0.17,0.26,0.38,0.51,0.59,1
9931,1,0.27,0.36,0.46,0.62,0.77,1
9932,4,0.09,0.13,0.2,0.27,0.37,1
9933,1,0.33,0.49,0.6,0.65,0.73,1
9934,1,0.32,0.38,0.58,0.63,0.76,1
9935,2,0.26,0.33,0.45,0.61,0.71,3
9936,3,0.12,0.19,0.3,0.37,0.47,1
9937,3,0.13,0.2,0.28,0.38,0.47,1
9938,3,0.1,0.18,0.28,0.45,0.56,1
9939,1,0.3,0.4,0.55,0.67,0.79,1
9940,1,0.29,0.36,0.48,0.62,0.71,2
9941,1,0.31,0.4,0.54,0.69,0.76,1
9942,1,0.27,0.36,0.47,0.55,0.6,1
9943,2,0.23,0.29,0.35,0.5,0.61,1
9944,1,0.27,0.35,0.38,0.49,0.63,1
9945,3,0.12,0.18,0.3,0.43,0.51,1
9946,1,0.35,0.46,0.58,0.68,0.79,1
9947,1,0.27,0.34,0.39,0.53,0.7,1
9948,3,0.12,0.21,0.29,0.4,0.53,1
9949,3,0.11,0.19,0.3,0.43,0.58,4
9950,3,0.12,0.21,0.33,0.4,0.49,2
9951,4,0.08,0.15,0.2,0.31,0.38,1
9952,4,0.04,0.09,0.15,0.29,0.4,1
9953,4,0.09,0.14,0.22,0.31,0.4,1
9954,5,0.03,0.05,0.08,0.15,0.26,1
9955,5,0.05,0.09,0.18,0.23,0.32,1
9956,5,0.05,0.08,0.14,0.24,0.34,1
9957,1,0.3,0.4,0.52,0.67,0.76,1
9958,3,0.12,0.18,0.28,0.38,0.46,1
9959,3,0.13,0.2,0.33,0.49,0.62,1
9960,2,0.24,0.31,0.47,0.57,0.66,1
9961,5,0.05,0.1,0.12,0.19,0.29,1
9962,1,0.32,0.41,0.48,0.55,0.67,1
9963,4,0.09,0.12,0.18,0.29,0.39,1
9964,2,0.24,0.34,0.45,0.61,0.72,2
9965,5,0.05,0.07,0.1,0.19,0.26,1
9966,4,0.1,0.12,0.19,0.31,0.45,1
9967,4,0.11,0.17,0.19,0.32,0.39,1
9968,3,0.12,0.17,0.28,0.42,0.5,1
9969,5,0.06,0.09,0.15,0.18,0.33,1
9970,4,0.08,0.13,0.23,0.31,0.43,1
9971,5,0.05,0.08,0.11,0.18,0.28,1
9972,4,0.12,0.15,0.21,0.32,0.41,1
9973,2,0.15,0.27,0.4,0.56,0.69,1
9974,5,0.03,0.07,0.13,0.21,0.3,1
9975,2,0.23,0.32,0.42,0.58,0.67,1
9976,1,0.29,0.38,0.48,0.55,0.66,1
9977,2,0.22,0.3,0.45,0.53,0.6,1
9978,2,0.21,0.33,0.39,0.49,0.54,1
9979,2,0.24,0.34,0.47,0.6,0.76,1
9980,2,0.21,0.28,0.35,0.5,0.59,1
9981,4,0.07,0.1,0.17,0.28,0.36,1
9982,3,0.12,0.2,0.29,0.33,0.38,1
9983,1,0.34,0.42,0.53,0.63,0.73,1
9984,4,0.06,0.1,0.2,0.32,0.43,1
9985,5,0.05,0.07,0.1,0.19,0.32,1
9986,5,0.05,0.09,0.16,0.22,0.33,1
9987,2,0.2,0.3,0.41,0.58,0.65,1
9988,2,0.15,0.31,0.4,0.5,0.63,2
9989,4,0.05,0.09,0.13,0.27,0.36,1
9990,5,0.02,0.04,0.09,0.13,0.25,2
9991,5,0.07,0.14,0.16,0.19,0.31,1
9992,2,0.24,0.33,0.41,0.55,0.68,1
9993,4,0.07,0.12,0.15,0.25,0.39,1
9994,1,0.31,0.45,0.56,0.65,0.74,2
9995,1,0.28,0.43,0.57,0.72,0.81,1
9996,2,0.22,0.34,0.46,0.56,0.65,2
9997,2,0.17,0.3,0.34,0.46,0.65,1
9998,3,0.13,0.2,0.32,0.41,0.52,1
9999,2,0.18,0.28,0.33,0.47,0.6,1
10000,3,0.09,0.18,0.27,0.4,0.5,1
