"Scenario","MTD","Dose1","Dose2","Dose3","Dose4","Dose5","Attempt"
1,2,0.13,0.29,0.4,0.57,0.62,2
2,3,0.13,0.24,0.34,0.43,0.64,1
3,3,0.08,0.17,0.34,0.52,0.64,1
4,3,0.07,0.17,0.36,0.53,0.7,1
5,2,0.19,0.37,0.53,0.66,0.76,1
6,2,0.17,0.28,0.37,0.51,0.7,1
7,5,0.01,0.03,0.06,0.14,0.28,1
8,1,0.32,0.43,0.56,0.62,0.73,1
9,3,0.05,0.1,0.25,0.36,0.49,1
10,1,0.25,0.43,0.56,0.76,0.86,1
11,5,0.01,0.02,0.08,0.16,0.24,1
12,5,0.02,0.04,0.09,0.17,0.35,1
13,4,0.03,0.11,0.21,0.34,0.59,2
14,3,0.07,0.14,0.34,0.41,0.56,1
15,3,0.06,0.11,0.31,0.44,0.62,1
16,1,0.34,0.52,0.7,0.85,0.93,1
17,1,0.33,0.55,0.72,0.83,0.87,1
18,3,0.07,0.2,0.3,0.46,0.68,1
19,3,0.07,0.14,0.26,0.38,0.57,1
20,3,0.09,0.16,0.3,0.37,0.56,1
21,2,0.16,0.37,0.57,0.79,0.89,1
22,2,0.16,0.26,0.45,0.6,0.73,1
23,4,0.02,0.04,0.13,0.29,0.42,1
24,4,0.01,0.04,0.09,0.31,0.48,1
25,3,0.08,0.24,0.35,0.5,0.58,1
26,5,0.02,0.07,0.12,0.22,0.34,1
27,2,0.15,0.35,0.51,0.61,0.8,1
28,4,0.03,0.07,0.2,0.29,0.41,1
29,1,0.28,0.36,0.46,0.58,0.72,1
30,1,0.31,0.43,0.58,0.71,0.79,1
31,1,0.3,0.54,0.71,0.82,0.89,1
32,3,0.04,0.14,0.28,0.4,0.59,1
33,5,0.02,0.05,0.11,0.21,0.28,1
34,1,0.37,0.5,0.64,0.81,0.88,1
35,5,0.01,0.03,0.09,0.2,0.29,1
36,5,0.01,0.02,0.05,0.1,0.36,1
37,1,0.35,0.44,0.67,0.84,0.92,1
38,5,0.01,0.03,0.06,0.12,0.28,1
39,1,0.36,0.47,0.57,0.7,0.87,1
40,3,0.08,0.11,0.23,0.38,0.53,1
41,5,0.02,0.03,0.05,0.14,0.37,1
42,4,0.01,0.04,0.12,0.27,0.44,2
43,4,0.03,0.07,0.17,0.34,0.53,1
44,2,0.17,0.29,0.49,0.67,0.79,1
45,3,0.06,0.15,0.29,0.49,0.63,1
46,5,0.01,0.02,0.04,0.1,0.25,1
47,2,0.13,0.27,0.4,0.63,0.74,1
48,5,0.02,0.03,0.1,0.2,0.27,1
49,4,0.01,0.03,0.13,0.24,0.37,2
50,4,0.03,0.08,0.13,0.27,0.51,1
51,4,0.02,0.05,0.18,0.29,0.46,1
52,2,0.19,0.3,0.33,0.55,0.69,1
53,5,0,0.02,0.05,0.11,0.26,1
54,1,0.31,0.39,0.56,0.76,0.86,1
55,3,0.11,0.15,0.24,0.46,0.64,1
56,4,0.03,0.05,0.15,0.36,0.51,1
57,4,0.02,0.06,0.18,0.27,0.4,1
58,2,0.15,0.32,0.43,0.66,0.79,1
59,3,0.05,0.11,0.24,0.44,0.61,1
60,1,0.25,0.37,0.54,0.62,0.83,1
61,1,0.37,0.61,0.73,0.84,0.92,2
62,4,0.05,0.12,0.21,0.25,0.5,1
63,3,0.05,0.15,0.36,0.44,0.62,1
64,1,0.3,0.42,0.71,0.87,0.92,1
65,5,0.02,0.03,0.07,0.16,0.36,1
66,5,0,0.01,0.03,0.08,0.23,1
67,1,0.3,0.48,0.57,0.69,0.8,1
68,3,0.06,0.13,0.33,0.46,0.67,1
69,1,0.33,0.47,0.59,0.75,0.85,1
70,4,0.07,0.11,0.13,0.26,0.39,1
71,2,0.18,0.36,0.49,0.71,0.82,2
72,1,0.37,0.52,0.76,0.82,0.9,1
73,4,0.01,0.04,0.09,0.27,0.38,1
74,2,0.17,0.35,0.45,0.68,0.82,1
75,1,0.25,0.35,0.5,0.57,0.73,1
76,2,0.12,0.31,0.44,0.64,0.77,1
77,3,0.07,0.11,0.23,0.42,0.63,1
78,5,0.01,0.04,0.11,0.16,0.32,1
79,5,0.01,0.02,0.05,0.11,0.25,1
80,5,0.02,0.05,0.09,0.16,0.29,1
81,2,0.14,0.3,0.51,0.62,0.75,1
82,5,0.02,0.05,0.07,0.2,0.36,1
83,4,0.02,0.03,0.11,0.36,0.54,1
84,1,0.3,0.47,0.67,0.76,0.85,1
85,1,0.25,0.38,0.51,0.59,0.73,1
86,4,0.03,0.07,0.21,0.34,0.49,1
87,1,0.35,0.47,0.6,0.7,0.88,1
88,1,0.24,0.39,0.55,0.64,0.73,1
89,4,0.04,0.11,0.2,0.36,0.61,1
90,5,0.01,0.03,0.07,0.16,0.36,1
91,2,0.11,0.33,0.45,0.63,0.78,1
92,3,0.05,0.14,0.3,0.51,0.6,1
93,4,0.03,0.1,0.19,0.34,0.5,1
94,5,0.02,0.07,0.12,0.23,0.35,1
95,4,0.02,0.06,0.11,0.31,0.44,1
96,4,0.02,0.04,0.11,0.27,0.36,1
97,1,0.28,0.48,0.6,0.68,0.79,1
98,5,0.03,0.07,0.14,0.21,0.33,1
99,4,0.03,0.07,0.13,0.35,0.47,1
100,1,0.32,0.42,0.6,0.76,0.87,1
101,2,0.1,0.3,0.41,0.64,0.75,2
102,5,0.01,0.02,0.05,0.1,0.24,1
103,3,0.06,0.15,0.33,0.44,0.55,1
104,2,0.13,0.32,0.48,0.71,0.82,1
105,5,0.03,0.06,0.12,0.23,0.36,1
106,3,0.07,0.17,0.29,0.52,0.67,1
107,4,0.02,0.06,0.13,0.31,0.49,1
108,2,0.11,0.3,0.42,0.57,0.78,1
109,5,0.01,0.02,0.06,0.15,0.31,1
110,3,0.04,0.17,0.32,0.57,0.69,1
111,3,0.07,0.13,0.3,0.43,0.56,1
112,1,0.33,0.48,0.6,0.78,0.87,1
113,3,0.08,0.18,0.3,0.42,0.74,1
114,1,0.28,0.45,0.62,0.82,0.89,1
115,1,0.3,0.44,0.56,0.76,0.89,1
116,5,0.01,0.02,0.03,0.07,0.23,1
117,4,0.04,0.11,0.19,0.36,0.45,1
118,4,0.01,0.05,0.15,0.27,0.42,1
119,3,0.07,0.17,0.36,0.51,0.63,1
120,4,0.03,0.05,0.17,0.33,0.5,1
121,1,0.24,0.42,0.55,0.67,0.78,1
122,1,0.27,0.42,0.61,0.73,0.81,1
123,5,0.01,0.04,0.09,0.19,0.3,1
124,5,0.01,0.04,0.11,0.19,0.36,1
125,4,0.01,0.04,0.1,0.27,0.39,1
126,3,0.12,0.2,0.36,0.48,0.59,1
127,3,0.04,0.11,0.28,0.51,0.6,1
128,4,0.03,0.07,0.18,0.32,0.43,1
129,2,0.17,0.32,0.39,0.55,0.63,1
130,1,0.25,0.44,0.63,0.76,0.88,1
131,3,0.09,0.22,0.37,0.64,0.75,1
132,5,0.02,0.04,0.09,0.15,0.34,1
133,5,0.01,0.04,0.12,0.21,0.37,1
134,2,0.15,0.29,0.53,0.58,0.62,1
135,5,0.01,0.02,0.05,0.14,0.28,3
136,4,0.02,0.05,0.12,0.27,0.4,1
137,5,0.03,0.04,0.08,0.15,0.33,2
138,3,0.07,0.15,0.27,0.43,0.55,1
139,3,0.05,0.12,0.28,0.5,0.65,1
140,3,0.12,0.17,0.28,0.44,0.65,1
141,1,0.37,0.42,0.59,0.75,0.85,1
142,1,0.31,0.49,0.66,0.77,0.86,1
143,5,0.01,0.03,0.09,0.12,0.28,1
144,2,0.13,0.28,0.41,0.56,0.75,1
145,1,0.36,0.5,0.72,0.83,0.91,1
146,2,0.11,0.25,0.36,0.49,0.66,1
147,3,0.05,0.13,0.25,0.45,0.67,1
148,2,0.18,0.32,0.5,0.66,0.81,1
149,3,0.05,0.17,0.29,0.49,0.63,1
150,4,0.08,0.13,0.22,0.29,0.4,1
151,4,0.05,0.11,0.26,0.32,0.44,1
152,5,0.01,0.02,0.05,0.14,0.34,1
153,2,0.13,0.29,0.46,0.55,0.7,1
154,5,0.01,0.04,0.08,0.16,0.3,1
155,3,0.12,0.25,0.33,0.49,0.71,1
156,2,0.16,0.26,0.39,0.58,0.72,2
157,1,0.25,0.36,0.46,0.62,0.74,1
158,5,0,0.01,0.06,0.17,0.23,1
159,1,0.32,0.52,0.63,0.7,0.85,1
160,2,0.18,0.34,0.55,0.71,0.84,1
161,1,0.31,0.47,0.65,0.82,0.89,1
162,2,0.15,0.31,0.39,0.48,0.62,1
163,2,0.11,0.29,0.59,0.74,0.89,1
164,1,0.31,0.49,0.64,0.78,0.9,1
165,2,0.15,0.31,0.54,0.64,0.74,1
166,4,0.09,0.12,0.2,0.36,0.5,1
167,3,0.03,0.13,0.23,0.38,0.5,1
168,2,0.14,0.27,0.34,0.56,0.75,3
169,1,0.27,0.43,0.61,0.82,0.89,1
170,3,0.02,0.07,0.23,0.44,0.64,1
171,5,0.01,0.03,0.09,0.24,0.32,1
172,1,0.31,0.4,0.55,0.73,0.82,1
173,3,0.05,0.17,0.32,0.43,0.56,1
174,1,0.37,0.6,0.8,0.87,0.92,1
175,1,0.33,0.49,0.65,0.76,0.86,1
176,2,0.17,0.34,0.46,0.57,0.69,2
177,5,0.01,0.02,0.04,0.13,0.28,2
178,4,0.03,0.07,0.14,0.28,0.41,1
179,3,0.07,0.18,0.29,0.47,0.63,1
180,5,0.03,0.06,0.1,0.25,0.34,2
181,4,0.03,0.07,0.19,0.27,0.39,1
182,2,0.08,0.3,0.53,0.7,0.84,1
183,2,0.24,0.33,0.55,0.72,0.87,1
184,1,0.26,0.36,0.57,0.79,0.85,1
185,1,0.35,0.56,0.64,0.81,0.9,1
186,2,0.15,0.28,0.46,0.57,0.66,1
187,1,0.32,0.55,0.69,0.79,0.88,1
188,3,0.03,0.1,0.31,0.41,0.58,1
189,2,0.2,0.35,0.49,0.67,0.8,1
190,2,0.2,0.36,0.44,0.62,0.8,1
191,5,0.01,0.02,0.04,0.14,0.27,1
192,2,0.07,0.27,0.41,0.58,0.75,1
193,2,0.25,0.29,0.45,0.56,0.7,1
194,4,0.02,0.04,0.09,0.26,0.46,1
195,3,0.11,0.18,0.36,0.53,0.63,1
196,4,0.03,0.06,0.19,0.33,0.44,1
197,3,0.04,0.11,0.31,0.45,0.59,1
198,3,0.08,0.15,0.33,0.49,0.72,1
199,5,0.02,0.04,0.06,0.2,0.36,1
200,3,0.06,0.13,0.28,0.37,0.43,1
201,3,0.07,0.18,0.34,0.51,0.64,1
202,2,0.17,0.31,0.46,0.69,0.82,1
203,3,0.06,0.11,0.32,0.51,0.58,1
204,2,0.14,0.31,0.36,0.41,0.52,1
205,1,0.34,0.57,0.66,0.8,0.9,1
206,1,0.34,0.51,0.66,0.77,0.87,1
207,2,0.12,0.26,0.39,0.63,0.82,2
208,5,0.01,0.03,0.09,0.2,0.37,1
209,3,0.05,0.14,0.28,0.4,0.57,1
210,3,0.12,0.2,0.36,0.54,0.68,1
211,3,0.05,0.14,0.28,0.49,0.66,2
212,2,0.2,0.33,0.55,0.72,0.82,1
213,5,0.03,0.07,0.11,0.16,0.33,1
214,5,0,0.02,0.04,0.14,0.27,1
215,2,0.12,0.25,0.4,0.56,0.64,1
216,1,0.31,0.52,0.75,0.81,0.89,1
217,2,0.08,0.31,0.46,0.62,0.82,2
218,2,0.16,0.28,0.37,0.6,0.75,1
219,1,0.26,0.4,0.58,0.63,0.8,1
220,1,0.36,0.43,0.59,0.82,0.89,1
221,5,0.01,0.02,0.05,0.1,0.26,1
222,1,0.36,0.49,0.65,0.82,0.86,1
223,2,0.22,0.33,0.58,0.77,0.87,1
224,4,0.04,0.08,0.2,0.36,0.5,2
225,3,0.16,0.2,0.32,0.58,0.7,1
226,4,0.03,0.05,0.13,0.35,0.47,1
227,4,0.02,0.04,0.14,0.27,0.42,2
228,5,0.01,0.02,0.05,0.1,0.31,1
229,3,0.11,0.17,0.36,0.56,0.74,1
230,3,0.04,0.12,0.32,0.46,0.6,2
231,3,0.07,0.15,0.28,0.38,0.58,1
232,5,0.01,0.03,0.06,0.13,0.25,1
233,3,0.11,0.23,0.35,0.52,0.7,1
234,5,0.01,0.02,0.05,0.15,0.3,1
235,5,0.02,0.05,0.1,0.18,0.36,1
236,5,0.01,0.02,0.05,0.14,0.33,1
237,1,0.35,0.57,0.69,0.79,0.87,1
238,4,0.04,0.09,0.15,0.28,0.4,1
239,1,0.23,0.41,0.59,0.71,0.78,1
240,3,0.03,0.09,0.26,0.42,0.53,1
241,5,0.01,0.03,0.09,0.24,0.33,1
242,3,0.06,0.17,0.31,0.51,0.66,1
243,1,0.32,0.57,0.64,0.78,0.84,1
244,4,0.03,0.08,0.2,0.35,0.44,2
245,1,0.35,0.53,0.66,0.78,0.89,1
246,3,0.05,0.07,0.24,0.43,0.55,1
247,4,0.03,0.06,0.13,0.3,0.41,2
248,3,0.06,0.19,0.33,0.61,0.73,2
249,5,0.01,0.05,0.13,0.23,0.35,1
250,2,0.19,0.33,0.43,0.61,0.75,1
251,5,0.01,0.03,0.08,0.19,0.34,1
252,2,0.16,0.35,0.57,0.73,0.85,1
253,4,0.03,0.08,0.14,0.24,0.36,2
254,2,0.1,0.29,0.51,0.6,0.77,1
255,3,0.1,0.17,0.37,0.5,0.64,1
256,3,0.03,0.09,0.27,0.41,0.63,1
257,3,0.05,0.15,0.33,0.51,0.71,1
258,1,0.3,0.5,0.69,0.8,0.86,2
259,4,0.02,0.07,0.16,0.29,0.51,1
260,2,0.15,0.26,0.35,0.41,0.64,1
261,4,0.01,0.04,0.11,0.24,0.48,2
262,1,0.36,0.4,0.57,0.71,0.84,1
263,4,0.03,0.05,0.14,0.34,0.61,1
264,1,0.28,0.33,0.54,0.68,0.85,1
265,1,0.26,0.43,0.58,0.75,0.88,1
266,4,0.03,0.09,0.15,0.29,0.5,1
267,1,0.29,0.38,0.55,0.73,0.85,1
268,5,0.01,0.02,0.05,0.15,0.3,1
269,5,0.01,0.02,0.04,0.1,0.23,2
270,2,0.17,0.27,0.43,0.62,0.77,1
271,5,0.01,0.03,0.05,0.13,0.3,2
272,4,0.07,0.13,0.24,0.34,0.58,1
273,2,0.23,0.33,0.52,0.67,0.76,1
274,4,0.14,0.2,0.21,0.37,0.52,1
275,4,0.03,0.05,0.1,0.32,0.46,1
276,1,0.36,0.53,0.69,0.83,0.91,1
277,5,0.01,0.02,0.05,0.09,0.23,1
278,1,0.3,0.44,0.68,0.81,0.92,1
279,5,0.03,0.08,0.1,0.21,0.3,1
280,1,0.27,0.47,0.51,0.59,0.72,1
281,2,0.12,0.24,0.42,0.58,0.79,1
282,4,0.02,0.06,0.1,0.25,0.42,2
283,4,0.02,0.05,0.16,0.29,0.42,1
284,4,0.03,0.04,0.12,0.31,0.4,1
285,3,0.11,0.2,0.3,0.4,0.61,1
286,4,0.01,0.04,0.1,0.24,0.41,1
287,5,0.03,0.06,0.15,0.22,0.37,1
288,4,0.02,0.04,0.16,0.25,0.46,1
289,5,0.01,0.04,0.08,0.19,0.3,1
290,1,0.3,0.56,0.77,0.9,0.93,1
291,1,0.35,0.49,0.55,0.68,0.82,3
292,1,0.37,0.56,0.7,0.84,0.92,1
293,2,0.1,0.3,0.47,0.67,0.82,1
294,2,0.12,0.27,0.41,0.6,0.74,1
295,1,0.24,0.45,0.5,0.59,0.78,1
296,3,0.04,0.18,0.27,0.37,0.49,1
297,2,0.23,0.27,0.47,0.71,0.84,1
298,4,0.06,0.13,0.16,0.3,0.56,2
299,3,0.06,0.15,0.37,0.62,0.68,1
300,4,0.03,0.05,0.14,0.25,0.41,2
301,4,0.02,0.07,0.15,0.23,0.37,1
302,2,0.19,0.32,0.46,0.6,0.78,1
303,3,0.09,0.16,0.36,0.6,0.74,1
304,3,0.08,0.14,0.36,0.54,0.67,1
305,5,0.02,0.04,0.08,0.16,0.36,1
306,1,0.37,0.53,0.6,0.73,0.86,1
307,4,0.02,0.06,0.12,0.28,0.44,1
308,4,0.03,0.1,0.15,0.31,0.46,1
309,1,0.32,0.44,0.61,0.8,0.9,1
310,5,0.01,0.04,0.07,0.18,0.31,1
311,3,0.07,0.19,0.31,0.32,0.5,2
312,3,0.05,0.12,0.35,0.46,0.67,2
313,1,0.34,0.46,0.59,0.69,0.8,1
314,1,0.35,0.55,0.72,0.78,0.88,1
315,1,0.25,0.41,0.57,0.75,0.86,1
316,5,0.03,0.04,0.08,0.12,0.33,1
317,2,0.22,0.32,0.45,0.56,0.73,1
318,3,0.04,0.1,0.26,0.48,0.67,1
319,2,0.23,0.36,0.57,0.74,0.84,1
320,2,0.17,0.31,0.45,0.68,0.82,1
321,5,0.01,0.03,0.08,0.14,0.36,1
322,2,0.18,0.33,0.43,0.6,0.74,1
323,1,0.35,0.55,0.6,0.81,0.88,1
324,1,0.37,0.54,0.71,0.82,0.89,1
325,2,0.13,0.27,0.42,0.63,0.73,1
326,5,0,0.01,0.03,0.07,0.24,1
327,3,0.07,0.16,0.27,0.39,0.56,1
328,1,0.32,0.44,0.63,0.74,0.84,1
329,2,0.11,0.24,0.42,0.54,0.7,1
330,5,0.01,0.02,0.07,0.19,0.24,1
331,3,0.04,0.11,0.27,0.45,0.57,1
332,5,0.01,0.03,0.06,0.18,0.35,1
333,5,0.02,0.06,0.12,0.21,0.32,1
334,4,0.03,0.04,0.14,0.34,0.44,1
335,1,0.32,0.55,0.67,0.82,0.92,1
336,2,0.15,0.37,0.5,0.65,0.8,1
337,1,0.28,0.48,0.61,0.79,0.89,1
338,3,0.05,0.11,0.31,0.41,0.53,1
339,3,0.04,0.12,0.35,0.44,0.61,1
340,5,0.01,0.03,0.06,0.13,0.35,1
341,5,0.02,0.03,0.05,0.16,0.27,1
342,2,0.17,0.37,0.48,0.74,0.88,1
343,5,0.01,0.03,0.06,0.13,0.25,1
344,5,0.02,0.04,0.06,0.13,0.31,1
345,1,0.3,0.44,0.56,0.72,0.8,1
346,2,0.27,0.3,0.38,0.39,0.54,2
347,2,0.14,0.27,0.4,0.5,0.64,1
348,3,0.1,0.2,0.32,0.51,0.69,1
349,1,0.33,0.5,0.63,0.74,0.85,1
350,4,0.02,0.05,0.12,0.31,0.46,1
351,5,0.01,0.03,0.09,0.15,0.29,1
352,4,0.04,0.11,0.18,0.31,0.44,1
353,2,0.16,0.35,0.5,0.68,0.78,1
354,5,0.01,0.03,0.09,0.2,0.31,1
355,1,0.28,0.44,0.68,0.84,0.92,1
356,3,0.11,0.19,0.34,0.51,0.67,2
357,4,0.02,0.04,0.1,0.25,0.45,1
358,5,0.01,0.02,0.04,0.07,0.23,1
359,4,0.03,0.07,0.16,0.3,0.4,1
360,1,0.29,0.46,0.61,0.67,0.8,1
361,2,0.12,0.29,0.49,0.63,0.75,1
362,5,0.02,0.04,0.11,0.25,0.32,2
363,1,0.32,0.47,0.64,0.79,0.8,1
364,2,0.12,0.23,0.43,0.62,0.7,2
365,5,0.01,0.04,0.09,0.19,0.25,1
366,2,0.18,0.26,0.41,0.49,0.6,1
367,1,0.32,0.45,0.62,0.72,0.8,1
368,4,0.08,0.12,0.21,0.36,0.46,1
369,2,0.14,0.24,0.39,0.54,0.71,1
370,5,0.03,0.06,0.08,0.19,0.32,1
371,5,0.01,0.03,0.1,0.14,0.25,1
372,3,0.1,0.22,0.33,0.58,0.73,1
373,4,0.02,0.06,0.11,0.24,0.42,2
374,4,0.02,0.06,0.17,0.29,0.46,1
375,4,0.04,0.1,0.14,0.27,0.39,2
376,2,0.13,0.26,0.47,0.59,0.72,1
377,3,0.07,0.16,0.29,0.36,0.58,1
378,3,0.09,0.14,0.34,0.45,0.6,1
379,2,0.09,0.26,0.38,0.53,0.66,1
380,5,0,0.01,0.02,0.06,0.31,2
381,3,0.09,0.17,0.3,0.48,0.62,2
382,2,0.12,0.26,0.35,0.43,0.61,1
383,3,0.05,0.15,0.3,0.48,0.61,1
384,4,0.02,0.04,0.08,0.24,0.36,1
385,1,0.24,0.39,0.57,0.75,0.84,1
386,4,0.01,0.04,0.18,0.31,0.39,1
387,1,0.31,0.54,0.66,0.76,0.85,1
388,5,0.01,0.02,0.03,0.1,0.25,1
389,1,0.31,0.41,0.52,0.69,0.77,1
390,2,0.17,0.29,0.42,0.65,0.8,2
391,4,0.01,0.04,0.15,0.34,0.51,1
392,2,0.15,0.37,0.54,0.68,0.74,1
393,5,0.03,0.07,0.16,0.24,0.34,2
394,1,0.31,0.42,0.54,0.74,0.86,1
395,4,0.05,0.13,0.15,0.36,0.58,1
396,4,0.05,0.11,0.21,0.31,0.39,1
397,5,0,0.01,0.04,0.11,0.34,1
398,3,0.07,0.16,0.34,0.54,0.72,1
399,1,0.27,0.52,0.59,0.76,0.86,1
400,5,0.02,0.04,0.06,0.1,0.27,1
401,4,0.01,0.04,0.13,0.27,0.44,1
402,1,0.31,0.51,0.71,0.83,0.88,1
403,1,0.36,0.46,0.69,0.84,0.91,1
404,5,0.02,0.04,0.09,0.22,0.36,1
405,2,0.14,0.3,0.45,0.6,0.75,2
406,4,0.03,0.1,0.17,0.33,0.56,1
407,5,0.01,0.05,0.07,0.21,0.36,1
408,4,0.02,0.04,0.13,0.34,0.44,1
409,1,0.29,0.45,0.62,0.76,0.88,1
410,1,0.34,0.45,0.66,0.84,0.9,1
411,5,0.01,0.03,0.11,0.16,0.35,1
412,2,0.2,0.35,0.49,0.76,0.89,1
413,4,0.04,0.06,0.15,0.31,0.44,1
414,2,0.14,0.26,0.43,0.56,0.67,1
415,1,0.3,0.5,0.63,0.74,0.85,1
416,5,0.01,0.02,0.06,0.16,0.32,2
417,2,0.16,0.36,0.38,0.56,0.74,1
418,4,0.02,0.05,0.11,0.33,0.42,1
419,5,0,0.01,0.03,0.07,0.23,1
420,4,0.03,0.08,0.13,0.27,0.36,1
421,2,0.22,0.37,0.52,0.64,0.79,1
422,3,0.08,0.16,0.29,0.45,0.52,1
423,5,0.01,0.02,0.07,0.1,0.24,1
424,4,0.04,0.08,0.14,0.27,0.42,1
425,5,0.01,0.02,0.05,0.13,0.26,1
426,4,0.08,0.13,0.17,0.36,0.56,1
427,4,0.03,0.05,0.17,0.36,0.58,1
428,4,0.03,0.06,0.16,0.29,0.47,1
429,3,0.06,0.14,0.24,0.38,0.59,1
430,2,0.27,0.28,0.45,0.66,0.77,1
431,1,0.33,0.54,0.69,0.83,0.92,1
432,2,0.25,0.34,0.51,0.59,0.72,1
433,2,0.13,0.25,0.38,0.45,0.63,1
434,5,0.01,0.02,0.05,0.14,0.33,1
435,5,0.03,0.04,0.06,0.13,0.26,3
436,5,0.04,0.05,0.12,0.21,0.35,1
437,2,0.14,0.32,0.41,0.62,0.74,1
438,3,0.07,0.18,0.37,0.54,0.66,1
439,2,0.21,0.32,0.55,0.73,0.84,2
440,4,0.02,0.07,0.16,0.3,0.49,1
441,1,0.33,0.45,0.59,0.63,0.74,1
442,4,0.07,0.13,0.19,0.33,0.51,1
443,4,0.02,0.04,0.15,0.26,0.38,1
444,2,0.17,0.28,0.42,0.56,0.71,1
445,1,0.32,0.55,0.64,0.74,0.85,1
446,3,0.1,0.15,0.28,0.47,0.6,1
447,5,0.01,0.02,0.07,0.16,0.28,2
448,4,0.03,0.06,0.12,0.27,0.4,1
449,2,0.17,0.31,0.37,0.52,0.63,1
450,1,0.37,0.58,0.77,0.83,0.85,1
451,3,0.03,0.08,0.29,0.46,0.61,1
452,2,0.18,0.25,0.45,0.57,0.67,1
453,2,0.19,0.28,0.39,0.51,0.73,1
454,4,0.03,0.06,0.18,0.31,0.46,1
455,2,0.18,0.31,0.45,0.52,0.74,1
456,2,0.14,0.32,0.43,0.56,0.69,1
457,5,0.01,0.02,0.06,0.13,0.28,1
458,5,0.01,0.03,0.08,0.14,0.27,2
459,4,0.02,0.03,0.08,0.25,0.39,1
460,3,0.06,0.15,0.29,0.43,0.51,1
461,3,0.06,0.14,0.37,0.53,0.71,1
462,2,0.22,0.33,0.49,0.63,0.79,1
463,5,0.01,0.02,0.05,0.12,0.31,1
464,1,0.36,0.46,0.63,0.78,0.86,1
465,5,0.01,0.03,0.07,0.12,0.26,1
466,4,0.03,0.15,0.22,0.36,0.6,1
467,5,0,0.01,0.04,0.07,0.23,1
468,4,0.02,0.06,0.13,0.34,0.48,1
469,5,0.02,0.03,0.07,0.14,0.24,2
470,5,0.01,0.02,0.03,0.06,0.23,1
471,4,0.05,0.11,0.17,0.35,0.55,1
472,1,0.27,0.39,0.68,0.82,0.9,1
473,3,0.06,0.17,0.36,0.52,0.58,1
474,4,0.02,0.03,0.09,0.3,0.43,2
475,1,0.31,0.46,0.59,0.62,0.71,1
476,2,0.16,0.26,0.44,0.64,0.79,1
477,3,0.08,0.17,0.27,0.49,0.72,1
478,5,0.03,0.05,0.09,0.2,0.28,1
479,4,0.02,0.05,0.13,0.33,0.39,1
480,2,0.11,0.25,0.4,0.57,0.73,1
481,3,0.03,0.11,0.24,0.38,0.57,1
482,3,0.04,0.11,0.31,0.46,0.56,1
483,1,0.28,0.45,0.5,0.61,0.78,1
484,1,0.28,0.36,0.49,0.73,0.79,1
485,4,0.04,0.08,0.16,0.34,0.59,1
486,1,0.23,0.37,0.6,0.65,0.84,1
487,3,0.03,0.11,0.27,0.48,0.62,2
488,3,0.04,0.11,0.23,0.39,0.61,1
489,1,0.3,0.46,0.66,0.77,0.86,1
490,1,0.26,0.41,0.59,0.75,0.82,1
491,1,0.35,0.47,0.59,0.75,0.9,1
492,2,0.14,0.3,0.49,0.66,0.81,1
493,4,0.03,0.06,0.1,0.33,0.35,1
494,3,0.05,0.13,0.3,0.44,0.58,1
495,4,0.03,0.08,0.16,0.36,0.5,1
496,5,0,0.01,0.04,0.13,0.29,1
497,2,0.13,0.24,0.45,0.56,0.63,1
498,2,0.19,0.36,0.45,0.51,0.7,1
499,5,0.01,0.02,0.05,0.13,0.25,1
500,5,0.01,0.03,0.06,0.12,0.26,1
501,3,0.09,0.22,0.33,0.47,0.64,1
502,1,0.27,0.48,0.56,0.72,0.83,1
503,3,0.08,0.2,0.34,0.51,0.74,2
504,4,0.02,0.04,0.11,0.23,0.42,1
505,4,0.04,0.11,0.19,0.32,0.56,1
506,1,0.25,0.48,0.65,0.74,0.87,1
507,2,0.16,0.36,0.54,0.74,0.88,1
508,3,0.03,0.08,0.25,0.4,0.61,1
509,3,0.04,0.11,0.24,0.36,0.54,1
510,5,0.01,0.03,0.06,0.11,0.36,1
511,4,0.01,0.03,0.07,0.32,0.48,1
512,2,0.17,0.34,0.47,0.61,0.75,1
513,3,0.07,0.21,0.27,0.52,0.65,1
514,1,0.35,0.57,0.77,0.87,0.93,1
515,3,0.06,0.1,0.31,0.49,0.64,1
516,4,0.06,0.1,0.22,0.37,0.56,2
517,2,0.14,0.29,0.51,0.66,0.75,1
518,1,0.24,0.39,0.58,0.73,0.83,1
519,2,0.15,0.32,0.55,0.67,0.85,1
520,3,0.06,0.12,0.25,0.37,0.47,1
521,4,0.02,0.04,0.09,0.26,0.38,1
522,2,0.16,0.34,0.39,0.7,0.84,1
523,2,0.2,0.34,0.54,0.67,0.82,1
524,2,0.12,0.31,0.49,0.68,0.87,1
525,2,0.09,0.27,0.37,0.53,0.75,2
526,1,0.29,0.47,0.64,0.74,0.85,1
527,5,0.01,0.03,0.08,0.16,0.28,1
528,2,0.11,0.3,0.48,0.66,0.8,1
529,4,0.02,0.04,0.09,0.25,0.41,1
530,2,0.14,0.35,0.5,0.69,0.79,1
531,3,0.07,0.12,0.29,0.43,0.54,1
532,3,0.08,0.17,0.32,0.53,0.61,2
533,1,0.28,0.5,0.72,0.83,0.91,1
534,3,0.09,0.19,0.36,0.49,0.6,1
535,3,0.04,0.1,0.24,0.39,0.47,2
536,3,0.05,0.17,0.29,0.37,0.44,1
537,5,0.06,0.08,0.19,0.23,0.36,1
538,5,0,0.01,0.03,0.1,0.3,1
539,1,0.23,0.44,0.58,0.81,0.89,1
540,3,0.06,0.11,0.27,0.47,0.55,2
541,3,0.12,0.17,0.3,0.43,0.54,1
542,5,0.04,0.08,0.13,0.18,0.3,1
543,1,0.37,0.55,0.71,0.83,0.91,2
544,2,0.11,0.31,0.46,0.58,0.62,1
545,2,0.16,0.3,0.42,0.64,0.72,1
546,2,0.16,0.25,0.44,0.54,0.67,1
547,5,0.01,0.03,0.09,0.17,0.28,1
548,4,0.04,0.1,0.24,0.35,0.55,3
549,1,0.35,0.58,0.77,0.86,0.9,1
550,4,0.01,0.03,0.05,0.24,0.38,1
551,5,0.01,0.05,0.1,0.16,0.27,1
552,3,0.1,0.2,0.34,0.52,0.67,1
553,4,0.02,0.04,0.1,0.27,0.38,1
554,1,0.31,0.44,0.56,0.71,0.77,1
555,1,0.28,0.44,0.53,0.58,0.81,1
556,2,0.22,0.33,0.41,0.53,0.65,1
557,3,0.08,0.22,0.36,0.49,0.61,1
558,4,0.03,0.05,0.15,0.28,0.43,1
559,5,0.01,0.02,0.05,0.11,0.28,1
560,5,0.02,0.03,0.06,0.11,0.34,1
561,4,0.04,0.1,0.17,0.34,0.54,1
562,5,0.01,0.04,0.1,0.16,0.33,1
563,2,0.15,0.31,0.54,0.67,0.8,1
564,1,0.24,0.44,0.56,0.67,0.84,1
565,2,0.12,0.25,0.41,0.62,0.75,1
566,5,0.03,0.05,0.11,0.19,0.34,1
567,3,0.12,0.24,0.25,0.39,0.55,1
568,2,0.14,0.23,0.37,0.52,0.76,1
569,2,0.11,0.29,0.49,0.68,0.8,1
570,1,0.24,0.41,0.55,0.72,0.87,1
571,4,0.02,0.08,0.12,0.27,0.48,1
572,5,0.02,0.05,0.08,0.19,0.35,1
573,2,0.13,0.32,0.55,0.76,0.84,1
574,3,0.05,0.14,0.23,0.38,0.52,1
575,3,0.1,0.13,0.37,0.55,0.65,2
576,2,0.17,0.33,0.49,0.64,0.68,1
577,4,0.03,0.08,0.16,0.37,0.47,1
578,2,0.14,0.26,0.39,0.54,0.71,1
579,1,0.37,0.5,0.67,0.78,0.88,1
580,4,0.02,0.04,0.12,0.28,0.41,1
581,1,0.33,0.46,0.63,0.76,0.88,1
582,2,0.09,0.27,0.43,0.56,0.72,1
583,4,0.01,0.04,0.12,0.25,0.39,1
584,3,0.12,0.19,0.37,0.48,0.63,1
585,2,0.11,0.25,0.37,0.65,0.77,1
586,2,0.1,0.27,0.41,0.5,0.64,1
587,3,0.08,0.14,0.24,0.36,0.46,1
588,1,0.34,0.49,0.67,0.79,0.87,1
589,4,0.01,0.03,0.08,0.29,0.45,1
590,4,0.02,0.08,0.17,0.31,0.4,1
591,5,0.03,0.09,0.11,0.22,0.35,1
592,4,0.06,0.13,0.2,0.29,0.46,1
593,5,0.01,0.02,0.04,0.09,0.23,1
594,1,0.28,0.48,0.67,0.82,0.9,1
595,2,0.11,0.26,0.39,0.58,0.68,1
596,1,0.26,0.41,0.62,0.69,0.8,2
597,1,0.34,0.44,0.61,0.73,0.85,1
598,3,0.05,0.11,0.24,0.36,0.52,2
599,3,0.03,0.08,0.26,0.35,0.43,1
600,3,0.04,0.12,0.26,0.43,0.51,1
601,4,0.02,0.05,0.1,0.32,0.47,1
602,4,0.04,0.09,0.16,0.31,0.52,1
603,3,0.08,0.15,0.28,0.47,0.59,1
604,5,0.02,0.07,0.1,0.19,0.32,1
605,5,0.01,0.02,0.07,0.16,0.36,1
606,4,0.03,0.09,0.14,0.33,0.41,1
607,3,0.06,0.12,0.25,0.38,0.54,2
608,3,0.03,0.09,0.23,0.4,0.48,1
609,2,0.11,0.23,0.39,0.6,0.82,1
610,1,0.35,0.6,0.73,0.83,0.9,1
611,3,0.05,0.1,0.23,0.37,0.54,1
612,5,0.02,0.05,0.11,0.19,0.32,1
613,5,0,0.01,0.03,0.09,0.24,1
614,2,0.21,0.26,0.36,0.62,0.71,1
615,2,0.17,0.29,0.39,0.55,0.64,1
616,2,0.11,0.27,0.36,0.61,0.71,1
617,2,0.12,0.28,0.41,0.63,0.7,1
618,2,0.19,0.31,0.42,0.62,0.7,2
619,4,0.02,0.06,0.15,0.28,0.48,1
620,2,0.13,0.23,0.41,0.57,0.7,1
621,1,0.3,0.42,0.55,0.72,0.87,1
622,4,0.02,0.04,0.14,0.26,0.34,1
623,1,0.3,0.42,0.58,0.6,0.79,1
624,2,0.14,0.33,0.45,0.61,0.81,1
625,3,0.07,0.21,0.3,0.38,0.52,1
626,2,0.16,0.3,0.38,0.54,0.58,1
627,1,0.33,0.43,0.52,0.69,0.76,2
628,5,0.01,0.04,0.1,0.24,0.33,2
629,4,0.03,0.11,0.19,0.34,0.56,1
630,1,0.24,0.38,0.44,0.61,0.74,1
631,4,0.02,0.08,0.18,0.36,0.51,2
632,4,0.03,0.07,0.12,0.26,0.39,1
633,4,0.02,0.05,0.1,0.26,0.47,1
634,3,0.06,0.11,0.3,0.5,0.78,2
635,2,0.13,0.29,0.53,0.58,0.75,1
636,4,0.03,0.07,0.16,0.33,0.52,1
637,2,0.12,0.31,0.51,0.67,0.81,1
638,4,0.03,0.09,0.12,0.25,0.4,1
639,1,0.36,0.53,0.69,0.82,0.91,1
640,4,0.02,0.05,0.17,0.34,0.43,1
641,5,0.02,0.04,0.08,0.11,0.28,1
642,5,0,0.01,0.04,0.12,0.32,1
643,4,0.01,0.02,0.08,0.25,0.37,1
644,4,0.05,0.08,0.17,0.32,0.55,1
645,2,0.2,0.32,0.54,0.73,0.85,1
646,5,0.01,0.03,0.04,0.09,0.25,1
647,2,0.08,0.25,0.43,0.65,0.84,1
648,1,0.33,0.5,0.65,0.78,0.89,1
649,2,0.12,0.26,0.41,0.62,0.75,2
650,5,0.01,0.03,0.1,0.16,0.3,1
651,1,0.36,0.51,0.66,0.79,0.89,1
652,2,0.18,0.35,0.5,0.72,0.84,1
653,2,0.18,0.37,0.42,0.57,0.75,1
654,3,0.05,0.15,0.29,0.43,0.66,1
655,3,0.13,0.18,0.35,0.52,0.65,1
656,5,0.03,0.05,0.09,0.14,0.35,1
657,1,0.36,0.47,0.61,0.76,0.87,1
658,2,0.08,0.25,0.43,0.6,0.66,1
659,3,0.07,0.14,0.24,0.4,0.5,1
660,3,0.1,0.14,0.29,0.47,0.5,1
661,1,0.31,0.47,0.61,0.75,0.84,1
662,3,0.06,0.11,0.23,0.37,0.5,1
663,5,0.02,0.03,0.09,0.14,0.27,1
664,4,0.01,0.04,0.06,0.24,0.41,3
665,4,0.03,0.06,0.15,0.35,0.48,1
666,2,0.2,0.34,0.47,0.59,0.73,1
667,4,0.09,0.16,0.24,0.31,0.47,1
668,4,0.01,0.03,0.09,0.28,0.4,1
669,4,0.04,0.11,0.22,0.33,0.46,1
670,2,0.13,0.35,0.49,0.69,0.81,1
671,5,0.01,0.02,0.05,0.11,0.31,1
672,4,0.01,0.04,0.08,0.3,0.39,1
673,4,0.04,0.07,0.18,0.33,0.4,1
674,1,0.26,0.38,0.54,0.75,0.86,2
675,3,0.03,0.08,0.27,0.44,0.56,1
676,3,0.06,0.15,0.24,0.41,0.57,1
677,2,0.21,0.31,0.45,0.66,0.82,1
678,1,0.29,0.46,0.66,0.74,0.81,1
679,2,0.14,0.33,0.61,0.75,0.87,1
680,1,0.29,0.53,0.7,0.79,0.9,1
681,3,0.07,0.13,0.27,0.46,0.58,1
682,1,0.31,0.4,0.59,0.76,0.88,1
683,2,0.11,0.28,0.37,0.5,0.59,1
684,5,0.02,0.04,0.08,0.14,0.28,1
685,3,0.07,0.16,0.36,0.56,0.77,1
686,1,0.25,0.38,0.51,0.65,0.74,1
687,5,0.01,0.03,0.05,0.1,0.31,1
688,4,0.08,0.11,0.26,0.31,0.47,1
689,3,0.09,0.11,0.24,0.45,0.7,1
690,2,0.12,0.25,0.4,0.61,0.78,1
691,5,0.01,0.03,0.06,0.13,0.23,2
692,4,0.05,0.1,0.2,0.35,0.48,1
693,3,0.07,0.13,0.34,0.6,0.76,1
694,3,0.1,0.22,0.32,0.42,0.57,1
695,3,0.04,0.09,0.29,0.39,0.49,1
696,2,0.15,0.33,0.55,0.66,0.79,1
697,5,0.02,0.05,0.13,0.22,0.37,1
698,3,0.09,0.13,0.37,0.58,0.7,2
699,1,0.36,0.53,0.68,0.81,0.9,1
700,4,0.03,0.07,0.13,0.26,0.46,2
701,3,0.04,0.12,0.33,0.49,0.66,1
702,3,0.06,0.13,0.33,0.54,0.64,1
703,2,0.1,0.27,0.37,0.56,0.66,1
704,2,0.12,0.31,0.5,0.68,0.84,1
705,5,0.01,0.04,0.07,0.18,0.35,1
706,5,0.02,0.05,0.1,0.14,0.26,1
707,4,0.01,0.05,0.09,0.32,0.46,1
708,5,0.02,0.04,0.06,0.14,0.35,1
709,5,0.02,0.03,0.05,0.12,0.26,1
710,2,0.07,0.24,0.39,0.54,0.7,1
711,1,0.27,0.37,0.61,0.71,0.85,1
712,5,0.01,0.03,0.07,0.16,0.26,1
713,4,0.03,0.05,0.15,0.32,0.55,1
714,5,0.02,0.06,0.14,0.18,0.37,2
715,1,0.34,0.57,0.73,0.83,0.94,1
716,1,0.26,0.41,0.53,0.65,0.81,1
717,4,0.02,0.04,0.14,0.27,0.48,1
718,2,0.1,0.28,0.42,0.66,0.8,1
719,4,0.06,0.15,0.23,0.35,0.47,1
720,1,0.3,0.39,0.45,0.51,0.7,1
721,2,0.18,0.32,0.38,0.55,0.67,1
722,4,0.03,0.06,0.16,0.26,0.35,1
723,1,0.27,0.37,0.5,0.68,0.79,1
724,2,0.09,0.26,0.44,0.69,0.84,1
725,4,0.03,0.08,0.12,0.33,0.5,1
726,3,0.05,0.13,0.25,0.37,0.62,1
727,5,0,0.01,0.03,0.08,0.3,1
728,5,0.01,0.02,0.06,0.15,0.27,1
729,3,0.1,0.26,0.27,0.39,0.52,1
730,1,0.28,0.46,0.71,0.82,0.88,2
731,4,0.06,0.12,0.17,0.33,0.49,1
732,3,0.07,0.2,0.31,0.52,0.63,1
733,1,0.28,0.49,0.66,0.8,0.9,1
734,3,0.04,0.15,0.37,0.58,0.74,1
735,2,0.15,0.28,0.43,0.67,0.71,1
736,4,0.03,0.06,0.18,0.31,0.35,1
737,1,0.35,0.58,0.71,0.74,0.85,1
738,4,0.06,0.1,0.22,0.35,0.56,1
739,5,0.01,0.03,0.07,0.21,0.3,1
740,1,0.29,0.46,0.63,0.74,0.91,1
741,1,0.28,0.44,0.62,0.81,0.91,1
742,5,0.01,0.04,0.11,0.19,0.31,1
743,1,0.28,0.37,0.65,0.72,0.81,1
744,4,0.03,0.08,0.17,0.29,0.46,1
745,4,0.07,0.12,0.2,0.35,0.47,1
746,3,0.04,0.11,0.25,0.38,0.54,1
747,1,0.29,0.4,0.52,0.73,0.86,1
748,3,0.1,0.21,0.37,0.44,0.57,1
749,4,0.04,0.07,0.15,0.26,0.39,1
750,3,0.03,0.16,0.31,0.43,0.54,1
751,4,0.03,0.07,0.1,0.25,0.39,4
752,4,0.03,0.07,0.19,0.35,0.54,1
753,2,0.21,0.36,0.56,0.62,0.71,1
754,1,0.36,0.51,0.66,0.76,0.84,1
755,3,0.07,0.14,0.3,0.41,0.64,1
756,1,0.28,0.47,0.68,0.79,0.84,1
757,3,0.07,0.13,0.28,0.44,0.59,1
758,3,0.06,0.12,0.29,0.42,0.61,1
759,4,0.03,0.08,0.15,0.3,0.47,2
760,3,0.06,0.16,0.33,0.46,0.62,1
761,2,0.11,0.3,0.5,0.68,0.83,1
762,5,0.02,0.04,0.06,0.09,0.25,1
763,3,0.08,0.16,0.28,0.49,0.68,2
764,3,0.07,0.15,0.28,0.38,0.49,1
765,1,0.23,0.37,0.57,0.79,0.88,1
766,5,0.01,0.02,0.06,0.14,0.26,2
767,2,0.11,0.25,0.36,0.48,0.6,1
768,5,0,0.02,0.03,0.1,0.25,1
769,3,0.09,0.16,0.25,0.35,0.45,1
770,3,0.1,0.21,0.36,0.56,0.76,1
771,3,0.05,0.17,0.34,0.55,0.79,1
772,1,0.25,0.4,0.63,0.76,0.86,1
773,2,0.08,0.26,0.39,0.56,0.69,1
774,5,0.01,0.02,0.04,0.11,0.32,1
775,1,0.25,0.36,0.58,0.71,0.8,1
776,4,0.03,0.04,0.1,0.25,0.47,1
777,4,0.04,0.08,0.22,0.32,0.43,1
778,2,0.18,0.34,0.49,0.64,0.79,1
779,5,0.01,0.03,0.06,0.16,0.35,2
780,4,0.02,0.06,0.1,0.29,0.39,1
781,1,0.29,0.46,0.57,0.73,0.88,1
782,1,0.31,0.47,0.65,0.82,0.88,2
783,5,0.02,0.05,0.1,0.19,0.31,1
784,1,0.28,0.38,0.49,0.68,0.84,1
785,5,0.03,0.05,0.1,0.11,0.32,1
786,3,0.08,0.13,0.29,0.48,0.59,1
787,2,0.22,0.36,0.53,0.66,0.85,1
788,5,0.01,0.02,0.06,0.16,0.27,2
789,4,0.01,0.02,0.08,0.23,0.38,1
790,5,0.01,0.02,0.06,0.12,0.24,1
791,4,0.03,0.06,0.11,0.26,0.46,1
792,4,0.02,0.05,0.15,0.24,0.39,1
793,5,0.01,0.04,0.07,0.2,0.37,1
794,5,0.03,0.07,0.12,0.22,0.3,1
795,2,0.15,0.24,0.44,0.61,0.74,1
796,2,0.1,0.27,0.47,0.64,0.78,1
797,1,0.34,0.44,0.62,0.79,0.86,3
798,4,0.02,0.06,0.14,0.34,0.5,1
799,1,0.23,0.45,0.68,0.78,0.85,1
800,3,0.06,0.2,0.36,0.48,0.63,1
801,2,0.19,0.32,0.49,0.6,0.69,1
802,4,0.07,0.13,0.16,0.36,0.44,1
803,5,0.01,0.02,0.06,0.21,0.37,1
804,4,0.01,0.05,0.1,0.28,0.39,1
805,5,0.01,0.04,0.09,0.17,0.28,1
806,4,0.02,0.05,0.09,0.23,0.44,1
807,4,0.02,0.04,0.1,0.26,0.38,1
808,3,0.09,0.19,0.29,0.46,0.61,1
809,5,0.02,0.05,0.09,0.17,0.36,1
810,2,0.11,0.26,0.49,0.68,0.82,1
811,3,0.04,0.13,0.26,0.35,0.48,1
812,2,0.15,0.37,0.49,0.69,0.76,1
813,4,0.04,0.09,0.2,0.35,0.51,2
814,5,0.02,0.03,0.08,0.2,0.37,1
815,2,0.24,0.29,0.45,0.63,0.79,1
816,1,0.31,0.46,0.61,0.65,0.74,2
817,2,0.16,0.29,0.45,0.67,0.7,1
818,5,0.01,0.04,0.06,0.15,0.25,1
819,4,0.01,0.02,0.07,0.24,0.37,1
820,5,0.02,0.04,0.07,0.2,0.24,2
821,3,0.05,0.11,0.27,0.4,0.42,1
822,4,0.03,0.05,0.11,0.31,0.43,1
823,1,0.29,0.54,0.69,0.78,0.86,1
824,4,0.03,0.06,0.17,0.32,0.51,1
825,4,0.05,0.08,0.12,0.24,0.4,1
826,3,0.06,0.15,0.36,0.62,0.74,1
827,2,0.19,0.26,0.44,0.62,0.68,1
828,5,0.02,0.04,0.08,0.2,0.36,2
829,1,0.33,0.54,0.7,0.76,0.82,1
830,1,0.26,0.39,0.49,0.67,0.76,1
831,5,0.02,0.03,0.06,0.13,0.24,1
832,3,0.08,0.16,0.3,0.5,0.71,1
833,2,0.23,0.3,0.38,0.54,0.7,1
834,1,0.31,0.49,0.62,0.79,0.85,1
835,5,0.01,0.03,0.05,0.17,0.36,1
836,3,0.07,0.19,0.36,0.57,0.66,1
837,1,0.28,0.45,0.51,0.57,0.67,1
838,1,0.34,0.51,0.76,0.85,0.91,1
839,2,0.22,0.35,0.52,0.73,0.85,1
840,4,0.01,0.03,0.1,0.27,0.55,1
841,5,0.02,0.03,0.06,0.12,0.27,1
842,3,0.05,0.17,0.29,0.44,0.54,1
843,5,0.01,0.05,0.09,0.22,0.33,1
844,5,0.01,0.03,0.05,0.11,0.24,1
845,5,0.01,0.03,0.04,0.14,0.35,1
846,4,0.01,0.03,0.11,0.26,0.39,1
847,3,0.07,0.14,0.25,0.45,0.6,1
848,4,0.06,0.1,0.16,0.3,0.52,1
849,5,0.02,0.05,0.08,0.21,0.25,1
850,4,0.02,0.07,0.11,0.28,0.42,1
851,3,0.04,0.11,0.25,0.36,0.46,1
852,4,0.02,0.03,0.1,0.26,0.35,1
853,3,0.06,0.15,0.31,0.4,0.56,1
854,1,0.37,0.59,0.72,0.84,0.89,1
855,5,0.01,0.03,0.09,0.18,0.37,2
856,1,0.28,0.44,0.68,0.81,0.86,1
857,1,0.37,0.53,0.71,0.84,0.9,1
858,5,0,0.01,0.04,0.14,0.27,1
859,2,0.23,0.34,0.47,0.61,0.68,1
860,1,0.24,0.45,0.64,0.72,0.89,1
861,4,0.02,0.05,0.1,0.25,0.39,1
862,1,0.24,0.43,0.61,0.75,0.88,1
863,5,0,0.02,0.07,0.16,0.35,1
864,5,0.01,0.02,0.05,0.19,0.3,1
865,2,0.09,0.24,0.43,0.57,0.64,1
866,3,0.05,0.14,0.36,0.54,0.64,1
867,4,0.02,0.04,0.12,0.25,0.44,1
868,2,0.1,0.26,0.37,0.71,0.82,1
869,3,0.04,0.15,0.25,0.36,0.49,1
870,3,0.12,0.19,0.37,0.58,0.69,1
871,3,0.05,0.12,0.27,0.37,0.45,1
872,4,0.03,0.05,0.14,0.31,0.42,1
873,4,0.02,0.06,0.15,0.28,0.42,2
874,3,0.07,0.15,0.31,0.48,0.67,1
875,5,0,0.01,0.04,0.1,0.31,1
876,5,0.01,0.03,0.07,0.09,0.23,1
877,4,0.02,0.05,0.13,0.24,0.46,1
878,1,0.33,0.5,0.63,0.79,0.86,1
879,1,0.34,0.48,0.59,0.71,0.84,1
880,3,0.16,0.2,0.32,0.62,0.75,2
881,2,0.11,0.3,0.45,0.53,0.71,1
882,3,0.05,0.15,0.34,0.45,0.64,1
883,2,0.13,0.28,0.38,0.46,0.6,1
884,1,0.35,0.47,0.7,0.81,0.89,1
885,5,0.02,0.05,0.07,0.13,0.29,1
886,2,0.09,0.26,0.49,0.66,0.82,1
887,5,0.02,0.05,0.08,0.16,0.28,1
888,2,0.23,0.34,0.57,0.75,0.83,1
889,5,0.01,0.03,0.08,0.17,0.34,1
890,1,0.35,0.5,0.68,0.78,0.88,1
891,3,0.06,0.1,0.24,0.37,0.45,1
892,4,0.02,0.08,0.17,0.34,0.55,1
893,4,0.03,0.06,0.14,0.27,0.4,1
894,4,0.03,0.08,0.18,0.29,0.4,1
895,3,0.06,0.16,0.25,0.36,0.6,1
896,2,0.16,0.35,0.54,0.66,0.79,1
897,5,0.01,0.02,0.04,0.11,0.33,1
898,3,0.06,0.16,0.37,0.42,0.58,3
899,4,0.01,0.04,0.11,0.26,0.36,1
900,5,0.01,0.04,0.07,0.16,0.33,1
901,5,0,0.01,0.03,0.1,0.25,1
902,2,0.11,0.24,0.37,0.56,0.66,1
903,1,0.27,0.38,0.51,0.7,0.82,1
904,5,0.03,0.06,0.07,0.15,0.24,1
905,4,0.03,0.06,0.17,0.37,0.44,1
906,1,0.23,0.38,0.55,0.67,0.79,2
907,2,0.15,0.35,0.54,0.68,0.79,1
908,4,0.04,0.13,0.2,0.33,0.57,1
909,4,0.03,0.04,0.13,0.24,0.38,1
910,1,0.26,0.45,0.66,0.81,0.9,1
911,3,0.04,0.11,0.24,0.42,0.58,1
912,5,0.01,0.02,0.03,0.06,0.23,1
913,2,0.17,0.26,0.41,0.54,0.71,1
914,5,0.03,0.07,0.11,0.2,0.35,1
915,1,0.27,0.43,0.57,0.68,0.81,1
916,5,0.02,0.05,0.08,0.17,0.36,1
917,1,0.37,0.52,0.56,0.7,0.81,1
918,5,0.01,0.04,0.08,0.17,0.28,1
919,5,0.01,0.02,0.06,0.15,0.28,1
920,5,0.02,0.03,0.06,0.14,0.32,1
921,4,0.06,0.12,0.23,0.35,0.64,2
922,1,0.27,0.39,0.56,0.71,0.78,1
923,4,0.05,0.07,0.13,0.37,0.55,1
924,5,0.02,0.03,0.07,0.18,0.36,1
925,2,0.17,0.37,0.6,0.79,0.9,1
926,3,0.09,0.12,0.25,0.46,0.63,1
927,1,0.28,0.4,0.48,0.61,0.79,1
928,4,0.02,0.06,0.16,0.33,0.54,1
929,5,0.01,0.05,0.09,0.2,0.35,1
930,5,0.02,0.03,0.05,0.14,0.31,1
931,1,0.36,0.47,0.63,0.79,0.84,1
932,4,0.05,0.08,0.2,0.36,0.59,1
933,2,0.15,0.35,0.54,0.61,0.73,1
934,2,0.17,0.29,0.4,0.58,0.74,2
935,4,0.02,0.05,0.16,0.29,0.37,1
936,3,0.05,0.1,0.24,0.4,0.58,1
937,3,0.04,0.14,0.28,0.42,0.6,1
938,3,0.08,0.17,0.35,0.55,0.71,1
939,4,0.02,0.03,0.11,0.26,0.4,1
940,5,0.01,0.02,0.05,0.12,0.27,1
941,1,0.27,0.43,0.58,0.71,0.88,1
942,3,0.07,0.16,0.33,0.5,0.68,1
943,3,0.09,0.19,0.25,0.4,0.58,1
944,4,0.04,0.07,0.12,0.29,0.44,1
945,2,0.15,0.35,0.41,0.57,0.77,1
946,4,0.01,0.05,0.15,0.33,0.54,1
947,2,0.15,0.36,0.58,0.78,0.9,2
948,2,0.18,0.29,0.46,0.65,0.82,3
949,2,0.19,0.35,0.52,0.63,0.81,1
950,3,0.07,0.15,0.32,0.49,0.72,1
951,1,0.31,0.44,0.49,0.64,0.77,1
952,4,0.06,0.09,0.16,0.29,0.5,1
953,3,0.08,0.12,0.26,0.38,0.52,1
954,4,0.02,0.04,0.12,0.31,0.5,1
955,4,0.03,0.07,0.14,0.32,0.52,1
956,3,0.11,0.24,0.32,0.45,0.58,1
957,3,0.07,0.17,0.29,0.33,0.57,1
958,5,0.01,0.03,0.06,0.16,0.29,2
959,3,0.05,0.11,0.27,0.41,0.59,2
960,4,0.02,0.04,0.1,0.25,0.38,1
961,3,0.07,0.16,0.33,0.45,0.59,3
962,5,0.01,0.02,0.04,0.09,0.31,1
963,1,0.31,0.54,0.69,0.73,0.83,2
964,2,0.18,0.35,0.4,0.62,0.79,1
965,1,0.32,0.44,0.54,0.73,0.84,1
966,2,0.23,0.34,0.41,0.57,0.75,2
967,5,0.01,0.03,0.08,0.16,0.37,1
968,1,0.33,0.5,0.67,0.81,0.91,1
969,4,0.03,0.08,0.13,0.33,0.4,1
970,5,0.02,0.04,0.07,0.13,0.3,3
971,5,0.01,0.02,0.06,0.12,0.24,1
972,2,0.12,0.27,0.36,0.5,0.71,1
973,1,0.26,0.4,0.59,0.75,0.88,1
974,5,0.01,0.02,0.08,0.25,0.33,1
975,5,0.02,0.05,0.1,0.15,0.27,1
976,1,0.29,0.34,0.6,0.73,0.81,1
977,2,0.17,0.28,0.47,0.49,0.66,2
978,3,0.12,0.16,0.34,0.61,0.78,1
979,1,0.25,0.44,0.53,0.79,0.91,1
980,2,0.2,0.36,0.46,0.64,0.75,1
981,1,0.33,0.48,0.66,0.82,0.92,1
982,1,0.36,0.47,0.61,0.75,0.88,1
983,4,0.09,0.12,0.19,0.27,0.44,1
984,2,0.11,0.24,0.39,0.43,0.55,1
985,4,0.03,0.07,0.13,0.3,0.48,2
986,2,0.12,0.23,0.39,0.61,0.78,1
987,5,0,0.01,0.04,0.08,0.28,1
988,5,0.02,0.03,0.06,0.16,0.26,1
989,3,0.06,0.12,0.28,0.37,0.65,1
990,4,0.03,0.09,0.18,0.28,0.35,1
991,5,0,0.01,0.04,0.11,0.23,1
992,4,0.04,0.11,0.22,0.34,0.48,1
993,1,0.36,0.48,0.67,0.81,0.88,1
994,4,0.07,0.13,0.19,0.34,0.51,2
995,4,0.06,0.09,0.18,0.36,0.48,1
996,5,0.01,0.04,0.07,0.13,0.27,1
997,2,0.14,0.3,0.48,0.65,0.75,1
998,5,0.01,0.02,0.04,0.09,0.32,1
999,1,0.34,0.58,0.77,0.91,0.95,1
1000,5,0.02,0.04,0.07,0.13,0.32,1
1001,1,0.32,0.54,0.66,0.82,0.87,1
1002,1,0.34,0.48,0.55,0.73,0.84,1
1003,3,0.06,0.17,0.31,0.41,0.55,1
1004,1,0.33,0.57,0.75,0.87,0.93,1
1005,4,0.03,0.06,0.1,0.28,0.39,1
1006,2,0.17,0.29,0.44,0.62,0.69,1
1007,1,0.31,0.5,0.69,0.88,0.92,1
1008,5,0.02,0.05,0.08,0.2,0.33,1
1009,2,0.21,0.33,0.47,0.59,0.71,1
1010,5,0.01,0.03,0.08,0.18,0.25,2
1011,4,0.05,0.08,0.13,0.37,0.5,1
1012,1,0.24,0.36,0.51,0.68,0.79,1
1013,2,0.15,0.29,0.44,0.56,0.76,1
1014,4,0.02,0.05,0.11,0.29,0.47,2
1015,5,0.01,0.03,0.08,0.13,0.28,1
1016,3,0.04,0.12,0.3,0.41,0.6,1
1017,4,0.04,0.12,0.19,0.33,0.49,1
1018,1,0.27,0.34,0.44,0.7,0.83,1
1019,1,0.3,0.41,0.47,0.58,0.72,1
1020,4,0.01,0.04,0.11,0.26,0.41,1
1021,5,0,0.01,0.04,0.08,0.33,1
1022,4,0.03,0.05,0.12,0.25,0.4,2
1023,4,0.02,0.03,0.13,0.31,0.45,1
1024,4,0.02,0.05,0.15,0.37,0.58,1
1025,3,0.09,0.13,0.27,0.38,0.47,1
1026,5,0,0.01,0.06,0.13,0.29,1
1027,4,0.03,0.06,0.14,0.32,0.52,1
1028,1,0.29,0.49,0.59,0.64,0.79,1
1029,4,0.03,0.05,0.11,0.25,0.39,1
1030,1,0.31,0.41,0.59,0.71,0.82,1
1031,2,0.21,0.33,0.48,0.7,0.84,1
1032,4,0.03,0.08,0.17,0.34,0.5,1
1033,3,0.03,0.09,0.27,0.52,0.66,1
1034,5,0.01,0.02,0.05,0.12,0.33,1
1035,3,0.04,0.09,0.3,0.46,0.62,1
1036,3,0.1,0.17,0.37,0.59,0.72,1
1037,1,0.36,0.55,0.75,0.87,0.94,1
1038,2,0.11,0.35,0.58,0.76,0.85,1
1039,2,0.17,0.33,0.39,0.52,0.61,1
1040,1,0.31,0.39,0.69,0.8,0.83,1
1041,5,0.01,0.02,0.05,0.11,0.32,1
1042,2,0.12,0.28,0.42,0.6,0.77,1
1043,2,0.15,0.28,0.47,0.67,0.78,1
1044,1,0.23,0.39,0.6,0.75,0.86,1
1045,2,0.15,0.26,0.4,0.68,0.82,1
1046,4,0.01,0.04,0.14,0.23,0.41,2
1047,4,0.03,0.07,0.15,0.36,0.49,1
1048,1,0.26,0.4,0.58,0.77,0.85,1
1049,5,0.01,0.02,0.07,0.17,0.23,1
1050,1,0.36,0.66,0.8,0.85,0.88,1
1051,3,0.08,0.18,0.32,0.61,0.8,3
1052,1,0.35,0.47,0.59,0.68,0.75,2
1053,5,0.03,0.06,0.13,0.21,0.37,1
1054,5,0.01,0.02,0.08,0.11,0.27,1
1055,2,0.16,0.34,0.44,0.55,0.71,1
1056,2,0.16,0.35,0.44,0.63,0.75,1
1057,4,0.03,0.09,0.2,0.33,0.43,1
1058,5,0.02,0.04,0.09,0.2,0.31,1
1059,5,0.02,0.03,0.05,0.17,0.35,1
1060,2,0.18,0.36,0.45,0.65,0.79,1
1061,5,0.01,0.04,0.06,0.15,0.27,1
1062,4,0.04,0.09,0.14,0.3,0.35,1
1063,4,0.03,0.04,0.11,0.32,0.41,1
1064,1,0.24,0.39,0.61,0.8,0.89,1
1065,5,0.02,0.04,0.14,0.19,0.36,1
1066,4,0.05,0.1,0.13,0.29,0.41,1
1067,3,0.1,0.22,0.36,0.48,0.58,2
1068,5,0.02,0.05,0.09,0.14,0.25,2
1069,4,0.04,0.1,0.2,0.34,0.57,1
1070,5,0.01,0.02,0.05,0.19,0.33,2
1071,1,0.36,0.46,0.7,0.82,0.89,1
1072,2,0.1,0.3,0.34,0.42,0.53,1
1073,3,0.1,0.18,0.3,0.47,0.74,1
1074,2,0.17,0.31,0.55,0.79,0.89,1
1075,1,0.23,0.37,0.62,0.74,0.84,1
1076,1,0.35,0.48,0.62,0.78,0.88,1
1077,5,0.03,0.05,0.07,0.19,0.37,1
1078,3,0.09,0.15,0.24,0.44,0.53,1
1079,2,0.15,0.35,0.5,0.69,0.84,1
1080,5,0.01,0.02,0.05,0.14,0.24,1
1081,2,0.21,0.34,0.66,0.75,0.86,1
1082,3,0.09,0.15,0.25,0.44,0.68,1
1083,3,0.04,0.13,0.32,0.45,0.64,1
1084,3,0.09,0.14,0.31,0.45,0.59,1
1085,4,0.04,0.07,0.15,0.24,0.39,4
1086,2,0.1,0.26,0.42,0.53,0.71,1
1087,3,0.04,0.12,0.27,0.49,0.59,1
1088,1,0.3,0.45,0.63,0.76,0.86,1
1089,1,0.35,0.5,0.64,0.8,0.9,1
1090,1,0.36,0.58,0.78,0.84,0.9,1
1091,3,0.09,0.18,0.35,0.5,0.63,1
1092,2,0.09,0.26,0.43,0.61,0.69,1
1093,4,0.05,0.08,0.26,0.31,0.54,1
1094,1,0.34,0.55,0.62,0.76,0.83,1
1095,1,0.24,0.37,0.48,0.61,0.77,1
1096,5,0,0.01,0.04,0.18,0.36,1
1097,5,0.01,0.02,0.04,0.11,0.27,1
1098,4,0.02,0.06,0.2,0.29,0.43,1
1099,5,0.03,0.07,0.1,0.14,0.3,1
1100,2,0.27,0.31,0.44,0.6,0.74,1
1101,1,0.27,0.42,0.55,0.6,0.75,1
1102,1,0.34,0.51,0.63,0.73,0.85,1
1103,4,0.03,0.09,0.2,0.27,0.43,1
1104,3,0.06,0.1,0.27,0.4,0.63,1
1105,5,0.03,0.05,0.09,0.16,0.25,2
1106,4,0.02,0.04,0.1,0.26,0.37,1
1107,2,0.12,0.24,0.4,0.65,0.73,1
1108,1,0.36,0.59,0.77,0.82,0.89,1
1109,5,0,0.02,0.04,0.13,0.28,1
1110,1,0.34,0.5,0.6,0.7,0.77,1
1111,1,0.37,0.56,0.7,0.84,0.92,1
1112,1,0.36,0.55,0.68,0.82,0.9,1
1113,5,0.01,0.02,0.05,0.1,0.24,1
1114,1,0.34,0.49,0.61,0.81,0.87,1
1115,1,0.32,0.48,0.53,0.72,0.8,1
1116,3,0.07,0.19,0.31,0.45,0.63,1
1117,3,0.05,0.12,0.31,0.54,0.73,1
1118,4,0.01,0.05,0.14,0.35,0.45,1
1119,1,0.31,0.53,0.65,0.74,0.87,1
1120,3,0.04,0.09,0.25,0.35,0.47,1
1121,2,0.14,0.32,0.57,0.71,0.8,1
1122,2,0.13,0.29,0.54,0.66,0.76,1
1123,2,0.22,0.37,0.52,0.72,0.85,1
1124,4,0.03,0.07,0.12,0.3,0.42,1
1125,4,0.02,0.05,0.14,0.27,0.45,1
1126,2,0.23,0.34,0.6,0.71,0.86,1
1127,5,0.01,0.02,0.08,0.11,0.26,2
1128,5,0.02,0.05,0.09,0.11,0.28,2
1129,2,0.2,0.37,0.5,0.62,0.74,1
1130,3,0.06,0.11,0.31,0.55,0.7,1
1131,1,0.37,0.53,0.65,0.78,0.88,1
1132,2,0.12,0.25,0.41,0.56,0.71,2
1133,3,0.08,0.17,0.26,0.48,0.72,1
1134,1,0.37,0.52,0.66,0.82,0.92,1
1135,4,0.02,0.07,0.17,0.28,0.45,1
1136,3,0.04,0.14,0.28,0.35,0.63,1
1137,1,0.3,0.47,0.69,0.82,0.9,1
1138,5,0.01,0.02,0.04,0.1,0.27,1
1139,5,0.01,0.02,0.04,0.09,0.29,2
1140,4,0.02,0.06,0.12,0.36,0.49,1
1141,1,0.3,0.53,0.73,0.85,0.91,1
1142,3,0.04,0.12,0.28,0.45,0.69,1
1143,4,0.03,0.08,0.2,0.35,0.61,1
1144,2,0.2,0.32,0.56,0.73,0.87,1
1145,5,0.01,0.02,0.04,0.12,0.36,1
1146,5,0.01,0.02,0.05,0.14,0.3,1
1147,1,0.37,0.65,0.79,0.89,0.95,1
1148,5,0.01,0.02,0.03,0.08,0.23,1
1149,3,0.11,0.19,0.28,0.44,0.65,2
1150,2,0.14,0.23,0.37,0.5,0.63,1
1151,5,0.01,0.02,0.04,0.1,0.24,1
1152,1,0.37,0.46,0.63,0.8,0.88,1
1153,2,0.11,0.26,0.51,0.65,0.74,1
1154,3,0.05,0.1,0.25,0.39,0.57,1
1155,5,0.01,0.04,0.08,0.17,0.34,1
1156,3,0.06,0.13,0.24,0.46,0.55,1
1157,5,0.01,0.03,0.09,0.22,0.27,1
1158,4,0.02,0.04,0.11,0.23,0.4,1
1159,2,0.11,0.23,0.39,0.53,0.69,1
1160,1,0.33,0.49,0.6,0.65,0.8,1
1161,4,0.05,0.09,0.18,0.29,0.37,1
1162,1,0.31,0.46,0.64,0.85,0.9,1
1163,2,0.11,0.27,0.43,0.59,0.7,2
1164,5,0.01,0.02,0.06,0.14,0.26,1
1165,1,0.31,0.46,0.64,0.75,0.84,1
1166,4,0.03,0.04,0.14,0.32,0.47,1
1167,4,0.03,0.08,0.19,0.33,0.51,1
1168,3,0.06,0.18,0.32,0.52,0.7,1
1169,5,0.01,0.02,0.04,0.12,0.28,1
1170,5,0.01,0.02,0.04,0.13,0.32,1
1171,4,0.02,0.06,0.12,0.31,0.44,1
1172,4,0.05,0.14,0.21,0.36,0.55,1
1173,5,0.02,0.04,0.06,0.13,0.32,1
1174,2,0.24,0.34,0.57,0.75,0.84,1
1175,1,0.36,0.52,0.66,0.76,0.87,1
1176,4,0.03,0.08,0.17,0.32,0.48,1
1177,5,0.01,0.03,0.07,0.17,0.34,1
1178,1,0.3,0.45,0.65,0.79,0.87,4
1179,2,0.13,0.35,0.48,0.65,0.82,1
1180,2,0.16,0.28,0.5,0.59,0.75,1
1181,5,0.01,0.02,0.05,0.17,0.37,1
1182,4,0.03,0.06,0.14,0.36,0.6,2
1183,2,0.15,0.26,0.41,0.55,0.69,1
1184,2,0.14,0.25,0.44,0.63,0.75,1
1185,1,0.3,0.48,0.65,0.77,0.84,1
1186,4,0.02,0.04,0.14,0.3,0.46,1
1187,5,0.01,0.04,0.11,0.23,0.35,1
1188,3,0.05,0.16,0.37,0.54,0.7,1
1189,4,0.05,0.08,0.13,0.34,0.45,1
1190,5,0.02,0.04,0.1,0.21,0.34,3
1191,3,0.03,0.09,0.26,0.35,0.51,1
1192,4,0.02,0.08,0.14,0.32,0.44,1
1193,2,0.13,0.37,0.53,0.61,0.76,1
1194,1,0.32,0.51,0.67,0.82,0.88,1
1195,2,0.18,0.3,0.52,0.66,0.78,1
1196,2,0.13,0.34,0.53,0.7,0.79,1
1197,4,0.02,0.05,0.2,0.37,0.48,1
1198,2,0.14,0.3,0.38,0.63,0.77,1
1199,3,0.05,0.12,0.32,0.4,0.59,1
1200,3,0.07,0.14,0.27,0.44,0.54,1
1201,1,0.27,0.48,0.65,0.76,0.86,1
1202,2,0.17,0.34,0.51,0.68,0.77,1
1203,2,0.09,0.26,0.35,0.52,0.71,2
1204,4,0.02,0.05,0.13,0.25,0.37,1
1205,2,0.19,0.33,0.5,0.76,0.8,1
1206,5,0.01,0.02,0.04,0.13,0.27,1
1207,1,0.23,0.37,0.61,0.76,0.88,1
1208,2,0.12,0.26,0.5,0.66,0.81,1
1209,2,0.1,0.31,0.46,0.6,0.7,2
1210,3,0.04,0.1,0.24,0.39,0.53,1
1211,1,0.28,0.43,0.58,0.71,0.79,1
1212,4,0.04,0.07,0.12,0.25,0.42,2
1213,2,0.16,0.29,0.48,0.62,0.8,1
1214,5,0.03,0.08,0.15,0.21,0.34,1
1215,5,0.01,0.02,0.06,0.11,0.24,2
1216,2,0.22,0.36,0.54,0.77,0.83,1
1217,3,0.04,0.15,0.34,0.52,0.62,1
1218,3,0.09,0.21,0.36,0.42,0.59,1
1219,2,0.14,0.3,0.49,0.67,0.82,1
1220,5,0.03,0.07,0.14,0.21,0.29,1
1221,2,0.11,0.28,0.45,0.6,0.67,1
1222,1,0.36,0.57,0.71,0.84,0.94,1
1223,5,0,0.02,0.05,0.12,0.24,1
1224,3,0.08,0.22,0.36,0.45,0.64,1
1225,2,0.08,0.27,0.36,0.56,0.7,1
1226,3,0.05,0.12,0.3,0.44,0.62,1
1227,1,0.29,0.49,0.71,0.76,0.85,1
1228,2,0.18,0.35,0.55,0.79,0.91,2
1229,4,0.02,0.05,0.13,0.3,0.46,2
1230,2,0.12,0.26,0.4,0.51,0.62,1
1231,5,0.02,0.03,0.06,0.11,0.35,1
1232,1,0.28,0.45,0.61,0.69,0.84,1
1233,5,0.01,0.02,0.05,0.13,0.33,1
1234,1,0.27,0.39,0.59,0.8,0.88,2
1235,2,0.11,0.31,0.48,0.62,0.7,1
1236,4,0.02,0.06,0.12,0.27,0.34,1
1237,1,0.3,0.43,0.6,0.82,0.89,1
1238,5,0,0.01,0.02,0.07,0.24,1
1239,2,0.1,0.29,0.55,0.71,0.85,1
1240,4,0.03,0.09,0.19,0.36,0.47,1
1241,1,0.34,0.46,0.61,0.71,0.83,1
1242,2,0.17,0.34,0.47,0.65,0.76,1
1243,4,0.02,0.05,0.15,0.25,0.39,1
1244,1,0.36,0.47,0.69,0.85,0.91,1
1245,3,0.03,0.08,0.24,0.45,0.63,1
1246,2,0.15,0.33,0.56,0.72,0.87,1
1247,3,0.11,0.21,0.36,0.56,0.63,1
1248,5,0.01,0.02,0.05,0.13,0.29,2
1249,2,0.11,0.23,0.38,0.42,0.58,1
1250,5,0.01,0.02,0.06,0.15,0.34,1
1251,3,0.07,0.13,0.34,0.44,0.65,1
1252,4,0.04,0.09,0.18,0.34,0.55,1
1253,2,0.14,0.31,0.48,0.66,0.77,1
1254,5,0.05,0.09,0.1,0.14,0.32,1
1255,4,0.03,0.07,0.17,0.28,0.44,1
1256,4,0.01,0.02,0.08,0.24,0.43,1
1257,4,0.02,0.08,0.18,0.3,0.51,1
1258,2,0.22,0.24,0.41,0.58,0.74,1
1259,2,0.19,0.33,0.53,0.73,0.83,1
1260,1,0.32,0.49,0.67,0.8,0.9,1
1261,2,0.12,0.3,0.46,0.62,0.77,1
1262,4,0.02,0.05,0.16,0.31,0.55,1
1263,2,0.18,0.34,0.61,0.72,0.86,1
1264,4,0.02,0.03,0.1,0.29,0.41,1
1265,2,0.16,0.31,0.42,0.57,0.74,2
1266,1,0.32,0.47,0.63,0.78,0.88,1
1267,3,0.04,0.15,0.27,0.42,0.56,1
1268,2,0.08,0.26,0.45,0.6,0.65,1
1269,1,0.27,0.4,0.51,0.75,0.85,1
1270,2,0.19,0.34,0.52,0.69,0.8,2
1271,2,0.15,0.36,0.37,0.54,0.69,1
1272,1,0.35,0.41,0.64,0.77,0.85,1
1273,3,0.08,0.17,0.29,0.44,0.57,1
1274,1,0.32,0.43,0.61,0.79,0.85,1
1275,1,0.28,0.51,0.59,0.72,0.76,1
1276,4,0.03,0.06,0.11,0.32,0.43,1
1277,2,0.13,0.33,0.55,0.64,0.79,1
1278,5,0.01,0.04,0.12,0.17,0.26,2
1279,5,0.01,0.05,0.09,0.13,0.37,1
1280,2,0.15,0.33,0.46,0.65,0.81,2
1281,3,0.07,0.13,0.33,0.48,0.69,1
1282,2,0.17,0.3,0.35,0.52,0.67,1
1283,5,0,0.01,0.02,0.09,0.32,1
1284,3,0.08,0.15,0.36,0.47,0.63,1
1285,2,0.19,0.29,0.36,0.49,0.62,1
1286,4,0.02,0.04,0.1,0.25,0.42,1
1287,2,0.14,0.3,0.37,0.47,0.66,1
1288,2,0.18,0.33,0.54,0.59,0.73,2
1289,5,0.01,0.02,0.04,0.13,0.27,1
1290,1,0.3,0.37,0.49,0.71,0.82,1
1291,3,0.1,0.23,0.33,0.46,0.62,3
1292,3,0.05,0.1,0.27,0.39,0.68,2
1293,4,0.02,0.06,0.13,0.32,0.52,1
1294,2,0.16,0.35,0.52,0.7,0.75,1
1295,4,0.04,0.09,0.18,0.37,0.55,1
1296,2,0.2,0.28,0.34,0.46,0.6,1
1297,1,0.29,0.43,0.59,0.78,0.84,1
1298,2,0.15,0.31,0.5,0.64,0.76,2
1299,1,0.26,0.4,0.48,0.65,0.78,1
1300,3,0.08,0.17,0.35,0.7,0.8,1
1301,3,0.05,0.12,0.33,0.55,0.67,1
1302,4,0.03,0.07,0.16,0.33,0.39,2
1303,1,0.28,0.48,0.65,0.82,0.86,3
1304,2,0.14,0.32,0.49,0.63,0.81,2
1305,1,0.23,0.39,0.66,0.72,0.83,1
1306,2,0.16,0.37,0.49,0.68,0.78,1
1307,4,0.01,0.05,0.12,0.3,0.38,2
1308,5,0.02,0.04,0.05,0.11,0.23,1
1309,2,0.17,0.31,0.46,0.63,0.75,1
1310,3,0.08,0.14,0.31,0.5,0.6,1
1311,4,0.02,0.11,0.18,0.25,0.36,1
1312,2,0.18,0.29,0.43,0.51,0.7,1
1313,4,0.04,0.1,0.17,0.25,0.42,1
1314,2,0.11,0.29,0.4,0.53,0.73,1
1315,5,0.01,0.02,0.06,0.11,0.27,1
1316,2,0.17,0.3,0.36,0.5,0.68,1
1317,3,0.07,0.1,0.34,0.46,0.6,1
1318,2,0.18,0.29,0.43,0.57,0.62,1
1319,4,0.03,0.08,0.12,0.24,0.36,1
1320,1,0.36,0.53,0.67,0.77,0.84,1
1321,5,0.01,0.02,0.04,0.12,0.27,1
1322,2,0.14,0.27,0.44,0.63,0.74,1
1323,3,0.09,0.15,0.34,0.45,0.62,2
1324,3,0.04,0.08,0.26,0.35,0.51,1
1325,2,0.24,0.32,0.43,0.6,0.69,1
1326,2,0.15,0.32,0.48,0.69,0.82,1
1327,2,0.18,0.33,0.53,0.66,0.77,1
1328,5,0.01,0.02,0.07,0.13,0.28,1
1329,3,0.05,0.15,0.32,0.42,0.54,1
1330,5,0.01,0.02,0.08,0.21,0.34,1
1331,4,0.02,0.04,0.13,0.32,0.43,1
1332,4,0.03,0.07,0.16,0.32,0.52,1
1333,5,0.01,0.03,0.07,0.17,0.3,1
1334,3,0.12,0.18,0.31,0.5,0.67,1
1335,3,0.11,0.19,0.33,0.51,0.63,2
1336,2,0.11,0.25,0.38,0.57,0.75,1
1337,2,0.12,0.26,0.41,0.6,0.77,1
1338,1,0.27,0.48,0.66,0.77,0.9,1
1339,3,0.04,0.1,0.24,0.39,0.53,1
1340,4,0.02,0.06,0.14,0.25,0.37,1
1341,1,0.28,0.45,0.59,0.75,0.88,1
1342,3,0.07,0.14,0.24,0.38,0.53,1
1343,4,0.04,0.11,0.23,0.35,0.56,1
1344,3,0.06,0.15,0.28,0.32,0.51,1
1345,5,0,0.02,0.04,0.09,0.23,1
1346,2,0.26,0.32,0.47,0.56,0.62,1
1347,1,0.23,0.43,0.48,0.57,0.69,2
1348,4,0.06,0.1,0.13,0.27,0.37,1
1349,2,0.22,0.33,0.52,0.6,0.77,1
1350,5,0.02,0.05,0.06,0.17,0.32,1
1351,4,0.04,0.08,0.17,0.36,0.56,1
1352,1,0.28,0.35,0.49,0.61,0.68,1
1353,4,0.05,0.11,0.15,0.24,0.39,1
1354,3,0.11,0.21,0.35,0.42,0.62,1
1355,1,0.3,0.48,0.59,0.65,0.82,1
1356,3,0.06,0.18,0.31,0.44,0.64,1
1357,4,0.03,0.07,0.22,0.27,0.41,1
1358,4,0.02,0.04,0.13,0.29,0.45,1
1359,4,0.02,0.06,0.12,0.25,0.53,1
1360,3,0.07,0.12,0.3,0.49,0.69,1
1361,1,0.36,0.55,0.7,0.86,0.92,1
1362,3,0.05,0.12,0.23,0.44,0.55,1
1363,2,0.12,0.3,0.45,0.72,0.84,1
1364,5,0.01,0.02,0.05,0.09,0.27,1
1365,3,0.09,0.18,0.32,0.53,0.75,1
1366,4,0.02,0.04,0.14,0.36,0.56,3
1367,5,0.02,0.04,0.08,0.14,0.29,2
1368,4,0.02,0.05,0.19,0.28,0.54,1
1369,2,0.2,0.35,0.49,0.64,0.81,2
1370,5,0.01,0.02,0.07,0.14,0.34,1
1371,2,0.16,0.37,0.5,0.67,0.81,1
1372,3,0.11,0.21,0.34,0.41,0.54,1
1373,4,0.02,0.06,0.12,0.29,0.45,1
1374,1,0.26,0.39,0.48,0.61,0.82,1
1375,3,0.15,0.23,0.27,0.45,0.58,1
1376,3,0.06,0.09,0.28,0.45,0.62,2
1377,1,0.33,0.4,0.55,0.7,0.85,1
1378,5,0.01,0.02,0.04,0.11,0.27,1
1379,2,0.14,0.31,0.47,0.61,0.72,1
1380,5,0.01,0.05,0.12,0.16,0.27,1
1381,1,0.26,0.42,0.61,0.71,0.82,1
1382,2,0.19,0.28,0.42,0.55,0.68,1
1383,4,0.06,0.1,0.17,0.34,0.48,1
1384,4,0.05,0.15,0.24,0.33,0.52,1
1385,4,0.03,0.07,0.17,0.23,0.39,2
1386,1,0.27,0.44,0.6,0.73,0.81,1
1387,1,0.33,0.4,0.59,0.74,0.8,1
1388,2,0.09,0.34,0.45,0.66,0.79,1
1389,5,0.01,0.02,0.05,0.08,0.26,1
1390,5,0.01,0.02,0.06,0.15,0.28,2
1391,1,0.35,0.4,0.55,0.72,0.85,1
1392,2,0.08,0.26,0.45,0.6,0.72,1
1393,3,0.04,0.18,0.31,0.45,0.61,1
1394,2,0.12,0.28,0.48,0.5,0.64,1
1395,4,0.03,0.06,0.14,0.32,0.53,1
1396,2,0.22,0.32,0.48,0.69,0.81,1
1397,3,0.08,0.2,0.35,0.57,0.75,1
1398,4,0.02,0.08,0.12,0.25,0.4,1
1399,4,0.02,0.06,0.14,0.29,0.45,2
1400,1,0.23,0.38,0.51,0.68,0.86,1
1401,3,0.12,0.17,0.36,0.54,0.67,1
1402,3,0.05,0.12,0.25,0.36,0.47,1
1403,5,0.01,0.02,0.07,0.13,0.32,1
1404,4,0.03,0.06,0.12,0.35,0.43,1
1405,4,0.05,0.12,0.2,0.35,0.58,1
1406,4,0.04,0.06,0.21,0.31,0.58,1
1407,4,0.04,0.09,0.14,0.34,0.46,1
1408,5,0.01,0.02,0.08,0.18,0.32,1
1409,3,0.05,0.16,0.31,0.43,0.56,1
1410,4,0.03,0.05,0.12,0.31,0.47,1
1411,5,0.01,0.02,0.05,0.12,0.26,1
1412,5,0.01,0.03,0.09,0.16,0.25,1
1413,3,0.07,0.12,0.31,0.53,0.61,1
1414,2,0.19,0.31,0.49,0.7,0.83,1
1415,2,0.19,0.27,0.42,0.68,0.84,1
1416,1,0.34,0.47,0.61,0.68,0.82,1
1417,2,0.12,0.27,0.38,0.58,0.78,2
1418,1,0.34,0.39,0.54,0.63,0.75,1
1419,5,0.01,0.02,0.07,0.12,0.35,1
1420,3,0.09,0.2,0.35,0.53,0.7,2
1421,2,0.14,0.31,0.47,0.66,0.78,1
1422,3,0.11,0.21,0.35,0.51,0.73,1
1423,2,0.18,0.35,0.59,0.71,0.77,2
1424,1,0.35,0.54,0.71,0.81,0.9,1
1425,1,0.3,0.45,0.6,0.78,0.9,1
1426,2,0.12,0.29,0.47,0.61,0.69,1
1427,2,0.14,0.35,0.47,0.65,0.77,1
1428,5,0.01,0.03,0.08,0.21,0.31,1
1429,2,0.1,0.26,0.36,0.5,0.68,2
1430,2,0.21,0.32,0.44,0.68,0.76,1
1431,1,0.24,0.45,0.69,0.77,0.8,1
1432,4,0.03,0.09,0.18,0.28,0.38,1
1433,1,0.35,0.48,0.51,0.62,0.75,1
1434,2,0.21,0.34,0.54,0.66,0.85,1
1435,4,0.04,0.08,0.21,0.28,0.54,1
1436,3,0.05,0.12,0.23,0.37,0.49,1
1437,3,0.06,0.14,0.26,0.39,0.61,1
1438,1,0.29,0.45,0.66,0.84,0.89,1
1439,5,0.02,0.03,0.06,0.14,0.35,1
1440,3,0.12,0.15,0.35,0.56,0.7,1
1441,1,0.26,0.41,0.54,0.66,0.78,1
1442,4,0.02,0.04,0.11,0.28,0.32,1
1443,5,0.01,0.02,0.05,0.08,0.24,1
1444,2,0.21,0.31,0.46,0.6,0.74,1
1445,5,0.01,0.03,0.08,0.12,0.25,1
1446,3,0.06,0.16,0.27,0.45,0.61,1
1447,3,0.08,0.14,0.31,0.47,0.66,1
1448,3,0.07,0.11,0.27,0.4,0.58,1
1449,1,0.28,0.43,0.58,0.75,0.87,1
1450,1,0.27,0.44,0.58,0.74,0.89,1
1451,5,0.01,0.03,0.1,0.16,0.32,1
1452,1,0.25,0.44,0.61,0.73,0.84,1
1453,5,0.01,0.03,0.09,0.16,0.24,1
1454,1,0.35,0.54,0.64,0.72,0.85,2
1455,2,0.18,0.31,0.39,0.56,0.68,1
1456,3,0.07,0.14,0.31,0.33,0.52,1
1457,3,0.08,0.15,0.34,0.47,0.63,1
1458,4,0.02,0.07,0.11,0.24,0.4,1
1459,1,0.28,0.43,0.65,0.75,0.87,1
1460,3,0.08,0.13,0.28,0.47,0.68,1
1461,3,0.06,0.12,0.27,0.44,0.55,1
1462,4,0.02,0.08,0.17,0.29,0.44,2
1463,2,0.25,0.32,0.45,0.54,0.69,1
1464,5,0.02,0.05,0.11,0.2,0.34,1
1465,2,0.1,0.24,0.37,0.46,0.67,2
1466,4,0.03,0.09,0.13,0.24,0.41,2
1467,5,0.01,0.02,0.08,0.11,0.32,1
1468,1,0.28,0.36,0.56,0.74,0.87,1
1469,2,0.18,0.36,0.54,0.75,0.84,1
1470,4,0.03,0.07,0.13,0.27,0.37,1
1471,2,0.13,0.27,0.43,0.63,0.78,1
1472,2,0.09,0.25,0.4,0.65,0.77,1
1473,5,0.01,0.03,0.09,0.19,0.35,1
1474,2,0.12,0.33,0.51,0.7,0.83,1
1475,5,0.01,0.02,0.04,0.1,0.32,1
1476,5,0.01,0.03,0.06,0.15,0.36,1
1477,1,0.28,0.47,0.62,0.78,0.82,1
1478,3,0.07,0.15,0.33,0.52,0.69,1
1479,3,0.11,0.18,0.36,0.52,0.73,1
1480,2,0.16,0.28,0.44,0.59,0.71,3
1481,5,0.01,0.04,0.07,0.15,0.27,1
1482,4,0.07,0.11,0.2,0.33,0.53,1
1483,1,0.26,0.46,0.65,0.8,0.89,1
1484,1,0.28,0.37,0.5,0.63,0.77,1
1485,2,0.23,0.35,0.61,0.8,0.88,2
1486,2,0.11,0.31,0.48,0.6,0.81,2
1487,4,0.05,0.12,0.18,0.35,0.66,1
1488,2,0.14,0.25,0.37,0.66,0.72,1
1489,1,0.35,0.6,0.78,0.9,0.95,1
1490,3,0.08,0.12,0.26,0.44,0.62,1
1491,2,0.14,0.24,0.41,0.59,0.68,1
1492,5,0.02,0.05,0.14,0.24,0.3,1
1493,3,0.06,0.19,0.37,0.57,0.65,1
1494,1,0.28,0.42,0.56,0.69,0.82,1
1495,2,0.18,0.36,0.51,0.61,0.77,1
1496,1,0.35,0.44,0.65,0.72,0.83,1
1497,4,0.02,0.05,0.12,0.34,0.51,1
1498,2,0.19,0.37,0.66,0.78,0.87,1
1499,5,0.02,0.03,0.07,0.1,0.31,1
1500,2,0.14,0.34,0.45,0.71,0.84,1
1501,4,0.06,0.12,0.24,0.33,0.47,2
1502,4,0.02,0.04,0.12,0.31,0.44,1
1503,2,0.22,0.34,0.56,0.74,0.82,1
1504,2,0.13,0.36,0.63,0.8,0.91,1
1505,3,0.07,0.14,0.26,0.43,0.57,1
1506,1,0.3,0.46,0.7,0.78,0.88,1
1507,3,0.07,0.14,0.32,0.4,0.62,1
1508,5,0.02,0.07,0.11,0.14,0.35,2
1509,2,0.11,0.3,0.4,0.44,0.61,1
1510,3,0.04,0.11,0.32,0.43,0.6,1
1511,5,0.01,0.02,0.04,0.14,0.23,1
1512,5,0.04,0.07,0.16,0.25,0.32,1
1513,3,0.11,0.19,0.36,0.51,0.7,1
1514,5,0.01,0.02,0.06,0.14,0.31,1
1515,3,0.1,0.18,0.32,0.49,0.56,1
1516,5,0.01,0.02,0.06,0.15,0.31,1
1517,5,0.01,0.02,0.06,0.12,0.27,1
1518,4,0.06,0.09,0.21,0.36,0.49,1
1519,1,0.25,0.36,0.59,0.75,0.86,1
1520,2,0.23,0.28,0.38,0.44,0.54,1
1521,2,0.14,0.26,0.38,0.55,0.65,1
1522,3,0.04,0.14,0.31,0.44,0.64,1
1523,4,0.03,0.07,0.1,0.25,0.38,1
1524,2,0.18,0.33,0.51,0.67,0.78,1
1525,4,0.02,0.06,0.13,0.29,0.5,1
1526,3,0.06,0.15,0.32,0.48,0.59,1
1527,3,0.05,0.14,0.31,0.45,0.57,1
1528,1,0.31,0.49,0.67,0.77,0.87,1
1529,1,0.27,0.48,0.65,0.82,0.9,1
1530,1,0.34,0.58,0.73,0.79,0.88,1
1531,3,0.07,0.17,0.36,0.51,0.62,1
1532,3,0.05,0.12,0.27,0.55,0.74,1
1533,5,0.01,0.02,0.05,0.12,0.32,2
1534,4,0.02,0.05,0.12,0.32,0.44,1
1535,5,0.01,0.02,0.06,0.15,0.34,1
1536,4,0.03,0.07,0.14,0.27,0.43,2
1537,4,0.03,0.07,0.21,0.34,0.42,2
1538,5,0.01,0.02,0.05,0.14,0.27,2
1539,3,0.04,0.11,0.27,0.35,0.51,1
1540,2,0.13,0.26,0.44,0.57,0.69,1
1541,3,0.04,0.13,0.26,0.38,0.55,1
1542,4,0.04,0.09,0.14,0.32,0.4,2
1543,4,0.01,0.04,0.15,0.26,0.48,1
1544,4,0.03,0.08,0.19,0.32,0.49,1
1545,4,0.03,0.06,0.19,0.29,0.41,1
1546,1,0.3,0.48,0.65,0.68,0.83,2
1547,4,0.03,0.1,0.22,0.36,0.57,2
1548,4,0.05,0.08,0.17,0.34,0.52,1
1549,3,0.06,0.16,0.33,0.44,0.63,1
1550,4,0.07,0.1,0.21,0.37,0.51,1
1551,4,0.04,0.09,0.18,0.3,0.44,1
1552,5,0.03,0.07,0.08,0.16,0.27,1
1553,5,0.01,0.02,0.06,0.16,0.33,1
1554,4,0.02,0.06,0.16,0.33,0.49,1
1555,5,0.01,0.03,0.05,0.14,0.28,1
1556,4,0.02,0.07,0.18,0.3,0.38,1
1557,3,0.08,0.16,0.25,0.41,0.59,1
1558,4,0.03,0.07,0.13,0.25,0.37,1
1559,3,0.04,0.12,0.37,0.55,0.72,1
1560,3,0.07,0.15,0.37,0.46,0.7,2
1561,5,0.02,0.05,0.11,0.17,0.32,1
1562,2,0.12,0.31,0.55,0.65,0.77,1
1563,4,0.02,0.06,0.18,0.26,0.49,1
1564,3,0.09,0.13,0.23,0.41,0.61,1
1565,2,0.13,0.34,0.47,0.68,0.77,1
1566,4,0.02,0.05,0.17,0.35,0.47,1
1567,1,0.33,0.54,0.72,0.82,0.91,1
1568,2,0.19,0.37,0.45,0.61,0.75,1
1569,5,0.01,0.02,0.05,0.18,0.27,1
1570,3,0.06,0.12,0.3,0.45,0.62,2
1571,3,0.07,0.15,0.37,0.52,0.68,1
1572,1,0.3,0.39,0.56,0.62,0.77,1
1573,5,0.01,0.02,0.08,0.18,0.35,1
1574,4,0.03,0.08,0.17,0.34,0.45,1
1575,1,0.29,0.5,0.62,0.78,0.83,1
1576,5,0.01,0.02,0.06,0.15,0.36,1
1577,5,0.02,0.03,0.06,0.15,0.3,1
1578,5,0.01,0.02,0.06,0.11,0.23,1
1579,3,0.08,0.14,0.32,0.36,0.52,1
1580,5,0.02,0.04,0.05,0.13,0.25,1
1581,3,0.05,0.16,0.32,0.55,0.66,1
1582,4,0.03,0.05,0.12,0.31,0.47,1
1583,1,0.34,0.5,0.69,0.83,0.9,1
1584,1,0.36,0.53,0.71,0.86,0.91,1
1585,4,0.04,0.06,0.13,0.29,0.44,1
1586,2,0.16,0.3,0.51,0.69,0.85,1
1587,1,0.34,0.45,0.67,0.73,0.82,1
1588,5,0,0.01,0.03,0.11,0.24,1
1589,5,0.02,0.04,0.08,0.19,0.28,1
1590,3,0.06,0.12,0.28,0.5,0.72,1
1591,1,0.29,0.41,0.64,0.8,0.88,1
1592,2,0.17,0.33,0.4,0.56,0.8,1
1593,1,0.27,0.35,0.49,0.64,0.81,1
1594,5,0.01,0.02,0.03,0.08,0.24,1
1595,3,0.06,0.13,0.27,0.42,0.61,1
1596,2,0.12,0.28,0.42,0.51,0.76,1
1597,5,0.03,0.06,0.13,0.27,0.31,1
1598,5,0.01,0.03,0.05,0.12,0.26,2
1599,4,0.02,0.04,0.11,0.24,0.47,1
1600,3,0.15,0.21,0.34,0.42,0.56,1
1601,5,0.01,0.05,0.07,0.09,0.3,1
1602,1,0.33,0.5,0.66,0.79,0.85,1
1603,2,0.1,0.29,0.52,0.69,0.84,1
1604,4,0.03,0.06,0.13,0.25,0.42,1
1605,5,0.01,0.03,0.05,0.19,0.29,1
1606,5,0.04,0.08,0.14,0.22,0.3,1
1607,2,0.19,0.29,0.52,0.69,0.76,1
1608,3,0.07,0.15,0.34,0.49,0.65,1
1609,2,0.19,0.33,0.56,0.66,0.75,1
1610,1,0.31,0.47,0.6,0.7,0.82,1
1611,1,0.28,0.48,0.72,0.83,0.91,1
1612,4,0.04,0.07,0.16,0.25,0.36,1
1613,2,0.15,0.24,0.41,0.5,0.65,2
1614,3,0.06,0.18,0.29,0.43,0.61,1
1615,5,0.02,0.04,0.1,0.21,0.36,1
1616,3,0.04,0.1,0.26,0.37,0.55,3
1617,3,0.11,0.21,0.33,0.49,0.68,1
1618,2,0.18,0.28,0.51,0.71,0.79,1
1619,4,0.02,0.07,0.15,0.34,0.47,1
1620,3,0.02,0.08,0.24,0.4,0.54,1
1621,1,0.29,0.47,0.64,0.82,0.88,1
1622,3,0.06,0.09,0.25,0.41,0.55,1
1623,3,0.11,0.22,0.37,0.43,0.54,1
1624,4,0.02,0.06,0.13,0.26,0.38,1
1625,4,0.02,0.06,0.15,0.33,0.45,2
1626,4,0.04,0.11,0.19,0.33,0.45,3
1627,2,0.22,0.29,0.4,0.55,0.72,1
1628,3,0.11,0.16,0.27,0.35,0.53,1
1629,1,0.27,0.42,0.66,0.78,0.83,1
1630,5,0.01,0.03,0.08,0.14,0.3,1
1631,2,0.15,0.36,0.52,0.67,0.84,1
1632,3,0.07,0.18,0.35,0.5,0.52,1
1633,4,0.03,0.09,0.18,0.32,0.43,1
1634,5,0.02,0.06,0.09,0.19,0.35,1
1635,1,0.37,0.5,0.64,0.75,0.89,1
1636,1,0.25,0.41,0.55,0.7,0.81,1
1637,4,0.06,0.1,0.19,0.32,0.54,1
1638,2,0.17,0.34,0.46,0.69,0.81,1
1639,2,0.1,0.26,0.39,0.55,0.7,1
1640,3,0.04,0.1,0.28,0.44,0.57,2
1641,1,0.24,0.44,0.54,0.72,0.82,1
1642,4,0.02,0.04,0.16,0.36,0.52,1
1643,3,0.06,0.14,0.29,0.46,0.58,1
1644,1,0.34,0.53,0.66,0.8,0.87,2
1645,4,0.03,0.09,0.19,0.33,0.57,1
1646,5,0,0.01,0.03,0.09,0.24,1
1647,4,0.03,0.06,0.14,0.23,0.37,1
1648,1,0.33,0.45,0.61,0.81,0.9,1
1649,4,0.06,0.1,0.18,0.3,0.45,1
1650,1,0.34,0.54,0.72,0.82,0.93,1
1651,2,0.21,0.32,0.45,0.61,0.77,1
1652,3,0.05,0.1,0.26,0.38,0.53,1
1653,3,0.12,0.2,0.35,0.49,0.62,1
1654,2,0.18,0.27,0.42,0.52,0.64,1
1655,3,0.06,0.21,0.36,0.52,0.6,2
1656,5,0,0.01,0.05,0.15,0.32,1
1657,4,0.02,0.07,0.2,0.27,0.41,1
1658,5,0.01,0.03,0.09,0.13,0.34,1
1659,1,0.29,0.45,0.65,0.75,0.87,1
1660,3,0.05,0.16,0.29,0.46,0.56,1
1661,2,0.15,0.28,0.47,0.68,0.8,1
1662,4,0.01,0.02,0.1,0.25,0.35,2
1663,1,0.32,0.47,0.62,0.79,0.86,1
1664,2,0.15,0.32,0.55,0.71,0.83,1
1665,2,0.14,0.27,0.34,0.49,0.56,1
1666,1,0.29,0.49,0.67,0.82,0.87,1
1667,3,0.04,0.14,0.23,0.39,0.55,1
1668,4,0.02,0.04,0.13,0.25,0.36,1
1669,2,0.19,0.34,0.61,0.63,0.76,1
1670,1,0.29,0.45,0.56,0.75,0.84,1
1671,2,0.12,0.26,0.4,0.54,0.73,1
1672,5,0.02,0.06,0.1,0.17,0.3,1
1673,1,0.25,0.45,0.67,0.84,0.91,1
1674,3,0.06,0.12,0.23,0.37,0.6,1
1675,1,0.33,0.58,0.72,0.83,0.89,1
1676,1,0.35,0.51,0.71,0.84,0.87,1
1677,2,0.1,0.27,0.43,0.67,0.78,1
1678,1,0.34,0.53,0.72,0.85,0.94,1
1679,1,0.32,0.53,0.73,0.82,0.88,1
1680,3,0.05,0.15,0.32,0.35,0.64,2
1681,3,0.07,0.18,0.34,0.44,0.67,1
1682,4,0.02,0.04,0.11,0.27,0.35,1
1683,1,0.37,0.44,0.68,0.82,0.91,1
1684,5,0,0.01,0.03,0.1,0.26,2
1685,2,0.12,0.25,0.44,0.56,0.69,4
1686,3,0.04,0.08,0.24,0.45,0.64,1
1687,4,0.02,0.06,0.18,0.37,0.52,1
1688,4,0.02,0.07,0.16,0.29,0.42,1
1689,3,0.05,0.14,0.31,0.54,0.66,1
1690,3,0.08,0.14,0.29,0.42,0.65,1
1691,5,0.01,0.03,0.05,0.13,0.35,1
1692,5,0.01,0.02,0.04,0.14,0.34,1
1693,1,0.31,0.51,0.69,0.79,0.86,1
1694,1,0.3,0.46,0.62,0.8,0.88,1
1695,5,0,0.01,0.02,0.06,0.23,1
1696,4,0.04,0.1,0.19,0.35,0.48,1
1697,3,0.09,0.17,0.26,0.36,0.44,1
1698,2,0.17,0.31,0.49,0.59,0.7,1
1699,1,0.27,0.42,0.52,0.69,0.75,1
1700,5,0.01,0.02,0.04,0.09,0.27,1
1701,1,0.37,0.58,0.75,0.85,0.93,1
1702,4,0.05,0.12,0.2,0.32,0.55,1
1703,4,0.02,0.06,0.19,0.3,0.51,1
1704,1,0.27,0.47,0.65,0.81,0.87,1
1705,1,0.35,0.55,0.75,0.84,0.9,1
1706,5,0.02,0.05,0.1,0.17,0.35,1
1707,2,0.16,0.28,0.53,0.68,0.81,1
1708,1,0.33,0.46,0.58,0.76,0.87,1
1709,3,0.1,0.18,0.31,0.46,0.6,1
1710,5,0.02,0.04,0.07,0.14,0.36,1
1711,5,0.02,0.05,0.09,0.16,0.27,1
1712,3,0.05,0.14,0.31,0.39,0.61,1
1713,2,0.13,0.28,0.44,0.69,0.82,1
1714,3,0.03,0.09,0.27,0.42,0.6,1
1715,3,0.11,0.18,0.29,0.41,0.57,1
1716,2,0.11,0.25,0.42,0.64,0.76,1
1717,2,0.19,0.36,0.49,0.65,0.83,1
1718,1,0.27,0.46,0.57,0.63,0.68,1
1719,1,0.3,0.42,0.59,0.71,0.87,1
1720,1,0.28,0.36,0.45,0.58,0.78,1
1721,4,0.03,0.07,0.14,0.37,0.54,1
1722,1,0.37,0.54,0.68,0.75,0.86,1
1723,1,0.27,0.34,0.41,0.54,0.63,1
1724,3,0.12,0.22,0.35,0.44,0.58,1
1725,2,0.15,0.33,0.46,0.48,0.65,1
1726,3,0.12,0.18,0.29,0.46,0.67,1
1727,4,0.08,0.17,0.23,0.34,0.55,1
1728,3,0.08,0.17,0.35,0.54,0.72,1
1729,2,0.14,0.28,0.41,0.55,0.77,1
1730,2,0.16,0.28,0.4,0.56,0.76,2
1731,1,0.34,0.59,0.73,0.8,0.89,1
1732,5,0.01,0.02,0.05,0.18,0.32,1
1733,1,0.31,0.45,0.7,0.84,0.9,3
1734,3,0.06,0.12,0.35,0.46,0.62,1
1735,1,0.33,0.5,0.66,0.8,0.91,1
1736,5,0.02,0.04,0.07,0.14,0.26,1
1737,4,0.04,0.09,0.12,0.27,0.4,1
1738,5,0.01,0.02,0.06,0.08,0.24,2
1739,4,0.07,0.1,0.14,0.31,0.51,1
1740,2,0.12,0.25,0.37,0.48,0.69,1
1741,1,0.33,0.52,0.69,0.84,0.91,1
1742,2,0.13,0.25,0.43,0.63,0.72,1
1743,2,0.21,0.33,0.46,0.6,0.74,1
1744,1,0.23,0.42,0.62,0.77,0.87,1
1745,2,0.12,0.28,0.41,0.61,0.72,1
1746,1,0.28,0.37,0.47,0.64,0.75,2
1747,5,0.04,0.06,0.08,0.21,0.36,1
1748,4,0.04,0.09,0.17,0.34,0.42,1
1749,1,0.3,0.4,0.47,0.62,0.77,1
1750,1,0.25,0.4,0.54,0.67,0.79,1
1751,5,0.04,0.05,0.09,0.17,0.26,1
1752,2,0.18,0.29,0.4,0.62,0.83,1
1753,3,0.07,0.15,0.3,0.53,0.73,1
1754,5,0.01,0.02,0.03,0.11,0.31,1
1755,3,0.08,0.16,0.3,0.55,0.69,1
1756,4,0.04,0.07,0.2,0.35,0.5,1
1757,1,0.36,0.56,0.76,0.86,0.88,2
1758,5,0.01,0.02,0.04,0.17,0.35,1
1759,2,0.25,0.3,0.4,0.56,0.7,1
1760,2,0.12,0.28,0.48,0.62,0.7,1
1761,4,0.03,0.08,0.17,0.34,0.56,1
1762,5,0,0.01,0.05,0.13,0.27,1
1763,2,0.11,0.29,0.41,0.51,0.67,1
1764,1,0.25,0.43,0.48,0.54,0.68,1
1765,5,0,0.02,0.05,0.14,0.23,1
1766,3,0.06,0.12,0.27,0.4,0.51,1
1767,3,0.05,0.1,0.27,0.38,0.51,1
1768,2,0.09,0.32,0.53,0.69,0.88,1
1769,1,0.24,0.4,0.51,0.7,0.81,1
1770,5,0.01,0.02,0.06,0.17,0.35,1
1771,2,0.19,0.33,0.5,0.7,0.83,1
1772,4,0.04,0.06,0.15,0.32,0.4,1
1773,2,0.1,0.28,0.45,0.56,0.69,2
1774,1,0.29,0.44,0.58,0.68,0.77,1
1775,3,0.06,0.15,0.32,0.53,0.71,1
1776,4,0.03,0.06,0.13,0.28,0.43,2
1777,2,0.18,0.35,0.54,0.7,0.84,1
1778,1,0.28,0.46,0.69,0.8,0.9,1
1779,3,0.06,0.15,0.32,0.49,0.64,1
1780,1,0.34,0.48,0.6,0.8,0.9,1
1781,5,0.01,0.02,0.06,0.11,0.37,1
1782,4,0.03,0.1,0.18,0.36,0.55,2
1783,4,0.03,0.1,0.13,0.25,0.44,1
1784,4,0.03,0.06,0.17,0.33,0.5,1
1785,3,0.09,0.1,0.33,0.56,0.71,1
1786,2,0.14,0.28,0.35,0.54,0.67,1
1787,5,0.01,0.07,0.14,0.23,0.35,1
1788,2,0.11,0.27,0.38,0.43,0.59,1
1789,5,0.01,0.02,0.1,0.19,0.36,1
1790,5,0.01,0.02,0.05,0.09,0.24,1
1791,4,0.01,0.04,0.1,0.29,0.48,1
1792,5,0.03,0.07,0.08,0.13,0.33,1
1793,1,0.26,0.42,0.51,0.72,0.81,1
1794,5,0.04,0.08,0.16,0.21,0.35,1
1795,5,0.01,0.05,0.09,0.21,0.35,1
1796,5,0.01,0.03,0.05,0.11,0.23,1
1797,1,0.3,0.46,0.65,0.75,0.89,1
1798,1,0.34,0.55,0.73,0.77,0.9,1
1799,2,0.12,0.35,0.53,0.6,0.79,1
1800,3,0.07,0.18,0.35,0.54,0.64,1
1801,4,0.03,0.07,0.16,0.37,0.48,1
1802,3,0.06,0.15,0.29,0.38,0.51,1
1803,5,0.01,0.03,0.06,0.11,0.26,1
1804,4,0.02,0.05,0.08,0.23,0.43,1
1805,4,0.02,0.05,0.12,0.25,0.4,1
1806,2,0.21,0.31,0.47,0.62,0.84,1
1807,2,0.16,0.36,0.43,0.66,0.84,1
1808,3,0.07,0.12,0.35,0.5,0.7,2
1809,4,0.01,0.04,0.08,0.25,0.39,1
1810,3,0.08,0.11,0.24,0.52,0.7,1
1811,5,0,0.01,0.04,0.1,0.24,1
1812,3,0.07,0.14,0.31,0.51,0.75,1
1813,2,0.14,0.33,0.42,0.61,0.77,1
1814,4,0.04,0.1,0.21,0.33,0.54,1
1815,1,0.35,0.57,0.73,0.83,0.92,1
1816,4,0.07,0.1,0.19,0.36,0.41,1
1817,5,0.01,0.02,0.04,0.1,0.25,1
1818,3,0.03,0.11,0.27,0.39,0.62,1
1819,1,0.35,0.55,0.68,0.81,0.89,1
1820,4,0.02,0.05,0.14,0.36,0.5,1
1821,2,0.15,0.32,0.42,0.6,0.72,1
1822,2,0.15,0.37,0.57,0.7,0.8,1
1823,1,0.3,0.49,0.61,0.75,0.9,1
1824,3,0.13,0.19,0.32,0.44,0.57,1
1825,2,0.16,0.26,0.51,0.65,0.76,2
1826,4,0.01,0.03,0.11,0.33,0.47,1
1827,5,0.01,0.02,0.06,0.16,0.35,1
1828,3,0.06,0.2,0.34,0.54,0.67,1
1829,3,0.08,0.16,0.3,0.42,0.63,1
1830,1,0.37,0.51,0.65,0.79,0.88,1
1831,3,0.06,0.15,0.3,0.41,0.53,1
1832,4,0.01,0.03,0.09,0.28,0.38,1
1833,3,0.11,0.22,0.36,0.53,0.74,1
1834,4,0.04,0.09,0.18,0.37,0.55,1
1835,4,0.03,0.06,0.16,0.37,0.57,1
1836,1,0.35,0.48,0.71,0.83,0.88,1
1837,3,0.06,0.17,0.31,0.47,0.57,2
1838,2,0.15,0.3,0.47,0.63,0.78,1
1839,2,0.15,0.27,0.34,0.48,0.68,1
1840,1,0.29,0.46,0.54,0.67,0.79,1
1841,3,0.06,0.12,0.28,0.43,0.57,1
1842,3,0.05,0.13,0.28,0.46,0.52,2
1843,2,0.12,0.28,0.54,0.71,0.87,1
1844,2,0.18,0.33,0.37,0.42,0.49,1
1845,5,0.02,0.04,0.07,0.14,0.34,1
1846,5,0.02,0.04,0.1,0.16,0.34,2
1847,5,0.02,0.03,0.06,0.18,0.35,1
1848,5,0.01,0.02,0.06,0.2,0.35,1
1849,3,0.06,0.13,0.27,0.53,0.66,1
1850,3,0.06,0.11,0.27,0.37,0.55,1
1851,4,0.01,0.02,0.12,0.27,0.42,1
1852,2,0.12,0.29,0.42,0.58,0.71,1
1853,1,0.32,0.46,0.57,0.77,0.87,1
1854,1,0.31,0.5,0.71,0.84,0.9,1
1855,4,0.01,0.05,0.13,0.27,0.36,1
1856,4,0.02,0.08,0.12,0.27,0.49,1
1857,2,0.15,0.33,0.41,0.51,0.67,1
1858,4,0.02,0.05,0.14,0.33,0.46,1
1859,4,0.07,0.11,0.16,0.29,0.43,1
1860,3,0.06,0.09,0.27,0.45,0.68,1
1861,2,0.09,0.31,0.45,0.54,0.73,1
1862,3,0.09,0.14,0.24,0.37,0.53,3
1863,4,0.01,0.03,0.1,0.27,0.44,1
1864,3,0.12,0.21,0.32,0.38,0.52,1
1865,2,0.09,0.24,0.4,0.46,0.62,1
1866,2,0.16,0.25,0.38,0.5,0.69,1
1867,3,0.06,0.15,0.37,0.54,0.64,1
1868,4,0.04,0.07,0.13,0.29,0.43,1
1869,3,0.07,0.16,0.34,0.44,0.46,1
1870,1,0.36,0.52,0.68,0.8,0.91,1
1871,4,0.06,0.11,0.25,0.32,0.48,1
1872,3,0.09,0.16,0.26,0.42,0.55,1
1873,5,0.01,0.02,0.04,0.14,0.27,2
1874,1,0.34,0.62,0.8,0.92,0.96,1
1875,4,0.03,0.08,0.15,0.28,0.43,1
1876,4,0.02,0.05,0.08,0.3,0.46,1
1877,4,0.06,0.12,0.16,0.28,0.46,1
1878,4,0.01,0.06,0.15,0.3,0.4,1
1879,2,0.14,0.25,0.39,0.55,0.72,1
1880,5,0.01,0.04,0.09,0.22,0.32,1
1881,2,0.12,0.33,0.43,0.59,0.73,1
1882,5,0.01,0.04,0.07,0.13,0.32,1
1883,1,0.26,0.39,0.56,0.68,0.83,1
1884,1,0.32,0.51,0.6,0.75,0.89,1
1885,5,0.01,0.02,0.1,0.15,0.31,3
1886,5,0.02,0.04,0.11,0.2,0.36,1
1887,1,0.37,0.47,0.56,0.63,0.81,1
1888,4,0.03,0.08,0.22,0.36,0.44,1
1889,3,0.07,0.14,0.31,0.48,0.56,1
1890,4,0.04,0.06,0.12,0.23,0.5,1
1891,2,0.22,0.34,0.59,0.73,0.9,1
1892,2,0.11,0.31,0.51,0.68,0.81,1
1893,5,0.01,0.02,0.06,0.1,0.25,1
1894,3,0.06,0.11,0.3,0.43,0.62,1
1895,5,0.03,0.04,0.07,0.1,0.27,1
1896,4,0.03,0.07,0.12,0.28,0.36,1
1897,3,0.06,0.1,0.3,0.42,0.62,1
1898,4,0.03,0.09,0.18,0.36,0.48,1
1899,2,0.11,0.27,0.42,0.59,0.68,1
1900,4,0.01,0.04,0.14,0.35,0.55,1
1901,4,0.05,0.16,0.23,0.29,0.48,1
1902,4,0.02,0.07,0.19,0.34,0.49,1
1903,3,0.05,0.13,0.28,0.42,0.66,1
1904,3,0.09,0.12,0.25,0.48,0.59,1
1905,4,0.04,0.11,0.19,0.34,0.46,1
1906,2,0.19,0.36,0.58,0.74,0.79,1
1907,5,0,0.02,0.04,0.12,0.29,1
1908,3,0.07,0.15,0.31,0.43,0.67,1
1909,5,0.01,0.02,0.04,0.11,0.24,1
1910,3,0.09,0.18,0.31,0.45,0.53,1
1911,2,0.15,0.24,0.38,0.47,0.63,1
1912,3,0.09,0.23,0.32,0.54,0.7,1
1913,5,0.02,0.06,0.09,0.24,0.3,1
1914,3,0.1,0.18,0.3,0.48,0.57,1
1915,5,0.02,0.03,0.08,0.17,0.29,1
1916,5,0.01,0.02,0.06,0.21,0.26,1
1917,2,0.15,0.27,0.35,0.56,0.63,1
1918,1,0.26,0.37,0.66,0.78,0.89,1
1919,5,0.01,0.02,0.06,0.13,0.26,1
1920,2,0.14,0.23,0.39,0.46,0.55,1
1921,2,0.05,0.23,0.38,0.58,0.69,1
1922,1,0.34,0.42,0.64,0.72,0.83,1
1923,3,0.05,0.14,0.25,0.36,0.52,1
1924,5,0.02,0.03,0.09,0.18,0.25,1
1925,3,0.04,0.14,0.3,0.41,0.54,1
1926,3,0.03,0.13,0.26,0.37,0.56,1
1927,3,0.1,0.17,0.29,0.36,0.51,1
1928,5,0.01,0.03,0.07,0.19,0.37,1
1929,1,0.3,0.4,0.55,0.73,0.81,1
1930,2,0.13,0.25,0.39,0.58,0.7,1
1931,5,0.01,0.03,0.06,0.14,0.3,1
1932,5,0.01,0.02,0.07,0.14,0.3,1
1933,3,0.06,0.16,0.31,0.51,0.66,1
1934,1,0.26,0.44,0.62,0.81,0.88,3
1935,3,0.11,0.23,0.35,0.55,0.74,1
1936,2,0.12,0.34,0.47,0.59,0.73,1
1937,3,0.1,0.15,0.37,0.49,0.69,1
1938,5,0.01,0.02,0.07,0.13,0.24,2
1939,3,0.09,0.21,0.32,0.39,0.63,1
1940,4,0.04,0.06,0.14,0.23,0.42,1
1941,2,0.17,0.31,0.55,0.74,0.79,2
1942,4,0.02,0.05,0.1,0.34,0.45,1
1943,2,0.14,0.27,0.39,0.59,0.78,1
1944,1,0.3,0.46,0.63,0.75,0.88,1
1945,3,0.1,0.17,0.33,0.52,0.62,2
1946,4,0.03,0.06,0.14,0.27,0.44,2
1947,4,0.02,0.08,0.19,0.33,0.47,1
1948,5,0.02,0.04,0.08,0.16,0.33,1
1949,2,0.14,0.33,0.49,0.64,0.77,3
1950,2,0.18,0.34,0.57,0.77,0.83,3
1951,3,0.06,0.1,0.28,0.37,0.49,2
1952,1,0.33,0.45,0.57,0.75,0.88,1
1953,5,0.02,0.06,0.1,0.16,0.26,1
1954,1,0.35,0.52,0.63,0.74,0.81,2
1955,5,0.01,0.02,0.05,0.11,0.29,1
1956,1,0.31,0.59,0.8,0.89,0.96,1
1957,4,0.03,0.09,0.19,0.29,0.46,1
1958,2,0.15,0.33,0.49,0.62,0.76,1
1959,1,0.28,0.41,0.62,0.76,0.88,1
1960,3,0.06,0.14,0.26,0.37,0.54,1
1961,3,0.03,0.07,0.23,0.37,0.54,1
1962,2,0.14,0.33,0.49,0.65,0.75,1
1963,5,0.01,0.04,0.09,0.22,0.37,1
1964,4,0.06,0.13,0.23,0.33,0.54,1
1965,4,0.02,0.06,0.13,0.28,0.43,1
1966,3,0.14,0.25,0.33,0.46,0.62,1
1967,3,0.04,0.11,0.31,0.46,0.66,1
1968,4,0.02,0.05,0.15,0.23,0.4,1
1969,1,0.23,0.42,0.59,0.75,0.85,1
1970,1,0.29,0.43,0.55,0.65,0.77,2
1971,4,0.04,0.1,0.19,0.37,0.55,1
1972,4,0.03,0.06,0.13,0.27,0.43,1
1973,4,0.01,0.04,0.09,0.28,0.38,1
1974,1,0.27,0.37,0.58,0.83,0.89,1
1975,1,0.35,0.58,0.69,0.74,0.89,1
1976,5,0,0.01,0.04,0.08,0.25,1
1977,1,0.29,0.4,0.53,0.66,0.76,1
1978,5,0.01,0.03,0.04,0.16,0.36,1
1979,3,0.08,0.2,0.34,0.57,0.62,1
1980,3,0.06,0.16,0.3,0.57,0.79,1
1981,2,0.26,0.32,0.46,0.64,0.78,1
1982,4,0.05,0.08,0.21,0.33,0.38,2
1983,5,0.01,0.03,0.08,0.15,0.23,2
1984,2,0.17,0.37,0.51,0.72,0.83,1
1985,5,0.02,0.03,0.05,0.18,0.32,1
1986,3,0.06,0.21,0.36,0.49,0.59,1
1987,2,0.11,0.36,0.56,0.62,0.82,1
1988,3,0.05,0.14,0.25,0.38,0.57,1
1989,1,0.24,0.54,0.66,0.8,0.92,1
1990,1,0.29,0.5,0.74,0.81,0.9,1
1991,4,0.05,0.13,0.15,0.29,0.44,1
1992,3,0.03,0.11,0.26,0.4,0.63,1
1993,5,0.01,0.03,0.06,0.16,0.33,1
1994,1,0.29,0.37,0.5,0.66,0.74,1
1995,3,0.07,0.21,0.32,0.49,0.62,2
1996,2,0.17,0.36,0.49,0.68,0.82,1
1997,2,0.09,0.23,0.37,0.53,0.62,1
1998,3,0.09,0.18,0.28,0.43,0.64,2
1999,2,0.15,0.25,0.4,0.62,0.79,1
2000,2,0.13,0.31,0.43,0.57,0.76,1
2001,3,0.05,0.15,0.34,0.49,0.65,1
2002,1,0.31,0.54,0.72,0.84,0.92,2
2003,1,0.23,0.39,0.45,0.56,0.73,1
2004,1,0.31,0.48,0.68,0.72,0.87,1
2005,1,0.34,0.48,0.66,0.75,0.83,1
2006,5,0.01,0.04,0.09,0.2,0.31,1
2007,2,0.11,0.25,0.41,0.55,0.72,1
2008,1,0.3,0.38,0.54,0.63,0.74,1
2009,4,0.05,0.09,0.16,0.3,0.45,1
2010,4,0.04,0.09,0.2,0.33,0.45,1
2011,3,0.04,0.08,0.25,0.41,0.57,1
2012,2,0.1,0.25,0.36,0.51,0.63,2
2013,4,0.02,0.05,0.13,0.34,0.46,5
2014,5,0.04,0.06,0.09,0.14,0.37,1
2015,1,0.29,0.41,0.54,0.74,0.83,1
2016,5,0.04,0.08,0.12,0.25,0.34,1
2017,3,0.07,0.16,0.3,0.51,0.63,1
2018,1,0.33,0.41,0.61,0.75,0.83,1
2019,5,0.02,0.03,0.06,0.13,0.32,1
2020,3,0.11,0.22,0.37,0.61,0.76,1
2021,3,0.08,0.17,0.35,0.47,0.62,1
2022,1,0.31,0.45,0.61,0.74,0.8,1
2023,2,0.16,0.33,0.47,0.6,0.75,1
2024,4,0.03,0.05,0.08,0.28,0.49,1
2025,3,0.08,0.15,0.36,0.47,0.56,1
2026,1,0.3,0.45,0.62,0.72,0.78,1
2027,4,0.02,0.04,0.19,0.28,0.46,3
2028,3,0.03,0.13,0.31,0.44,0.64,1
2029,1,0.35,0.42,0.57,0.69,0.8,1
2030,4,0.03,0.07,0.14,0.26,0.37,1
2031,1,0.37,0.48,0.61,0.69,0.81,1
2032,5,0.02,0.04,0.07,0.17,0.31,1
2033,5,0.02,0.04,0.08,0.17,0.35,1
2034,2,0.18,0.32,0.45,0.56,0.74,1
2035,3,0.07,0.21,0.37,0.54,0.66,1
2036,5,0.01,0.02,0.04,0.11,0.28,1
2037,3,0.08,0.13,0.25,0.41,0.6,3
2038,4,0.03,0.06,0.2,0.34,0.56,1
2039,1,0.37,0.52,0.62,0.75,0.85,1
2040,5,0.02,0.04,0.06,0.15,0.31,2
2041,2,0.13,0.32,0.44,0.66,0.78,1
2042,3,0.1,0.13,0.26,0.45,0.62,1
2043,1,0.29,0.46,0.64,0.78,0.83,1
2044,4,0.04,0.1,0.2,0.32,0.47,1
2045,4,0.02,0.04,0.16,0.37,0.53,1
2046,5,0.01,0.03,0.06,0.19,0.33,1
2047,3,0.08,0.18,0.34,0.58,0.68,1
2048,3,0.09,0.22,0.32,0.56,0.7,1
2049,4,0.03,0.09,0.11,0.27,0.37,1
2050,3,0.1,0.18,0.28,0.44,0.59,1
2051,2,0.16,0.32,0.45,0.52,0.7,1
2052,4,0.05,0.09,0.16,0.35,0.46,1
2053,5,0.01,0.02,0.06,0.15,0.24,4
2054,5,0.01,0.03,0.09,0.18,0.29,1
2055,2,0.16,0.35,0.54,0.72,0.85,2
2056,2,0.22,0.37,0.57,0.68,0.8,1
2057,3,0.11,0.22,0.34,0.49,0.59,2
2058,4,0.04,0.07,0.13,0.3,0.36,2
2059,2,0.12,0.25,0.36,0.49,0.71,1
2060,1,0.3,0.56,0.74,0.85,0.92,1
2061,2,0.15,0.33,0.57,0.71,0.82,1
2062,2,0.15,0.28,0.42,0.6,0.77,1
2063,2,0.21,0.35,0.47,0.57,0.66,1
2064,3,0.06,0.15,0.26,0.41,0.52,1
2065,4,0.04,0.08,0.15,0.3,0.41,1
2066,4,0.04,0.09,0.13,0.27,0.39,1
2067,5,0.01,0.02,0.06,0.17,0.24,1
2068,2,0.16,0.31,0.37,0.48,0.64,1
2069,1,0.29,0.47,0.67,0.72,0.87,1
2070,2,0.17,0.26,0.39,0.56,0.7,1
2071,2,0.14,0.31,0.48,0.62,0.7,1
2072,5,0.02,0.04,0.11,0.2,0.31,1
2073,2,0.17,0.3,0.4,0.59,0.71,1
2074,1,0.32,0.51,0.65,0.77,0.86,1
2075,5,0.01,0.03,0.1,0.21,0.35,1
2076,1,0.35,0.55,0.61,0.77,0.88,2
2077,5,0.01,0.04,0.06,0.15,0.34,2
2078,5,0.03,0.04,0.08,0.2,0.32,1
2079,1,0.27,0.38,0.48,0.66,0.8,1
2080,4,0.03,0.07,0.21,0.29,0.36,1
2081,4,0.04,0.07,0.16,0.32,0.52,2
2082,4,0.03,0.07,0.15,0.37,0.42,2
2083,1,0.23,0.48,0.68,0.85,0.89,1
2084,4,0.02,0.07,0.14,0.34,0.48,1
2085,5,0.02,0.04,0.1,0.23,0.36,4
2086,5,0.02,0.03,0.05,0.13,0.28,1
2087,2,0.15,0.31,0.45,0.55,0.7,2
2088,3,0.09,0.17,0.29,0.32,0.44,1
2089,2,0.1,0.27,0.5,0.63,0.8,1
2090,5,0.01,0.03,0.07,0.21,0.31,1
2091,4,0.01,0.05,0.12,0.26,0.46,1
2092,2,0.1,0.28,0.42,0.64,0.8,2
2093,3,0.06,0.14,0.31,0.42,0.58,1
2094,4,0.03,0.07,0.15,0.35,0.49,1
2095,5,0.02,0.05,0.07,0.11,0.28,1
2096,5,0.02,0.04,0.09,0.15,0.26,1
2097,2,0.19,0.36,0.49,0.75,0.83,2
2098,2,0.11,0.28,0.4,0.57,0.78,2
2099,1,0.29,0.43,0.6,0.73,0.81,1
2100,3,0.05,0.14,0.29,0.46,0.63,1
2101,5,0.01,0.04,0.08,0.2,0.31,1
2102,2,0.19,0.3,0.46,0.61,0.81,1
2103,2,0.19,0.36,0.51,0.54,0.71,2
2104,1,0.23,0.5,0.59,0.75,0.85,1
2105,3,0.06,0.17,0.32,0.46,0.63,1
2106,3,0.09,0.14,0.33,0.51,0.63,1
2107,2,0.23,0.3,0.43,0.62,0.76,1
2108,4,0.02,0.06,0.21,0.37,0.51,1
2109,4,0.03,0.09,0.16,0.33,0.5,3
2110,4,0.05,0.13,0.18,0.28,0.47,1
2111,3,0.05,0.19,0.31,0.41,0.58,1
2112,2,0.16,0.29,0.4,0.59,0.74,1
2113,2,0.18,0.31,0.57,0.61,0.68,1
2114,4,0.04,0.07,0.2,0.37,0.46,2
2115,2,0.08,0.25,0.35,0.5,0.75,1
2116,3,0.07,0.17,0.33,0.47,0.6,1
2117,5,0,0.01,0.03,0.08,0.25,1
2118,1,0.27,0.52,0.71,0.84,0.87,1
2119,4,0.03,0.06,0.19,0.3,0.38,1
2120,4,0.05,0.12,0.25,0.34,0.5,2
2121,5,0.01,0.02,0.07,0.15,0.3,1
2122,5,0.01,0.03,0.05,0.14,0.25,1
2123,4,0.01,0.04,0.1,0.28,0.38,1
2124,5,0.02,0.03,0.09,0.21,0.34,2
2125,3,0.04,0.14,0.32,0.39,0.57,1
2126,3,0.03,0.1,0.37,0.54,0.69,1
2127,2,0.19,0.34,0.42,0.56,0.68,1
2128,5,0.01,0.02,0.08,0.14,0.24,1
2129,4,0.02,0.08,0.18,0.32,0.4,1
2130,5,0.03,0.07,0.15,0.22,0.37,1
2131,4,0.02,0.03,0.12,0.36,0.52,1
2132,5,0.01,0.02,0.04,0.12,0.28,1
2133,3,0.04,0.11,0.25,0.41,0.55,1
2134,5,0.02,0.04,0.08,0.19,0.3,1
2135,4,0.03,0.04,0.13,0.3,0.48,1
2136,1,0.34,0.51,0.66,0.76,0.88,1
2137,5,0.01,0.03,0.09,0.14,0.3,1
2138,1,0.29,0.54,0.68,0.82,0.92,1
2139,4,0.08,0.13,0.19,0.35,0.47,1
2140,3,0.05,0.17,0.36,0.57,0.77,1
2141,1,0.33,0.45,0.57,0.74,0.83,1
2142,4,0.01,0.04,0.12,0.24,0.41,1
2143,4,0.07,0.11,0.2,0.32,0.4,1
2144,2,0.14,0.3,0.41,0.58,0.73,1
2145,1,0.36,0.54,0.69,0.85,0.89,1
2146,1,0.26,0.42,0.51,0.65,0.83,1
2147,5,0.02,0.03,0.07,0.21,0.36,1
2148,3,0.06,0.15,0.28,0.45,0.65,1
2149,5,0.01,0.02,0.08,0.14,0.3,1
2150,2,0.13,0.36,0.57,0.65,0.77,1
2151,5,0.01,0.03,0.06,0.17,0.35,1
2152,4,0.04,0.06,0.12,0.29,0.47,1
2153,2,0.15,0.29,0.39,0.49,0.7,1
2154,2,0.13,0.27,0.43,0.48,0.6,1
2155,4,0.02,0.07,0.13,0.26,0.43,1
2156,1,0.34,0.5,0.62,0.76,0.79,1
2157,4,0.02,0.08,0.15,0.36,0.44,1
2158,2,0.15,0.27,0.42,0.6,0.71,1
2159,4,0.04,0.06,0.13,0.28,0.43,1
2160,1,0.3,0.47,0.65,0.74,0.87,1
2161,4,0.03,0.09,0.22,0.3,0.38,1
2162,2,0.11,0.26,0.41,0.61,0.8,2
2163,4,0.02,0.05,0.13,0.31,0.48,1
2164,1,0.34,0.47,0.67,0.8,0.87,1
2165,5,0.02,0.03,0.08,0.24,0.33,1
2166,5,0.03,0.04,0.09,0.17,0.35,1
2167,5,0.02,0.04,0.1,0.18,0.31,1
2168,1,0.34,0.53,0.69,0.86,0.92,1
2169,5,0,0.01,0.03,0.11,0.24,1
2170,4,0.01,0.03,0.1,0.29,0.42,3
2171,1,0.25,0.49,0.72,0.85,0.92,1
2172,5,0.01,0.04,0.09,0.12,0.28,1
2173,2,0.18,0.34,0.52,0.73,0.8,1
2174,2,0.06,0.26,0.34,0.61,0.73,1
2175,1,0.35,0.52,0.62,0.74,0.83,1
2176,2,0.14,0.25,0.42,0.62,0.75,1
2177,2,0.22,0.37,0.58,0.81,0.87,1
2178,2,0.17,0.26,0.44,0.65,0.78,2
2179,1,0.26,0.45,0.61,0.65,0.75,1
2180,3,0.1,0.13,0.23,0.38,0.49,1
2181,4,0.02,0.03,0.07,0.23,0.39,1
2182,1,0.24,0.37,0.46,0.66,0.74,1
2183,3,0.04,0.13,0.35,0.51,0.66,1
2184,4,0.05,0.09,0.2,0.35,0.52,1
2185,3,0.05,0.14,0.29,0.5,0.63,1
2186,3,0.04,0.13,0.26,0.4,0.58,1
2187,3,0.08,0.13,0.26,0.4,0.55,1
2188,1,0.34,0.42,0.57,0.77,0.9,1
2189,4,0.03,0.07,0.19,0.31,0.44,1
2190,4,0.03,0.08,0.13,0.3,0.48,1
2191,3,0.04,0.12,0.34,0.43,0.59,2
2192,3,0.06,0.13,0.28,0.39,0.61,1
2193,5,0.01,0.02,0.06,0.15,0.25,1
2194,3,0.03,0.11,0.33,0.47,0.59,1
2195,2,0.17,0.28,0.4,0.48,0.67,2
2196,5,0.01,0.04,0.1,0.17,0.25,1
2197,2,0.18,0.37,0.43,0.59,0.75,1
2198,1,0.24,0.36,0.53,0.67,0.77,1
2199,5,0.01,0.04,0.1,0.23,0.33,1
2200,3,0.12,0.2,0.36,0.47,0.66,2
2201,5,0.01,0.02,0.06,0.18,0.37,1
2202,1,0.36,0.53,0.72,0.81,0.91,1
2203,1,0.27,0.34,0.48,0.64,0.73,1
2204,1,0.23,0.44,0.62,0.76,0.83,1
2205,2,0.12,0.29,0.45,0.73,0.86,1
2206,5,0.02,0.05,0.09,0.16,0.32,2
2207,2,0.18,0.32,0.44,0.53,0.71,4
2208,2,0.13,0.25,0.36,0.44,0.57,1
2209,3,0.05,0.09,0.26,0.39,0.55,1
2210,1,0.37,0.5,0.67,0.84,0.89,1
2211,1,0.35,0.49,0.68,0.79,0.83,1
2212,1,0.29,0.41,0.56,0.73,0.84,1
2213,1,0.33,0.48,0.68,0.79,0.88,1
2214,2,0.11,0.29,0.46,0.49,0.65,1
2215,1,0.33,0.46,0.68,0.84,0.9,1
2216,4,0.04,0.09,0.19,0.33,0.47,1
2217,3,0.08,0.13,0.31,0.43,0.57,1
2218,2,0.19,0.3,0.53,0.7,0.76,1
2219,3,0.09,0.17,0.37,0.54,0.58,1
2220,1,0.31,0.52,0.65,0.71,0.72,1
2221,5,0.01,0.03,0.08,0.22,0.37,1
2222,3,0.04,0.11,0.27,0.5,0.64,1
2223,3,0.04,0.07,0.25,0.38,0.49,1
2224,2,0.17,0.31,0.49,0.59,0.75,1
2225,5,0.01,0.02,0.07,0.14,0.24,1
2226,3,0.07,0.21,0.36,0.55,0.72,1
2227,2,0.14,0.28,0.48,0.57,0.77,1
2228,1,0.26,0.4,0.55,0.69,0.85,1
2229,4,0.01,0.04,0.15,0.35,0.53,1
2230,2,0.17,0.3,0.49,0.74,0.86,1
2231,3,0.06,0.18,0.3,0.43,0.6,1
2232,4,0.02,0.06,0.16,0.34,0.5,1
2233,5,0.02,0.03,0.07,0.21,0.36,2
2234,2,0.11,0.29,0.58,0.78,0.87,1
2235,2,0.16,0.28,0.42,0.55,0.59,1
2236,3,0.09,0.2,0.36,0.52,0.63,1
2237,5,0.01,0.03,0.08,0.11,0.28,1
2238,1,0.32,0.47,0.67,0.8,0.85,1
2239,1,0.3,0.49,0.66,0.8,0.87,2
2240,4,0.1,0.15,0.21,0.31,0.52,1
2241,3,0.06,0.12,0.31,0.48,0.59,1
2242,5,0,0.01,0.03,0.12,0.27,1
2243,5,0.01,0.03,0.08,0.16,0.27,2
2244,2,0.15,0.31,0.41,0.56,0.7,1
2245,3,0.07,0.16,0.29,0.44,0.57,1
2246,4,0.01,0.06,0.17,0.35,0.48,1
2247,2,0.17,0.28,0.48,0.63,0.81,1
2248,5,0.01,0.02,0.08,0.19,0.33,1
2249,4,0.03,0.08,0.12,0.27,0.42,1
2250,1,0.26,0.4,0.56,0.66,0.77,3
2251,1,0.34,0.53,0.72,0.83,0.89,2
2252,2,0.1,0.24,0.42,0.57,0.74,1
2253,5,0.03,0.07,0.11,0.19,0.27,1
2254,5,0.02,0.04,0.08,0.22,0.35,1
2255,3,0.08,0.19,0.35,0.49,0.65,1
2256,4,0.06,0.1,0.17,0.35,0.52,1
2257,5,0.02,0.05,0.07,0.17,0.31,1
2258,5,0.01,0.04,0.07,0.15,0.33,1
2259,5,0.01,0.02,0.04,0.11,0.28,1
2260,1,0.34,0.44,0.64,0.73,0.81,1
2261,2,0.16,0.24,0.37,0.55,0.73,1
2262,2,0.2,0.29,0.48,0.65,0.78,1
2263,4,0.05,0.11,0.15,0.26,0.43,1
2264,1,0.34,0.52,0.7,0.86,0.93,1
2265,5,0.02,0.03,0.11,0.21,0.37,1
2266,2,0.23,0.33,0.53,0.71,0.84,1
2267,3,0.1,0.15,0.28,0.36,0.5,1
2268,3,0.06,0.14,0.37,0.48,0.61,1
2269,3,0.08,0.15,0.26,0.35,0.56,3
2270,1,0.35,0.56,0.68,0.83,0.91,1
2271,2,0.11,0.27,0.4,0.62,0.78,1
2272,1,0.37,0.55,0.61,0.73,0.85,2
2273,3,0.08,0.21,0.31,0.51,0.65,1
2274,2,0.12,0.27,0.44,0.62,0.67,1
2275,4,0.02,0.07,0.15,0.28,0.34,1
2276,3,0.09,0.12,0.27,0.41,0.59,2
2277,4,0.03,0.11,0.18,0.37,0.53,1
2278,5,0.01,0.02,0.06,0.1,0.23,1
2279,5,0,0.01,0.03,0.1,0.25,1
2280,1,0.36,0.59,0.72,0.84,0.94,1
2281,3,0.08,0.17,0.23,0.41,0.53,1
2282,1,0.31,0.49,0.67,0.79,0.86,1
2283,1,0.3,0.51,0.68,0.8,0.87,1
2284,3,0.05,0.15,0.36,0.5,0.71,1
2285,1,0.35,0.53,0.61,0.78,0.84,1
2286,3,0.05,0.09,0.29,0.62,0.83,1
2287,4,0.03,0.07,0.15,0.29,0.37,1
2288,5,0.01,0.02,0.03,0.11,0.26,1
2289,4,0.04,0.07,0.17,0.24,0.41,2
2290,2,0.18,0.31,0.45,0.74,0.85,1
2291,3,0.14,0.24,0.33,0.56,0.61,1
2292,3,0.08,0.23,0.32,0.45,0.68,1
2293,2,0.25,0.3,0.4,0.61,0.81,1
2294,3,0.04,0.11,0.28,0.33,0.41,1
2295,1,0.24,0.37,0.53,0.55,0.73,1
2296,2,0.11,0.24,0.44,0.65,0.81,1
2297,4,0.02,0.07,0.15,0.25,0.53,1
2298,1,0.27,0.34,0.38,0.48,0.67,1
2299,4,0.02,0.04,0.1,0.29,0.43,1
2300,1,0.3,0.46,0.66,0.71,0.8,1
2301,1,0.33,0.45,0.5,0.55,0.61,1
2302,3,0.08,0.16,0.31,0.38,0.47,1
2303,4,0.01,0.03,0.11,0.29,0.36,1
2304,3,0.05,0.11,0.33,0.45,0.55,1
2305,3,0.04,0.13,0.27,0.44,0.59,1
2306,4,0.03,0.07,0.17,0.37,0.48,1
2307,1,0.26,0.41,0.54,0.69,0.81,1
2308,1,0.25,0.39,0.52,0.69,0.81,1
2309,3,0.05,0.09,0.27,0.4,0.53,1
2310,1,0.28,0.43,0.58,0.75,0.86,1
2311,2,0.14,0.34,0.55,0.7,0.85,1
2312,3,0.07,0.14,0.35,0.54,0.68,2
2313,2,0.12,0.28,0.38,0.51,0.63,1
2314,3,0.13,0.17,0.34,0.51,0.68,1
2315,1,0.32,0.51,0.72,0.83,0.9,1
2316,3,0.04,0.11,0.31,0.35,0.49,1
2317,3,0.05,0.13,0.27,0.44,0.65,1
2318,3,0.08,0.14,0.29,0.37,0.52,1
2319,4,0.02,0.05,0.1,0.25,0.47,1
2320,2,0.13,0.3,0.4,0.59,0.82,1
2321,2,0.12,0.33,0.52,0.65,0.83,2
2322,2,0.2,0.34,0.44,0.55,0.71,1
2323,3,0.06,0.16,0.25,0.43,0.61,1
2324,2,0.1,0.25,0.5,0.68,0.84,1
2325,1,0.35,0.62,0.73,0.84,0.92,1
2326,5,0.02,0.04,0.05,0.15,0.35,2
2327,5,0,0.01,0.03,0.06,0.23,1
2328,4,0.03,0.06,0.14,0.36,0.6,3
2329,1,0.26,0.35,0.47,0.65,0.78,1
2330,4,0.03,0.06,0.11,0.28,0.44,1
2331,3,0.08,0.16,0.28,0.44,0.6,1
2332,3,0.09,0.17,0.3,0.43,0.63,1
2333,5,0.01,0.02,0.04,0.11,0.25,1
2334,4,0.02,0.09,0.2,0.32,0.57,1
2335,5,0.02,0.05,0.07,0.17,0.31,1
2336,5,0.01,0.02,0.06,0.16,0.31,2
2337,5,0,0.01,0.03,0.09,0.23,1
2338,4,0.11,0.2,0.26,0.32,0.48,1
2339,1,0.3,0.45,0.55,0.67,0.8,1
2340,4,0.05,0.09,0.16,0.33,0.48,1
2341,5,0.02,0.04,0.08,0.14,0.31,1
2342,4,0.03,0.12,0.13,0.3,0.49,1
2343,2,0.09,0.26,0.36,0.47,0.76,1
2344,3,0.06,0.17,0.31,0.56,0.73,1
2345,2,0.17,0.34,0.55,0.72,0.84,1
2346,2,0.18,0.36,0.55,0.65,0.72,1
2347,4,0.01,0.05,0.12,0.37,0.51,2
2348,5,0.02,0.05,0.1,0.17,0.34,1
2349,5,0.02,0.04,0.11,0.2,0.36,1
2350,2,0.17,0.31,0.43,0.65,0.78,1
2351,4,0.01,0.03,0.08,0.31,0.53,1
2352,4,0.03,0.1,0.19,0.33,0.47,1
2353,1,0.27,0.45,0.59,0.79,0.91,1
2354,4,0.05,0.08,0.23,0.33,0.56,1
2355,3,0.06,0.1,0.25,0.46,0.57,2
2356,5,0.02,0.05,0.09,0.16,0.29,1
2357,4,0.05,0.09,0.17,0.29,0.44,1
2358,3,0.1,0.23,0.33,0.48,0.57,1
2359,3,0.06,0.14,0.33,0.53,0.74,1
2360,5,0.02,0.03,0.09,0.14,0.23,1
2361,3,0.05,0.1,0.26,0.47,0.63,1
2362,2,0.15,0.36,0.45,0.61,0.83,1
2363,1,0.26,0.41,0.53,0.75,0.89,1
2364,1,0.31,0.38,0.51,0.66,0.81,1
2365,5,0.04,0.05,0.11,0.22,0.28,1
2366,1,0.24,0.5,0.71,0.8,0.85,2
2367,5,0.01,0.02,0.06,0.11,0.24,1
2368,2,0.16,0.34,0.45,0.65,0.78,1
2369,4,0.07,0.11,0.16,0.28,0.42,1
2370,2,0.13,0.28,0.36,0.59,0.73,1
2371,3,0.03,0.07,0.28,0.43,0.69,1
2372,4,0.01,0.05,0.1,0.32,0.39,1
2373,4,0.05,0.13,0.22,0.37,0.58,1
2374,4,0.05,0.17,0.28,0.29,0.56,1
2375,5,0,0.01,0.03,0.09,0.31,1
2376,3,0.14,0.22,0.31,0.52,0.71,1
2377,1,0.33,0.51,0.69,0.81,0.88,1
2378,5,0.01,0.04,0.09,0.23,0.35,1
2379,1,0.36,0.54,0.73,0.8,0.9,2
2380,5,0.01,0.03,0.06,0.14,0.25,1
2381,1,0.3,0.34,0.45,0.58,0.78,1
2382,4,0.06,0.1,0.21,0.37,0.49,1
2383,2,0.13,0.26,0.42,0.65,0.76,1
2384,2,0.15,0.28,0.35,0.49,0.61,1
2385,2,0.18,0.33,0.43,0.5,0.66,1
2386,1,0.34,0.48,0.62,0.73,0.86,1
2387,2,0.22,0.36,0.55,0.79,0.86,1
2388,4,0.02,0.05,0.12,0.33,0.47,1
2389,1,0.33,0.45,0.71,0.77,0.87,1
2390,2,0.17,0.36,0.49,0.7,0.8,1
2391,1,0.26,0.36,0.53,0.62,0.75,1
2392,3,0.08,0.14,0.31,0.5,0.63,1
2393,1,0.36,0.49,0.68,0.87,0.94,1
2394,5,0.01,0.02,0.05,0.16,0.26,1
2395,1,0.33,0.52,0.67,0.83,0.91,2
2396,2,0.18,0.31,0.51,0.72,0.82,1
2397,4,0.03,0.05,0.14,0.36,0.44,1
2398,3,0.09,0.19,0.35,0.49,0.63,2
2399,3,0.16,0.22,0.35,0.56,0.69,1
2400,1,0.26,0.38,0.51,0.64,0.78,1
2401,4,0.04,0.07,0.18,0.31,0.47,1
2402,4,0.02,0.04,0.11,0.32,0.46,1
2403,5,0.03,0.06,0.12,0.21,0.31,1
2404,5,0.01,0.06,0.11,0.23,0.35,1
2405,2,0.17,0.31,0.52,0.75,0.82,1
2406,4,0.02,0.05,0.09,0.27,0.44,1
2407,2,0.17,0.33,0.54,0.69,0.82,1
2408,4,0.03,0.06,0.11,0.26,0.4,1
2409,4,0.02,0.08,0.17,0.37,0.48,1
2410,4,0.03,0.09,0.16,0.33,0.48,1
2411,5,0.01,0.03,0.07,0.13,0.29,1
2412,2,0.23,0.3,0.47,0.66,0.82,1
2413,4,0.02,0.06,0.18,0.28,0.4,1
2414,4,0.01,0.03,0.09,0.29,0.47,2
2415,4,0.04,0.08,0.22,0.36,0.5,1
2416,4,0.05,0.13,0.26,0.33,0.53,2
2417,1,0.29,0.52,0.6,0.72,0.8,1
2418,5,0.01,0.03,0.04,0.1,0.26,1
2419,5,0.02,0.05,0.14,0.2,0.29,1
2420,4,0.04,0.07,0.15,0.27,0.44,1
2421,4,0.02,0.04,0.1,0.29,0.45,1
2422,3,0.1,0.18,0.37,0.65,0.79,1
2423,4,0.01,0.04,0.1,0.25,0.36,1
2424,5,0.01,0.02,0.07,0.16,0.34,1
2425,2,0.14,0.25,0.45,0.68,0.87,1
2426,1,0.34,0.47,0.69,0.82,0.9,1
2427,1,0.29,0.45,0.64,0.82,0.89,1
2428,1,0.35,0.48,0.64,0.82,0.88,1
2429,4,0.03,0.06,0.14,0.29,0.45,1
2430,4,0.02,0.04,0.12,0.29,0.44,1
2431,5,0.01,0.03,0.08,0.14,0.28,1
2432,3,0.09,0.16,0.3,0.45,0.57,1
2433,5,0.01,0.03,0.06,0.12,0.26,1
2434,4,0.03,0.06,0.15,0.37,0.43,1
2435,5,0.03,0.04,0.11,0.2,0.33,2
2436,1,0.27,0.42,0.58,0.77,0.87,1
2437,1,0.23,0.38,0.54,0.59,0.75,1
2438,4,0.01,0.04,0.13,0.37,0.54,1
2439,1,0.3,0.51,0.72,0.84,0.92,1
2440,4,0.04,0.06,0.13,0.3,0.48,2
2441,5,0.02,0.04,0.1,0.13,0.34,1
2442,3,0.05,0.14,0.34,0.41,0.62,1
2443,5,0.01,0.03,0.08,0.25,0.32,1
2444,5,0.01,0.03,0.08,0.15,0.3,1
2445,3,0.07,0.15,0.25,0.38,0.49,1
2446,5,0.01,0.02,0.04,0.11,0.23,1
2447,3,0.07,0.15,0.27,0.42,0.61,1
2448,3,0.04,0.11,0.29,0.5,0.62,1
2449,3,0.03,0.11,0.25,0.46,0.67,1
2450,3,0.07,0.14,0.26,0.39,0.6,2
2451,3,0.05,0.12,0.33,0.48,0.67,1
2452,1,0.29,0.43,0.58,0.7,0.83,1
2453,1,0.35,0.51,0.68,0.75,0.85,1
2454,2,0.12,0.34,0.44,0.58,0.79,1
2455,5,0,0.02,0.04,0.12,0.23,1
2456,5,0.01,0.02,0.04,0.14,0.32,1
2457,4,0.03,0.07,0.18,0.31,0.49,1
2458,5,0.01,0.02,0.07,0.09,0.25,1
2459,5,0.01,0.03,0.1,0.21,0.32,1
2460,2,0.09,0.23,0.47,0.53,0.74,1
2461,3,0.08,0.18,0.31,0.44,0.52,1
2462,5,0.01,0.02,0.03,0.08,0.25,1
2463,4,0.04,0.06,0.12,0.25,0.41,1
2464,5,0.01,0.02,0.07,0.12,0.25,2
2465,1,0.37,0.56,0.63,0.78,0.86,1
2466,2,0.11,0.31,0.5,0.67,0.8,1
2467,1,0.3,0.4,0.59,0.7,0.82,1
2468,5,0.01,0.02,0.06,0.14,0.26,1
2469,4,0.02,0.05,0.13,0.27,0.38,1
2470,3,0.08,0.19,0.3,0.44,0.55,1
2471,3,0.11,0.22,0.36,0.56,0.68,3
2472,2,0.1,0.27,0.33,0.48,0.64,2
2473,5,0.02,0.05,0.12,0.17,0.24,3
2474,5,0.08,0.1,0.11,0.16,0.33,1
2475,5,0.01,0.02,0.06,0.16,0.26,1
2476,4,0.03,0.06,0.15,0.27,0.38,1
2477,3,0.04,0.09,0.27,0.46,0.57,1
2478,5,0.02,0.03,0.07,0.16,0.24,1
2479,1,0.29,0.43,0.62,0.71,0.85,1
2480,2,0.18,0.34,0.53,0.7,0.82,1
2481,3,0.11,0.19,0.34,0.6,0.76,1
2482,1,0.27,0.42,0.54,0.69,0.8,1
2483,5,0.02,0.05,0.08,0.16,0.33,1
2484,1,0.37,0.52,0.62,0.7,0.81,1
2485,3,0.04,0.14,0.27,0.46,0.67,1
2486,4,0.03,0.07,0.14,0.27,0.39,1
2487,4,0.02,0.06,0.12,0.29,0.46,1
2488,4,0.02,0.05,0.15,0.37,0.58,1
2489,3,0.09,0.17,0.28,0.47,0.62,1
2490,5,0.01,0.02,0.04,0.1,0.23,1
2491,5,0.01,0.02,0.07,0.14,0.34,1
2492,3,0.07,0.19,0.32,0.51,0.59,2
2493,4,0.05,0.08,0.16,0.27,0.52,1
2494,5,0.01,0.02,0.06,0.15,0.29,1
2495,1,0.33,0.49,0.62,0.75,0.83,1
2496,5,0.01,0.02,0.03,0.11,0.26,1
2497,2,0.1,0.24,0.39,0.57,0.75,2
2498,3,0.09,0.17,0.29,0.47,0.58,1
2499,2,0.14,0.32,0.48,0.68,0.77,1
2500,1,0.3,0.38,0.56,0.72,0.86,1
2501,1,0.32,0.6,0.8,0.86,0.92,1
2502,3,0.06,0.1,0.24,0.38,0.52,1
2503,4,0.01,0.05,0.09,0.23,0.42,1
2504,4,0.04,0.12,0.17,0.37,0.55,1
2505,1,0.31,0.44,0.61,0.79,0.89,1
2506,4,0.03,0.07,0.18,0.27,0.38,1
2507,2,0.17,0.28,0.38,0.66,0.77,1
2508,4,0.03,0.05,0.16,0.32,0.43,1
2509,1,0.27,0.47,0.65,0.78,0.89,1
2510,4,0.04,0.1,0.16,0.3,0.38,1
2511,2,0.11,0.32,0.39,0.49,0.57,1
2512,2,0.17,0.36,0.66,0.83,0.88,1
2513,5,0.01,0.02,0.03,0.1,0.25,1
2514,4,0.01,0.05,0.14,0.24,0.46,1
2515,3,0.07,0.1,0.24,0.38,0.56,1
2516,1,0.35,0.46,0.59,0.64,0.84,1
2517,4,0.02,0.08,0.17,0.34,0.46,1
2518,4,0.02,0.04,0.14,0.29,0.44,1
2519,2,0.18,0.27,0.45,0.75,0.85,1
2520,2,0.17,0.37,0.45,0.56,0.75,1
2521,2,0.15,0.25,0.37,0.54,0.66,1
2522,5,0.01,0.02,0.04,0.15,0.33,1
2523,2,0.1,0.27,0.41,0.58,0.6,1
2524,4,0.04,0.12,0.22,0.35,0.44,1
2525,2,0.12,0.31,0.42,0.52,0.61,1
2526,3,0.11,0.2,0.36,0.42,0.51,1
2527,1,0.34,0.5,0.64,0.8,0.89,1
2528,3,0.05,0.1,0.31,0.45,0.54,1
2529,5,0.01,0.02,0.05,0.1,0.31,1
2530,3,0.09,0.12,0.34,0.44,0.66,1
2531,2,0.19,0.36,0.48,0.66,0.77,1
2532,1,0.29,0.34,0.52,0.63,0.75,1
2533,3,0.06,0.16,0.33,0.48,0.59,1
2534,3,0.08,0.17,0.28,0.52,0.66,1
2535,2,0.14,0.33,0.43,0.59,0.7,1
2536,3,0.08,0.16,0.31,0.5,0.63,1
2537,1,0.26,0.44,0.61,0.74,0.83,2
2538,3,0.07,0.12,0.27,0.37,0.6,1
2539,1,0.33,0.42,0.57,0.74,0.84,2
2540,3,0.04,0.16,0.3,0.4,0.59,1
2541,3,0.1,0.14,0.32,0.47,0.58,1
2542,2,0.13,0.27,0.42,0.58,0.78,1
2543,2,0.17,0.33,0.56,0.7,0.82,1
2544,4,0.02,0.04,0.12,0.36,0.49,1
2545,2,0.16,0.26,0.34,0.49,0.58,1
2546,5,0.01,0.03,0.05,0.09,0.23,1
2547,2,0.14,0.23,0.4,0.48,0.66,1
2548,4,0.07,0.09,0.11,0.33,0.56,1
2549,4,0.03,0.09,0.19,0.25,0.45,1
2550,2,0.18,0.33,0.43,0.66,0.77,1
2551,5,0.02,0.04,0.06,0.14,0.37,1
2552,5,0.02,0.04,0.05,0.16,0.35,2
2553,4,0.01,0.05,0.14,0.26,0.42,1
2554,1,0.34,0.54,0.71,0.82,0.9,1
2555,3,0.12,0.2,0.34,0.53,0.7,1
2556,1,0.29,0.43,0.66,0.74,0.83,1
2557,4,0.02,0.06,0.13,0.31,0.49,1
2558,4,0.05,0.09,0.17,0.3,0.42,1
2559,1,0.34,0.51,0.65,0.79,0.87,2
2560,5,0.02,0.04,0.08,0.16,0.34,1
2561,4,0.03,0.07,0.17,0.31,0.46,3
2562,2,0.13,0.35,0.61,0.77,0.89,1
2563,4,0.06,0.08,0.17,0.31,0.46,1
2564,2,0.16,0.31,0.59,0.7,0.87,2
2565,2,0.22,0.31,0.43,0.54,0.69,1
2566,1,0.29,0.46,0.59,0.74,0.84,1
2567,4,0.03,0.08,0.1,0.26,0.41,1
2568,2,0.13,0.31,0.46,0.59,0.68,1
2569,1,0.35,0.57,0.66,0.78,0.85,1
2570,3,0.04,0.15,0.3,0.49,0.61,1
2571,4,0.05,0.1,0.21,0.34,0.42,1
2572,1,0.26,0.4,0.51,0.59,0.74,1
2573,5,0.01,0.04,0.08,0.15,0.26,2
2574,2,0.15,0.37,0.63,0.79,0.87,1
2575,3,0.11,0.21,0.32,0.48,0.66,1
2576,4,0.02,0.03,0.11,0.26,0.48,1
2577,4,0.05,0.13,0.17,0.33,0.45,1
2578,5,0.01,0.02,0.06,0.12,0.3,1
2579,4,0.03,0.04,0.14,0.27,0.49,1
2580,1,0.27,0.37,0.55,0.71,0.76,1
2581,5,0.01,0.03,0.1,0.19,0.29,1
2582,1,0.3,0.52,0.72,0.8,0.89,1
2583,3,0.05,0.17,0.25,0.43,0.64,1
2584,3,0.07,0.16,0.32,0.46,0.63,1
2585,4,0.01,0.02,0.11,0.23,0.42,1
2586,4,0.05,0.1,0.2,0.36,0.57,1
2587,5,0.01,0.02,0.05,0.09,0.27,1
2588,1,0.28,0.44,0.62,0.76,0.8,1
2589,3,0.1,0.22,0.31,0.46,0.6,1
2590,2,0.14,0.33,0.48,0.7,0.84,1
2591,3,0.04,0.14,0.23,0.4,0.57,1
2592,2,0.15,0.25,0.43,0.61,0.76,1
2593,2,0.16,0.28,0.43,0.6,0.76,1
2594,5,0.01,0.02,0.07,0.11,0.29,1
2595,3,0.08,0.22,0.36,0.5,0.65,1
2596,5,0.01,0.03,0.08,0.17,0.28,1
2597,3,0.04,0.14,0.29,0.49,0.69,1
2598,1,0.35,0.52,0.7,0.83,0.89,1
2599,1,0.27,0.4,0.57,0.71,0.85,1
2600,2,0.22,0.29,0.39,0.5,0.68,1
2601,3,0.05,0.11,0.26,0.39,0.54,1
2602,5,0.02,0.06,0.14,0.23,0.3,1
2603,1,0.34,0.55,0.72,0.82,0.9,1
2604,5,0.03,0.06,0.18,0.25,0.31,1
2605,5,0,0.01,0.05,0.1,0.25,1
2606,5,0.01,0.02,0.07,0.13,0.34,1
2607,2,0.18,0.31,0.49,0.58,0.79,1
2608,3,0.05,0.11,0.26,0.38,0.47,1
2609,2,0.17,0.35,0.51,0.74,0.87,1
2610,4,0.06,0.09,0.2,0.33,0.52,1
2611,2,0.19,0.31,0.44,0.6,0.76,1
2612,4,0.01,0.02,0.1,0.3,0.47,2
2613,3,0.08,0.22,0.36,0.47,0.7,2
2614,2,0.2,0.36,0.51,0.7,0.82,1
2615,5,0.02,0.04,0.08,0.13,0.29,1
2616,1,0.28,0.41,0.62,0.69,0.83,1
2617,5,0.05,0.09,0.15,0.25,0.3,1
2618,2,0.12,0.33,0.44,0.65,0.74,1
2619,5,0,0.01,0.02,0.06,0.23,1
2620,3,0.1,0.2,0.32,0.47,0.63,1
2621,5,0.01,0.03,0.08,0.17,0.24,1
2622,3,0.06,0.12,0.26,0.42,0.64,1
2623,1,0.23,0.39,0.54,0.66,0.8,1
2624,2,0.12,0.27,0.36,0.6,0.75,1
2625,2,0.13,0.35,0.56,0.76,0.81,1
2626,2,0.13,0.37,0.47,0.71,0.82,1
2627,5,0.01,0.03,0.07,0.14,0.34,1
2628,3,0.06,0.14,0.3,0.4,0.67,1
2629,1,0.31,0.55,0.69,0.84,0.89,1
2630,3,0.08,0.13,0.28,0.4,0.51,1
2631,2,0.13,0.32,0.42,0.69,0.85,1
2632,2,0.14,0.25,0.43,0.62,0.84,1
2633,5,0.02,0.03,0.09,0.22,0.33,1
2634,1,0.32,0.49,0.67,0.8,0.93,1
2635,3,0.09,0.15,0.35,0.5,0.62,2
2636,2,0.16,0.25,0.42,0.49,0.69,2
2637,1,0.32,0.34,0.49,0.65,0.74,1
2638,4,0.04,0.06,0.17,0.29,0.43,1
2639,1,0.25,0.4,0.53,0.72,0.87,1
2640,1,0.31,0.44,0.63,0.78,0.88,2
2641,1,0.25,0.48,0.66,0.8,0.9,1
2642,5,0.01,0.04,0.13,0.17,0.34,1
2643,4,0.04,0.06,0.17,0.29,0.45,1
2644,2,0.14,0.26,0.37,0.49,0.67,1
2645,3,0.08,0.17,0.33,0.54,0.7,1
2646,2,0.2,0.29,0.38,0.56,0.76,1
2647,1,0.32,0.47,0.64,0.79,0.85,1
2648,5,0.02,0.03,0.06,0.13,0.28,1
2649,1,0.36,0.56,0.68,0.84,0.89,1
2650,1,0.34,0.48,0.63,0.79,0.86,1
2651,5,0.03,0.05,0.09,0.19,0.3,1
2652,1,0.37,0.47,0.58,0.68,0.8,1
2653,3,0.08,0.17,0.31,0.45,0.62,1
2654,4,0.03,0.08,0.13,0.29,0.44,1
2655,3,0.16,0.23,0.35,0.45,0.64,1
2656,4,0.05,0.09,0.21,0.3,0.4,1
2657,4,0.01,0.04,0.14,0.3,0.45,1
2658,5,0.01,0.04,0.13,0.21,0.3,1
2659,4,0.03,0.07,0.16,0.3,0.49,1
2660,5,0.01,0.03,0.09,0.2,0.37,1
2661,2,0.12,0.31,0.48,0.67,0.83,1
2662,4,0.03,0.08,0.17,0.29,0.52,1
2663,2,0.13,0.24,0.36,0.5,0.65,1
2664,4,0.03,0.07,0.18,0.36,0.51,1
2665,5,0.01,0.04,0.12,0.19,0.36,1
2666,1,0.31,0.41,0.54,0.77,0.87,1
2667,2,0.19,0.34,0.53,0.75,0.87,1
2668,1,0.37,0.53,0.62,0.76,0.85,1
2669,1,0.35,0.47,0.63,0.69,0.85,1
2670,5,0.01,0.03,0.07,0.14,0.34,1
2671,3,0.09,0.15,0.33,0.5,0.59,1
2672,4,0.02,0.06,0.17,0.31,0.47,1
2673,4,0.02,0.04,0.12,0.31,0.51,1
2674,5,0.01,0.02,0.06,0.12,0.27,1
2675,5,0.01,0.03,0.07,0.13,0.24,1
2676,5,0.01,0.05,0.14,0.25,0.3,1
2677,5,0.01,0.03,0.05,0.13,0.33,1
2678,1,0.36,0.53,0.66,0.81,0.87,1
2679,1,0.36,0.54,0.69,0.79,0.85,2
2680,3,0.1,0.13,0.25,0.38,0.56,1
2681,1,0.35,0.57,0.72,0.81,0.88,2
2682,2,0.14,0.3,0.46,0.65,0.81,1
2683,1,0.3,0.48,0.68,0.78,0.89,1
2684,2,0.22,0.36,0.41,0.56,0.65,1
2685,2,0.16,0.27,0.4,0.61,0.65,1
2686,2,0.18,0.32,0.39,0.61,0.78,1
2687,2,0.16,0.27,0.47,0.68,0.8,1
2688,3,0.06,0.13,0.32,0.45,0.52,1
2689,1,0.25,0.38,0.56,0.71,0.8,1
2690,2,0.12,0.32,0.56,0.7,0.82,1
2691,2,0.12,0.36,0.45,0.65,0.74,1
2692,2,0.13,0.26,0.36,0.4,0.63,1
2693,4,0.03,0.08,0.21,0.36,0.57,1
2694,4,0.04,0.09,0.17,0.35,0.43,1
2695,1,0.26,0.42,0.62,0.75,0.83,1
2696,2,0.2,0.37,0.47,0.67,0.73,2
2697,2,0.17,0.37,0.48,0.7,0.85,2
2698,1,0.3,0.39,0.59,0.74,0.8,1
2699,3,0.05,0.13,0.33,0.36,0.56,1
2700,2,0.16,0.28,0.45,0.6,0.68,1
2701,3,0.06,0.11,0.25,0.43,0.55,1
2702,3,0.05,0.15,0.29,0.37,0.59,1
2703,3,0.05,0.12,0.33,0.51,0.68,1
2704,5,0.02,0.05,0.1,0.14,0.24,1
2705,2,0.18,0.36,0.57,0.73,0.79,4
2706,4,0.03,0.07,0.16,0.29,0.37,1
2707,5,0.01,0.03,0.1,0.18,0.3,1
2708,2,0.2,0.3,0.4,0.5,0.64,1
2709,2,0.15,0.26,0.41,0.6,0.69,1
2710,3,0.06,0.12,0.33,0.5,0.69,2
2711,1,0.29,0.43,0.56,0.74,0.82,1
2712,5,0.01,0.04,0.08,0.15,0.33,1
2713,5,0.02,0.06,0.13,0.22,0.36,1
2714,2,0.13,0.35,0.5,0.68,0.8,1
2715,3,0.11,0.2,0.35,0.57,0.68,1
2716,1,0.36,0.42,0.63,0.74,0.83,1
2717,2,0.11,0.3,0.45,0.52,0.73,1
2718,5,0.02,0.04,0.07,0.12,0.23,1
2719,2,0.12,0.26,0.4,0.54,0.72,1
2720,4,0.02,0.07,0.16,0.33,0.44,1
2721,3,0.05,0.14,0.3,0.46,0.72,2
2722,1,0.27,0.42,0.52,0.73,0.85,1
2723,5,0.01,0.02,0.05,0.1,0.24,1
2724,5,0.01,0.03,0.11,0.13,0.25,1
2725,3,0.09,0.19,0.35,0.46,0.65,2
2726,5,0,0.01,0.03,0.07,0.29,1
2727,5,0.01,0.03,0.08,0.15,0.25,1
2728,5,0.02,0.04,0.07,0.13,0.26,1
2729,2,0.22,0.35,0.48,0.69,0.81,1
2730,5,0.02,0.04,0.06,0.17,0.35,1
2731,1,0.28,0.39,0.54,0.77,0.85,1
2732,3,0.06,0.15,0.37,0.56,0.75,1
2733,5,0.02,0.05,0.18,0.26,0.33,1
2734,1,0.24,0.4,0.5,0.63,0.8,2
2735,2,0.2,0.36,0.52,0.7,0.83,1
2736,1,0.28,0.41,0.52,0.64,0.76,1
2737,1,0.34,0.45,0.67,0.72,0.82,1
2738,4,0.04,0.11,0.19,0.3,0.45,2
2739,5,0.01,0.03,0.05,0.14,0.32,1
2740,5,0.02,0.04,0.12,0.2,0.33,1
2741,4,0.03,0.07,0.2,0.37,0.53,1
2742,4,0.03,0.07,0.18,0.34,0.48,1
2743,4,0.03,0.08,0.13,0.26,0.4,1
2744,3,0.11,0.14,0.25,0.41,0.58,1
2745,3,0.1,0.22,0.37,0.54,0.68,1
2746,3,0.07,0.26,0.33,0.56,0.72,1
2747,2,0.2,0.31,0.51,0.65,0.77,2
2748,2,0.17,0.24,0.41,0.67,0.79,1
2749,3,0.09,0.15,0.34,0.53,0.66,1
2750,3,0.1,0.14,0.33,0.46,0.58,1
2751,1,0.29,0.52,0.67,0.75,0.78,1
2752,5,0.01,0.02,0.03,0.11,0.34,1
2753,4,0.05,0.09,0.2,0.3,0.49,1
2754,2,0.21,0.29,0.54,0.69,0.76,1
2755,3,0.04,0.09,0.27,0.46,0.59,1
2756,3,0.1,0.16,0.29,0.51,0.59,1
2757,1,0.37,0.48,0.61,0.79,0.87,1
2758,3,0.06,0.14,0.34,0.45,0.58,1
2759,4,0.02,0.04,0.13,0.36,0.55,1
2760,2,0.14,0.29,0.52,0.76,0.88,1
2761,2,0.24,0.34,0.48,0.65,0.82,1
2762,1,0.3,0.39,0.53,0.58,0.7,1
2763,3,0.05,0.1,0.3,0.41,0.52,1
2764,5,0.01,0.02,0.06,0.12,0.23,1
2765,5,0.03,0.04,0.07,0.11,0.3,1
2766,5,0.03,0.06,0.1,0.17,0.27,1
2767,2,0.13,0.29,0.45,0.51,0.64,1
2768,2,0.19,0.29,0.37,0.45,0.63,3
2769,1,0.37,0.5,0.7,0.87,0.9,1
2770,2,0.07,0.26,0.52,0.65,0.75,1
2771,1,0.34,0.41,0.63,0.72,0.79,1
2772,4,0.03,0.09,0.17,0.25,0.46,2
2773,4,0.02,0.05,0.12,0.3,0.46,1
2774,2,0.19,0.36,0.51,0.66,0.78,1
2775,3,0.04,0.12,0.23,0.37,0.62,1
2776,5,0.01,0.02,0.07,0.2,0.25,1
2777,1,0.32,0.39,0.53,0.67,0.77,1
2778,4,0.01,0.02,0.07,0.26,0.36,1
2779,4,0.07,0.12,0.22,0.35,0.52,1
2780,3,0.05,0.13,0.26,0.47,0.7,1
2781,4,0.05,0.1,0.13,0.27,0.39,1
2782,4,0.02,0.06,0.14,0.31,0.41,2
2783,1,0.27,0.55,0.73,0.84,0.9,1
2784,2,0.14,0.28,0.45,0.5,0.74,1
2785,2,0.18,0.35,0.48,0.55,0.67,1
2786,2,0.11,0.28,0.43,0.59,0.66,1
2787,3,0.08,0.12,0.31,0.52,0.67,2
2788,5,0.01,0.02,0.03,0.11,0.24,1
2789,3,0.07,0.15,0.3,0.42,0.56,1
2790,4,0.02,0.05,0.11,0.26,0.46,1
2791,5,0,0.01,0.05,0.14,0.31,1
2792,2,0.11,0.27,0.36,0.53,0.7,1
2793,3,0.06,0.13,0.26,0.41,0.52,1
2794,1,0.27,0.47,0.62,0.78,0.87,1
2795,2,0.1,0.29,0.35,0.54,0.65,2
2796,3,0.05,0.11,0.32,0.52,0.71,1
2797,2,0.13,0.28,0.48,0.58,0.75,1
2798,3,0.07,0.16,0.36,0.47,0.67,1
2799,1,0.36,0.5,0.66,0.81,0.88,1
2800,5,0.01,0.02,0.03,0.1,0.23,1
2801,2,0.09,0.23,0.37,0.53,0.64,1
2802,2,0.09,0.33,0.49,0.62,0.7,1
2803,1,0.35,0.6,0.8,0.87,0.91,1
2804,2,0.11,0.33,0.49,0.62,0.78,2
2805,3,0.1,0.18,0.36,0.61,0.75,1
2806,5,0.01,0.04,0.08,0.15,0.34,1
2807,5,0.01,0.02,0.04,0.09,0.23,2
2808,1,0.29,0.41,0.61,0.71,0.83,1
2809,2,0.18,0.37,0.54,0.76,0.83,1
2810,2,0.1,0.24,0.39,0.63,0.79,1
2811,3,0.04,0.12,0.27,0.44,0.53,1
2812,5,0.01,0.02,0.03,0.1,0.24,1
2813,2,0.1,0.29,0.47,0.61,0.75,1
2814,2,0.11,0.29,0.42,0.57,0.69,1
2815,4,0.03,0.08,0.21,0.37,0.51,1
2816,3,0.04,0.1,0.24,0.41,0.52,1
2817,5,0.01,0.02,0.05,0.12,0.3,1
2818,5,0.01,0.03,0.06,0.13,0.27,1
2819,1,0.28,0.48,0.71,0.87,0.93,1
2820,1,0.34,0.51,0.72,0.74,0.84,1
2821,4,0.05,0.08,0.16,0.31,0.48,1
2822,5,0.01,0.04,0.08,0.17,0.26,1
2823,5,0.02,0.04,0.1,0.23,0.29,1
2824,5,0,0.01,0.04,0.13,0.26,1
2825,3,0.08,0.2,0.34,0.55,0.63,1
2826,5,0.01,0.02,0.05,0.1,0.24,1
2827,3,0.07,0.2,0.32,0.48,0.62,1
2828,3,0.12,0.23,0.36,0.48,0.63,1
2829,4,0.02,0.04,0.12,0.35,0.52,1
2830,3,0.06,0.14,0.3,0.5,0.62,1
2831,1,0.32,0.64,0.78,0.89,0.94,1
2832,2,0.15,0.33,0.54,0.71,0.77,1
2833,4,0.03,0.09,0.18,0.34,0.36,1
2834,2,0.13,0.27,0.39,0.54,0.67,1
2835,5,0.01,0.03,0.05,0.13,0.29,1
2836,1,0.29,0.41,0.55,0.6,0.72,1
2837,4,0.05,0.16,0.19,0.35,0.54,2
2838,3,0.1,0.16,0.3,0.5,0.71,1
2839,3,0.08,0.17,0.27,0.42,0.69,1
2840,3,0.06,0.14,0.27,0.5,0.67,1
2841,3,0.04,0.1,0.27,0.42,0.5,1
2842,4,0.02,0.04,0.11,0.23,0.41,1
2843,2,0.2,0.25,0.38,0.61,0.83,2
2844,5,0.03,0.05,0.13,0.21,0.32,1
2845,2,0.12,0.34,0.55,0.67,0.78,1
2846,4,0.02,0.05,0.13,0.26,0.46,1
2847,1,0.26,0.37,0.6,0.73,0.89,1
2848,1,0.29,0.44,0.6,0.77,0.83,1
2849,1,0.34,0.53,0.71,0.8,0.9,1
2850,3,0.06,0.15,0.26,0.45,0.66,1
2851,3,0.08,0.18,0.3,0.5,0.59,1
2852,1,0.31,0.49,0.69,0.77,0.88,1
2853,2,0.12,0.32,0.45,0.55,0.69,2
2854,4,0.04,0.1,0.21,0.36,0.49,1
2855,5,0.01,0.03,0.07,0.17,0.37,1
2856,3,0.02,0.11,0.33,0.55,0.75,1
2857,3,0.13,0.22,0.37,0.57,0.74,1
2858,1,0.36,0.47,0.55,0.69,0.79,1
2859,3,0.05,0.16,0.23,0.39,0.57,1
2860,3,0.09,0.22,0.37,0.47,0.67,1
2861,1,0.28,0.38,0.45,0.54,0.7,1
2862,5,0.01,0.02,0.06,0.12,0.3,1
2863,3,0.05,0.1,0.3,0.34,0.47,1
2864,1,0.27,0.38,0.49,0.64,0.77,1
2865,4,0.04,0.07,0.13,0.25,0.45,1
2866,5,0.01,0.02,0.05,0.18,0.36,1
2867,5,0.02,0.04,0.08,0.17,0.31,1
2868,4,0.04,0.06,0.12,0.27,0.38,1
2869,3,0.14,0.24,0.34,0.47,0.69,1
2870,3,0.06,0.12,0.28,0.41,0.64,1
2871,3,0.06,0.19,0.34,0.45,0.59,1
2872,5,0.02,0.04,0.1,0.18,0.31,1
2873,5,0.03,0.05,0.09,0.2,0.32,1
2874,4,0.04,0.11,0.18,0.37,0.48,2
2875,2,0.2,0.27,0.49,0.6,0.76,1
2876,4,0.02,0.04,0.12,0.26,0.35,1
2877,1,0.32,0.52,0.73,0.85,0.95,1
2878,1,0.28,0.37,0.46,0.65,0.77,1
2879,5,0.02,0.06,0.08,0.15,0.25,1
2880,1,0.34,0.47,0.62,0.77,0.88,1
2881,1,0.33,0.47,0.66,0.76,0.87,1
2882,3,0.08,0.15,0.29,0.38,0.54,1
2883,5,0.01,0.03,0.08,0.16,0.32,1
2884,2,0.2,0.36,0.53,0.63,0.79,1
2885,5,0.02,0.05,0.11,0.22,0.36,1
2886,3,0.06,0.11,0.24,0.4,0.57,1
2887,5,0,0.01,0.03,0.1,0.26,1
2888,3,0.05,0.11,0.26,0.43,0.66,2
2889,1,0.27,0.35,0.49,0.7,0.82,1
2890,4,0.01,0.05,0.11,0.27,0.39,1
2891,5,0.01,0.04,0.06,0.19,0.35,1
2892,5,0.01,0.02,0.06,0.13,0.27,1
2893,4,0.02,0.03,0.16,0.33,0.48,1
2894,5,0.01,0.03,0.06,0.15,0.3,1
2895,3,0.07,0.18,0.37,0.47,0.61,1
2896,1,0.24,0.43,0.61,0.73,0.82,1
2897,5,0.02,0.05,0.11,0.22,0.37,1
2898,4,0.03,0.07,0.14,0.27,0.36,1
2899,2,0.12,0.34,0.57,0.7,0.82,1
2900,5,0.01,0.02,0.04,0.12,0.3,1
2901,2,0.13,0.28,0.5,0.7,0.73,1
2902,3,0.07,0.19,0.35,0.54,0.71,1
2903,4,0.1,0.15,0.17,0.29,0.36,1
2904,1,0.36,0.57,0.72,0.76,0.87,1
2905,3,0.03,0.11,0.25,0.42,0.64,1
2906,3,0.09,0.18,0.37,0.54,0.68,1
2907,2,0.22,0.32,0.46,0.6,0.8,1
2908,1,0.33,0.47,0.59,0.7,0.83,1
2909,2,0.13,0.25,0.35,0.5,0.62,1
2910,3,0.04,0.09,0.23,0.43,0.59,1
2911,3,0.07,0.17,0.25,0.39,0.55,2
2912,5,0.01,0.03,0.07,0.14,0.23,1
2913,2,0.19,0.34,0.52,0.74,0.85,2
2914,4,0.02,0.05,0.14,0.33,0.5,2
2915,5,0.01,0.04,0.08,0.15,0.23,1
2916,1,0.36,0.53,0.76,0.86,0.92,1
2917,5,0.03,0.06,0.1,0.17,0.33,1
2918,1,0.27,0.49,0.66,0.78,0.86,1
2919,2,0.12,0.26,0.4,0.51,0.68,1
2920,3,0.05,0.15,0.33,0.48,0.72,1
2921,5,0,0.01,0.02,0.1,0.24,1
2922,4,0.03,0.08,0.2,0.31,0.48,1
2923,4,0.04,0.07,0.15,0.36,0.45,1
2924,3,0.11,0.18,0.31,0.45,0.61,1
2925,2,0.1,0.23,0.37,0.47,0.6,1
2926,1,0.34,0.53,0.73,0.87,0.92,1
2927,3,0.08,0.2,0.37,0.45,0.64,2
2928,4,0.03,0.09,0.14,0.27,0.42,1
2929,4,0.05,0.11,0.24,0.35,0.46,1
2930,5,0,0.01,0.04,0.1,0.3,1
2931,1,0.25,0.43,0.61,0.76,0.86,1
2932,5,0.01,0.03,0.07,0.19,0.34,1
2933,1,0.24,0.4,0.64,0.77,0.81,1
2934,2,0.2,0.37,0.55,0.7,0.86,1
2935,2,0.14,0.31,0.36,0.57,0.81,1
2936,3,0.04,0.09,0.24,0.43,0.64,1
2937,1,0.35,0.54,0.64,0.72,0.83,1
2938,5,0.02,0.03,0.09,0.22,0.34,1
2939,1,0.24,0.38,0.6,0.76,0.81,1
2940,4,0.04,0.11,0.25,0.29,0.46,2
2941,1,0.36,0.49,0.65,0.8,0.88,1
2942,5,0,0.01,0.04,0.09,0.27,1
2943,1,0.29,0.44,0.66,0.74,0.88,1
2944,5,0.02,0.05,0.09,0.18,0.32,1
2945,1,0.36,0.54,0.64,0.8,0.9,1
2946,4,0.02,0.05,0.06,0.24,0.45,1
2947,1,0.29,0.47,0.61,0.73,0.83,1
2948,4,0.02,0.07,0.13,0.23,0.41,1
2949,4,0.03,0.07,0.12,0.24,0.43,1
2950,4,0.03,0.06,0.11,0.25,0.42,1
2951,2,0.12,0.23,0.45,0.63,0.73,1
2952,2,0.21,0.35,0.49,0.66,0.8,2
2953,4,0.07,0.18,0.22,0.35,0.46,1
2954,1,0.29,0.38,0.63,0.75,0.87,1
2955,5,0.02,0.07,0.14,0.18,0.37,1
2956,3,0.11,0.18,0.32,0.5,0.66,2
2957,3,0.06,0.17,0.27,0.36,0.5,2
2958,3,0.11,0.25,0.33,0.45,0.61,1
2959,2,0.09,0.3,0.5,0.6,0.65,1
2960,5,0.02,0.04,0.08,0.18,0.33,1
2961,4,0.03,0.06,0.11,0.29,0.37,1
2962,3,0.05,0.1,0.28,0.46,0.55,1
2963,1,0.31,0.42,0.56,0.73,0.86,1
2964,4,0.02,0.06,0.15,0.31,0.46,1
2965,1,0.27,0.44,0.61,0.75,0.85,1
2966,3,0.03,0.07,0.29,0.51,0.65,1
2967,3,0.09,0.17,0.31,0.43,0.58,1
2968,5,0.01,0.02,0.06,0.18,0.33,2
2969,5,0.01,0.02,0.03,0.1,0.23,1
2970,1,0.24,0.4,0.6,0.68,0.81,1
2971,4,0.02,0.06,0.12,0.34,0.53,1
2972,5,0.03,0.04,0.06,0.16,0.33,1
2973,2,0.19,0.3,0.45,0.71,0.82,1
2974,5,0.01,0.02,0.04,0.11,0.25,1
2975,4,0.04,0.08,0.12,0.31,0.56,1
2976,1,0.32,0.52,0.61,0.67,0.68,1
2977,1,0.35,0.4,0.55,0.72,0.83,1
2978,2,0.16,0.28,0.46,0.58,0.69,1
2979,3,0.07,0.17,0.35,0.51,0.66,2
2980,4,0.02,0.05,0.13,0.28,0.41,1
2981,5,0.02,0.03,0.09,0.17,0.37,1
2982,1,0.32,0.51,0.69,0.84,0.89,1
2983,4,0.01,0.05,0.12,0.36,0.53,1
2984,3,0.11,0.24,0.31,0.49,0.62,2
2985,1,0.33,0.46,0.64,0.72,0.82,1
2986,5,0.01,0.03,0.07,0.16,0.37,1
2987,4,0.02,0.03,0.11,0.3,0.46,1
2988,1,0.31,0.53,0.7,0.84,0.88,1
2989,1,0.32,0.53,0.66,0.81,0.91,1
2990,5,0.01,0.03,0.06,0.15,0.37,2
2991,4,0.02,0.06,0.16,0.28,0.4,1
2992,3,0.11,0.2,0.37,0.54,0.68,1
2993,1,0.27,0.37,0.52,0.71,0.84,1
2994,1,0.27,0.35,0.51,0.66,0.8,1
2995,4,0.03,0.04,0.11,0.27,0.36,1
2996,3,0.03,0.12,0.31,0.53,0.67,1
2997,3,0.05,0.14,0.31,0.38,0.57,1
2998,4,0.04,0.07,0.18,0.32,0.44,1
2999,4,0.02,0.04,0.1,0.29,0.56,1
3000,1,0.35,0.44,0.59,0.8,0.93,1
3001,2,0.07,0.27,0.35,0.53,0.77,1
3002,1,0.29,0.4,0.56,0.75,0.87,1
3003,5,0.01,0.02,0.04,0.14,0.26,1
3004,5,0.01,0.04,0.09,0.21,0.31,1
3005,3,0.06,0.13,0.32,0.47,0.6,1
3006,2,0.09,0.28,0.4,0.66,0.82,1
3007,5,0.03,0.05,0.1,0.19,0.33,1
3008,5,0.02,0.04,0.08,0.19,0.34,1
3009,3,0.05,0.13,0.26,0.42,0.61,1
3010,1,0.31,0.46,0.61,0.7,0.83,1
3011,2,0.18,0.33,0.43,0.55,0.67,1
3012,3,0.16,0.22,0.35,0.55,0.69,2
3013,1,0.26,0.37,0.49,0.66,0.85,1
3014,1,0.29,0.42,0.61,0.73,0.88,1
3015,3,0.07,0.16,0.35,0.55,0.7,1
3016,5,0.02,0.06,0.09,0.17,0.27,1
3017,2,0.13,0.35,0.56,0.74,0.86,2
3018,2,0.21,0.37,0.49,0.66,0.78,1
3019,4,0.02,0.03,0.11,0.25,0.38,1
3020,5,0.02,0.03,0.11,0.2,0.25,1
3021,5,0.02,0.03,0.06,0.15,0.23,1
3022,2,0.11,0.26,0.43,0.58,0.65,1
3023,3,0.1,0.12,0.27,0.38,0.66,1
3024,1,0.24,0.44,0.56,0.69,0.89,1
3025,4,0.05,0.13,0.18,0.23,0.39,1
3026,2,0.18,0.35,0.6,0.74,0.83,1
3027,4,0.01,0.04,0.06,0.24,0.37,1
3028,2,0.14,0.25,0.38,0.57,0.76,1
3029,3,0.06,0.13,0.25,0.39,0.58,1
3030,4,0.03,0.09,0.15,0.32,0.47,1
3031,2,0.09,0.23,0.41,0.55,0.77,1
3032,4,0.04,0.06,0.14,0.29,0.49,1
3033,1,0.34,0.4,0.58,0.79,0.87,1
3034,4,0.03,0.07,0.17,0.28,0.39,1
3035,4,0.02,0.04,0.12,0.29,0.48,1
3036,2,0.14,0.35,0.51,0.7,0.83,1
3037,5,0,0.01,0.04,0.15,0.3,1
3038,5,0.03,0.05,0.13,0.19,0.34,1
3039,4,0.03,0.06,0.14,0.3,0.42,1
3040,4,0.02,0.04,0.1,0.28,0.38,2
3041,3,0.06,0.18,0.36,0.55,0.67,1
3042,1,0.3,0.48,0.67,0.8,0.87,1
3043,1,0.29,0.49,0.66,0.84,0.9,2
3044,2,0.19,0.3,0.47,0.54,0.69,1
3045,5,0.01,0.05,0.08,0.13,0.33,1
3046,5,0.02,0.03,0.05,0.11,0.36,3
3047,3,0.05,0.12,0.3,0.43,0.73,1
3048,5,0.01,0.02,0.08,0.18,0.33,2
3049,2,0.1,0.31,0.44,0.58,0.71,2
3050,1,0.29,0.38,0.6,0.7,0.83,1
3051,3,0.13,0.18,0.31,0.42,0.59,1
3052,2,0.13,0.33,0.5,0.67,0.81,1
3053,3,0.06,0.14,0.31,0.4,0.55,1
3054,5,0.01,0.03,0.07,0.12,0.33,1
3055,4,0.06,0.09,0.11,0.33,0.47,1
3056,4,0.02,0.05,0.14,0.24,0.41,1
3057,4,0.02,0.06,0.19,0.35,0.45,1
3058,2,0.11,0.3,0.51,0.57,0.72,1
3059,3,0.05,0.11,0.27,0.44,0.62,1
3060,3,0.07,0.16,0.35,0.53,0.63,1
3061,1,0.36,0.45,0.64,0.81,0.89,1
3062,4,0.01,0.03,0.1,0.31,0.47,1
3063,5,0,0.01,0.07,0.15,0.36,1
3064,2,0.16,0.25,0.37,0.56,0.78,1
3065,3,0.08,0.12,0.26,0.36,0.5,2
3066,1,0.35,0.55,0.71,0.86,0.92,1
3067,5,0.01,0.03,0.1,0.16,0.26,1
3068,3,0.03,0.08,0.25,0.35,0.52,1
3069,5,0.02,0.03,0.05,0.1,0.26,1
3070,2,0.12,0.26,0.38,0.53,0.78,2
3071,5,0.02,0.04,0.08,0.15,0.24,1
3072,5,0.01,0.03,0.07,0.11,0.33,1
3073,3,0.11,0.19,0.37,0.51,0.68,1
3074,3,0.05,0.11,0.25,0.45,0.54,1
3075,4,0.03,0.08,0.16,0.28,0.41,2
3076,5,0.02,0.04,0.07,0.19,0.3,1
3077,2,0.2,0.37,0.53,0.7,0.83,2
3078,4,0.04,0.11,0.15,0.32,0.46,1
3079,2,0.17,0.33,0.44,0.48,0.62,1
3080,5,0.01,0.03,0.06,0.12,0.25,1
3081,3,0.07,0.16,0.29,0.43,0.58,2
3082,5,0.01,0.02,0.04,0.11,0.32,1
3083,3,0.04,0.13,0.27,0.42,0.61,1
3084,3,0.11,0.19,0.31,0.5,0.62,1
3085,3,0.03,0.12,0.31,0.42,0.57,1
3086,4,0.04,0.06,0.21,0.3,0.56,2
3087,1,0.25,0.39,0.51,0.6,0.76,1
3088,4,0.02,0.07,0.15,0.36,0.5,1
3089,2,0.12,0.33,0.44,0.66,0.8,2
3090,4,0.03,0.07,0.15,0.35,0.45,2
3091,3,0.13,0.21,0.33,0.51,0.6,1
3092,3,0.09,0.14,0.3,0.42,0.6,2
3093,4,0.02,0.06,0.19,0.25,0.36,1
3094,1,0.35,0.44,0.57,0.74,0.82,1
3095,3,0.06,0.18,0.34,0.5,0.66,2
3096,1,0.32,0.5,0.72,0.81,0.89,1
3097,4,0.03,0.1,0.18,0.37,0.54,1
3098,3,0.07,0.13,0.36,0.54,0.7,1
3099,1,0.35,0.5,0.54,0.65,0.78,1
3100,5,0.01,0.04,0.1,0.17,0.29,1
3101,3,0.07,0.18,0.27,0.41,0.5,2
3102,3,0.09,0.14,0.34,0.45,0.69,1
3103,1,0.31,0.46,0.65,0.76,0.81,1
3104,5,0.02,0.05,0.11,0.2,0.26,1
3105,3,0.02,0.07,0.28,0.41,0.58,1
3106,1,0.23,0.39,0.53,0.7,0.82,1
3107,5,0.01,0.02,0.04,0.11,0.26,1
3108,5,0,0.01,0.03,0.09,0.24,1
3109,5,0.01,0.02,0.08,0.12,0.23,2
3110,1,0.29,0.47,0.61,0.78,0.86,1
3111,1,0.28,0.49,0.65,0.84,0.92,1
3112,2,0.16,0.32,0.37,0.53,0.71,1
3113,2,0.12,0.37,0.45,0.52,0.67,1
3114,4,0.02,0.04,0.11,0.27,0.47,1
3115,5,0.01,0.02,0.03,0.1,0.23,1
3116,4,0.03,0.07,0.19,0.35,0.56,2
3117,5,0.01,0.03,0.06,0.2,0.37,1
3118,3,0.08,0.16,0.31,0.42,0.55,1
3119,3,0.08,0.18,0.34,0.52,0.66,2
3120,2,0.1,0.3,0.46,0.67,0.78,1
3121,4,0.02,0.05,0.13,0.32,0.49,1
3122,4,0.05,0.09,0.19,0.36,0.51,1
3123,1,0.23,0.37,0.49,0.64,0.82,1
3124,2,0.11,0.23,0.41,0.47,0.66,1
3125,4,0.04,0.07,0.14,0.24,0.38,1
3126,4,0.02,0.05,0.18,0.36,0.6,1
3127,3,0.08,0.15,0.27,0.4,0.52,1
3128,4,0.01,0.04,0.1,0.28,0.48,1
3129,5,0,0.01,0.03,0.09,0.28,1
3130,2,0.1,0.24,0.37,0.54,0.72,2
3131,4,0.04,0.06,0.13,0.31,0.38,1
3132,2,0.17,0.26,0.46,0.53,0.73,1
3133,3,0.07,0.17,0.34,0.46,0.71,1
3134,5,0.03,0.07,0.12,0.22,0.36,1
3135,1,0.27,0.43,0.64,0.74,0.84,1
3136,5,0.01,0.03,0.06,0.13,0.37,2
3137,4,0.04,0.09,0.18,0.34,0.51,1
3138,1,0.36,0.51,0.71,0.81,0.91,1
3139,4,0.02,0.08,0.16,0.25,0.45,1
3140,3,0.03,0.07,0.26,0.43,0.58,1
3141,5,0.04,0.07,0.13,0.21,0.28,1
3142,5,0.02,0.04,0.09,0.23,0.3,1
3143,3,0.04,0.11,0.29,0.39,0.61,1
3144,4,0.03,0.06,0.16,0.37,0.44,1
3145,3,0.05,0.13,0.35,0.54,0.66,1
3146,1,0.32,0.52,0.65,0.71,0.86,1
3147,5,0,0.02,0.04,0.12,0.37,1
3148,5,0,0.01,0.07,0.14,0.36,1
3149,3,0.06,0.16,0.37,0.59,0.77,1
3150,4,0.01,0.03,0.09,0.27,0.4,1
3151,4,0.03,0.06,0.12,0.26,0.48,1
3152,2,0.1,0.37,0.43,0.47,0.61,2
3153,4,0.04,0.07,0.15,0.29,0.46,1
3154,1,0.34,0.47,0.54,0.69,0.84,1
3155,5,0.01,0.02,0.07,0.17,0.32,1
3156,3,0.04,0.08,0.23,0.4,0.58,1
3157,5,0.03,0.05,0.13,0.21,0.34,1
3158,4,0.06,0.07,0.17,0.3,0.48,2
3159,3,0.09,0.15,0.37,0.51,0.64,1
3160,1,0.24,0.38,0.56,0.74,0.85,1
3161,5,0.01,0.02,0.06,0.11,0.23,1
3162,1,0.36,0.53,0.63,0.74,0.84,1
3163,5,0.01,0.02,0.07,0.14,0.3,1
3164,4,0.02,0.05,0.12,0.32,0.55,1
3165,1,0.31,0.49,0.66,0.73,0.84,1
3166,2,0.15,0.25,0.38,0.51,0.71,1
3167,2,0.1,0.29,0.36,0.47,0.56,1
3168,5,0.01,0.03,0.07,0.11,0.25,1
3169,3,0.06,0.18,0.27,0.36,0.59,1
3170,2,0.18,0.28,0.44,0.69,0.79,1
3171,5,0.01,0.04,0.09,0.16,0.37,1
3172,1,0.33,0.42,0.64,0.78,0.89,1
3173,2,0.25,0.31,0.4,0.62,0.83,1
3174,1,0.36,0.48,0.68,0.79,0.89,1
3175,4,0.02,0.05,0.1,0.25,0.37,1
3176,1,0.36,0.44,0.56,0.65,0.76,1
3177,1,0.26,0.34,0.48,0.61,0.76,1
3178,5,0.02,0.04,0.07,0.13,0.25,1
3179,5,0.01,0.05,0.07,0.15,0.26,1
3180,2,0.19,0.32,0.47,0.6,0.75,1
3181,1,0.3,0.38,0.56,0.64,0.78,1
3182,4,0.04,0.11,0.15,0.24,0.44,1
3183,4,0.03,0.05,0.13,0.24,0.38,1
3184,1,0.32,0.35,0.47,0.6,0.72,1
3185,2,0.11,0.24,0.43,0.57,0.68,1
3186,5,0.01,0.02,0.05,0.18,0.36,1
3187,4,0.07,0.16,0.2,0.27,0.39,1
3188,2,0.11,0.28,0.52,0.61,0.75,1
3189,4,0.04,0.06,0.11,0.27,0.37,1
3190,1,0.28,0.47,0.66,0.76,0.86,1
3191,1,0.35,0.52,0.74,0.86,0.93,1
3192,2,0.15,0.31,0.47,0.63,0.81,1
3193,4,0.03,0.07,0.17,0.36,0.54,1
3194,5,0.01,0.02,0.08,0.16,0.36,1
3195,1,0.29,0.46,0.63,0.83,0.91,1
3196,5,0.01,0.04,0.07,0.16,0.32,1
3197,3,0.11,0.19,0.33,0.53,0.74,1
3198,5,0.03,0.05,0.13,0.21,0.37,1
3199,3,0.05,0.15,0.34,0.52,0.76,1
3200,4,0.05,0.09,0.13,0.31,0.46,2
3201,5,0,0.01,0.04,0.08,0.25,1
3202,1,0.32,0.5,0.61,0.75,0.88,1
3203,2,0.15,0.34,0.57,0.71,0.83,1
3204,5,0.01,0.04,0.1,0.17,0.32,1
3205,3,0.09,0.12,0.31,0.46,0.67,1
3206,4,0.02,0.04,0.13,0.28,0.39,1
3207,1,0.3,0.4,0.68,0.76,0.85,2
3208,5,0.01,0.02,0.05,0.11,0.24,1
3209,5,0.01,0.04,0.08,0.21,0.29,1
3210,5,0.01,0.04,0.08,0.17,0.32,1
3211,4,0.02,0.04,0.12,0.29,0.44,1
3212,2,0.14,0.28,0.35,0.48,0.67,1
3213,1,0.32,0.53,0.69,0.78,0.86,1
3214,3,0.11,0.21,0.27,0.38,0.54,1
3215,2,0.09,0.24,0.36,0.59,0.77,1
3216,4,0.03,0.12,0.22,0.37,0.46,1
3217,3,0.13,0.19,0.35,0.5,0.58,1
3218,3,0.09,0.15,0.29,0.47,0.52,1
3219,1,0.32,0.41,0.6,0.78,0.9,1
3220,4,0.02,0.04,0.09,0.24,0.36,1
3221,3,0.09,0.12,0.25,0.4,0.55,1
3222,1,0.33,0.46,0.71,0.87,0.95,1
3223,1,0.26,0.45,0.6,0.69,0.86,1
3224,2,0.2,0.32,0.4,0.51,0.72,1
3225,5,0.02,0.06,0.14,0.21,0.37,1
3226,2,0.14,0.32,0.52,0.73,0.85,1
3227,5,0.01,0.02,0.08,0.18,0.28,1
3228,4,0.05,0.08,0.17,0.33,0.56,1
3229,5,0.03,0.05,0.11,0.19,0.32,1
3230,3,0.1,0.16,0.32,0.53,0.66,1
3231,3,0.08,0.23,0.31,0.42,0.6,1
3232,3,0.09,0.18,0.32,0.48,0.64,1
3233,5,0.02,0.05,0.15,0.21,0.32,1
3234,5,0.01,0.02,0.05,0.1,0.3,1
3235,3,0.05,0.13,0.28,0.48,0.56,2
3236,3,0.1,0.18,0.34,0.49,0.68,1
3237,4,0.06,0.09,0.19,0.3,0.44,1
3238,2,0.16,0.28,0.44,0.55,0.72,1
3239,3,0.09,0.17,0.34,0.58,0.74,2
3240,5,0.01,0.03,0.06,0.18,0.28,1
3241,1,0.34,0.51,0.65,0.8,0.89,1
3242,2,0.13,0.27,0.37,0.46,0.63,2
3243,5,0.02,0.05,0.1,0.18,0.29,1
3244,5,0.03,0.04,0.09,0.16,0.34,2
3245,1,0.25,0.4,0.58,0.72,0.86,1
3246,1,0.29,0.43,0.56,0.77,0.89,1
3247,4,0.02,0.09,0.16,0.34,0.47,1
3248,3,0.05,0.17,0.26,0.44,0.64,1
3249,3,0.05,0.1,0.29,0.48,0.74,1
3250,4,0.01,0.04,0.11,0.29,0.44,1
3251,5,0.01,0.03,0.07,0.11,0.25,1
3252,5,0.01,0.03,0.07,0.13,0.27,1
3253,5,0.01,0.04,0.09,0.21,0.35,1
3254,3,0.08,0.19,0.35,0.43,0.61,1
3255,2,0.21,0.36,0.56,0.7,0.83,1
3256,4,0.02,0.03,0.11,0.27,0.42,1
3257,2,0.13,0.3,0.53,0.71,0.82,1
3258,3,0.05,0.13,0.32,0.44,0.65,1
3259,1,0.37,0.53,0.65,0.8,0.9,1
3260,3,0.1,0.24,0.34,0.51,0.58,2
3261,2,0.16,0.34,0.55,0.76,0.84,1
3262,4,0.03,0.06,0.14,0.27,0.37,1
3263,3,0.03,0.11,0.25,0.42,0.6,1
3264,1,0.33,0.41,0.65,0.78,0.89,1
3265,1,0.36,0.52,0.67,0.82,0.91,1
3266,2,0.2,0.37,0.5,0.75,0.85,1
3267,5,0.02,0.05,0.08,0.2,0.36,2
3268,5,0.02,0.03,0.07,0.1,0.28,1
3269,5,0,0.01,0.03,0.07,0.24,1
3270,5,0.01,0.04,0.06,0.12,0.34,1
3271,1,0.31,0.46,0.7,0.83,0.89,1
3272,3,0.04,0.15,0.33,0.43,0.54,1
3273,4,0.02,0.07,0.16,0.36,0.58,1
3274,5,0.01,0.04,0.08,0.14,0.37,1
3275,4,0.03,0.07,0.15,0.34,0.37,1
3276,5,0.01,0.03,0.09,0.24,0.34,1
3277,2,0.11,0.27,0.41,0.59,0.79,1
3278,5,0.01,0.02,0.05,0.15,0.33,1
3279,2,0.13,0.33,0.37,0.6,0.73,1
3280,4,0.06,0.09,0.14,0.3,0.41,2
3281,3,0.07,0.17,0.25,0.44,0.58,1
3282,4,0.02,0.07,0.12,0.31,0.42,1
3283,5,0,0.01,0.04,0.1,0.23,1
3284,3,0.14,0.19,0.35,0.58,0.72,1
3285,4,0.03,0.06,0.08,0.27,0.41,1
3286,4,0.03,0.07,0.09,0.24,0.37,1
3287,1,0.37,0.5,0.61,0.77,0.82,1
3288,3,0.07,0.15,0.33,0.48,0.7,1
3289,1,0.3,0.42,0.62,0.79,0.82,1
3290,3,0.08,0.18,0.32,0.5,0.69,1
3291,1,0.34,0.44,0.53,0.61,0.66,1
3292,2,0.23,0.33,0.56,0.75,0.8,1
3293,3,0.06,0.1,0.29,0.39,0.65,1
3294,2,0.16,0.36,0.57,0.71,0.81,1
3295,2,0.13,0.29,0.49,0.61,0.73,1
3296,1,0.29,0.55,0.65,0.8,0.89,1
3297,5,0.01,0.05,0.09,0.11,0.35,1
3298,2,0.1,0.23,0.38,0.49,0.72,1
3299,5,0.02,0.04,0.11,0.19,0.33,1
3300,1,0.26,0.53,0.76,0.8,0.88,1
3301,4,0.04,0.05,0.13,0.29,0.51,1
3302,1,0.34,0.47,0.71,0.8,0.89,1
3303,1,0.31,0.44,0.65,0.79,0.85,1
3304,3,0.1,0.16,0.34,0.56,0.67,1
3305,2,0.15,0.31,0.44,0.59,0.75,1
3306,2,0.09,0.29,0.38,0.56,0.77,2
3307,1,0.33,0.41,0.55,0.66,0.8,1
3308,4,0.02,0.04,0.12,0.26,0.51,1
3309,3,0.07,0.2,0.33,0.51,0.71,1
3310,3,0.1,0.2,0.36,0.48,0.64,1
3311,3,0.09,0.16,0.33,0.53,0.66,1
3312,5,0.02,0.03,0.07,0.14,0.32,1
3313,3,0.09,0.21,0.37,0.59,0.8,1
3314,1,0.32,0.49,0.61,0.75,0.84,2
3315,1,0.29,0.47,0.66,0.83,0.92,1
3316,3,0.07,0.16,0.35,0.5,0.65,2
3317,4,0.02,0.04,0.13,0.33,0.56,1
3318,3,0.04,0.13,0.24,0.45,0.55,1
3319,3,0.07,0.17,0.33,0.4,0.55,1
3320,5,0.01,0.02,0.04,0.08,0.23,1
3321,5,0.01,0.03,0.07,0.14,0.31,1
3322,3,0.04,0.12,0.24,0.41,0.59,1
3323,2,0.19,0.3,0.41,0.56,0.71,1
3324,1,0.29,0.42,0.64,0.75,0.86,1
3325,1,0.27,0.35,0.51,0.68,0.87,1
3326,5,0.01,0.02,0.05,0.1,0.27,1
3327,4,0.03,0.09,0.13,0.34,0.48,1
3328,4,0.03,0.08,0.14,0.34,0.55,1
3329,3,0.07,0.16,0.35,0.48,0.65,2
3330,2,0.14,0.3,0.49,0.69,0.82,1
3331,3,0.05,0.15,0.31,0.5,0.65,1
3332,1,0.33,0.4,0.51,0.72,0.86,1
3333,3,0.07,0.15,0.34,0.58,0.68,1
3334,2,0.18,0.3,0.49,0.71,0.84,3
3335,4,0.03,0.06,0.15,0.27,0.34,1
3336,4,0.06,0.11,0.18,0.23,0.39,1
3337,5,0.02,0.05,0.08,0.23,0.33,4
3338,5,0,0.02,0.04,0.1,0.23,1
3339,3,0.05,0.1,0.24,0.44,0.67,1
3340,2,0.18,0.31,0.5,0.67,0.81,1
3341,2,0.16,0.37,0.6,0.74,0.89,1
3342,1,0.36,0.46,0.62,0.72,0.84,1
3343,4,0.05,0.07,0.21,0.27,0.35,1
3344,1,0.24,0.42,0.7,0.84,0.92,1
3345,2,0.1,0.26,0.38,0.5,0.62,1
3346,1,0.28,0.35,0.44,0.71,0.79,1
3347,1,0.37,0.47,0.61,0.78,0.89,1
3348,1,0.31,0.41,0.57,0.7,0.81,1
3349,5,0.01,0.02,0.04,0.2,0.36,1
3350,4,0.04,0.1,0.17,0.32,0.44,1
3351,4,0.02,0.04,0.11,0.25,0.47,1
3352,3,0.06,0.17,0.34,0.47,0.61,1
3353,1,0.34,0.42,0.56,0.72,0.78,1
3354,5,0.04,0.06,0.13,0.19,0.32,3
3355,5,0.03,0.04,0.07,0.14,0.28,1
3356,4,0.03,0.07,0.2,0.28,0.47,1
3357,3,0.09,0.22,0.3,0.42,0.65,1
3358,2,0.13,0.24,0.51,0.73,0.78,1
3359,3,0.07,0.11,0.23,0.37,0.43,2
3360,3,0.05,0.16,0.24,0.37,0.47,1
3361,2,0.13,0.33,0.54,0.69,0.84,1
3362,1,0.27,0.44,0.57,0.65,0.77,1
3363,2,0.13,0.3,0.43,0.6,0.73,2
3364,2,0.08,0.23,0.41,0.51,0.7,1
3365,5,0.01,0.02,0.07,0.14,0.29,1
3366,3,0.05,0.13,0.36,0.55,0.74,1
3367,5,0.03,0.05,0.08,0.19,0.33,1
3368,3,0.05,0.15,0.31,0.51,0.59,1
3369,3,0.1,0.13,0.32,0.51,0.65,1
3370,4,0.01,0.05,0.18,0.33,0.45,1
3371,3,0.06,0.13,0.36,0.46,0.52,1
3372,2,0.11,0.26,0.42,0.58,0.72,1
3373,5,0.03,0.06,0.1,0.21,0.29,1
3374,3,0.04,0.12,0.31,0.52,0.69,2
3375,5,0.01,0.02,0.05,0.11,0.33,1
3376,4,0.02,0.04,0.15,0.33,0.42,1
3377,2,0.13,0.24,0.36,0.49,0.66,1
3378,1,0.31,0.52,0.61,0.78,0.83,2
3379,3,0.08,0.2,0.28,0.34,0.49,3
3380,3,0.12,0.22,0.37,0.61,0.8,1
3381,3,0.07,0.14,0.25,0.35,0.53,1
3382,4,0.03,0.04,0.11,0.31,0.39,1
3383,5,0.02,0.05,0.09,0.17,0.25,1
3384,1,0.31,0.43,0.6,0.82,0.89,1
3385,1,0.23,0.4,0.59,0.79,0.9,1
3386,1,0.34,0.47,0.52,0.69,0.8,1
3387,1,0.3,0.44,0.6,0.66,0.75,1
3388,1,0.32,0.48,0.71,0.82,0.9,1
3389,2,0.22,0.27,0.41,0.62,0.73,1
3390,3,0.07,0.19,0.24,0.47,0.6,1
3391,4,0.02,0.05,0.12,0.32,0.39,1
3392,5,0.01,0.03,0.07,0.11,0.24,1
3393,1,0.31,0.46,0.61,0.7,0.81,2
3394,3,0.08,0.14,0.32,0.49,0.68,1
3395,1,0.33,0.53,0.64,0.8,0.91,1
3396,5,0.01,0.03,0.06,0.12,0.36,1
3397,2,0.14,0.31,0.46,0.61,0.68,1
3398,1,0.29,0.44,0.62,0.85,0.92,1
3399,2,0.1,0.23,0.41,0.56,0.72,1
3400,3,0.14,0.22,0.36,0.65,0.8,2
3401,1,0.24,0.39,0.48,0.67,0.78,1
3402,1,0.3,0.41,0.53,0.71,0.85,1
3403,4,0.01,0.05,0.1,0.29,0.35,2
3404,1,0.3,0.49,0.66,0.81,0.89,1
3405,4,0.02,0.04,0.1,0.23,0.37,1
3406,5,0.01,0.02,0.07,0.15,0.32,1
3407,3,0.1,0.12,0.27,0.39,0.54,2
3408,4,0.03,0.06,0.13,0.27,0.37,1
3409,3,0.03,0.11,0.31,0.47,0.64,1
3410,3,0.11,0.24,0.35,0.56,0.7,1
3411,3,0.05,0.14,0.26,0.48,0.61,1
3412,3,0.03,0.1,0.26,0.35,0.48,1
3413,5,0.01,0.03,0.1,0.2,0.36,1
3414,1,0.36,0.57,0.79,0.87,0.93,1
3415,3,0.08,0.17,0.31,0.53,0.69,1
3416,5,0.01,0.02,0.04,0.15,0.24,1
3417,1,0.27,0.34,0.52,0.71,0.84,1
3418,2,0.16,0.36,0.51,0.68,0.73,1
3419,2,0.21,0.33,0.42,0.64,0.77,1
3420,5,0.02,0.03,0.06,0.16,0.32,1
3421,4,0.04,0.08,0.18,0.24,0.46,1
3422,2,0.15,0.31,0.42,0.5,0.71,2
3423,4,0.02,0.07,0.09,0.28,0.51,1
3424,4,0.05,0.08,0.2,0.33,0.46,1
3425,1,0.31,0.4,0.5,0.67,0.77,1
3426,1,0.33,0.5,0.68,0.75,0.86,1
3427,4,0.06,0.13,0.22,0.35,0.51,1
3428,3,0.11,0.14,0.3,0.49,0.65,1
3429,2,0.16,0.33,0.45,0.55,0.6,1
3430,3,0.05,0.09,0.26,0.42,0.68,1
3431,5,0.01,0.03,0.05,0.14,0.34,1
3432,1,0.34,0.51,0.65,0.74,0.83,1
3433,1,0.37,0.57,0.75,0.87,0.91,1
3434,4,0.04,0.07,0.19,0.33,0.37,1
3435,3,0.06,0.15,0.33,0.58,0.82,1
3436,2,0.15,0.37,0.49,0.67,0.72,1
3437,4,0.02,0.06,0.15,0.32,0.46,1
3438,2,0.2,0.27,0.36,0.47,0.66,1
3439,5,0.01,0.02,0.06,0.12,0.28,2
3440,4,0.09,0.16,0.23,0.31,0.48,1
3441,3,0.06,0.16,0.24,0.41,0.67,1
3442,2,0.15,0.37,0.58,0.8,0.94,1
3443,4,0.02,0.06,0.14,0.26,0.39,1
3444,1,0.37,0.6,0.77,0.88,0.92,2
3445,5,0,0.01,0.03,0.12,0.25,1
3446,4,0.02,0.05,0.14,0.37,0.57,1
3447,1,0.3,0.39,0.48,0.63,0.75,1
3448,4,0.03,0.06,0.18,0.27,0.52,1
3449,5,0.03,0.05,0.09,0.17,0.35,1
3450,2,0.14,0.29,0.5,0.71,0.8,1
3451,1,0.32,0.52,0.68,0.79,0.9,1
3452,2,0.16,0.36,0.43,0.66,0.77,1
3453,1,0.3,0.45,0.58,0.83,0.89,2
3454,4,0.05,0.11,0.17,0.3,0.49,1
3455,1,0.37,0.58,0.74,0.82,0.85,1
3456,2,0.1,0.27,0.38,0.52,0.69,1
3457,3,0.07,0.16,0.27,0.42,0.58,1
3458,5,0.01,0.03,0.08,0.22,0.33,3
3459,5,0.01,0.02,0.06,0.14,0.34,1
3460,1,0.29,0.42,0.56,0.71,0.84,1
3461,3,0.03,0.08,0.28,0.39,0.48,1
3462,5,0.01,0.02,0.03,0.08,0.25,1
3463,4,0.03,0.11,0.2,0.35,0.59,1
3464,3,0.1,0.19,0.35,0.63,0.72,1
3465,4,0.01,0.04,0.1,0.32,0.39,1
3466,1,0.3,0.52,0.65,0.77,0.86,1
3467,1,0.27,0.4,0.64,0.79,0.89,1
3468,5,0.01,0.03,0.09,0.15,0.26,1
3469,1,0.29,0.47,0.73,0.86,0.93,1
3470,2,0.19,0.35,0.46,0.62,0.79,1
3471,4,0.01,0.03,0.09,0.25,0.42,1
3472,2,0.12,0.28,0.37,0.48,0.66,1
3473,5,0.01,0.03,0.06,0.19,0.35,1
3474,4,0.08,0.17,0.21,0.37,0.44,1
3475,3,0.04,0.1,0.29,0.31,0.5,3
3476,5,0.03,0.08,0.14,0.2,0.36,1
3477,5,0.03,0.04,0.09,0.18,0.28,1
3478,5,0.01,0.02,0.05,0.13,0.35,1
3479,2,0.19,0.34,0.47,0.59,0.72,1
3480,1,0.32,0.37,0.57,0.65,0.78,1
3481,5,0.01,0.02,0.06,0.17,0.37,1
3482,4,0.05,0.08,0.19,0.31,0.47,1
3483,4,0.02,0.04,0.15,0.29,0.4,1
3484,4,0.05,0.11,0.13,0.25,0.48,1
3485,5,0.01,0.02,0.04,0.08,0.31,1
3486,1,0.29,0.47,0.66,0.81,0.85,1
3487,2,0.17,0.36,0.52,0.53,0.62,1
3488,5,0.01,0.02,0.05,0.15,0.3,1
3489,3,0.07,0.11,0.28,0.39,0.51,1
3490,1,0.36,0.51,0.6,0.77,0.88,1
3491,4,0.01,0.05,0.12,0.25,0.4,1
3492,4,0.06,0.14,0.24,0.34,0.47,1
3493,4,0.05,0.11,0.22,0.37,0.55,3
3494,4,0.04,0.09,0.18,0.34,0.48,1
3495,2,0.15,0.31,0.41,0.57,0.78,1
3496,2,0.14,0.32,0.6,0.76,0.87,1
3497,3,0.1,0.18,0.33,0.44,0.62,1
3498,1,0.31,0.49,0.65,0.81,0.84,1
3499,1,0.29,0.36,0.54,0.7,0.81,1
3500,3,0.07,0.15,0.28,0.33,0.5,1
3501,3,0.04,0.1,0.25,0.4,0.59,1
3502,5,0,0.02,0.06,0.13,0.25,1
3503,5,0.02,0.04,0.09,0.15,0.26,1
3504,3,0.06,0.15,0.28,0.43,0.61,1
3505,4,0.03,0.07,0.18,0.28,0.45,1
3506,5,0.01,0.02,0.05,0.12,0.24,1
3507,3,0.14,0.18,0.32,0.44,0.56,1
3508,4,0.01,0.09,0.23,0.33,0.59,1
3509,3,0.05,0.13,0.23,0.38,0.53,1
3510,3,0.05,0.09,0.3,0.46,0.57,1
3511,3,0.04,0.13,0.37,0.46,0.7,1
3512,5,0.01,0.04,0.09,0.16,0.26,1
3513,2,0.15,0.3,0.4,0.6,0.71,1
3514,2,0.16,0.32,0.58,0.66,0.81,1
3515,3,0.15,0.21,0.35,0.6,0.7,1
3516,1,0.24,0.49,0.71,0.78,0.88,1
3517,2,0.12,0.25,0.35,0.48,0.68,2
3518,4,0.04,0.12,0.16,0.33,0.43,1
3519,2,0.19,0.29,0.45,0.6,0.72,1
3520,1,0.35,0.52,0.73,0.86,0.92,1
3521,5,0.02,0.04,0.09,0.24,0.28,2
3522,5,0.02,0.03,0.07,0.17,0.33,1
3523,5,0.02,0.05,0.09,0.18,0.33,1
3524,1,0.27,0.35,0.55,0.68,0.83,1
3525,4,0.04,0.08,0.25,0.28,0.36,1
3526,2,0.12,0.25,0.42,0.57,0.78,1
3527,5,0.02,0.03,0.06,0.17,0.26,1
3528,2,0.16,0.3,0.44,0.63,0.75,1
3529,1,0.31,0.47,0.59,0.75,0.89,1
3530,5,0.03,0.07,0.12,0.24,0.31,1
3531,4,0.06,0.09,0.22,0.32,0.44,2
3532,2,0.1,0.27,0.4,0.46,0.65,1
3533,1,0.37,0.51,0.7,0.79,0.88,1
3534,3,0.07,0.19,0.33,0.47,0.65,1
3535,1,0.36,0.49,0.59,0.76,0.84,1
3536,5,0.01,0.03,0.05,0.13,0.25,1
3537,5,0.01,0.02,0.07,0.12,0.29,1
3538,4,0.02,0.04,0.11,0.28,0.51,2
3539,1,0.37,0.58,0.73,0.83,0.92,1
3540,1,0.25,0.38,0.66,0.84,0.91,1
3541,2,0.16,0.31,0.49,0.54,0.62,1
3542,3,0.08,0.14,0.33,0.53,0.69,1
3543,2,0.15,0.3,0.54,0.71,0.83,1
3544,2,0.17,0.34,0.4,0.6,0.74,1
3545,1,0.33,0.45,0.62,0.73,0.82,1
3546,2,0.14,0.32,0.49,0.63,0.76,2
3547,2,0.18,0.36,0.44,0.58,0.73,1
3548,2,0.17,0.34,0.42,0.5,0.76,1
3549,1,0.26,0.39,0.55,0.68,0.81,1
3550,1,0.34,0.55,0.69,0.85,0.91,1
3551,5,0.01,0.03,0.05,0.16,0.3,1
3552,2,0.22,0.36,0.44,0.61,0.73,1
3553,4,0.02,0.05,0.13,0.35,0.57,1
3554,2,0.09,0.28,0.41,0.54,0.65,1
3555,4,0.02,0.05,0.17,0.29,0.41,1
3556,5,0.01,0.02,0.04,0.12,0.25,1
3557,1,0.27,0.4,0.57,0.72,0.82,1
3558,5,0.01,0.05,0.15,0.17,0.23,1
3559,1,0.25,0.56,0.68,0.78,0.89,1
3560,1,0.23,0.47,0.53,0.64,0.76,1
3561,3,0.06,0.12,0.26,0.37,0.52,2
3562,4,0.02,0.06,0.15,0.34,0.59,1
3563,3,0.07,0.16,0.36,0.46,0.67,2
3564,3,0.04,0.14,0.31,0.46,0.65,1
3565,1,0.26,0.36,0.54,0.68,0.83,1
3566,3,0.13,0.21,0.34,0.58,0.69,1
3567,1,0.34,0.55,0.65,0.7,0.84,1
3568,4,0.02,0.05,0.12,0.33,0.48,1
3569,1,0.35,0.6,0.69,0.83,0.88,1
3570,4,0.03,0.07,0.11,0.25,0.38,2
3571,5,0.01,0.04,0.1,0.2,0.32,1
3572,5,0.01,0.03,0.07,0.12,0.29,1
3573,5,0.02,0.04,0.06,0.1,0.24,1
3574,2,0.13,0.24,0.36,0.48,0.63,1
3575,2,0.18,0.3,0.39,0.45,0.7,1
3576,5,0.01,0.04,0.07,0.17,0.31,1
3577,4,0.01,0.03,0.11,0.3,0.46,1
3578,2,0.21,0.37,0.56,0.74,0.87,1
3579,4,0.03,0.09,0.24,0.35,0.42,1
3580,4,0.03,0.06,0.13,0.29,0.45,1
3581,4,0.04,0.06,0.1,0.29,0.44,1
3582,5,0.01,0.02,0.06,0.12,0.23,1
3583,5,0.01,0.02,0.05,0.12,0.24,1
3584,1,0.27,0.43,0.7,0.8,0.87,1
3585,2,0.14,0.31,0.48,0.61,0.73,1
3586,2,0.16,0.35,0.48,0.66,0.81,1
3587,3,0.05,0.17,0.27,0.52,0.71,1
3588,1,0.32,0.46,0.55,0.73,0.88,1
3589,4,0.03,0.07,0.16,0.28,0.48,1
3590,5,0.02,0.05,0.11,0.18,0.32,1
3591,1,0.3,0.46,0.63,0.75,0.9,1
3592,2,0.14,0.23,0.38,0.65,0.75,1
3593,1,0.31,0.45,0.63,0.67,0.79,1
3594,3,0.05,0.1,0.26,0.39,0.5,1
3595,4,0.01,0.03,0.08,0.24,0.38,1
3596,5,0.01,0.02,0.04,0.16,0.32,1
3597,3,0.08,0.15,0.35,0.47,0.58,2
3598,5,0.01,0.04,0.07,0.16,0.33,1
3599,3,0.04,0.09,0.24,0.38,0.54,1
3600,5,0.01,0.02,0.07,0.18,0.34,3
3601,3,0.05,0.11,0.27,0.38,0.48,1
3602,1,0.3,0.51,0.72,0.82,0.91,1
3603,2,0.18,0.3,0.45,0.6,0.71,1
3604,1,0.29,0.48,0.7,0.85,0.92,1
3605,5,0.01,0.04,0.07,0.14,0.35,1
3606,4,0.03,0.08,0.15,0.37,0.54,1
3607,5,0.03,0.06,0.1,0.17,0.34,1
3608,5,0.01,0.03,0.05,0.16,0.31,1
3609,4,0.03,0.08,0.15,0.25,0.43,1
3610,5,0.01,0.02,0.07,0.22,0.37,2
3611,4,0.01,0.03,0.1,0.24,0.39,1
3612,1,0.24,0.38,0.51,0.75,0.83,1
3613,3,0.1,0.19,0.32,0.45,0.62,1
3614,4,0.05,0.09,0.17,0.3,0.51,1
3615,3,0.08,0.14,0.26,0.42,0.54,1
3616,4,0.03,0.09,0.24,0.32,0.46,1
3617,5,0.02,0.04,0.1,0.15,0.33,1
3618,5,0.04,0.07,0.11,0.21,0.34,1
3619,2,0.11,0.32,0.48,0.67,0.79,2
3620,3,0.06,0.17,0.29,0.46,0.59,1
3621,5,0.01,0.03,0.07,0.16,0.33,1
3622,5,0.02,0.05,0.09,0.22,0.32,2
3623,4,0.01,0.03,0.09,0.29,0.38,1
3624,4,0.02,0.04,0.11,0.3,0.35,1
3625,3,0.1,0.22,0.33,0.43,0.61,1
3626,2,0.18,0.35,0.54,0.74,0.85,1
3627,5,0,0.01,0.04,0.15,0.25,1
3628,5,0.03,0.05,0.13,0.18,0.32,1
3629,4,0.01,0.05,0.19,0.32,0.48,1
3630,1,0.27,0.38,0.54,0.6,0.77,1
3631,5,0.03,0.06,0.13,0.16,0.37,1
3632,3,0.06,0.13,0.31,0.48,0.73,1
3633,1,0.31,0.4,0.59,0.72,0.83,1
3634,5,0.01,0.02,0.07,0.1,0.24,1
3635,2,0.17,0.35,0.48,0.69,0.79,1
3636,3,0.11,0.16,0.34,0.55,0.77,2
3637,4,0.02,0.06,0.15,0.3,0.4,1
3638,3,0.06,0.14,0.36,0.56,0.66,1
3639,1,0.37,0.64,0.72,0.77,0.87,1
3640,5,0.01,0.02,0.06,0.21,0.36,1
3641,3,0.1,0.17,0.27,0.34,0.53,1
3642,4,0.06,0.11,0.24,0.35,0.57,1
3643,2,0.19,0.34,0.49,0.52,0.63,2
3644,5,0.01,0.03,0.07,0.14,0.24,2
3645,2,0.14,0.3,0.47,0.51,0.67,1
3646,4,0.04,0.07,0.13,0.36,0.52,1
3647,2,0.18,0.33,0.57,0.64,0.77,1
3648,4,0.03,0.09,0.12,0.32,0.42,1
3649,4,0.02,0.06,0.15,0.24,0.43,1
3650,3,0.1,0.15,0.35,0.48,0.67,1
3651,4,0.06,0.14,0.18,0.34,0.47,2
3652,2,0.13,0.29,0.51,0.74,0.86,3
3653,3,0.09,0.15,0.3,0.39,0.51,1
3654,5,0.02,0.05,0.12,0.2,0.36,1
3655,3,0.11,0.15,0.36,0.5,0.6,1
3656,4,0.03,0.09,0.12,0.27,0.41,1
3657,5,0.02,0.06,0.1,0.18,0.25,1
3658,4,0.02,0.07,0.14,0.29,0.38,2
3659,4,0.02,0.06,0.16,0.34,0.46,1
3660,2,0.13,0.29,0.47,0.67,0.74,1
3661,4,0.02,0.04,0.17,0.31,0.42,1
3662,1,0.35,0.54,0.73,0.8,0.87,1
3663,2,0.12,0.32,0.49,0.68,0.79,1
3664,5,0.03,0.06,0.12,0.22,0.35,2
3665,3,0.05,0.11,0.28,0.42,0.6,1
3666,5,0.01,0.03,0.07,0.13,0.33,1
3667,2,0.18,0.27,0.39,0.58,0.73,1
3668,3,0.07,0.14,0.23,0.42,0.56,1
3669,3,0.05,0.12,0.27,0.48,0.71,1
3670,3,0.1,0.22,0.26,0.37,0.55,2
3671,3,0.04,0.12,0.32,0.42,0.52,1
3672,3,0.09,0.18,0.36,0.54,0.59,2
3673,1,0.37,0.51,0.71,0.81,0.89,1
3674,5,0.01,0.04,0.1,0.21,0.36,1
3675,4,0.04,0.09,0.17,0.35,0.46,1
3676,3,0.12,0.2,0.37,0.62,0.72,1
3677,2,0.16,0.26,0.51,0.68,0.8,1
3678,1,0.23,0.4,0.59,0.72,0.82,1
3679,5,0,0.01,0.04,0.12,0.33,1
3680,1,0.32,0.54,0.74,0.84,0.88,1
3681,4,0.04,0.1,0.16,0.31,0.44,3
3682,4,0.02,0.08,0.15,0.29,0.43,1
3683,3,0.08,0.17,0.32,0.57,0.77,1
3684,3,0.04,0.13,0.34,0.56,0.68,2
3685,1,0.32,0.5,0.62,0.72,0.86,1
3686,5,0.01,0.02,0.06,0.13,0.29,1
3687,1,0.31,0.44,0.62,0.77,0.88,1
3688,1,0.24,0.41,0.5,0.68,0.82,1
3689,3,0.04,0.12,0.27,0.44,0.52,1
3690,1,0.28,0.47,0.59,0.75,0.88,1
3691,4,0.03,0.06,0.08,0.26,0.4,1
3692,3,0.06,0.17,0.28,0.43,0.6,1
3693,2,0.15,0.33,0.47,0.66,0.81,2
3694,5,0.01,0.02,0.07,0.16,0.32,1
3695,3,0.03,0.12,0.35,0.44,0.57,1
3696,2,0.14,0.34,0.5,0.68,0.78,1
3697,5,0.01,0.02,0.07,0.12,0.34,1
3698,1,0.31,0.51,0.7,0.84,0.92,1
3699,3,0.17,0.25,0.33,0.53,0.76,1
3700,1,0.28,0.46,0.69,0.84,0.92,1
3701,4,0.03,0.09,0.17,0.25,0.39,1
3702,4,0.05,0.09,0.25,0.34,0.38,1
3703,5,0.01,0.02,0.07,0.16,0.37,1
3704,1,0.29,0.35,0.54,0.72,0.78,1
3705,1,0.35,0.48,0.59,0.66,0.8,1
3706,1,0.35,0.43,0.57,0.63,0.79,1
3707,1,0.24,0.39,0.56,0.73,0.84,1
3708,2,0.16,0.33,0.48,0.62,0.78,1
3709,2,0.12,0.27,0.42,0.54,0.69,1
3710,1,0.36,0.52,0.68,0.82,0.94,1
3711,2,0.19,0.34,0.47,0.64,0.74,2
3712,1,0.32,0.48,0.65,0.75,0.83,1
3713,3,0.08,0.14,0.34,0.51,0.65,1
3714,1,0.32,0.41,0.53,0.57,0.73,1
3715,4,0.02,0.03,0.11,0.24,0.49,1
3716,5,0.01,0.04,0.09,0.21,0.33,1
3717,5,0.02,0.05,0.07,0.13,0.36,1
3718,5,0.02,0.04,0.09,0.19,0.28,1
3719,4,0.02,0.04,0.1,0.27,0.46,1
3720,5,0.02,0.03,0.09,0.18,0.25,1
3721,5,0.01,0.02,0.05,0.14,0.29,1
3722,2,0.16,0.33,0.51,0.69,0.78,1
3723,5,0.01,0.02,0.05,0.17,0.34,1
3724,4,0.03,0.07,0.2,0.29,0.48,1
3725,5,0.01,0.02,0.05,0.12,0.34,1
3726,5,0.01,0.03,0.07,0.2,0.31,2
3727,1,0.27,0.39,0.59,0.74,0.84,1
3728,5,0.01,0.02,0.04,0.08,0.26,1
3729,4,0.02,0.07,0.09,0.25,0.37,1
3730,4,0.03,0.06,0.17,0.36,0.46,1
3731,4,0.03,0.05,0.13,0.35,0.42,1
3732,1,0.35,0.44,0.62,0.77,0.8,1
3733,3,0.02,0.06,0.26,0.46,0.59,1
3734,3,0.05,0.14,0.3,0.36,0.5,4
3735,5,0.01,0.03,0.09,0.16,0.33,2
3736,1,0.31,0.44,0.66,0.76,0.86,1
3737,2,0.21,0.34,0.51,0.66,0.8,2
3738,1,0.33,0.46,0.61,0.76,0.86,1
3739,3,0.04,0.12,0.27,0.47,0.63,1
3740,2,0.17,0.34,0.54,0.68,0.87,2
3741,4,0.05,0.1,0.21,0.35,0.56,1
3742,5,0.01,0.03,0.08,0.15,0.33,1
3743,1,0.36,0.58,0.73,0.77,0.82,3
3744,2,0.17,0.36,0.52,0.68,0.86,1
3745,3,0.06,0.19,0.33,0.53,0.69,1
3746,5,0.07,0.09,0.14,0.21,0.32,1
3747,1,0.33,0.48,0.69,0.8,0.86,1
3748,1,0.37,0.51,0.67,0.86,0.92,1
3749,5,0.01,0.03,0.07,0.09,0.25,1
3750,1,0.28,0.42,0.58,0.74,0.83,1
3751,5,0.02,0.06,0.11,0.15,0.34,1
3752,3,0.04,0.13,0.26,0.4,0.53,1
3753,4,0.03,0.06,0.1,0.28,0.41,1
3754,2,0.13,0.32,0.56,0.74,0.81,1
3755,2,0.13,0.23,0.37,0.49,0.63,1
3756,3,0.04,0.15,0.24,0.41,0.51,1
3757,2,0.13,0.36,0.45,0.64,0.7,1
3758,4,0.03,0.04,0.08,0.23,0.43,1
3759,4,0.02,0.05,0.13,0.26,0.45,1
3760,1,0.29,0.46,0.63,0.78,0.87,1
3761,2,0.14,0.28,0.44,0.63,0.73,1
3762,1,0.24,0.42,0.59,0.75,0.85,1
3763,5,0.01,0.03,0.06,0.14,0.29,1
3764,1,0.28,0.46,0.67,0.82,0.9,1
3765,3,0.05,0.16,0.31,0.55,0.68,2
3766,2,0.14,0.29,0.47,0.73,0.83,1
3767,3,0.08,0.12,0.24,0.37,0.41,1
3768,3,0.06,0.12,0.26,0.36,0.52,1
3769,5,0.01,0.05,0.07,0.22,0.33,2
3770,4,0.04,0.09,0.19,0.3,0.48,1
3771,5,0.02,0.03,0.06,0.17,0.3,2
3772,4,0.04,0.07,0.13,0.35,0.5,2
3773,4,0.03,0.08,0.17,0.29,0.45,1
3774,1,0.3,0.39,0.58,0.69,0.84,1
3775,5,0.01,0.02,0.08,0.15,0.25,1
3776,4,0.01,0.03,0.09,0.25,0.37,1
3777,5,0.02,0.06,0.08,0.21,0.37,1
3778,4,0.06,0.1,0.17,0.35,0.52,1
3779,1,0.23,0.41,0.48,0.67,0.75,1
3780,1,0.35,0.48,0.68,0.8,0.9,1
3781,3,0.04,0.11,0.3,0.37,0.58,1
3782,2,0.16,0.31,0.54,0.7,0.79,2
3783,4,0.01,0.03,0.07,0.28,0.5,1
3784,3,0.07,0.19,0.28,0.37,0.49,1
3785,3,0.05,0.09,0.24,0.36,0.56,1
3786,2,0.18,0.35,0.56,0.75,0.87,1
3787,5,0.02,0.03,0.06,0.11,0.28,1
3788,4,0.01,0.05,0.1,0.24,0.42,1
3789,1,0.32,0.4,0.49,0.68,0.79,1
3790,4,0.01,0.05,0.11,0.31,0.48,1
3791,5,0,0.01,0.06,0.13,0.23,1
3792,2,0.08,0.33,0.35,0.52,0.66,2
3793,1,0.27,0.46,0.61,0.72,0.84,1
3794,4,0.03,0.05,0.12,0.26,0.34,1
3795,4,0.01,0.03,0.1,0.3,0.58,1
3796,1,0.26,0.5,0.63,0.8,0.87,2
3797,5,0.01,0.04,0.06,0.13,0.36,1
3798,5,0.02,0.07,0.13,0.21,0.36,1
3799,1,0.26,0.44,0.66,0.79,0.89,1
3800,2,0.1,0.23,0.37,0.49,0.72,1
3801,5,0.01,0.04,0.08,0.13,0.25,1
3802,3,0.06,0.14,0.34,0.44,0.62,1
3803,1,0.36,0.43,0.59,0.75,0.84,1
3804,5,0.01,0.03,0.07,0.14,0.31,1
3805,4,0.02,0.03,0.08,0.3,0.52,2
3806,4,0.03,0.07,0.17,0.29,0.45,1
3807,2,0.2,0.37,0.52,0.66,0.75,1
3808,1,0.36,0.57,0.74,0.82,0.86,1
3809,4,0.02,0.03,0.09,0.29,0.39,1
3810,5,0.01,0.02,0.06,0.11,0.33,1
3811,3,0.05,0.12,0.25,0.45,0.65,1
3812,1,0.35,0.53,0.72,0.88,0.93,1
3813,4,0.03,0.08,0.21,0.32,0.48,2
3814,3,0.07,0.15,0.27,0.45,0.57,1
3815,3,0.05,0.14,0.37,0.51,0.69,1
3816,5,0.02,0.06,0.1,0.19,0.31,1
3817,2,0.17,0.29,0.42,0.62,0.69,1
3818,1,0.27,0.39,0.5,0.63,0.75,1
3819,5,0.01,0.05,0.12,0.19,0.36,2
3820,5,0.02,0.06,0.11,0.19,0.32,1
3821,1,0.32,0.54,0.72,0.84,0.92,1
3822,5,0.01,0.02,0.05,0.16,0.35,1
3823,5,0.02,0.04,0.08,0.2,0.33,2
3824,5,0.01,0.02,0.07,0.17,0.23,1
3825,4,0.01,0.03,0.11,0.31,0.47,1
3826,1,0.37,0.55,0.81,0.94,0.96,1
3827,5,0.01,0.02,0.05,0.12,0.3,1
3828,2,0.15,0.23,0.39,0.64,0.79,1
3829,5,0,0.01,0.04,0.09,0.23,1
3830,1,0.34,0.43,0.55,0.7,0.82,1
3831,4,0.05,0.08,0.19,0.32,0.47,1
3832,3,0.13,0.24,0.34,0.49,0.66,1
3833,3,0.12,0.13,0.25,0.37,0.63,1
3834,3,0.04,0.15,0.31,0.47,0.65,1
3835,5,0.01,0.03,0.05,0.11,0.27,1
3836,5,0.01,0.02,0.04,0.12,0.26,1
3837,2,0.15,0.25,0.52,0.64,0.78,1
3838,4,0.02,0.06,0.12,0.23,0.37,1
3839,2,0.16,0.27,0.44,0.61,0.78,1
3840,1,0.33,0.57,0.7,0.81,0.89,1
3841,4,0.02,0.05,0.16,0.29,0.4,1
3842,5,0.01,0.03,0.08,0.17,0.26,1
3843,3,0.05,0.11,0.27,0.48,0.64,2
3844,4,0.03,0.09,0.13,0.33,0.44,1
3845,1,0.27,0.43,0.62,0.76,0.84,2
3846,2,0.14,0.35,0.5,0.61,0.8,1
3847,3,0.04,0.15,0.34,0.45,0.49,2
3848,2,0.14,0.35,0.57,0.74,0.82,1
3849,4,0.03,0.06,0.12,0.31,0.48,1
3850,2,0.26,0.33,0.5,0.69,0.8,3
3851,5,0,0.01,0.03,0.12,0.23,1
3852,5,0.04,0.1,0.11,0.21,0.36,2
3853,5,0.03,0.04,0.13,0.18,0.33,1
3854,3,0.08,0.17,0.25,0.44,0.52,1
3855,4,0.03,0.07,0.16,0.29,0.39,2
3856,2,0.23,0.35,0.5,0.67,0.83,1
3857,1,0.37,0.49,0.71,0.85,0.92,1
3858,2,0.16,0.26,0.42,0.6,0.73,1
3859,3,0.1,0.17,0.34,0.56,0.61,1
3860,5,0.01,0.04,0.06,0.13,0.3,1
3861,2,0.09,0.24,0.38,0.54,0.63,1
3862,1,0.35,0.46,0.64,0.71,0.84,1
3863,5,0.01,0.02,0.03,0.12,0.25,1
3864,2,0.15,0.25,0.38,0.62,0.74,1
3865,1,0.25,0.43,0.56,0.78,0.87,1
3866,1,0.27,0.43,0.61,0.75,0.88,1
3867,3,0.09,0.16,0.26,0.52,0.67,1
3868,1,0.31,0.48,0.66,0.79,0.87,1
3869,4,0.04,0.09,0.16,0.28,0.43,1
3870,3,0.06,0.13,0.3,0.42,0.56,1
3871,3,0.1,0.18,0.27,0.47,0.68,1
3872,2,0.15,0.34,0.4,0.62,0.79,2
3873,4,0.02,0.07,0.12,0.31,0.52,1
3874,4,0.03,0.08,0.18,0.3,0.37,2
3875,3,0.06,0.1,0.3,0.47,0.57,1
3876,1,0.28,0.39,0.49,0.68,0.8,1
3877,1,0.33,0.46,0.64,0.75,0.87,2
3878,2,0.22,0.31,0.6,0.76,0.83,1
3879,2,0.21,0.36,0.46,0.61,0.81,1
3880,4,0.04,0.07,0.11,0.3,0.48,2
3881,4,0.02,0.05,0.14,0.27,0.43,1
3882,2,0.13,0.3,0.52,0.68,0.79,1
3883,2,0.17,0.27,0.35,0.47,0.71,1
3884,5,0.03,0.05,0.08,0.21,0.29,1
3885,4,0.02,0.06,0.16,0.35,0.49,1
3886,1,0.37,0.52,0.71,0.86,0.93,1
3887,5,0.01,0.02,0.06,0.18,0.27,1
3888,2,0.15,0.35,0.53,0.67,0.79,2
3889,4,0.02,0.06,0.16,0.23,0.4,1
3890,2,0.23,0.33,0.54,0.7,0.78,1
3891,2,0.15,0.37,0.61,0.83,0.92,1
3892,2,0.16,0.29,0.52,0.7,0.85,1
3893,3,0.09,0.14,0.24,0.36,0.59,1
3894,3,0.09,0.19,0.26,0.49,0.55,1
3895,3,0.04,0.1,0.24,0.39,0.48,1
3896,2,0.16,0.27,0.45,0.61,0.78,2
3897,4,0.03,0.07,0.19,0.25,0.42,1
3898,2,0.13,0.33,0.54,0.73,0.84,1
3899,4,0.02,0.08,0.19,0.3,0.38,1
3900,2,0.17,0.37,0.49,0.62,0.75,1
3901,5,0.02,0.03,0.09,0.19,0.34,1
3902,2,0.1,0.28,0.38,0.65,0.76,1
3903,3,0.06,0.12,0.3,0.44,0.61,1
3904,4,0.02,0.04,0.15,0.28,0.56,1
3905,5,0.01,0.02,0.06,0.13,0.36,1
3906,5,0.01,0.03,0.04,0.17,0.35,1
3907,3,0.09,0.14,0.37,0.57,0.75,1
3908,2,0.14,0.33,0.56,0.73,0.8,2
3909,1,0.26,0.46,0.57,0.72,0.8,1
3910,5,0.01,0.03,0.05,0.12,0.36,1
3911,3,0.09,0.15,0.27,0.42,0.5,1
3912,5,0.01,0.02,0.04,0.11,0.34,1
3913,3,0.03,0.11,0.31,0.53,0.72,1
3914,2,0.08,0.26,0.47,0.64,0.74,1
3915,4,0.03,0.06,0.21,0.37,0.52,1
3916,1,0.32,0.45,0.62,0.68,0.85,1
3917,1,0.32,0.46,0.75,0.82,0.89,1
3918,3,0.11,0.22,0.27,0.46,0.73,1
3919,1,0.25,0.37,0.51,0.74,0.85,1
3920,1,0.32,0.42,0.69,0.8,0.85,1
3921,4,0.03,0.07,0.15,0.29,0.4,1
3922,1,0.37,0.46,0.57,0.69,0.83,1
3923,4,0.02,0.06,0.18,0.37,0.61,1
3924,2,0.13,0.28,0.42,0.53,0.67,1
3925,1,0.29,0.46,0.65,0.83,0.92,1
3926,1,0.35,0.45,0.64,0.75,0.88,1
3927,4,0.01,0.03,0.13,0.24,0.42,1
3928,1,0.31,0.43,0.61,0.77,0.88,2
3929,3,0.06,0.14,0.25,0.36,0.49,1
3930,4,0.02,0.07,0.12,0.25,0.37,1
3931,1,0.27,0.52,0.67,0.8,0.88,2
3932,3,0.08,0.2,0.3,0.44,0.63,1
3933,3,0.11,0.17,0.24,0.4,0.5,1
3934,2,0.14,0.3,0.43,0.61,0.74,2
3935,5,0.01,0.03,0.07,0.14,0.27,1
3936,3,0.05,0.21,0.34,0.46,0.72,1
3937,3,0.06,0.16,0.34,0.5,0.61,1
3938,4,0.03,0.07,0.19,0.35,0.44,1
3939,3,0.03,0.15,0.27,0.4,0.52,1
3940,4,0.03,0.07,0.17,0.3,0.51,1
3941,2,0.14,0.35,0.44,0.64,0.77,2
3942,3,0.08,0.17,0.28,0.5,0.73,1
3943,1,0.27,0.44,0.63,0.83,0.9,1
3944,2,0.16,0.26,0.41,0.52,0.67,1
3945,5,0.02,0.03,0.04,0.1,0.28,1
3946,5,0.01,0.03,0.09,0.14,0.3,1
3947,2,0.13,0.27,0.45,0.6,0.76,1
3948,5,0.01,0.03,0.06,0.12,0.28,1
3949,4,0.02,0.04,0.12,0.28,0.48,1
3950,5,0.03,0.07,0.15,0.2,0.36,1
3951,3,0.09,0.14,0.34,0.45,0.55,1
3952,5,0,0.01,0.03,0.09,0.23,1
3953,2,0.17,0.36,0.47,0.61,0.81,1
3954,1,0.3,0.45,0.67,0.81,0.88,1
3955,5,0.01,0.02,0.06,0.15,0.3,1
3956,1,0.27,0.35,0.51,0.7,0.82,1
3957,1,0.28,0.37,0.53,0.66,0.77,1
3958,4,0.03,0.08,0.18,0.34,0.49,1
3959,4,0.06,0.15,0.19,0.37,0.53,1
3960,4,0.09,0.12,0.18,0.36,0.43,1
3961,4,0.04,0.09,0.21,0.37,0.52,2
3962,1,0.37,0.43,0.58,0.7,0.83,1
3963,2,0.19,0.3,0.47,0.49,0.61,1
3964,5,0.02,0.04,0.13,0.17,0.29,1
3965,3,0.09,0.2,0.37,0.57,0.63,1
3966,1,0.36,0.5,0.63,0.73,0.79,1
3967,5,0.02,0.05,0.11,0.17,0.34,2
3968,3,0.07,0.19,0.27,0.55,0.72,1
3969,3,0.07,0.15,0.35,0.49,0.64,1
3970,2,0.1,0.29,0.59,0.78,0.86,1
3971,3,0.13,0.23,0.34,0.52,0.75,1
3972,2,0.14,0.26,0.46,0.59,0.8,1
3973,1,0.33,0.48,0.6,0.75,0.84,1
3974,1,0.26,0.34,0.47,0.69,0.83,1
3975,5,0.03,0.07,0.14,0.24,0.33,3
3976,3,0.03,0.15,0.27,0.44,0.54,1
3977,2,0.12,0.31,0.5,0.71,0.78,1
3978,1,0.24,0.42,0.65,0.78,0.82,1
3979,2,0.11,0.27,0.36,0.5,0.62,1
3980,3,0.07,0.1,0.29,0.39,0.59,1
3981,3,0.06,0.14,0.28,0.47,0.65,1
3982,2,0.09,0.36,0.56,0.72,0.78,1
3983,4,0.04,0.1,0.2,0.37,0.47,1
3984,5,0.01,0.02,0.05,0.14,0.26,1
3985,2,0.11,0.27,0.4,0.57,0.71,1
3986,3,0.03,0.15,0.33,0.43,0.61,2
3987,3,0.05,0.14,0.34,0.45,0.62,1
3988,4,0.02,0.06,0.16,0.3,0.48,1
3989,2,0.19,0.28,0.38,0.53,0.71,1
3990,2,0.17,0.37,0.48,0.56,0.75,1
3991,2,0.11,0.28,0.42,0.6,0.68,1
3992,4,0.02,0.05,0.15,0.29,0.47,1
3993,4,0.03,0.07,0.19,0.32,0.39,1
3994,1,0.37,0.52,0.68,0.75,0.8,1
3995,2,0.13,0.3,0.46,0.48,0.69,1
3996,5,0.01,0.03,0.05,0.09,0.36,1
3997,5,0.01,0.02,0.05,0.13,0.35,3
3998,4,0.03,0.06,0.2,0.33,0.49,1
3999,1,0.34,0.5,0.65,0.78,0.87,1
4000,3,0.18,0.23,0.27,0.42,0.65,1
4001,2,0.19,0.32,0.46,0.67,0.78,1
4002,2,0.11,0.29,0.42,0.55,0.67,1
4003,2,0.19,0.33,0.57,0.73,0.85,1
4004,1,0.35,0.53,0.59,0.73,0.84,1
4005,1,0.35,0.48,0.67,0.75,0.87,1
4006,5,0.03,0.06,0.08,0.2,0.26,1
4007,5,0.01,0.02,0.06,0.14,0.23,1
4008,5,0.01,0.03,0.07,0.19,0.28,1
4009,3,0.07,0.1,0.24,0.44,0.57,1
4010,5,0.01,0.04,0.07,0.13,0.36,1
4011,4,0.07,0.11,0.17,0.27,0.38,3
4012,2,0.1,0.27,0.48,0.73,0.86,1
4013,3,0.05,0.11,0.25,0.49,0.75,1
4014,4,0.04,0.11,0.21,0.35,0.57,1
4015,3,0.09,0.17,0.35,0.4,0.58,1
4016,3,0.09,0.13,0.28,0.45,0.67,1
4017,3,0.07,0.17,0.37,0.57,0.75,1
4018,4,0.03,0.06,0.12,0.31,0.53,1
4019,5,0,0.01,0.02,0.08,0.23,1
4020,4,0.01,0.04,0.1,0.31,0.41,1
4021,4,0.03,0.08,0.18,0.34,0.53,1
4022,1,0.36,0.49,0.67,0.8,0.86,1
4023,4,0.07,0.11,0.15,0.36,0.45,1
4024,4,0.01,0.05,0.12,0.24,0.41,1
4025,1,0.24,0.38,0.59,0.73,0.87,1
4026,3,0.08,0.18,0.37,0.44,0.61,2
4027,1,0.25,0.39,0.52,0.74,0.81,1
4028,5,0.01,0.03,0.06,0.18,0.26,1
4029,4,0.06,0.11,0.21,0.31,0.52,1
4030,3,0.07,0.2,0.27,0.34,0.52,1
4031,3,0.04,0.11,0.32,0.46,0.7,1
4032,1,0.27,0.41,0.48,0.7,0.82,1
4033,3,0.08,0.2,0.35,0.53,0.69,1
4034,5,0.02,0.06,0.09,0.17,0.31,1
4035,4,0.03,0.07,0.19,0.35,0.5,1
4036,2,0.17,0.28,0.46,0.52,0.55,1
4037,4,0.02,0.04,0.08,0.25,0.42,1
4038,3,0.08,0.15,0.27,0.43,0.47,2
4039,3,0.1,0.18,0.31,0.49,0.6,1
4040,2,0.19,0.3,0.45,0.63,0.79,1
4041,5,0.02,0.03,0.07,0.14,0.28,1
4042,5,0.03,0.06,0.08,0.22,0.33,1
4043,4,0.02,0.08,0.2,0.36,0.53,1
4044,2,0.2,0.33,0.44,0.71,0.8,1
4045,1,0.3,0.52,0.75,0.89,0.91,1
4046,3,0.06,0.11,0.28,0.49,0.7,1
4047,4,0.03,0.07,0.14,0.36,0.57,1
4048,1,0.27,0.37,0.54,0.68,0.84,1
4049,3,0.09,0.18,0.36,0.55,0.61,1
4050,1,0.3,0.48,0.75,0.81,0.95,1
4051,1,0.33,0.49,0.73,0.83,0.9,1
4052,3,0.04,0.13,0.24,0.36,0.51,2
4053,3,0.05,0.13,0.25,0.49,0.64,1
4054,5,0.02,0.03,0.07,0.15,0.31,1
4055,3,0.05,0.12,0.3,0.48,0.62,1
4056,4,0.02,0.05,0.09,0.25,0.43,2
4057,1,0.37,0.44,0.62,0.79,0.87,1
4058,1,0.32,0.4,0.56,0.59,0.73,1
4059,2,0.15,0.29,0.51,0.63,0.81,1
4060,3,0.06,0.09,0.27,0.48,0.68,1
4061,1,0.26,0.41,0.6,0.78,0.87,1
4062,1,0.28,0.42,0.63,0.77,0.86,1
4063,3,0.11,0.2,0.27,0.4,0.59,1
4064,3,0.07,0.18,0.29,0.51,0.66,1
4065,4,0.04,0.08,0.14,0.25,0.35,1
4066,1,0.28,0.36,0.47,0.61,0.77,1
4067,3,0.07,0.15,0.3,0.42,0.56,1
4068,4,0.07,0.09,0.12,0.29,0.54,1
4069,5,0.01,0.03,0.07,0.15,0.31,1
4070,2,0.11,0.24,0.41,0.53,0.62,1
4071,3,0.13,0.18,0.37,0.49,0.67,1
4072,1,0.32,0.47,0.65,0.83,0.92,1
4073,1,0.23,0.37,0.6,0.68,0.82,1
4074,1,0.27,0.51,0.73,0.8,0.91,1
4075,3,0.05,0.1,0.32,0.38,0.63,1
4076,3,0.08,0.16,0.35,0.5,0.61,1
4077,4,0.04,0.06,0.16,0.27,0.45,3
4078,5,0.02,0.03,0.1,0.15,0.26,1
4079,5,0.02,0.05,0.06,0.14,0.28,1
4080,2,0.15,0.36,0.41,0.49,0.68,1
4081,3,0.06,0.13,0.23,0.38,0.54,2
4082,4,0.05,0.07,0.12,0.33,0.52,1
4083,5,0.01,0.03,0.08,0.17,0.27,1
4084,2,0.1,0.27,0.46,0.64,0.78,1
4085,3,0.07,0.17,0.31,0.39,0.54,1
4086,1,0.26,0.39,0.48,0.66,0.76,2
4087,3,0.12,0.15,0.32,0.48,0.59,1
4088,4,0.02,0.03,0.1,0.25,0.38,1
4089,2,0.16,0.36,0.56,0.71,0.82,1
4090,5,0.01,0.04,0.08,0.15,0.31,1
4091,1,0.28,0.36,0.49,0.67,0.82,1
4092,3,0.09,0.16,0.34,0.44,0.55,1
4093,3,0.04,0.11,0.37,0.41,0.61,1
4094,4,0.03,0.05,0.15,0.37,0.45,1
4095,5,0.01,0.03,0.07,0.14,0.34,1
4096,5,0.03,0.05,0.1,0.17,0.34,1
4097,4,0.05,0.11,0.17,0.29,0.31,3
4098,1,0.36,0.58,0.75,0.86,0.94,1
4099,2,0.15,0.33,0.49,0.62,0.71,1
4100,5,0,0.02,0.06,0.12,0.3,2
4101,4,0.02,0.03,0.08,0.24,0.4,1
4102,5,0.01,0.02,0.04,0.12,0.35,1
4103,5,0.01,0.03,0.06,0.14,0.25,1
4104,4,0.05,0.08,0.15,0.27,0.38,1
4105,1,0.29,0.38,0.57,0.75,0.84,1
4106,3,0.06,0.12,0.32,0.42,0.53,1
4107,1,0.26,0.4,0.51,0.66,0.73,1
4108,4,0.01,0.03,0.09,0.23,0.44,1
4109,3,0.05,0.13,0.27,0.4,0.6,1
4110,3,0.08,0.17,0.3,0.38,0.52,1
4111,3,0.03,0.1,0.26,0.47,0.57,1
4112,4,0.03,0.05,0.15,0.31,0.49,1
4113,5,0.04,0.06,0.08,0.16,0.24,1
4114,3,0.1,0.21,0.32,0.43,0.65,1
4115,4,0.02,0.05,0.13,0.33,0.48,1
4116,2,0.14,0.29,0.54,0.66,0.74,1
4117,5,0.02,0.05,0.09,0.22,0.34,1
4118,3,0.07,0.18,0.28,0.42,0.58,1
4119,1,0.37,0.56,0.72,0.85,0.92,1
4120,1,0.32,0.48,0.62,0.7,0.78,1
4121,2,0.1,0.26,0.4,0.61,0.79,1
4122,2,0.14,0.26,0.44,0.57,0.68,1
4123,4,0.02,0.06,0.19,0.32,0.5,1
4124,4,0.04,0.06,0.15,0.28,0.39,1
4125,4,0.05,0.08,0.2,0.37,0.53,1
4126,3,0.04,0.09,0.28,0.45,0.56,1
4127,5,0.01,0.04,0.06,0.19,0.23,1
4128,5,0.01,0.04,0.1,0.22,0.37,1
4129,2,0.15,0.34,0.57,0.72,0.82,1
4130,3,0.07,0.17,0.34,0.56,0.79,1
4131,3,0.07,0.13,0.27,0.45,0.56,1
4132,3,0.06,0.15,0.29,0.49,0.6,1
4133,3,0.05,0.11,0.3,0.51,0.63,1
4134,4,0.05,0.12,0.2,0.34,0.56,1
4135,2,0.22,0.36,0.49,0.67,0.82,1
4136,1,0.26,0.36,0.49,0.7,0.73,1
4137,2,0.07,0.26,0.45,0.62,0.7,1
4138,2,0.13,0.32,0.4,0.55,0.62,1
4139,4,0.03,0.09,0.19,0.36,0.49,1
4140,1,0.36,0.49,0.6,0.66,0.77,1
4141,5,0.01,0.02,0.08,0.19,0.34,1
4142,5,0.03,0.1,0.12,0.16,0.33,1
4143,4,0.03,0.05,0.15,0.23,0.42,1
4144,1,0.33,0.54,0.7,0.78,0.87,1
4145,4,0.03,0.06,0.12,0.29,0.51,1
4146,3,0.03,0.12,0.25,0.39,0.55,1
4147,4,0.05,0.1,0.17,0.32,0.42,1
4148,4,0.02,0.04,0.13,0.26,0.42,2
4149,2,0.18,0.29,0.5,0.61,0.71,1
4150,4,0.11,0.16,0.23,0.29,0.43,1
4151,3,0.05,0.14,0.27,0.36,0.55,1
4152,1,0.35,0.47,0.64,0.8,0.89,1
4153,1,0.25,0.5,0.62,0.78,0.85,1
4154,2,0.14,0.27,0.44,0.6,0.7,1
4155,4,0.05,0.08,0.18,0.34,0.52,1
4156,2,0.06,0.25,0.35,0.42,0.58,1
4157,1,0.35,0.58,0.69,0.82,0.88,1
4158,4,0.03,0.07,0.17,0.31,0.5,2
4159,4,0.02,0.06,0.17,0.36,0.5,1
4160,3,0.1,0.17,0.35,0.47,0.66,1
4161,5,0.01,0.04,0.08,0.13,0.34,1
4162,1,0.33,0.44,0.65,0.78,0.88,1
4163,1,0.29,0.47,0.68,0.77,0.85,2
4164,1,0.33,0.56,0.74,0.84,0.9,1
4165,4,0.02,0.03,0.11,0.24,0.4,1
4166,3,0.03,0.11,0.29,0.41,0.61,1
4167,3,0.12,0.18,0.29,0.41,0.57,2
4168,2,0.23,0.36,0.54,0.68,0.82,1
4169,4,0.05,0.11,0.2,0.36,0.61,2
4170,5,0.02,0.04,0.06,0.11,0.27,1
4171,1,0.33,0.4,0.46,0.57,0.69,2
4172,2,0.08,0.24,0.38,0.49,0.66,1
4173,4,0.03,0.08,0.19,0.33,0.44,1
4174,3,0.09,0.17,0.31,0.51,0.63,1
4175,2,0.14,0.3,0.4,0.52,0.72,1
4176,2,0.11,0.24,0.36,0.54,0.71,1
4177,3,0.04,0.1,0.32,0.38,0.45,1
4178,5,0.02,0.04,0.1,0.21,0.33,2
4179,2,0.19,0.33,0.41,0.57,0.66,1
4180,4,0.04,0.1,0.16,0.29,0.36,1
4181,2,0.16,0.3,0.42,0.52,0.63,2
4182,3,0.05,0.17,0.35,0.53,0.7,1
4183,4,0.02,0.03,0.11,0.29,0.49,1
4184,1,0.33,0.41,0.6,0.76,0.86,2
4185,2,0.2,0.36,0.57,0.7,0.76,2
4186,4,0.05,0.13,0.14,0.29,0.59,1
4187,2,0.15,0.31,0.49,0.65,0.81,3
4188,5,0.02,0.07,0.14,0.24,0.31,1
4189,2,0.14,0.27,0.39,0.56,0.71,1
4190,2,0.12,0.34,0.54,0.59,0.68,1
4191,4,0.03,0.09,0.14,0.29,0.41,1
4192,2,0.13,0.3,0.48,0.56,0.75,1
4193,3,0.05,0.1,0.26,0.46,0.59,1
4194,1,0.31,0.52,0.69,0.75,0.86,1
4195,3,0.06,0.12,0.28,0.44,0.53,1
4196,2,0.19,0.31,0.52,0.63,0.75,1
4197,3,0.12,0.23,0.36,0.61,0.67,1
4198,4,0.02,0.06,0.16,0.24,0.39,1
4199,5,0.02,0.06,0.15,0.21,0.37,1
4200,1,0.27,0.36,0.51,0.62,0.78,1
4201,4,0.03,0.06,0.12,0.24,0.45,1
4202,1,0.28,0.46,0.71,0.84,0.91,1
4203,4,0.02,0.05,0.15,0.3,0.5,1
4204,2,0.14,0.31,0.46,0.66,0.71,1
4205,4,0.02,0.04,0.1,0.27,0.33,1
4206,2,0.21,0.31,0.39,0.6,0.72,1
4207,2,0.18,0.37,0.55,0.7,0.83,1
4208,3,0.08,0.16,0.33,0.55,0.69,1
4209,3,0.06,0.16,0.35,0.52,0.61,1
4210,5,0.02,0.04,0.09,0.18,0.36,1
4211,4,0.04,0.07,0.13,0.25,0.38,1
4212,5,0.02,0.04,0.07,0.16,0.33,1
4213,2,0.25,0.32,0.46,0.58,0.76,1
4214,2,0.14,0.34,0.45,0.67,0.79,1
4215,2,0.18,0.27,0.39,0.51,0.57,1
4216,3,0.06,0.12,0.3,0.45,0.64,1
4217,4,0.01,0.05,0.1,0.28,0.5,1
4218,2,0.11,0.31,0.5,0.65,0.82,1
4219,2,0.2,0.29,0.32,0.48,0.69,1
4220,5,0.01,0.04,0.09,0.15,0.28,1
4221,2,0.22,0.33,0.41,0.55,0.75,1
4222,3,0.04,0.1,0.25,0.4,0.49,1
4223,4,0.02,0.09,0.22,0.31,0.47,1
4224,5,0.02,0.05,0.09,0.24,0.34,1
4225,5,0.03,0.05,0.08,0.14,0.29,1
4226,1,0.26,0.34,0.45,0.59,0.75,1
4227,2,0.18,0.36,0.51,0.58,0.68,1
4228,3,0.06,0.1,0.26,0.43,0.66,1
4229,5,0.01,0.03,0.11,0.15,0.28,1
4230,1,0.29,0.41,0.52,0.68,0.84,1
4231,5,0.02,0.04,0.07,0.12,0.24,1
4232,5,0.01,0.04,0.07,0.16,0.31,1
4233,5,0.01,0.02,0.05,0.12,0.26,1
4234,5,0,0.01,0.05,0.07,0.25,1
4235,5,0.02,0.05,0.09,0.11,0.24,1
4236,1,0.34,0.46,0.67,0.77,0.86,1
4237,1,0.31,0.5,0.63,0.77,0.84,1
4238,4,0.04,0.08,0.15,0.35,0.38,1
4239,1,0.37,0.62,0.77,0.85,0.89,2
4240,4,0.03,0.08,0.21,0.33,0.44,1
4241,4,0.02,0.06,0.13,0.36,0.53,2
4242,2,0.12,0.23,0.43,0.71,0.86,2
4243,3,0.1,0.19,0.32,0.53,0.61,1
4244,2,0.07,0.27,0.36,0.5,0.72,1
4245,2,0.11,0.29,0.45,0.61,0.82,2
4246,4,0.04,0.08,0.19,0.33,0.58,1
4247,1,0.36,0.59,0.81,0.88,0.93,1
4248,4,0.06,0.11,0.25,0.33,0.54,1
4249,4,0.05,0.1,0.19,0.28,0.51,1
4250,5,0.01,0.05,0.08,0.15,0.28,1
4251,3,0.11,0.18,0.29,0.48,0.53,1
4252,2,0.13,0.29,0.46,0.64,0.77,1
4253,4,0.02,0.05,0.18,0.32,0.46,1
4254,5,0.01,0.03,0.06,0.13,0.28,1
4255,2,0.16,0.35,0.45,0.68,0.78,1
4256,4,0.01,0.04,0.11,0.34,0.51,2
4257,2,0.15,0.3,0.49,0.7,0.79,1
4258,3,0.08,0.2,0.34,0.52,0.65,1
4259,3,0.08,0.2,0.27,0.39,0.48,1
4260,3,0.05,0.16,0.36,0.6,0.83,1
4261,1,0.3,0.39,0.58,0.73,0.82,1
4262,3,0.1,0.12,0.29,0.41,0.54,1
4263,2,0.1,0.29,0.41,0.51,0.6,1
4264,1,0.36,0.46,0.65,0.73,0.83,2
4265,3,0.12,0.19,0.33,0.45,0.6,1
4266,1,0.28,0.46,0.64,0.82,0.93,1
4267,5,0.04,0.07,0.11,0.26,0.33,1
4268,3,0.09,0.17,0.36,0.54,0.75,1
4269,4,0.02,0.07,0.19,0.3,0.38,1
4270,3,0.05,0.13,0.32,0.53,0.66,1
4271,1,0.28,0.4,0.62,0.78,0.89,1
4272,1,0.24,0.41,0.52,0.74,0.83,1
4273,5,0.01,0.02,0.06,0.12,0.31,1
4274,2,0.17,0.29,0.41,0.51,0.64,1
4275,5,0.01,0.03,0.09,0.21,0.31,1
4276,4,0.02,0.06,0.2,0.31,0.44,1
4277,3,0.04,0.14,0.27,0.39,0.49,1
4278,3,0.03,0.09,0.31,0.49,0.73,1
4279,2,0.1,0.28,0.39,0.43,0.57,1
4280,3,0.09,0.21,0.34,0.49,0.67,1
4281,4,0.03,0.07,0.22,0.36,0.5,1
4282,3,0.08,0.13,0.28,0.42,0.56,1
4283,2,0.11,0.24,0.4,0.44,0.55,2
4284,2,0.16,0.32,0.44,0.63,0.8,1
4285,1,0.3,0.5,0.66,0.8,0.88,1
4286,1,0.31,0.45,0.55,0.72,0.8,1
4287,5,0,0.01,0.03,0.08,0.24,1
4288,3,0.15,0.23,0.34,0.55,0.74,1
4289,2,0.08,0.23,0.38,0.51,0.64,1
4290,2,0.09,0.32,0.42,0.59,0.79,1
4291,2,0.12,0.32,0.49,0.62,0.72,1
4292,3,0.08,0.18,0.34,0.47,0.57,1
4293,5,0.02,0.05,0.08,0.15,0.33,1
4294,3,0.06,0.16,0.34,0.5,0.67,1
4295,2,0.14,0.26,0.44,0.63,0.76,1
4296,5,0.01,0.03,0.08,0.15,0.35,1
4297,1,0.25,0.44,0.58,0.65,0.82,1
4298,2,0.14,0.3,0.4,0.59,0.71,1
4299,4,0.03,0.07,0.18,0.37,0.48,1
4300,4,0.02,0.07,0.17,0.36,0.54,1
4301,4,0.03,0.09,0.18,0.26,0.56,1
4302,1,0.25,0.46,0.61,0.77,0.85,1
4303,2,0.15,0.34,0.46,0.62,0.8,1
4304,5,0.01,0.02,0.06,0.12,0.24,1
4305,3,0.04,0.11,0.3,0.47,0.64,1
4306,3,0.03,0.08,0.25,0.45,0.6,1
4307,2,0.12,0.3,0.34,0.54,0.78,1
4308,2,0.17,0.37,0.54,0.72,0.79,1
4309,5,0.02,0.07,0.15,0.22,0.29,3
4310,3,0.1,0.17,0.34,0.6,0.76,1
4311,2,0.14,0.31,0.41,0.51,0.72,1
4312,1,0.35,0.52,0.73,0.86,0.92,1
4313,1,0.25,0.4,0.5,0.67,0.81,1
4314,4,0.02,0.06,0.15,0.31,0.41,1
4315,4,0.02,0.05,0.13,0.36,0.43,1
4316,2,0.2,0.31,0.46,0.64,0.73,1
4317,1,0.33,0.44,0.56,0.69,0.83,1
4318,4,0.02,0.05,0.17,0.37,0.55,1
4319,1,0.26,0.39,0.49,0.59,0.75,1
4320,4,0.03,0.07,0.12,0.28,0.43,1
4321,5,0.02,0.04,0.12,0.24,0.32,1
4322,3,0.05,0.19,0.29,0.48,0.66,1
4323,3,0.11,0.2,0.24,0.4,0.5,1
4324,1,0.23,0.47,0.64,0.79,0.89,1
4325,1,0.36,0.54,0.61,0.84,0.94,1
4326,1,0.25,0.41,0.59,0.69,0.8,1
4327,4,0.04,0.06,0.16,0.26,0.36,1
4328,2,0.13,0.25,0.37,0.57,0.67,1
4329,4,0.11,0.12,0.19,0.29,0.45,1
4330,2,0.16,0.31,0.51,0.63,0.74,1
4331,4,0.02,0.06,0.14,0.24,0.43,1
4332,4,0.06,0.13,0.2,0.33,0.54,1
4333,5,0.02,0.05,0.13,0.17,0.27,1
4334,1,0.35,0.56,0.82,0.88,0.92,2
4335,5,0.03,0.05,0.13,0.16,0.23,1
4336,1,0.25,0.36,0.45,0.54,0.66,1
4337,2,0.14,0.32,0.58,0.72,0.85,2
4338,2,0.12,0.26,0.47,0.59,0.69,1
4339,1,0.36,0.55,0.7,0.79,0.87,1
4340,4,0.03,0.04,0.1,0.33,0.53,1
4341,2,0.21,0.31,0.38,0.51,0.69,1
4342,1,0.36,0.51,0.66,0.84,0.9,1
4343,4,0.03,0.08,0.16,0.29,0.36,2
4344,1,0.33,0.44,0.73,0.87,0.92,1
4345,3,0.05,0.13,0.28,0.34,0.54,1
4346,1,0.32,0.5,0.77,0.83,0.91,1
4347,2,0.11,0.28,0.49,0.67,0.76,1
4348,3,0.05,0.1,0.3,0.42,0.52,1
4349,3,0.04,0.13,0.23,0.42,0.58,1
4350,5,0.01,0.02,0.07,0.17,0.36,1
4351,5,0.01,0.03,0.07,0.13,0.23,2
4352,5,0.01,0.04,0.07,0.12,0.25,1
4353,4,0.04,0.14,0.24,0.34,0.46,1
4354,4,0.03,0.06,0.18,0.29,0.47,1
4355,2,0.1,0.25,0.39,0.62,0.8,1
4356,4,0.04,0.09,0.16,0.31,0.42,1
4357,4,0.03,0.07,0.12,0.27,0.39,2
4358,3,0.06,0.12,0.31,0.52,0.72,1
4359,1,0.25,0.38,0.52,0.72,0.87,1
4360,2,0.14,0.29,0.48,0.64,0.82,1
4361,4,0.04,0.07,0.11,0.31,0.46,1
4362,1,0.3,0.53,0.64,0.76,0.83,1
4363,1,0.28,0.44,0.55,0.73,0.83,1
4364,2,0.12,0.28,0.42,0.6,0.8,2
4365,1,0.25,0.49,0.66,0.8,0.91,1
4366,5,0.02,0.03,0.05,0.15,0.37,1
4367,2,0.2,0.3,0.5,0.68,0.81,1
4368,1,0.25,0.44,0.62,0.74,0.86,1
4369,3,0.08,0.16,0.32,0.4,0.54,1
4370,2,0.1,0.31,0.34,0.53,0.72,1
4371,3,0.08,0.18,0.32,0.47,0.61,1
4372,1,0.34,0.51,0.59,0.79,0.91,1
4373,2,0.16,0.34,0.52,0.69,0.84,1
4374,1,0.24,0.37,0.57,0.75,0.82,1
4375,5,0.02,0.04,0.1,0.27,0.32,1
4376,3,0.07,0.13,0.28,0.44,0.47,1
4377,2,0.25,0.33,0.43,0.62,0.77,1
4378,3,0.06,0.1,0.27,0.42,0.67,1
4379,4,0.02,0.08,0.16,0.29,0.49,1
4380,3,0.05,0.13,0.27,0.37,0.56,1
4381,5,0.01,0.04,0.09,0.17,0.26,2
4382,3,0.16,0.21,0.35,0.53,0.66,1
4383,4,0.02,0.05,0.09,0.26,0.37,1
4384,1,0.35,0.58,0.68,0.81,0.86,1
4385,5,0.01,0.02,0.06,0.2,0.33,2
4386,3,0.06,0.14,0.27,0.44,0.61,1
4387,5,0.01,0.04,0.13,0.23,0.34,1
4388,5,0.03,0.06,0.09,0.23,0.28,1
4389,1,0.3,0.51,0.65,0.82,0.9,1
4390,2,0.13,0.23,0.38,0.59,0.76,1
4391,4,0.02,0.05,0.11,0.26,0.43,1
4392,3,0.04,0.13,0.31,0.44,0.57,1
4393,5,0.01,0.02,0.09,0.19,0.36,1
4394,3,0.08,0.16,0.27,0.4,0.55,1
4395,2,0.14,0.33,0.53,0.64,0.81,1
4396,4,0.03,0.05,0.1,0.31,0.53,1
4397,5,0.01,0.04,0.08,0.22,0.29,2
4398,1,0.25,0.4,0.66,0.78,0.9,1
4399,1,0.29,0.45,0.58,0.75,0.87,1
4400,5,0.02,0.05,0.12,0.18,0.34,1
4401,1,0.24,0.43,0.67,0.85,0.91,1
4402,2,0.21,0.33,0.59,0.74,0.88,1
4403,1,0.23,0.44,0.65,0.79,0.9,1
4404,3,0.1,0.19,0.25,0.36,0.39,1
4405,4,0.06,0.1,0.16,0.27,0.43,1
4406,1,0.25,0.46,0.57,0.74,0.81,1
4407,1,0.23,0.42,0.52,0.69,0.81,1
4408,5,0.02,0.04,0.1,0.22,0.33,1
4409,5,0.02,0.05,0.08,0.17,0.36,1
4410,1,0.31,0.41,0.57,0.76,0.85,1
4411,1,0.26,0.4,0.59,0.76,0.82,1
4412,3,0.08,0.21,0.31,0.48,0.54,1
4413,3,0.08,0.17,0.34,0.53,0.69,1
4414,1,0.3,0.5,0.59,0.71,0.8,1
4415,5,0,0.01,0.04,0.08,0.25,1
4416,2,0.14,0.25,0.41,0.54,0.71,1
4417,1,0.3,0.35,0.55,0.64,0.73,1
4418,4,0.06,0.07,0.17,0.35,0.54,1
4419,2,0.2,0.32,0.49,0.69,0.81,1
4420,5,0.01,0.02,0.04,0.09,0.23,1
4421,5,0.02,0.04,0.08,0.14,0.3,1
4422,2,0.16,0.26,0.35,0.58,0.77,1
4423,4,0.04,0.09,0.12,0.25,0.39,2
4424,5,0,0.01,0.04,0.11,0.3,1
4425,3,0.09,0.13,0.28,0.38,0.51,1
4426,2,0.13,0.36,0.55,0.69,0.88,3
4427,5,0.01,0.03,0.05,0.13,0.23,1
4428,5,0.01,0.02,0.06,0.14,0.32,3
4429,3,0.06,0.18,0.29,0.44,0.55,2
4430,4,0.03,0.06,0.15,0.29,0.51,1
4431,2,0.13,0.31,0.52,0.7,0.86,1
4432,2,0.22,0.27,0.44,0.67,0.8,1
4433,5,0.01,0.03,0.07,0.12,0.26,1
4434,1,0.24,0.42,0.59,0.72,0.84,1
4435,2,0.15,0.27,0.45,0.65,0.74,1
4436,1,0.35,0.49,0.63,0.72,0.83,1
4437,3,0.09,0.15,0.37,0.52,0.65,1
4438,4,0.05,0.09,0.16,0.27,0.39,1
4439,3,0.04,0.1,0.24,0.4,0.58,1
4440,5,0.02,0.03,0.06,0.18,0.33,1
4441,1,0.33,0.6,0.71,0.83,0.9,1
4442,1,0.31,0.5,0.67,0.82,0.9,1
4443,3,0.07,0.16,0.32,0.52,0.59,1
4444,5,0.01,0.03,0.1,0.21,0.3,1
4445,2,0.11,0.25,0.42,0.64,0.77,1
4446,2,0.21,0.34,0.56,0.75,0.86,1
4447,1,0.31,0.45,0.67,0.8,0.88,1
4448,1,0.34,0.45,0.59,0.76,0.88,1
4449,4,0.02,0.06,0.14,0.36,0.49,1
4450,4,0.01,0.04,0.14,0.28,0.47,1
4451,1,0.31,0.46,0.55,0.58,0.68,1
4452,4,0.04,0.07,0.16,0.28,0.38,1
4453,5,0.01,0.03,0.09,0.23,0.26,1
4454,4,0.02,0.06,0.15,0.23,0.39,1
4455,2,0.16,0.3,0.47,0.62,0.76,2
4456,3,0.11,0.2,0.36,0.53,0.72,1
4457,3,0.08,0.15,0.32,0.52,0.6,1
4458,5,0.02,0.03,0.06,0.14,0.31,2
4459,3,0.08,0.17,0.37,0.58,0.71,1
4460,3,0.09,0.18,0.34,0.51,0.7,1
4461,4,0.05,0.11,0.19,0.31,0.35,1
4462,1,0.24,0.39,0.49,0.67,0.78,2
4463,4,0.05,0.09,0.15,0.29,0.39,1
4464,4,0.05,0.09,0.15,0.37,0.57,1
4465,2,0.22,0.37,0.48,0.64,0.77,1
4466,5,0,0.01,0.03,0.06,0.23,1
4467,5,0.02,0.05,0.1,0.23,0.35,1
4468,5,0.04,0.05,0.09,0.16,0.3,1
4469,5,0.02,0.05,0.07,0.15,0.31,1
4470,3,0.06,0.09,0.3,0.46,0.61,1
4471,1,0.35,0.56,0.66,0.83,0.9,1
4472,2,0.15,0.26,0.4,0.59,0.77,1
4473,5,0.02,0.03,0.06,0.13,0.35,1
4474,4,0.03,0.09,0.21,0.32,0.36,1
4475,4,0.01,0.03,0.09,0.32,0.49,1
4476,1,0.26,0.38,0.55,0.66,0.81,1
4477,5,0.02,0.06,0.12,0.18,0.37,1
4478,5,0.02,0.03,0.07,0.13,0.26,1
4479,2,0.18,0.34,0.49,0.62,0.72,2
4480,4,0.02,0.05,0.11,0.32,0.46,1
4481,1,0.25,0.37,0.48,0.6,0.72,1
4482,1,0.27,0.38,0.46,0.58,0.65,1
4483,5,0.01,0.03,0.07,0.14,0.3,1
4484,1,0.33,0.43,0.51,0.7,0.88,1
4485,3,0.05,0.12,0.35,0.61,0.73,1
4486,5,0.01,0.03,0.05,0.16,0.29,1
4487,2,0.16,0.37,0.43,0.57,0.72,1
4488,4,0.04,0.09,0.17,0.36,0.4,1
4489,3,0.07,0.17,0.25,0.36,0.45,1
4490,4,0.02,0.05,0.09,0.28,0.39,1
4491,2,0.17,0.37,0.6,0.79,0.84,1
4492,5,0.03,0.04,0.07,0.14,0.29,1
4493,5,0.01,0.04,0.09,0.19,0.33,1
4494,1,0.24,0.39,0.49,0.6,0.72,1
4495,4,0.02,0.06,0.17,0.36,0.54,1
4496,1,0.23,0.4,0.48,0.67,0.83,1
4497,1,0.31,0.56,0.71,0.84,0.9,1
4498,5,0.01,0.03,0.06,0.15,0.26,1
4499,5,0.02,0.04,0.14,0.22,0.37,1
4500,1,0.27,0.43,0.58,0.7,0.84,1
4501,4,0.01,0.02,0.08,0.25,0.37,1
4502,2,0.14,0.27,0.39,0.48,0.65,1
4503,5,0.02,0.05,0.06,0.16,0.37,1
4504,1,0.37,0.55,0.64,0.81,0.85,1
4505,1,0.26,0.43,0.59,0.73,0.88,1
4506,3,0.08,0.23,0.31,0.47,0.54,1
4507,4,0.03,0.09,0.22,0.33,0.47,1
4508,5,0.01,0.03,0.08,0.2,0.3,1
4509,2,0.16,0.34,0.5,0.67,0.78,1
4510,4,0.04,0.09,0.18,0.31,0.47,1
4511,4,0.02,0.05,0.1,0.27,0.37,1
4512,2,0.12,0.36,0.54,0.66,0.79,1
4513,5,0.01,0.02,0.03,0.07,0.27,2
4514,5,0.02,0.04,0.07,0.13,0.28,2
4515,5,0.01,0.03,0.08,0.18,0.31,1
4516,3,0.11,0.15,0.24,0.43,0.62,1
4517,2,0.16,0.37,0.51,0.65,0.79,1
4518,5,0.02,0.04,0.08,0.15,0.26,1
4519,5,0,0.02,0.05,0.16,0.35,1
4520,5,0.02,0.05,0.09,0.11,0.24,2
4521,2,0.14,0.29,0.55,0.61,0.74,1
4522,5,0.01,0.02,0.05,0.09,0.29,2
4523,4,0.03,0.07,0.16,0.36,0.67,1
4524,4,0.05,0.11,0.15,0.29,0.43,2
4525,4,0.03,0.05,0.13,0.24,0.39,1
4526,2,0.26,0.31,0.46,0.61,0.79,1
4527,2,0.14,0.23,0.49,0.63,0.83,1
4528,4,0.04,0.08,0.17,0.32,0.43,1
4529,5,0.02,0.03,0.07,0.12,0.25,1
4530,5,0.01,0.02,0.04,0.12,0.33,1
4531,3,0.13,0.22,0.35,0.52,0.69,2
4532,5,0.01,0.02,0.04,0.12,0.32,1
4533,5,0.01,0.03,0.09,0.2,0.36,1
4534,2,0.23,0.36,0.58,0.77,0.89,1
4535,1,0.33,0.44,0.62,0.68,0.81,1
4536,4,0.03,0.06,0.1,0.27,0.43,1
4537,3,0.06,0.13,0.37,0.55,0.62,1
4538,2,0.2,0.3,0.46,0.66,0.75,1
4539,2,0.13,0.28,0.34,0.48,0.69,1
4540,1,0.37,0.49,0.69,0.81,0.84,1
4541,2,0.22,0.37,0.56,0.82,0.89,1
4542,1,0.31,0.45,0.65,0.83,0.89,2
4543,2,0.16,0.25,0.35,0.49,0.63,1
4544,4,0.01,0.05,0.12,0.31,0.38,1
4545,4,0.02,0.04,0.15,0.26,0.48,1
4546,1,0.29,0.42,0.65,0.68,0.82,1
4547,2,0.13,0.32,0.56,0.74,0.79,1
4548,1,0.26,0.39,0.57,0.76,0.89,1
4549,3,0.1,0.16,0.32,0.42,0.5,1
4550,1,0.29,0.48,0.61,0.71,0.82,1
4551,2,0.13,0.32,0.49,0.64,0.77,1
4552,2,0.22,0.32,0.53,0.67,0.78,1
4553,3,0.09,0.15,0.29,0.5,0.68,2
4554,1,0.36,0.58,0.67,0.79,0.83,1
4555,5,0.01,0.03,0.06,0.14,0.24,1
4556,2,0.18,0.31,0.52,0.7,0.78,1
4557,5,0,0.01,0.04,0.12,0.34,2
4558,3,0.04,0.13,0.31,0.48,0.69,1
4559,5,0.01,0.03,0.07,0.18,0.33,1
4560,1,0.26,0.39,0.6,0.79,0.86,1
4561,1,0.34,0.53,0.66,0.79,0.87,1
4562,5,0.01,0.03,0.07,0.17,0.28,1
4563,4,0.03,0.09,0.11,0.27,0.45,1
4564,1,0.33,0.46,0.64,0.76,0.91,1
4565,2,0.15,0.26,0.42,0.57,0.73,1
4566,2,0.12,0.26,0.4,0.65,0.78,1
4567,5,0.01,0.02,0.05,0.12,0.29,1
4568,2,0.08,0.26,0.47,0.53,0.65,1
4569,5,0.02,0.04,0.08,0.17,0.25,2
4570,3,0.07,0.15,0.35,0.44,0.55,1
4571,1,0.24,0.38,0.47,0.7,0.85,1
4572,5,0.02,0.05,0.12,0.16,0.32,1
4573,2,0.17,0.32,0.46,0.66,0.82,1
4574,2,0.18,0.33,0.45,0.57,0.71,1
4575,1,0.32,0.52,0.7,0.81,0.88,1
4576,1,0.31,0.48,0.71,0.84,0.93,1
4577,3,0.05,0.13,0.29,0.36,0.6,1
4578,1,0.29,0.46,0.64,0.73,0.86,1
4579,1,0.33,0.48,0.6,0.73,0.83,1
4580,5,0.01,0.02,0.05,0.11,0.27,1
4581,5,0.03,0.06,0.18,0.27,0.31,1
4582,4,0.04,0.11,0.28,0.3,0.4,1
4583,5,0.01,0.02,0.06,0.18,0.3,1
4584,4,0.02,0.04,0.12,0.32,0.54,1
4585,4,0.05,0.1,0.26,0.3,0.44,1
4586,3,0.08,0.18,0.28,0.44,0.61,2
4587,4,0.08,0.12,0.15,0.37,0.58,1
4588,1,0.34,0.47,0.58,0.71,0.84,1
4589,5,0.01,0.02,0.04,0.11,0.23,1
4590,3,0.11,0.2,0.34,0.49,0.67,1
4591,3,0.03,0.09,0.28,0.39,0.47,1
4592,3,0.05,0.11,0.26,0.42,0.6,1
4593,5,0.01,0.02,0.05,0.12,0.23,1
4594,3,0.06,0.13,0.29,0.58,0.74,1
4595,1,0.31,0.47,0.6,0.67,0.85,1
4596,1,0.36,0.5,0.53,0.62,0.73,1
4597,3,0.11,0.22,0.35,0.51,0.71,2
4598,2,0.18,0.3,0.46,0.63,0.85,1
4599,3,0.09,0.15,0.26,0.48,0.61,1
4600,1,0.33,0.43,0.5,0.65,0.81,1
4601,5,0.03,0.05,0.09,0.11,0.23,1
4602,1,0.32,0.49,0.65,0.77,0.9,1
4603,4,0.05,0.11,0.22,0.36,0.49,2
4604,4,0.03,0.09,0.13,0.3,0.47,1
4605,4,0.02,0.05,0.12,0.28,0.42,1
4606,2,0.12,0.31,0.5,0.61,0.84,1
4607,1,0.32,0.54,0.71,0.8,0.88,1
4608,1,0.34,0.5,0.59,0.72,0.82,1
4609,1,0.33,0.51,0.61,0.73,0.78,1
4610,3,0.05,0.16,0.29,0.41,0.6,1
4611,4,0.02,0.04,0.11,0.35,0.51,1
4612,2,0.2,0.34,0.47,0.61,0.74,1
4613,2,0.15,0.29,0.52,0.64,0.8,1
4614,4,0.1,0.16,0.17,0.27,0.38,1
4615,1,0.33,0.52,0.64,0.75,0.88,1
4616,1,0.3,0.38,0.62,0.72,0.82,1
4617,4,0.04,0.08,0.19,0.34,0.45,1
4618,2,0.15,0.32,0.47,0.69,0.78,1
4619,1,0.33,0.47,0.57,0.71,0.84,1
4620,5,0.01,0.02,0.09,0.13,0.33,1
4621,5,0.01,0.02,0.05,0.09,0.31,1
4622,1,0.32,0.53,0.63,0.84,0.92,1
4623,5,0.01,0.02,0.05,0.13,0.31,1
4624,3,0.12,0.17,0.32,0.47,0.68,1
4625,5,0.03,0.05,0.1,0.23,0.36,1
4626,5,0.01,0.02,0.05,0.13,0.25,1
4627,3,0.05,0.13,0.29,0.43,0.58,1
4628,3,0.08,0.1,0.31,0.45,0.54,1
4629,3,0.1,0.16,0.37,0.52,0.71,1
4630,3,0.1,0.15,0.32,0.5,0.73,1
4631,2,0.1,0.24,0.46,0.64,0.75,1
4632,2,0.18,0.34,0.51,0.63,0.76,1
4633,5,0.01,0.03,0.07,0.13,0.24,2
4634,5,0.01,0.02,0.06,0.11,0.27,2
4635,1,0.3,0.47,0.72,0.75,0.83,1
4636,3,0.04,0.17,0.36,0.55,0.64,1
4637,4,0.02,0.06,0.08,0.24,0.44,1
4638,5,0.01,0.03,0.06,0.11,0.37,1
4639,1,0.29,0.44,0.62,0.76,0.86,1
4640,1,0.29,0.43,0.6,0.74,0.86,1
4641,3,0.07,0.11,0.25,0.44,0.62,1
4642,4,0.06,0.09,0.12,0.34,0.53,1
4643,3,0.05,0.14,0.28,0.4,0.48,2
4644,1,0.27,0.37,0.48,0.56,0.71,1
4645,3,0.17,0.21,0.34,0.57,0.74,1
4646,3,0.05,0.12,0.27,0.37,0.62,1
4647,4,0.03,0.06,0.13,0.28,0.39,1
4648,4,0.01,0.03,0.1,0.3,0.44,1
4649,3,0.04,0.12,0.25,0.41,0.55,1
4650,1,0.34,0.4,0.6,0.67,0.8,1
4651,5,0.02,0.03,0.04,0.12,0.32,1
4652,1,0.28,0.45,0.68,0.81,0.93,1
4653,2,0.1,0.25,0.41,0.62,0.76,2
4654,4,0.04,0.08,0.21,0.29,0.47,1
4655,2,0.13,0.34,0.54,0.69,0.76,1
4656,2,0.1,0.25,0.38,0.56,0.7,1
4657,5,0.02,0.03,0.06,0.1,0.25,1
4658,1,0.23,0.43,0.57,0.65,0.73,1
4659,2,0.12,0.29,0.52,0.74,0.83,1
4660,1,0.37,0.51,0.63,0.75,0.87,2
4661,1,0.28,0.43,0.47,0.49,0.56,1
4662,2,0.14,0.29,0.42,0.61,0.82,1
4663,3,0.1,0.18,0.36,0.51,0.72,1
4664,3,0.06,0.17,0.27,0.42,0.59,1
4665,4,0.02,0.04,0.11,0.36,0.59,1
4666,4,0.04,0.1,0.2,0.36,0.58,1
4667,3,0.07,0.16,0.31,0.46,0.5,1
4668,5,0.01,0.04,0.09,0.18,0.28,1
4669,5,0.01,0.03,0.07,0.17,0.31,1
4670,2,0.2,0.33,0.39,0.62,0.8,1
4671,1,0.26,0.43,0.58,0.7,0.82,1
4672,3,0.08,0.16,0.31,0.48,0.59,2
4673,4,0.03,0.06,0.16,0.23,0.47,1
4674,1,0.33,0.42,0.58,0.71,0.84,1
4675,2,0.13,0.31,0.51,0.57,0.74,1
4676,3,0.03,0.1,0.31,0.45,0.61,1
4677,5,0.01,0.03,0.06,0.11,0.28,1
4678,4,0.02,0.05,0.15,0.31,0.5,1
4679,3,0.06,0.16,0.37,0.5,0.6,1
4680,4,0.03,0.06,0.14,0.24,0.4,2
4681,3,0.09,0.13,0.27,0.39,0.54,1
4682,4,0.01,0.04,0.1,0.29,0.52,1
4683,3,0.08,0.18,0.3,0.54,0.71,1
4684,4,0.03,0.08,0.16,0.27,0.47,1
4685,1,0.26,0.47,0.64,0.8,0.87,1
4686,5,0.01,0.02,0.05,0.12,0.25,1
4687,1,0.26,0.46,0.53,0.66,0.77,1
4688,5,0.03,0.05,0.12,0.18,0.3,1
4689,4,0.02,0.06,0.14,0.29,0.51,1
4690,2,0.18,0.34,0.47,0.66,0.76,2
4691,5,0.01,0.03,0.08,0.16,0.32,1
4692,3,0.1,0.19,0.33,0.49,0.67,1
4693,2,0.15,0.3,0.46,0.72,0.83,1
4694,4,0.06,0.1,0.2,0.26,0.39,1
4695,4,0.02,0.04,0.13,0.28,0.37,1
4696,4,0.03,0.05,0.18,0.34,0.47,2
4697,1,0.3,0.49,0.68,0.84,0.92,1
4698,2,0.16,0.37,0.46,0.62,0.75,1
4699,2,0.14,0.24,0.39,0.59,0.77,1
4700,4,0.02,0.06,0.16,0.29,0.47,1
4701,1,0.33,0.52,0.6,0.73,0.83,1
4702,3,0.11,0.2,0.29,0.44,0.63,1
4703,3,0.08,0.14,0.36,0.41,0.56,1
4704,3,0.15,0.18,0.32,0.5,0.74,1
4705,5,0.01,0.03,0.07,0.21,0.36,1
4706,2,0.21,0.36,0.46,0.54,0.7,1
4707,2,0.22,0.37,0.53,0.63,0.72,1
4708,5,0.01,0.02,0.05,0.13,0.24,1
4709,3,0.06,0.12,0.3,0.46,0.67,1
4710,3,0.05,0.16,0.27,0.39,0.47,1
4711,3,0.16,0.23,0.33,0.47,0.6,2
4712,4,0.03,0.07,0.17,0.26,0.42,1
4713,1,0.32,0.4,0.56,0.64,0.84,1
4714,1,0.25,0.36,0.62,0.79,0.89,2
4715,4,0.03,0.07,0.14,0.34,0.57,1
4716,3,0.06,0.21,0.36,0.48,0.58,1
4717,1,0.37,0.49,0.61,0.76,0.88,1
4718,4,0.02,0.05,0.1,0.23,0.4,1
4719,1,0.27,0.42,0.57,0.66,0.78,1
4720,1,0.25,0.46,0.6,0.74,0.86,1
4721,5,0.01,0.02,0.06,0.14,0.32,1
4722,3,0.07,0.15,0.29,0.45,0.53,1
4723,1,0.36,0.54,0.65,0.77,0.79,2
4724,2,0.14,0.27,0.42,0.66,0.81,1
4725,2,0.14,0.28,0.38,0.64,0.75,1
4726,1,0.25,0.41,0.71,0.82,0.88,1
4727,2,0.12,0.26,0.46,0.6,0.73,2
4728,2,0.11,0.27,0.46,0.6,0.75,1
4729,1,0.31,0.38,0.62,0.79,0.86,1
4730,1,0.28,0.38,0.52,0.61,0.75,1
4731,5,0.02,0.04,0.13,0.25,0.33,1
4732,5,0.01,0.03,0.09,0.16,0.28,1
4733,4,0.03,0.1,0.2,0.37,0.58,2
4734,3,0.03,0.1,0.27,0.39,0.49,1
4735,1,0.32,0.49,0.75,0.83,0.89,2
4736,1,0.36,0.64,0.78,0.91,0.95,1
4737,2,0.23,0.3,0.39,0.61,0.72,1
4738,4,0.02,0.05,0.2,0.34,0.58,2
4739,5,0.02,0.04,0.07,0.17,0.33,1
4740,5,0.01,0.03,0.06,0.13,0.32,1
4741,2,0.19,0.28,0.44,0.49,0.61,1
4742,4,0.04,0.06,0.14,0.27,0.5,1
4743,1,0.28,0.5,0.75,0.88,0.93,1
4744,5,0.03,0.05,0.12,0.18,0.3,1
4745,1,0.26,0.45,0.61,0.79,0.84,1
4746,4,0.02,0.05,0.17,0.34,0.48,2
4747,3,0.06,0.14,0.32,0.47,0.6,1
4748,4,0.02,0.04,0.08,0.26,0.36,1
4749,3,0.09,0.15,0.27,0.44,0.61,1
4750,3,0.08,0.15,0.37,0.61,0.76,1
4751,3,0.05,0.12,0.33,0.37,0.49,1
4752,5,0.01,0.04,0.1,0.13,0.28,1
4753,3,0.09,0.2,0.29,0.5,0.69,1
4754,2,0.1,0.29,0.38,0.55,0.65,1
4755,1,0.29,0.46,0.56,0.69,0.82,1
4756,1,0.32,0.46,0.66,0.83,0.89,1
4757,4,0.03,0.04,0.14,0.36,0.49,1
4758,1,0.36,0.49,0.61,0.72,0.82,1
4759,4,0.05,0.14,0.2,0.37,0.42,2
4760,4,0.02,0.07,0.08,0.24,0.42,1
4761,2,0.15,0.3,0.33,0.54,0.75,1
4762,3,0.06,0.12,0.27,0.36,0.54,1
4763,5,0.01,0.02,0.04,0.14,0.34,1
4764,1,0.35,0.49,0.58,0.76,0.86,2
4765,3,0.06,0.18,0.3,0.4,0.56,1
4766,4,0.03,0.05,0.15,0.29,0.38,1
4767,3,0.13,0.23,0.35,0.37,0.48,2
4768,4,0.03,0.07,0.18,0.34,0.57,1
4769,2,0.17,0.3,0.48,0.63,0.73,1
4770,1,0.35,0.51,0.63,0.71,0.84,1
4771,1,0.33,0.47,0.7,0.74,0.84,1
4772,5,0.01,0.02,0.06,0.18,0.32,2
4773,5,0.01,0.03,0.1,0.21,0.31,1
4774,1,0.32,0.48,0.65,0.8,0.89,2
4775,3,0.05,0.14,0.25,0.4,0.43,1
4776,5,0,0.02,0.06,0.17,0.34,1
4777,3,0.05,0.12,0.27,0.39,0.45,3
4778,3,0.09,0.19,0.36,0.46,0.62,1
4779,1,0.37,0.52,0.67,0.81,0.87,2
4780,3,0.13,0.19,0.29,0.42,0.62,1
4781,2,0.18,0.34,0.47,0.67,0.82,1
4782,4,0.02,0.04,0.09,0.26,0.39,1
4783,1,0.37,0.57,0.71,0.78,0.88,1
4784,5,0.02,0.04,0.08,0.22,0.37,1
4785,3,0.05,0.19,0.37,0.57,0.79,2
4786,1,0.26,0.41,0.53,0.73,0.84,1
4787,4,0.04,0.1,0.25,0.32,0.45,2
4788,1,0.23,0.41,0.63,0.77,0.84,1
4789,5,0.02,0.05,0.13,0.24,0.32,1
4790,5,0.01,0.02,0.06,0.19,0.32,1
4791,5,0.03,0.04,0.08,0.19,0.34,1
4792,1,0.29,0.43,0.69,0.81,0.89,1
4793,3,0.03,0.08,0.23,0.42,0.55,1
4794,3,0.04,0.13,0.37,0.58,0.73,1
4795,5,0.02,0.03,0.06,0.15,0.27,1
4796,1,0.37,0.49,0.62,0.75,0.84,1
4797,2,0.18,0.27,0.45,0.5,0.64,1
4798,1,0.25,0.45,0.67,0.79,0.87,1
4799,4,0.03,0.07,0.17,0.28,0.45,2
4800,4,0.02,0.05,0.16,0.33,0.43,1
4801,5,0.01,0.02,0.05,0.15,0.31,1
4802,3,0.06,0.15,0.33,0.5,0.7,2
4803,2,0.14,0.34,0.51,0.62,0.79,1
4804,2,0.19,0.36,0.61,0.71,0.78,1
4805,1,0.37,0.55,0.68,0.83,0.9,1
4806,3,0.03,0.13,0.31,0.48,0.57,1
4807,4,0.02,0.05,0.17,0.33,0.37,2
4808,3,0.11,0.19,0.29,0.35,0.65,1
4809,2,0.1,0.27,0.38,0.5,0.66,1
4810,4,0.04,0.09,0.14,0.23,0.38,1
4811,3,0.04,0.1,0.3,0.49,0.67,2
4812,2,0.21,0.36,0.64,0.84,0.91,2
4813,2,0.14,0.32,0.51,0.66,0.75,1
4814,3,0.12,0.24,0.32,0.41,0.49,1
4815,5,0.02,0.07,0.1,0.19,0.33,1
4816,1,0.29,0.39,0.55,0.67,0.82,1
4817,2,0.16,0.29,0.41,0.58,0.74,1
4818,1,0.3,0.36,0.57,0.65,0.83,1
4819,4,0.04,0.12,0.21,0.35,0.57,1
4820,3,0.05,0.1,0.26,0.36,0.52,1
4821,3,0.07,0.2,0.37,0.53,0.61,1
4822,2,0.17,0.27,0.53,0.62,0.74,1
4823,1,0.24,0.41,0.51,0.76,0.84,1
4824,3,0.06,0.11,0.29,0.39,0.55,1
4825,4,0.01,0.02,0.12,0.31,0.57,1
4826,3,0.05,0.13,0.26,0.36,0.52,1
4827,3,0.1,0.23,0.32,0.61,0.77,1
4828,3,0.04,0.11,0.24,0.37,0.58,1
4829,5,0.02,0.05,0.1,0.17,0.37,1
4830,4,0.05,0.09,0.16,0.28,0.36,1
4831,2,0.17,0.29,0.42,0.61,0.8,1
4832,2,0.09,0.27,0.36,0.57,0.65,2
4833,3,0.05,0.12,0.23,0.38,0.55,1
4834,3,0.06,0.11,0.26,0.42,0.56,1
4835,4,0.02,0.06,0.15,0.28,0.46,1
4836,3,0.09,0.2,0.32,0.49,0.67,1
4837,4,0.03,0.05,0.18,0.37,0.53,1
4838,4,0.06,0.07,0.17,0.34,0.49,1
4839,2,0.14,0.24,0.43,0.57,0.69,1
4840,3,0.06,0.18,0.34,0.39,0.6,2
4841,1,0.32,0.44,0.58,0.69,0.83,1
4842,5,0.02,0.04,0.09,0.15,0.33,1
4843,3,0.06,0.15,0.3,0.49,0.61,1
4844,1,0.24,0.38,0.55,0.62,0.74,2
4845,5,0.01,0.03,0.08,0.13,0.27,1
4846,2,0.13,0.25,0.42,0.69,0.77,1
4847,2,0.12,0.28,0.49,0.64,0.77,1
4848,2,0.17,0.34,0.49,0.61,0.76,1
4849,1,0.24,0.37,0.43,0.6,0.66,1
4850,2,0.24,0.34,0.51,0.69,0.84,1
4851,1,0.36,0.5,0.68,0.8,0.89,1
4852,1,0.27,0.4,0.58,0.69,0.77,1
4853,2,0.11,0.3,0.34,0.53,0.64,1
4854,1,0.28,0.38,0.51,0.57,0.74,1
4855,2,0.2,0.36,0.52,0.66,0.8,1
4856,5,0,0.01,0.04,0.12,0.3,1
4857,5,0.01,0.04,0.07,0.14,0.37,1
4858,2,0.12,0.26,0.4,0.54,0.71,1
4859,4,0.01,0.05,0.14,0.25,0.44,1
4860,3,0.04,0.09,0.28,0.5,0.73,1
4861,5,0.02,0.05,0.07,0.18,0.36,1
4862,4,0.04,0.08,0.19,0.29,0.42,1
4863,2,0.08,0.28,0.47,0.59,0.78,1
4864,1,0.25,0.43,0.61,0.78,0.89,1
4865,4,0.02,0.06,0.13,0.27,0.42,1
4866,5,0.01,0.02,0.05,0.14,0.35,1
4867,2,0.13,0.3,0.41,0.65,0.8,1
4868,2,0.17,0.33,0.52,0.59,0.72,1
4869,4,0.05,0.1,0.16,0.34,0.41,1
4870,5,0.02,0.05,0.12,0.22,0.36,1
4871,3,0.03,0.08,0.27,0.43,0.59,1
4872,5,0.02,0.06,0.12,0.2,0.36,1
4873,2,0.18,0.33,0.5,0.74,0.87,1
4874,3,0.12,0.17,0.29,0.41,0.66,1
4875,5,0.02,0.04,0.07,0.14,0.3,1
4876,1,0.36,0.51,0.71,0.82,0.89,1
4877,2,0.12,0.34,0.45,0.58,0.74,1
4878,2,0.2,0.34,0.48,0.71,0.82,1
4879,4,0.11,0.15,0.27,0.29,0.42,1
4880,4,0.06,0.11,0.18,0.35,0.53,1
4881,3,0.09,0.17,0.3,0.54,0.69,2
4882,4,0.04,0.07,0.13,0.29,0.46,1
4883,4,0.02,0.05,0.13,0.32,0.45,1
4884,2,0.24,0.32,0.46,0.56,0.7,1
4885,2,0.1,0.24,0.39,0.57,0.73,1
4886,2,0.15,0.35,0.43,0.71,0.79,1
4887,3,0.1,0.16,0.32,0.48,0.63,1
4888,4,0.03,0.08,0.19,0.34,0.57,1
4889,2,0.17,0.35,0.59,0.79,0.83,1
4890,4,0.04,0.09,0.22,0.36,0.51,1
4891,5,0.01,0.04,0.09,0.17,0.29,1
4892,2,0.16,0.37,0.45,0.59,0.68,1
4893,1,0.25,0.4,0.51,0.72,0.83,2
4894,1,0.3,0.41,0.51,0.63,0.76,1
4895,5,0.01,0.03,0.06,0.19,0.32,1
4896,5,0.04,0.08,0.12,0.21,0.35,1
4897,3,0.1,0.16,0.37,0.45,0.67,1
4898,3,0.13,0.23,0.36,0.54,0.7,1
4899,4,0.06,0.1,0.18,0.26,0.41,2
4900,5,0.01,0.04,0.08,0.24,0.35,1
4901,2,0.15,0.34,0.61,0.76,0.86,1
4902,3,0.08,0.14,0.26,0.37,0.57,1
4903,5,0.04,0.05,0.12,0.19,0.3,1
4904,1,0.36,0.5,0.66,0.82,0.9,1
4905,2,0.11,0.31,0.4,0.54,0.71,1
4906,4,0.03,0.09,0.22,0.36,0.57,1
4907,3,0.16,0.21,0.27,0.41,0.56,2
4908,5,0.03,0.1,0.12,0.15,0.29,1
4909,2,0.13,0.34,0.54,0.78,0.86,3
4910,1,0.37,0.52,0.67,0.82,0.91,1
4911,4,0.02,0.06,0.12,0.29,0.38,1
4912,3,0.11,0.24,0.35,0.61,0.78,1
4913,1,0.28,0.49,0.6,0.77,0.86,1
4914,2,0.22,0.35,0.51,0.71,0.8,1
4915,5,0.01,0.03,0.08,0.17,0.32,4
4916,2,0.2,0.33,0.57,0.68,0.83,1
4917,5,0.01,0.03,0.04,0.16,0.36,1
4918,3,0.1,0.23,0.34,0.47,0.59,1
4919,5,0,0.01,0.02,0.11,0.27,1
4920,1,0.35,0.5,0.51,0.66,0.77,1
4921,3,0.09,0.19,0.36,0.52,0.71,1
4922,2,0.16,0.28,0.37,0.57,0.72,1
4923,5,0.01,0.03,0.07,0.16,0.33,1
4924,3,0.02,0.05,0.23,0.41,0.58,2
4925,4,0.02,0.03,0.09,0.34,0.53,1
4926,3,0.11,0.18,0.24,0.46,0.69,1
4927,2,0.12,0.31,0.49,0.64,0.77,1
4928,2,0.15,0.3,0.52,0.7,0.79,1
4929,3,0.04,0.07,0.24,0.36,0.53,2
4930,5,0.01,0.03,0.07,0.12,0.25,1
4931,5,0.01,0.02,0.06,0.16,0.28,2
4932,3,0.05,0.12,0.37,0.51,0.57,1
4933,5,0.04,0.05,0.06,0.19,0.27,1
4934,4,0.01,0.03,0.12,0.28,0.52,1
4935,3,0.08,0.14,0.32,0.41,0.53,1
4936,2,0.12,0.26,0.42,0.58,0.72,1
4937,1,0.29,0.4,0.49,0.6,0.68,1
4938,2,0.1,0.25,0.54,0.67,0.82,2
4939,2,0.2,0.29,0.47,0.69,0.83,1
4940,5,0.02,0.04,0.12,0.16,0.27,2
4941,5,0,0.01,0.05,0.14,0.29,2
4942,2,0.23,0.36,0.52,0.67,0.77,1
4943,3,0.06,0.18,0.28,0.43,0.63,2
4944,4,0.04,0.12,0.21,0.28,0.43,1
4945,4,0.03,0.08,0.11,0.27,0.43,1
4946,2,0.12,0.28,0.44,0.59,0.76,1
4947,4,0.02,0.04,0.11,0.3,0.39,1
4948,2,0.11,0.24,0.41,0.51,0.7,1
4949,2,0.06,0.24,0.43,0.57,0.71,3
4950,3,0.08,0.21,0.32,0.59,0.66,1
4951,4,0.02,0.05,0.15,0.26,0.4,1
4952,5,0.01,0.03,0.05,0.09,0.3,1
4953,5,0.02,0.04,0.07,0.18,0.25,1
4954,3,0.07,0.2,0.36,0.56,0.64,1
4955,1,0.35,0.52,0.69,0.8,0.91,1
4956,3,0.04,0.14,0.3,0.5,0.68,2
4957,5,0.01,0.02,0.05,0.14,0.28,1
4958,3,0.07,0.15,0.27,0.47,0.61,2
4959,3,0.04,0.08,0.26,0.45,0.62,1
4960,5,0.02,0.03,0.07,0.14,0.3,1
4961,5,0.01,0.02,0.07,0.17,0.27,1
4962,4,0.03,0.07,0.15,0.32,0.44,1
4963,4,0.03,0.07,0.17,0.37,0.59,1
4964,4,0.04,0.07,0.2,0.29,0.42,1
4965,2,0.12,0.3,0.42,0.67,0.83,1
4966,1,0.31,0.56,0.7,0.76,0.87,1
4967,4,0.02,0.04,0.14,0.32,0.42,1
4968,2,0.17,0.33,0.5,0.71,0.84,1
4969,5,0.01,0.02,0.06,0.22,0.28,2
4970,3,0.06,0.14,0.35,0.52,0.78,1
4971,5,0.04,0.06,0.1,0.14,0.35,1
4972,2,0.19,0.31,0.35,0.45,0.62,2
4973,2,0.19,0.26,0.43,0.59,0.76,1
4974,2,0.16,0.34,0.52,0.73,0.88,2
4975,2,0.11,0.32,0.45,0.58,0.75,1
4976,3,0.06,0.21,0.36,0.5,0.64,1
4977,1,0.31,0.49,0.73,0.82,0.89,1
4978,3,0.07,0.17,0.36,0.53,0.71,1
4979,2,0.15,0.34,0.37,0.53,0.7,1
4980,1,0.3,0.45,0.64,0.73,0.83,1
4981,1,0.29,0.43,0.53,0.74,0.87,1
4982,4,0.05,0.11,0.24,0.33,0.49,1
4983,1,0.27,0.38,0.52,0.7,0.84,1
4984,5,0.01,0.02,0.06,0.14,0.24,1
4985,2,0.08,0.25,0.37,0.5,0.69,1
4986,4,0.04,0.1,0.2,0.35,0.49,1
4987,1,0.26,0.42,0.49,0.66,0.77,1
4988,1,0.3,0.44,0.6,0.79,0.89,1
4989,5,0.01,0.02,0.04,0.12,0.26,1
4990,5,0.01,0.02,0.06,0.13,0.32,1
4991,3,0.09,0.19,0.33,0.48,0.58,1
4992,5,0.03,0.04,0.07,0.18,0.23,2
4993,1,0.28,0.39,0.55,0.7,0.78,1
4994,5,0.01,0.02,0.05,0.08,0.23,1
4995,5,0.01,0.05,0.12,0.18,0.31,1
4996,4,0.04,0.07,0.19,0.31,0.41,1
4997,4,0.01,0.02,0.06,0.26,0.38,1
4998,3,0.09,0.17,0.26,0.34,0.55,2
4999,4,0.01,0.03,0.1,0.24,0.51,1
5000,2,0.16,0.33,0.56,0.65,0.8,1
5001,5,0.02,0.03,0.09,0.15,0.27,1
5002,5,0.03,0.06,0.11,0.2,0.35,1
5003,1,0.33,0.57,0.75,0.86,0.93,1
5004,4,0.02,0.05,0.14,0.3,0.45,1
5005,3,0.04,0.11,0.27,0.45,0.59,1
5006,3,0.08,0.14,0.35,0.52,0.72,1
5007,3,0.06,0.16,0.28,0.4,0.59,1
5008,4,0.01,0.04,0.12,0.35,0.49,1
5009,5,0.01,0.02,0.04,0.15,0.28,1
5010,1,0.33,0.48,0.62,0.8,0.91,1
5011,2,0.19,0.27,0.44,0.58,0.67,1
5012,2,0.07,0.23,0.43,0.57,0.72,1
5013,3,0.06,0.14,0.32,0.56,0.69,1
5014,1,0.26,0.38,0.53,0.79,0.84,1
5015,5,0.01,0.02,0.07,0.17,0.29,1
5016,3,0.06,0.14,0.29,0.36,0.48,1
5017,4,0.02,0.06,0.15,0.25,0.42,1
5018,3,0.05,0.13,0.32,0.41,0.54,1
5019,4,0.06,0.12,0.2,0.28,0.41,1
5020,5,0.02,0.04,0.1,0.17,0.37,1
5021,3,0.07,0.15,0.23,0.39,0.59,1
5022,4,0.03,0.05,0.12,0.35,0.53,1
5023,3,0.06,0.13,0.33,0.43,0.6,1
5024,1,0.33,0.55,0.72,0.84,0.88,1
5025,3,0.06,0.16,0.32,0.48,0.6,1
5026,1,0.36,0.55,0.72,0.78,0.86,1
5027,4,0.04,0.07,0.19,0.27,0.4,1
5028,4,0.02,0.05,0.12,0.23,0.43,1
5029,3,0.07,0.16,0.3,0.42,0.52,1
5030,5,0.01,0.02,0.07,0.11,0.23,1
5031,1,0.28,0.48,0.65,0.77,0.86,1
5032,2,0.13,0.36,0.55,0.76,0.86,1
5033,3,0.05,0.13,0.31,0.47,0.62,1
5034,4,0.04,0.05,0.14,0.26,0.36,1
5035,5,0.02,0.03,0.07,0.13,0.36,1
5036,1,0.24,0.47,0.51,0.76,0.84,1
5037,1,0.32,0.43,0.7,0.83,0.86,1
5038,2,0.12,0.24,0.49,0.59,0.72,1
5039,5,0.01,0.04,0.09,0.13,0.27,1
5040,5,0.02,0.03,0.05,0.11,0.33,1
5041,1,0.34,0.55,0.66,0.8,0.92,1
5042,5,0.04,0.05,0.12,0.22,0.36,1
5043,1,0.33,0.48,0.6,0.77,0.89,1
5044,3,0.06,0.11,0.25,0.36,0.46,1
5045,3,0.07,0.14,0.29,0.36,0.53,1
5046,1,0.29,0.45,0.62,0.78,0.9,1
5047,1,0.28,0.38,0.56,0.63,0.73,1
5048,3,0.07,0.13,0.29,0.41,0.64,1
5049,3,0.05,0.16,0.33,0.56,0.66,2
5050,1,0.29,0.51,0.74,0.85,0.89,1
5051,1,0.26,0.46,0.58,0.66,0.84,2
5052,1,0.35,0.49,0.74,0.83,0.9,1
5053,1,0.28,0.39,0.58,0.66,0.83,1
5054,1,0.37,0.51,0.63,0.81,0.88,1
5055,5,0.01,0.03,0.07,0.14,0.27,1
5056,2,0.17,0.29,0.36,0.57,0.7,1
5057,5,0.02,0.03,0.08,0.13,0.33,1
5058,5,0.01,0.02,0.04,0.07,0.26,1
5059,3,0.04,0.17,0.27,0.36,0.42,1
5060,4,0.04,0.08,0.14,0.32,0.54,1
5061,2,0.17,0.29,0.45,0.57,0.7,1
5062,4,0.06,0.1,0.16,0.34,0.57,2
5063,4,0.03,0.08,0.12,0.27,0.51,1
5064,5,0.01,0.04,0.05,0.1,0.25,1
5065,3,0.06,0.1,0.32,0.41,0.63,1
5066,4,0.03,0.06,0.19,0.35,0.45,1
5067,3,0.14,0.24,0.35,0.55,0.69,1
5068,3,0.05,0.11,0.23,0.37,0.52,1
5069,4,0.04,0.07,0.2,0.32,0.47,1
5070,1,0.36,0.49,0.66,0.77,0.84,1
5071,3,0.05,0.13,0.27,0.4,0.63,1
5072,4,0.02,0.05,0.14,0.27,0.44,1
5073,3,0.1,0.24,0.35,0.51,0.59,1
5074,2,0.16,0.26,0.4,0.59,0.75,1
5075,5,0.03,0.06,0.09,0.16,0.31,1
5076,4,0.06,0.15,0.19,0.33,0.48,1
5077,2,0.15,0.34,0.5,0.66,0.85,1
5078,1,0.3,0.41,0.64,0.72,0.82,1
5079,3,0.05,0.19,0.34,0.5,0.7,1
5080,1,0.36,0.54,0.62,0.8,0.89,1
5081,1,0.28,0.42,0.6,0.76,0.86,1
5082,3,0.08,0.15,0.31,0.49,0.64,1
5083,1,0.26,0.44,0.59,0.74,0.79,1
5084,5,0,0.01,0.04,0.13,0.25,1
5085,3,0.06,0.12,0.27,0.42,0.59,1
5086,4,0.07,0.11,0.17,0.37,0.48,1
5087,2,0.08,0.26,0.44,0.6,0.76,1
5088,2,0.07,0.26,0.41,0.64,0.73,1
5089,5,0.02,0.07,0.14,0.16,0.32,1
5090,4,0.03,0.05,0.12,0.29,0.42,1
5091,2,0.19,0.26,0.43,0.55,0.76,1
5092,4,0.06,0.11,0.17,0.31,0.39,1
5093,1,0.25,0.4,0.59,0.73,0.8,1
5094,5,0.02,0.05,0.16,0.19,0.3,1
5095,3,0.05,0.18,0.37,0.49,0.63,1
5096,5,0.02,0.05,0.11,0.23,0.34,1
5097,2,0.1,0.24,0.42,0.6,0.73,1
5098,3,0.07,0.16,0.36,0.46,0.54,2
5099,1,0.25,0.36,0.43,0.57,0.63,1
5100,3,0.04,0.18,0.33,0.55,0.65,2
5101,2,0.14,0.36,0.49,0.55,0.66,1
5102,2,0.14,0.31,0.42,0.59,0.73,2
5103,4,0.03,0.08,0.19,0.37,0.52,1
5104,3,0.09,0.16,0.37,0.54,0.71,1
5105,3,0.09,0.22,0.33,0.49,0.64,1
5106,3,0.06,0.12,0.35,0.42,0.56,1
5107,2,0.07,0.24,0.43,0.56,0.65,1
5108,1,0.32,0.51,0.63,0.8,0.9,1
5109,2,0.11,0.28,0.35,0.51,0.7,1
5110,5,0.03,0.04,0.08,0.18,0.37,1
5111,3,0.07,0.14,0.28,0.43,0.64,1
5112,5,0.01,0.02,0.05,0.19,0.32,1
5113,4,0.04,0.08,0.14,0.35,0.51,1
5114,1,0.29,0.43,0.56,0.72,0.83,1
5115,1,0.35,0.54,0.66,0.81,0.89,1
5116,1,0.28,0.39,0.54,0.64,0.77,1
5117,3,0.05,0.14,0.25,0.37,0.5,1
5118,4,0.02,0.06,0.14,0.34,0.48,1
5119,4,0.03,0.09,0.2,0.37,0.64,1
5120,1,0.33,0.49,0.58,0.78,0.86,1
5121,1,0.25,0.35,0.46,0.65,0.84,1
5122,1,0.29,0.43,0.6,0.76,0.87,1
5123,2,0.21,0.3,0.51,0.65,0.77,1
5124,2,0.11,0.3,0.39,0.43,0.51,1
5125,2,0.17,0.34,0.53,0.62,0.71,1
5126,1,0.29,0.44,0.65,0.74,0.83,1
5127,1,0.37,0.55,0.67,0.75,0.83,1
5128,2,0.21,0.37,0.58,0.75,0.85,1
5129,1,0.28,0.53,0.64,0.73,0.85,1
5130,2,0.16,0.35,0.54,0.7,0.85,1
5131,1,0.34,0.54,0.66,0.77,0.84,1
5132,2,0.14,0.25,0.42,0.59,0.67,1
5133,1,0.35,0.45,0.65,0.76,0.88,1
5134,3,0.11,0.17,0.27,0.43,0.57,1
5135,1,0.32,0.59,0.79,0.87,0.92,1
5136,1,0.34,0.55,0.77,0.86,0.93,1
5137,3,0.1,0.15,0.31,0.45,0.64,1
5138,5,0.02,0.04,0.07,0.12,0.31,1
5139,4,0.03,0.09,0.19,0.36,0.51,1
5140,1,0.25,0.45,0.5,0.73,0.85,1
5141,5,0.01,0.02,0.05,0.13,0.23,1
5142,3,0.07,0.1,0.32,0.47,0.54,1
5143,1,0.35,0.42,0.56,0.77,0.84,1
5144,3,0.1,0.21,0.33,0.61,0.76,1
5145,1,0.3,0.37,0.48,0.6,0.76,1
5146,2,0.12,0.26,0.36,0.42,0.7,1
5147,2,0.18,0.36,0.6,0.77,0.87,1
5148,2,0.19,0.32,0.53,0.77,0.86,1
5149,5,0.04,0.09,0.16,0.23,0.36,1
5150,2,0.21,0.35,0.47,0.6,0.68,1
5151,5,0.02,0.05,0.08,0.17,0.35,1
5152,4,0.03,0.08,0.2,0.37,0.53,1
5153,5,0.02,0.03,0.06,0.2,0.34,1
5154,5,0.02,0.04,0.1,0.18,0.37,1
5155,5,0.01,0.02,0.03,0.1,0.24,1
5156,3,0.02,0.09,0.24,0.44,0.59,1
5157,4,0.01,0.04,0.09,0.25,0.42,2
5158,3,0.03,0.1,0.27,0.37,0.51,1
5159,3,0.06,0.12,0.25,0.42,0.48,1
5160,3,0.07,0.15,0.3,0.37,0.5,1
5161,2,0.14,0.3,0.39,0.48,0.51,2
5162,5,0.02,0.04,0.07,0.21,0.33,1
5163,5,0.01,0.03,0.08,0.17,0.25,1
5164,2,0.13,0.24,0.42,0.59,0.75,1
5165,2,0.1,0.28,0.44,0.62,0.73,2
5166,5,0,0.01,0.04,0.1,0.24,1
5167,5,0.02,0.03,0.06,0.13,0.34,1
5168,3,0.09,0.19,0.36,0.57,0.72,1
5169,1,0.27,0.39,0.57,0.67,0.76,1
5170,3,0.08,0.12,0.28,0.48,0.57,1
5171,2,0.22,0.34,0.49,0.65,0.77,1
5172,2,0.15,0.28,0.42,0.59,0.68,1
5173,1,0.29,0.38,0.53,0.64,0.78,1
5174,1,0.29,0.42,0.61,0.74,0.84,1
5175,2,0.08,0.24,0.41,0.61,0.79,1
5176,1,0.23,0.38,0.53,0.66,0.81,1
5177,5,0.01,0.02,0.06,0.14,0.25,1
5178,2,0.11,0.3,0.38,0.5,0.66,1
5179,2,0.12,0.23,0.39,0.51,0.66,1
5180,4,0.01,0.04,0.1,0.27,0.41,1
5181,5,0.01,0.03,0.06,0.11,0.25,1
5182,2,0.12,0.26,0.45,0.57,0.67,1
5183,4,0.02,0.06,0.12,0.25,0.43,1
5184,3,0.05,0.09,0.24,0.37,0.62,1
5185,2,0.22,0.27,0.38,0.47,0.62,1
5186,2,0.1,0.36,0.55,0.75,0.85,1
5187,1,0.27,0.47,0.56,0.71,0.78,1
5188,2,0.2,0.31,0.5,0.65,0.8,1
5189,2,0.21,0.31,0.48,0.69,0.86,1
5190,4,0.02,0.07,0.19,0.34,0.52,1
5191,4,0.05,0.07,0.17,0.33,0.39,2
5192,2,0.15,0.31,0.39,0.61,0.76,1
5193,1,0.35,0.55,0.6,0.78,0.82,1
5194,4,0.04,0.09,0.21,0.32,0.48,1
5195,5,0.02,0.03,0.06,0.16,0.36,1
5196,5,0.02,0.08,0.09,0.24,0.32,1
5197,5,0.01,0.02,0.05,0.11,0.23,1
5198,2,0.15,0.35,0.47,0.64,0.77,1
5199,4,0.06,0.08,0.12,0.27,0.4,1
5200,1,0.37,0.52,0.65,0.76,0.87,1
5201,4,0.02,0.05,0.13,0.28,0.47,1
5202,4,0.04,0.1,0.18,0.37,0.5,1
5203,5,0.05,0.07,0.1,0.21,0.35,1
5204,1,0.3,0.4,0.56,0.76,0.86,1
5205,1,0.36,0.54,0.69,0.79,0.9,1
5206,4,0.01,0.05,0.11,0.26,0.47,1
5207,4,0.04,0.07,0.15,0.28,0.39,1
5208,2,0.11,0.28,0.41,0.58,0.69,1
5209,2,0.1,0.27,0.42,0.59,0.7,1
5210,2,0.1,0.31,0.44,0.58,0.8,1
5211,1,0.33,0.52,0.7,0.78,0.87,1
5212,4,0.05,0.09,0.22,0.26,0.41,1
5213,2,0.09,0.26,0.46,0.55,0.72,1
5214,2,0.16,0.34,0.53,0.65,0.81,1
5215,1,0.31,0.41,0.48,0.72,0.82,1
5216,5,0.01,0.02,0.05,0.12,0.3,1
5217,5,0.01,0.02,0.05,0.14,0.23,1
5218,2,0.17,0.35,0.55,0.65,0.82,1
5219,1,0.33,0.42,0.71,0.8,0.89,1
5220,5,0.02,0.05,0.09,0.13,0.25,1
5221,4,0.03,0.06,0.13,0.3,0.46,1
5222,5,0.03,0.05,0.08,0.14,0.25,1
5223,1,0.31,0.53,0.66,0.77,0.85,1
5224,5,0.01,0.03,0.08,0.1,0.24,1
5225,3,0.08,0.16,0.27,0.36,0.47,1
5226,2,0.12,0.24,0.36,0.45,0.67,1
5227,4,0.01,0.04,0.12,0.25,0.35,1
5228,3,0.07,0.16,0.33,0.46,0.54,1
5229,2,0.1,0.32,0.5,0.58,0.73,1
5230,2,0.2,0.31,0.53,0.68,0.81,1
5231,3,0.1,0.21,0.33,0.54,0.72,1
5232,3,0.16,0.24,0.33,0.47,0.64,1
5233,2,0.12,0.27,0.42,0.61,0.75,2
5234,3,0.06,0.12,0.36,0.55,0.71,1
5235,1,0.27,0.39,0.58,0.76,0.87,1
5236,4,0.03,0.09,0.17,0.26,0.38,1
5237,5,0.01,0.03,0.05,0.16,0.26,1
5238,1,0.34,0.51,0.7,0.77,0.87,1
5239,1,0.3,0.47,0.62,0.73,0.8,1
5240,1,0.32,0.51,0.59,0.71,0.82,1
5241,4,0.01,0.04,0.1,0.24,0.41,1
5242,1,0.23,0.37,0.48,0.68,0.83,1
5243,4,0.06,0.11,0.2,0.32,0.5,1
5244,5,0.01,0.03,0.08,0.11,0.23,1
5245,2,0.16,0.35,0.5,0.76,0.89,1
5246,2,0.11,0.25,0.42,0.61,0.78,1
5247,5,0.01,0.02,0.03,0.1,0.23,1
5248,4,0.06,0.1,0.23,0.33,0.45,1
5249,4,0.06,0.12,0.16,0.37,0.57,1
5250,1,0.36,0.54,0.68,0.77,0.86,1
5251,1,0.25,0.42,0.55,0.66,0.8,1
5252,4,0.03,0.07,0.16,0.25,0.35,1
5253,5,0.02,0.03,0.08,0.19,0.37,1
5254,3,0.07,0.17,0.28,0.47,0.62,3
5255,3,0.09,0.22,0.36,0.56,0.77,1
5256,4,0.04,0.08,0.15,0.26,0.42,1
5257,1,0.26,0.34,0.47,0.61,0.74,2
5258,2,0.17,0.37,0.67,0.76,0.84,1
5259,4,0.04,0.06,0.2,0.37,0.51,1
5260,3,0.1,0.17,0.34,0.49,0.61,1
5261,2,0.15,0.31,0.42,0.51,0.66,1
5262,2,0.17,0.26,0.41,0.67,0.86,1
5263,3,0.03,0.09,0.24,0.46,0.64,1
5264,3,0.08,0.15,0.29,0.47,0.6,1
5265,5,0,0.02,0.06,0.13,0.33,2
5266,4,0.02,0.05,0.12,0.28,0.41,1
5267,1,0.29,0.47,0.59,0.76,0.85,1
5268,3,0.04,0.14,0.31,0.43,0.71,2
5269,3,0.06,0.14,0.36,0.45,0.64,1
5270,3,0.04,0.14,0.34,0.49,0.73,2
5271,1,0.33,0.41,0.49,0.54,0.78,1
5272,1,0.37,0.57,0.78,0.85,0.93,1
5273,5,0.03,0.04,0.1,0.16,0.29,1
5274,1,0.35,0.52,0.69,0.77,0.87,1
5275,4,0.02,0.06,0.15,0.28,0.47,1
5276,5,0.01,0.04,0.07,0.13,0.26,1
5277,4,0.04,0.09,0.14,0.34,0.43,1
5278,3,0.04,0.14,0.37,0.58,0.74,1
5279,5,0.02,0.04,0.13,0.19,0.25,1
5280,5,0.01,0.03,0.06,0.15,0.23,1
5281,5,0,0.01,0.03,0.07,0.24,1
5282,5,0,0.01,0.04,0.14,0.37,1
5283,5,0.02,0.03,0.08,0.22,0.37,1
5284,1,0.26,0.34,0.43,0.6,0.72,1
5285,2,0.08,0.28,0.55,0.73,0.85,2
5286,2,0.16,0.29,0.47,0.67,0.79,1
5287,2,0.15,0.26,0.4,0.52,0.67,1
5288,3,0.1,0.19,0.32,0.46,0.72,1
5289,1,0.37,0.49,0.63,0.79,0.88,1
5290,2,0.11,0.25,0.38,0.55,0.69,1
5291,1,0.36,0.5,0.56,0.72,0.84,1
5292,2,0.27,0.32,0.48,0.58,0.78,1
5293,3,0.05,0.13,0.25,0.43,0.55,2
5294,3,0.05,0.12,0.3,0.52,0.68,1
5295,2,0.19,0.25,0.44,0.6,0.81,1
5296,4,0.02,0.05,0.16,0.32,0.49,1
5297,1,0.25,0.48,0.59,0.76,0.87,1
5298,4,0.03,0.07,0.19,0.33,0.49,1
5299,1,0.31,0.51,0.68,0.81,0.84,1
5300,4,0.01,0.04,0.12,0.29,0.53,1
5301,2,0.1,0.23,0.38,0.51,0.7,1
5302,3,0.14,0.24,0.29,0.47,0.67,1
5303,4,0.05,0.09,0.2,0.28,0.39,1
5304,3,0.03,0.08,0.23,0.37,0.55,1
5305,4,0.01,0.04,0.07,0.24,0.41,1
5306,2,0.13,0.31,0.44,0.45,0.62,1
5307,3,0.06,0.16,0.33,0.42,0.59,1
5308,5,0.01,0.03,0.07,0.16,0.37,1
5309,3,0.08,0.13,0.26,0.36,0.59,1
5310,5,0.03,0.05,0.08,0.12,0.24,2
5311,1,0.25,0.36,0.48,0.53,0.68,1
5312,1,0.28,0.51,0.66,0.8,0.91,1
5313,1,0.26,0.39,0.58,0.77,0.85,1
5314,3,0.06,0.16,0.3,0.57,0.64,1
5315,2,0.22,0.29,0.49,0.71,0.83,1
5316,3,0.07,0.14,0.34,0.49,0.76,1
5317,4,0.04,0.12,0.23,0.31,0.47,1
5318,2,0.11,0.29,0.49,0.64,0.77,1
5319,5,0.03,0.05,0.11,0.16,0.25,1
5320,3,0.08,0.14,0.32,0.52,0.61,1
5321,1,0.33,0.5,0.68,0.82,0.84,1
5322,4,0.03,0.08,0.19,0.31,0.52,1
5323,2,0.12,0.32,0.54,0.74,0.83,1
5324,5,0.01,0.02,0.06,0.17,0.33,1
5325,4,0.03,0.06,0.14,0.35,0.47,1
5326,4,0.02,0.05,0.14,0.29,0.51,1
5327,2,0.17,0.33,0.38,0.56,0.68,1
5328,3,0.09,0.16,0.37,0.51,0.7,1
5329,4,0.03,0.1,0.21,0.37,0.49,1
5330,2,0.19,0.32,0.54,0.72,0.79,1
5331,2,0.19,0.26,0.38,0.57,0.76,1
5332,2,0.15,0.26,0.37,0.44,0.56,1
5333,2,0.14,0.28,0.48,0.64,0.76,1
5334,2,0.08,0.24,0.46,0.69,0.74,2
5335,5,0.01,0.03,0.1,0.16,0.36,1
5336,4,0.01,0.05,0.17,0.29,0.42,1
5337,4,0.02,0.06,0.14,0.32,0.46,1
5338,4,0.06,0.09,0.15,0.32,0.5,2
5339,2,0.12,0.23,0.42,0.55,0.72,1
5340,5,0.02,0.03,0.06,0.17,0.28,1
5341,4,0.01,0.04,0.09,0.23,0.53,1
5342,5,0.03,0.05,0.09,0.13,0.35,1
5343,2,0.14,0.28,0.38,0.44,0.63,3
5344,2,0.09,0.23,0.43,0.55,0.68,1
5345,5,0,0.02,0.05,0.15,0.36,1
5346,3,0.05,0.12,0.23,0.39,0.58,1
5347,2,0.21,0.37,0.46,0.65,0.85,1
5348,4,0.04,0.11,0.19,0.37,0.58,1
5349,2,0.18,0.23,0.39,0.44,0.62,1
5350,1,0.23,0.42,0.63,0.79,0.89,1
5351,3,0.08,0.13,0.33,0.45,0.56,1
5352,2,0.19,0.28,0.34,0.44,0.61,1
5353,1,0.29,0.58,0.71,0.87,0.94,1
5354,1,0.28,0.44,0.62,0.75,0.86,1
5355,5,0.02,0.03,0.07,0.12,0.25,1
5356,3,0.14,0.22,0.34,0.53,0.75,1
5357,4,0.03,0.06,0.13,0.28,0.38,1
5358,1,0.23,0.38,0.56,0.63,0.75,2
5359,5,0.03,0.07,0.09,0.17,0.37,1
5360,2,0.11,0.24,0.47,0.57,0.74,1
5361,2,0.16,0.34,0.46,0.59,0.72,1
5362,5,0.01,0.03,0.04,0.18,0.27,1
5363,3,0.1,0.19,0.34,0.54,0.8,2
5364,4,0.04,0.09,0.18,0.35,0.55,1
5365,1,0.34,0.46,0.64,0.77,0.88,1
5366,3,0.06,0.16,0.25,0.44,0.59,1
5367,2,0.13,0.31,0.44,0.53,0.69,1
5368,3,0.04,0.1,0.26,0.46,0.55,1
5369,4,0.02,0.04,0.11,0.36,0.53,2
5370,1,0.29,0.52,0.71,0.8,0.9,1
5371,5,0.03,0.08,0.19,0.22,0.33,1
5372,5,0.02,0.06,0.1,0.2,0.31,1
5373,5,0.02,0.04,0.07,0.11,0.24,1
5374,3,0.03,0.08,0.24,0.41,0.51,2
5375,5,0.01,0.02,0.07,0.11,0.27,1
5376,1,0.33,0.54,0.72,0.83,0.9,1
5377,5,0.01,0.02,0.03,0.08,0.24,1
5378,2,0.11,0.28,0.43,0.58,0.78,1
5379,5,0.02,0.05,0.11,0.16,0.27,1
5380,3,0.06,0.1,0.24,0.41,0.53,1
5381,4,0.02,0.06,0.15,0.32,0.59,1
5382,3,0.04,0.16,0.29,0.42,0.54,1
5383,1,0.28,0.48,0.68,0.79,0.87,1
5384,3,0.11,0.22,0.37,0.5,0.65,1
5385,4,0.03,0.09,0.13,0.28,0.44,1
5386,2,0.18,0.33,0.47,0.69,0.76,1
5387,1,0.33,0.56,0.7,0.8,0.89,1
5388,3,0.08,0.13,0.25,0.36,0.5,1
5389,1,0.33,0.52,0.71,0.75,0.8,1
5390,2,0.19,0.3,0.48,0.59,0.69,1
5391,3,0.08,0.11,0.27,0.41,0.58,1
5392,5,0.03,0.06,0.1,0.16,0.28,1
5393,2,0.25,0.27,0.41,0.55,0.69,2
5394,1,0.34,0.47,0.67,0.84,0.9,1
5395,3,0.09,0.16,0.26,0.51,0.62,1
5396,4,0.04,0.06,0.15,0.24,0.46,1
5397,2,0.16,0.26,0.44,0.59,0.7,1
5398,4,0.04,0.06,0.16,0.25,0.44,1
5399,5,0.01,0.02,0.04,0.16,0.29,1
5400,1,0.37,0.45,0.59,0.74,0.79,1
5401,3,0.06,0.13,0.24,0.36,0.55,1
5402,1,0.28,0.39,0.47,0.63,0.68,1
5403,2,0.17,0.33,0.52,0.68,0.79,1
5404,2,0.12,0.24,0.37,0.54,0.62,2
5405,3,0.11,0.16,0.28,0.44,0.56,1
5406,1,0.29,0.43,0.58,0.69,0.78,1
5407,3,0.12,0.2,0.29,0.46,0.65,1
5408,3,0.11,0.2,0.29,0.46,0.62,1
5409,1,0.35,0.48,0.66,0.69,0.77,1
5410,4,0.01,0.05,0.1,0.26,0.42,1
5411,5,0.02,0.03,0.07,0.18,0.26,1
5412,5,0.02,0.03,0.09,0.18,0.32,1
5413,4,0.03,0.05,0.11,0.31,0.46,1
5414,4,0.05,0.09,0.18,0.37,0.51,1
5415,5,0,0.01,0.03,0.09,0.26,1
5416,5,0.01,0.03,0.07,0.2,0.34,1
5417,4,0.01,0.03,0.12,0.23,0.4,1
5418,1,0.25,0.49,0.6,0.76,0.81,1
5419,2,0.09,0.27,0.47,0.54,0.66,3
5420,5,0.03,0.05,0.09,0.24,0.32,1
5421,3,0.05,0.15,0.24,0.39,0.48,1
5422,5,0.02,0.03,0.06,0.13,0.26,1
5423,4,0.04,0.07,0.15,0.25,0.4,1
5424,2,0.22,0.28,0.44,0.56,0.68,1
5425,3,0.16,0.24,0.35,0.55,0.62,1
5426,1,0.24,0.36,0.51,0.58,0.73,1
5427,3,0.03,0.11,0.35,0.47,0.61,1
5428,2,0.16,0.35,0.52,0.69,0.78,1
5429,5,0.01,0.02,0.08,0.14,0.24,1
5430,1,0.35,0.42,0.54,0.66,0.73,1
5431,1,0.32,0.45,0.67,0.83,0.88,1
5432,1,0.35,0.51,0.7,0.81,0.89,1
5433,4,0.06,0.13,0.24,0.33,0.6,1
5434,4,0.02,0.06,0.12,0.3,0.41,1
5435,2,0.2,0.3,0.47,0.63,0.81,1
5436,2,0.09,0.31,0.49,0.65,0.69,1
5437,3,0.13,0.21,0.33,0.52,0.74,1
5438,5,0.03,0.08,0.13,0.2,0.3,1
5439,5,0,0.01,0.05,0.12,0.31,1
5440,5,0.02,0.05,0.11,0.15,0.37,1
5441,4,0.03,0.05,0.15,0.28,0.41,1
5442,2,0.21,0.37,0.5,0.62,0.73,1
5443,1,0.32,0.47,0.61,0.79,0.89,2
5444,5,0.02,0.05,0.12,0.22,0.34,1
5445,4,0.03,0.08,0.15,0.3,0.51,1
5446,4,0.01,0.03,0.14,0.29,0.41,1
5447,4,0.02,0.06,0.13,0.35,0.61,1
5448,5,0,0.01,0.03,0.08,0.23,2
5449,3,0.05,0.16,0.37,0.48,0.64,1
5450,5,0.01,0.02,0.05,0.12,0.23,1
5451,4,0.03,0.07,0.1,0.28,0.47,1
5452,3,0.06,0.11,0.36,0.54,0.68,1
5453,3,0.05,0.15,0.3,0.46,0.54,1
5454,2,0.11,0.26,0.4,0.57,0.7,1
5455,2,0.19,0.35,0.63,0.76,0.86,1
5456,2,0.19,0.23,0.46,0.72,0.82,3
5457,2,0.09,0.25,0.36,0.43,0.6,2
5458,1,0.35,0.45,0.55,0.72,0.79,1
5459,3,0.04,0.16,0.3,0.42,0.61,1
5460,4,0.06,0.13,0.22,0.37,0.56,1
5461,5,0.01,0.03,0.05,0.11,0.25,1
5462,2,0.11,0.25,0.35,0.48,0.73,1
5463,2,0.14,0.26,0.38,0.5,0.69,1
5464,5,0.01,0.03,0.08,0.17,0.28,1
5465,4,0.06,0.11,0.2,0.33,0.43,1
5466,1,0.29,0.38,0.54,0.62,0.82,2
5467,1,0.28,0.42,0.61,0.8,0.84,1
5468,3,0.12,0.25,0.34,0.53,0.8,1
5469,1,0.37,0.56,0.73,0.85,0.93,1
5470,1,0.26,0.46,0.62,0.82,0.9,2
5471,5,0.03,0.05,0.12,0.14,0.31,1
5472,5,0.03,0.04,0.07,0.16,0.28,1
5473,4,0.02,0.06,0.15,0.26,0.43,2
5474,5,0.02,0.04,0.07,0.11,0.24,1
5475,2,0.11,0.31,0.47,0.62,0.73,2
5476,2,0.18,0.35,0.46,0.62,0.76,1
5477,5,0.02,0.05,0.09,0.14,0.27,1
5478,5,0.02,0.03,0.1,0.17,0.28,1
5479,2,0.13,0.34,0.47,0.55,0.67,2
5480,3,0.12,0.17,0.35,0.6,0.76,1
5481,3,0.09,0.18,0.27,0.44,0.59,1
5482,5,0.02,0.05,0.09,0.13,0.32,1
5483,1,0.27,0.53,0.6,0.73,0.82,1
5484,5,0.01,0.02,0.06,0.17,0.31,1
5485,1,0.35,0.44,0.67,0.81,0.88,1
5486,2,0.13,0.26,0.43,0.59,0.73,1
5487,1,0.33,0.43,0.56,0.74,0.87,1
5488,3,0.07,0.11,0.24,0.44,0.59,2
5489,3,0.04,0.09,0.3,0.38,0.48,1
5490,2,0.14,0.26,0.34,0.5,0.67,1
5491,2,0.19,0.37,0.5,0.63,0.81,1
5492,2,0.15,0.29,0.48,0.67,0.78,2
5493,2,0.1,0.23,0.42,0.67,0.81,1
5494,2,0.14,0.28,0.36,0.51,0.71,1
5495,4,0.06,0.14,0.23,0.33,0.46,1
5496,4,0.07,0.12,0.19,0.34,0.5,1
5497,4,0.02,0.04,0.1,0.26,0.47,1
5498,5,0.01,0.03,0.12,0.17,0.35,1
5499,3,0.05,0.1,0.24,0.45,0.55,1
5500,1,0.24,0.48,0.61,0.7,0.86,1
5501,2,0.1,0.32,0.44,0.67,0.78,1
5502,1,0.26,0.35,0.53,0.68,0.81,1
5503,5,0.01,0.03,0.06,0.16,0.34,1
5504,4,0.04,0.07,0.11,0.28,0.45,1
5505,3,0.03,0.1,0.25,0.35,0.52,1
5506,4,0.02,0.05,0.1,0.29,0.38,1
5507,1,0.36,0.56,0.77,0.86,0.91,1
5508,2,0.1,0.29,0.47,0.66,0.83,1
5509,2,0.22,0.35,0.48,0.61,0.74,1
5510,2,0.17,0.37,0.53,0.74,0.81,1
5511,2,0.2,0.33,0.51,0.73,0.87,2
5512,2,0.1,0.26,0.39,0.54,0.67,1
5513,5,0.02,0.03,0.08,0.11,0.25,1
5514,3,0.08,0.18,0.34,0.56,0.71,1
5515,1,0.35,0.52,0.58,0.79,0.89,1
5516,4,0.05,0.09,0.22,0.36,0.56,1
5517,2,0.07,0.28,0.38,0.54,0.67,1
5518,5,0.01,0.04,0.06,0.14,0.35,1
5519,3,0.04,0.11,0.34,0.52,0.65,1
5520,3,0.07,0.23,0.32,0.47,0.63,1
5521,2,0.16,0.32,0.45,0.56,0.73,1
5522,5,0.01,0.02,0.07,0.17,0.35,1
5523,3,0.06,0.19,0.26,0.52,0.71,2
5524,4,0.07,0.13,0.21,0.29,0.43,1
5525,3,0.07,0.23,0.33,0.51,0.7,1
5526,4,0.01,0.03,0.07,0.24,0.46,1
5527,1,0.35,0.54,0.69,0.83,0.89,1
5528,2,0.19,0.27,0.42,0.56,0.72,1
5529,3,0.06,0.14,0.32,0.58,0.73,1
5530,2,0.16,0.28,0.4,0.6,0.76,2
5531,3,0.05,0.18,0.29,0.38,0.59,1
5532,4,0.01,0.05,0.16,0.25,0.52,1
5533,3,0.07,0.19,0.37,0.49,0.57,2
5534,4,0.02,0.06,0.14,0.31,0.38,3
5535,1,0.37,0.51,0.65,0.7,0.87,1
5536,3,0.04,0.15,0.25,0.4,0.51,1
5537,3,0.04,0.11,0.26,0.38,0.58,3
5538,5,0.01,0.03,0.06,0.11,0.27,1
5539,5,0.01,0.03,0.04,0.19,0.28,2
5540,4,0.01,0.03,0.13,0.33,0.47,2
5541,2,0.14,0.29,0.45,0.56,0.78,1
5542,2,0.21,0.32,0.39,0.46,0.61,1
5543,4,0.03,0.06,0.15,0.29,0.41,1
5544,2,0.16,0.28,0.43,0.6,0.75,1
5545,4,0.03,0.07,0.15,0.24,0.46,1
5546,5,0.06,0.08,0.15,0.23,0.29,1
5547,2,0.17,0.32,0.41,0.68,0.73,1
5548,2,0.21,0.35,0.55,0.64,0.74,1
5549,4,0.04,0.1,0.15,0.32,0.58,2
5550,4,0.03,0.07,0.13,0.26,0.37,1
5551,1,0.32,0.43,0.64,0.79,0.88,1
5552,2,0.1,0.27,0.51,0.7,0.78,1
5553,2,0.15,0.3,0.49,0.66,0.72,1
5554,1,0.29,0.44,0.69,0.84,0.92,1
5555,3,0.08,0.16,0.28,0.35,0.55,1
5556,2,0.12,0.34,0.49,0.65,0.77,2
5557,1,0.26,0.41,0.52,0.73,0.83,1
5558,4,0.02,0.04,0.13,0.26,0.5,1
5559,5,0.01,0.02,0.06,0.13,0.25,1
5560,3,0.11,0.15,0.34,0.41,0.67,1
5561,1,0.24,0.42,0.6,0.72,0.83,2
5562,3,0.06,0.22,0.37,0.54,0.72,1
5563,1,0.24,0.39,0.46,0.59,0.65,1
5564,1,0.28,0.4,0.61,0.72,0.86,1
5565,2,0.22,0.36,0.55,0.67,0.8,1
5566,5,0.01,0.04,0.09,0.24,0.33,2
5567,4,0.05,0.15,0.24,0.34,0.58,2
5568,2,0.15,0.3,0.47,0.56,0.78,1
5569,1,0.24,0.51,0.64,0.74,0.8,1
5570,2,0.24,0.32,0.47,0.64,0.78,1
5571,2,0.19,0.31,0.43,0.51,0.6,1
5572,4,0.03,0.06,0.13,0.33,0.5,1
5573,4,0.02,0.06,0.13,0.31,0.55,1
5574,4,0.03,0.06,0.13,0.27,0.37,1
5575,2,0.19,0.37,0.6,0.73,0.85,1
5576,2,0.11,0.24,0.39,0.55,0.71,1
5577,1,0.31,0.52,0.67,0.76,0.86,1
5578,2,0.18,0.29,0.43,0.6,0.77,1
5579,5,0.01,0.02,0.06,0.17,0.32,2
5580,5,0.01,0.03,0.04,0.14,0.29,2
5581,2,0.13,0.25,0.4,0.57,0.73,1
5582,4,0.05,0.1,0.19,0.35,0.44,1
5583,2,0.2,0.37,0.48,0.65,0.82,2
5584,3,0.07,0.14,0.32,0.49,0.64,1
5585,1,0.35,0.47,0.66,0.83,0.9,1
5586,4,0.05,0.08,0.18,0.34,0.4,1
5587,5,0.01,0.03,0.1,0.17,0.27,1
5588,3,0.08,0.13,0.35,0.43,0.55,1
5589,3,0.07,0.12,0.25,0.4,0.51,1
5590,4,0.02,0.05,0.13,0.28,0.35,1
5591,1,0.34,0.39,0.54,0.55,0.69,1
5592,5,0.01,0.02,0.06,0.12,0.28,1
5593,4,0.04,0.07,0.16,0.33,0.44,1
5594,2,0.15,0.37,0.46,0.65,0.82,1
5595,4,0.02,0.04,0.11,0.27,0.42,1
5596,4,0.02,0.05,0.1,0.24,0.42,1
5597,2,0.14,0.31,0.44,0.57,0.71,3
5598,5,0.01,0.03,0.1,0.14,0.37,1
5599,1,0.31,0.36,0.61,0.76,0.87,1
5600,1,0.36,0.46,0.62,0.79,0.86,1
5601,2,0.21,0.3,0.43,0.57,0.69,1
5602,4,0.02,0.06,0.13,0.27,0.4,1
5603,5,0.02,0.04,0.07,0.17,0.36,1
5604,3,0.09,0.2,0.3,0.48,0.51,1
5605,1,0.25,0.47,0.65,0.74,0.86,1
5606,3,0.08,0.13,0.26,0.48,0.63,1
5607,4,0.05,0.08,0.2,0.34,0.49,2
5608,3,0.07,0.14,0.28,0.48,0.67,1
5609,1,0.27,0.43,0.62,0.67,0.78,1
5610,3,0.05,0.13,0.26,0.43,0.68,1
5611,5,0.03,0.06,0.08,0.19,0.25,1
5612,3,0.13,0.21,0.32,0.4,0.52,1
5613,1,0.34,0.49,0.67,0.8,0.88,1
5614,2,0.19,0.29,0.42,0.55,0.7,1
5615,3,0.04,0.12,0.28,0.42,0.65,1
5616,4,0.06,0.13,0.22,0.33,0.49,1
5617,3,0.15,0.24,0.33,0.54,0.73,2
5618,2,0.16,0.3,0.37,0.47,0.58,1
5619,2,0.15,0.29,0.34,0.5,0.59,1
5620,1,0.31,0.45,0.54,0.55,0.75,1
5621,5,0.01,0.03,0.05,0.1,0.25,1
5622,3,0.07,0.13,0.28,0.43,0.55,1
5623,1,0.25,0.38,0.48,0.67,0.84,1
5624,3,0.08,0.13,0.29,0.41,0.53,1
5625,3,0.05,0.09,0.26,0.43,0.5,1
5626,1,0.28,0.41,0.59,0.76,0.86,1
5627,4,0.03,0.08,0.16,0.35,0.52,1
5628,2,0.18,0.3,0.34,0.44,0.52,2
5629,1,0.31,0.53,0.61,0.76,0.83,1
5630,2,0.23,0.34,0.57,0.78,0.89,1
5631,2,0.18,0.35,0.46,0.62,0.74,1
5632,3,0.08,0.17,0.37,0.49,0.65,1
5633,1,0.25,0.45,0.63,0.79,0.8,1
5634,5,0.01,0.02,0.08,0.15,0.36,1
5635,1,0.3,0.49,0.63,0.75,0.88,1
5636,2,0.22,0.34,0.51,0.59,0.71,1
5637,4,0.06,0.1,0.22,0.3,0.38,1
5638,4,0.03,0.05,0.09,0.25,0.39,3
5639,5,0.01,0.03,0.06,0.14,0.24,1
5640,2,0.11,0.23,0.46,0.71,0.82,1
5641,2,0.15,0.37,0.55,0.68,0.81,1
5642,2,0.12,0.34,0.48,0.69,0.82,1
5643,3,0.05,0.14,0.34,0.56,0.74,1
5644,1,0.36,0.53,0.69,0.8,0.89,1
5645,5,0.01,0.04,0.09,0.22,0.31,1
5646,5,0.01,0.02,0.08,0.18,0.27,1
5647,1,0.27,0.45,0.67,0.79,0.87,1
5648,3,0.06,0.18,0.35,0.42,0.55,1
5649,3,0.04,0.09,0.29,0.41,0.56,1
5650,2,0.15,0.35,0.5,0.7,0.79,1
5651,4,0.07,0.14,0.19,0.36,0.55,1
5652,5,0.01,0.02,0.07,0.13,0.24,1
5653,4,0.01,0.04,0.1,0.28,0.39,1
5654,1,0.29,0.51,0.61,0.77,0.81,1
5655,4,0.01,0.03,0.16,0.33,0.47,1
5656,1,0.27,0.35,0.47,0.59,0.73,1
5657,3,0.04,0.1,0.25,0.38,0.58,1
5658,1,0.26,0.4,0.56,0.7,0.84,1
5659,1,0.28,0.42,0.59,0.66,0.84,1
5660,4,0.04,0.1,0.14,0.27,0.54,2
5661,3,0.06,0.15,0.31,0.5,0.62,1
5662,1,0.37,0.46,0.67,0.77,0.86,1
5663,3,0.08,0.15,0.27,0.49,0.58,1
5664,1,0.26,0.38,0.54,0.71,0.85,1
5665,1,0.35,0.5,0.57,0.75,0.87,1
5666,1,0.23,0.44,0.63,0.78,0.87,1
5667,3,0.09,0.21,0.35,0.54,0.65,1
5668,4,0.08,0.12,0.2,0.33,0.54,1
5669,1,0.29,0.37,0.65,0.82,0.93,1
5670,5,0.01,0.02,0.07,0.23,0.36,1
5671,1,0.31,0.44,0.57,0.71,0.84,1
5672,4,0.01,0.03,0.09,0.25,0.43,1
5673,3,0.14,0.18,0.32,0.48,0.61,1
5674,3,0.07,0.12,0.23,0.39,0.65,1
5675,4,0.04,0.1,0.22,0.37,0.54,1
5676,5,0.01,0.02,0.04,0.11,0.31,1
5677,1,0.29,0.43,0.58,0.68,0.83,1
5678,1,0.33,0.54,0.72,0.86,0.94,1
5679,4,0.01,0.05,0.14,0.28,0.47,1
5680,4,0.01,0.05,0.1,0.31,0.56,1
5681,3,0.1,0.19,0.25,0.38,0.64,1
5682,5,0.02,0.05,0.09,0.14,0.25,1
5683,5,0.01,0.03,0.05,0.1,0.31,1
5684,2,0.22,0.24,0.36,0.46,0.57,1
5685,4,0.02,0.06,0.17,0.35,0.53,1
5686,5,0.01,0.03,0.08,0.2,0.36,2
5687,4,0.02,0.06,0.16,0.34,0.57,1
5688,3,0.06,0.09,0.25,0.41,0.61,1
5689,5,0.01,0.02,0.04,0.12,0.29,1
5690,4,0.02,0.07,0.13,0.27,0.49,1
5691,5,0.01,0.03,0.07,0.19,0.24,1
5692,2,0.15,0.31,0.48,0.65,0.74,1
5693,3,0.1,0.17,0.27,0.45,0.6,1
5694,2,0.1,0.25,0.37,0.62,0.7,1
5695,2,0.14,0.31,0.52,0.72,0.8,1
5696,4,0.03,0.08,0.13,0.27,0.37,1
5697,3,0.07,0.12,0.24,0.39,0.64,1
5698,1,0.32,0.43,0.67,0.75,0.79,1
5699,5,0.01,0.03,0.08,0.15,0.33,2
5700,2,0.11,0.23,0.42,0.57,0.78,1
5701,3,0.03,0.09,0.29,0.45,0.56,1
5702,2,0.19,0.32,0.45,0.56,0.61,1
5703,4,0.03,0.06,0.2,0.36,0.51,1
5704,1,0.28,0.38,0.48,0.64,0.82,1
5705,4,0.04,0.11,0.18,0.34,0.51,1
5706,3,0.09,0.15,0.36,0.6,0.68,1
5707,1,0.3,0.52,0.65,0.74,0.83,1
5708,3,0.09,0.21,0.35,0.51,0.64,2
5709,2,0.16,0.32,0.43,0.68,0.78,1
5710,3,0.11,0.17,0.34,0.56,0.67,1
5711,2,0.19,0.3,0.47,0.61,0.74,1
5712,1,0.33,0.55,0.71,0.8,0.9,1
5713,1,0.37,0.57,0.75,0.8,0.88,1
5714,1,0.25,0.4,0.54,0.6,0.75,1
5715,2,0.17,0.35,0.49,0.7,0.77,1
5716,1,0.26,0.46,0.6,0.78,0.85,1
5717,4,0.04,0.09,0.23,0.36,0.44,2
5718,4,0.01,0.03,0.07,0.24,0.47,1
5719,5,0.01,0.02,0.04,0.09,0.28,1
5720,4,0.04,0.07,0.17,0.26,0.37,1
5721,4,0.03,0.06,0.16,0.31,0.45,1
5722,1,0.24,0.39,0.57,0.72,0.84,1
5723,5,0.01,0.03,0.04,0.11,0.23,1
5724,1,0.37,0.6,0.78,0.84,0.89,1
5725,4,0.03,0.06,0.15,0.28,0.44,1
5726,4,0.03,0.06,0.2,0.36,0.41,1
5727,2,0.17,0.33,0.5,0.6,0.76,1
5728,4,0.04,0.11,0.2,0.35,0.58,1
5729,5,0.01,0.02,0.07,0.14,0.32,1
5730,3,0.12,0.22,0.29,0.4,0.51,1
5731,2,0.16,0.35,0.53,0.75,0.87,2
5732,5,0,0.02,0.04,0.13,0.28,2
5733,2,0.13,0.35,0.51,0.67,0.83,1
5734,4,0.02,0.07,0.14,0.28,0.49,1
5735,3,0.1,0.18,0.29,0.35,0.5,1
5736,3,0.04,0.14,0.31,0.56,0.72,1
5737,2,0.15,0.37,0.51,0.58,0.66,1
5738,4,0.07,0.13,0.2,0.27,0.42,1
5739,4,0.04,0.09,0.17,0.29,0.41,1
5740,3,0.06,0.16,0.33,0.52,0.7,1
5741,5,0.01,0.02,0.04,0.16,0.3,1
5742,5,0.04,0.06,0.09,0.18,0.3,1
5743,3,0.06,0.17,0.33,0.48,0.72,1
5744,1,0.34,0.36,0.51,0.73,0.81,1
5745,3,0.04,0.14,0.29,0.39,0.56,1
5746,2,0.22,0.37,0.59,0.81,0.9,1
5747,5,0.01,0.02,0.06,0.14,0.33,1
5748,2,0.13,0.26,0.39,0.56,0.74,1
5749,1,0.31,0.42,0.64,0.75,0.86,1
5750,3,0.04,0.09,0.26,0.38,0.57,1
5751,2,0.2,0.35,0.49,0.63,0.81,1
5752,5,0.01,0.02,0.06,0.1,0.28,2
5753,1,0.35,0.55,0.67,0.82,0.88,1
5754,1,0.36,0.5,0.7,0.85,0.92,1
5755,1,0.24,0.4,0.6,0.74,0.83,2
5756,1,0.37,0.48,0.62,0.82,0.88,1
5757,4,0.04,0.08,0.19,0.36,0.58,1
5758,4,0.06,0.11,0.23,0.3,0.46,2
5759,2,0.24,0.31,0.34,0.41,0.63,1
5760,4,0.02,0.05,0.13,0.24,0.4,1
5761,3,0.08,0.15,0.28,0.39,0.52,1
5762,3,0.09,0.13,0.29,0.47,0.56,1
5763,2,0.2,0.37,0.55,0.67,0.82,1
5764,4,0.06,0.11,0.13,0.3,0.5,1
5765,1,0.26,0.4,0.61,0.77,0.84,2
5766,1,0.29,0.43,0.61,0.77,0.91,1
5767,1,0.33,0.46,0.67,0.82,0.86,1
5768,2,0.18,0.31,0.57,0.71,0.86,1
5769,1,0.34,0.46,0.62,0.75,0.87,1
5770,2,0.18,0.29,0.46,0.61,0.71,1
5771,4,0.02,0.05,0.11,0.26,0.37,1
5772,2,0.15,0.26,0.38,0.54,0.73,1
5773,1,0.28,0.45,0.59,0.71,0.81,1
5774,5,0,0.02,0.07,0.25,0.3,1
5775,1,0.37,0.51,0.54,0.67,0.83,1
5776,4,0.08,0.13,0.24,0.31,0.41,1
5777,4,0.02,0.05,0.15,0.31,0.46,1
5778,2,0.14,0.32,0.42,0.55,0.69,1
5779,2,0.2,0.36,0.5,0.63,0.78,2
5780,5,0,0.01,0.03,0.11,0.28,1
5781,3,0.06,0.15,0.37,0.49,0.66,1
5782,3,0.04,0.13,0.28,0.46,0.64,2
5783,1,0.26,0.4,0.48,0.6,0.72,1
5784,2,0.14,0.3,0.41,0.53,0.72,1
5785,2,0.23,0.32,0.45,0.63,0.72,1
5786,4,0.04,0.09,0.15,0.3,0.55,1
5787,5,0.01,0.02,0.04,0.07,0.24,1
5788,5,0.01,0.02,0.06,0.16,0.37,1
5789,1,0.33,0.54,0.73,0.86,0.93,1
5790,2,0.12,0.24,0.49,0.69,0.72,1
5791,1,0.37,0.53,0.69,0.83,0.91,1
5792,2,0.21,0.33,0.5,0.67,0.83,1
5793,4,0.06,0.15,0.23,0.35,0.51,1
5794,4,0.04,0.07,0.19,0.33,0.58,1
5795,5,0.02,0.03,0.06,0.18,0.37,1
5796,4,0.01,0.03,0.09,0.27,0.36,1
5797,4,0.02,0.04,0.07,0.27,0.43,1
5798,2,0.09,0.28,0.48,0.69,0.78,1
5799,2,0.17,0.33,0.54,0.71,0.83,1
5800,4,0.03,0.07,0.15,0.28,0.41,1
5801,2,0.15,0.36,0.5,0.73,0.82,1
5802,1,0.29,0.36,0.55,0.67,0.79,1
5803,3,0.06,0.1,0.33,0.5,0.69,1
5804,5,0.02,0.03,0.07,0.2,0.3,1
5805,1,0.32,0.42,0.57,0.76,0.86,1
5806,5,0.02,0.05,0.12,0.2,0.36,1
5807,1,0.26,0.46,0.64,0.79,0.85,1
5808,2,0.11,0.34,0.44,0.61,0.78,1
5809,3,0.04,0.09,0.26,0.34,0.57,1
5810,3,0.07,0.13,0.35,0.6,0.73,1
5811,1,0.27,0.36,0.62,0.77,0.89,1
5812,1,0.23,0.38,0.58,0.81,0.86,1
5813,5,0.01,0.04,0.11,0.21,0.37,1
5814,4,0.02,0.07,0.22,0.33,0.56,1
5815,5,0.01,0.05,0.09,0.17,0.27,1
5816,3,0.06,0.12,0.24,0.38,0.47,2
5817,1,0.36,0.5,0.66,0.78,0.9,1
5818,2,0.19,0.28,0.43,0.65,0.75,1
5819,2,0.24,0.33,0.51,0.68,0.78,1
5820,1,0.31,0.44,0.59,0.78,0.89,1
5821,1,0.34,0.44,0.54,0.74,0.87,2
5822,5,0,0.01,0.03,0.09,0.3,1
5823,2,0.2,0.33,0.5,0.63,0.78,1
5824,5,0,0.01,0.03,0.1,0.26,1
5825,2,0.21,0.37,0.55,0.76,0.85,1
5826,5,0.01,0.03,0.05,0.15,0.29,1
5827,2,0.14,0.25,0.35,0.53,0.71,1
5828,2,0.18,0.31,0.42,0.63,0.75,2
5829,4,0.04,0.07,0.13,0.29,0.44,1
5830,4,0.03,0.06,0.11,0.34,0.56,1
5831,1,0.33,0.52,0.76,0.85,0.92,1
5832,3,0.03,0.1,0.31,0.36,0.58,1
5833,2,0.19,0.36,0.51,0.7,0.8,1
5834,3,0.11,0.2,0.32,0.53,0.69,1
5835,2,0.14,0.3,0.38,0.59,0.7,1
5836,1,0.33,0.4,0.57,0.66,0.8,1
5837,4,0.03,0.07,0.16,0.31,0.47,1
5838,3,0.05,0.15,0.23,0.39,0.5,1
5839,2,0.22,0.27,0.51,0.74,0.87,1
5840,3,0.11,0.14,0.36,0.56,0.8,1
5841,4,0.01,0.04,0.12,0.23,0.37,1
5842,1,0.26,0.43,0.64,0.72,0.83,1
5843,5,0.01,0.05,0.11,0.18,0.36,1
5844,1,0.32,0.37,0.45,0.68,0.8,1
5845,4,0.08,0.12,0.17,0.24,0.43,1
5846,1,0.31,0.5,0.68,0.8,0.92,1
5847,3,0.05,0.12,0.25,0.41,0.52,1
5848,5,0.02,0.05,0.12,0.19,0.27,1
5849,1,0.32,0.39,0.59,0.78,0.85,1
5850,4,0.06,0.07,0.15,0.29,0.46,1
5851,5,0.03,0.05,0.1,0.17,0.31,1
5852,5,0.01,0.04,0.08,0.2,0.26,1
5853,2,0.18,0.37,0.54,0.68,0.73,1
5854,4,0.01,0.05,0.13,0.27,0.38,1
5855,3,0.15,0.21,0.32,0.47,0.65,1
5856,2,0.12,0.3,0.41,0.55,0.71,1
5857,2,0.12,0.32,0.49,0.63,0.75,1
5858,3,0.05,0.11,0.26,0.37,0.51,2
5859,1,0.3,0.36,0.59,0.72,0.79,1
5860,2,0.12,0.28,0.39,0.56,0.76,1
5861,5,0.01,0.03,0.06,0.12,0.25,1
5862,4,0.03,0.06,0.08,0.29,0.41,1
5863,2,0.13,0.33,0.43,0.55,0.75,1
5864,4,0.04,0.07,0.14,0.3,0.49,1
5865,2,0.11,0.26,0.49,0.65,0.82,1
5866,1,0.29,0.42,0.69,0.8,0.88,1
5867,1,0.25,0.52,0.7,0.82,0.89,1
5868,4,0.05,0.11,0.17,0.29,0.47,2
5869,3,0.03,0.12,0.35,0.48,0.64,1
5870,2,0.15,0.25,0.46,0.68,0.83,1
5871,4,0.05,0.1,0.12,0.29,0.42,1
5872,5,0.02,0.03,0.04,0.12,0.31,1
5873,3,0.03,0.11,0.31,0.45,0.62,1
5874,1,0.31,0.52,0.73,0.82,0.9,1
5875,2,0.11,0.25,0.45,0.57,0.65,1
5876,5,0.01,0.04,0.06,0.14,0.25,1
5877,1,0.28,0.4,0.61,0.65,0.8,1
5878,5,0.02,0.03,0.06,0.14,0.29,1
5879,2,0.14,0.31,0.47,0.6,0.72,2
5880,2,0.12,0.26,0.45,0.55,0.67,3
5881,5,0.01,0.02,0.04,0.16,0.3,1
5882,4,0.02,0.05,0.12,0.31,0.47,1
5883,4,0.04,0.08,0.15,0.31,0.52,1
5884,1,0.28,0.49,0.61,0.76,0.88,1
5885,5,0.03,0.05,0.1,0.22,0.37,1
5886,1,0.31,0.39,0.54,0.64,0.79,1
5887,1,0.31,0.46,0.57,0.7,0.78,1
5888,1,0.34,0.52,0.55,0.69,0.75,1
5889,2,0.13,0.24,0.43,0.57,0.66,1
5890,3,0.07,0.14,0.25,0.42,0.6,1
5891,1,0.35,0.52,0.71,0.82,0.88,2
5892,1,0.25,0.4,0.59,0.69,0.78,1
5893,2,0.17,0.32,0.43,0.57,0.73,1
5894,4,0.03,0.06,0.16,0.28,0.5,1
5895,4,0.03,0.07,0.22,0.33,0.5,1
5896,2,0.08,0.23,0.41,0.64,0.71,1
5897,2,0.12,0.33,0.46,0.66,0.76,1
5898,2,0.16,0.32,0.41,0.65,0.74,1
5899,2,0.2,0.26,0.41,0.64,0.78,1
5900,3,0.06,0.12,0.25,0.45,0.62,1
5901,5,0.01,0.02,0.04,0.1,0.25,1
5902,4,0.02,0.04,0.15,0.26,0.51,1
5903,2,0.19,0.36,0.54,0.65,0.8,1
5904,2,0.11,0.24,0.36,0.45,0.58,1
5905,3,0.05,0.14,0.25,0.41,0.48,1
5906,4,0.02,0.06,0.12,0.28,0.43,1
5907,5,0.03,0.05,0.11,0.23,0.36,1
5908,2,0.11,0.24,0.43,0.59,0.7,1
5909,4,0.02,0.06,0.18,0.37,0.55,1
5910,3,0.1,0.16,0.3,0.49,0.61,1
5911,4,0.06,0.11,0.2,0.37,0.53,1
5912,1,0.24,0.41,0.51,0.69,0.79,1
5913,3,0.1,0.16,0.27,0.33,0.5,1
5914,5,0.03,0.06,0.1,0.16,0.25,1
5915,4,0.03,0.08,0.15,0.27,0.43,1
5916,4,0.03,0.1,0.16,0.29,0.49,1
5917,2,0.12,0.29,0.39,0.57,0.73,1
5918,3,0.16,0.26,0.32,0.49,0.6,2
5919,5,0.01,0.02,0.04,0.12,0.23,1
5920,4,0.03,0.08,0.25,0.33,0.63,1
5921,1,0.32,0.46,0.68,0.8,0.91,2
5922,5,0.01,0.03,0.07,0.22,0.33,1
5923,1,0.33,0.61,0.76,0.88,0.93,1
5924,1,0.24,0.43,0.6,0.77,0.92,1
5925,5,0.02,0.03,0.07,0.2,0.33,1
5926,5,0.02,0.04,0.08,0.15,0.25,1
5927,3,0.11,0.17,0.27,0.37,0.55,1
5928,2,0.17,0.31,0.57,0.74,0.84,2
5929,4,0.05,0.09,0.21,0.31,0.49,2
5930,1,0.23,0.43,0.58,0.67,0.74,1
5931,3,0.04,0.11,0.27,0.46,0.64,1
5932,4,0.05,0.1,0.15,0.32,0.44,1
5933,1,0.36,0.44,0.51,0.68,0.83,1
5934,1,0.35,0.49,0.64,0.79,0.84,1
5935,4,0.05,0.09,0.16,0.35,0.58,2
5936,1,0.27,0.37,0.61,0.71,0.82,1
5937,2,0.13,0.35,0.49,0.67,0.79,1
5938,2,0.2,0.37,0.55,0.75,0.88,1
5939,4,0.05,0.09,0.23,0.29,0.37,1
5940,2,0.17,0.28,0.47,0.59,0.76,1
5941,5,0.01,0.02,0.06,0.13,0.32,1
5942,4,0.06,0.1,0.16,0.32,0.45,1
5943,5,0.01,0.05,0.06,0.16,0.37,2
5944,1,0.26,0.38,0.45,0.63,0.8,1
5945,3,0.05,0.13,0.26,0.39,0.61,1
5946,2,0.17,0.36,0.55,0.72,0.85,1
5947,4,0.05,0.1,0.2,0.35,0.54,1
5948,2,0.09,0.25,0.43,0.62,0.65,1
5949,1,0.3,0.44,0.57,0.68,0.8,1
5950,3,0.11,0.21,0.31,0.38,0.52,1
5951,1,0.37,0.52,0.64,0.77,0.82,1
5952,5,0.01,0.02,0.05,0.08,0.25,1
5953,1,0.32,0.52,0.72,0.82,0.89,1
5954,5,0.02,0.04,0.07,0.14,0.28,1
5955,5,0.01,0.03,0.08,0.15,0.33,1
5956,4,0.03,0.09,0.19,0.37,0.5,1
5957,2,0.13,0.37,0.42,0.59,0.74,1
5958,1,0.34,0.65,0.83,0.9,0.94,1
5959,1,0.33,0.45,0.6,0.69,0.79,1
5960,1,0.34,0.61,0.74,0.84,0.9,1
5961,2,0.12,0.29,0.37,0.55,0.6,1
5962,5,0.04,0.08,0.15,0.22,0.33,1
5963,2,0.15,0.24,0.37,0.52,0.66,1
5964,3,0.11,0.21,0.31,0.5,0.74,1
5965,5,0,0.02,0.05,0.14,0.28,1
5966,2,0.22,0.37,0.65,0.78,0.85,1
5967,3,0.07,0.14,0.31,0.41,0.62,2
5968,1,0.36,0.54,0.63,0.73,0.81,1
5969,3,0.06,0.15,0.3,0.54,0.66,1
5970,1,0.28,0.47,0.59,0.73,0.81,2
5971,2,0.17,0.26,0.38,0.55,0.69,1
5972,5,0.01,0.03,0.08,0.14,0.33,1
5973,4,0.02,0.05,0.14,0.25,0.45,1
5974,2,0.16,0.35,0.52,0.62,0.81,1
5975,2,0.2,0.31,0.39,0.53,0.69,1
5976,5,0.01,0.03,0.09,0.18,0.32,1
5977,4,0.02,0.09,0.14,0.3,0.37,2
5978,5,0.01,0.02,0.05,0.11,0.32,1
5979,4,0.08,0.1,0.18,0.37,0.51,1
5980,5,0.01,0.02,0.05,0.12,0.23,1
5981,3,0.05,0.1,0.31,0.45,0.63,2
5982,5,0.02,0.05,0.1,0.22,0.34,1
5983,3,0.05,0.1,0.24,0.38,0.49,1
5984,3,0.06,0.13,0.26,0.43,0.59,1
5985,3,0.05,0.16,0.33,0.44,0.51,1
5986,5,0.01,0.03,0.06,0.2,0.34,1
5987,4,0.01,0.04,0.13,0.23,0.37,1
5988,3,0.06,0.14,0.26,0.44,0.59,1
5989,2,0.14,0.26,0.53,0.66,0.78,1
5990,1,0.27,0.43,0.54,0.56,0.68,1
5991,5,0.01,0.03,0.05,0.13,0.31,1
5992,4,0.03,0.09,0.12,0.27,0.4,1
5993,4,0.04,0.09,0.18,0.35,0.61,1
5994,1,0.36,0.46,0.58,0.78,0.85,1
5995,5,0.02,0.04,0.1,0.19,0.3,1
5996,4,0.06,0.13,0.22,0.33,0.47,1
5997,4,0.02,0.04,0.14,0.32,0.5,1
5998,5,0.01,0.03,0.04,0.13,0.34,1
5999,4,0.04,0.08,0.15,0.33,0.41,1
6000,2,0.16,0.3,0.48,0.58,0.71,1
6001,1,0.23,0.41,0.6,0.73,0.85,1
6002,1,0.29,0.41,0.52,0.62,0.78,1
6003,4,0.02,0.06,0.16,0.34,0.48,1
6004,3,0.07,0.19,0.32,0.57,0.7,1
6005,1,0.32,0.52,0.7,0.82,0.88,1
6006,4,0.03,0.1,0.21,0.34,0.51,1
6007,4,0.06,0.11,0.19,0.32,0.45,1
6008,2,0.1,0.34,0.47,0.6,0.75,1
6009,2,0.2,0.34,0.48,0.68,0.82,1
6010,1,0.29,0.38,0.53,0.73,0.86,1
6011,5,0.03,0.06,0.13,0.23,0.31,1
6012,3,0.09,0.22,0.3,0.5,0.62,1
6013,3,0.12,0.19,0.32,0.47,0.72,1
6014,5,0.02,0.04,0.09,0.22,0.36,1
6015,4,0.02,0.06,0.14,0.25,0.44,1
6016,2,0.2,0.36,0.51,0.72,0.81,1
6017,4,0.05,0.08,0.17,0.35,0.42,1
6018,5,0.01,0.02,0.04,0.14,0.25,1
6019,5,0.01,0.03,0.08,0.14,0.24,1
6020,2,0.12,0.32,0.5,0.62,0.7,1
6021,2,0.2,0.36,0.62,0.77,0.88,1
6022,4,0.04,0.09,0.18,0.34,0.45,1
6023,2,0.14,0.31,0.5,0.7,0.79,1
6024,2,0.18,0.29,0.49,0.67,0.78,1
6025,5,0.02,0.04,0.07,0.12,0.3,1
6026,4,0.03,0.06,0.19,0.27,0.39,1
6027,4,0.04,0.06,0.15,0.3,0.47,1
6028,5,0.01,0.02,0.09,0.18,0.31,1
6029,4,0.02,0.07,0.14,0.29,0.46,1
6030,1,0.32,0.39,0.51,0.75,0.86,1
6031,3,0.09,0.2,0.28,0.5,0.62,1
6032,3,0.05,0.11,0.33,0.47,0.62,1
6033,2,0.16,0.3,0.38,0.57,0.63,1
6034,2,0.07,0.26,0.4,0.58,0.72,1
6035,5,0.01,0.03,0.05,0.16,0.27,1
6036,2,0.08,0.25,0.37,0.52,0.63,1
6037,5,0.02,0.04,0.08,0.17,0.34,1
6038,4,0.05,0.08,0.13,0.32,0.47,2
6039,2,0.18,0.34,0.52,0.75,0.82,1
6040,1,0.31,0.39,0.56,0.67,0.79,1
6041,5,0.01,0.06,0.12,0.19,0.3,2
6042,5,0.02,0.04,0.07,0.13,0.25,1
6043,1,0.29,0.45,0.59,0.79,0.88,1
6044,5,0.01,0.03,0.05,0.16,0.31,1
6045,2,0.16,0.26,0.38,0.49,0.63,1
6046,2,0.16,0.37,0.64,0.82,0.92,1
6047,4,0.02,0.04,0.11,0.29,0.45,1
6048,1,0.25,0.35,0.51,0.65,0.78,1
6049,2,0.13,0.3,0.42,0.56,0.69,1
6050,4,0.02,0.04,0.12,0.28,0.4,1
6051,2,0.21,0.31,0.44,0.65,0.74,1
6052,2,0.12,0.31,0.44,0.56,0.62,1
6053,3,0.12,0.22,0.35,0.45,0.55,1
6054,3,0.1,0.19,0.3,0.47,0.59,1
6055,1,0.25,0.38,0.54,0.69,0.77,1
6056,4,0.02,0.04,0.17,0.28,0.47,1
6057,1,0.29,0.37,0.53,0.61,0.82,1
6058,4,0.04,0.07,0.14,0.35,0.55,1
6059,3,0.07,0.21,0.34,0.48,0.72,1
6060,3,0.06,0.13,0.28,0.44,0.61,1
6061,1,0.32,0.48,0.58,0.69,0.74,1
6062,4,0.02,0.06,0.12,0.29,0.39,1
6063,1,0.31,0.45,0.56,0.58,0.74,1
6064,1,0.35,0.5,0.65,0.81,0.91,2
6065,4,0.05,0.09,0.14,0.32,0.46,2
6066,3,0.04,0.11,0.26,0.43,0.61,1
6067,2,0.14,0.35,0.54,0.71,0.85,1
6068,1,0.29,0.5,0.72,0.79,0.81,1
6069,2,0.2,0.35,0.55,0.7,0.84,1
6070,1,0.32,0.4,0.52,0.64,0.65,1
6071,3,0.06,0.14,0.3,0.49,0.69,1
6072,1,0.34,0.45,0.59,0.7,0.83,1
6073,3,0.03,0.08,0.28,0.41,0.54,1
6074,3,0.03,0.06,0.24,0.4,0.6,2
6075,1,0.37,0.52,0.61,0.84,0.91,2
6076,2,0.14,0.3,0.41,0.64,0.83,1
6077,1,0.23,0.39,0.48,0.61,0.79,1
6078,5,0.01,0.02,0.05,0.18,0.35,1
6079,2,0.09,0.34,0.61,0.74,0.83,1
6080,1,0.36,0.59,0.73,0.86,0.92,1
6081,1,0.3,0.45,0.65,0.77,0.83,1
6082,4,0.02,0.07,0.14,0.3,0.47,1
6083,2,0.23,0.36,0.53,0.65,0.82,1
6084,1,0.27,0.44,0.61,0.76,0.84,1
6085,1,0.26,0.4,0.65,0.77,0.89,1
6086,5,0.01,0.05,0.09,0.14,0.23,2
6087,4,0.03,0.07,0.14,0.34,0.44,3
6088,3,0.03,0.11,0.31,0.51,0.72,1
6089,5,0.01,0.03,0.06,0.1,0.31,1
6090,3,0.07,0.15,0.25,0.37,0.55,1
6091,1,0.24,0.38,0.51,0.66,0.85,2
6092,1,0.24,0.4,0.46,0.65,0.76,1
6093,4,0.02,0.04,0.09,0.26,0.39,1
6094,3,0.11,0.21,0.34,0.43,0.63,3
6095,3,0.08,0.2,0.3,0.43,0.59,1
6096,4,0.02,0.06,0.16,0.28,0.4,1
6097,2,0.17,0.36,0.58,0.72,0.82,1
6098,2,0.2,0.32,0.57,0.82,0.9,1
6099,5,0.02,0.06,0.11,0.23,0.33,1
6100,2,0.13,0.27,0.34,0.52,0.62,1
6101,3,0.08,0.17,0.35,0.48,0.7,1
6102,2,0.17,0.35,0.4,0.55,0.77,1
6103,3,0.1,0.14,0.26,0.42,0.56,1
6104,2,0.06,0.23,0.38,0.54,0.75,1
6105,2,0.1,0.33,0.53,0.63,0.76,1
6106,3,0.03,0.16,0.36,0.5,0.76,1
6107,1,0.31,0.39,0.57,0.71,0.87,1
6108,4,0.03,0.06,0.13,0.31,0.44,2
6109,4,0.03,0.08,0.2,0.36,0.56,1
6110,1,0.24,0.36,0.48,0.68,0.83,1
6111,5,0.02,0.03,0.06,0.09,0.25,1
6112,5,0.01,0.04,0.08,0.13,0.31,1
6113,4,0.02,0.04,0.14,0.37,0.47,2
6114,2,0.23,0.35,0.47,0.64,0.75,1
6115,4,0.04,0.08,0.15,0.29,0.34,1
6116,4,0.02,0.07,0.11,0.24,0.38,1
6117,4,0.06,0.18,0.25,0.32,0.42,1
6118,1,0.34,0.47,0.69,0.83,0.93,1
6119,5,0.01,0.02,0.07,0.16,0.34,1
6120,4,0.03,0.06,0.17,0.26,0.4,2
6121,3,0.07,0.14,0.32,0.51,0.7,1
6122,1,0.32,0.48,0.6,0.7,0.84,1
6123,5,0,0.01,0.04,0.1,0.23,1
6124,3,0.07,0.18,0.36,0.56,0.68,1
6125,2,0.14,0.3,0.54,0.76,0.88,1
6126,2,0.17,0.37,0.49,0.62,0.8,1
6127,5,0,0.01,0.03,0.07,0.23,1
6128,3,0.03,0.13,0.29,0.6,0.76,1
6129,5,0.04,0.05,0.09,0.23,0.34,1
6130,5,0.01,0.02,0.07,0.21,0.31,1
6131,5,0.01,0.03,0.05,0.12,0.35,1
6132,5,0.02,0.03,0.06,0.14,0.36,1
6133,1,0.23,0.39,0.56,0.69,0.79,1
6134,4,0.02,0.07,0.16,0.34,0.55,1
6135,1,0.32,0.39,0.55,0.7,0.86,1
6136,3,0.06,0.23,0.34,0.55,0.66,1
6137,1,0.3,0.53,0.73,0.85,0.93,1
6138,2,0.11,0.26,0.4,0.59,0.72,1
6139,4,0.04,0.1,0.18,0.26,0.39,1
6140,5,0.01,0.02,0.05,0.16,0.33,2
6141,3,0.05,0.15,0.34,0.59,0.75,2
6142,3,0.09,0.22,0.36,0.49,0.55,1
6143,3,0.09,0.15,0.28,0.4,0.48,1
6144,1,0.3,0.48,0.66,0.78,0.86,1
6145,3,0.08,0.15,0.36,0.51,0.69,1
6146,4,0.02,0.08,0.22,0.34,0.47,1
6147,3,0.05,0.12,0.29,0.48,0.58,1
6148,5,0.01,0.02,0.07,0.18,0.3,1
6149,3,0.07,0.15,0.29,0.5,0.66,1
6150,3,0.04,0.14,0.3,0.43,0.54,1
6151,1,0.36,0.5,0.68,0.8,0.89,1
6152,5,0.01,0.02,0.06,0.16,0.3,1
6153,5,0.01,0.04,0.09,0.16,0.35,1
6154,3,0.04,0.12,0.29,0.54,0.7,1
6155,4,0.04,0.06,0.16,0.33,0.5,1
6156,1,0.32,0.57,0.77,0.87,0.9,1
6157,1,0.35,0.42,0.63,0.78,0.89,2
6158,4,0.03,0.05,0.17,0.29,0.53,2
6159,2,0.14,0.23,0.4,0.56,0.66,1
6160,3,0.09,0.22,0.35,0.59,0.66,1
6161,3,0.05,0.13,0.29,0.46,0.6,1
6162,5,0.01,0.02,0.05,0.13,0.26,1
6163,4,0.01,0.03,0.07,0.23,0.39,1
6164,5,0.01,0.03,0.09,0.17,0.23,1
6165,1,0.32,0.53,0.68,0.82,0.9,1
6166,3,0.08,0.24,0.35,0.57,0.71,1
6167,4,0.02,0.07,0.14,0.29,0.43,1
6168,1,0.37,0.44,0.56,0.73,0.83,1
6169,5,0.01,0.04,0.07,0.16,0.35,1
6170,1,0.32,0.38,0.48,0.67,0.82,1
6171,1,0.33,0.5,0.61,0.68,0.79,1
6172,4,0.03,0.05,0.15,0.31,0.48,1
6173,2,0.12,0.26,0.4,0.65,0.75,1
6174,3,0.05,0.15,0.32,0.5,0.67,1
6175,5,0.01,0.04,0.09,0.19,0.28,1
6176,5,0.02,0.05,0.07,0.16,0.36,2
6177,5,0.01,0.03,0.07,0.13,0.23,1
6178,1,0.26,0.46,0.76,0.88,0.93,1
6179,5,0.02,0.06,0.1,0.17,0.25,1
6180,3,0.03,0.08,0.25,0.38,0.47,1
6181,1,0.29,0.44,0.61,0.69,0.81,1
6182,3,0.05,0.14,0.24,0.38,0.6,1
6183,1,0.25,0.44,0.63,0.75,0.88,1
6184,5,0.01,0.02,0.04,0.12,0.29,1
6185,3,0.04,0.1,0.29,0.44,0.65,1
6186,1,0.24,0.38,0.49,0.71,0.82,1
6187,1,0.34,0.47,0.62,0.73,0.82,1
6188,5,0.02,0.04,0.08,0.15,0.28,1
6189,3,0.11,0.14,0.36,0.49,0.58,1
6190,1,0.29,0.42,0.62,0.77,0.84,1
6191,3,0.05,0.19,0.34,0.51,0.57,2
6192,2,0.16,0.29,0.37,0.59,0.7,1
6193,1,0.29,0.47,0.69,0.8,0.86,1
6194,3,0.15,0.22,0.36,0.52,0.7,1
6195,1,0.28,0.4,0.58,0.67,0.84,1
6196,5,0.01,0.02,0.03,0.13,0.29,1
6197,4,0.02,0.05,0.13,0.25,0.36,1
6198,4,0.01,0.05,0.11,0.27,0.41,2
6199,5,0.01,0.03,0.08,0.19,0.33,2
6200,2,0.2,0.34,0.52,0.65,0.76,2
6201,3,0.04,0.11,0.28,0.42,0.62,1
6202,3,0.12,0.19,0.29,0.4,0.58,1
6203,4,0.01,0.03,0.11,0.27,0.43,1
6204,5,0.02,0.05,0.09,0.17,0.26,1
6205,5,0.01,0.02,0.05,0.1,0.23,2
6206,2,0.08,0.33,0.64,0.79,0.89,1
6207,4,0.04,0.09,0.16,0.34,0.48,1
6208,5,0.01,0.03,0.07,0.14,0.32,1
6209,5,0.01,0.03,0.06,0.15,0.3,1
6210,3,0.05,0.12,0.24,0.4,0.63,1
6211,4,0.04,0.09,0.11,0.3,0.49,1
6212,2,0.24,0.33,0.51,0.72,0.87,1
6213,5,0.01,0.04,0.08,0.16,0.29,1
6214,1,0.34,0.43,0.55,0.69,0.76,1
6215,2,0.14,0.28,0.38,0.52,0.66,1
6216,4,0.05,0.1,0.22,0.31,0.53,1
6217,3,0.03,0.11,0.24,0.36,0.47,1
6218,2,0.12,0.34,0.55,0.71,0.86,1
6219,1,0.24,0.42,0.65,0.82,0.86,2
6220,1,0.28,0.5,0.63,0.84,0.88,1
6221,1,0.26,0.35,0.54,0.73,0.84,1
6222,3,0.06,0.12,0.24,0.38,0.54,1
6223,1,0.28,0.35,0.55,0.79,0.87,1
6224,3,0.05,0.1,0.24,0.46,0.55,1
6225,1,0.24,0.46,0.55,0.69,0.73,1
6226,2,0.13,0.29,0.46,0.56,0.72,1
6227,5,0.02,0.03,0.05,0.13,0.28,1
6228,5,0.01,0.02,0.04,0.15,0.36,1
6229,5,0.01,0.02,0.05,0.14,0.28,2
6230,1,0.34,0.51,0.71,0.84,0.87,1
6231,3,0.04,0.14,0.28,0.48,0.7,1
6232,5,0.03,0.06,0.13,0.2,0.36,1
6233,4,0.02,0.05,0.13,0.26,0.45,1
6234,2,0.12,0.28,0.46,0.59,0.69,1
6235,1,0.26,0.39,0.53,0.73,0.81,1
6236,4,0.02,0.05,0.15,0.27,0.38,1
6237,2,0.17,0.33,0.43,0.62,0.73,1
6238,2,0.1,0.26,0.41,0.6,0.7,1
6239,5,0.01,0.03,0.06,0.15,0.28,1
6240,3,0.04,0.2,0.34,0.49,0.63,1
6241,5,0.01,0.02,0.06,0.16,0.31,1
6242,3,0.1,0.18,0.28,0.39,0.58,1
6243,1,0.35,0.5,0.72,0.84,0.92,1
6244,3,0.1,0.18,0.32,0.52,0.68,1
6245,2,0.18,0.29,0.5,0.63,0.75,2
6246,3,0.03,0.11,0.27,0.42,0.6,1
6247,2,0.18,0.33,0.59,0.7,0.88,1
6248,4,0.02,0.06,0.1,0.25,0.38,1
6249,2,0.2,0.35,0.57,0.75,0.87,1
6250,1,0.26,0.35,0.52,0.79,0.86,1
6251,3,0.05,0.13,0.31,0.45,0.57,1
6252,4,0.03,0.06,0.14,0.32,0.42,1
6253,5,0.01,0.03,0.05,0.12,0.24,1
6254,4,0.02,0.09,0.13,0.25,0.39,1
6255,1,0.26,0.35,0.53,0.64,0.75,1
6256,5,0.01,0.02,0.03,0.11,0.24,1
6257,5,0.04,0.13,0.18,0.22,0.35,2
6258,3,0.12,0.17,0.28,0.44,0.63,1
6259,2,0.13,0.26,0.47,0.63,0.78,1
6260,4,0.03,0.07,0.14,0.37,0.59,1
6261,5,0.01,0.03,0.04,0.1,0.27,1
6262,4,0.03,0.08,0.19,0.24,0.36,1
6263,3,0.04,0.1,0.27,0.52,0.74,2
6264,1,0.24,0.38,0.58,0.72,0.78,1
6265,2,0.08,0.26,0.42,0.59,0.73,1
6266,5,0.01,0.02,0.04,0.15,0.33,1
6267,4,0.01,0.04,0.12,0.33,0.41,1
6268,4,0.02,0.04,0.12,0.28,0.34,1
6269,5,0.01,0.02,0.06,0.13,0.24,2
6270,1,0.33,0.57,0.66,0.79,0.9,1
6271,4,0.05,0.08,0.17,0.24,0.41,1
6272,1,0.26,0.41,0.59,0.78,0.89,1
6273,2,0.25,0.34,0.51,0.72,0.79,1
6274,1,0.26,0.43,0.67,0.76,0.83,1
6275,5,0.02,0.03,0.07,0.16,0.26,1
6276,1,0.35,0.56,0.74,0.87,0.95,1
6277,1,0.34,0.55,0.67,0.73,0.86,1
6278,1,0.32,0.39,0.54,0.7,0.84,1
6279,1,0.23,0.37,0.51,0.67,0.78,1
6280,3,0.06,0.21,0.37,0.48,0.65,1
6281,2,0.13,0.35,0.46,0.6,0.81,1
6282,2,0.17,0.31,0.44,0.59,0.74,1
6283,1,0.25,0.38,0.49,0.62,0.76,1
6284,5,0.03,0.06,0.12,0.18,0.34,1
6285,1,0.3,0.39,0.53,0.6,0.82,1
6286,2,0.19,0.26,0.38,0.51,0.71,1
6287,2,0.19,0.35,0.56,0.65,0.7,2
6288,4,0.03,0.08,0.21,0.31,0.56,1
6289,4,0.02,0.09,0.2,0.36,0.54,1
6290,4,0.02,0.05,0.11,0.34,0.47,1
6291,3,0.03,0.11,0.27,0.42,0.52,1
6292,4,0.02,0.05,0.13,0.24,0.36,1
6293,3,0.06,0.07,0.24,0.44,0.62,1
6294,4,0.02,0.07,0.13,0.3,0.55,1
6295,3,0.06,0.17,0.34,0.5,0.67,1
6296,1,0.28,0.43,0.49,0.67,0.75,1
6297,5,0.01,0.02,0.08,0.15,0.3,1
6298,4,0.02,0.05,0.13,0.27,0.38,1
6299,2,0.08,0.28,0.44,0.59,0.76,1
6300,4,0.04,0.11,0.21,0.37,0.45,1
6301,3,0.06,0.13,0.25,0.38,0.59,1
6302,1,0.34,0.56,0.75,0.84,0.93,1
6303,4,0.04,0.08,0.2,0.36,0.46,1
6304,2,0.15,0.35,0.49,0.54,0.72,1
6305,5,0.01,0.03,0.07,0.2,0.35,2
6306,4,0.01,0.04,0.07,0.24,0.38,1
6307,1,0.37,0.42,0.61,0.71,0.79,1
6308,2,0.15,0.28,0.38,0.55,0.68,1
6309,5,0.01,0.03,0.09,0.13,0.23,1
6310,3,0.06,0.2,0.29,0.54,0.64,1
6311,3,0.05,0.14,0.36,0.43,0.52,1
6312,5,0.01,0.04,0.07,0.12,0.32,1
6313,2,0.17,0.33,0.48,0.6,0.78,1
6314,2,0.18,0.29,0.33,0.41,0.57,1
6315,1,0.23,0.37,0.48,0.67,0.82,1
6316,2,0.16,0.34,0.39,0.55,0.72,2
6317,2,0.14,0.34,0.5,0.63,0.79,1
6318,5,0.01,0.03,0.06,0.15,0.37,1
6319,5,0.02,0.03,0.09,0.18,0.37,1
6320,3,0.04,0.12,0.27,0.48,0.73,1
6321,4,0.01,0.04,0.12,0.31,0.45,1
6322,1,0.28,0.44,0.67,0.78,0.83,1
6323,4,0.04,0.07,0.17,0.33,0.45,1
6324,2,0.08,0.27,0.37,0.53,0.7,1
6325,3,0.05,0.15,0.28,0.38,0.57,1
6326,5,0.01,0.04,0.11,0.17,0.36,1
6327,1,0.27,0.51,0.57,0.72,0.87,1
6328,4,0.05,0.12,0.18,0.31,0.46,1
6329,1,0.3,0.42,0.55,0.66,0.81,1
6330,5,0.01,0.03,0.06,0.11,0.23,1
6331,3,0.07,0.15,0.33,0.51,0.66,1
6332,5,0.01,0.02,0.07,0.15,0.33,1
6333,4,0.06,0.12,0.22,0.25,0.41,1
6334,5,0.01,0.02,0.05,0.17,0.23,1
6335,1,0.32,0.51,0.68,0.77,0.85,1
6336,4,0.03,0.08,0.2,0.36,0.52,1
6337,5,0,0.01,0.03,0.09,0.27,1
6338,3,0.11,0.14,0.27,0.33,0.49,1
6339,3,0.03,0.1,0.23,0.42,0.57,1
6340,5,0.02,0.05,0.07,0.14,0.33,2
6341,4,0.03,0.06,0.18,0.36,0.51,1
6342,5,0.01,0.02,0.08,0.17,0.34,2
6343,5,0.02,0.03,0.08,0.18,0.27,1
6344,4,0.02,0.05,0.13,0.31,0.52,1
6345,5,0.02,0.03,0.07,0.18,0.29,1
6346,4,0.04,0.07,0.16,0.33,0.45,1
6347,5,0,0.01,0.02,0.07,0.25,1
6348,5,0.01,0.02,0.05,0.1,0.24,1
6349,2,0.12,0.36,0.52,0.74,0.85,1
6350,4,0.09,0.14,0.17,0.32,0.46,1
6351,4,0.02,0.07,0.15,0.31,0.47,1
6352,3,0.06,0.19,0.29,0.41,0.54,1
6353,1,0.26,0.39,0.52,0.68,0.83,1
6354,4,0.02,0.07,0.13,0.26,0.45,2
6355,5,0.02,0.05,0.1,0.14,0.24,1
6356,3,0.04,0.1,0.31,0.54,0.69,1
6357,3,0.15,0.19,0.37,0.61,0.77,2
6358,1,0.35,0.47,0.72,0.87,0.93,1
6359,1,0.29,0.4,0.62,0.78,0.84,1
6360,5,0.02,0.04,0.08,0.15,0.34,1
6361,5,0.01,0.02,0.06,0.11,0.24,1
6362,1,0.37,0.54,0.77,0.84,0.93,1
6363,3,0.07,0.18,0.37,0.56,0.72,1
6364,5,0.03,0.04,0.11,0.16,0.26,1
6365,1,0.33,0.39,0.68,0.75,0.85,1
6366,2,0.1,0.27,0.38,0.54,0.7,1
6367,4,0.02,0.03,0.08,0.3,0.38,1
6368,1,0.28,0.44,0.53,0.71,0.85,1
6369,5,0.02,0.03,0.07,0.16,0.35,1
6370,4,0.02,0.03,0.14,0.24,0.4,1
6371,3,0.09,0.17,0.37,0.51,0.66,1
6372,2,0.17,0.37,0.56,0.72,0.85,1
6373,4,0.02,0.07,0.17,0.31,0.5,2
6374,4,0.02,0.07,0.18,0.33,0.59,1
6375,5,0.01,0.02,0.06,0.11,0.26,1
6376,3,0.05,0.15,0.34,0.44,0.63,1
6377,2,0.13,0.3,0.41,0.62,0.67,1
6378,3,0.13,0.15,0.3,0.45,0.62,1
6379,4,0.02,0.04,0.14,0.25,0.37,1
6380,4,0.02,0.07,0.1,0.28,0.39,1
6381,5,0.02,0.03,0.08,0.16,0.29,1
6382,1,0.34,0.53,0.7,0.87,0.95,1
6383,5,0.02,0.03,0.07,0.11,0.27,1
6384,1,0.24,0.43,0.51,0.7,0.8,1
6385,3,0.09,0.2,0.35,0.49,0.73,1
6386,5,0.01,0.02,0.06,0.11,0.31,2
6387,1,0.25,0.43,0.6,0.76,0.85,1
6388,4,0.04,0.06,0.16,0.32,0.45,1
6389,2,0.14,0.28,0.5,0.7,0.82,1
6390,1,0.32,0.52,0.73,0.85,0.89,1
6391,1,0.29,0.5,0.75,0.84,0.94,2
6392,3,0.05,0.12,0.33,0.49,0.55,1
6393,3,0.06,0.18,0.37,0.49,0.63,1
6394,4,0.1,0.14,0.16,0.24,0.48,1
6395,4,0.01,0.04,0.15,0.24,0.43,1
6396,5,0.01,0.02,0.08,0.16,0.28,1
6397,5,0,0.02,0.06,0.1,0.25,1
6398,1,0.34,0.52,0.62,0.78,0.81,1
6399,4,0.02,0.06,0.12,0.32,0.53,2
6400,4,0.01,0.04,0.09,0.25,0.38,1
6401,5,0.02,0.03,0.07,0.16,0.34,1
6402,3,0.04,0.12,0.24,0.4,0.51,1
6403,4,0.04,0.08,0.13,0.29,0.37,1
6404,3,0.04,0.11,0.26,0.37,0.51,1
6405,1,0.25,0.49,0.68,0.83,0.88,2
6406,2,0.17,0.26,0.41,0.57,0.71,1
6407,5,0,0.01,0.04,0.13,0.32,1
6408,2,0.21,0.28,0.52,0.66,0.79,1
6409,1,0.27,0.42,0.58,0.74,0.87,1
6410,2,0.1,0.3,0.43,0.61,0.75,2
6411,3,0.1,0.19,0.36,0.56,0.73,1
6412,1,0.34,0.6,0.67,0.8,0.86,1
6413,1,0.35,0.44,0.59,0.77,0.89,1
6414,5,0.02,0.03,0.08,0.18,0.33,1
6415,1,0.34,0.55,0.66,0.81,0.85,1
6416,4,0.03,0.07,0.22,0.27,0.41,1
6417,2,0.17,0.33,0.45,0.53,0.59,2
6418,4,0.04,0.09,0.16,0.28,0.35,1
6419,2,0.14,0.34,0.53,0.69,0.78,1
6420,3,0.08,0.2,0.29,0.54,0.74,1
6421,3,0.07,0.18,0.37,0.61,0.7,1
6422,1,0.33,0.56,0.64,0.75,0.89,1
6423,4,0.01,0.03,0.1,0.29,0.56,1
6424,3,0.08,0.16,0.29,0.44,0.67,1
6425,2,0.23,0.34,0.5,0.71,0.79,1
6426,3,0.08,0.14,0.26,0.39,0.61,2
6427,3,0.05,0.13,0.3,0.49,0.7,1
6428,3,0.07,0.16,0.26,0.44,0.61,1
6429,2,0.1,0.23,0.38,0.59,0.77,2
6430,5,0.01,0.02,0.06,0.17,0.31,1
6431,5,0.02,0.03,0.1,0.22,0.31,1
6432,3,0.08,0.14,0.34,0.52,0.63,1
6433,2,0.08,0.24,0.39,0.59,0.72,1
6434,3,0.04,0.15,0.34,0.56,0.68,1
6435,1,0.36,0.56,0.69,0.79,0.91,1
6436,2,0.11,0.28,0.49,0.54,0.76,1
6437,2,0.09,0.26,0.35,0.53,0.73,1
6438,4,0.02,0.07,0.14,0.33,0.51,2
6439,2,0.19,0.3,0.45,0.58,0.71,3
6440,3,0.05,0.13,0.3,0.43,0.61,1
6441,1,0.28,0.46,0.64,0.76,0.87,1
6442,5,0.02,0.03,0.08,0.15,0.33,1
6443,1,0.34,0.58,0.79,0.88,0.95,2
6444,4,0.01,0.03,0.12,0.3,0.38,1
6445,2,0.19,0.33,0.46,0.74,0.8,1
6446,3,0.08,0.15,0.25,0.36,0.42,1
6447,4,0.02,0.06,0.11,0.25,0.35,1
6448,4,0.01,0.03,0.1,0.23,0.37,1
6449,3,0.06,0.15,0.3,0.5,0.59,1
6450,4,0.04,0.06,0.18,0.27,0.34,1
6451,5,0.02,0.03,0.07,0.21,0.35,1
6452,2,0.2,0.3,0.52,0.68,0.79,2
6453,2,0.22,0.3,0.48,0.63,0.76,1
6454,3,0.04,0.11,0.24,0.41,0.57,1
6455,2,0.15,0.35,0.51,0.72,0.81,1
6456,3,0.1,0.22,0.35,0.42,0.52,1
6457,1,0.26,0.39,0.51,0.69,0.77,1
6458,3,0.04,0.08,0.27,0.37,0.61,1
6459,5,0.01,0.02,0.06,0.16,0.26,1
6460,5,0.01,0.04,0.07,0.16,0.28,1
6461,1,0.34,0.49,0.55,0.66,0.86,1
6462,1,0.34,0.45,0.69,0.8,0.87,1
6463,4,0.02,0.04,0.12,0.34,0.48,1
6464,4,0.07,0.12,0.25,0.33,0.48,1
6465,3,0.06,0.13,0.3,0.38,0.49,2
6466,2,0.16,0.31,0.5,0.63,0.74,2
6467,3,0.06,0.09,0.27,0.34,0.54,1
6468,2,0.15,0.3,0.35,0.54,0.66,1
6469,1,0.29,0.42,0.62,0.79,0.91,1
6470,4,0.03,0.07,0.13,0.28,0.4,1
6471,5,0.02,0.03,0.1,0.17,0.32,1
6472,2,0.12,0.27,0.39,0.53,0.6,2
6473,2,0.16,0.37,0.53,0.78,0.9,1
6474,2,0.11,0.29,0.51,0.68,0.84,1
6475,4,0.03,0.09,0.22,0.26,0.4,1
6476,5,0.01,0.03,0.07,0.13,0.29,1
6477,4,0.01,0.04,0.07,0.25,0.46,1
6478,3,0.04,0.08,0.32,0.51,0.62,2
6479,3,0.04,0.12,0.36,0.52,0.7,1
6480,2,0.19,0.37,0.53,0.58,0.77,1
6481,3,0.04,0.13,0.3,0.36,0.53,1
6482,2,0.09,0.3,0.41,0.6,0.77,1
6483,1,0.36,0.49,0.62,0.73,0.84,1
6484,2,0.18,0.33,0.54,0.72,0.84,2
6485,1,0.3,0.47,0.57,0.7,0.82,1
6486,4,0.05,0.13,0.18,0.36,0.57,2
6487,4,0.03,0.07,0.15,0.27,0.49,1
6488,4,0.01,0.04,0.07,0.29,0.5,1
6489,3,0.11,0.21,0.3,0.46,0.6,1
6490,2,0.19,0.32,0.42,0.61,0.78,2
6491,4,0.02,0.04,0.12,0.33,0.55,1
6492,4,0.03,0.07,0.12,0.26,0.34,1
6493,5,0.01,0.03,0.07,0.17,0.35,2
6494,5,0.01,0.02,0.06,0.17,0.33,1
6495,2,0.1,0.26,0.43,0.48,0.59,1
6496,4,0.02,0.04,0.13,0.35,0.52,1
6497,4,0.02,0.05,0.14,0.37,0.53,1
6498,4,0.02,0.08,0.16,0.35,0.47,1
6499,1,0.34,0.45,0.59,0.72,0.81,1
6500,1,0.25,0.42,0.55,0.72,0.81,1
6501,5,0.01,0.02,0.05,0.13,0.36,1
6502,4,0.02,0.05,0.17,0.24,0.38,1
6503,1,0.35,0.49,0.71,0.84,0.9,2
6504,1,0.37,0.53,0.78,0.88,0.93,1
6505,1,0.25,0.36,0.53,0.64,0.72,1
6506,1,0.29,0.44,0.64,0.75,0.89,1
6507,2,0.08,0.27,0.35,0.57,0.69,1
6508,4,0.02,0.06,0.13,0.3,0.53,2
6509,3,0.04,0.17,0.31,0.38,0.52,1
6510,2,0.06,0.23,0.38,0.6,0.79,1
6511,2,0.13,0.31,0.44,0.72,0.87,1
6512,1,0.26,0.46,0.59,0.74,0.89,1
6513,5,0.04,0.08,0.15,0.21,0.36,1
6514,1,0.25,0.42,0.58,0.7,0.81,1
6515,1,0.33,0.53,0.69,0.81,0.88,1
6516,5,0.01,0.03,0.08,0.25,0.34,1
6517,1,0.29,0.44,0.6,0.73,0.83,1
6518,1,0.34,0.47,0.57,0.71,0.81,2
6519,3,0.05,0.11,0.29,0.33,0.47,1
6520,3,0.06,0.11,0.25,0.41,0.59,1
6521,3,0.05,0.19,0.35,0.47,0.64,1
6522,3,0.05,0.14,0.26,0.36,0.48,1
6523,5,0,0.02,0.04,0.16,0.23,1
6524,2,0.24,0.33,0.55,0.67,0.77,1
6525,1,0.34,0.59,0.75,0.84,0.93,1
6526,5,0.01,0.02,0.06,0.12,0.23,1
6527,2,0.19,0.27,0.36,0.49,0.63,1
6528,1,0.31,0.45,0.61,0.81,0.84,1
6529,5,0.01,0.02,0.06,0.12,0.33,1
6530,2,0.1,0.23,0.39,0.56,0.7,1
6531,1,0.34,0.53,0.66,0.73,0.82,1
6532,1,0.35,0.47,0.63,0.73,0.88,2
6533,2,0.16,0.37,0.48,0.62,0.76,1
6534,2,0.15,0.34,0.47,0.67,0.77,1
6535,3,0.06,0.15,0.31,0.48,0.64,1
6536,2,0.18,0.37,0.53,0.67,0.75,1
6537,4,0.02,0.06,0.2,0.31,0.55,1
6538,3,0.02,0.08,0.23,0.37,0.52,1
6539,3,0.09,0.24,0.35,0.47,0.7,1
6540,4,0.02,0.05,0.13,0.31,0.55,1
6541,1,0.31,0.49,0.68,0.76,0.88,1
6542,5,0.01,0.02,0.05,0.14,0.35,1
6543,1,0.29,0.54,0.6,0.71,0.83,1
6544,2,0.12,0.27,0.36,0.56,0.77,1
6545,2,0.12,0.27,0.36,0.53,0.64,2
6546,4,0.03,0.05,0.12,0.32,0.49,1
6547,5,0.02,0.08,0.13,0.17,0.28,1
6548,1,0.37,0.53,0.72,0.84,0.91,1
6549,5,0.01,0.04,0.05,0.11,0.29,2
6550,5,0.02,0.03,0.06,0.14,0.3,1
6551,5,0.01,0.04,0.09,0.13,0.27,2
6552,5,0.01,0.03,0.06,0.16,0.33,2
6553,5,0.03,0.06,0.08,0.22,0.28,1
6554,2,0.15,0.35,0.6,0.69,0.78,1
6555,1,0.32,0.49,0.61,0.75,0.85,1
6556,4,0.02,0.04,0.12,0.26,0.44,2
6557,3,0.09,0.15,0.27,0.36,0.48,1
6558,5,0,0.01,0.04,0.15,0.33,1
6559,4,0.02,0.04,0.12,0.28,0.34,1
6560,3,0.09,0.2,0.37,0.57,0.63,1
6561,2,0.13,0.32,0.49,0.7,0.75,1
6562,3,0.06,0.09,0.32,0.45,0.54,1
6563,3,0.13,0.21,0.36,0.49,0.66,1
6564,4,0.01,0.05,0.15,0.28,0.52,2
6565,1,0.37,0.58,0.72,0.78,0.87,1
6566,3,0.03,0.07,0.26,0.49,0.7,1
6567,2,0.07,0.25,0.46,0.57,0.76,1
6568,5,0.01,0.02,0.05,0.12,0.24,1
6569,5,0.02,0.04,0.08,0.14,0.31,1
6570,1,0.3,0.55,0.74,0.84,0.92,2
6571,3,0.12,0.22,0.33,0.52,0.63,2
6572,1,0.37,0.54,0.65,0.77,0.88,1
6573,3,0.09,0.22,0.36,0.46,0.68,1
6574,1,0.32,0.39,0.52,0.61,0.72,1
6575,3,0.06,0.14,0.29,0.45,0.67,1
6576,5,0.01,0.02,0.05,0.15,0.3,1
6577,3,0.09,0.15,0.37,0.52,0.64,1
6578,1,0.37,0.53,0.61,0.7,0.75,1
6579,2,0.15,0.32,0.53,0.69,0.8,1
6580,1,0.31,0.46,0.64,0.82,0.9,1
6581,3,0.08,0.21,0.27,0.43,0.63,1
6582,5,0.01,0.03,0.05,0.14,0.31,1
6583,4,0.03,0.06,0.21,0.37,0.56,1
6584,2,0.17,0.37,0.57,0.71,0.79,1
6585,4,0.01,0.05,0.1,0.29,0.52,1
6586,5,0.01,0.02,0.07,0.17,0.31,1
6587,2,0.13,0.28,0.45,0.57,0.7,2
6588,1,0.27,0.39,0.53,0.73,0.83,1
6589,2,0.18,0.35,0.53,0.73,0.86,1
6590,2,0.08,0.29,0.42,0.55,0.65,1
6591,4,0.02,0.04,0.12,0.34,0.53,1
6592,4,0.01,0.05,0.13,0.25,0.48,1
6593,5,0.01,0.02,0.06,0.21,0.34,1
6594,5,0.01,0.03,0.05,0.11,0.25,1
6595,3,0.09,0.16,0.26,0.43,0.62,1
6596,3,0.08,0.12,0.3,0.4,0.52,1
6597,3,0.06,0.12,0.31,0.41,0.55,1
6598,5,0.01,0.03,0.07,0.15,0.31,1
6599,2,0.12,0.34,0.51,0.6,0.77,1
6600,5,0.02,0.03,0.06,0.16,0.32,2
6601,5,0.04,0.09,0.13,0.17,0.33,1
6602,5,0.01,0.02,0.06,0.16,0.37,1
6603,3,0.06,0.13,0.27,0.39,0.54,1
6604,4,0.04,0.07,0.15,0.29,0.45,1
6605,1,0.37,0.51,0.63,0.83,0.87,1
6606,4,0.02,0.04,0.09,0.25,0.38,2
6607,2,0.15,0.31,0.48,0.64,0.79,1
6608,3,0.08,0.13,0.36,0.47,0.64,2
6609,5,0.02,0.05,0.12,0.23,0.36,1
6610,2,0.24,0.3,0.44,0.67,0.82,1
6611,2,0.1,0.27,0.4,0.64,0.76,1
6612,1,0.36,0.52,0.76,0.9,0.95,1
6613,5,0.01,0.05,0.1,0.17,0.25,1
6614,4,0.03,0.07,0.15,0.35,0.45,1
6615,1,0.24,0.39,0.63,0.86,0.93,1
6616,2,0.09,0.27,0.39,0.53,0.65,1
6617,5,0.01,0.02,0.05,0.11,0.23,1
6618,1,0.23,0.41,0.57,0.71,0.85,1
6619,2,0.18,0.35,0.6,0.73,0.85,1
6620,4,0.08,0.1,0.13,0.24,0.38,2
6621,3,0.09,0.21,0.29,0.39,0.53,1
6622,1,0.37,0.5,0.56,0.63,0.71,1
6623,4,0.04,0.08,0.16,0.29,0.36,1
6624,4,0.02,0.06,0.14,0.32,0.52,1
6625,3,0.11,0.17,0.35,0.51,0.59,1
6626,3,0.04,0.07,0.24,0.37,0.54,1
6627,3,0.04,0.1,0.28,0.43,0.54,2
6628,5,0.01,0.03,0.08,0.17,0.28,2
6629,3,0.07,0.1,0.27,0.43,0.55,2
6630,3,0.09,0.17,0.36,0.53,0.68,2
6631,5,0,0.02,0.03,0.08,0.27,1
6632,3,0.09,0.16,0.32,0.39,0.58,1
6633,5,0.02,0.05,0.13,0.18,0.31,1
6634,3,0.05,0.13,0.29,0.46,0.62,1
6635,5,0.01,0.02,0.06,0.15,0.29,1
6636,4,0.03,0.08,0.17,0.33,0.42,1
6637,5,0.01,0.02,0.05,0.19,0.3,1
6638,2,0.26,0.27,0.46,0.61,0.77,1
6639,2,0.16,0.27,0.39,0.51,0.69,1
6640,2,0.2,0.26,0.37,0.61,0.76,2
6641,1,0.26,0.38,0.59,0.72,0.85,1
6642,3,0.04,0.12,0.25,0.38,0.66,1
6643,1,0.26,0.39,0.45,0.69,0.79,1
6644,4,0.02,0.06,0.17,0.37,0.51,1
6645,5,0.04,0.06,0.1,0.19,0.31,1
6646,5,0.01,0.03,0.04,0.19,0.3,1
6647,2,0.15,0.33,0.58,0.72,0.85,1
6648,3,0.06,0.14,0.3,0.49,0.67,2
6649,2,0.21,0.32,0.61,0.76,0.84,1
6650,4,0.04,0.07,0.14,0.25,0.43,1
6651,1,0.28,0.43,0.64,0.77,0.83,1
6652,4,0.06,0.13,0.2,0.31,0.44,1
6653,3,0.09,0.21,0.37,0.57,0.64,1
6654,5,0.01,0.02,0.05,0.12,0.33,1
6655,3,0.08,0.19,0.34,0.46,0.59,1
6656,5,0.02,0.07,0.09,0.15,0.35,1
6657,3,0.05,0.11,0.31,0.53,0.6,1
6658,4,0.03,0.07,0.2,0.37,0.48,1
6659,5,0,0.01,0.04,0.16,0.37,1
6660,1,0.27,0.45,0.64,0.83,0.89,1
6661,1,0.26,0.42,0.59,0.79,0.88,1
6662,2,0.15,0.32,0.49,0.6,0.78,1
6663,5,0.02,0.04,0.05,0.14,0.34,1
6664,4,0.02,0.03,0.14,0.31,0.44,2
6665,2,0.23,0.36,0.57,0.74,0.83,1
6666,2,0.22,0.33,0.54,0.73,0.87,1
6667,5,0.01,0.02,0.05,0.15,0.28,1
6668,5,0.01,0.03,0.04,0.1,0.29,1
6669,4,0.04,0.08,0.18,0.36,0.47,2
6670,5,0.02,0.04,0.09,0.19,0.23,1
6671,1,0.27,0.42,0.58,0.72,0.77,1
6672,5,0.02,0.03,0.08,0.15,0.31,1
6673,5,0.05,0.09,0.13,0.25,0.33,1
6674,2,0.16,0.3,0.42,0.62,0.77,1
6675,1,0.26,0.39,0.56,0.74,0.84,1
6676,4,0.07,0.13,0.24,0.33,0.48,1
6677,1,0.32,0.42,0.63,0.69,0.84,1
6678,1,0.37,0.5,0.66,0.77,0.9,2
6679,2,0.17,0.32,0.41,0.69,0.81,1
6680,3,0.07,0.15,0.3,0.36,0.57,1
6681,4,0.04,0.07,0.12,0.25,0.44,2
6682,3,0.05,0.18,0.35,0.57,0.73,1
6683,1,0.36,0.49,0.74,0.86,0.9,1
6684,3,0.04,0.1,0.33,0.47,0.62,1
6685,4,0.02,0.05,0.17,0.28,0.5,1
6686,1,0.37,0.47,0.59,0.76,0.86,1
6687,1,0.32,0.57,0.61,0.75,0.81,1
6688,1,0.29,0.48,0.62,0.78,0.87,1
6689,1,0.23,0.43,0.7,0.82,0.92,1
6690,3,0.09,0.21,0.37,0.49,0.66,1
6691,1,0.29,0.4,0.58,0.69,0.79,1
6692,4,0.02,0.05,0.16,0.26,0.38,2
6693,2,0.22,0.33,0.52,0.65,0.8,1
6694,2,0.17,0.37,0.6,0.72,0.85,1
6695,5,0.01,0.02,0.04,0.08,0.33,1
6696,5,0,0.01,0.04,0.11,0.28,1
6697,2,0.19,0.34,0.54,0.7,0.8,1
6698,4,0.06,0.08,0.15,0.33,0.47,1
6699,4,0.02,0.05,0.16,0.24,0.36,1
6700,1,0.3,0.52,0.68,0.82,0.91,1
6701,5,0.01,0.02,0.04,0.19,0.24,1
6702,4,0.02,0.1,0.24,0.33,0.46,1
6703,2,0.12,0.27,0.46,0.64,0.72,1
6704,5,0.03,0.04,0.07,0.2,0.3,1
6705,4,0.01,0.06,0.12,0.33,0.52,1
6706,4,0.01,0.05,0.13,0.28,0.45,1
6707,4,0.07,0.09,0.21,0.3,0.5,1
6708,5,0.01,0.02,0.04,0.12,0.28,2
6709,5,0.02,0.04,0.08,0.14,0.32,2
6710,4,0.04,0.09,0.18,0.33,0.47,1
6711,2,0.17,0.36,0.56,0.66,0.81,1
6712,2,0.17,0.32,0.43,0.59,0.73,1
6713,2,0.17,0.33,0.49,0.55,0.64,2
6714,5,0.01,0.02,0.07,0.12,0.27,1
6715,5,0.01,0.03,0.09,0.15,0.29,1
6716,5,0.02,0.05,0.13,0.18,0.34,1
6717,2,0.08,0.23,0.38,0.6,0.82,1
6718,4,0.02,0.07,0.13,0.3,0.49,1
6719,4,0.04,0.05,0.11,0.33,0.46,2
6720,4,0.05,0.07,0.13,0.32,0.47,1
6721,3,0.04,0.1,0.27,0.36,0.49,1
6722,5,0.04,0.05,0.08,0.15,0.3,1
6723,3,0.06,0.1,0.28,0.33,0.46,1
6724,1,0.34,0.38,0.59,0.77,0.85,1
6725,3,0.1,0.24,0.3,0.44,0.6,2
6726,5,0.01,0.02,0.06,0.1,0.31,1
6727,5,0,0.01,0.03,0.1,0.26,1
6728,4,0.03,0.07,0.24,0.32,0.52,1
6729,3,0.09,0.19,0.27,0.42,0.53,1
6730,2,0.13,0.29,0.41,0.51,0.74,1
6731,3,0.07,0.17,0.32,0.44,0.61,1
6732,5,0.01,0.02,0.05,0.12,0.29,4
6733,3,0.07,0.16,0.37,0.49,0.65,1
6734,3,0.05,0.12,0.26,0.43,0.6,2
6735,1,0.29,0.46,0.56,0.69,0.79,1
6736,5,0,0.02,0.04,0.13,0.26,2
6737,3,0.06,0.17,0.31,0.43,0.56,1
6738,5,0.01,0.03,0.06,0.12,0.28,1
6739,5,0,0.02,0.06,0.11,0.29,1
6740,5,0.01,0.05,0.08,0.16,0.3,1
6741,1,0.28,0.45,0.59,0.68,0.85,1
6742,2,0.08,0.28,0.4,0.57,0.74,1
6743,4,0.05,0.08,0.19,0.32,0.54,1
6744,5,0.02,0.05,0.09,0.25,0.29,2
6745,2,0.2,0.32,0.49,0.69,0.84,1
6746,3,0.04,0.13,0.29,0.47,0.61,2
6747,3,0.1,0.19,0.36,0.64,0.77,3
6748,5,0.01,0.03,0.11,0.15,0.25,1
6749,3,0.03,0.12,0.27,0.38,0.54,1
6750,2,0.12,0.33,0.45,0.59,0.76,1
6751,1,0.24,0.37,0.6,0.77,0.86,1
6752,4,0.05,0.09,0.19,0.27,0.5,1
6753,4,0.02,0.1,0.15,0.29,0.38,2
6754,5,0.01,0.02,0.04,0.08,0.23,1
6755,3,0.13,0.24,0.34,0.53,0.67,1
6756,5,0.02,0.05,0.12,0.19,0.31,1
6757,2,0.08,0.29,0.39,0.51,0.65,1
6758,3,0.06,0.17,0.36,0.56,0.78,1
6759,1,0.24,0.37,0.58,0.7,0.78,1
6760,3,0.07,0.15,0.31,0.44,0.65,1
6761,2,0.17,0.28,0.47,0.57,0.67,1
6762,2,0.1,0.27,0.46,0.55,0.67,1
6763,4,0.02,0.06,0.2,0.36,0.47,2
6764,1,0.25,0.36,0.5,0.69,0.77,1
6765,2,0.11,0.27,0.45,0.65,0.81,1
6766,5,0.01,0.02,0.05,0.11,0.36,1
6767,2,0.12,0.29,0.37,0.53,0.7,1
6768,1,0.29,0.48,0.59,0.77,0.84,1
6769,4,0.01,0.02,0.1,0.29,0.5,1
6770,4,0.02,0.07,0.15,0.36,0.38,1
6771,3,0.11,0.21,0.33,0.48,0.69,1
6772,2,0.13,0.23,0.39,0.58,0.75,1
6773,4,0.04,0.06,0.19,0.33,0.43,1
6774,4,0.04,0.11,0.14,0.25,0.43,1
6775,3,0.06,0.14,0.37,0.54,0.68,1
6776,2,0.23,0.3,0.43,0.54,0.72,2
6777,5,0.01,0.03,0.06,0.12,0.27,1
6778,3,0.04,0.08,0.27,0.4,0.62,1
6779,1,0.29,0.55,0.67,0.82,0.91,2
6780,4,0.07,0.13,0.21,0.32,0.53,1
6781,2,0.13,0.34,0.55,0.74,0.83,1
6782,3,0.06,0.16,0.29,0.46,0.61,1
6783,1,0.36,0.56,0.67,0.84,0.92,1
6784,1,0.37,0.53,0.58,0.59,0.78,1
6785,2,0.15,0.23,0.46,0.63,0.68,1
6786,3,0.06,0.13,0.28,0.38,0.61,1
6787,3,0.06,0.14,0.25,0.38,0.58,1
6788,2,0.21,0.37,0.47,0.61,0.74,2
6789,1,0.35,0.5,0.71,0.84,0.92,1
6790,3,0.03,0.07,0.23,0.44,0.56,1
6791,5,0.02,0.04,0.07,0.16,0.26,2
6792,3,0.07,0.15,0.37,0.62,0.71,1
6793,1,0.32,0.5,0.69,0.8,0.91,1
6794,5,0.01,0.04,0.09,0.16,0.28,1
6795,5,0.01,0.04,0.1,0.14,0.26,1
6796,3,0.06,0.14,0.31,0.53,0.7,1
6797,4,0.01,0.03,0.08,0.25,0.38,1
6798,3,0.03,0.14,0.33,0.47,0.62,1
6799,1,0.32,0.55,0.73,0.85,0.89,1
6800,1,0.29,0.44,0.57,0.7,0.85,1
6801,5,0.01,0.02,0.05,0.15,0.29,1
6802,5,0,0.01,0.04,0.07,0.23,1
6803,3,0.1,0.13,0.3,0.38,0.59,2
6804,2,0.16,0.35,0.52,0.61,0.81,2
6805,4,0.02,0.07,0.14,0.36,0.61,2
6806,5,0.01,0.02,0.09,0.21,0.3,1
6807,3,0.09,0.21,0.26,0.38,0.55,1
6808,1,0.33,0.53,0.67,0.8,0.88,2
6809,1,0.23,0.47,0.67,0.8,0.9,1
6810,4,0.02,0.05,0.1,0.35,0.47,1
6811,1,0.35,0.55,0.74,0.84,0.92,1
6812,3,0.04,0.14,0.3,0.38,0.62,1
6813,5,0.01,0.02,0.07,0.1,0.36,1
6814,2,0.18,0.36,0.47,0.65,0.82,1
6815,4,0.02,0.07,0.16,0.35,0.57,1
6816,4,0.02,0.05,0.1,0.25,0.44,1
6817,3,0.1,0.19,0.31,0.53,0.69,1
6818,1,0.36,0.51,0.68,0.79,0.92,1
6819,1,0.28,0.42,0.57,0.75,0.83,2
6820,1,0.28,0.47,0.61,0.76,0.83,1
6821,4,0.01,0.03,0.13,0.25,0.36,1
6822,2,0.19,0.24,0.41,0.54,0.69,1
6823,4,0.02,0.04,0.1,0.31,0.42,1
6824,1,0.3,0.44,0.63,0.8,0.91,1
6825,4,0.03,0.08,0.19,0.32,0.36,1
6826,4,0.02,0.06,0.12,0.3,0.54,1
6827,2,0.2,0.33,0.49,0.69,0.87,1
6828,3,0.1,0.17,0.31,0.47,0.61,1
6829,1,0.27,0.39,0.61,0.72,0.82,1
6830,5,0.01,0.02,0.05,0.11,0.27,1
6831,2,0.13,0.29,0.46,0.67,0.76,1
6832,5,0.01,0.02,0.05,0.09,0.24,3
6833,3,0.08,0.18,0.36,0.43,0.59,2
6834,4,0.03,0.1,0.16,0.26,0.49,1
6835,3,0.05,0.12,0.28,0.38,0.66,1
6836,2,0.09,0.3,0.4,0.54,0.64,1
6837,4,0.03,0.06,0.21,0.32,0.45,1
6838,3,0.11,0.15,0.3,0.44,0.65,1
6839,2,0.18,0.33,0.47,0.53,0.72,1
6840,2,0.14,0.37,0.42,0.58,0.71,1
6841,4,0.02,0.06,0.15,0.32,0.4,1
6842,4,0.02,0.07,0.18,0.26,0.38,2
6843,3,0.06,0.14,0.34,0.57,0.7,1
6844,3,0.16,0.2,0.24,0.4,0.55,2
6845,5,0.02,0.04,0.07,0.19,0.34,1
6846,2,0.2,0.31,0.49,0.61,0.74,1
6847,3,0.06,0.15,0.35,0.55,0.67,2
6848,5,0.01,0.03,0.09,0.18,0.25,1
6849,3,0.04,0.07,0.26,0.35,0.51,1
6850,5,0.01,0.02,0.08,0.13,0.25,1
6851,4,0.04,0.07,0.18,0.32,0.55,1
6852,4,0.03,0.08,0.17,0.3,0.51,1
6853,2,0.12,0.24,0.37,0.52,0.61,1
6854,2,0.09,0.23,0.39,0.59,0.71,1
6855,2,0.11,0.27,0.38,0.55,0.67,1
6856,3,0.11,0.14,0.31,0.43,0.65,1
6857,4,0.03,0.12,0.21,0.34,0.47,1
6858,5,0.01,0.02,0.05,0.13,0.32,1
6859,5,0.02,0.05,0.1,0.23,0.3,1
6860,4,0.03,0.08,0.2,0.34,0.52,1
6861,2,0.2,0.26,0.49,0.55,0.76,1
6862,1,0.35,0.5,0.68,0.79,0.84,1
6863,1,0.36,0.54,0.64,0.78,0.87,1
6864,4,0.03,0.06,0.19,0.33,0.43,1
6865,4,0.06,0.09,0.19,0.3,0.4,1
6866,1,0.3,0.47,0.59,0.75,0.87,1
6867,5,0.01,0.03,0.06,0.14,0.33,1
6868,1,0.32,0.45,0.52,0.7,0.81,1
6869,1,0.34,0.47,0.62,0.8,0.92,1
6870,1,0.26,0.35,0.46,0.65,0.71,1
6871,1,0.25,0.4,0.48,0.64,0.78,1
6872,2,0.22,0.35,0.56,0.7,0.87,1
6873,2,0.13,0.25,0.41,0.51,0.61,1
6874,2,0.16,0.26,0.47,0.72,0.82,1
6875,3,0.1,0.16,0.25,0.35,0.46,1
6876,5,0.02,0.04,0.13,0.2,0.35,2
6877,5,0.01,0.02,0.04,0.1,0.23,1
6878,1,0.34,0.5,0.6,0.72,0.79,1
6879,3,0.03,0.12,0.28,0.42,0.64,1
6880,5,0.02,0.04,0.06,0.19,0.32,1
6881,4,0.05,0.11,0.2,0.37,0.52,1
6882,5,0,0.02,0.05,0.13,0.26,1
6883,4,0.07,0.11,0.19,0.28,0.41,1
6884,2,0.18,0.32,0.56,0.67,0.78,1
6885,4,0.04,0.12,0.19,0.33,0.44,1
6886,2,0.13,0.26,0.44,0.62,0.8,1
6887,1,0.24,0.4,0.48,0.71,0.8,1
6888,2,0.21,0.33,0.43,0.55,0.72,1
6889,2,0.13,0.27,0.39,0.56,0.67,1
6890,4,0.05,0.1,0.21,0.27,0.33,1
6891,5,0.01,0.02,0.06,0.16,0.33,2
6892,5,0.03,0.09,0.18,0.2,0.33,1
6893,1,0.25,0.38,0.62,0.74,0.83,1
6894,2,0.15,0.27,0.43,0.58,0.72,1
6895,3,0.16,0.23,0.35,0.53,0.69,1
6896,4,0.03,0.08,0.14,0.26,0.44,1
6897,5,0.02,0.03,0.07,0.1,0.23,2
6898,5,0.02,0.04,0.09,0.1,0.23,1
6899,4,0.02,0.07,0.21,0.35,0.51,1
6900,1,0.25,0.37,0.51,0.69,0.84,1
6901,4,0.04,0.05,0.11,0.34,0.6,1
6902,5,0,0.01,0.04,0.11,0.26,2
6903,2,0.12,0.29,0.45,0.64,0.82,1
6904,2,0.14,0.3,0.44,0.69,0.84,1
6905,3,0.07,0.19,0.35,0.51,0.53,3
6906,5,0.04,0.07,0.1,0.14,0.27,1
6907,3,0.07,0.12,0.25,0.36,0.4,1
6908,2,0.16,0.31,0.49,0.67,0.85,1
6909,3,0.1,0.16,0.32,0.4,0.53,1
6910,2,0.24,0.32,0.51,0.74,0.82,1
6911,3,0.04,0.1,0.29,0.51,0.67,1
6912,3,0.05,0.12,0.3,0.43,0.58,1
6913,4,0.08,0.14,0.16,0.34,0.58,1
6914,2,0.11,0.24,0.46,0.66,0.79,1
6915,1,0.31,0.54,0.67,0.75,0.85,1
6916,1,0.34,0.6,0.71,0.84,0.92,1
6917,3,0.14,0.21,0.36,0.47,0.66,1
6918,1,0.29,0.42,0.54,0.64,0.78,1
6919,3,0.08,0.1,0.27,0.39,0.59,1
6920,1,0.31,0.43,0.68,0.83,0.92,1
6921,5,0.02,0.03,0.09,0.17,0.25,1
6922,1,0.23,0.43,0.57,0.71,0.86,1
6923,2,0.2,0.36,0.59,0.77,0.84,1
6924,4,0.02,0.05,0.12,0.3,0.43,1
6925,2,0.22,0.27,0.45,0.61,0.81,1
6926,3,0.08,0.14,0.25,0.41,0.47,1
6927,1,0.28,0.46,0.6,0.73,0.8,1
6928,2,0.19,0.37,0.57,0.63,0.8,1
6929,5,0.02,0.04,0.06,0.13,0.27,1
6930,1,0.26,0.38,0.5,0.72,0.83,1
6931,1,0.3,0.41,0.44,0.58,0.76,1
6932,3,0.04,0.12,0.29,0.46,0.56,1
6933,5,0.03,0.05,0.09,0.15,0.29,1
6934,3,0.07,0.12,0.27,0.39,0.5,1
6935,5,0.01,0.03,0.07,0.13,0.26,1
6936,2,0.2,0.28,0.46,0.66,0.79,1
6937,3,0.07,0.16,0.31,0.55,0.6,1
6938,4,0.04,0.09,0.15,0.3,0.59,2
6939,4,0.03,0.07,0.18,0.31,0.41,2
6940,5,0.01,0.03,0.06,0.15,0.28,1
6941,3,0.06,0.19,0.27,0.44,0.58,1
6942,1,0.37,0.55,0.74,0.86,0.91,2
6943,2,0.2,0.33,0.34,0.43,0.57,1
6944,4,0.02,0.08,0.15,0.29,0.49,1
6945,5,0.03,0.11,0.17,0.21,0.35,1
6946,5,0.01,0.02,0.07,0.13,0.28,1
6947,1,0.37,0.48,0.65,0.79,0.88,1
6948,5,0.01,0.02,0.06,0.13,0.32,1
6949,5,0.01,0.02,0.05,0.1,0.23,1
6950,1,0.33,0.55,0.71,0.81,0.91,1
6951,3,0.06,0.13,0.31,0.47,0.63,1
6952,1,0.23,0.4,0.47,0.61,0.7,1
6953,4,0.06,0.09,0.23,0.36,0.48,1
6954,3,0.08,0.11,0.27,0.46,0.59,1
6955,4,0.02,0.06,0.11,0.24,0.39,2
6956,1,0.34,0.55,0.68,0.78,0.85,2
6957,1,0.34,0.53,0.67,0.74,0.84,1
6958,2,0.1,0.23,0.39,0.61,0.73,1
6959,2,0.12,0.32,0.44,0.61,0.8,3
6960,5,0.02,0.04,0.08,0.23,0.35,2
6961,4,0.02,0.05,0.15,0.33,0.53,1
6962,2,0.14,0.35,0.51,0.68,0.83,1
6963,5,0.03,0.07,0.08,0.22,0.29,1
6964,1,0.33,0.45,0.65,0.82,0.88,1
6965,3,0.1,0.16,0.37,0.65,0.78,4
6966,3,0.04,0.09,0.24,0.39,0.46,1
6967,3,0.07,0.12,0.29,0.43,0.58,1
6968,4,0.02,0.04,0.15,0.28,0.51,1
6969,4,0.04,0.09,0.18,0.33,0.47,1
6970,2,0.26,0.33,0.48,0.69,0.8,1
6971,5,0.01,0.02,0.03,0.12,0.27,1
6972,4,0.04,0.08,0.15,0.34,0.52,1
6973,2,0.14,0.37,0.59,0.75,0.86,1
6974,3,0.05,0.09,0.31,0.46,0.62,1
6975,5,0.02,0.04,0.1,0.23,0.36,1
6976,5,0.01,0.02,0.06,0.14,0.29,1
6977,2,0.16,0.34,0.39,0.46,0.62,1
6978,5,0.01,0.02,0.05,0.11,0.29,2
6979,4,0.01,0.05,0.1,0.23,0.43,1
6980,1,0.25,0.42,0.55,0.7,0.81,1
6981,1,0.29,0.49,0.63,0.68,0.8,1
6982,2,0.16,0.26,0.44,0.56,0.64,1
6983,3,0.07,0.16,0.25,0.48,0.66,1
6984,2,0.15,0.3,0.48,0.6,0.8,1
6985,5,0.01,0.02,0.06,0.15,0.3,1
6986,2,0.15,0.25,0.39,0.58,0.69,1
6987,1,0.36,0.61,0.76,0.85,0.92,2
6988,4,0.04,0.08,0.17,0.36,0.43,1
6989,5,0,0.02,0.07,0.2,0.33,1
6990,3,0.04,0.13,0.23,0.37,0.52,1
6991,5,0.01,0.02,0.05,0.13,0.23,1
6992,2,0.16,0.32,0.51,0.65,0.76,1
6993,1,0.3,0.35,0.44,0.54,0.67,1
6994,2,0.18,0.34,0.52,0.62,0.66,1
6995,1,0.29,0.48,0.6,0.73,0.85,1
6996,3,0.08,0.13,0.35,0.54,0.68,1
6997,2,0.15,0.26,0.38,0.6,0.79,1
6998,3,0.09,0.21,0.36,0.61,0.73,2
6999,2,0.13,0.26,0.46,0.52,0.68,1
7000,1,0.32,0.51,0.61,0.78,0.86,1
7001,4,0.06,0.09,0.18,0.31,0.46,1
7002,4,0.03,0.06,0.12,0.29,0.41,1
7003,3,0.09,0.2,0.31,0.41,0.61,2
7004,4,0.02,0.05,0.15,0.32,0.51,2
7005,3,0.07,0.12,0.28,0.39,0.52,1
7006,2,0.1,0.25,0.4,0.54,0.75,1
7007,3,0.06,0.17,0.25,0.48,0.75,1
7008,3,0.05,0.13,0.23,0.38,0.52,1
7009,4,0.07,0.13,0.23,0.35,0.55,1
7010,2,0.13,0.27,0.5,0.58,0.73,1
7011,1,0.27,0.4,0.62,0.75,0.86,1
7012,4,0.02,0.04,0.12,0.32,0.49,1
7013,3,0.05,0.15,0.32,0.43,0.56,2
7014,1,0.32,0.49,0.62,0.76,0.85,1
7015,1,0.33,0.56,0.69,0.79,0.88,1
7016,3,0.09,0.13,0.32,0.43,0.55,1
7017,4,0.04,0.09,0.18,0.37,0.6,2
7018,3,0.04,0.15,0.24,0.37,0.67,1
7019,4,0.04,0.05,0.2,0.3,0.41,1
7020,3,0.05,0.15,0.35,0.45,0.64,1
7021,2,0.18,0.32,0.46,0.71,0.85,4
7022,1,0.34,0.53,0.66,0.81,0.89,1
7023,4,0.03,0.09,0.18,0.31,0.46,1
7024,5,0.01,0.02,0.03,0.13,0.29,1
7025,1,0.24,0.4,0.58,0.77,0.85,1
7026,5,0.02,0.04,0.09,0.16,0.34,1
7027,3,0.12,0.22,0.32,0.49,0.57,1
7028,1,0.37,0.57,0.66,0.81,0.87,2
7029,3,0.05,0.12,0.27,0.37,0.51,1
7030,1,0.34,0.55,0.72,0.83,0.92,1
7031,1,0.31,0.41,0.57,0.71,0.89,1
7032,3,0.06,0.13,0.31,0.52,0.64,1
7033,4,0.01,0.03,0.09,0.32,0.51,1
7034,4,0.02,0.06,0.11,0.25,0.38,1
7035,1,0.23,0.39,0.63,0.79,0.82,1
7036,1,0.34,0.44,0.65,0.71,0.86,1
7037,4,0.1,0.17,0.21,0.36,0.45,1
7038,5,0,0.01,0.03,0.07,0.23,2
7039,5,0,0.01,0.03,0.07,0.26,1
7040,2,0.12,0.27,0.39,0.56,0.7,1
7041,3,0.05,0.1,0.23,0.39,0.51,1
7042,2,0.18,0.35,0.46,0.71,0.81,1
7043,5,0.01,0.02,0.05,0.19,0.31,1
7044,5,0.01,0.03,0.08,0.18,0.33,1
7045,1,0.28,0.48,0.75,0.81,0.88,2
7046,3,0.11,0.17,0.35,0.61,0.79,1
7047,5,0,0.01,0.03,0.1,0.25,1
7048,4,0.03,0.06,0.11,0.34,0.51,1
7049,5,0,0.01,0.05,0.15,0.34,1
7050,5,0.01,0.02,0.08,0.18,0.32,1
7051,3,0.08,0.17,0.32,0.48,0.69,1
7052,4,0.03,0.08,0.14,0.35,0.44,1
7053,3,0.09,0.18,0.27,0.46,0.66,1
7054,4,0.01,0.03,0.12,0.27,0.38,1
7055,4,0.04,0.07,0.17,0.24,0.38,1
7056,5,0.02,0.06,0.1,0.27,0.32,1
7057,3,0.1,0.17,0.28,0.48,0.66,1
7058,1,0.28,0.42,0.56,0.69,0.8,1
7059,2,0.1,0.26,0.37,0.56,0.73,1
7060,1,0.27,0.5,0.68,0.78,0.91,1
7061,3,0.03,0.1,0.26,0.39,0.55,1
7062,2,0.17,0.29,0.43,0.61,0.74,2
7063,4,0.01,0.04,0.13,0.27,0.45,1
7064,4,0.02,0.05,0.12,0.26,0.47,1
7065,1,0.27,0.38,0.52,0.72,0.86,1
7066,2,0.15,0.23,0.37,0.55,0.75,1
7067,1,0.36,0.52,0.64,0.76,0.83,1
7068,5,0.02,0.03,0.09,0.21,0.35,1
7069,1,0.33,0.42,0.65,0.76,0.9,1
7070,5,0.02,0.04,0.07,0.16,0.36,1
7071,2,0.21,0.35,0.43,0.61,0.79,1
7072,5,0.01,0.02,0.04,0.09,0.23,1
7073,3,0.03,0.08,0.23,0.38,0.48,2
7074,2,0.16,0.29,0.52,0.66,0.77,3
7075,4,0.03,0.07,0.16,0.37,0.51,2
7076,4,0.02,0.05,0.13,0.27,0.39,1
7077,1,0.25,0.44,0.56,0.7,0.81,1
7078,4,0.03,0.07,0.1,0.33,0.46,1
7079,5,0.04,0.05,0.07,0.08,0.23,1
7080,3,0.07,0.11,0.36,0.48,0.65,1
7081,2,0.21,0.32,0.51,0.7,0.84,1
7082,2,0.15,0.26,0.49,0.54,0.65,1
7083,4,0.06,0.1,0.18,0.28,0.36,2
7084,1,0.35,0.54,0.68,0.8,0.88,1
7085,4,0.08,0.12,0.22,0.32,0.45,1
7086,5,0.03,0.07,0.16,0.24,0.28,2
7087,1,0.34,0.51,0.7,0.83,0.92,1
7088,2,0.14,0.29,0.41,0.56,0.78,1
7089,2,0.1,0.23,0.45,0.61,0.78,1
7090,2,0.11,0.25,0.35,0.5,0.65,1
7091,4,0.06,0.09,0.17,0.34,0.47,1
7092,4,0.03,0.13,0.19,0.34,0.46,1
7093,3,0.08,0.13,0.25,0.4,0.6,1
7094,5,0.01,0.02,0.07,0.13,0.35,1
7095,4,0.09,0.16,0.21,0.37,0.6,2
7096,4,0.05,0.13,0.21,0.36,0.43,1
7097,1,0.27,0.41,0.49,0.67,0.85,2
7098,4,0.02,0.06,0.14,0.27,0.34,1
7099,5,0.01,0.02,0.06,0.09,0.24,1
7100,2,0.15,0.35,0.55,0.73,0.87,1
7101,5,0.01,0.03,0.05,0.14,0.28,1
7102,4,0.02,0.04,0.15,0.37,0.52,1
7103,5,0.01,0.03,0.07,0.09,0.24,2
7104,5,0.01,0.02,0.06,0.18,0.23,1
7105,4,0.03,0.06,0.19,0.33,0.47,1
7106,2,0.13,0.32,0.47,0.65,0.8,1
7107,4,0.01,0.05,0.15,0.35,0.56,1
7108,3,0.07,0.13,0.28,0.38,0.62,1
7109,3,0.04,0.12,0.27,0.39,0.47,1
7110,5,0.01,0.03,0.08,0.16,0.32,1
7111,2,0.1,0.28,0.5,0.63,0.72,1
7112,1,0.36,0.51,0.72,0.83,0.91,1
7113,2,0.15,0.36,0.6,0.77,0.88,1
7114,5,0.02,0.06,0.12,0.21,0.25,1
7115,5,0,0.01,0.04,0.12,0.25,1
7116,1,0.25,0.4,0.52,0.67,0.73,1
7117,5,0.01,0.02,0.04,0.1,0.26,1
7118,5,0.04,0.08,0.11,0.2,0.35,1
7119,3,0.06,0.1,0.29,0.52,0.75,1
7120,5,0.02,0.04,0.06,0.14,0.25,1
7121,4,0.05,0.1,0.22,0.33,0.41,1
7122,4,0.02,0.07,0.11,0.31,0.37,1
7123,3,0.07,0.13,0.32,0.42,0.57,1
7124,5,0.01,0.05,0.13,0.21,0.31,1
7125,5,0,0.01,0.03,0.08,0.23,1
7126,4,0.02,0.06,0.11,0.32,0.47,1
7127,4,0.03,0.09,0.13,0.29,0.44,1
7128,3,0.06,0.19,0.31,0.46,0.58,1
7129,3,0.07,0.1,0.24,0.37,0.57,1
7130,2,0.16,0.28,0.43,0.57,0.7,1
7131,5,0.01,0.02,0.04,0.1,0.27,1
7132,2,0.14,0.31,0.52,0.7,0.83,1
7133,5,0.01,0.05,0.11,0.19,0.24,1
7134,1,0.24,0.39,0.55,0.75,0.85,1
7135,5,0.02,0.03,0.09,0.15,0.36,1
7136,3,0.16,0.21,0.37,0.43,0.67,1
7137,2,0.19,0.34,0.51,0.66,0.73,1
7138,2,0.07,0.26,0.4,0.5,0.62,1
7139,1,0.23,0.42,0.6,0.8,0.86,1
7140,1,0.28,0.45,0.59,0.68,0.76,1
7141,5,0.01,0.02,0.06,0.13,0.28,1
7142,1,0.26,0.41,0.58,0.73,0.84,1
7143,1,0.28,0.44,0.64,0.79,0.86,1
7144,2,0.17,0.3,0.35,0.53,0.69,1
7145,1,0.36,0.55,0.73,0.85,0.92,1
7146,1,0.29,0.51,0.64,0.75,0.84,2
7147,3,0.04,0.14,0.36,0.58,0.63,2
7148,3,0.1,0.21,0.35,0.59,0.8,1
7149,2,0.14,0.25,0.39,0.44,0.66,1
7150,4,0.03,0.07,0.15,0.3,0.44,1
7151,3,0.08,0.17,0.37,0.55,0.72,1
7152,4,0.05,0.13,0.23,0.31,0.49,2
7153,2,0.21,0.35,0.48,0.57,0.65,1
7154,1,0.31,0.47,0.62,0.77,0.87,1
7155,3,0.06,0.17,0.32,0.52,0.67,1
7156,1,0.32,0.46,0.63,0.75,0.9,1
7157,2,0.23,0.36,0.54,0.69,0.79,1
7158,5,0.01,0.03,0.07,0.16,0.36,1
7159,4,0.03,0.09,0.17,0.36,0.51,1
7160,5,0.01,0.03,0.06,0.14,0.24,1
7161,1,0.32,0.49,0.61,0.77,0.86,1
7162,4,0.05,0.08,0.15,0.27,0.39,1
7163,3,0.08,0.14,0.26,0.48,0.57,1
7164,3,0.06,0.17,0.35,0.43,0.61,1
7165,2,0.17,0.25,0.38,0.55,0.7,1
7166,2,0.12,0.26,0.38,0.62,0.77,1
7167,5,0.01,0.02,0.07,0.1,0.24,1
7168,3,0.04,0.12,0.35,0.4,0.51,1
7169,1,0.25,0.37,0.52,0.7,0.8,1
7170,2,0.17,0.24,0.43,0.47,0.63,1
7171,5,0.01,0.03,0.06,0.11,0.26,1
7172,5,0,0.01,0.04,0.13,0.29,1
7173,2,0.11,0.27,0.5,0.66,0.74,1
7174,1,0.36,0.47,0.6,0.74,0.88,1
7175,4,0.01,0.04,0.09,0.27,0.43,1
7176,2,0.12,0.25,0.38,0.63,0.78,1
7177,1,0.29,0.48,0.68,0.84,0.91,1
7178,1,0.27,0.37,0.51,0.67,0.81,2
7179,3,0.06,0.13,0.34,0.4,0.54,1
7180,5,0.01,0.03,0.08,0.21,0.32,1
7181,1,0.34,0.5,0.66,0.8,0.84,1
7182,1,0.35,0.49,0.64,0.81,0.88,1
7183,1,0.24,0.37,0.57,0.74,0.85,1
7184,5,0.02,0.04,0.08,0.22,0.34,1
7185,4,0.02,0.04,0.1,0.31,0.43,1
7186,3,0.03,0.07,0.23,0.39,0.53,1
7187,1,0.23,0.37,0.49,0.58,0.73,1
7188,2,0.1,0.24,0.5,0.66,0.77,1
7189,4,0.04,0.06,0.21,0.36,0.48,1
7190,1,0.28,0.43,0.62,0.76,0.87,1
7191,2,0.11,0.32,0.49,0.57,0.74,1
7192,5,0.01,0.03,0.06,0.09,0.29,1
7193,4,0.03,0.08,0.2,0.29,0.41,1
7194,3,0.09,0.25,0.28,0.39,0.55,1
7195,4,0.02,0.05,0.14,0.29,0.42,1
7196,3,0.08,0.13,0.32,0.45,0.63,1
7197,4,0.03,0.07,0.13,0.34,0.42,1
7198,4,0.02,0.05,0.11,0.29,0.38,1
7199,2,0.14,0.26,0.34,0.51,0.67,1
7200,4,0.03,0.1,0.2,0.32,0.57,3
7201,4,0.03,0.08,0.15,0.33,0.41,1
7202,5,0.01,0.02,0.07,0.13,0.34,1
7203,5,0.01,0.03,0.1,0.13,0.26,1
7204,3,0.06,0.11,0.26,0.52,0.72,1
7205,3,0.07,0.13,0.25,0.42,0.59,1
7206,1,0.34,0.51,0.6,0.76,0.82,1
7207,3,0.02,0.09,0.23,0.38,0.46,1
7208,5,0.02,0.03,0.08,0.14,0.28,3
7209,1,0.29,0.37,0.44,0.64,0.81,1
7210,3,0.03,0.13,0.28,0.39,0.64,1
7211,2,0.21,0.34,0.56,0.72,0.86,1
7212,1,0.26,0.37,0.53,0.6,0.79,1
7213,2,0.15,0.25,0.48,0.66,0.75,1
7214,3,0.04,0.11,0.28,0.48,0.63,1
7215,2,0.15,0.31,0.41,0.63,0.74,1
7216,4,0.03,0.05,0.15,0.29,0.4,1
7217,3,0.08,0.14,0.29,0.39,0.56,1
7218,4,0.03,0.06,0.15,0.32,0.49,1
7219,2,0.09,0.31,0.53,0.69,0.8,1
7220,4,0.02,0.04,0.15,0.35,0.54,1
7221,2,0.21,0.37,0.56,0.6,0.75,1
7222,5,0.01,0.02,0.06,0.1,0.23,1
7223,3,0.07,0.13,0.28,0.44,0.6,2
7224,5,0.03,0.07,0.1,0.21,0.35,1
7225,1,0.27,0.48,0.55,0.82,0.92,1
7226,2,0.09,0.27,0.46,0.62,0.83,1
7227,5,0.02,0.04,0.09,0.15,0.33,1
7228,5,0,0.01,0.02,0.07,0.3,1
7229,1,0.35,0.56,0.77,0.89,0.95,1
7230,5,0.01,0.02,0.06,0.15,0.29,1
7231,5,0.02,0.05,0.11,0.13,0.24,1
7232,1,0.25,0.42,0.52,0.66,0.79,1
7233,5,0,0.01,0.05,0.14,0.26,1
7234,1,0.25,0.37,0.54,0.64,0.87,1
7235,4,0.07,0.11,0.19,0.35,0.55,1
7236,2,0.15,0.27,0.35,0.52,0.64,1
7237,5,0,0.01,0.05,0.09,0.26,2
7238,3,0.07,0.18,0.23,0.39,0.43,1
7239,2,0.18,0.33,0.56,0.65,0.78,1
7240,5,0.02,0.05,0.1,0.24,0.26,1
7241,1,0.3,0.5,0.68,0.75,0.84,1
7242,1,0.25,0.43,0.57,0.78,0.88,1
7243,2,0.18,0.35,0.57,0.68,0.78,1
7244,5,0.02,0.03,0.06,0.17,0.33,1
7245,2,0.21,0.35,0.45,0.59,0.65,1
7246,4,0.02,0.05,0.14,0.33,0.52,1
7247,1,0.36,0.5,0.63,0.8,0.9,1
7248,3,0.1,0.21,0.24,0.38,0.56,1
7249,1,0.28,0.46,0.72,0.79,0.88,1
7250,2,0.13,0.31,0.44,0.65,0.79,1
7251,4,0.04,0.13,0.2,0.34,0.48,1
7252,4,0.05,0.09,0.17,0.26,0.42,1
7253,3,0.05,0.16,0.34,0.52,0.69,1
7254,1,0.29,0.49,0.57,0.72,0.81,1
7255,3,0.07,0.15,0.27,0.5,0.69,2
7256,2,0.16,0.34,0.58,0.66,0.8,1
7257,2,0.18,0.37,0.68,0.82,0.92,1
7258,1,0.28,0.34,0.47,0.68,0.74,1
7259,1,0.29,0.35,0.47,0.59,0.73,1
7260,3,0.08,0.19,0.31,0.51,0.65,1
7261,5,0.01,0.03,0.06,0.17,0.33,1
7262,4,0.02,0.05,0.15,0.31,0.4,1
7263,5,0.01,0.02,0.03,0.1,0.23,1
7264,5,0.01,0.02,0.05,0.13,0.25,1
7265,3,0.06,0.19,0.3,0.42,0.57,1
7266,5,0.03,0.05,0.08,0.13,0.26,1
7267,2,0.14,0.27,0.43,0.46,0.57,1
7268,5,0.01,0.03,0.05,0.15,0.26,1
7269,2,0.17,0.34,0.42,0.59,0.74,1
7270,2,0.14,0.28,0.49,0.61,0.77,2
7271,5,0.01,0.02,0.07,0.11,0.25,1
7272,5,0.01,0.03,0.06,0.14,0.37,1
7273,2,0.19,0.37,0.57,0.75,0.76,2
7274,5,0.03,0.08,0.09,0.17,0.32,1
7275,5,0.03,0.04,0.06,0.14,0.33,1
7276,1,0.28,0.38,0.47,0.61,0.8,1
7277,1,0.33,0.5,0.71,0.87,0.94,1
7278,3,0.06,0.16,0.3,0.49,0.67,1
7279,3,0.08,0.18,0.33,0.6,0.73,1
7280,3,0.05,0.11,0.26,0.36,0.46,1
7281,3,0.09,0.13,0.25,0.37,0.53,1
7282,5,0,0.01,0.04,0.1,0.31,1
7283,2,0.14,0.28,0.47,0.64,0.77,1
7284,4,0.03,0.08,0.21,0.35,0.39,2
7285,4,0.03,0.06,0.14,0.36,0.46,1
7286,5,0.02,0.05,0.1,0.21,0.32,1
7287,1,0.29,0.43,0.59,0.69,0.79,1
7288,3,0.06,0.12,0.35,0.53,0.65,1
7289,1,0.35,0.56,0.74,0.82,0.9,1
7290,2,0.18,0.24,0.36,0.54,0.69,1
7291,1,0.3,0.44,0.48,0.56,0.66,2
7292,3,0.05,0.13,0.36,0.54,0.59,1
7293,3,0.05,0.11,0.28,0.51,0.67,1
7294,4,0.04,0.07,0.12,0.37,0.53,2
7295,2,0.13,0.28,0.49,0.6,0.72,1
7296,1,0.28,0.34,0.54,0.66,0.81,1
7297,5,0.05,0.06,0.1,0.21,0.31,1
7298,5,0.01,0.03,0.1,0.15,0.31,1
7299,5,0.02,0.05,0.08,0.17,0.35,1
7300,1,0.36,0.49,0.6,0.74,0.85,1
7301,3,0.11,0.19,0.34,0.43,0.63,2
7302,1,0.36,0.5,0.76,0.84,0.91,1
7303,1,0.34,0.48,0.74,0.86,0.93,1
7304,5,0.01,0.02,0.05,0.09,0.28,1
7305,5,0.01,0.03,0.07,0.19,0.31,1
7306,5,0,0.01,0.04,0.1,0.23,1
7307,2,0.11,0.27,0.38,0.59,0.68,2
7308,5,0.01,0.03,0.06,0.14,0.28,1
7309,5,0.02,0.04,0.08,0.2,0.35,1
7310,4,0.03,0.05,0.11,0.27,0.45,1
7311,1,0.31,0.44,0.61,0.75,0.83,1
7312,5,0.02,0.04,0.13,0.23,0.34,1
7313,5,0.01,0.02,0.06,0.13,0.36,1
7314,5,0.01,0.02,0.07,0.19,0.31,1
7315,2,0.23,0.36,0.44,0.65,0.72,1
7316,5,0,0.01,0.04,0.12,0.25,1
7317,1,0.31,0.46,0.64,0.78,0.9,1
7318,1,0.33,0.58,0.76,0.85,0.95,2
7319,4,0.03,0.07,0.21,0.31,0.48,1
7320,5,0.01,0.02,0.04,0.11,0.27,1
7321,4,0.03,0.07,0.12,0.26,0.5,1
7322,1,0.3,0.45,0.62,0.78,0.91,1
7323,2,0.13,0.28,0.43,0.5,0.71,1
7324,3,0.04,0.09,0.24,0.43,0.58,1
7325,1,0.3,0.51,0.77,0.86,0.94,1
7326,4,0.05,0.09,0.12,0.3,0.5,2
7327,1,0.26,0.45,0.51,0.56,0.67,1
7328,2,0.11,0.29,0.42,0.51,0.73,1
7329,3,0.13,0.16,0.29,0.5,0.64,1
7330,4,0.02,0.05,0.08,0.24,0.42,1
7331,2,0.21,0.35,0.51,0.71,0.84,1
7332,1,0.32,0.45,0.59,0.74,0.85,1
7333,1,0.28,0.44,0.62,0.72,0.82,1
7334,2,0.11,0.33,0.42,0.66,0.73,1
7335,5,0.01,0.03,0.07,0.16,0.35,1
7336,1,0.27,0.44,0.66,0.82,0.9,1
7337,4,0.04,0.06,0.12,0.27,0.5,1
7338,5,0.01,0.02,0.04,0.1,0.24,1
7339,1,0.32,0.5,0.66,0.81,0.89,1
7340,1,0.34,0.58,0.75,0.82,0.9,1
7341,1,0.3,0.46,0.55,0.66,0.73,1
7342,2,0.16,0.35,0.56,0.72,0.86,1
7343,5,0.01,0.02,0.07,0.15,0.27,1
7344,5,0.02,0.03,0.06,0.14,0.33,1
7345,3,0.1,0.22,0.34,0.49,0.61,1
7346,4,0.01,0.02,0.07,0.27,0.42,1
7347,4,0.04,0.06,0.18,0.32,0.46,1
7348,1,0.29,0.41,0.47,0.65,0.74,1
7349,4,0.02,0.05,0.11,0.24,0.36,1
7350,1,0.28,0.41,0.49,0.61,0.81,1
7351,5,0.01,0.03,0.08,0.13,0.23,1
7352,2,0.14,0.3,0.39,0.51,0.72,1
7353,5,0.02,0.05,0.13,0.2,0.33,1
7354,4,0.02,0.06,0.14,0.34,0.48,1
7355,3,0.03,0.07,0.24,0.42,0.54,1
7356,4,0.08,0.13,0.18,0.28,0.43,1
7357,3,0.03,0.1,0.32,0.44,0.61,1
7358,5,0.01,0.04,0.07,0.13,0.32,1
7359,5,0.01,0.02,0.05,0.11,0.28,1
7360,3,0.05,0.09,0.3,0.33,0.34,1
7361,5,0.01,0.02,0.06,0.09,0.26,1
7362,2,0.15,0.32,0.45,0.63,0.72,1
7363,2,0.11,0.28,0.32,0.53,0.65,1
7364,3,0.12,0.18,0.3,0.42,0.48,1
7365,5,0.02,0.06,0.09,0.13,0.26,1
7366,5,0.02,0.03,0.07,0.15,0.26,1
7367,3,0.11,0.16,0.28,0.34,0.6,1
7368,2,0.19,0.29,0.42,0.61,0.77,1
7369,4,0.06,0.11,0.21,0.25,0.44,1
7370,4,0.04,0.05,0.14,0.28,0.39,1
7371,4,0.04,0.08,0.19,0.36,0.5,2
7372,1,0.3,0.4,0.52,0.66,0.67,1
7373,5,0.01,0.02,0.06,0.16,0.34,2
7374,4,0.02,0.07,0.15,0.27,0.37,3
7375,4,0.02,0.05,0.13,0.27,0.5,1
7376,2,0.18,0.3,0.44,0.61,0.75,1
7377,3,0.04,0.09,0.25,0.46,0.62,1
7378,2,0.16,0.27,0.42,0.65,0.85,1
7379,3,0.04,0.11,0.37,0.54,0.65,1
7380,2,0.12,0.28,0.45,0.62,0.77,2
7381,4,0.03,0.07,0.16,0.3,0.41,1
7382,3,0.04,0.15,0.26,0.34,0.53,1
7383,5,0.01,0.03,0.08,0.17,0.27,1
7384,4,0.02,0.06,0.14,0.28,0.45,1
7385,1,0.37,0.53,0.68,0.8,0.85,1
7386,2,0.15,0.28,0.34,0.53,0.65,1
7387,2,0.11,0.25,0.41,0.53,0.65,2
7388,5,0,0.02,0.03,0.09,0.27,1
7389,2,0.11,0.27,0.48,0.61,0.73,1
7390,4,0.05,0.09,0.19,0.32,0.47,1
7391,3,0.06,0.12,0.28,0.42,0.51,2
7392,1,0.26,0.37,0.5,0.74,0.82,1
7393,3,0.07,0.15,0.28,0.36,0.57,1
7394,2,0.1,0.28,0.4,0.64,0.77,1
7395,1,0.31,0.4,0.49,0.71,0.85,1
7396,5,0.01,0.02,0.06,0.15,0.26,1
7397,5,0.01,0.03,0.05,0.14,0.35,1
7398,3,0.03,0.13,0.25,0.4,0.53,1
7399,1,0.33,0.41,0.57,0.72,0.79,1
7400,4,0.04,0.12,0.19,0.36,0.39,1
7401,1,0.24,0.4,0.63,0.82,0.92,1
7402,3,0.06,0.15,0.33,0.5,0.61,1
7403,5,0.02,0.05,0.14,0.22,0.36,1
7404,3,0.06,0.18,0.27,0.46,0.57,1
7405,1,0.32,0.51,0.62,0.76,0.83,1
7406,4,0.04,0.06,0.13,0.31,0.42,3
7407,3,0.08,0.18,0.36,0.53,0.68,1
7408,4,0.04,0.12,0.23,0.36,0.58,1
7409,5,0.02,0.03,0.05,0.14,0.3,1
7410,2,0.21,0.36,0.59,0.73,0.88,2
7411,1,0.28,0.42,0.58,0.77,0.85,1
7412,4,0.02,0.08,0.13,0.32,0.43,1
7413,5,0.04,0.06,0.12,0.24,0.34,1
7414,1,0.31,0.54,0.64,0.79,0.88,1
7415,4,0.02,0.05,0.13,0.25,0.4,1
7416,2,0.21,0.27,0.36,0.46,0.63,1
7417,1,0.29,0.44,0.57,0.73,0.87,1
7418,1,0.33,0.45,0.6,0.69,0.83,1
7419,4,0.03,0.06,0.09,0.26,0.36,1
7420,4,0.06,0.13,0.16,0.3,0.45,1
7421,3,0.07,0.18,0.3,0.42,0.62,1
7422,1,0.31,0.42,0.55,0.68,0.8,1
7423,5,0.01,0.02,0.04,0.1,0.25,1
7424,1,0.32,0.51,0.61,0.72,0.85,1
7425,2,0.12,0.35,0.53,0.63,0.78,1
7426,4,0.06,0.14,0.22,0.37,0.5,1
7427,5,0.01,0.02,0.05,0.12,0.26,1
7428,5,0.01,0.02,0.04,0.11,0.29,2
7429,2,0.18,0.34,0.5,0.68,0.82,1
7430,4,0.02,0.05,0.13,0.29,0.55,1
7431,2,0.14,0.36,0.57,0.7,0.8,1
7432,4,0.05,0.08,0.19,0.29,0.41,1
7433,4,0.05,0.11,0.21,0.26,0.39,1
7434,1,0.24,0.38,0.57,0.69,0.78,1
7435,5,0.03,0.06,0.11,0.16,0.35,1
7436,1,0.23,0.43,0.58,0.69,0.76,1
7437,4,0.01,0.04,0.12,0.35,0.46,1
7438,2,0.12,0.36,0.51,0.62,0.72,1
7439,1,0.32,0.47,0.63,0.73,0.81,1
7440,4,0.03,0.07,0.15,0.26,0.35,1
7441,5,0.01,0.03,0.06,0.16,0.23,1
7442,2,0.17,0.31,0.48,0.61,0.8,1
7443,4,0.08,0.17,0.23,0.32,0.47,1
7444,2,0.22,0.34,0.54,0.67,0.79,2
7445,1,0.31,0.45,0.61,0.73,0.81,1
7446,2,0.13,0.26,0.41,0.62,0.78,1
7447,5,0.01,0.03,0.08,0.21,0.36,1
7448,1,0.28,0.43,0.55,0.71,0.85,1
7449,2,0.11,0.23,0.39,0.68,0.79,1
7450,1,0.25,0.45,0.62,0.78,0.85,2
7451,4,0.04,0.07,0.15,0.25,0.44,1
7452,3,0.09,0.21,0.3,0.47,0.7,1
7453,5,0.01,0.02,0.07,0.14,0.35,1
7454,1,0.33,0.38,0.63,0.76,0.86,1
7455,1,0.28,0.48,0.59,0.75,0.84,1
7456,3,0.1,0.15,0.29,0.43,0.66,1
7457,5,0.01,0.04,0.09,0.18,0.31,1
7458,5,0.01,0.02,0.05,0.11,0.28,1
7459,5,0.01,0.04,0.06,0.14,0.37,1
7460,4,0.04,0.05,0.13,0.29,0.4,1
7461,3,0.04,0.16,0.31,0.43,0.57,1
7462,3,0.07,0.13,0.35,0.47,0.62,1
7463,4,0.07,0.14,0.23,0.36,0.48,2
7464,1,0.32,0.51,0.7,0.78,0.83,1
7465,5,0.03,0.04,0.11,0.21,0.35,1
7466,4,0.02,0.04,0.09,0.23,0.37,2
7467,3,0.06,0.09,0.23,0.4,0.52,1
7468,2,0.12,0.25,0.42,0.56,0.67,1
7469,2,0.16,0.28,0.41,0.57,0.69,1
7470,5,0.03,0.08,0.2,0.23,0.32,1
7471,3,0.06,0.19,0.26,0.41,0.54,1
7472,5,0,0.01,0.03,0.09,0.23,1
7473,4,0.04,0.07,0.14,0.23,0.37,1
7474,4,0.02,0.04,0.11,0.27,0.4,1
7475,2,0.08,0.24,0.39,0.49,0.65,3
7476,5,0.01,0.02,0.05,0.09,0.29,1
7477,3,0.08,0.17,0.33,0.51,0.61,2
7478,5,0.01,0.03,0.08,0.15,0.23,1
7479,2,0.26,0.33,0.42,0.59,0.67,1
7480,5,0.02,0.04,0.08,0.18,0.37,1
7481,1,0.29,0.44,0.62,0.69,0.83,1
7482,1,0.32,0.52,0.69,0.79,0.85,1
7483,5,0.02,0.04,0.09,0.21,0.33,1
7484,2,0.18,0.36,0.53,0.71,0.81,1
7485,5,0.03,0.04,0.08,0.18,0.35,2
7486,3,0.06,0.16,0.33,0.41,0.63,1
7487,1,0.27,0.4,0.5,0.65,0.82,1
7488,1,0.28,0.42,0.62,0.77,0.84,1
7489,3,0.04,0.13,0.31,0.55,0.66,2
7490,5,0.01,0.03,0.09,0.19,0.35,1
7491,1,0.27,0.49,0.66,0.85,0.92,1
7492,4,0.03,0.07,0.19,0.35,0.44,1
7493,4,0.03,0.07,0.14,0.34,0.48,1
7494,3,0.09,0.17,0.31,0.41,0.58,1
7495,5,0.01,0.02,0.07,0.18,0.26,1
7496,4,0.05,0.08,0.19,0.31,0.54,1
7497,1,0.29,0.49,0.64,0.71,0.82,1
7498,3,0.05,0.14,0.24,0.42,0.6,1
7499,2,0.11,0.23,0.39,0.57,0.74,1
7500,3,0.04,0.1,0.27,0.35,0.51,1
7501,1,0.23,0.37,0.47,0.59,0.72,1
7502,4,0.02,0.04,0.12,0.24,0.49,1
7503,3,0.04,0.13,0.27,0.35,0.56,1
7504,5,0.04,0.07,0.09,0.19,0.35,1
7505,5,0.04,0.07,0.09,0.2,0.29,1
7506,1,0.25,0.43,0.55,0.68,0.72,1
7507,4,0.01,0.04,0.12,0.31,0.54,1
7508,5,0.01,0.02,0.07,0.15,0.37,1
7509,2,0.11,0.26,0.44,0.66,0.84,1
7510,2,0.09,0.23,0.37,0.58,0.8,1
7511,4,0.02,0.04,0.13,0.32,0.42,1
7512,3,0.08,0.16,0.27,0.46,0.64,1
7513,3,0.04,0.11,0.27,0.47,0.62,1
7514,2,0.11,0.24,0.39,0.52,0.64,1
7515,4,0.05,0.12,0.22,0.34,0.5,1
7516,1,0.28,0.42,0.6,0.74,0.78,1
7517,4,0.02,0.07,0.14,0.29,0.38,1
7518,3,0.09,0.19,0.36,0.43,0.63,1
7519,5,0.02,0.03,0.09,0.17,0.33,1
7520,1,0.27,0.44,0.62,0.76,0.86,1
7521,5,0.01,0.02,0.08,0.14,0.33,1
7522,5,0.01,0.03,0.06,0.15,0.32,1
7523,4,0.03,0.08,0.19,0.24,0.36,1
7524,5,0.01,0.02,0.06,0.14,0.23,1
7525,3,0.08,0.18,0.3,0.46,0.6,1
7526,2,0.21,0.35,0.49,0.63,0.78,2
7527,1,0.32,0.45,0.58,0.73,0.83,2
7528,1,0.24,0.41,0.61,0.72,0.84,1
7529,2,0.23,0.34,0.43,0.51,0.73,1
7530,4,0.02,0.05,0.13,0.3,0.51,1
7531,1,0.34,0.5,0.68,0.77,0.86,1
7532,3,0.06,0.18,0.34,0.53,0.69,1
7533,3,0.11,0.18,0.31,0.52,0.61,1
7534,2,0.1,0.33,0.45,0.65,0.78,1
7535,5,0.05,0.08,0.14,0.2,0.33,1
7536,4,0.04,0.09,0.15,0.33,0.6,1
7537,2,0.14,0.35,0.54,0.64,0.7,1
7538,1,0.31,0.5,0.72,0.84,0.89,1
7539,2,0.23,0.33,0.48,0.58,0.73,1
7540,3,0.17,0.21,0.34,0.54,0.69,1
7541,3,0.04,0.13,0.27,0.51,0.67,1
7542,5,0.01,0.02,0.05,0.1,0.33,1
7543,3,0.05,0.13,0.32,0.54,0.7,1
7544,3,0.08,0.12,0.23,0.39,0.58,1
7545,2,0.17,0.29,0.37,0.41,0.51,1
7546,2,0.17,0.24,0.4,0.62,0.74,1
7547,3,0.05,0.14,0.34,0.5,0.56,1
7548,4,0.05,0.09,0.22,0.36,0.53,1
7549,5,0.01,0.03,0.09,0.18,0.34,1
7550,2,0.16,0.34,0.48,0.63,0.75,1
7551,2,0.2,0.36,0.45,0.66,0.77,1
7552,5,0.01,0.02,0.07,0.12,0.28,1
7553,2,0.14,0.28,0.46,0.57,0.76,1
7554,5,0.01,0.02,0.05,0.12,0.3,1
7555,3,0.1,0.12,0.26,0.36,0.47,1
7556,1,0.33,0.48,0.57,0.66,0.77,2
7557,1,0.35,0.54,0.72,0.87,0.93,2
7558,1,0.23,0.41,0.6,0.72,0.8,1
7559,1,0.27,0.53,0.69,0.85,0.9,1
7560,1,0.37,0.57,0.7,0.77,0.87,2
7561,1,0.32,0.45,0.64,0.79,0.83,2
7562,5,0.01,0.04,0.13,0.25,0.32,1
7563,3,0.06,0.1,0.25,0.37,0.59,1
7564,4,0.03,0.05,0.14,0.23,0.46,1
7565,2,0.12,0.27,0.34,0.42,0.56,1
7566,3,0.09,0.2,0.34,0.48,0.61,1
7567,2,0.19,0.36,0.52,0.61,0.75,1
7568,3,0.14,0.24,0.34,0.5,0.68,1
7569,4,0.01,0.06,0.16,0.32,0.49,1
7570,5,0.01,0.03,0.05,0.15,0.28,1
7571,2,0.21,0.36,0.56,0.74,0.86,1
7572,5,0.01,0.02,0.07,0.15,0.32,1
7573,5,0.01,0.02,0.06,0.15,0.27,1
7574,3,0.1,0.19,0.3,0.47,0.64,1
7575,5,0.02,0.06,0.11,0.21,0.3,2
7576,4,0.03,0.06,0.1,0.24,0.5,1
7577,4,0.01,0.05,0.13,0.23,0.46,1
7578,2,0.19,0.36,0.48,0.66,0.79,1
7579,2,0.14,0.33,0.57,0.65,0.75,1
7580,1,0.37,0.55,0.7,0.77,0.87,1
7581,1,0.28,0.38,0.63,0.81,0.88,1
7582,2,0.22,0.32,0.41,0.68,0.8,2
7583,3,0.05,0.13,0.28,0.42,0.58,1
7584,4,0.04,0.08,0.15,0.3,0.42,1
7585,5,0.01,0.02,0.05,0.16,0.26,2
7586,5,0,0.01,0.02,0.15,0.3,1
7587,1,0.3,0.41,0.62,0.76,0.86,1
7588,4,0.03,0.05,0.15,0.23,0.4,1
7589,3,0.09,0.21,0.34,0.51,0.71,1
7590,5,0.01,0.04,0.06,0.14,0.27,1
7591,4,0.02,0.04,0.12,0.28,0.41,2
7592,5,0.01,0.02,0.05,0.12,0.3,1
7593,4,0.02,0.05,0.14,0.34,0.57,1
7594,3,0.07,0.14,0.36,0.46,0.62,1
7595,1,0.35,0.54,0.69,0.77,0.86,1
7596,2,0.17,0.34,0.48,0.7,0.81,1
7597,4,0.04,0.07,0.18,0.35,0.62,1
7598,5,0.01,0.03,0.06,0.14,0.29,1
7599,1,0.3,0.48,0.74,0.89,0.94,1
7600,2,0.08,0.3,0.46,0.66,0.8,1
7601,3,0.03,0.1,0.28,0.41,0.51,1
7602,1,0.29,0.4,0.58,0.7,0.78,1
7603,1,0.36,0.43,0.65,0.76,0.89,1
7604,2,0.15,0.37,0.56,0.62,0.76,1
7605,3,0.07,0.13,0.32,0.45,0.6,3
7606,5,0.04,0.11,0.12,0.18,0.32,1
7607,2,0.23,0.3,0.39,0.64,0.81,1
7608,5,0.01,0.03,0.07,0.12,0.32,1
7609,2,0.1,0.27,0.33,0.47,0.66,2
7610,2,0.16,0.27,0.41,0.58,0.72,1
7611,1,0.26,0.42,0.65,0.82,0.83,1
7612,5,0.04,0.08,0.15,0.21,0.37,1
7613,4,0.03,0.09,0.2,0.35,0.51,1
7614,5,0.01,0.05,0.09,0.18,0.31,1
7615,3,0.07,0.14,0.3,0.41,0.56,1
7616,5,0.01,0.02,0.06,0.12,0.23,1
7617,5,0.02,0.04,0.1,0.17,0.32,1
7618,3,0.1,0.19,0.31,0.39,0.62,1
7619,5,0.03,0.05,0.07,0.13,0.34,1
7620,1,0.31,0.54,0.69,0.81,0.86,1
7621,3,0.07,0.14,0.31,0.43,0.61,1
7622,1,0.33,0.53,0.69,0.79,0.9,1
7623,1,0.33,0.44,0.61,0.65,0.74,1
7624,1,0.36,0.62,0.73,0.85,0.86,1
7625,1,0.28,0.39,0.6,0.72,0.8,1
7626,4,0.04,0.1,0.21,0.34,0.53,1
7627,2,0.15,0.36,0.44,0.59,0.76,1
7628,3,0.06,0.2,0.37,0.61,0.71,1
7629,4,0.02,0.05,0.17,0.33,0.4,1
7630,2,0.14,0.28,0.42,0.62,0.68,1
7631,4,0.03,0.06,0.13,0.35,0.62,1
7632,3,0.08,0.19,0.3,0.47,0.63,1
7633,3,0.11,0.19,0.37,0.57,0.69,1
7634,2,0.18,0.32,0.37,0.5,0.77,1
7635,3,0.06,0.15,0.3,0.45,0.67,1
7636,2,0.14,0.34,0.45,0.66,0.81,1
7637,5,0.02,0.04,0.11,0.2,0.35,1
7638,2,0.12,0.26,0.38,0.61,0.73,3
7639,4,0.03,0.08,0.2,0.3,0.33,2
7640,3,0.09,0.21,0.37,0.45,0.69,1
7641,2,0.19,0.27,0.42,0.62,0.76,1
7642,1,0.24,0.38,0.55,0.61,0.74,1
7643,4,0.04,0.08,0.2,0.36,0.54,1
7644,2,0.17,0.33,0.47,0.62,0.78,2
7645,2,0.22,0.34,0.58,0.74,0.86,1
7646,4,0.06,0.08,0.12,0.26,0.42,1
7647,4,0.02,0.05,0.11,0.3,0.4,1
7648,3,0.16,0.22,0.32,0.55,0.69,1
7649,4,0.02,0.06,0.14,0.35,0.53,1
7650,3,0.15,0.23,0.32,0.37,0.54,1
7651,5,0.01,0.02,0.04,0.08,0.24,1
7652,5,0.01,0.05,0.1,0.17,0.29,1
7653,2,0.09,0.28,0.36,0.59,0.75,2
7654,4,0.02,0.06,0.12,0.35,0.53,1
7655,1,0.37,0.5,0.62,0.84,0.9,1
7656,4,0.02,0.05,0.15,0.33,0.58,1
7657,5,0.02,0.04,0.08,0.19,0.3,1
7658,5,0.05,0.1,0.15,0.24,0.32,1
7659,4,0.07,0.16,0.23,0.32,0.41,1
7660,1,0.25,0.44,0.52,0.63,0.79,1
7661,3,0.08,0.17,0.26,0.37,0.62,1
7662,3,0.11,0.14,0.36,0.51,0.61,1
7663,3,0.1,0.21,0.34,0.5,0.64,1
7664,3,0.09,0.15,0.29,0.44,0.59,1
7665,2,0.13,0.25,0.4,0.51,0.66,1
7666,1,0.36,0.49,0.73,0.81,0.89,1
7667,1,0.32,0.5,0.68,0.8,0.86,1
7668,1,0.24,0.42,0.65,0.7,0.84,1
7669,2,0.16,0.36,0.48,0.61,0.76,1
7670,4,0.08,0.13,0.2,0.31,0.45,1
7671,2,0.17,0.3,0.42,0.47,0.7,1
7672,4,0.03,0.06,0.08,0.26,0.46,1
7673,4,0.02,0.04,0.07,0.23,0.45,1
7674,4,0.01,0.05,0.14,0.29,0.43,1
7675,2,0.21,0.37,0.53,0.67,0.81,1
7676,2,0.23,0.34,0.55,0.66,0.78,1
7677,4,0.04,0.06,0.14,0.28,0.36,1
7678,4,0.05,0.07,0.14,0.34,0.49,1
7679,3,0.15,0.16,0.32,0.48,0.64,1
7680,3,0.09,0.18,0.33,0.53,0.66,2
7681,1,0.25,0.39,0.52,0.68,0.86,1
7682,1,0.34,0.52,0.68,0.78,0.84,2
7683,2,0.13,0.27,0.5,0.66,0.81,2
7684,2,0.14,0.24,0.38,0.56,0.72,1
7685,2,0.18,0.32,0.42,0.67,0.75,1
7686,5,0.03,0.05,0.1,0.2,0.36,1
7687,5,0,0.02,0.04,0.12,0.27,2
7688,5,0.01,0.02,0.05,0.18,0.27,1
7689,3,0.04,0.13,0.3,0.46,0.59,1
7690,1,0.29,0.53,0.7,0.86,0.94,1
7691,2,0.13,0.28,0.38,0.62,0.8,1
7692,5,0.01,0.02,0.06,0.19,0.37,1
7693,4,0.08,0.13,0.22,0.35,0.56,1
7694,3,0.09,0.18,0.35,0.59,0.69,1
7695,1,0.26,0.44,0.56,0.7,0.79,2
7696,1,0.27,0.38,0.61,0.78,0.91,1
7697,2,0.1,0.29,0.33,0.51,0.72,1
7698,2,0.16,0.29,0.32,0.52,0.63,1
7699,4,0.04,0.12,0.14,0.32,0.41,1
7700,3,0.03,0.13,0.29,0.42,0.52,1
7701,3,0.05,0.11,0.35,0.52,0.7,1
7702,2,0.21,0.35,0.59,0.77,0.86,4
7703,1,0.27,0.38,0.57,0.78,0.86,1
7704,5,0.02,0.06,0.11,0.21,0.33,1
7705,5,0.01,0.02,0.06,0.2,0.32,1
7706,3,0.06,0.11,0.25,0.48,0.6,1
7707,2,0.13,0.33,0.52,0.66,0.77,1
7708,4,0.03,0.06,0.14,0.33,0.46,1
7709,1,0.34,0.53,0.72,0.82,0.87,1
7710,4,0.02,0.06,0.17,0.37,0.62,1
7711,5,0.02,0.05,0.11,0.19,0.3,1
7712,3,0.08,0.17,0.34,0.48,0.69,1
7713,1,0.35,0.54,0.73,0.87,0.92,2
7714,1,0.24,0.37,0.54,0.72,0.85,1
7715,4,0.05,0.12,0.17,0.33,0.47,1
7716,1,0.36,0.46,0.6,0.78,0.89,1
7717,4,0.03,0.06,0.13,0.26,0.43,1
7718,5,0.01,0.05,0.1,0.17,0.3,1
7719,1,0.29,0.47,0.69,0.85,0.92,1
7720,3,0.06,0.15,0.26,0.38,0.48,1
7721,3,0.08,0.16,0.34,0.4,0.63,1
7722,1,0.24,0.43,0.59,0.66,0.8,1
7723,3,0.02,0.06,0.25,0.37,0.5,1
7724,3,0.05,0.13,0.25,0.35,0.51,2
7725,2,0.09,0.26,0.39,0.5,0.64,1
7726,1,0.27,0.45,0.67,0.81,0.85,1
7727,2,0.19,0.28,0.43,0.58,0.66,1
7728,5,0.01,0.03,0.07,0.15,0.28,2
7729,3,0.05,0.14,0.32,0.48,0.62,1
7730,3,0.05,0.16,0.36,0.51,0.69,1
7731,2,0.13,0.31,0.51,0.7,0.82,1
7732,1,0.32,0.47,0.71,0.85,0.92,1
7733,1,0.28,0.42,0.52,0.67,0.89,1
7734,5,0.01,0.02,0.04,0.08,0.23,1
7735,4,0.02,0.07,0.14,0.35,0.52,1
7736,2,0.18,0.35,0.37,0.58,0.72,1
7737,1,0.37,0.54,0.7,0.85,0.91,1
7738,3,0.07,0.16,0.34,0.5,0.67,1
7739,5,0.01,0.05,0.07,0.14,0.25,1
7740,5,0.01,0.04,0.11,0.17,0.36,2
7741,3,0.06,0.1,0.23,0.4,0.6,1
7742,3,0.08,0.17,0.34,0.44,0.62,1
7743,3,0.08,0.13,0.25,0.39,0.53,1
7744,5,0,0.02,0.04,0.13,0.31,1
7745,3,0.05,0.1,0.23,0.43,0.52,1
7746,2,0.17,0.25,0.38,0.47,0.61,1
7747,2,0.23,0.36,0.43,0.65,0.73,1
7748,4,0.01,0.03,0.08,0.25,0.35,1
7749,3,0.06,0.16,0.27,0.42,0.58,1
7750,5,0.01,0.02,0.08,0.18,0.3,1
7751,5,0.01,0.03,0.08,0.17,0.3,1
7752,2,0.17,0.37,0.58,0.71,0.83,1
7753,2,0.16,0.32,0.43,0.54,0.73,1
7754,1,0.35,0.48,0.69,0.78,0.84,1
7755,2,0.19,0.37,0.52,0.66,0.8,2
7756,2,0.1,0.28,0.4,0.54,0.67,1
7757,1,0.32,0.45,0.61,0.69,0.78,1
7758,2,0.23,0.33,0.48,0.68,0.79,1
7759,2,0.24,0.35,0.56,0.73,0.84,1
7760,2,0.15,0.25,0.39,0.56,0.64,2
7761,4,0.01,0.03,0.11,0.26,0.34,2
7762,4,0.02,0.06,0.11,0.26,0.4,1
7763,1,0.3,0.41,0.53,0.63,0.77,1
7764,1,0.28,0.37,0.53,0.7,0.81,1
7765,5,0.01,0.03,0.09,0.16,0.3,1
7766,3,0.06,0.12,0.24,0.43,0.64,1
7767,3,0.11,0.15,0.27,0.38,0.5,1
7768,2,0.15,0.31,0.4,0.5,0.66,1
7769,4,0.06,0.12,0.15,0.32,0.5,1
7770,5,0.02,0.06,0.09,0.15,0.28,2
7771,5,0.01,0.02,0.06,0.21,0.37,1
7772,1,0.37,0.45,0.62,0.75,0.9,1
7773,5,0.01,0.04,0.08,0.18,0.3,1
7774,3,0.1,0.22,0.35,0.56,0.73,1
7775,2,0.1,0.24,0.36,0.48,0.68,2
7776,4,0.02,0.07,0.23,0.29,0.42,1
7777,4,0.02,0.06,0.2,0.35,0.56,1
7778,2,0.15,0.29,0.45,0.65,0.81,1
7779,5,0.01,0.02,0.06,0.19,0.36,1
7780,5,0.01,0.03,0.07,0.1,0.29,1
7781,2,0.14,0.32,0.46,0.58,0.75,1
7782,3,0.09,0.17,0.34,0.49,0.66,1
7783,3,0.07,0.16,0.26,0.44,0.62,1
7784,4,0.01,0.06,0.12,0.33,0.45,1
7785,3,0.04,0.11,0.35,0.57,0.73,2
7786,5,0.04,0.07,0.1,0.21,0.37,1
7787,3,0.08,0.13,0.25,0.44,0.59,1
7788,3,0.08,0.11,0.26,0.35,0.63,1
7789,1,0.26,0.51,0.64,0.75,0.82,1
7790,4,0.04,0.08,0.14,0.28,0.36,1
7791,2,0.23,0.34,0.49,0.56,0.73,1
7792,1,0.26,0.42,0.55,0.76,0.84,1
7793,1,0.27,0.46,0.57,0.7,0.76,1
7794,5,0.01,0.02,0.07,0.18,0.32,1
7795,5,0.01,0.02,0.04,0.12,0.36,1
7796,1,0.34,0.46,0.63,0.77,0.88,1
7797,5,0.02,0.04,0.07,0.19,0.29,1
7798,5,0.02,0.04,0.1,0.16,0.37,1
7799,4,0.03,0.06,0.13,0.34,0.52,1
7800,2,0.17,0.36,0.56,0.68,0.82,1
7801,5,0.01,0.02,0.04,0.07,0.29,1
7802,5,0.04,0.07,0.14,0.24,0.35,1
7803,2,0.16,0.37,0.58,0.72,0.84,2
7804,2,0.11,0.27,0.4,0.49,0.61,1
7805,3,0.07,0.17,0.35,0.49,0.59,1
7806,2,0.1,0.24,0.43,0.44,0.61,1
7807,1,0.33,0.5,0.67,0.81,0.9,1
7808,5,0.04,0.08,0.11,0.23,0.32,2
7809,4,0.04,0.08,0.13,0.32,0.49,1
7810,4,0.04,0.06,0.11,0.28,0.36,1
7811,2,0.22,0.36,0.45,0.6,0.8,1
7812,1,0.26,0.36,0.48,0.66,0.79,1
7813,1,0.37,0.54,0.72,0.86,0.91,1
7814,3,0.07,0.12,0.27,0.47,0.72,1
7815,3,0.05,0.14,0.32,0.49,0.7,1
7816,4,0.03,0.07,0.14,0.28,0.42,1
7817,5,0.02,0.04,0.09,0.23,0.35,1
7818,2,0.13,0.23,0.43,0.73,0.84,1
7819,4,0.02,0.03,0.13,0.3,0.51,2
7820,1,0.27,0.41,0.56,0.74,0.86,1
7821,4,0.05,0.09,0.16,0.35,0.51,1
7822,3,0.09,0.18,0.31,0.42,0.6,1
7823,1,0.26,0.54,0.68,0.82,0.92,1
7824,1,0.36,0.6,0.72,0.84,0.86,1
7825,4,0.03,0.08,0.17,0.25,0.45,1
7826,3,0.03,0.1,0.34,0.54,0.73,1
7827,3,0.11,0.15,0.35,0.48,0.66,1
7828,4,0.06,0.09,0.17,0.34,0.56,1
7829,4,0.02,0.05,0.14,0.29,0.5,1
7830,5,0.01,0.02,0.04,0.08,0.27,2
7831,5,0.02,0.07,0.11,0.16,0.35,1
7832,3,0.1,0.16,0.33,0.44,0.63,1
7833,5,0.01,0.03,0.06,0.19,0.34,1
7834,4,0.04,0.07,0.14,0.25,0.48,1
7835,5,0.04,0.06,0.1,0.15,0.29,1
7836,2,0.19,0.3,0.37,0.5,0.56,1
7837,5,0,0.01,0.03,0.1,0.23,2
7838,3,0.07,0.16,0.28,0.43,0.6,2
7839,1,0.29,0.33,0.43,0.52,0.62,1
7840,1,0.32,0.5,0.61,0.78,0.87,1
7841,5,0.01,0.04,0.11,0.23,0.36,1
7842,1,0.37,0.55,0.62,0.77,0.9,2
7843,1,0.32,0.52,0.7,0.77,0.81,1
7844,2,0.17,0.36,0.56,0.63,0.82,1
7845,3,0.08,0.1,0.28,0.4,0.57,1
7846,3,0.05,0.13,0.32,0.41,0.61,1
7847,1,0.34,0.45,0.69,0.83,0.93,1
7848,4,0.05,0.09,0.13,0.29,0.49,1
7849,5,0.01,0.02,0.07,0.13,0.31,1
7850,1,0.34,0.56,0.67,0.83,0.91,1
7851,1,0.28,0.43,0.58,0.73,0.86,2
7852,5,0.04,0.06,0.07,0.19,0.35,1
7853,4,0.04,0.07,0.12,0.23,0.41,1
7854,5,0,0.01,0.02,0.07,0.23,1
7855,3,0.12,0.17,0.31,0.47,0.6,2
7856,2,0.1,0.28,0.39,0.6,0.7,1
7857,1,0.34,0.59,0.77,0.85,0.91,1
7858,5,0.04,0.07,0.14,0.18,0.31,1
7859,3,0.05,0.11,0.23,0.41,0.56,1
7860,4,0.02,0.07,0.11,0.31,0.59,1
7861,1,0.35,0.52,0.72,0.79,0.82,1
7862,2,0.19,0.34,0.39,0.54,0.62,2
7863,2,0.16,0.32,0.46,0.62,0.72,1
7864,5,0.01,0.03,0.05,0.13,0.25,1
7865,3,0.12,0.25,0.33,0.48,0.71,1
7866,2,0.14,0.24,0.45,0.54,0.72,1
7867,4,0.02,0.07,0.17,0.3,0.45,1
7868,2,0.19,0.35,0.36,0.52,0.69,1
7869,1,0.24,0.43,0.67,0.81,0.9,1
7870,5,0,0.01,0.04,0.08,0.31,1
7871,4,0.02,0.07,0.17,0.27,0.51,1
7872,5,0.02,0.03,0.1,0.14,0.34,1
7873,3,0.09,0.14,0.29,0.45,0.52,1
7874,2,0.13,0.28,0.47,0.66,0.73,1
7875,4,0.03,0.05,0.12,0.26,0.46,1
7876,4,0.02,0.06,0.15,0.3,0.49,1
7877,5,0.02,0.04,0.05,0.19,0.35,2
7878,4,0.03,0.09,0.2,0.28,0.37,2
7879,2,0.12,0.37,0.48,0.62,0.7,2
7880,1,0.37,0.61,0.67,0.75,0.84,1
7881,1,0.37,0.61,0.81,0.91,0.95,1
7882,3,0.07,0.15,0.34,0.45,0.59,1
7883,5,0.02,0.04,0.09,0.16,0.29,2
7884,1,0.31,0.49,0.66,0.81,0.91,1
7885,3,0.09,0.2,0.3,0.52,0.75,1
7886,5,0.02,0.03,0.1,0.18,0.35,1
7887,3,0.07,0.2,0.35,0.56,0.68,1
7888,3,0.14,0.2,0.33,0.44,0.53,1
7889,5,0.01,0.02,0.06,0.18,0.3,1
7890,1,0.26,0.4,0.6,0.79,0.84,1
7891,1,0.35,0.36,0.51,0.63,0.78,1
7892,2,0.1,0.29,0.37,0.6,0.75,1
7893,3,0.04,0.11,0.33,0.48,0.62,1
7894,5,0.01,0.04,0.07,0.16,0.27,1
7895,2,0.18,0.26,0.39,0.42,0.51,1
7896,1,0.32,0.47,0.64,0.76,0.86,1
7897,5,0.01,0.04,0.1,0.19,0.34,2
7898,1,0.29,0.49,0.59,0.68,0.8,2
7899,2,0.16,0.32,0.49,0.59,0.77,1
7900,1,0.28,0.52,0.67,0.83,0.89,1
7901,4,0.03,0.07,0.12,0.28,0.36,1
7902,4,0.03,0.04,0.16,0.28,0.38,1
7903,1,0.25,0.35,0.51,0.62,0.78,1
7904,3,0.07,0.1,0.24,0.41,0.62,1
7905,3,0.04,0.14,0.27,0.35,0.59,1
7906,3,0.07,0.17,0.33,0.4,0.52,1
7907,3,0.05,0.15,0.25,0.4,0.62,1
7908,3,0.06,0.13,0.35,0.43,0.58,1
7909,2,0.13,0.28,0.44,0.62,0.78,1
7910,1,0.23,0.39,0.45,0.62,0.7,1
7911,5,0.04,0.08,0.1,0.2,0.29,1
7912,4,0.04,0.1,0.22,0.3,0.49,1
7913,4,0.02,0.04,0.11,0.33,0.43,1
7914,3,0.05,0.1,0.28,0.41,0.64,1
7915,4,0.01,0.04,0.12,0.34,0.52,1
7916,4,0.02,0.07,0.1,0.3,0.53,1
7917,1,0.32,0.47,0.7,0.82,0.89,1
7918,4,0.01,0.03,0.08,0.24,0.37,2
7919,2,0.09,0.32,0.54,0.68,0.83,1
7920,5,0.01,0.04,0.05,0.11,0.32,1
7921,3,0.07,0.19,0.36,0.51,0.67,1
7922,1,0.32,0.52,0.61,0.71,0.83,1
7923,3,0.08,0.2,0.28,0.46,0.61,1
7924,3,0.06,0.1,0.23,0.39,0.59,1
7925,2,0.21,0.29,0.46,0.62,0.73,1
7926,4,0.02,0.03,0.09,0.26,0.44,1
7927,2,0.18,0.25,0.36,0.6,0.74,1
7928,4,0.05,0.09,0.15,0.3,0.48,1
7929,2,0.15,0.33,0.48,0.66,0.79,1
7930,3,0.06,0.14,0.24,0.43,0.59,1
7931,5,0.01,0.02,0.05,0.12,0.28,4
7932,3,0.18,0.24,0.34,0.41,0.56,1
7933,5,0.01,0.02,0.07,0.17,0.36,1
7934,3,0.05,0.14,0.25,0.43,0.57,1
7935,4,0.02,0.05,0.11,0.25,0.38,1
7936,1,0.27,0.38,0.44,0.61,0.8,1
7937,4,0.05,0.11,0.17,0.31,0.42,1
7938,4,0.04,0.05,0.15,0.35,0.46,1
7939,5,0.02,0.03,0.07,0.16,0.31,1
7940,2,0.1,0.24,0.4,0.62,0.8,1
7941,3,0.05,0.17,0.31,0.46,0.66,1
7942,3,0.09,0.16,0.33,0.45,0.65,1
7943,1,0.25,0.45,0.6,0.66,0.82,1
7944,5,0.01,0.02,0.03,0.1,0.29,1
7945,3,0.11,0.25,0.34,0.44,0.54,1
7946,4,0.02,0.03,0.13,0.27,0.45,2
7947,5,0.01,0.03,0.08,0.16,0.24,1
7948,3,0.09,0.25,0.34,0.5,0.66,1
7949,1,0.29,0.42,0.56,0.68,0.83,2
7950,5,0.01,0.02,0.03,0.1,0.26,1
7951,4,0.06,0.1,0.17,0.28,0.54,1
7952,1,0.35,0.45,0.6,0.79,0.87,1
7953,5,0.01,0.02,0.04,0.13,0.23,2
7954,3,0.03,0.1,0.29,0.46,0.7,1
7955,1,0.31,0.44,0.58,0.75,0.85,1
7956,4,0.04,0.06,0.17,0.29,0.41,3
7957,1,0.31,0.53,0.7,0.81,0.85,1
7958,5,0.01,0.03,0.05,0.1,0.29,1
7959,3,0.13,0.24,0.31,0.45,0.64,1
7960,2,0.09,0.3,0.37,0.54,0.63,1
7961,2,0.14,0.37,0.58,0.72,0.85,1
7962,1,0.34,0.56,0.75,0.84,0.89,2
7963,1,0.31,0.44,0.62,0.84,0.9,1
7964,1,0.23,0.37,0.47,0.61,0.72,1
7965,5,0.01,0.02,0.04,0.08,0.27,1
7966,3,0.08,0.17,0.32,0.44,0.62,1
7967,4,0.07,0.14,0.21,0.35,0.56,3
7968,2,0.13,0.33,0.48,0.65,0.72,1
7969,2,0.15,0.26,0.38,0.51,0.68,1
7970,5,0.01,0.02,0.06,0.14,0.32,1
7971,1,0.31,0.43,0.58,0.74,0.83,4
7972,2,0.12,0.29,0.43,0.64,0.77,2
7973,5,0.02,0.03,0.1,0.2,0.37,1
7974,5,0.01,0.03,0.09,0.2,0.31,1
7975,2,0.15,0.33,0.45,0.65,0.79,1
7976,4,0.02,0.05,0.14,0.28,0.47,2
7977,4,0.01,0.03,0.06,0.27,0.42,1
7978,5,0.04,0.08,0.14,0.25,0.33,1
7979,5,0.01,0.02,0.05,0.09,0.26,1
7980,3,0.08,0.16,0.35,0.57,0.71,1
7981,2,0.12,0.26,0.44,0.56,0.72,1
7982,5,0.01,0.03,0.05,0.12,0.31,1
7983,4,0.02,0.05,0.11,0.32,0.52,1
7984,1,0.36,0.46,0.6,0.68,0.86,1
7985,2,0.23,0.35,0.45,0.67,0.8,1
7986,2,0.14,0.33,0.52,0.73,0.8,1
7987,3,0.1,0.18,0.33,0.53,0.7,1
7988,4,0.03,0.07,0.13,0.28,0.53,1
7989,4,0.06,0.08,0.18,0.36,0.48,1
7990,1,0.28,0.37,0.53,0.64,0.83,1
7991,5,0.01,0.04,0.09,0.11,0.26,1
7992,1,0.29,0.41,0.58,0.77,0.87,2
7993,4,0.01,0.05,0.14,0.3,0.45,1
7994,4,0.02,0.06,0.22,0.33,0.45,2
7995,1,0.33,0.43,0.55,0.75,0.84,1
7996,5,0.01,0.02,0.06,0.1,0.25,1
7997,2,0.1,0.27,0.53,0.67,0.82,1
7998,3,0.06,0.16,0.37,0.56,0.68,1
7999,3,0.05,0.17,0.36,0.44,0.67,1
8000,3,0.07,0.19,0.33,0.49,0.6,1
8001,1,0.27,0.46,0.77,0.86,0.95,1
8002,4,0.02,0.05,0.15,0.32,0.44,1
8003,1,0.31,0.5,0.69,0.78,0.84,1
8004,5,0.01,0.02,0.06,0.13,0.3,1
8005,4,0.02,0.05,0.13,0.24,0.37,1
8006,1,0.28,0.38,0.5,0.63,0.81,1
8007,3,0.05,0.12,0.26,0.39,0.44,1
8008,3,0.09,0.19,0.3,0.49,0.66,1
8009,3,0.09,0.19,0.36,0.5,0.66,1
8010,2,0.21,0.29,0.41,0.54,0.7,1
8011,1,0.29,0.46,0.68,0.8,0.89,1
8012,3,0.06,0.13,0.31,0.42,0.63,1
8013,5,0.02,0.05,0.09,0.16,0.25,1
8014,1,0.26,0.44,0.67,0.77,0.85,2
8015,2,0.18,0.35,0.39,0.46,0.58,1
8016,3,0.06,0.19,0.37,0.45,0.6,1
8017,4,0.04,0.1,0.18,0.33,0.53,1
8018,3,0.03,0.12,0.24,0.46,0.66,1
8019,3,0.07,0.15,0.35,0.54,0.7,1
8020,4,0.03,0.06,0.15,0.34,0.51,2
8021,5,0.02,0.04,0.08,0.16,0.29,1
8022,1,0.36,0.48,0.65,0.77,0.84,1
8023,2,0.17,0.35,0.53,0.69,0.81,1
8024,2,0.17,0.37,0.44,0.61,0.83,1
8025,1,0.25,0.39,0.5,0.68,0.79,1
8026,5,0.03,0.06,0.1,0.2,0.34,2
8027,5,0.03,0.07,0.12,0.13,0.24,1
8028,1,0.35,0.52,0.72,0.87,0.91,1
8029,5,0.02,0.04,0.08,0.17,0.36,1
8030,2,0.1,0.25,0.36,0.46,0.63,1
8031,5,0.01,0.02,0.05,0.12,0.27,1
8032,2,0.17,0.25,0.42,0.58,0.77,1
8033,5,0,0.02,0.04,0.1,0.28,1
8034,4,0.03,0.05,0.11,0.27,0.42,2
8035,3,0.08,0.17,0.28,0.56,0.7,1
8036,3,0.13,0.21,0.34,0.46,0.62,1
8037,4,0.05,0.11,0.13,0.28,0.45,1
8038,1,0.33,0.46,0.54,0.69,0.84,1
8039,5,0.01,0.02,0.07,0.19,0.37,1
8040,5,0.01,0.02,0.04,0.08,0.24,1
8041,1,0.25,0.48,0.57,0.62,0.79,1
8042,3,0.08,0.13,0.28,0.4,0.57,1
8043,2,0.12,0.27,0.38,0.65,0.82,1
8044,5,0.02,0.03,0.06,0.15,0.3,1
8045,5,0.02,0.06,0.11,0.2,0.34,1
8046,5,0.02,0.04,0.06,0.08,0.25,1
8047,3,0.03,0.09,0.24,0.45,0.64,1
8048,3,0.04,0.13,0.24,0.39,0.55,1
8049,4,0.02,0.03,0.13,0.28,0.42,1
8050,1,0.25,0.45,0.58,0.74,0.84,1
8051,4,0.04,0.07,0.17,0.35,0.57,1
8052,1,0.34,0.39,0.49,0.71,0.89,1
8053,5,0.01,0.04,0.14,0.18,0.37,1
8054,3,0.07,0.15,0.31,0.37,0.53,2
8055,2,0.22,0.37,0.44,0.65,0.75,1
8056,1,0.36,0.42,0.53,0.66,0.82,1
8057,5,0.01,0.03,0.05,0.14,0.25,1
8058,5,0.02,0.04,0.08,0.17,0.34,1
8059,5,0.03,0.05,0.08,0.13,0.32,1
8060,3,0.07,0.13,0.26,0.4,0.64,1
8061,5,0.01,0.02,0.05,0.11,0.28,1
8062,4,0.03,0.07,0.19,0.34,0.46,1
8063,4,0.02,0.05,0.17,0.29,0.45,1
8064,1,0.27,0.35,0.47,0.69,0.81,1
8065,3,0.05,0.16,0.33,0.51,0.7,1
8066,1,0.31,0.38,0.59,0.76,0.85,1
8067,5,0.02,0.04,0.08,0.14,0.24,1
8068,2,0.16,0.34,0.51,0.64,0.73,2
8069,4,0.03,0.07,0.13,0.26,0.43,1
8070,4,0.04,0.13,0.19,0.31,0.46,1
8071,4,0.02,0.04,0.11,0.27,0.49,2
8072,5,0.01,0.03,0.08,0.17,0.35,1
8073,5,0.01,0.03,0.07,0.16,0.28,1
8074,4,0.03,0.08,0.21,0.3,0.41,1
8075,5,0.01,0.02,0.04,0.11,0.3,2
8076,2,0.15,0.32,0.42,0.54,0.68,1
8077,1,0.3,0.47,0.75,0.86,0.93,1
8078,3,0.04,0.09,0.3,0.4,0.59,1
8079,5,0.01,0.03,0.09,0.23,0.28,1
8080,4,0.06,0.09,0.2,0.35,0.48,1
8081,1,0.32,0.4,0.58,0.79,0.86,1
8082,4,0.03,0.06,0.17,0.32,0.45,1
8083,4,0.02,0.05,0.11,0.32,0.48,3
8084,5,0.02,0.04,0.11,0.14,0.28,1
8085,4,0.01,0.03,0.09,0.24,0.41,1
8086,1,0.33,0.46,0.67,0.77,0.89,1
8087,3,0.1,0.25,0.34,0.56,0.73,1
8088,5,0,0.02,0.04,0.16,0.26,1
8089,4,0.04,0.09,0.26,0.3,0.48,1
8090,5,0.02,0.04,0.06,0.11,0.25,2
8091,5,0.02,0.04,0.05,0.1,0.27,1
8092,2,0.22,0.36,0.51,0.72,0.84,1
8093,3,0.08,0.18,0.3,0.44,0.56,1
8094,4,0.03,0.06,0.16,0.29,0.46,1
8095,1,0.27,0.44,0.51,0.61,0.74,1
8096,2,0.16,0.34,0.49,0.6,0.77,1
8097,3,0.07,0.18,0.3,0.48,0.64,1
8098,3,0.06,0.12,0.26,0.54,0.72,1
8099,4,0.04,0.08,0.13,0.26,0.38,1
8100,3,0.07,0.12,0.25,0.38,0.6,1
8101,3,0.08,0.14,0.31,0.45,0.59,1
8102,2,0.18,0.35,0.53,0.66,0.78,1
8103,4,0.03,0.06,0.14,0.28,0.42,1
8104,5,0.01,0.03,0.07,0.16,0.31,2
8105,4,0.04,0.07,0.2,0.27,0.41,1
8106,4,0.03,0.08,0.19,0.27,0.46,1
8107,2,0.11,0.35,0.49,0.63,0.78,1
8108,1,0.34,0.53,0.67,0.84,0.87,1
8109,1,0.31,0.42,0.65,0.78,0.87,1
8110,4,0.02,0.04,0.12,0.23,0.38,1
8111,3,0.02,0.07,0.23,0.46,0.61,1
8112,5,0.01,0.02,0.06,0.09,0.24,1
8113,5,0.02,0.03,0.1,0.2,0.32,1
8114,4,0.04,0.09,0.19,0.33,0.51,1
8115,1,0.37,0.47,0.66,0.85,0.91,1
8116,5,0.01,0.02,0.06,0.17,0.35,1
8117,1,0.34,0.48,0.59,0.78,0.91,1
8118,1,0.32,0.46,0.57,0.7,0.84,1
8119,3,0.05,0.11,0.26,0.52,0.66,1
8120,5,0.01,0.02,0.04,0.13,0.32,1
8121,2,0.15,0.31,0.44,0.6,0.71,1
8122,1,0.29,0.41,0.43,0.63,0.75,1
8123,1,0.31,0.47,0.69,0.82,0.91,1
8124,3,0.04,0.13,0.27,0.43,0.59,1
8125,2,0.09,0.25,0.38,0.53,0.68,1
8126,2,0.18,0.28,0.39,0.54,0.8,1
8127,2,0.13,0.31,0.54,0.7,0.85,1
8128,5,0.01,0.03,0.09,0.12,0.29,1
8129,2,0.15,0.28,0.47,0.66,0.78,1
8130,5,0.01,0.02,0.05,0.11,0.28,1
8131,4,0.02,0.07,0.16,0.23,0.38,1
8132,3,0.04,0.07,0.25,0.37,0.57,1
8133,5,0.02,0.05,0.08,0.16,0.31,1
8134,5,0.02,0.05,0.06,0.11,0.25,1
8135,5,0.01,0.02,0.05,0.18,0.23,1
8136,1,0.28,0.44,0.64,0.73,0.87,1
8137,1,0.32,0.48,0.71,0.74,0.89,1
8138,3,0.03,0.08,0.23,0.38,0.52,1
8139,4,0.02,0.08,0.18,0.34,0.47,1
8140,5,0.01,0.02,0.06,0.12,0.32,1
8141,3,0.06,0.19,0.32,0.47,0.67,1
8142,4,0.02,0.08,0.13,0.26,0.41,1
8143,3,0.05,0.13,0.23,0.39,0.62,1
8144,3,0.06,0.12,0.26,0.51,0.62,1
8145,1,0.32,0.46,0.56,0.62,0.68,1
8146,4,0.02,0.05,0.12,0.34,0.38,1
8147,4,0.01,0.04,0.15,0.26,0.38,1
8148,5,0.01,0.02,0.06,0.12,0.31,1
8149,2,0.13,0.28,0.51,0.74,0.86,1
8150,1,0.34,0.46,0.62,0.73,0.83,1
8151,3,0.07,0.16,0.32,0.43,0.59,1
8152,1,0.33,0.53,0.69,0.79,0.87,1
8153,3,0.04,0.11,0.25,0.54,0.77,1
8154,4,0.03,0.05,0.09,0.26,0.39,1
8155,3,0.04,0.08,0.23,0.46,0.66,1
8156,3,0.1,0.21,0.31,0.49,0.55,1
8157,2,0.14,0.35,0.43,0.63,0.74,1
8158,5,0.03,0.09,0.18,0.23,0.33,1
8159,1,0.32,0.43,0.56,0.66,0.88,1
8160,3,0.16,0.25,0.33,0.42,0.66,1
8161,1,0.32,0.42,0.6,0.74,0.87,1
8162,4,0.03,0.07,0.16,0.29,0.4,1
8163,5,0.01,0.02,0.06,0.13,0.3,1
8164,5,0.02,0.05,0.14,0.19,0.35,1
8165,1,0.25,0.41,0.6,0.8,0.83,1
8166,3,0.08,0.16,0.36,0.55,0.75,1
8167,5,0.02,0.03,0.08,0.17,0.35,1
8168,4,0.02,0.05,0.16,0.27,0.38,1
8169,2,0.13,0.32,0.4,0.62,0.8,1
8170,5,0.01,0.04,0.09,0.18,0.35,1
8171,5,0.01,0.02,0.05,0.13,0.37,1
8172,3,0.05,0.1,0.29,0.52,0.65,1
8173,3,0.1,0.23,0.36,0.53,0.62,1
8174,3,0.07,0.16,0.36,0.58,0.65,1
8175,3,0.05,0.13,0.28,0.54,0.72,1
8176,3,0.05,0.16,0.27,0.37,0.49,1
8177,4,0.07,0.1,0.19,0.25,0.39,1
8178,1,0.24,0.36,0.49,0.6,0.78,1
8179,1,0.27,0.4,0.59,0.75,0.88,1
8180,1,0.3,0.54,0.73,0.83,0.9,1
8181,4,0.05,0.12,0.18,0.3,0.48,1
8182,3,0.07,0.1,0.25,0.38,0.53,1
8183,2,0.1,0.26,0.5,0.61,0.69,1
8184,3,0.07,0.15,0.25,0.47,0.57,1
8185,5,0.01,0.04,0.06,0.12,0.23,1
8186,4,0.03,0.09,0.22,0.34,0.45,1
8187,3,0.05,0.12,0.26,0.44,0.67,1
8188,4,0.03,0.08,0.12,0.27,0.36,1
8189,1,0.32,0.47,0.61,0.73,0.88,1
8190,1,0.34,0.4,0.5,0.68,0.76,1
8191,2,0.17,0.35,0.56,0.69,0.81,1
8192,5,0.02,0.08,0.13,0.2,0.32,1
8193,2,0.09,0.28,0.42,0.63,0.75,2
8194,2,0.23,0.35,0.47,0.67,0.83,1
8195,5,0.02,0.03,0.06,0.19,0.37,2
8196,2,0.22,0.37,0.57,0.66,0.78,1
8197,5,0.01,0.02,0.03,0.09,0.29,2
8198,2,0.13,0.28,0.47,0.64,0.74,1
8199,5,0.02,0.04,0.07,0.18,0.24,1
8200,1,0.33,0.53,0.7,0.79,0.87,1
8201,3,0.05,0.13,0.28,0.38,0.57,2
8202,2,0.22,0.33,0.49,0.5,0.66,1
8203,4,0.04,0.08,0.17,0.34,0.5,1
8204,2,0.2,0.35,0.5,0.76,0.84,2
8205,3,0.09,0.16,0.35,0.54,0.61,1
8206,4,0.03,0.08,0.13,0.23,0.47,3
8207,4,0.03,0.04,0.11,0.34,0.54,1
8208,3,0.05,0.15,0.27,0.44,0.65,1
8209,4,0.02,0.04,0.1,0.28,0.44,1
8210,3,0.13,0.17,0.32,0.4,0.57,1
8211,3,0.1,0.21,0.3,0.57,0.74,1
8212,2,0.15,0.3,0.46,0.63,0.8,1
8213,2,0.16,0.34,0.55,0.68,0.79,1
8214,2,0.2,0.35,0.46,0.61,0.78,1
8215,4,0.02,0.04,0.1,0.31,0.43,1
8216,4,0.02,0.06,0.11,0.26,0.34,1
8217,1,0.32,0.48,0.68,0.73,0.83,1
8218,5,0.01,0.03,0.06,0.17,0.28,1
8219,5,0.01,0.02,0.06,0.14,0.31,2
8220,5,0.01,0.02,0.07,0.15,0.36,1
8221,4,0.03,0.08,0.13,0.28,0.37,1
8222,1,0.35,0.48,0.67,0.77,0.84,1
8223,3,0.08,0.14,0.3,0.55,0.6,1
8224,3,0.14,0.21,0.32,0.58,0.71,1
8225,1,0.28,0.44,0.69,0.75,0.84,1
8226,4,0.02,0.07,0.14,0.3,0.48,1
8227,4,0.05,0.13,0.17,0.29,0.36,1
8228,2,0.14,0.36,0.46,0.54,0.75,1
8229,1,0.37,0.53,0.72,0.85,0.93,1
8230,1,0.33,0.5,0.68,0.78,0.91,2
8231,4,0.03,0.08,0.16,0.35,0.55,1
8232,2,0.18,0.37,0.48,0.53,0.71,1
8233,3,0.08,0.13,0.26,0.36,0.46,3
8234,3,0.04,0.12,0.32,0.52,0.65,1
8235,4,0.05,0.1,0.17,0.37,0.59,4
8236,5,0.04,0.09,0.17,0.18,0.3,1
8237,2,0.13,0.26,0.36,0.53,0.56,1
8238,2,0.2,0.37,0.5,0.66,0.75,1
8239,2,0.13,0.28,0.48,0.56,0.71,1
8240,4,0.06,0.12,0.23,0.33,0.52,1
8241,1,0.32,0.53,0.8,0.89,0.94,1
8242,4,0.02,0.08,0.16,0.3,0.51,1
8243,1,0.28,0.47,0.56,0.74,0.82,1
8244,2,0.19,0.34,0.57,0.74,0.83,1
8245,3,0.08,0.2,0.32,0.45,0.61,2
8246,5,0.02,0.05,0.08,0.21,0.33,1
8247,4,0.03,0.08,0.21,0.31,0.42,1
8248,4,0.02,0.07,0.1,0.31,0.47,1
8249,1,0.27,0.44,0.58,0.73,0.84,1
8250,5,0.01,0.02,0.07,0.18,0.36,1
8251,1,0.37,0.53,0.71,0.8,0.89,2
8252,5,0.01,0.02,0.06,0.2,0.3,1
8253,5,0,0.02,0.03,0.14,0.3,2
8254,5,0.02,0.07,0.12,0.21,0.28,1
8255,1,0.25,0.49,0.75,0.87,0.93,1
8256,3,0.05,0.1,0.26,0.44,0.59,1
8257,5,0.01,0.03,0.07,0.14,0.28,1
8258,1,0.26,0.47,0.57,0.74,0.88,1
8259,4,0.02,0.05,0.16,0.28,0.39,3
8260,5,0.02,0.05,0.09,0.22,0.35,1
8261,5,0.01,0.02,0.04,0.15,0.31,1
8262,2,0.17,0.31,0.42,0.56,0.8,1
8263,1,0.28,0.49,0.7,0.85,0.93,1
8264,4,0.03,0.07,0.22,0.24,0.38,1
8265,5,0.01,0.04,0.11,0.19,0.33,1
8266,3,0.13,0.22,0.37,0.43,0.57,2
8267,5,0,0.01,0.03,0.11,0.3,1
8268,2,0.09,0.27,0.39,0.56,0.78,2
8269,2,0.21,0.33,0.48,0.62,0.78,1
8270,4,0.01,0.04,0.1,0.27,0.42,1
8271,1,0.33,0.52,0.69,0.82,0.9,1
8272,2,0.17,0.37,0.5,0.71,0.85,1
8273,5,0.01,0.02,0.04,0.11,0.3,1
8274,1,0.34,0.55,0.67,0.79,0.9,1
8275,5,0.02,0.05,0.09,0.15,0.34,1
8276,4,0.01,0.03,0.12,0.28,0.46,1
8277,4,0.04,0.06,0.13,0.31,0.37,1
8278,3,0.03,0.12,0.28,0.48,0.61,1
8279,5,0.02,0.05,0.08,0.14,0.26,3
8280,2,0.14,0.31,0.45,0.62,0.74,1
8281,2,0.11,0.32,0.54,0.76,0.8,1
8282,4,0.03,0.05,0.1,0.27,0.5,1
8283,1,0.29,0.48,0.66,0.8,0.88,1
8284,5,0.01,0.02,0.06,0.14,0.32,1
8285,4,0.03,0.07,0.16,0.34,0.54,1
8286,2,0.14,0.34,0.52,0.63,0.74,1
8287,5,0.01,0.04,0.07,0.16,0.32,2
8288,4,0.03,0.08,0.14,0.28,0.38,1
8289,1,0.37,0.47,0.68,0.76,0.84,1
8290,3,0.11,0.2,0.37,0.56,0.66,1
8291,1,0.26,0.45,0.63,0.71,0.86,1
8292,1,0.31,0.45,0.66,0.79,0.86,1
8293,4,0.03,0.08,0.18,0.27,0.41,1
8294,4,0.03,0.06,0.11,0.23,0.37,1
8295,4,0.01,0.03,0.13,0.27,0.42,1
8296,5,0.01,0.02,0.05,0.15,0.34,1
8297,5,0.02,0.04,0.11,0.14,0.36,1
8298,3,0.02,0.06,0.28,0.4,0.6,1
8299,1,0.32,0.49,0.66,0.69,0.87,1
8300,3,0.06,0.14,0.26,0.39,0.56,1
8301,1,0.26,0.41,0.54,0.76,0.83,1
8302,5,0.01,0.03,0.09,0.17,0.32,1
8303,4,0.03,0.06,0.13,0.31,0.42,1
8304,5,0.01,0.03,0.08,0.16,0.31,1
8305,2,0.12,0.27,0.39,0.49,0.57,1
8306,3,0.07,0.14,0.31,0.54,0.69,2
8307,2,0.13,0.28,0.36,0.58,0.71,2
8308,4,0.08,0.15,0.21,0.33,0.54,1
8309,2,0.19,0.36,0.53,0.63,0.76,1
8310,4,0.04,0.1,0.18,0.31,0.42,1
8311,4,0.06,0.09,0.21,0.26,0.35,1
8312,4,0.02,0.06,0.12,0.25,0.44,1
8313,4,0.01,0.04,0.11,0.28,0.42,1
8314,1,0.25,0.43,0.68,0.81,0.85,1
8315,5,0,0.01,0.06,0.13,0.24,1
8316,5,0.01,0.02,0.04,0.13,0.32,1
8317,1,0.35,0.48,0.66,0.74,0.85,1
8318,1,0.36,0.44,0.54,0.7,0.79,1
8319,5,0.03,0.06,0.1,0.18,0.36,1
8320,2,0.08,0.24,0.41,0.62,0.83,1
8321,3,0.03,0.1,0.28,0.37,0.57,1
8322,3,0.07,0.16,0.34,0.55,0.74,2
8323,5,0.02,0.04,0.07,0.16,0.3,1
8324,4,0.1,0.11,0.19,0.36,0.41,1
8325,5,0.02,0.04,0.07,0.17,0.33,1
8326,1,0.35,0.54,0.69,0.78,0.84,1
8327,4,0.02,0.08,0.17,0.34,0.54,1
8328,4,0.03,0.1,0.16,0.32,0.53,1
8329,2,0.09,0.24,0.4,0.55,0.66,1
8330,3,0.07,0.09,0.29,0.43,0.51,1
8331,3,0.08,0.14,0.26,0.42,0.56,1
8332,2,0.2,0.32,0.41,0.58,0.66,1
8333,2,0.16,0.24,0.38,0.57,0.73,1
8334,3,0.09,0.18,0.27,0.42,0.62,1
8335,5,0.01,0.03,0.08,0.21,0.35,1
8336,1,0.3,0.5,0.67,0.78,0.87,1
8337,2,0.13,0.27,0.41,0.58,0.64,1
8338,2,0.1,0.31,0.45,0.52,0.69,1
8339,2,0.21,0.32,0.48,0.64,0.79,1
8340,5,0.01,0.03,0.07,0.15,0.34,1
8341,3,0.1,0.2,0.34,0.49,0.58,1
8342,1,0.3,0.42,0.62,0.79,0.91,1
8343,2,0.13,0.28,0.43,0.51,0.67,1
8344,1,0.26,0.39,0.5,0.73,0.81,1
8345,5,0.04,0.07,0.15,0.24,0.35,1
8346,2,0.11,0.34,0.5,0.59,0.74,1
8347,4,0.04,0.1,0.2,0.33,0.53,1
8348,3,0.04,0.12,0.29,0.46,0.63,1
8349,2,0.14,0.35,0.55,0.66,0.72,1
8350,1,0.29,0.4,0.6,0.7,0.79,1
8351,4,0.03,0.08,0.17,0.32,0.38,1
8352,2,0.13,0.3,0.41,0.57,0.73,1
8353,2,0.11,0.29,0.51,0.69,0.82,1
8354,1,0.27,0.48,0.64,0.73,0.83,1
8355,2,0.14,0.25,0.46,0.58,0.75,1
8356,1,0.37,0.47,0.61,0.76,0.86,1
8357,5,0.01,0.03,0.08,0.13,0.23,1
8358,1,0.34,0.46,0.51,0.64,0.74,1
8359,3,0.02,0.11,0.27,0.38,0.51,1
8360,1,0.25,0.39,0.63,0.73,0.8,1
8361,3,0.15,0.23,0.33,0.43,0.65,1
8362,2,0.17,0.35,0.49,0.67,0.81,1
8363,1,0.33,0.59,0.7,0.77,0.85,1
8364,3,0.04,0.12,0.28,0.43,0.64,1
8365,3,0.05,0.13,0.29,0.39,0.57,1
8366,4,0.02,0.06,0.12,0.34,0.5,1
8367,5,0.03,0.06,0.15,0.22,0.34,1
8368,5,0.01,0.05,0.07,0.12,0.28,1
8369,2,0.11,0.37,0.51,0.65,0.79,1
8370,3,0.08,0.16,0.28,0.45,0.62,1
8371,1,0.36,0.57,0.69,0.82,0.9,1
8372,5,0.01,0.03,0.07,0.17,0.27,1
8373,2,0.07,0.24,0.43,0.67,0.81,1
8374,2,0.19,0.32,0.51,0.63,0.77,1
8375,3,0.11,0.18,0.28,0.47,0.61,1
8376,4,0.07,0.12,0.16,0.31,0.51,1
8377,3,0.05,0.13,0.28,0.44,0.59,2
8378,4,0.02,0.06,0.14,0.27,0.48,1
8379,4,0.04,0.09,0.15,0.28,0.47,1
8380,3,0.09,0.18,0.3,0.43,0.68,1
8381,4,0.05,0.09,0.16,0.3,0.46,1
8382,3,0.05,0.12,0.27,0.48,0.64,1
8383,2,0.21,0.34,0.51,0.59,0.63,3
8384,2,0.19,0.3,0.45,0.64,0.7,1
8385,4,0.03,0.09,0.15,0.26,0.43,2
8386,3,0.06,0.11,0.26,0.44,0.6,1
8387,5,0.03,0.06,0.13,0.23,0.34,2
8388,3,0.06,0.15,0.37,0.57,0.66,1
8389,2,0.22,0.37,0.52,0.67,0.85,1
8390,5,0.01,0.02,0.05,0.09,0.28,3
8391,1,0.37,0.49,0.62,0.74,0.87,1
8392,2,0.16,0.28,0.43,0.6,0.7,2
8393,5,0.01,0.02,0.05,0.1,0.3,1
8394,2,0.13,0.26,0.41,0.53,0.59,1
8395,3,0.07,0.15,0.35,0.45,0.6,1
8396,2,0.1,0.26,0.38,0.55,0.65,1
8397,2,0.16,0.36,0.59,0.72,0.85,1
8398,4,0.02,0.07,0.19,0.32,0.51,1
8399,3,0.09,0.17,0.35,0.44,0.65,2
8400,1,0.35,0.46,0.59,0.76,0.85,1
8401,4,0.03,0.06,0.14,0.35,0.49,1
8402,5,0,0.01,0.04,0.07,0.24,1
8403,4,0.01,0.03,0.11,0.29,0.5,1
8404,5,0.02,0.03,0.09,0.19,0.35,1
8405,1,0.3,0.36,0.52,0.69,0.81,1
8406,1,0.3,0.43,0.61,0.7,0.85,1
8407,2,0.18,0.31,0.41,0.63,0.76,1
8408,3,0.07,0.22,0.36,0.54,0.74,1
8409,2,0.17,0.33,0.47,0.63,0.8,2
8410,4,0.04,0.09,0.2,0.32,0.48,2
8411,3,0.06,0.11,0.27,0.38,0.51,1
8412,1,0.34,0.5,0.62,0.74,0.85,1
8413,1,0.26,0.38,0.6,0.77,0.88,2
8414,4,0.03,0.05,0.11,0.26,0.37,2
8415,4,0.06,0.12,0.14,0.28,0.48,1
8416,4,0.03,0.09,0.18,0.32,0.58,1
8417,3,0.07,0.18,0.3,0.42,0.64,2
8418,5,0.02,0.05,0.1,0.21,0.34,2
8419,1,0.34,0.51,0.65,0.75,0.87,1
8420,1,0.24,0.38,0.55,0.75,0.84,2
8421,4,0.01,0.04,0.08,0.24,0.42,1
8422,3,0.05,0.11,0.27,0.42,0.59,2
8423,4,0.06,0.16,0.25,0.32,0.52,1
8424,5,0.01,0.02,0.07,0.12,0.3,1
8425,1,0.36,0.44,0.51,0.61,0.77,1
8426,1,0.34,0.56,0.74,0.8,0.89,1
8427,3,0.06,0.11,0.25,0.39,0.55,1
8428,3,0.05,0.11,0.27,0.37,0.56,1
8429,2,0.16,0.34,0.44,0.65,0.8,2
8430,5,0.01,0.02,0.07,0.17,0.31,1
8431,1,0.32,0.51,0.68,0.84,0.9,1
8432,3,0.06,0.14,0.33,0.36,0.6,1
8433,2,0.15,0.23,0.41,0.67,0.83,1
8434,5,0.01,0.03,0.05,0.12,0.23,1
8435,2,0.16,0.31,0.52,0.68,0.78,1
8436,1,0.29,0.42,0.64,0.75,0.88,1
8437,1,0.36,0.63,0.77,0.89,0.92,1
8438,4,0.06,0.11,0.2,0.32,0.47,1
8439,4,0.01,0.03,0.1,0.31,0.41,1
8440,5,0.01,0.02,0.05,0.15,0.23,1
8441,1,0.34,0.59,0.67,0.82,0.9,2
8442,5,0.01,0.02,0.07,0.22,0.27,1
8443,3,0.06,0.14,0.24,0.41,0.51,1
8444,3,0.04,0.07,0.25,0.38,0.6,1
8445,2,0.09,0.26,0.43,0.54,0.72,1
8446,1,0.3,0.53,0.6,0.73,0.78,1
8447,5,0.02,0.04,0.07,0.18,0.34,2
8448,2,0.17,0.3,0.5,0.69,0.8,1
8449,2,0.16,0.33,0.56,0.69,0.81,1
8450,4,0.04,0.11,0.16,0.32,0.45,1
8451,5,0.02,0.04,0.08,0.16,0.34,1
8452,2,0.18,0.37,0.52,0.55,0.7,1
8453,5,0.01,0.03,0.07,0.16,0.27,1
8454,2,0.2,0.29,0.47,0.58,0.69,2
8455,1,0.34,0.56,0.75,0.88,0.94,1
8456,5,0.02,0.04,0.1,0.19,0.37,1
8457,3,0.07,0.16,0.3,0.47,0.6,1
8458,2,0.16,0.33,0.51,0.77,0.84,1
8459,1,0.35,0.46,0.65,0.79,0.88,1
8460,5,0.01,0.03,0.04,0.13,0.33,1
8461,3,0.17,0.22,0.31,0.44,0.61,1
8462,4,0.02,0.06,0.15,0.35,0.52,1
8463,5,0.02,0.06,0.1,0.18,0.3,1
8464,1,0.34,0.55,0.71,0.83,0.87,1
8465,4,0.03,0.06,0.17,0.36,0.57,2
8466,5,0.02,0.04,0.1,0.23,0.27,1
8467,2,0.15,0.37,0.49,0.6,0.66,1
8468,4,0.03,0.11,0.15,0.29,0.41,1
8469,1,0.35,0.42,0.65,0.8,0.89,1
8470,5,0,0.01,0.05,0.1,0.29,1
8471,3,0.03,0.08,0.25,0.42,0.58,1
8472,1,0.37,0.49,0.69,0.8,0.89,2
8473,5,0.01,0.03,0.06,0.14,0.24,1
8474,4,0.03,0.06,0.14,0.36,0.52,1
8475,5,0.02,0.06,0.08,0.2,0.29,1
8476,1,0.25,0.4,0.55,0.71,0.82,1
8477,3,0.06,0.15,0.28,0.39,0.55,1
8478,5,0.02,0.05,0.07,0.14,0.29,1
8479,3,0.06,0.14,0.25,0.47,0.62,1
8480,1,0.31,0.63,0.79,0.82,0.87,1
8481,4,0.04,0.08,0.2,0.37,0.55,2
8482,5,0.01,0.03,0.1,0.25,0.33,1
8483,5,0.01,0.02,0.05,0.14,0.26,1
8484,4,0.02,0.05,0.17,0.27,0.41,1
8485,1,0.32,0.59,0.73,0.82,0.89,1
8486,1,0.26,0.36,0.48,0.66,0.79,1
8487,5,0.02,0.03,0.09,0.18,0.23,1
8488,3,0.11,0.16,0.26,0.46,0.57,1
8489,4,0.02,0.06,0.09,0.32,0.43,1
8490,3,0.07,0.13,0.33,0.56,0.67,1
8491,3,0.07,0.13,0.36,0.51,0.67,1
8492,2,0.13,0.26,0.35,0.49,0.67,1
8493,1,0.31,0.43,0.62,0.81,0.84,1
8494,4,0.01,0.04,0.12,0.28,0.4,1
8495,5,0.02,0.04,0.1,0.17,0.34,1
8496,3,0.09,0.19,0.35,0.46,0.55,1
8497,5,0.01,0.04,0.09,0.15,0.32,1
8498,5,0.02,0.06,0.1,0.19,0.3,1
8499,4,0.01,0.05,0.11,0.23,0.37,1
8500,5,0.04,0.09,0.13,0.22,0.33,1
8501,5,0,0.01,0.02,0.1,0.23,1
8502,1,0.31,0.45,0.66,0.77,0.89,1
8503,5,0,0.01,0.03,0.12,0.23,1
8504,5,0.01,0.03,0.08,0.22,0.34,2
8505,3,0.1,0.16,0.26,0.52,0.68,1
8506,1,0.33,0.54,0.74,0.81,0.87,1
8507,5,0.02,0.04,0.07,0.14,0.25,2
8508,3,0.11,0.14,0.35,0.51,0.59,1
8509,1,0.31,0.47,0.65,0.77,0.86,2
8510,3,0.13,0.21,0.32,0.55,0.75,1
8511,4,0.08,0.14,0.21,0.36,0.51,1
8512,4,0.03,0.08,0.18,0.34,0.5,1
8513,5,0.01,0.04,0.05,0.14,0.27,1
8514,2,0.23,0.33,0.52,0.72,0.87,2
8515,4,0.03,0.08,0.13,0.34,0.44,1
8516,5,0.01,0.02,0.05,0.16,0.31,1
8517,1,0.33,0.55,0.66,0.86,0.91,1
8518,2,0.17,0.32,0.44,0.54,0.65,1
8519,5,0.02,0.04,0.12,0.21,0.3,1
8520,1,0.37,0.48,0.66,0.84,0.89,1
8521,5,0.01,0.04,0.06,0.13,0.26,1
8522,4,0.02,0.05,0.12,0.24,0.43,1
8523,4,0.02,0.05,0.1,0.33,0.48,1
8524,4,0.02,0.03,0.11,0.27,0.45,2
8525,1,0.27,0.41,0.57,0.65,0.78,1
8526,5,0.01,0.05,0.08,0.18,0.29,1
8527,3,0.08,0.18,0.35,0.57,0.69,1
8528,1,0.23,0.37,0.45,0.65,0.73,1
8529,4,0.02,0.05,0.14,0.27,0.49,1
8530,2,0.13,0.28,0.5,0.76,0.82,1
8531,1,0.25,0.35,0.54,0.72,0.82,1
8532,2,0.14,0.23,0.38,0.6,0.67,1
8533,1,0.27,0.52,0.58,0.76,0.85,2
8534,5,0.04,0.06,0.11,0.23,0.28,1
8535,5,0.01,0.05,0.08,0.18,0.34,1
8536,4,0.03,0.06,0.22,0.37,0.59,1
8537,2,0.18,0.31,0.42,0.54,0.72,1
8538,5,0.01,0.02,0.03,0.1,0.23,1
8539,4,0.04,0.15,0.23,0.36,0.54,1
8540,4,0.02,0.04,0.16,0.36,0.48,1
8541,5,0.02,0.03,0.06,0.17,0.37,1
8542,3,0.09,0.18,0.33,0.41,0.59,1
8543,3,0.1,0.23,0.33,0.41,0.5,2
8544,2,0.13,0.27,0.45,0.69,0.75,1
8545,4,0.03,0.07,0.13,0.29,0.49,1
8546,2,0.18,0.33,0.48,0.62,0.73,1
8547,3,0.03,0.12,0.24,0.41,0.63,1
8548,1,0.3,0.49,0.69,0.8,0.88,1
8549,5,0,0.01,0.03,0.12,0.29,1
8550,4,0.03,0.06,0.14,0.28,0.44,1
8551,1,0.32,0.48,0.68,0.8,0.89,1
8552,2,0.12,0.25,0.4,0.6,0.67,1
8553,1,0.37,0.55,0.75,0.88,0.92,1
8554,4,0.02,0.07,0.17,0.3,0.42,1
8555,2,0.13,0.31,0.55,0.72,0.78,1
8556,2,0.14,0.24,0.39,0.44,0.51,2
8557,1,0.24,0.38,0.5,0.68,0.8,1
8558,4,0.05,0.1,0.14,0.27,0.45,1
8559,4,0.03,0.06,0.22,0.34,0.51,1
8560,1,0.3,0.45,0.58,0.73,0.82,1
8561,3,0.06,0.13,0.31,0.44,0.65,1
8562,3,0.03,0.09,0.29,0.47,0.62,1
8563,5,0.01,0.02,0.05,0.13,0.33,1
8564,1,0.36,0.49,0.6,0.75,0.88,1
8565,3,0.07,0.17,0.33,0.41,0.55,1
8566,3,0.11,0.21,0.34,0.51,0.65,1
8567,2,0.11,0.31,0.55,0.74,0.85,1
8568,5,0.01,0.02,0.05,0.11,0.24,1
8569,4,0.05,0.11,0.24,0.34,0.53,1
8570,2,0.12,0.26,0.46,0.67,0.81,1
8571,3,0.05,0.16,0.3,0.5,0.65,1
8572,5,0.01,0.02,0.05,0.11,0.27,1
8573,4,0.05,0.12,0.21,0.32,0.42,2
8574,1,0.31,0.47,0.69,0.73,0.82,1
8575,5,0.02,0.05,0.07,0.16,0.27,1
8576,1,0.33,0.36,0.61,0.72,0.79,1
8577,3,0.06,0.15,0.27,0.47,0.67,1
8578,1,0.27,0.36,0.52,0.63,0.8,1
8579,1,0.3,0.54,0.62,0.8,0.91,1
8580,2,0.19,0.35,0.48,0.58,0.67,1
8581,5,0.01,0.03,0.09,0.15,0.33,1
8582,3,0.09,0.16,0.29,0.47,0.67,2
8583,5,0.01,0.02,0.04,0.11,0.3,1
8584,1,0.27,0.45,0.57,0.67,0.75,1
8585,1,0.23,0.4,0.61,0.7,0.81,1
8586,3,0.07,0.13,0.36,0.52,0.6,1
8587,1,0.36,0.61,0.69,0.75,0.89,1
8588,4,0.03,0.05,0.16,0.29,0.41,1
8589,5,0.01,0.02,0.05,0.1,0.24,2
8590,4,0.01,0.07,0.12,0.33,0.44,1
8591,2,0.18,0.32,0.36,0.44,0.54,2
8592,4,0.03,0.04,0.13,0.27,0.41,4
8593,4,0.04,0.06,0.13,0.34,0.54,1
8594,4,0.02,0.05,0.13,0.25,0.4,1
8595,1,0.27,0.38,0.59,0.62,0.73,1
8596,1,0.31,0.42,0.56,0.69,0.8,1
8597,2,0.15,0.36,0.42,0.6,0.79,1
8598,1,0.28,0.44,0.61,0.73,0.84,1
8599,1,0.35,0.55,0.74,0.83,0.9,1
8600,5,0.03,0.06,0.13,0.21,0.35,1
8601,3,0.11,0.15,0.26,0.41,0.65,1
8602,3,0.06,0.15,0.29,0.38,0.55,1
8603,3,0.07,0.12,0.26,0.46,0.64,1
8604,2,0.18,0.28,0.47,0.62,0.73,1
8605,3,0.04,0.12,0.27,0.34,0.45,2
8606,1,0.37,0.54,0.79,0.87,0.92,1
8607,3,0.05,0.15,0.28,0.42,0.7,1
8608,2,0.22,0.28,0.41,0.52,0.63,1
8609,1,0.26,0.43,0.54,0.67,0.71,1
8610,4,0.07,0.08,0.11,0.32,0.49,1
8611,2,0.22,0.24,0.42,0.58,0.69,2
8612,3,0.08,0.2,0.37,0.57,0.68,1
8613,4,0.02,0.05,0.13,0.3,0.45,1
8614,2,0.21,0.37,0.41,0.63,0.76,1
8615,1,0.25,0.42,0.6,0.78,0.89,2
8616,4,0.03,0.07,0.1,0.25,0.42,1
8617,2,0.1,0.31,0.42,0.6,0.77,1
8618,5,0.01,0.03,0.06,0.11,0.33,1
8619,2,0.13,0.27,0.45,0.61,0.68,4
8620,1,0.24,0.4,0.65,0.79,0.88,1
8621,2,0.09,0.26,0.43,0.57,0.63,1
8622,4,0.02,0.05,0.17,0.34,0.46,1
8623,2,0.13,0.32,0.46,0.65,0.79,1
8624,1,0.25,0.43,0.53,0.71,0.85,1
8625,3,0.1,0.23,0.31,0.42,0.58,1
8626,3,0.08,0.22,0.32,0.45,0.66,2
8627,5,0.02,0.04,0.07,0.14,0.33,1
8628,4,0.04,0.12,0.18,0.33,0.51,2
8629,2,0.22,0.31,0.46,0.52,0.65,2
8630,4,0.06,0.08,0.18,0.37,0.55,1
8631,2,0.09,0.29,0.41,0.64,0.76,1
8632,4,0.02,0.04,0.1,0.25,0.44,1
8633,4,0.02,0.06,0.15,0.32,0.52,2
8634,2,0.22,0.27,0.47,0.7,0.85,2
8635,5,0,0.01,0.02,0.09,0.3,1
8636,5,0.01,0.02,0.04,0.09,0.25,1
8637,2,0.23,0.34,0.46,0.59,0.75,1
8638,1,0.27,0.52,0.7,0.88,0.95,1
8639,1,0.35,0.52,0.62,0.78,0.88,1
8640,3,0.08,0.15,0.31,0.49,0.68,1
8641,3,0.04,0.09,0.34,0.57,0.72,2
8642,5,0.01,0.02,0.06,0.16,0.33,1
8643,5,0.01,0.02,0.08,0.17,0.29,1
8644,1,0.37,0.55,0.64,0.8,0.87,1
8645,2,0.13,0.24,0.38,0.55,0.63,1
8646,3,0.06,0.16,0.37,0.52,0.7,1
8647,3,0.06,0.15,0.3,0.41,0.6,1
8648,1,0.23,0.37,0.5,0.66,0.77,1
8649,2,0.15,0.29,0.47,0.67,0.8,1
8650,4,0.01,0.03,0.09,0.29,0.53,1
8651,5,0.01,0.03,0.08,0.12,0.32,1
8652,1,0.26,0.39,0.55,0.72,0.84,1
8653,5,0,0.01,0.03,0.12,0.33,1
8654,4,0.02,0.06,0.11,0.25,0.39,1
8655,2,0.12,0.25,0.45,0.67,0.85,1
8656,3,0.08,0.21,0.36,0.59,0.7,1
8657,1,0.33,0.39,0.48,0.64,0.83,1
8658,3,0.1,0.14,0.34,0.51,0.7,1
8659,5,0.01,0.02,0.06,0.15,0.25,1
8660,4,0.02,0.06,0.12,0.25,0.41,1
8661,4,0.04,0.09,0.2,0.35,0.47,1
8662,5,0.02,0.04,0.11,0.16,0.35,1
8663,4,0.1,0.17,0.25,0.29,0.39,1
8664,1,0.24,0.38,0.58,0.74,0.84,1
8665,4,0.04,0.08,0.19,0.26,0.39,1
8666,3,0.05,0.11,0.26,0.43,0.65,1
8667,3,0.1,0.16,0.27,0.43,0.52,1
8668,5,0,0.02,0.06,0.13,0.25,1
8669,4,0.02,0.04,0.12,0.27,0.46,1
8670,4,0.04,0.05,0.14,0.27,0.41,1
8671,2,0.23,0.36,0.53,0.76,0.83,1
8672,5,0.01,0.02,0.06,0.11,0.23,1
8673,1,0.35,0.55,0.78,0.81,0.87,1
8674,4,0.02,0.05,0.12,0.27,0.45,1
8675,4,0.03,0.07,0.13,0.31,0.43,1
8676,2,0.18,0.34,0.5,0.7,0.89,1
8677,1,0.29,0.44,0.65,0.72,0.78,1
8678,2,0.17,0.25,0.41,0.64,0.84,1
8679,3,0.07,0.16,0.29,0.44,0.61,1
8680,3,0.06,0.11,0.31,0.37,0.45,1
8681,3,0.07,0.14,0.35,0.52,0.68,1
8682,4,0.01,0.04,0.12,0.34,0.46,1
8683,5,0.01,0.02,0.05,0.11,0.26,1
8684,4,0.01,0.04,0.12,0.27,0.49,1
8685,1,0.34,0.55,0.75,0.84,0.91,2
8686,4,0.05,0.06,0.14,0.28,0.38,1
8687,5,0.01,0.03,0.07,0.19,0.37,1
8688,3,0.05,0.12,0.25,0.39,0.58,2
8689,5,0.01,0.03,0.07,0.12,0.35,1
8690,1,0.27,0.44,0.59,0.76,0.83,1
8691,5,0.02,0.04,0.07,0.19,0.25,2
8692,3,0.08,0.24,0.34,0.42,0.57,1
8693,4,0.08,0.1,0.21,0.35,0.48,1
8694,2,0.11,0.24,0.43,0.61,0.71,1
8695,5,0.01,0.02,0.06,0.13,0.31,1
8696,2,0.12,0.26,0.47,0.69,0.83,1
8697,1,0.23,0.4,0.64,0.71,0.85,1
8698,3,0.11,0.2,0.29,0.46,0.68,1
8699,1,0.35,0.48,0.64,0.75,0.82,1
8700,2,0.17,0.31,0.41,0.54,0.68,1
8701,2,0.09,0.26,0.37,0.42,0.58,1
8702,5,0.02,0.05,0.1,0.22,0.33,2
8703,4,0.01,0.06,0.16,0.37,0.54,1
8704,2,0.16,0.36,0.51,0.56,0.73,1
8705,3,0.13,0.18,0.37,0.48,0.65,1
8706,4,0.03,0.04,0.13,0.25,0.41,2
8707,5,0.01,0.02,0.06,0.13,0.36,2
8708,5,0.02,0.03,0.05,0.11,0.27,1
8709,2,0.12,0.37,0.59,0.77,0.89,1
8710,2,0.14,0.29,0.46,0.54,0.67,1
8711,3,0.07,0.14,0.25,0.4,0.59,2
8712,4,0.04,0.08,0.12,0.28,0.34,1
8713,4,0.05,0.1,0.18,0.34,0.54,1
8714,5,0.01,0.03,0.07,0.13,0.32,1
8715,5,0.01,0.05,0.07,0.18,0.34,1
8716,4,0.02,0.06,0.15,0.33,0.45,1
8717,1,0.29,0.38,0.48,0.54,0.67,1
8718,4,0.02,0.04,0.12,0.37,0.52,1
8719,5,0.01,0.03,0.07,0.14,0.27,1
8720,4,0.03,0.08,0.18,0.33,0.51,1
8721,3,0.08,0.11,0.31,0.46,0.5,1
8722,4,0.03,0.11,0.16,0.31,0.44,2
8723,2,0.07,0.27,0.42,0.7,0.85,1
8724,1,0.27,0.43,0.55,0.72,0.82,1
8725,2,0.15,0.32,0.45,0.48,0.67,1
8726,1,0.3,0.45,0.59,0.75,0.8,1
8727,3,0.07,0.14,0.28,0.39,0.6,1
8728,2,0.16,0.26,0.43,0.56,0.64,1
8729,4,0.05,0.09,0.19,0.37,0.52,1
8730,2,0.14,0.3,0.41,0.62,0.74,1
8731,3,0.08,0.17,0.33,0.47,0.55,1
8732,1,0.23,0.42,0.53,0.66,0.8,1
8733,4,0.02,0.06,0.15,0.34,0.51,1
8734,3,0.09,0.2,0.31,0.46,0.62,1
8735,4,0.07,0.11,0.18,0.32,0.44,1
8736,4,0.02,0.04,0.12,0.25,0.38,1
8737,1,0.29,0.54,0.68,0.8,0.87,1
8738,5,0.01,0.03,0.06,0.15,0.31,1
8739,2,0.09,0.23,0.38,0.58,0.74,1
8740,3,0.04,0.1,0.25,0.45,0.63,1
8741,2,0.11,0.32,0.49,0.63,0.8,1
8742,4,0.02,0.05,0.12,0.25,0.38,1
8743,1,0.24,0.37,0.52,0.71,0.84,1
8744,2,0.13,0.26,0.41,0.49,0.54,1
8745,5,0.04,0.1,0.17,0.19,0.26,2
8746,4,0.02,0.05,0.11,0.29,0.49,1
8747,2,0.15,0.34,0.47,0.62,0.85,1
8748,5,0.01,0.03,0.05,0.17,0.23,1
8749,3,0.1,0.18,0.32,0.46,0.68,1
8750,4,0.04,0.07,0.14,0.33,0.45,1
8751,5,0.01,0.02,0.04,0.1,0.25,1
8752,3,0.07,0.17,0.24,0.44,0.52,1
8753,2,0.16,0.28,0.51,0.73,0.77,1
8754,5,0.01,0.03,0.08,0.2,0.31,1
8755,4,0.04,0.1,0.14,0.31,0.45,2
8756,4,0.02,0.07,0.15,0.35,0.48,1
8757,5,0,0.01,0.02,0.07,0.24,2
8758,5,0.01,0.02,0.06,0.18,0.31,1
8759,2,0.13,0.31,0.53,0.66,0.72,1
8760,3,0.11,0.19,0.35,0.57,0.7,2
8761,2,0.19,0.37,0.58,0.7,0.85,1
8762,2,0.15,0.3,0.5,0.68,0.72,1
8763,2,0.21,0.35,0.46,0.6,0.75,3
8764,5,0.02,0.05,0.11,0.2,0.29,1
8765,1,0.28,0.4,0.51,0.7,0.81,1
8766,2,0.1,0.26,0.43,0.58,0.72,1
8767,1,0.37,0.53,0.68,0.82,0.89,1
8768,1,0.34,0.56,0.74,0.84,0.93,1
8769,1,0.31,0.5,0.66,0.76,0.84,1
8770,2,0.1,0.26,0.5,0.68,0.84,1
8771,2,0.19,0.37,0.45,0.59,0.71,1
8772,1,0.32,0.47,0.67,0.79,0.88,1
8773,5,0.01,0.02,0.08,0.15,0.29,1
8774,3,0.08,0.19,0.34,0.55,0.74,1
8775,5,0.02,0.04,0.11,0.17,0.3,1
8776,1,0.3,0.52,0.65,0.77,0.83,1
8777,1,0.25,0.5,0.73,0.81,0.9,1
8778,3,0.07,0.12,0.26,0.48,0.64,1
8779,2,0.11,0.24,0.44,0.6,0.75,1
8780,3,0.08,0.19,0.37,0.45,0.69,1
8781,5,0.01,0.03,0.08,0.1,0.27,2
8782,5,0.02,0.05,0.09,0.13,0.24,1
8783,1,0.32,0.45,0.63,0.82,0.91,1
8784,4,0.04,0.08,0.15,0.35,0.51,1
8785,2,0.23,0.33,0.49,0.65,0.81,1
8786,1,0.3,0.42,0.57,0.75,0.86,3
8787,2,0.1,0.29,0.41,0.52,0.6,1
8788,2,0.18,0.37,0.52,0.77,0.86,1
8789,1,0.26,0.44,0.65,0.8,0.87,1
8790,3,0.14,0.22,0.32,0.48,0.66,1
8791,5,0.01,0.02,0.04,0.14,0.34,1
8792,3,0.04,0.08,0.24,0.43,0.58,1
8793,1,0.35,0.55,0.57,0.68,0.8,1
8794,3,0.05,0.16,0.28,0.44,0.61,1
8795,2,0.1,0.34,0.43,0.56,0.71,1
8796,1,0.3,0.54,0.66,0.8,0.89,1
8797,5,0.02,0.03,0.06,0.11,0.29,2
8798,5,0.01,0.03,0.05,0.11,0.35,1
8799,1,0.28,0.47,0.6,0.75,0.85,1
8800,5,0.01,0.03,0.07,0.16,0.37,1
8801,1,0.37,0.38,0.52,0.73,0.81,1
8802,3,0.11,0.23,0.34,0.45,0.57,1
8803,1,0.34,0.41,0.52,0.56,0.69,1
8804,2,0.12,0.23,0.38,0.45,0.55,1
8805,2,0.17,0.31,0.47,0.55,0.65,1
8806,5,0.03,0.11,0.22,0.24,0.32,1
8807,3,0.05,0.13,0.3,0.4,0.53,1
8808,5,0.05,0.09,0.12,0.21,0.28,1
8809,1,0.34,0.53,0.71,0.79,0.86,1
8810,5,0.02,0.05,0.08,0.18,0.27,1
8811,5,0.02,0.04,0.06,0.08,0.25,1
8812,5,0.02,0.04,0.06,0.18,0.27,1
8813,3,0.1,0.19,0.27,0.41,0.5,1
8814,3,0.08,0.17,0.31,0.54,0.72,1
8815,4,0.01,0.02,0.13,0.24,0.42,1
8816,5,0.01,0.02,0.03,0.09,0.26,1
8817,3,0.07,0.16,0.3,0.42,0.59,1
8818,4,0.02,0.06,0.14,0.29,0.49,1
8819,3,0.05,0.15,0.31,0.38,0.52,1
8820,2,0.15,0.37,0.48,0.65,0.75,1
8821,4,0.02,0.04,0.09,0.27,0.41,1
8822,2,0.18,0.35,0.47,0.59,0.72,1
8823,5,0.01,0.02,0.04,0.13,0.27,1
8824,5,0.01,0.02,0.06,0.1,0.26,2
8825,3,0.06,0.14,0.31,0.37,0.53,1
8826,3,0.04,0.11,0.29,0.41,0.56,1
8827,1,0.37,0.56,0.7,0.78,0.83,1
8828,3,0.11,0.16,0.3,0.47,0.62,1
8829,5,0.01,0.02,0.05,0.14,0.32,1
8830,2,0.13,0.36,0.56,0.7,0.81,1
8831,1,0.35,0.53,0.77,0.87,0.93,1
8832,2,0.11,0.29,0.44,0.51,0.66,1
8833,2,0.19,0.36,0.61,0.75,0.86,2
8834,1,0.3,0.47,0.65,0.78,0.89,1
8835,5,0.01,0.02,0.05,0.11,0.25,1
8836,3,0.08,0.17,0.31,0.49,0.67,1
8837,1,0.24,0.38,0.54,0.73,0.85,1
8838,2,0.22,0.36,0.56,0.65,0.78,1
8839,4,0.03,0.05,0.19,0.35,0.49,1
8840,4,0.04,0.08,0.18,0.29,0.36,1
8841,3,0.1,0.24,0.34,0.43,0.62,1
8842,3,0.08,0.16,0.33,0.51,0.62,2
8843,1,0.32,0.48,0.58,0.76,0.9,1
8844,1,0.24,0.45,0.63,0.78,0.91,1
8845,1,0.31,0.45,0.59,0.77,0.84,1
8846,1,0.23,0.46,0.65,0.73,0.76,1
8847,5,0,0.02,0.04,0.1,0.31,1
8848,1,0.36,0.54,0.63,0.75,0.84,1
8849,1,0.23,0.41,0.5,0.64,0.82,1
8850,4,0.01,0.04,0.1,0.3,0.37,1
8851,2,0.1,0.27,0.4,0.55,0.71,1
8852,5,0,0.01,0.04,0.11,0.32,1
8853,1,0.36,0.47,0.64,0.82,0.91,1
8854,2,0.09,0.23,0.43,0.55,0.7,1
8855,2,0.21,0.27,0.43,0.6,0.8,1
8856,2,0.22,0.34,0.43,0.62,0.75,1
8857,3,0.08,0.12,0.29,0.49,0.7,1
8858,1,0.33,0.38,0.57,0.68,0.88,1
8859,2,0.22,0.3,0.38,0.55,0.76,1
8860,2,0.22,0.31,0.41,0.58,0.74,1
8861,2,0.15,0.36,0.54,0.68,0.82,1
8862,4,0.04,0.1,0.21,0.3,0.38,1
8863,2,0.18,0.3,0.49,0.71,0.79,1
8864,2,0.13,0.24,0.37,0.5,0.65,1
8865,2,0.11,0.3,0.41,0.55,0.73,1
8866,3,0.12,0.18,0.32,0.5,0.69,1
8867,2,0.14,0.36,0.51,0.6,0.71,2
8868,4,0.04,0.13,0.18,0.36,0.52,3
8869,5,0.01,0.03,0.07,0.18,0.35,1
8870,1,0.36,0.51,0.7,0.78,0.89,1
8871,2,0.15,0.26,0.37,0.43,0.54,1
8872,1,0.37,0.52,0.64,0.71,0.81,1
8873,4,0.03,0.09,0.11,0.26,0.42,1
8874,2,0.13,0.27,0.47,0.61,0.67,1
8875,2,0.1,0.32,0.44,0.59,0.61,1
8876,5,0,0.01,0.05,0.08,0.24,1
8877,2,0.19,0.37,0.5,0.66,0.79,1
8878,3,0.03,0.14,0.3,0.49,0.64,1
8879,3,0.05,0.11,0.28,0.47,0.63,1
8880,3,0.08,0.17,0.36,0.58,0.75,1
8881,2,0.09,0.28,0.44,0.56,0.75,1
8882,3,0.07,0.19,0.33,0.56,0.66,1
8883,5,0.02,0.03,0.06,0.13,0.31,1
8884,4,0.01,0.05,0.14,0.36,0.52,1
8885,4,0.04,0.08,0.23,0.32,0.51,1
8886,3,0.1,0.15,0.35,0.58,0.72,1
8887,4,0.03,0.08,0.16,0.34,0.47,1
8888,2,0.12,0.25,0.38,0.48,0.55,1
8889,1,0.36,0.49,0.66,0.74,0.8,1
8890,4,0.04,0.08,0.2,0.34,0.48,1
8891,5,0.01,0.03,0.08,0.17,0.31,1
8892,2,0.17,0.33,0.45,0.65,0.82,1
8893,3,0.04,0.16,0.34,0.45,0.65,1
8894,2,0.11,0.31,0.45,0.63,0.8,1
8895,1,0.36,0.49,0.57,0.75,0.81,1
8896,3,0.1,0.2,0.34,0.49,0.69,2
8897,3,0.03,0.1,0.24,0.38,0.4,1
8898,4,0.02,0.06,0.13,0.32,0.38,1
8899,2,0.13,0.31,0.42,0.46,0.62,1
8900,3,0.04,0.11,0.25,0.38,0.49,1
8901,4,0.01,0.05,0.12,0.26,0.42,1
8902,3,0.09,0.17,0.35,0.53,0.64,1
8903,5,0.05,0.09,0.16,0.24,0.27,1
8904,5,0.03,0.07,0.14,0.2,0.33,1
8905,4,0.02,0.05,0.15,0.33,0.52,1
8906,4,0.05,0.08,0.18,0.37,0.49,1
8907,2,0.16,0.36,0.52,0.74,0.87,1
8908,1,0.27,0.37,0.45,0.61,0.77,1
8909,1,0.28,0.44,0.65,0.77,0.91,1
8910,2,0.21,0.36,0.56,0.7,0.85,1
8911,2,0.14,0.23,0.39,0.6,0.68,2
8912,4,0.03,0.11,0.16,0.37,0.57,1
8913,5,0,0.02,0.04,0.13,0.3,1
8914,5,0.02,0.03,0.1,0.22,0.37,2
8915,2,0.19,0.36,0.42,0.51,0.57,1
8916,5,0.01,0.03,0.09,0.2,0.33,1
8917,2,0.1,0.23,0.41,0.58,0.74,1
8918,2,0.13,0.27,0.39,0.51,0.7,1
8919,3,0.07,0.17,0.32,0.5,0.57,1
8920,5,0.02,0.04,0.08,0.15,0.25,1
8921,4,0.02,0.04,0.12,0.35,0.56,1
8922,2,0.12,0.25,0.47,0.64,0.78,1
8923,1,0.32,0.4,0.64,0.75,0.8,1
8924,4,0.02,0.07,0.13,0.27,0.47,1
8925,1,0.27,0.41,0.5,0.6,0.78,1
8926,2,0.12,0.27,0.49,0.66,0.74,1
8927,5,0.02,0.03,0.08,0.1,0.27,1
8928,2,0.15,0.34,0.45,0.52,0.6,1
8929,5,0.01,0.04,0.11,0.23,0.34,1
8930,5,0.02,0.04,0.1,0.24,0.35,1
8931,2,0.17,0.36,0.47,0.68,0.81,1
8932,4,0.07,0.15,0.18,0.35,0.51,1
8933,3,0.1,0.16,0.33,0.51,0.63,1
8934,2,0.16,0.27,0.4,0.56,0.72,2
8935,3,0.08,0.15,0.37,0.6,0.75,1
8936,3,0.06,0.15,0.3,0.48,0.64,1
8937,1,0.37,0.6,0.69,0.79,0.85,1
8938,1,0.29,0.4,0.54,0.72,0.83,1
8939,5,0.01,0.02,0.06,0.13,0.27,1
8940,5,0.01,0.02,0.03,0.11,0.26,1
8941,2,0.13,0.28,0.42,0.58,0.68,1
8942,4,0.02,0.07,0.15,0.27,0.45,1
8943,4,0.01,0.04,0.09,0.26,0.42,1
8944,3,0.06,0.12,0.29,0.38,0.57,1
8945,2,0.13,0.27,0.44,0.57,0.67,1
8946,1,0.35,0.5,0.66,0.81,0.89,1
8947,3,0.07,0.12,0.25,0.45,0.6,1
8948,3,0.12,0.16,0.3,0.33,0.44,1
8949,1,0.35,0.56,0.68,0.79,0.85,1
8950,2,0.05,0.23,0.4,0.63,0.83,1
8951,4,0.02,0.03,0.09,0.24,0.41,3
8952,3,0.1,0.15,0.25,0.37,0.52,1
8953,3,0.05,0.14,0.25,0.41,0.57,1
8954,5,0.01,0.03,0.08,0.14,0.24,2
8955,2,0.23,0.32,0.58,0.75,0.88,2
8956,2,0.14,0.33,0.53,0.65,0.82,1
8957,3,0.14,0.21,0.36,0.52,0.66,1
8958,1,0.36,0.54,0.75,0.83,0.87,1
8959,5,0.02,0.05,0.06,0.16,0.28,1
8960,2,0.19,0.36,0.56,0.72,0.89,1
8961,5,0.01,0.02,0.08,0.21,0.36,1
8962,3,0.09,0.15,0.29,0.48,0.57,1
8963,1,0.29,0.45,0.65,0.81,0.84,1
8964,1,0.26,0.43,0.6,0.69,0.76,1
8965,1,0.3,0.39,0.52,0.66,0.78,1
8966,1,0.35,0.48,0.71,0.82,0.89,1
8967,3,0.16,0.27,0.32,0.41,0.5,1
8968,5,0.02,0.06,0.14,0.22,0.34,1
8969,1,0.31,0.49,0.65,0.82,0.89,1
8970,4,0.03,0.07,0.15,0.26,0.36,1
8971,3,0.08,0.23,0.33,0.48,0.58,1
8972,2,0.19,0.29,0.39,0.63,0.75,1
8973,2,0.16,0.31,0.51,0.67,0.78,1
8974,2,0.21,0.37,0.58,0.72,0.87,1
8975,2,0.13,0.26,0.42,0.55,0.68,2
8976,2,0.11,0.25,0.44,0.57,0.73,1
8977,4,0.05,0.07,0.18,0.3,0.43,1
8978,2,0.16,0.29,0.43,0.67,0.83,1
8979,5,0.01,0.03,0.07,0.19,0.35,1
8980,3,0.04,0.13,0.32,0.44,0.62,1
8981,2,0.08,0.24,0.42,0.6,0.78,1
8982,1,0.31,0.47,0.67,0.77,0.78,1
8983,5,0.03,0.07,0.15,0.18,0.28,2
8984,4,0.03,0.09,0.19,0.36,0.58,1
8985,5,0.01,0.04,0.08,0.21,0.36,3
8986,4,0.02,0.04,0.08,0.3,0.36,1
8987,1,0.28,0.42,0.55,0.76,0.83,1
8988,2,0.17,0.32,0.38,0.67,0.8,1
8989,2,0.13,0.36,0.54,0.65,0.76,1
8990,2,0.14,0.26,0.43,0.53,0.74,1
8991,2,0.1,0.33,0.56,0.68,0.82,1
8992,2,0.12,0.25,0.36,0.53,0.64,1
8993,5,0.01,0.03,0.05,0.08,0.26,1
8994,3,0.07,0.12,0.36,0.53,0.67,1
8995,5,0.02,0.04,0.1,0.2,0.37,1
8996,4,0.04,0.09,0.21,0.37,0.55,1
8997,2,0.18,0.31,0.55,0.65,0.73,1
8998,2,0.1,0.26,0.34,0.51,0.58,1
8999,4,0.02,0.05,0.11,0.26,0.4,1
9000,5,0.02,0.04,0.08,0.19,0.36,1
9001,2,0.13,0.27,0.47,0.71,0.8,1
9002,4,0.05,0.13,0.23,0.31,0.48,1
9003,1,0.36,0.52,0.6,0.78,0.89,1
9004,1,0.3,0.51,0.6,0.76,0.89,1
9005,5,0,0.01,0.04,0.15,0.37,1
9006,5,0.01,0.02,0.08,0.17,0.34,1
9007,2,0.24,0.34,0.52,0.68,0.79,1
9008,3,0.08,0.14,0.25,0.38,0.63,1
9009,3,0.04,0.11,0.28,0.36,0.55,1
9010,5,0.01,0.03,0.1,0.23,0.36,1
9011,1,0.37,0.52,0.67,0.78,0.85,1
9012,5,0.02,0.06,0.09,0.16,0.24,1
9013,4,0.01,0.05,0.11,0.31,0.48,2
9014,1,0.35,0.48,0.59,0.75,0.79,1
9015,1,0.25,0.41,0.48,0.56,0.76,1
9016,2,0.15,0.29,0.45,0.54,0.67,1
9017,2,0.12,0.28,0.46,0.63,0.78,1
9018,4,0.05,0.07,0.17,0.36,0.53,1
9019,3,0.08,0.18,0.3,0.48,0.68,1
9020,1,0.29,0.5,0.65,0.76,0.87,1
9021,4,0.04,0.14,0.24,0.34,0.57,2
9022,5,0.01,0.03,0.06,0.13,0.28,1
9023,2,0.2,0.37,0.58,0.69,0.81,1
9024,4,0.03,0.06,0.15,0.23,0.37,2
9025,3,0.08,0.12,0.25,0.38,0.58,1
9026,4,0.01,0.03,0.13,0.29,0.42,1
9027,2,0.13,0.34,0.48,0.57,0.67,1
9028,2,0.11,0.26,0.39,0.61,0.8,1
9029,3,0.07,0.14,0.3,0.35,0.62,1
9030,5,0.01,0.03,0.06,0.16,0.29,1
9031,4,0.06,0.13,0.21,0.34,0.57,1
9032,2,0.17,0.35,0.53,0.73,0.83,1
9033,5,0.01,0.02,0.06,0.14,0.3,1
9034,5,0.01,0.03,0.05,0.14,0.32,1
9035,4,0.04,0.09,0.19,0.35,0.55,1
9036,4,0.03,0.06,0.14,0.29,0.46,1
9037,2,0.2,0.36,0.57,0.72,0.89,1
9038,2,0.11,0.26,0.35,0.47,0.61,1
9039,1,0.37,0.52,0.63,0.7,0.83,1
9040,3,0.08,0.18,0.36,0.6,0.75,1
9041,1,0.36,0.62,0.81,0.85,0.91,1
9042,5,0.02,0.04,0.08,0.22,0.36,1
9043,4,0.02,0.06,0.16,0.28,0.46,1
9044,4,0.04,0.07,0.13,0.32,0.38,1
9045,2,0.13,0.26,0.36,0.48,0.6,1
9046,5,0.03,0.05,0.17,0.18,0.32,1
9047,5,0.01,0.02,0.04,0.11,0.29,1
9048,1,0.23,0.47,0.65,0.67,0.76,1
9049,5,0.01,0.02,0.05,0.18,0.37,1
9050,2,0.22,0.36,0.39,0.64,0.76,1
9051,4,0.04,0.08,0.12,0.25,0.35,1
9052,3,0.05,0.13,0.24,0.39,0.45,2
9053,1,0.32,0.49,0.64,0.83,0.93,1
9054,2,0.15,0.34,0.48,0.56,0.7,1
9055,3,0.09,0.15,0.31,0.41,0.6,2
9056,3,0.12,0.22,0.26,0.39,0.52,1
9057,3,0.12,0.25,0.32,0.43,0.52,1
9058,5,0.01,0.03,0.08,0.19,0.35,1
9059,2,0.07,0.23,0.38,0.49,0.66,1
9060,3,0.06,0.15,0.34,0.47,0.69,1
9061,2,0.11,0.28,0.33,0.52,0.62,1
9062,3,0.08,0.15,0.35,0.54,0.67,1
9063,5,0.02,0.04,0.08,0.16,0.32,1
9064,2,0.14,0.36,0.49,0.54,0.72,2
9065,3,0.04,0.14,0.29,0.35,0.57,2
9066,1,0.35,0.48,0.64,0.77,0.86,1
9067,2,0.13,0.27,0.55,0.68,0.8,1
9068,5,0,0.01,0.03,0.11,0.32,1
9069,1,0.24,0.39,0.57,0.69,0.84,1
9070,1,0.25,0.43,0.6,0.71,0.85,1
9071,5,0.01,0.04,0.07,0.14,0.32,1
9072,2,0.1,0.26,0.39,0.49,0.6,1
9073,5,0,0.01,0.02,0.09,0.24,1
9074,2,0.13,0.24,0.41,0.53,0.72,1
9075,4,0.03,0.11,0.22,0.31,0.45,1
9076,5,0.06,0.12,0.18,0.19,0.24,1
9077,3,0.11,0.18,0.32,0.39,0.6,2
9078,3,0.07,0.18,0.34,0.49,0.61,1
9079,5,0.01,0.03,0.06,0.15,0.28,1
9080,4,0.04,0.09,0.2,0.32,0.51,1
9081,5,0.02,0.03,0.08,0.19,0.35,1
9082,1,0.36,0.57,0.65,0.75,0.87,1
9083,1,0.25,0.37,0.5,0.63,0.77,1
9084,3,0.08,0.17,0.31,0.41,0.56,1
9085,4,0.03,0.08,0.19,0.36,0.53,1
9086,4,0.02,0.08,0.18,0.36,0.56,1
9087,1,0.26,0.4,0.56,0.73,0.83,1
9088,5,0.02,0.04,0.07,0.18,0.33,1
9089,3,0.18,0.19,0.36,0.45,0.62,1
9090,5,0.01,0.04,0.09,0.16,0.37,1
9091,5,0.01,0.02,0.06,0.19,0.33,1
9092,5,0.02,0.05,0.07,0.14,0.32,1
9093,1,0.26,0.51,0.67,0.77,0.84,1
9094,3,0.04,0.11,0.32,0.56,0.75,1
9095,1,0.32,0.46,0.66,0.78,0.9,1
9096,4,0.05,0.12,0.23,0.36,0.57,1
9097,4,0.03,0.06,0.15,0.37,0.49,1
9098,1,0.26,0.42,0.58,0.74,0.81,1
9099,5,0.01,0.03,0.05,0.16,0.36,1
9100,1,0.27,0.41,0.66,0.76,0.83,1
9101,4,0.03,0.07,0.23,0.36,0.59,2
9102,1,0.37,0.44,0.56,0.7,0.81,1
9103,4,0.02,0.06,0.12,0.29,0.48,1
9104,5,0.01,0.03,0.07,0.17,0.28,1
9105,5,0.01,0.04,0.09,0.15,0.32,1
9106,4,0.01,0.07,0.13,0.26,0.43,2
9107,3,0.03,0.1,0.3,0.54,0.72,1
9108,4,0.03,0.09,0.15,0.33,0.56,1
9109,1,0.37,0.56,0.68,0.79,0.82,2
9110,4,0.03,0.08,0.16,0.31,0.5,1
9111,4,0.01,0.04,0.1,0.27,0.52,1
9112,4,0.02,0.04,0.09,0.23,0.4,1
9113,3,0.09,0.13,0.3,0.37,0.6,1
9114,5,0.01,0.02,0.06,0.15,0.29,1
9115,5,0.02,0.04,0.1,0.15,0.37,1
9116,1,0.26,0.57,0.74,0.84,0.92,1
9117,2,0.11,0.29,0.36,0.59,0.72,1
9118,5,0.01,0.03,0.05,0.14,0.27,1
9119,2,0.09,0.31,0.51,0.72,0.87,1
9120,1,0.24,0.37,0.52,0.66,0.79,1
9121,1,0.32,0.46,0.68,0.88,0.93,1
9122,3,0.06,0.1,0.27,0.33,0.42,1
9123,1,0.29,0.37,0.53,0.68,0.77,1
9124,4,0.02,0.04,0.09,0.25,0.4,1
9125,3,0.03,0.12,0.24,0.4,0.63,1
9126,4,0.02,0.09,0.18,0.28,0.4,3
9127,4,0.03,0.07,0.15,0.37,0.52,1
9128,3,0.08,0.16,0.37,0.52,0.62,1
9129,3,0.07,0.2,0.31,0.51,0.69,1
9130,4,0.03,0.07,0.13,0.32,0.46,1
9131,5,0.01,0.02,0.04,0.11,0.24,1
9132,4,0.04,0.1,0.18,0.3,0.49,1
9133,2,0.12,0.31,0.43,0.59,0.74,1
9134,4,0.09,0.11,0.17,0.3,0.46,1
9135,3,0.13,0.23,0.34,0.5,0.58,1
9136,4,0.06,0.09,0.23,0.34,0.43,1
9137,4,0.03,0.11,0.21,0.31,0.47,1
9138,5,0.02,0.03,0.05,0.15,0.35,1
9139,1,0.36,0.59,0.78,0.89,0.94,1
9140,4,0.02,0.06,0.15,0.23,0.37,1
9141,5,0.01,0.02,0.06,0.16,0.3,1
9142,2,0.2,0.37,0.54,0.67,0.81,1
9143,3,0.1,0.2,0.36,0.52,0.67,1
9144,3,0.03,0.11,0.29,0.47,0.57,2
9145,3,0.06,0.13,0.31,0.4,0.49,1
9146,2,0.14,0.33,0.61,0.64,0.8,1
9147,4,0.04,0.08,0.21,0.33,0.49,1
9148,1,0.29,0.46,0.59,0.81,0.92,1
9149,4,0.03,0.05,0.09,0.29,0.47,1
9150,5,0,0.02,0.05,0.12,0.29,1
9151,1,0.26,0.47,0.64,0.78,0.87,1
9152,1,0.34,0.61,0.83,0.88,0.94,1
9153,3,0.03,0.09,0.28,0.43,0.58,1
9154,2,0.1,0.28,0.42,0.6,0.76,1
9155,5,0,0.02,0.06,0.17,0.3,1
9156,4,0.02,0.06,0.13,0.28,0.46,1
9157,3,0.13,0.19,0.26,0.49,0.66,2
9158,3,0.06,0.19,0.36,0.45,0.54,1
9159,5,0.05,0.1,0.17,0.22,0.37,1
9160,1,0.28,0.53,0.69,0.79,0.9,1
9161,3,0.06,0.16,0.37,0.49,0.72,2
9162,1,0.23,0.39,0.54,0.67,0.78,1
9163,3,0.1,0.16,0.27,0.37,0.55,2
9164,5,0.02,0.05,0.08,0.25,0.31,1
9165,2,0.16,0.3,0.43,0.6,0.72,2
9166,1,0.27,0.37,0.5,0.64,0.75,1
9167,1,0.35,0.54,0.8,0.89,0.95,1
9168,3,0.05,0.09,0.27,0.43,0.56,1
9169,4,0.03,0.09,0.13,0.27,0.35,1
9170,3,0.04,0.09,0.27,0.45,0.58,1
9171,1,0.25,0.37,0.53,0.66,0.8,1
9172,1,0.27,0.44,0.54,0.69,0.83,1
9173,3,0.03,0.09,0.28,0.41,0.59,1
9174,1,0.35,0.5,0.67,0.81,0.89,1
9175,4,0.03,0.09,0.13,0.32,0.56,1
9176,3,0.08,0.16,0.28,0.41,0.53,1
9177,3,0.04,0.11,0.28,0.46,0.54,1
9178,4,0.04,0.06,0.15,0.27,0.4,1
9179,5,0.01,0.02,0.06,0.13,0.25,1
9180,2,0.16,0.29,0.38,0.5,0.68,1
9181,5,0.01,0.02,0.05,0.14,0.3,1
9182,5,0.01,0.03,0.06,0.15,0.34,2
9183,4,0.04,0.11,0.13,0.29,0.5,1
9184,2,0.1,0.35,0.49,0.67,0.78,1
9185,5,0.02,0.04,0.1,0.14,0.24,1
9186,2,0.17,0.27,0.33,0.4,0.57,1
9187,3,0.06,0.17,0.28,0.48,0.65,1
9188,4,0.03,0.1,0.16,0.32,0.36,2
9189,4,0.04,0.09,0.15,0.28,0.42,1
9190,5,0.02,0.06,0.08,0.15,0.34,1
9191,1,0.34,0.59,0.79,0.82,0.85,1
9192,1,0.23,0.38,0.6,0.75,0.86,1
9193,5,0.01,0.04,0.08,0.2,0.37,1
9194,3,0.08,0.16,0.31,0.39,0.57,1
9195,4,0.02,0.07,0.14,0.34,0.55,1
9196,4,0.09,0.13,0.21,0.32,0.39,1
9197,5,0,0.02,0.03,0.14,0.27,1
9198,5,0.01,0.02,0.04,0.14,0.28,1
9199,3,0.09,0.14,0.23,0.39,0.62,1
9200,1,0.24,0.4,0.56,0.63,0.71,1
9201,5,0.05,0.08,0.11,0.21,0.37,1
9202,1,0.37,0.5,0.64,0.79,0.83,2
9203,4,0.02,0.05,0.11,0.25,0.41,1
9204,2,0.16,0.27,0.43,0.71,0.84,1
9205,3,0.09,0.23,0.26,0.5,0.66,2
9206,1,0.27,0.41,0.54,0.64,0.78,1
9207,1,0.25,0.37,0.52,0.74,0.78,1
9208,2,0.17,0.23,0.38,0.54,0.67,1
9209,2,0.12,0.23,0.39,0.47,0.67,1
9210,5,0.01,0.03,0.09,0.2,0.37,1
9211,1,0.23,0.4,0.63,0.78,0.85,1
9212,2,0.17,0.28,0.44,0.59,0.75,1
9213,2,0.21,0.3,0.34,0.54,0.69,1
9214,5,0.01,0.03,0.08,0.16,0.35,1
9215,2,0.11,0.24,0.43,0.6,0.75,1
9216,5,0.01,0.02,0.08,0.18,0.29,1
9217,3,0.04,0.13,0.25,0.46,0.6,1
9218,4,0.03,0.09,0.21,0.36,0.55,1
9219,2,0.11,0.25,0.45,0.71,0.84,1
9220,2,0.06,0.27,0.4,0.55,0.68,1
9221,4,0.06,0.1,0.2,0.34,0.46,1
9222,4,0.04,0.07,0.15,0.29,0.48,1
9223,2,0.08,0.26,0.41,0.52,0.69,2
9224,4,0.07,0.16,0.2,0.31,0.46,1
9225,5,0,0.01,0.03,0.09,0.24,1
9226,4,0.03,0.09,0.14,0.28,0.52,1
9227,2,0.08,0.25,0.4,0.63,0.81,1
9228,2,0.12,0.23,0.44,0.52,0.62,1
9229,3,0.1,0.17,0.28,0.36,0.58,2
9230,3,0.03,0.09,0.27,0.43,0.58,1
9231,2,0.22,0.32,0.45,0.62,0.75,1
9232,2,0.2,0.37,0.49,0.66,0.81,1
9233,1,0.29,0.55,0.69,0.81,0.87,1
9234,4,0.04,0.08,0.15,0.29,0.38,1
9235,2,0.09,0.23,0.39,0.58,0.76,1
9236,3,0.11,0.14,0.23,0.38,0.53,1
9237,5,0.02,0.03,0.12,0.21,0.36,1
9238,4,0.03,0.06,0.12,0.24,0.39,1
9239,3,0.04,0.14,0.35,0.52,0.63,1
9240,5,0.01,0.03,0.11,0.13,0.24,1
9241,2,0.11,0.33,0.49,0.66,0.77,2
9242,4,0.02,0.07,0.1,0.31,0.4,1
9243,5,0.01,0.03,0.05,0.12,0.24,2
9244,3,0.05,0.12,0.32,0.54,0.63,3
9245,3,0.05,0.13,0.3,0.4,0.52,1
9246,3,0.04,0.08,0.24,0.38,0.49,1
9247,4,0.02,0.04,0.14,0.26,0.47,1
9248,4,0.04,0.09,0.17,0.34,0.47,1
9249,1,0.34,0.51,0.66,0.81,0.87,1
9250,2,0.2,0.32,0.48,0.67,0.79,1
9251,2,0.25,0.33,0.55,0.69,0.81,1
9252,5,0.02,0.03,0.07,0.18,0.32,2
9253,2,0.17,0.26,0.41,0.62,0.78,1
9254,5,0.03,0.04,0.07,0.13,0.31,1
9255,1,0.27,0.39,0.57,0.7,0.83,1
9256,4,0.01,0.02,0.07,0.24,0.46,1
9257,1,0.28,0.52,0.65,0.78,0.85,1
9258,1,0.25,0.44,0.6,0.67,0.75,1
9259,3,0.11,0.24,0.33,0.4,0.53,1
9260,1,0.29,0.5,0.75,0.86,0.93,1
9261,1,0.27,0.46,0.61,0.72,0.87,1
9262,3,0.08,0.15,0.31,0.62,0.74,1
9263,5,0.01,0.03,0.06,0.12,0.27,1
9264,5,0.01,0.02,0.08,0.17,0.3,1
9265,3,0.05,0.11,0.26,0.41,0.47,2
9266,3,0.04,0.11,0.33,0.47,0.59,1
9267,3,0.05,0.12,0.33,0.43,0.62,1
9268,5,0.03,0.05,0.09,0.19,0.37,1
9269,1,0.3,0.47,0.62,0.78,0.89,1
9270,1,0.29,0.56,0.75,0.82,0.88,1
9271,4,0.02,0.07,0.18,0.29,0.41,1
9272,1,0.3,0.42,0.49,0.66,0.72,1
9273,1,0.24,0.42,0.57,0.71,0.85,1
9274,4,0.02,0.08,0.16,0.3,0.44,1
9275,1,0.34,0.47,0.55,0.74,0.85,1
9276,4,0.04,0.09,0.18,0.28,0.36,1
9277,1,0.34,0.47,0.55,0.72,0.9,1
9278,4,0.01,0.06,0.17,0.34,0.47,1
9279,3,0.09,0.19,0.25,0.35,0.58,1
9280,3,0.05,0.13,0.29,0.49,0.64,1
9281,5,0.02,0.04,0.06,0.19,0.31,1
9282,3,0.1,0.16,0.29,0.45,0.56,2
9283,1,0.26,0.34,0.51,0.63,0.8,1
9284,1,0.36,0.48,0.65,0.77,0.87,1
9285,5,0.02,0.04,0.06,0.09,0.3,1
9286,5,0.02,0.05,0.07,0.18,0.3,1
9287,4,0.06,0.15,0.21,0.37,0.5,1
9288,5,0.02,0.03,0.07,0.15,0.23,1
9289,4,0.03,0.07,0.18,0.36,0.57,1
9290,5,0.01,0.02,0.05,0.13,0.27,1
9291,5,0.02,0.04,0.08,0.14,0.28,2
9292,1,0.26,0.46,0.61,0.82,0.88,1
9293,1,0.32,0.53,0.67,0.82,0.89,2
9294,1,0.29,0.41,0.6,0.74,0.86,1
9295,1,0.27,0.44,0.6,0.79,0.91,1
9296,1,0.36,0.49,0.58,0.74,0.85,1
9297,2,0.2,0.36,0.53,0.75,0.87,1
9298,1,0.26,0.43,0.56,0.7,0.77,3
9299,1,0.34,0.5,0.71,0.83,0.92,1
9300,4,0.04,0.06,0.17,0.34,0.56,1
9301,4,0.01,0.03,0.11,0.27,0.42,1
9302,4,0.05,0.09,0.22,0.3,0.48,1
9303,4,0.02,0.06,0.12,0.26,0.37,4
9304,2,0.18,0.36,0.47,0.66,0.75,1
9305,5,0.02,0.03,0.05,0.15,0.34,1
9306,5,0.01,0.03,0.08,0.16,0.37,2
9307,3,0.09,0.16,0.31,0.45,0.61,1
9308,1,0.31,0.45,0.6,0.75,0.88,1
9309,5,0,0.02,0.06,0.15,0.36,1
9310,4,0.05,0.06,0.18,0.28,0.5,1
9311,4,0.02,0.07,0.22,0.37,0.63,1
9312,4,0.05,0.09,0.15,0.32,0.49,1
9313,4,0.03,0.05,0.13,0.37,0.6,1
9314,4,0.01,0.04,0.12,0.34,0.5,2
9315,2,0.22,0.32,0.49,0.61,0.74,2
9316,2,0.08,0.27,0.48,0.57,0.8,1
9317,4,0.03,0.09,0.16,0.34,0.49,2
9318,3,0.11,0.19,0.27,0.42,0.61,1
9319,2,0.14,0.28,0.47,0.6,0.73,1
9320,5,0.06,0.12,0.15,0.25,0.28,1
9321,2,0.16,0.3,0.51,0.7,0.8,1
9322,5,0.01,0.02,0.06,0.21,0.34,1
9323,1,0.29,0.49,0.63,0.75,0.84,2
9324,3,0.13,0.2,0.34,0.43,0.5,1
9325,3,0.09,0.18,0.29,0.44,0.61,1
9326,5,0.01,0.03,0.11,0.19,0.33,1
9327,5,0.02,0.04,0.1,0.17,0.33,1
9328,1,0.34,0.41,0.57,0.76,0.87,1
9329,5,0.02,0.03,0.1,0.23,0.28,1
9330,4,0.02,0.04,0.09,0.25,0.4,1
9331,5,0.01,0.03,0.11,0.23,0.32,1
9332,1,0.37,0.51,0.62,0.8,0.9,1
9333,3,0.13,0.28,0.29,0.33,0.49,1
9334,1,0.26,0.44,0.52,0.79,0.86,1
9335,5,0.01,0.04,0.09,0.24,0.35,1
9336,2,0.15,0.28,0.41,0.57,0.75,1
9337,2,0.15,0.33,0.57,0.75,0.84,2
9338,4,0.05,0.1,0.2,0.28,0.39,1
9339,1,0.33,0.45,0.54,0.67,0.79,1
9340,2,0.19,0.34,0.38,0.49,0.71,1
9341,3,0.06,0.14,0.28,0.39,0.55,2
9342,5,0.01,0.03,0.06,0.14,0.3,1
9343,4,0.06,0.12,0.14,0.26,0.46,1
9344,3,0.09,0.19,0.35,0.52,0.69,2
9345,1,0.26,0.38,0.64,0.78,0.88,1
9346,2,0.22,0.32,0.4,0.59,0.78,1
9347,1,0.33,0.46,0.6,0.77,0.84,1
9348,3,0.04,0.17,0.35,0.53,0.71,1
9349,4,0.04,0.1,0.22,0.37,0.49,1
9350,1,0.29,0.43,0.61,0.83,0.89,1
9351,1,0.27,0.46,0.59,0.79,0.91,1
9352,4,0.02,0.04,0.1,0.26,0.41,1
9353,4,0.02,0.05,0.11,0.32,0.46,1
9354,1,0.29,0.45,0.62,0.71,0.83,1
9355,4,0.03,0.06,0.15,0.32,0.52,1
9356,1,0.28,0.5,0.68,0.76,0.86,1
9357,2,0.16,0.32,0.52,0.63,0.79,1
9358,5,0.01,0.02,0.06,0.1,0.26,2
9359,2,0.21,0.31,0.4,0.61,0.76,1
9360,4,0.02,0.06,0.16,0.31,0.42,1
9361,1,0.32,0.46,0.6,0.72,0.87,2
9362,1,0.37,0.49,0.66,0.84,0.91,1
9363,5,0.01,0.02,0.07,0.15,0.25,2
9364,5,0.01,0.04,0.06,0.13,0.33,1
9365,4,0.03,0.07,0.12,0.27,0.49,1
9366,4,0.03,0.07,0.13,0.24,0.38,1
9367,1,0.32,0.4,0.52,0.65,0.82,1
9368,4,0.01,0.04,0.1,0.25,0.37,1
9369,2,0.1,0.33,0.4,0.5,0.67,1
9370,2,0.21,0.37,0.55,0.65,0.72,1
9371,5,0.03,0.07,0.13,0.16,0.25,1
9372,1,0.26,0.44,0.62,0.8,0.82,1
9373,2,0.13,0.23,0.38,0.6,0.75,3
9374,1,0.3,0.45,0.57,0.73,0.84,1
9375,4,0.03,0.07,0.18,0.35,0.56,1
9376,3,0.06,0.14,0.34,0.55,0.69,1
9377,3,0.17,0.21,0.26,0.36,0.38,1
9378,4,0.03,0.07,0.18,0.31,0.48,1
9379,4,0.01,0.04,0.15,0.36,0.57,1
9380,3,0.14,0.2,0.35,0.55,0.69,1
9381,4,0.05,0.08,0.2,0.37,0.54,1
9382,1,0.3,0.44,0.56,0.74,0.84,1
9383,3,0.1,0.2,0.36,0.6,0.77,1
9384,1,0.37,0.53,0.73,0.88,0.92,1
9385,5,0,0.01,0.05,0.12,0.35,1
9386,3,0.06,0.13,0.28,0.47,0.6,1
9387,3,0.05,0.13,0.36,0.51,0.6,1
9388,1,0.37,0.59,0.72,0.81,0.89,1
9389,5,0.02,0.05,0.1,0.16,0.31,1
9390,4,0.03,0.05,0.15,0.32,0.55,1
9391,1,0.3,0.5,0.6,0.72,0.85,1
9392,4,0.03,0.06,0.13,0.36,0.54,1
9393,2,0.21,0.35,0.56,0.71,0.83,1
9394,5,0.02,0.05,0.11,0.22,0.33,1
9395,5,0.04,0.08,0.12,0.24,0.34,1
9396,1,0.35,0.47,0.6,0.72,0.82,1
9397,3,0.09,0.18,0.34,0.49,0.66,2
9398,3,0.04,0.15,0.23,0.4,0.56,1
9399,1,0.34,0.46,0.58,0.74,0.84,1
9400,2,0.18,0.35,0.5,0.61,0.76,1
9401,1,0.27,0.47,0.68,0.8,0.83,1
9402,3,0.07,0.17,0.33,0.56,0.65,1
9403,3,0.08,0.23,0.35,0.53,0.7,1
9404,3,0.06,0.18,0.3,0.45,0.6,2
9405,1,0.29,0.44,0.69,0.84,0.88,1
9406,1,0.29,0.34,0.49,0.65,0.78,1
9407,5,0.02,0.04,0.07,0.16,0.31,1
9408,3,0.05,0.1,0.29,0.37,0.58,1
9409,4,0.01,0.04,0.1,0.23,0.41,1
9410,2,0.2,0.36,0.53,0.66,0.83,1
9411,3,0.08,0.17,0.26,0.44,0.57,1
9412,1,0.34,0.47,0.68,0.74,0.85,1
9413,4,0.01,0.06,0.14,0.32,0.46,1
9414,3,0.08,0.21,0.33,0.43,0.64,1
9415,4,0.03,0.06,0.13,0.29,0.34,1
9416,2,0.2,0.37,0.51,0.61,0.76,1
9417,1,0.24,0.49,0.59,0.75,0.9,1
9418,1,0.3,0.5,0.69,0.85,0.93,1
9419,4,0.02,0.04,0.13,0.24,0.36,2
9420,3,0.04,0.08,0.23,0.38,0.56,1
9421,3,0.04,0.1,0.3,0.45,0.65,1
9422,3,0.06,0.13,0.26,0.36,0.55,1
9423,1,0.25,0.41,0.53,0.66,0.76,1
9424,2,0.17,0.37,0.6,0.7,0.81,1
9425,3,0.13,0.26,0.32,0.38,0.51,1
9426,2,0.1,0.25,0.42,0.6,0.76,1
9427,3,0.06,0.12,0.34,0.54,0.75,1
9428,2,0.17,0.23,0.4,0.56,0.75,1
9429,4,0.02,0.07,0.13,0.34,0.39,1
9430,1,0.27,0.39,0.62,0.74,0.85,1
9431,3,0.09,0.23,0.34,0.58,0.67,2
9432,4,0.02,0.06,0.11,0.26,0.36,1
9433,2,0.18,0.32,0.44,0.54,0.73,1
9434,1,0.33,0.55,0.68,0.84,0.92,1
9435,1,0.27,0.44,0.53,0.61,0.76,1
9436,3,0.07,0.13,0.32,0.48,0.56,1
9437,1,0.28,0.39,0.52,0.76,0.88,1
9438,3,0.05,0.16,0.32,0.42,0.63,1
9439,4,0.02,0.06,0.14,0.27,0.38,1
9440,5,0.01,0.03,0.07,0.15,0.31,1
9441,1,0.25,0.44,0.67,0.8,0.88,1
9442,2,0.13,0.23,0.38,0.53,0.67,1
9443,5,0.03,0.05,0.1,0.14,0.29,2
9444,4,0.03,0.07,0.16,0.34,0.45,1
9445,1,0.34,0.55,0.71,0.86,0.9,1
9446,4,0.02,0.05,0.16,0.24,0.38,1
9447,1,0.36,0.51,0.64,0.76,0.89,1
9448,1,0.28,0.55,0.74,0.86,0.91,1
9449,4,0.01,0.05,0.1,0.26,0.38,1
9450,1,0.26,0.39,0.52,0.64,0.81,1
9451,5,0.01,0.03,0.08,0.18,0.37,1
9452,2,0.23,0.32,0.47,0.63,0.72,1
9453,1,0.32,0.4,0.6,0.76,0.88,1
9454,5,0.02,0.03,0.06,0.16,0.28,1
9455,3,0.04,0.11,0.26,0.42,0.53,1
9456,4,0.02,0.06,0.12,0.27,0.47,1
9457,2,0.16,0.31,0.47,0.68,0.82,1
9458,2,0.11,0.31,0.53,0.59,0.67,1
9459,5,0.01,0.03,0.06,0.15,0.27,1
9460,3,0.06,0.13,0.31,0.43,0.6,1
9461,4,0.01,0.03,0.17,0.27,0.42,1
9462,2,0.18,0.37,0.57,0.66,0.77,1
9463,2,0.14,0.29,0.34,0.52,0.75,1
9464,5,0.01,0.03,0.06,0.13,0.24,1
9465,4,0.05,0.07,0.18,0.28,0.38,1
9466,5,0.02,0.04,0.07,0.17,0.33,1
9467,2,0.08,0.24,0.39,0.56,0.68,1
9468,2,0.15,0.34,0.51,0.74,0.81,1
9469,2,0.19,0.29,0.42,0.55,0.71,1
9470,5,0.01,0.02,0.04,0.09,0.3,1
9471,4,0.05,0.06,0.12,0.29,0.5,1
9472,2,0.11,0.32,0.47,0.67,0.86,1
9473,4,0.01,0.03,0.1,0.26,0.41,1
9474,3,0.04,0.11,0.27,0.43,0.61,1
9475,3,0.1,0.21,0.35,0.52,0.65,1
9476,4,0.04,0.12,0.19,0.35,0.48,1
9477,1,0.29,0.45,0.65,0.8,0.85,1
9478,4,0.03,0.07,0.16,0.26,0.36,1
9479,5,0,0.01,0.07,0.16,0.31,1
9480,1,0.33,0.42,0.58,0.71,0.85,1
9481,5,0.01,0.03,0.08,0.12,0.23,1
9482,3,0.03,0.11,0.25,0.4,0.57,1
9483,4,0.03,0.05,0.11,0.3,0.42,1
9484,4,0.01,0.04,0.1,0.24,0.4,2
9485,5,0.02,0.04,0.08,0.15,0.26,2
9486,1,0.27,0.35,0.5,0.67,0.81,1
9487,3,0.05,0.13,0.37,0.58,0.76,1
9488,1,0.37,0.51,0.58,0.74,0.91,1
9489,4,0.06,0.09,0.23,0.36,0.41,1
9490,5,0.02,0.04,0.11,0.2,0.33,1
9491,1,0.26,0.44,0.51,0.69,0.77,1
9492,4,0.04,0.13,0.25,0.28,0.49,1
9493,4,0.01,0.05,0.17,0.32,0.51,1
9494,2,0.2,0.25,0.46,0.65,0.75,2
9495,2,0.2,0.36,0.52,0.7,0.82,1
9496,3,0.08,0.18,0.36,0.6,0.82,3
9497,2,0.15,0.31,0.47,0.63,0.72,1
9498,2,0.2,0.37,0.47,0.65,0.77,1
9499,5,0.01,0.02,0.07,0.13,0.29,1
9500,3,0.08,0.13,0.29,0.42,0.66,1
9501,3,0.1,0.18,0.34,0.49,0.57,1
9502,5,0.01,0.02,0.09,0.19,0.36,1
9503,5,0.03,0.09,0.15,0.27,0.32,1
9504,1,0.37,0.56,0.75,0.83,0.9,1
9505,4,0.03,0.09,0.17,0.32,0.47,1
9506,3,0.1,0.23,0.29,0.5,0.63,1
9507,3,0.03,0.09,0.25,0.44,0.63,1
9508,5,0.02,0.04,0.07,0.17,0.34,2
9509,5,0,0.01,0.03,0.09,0.3,1
9510,4,0.02,0.06,0.13,0.35,0.53,1
9511,2,0.14,0.35,0.5,0.66,0.73,1
9512,3,0.06,0.13,0.34,0.41,0.54,1
9513,4,0.05,0.09,0.17,0.29,0.55,2
9514,2,0.1,0.24,0.36,0.52,0.67,2
9515,5,0.01,0.02,0.04,0.1,0.31,1
9516,5,0.01,0.02,0.05,0.19,0.26,1
9517,4,0.02,0.06,0.12,0.26,0.38,2
9518,5,0.01,0.02,0.05,0.12,0.26,1
9519,5,0.05,0.06,0.13,0.22,0.34,2
9520,3,0.07,0.17,0.33,0.56,0.66,1
9521,3,0.05,0.15,0.29,0.46,0.56,1
9522,1,0.34,0.48,0.58,0.72,0.83,1
9523,4,0.02,0.06,0.12,0.28,0.4,1
9524,2,0.1,0.25,0.37,0.47,0.55,1
9525,1,0.27,0.53,0.71,0.8,0.91,1
9526,5,0.01,0.02,0.06,0.14,0.36,1
9527,5,0.01,0.02,0.07,0.13,0.25,2
9528,1,0.36,0.49,0.7,0.83,0.88,1
9529,1,0.28,0.48,0.67,0.78,0.86,1
9530,2,0.18,0.28,0.5,0.65,0.77,1
9531,1,0.3,0.46,0.52,0.65,0.79,1
9532,4,0.02,0.05,0.11,0.28,0.42,1
9533,2,0.11,0.25,0.47,0.55,0.73,1
9534,3,0.04,0.09,0.27,0.47,0.69,1
9535,2,0.08,0.27,0.45,0.57,0.69,2
9536,1,0.35,0.53,0.71,0.83,0.88,1
9537,4,0.03,0.1,0.17,0.29,0.45,1
9538,3,0.08,0.21,0.27,0.4,0.63,1
9539,2,0.21,0.37,0.58,0.71,0.87,1
9540,2,0.13,0.27,0.43,0.62,0.75,1
9541,1,0.3,0.43,0.58,0.73,0.83,1
9542,3,0.13,0.19,0.35,0.58,0.7,1
9543,5,0.01,0.02,0.06,0.12,0.28,1
9544,1,0.25,0.4,0.53,0.69,0.7,2
9545,5,0.01,0.03,0.08,0.22,0.35,1
9546,5,0.01,0.02,0.07,0.2,0.36,2
9547,3,0.1,0.2,0.36,0.46,0.68,1
9548,1,0.35,0.53,0.76,0.89,0.94,1
9549,5,0.03,0.09,0.16,0.18,0.32,2
9550,1,0.3,0.4,0.61,0.8,0.9,3
9551,1,0.33,0.55,0.77,0.86,0.93,1
9552,4,0.01,0.02,0.11,0.32,0.5,2
9553,5,0.01,0.04,0.07,0.14,0.27,1
9554,2,0.13,0.28,0.34,0.58,0.75,1
9555,5,0.01,0.02,0.03,0.08,0.23,1
9556,1,0.24,0.37,0.55,0.62,0.81,2
9557,3,0.04,0.13,0.35,0.57,0.71,1
9558,3,0.05,0.1,0.23,0.44,0.68,3
9559,3,0.06,0.18,0.35,0.44,0.58,1
9560,2,0.17,0.29,0.43,0.54,0.76,1
9561,5,0.01,0.02,0.06,0.1,0.23,1
9562,4,0.04,0.06,0.17,0.33,0.5,1
9563,1,0.31,0.43,0.61,0.75,0.85,1
9564,5,0.01,0.03,0.09,0.16,0.27,1
9565,2,0.15,0.24,0.44,0.63,0.67,1
9566,1,0.35,0.47,0.62,0.69,0.77,1
9567,4,0.03,0.07,0.16,0.37,0.51,1
9568,1,0.37,0.51,0.61,0.76,0.87,2
9569,5,0.03,0.05,0.11,0.19,0.25,2
9570,4,0.02,0.05,0.2,0.34,0.54,1
9571,2,0.13,0.28,0.52,0.73,0.83,3
9572,1,0.28,0.41,0.6,0.69,0.84,1
9573,3,0.06,0.13,0.3,0.47,0.63,1
9574,1,0.37,0.45,0.67,0.77,0.9,1
9575,4,0.05,0.08,0.16,0.29,0.42,1
9576,1,0.3,0.34,0.51,0.63,0.78,1
9577,2,0.15,0.28,0.36,0.49,0.67,1
9578,2,0.17,0.28,0.37,0.58,0.7,1
9579,3,0.06,0.15,0.27,0.38,0.59,1
9580,2,0.16,0.37,0.54,0.68,0.84,1
9581,2,0.26,0.31,0.49,0.65,0.77,1
9582,2,0.21,0.25,0.36,0.45,0.62,1
9583,2,0.19,0.37,0.6,0.75,0.86,1
9584,3,0.06,0.16,0.33,0.46,0.62,1
9585,2,0.14,0.36,0.55,0.71,0.82,2
9586,4,0.02,0.04,0.11,0.29,0.42,1
9587,1,0.31,0.51,0.64,0.79,0.89,3
9588,4,0.04,0.07,0.13,0.31,0.44,1
9589,4,0.01,0.03,0.14,0.3,0.43,1
9590,2,0.15,0.29,0.47,0.63,0.76,1
9591,4,0.03,0.05,0.13,0.31,0.52,1
9592,2,0.18,0.34,0.45,0.64,0.81,1
9593,4,0.02,0.05,0.12,0.28,0.5,1
9594,1,0.37,0.42,0.53,0.75,0.84,1
9595,1,0.29,0.47,0.66,0.83,0.92,1
9596,5,0.02,0.07,0.11,0.16,0.28,1
9597,4,0.02,0.06,0.14,0.26,0.43,1
9598,3,0.04,0.09,0.34,0.6,0.65,1
9599,2,0.21,0.35,0.49,0.7,0.79,1
9600,3,0.07,0.18,0.32,0.52,0.69,1
9601,4,0.02,0.05,0.14,0.27,0.54,1
9602,4,0.03,0.08,0.12,0.25,0.43,1
9603,4,0.03,0.06,0.12,0.32,0.39,1
9604,3,0.04,0.1,0.28,0.33,0.48,1
9605,1,0.27,0.41,0.53,0.72,0.78,1
9606,4,0.04,0.07,0.11,0.25,0.44,1
9607,5,0.01,0.03,0.08,0.18,0.35,1
9608,5,0.02,0.03,0.07,0.16,0.26,1
9609,3,0.11,0.23,0.36,0.55,0.72,1
9610,2,0.16,0.31,0.46,0.59,0.7,1
9611,2,0.15,0.32,0.52,0.6,0.72,1
9612,4,0.04,0.08,0.21,0.37,0.47,1
9613,3,0.06,0.18,0.36,0.43,0.57,1
9614,4,0.02,0.06,0.14,0.27,0.35,1
9615,1,0.28,0.42,0.57,0.65,0.83,1
9616,2,0.22,0.35,0.57,0.7,0.82,2
9617,5,0,0.01,0.02,0.08,0.24,1
9618,4,0.02,0.05,0.14,0.29,0.52,1
9619,5,0.01,0.03,0.08,0.19,0.25,1
9620,1,0.29,0.43,0.52,0.71,0.8,1
9621,2,0.05,0.25,0.4,0.49,0.67,1
9622,4,0.02,0.05,0.14,0.23,0.51,1
9623,1,0.34,0.53,0.73,0.87,0.93,1
9624,4,0.01,0.04,0.09,0.27,0.5,2
9625,4,0.04,0.06,0.22,0.34,0.52,1
9626,4,0.01,0.03,0.12,0.3,0.43,1
9627,4,0.01,0.03,0.1,0.26,0.48,3
9628,2,0.21,0.32,0.47,0.61,0.8,1
9629,3,0.09,0.18,0.37,0.5,0.63,1
9630,4,0.03,0.06,0.16,0.28,0.41,2
9631,3,0.06,0.15,0.31,0.46,0.65,1
9632,1,0.28,0.38,0.54,0.72,0.81,1
9633,5,0.01,0.02,0.06,0.12,0.23,1
9634,4,0.04,0.08,0.2,0.31,0.55,1
9635,2,0.15,0.31,0.5,0.59,0.74,2
9636,4,0.05,0.07,0.13,0.28,0.39,1
9637,4,0.04,0.1,0.16,0.34,0.46,1
9638,4,0.07,0.1,0.17,0.28,0.4,1
9639,5,0.01,0.03,0.06,0.16,0.26,1
9640,2,0.15,0.36,0.47,0.6,0.67,1
9641,2,0.18,0.36,0.47,0.62,0.78,1
9642,2,0.16,0.23,0.47,0.61,0.77,1
9643,1,0.33,0.54,0.69,0.81,0.91,1
9644,3,0.18,0.21,0.37,0.4,0.58,1
9645,1,0.34,0.53,0.8,0.85,0.9,1
9646,1,0.37,0.56,0.76,0.83,0.94,1
9647,1,0.34,0.46,0.67,0.84,0.92,1
9648,2,0.08,0.3,0.4,0.53,0.73,1
9649,1,0.28,0.48,0.5,0.66,0.8,1
9650,5,0.01,0.02,0.05,0.14,0.23,1
9651,4,0.04,0.06,0.17,0.35,0.47,1
9652,5,0.02,0.03,0.1,0.23,0.36,1
9653,4,0.04,0.1,0.15,0.36,0.59,1
9654,5,0.01,0.05,0.11,0.18,0.25,1
9655,4,0.02,0.08,0.14,0.3,0.52,1
9656,3,0.05,0.1,0.28,0.35,0.49,1
9657,3,0.08,0.17,0.32,0.56,0.63,1
9658,2,0.22,0.33,0.46,0.54,0.61,1
9659,2,0.19,0.35,0.39,0.55,0.75,1
9660,4,0.02,0.06,0.13,0.31,0.42,1
9661,5,0,0.02,0.06,0.13,0.31,1
9662,3,0.07,0.18,0.36,0.46,0.56,1
9663,4,0.04,0.09,0.18,0.37,0.53,1
9664,2,0.17,0.35,0.43,0.5,0.66,1
9665,1,0.28,0.43,0.61,0.81,0.89,1
9666,1,0.32,0.48,0.65,0.81,0.9,1
9667,2,0.12,0.36,0.49,0.63,0.8,1
9668,3,0.06,0.13,0.35,0.48,0.53,1
9669,3,0.07,0.17,0.36,0.49,0.59,1
9670,4,0.04,0.12,0.22,0.36,0.46,2
9671,3,0.05,0.1,0.27,0.4,0.56,2
9672,3,0.07,0.15,0.32,0.43,0.63,1
9673,4,0.05,0.13,0.19,0.31,0.42,1
9674,3,0.06,0.15,0.35,0.49,0.69,1
9675,5,0,0.02,0.05,0.11,0.25,1
9676,4,0.03,0.07,0.14,0.35,0.53,1
9677,2,0.18,0.33,0.56,0.75,0.85,1
9678,5,0.02,0.04,0.06,0.12,0.25,1
9679,4,0.02,0.04,0.12,0.28,0.46,1
9680,2,0.2,0.36,0.5,0.65,0.8,1
9681,4,0.03,0.07,0.15,0.24,0.52,1
9682,2,0.1,0.3,0.4,0.59,0.71,1
9683,3,0.05,0.16,0.33,0.4,0.62,1
9684,5,0.01,0.03,0.1,0.23,0.36,1
9685,4,0.02,0.04,0.12,0.24,0.37,1
9686,1,0.35,0.56,0.74,0.88,0.93,2
9687,2,0.14,0.27,0.47,0.66,0.76,1
9688,5,0.01,0.04,0.07,0.17,0.28,2
9689,1,0.37,0.46,0.65,0.84,0.93,1
9690,5,0.01,0.02,0.04,0.13,0.33,1
9691,5,0.05,0.07,0.1,0.21,0.36,1
9692,1,0.24,0.44,0.59,0.75,0.92,1
9693,5,0.02,0.04,0.08,0.16,0.25,1
9694,4,0.02,0.03,0.09,0.32,0.44,1
9695,2,0.18,0.31,0.52,0.73,0.85,1
9696,2,0.14,0.27,0.4,0.59,0.72,2
9697,4,0.03,0.06,0.14,0.26,0.41,3
9698,3,0.08,0.19,0.29,0.43,0.52,1
9699,1,0.24,0.37,0.53,0.68,0.76,1
9700,5,0.02,0.04,0.07,0.16,0.32,1
9701,2,0.21,0.36,0.47,0.57,0.69,2
9702,3,0.11,0.15,0.29,0.52,0.67,1
9703,5,0.01,0.02,0.04,0.13,0.29,2
9704,4,0.01,0.06,0.1,0.27,0.38,1
9705,5,0.01,0.02,0.06,0.16,0.32,1
9706,5,0.02,0.03,0.06,0.16,0.3,1
9707,4,0.03,0.08,0.16,0.34,0.53,1
9708,2,0.16,0.26,0.35,0.55,0.76,1
9709,5,0.02,0.03,0.07,0.13,0.27,1
9710,2,0.1,0.3,0.45,0.61,0.75,1
9711,5,0.01,0.03,0.07,0.14,0.27,1
9712,3,0.11,0.19,0.35,0.48,0.51,1
9713,2,0.17,0.33,0.42,0.5,0.68,1
9714,2,0.18,0.36,0.48,0.73,0.85,1
9715,5,0.01,0.02,0.06,0.1,0.25,1
9716,3,0.04,0.1,0.27,0.43,0.56,1
9717,3,0.1,0.14,0.36,0.48,0.66,1
9718,1,0.36,0.56,0.7,0.87,0.91,1
9719,2,0.2,0.27,0.54,0.76,0.84,1
9720,2,0.15,0.34,0.43,0.69,0.81,1
9721,5,0.01,0.03,0.08,0.14,0.32,1
9722,2,0.15,0.25,0.43,0.59,0.72,2
9723,3,0.08,0.21,0.36,0.57,0.82,2
9724,2,0.11,0.25,0.45,0.58,0.73,1
9725,3,0.05,0.13,0.29,0.48,0.64,1
9726,5,0.01,0.02,0.06,0.18,0.31,1
9727,1,0.32,0.44,0.52,0.7,0.82,1
9728,3,0.08,0.16,0.29,0.56,0.75,1
9729,3,0.05,0.09,0.27,0.44,0.64,1
9730,5,0.02,0.05,0.1,0.23,0.36,1
9731,4,0.06,0.13,0.2,0.33,0.54,1
9732,4,0.03,0.08,0.17,0.35,0.47,1
9733,1,0.26,0.42,0.53,0.7,0.86,1
9734,2,0.18,0.29,0.39,0.47,0.64,1
9735,1,0.26,0.39,0.56,0.75,0.86,1
9736,2,0.15,0.33,0.44,0.53,0.7,1
9737,4,0.02,0.06,0.15,0.35,0.53,1
9738,3,0.07,0.15,0.31,0.42,0.55,1
9739,4,0.02,0.06,0.11,0.3,0.49,1
9740,3,0.05,0.1,0.26,0.39,0.63,1
9741,1,0.27,0.39,0.45,0.67,0.8,1
9742,1,0.32,0.43,0.62,0.73,0.81,1
9743,1,0.32,0.52,0.61,0.76,0.85,1
9744,3,0.05,0.1,0.24,0.43,0.57,1
9745,3,0.07,0.14,0.37,0.61,0.72,1
9746,4,0.03,0.08,0.14,0.35,0.4,1
9747,5,0.02,0.05,0.07,0.2,0.28,1
9748,3,0.05,0.09,0.25,0.35,0.6,1
9749,5,0.02,0.03,0.07,0.12,0.27,1
9750,5,0.02,0.03,0.08,0.17,0.29,1
9751,4,0.01,0.05,0.11,0.3,0.45,1
9752,4,0.05,0.1,0.2,0.33,0.41,1
9753,2,0.12,0.26,0.38,0.54,0.67,1
9754,2,0.13,0.24,0.38,0.56,0.61,1
9755,5,0.01,0.02,0.04,0.17,0.24,1
9756,4,0.02,0.06,0.16,0.34,0.48,1
9757,5,0.01,0.03,0.09,0.18,0.28,1
9758,4,0.02,0.06,0.18,0.34,0.55,2
9759,5,0,0.01,0.03,0.09,0.24,1
9760,3,0.05,0.11,0.25,0.35,0.56,2
9761,5,0,0.02,0.04,0.11,0.28,1
9762,1,0.25,0.45,0.65,0.82,0.88,1
9763,5,0.01,0.03,0.04,0.11,0.26,1
9764,5,0,0.02,0.05,0.15,0.3,1
9765,1,0.33,0.56,0.62,0.78,0.86,1
9766,1,0.32,0.4,0.59,0.71,0.8,1
9767,2,0.19,0.37,0.53,0.67,0.83,1
9768,2,0.07,0.23,0.45,0.48,0.61,1
9769,5,0.01,0.02,0.07,0.14,0.24,2
9770,1,0.25,0.36,0.46,0.56,0.68,1
9771,1,0.29,0.5,0.65,0.76,0.88,1
9772,5,0.03,0.07,0.15,0.22,0.31,1
9773,4,0.01,0.03,0.09,0.26,0.5,1
9774,2,0.12,0.28,0.39,0.61,0.72,1
9775,5,0.01,0.02,0.04,0.13,0.31,5
9776,2,0.15,0.23,0.38,0.54,0.7,1
9777,2,0.16,0.37,0.5,0.72,0.84,1
9778,4,0.02,0.05,0.09,0.29,0.4,1
9779,5,0.02,0.04,0.08,0.19,0.33,2
9780,1,0.24,0.37,0.58,0.7,0.82,1
9781,5,0.01,0.02,0.03,0.07,0.24,1
9782,5,0.01,0.03,0.07,0.14,0.35,1
9783,1,0.37,0.53,0.71,0.78,0.89,1
9784,3,0.15,0.17,0.3,0.56,0.78,1
9785,1,0.31,0.44,0.63,0.83,0.88,1
9786,4,0.04,0.07,0.14,0.24,0.39,1
9787,4,0.06,0.1,0.22,0.36,0.54,1
9788,5,0.01,0.02,0.07,0.15,0.23,2
9789,2,0.25,0.32,0.48,0.57,0.64,1
9790,5,0.02,0.04,0.1,0.19,0.33,1
9791,4,0.03,0.05,0.11,0.26,0.38,2
9792,4,0.02,0.06,0.16,0.27,0.38,1
9793,5,0.02,0.04,0.12,0.23,0.34,1
9794,1,0.33,0.41,0.57,0.75,0.85,1
9795,5,0.01,0.03,0.07,0.19,0.36,1
9796,5,0.02,0.06,0.12,0.21,0.36,1
9797,3,0.03,0.07,0.23,0.41,0.56,1
9798,2,0.2,0.3,0.35,0.42,0.61,2
9799,4,0.09,0.18,0.24,0.25,0.4,1
9800,1,0.29,0.42,0.63,0.83,0.88,1
9801,3,0.12,0.17,0.35,0.53,0.66,1
9802,1,0.34,0.54,0.67,0.82,0.9,1
9803,5,0.01,0.03,0.05,0.13,0.23,3
9804,5,0.01,0.03,0.09,0.14,0.26,1
9805,4,0.03,0.08,0.17,0.33,0.52,1
9806,5,0.02,0.03,0.07,0.12,0.3,2
9807,2,0.2,0.36,0.53,0.78,0.9,1
9808,4,0.02,0.06,0.11,0.26,0.34,1
9809,5,0.01,0.04,0.08,0.18,0.28,1
9810,4,0.04,0.06,0.15,0.3,0.5,2
9811,2,0.17,0.36,0.43,0.62,0.75,1
9812,3,0.1,0.21,0.36,0.51,0.73,1
9813,5,0.01,0.02,0.07,0.19,0.37,1
9814,5,0.01,0.02,0.04,0.17,0.34,1
9815,1,0.28,0.52,0.68,0.72,0.84,1
9816,5,0.01,0.03,0.09,0.15,0.32,1
9817,4,0.02,0.06,0.13,0.3,0.47,1
9818,3,0.1,0.15,0.33,0.51,0.65,1
9819,5,0.02,0.04,0.05,0.11,0.23,1
9820,3,0.09,0.16,0.3,0.53,0.66,1
9821,5,0.01,0.03,0.05,0.1,0.28,1
9822,4,0.03,0.07,0.16,0.34,0.61,1
9823,5,0.02,0.04,0.13,0.23,0.34,1
9824,5,0.03,0.09,0.18,0.21,0.28,1
9825,4,0.04,0.12,0.22,0.33,0.47,1
9826,3,0.14,0.23,0.34,0.48,0.66,1
9827,4,0.03,0.08,0.13,0.29,0.36,1
9828,2,0.15,0.31,0.45,0.57,0.77,1
9829,1,0.27,0.42,0.51,0.72,0.82,2
9830,5,0.02,0.03,0.08,0.2,0.33,1
9831,5,0.01,0.03,0.05,0.12,0.25,1
9832,5,0,0.02,0.07,0.13,0.23,1
9833,3,0.06,0.16,0.34,0.53,0.62,1
9834,3,0.09,0.15,0.25,0.38,0.55,1
9835,5,0.02,0.04,0.15,0.21,0.37,1
9836,5,0.02,0.03,0.06,0.15,0.25,1
9837,2,0.12,0.32,0.56,0.63,0.73,1
9838,1,0.34,0.42,0.53,0.71,0.84,1
9839,1,0.25,0.38,0.59,0.75,0.81,1
9840,3,0.07,0.14,0.32,0.37,0.47,1
9841,1,0.35,0.57,0.65,0.71,0.89,1
9842,5,0.01,0.02,0.04,0.18,0.29,2
9843,5,0.01,0.02,0.05,0.13,0.32,1
9844,1,0.37,0.6,0.75,0.84,0.92,1
9845,3,0.07,0.15,0.3,0.45,0.57,1
9846,4,0.03,0.06,0.15,0.25,0.43,1
9847,5,0.02,0.05,0.11,0.15,0.32,1
9848,2,0.18,0.36,0.58,0.81,0.91,1
9849,1,0.36,0.54,0.71,0.88,0.91,1
9850,2,0.19,0.29,0.53,0.63,0.76,2
9851,2,0.17,0.33,0.5,0.67,0.85,1
9852,1,0.26,0.4,0.61,0.75,0.89,1
9853,4,0.05,0.07,0.13,0.26,0.38,1
9854,3,0.07,0.16,0.28,0.48,0.64,1
9855,1,0.29,0.46,0.54,0.67,0.81,2
9856,1,0.36,0.57,0.66,0.78,0.88,1
9857,4,0.01,0.05,0.15,0.28,0.44,1
9858,2,0.17,0.36,0.64,0.7,0.84,2
9859,5,0.02,0.05,0.12,0.25,0.31,1
9860,3,0.04,0.07,0.28,0.49,0.65,1
9861,2,0.21,0.29,0.37,0.59,0.72,1
9862,4,0.03,0.06,0.15,0.28,0.41,2
9863,5,0.01,0.02,0.05,0.14,0.28,1
9864,5,0.01,0.02,0.05,0.1,0.23,2
9865,4,0.02,0.08,0.19,0.33,0.54,1
9866,4,0.04,0.09,0.22,0.31,0.35,1
9867,5,0.02,0.06,0.1,0.22,0.36,1
9868,4,0.05,0.14,0.17,0.36,0.56,1
9869,1,0.27,0.5,0.64,0.75,0.84,3
9870,2,0.18,0.37,0.47,0.59,0.74,1
9871,1,0.29,0.52,0.65,0.83,0.84,1
9872,4,0.02,0.04,0.15,0.3,0.41,1
9873,3,0.11,0.21,0.27,0.42,0.55,1
9874,3,0.03,0.1,0.28,0.43,0.56,1
9875,5,0.01,0.05,0.09,0.23,0.36,1
9876,4,0.04,0.09,0.22,0.34,0.53,1
9877,1,0.3,0.49,0.64,0.78,0.85,1
9878,4,0.03,0.04,0.14,0.29,0.36,1
9879,5,0.02,0.05,0.08,0.18,0.33,1
9880,4,0.02,0.07,0.15,0.34,0.53,1
9881,2,0.17,0.33,0.39,0.61,0.75,1
9882,1,0.26,0.42,0.55,0.73,0.86,1
9883,4,0.03,0.07,0.13,0.26,0.45,1
9884,5,0.01,0.02,0.06,0.17,0.26,2
9885,1,0.27,0.44,0.52,0.65,0.76,1
9886,3,0.09,0.17,0.25,0.4,0.64,1
9887,4,0.02,0.04,0.08,0.24,0.38,1
9888,4,0.04,0.07,0.2,0.35,0.53,1
9889,3,0.05,0.1,0.3,0.48,0.66,1
9890,2,0.18,0.36,0.49,0.61,0.76,1
9891,5,0.03,0.08,0.13,0.2,0.37,1
9892,2,0.19,0.35,0.49,0.61,0.76,1
9893,2,0.2,0.24,0.44,0.54,0.69,1
9894,1,0.26,0.45,0.66,0.72,0.86,1
9895,4,0.04,0.07,0.13,0.28,0.44,1
9896,1,0.25,0.43,0.56,0.74,0.86,1
9897,1,0.23,0.39,0.53,0.78,0.92,1
9898,4,0.02,0.07,0.13,0.35,0.49,1
9899,3,0.12,0.22,0.25,0.48,0.59,2
9900,2,0.14,0.35,0.57,0.74,0.82,1
9901,5,0.02,0.05,0.07,0.18,0.33,1
9902,5,0.02,0.04,0.07,0.18,0.31,1
9903,2,0.16,0.34,0.5,0.73,0.81,1
9904,3,0.06,0.12,0.31,0.41,0.65,1
9905,5,0.03,0.04,0.07,0.2,0.31,1
9906,1,0.32,0.45,0.66,0.81,0.91,1
9907,3,0.08,0.19,0.36,0.59,0.75,1
9908,3,0.08,0.17,0.35,0.49,0.66,1
9909,4,0.02,0.05,0.16,0.31,0.51,1
9910,3,0.05,0.17,0.37,0.45,0.63,1
9911,5,0.01,0.02,0.06,0.1,0.24,1
9912,1,0.23,0.37,0.49,0.6,0.71,1
9913,4,0.03,0.09,0.18,0.34,0.52,1
9914,2,0.08,0.23,0.37,0.48,0.64,1
9915,4,0.01,0.02,0.1,0.27,0.37,1
9916,3,0.03,0.1,0.32,0.45,0.61,1
9917,5,0.02,0.03,0.06,0.15,0.3,1
9918,1,0.35,0.49,0.6,0.77,0.89,1
9919,3,0.06,0.14,0.33,0.41,0.58,1
9920,3,0.07,0.19,0.36,0.54,0.76,1
9921,1,0.35,0.51,0.67,0.72,0.83,1
9922,2,0.16,0.35,0.5,0.64,0.8,1
9923,5,0.01,0.02,0.06,0.15,0.24,2
9924,5,0.01,0.02,0.05,0.09,0.24,1
9925,3,0.12,0.2,0.37,0.49,0.6,1
9926,2,0.1,0.27,0.36,0.66,0.78,1
9927,2,0.08,0.29,0.37,0.51,0.67,1
9928,5,0.01,0.03,0.11,0.22,0.27,1
9929,4,0.04,0.08,0.15,0.3,0.54,1
9930,3,0.08,0.18,0.34,0.46,0.65,1
9931,3,0.12,0.22,0.27,0.37,0.54,2
9932,4,0.03,0.08,0.15,0.37,0.57,1
9933,3,0.06,0.12,0.28,0.38,0.51,1
9934,4,0.04,0.07,0.17,0.37,0.53,1
9935,1,0.27,0.33,0.49,0.69,0.86,1
9936,1,0.27,0.4,0.53,0.69,0.82,1
9937,4,0.02,0.04,0.15,0.27,0.38,2
9938,2,0.09,0.28,0.45,0.61,0.71,1
9939,3,0.1,0.16,0.34,0.55,0.59,1
9940,4,0.01,0.05,0.12,0.25,0.35,1
9941,2,0.12,0.27,0.38,0.55,0.67,1
9942,5,0.02,0.03,0.08,0.18,0.34,2
9943,5,0.01,0.04,0.07,0.16,0.24,1
9944,2,0.14,0.29,0.46,0.62,0.73,1
9945,5,0.01,0.02,0.07,0.12,0.3,1
9946,2,0.13,0.34,0.57,0.75,0.86,1
9947,4,0.01,0.03,0.09,0.28,0.42,1
9948,5,0.01,0.03,0.08,0.18,0.33,1
9949,4,0.02,0.05,0.11,0.31,0.4,2
9950,1,0.37,0.45,0.63,0.82,0.89,2
9951,2,0.15,0.27,0.44,0.56,0.78,2
9952,1,0.34,0.49,0.57,0.67,0.82,1
9953,4,0.03,0.07,0.15,0.36,0.55,1
9954,2,0.16,0.32,0.49,0.65,0.73,1
9955,2,0.18,0.26,0.49,0.57,0.75,1
9956,1,0.31,0.53,0.74,0.85,0.89,1
9957,5,0.03,0.09,0.17,0.19,0.29,1
9958,5,0.01,0.03,0.07,0.13,0.34,1
9959,3,0.09,0.11,0.24,0.41,0.56,1
9960,4,0.02,0.05,0.18,0.36,0.52,1
9961,3,0.05,0.1,0.28,0.4,0.56,1
9962,3,0.06,0.13,0.3,0.38,0.48,1
9963,3,0.06,0.15,0.26,0.37,0.61,1
9964,5,0.01,0.03,0.06,0.12,0.29,1
9965,4,0.06,0.11,0.18,0.29,0.43,1
9966,3,0.09,0.2,0.29,0.51,0.69,1
9967,4,0.05,0.08,0.13,0.31,0.49,1
9968,1,0.33,0.43,0.52,0.67,0.77,1
9969,1,0.34,0.58,0.73,0.82,0.9,1
9970,1,0.27,0.41,0.48,0.64,0.81,1
9971,4,0.06,0.08,0.2,0.33,0.47,1
9972,4,0.06,0.12,0.18,0.32,0.5,1
9973,2,0.14,0.27,0.33,0.46,0.53,1
9974,3,0.09,0.16,0.34,0.44,0.58,1
9975,4,0.01,0.03,0.11,0.24,0.39,1
9976,4,0.02,0.07,0.15,0.26,0.44,1
9977,5,0.01,0.02,0.06,0.13,0.27,2
9978,1,0.35,0.52,0.69,0.85,0.93,1
9979,2,0.13,0.29,0.48,0.57,0.71,1
9980,5,0.02,0.05,0.08,0.15,0.37,1
9981,4,0.01,0.04,0.12,0.27,0.4,1
9982,2,0.19,0.36,0.48,0.59,0.74,2
9983,4,0.06,0.11,0.21,0.34,0.56,1
9984,3,0.06,0.1,0.23,0.43,0.65,1
9985,4,0.04,0.07,0.14,0.3,0.48,1
9986,1,0.31,0.42,0.62,0.8,0.85,1
9987,2,0.16,0.3,0.46,0.67,0.79,1
9988,4,0.06,0.08,0.09,0.26,0.35,1
9989,4,0.06,0.07,0.16,0.33,0.54,1
9990,2,0.2,0.33,0.54,0.71,0.81,2
9991,5,0.01,0.02,0.06,0.22,0.3,1
9992,1,0.37,0.47,0.56,0.76,0.86,1
9993,3,0.08,0.1,0.34,0.48,0.65,2
9994,4,0.01,0.04,0.13,0.33,0.5,1
9995,3,0.12,0.22,0.37,0.53,0.75,1
9996,2,0.24,0.3,0.45,0.61,0.8,1
9997,2,0.15,0.27,0.36,0.46,0.66,1
9998,5,0.02,0.03,0.05,0.15,0.33,1
9999,4,0.02,0.04,0.11,0.25,0.37,1
10000,5,0.01,0.04,0.08,0.2,0.33,1
