"Task_ID","Scenario","Source_Scenario","Scenario_Group","Scenario_Attempt","True_MTD","True_OBD","Target_Toxicity","Allocation","Nmax","Sample_Size","N_s1","N_s2","Model","Model_ID","Carryover_Model","CRM_r_Model","CRM_Prior_a","CRM_Prior_b","Efficacy_Model","Efficacy_Prior_a","Efficacy_Prior_b","Efficacy_Carryover_Prior_a","Efficacy_Carryover_Prior_b","Efficacy_Additive_Alpha_Prior_a","Efficacy_Additive_Alpha_Prior_b","Utility_Type","Lambda_T","Stage2_Allocation","Enrollment_Scheme","Arrival_Rate","T_assess","Cycle_Max","IPDE_Dose_Assignment","Toxicity_IPDE_Alpha","Efficacy_IPDE_Alpha","Efficacy_Threshold","Futility_Cutoff","Min_Eff_N_for_Futility","Recycle_Toxicity_Rule","Recycle_Efficacy_Rule","Dose","True_DLT_rate","True_Efficacy_rate","Estimated_CRM_pj","Estimated_Efficacy","Estimated_Utility","r_hat","r_cap","r_use","MTD_Selection_pct","OBD_Selection_pct","Pts_Treated","Unique_Pts_by_Dose","IPDE_Doses","Total_Administrations","Total_Unique_Patients","Early_Stopping_pct","Design_Early_Stopping_pct","No_OBD_Selection_pct","Duration","n_valid","ntrial_from_files"
1,1,1,"base_example",1,1,1,0.3,"two_stage",30,30,6,30,"CRM","additive_shared","additive_shared","previous_dose",0.15,0.85,"previous_dose_additive",0.5,0.5,0.15,0.85,0.15,0.85,3,1,"top2_randomized","continuous",0.0179,28,1,"any_admissible_dose",0,0,0.2,0.85,3,1,0,1,0.3,0.05,0.3439,0.0803,31.0656,0.1389,NA,NA,61.4,11.4,11.361,11.361,0,18.309,18.309,10.4,10.4,77.6,1014.8089,1000,1000
1,1,1,"base_example",1,1,1,0.3,"two_stage",30,30,6,30,"CRM","additive_shared","additive_shared","previous_dose",0.15,0.85,"previous_dose_additive",0.5,0.5,0.15,0.85,0.15,0.85,3,1,"top2_randomized","continuous",0.0179,28,1,"any_admissible_dose",0,0,0.2,0.85,3,1,0,2,0.35,0.06,0.3977,0.271,40.3528,0.1389,NA,NA,17,7.4,4.37,4.37,0,18.309,18.309,10.4,10.4,77.6,1014.8089,1000,1000
1,1,1,"base_example",1,1,1,0.3,"two_stage",30,30,6,30,"CRM","additive_shared","additive_shared","previous_dose",0.15,0.85,"previous_dose_additive",0.5,0.5,0.15,0.85,0.15,0.85,3,1,"top2_randomized","continuous",0.0179,28,1,"any_admissible_dose",0,0,0.2,0.85,3,1,0,3,0.4,0.07,0.4927,0.3711,42.5592,0.1389,NA,NA,9.2,3,1.784,1.784,0,18.309,18.309,10.4,10.4,77.6,1014.8089,1000,1000
1,1,1,"base_example",1,1,1,0.3,"two_stage",30,30,6,30,"CRM","additive_shared","additive_shared","previous_dose",0.15,0.85,"previous_dose_additive",0.5,0.5,0.15,0.85,0.15,0.85,3,1,"top2_randomized","continuous",0.0179,28,1,"any_admissible_dose",0,0,0.2,0.85,3,1,0,4,0.45,0.08,0.5362,0.4418,45.0638,0.1389,NA,NA,1.5,0.5,0.661,0.661,0,18.309,18.309,10.4,10.4,77.6,1014.8089,1000,1000
1,1,1,"base_example",1,1,1,0.3,"two_stage",30,30,6,30,"CRM","additive_shared","additive_shared","previous_dose",0.15,0.85,"previous_dose_additive",0.5,0.5,0.15,0.85,0.15,0.85,3,1,"top2_randomized","continuous",0.0179,28,1,"any_admissible_dose",0,0,0.2,0.85,3,1,0,5,0.5,0.09,0.6176,0.4861,44.4598,0.1389,NA,NA,0.5,0.1,0.133,0.133,0,18.309,18.309,10.4,10.4,77.6,1014.8089,1000,1000
2,16,1,"five_scenarios_txt",1,5,1,0.3,"two_stage",30,30,6,30,"CRM","additive_shared","additive_shared","previous_dose",0.15,0.85,"previous_dose_additive",0.5,0.5,0.15,0.85,0.15,0.85,3,1,"top2_randomized","continuous",0.0179,28,1,"any_admissible_dose",0,0,0.2,0.85,3,1,0,1,0.02,0.2,0.0421,0.2129,51.0893,0.1372,NA,NA,0.1,32.5,7.672,7.672,0,29.979,29.979,0,0,0.1,1663.3896,1000,1000
2,16,1,"five_scenarios_txt",1,5,1,0.3,"two_stage",30,30,6,30,"CRM","additive_shared","additive_shared","previous_dose",0.15,0.85,"previous_dose_additive",0.5,0.5,0.15,0.85,0.15,0.85,3,1,"top2_randomized","continuous",0.0179,28,1,"any_admissible_dose",0,0,0.2,0.85,3,1,0,2,0.06,0.2,0.0639,0.2081,49.9315,0.1372,NA,NA,0,25.4,6.879,6.879,0,29.979,29.979,0,0,0.1,1663.3896,1000,1000
2,16,1,"five_scenarios_txt",1,5,1,0.3,"two_stage",30,30,6,30,"CRM","additive_shared","additive_shared","previous_dose",0.15,0.85,"previous_dose_additive",0.5,0.5,0.15,0.85,0.15,0.85,3,1,"top2_randomized","continuous",0.0179,28,1,"any_admissible_dose",0,0,0.2,0.85,3,1,0,3,0.09,0.2,0.1182,0.206,47.6317,0.1372,NA,NA,0.6,15.8,5.606,5.606,0,29.979,29.979,0,0,0.1,1663.3896,1000,1000
2,16,1,"five_scenarios_txt",1,5,1,0.3,"two_stage",30,30,6,30,"CRM","additive_shared","additive_shared","previous_dose",0.15,0.85,"previous_dose_additive",0.5,0.5,0.15,0.85,0.15,0.85,3,1,"top2_randomized","continuous",0.0179,28,1,"any_admissible_dose",0,0,0.2,0.85,3,1,0,4,0.14,0.2,0.1508,0.2213,47.2481,0.1372,NA,NA,6.7,16.4,5.572,5.572,0,29.979,29.979,0,0,0.1,1663.3896,1000,1000
2,16,1,"five_scenarios_txt",1,5,1,0.3,"two_stage",30,30,6,30,"CRM","additive_shared","additive_shared","previous_dose",0.15,0.85,"previous_dose_additive",0.5,0.5,0.15,0.85,0.15,0.85,3,1,"top2_randomized","continuous",0.0179,28,1,"any_admissible_dose",0,0,0.2,0.85,3,1,0,5,0.26,0.2,0.2274,0.2384,45.209,0.1372,NA,NA,92.6,9.8,4.25,4.25,0,29.979,29.979,0,0,0.1,1663.3896,1000,1000
3,20,5,"five_scenarios_txt",1,3,2,0.3,"two_stage",30,30,6,30,"CRM","additive_shared","additive_shared","previous_dose",0.15,0.85,"previous_dose_additive",0.5,0.5,0.15,0.85,0.15,0.85,3,1,"top2_randomized","continuous",0.0179,28,1,"any_admissible_dose",0,0,0.2,0.85,3,1,0,1,0.07,0.05,0.1373,0.1111,41.1735,0.1397,NA,NA,2.1,7.5,7.085,7.085,0,29.616,29.616,0.1,0.1,3,1641.9968,1000,1000
3,20,5,"five_scenarios_txt",1,3,2,0.3,"two_stage",30,30,6,30,"CRM","additive_shared","additive_shared","previous_dose",0.15,0.85,"previous_dose_additive",0.5,0.5,0.15,0.85,0.15,0.85,3,1,"top2_randomized","continuous",0.0179,28,1,"any_admissible_dose",0,0,0.2,0.85,3,1,0,2,0.14,0.25,0.1814,0.2597,48.3216,0.1397,NA,NA,7.6,55.2,9.852,9.852,0,29.616,29.616,0.1,0.1,3,1641.9968,1000,1000
3,20,5,"five_scenarios_txt",1,3,2,0.3,"two_stage",30,30,6,30,"CRM","additive_shared","additive_shared","previous_dose",0.15,0.85,"previous_dose_additive",0.5,0.5,0.15,0.85,0.15,0.85,3,1,"top2_randomized","continuous",0.0179,28,1,"any_admissible_dose",0,0,0.2,0.85,3,1,0,3,0.31,0.25,0.272,0.2466,43.914,0.1397,NA,NA,39,22.5,7.118,7.118,0,29.616,29.616,0.1,0.1,3,1641.9968,1000,1000
3,20,5,"five_scenarios_txt",1,3,2,0.3,"two_stage",30,30,6,30,"CRM","additive_shared","additive_shared","previous_dose",0.15,0.85,"previous_dose_additive",0.5,0.5,0.15,0.85,0.15,0.85,3,1,"top2_randomized","continuous",0.0179,28,1,"any_admissible_dose",0,0,0.2,0.85,3,1,0,4,0.41,0.25,0.3185,0.3111,45.9219,0.1397,NA,NA,35.8,10,4.163,4.163,0,29.616,29.616,0.1,0.1,3,1641.9968,1000,1000
3,20,5,"five_scenarios_txt",1,3,2,0.3,"two_stage",30,30,6,30,"CRM","additive_shared","additive_shared","previous_dose",0.15,0.85,"previous_dose_additive",0.5,0.5,0.15,0.85,0.15,0.85,3,1,"top2_randomized","continuous",0.0179,28,1,"any_admissible_dose",0,0,0.2,0.85,3,1,0,5,0.52,0.25,0.4142,0.4147,48.3164,0.1397,NA,NA,15.4,1.8,1.398,1.398,0,29.616,29.616,0.1,0.1,3,1641.9968,1000,1000
4,24,4,"five_scenarios_txt",1,5,4,0.3,"two_stage",30,30,6,30,"CRM","additive_shared","additive_shared","previous_dose",0.15,0.85,"previous_dose_additive",0.5,0.5,0.15,0.85,0.15,0.85,3,1,"top2_randomized","continuous",0.0179,28,1,"any_admissible_dose",0,0,0.2,0.85,3,1,0,1,0.01,0.05,0.0297,0.1393,47.1732,0.1371,NA,NA,0,0.3,3.983,3.983,0,30,30,0,0,0,1664.1347,1000,1000
4,24,4,"five_scenarios_txt",1,5,4,0.3,"two_stage",30,30,6,30,"CRM","additive_shared","additive_shared","previous_dose",0.15,0.85,"previous_dose_additive",0.5,0.5,0.15,0.85,0.15,0.85,3,1,"top2_randomized","continuous",0.0179,28,1,"any_admissible_dose",0,0,0.2,0.85,3,1,0,2,0.02,0.08,0.047,0.1519,47.2351,0.1371,NA,NA,0,0.7,4.019,4.019,0,30,30,0,0,0,1664.1347,1000,1000
4,24,4,"five_scenarios_txt",1,5,4,0.3,"two_stage",30,30,6,30,"CRM","additive_shared","additive_shared","previous_dose",0.15,0.85,"previous_dose_additive",0.5,0.5,0.15,0.85,0.15,0.85,3,1,"top2_randomized","continuous",0.0179,28,1,"any_admissible_dose",0,0,0.2,0.85,3,1,0,3,0.05,0.2,0.0928,0.2144,49.1539,0.1371,NA,NA,0,3.5,4.829,4.829,0,30,30,0,0,0,1664.1347,1000,1000
4,24,4,"five_scenarios_txt",1,5,4,0.3,"two_stage",30,30,6,30,"CRM","additive_shared","additive_shared","previous_dose",0.15,0.85,"previous_dose_additive",0.5,0.5,0.15,0.85,0.15,0.85,3,1,"top2_randomized","continuous",0.0179,28,1,"any_admissible_dose",0,0,0.2,0.85,3,1,0,4,0.1,0.5,0.1217,0.4614,62.8183,0.1371,NA,NA,1.5,54.4,9.161,9.161,0,30,30,0,0,0,1664.1347,1000,1000
4,24,4,"five_scenarios_txt",1,5,4,0.3,"two_stage",30,30,6,30,"CRM","additive_shared","additive_shared","previous_dose",0.15,0.85,"previous_dose_additive",0.5,0.5,0.15,0.85,0.15,0.85,3,1,"top2_randomized","continuous",0.0179,28,1,"any_admissible_dose",0,0,0.2,0.85,3,1,0,5,0.25,0.5,0.1921,0.4572,59.7459,0.1371,NA,NA,98.5,41.1,8.008,8.008,0,30,30,0,0,0,1664.1347,1000,1000
5,27,2,"higher_gap_above_MTD",1,3,3,0.3,"two_stage",30,30,6,30,"CRM","additive_shared","additive_shared","previous_dose",0.15,0.85,"previous_dose_additive",0.5,0.5,0.15,0.85,0.15,0.85,3,1,"top2_randomized","continuous",0.0179,28,1,"any_admissible_dose",0,0,0.2,0.85,3,1,0,1,0.11,0.1,0.1637,0.1364,41.6348,0.139,NA,NA,4.5,12.2,8.452,8.452,0,29.25,29.25,0.2,0.2,6.1,1624.3246,1000,1000
5,27,2,"higher_gap_above_MTD",1,3,3,0.3,"two_stage",30,30,6,30,"CRM","additive_shared","additive_shared","previous_dose",0.15,0.85,"previous_dose_additive",0.5,0.5,0.15,0.85,0.15,0.85,3,1,"top2_randomized","continuous",0.0179,28,1,"any_admissible_dose",0,0,0.2,0.85,3,1,0,2,0.17,0.2,0.2114,0.2178,44.6125,0.139,NA,NA,15.7,26.8,8.31,8.31,0,29.25,29.25,0.2,0.2,6.1,1624.3246,1000,1000
5,27,2,"higher_gap_above_MTD",1,3,3,0.3,"two_stage",30,30,6,30,"CRM","additive_shared","additive_shared","previous_dose",0.15,0.85,"previous_dose_additive",0.5,0.5,0.15,0.85,0.15,0.85,3,1,"top2_randomized","continuous",0.0179,28,1,"any_admissible_dose",0,0,0.2,0.85,3,1,0,3,0.3,0.4,0.3065,0.3854,50.8612,0.139,NA,NA,48.5,42.5,7.934,7.934,0,29.25,29.25,0.2,0.2,6.1,1624.3246,1000,1000
5,27,2,"higher_gap_above_MTD",1,3,3,0.3,"two_stage",30,30,6,30,"CRM","additive_shared","additive_shared","previous_dose",0.15,0.85,"previous_dose_additive",0.5,0.5,0.15,0.85,0.15,0.85,3,1,"top2_randomized","continuous",0.0179,28,1,"any_admissible_dose",0,0,0.2,0.85,3,1,0,4,0.5,0.42,0.3542,0.4369,52.0487,0.139,NA,NA,26.4,11.3,3.644,3.644,0,29.25,29.25,0.2,0.2,6.1,1624.3246,1000,1000
5,27,2,"higher_gap_above_MTD",1,3,3,0.3,"two_stage",30,30,6,30,"CRM","additive_shared","additive_shared","previous_dose",0.15,0.85,"previous_dose_additive",0.5,0.5,0.15,0.85,0.15,0.85,3,1,"top2_randomized","continuous",0.0179,28,1,"any_admissible_dose",0,0,0.2,0.85,3,1,0,5,0.62,0.45,0.4501,0.4836,51.0097,0.139,NA,NA,4.7,1.1,0.91,0.91,0,29.25,29.25,0.2,0.2,6.1,1624.3246,1000,1000
6,38,38,"user_added",1,5,5,0.3,"two_stage",30,30,6,30,"CRM","additive_shared","additive_shared","previous_dose",0.15,0.85,"previous_dose_additive",0.5,0.5,0.15,0.85,0.15,0.85,3,1,"top2_randomized","continuous",0.0179,28,1,"any_admissible_dose",0,0,0.2,0.85,3,1,0,1,0.05,0.05,0.0632,0.1124,44.2133,0.1391,NA,NA,0.2,10.2,6.576,6.576,0,29.91,29.91,0,0,1.2,1659.917,1000,1000
6,38,38,"user_added",1,5,5,0.3,"two_stage",30,30,6,30,"CRM","additive_shared","additive_shared","previous_dose",0.15,0.85,"previous_dose_additive",0.5,0.5,0.15,0.85,0.15,0.85,3,1,"top2_randomized","continuous",0.0179,28,1,"any_admissible_dose",0,0,0.2,0.85,3,1,0,2,0.1,0.08,0.0916,0.1295,44.1043,0.1391,NA,NA,0.7,9.8,6.073,6.073,0,29.91,29.91,0,0,1.2,1659.917,1000,1000
6,38,38,"user_added",1,5,5,0.3,"two_stage",30,30,6,30,"CRM","additive_shared","additive_shared","previous_dose",0.15,0.85,"previous_dose_additive",0.5,0.5,0.15,0.85,0.15,0.85,3,1,"top2_randomized","continuous",0.0179,28,1,"any_admissible_dose",0,0,0.2,0.85,3,1,0,3,0.12,0.12,0.1583,0.159,43.2113,0.1391,NA,NA,3.4,9.8,5.064,5.064,0,29.91,29.91,0,0,1.2,1659.917,1000,1000
6,38,38,"user_added",1,5,5,0.3,"two_stage",30,30,6,30,"CRM","additive_shared","additive_shared","previous_dose",0.15,0.85,"previous_dose_additive",0.5,0.5,0.15,0.85,0.15,0.85,3,1,"top2_randomized","continuous",0.0179,28,1,"any_admissible_dose",0,0,0.2,0.85,3,1,0,4,0.15,0.15,0.1964,0.1928,43.7125,0.1391,NA,NA,16.9,9.8,5.106,5.106,0,29.91,29.91,0,0,1.2,1659.917,1000,1000
6,38,38,"user_added",1,5,5,0.3,"two_stage",30,30,6,30,"CRM","additive_shared","additive_shared","previous_dose",0.15,0.85,"previous_dose_additive",0.5,0.5,0.15,0.85,0.15,0.85,3,1,"top2_randomized","continuous",0.0179,28,1,"any_admissible_dose",0,0,0.2,0.85,3,1,0,5,0.3,0.5,0.2822,0.4688,56.8382,0.1391,NA,NA,78.8,59.2,7.091,7.091,0,29.91,29.91,0,0,1.2,1659.917,1000,1000
7,1,1,"base_example",1,1,1,0.3,"two_stage",30,30,6,30,"CRM","additive_shared","additive_shared","previous_dose",0.15,0.85,"previous_dose_additive",0.5,0.5,0.15,0.85,0.15,0.85,3,1,"highest_utility","continuous",0.0179,28,1,"any_admissible_dose",0,0,0.2,0.85,3,1,0,1,0.3,0.05,0.3422,0.0793,31.067,0.1366,NA,NA,63.4,10.3,11.556,11.556,0,18.357,18.357,9.5,9.8,77.3,1011.2864,1000,1000
7,1,1,"base_example",1,1,1,0.3,"two_stage",30,30,6,30,"CRM","additive_shared","additive_shared","previous_dose",0.15,0.85,"previous_dose_additive",0.5,0.5,0.15,0.85,0.15,0.85,3,1,"highest_utility","continuous",0.0179,28,1,"any_admissible_dose",0,0,0.2,0.85,3,1,0,2,0.35,0.06,0.3961,0.2691,40.3014,0.1366,NA,NA,15.8,8.5,4.212,4.212,0,18.357,18.357,9.5,9.8,77.3,1011.2864,1000,1000
7,1,1,"base_example",1,1,1,0.3,"two_stage",30,30,6,30,"CRM","additive_shared","additive_shared","previous_dose",0.15,0.85,"previous_dose_additive",0.5,0.5,0.15,0.85,0.15,0.85,3,1,"highest_utility","continuous",0.0179,28,1,"any_admissible_dose",0,0,0.2,0.85,3,1,0,3,0.4,0.07,0.4912,0.3654,42.2732,0.1366,NA,NA,8.2,3.3,1.749,1.749,0,18.357,18.357,9.5,9.8,77.3,1011.2864,1000,1000
7,1,1,"base_example",1,1,1,0.3,"two_stage",30,30,6,30,"CRM","additive_shared","additive_shared","previous_dose",0.15,0.85,"previous_dose_additive",0.5,0.5,0.15,0.85,0.15,0.85,3,1,"highest_utility","continuous",0.0179,28,1,"any_admissible_dose",0,0,0.2,0.85,3,1,0,4,0.45,0.08,0.5347,0.4435,45.2209,0.1366,NA,NA,2.8,0.6,0.684,0.684,0,18.357,18.357,9.5,9.8,77.3,1011.2864,1000,1000
7,1,1,"base_example",1,1,1,0.3,"two_stage",30,30,6,30,"CRM","additive_shared","additive_shared","previous_dose",0.15,0.85,"previous_dose_additive",0.5,0.5,0.15,0.85,0.15,0.85,3,1,"highest_utility","continuous",0.0179,28,1,"any_admissible_dose",0,0,0.2,0.85,3,1,0,5,0.5,0.09,0.6163,0.4841,44.391,0.1366,NA,NA,0.3,0,0.156,0.156,0,18.357,18.357,9.5,9.8,77.3,1011.2864,1000,1000
8,16,1,"five_scenarios_txt",1,5,1,0.3,"two_stage",30,30,6,30,"CRM","additive_shared","additive_shared","previous_dose",0.15,0.85,"previous_dose_additive",0.5,0.5,0.15,0.85,0.15,0.85,3,1,"highest_utility","continuous",0.0179,28,1,"any_admissible_dose",0,0,0.2,0.85,3,1,0,1,0.02,0.2,0.0424,0.2026,50.4576,0.1396,NA,NA,0,30.4,7.785,7.785,0,30,30,0,0,0,1664.1426,1000,1000
8,16,1,"five_scenarios_txt",1,5,1,0.3,"two_stage",30,30,6,30,"CRM","additive_shared","additive_shared","previous_dose",0.15,0.85,"previous_dose_additive",0.5,0.5,0.15,0.85,0.15,0.85,3,1,"highest_utility","continuous",0.0179,28,1,"any_admissible_dose",0,0,0.2,0.85,3,1,0,2,0.06,0.2,0.0643,0.1985,49.3369,0.1396,NA,NA,0,23,6.798,6.798,0,30,30,0,0,0,1664.1426,1000,1000
8,16,1,"five_scenarios_txt",1,5,1,0.3,"two_stage",30,30,6,30,"CRM","additive_shared","additive_shared","previous_dose",0.15,0.85,"previous_dose_additive",0.5,0.5,0.15,0.85,0.15,0.85,3,1,"highest_utility","continuous",0.0179,28,1,"any_admissible_dose",0,0,0.2,0.85,3,1,0,3,0.09,0.2,0.1188,0.2079,47.7209,0.1396,NA,NA,0.9,19.1,5.691,5.691,0,30,30,0,0,0,1664.1426,1000,1000
8,16,1,"five_scenarios_txt",1,5,1,0.3,"two_stage",30,30,6,30,"CRM","additive_shared","additive_shared","previous_dose",0.15,0.85,"previous_dose_additive",0.5,0.5,0.15,0.85,0.15,0.85,3,1,"highest_utility","continuous",0.0179,28,1,"any_admissible_dose",0,0,0.2,0.85,3,1,0,4,0.14,0.2,0.1515,0.2199,47.1353,0.1396,NA,NA,8.7,16.9,5.421,5.421,0,30,30,0,0,0,1664.1426,1000,1000
8,16,1,"five_scenarios_txt",1,5,1,0.3,"two_stage",30,30,6,30,"CRM","additive_shared","additive_shared","previous_dose",0.15,0.85,"previous_dose_additive",0.5,0.5,0.15,0.85,0.15,0.85,3,1,"highest_utility","continuous",0.0179,28,1,"any_admissible_dose",0,0,0.2,0.85,3,1,0,5,0.26,0.2,0.2284,0.2484,45.7656,0.1396,NA,NA,90.4,10.6,4.305,4.305,0,30,30,0,0,0,1664.1426,1000,1000
9,20,5,"five_scenarios_txt",1,3,2,0.3,"two_stage",30,30,6,30,"CRM","additive_shared","additive_shared","previous_dose",0.15,0.85,"previous_dose_additive",0.5,0.5,0.15,0.85,0.15,0.85,3,1,"highest_utility","continuous",0.0179,28,1,"any_admissible_dose",0,0,0.2,0.85,3,1,0,1,0.07,0.05,0.1415,0.1187,41.465,0.1392,NA,NA,2.6,8.8,5.961,5.961,0,29.469,29.469,0.1,0.1,3.3,1633.0788,1000,1000
9,20,5,"five_scenarios_txt",1,3,2,0.3,"two_stage",30,30,6,30,"CRM","additive_shared","additive_shared","previous_dose",0.15,0.85,"previous_dose_additive",0.5,0.5,0.15,0.85,0.15,0.85,3,1,"highest_utility","continuous",0.0179,28,1,"any_admissible_dose",0,0,0.2,0.85,3,1,0,2,0.14,0.25,0.186,0.2411,47.0239,0.1392,NA,NA,8.9,51.7,10.596,10.596,0,29.469,29.469,0.1,0.1,3.3,1633.0788,1000,1000
9,20,5,"five_scenarios_txt",1,3,2,0.3,"two_stage",30,30,6,30,"CRM","additive_shared","additive_shared","previous_dose",0.15,0.85,"previous_dose_additive",0.5,0.5,0.15,0.85,0.15,0.85,3,1,"highest_utility","continuous",0.0179,28,1,"any_admissible_dose",0,0,0.2,0.85,3,1,0,3,0.31,0.25,0.277,0.2477,43.7793,0.1392,NA,NA,41.5,24.6,7.239,7.239,0,29.469,29.469,0.1,0.1,3.3,1633.0788,1000,1000
9,20,5,"five_scenarios_txt",1,3,2,0.3,"two_stage",30,30,6,30,"CRM","additive_shared","additive_shared","previous_dose",0.15,0.85,"previous_dose_additive",0.5,0.5,0.15,0.85,0.15,0.85,3,1,"highest_utility","continuous",0.0179,28,1,"any_admissible_dose",0,0,0.2,0.85,3,1,0,4,0.41,0.25,0.3237,0.321,46.3148,0.1392,NA,NA,33.2,9.5,4.221,4.221,0,29.469,29.469,0.1,0.1,3.3,1633.0788,1000,1000
9,20,5,"five_scenarios_txt",1,3,2,0.3,"two_stage",30,30,6,30,"CRM","additive_shared","additive_shared","previous_dose",0.15,0.85,"previous_dose_additive",0.5,0.5,0.15,0.85,0.15,0.85,3,1,"highest_utility","continuous",0.0179,28,1,"any_admissible_dose",0,0,0.2,0.85,3,1,0,5,0.52,0.25,0.4192,0.4222,48.5619,0.1392,NA,NA,13.7,2.1,1.452,1.452,0,29.469,29.469,0.1,0.1,3.3,1633.0788,1000,1000
10,24,4,"five_scenarios_txt",1,5,4,0.3,"two_stage",30,30,6,30,"CRM","additive_shared","additive_shared","previous_dose",0.15,0.85,"previous_dose_additive",0.5,0.5,0.15,0.85,0.15,0.85,3,1,"highest_utility","continuous",0.0179,28,1,"any_admissible_dose",0,0,0.2,0.85,3,1,0,1,0.01,0.05,0.0305,0.1506,47.8151,0.1379,NA,NA,0,1.7,3.489,3.489,0,30,30,0,0,0,1664.1426,1000,1000
10,24,4,"five_scenarios_txt",1,5,4,0.3,"two_stage",30,30,6,30,"CRM","additive_shared","additive_shared","previous_dose",0.15,0.85,"previous_dose_additive",0.5,0.5,0.15,0.85,0.15,0.85,3,1,"highest_utility","continuous",0.0179,28,1,"any_admissible_dose",0,0,0.2,0.85,3,1,0,2,0.02,0.08,0.0482,0.1644,47.9353,0.1379,NA,NA,0,1.1,3.489,3.489,0,30,30,0,0,0,1664.1426,1000,1000
10,24,4,"five_scenarios_txt",1,5,4,0.3,"two_stage",30,30,6,30,"CRM","additive_shared","additive_shared","previous_dose",0.15,0.85,"previous_dose_additive",0.5,0.5,0.15,0.85,0.15,0.85,3,1,"highest_utility","continuous",0.0179,28,1,"any_admissible_dose",0,0,0.2,0.85,3,1,0,3,0.05,0.2,0.095,0.2308,50.0477,0.1379,NA,NA,0,5.7,4.245,4.245,0,30,30,0,0,0,1664.1426,1000,1000
10,24,4,"five_scenarios_txt",1,5,4,0.3,"two_stage",30,30,6,30,"CRM","additive_shared","additive_shared","previous_dose",0.15,0.85,"previous_dose_additive",0.5,0.5,0.15,0.85,0.15,0.85,3,1,"highest_utility","continuous",0.0179,28,1,"any_admissible_dose",0,0,0.2,0.85,3,1,0,4,0.1,0.5,0.1243,0.4417,61.5296,0.1379,NA,NA,5,56.6,10.836,10.836,0,30,30,0,0,0,1664.1426,1000,1000
10,24,4,"five_scenarios_txt",1,5,4,0.3,"two_stage",30,30,6,30,"CRM","additive_shared","additive_shared","previous_dose",0.15,0.85,"previous_dose_additive",0.5,0.5,0.15,0.85,0.15,0.85,3,1,"highest_utility","continuous",0.0179,28,1,"any_admissible_dose",0,0,0.2,0.85,3,1,0,5,0.25,0.5,0.1958,0.4411,58.6346,0.1379,NA,NA,95,34.9,7.941,7.941,0,30,30,0,0,0,1664.1426,1000,1000
11,27,2,"higher_gap_above_MTD",1,3,3,0.3,"two_stage",30,30,6,30,"CRM","additive_shared","additive_shared","previous_dose",0.15,0.85,"previous_dose_additive",0.5,0.5,0.15,0.85,0.15,0.85,3,1,"highest_utility","continuous",0.0179,28,1,"any_admissible_dose",0,0,0.2,0.85,3,1,0,1,0.11,0.1,0.1682,0.1416,41.7666,0.1387,NA,NA,5.8,14,7.467,7.467,0,29.109,29.109,0.2,0.2,6.6,1613.6724,1000,1000
11,27,2,"higher_gap_above_MTD",1,3,3,0.3,"two_stage",30,30,6,30,"CRM","additive_shared","additive_shared","previous_dose",0.15,0.85,"previous_dose_additive",0.5,0.5,0.15,0.85,0.15,0.85,3,1,"highest_utility","continuous",0.0179,28,1,"any_admissible_dose",0,0,0.2,0.85,3,1,0,2,0.17,0.2,0.2162,0.2157,44.2905,0.1387,NA,NA,17.3,25.1,7.665,7.665,0,29.109,29.109,0.2,0.2,6.6,1613.6724,1000,1000
11,27,2,"higher_gap_above_MTD",1,3,3,0.3,"two_stage",30,30,6,30,"CRM","additive_shared","additive_shared","previous_dose",0.15,0.85,"previous_dose_additive",0.5,0.5,0.15,0.85,0.15,0.85,3,1,"highest_utility","continuous",0.0179,28,1,"any_admissible_dose",0,0,0.2,0.85,3,1,0,3,0.3,0.4,0.3115,0.376,50.098,0.1387,NA,NA,50.6,43.9,9.294,9.294,0,29.109,29.109,0.2,0.2,6.6,1613.6724,1000,1000
11,27,2,"higher_gap_above_MTD",1,3,3,0.3,"two_stage",30,30,6,30,"CRM","additive_shared","additive_shared","previous_dose",0.15,0.85,"previous_dose_additive",0.5,0.5,0.15,0.85,0.15,0.85,3,1,"highest_utility","continuous",0.0179,28,1,"any_admissible_dose",0,0,0.2,0.85,3,1,0,4,0.5,0.42,0.3591,0.4411,52.101,0.1387,NA,NA,21.8,9.4,3.747,3.747,0,29.109,29.109,0.2,0.2,6.6,1613.6724,1000,1000
11,27,2,"higher_gap_above_MTD",1,3,3,0.3,"two_stage",30,30,6,30,"CRM","additive_shared","additive_shared","previous_dose",0.15,0.85,"previous_dose_additive",0.5,0.5,0.15,0.85,0.15,0.85,3,1,"highest_utility","continuous",0.0179,28,1,"any_admissible_dose",0,0,0.2,0.85,3,1,0,5,0.62,0.45,0.4548,0.4852,50.924,0.1387,NA,NA,4.3,1,0.936,0.936,0,29.109,29.109,0.2,0.2,6.6,1613.6724,1000,1000
12,38,38,"user_added",1,5,5,0.3,"two_stage",30,30,6,30,"CRM","additive_shared","additive_shared","previous_dose",0.15,0.85,"previous_dose_additive",0.5,0.5,0.15,0.85,0.15,0.85,3,1,"highest_utility","continuous",0.0179,28,1,"any_admissible_dose",0,0,0.2,0.85,3,1,0,1,0.05,0.05,0.0653,0.1237,44.8138,0.1361,NA,NA,0.8,9.7,5.469,5.469,0,29.817,29.817,0,0,1,1653.4142,1000,1000
12,38,38,"user_added",1,5,5,0.3,"two_stage",30,30,6,30,"CRM","additive_shared","additive_shared","previous_dose",0.15,0.85,"previous_dose_additive",0.5,0.5,0.15,0.85,0.15,0.85,3,1,"highest_utility","continuous",0.0179,28,1,"any_admissible_dose",0,0,0.2,0.85,3,1,0,2,0.1,0.08,0.0942,0.1453,44.9492,0.1361,NA,NA,0.3,11.3,5.13,5.13,0,29.817,29.817,0,0,1,1653.4142,1000,1000
12,38,38,"user_added",1,5,5,0.3,"two_stage",30,30,6,30,"CRM","additive_shared","additive_shared","previous_dose",0.15,0.85,"previous_dose_additive",0.5,0.5,0.15,0.85,0.15,0.85,3,1,"highest_utility","continuous",0.0179,28,1,"any_admissible_dose",0,0,0.2,0.85,3,1,0,3,0.12,0.12,0.1618,0.169,43.6671,0.1361,NA,NA,3.8,11.5,4.506,4.506,0,29.817,29.817,0,0,1,1653.4142,1000,1000
12,38,38,"user_added",1,5,5,0.3,"two_stage",30,30,6,30,"CRM","additive_shared","additive_shared","previous_dose",0.15,0.85,"previous_dose_additive",0.5,0.5,0.15,0.85,0.15,0.85,3,1,"highest_utility","continuous",0.0179,28,1,"any_admissible_dose",0,0,0.2,0.85,3,1,0,4,0.15,0.15,0.2004,0.2013,44.0615,0.1361,NA,NA,17.4,8.7,4.938,4.938,0,29.817,29.817,0,0,1,1653.4142,1000,1000
12,38,38,"user_added",1,5,5,0.3,"two_stage",30,30,6,30,"CRM","additive_shared","additive_shared","previous_dose",0.15,0.85,"previous_dose_additive",0.5,0.5,0.15,0.85,0.15,0.85,3,1,"highest_utility","continuous",0.0179,28,1,"any_admissible_dose",0,0,0.2,0.85,3,1,0,5,0.3,0.5,0.287,0.4588,56.0488,0.1361,NA,NA,77.7,57.8,9.774,9.774,0,29.817,29.817,0,0,1,1653.4142,1000,1000
13,1,1,"base_example",1,1,1,0.3,"one_stage",30,30,30,30,"CRM","additive_shared","additive_shared","previous_dose",0.15,0.85,"previous_dose_additive",0.5,0.5,0.15,0.85,0.15,0.85,3,1,"highest_utility","continuous",0.0179,28,1,"any_admissible_dose",0,0,0.2,0.85,3,1,0,1,0.3,0.05,0.3428,0.0782,30.9765,0.1362,NA,NA,63.9,10.2,11.667,11.667,0,18.042,18.042,9.4,9.5,78.7,994.8051,1000,1000
13,1,1,"base_example",1,1,1,0.3,"one_stage",30,30,30,30,"CRM","additive_shared","additive_shared","previous_dose",0.15,0.85,"previous_dose_additive",0.5,0.5,0.15,0.85,0.15,0.85,3,1,"highest_utility","continuous",0.0179,28,1,"any_admissible_dose",0,0,0.2,0.85,3,1,0,2,0.35,0.06,0.3967,0.2702,40.3449,0.1362,NA,NA,15.9,6.7,4.08,4.08,0,18.042,18.042,9.4,9.5,78.7,994.8051,1000,1000
13,1,1,"base_example",1,1,1,0.3,"one_stage",30,30,30,30,"CRM","additive_shared","additive_shared","previous_dose",0.15,0.85,"previous_dose_additive",0.5,0.5,0.15,0.85,0.15,0.85,3,1,"highest_utility","continuous",0.0179,28,1,"any_admissible_dose",0,0,0.2,0.85,3,1,0,3,0.4,0.07,0.4918,0.3683,42.4272,0.1362,NA,NA,8.2,3.7,1.548,1.548,0,18.042,18.042,9.4,9.5,78.7,994.8051,1000,1000
13,1,1,"base_example",1,1,1,0.3,"one_stage",30,30,30,30,"CRM","additive_shared","additive_shared","previous_dose",0.15,0.85,"previous_dose_additive",0.5,0.5,0.15,0.85,0.15,0.85,3,1,"highest_utility","continuous",0.0179,28,1,"any_admissible_dose",0,0,0.2,0.85,3,1,0,4,0.45,0.08,0.5353,0.4465,45.377,0.1362,NA,NA,2.1,0.6,0.6,0.6,0,18.042,18.042,9.4,9.5,78.7,994.8051,1000,1000
13,1,1,"base_example",1,1,1,0.3,"one_stage",30,30,30,30,"CRM","additive_shared","additive_shared","previous_dose",0.15,0.85,"previous_dose_additive",0.5,0.5,0.15,0.85,0.15,0.85,3,1,"highest_utility","continuous",0.0179,28,1,"any_admissible_dose",0,0,0.2,0.85,3,1,0,5,0.5,0.09,0.6169,0.4862,44.5004,0.1362,NA,NA,0.5,0.1,0.147,0.147,0,18.042,18.042,9.4,9.5,78.7,994.8051,1000,1000
14,16,1,"five_scenarios_txt",1,5,1,0.3,"one_stage",30,30,30,30,"CRM","additive_shared","additive_shared","previous_dose",0.15,0.85,"previous_dose_additive",0.5,0.5,0.15,0.85,0.15,0.85,3,1,"highest_utility","continuous",0.0179,28,1,"any_admissible_dose",0,0,0.2,0.85,3,1,0,1,0.02,0.2,0.0414,0.2005,50.3727,0.139,NA,NA,0,29.4,7.905,7.905,0,30,30,0,0,0,1664.1426,1000,1000
14,16,1,"five_scenarios_txt",1,5,1,0.3,"one_stage",30,30,30,30,"CRM","additive_shared","additive_shared","previous_dose",0.15,0.85,"previous_dose_additive",0.5,0.5,0.15,0.85,0.15,0.85,3,1,"highest_utility","continuous",0.0179,28,1,"any_admissible_dose",0,0,0.2,0.85,3,1,0,2,0.06,0.2,0.063,0.1961,49.2488,0.139,NA,NA,0,23.1,6.948,6.948,0,30,30,0,0,0,1664.1426,1000,1000
14,16,1,"five_scenarios_txt",1,5,1,0.3,"one_stage",30,30,30,30,"CRM","additive_shared","additive_shared","previous_dose",0.15,0.85,"previous_dose_additive",0.5,0.5,0.15,0.85,0.15,0.85,3,1,"highest_utility","continuous",0.0179,28,1,"any_admissible_dose",0,0,0.2,0.85,3,1,0,3,0.09,0.2,0.1169,0.2098,47.913,0.139,NA,NA,1.2,20.8,5.721,5.721,0,30,30,0,0,0,1664.1426,1000,1000
14,16,1,"five_scenarios_txt",1,5,1,0.3,"one_stage",30,30,30,30,"CRM","additive_shared","additive_shared","previous_dose",0.15,0.85,"previous_dose_additive",0.5,0.5,0.15,0.85,0.15,0.85,3,1,"highest_utility","continuous",0.0179,28,1,"any_admissible_dose",0,0,0.2,0.85,3,1,0,4,0.14,0.2,0.1493,0.2215,47.3165,0.139,NA,NA,10.8,16.9,5.367,5.367,0,30,30,0,0,0,1664.1426,1000,1000
14,16,1,"five_scenarios_txt",1,5,1,0.3,"one_stage",30,30,30,30,"CRM","additive_shared","additive_shared","previous_dose",0.15,0.85,"previous_dose_additive",0.5,0.5,0.15,0.85,0.15,0.85,3,1,"highest_utility","continuous",0.0179,28,1,"any_admissible_dose",0,0,0.2,0.85,3,1,0,5,0.26,0.2,0.2257,0.256,46.3321,0.139,NA,NA,88,9.8,4.059,4.059,0,30,30,0,0,0,1664.1426,1000,1000
15,20,5,"five_scenarios_txt",1,3,2,0.3,"one_stage",30,30,30,30,"CRM","additive_shared","additive_shared","previous_dose",0.15,0.85,"previous_dose_additive",0.5,0.5,0.15,0.85,0.15,0.85,3,1,"highest_utility","continuous",0.0179,28,1,"any_admissible_dose",0,0,0.2,0.85,3,1,0,1,0.07,0.05,0.1394,0.1159,41.3781,0.1396,NA,NA,2.7,8.6,6.303,6.303,0,29.427,29.427,0.1,0.1,3.8,1630.3838,1000,1000
15,20,5,"five_scenarios_txt",1,3,2,0.3,"one_stage",30,30,30,30,"CRM","additive_shared","additive_shared","previous_dose",0.15,0.85,"previous_dose_additive",0.5,0.5,0.15,0.85,0.15,0.85,3,1,"highest_utility","continuous",0.0179,28,1,"any_admissible_dose",0,0,0.2,0.85,3,1,0,2,0.14,0.25,0.1836,0.2384,46.9612,0.1396,NA,NA,8.9,50.6,11.199,11.199,0,29.427,29.427,0.1,0.1,3.8,1630.3838,1000,1000
15,20,5,"five_scenarios_txt",1,3,2,0.3,"one_stage",30,30,30,30,"CRM","additive_shared","additive_shared","previous_dose",0.15,0.85,"previous_dose_additive",0.5,0.5,0.15,0.85,0.15,0.85,3,1,"highest_utility","continuous",0.0179,28,1,"any_admissible_dose",0,0,0.2,0.85,3,1,0,3,0.31,0.25,0.2742,0.2476,43.8891,0.1396,NA,NA,39.3,23.4,6.684,6.684,0,29.427,29.427,0.1,0.1,3.8,1630.3838,1000,1000
15,20,5,"five_scenarios_txt",1,3,2,0.3,"one_stage",30,30,30,30,"CRM","additive_shared","additive_shared","previous_dose",0.15,0.85,"previous_dose_additive",0.5,0.5,0.15,0.85,0.15,0.85,3,1,"highest_utility","continuous",0.0179,28,1,"any_admissible_dose",0,0,0.2,0.85,3,1,0,4,0.41,0.25,0.3207,0.3208,46.423,0.1396,NA,NA,36.4,11,3.93,3.93,0,29.427,29.427,0.1,0.1,3.8,1630.3838,1000,1000
15,20,5,"five_scenarios_txt",1,3,2,0.3,"one_stage",30,30,30,30,"CRM","additive_shared","additive_shared","previous_dose",0.15,0.85,"previous_dose_additive",0.5,0.5,0.15,0.85,0.15,0.85,3,1,"highest_utility","continuous",0.0179,28,1,"any_admissible_dose",0,0,0.2,0.85,3,1,0,5,0.52,0.25,0.4162,0.4273,48.99,0.1396,NA,NA,12.6,2.6,1.311,1.311,0,29.427,29.427,0.1,0.1,3.8,1630.3838,1000,1000
16,24,4,"five_scenarios_txt",1,5,4,0.3,"one_stage",30,30,30,30,"CRM","additive_shared","additive_shared","previous_dose",0.15,0.85,"previous_dose_additive",0.5,0.5,0.15,0.85,0.15,0.85,3,1,"highest_utility","continuous",0.0179,28,1,"any_admissible_dose",0,0,0.2,0.85,3,1,0,1,0.01,0.05,0.0289,0.1487,47.7649,0.1376,NA,NA,0,1.4,3.543,3.543,0,30,30,0,0,0,1664.1426,1000,1000
16,24,4,"five_scenarios_txt",1,5,4,0.3,"one_stage",30,30,30,30,"CRM","additive_shared","additive_shared","previous_dose",0.15,0.85,"previous_dose_additive",0.5,0.5,0.15,0.85,0.15,0.85,3,1,"highest_utility","continuous",0.0179,28,1,"any_admissible_dose",0,0,0.2,0.85,3,1,0,2,0.02,0.08,0.046,0.1628,47.9286,0.1376,NA,NA,0,2.1,3.501,3.501,0,30,30,0,0,0,1664.1426,1000,1000
16,24,4,"five_scenarios_txt",1,5,4,0.3,"one_stage",30,30,30,30,"CRM","additive_shared","additive_shared","previous_dose",0.15,0.85,"previous_dose_additive",0.5,0.5,0.15,0.85,0.15,0.85,3,1,"highest_utility","continuous",0.0179,28,1,"any_admissible_dose",0,0,0.2,0.85,3,1,0,3,0.05,0.2,0.0912,0.23,50.1536,0.1376,NA,NA,0,5.7,4.383,4.383,0,30,30,0,0,0,1664.1426,1000,1000
16,24,4,"five_scenarios_txt",1,5,4,0.3,"one_stage",30,30,30,30,"CRM","additive_shared","additive_shared","previous_dose",0.15,0.85,"previous_dose_additive",0.5,0.5,0.15,0.85,0.15,0.85,3,1,"highest_utility","continuous",0.0179,28,1,"any_admissible_dose",0,0,0.2,0.85,3,1,0,4,0.1,0.5,0.1197,0.4332,61.2027,0.1376,NA,NA,34,59.2,12.429,12.429,0,30,30,0,0,0,1664.1426,1000,1000
16,24,4,"five_scenarios_txt",1,5,4,0.3,"one_stage",30,30,30,30,"CRM","additive_shared","additive_shared","previous_dose",0.15,0.85,"previous_dose_additive",0.5,0.5,0.15,0.85,0.15,0.85,3,1,"highest_utility","continuous",0.0179,28,1,"any_admissible_dose",0,0,0.2,0.85,3,1,0,5,0.25,0.5,0.1896,0.4606,60.0513,0.1376,NA,NA,66,31.6,6.144,6.144,0,30,30,0,0,0,1664.1426,1000,1000
17,27,2,"higher_gap_above_MTD",1,3,3,0.3,"one_stage",30,30,30,30,"CRM","additive_shared","additive_shared","previous_dose",0.15,0.85,"previous_dose_additive",0.5,0.5,0.15,0.85,0.15,0.85,3,1,"highest_utility","continuous",0.0179,28,1,"any_admissible_dose",0,0,0.2,0.85,3,1,0,1,0.11,0.1,0.1656,0.138,41.6558,0.1392,NA,NA,6.3,14.1,8.112,8.112,0,29.043,29.043,0.2,0.2,7.2,1610.0962,1000,1000
17,27,2,"higher_gap_above_MTD",1,3,3,0.3,"one_stage",30,30,30,30,"CRM","additive_shared","additive_shared","previous_dose",0.15,0.85,"previous_dose_additive",0.5,0.5,0.15,0.85,0.15,0.85,3,1,"highest_utility","continuous",0.0179,28,1,"any_admissible_dose",0,0,0.2,0.85,3,1,0,2,0.17,0.2,0.2133,0.2089,44.0006,0.1392,NA,NA,15.5,25.3,7.701,7.701,0,29.043,29.043,0.2,0.2,7.2,1610.0962,1000,1000
17,27,2,"higher_gap_above_MTD",1,3,3,0.3,"one_stage",30,30,30,30,"CRM","additive_shared","additive_shared","previous_dose",0.15,0.85,"previous_dose_additive",0.5,0.5,0.15,0.85,0.15,0.85,3,1,"highest_utility","continuous",0.0179,28,1,"any_admissible_dose",0,0,0.2,0.85,3,1,0,3,0.3,0.4,0.3082,0.3646,49.5505,0.1392,NA,NA,51.6,42,9.246,9.246,0,29.043,29.043,0.2,0.2,7.2,1610.0962,1000,1000
17,27,2,"higher_gap_above_MTD",1,3,3,0.3,"one_stage",30,30,30,30,"CRM","additive_shared","additive_shared","previous_dose",0.15,0.85,"previous_dose_additive",0.5,0.5,0.15,0.85,0.15,0.85,3,1,"highest_utility","continuous",0.0179,28,1,"any_admissible_dose",0,0,0.2,0.85,3,1,0,4,0.5,0.42,0.3557,0.4437,52.3929,0.1392,NA,NA,22.9,10.6,3.396,3.396,0,29.043,29.043,0.2,0.2,7.2,1610.0962,1000,1000
17,27,2,"higher_gap_above_MTD",1,3,3,0.3,"one_stage",30,30,30,30,"CRM","additive_shared","additive_shared","previous_dose",0.15,0.85,"previous_dose_additive",0.5,0.5,0.15,0.85,0.15,0.85,3,1,"highest_utility","continuous",0.0179,28,1,"any_admissible_dose",0,0,0.2,0.85,3,1,0,5,0.62,0.45,0.4513,0.488,51.2283,0.1392,NA,NA,3.5,0.8,0.588,0.588,0,29.043,29.043,0.2,0.2,7.2,1610.0962,1000,1000
18,38,38,"user_added",1,5,5,0.3,"one_stage",30,30,30,30,"CRM","additive_shared","additive_shared","previous_dose",0.15,0.85,"previous_dose_additive",0.5,0.5,0.15,0.85,0.15,0.85,3,1,"highest_utility","continuous",0.0179,28,1,"any_admissible_dose",0,0,0.2,0.85,3,1,0,1,0.05,0.05,0.0661,0.1226,44.7107,0.1351,NA,NA,0.8,9.4,5.625,5.625,0,29.811,29.811,0,0,1.4,1652.9709,1000,1000
18,38,38,"user_added",1,5,5,0.3,"one_stage",30,30,30,30,"CRM","additive_shared","additive_shared","previous_dose",0.15,0.85,"previous_dose_additive",0.5,0.5,0.15,0.85,0.15,0.85,3,1,"highest_utility","continuous",0.0179,28,1,"any_admissible_dose",0,0,0.2,0.85,3,1,0,2,0.1,0.08,0.0952,0.1423,44.7278,0.1351,NA,NA,0.4,10.7,5.199,5.199,0,29.811,29.811,0,0,1.4,1652.9709,1000,1000
18,38,38,"user_added",1,5,5,0.3,"one_stage",30,30,30,30,"CRM","additive_shared","additive_shared","previous_dose",0.15,0.85,"previous_dose_additive",0.5,0.5,0.15,0.85,0.15,0.85,3,1,"highest_utility","continuous",0.0179,28,1,"any_admissible_dose",0,0,0.2,0.85,3,1,0,3,0.12,0.12,0.1631,0.1687,43.602,0.1351,NA,NA,4.6,10.7,4.584,4.584,0,29.811,29.811,0,0,1.4,1652.9709,1000,1000
18,38,38,"user_added",1,5,5,0.3,"one_stage",30,30,30,30,"CRM","additive_shared","additive_shared","previous_dose",0.15,0.85,"previous_dose_additive",0.5,0.5,0.15,0.85,0.15,0.85,3,1,"highest_utility","continuous",0.0179,28,1,"any_admissible_dose",0,0,0.2,0.85,3,1,0,4,0.15,0.15,0.2017,0.1979,43.8073,0.1351,NA,NA,17.2,8.3,4.815,4.815,0,29.811,29.811,0,0,1.4,1652.9709,1000,1000
18,38,38,"user_added",1,5,5,0.3,"one_stage",30,30,30,30,"CRM","additive_shared","additive_shared","previous_dose",0.15,0.85,"previous_dose_additive",0.5,0.5,0.15,0.85,0.15,0.85,3,1,"highest_utility","continuous",0.0179,28,1,"any_admissible_dose",0,0,0.2,0.85,3,1,0,5,0.3,0.5,0.2884,0.4628,56.2301,0.1351,NA,NA,77,59.5,9.588,9.588,0,29.811,29.811,0,0,1.4,1652.9709,1000,1000
19,1,1,"base_example",1,1,1,0.3,"two_stage",30,30,6,30,"CRM","additive_shared","additive_shared","previous_dose",0.15,0.85,"previous_dose_additive",0.5,0.5,0.15,0.85,0.15,0.85,3,1,"top2_randomized","continuous",0.0179,28,1,"any_admissible_dose",0.3,0.3,0.2,0.85,3,1,0,1,0.3,0.05,0.3438,0.08,31.0481,0.1382,NA,NA,61.1,10.7,11.363,11.363,0,18.324,18.324,10.4,10.4,77.9,1014.9614,1000,1000
19,1,1,"base_example",1,1,1,0.3,"two_stage",30,30,6,30,"CRM","additive_shared","additive_shared","previous_dose",0.15,0.85,"previous_dose_additive",0.5,0.5,0.15,0.85,0.15,0.85,3,1,"top2_randomized","continuous",0.0179,28,1,"any_admissible_dose",0.3,0.3,0.2,0.85,3,1,0,2,0.35,0.06,0.3976,0.2705,40.3227,0.1382,NA,NA,17.2,7.7,4.377,4.377,0,18.324,18.324,10.4,10.4,77.9,1014.9614,1000,1000
19,1,1,"base_example",1,1,1,0.3,"two_stage",30,30,6,30,"CRM","additive_shared","additive_shared","previous_dose",0.15,0.85,"previous_dose_additive",0.5,0.5,0.15,0.85,0.15,0.85,3,1,"top2_randomized","continuous",0.0179,28,1,"any_admissible_dose",0.3,0.3,0.2,0.85,3,1,0,3,0.4,0.07,0.4927,0.3704,42.5161,0.1382,NA,NA,9.1,3.1,1.786,1.786,0,18.324,18.324,10.4,10.4,77.9,1014.9614,1000,1000
19,1,1,"base_example",1,1,1,0.3,"two_stage",30,30,6,30,"CRM","additive_shared","additive_shared","previous_dose",0.15,0.85,"previous_dose_additive",0.5,0.5,0.15,0.85,0.15,0.85,3,1,"top2_randomized","continuous",0.0179,28,1,"any_admissible_dose",0.3,0.3,0.2,0.85,3,1,0,4,0.45,0.08,0.5361,0.4414,45.0375,0.1382,NA,NA,1.7,0.5,0.661,0.661,0,18.324,18.324,10.4,10.4,77.9,1014.9614,1000,1000
19,1,1,"base_example",1,1,1,0.3,"two_stage",30,30,6,30,"CRM","additive_shared","additive_shared","previous_dose",0.15,0.85,"previous_dose_additive",0.5,0.5,0.15,0.85,0.15,0.85,3,1,"top2_randomized","continuous",0.0179,28,1,"any_admissible_dose",0.3,0.3,0.2,0.85,3,1,0,5,0.5,0.09,0.6175,0.4852,44.4087,0.1382,NA,NA,0.5,0.1,0.137,0.137,0,18.324,18.324,10.4,10.4,77.9,1014.9614,1000,1000
20,16,1,"five_scenarios_txt",1,5,1,0.3,"two_stage",30,30,6,30,"CRM","additive_shared","additive_shared","previous_dose",0.15,0.85,"previous_dose_additive",0.5,0.5,0.15,0.85,0.15,0.85,3,1,"top2_randomized","continuous",0.0179,28,1,"any_admissible_dose",0.3,0.3,0.2,0.85,3,1,0,1,0.02,0.2,0.0426,0.2142,51.1494,0.1373,NA,NA,0.1,33.7,7.724,7.724,0,29.979,29.979,0,0,0.1,1663.3896,1000,1000
20,16,1,"five_scenarios_txt",1,5,1,0.3,"two_stage",30,30,6,30,"CRM","additive_shared","additive_shared","previous_dose",0.15,0.85,"previous_dose_additive",0.5,0.5,0.15,0.85,0.15,0.85,3,1,"top2_randomized","continuous",0.0179,28,1,"any_admissible_dose",0.3,0.3,0.2,0.85,3,1,0,2,0.06,0.2,0.0645,0.2074,49.8653,0.1373,NA,NA,0,24.8,6.928,6.928,0,29.979,29.979,0,0,0.1,1663.3896,1000,1000
20,16,1,"five_scenarios_txt",1,5,1,0.3,"two_stage",30,30,6,30,"CRM","additive_shared","additive_shared","previous_dose",0.15,0.85,"previous_dose_additive",0.5,0.5,0.15,0.85,0.15,0.85,3,1,"top2_randomized","continuous",0.0179,28,1,"any_admissible_dose",0.3,0.3,0.2,0.85,3,1,0,3,0.09,0.2,0.1189,0.2064,47.6247,0.1373,NA,NA,0.7,16.2,5.575,5.575,0,29.979,29.979,0,0,0.1,1663.3896,1000,1000
20,16,1,"five_scenarios_txt",1,5,1,0.3,"two_stage",30,30,6,30,"CRM","additive_shared","additive_shared","previous_dose",0.15,0.85,"previous_dose_additive",0.5,0.5,0.15,0.85,0.15,0.85,3,1,"top2_randomized","continuous",0.0179,28,1,"any_admissible_dose",0.3,0.3,0.2,0.85,3,1,0,4,0.14,0.2,0.1516,0.22,47.1324,0.1373,NA,NA,7.1,14.8,5.52,5.52,0,29.979,29.979,0,0,0.1,1663.3896,1000,1000
20,16,1,"five_scenarios_txt",1,5,1,0.3,"two_stage",30,30,6,30,"CRM","additive_shared","additive_shared","previous_dose",0.15,0.85,"previous_dose_additive",0.5,0.5,0.15,0.85,0.15,0.85,3,1,"top2_randomized","continuous",0.0179,28,1,"any_admissible_dose",0.3,0.3,0.2,0.85,3,1,0,5,0.26,0.2,0.2284,0.2401,45.2683,0.1373,NA,NA,92.1,10.4,4.232,4.232,0,29.979,29.979,0,0,0.1,1663.3896,1000,1000
21,20,5,"five_scenarios_txt",1,3,2,0.3,"two_stage",30,30,6,30,"CRM","additive_shared","additive_shared","previous_dose",0.15,0.85,"previous_dose_additive",0.5,0.5,0.15,0.85,0.15,0.85,3,1,"top2_randomized","continuous",0.0179,28,1,"any_admissible_dose",0.3,0.3,0.2,0.85,3,1,0,1,0.07,0.05,0.1383,0.1102,41.0818,0.1381,NA,NA,2.2,7.4,7.024,7.024,0,29.61,29.61,0.1,0.1,3.1,1641.7391,1000,1000
21,20,5,"five_scenarios_txt",1,3,2,0.3,"two_stage",30,30,6,30,"CRM","additive_shared","additive_shared","previous_dose",0.15,0.85,"previous_dose_additive",0.5,0.5,0.15,0.85,0.15,0.85,3,1,"top2_randomized","continuous",0.0179,28,1,"any_admissible_dose",0.3,0.3,0.2,0.85,3,1,0,2,0.14,0.25,0.1824,0.2588,48.2288,0.1381,NA,NA,7.9,54.8,9.861,9.861,0,29.61,29.61,0.1,0.1,3.1,1641.7391,1000,1000
21,20,5,"five_scenarios_txt",1,3,2,0.3,"two_stage",30,30,6,30,"CRM","additive_shared","additive_shared","previous_dose",0.15,0.85,"previous_dose_additive",0.5,0.5,0.15,0.85,0.15,0.85,3,1,"top2_randomized","continuous",0.0179,28,1,"any_admissible_dose",0.3,0.3,0.2,0.85,3,1,0,3,0.31,0.25,0.2731,0.2468,43.8842,0.1381,NA,NA,40.4,22.3,7.147,7.147,0,29.61,29.61,0.1,0.1,3.1,1641.7391,1000,1000
21,20,5,"five_scenarios_txt",1,3,2,0.3,"two_stage",30,30,6,30,"CRM","additive_shared","additive_shared","previous_dose",0.15,0.85,"previous_dose_additive",0.5,0.5,0.15,0.85,0.15,0.85,3,1,"top2_randomized","continuous",0.0179,28,1,"any_admissible_dose",0.3,0.3,0.2,0.85,3,1,0,4,0.41,0.25,0.3196,0.3144,46.0804,0.1381,NA,NA,33.5,9.8,4.167,4.167,0,29.61,29.61,0.1,0.1,3.1,1641.7391,1000,1000
21,20,5,"five_scenarios_txt",1,3,2,0.3,"two_stage",30,30,6,30,"CRM","additive_shared","additive_shared","previous_dose",0.15,0.85,"previous_dose_additive",0.5,0.5,0.15,0.85,0.15,0.85,3,1,"top2_randomized","continuous",0.0179,28,1,"any_admissible_dose",0.3,0.3,0.2,0.85,3,1,0,5,0.52,0.25,0.4152,0.4171,48.4161,0.1381,NA,NA,15.9,2.6,1.411,1.411,0,29.61,29.61,0.1,0.1,3.1,1641.7391,1000,1000
22,24,4,"five_scenarios_txt",1,5,4,0.3,"two_stage",30,30,6,30,"CRM","additive_shared","additive_shared","previous_dose",0.15,0.85,"previous_dose_additive",0.5,0.5,0.15,0.85,0.15,0.85,3,1,"top2_randomized","continuous",0.0179,28,1,"any_admissible_dose",0.3,0.3,0.2,0.85,3,1,0,1,0.01,0.05,0.0294,0.1403,47.2427,0.1379,NA,NA,0,0.6,3.961,3.961,0,30,30,0,0,0,1664.1347,1000,1000
22,24,4,"five_scenarios_txt",1,5,4,0.3,"two_stage",30,30,6,30,"CRM","additive_shared","additive_shared","previous_dose",0.15,0.85,"previous_dose_additive",0.5,0.5,0.15,0.85,0.15,0.85,3,1,"top2_randomized","continuous",0.0179,28,1,"any_admissible_dose",0.3,0.3,0.2,0.85,3,1,0,2,0.02,0.08,0.0466,0.1519,47.2531,0.1379,NA,NA,0,1,4.021,4.021,0,30,30,0,0,0,1664.1347,1000,1000
22,24,4,"five_scenarios_txt",1,5,4,0.3,"two_stage",30,30,6,30,"CRM","additive_shared","additive_shared","previous_dose",0.15,0.85,"previous_dose_additive",0.5,0.5,0.15,0.85,0.15,0.85,3,1,"top2_randomized","continuous",0.0179,28,1,"any_admissible_dose",0.3,0.3,0.2,0.85,3,1,0,3,0.05,0.2,0.0923,0.2146,49.184,0.1379,NA,NA,0,3,4.807,4.807,0,30,30,0,0,0,1664.1347,1000,1000
22,24,4,"five_scenarios_txt",1,5,4,0.3,"two_stage",30,30,6,30,"CRM","additive_shared","additive_shared","previous_dose",0.15,0.85,"previous_dose_additive",0.5,0.5,0.15,0.85,0.15,0.85,3,1,"top2_randomized","continuous",0.0179,28,1,"any_admissible_dose",0.3,0.3,0.2,0.85,3,1,0,4,0.1,0.5,0.121,0.4643,63.0148,0.1379,NA,NA,1.7,54.5,9.179,9.179,0,30,30,0,0,0,1664.1347,1000,1000
22,24,4,"five_scenarios_txt",1,5,4,0.3,"two_stage",30,30,6,30,"CRM","additive_shared","additive_shared","previous_dose",0.15,0.85,"previous_dose_additive",0.5,0.5,0.15,0.85,0.15,0.85,3,1,"top2_randomized","continuous",0.0179,28,1,"any_admissible_dose",0.3,0.3,0.2,0.85,3,1,0,5,0.25,0.5,0.1914,0.4576,59.7984,0.1379,NA,NA,98.3,40.9,8.032,8.032,0,30,30,0,0,0,1664.1347,1000,1000
23,27,2,"higher_gap_above_MTD",1,3,3,0.3,"two_stage",30,30,6,30,"CRM","additive_shared","additive_shared","previous_dose",0.15,0.85,"previous_dose_additive",0.5,0.5,0.15,0.85,0.15,0.85,3,1,"top2_randomized","continuous",0.0179,28,1,"any_admissible_dose",0.3,0.3,0.2,0.85,3,1,0,1,0.11,0.1,0.1638,0.1369,41.6638,0.1377,NA,NA,4.3,12.1,8.429,8.429,0,29.268,29.268,0.2,0.2,6.1,1625.5055,1000,1000
23,27,2,"higher_gap_above_MTD",1,3,3,0.3,"two_stage",30,30,6,30,"CRM","additive_shared","additive_shared","previous_dose",0.15,0.85,"previous_dose_additive",0.5,0.5,0.15,0.85,0.15,0.85,3,1,"top2_randomized","continuous",0.0179,28,1,"any_admissible_dose",0.3,0.3,0.2,0.85,3,1,0,2,0.17,0.2,0.2116,0.2165,44.5247,0.1377,NA,NA,15.7,26.3,8.314,8.314,0,29.268,29.268,0.2,0.2,6.1,1625.5055,1000,1000
23,27,2,"higher_gap_above_MTD",1,3,3,0.3,"two_stage",30,30,6,30,"CRM","additive_shared","additive_shared","previous_dose",0.15,0.85,"previous_dose_additive",0.5,0.5,0.15,0.85,0.15,0.85,3,1,"top2_randomized","continuous",0.0179,28,1,"any_admissible_dose",0.3,0.3,0.2,0.85,3,1,0,3,0.3,0.4,0.3067,0.3852,50.8448,0.1377,NA,NA,49.6,43,8.013,8.013,0,29.268,29.268,0.2,0.2,6.1,1625.5055,1000,1000
23,27,2,"higher_gap_above_MTD",1,3,3,0.3,"two_stage",30,30,6,30,"CRM","additive_shared","additive_shared","previous_dose",0.15,0.85,"previous_dose_additive",0.5,0.5,0.15,0.85,0.15,0.85,3,1,"top2_randomized","continuous",0.0179,28,1,"any_admissible_dose",0.3,0.3,0.2,0.85,3,1,0,4,0.5,0.42,0.3543,0.4406,52.2619,0.1377,NA,NA,25.7,11.4,3.597,3.597,0,29.268,29.268,0.2,0.2,6.1,1625.5055,1000,1000
23,27,2,"higher_gap_above_MTD",1,3,3,0.3,"two_stage",30,30,6,30,"CRM","additive_shared","additive_shared","previous_dose",0.15,0.85,"previous_dose_additive",0.5,0.5,0.15,0.85,0.15,0.85,3,1,"top2_randomized","continuous",0.0179,28,1,"any_admissible_dose",0.3,0.3,0.2,0.85,3,1,0,5,0.62,0.45,0.4503,0.4825,50.9382,0.1377,NA,NA,4.5,1.1,0.915,0.915,0,29.268,29.268,0.2,0.2,6.1,1625.5055,1000,1000
24,38,38,"user_added",1,5,5,0.3,"two_stage",30,30,6,30,"CRM","additive_shared","additive_shared","previous_dose",0.15,0.85,"previous_dose_additive",0.5,0.5,0.15,0.85,0.15,0.85,3,1,"top2_randomized","continuous",0.0179,28,1,"any_admissible_dose",0.3,0.3,0.2,0.85,3,1,0,1,0.05,0.05,0.0635,0.1121,44.1886,0.1351,NA,NA,0.2,9.4,6.573,6.573,0,29.91,29.91,0,0,1.2,1659.917,1000,1000
24,38,38,"user_added",1,5,5,0.3,"two_stage",30,30,6,30,"CRM","additive_shared","additive_shared","previous_dose",0.15,0.85,"previous_dose_additive",0.5,0.5,0.15,0.85,0.15,0.85,3,1,"top2_randomized","continuous",0.0179,28,1,"any_admissible_dose",0.3,0.3,0.2,0.85,3,1,0,2,0.1,0.08,0.092,0.1295,44.0916,0.1351,NA,NA,0.8,10.5,6.143,6.143,0,29.91,29.91,0,0,1.2,1659.917,1000,1000
24,38,38,"user_added",1,5,5,0.3,"two_stage",30,30,6,30,"CRM","additive_shared","additive_shared","previous_dose",0.15,0.85,"previous_dose_additive",0.5,0.5,0.15,0.85,0.15,0.85,3,1,"top2_randomized","continuous",0.0179,28,1,"any_admissible_dose",0.3,0.3,0.2,0.85,3,1,0,3,0.12,0.12,0.1588,0.1591,43.1952,0.1351,NA,NA,3.5,9.5,5.052,5.052,0,29.91,29.91,0,0,1.2,1659.917,1000,1000
24,38,38,"user_added",1,5,5,0.3,"two_stage",30,30,6,30,"CRM","additive_shared","additive_shared","previous_dose",0.15,0.85,"previous_dose_additive",0.5,0.5,0.15,0.85,0.15,0.85,3,1,"top2_randomized","continuous",0.0179,28,1,"any_admissible_dose",0.3,0.3,0.2,0.85,3,1,0,4,0.15,0.15,0.197,0.1934,43.726,0.1351,NA,NA,16.6,9.9,5.09,5.09,0,29.91,29.91,0,0,1.2,1659.917,1000,1000
24,38,38,"user_added",1,5,5,0.3,"two_stage",30,30,6,30,"CRM","additive_shared","additive_shared","previous_dose",0.15,0.85,"previous_dose_additive",0.5,0.5,0.15,0.85,0.15,0.85,3,1,"top2_randomized","continuous",0.0179,28,1,"any_admissible_dose",0.3,0.3,0.2,0.85,3,1,0,5,0.3,0.5,0.283,0.47,56.879,0.1351,NA,NA,78.9,59.5,7.052,7.052,0,29.91,29.91,0,0,1.2,1659.917,1000,1000
25,1,1,"base_example",1,1,1,0.3,"two_stage",30,30,6,30,"CRM","additive_shared","additive_shared","previous_dose",0.15,0.85,"previous_dose_additive",0.5,0.5,0.15,0.85,0.15,0.85,3,1,"highest_utility","continuous",0.0179,28,1,"any_admissible_dose",0.3,0.3,0.2,0.85,3,1,0,1,0.3,0.05,0.342,0.079,31.0602,0.1393,NA,NA,63.6,10.3,11.55,11.55,0,18.345,18.345,9.6,9.6,77.6,1010.8527,1000,1000
25,1,1,"base_example",1,1,1,0.3,"two_stage",30,30,6,30,"CRM","additive_shared","additive_shared","previous_dose",0.15,0.85,"previous_dose_additive",0.5,0.5,0.15,0.85,0.15,0.85,3,1,"highest_utility","continuous",0.0179,28,1,"any_admissible_dose",0.3,0.3,0.2,0.85,3,1,0,2,0.35,0.06,0.3958,0.2689,40.2995,0.1393,NA,NA,15.2,7.8,4.227,4.227,0,18.345,18.345,9.6,9.6,77.6,1010.8527,1000,1000
25,1,1,"base_example",1,1,1,0.3,"two_stage",30,30,6,30,"CRM","additive_shared","additive_shared","previous_dose",0.15,0.85,"previous_dose_additive",0.5,0.5,0.15,0.85,0.15,0.85,3,1,"highest_utility","continuous",0.0179,28,1,"any_admissible_dose",0.3,0.3,0.2,0.85,3,1,0,3,0.4,0.07,0.491,0.3669,42.3727,0.1393,NA,NA,8.8,3.9,1.752,1.752,0,18.345,18.345,9.6,9.6,77.6,1010.8527,1000,1000
25,1,1,"base_example",1,1,1,0.3,"two_stage",30,30,6,30,"CRM","additive_shared","additive_shared","previous_dose",0.15,0.85,"previous_dose_additive",0.5,0.5,0.15,0.85,0.15,0.85,3,1,"highest_utility","continuous",0.0179,28,1,"any_admissible_dose",0.3,0.3,0.2,0.85,3,1,0,4,0.45,0.08,0.5345,0.4444,45.287,0.1393,NA,NA,2.5,0.3,0.663,0.663,0,18.345,18.345,9.6,9.6,77.6,1010.8527,1000,1000
25,1,1,"base_example",1,1,1,0.3,"two_stage",30,30,6,30,"CRM","additive_shared","additive_shared","previous_dose",0.15,0.85,"previous_dose_additive",0.5,0.5,0.15,0.85,0.15,0.85,3,1,"highest_utility","continuous",0.0179,28,1,"any_admissible_dose",0.3,0.3,0.2,0.85,3,1,0,5,0.5,0.09,0.6161,0.4856,44.4932,0.1393,NA,NA,0.3,0.1,0.153,0.153,0,18.345,18.345,9.6,9.6,77.6,1010.8527,1000,1000
26,16,1,"five_scenarios_txt",1,5,1,0.3,"two_stage",30,30,6,30,"CRM","additive_shared","additive_shared","previous_dose",0.15,0.85,"previous_dose_additive",0.5,0.5,0.15,0.85,0.15,0.85,3,1,"highest_utility","continuous",0.0179,28,1,"any_admissible_dose",0.3,0.3,0.2,0.85,3,1,0,1,0.02,0.2,0.0424,0.2022,50.4376,0.1381,NA,NA,0,29.6,7.74,7.74,0,30,30,0,0,0,1664.1426,1000,1000
26,16,1,"five_scenarios_txt",1,5,1,0.3,"two_stage",30,30,6,30,"CRM","additive_shared","additive_shared","previous_dose",0.15,0.85,"previous_dose_additive",0.5,0.5,0.15,0.85,0.15,0.85,3,1,"highest_utility","continuous",0.0179,28,1,"any_admissible_dose",0.3,0.3,0.2,0.85,3,1,0,2,0.06,0.2,0.0642,0.1985,49.3409,0.1381,NA,NA,0,23.2,6.849,6.849,0,30,30,0,0,0,1664.1426,1000,1000
26,16,1,"five_scenarios_txt",1,5,1,0.3,"two_stage",30,30,6,30,"CRM","additive_shared","additive_shared","previous_dose",0.15,0.85,"previous_dose_additive",0.5,0.5,0.15,0.85,0.15,0.85,3,1,"highest_utility","continuous",0.0179,28,1,"any_admissible_dose",0.3,0.3,0.2,0.85,3,1,0,3,0.09,0.2,0.1187,0.2074,47.697,0.1381,NA,NA,0.8,18.7,5.697,5.697,0,30,30,0,0,0,1664.1426,1000,1000
26,16,1,"five_scenarios_txt",1,5,1,0.3,"two_stage",30,30,6,30,"CRM","additive_shared","additive_shared","previous_dose",0.15,0.85,"previous_dose_additive",0.5,0.5,0.15,0.85,0.15,0.85,3,1,"highest_utility","continuous",0.0179,28,1,"any_admissible_dose",0.3,0.3,0.2,0.85,3,1,0,4,0.14,0.2,0.1514,0.2219,47.2588,0.1381,NA,NA,9,18.5,5.439,5.439,0,30,30,0,0,0,1664.1426,1000,1000
26,16,1,"five_scenarios_txt",1,5,1,0.3,"two_stage",30,30,6,30,"CRM","additive_shared","additive_shared","previous_dose",0.15,0.85,"previous_dose_additive",0.5,0.5,0.15,0.85,0.15,0.85,3,1,"highest_utility","continuous",0.0179,28,1,"any_admissible_dose",0.3,0.3,0.2,0.85,3,1,0,5,0.26,0.2,0.2283,0.247,45.6911,0.1381,NA,NA,90.2,10,4.275,4.275,0,30,30,0,0,0,1664.1426,1000,1000
27,20,5,"five_scenarios_txt",1,3,2,0.3,"two_stage",30,30,6,30,"CRM","additive_shared","additive_shared","previous_dose",0.15,0.85,"previous_dose_additive",0.5,0.5,0.15,0.85,0.15,0.85,3,1,"highest_utility","continuous",0.0179,28,1,"any_admissible_dose",0.3,0.3,0.2,0.85,3,1,0,1,0.07,0.05,0.1413,0.1183,41.4423,0.1377,NA,NA,2.6,8.3,5.985,5.985,0,29.469,29.469,0.1,0.1,3.3,1633.0788,1000,1000
27,20,5,"five_scenarios_txt",1,3,2,0.3,"two_stage",30,30,6,30,"CRM","additive_shared","additive_shared","previous_dose",0.15,0.85,"previous_dose_additive",0.5,0.5,0.15,0.85,0.15,0.85,3,1,"highest_utility","continuous",0.0179,28,1,"any_admissible_dose",0.3,0.3,0.2,0.85,3,1,0,2,0.14,0.25,0.1859,0.2417,47.0652,0.1377,NA,NA,9,51.7,10.524,10.524,0,29.469,29.469,0.1,0.1,3.3,1633.0788,1000,1000
27,20,5,"five_scenarios_txt",1,3,2,0.3,"two_stage",30,30,6,30,"CRM","additive_shared","additive_shared","previous_dose",0.15,0.85,"previous_dose_additive",0.5,0.5,0.15,0.85,0.15,0.85,3,1,"highest_utility","continuous",0.0179,28,1,"any_admissible_dose",0.3,0.3,0.2,0.85,3,1,0,3,0.31,0.25,0.2769,0.2496,43.901,0.1377,NA,NA,41.6,25.2,7.284,7.284,0,29.469,29.469,0.1,0.1,3.3,1633.0788,1000,1000
27,20,5,"five_scenarios_txt",1,3,2,0.3,"two_stage",30,30,6,30,"CRM","additive_shared","additive_shared","previous_dose",0.15,0.85,"previous_dose_additive",0.5,0.5,0.15,0.85,0.15,0.85,3,1,"highest_utility","continuous",0.0179,28,1,"any_admissible_dose",0.3,0.3,0.2,0.85,3,1,0,4,0.41,0.25,0.3235,0.3198,46.2492,0.1377,NA,NA,32.3,9.3,4.197,4.197,0,29.469,29.469,0.1,0.1,3.3,1633.0788,1000,1000
27,20,5,"five_scenarios_txt",1,3,2,0.3,"two_stage",30,30,6,30,"CRM","additive_shared","additive_shared","previous_dose",0.15,0.85,"previous_dose_additive",0.5,0.5,0.15,0.85,0.15,0.85,3,1,"highest_utility","continuous",0.0179,28,1,"any_admissible_dose",0.3,0.3,0.2,0.85,3,1,0,5,0.52,0.25,0.4191,0.4231,48.6225,0.1377,NA,NA,14.4,2.2,1.479,1.479,0,29.469,29.469,0.1,0.1,3.3,1633.0788,1000,1000
28,24,4,"five_scenarios_txt",1,5,4,0.3,"two_stage",30,30,6,30,"CRM","additive_shared","additive_shared","previous_dose",0.15,0.85,"previous_dose_additive",0.5,0.5,0.15,0.85,0.15,0.85,3,1,"highest_utility","continuous",0.0179,28,1,"any_admissible_dose",0.3,0.3,0.2,0.85,3,1,0,1,0.01,0.05,0.0304,0.1503,47.8054,0.1396,NA,NA,0,1.5,3.507,3.507,0,30,30,0,0,0,1664.1426,1000,1000
28,24,4,"five_scenarios_txt",1,5,4,0.3,"two_stage",30,30,6,30,"CRM","additive_shared","additive_shared","previous_dose",0.15,0.85,"previous_dose_additive",0.5,0.5,0.15,0.85,0.15,0.85,3,1,"highest_utility","continuous",0.0179,28,1,"any_admissible_dose",0.3,0.3,0.2,0.85,3,1,0,2,0.02,0.08,0.0481,0.1639,47.9081,0.1396,NA,NA,0,1.3,3.492,3.492,0,30,30,0,0,0,1664.1426,1000,1000
28,24,4,"five_scenarios_txt",1,5,4,0.3,"two_stage",30,30,6,30,"CRM","additive_shared","additive_shared","previous_dose",0.15,0.85,"previous_dose_additive",0.5,0.5,0.15,0.85,0.15,0.85,3,1,"highest_utility","continuous",0.0179,28,1,"any_admissible_dose",0.3,0.3,0.2,0.85,3,1,0,3,0.05,0.2,0.0948,0.2316,50.1045,0.1396,NA,NA,0,6.6,4.257,4.257,0,30,30,0,0,0,1664.1426,1000,1000
28,24,4,"five_scenarios_txt",1,5,4,0.3,"two_stage",30,30,6,30,"CRM","additive_shared","additive_shared","previous_dose",0.15,0.85,"previous_dose_additive",0.5,0.5,0.15,0.85,0.15,0.85,3,1,"highest_utility","continuous",0.0179,28,1,"any_admissible_dose",0.3,0.3,0.2,0.85,3,1,0,4,0.1,0.5,0.1241,0.4413,61.511,0.1396,NA,NA,5.1,55.8,10.842,10.842,0,30,30,0,0,0,1664.1426,1000,1000
28,24,4,"five_scenarios_txt",1,5,4,0.3,"two_stage",30,30,6,30,"CRM","additive_shared","additive_shared","previous_dose",0.15,0.85,"previous_dose_additive",0.5,0.5,0.15,0.85,0.15,0.85,3,1,"highest_utility","continuous",0.0179,28,1,"any_admissible_dose",0.3,0.3,0.2,0.85,3,1,0,5,0.25,0.5,0.1955,0.4405,58.61,0.1396,NA,NA,94.9,34.8,7.902,7.902,0,30,30,0,0,0,1664.1426,1000,1000
29,27,2,"higher_gap_above_MTD",1,3,3,0.3,"two_stage",30,30,6,30,"CRM","additive_shared","additive_shared","previous_dose",0.15,0.85,"previous_dose_additive",0.5,0.5,0.15,0.85,0.15,0.85,3,1,"highest_utility","continuous",0.0179,28,1,"any_admissible_dose",0.3,0.3,0.2,0.85,3,1,0,1,0.11,0.1,0.1678,0.1417,41.7887,0.1404,NA,NA,5.8,13.6,7.524,7.524,0,29.106,29.106,0.2,0.2,6.6,1613.4623,1000,1000
29,27,2,"higher_gap_above_MTD",1,3,3,0.3,"two_stage",30,30,6,30,"CRM","additive_shared","additive_shared","previous_dose",0.15,0.85,"previous_dose_additive",0.5,0.5,0.15,0.85,0.15,0.85,3,1,"highest_utility","continuous",0.0179,28,1,"any_admissible_dose",0.3,0.3,0.2,0.85,3,1,0,2,0.17,0.2,0.2159,0.2149,44.2599,0.1404,NA,NA,17.1,25.3,7.626,7.626,0,29.106,29.106,0.2,0.2,6.6,1613.4623,1000,1000
29,27,2,"higher_gap_above_MTD",1,3,3,0.3,"two_stage",30,30,6,30,"CRM","additive_shared","additive_shared","previous_dose",0.15,0.85,"previous_dose_additive",0.5,0.5,0.15,0.85,0.15,0.85,3,1,"highest_utility","continuous",0.0179,28,1,"any_admissible_dose",0.3,0.3,0.2,0.85,3,1,0,3,0.3,0.4,0.3111,0.3734,49.9579,0.1404,NA,NA,50.9,44.1,9.279,9.279,0,29.106,29.106,0.2,0.2,6.6,1613.4623,1000,1000
29,27,2,"higher_gap_above_MTD",1,3,3,0.3,"two_stage",30,30,6,30,"CRM","additive_shared","additive_shared","previous_dose",0.15,0.85,"previous_dose_additive",0.5,0.5,0.15,0.85,0.15,0.85,3,1,"highest_utility","continuous",0.0179,28,1,"any_admissible_dose",0.3,0.3,0.2,0.85,3,1,0,4,0.5,0.42,0.3587,0.4417,52.1536,0.1404,NA,NA,21.5,9.4,3.747,3.747,0,29.106,29.106,0.2,0.2,6.6,1613.4623,1000,1000
29,27,2,"higher_gap_above_MTD",1,3,3,0.3,"two_stage",30,30,6,30,"CRM","additive_shared","additive_shared","previous_dose",0.15,0.85,"previous_dose_additive",0.5,0.5,0.15,0.85,0.15,0.85,3,1,"highest_utility","continuous",0.0179,28,1,"any_admissible_dose",0.3,0.3,0.2,0.85,3,1,0,5,0.62,0.45,0.4544,0.4858,50.9736,0.1404,NA,NA,4.5,1,0.93,0.93,0,29.106,29.106,0.2,0.2,6.6,1613.4623,1000,1000
30,38,38,"user_added",1,5,5,0.3,"two_stage",30,30,6,30,"CRM","additive_shared","additive_shared","previous_dose",0.15,0.85,"previous_dose_additive",0.5,0.5,0.15,0.85,0.15,0.85,3,1,"highest_utility","continuous",0.0179,28,1,"any_admissible_dose",0.3,0.3,0.2,0.85,3,1,0,1,0.05,0.05,0.0654,0.1241,44.8263,0.138,NA,NA,0.8,9.2,5.49,5.49,0,29.814,29.814,0,0,1.1,1652.9992,1000,1000
30,38,38,"user_added",1,5,5,0.3,"two_stage",30,30,6,30,"CRM","additive_shared","additive_shared","previous_dose",0.15,0.85,"previous_dose_additive",0.5,0.5,0.15,0.85,0.15,0.85,3,1,"highest_utility","continuous",0.0179,28,1,"any_admissible_dose",0.3,0.3,0.2,0.85,3,1,0,2,0.1,0.08,0.0944,0.1449,44.9191,0.138,NA,NA,0.4,11.7,5.169,5.169,0,29.814,29.814,0,0,1.1,1652.9992,1000,1000
30,38,38,"user_added",1,5,5,0.3,"two_stage",30,30,6,30,"CRM","additive_shared","additive_shared","previous_dose",0.15,0.85,"previous_dose_additive",0.5,0.5,0.15,0.85,0.15,0.85,3,1,"highest_utility","continuous",0.0179,28,1,"any_admissible_dose",0.3,0.3,0.2,0.85,3,1,0,3,0.12,0.12,0.1621,0.1689,43.6488,0.138,NA,NA,3.8,10.5,4.53,4.53,0,29.814,29.814,0,0,1.1,1652.9992,1000,1000
30,38,38,"user_added",1,5,5,0.3,"two_stage",30,30,6,30,"CRM","additive_shared","additive_shared","previous_dose",0.15,0.85,"previous_dose_additive",0.5,0.5,0.15,0.85,0.15,0.85,3,1,"highest_utility","continuous",0.0179,28,1,"any_admissible_dose",0.3,0.3,0.2,0.85,3,1,0,4,0.15,0.15,0.2007,0.2016,44.0669,0.138,NA,NA,16.9,8.9,4.89,4.89,0,29.814,29.814,0,0,1.1,1652.9992,1000,1000
30,38,38,"user_added",1,5,5,0.3,"two_stage",30,30,6,30,"CRM","additive_shared","additive_shared","previous_dose",0.15,0.85,"previous_dose_additive",0.5,0.5,0.15,0.85,0.15,0.85,3,1,"highest_utility","continuous",0.0179,28,1,"any_admissible_dose",0.3,0.3,0.2,0.85,3,1,0,5,0.3,0.5,0.2873,0.4579,55.9814,0.138,NA,NA,78.1,58.6,9.735,9.735,0,29.814,29.814,0,0,1.1,1652.9992,1000,1000
31,1,1,"base_example",1,1,1,0.3,"one_stage",30,30,30,30,"CRM","additive_shared","additive_shared","previous_dose",0.15,0.85,"previous_dose_additive",0.5,0.5,0.15,0.85,0.15,0.85,3,1,"highest_utility","continuous",0.0179,28,1,"any_admissible_dose",0.3,0.3,0.2,0.85,3,1,0,1,0.3,0.05,0.3429,0.0783,30.9801,0.1385,NA,NA,63.9,9.8,11.652,11.652,0,18.054,18.054,9.3,9.5,78.7,995.5263,1000,1000
31,1,1,"base_example",1,1,1,0.3,"one_stage",30,30,30,30,"CRM","additive_shared","additive_shared","previous_dose",0.15,0.85,"previous_dose_additive",0.5,0.5,0.15,0.85,0.15,0.85,3,1,"highest_utility","continuous",0.0179,28,1,"any_admissible_dose",0.3,0.3,0.2,0.85,3,1,0,2,0.35,0.06,0.3968,0.2703,40.3488,0.1385,NA,NA,16,6.8,4.095,4.095,0,18.054,18.054,9.3,9.5,78.7,995.5263,1000,1000
31,1,1,"base_example",1,1,1,0.3,"one_stage",30,30,30,30,"CRM","additive_shared","additive_shared","previous_dose",0.15,0.85,"previous_dose_additive",0.5,0.5,0.15,0.85,0.15,0.85,3,1,"highest_utility","continuous",0.0179,28,1,"any_admissible_dose",0.3,0.3,0.2,0.85,3,1,0,3,0.4,0.07,0.4919,0.3692,42.4722,0.1385,NA,NA,8.1,3.9,1.554,1.554,0,18.054,18.054,9.3,9.5,78.7,995.5263,1000,1000
31,1,1,"base_example",1,1,1,0.3,"one_stage",30,30,30,30,"CRM","additive_shared","additive_shared","previous_dose",0.15,0.85,"previous_dose_additive",0.5,0.5,0.15,0.85,0.15,0.85,3,1,"highest_utility","continuous",0.0179,28,1,"any_admissible_dose",0.3,0.3,0.2,0.85,3,1,0,4,0.45,0.08,0.5354,0.4452,45.295,0.1385,NA,NA,2.3,0.7,0.609,0.609,0,18.054,18.054,9.3,9.5,78.7,995.5263,1000,1000
31,1,1,"base_example",1,1,1,0.3,"one_stage",30,30,30,30,"CRM","additive_shared","additive_shared","previous_dose",0.15,0.85,"previous_dose_additive",0.5,0.5,0.15,0.85,0.15,0.85,3,1,"highest_utility","continuous",0.0179,28,1,"any_admissible_dose",0.3,0.3,0.2,0.85,3,1,0,5,0.5,0.09,0.617,0.487,44.5421,0.1385,NA,NA,0.4,0.1,0.144,0.144,0,18.054,18.054,9.3,9.5,78.7,995.5263,1000,1000
32,16,1,"five_scenarios_txt",1,5,1,0.3,"one_stage",30,30,30,30,"CRM","additive_shared","additive_shared","previous_dose",0.15,0.85,"previous_dose_additive",0.5,0.5,0.15,0.85,0.15,0.85,3,1,"highest_utility","continuous",0.0179,28,1,"any_admissible_dose",0.3,0.3,0.2,0.85,3,1,0,1,0.02,0.2,0.0413,0.2006,50.386,0.1365,NA,NA,0,29.7,7.923,7.923,0,30,30,0,0,0,1664.1426,1000,1000
32,16,1,"five_scenarios_txt",1,5,1,0.3,"one_stage",30,30,30,30,"CRM","additive_shared","additive_shared","previous_dose",0.15,0.85,"previous_dose_additive",0.5,0.5,0.15,0.85,0.15,0.85,3,1,"highest_utility","continuous",0.0179,28,1,"any_admissible_dose",0.3,0.3,0.2,0.85,3,1,0,2,0.06,0.2,0.0628,0.1951,49.1966,0.1365,NA,NA,0,22.6,6.885,6.885,0,30,30,0,0,0,1664.1426,1000,1000
32,16,1,"five_scenarios_txt",1,5,1,0.3,"one_stage",30,30,30,30,"CRM","additive_shared","additive_shared","previous_dose",0.15,0.85,"previous_dose_additive",0.5,0.5,0.15,0.85,0.15,0.85,3,1,"highest_utility","continuous",0.0179,28,1,"any_admissible_dose",0.3,0.3,0.2,0.85,3,1,0,3,0.09,0.2,0.1166,0.2113,48.015,0.1365,NA,NA,1.3,20.5,5.703,5.703,0,30,30,0,0,0,1664.1426,1000,1000
32,16,1,"five_scenarios_txt",1,5,1,0.3,"one_stage",30,30,30,30,"CRM","additive_shared","additive_shared","previous_dose",0.15,0.85,"previous_dose_additive",0.5,0.5,0.15,0.85,0.15,0.85,3,1,"highest_utility","continuous",0.0179,28,1,"any_admissible_dose",0.3,0.3,0.2,0.85,3,1,0,4,0.14,0.2,0.149,0.2215,47.3327,0.1365,NA,NA,10.5,17.9,5.427,5.427,0,30,30,0,0,0,1664.1426,1000,1000
32,16,1,"five_scenarios_txt",1,5,1,0.3,"one_stage",30,30,30,30,"CRM","additive_shared","additive_shared","previous_dose",0.15,0.85,"previous_dose_additive",0.5,0.5,0.15,0.85,0.15,0.85,3,1,"highest_utility","continuous",0.0179,28,1,"any_admissible_dose",0.3,0.3,0.2,0.85,3,1,0,5,0.26,0.2,0.2252,0.2564,46.3732,0.1365,NA,NA,88.2,9.3,4.062,4.062,0,30,30,0,0,0,1664.1426,1000,1000
33,20,5,"five_scenarios_txt",1,3,2,0.3,"one_stage",30,30,30,30,"CRM","additive_shared","additive_shared","previous_dose",0.15,0.85,"previous_dose_additive",0.5,0.5,0.15,0.85,0.15,0.85,3,1,"highest_utility","continuous",0.0179,28,1,"any_admissible_dose",0.3,0.3,0.2,0.85,3,1,0,1,0.07,0.05,0.1393,0.1158,41.3779,0.1369,NA,NA,2.7,8.6,6.267,6.267,0,29.427,29.427,0.1,0.1,3.8,1630.3838,1000,1000
33,20,5,"five_scenarios_txt",1,3,2,0.3,"one_stage",30,30,30,30,"CRM","additive_shared","additive_shared","previous_dose",0.15,0.85,"previous_dose_additive",0.5,0.5,0.15,0.85,0.15,0.85,3,1,"highest_utility","continuous",0.0179,28,1,"any_admissible_dose",0.3,0.3,0.2,0.85,3,1,0,2,0.14,0.25,0.1835,0.2383,46.9584,0.1369,NA,NA,9.2,51.1,11.184,11.184,0,29.427,29.427,0.1,0.1,3.8,1630.3838,1000,1000
33,20,5,"five_scenarios_txt",1,3,2,0.3,"one_stage",30,30,30,30,"CRM","additive_shared","additive_shared","previous_dose",0.15,0.85,"previous_dose_additive",0.5,0.5,0.15,0.85,0.15,0.85,3,1,"highest_utility","continuous",0.0179,28,1,"any_admissible_dose",0.3,0.3,0.2,0.85,3,1,0,3,0.31,0.25,0.2741,0.2476,43.8892,0.1369,NA,NA,38.4,23.2,6.75,6.75,0,29.427,29.427,0.1,0.1,3.8,1630.3838,1000,1000
33,20,5,"five_scenarios_txt",1,3,2,0.3,"one_stage",30,30,30,30,"CRM","additive_shared","additive_shared","previous_dose",0.15,0.85,"previous_dose_additive",0.5,0.5,0.15,0.85,0.15,0.85,3,1,"highest_utility","continuous",0.0179,28,1,"any_admissible_dose",0.3,0.3,0.2,0.85,3,1,0,4,0.41,0.25,0.3206,0.3228,46.5397,0.1369,NA,NA,37,11.1,3.906,3.906,0,29.427,29.427,0.1,0.1,3.8,1630.3838,1000,1000
33,20,5,"five_scenarios_txt",1,3,2,0.3,"one_stage",30,30,30,30,"CRM","additive_shared","additive_shared","previous_dose",0.15,0.85,"previous_dose_additive",0.5,0.5,0.15,0.85,0.15,0.85,3,1,"highest_utility","continuous",0.0179,28,1,"any_admissible_dose",0.3,0.3,0.2,0.85,3,1,0,5,0.52,0.25,0.4162,0.4295,49.1241,0.1369,NA,NA,12.6,2.2,1.32,1.32,0,29.427,29.427,0.1,0.1,3.8,1630.3838,1000,1000
34,24,4,"five_scenarios_txt",1,5,4,0.3,"one_stage",30,30,30,30,"CRM","additive_shared","additive_shared","previous_dose",0.15,0.85,"previous_dose_additive",0.5,0.5,0.15,0.85,0.15,0.85,3,1,"highest_utility","continuous",0.0179,28,1,"any_admissible_dose",0.3,0.3,0.2,0.85,3,1,0,1,0.01,0.05,0.0289,0.1486,47.7592,0.1386,NA,NA,0,1.4,3.546,3.546,0,30,30,0,0,0,1664.1426,1000,1000
34,24,4,"five_scenarios_txt",1,5,4,0.3,"one_stage",30,30,30,30,"CRM","additive_shared","additive_shared","previous_dose",0.15,0.85,"previous_dose_additive",0.5,0.5,0.15,0.85,0.15,0.85,3,1,"highest_utility","continuous",0.0179,28,1,"any_admissible_dose",0.3,0.3,0.2,0.85,3,1,0,2,0.02,0.08,0.046,0.1618,47.8683,0.1386,NA,NA,0,1.5,3.528,3.528,0,30,30,0,0,0,1664.1426,1000,1000
34,24,4,"five_scenarios_txt",1,5,4,0.3,"one_stage",30,30,30,30,"CRM","additive_shared","additive_shared","previous_dose",0.15,0.85,"previous_dose_additive",0.5,0.5,0.15,0.85,0.15,0.85,3,1,"highest_utility","continuous",0.0179,28,1,"any_admissible_dose",0.3,0.3,0.2,0.85,3,1,0,3,0.05,0.2,0.0912,0.2297,50.1358,0.1386,NA,NA,0,5.7,4.404,4.404,0,30,30,0,0,0,1664.1426,1000,1000
34,24,4,"five_scenarios_txt",1,5,4,0.3,"one_stage",30,30,30,30,"CRM","additive_shared","additive_shared","previous_dose",0.15,0.85,"previous_dose_additive",0.5,0.5,0.15,0.85,0.15,0.85,3,1,"highest_utility","continuous",0.0179,28,1,"any_admissible_dose",0.3,0.3,0.2,0.85,3,1,0,4,0.1,0.5,0.1197,0.4325,61.1613,0.1386,NA,NA,34,59.4,12.453,12.453,0,30,30,0,0,0,1664.1426,1000,1000
34,24,4,"five_scenarios_txt",1,5,4,0.3,"one_stage",30,30,30,30,"CRM","additive_shared","additive_shared","previous_dose",0.15,0.85,"previous_dose_additive",0.5,0.5,0.15,0.85,0.15,0.85,3,1,"highest_utility","continuous",0.0179,28,1,"any_admissible_dose",0.3,0.3,0.2,0.85,3,1,0,5,0.25,0.5,0.1896,0.461,60.0759,0.1386,NA,NA,66,32,6.069,6.069,0,30,30,0,0,0,1664.1426,1000,1000
35,27,2,"higher_gap_above_MTD",1,3,3,0.3,"one_stage",30,30,30,30,"CRM","additive_shared","additive_shared","previous_dose",0.15,0.85,"previous_dose_additive",0.5,0.5,0.15,0.85,0.15,0.85,3,1,"highest_utility","continuous",0.0179,28,1,"any_admissible_dose",0.3,0.3,0.2,0.85,3,1,0,1,0.11,0.1,0.1655,0.1384,41.6833,0.1391,NA,NA,6.3,14.5,8.127,8.127,0,29.046,29.046,0.2,0.2,7.2,1610.194,1000,1000
35,27,2,"higher_gap_above_MTD",1,3,3,0.3,"one_stage",30,30,30,30,"CRM","additive_shared","additive_shared","previous_dose",0.15,0.85,"previous_dose_additive",0.5,0.5,0.15,0.85,0.15,0.85,3,1,"highest_utility","continuous",0.0179,28,1,"any_admissible_dose",0.3,0.3,0.2,0.85,3,1,0,2,0.17,0.2,0.2132,0.2079,43.9443,0.1391,NA,NA,15.4,24.9,7.725,7.725,0,29.046,29.046,0.2,0.2,7.2,1610.194,1000,1000
35,27,2,"higher_gap_above_MTD",1,3,3,0.3,"one_stage",30,30,30,30,"CRM","additive_shared","additive_shared","previous_dose",0.15,0.85,"previous_dose_additive",0.5,0.5,0.15,0.85,0.15,0.85,3,1,"highest_utility","continuous",0.0179,28,1,"any_admissible_dose",0.3,0.3,0.2,0.85,3,1,0,3,0.3,0.4,0.3081,0.3638,49.5074,0.1391,NA,NA,52.2,41.8,9.213,9.213,0,29.046,29.046,0.2,0.2,7.2,1610.194,1000,1000
35,27,2,"higher_gap_above_MTD",1,3,3,0.3,"one_stage",30,30,30,30,"CRM","additive_shared","additive_shared","previous_dose",0.15,0.85,"previous_dose_additive",0.5,0.5,0.15,0.85,0.15,0.85,3,1,"highest_utility","continuous",0.0179,28,1,"any_admissible_dose",0.3,0.3,0.2,0.85,3,1,0,4,0.5,0.42,0.3556,0.4437,52.3978,0.1391,NA,NA,22.2,10.8,3.396,3.396,0,29.046,29.046,0.2,0.2,7.2,1610.194,1000,1000
35,27,2,"higher_gap_above_MTD",1,3,3,0.3,"one_stage",30,30,30,30,"CRM","additive_shared","additive_shared","previous_dose",0.15,0.85,"previous_dose_additive",0.5,0.5,0.15,0.85,0.15,0.85,3,1,"highest_utility","continuous",0.0179,28,1,"any_admissible_dose",0.3,0.3,0.2,0.85,3,1,0,5,0.62,0.45,0.4512,0.4897,51.3334,0.1391,NA,NA,3.7,0.8,0.585,0.585,0,29.046,29.046,0.2,0.2,7.2,1610.194,1000,1000
36,38,38,"user_added",1,5,5,0.3,"one_stage",30,30,30,30,"CRM","additive_shared","additive_shared","previous_dose",0.15,0.85,"previous_dose_additive",0.5,0.5,0.15,0.85,0.15,0.85,3,1,"highest_utility","continuous",0.0179,28,1,"any_admissible_dose",0.3,0.3,0.2,0.85,3,1,0,1,0.05,0.05,0.0655,0.1212,44.6497,0.1376,NA,NA,0.8,8.8,5.661,5.661,0,29.799,29.799,0,0,1.5,1652.2168,1000,1000
36,38,38,"user_added",1,5,5,0.3,"one_stage",30,30,30,30,"CRM","additive_shared","additive_shared","previous_dose",0.15,0.85,"previous_dose_additive",0.5,0.5,0.15,0.85,0.15,0.85,3,1,"highest_utility","continuous",0.0179,28,1,"any_admissible_dose",0.3,0.3,0.2,0.85,3,1,0,2,0.1,0.08,0.0944,0.1424,44.7644,0.1376,NA,NA,0.5,11,5.199,5.199,0,29.799,29.799,0,0,1.5,1652.2168,1000,1000
36,38,38,"user_added",1,5,5,0.3,"one_stage",30,30,30,30,"CRM","additive_shared","additive_shared","previous_dose",0.15,0.85,"previous_dose_additive",0.5,0.5,0.15,0.85,0.15,0.85,3,1,"highest_utility","continuous",0.0179,28,1,"any_admissible_dose",0.3,0.3,0.2,0.85,3,1,0,3,0.12,0.12,0.162,0.1682,43.6134,0.1376,NA,NA,4.3,9.9,4.575,4.575,0,29.799,29.799,0,0,1.5,1652.2168,1000,1000
36,38,38,"user_added",1,5,5,0.3,"one_stage",30,30,30,30,"CRM","additive_shared","additive_shared","previous_dose",0.15,0.85,"previous_dose_additive",0.5,0.5,0.15,0.85,0.15,0.85,3,1,"highest_utility","continuous",0.0179,28,1,"any_admissible_dose",0.3,0.3,0.2,0.85,3,1,0,4,0.15,0.15,0.2005,0.1974,43.825,0.1376,NA,NA,16.7,9,4.848,4.848,0,29.799,29.799,0,0,1.5,1652.2168,1000,1000
36,38,38,"user_added",1,5,5,0.3,"one_stage",30,30,30,30,"CRM","additive_shared","additive_shared","previous_dose",0.15,0.85,"previous_dose_additive",0.5,0.5,0.15,0.85,0.15,0.85,3,1,"highest_utility","continuous",0.0179,28,1,"any_admissible_dose",0.3,0.3,0.2,0.85,3,1,0,5,0.3,0.5,0.287,0.4609,56.1718,0.1376,NA,NA,77.7,59.8,9.516,9.516,0,29.799,29.799,0,0,1.5,1652.2168,1000,1000
37,1,1,"base_example",1,1,1,0.3,"two_stage",30,30,6,30,"CRM","additive_shared","additive_shared","previous_dose",0.15,0.85,"previous_dose_additive",0.5,0.5,0.15,0.85,0.15,0.85,3,1,"top2_randomized","continuous",0.0179,28,1,"any_admissible_dose",0.6,0.6,0.2,0.85,3,1,0,1,0.3,0.05,0.3438,0.0803,31.0665,0.1371,NA,NA,61.4,11.5,11.377,11.377,0,18.33,18.33,10.4,10.4,77.7,1016.0072,1000,1000
37,1,1,"base_example",1,1,1,0.3,"two_stage",30,30,6,30,"CRM","additive_shared","additive_shared","previous_dose",0.15,0.85,"previous_dose_additive",0.5,0.5,0.15,0.85,0.15,0.85,3,1,"top2_randomized","continuous",0.0179,28,1,"any_admissible_dose",0.6,0.6,0.2,0.85,3,1,0,2,0.35,0.06,0.3976,0.2704,40.3182,0.1371,NA,NA,16.6,7,4.352,4.352,0,18.33,18.33,10.4,10.4,77.7,1016.0072,1000,1000
37,1,1,"base_example",1,1,1,0.3,"two_stage",30,30,6,30,"CRM","additive_shared","additive_shared","previous_dose",0.15,0.85,"previous_dose_additive",0.5,0.5,0.15,0.85,0.15,0.85,3,1,"top2_randomized","continuous",0.0179,28,1,"any_admissible_dose",0.6,0.6,0.2,0.85,3,1,0,3,0.4,0.07,0.4927,0.37,42.4956,0.1371,NA,NA,9.3,2.7,1.804,1.804,0,18.33,18.33,10.4,10.4,77.7,1016.0072,1000,1000
37,1,1,"base_example",1,1,1,0.3,"two_stage",30,30,6,30,"CRM","additive_shared","additive_shared","previous_dose",0.15,0.85,"previous_dose_additive",0.5,0.5,0.15,0.85,0.15,0.85,3,1,"top2_randomized","continuous",0.0179,28,1,"any_admissible_dose",0.6,0.6,0.2,0.85,3,1,0,4,0.45,0.08,0.5361,0.4415,45.0462,0.1371,NA,NA,1.9,1,0.664,0.664,0,18.33,18.33,10.4,10.4,77.7,1016.0072,1000,1000
37,1,1,"base_example",1,1,1,0.3,"two_stage",30,30,6,30,"CRM","additive_shared","additive_shared","previous_dose",0.15,0.85,"previous_dose_additive",0.5,0.5,0.15,0.85,0.15,0.85,3,1,"top2_randomized","continuous",0.0179,28,1,"any_admissible_dose",0.6,0.6,0.2,0.85,3,1,0,5,0.5,0.09,0.6175,0.4855,44.429,0.1371,NA,NA,0.4,0.1,0.133,0.133,0,18.33,18.33,10.4,10.4,77.7,1016.0072,1000,1000
38,16,1,"five_scenarios_txt",1,5,1,0.3,"two_stage",30,30,6,30,"CRM","additive_shared","additive_shared","previous_dose",0.15,0.85,"previous_dose_additive",0.5,0.5,0.15,0.85,0.15,0.85,3,1,"top2_randomized","continuous",0.0179,28,1,"any_admissible_dose",0.6,0.6,0.2,0.85,3,1,0,1,0.02,0.2,0.0422,0.2129,51.0848,0.1378,NA,NA,0.1,32.9,7.691,7.691,0,29.979,29.979,0,0,0.1,1663.3896,1000,1000
38,16,1,"five_scenarios_txt",1,5,1,0.3,"two_stage",30,30,6,30,"CRM","additive_shared","additive_shared","previous_dose",0.15,0.85,"previous_dose_additive",0.5,0.5,0.15,0.85,0.15,0.85,3,1,"top2_randomized","continuous",0.0179,28,1,"any_admissible_dose",0.6,0.6,0.2,0.85,3,1,0,2,0.06,0.2,0.064,0.2057,49.7795,0.1378,NA,NA,0,23.9,6.903,6.903,0,29.979,29.979,0,0,0.1,1663.3896,1000,1000
38,16,1,"five_scenarios_txt",1,5,1,0.3,"two_stage",30,30,6,30,"CRM","additive_shared","additive_shared","previous_dose",0.15,0.85,"previous_dose_additive",0.5,0.5,0.15,0.85,0.15,0.85,3,1,"top2_randomized","continuous",0.0179,28,1,"any_admissible_dose",0.6,0.6,0.2,0.85,3,1,0,3,0.09,0.2,0.1185,0.2057,47.6039,0.1378,NA,NA,0.7,16,5.601,5.601,0,29.979,29.979,0,0,0.1,1663.3896,1000,1000
38,16,1,"five_scenarios_txt",1,5,1,0.3,"two_stage",30,30,6,30,"CRM","additive_shared","additive_shared","previous_dose",0.15,0.85,"previous_dose_additive",0.5,0.5,0.15,0.85,0.15,0.85,3,1,"top2_randomized","continuous",0.0179,28,1,"any_admissible_dose",0.6,0.6,0.2,0.85,3,1,0,4,0.14,0.2,0.1512,0.2208,47.203,0.1378,NA,NA,6.8,15.9,5.524,5.524,0,29.979,29.979,0,0,0.1,1663.3896,1000,1000
38,16,1,"five_scenarios_txt",1,5,1,0.3,"two_stage",30,30,6,30,"CRM","additive_shared","additive_shared","previous_dose",0.15,0.85,"previous_dose_additive",0.5,0.5,0.15,0.85,0.15,0.85,3,1,"top2_randomized","continuous",0.0179,28,1,"any_admissible_dose",0.6,0.6,0.2,0.85,3,1,0,5,0.26,0.2,0.228,0.2425,45.4307,0.1378,NA,NA,92.4,11.2,4.26,4.26,0,29.979,29.979,0,0,0.1,1663.3896,1000,1000
39,20,5,"five_scenarios_txt",1,3,2,0.3,"two_stage",30,30,6,30,"CRM","additive_shared","additive_shared","previous_dose",0.15,0.85,"previous_dose_additive",0.5,0.5,0.15,0.85,0.15,0.85,3,1,"top2_randomized","continuous",0.0179,28,1,"any_admissible_dose",0.6,0.6,0.2,0.85,3,1,0,1,0.07,0.05,0.1373,0.1096,41.0863,0.1397,NA,NA,2,7.3,7.048,7.048,0,29.634,29.634,0.1,0.1,2.7,1643.3461,1000,1000
39,20,5,"five_scenarios_txt",1,3,2,0.3,"two_stage",30,30,6,30,"CRM","additive_shared","additive_shared","previous_dose",0.15,0.85,"previous_dose_additive",0.5,0.5,0.15,0.85,0.15,0.85,3,1,"top2_randomized","continuous",0.0179,28,1,"any_admissible_dose",0.6,0.6,0.2,0.85,3,1,0,2,0.14,0.25,0.1814,0.2612,48.4147,0.1397,NA,NA,7.6,54.6,9.893,9.893,0,29.634,29.634,0.1,0.1,2.7,1643.3461,1000,1000
39,20,5,"five_scenarios_txt",1,3,2,0.3,"two_stage",30,30,6,30,"CRM","additive_shared","additive_shared","previous_dose",0.15,0.85,"previous_dose_additive",0.5,0.5,0.15,0.85,0.15,0.85,3,1,"top2_randomized","continuous",0.0179,28,1,"any_admissible_dose",0.6,0.6,0.2,0.85,3,1,0,3,0.31,0.25,0.2721,0.2459,43.874,0.1397,NA,NA,39.7,22.4,7.115,7.115,0,29.634,29.634,0.1,0.1,2.7,1643.3461,1000,1000
39,20,5,"five_scenarios_txt",1,3,2,0.3,"two_stage",30,30,6,30,"CRM","additive_shared","additive_shared","previous_dose",0.15,0.85,"previous_dose_additive",0.5,0.5,0.15,0.85,0.15,0.85,3,1,"top2_randomized","continuous",0.0179,28,1,"any_admissible_dose",0.6,0.6,0.2,0.85,3,1,0,4,0.41,0.25,0.3186,0.3157,46.1936,0.1397,NA,NA,35,10.4,4.16,4.16,0,29.634,29.634,0.1,0.1,2.7,1643.3461,1000,1000
39,20,5,"five_scenarios_txt",1,3,2,0.3,"two_stage",30,30,6,30,"CRM","additive_shared","additive_shared","previous_dose",0.15,0.85,"previous_dose_additive",0.5,0.5,0.15,0.85,0.15,0.85,3,1,"top2_randomized","continuous",0.0179,28,1,"any_admissible_dose",0.6,0.6,0.2,0.85,3,1,0,5,0.52,0.25,0.4144,0.4145,48.293,0.1397,NA,NA,15.6,2.6,1.418,1.418,0,29.634,29.634,0.1,0.1,2.7,1643.3461,1000,1000
40,24,4,"five_scenarios_txt",1,5,4,0.3,"two_stage",30,30,6,30,"CRM","additive_shared","additive_shared","previous_dose",0.15,0.85,"previous_dose_additive",0.5,0.5,0.15,0.85,0.15,0.85,3,1,"top2_randomized","continuous",0.0179,28,1,"any_admissible_dose",0.6,0.6,0.2,0.85,3,1,0,1,0.01,0.05,0.0296,0.1406,47.2511,0.1369,NA,NA,0,0.6,3.979,3.979,0,30,30,0,0,0,1664.1347,1000,1000
40,24,4,"five_scenarios_txt",1,5,4,0.3,"two_stage",30,30,6,30,"CRM","additive_shared","additive_shared","previous_dose",0.15,0.85,"previous_dose_additive",0.5,0.5,0.15,0.85,0.15,0.85,3,1,"top2_randomized","continuous",0.0179,28,1,"any_admissible_dose",0.6,0.6,0.2,0.85,3,1,0,2,0.02,0.08,0.0469,0.1511,47.1899,0.1369,NA,NA,0,0.7,4.043,4.043,0,30,30,0,0,0,1664.1347,1000,1000
40,24,4,"five_scenarios_txt",1,5,4,0.3,"two_stage",30,30,6,30,"CRM","additive_shared","additive_shared","previous_dose",0.15,0.85,"previous_dose_additive",0.5,0.5,0.15,0.85,0.15,0.85,3,1,"top2_randomized","continuous",0.0179,28,1,"any_admissible_dose",0.6,0.6,0.2,0.85,3,1,0,3,0.05,0.2,0.0926,0.2139,49.1297,0.1369,NA,NA,0,3.5,4.803,4.803,0,30,30,0,0,0,1664.1347,1000,1000
40,24,4,"five_scenarios_txt",1,5,4,0.3,"two_stage",30,30,6,30,"CRM","additive_shared","additive_shared","previous_dose",0.15,0.85,"previous_dose_additive",0.5,0.5,0.15,0.85,0.15,0.85,3,1,"top2_randomized","continuous",0.0179,28,1,"any_admissible_dose",0.6,0.6,0.2,0.85,3,1,0,4,0.1,0.5,0.1214,0.4626,62.8963,0.1369,NA,NA,1.6,54.5,9.147,9.147,0,30,30,0,0,0,1664.1347,1000,1000
40,24,4,"five_scenarios_txt",1,5,4,0.3,"two_stage",30,30,6,30,"CRM","additive_shared","additive_shared","previous_dose",0.15,0.85,"previous_dose_additive",0.5,0.5,0.15,0.85,0.15,0.85,3,1,"top2_randomized","continuous",0.0179,28,1,"any_admissible_dose",0.6,0.6,0.2,0.85,3,1,0,5,0.25,0.5,0.1919,0.4564,59.706,0.1369,NA,NA,98.4,40.7,8.028,8.028,0,30,30,0,0,0,1664.1347,1000,1000
41,27,2,"higher_gap_above_MTD",1,3,3,0.3,"two_stage",30,30,6,30,"CRM","additive_shared","additive_shared","previous_dose",0.15,0.85,"previous_dose_additive",0.5,0.5,0.15,0.85,0.15,0.85,3,1,"top2_randomized","continuous",0.0179,28,1,"any_admissible_dose",0.6,0.6,0.2,0.85,3,1,0,1,0.11,0.1,0.1639,0.1377,41.7028,0.1382,NA,NA,4.4,12.9,8.459,8.459,0,29.262,29.262,0.2,0.2,6.3,1624.9894,1000,1000
41,27,2,"higher_gap_above_MTD",1,3,3,0.3,"two_stage",30,30,6,30,"CRM","additive_shared","additive_shared","previous_dose",0.15,0.85,"previous_dose_additive",0.5,0.5,0.15,0.85,0.15,0.85,3,1,"top2_randomized","continuous",0.0179,28,1,"any_admissible_dose",0.6,0.6,0.2,0.85,3,1,0,2,0.17,0.2,0.2117,0.2164,44.5146,0.1382,NA,NA,16.2,25.8,8.281,8.281,0,29.262,29.262,0.2,0.2,6.3,1624.9894,1000,1000
41,27,2,"higher_gap_above_MTD",1,3,3,0.3,"two_stage",30,30,6,30,"CRM","additive_shared","additive_shared","previous_dose",0.15,0.85,"previous_dose_additive",0.5,0.5,0.15,0.85,0.15,0.85,3,1,"top2_randomized","continuous",0.0179,28,1,"any_admissible_dose",0.6,0.6,0.2,0.85,3,1,0,3,0.3,0.4,0.3068,0.3865,50.9135,0.1382,NA,NA,48.8,42.9,8.022,8.022,0,29.262,29.262,0.2,0.2,6.3,1624.9894,1000,1000
41,27,2,"higher_gap_above_MTD",1,3,3,0.3,"two_stage",30,30,6,30,"CRM","additive_shared","additive_shared","previous_dose",0.15,0.85,"previous_dose_additive",0.5,0.5,0.15,0.85,0.15,0.85,3,1,"top2_randomized","continuous",0.0179,28,1,"any_admissible_dose",0.6,0.6,0.2,0.85,3,1,0,4,0.5,0.42,0.3545,0.4384,52.126,0.1382,NA,NA,25.7,11,3.62,3.62,0,29.262,29.262,0.2,0.2,6.3,1624.9894,1000,1000
41,27,2,"higher_gap_above_MTD",1,3,3,0.3,"two_stage",30,30,6,30,"CRM","additive_shared","additive_shared","previous_dose",0.15,0.85,"previous_dose_additive",0.5,0.5,0.15,0.85,0.15,0.85,3,1,"top2_randomized","continuous",0.0179,28,1,"any_admissible_dose",0.6,0.6,0.2,0.85,3,1,0,5,0.62,0.45,0.4504,0.4822,50.9126,0.1382,NA,NA,4.7,1.1,0.88,0.88,0,29.262,29.262,0.2,0.2,6.3,1624.9894,1000,1000
42,38,38,"user_added",1,5,5,0.3,"two_stage",30,30,6,30,"CRM","additive_shared","additive_shared","previous_dose",0.15,0.85,"previous_dose_additive",0.5,0.5,0.15,0.85,0.15,0.85,3,1,"top2_randomized","continuous",0.0179,28,1,"any_admissible_dose",0.6,0.6,0.2,0.85,3,1,0,1,0.05,0.05,0.0631,0.112,44.1969,0.1368,NA,NA,0.2,8.5,6.615,6.615,0,29.91,29.91,0,0,1.1,1659.917,1000,1000
42,38,38,"user_added",1,5,5,0.3,"two_stage",30,30,6,30,"CRM","additive_shared","additive_shared","previous_dose",0.15,0.85,"previous_dose_additive",0.5,0.5,0.15,0.85,0.15,0.85,3,1,"top2_randomized","continuous",0.0179,28,1,"any_admissible_dose",0.6,0.6,0.2,0.85,3,1,0,2,0.1,0.08,0.0915,0.1315,44.2304,0.1368,NA,NA,0.8,10.9,6.056,6.056,0,29.91,29.91,0,0,1.1,1659.917,1000,1000
42,38,38,"user_added",1,5,5,0.3,"two_stage",30,30,6,30,"CRM","additive_shared","additive_shared","previous_dose",0.15,0.85,"previous_dose_additive",0.5,0.5,0.15,0.85,0.15,0.85,3,1,"top2_randomized","continuous",0.0179,28,1,"any_admissible_dose",0.6,0.6,0.2,0.85,3,1,0,3,0.12,0.12,0.1582,0.1586,43.19,0.1368,NA,NA,3.4,9.3,5.033,5.033,0,29.91,29.91,0,0,1.1,1659.917,1000,1000
42,38,38,"user_added",1,5,5,0.3,"two_stage",30,30,6,30,"CRM","additive_shared","additive_shared","previous_dose",0.15,0.85,"previous_dose_additive",0.5,0.5,0.15,0.85,0.15,0.85,3,1,"top2_randomized","continuous",0.0179,28,1,"any_admissible_dose",0.6,0.6,0.2,0.85,3,1,0,4,0.15,0.15,0.1963,0.195,43.8467,0.1368,NA,NA,16.3,9.9,5.137,5.137,0,29.91,29.91,0,0,1.1,1659.917,1000,1000
42,38,38,"user_added",1,5,5,0.3,"two_stage",30,30,6,30,"CRM","additive_shared","additive_shared","previous_dose",0.15,0.85,"previous_dose_additive",0.5,0.5,0.15,0.85,0.15,0.85,3,1,"top2_randomized","continuous",0.0179,28,1,"any_admissible_dose",0.6,0.6,0.2,0.85,3,1,0,5,0.3,0.5,0.2821,0.4706,56.9512,0.1368,NA,NA,79.3,60.3,7.069,7.069,0,29.91,29.91,0,0,1.1,1659.917,1000,1000
43,1,1,"base_example",1,1,1,0.3,"two_stage",30,30,6,30,"CRM","additive_shared","additive_shared","previous_dose",0.15,0.85,"previous_dose_additive",0.5,0.5,0.15,0.85,0.15,0.85,3,1,"highest_utility","continuous",0.0179,28,1,"any_admissible_dose",0.6,0.6,0.2,0.85,3,1,0,1,0.3,0.05,0.3419,0.079,31.0622,0.1391,NA,NA,63.1,10.6,11.532,11.532,0,18.318,18.318,9.7,9.7,77.4,1009.9121,1000,1000
43,1,1,"base_example",1,1,1,0.3,"two_stage",30,30,6,30,"CRM","additive_shared","additive_shared","previous_dose",0.15,0.85,"previous_dose_additive",0.5,0.5,0.15,0.85,0.15,0.85,3,1,"highest_utility","continuous",0.0179,28,1,"any_admissible_dose",0.6,0.6,0.2,0.85,3,1,0,2,0.35,0.06,0.3957,0.2687,40.294,0.1391,NA,NA,15.8,7.7,4.197,4.197,0,18.318,18.318,9.7,9.7,77.4,1009.9121,1000,1000
43,1,1,"base_example",1,1,1,0.3,"two_stage",30,30,6,30,"CRM","additive_shared","additive_shared","previous_dose",0.15,0.85,"previous_dose_additive",0.5,0.5,0.15,0.85,0.15,0.85,3,1,"highest_utility","continuous",0.0179,28,1,"any_admissible_dose",0.6,0.6,0.2,0.85,3,1,0,3,0.4,0.07,0.4909,0.3679,42.4409,0.1391,NA,NA,8.2,3.7,1.752,1.752,0,18.318,18.318,9.7,9.7,77.4,1009.9121,1000,1000
43,1,1,"base_example",1,1,1,0.3,"two_stage",30,30,6,30,"CRM","additive_shared","additive_shared","previous_dose",0.15,0.85,"previous_dose_additive",0.5,0.5,0.15,0.85,0.15,0.85,3,1,"highest_utility","continuous",0.0179,28,1,"any_admissible_dose",0.6,0.6,0.2,0.85,3,1,0,4,0.45,0.08,0.5344,0.4433,45.2257,0.1391,NA,NA,2.9,0.5,0.675,0.675,0,18.318,18.318,9.7,9.7,77.4,1009.9121,1000,1000
43,1,1,"base_example",1,1,1,0.3,"two_stage",30,30,6,30,"CRM","additive_shared","additive_shared","previous_dose",0.15,0.85,"previous_dose_additive",0.5,0.5,0.15,0.85,0.15,0.85,3,1,"highest_utility","continuous",0.0179,28,1,"any_admissible_dose",0.6,0.6,0.2,0.85,3,1,0,5,0.5,0.09,0.616,0.4847,44.4417,0.1391,NA,NA,0.3,0.1,0.162,0.162,0,18.318,18.318,9.7,9.7,77.4,1009.9121,1000,1000
44,16,1,"five_scenarios_txt",1,5,1,0.3,"two_stage",30,30,6,30,"CRM","additive_shared","additive_shared","previous_dose",0.15,0.85,"previous_dose_additive",0.5,0.5,0.15,0.85,0.15,0.85,3,1,"highest_utility","continuous",0.0179,28,1,"any_admissible_dose",0.6,0.6,0.2,0.85,3,1,0,1,0.02,0.2,0.0423,0.201,50.3664,0.1383,NA,NA,0,29,7.716,7.716,0,30,30,0,0,0,1664.1426,1000,1000
44,16,1,"five_scenarios_txt",1,5,1,0.3,"two_stage",30,30,6,30,"CRM","additive_shared","additive_shared","previous_dose",0.15,0.85,"previous_dose_additive",0.5,0.5,0.15,0.85,0.15,0.85,3,1,"highest_utility","continuous",0.0179,28,1,"any_admissible_dose",0.6,0.6,0.2,0.85,3,1,0,2,0.06,0.2,0.0641,0.2005,49.4665,0.1383,NA,NA,0,24.7,6.882,6.882,0,30,30,0,0,0,1664.1426,1000,1000
44,16,1,"five_scenarios_txt",1,5,1,0.3,"two_stage",30,30,6,30,"CRM","additive_shared","additive_shared","previous_dose",0.15,0.85,"previous_dose_additive",0.5,0.5,0.15,0.85,0.15,0.85,3,1,"highest_utility","continuous",0.0179,28,1,"any_admissible_dose",0.6,0.6,0.2,0.85,3,1,0,3,0.09,0.2,0.1184,0.206,47.6224,0.1383,NA,NA,0.7,18.5,5.652,5.652,0,30,30,0,0,0,1664.1426,1000,1000
44,16,1,"five_scenarios_txt",1,5,1,0.3,"two_stage",30,30,6,30,"CRM","additive_shared","additive_shared","previous_dose",0.15,0.85,"previous_dose_additive",0.5,0.5,0.15,0.85,0.15,0.85,3,1,"highest_utility","continuous",0.0179,28,1,"any_admissible_dose",0.6,0.6,0.2,0.85,3,1,0,4,0.14,0.2,0.1511,0.2209,47.2086,0.1383,NA,NA,8.8,17.1,5.427,5.427,0,30,30,0,0,0,1664.1426,1000,1000
44,16,1,"five_scenarios_txt",1,5,1,0.3,"two_stage",30,30,6,30,"CRM","additive_shared","additive_shared","previous_dose",0.15,0.85,"previous_dose_additive",0.5,0.5,0.15,0.85,0.15,0.85,3,1,"highest_utility","continuous",0.0179,28,1,"any_admissible_dose",0.6,0.6,0.2,0.85,3,1,0,5,0.26,0.2,0.2277,0.2494,45.8525,0.1383,NA,NA,90.5,10.7,4.323,4.323,0,30,30,0,0,0,1664.1426,1000,1000
45,20,5,"five_scenarios_txt",1,3,2,0.3,"two_stage",30,30,6,30,"CRM","additive_shared","additive_shared","previous_dose",0.15,0.85,"previous_dose_additive",0.5,0.5,0.15,0.85,0.15,0.85,3,1,"highest_utility","continuous",0.0179,28,1,"any_admissible_dose",0.6,0.6,0.2,0.85,3,1,0,1,0.07,0.05,0.1413,0.1191,41.4957,0.1381,NA,NA,2.6,8.6,5.931,5.931,0,29.469,29.469,0.1,0.1,3.3,1633.0788,1000,1000
45,20,5,"five_scenarios_txt",1,3,2,0.3,"two_stage",30,30,6,30,"CRM","additive_shared","additive_shared","previous_dose",0.15,0.85,"previous_dose_additive",0.5,0.5,0.15,0.85,0.15,0.85,3,1,"highest_utility","continuous",0.0179,28,1,"any_admissible_dose",0.6,0.6,0.2,0.85,3,1,0,2,0.14,0.25,0.1858,0.2426,47.1222,0.1381,NA,NA,8.9,51.3,10.563,10.563,0,29.469,29.469,0.1,0.1,3.3,1633.0788,1000,1000
45,20,5,"five_scenarios_txt",1,3,2,0.3,"two_stage",30,30,6,30,"CRM","additive_shared","additive_shared","previous_dose",0.15,0.85,"previous_dose_additive",0.5,0.5,0.15,0.85,0.15,0.85,3,1,"highest_utility","continuous",0.0179,28,1,"any_admissible_dose",0.6,0.6,0.2,0.85,3,1,0,3,0.31,0.25,0.2768,0.2499,43.9254,0.1381,NA,NA,42.3,24.9,7.308,7.308,0,29.469,29.469,0.1,0.1,3.3,1633.0788,1000,1000
45,20,5,"five_scenarios_txt",1,3,2,0.3,"two_stage",30,30,6,30,"CRM","additive_shared","additive_shared","previous_dose",0.15,0.85,"previous_dose_additive",0.5,0.5,0.15,0.85,0.15,0.85,3,1,"highest_utility","continuous",0.0179,28,1,"any_admissible_dose",0.6,0.6,0.2,0.85,3,1,0,4,0.41,0.25,0.3234,0.3202,46.2788,0.1381,NA,NA,32,9.9,4.227,4.227,0,29.469,29.469,0.1,0.1,3.3,1633.0788,1000,1000
45,20,5,"five_scenarios_txt",1,3,2,0.3,"two_stage",30,30,6,30,"CRM","additive_shared","additive_shared","previous_dose",0.15,0.85,"previous_dose_additive",0.5,0.5,0.15,0.85,0.15,0.85,3,1,"highest_utility","continuous",0.0179,28,1,"any_admissible_dose",0.6,0.6,0.2,0.85,3,1,0,5,0.52,0.25,0.4189,0.4216,48.5412,0.1381,NA,NA,14.1,2,1.44,1.44,0,29.469,29.469,0.1,0.1,3.3,1633.0788,1000,1000
46,24,4,"five_scenarios_txt",1,5,4,0.3,"two_stage",30,30,6,30,"CRM","additive_shared","additive_shared","previous_dose",0.15,0.85,"previous_dose_additive",0.5,0.5,0.15,0.85,0.15,0.85,3,1,"highest_utility","continuous",0.0179,28,1,"any_admissible_dose",0.6,0.6,0.2,0.85,3,1,0,1,0.01,0.05,0.0305,0.15,47.7802,0.1377,NA,NA,0,1.8,3.51,3.51,0,30,30,0,0,0,1664.1426,1000,1000
46,24,4,"five_scenarios_txt",1,5,4,0.3,"two_stage",30,30,6,30,"CRM","additive_shared","additive_shared","previous_dose",0.15,0.85,"previous_dose_additive",0.5,0.5,0.15,0.85,0.15,0.85,3,1,"highest_utility","continuous",0.0179,28,1,"any_admissible_dose",0.6,0.6,0.2,0.85,3,1,0,2,0.02,0.08,0.0483,0.1642,47.9218,0.1377,NA,NA,0,1.3,3.48,3.48,0,30,30,0,0,0,1664.1426,1000,1000
46,24,4,"five_scenarios_txt",1,5,4,0.3,"two_stage",30,30,6,30,"CRM","additive_shared","additive_shared","previous_dose",0.15,0.85,"previous_dose_additive",0.5,0.5,0.15,0.85,0.15,0.85,3,1,"highest_utility","continuous",0.0179,28,1,"any_admissible_dose",0.6,0.6,0.2,0.85,3,1,0,3,0.05,0.2,0.0951,0.2322,50.1284,0.1377,NA,NA,0,5.9,4.233,4.233,0,30,30,0,0,0,1664.1426,1000,1000
46,24,4,"five_scenarios_txt",1,5,4,0.3,"two_stage",30,30,6,30,"CRM","additive_shared","additive_shared","previous_dose",0.15,0.85,"previous_dose_additive",0.5,0.5,0.15,0.85,0.15,0.85,3,1,"highest_utility","continuous",0.0179,28,1,"any_admissible_dose",0.6,0.6,0.2,0.85,3,1,0,4,0.1,0.5,0.1245,0.441,61.4838,0.1377,NA,NA,5,55.8,10.839,10.839,0,30,30,0,0,0,1664.1426,1000,1000
46,24,4,"five_scenarios_txt",1,5,4,0.3,"two_stage",30,30,6,30,"CRM","additive_shared","additive_shared","previous_dose",0.15,0.85,"previous_dose_additive",0.5,0.5,0.15,0.85,0.15,0.85,3,1,"highest_utility","continuous",0.0179,28,1,"any_admissible_dose",0.6,0.6,0.2,0.85,3,1,0,5,0.25,0.5,0.1959,0.4422,58.6955,0.1377,NA,NA,95,35.2,7.938,7.938,0,30,30,0,0,0,1664.1426,1000,1000
47,27,2,"higher_gap_above_MTD",1,3,3,0.3,"two_stage",30,30,6,30,"CRM","additive_shared","additive_shared","previous_dose",0.15,0.85,"previous_dose_additive",0.5,0.5,0.15,0.85,0.15,0.85,3,1,"highest_utility","continuous",0.0179,28,1,"any_admissible_dose",0.6,0.6,0.2,0.85,3,1,0,1,0.11,0.1,0.1678,0.1423,41.8252,0.1363,NA,NA,5.7,14.3,7.485,7.485,0,29.109,29.109,0.2,0.2,6.7,1613.6069,1000,1000
47,27,2,"higher_gap_above_MTD",1,3,3,0.3,"two_stage",30,30,6,30,"CRM","additive_shared","additive_shared","previous_dose",0.15,0.85,"previous_dose_additive",0.5,0.5,0.15,0.85,0.15,0.85,3,1,"highest_utility","continuous",0.0179,28,1,"any_admissible_dose",0.6,0.6,0.2,0.85,3,1,0,2,0.17,0.2,0.2159,0.2144,44.2287,0.1363,NA,NA,17,24.4,7.632,7.632,0,29.109,29.109,0.2,0.2,6.7,1613.6069,1000,1000
47,27,2,"higher_gap_above_MTD",1,3,3,0.3,"two_stage",30,30,6,30,"CRM","additive_shared","additive_shared","previous_dose",0.15,0.85,"previous_dose_additive",0.5,0.5,0.15,0.85,0.15,0.85,3,1,"highest_utility","continuous",0.0179,28,1,"any_admissible_dose",0.6,0.6,0.2,0.85,3,1,0,3,0.3,0.4,0.3111,0.3751,50.0632,0.1363,NA,NA,51.1,43.6,9.276,9.276,0,29.109,29.109,0.2,0.2,6.7,1613.6069,1000,1000
47,27,2,"higher_gap_above_MTD",1,3,3,0.3,"two_stage",30,30,6,30,"CRM","additive_shared","additive_shared","previous_dose",0.15,0.85,"previous_dose_additive",0.5,0.5,0.15,0.85,0.15,0.85,3,1,"highest_utility","continuous",0.0179,28,1,"any_admissible_dose",0.6,0.6,0.2,0.85,3,1,0,4,0.5,0.42,0.3587,0.4429,52.2265,0.1363,NA,NA,21.5,10,3.765,3.765,0,29.109,29.109,0.2,0.2,6.7,1613.6069,1000,1000
47,27,2,"higher_gap_above_MTD",1,3,3,0.3,"two_stage",30,30,6,30,"CRM","additive_shared","additive_shared","previous_dose",0.15,0.85,"previous_dose_additive",0.5,0.5,0.15,0.85,0.15,0.85,3,1,"highest_utility","continuous",0.0179,28,1,"any_admissible_dose",0.6,0.6,0.2,0.85,3,1,0,5,0.62,0.45,0.4544,0.4845,50.8926,0.1363,NA,NA,4.5,1,0.951,0.951,0,29.109,29.109,0.2,0.2,6.7,1613.6069,1000,1000
48,38,38,"user_added",1,5,5,0.3,"two_stage",30,30,6,30,"CRM","additive_shared","additive_shared","previous_dose",0.15,0.85,"previous_dose_additive",0.5,0.5,0.15,0.85,0.15,0.85,3,1,"highest_utility","continuous",0.0179,28,1,"any_admissible_dose",0.6,0.6,0.2,0.85,3,1,0,1,0.05,0.05,0.0652,0.1239,44.8296,0.137,NA,NA,0.8,9.3,5.502,5.502,0,29.814,29.814,0,0,1.1,1652.9992,1000,1000
48,38,38,"user_added",1,5,5,0.3,"two_stage",30,30,6,30,"CRM","additive_shared","additive_shared","previous_dose",0.15,0.85,"previous_dose_additive",0.5,0.5,0.15,0.85,0.15,0.85,3,1,"highest_utility","continuous",0.0179,28,1,"any_admissible_dose",0.6,0.6,0.2,0.85,3,1,0,2,0.1,0.08,0.0941,0.1458,44.9838,0.137,NA,NA,0.4,12.6,5.112,5.112,0,29.814,29.814,0,0,1.1,1652.9992,1000,1000
48,38,38,"user_added",1,5,5,0.3,"two_stage",30,30,6,30,"CRM","additive_shared","additive_shared","previous_dose",0.15,0.85,"previous_dose_additive",0.5,0.5,0.15,0.85,0.15,0.85,3,1,"highest_utility","continuous",0.0179,28,1,"any_admissible_dose",0.6,0.6,0.2,0.85,3,1,0,3,0.12,0.12,0.1617,0.1696,43.7062,0.137,NA,NA,3.6,10.2,4.506,4.506,0,29.814,29.814,0,0,1.1,1652.9992,1000,1000
48,38,38,"user_added",1,5,5,0.3,"two_stage",30,30,6,30,"CRM","additive_shared","additive_shared","previous_dose",0.15,0.85,"previous_dose_additive",0.5,0.5,0.15,0.85,0.15,0.85,3,1,"highest_utility","continuous",0.0179,28,1,"any_admissible_dose",0.6,0.6,0.2,0.85,3,1,0,4,0.15,0.15,0.2002,0.2011,44.0551,0.137,NA,NA,16.9,8.4,4.902,4.902,0,29.814,29.814,0,0,1.1,1652.9992,1000,1000
48,38,38,"user_added",1,5,5,0.3,"two_stage",30,30,6,30,"CRM","additive_shared","additive_shared","previous_dose",0.15,0.85,"previous_dose_additive",0.5,0.5,0.15,0.85,0.15,0.85,3,1,"highest_utility","continuous",0.0179,28,1,"any_admissible_dose",0.6,0.6,0.2,0.85,3,1,0,5,0.3,0.5,0.2868,0.4592,56.0779,0.137,NA,NA,78.3,58.4,9.792,9.792,0,29.814,29.814,0,0,1.1,1652.9992,1000,1000
49,1,1,"base_example",1,1,1,0.3,"one_stage",30,30,30,30,"CRM","additive_shared","additive_shared","previous_dose",0.15,0.85,"previous_dose_additive",0.5,0.5,0.15,0.85,0.15,0.85,3,1,"highest_utility","continuous",0.0179,28,1,"any_admissible_dose",0.6,0.6,0.2,0.85,3,1,0,1,0.3,0.05,0.3428,0.078,30.9715,0.1401,NA,NA,64,9.5,11.655,11.655,0,18.078,18.078,9.3,9.4,78.8,996.7086,1000,1000
49,1,1,"base_example",1,1,1,0.3,"one_stage",30,30,30,30,"CRM","additive_shared","additive_shared","previous_dose",0.15,0.85,"previous_dose_additive",0.5,0.5,0.15,0.85,0.15,0.85,3,1,"highest_utility","continuous",0.0179,28,1,"any_admissible_dose",0.6,0.6,0.2,0.85,3,1,0,2,0.35,0.06,0.3966,0.2706,40.3732,0.1401,NA,NA,15.9,7.3,4.113,4.113,0,18.078,18.078,9.3,9.4,78.8,996.7086,1000,1000
49,1,1,"base_example",1,1,1,0.3,"one_stage",30,30,30,30,"CRM","additive_shared","additive_shared","previous_dose",0.15,0.85,"previous_dose_additive",0.5,0.5,0.15,0.85,0.15,0.85,3,1,"highest_utility","continuous",0.0179,28,1,"any_admissible_dose",0.6,0.6,0.2,0.85,3,1,0,3,0.4,0.07,0.4918,0.3684,42.4351,0.1401,NA,NA,8.1,3.8,1.554,1.554,0,18.078,18.078,9.3,9.4,78.8,996.7086,1000,1000
49,1,1,"base_example",1,1,1,0.3,"one_stage",30,30,30,30,"CRM","additive_shared","additive_shared","previous_dose",0.15,0.85,"previous_dose_additive",0.5,0.5,0.15,0.85,0.15,0.85,3,1,"highest_utility","continuous",0.0179,28,1,"any_admissible_dose",0.6,0.6,0.2,0.85,3,1,0,4,0.45,0.08,0.5353,0.4462,45.3591,0.1401,NA,NA,2.4,0.5,0.606,0.606,0,18.078,18.078,9.3,9.4,78.8,996.7086,1000,1000
49,1,1,"base_example",1,1,1,0.3,"one_stage",30,30,30,30,"CRM","additive_shared","additive_shared","previous_dose",0.15,0.85,"previous_dose_additive",0.5,0.5,0.15,0.85,0.15,0.85,3,1,"highest_utility","continuous",0.0179,28,1,"any_admissible_dose",0.6,0.6,0.2,0.85,3,1,0,5,0.5,0.09,0.6168,0.4862,44.4962,0.1401,NA,NA,0.3,0.1,0.15,0.15,0,18.078,18.078,9.3,9.4,78.8,996.7086,1000,1000
50,16,1,"five_scenarios_txt",1,5,1,0.3,"one_stage",30,30,30,30,"CRM","additive_shared","additive_shared","previous_dose",0.15,0.85,"previous_dose_additive",0.5,0.5,0.15,0.85,0.15,0.85,3,1,"highest_utility","continuous",0.0179,28,1,"any_admissible_dose",0.6,0.6,0.2,0.85,3,1,0,1,0.02,0.2,0.0415,0.1999,50.3343,0.137,NA,NA,0,29.7,7.905,7.905,0,30,30,0,0,0,1664.1426,1000,1000
50,16,1,"five_scenarios_txt",1,5,1,0.3,"one_stage",30,30,30,30,"CRM","additive_shared","additive_shared","previous_dose",0.15,0.85,"previous_dose_additive",0.5,0.5,0.15,0.85,0.15,0.85,3,1,"highest_utility","continuous",0.0179,28,1,"any_admissible_dose",0.6,0.6,0.2,0.85,3,1,0,2,0.06,0.2,0.0631,0.1958,49.2269,0.137,NA,NA,0,23.6,6.915,6.915,0,30,30,0,0,0,1664.1426,1000,1000
50,16,1,"five_scenarios_txt",1,5,1,0.3,"one_stage",30,30,30,30,"CRM","additive_shared","additive_shared","previous_dose",0.15,0.85,"previous_dose_additive",0.5,0.5,0.15,0.85,0.15,0.85,3,1,"highest_utility","continuous",0.0179,28,1,"any_admissible_dose",0.6,0.6,0.2,0.85,3,1,0,3,0.09,0.2,0.117,0.2098,47.9067,0.137,NA,NA,1.2,19.8,5.67,5.67,0,30,30,0,0,0,1664.1426,1000,1000
50,16,1,"five_scenarios_txt",1,5,1,0.3,"one_stage",30,30,30,30,"CRM","additive_shared","additive_shared","previous_dose",0.15,0.85,"previous_dose_additive",0.5,0.5,0.15,0.85,0.15,0.85,3,1,"highest_utility","continuous",0.0179,28,1,"any_admissible_dose",0.6,0.6,0.2,0.85,3,1,0,4,0.14,0.2,0.1495,0.2202,47.2356,0.137,NA,NA,10.9,17.2,5.421,5.421,0,30,30,0,0,0,1664.1426,1000,1000
50,16,1,"five_scenarios_txt",1,5,1,0.3,"one_stage",30,30,30,30,"CRM","additive_shared","additive_shared","previous_dose",0.15,0.85,"previous_dose_additive",0.5,0.5,0.15,0.85,0.15,0.85,3,1,"highest_utility","continuous",0.0179,28,1,"any_admissible_dose",0.6,0.6,0.2,0.85,3,1,0,5,0.26,0.2,0.2259,0.2584,46.4683,0.137,NA,NA,87.9,9.7,4.089,4.089,0,30,30,0,0,0,1664.1426,1000,1000
51,20,5,"five_scenarios_txt",1,3,2,0.3,"one_stage",30,30,30,30,"CRM","additive_shared","additive_shared","previous_dose",0.15,0.85,"previous_dose_additive",0.5,0.5,0.15,0.85,0.15,0.85,3,1,"highest_utility","continuous",0.0179,28,1,"any_admissible_dose",0.6,0.6,0.2,0.85,3,1,0,1,0.07,0.05,0.1391,0.1157,41.3808,0.1382,NA,NA,2.6,8.2,6.267,6.267,0,29.439,29.439,0.1,0.1,3.6,1631.3982,1000,1000
51,20,5,"five_scenarios_txt",1,3,2,0.3,"one_stage",30,30,30,30,"CRM","additive_shared","additive_shared","previous_dose",0.15,0.85,"previous_dose_additive",0.5,0.5,0.15,0.85,0.15,0.85,3,1,"highest_utility","continuous",0.0179,28,1,"any_admissible_dose",0.6,0.6,0.2,0.85,3,1,0,2,0.14,0.25,0.1832,0.2388,47.0002,0.1382,NA,NA,8.9,51.3,11.193,11.193,0,29.439,29.439,0.1,0.1,3.6,1631.3982,1000,1000
51,20,5,"five_scenarios_txt",1,3,2,0.3,"one_stage",30,30,30,30,"CRM","additive_shared","additive_shared","previous_dose",0.15,0.85,"previous_dose_additive",0.5,0.5,0.15,0.85,0.15,0.85,3,1,"highest_utility","continuous",0.0179,28,1,"any_admissible_dose",0.6,0.6,0.2,0.85,3,1,0,3,0.31,0.25,0.2738,0.2479,43.9198,0.1382,NA,NA,39.7,23.5,6.762,6.762,0,29.439,29.439,0.1,0.1,3.6,1631.3982,1000,1000
51,20,5,"five_scenarios_txt",1,3,2,0.3,"one_stage",30,30,30,30,"CRM","additive_shared","additive_shared","previous_dose",0.15,0.85,"previous_dose_additive",0.5,0.5,0.15,0.85,0.15,0.85,3,1,"highest_utility","continuous",0.0179,28,1,"any_admissible_dose",0.6,0.6,0.2,0.85,3,1,0,4,0.41,0.25,0.3203,0.3205,46.4158,0.1382,NA,NA,35.9,10.8,3.924,3.924,0,29.439,29.439,0.1,0.1,3.6,1631.3982,1000,1000
51,20,5,"five_scenarios_txt",1,3,2,0.3,"one_stage",30,30,30,30,"CRM","additive_shared","additive_shared","previous_dose",0.15,0.85,"previous_dose_additive",0.5,0.5,0.15,0.85,0.15,0.85,3,1,"highest_utility","continuous",0.0179,28,1,"any_admissible_dose",0.6,0.6,0.2,0.85,3,1,0,5,0.52,0.25,0.4158,0.4299,49.1621,0.1382,NA,NA,12.8,2.6,1.293,1.293,0,29.439,29.439,0.1,0.1,3.6,1631.3982,1000,1000
52,24,4,"five_scenarios_txt",1,5,4,0.3,"one_stage",30,30,30,30,"CRM","additive_shared","additive_shared","previous_dose",0.15,0.85,"previous_dose_additive",0.5,0.5,0.15,0.85,0.15,0.85,3,1,"highest_utility","continuous",0.0179,28,1,"any_admissible_dose",0.6,0.6,0.2,0.85,3,1,0,1,0.01,0.05,0.0289,0.1491,47.7918,0.1374,NA,NA,0,1.6,3.549,3.549,0,30,30,0,0,0,1664.1426,1000,1000
52,24,4,"five_scenarios_txt",1,5,4,0.3,"one_stage",30,30,30,30,"CRM","additive_shared","additive_shared","previous_dose",0.15,0.85,"previous_dose_additive",0.5,0.5,0.15,0.85,0.15,0.85,3,1,"highest_utility","continuous",0.0179,28,1,"any_admissible_dose",0.6,0.6,0.2,0.85,3,1,0,2,0.02,0.08,0.0459,0.1627,47.9253,0.1374,NA,NA,0,1.7,3.51,3.51,0,30,30,0,0,0,1664.1426,1000,1000
52,24,4,"five_scenarios_txt",1,5,4,0.3,"one_stage",30,30,30,30,"CRM","additive_shared","additive_shared","previous_dose",0.15,0.85,"previous_dose_additive",0.5,0.5,0.15,0.85,0.15,0.85,3,1,"highest_utility","continuous",0.0179,28,1,"any_admissible_dose",0.6,0.6,0.2,0.85,3,1,0,3,0.05,0.2,0.0912,0.2302,50.1659,0.1374,NA,NA,0,6.5,4.413,4.413,0,30,30,0,0,0,1664.1426,1000,1000
52,24,4,"five_scenarios_txt",1,5,4,0.3,"one_stage",30,30,30,30,"CRM","additive_shared","additive_shared","previous_dose",0.15,0.85,"previous_dose_additive",0.5,0.5,0.15,0.85,0.15,0.85,3,1,"highest_utility","continuous",0.0179,28,1,"any_admissible_dose",0.6,0.6,0.2,0.85,3,1,0,4,0.1,0.5,0.1196,0.4336,61.2291,0.1374,NA,NA,33.5,58.1,12.42,12.42,0,30,30,0,0,0,1664.1426,1000,1000
52,24,4,"five_scenarios_txt",1,5,4,0.3,"one_stage",30,30,30,30,"CRM","additive_shared","additive_shared","previous_dose",0.15,0.85,"previous_dose_additive",0.5,0.5,0.15,0.85,0.15,0.85,3,1,"highest_utility","continuous",0.0179,28,1,"any_admissible_dose",0.6,0.6,0.2,0.85,3,1,0,5,0.25,0.5,0.1894,0.4604,60.0447,0.1374,NA,NA,66.5,32.1,6.108,6.108,0,30,30,0,0,0,1664.1426,1000,1000
53,27,2,"higher_gap_above_MTD",1,3,3,0.3,"one_stage",30,30,30,30,"CRM","additive_shared","additive_shared","previous_dose",0.15,0.85,"previous_dose_additive",0.5,0.5,0.15,0.85,0.15,0.85,3,1,"highest_utility","continuous",0.0179,28,1,"any_admissible_dose",0.6,0.6,0.2,0.85,3,1,0,1,0.11,0.1,0.1653,0.1383,41.6824,0.1393,NA,NA,6.1,14,8.079,8.079,0,29.046,29.046,0.2,0.2,7.1,1609.8388,1000,1000
53,27,2,"higher_gap_above_MTD",1,3,3,0.3,"one_stage",30,30,30,30,"CRM","additive_shared","additive_shared","previous_dose",0.15,0.85,"previous_dose_additive",0.5,0.5,0.15,0.85,0.15,0.85,3,1,"highest_utility","continuous",0.0179,28,1,"any_admissible_dose",0.6,0.6,0.2,0.85,3,1,0,2,0.17,0.2,0.213,0.209,44.0189,0.1393,NA,NA,15.7,25.4,7.719,7.719,0,29.046,29.046,0.2,0.2,7.1,1609.8388,1000,1000
53,27,2,"higher_gap_above_MTD",1,3,3,0.3,"one_stage",30,30,30,30,"CRM","additive_shared","additive_shared","previous_dose",0.15,0.85,"previous_dose_additive",0.5,0.5,0.15,0.85,0.15,0.85,3,1,"highest_utility","continuous",0.0179,28,1,"any_admissible_dose",0.6,0.6,0.2,0.85,3,1,0,3,0.3,0.4,0.3078,0.3638,49.5171,0.1393,NA,NA,52.2,42.3,9.276,9.276,0,29.046,29.046,0.2,0.2,7.1,1609.8388,1000,1000
53,27,2,"higher_gap_above_MTD",1,3,3,0.3,"one_stage",30,30,30,30,"CRM","additive_shared","additive_shared","previous_dose",0.15,0.85,"previous_dose_additive",0.5,0.5,0.15,0.85,0.15,0.85,3,1,"highest_utility","continuous",0.0179,28,1,"any_admissible_dose",0.6,0.6,0.2,0.85,3,1,0,4,0.5,0.42,0.3553,0.444,52.4272,0.1393,NA,NA,22.3,10.4,3.393,3.393,0,29.046,29.046,0.2,0.2,7.1,1609.8388,1000,1000
53,27,2,"higher_gap_above_MTD",1,3,3,0.3,"one_stage",30,30,30,30,"CRM","additive_shared","additive_shared","previous_dose",0.15,0.85,"previous_dose_additive",0.5,0.5,0.15,0.85,0.15,0.85,3,1,"highest_utility","continuous",0.0179,28,1,"any_admissible_dose",0.6,0.6,0.2,0.85,3,1,0,5,0.62,0.45,0.4509,0.4903,51.3832,0.1393,NA,NA,3.5,0.8,0.579,0.579,0,29.046,29.046,0.2,0.2,7.1,1609.8388,1000,1000
54,38,38,"user_added",1,5,5,0.3,"one_stage",30,30,30,30,"CRM","additive_shared","additive_shared","previous_dose",0.15,0.85,"previous_dose_additive",0.5,0.5,0.15,0.85,0.15,0.85,3,1,"highest_utility","continuous",0.0179,28,1,"any_admissible_dose",0.6,0.6,0.2,0.85,3,1,0,1,0.05,0.05,0.0658,0.1215,44.6542,0.1372,NA,NA,0.8,9.4,5.712,5.712,0,29.799,29.799,0,0,1.5,1652.2168,1000,1000
54,38,38,"user_added",1,5,5,0.3,"one_stage",30,30,30,30,"CRM","additive_shared","additive_shared","previous_dose",0.15,0.85,"previous_dose_additive",0.5,0.5,0.15,0.85,0.15,0.85,3,1,"highest_utility","continuous",0.0179,28,1,"any_admissible_dose",0.6,0.6,0.2,0.85,3,1,0,2,0.1,0.08,0.0948,0.1417,44.7084,0.1372,NA,NA,0.5,10,5.154,5.154,0,29.799,29.799,0,0,1.5,1652.2168,1000,1000
54,38,38,"user_added",1,5,5,0.3,"one_stage",30,30,30,30,"CRM","additive_shared","additive_shared","previous_dose",0.15,0.85,"previous_dose_additive",0.5,0.5,0.15,0.85,0.15,0.85,3,1,"highest_utility","continuous",0.0179,28,1,"any_admissible_dose",0.6,0.6,0.2,0.85,3,1,0,3,0.12,0.12,0.1625,0.1696,43.6756,0.1372,NA,NA,4.7,10.9,4.551,4.551,0,29.799,29.799,0,0,1.5,1652.2168,1000,1000
54,38,38,"user_added",1,5,5,0.3,"one_stage",30,30,30,30,"CRM","additive_shared","additive_shared","previous_dose",0.15,0.85,"previous_dose_additive",0.5,0.5,0.15,0.85,0.15,0.85,3,1,"highest_utility","continuous",0.0179,28,1,"any_admissible_dose",0.6,0.6,0.2,0.85,3,1,0,4,0.15,0.15,0.2011,0.1983,43.8528,0.1372,NA,NA,16.8,8.8,4.818,4.818,0,29.799,29.799,0,0,1.5,1652.2168,1000,1000
54,38,38,"user_added",1,5,5,0.3,"one_stage",30,30,30,30,"CRM","additive_shared","additive_shared","previous_dose",0.15,0.85,"previous_dose_additive",0.5,0.5,0.15,0.85,0.15,0.85,3,1,"highest_utility","continuous",0.0179,28,1,"any_admissible_dose",0.6,0.6,0.2,0.85,3,1,0,5,0.3,0.5,0.2877,0.4628,56.2641,0.1372,NA,NA,77.2,59.4,9.564,9.564,0,29.799,29.799,0,0,1.5,1652.2168,1000,1000
55,1,1,"base_example",1,1,1,0.3,"two_stage",30,30,6,30,"CRM","additive_shared","additive_shared","previous_dose",0.15,0.85,"previous_dose_additive",0.5,0.5,0.15,0.85,0.15,0.85,3,1,"top2_randomized","continuous",0.0179,28,1,"any_admissible_dose",0.9,0.9,0.2,0.85,3,1,0,1,0.3,0.05,0.3437,0.0798,31.0406,0.1377,NA,NA,61.3,10.5,11.341,11.341,0,18.3,18.3,10.3,10.4,78.3,1014.3151,1000,1000
55,1,1,"base_example",1,1,1,0.3,"two_stage",30,30,6,30,"CRM","additive_shared","additive_shared","previous_dose",0.15,0.85,"previous_dose_additive",0.5,0.5,0.15,0.85,0.15,0.85,3,1,"top2_randomized","continuous",0.0179,28,1,"any_admissible_dose",0.9,0.9,0.2,0.85,3,1,0,2,0.35,0.06,0.3975,0.2705,40.3256,0.1377,NA,NA,17,7.4,4.372,4.372,0,18.3,18.3,10.3,10.4,78.3,1014.3151,1000,1000
55,1,1,"base_example",1,1,1,0.3,"two_stage",30,30,6,30,"CRM","additive_shared","additive_shared","previous_dose",0.15,0.85,"previous_dose_additive",0.5,0.5,0.15,0.85,0.15,0.85,3,1,"top2_randomized","continuous",0.0179,28,1,"any_admissible_dose",0.9,0.9,0.2,0.85,3,1,0,3,0.4,0.07,0.4926,0.371,42.5547,0.1377,NA,NA,9.2,2.8,1.797,1.797,0,18.3,18.3,10.3,10.4,78.3,1014.3151,1000,1000
55,1,1,"base_example",1,1,1,0.3,"two_stage",30,30,6,30,"CRM","additive_shared","additive_shared","previous_dose",0.15,0.85,"previous_dose_additive",0.5,0.5,0.15,0.85,0.15,0.85,3,1,"top2_randomized","continuous",0.0179,28,1,"any_admissible_dose",0.9,0.9,0.2,0.85,3,1,0,4,0.45,0.08,0.536,0.4421,45.0889,0.1377,NA,NA,1.7,0.9,0.656,0.656,0,18.3,18.3,10.3,10.4,78.3,1014.3151,1000,1000
55,1,1,"base_example",1,1,1,0.3,"two_stage",30,30,6,30,"CRM","additive_shared","additive_shared","previous_dose",0.15,0.85,"previous_dose_additive",0.5,0.5,0.15,0.85,0.15,0.85,3,1,"top2_randomized","continuous",0.0179,28,1,"any_admissible_dose",0.9,0.9,0.2,0.85,3,1,0,5,0.5,0.09,0.6174,0.4851,44.4097,0.1377,NA,NA,0.5,0.1,0.134,0.134,0,18.3,18.3,10.3,10.4,78.3,1014.3151,1000,1000
56,16,1,"five_scenarios_txt",1,5,1,0.3,"two_stage",30,30,6,30,"CRM","additive_shared","additive_shared","previous_dose",0.15,0.85,"previous_dose_additive",0.5,0.5,0.15,0.85,0.15,0.85,3,1,"top2_randomized","continuous",0.0179,28,1,"any_admissible_dose",0.9,0.9,0.2,0.85,3,1,0,1,0.02,0.2,0.0422,0.2116,51.007,0.1361,NA,NA,0.1,32.7,7.714,7.714,0,29.979,29.979,0,0,0.1,1663.3896,1000,1000
56,16,1,"five_scenarios_txt",1,5,1,0.3,"two_stage",30,30,6,30,"CRM","additive_shared","additive_shared","previous_dose",0.15,0.85,"previous_dose_additive",0.5,0.5,0.15,0.85,0.15,0.85,3,1,"top2_randomized","continuous",0.0179,28,1,"any_admissible_dose",0.9,0.9,0.2,0.85,3,1,0,2,0.06,0.2,0.0639,0.2065,49.8341,0.1361,NA,NA,0,24.8,6.827,6.827,0,29.979,29.979,0,0,0.1,1663.3896,1000,1000
56,16,1,"five_scenarios_txt",1,5,1,0.3,"two_stage",30,30,6,30,"CRM","additive_shared","additive_shared","previous_dose",0.15,0.85,"previous_dose_additive",0.5,0.5,0.15,0.85,0.15,0.85,3,1,"top2_randomized","continuous",0.0179,28,1,"any_admissible_dose",0.9,0.9,0.2,0.85,3,1,0,3,0.09,0.2,0.1182,0.2066,47.6639,0.1361,NA,NA,0.7,16.6,5.632,5.632,0,29.979,29.979,0,0,0.1,1663.3896,1000,1000
56,16,1,"five_scenarios_txt",1,5,1,0.3,"two_stage",30,30,6,30,"CRM","additive_shared","additive_shared","previous_dose",0.15,0.85,"previous_dose_additive",0.5,0.5,0.15,0.85,0.15,0.85,3,1,"top2_randomized","continuous",0.0179,28,1,"any_admissible_dose",0.9,0.9,0.2,0.85,3,1,0,4,0.14,0.2,0.1509,0.2218,47.274,0.1361,NA,NA,6.6,15.8,5.574,5.574,0,29.979,29.979,0,0,0.1,1663.3896,1000,1000
56,16,1,"five_scenarios_txt",1,5,1,0.3,"two_stage",30,30,6,30,"CRM","additive_shared","additive_shared","previous_dose",0.15,0.85,"previous_dose_additive",0.5,0.5,0.15,0.85,0.15,0.85,3,1,"top2_randomized","continuous",0.0179,28,1,"any_admissible_dose",0.9,0.9,0.2,0.85,3,1,0,5,0.26,0.2,0.2276,0.2402,45.307,0.1361,NA,NA,92.6,10,4.232,4.232,0,29.979,29.979,0,0,0.1,1663.3896,1000,1000
57,20,5,"five_scenarios_txt",1,3,2,0.3,"two_stage",30,30,6,30,"CRM","additive_shared","additive_shared","previous_dose",0.15,0.85,"previous_dose_additive",0.5,0.5,0.15,0.85,0.15,0.85,3,1,"top2_randomized","continuous",0.0179,28,1,"any_admissible_dose",0.9,0.9,0.2,0.85,3,1,0,1,0.07,0.05,0.1373,0.11,41.1108,0.1373,NA,NA,2.1,6.6,7.014,7.014,0,29.613,29.613,0.1,0.1,2.9,1641.9535,1000,1000
57,20,5,"five_scenarios_txt",1,3,2,0.3,"two_stage",30,30,6,30,"CRM","additive_shared","additive_shared","previous_dose",0.15,0.85,"previous_dose_additive",0.5,0.5,0.15,0.85,0.15,0.85,3,1,"top2_randomized","continuous",0.0179,28,1,"any_admissible_dose",0.9,0.9,0.2,0.85,3,1,0,2,0.14,0.25,0.1814,0.2605,48.3771,0.1373,NA,NA,8,55.9,9.902,9.902,0,29.613,29.613,0.1,0.1,2.9,1641.9535,1000,1000
57,20,5,"five_scenarios_txt",1,3,2,0.3,"two_stage",30,30,6,30,"CRM","additive_shared","additive_shared","previous_dose",0.15,0.85,"previous_dose_additive",0.5,0.5,0.15,0.85,0.15,0.85,3,1,"top2_randomized","continuous",0.0179,28,1,"any_admissible_dose",0.9,0.9,0.2,0.85,3,1,0,3,0.31,0.25,0.2719,0.2465,43.9139,0.1373,NA,NA,38.6,21.9,7.121,7.121,0,29.613,29.613,0.1,0.1,2.9,1641.9535,1000,1000
57,20,5,"five_scenarios_txt",1,3,2,0.3,"two_stage",30,30,6,30,"CRM","additive_shared","additive_shared","previous_dose",0.15,0.85,"previous_dose_additive",0.5,0.5,0.15,0.85,0.15,0.85,3,1,"top2_randomized","continuous",0.0179,28,1,"any_admissible_dose",0.9,0.9,0.2,0.85,3,1,0,4,0.41,0.25,0.3184,0.3174,46.3068,0.1373,NA,NA,35.3,10.2,4.17,4.17,0,29.613,29.613,0.1,0.1,2.9,1641.9535,1000,1000
57,20,5,"five_scenarios_txt",1,3,2,0.3,"two_stage",30,30,6,30,"CRM","additive_shared","additive_shared","previous_dose",0.15,0.85,"previous_dose_additive",0.5,0.5,0.15,0.85,0.15,0.85,3,1,"top2_randomized","continuous",0.0179,28,1,"any_admissible_dose",0.9,0.9,0.2,0.85,3,1,0,5,0.52,0.25,0.4141,0.4176,48.4947,0.1373,NA,NA,15.9,2.5,1.406,1.406,0,29.613,29.613,0.1,0.1,2.9,1641.9535,1000,1000
58,24,4,"five_scenarios_txt",1,5,4,0.3,"two_stage",30,30,6,30,"CRM","additive_shared","additive_shared","previous_dose",0.15,0.85,"previous_dose_additive",0.5,0.5,0.15,0.85,0.15,0.85,3,1,"top2_randomized","continuous",0.0179,28,1,"any_admissible_dose",0.9,0.9,0.2,0.85,3,1,0,1,0.01,0.05,0.0293,0.1398,47.2167,0.1364,NA,NA,0,0.5,3.966,3.966,0,30,30,0,0,0,1664.1347,1000,1000
58,24,4,"five_scenarios_txt",1,5,4,0.3,"two_stage",30,30,6,30,"CRM","additive_shared","additive_shared","previous_dose",0.15,0.85,"previous_dose_additive",0.5,0.5,0.15,0.85,0.15,0.85,3,1,"top2_randomized","continuous",0.0179,28,1,"any_admissible_dose",0.9,0.9,0.2,0.85,3,1,0,2,0.02,0.08,0.0466,0.1516,47.2367,0.1364,NA,NA,0,0.7,4.05,4.05,0,30,30,0,0,0,1664.1347,1000,1000
58,24,4,"five_scenarios_txt",1,5,4,0.3,"two_stage",30,30,6,30,"CRM","additive_shared","additive_shared","previous_dose",0.15,0.85,"previous_dose_additive",0.5,0.5,0.15,0.85,0.15,0.85,3,1,"top2_randomized","continuous",0.0179,28,1,"any_admissible_dose",0.9,0.9,0.2,0.85,3,1,0,3,0.05,0.2,0.0922,0.2138,49.1378,0.1364,NA,NA,0,3.4,4.826,4.826,0,30,30,0,0,0,1664.1347,1000,1000
58,24,4,"five_scenarios_txt",1,5,4,0.3,"two_stage",30,30,6,30,"CRM","additive_shared","additive_shared","previous_dose",0.15,0.85,"previous_dose_additive",0.5,0.5,0.15,0.85,0.15,0.85,3,1,"top2_randomized","continuous",0.0179,28,1,"any_admissible_dose",0.9,0.9,0.2,0.85,3,1,0,4,0.1,0.5,0.1209,0.4631,62.9454,0.1364,NA,NA,1.4,55.3,9.157,9.157,0,30,30,0,0,0,1664.1347,1000,1000
58,24,4,"five_scenarios_txt",1,5,4,0.3,"two_stage",30,30,6,30,"CRM","additive_shared","additive_shared","previous_dose",0.15,0.85,"previous_dose_additive",0.5,0.5,0.15,0.85,0.15,0.85,3,1,"top2_randomized","continuous",0.0179,28,1,"any_admissible_dose",0.9,0.9,0.2,0.85,3,1,0,5,0.25,0.5,0.1913,0.4558,59.6953,0.1364,NA,NA,98.6,40.1,8.001,8.001,0,30,30,0,0,0,1664.1347,1000,1000
59,27,2,"higher_gap_above_MTD",1,3,3,0.3,"two_stage",30,30,6,30,"CRM","additive_shared","additive_shared","previous_dose",0.15,0.85,"previous_dose_additive",0.5,0.5,0.15,0.85,0.15,0.85,3,1,"top2_randomized","continuous",0.0179,28,1,"any_admissible_dose",0.9,0.9,0.2,0.85,3,1,0,1,0.11,0.1,0.1638,0.1372,41.6774,0.1387,NA,NA,4.5,13.7,8.431,8.431,0,29.265,29.265,0.2,0.2,6,1625.264,1000,1000
59,27,2,"higher_gap_above_MTD",1,3,3,0.3,"two_stage",30,30,6,30,"CRM","additive_shared","additive_shared","previous_dose",0.15,0.85,"previous_dose_additive",0.5,0.5,0.15,0.85,0.15,0.85,3,1,"top2_randomized","continuous",0.0179,28,1,"any_admissible_dose",0.9,0.9,0.2,0.85,3,1,0,2,0.17,0.2,0.2116,0.2159,44.4918,0.1387,NA,NA,15.9,24.8,8.294,8.294,0,29.265,29.265,0.2,0.2,6,1625.264,1000,1000
59,27,2,"higher_gap_above_MTD",1,3,3,0.3,"two_stage",30,30,6,30,"CRM","additive_shared","additive_shared","previous_dose",0.15,0.85,"previous_dose_additive",0.5,0.5,0.15,0.85,0.15,0.85,3,1,"top2_randomized","continuous",0.0179,28,1,"any_admissible_dose",0.9,0.9,0.2,0.85,3,1,0,3,0.3,0.4,0.3067,0.3854,50.8586,0.1387,NA,NA,48.7,43.1,7.99,7.99,0,29.265,29.265,0.2,0.2,6,1625.264,1000,1000
59,27,2,"higher_gap_above_MTD",1,3,3,0.3,"two_stage",30,30,6,30,"CRM","additive_shared","additive_shared","previous_dose",0.15,0.85,"previous_dose_additive",0.5,0.5,0.15,0.85,0.15,0.85,3,1,"top2_randomized","continuous",0.0179,28,1,"any_admissible_dose",0.9,0.9,0.2,0.85,3,1,0,4,0.5,0.42,0.3543,0.4379,52.0993,0.1387,NA,NA,26.2,11.3,3.667,3.667,0,29.265,29.265,0.2,0.2,6,1625.264,1000,1000
59,27,2,"higher_gap_above_MTD",1,3,3,0.3,"two_stage",30,30,6,30,"CRM","additive_shared","additive_shared","previous_dose",0.15,0.85,"previous_dose_additive",0.5,0.5,0.15,0.85,0.15,0.85,3,1,"top2_randomized","continuous",0.0179,28,1,"any_admissible_dose",0.9,0.9,0.2,0.85,3,1,0,5,0.62,0.45,0.4502,0.4834,50.9966,0.1387,NA,NA,4.5,1.1,0.883,0.883,0,29.265,29.265,0.2,0.2,6,1625.264,1000,1000
60,38,38,"user_added",1,5,5,0.3,"two_stage",30,30,6,30,"CRM","additive_shared","additive_shared","previous_dose",0.15,0.85,"previous_dose_additive",0.5,0.5,0.15,0.85,0.15,0.85,3,1,"top2_randomized","continuous",0.0179,28,1,"any_admissible_dose",0.9,0.9,0.2,0.85,3,1,0,1,0.05,0.05,0.0637,0.1115,44.1404,0.1396,NA,NA,0.2,10.6,6.628,6.628,0,29.91,29.91,0,0,1.2,1659.917,1000,1000
60,38,38,"user_added",1,5,5,0.3,"two_stage",30,30,6,30,"CRM","additive_shared","additive_shared","previous_dose",0.15,0.85,"previous_dose_additive",0.5,0.5,0.15,0.85,0.15,0.85,3,1,"top2_randomized","continuous",0.0179,28,1,"any_admissible_dose",0.9,0.9,0.2,0.85,3,1,0,2,0.1,0.08,0.0923,0.1292,44.0645,0.1396,NA,NA,0.7,9.9,6.11,6.11,0,29.91,29.91,0,0,1.2,1659.917,1000,1000
60,38,38,"user_added",1,5,5,0.3,"two_stage",30,30,6,30,"CRM","additive_shared","additive_shared","previous_dose",0.15,0.85,"previous_dose_additive",0.5,0.5,0.15,0.85,0.15,0.85,3,1,"top2_randomized","continuous",0.0179,28,1,"any_admissible_dose",0.9,0.9,0.2,0.85,3,1,0,3,0.12,0.12,0.1592,0.1595,43.2016,0.1396,NA,NA,3.6,9.8,5.066,5.066,0,29.91,29.91,0,0,1.2,1659.917,1000,1000
60,38,38,"user_added",1,5,5,0.3,"two_stage",30,30,6,30,"CRM","additive_shared","additive_shared","previous_dose",0.15,0.85,"previous_dose_additive",0.5,0.5,0.15,0.85,0.15,0.85,3,1,"top2_randomized","continuous",0.0179,28,1,"any_admissible_dose",0.9,0.9,0.2,0.85,3,1,0,4,0.15,0.15,0.1975,0.1932,43.6946,0.1396,NA,NA,16.9,9.5,5.038,5.038,0,29.91,29.91,0,0,1.2,1659.917,1000,1000
60,38,38,"user_added",1,5,5,0.3,"two_stage",30,30,6,30,"CRM","additive_shared","additive_shared","previous_dose",0.15,0.85,"previous_dose_additive",0.5,0.5,0.15,0.85,0.15,0.85,3,1,"top2_randomized","continuous",0.0179,28,1,"any_admissible_dose",0.9,0.9,0.2,0.85,3,1,0,5,0.3,0.5,0.2835,0.4705,56.8897,0.1396,NA,NA,78.6,59,7.068,7.068,0,29.91,29.91,0,0,1.2,1659.917,1000,1000
61,1,1,"base_example",1,1,1,0.3,"two_stage",30,30,6,30,"CRM","additive_shared","additive_shared","previous_dose",0.15,0.85,"previous_dose_additive",0.5,0.5,0.15,0.85,0.15,0.85,3,1,"highest_utility","continuous",0.0179,28,1,"any_admissible_dose",0.9,0.9,0.2,0.85,3,1,0,1,0.3,0.05,0.342,0.0791,31.065,0.1396,NA,NA,63.1,9.7,11.541,11.541,0,18.336,18.336,9.7,9.8,77.4,1010.427,1000,1000
61,1,1,"base_example",1,1,1,0.3,"two_stage",30,30,6,30,"CRM","additive_shared","additive_shared","previous_dose",0.15,0.85,"previous_dose_additive",0.5,0.5,0.15,0.85,0.15,0.85,3,1,"highest_utility","continuous",0.0179,28,1,"any_admissible_dose",0.9,0.9,0.2,0.85,3,1,0,2,0.35,0.06,0.3958,0.2695,40.3353,0.1396,NA,NA,15.6,8.8,4.245,4.245,0,18.336,18.336,9.7,9.8,77.4,1010.427,1000,1000
61,1,1,"base_example",1,1,1,0.3,"two_stage",30,30,6,30,"CRM","additive_shared","additive_shared","previous_dose",0.15,0.85,"previous_dose_additive",0.5,0.5,0.15,0.85,0.15,0.85,3,1,"highest_utility","continuous",0.0179,28,1,"any_admissible_dose",0.9,0.9,0.2,0.85,3,1,0,3,0.4,0.07,0.491,0.3666,42.3595,0.1396,NA,NA,8.6,3.6,1.725,1.725,0,18.336,18.336,9.7,9.8,77.4,1010.427,1000,1000
61,1,1,"base_example",1,1,1,0.3,"two_stage",30,30,6,30,"CRM","additive_shared","additive_shared","previous_dose",0.15,0.85,"previous_dose_additive",0.5,0.5,0.15,0.85,0.15,0.85,3,1,"highest_utility","continuous",0.0179,28,1,"any_admissible_dose",0.9,0.9,0.2,0.85,3,1,0,4,0.45,0.08,0.5345,0.4441,45.2682,0.1396,NA,NA,2.6,0.5,0.669,0.669,0,18.336,18.336,9.7,9.8,77.4,1010.427,1000,1000
61,1,1,"base_example",1,1,1,0.3,"two_stage",30,30,6,30,"CRM","additive_shared","additive_shared","previous_dose",0.15,0.85,"previous_dose_additive",0.5,0.5,0.15,0.85,0.15,0.85,3,1,"highest_utility","continuous",0.0179,28,1,"any_admissible_dose",0.9,0.9,0.2,0.85,3,1,0,5,0.5,0.09,0.6161,0.4843,44.4165,0.1396,NA,NA,0.4,0,0.156,0.156,0,18.336,18.336,9.7,9.8,77.4,1010.427,1000,1000
62,16,1,"five_scenarios_txt",1,5,1,0.3,"two_stage",30,30,6,30,"CRM","additive_shared","additive_shared","previous_dose",0.15,0.85,"previous_dose_additive",0.5,0.5,0.15,0.85,0.15,0.85,3,1,"highest_utility","continuous",0.0179,28,1,"any_admissible_dose",0.9,0.9,0.2,0.85,3,1,0,1,0.02,0.2,0.0426,0.2015,50.3893,0.1398,NA,NA,0,29.1,7.71,7.71,0,30,30,0,0,0,1664.1426,1000,1000
62,16,1,"five_scenarios_txt",1,5,1,0.3,"two_stage",30,30,6,30,"CRM","additive_shared","additive_shared","previous_dose",0.15,0.85,"previous_dose_additive",0.5,0.5,0.15,0.85,0.15,0.85,3,1,"highest_utility","continuous",0.0179,28,1,"any_admissible_dose",0.9,0.9,0.2,0.85,3,1,0,2,0.06,0.2,0.0645,0.1998,49.4102,0.1398,NA,NA,0,23.8,6.834,6.834,0,30,30,0,0,0,1664.1426,1000,1000
62,16,1,"five_scenarios_txt",1,5,1,0.3,"two_stage",30,30,6,30,"CRM","additive_shared","additive_shared","previous_dose",0.15,0.85,"previous_dose_additive",0.5,0.5,0.15,0.85,0.15,0.85,3,1,"highest_utility","continuous",0.0179,28,1,"any_admissible_dose",0.9,0.9,0.2,0.85,3,1,0,3,0.09,0.2,0.1191,0.2079,47.7083,0.1398,NA,NA,0.8,18.7,5.715,5.715,0,30,30,0,0,0,1664.1426,1000,1000
62,16,1,"five_scenarios_txt",1,5,1,0.3,"two_stage",30,30,6,30,"CRM","additive_shared","additive_shared","previous_dose",0.15,0.85,"previous_dose_additive",0.5,0.5,0.15,0.85,0.15,0.85,3,1,"highest_utility","continuous",0.0179,28,1,"any_admissible_dose",0.9,0.9,0.2,0.85,3,1,0,4,0.14,0.2,0.1518,0.2214,47.2106,0.1398,NA,NA,9,17.5,5.421,5.421,0,30,30,0,0,0,1664.1426,1000,1000
62,16,1,"five_scenarios_txt",1,5,1,0.3,"two_stage",30,30,6,30,"CRM","additive_shared","additive_shared","previous_dose",0.15,0.85,"previous_dose_additive",0.5,0.5,0.15,0.85,0.15,0.85,3,1,"highest_utility","continuous",0.0179,28,1,"any_admissible_dose",0.9,0.9,0.2,0.85,3,1,0,5,0.26,0.2,0.2287,0.2469,45.6689,0.1398,NA,NA,90.2,10.9,4.32,4.32,0,30,30,0,0,0,1664.1426,1000,1000
63,20,5,"five_scenarios_txt",1,3,2,0.3,"two_stage",30,30,6,30,"CRM","additive_shared","additive_shared","previous_dose",0.15,0.85,"previous_dose_additive",0.5,0.5,0.15,0.85,0.15,0.85,3,1,"highest_utility","continuous",0.0179,28,1,"any_admissible_dose",0.9,0.9,0.2,0.85,3,1,0,1,0.07,0.05,0.1414,0.1191,41.4883,0.1376,NA,NA,2.6,9.1,5.946,5.946,0,29.469,29.469,0.1,0.1,3.3,1633.0788,1000,1000
63,20,5,"five_scenarios_txt",1,3,2,0.3,"two_stage",30,30,6,30,"CRM","additive_shared","additive_shared","previous_dose",0.15,0.85,"previous_dose_additive",0.5,0.5,0.15,0.85,0.15,0.85,3,1,"highest_utility","continuous",0.0179,28,1,"any_admissible_dose",0.9,0.9,0.2,0.85,3,1,0,2,0.14,0.25,0.1859,0.2438,47.1936,0.1376,NA,NA,8.9,51.7,10.596,10.596,0,29.469,29.469,0.1,0.1,3.3,1633.0788,1000,1000
63,20,5,"five_scenarios_txt",1,3,2,0.3,"two_stage",30,30,6,30,"CRM","additive_shared","additive_shared","previous_dose",0.15,0.85,"previous_dose_additive",0.5,0.5,0.15,0.85,0.15,0.85,3,1,"highest_utility","continuous",0.0179,28,1,"any_admissible_dose",0.9,0.9,0.2,0.85,3,1,0,3,0.31,0.25,0.2769,0.2471,43.7507,0.1376,NA,NA,42.1,24.3,7.218,7.218,0,29.469,29.469,0.1,0.1,3.3,1633.0788,1000,1000
63,20,5,"five_scenarios_txt",1,3,2,0.3,"two_stage",30,30,6,30,"CRM","additive_shared","additive_shared","previous_dose",0.15,0.85,"previous_dose_additive",0.5,0.5,0.15,0.85,0.15,0.85,3,1,"highest_utility","continuous",0.0179,28,1,"any_admissible_dose",0.9,0.9,0.2,0.85,3,1,0,4,0.41,0.25,0.3235,0.3196,46.2316,0.1376,NA,NA,32.3,9.5,4.233,4.233,0,29.469,29.469,0.1,0.1,3.3,1633.0788,1000,1000
63,20,5,"five_scenarios_txt",1,3,2,0.3,"two_stage",30,30,6,30,"CRM","additive_shared","additive_shared","previous_dose",0.15,0.85,"previous_dose_additive",0.5,0.5,0.15,0.85,0.15,0.85,3,1,"highest_utility","continuous",0.0179,28,1,"any_admissible_dose",0.9,0.9,0.2,0.85,3,1,0,5,0.52,0.25,0.4191,0.4234,48.6412,0.1376,NA,NA,14,2.1,1.476,1.476,0,29.469,29.469,0.1,0.1,3.3,1633.0788,1000,1000
64,24,4,"five_scenarios_txt",1,5,4,0.3,"two_stage",30,30,6,30,"CRM","additive_shared","additive_shared","previous_dose",0.15,0.85,"previous_dose_additive",0.5,0.5,0.15,0.85,0.15,0.85,3,1,"highest_utility","continuous",0.0179,28,1,"any_admissible_dose",0.9,0.9,0.2,0.85,3,1,0,1,0.01,0.05,0.0305,0.15,47.7792,0.136,NA,NA,0,1.6,3.51,3.51,0,30,30,0,0,0,1664.1426,1000,1000
64,24,4,"five_scenarios_txt",1,5,4,0.3,"two_stage",30,30,6,30,"CRM","additive_shared","additive_shared","previous_dose",0.15,0.85,"previous_dose_additive",0.5,0.5,0.15,0.85,0.15,0.85,3,1,"highest_utility","continuous",0.0179,28,1,"any_admissible_dose",0.9,0.9,0.2,0.85,3,1,0,2,0.02,0.08,0.0483,0.1646,47.9445,0.136,NA,NA,0,1.4,3.489,3.489,0,30,30,0,0,0,1664.1426,1000,1000
64,24,4,"five_scenarios_txt",1,5,4,0.3,"two_stage",30,30,6,30,"CRM","additive_shared","additive_shared","previous_dose",0.15,0.85,"previous_dose_additive",0.5,0.5,0.15,0.85,0.15,0.85,3,1,"highest_utility","continuous",0.0179,28,1,"any_admissible_dose",0.9,0.9,0.2,0.85,3,1,0,3,0.05,0.2,0.0951,0.2324,50.142,0.136,NA,NA,0,6.4,4.224,4.224,0,30,30,0,0,0,1664.1426,1000,1000
64,24,4,"five_scenarios_txt",1,5,4,0.3,"two_stage",30,30,6,30,"CRM","additive_shared","additive_shared","previous_dose",0.15,0.85,"previous_dose_additive",0.5,0.5,0.15,0.85,0.15,0.85,3,1,"highest_utility","continuous",0.0179,28,1,"any_admissible_dose",0.9,0.9,0.2,0.85,3,1,0,4,0.1,0.5,0.1244,0.4412,61.4929,0.136,NA,NA,4.9,55.9,10.824,10.824,0,30,30,0,0,0,1664.1426,1000,1000
64,24,4,"five_scenarios_txt",1,5,4,0.3,"two_stage",30,30,6,30,"CRM","additive_shared","additive_shared","previous_dose",0.15,0.85,"previous_dose_additive",0.5,0.5,0.15,0.85,0.15,0.85,3,1,"highest_utility","continuous",0.0179,28,1,"any_admissible_dose",0.9,0.9,0.2,0.85,3,1,0,5,0.25,0.5,0.1959,0.4418,58.6723,0.136,NA,NA,95.1,34.7,7.953,7.953,0,30,30,0,0,0,1664.1426,1000,1000
65,27,2,"higher_gap_above_MTD",1,3,3,0.3,"two_stage",30,30,6,30,"CRM","additive_shared","additive_shared","previous_dose",0.15,0.85,"previous_dose_additive",0.5,0.5,0.15,0.85,0.15,0.85,3,1,"highest_utility","continuous",0.0179,28,1,"any_admissible_dose",0.9,0.9,0.2,0.85,3,1,0,1,0.11,0.1,0.1678,0.1416,41.7843,0.1366,NA,NA,5.7,14.1,7.527,7.527,0,29.118,29.118,0.2,0.2,6.5,1614.091,1000,1000
65,27,2,"higher_gap_above_MTD",1,3,3,0.3,"two_stage",30,30,6,30,"CRM","additive_shared","additive_shared","previous_dose",0.15,0.85,"previous_dose_additive",0.5,0.5,0.15,0.85,0.15,0.85,3,1,"highest_utility","continuous",0.0179,28,1,"any_admissible_dose",0.9,0.9,0.2,0.85,3,1,0,2,0.17,0.2,0.2159,0.214,44.2032,0.1366,NA,NA,17.4,25.1,7.617,7.617,0,29.118,29.118,0.2,0.2,6.5,1614.091,1000,1000
65,27,2,"higher_gap_above_MTD",1,3,3,0.3,"two_stage",30,30,6,30,"CRM","additive_shared","additive_shared","previous_dose",0.15,0.85,"previous_dose_additive",0.5,0.5,0.15,0.85,0.15,0.85,3,1,"highest_utility","continuous",0.0179,28,1,"any_admissible_dose",0.9,0.9,0.2,0.85,3,1,0,3,0.3,0.4,0.3111,0.374,49.9972,0.1366,NA,NA,50.4,43.6,9.285,9.285,0,29.118,29.118,0.2,0.2,6.5,1614.091,1000,1000
65,27,2,"higher_gap_above_MTD",1,3,3,0.3,"two_stage",30,30,6,30,"CRM","additive_shared","additive_shared","previous_dose",0.15,0.85,"previous_dose_additive",0.5,0.5,0.15,0.85,0.15,0.85,3,1,"highest_utility","continuous",0.0179,28,1,"any_admissible_dose",0.9,0.9,0.2,0.85,3,1,0,4,0.5,0.42,0.3588,0.4425,52.198,0.1366,NA,NA,21.8,9.8,3.762,3.762,0,29.118,29.118,0.2,0.2,6.5,1614.091,1000,1000
65,27,2,"higher_gap_above_MTD",1,3,3,0.3,"two_stage",30,30,6,30,"CRM","additive_shared","additive_shared","previous_dose",0.15,0.85,"previous_dose_additive",0.5,0.5,0.15,0.85,0.15,0.85,3,1,"highest_utility","continuous",0.0179,28,1,"any_admissible_dose",0.9,0.9,0.2,0.85,3,1,0,5,0.62,0.45,0.4544,0.4871,51.0485,0.1366,NA,NA,4.5,0.9,0.927,0.927,0,29.118,29.118,0.2,0.2,6.5,1614.091,1000,1000
66,38,38,"user_added",1,5,5,0.3,"two_stage",30,30,6,30,"CRM","additive_shared","additive_shared","previous_dose",0.15,0.85,"previous_dose_additive",0.5,0.5,0.15,0.85,0.15,0.85,3,1,"highest_utility","continuous",0.0179,28,1,"any_admissible_dose",0.9,0.9,0.2,0.85,3,1,0,1,0.05,0.05,0.0654,0.1241,44.8275,0.1371,NA,NA,0.8,9.8,5.502,5.502,0,29.814,29.814,0,0,1.1,1652.9992,1000,1000
66,38,38,"user_added",1,5,5,0.3,"two_stage",30,30,6,30,"CRM","additive_shared","additive_shared","previous_dose",0.15,0.85,"previous_dose_additive",0.5,0.5,0.15,0.85,0.15,0.85,3,1,"highest_utility","continuous",0.0179,28,1,"any_admissible_dose",0.9,0.9,0.2,0.85,3,1,0,2,0.1,0.08,0.0944,0.1449,44.9211,0.1371,NA,NA,0.4,11,5.148,5.148,0,29.814,29.814,0,0,1.1,1652.9992,1000,1000
66,38,38,"user_added",1,5,5,0.3,"two_stage",30,30,6,30,"CRM","additive_shared","additive_shared","previous_dose",0.15,0.85,"previous_dose_additive",0.5,0.5,0.15,0.85,0.15,0.85,3,1,"highest_utility","continuous",0.0179,28,1,"any_admissible_dose",0.9,0.9,0.2,0.85,3,1,0,3,0.12,0.12,0.162,0.1696,43.6969,0.1371,NA,NA,4.2,10.5,4.503,4.503,0,29.814,29.814,0,0,1.1,1652.9992,1000,1000
66,38,38,"user_added",1,5,5,0.3,"two_stage",30,30,6,30,"CRM","additive_shared","additive_shared","previous_dose",0.15,0.85,"previous_dose_additive",0.5,0.5,0.15,0.85,0.15,0.85,3,1,"highest_utility","continuous",0.0179,28,1,"any_admissible_dose",0.9,0.9,0.2,0.85,3,1,0,4,0.15,0.15,0.2006,0.2017,44.0786,0.1371,NA,NA,16.4,8.6,4.89,4.89,0,29.814,29.814,0,0,1.1,1652.9992,1000,1000
66,38,38,"user_added",1,5,5,0.3,"two_stage",30,30,6,30,"CRM","additive_shared","additive_shared","previous_dose",0.15,0.85,"previous_dose_additive",0.5,0.5,0.15,0.85,0.15,0.85,3,1,"highest_utility","continuous",0.0179,28,1,"any_admissible_dose",0.9,0.9,0.2,0.85,3,1,0,5,0.3,0.5,0.2871,0.4604,56.1416,0.1371,NA,NA,78.2,59,9.771,9.771,0,29.814,29.814,0,0,1.1,1652.9992,1000,1000
67,1,1,"base_example",1,1,1,0.3,"one_stage",30,30,30,30,"CRM","additive_shared","additive_shared","previous_dose",0.15,0.85,"previous_dose_additive",0.5,0.5,0.15,0.85,0.15,0.85,3,1,"highest_utility","continuous",0.0179,28,1,"any_admissible_dose",0.9,0.9,0.2,0.85,3,1,0,1,0.3,0.05,0.3431,0.0784,30.9806,0.1386,NA,NA,64.2,10.2,11.667,11.667,0,18.039,18.039,9.4,9.4,79.2,995.0956,1000,1000
67,1,1,"base_example",1,1,1,0.3,"one_stage",30,30,30,30,"CRM","additive_shared","additive_shared","previous_dose",0.15,0.85,"previous_dose_additive",0.5,0.5,0.15,0.85,0.15,0.85,3,1,"highest_utility","continuous",0.0179,28,1,"any_admissible_dose",0.9,0.9,0.2,0.85,3,1,0,2,0.35,0.06,0.397,0.2699,40.316,0.1386,NA,NA,15.8,6.4,4.083,4.083,0,18.039,18.039,9.4,9.4,79.2,995.0956,1000,1000
67,1,1,"base_example",1,1,1,0.3,"one_stage",30,30,30,30,"CRM","additive_shared","additive_shared","previous_dose",0.15,0.85,"previous_dose_additive",0.5,0.5,0.15,0.85,0.15,0.85,3,1,"highest_utility","continuous",0.0179,28,1,"any_admissible_dose",0.9,0.9,0.2,0.85,3,1,0,3,0.4,0.07,0.4921,0.3689,42.4464,0.1386,NA,NA,8.2,3.7,1.554,1.554,0,18.039,18.039,9.4,9.4,79.2,995.0956,1000,1000
67,1,1,"base_example",1,1,1,0.3,"one_stage",30,30,30,30,"CRM","additive_shared","additive_shared","previous_dose",0.15,0.85,"previous_dose_additive",0.5,0.5,0.15,0.85,0.15,0.85,3,1,"highest_utility","continuous",0.0179,28,1,"any_admissible_dose",0.9,0.9,0.2,0.85,3,1,0,4,0.45,0.08,0.5356,0.4457,45.3179,0.1386,NA,NA,1.9,0.5,0.603,0.603,0,18.039,18.039,9.4,9.4,79.2,995.0956,1000,1000
67,1,1,"base_example",1,1,1,0.3,"one_stage",30,30,30,30,"CRM","additive_shared","additive_shared","previous_dose",0.15,0.85,"previous_dose_additive",0.5,0.5,0.15,0.85,0.15,0.85,3,1,"highest_utility","continuous",0.0179,28,1,"any_admissible_dose",0.9,0.9,0.2,0.85,3,1,0,5,0.5,0.09,0.6172,0.488,44.5934,0.1386,NA,NA,0.5,0,0.132,0.132,0,18.039,18.039,9.4,9.4,79.2,995.0956,1000,1000
68,16,1,"five_scenarios_txt",1,5,1,0.3,"one_stage",30,30,30,30,"CRM","additive_shared","additive_shared","previous_dose",0.15,0.85,"previous_dose_additive",0.5,0.5,0.15,0.85,0.15,0.85,3,1,"highest_utility","continuous",0.0179,28,1,"any_admissible_dose",0.9,0.9,0.2,0.85,3,1,0,1,0.02,0.2,0.0415,0.2002,50.3538,0.1381,NA,NA,0,29.4,7.899,7.899,0,30,30,0,0,0,1664.1426,1000,1000
68,16,1,"five_scenarios_txt",1,5,1,0.3,"one_stage",30,30,30,30,"CRM","additive_shared","additive_shared","previous_dose",0.15,0.85,"previous_dose_additive",0.5,0.5,0.15,0.85,0.15,0.85,3,1,"highest_utility","continuous",0.0179,28,1,"any_admissible_dose",0.9,0.9,0.2,0.85,3,1,0,2,0.06,0.2,0.0631,0.1956,49.2145,0.1381,NA,NA,0,23.6,6.9,6.9,0,30,30,0,0,0,1664.1426,1000,1000
68,16,1,"five_scenarios_txt",1,5,1,0.3,"one_stage",30,30,30,30,"CRM","additive_shared","additive_shared","previous_dose",0.15,0.85,"previous_dose_additive",0.5,0.5,0.15,0.85,0.15,0.85,3,1,"highest_utility","continuous",0.0179,28,1,"any_admissible_dose",0.9,0.9,0.2,0.85,3,1,0,3,0.09,0.2,0.117,0.2096,47.8971,0.1381,NA,NA,1.1,19.4,5.673,5.673,0,30,30,0,0,0,1664.1426,1000,1000
68,16,1,"five_scenarios_txt",1,5,1,0.3,"one_stage",30,30,30,30,"CRM","additive_shared","additive_shared","previous_dose",0.15,0.85,"previous_dose_additive",0.5,0.5,0.15,0.85,0.15,0.85,3,1,"highest_utility","continuous",0.0179,28,1,"any_admissible_dose",0.9,0.9,0.2,0.85,3,1,0,4,0.14,0.2,0.1494,0.2206,47.2589,0.1381,NA,NA,11,17.6,5.415,5.415,0,30,30,0,0,0,1664.1426,1000,1000
68,16,1,"five_scenarios_txt",1,5,1,0.3,"one_stage",30,30,30,30,"CRM","additive_shared","additive_shared","previous_dose",0.15,0.85,"previous_dose_additive",0.5,0.5,0.15,0.85,0.15,0.85,3,1,"highest_utility","continuous",0.0179,28,1,"any_admissible_dose",0.9,0.9,0.2,0.85,3,1,0,5,0.26,0.2,0.2258,0.2571,46.3968,0.1381,NA,NA,87.9,10,4.113,4.113,0,30,30,0,0,0,1664.1426,1000,1000
69,20,5,"five_scenarios_txt",1,3,2,0.3,"one_stage",30,30,30,30,"CRM","additive_shared","additive_shared","previous_dose",0.15,0.85,"previous_dose_additive",0.5,0.5,0.15,0.85,0.15,0.85,3,1,"highest_utility","continuous",0.0179,28,1,"any_admissible_dose",0.9,0.9,0.2,0.85,3,1,0,1,0.07,0.05,0.1394,0.1155,41.3579,0.1388,NA,NA,2.6,8.2,6.309,6.309,0,29.442,29.442,0.1,0.1,3.7,1631.4663,1000,1000
69,20,5,"five_scenarios_txt",1,3,2,0.3,"one_stage",30,30,30,30,"CRM","additive_shared","additive_shared","previous_dose",0.15,0.85,"previous_dose_additive",0.5,0.5,0.15,0.85,0.15,0.85,3,1,"highest_utility","continuous",0.0179,28,1,"any_admissible_dose",0.9,0.9,0.2,0.85,3,1,0,2,0.14,0.25,0.1836,0.2388,46.9857,0.1388,NA,NA,9,52.3,11.187,11.187,0,29.442,29.442,0.1,0.1,3.7,1631.4663,1000,1000
69,20,5,"five_scenarios_txt",1,3,2,0.3,"one_stage",30,30,30,30,"CRM","additive_shared","additive_shared","previous_dose",0.15,0.85,"previous_dose_additive",0.5,0.5,0.15,0.85,0.15,0.85,3,1,"highest_utility","continuous",0.0179,28,1,"any_admissible_dose",0.9,0.9,0.2,0.85,3,1,0,3,0.31,0.25,0.2742,0.2476,43.8895,0.1388,NA,NA,39.2,22.6,6.696,6.696,0,29.442,29.442,0.1,0.1,3.7,1631.4663,1000,1000
69,20,5,"five_scenarios_txt",1,3,2,0.3,"one_stage",30,30,30,30,"CRM","additive_shared","additive_shared","previous_dose",0.15,0.85,"previous_dose_additive",0.5,0.5,0.15,0.85,0.15,0.85,3,1,"highest_utility","continuous",0.0179,28,1,"any_admissible_dose",0.9,0.9,0.2,0.85,3,1,0,4,0.41,0.25,0.3208,0.3211,46.4384,0.1388,NA,NA,36.7,10.9,3.969,3.969,0,29.442,29.442,0.1,0.1,3.7,1631.4663,1000,1000
69,20,5,"five_scenarios_txt",1,3,2,0.3,"one_stage",30,30,30,30,"CRM","additive_shared","additive_shared","previous_dose",0.15,0.85,"previous_dose_additive",0.5,0.5,0.15,0.85,0.15,0.85,3,1,"highest_utility","continuous",0.0179,28,1,"any_admissible_dose",0.9,0.9,0.2,0.85,3,1,0,5,0.52,0.25,0.4163,0.4304,49.1736,0.1388,NA,NA,12.4,2.3,1.281,1.281,0,29.442,29.442,0.1,0.1,3.7,1631.4663,1000,1000
70,24,4,"five_scenarios_txt",1,5,4,0.3,"one_stage",30,30,30,30,"CRM","additive_shared","additive_shared","previous_dose",0.15,0.85,"previous_dose_additive",0.5,0.5,0.15,0.85,0.15,0.85,3,1,"highest_utility","continuous",0.0179,28,1,"any_admissible_dose",0.9,0.9,0.2,0.85,3,1,0,1,0.01,0.05,0.0289,0.1496,47.8166,0.1398,NA,NA,0,1.7,3.543,3.543,0,30,30,0,0,0,1664.1426,1000,1000
70,24,4,"five_scenarios_txt",1,5,4,0.3,"one_stage",30,30,30,30,"CRM","additive_shared","additive_shared","previous_dose",0.15,0.85,"previous_dose_additive",0.5,0.5,0.15,0.85,0.15,0.85,3,1,"highest_utility","continuous",0.0179,28,1,"any_admissible_dose",0.9,0.9,0.2,0.85,3,1,0,2,0.02,0.08,0.0459,0.1623,47.8983,0.1398,NA,NA,0,1.6,3.516,3.516,0,30,30,0,0,0,1664.1426,1000,1000
70,24,4,"five_scenarios_txt",1,5,4,0.3,"one_stage",30,30,30,30,"CRM","additive_shared","additive_shared","previous_dose",0.15,0.85,"previous_dose_additive",0.5,0.5,0.15,0.85,0.15,0.85,3,1,"highest_utility","continuous",0.0179,28,1,"any_admissible_dose",0.9,0.9,0.2,0.85,3,1,0,3,0.05,0.2,0.0911,0.2297,50.1381,0.1398,NA,NA,0,5.2,4.404,4.404,0,30,30,0,0,0,1664.1426,1000,1000
70,24,4,"five_scenarios_txt",1,5,4,0.3,"one_stage",30,30,30,30,"CRM","additive_shared","additive_shared","previous_dose",0.15,0.85,"previous_dose_additive",0.5,0.5,0.15,0.85,0.15,0.85,3,1,"highest_utility","continuous",0.0179,28,1,"any_admissible_dose",0.9,0.9,0.2,0.85,3,1,0,4,0.1,0.5,0.1196,0.4325,61.1664,0.1398,NA,NA,33.9,59.2,12.447,12.447,0,30,30,0,0,0,1664.1426,1000,1000
70,24,4,"five_scenarios_txt",1,5,4,0.3,"one_stage",30,30,30,30,"CRM","additive_shared","additive_shared","previous_dose",0.15,0.85,"previous_dose_additive",0.5,0.5,0.15,0.85,0.15,0.85,3,1,"highest_utility","continuous",0.0179,28,1,"any_admissible_dose",0.9,0.9,0.2,0.85,3,1,0,5,0.25,0.5,0.1894,0.4604,60.0469,0.1398,NA,NA,66.1,32.3,6.09,6.09,0,30,30,0,0,0,1664.1426,1000,1000
71,27,2,"higher_gap_above_MTD",1,3,3,0.3,"one_stage",30,30,30,30,"CRM","additive_shared","additive_shared","previous_dose",0.15,0.85,"previous_dose_additive",0.5,0.5,0.15,0.85,0.15,0.85,3,1,"highest_utility","continuous",0.0179,28,1,"any_admissible_dose",0.9,0.9,0.2,0.85,3,1,0,1,0.11,0.1,0.1654,0.1385,41.6966,0.1384,NA,NA,6.2,14.6,8.13,8.13,0,29.055,29.055,0.2,0.2,7.2,1610.782,1000,1000
71,27,2,"higher_gap_above_MTD",1,3,3,0.3,"one_stage",30,30,30,30,"CRM","additive_shared","additive_shared","previous_dose",0.15,0.85,"previous_dose_additive",0.5,0.5,0.15,0.85,0.15,0.85,3,1,"highest_utility","continuous",0.0179,28,1,"any_admissible_dose",0.9,0.9,0.2,0.85,3,1,0,2,0.17,0.2,0.213,0.209,44.0166,0.1384,NA,NA,15.2,25.2,7.719,7.719,0,29.055,29.055,0.2,0.2,7.2,1610.782,1000,1000
71,27,2,"higher_gap_above_MTD",1,3,3,0.3,"one_stage",30,30,30,30,"CRM","additive_shared","additive_shared","previous_dose",0.15,0.85,"previous_dose_additive",0.5,0.5,0.15,0.85,0.15,0.85,3,1,"highest_utility","continuous",0.0179,28,1,"any_admissible_dose",0.9,0.9,0.2,0.85,3,1,0,3,0.3,0.4,0.3078,0.3648,49.5737,0.1384,NA,NA,52.4,41.8,9.276,9.276,0,29.055,29.055,0.2,0.2,7.2,1610.782,1000,1000
71,27,2,"higher_gap_above_MTD",1,3,3,0.3,"one_stage",30,30,30,30,"CRM","additive_shared","additive_shared","previous_dose",0.15,0.85,"previous_dose_additive",0.5,0.5,0.15,0.85,0.15,0.85,3,1,"highest_utility","continuous",0.0179,28,1,"any_admissible_dose",0.9,0.9,0.2,0.85,3,1,0,4,0.5,0.42,0.3553,0.4429,52.3617,0.1384,NA,NA,22.5,10.4,3.357,3.357,0,29.055,29.055,0.2,0.2,7.2,1610.782,1000,1000
71,27,2,"higher_gap_above_MTD",1,3,3,0.3,"one_stage",30,30,30,30,"CRM","additive_shared","additive_shared","previous_dose",0.15,0.85,"previous_dose_additive",0.5,0.5,0.15,0.85,0.15,0.85,3,1,"highest_utility","continuous",0.0179,28,1,"any_admissible_dose",0.9,0.9,0.2,0.85,3,1,0,5,0.62,0.45,0.451,0.4891,51.304,0.1384,NA,NA,3.5,0.8,0.573,0.573,0,29.055,29.055,0.2,0.2,7.2,1610.782,1000,1000
72,38,38,"user_added",1,5,5,0.3,"one_stage",30,30,30,30,"CRM","additive_shared","additive_shared","previous_dose",0.15,0.85,"previous_dose_additive",0.5,0.5,0.15,0.85,0.15,0.85,3,1,"highest_utility","continuous",0.0179,28,1,"any_admissible_dose",0.9,0.9,0.2,0.85,3,1,0,1,0.05,0.05,0.066,0.1224,44.7046,0.1374,NA,NA,0.8,10.1,5.649,5.649,0,29.799,29.799,0,0,1.5,1652.2168,1000,1000
72,38,38,"user_added",1,5,5,0.3,"one_stage",30,30,30,30,"CRM","additive_shared","additive_shared","previous_dose",0.15,0.85,"previous_dose_additive",0.5,0.5,0.15,0.85,0.15,0.85,3,1,"highest_utility","continuous",0.0179,28,1,"any_admissible_dose",0.9,0.9,0.2,0.85,3,1,0,2,0.1,0.08,0.095,0.1409,44.6562,0.1374,NA,NA,0.5,9.7,5.133,5.133,0,29.799,29.799,0,0,1.5,1652.2168,1000,1000
72,38,38,"user_added",1,5,5,0.3,"one_stage",30,30,30,30,"CRM","additive_shared","additive_shared","previous_dose",0.15,0.85,"previous_dose_additive",0.5,0.5,0.15,0.85,0.15,0.85,3,1,"highest_utility","continuous",0.0179,28,1,"any_admissible_dose",0.9,0.9,0.2,0.85,3,1,0,3,0.12,0.12,0.1627,0.1691,43.6357,0.1374,NA,NA,4.6,10.3,4.572,4.572,0,29.799,29.799,0,0,1.5,1652.2168,1000,1000
72,38,38,"user_added",1,5,5,0.3,"one_stage",30,30,30,30,"CRM","additive_shared","additive_shared","previous_dose",0.15,0.85,"previous_dose_additive",0.5,0.5,0.15,0.85,0.15,0.85,3,1,"highest_utility","continuous",0.0179,28,1,"any_admissible_dose",0.9,0.9,0.2,0.85,3,1,0,4,0.15,0.15,0.2014,0.1979,43.822,0.1374,NA,NA,16.5,8.7,4.863,4.863,0,29.799,29.799,0,0,1.5,1652.2168,1000,1000
72,38,38,"user_added",1,5,5,0.3,"one_stage",30,30,30,30,"CRM","additive_shared","additive_shared","previous_dose",0.15,0.85,"previous_dose_additive",0.5,0.5,0.15,0.85,0.15,0.85,3,1,"highest_utility","continuous",0.0179,28,1,"any_admissible_dose",0.9,0.9,0.2,0.85,3,1,0,5,0.3,0.5,0.288,0.4604,56.1025,0.1374,NA,NA,77.6,59.7,9.582,9.582,0,29.799,29.799,0,0,1.5,1652.2168,1000,1000
