"Task_ID","Scenario","Source_Scenario","Scenario_Group","Scenario_Attempt","True_MTD","True_OBD","Target_Toxicity","Allocation","Nmax","Sample_Size","N_s1","N_s2","Model","Model_ID","Carryover_Model","CRM_r_Model","CRM_Prior_a","CRM_Prior_b","Efficacy_Model","Efficacy_Prior_a","Efficacy_Prior_b","Efficacy_Carryover_Prior_a","Efficacy_Carryover_Prior_b","Efficacy_Additive_Alpha_Prior_a","Efficacy_Additive_Alpha_Prior_b","Utility_Type","Lambda_T","Stage2_Allocation","Enrollment_Scheme","Arrival_Rate","T_assess","Cycle_Max","IPDE_Dose_Assignment","Toxicity_IPDE_Alpha","Efficacy_IPDE_Alpha","Efficacy_Threshold","Futility_Cutoff","Min_Eff_N_for_Futility","Recycle_Toxicity_Rule","Recycle_Efficacy_Rule","Dose","True_DLT_rate","True_Efficacy_rate","Estimated_CRM_pj","Estimated_Efficacy","Estimated_Utility","r_hat","r_cap","r_use","MTD_Selection_pct","OBD_Selection_pct","Pts_Treated","Unique_Pts_by_Dose","IPDE_Doses","Total_Administrations","Total_Unique_Patients","Early_Stopping_pct","Design_Early_Stopping_pct","No_OBD_Selection_pct","Duration","n_valid","ntrial_from_files"
1,1,1,"base_example",1,1,1,0.3,"two_stage",30,30,6,30,"CRM","additive_shared","additive_shared","previous_dose",0.15,0.85,"previous_dose_additive",0.5,0.5,0.15,0.85,0.15,0.85,3,1,"top2_randomized","continuous",0.0179,28,1,"any_admissible_dose",0,0,0.2,0.75,3,1,0,1,0.3,0.05,0.3515,0.0917,31.4413,0.1334,NA,NA,65.8,5.3,8.122,8.122,0,13.938,13.938,8.7,8.7,89.5,763.3943,1000,1000
1,1,1,"base_example",1,1,1,0.3,"two_stage",30,30,6,30,"CRM","additive_shared","additive_shared","previous_dose",0.15,0.85,"previous_dose_additive",0.5,0.5,0.15,0.85,0.15,0.85,3,1,"top2_randomized","continuous",0.0179,28,1,"any_admissible_dose",0,0,0.2,0.75,3,1,0,2,0.35,0.06,0.4043,0.2989,41.7639,0.1334,NA,NA,14.3,2.9,3.312,3.312,0,13.938,13.938,8.7,8.7,89.5,763.3943,1000,1000
1,1,1,"base_example",1,1,1,0.3,"two_stage",30,30,6,30,"CRM","additive_shared","additive_shared","previous_dose",0.15,0.85,"previous_dose_additive",0.5,0.5,0.15,0.85,0.15,0.85,3,1,"top2_randomized","continuous",0.0179,28,1,"any_admissible_dose",0,0,0.2,0.75,3,1,0,3,0.4,0.07,0.4977,0.3819,43.0105,0.1334,NA,NA,9,1.6,1.669,1.669,0,13.938,13.938,8.7,8.7,89.5,763.3943,1000,1000
1,1,1,"base_example",1,1,1,0.3,"two_stage",30,30,6,30,"CRM","additive_shared","additive_shared","previous_dose",0.15,0.85,"previous_dose_additive",0.5,0.5,0.15,0.85,0.15,0.85,3,1,"top2_randomized","continuous",0.0179,28,1,"any_admissible_dose",0,0,0.2,0.75,3,1,0,4,0.45,0.08,0.5403,0.4426,44.9405,0.1334,NA,NA,1.7,0.6,0.7,0.7,0,13.938,13.938,8.7,8.7,89.5,763.3943,1000,1000
1,1,1,"base_example",1,1,1,0.3,"two_stage",30,30,6,30,"CRM","additive_shared","additive_shared","previous_dose",0.15,0.85,"previous_dose_additive",0.5,0.5,0.15,0.85,0.15,0.85,3,1,"top2_randomized","continuous",0.0179,28,1,"any_admissible_dose",0,0,0.2,0.75,3,1,0,5,0.5,0.09,0.6205,0.4852,44.2918,0.1334,NA,NA,0.5,0.1,0.135,0.135,0,13.938,13.938,8.7,8.7,89.5,763.3943,1000,1000
2,16,1,"five_scenarios_txt",1,5,1,0.3,"two_stage",30,30,6,30,"CRM","additive_shared","additive_shared","previous_dose",0.15,0.85,"previous_dose_additive",0.5,0.5,0.15,0.85,0.15,0.85,3,1,"top2_randomized","continuous",0.0179,28,1,"any_admissible_dose",0,0,0.2,0.75,3,1,0,1,0.02,0.2,0.0427,0.213,51.0729,0.1369,NA,NA,0.2,33.2,7.551,7.551,0,29.934,29.934,0,0,0.5,1660.192,1000,1000
2,16,1,"five_scenarios_txt",1,5,1,0.3,"two_stage",30,30,6,30,"CRM","additive_shared","additive_shared","previous_dose",0.15,0.85,"previous_dose_additive",0.5,0.5,0.15,0.85,0.15,0.85,3,1,"top2_randomized","continuous",0.0179,28,1,"any_admissible_dose",0,0,0.2,0.75,3,1,0,2,0.06,0.2,0.0645,0.2073,49.8592,0.1369,NA,NA,0.1,24.1,6.893,6.893,0,29.934,29.934,0,0,0.5,1660.192,1000,1000
2,16,1,"five_scenarios_txt",1,5,1,0.3,"two_stage",30,30,6,30,"CRM","additive_shared","additive_shared","previous_dose",0.15,0.85,"previous_dose_additive",0.5,0.5,0.15,0.85,0.15,0.85,3,1,"top2_randomized","continuous",0.0179,28,1,"any_admissible_dose",0,0,0.2,0.75,3,1,0,3,0.09,0.2,0.1189,0.2057,47.5853,0.1369,NA,NA,0.9,16.3,5.63,5.63,0,29.934,29.934,0,0,0.5,1660.192,1000,1000
2,16,1,"five_scenarios_txt",1,5,1,0.3,"two_stage",30,30,6,30,"CRM","additive_shared","additive_shared","previous_dose",0.15,0.85,"previous_dose_additive",0.5,0.5,0.15,0.85,0.15,0.85,3,1,"top2_randomized","continuous",0.0179,28,1,"any_admissible_dose",0,0,0.2,0.75,3,1,0,4,0.14,0.2,0.1515,0.2223,47.2795,0.1369,NA,NA,6.5,16.1,5.583,5.583,0,29.934,29.934,0,0,0.5,1660.192,1000,1000
2,16,1,"five_scenarios_txt",1,5,1,0.3,"two_stage",30,30,6,30,"CRM","additive_shared","additive_shared","previous_dose",0.15,0.85,"previous_dose_additive",0.5,0.5,0.15,0.85,0.15,0.85,3,1,"top2_randomized","continuous",0.0179,28,1,"any_admissible_dose",0,0,0.2,0.75,3,1,0,5,0.26,0.2,0.2282,0.2409,45.325,0.1369,NA,NA,92.3,9.8,4.277,4.277,0,29.934,29.934,0,0,0.5,1660.192,1000,1000
3,20,5,"five_scenarios_txt",1,3,2,0.3,"two_stage",30,30,6,30,"CRM","additive_shared","additive_shared","previous_dose",0.15,0.85,"previous_dose_additive",0.5,0.5,0.15,0.85,0.15,0.85,3,1,"top2_randomized","continuous",0.0179,28,1,"any_admissible_dose",0,0,0.2,0.75,3,1,0,1,0.07,0.05,0.1477,0.1119,40.806,0.1374,NA,NA,6.8,5.3,6.211,6.211,0,28.134,28.134,0.1,0.1,11.3,1555.6848,1000,1000
3,20,5,"five_scenarios_txt",1,3,2,0.3,"two_stage",30,30,6,30,"CRM","additive_shared","additive_shared","previous_dose",0.15,0.85,"previous_dose_additive",0.5,0.5,0.15,0.85,0.15,0.85,3,1,"top2_randomized","continuous",0.0179,28,1,"any_admissible_dose",0,0,0.2,0.75,3,1,0,2,0.14,0.25,0.1923,0.2631,48.0966,0.1374,NA,NA,9.4,48.9,9.399,9.399,0,28.134,28.134,0.1,0.1,11.3,1555.6848,1000,1000
3,20,5,"five_scenarios_txt",1,3,2,0.3,"two_stage",30,30,6,30,"CRM","additive_shared","additive_shared","previous_dose",0.15,0.85,"previous_dose_additive",0.5,0.5,0.15,0.85,0.15,0.85,3,1,"top2_randomized","continuous",0.0179,28,1,"any_admissible_dose",0,0,0.2,0.75,3,1,0,3,0.31,0.25,0.2831,0.2579,44.1516,0.1374,NA,NA,33.9,21.2,7.009,7.009,0,28.134,28.134,0.1,0.1,11.3,1555.6848,1000,1000
3,20,5,"five_scenarios_txt",1,3,2,0.3,"two_stage",30,30,6,30,"CRM","additive_shared","additive_shared","previous_dose",0.15,0.85,"previous_dose_additive",0.5,0.5,0.15,0.85,0.15,0.85,3,1,"top2_randomized","continuous",0.0179,28,1,"any_admissible_dose",0,0,0.2,0.75,3,1,0,4,0.41,0.25,0.3295,0.3221,46.1466,0.1374,NA,NA,35.5,11.3,4.128,4.128,0,28.134,28.134,0.1,0.1,11.3,1555.6848,1000,1000
3,20,5,"five_scenarios_txt",1,3,2,0.3,"two_stage",30,30,6,30,"CRM","additive_shared","additive_shared","previous_dose",0.15,0.85,"previous_dose_additive",0.5,0.5,0.15,0.85,0.15,0.85,3,1,"top2_randomized","continuous",0.0179,28,1,"any_admissible_dose",0,0,0.2,0.75,3,1,0,5,0.52,0.25,0.4244,0.4166,48.0161,0.1374,NA,NA,14.3,2,1.387,1.387,0,28.134,28.134,0.1,0.1,11.3,1555.6848,1000,1000
4,24,4,"five_scenarios_txt",1,5,4,0.3,"two_stage",30,30,6,30,"CRM","additive_shared","additive_shared","previous_dose",0.15,0.85,"previous_dose_additive",0.5,0.5,0.15,0.85,0.15,0.85,3,1,"top2_randomized","continuous",0.0179,28,1,"any_admissible_dose",0,0,0.2,0.75,3,1,0,1,0.01,0.05,0.0294,0.1404,47.2481,0.1379,NA,NA,0,0.4,3.94,3.94,0,30,30,0,0,0,1664.1347,1000,1000
4,24,4,"five_scenarios_txt",1,5,4,0.3,"two_stage",30,30,6,30,"CRM","additive_shared","additive_shared","previous_dose",0.15,0.85,"previous_dose_additive",0.5,0.5,0.15,0.85,0.15,0.85,3,1,"top2_randomized","continuous",0.0179,28,1,"any_admissible_dose",0,0,0.2,0.75,3,1,0,2,0.02,0.08,0.0467,0.1507,47.1777,0.1379,NA,NA,0,0.7,4.036,4.036,0,30,30,0,0,0,1664.1347,1000,1000
4,24,4,"five_scenarios_txt",1,5,4,0.3,"two_stage",30,30,6,30,"CRM","additive_shared","additive_shared","previous_dose",0.15,0.85,"previous_dose_additive",0.5,0.5,0.15,0.85,0.15,0.85,3,1,"top2_randomized","continuous",0.0179,28,1,"any_admissible_dose",0,0,0.2,0.75,3,1,0,3,0.05,0.2,0.0924,0.2143,49.1602,0.1379,NA,NA,0,3.7,4.805,4.805,0,30,30,0,0,0,1664.1347,1000,1000
4,24,4,"five_scenarios_txt",1,5,4,0.3,"two_stage",30,30,6,30,"CRM","additive_shared","additive_shared","previous_dose",0.15,0.85,"previous_dose_additive",0.5,0.5,0.15,0.85,0.15,0.85,3,1,"top2_randomized","continuous",0.0179,28,1,"any_admissible_dose",0,0,0.2,0.75,3,1,0,4,0.1,0.5,0.1212,0.4633,62.9457,0.1379,NA,NA,1.4,54.8,9.178,9.178,0,30,30,0,0,0,1664.1347,1000,1000
4,24,4,"five_scenarios_txt",1,5,4,0.3,"two_stage",30,30,6,30,"CRM","additive_shared","additive_shared","previous_dose",0.15,0.85,"previous_dose_additive",0.5,0.5,0.15,0.85,0.15,0.85,3,1,"top2_randomized","continuous",0.0179,28,1,"any_admissible_dose",0,0,0.2,0.75,3,1,0,5,0.25,0.5,0.1917,0.4575,59.7795,0.1379,NA,NA,98.6,40.4,8.041,8.041,0,30,30,0,0,0,1664.1347,1000,1000
5,27,2,"higher_gap_above_MTD",1,3,3,0.3,"two_stage",30,30,6,30,"CRM","additive_shared","additive_shared","previous_dose",0.15,0.85,"previous_dose_additive",0.5,0.5,0.15,0.85,0.15,0.85,3,1,"top2_randomized","continuous",0.0179,28,1,"any_admissible_dose",0,0,0.2,0.75,3,1,0,1,0.11,0.1,0.1767,0.1344,40.9954,0.1376,NA,NA,11.7,8.5,7.454,7.454,0,27.315,27.315,0.2,0.2,16.8,1514.74,1000,1000
5,27,2,"higher_gap_above_MTD",1,3,3,0.3,"two_stage",30,30,6,30,"CRM","additive_shared","additive_shared","previous_dose",0.15,0.85,"previous_dose_additive",0.5,0.5,0.15,0.85,0.15,0.85,3,1,"top2_randomized","continuous",0.0179,28,1,"any_admissible_dose",0,0,0.2,0.75,3,1,0,2,0.17,0.2,0.2249,0.2282,44.697,0.1376,NA,NA,14.6,21.7,7.649,7.649,0,27.315,27.315,0.2,0.2,16.8,1514.74,1000,1000
5,27,2,"higher_gap_above_MTD",1,3,3,0.3,"two_stage",30,30,6,30,"CRM","additive_shared","additive_shared","previous_dose",0.15,0.85,"previous_dose_additive",0.5,0.5,0.15,0.85,0.15,0.85,3,1,"top2_randomized","continuous",0.0179,28,1,"any_admissible_dose",0,0,0.2,0.75,3,1,0,3,0.3,0.4,0.3199,0.3939,50.8387,0.1376,NA,NA,44.1,41,7.735,7.735,0,27.315,27.315,0.2,0.2,16.8,1514.74,1000,1000
5,27,2,"higher_gap_above_MTD",1,3,3,0.3,"two_stage",30,30,6,30,"CRM","additive_shared","additive_shared","previous_dose",0.15,0.85,"previous_dose_additive",0.5,0.5,0.15,0.85,0.15,0.85,3,1,"top2_randomized","continuous",0.0179,28,1,"any_admissible_dose",0,0,0.2,0.75,3,1,0,4,0.5,0.42,0.3672,0.4413,51.7934,0.1376,NA,NA,25.3,11.2,3.601,3.601,0,27.315,27.315,0.2,0.2,16.8,1514.74,1000,1000
5,27,2,"higher_gap_above_MTD",1,3,3,0.3,"two_stage",30,30,6,30,"CRM","additive_shared","additive_shared","previous_dose",0.15,0.85,"previous_dose_additive",0.5,0.5,0.15,0.85,0.15,0.85,3,1,"top2_randomized","continuous",0.0179,28,1,"any_admissible_dose",0,0,0.2,0.75,3,1,0,5,0.62,0.45,0.462,0.4841,50.565,0.1376,NA,NA,4.1,0.8,0.876,0.876,0,27.315,27.315,0.2,0.2,16.8,1514.74,1000,1000
6,38,38,"user_added",1,5,5,0.3,"two_stage",30,30,6,30,"CRM","additive_shared","additive_shared","previous_dose",0.15,0.85,"previous_dose_additive",0.5,0.5,0.15,0.85,0.15,0.85,3,1,"top2_randomized","continuous",0.0179,28,1,"any_admissible_dose",0,0,0.2,0.75,3,1,0,1,0.05,0.05,0.07,0.1133,43.9952,0.1371,NA,NA,2.7,7.2,5.95,5.95,0,29.094,29.094,0,0,6.1,1611.8181,1000,1000
6,38,38,"user_added",1,5,5,0.3,"two_stage",30,30,6,30,"CRM","additive_shared","additive_shared","previous_dose",0.15,0.85,"previous_dose_additive",0.5,0.5,0.15,0.85,0.15,0.85,3,1,"top2_randomized","continuous",0.0179,28,1,"any_admissible_dose",0,0,0.2,0.75,3,1,0,2,0.1,0.08,0.099,0.1369,44.2549,0.1371,NA,NA,1.4,8.7,5.723,5.723,0,29.094,29.094,0,0,6.1,1611.8181,1000,1000
6,38,38,"user_added",1,5,5,0.3,"two_stage",30,30,6,30,"CRM","additive_shared","additive_shared","previous_dose",0.15,0.85,"previous_dose_additive",0.5,0.5,0.15,0.85,0.15,0.85,3,1,"top2_randomized","continuous",0.0179,28,1,"any_admissible_dose",0,0,0.2,0.75,3,1,0,3,0.12,0.12,0.1661,0.1652,43.2702,0.1371,NA,NA,2.9,8.3,5.129,5.129,0,29.094,29.094,0,0,6.1,1611.8181,1000,1000
6,38,38,"user_added",1,5,5,0.3,"two_stage",30,30,6,30,"CRM","additive_shared","additive_shared","previous_dose",0.15,0.85,"previous_dose_additive",0.5,0.5,0.15,0.85,0.15,0.85,3,1,"top2_randomized","continuous",0.0179,28,1,"any_admissible_dose",0,0,0.2,0.75,3,1,0,4,0.15,0.15,0.2043,0.1997,43.8084,0.1371,NA,NA,14.9,9.9,5.175,5.175,0,29.094,29.094,0,0,6.1,1611.8181,1000,1000
6,38,38,"user_added",1,5,5,0.3,"two_stage",30,30,6,30,"CRM","additive_shared","additive_shared","previous_dose",0.15,0.85,"previous_dose_additive",0.5,0.5,0.15,0.85,0.15,0.85,3,1,"top2_randomized","continuous",0.0179,28,1,"any_admissible_dose",0,0,0.2,0.75,3,1,0,5,0.3,0.5,0.2898,0.4726,56.7616,0.1371,NA,NA,78.1,59.8,7.117,7.117,0,29.094,29.094,0,0,6.1,1611.8181,1000,1000
7,1,1,"base_example",1,1,1,0.3,"two_stage",30,30,6,30,"CRM","additive_shared","additive_shared","previous_dose",0.15,0.85,"previous_dose_additive",0.5,0.5,0.15,0.85,0.15,0.85,3,1,"highest_utility","continuous",0.0179,28,1,"any_admissible_dose",0,0,0.2,0.75,3,1,0,1,0.3,0.05,0.3498,0.0916,31.5008,0.1351,NA,NA,66.2,3.6,8.046,8.046,0,13.713,13.713,8.3,8.5,91.5,753.0176,1000,1000
7,1,1,"base_example",1,1,1,0.3,"two_stage",30,30,6,30,"CRM","additive_shared","additive_shared","previous_dose",0.15,0.85,"previous_dose_additive",0.5,0.5,0.15,0.85,0.15,0.85,3,1,"highest_utility","continuous",0.0179,28,1,"any_admissible_dose",0,0,0.2,0.75,3,1,0,2,0.35,0.06,0.4026,0.2986,41.8159,0.1351,NA,NA,14.7,3.1,3.213,3.213,0,13.713,13.713,8.3,8.5,91.5,753.0176,1000,1000
7,1,1,"base_example",1,1,1,0.3,"two_stage",30,30,6,30,"CRM","additive_shared","additive_shared","previous_dose",0.15,0.85,"previous_dose_additive",0.5,0.5,0.15,0.85,0.15,0.85,3,1,"highest_utility","continuous",0.0179,28,1,"any_admissible_dose",0,0,0.2,0.75,3,1,0,3,0.4,0.07,0.4958,0.3808,43.0165,0.1351,NA,NA,8,1.5,1.626,1.626,0,13.713,13.713,8.3,8.5,91.5,753.0176,1000,1000
7,1,1,"base_example",1,1,1,0.3,"two_stage",30,30,6,30,"CRM","additive_shared","additive_shared","previous_dose",0.15,0.85,"previous_dose_additive",0.5,0.5,0.15,0.85,0.15,0.85,3,1,"highest_utility","continuous",0.0179,28,1,"any_admissible_dose",0,0,0.2,0.75,3,1,0,4,0.45,0.08,0.5385,0.4467,45.2613,0.1351,NA,NA,2.5,0.3,0.669,0.669,0,13.713,13.713,8.3,8.5,91.5,753.0176,1000,1000
7,1,1,"base_example",1,1,1,0.3,"two_stage",30,30,6,30,"CRM","additive_shared","additive_shared","previous_dose",0.15,0.85,"previous_dose_additive",0.5,0.5,0.15,0.85,0.15,0.85,3,1,"highest_utility","continuous",0.0179,28,1,"any_admissible_dose",0,0,0.2,0.75,3,1,0,5,0.5,0.09,0.6188,0.4842,44.3008,0.1351,NA,NA,0.3,0,0.159,0.159,0,13.713,13.713,8.3,8.5,91.5,753.0176,1000,1000
8,16,1,"five_scenarios_txt",1,5,1,0.3,"two_stage",30,30,6,30,"CRM","additive_shared","additive_shared","previous_dose",0.15,0.85,"previous_dose_additive",0.5,0.5,0.15,0.85,0.15,0.85,3,1,"highest_utility","continuous",0.0179,28,1,"any_admissible_dose",0,0,0.2,0.75,3,1,0,1,0.02,0.2,0.0429,0.2014,50.3656,0.1374,NA,NA,0.2,28.1,7.635,7.635,0,29.946,29.946,0,0.1,0.4,1661.5764,1000,1000
8,16,1,"five_scenarios_txt",1,5,1,0.3,"two_stage",30,30,6,30,"CRM","additive_shared","additive_shared","previous_dose",0.15,0.85,"previous_dose_additive",0.5,0.5,0.15,0.85,0.15,0.85,3,1,"highest_utility","continuous",0.0179,28,1,"any_admissible_dose",0,0,0.2,0.75,3,1,0,2,0.06,0.2,0.0648,0.2006,49.4473,0.1374,NA,NA,0,24.3,6.864,6.864,0,29.946,29.946,0,0.1,0.4,1661.5764,1000,1000
8,16,1,"five_scenarios_txt",1,5,1,0.3,"two_stage",30,30,6,30,"CRM","additive_shared","additive_shared","previous_dose",0.15,0.85,"previous_dose_additive",0.5,0.5,0.15,0.85,0.15,0.85,3,1,"highest_utility","continuous",0.0179,28,1,"any_admissible_dose",0,0,0.2,0.75,3,1,0,3,0.09,0.2,0.1192,0.2063,47.6101,0.1374,NA,NA,0.9,18.2,5.709,5.709,0,29.946,29.946,0,0.1,0.4,1661.5764,1000,1000
8,16,1,"five_scenarios_txt",1,5,1,0.3,"two_stage",30,30,6,30,"CRM","additive_shared","additive_shared","previous_dose",0.15,0.85,"previous_dose_additive",0.5,0.5,0.15,0.85,0.15,0.85,3,1,"highest_utility","continuous",0.0179,28,1,"any_admissible_dose",0,0,0.2,0.75,3,1,0,4,0.14,0.2,0.1519,0.222,47.2465,0.1374,NA,NA,8.7,18.4,5.436,5.436,0,29.946,29.946,0,0.1,0.4,1661.5764,1000,1000
8,16,1,"five_scenarios_txt",1,5,1,0.3,"two_stage",30,30,6,30,"CRM","additive_shared","additive_shared","previous_dose",0.15,0.85,"previous_dose_additive",0.5,0.5,0.15,0.85,0.15,0.85,3,1,"highest_utility","continuous",0.0179,28,1,"any_admissible_dose",0,0,0.2,0.75,3,1,0,5,0.26,0.2,0.2286,0.2489,45.7933,0.1374,NA,NA,90.2,10.6,4.302,4.302,0,29.946,29.946,0,0.1,0.4,1661.5764,1000,1000
9,20,5,"five_scenarios_txt",1,3,2,0.3,"two_stage",30,30,6,30,"CRM","additive_shared","additive_shared","previous_dose",0.15,0.85,"previous_dose_additive",0.5,0.5,0.15,0.85,0.15,0.85,3,1,"highest_utility","continuous",0.0179,28,1,"any_admissible_dose",0,0,0.2,0.75,3,1,0,1,0.07,0.05,0.1501,0.1211,41.262,0.1372,NA,NA,7.3,6.9,5.445,5.445,0,28.128,28.128,0.1,0.2,12.7,1556.5058,1000,1000
9,20,5,"five_scenarios_txt",1,3,2,0.3,"two_stage",30,30,6,30,"CRM","additive_shared","additive_shared","previous_dose",0.15,0.85,"previous_dose_additive",0.5,0.5,0.15,0.85,0.15,0.85,3,1,"highest_utility","continuous",0.0179,28,1,"any_admissible_dose",0,0,0.2,0.75,3,1,0,2,0.14,0.25,0.195,0.2469,47.0149,0.1372,NA,NA,9.7,46.1,10.065,10.065,0,28.128,28.128,0.1,0.2,12.7,1556.5058,1000,1000
9,20,5,"five_scenarios_txt",1,3,2,0.3,"two_stage",30,30,6,30,"CRM","additive_shared","additive_shared","previous_dose",0.15,0.85,"previous_dose_additive",0.5,0.5,0.15,0.85,0.15,0.85,3,1,"highest_utility","continuous",0.0179,28,1,"any_admissible_dose",0,0,0.2,0.75,3,1,0,3,0.31,0.25,0.2861,0.2572,43.9882,0.1372,NA,NA,38,22.8,7.014,7.014,0,28.128,28.128,0.1,0.2,12.7,1556.5058,1000,1000
9,20,5,"five_scenarios_txt",1,3,2,0.3,"two_stage",30,30,6,30,"CRM","additive_shared","additive_shared","previous_dose",0.15,0.85,"previous_dose_additive",0.5,0.5,0.15,0.85,0.15,0.85,3,1,"highest_utility","continuous",0.0179,28,1,"any_admissible_dose",0,0,0.2,0.75,3,1,0,4,0.41,0.25,0.3325,0.3256,46.2327,0.1372,NA,NA,31.2,9.5,4.146,4.146,0,28.128,28.128,0.1,0.2,12.7,1556.5058,1000,1000
9,20,5,"five_scenarios_txt",1,3,2,0.3,"two_stage",30,30,6,30,"CRM","additive_shared","additive_shared","previous_dose",0.15,0.85,"previous_dose_additive",0.5,0.5,0.15,0.85,0.15,0.85,3,1,"highest_utility","continuous",0.0179,28,1,"any_admissible_dose",0,0,0.2,0.75,3,1,0,5,0.52,0.25,0.4274,0.4214,48.1861,0.1372,NA,NA,13.7,2,1.458,1.458,0,28.128,28.128,0.1,0.2,12.7,1556.5058,1000,1000
10,24,4,"five_scenarios_txt",1,5,4,0.3,"two_stage",30,30,6,30,"CRM","additive_shared","additive_shared","previous_dose",0.15,0.85,"previous_dose_additive",0.5,0.5,0.15,0.85,0.15,0.85,3,1,"highest_utility","continuous",0.0179,28,1,"any_admissible_dose",0,0,0.2,0.75,3,1,0,1,0.01,0.05,0.0306,0.1503,47.7907,0.1375,NA,NA,0,1.5,3.48,3.48,0,29.982,29.982,0,0,0.1,1663.275,1000,1000
10,24,4,"five_scenarios_txt",1,5,4,0.3,"two_stage",30,30,6,30,"CRM","additive_shared","additive_shared","previous_dose",0.15,0.85,"previous_dose_additive",0.5,0.5,0.15,0.85,0.15,0.85,3,1,"highest_utility","continuous",0.0179,28,1,"any_admissible_dose",0,0,0.2,0.75,3,1,0,2,0.02,0.08,0.0484,0.1641,47.9091,0.1375,NA,NA,0.1,1.5,3.489,3.489,0,29.982,29.982,0,0,0.1,1663.275,1000,1000
10,24,4,"five_scenarios_txt",1,5,4,0.3,"two_stage",30,30,6,30,"CRM","additive_shared","additive_shared","previous_dose",0.15,0.85,"previous_dose_additive",0.5,0.5,0.15,0.85,0.15,0.85,3,1,"highest_utility","continuous",0.0179,28,1,"any_admissible_dose",0,0,0.2,0.75,3,1,0,3,0.05,0.2,0.0952,0.2325,50.1419,0.1375,NA,NA,0,6,4.227,4.227,0,29.982,29.982,0,0,0.1,1663.275,1000,1000
10,24,4,"five_scenarios_txt",1,5,4,0.3,"two_stage",30,30,6,30,"CRM","additive_shared","additive_shared","previous_dose",0.15,0.85,"previous_dose_additive",0.5,0.5,0.15,0.85,0.15,0.85,3,1,"highest_utility","continuous",0.0179,28,1,"any_admissible_dose",0,0,0.2,0.75,3,1,0,4,0.1,0.5,0.1245,0.4412,61.491,0.1375,NA,NA,4.7,56,10.845,10.845,0,29.982,29.982,0,0,0.1,1663.275,1000,1000
10,24,4,"five_scenarios_txt",1,5,4,0.3,"two_stage",30,30,6,30,"CRM","additive_shared","additive_shared","previous_dose",0.15,0.85,"previous_dose_additive",0.5,0.5,0.15,0.85,0.15,0.85,3,1,"highest_utility","continuous",0.0179,28,1,"any_admissible_dose",0,0,0.2,0.75,3,1,0,5,0.25,0.5,0.1959,0.4424,58.7084,0.1375,NA,NA,95.2,34.9,7.941,7.941,0,29.982,29.982,0,0,0.1,1663.275,1000,1000
11,27,2,"higher_gap_above_MTD",1,3,3,0.3,"two_stage",30,30,6,30,"CRM","additive_shared","additive_shared","previous_dose",0.15,0.85,"previous_dose_additive",0.5,0.5,0.15,0.85,0.15,0.85,3,1,"highest_utility","continuous",0.0179,28,1,"any_admissible_dose",0,0,0.2,0.75,3,1,0,1,0.11,0.1,0.1805,0.1414,41.2629,0.139,NA,NA,12.9,10.3,6.696,6.696,0,27.123,27.123,0.2,0.2,18.5,1503.7132,1000,1000
11,27,2,"higher_gap_above_MTD",1,3,3,0.3,"two_stage",30,30,6,30,"CRM","additive_shared","additive_shared","previous_dose",0.15,0.85,"previous_dose_additive",0.5,0.5,0.15,0.85,0.15,0.85,3,1,"highest_utility","continuous",0.0179,28,1,"any_admissible_dose",0,0,0.2,0.75,3,1,0,2,0.17,0.2,0.2289,0.2257,44.3887,0.139,NA,NA,16.5,20.4,7.026,7.026,0,27.123,27.123,0.2,0.2,18.5,1503.7132,1000,1000
11,27,2,"higher_gap_above_MTD",1,3,3,0.3,"two_stage",30,30,6,30,"CRM","additive_shared","additive_shared","previous_dose",0.15,0.85,"previous_dose_additive",0.5,0.5,0.15,0.85,0.15,0.85,3,1,"highest_utility","continuous",0.0179,28,1,"any_admissible_dose",0,0,0.2,0.75,3,1,0,3,0.3,0.4,0.324,0.3835,50.047,0.139,NA,NA,45.5,40.6,8.844,8.844,0,27.123,27.123,0.2,0.2,18.5,1503.7132,1000,1000
11,27,2,"higher_gap_above_MTD",1,3,3,0.3,"two_stage",30,30,6,30,"CRM","additive_shared","additive_shared","previous_dose",0.15,0.85,"previous_dose_additive",0.5,0.5,0.15,0.85,0.15,0.85,3,1,"highest_utility","continuous",0.0179,28,1,"any_admissible_dose",0,0,0.2,0.75,3,1,0,4,0.5,0.42,0.3713,0.4458,51.8972,0.139,NA,NA,20.4,9.1,3.63,3.63,0,27.123,27.123,0.2,0.2,18.5,1503.7132,1000,1000
11,27,2,"higher_gap_above_MTD",1,3,3,0.3,"two_stage",30,30,6,30,"CRM","additive_shared","additive_shared","previous_dose",0.15,0.85,"previous_dose_additive",0.5,0.5,0.15,0.85,0.15,0.85,3,1,"highest_utility","continuous",0.0179,28,1,"any_admissible_dose",0,0,0.2,0.75,3,1,0,5,0.62,0.45,0.4658,0.4873,50.6043,0.139,NA,NA,4.5,1.1,0.927,0.927,0,27.123,27.123,0.2,0.2,18.5,1503.7132,1000,1000
12,38,38,"user_added",1,5,5,0.3,"two_stage",30,30,6,30,"CRM","additive_shared","additive_shared","previous_dose",0.15,0.85,"previous_dose_additive",0.5,0.5,0.15,0.85,0.15,0.85,3,1,"highest_utility","continuous",0.0179,28,1,"any_admissible_dose",0,0,0.2,0.75,3,1,0,1,0.05,0.05,0.0703,0.1257,44.7299,0.1396,NA,NA,2.6,7.5,5.067,5.067,0,29.121,29.121,0,0.1,6.4,1613.2983,1000,1000
12,38,38,"user_added",1,5,5,0.3,"two_stage",30,30,6,30,"CRM","additive_shared","additive_shared","previous_dose",0.15,0.85,"previous_dose_additive",0.5,0.5,0.15,0.85,0.15,0.85,3,1,"highest_utility","continuous",0.0179,28,1,"any_admissible_dose",0,0,0.2,0.75,3,1,0,2,0.1,0.08,0.0996,0.1482,44.9075,0.1396,NA,NA,1.3,8.2,4.779,4.779,0,29.121,29.121,0,0.1,6.4,1613.2983,1000,1000
12,38,38,"user_added",1,5,5,0.3,"two_stage",30,30,6,30,"CRM","additive_shared","additive_shared","previous_dose",0.15,0.85,"previous_dose_additive",0.5,0.5,0.15,0.85,0.15,0.85,3,1,"highest_utility","continuous",0.0179,28,1,"any_admissible_dose",0,0,0.2,0.75,3,1,0,3,0.12,0.12,0.1674,0.1737,43.7279,0.1396,NA,NA,2.8,8.9,4.566,4.566,0,29.121,29.121,0,0.1,6.4,1613.2983,1000,1000
12,38,38,"user_added",1,5,5,0.3,"two_stage",30,30,6,30,"CRM","additive_shared","additive_shared","previous_dose",0.15,0.85,"previous_dose_additive",0.5,0.5,0.15,0.85,0.15,0.85,3,1,"highest_utility","continuous",0.0179,28,1,"any_admissible_dose",0,0,0.2,0.75,3,1,0,4,0.15,0.15,0.2059,0.2074,44.2055,0.1396,NA,NA,16,10.6,4.923,4.923,0,29.121,29.121,0,0.1,6.4,1613.2983,1000,1000
12,38,38,"user_added",1,5,5,0.3,"two_stage",30,30,6,30,"CRM","additive_shared","additive_shared","previous_dose",0.15,0.85,"previous_dose_additive",0.5,0.5,0.15,0.85,0.15,0.85,3,1,"highest_utility","continuous",0.0179,28,1,"any_admissible_dose",0,0,0.2,0.75,3,1,0,5,0.3,0.5,0.2921,0.4596,55.8884,0.1396,NA,NA,77.3,58.4,9.786,9.786,0,29.121,29.121,0,0.1,6.4,1613.2983,1000,1000
13,1,1,"base_example",1,1,1,0.3,"one_stage",30,30,30,30,"CRM","additive_shared","additive_shared","previous_dose",0.15,0.85,"previous_dose_additive",0.5,0.5,0.15,0.85,0.15,0.85,3,1,"highest_utility","continuous",0.0179,28,1,"any_admissible_dose",0,0,0.2,0.75,3,1,0,1,0.3,0.05,0.3503,0.0907,31.4301,0.1376,NA,NA,66.3,2.6,8.109,8.109,0,13.488,13.488,8.3,8.5,91.8,741.8431,1000,1000
13,1,1,"base_example",1,1,1,0.3,"one_stage",30,30,30,30,"CRM","additive_shared","additive_shared","previous_dose",0.15,0.85,"previous_dose_additive",0.5,0.5,0.15,0.85,0.15,0.85,3,1,"highest_utility","continuous",0.0179,28,1,"any_admissible_dose",0,0,0.2,0.75,3,1,0,2,0.35,0.06,0.4031,0.3007,41.9205,0.1376,NA,NA,14.5,2.9,3.081,3.081,0,13.488,13.488,8.3,8.5,91.8,741.8431,1000,1000
13,1,1,"base_example",1,1,1,0.3,"one_stage",30,30,30,30,"CRM","additive_shared","additive_shared","previous_dose",0.15,0.85,"previous_dose_additive",0.5,0.5,0.15,0.85,0.15,0.85,3,1,"highest_utility","continuous",0.0179,28,1,"any_admissible_dose",0,0,0.2,0.75,3,1,0,3,0.4,0.07,0.4964,0.3826,43.0977,0.1376,NA,NA,8.5,2.3,1.53,1.53,0,13.488,13.488,8.3,8.5,91.8,741.8431,1000,1000
13,1,1,"base_example",1,1,1,0.3,"one_stage",30,30,30,30,"CRM","additive_shared","additive_shared","previous_dose",0.15,0.85,"previous_dose_additive",0.5,0.5,0.15,0.85,0.15,0.85,3,1,"highest_utility","continuous",0.0179,28,1,"any_admissible_dose",0,0,0.2,0.75,3,1,0,4,0.45,0.08,0.5391,0.4479,45.3116,0.1376,NA,NA,2.2,0.4,0.627,0.627,0,13.488,13.488,8.3,8.5,91.8,741.8431,1000,1000
13,1,1,"base_example",1,1,1,0.3,"one_stage",30,30,30,30,"CRM","additive_shared","additive_shared","previous_dose",0.15,0.85,"previous_dose_additive",0.5,0.5,0.15,0.85,0.15,0.85,3,1,"highest_utility","continuous",0.0179,28,1,"any_admissible_dose",0,0,0.2,0.75,3,1,0,5,0.5,0.09,0.6194,0.4861,44.391,0.1376,NA,NA,0.2,0,0.141,0.141,0,13.488,13.488,8.3,8.5,91.8,741.8431,1000,1000
14,16,1,"five_scenarios_txt",1,5,1,0.3,"one_stage",30,30,30,30,"CRM","additive_shared","additive_shared","previous_dose",0.15,0.85,"previous_dose_additive",0.5,0.5,0.15,0.85,0.15,0.85,3,1,"highest_utility","continuous",0.0179,28,1,"any_admissible_dose",0,0,0.2,0.75,3,1,0,1,0.02,0.2,0.0418,0.1997,50.3098,0.1371,NA,NA,0.2,28,7.902,7.902,0,29.952,29.952,0,0.1,0.3,1661.9487,1000,1000
14,16,1,"five_scenarios_txt",1,5,1,0.3,"one_stage",30,30,30,30,"CRM","additive_shared","additive_shared","previous_dose",0.15,0.85,"previous_dose_additive",0.5,0.5,0.15,0.85,0.15,0.85,3,1,"highest_utility","continuous",0.0179,28,1,"any_admissible_dose",0,0,0.2,0.75,3,1,0,2,0.06,0.2,0.0633,0.1967,49.2732,0.1371,NA,NA,0,24,6.873,6.873,0,29.952,29.952,0,0.1,0.3,1661.9487,1000,1000
14,16,1,"five_scenarios_txt",1,5,1,0.3,"one_stage",30,30,30,30,"CRM","additive_shared","additive_shared","previous_dose",0.15,0.85,"previous_dose_additive",0.5,0.5,0.15,0.85,0.15,0.85,3,1,"highest_utility","continuous",0.0179,28,1,"any_admissible_dose",0,0,0.2,0.75,3,1,0,3,0.09,0.2,0.117,0.2114,48.0056,0.1371,NA,NA,1.2,20.4,5.742,5.742,0,29.952,29.952,0,0.1,0.3,1661.9487,1000,1000
14,16,1,"five_scenarios_txt",1,5,1,0.3,"one_stage",30,30,30,30,"CRM","additive_shared","additive_shared","previous_dose",0.15,0.85,"previous_dose_additive",0.5,0.5,0.15,0.85,0.15,0.85,3,1,"highest_utility","continuous",0.0179,28,1,"any_admissible_dose",0,0,0.2,0.75,3,1,0,4,0.14,0.2,0.1494,0.2222,47.3554,0.1371,NA,NA,10.4,18,5.373,5.373,0,29.952,29.952,0,0.1,0.3,1661.9487,1000,1000
14,16,1,"five_scenarios_txt",1,5,1,0.3,"one_stage",30,30,30,30,"CRM","additive_shared","additive_shared","previous_dose",0.15,0.85,"previous_dose_additive",0.5,0.5,0.15,0.85,0.15,0.85,3,1,"highest_utility","continuous",0.0179,28,1,"any_admissible_dose",0,0,0.2,0.75,3,1,0,5,0.26,0.2,0.2255,0.2549,46.2719,0.1371,NA,NA,88.2,9.3,4.062,4.062,0,29.952,29.952,0,0.1,0.3,1661.9487,1000,1000
15,20,5,"five_scenarios_txt",1,3,2,0.3,"one_stage",30,30,30,30,"CRM","additive_shared","additive_shared","previous_dose",0.15,0.85,"previous_dose_additive",0.5,0.5,0.15,0.85,0.15,0.85,3,1,"highest_utility","continuous",0.0179,28,1,"any_admissible_dose",0,0,0.2,0.75,3,1,0,1,0.07,0.05,0.1487,0.1174,41.0947,0.1402,NA,NA,7.9,6,5.739,5.739,0,28.05,28.05,0.1,0.1,12.6,1551.3032,1000,1000
15,20,5,"five_scenarios_txt",1,3,2,0.3,"one_stage",30,30,30,30,"CRM","additive_shared","additive_shared","previous_dose",0.15,0.85,"previous_dose_additive",0.5,0.5,0.15,0.85,0.15,0.85,3,1,"highest_utility","continuous",0.0179,28,1,"any_admissible_dose",0,0,0.2,0.75,3,1,0,2,0.14,0.25,0.1933,0.2415,46.7576,0.1402,NA,NA,9.3,43.7,10.554,10.554,0,28.05,28.05,0.1,0.1,12.6,1551.3032,1000,1000
15,20,5,"five_scenarios_txt",1,3,2,0.3,"one_stage",30,30,30,30,"CRM","additive_shared","additive_shared","previous_dose",0.15,0.85,"previous_dose_additive",0.5,0.5,0.15,0.85,0.15,0.85,3,1,"highest_utility","continuous",0.0179,28,1,"any_admissible_dose",0,0,0.2,0.75,3,1,0,3,0.31,0.25,0.2841,0.2589,44.1743,0.1402,NA,NA,36.2,24.3,6.618,6.618,0,28.05,28.05,0.1,0.1,12.6,1551.3032,1000,1000
15,20,5,"five_scenarios_txt",1,3,2,0.3,"one_stage",30,30,30,30,"CRM","additive_shared","additive_shared","previous_dose",0.15,0.85,"previous_dose_additive",0.5,0.5,0.15,0.85,0.15,0.85,3,1,"highest_utility","continuous",0.0179,28,1,"any_admissible_dose",0,0,0.2,0.75,3,1,0,4,0.41,0.25,0.3304,0.3262,46.356,0.1402,NA,NA,34.3,11.2,3.861,3.861,0,28.05,28.05,0.1,0.1,12.6,1551.3032,1000,1000
15,20,5,"five_scenarios_txt",1,3,2,0.3,"one_stage",30,30,30,30,"CRM","additive_shared","additive_shared","previous_dose",0.15,0.85,"previous_dose_additive",0.5,0.5,0.15,0.85,0.15,0.85,3,1,"highest_utility","continuous",0.0179,28,1,"any_admissible_dose",0,0,0.2,0.75,3,1,0,5,0.52,0.25,0.4252,0.4299,48.789,0.1402,NA,NA,12.2,2.2,1.278,1.278,0,28.05,28.05,0.1,0.1,12.6,1551.3032,1000,1000
16,24,4,"five_scenarios_txt",1,5,4,0.3,"one_stage",30,30,30,30,"CRM","additive_shared","additive_shared","previous_dose",0.15,0.85,"previous_dose_additive",0.5,0.5,0.15,0.85,0.15,0.85,3,1,"highest_utility","continuous",0.0179,28,1,"any_admissible_dose",0,0,0.2,0.75,3,1,0,1,0.01,0.05,0.0292,0.1495,47.7998,0.139,NA,NA,0,1.4,3.516,3.516,0,29.982,29.982,0,0,0.1,1663.275,1000,1000
16,24,4,"five_scenarios_txt",1,5,4,0.3,"one_stage",30,30,30,30,"CRM","additive_shared","additive_shared","previous_dose",0.15,0.85,"previous_dose_additive",0.5,0.5,0.15,0.85,0.15,0.85,3,1,"highest_utility","continuous",0.0179,28,1,"any_admissible_dose",0,0,0.2,0.75,3,1,0,2,0.02,0.08,0.0463,0.1625,47.8978,0.139,NA,NA,0.1,1.3,3.519,3.519,0,29.982,29.982,0,0,0.1,1663.275,1000,1000
16,24,4,"five_scenarios_txt",1,5,4,0.3,"one_stage",30,30,30,30,"CRM","additive_shared","additive_shared","previous_dose",0.15,0.85,"previous_dose_additive",0.5,0.5,0.15,0.85,0.15,0.85,3,1,"highest_utility","continuous",0.0179,28,1,"any_admissible_dose",0,0,0.2,0.75,3,1,0,3,0.05,0.2,0.0916,0.2299,50.1271,0.139,NA,NA,0,5.7,4.386,4.386,0,29.982,29.982,0,0,0.1,1663.275,1000,1000
16,24,4,"five_scenarios_txt",1,5,4,0.3,"one_stage",30,30,30,30,"CRM","additive_shared","additive_shared","previous_dose",0.15,0.85,"previous_dose_additive",0.5,0.5,0.15,0.85,0.15,0.85,3,1,"highest_utility","continuous",0.0179,28,1,"any_admissible_dose",0,0,0.2,0.75,3,1,0,4,0.1,0.5,0.1202,0.4331,61.1778,0.139,NA,NA,33.3,58.7,12.429,12.429,0,29.982,29.982,0,0,0.1,1663.275,1000,1000
16,24,4,"five_scenarios_txt",1,5,4,0.3,"one_stage",30,30,30,30,"CRM","additive_shared","additive_shared","previous_dose",0.15,0.85,"previous_dose_additive",0.5,0.5,0.15,0.85,0.15,0.85,3,1,"highest_utility","continuous",0.0179,28,1,"any_admissible_dose",0,0,0.2,0.75,3,1,0,5,0.25,0.5,0.1901,0.4613,60.0736,0.139,NA,NA,66.6,32.8,6.132,6.132,0,29.982,29.982,0,0,0.1,1663.275,1000,1000
17,27,2,"higher_gap_above_MTD",1,3,3,0.3,"one_stage",30,30,30,30,"CRM","additive_shared","additive_shared","previous_dose",0.15,0.85,"previous_dose_additive",0.5,0.5,0.15,0.85,0.15,0.85,3,1,"highest_utility","continuous",0.0179,28,1,"any_admissible_dose",0,0,0.2,0.75,3,1,0,1,0.11,0.1,0.178,0.1382,41.1706,0.1403,NA,NA,13.2,9.8,7.155,7.155,0,27.069,27.069,0.2,0.2,17.7,1500.552,1000,1000
17,27,2,"higher_gap_above_MTD",1,3,3,0.3,"one_stage",30,30,30,30,"CRM","additive_shared","additive_shared","previous_dose",0.15,0.85,"previous_dose_additive",0.5,0.5,0.15,0.85,0.15,0.85,3,1,"highest_utility","continuous",0.0179,28,1,"any_admissible_dose",0,0,0.2,0.75,3,1,0,2,0.17,0.2,0.226,0.221,44.2222,0.1403,NA,NA,14.7,20.9,7.116,7.116,0,27.069,27.069,0.2,0.2,17.7,1500.552,1000,1000
17,27,2,"higher_gap_above_MTD",1,3,3,0.3,"one_stage",30,30,30,30,"CRM","additive_shared","additive_shared","previous_dose",0.15,0.85,"previous_dose_additive",0.5,0.5,0.15,0.85,0.15,0.85,3,1,"highest_utility","continuous",0.0179,28,1,"any_admissible_dose",0,0,0.2,0.75,3,1,0,3,0.3,0.4,0.3206,0.3762,49.7474,0.1403,NA,NA,48.2,40.8,8.958,8.958,0,27.069,27.069,0.2,0.2,17.7,1500.552,1000,1000
17,27,2,"higher_gap_above_MTD",1,3,3,0.3,"one_stage",30,30,30,30,"CRM","additive_shared","additive_shared","previous_dose",0.15,0.85,"previous_dose_additive",0.5,0.5,0.15,0.85,0.15,0.85,3,1,"highest_utility","continuous",0.0179,28,1,"any_admissible_dose",0,0,0.2,0.75,3,1,0,4,0.5,0.42,0.3678,0.4484,52.1951,0.1403,NA,NA,20.2,10,3.264,3.264,0,27.069,27.069,0.2,0.2,17.7,1500.552,1000,1000
17,27,2,"higher_gap_above_MTD",1,3,3,0.3,"one_stage",30,30,30,30,"CRM","additive_shared","additive_shared","previous_dose",0.15,0.85,"previous_dose_additive",0.5,0.5,0.15,0.85,0.15,0.85,3,1,"highest_utility","continuous",0.0179,28,1,"any_admissible_dose",0,0,0.2,0.75,3,1,0,5,0.62,0.45,0.4623,0.4891,50.8507,0.1403,NA,NA,3.5,0.8,0.576,0.576,0,27.069,27.069,0.2,0.2,17.7,1500.552,1000,1000
18,38,38,"user_added",1,5,5,0.3,"one_stage",30,30,30,30,"CRM","additive_shared","additive_shared","previous_dose",0.15,0.85,"previous_dose_additive",0.5,0.5,0.15,0.85,0.15,0.85,3,1,"highest_utility","continuous",0.0179,28,1,"any_admissible_dose",0,0,0.2,0.75,3,1,0,1,0.05,0.05,0.0705,0.123,44.5555,0.1368,NA,NA,2.6,5.8,5.199,5.199,0,29.112,29.112,0,0.1,6.6,1613.6132,1000,1000
18,38,38,"user_added",1,5,5,0.3,"one_stage",30,30,30,30,"CRM","additive_shared","additive_shared","previous_dose",0.15,0.85,"previous_dose_additive",0.5,0.5,0.15,0.85,0.15,0.85,3,1,"highest_utility","continuous",0.0179,28,1,"any_admissible_dose",0,0,0.2,0.75,3,1,0,2,0.1,0.08,0.0998,0.1461,44.7721,0.1368,NA,NA,1.3,7.7,4.824,4.824,0,29.112,29.112,0,0.1,6.6,1613.6132,1000,1000
18,38,38,"user_added",1,5,5,0.3,"one_stage",30,30,30,30,"CRM","additive_shared","additive_shared","previous_dose",0.15,0.85,"previous_dose_additive",0.5,0.5,0.15,0.85,0.15,0.85,3,1,"highest_utility","continuous",0.0179,28,1,"any_admissible_dose",0,0,0.2,0.75,3,1,0,3,0.12,0.12,0.1677,0.1734,43.6958,0.1368,NA,NA,3,9.3,4.659,4.659,0,29.112,29.112,0,0.1,6.6,1613.6132,1000,1000
18,38,38,"user_added",1,5,5,0.3,"one_stage",30,30,30,30,"CRM","additive_shared","additive_shared","previous_dose",0.15,0.85,"previous_dose_additive",0.5,0.5,0.15,0.85,0.15,0.85,3,1,"highest_utility","continuous",0.0179,28,1,"any_admissible_dose",0,0,0.2,0.75,3,1,0,4,0.15,0.15,0.2062,0.2036,43.9643,0.1368,NA,NA,16.5,11,4.86,4.86,0,29.112,29.112,0,0.1,6.6,1613.6132,1000,1000
18,38,38,"user_added",1,5,5,0.3,"one_stage",30,30,30,30,"CRM","additive_shared","additive_shared","previous_dose",0.15,0.85,"previous_dose_additive",0.5,0.5,0.15,0.85,0.15,0.85,3,1,"highest_utility","continuous",0.0179,28,1,"any_admissible_dose",0,0,0.2,0.75,3,1,0,5,0.3,0.5,0.2925,0.4627,56.0603,0.1368,NA,NA,76.6,59.6,9.57,9.57,0,29.112,29.112,0,0.1,6.6,1613.6132,1000,1000
19,1,1,"base_example",1,1,1,0.3,"two_stage",30,30,6,30,"CRM","additive_shared","additive_shared","previous_dose",0.15,0.85,"previous_dose_additive",0.5,0.5,0.15,0.85,0.15,0.85,3,1,"top2_randomized","continuous",0.0179,28,1,"any_admissible_dose",0.3,0.3,0.2,0.75,3,1,0,1,0.3,0.05,0.3514,0.091,31.4033,0.1367,NA,NA,65.7,4.9,8.117,8.117,0,13.923,13.923,8.7,8.7,89.7,762.8453,1000,1000
19,1,1,"base_example",1,1,1,0.3,"two_stage",30,30,6,30,"CRM","additive_shared","additive_shared","previous_dose",0.15,0.85,"previous_dose_additive",0.5,0.5,0.15,0.85,0.15,0.85,3,1,"top2_randomized","continuous",0.0179,28,1,"any_admissible_dose",0.3,0.3,0.2,0.75,3,1,0,2,0.35,0.06,0.4043,0.2987,41.7538,0.1367,NA,NA,14.4,3.4,3.286,3.286,0,13.923,13.923,8.7,8.7,89.7,762.8453,1000,1000
19,1,1,"base_example",1,1,1,0.3,"two_stage",30,30,6,30,"CRM","additive_shared","additive_shared","previous_dose",0.15,0.85,"previous_dose_additive",0.5,0.5,0.15,0.85,0.15,0.85,3,1,"top2_randomized","continuous",0.0179,28,1,"any_admissible_dose",0.3,0.3,0.2,0.75,3,1,0,3,0.4,0.07,0.4975,0.3811,42.9625,0.1367,NA,NA,8.8,0.9,1.681,1.681,0,13.923,13.923,8.7,8.7,89.7,762.8453,1000,1000
19,1,1,"base_example",1,1,1,0.3,"two_stage",30,30,6,30,"CRM","additive_shared","additive_shared","previous_dose",0.15,0.85,"previous_dose_additive",0.5,0.5,0.15,0.85,0.15,0.85,3,1,"top2_randomized","continuous",0.0179,28,1,"any_admissible_dose",0.3,0.3,0.2,0.75,3,1,0,4,0.45,0.08,0.5402,0.4427,44.9526,0.1367,NA,NA,1.8,1,0.702,0.702,0,13.923,13.923,8.7,8.7,89.7,762.8453,1000,1000
19,1,1,"base_example",1,1,1,0.3,"two_stage",30,30,6,30,"CRM","additive_shared","additive_shared","previous_dose",0.15,0.85,"previous_dose_additive",0.5,0.5,0.15,0.85,0.15,0.85,3,1,"top2_randomized","continuous",0.0179,28,1,"any_admissible_dose",0.3,0.3,0.2,0.75,3,1,0,5,0.5,0.09,0.6204,0.4845,44.2517,0.1367,NA,NA,0.6,0.1,0.137,0.137,0,13.923,13.923,8.7,8.7,89.7,762.8453,1000,1000
20,16,1,"five_scenarios_txt",1,5,1,0.3,"two_stage",30,30,6,30,"CRM","additive_shared","additive_shared","previous_dose",0.15,0.85,"previous_dose_additive",0.5,0.5,0.15,0.85,0.15,0.85,3,1,"top2_randomized","continuous",0.0179,28,1,"any_admissible_dose",0.3,0.3,0.2,0.75,3,1,0,1,0.02,0.2,0.0427,0.213,51.0717,0.1361,NA,NA,0.2,32.7,7.678,7.678,0,29.934,29.934,0,0,0.5,1660.192,1000,1000
20,16,1,"five_scenarios_txt",1,5,1,0.3,"two_stage",30,30,6,30,"CRM","additive_shared","additive_shared","previous_dose",0.15,0.85,"previous_dose_additive",0.5,0.5,0.15,0.85,0.15,0.85,3,1,"top2_randomized","continuous",0.0179,28,1,"any_admissible_dose",0.3,0.3,0.2,0.75,3,1,0,2,0.06,0.2,0.0645,0.2057,49.7652,0.1361,NA,NA,0.1,24.3,6.768,6.768,0,29.934,29.934,0,0,0.5,1660.192,1000,1000
20,16,1,"five_scenarios_txt",1,5,1,0.3,"two_stage",30,30,6,30,"CRM","additive_shared","additive_shared","previous_dose",0.15,0.85,"previous_dose_additive",0.5,0.5,0.15,0.85,0.15,0.85,3,1,"top2_randomized","continuous",0.0179,28,1,"any_admissible_dose",0.3,0.3,0.2,0.75,3,1,0,3,0.09,0.2,0.1188,0.2075,47.7007,0.1361,NA,NA,0.8,17,5.645,5.645,0,29.934,29.934,0,0,0.5,1660.192,1000,1000
20,16,1,"five_scenarios_txt",1,5,1,0.3,"two_stage",30,30,6,30,"CRM","additive_shared","additive_shared","previous_dose",0.15,0.85,"previous_dose_additive",0.5,0.5,0.15,0.85,0.15,0.85,3,1,"top2_randomized","continuous",0.0179,28,1,"any_admissible_dose",0.3,0.3,0.2,0.75,3,1,0,4,0.14,0.2,0.1514,0.2203,47.1614,0.1361,NA,NA,6.7,15.4,5.577,5.577,0,29.934,29.934,0,0,0.5,1660.192,1000,1000
20,16,1,"five_scenarios_txt",1,5,1,0.3,"two_stage",30,30,6,30,"CRM","additive_shared","additive_shared","previous_dose",0.15,0.85,"previous_dose_additive",0.5,0.5,0.15,0.85,0.15,0.85,3,1,"top2_randomized","continuous",0.0179,28,1,"any_admissible_dose",0.3,0.3,0.2,0.75,3,1,0,5,0.26,0.2,0.2279,0.2425,45.435,0.1361,NA,NA,92.2,10.1,4.266,4.266,0,29.934,29.934,0,0,0.5,1660.192,1000,1000
21,20,5,"five_scenarios_txt",1,3,2,0.3,"two_stage",30,30,6,30,"CRM","additive_shared","additive_shared","previous_dose",0.15,0.85,"previous_dose_additive",0.5,0.5,0.15,0.85,0.15,0.85,3,1,"top2_randomized","continuous",0.0179,28,1,"any_admissible_dose",0.3,0.3,0.2,0.75,3,1,0,1,0.07,0.05,0.1482,0.1119,40.7881,0.1363,NA,NA,6.8,5,6.225,6.225,0,28.149,28.149,0.1,0.1,11.5,1556.8898,1000,1000
21,20,5,"five_scenarios_txt",1,3,2,0.3,"two_stage",30,30,6,30,"CRM","additive_shared","additive_shared","previous_dose",0.15,0.85,"previous_dose_additive",0.5,0.5,0.15,0.85,0.15,0.85,3,1,"top2_randomized","continuous",0.0179,28,1,"any_admissible_dose",0.3,0.3,0.2,0.75,3,1,0,2,0.14,0.25,0.1929,0.263,48.061,0.1363,NA,NA,9.5,47.9,9.371,9.371,0,28.149,28.149,0.1,0.1,11.5,1556.8898,1000,1000
21,20,5,"five_scenarios_txt",1,3,2,0.3,"two_stage",30,30,6,30,"CRM","additive_shared","additive_shared","previous_dose",0.15,0.85,"previous_dose_additive",0.5,0.5,0.15,0.85,0.15,0.85,3,1,"top2_randomized","continuous",0.0179,28,1,"any_admissible_dose",0.3,0.3,0.2,0.75,3,1,0,3,0.31,0.25,0.2839,0.26,44.246,0.1363,NA,NA,35,22.4,7.057,7.057,0,28.149,28.149,0.1,0.1,11.5,1556.8898,1000,1000
21,20,5,"five_scenarios_txt",1,3,2,0.3,"two_stage",30,30,6,30,"CRM","additive_shared","additive_shared","previous_dose",0.15,0.85,"previous_dose_additive",0.5,0.5,0.15,0.85,0.15,0.85,3,1,"top2_randomized","continuous",0.0179,28,1,"any_admissible_dose",0.3,0.3,0.2,0.75,3,1,0,4,0.41,0.25,0.3303,0.3187,45.9073,0.1363,NA,NA,34.2,10.5,4.113,4.113,0,28.149,28.149,0.1,0.1,11.5,1556.8898,1000,1000
21,20,5,"five_scenarios_txt",1,3,2,0.3,"two_stage",30,30,6,30,"CRM","additive_shared","additive_shared","previous_dose",0.15,0.85,"previous_dose_additive",0.5,0.5,0.15,0.85,0.15,0.85,3,1,"top2_randomized","continuous",0.0179,28,1,"any_admissible_dose",0.3,0.3,0.2,0.75,3,1,0,5,0.52,0.25,0.4253,0.4215,48.2804,0.1363,NA,NA,14.4,2.7,1.383,1.383,0,28.149,28.149,0.1,0.1,11.5,1556.8898,1000,1000
22,24,4,"five_scenarios_txt",1,5,4,0.3,"two_stage",30,30,6,30,"CRM","additive_shared","additive_shared","previous_dose",0.15,0.85,"previous_dose_additive",0.5,0.5,0.15,0.85,0.15,0.85,3,1,"top2_randomized","continuous",0.0179,28,1,"any_admissible_dose",0.3,0.3,0.2,0.75,3,1,0,1,0.01,0.05,0.0295,0.1407,47.2635,0.141,NA,NA,0,0.3,3.929,3.929,0,30,30,0,0,0,1664.1347,1000,1000
22,24,4,"five_scenarios_txt",1,5,4,0.3,"two_stage",30,30,6,30,"CRM","additive_shared","additive_shared","previous_dose",0.15,0.85,"previous_dose_additive",0.5,0.5,0.15,0.85,0.15,0.85,3,1,"top2_randomized","continuous",0.0179,28,1,"any_admissible_dose",0.3,0.3,0.2,0.75,3,1,0,2,0.02,0.08,0.0467,0.1516,47.2286,0.141,NA,NA,0,0.9,4.039,4.039,0,30,30,0,0,0,1664.1347,1000,1000
22,24,4,"five_scenarios_txt",1,5,4,0.3,"two_stage",30,30,6,30,"CRM","additive_shared","additive_shared","previous_dose",0.15,0.85,"previous_dose_additive",0.5,0.5,0.15,0.85,0.15,0.85,3,1,"top2_randomized","continuous",0.0179,28,1,"any_admissible_dose",0.3,0.3,0.2,0.75,3,1,0,3,0.05,0.2,0.0925,0.2143,49.158,0.141,NA,NA,0,3.6,4.848,4.848,0,30,30,0,0,0,1664.1347,1000,1000
22,24,4,"five_scenarios_txt",1,5,4,0.3,"two_stage",30,30,6,30,"CRM","additive_shared","additive_shared","previous_dose",0.15,0.85,"previous_dose_additive",0.5,0.5,0.15,0.85,0.15,0.85,3,1,"top2_randomized","continuous",0.0179,28,1,"any_admissible_dose",0.3,0.3,0.2,0.75,3,1,0,4,0.1,0.5,0.1213,0.4652,63.0629,0.141,NA,NA,1.5,54.8,9.169,9.169,0,30,30,0,0,0,1664.1347,1000,1000
22,24,4,"five_scenarios_txt",1,5,4,0.3,"two_stage",30,30,6,30,"CRM","additive_shared","additive_shared","previous_dose",0.15,0.85,"previous_dose_additive",0.5,0.5,0.15,0.85,0.15,0.85,3,1,"top2_randomized","continuous",0.0179,28,1,"any_admissible_dose",0.3,0.3,0.2,0.75,3,1,0,5,0.25,0.5,0.1917,0.4558,59.6799,0.141,NA,NA,98.5,40.4,8.015,8.015,0,30,30,0,0,0,1664.1347,1000,1000
23,27,2,"higher_gap_above_MTD",1,3,3,0.3,"two_stage",30,30,6,30,"CRM","additive_shared","additive_shared","previous_dose",0.15,0.85,"previous_dose_additive",0.5,0.5,0.15,0.85,0.15,0.85,3,1,"top2_randomized","continuous",0.0179,28,1,"any_admissible_dose",0.3,0.3,0.2,0.75,3,1,0,1,0.11,0.1,0.1771,0.1352,41.0273,0.1355,NA,NA,11.5,9,7.444,7.444,0,27.285,27.285,0.2,0.2,16.8,1512.4962,1000,1000
23,27,2,"higher_gap_above_MTD",1,3,3,0.3,"two_stage",30,30,6,30,"CRM","additive_shared","additive_shared","previous_dose",0.15,0.85,"previous_dose_additive",0.5,0.5,0.15,0.85,0.15,0.85,3,1,"top2_randomized","continuous",0.0179,28,1,"any_admissible_dose",0.3,0.3,0.2,0.75,3,1,0,2,0.17,0.2,0.2253,0.2279,44.6581,0.1355,NA,NA,15,21.3,7.672,7.672,0,27.285,27.285,0.2,0.2,16.8,1512.4962,1000,1000
23,27,2,"higher_gap_above_MTD",1,3,3,0.3,"two_stage",30,30,6,30,"CRM","additive_shared","additive_shared","previous_dose",0.15,0.85,"previous_dose_additive",0.5,0.5,0.15,0.85,0.15,0.85,3,1,"top2_randomized","continuous",0.0179,28,1,"any_admissible_dose",0.3,0.3,0.2,0.75,3,1,0,3,0.3,0.4,0.3204,0.392,50.7017,0.1355,NA,NA,44.6,41.1,7.683,7.683,0,27.285,27.285,0.2,0.2,16.8,1512.4962,1000,1000
23,27,2,"higher_gap_above_MTD",1,3,3,0.3,"two_stage",30,30,6,30,"CRM","additive_shared","additive_shared","previous_dose",0.15,0.85,"previous_dose_additive",0.5,0.5,0.15,0.85,0.15,0.85,3,1,"top2_randomized","continuous",0.0179,28,1,"any_admissible_dose",0.3,0.3,0.2,0.75,3,1,0,4,0.5,0.42,0.3677,0.4428,51.8592,0.1355,NA,NA,24.5,10.9,3.597,3.597,0,27.285,27.285,0.2,0.2,16.8,1512.4962,1000,1000
23,27,2,"higher_gap_above_MTD",1,3,3,0.3,"two_stage",30,30,6,30,"CRM","additive_shared","additive_shared","previous_dose",0.15,0.85,"previous_dose_additive",0.5,0.5,0.15,0.85,0.15,0.85,3,1,"top2_randomized","continuous",0.0179,28,1,"any_admissible_dose",0.3,0.3,0.2,0.75,3,1,0,5,0.62,0.45,0.4626,0.4836,50.5123,0.1355,NA,NA,4.2,0.9,0.889,0.889,0,27.285,27.285,0.2,0.2,16.8,1512.4962,1000,1000
24,38,38,"user_added",1,5,5,0.3,"two_stage",30,30,6,30,"CRM","additive_shared","additive_shared","previous_dose",0.15,0.85,"previous_dose_additive",0.5,0.5,0.15,0.85,0.15,0.85,3,1,"top2_randomized","continuous",0.0179,28,1,"any_admissible_dose",0.3,0.3,0.2,0.75,3,1,0,1,0.05,0.05,0.0698,0.1134,44.0115,0.1395,NA,NA,2.7,7,5.974,5.974,0,29.118,29.118,0,0,5.8,1612.711,1000,1000
24,38,38,"user_added",1,5,5,0.3,"two_stage",30,30,6,30,"CRM","additive_shared","additive_shared","previous_dose",0.15,0.85,"previous_dose_additive",0.5,0.5,0.15,0.85,0.15,0.85,3,1,"top2_randomized","continuous",0.0179,28,1,"any_admissible_dose",0.3,0.3,0.2,0.75,3,1,0,2,0.1,0.08,0.0987,0.1369,44.2695,0.1395,NA,NA,1.3,9.2,5.751,5.751,0,29.118,29.118,0,0,5.8,1612.711,1000,1000
24,38,38,"user_added",1,5,5,0.3,"two_stage",30,30,6,30,"CRM","additive_shared","additive_shared","previous_dose",0.15,0.85,"previous_dose_additive",0.5,0.5,0.15,0.85,0.15,0.85,3,1,"top2_randomized","continuous",0.0179,28,1,"any_admissible_dose",0.3,0.3,0.2,0.75,3,1,0,3,0.12,0.12,0.1658,0.1662,43.342,0.1395,NA,NA,2.7,8.5,5.09,5.09,0,29.118,29.118,0,0,5.8,1612.711,1000,1000
24,38,38,"user_added",1,5,5,0.3,"two_stage",30,30,6,30,"CRM","additive_shared","additive_shared","previous_dose",0.15,0.85,"previous_dose_additive",0.5,0.5,0.15,0.85,0.15,0.85,3,1,"top2_randomized","continuous",0.0179,28,1,"any_admissible_dose",0.3,0.3,0.2,0.75,3,1,0,4,0.15,0.15,0.2039,0.1982,43.7348,0.1395,NA,NA,15.2,10,5.196,5.196,0,29.118,29.118,0,0,5.8,1612.711,1000,1000
24,38,38,"user_added",1,5,5,0.3,"two_stage",30,30,6,30,"CRM","additive_shared","additive_shared","previous_dose",0.15,0.85,"previous_dose_additive",0.5,0.5,0.15,0.85,0.15,0.85,3,1,"top2_randomized","continuous",0.0179,28,1,"any_admissible_dose",0.3,0.3,0.2,0.75,3,1,0,5,0.3,0.5,0.2895,0.4746,56.8963,0.1395,NA,NA,78.1,59.5,7.107,7.107,0,29.118,29.118,0,0,5.8,1612.711,1000,1000
25,1,1,"base_example",1,1,1,0.3,"two_stage",30,30,6,30,"CRM","additive_shared","additive_shared","previous_dose",0.15,0.85,"previous_dose_additive",0.5,0.5,0.15,0.85,0.15,0.85,3,1,"highest_utility","continuous",0.0179,28,1,"any_admissible_dose",0.3,0.3,0.2,0.75,3,1,0,1,0.3,0.05,0.3502,0.0913,31.4721,0.1379,NA,NA,66,3.4,8.007,8.007,0,13.707,13.707,8.5,8.7,91.3,753.2065,1000,1000
25,1,1,"base_example",1,1,1,0.3,"two_stage",30,30,6,30,"CRM","additive_shared","additive_shared","previous_dose",0.15,0.85,"previous_dose_additive",0.5,0.5,0.15,0.85,0.15,0.85,3,1,"highest_utility","continuous",0.0179,28,1,"any_admissible_dose",0.3,0.3,0.2,0.75,3,1,0,2,0.35,0.06,0.403,0.2983,41.7828,0.1379,NA,NA,15,3.1,3.216,3.216,0,13.707,13.707,8.5,8.7,91.3,753.2065,1000,1000
25,1,1,"base_example",1,1,1,0.3,"two_stage",30,30,6,30,"CRM","additive_shared","additive_shared","previous_dose",0.15,0.85,"previous_dose_additive",0.5,0.5,0.15,0.85,0.15,0.85,3,1,"highest_utility","continuous",0.0179,28,1,"any_admissible_dose",0.3,0.3,0.2,0.75,3,1,0,3,0.4,0.07,0.4962,0.3808,43.0002,0.1379,NA,NA,7.7,1.5,1.629,1.629,0,13.707,13.707,8.5,8.7,91.3,753.2065,1000,1000
25,1,1,"base_example",1,1,1,0.3,"two_stage",30,30,6,30,"CRM","additive_shared","additive_shared","previous_dose",0.15,0.85,"previous_dose_additive",0.5,0.5,0.15,0.85,0.15,0.85,3,1,"highest_utility","continuous",0.0179,28,1,"any_admissible_dose",0.3,0.3,0.2,0.75,3,1,0,4,0.45,0.08,0.539,0.4457,45.1826,0.1379,NA,NA,2.5,0.6,0.684,0.684,0,13.707,13.707,8.5,8.7,91.3,753.2065,1000,1000
25,1,1,"base_example",1,1,1,0.3,"two_stage",30,30,6,30,"CRM","additive_shared","additive_shared","previous_dose",0.15,0.85,"previous_dose_additive",0.5,0.5,0.15,0.85,0.15,0.85,3,1,"highest_utility","continuous",0.0179,28,1,"any_admissible_dose",0.3,0.3,0.2,0.75,3,1,0,5,0.5,0.09,0.6192,0.4836,44.2504,0.1379,NA,NA,0.3,0.1,0.171,0.171,0,13.707,13.707,8.5,8.7,91.3,753.2065,1000,1000
26,16,1,"five_scenarios_txt",1,5,1,0.3,"two_stage",30,30,6,30,"CRM","additive_shared","additive_shared","previous_dose",0.15,0.85,"previous_dose_additive",0.5,0.5,0.15,0.85,0.15,0.85,3,1,"highest_utility","continuous",0.0179,28,1,"any_admissible_dose",0.3,0.3,0.2,0.75,3,1,0,1,0.02,0.2,0.0429,0.2012,50.3574,0.1381,NA,NA,0.2,28.2,7.626,7.626,0,29.946,29.946,0,0.1,0.4,1661.5764,1000,1000
26,16,1,"five_scenarios_txt",1,5,1,0.3,"two_stage",30,30,6,30,"CRM","additive_shared","additive_shared","previous_dose",0.15,0.85,"previous_dose_additive",0.5,0.5,0.15,0.85,0.15,0.85,3,1,"highest_utility","continuous",0.0179,28,1,"any_admissible_dose",0.3,0.3,0.2,0.75,3,1,0,2,0.06,0.2,0.0648,0.2004,49.4346,0.1381,NA,NA,0,24.5,6.873,6.873,0,29.946,29.946,0,0.1,0.4,1661.5764,1000,1000
26,16,1,"five_scenarios_txt",1,5,1,0.3,"two_stage",30,30,6,30,"CRM","additive_shared","additive_shared","previous_dose",0.15,0.85,"previous_dose_additive",0.5,0.5,0.15,0.85,0.15,0.85,3,1,"highest_utility","continuous",0.0179,28,1,"any_admissible_dose",0.3,0.3,0.2,0.75,3,1,0,3,0.09,0.2,0.1191,0.2077,47.6973,0.1381,NA,NA,1,18.8,5.745,5.745,0,29.946,29.946,0,0.1,0.4,1661.5764,1000,1000
26,16,1,"five_scenarios_txt",1,5,1,0.3,"two_stage",30,30,6,30,"CRM","additive_shared","additive_shared","previous_dose",0.15,0.85,"previous_dose_additive",0.5,0.5,0.15,0.85,0.15,0.85,3,1,"highest_utility","continuous",0.0179,28,1,"any_admissible_dose",0.3,0.3,0.2,0.75,3,1,0,4,0.14,0.2,0.1517,0.2219,47.2418,0.1381,NA,NA,8.4,17.5,5.379,5.379,0,29.946,29.946,0,0.1,0.4,1661.5764,1000,1000
26,16,1,"five_scenarios_txt",1,5,1,0.3,"two_stage",30,30,6,30,"CRM","additive_shared","additive_shared","previous_dose",0.15,0.85,"previous_dose_additive",0.5,0.5,0.15,0.85,0.15,0.85,3,1,"highest_utility","continuous",0.0179,28,1,"any_admissible_dose",0.3,0.3,0.2,0.75,3,1,0,5,0.26,0.2,0.2283,0.2475,45.7178,0.1381,NA,NA,90.4,10.6,4.323,4.323,0,29.946,29.946,0,0.1,0.4,1661.5764,1000,1000
27,20,5,"five_scenarios_txt",1,3,2,0.3,"two_stage",30,30,6,30,"CRM","additive_shared","additive_shared","previous_dose",0.15,0.85,"previous_dose_additive",0.5,0.5,0.15,0.85,0.15,0.85,3,1,"highest_utility","continuous",0.0179,28,1,"any_admissible_dose",0.3,0.3,0.2,0.75,3,1,0,1,0.07,0.05,0.15,0.1208,41.2516,0.1389,NA,NA,7.4,6.7,5.472,5.472,0,28.131,28.131,0.1,0.2,12.8,1556.8288,1000,1000
27,20,5,"five_scenarios_txt",1,3,2,0.3,"two_stage",30,30,6,30,"CRM","additive_shared","additive_shared","previous_dose",0.15,0.85,"previous_dose_additive",0.5,0.5,0.15,0.85,0.15,0.85,3,1,"highest_utility","continuous",0.0179,28,1,"any_admissible_dose",0.3,0.3,0.2,0.75,3,1,0,2,0.14,0.25,0.1949,0.2464,46.9888,0.1389,NA,NA,9.4,44.3,10.023,10.023,0,28.131,28.131,0.1,0.2,12.8,1556.8288,1000,1000
27,20,5,"five_scenarios_txt",1,3,2,0.3,"two_stage",30,30,6,30,"CRM","additive_shared","additive_shared","previous_dose",0.15,0.85,"previous_dose_additive",0.5,0.5,0.15,0.85,0.15,0.85,3,1,"highest_utility","continuous",0.0179,28,1,"any_admissible_dose",0.3,0.3,0.2,0.75,3,1,0,3,0.31,0.25,0.286,0.2558,43.9083,0.1389,NA,NA,37.7,23.1,6.972,6.972,0,28.131,28.131,0.1,0.2,12.8,1556.8288,1000,1000
27,20,5,"five_scenarios_txt",1,3,2,0.3,"two_stage",30,30,6,30,"CRM","additive_shared","additive_shared","previous_dose",0.15,0.85,"previous_dose_additive",0.5,0.5,0.15,0.85,0.15,0.85,3,1,"highest_utility","continuous",0.0179,28,1,"any_admissible_dose",0.3,0.3,0.2,0.75,3,1,0,4,0.41,0.25,0.3324,0.3251,46.2088,0.1389,NA,NA,32.2,11.1,4.212,4.212,0,28.131,28.131,0.1,0.2,12.8,1556.8288,1000,1000
27,20,5,"five_scenarios_txt",1,3,2,0.3,"two_stage",30,30,6,30,"CRM","additive_shared","additive_shared","previous_dose",0.15,0.85,"previous_dose_additive",0.5,0.5,0.15,0.85,0.15,0.85,3,1,"highest_utility","continuous",0.0179,28,1,"any_admissible_dose",0.3,0.3,0.2,0.75,3,1,0,5,0.52,0.25,0.4273,0.4242,48.3601,0.1389,NA,NA,13.2,2,1.452,1.452,0,28.131,28.131,0.1,0.2,12.8,1556.8288,1000,1000
28,24,4,"five_scenarios_txt",1,5,4,0.3,"two_stage",30,30,6,30,"CRM","additive_shared","additive_shared","previous_dose",0.15,0.85,"previous_dose_additive",0.5,0.5,0.15,0.85,0.15,0.85,3,1,"highest_utility","continuous",0.0179,28,1,"any_admissible_dose",0.3,0.3,0.2,0.75,3,1,0,1,0.01,0.05,0.0306,0.1504,47.8031,0.1393,NA,NA,0,1.5,3.471,3.471,0,29.982,29.982,0,0,0.1,1663.275,1000,1000
28,24,4,"five_scenarios_txt",1,5,4,0.3,"two_stage",30,30,6,30,"CRM","additive_shared","additive_shared","previous_dose",0.15,0.85,"previous_dose_additive",0.5,0.5,0.15,0.85,0.15,0.85,3,1,"highest_utility","continuous",0.0179,28,1,"any_admissible_dose",0.3,0.3,0.2,0.75,3,1,0,2,0.02,0.08,0.0483,0.1643,47.9257,0.1393,NA,NA,0.1,1.2,3.489,3.489,0,29.982,29.982,0,0,0.1,1663.275,1000,1000
28,24,4,"five_scenarios_txt",1,5,4,0.3,"two_stage",30,30,6,30,"CRM","additive_shared","additive_shared","previous_dose",0.15,0.85,"previous_dose_additive",0.5,0.5,0.15,0.85,0.15,0.85,3,1,"highest_utility","continuous",0.0179,28,1,"any_admissible_dose",0.3,0.3,0.2,0.75,3,1,0,3,0.05,0.2,0.0951,0.2324,50.1405,0.1393,NA,NA,0,6.2,4.218,4.218,0,29.982,29.982,0,0,0.1,1663.275,1000,1000
28,24,4,"five_scenarios_txt",1,5,4,0.3,"two_stage",30,30,6,30,"CRM","additive_shared","additive_shared","previous_dose",0.15,0.85,"previous_dose_additive",0.5,0.5,0.15,0.85,0.15,0.85,3,1,"highest_utility","continuous",0.0179,28,1,"any_admissible_dose",0.3,0.3,0.2,0.75,3,1,0,4,0.1,0.5,0.1244,0.441,61.4859,0.1393,NA,NA,4.7,55.6,10.86,10.86,0,29.982,29.982,0,0,0.1,1663.275,1000,1000
28,24,4,"five_scenarios_txt",1,5,4,0.3,"two_stage",30,30,6,30,"CRM","additive_shared","additive_shared","previous_dose",0.15,0.85,"previous_dose_additive",0.5,0.5,0.15,0.85,0.15,0.85,3,1,"highest_utility","continuous",0.0179,28,1,"any_admissible_dose",0.3,0.3,0.2,0.75,3,1,0,5,0.25,0.5,0.1958,0.4419,58.6822,0.1393,NA,NA,95.2,35.4,7.944,7.944,0,29.982,29.982,0,0,0.1,1663.275,1000,1000
29,27,2,"higher_gap_above_MTD",1,3,3,0.3,"two_stage",30,30,6,30,"CRM","additive_shared","additive_shared","previous_dose",0.15,0.85,"previous_dose_additive",0.5,0.5,0.15,0.85,0.15,0.85,3,1,"highest_utility","continuous",0.0179,28,1,"any_admissible_dose",0.3,0.3,0.2,0.75,3,1,0,1,0.11,0.1,0.1805,0.1415,41.2705,0.1389,NA,NA,12.7,9.7,6.663,6.663,0,27.144,27.144,0.2,0.2,18.1,1504.5759,1000,1000
29,27,2,"higher_gap_above_MTD",1,3,3,0.3,"two_stage",30,30,6,30,"CRM","additive_shared","additive_shared","previous_dose",0.15,0.85,"previous_dose_additive",0.5,0.5,0.15,0.85,0.15,0.85,3,1,"highest_utility","continuous",0.0179,28,1,"any_admissible_dose",0.3,0.3,0.2,0.75,3,1,0,2,0.17,0.2,0.2289,0.2251,44.3498,0.1389,NA,NA,17.1,20.6,6.972,6.972,0,27.144,27.144,0.2,0.2,18.1,1504.5759,1000,1000
29,27,2,"higher_gap_above_MTD",1,3,3,0.3,"two_stage",30,30,6,30,"CRM","additive_shared","additive_shared","previous_dose",0.15,0.85,"previous_dose_additive",0.5,0.5,0.15,0.85,0.15,0.85,3,1,"highest_utility","continuous",0.0179,28,1,"any_admissible_dose",0.3,0.3,0.2,0.75,3,1,0,3,0.3,0.4,0.324,0.3872,50.2718,0.1389,NA,NA,44.9,41.4,8.907,8.907,0,27.144,27.144,0.2,0.2,18.1,1504.5759,1000,1000
29,27,2,"higher_gap_above_MTD",1,3,3,0.3,"two_stage",30,30,6,30,"CRM","additive_shared","additive_shared","previous_dose",0.15,0.85,"previous_dose_additive",0.5,0.5,0.15,0.85,0.15,0.85,3,1,"highest_utility","continuous",0.0179,28,1,"any_admissible_dose",0.3,0.3,0.2,0.75,3,1,0,4,0.5,0.42,0.3713,0.4448,51.8381,0.1389,NA,NA,20.7,9.2,3.669,3.669,0,27.144,27.144,0.2,0.2,18.1,1504.5759,1000,1000
29,27,2,"higher_gap_above_MTD",1,3,3,0.3,"two_stage",30,30,6,30,"CRM","additive_shared","additive_shared","previous_dose",0.15,0.85,"previous_dose_additive",0.5,0.5,0.15,0.85,0.15,0.85,3,1,"highest_utility","continuous",0.0179,28,1,"any_admissible_dose",0.3,0.3,0.2,0.75,3,1,0,5,0.62,0.45,0.4659,0.4861,50.5314,0.1389,NA,NA,4.4,1,0.933,0.933,0,27.144,27.144,0.2,0.2,18.1,1504.5759,1000,1000
30,38,38,"user_added",1,5,5,0.3,"two_stage",30,30,6,30,"CRM","additive_shared","additive_shared","previous_dose",0.15,0.85,"previous_dose_additive",0.5,0.5,0.15,0.85,0.15,0.85,3,1,"highest_utility","continuous",0.0179,28,1,"any_admissible_dose",0.3,0.3,0.2,0.75,3,1,0,1,0.05,0.05,0.0704,0.126,44.7441,0.1385,NA,NA,2.6,7.2,5.073,5.073,0,29.124,29.124,0,0.1,6.2,1613.6681,1000,1000
30,38,38,"user_added",1,5,5,0.3,"two_stage",30,30,6,30,"CRM","additive_shared","additive_shared","previous_dose",0.15,0.85,"previous_dose_additive",0.5,0.5,0.15,0.85,0.15,0.85,3,1,"highest_utility","continuous",0.0179,28,1,"any_admissible_dose",0.3,0.3,0.2,0.75,3,1,0,2,0.1,0.08,0.0997,0.1489,44.9467,0.1385,NA,NA,1.2,9.3,4.812,4.812,0,29.124,29.124,0,0.1,6.2,1613.6681,1000,1000
30,38,38,"user_added",1,5,5,0.3,"two_stage",30,30,6,30,"CRM","additive_shared","additive_shared","previous_dose",0.15,0.85,"previous_dose_additive",0.5,0.5,0.15,0.85,0.15,0.85,3,1,"highest_utility","continuous",0.0179,28,1,"any_admissible_dose",0.3,0.3,0.2,0.75,3,1,0,3,0.12,0.12,0.1676,0.1737,43.7214,0.1385,NA,NA,2.8,9.5,4.566,4.566,0,29.124,29.124,0,0.1,6.2,1613.6681,1000,1000
30,38,38,"user_added",1,5,5,0.3,"two_stage",30,30,6,30,"CRM","additive_shared","additive_shared","previous_dose",0.15,0.85,"previous_dose_additive",0.5,0.5,0.15,0.85,0.15,0.85,3,1,"highest_utility","continuous",0.0179,28,1,"any_admissible_dose",0.3,0.3,0.2,0.75,3,1,0,4,0.15,0.15,0.2061,0.2066,44.1507,0.1385,NA,NA,16.4,9.9,4.953,4.953,0,29.124,29.124,0,0.1,6.2,1613.6681,1000,1000
30,38,38,"user_added",1,5,5,0.3,"two_stage",30,30,6,30,"CRM","additive_shared","additive_shared","previous_dose",0.15,0.85,"previous_dose_additive",0.5,0.5,0.15,0.85,0.15,0.85,3,1,"highest_utility","continuous",0.0179,28,1,"any_admissible_dose",0.3,0.3,0.2,0.75,3,1,0,5,0.3,0.5,0.2924,0.4591,55.8489,0.1385,NA,NA,77,57.9,9.72,9.72,0,29.124,29.124,0,0.1,6.2,1613.6681,1000,1000
31,1,1,"base_example",1,1,1,0.3,"one_stage",30,30,30,30,"CRM","additive_shared","additive_shared","previous_dose",0.15,0.85,"previous_dose_additive",0.5,0.5,0.15,0.85,0.15,0.85,3,1,"highest_utility","continuous",0.0179,28,1,"any_admissible_dose",0.3,0.3,0.2,0.75,3,1,0,1,0.3,0.05,0.3501,0.0905,31.4274,0.1376,NA,NA,66.6,2.6,8.127,8.127,0,13.488,13.488,8.2,8.3,91.7,741.7689,1000,1000
31,1,1,"base_example",1,1,1,0.3,"one_stage",30,30,30,30,"CRM","additive_shared","additive_shared","previous_dose",0.15,0.85,"previous_dose_additive",0.5,0.5,0.15,0.85,0.15,0.85,3,1,"highest_utility","continuous",0.0179,28,1,"any_admissible_dose",0.3,0.3,0.2,0.75,3,1,0,2,0.35,0.06,0.4029,0.301,41.9417,0.1376,NA,NA,14.3,3.1,3.069,3.069,0,13.488,13.488,8.2,8.3,91.7,741.7689,1000,1000
31,1,1,"base_example",1,1,1,0.3,"one_stage",30,30,30,30,"CRM","additive_shared","additive_shared","previous_dose",0.15,0.85,"previous_dose_additive",0.5,0.5,0.15,0.85,0.15,0.85,3,1,"highest_utility","continuous",0.0179,28,1,"any_admissible_dose",0.3,0.3,0.2,0.75,3,1,0,3,0.4,0.07,0.4962,0.3823,43.0909,0.1376,NA,NA,8.3,1.9,1.509,1.509,0,13.488,13.488,8.2,8.3,91.7,741.7689,1000,1000
31,1,1,"base_example",1,1,1,0.3,"one_stage",30,30,30,30,"CRM","additive_shared","additive_shared","previous_dose",0.15,0.85,"previous_dose_additive",0.5,0.5,0.15,0.85,0.15,0.85,3,1,"highest_utility","continuous",0.0179,28,1,"any_admissible_dose",0.3,0.3,0.2,0.75,3,1,0,4,0.45,0.08,0.5389,0.4479,45.3195,0.1376,NA,NA,2.4,0.6,0.636,0.636,0,13.488,13.488,8.2,8.3,91.7,741.7689,1000,1000
31,1,1,"base_example",1,1,1,0.3,"one_stage",30,30,30,30,"CRM","additive_shared","additive_shared","previous_dose",0.15,0.85,"previous_dose_additive",0.5,0.5,0.15,0.85,0.15,0.85,3,1,"highest_utility","continuous",0.0179,28,1,"any_admissible_dose",0.3,0.3,0.2,0.75,3,1,0,5,0.5,0.09,0.6191,0.4863,44.4143,0.1376,NA,NA,0.2,0.1,0.147,0.147,0,13.488,13.488,8.2,8.3,91.7,741.7689,1000,1000
32,16,1,"five_scenarios_txt",1,5,1,0.3,"one_stage",30,30,30,30,"CRM","additive_shared","additive_shared","previous_dose",0.15,0.85,"previous_dose_additive",0.5,0.5,0.15,0.85,0.15,0.85,3,1,"highest_utility","continuous",0.0179,28,1,"any_admissible_dose",0.3,0.3,0.2,0.75,3,1,0,1,0.02,0.2,0.042,0.1991,50.2639,0.1366,NA,NA,0.2,26.9,7.83,7.83,0,29.952,29.952,0,0.1,0.3,1661.9487,1000,1000
32,16,1,"five_scenarios_txt",1,5,1,0.3,"one_stage",30,30,30,30,"CRM","additive_shared","additive_shared","previous_dose",0.15,0.85,"previous_dose_additive",0.5,0.5,0.15,0.85,0.15,0.85,3,1,"highest_utility","continuous",0.0179,28,1,"any_admissible_dose",0.3,0.3,0.2,0.75,3,1,0,2,0.06,0.2,0.0636,0.1969,49.268,0.1366,NA,NA,0,24.3,6.891,6.891,0,29.952,29.952,0,0.1,0.3,1661.9487,1000,1000
32,16,1,"five_scenarios_txt",1,5,1,0.3,"one_stage",30,30,30,30,"CRM","additive_shared","additive_shared","previous_dose",0.15,0.85,"previous_dose_additive",0.5,0.5,0.15,0.85,0.15,0.85,3,1,"highest_utility","continuous",0.0179,28,1,"any_admissible_dose",0.3,0.3,0.2,0.75,3,1,0,3,0.09,0.2,0.1175,0.2113,47.9816,0.1366,NA,NA,1.2,20.7,5.748,5.748,0,29.952,29.952,0,0.1,0.3,1661.9487,1000,1000
32,16,1,"five_scenarios_txt",1,5,1,0.3,"one_stage",30,30,30,30,"CRM","additive_shared","additive_shared","previous_dose",0.15,0.85,"previous_dose_additive",0.5,0.5,0.15,0.85,0.15,0.85,3,1,"highest_utility","continuous",0.0179,28,1,"any_admissible_dose",0.3,0.3,0.2,0.75,3,1,0,4,0.14,0.2,0.1499,0.2219,47.3198,0.1366,NA,NA,11.2,18.8,5.4,5.4,0,29.952,29.952,0,0.1,0.3,1661.9487,1000,1000
32,16,1,"five_scenarios_txt",1,5,1,0.3,"one_stage",30,30,30,30,"CRM","additive_shared","additive_shared","previous_dose",0.15,0.85,"previous_dose_additive",0.5,0.5,0.15,0.85,0.15,0.85,3,1,"highest_utility","continuous",0.0179,28,1,"any_admissible_dose",0.3,0.3,0.2,0.75,3,1,0,5,0.26,0.2,0.2261,0.256,46.3148,0.1366,NA,NA,87.4,9,4.083,4.083,0,29.952,29.952,0,0.1,0.3,1661.9487,1000,1000
33,20,5,"five_scenarios_txt",1,3,2,0.3,"one_stage",30,30,30,30,"CRM","additive_shared","additive_shared","previous_dose",0.15,0.85,"previous_dose_additive",0.5,0.5,0.15,0.85,0.15,0.85,3,1,"highest_utility","continuous",0.0179,28,1,"any_admissible_dose",0.3,0.3,0.2,0.75,3,1,0,1,0.07,0.05,0.1489,0.1168,41.053,0.1399,NA,NA,7.9,5.2,5.733,5.733,0,28.041,28.041,0.1,0.1,12.7,1550.7798,1000,1000
33,20,5,"five_scenarios_txt",1,3,2,0.3,"one_stage",30,30,30,30,"CRM","additive_shared","additive_shared","previous_dose",0.15,0.85,"previous_dose_additive",0.5,0.5,0.15,0.85,0.15,0.85,3,1,"highest_utility","continuous",0.0179,28,1,"any_admissible_dose",0.3,0.3,0.2,0.75,3,1,0,2,0.14,0.25,0.1936,0.2414,46.7409,0.1399,NA,NA,9.4,44.8,10.506,10.506,0,28.041,28.041,0.1,0.1,12.7,1550.7798,1000,1000
33,20,5,"five_scenarios_txt",1,3,2,0.3,"one_stage",30,30,30,30,"CRM","additive_shared","additive_shared","previous_dose",0.15,0.85,"previous_dose_additive",0.5,0.5,0.15,0.85,0.15,0.85,3,1,"highest_utility","continuous",0.0179,28,1,"any_admissible_dose",0.3,0.3,0.2,0.75,3,1,0,3,0.31,0.25,0.2845,0.2591,44.1679,0.1399,NA,NA,36,23.8,6.648,6.648,0,28.041,28.041,0.1,0.1,12.7,1550.7798,1000,1000
33,20,5,"five_scenarios_txt",1,3,2,0.3,"one_stage",30,30,30,30,"CRM","additive_shared","additive_shared","previous_dose",0.15,0.85,"previous_dose_additive",0.5,0.5,0.15,0.85,0.15,0.85,3,1,"highest_utility","continuous",0.0179,28,1,"any_admissible_dose",0.3,0.3,0.2,0.75,3,1,0,4,0.41,0.25,0.3308,0.3276,46.4201,0.1399,NA,NA,34.6,11.3,3.867,3.867,0,28.041,28.041,0.1,0.1,12.7,1550.7798,1000,1000
33,20,5,"five_scenarios_txt",1,3,2,0.3,"one_stage",30,30,30,30,"CRM","additive_shared","additive_shared","previous_dose",0.15,0.85,"previous_dose_additive",0.5,0.5,0.15,0.85,0.15,0.85,3,1,"highest_utility","continuous",0.0179,28,1,"any_admissible_dose",0.3,0.3,0.2,0.75,3,1,0,5,0.52,0.25,0.4257,0.4302,48.7856,0.1399,NA,NA,12,2.2,1.287,1.287,0,28.041,28.041,0.1,0.1,12.7,1550.7798,1000,1000
34,24,4,"five_scenarios_txt",1,5,4,0.3,"one_stage",30,30,30,30,"CRM","additive_shared","additive_shared","previous_dose",0.15,0.85,"previous_dose_additive",0.5,0.5,0.15,0.85,0.15,0.85,3,1,"highest_utility","continuous",0.0179,28,1,"any_admissible_dose",0.3,0.3,0.2,0.75,3,1,0,1,0.01,0.05,0.0291,0.1489,47.7695,0.1399,NA,NA,0,1.2,3.522,3.522,0,29.982,29.982,0,0,0.1,1663.275,1000,1000
34,24,4,"five_scenarios_txt",1,5,4,0.3,"one_stage",30,30,30,30,"CRM","additive_shared","additive_shared","previous_dose",0.15,0.85,"previous_dose_additive",0.5,0.5,0.15,0.85,0.15,0.85,3,1,"highest_utility","continuous",0.0179,28,1,"any_admissible_dose",0.3,0.3,0.2,0.75,3,1,0,2,0.02,0.08,0.0461,0.1628,47.9216,0.1399,NA,NA,0.1,1.3,3.516,3.516,0,29.982,29.982,0,0,0.1,1663.275,1000,1000
34,24,4,"five_scenarios_txt",1,5,4,0.3,"one_stage",30,30,30,30,"CRM","additive_shared","additive_shared","previous_dose",0.15,0.85,"previous_dose_additive",0.5,0.5,0.15,0.85,0.15,0.85,3,1,"highest_utility","continuous",0.0179,28,1,"any_admissible_dose",0.3,0.3,0.2,0.75,3,1,0,3,0.05,0.2,0.0913,0.2302,50.1563,0.1399,NA,NA,0,5.5,4.398,4.398,0,29.982,29.982,0,0,0.1,1663.275,1000,1000
34,24,4,"five_scenarios_txt",1,5,4,0.3,"one_stage",30,30,30,30,"CRM","additive_shared","additive_shared","previous_dose",0.15,0.85,"previous_dose_additive",0.5,0.5,0.15,0.85,0.15,0.85,3,1,"highest_utility","continuous",0.0179,28,1,"any_admissible_dose",0.3,0.3,0.2,0.75,3,1,0,4,0.1,0.5,0.1199,0.4329,61.1792,0.1399,NA,NA,33.6,59.3,12.429,12.429,0,29.982,29.982,0,0,0.1,1663.275,1000,1000
34,24,4,"five_scenarios_txt",1,5,4,0.3,"one_stage",30,30,30,30,"CRM","additive_shared","additive_shared","previous_dose",0.15,0.85,"previous_dose_additive",0.5,0.5,0.15,0.85,0.15,0.85,3,1,"highest_utility","continuous",0.0179,28,1,"any_admissible_dose",0.3,0.3,0.2,0.75,3,1,0,5,0.25,0.5,0.1897,0.461,60.073,0.1399,NA,NA,66.3,32.6,6.117,6.117,0,29.982,29.982,0,0,0.1,1663.275,1000,1000
35,27,2,"higher_gap_above_MTD",1,3,3,0.3,"one_stage",30,30,30,30,"CRM","additive_shared","additive_shared","previous_dose",0.15,0.85,"previous_dose_additive",0.5,0.5,0.15,0.85,0.15,0.85,3,1,"highest_utility","continuous",0.0179,28,1,"any_admissible_dose",0.3,0.3,0.2,0.75,3,1,0,1,0.11,0.1,0.178,0.1386,41.1962,0.1373,NA,NA,13,9.9,7.116,7.116,0,27.069,27.069,0.2,0.2,17.9,1500.6076,1000,1000
35,27,2,"higher_gap_above_MTD",1,3,3,0.3,"one_stage",30,30,30,30,"CRM","additive_shared","additive_shared","previous_dose",0.15,0.85,"previous_dose_additive",0.5,0.5,0.15,0.85,0.15,0.85,3,1,"highest_utility","continuous",0.0179,28,1,"any_admissible_dose",0.3,0.3,0.2,0.75,3,1,0,2,0.17,0.2,0.226,0.2214,44.2414,0.1373,NA,NA,14.8,20.7,7.158,7.158,0,27.069,27.069,0.2,0.2,17.9,1500.6076,1000,1000
35,27,2,"higher_gap_above_MTD",1,3,3,0.3,"one_stage",30,30,30,30,"CRM","additive_shared","additive_shared","previous_dose",0.15,0.85,"previous_dose_additive",0.5,0.5,0.15,0.85,0.15,0.85,3,1,"highest_utility","continuous",0.0179,28,1,"any_admissible_dose",0.3,0.3,0.2,0.75,3,1,0,3,0.3,0.4,0.3206,0.3775,49.8246,0.1373,NA,NA,47.7,41.4,8.925,8.925,0,27.069,27.069,0.2,0.2,17.9,1500.6076,1000,1000
35,27,2,"higher_gap_above_MTD",1,3,3,0.3,"one_stage",30,30,30,30,"CRM","additive_shared","additive_shared","previous_dose",0.15,0.85,"previous_dose_additive",0.5,0.5,0.15,0.85,0.15,0.85,3,1,"highest_utility","continuous",0.0179,28,1,"any_admissible_dose",0.3,0.3,0.2,0.75,3,1,0,4,0.5,0.42,0.3678,0.4454,52.0143,0.1373,NA,NA,20.8,9.4,3.279,3.279,0,27.069,27.069,0.2,0.2,17.9,1500.6076,1000,1000
35,27,2,"higher_gap_above_MTD",1,3,3,0.3,"one_stage",30,30,30,30,"CRM","additive_shared","additive_shared","previous_dose",0.15,0.85,"previous_dose_additive",0.5,0.5,0.15,0.85,0.15,0.85,3,1,"highest_utility","continuous",0.0179,28,1,"any_admissible_dose",0.3,0.3,0.2,0.75,3,1,0,5,0.62,0.45,0.4623,0.4888,50.8372,0.1373,NA,NA,3.5,0.7,0.591,0.591,0,27.069,27.069,0.2,0.2,17.9,1500.6076,1000,1000
36,38,38,"user_added",1,5,5,0.3,"one_stage",30,30,30,30,"CRM","additive_shared","additive_shared","previous_dose",0.15,0.85,"previous_dose_additive",0.5,0.5,0.15,0.85,0.15,0.85,3,1,"highest_utility","continuous",0.0179,28,1,"any_admissible_dose",0.3,0.3,0.2,0.75,3,1,0,1,0.05,0.05,0.0709,0.123,44.5425,0.1401,NA,NA,2.6,6.3,5.187,5.187,0,29.106,29.106,0,0.1,6.7,1613.2224,1000,1000
36,38,38,"user_added",1,5,5,0.3,"one_stage",30,30,30,30,"CRM","additive_shared","additive_shared","previous_dose",0.15,0.85,"previous_dose_additive",0.5,0.5,0.15,0.85,0.15,0.85,3,1,"highest_utility","continuous",0.0179,28,1,"any_admissible_dose",0.3,0.3,0.2,0.75,3,1,0,2,0.1,0.08,0.1003,0.1447,44.6716,0.1401,NA,NA,1.5,7.5,4.869,4.869,0,29.106,29.106,0,0.1,6.7,1613.2224,1000,1000
36,38,38,"user_added",1,5,5,0.3,"one_stage",30,30,30,30,"CRM","additive_shared","additive_shared","previous_dose",0.15,0.85,"previous_dose_additive",0.5,0.5,0.15,0.85,0.15,0.85,3,1,"highest_utility","continuous",0.0179,28,1,"any_admissible_dose",0.3,0.3,0.2,0.75,3,1,0,3,0.12,0.12,0.1683,0.1737,43.6863,0.1401,NA,NA,3.2,9.9,4.674,4.674,0,29.106,29.106,0,0.1,6.7,1613.2224,1000,1000
36,38,38,"user_added",1,5,5,0.3,"one_stage",30,30,30,30,"CRM","additive_shared","additive_shared","previous_dose",0.15,0.85,"previous_dose_additive",0.5,0.5,0.15,0.85,0.15,0.85,3,1,"highest_utility","continuous",0.0179,28,1,"any_admissible_dose",0.3,0.3,0.2,0.75,3,1,0,4,0.15,0.15,0.2069,0.2038,43.9507,0.1401,NA,NA,16.3,10.9,4.899,4.899,0,29.106,29.106,0,0.1,6.7,1613.2224,1000,1000
36,38,38,"user_added",1,5,5,0.3,"one_stage",30,30,30,30,"CRM","additive_shared","additive_shared","previous_dose",0.15,0.85,"previous_dose_additive",0.5,0.5,0.15,0.85,0.15,0.85,3,1,"highest_utility","continuous",0.0179,28,1,"any_admissible_dose",0.3,0.3,0.2,0.75,3,1,0,5,0.3,0.5,0.2933,0.4609,55.9216,0.1401,NA,NA,76.4,58.7,9.477,9.477,0,29.106,29.106,0,0.1,6.7,1613.2224,1000,1000
37,1,1,"base_example",1,1,1,0.3,"two_stage",30,30,6,30,"CRM","additive_shared","additive_shared","previous_dose",0.15,0.85,"previous_dose_additive",0.5,0.5,0.15,0.85,0.15,0.85,3,1,"top2_randomized","continuous",0.0179,28,1,"any_admissible_dose",0.6,0.6,0.2,0.75,3,1,0,1,0.3,0.05,0.3512,0.0912,31.422,0.1359,NA,NA,65.6,5.2,8.115,8.115,0,13.977,13.977,8.7,8.7,89.4,766.3676,1000,1000
37,1,1,"base_example",1,1,1,0.3,"two_stage",30,30,6,30,"CRM","additive_shared","additive_shared","previous_dose",0.15,0.85,"previous_dose_additive",0.5,0.5,0.15,0.85,0.15,0.85,3,1,"top2_randomized","continuous",0.0179,28,1,"any_admissible_dose",0.6,0.6,0.2,0.75,3,1,0,2,0.35,0.06,0.4041,0.2987,41.7609,0.1359,NA,NA,14.3,2.9,3.322,3.322,0,13.977,13.977,8.7,8.7,89.4,766.3676,1000,1000
37,1,1,"base_example",1,1,1,0.3,"two_stage",30,30,6,30,"CRM","additive_shared","additive_shared","previous_dose",0.15,0.85,"previous_dose_additive",0.5,0.5,0.15,0.85,0.15,0.85,3,1,"top2_randomized","continuous",0.0179,28,1,"any_admissible_dose",0.6,0.6,0.2,0.75,3,1,0,3,0.4,0.07,0.4973,0.3816,43.0043,0.1359,NA,NA,8.7,1.3,1.686,1.686,0,13.977,13.977,8.7,8.7,89.4,766.3676,1000,1000
37,1,1,"base_example",1,1,1,0.3,"two_stage",30,30,6,30,"CRM","additive_shared","additive_shared","previous_dose",0.15,0.85,"previous_dose_additive",0.5,0.5,0.15,0.85,0.15,0.85,3,1,"top2_randomized","continuous",0.0179,28,1,"any_admissible_dose",0.6,0.6,0.2,0.75,3,1,0,4,0.45,0.08,0.54,0.4415,44.8911,0.1359,NA,NA,2,1.1,0.709,0.709,0,13.977,13.977,8.7,8.7,89.4,766.3676,1000,1000
37,1,1,"base_example",1,1,1,0.3,"two_stage",30,30,6,30,"CRM","additive_shared","additive_shared","previous_dose",0.15,0.85,"previous_dose_additive",0.5,0.5,0.15,0.85,0.15,0.85,3,1,"top2_randomized","continuous",0.0179,28,1,"any_admissible_dose",0.6,0.6,0.2,0.75,3,1,0,5,0.5,0.09,0.6202,0.4845,44.261,0.1359,NA,NA,0.7,0.1,0.145,0.145,0,13.977,13.977,8.7,8.7,89.4,766.3676,1000,1000
38,16,1,"five_scenarios_txt",1,5,1,0.3,"two_stage",30,30,6,30,"CRM","additive_shared","additive_shared","previous_dose",0.15,0.85,"previous_dose_additive",0.5,0.5,0.15,0.85,0.15,0.85,3,1,"top2_randomized","continuous",0.0179,28,1,"any_admissible_dose",0.6,0.6,0.2,0.75,3,1,0,1,0.02,0.2,0.0428,0.2126,51.0422,0.139,NA,NA,0.2,32.8,7.586,7.586,0,29.934,29.934,0,0,0.5,1660.192,1000,1000
38,16,1,"five_scenarios_txt",1,5,1,0.3,"two_stage",30,30,6,30,"CRM","additive_shared","additive_shared","previous_dose",0.15,0.85,"previous_dose_additive",0.5,0.5,0.15,0.85,0.15,0.85,3,1,"top2_randomized","continuous",0.0179,28,1,"any_admissible_dose",0.6,0.6,0.2,0.75,3,1,0,2,0.06,0.2,0.0647,0.2054,49.7366,0.139,NA,NA,0.1,23.8,6.834,6.834,0,29.934,29.934,0,0,0.5,1660.192,1000,1000
38,16,1,"five_scenarios_txt",1,5,1,0.3,"two_stage",30,30,6,30,"CRM","additive_shared","additive_shared","previous_dose",0.15,0.85,"previous_dose_additive",0.5,0.5,0.15,0.85,0.15,0.85,3,1,"top2_randomized","continuous",0.0179,28,1,"any_admissible_dose",0.6,0.6,0.2,0.75,3,1,0,3,0.09,0.2,0.1191,0.2086,47.7525,0.139,NA,NA,1,16.5,5.676,5.676,0,29.934,29.934,0,0,0.5,1660.192,1000,1000
38,16,1,"five_scenarios_txt",1,5,1,0.3,"two_stage",30,30,6,30,"CRM","additive_shared","additive_shared","previous_dose",0.15,0.85,"previous_dose_additive",0.5,0.5,0.15,0.85,0.15,0.85,3,1,"top2_randomized","continuous",0.0179,28,1,"any_admissible_dose",0.6,0.6,0.2,0.75,3,1,0,4,0.14,0.2,0.1518,0.2198,47.1181,0.139,NA,NA,5.9,15.9,5.561,5.561,0,29.934,29.934,0,0,0.5,1660.192,1000,1000
38,16,1,"five_scenarios_txt",1,5,1,0.3,"two_stage",30,30,6,30,"CRM","additive_shared","additive_shared","previous_dose",0.15,0.85,"previous_dose_additive",0.5,0.5,0.15,0.85,0.15,0.85,3,1,"top2_randomized","continuous",0.0179,28,1,"any_admissible_dose",0.6,0.6,0.2,0.75,3,1,0,5,0.26,0.2,0.2285,0.2394,45.2225,0.139,NA,NA,92.8,10.5,4.277,4.277,0,29.934,29.934,0,0,0.5,1660.192,1000,1000
39,20,5,"five_scenarios_txt",1,3,2,0.3,"two_stage",30,30,6,30,"CRM","additive_shared","additive_shared","previous_dose",0.15,0.85,"previous_dose_additive",0.5,0.5,0.15,0.85,0.15,0.85,3,1,"top2_randomized","continuous",0.0179,28,1,"any_admissible_dose",0.6,0.6,0.2,0.75,3,1,0,1,0.07,0.05,0.1482,0.1118,40.7818,0.1374,NA,NA,6.8,5.1,6.186,6.186,0,28.149,28.149,0.1,0.1,11.6,1556.7483,1000,1000
39,20,5,"five_scenarios_txt",1,3,2,0.3,"two_stage",30,30,6,30,"CRM","additive_shared","additive_shared","previous_dose",0.15,0.85,"previous_dose_additive",0.5,0.5,0.15,0.85,0.15,0.85,3,1,"top2_randomized","continuous",0.0179,28,1,"any_admissible_dose",0.6,0.6,0.2,0.75,3,1,0,2,0.14,0.25,0.1929,0.2621,48.0138,0.1374,NA,NA,9.4,47.5,9.39,9.39,0,28.149,28.149,0.1,0.1,11.6,1556.7483,1000,1000
39,20,5,"five_scenarios_txt",1,3,2,0.3,"two_stage",30,30,6,30,"CRM","additive_shared","additive_shared","previous_dose",0.15,0.85,"previous_dose_additive",0.5,0.5,0.15,0.85,0.15,0.85,3,1,"top2_randomized","continuous",0.0179,28,1,"any_admissible_dose",0.6,0.6,0.2,0.75,3,1,0,3,0.31,0.25,0.2838,0.2608,44.2964,0.1374,NA,NA,35.1,22.3,7.03,7.03,0,28.149,28.149,0.1,0.1,11.6,1556.7483,1000,1000
39,20,5,"five_scenarios_txt",1,3,2,0.3,"two_stage",30,30,6,30,"CRM","additive_shared","additive_shared","previous_dose",0.15,0.85,"previous_dose_additive",0.5,0.5,0.15,0.85,0.15,0.85,3,1,"top2_randomized","continuous",0.0179,28,1,"any_admissible_dose",0.6,0.6,0.2,0.75,3,1,0,4,0.41,0.25,0.3302,0.3241,46.2387,0.1374,NA,NA,33.5,11.1,4.123,4.123,0,28.149,28.149,0.1,0.1,11.6,1556.7483,1000,1000
39,20,5,"five_scenarios_txt",1,3,2,0.3,"two_stage",30,30,6,30,"CRM","additive_shared","additive_shared","previous_dose",0.15,0.85,"previous_dose_additive",0.5,0.5,0.15,0.85,0.15,0.85,3,1,"top2_randomized","continuous",0.0179,28,1,"any_admissible_dose",0.6,0.6,0.2,0.75,3,1,0,5,0.52,0.25,0.4251,0.4205,48.2228,0.1374,NA,NA,15.1,2.4,1.42,1.42,0,28.149,28.149,0.1,0.1,11.6,1556.7483,1000,1000
40,24,4,"five_scenarios_txt",1,5,4,0.3,"two_stage",30,30,6,30,"CRM","additive_shared","additive_shared","previous_dose",0.15,0.85,"previous_dose_additive",0.5,0.5,0.15,0.85,0.15,0.85,3,1,"top2_randomized","continuous",0.0179,28,1,"any_admissible_dose",0.6,0.6,0.2,0.75,3,1,0,1,0.01,0.05,0.0296,0.1401,47.2248,0.1385,NA,NA,0,0.3,3.941,3.941,0,30,30,0,0,0,1664.1347,1000,1000
40,24,4,"five_scenarios_txt",1,5,4,0.3,"two_stage",30,30,6,30,"CRM","additive_shared","additive_shared","previous_dose",0.15,0.85,"previous_dose_additive",0.5,0.5,0.15,0.85,0.15,0.85,3,1,"top2_randomized","continuous",0.0179,28,1,"any_admissible_dose",0.6,0.6,0.2,0.75,3,1,0,2,0.02,0.08,0.0469,0.1512,47.2003,0.1385,NA,NA,0,0.7,4.034,4.034,0,30,30,0,0,0,1664.1347,1000,1000
40,24,4,"five_scenarios_txt",1,5,4,0.3,"two_stage",30,30,6,30,"CRM","additive_shared","additive_shared","previous_dose",0.15,0.85,"previous_dose_additive",0.5,0.5,0.15,0.85,0.15,0.85,3,1,"top2_randomized","continuous",0.0179,28,1,"any_admissible_dose",0.6,0.6,0.2,0.75,3,1,0,3,0.05,0.2,0.0927,0.2128,49.0583,0.1385,NA,NA,0,2.8,4.853,4.853,0,30,30,0,0,0,1664.1347,1000,1000
40,24,4,"five_scenarios_txt",1,5,4,0.3,"two_stage",30,30,6,30,"CRM","additive_shared","additive_shared","previous_dose",0.15,0.85,"previous_dose_additive",0.5,0.5,0.15,0.85,0.15,0.85,3,1,"top2_randomized","continuous",0.0179,28,1,"any_admissible_dose",0.6,0.6,0.2,0.75,3,1,0,4,0.1,0.5,0.1215,0.465,63.0426,0.1385,NA,NA,1.5,55.4,9.149,9.149,0,30,30,0,0,0,1664.1347,1000,1000
40,24,4,"five_scenarios_txt",1,5,4,0.3,"two_stage",30,30,6,30,"CRM","additive_shared","additive_shared","previous_dose",0.15,0.85,"previous_dose_additive",0.5,0.5,0.15,0.85,0.15,0.85,3,1,"top2_randomized","continuous",0.0179,28,1,"any_admissible_dose",0.6,0.6,0.2,0.75,3,1,0,5,0.25,0.5,0.192,0.456,59.6776,0.1385,NA,NA,98.5,40.8,8.023,8.023,0,30,30,0,0,0,1664.1347,1000,1000
41,27,2,"higher_gap_above_MTD",1,3,3,0.3,"two_stage",30,30,6,30,"CRM","additive_shared","additive_shared","previous_dose",0.15,0.85,"previous_dose_additive",0.5,0.5,0.15,0.85,0.15,0.85,3,1,"top2_randomized","continuous",0.0179,28,1,"any_admissible_dose",0.6,0.6,0.2,0.75,3,1,0,1,0.11,0.1,0.1763,0.1354,41.0702,0.1391,NA,NA,11.5,9,7.468,7.468,0,27.282,27.282,0.2,0.2,17.2,1512.7232,1000,1000
41,27,2,"higher_gap_above_MTD",1,3,3,0.3,"two_stage",30,30,6,30,"CRM","additive_shared","additive_shared","previous_dose",0.15,0.85,"previous_dose_additive",0.5,0.5,0.15,0.85,0.15,0.85,3,1,"top2_randomized","continuous",0.0179,28,1,"any_admissible_dose",0.6,0.6,0.2,0.75,3,1,0,2,0.17,0.2,0.2245,0.2265,44.6126,0.1391,NA,NA,15.2,20.6,7.598,7.598,0,27.282,27.282,0.2,0.2,17.2,1512.7232,1000,1000
41,27,2,"higher_gap_above_MTD",1,3,3,0.3,"two_stage",30,30,6,30,"CRM","additive_shared","additive_shared","previous_dose",0.15,0.85,"previous_dose_additive",0.5,0.5,0.15,0.85,0.15,0.85,3,1,"top2_randomized","continuous",0.0179,28,1,"any_admissible_dose",0.6,0.6,0.2,0.75,3,1,0,3,0.3,0.4,0.3194,0.3941,50.8716,0.1391,NA,NA,43,41.9,7.743,7.743,0,27.282,27.282,0.2,0.2,17.2,1512.7232,1000,1000
41,27,2,"higher_gap_above_MTD",1,3,3,0.3,"two_stage",30,30,6,30,"CRM","additive_shared","additive_shared","previous_dose",0.15,0.85,"previous_dose_additive",0.5,0.5,0.15,0.85,0.15,0.85,3,1,"top2_randomized","continuous",0.0179,28,1,"any_admissible_dose",0.6,0.6,0.2,0.75,3,1,0,4,0.5,0.42,0.3667,0.4404,51.7575,0.1391,NA,NA,25.8,10.4,3.584,3.584,0,27.282,27.282,0.2,0.2,17.2,1512.7232,1000,1000
41,27,2,"higher_gap_above_MTD",1,3,3,0.3,"two_stage",30,30,6,30,"CRM","additive_shared","additive_shared","previous_dose",0.15,0.85,"previous_dose_additive",0.5,0.5,0.15,0.85,0.15,0.85,3,1,"top2_randomized","continuous",0.0179,28,1,"any_admissible_dose",0.6,0.6,0.2,0.75,3,1,0,5,0.62,0.45,0.4616,0.4822,50.4696,0.1391,NA,NA,4.3,0.9,0.889,0.889,0,27.282,27.282,0.2,0.2,17.2,1512.7232,1000,1000
42,38,38,"user_added",1,5,5,0.3,"two_stage",30,30,6,30,"CRM","additive_shared","additive_shared","previous_dose",0.15,0.85,"previous_dose_additive",0.5,0.5,0.15,0.85,0.15,0.85,3,1,"top2_randomized","continuous",0.0179,28,1,"any_admissible_dose",0.6,0.6,0.2,0.75,3,1,0,1,0.05,0.05,0.0695,0.1127,43.9807,0.1388,NA,NA,2.7,6.3,5.978,5.978,0,29.109,29.109,0,0,6,1613.1407,1000,1000
42,38,38,"user_added",1,5,5,0.3,"two_stage",30,30,6,30,"CRM","additive_shared","additive_shared","previous_dose",0.15,0.85,"previous_dose_additive",0.5,0.5,0.15,0.85,0.15,0.85,3,1,"top2_randomized","continuous",0.0179,28,1,"any_admissible_dose",0.6,0.6,0.2,0.75,3,1,0,2,0.1,0.08,0.0983,0.1369,44.2813,0.1388,NA,NA,1.3,9,5.7,5.7,0,29.109,29.109,0,0,6,1613.1407,1000,1000
42,38,38,"user_added",1,5,5,0.3,"two_stage",30,30,6,30,"CRM","additive_shared","additive_shared","previous_dose",0.15,0.85,"previous_dose_additive",0.5,0.5,0.15,0.85,0.15,0.85,3,1,"top2_randomized","continuous",0.0179,28,1,"any_admissible_dose",0.6,0.6,0.2,0.75,3,1,0,3,0.12,0.12,0.1653,0.1664,43.369,0.1388,NA,NA,2.7,8.3,5.1,5.1,0,29.109,29.109,0,0,6,1613.1407,1000,1000
42,38,38,"user_added",1,5,5,0.3,"two_stage",30,30,6,30,"CRM","additive_shared","additive_shared","previous_dose",0.15,0.85,"previous_dose_additive",0.5,0.5,0.15,0.85,0.15,0.85,3,1,"top2_randomized","continuous",0.0179,28,1,"any_admissible_dose",0.6,0.6,0.2,0.75,3,1,0,4,0.15,0.15,0.2035,0.1979,43.7337,0.1388,NA,NA,14.1,9.4,5.202,5.202,0,29.109,29.109,0,0,6,1613.1407,1000,1000
42,38,38,"user_added",1,5,5,0.3,"two_stage",30,30,6,30,"CRM","additive_shared","additive_shared","previous_dose",0.15,0.85,"previous_dose_additive",0.5,0.5,0.15,0.85,0.15,0.85,3,1,"top2_randomized","continuous",0.0179,28,1,"any_admissible_dose",0.6,0.6,0.2,0.75,3,1,0,5,0.3,0.5,0.289,0.4737,56.8644,0.1388,NA,NA,79.2,61,7.129,7.129,0,29.109,29.109,0,0,6,1613.1407,1000,1000
43,1,1,"base_example",1,1,1,0.3,"two_stage",30,30,6,30,"CRM","additive_shared","additive_shared","previous_dose",0.15,0.85,"previous_dose_additive",0.5,0.5,0.15,0.85,0.15,0.85,3,1,"highest_utility","continuous",0.0179,28,1,"any_admissible_dose",0.6,0.6,0.2,0.75,3,1,0,1,0.3,0.05,0.35,0.0913,31.4827,0.1366,NA,NA,66.3,3.4,8.031,8.031,0,13.734,13.734,8.3,8.5,91,754.509,1000,1000
43,1,1,"base_example",1,1,1,0.3,"two_stage",30,30,6,30,"CRM","additive_shared","additive_shared","previous_dose",0.15,0.85,"previous_dose_additive",0.5,0.5,0.15,0.85,0.15,0.85,3,1,"highest_utility","continuous",0.0179,28,1,"any_admissible_dose",0.6,0.6,0.2,0.75,3,1,0,2,0.35,0.06,0.4027,0.2989,41.8243,0.1366,NA,NA,14.5,3.2,3.219,3.219,0,13.734,13.734,8.3,8.5,91,754.509,1000,1000
43,1,1,"base_example",1,1,1,0.3,"two_stage",30,30,6,30,"CRM","additive_shared","additive_shared","previous_dose",0.15,0.85,"previous_dose_additive",0.5,0.5,0.15,0.85,0.15,0.85,3,1,"highest_utility","continuous",0.0179,28,1,"any_admissible_dose",0.6,0.6,0.2,0.75,3,1,0,3,0.4,0.07,0.496,0.3812,43.0332,0.1366,NA,NA,8.1,2.1,1.629,1.629,0,13.734,13.734,8.3,8.5,91,754.509,1000,1000
43,1,1,"base_example",1,1,1,0.3,"two_stage",30,30,6,30,"CRM","additive_shared","additive_shared","previous_dose",0.15,0.85,"previous_dose_additive",0.5,0.5,0.15,0.85,0.15,0.85,3,1,"highest_utility","continuous",0.0179,28,1,"any_admissible_dose",0.6,0.6,0.2,0.75,3,1,0,4,0.45,0.08,0.5387,0.4452,45.1624,0.1366,NA,NA,2.5,0.3,0.696,0.696,0,13.734,13.734,8.3,8.5,91,754.509,1000,1000
43,1,1,"base_example",1,1,1,0.3,"two_stage",30,30,6,30,"CRM","additive_shared","additive_shared","previous_dose",0.15,0.85,"previous_dose_additive",0.5,0.5,0.15,0.85,0.15,0.85,3,1,"highest_utility","continuous",0.0179,28,1,"any_admissible_dose",0.6,0.6,0.2,0.75,3,1,0,5,0.5,0.09,0.619,0.4844,44.3074,0.1366,NA,NA,0.3,0,0.159,0.159,0,13.734,13.734,8.3,8.5,91,754.509,1000,1000
44,16,1,"five_scenarios_txt",1,5,1,0.3,"two_stage",30,30,6,30,"CRM","additive_shared","additive_shared","previous_dose",0.15,0.85,"previous_dose_additive",0.5,0.5,0.15,0.85,0.15,0.85,3,1,"highest_utility","continuous",0.0179,28,1,"any_admissible_dose",0.6,0.6,0.2,0.75,3,1,0,1,0.02,0.2,0.0426,0.202,50.4132,0.1375,NA,NA,0.2,28.6,7.671,7.671,0,29.946,29.946,0,0.1,0.4,1661.5764,1000,1000
44,16,1,"five_scenarios_txt",1,5,1,0.3,"two_stage",30,30,6,30,"CRM","additive_shared","additive_shared","previous_dose",0.15,0.85,"previous_dose_additive",0.5,0.5,0.15,0.85,0.15,0.85,3,1,"highest_utility","continuous",0.0179,28,1,"any_admissible_dose",0.6,0.6,0.2,0.75,3,1,0,2,0.06,0.2,0.0644,0.1987,49.3418,0.1375,NA,NA,0,23.3,6.747,6.747,0,29.946,29.946,0,0.1,0.4,1661.5764,1000,1000
44,16,1,"five_scenarios_txt",1,5,1,0.3,"two_stage",30,30,6,30,"CRM","additive_shared","additive_shared","previous_dose",0.15,0.85,"previous_dose_additive",0.5,0.5,0.15,0.85,0.15,0.85,3,1,"highest_utility","continuous",0.0179,28,1,"any_admissible_dose",0.6,0.6,0.2,0.75,3,1,0,3,0.09,0.2,0.1188,0.2083,47.7434,0.1375,NA,NA,0.9,18.9,5.79,5.79,0,29.946,29.946,0,0.1,0.4,1661.5764,1000,1000
44,16,1,"five_scenarios_txt",1,5,1,0.3,"two_stage",30,30,6,30,"CRM","additive_shared","additive_shared","previous_dose",0.15,0.85,"previous_dose_additive",0.5,0.5,0.15,0.85,0.15,0.85,3,1,"highest_utility","continuous",0.0179,28,1,"any_admissible_dose",0.6,0.6,0.2,0.75,3,1,0,4,0.14,0.2,0.1515,0.2221,47.2673,0.1375,NA,NA,8,18.3,5.421,5.421,0,29.946,29.946,0,0.1,0.4,1661.5764,1000,1000
44,16,1,"five_scenarios_txt",1,5,1,0.3,"two_stage",30,30,6,30,"CRM","additive_shared","additive_shared","previous_dose",0.15,0.85,"previous_dose_additive",0.5,0.5,0.15,0.85,0.15,0.85,3,1,"highest_utility","continuous",0.0179,28,1,"any_admissible_dose",0.6,0.6,0.2,0.75,3,1,0,5,0.26,0.2,0.2283,0.2485,45.778,0.1375,NA,NA,90.9,10.5,4.317,4.317,0,29.946,29.946,0,0.1,0.4,1661.5764,1000,1000
45,20,5,"five_scenarios_txt",1,3,2,0.3,"two_stage",30,30,6,30,"CRM","additive_shared","additive_shared","previous_dose",0.15,0.85,"previous_dose_additive",0.5,0.5,0.15,0.85,0.15,0.85,3,1,"highest_utility","continuous",0.0179,28,1,"any_admissible_dose",0.6,0.6,0.2,0.75,3,1,0,1,0.07,0.05,0.1499,0.1202,41.2122,0.1394,NA,NA,7.4,5.8,5.472,5.472,0,28.119,28.119,0.1,0.2,12.5,1556.3288,1000,1000
45,20,5,"five_scenarios_txt",1,3,2,0.3,"two_stage",30,30,6,30,"CRM","additive_shared","additive_shared","previous_dose",0.15,0.85,"previous_dose_additive",0.5,0.5,0.15,0.85,0.15,0.85,3,1,"highest_utility","continuous",0.0179,28,1,"any_admissible_dose",0.6,0.6,0.2,0.75,3,1,0,2,0.14,0.25,0.1949,0.2477,47.0661,0.1394,NA,NA,9.1,45.9,10.044,10.044,0,28.119,28.119,0.1,0.2,12.5,1556.3288,1000,1000
45,20,5,"five_scenarios_txt",1,3,2,0.3,"two_stage",30,30,6,30,"CRM","additive_shared","additive_shared","previous_dose",0.15,0.85,"previous_dose_additive",0.5,0.5,0.15,0.85,0.15,0.85,3,1,"highest_utility","continuous",0.0179,28,1,"any_admissible_dose",0.6,0.6,0.2,0.75,3,1,0,3,0.31,0.25,0.286,0.2564,43.9435,0.1394,NA,NA,37.9,23.3,6.975,6.975,0,28.119,28.119,0.1,0.2,12.5,1556.3288,1000,1000
45,20,5,"five_scenarios_txt",1,3,2,0.3,"two_stage",30,30,6,30,"CRM","additive_shared","additive_shared","previous_dose",0.15,0.85,"previous_dose_additive",0.5,0.5,0.15,0.85,0.15,0.85,3,1,"highest_utility","continuous",0.0179,28,1,"any_admissible_dose",0.6,0.6,0.2,0.75,3,1,0,4,0.41,0.25,0.3325,0.3246,46.1779,0.1394,NA,NA,32.3,10.8,4.179,4.179,0,28.119,28.119,0.1,0.2,12.5,1556.3288,1000,1000
45,20,5,"five_scenarios_txt",1,3,2,0.3,"two_stage",30,30,6,30,"CRM","additive_shared","additive_shared","previous_dose",0.15,0.85,"previous_dose_additive",0.5,0.5,0.15,0.85,0.15,0.85,3,1,"highest_utility","continuous",0.0179,28,1,"any_admissible_dose",0.6,0.6,0.2,0.75,3,1,0,5,0.52,0.25,0.4274,0.4242,48.3552,0.1394,NA,NA,13.2,1.7,1.449,1.449,0,28.119,28.119,0.1,0.2,12.5,1556.3288,1000,1000
46,24,4,"five_scenarios_txt",1,5,4,0.3,"two_stage",30,30,6,30,"CRM","additive_shared","additive_shared","previous_dose",0.15,0.85,"previous_dose_additive",0.5,0.5,0.15,0.85,0.15,0.85,3,1,"highest_utility","continuous",0.0179,28,1,"any_admissible_dose",0.6,0.6,0.2,0.75,3,1,0,1,0.01,0.05,0.0306,0.1503,47.7931,0.1362,NA,NA,0,1.6,3.48,3.48,0,29.982,29.982,0,0,0.1,1663.275,1000,1000
46,24,4,"five_scenarios_txt",1,5,4,0.3,"two_stage",30,30,6,30,"CRM","additive_shared","additive_shared","previous_dose",0.15,0.85,"previous_dose_additive",0.5,0.5,0.15,0.85,0.15,0.85,3,1,"highest_utility","continuous",0.0179,28,1,"any_admissible_dose",0.6,0.6,0.2,0.75,3,1,0,2,0.02,0.08,0.0483,0.164,47.9106,0.1362,NA,NA,0.1,1.2,3.486,3.486,0,29.982,29.982,0,0,0.1,1663.275,1000,1000
46,24,4,"five_scenarios_txt",1,5,4,0.3,"two_stage",30,30,6,30,"CRM","additive_shared","additive_shared","previous_dose",0.15,0.85,"previous_dose_additive",0.5,0.5,0.15,0.85,0.15,0.85,3,1,"highest_utility","continuous",0.0179,28,1,"any_admissible_dose",0.6,0.6,0.2,0.75,3,1,0,3,0.05,0.2,0.095,0.2319,50.1139,0.1362,NA,NA,0,6.1,4.254,4.254,0,29.982,29.982,0,0,0.1,1663.275,1000,1000
46,24,4,"five_scenarios_txt",1,5,4,0.3,"two_stage",30,30,6,30,"CRM","additive_shared","additive_shared","previous_dose",0.15,0.85,"previous_dose_additive",0.5,0.5,0.15,0.85,0.15,0.85,3,1,"highest_utility","continuous",0.0179,28,1,"any_admissible_dose",0.6,0.6,0.2,0.75,3,1,0,4,0.1,0.5,0.1243,0.4409,61.4822,0.1362,NA,NA,4.8,55.7,10.836,10.836,0,29.982,29.982,0,0,0.1,1663.275,1000,1000
46,24,4,"five_scenarios_txt",1,5,4,0.3,"two_stage",30,30,6,30,"CRM","additive_shared","additive_shared","previous_dose",0.15,0.85,"previous_dose_additive",0.5,0.5,0.15,0.85,0.15,0.85,3,1,"highest_utility","continuous",0.0179,28,1,"any_admissible_dose",0.6,0.6,0.2,0.75,3,1,0,5,0.25,0.5,0.1957,0.4414,58.6557,0.1362,NA,NA,95.1,35.3,7.926,7.926,0,29.982,29.982,0,0,0.1,1663.275,1000,1000
47,27,2,"higher_gap_above_MTD",1,3,3,0.3,"two_stage",30,30,6,30,"CRM","additive_shared","additive_shared","previous_dose",0.15,0.85,"previous_dose_additive",0.5,0.5,0.15,0.85,0.15,0.85,3,1,"highest_utility","continuous",0.0179,28,1,"any_admissible_dose",0.6,0.6,0.2,0.75,3,1,0,1,0.11,0.1,0.1808,0.1415,41.2591,0.1366,NA,NA,13,9.6,6.699,6.699,0,27.165,27.165,0.2,0.2,18.5,1506.0142,1000,1000
47,27,2,"higher_gap_above_MTD",1,3,3,0.3,"two_stage",30,30,6,30,"CRM","additive_shared","additive_shared","previous_dose",0.15,0.85,"previous_dose_additive",0.5,0.5,0.15,0.85,0.15,0.85,3,1,"highest_utility","continuous",0.0179,28,1,"any_admissible_dose",0.6,0.6,0.2,0.75,3,1,0,2,0.17,0.2,0.2292,0.2254,44.3543,0.1366,NA,NA,16.4,20.5,7.011,7.011,0,27.165,27.165,0.2,0.2,18.5,1506.0142,1000,1000
47,27,2,"higher_gap_above_MTD",1,3,3,0.3,"two_stage",30,30,6,30,"CRM","additive_shared","additive_shared","previous_dose",0.15,0.85,"previous_dose_additive",0.5,0.5,0.15,0.85,0.15,0.85,3,1,"highest_utility","continuous",0.0179,28,1,"any_admissible_dose",0.6,0.6,0.2,0.75,3,1,0,3,0.3,0.4,0.3244,0.3852,50.1372,0.1366,NA,NA,45.1,41.3,8.832,8.832,0,27.165,27.165,0.2,0.2,18.5,1506.0142,1000,1000
47,27,2,"higher_gap_above_MTD",1,3,3,0.3,"two_stage",30,30,6,30,"CRM","additive_shared","additive_shared","previous_dose",0.15,0.85,"previous_dose_additive",0.5,0.5,0.15,0.85,0.15,0.85,3,1,"highest_utility","continuous",0.0179,28,1,"any_admissible_dose",0.6,0.6,0.2,0.75,3,1,0,4,0.5,0.42,0.3717,0.4457,51.8749,0.1366,NA,NA,20.6,9.1,3.672,3.672,0,27.165,27.165,0.2,0.2,18.5,1506.0142,1000,1000
47,27,2,"higher_gap_above_MTD",1,3,3,0.3,"two_stage",30,30,6,30,"CRM","additive_shared","additive_shared","previous_dose",0.15,0.85,"previous_dose_additive",0.5,0.5,0.15,0.85,0.15,0.85,3,1,"highest_utility","continuous",0.0179,28,1,"any_admissible_dose",0.6,0.6,0.2,0.75,3,1,0,5,0.62,0.45,0.4662,0.4858,50.4955,0.1366,NA,NA,4.7,1,0.951,0.951,0,27.165,27.165,0.2,0.2,18.5,1506.0142,1000,1000
48,38,38,"user_added",1,5,5,0.3,"two_stage",30,30,6,30,"CRM","additive_shared","additive_shared","previous_dose",0.15,0.85,"previous_dose_additive",0.5,0.5,0.15,0.85,0.15,0.85,3,1,"highest_utility","continuous",0.0179,28,1,"any_admissible_dose",0.6,0.6,0.2,0.75,3,1,0,1,0.05,0.05,0.0705,0.1256,44.7128,0.1374,NA,NA,2.6,7.2,5.067,5.067,0,29.118,29.118,0,0.1,6.4,1613.3125,1000,1000
48,38,38,"user_added",1,5,5,0.3,"two_stage",30,30,6,30,"CRM","additive_shared","additive_shared","previous_dose",0.15,0.85,"previous_dose_additive",0.5,0.5,0.15,0.85,0.15,0.85,3,1,"highest_utility","continuous",0.0179,28,1,"any_admissible_dose",0.6,0.6,0.2,0.75,3,1,0,2,0.1,0.08,0.0998,0.1483,44.9035,0.1374,NA,NA,1.2,8.6,4.821,4.821,0,29.118,29.118,0,0.1,6.4,1613.3125,1000,1000
48,38,38,"user_added",1,5,5,0.3,"two_stage",30,30,6,30,"CRM","additive_shared","additive_shared","previous_dose",0.15,0.85,"previous_dose_additive",0.5,0.5,0.15,0.85,0.15,0.85,3,1,"highest_utility","continuous",0.0179,28,1,"any_admissible_dose",0.6,0.6,0.2,0.75,3,1,0,3,0.12,0.12,0.1677,0.1741,43.737,0.1374,NA,NA,3,10.4,4.572,4.572,0,29.118,29.118,0,0.1,6.4,1613.3125,1000,1000
48,38,38,"user_added",1,5,5,0.3,"two_stage",30,30,6,30,"CRM","additive_shared","additive_shared","previous_dose",0.15,0.85,"previous_dose_additive",0.5,0.5,0.15,0.85,0.15,0.85,3,1,"highest_utility","continuous",0.0179,28,1,"any_admissible_dose",0.6,0.6,0.2,0.75,3,1,0,4,0.15,0.15,0.2063,0.2064,44.1321,0.1374,NA,NA,16.6,10.2,4.938,4.938,0,29.118,29.118,0,0.1,6.4,1613.3125,1000,1000
48,38,38,"user_added",1,5,5,0.3,"two_stage",30,30,6,30,"CRM","additive_shared","additive_shared","previous_dose",0.15,0.85,"previous_dose_additive",0.5,0.5,0.15,0.85,0.15,0.85,3,1,"highest_utility","continuous",0.0179,28,1,"any_admissible_dose",0.6,0.6,0.2,0.75,3,1,0,5,0.3,0.5,0.2926,0.4582,55.7873,0.1374,NA,NA,76.6,57.2,9.72,9.72,0,29.118,29.118,0,0.1,6.4,1613.3125,1000,1000
49,1,1,"base_example",1,1,1,0.3,"one_stage",30,30,30,30,"CRM","additive_shared","additive_shared","previous_dose",0.15,0.85,"previous_dose_additive",0.5,0.5,0.15,0.85,0.15,0.85,3,1,"highest_utility","continuous",0.0179,28,1,"any_admissible_dose",0.6,0.6,0.2,0.75,3,1,0,1,0.3,0.05,0.3505,0.0908,31.4267,0.1349,NA,NA,66.4,2.4,8.088,8.088,0,13.458,13.458,8.2,8.4,92,740.459,1000,1000
49,1,1,"base_example",1,1,1,0.3,"one_stage",30,30,30,30,"CRM","additive_shared","additive_shared","previous_dose",0.15,0.85,"previous_dose_additive",0.5,0.5,0.15,0.85,0.15,0.85,3,1,"highest_utility","continuous",0.0179,28,1,"any_admissible_dose",0.6,0.6,0.2,0.75,3,1,0,2,0.35,0.06,0.4032,0.301,41.9319,0.1349,NA,NA,14.7,3.1,3.072,3.072,0,13.458,13.458,8.2,8.4,92,740.459,1000,1000
49,1,1,"base_example",1,1,1,0.3,"one_stage",30,30,30,30,"CRM","additive_shared","additive_shared","previous_dose",0.15,0.85,"previous_dose_additive",0.5,0.5,0.15,0.85,0.15,0.85,3,1,"highest_utility","continuous",0.0179,28,1,"any_admissible_dose",0.6,0.6,0.2,0.75,3,1,0,3,0.4,0.07,0.4965,0.3828,43.1081,0.1349,NA,NA,8.2,2,1.527,1.527,0,13.458,13.458,8.2,8.4,92,740.459,1000,1000
49,1,1,"base_example",1,1,1,0.3,"one_stage",30,30,30,30,"CRM","additive_shared","additive_shared","previous_dose",0.15,0.85,"previous_dose_additive",0.5,0.5,0.15,0.85,0.15,0.85,3,1,"highest_utility","continuous",0.0179,28,1,"any_admissible_dose",0.6,0.6,0.2,0.75,3,1,0,4,0.45,0.08,0.5392,0.4478,45.2991,0.1349,NA,NA,2.3,0.4,0.627,0.627,0,13.458,13.458,8.2,8.4,92,740.459,1000,1000
49,1,1,"base_example",1,1,1,0.3,"one_stage",30,30,30,30,"CRM","additive_shared","additive_shared","previous_dose",0.15,0.85,"previous_dose_additive",0.5,0.5,0.15,0.85,0.15,0.85,3,1,"highest_utility","continuous",0.0179,28,1,"any_admissible_dose",0.6,0.6,0.2,0.75,3,1,0,5,0.5,0.09,0.6195,0.4866,44.4164,0.1349,NA,NA,0.2,0.1,0.144,0.144,0,13.458,13.458,8.2,8.4,92,740.459,1000,1000
50,16,1,"five_scenarios_txt",1,5,1,0.3,"one_stage",30,30,30,30,"CRM","additive_shared","additive_shared","previous_dose",0.15,0.85,"previous_dose_additive",0.5,0.5,0.15,0.85,0.15,0.85,3,1,"highest_utility","continuous",0.0179,28,1,"any_admissible_dose",0.6,0.6,0.2,0.75,3,1,0,1,0.02,0.2,0.0418,0.2002,50.3423,0.137,NA,NA,0.2,28,7.842,7.842,0,29.952,29.952,0,0.1,0.3,1661.9487,1000,1000
50,16,1,"five_scenarios_txt",1,5,1,0.3,"one_stage",30,30,30,30,"CRM","additive_shared","additive_shared","previous_dose",0.15,0.85,"previous_dose_additive",0.5,0.5,0.15,0.85,0.15,0.85,3,1,"highest_utility","continuous",0.0179,28,1,"any_admissible_dose",0.6,0.6,0.2,0.75,3,1,0,2,0.06,0.2,0.0633,0.1972,49.299,0.137,NA,NA,0,24,6.903,6.903,0,29.952,29.952,0,0.1,0.3,1661.9487,1000,1000
50,16,1,"five_scenarios_txt",1,5,1,0.3,"one_stage",30,30,30,30,"CRM","additive_shared","additive_shared","previous_dose",0.15,0.85,"previous_dose_additive",0.5,0.5,0.15,0.85,0.15,0.85,3,1,"highest_utility","continuous",0.0179,28,1,"any_admissible_dose",0.6,0.6,0.2,0.75,3,1,0,3,0.09,0.2,0.117,0.211,47.9818,0.137,NA,NA,1.1,19.4,5.784,5.784,0,29.952,29.952,0,0.1,0.3,1661.9487,1000,1000
50,16,1,"five_scenarios_txt",1,5,1,0.3,"one_stage",30,30,30,30,"CRM","additive_shared","additive_shared","previous_dose",0.15,0.85,"previous_dose_additive",0.5,0.5,0.15,0.85,0.15,0.85,3,1,"highest_utility","continuous",0.0179,28,1,"any_admissible_dose",0.6,0.6,0.2,0.75,3,1,0,4,0.14,0.2,0.1494,0.2213,47.3003,0.137,NA,NA,11,18.4,5.367,5.367,0,29.952,29.952,0,0.1,0.3,1661.9487,1000,1000
50,16,1,"five_scenarios_txt",1,5,1,0.3,"one_stage",30,30,30,30,"CRM","additive_shared","additive_shared","previous_dose",0.15,0.85,"previous_dose_additive",0.5,0.5,0.15,0.85,0.15,0.85,3,1,"highest_utility","continuous",0.0179,28,1,"any_admissible_dose",0.6,0.6,0.2,0.75,3,1,0,5,0.26,0.2,0.2256,0.2547,46.2597,0.137,NA,NA,87.7,9.9,4.056,4.056,0,29.952,29.952,0,0.1,0.3,1661.9487,1000,1000
51,20,5,"five_scenarios_txt",1,3,2,0.3,"one_stage",30,30,30,30,"CRM","additive_shared","additive_shared","previous_dose",0.15,0.85,"previous_dose_additive",0.5,0.5,0.15,0.85,0.15,0.85,3,1,"highest_utility","continuous",0.0179,28,1,"any_admissible_dose",0.6,0.6,0.2,0.75,3,1,0,1,0.07,0.05,0.149,0.1177,41.1032,0.1351,NA,NA,7.8,6.4,5.715,5.715,0,28.053,28.053,0.1,0.1,12.4,1551.4536,1000,1000
51,20,5,"five_scenarios_txt",1,3,2,0.3,"one_stage",30,30,30,30,"CRM","additive_shared","additive_shared","previous_dose",0.15,0.85,"previous_dose_additive",0.5,0.5,0.15,0.85,0.15,0.85,3,1,"highest_utility","continuous",0.0179,28,1,"any_admissible_dose",0.6,0.6,0.2,0.75,3,1,0,2,0.14,0.25,0.1937,0.2404,46.6753,0.1351,NA,NA,9.3,44.2,10.479,10.479,0,28.053,28.053,0.1,0.1,12.4,1551.4536,1000,1000
51,20,5,"five_scenarios_txt",1,3,2,0.3,"one_stage",30,30,30,30,"CRM","additive_shared","additive_shared","previous_dose",0.15,0.85,"previous_dose_additive",0.5,0.5,0.15,0.85,0.15,0.85,3,1,"highest_utility","continuous",0.0179,28,1,"any_admissible_dose",0.6,0.6,0.2,0.75,3,1,0,3,0.31,0.25,0.2846,0.2605,44.2442,0.1351,NA,NA,36.3,24.8,6.651,6.651,0,28.053,28.053,0.1,0.1,12.4,1551.4536,1000,1000
51,20,5,"five_scenarios_txt",1,3,2,0.3,"one_stage",30,30,30,30,"CRM","additive_shared","additive_shared","previous_dose",0.15,0.85,"previous_dose_additive",0.5,0.5,0.15,0.85,0.15,0.85,3,1,"highest_utility","continuous",0.0179,28,1,"any_admissible_dose",0.6,0.6,0.2,0.75,3,1,0,4,0.41,0.25,0.331,0.3255,46.2904,0.1351,NA,NA,34.6,9.9,3.897,3.897,0,28.053,28.053,0.1,0.1,12.4,1551.4536,1000,1000
51,20,5,"five_scenarios_txt",1,3,2,0.3,"one_stage",30,30,30,30,"CRM","additive_shared","additive_shared","previous_dose",0.15,0.85,"previous_dose_additive",0.5,0.5,0.15,0.85,0.15,0.85,3,1,"highest_utility","continuous",0.0179,28,1,"any_admissible_dose",0.6,0.6,0.2,0.75,3,1,0,5,0.52,0.25,0.4258,0.4315,48.8596,0.1351,NA,NA,11.9,2.3,1.311,1.311,0,28.053,28.053,0.1,0.1,12.4,1551.4536,1000,1000
52,24,4,"five_scenarios_txt",1,5,4,0.3,"one_stage",30,30,30,30,"CRM","additive_shared","additive_shared","previous_dose",0.15,0.85,"previous_dose_additive",0.5,0.5,0.15,0.85,0.15,0.85,3,1,"highest_utility","continuous",0.0179,28,1,"any_admissible_dose",0.6,0.6,0.2,0.75,3,1,0,1,0.01,0.05,0.0291,0.1489,47.7667,0.1356,NA,NA,0,1.4,3.519,3.519,0,29.982,29.982,0,0,0.1,1663.275,1000,1000
52,24,4,"five_scenarios_txt",1,5,4,0.3,"one_stage",30,30,30,30,"CRM","additive_shared","additive_shared","previous_dose",0.15,0.85,"previous_dose_additive",0.5,0.5,0.15,0.85,0.15,0.85,3,1,"highest_utility","continuous",0.0179,28,1,"any_admissible_dose",0.6,0.6,0.2,0.75,3,1,0,2,0.02,0.08,0.0462,0.1622,47.8853,0.1356,NA,NA,0.1,1.5,3.525,3.525,0,29.982,29.982,0,0,0.1,1663.275,1000,1000
52,24,4,"five_scenarios_txt",1,5,4,0.3,"one_stage",30,30,30,30,"CRM","additive_shared","additive_shared","previous_dose",0.15,0.85,"previous_dose_additive",0.5,0.5,0.15,0.85,0.15,0.85,3,1,"highest_utility","continuous",0.0179,28,1,"any_admissible_dose",0.6,0.6,0.2,0.75,3,1,0,3,0.05,0.2,0.0915,0.2308,50.185,0.1356,NA,NA,0,5.8,4.407,4.407,0,29.982,29.982,0,0,0.1,1663.275,1000,1000
52,24,4,"five_scenarios_txt",1,5,4,0.3,"one_stage",30,30,30,30,"CRM","additive_shared","additive_shared","previous_dose",0.15,0.85,"previous_dose_additive",0.5,0.5,0.15,0.85,0.15,0.85,3,1,"highest_utility","continuous",0.0179,28,1,"any_admissible_dose",0.6,0.6,0.2,0.75,3,1,0,4,0.1,0.5,0.1201,0.431,61.0573,0.1356,NA,NA,33.2,58.1,12.378,12.378,0,29.982,29.982,0,0,0.1,1663.275,1000,1000
52,24,4,"five_scenarios_txt",1,5,4,0.3,"one_stage",30,30,30,30,"CRM","additive_shared","additive_shared","previous_dose",0.15,0.85,"previous_dose_additive",0.5,0.5,0.15,0.85,0.15,0.85,3,1,"highest_utility","continuous",0.0179,28,1,"any_admissible_dose",0.6,0.6,0.2,0.75,3,1,0,5,0.25,0.5,0.1901,0.4628,60.1612,0.1356,NA,NA,66.7,33.1,6.153,6.153,0,29.982,29.982,0,0,0.1,1663.275,1000,1000
53,27,2,"higher_gap_above_MTD",1,3,3,0.3,"one_stage",30,30,30,30,"CRM","additive_shared","additive_shared","previous_dose",0.15,0.85,"previous_dose_additive",0.5,0.5,0.15,0.85,0.15,0.85,3,1,"highest_utility","continuous",0.0179,28,1,"any_admissible_dose",0.6,0.6,0.2,0.75,3,1,0,1,0.11,0.1,0.1778,0.1384,41.1915,0.1375,NA,NA,13.3,10.4,7.17,7.17,0,27.072,27.072,0.2,0.2,18.1,1500.6518,1000,1000
53,27,2,"higher_gap_above_MTD",1,3,3,0.3,"one_stage",30,30,30,30,"CRM","additive_shared","additive_shared","previous_dose",0.15,0.85,"previous_dose_additive",0.5,0.5,0.15,0.85,0.15,0.85,3,1,"highest_utility","continuous",0.0179,28,1,"any_admissible_dose",0.6,0.6,0.2,0.75,3,1,0,2,0.17,0.2,0.2258,0.2207,44.21,0.1375,NA,NA,14.3,20.3,7.122,7.122,0,27.072,27.072,0.2,0.2,18.1,1500.6518,1000,1000
53,27,2,"higher_gap_above_MTD",1,3,3,0.3,"one_stage",30,30,30,30,"CRM","additive_shared","additive_shared","previous_dose",0.15,0.85,"previous_dose_additive",0.5,0.5,0.15,0.85,0.15,0.85,3,1,"highest_utility","continuous",0.0179,28,1,"any_admissible_dose",0.6,0.6,0.2,0.75,3,1,0,3,0.3,0.4,0.3205,0.3757,49.7237,0.1375,NA,NA,47.8,40.3,8.937,8.937,0,27.072,27.072,0.2,0.2,18.1,1500.6518,1000,1000
53,27,2,"higher_gap_above_MTD",1,3,3,0.3,"one_stage",30,30,30,30,"CRM","additive_shared","additive_shared","previous_dose",0.15,0.85,"previous_dose_additive",0.5,0.5,0.15,0.85,0.15,0.85,3,1,"highest_utility","continuous",0.0179,28,1,"any_admissible_dose",0.6,0.6,0.2,0.75,3,1,0,4,0.5,0.42,0.3676,0.4459,52.0499,0.1375,NA,NA,21.2,10.2,3.261,3.261,0,27.072,27.072,0.2,0.2,18.1,1500.6518,1000,1000
53,27,2,"higher_gap_above_MTD",1,3,3,0.3,"one_stage",30,30,30,30,"CRM","additive_shared","additive_shared","previous_dose",0.15,0.85,"previous_dose_additive",0.5,0.5,0.15,0.85,0.15,0.85,3,1,"highest_utility","continuous",0.0179,28,1,"any_admissible_dose",0.6,0.6,0.2,0.75,3,1,0,5,0.62,0.45,0.4622,0.4896,50.8906,0.1375,NA,NA,3.2,0.7,0.582,0.582,0,27.072,27.072,0.2,0.2,18.1,1500.6518,1000,1000
54,38,38,"user_added",1,5,5,0.3,"one_stage",30,30,30,30,"CRM","additive_shared","additive_shared","previous_dose",0.15,0.85,"previous_dose_additive",0.5,0.5,0.15,0.85,0.15,0.85,3,1,"highest_utility","continuous",0.0179,28,1,"any_admissible_dose",0.6,0.6,0.2,0.75,3,1,0,1,0.05,0.05,0.0708,0.123,44.5457,0.1375,NA,NA,2.6,6,5.205,5.205,0,29.106,29.106,0,0.1,6.6,1613.4314,1000,1000
54,38,38,"user_added",1,5,5,0.3,"one_stage",30,30,30,30,"CRM","additive_shared","additive_shared","previous_dose",0.15,0.85,"previous_dose_additive",0.5,0.5,0.15,0.85,0.15,0.85,3,1,"highest_utility","continuous",0.0179,28,1,"any_admissible_dose",0.6,0.6,0.2,0.75,3,1,0,2,0.1,0.08,0.1002,0.146,44.7511,0.1375,NA,NA,1.4,7.5,4.818,4.818,0,29.106,29.106,0,0.1,6.6,1613.4314,1000,1000
54,38,38,"user_added",1,5,5,0.3,"one_stage",30,30,30,30,"CRM","additive_shared","additive_shared","previous_dose",0.15,0.85,"previous_dose_additive",0.5,0.5,0.15,0.85,0.15,0.85,3,1,"highest_utility","continuous",0.0179,28,1,"any_admissible_dose",0.6,0.6,0.2,0.75,3,1,0,3,0.12,0.12,0.1682,0.1737,43.6967,0.1375,NA,NA,3.1,10.1,4.647,4.647,0,29.106,29.106,0,0.1,6.6,1613.4314,1000,1000
54,38,38,"user_added",1,5,5,0.3,"one_stage",30,30,30,30,"CRM","additive_shared","additive_shared","previous_dose",0.15,0.85,"previous_dose_additive",0.5,0.5,0.15,0.85,0.15,0.85,3,1,"highest_utility","continuous",0.0179,28,1,"any_admissible_dose",0.6,0.6,0.2,0.75,3,1,0,4,0.15,0.15,0.2068,0.2038,43.9566,0.1375,NA,NA,16.6,10.5,4.875,4.875,0,29.106,29.106,0,0.1,6.6,1613.4314,1000,1000
54,38,38,"user_added",1,5,5,0.3,"one_stage",30,30,30,30,"CRM","additive_shared","additive_shared","previous_dose",0.15,0.85,"previous_dose_additive",0.5,0.5,0.15,0.85,0.15,0.85,3,1,"highest_utility","continuous",0.0179,28,1,"any_admissible_dose",0.6,0.6,0.2,0.75,3,1,0,5,0.3,0.5,0.2932,0.4634,56.079,0.1375,NA,NA,76.3,59.3,9.561,9.561,0,29.106,29.106,0,0.1,6.6,1613.4314,1000,1000
55,1,1,"base_example",1,1,1,0.3,"two_stage",30,30,6,30,"CRM","additive_shared","additive_shared","previous_dose",0.15,0.85,"previous_dose_additive",0.5,0.5,0.15,0.85,0.15,0.85,3,1,"top2_randomized","continuous",0.0179,28,1,"any_admissible_dose",0.9,0.9,0.2,0.75,3,1,0,1,0.3,0.05,0.3515,0.0915,31.4322,0.1377,NA,NA,65.5,5.6,8.139,8.139,0,13.959,13.959,8.7,8.7,89.7,765.3729,1000,1000
55,1,1,"base_example",1,1,1,0.3,"two_stage",30,30,6,30,"CRM","additive_shared","additive_shared","previous_dose",0.15,0.85,"previous_dose_additive",0.5,0.5,0.15,0.85,0.15,0.85,3,1,"top2_randomized","continuous",0.0179,28,1,"any_admissible_dose",0.9,0.9,0.2,0.75,3,1,0,2,0.35,0.06,0.4043,0.2984,41.7339,0.1377,NA,NA,14.4,2.3,3.308,3.308,0,13.959,13.959,8.7,8.7,89.7,765.3729,1000,1000
55,1,1,"base_example",1,1,1,0.3,"two_stage",30,30,6,30,"CRM","additive_shared","additive_shared","previous_dose",0.15,0.85,"previous_dose_additive",0.5,0.5,0.15,0.85,0.15,0.85,3,1,"top2_randomized","continuous",0.0179,28,1,"any_admissible_dose",0.9,0.9,0.2,0.75,3,1,0,3,0.4,0.07,0.4977,0.3817,42.9959,0.1377,NA,NA,9.2,1.3,1.675,1.675,0,13.959,13.959,8.7,8.7,89.7,765.3729,1000,1000
55,1,1,"base_example",1,1,1,0.3,"two_stage",30,30,6,30,"CRM","additive_shared","additive_shared","previous_dose",0.15,0.85,"previous_dose_additive",0.5,0.5,0.15,0.85,0.15,0.85,3,1,"top2_randomized","continuous",0.0179,28,1,"any_admissible_dose",0.9,0.9,0.2,0.75,3,1,0,4,0.45,0.08,0.5403,0.4427,44.9459,0.1377,NA,NA,1.6,1,0.699,0.699,0,13.959,13.959,8.7,8.7,89.7,765.3729,1000,1000
55,1,1,"base_example",1,1,1,0.3,"two_stage",30,30,6,30,"CRM","additive_shared","additive_shared","previous_dose",0.15,0.85,"previous_dose_additive",0.5,0.5,0.15,0.85,0.15,0.85,3,1,"top2_randomized","continuous",0.0179,28,1,"any_admissible_dose",0.9,0.9,0.2,0.75,3,1,0,5,0.5,0.09,0.6205,0.485,44.2788,0.1377,NA,NA,0.6,0.1,0.138,0.138,0,13.959,13.959,8.7,8.7,89.7,765.3729,1000,1000
56,16,1,"five_scenarios_txt",1,5,1,0.3,"two_stage",30,30,6,30,"CRM","additive_shared","additive_shared","previous_dose",0.15,0.85,"previous_dose_additive",0.5,0.5,0.15,0.85,0.15,0.85,3,1,"top2_randomized","continuous",0.0179,28,1,"any_admissible_dose",0.9,0.9,0.2,0.75,3,1,0,1,0.02,0.2,0.0428,0.2104,50.9114,0.1384,NA,NA,0.2,32.1,7.547,7.547,0,29.934,29.934,0,0,0.5,1660.192,1000,1000
56,16,1,"five_scenarios_txt",1,5,1,0.3,"two_stage",30,30,6,30,"CRM","additive_shared","additive_shared","previous_dose",0.15,0.85,"previous_dose_additive",0.5,0.5,0.15,0.85,0.15,0.85,3,1,"top2_randomized","continuous",0.0179,28,1,"any_admissible_dose",0.9,0.9,0.2,0.75,3,1,0,2,0.06,0.2,0.0647,0.2082,49.9027,0.1384,NA,NA,0.1,24.8,6.902,6.902,0,29.934,29.934,0,0,0.5,1660.192,1000,1000
56,16,1,"five_scenarios_txt",1,5,1,0.3,"two_stage",30,30,6,30,"CRM","additive_shared","additive_shared","previous_dose",0.15,0.85,"previous_dose_additive",0.5,0.5,0.15,0.85,0.15,0.85,3,1,"top2_randomized","continuous",0.0179,28,1,"any_admissible_dose",0.9,0.9,0.2,0.75,3,1,0,3,0.09,0.2,0.1191,0.2064,47.617,0.1384,NA,NA,0.8,16,5.616,5.616,0,29.934,29.934,0,0,0.5,1660.192,1000,1000
56,16,1,"five_scenarios_txt",1,5,1,0.3,"two_stage",30,30,6,30,"CRM","additive_shared","additive_shared","previous_dose",0.15,0.85,"previous_dose_additive",0.5,0.5,0.15,0.85,0.15,0.85,3,1,"top2_randomized","continuous",0.0179,28,1,"any_admissible_dose",0.9,0.9,0.2,0.75,3,1,0,4,0.14,0.2,0.1518,0.221,47.1896,0.1384,NA,NA,6.7,17,5.596,5.596,0,29.934,29.934,0,0,0.5,1660.192,1000,1000
56,16,1,"five_scenarios_txt",1,5,1,0.3,"two_stage",30,30,6,30,"CRM","additive_shared","additive_shared","previous_dose",0.15,0.85,"previous_dose_additive",0.5,0.5,0.15,0.85,0.15,0.85,3,1,"top2_randomized","continuous",0.0179,28,1,"any_admissible_dose",0.9,0.9,0.2,0.75,3,1,0,5,0.26,0.2,0.2285,0.2392,45.2103,0.1384,NA,NA,92.2,9.6,4.273,4.273,0,29.934,29.934,0,0,0.5,1660.192,1000,1000
57,20,5,"five_scenarios_txt",1,3,2,0.3,"two_stage",30,30,6,30,"CRM","additive_shared","additive_shared","previous_dose",0.15,0.85,"previous_dose_additive",0.5,0.5,0.15,0.85,0.15,0.85,3,1,"top2_randomized","continuous",0.0179,28,1,"any_admissible_dose",0.9,0.9,0.2,0.75,3,1,0,1,0.07,0.05,0.1479,0.1119,40.7936,0.1367,NA,NA,6.9,5.6,6.253,6.253,0,28.17,28.17,0.1,0.1,11.4,1557.5719,1000,1000
57,20,5,"five_scenarios_txt",1,3,2,0.3,"two_stage",30,30,6,30,"CRM","additive_shared","additive_shared","previous_dose",0.15,0.85,"previous_dose_additive",0.5,0.5,0.15,0.85,0.15,0.85,3,1,"top2_randomized","continuous",0.0179,28,1,"any_admissible_dose",0.9,0.9,0.2,0.75,3,1,0,2,0.14,0.25,0.1926,0.2627,48.055,0.1367,NA,NA,9,48.8,9.328,9.328,0,28.17,28.17,0.1,0.1,11.4,1557.5719,1000,1000
57,20,5,"five_scenarios_txt",1,3,2,0.3,"two_stage",30,30,6,30,"CRM","additive_shared","additive_shared","previous_dose",0.15,0.85,"previous_dose_additive",0.5,0.5,0.15,0.85,0.15,0.85,3,1,"top2_randomized","continuous",0.0179,28,1,"any_admissible_dose",0.9,0.9,0.2,0.75,3,1,0,3,0.31,0.25,0.2835,0.26,44.2608,0.1367,NA,NA,35.3,22,7.031,7.031,0,28.17,28.17,0.1,0.1,11.4,1557.5719,1000,1000
57,20,5,"five_scenarios_txt",1,3,2,0.3,"two_stage",30,30,6,30,"CRM","additive_shared","additive_shared","previous_dose",0.15,0.85,"previous_dose_additive",0.5,0.5,0.15,0.85,0.15,0.85,3,1,"top2_randomized","continuous",0.0179,28,1,"any_admissible_dose",0.9,0.9,0.2,0.75,3,1,0,4,0.41,0.25,0.3299,0.3181,45.8873,0.1367,NA,NA,34.9,10.2,4.141,4.141,0,28.17,28.17,0.1,0.1,11.4,1557.5719,1000,1000
57,20,5,"five_scenarios_txt",1,3,2,0.3,"two_stage",30,30,6,30,"CRM","additive_shared","additive_shared","previous_dose",0.15,0.85,"previous_dose_additive",0.5,0.5,0.15,0.85,0.15,0.85,3,1,"top2_randomized","continuous",0.0179,28,1,"any_admissible_dose",0.9,0.9,0.2,0.75,3,1,0,5,0.52,0.25,0.4249,0.4211,48.2709,0.1367,NA,NA,13.8,2,1.417,1.417,0,28.17,28.17,0.1,0.1,11.4,1557.5719,1000,1000
58,24,4,"five_scenarios_txt",1,5,4,0.3,"two_stage",30,30,6,30,"CRM","additive_shared","additive_shared","previous_dose",0.15,0.85,"previous_dose_additive",0.5,0.5,0.15,0.85,0.15,0.85,3,1,"top2_randomized","continuous",0.0179,28,1,"any_admissible_dose",0.9,0.9,0.2,0.75,3,1,0,1,0.01,0.05,0.0294,0.1399,47.2179,0.1368,NA,NA,0,0.4,3.935,3.935,0,30,30,0,0,0,1664.1347,1000,1000
58,24,4,"five_scenarios_txt",1,5,4,0.3,"two_stage",30,30,6,30,"CRM","additive_shared","additive_shared","previous_dose",0.15,0.85,"previous_dose_additive",0.5,0.5,0.15,0.85,0.15,0.85,3,1,"top2_randomized","continuous",0.0179,28,1,"any_admissible_dose",0.9,0.9,0.2,0.75,3,1,0,2,0.02,0.08,0.0467,0.1515,47.2205,0.1368,NA,NA,0,0.9,4.039,4.039,0,30,30,0,0,0,1664.1347,1000,1000
58,24,4,"five_scenarios_txt",1,5,4,0.3,"two_stage",30,30,6,30,"CRM","additive_shared","additive_shared","previous_dose",0.15,0.85,"previous_dose_additive",0.5,0.5,0.15,0.85,0.15,0.85,3,1,"top2_randomized","continuous",0.0179,28,1,"any_admissible_dose",0.9,0.9,0.2,0.75,3,1,0,3,0.05,0.2,0.0924,0.2137,49.1222,0.1368,NA,NA,0,3.3,4.835,4.835,0,30,30,0,0,0,1664.1347,1000,1000
58,24,4,"five_scenarios_txt",1,5,4,0.3,"two_stage",30,30,6,30,"CRM","additive_shared","additive_shared","previous_dose",0.15,0.85,"previous_dose_additive",0.5,0.5,0.15,0.85,0.15,0.85,3,1,"top2_randomized","continuous",0.0179,28,1,"any_admissible_dose",0.9,0.9,0.2,0.75,3,1,0,4,0.1,0.5,0.1212,0.463,62.9277,0.1368,NA,NA,1.2,54.4,9.172,9.172,0,30,30,0,0,0,1664.1347,1000,1000
58,24,4,"five_scenarios_txt",1,5,4,0.3,"two_stage",30,30,6,30,"CRM","additive_shared","additive_shared","previous_dose",0.15,0.85,"previous_dose_additive",0.5,0.5,0.15,0.85,0.15,0.85,3,1,"top2_randomized","continuous",0.0179,28,1,"any_admissible_dose",0.9,0.9,0.2,0.75,3,1,0,5,0.25,0.5,0.1917,0.4561,59.7001,0.1368,NA,NA,98.8,41,8.019,8.019,0,30,30,0,0,0,1664.1347,1000,1000
59,27,2,"higher_gap_above_MTD",1,3,3,0.3,"two_stage",30,30,6,30,"CRM","additive_shared","additive_shared","previous_dose",0.15,0.85,"previous_dose_additive",0.5,0.5,0.15,0.85,0.15,0.85,3,1,"top2_randomized","continuous",0.0179,28,1,"any_admissible_dose",0.9,0.9,0.2,0.75,3,1,0,1,0.11,0.1,0.1763,0.1357,41.0873,0.141,NA,NA,11.4,8.8,7.43,7.43,0,27.33,27.33,0.2,0.2,16.3,1515.7497,1000,1000
59,27,2,"higher_gap_above_MTD",1,3,3,0.3,"two_stage",30,30,6,30,"CRM","additive_shared","additive_shared","previous_dose",0.15,0.85,"previous_dose_additive",0.5,0.5,0.15,0.85,0.15,0.85,3,1,"top2_randomized","continuous",0.0179,28,1,"any_admissible_dose",0.9,0.9,0.2,0.75,3,1,0,2,0.17,0.2,0.2245,0.2296,44.7953,0.141,NA,NA,14.6,22.3,7.631,7.631,0,27.33,27.33,0.2,0.2,16.3,1515.7497,1000,1000
59,27,2,"higher_gap_above_MTD",1,3,3,0.3,"two_stage",30,30,6,30,"CRM","additive_shared","additive_shared","previous_dose",0.15,0.85,"previous_dose_additive",0.5,0.5,0.15,0.85,0.15,0.85,3,1,"top2_randomized","continuous",0.0179,28,1,"any_admissible_dose",0.9,0.9,0.2,0.75,3,1,0,3,0.3,0.4,0.3194,0.3915,50.7155,0.141,NA,NA,44.8,40.7,7.783,7.783,0,27.33,27.33,0.2,0.2,16.3,1515.7497,1000,1000
59,27,2,"higher_gap_above_MTD",1,3,3,0.3,"two_stage",30,30,6,30,"CRM","additive_shared","additive_shared","previous_dose",0.15,0.85,"previous_dose_additive",0.5,0.5,0.15,0.85,0.15,0.85,3,1,"top2_randomized","continuous",0.0179,28,1,"any_admissible_dose",0.9,0.9,0.2,0.75,3,1,0,4,0.5,0.42,0.3667,0.4398,51.7172,0.141,NA,NA,24.5,10.9,3.623,3.623,0,27.33,27.33,0.2,0.2,16.3,1515.7497,1000,1000
59,27,2,"higher_gap_above_MTD",1,3,3,0.3,"two_stage",30,30,6,30,"CRM","additive_shared","additive_shared","previous_dose",0.15,0.85,"previous_dose_additive",0.5,0.5,0.15,0.85,0.15,0.85,3,1,"top2_randomized","continuous",0.0179,28,1,"any_admissible_dose",0.9,0.9,0.2,0.75,3,1,0,5,0.62,0.45,0.4616,0.4854,50.6575,0.141,NA,NA,4.5,1,0.863,0.863,0,27.33,27.33,0.2,0.2,16.3,1515.7497,1000,1000
60,38,38,"user_added",1,5,5,0.3,"two_stage",30,30,6,30,"CRM","additive_shared","additive_shared","previous_dose",0.15,0.85,"previous_dose_additive",0.5,0.5,0.15,0.85,0.15,0.85,3,1,"top2_randomized","continuous",0.0179,28,1,"any_admissible_dose",0.9,0.9,0.2,0.75,3,1,0,1,0.05,0.05,0.0695,0.1137,44.0407,0.1398,NA,NA,2.7,6.9,5.955,5.955,0,29.112,29.112,0,0,5.6,1612.9252,1000,1000
60,38,38,"user_added",1,5,5,0.3,"two_stage",30,30,6,30,"CRM","additive_shared","additive_shared","previous_dose",0.15,0.85,"previous_dose_additive",0.5,0.5,0.15,0.85,0.15,0.85,3,1,"top2_randomized","continuous",0.0179,28,1,"any_admissible_dose",0.9,0.9,0.2,0.75,3,1,0,2,0.1,0.08,0.0983,0.1359,44.222,0.1398,NA,NA,1.4,8,5.682,5.682,0,29.112,29.112,0,0,5.6,1612.9252,1000,1000
60,38,38,"user_added",1,5,5,0.3,"two_stage",30,30,6,30,"CRM","additive_shared","additive_shared","previous_dose",0.15,0.85,"previous_dose_additive",0.5,0.5,0.15,0.85,0.15,0.85,3,1,"top2_randomized","continuous",0.0179,28,1,"any_admissible_dose",0.9,0.9,0.2,0.75,3,1,0,3,0.12,0.12,0.1653,0.1667,43.3934,0.1398,NA,NA,2.5,8.9,5.142,5.142,0,29.112,29.112,0,0,5.6,1612.9252,1000,1000
60,38,38,"user_added",1,5,5,0.3,"two_stage",30,30,6,30,"CRM","additive_shared","additive_shared","previous_dose",0.15,0.85,"previous_dose_additive",0.5,0.5,0.15,0.85,0.15,0.85,3,1,"top2_randomized","continuous",0.0179,28,1,"any_admissible_dose",0.9,0.9,0.2,0.75,3,1,0,4,0.15,0.15,0.2034,0.1996,43.8397,0.1398,NA,NA,14.3,10.2,5.178,5.178,0,29.112,29.112,0,0,5.6,1612.9252,1000,1000
60,38,38,"user_added",1,5,5,0.3,"two_stage",30,30,6,30,"CRM","additive_shared","additive_shared","previous_dose",0.15,0.85,"previous_dose_additive",0.5,0.5,0.15,0.85,0.15,0.85,3,1,"top2_randomized","continuous",0.0179,28,1,"any_admissible_dose",0.9,0.9,0.2,0.75,3,1,0,5,0.3,0.5,0.2889,0.4726,56.8022,0.1398,NA,NA,79.1,60.4,7.155,7.155,0,29.112,29.112,0,0,5.6,1612.9252,1000,1000
61,1,1,"base_example",1,1,1,0.3,"two_stage",30,30,6,30,"CRM","additive_shared","additive_shared","previous_dose",0.15,0.85,"previous_dose_additive",0.5,0.5,0.15,0.85,0.15,0.85,3,1,"highest_utility","continuous",0.0179,28,1,"any_admissible_dose",0.9,0.9,0.2,0.75,3,1,0,1,0.3,0.05,0.3498,0.0915,31.5004,0.1376,NA,NA,66.3,3.3,8.043,8.043,0,13.722,13.722,8.3,8.6,91.1,753.3529,1000,1000
61,1,1,"base_example",1,1,1,0.3,"two_stage",30,30,6,30,"CRM","additive_shared","additive_shared","previous_dose",0.15,0.85,"previous_dose_additive",0.5,0.5,0.15,0.85,0.15,0.85,3,1,"highest_utility","continuous",0.0179,28,1,"any_admissible_dose",0.9,0.9,0.2,0.75,3,1,0,2,0.35,0.06,0.4025,0.2988,41.8271,0.1376,NA,NA,14.3,3,3.219,3.219,0,13.722,13.722,8.3,8.6,91.1,753.3529,1000,1000
61,1,1,"base_example",1,1,1,0.3,"two_stage",30,30,6,30,"CRM","additive_shared","additive_shared","previous_dose",0.15,0.85,"previous_dose_additive",0.5,0.5,0.15,0.85,0.15,0.85,3,1,"highest_utility","continuous",0.0179,28,1,"any_admissible_dose",0.9,0.9,0.2,0.75,3,1,0,3,0.4,0.07,0.4958,0.3809,43.0255,0.1376,NA,NA,8.2,2.3,1.62,1.62,0,13.722,13.722,8.3,8.6,91.1,753.3529,1000,1000
61,1,1,"base_example",1,1,1,0.3,"two_stage",30,30,6,30,"CRM","additive_shared","additive_shared","previous_dose",0.15,0.85,"previous_dose_additive",0.5,0.5,0.15,0.85,0.15,0.85,3,1,"highest_utility","continuous",0.0179,28,1,"any_admissible_dose",0.9,0.9,0.2,0.75,3,1,0,4,0.45,0.08,0.5385,0.4457,45.2037,0.1376,NA,NA,2.6,0.3,0.678,0.678,0,13.722,13.722,8.3,8.6,91.1,753.3529,1000,1000
61,1,1,"base_example",1,1,1,0.3,"two_stage",30,30,6,30,"CRM","additive_shared","additive_shared","previous_dose",0.15,0.85,"previous_dose_additive",0.5,0.5,0.15,0.85,0.15,0.85,3,1,"highest_utility","continuous",0.0179,28,1,"any_admissible_dose",0.9,0.9,0.2,0.75,3,1,0,5,0.5,0.09,0.6187,0.4843,44.308,0.1376,NA,NA,0.3,0,0.162,0.162,0,13.722,13.722,8.3,8.6,91.1,753.3529,1000,1000
62,16,1,"five_scenarios_txt",1,5,1,0.3,"two_stage",30,30,6,30,"CRM","additive_shared","additive_shared","previous_dose",0.15,0.85,"previous_dose_additive",0.5,0.5,0.15,0.85,0.15,0.85,3,1,"highest_utility","continuous",0.0179,28,1,"any_admissible_dose",0.9,0.9,0.2,0.75,3,1,0,1,0.02,0.2,0.043,0.2012,50.3498,0.1367,NA,NA,0.2,27.2,7.641,7.641,0,29.946,29.946,0,0.1,0.4,1661.5764,1000,1000
62,16,1,"five_scenarios_txt",1,5,1,0.3,"two_stage",30,30,6,30,"CRM","additive_shared","additive_shared","previous_dose",0.15,0.85,"previous_dose_additive",0.5,0.5,0.15,0.85,0.15,0.85,3,1,"highest_utility","continuous",0.0179,28,1,"any_admissible_dose",0.9,0.9,0.2,0.75,3,1,0,2,0.06,0.2,0.065,0.2013,49.4812,0.1367,NA,NA,0,25.2,6.861,6.861,0,29.946,29.946,0,0.1,0.4,1661.5764,1000,1000
62,16,1,"five_scenarios_txt",1,5,1,0.3,"two_stage",30,30,6,30,"CRM","additive_shared","additive_shared","previous_dose",0.15,0.85,"previous_dose_additive",0.5,0.5,0.15,0.85,0.15,0.85,3,1,"highest_utility","continuous",0.0179,28,1,"any_admissible_dose",0.9,0.9,0.2,0.75,3,1,0,3,0.09,0.2,0.1195,0.2068,47.629,0.1367,NA,NA,1,17.7,5.733,5.733,0,29.946,29.946,0,0.1,0.4,1661.5764,1000,1000
62,16,1,"five_scenarios_txt",1,5,1,0.3,"two_stage",30,30,6,30,"CRM","additive_shared","additive_shared","previous_dose",0.15,0.85,"previous_dose_additive",0.5,0.5,0.15,0.85,0.15,0.85,3,1,"highest_utility","continuous",0.0179,28,1,"any_admissible_dose",0.9,0.9,0.2,0.75,3,1,0,4,0.14,0.2,0.1522,0.2216,47.205,0.1367,NA,NA,8.2,18.3,5.382,5.382,0,29.946,29.946,0,0.1,0.4,1661.5764,1000,1000
62,16,1,"five_scenarios_txt",1,5,1,0.3,"two_stage",30,30,6,30,"CRM","additive_shared","additive_shared","previous_dose",0.15,0.85,"previous_dose_additive",0.5,0.5,0.15,0.85,0.15,0.85,3,1,"highest_utility","continuous",0.0179,28,1,"any_admissible_dose",0.9,0.9,0.2,0.75,3,1,0,5,0.26,0.2,0.229,0.2492,45.7926,0.1367,NA,NA,90.6,11.2,4.329,4.329,0,29.946,29.946,0,0.1,0.4,1661.5764,1000,1000
63,20,5,"five_scenarios_txt",1,3,2,0.3,"two_stage",30,30,6,30,"CRM","additive_shared","additive_shared","previous_dose",0.15,0.85,"previous_dose_additive",0.5,0.5,0.15,0.85,0.15,0.85,3,1,"highest_utility","continuous",0.0179,28,1,"any_admissible_dose",0.9,0.9,0.2,0.75,3,1,0,1,0.07,0.05,0.1502,0.1207,41.2316,0.1357,NA,NA,7.3,6.6,5.466,5.466,0,28.125,28.125,0.1,0.2,12.5,1556.2502,1000,1000
63,20,5,"five_scenarios_txt",1,3,2,0.3,"two_stage",30,30,6,30,"CRM","additive_shared","additive_shared","previous_dose",0.15,0.85,"previous_dose_additive",0.5,0.5,0.15,0.85,0.15,0.85,3,1,"highest_utility","continuous",0.0179,28,1,"any_admissible_dose",0.9,0.9,0.2,0.75,3,1,0,2,0.14,0.25,0.1952,0.2465,46.9828,0.1357,NA,NA,9.7,45.4,10.041,10.041,0,28.125,28.125,0.1,0.2,12.5,1556.2502,1000,1000
63,20,5,"five_scenarios_txt",1,3,2,0.3,"two_stage",30,30,6,30,"CRM","additive_shared","additive_shared","previous_dose",0.15,0.85,"previous_dose_additive",0.5,0.5,0.15,0.85,0.15,0.85,3,1,"highest_utility","continuous",0.0179,28,1,"any_admissible_dose",0.9,0.9,0.2,0.75,3,1,0,3,0.31,0.25,0.2863,0.2571,43.9748,0.1357,NA,NA,37.8,23.5,7.002,7.002,0,28.125,28.125,0.1,0.2,12.5,1556.2502,1000,1000
63,20,5,"five_scenarios_txt",1,3,2,0.3,"two_stage",30,30,6,30,"CRM","additive_shared","additive_shared","previous_dose",0.15,0.85,"previous_dose_additive",0.5,0.5,0.15,0.85,0.15,0.85,3,1,"highest_utility","continuous",0.0179,28,1,"any_admissible_dose",0.9,0.9,0.2,0.75,3,1,0,4,0.41,0.25,0.3328,0.3263,46.2661,0.1357,NA,NA,31.6,9.9,4.164,4.164,0,28.125,28.125,0.1,0.2,12.5,1556.2502,1000,1000
63,20,5,"five_scenarios_txt",1,3,2,0.3,"two_stage",30,30,6,30,"CRM","additive_shared","additive_shared","previous_dose",0.15,0.85,"previous_dose_additive",0.5,0.5,0.15,0.85,0.15,0.85,3,1,"highest_utility","continuous",0.0179,28,1,"any_admissible_dose",0.9,0.9,0.2,0.75,3,1,0,5,0.52,0.25,0.4276,0.4236,48.3077,0.1357,NA,NA,13.5,2.1,1.452,1.452,0,28.125,28.125,0.1,0.2,12.5,1556.2502,1000,1000
64,24,4,"five_scenarios_txt",1,5,4,0.3,"two_stage",30,30,6,30,"CRM","additive_shared","additive_shared","previous_dose",0.15,0.85,"previous_dose_additive",0.5,0.5,0.15,0.85,0.15,0.85,3,1,"highest_utility","continuous",0.0179,28,1,"any_admissible_dose",0.9,0.9,0.2,0.75,3,1,0,1,0.01,0.05,0.0307,0.1503,47.7923,0.136,NA,NA,0,1.6,3.471,3.471,0,29.982,29.982,0,0,0.1,1663.275,1000,1000
64,24,4,"five_scenarios_txt",1,5,4,0.3,"two_stage",30,30,6,30,"CRM","additive_shared","additive_shared","previous_dose",0.15,0.85,"previous_dose_additive",0.5,0.5,0.15,0.85,0.15,0.85,3,1,"highest_utility","continuous",0.0179,28,1,"any_admissible_dose",0.9,0.9,0.2,0.75,3,1,0,2,0.02,0.08,0.0485,0.1642,47.9123,0.136,NA,NA,0.1,1.3,3.492,3.492,0,29.982,29.982,0,0,0.1,1663.275,1000,1000
64,24,4,"five_scenarios_txt",1,5,4,0.3,"two_stage",30,30,6,30,"CRM","additive_shared","additive_shared","previous_dose",0.15,0.85,"previous_dose_additive",0.5,0.5,0.15,0.85,0.15,0.85,3,1,"highest_utility","continuous",0.0179,28,1,"any_admissible_dose",0.9,0.9,0.2,0.75,3,1,0,3,0.05,0.2,0.0953,0.2316,50.0817,0.136,NA,NA,0,6.2,4.233,4.233,0,29.982,29.982,0,0,0.1,1663.275,1000,1000
64,24,4,"five_scenarios_txt",1,5,4,0.3,"two_stage",30,30,6,30,"CRM","additive_shared","additive_shared","previous_dose",0.15,0.85,"previous_dose_additive",0.5,0.5,0.15,0.85,0.15,0.85,3,1,"highest_utility","continuous",0.0179,28,1,"any_admissible_dose",0.9,0.9,0.2,0.75,3,1,0,4,0.1,0.5,0.1247,0.4409,61.4683,0.136,NA,NA,4.7,56,10.821,10.821,0,29.982,29.982,0,0,0.1,1663.275,1000,1000
64,24,4,"five_scenarios_txt",1,5,4,0.3,"two_stage",30,30,6,30,"CRM","additive_shared","additive_shared","previous_dose",0.15,0.85,"previous_dose_additive",0.5,0.5,0.15,0.85,0.15,0.85,3,1,"highest_utility","continuous",0.0179,28,1,"any_admissible_dose",0.9,0.9,0.2,0.75,3,1,0,5,0.25,0.5,0.1962,0.4421,58.68,0.136,NA,NA,95.2,34.8,7.965,7.965,0,29.982,29.982,0,0,0.1,1663.275,1000,1000
65,27,2,"higher_gap_above_MTD",1,3,3,0.3,"two_stage",30,30,6,30,"CRM","additive_shared","additive_shared","previous_dose",0.15,0.85,"previous_dose_additive",0.5,0.5,0.15,0.85,0.15,0.85,3,1,"highest_utility","continuous",0.0179,28,1,"any_admissible_dose",0.9,0.9,0.2,0.75,3,1,0,1,0.11,0.1,0.1806,0.1412,41.2489,0.1363,NA,NA,12.7,9.8,6.72,6.72,0,27.156,27.156,0.2,0.2,18.4,1505.5171,1000,1000
65,27,2,"higher_gap_above_MTD",1,3,3,0.3,"two_stage",30,30,6,30,"CRM","additive_shared","additive_shared","previous_dose",0.15,0.85,"previous_dose_additive",0.5,0.5,0.15,0.85,0.15,0.85,3,1,"highest_utility","continuous",0.0179,28,1,"any_admissible_dose",0.9,0.9,0.2,0.75,3,1,0,2,0.17,0.2,0.229,0.2253,44.3602,0.1363,NA,NA,17,19.9,6.99,6.99,0,27.156,27.156,0.2,0.2,18.4,1505.5171,1000,1000
65,27,2,"higher_gap_above_MTD",1,3,3,0.3,"two_stage",30,30,6,30,"CRM","additive_shared","additive_shared","previous_dose",0.15,0.85,"previous_dose_additive",0.5,0.5,0.15,0.85,0.15,0.85,3,1,"highest_utility","continuous",0.0179,28,1,"any_admissible_dose",0.9,0.9,0.2,0.75,3,1,0,3,0.3,0.4,0.3241,0.3866,50.2299,0.1363,NA,NA,45.3,42.4,8.883,8.883,0,27.156,27.156,0.2,0.2,18.4,1505.5171,1000,1000
65,27,2,"higher_gap_above_MTD",1,3,3,0.3,"two_stage",30,30,6,30,"CRM","additive_shared","additive_shared","previous_dose",0.15,0.85,"previous_dose_additive",0.5,0.5,0.15,0.85,0.15,0.85,3,1,"highest_utility","continuous",0.0179,28,1,"any_admissible_dose",0.9,0.9,0.2,0.75,3,1,0,4,0.5,0.42,0.3713,0.4446,51.8218,0.1363,NA,NA,20.2,8.6,3.66,3.66,0,27.156,27.156,0.2,0.2,18.4,1505.5171,1000,1000
65,27,2,"higher_gap_above_MTD",1,3,3,0.3,"two_stage",30,30,6,30,"CRM","additive_shared","additive_shared","previous_dose",0.15,0.85,"previous_dose_additive",0.5,0.5,0.15,0.85,0.15,0.85,3,1,"highest_utility","continuous",0.0179,28,1,"any_admissible_dose",0.9,0.9,0.2,0.75,3,1,0,5,0.62,0.45,0.4659,0.4857,50.5075,0.1363,NA,NA,4.6,0.9,0.903,0.903,0,27.156,27.156,0.2,0.2,18.4,1505.5171,1000,1000
66,38,38,"user_added",1,5,5,0.3,"two_stage",30,30,6,30,"CRM","additive_shared","additive_shared","previous_dose",0.15,0.85,"previous_dose_additive",0.5,0.5,0.15,0.85,0.15,0.85,3,1,"highest_utility","continuous",0.0179,28,1,"any_admissible_dose",0.9,0.9,0.2,0.75,3,1,0,1,0.05,0.05,0.0702,0.1251,44.7004,0.1367,NA,NA,2.6,6.7,5.079,5.079,0,29.118,29.118,0,0.1,6.2,1613.4002,1000,1000
66,38,38,"user_added",1,5,5,0.3,"two_stage",30,30,6,30,"CRM","additive_shared","additive_shared","previous_dose",0.15,0.85,"previous_dose_additive",0.5,0.5,0.15,0.85,0.15,0.85,3,1,"highest_utility","continuous",0.0179,28,1,"any_admissible_dose",0.9,0.9,0.2,0.75,3,1,0,2,0.1,0.08,0.0994,0.1481,44.9111,0.1367,NA,NA,1.2,8.1,4.797,4.797,0,29.118,29.118,0,0.1,6.2,1613.4002,1000,1000
66,38,38,"user_added",1,5,5,0.3,"two_stage",30,30,6,30,"CRM","additive_shared","additive_shared","previous_dose",0.15,0.85,"previous_dose_additive",0.5,0.5,0.15,0.85,0.15,0.85,3,1,"highest_utility","continuous",0.0179,28,1,"any_admissible_dose",0.9,0.9,0.2,0.75,3,1,0,3,0.12,0.12,0.1672,0.1743,43.7736,0.1367,NA,NA,2.8,10.1,4.581,4.581,0,29.118,29.118,0,0.1,6.2,1613.4002,1000,1000
66,38,38,"user_added",1,5,5,0.3,"two_stage",30,30,6,30,"CRM","additive_shared","additive_shared","previous_dose",0.15,0.85,"previous_dose_additive",0.5,0.5,0.15,0.85,0.15,0.85,3,1,"highest_utility","continuous",0.0179,28,1,"any_admissible_dose",0.9,0.9,0.2,0.75,3,1,0,4,0.15,0.15,0.2057,0.2061,44.1397,0.1367,NA,NA,15.7,10.1,4.935,4.935,0,29.118,29.118,0,0.1,6.2,1613.4002,1000,1000
66,38,38,"user_added",1,5,5,0.3,"two_stage",30,30,6,30,"CRM","additive_shared","additive_shared","previous_dose",0.15,0.85,"previous_dose_additive",0.5,0.5,0.15,0.85,0.15,0.85,3,1,"highest_utility","continuous",0.0179,28,1,"any_admissible_dose",0.9,0.9,0.2,0.75,3,1,0,5,0.3,0.5,0.2919,0.4605,55.9552,0.1367,NA,NA,77.7,58.8,9.726,9.726,0,29.118,29.118,0,0.1,6.2,1613.4002,1000,1000
67,1,1,"base_example",1,1,1,0.3,"one_stage",30,30,30,30,"CRM","additive_shared","additive_shared","previous_dose",0.15,0.85,"previous_dose_additive",0.5,0.5,0.15,0.85,0.15,0.85,3,1,"highest_utility","continuous",0.0179,28,1,"any_admissible_dose",0.9,0.9,0.2,0.75,3,1,0,1,0.3,0.05,0.3501,0.0908,31.4415,0.138,NA,NA,66.3,2.5,8.13,8.13,0,13.482,13.482,8.2,8.3,91.7,741.8687,1000,1000
67,1,1,"base_example",1,1,1,0.3,"one_stage",30,30,30,30,"CRM","additive_shared","additive_shared","previous_dose",0.15,0.85,"previous_dose_additive",0.5,0.5,0.15,0.85,0.15,0.85,3,1,"highest_utility","continuous",0.0179,28,1,"any_admissible_dose",0.9,0.9,0.2,0.75,3,1,0,2,0.35,0.06,0.4029,0.3009,41.9394,0.138,NA,NA,14.7,3.4,3.075,3.075,0,13.482,13.482,8.2,8.3,91.7,741.8687,1000,1000
67,1,1,"base_example",1,1,1,0.3,"one_stage",30,30,30,30,"CRM","additive_shared","additive_shared","previous_dose",0.15,0.85,"previous_dose_additive",0.5,0.5,0.15,0.85,0.15,0.85,3,1,"highest_utility","continuous",0.0179,28,1,"any_admissible_dose",0.9,0.9,0.2,0.75,3,1,0,3,0.4,0.07,0.4962,0.3828,43.1155,0.138,NA,NA,8.5,2,1.509,1.509,0,13.482,13.482,8.2,8.3,91.7,741.8687,1000,1000
67,1,1,"base_example",1,1,1,0.3,"one_stage",30,30,30,30,"CRM","additive_shared","additive_shared","previous_dose",0.15,0.85,"previous_dose_additive",0.5,0.5,0.15,0.85,0.15,0.85,3,1,"highest_utility","continuous",0.0179,28,1,"any_admissible_dose",0.9,0.9,0.2,0.75,3,1,0,4,0.45,0.08,0.539,0.4484,45.3462,0.138,NA,NA,2.1,0.4,0.624,0.624,0,13.482,13.482,8.2,8.3,91.7,741.8687,1000,1000
67,1,1,"base_example",1,1,1,0.3,"one_stage",30,30,30,30,"CRM","additive_shared","additive_shared","previous_dose",0.15,0.85,"previous_dose_additive",0.5,0.5,0.15,0.85,0.15,0.85,3,1,"highest_utility","continuous",0.0179,28,1,"any_admissible_dose",0.9,0.9,0.2,0.75,3,1,0,5,0.5,0.09,0.6192,0.4858,44.3806,0.138,NA,NA,0.2,0,0.144,0.144,0,13.482,13.482,8.2,8.3,91.7,741.8687,1000,1000
68,16,1,"five_scenarios_txt",1,5,1,0.3,"one_stage",30,30,30,30,"CRM","additive_shared","additive_shared","previous_dose",0.15,0.85,"previous_dose_additive",0.5,0.5,0.15,0.85,0.15,0.85,3,1,"highest_utility","continuous",0.0179,28,1,"any_admissible_dose",0.9,0.9,0.2,0.75,3,1,0,1,0.02,0.2,0.0418,0.2001,50.3313,0.1393,NA,NA,0.2,27.7,7.878,7.878,0,29.952,29.952,0,0.1,0.3,1661.9487,1000,1000
68,16,1,"five_scenarios_txt",1,5,1,0.3,"one_stage",30,30,30,30,"CRM","additive_shared","additive_shared","previous_dose",0.15,0.85,"previous_dose_additive",0.5,0.5,0.15,0.85,0.15,0.85,3,1,"highest_utility","continuous",0.0179,28,1,"any_admissible_dose",0.9,0.9,0.2,0.75,3,1,0,2,0.06,0.2,0.0634,0.1961,49.2284,0.1393,NA,NA,0,23.7,6.942,6.942,0,29.952,29.952,0,0.1,0.3,1661.9487,1000,1000
68,16,1,"five_scenarios_txt",1,5,1,0.3,"one_stage",30,30,30,30,"CRM","additive_shared","additive_shared","previous_dose",0.15,0.85,"previous_dose_additive",0.5,0.5,0.15,0.85,0.15,0.85,3,1,"highest_utility","continuous",0.0179,28,1,"any_admissible_dose",0.9,0.9,0.2,0.75,3,1,0,3,0.09,0.2,0.1171,0.2101,47.9203,0.1393,NA,NA,1.1,19.9,5.727,5.727,0,29.952,29.952,0,0.1,0.3,1661.9487,1000,1000
68,16,1,"five_scenarios_txt",1,5,1,0.3,"one_stage",30,30,30,30,"CRM","additive_shared","additive_shared","previous_dose",0.15,0.85,"previous_dose_additive",0.5,0.5,0.15,0.85,0.15,0.85,3,1,"highest_utility","continuous",0.0179,28,1,"any_admissible_dose",0.9,0.9,0.2,0.75,3,1,0,4,0.14,0.2,0.1495,0.2224,47.3622,0.1393,NA,NA,11.2,18.7,5.373,5.373,0,29.952,29.952,0,0.1,0.3,1661.9487,1000,1000
68,16,1,"five_scenarios_txt",1,5,1,0.3,"one_stage",30,30,30,30,"CRM","additive_shared","additive_shared","previous_dose",0.15,0.85,"previous_dose_additive",0.5,0.5,0.15,0.85,0.15,0.85,3,1,"highest_utility","continuous",0.0179,28,1,"any_admissible_dose",0.9,0.9,0.2,0.75,3,1,0,5,0.26,0.2,0.2256,0.2564,46.3564,0.1393,NA,NA,87.5,9.7,4.032,4.032,0,29.952,29.952,0,0.1,0.3,1661.9487,1000,1000
69,20,5,"five_scenarios_txt",1,3,2,0.3,"one_stage",30,30,30,30,"CRM","additive_shared","additive_shared","previous_dose",0.15,0.85,"previous_dose_additive",0.5,0.5,0.15,0.85,0.15,0.85,3,1,"highest_utility","continuous",0.0179,28,1,"any_admissible_dose",0.9,0.9,0.2,0.75,3,1,0,1,0.07,0.05,0.1486,0.1178,41.1273,0.1397,NA,NA,7.8,6.5,5.721,5.721,0,28.044,28.044,0.1,0.1,12.4,1551.0956,1000,1000
69,20,5,"five_scenarios_txt",1,3,2,0.3,"one_stage",30,30,30,30,"CRM","additive_shared","additive_shared","previous_dose",0.15,0.85,"previous_dose_additive",0.5,0.5,0.15,0.85,0.15,0.85,3,1,"highest_utility","continuous",0.0179,28,1,"any_admissible_dose",0.9,0.9,0.2,0.75,3,1,0,2,0.14,0.25,0.1932,0.2408,46.7198,0.1397,NA,NA,9.2,44.8,10.485,10.485,0,28.044,28.044,0.1,0.1,12.4,1551.0956,1000,1000
69,20,5,"five_scenarios_txt",1,3,2,0.3,"one_stage",30,30,30,30,"CRM","additive_shared","additive_shared","previous_dose",0.15,0.85,"previous_dose_additive",0.5,0.5,0.15,0.85,0.15,0.85,3,1,"highest_utility","continuous",0.0179,28,1,"any_admissible_dose",0.9,0.9,0.2,0.75,3,1,0,3,0.31,0.25,0.284,0.2592,44.1922,0.1397,NA,NA,35.9,23.3,6.63,6.63,0,28.044,28.044,0.1,0.1,12.4,1551.0956,1000,1000
69,20,5,"five_scenarios_txt",1,3,2,0.3,"one_stage",30,30,30,30,"CRM","additive_shared","additive_shared","previous_dose",0.15,0.85,"previous_dose_additive",0.5,0.5,0.15,0.85,0.15,0.85,3,1,"highest_utility","continuous",0.0179,28,1,"any_admissible_dose",0.9,0.9,0.2,0.75,3,1,0,4,0.41,0.25,0.3303,0.3265,46.3792,0.1397,NA,NA,34.9,10.9,3.903,3.903,0,28.044,28.044,0.1,0.1,12.4,1551.0956,1000,1000
69,20,5,"five_scenarios_txt",1,3,2,0.3,"one_stage",30,30,30,30,"CRM","additive_shared","additive_shared","previous_dose",0.15,0.85,"previous_dose_additive",0.5,0.5,0.15,0.85,0.15,0.85,3,1,"highest_utility","continuous",0.0179,28,1,"any_admissible_dose",0.9,0.9,0.2,0.75,3,1,0,5,0.52,0.25,0.4251,0.4304,48.8164,0.1397,NA,NA,12.1,2.1,1.305,1.305,0,28.044,28.044,0.1,0.1,12.4,1551.0956,1000,1000
70,24,4,"five_scenarios_txt",1,5,4,0.3,"one_stage",30,30,30,30,"CRM","additive_shared","additive_shared","previous_dose",0.15,0.85,"previous_dose_additive",0.5,0.5,0.15,0.85,0.15,0.85,3,1,"highest_utility","continuous",0.0179,28,1,"any_admissible_dose",0.9,0.9,0.2,0.75,3,1,0,1,0.01,0.05,0.029,0.149,47.777,0.138,NA,NA,0,1.3,3.531,3.531,0,29.982,29.982,0,0,0.1,1663.275,1000,1000
70,24,4,"five_scenarios_txt",1,5,4,0.3,"one_stage",30,30,30,30,"CRM","additive_shared","additive_shared","previous_dose",0.15,0.85,"previous_dose_additive",0.5,0.5,0.15,0.85,0.15,0.85,3,1,"highest_utility","continuous",0.0179,28,1,"any_admissible_dose",0.9,0.9,0.2,0.75,3,1,0,2,0.02,0.08,0.0461,0.1622,47.8909,0.138,NA,NA,0.1,1.3,3.525,3.525,0,29.982,29.982,0,0,0.1,1663.275,1000,1000
70,24,4,"five_scenarios_txt",1,5,4,0.3,"one_stage",30,30,30,30,"CRM","additive_shared","additive_shared","previous_dose",0.15,0.85,"previous_dose_additive",0.5,0.5,0.15,0.85,0.15,0.85,3,1,"highest_utility","continuous",0.0179,28,1,"any_admissible_dose",0.9,0.9,0.2,0.75,3,1,0,3,0.05,0.2,0.0913,0.2302,50.1575,0.138,NA,NA,0,5.4,4.398,4.398,0,29.982,29.982,0,0,0.1,1663.275,1000,1000
70,24,4,"five_scenarios_txt",1,5,4,0.3,"one_stage",30,30,30,30,"CRM","additive_shared","additive_shared","previous_dose",0.15,0.85,"previous_dose_additive",0.5,0.5,0.15,0.85,0.15,0.85,3,1,"highest_utility","continuous",0.0179,28,1,"any_admissible_dose",0.9,0.9,0.2,0.75,3,1,0,4,0.1,0.5,0.1198,0.4321,61.1334,0.138,NA,NA,33.1,59.2,12.354,12.354,0,29.982,29.982,0,0,0.1,1663.275,1000,1000
70,24,4,"five_scenarios_txt",1,5,4,0.3,"one_stage",30,30,30,30,"CRM","additive_shared","additive_shared","previous_dose",0.15,0.85,"previous_dose_additive",0.5,0.5,0.15,0.85,0.15,0.85,3,1,"highest_utility","continuous",0.0179,28,1,"any_admissible_dose",0.9,0.9,0.2,0.75,3,1,0,5,0.25,0.5,0.1897,0.4616,60.1109,0.138,NA,NA,66.8,32.7,6.174,6.174,0,29.982,29.982,0,0,0.1,1663.275,1000,1000
71,27,2,"higher_gap_above_MTD",1,3,3,0.3,"one_stage",30,30,30,30,"CRM","additive_shared","additive_shared","previous_dose",0.15,0.85,"previous_dose_additive",0.5,0.5,0.15,0.85,0.15,0.85,3,1,"highest_utility","continuous",0.0179,28,1,"any_admissible_dose",0.9,0.9,0.2,0.75,3,1,0,1,0.11,0.1,0.1779,0.1389,41.2193,0.1391,NA,NA,13.3,10.2,7.128,7.128,0,27.075,27.075,0.2,0.2,18.1,1500.6956,1000,1000
71,27,2,"higher_gap_above_MTD",1,3,3,0.3,"one_stage",30,30,30,30,"CRM","additive_shared","additive_shared","previous_dose",0.15,0.85,"previous_dose_additive",0.5,0.5,0.15,0.85,0.15,0.85,3,1,"highest_utility","continuous",0.0179,28,1,"any_admissible_dose",0.9,0.9,0.2,0.75,3,1,0,2,0.17,0.2,0.2259,0.2213,44.2419,0.1391,NA,NA,14.8,20.9,7.176,7.176,0,27.075,27.075,0.2,0.2,18.1,1500.6956,1000,1000
71,27,2,"higher_gap_above_MTD",1,3,3,0.3,"one_stage",30,30,30,30,"CRM","additive_shared","additive_shared","previous_dose",0.15,0.85,"previous_dose_additive",0.5,0.5,0.15,0.85,0.15,0.85,3,1,"highest_utility","continuous",0.0179,28,1,"any_admissible_dose",0.9,0.9,0.2,0.75,3,1,0,3,0.3,0.4,0.3206,0.3764,49.7643,0.1391,NA,NA,46.7,40.2,8.892,8.892,0,27.075,27.075,0.2,0.2,18.1,1500.6956,1000,1000
71,27,2,"higher_gap_above_MTD",1,3,3,0.3,"one_stage",30,30,30,30,"CRM","additive_shared","additive_shared","previous_dose",0.15,0.85,"previous_dose_additive",0.5,0.5,0.15,0.85,0.15,0.85,3,1,"highest_utility","continuous",0.0179,28,1,"any_admissible_dose",0.9,0.9,0.2,0.75,3,1,0,4,0.5,0.42,0.3677,0.446,52.0512,0.1391,NA,NA,21.5,9.9,3.291,3.291,0,27.075,27.075,0.2,0.2,18.1,1500.6956,1000,1000
71,27,2,"higher_gap_above_MTD",1,3,3,0.3,"one_stage",30,30,30,30,"CRM","additive_shared","additive_shared","previous_dose",0.15,0.85,"previous_dose_additive",0.5,0.5,0.15,0.85,0.15,0.85,3,1,"highest_utility","continuous",0.0179,28,1,"any_admissible_dose",0.9,0.9,0.2,0.75,3,1,0,5,0.62,0.45,0.4622,0.4885,50.8185,0.1391,NA,NA,3.5,0.7,0.588,0.588,0,27.075,27.075,0.2,0.2,18.1,1500.6956,1000,1000
72,38,38,"user_added",1,5,5,0.3,"one_stage",30,30,30,30,"CRM","additive_shared","additive_shared","previous_dose",0.15,0.85,"previous_dose_additive",0.5,0.5,0.15,0.85,0.15,0.85,3,1,"highest_utility","continuous",0.0179,28,1,"any_admissible_dose",0.9,0.9,0.2,0.75,3,1,0,1,0.05,0.05,0.0705,0.1232,44.5732,0.1375,NA,NA,2.6,5.9,5.187,5.187,0,29.106,29.106,0,0.1,6.7,1613.4314,1000,1000
72,38,38,"user_added",1,5,5,0.3,"one_stage",30,30,30,30,"CRM","additive_shared","additive_shared","previous_dose",0.15,0.85,"previous_dose_additive",0.5,0.5,0.15,0.85,0.15,0.85,3,1,"highest_utility","continuous",0.0179,28,1,"any_admissible_dose",0.9,0.9,0.2,0.75,3,1,0,2,0.1,0.08,0.0998,0.1449,44.7018,0.1375,NA,NA,1.4,7.2,4.854,4.854,0,29.106,29.106,0,0.1,6.7,1613.4314,1000,1000
72,38,38,"user_added",1,5,5,0.3,"one_stage",30,30,30,30,"CRM","additive_shared","additive_shared","previous_dose",0.15,0.85,"previous_dose_additive",0.5,0.5,0.15,0.85,0.15,0.85,3,1,"highest_utility","continuous",0.0179,28,1,"any_admissible_dose",0.9,0.9,0.2,0.75,3,1,0,3,0.12,0.12,0.1677,0.1727,43.6566,0.1375,NA,NA,3.2,9.6,4.665,4.665,0,29.106,29.106,0,0.1,6.7,1613.4314,1000,1000
72,38,38,"user_added",1,5,5,0.3,"one_stage",30,30,30,30,"CRM","additive_shared","additive_shared","previous_dose",0.15,0.85,"previous_dose_additive",0.5,0.5,0.15,0.85,0.15,0.85,3,1,"highest_utility","continuous",0.0179,28,1,"any_admissible_dose",0.9,0.9,0.2,0.75,3,1,0,4,0.15,0.15,0.2063,0.2046,44.0252,0.1375,NA,NA,16.4,11.4,4.887,4.887,0,29.106,29.106,0,0.1,6.7,1613.4314,1000,1000
72,38,38,"user_added",1,5,5,0.3,"one_stage",30,30,30,30,"CRM","additive_shared","additive_shared","previous_dose",0.15,0.85,"previous_dose_additive",0.5,0.5,0.15,0.85,0.15,0.85,3,1,"highest_utility","continuous",0.0179,28,1,"any_admissible_dose",0.9,0.9,0.2,0.75,3,1,0,5,0.3,0.5,0.2926,0.4624,56.0414,0.1375,NA,NA,76.4,59.2,9.513,9.513,0,29.106,29.106,0,0.1,6.7,1613.4314,1000,1000
