"Scenario_Set","Scenario_Name","Scenario","Model","Method","BOIN_Method","BOIN_r_estimator","CRM_r_model","Alpha_true","r_carry","Accrual","T_assess","Cycle_Max","Continuous_Enrollment","Dose","True_DLT_rate","True_IPDE_DLT_rate","Estimated_pj","r_hat","r_cap","r_use","MTD_Selection_pct","Pts_Treated","Unique_Pts_by_Dose","IPDE_Doses","Total_Administrations","Total_Unique_Patients","Early_Stopping_pct","Duration","n_valid","ntrial_from_files","CRM_Skeleton","CRM_Theta_Prior_Mean","CRM_Theta_Prior_SD","CRM_r_Prior_a","CRM_r_Prior_b","CRM_Dose_Values","CRM_Alpha_Grid_Length","CRM_Dose_Scores_Raw","CRM_Dose_Scores","CRM_Cumu_Beta0_Mean","CRM_Cumu_Beta0_Prec","CRM_Cumu_Beta0_DF","CRM_Cumu_Beta1_Shape","CRM_Cumu_Beta1_Rate","CRM_Cumu_Beta2_Rate","CRM_Cumu_Include_Current"
"SetB_8dose","SetB_8dose_SC1",1,"CRM","crm_alpha_crm",NA,NA,"alpha_crm",0,0,0.0714,28,1,1,1,0.07,0.07,0.0338,NA,NA,NA,0,3.9738,3.9738,0,29.9728,29.9728,0.1008,437.4255,1984,1984,"0.04,0.08,0.12,0.16,0.3,0.47,0.54,0.6",0,1.4142,0.15,0.85,"10,20,30,40,50,60,70,80",61,NA,NA,NA,NA,NA,NA,NA,NA,NA
"SetB_8dose","SetB_8dose_SC1",1,"CRM","crm_alpha_crm",NA,NA,"alpha_crm",0,0,0.0714,28,1,1,2,0.1,0.1,0.0606,NA,NA,NA,0.6552,3.4808,3.4808,0,29.9728,29.9728,0.1008,437.4255,1984,1984,"0.04,0.08,0.12,0.16,0.3,0.47,0.54,0.6",0,1.4142,0.15,0.85,"10,20,30,40,50,60,70,80",61,NA,NA,NA,NA,NA,NA,NA,NA,NA
"SetB_8dose","SetB_8dose_SC1",1,"CRM","crm_alpha_crm",NA,NA,"alpha_crm",0,0,0.0714,28,1,1,3,0.12,0.12,0.0872,NA,NA,NA,1.6129,3.6381,3.6381,0,29.9728,29.9728,0.1008,437.4255,1984,1984,"0.04,0.08,0.12,0.16,0.3,0.47,0.54,0.6",0,1.4142,0.15,0.85,"10,20,30,40,50,60,70,80",61,NA,NA,NA,NA,NA,NA,NA,NA,NA
"SetB_8dose","SetB_8dose_SC1",1,"CRM","crm_alpha_crm",NA,NA,"alpha_crm",0,0,0.0714,28,1,1,4,0.14,0.14,0.1144,NA,NA,NA,9.7782,5.1275,5.1275,0,29.9728,29.9728,0.1008,437.4255,1984,1984,"0.04,0.08,0.12,0.16,0.3,0.47,0.54,0.6",0,1.4142,0.15,0.85,"10,20,30,40,50,60,70,80",61,NA,NA,NA,NA,NA,NA,NA,NA,NA
"SetB_8dose","SetB_8dose_SC1",1,"CRM","crm_alpha_crm",NA,NA,"alpha_crm",0,0,0.0714,28,1,1,5,0.17,0.17,0.2168,NA,NA,NA,34.9294,7.3836,7.3836,0,29.9728,29.9728,0.1008,437.4255,1984,1984,"0.04,0.08,0.12,0.16,0.3,0.47,0.54,0.6",0,1.4142,0.15,0.85,"10,20,30,40,50,60,70,80",61,NA,NA,NA,NA,NA,NA,NA,NA,NA
"SetB_8dose","SetB_8dose_SC1",1,"CRM","crm_alpha_crm",NA,NA,"alpha_crm",0,0,0.0714,28,1,1,6,0.19,0.19,0.3604,NA,NA,NA,24.3952,3.7243,3.7243,0,29.9728,29.9728,0.1008,437.4255,1984,1984,"0.04,0.08,0.12,0.16,0.3,0.47,0.54,0.6",0,1.4142,0.15,0.85,"10,20,30,40,50,60,70,80",61,NA,NA,NA,NA,NA,NA,NA,NA,NA
"SetB_8dose","SetB_8dose_SC1",1,"CRM","crm_alpha_crm",NA,NA,"alpha_crm",0,0,0.0714,28,1,1,7,0.22,0.22,0.4267,NA,NA,NA,12.6512,1.4894,1.4894,0,29.9728,29.9728,0.1008,437.4255,1984,1984,"0.04,0.08,0.12,0.16,0.3,0.47,0.54,0.6",0,1.4142,0.15,0.85,"10,20,30,40,50,60,70,80",61,NA,NA,NA,NA,NA,NA,NA,NA,NA
"SetB_8dose","SetB_8dose_SC1",1,"CRM","crm_alpha_crm",NA,NA,"alpha_crm",0,0,0.0714,28,1,1,8,0.26,0.26,0.4872,NA,NA,NA,15.877,1.1552,1.1552,0,29.9728,29.9728,0.1008,437.4255,1984,1984,"0.04,0.08,0.12,0.16,0.3,0.47,0.54,0.6",0,1.4142,0.15,0.85,"10,20,30,40,50,60,70,80",61,NA,NA,NA,NA,NA,NA,NA,NA,NA
"SetB_8dose","SetB_8dose_SC1",1,"CRM","crm_alpha_crm",NA,NA,"alpha_crm",0,0,0.0714,28,2,1,1,0.07,0.07,0.0254,NA,NA,NA,0,3.8846,3.8846,0,29.9728,19.6028,0.1008,335.3718,1984,1984,"0.04,0.08,0.12,0.16,0.3,0.47,0.54,0.6",0,1.4142,0.15,0.85,"10,20,30,40,50,60,70,80",61,NA,NA,NA,NA,NA,NA,NA,NA,NA
"SetB_8dose","SetB_8dose_SC1",1,"CRM","crm_alpha_crm",NA,NA,"alpha_crm",0,0,0.0714,28,2,1,2,0.1,0.1,0.0466,NA,NA,NA,0.504,3.44,3.44,3.1784,29.9728,19.6028,0.1008,335.3718,1984,1984,"0.04,0.08,0.12,0.16,0.3,0.47,0.54,0.6",0,1.4142,0.15,0.85,"10,20,30,40,50,60,70,80",61,NA,NA,NA,NA,NA,NA,NA,NA,NA
"SetB_8dose","SetB_8dose_SC1",1,"CRM","crm_alpha_crm",NA,NA,"alpha_crm",0,0,0.0714,28,2,1,3,0.12,0.12,0.0684,NA,NA,NA,1.1593,3.2828,3.2828,0.1809,29.9728,19.6028,0.1008,335.3718,1984,1984,"0.04,0.08,0.12,0.16,0.3,0.47,0.54,0.6",0,1.4142,0.15,0.85,"10,20,30,40,50,60,70,80",61,NA,NA,NA,NA,NA,NA,NA,NA,NA
"SetB_8dose","SetB_8dose_SC1",1,"CRM","crm_alpha_crm",NA,NA,"alpha_crm",0,0,0.0714,28,2,1,4,0.14,0.14,0.0911,NA,NA,NA,6.0484,4.4713,4.4713,2.6361,29.9728,19.6028,0.1008,335.3718,1984,1984,"0.04,0.08,0.12,0.16,0.3,0.47,0.54,0.6",0,1.4142,0.15,0.85,"10,20,30,40,50,60,70,80",61,NA,NA,NA,NA,NA,NA,NA,NA,NA
"SetB_8dose","SetB_8dose_SC1",1,"CRM","crm_alpha_crm",NA,NA,"alpha_crm",0,0,0.0714,28,2,1,5,0.17,0.17,0.1807,NA,NA,NA,27.621,6.7092,6.7092,0.875,29.9728,19.6028,0.1008,335.3718,1984,1984,"0.04,0.08,0.12,0.16,0.3,0.47,0.54,0.6",0,1.4142,0.15,0.85,"10,20,30,40,50,60,70,80",61,NA,NA,NA,NA,NA,NA,NA,NA,NA
"SetB_8dose","SetB_8dose_SC1",1,"CRM","crm_alpha_crm",NA,NA,"alpha_crm",0,0,0.0714,28,2,1,6,0.19,0.19,0.3145,NA,NA,NA,23.4879,4.1658,4.1658,2.2566,29.9728,19.6028,0.1008,335.3718,1984,1984,"0.04,0.08,0.12,0.16,0.3,0.47,0.54,0.6",0,1.4142,0.15,0.85,"10,20,30,40,50,60,70,80",61,NA,NA,NA,NA,NA,NA,NA,NA,NA
"SetB_8dose","SetB_8dose_SC1",1,"CRM","crm_alpha_crm",NA,NA,"alpha_crm",0,0,0.0714,28,2,1,7,0.22,0.22,0.3791,NA,NA,NA,13.4577,1.869,1.869,0.5852,29.9728,19.6028,0.1008,335.3718,1984,1984,"0.04,0.08,0.12,0.16,0.3,0.47,0.54,0.6",0,1.4142,0.15,0.85,"10,20,30,40,50,60,70,80",61,NA,NA,NA,NA,NA,NA,NA,NA,NA
"SetB_8dose","SetB_8dose_SC1",1,"CRM","crm_alpha_crm",NA,NA,"alpha_crm",0,0,0.0714,28,2,1,8,0.26,0.26,0.4395,NA,NA,NA,27.621,2.1502,2.1502,0.6578,29.9728,19.6028,0.1008,335.3718,1984,1984,"0.04,0.08,0.12,0.16,0.3,0.47,0.54,0.6",0,1.4142,0.15,0.85,"10,20,30,40,50,60,70,80",61,NA,NA,NA,NA,NA,NA,NA,NA,NA
"SetB_8dose","SetB_8dose_SC1",1,"CRM","crm_alpha_crm",NA,NA,"alpha_crm",0,0,0.0714,28,3,1,1,0.07,0.07,0.0242,NA,NA,NA,0,3.8831,3.8831,0,29.9728,16.745,0.1008,321.4784,1984,1984,"0.04,0.08,0.12,0.16,0.3,0.47,0.54,0.6",0,1.4142,0.15,0.85,"10,20,30,40,50,60,70,80",61,NA,NA,NA,NA,NA,NA,NA,NA,NA
"SetB_8dose","SetB_8dose_SC1",1,"CRM","crm_alpha_crm",NA,NA,"alpha_crm",0,0,0.0714,28,3,1,2,0.1,0.1,0.0445,NA,NA,NA,0.4032,3.3947,3.3947,3.1678,29.9728,16.745,0.1008,321.4784,1984,1984,"0.04,0.08,0.12,0.16,0.3,0.47,0.54,0.6",0,1.4142,0.15,0.85,"10,20,30,40,50,60,70,80",61,NA,NA,NA,NA,NA,NA,NA,NA,NA
"SetB_8dose","SetB_8dose_SC1",1,"CRM","crm_alpha_crm",NA,NA,"alpha_crm",0,0,0.0714,28,3,1,3,0.12,0.12,0.0655,NA,NA,NA,0.9073,3.2601,3.2601,2.88,29.9728,16.745,0.1008,321.4784,1984,1984,"0.04,0.08,0.12,0.16,0.3,0.47,0.54,0.6",0,1.4142,0.15,0.85,"10,20,30,40,50,60,70,80",61,NA,NA,NA,NA,NA,NA,NA,NA,NA
"SetB_8dose","SetB_8dose_SC1",1,"CRM","crm_alpha_crm",NA,NA,"alpha_crm",0,0,0.0714,28,3,1,4,0.14,0.14,0.0876,NA,NA,NA,5.9476,4.4289,4.4289,0.3649,29.9728,16.745,0.1008,321.4784,1984,1984,"0.04,0.08,0.12,0.16,0.3,0.47,0.54,0.6",0,1.4142,0.15,0.85,"10,20,30,40,50,60,70,80",61,NA,NA,NA,NA,NA,NA,NA,NA,NA
"SetB_8dose","SetB_8dose_SC1",1,"CRM","crm_alpha_crm",NA,NA,"alpha_crm",0,0,0.0714,28,3,1,5,0.17,0.17,0.1751,NA,NA,NA,25.252,6.2797,6.2797,2.9486,29.9728,16.745,0.1008,321.4784,1984,1984,"0.04,0.08,0.12,0.16,0.3,0.47,0.54,0.6",0,1.4142,0.15,0.85,"10,20,30,40,50,60,70,80",61,NA,NA,NA,NA,NA,NA,NA,NA,NA
"SetB_8dose","SetB_8dose_SC1",1,"CRM","crm_alpha_crm",NA,NA,"alpha_crm",0,0,0.0714,28,3,1,6,0.19,0.19,0.3074,NA,NA,NA,24.0423,4.438,4.438,2.3322,29.9728,16.745,0.1008,321.4784,1984,1984,"0.04,0.08,0.12,0.16,0.3,0.47,0.54,0.6",0,1.4142,0.15,0.85,"10,20,30,40,50,60,70,80",61,NA,NA,NA,NA,NA,NA,NA,NA,NA
"SetB_8dose","SetB_8dose_SC1",1,"CRM","crm_alpha_crm",NA,NA,"alpha_crm",0,0,0.0714,28,3,1,7,0.22,0.22,0.3716,NA,NA,NA,15.7762,2.1305,2.1305,0.7203,29.9728,16.745,0.1008,321.4784,1984,1984,"0.04,0.08,0.12,0.16,0.3,0.47,0.54,0.6",0,1.4142,0.15,0.85,"10,20,30,40,50,60,70,80",61,NA,NA,NA,NA,NA,NA,NA,NA,NA
"SetB_8dose","SetB_8dose_SC1",1,"CRM","crm_alpha_crm",NA,NA,"alpha_crm",0,0,0.0714,28,3,1,8,0.26,0.26,0.432,NA,NA,NA,27.5706,2.1578,2.1578,0.814,29.9728,16.745,0.1008,321.4784,1984,1984,"0.04,0.08,0.12,0.16,0.3,0.47,0.54,0.6",0,1.4142,0.15,0.85,"10,20,30,40,50,60,70,80",61,NA,NA,NA,NA,NA,NA,NA,NA,NA
"SetB_8dose","SetB_8dose_SC1",1,"CRM","crm_alpha_crm",NA,NA,"alpha_crm",0.3,0,0.0714,28,1,1,1,0.07,0.07,0.0338,NA,NA,NA,0,3.9738,3.9738,0,29.9728,29.9728,0.1008,437.4255,1984,1984,"0.04,0.08,0.12,0.16,0.3,0.47,0.54,0.6",0,1.4142,0.15,0.85,"10,20,30,40,50,60,70,80",61,NA,NA,NA,NA,NA,NA,NA,NA,NA
"SetB_8dose","SetB_8dose_SC1",1,"CRM","crm_alpha_crm",NA,NA,"alpha_crm",0.3,0,0.0714,28,1,1,2,0.1,0.121,0.0606,NA,NA,NA,0.6552,3.4808,3.4808,0,29.9728,29.9728,0.1008,437.4255,1984,1984,"0.04,0.08,0.12,0.16,0.3,0.47,0.54,0.6",0,1.4142,0.15,0.85,"10,20,30,40,50,60,70,80",61,NA,NA,NA,NA,NA,NA,NA,NA,NA
"SetB_8dose","SetB_8dose_SC1",1,"CRM","crm_alpha_crm",NA,NA,"alpha_crm",0.3,0,0.0714,28,1,1,3,0.12,0.15,0.0872,NA,NA,NA,1.6129,3.6381,3.6381,0,29.9728,29.9728,0.1008,437.4255,1984,1984,"0.04,0.08,0.12,0.16,0.3,0.47,0.54,0.6",0,1.4142,0.15,0.85,"10,20,30,40,50,60,70,80",61,NA,NA,NA,NA,NA,NA,NA,NA,NA
"SetB_8dose","SetB_8dose_SC1",1,"CRM","crm_alpha_crm",NA,NA,"alpha_crm",0.3,0,0.0714,28,1,1,4,0.14,0.176,0.1144,NA,NA,NA,9.7782,5.1275,5.1275,0,29.9728,29.9728,0.1008,437.4255,1984,1984,"0.04,0.08,0.12,0.16,0.3,0.47,0.54,0.6",0,1.4142,0.15,0.85,"10,20,30,40,50,60,70,80",61,NA,NA,NA,NA,NA,NA,NA,NA,NA
"SetB_8dose","SetB_8dose_SC1",1,"CRM","crm_alpha_crm",NA,NA,"alpha_crm",0.3,0,0.0714,28,1,1,5,0.17,0.212,0.2168,NA,NA,NA,34.9294,7.3836,7.3836,0,29.9728,29.9728,0.1008,437.4255,1984,1984,"0.04,0.08,0.12,0.16,0.3,0.47,0.54,0.6",0,1.4142,0.15,0.85,"10,20,30,40,50,60,70,80",61,NA,NA,NA,NA,NA,NA,NA,NA,NA
"SetB_8dose","SetB_8dose_SC1",1,"CRM","crm_alpha_crm",NA,NA,"alpha_crm",0.3,0,0.0714,28,1,1,6,0.19,0.241,0.3604,NA,NA,NA,24.3952,3.7243,3.7243,0,29.9728,29.9728,0.1008,437.4255,1984,1984,"0.04,0.08,0.12,0.16,0.3,0.47,0.54,0.6",0,1.4142,0.15,0.85,"10,20,30,40,50,60,70,80",61,NA,NA,NA,NA,NA,NA,NA,NA,NA
"SetB_8dose","SetB_8dose_SC1",1,"CRM","crm_alpha_crm",NA,NA,"alpha_crm",0.3,0,0.0714,28,1,1,7,0.22,0.277,0.4267,NA,NA,NA,12.6512,1.4894,1.4894,0,29.9728,29.9728,0.1008,437.4255,1984,1984,"0.04,0.08,0.12,0.16,0.3,0.47,0.54,0.6",0,1.4142,0.15,0.85,"10,20,30,40,50,60,70,80",61,NA,NA,NA,NA,NA,NA,NA,NA,NA
"SetB_8dose","SetB_8dose_SC1",1,"CRM","crm_alpha_crm",NA,NA,"alpha_crm",0.3,0,0.0714,28,1,1,8,0.26,0.326,0.4872,NA,NA,NA,15.877,1.1552,1.1552,0,29.9728,29.9728,0.1008,437.4255,1984,1984,"0.04,0.08,0.12,0.16,0.3,0.47,0.54,0.6",0,1.4142,0.15,0.85,"10,20,30,40,50,60,70,80",61,NA,NA,NA,NA,NA,NA,NA,NA,NA
"SetB_8dose","SetB_8dose_SC1",1,"CRM","crm_alpha_crm",NA,NA,"alpha_crm",0.3,0,0.0714,28,2,1,1,0.07,0.07,0.0291,NA,NA,NA,0,3.9209,3.9209,0,29.9728,19.6522,0.1008,335.7625,1984,1984,"0.04,0.08,0.12,0.16,0.3,0.47,0.54,0.6",0,1.4142,0.15,0.85,"10,20,30,40,50,60,70,80",61,NA,NA,NA,NA,NA,NA,NA,NA,NA
"SetB_8dose","SetB_8dose_SC1",1,"CRM","crm_alpha_crm",NA,NA,"alpha_crm",0.3,0,0.0714,28,2,1,2,0.1,0.121,0.0527,NA,NA,NA,0.756,3.5731,3.5731,3.2107,29.9728,19.6522,0.1008,335.7625,1984,1984,"0.04,0.08,0.12,0.16,0.3,0.47,0.54,0.6",0,1.4142,0.15,0.85,"10,20,30,40,50,60,70,80",61,NA,NA,NA,NA,NA,NA,NA,NA,NA
"SetB_8dose","SetB_8dose_SC1",1,"CRM","crm_alpha_crm",NA,NA,"alpha_crm",0.3,0,0.0714,28,2,1,3,0.12,0.15,0.0765,NA,NA,NA,1.2097,3.3327,3.3327,0.255,29.9728,19.6522,0.1008,335.7625,1984,1984,"0.04,0.08,0.12,0.16,0.3,0.47,0.54,0.6",0,1.4142,0.15,0.85,"10,20,30,40,50,60,70,80",61,NA,NA,NA,NA,NA,NA,NA,NA,NA
"SetB_8dose","SetB_8dose_SC1",1,"CRM","crm_alpha_crm",NA,NA,"alpha_crm",0.3,0,0.0714,28,2,1,4,0.14,0.176,0.1011,NA,NA,NA,7.1573,4.6739,4.6739,2.6154,29.9728,19.6522,0.1008,335.7625,1984,1984,"0.04,0.08,0.12,0.16,0.3,0.47,0.54,0.6",0,1.4142,0.15,0.85,"10,20,30,40,50,60,70,80",61,NA,NA,NA,NA,NA,NA,NA,NA,NA
"SetB_8dose","SetB_8dose_SC1",1,"CRM","crm_alpha_crm",NA,NA,"alpha_crm",0.3,0,0.0714,28,2,1,5,0.17,0.212,0.1959,NA,NA,NA,30.9476,6.8997,6.8997,0.9758,29.9728,19.6522,0.1008,335.7625,1984,1984,"0.04,0.08,0.12,0.16,0.3,0.47,0.54,0.6",0,1.4142,0.15,0.85,"10,20,30,40,50,60,70,80",61,NA,NA,NA,NA,NA,NA,NA,NA,NA
"SetB_8dose","SetB_8dose_SC1",1,"CRM","crm_alpha_crm",NA,NA,"alpha_crm",0.3,0,0.0714,28,2,1,6,0.19,0.241,0.3336,NA,NA,NA,23.4879,4.0524,4.0524,2.1205,29.9728,19.6522,0.1008,335.7625,1984,1984,"0.04,0.08,0.12,0.16,0.3,0.47,0.54,0.6",0,1.4142,0.15,0.85,"10,20,30,40,50,60,70,80",61,NA,NA,NA,NA,NA,NA,NA,NA,NA
"SetB_8dose","SetB_8dose_SC1",1,"CRM","crm_alpha_crm",NA,NA,"alpha_crm",0.3,0,0.0714,28,2,1,7,0.22,0.277,0.3988,NA,NA,NA,13.004,1.7132,1.7132,0.5464,29.9728,19.6522,0.1008,335.7625,1984,1984,"0.04,0.08,0.12,0.16,0.3,0.47,0.54,0.6",0,1.4142,0.15,0.85,"10,20,30,40,50,60,70,80",61,NA,NA,NA,NA,NA,NA,NA,NA,NA
"SetB_8dose","SetB_8dose_SC1",1,"CRM","crm_alpha_crm",NA,NA,"alpha_crm",0.3,0,0.0714,28,2,1,8,0.26,0.326,0.4592,NA,NA,NA,23.3367,1.807,1.807,0.5968,29.9728,19.6522,0.1008,335.7625,1984,1984,"0.04,0.08,0.12,0.16,0.3,0.47,0.54,0.6",0,1.4142,0.15,0.85,"10,20,30,40,50,60,70,80",61,NA,NA,NA,NA,NA,NA,NA,NA,NA
"SetB_8dose","SetB_8dose_SC1",1,"CRM","crm_alpha_crm",NA,NA,"alpha_crm",0.3,0,0.0714,28,3,1,1,0.07,0.07,0.0286,NA,NA,NA,0,3.9163,3.9163,0,29.9728,16.9189,0.1008,322.488,1984,1984,"0.04,0.08,0.12,0.16,0.3,0.47,0.54,0.6",0,1.4142,0.15,0.85,"10,20,30,40,50,60,70,80",61,NA,NA,NA,NA,NA,NA,NA,NA,NA
"SetB_8dose","SetB_8dose_SC1",1,"CRM","crm_alpha_crm",NA,NA,"alpha_crm",0.3,0,0.0714,28,3,1,2,0.1,0.121,0.0517,NA,NA,NA,0.5544,3.5413,3.5413,3.2102,29.9728,16.9189,0.1008,322.488,1984,1984,"0.04,0.08,0.12,0.16,0.3,0.47,0.54,0.6",0,1.4142,0.15,0.85,"10,20,30,40,50,60,70,80",61,NA,NA,NA,NA,NA,NA,NA,NA,NA
"SetB_8dose","SetB_8dose_SC1",1,"CRM","crm_alpha_crm",NA,NA,"alpha_crm",0.3,0,0.0714,28,3,1,3,0.12,0.15,0.0752,NA,NA,NA,1.2097,3.3644,3.3644,2.8967,29.9728,16.9189,0.1008,322.488,1984,1984,"0.04,0.08,0.12,0.16,0.3,0.47,0.54,0.6",0,1.4142,0.15,0.85,"10,20,30,40,50,60,70,80",61,NA,NA,NA,NA,NA,NA,NA,NA,NA
"SetB_8dose","SetB_8dose_SC1",1,"CRM","crm_alpha_crm",NA,NA,"alpha_crm",0.3,0,0.0714,28,3,1,4,0.14,0.176,0.0994,NA,NA,NA,7.6109,4.6618,4.6618,0.4763,29.9728,16.9189,0.1008,322.488,1984,1984,"0.04,0.08,0.12,0.16,0.3,0.47,0.54,0.6",0,1.4142,0.15,0.85,"10,20,30,40,50,60,70,80",61,NA,NA,NA,NA,NA,NA,NA,NA,NA
"SetB_8dose","SetB_8dose_SC1",1,"CRM","crm_alpha_crm",NA,NA,"alpha_crm",0.3,0,0.0714,28,3,1,5,0.17,0.212,0.1934,NA,NA,NA,28.4778,6.5822,6.5822,2.9395,29.9728,16.9189,0.1008,322.488,1984,1984,"0.04,0.08,0.12,0.16,0.3,0.47,0.54,0.6",0,1.4142,0.15,0.85,"10,20,30,40,50,60,70,80",61,NA,NA,NA,NA,NA,NA,NA,NA,NA
"SetB_8dose","SetB_8dose_SC1",1,"CRM","crm_alpha_crm",NA,NA,"alpha_crm",0.3,0,0.0714,28,3,1,6,0.19,0.241,0.3306,NA,NA,NA,25.4032,4.3034,4.3034,2.1769,29.9728,16.9189,0.1008,322.488,1984,1984,"0.04,0.08,0.12,0.16,0.3,0.47,0.54,0.6",0,1.4142,0.15,0.85,"10,20,30,40,50,60,70,80",61,NA,NA,NA,NA,NA,NA,NA,NA,NA
"SetB_8dose","SetB_8dose_SC1",1,"CRM","crm_alpha_crm",NA,NA,"alpha_crm",0.3,0,0.0714,28,3,1,7,0.22,0.277,0.3957,NA,NA,NA,14.6673,1.8659,1.8659,0.6779,29.9728,16.9189,0.1008,322.488,1984,1984,"0.04,0.08,0.12,0.16,0.3,0.47,0.54,0.6",0,1.4142,0.15,0.85,"10,20,30,40,50,60,70,80",61,NA,NA,NA,NA,NA,NA,NA,NA,NA
"SetB_8dose","SetB_8dose_SC1",1,"CRM","crm_alpha_crm",NA,NA,"alpha_crm",0.3,0,0.0714,28,3,1,8,0.26,0.326,0.4561,NA,NA,NA,21.9758,1.7374,1.7374,0.6764,29.9728,16.9189,0.1008,322.488,1984,1984,"0.04,0.08,0.12,0.16,0.3,0.47,0.54,0.6",0,1.4142,0.15,0.85,"10,20,30,40,50,60,70,80",61,NA,NA,NA,NA,NA,NA,NA,NA,NA
"SetB_8dose","SetB_8dose_SC1",1,"CRM","crm_alpha_crm",NA,NA,"alpha_crm",0.6,0,0.0714,28,1,1,1,0.07,0.07,0.0338,NA,NA,NA,0,3.9738,3.9738,0,29.9728,29.9728,0.1008,437.4255,1984,1984,"0.04,0.08,0.12,0.16,0.3,0.47,0.54,0.6",0,1.4142,0.15,0.85,"10,20,30,40,50,60,70,80",61,NA,NA,NA,NA,NA,NA,NA,NA,NA
"SetB_8dose","SetB_8dose_SC1",1,"CRM","crm_alpha_crm",NA,NA,"alpha_crm",0.6,0,0.0714,28,1,1,2,0.1,0.142,0.0606,NA,NA,NA,0.6552,3.4808,3.4808,0,29.9728,29.9728,0.1008,437.4255,1984,1984,"0.04,0.08,0.12,0.16,0.3,0.47,0.54,0.6",0,1.4142,0.15,0.85,"10,20,30,40,50,60,70,80",61,NA,NA,NA,NA,NA,NA,NA,NA,NA
"SetB_8dose","SetB_8dose_SC1",1,"CRM","crm_alpha_crm",NA,NA,"alpha_crm",0.6,0,0.0714,28,1,1,3,0.12,0.18,0.0872,NA,NA,NA,1.6129,3.6381,3.6381,0,29.9728,29.9728,0.1008,437.4255,1984,1984,"0.04,0.08,0.12,0.16,0.3,0.47,0.54,0.6",0,1.4142,0.15,0.85,"10,20,30,40,50,60,70,80",61,NA,NA,NA,NA,NA,NA,NA,NA,NA
"SetB_8dose","SetB_8dose_SC1",1,"CRM","crm_alpha_crm",NA,NA,"alpha_crm",0.6,0,0.0714,28,1,1,4,0.14,0.212,0.1144,NA,NA,NA,9.7782,5.1275,5.1275,0,29.9728,29.9728,0.1008,437.4255,1984,1984,"0.04,0.08,0.12,0.16,0.3,0.47,0.54,0.6",0,1.4142,0.15,0.85,"10,20,30,40,50,60,70,80",61,NA,NA,NA,NA,NA,NA,NA,NA,NA
"SetB_8dose","SetB_8dose_SC1",1,"CRM","crm_alpha_crm",NA,NA,"alpha_crm",0.6,0,0.0714,28,1,1,5,0.17,0.254,0.2168,NA,NA,NA,34.9294,7.3836,7.3836,0,29.9728,29.9728,0.1008,437.4255,1984,1984,"0.04,0.08,0.12,0.16,0.3,0.47,0.54,0.6",0,1.4142,0.15,0.85,"10,20,30,40,50,60,70,80",61,NA,NA,NA,NA,NA,NA,NA,NA,NA
"SetB_8dose","SetB_8dose_SC1",1,"CRM","crm_alpha_crm",NA,NA,"alpha_crm",0.6,0,0.0714,28,1,1,6,0.19,0.292,0.3604,NA,NA,NA,24.3952,3.7243,3.7243,0,29.9728,29.9728,0.1008,437.4255,1984,1984,"0.04,0.08,0.12,0.16,0.3,0.47,0.54,0.6",0,1.4142,0.15,0.85,"10,20,30,40,50,60,70,80",61,NA,NA,NA,NA,NA,NA,NA,NA,NA
"SetB_8dose","SetB_8dose_SC1",1,"CRM","crm_alpha_crm",NA,NA,"alpha_crm",0.6,0,0.0714,28,1,1,7,0.22,0.334,0.4267,NA,NA,NA,12.6512,1.4894,1.4894,0,29.9728,29.9728,0.1008,437.4255,1984,1984,"0.04,0.08,0.12,0.16,0.3,0.47,0.54,0.6",0,1.4142,0.15,0.85,"10,20,30,40,50,60,70,80",61,NA,NA,NA,NA,NA,NA,NA,NA,NA
"SetB_8dose","SetB_8dose_SC1",1,"CRM","crm_alpha_crm",NA,NA,"alpha_crm",0.6,0,0.0714,28,1,1,8,0.26,0.392,0.4872,NA,NA,NA,15.877,1.1552,1.1552,0,29.9728,29.9728,0.1008,437.4255,1984,1984,"0.04,0.08,0.12,0.16,0.3,0.47,0.54,0.6",0,1.4142,0.15,0.85,"10,20,30,40,50,60,70,80",61,NA,NA,NA,NA,NA,NA,NA,NA,NA
"SetB_8dose","SetB_8dose_SC1",1,"CRM","crm_alpha_crm",NA,NA,"alpha_crm",0.6,0,0.0714,28,2,1,1,0.07,0.07,0.0328,NA,NA,NA,0,3.9541,3.9541,0,29.9728,19.6603,0.1008,335.9511,1984,1984,"0.04,0.08,0.12,0.16,0.3,0.47,0.54,0.6",0,1.4142,0.15,0.85,"10,20,30,40,50,60,70,80",61,NA,NA,NA,NA,NA,NA,NA,NA,NA
"SetB_8dose","SetB_8dose_SC1",1,"CRM","crm_alpha_crm",NA,NA,"alpha_crm",0.6,0,0.0714,28,2,1,2,0.1,0.142,0.0585,NA,NA,NA,1.0081,3.7077,3.7077,3.248,29.9728,19.6603,0.1008,335.9511,1984,1984,"0.04,0.08,0.12,0.16,0.3,0.47,0.54,0.6",0,1.4142,0.15,0.85,"10,20,30,40,50,60,70,80",61,NA,NA,NA,NA,NA,NA,NA,NA,NA
"SetB_8dose","SetB_8dose_SC1",1,"CRM","crm_alpha_crm",NA,NA,"alpha_crm",0.6,0,0.0714,28,2,1,3,0.12,0.18,0.0842,NA,NA,NA,1.4113,3.4007,3.4007,0.3105,29.9728,19.6603,0.1008,335.9511,1984,1984,"0.04,0.08,0.12,0.16,0.3,0.47,0.54,0.6",0,1.4142,0.15,0.85,"10,20,30,40,50,60,70,80",61,NA,NA,NA,NA,NA,NA,NA,NA,NA
"SetB_8dose","SetB_8dose_SC1",1,"CRM","crm_alpha_crm",NA,NA,"alpha_crm",0.6,0,0.0714,28,2,1,4,0.14,0.212,0.1104,NA,NA,NA,8.6694,4.9415,4.9415,2.6119,29.9728,19.6603,0.1008,335.9511,1984,1984,"0.04,0.08,0.12,0.16,0.3,0.47,0.54,0.6",0,1.4142,0.15,0.85,"10,20,30,40,50,60,70,80",61,NA,NA,NA,NA,NA,NA,NA,NA,NA
"SetB_8dose","SetB_8dose_SC1",1,"CRM","crm_alpha_crm",NA,NA,"alpha_crm",0.6,0,0.0714,28,2,1,5,0.17,0.254,0.2099,NA,NA,NA,33.1653,6.9814,6.9814,1.0383,29.9728,19.6603,0.1008,335.9511,1984,1984,"0.04,0.08,0.12,0.16,0.3,0.47,0.54,0.6",0,1.4142,0.15,0.85,"10,20,30,40,50,60,70,80",61,NA,NA,NA,NA,NA,NA,NA,NA,NA
"SetB_8dose","SetB_8dose_SC1",1,"CRM","crm_alpha_crm",NA,NA,"alpha_crm",0.6,0,0.0714,28,2,1,6,0.19,0.292,0.3509,NA,NA,NA,23.4879,3.9209,3.9209,2.06,29.9728,19.6603,0.1008,335.9511,1984,1984,"0.04,0.08,0.12,0.16,0.3,0.47,0.54,0.6",0,1.4142,0.15,0.85,"10,20,30,40,50,60,70,80",61,NA,NA,NA,NA,NA,NA,NA,NA,NA
"SetB_8dose","SetB_8dose_SC1",1,"CRM","crm_alpha_crm",NA,NA,"alpha_crm",0.6,0,0.0714,28,2,1,7,0.22,0.334,0.4166,NA,NA,NA,13.004,1.5968,1.5968,0.5318,29.9728,19.6603,0.1008,335.9511,1984,1984,"0.04,0.08,0.12,0.16,0.3,0.47,0.54,0.6",0,1.4142,0.15,0.85,"10,20,30,40,50,60,70,80",61,NA,NA,NA,NA,NA,NA,NA,NA,NA
"SetB_8dose","SetB_8dose_SC1",1,"CRM","crm_alpha_crm",NA,NA,"alpha_crm",0.6,0,0.0714,28,2,1,8,0.26,0.392,0.477,NA,NA,NA,19.1532,1.4698,1.4698,0.5121,29.9728,19.6603,0.1008,335.9511,1984,1984,"0.04,0.08,0.12,0.16,0.3,0.47,0.54,0.6",0,1.4142,0.15,0.85,"10,20,30,40,50,60,70,80",61,NA,NA,NA,NA,NA,NA,NA,NA,NA
"SetB_8dose","SetB_8dose_SC1",1,"CRM","crm_alpha_crm",NA,NA,"alpha_crm",0.6,0,0.0714,28,3,1,1,0.07,0.07,0.0334,NA,NA,NA,0,3.9496,3.9496,0,29.9728,17.1326,0.1008,322.9402,1984,1984,"0.04,0.08,0.12,0.16,0.3,0.47,0.54,0.6",0,1.4142,0.15,0.85,"10,20,30,40,50,60,70,80",61,NA,NA,NA,NA,NA,NA,NA,NA,NA
"SetB_8dose","SetB_8dose_SC1",1,"CRM","crm_alpha_crm",NA,NA,"alpha_crm",0.6,0,0.0714,28,3,1,2,0.1,0.142,0.0593,NA,NA,NA,0.9073,3.691,3.691,3.248,29.9728,17.1326,0.1008,322.9402,1984,1984,"0.04,0.08,0.12,0.16,0.3,0.47,0.54,0.6",0,1.4142,0.15,0.85,"10,20,30,40,50,60,70,80",61,NA,NA,NA,NA,NA,NA,NA,NA,NA
"SetB_8dose","SetB_8dose_SC1",1,"CRM","crm_alpha_crm",NA,NA,"alpha_crm",0.6,0,0.0714,28,3,1,3,0.12,0.18,0.0852,NA,NA,NA,1.6633,3.5081,3.5081,2.9113,29.9728,17.1326,0.1008,322.9402,1984,1984,"0.04,0.08,0.12,0.16,0.3,0.47,0.54,0.6",0,1.4142,0.15,0.85,"10,20,30,40,50,60,70,80",61,NA,NA,NA,NA,NA,NA,NA,NA,NA
"SetB_8dose","SetB_8dose_SC1",1,"CRM","crm_alpha_crm",NA,NA,"alpha_crm",0.6,0,0.0714,28,3,1,4,0.14,0.212,0.1116,NA,NA,NA,8.9214,4.8841,4.8841,0.5872,29.9728,17.1326,0.1008,322.9402,1984,1984,"0.04,0.08,0.12,0.16,0.3,0.47,0.54,0.6",0,1.4142,0.15,0.85,"10,20,30,40,50,60,70,80",61,NA,NA,NA,NA,NA,NA,NA,NA,NA
"SetB_8dose","SetB_8dose_SC1",1,"CRM","crm_alpha_crm",NA,NA,"alpha_crm",0.6,0,0.0714,28,3,1,5,0.17,0.254,0.2115,NA,NA,NA,30.998,6.8936,6.8936,2.8856,29.9728,17.1326,0.1008,322.9402,1984,1984,"0.04,0.08,0.12,0.16,0.3,0.47,0.54,0.6",0,1.4142,0.15,0.85,"10,20,30,40,50,60,70,80",61,NA,NA,NA,NA,NA,NA,NA,NA,NA
"SetB_8dose","SetB_8dose_SC1",1,"CRM","crm_alpha_crm",NA,NA,"alpha_crm",0.6,0,0.0714,28,3,1,6,0.19,0.292,0.3528,NA,NA,NA,26.4617,4.0842,4.0842,2.0413,29.9728,17.1326,0.1008,322.9402,1984,1984,"0.04,0.08,0.12,0.16,0.3,0.47,0.54,0.6",0,1.4142,0.15,0.85,"10,20,30,40,50,60,70,80",61,NA,NA,NA,NA,NA,NA,NA,NA,NA
"SetB_8dose","SetB_8dose_SC1",1,"CRM","crm_alpha_crm",NA,NA,"alpha_crm",0.6,0,0.0714,28,3,1,7,0.22,0.334,0.4185,NA,NA,NA,13.6089,1.6013,1.6013,0.6079,29.9728,17.1326,0.1008,322.9402,1984,1984,"0.04,0.08,0.12,0.16,0.3,0.47,0.54,0.6",0,1.4142,0.15,0.85,"10,20,30,40,50,60,70,80",61,NA,NA,NA,NA,NA,NA,NA,NA,NA
"SetB_8dose","SetB_8dose_SC1",1,"CRM","crm_alpha_crm",NA,NA,"alpha_crm",0.6,0,0.0714,28,3,1,8,0.26,0.392,0.4788,NA,NA,NA,17.3387,1.3609,1.3609,0.559,29.9728,17.1326,0.1008,322.9402,1984,1984,"0.04,0.08,0.12,0.16,0.3,0.47,0.54,0.6",0,1.4142,0.15,0.85,"10,20,30,40,50,60,70,80",61,NA,NA,NA,NA,NA,NA,NA,NA,NA
"SetB_8dose","SetB_8dose_SC1",1,"CRM","crm_alpha_crm",NA,NA,"alpha_crm",0.9,0,0.0714,28,1,1,1,0.07,0.07,0.0338,NA,NA,NA,0,3.9738,3.9738,0,29.9728,29.9728,0.1008,437.4255,1984,1984,"0.04,0.08,0.12,0.16,0.3,0.47,0.54,0.6",0,1.4142,0.15,0.85,"10,20,30,40,50,60,70,80",61,NA,NA,NA,NA,NA,NA,NA,NA,NA
"SetB_8dose","SetB_8dose_SC1",1,"CRM","crm_alpha_crm",NA,NA,"alpha_crm",0.9,0,0.0714,28,1,1,2,0.1,0.163,0.0606,NA,NA,NA,0.6552,3.4808,3.4808,0,29.9728,29.9728,0.1008,437.4255,1984,1984,"0.04,0.08,0.12,0.16,0.3,0.47,0.54,0.6",0,1.4142,0.15,0.85,"10,20,30,40,50,60,70,80",61,NA,NA,NA,NA,NA,NA,NA,NA,NA
"SetB_8dose","SetB_8dose_SC1",1,"CRM","crm_alpha_crm",NA,NA,"alpha_crm",0.9,0,0.0714,28,1,1,3,0.12,0.21,0.0872,NA,NA,NA,1.6129,3.6381,3.6381,0,29.9728,29.9728,0.1008,437.4255,1984,1984,"0.04,0.08,0.12,0.16,0.3,0.47,0.54,0.6",0,1.4142,0.15,0.85,"10,20,30,40,50,60,70,80",61,NA,NA,NA,NA,NA,NA,NA,NA,NA
"SetB_8dose","SetB_8dose_SC1",1,"CRM","crm_alpha_crm",NA,NA,"alpha_crm",0.9,0,0.0714,28,1,1,4,0.14,0.248,0.1144,NA,NA,NA,9.7782,5.1275,5.1275,0,29.9728,29.9728,0.1008,437.4255,1984,1984,"0.04,0.08,0.12,0.16,0.3,0.47,0.54,0.6",0,1.4142,0.15,0.85,"10,20,30,40,50,60,70,80",61,NA,NA,NA,NA,NA,NA,NA,NA,NA
"SetB_8dose","SetB_8dose_SC1",1,"CRM","crm_alpha_crm",NA,NA,"alpha_crm",0.9,0,0.0714,28,1,1,5,0.17,0.296,0.2168,NA,NA,NA,34.9294,7.3836,7.3836,0,29.9728,29.9728,0.1008,437.4255,1984,1984,"0.04,0.08,0.12,0.16,0.3,0.47,0.54,0.6",0,1.4142,0.15,0.85,"10,20,30,40,50,60,70,80",61,NA,NA,NA,NA,NA,NA,NA,NA,NA
"SetB_8dose","SetB_8dose_SC1",1,"CRM","crm_alpha_crm",NA,NA,"alpha_crm",0.9,0,0.0714,28,1,1,6,0.19,0.343,0.3604,NA,NA,NA,24.3952,3.7243,3.7243,0,29.9728,29.9728,0.1008,437.4255,1984,1984,"0.04,0.08,0.12,0.16,0.3,0.47,0.54,0.6",0,1.4142,0.15,0.85,"10,20,30,40,50,60,70,80",61,NA,NA,NA,NA,NA,NA,NA,NA,NA
"SetB_8dose","SetB_8dose_SC1",1,"CRM","crm_alpha_crm",NA,NA,"alpha_crm",0.9,0,0.0714,28,1,1,7,0.22,0.391,0.4267,NA,NA,NA,12.6512,1.4894,1.4894,0,29.9728,29.9728,0.1008,437.4255,1984,1984,"0.04,0.08,0.12,0.16,0.3,0.47,0.54,0.6",0,1.4142,0.15,0.85,"10,20,30,40,50,60,70,80",61,NA,NA,NA,NA,NA,NA,NA,NA,NA
"SetB_8dose","SetB_8dose_SC1",1,"CRM","crm_alpha_crm",NA,NA,"alpha_crm",0.9,0,0.0714,28,1,1,8,0.26,0.458,0.4872,NA,NA,NA,15.877,1.1552,1.1552,0,29.9728,29.9728,0.1008,437.4255,1984,1984,"0.04,0.08,0.12,0.16,0.3,0.47,0.54,0.6",0,1.4142,0.15,0.85,"10,20,30,40,50,60,70,80",61,NA,NA,NA,NA,NA,NA,NA,NA,NA
"SetB_8dose","SetB_8dose_SC1",1,"CRM","crm_alpha_crm",NA,NA,"alpha_crm",0.9,0,0.0714,28,2,1,1,0.07,0.07,0.0369,NA,NA,NA,0,3.9889,3.9889,0,29.9728,19.7273,0.1008,336.4617,1984,1984,"0.04,0.08,0.12,0.16,0.3,0.47,0.54,0.6",0,1.4142,0.15,0.85,"10,20,30,40,50,60,70,80",61,NA,NA,NA,NA,NA,NA,NA,NA,NA
"SetB_8dose","SetB_8dose_SC1",1,"CRM","crm_alpha_crm",NA,NA,"alpha_crm",0.9,0,0.0714,28,2,1,2,0.1,0.163,0.065,NA,NA,NA,1.1593,3.8755,3.8755,3.2959,29.9728,19.7273,0.1008,336.4617,1984,1984,"0.04,0.08,0.12,0.16,0.3,0.47,0.54,0.6",0,1.4142,0.15,0.85,"10,20,30,40,50,60,70,80",61,NA,NA,NA,NA,NA,NA,NA,NA,NA
"SetB_8dose","SetB_8dose_SC1",1,"CRM","crm_alpha_crm",NA,NA,"alpha_crm",0.9,0,0.0714,28,2,1,3,0.12,0.21,0.0927,NA,NA,NA,1.9153,3.5096,3.5096,0.3987,29.9728,19.7273,0.1008,336.4617,1984,1984,"0.04,0.08,0.12,0.16,0.3,0.47,0.54,0.6",0,1.4142,0.15,0.85,"10,20,30,40,50,60,70,80",61,NA,NA,NA,NA,NA,NA,NA,NA,NA
"SetB_8dose","SetB_8dose_SC1",1,"CRM","crm_alpha_crm",NA,NA,"alpha_crm",0.9,0,0.0714,28,2,1,4,0.14,0.248,0.1207,NA,NA,NA,10.6351,5.1139,5.1139,2.6149,29.9728,19.7273,0.1008,336.4617,1984,1984,"0.04,0.08,0.12,0.16,0.3,0.47,0.54,0.6",0,1.4142,0.15,0.85,"10,20,30,40,50,60,70,80",61,NA,NA,NA,NA,NA,NA,NA,NA,NA
"SetB_8dose","SetB_8dose_SC1",1,"CRM","crm_alpha_crm",NA,NA,"alpha_crm",0.9,0,0.0714,28,2,1,5,0.17,0.296,0.2249,NA,NA,NA,35.1815,7.0993,7.0993,1.0781,29.9728,19.7273,0.1008,336.4617,1984,1984,"0.04,0.08,0.12,0.16,0.3,0.47,0.54,0.6",0,1.4142,0.15,0.85,"10,20,30,40,50,60,70,80",61,NA,NA,NA,NA,NA,NA,NA,NA,NA
"SetB_8dose","SetB_8dose_SC1",1,"CRM","crm_alpha_crm",NA,NA,"alpha_crm",0.9,0,0.0714,28,2,1,6,0.19,0.343,0.3691,NA,NA,NA,24.1431,3.7984,3.7984,1.9698,29.9728,19.7273,0.1008,336.4617,1984,1984,"0.04,0.08,0.12,0.16,0.3,0.47,0.54,0.6",0,1.4142,0.15,0.85,"10,20,30,40,50,60,70,80",61,NA,NA,NA,NA,NA,NA,NA,NA,NA
"SetB_8dose","SetB_8dose_SC1",1,"CRM","crm_alpha_crm",NA,NA,"alpha_crm",0.9,0,0.0714,28,2,1,7,0.22,0.391,0.4352,NA,NA,NA,11.3911,1.4304,1.4304,0.4748,29.9728,19.7273,0.1008,336.4617,1984,1984,"0.04,0.08,0.12,0.16,0.3,0.47,0.54,0.6",0,1.4142,0.15,0.85,"10,20,30,40,50,60,70,80",61,NA,NA,NA,NA,NA,NA,NA,NA,NA
"SetB_8dose","SetB_8dose_SC1",1,"CRM","crm_alpha_crm",NA,NA,"alpha_crm",0.9,0,0.0714,28,2,1,8,0.26,0.458,0.4954,NA,NA,NA,15.4738,1.1568,1.1568,0.4133,29.9728,19.7273,0.1008,336.4617,1984,1984,"0.04,0.08,0.12,0.16,0.3,0.47,0.54,0.6",0,1.4142,0.15,0.85,"10,20,30,40,50,60,70,80",61,NA,NA,NA,NA,NA,NA,NA,NA,NA
"SetB_8dose","SetB_8dose_SC1",1,"CRM","crm_alpha_crm",NA,NA,"alpha_crm",0.9,0,0.0714,28,3,1,1,0.07,0.07,0.0387,NA,NA,NA,0,3.9859,3.9859,0,29.9728,17.2394,0.1008,323.5948,1984,1984,"0.04,0.08,0.12,0.16,0.3,0.47,0.54,0.6",0,1.4142,0.15,0.85,"10,20,30,40,50,60,70,80",61,NA,NA,NA,NA,NA,NA,NA,NA,NA
"SetB_8dose","SetB_8dose_SC1",1,"CRM","crm_alpha_crm",NA,NA,"alpha_crm",0.9,0,0.0714,28,3,1,2,0.1,0.163,0.0675,NA,NA,NA,1.0585,3.8634,3.8634,3.2979,29.9728,17.2394,0.1008,323.5948,1984,1984,"0.04,0.08,0.12,0.16,0.3,0.47,0.54,0.6",0,1.4142,0.15,0.85,"10,20,30,40,50,60,70,80",61,NA,NA,NA,NA,NA,NA,NA,NA,NA
"SetB_8dose","SetB_8dose_SC1",1,"CRM","crm_alpha_crm",NA,NA,"alpha_crm",0.9,0,0.0714,28,3,1,3,0.12,0.21,0.0958,NA,NA,NA,2.5202,3.7213,3.7213,2.9556,29.9728,17.2394,0.1008,323.5948,1984,1984,"0.04,0.08,0.12,0.16,0.3,0.47,0.54,0.6",0,1.4142,0.15,0.85,"10,20,30,40,50,60,70,80",61,NA,NA,NA,NA,NA,NA,NA,NA,NA
"SetB_8dose","SetB_8dose_SC1",1,"CRM","crm_alpha_crm",NA,NA,"alpha_crm",0.9,0,0.0714,28,3,1,4,0.14,0.248,0.1243,NA,NA,NA,11.0383,5.0927,5.0927,0.7303,29.9728,17.2394,0.1008,323.5948,1984,1984,"0.04,0.08,0.12,0.16,0.3,0.47,0.54,0.6",0,1.4142,0.15,0.85,"10,20,30,40,50,60,70,80",61,NA,NA,NA,NA,NA,NA,NA,NA,NA
"SetB_8dose","SetB_8dose_SC1",1,"CRM","crm_alpha_crm",NA,NA,"alpha_crm",0.9,0,0.0714,28,3,1,5,0.17,0.296,0.2299,NA,NA,NA,32.9133,7.0328,7.0328,2.809,29.9728,17.2394,0.1008,323.5948,1984,1984,"0.04,0.08,0.12,0.16,0.3,0.47,0.54,0.6",0,1.4142,0.15,0.85,"10,20,30,40,50,60,70,80",61,NA,NA,NA,NA,NA,NA,NA,NA,NA
"SetB_8dose","SetB_8dose_SC1",1,"CRM","crm_alpha_crm",NA,NA,"alpha_crm",0.9,0,0.0714,28,3,1,6,0.19,0.343,0.375,NA,NA,NA,27.1673,3.88,3.88,1.941,29.9728,17.2394,0.1008,323.5948,1984,1984,"0.04,0.08,0.12,0.16,0.3,0.47,0.54,0.6",0,1.4142,0.15,0.85,"10,20,30,40,50,60,70,80",61,NA,NA,NA,NA,NA,NA,NA,NA,NA
"SetB_8dose","SetB_8dose_SC1",1,"CRM","crm_alpha_crm",NA,NA,"alpha_crm",0.9,0,0.0714,28,3,1,7,0.22,0.391,0.4412,NA,NA,NA,12.0968,1.3866,1.3866,0.5433,29.9728,17.2394,0.1008,323.5948,1984,1984,"0.04,0.08,0.12,0.16,0.3,0.47,0.54,0.6",0,1.4142,0.15,0.85,"10,20,30,40,50,60,70,80",61,NA,NA,NA,NA,NA,NA,NA,NA,NA
"SetB_8dose","SetB_8dose_SC1",1,"CRM","crm_alpha_crm",NA,NA,"alpha_crm",0.9,0,0.0714,28,3,1,8,0.26,0.458,0.5012,NA,NA,NA,13.1048,1.0101,1.0101,0.4561,29.9728,17.2394,0.1008,323.5948,1984,1984,"0.04,0.08,0.12,0.16,0.3,0.47,0.54,0.6",0,1.4142,0.15,0.85,"10,20,30,40,50,60,70,80",61,NA,NA,NA,NA,NA,NA,NA,NA,NA
"SetB_8dose","SetB_8dose_SC2",2,"CRM","crm_alpha_crm",NA,NA,"alpha_crm",0,0,0.0714,28,1,1,1,0.05,0.05,0.0322,NA,NA,NA,0,3.5806,3.5806,0,29.9864,29.9864,0.0504,437.6178,1984,1984,"0.04,0.08,0.12,0.16,0.3,0.47,0.54,0.6",0,1.4142,0.15,0.85,"10,20,30,40,50,60,70,80",61,NA,NA,NA,NA,NA,NA,NA,NA,NA
"SetB_8dose","SetB_8dose_SC2",2,"CRM","crm_alpha_crm",NA,NA,"alpha_crm",0,0,0.0714,28,1,1,2,0.08,0.08,0.0593,NA,NA,NA,0.0504,3.2465,3.2465,0,29.9864,29.9864,0.0504,437.6178,1984,1984,"0.04,0.08,0.12,0.16,0.3,0.47,0.54,0.6",0,1.4142,0.15,0.85,"10,20,30,40,50,60,70,80",61,NA,NA,NA,NA,NA,NA,NA,NA,NA
"SetB_8dose","SetB_8dose_SC2",2,"CRM","crm_alpha_crm",NA,NA,"alpha_crm",0,0,0.0714,28,1,1,3,0.1,0.1,0.0867,NA,NA,NA,0.5544,3.5066,3.5066,0,29.9864,29.9864,0.0504,437.6178,1984,1984,"0.04,0.08,0.12,0.16,0.3,0.47,0.54,0.6",0,1.4142,0.15,0.85,"10,20,30,40,50,60,70,80",61,NA,NA,NA,NA,NA,NA,NA,NA,NA
"SetB_8dose","SetB_8dose_SC2",2,"CRM","crm_alpha_crm",NA,NA,"alpha_crm",0,0,0.0714,28,1,1,4,0.15,0.15,0.1149,NA,NA,NA,9.5262,5.1411,5.1411,0,29.9864,29.9864,0.0504,437.6178,1984,1984,"0.04,0.08,0.12,0.16,0.3,0.47,0.54,0.6",0,1.4142,0.15,0.85,"10,20,30,40,50,60,70,80",61,NA,NA,NA,NA,NA,NA,NA,NA,NA
"SetB_8dose","SetB_8dose_SC2",2,"CRM","crm_alpha_crm",NA,NA,"alpha_crm",0,0,0.0714,28,1,1,5,0.2,0.2,0.2217,NA,NA,NA,37.9536,7.8538,7.8538,0,29.9864,29.9864,0.0504,437.6178,1984,1984,"0.04,0.08,0.12,0.16,0.3,0.47,0.54,0.6",0,1.4142,0.15,0.85,"10,20,30,40,50,60,70,80",61,NA,NA,NA,NA,NA,NA,NA,NA,NA
"SetB_8dose","SetB_8dose_SC2",2,"CRM","crm_alpha_crm",NA,NA,"alpha_crm",0,0,0.0714,28,1,1,6,0.22,0.22,0.371,NA,NA,NA,28.0746,4.125,4.125,0,29.9864,29.9864,0.0504,437.6178,1984,1984,"0.04,0.08,0.12,0.16,0.3,0.47,0.54,0.6",0,1.4142,0.15,0.85,"10,20,30,40,50,60,70,80",61,NA,NA,NA,NA,NA,NA,NA,NA,NA
"SetB_8dose","SetB_8dose_SC2",2,"CRM","crm_alpha_crm",NA,NA,"alpha_crm",0,0,0.0714,28,1,1,7,0.3,0.3,0.4392,NA,NA,NA,15.877,1.7495,1.7495,0,29.9864,29.9864,0.0504,437.6178,1984,1984,"0.04,0.08,0.12,0.16,0.3,0.47,0.54,0.6",0,1.4142,0.15,0.85,"10,20,30,40,50,60,70,80",61,NA,NA,NA,NA,NA,NA,NA,NA,NA
"SetB_8dose","SetB_8dose_SC2",2,"CRM","crm_alpha_crm",NA,NA,"alpha_crm",0,0,0.0714,28,1,1,8,0.45,0.45,0.501,NA,NA,NA,7.9133,0.7833,0.7833,0,29.9864,29.9864,0.0504,437.6178,1984,1984,"0.04,0.08,0.12,0.16,0.3,0.47,0.54,0.6",0,1.4142,0.15,0.85,"10,20,30,40,50,60,70,80",61,NA,NA,NA,NA,NA,NA,NA,NA,NA
"SetB_8dose","SetB_8dose_SC2",2,"CRM","crm_alpha_crm",NA,NA,"alpha_crm",0,0,0.0714,28,2,1,1,0.05,0.05,0.0238,NA,NA,NA,0,3.5262,3.5262,0,29.9864,19.9078,0.0504,335.5617,1984,1984,"0.04,0.08,0.12,0.16,0.3,0.47,0.54,0.6",0,1.4142,0.15,0.85,"10,20,30,40,50,60,70,80",61,NA,NA,NA,NA,NA,NA,NA,NA,NA
"SetB_8dose","SetB_8dose_SC2",2,"CRM","crm_alpha_crm",NA,NA,"alpha_crm",0,0,0.0714,28,2,1,2,0.08,0.08,0.0453,NA,NA,NA,0,3.2087,3.2087,3.0822,29.9864,19.9078,0.0504,335.5617,1984,1984,"0.04,0.08,0.12,0.16,0.3,0.47,0.54,0.6",0,1.4142,0.15,0.85,"10,20,30,40,50,60,70,80",61,NA,NA,NA,NA,NA,NA,NA,NA,NA
"SetB_8dose","SetB_8dose_SC2",2,"CRM","crm_alpha_crm",NA,NA,"alpha_crm",0,0,0.0714,28,2,1,3,0.1,0.1,0.0678,NA,NA,NA,0.3024,3.1618,3.1618,0.1008,29.9864,19.9078,0.0504,335.5617,1984,1984,"0.04,0.08,0.12,0.16,0.3,0.47,0.54,0.6",0,1.4142,0.15,0.85,"10,20,30,40,50,60,70,80",61,NA,NA,NA,NA,NA,NA,NA,NA,NA
"SetB_8dose","SetB_8dose_SC2",2,"CRM","crm_alpha_crm",NA,NA,"alpha_crm",0,0,0.0714,28,2,1,4,0.15,0.15,0.0916,NA,NA,NA,5.5948,4.441,4.441,2.7182,29.9864,19.9078,0.0504,335.5617,1984,1984,"0.04,0.08,0.12,0.16,0.3,0.47,0.54,0.6",0,1.4142,0.15,0.85,"10,20,30,40,50,60,70,80",61,NA,NA,NA,NA,NA,NA,NA,NA,NA
"SetB_8dose","SetB_8dose_SC2",2,"CRM","crm_alpha_crm",NA,NA,"alpha_crm",0,0,0.0714,28,2,1,5,0.2,0.2,0.1863,NA,NA,NA,28.5282,6.998,6.998,0.7152,29.9864,19.9078,0.0504,335.5617,1984,1984,"0.04,0.08,0.12,0.16,0.3,0.47,0.54,0.6",0,1.4142,0.15,0.85,"10,20,30,40,50,60,70,80",61,NA,NA,NA,NA,NA,NA,NA,NA,NA
"SetB_8dose","SetB_8dose_SC2",2,"CRM","crm_alpha_crm",NA,NA,"alpha_crm",0,0,0.0714,28,2,1,6,0.22,0.22,0.3276,NA,NA,NA,28.881,4.6119,4.6119,2.2303,29.9864,19.9078,0.0504,335.5617,1984,1984,"0.04,0.08,0.12,0.16,0.3,0.47,0.54,0.6",0,1.4142,0.15,0.85,"10,20,30,40,50,60,70,80",61,NA,NA,NA,NA,NA,NA,NA,NA,NA
"SetB_8dose","SetB_8dose_SC2",2,"CRM","crm_alpha_crm",NA,NA,"alpha_crm",0,0,0.0714,28,2,1,7,0.3,0.3,0.395,NA,NA,NA,18.9012,2.2545,2.2545,0.6053,29.9864,19.9078,0.0504,335.5617,1984,1984,"0.04,0.08,0.12,0.16,0.3,0.47,0.54,0.6",0,1.4142,0.15,0.85,"10,20,30,40,50,60,70,80",61,NA,NA,NA,NA,NA,NA,NA,NA,NA
"SetB_8dose","SetB_8dose_SC2",2,"CRM","crm_alpha_crm",NA,NA,"alpha_crm",0,0,0.0714,28,2,1,8,0.45,0.45,0.4573,NA,NA,NA,17.7419,1.7843,1.7843,0.6265,29.9864,19.9078,0.0504,335.5617,1984,1984,"0.04,0.08,0.12,0.16,0.3,0.47,0.54,0.6",0,1.4142,0.15,0.85,"10,20,30,40,50,60,70,80",61,NA,NA,NA,NA,NA,NA,NA,NA,NA
"SetB_8dose","SetB_8dose_SC2",2,"CRM","crm_alpha_crm",NA,NA,"alpha_crm",0,0,0.0714,28,3,1,1,0.05,0.05,0.0227,NA,NA,NA,0,3.5247,3.5247,0,29.9864,17.0388,0.0504,320.8457,1984,1984,"0.04,0.08,0.12,0.16,0.3,0.47,0.54,0.6",0,1.4142,0.15,0.85,"10,20,30,40,50,60,70,80",61,NA,NA,NA,NA,NA,NA,NA,NA,NA
"SetB_8dose","SetB_8dose_SC2",2,"CRM","crm_alpha_crm",NA,NA,"alpha_crm",0,0,0.0714,28,3,1,2,0.08,0.08,0.0433,NA,NA,NA,0,3.1875,3.1875,3.0771,29.9864,17.0388,0.0504,320.8457,1984,1984,"0.04,0.08,0.12,0.16,0.3,0.47,0.54,0.6",0,1.4142,0.15,0.85,"10,20,30,40,50,60,70,80",61,NA,NA,NA,NA,NA,NA,NA,NA,NA
"SetB_8dose","SetB_8dose_SC2",2,"CRM","crm_alpha_crm",NA,NA,"alpha_crm",0,0,0.0714,28,3,1,3,0.1,0.1,0.065,NA,NA,NA,0.4032,3.1588,3.1588,2.8674,29.9864,17.0388,0.0504,320.8457,1984,1984,"0.04,0.08,0.12,0.16,0.3,0.47,0.54,0.6",0,1.4142,0.15,0.85,"10,20,30,40,50,60,70,80",61,NA,NA,NA,NA,NA,NA,NA,NA,NA
"SetB_8dose","SetB_8dose_SC2",2,"CRM","crm_alpha_crm",NA,NA,"alpha_crm",0,0,0.0714,28,3,1,4,0.15,0.15,0.0881,NA,NA,NA,4.9395,4.3957,4.3957,0.2949,29.9864,17.0388,0.0504,320.8457,1984,1984,"0.04,0.08,0.12,0.16,0.3,0.47,0.54,0.6",0,1.4142,0.15,0.85,"10,20,30,40,50,60,70,80",61,NA,NA,NA,NA,NA,NA,NA,NA,NA
"SetB_8dose","SetB_8dose_SC2",2,"CRM","crm_alpha_crm",NA,NA,"alpha_crm",0,0,0.0714,28,3,1,5,0.2,0.2,0.1807,NA,NA,NA,26.7137,6.6018,6.6018,2.9173,29.9864,17.0388,0.0504,320.8457,1984,1984,"0.04,0.08,0.12,0.16,0.3,0.47,0.54,0.6",0,1.4142,0.15,0.85,"10,20,30,40,50,60,70,80",61,NA,NA,NA,NA,NA,NA,NA,NA,NA
"SetB_8dose","SetB_8dose_SC2",2,"CRM","crm_alpha_crm",NA,NA,"alpha_crm",0,0,0.0714,28,3,1,6,0.22,0.22,0.3204,NA,NA,NA,29.2843,4.6875,4.6875,2.2939,29.9864,17.0388,0.0504,320.8457,1984,1984,"0.04,0.08,0.12,0.16,0.3,0.47,0.54,0.6",0,1.4142,0.15,0.85,"10,20,30,40,50,60,70,80",61,NA,NA,NA,NA,NA,NA,NA,NA,NA
"SetB_8dose","SetB_8dose_SC2",2,"CRM","crm_alpha_crm",NA,NA,"alpha_crm",0,0,0.0714,28,3,1,7,0.3,0.3,0.3875,NA,NA,NA,19.7581,2.5645,2.5645,0.7434,29.9864,17.0388,0.0504,320.8457,1984,1984,"0.04,0.08,0.12,0.16,0.3,0.47,0.54,0.6",0,1.4142,0.15,0.85,"10,20,30,40,50,60,70,80",61,NA,NA,NA,NA,NA,NA,NA,NA,NA
"SetB_8dose","SetB_8dose_SC2",2,"CRM","crm_alpha_crm",NA,NA,"alpha_crm",0,0,0.0714,28,3,1,8,0.45,0.45,0.4499,NA,NA,NA,18.8508,1.8659,1.8659,0.7535,29.9864,17.0388,0.0504,320.8457,1984,1984,"0.04,0.08,0.12,0.16,0.3,0.47,0.54,0.6",0,1.4142,0.15,0.85,"10,20,30,40,50,60,70,80",61,NA,NA,NA,NA,NA,NA,NA,NA,NA
"SetB_8dose","SetB_8dose_SC2",2,"CRM","crm_alpha_crm",NA,NA,"alpha_crm",0.3,0,0.0714,28,1,1,1,0.05,0.05,0.0322,NA,NA,NA,0,3.5806,3.5806,0,29.9864,29.9864,0.0504,437.6178,1984,1984,"0.04,0.08,0.12,0.16,0.3,0.47,0.54,0.6",0,1.4142,0.15,0.85,"10,20,30,40,50,60,70,80",61,NA,NA,NA,NA,NA,NA,NA,NA,NA
"SetB_8dose","SetB_8dose_SC2",2,"CRM","crm_alpha_crm",NA,NA,"alpha_crm",0.3,0,0.0714,28,1,1,2,0.08,0.095,0.0593,NA,NA,NA,0.0504,3.2465,3.2465,0,29.9864,29.9864,0.0504,437.6178,1984,1984,"0.04,0.08,0.12,0.16,0.3,0.47,0.54,0.6",0,1.4142,0.15,0.85,"10,20,30,40,50,60,70,80",61,NA,NA,NA,NA,NA,NA,NA,NA,NA
"SetB_8dose","SetB_8dose_SC2",2,"CRM","crm_alpha_crm",NA,NA,"alpha_crm",0.3,0,0.0714,28,1,1,3,0.1,0.124,0.0867,NA,NA,NA,0.5544,3.5066,3.5066,0,29.9864,29.9864,0.0504,437.6178,1984,1984,"0.04,0.08,0.12,0.16,0.3,0.47,0.54,0.6",0,1.4142,0.15,0.85,"10,20,30,40,50,60,70,80",61,NA,NA,NA,NA,NA,NA,NA,NA,NA
"SetB_8dose","SetB_8dose_SC2",2,"CRM","crm_alpha_crm",NA,NA,"alpha_crm",0.3,0,0.0714,28,1,1,4,0.15,0.18,0.1149,NA,NA,NA,9.5262,5.1411,5.1411,0,29.9864,29.9864,0.0504,437.6178,1984,1984,"0.04,0.08,0.12,0.16,0.3,0.47,0.54,0.6",0,1.4142,0.15,0.85,"10,20,30,40,50,60,70,80",61,NA,NA,NA,NA,NA,NA,NA,NA,NA
"SetB_8dose","SetB_8dose_SC2",2,"CRM","crm_alpha_crm",NA,NA,"alpha_crm",0.3,0,0.0714,28,1,1,5,0.2,0.245,0.2217,NA,NA,NA,37.9536,7.8538,7.8538,0,29.9864,29.9864,0.0504,437.6178,1984,1984,"0.04,0.08,0.12,0.16,0.3,0.47,0.54,0.6",0,1.4142,0.15,0.85,"10,20,30,40,50,60,70,80",61,NA,NA,NA,NA,NA,NA,NA,NA,NA
"SetB_8dose","SetB_8dose_SC2",2,"CRM","crm_alpha_crm",NA,NA,"alpha_crm",0.3,0,0.0714,28,1,1,6,0.22,0.28,0.371,NA,NA,NA,28.0746,4.125,4.125,0,29.9864,29.9864,0.0504,437.6178,1984,1984,"0.04,0.08,0.12,0.16,0.3,0.47,0.54,0.6",0,1.4142,0.15,0.85,"10,20,30,40,50,60,70,80",61,NA,NA,NA,NA,NA,NA,NA,NA,NA
"SetB_8dose","SetB_8dose_SC2",2,"CRM","crm_alpha_crm",NA,NA,"alpha_crm",0.3,0,0.0714,28,1,1,7,0.3,0.366,0.4392,NA,NA,NA,15.877,1.7495,1.7495,0,29.9864,29.9864,0.0504,437.6178,1984,1984,"0.04,0.08,0.12,0.16,0.3,0.47,0.54,0.6",0,1.4142,0.15,0.85,"10,20,30,40,50,60,70,80",61,NA,NA,NA,NA,NA,NA,NA,NA,NA
"SetB_8dose","SetB_8dose_SC2",2,"CRM","crm_alpha_crm",NA,NA,"alpha_crm",0.3,0,0.0714,28,1,1,8,0.45,0.54,0.501,NA,NA,NA,7.9133,0.7833,0.7833,0,29.9864,29.9864,0.0504,437.6178,1984,1984,"0.04,0.08,0.12,0.16,0.3,0.47,0.54,0.6",0,1.4142,0.15,0.85,"10,20,30,40,50,60,70,80",61,NA,NA,NA,NA,NA,NA,NA,NA,NA
"SetB_8dose","SetB_8dose_SC2",2,"CRM","crm_alpha_crm",NA,NA,"alpha_crm",0.3,0,0.0714,28,2,1,1,0.05,0.05,0.0267,NA,NA,NA,0,3.5398,3.5398,0,29.9864,19.9304,0.0504,335.794,1984,1984,"0.04,0.08,0.12,0.16,0.3,0.47,0.54,0.6",0,1.4142,0.15,0.85,"10,20,30,40,50,60,70,80",61,NA,NA,NA,NA,NA,NA,NA,NA,NA
"SetB_8dose","SetB_8dose_SC2",2,"CRM","crm_alpha_crm",NA,NA,"alpha_crm",0.3,0,0.0714,28,2,1,2,0.08,0.095,0.0501,NA,NA,NA,0,3.2843,3.2843,3.0978,29.9864,19.9304,0.0504,335.794,1984,1984,"0.04,0.08,0.12,0.16,0.3,0.47,0.54,0.6",0,1.4142,0.15,0.85,"10,20,30,40,50,60,70,80",61,NA,NA,NA,NA,NA,NA,NA,NA,NA
"SetB_8dose","SetB_8dose_SC2",2,"CRM","crm_alpha_crm",NA,NA,"alpha_crm",0.3,0,0.0714,28,2,1,3,0.1,0.124,0.0743,NA,NA,NA,0.504,3.2238,3.2238,0.1502,29.9864,19.9304,0.0504,335.794,1984,1984,"0.04,0.08,0.12,0.16,0.3,0.47,0.54,0.6",0,1.4142,0.15,0.85,"10,20,30,40,50,60,70,80",61,NA,NA,NA,NA,NA,NA,NA,NA,NA
"SetB_8dose","SetB_8dose_SC2",2,"CRM","crm_alpha_crm",NA,NA,"alpha_crm",0.3,0,0.0714,28,2,1,4,0.15,0.18,0.0996,NA,NA,NA,6.502,4.6331,4.6331,2.7208,29.9864,19.9304,0.0504,335.794,1984,1984,"0.04,0.08,0.12,0.16,0.3,0.47,0.54,0.6",0,1.4142,0.15,0.85,"10,20,30,40,50,60,70,80",61,NA,NA,NA,NA,NA,NA,NA,NA,NA
"SetB_8dose","SetB_8dose_SC2",2,"CRM","crm_alpha_crm",NA,NA,"alpha_crm",0.3,0,0.0714,28,2,1,5,0.2,0.245,0.1984,NA,NA,NA,31.5524,7.2308,7.2308,0.811,29.9864,19.9304,0.0504,335.794,1984,1984,"0.04,0.08,0.12,0.16,0.3,0.47,0.54,0.6",0,1.4142,0.15,0.85,"10,20,30,40,50,60,70,80",61,NA,NA,NA,NA,NA,NA,NA,NA,NA
"SetB_8dose","SetB_8dose_SC2",2,"CRM","crm_alpha_crm",NA,NA,"alpha_crm",0.3,0,0.0714,28,2,1,6,0.22,0.28,0.3425,NA,NA,NA,29.0323,4.5953,4.5953,2.1739,29.9864,19.9304,0.0504,335.794,1984,1984,"0.04,0.08,0.12,0.16,0.3,0.47,0.54,0.6",0,1.4142,0.15,0.85,"10,20,30,40,50,60,70,80",61,NA,NA,NA,NA,NA,NA,NA,NA,NA
"SetB_8dose","SetB_8dose_SC2",2,"CRM","crm_alpha_crm",NA,NA,"alpha_crm",0.3,0,0.0714,28,2,1,7,0.3,0.366,0.4102,NA,NA,NA,17.5907,2.0292,2.0292,0.561,29.9864,19.9304,0.0504,335.794,1984,1984,"0.04,0.08,0.12,0.16,0.3,0.47,0.54,0.6",0,1.4142,0.15,0.85,"10,20,30,40,50,60,70,80",61,NA,NA,NA,NA,NA,NA,NA,NA,NA
"SetB_8dose","SetB_8dose_SC2",2,"CRM","crm_alpha_crm",NA,NA,"alpha_crm",0.3,0,0.0714,28,2,1,8,0.45,0.54,0.4723,NA,NA,NA,14.7681,1.4501,1.4501,0.5413,29.9864,19.9304,0.0504,335.794,1984,1984,"0.04,0.08,0.12,0.16,0.3,0.47,0.54,0.6",0,1.4142,0.15,0.85,"10,20,30,40,50,60,70,80",61,NA,NA,NA,NA,NA,NA,NA,NA,NA
"SetB_8dose","SetB_8dose_SC2",2,"CRM","crm_alpha_crm",NA,NA,"alpha_crm",0.3,0,0.0714,28,3,1,1,0.05,0.05,0.0265,NA,NA,NA,0,3.5383,3.5383,0,29.9864,17.192,0.0504,321.9318,1984,1984,"0.04,0.08,0.12,0.16,0.3,0.47,0.54,0.6",0,1.4142,0.15,0.85,"10,20,30,40,50,60,70,80",61,NA,NA,NA,NA,NA,NA,NA,NA,NA
"SetB_8dose","SetB_8dose_SC2",2,"CRM","crm_alpha_crm",NA,NA,"alpha_crm",0.3,0,0.0714,28,3,1,2,0.08,0.095,0.0497,NA,NA,NA,0,3.2571,3.2571,3.0912,29.9864,17.192,0.0504,321.9318,1984,1984,"0.04,0.08,0.12,0.16,0.3,0.47,0.54,0.6",0,1.4142,0.15,0.85,"10,20,30,40,50,60,70,80",61,NA,NA,NA,NA,NA,NA,NA,NA,NA
"SetB_8dose","SetB_8dose_SC2",2,"CRM","crm_alpha_crm",NA,NA,"alpha_crm",0.3,0,0.0714,28,3,1,3,0.1,0.124,0.0736,NA,NA,NA,0.6048,3.251,3.251,2.8624,29.9864,17.192,0.0504,321.9318,1984,1984,"0.04,0.08,0.12,0.16,0.3,0.47,0.54,0.6",0,1.4142,0.15,0.85,"10,20,30,40,50,60,70,80",61,NA,NA,NA,NA,NA,NA,NA,NA,NA
"SetB_8dose","SetB_8dose_SC2",2,"CRM","crm_alpha_crm",NA,NA,"alpha_crm",0.3,0,0.0714,28,3,1,4,0.15,0.18,0.0986,NA,NA,NA,6.502,4.6391,4.6391,0.3997,29.9864,17.192,0.0504,321.9318,1984,1984,"0.04,0.08,0.12,0.16,0.3,0.47,0.54,0.6",0,1.4142,0.15,0.85,"10,20,30,40,50,60,70,80",61,NA,NA,NA,NA,NA,NA,NA,NA,NA
"SetB_8dose","SetB_8dose_SC2",2,"CRM","crm_alpha_crm",NA,NA,"alpha_crm",0.3,0,0.0714,28,3,1,5,0.2,0.245,0.1967,NA,NA,NA,30.0907,6.9602,6.9602,2.9395,29.9864,17.192,0.0504,321.9318,1984,1984,"0.04,0.08,0.12,0.16,0.3,0.47,0.54,0.6",0,1.4142,0.15,0.85,"10,20,30,40,50,60,70,80",61,NA,NA,NA,NA,NA,NA,NA,NA,NA
"SetB_8dose","SetB_8dose_SC2",2,"CRM","crm_alpha_crm",NA,NA,"alpha_crm",0.3,0,0.0714,28,3,1,6,0.22,0.28,0.34,NA,NA,NA,29.6371,4.6663,4.6663,2.1678,29.9864,17.192,0.0504,321.9318,1984,1984,"0.04,0.08,0.12,0.16,0.3,0.47,0.54,0.6",0,1.4142,0.15,0.85,"10,20,30,40,50,60,70,80",61,NA,NA,NA,NA,NA,NA,NA,NA,NA
"SetB_8dose","SetB_8dose_SC2",2,"CRM","crm_alpha_crm",NA,NA,"alpha_crm",0.3,0,0.0714,28,3,1,7,0.3,0.366,0.4074,NA,NA,NA,18.3468,2.1774,2.1774,0.692,29.9864,17.192,0.0504,321.9318,1984,1984,"0.04,0.08,0.12,0.16,0.3,0.47,0.54,0.6",0,1.4142,0.15,0.85,"10,20,30,40,50,60,70,80",61,NA,NA,NA,NA,NA,NA,NA,NA,NA
"SetB_8dose","SetB_8dose_SC2",2,"CRM","crm_alpha_crm",NA,NA,"alpha_crm",0.3,0,0.0714,28,3,1,8,0.45,0.54,0.4695,NA,NA,NA,14.7681,1.497,1.497,0.6416,29.9864,17.192,0.0504,321.9318,1984,1984,"0.04,0.08,0.12,0.16,0.3,0.47,0.54,0.6",0,1.4142,0.15,0.85,"10,20,30,40,50,60,70,80",61,NA,NA,NA,NA,NA,NA,NA,NA,NA
"SetB_8dose","SetB_8dose_SC2",2,"CRM","crm_alpha_crm",NA,NA,"alpha_crm",0.6,0,0.0714,28,1,1,1,0.05,0.05,0.0322,NA,NA,NA,0,3.5806,3.5806,0,29.9864,29.9864,0.0504,437.6178,1984,1984,"0.04,0.08,0.12,0.16,0.3,0.47,0.54,0.6",0,1.4142,0.15,0.85,"10,20,30,40,50,60,70,80",61,NA,NA,NA,NA,NA,NA,NA,NA,NA
"SetB_8dose","SetB_8dose_SC2",2,"CRM","crm_alpha_crm",NA,NA,"alpha_crm",0.6,0,0.0714,28,1,1,2,0.08,0.11,0.0593,NA,NA,NA,0.0504,3.2465,3.2465,0,29.9864,29.9864,0.0504,437.6178,1984,1984,"0.04,0.08,0.12,0.16,0.3,0.47,0.54,0.6",0,1.4142,0.15,0.85,"10,20,30,40,50,60,70,80",61,NA,NA,NA,NA,NA,NA,NA,NA,NA
"SetB_8dose","SetB_8dose_SC2",2,"CRM","crm_alpha_crm",NA,NA,"alpha_crm",0.6,0,0.0714,28,1,1,3,0.1,0.148,0.0867,NA,NA,NA,0.5544,3.5066,3.5066,0,29.9864,29.9864,0.0504,437.6178,1984,1984,"0.04,0.08,0.12,0.16,0.3,0.47,0.54,0.6",0,1.4142,0.15,0.85,"10,20,30,40,50,60,70,80",61,NA,NA,NA,NA,NA,NA,NA,NA,NA
"SetB_8dose","SetB_8dose_SC2",2,"CRM","crm_alpha_crm",NA,NA,"alpha_crm",0.6,0,0.0714,28,1,1,4,0.15,0.21,0.1149,NA,NA,NA,9.5262,5.1411,5.1411,0,29.9864,29.9864,0.0504,437.6178,1984,1984,"0.04,0.08,0.12,0.16,0.3,0.47,0.54,0.6",0,1.4142,0.15,0.85,"10,20,30,40,50,60,70,80",61,NA,NA,NA,NA,NA,NA,NA,NA,NA
"SetB_8dose","SetB_8dose_SC2",2,"CRM","crm_alpha_crm",NA,NA,"alpha_crm",0.6,0,0.0714,28,1,1,5,0.2,0.29,0.2217,NA,NA,NA,37.9536,7.8538,7.8538,0,29.9864,29.9864,0.0504,437.6178,1984,1984,"0.04,0.08,0.12,0.16,0.3,0.47,0.54,0.6",0,1.4142,0.15,0.85,"10,20,30,40,50,60,70,80",61,NA,NA,NA,NA,NA,NA,NA,NA,NA
"SetB_8dose","SetB_8dose_SC2",2,"CRM","crm_alpha_crm",NA,NA,"alpha_crm",0.6,0,0.0714,28,1,1,6,0.22,0.34,0.371,NA,NA,NA,28.0746,4.125,4.125,0,29.9864,29.9864,0.0504,437.6178,1984,1984,"0.04,0.08,0.12,0.16,0.3,0.47,0.54,0.6",0,1.4142,0.15,0.85,"10,20,30,40,50,60,70,80",61,NA,NA,NA,NA,NA,NA,NA,NA,NA
"SetB_8dose","SetB_8dose_SC2",2,"CRM","crm_alpha_crm",NA,NA,"alpha_crm",0.6,0,0.0714,28,1,1,7,0.3,0.432,0.4392,NA,NA,NA,15.877,1.7495,1.7495,0,29.9864,29.9864,0.0504,437.6178,1984,1984,"0.04,0.08,0.12,0.16,0.3,0.47,0.54,0.6",0,1.4142,0.15,0.85,"10,20,30,40,50,60,70,80",61,NA,NA,NA,NA,NA,NA,NA,NA,NA
"SetB_8dose","SetB_8dose_SC2",2,"CRM","crm_alpha_crm",NA,NA,"alpha_crm",0.6,0,0.0714,28,1,1,8,0.45,0.63,0.501,NA,NA,NA,7.9133,0.7833,0.7833,0,29.9864,29.9864,0.0504,437.6178,1984,1984,"0.04,0.08,0.12,0.16,0.3,0.47,0.54,0.6",0,1.4142,0.15,0.85,"10,20,30,40,50,60,70,80",61,NA,NA,NA,NA,NA,NA,NA,NA,NA
"SetB_8dose","SetB_8dose_SC2",2,"CRM","crm_alpha_crm",NA,NA,"alpha_crm",0.6,0,0.0714,28,2,1,1,0.05,0.05,0.0295,NA,NA,NA,0,3.5534,3.5534,0,29.9864,19.9899,0.0504,336.3979,1984,1984,"0.04,0.08,0.12,0.16,0.3,0.47,0.54,0.6",0,1.4142,0.15,0.85,"10,20,30,40,50,60,70,80",61,NA,NA,NA,NA,NA,NA,NA,NA,NA
"SetB_8dose","SetB_8dose_SC2",2,"CRM","crm_alpha_crm",NA,NA,"alpha_crm",0.6,0,0.0714,28,2,1,2,0.08,0.11,0.0548,NA,NA,NA,0,3.3569,3.3569,3.1134,29.9864,19.9899,0.0504,336.3979,1984,1984,"0.04,0.08,0.12,0.16,0.3,0.47,0.54,0.6",0,1.4142,0.15,0.85,"10,20,30,40,50,60,70,80",61,NA,NA,NA,NA,NA,NA,NA,NA,NA
"SetB_8dose","SetB_8dose_SC2",2,"CRM","crm_alpha_crm",NA,NA,"alpha_crm",0.6,0,0.0714,28,2,1,3,0.1,0.148,0.0805,NA,NA,NA,0.756,3.2465,3.2465,0.186,29.9864,19.9899,0.0504,336.3979,1984,1984,"0.04,0.08,0.12,0.16,0.3,0.47,0.54,0.6",0,1.4142,0.15,0.85,"10,20,30,40,50,60,70,80",61,NA,NA,NA,NA,NA,NA,NA,NA,NA
"SetB_8dose","SetB_8dose_SC2",2,"CRM","crm_alpha_crm",NA,NA,"alpha_crm",0.6,0,0.0714,28,2,1,4,0.15,0.21,0.1072,NA,NA,NA,7.4093,4.8599,4.8599,2.7092,29.9864,19.9899,0.0504,336.3979,1984,1984,"0.04,0.08,0.12,0.16,0.3,0.47,0.54,0.6",0,1.4142,0.15,0.85,"10,20,30,40,50,60,70,80",61,NA,NA,NA,NA,NA,NA,NA,NA,NA
"SetB_8dose","SetB_8dose_SC2",2,"CRM","crm_alpha_crm",NA,NA,"alpha_crm",0.6,0,0.0714,28,2,1,5,0.2,0.29,0.2099,NA,NA,NA,34.7782,7.432,7.432,0.8846,29.9864,19.9899,0.0504,336.3979,1984,1984,"0.04,0.08,0.12,0.16,0.3,0.47,0.54,0.6",0,1.4142,0.15,0.85,"10,20,30,40,50,60,70,80",61,NA,NA,NA,NA,NA,NA,NA,NA,NA
"SetB_8dose","SetB_8dose_SC2",2,"CRM","crm_alpha_crm",NA,NA,"alpha_crm",0.6,0,0.0714,28,2,1,6,0.22,0.34,0.3563,NA,NA,NA,28.5786,4.4637,4.4637,2.1084,29.9864,19.9899,0.0504,336.3979,1984,1984,"0.04,0.08,0.12,0.16,0.3,0.47,0.54,0.6",0,1.4142,0.15,0.85,"10,20,30,40,50,60,70,80",61,NA,NA,NA,NA,NA,NA,NA,NA,NA
"SetB_8dose","SetB_8dose_SC2",2,"CRM","crm_alpha_crm",NA,NA,"alpha_crm",0.6,0,0.0714,28,2,1,7,0.3,0.432,0.4242,NA,NA,NA,16.7843,1.8841,1.8841,0.5333,29.9864,19.9899,0.0504,336.3979,1984,1984,"0.04,0.08,0.12,0.16,0.3,0.47,0.54,0.6",0,1.4142,0.15,0.85,"10,20,30,40,50,60,70,80",61,NA,NA,NA,NA,NA,NA,NA,NA,NA
"SetB_8dose","SetB_8dose_SC2",2,"CRM","crm_alpha_crm",NA,NA,"alpha_crm",0.6,0,0.0714,28,2,1,8,0.45,0.63,0.4861,NA,NA,NA,11.6431,1.19,1.19,0.4617,29.9864,19.9899,0.0504,336.3979,1984,1984,"0.04,0.08,0.12,0.16,0.3,0.47,0.54,0.6",0,1.4142,0.15,0.85,"10,20,30,40,50,60,70,80",61,NA,NA,NA,NA,NA,NA,NA,NA,NA
"SetB_8dose","SetB_8dose_SC2",2,"CRM","crm_alpha_crm",NA,NA,"alpha_crm",0.6,0,0.0714,28,3,1,1,0.05,0.05,0.0303,NA,NA,NA,0,3.5534,3.5534,0,29.9864,17.3896,0.0504,322.7015,1984,1984,"0.04,0.08,0.12,0.16,0.3,0.47,0.54,0.6",0,1.4142,0.15,0.85,"10,20,30,40,50,60,70,80",61,NA,NA,NA,NA,NA,NA,NA,NA,NA
"SetB_8dose","SetB_8dose_SC2",2,"CRM","crm_alpha_crm",NA,NA,"alpha_crm",0.6,0,0.0714,28,3,1,2,0.08,0.11,0.0559,NA,NA,NA,0.0504,3.3402,3.3402,3.1119,29.9864,17.3896,0.0504,322.7015,1984,1984,"0.04,0.08,0.12,0.16,0.3,0.47,0.54,0.6",0,1.4142,0.15,0.85,"10,20,30,40,50,60,70,80",61,NA,NA,NA,NA,NA,NA,NA,NA,NA
"SetB_8dose","SetB_8dose_SC2",2,"CRM","crm_alpha_crm",NA,NA,"alpha_crm",0.6,0,0.0714,28,3,1,3,0.1,0.148,0.0819,NA,NA,NA,0.6552,3.2994,3.2994,2.8503,29.9864,17.3896,0.0504,322.7015,1984,1984,"0.04,0.08,0.12,0.16,0.3,0.47,0.54,0.6",0,1.4142,0.15,0.85,"10,20,30,40,50,60,70,80",61,NA,NA,NA,NA,NA,NA,NA,NA,NA
"SetB_8dose","SetB_8dose_SC2",2,"CRM","crm_alpha_crm",NA,NA,"alpha_crm",0.6,0,0.0714,28,3,1,4,0.15,0.21,0.1087,NA,NA,NA,7.5605,4.8856,4.8856,0.4783,29.9864,17.3896,0.0504,322.7015,1984,1984,"0.04,0.08,0.12,0.16,0.3,0.47,0.54,0.6",0,1.4142,0.15,0.85,"10,20,30,40,50,60,70,80",61,NA,NA,NA,NA,NA,NA,NA,NA,NA
"SetB_8dose","SetB_8dose_SC2",2,"CRM","crm_alpha_crm",NA,NA,"alpha_crm",0.6,0,0.0714,28,3,1,5,0.2,0.29,0.2116,NA,NA,NA,34.2742,7.4259,7.4259,2.9844,29.9864,17.3896,0.0504,322.7015,1984,1984,"0.04,0.08,0.12,0.16,0.3,0.47,0.54,0.6",0,1.4142,0.15,0.85,"10,20,30,40,50,60,70,80",61,NA,NA,NA,NA,NA,NA,NA,NA,NA
"SetB_8dose","SetB_8dose_SC2",2,"CRM","crm_alpha_crm",NA,NA,"alpha_crm",0.6,0,0.0714,28,3,1,6,0.22,0.34,0.3578,NA,NA,NA,29.4859,4.3684,4.3684,2.0202,29.9864,17.3896,0.0504,322.7015,1984,1984,"0.04,0.08,0.12,0.16,0.3,0.47,0.54,0.6",0,1.4142,0.15,0.85,"10,20,30,40,50,60,70,80",61,NA,NA,NA,NA,NA,NA,NA,NA,NA
"SetB_8dose","SetB_8dose_SC2",2,"CRM","crm_alpha_crm",NA,NA,"alpha_crm",0.6,0,0.0714,28,3,1,7,0.3,0.432,0.4254,NA,NA,NA,16.6331,1.9173,1.9173,0.6149,29.9864,17.3896,0.0504,322.7015,1984,1984,"0.04,0.08,0.12,0.16,0.3,0.47,0.54,0.6",0,1.4142,0.15,0.85,"10,20,30,40,50,60,70,80",61,NA,NA,NA,NA,NA,NA,NA,NA,NA
"SetB_8dose","SetB_8dose_SC2",2,"CRM","crm_alpha_crm",NA,NA,"alpha_crm",0.6,0,0.0714,28,3,1,8,0.45,0.63,0.4871,NA,NA,NA,11.2903,1.1961,1.1961,0.5368,29.9864,17.3896,0.0504,322.7015,1984,1984,"0.04,0.08,0.12,0.16,0.3,0.47,0.54,0.6",0,1.4142,0.15,0.85,"10,20,30,40,50,60,70,80",61,NA,NA,NA,NA,NA,NA,NA,NA,NA
"SetB_8dose","SetB_8dose_SC2",2,"CRM","crm_alpha_crm",NA,NA,"alpha_crm",0.9,0,0.0714,28,1,1,1,0.05,0.05,0.0322,NA,NA,NA,0,3.5806,3.5806,0,29.9864,29.9864,0.0504,437.6178,1984,1984,"0.04,0.08,0.12,0.16,0.3,0.47,0.54,0.6",0,1.4142,0.15,0.85,"10,20,30,40,50,60,70,80",61,NA,NA,NA,NA,NA,NA,NA,NA,NA
"SetB_8dose","SetB_8dose_SC2",2,"CRM","crm_alpha_crm",NA,NA,"alpha_crm",0.9,0,0.0714,28,1,1,2,0.08,0.125,0.0593,NA,NA,NA,0.0504,3.2465,3.2465,0,29.9864,29.9864,0.0504,437.6178,1984,1984,"0.04,0.08,0.12,0.16,0.3,0.47,0.54,0.6",0,1.4142,0.15,0.85,"10,20,30,40,50,60,70,80",61,NA,NA,NA,NA,NA,NA,NA,NA,NA
"SetB_8dose","SetB_8dose_SC2",2,"CRM","crm_alpha_crm",NA,NA,"alpha_crm",0.9,0,0.0714,28,1,1,3,0.1,0.172,0.0867,NA,NA,NA,0.5544,3.5066,3.5066,0,29.9864,29.9864,0.0504,437.6178,1984,1984,"0.04,0.08,0.12,0.16,0.3,0.47,0.54,0.6",0,1.4142,0.15,0.85,"10,20,30,40,50,60,70,80",61,NA,NA,NA,NA,NA,NA,NA,NA,NA
"SetB_8dose","SetB_8dose_SC2",2,"CRM","crm_alpha_crm",NA,NA,"alpha_crm",0.9,0,0.0714,28,1,1,4,0.15,0.24,0.1149,NA,NA,NA,9.5262,5.1411,5.1411,0,29.9864,29.9864,0.0504,437.6178,1984,1984,"0.04,0.08,0.12,0.16,0.3,0.47,0.54,0.6",0,1.4142,0.15,0.85,"10,20,30,40,50,60,70,80",61,NA,NA,NA,NA,NA,NA,NA,NA,NA
"SetB_8dose","SetB_8dose_SC2",2,"CRM","crm_alpha_crm",NA,NA,"alpha_crm",0.9,0,0.0714,28,1,1,5,0.2,0.335,0.2217,NA,NA,NA,37.9536,7.8538,7.8538,0,29.9864,29.9864,0.0504,437.6178,1984,1984,"0.04,0.08,0.12,0.16,0.3,0.47,0.54,0.6",0,1.4142,0.15,0.85,"10,20,30,40,50,60,70,80",61,NA,NA,NA,NA,NA,NA,NA,NA,NA
"SetB_8dose","SetB_8dose_SC2",2,"CRM","crm_alpha_crm",NA,NA,"alpha_crm",0.9,0,0.0714,28,1,1,6,0.22,0.4,0.371,NA,NA,NA,28.0746,4.125,4.125,0,29.9864,29.9864,0.0504,437.6178,1984,1984,"0.04,0.08,0.12,0.16,0.3,0.47,0.54,0.6",0,1.4142,0.15,0.85,"10,20,30,40,50,60,70,80",61,NA,NA,NA,NA,NA,NA,NA,NA,NA
"SetB_8dose","SetB_8dose_SC2",2,"CRM","crm_alpha_crm",NA,NA,"alpha_crm",0.9,0,0.0714,28,1,1,7,0.3,0.498,0.4392,NA,NA,NA,15.877,1.7495,1.7495,0,29.9864,29.9864,0.0504,437.6178,1984,1984,"0.04,0.08,0.12,0.16,0.3,0.47,0.54,0.6",0,1.4142,0.15,0.85,"10,20,30,40,50,60,70,80",61,NA,NA,NA,NA,NA,NA,NA,NA,NA
"SetB_8dose","SetB_8dose_SC2",2,"CRM","crm_alpha_crm",NA,NA,"alpha_crm",0.9,0,0.0714,28,1,1,8,0.45,0.72,0.501,NA,NA,NA,7.9133,0.7833,0.7833,0,29.9864,29.9864,0.0504,437.6178,1984,1984,"0.04,0.08,0.12,0.16,0.3,0.47,0.54,0.6",0,1.4142,0.15,0.85,"10,20,30,40,50,60,70,80",61,NA,NA,NA,NA,NA,NA,NA,NA,NA
"SetB_8dose","SetB_8dose_SC2",2,"CRM","crm_alpha_crm",NA,NA,"alpha_crm",0.9,0,0.0714,28,2,1,1,0.05,0.05,0.0327,NA,NA,NA,0,3.5685,3.5685,0,29.9864,20.0227,0.0504,336.6111,1984,1984,"0.04,0.08,0.12,0.16,0.3,0.47,0.54,0.6",0,1.4142,0.15,0.85,"10,20,30,40,50,60,70,80",61,NA,NA,NA,NA,NA,NA,NA,NA,NA
"SetB_8dose","SetB_8dose_SC2",2,"CRM","crm_alpha_crm",NA,NA,"alpha_crm",0.9,0,0.0714,28,2,1,2,0.08,0.125,0.0599,NA,NA,NA,0.1512,3.4536,3.4536,3.1351,29.9864,20.0227,0.0504,336.6111,1984,1984,"0.04,0.08,0.12,0.16,0.3,0.47,0.54,0.6",0,1.4142,0.15,0.85,"10,20,30,40,50,60,70,80",61,NA,NA,NA,NA,NA,NA,NA,NA,NA
"SetB_8dose","SetB_8dose_SC2",2,"CRM","crm_alpha_crm",NA,NA,"alpha_crm",0.9,0,0.0714,28,2,1,3,0.1,0.172,0.0873,NA,NA,NA,0.9073,3.316,3.316,0.251,29.9864,20.0227,0.0504,336.6111,1984,1984,"0.04,0.08,0.12,0.16,0.3,0.47,0.54,0.6",0,1.4142,0.15,0.85,"10,20,30,40,50,60,70,80",61,NA,NA,NA,NA,NA,NA,NA,NA,NA
"SetB_8dose","SetB_8dose_SC2",2,"CRM","crm_alpha_crm",NA,NA,"alpha_crm",0.9,0,0.0714,28,2,1,4,0.15,0.24,0.1154,NA,NA,NA,8.7198,5.0776,5.0776,2.7016,29.9864,20.0227,0.0504,336.6111,1984,1984,"0.04,0.08,0.12,0.16,0.3,0.47,0.54,0.6",0,1.4142,0.15,0.85,"10,20,30,40,50,60,70,80",61,NA,NA,NA,NA,NA,NA,NA,NA,NA
"SetB_8dose","SetB_8dose_SC2",2,"CRM","crm_alpha_crm",NA,NA,"alpha_crm",0.9,0,0.0714,28,2,1,5,0.2,0.335,0.2216,NA,NA,NA,37.5,7.6028,7.6028,0.9572,29.9864,20.0227,0.0504,336.6111,1984,1984,"0.04,0.08,0.12,0.16,0.3,0.47,0.54,0.6",0,1.4142,0.15,0.85,"10,20,30,40,50,60,70,80",61,NA,NA,NA,NA,NA,NA,NA,NA,NA
"SetB_8dose","SetB_8dose_SC2",2,"CRM","crm_alpha_crm",NA,NA,"alpha_crm",0.9,0,0.0714,28,2,1,6,0.22,0.4,0.3699,NA,NA,NA,28.3266,4.3352,4.3352,2.0141,29.9864,20.0227,0.0504,336.6111,1984,1984,"0.04,0.08,0.12,0.16,0.3,0.47,0.54,0.6",0,1.4142,0.15,0.85,"10,20,30,40,50,60,70,80",61,NA,NA,NA,NA,NA,NA,NA,NA,NA
"SetB_8dose","SetB_8dose_SC2",2,"CRM","crm_alpha_crm",NA,NA,"alpha_crm",0.9,0,0.0714,28,2,1,7,0.3,0.498,0.4378,NA,NA,NA,14.5161,1.6482,1.6482,0.501,29.9864,20.0227,0.0504,336.6111,1984,1984,"0.04,0.08,0.12,0.16,0.3,0.47,0.54,0.6",0,1.4142,0.15,0.85,"10,20,30,40,50,60,70,80",61,NA,NA,NA,NA,NA,NA,NA,NA,NA
"SetB_8dose","SetB_8dose_SC2",2,"CRM","crm_alpha_crm",NA,NA,"alpha_crm",0.9,0,0.0714,28,2,1,8,0.45,0.72,0.4994,NA,NA,NA,9.8286,0.9844,0.9844,0.4037,29.9864,20.0227,0.0504,336.6111,1984,1984,"0.04,0.08,0.12,0.16,0.3,0.47,0.54,0.6",0,1.4142,0.15,0.85,"10,20,30,40,50,60,70,80",61,NA,NA,NA,NA,NA,NA,NA,NA,NA
"SetB_8dose","SetB_8dose_SC2",2,"CRM","crm_alpha_crm",NA,NA,"alpha_crm",0.9,0,0.0714,28,3,1,1,0.05,0.05,0.0341,NA,NA,NA,0,3.5685,3.5685,0,29.9864,17.5136,0.0504,323.0011,1984,1984,"0.04,0.08,0.12,0.16,0.3,0.47,0.54,0.6",0,1.4142,0.15,0.85,"10,20,30,40,50,60,70,80",61,NA,NA,NA,NA,NA,NA,NA,NA,NA
"SetB_8dose","SetB_8dose_SC2",2,"CRM","crm_alpha_crm",NA,NA,"alpha_crm",0.9,0,0.0714,28,3,1,2,0.08,0.125,0.0619,NA,NA,NA,0.2016,3.4491,3.4491,3.1366,29.9864,17.5136,0.0504,323.0011,1984,1984,"0.04,0.08,0.12,0.16,0.3,0.47,0.54,0.6",0,1.4142,0.15,0.85,"10,20,30,40,50,60,70,80",61,NA,NA,NA,NA,NA,NA,NA,NA,NA
"SetB_8dose","SetB_8dose_SC2",2,"CRM","crm_alpha_crm",NA,NA,"alpha_crm",0.9,0,0.0714,28,3,1,3,0.1,0.172,0.0896,NA,NA,NA,1.0585,3.4204,3.4204,2.8785,29.9864,17.5136,0.0504,323.0011,1984,1984,"0.04,0.08,0.12,0.16,0.3,0.47,0.54,0.6",0,1.4142,0.15,0.85,"10,20,30,40,50,60,70,80",61,NA,NA,NA,NA,NA,NA,NA,NA,NA
"SetB_8dose","SetB_8dose_SC2",2,"CRM","crm_alpha_crm",NA,NA,"alpha_crm",0.9,0,0.0714,28,3,1,4,0.15,0.24,0.118,NA,NA,NA,8.871,5.0565,5.0565,0.5675,29.9864,17.5136,0.0504,323.0011,1984,1984,"0.04,0.08,0.12,0.16,0.3,0.47,0.54,0.6",0,1.4142,0.15,0.85,"10,20,30,40,50,60,70,80",61,NA,NA,NA,NA,NA,NA,NA,NA,NA
"SetB_8dose","SetB_8dose_SC2",2,"CRM","crm_alpha_crm",NA,NA,"alpha_crm",0.9,0,0.0714,28,3,1,5,0.2,0.335,0.2246,NA,NA,NA,36.8952,7.7177,7.7177,2.9688,29.9864,17.5136,0.0504,323.0011,1984,1984,"0.04,0.08,0.12,0.16,0.3,0.47,0.54,0.6",0,1.4142,0.15,0.85,"10,20,30,40,50,60,70,80",61,NA,NA,NA,NA,NA,NA,NA,NA,NA
"SetB_8dose","SetB_8dose_SC2",2,"CRM","crm_alpha_crm",NA,NA,"alpha_crm",0.9,0,0.0714,28,3,1,6,0.22,0.4,0.3727,NA,NA,NA,28.9819,4.1295,4.1295,1.8896,29.9864,17.5136,0.0504,323.0011,1984,1984,"0.04,0.08,0.12,0.16,0.3,0.47,0.54,0.6",0,1.4142,0.15,0.85,"10,20,30,40,50,60,70,80",61,NA,NA,NA,NA,NA,NA,NA,NA,NA
"SetB_8dose","SetB_8dose_SC2",2,"CRM","crm_alpha_crm",NA,NA,"alpha_crm",0.9,0,0.0714,28,3,1,7,0.3,0.498,0.4403,NA,NA,NA,14.1633,1.7253,1.7253,0.5786,29.9864,17.5136,0.0504,323.0011,1984,1984,"0.04,0.08,0.12,0.16,0.3,0.47,0.54,0.6",0,1.4142,0.15,0.85,"10,20,30,40,50,60,70,80",61,NA,NA,NA,NA,NA,NA,NA,NA,NA
"SetB_8dose","SetB_8dose_SC2",2,"CRM","crm_alpha_crm",NA,NA,"alpha_crm",0.9,0,0.0714,28,3,1,8,0.45,0.72,0.5016,NA,NA,NA,9.7782,0.9194,0.9194,0.4531,29.9864,17.5136,0.0504,323.0011,1984,1984,"0.04,0.08,0.12,0.16,0.3,0.47,0.54,0.6",0,1.4142,0.15,0.85,"10,20,30,40,50,60,70,80",61,NA,NA,NA,NA,NA,NA,NA,NA,NA
"SetB_8dose","SetB_8dose_SC3",3,"CRM","crm_alpha_crm",NA,NA,"alpha_crm",0,0,0.0714,28,1,1,1,0.05,0.05,0.0385,NA,NA,NA,0,3.6457,3.6457,0,29.9864,29.9864,0.0504,437.6178,1984,1984,"0.04,0.08,0.12,0.16,0.3,0.47,0.54,0.6",0,1.4142,0.15,0.85,"10,20,30,40,50,60,70,80",61,NA,NA,NA,NA,NA,NA,NA,NA,NA
"SetB_8dose","SetB_8dose_SC3",3,"CRM","crm_alpha_crm",NA,NA,"alpha_crm",0,0,0.0714,28,1,1,2,0.1,0.1,0.0699,NA,NA,NA,0.252,3.4052,3.4052,0,29.9864,29.9864,0.0504,437.6178,1984,1984,"0.04,0.08,0.12,0.16,0.3,0.47,0.54,0.6",0,1.4142,0.15,0.85,"10,20,30,40,50,60,70,80",61,NA,NA,NA,NA,NA,NA,NA,NA,NA
"SetB_8dose","SetB_8dose_SC3",3,"CRM","crm_alpha_crm",NA,NA,"alpha_crm",0,0,0.0714,28,1,1,3,0.12,0.12,0.1011,NA,NA,NA,1.2097,3.6789,3.6789,0,29.9864,29.9864,0.0504,437.6178,1984,1984,"0.04,0.08,0.12,0.16,0.3,0.47,0.54,0.6",0,1.4142,0.15,0.85,"10,20,30,40,50,60,70,80",61,NA,NA,NA,NA,NA,NA,NA,NA,NA
"SetB_8dose","SetB_8dose_SC3",3,"CRM","crm_alpha_crm",NA,NA,"alpha_crm",0,0,0.0714,28,1,1,4,0.15,0.15,0.1327,NA,NA,NA,10.8367,5.3332,5.3332,0,29.9864,29.9864,0.0504,437.6178,1984,1984,"0.04,0.08,0.12,0.16,0.3,0.47,0.54,0.6",0,1.4142,0.15,0.85,"10,20,30,40,50,60,70,80",61,NA,NA,NA,NA,NA,NA,NA,NA,NA
"SetB_8dose","SetB_8dose_SC3",3,"CRM","crm_alpha_crm",NA,NA,"alpha_crm",0,0,0.0714,28,1,1,5,0.2,0.2,0.2494,NA,NA,NA,44.4052,8.247,8.247,0,29.9864,29.9864,0.0504,437.6178,1984,1984,"0.04,0.08,0.12,0.16,0.3,0.47,0.54,0.6",0,1.4142,0.15,0.85,"10,20,30,40,50,60,70,80",61,NA,NA,NA,NA,NA,NA,NA,NA,NA
"SetB_8dose","SetB_8dose_SC3",3,"CRM","crm_alpha_crm",NA,NA,"alpha_crm",0,0,0.0714,28,1,1,6,0.3,0.3,0.4053,NA,NA,NA,34.6774,4.317,4.317,0,29.9864,29.9864,0.0504,437.6178,1984,1984,"0.04,0.08,0.12,0.16,0.3,0.47,0.54,0.6",0,1.4142,0.15,0.85,"10,20,30,40,50,60,70,80",61,NA,NA,NA,NA,NA,NA,NA,NA,NA
"SetB_8dose","SetB_8dose_SC3",3,"CRM","crm_alpha_crm",NA,NA,"alpha_crm",0,0,0.0714,28,1,1,7,0.5,0.5,0.4743,NA,NA,NA,7.5605,1.1462,1.1462,0,29.9864,29.9864,0.0504,437.6178,1984,1984,"0.04,0.08,0.12,0.16,0.3,0.47,0.54,0.6",0,1.4142,0.15,0.85,"10,20,30,40,50,60,70,80",61,NA,NA,NA,NA,NA,NA,NA,NA,NA
"SetB_8dose","SetB_8dose_SC3",3,"CRM","crm_alpha_crm",NA,NA,"alpha_crm",0,0,0.0714,28,1,1,8,0.6,0.6,0.5357,NA,NA,NA,1.0081,0.2132,0.2132,0,29.9864,29.9864,0.0504,437.6178,1984,1984,"0.04,0.08,0.12,0.16,0.3,0.47,0.54,0.6",0,1.4142,0.15,0.85,"10,20,30,40,50,60,70,80",61,NA,NA,NA,NA,NA,NA,NA,NA,NA
"SetB_8dose","SetB_8dose_SC3",3,"CRM","crm_alpha_crm",NA,NA,"alpha_crm",0,0,0.0714,28,2,1,1,0.05,0.05,0.0297,NA,NA,NA,0,3.5428,3.5428,0,29.9864,20.2797,0.0504,337.6764,1984,1984,"0.04,0.08,0.12,0.16,0.3,0.47,0.54,0.6",0,1.4142,0.15,0.85,"10,20,30,40,50,60,70,80",61,NA,NA,NA,NA,NA,NA,NA,NA,NA
"SetB_8dose","SetB_8dose_SC3",3,"CRM","crm_alpha_crm",NA,NA,"alpha_crm",0,0,0.0714,28,2,1,2,0.1,0.1,0.0559,NA,NA,NA,0,3.3644,3.3644,3.1043,29.9864,20.2797,0.0504,337.6764,1984,1984,"0.04,0.08,0.12,0.16,0.3,0.47,0.54,0.6",0,1.4142,0.15,0.85,"10,20,30,40,50,60,70,80",61,NA,NA,NA,NA,NA,NA,NA,NA,NA
"SetB_8dose","SetB_8dose_SC3",3,"CRM","crm_alpha_crm",NA,NA,"alpha_crm",0,0,0.0714,28,2,1,3,0.12,0.12,0.0828,NA,NA,NA,0.8569,3.2797,3.2797,0.184,29.9864,20.2797,0.0504,337.6764,1984,1984,"0.04,0.08,0.12,0.16,0.3,0.47,0.54,0.6",0,1.4142,0.15,0.85,"10,20,30,40,50,60,70,80",61,NA,NA,NA,NA,NA,NA,NA,NA,NA
"SetB_8dose","SetB_8dose_SC3",3,"CRM","crm_alpha_crm",NA,NA,"alpha_crm",0,0,0.0714,28,2,1,4,0.15,0.15,0.1108,NA,NA,NA,6.502,4.6195,4.6195,2.6663,29.9864,20.2797,0.0504,337.6764,1984,1984,"0.04,0.08,0.12,0.16,0.3,0.47,0.54,0.6",0,1.4142,0.15,0.85,"10,20,30,40,50,60,70,80",61,NA,NA,NA,NA,NA,NA,NA,NA,NA
"SetB_8dose","SetB_8dose_SC3",3,"CRM","crm_alpha_crm",NA,NA,"alpha_crm",0,0,0.0714,28,2,1,5,0.2,0.2,0.2183,NA,NA,NA,35.7359,7.4304,7.4304,0.8367,29.9864,20.2797,0.0504,337.6764,1984,1984,"0.04,0.08,0.12,0.16,0.3,0.47,0.54,0.6",0,1.4142,0.15,0.85,"10,20,30,40,50,60,70,80",61,NA,NA,NA,NA,NA,NA,NA,NA,NA
"SetB_8dose","SetB_8dose_SC3",3,"CRM","crm_alpha_crm",NA,NA,"alpha_crm",0,0,0.0714,28,2,1,6,0.3,0.3,0.3698,NA,NA,NA,39.9698,5.1956,5.1956,2.2046,29.9864,20.2797,0.0504,337.6764,1984,1984,"0.04,0.08,0.12,0.16,0.3,0.47,0.54,0.6",0,1.4142,0.15,0.85,"10,20,30,40,50,60,70,80",61,NA,NA,NA,NA,NA,NA,NA,NA,NA
"SetB_8dose","SetB_8dose_SC3",3,"CRM","crm_alpha_crm",NA,NA,"alpha_crm",0,0,0.0714,28,2,1,7,0.5,0.5,0.4391,NA,NA,NA,13.7601,1.8886,1.8886,0.4718,29.9864,20.2797,0.0504,337.6764,1984,1984,"0.04,0.08,0.12,0.16,0.3,0.47,0.54,0.6",0,1.4142,0.15,0.85,"10,20,30,40,50,60,70,80",61,NA,NA,NA,NA,NA,NA,NA,NA,NA
"SetB_8dose","SetB_8dose_SC3",3,"CRM","crm_alpha_crm",NA,NA,"alpha_crm",0,0,0.0714,28,2,1,8,0.6,0.6,0.5017,NA,NA,NA,3.125,0.6653,0.6653,0.2389,29.9864,20.2797,0.0504,337.6764,1984,1984,"0.04,0.08,0.12,0.16,0.3,0.47,0.54,0.6",0,1.4142,0.15,0.85,"10,20,30,40,50,60,70,80",61,NA,NA,NA,NA,NA,NA,NA,NA,NA
"SetB_8dose","SetB_8dose_SC3",3,"CRM","crm_alpha_crm",NA,NA,"alpha_crm",0,0,0.0714,28,3,1,1,0.05,0.05,0.0286,NA,NA,NA,0,3.5398,3.5398,0,29.9864,17.5323,0.0504,322.1304,1984,1984,"0.04,0.08,0.12,0.16,0.3,0.47,0.54,0.6",0,1.4142,0.15,0.85,"10,20,30,40,50,60,70,80",61,NA,NA,NA,NA,NA,NA,NA,NA,NA
"SetB_8dose","SetB_8dose_SC3",3,"CRM","crm_alpha_crm",NA,NA,"alpha_crm",0,0,0.0714,28,3,1,2,0.1,0.1,0.0541,NA,NA,NA,0,3.3175,3.3175,3.0953,29.9864,17.5323,0.0504,322.1304,1984,1984,"0.04,0.08,0.12,0.16,0.3,0.47,0.54,0.6",0,1.4142,0.15,0.85,"10,20,30,40,50,60,70,80",61,NA,NA,NA,NA,NA,NA,NA,NA,NA
"SetB_8dose","SetB_8dose_SC3",3,"CRM","crm_alpha_crm",NA,NA,"alpha_crm",0,0,0.0714,28,3,1,3,0.12,0.12,0.0804,NA,NA,NA,0.8065,3.2571,3.2571,2.87,29.9864,17.5323,0.0504,322.1304,1984,1984,"0.04,0.08,0.12,0.16,0.3,0.47,0.54,0.6",0,1.4142,0.15,0.85,"10,20,30,40,50,60,70,80",61,NA,NA,NA,NA,NA,NA,NA,NA,NA
"SetB_8dose","SetB_8dose_SC3",3,"CRM","crm_alpha_crm",NA,NA,"alpha_crm",0,0,0.0714,28,3,1,4,0.15,0.15,0.1079,NA,NA,NA,5.746,4.5665,4.5665,0.3952,29.9864,17.5323,0.0504,322.1304,1984,1984,"0.04,0.08,0.12,0.16,0.3,0.47,0.54,0.6",0,1.4142,0.15,0.85,"10,20,30,40,50,60,70,80",61,NA,NA,NA,NA,NA,NA,NA,NA,NA
"SetB_8dose","SetB_8dose_SC3",3,"CRM","crm_alpha_crm",NA,NA,"alpha_crm",0,0,0.0714,28,3,1,5,0.2,0.2,0.2141,NA,NA,NA,33.9718,7.0176,7.0176,2.9345,29.9864,17.5323,0.0504,322.1304,1984,1984,"0.04,0.08,0.12,0.16,0.3,0.47,0.54,0.6",0,1.4142,0.15,0.85,"10,20,30,40,50,60,70,80",61,NA,NA,NA,NA,NA,NA,NA,NA,NA
"SetB_8dose","SetB_8dose_SC3",3,"CRM","crm_alpha_crm",NA,NA,"alpha_crm",0,0,0.0714,28,3,1,6,0.3,0.3,0.3649,NA,NA,NA,41.9355,5.4254,5.4254,2.2908,29.9864,17.5323,0.0504,322.1304,1984,1984,"0.04,0.08,0.12,0.16,0.3,0.47,0.54,0.6",0,1.4142,0.15,0.85,"10,20,30,40,50,60,70,80",61,NA,NA,NA,NA,NA,NA,NA,NA,NA
"SetB_8dose","SetB_8dose_SC3",3,"CRM","crm_alpha_crm",NA,NA,"alpha_crm",0,0,0.0714,28,3,1,7,0.5,0.5,0.4342,NA,NA,NA,13.8105,2.0852,2.0852,0.5484,29.9864,17.5323,0.0504,322.1304,1984,1984,"0.04,0.08,0.12,0.16,0.3,0.47,0.54,0.6",0,1.4142,0.15,0.85,"10,20,30,40,50,60,70,80",61,NA,NA,NA,NA,NA,NA,NA,NA,NA
"SetB_8dose","SetB_8dose_SC3",3,"CRM","crm_alpha_crm",NA,NA,"alpha_crm",0,0,0.0714,28,3,1,8,0.6,0.6,0.4969,NA,NA,NA,3.6794,0.7772,0.7772,0.3201,29.9864,17.5323,0.0504,322.1304,1984,1984,"0.04,0.08,0.12,0.16,0.3,0.47,0.54,0.6",0,1.4142,0.15,0.85,"10,20,30,40,50,60,70,80",61,NA,NA,NA,NA,NA,NA,NA,NA,NA
"SetB_8dose","SetB_8dose_SC3",3,"CRM","crm_alpha_crm",NA,NA,"alpha_crm",0.3,0,0.0714,28,1,1,1,0.05,0.05,0.0385,NA,NA,NA,0,3.6457,3.6457,0,29.9864,29.9864,0.0504,437.6178,1984,1984,"0.04,0.08,0.12,0.16,0.3,0.47,0.54,0.6",0,1.4142,0.15,0.85,"10,20,30,40,50,60,70,80",61,NA,NA,NA,NA,NA,NA,NA,NA,NA
"SetB_8dose","SetB_8dose_SC3",3,"CRM","crm_alpha_crm",NA,NA,"alpha_crm",0.3,0,0.0714,28,1,1,2,0.1,0.115,0.0699,NA,NA,NA,0.252,3.4052,3.4052,0,29.9864,29.9864,0.0504,437.6178,1984,1984,"0.04,0.08,0.12,0.16,0.3,0.47,0.54,0.6",0,1.4142,0.15,0.85,"10,20,30,40,50,60,70,80",61,NA,NA,NA,NA,NA,NA,NA,NA,NA
"SetB_8dose","SetB_8dose_SC3",3,"CRM","crm_alpha_crm",NA,NA,"alpha_crm",0.3,0,0.0714,28,1,1,3,0.12,0.15,0.1011,NA,NA,NA,1.2097,3.6789,3.6789,0,29.9864,29.9864,0.0504,437.6178,1984,1984,"0.04,0.08,0.12,0.16,0.3,0.47,0.54,0.6",0,1.4142,0.15,0.85,"10,20,30,40,50,60,70,80",61,NA,NA,NA,NA,NA,NA,NA,NA,NA
"SetB_8dose","SetB_8dose_SC3",3,"CRM","crm_alpha_crm",NA,NA,"alpha_crm",0.3,0,0.0714,28,1,1,4,0.15,0.186,0.1327,NA,NA,NA,10.8367,5.3332,5.3332,0,29.9864,29.9864,0.0504,437.6178,1984,1984,"0.04,0.08,0.12,0.16,0.3,0.47,0.54,0.6",0,1.4142,0.15,0.85,"10,20,30,40,50,60,70,80",61,NA,NA,NA,NA,NA,NA,NA,NA,NA
"SetB_8dose","SetB_8dose_SC3",3,"CRM","crm_alpha_crm",NA,NA,"alpha_crm",0.3,0,0.0714,28,1,1,5,0.2,0.245,0.2494,NA,NA,NA,44.4052,8.247,8.247,0,29.9864,29.9864,0.0504,437.6178,1984,1984,"0.04,0.08,0.12,0.16,0.3,0.47,0.54,0.6",0,1.4142,0.15,0.85,"10,20,30,40,50,60,70,80",61,NA,NA,NA,NA,NA,NA,NA,NA,NA
"SetB_8dose","SetB_8dose_SC3",3,"CRM","crm_alpha_crm",NA,NA,"alpha_crm",0.3,0,0.0714,28,1,1,6,0.3,0.36,0.4053,NA,NA,NA,34.6774,4.317,4.317,0,29.9864,29.9864,0.0504,437.6178,1984,1984,"0.04,0.08,0.12,0.16,0.3,0.47,0.54,0.6",0,1.4142,0.15,0.85,"10,20,30,40,50,60,70,80",61,NA,NA,NA,NA,NA,NA,NA,NA,NA
"SetB_8dose","SetB_8dose_SC3",3,"CRM","crm_alpha_crm",NA,NA,"alpha_crm",0.3,0,0.0714,28,1,1,7,0.5,0.59,0.4743,NA,NA,NA,7.5605,1.1462,1.1462,0,29.9864,29.9864,0.0504,437.6178,1984,1984,"0.04,0.08,0.12,0.16,0.3,0.47,0.54,0.6",0,1.4142,0.15,0.85,"10,20,30,40,50,60,70,80",61,NA,NA,NA,NA,NA,NA,NA,NA,NA
"SetB_8dose","SetB_8dose_SC3",3,"CRM","crm_alpha_crm",NA,NA,"alpha_crm",0.3,0,0.0714,28,1,1,8,0.6,0.75,0.5357,NA,NA,NA,1.0081,0.2132,0.2132,0,29.9864,29.9864,0.0504,437.6178,1984,1984,"0.04,0.08,0.12,0.16,0.3,0.47,0.54,0.6",0,1.4142,0.15,0.85,"10,20,30,40,50,60,70,80",61,NA,NA,NA,NA,NA,NA,NA,NA,NA
"SetB_8dose","SetB_8dose_SC3",3,"CRM","crm_alpha_crm",NA,NA,"alpha_crm",0.3,0,0.0714,28,2,1,1,0.05,0.05,0.0331,NA,NA,NA,0,3.564,3.564,0,29.9864,20.2823,0.0504,337.9473,1984,1984,"0.04,0.08,0.12,0.16,0.3,0.47,0.54,0.6",0,1.4142,0.15,0.85,"10,20,30,40,50,60,70,80",61,NA,NA,NA,NA,NA,NA,NA,NA,NA
"SetB_8dose","SetB_8dose_SC3",3,"CRM","crm_alpha_crm",NA,NA,"alpha_crm",0.3,0,0.0714,28,2,1,2,0.1,0.115,0.0613,NA,NA,NA,0.1008,3.4582,3.4582,3.1285,29.9864,20.2823,0.0504,337.9473,1984,1984,"0.04,0.08,0.12,0.16,0.3,0.47,0.54,0.6",0,1.4142,0.15,0.85,"10,20,30,40,50,60,70,80",61,NA,NA,NA,NA,NA,NA,NA,NA,NA
"SetB_8dose","SetB_8dose_SC3",3,"CRM","crm_alpha_crm",NA,NA,"alpha_crm",0.3,0,0.0714,28,2,1,3,0.12,0.15,0.0899,NA,NA,NA,1.0585,3.3085,3.3085,0.2293,29.9864,20.2823,0.0504,337.9473,1984,1984,"0.04,0.08,0.12,0.16,0.3,0.47,0.54,0.6",0,1.4142,0.15,0.85,"10,20,30,40,50,60,70,80",61,NA,NA,NA,NA,NA,NA,NA,NA,NA
"SetB_8dose","SetB_8dose_SC3",3,"CRM","crm_alpha_crm",NA,NA,"alpha_crm",0.3,0,0.0714,28,2,1,4,0.15,0.186,0.1194,NA,NA,NA,7.3589,4.878,4.878,2.6557,29.9864,20.2823,0.0504,337.9473,1984,1984,"0.04,0.08,0.12,0.16,0.3,0.47,0.54,0.6",0,1.4142,0.15,0.85,"10,20,30,40,50,60,70,80",61,NA,NA,NA,NA,NA,NA,NA,NA,NA
"SetB_8dose","SetB_8dose_SC3",3,"CRM","crm_alpha_crm",NA,NA,"alpha_crm",0.3,0,0.0714,28,2,1,5,0.2,0.245,0.2306,NA,NA,NA,39.9194,7.6754,7.6754,0.9461,29.9864,20.2823,0.0504,337.9473,1984,1984,"0.04,0.08,0.12,0.16,0.3,0.47,0.54,0.6",0,1.4142,0.15,0.85,"10,20,30,40,50,60,70,80",61,NA,NA,NA,NA,NA,NA,NA,NA,NA
"SetB_8dose","SetB_8dose_SC3",3,"CRM","crm_alpha_crm",NA,NA,"alpha_crm",0.3,0,0.0714,28,2,1,6,0.3,0.36,0.384,NA,NA,NA,38.256,5.0111,5.0111,2.1134,29.9864,20.2823,0.0504,337.9473,1984,1984,"0.04,0.08,0.12,0.16,0.3,0.47,0.54,0.6",0,1.4142,0.15,0.85,"10,20,30,40,50,60,70,80",61,NA,NA,NA,NA,NA,NA,NA,NA,NA
"SetB_8dose","SetB_8dose_SC3",3,"CRM","crm_alpha_crm",NA,NA,"alpha_crm",0.3,0,0.0714,28,2,1,7,0.5,0.59,0.4532,NA,NA,NA,11.2903,1.6179,1.6179,0.44,29.9864,20.2823,0.0504,337.9473,1984,1984,"0.04,0.08,0.12,0.16,0.3,0.47,0.54,0.6",0,1.4142,0.15,0.85,"10,20,30,40,50,60,70,80",61,NA,NA,NA,NA,NA,NA,NA,NA,NA
"SetB_8dose","SetB_8dose_SC3",3,"CRM","crm_alpha_crm",NA,NA,"alpha_crm",0.3,0,0.0714,28,2,1,8,0.6,0.75,0.5154,NA,NA,NA,1.9657,0.4733,0.4733,0.191,29.9864,20.2823,0.0504,337.9473,1984,1984,"0.04,0.08,0.12,0.16,0.3,0.47,0.54,0.6",0,1.4142,0.15,0.85,"10,20,30,40,50,60,70,80",61,NA,NA,NA,NA,NA,NA,NA,NA,NA
"SetB_8dose","SetB_8dose_SC3",3,"CRM","crm_alpha_crm",NA,NA,"alpha_crm",0.3,0,0.0714,28,3,1,1,0.05,0.05,0.0327,NA,NA,NA,0,3.5625,3.5625,0,29.9864,17.6734,0.0504,323.0816,1984,1984,"0.04,0.08,0.12,0.16,0.3,0.47,0.54,0.6",0,1.4142,0.15,0.85,"10,20,30,40,50,60,70,80",61,NA,NA,NA,NA,NA,NA,NA,NA,NA
"SetB_8dose","SetB_8dose_SC3",3,"CRM","crm_alpha_crm",NA,NA,"alpha_crm",0.3,0,0.0714,28,3,1,2,0.1,0.115,0.0606,NA,NA,NA,0.1008,3.4249,3.4249,3.128,29.9864,17.6734,0.0504,323.0816,1984,1984,"0.04,0.08,0.12,0.16,0.3,0.47,0.54,0.6",0,1.4142,0.15,0.85,"10,20,30,40,50,60,70,80",61,NA,NA,NA,NA,NA,NA,NA,NA,NA
"SetB_8dose","SetB_8dose_SC3",3,"CRM","crm_alpha_crm",NA,NA,"alpha_crm",0.3,0,0.0714,28,3,1,3,0.12,0.15,0.089,NA,NA,NA,0.8569,3.3296,3.3296,2.872,29.9864,17.6734,0.0504,323.0816,1984,1984,"0.04,0.08,0.12,0.16,0.3,0.47,0.54,0.6",0,1.4142,0.15,0.85,"10,20,30,40,50,60,70,80",61,NA,NA,NA,NA,NA,NA,NA,NA,NA
"SetB_8dose","SetB_8dose_SC3",3,"CRM","crm_alpha_crm",NA,NA,"alpha_crm",0.3,0,0.0714,28,3,1,4,0.15,0.186,0.1181,NA,NA,NA,7.4597,4.816,4.816,0.4834,29.9864,17.6734,0.0504,323.0816,1984,1984,"0.04,0.08,0.12,0.16,0.3,0.47,0.54,0.6",0,1.4142,0.15,0.85,"10,20,30,40,50,60,70,80",61,NA,NA,NA,NA,NA,NA,NA,NA,NA
"SetB_8dose","SetB_8dose_SC3",3,"CRM","crm_alpha_crm",NA,NA,"alpha_crm",0.3,0,0.0714,28,3,1,5,0.2,0.245,0.2287,NA,NA,NA,37.752,7.4652,7.4652,2.9526,29.9864,17.6734,0.0504,323.0816,1984,1984,"0.04,0.08,0.12,0.16,0.3,0.47,0.54,0.6",0,1.4142,0.15,0.85,"10,20,30,40,50,60,70,80",61,NA,NA,NA,NA,NA,NA,NA,NA,NA
"SetB_8dose","SetB_8dose_SC3",3,"CRM","crm_alpha_crm",NA,NA,"alpha_crm",0.3,0,0.0714,28,3,1,6,0.3,0.36,0.3815,NA,NA,NA,40.2218,5.0867,5.0867,2.128,29.9864,17.6734,0.0504,323.0816,1984,1984,"0.04,0.08,0.12,0.16,0.3,0.47,0.54,0.6",0,1.4142,0.15,0.85,"10,20,30,40,50,60,70,80",61,NA,NA,NA,NA,NA,NA,NA,NA,NA
"SetB_8dose","SetB_8dose_SC3",3,"CRM","crm_alpha_crm",NA,NA,"alpha_crm",0.3,0,0.0714,28,3,1,7,0.5,0.59,0.4506,NA,NA,NA,11.2399,1.7737,1.7737,0.5086,29.9864,17.6734,0.0504,323.0816,1984,1984,"0.04,0.08,0.12,0.16,0.3,0.47,0.54,0.6",0,1.4142,0.15,0.85,"10,20,30,40,50,60,70,80",61,NA,NA,NA,NA,NA,NA,NA,NA,NA
"SetB_8dose","SetB_8dose_SC3",3,"CRM","crm_alpha_crm",NA,NA,"alpha_crm",0.3,0,0.0714,28,3,1,8,0.6,0.75,0.5127,NA,NA,NA,2.3185,0.5277,0.5277,0.2404,29.9864,17.6734,0.0504,323.0816,1984,1984,"0.04,0.08,0.12,0.16,0.3,0.47,0.54,0.6",0,1.4142,0.15,0.85,"10,20,30,40,50,60,70,80",61,NA,NA,NA,NA,NA,NA,NA,NA,NA
"SetB_8dose","SetB_8dose_SC3",3,"CRM","crm_alpha_crm",NA,NA,"alpha_crm",0.6,0,0.0714,28,1,1,1,0.05,0.05,0.0385,NA,NA,NA,0,3.6457,3.6457,0,29.9864,29.9864,0.0504,437.6178,1984,1984,"0.04,0.08,0.12,0.16,0.3,0.47,0.54,0.6",0,1.4142,0.15,0.85,"10,20,30,40,50,60,70,80",61,NA,NA,NA,NA,NA,NA,NA,NA,NA
"SetB_8dose","SetB_8dose_SC3",3,"CRM","crm_alpha_crm",NA,NA,"alpha_crm",0.6,0,0.0714,28,1,1,2,0.1,0.13,0.0699,NA,NA,NA,0.252,3.4052,3.4052,0,29.9864,29.9864,0.0504,437.6178,1984,1984,"0.04,0.08,0.12,0.16,0.3,0.47,0.54,0.6",0,1.4142,0.15,0.85,"10,20,30,40,50,60,70,80",61,NA,NA,NA,NA,NA,NA,NA,NA,NA
"SetB_8dose","SetB_8dose_SC3",3,"CRM","crm_alpha_crm",NA,NA,"alpha_crm",0.6,0,0.0714,28,1,1,3,0.12,0.18,0.1011,NA,NA,NA,1.2097,3.6789,3.6789,0,29.9864,29.9864,0.0504,437.6178,1984,1984,"0.04,0.08,0.12,0.16,0.3,0.47,0.54,0.6",0,1.4142,0.15,0.85,"10,20,30,40,50,60,70,80",61,NA,NA,NA,NA,NA,NA,NA,NA,NA
"SetB_8dose","SetB_8dose_SC3",3,"CRM","crm_alpha_crm",NA,NA,"alpha_crm",0.6,0,0.0714,28,1,1,4,0.15,0.222,0.1327,NA,NA,NA,10.8367,5.3332,5.3332,0,29.9864,29.9864,0.0504,437.6178,1984,1984,"0.04,0.08,0.12,0.16,0.3,0.47,0.54,0.6",0,1.4142,0.15,0.85,"10,20,30,40,50,60,70,80",61,NA,NA,NA,NA,NA,NA,NA,NA,NA
"SetB_8dose","SetB_8dose_SC3",3,"CRM","crm_alpha_crm",NA,NA,"alpha_crm",0.6,0,0.0714,28,1,1,5,0.2,0.29,0.2494,NA,NA,NA,44.4052,8.247,8.247,0,29.9864,29.9864,0.0504,437.6178,1984,1984,"0.04,0.08,0.12,0.16,0.3,0.47,0.54,0.6",0,1.4142,0.15,0.85,"10,20,30,40,50,60,70,80",61,NA,NA,NA,NA,NA,NA,NA,NA,NA
"SetB_8dose","SetB_8dose_SC3",3,"CRM","crm_alpha_crm",NA,NA,"alpha_crm",0.6,0,0.0714,28,1,1,6,0.3,0.42,0.4053,NA,NA,NA,34.6774,4.317,4.317,0,29.9864,29.9864,0.0504,437.6178,1984,1984,"0.04,0.08,0.12,0.16,0.3,0.47,0.54,0.6",0,1.4142,0.15,0.85,"10,20,30,40,50,60,70,80",61,NA,NA,NA,NA,NA,NA,NA,NA,NA
"SetB_8dose","SetB_8dose_SC3",3,"CRM","crm_alpha_crm",NA,NA,"alpha_crm",0.6,0,0.0714,28,1,1,7,0.5,0.68,0.4743,NA,NA,NA,7.5605,1.1462,1.1462,0,29.9864,29.9864,0.0504,437.6178,1984,1984,"0.04,0.08,0.12,0.16,0.3,0.47,0.54,0.6",0,1.4142,0.15,0.85,"10,20,30,40,50,60,70,80",61,NA,NA,NA,NA,NA,NA,NA,NA,NA
"SetB_8dose","SetB_8dose_SC3",3,"CRM","crm_alpha_crm",NA,NA,"alpha_crm",0.6,0,0.0714,28,1,1,8,0.6,0.9,0.5357,NA,NA,NA,1.0081,0.2132,0.2132,0,29.9864,29.9864,0.0504,437.6178,1984,1984,"0.04,0.08,0.12,0.16,0.3,0.47,0.54,0.6",0,1.4142,0.15,0.85,"10,20,30,40,50,60,70,80",61,NA,NA,NA,NA,NA,NA,NA,NA,NA
"SetB_8dose","SetB_8dose_SC3",3,"CRM","crm_alpha_crm",NA,NA,"alpha_crm",0.6,0,0.0714,28,2,1,1,0.05,0.05,0.0361,NA,NA,NA,0,3.5746,3.5746,0,29.9864,20.3175,0.0504,338.1649,1984,1984,"0.04,0.08,0.12,0.16,0.3,0.47,0.54,0.6",0,1.4142,0.15,0.85,"10,20,30,40,50,60,70,80",61,NA,NA,NA,NA,NA,NA,NA,NA,NA
"SetB_8dose","SetB_8dose_SC3",3,"CRM","crm_alpha_crm",NA,NA,"alpha_crm",0.6,0,0.0714,28,2,1,2,0.1,0.13,0.066,NA,NA,NA,0.4032,3.5383,3.5383,3.1401,29.9864,20.3175,0.0504,338.1649,1984,1984,"0.04,0.08,0.12,0.16,0.3,0.47,0.54,0.6",0,1.4142,0.15,0.85,"10,20,30,40,50,60,70,80",61,NA,NA,NA,NA,NA,NA,NA,NA,NA
"SetB_8dose","SetB_8dose_SC3",3,"CRM","crm_alpha_crm",NA,NA,"alpha_crm",0.6,0,0.0714,28,2,1,3,0.12,0.18,0.096,NA,NA,NA,1.0081,3.3826,3.3826,0.2787,29.9864,20.3175,0.0504,338.1649,1984,1984,"0.04,0.08,0.12,0.16,0.3,0.47,0.54,0.6",0,1.4142,0.15,0.85,"10,20,30,40,50,60,70,80",61,NA,NA,NA,NA,NA,NA,NA,NA,NA
"SetB_8dose","SetB_8dose_SC3",3,"CRM","crm_alpha_crm",NA,NA,"alpha_crm",0.6,0,0.0714,28,2,1,4,0.15,0.222,0.1265,NA,NA,NA,8.6694,5.129,5.129,2.6628,29.9864,20.3175,0.0504,338.1649,1984,1984,"0.04,0.08,0.12,0.16,0.3,0.47,0.54,0.6",0,1.4142,0.15,0.85,"10,20,30,40,50,60,70,80",61,NA,NA,NA,NA,NA,NA,NA,NA,NA
"SetB_8dose","SetB_8dose_SC3",3,"CRM","crm_alpha_crm",NA,NA,"alpha_crm",0.6,0,0.0714,28,2,1,5,0.2,0.29,0.2404,NA,NA,NA,42.0363,7.8266,7.8266,1.0176,29.9864,20.3175,0.0504,338.1649,1984,1984,"0.04,0.08,0.12,0.16,0.3,0.47,0.54,0.6",0,1.4142,0.15,0.85,"10,20,30,40,50,60,70,80",61,NA,NA,NA,NA,NA,NA,NA,NA,NA
"SetB_8dose","SetB_8dose_SC3",3,"CRM","crm_alpha_crm",NA,NA,"alpha_crm",0.6,0,0.0714,28,2,1,6,0.3,0.42,0.3948,NA,NA,NA,37.0968,4.7888,4.7888,2.0333,29.9864,20.3175,0.0504,338.1649,1984,1984,"0.04,0.08,0.12,0.16,0.3,0.47,0.54,0.6",0,1.4142,0.15,0.85,"10,20,30,40,50,60,70,80",61,NA,NA,NA,NA,NA,NA,NA,NA,NA
"SetB_8dose","SetB_8dose_SC3",3,"CRM","crm_alpha_crm",NA,NA,"alpha_crm",0.6,0,0.0714,28,2,1,7,0.5,0.68,0.4638,NA,NA,NA,8.9214,1.3775,1.3775,0.375,29.9864,20.3175,0.0504,338.1649,1984,1984,"0.04,0.08,0.12,0.16,0.3,0.47,0.54,0.6",0,1.4142,0.15,0.85,"10,20,30,40,50,60,70,80",61,NA,NA,NA,NA,NA,NA,NA,NA,NA
"SetB_8dose","SetB_8dose_SC3",3,"CRM","crm_alpha_crm",NA,NA,"alpha_crm",0.6,0,0.0714,28,2,1,8,0.6,0.9,0.5255,NA,NA,NA,1.8145,0.369,0.369,0.1613,29.9864,20.3175,0.0504,338.1649,1984,1984,"0.04,0.08,0.12,0.16,0.3,0.47,0.54,0.6",0,1.4142,0.15,0.85,"10,20,30,40,50,60,70,80",61,NA,NA,NA,NA,NA,NA,NA,NA,NA
"SetB_8dose","SetB_8dose_SC3",3,"CRM","crm_alpha_crm",NA,NA,"alpha_crm",0.6,0,0.0714,28,3,1,1,0.05,0.05,0.0365,NA,NA,NA,0,3.5701,3.5701,0,29.9864,17.7777,0.0504,323.2997,1984,1984,"0.04,0.08,0.12,0.16,0.3,0.47,0.54,0.6",0,1.4142,0.15,0.85,"10,20,30,40,50,60,70,80",61,NA,NA,NA,NA,NA,NA,NA,NA,NA
"SetB_8dose","SetB_8dose_SC3",3,"CRM","crm_alpha_crm",NA,NA,"alpha_crm",0.6,0,0.0714,28,3,1,2,0.1,0.13,0.0665,NA,NA,NA,0.3528,3.5156,3.5156,3.1416,29.9864,17.7777,0.0504,323.2997,1984,1984,"0.04,0.08,0.12,0.16,0.3,0.47,0.54,0.6",0,1.4142,0.15,0.85,"10,20,30,40,50,60,70,80",61,NA,NA,NA,NA,NA,NA,NA,NA,NA
"SetB_8dose","SetB_8dose_SC3",3,"CRM","crm_alpha_crm",NA,NA,"alpha_crm",0.6,0,0.0714,28,3,1,3,0.12,0.18,0.0965,NA,NA,NA,1.1593,3.4718,3.4718,2.8931,29.9864,17.7777,0.0504,323.2997,1984,1984,"0.04,0.08,0.12,0.16,0.3,0.47,0.54,0.6",0,1.4142,0.15,0.85,"10,20,30,40,50,60,70,80",61,NA,NA,NA,NA,NA,NA,NA,NA,NA
"SetB_8dose","SetB_8dose_SC3",3,"CRM","crm_alpha_crm",NA,NA,"alpha_crm",0.6,0,0.0714,28,3,1,4,0.15,0.222,0.127,NA,NA,NA,8.619,5.0247,5.0247,0.5872,29.9864,17.7777,0.0504,323.2997,1984,1984,"0.04,0.08,0.12,0.16,0.3,0.47,0.54,0.6",0,1.4142,0.15,0.85,"10,20,30,40,50,60,70,80",61,NA,NA,NA,NA,NA,NA,NA,NA,NA
"SetB_8dose","SetB_8dose_SC3",3,"CRM","crm_alpha_crm",NA,NA,"alpha_crm",0.6,0,0.0714,28,3,1,5,0.2,0.29,0.2406,NA,NA,NA,40.7258,7.8236,7.8236,2.9521,29.9864,17.7777,0.0504,323.2997,1984,1984,"0.04,0.08,0.12,0.16,0.3,0.47,0.54,0.6",0,1.4142,0.15,0.85,"10,20,30,40,50,60,70,80",61,NA,NA,NA,NA,NA,NA,NA,NA,NA
"SetB_8dose","SetB_8dose_SC3",3,"CRM","crm_alpha_crm",NA,NA,"alpha_crm",0.6,0,0.0714,28,3,1,6,0.3,0.42,0.3946,NA,NA,NA,37.9032,4.7374,4.7374,1.9919,29.9864,17.7777,0.0504,323.2997,1984,1984,"0.04,0.08,0.12,0.16,0.3,0.47,0.54,0.6",0,1.4142,0.15,0.85,"10,20,30,40,50,60,70,80",61,NA,NA,NA,NA,NA,NA,NA,NA,NA
"SetB_8dose","SetB_8dose_SC3",3,"CRM","crm_alpha_crm",NA,NA,"alpha_crm",0.6,0,0.0714,28,3,1,7,0.5,0.68,0.4635,NA,NA,NA,9.375,1.4607,1.4607,0.4567,29.9864,17.7777,0.0504,323.2997,1984,1984,"0.04,0.08,0.12,0.16,0.3,0.47,0.54,0.6",0,1.4142,0.15,0.85,"10,20,30,40,50,60,70,80",61,NA,NA,NA,NA,NA,NA,NA,NA,NA
"SetB_8dose","SetB_8dose_SC3",3,"CRM","crm_alpha_crm",NA,NA,"alpha_crm",0.6,0,0.0714,28,3,1,8,0.6,0.9,0.525,NA,NA,NA,1.8145,0.3826,0.3826,0.186,29.9864,17.7777,0.0504,323.2997,1984,1984,"0.04,0.08,0.12,0.16,0.3,0.47,0.54,0.6",0,1.4142,0.15,0.85,"10,20,30,40,50,60,70,80",61,NA,NA,NA,NA,NA,NA,NA,NA,NA
"SetB_8dose","SetB_8dose_SC3",3,"CRM","crm_alpha_crm",NA,NA,"alpha_crm",0.9,0,0.0714,28,1,1,1,0.05,0.05,0.0385,NA,NA,NA,0,3.6457,3.6457,0,29.9864,29.9864,0.0504,437.6178,1984,1984,"0.04,0.08,0.12,0.16,0.3,0.47,0.54,0.6",0,1.4142,0.15,0.85,"10,20,30,40,50,60,70,80",61,NA,NA,NA,NA,NA,NA,NA,NA,NA
"SetB_8dose","SetB_8dose_SC3",3,"CRM","crm_alpha_crm",NA,NA,"alpha_crm",0.9,0,0.0714,28,1,1,2,0.1,0.145,0.0699,NA,NA,NA,0.252,3.4052,3.4052,0,29.9864,29.9864,0.0504,437.6178,1984,1984,"0.04,0.08,0.12,0.16,0.3,0.47,0.54,0.6",0,1.4142,0.15,0.85,"10,20,30,40,50,60,70,80",61,NA,NA,NA,NA,NA,NA,NA,NA,NA
"SetB_8dose","SetB_8dose_SC3",3,"CRM","crm_alpha_crm",NA,NA,"alpha_crm",0.9,0,0.0714,28,1,1,3,0.12,0.21,0.1011,NA,NA,NA,1.2097,3.6789,3.6789,0,29.9864,29.9864,0.0504,437.6178,1984,1984,"0.04,0.08,0.12,0.16,0.3,0.47,0.54,0.6",0,1.4142,0.15,0.85,"10,20,30,40,50,60,70,80",61,NA,NA,NA,NA,NA,NA,NA,NA,NA
"SetB_8dose","SetB_8dose_SC3",3,"CRM","crm_alpha_crm",NA,NA,"alpha_crm",0.9,0,0.0714,28,1,1,4,0.15,0.258,0.1327,NA,NA,NA,10.8367,5.3332,5.3332,0,29.9864,29.9864,0.0504,437.6178,1984,1984,"0.04,0.08,0.12,0.16,0.3,0.47,0.54,0.6",0,1.4142,0.15,0.85,"10,20,30,40,50,60,70,80",61,NA,NA,NA,NA,NA,NA,NA,NA,NA
"SetB_8dose","SetB_8dose_SC3",3,"CRM","crm_alpha_crm",NA,NA,"alpha_crm",0.9,0,0.0714,28,1,1,5,0.2,0.335,0.2494,NA,NA,NA,44.4052,8.247,8.247,0,29.9864,29.9864,0.0504,437.6178,1984,1984,"0.04,0.08,0.12,0.16,0.3,0.47,0.54,0.6",0,1.4142,0.15,0.85,"10,20,30,40,50,60,70,80",61,NA,NA,NA,NA,NA,NA,NA,NA,NA
"SetB_8dose","SetB_8dose_SC3",3,"CRM","crm_alpha_crm",NA,NA,"alpha_crm",0.9,0,0.0714,28,1,1,6,0.3,0.48,0.4053,NA,NA,NA,34.6774,4.317,4.317,0,29.9864,29.9864,0.0504,437.6178,1984,1984,"0.04,0.08,0.12,0.16,0.3,0.47,0.54,0.6",0,1.4142,0.15,0.85,"10,20,30,40,50,60,70,80",61,NA,NA,NA,NA,NA,NA,NA,NA,NA
"SetB_8dose","SetB_8dose_SC3",3,"CRM","crm_alpha_crm",NA,NA,"alpha_crm",0.9,0,0.0714,28,1,1,7,0.5,0.77,0.4743,NA,NA,NA,7.5605,1.1462,1.1462,0,29.9864,29.9864,0.0504,437.6178,1984,1984,"0.04,0.08,0.12,0.16,0.3,0.47,0.54,0.6",0,1.4142,0.15,0.85,"10,20,30,40,50,60,70,80",61,NA,NA,NA,NA,NA,NA,NA,NA,NA
"SetB_8dose","SetB_8dose_SC3",3,"CRM","crm_alpha_crm",NA,NA,"alpha_crm",0.9,0,0.0714,28,1,1,8,0.6,1,0.5357,NA,NA,NA,1.0081,0.2132,0.2132,0,29.9864,29.9864,0.0504,437.6178,1984,1984,"0.04,0.08,0.12,0.16,0.3,0.47,0.54,0.6",0,1.4142,0.15,0.85,"10,20,30,40,50,60,70,80",61,NA,NA,NA,NA,NA,NA,NA,NA,NA
"SetB_8dose","SetB_8dose_SC3",3,"CRM","crm_alpha_crm",NA,NA,"alpha_crm",0.9,0,0.0714,28,2,1,1,0.05,0.05,0.0397,NA,NA,NA,0,3.6033,3.6033,0,29.9864,20.3503,0.0504,338.4674,1984,1984,"0.04,0.08,0.12,0.16,0.3,0.47,0.54,0.6",0,1.4142,0.15,0.85,"10,20,30,40,50,60,70,80",61,NA,NA,NA,NA,NA,NA,NA,NA,NA
"SetB_8dose","SetB_8dose_SC3",3,"CRM","crm_alpha_crm",NA,NA,"alpha_crm",0.9,0,0.0714,28,2,1,2,0.1,0.145,0.0714,NA,NA,NA,0.504,3.6442,3.6442,3.1694,29.9864,20.3503,0.0504,338.4674,1984,1984,"0.04,0.08,0.12,0.16,0.3,0.47,0.54,0.6",0,1.4142,0.15,0.85,"10,20,30,40,50,60,70,80",61,NA,NA,NA,NA,NA,NA,NA,NA,NA
"SetB_8dose","SetB_8dose_SC3",3,"CRM","crm_alpha_crm",NA,NA,"alpha_crm",0.9,0,0.0714,28,2,1,3,0.12,0.21,0.1028,NA,NA,NA,1.2097,3.4688,3.4688,0.3286,29.9864,20.3503,0.0504,338.4674,1984,1984,"0.04,0.08,0.12,0.16,0.3,0.47,0.54,0.6",0,1.4142,0.15,0.85,"10,20,30,40,50,60,70,80",61,NA,NA,NA,NA,NA,NA,NA,NA,NA
"SetB_8dose","SetB_8dose_SC3",3,"CRM","crm_alpha_crm",NA,NA,"alpha_crm",0.9,0,0.0714,28,2,1,4,0.15,0.258,0.1346,NA,NA,NA,11.0887,5.3347,5.3347,2.6658,29.9864,20.3503,0.0504,338.4674,1984,1984,"0.04,0.08,0.12,0.16,0.3,0.47,0.54,0.6",0,1.4142,0.15,0.85,"10,20,30,40,50,60,70,80",61,NA,NA,NA,NA,NA,NA,NA,NA,NA
"SetB_8dose","SetB_8dose_SC3",3,"CRM","crm_alpha_crm",NA,NA,"alpha_crm",0.9,0,0.0714,28,2,1,5,0.2,0.335,0.2513,NA,NA,NA,43.8508,8.0035,8.0035,1.059,29.9864,20.3503,0.0504,338.4674,1984,1984,"0.04,0.08,0.12,0.16,0.3,0.47,0.54,0.6",0,1.4142,0.15,0.85,"10,20,30,40,50,60,70,80",61,NA,NA,NA,NA,NA,NA,NA,NA,NA
"SetB_8dose","SetB_8dose_SC3",3,"CRM","crm_alpha_crm",NA,NA,"alpha_crm",0.9,0,0.0714,28,2,1,6,0.3,0.48,0.4068,NA,NA,NA,34.4758,4.4864,4.4864,1.9541,29.9864,20.3503,0.0504,338.4674,1984,1984,"0.04,0.08,0.12,0.16,0.3,0.47,0.54,0.6",0,1.4142,0.15,0.85,"10,20,30,40,50,60,70,80",61,NA,NA,NA,NA,NA,NA,NA,NA,NA
"SetB_8dose","SetB_8dose_SC3",3,"CRM","crm_alpha_crm",NA,NA,"alpha_crm",0.9,0,0.0714,28,2,1,7,0.5,0.77,0.4755,NA,NA,NA,7.5605,1.131,1.131,0.3241,29.9864,20.3503,0.0504,338.4674,1984,1984,"0.04,0.08,0.12,0.16,0.3,0.47,0.54,0.6",0,1.4142,0.15,0.85,"10,20,30,40,50,60,70,80",61,NA,NA,NA,NA,NA,NA,NA,NA,NA
"SetB_8dose","SetB_8dose_SC3",3,"CRM","crm_alpha_crm",NA,NA,"alpha_crm",0.9,0,0.0714,28,2,1,8,0.6,1,0.5367,NA,NA,NA,1.2601,0.3145,0.3145,0.1351,29.9864,20.3503,0.0504,338.4674,1984,1984,"0.04,0.08,0.12,0.16,0.3,0.47,0.54,0.6",0,1.4142,0.15,0.85,"10,20,30,40,50,60,70,80",61,NA,NA,NA,NA,NA,NA,NA,NA,NA
"SetB_8dose","SetB_8dose_SC3",3,"CRM","crm_alpha_crm",NA,NA,"alpha_crm",0.9,0,0.0714,28,3,1,1,0.05,0.05,0.0407,NA,NA,NA,0,3.5988,3.5988,0,29.9864,17.9264,0.0504,324.0073,1984,1984,"0.04,0.08,0.12,0.16,0.3,0.47,0.54,0.6",0,1.4142,0.15,0.85,"10,20,30,40,50,60,70,80",61,NA,NA,NA,NA,NA,NA,NA,NA,NA
"SetB_8dose","SetB_8dose_SC3",3,"CRM","crm_alpha_crm",NA,NA,"alpha_crm",0.9,0,0.0714,28,3,1,2,0.1,0.145,0.0728,NA,NA,NA,0.4032,3.6275,3.6275,3.1689,29.9864,17.9264,0.0504,324.0073,1984,1984,"0.04,0.08,0.12,0.16,0.3,0.47,0.54,0.6",0,1.4142,0.15,0.85,"10,20,30,40,50,60,70,80",61,NA,NA,NA,NA,NA,NA,NA,NA,NA
"SetB_8dose","SetB_8dose_SC3",3,"CRM","crm_alpha_crm",NA,NA,"alpha_crm",0.9,0,0.0714,28,3,1,3,0.12,0.21,0.1043,NA,NA,NA,1.5625,3.6502,3.6502,2.9264,29.9864,17.9264,0.0504,324.0073,1984,1984,"0.04,0.08,0.12,0.16,0.3,0.47,0.54,0.6",0,1.4142,0.15,0.85,"10,20,30,40,50,60,70,80",61,NA,NA,NA,NA,NA,NA,NA,NA,NA
"SetB_8dose","SetB_8dose_SC3",3,"CRM","crm_alpha_crm",NA,NA,"alpha_crm",0.9,0,0.0714,28,3,1,4,0.15,0.258,0.1362,NA,NA,NA,10.7863,5.2228,5.2228,0.6855,29.9864,17.9264,0.0504,324.0073,1984,1984,"0.04,0.08,0.12,0.16,0.3,0.47,0.54,0.6",0,1.4142,0.15,0.85,"10,20,30,40,50,60,70,80",61,NA,NA,NA,NA,NA,NA,NA,NA,NA
"SetB_8dose","SetB_8dose_SC3",3,"CRM","crm_alpha_crm",NA,NA,"alpha_crm",0.9,0,0.0714,28,3,1,5,0.2,0.335,0.2528,NA,NA,NA,42.5907,7.9945,7.9945,2.9199,29.9864,17.9264,0.0504,324.0073,1984,1984,"0.04,0.08,0.12,0.16,0.3,0.47,0.54,0.6",0,1.4142,0.15,0.85,"10,20,30,40,50,60,70,80",61,NA,NA,NA,NA,NA,NA,NA,NA,NA
"SetB_8dose","SetB_8dose_SC3",3,"CRM","crm_alpha_crm",NA,NA,"alpha_crm",0.9,0,0.0714,28,3,1,6,0.3,0.48,0.4077,NA,NA,NA,35.2319,4.4153,4.4153,1.8039,29.9864,17.9264,0.0504,324.0073,1984,1984,"0.04,0.08,0.12,0.16,0.3,0.47,0.54,0.6",0,1.4142,0.15,0.85,"10,20,30,40,50,60,70,80",61,NA,NA,NA,NA,NA,NA,NA,NA,NA
"SetB_8dose","SetB_8dose_SC3",3,"CRM","crm_alpha_crm",NA,NA,"alpha_crm",0.9,0,0.0714,28,3,1,7,0.5,0.77,0.4762,NA,NA,NA,8.1653,1.19,1.19,0.4133,29.9864,17.9264,0.0504,324.0073,1984,1984,"0.04,0.08,0.12,0.16,0.3,0.47,0.54,0.6",0,1.4142,0.15,0.85,"10,20,30,40,50,60,70,80",61,NA,NA,NA,NA,NA,NA,NA,NA,NA
"SetB_8dose","SetB_8dose_SC3",3,"CRM","crm_alpha_crm",NA,NA,"alpha_crm",0.9,0,0.0714,28,3,1,8,0.6,1,0.5372,NA,NA,NA,1.2097,0.2873,0.2873,0.1421,29.9864,17.9264,0.0504,324.0073,1984,1984,"0.04,0.08,0.12,0.16,0.3,0.47,0.54,0.6",0,1.4142,0.15,0.85,"10,20,30,40,50,60,70,80",61,NA,NA,NA,NA,NA,NA,NA,NA,NA
"SetB_8dose","SetB_8dose_SC4",4,"CRM","crm_alpha_crm",NA,NA,"alpha_crm",0,0,0.0714,28,1,1,1,0.02,0.02,0.0572,NA,NA,NA,0,3.3054,3.3054,0,30,30,0,437.8699,1984,1984,"0.04,0.08,0.12,0.16,0.3,0.47,0.54,0.6",0,1.4142,0.15,0.85,"10,20,30,40,50,60,70,80",61,NA,NA,NA,NA,NA,NA,NA,NA,NA
"SetB_8dose","SetB_8dose_SC4",4,"CRM","crm_alpha_crm",NA,NA,"alpha_crm",0,0,0.0714,28,1,1,2,0.1,0.1,0.0987,NA,NA,NA,0.3528,3.4083,3.4083,0,30,30,0,437.8699,1984,1984,"0.04,0.08,0.12,0.16,0.3,0.47,0.54,0.6",0,1.4142,0.15,0.85,"10,20,30,40,50,60,70,80",61,NA,NA,NA,NA,NA,NA,NA,NA,NA
"SetB_8dose","SetB_8dose_SC4",4,"CRM","crm_alpha_crm",NA,NA,"alpha_crm",0,0,0.0714,28,1,1,3,0.15,0.15,0.1378,NA,NA,NA,2.1169,4.066,4.066,0,30,30,0,437.8699,1984,1984,"0.04,0.08,0.12,0.16,0.3,0.47,0.54,0.6",0,1.4142,0.15,0.85,"10,20,30,40,50,60,70,80",61,NA,NA,NA,NA,NA,NA,NA,NA,NA
"SetB_8dose","SetB_8dose_SC4",4,"CRM","crm_alpha_crm",NA,NA,"alpha_crm",0,0,0.0714,28,1,1,4,0.18,0.18,0.1759,NA,NA,NA,21.0181,6.4627,6.4627,0,30,30,0,437.8699,1984,1984,"0.04,0.08,0.12,0.16,0.3,0.47,0.54,0.6",0,1.4142,0.15,0.85,"10,20,30,40,50,60,70,80",61,NA,NA,NA,NA,NA,NA,NA,NA,NA
"SetB_8dose","SetB_8dose_SC4",4,"CRM","crm_alpha_crm",NA,NA,"alpha_crm",0,0,0.0714,28,1,1,5,0.3,0.3,0.3067,NA,NA,NA,59.5262,9.4521,9.4521,0,30,30,0,437.8699,1984,1984,"0.04,0.08,0.12,0.16,0.3,0.47,0.54,0.6",0,1.4142,0.15,0.85,"10,20,30,40,50,60,70,80",61,NA,NA,NA,NA,NA,NA,NA,NA,NA
"SetB_8dose","SetB_8dose_SC4",4,"CRM","crm_alpha_crm",NA,NA,"alpha_crm",0,0,0.0714,28,1,1,6,0.44,0.44,0.4669,NA,NA,NA,14.7177,2.7944,2.7944,0,30,30,0,437.8699,1984,1984,"0.04,0.08,0.12,0.16,0.3,0.47,0.54,0.6",0,1.4142,0.15,0.85,"10,20,30,40,50,60,70,80",61,NA,NA,NA,NA,NA,NA,NA,NA,NA
"SetB_8dose","SetB_8dose_SC4",4,"CRM","crm_alpha_crm",NA,NA,"alpha_crm",0,0,0.0714,28,1,1,7,0.52,0.52,0.5341,NA,NA,NA,1.9153,0.4355,0.4355,0,30,30,0,437.8699,1984,1984,"0.04,0.08,0.12,0.16,0.3,0.47,0.54,0.6",0,1.4142,0.15,0.85,"10,20,30,40,50,60,70,80",61,NA,NA,NA,NA,NA,NA,NA,NA,NA
"SetB_8dose","SetB_8dose_SC4",4,"CRM","crm_alpha_crm",NA,NA,"alpha_crm",0,0,0.0714,28,1,1,8,0.6,0.6,0.5924,NA,NA,NA,0.3528,0.0756,0.0756,0,30,30,0,437.8699,1984,1984,"0.04,0.08,0.12,0.16,0.3,0.47,0.54,0.6",0,1.4142,0.15,0.85,"10,20,30,40,50,60,70,80",61,NA,NA,NA,NA,NA,NA,NA,NA,NA
"SetB_8dose","SetB_8dose_SC4",4,"CRM","crm_alpha_crm",NA,NA,"alpha_crm",0,0,0.0714,28,2,1,1,0.02,0.02,0.0464,NA,NA,NA,0,3.2072,3.2072,0,30,21.1598,0,341.6031,1984,1984,"0.04,0.08,0.12,0.16,0.3,0.47,0.54,0.6",0,1.4142,0.15,0.85,"10,20,30,40,50,60,70,80",61,NA,NA,NA,NA,NA,NA,NA,NA,NA
"SetB_8dose","SetB_8dose_SC4",4,"CRM","crm_alpha_crm",NA,NA,"alpha_crm",0,0,0.0714,28,2,1,2,0.1,0.1,0.0822,NA,NA,NA,0.2016,3.3644,3.3644,3.0398,30,21.1598,0,341.6031,1984,1984,"0.04,0.08,0.12,0.16,0.3,0.47,0.54,0.6",0,1.4142,0.15,0.85,"10,20,30,40,50,60,70,80",61,NA,NA,NA,NA,NA,NA,NA,NA,NA
"SetB_8dose","SetB_8dose_SC4",4,"CRM","crm_alpha_crm",NA,NA,"alpha_crm",0,0,0.0714,28,2,1,3,0.15,0.15,0.117,NA,NA,NA,1.2601,3.4763,3.4763,0.2258,30,21.1598,0,341.6031,1984,1984,"0.04,0.08,0.12,0.16,0.3,0.47,0.54,0.6",0,1.4142,0.15,0.85,"10,20,30,40,50,60,70,80",61,NA,NA,NA,NA,NA,NA,NA,NA,NA
"SetB_8dose","SetB_8dose_SC4",4,"CRM","crm_alpha_crm",NA,NA,"alpha_crm",0,0,0.0714,28,2,1,4,0.18,0.18,0.1516,NA,NA,NA,13.6593,5.4375,5.4375,2.6598,30,21.1598,0,341.6031,1984,1984,"0.04,0.08,0.12,0.16,0.3,0.47,0.54,0.6",0,1.4142,0.15,0.85,"10,20,30,40,50,60,70,80",61,NA,NA,NA,NA,NA,NA,NA,NA,NA
"SetB_8dose","SetB_8dose_SC4",4,"CRM","crm_alpha_crm",NA,NA,"alpha_crm",0,0,0.0714,28,2,1,5,0.3,0.3,0.2747,NA,NA,NA,54.8387,9.1875,9.1875,1.0353,30,21.1598,0,341.6031,1984,1984,"0.04,0.08,0.12,0.16,0.3,0.47,0.54,0.6",0,1.4142,0.15,0.85,"10,20,30,40,50,60,70,80",61,NA,NA,NA,NA,NA,NA,NA,NA,NA
"SetB_8dose","SetB_8dose_SC4",4,"CRM","crm_alpha_crm",NA,NA,"alpha_crm",0,0,0.0714,28,2,1,6,0.44,0.44,0.4325,NA,NA,NA,24.1431,4.0963,4.0963,1.5751,30,21.1598,0,341.6031,1984,1984,"0.04,0.08,0.12,0.16,0.3,0.47,0.54,0.6",0,1.4142,0.15,0.85,"10,20,30,40,50,60,70,80",61,NA,NA,NA,NA,NA,NA,NA,NA,NA
"SetB_8dose","SetB_8dose_SC4",4,"CRM","crm_alpha_crm",NA,NA,"alpha_crm",0,0,0.0714,28,2,1,7,0.52,0.52,0.5007,NA,NA,NA,4.2339,0.9405,0.9405,0.188,30,21.1598,0,341.6031,1984,1984,"0.04,0.08,0.12,0.16,0.3,0.47,0.54,0.6",0,1.4142,0.15,0.85,"10,20,30,40,50,60,70,80",61,NA,NA,NA,NA,NA,NA,NA,NA,NA
"SetB_8dose","SetB_8dose_SC4",4,"CRM","crm_alpha_crm",NA,NA,"alpha_crm",0,0,0.0714,28,2,1,8,0.6,0.6,0.5607,NA,NA,NA,1.6633,0.2903,0.2903,0.1164,30,21.1598,0,341.6031,1984,1984,"0.04,0.08,0.12,0.16,0.3,0.47,0.54,0.6",0,1.4142,0.15,0.85,"10,20,30,40,50,60,70,80",61,NA,NA,NA,NA,NA,NA,NA,NA,NA
"SetB_8dose","SetB_8dose_SC4",4,"CRM","crm_alpha_crm",NA,NA,"alpha_crm",0,0,0.0714,28,3,1,1,0.02,0.02,0.0434,NA,NA,NA,0,3.2087,3.2087,0,30,18.5045,0,324.4406,1984,1984,"0.04,0.08,0.12,0.16,0.3,0.47,0.54,0.6",0,1.4142,0.15,0.85,"10,20,30,40,50,60,70,80",61,NA,NA,NA,NA,NA,NA,NA,NA,NA
"SetB_8dose","SetB_8dose_SC4",4,"CRM","crm_alpha_crm",NA,NA,"alpha_crm",0,0,0.0714,28,3,1,2,0.1,0.1,0.0778,NA,NA,NA,0.2016,3.2828,3.2828,3.0353,30,18.5045,0,324.4406,1984,1984,"0.04,0.08,0.12,0.16,0.3,0.47,0.54,0.6",0,1.4142,0.15,0.85,"10,20,30,40,50,60,70,80",61,NA,NA,NA,NA,NA,NA,NA,NA,NA
"SetB_8dose","SetB_8dose_SC4",4,"CRM","crm_alpha_crm",NA,NA,"alpha_crm",0,0,0.0714,28,3,1,3,0.15,0.15,0.1114,NA,NA,NA,0.6552,3.3538,3.3538,2.8634,30,18.5045,0,324.4406,1984,1984,"0.04,0.08,0.12,0.16,0.3,0.47,0.54,0.6",0,1.4142,0.15,0.85,"10,20,30,40,50,60,70,80",61,NA,NA,NA,NA,NA,NA,NA,NA,NA
"SetB_8dose","SetB_8dose_SC4",4,"CRM","crm_alpha_crm",NA,NA,"alpha_crm",0,0,0.0714,28,3,1,4,0.18,0.18,0.145,NA,NA,NA,12.0464,5.2167,5.2167,0.4748,30,18.5045,0,324.4406,1984,1984,"0.04,0.08,0.12,0.16,0.3,0.47,0.54,0.6",0,1.4142,0.15,0.85,"10,20,30,40,50,60,70,80",61,NA,NA,NA,NA,NA,NA,NA,NA,NA
"SetB_8dose","SetB_8dose_SC4",4,"CRM","crm_alpha_crm",NA,NA,"alpha_crm",0,0,0.0714,28,3,1,5,0.3,0.3,0.2658,NA,NA,NA,53.4274,8.9456,8.9456,2.9597,30,18.5045,0,324.4406,1984,1984,"0.04,0.08,0.12,0.16,0.3,0.47,0.54,0.6",0,1.4142,0.15,0.85,"10,20,30,40,50,60,70,80",61,NA,NA,NA,NA,NA,NA,NA,NA,NA
"SetB_8dose","SetB_8dose_SC4",4,"CRM","crm_alpha_crm",NA,NA,"alpha_crm",0,0,0.0714,28,3,1,6,0.44,0.44,0.4228,NA,NA,NA,26.5121,4.2641,4.2641,1.6925,30,18.5045,0,324.4406,1984,1984,"0.04,0.08,0.12,0.16,0.3,0.47,0.54,0.6",0,1.4142,0.15,0.85,"10,20,30,40,50,60,70,80",61,NA,NA,NA,NA,NA,NA,NA,NA,NA
"SetB_8dose","SetB_8dose_SC4",4,"CRM","crm_alpha_crm",NA,NA,"alpha_crm",0,0,0.0714,28,3,1,7,0.52,0.52,0.4912,NA,NA,NA,5.1411,1.2777,1.2777,0.2702,30,18.5045,0,324.4406,1984,1984,"0.04,0.08,0.12,0.16,0.3,0.47,0.54,0.6",0,1.4142,0.15,0.85,"10,20,30,40,50,60,70,80",61,NA,NA,NA,NA,NA,NA,NA,NA,NA
"SetB_8dose","SetB_8dose_SC4",4,"CRM","crm_alpha_crm",NA,NA,"alpha_crm",0,0,0.0714,28,3,1,8,0.6,0.6,0.5516,NA,NA,NA,2.0161,0.4506,0.4506,0.1996,30,18.5045,0,324.4406,1984,1984,"0.04,0.08,0.12,0.16,0.3,0.47,0.54,0.6",0,1.4142,0.15,0.85,"10,20,30,40,50,60,70,80",61,NA,NA,NA,NA,NA,NA,NA,NA,NA
"SetB_8dose","SetB_8dose_SC4",4,"CRM","crm_alpha_crm",NA,NA,"alpha_crm",0.3,0,0.0714,28,1,1,1,0.02,0.02,0.0572,NA,NA,NA,0,3.3054,3.3054,0,30,30,0,437.8699,1984,1984,"0.04,0.08,0.12,0.16,0.3,0.47,0.54,0.6",0,1.4142,0.15,0.85,"10,20,30,40,50,60,70,80",61,NA,NA,NA,NA,NA,NA,NA,NA,NA
"SetB_8dose","SetB_8dose_SC4",4,"CRM","crm_alpha_crm",NA,NA,"alpha_crm",0.3,0,0.0714,28,1,1,2,0.1,0.106,0.0987,NA,NA,NA,0.3528,3.4083,3.4083,0,30,30,0,437.8699,1984,1984,"0.04,0.08,0.12,0.16,0.3,0.47,0.54,0.6",0,1.4142,0.15,0.85,"10,20,30,40,50,60,70,80",61,NA,NA,NA,NA,NA,NA,NA,NA,NA
"SetB_8dose","SetB_8dose_SC4",4,"CRM","crm_alpha_crm",NA,NA,"alpha_crm",0.3,0,0.0714,28,1,1,3,0.15,0.18,0.1378,NA,NA,NA,2.1169,4.066,4.066,0,30,30,0,437.8699,1984,1984,"0.04,0.08,0.12,0.16,0.3,0.47,0.54,0.6",0,1.4142,0.15,0.85,"10,20,30,40,50,60,70,80",61,NA,NA,NA,NA,NA,NA,NA,NA,NA
"SetB_8dose","SetB_8dose_SC4",4,"CRM","crm_alpha_crm",NA,NA,"alpha_crm",0.3,0,0.0714,28,1,1,4,0.18,0.225,0.1759,NA,NA,NA,21.0181,6.4627,6.4627,0,30,30,0,437.8699,1984,1984,"0.04,0.08,0.12,0.16,0.3,0.47,0.54,0.6",0,1.4142,0.15,0.85,"10,20,30,40,50,60,70,80",61,NA,NA,NA,NA,NA,NA,NA,NA,NA
"SetB_8dose","SetB_8dose_SC4",4,"CRM","crm_alpha_crm",NA,NA,"alpha_crm",0.3,0,0.0714,28,1,1,5,0.3,0.354,0.3067,NA,NA,NA,59.5262,9.4521,9.4521,0,30,30,0,437.8699,1984,1984,"0.04,0.08,0.12,0.16,0.3,0.47,0.54,0.6",0,1.4142,0.15,0.85,"10,20,30,40,50,60,70,80",61,NA,NA,NA,NA,NA,NA,NA,NA,NA
"SetB_8dose","SetB_8dose_SC4",4,"CRM","crm_alpha_crm",NA,NA,"alpha_crm",0.3,0,0.0714,28,1,1,6,0.44,0.53,0.4669,NA,NA,NA,14.7177,2.7944,2.7944,0,30,30,0,437.8699,1984,1984,"0.04,0.08,0.12,0.16,0.3,0.47,0.54,0.6",0,1.4142,0.15,0.85,"10,20,30,40,50,60,70,80",61,NA,NA,NA,NA,NA,NA,NA,NA,NA
"SetB_8dose","SetB_8dose_SC4",4,"CRM","crm_alpha_crm",NA,NA,"alpha_crm",0.3,0,0.0714,28,1,1,7,0.52,0.652,0.5341,NA,NA,NA,1.9153,0.4355,0.4355,0,30,30,0,437.8699,1984,1984,"0.04,0.08,0.12,0.16,0.3,0.47,0.54,0.6",0,1.4142,0.15,0.85,"10,20,30,40,50,60,70,80",61,NA,NA,NA,NA,NA,NA,NA,NA,NA
"SetB_8dose","SetB_8dose_SC4",4,"CRM","crm_alpha_crm",NA,NA,"alpha_crm",0.3,0,0.0714,28,1,1,8,0.6,0.756,0.5924,NA,NA,NA,0.3528,0.0756,0.0756,0,30,30,0,437.8699,1984,1984,"0.04,0.08,0.12,0.16,0.3,0.47,0.54,0.6",0,1.4142,0.15,0.85,"10,20,30,40,50,60,70,80",61,NA,NA,NA,NA,NA,NA,NA,NA,NA
"SetB_8dose","SetB_8dose_SC4",4,"CRM","crm_alpha_crm",NA,NA,"alpha_crm",0.3,0,0.0714,28,2,1,1,0.02,0.02,0.05,NA,NA,NA,0,3.2147,3.2147,0,30,21.1331,0,341.6605,1984,1984,"0.04,0.08,0.12,0.16,0.3,0.47,0.54,0.6",0,1.4142,0.15,0.85,"10,20,30,40,50,60,70,80",61,NA,NA,NA,NA,NA,NA,NA,NA,NA
"SetB_8dose","SetB_8dose_SC4",4,"CRM","crm_alpha_crm",NA,NA,"alpha_crm",0.3,0,0.0714,28,2,1,2,0.1,0.106,0.0879,NA,NA,NA,0.2016,3.3992,3.3992,3.0439,30,21.1331,0,341.6605,1984,1984,"0.04,0.08,0.12,0.16,0.3,0.47,0.54,0.6",0,1.4142,0.15,0.85,"10,20,30,40,50,60,70,80",61,NA,NA,NA,NA,NA,NA,NA,NA,NA
"SetB_8dose","SetB_8dose_SC4",4,"CRM","crm_alpha_crm",NA,NA,"alpha_crm",0.3,0,0.0714,28,2,1,3,0.15,0.18,0.1243,NA,NA,NA,1.6633,3.5474,3.5474,0.2535,30,21.1331,0,341.6605,1984,1984,"0.04,0.08,0.12,0.16,0.3,0.47,0.54,0.6",0,1.4142,0.15,0.85,"10,20,30,40,50,60,70,80",61,NA,NA,NA,NA,NA,NA,NA,NA,NA
"SetB_8dose","SetB_8dose_SC4",4,"CRM","crm_alpha_crm",NA,NA,"alpha_crm",0.3,0,0.0714,28,2,1,4,0.18,0.225,0.1601,NA,NA,NA,15.2722,5.749,5.749,2.6749,30,21.1331,0,341.6605,1984,1984,"0.04,0.08,0.12,0.16,0.3,0.47,0.54,0.6",0,1.4142,0.15,0.85,"10,20,30,40,50,60,70,80",61,NA,NA,NA,NA,NA,NA,NA,NA,NA
"SetB_8dose","SetB_8dose_SC4",4,"CRM","crm_alpha_crm",NA,NA,"alpha_crm",0.3,0,0.0714,28,2,1,5,0.3,0.354,0.2863,NA,NA,NA,57.7621,9.3357,9.3357,1.0862,30,21.1331,0,341.6605,1984,1984,"0.04,0.08,0.12,0.16,0.3,0.47,0.54,0.6",0,1.4142,0.15,0.85,"10,20,30,40,50,60,70,80",61,NA,NA,NA,NA,NA,NA,NA,NA,NA
"SetB_8dose","SetB_8dose_SC4",4,"CRM","crm_alpha_crm",NA,NA,"alpha_crm",0.3,0,0.0714,28,2,1,6,0.44,0.53,0.4453,NA,NA,NA,21.1694,3.9027,3.9027,1.5938,30,21.1331,0,341.6605,1984,1984,"0.04,0.08,0.12,0.16,0.3,0.47,0.54,0.6",0,1.4142,0.15,0.85,"10,20,30,40,50,60,70,80",61,NA,NA,NA,NA,NA,NA,NA,NA,NA
"SetB_8dose","SetB_8dose_SC4",4,"CRM","crm_alpha_crm",NA,NA,"alpha_crm",0.3,0,0.0714,28,2,1,7,0.52,0.652,0.5132,NA,NA,NA,3.0746,0.6699,0.6699,0.1376,30,21.1331,0,341.6605,1984,1984,"0.04,0.08,0.12,0.16,0.3,0.47,0.54,0.6",0,1.4142,0.15,0.85,"10,20,30,40,50,60,70,80",61,NA,NA,NA,NA,NA,NA,NA,NA,NA
"SetB_8dose","SetB_8dose_SC4",4,"CRM","crm_alpha_crm",NA,NA,"alpha_crm",0.3,0,0.0714,28,2,1,8,0.6,0.756,0.5727,NA,NA,NA,0.8569,0.1815,0.1815,0.0771,30,21.1331,0,341.6605,1984,1984,"0.04,0.08,0.12,0.16,0.3,0.47,0.54,0.6",0,1.4142,0.15,0.85,"10,20,30,40,50,60,70,80",61,NA,NA,NA,NA,NA,NA,NA,NA,NA
"SetB_8dose","SetB_8dose_SC4",4,"CRM","crm_alpha_crm",NA,NA,"alpha_crm",0.3,0,0.0714,28,3,1,1,0.02,0.02,0.0476,NA,NA,NA,0,3.2177,3.2177,0,30,18.6043,0,324.6145,1984,1984,"0.04,0.08,0.12,0.16,0.3,0.47,0.54,0.6",0,1.4142,0.15,0.85,"10,20,30,40,50,60,70,80",61,NA,NA,NA,NA,NA,NA,NA,NA,NA
"SetB_8dose","SetB_8dose_SC4",4,"CRM","crm_alpha_crm",NA,NA,"alpha_crm",0.3,0,0.0714,28,3,1,2,0.1,0.106,0.0842,NA,NA,NA,0.252,3.3145,3.3145,3.0408,30,18.6043,0,324.6145,1984,1984,"0.04,0.08,0.12,0.16,0.3,0.47,0.54,0.6",0,1.4142,0.15,0.85,"10,20,30,40,50,60,70,80",61,NA,NA,NA,NA,NA,NA,NA,NA,NA
"SetB_8dose","SetB_8dose_SC4",4,"CRM","crm_alpha_crm",NA,NA,"alpha_crm",0.3,0,0.0714,28,3,1,3,0.15,0.18,0.1195,NA,NA,NA,1.2601,3.4657,3.4657,2.871,30,18.6043,0,324.6145,1984,1984,"0.04,0.08,0.12,0.16,0.3,0.47,0.54,0.6",0,1.4142,0.15,0.85,"10,20,30,40,50,60,70,80",61,NA,NA,NA,NA,NA,NA,NA,NA,NA
"SetB_8dose","SetB_8dose_SC4",4,"CRM","crm_alpha_crm",NA,NA,"alpha_crm",0.3,0,0.0714,28,3,1,4,0.18,0.225,0.1545,NA,NA,NA,13.4073,5.5328,5.5328,0.5363,30,18.6043,0,324.6145,1984,1984,"0.04,0.08,0.12,0.16,0.3,0.47,0.54,0.6",0,1.4142,0.15,0.85,"10,20,30,40,50,60,70,80",61,NA,NA,NA,NA,NA,NA,NA,NA,NA
"SetB_8dose","SetB_8dose_SC4",4,"CRM","crm_alpha_crm",NA,NA,"alpha_crm",0.3,0,0.0714,28,3,1,5,0.3,0.354,0.2786,NA,NA,NA,56.754,9.2147,9.2147,2.9924,30,18.6043,0,324.6145,1984,1984,"0.04,0.08,0.12,0.16,0.3,0.47,0.54,0.6",0,1.4142,0.15,0.85,"10,20,30,40,50,60,70,80",61,NA,NA,NA,NA,NA,NA,NA,NA,NA
"SetB_8dose","SetB_8dose_SC4",4,"CRM","crm_alpha_crm",NA,NA,"alpha_crm",0.3,0,0.0714,28,3,1,6,0.44,0.53,0.4367,NA,NA,NA,23.2863,3.9632,3.9632,1.567,30,18.6043,0,324.6145,1984,1984,"0.04,0.08,0.12,0.16,0.3,0.47,0.54,0.6",0,1.4142,0.15,0.85,"10,20,30,40,50,60,70,80",61,NA,NA,NA,NA,NA,NA,NA,NA,NA
"SetB_8dose","SetB_8dose_SC4",4,"CRM","crm_alpha_crm",NA,NA,"alpha_crm",0.3,0,0.0714,28,3,1,7,0.52,0.652,0.5048,NA,NA,NA,3.881,0.9889,0.9889,0.2465,30,18.6043,0,324.6145,1984,1984,"0.04,0.08,0.12,0.16,0.3,0.47,0.54,0.6",0,1.4142,0.15,0.85,"10,20,30,40,50,60,70,80",61,NA,NA,NA,NA,NA,NA,NA,NA,NA
"SetB_8dose","SetB_8dose_SC4",4,"CRM","crm_alpha_crm",NA,NA,"alpha_crm",0.3,0,0.0714,28,3,1,8,0.6,0.756,0.5645,NA,NA,NA,1.1593,0.3024,0.3024,0.1416,30,18.6043,0,324.6145,1984,1984,"0.04,0.08,0.12,0.16,0.3,0.47,0.54,0.6",0,1.4142,0.15,0.85,"10,20,30,40,50,60,70,80",61,NA,NA,NA,NA,NA,NA,NA,NA,NA
"SetB_8dose","SetB_8dose_SC4",4,"CRM","crm_alpha_crm",NA,NA,"alpha_crm",0.6,0,0.0714,28,1,1,1,0.02,0.02,0.0572,NA,NA,NA,0,3.3054,3.3054,0,30,30,0,437.8699,1984,1984,"0.04,0.08,0.12,0.16,0.3,0.47,0.54,0.6",0,1.4142,0.15,0.85,"10,20,30,40,50,60,70,80",61,NA,NA,NA,NA,NA,NA,NA,NA,NA
"SetB_8dose","SetB_8dose_SC4",4,"CRM","crm_alpha_crm",NA,NA,"alpha_crm",0.6,0,0.0714,28,1,1,2,0.1,0.112,0.0987,NA,NA,NA,0.3528,3.4083,3.4083,0,30,30,0,437.8699,1984,1984,"0.04,0.08,0.12,0.16,0.3,0.47,0.54,0.6",0,1.4142,0.15,0.85,"10,20,30,40,50,60,70,80",61,NA,NA,NA,NA,NA,NA,NA,NA,NA
"SetB_8dose","SetB_8dose_SC4",4,"CRM","crm_alpha_crm",NA,NA,"alpha_crm",0.6,0,0.0714,28,1,1,3,0.15,0.21,0.1378,NA,NA,NA,2.1169,4.066,4.066,0,30,30,0,437.8699,1984,1984,"0.04,0.08,0.12,0.16,0.3,0.47,0.54,0.6",0,1.4142,0.15,0.85,"10,20,30,40,50,60,70,80",61,NA,NA,NA,NA,NA,NA,NA,NA,NA
"SetB_8dose","SetB_8dose_SC4",4,"CRM","crm_alpha_crm",NA,NA,"alpha_crm",0.6,0,0.0714,28,1,1,4,0.18,0.27,0.1759,NA,NA,NA,21.0181,6.4627,6.4627,0,30,30,0,437.8699,1984,1984,"0.04,0.08,0.12,0.16,0.3,0.47,0.54,0.6",0,1.4142,0.15,0.85,"10,20,30,40,50,60,70,80",61,NA,NA,NA,NA,NA,NA,NA,NA,NA
"SetB_8dose","SetB_8dose_SC4",4,"CRM","crm_alpha_crm",NA,NA,"alpha_crm",0.6,0,0.0714,28,1,1,5,0.3,0.408,0.3067,NA,NA,NA,59.5262,9.4521,9.4521,0,30,30,0,437.8699,1984,1984,"0.04,0.08,0.12,0.16,0.3,0.47,0.54,0.6",0,1.4142,0.15,0.85,"10,20,30,40,50,60,70,80",61,NA,NA,NA,NA,NA,NA,NA,NA,NA
"SetB_8dose","SetB_8dose_SC4",4,"CRM","crm_alpha_crm",NA,NA,"alpha_crm",0.6,0,0.0714,28,1,1,6,0.44,0.62,0.4669,NA,NA,NA,14.7177,2.7944,2.7944,0,30,30,0,437.8699,1984,1984,"0.04,0.08,0.12,0.16,0.3,0.47,0.54,0.6",0,1.4142,0.15,0.85,"10,20,30,40,50,60,70,80",61,NA,NA,NA,NA,NA,NA,NA,NA,NA
"SetB_8dose","SetB_8dose_SC4",4,"CRM","crm_alpha_crm",NA,NA,"alpha_crm",0.6,0,0.0714,28,1,1,7,0.52,0.784,0.5341,NA,NA,NA,1.9153,0.4355,0.4355,0,30,30,0,437.8699,1984,1984,"0.04,0.08,0.12,0.16,0.3,0.47,0.54,0.6",0,1.4142,0.15,0.85,"10,20,30,40,50,60,70,80",61,NA,NA,NA,NA,NA,NA,NA,NA,NA
"SetB_8dose","SetB_8dose_SC4",4,"CRM","crm_alpha_crm",NA,NA,"alpha_crm",0.6,0,0.0714,28,1,1,8,0.6,0.912,0.5924,NA,NA,NA,0.3528,0.0756,0.0756,0,30,30,0,437.8699,1984,1984,"0.04,0.08,0.12,0.16,0.3,0.47,0.54,0.6",0,1.4142,0.15,0.85,"10,20,30,40,50,60,70,80",61,NA,NA,NA,NA,NA,NA,NA,NA,NA
"SetB_8dose","SetB_8dose_SC4",4,"CRM","crm_alpha_crm",NA,NA,"alpha_crm",0.6,0,0.0714,28,2,1,1,0.02,0.02,0.0532,NA,NA,NA,0,3.2162,3.2162,0,30,21.1331,0,341.7807,1984,1984,"0.04,0.08,0.12,0.16,0.3,0.47,0.54,0.6",0,1.4142,0.15,0.85,"10,20,30,40,50,60,70,80",61,NA,NA,NA,NA,NA,NA,NA,NA,NA
"SetB_8dose","SetB_8dose_SC4",4,"CRM","crm_alpha_crm",NA,NA,"alpha_crm",0.6,0,0.0714,28,2,1,2,0.1,0.112,0.0926,NA,NA,NA,0.3024,3.443,3.443,3.0454,30,21.1331,0,341.7807,1984,1984,"0.04,0.08,0.12,0.16,0.3,0.47,0.54,0.6",0,1.4142,0.15,0.85,"10,20,30,40,50,60,70,80",61,NA,NA,NA,NA,NA,NA,NA,NA,NA
"SetB_8dose","SetB_8dose_SC4",4,"CRM","crm_alpha_crm",NA,NA,"alpha_crm",0.6,0,0.0714,28,2,1,3,0.15,0.21,0.1302,NA,NA,NA,2.1169,3.6351,3.6351,0.2833,30,21.1331,0,341.7807,1984,1984,"0.04,0.08,0.12,0.16,0.3,0.47,0.54,0.6",0,1.4142,0.15,0.85,"10,20,30,40,50,60,70,80",61,NA,NA,NA,NA,NA,NA,NA,NA,NA
"SetB_8dose","SetB_8dose_SC4",4,"CRM","crm_alpha_crm",NA,NA,"alpha_crm",0.6,0,0.0714,28,2,1,4,0.18,0.27,0.167,NA,NA,NA,16.8851,5.9138,5.9138,2.6971,30,21.1331,0,341.7807,1984,1984,"0.04,0.08,0.12,0.16,0.3,0.47,0.54,0.6",0,1.4142,0.15,0.85,"10,20,30,40,50,60,70,80",61,NA,NA,NA,NA,NA,NA,NA,NA,NA
"SetB_8dose","SetB_8dose_SC4",4,"CRM","crm_alpha_crm",NA,NA,"alpha_crm",0.6,0,0.0714,28,2,1,5,0.3,0.408,0.2952,NA,NA,NA,59.0726,9.5912,9.5912,1.1462,30,21.1331,0,341.7807,1984,1984,"0.04,0.08,0.12,0.16,0.3,0.47,0.54,0.6",0,1.4142,0.15,0.85,"10,20,30,40,50,60,70,80",61,NA,NA,NA,NA,NA,NA,NA,NA,NA
"SetB_8dose","SetB_8dose_SC4",4,"CRM","crm_alpha_crm",NA,NA,"alpha_crm",0.6,0,0.0714,28,2,1,6,0.44,0.62,0.4548,NA,NA,NA,19.002,3.5776,3.5776,1.5408,30,21.1331,0,341.7807,1984,1984,"0.04,0.08,0.12,0.16,0.3,0.47,0.54,0.6",0,1.4142,0.15,0.85,"10,20,30,40,50,60,70,80",61,NA,NA,NA,NA,NA,NA,NA,NA,NA
"SetB_8dose","SetB_8dose_SC4",4,"CRM","crm_alpha_crm",NA,NA,"alpha_crm",0.6,0,0.0714,28,2,1,7,0.52,0.784,0.5224,NA,NA,NA,2.1673,0.5111,0.5111,0.1033,30,21.1331,0,341.7807,1984,1984,"0.04,0.08,0.12,0.16,0.3,0.47,0.54,0.6",0,1.4142,0.15,0.85,"10,20,30,40,50,60,70,80",61,NA,NA,NA,NA,NA,NA,NA,NA,NA
"SetB_8dose","SetB_8dose_SC4",4,"CRM","crm_alpha_crm",NA,NA,"alpha_crm",0.6,0,0.0714,28,2,1,8,0.6,0.912,0.5814,NA,NA,NA,0.4536,0.1119,0.1119,0.0509,30,21.1331,0,341.7807,1984,1984,"0.04,0.08,0.12,0.16,0.3,0.47,0.54,0.6",0,1.4142,0.15,0.85,"10,20,30,40,50,60,70,80",61,NA,NA,NA,NA,NA,NA,NA,NA,NA
"SetB_8dose","SetB_8dose_SC4",4,"CRM","crm_alpha_crm",NA,NA,"alpha_crm",0.6,0,0.0714,28,3,1,1,0.02,0.02,0.0518,NA,NA,NA,0,3.2208,3.2208,0,30,18.686,0,324.9827,1984,1984,"0.04,0.08,0.12,0.16,0.3,0.47,0.54,0.6",0,1.4142,0.15,0.85,"10,20,30,40,50,60,70,80",61,NA,NA,NA,NA,NA,NA,NA,NA,NA
"SetB_8dose","SetB_8dose_SC4",4,"CRM","crm_alpha_crm",NA,NA,"alpha_crm",0.6,0,0.0714,28,3,1,2,0.1,0.112,0.0904,NA,NA,NA,0.4032,3.372,3.372,3.0459,30,18.686,0,324.9827,1984,1984,"0.04,0.08,0.12,0.16,0.3,0.47,0.54,0.6",0,1.4142,0.15,0.85,"10,20,30,40,50,60,70,80",61,NA,NA,NA,NA,NA,NA,NA,NA,NA
"SetB_8dose","SetB_8dose_SC4",4,"CRM","crm_alpha_crm",NA,NA,"alpha_crm",0.6,0,0.0714,28,3,1,3,0.15,0.21,0.1271,NA,NA,NA,1.7137,3.6366,3.6366,2.8972,30,18.686,0,324.9827,1984,1984,"0.04,0.08,0.12,0.16,0.3,0.47,0.54,0.6",0,1.4142,0.15,0.85,"10,20,30,40,50,60,70,80",61,NA,NA,NA,NA,NA,NA,NA,NA,NA
"SetB_8dose","SetB_8dose_SC4",4,"CRM","crm_alpha_crm",NA,NA,"alpha_crm",0.6,0,0.0714,28,3,1,4,0.18,0.27,0.1633,NA,NA,NA,15.625,5.755,5.755,0.6084,30,18.686,0,324.9827,1984,1984,"0.04,0.08,0.12,0.16,0.3,0.47,0.54,0.6",0,1.4142,0.15,0.85,"10,20,30,40,50,60,70,80",61,NA,NA,NA,NA,NA,NA,NA,NA,NA
"SetB_8dose","SetB_8dose_SC4",4,"CRM","crm_alpha_crm",NA,NA,"alpha_crm",0.6,0,0.0714,28,3,1,5,0.3,0.408,0.2899,NA,NA,NA,58.619,9.4476,9.4476,3.0186,30,18.686,0,324.9827,1984,1984,"0.04,0.08,0.12,0.16,0.3,0.47,0.54,0.6",0,1.4142,0.15,0.85,"10,20,30,40,50,60,70,80",61,NA,NA,NA,NA,NA,NA,NA,NA,NA
"SetB_8dose","SetB_8dose_SC4",4,"CRM","crm_alpha_crm",NA,NA,"alpha_crm",0.6,0,0.0714,28,3,1,6,0.44,0.62,0.4486,NA,NA,NA,19.8589,3.5413,3.5413,1.4269,30,18.686,0,324.9827,1984,1984,"0.04,0.08,0.12,0.16,0.3,0.47,0.54,0.6",0,1.4142,0.15,0.85,"10,20,30,40,50,60,70,80",61,NA,NA,NA,NA,NA,NA,NA,NA,NA
"SetB_8dose","SetB_8dose_SC4",4,"CRM","crm_alpha_crm",NA,NA,"alpha_crm",0.6,0,0.0714,28,3,1,7,0.52,0.784,0.5163,NA,NA,NA,2.9738,0.812,0.812,0.2152,30,18.686,0,324.9827,1984,1984,"0.04,0.08,0.12,0.16,0.3,0.47,0.54,0.6",0,1.4142,0.15,0.85,"10,20,30,40,50,60,70,80",61,NA,NA,NA,NA,NA,NA,NA,NA,NA
"SetB_8dose","SetB_8dose_SC4",4,"CRM","crm_alpha_crm",NA,NA,"alpha_crm",0.6,0,0.0714,28,3,1,8,0.6,0.912,0.5754,NA,NA,NA,0.8065,0.2147,0.2147,0.1018,30,18.686,0,324.9827,1984,1984,"0.04,0.08,0.12,0.16,0.3,0.47,0.54,0.6",0,1.4142,0.15,0.85,"10,20,30,40,50,60,70,80",61,NA,NA,NA,NA,NA,NA,NA,NA,NA
"SetB_8dose","SetB_8dose_SC4",4,"CRM","crm_alpha_crm",NA,NA,"alpha_crm",0.9,0,0.0714,28,1,1,1,0.02,0.02,0.0572,NA,NA,NA,0,3.3054,3.3054,0,30,30,0,437.8699,1984,1984,"0.04,0.08,0.12,0.16,0.3,0.47,0.54,0.6",0,1.4142,0.15,0.85,"10,20,30,40,50,60,70,80",61,NA,NA,NA,NA,NA,NA,NA,NA,NA
"SetB_8dose","SetB_8dose_SC4",4,"CRM","crm_alpha_crm",NA,NA,"alpha_crm",0.9,0,0.0714,28,1,1,2,0.1,0.118,0.0987,NA,NA,NA,0.3528,3.4083,3.4083,0,30,30,0,437.8699,1984,1984,"0.04,0.08,0.12,0.16,0.3,0.47,0.54,0.6",0,1.4142,0.15,0.85,"10,20,30,40,50,60,70,80",61,NA,NA,NA,NA,NA,NA,NA,NA,NA
"SetB_8dose","SetB_8dose_SC4",4,"CRM","crm_alpha_crm",NA,NA,"alpha_crm",0.9,0,0.0714,28,1,1,3,0.15,0.24,0.1378,NA,NA,NA,2.1169,4.066,4.066,0,30,30,0,437.8699,1984,1984,"0.04,0.08,0.12,0.16,0.3,0.47,0.54,0.6",0,1.4142,0.15,0.85,"10,20,30,40,50,60,70,80",61,NA,NA,NA,NA,NA,NA,NA,NA,NA
"SetB_8dose","SetB_8dose_SC4",4,"CRM","crm_alpha_crm",NA,NA,"alpha_crm",0.9,0,0.0714,28,1,1,4,0.18,0.315,0.1759,NA,NA,NA,21.0181,6.4627,6.4627,0,30,30,0,437.8699,1984,1984,"0.04,0.08,0.12,0.16,0.3,0.47,0.54,0.6",0,1.4142,0.15,0.85,"10,20,30,40,50,60,70,80",61,NA,NA,NA,NA,NA,NA,NA,NA,NA
"SetB_8dose","SetB_8dose_SC4",4,"CRM","crm_alpha_crm",NA,NA,"alpha_crm",0.9,0,0.0714,28,1,1,5,0.3,0.462,0.3067,NA,NA,NA,59.5262,9.4521,9.4521,0,30,30,0,437.8699,1984,1984,"0.04,0.08,0.12,0.16,0.3,0.47,0.54,0.6",0,1.4142,0.15,0.85,"10,20,30,40,50,60,70,80",61,NA,NA,NA,NA,NA,NA,NA,NA,NA
"SetB_8dose","SetB_8dose_SC4",4,"CRM","crm_alpha_crm",NA,NA,"alpha_crm",0.9,0,0.0714,28,1,1,6,0.44,0.71,0.4669,NA,NA,NA,14.7177,2.7944,2.7944,0,30,30,0,437.8699,1984,1984,"0.04,0.08,0.12,0.16,0.3,0.47,0.54,0.6",0,1.4142,0.15,0.85,"10,20,30,40,50,60,70,80",61,NA,NA,NA,NA,NA,NA,NA,NA,NA
"SetB_8dose","SetB_8dose_SC4",4,"CRM","crm_alpha_crm",NA,NA,"alpha_crm",0.9,0,0.0714,28,1,1,7,0.52,0.916,0.5341,NA,NA,NA,1.9153,0.4355,0.4355,0,30,30,0,437.8699,1984,1984,"0.04,0.08,0.12,0.16,0.3,0.47,0.54,0.6",0,1.4142,0.15,0.85,"10,20,30,40,50,60,70,80",61,NA,NA,NA,NA,NA,NA,NA,NA,NA
"SetB_8dose","SetB_8dose_SC4",4,"CRM","crm_alpha_crm",NA,NA,"alpha_crm",0.9,0,0.0714,28,1,1,8,0.6,1,0.5924,NA,NA,NA,0.3528,0.0756,0.0756,0,30,30,0,437.8699,1984,1984,"0.04,0.08,0.12,0.16,0.3,0.47,0.54,0.6",0,1.4142,0.15,0.85,"10,20,30,40,50,60,70,80",61,NA,NA,NA,NA,NA,NA,NA,NA,NA
"SetB_8dose","SetB_8dose_SC4",4,"CRM","crm_alpha_crm",NA,NA,"alpha_crm",0.9,0,0.0714,28,2,1,1,0.02,0.02,0.057,NA,NA,NA,0.0504,3.2268,3.2268,0,30,21.1416,0,341.4558,1984,1984,"0.04,0.08,0.12,0.16,0.3,0.47,0.54,0.6",0,1.4142,0.15,0.85,"10,20,30,40,50,60,70,80",61,NA,NA,NA,NA,NA,NA,NA,NA,NA
"SetB_8dose","SetB_8dose_SC4",4,"CRM","crm_alpha_crm",NA,NA,"alpha_crm",0.9,0,0.0714,28,2,1,2,0.1,0.118,0.0981,NA,NA,NA,0.3528,3.5171,3.5171,3.06,30,21.1416,0,341.4558,1984,1984,"0.04,0.08,0.12,0.16,0.3,0.47,0.54,0.6",0,1.4142,0.15,0.85,"10,20,30,40,50,60,70,80",61,NA,NA,NA,NA,NA,NA,NA,NA,NA
"SetB_8dose","SetB_8dose_SC4",4,"CRM","crm_alpha_crm",NA,NA,"alpha_crm",0.9,0,0.0714,28,2,1,3,0.15,0.24,0.1369,NA,NA,NA,2.621,3.747,3.747,0.3306,30,21.1416,0,341.4558,1984,1984,"0.04,0.08,0.12,0.16,0.3,0.47,0.54,0.6",0,1.4142,0.15,0.85,"10,20,30,40,50,60,70,80",61,NA,NA,NA,NA,NA,NA,NA,NA,NA
"SetB_8dose","SetB_8dose_SC4",4,"CRM","crm_alpha_crm",NA,NA,"alpha_crm",0.9,0,0.0714,28,2,1,4,0.18,0.315,0.1747,NA,NA,NA,19.4556,6.1709,6.1709,2.7077,30,21.1416,0,341.4558,1984,1984,"0.04,0.08,0.12,0.16,0.3,0.47,0.54,0.6",0,1.4142,0.15,0.85,"10,20,30,40,50,60,70,80",61,NA,NA,NA,NA,NA,NA,NA,NA,NA
"SetB_8dose","SetB_8dose_SC4",4,"CRM","crm_alpha_crm",NA,NA,"alpha_crm",0.9,0,0.0714,28,2,1,5,0.3,0.462,0.3049,NA,NA,NA,59.6774,9.7167,9.7167,1.1749,30,21.1416,0,341.4558,1984,1984,"0.04,0.08,0.12,0.16,0.3,0.47,0.54,0.6",0,1.4142,0.15,0.85,"10,20,30,40,50,60,70,80",61,NA,NA,NA,NA,NA,NA,NA,NA,NA
"SetB_8dose","SetB_8dose_SC4",4,"CRM","crm_alpha_crm",NA,NA,"alpha_crm",0.9,0,0.0714,28,2,1,6,0.44,0.71,0.4648,NA,NA,NA,16.0786,3.1905,3.1905,1.4708,30,21.1416,0,341.4558,1984,1984,"0.04,0.08,0.12,0.16,0.3,0.47,0.54,0.6",0,1.4142,0.15,0.85,"10,20,30,40,50,60,70,80",61,NA,NA,NA,NA,NA,NA,NA,NA,NA
"SetB_8dose","SetB_8dose_SC4",4,"CRM","crm_alpha_crm",NA,NA,"alpha_crm",0.9,0,0.0714,28,2,1,7,0.52,0.916,0.532,NA,NA,NA,1.2601,0.369,0.369,0.0827,30,21.1416,0,341.4558,1984,1984,"0.04,0.08,0.12,0.16,0.3,0.47,0.54,0.6",0,1.4142,0.15,0.85,"10,20,30,40,50,60,70,80",61,NA,NA,NA,NA,NA,NA,NA,NA,NA
"SetB_8dose","SetB_8dose_SC4",4,"CRM","crm_alpha_crm",NA,NA,"alpha_crm",0.9,0,0.0714,28,2,1,8,0.6,1,0.5903,NA,NA,NA,0.504,0.062,0.062,0.0318,30,21.1416,0,341.4558,1984,1984,"0.04,0.08,0.12,0.16,0.3,0.47,0.54,0.6",0,1.4142,0.15,0.85,"10,20,30,40,50,60,70,80",61,NA,NA,NA,NA,NA,NA,NA,NA,NA
"SetB_8dose","SetB_8dose_SC4",4,"CRM","crm_alpha_crm",NA,NA,"alpha_crm",0.9,0,0.0714,28,3,1,1,0.02,0.02,0.0561,NA,NA,NA,0.0504,3.2344,3.2344,0,30,18.8034,0,325.8575,1984,1984,"0.04,0.08,0.12,0.16,0.3,0.47,0.54,0.6",0,1.4142,0.15,0.85,"10,20,30,40,50,60,70,80",61,NA,NA,NA,NA,NA,NA,NA,NA,NA
"SetB_8dose","SetB_8dose_SC4",4,"CRM","crm_alpha_crm",NA,NA,"alpha_crm",0.9,0,0.0714,28,3,1,2,0.1,0.118,0.0966,NA,NA,NA,0.4536,3.443,3.443,3.0645,30,18.8034,0,325.8575,1984,1984,"0.04,0.08,0.12,0.16,0.3,0.47,0.54,0.6",0,1.4142,0.15,0.85,"10,20,30,40,50,60,70,80",61,NA,NA,NA,NA,NA,NA,NA,NA,NA
"SetB_8dose","SetB_8dose_SC4",4,"CRM","crm_alpha_crm",NA,NA,"alpha_crm",0.9,0,0.0714,28,3,1,3,0.15,0.24,0.1347,NA,NA,NA,2.0665,3.7818,3.7818,2.9229,30,18.8034,0,325.8575,1984,1984,"0.04,0.08,0.12,0.16,0.3,0.47,0.54,0.6",0,1.4142,0.15,0.85,"10,20,30,40,50,60,70,80",61,NA,NA,NA,NA,NA,NA,NA,NA,NA
"SetB_8dose","SetB_8dose_SC4",4,"CRM","crm_alpha_crm",NA,NA,"alpha_crm",0.9,0,0.0714,28,3,1,4,0.18,0.315,0.172,NA,NA,NA,18.5484,6.0408,6.0408,0.6724,30,18.8034,0,325.8575,1984,1984,"0.04,0.08,0.12,0.16,0.3,0.47,0.54,0.6",0,1.4142,0.15,0.85,"10,20,30,40,50,60,70,80",61,NA,NA,NA,NA,NA,NA,NA,NA,NA
"SetB_8dose","SetB_8dose_SC4",4,"CRM","crm_alpha_crm",NA,NA,"alpha_crm",0.9,0,0.0714,28,3,1,5,0.3,0.462,0.3008,NA,NA,NA,59.7278,9.6578,9.6578,3.0217,30,18.8034,0,325.8575,1984,1984,"0.04,0.08,0.12,0.16,0.3,0.47,0.54,0.6",0,1.4142,0.15,0.85,"10,20,30,40,50,60,70,80",61,NA,NA,NA,NA,NA,NA,NA,NA,NA
"SetB_8dose","SetB_8dose_SC4",4,"CRM","crm_alpha_crm",NA,NA,"alpha_crm",0.9,0,0.0714,28,3,1,6,0.44,0.71,0.4599,NA,NA,NA,16.0786,3.0938,3.0938,1.2712,30,18.8034,0,325.8575,1984,1984,"0.04,0.08,0.12,0.16,0.3,0.47,0.54,0.6",0,1.4142,0.15,0.85,"10,20,30,40,50,60,70,80",61,NA,NA,NA,NA,NA,NA,NA,NA,NA
"SetB_8dose","SetB_8dose_SC4",4,"CRM","crm_alpha_crm",NA,NA,"alpha_crm",0.9,0,0.0714,28,3,1,7,0.52,0.916,0.5271,NA,NA,NA,2.0665,0.5973,0.5973,0.1694,30,18.8034,0,325.8575,1984,1984,"0.04,0.08,0.12,0.16,0.3,0.47,0.54,0.6",0,1.4142,0.15,0.85,"10,20,30,40,50,60,70,80",61,NA,NA,NA,NA,NA,NA,NA,NA,NA
"SetB_8dose","SetB_8dose_SC4",4,"CRM","crm_alpha_crm",NA,NA,"alpha_crm",0.9,0,0.0714,28,3,1,8,0.6,1,0.5855,NA,NA,NA,1.0081,0.1512,0.1512,0.0746,30,18.8034,0,325.8575,1984,1984,"0.04,0.08,0.12,0.16,0.3,0.47,0.54,0.6",0,1.4142,0.15,0.85,"10,20,30,40,50,60,70,80",61,NA,NA,NA,NA,NA,NA,NA,NA,NA
"SetB_8dose","SetB_8dose_SC5",5,"CRM","crm_alpha_crm",NA,NA,"alpha_crm",0,0,0.0714,28,1,1,1,0.05,0.05,0.1143,NA,NA,NA,0.0504,3.6623,3.6623,0,29.9819,29.9819,0.1512,437.5755,1984,1984,"0.04,0.08,0.12,0.16,0.3,0.47,0.54,0.6",0,1.4142,0.15,0.85,"10,20,30,40,50,60,70,80",61,NA,NA,NA,NA,NA,NA,NA,NA,NA
"SetB_8dose","SetB_8dose_SC5",5,"CRM","crm_alpha_crm",NA,NA,"alpha_crm",0,0,0.0714,28,1,1,2,0.1,0.1,0.1765,NA,NA,NA,3.377,4.1583,4.1583,0,29.9819,29.9819,0.1512,437.5755,1984,1984,"0.04,0.08,0.12,0.16,0.3,0.47,0.54,0.6",0,1.4142,0.15,0.85,"10,20,30,40,50,60,70,80",61,NA,NA,NA,NA,NA,NA,NA,NA,NA
"SetB_8dose","SetB_8dose_SC5",5,"CRM","crm_alpha_crm",NA,NA,"alpha_crm",0,0,0.0714,28,1,1,3,0.22,0.22,0.2296,NA,NA,NA,17.1371,6.1149,6.1149,0,29.9819,29.9819,0.1512,437.5755,1984,1984,"0.04,0.08,0.12,0.16,0.3,0.47,0.54,0.6",0,1.4142,0.15,0.85,"10,20,30,40,50,60,70,80",61,NA,NA,NA,NA,NA,NA,NA,NA,NA
"SetB_8dose","SetB_8dose_SC5",5,"CRM","crm_alpha_crm",NA,NA,"alpha_crm",0,0,0.0714,28,1,1,4,0.3,0.3,0.2775,NA,NA,NA,51.6633,9.5685,9.5685,0,29.9819,29.9819,0.1512,437.5755,1984,1984,"0.04,0.08,0.12,0.16,0.3,0.47,0.54,0.6",0,1.4142,0.15,0.85,"10,20,30,40,50,60,70,80",61,NA,NA,NA,NA,NA,NA,NA,NA,NA
"SetB_8dose","SetB_8dose_SC5",5,"CRM","crm_alpha_crm",NA,NA,"alpha_crm",0,0,0.0714,28,1,1,5,0.46,0.46,0.4262,NA,NA,NA,25.9073,5.7324,5.7324,0,29.9819,29.9819,0.1512,437.5755,1984,1984,"0.04,0.08,0.12,0.16,0.3,0.47,0.54,0.6",0,1.4142,0.15,0.85,"10,20,30,40,50,60,70,80",61,NA,NA,NA,NA,NA,NA,NA,NA,NA
"SetB_8dose","SetB_8dose_SC5",5,"CRM","crm_alpha_crm",NA,NA,"alpha_crm",0,0,0.0714,28,1,1,6,0.53,0.53,0.5855,NA,NA,NA,1.6633,0.6895,0.6895,0,29.9819,29.9819,0.1512,437.5755,1984,1984,"0.04,0.08,0.12,0.16,0.3,0.47,0.54,0.6",0,1.4142,0.15,0.85,"10,20,30,40,50,60,70,80",61,NA,NA,NA,NA,NA,NA,NA,NA,NA
"SetB_8dose","SetB_8dose_SC5",5,"CRM","crm_alpha_crm",NA,NA,"alpha_crm",0,0,0.0714,28,1,1,7,0.59,0.59,0.6473,NA,NA,NA,0.0504,0.0484,0.0484,0,29.9819,29.9819,0.1512,437.5755,1984,1984,"0.04,0.08,0.12,0.16,0.3,0.47,0.54,0.6",0,1.4142,0.15,0.85,"10,20,30,40,50,60,70,80",61,NA,NA,NA,NA,NA,NA,NA,NA,NA
"SetB_8dose","SetB_8dose_SC5",5,"CRM","crm_alpha_crm",NA,NA,"alpha_crm",0,0,0.0714,28,1,1,8,0.66,0.66,0.699,NA,NA,NA,0,0.0076,0.0076,0,29.9819,29.9819,0.1512,437.5755,1984,1984,"0.04,0.08,0.12,0.16,0.3,0.47,0.54,0.6",0,1.4142,0.15,0.85,"10,20,30,40,50,60,70,80",61,NA,NA,NA,NA,NA,NA,NA,NA,NA
"SetB_8dose","SetB_8dose_SC5",5,"CRM","crm_alpha_crm",NA,NA,"alpha_crm",0,0,0.0714,28,2,1,1,0.05,0.05,0.0949,NA,NA,NA,0.0504,3.5534,3.5534,0,29.9864,22.0428,0.0504,349.9019,1984,1984,"0.04,0.08,0.12,0.16,0.3,0.47,0.54,0.6",0,1.4142,0.15,0.85,"10,20,30,40,50,60,70,80",61,NA,NA,NA,NA,NA,NA,NA,NA,NA
"SetB_8dose","SetB_8dose_SC5",5,"CRM","crm_alpha_crm",NA,NA,"alpha_crm",0,0,0.0714,28,2,1,2,0.1,0.1,0.1503,NA,NA,NA,2.5706,3.877,3.877,3.1472,29.9864,22.0428,0.0504,349.9019,1984,1984,"0.04,0.08,0.12,0.16,0.3,0.47,0.54,0.6",0,1.4142,0.15,0.85,"10,20,30,40,50,60,70,80",61,NA,NA,NA,NA,NA,NA,NA,NA,NA
"SetB_8dose","SetB_8dose_SC5",5,"CRM","crm_alpha_crm",NA,NA,"alpha_crm",0,0,0.0714,28,2,1,3,0.22,0.22,0.1986,NA,NA,NA,12.0464,4.8523,4.8523,0.4501,29.9864,22.0428,0.0504,349.9019,1984,1984,"0.04,0.08,0.12,0.16,0.3,0.47,0.54,0.6",0,1.4142,0.15,0.85,"10,20,30,40,50,60,70,80",61,NA,NA,NA,NA,NA,NA,NA,NA,NA
"SetB_8dose","SetB_8dose_SC5",5,"CRM","crm_alpha_crm",NA,NA,"alpha_crm",0,0,0.0714,28,2,1,4,0.3,0.3,0.2432,NA,NA,NA,43.1956,8.6447,8.6447,2.7132,29.9864,22.0428,0.0504,349.9019,1984,1984,"0.04,0.08,0.12,0.16,0.3,0.47,0.54,0.6",0,1.4142,0.15,0.85,"10,20,30,40,50,60,70,80",61,NA,NA,NA,NA,NA,NA,NA,NA,NA
"SetB_8dose","SetB_8dose_SC5",5,"CRM","crm_alpha_crm",NA,NA,"alpha_crm",0,0,0.0714,28,2,1,5,0.46,0.46,0.3847,NA,NA,NA,36.9456,7.3821,7.3821,1.0378,29.9864,22.0428,0.0504,349.9019,1984,1984,"0.04,0.08,0.12,0.16,0.3,0.47,0.54,0.6",0,1.4142,0.15,0.85,"10,20,30,40,50,60,70,80",61,NA,NA,NA,NA,NA,NA,NA,NA,NA
"SetB_8dose","SetB_8dose_SC5",5,"CRM","crm_alpha_crm",NA,NA,"alpha_crm",0,0,0.0714,28,2,1,6,0.53,0.53,0.542,NA,NA,NA,4.4859,1.4864,1.4864,0.5469,29.9864,22.0428,0.0504,349.9019,1984,1984,"0.04,0.08,0.12,0.16,0.3,0.47,0.54,0.6",0,1.4142,0.15,0.85,"10,20,30,40,50,60,70,80",61,NA,NA,NA,NA,NA,NA,NA,NA,NA
"SetB_8dose","SetB_8dose_SC5",5,"CRM","crm_alpha_crm",NA,NA,"alpha_crm",0,0,0.0714,28,2,1,7,0.59,0.59,0.6044,NA,NA,NA,0.4536,0.1588,0.1588,0.0338,29.9864,22.0428,0.0504,349.9019,1984,1984,"0.04,0.08,0.12,0.16,0.3,0.47,0.54,0.6",0,1.4142,0.15,0.85,"10,20,30,40,50,60,70,80",61,NA,NA,NA,NA,NA,NA,NA,NA,NA
"SetB_8dose","SetB_8dose_SC5",5,"CRM","crm_alpha_crm",NA,NA,"alpha_crm",0,0,0.0714,28,2,1,8,0.66,0.66,0.6571,NA,NA,NA,0.2016,0.0318,0.0318,0.0146,29.9864,22.0428,0.0504,349.9019,1984,1984,"0.04,0.08,0.12,0.16,0.3,0.47,0.54,0.6",0,1.4142,0.15,0.85,"10,20,30,40,50,60,70,80",61,NA,NA,NA,NA,NA,NA,NA,NA,NA
"SetB_8dose","SetB_8dose_SC5",5,"CRM","crm_alpha_crm",NA,NA,"alpha_crm",0,0,0.0714,28,3,1,1,0.05,0.05,0.0926,NA,NA,NA,0.0504,3.5519,3.5519,0,29.9864,19.9834,0.0504,333.4525,1984,1984,"0.04,0.08,0.12,0.16,0.3,0.47,0.54,0.6",0,1.4142,0.15,0.85,"10,20,30,40,50,60,70,80",61,NA,NA,NA,NA,NA,NA,NA,NA,NA
"SetB_8dose","SetB_8dose_SC5",5,"CRM","crm_alpha_crm",NA,NA,"alpha_crm",0,0,0.0714,28,3,1,2,0.1,0.1,0.1471,NA,NA,NA,2.2177,3.688,3.688,3.1396,29.9864,19.9834,0.0504,333.4525,1984,1984,"0.04,0.08,0.12,0.16,0.3,0.47,0.54,0.6",0,1.4142,0.15,0.85,"10,20,30,40,50,60,70,80",61,NA,NA,NA,NA,NA,NA,NA,NA,NA
"SetB_8dose","SetB_8dose_SC5",5,"CRM","crm_alpha_crm",NA,NA,"alpha_crm",0,0,0.0714,28,3,1,3,0.22,0.22,0.1947,NA,NA,NA,11.2399,4.7767,4.7767,3.1089,29.9864,19.9834,0.0504,333.4525,1984,1984,"0.04,0.08,0.12,0.16,0.3,0.47,0.54,0.6",0,1.4142,0.15,0.85,"10,20,30,40,50,60,70,80",61,NA,NA,NA,NA,NA,NA,NA,NA,NA
"SetB_8dose","SetB_8dose_SC5",5,"CRM","crm_alpha_crm",NA,NA,"alpha_crm",0,0,0.0714,28,3,1,4,0.3,0.3,0.2388,NA,NA,NA,42.6915,8.6265,8.6265,0.7676,29.9864,19.9834,0.0504,333.4525,1984,1984,"0.04,0.08,0.12,0.16,0.3,0.47,0.54,0.6",0,1.4142,0.15,0.85,"10,20,30,40,50,60,70,80",61,NA,NA,NA,NA,NA,NA,NA,NA,NA
"SetB_8dose","SetB_8dose_SC5",5,"CRM","crm_alpha_crm",NA,NA,"alpha_crm",0,0,0.0714,28,3,1,5,0.46,0.46,0.3792,NA,NA,NA,36.7944,7.3594,7.3594,2.3397,29.9864,19.9834,0.0504,333.4525,1984,1984,"0.04,0.08,0.12,0.16,0.3,0.47,0.54,0.6",0,1.4142,0.15,0.85,"10,20,30,40,50,60,70,80",61,NA,NA,NA,NA,NA,NA,NA,NA,NA
"SetB_8dose","SetB_8dose_SC5",5,"CRM","crm_alpha_crm",NA,NA,"alpha_crm",0,0,0.0714,28,3,1,6,0.53,0.53,0.5363,NA,NA,NA,6.25,1.5711,1.5711,0.5358,29.9864,19.9834,0.0504,333.4525,1984,1984,"0.04,0.08,0.12,0.16,0.3,0.47,0.54,0.6",0,1.4142,0.15,0.85,"10,20,30,40,50,60,70,80",61,NA,NA,NA,NA,NA,NA,NA,NA,NA
"SetB_8dose","SetB_8dose_SC5",5,"CRM","crm_alpha_crm",NA,NA,"alpha_crm",0,0,0.0714,28,3,1,7,0.59,0.59,0.599,NA,NA,NA,0.504,0.3417,0.3417,0.0751,29.9864,19.9834,0.0504,333.4525,1984,1984,"0.04,0.08,0.12,0.16,0.3,0.47,0.54,0.6",0,1.4142,0.15,0.85,"10,20,30,40,50,60,70,80",61,NA,NA,NA,NA,NA,NA,NA,NA,NA
"SetB_8dose","SetB_8dose_SC5",5,"CRM","crm_alpha_crm",NA,NA,"alpha_crm",0,0,0.0714,28,3,1,8,0.66,0.66,0.6521,NA,NA,NA,0.2016,0.0711,0.0711,0.0363,29.9864,19.9834,0.0504,333.4525,1984,1984,"0.04,0.08,0.12,0.16,0.3,0.47,0.54,0.6",0,1.4142,0.15,0.85,"10,20,30,40,50,60,70,80",61,NA,NA,NA,NA,NA,NA,NA,NA,NA
"SetB_8dose","SetB_8dose_SC5",5,"CRM","crm_alpha_crm",NA,NA,"alpha_crm",0.3,0,0.0714,28,1,1,1,0.05,0.05,0.1143,NA,NA,NA,0.0504,3.6623,3.6623,0,29.9819,29.9819,0.1512,437.5755,1984,1984,"0.04,0.08,0.12,0.16,0.3,0.47,0.54,0.6",0,1.4142,0.15,0.85,"10,20,30,40,50,60,70,80",61,NA,NA,NA,NA,NA,NA,NA,NA,NA
"SetB_8dose","SetB_8dose_SC5",5,"CRM","crm_alpha_crm",NA,NA,"alpha_crm",0.3,0,0.0714,28,1,1,2,0.1,0.115,0.1765,NA,NA,NA,3.377,4.1583,4.1583,0,29.9819,29.9819,0.1512,437.5755,1984,1984,"0.04,0.08,0.12,0.16,0.3,0.47,0.54,0.6",0,1.4142,0.15,0.85,"10,20,30,40,50,60,70,80",61,NA,NA,NA,NA,NA,NA,NA,NA,NA
"SetB_8dose","SetB_8dose_SC5",5,"CRM","crm_alpha_crm",NA,NA,"alpha_crm",0.3,0,0.0714,28,1,1,3,0.22,0.25,0.2296,NA,NA,NA,17.1371,6.1149,6.1149,0,29.9819,29.9819,0.1512,437.5755,1984,1984,"0.04,0.08,0.12,0.16,0.3,0.47,0.54,0.6",0,1.4142,0.15,0.85,"10,20,30,40,50,60,70,80",61,NA,NA,NA,NA,NA,NA,NA,NA,NA
"SetB_8dose","SetB_8dose_SC5",5,"CRM","crm_alpha_crm",NA,NA,"alpha_crm",0.3,0,0.0714,28,1,1,4,0.3,0.366,0.2775,NA,NA,NA,51.6633,9.5685,9.5685,0,29.9819,29.9819,0.1512,437.5755,1984,1984,"0.04,0.08,0.12,0.16,0.3,0.47,0.54,0.6",0,1.4142,0.15,0.85,"10,20,30,40,50,60,70,80",61,NA,NA,NA,NA,NA,NA,NA,NA,NA
"SetB_8dose","SetB_8dose_SC5",5,"CRM","crm_alpha_crm",NA,NA,"alpha_crm",0.3,0,0.0714,28,1,1,5,0.46,0.55,0.4262,NA,NA,NA,25.9073,5.7324,5.7324,0,29.9819,29.9819,0.1512,437.5755,1984,1984,"0.04,0.08,0.12,0.16,0.3,0.47,0.54,0.6",0,1.4142,0.15,0.85,"10,20,30,40,50,60,70,80",61,NA,NA,NA,NA,NA,NA,NA,NA,NA
"SetB_8dose","SetB_8dose_SC5",5,"CRM","crm_alpha_crm",NA,NA,"alpha_crm",0.3,0,0.0714,28,1,1,6,0.53,0.668,0.5855,NA,NA,NA,1.6633,0.6895,0.6895,0,29.9819,29.9819,0.1512,437.5755,1984,1984,"0.04,0.08,0.12,0.16,0.3,0.47,0.54,0.6",0,1.4142,0.15,0.85,"10,20,30,40,50,60,70,80",61,NA,NA,NA,NA,NA,NA,NA,NA,NA
"SetB_8dose","SetB_8dose_SC5",5,"CRM","crm_alpha_crm",NA,NA,"alpha_crm",0.3,0,0.0714,28,1,1,7,0.59,0.749,0.6473,NA,NA,NA,0.0504,0.0484,0.0484,0,29.9819,29.9819,0.1512,437.5755,1984,1984,"0.04,0.08,0.12,0.16,0.3,0.47,0.54,0.6",0,1.4142,0.15,0.85,"10,20,30,40,50,60,70,80",61,NA,NA,NA,NA,NA,NA,NA,NA,NA
"SetB_8dose","SetB_8dose_SC5",5,"CRM","crm_alpha_crm",NA,NA,"alpha_crm",0.3,0,0.0714,28,1,1,8,0.66,0.837,0.699,NA,NA,NA,0,0.0076,0.0076,0,29.9819,29.9819,0.1512,437.5755,1984,1984,"0.04,0.08,0.12,0.16,0.3,0.47,0.54,0.6",0,1.4142,0.15,0.85,"10,20,30,40,50,60,70,80",61,NA,NA,NA,NA,NA,NA,NA,NA,NA
"SetB_8dose","SetB_8dose_SC5",5,"CRM","crm_alpha_crm",NA,NA,"alpha_crm",0.3,0,0.0714,28,2,1,1,0.05,0.05,0.1007,NA,NA,NA,0.0504,3.5746,3.5746,0,29.9864,21.9637,0.0504,349.8223,1984,1984,"0.04,0.08,0.12,0.16,0.3,0.47,0.54,0.6",0,1.4142,0.15,0.85,"10,20,30,40,50,60,70,80",61,NA,NA,NA,NA,NA,NA,NA,NA,NA
"SetB_8dose","SetB_8dose_SC5",5,"CRM","crm_alpha_crm",NA,NA,"alpha_crm",0.3,0,0.0714,28,2,1,2,0.1,0.115,0.1582,NA,NA,NA,2.6714,4.0312,4.0312,3.1744,29.9864,21.9637,0.0504,349.8223,1984,1984,"0.04,0.08,0.12,0.16,0.3,0.47,0.54,0.6",0,1.4142,0.15,0.85,"10,20,30,40,50,60,70,80",61,NA,NA,NA,NA,NA,NA,NA,NA,NA
"SetB_8dose","SetB_8dose_SC5",5,"CRM","crm_alpha_crm",NA,NA,"alpha_crm",0.3,0,0.0714,28,2,1,3,0.22,0.25,0.2079,NA,NA,NA,14.2641,5.0988,5.0988,0.5423,29.9864,21.9637,0.0504,349.8223,1984,1984,"0.04,0.08,0.12,0.16,0.3,0.47,0.54,0.6",0,1.4142,0.15,0.85,"10,20,30,40,50,60,70,80",61,NA,NA,NA,NA,NA,NA,NA,NA,NA
"SetB_8dose","SetB_8dose_SC5",5,"CRM","crm_alpha_crm",NA,NA,"alpha_crm",0.3,0,0.0714,28,2,1,4,0.3,0.366,0.2535,NA,NA,NA,46.9254,8.9062,8.9062,2.7606,29.9864,21.9637,0.0504,349.8223,1984,1984,"0.04,0.08,0.12,0.16,0.3,0.47,0.54,0.6",0,1.4142,0.15,0.85,"10,20,30,40,50,60,70,80",61,NA,NA,NA,NA,NA,NA,NA,NA,NA
"SetB_8dose","SetB_8dose_SC5",5,"CRM","crm_alpha_crm",NA,NA,"alpha_crm",0.3,0,0.0714,28,2,1,5,0.46,0.55,0.3967,NA,NA,NA,33.1149,7.2006,7.2006,1.0675,29.9864,21.9637,0.0504,349.8223,1984,1984,"0.04,0.08,0.12,0.16,0.3,0.47,0.54,0.6",0,1.4142,0.15,0.85,"10,20,30,40,50,60,70,80",61,NA,NA,NA,NA,NA,NA,NA,NA,NA
"SetB_8dose","SetB_8dose_SC5",5,"CRM","crm_alpha_crm",NA,NA,"alpha_crm",0.3,0,0.0714,28,2,1,6,0.53,0.668,0.5536,NA,NA,NA,2.621,1.057,1.057,0.4506,29.9864,21.9637,0.0504,349.8223,1984,1984,"0.04,0.08,0.12,0.16,0.3,0.47,0.54,0.6",0,1.4142,0.15,0.85,"10,20,30,40,50,60,70,80",61,NA,NA,NA,NA,NA,NA,NA,NA,NA
"SetB_8dose","SetB_8dose_SC5",5,"CRM","crm_alpha_crm",NA,NA,"alpha_crm",0.3,0,0.0714,28,2,1,7,0.59,0.749,0.6153,NA,NA,NA,0.2016,0.1043,0.1043,0.0207,29.9864,21.9637,0.0504,349.8223,1984,1984,"0.04,0.08,0.12,0.16,0.3,0.47,0.54,0.6",0,1.4142,0.15,0.85,"10,20,30,40,50,60,70,80",61,NA,NA,NA,NA,NA,NA,NA,NA,NA
"SetB_8dose","SetB_8dose_SC5",5,"CRM","crm_alpha_crm",NA,NA,"alpha_crm",0.3,0,0.0714,28,2,1,8,0.66,0.837,0.6672,NA,NA,NA,0.1008,0.0136,0.0136,0.0066,29.9864,21.9637,0.0504,349.8223,1984,1984,"0.04,0.08,0.12,0.16,0.3,0.47,0.54,0.6",0,1.4142,0.15,0.85,"10,20,30,40,50,60,70,80",61,NA,NA,NA,NA,NA,NA,NA,NA,NA
"SetB_8dose","SetB_8dose_SC5",5,"CRM","crm_alpha_crm",NA,NA,"alpha_crm",0.3,0,0.0714,28,3,1,1,0.05,0.05,0.0993,NA,NA,NA,0.0504,3.5791,3.5791,0,29.9864,19.9642,0.0504,334.0386,1984,1984,"0.04,0.08,0.12,0.16,0.3,0.47,0.54,0.6",0,1.4142,0.15,0.85,"10,20,30,40,50,60,70,80",61,NA,NA,NA,NA,NA,NA,NA,NA,NA
"SetB_8dose","SetB_8dose_SC5",5,"CRM","crm_alpha_crm",NA,NA,"alpha_crm",0.3,0,0.0714,28,3,1,2,0.1,0.115,0.1561,NA,NA,NA,2.1169,3.8377,3.8377,3.1744,29.9864,19.9642,0.0504,334.0386,1984,1984,"0.04,0.08,0.12,0.16,0.3,0.47,0.54,0.6",0,1.4142,0.15,0.85,"10,20,30,40,50,60,70,80",61,NA,NA,NA,NA,NA,NA,NA,NA,NA
"SetB_8dose","SetB_8dose_SC5",5,"CRM","crm_alpha_crm",NA,NA,"alpha_crm",0.3,0,0.0714,28,3,1,3,0.22,0.25,0.2054,NA,NA,NA,13.8609,5.0474,5.0474,3.1411,29.9864,19.9642,0.0504,334.0386,1984,1984,"0.04,0.08,0.12,0.16,0.3,0.47,0.54,0.6",0,1.4142,0.15,0.85,"10,20,30,40,50,60,70,80",61,NA,NA,NA,NA,NA,NA,NA,NA,NA
"SetB_8dose","SetB_8dose_SC5",5,"CRM","crm_alpha_crm",NA,NA,"alpha_crm",0.3,0,0.0714,28,3,1,4,0.3,0.366,0.2507,NA,NA,NA,45.8165,9.0272,9.0272,0.8936,29.9864,19.9642,0.0504,334.0386,1984,1984,"0.04,0.08,0.12,0.16,0.3,0.47,0.54,0.6",0,1.4142,0.15,0.85,"10,20,30,40,50,60,70,80",61,NA,NA,NA,NA,NA,NA,NA,NA,NA
"SetB_8dose","SetB_8dose_SC5",5,"CRM","crm_alpha_crm",NA,NA,"alpha_crm",0.3,0,0.0714,28,3,1,5,0.46,0.55,0.3932,NA,NA,NA,33.9718,7.0252,7.0252,2.3165,29.9864,19.9642,0.0504,334.0386,1984,1984,"0.04,0.08,0.12,0.16,0.3,0.47,0.54,0.6",0,1.4142,0.15,0.85,"10,20,30,40,50,60,70,80",61,NA,NA,NA,NA,NA,NA,NA,NA,NA
"SetB_8dose","SetB_8dose_SC5",5,"CRM","crm_alpha_crm",NA,NA,"alpha_crm",0.3,0,0.0714,28,3,1,6,0.53,0.668,0.55,NA,NA,NA,3.6794,1.2475,1.2475,0.4249,29.9864,19.9642,0.0504,334.0386,1984,1984,"0.04,0.08,0.12,0.16,0.3,0.47,0.54,0.6",0,1.4142,0.15,0.85,"10,20,30,40,50,60,70,80",61,NA,NA,NA,NA,NA,NA,NA,NA,NA
"SetB_8dose","SetB_8dose_SC5",5,"CRM","crm_alpha_crm",NA,NA,"alpha_crm",0.3,0,0.0714,28,3,1,7,0.59,0.749,0.6118,NA,NA,NA,0.3528,0.1905,0.1905,0.0494,29.9864,19.9642,0.0504,334.0386,1984,1984,"0.04,0.08,0.12,0.16,0.3,0.47,0.54,0.6",0,1.4142,0.15,0.85,"10,20,30,40,50,60,70,80",61,NA,NA,NA,NA,NA,NA,NA,NA,NA
"SetB_8dose","SetB_8dose_SC5",5,"CRM","crm_alpha_crm",NA,NA,"alpha_crm",0.3,0,0.0714,28,3,1,8,0.66,0.837,0.6639,NA,NA,NA,0.1008,0.0318,0.0318,0.0222,29.9864,19.9642,0.0504,334.0386,1984,1984,"0.04,0.08,0.12,0.16,0.3,0.47,0.54,0.6",0,1.4142,0.15,0.85,"10,20,30,40,50,60,70,80",61,NA,NA,NA,NA,NA,NA,NA,NA,NA
"SetB_8dose","SetB_8dose_SC5",5,"CRM","crm_alpha_crm",NA,NA,"alpha_crm",0.6,0,0.0714,28,1,1,1,0.05,0.05,0.1143,NA,NA,NA,0.0504,3.6623,3.6623,0,29.9819,29.9819,0.1512,437.5755,1984,1984,"0.04,0.08,0.12,0.16,0.3,0.47,0.54,0.6",0,1.4142,0.15,0.85,"10,20,30,40,50,60,70,80",61,NA,NA,NA,NA,NA,NA,NA,NA,NA
"SetB_8dose","SetB_8dose_SC5",5,"CRM","crm_alpha_crm",NA,NA,"alpha_crm",0.6,0,0.0714,28,1,1,2,0.1,0.13,0.1765,NA,NA,NA,3.377,4.1583,4.1583,0,29.9819,29.9819,0.1512,437.5755,1984,1984,"0.04,0.08,0.12,0.16,0.3,0.47,0.54,0.6",0,1.4142,0.15,0.85,"10,20,30,40,50,60,70,80",61,NA,NA,NA,NA,NA,NA,NA,NA,NA
"SetB_8dose","SetB_8dose_SC5",5,"CRM","crm_alpha_crm",NA,NA,"alpha_crm",0.6,0,0.0714,28,1,1,3,0.22,0.28,0.2296,NA,NA,NA,17.1371,6.1149,6.1149,0,29.9819,29.9819,0.1512,437.5755,1984,1984,"0.04,0.08,0.12,0.16,0.3,0.47,0.54,0.6",0,1.4142,0.15,0.85,"10,20,30,40,50,60,70,80",61,NA,NA,NA,NA,NA,NA,NA,NA,NA
"SetB_8dose","SetB_8dose_SC5",5,"CRM","crm_alpha_crm",NA,NA,"alpha_crm",0.6,0,0.0714,28,1,1,4,0.3,0.432,0.2775,NA,NA,NA,51.6633,9.5685,9.5685,0,29.9819,29.9819,0.1512,437.5755,1984,1984,"0.04,0.08,0.12,0.16,0.3,0.47,0.54,0.6",0,1.4142,0.15,0.85,"10,20,30,40,50,60,70,80",61,NA,NA,NA,NA,NA,NA,NA,NA,NA
"SetB_8dose","SetB_8dose_SC5",5,"CRM","crm_alpha_crm",NA,NA,"alpha_crm",0.6,0,0.0714,28,1,1,5,0.46,0.64,0.4262,NA,NA,NA,25.9073,5.7324,5.7324,0,29.9819,29.9819,0.1512,437.5755,1984,1984,"0.04,0.08,0.12,0.16,0.3,0.47,0.54,0.6",0,1.4142,0.15,0.85,"10,20,30,40,50,60,70,80",61,NA,NA,NA,NA,NA,NA,NA,NA,NA
"SetB_8dose","SetB_8dose_SC5",5,"CRM","crm_alpha_crm",NA,NA,"alpha_crm",0.6,0,0.0714,28,1,1,6,0.53,0.806,0.5855,NA,NA,NA,1.6633,0.6895,0.6895,0,29.9819,29.9819,0.1512,437.5755,1984,1984,"0.04,0.08,0.12,0.16,0.3,0.47,0.54,0.6",0,1.4142,0.15,0.85,"10,20,30,40,50,60,70,80",61,NA,NA,NA,NA,NA,NA,NA,NA,NA
"SetB_8dose","SetB_8dose_SC5",5,"CRM","crm_alpha_crm",NA,NA,"alpha_crm",0.6,0,0.0714,28,1,1,7,0.59,0.908,0.6473,NA,NA,NA,0.0504,0.0484,0.0484,0,29.9819,29.9819,0.1512,437.5755,1984,1984,"0.04,0.08,0.12,0.16,0.3,0.47,0.54,0.6",0,1.4142,0.15,0.85,"10,20,30,40,50,60,70,80",61,NA,NA,NA,NA,NA,NA,NA,NA,NA
"SetB_8dose","SetB_8dose_SC5",5,"CRM","crm_alpha_crm",NA,NA,"alpha_crm",0.6,0,0.0714,28,1,1,8,0.66,1,0.699,NA,NA,NA,0,0.0076,0.0076,0,29.9819,29.9819,0.1512,437.5755,1984,1984,"0.04,0.08,0.12,0.16,0.3,0.47,0.54,0.6",0,1.4142,0.15,0.85,"10,20,30,40,50,60,70,80",61,NA,NA,NA,NA,NA,NA,NA,NA,NA
"SetB_8dose","SetB_8dose_SC5",5,"CRM","crm_alpha_crm",NA,NA,"alpha_crm",0.6,0,0.0714,28,2,1,1,0.05,0.05,0.1054,NA,NA,NA,0.0504,3.5882,3.5882,0,29.9864,21.8513,0.0504,349.009,1984,1984,"0.04,0.08,0.12,0.16,0.3,0.47,0.54,0.6",0,1.4142,0.15,0.85,"10,20,30,40,50,60,70,80",61,NA,NA,NA,NA,NA,NA,NA,NA,NA
"SetB_8dose","SetB_8dose_SC5",5,"CRM","crm_alpha_crm",NA,NA,"alpha_crm",0.6,0,0.0714,28,2,1,2,0.1,0.13,0.1644,NA,NA,NA,3.1754,4.1794,4.1794,3.189,29.9864,21.8513,0.0504,349.009,1984,1984,"0.04,0.08,0.12,0.16,0.3,0.47,0.54,0.6",0,1.4142,0.15,0.85,"10,20,30,40,50,60,70,80",61,NA,NA,NA,NA,NA,NA,NA,NA,NA
"SetB_8dose","SetB_8dose_SC5",5,"CRM","crm_alpha_crm",NA,NA,"alpha_crm",0.6,0,0.0714,28,2,1,3,0.22,0.28,0.2151,NA,NA,NA,15.6754,5.4057,5.4057,0.6235,29.9864,21.8513,0.0504,349.009,1984,1984,"0.04,0.08,0.12,0.16,0.3,0.47,0.54,0.6",0,1.4142,0.15,0.85,"10,20,30,40,50,60,70,80",61,NA,NA,NA,NA,NA,NA,NA,NA,NA
"SetB_8dose","SetB_8dose_SC5",5,"CRM","crm_alpha_crm",NA,NA,"alpha_crm",0.6,0,0.0714,28,2,1,4,0.3,0.432,0.2614,NA,NA,NA,49.748,9.2072,9.2072,2.8165,29.9864,21.8513,0.0504,349.009,1984,1984,"0.04,0.08,0.12,0.16,0.3,0.47,0.54,0.6",0,1.4142,0.15,0.85,"10,20,30,40,50,60,70,80",61,NA,NA,NA,NA,NA,NA,NA,NA,NA
"SetB_8dose","SetB_8dose_SC5",5,"CRM","crm_alpha_crm",NA,NA,"alpha_crm",0.6,0,0.0714,28,2,1,5,0.46,0.64,0.4055,NA,NA,NA,29.1331,6.7228,6.7228,1.1099,29.9864,21.8513,0.0504,349.009,1984,1984,"0.04,0.08,0.12,0.16,0.3,0.47,0.54,0.6",0,1.4142,0.15,0.85,"10,20,30,40,50,60,70,80",61,NA,NA,NA,NA,NA,NA,NA,NA,NA
"SetB_8dose","SetB_8dose_SC5",5,"CRM","crm_alpha_crm",NA,NA,"alpha_crm",0.6,0,0.0714,28,2,1,6,0.53,0.806,0.5619,NA,NA,NA,2.0665,0.8135,0.8135,0.3831,29.9864,21.8513,0.0504,349.009,1984,1984,"0.04,0.08,0.12,0.16,0.3,0.47,0.54,0.6",0,1.4142,0.15,0.85,"10,20,30,40,50,60,70,80",61,NA,NA,NA,NA,NA,NA,NA,NA,NA
"SetB_8dose","SetB_8dose_SC5",5,"CRM","crm_alpha_crm",NA,NA,"alpha_crm",0.6,0,0.0714,28,2,1,7,0.59,0.908,0.623,NA,NA,NA,0.0504,0.0575,0.0575,0.005,29.9864,21.8513,0.0504,349.009,1984,1984,"0.04,0.08,0.12,0.16,0.3,0.47,0.54,0.6",0,1.4142,0.15,0.85,"10,20,30,40,50,60,70,80",61,NA,NA,NA,NA,NA,NA,NA,NA,NA
"SetB_8dose","SetB_8dose_SC5",5,"CRM","crm_alpha_crm",NA,NA,"alpha_crm",0.6,0,0.0714,28,2,1,8,0.66,1,0.6742,NA,NA,NA,0.0504,0.0121,0.0121,0.0081,29.9864,21.8513,0.0504,349.009,1984,1984,"0.04,0.08,0.12,0.16,0.3,0.47,0.54,0.6",0,1.4142,0.15,0.85,"10,20,30,40,50,60,70,80",61,NA,NA,NA,NA,NA,NA,NA,NA,NA
"SetB_8dose","SetB_8dose_SC5",5,"CRM","crm_alpha_crm",NA,NA,"alpha_crm",0.6,0,0.0714,28,3,1,1,0.05,0.05,0.1055,NA,NA,NA,0,3.5912,3.5912,0,29.9864,19.9163,0.0504,333.8751,1984,1984,"0.04,0.08,0.12,0.16,0.3,0.47,0.54,0.6",0,1.4142,0.15,0.85,"10,20,30,40,50,60,70,80",61,NA,NA,NA,NA,NA,NA,NA,NA,NA
"SetB_8dose","SetB_8dose_SC5",5,"CRM","crm_alpha_crm",NA,NA,"alpha_crm",0.6,0,0.0714,28,3,1,2,0.1,0.13,0.1645,NA,NA,NA,3.0242,4.0192,4.0192,3.1915,29.9864,19.9163,0.0504,333.8751,1984,1984,"0.04,0.08,0.12,0.16,0.3,0.47,0.54,0.6",0,1.4142,0.15,0.85,"10,20,30,40,50,60,70,80",61,NA,NA,NA,NA,NA,NA,NA,NA,NA
"SetB_8dose","SetB_8dose_SC5",5,"CRM","crm_alpha_crm",NA,NA,"alpha_crm",0.6,0,0.0714,28,3,1,3,0.22,0.28,0.2151,NA,NA,NA,15.877,5.3997,5.3997,3.1905,29.9864,19.9163,0.0504,333.8751,1984,1984,"0.04,0.08,0.12,0.16,0.3,0.47,0.54,0.6",0,1.4142,0.15,0.85,"10,20,30,40,50,60,70,80",61,NA,NA,NA,NA,NA,NA,NA,NA,NA
"SetB_8dose","SetB_8dose_SC5",5,"CRM","crm_alpha_crm",NA,NA,"alpha_crm",0.6,0,0.0714,28,3,1,4,0.3,0.432,0.2613,NA,NA,NA,48.8911,9.3674,9.3674,1.0721,29.9864,19.9163,0.0504,333.8751,1984,1984,"0.04,0.08,0.12,0.16,0.3,0.47,0.54,0.6",0,1.4142,0.15,0.85,"10,20,30,40,50,60,70,80",61,NA,NA,NA,NA,NA,NA,NA,NA,NA
"SetB_8dose","SetB_8dose_SC5",5,"CRM","crm_alpha_crm",NA,NA,"alpha_crm",0.6,0,0.0714,28,3,1,5,0.46,0.64,0.405,NA,NA,NA,29.8891,6.5489,6.5489,2.2586,29.9864,19.9163,0.0504,333.8751,1984,1984,"0.04,0.08,0.12,0.16,0.3,0.47,0.54,0.6",0,1.4142,0.15,0.85,"10,20,30,40,50,60,70,80",61,NA,NA,NA,NA,NA,NA,NA,NA,NA
"SetB_8dose","SetB_8dose_SC5",5,"CRM","crm_alpha_crm",NA,NA,"alpha_crm",0.6,0,0.0714,28,3,1,6,0.53,0.806,0.5611,NA,NA,NA,1.9657,0.9042,0.9042,0.3014,29.9864,19.9163,0.0504,333.8751,1984,1984,"0.04,0.08,0.12,0.16,0.3,0.47,0.54,0.6",0,1.4142,0.15,0.85,"10,20,30,40,50,60,70,80",61,NA,NA,NA,NA,NA,NA,NA,NA,NA
"SetB_8dose","SetB_8dose_SC5",5,"CRM","crm_alpha_crm",NA,NA,"alpha_crm",0.6,0,0.0714,28,3,1,7,0.59,0.908,0.6222,NA,NA,NA,0.2016,0.1361,0.1361,0.0433,29.9864,19.9163,0.0504,333.8751,1984,1984,"0.04,0.08,0.12,0.16,0.3,0.47,0.54,0.6",0,1.4142,0.15,0.85,"10,20,30,40,50,60,70,80",61,NA,NA,NA,NA,NA,NA,NA,NA,NA
"SetB_8dose","SetB_8dose_SC5",5,"CRM","crm_alpha_crm",NA,NA,"alpha_crm",0.6,0,0.0714,28,3,1,8,0.66,1,0.6735,NA,NA,NA,0.1008,0.0197,0.0197,0.0126,29.9864,19.9163,0.0504,333.8751,1984,1984,"0.04,0.08,0.12,0.16,0.3,0.47,0.54,0.6",0,1.4142,0.15,0.85,"10,20,30,40,50,60,70,80",61,NA,NA,NA,NA,NA,NA,NA,NA,NA
"SetB_8dose","SetB_8dose_SC5",5,"CRM","crm_alpha_crm",NA,NA,"alpha_crm",0.9,0,0.0714,28,1,1,1,0.05,0.05,0.1143,NA,NA,NA,0.0504,3.6623,3.6623,0,29.9819,29.9819,0.1512,437.5755,1984,1984,"0.04,0.08,0.12,0.16,0.3,0.47,0.54,0.6",0,1.4142,0.15,0.85,"10,20,30,40,50,60,70,80",61,NA,NA,NA,NA,NA,NA,NA,NA,NA
"SetB_8dose","SetB_8dose_SC5",5,"CRM","crm_alpha_crm",NA,NA,"alpha_crm",0.9,0,0.0714,28,1,1,2,0.1,0.145,0.1765,NA,NA,NA,3.377,4.1583,4.1583,0,29.9819,29.9819,0.1512,437.5755,1984,1984,"0.04,0.08,0.12,0.16,0.3,0.47,0.54,0.6",0,1.4142,0.15,0.85,"10,20,30,40,50,60,70,80",61,NA,NA,NA,NA,NA,NA,NA,NA,NA
"SetB_8dose","SetB_8dose_SC5",5,"CRM","crm_alpha_crm",NA,NA,"alpha_crm",0.9,0,0.0714,28,1,1,3,0.22,0.31,0.2296,NA,NA,NA,17.1371,6.1149,6.1149,0,29.9819,29.9819,0.1512,437.5755,1984,1984,"0.04,0.08,0.12,0.16,0.3,0.47,0.54,0.6",0,1.4142,0.15,0.85,"10,20,30,40,50,60,70,80",61,NA,NA,NA,NA,NA,NA,NA,NA,NA
"SetB_8dose","SetB_8dose_SC5",5,"CRM","crm_alpha_crm",NA,NA,"alpha_crm",0.9,0,0.0714,28,1,1,4,0.3,0.498,0.2775,NA,NA,NA,51.6633,9.5685,9.5685,0,29.9819,29.9819,0.1512,437.5755,1984,1984,"0.04,0.08,0.12,0.16,0.3,0.47,0.54,0.6",0,1.4142,0.15,0.85,"10,20,30,40,50,60,70,80",61,NA,NA,NA,NA,NA,NA,NA,NA,NA
"SetB_8dose","SetB_8dose_SC5",5,"CRM","crm_alpha_crm",NA,NA,"alpha_crm",0.9,0,0.0714,28,1,1,5,0.46,0.73,0.4262,NA,NA,NA,25.9073,5.7324,5.7324,0,29.9819,29.9819,0.1512,437.5755,1984,1984,"0.04,0.08,0.12,0.16,0.3,0.47,0.54,0.6",0,1.4142,0.15,0.85,"10,20,30,40,50,60,70,80",61,NA,NA,NA,NA,NA,NA,NA,NA,NA
"SetB_8dose","SetB_8dose_SC5",5,"CRM","crm_alpha_crm",NA,NA,"alpha_crm",0.9,0,0.0714,28,1,1,6,0.53,0.944,0.5855,NA,NA,NA,1.6633,0.6895,0.6895,0,29.9819,29.9819,0.1512,437.5755,1984,1984,"0.04,0.08,0.12,0.16,0.3,0.47,0.54,0.6",0,1.4142,0.15,0.85,"10,20,30,40,50,60,70,80",61,NA,NA,NA,NA,NA,NA,NA,NA,NA
"SetB_8dose","SetB_8dose_SC5",5,"CRM","crm_alpha_crm",NA,NA,"alpha_crm",0.9,0,0.0714,28,1,1,7,0.59,1,0.6473,NA,NA,NA,0.0504,0.0484,0.0484,0,29.9819,29.9819,0.1512,437.5755,1984,1984,"0.04,0.08,0.12,0.16,0.3,0.47,0.54,0.6",0,1.4142,0.15,0.85,"10,20,30,40,50,60,70,80",61,NA,NA,NA,NA,NA,NA,NA,NA,NA
"SetB_8dose","SetB_8dose_SC5",5,"CRM","crm_alpha_crm",NA,NA,"alpha_crm",0.9,0,0.0714,28,1,1,8,0.66,1,0.699,NA,NA,NA,0,0.0076,0.0076,0,29.9819,29.9819,0.1512,437.5755,1984,1984,"0.04,0.08,0.12,0.16,0.3,0.47,0.54,0.6",0,1.4142,0.15,0.85,"10,20,30,40,50,60,70,80",61,NA,NA,NA,NA,NA,NA,NA,NA,NA
"SetB_8dose","SetB_8dose_SC5",5,"CRM","crm_alpha_crm",NA,NA,"alpha_crm",0.9,0,0.0714,28,2,1,1,0.05,0.05,0.1115,NA,NA,NA,0.0504,3.62,3.62,0,29.9864,21.7833,0.0504,348.7422,1984,1984,"0.04,0.08,0.12,0.16,0.3,0.47,0.54,0.6",0,1.4142,0.15,0.85,"10,20,30,40,50,60,70,80",61,NA,NA,NA,NA,NA,NA,NA,NA,NA
"SetB_8dose","SetB_8dose_SC5",5,"CRM","crm_alpha_crm",NA,NA,"alpha_crm",0.9,0,0.0714,28,2,1,2,0.1,0.145,0.1724,NA,NA,NA,3.9819,4.3775,4.3775,3.2218,29.9864,21.7833,0.0504,348.7422,1984,1984,"0.04,0.08,0.12,0.16,0.3,0.47,0.54,0.6",0,1.4142,0.15,0.85,"10,20,30,40,50,60,70,80",61,NA,NA,NA,NA,NA,NA,NA,NA,NA
"SetB_8dose","SetB_8dose_SC5",5,"CRM","crm_alpha_crm",NA,NA,"alpha_crm",0.9,0,0.0714,28,2,1,3,0.22,0.31,0.2242,NA,NA,NA,18.3468,5.7248,5.7248,0.6996,29.9864,21.7833,0.0504,348.7422,1984,1984,"0.04,0.08,0.12,0.16,0.3,0.47,0.54,0.6",0,1.4142,0.15,0.85,"10,20,30,40,50,60,70,80",61,NA,NA,NA,NA,NA,NA,NA,NA,NA
"SetB_8dose","SetB_8dose_SC5",5,"CRM","crm_alpha_crm",NA,NA,"alpha_crm",0.9,0,0.0714,28,2,1,4,0.3,0.498,0.2712,NA,NA,NA,51.3609,9.5837,9.5837,2.8856,29.9864,21.7833,0.0504,348.7422,1984,1984,"0.04,0.08,0.12,0.16,0.3,0.47,0.54,0.6",0,1.4142,0.15,0.85,"10,20,30,40,50,60,70,80",61,NA,NA,NA,NA,NA,NA,NA,NA,NA
"SetB_8dose","SetB_8dose_SC5",5,"CRM","crm_alpha_crm",NA,NA,"alpha_crm",0.9,0,0.0714,28,2,1,5,0.46,0.73,0.4163,NA,NA,NA,25.0504,6.0771,6.0771,1.0751,29.9864,21.7833,0.0504,348.7422,1984,1984,"0.04,0.08,0.12,0.16,0.3,0.47,0.54,0.6",0,1.4142,0.15,0.85,"10,20,30,40,50,60,70,80",61,NA,NA,NA,NA,NA,NA,NA,NA,NA
"SetB_8dose","SetB_8dose_SC5",5,"CRM","crm_alpha_crm",NA,NA,"alpha_crm",0.9,0,0.0714,28,2,1,6,0.53,0.944,0.5718,NA,NA,NA,1.0585,0.5595,0.5595,0.314,29.9864,21.7833,0.0504,348.7422,1984,1984,"0.04,0.08,0.12,0.16,0.3,0.47,0.54,0.6",0,1.4142,0.15,0.85,"10,20,30,40,50,60,70,80",61,NA,NA,NA,NA,NA,NA,NA,NA,NA
"SetB_8dose","SetB_8dose_SC5",5,"CRM","crm_alpha_crm",NA,NA,"alpha_crm",0.9,0,0.0714,28,2,1,7,0.59,1,0.6321,NA,NA,NA,0.0504,0.0348,0.0348,0.0015,29.9864,21.7833,0.0504,348.7422,1984,1984,"0.04,0.08,0.12,0.16,0.3,0.47,0.54,0.6",0,1.4142,0.15,0.85,"10,20,30,40,50,60,70,80",61,NA,NA,NA,NA,NA,NA,NA,NA,NA
"SetB_8dose","SetB_8dose_SC5",5,"CRM","crm_alpha_crm",NA,NA,"alpha_crm",0.9,0,0.0714,28,2,1,8,0.66,1,0.6826,NA,NA,NA,0.0504,0.0091,0.0091,0.0055,29.9864,21.7833,0.0504,348.7422,1984,1984,"0.04,0.08,0.12,0.16,0.3,0.47,0.54,0.6",0,1.4142,0.15,0.85,"10,20,30,40,50,60,70,80",61,NA,NA,NA,NA,NA,NA,NA,NA,NA
"SetB_8dose","SetB_8dose_SC5",5,"CRM","crm_alpha_crm",NA,NA,"alpha_crm",0.9,0,0.0714,28,3,1,1,0.05,0.05,0.1113,NA,NA,NA,0.0504,3.6321,3.6321,0,29.9864,19.9027,0.0504,334.3326,1984,1984,"0.04,0.08,0.12,0.16,0.3,0.47,0.54,0.6",0,1.4142,0.15,0.85,"10,20,30,40,50,60,70,80",61,NA,NA,NA,NA,NA,NA,NA,NA,NA
"SetB_8dose","SetB_8dose_SC5",5,"CRM","crm_alpha_crm",NA,NA,"alpha_crm",0.9,0,0.0714,28,3,1,2,0.1,0.145,0.1719,NA,NA,NA,3.5282,4.2157,4.2157,3.2298,29.9864,19.9027,0.0504,334.3326,1984,1984,"0.04,0.08,0.12,0.16,0.3,0.47,0.54,0.6",0,1.4142,0.15,0.85,"10,20,30,40,50,60,70,80",61,NA,NA,NA,NA,NA,NA,NA,NA,NA
"SetB_8dose","SetB_8dose_SC5",5,"CRM","crm_alpha_crm",NA,NA,"alpha_crm",0.9,0,0.0714,28,3,1,3,0.22,0.31,0.2236,NA,NA,NA,18.6492,5.7006,5.7006,3.2631,29.9864,19.9027,0.0504,334.3326,1984,1984,"0.04,0.08,0.12,0.16,0.3,0.47,0.54,0.6",0,1.4142,0.15,0.85,"10,20,30,40,50,60,70,80",61,NA,NA,NA,NA,NA,NA,NA,NA,NA
"SetB_8dose","SetB_8dose_SC5",5,"CRM","crm_alpha_crm",NA,NA,"alpha_crm",0.9,0,0.0714,28,3,1,4,0.3,0.498,0.2705,NA,NA,NA,50.5544,9.7046,9.7046,1.1825,29.9864,19.9027,0.0504,334.3326,1984,1984,"0.04,0.08,0.12,0.16,0.3,0.47,0.54,0.6",0,1.4142,0.15,0.85,"10,20,30,40,50,60,70,80",61,NA,NA,NA,NA,NA,NA,NA,NA,NA
"SetB_8dose","SetB_8dose_SC5",5,"CRM","crm_alpha_crm",NA,NA,"alpha_crm",0.9,0,0.0714,28,3,1,5,0.46,0.73,0.4151,NA,NA,NA,25.7056,5.9682,5.9682,2.1724,29.9864,19.9027,0.0504,334.3326,1984,1984,"0.04,0.08,0.12,0.16,0.3,0.47,0.54,0.6",0,1.4142,0.15,0.85,"10,20,30,40,50,60,70,80",61,NA,NA,NA,NA,NA,NA,NA,NA,NA
"SetB_8dose","SetB_8dose_SC5",5,"CRM","crm_alpha_crm",NA,NA,"alpha_crm",0.9,0,0.0714,28,3,1,6,0.53,0.944,0.5704,NA,NA,NA,1.2601,0.6956,0.6956,0.2112,29.9864,19.9027,0.0504,334.3326,1984,1984,"0.04,0.08,0.12,0.16,0.3,0.47,0.54,0.6",0,1.4142,0.15,0.85,"10,20,30,40,50,60,70,80",61,NA,NA,NA,NA,NA,NA,NA,NA,NA
"SetB_8dose","SetB_8dose_SC5",5,"CRM","crm_alpha_crm",NA,NA,"alpha_crm",0.9,0,0.0714,28,3,1,7,0.59,1,0.6308,NA,NA,NA,0.1512,0.0529,0.0529,0.0151,29.9864,19.9027,0.0504,334.3326,1984,1984,"0.04,0.08,0.12,0.16,0.3,0.47,0.54,0.6",0,1.4142,0.15,0.85,"10,20,30,40,50,60,70,80",61,NA,NA,NA,NA,NA,NA,NA,NA,NA
"SetB_8dose","SetB_8dose_SC5",5,"CRM","crm_alpha_crm",NA,NA,"alpha_crm",0.9,0,0.0714,28,3,1,8,0.66,1,0.6812,NA,NA,NA,0.0504,0.0166,0.0166,0.0096,29.9864,19.9027,0.0504,334.3326,1984,1984,"0.04,0.08,0.12,0.16,0.3,0.47,0.54,0.6",0,1.4142,0.15,0.85,"10,20,30,40,50,60,70,80",61,NA,NA,NA,NA,NA,NA,NA,NA,NA
"SetB_8dose","SetB_8dose_SC6",6,"CRM","crm_alpha_crm",NA,NA,"alpha_crm",0,0,0.0714,28,1,1,1,0.2,0.2,0.2422,NA,NA,NA,25.6552,11.4027,11.4027,0,29.5902,29.5902,3.0746,432.1365,1984,1984,"0.04,0.08,0.12,0.16,0.3,0.47,0.54,0.6",0,1.4142,0.15,0.85,"10,20,30,40,50,60,70,80",61,NA,NA,NA,NA,NA,NA,NA,NA,NA
"SetB_8dose","SetB_8dose_SC6",6,"CRM","crm_alpha_crm",NA,NA,"alpha_crm",0,0,0.0714,28,1,1,2,0.3,0.3,0.3272,NA,NA,NA,49.3448,10.2308,10.2308,0,29.5902,29.5902,3.0746,432.1365,1984,1984,"0.04,0.08,0.12,0.16,0.3,0.47,0.54,0.6",0,1.4142,0.15,0.85,"10,20,30,40,50,60,70,80",61,NA,NA,NA,NA,NA,NA,NA,NA,NA
"SetB_8dose","SetB_8dose_SC6",6,"CRM","crm_alpha_crm",NA,NA,"alpha_crm",0,0,0.0714,28,1,1,3,0.47,0.47,0.3923,NA,NA,NA,17.2883,5.3543,5.3543,0,29.5902,29.5902,3.0746,432.1365,1984,1984,"0.04,0.08,0.12,0.16,0.3,0.47,0.54,0.6",0,1.4142,0.15,0.85,"10,20,30,40,50,60,70,80",61,NA,NA,NA,NA,NA,NA,NA,NA,NA
"SetB_8dose","SetB_8dose_SC6",6,"CRM","crm_alpha_crm",NA,NA,"alpha_crm",0,0,0.0714,28,1,1,4,0.51,0.51,0.4454,NA,NA,NA,4.2843,2.25,2.25,0,29.5902,29.5902,3.0746,432.1365,1984,1984,"0.04,0.08,0.12,0.16,0.3,0.47,0.54,0.6",0,1.4142,0.15,0.85,"10,20,30,40,50,60,70,80",61,NA,NA,NA,NA,NA,NA,NA,NA,NA
"SetB_8dose","SetB_8dose_SC6",6,"CRM","crm_alpha_crm",NA,NA,"alpha_crm",0,0,0.0714,28,1,1,5,0.56,0.56,0.5954,NA,NA,NA,0.3024,0.3266,0.3266,0,29.5902,29.5902,3.0746,432.1365,1984,1984,"0.04,0.08,0.12,0.16,0.3,0.47,0.54,0.6",0,1.4142,0.15,0.85,"10,20,30,40,50,60,70,80",61,NA,NA,NA,NA,NA,NA,NA,NA,NA
"SetB_8dose","SetB_8dose_SC6",6,"CRM","crm_alpha_crm",NA,NA,"alpha_crm",0,0,0.0714,28,1,1,6,0.6,0.6,0.7344,NA,NA,NA,0.0504,0.0212,0.0212,0,29.5902,29.5902,3.0746,432.1365,1984,1984,"0.04,0.08,0.12,0.16,0.3,0.47,0.54,0.6",0,1.4142,0.15,0.85,"10,20,30,40,50,60,70,80",61,NA,NA,NA,NA,NA,NA,NA,NA,NA
"SetB_8dose","SetB_8dose_SC6",6,"CRM","crm_alpha_crm",NA,NA,"alpha_crm",0,0,0.0714,28,1,1,7,0.64,0.64,0.7822,NA,NA,NA,0,0.0045,0.0045,0,29.5902,29.5902,3.0746,432.1365,1984,1984,"0.04,0.08,0.12,0.16,0.3,0.47,0.54,0.6",0,1.4142,0.15,0.85,"10,20,30,40,50,60,70,80",61,NA,NA,NA,NA,NA,NA,NA,NA,NA
"SetB_8dose","SetB_8dose_SC6",6,"CRM","crm_alpha_crm",NA,NA,"alpha_crm",0,0,0.0714,28,1,1,8,0.69,0.69,0.8246,NA,NA,NA,0,0,0,0,29.5902,29.5902,3.0746,432.1365,1984,1984,"0.04,0.08,0.12,0.16,0.3,0.47,0.54,0.6",0,1.4142,0.15,0.85,"10,20,30,40,50,60,70,80",61,NA,NA,NA,NA,NA,NA,NA,NA,NA
"SetB_8dose","SetB_8dose_SC6",6,"CRM","crm_alpha_crm",NA,NA,"alpha_crm",0,0,0.0714,28,2,1,1,0.2,0.2,0.222,NA,NA,NA,23.9919,10.5408,10.5408,0,29.6643,22.5292,1.6633,361.1136,1984,1984,"0.04,0.08,0.12,0.16,0.3,0.47,0.54,0.6",0,1.4142,0.15,0.85,"10,20,30,40,50,60,70,80",61,NA,NA,NA,NA,NA,NA,NA,NA,NA
"SetB_8dose","SetB_8dose_SC6",6,"CRM","crm_alpha_crm",NA,NA,"alpha_crm",0,0,0.0714,28,2,1,2,0.3,0.3,0.3018,NA,NA,NA,45.3125,9.9435,9.9435,4.9264,29.6643,22.5292,1.6633,361.1136,1984,1984,"0.04,0.08,0.12,0.16,0.3,0.47,0.54,0.6",0,1.4142,0.15,0.85,"10,20,30,40,50,60,70,80",61,NA,NA,NA,NA,NA,NA,NA,NA,NA
"SetB_8dose","SetB_8dose_SC6",6,"CRM","crm_alpha_crm",NA,NA,"alpha_crm",0,0,0.0714,28,2,1,3,0.47,0.47,0.3626,NA,NA,NA,20.6149,5.3135,5.3135,1.1159,29.6643,22.5292,1.6633,361.1136,1984,1984,"0.04,0.08,0.12,0.16,0.3,0.47,0.54,0.6",0,1.4142,0.15,0.85,"10,20,30,40,50,60,70,80",61,NA,NA,NA,NA,NA,NA,NA,NA,NA
"SetB_8dose","SetB_8dose_SC6",6,"CRM","crm_alpha_crm",NA,NA,"alpha_crm",0,0,0.0714,28,2,1,4,0.51,0.51,0.4137,NA,NA,NA,7.3589,3.0348,3.0348,0.9612,29.6643,22.5292,1.6633,361.1136,1984,1984,"0.04,0.08,0.12,0.16,0.3,0.47,0.54,0.6",0,1.4142,0.15,0.85,"10,20,30,40,50,60,70,80",61,NA,NA,NA,NA,NA,NA,NA,NA,NA
"SetB_8dose","SetB_8dose_SC6",6,"CRM","crm_alpha_crm",NA,NA,"alpha_crm",0,0,0.0714,28,2,1,5,0.56,0.56,0.5558,NA,NA,NA,1.0081,0.7818,0.7818,0.1109,29.6643,22.5292,1.6633,361.1136,1984,1984,"0.04,0.08,0.12,0.16,0.3,0.47,0.54,0.6",0,1.4142,0.15,0.85,"10,20,30,40,50,60,70,80",61,NA,NA,NA,NA,NA,NA,NA,NA,NA
"SetB_8dose","SetB_8dose_SC6",6,"CRM","crm_alpha_crm",NA,NA,"alpha_crm",0,0,0.0714,28,2,1,6,0.6,0.6,0.6892,NA,NA,NA,0.0504,0.0408,0.0408,0.0197,29.6643,22.5292,1.6633,361.1136,1984,1984,"0.04,0.08,0.12,0.16,0.3,0.47,0.54,0.6",0,1.4142,0.15,0.85,"10,20,30,40,50,60,70,80",61,NA,NA,NA,NA,NA,NA,NA,NA,NA
"SetB_8dose","SetB_8dose_SC6",6,"CRM","crm_alpha_crm",NA,NA,"alpha_crm",0,0,0.0714,28,2,1,7,0.64,0.64,0.7373,NA,NA,NA,0,0.006,0.006,0,29.6643,22.5292,1.6633,361.1136,1984,1984,"0.04,0.08,0.12,0.16,0.3,0.47,0.54,0.6",0,1.4142,0.15,0.85,"10,20,30,40,50,60,70,80",61,NA,NA,NA,NA,NA,NA,NA,NA,NA
"SetB_8dose","SetB_8dose_SC6",6,"CRM","crm_alpha_crm",NA,NA,"alpha_crm",0,0,0.0714,28,2,1,8,0.69,0.69,0.7763,NA,NA,NA,0,0.003,0.003,0.001,29.6643,22.5292,1.6633,361.1136,1984,1984,"0.04,0.08,0.12,0.16,0.3,0.47,0.54,0.6",0,1.4142,0.15,0.85,"10,20,30,40,50,60,70,80",61,NA,NA,NA,NA,NA,NA,NA,NA,NA
"SetB_8dose","SetB_8dose_SC6",6,"CRM","crm_alpha_crm",NA,NA,"alpha_crm",0,0,0.0714,28,3,1,1,0.2,0.2,0.2187,NA,NA,NA,23.1351,10.3745,10.3745,0,29.6643,20.9027,1.6633,349.6059,1984,1984,"0.04,0.08,0.12,0.16,0.3,0.47,0.54,0.6",0,1.4142,0.15,0.85,"10,20,30,40,50,60,70,80",61,NA,NA,NA,NA,NA,NA,NA,NA,NA
"SetB_8dose","SetB_8dose_SC6",6,"CRM","crm_alpha_crm",NA,NA,"alpha_crm",0,0,0.0714,28,3,1,2,0.3,0.3,0.2978,NA,NA,NA,43.75,9.3417,9.3417,4.9244,29.6643,20.9027,1.6633,349.6059,1984,1984,"0.04,0.08,0.12,0.16,0.3,0.47,0.54,0.6",0,1.4142,0.15,0.85,"10,20,30,40,50,60,70,80",61,NA,NA,NA,NA,NA,NA,NA,NA,NA
"SetB_8dose","SetB_8dose_SC6",6,"CRM","crm_alpha_crm",NA,NA,"alpha_crm",0,0,0.0714,28,3,1,3,0.47,0.47,0.3585,NA,NA,NA,21.3206,5.6915,5.6915,2.9965,29.6643,20.9027,1.6633,349.6059,1984,1984,"0.04,0.08,0.12,0.16,0.3,0.47,0.54,0.6",0,1.4142,0.15,0.85,"10,20,30,40,50,60,70,80",61,NA,NA,NA,NA,NA,NA,NA,NA,NA
"SetB_8dose","SetB_8dose_SC6",6,"CRM","crm_alpha_crm",NA,NA,"alpha_crm",0,0,0.0714,28,3,1,4,0.51,0.51,0.4094,NA,NA,NA,8.3165,3.3039,3.3039,0.4919,29.6643,20.9027,1.6633,349.6059,1984,1984,"0.04,0.08,0.12,0.16,0.3,0.47,0.54,0.6",0,1.4142,0.15,0.85,"10,20,30,40,50,60,70,80",61,NA,NA,NA,NA,NA,NA,NA,NA,NA
"SetB_8dose","SetB_8dose_SC6",6,"CRM","crm_alpha_crm",NA,NA,"alpha_crm",0,0,0.0714,28,3,1,5,0.56,0.56,0.5515,NA,NA,NA,1.7137,0.8634,0.8634,0.316,29.6643,20.9027,1.6633,349.6059,1984,1984,"0.04,0.08,0.12,0.16,0.3,0.47,0.54,0.6",0,1.4142,0.15,0.85,"10,20,30,40,50,60,70,80",61,NA,NA,NA,NA,NA,NA,NA,NA,NA
"SetB_8dose","SetB_8dose_SC6",6,"CRM","crm_alpha_crm",NA,NA,"alpha_crm",0,0,0.0714,28,3,1,6,0.6,0.6,0.6855,NA,NA,NA,0.1008,0.0801,0.0801,0.0312,29.6643,20.9027,1.6633,349.6059,1984,1984,"0.04,0.08,0.12,0.16,0.3,0.47,0.54,0.6",0,1.4142,0.15,0.85,"10,20,30,40,50,60,70,80",61,NA,NA,NA,NA,NA,NA,NA,NA,NA
"SetB_8dose","SetB_8dose_SC6",6,"CRM","crm_alpha_crm",NA,NA,"alpha_crm",0,0,0.0714,28,3,1,7,0.64,0.64,0.7342,NA,NA,NA,0,0.006,0.006,5e-04,29.6643,20.9027,1.6633,349.6059,1984,1984,"0.04,0.08,0.12,0.16,0.3,0.47,0.54,0.6",0,1.4142,0.15,0.85,"10,20,30,40,50,60,70,80",61,NA,NA,NA,NA,NA,NA,NA,NA,NA
"SetB_8dose","SetB_8dose_SC6",6,"CRM","crm_alpha_crm",NA,NA,"alpha_crm",0,0,0.0714,28,3,1,8,0.69,0.69,0.7731,NA,NA,NA,0,0.003,0.003,0.001,29.6643,20.9027,1.6633,349.6059,1984,1984,"0.04,0.08,0.12,0.16,0.3,0.47,0.54,0.6",0,1.4142,0.15,0.85,"10,20,30,40,50,60,70,80",61,NA,NA,NA,NA,NA,NA,NA,NA,NA
"SetB_8dose","SetB_8dose_SC6",6,"CRM","crm_alpha_crm",NA,NA,"alpha_crm",0.3,0,0.0714,28,1,1,1,0.2,0.2,0.2422,NA,NA,NA,25.6552,11.4027,11.4027,0,29.5902,29.5902,3.0746,432.1365,1984,1984,"0.04,0.08,0.12,0.16,0.3,0.47,0.54,0.6",0,1.4142,0.15,0.85,"10,20,30,40,50,60,70,80",61,NA,NA,NA,NA,NA,NA,NA,NA,NA
"SetB_8dose","SetB_8dose_SC6",6,"CRM","crm_alpha_crm",NA,NA,"alpha_crm",0.3,0,0.0714,28,1,1,2,0.3,0.36,0.3272,NA,NA,NA,49.3448,10.2308,10.2308,0,29.5902,29.5902,3.0746,432.1365,1984,1984,"0.04,0.08,0.12,0.16,0.3,0.47,0.54,0.6",0,1.4142,0.15,0.85,"10,20,30,40,50,60,70,80",61,NA,NA,NA,NA,NA,NA,NA,NA,NA
"SetB_8dose","SetB_8dose_SC6",6,"CRM","crm_alpha_crm",NA,NA,"alpha_crm",0.3,0,0.0714,28,1,1,3,0.47,0.56,0.3923,NA,NA,NA,17.2883,5.3543,5.3543,0,29.5902,29.5902,3.0746,432.1365,1984,1984,"0.04,0.08,0.12,0.16,0.3,0.47,0.54,0.6",0,1.4142,0.15,0.85,"10,20,30,40,50,60,70,80",61,NA,NA,NA,NA,NA,NA,NA,NA,NA
"SetB_8dose","SetB_8dose_SC6",6,"CRM","crm_alpha_crm",NA,NA,"alpha_crm",0.3,0,0.0714,28,1,1,4,0.51,0.651,0.4454,NA,NA,NA,4.2843,2.25,2.25,0,29.5902,29.5902,3.0746,432.1365,1984,1984,"0.04,0.08,0.12,0.16,0.3,0.47,0.54,0.6",0,1.4142,0.15,0.85,"10,20,30,40,50,60,70,80",61,NA,NA,NA,NA,NA,NA,NA,NA,NA
"SetB_8dose","SetB_8dose_SC6",6,"CRM","crm_alpha_crm",NA,NA,"alpha_crm",0.3,0,0.0714,28,1,1,5,0.56,0.713,0.5954,NA,NA,NA,0.3024,0.3266,0.3266,0,29.5902,29.5902,3.0746,432.1365,1984,1984,"0.04,0.08,0.12,0.16,0.3,0.47,0.54,0.6",0,1.4142,0.15,0.85,"10,20,30,40,50,60,70,80",61,NA,NA,NA,NA,NA,NA,NA,NA,NA
"SetB_8dose","SetB_8dose_SC6",6,"CRM","crm_alpha_crm",NA,NA,"alpha_crm",0.3,0,0.0714,28,1,1,6,0.6,0.768,0.7344,NA,NA,NA,0.0504,0.0212,0.0212,0,29.5902,29.5902,3.0746,432.1365,1984,1984,"0.04,0.08,0.12,0.16,0.3,0.47,0.54,0.6",0,1.4142,0.15,0.85,"10,20,30,40,50,60,70,80",61,NA,NA,NA,NA,NA,NA,NA,NA,NA
"SetB_8dose","SetB_8dose_SC6",6,"CRM","crm_alpha_crm",NA,NA,"alpha_crm",0.3,0,0.0714,28,1,1,7,0.64,0.82,0.7822,NA,NA,NA,0,0.0045,0.0045,0,29.5902,29.5902,3.0746,432.1365,1984,1984,"0.04,0.08,0.12,0.16,0.3,0.47,0.54,0.6",0,1.4142,0.15,0.85,"10,20,30,40,50,60,70,80",61,NA,NA,NA,NA,NA,NA,NA,NA,NA
"SetB_8dose","SetB_8dose_SC6",6,"CRM","crm_alpha_crm",NA,NA,"alpha_crm",0.3,0,0.0714,28,1,1,8,0.69,0.882,0.8246,NA,NA,NA,0,0,0,0,29.5902,29.5902,3.0746,432.1365,1984,1984,"0.04,0.08,0.12,0.16,0.3,0.47,0.54,0.6",0,1.4142,0.15,0.85,"10,20,30,40,50,60,70,80",61,NA,NA,NA,NA,NA,NA,NA,NA,NA
"SetB_8dose","SetB_8dose_SC6",6,"CRM","crm_alpha_crm",NA,NA,"alpha_crm",0.3,0,0.0714,28,2,1,1,0.2,0.2,0.2345,NA,NA,NA,29.9395,11.5645,11.5645,0,29.6613,22.4728,1.6633,360.5059,1984,1984,"0.04,0.08,0.12,0.16,0.3,0.47,0.54,0.6",0,1.4142,0.15,0.85,"10,20,30,40,50,60,70,80",61,NA,NA,NA,NA,NA,NA,NA,NA,NA
"SetB_8dose","SetB_8dose_SC6",6,"CRM","crm_alpha_crm",NA,NA,"alpha_crm",0.3,0,0.0714,28,2,1,2,0.3,0.36,0.3156,NA,NA,NA,47.4798,10.2989,10.2989,5.0988,29.6613,22.4728,1.6633,360.5059,1984,1984,"0.04,0.08,0.12,0.16,0.3,0.47,0.54,0.6",0,1.4142,0.15,0.85,"10,20,30,40,50,60,70,80",61,NA,NA,NA,NA,NA,NA,NA,NA,NA
"SetB_8dose","SetB_8dose_SC6",6,"CRM","crm_alpha_crm",NA,NA,"alpha_crm",0.3,0,0.0714,28,2,1,3,0.47,0.56,0.377,NA,NA,NA,16.2298,4.9158,4.9158,1.1356,29.6613,22.4728,1.6633,360.5059,1984,1984,"0.04,0.08,0.12,0.16,0.3,0.47,0.54,0.6",0,1.4142,0.15,0.85,"10,20,30,40,50,60,70,80",61,NA,NA,NA,NA,NA,NA,NA,NA,NA
"SetB_8dose","SetB_8dose_SC6",6,"CRM","crm_alpha_crm",NA,NA,"alpha_crm",0.3,0,0.0714,28,2,1,4,0.51,0.651,0.4279,NA,NA,NA,4.1835,2.4027,2.4027,0.8599,29.6613,22.4728,1.6633,360.5059,1984,1984,"0.04,0.08,0.12,0.16,0.3,0.47,0.54,0.6",0,1.4142,0.15,0.85,"10,20,30,40,50,60,70,80",61,NA,NA,NA,NA,NA,NA,NA,NA,NA
"SetB_8dose","SetB_8dose_SC6",6,"CRM","crm_alpha_crm",NA,NA,"alpha_crm",0.3,0,0.0714,28,2,1,5,0.56,0.713,0.5689,NA,NA,NA,0.4536,0.4536,0.4536,0.0817,29.6613,22.4728,1.6633,360.5059,1984,1984,"0.04,0.08,0.12,0.16,0.3,0.47,0.54,0.6",0,1.4142,0.15,0.85,"10,20,30,40,50,60,70,80",61,NA,NA,NA,NA,NA,NA,NA,NA,NA
"SetB_8dose","SetB_8dose_SC6",6,"CRM","crm_alpha_crm",NA,NA,"alpha_crm",0.3,0,0.0714,28,2,1,6,0.6,0.768,0.6997,NA,NA,NA,0.0504,0.0212,0.0212,0.0126,29.6613,22.4728,1.6633,360.5059,1984,1984,"0.04,0.08,0.12,0.16,0.3,0.47,0.54,0.6",0,1.4142,0.15,0.85,"10,20,30,40,50,60,70,80",61,NA,NA,NA,NA,NA,NA,NA,NA,NA
"SetB_8dose","SetB_8dose_SC6",6,"CRM","crm_alpha_crm",NA,NA,"alpha_crm",0.3,0,0.0714,28,2,1,7,0.64,0.82,0.7468,NA,NA,NA,0,0.0045,0.0045,0,29.6613,22.4728,1.6633,360.5059,1984,1984,"0.04,0.08,0.12,0.16,0.3,0.47,0.54,0.6",0,1.4142,0.15,0.85,"10,20,30,40,50,60,70,80",61,NA,NA,NA,NA,NA,NA,NA,NA,NA
"SetB_8dose","SetB_8dose_SC6",6,"CRM","crm_alpha_crm",NA,NA,"alpha_crm",0.3,0,0.0714,28,2,1,8,0.69,0.882,0.7845,NA,NA,NA,0,0,0,0,29.6613,22.4728,1.6633,360.5059,1984,1984,"0.04,0.08,0.12,0.16,0.3,0.47,0.54,0.6",0,1.4142,0.15,0.85,"10,20,30,40,50,60,70,80",61,NA,NA,NA,NA,NA,NA,NA,NA,NA
"SetB_8dose","SetB_8dose_SC6",6,"CRM","crm_alpha_crm",NA,NA,"alpha_crm",0.3,0,0.0714,28,3,1,1,0.2,0.2,0.2325,NA,NA,NA,29.4355,11.4904,11.4904,0,29.6598,21.1925,1.7137,351.702,1984,1984,"0.04,0.08,0.12,0.16,0.3,0.47,0.54,0.6",0,1.4142,0.15,0.85,"10,20,30,40,50,60,70,80",61,NA,NA,NA,NA,NA,NA,NA,NA,NA
"SetB_8dose","SetB_8dose_SC6",6,"CRM","crm_alpha_crm",NA,NA,"alpha_crm",0.3,0,0.0714,28,3,1,2,0.3,0.36,0.3135,NA,NA,NA,46.7742,9.9874,9.9874,5.0943,29.6598,21.1925,1.7137,351.702,1984,1984,"0.04,0.08,0.12,0.16,0.3,0.47,0.54,0.6",0,1.4142,0.15,0.85,"10,20,30,40,50,60,70,80",61,NA,NA,NA,NA,NA,NA,NA,NA,NA
"SetB_8dose","SetB_8dose_SC6",6,"CRM","crm_alpha_crm",NA,NA,"alpha_crm",0.3,0,0.0714,28,3,1,3,0.47,0.56,0.3748,NA,NA,NA,16.4819,5.2137,5.2137,2.7601,29.6598,21.1925,1.7137,351.702,1984,1984,"0.04,0.08,0.12,0.16,0.3,0.47,0.54,0.6",0,1.4142,0.15,0.85,"10,20,30,40,50,60,70,80",61,NA,NA,NA,NA,NA,NA,NA,NA,NA
"SetB_8dose","SetB_8dose_SC6",6,"CRM","crm_alpha_crm",NA,NA,"alpha_crm",0.3,0,0.0714,28,3,1,4,0.51,0.651,0.4257,NA,NA,NA,5.0403,2.4844,2.4844,0.4148,29.6598,21.1925,1.7137,351.702,1984,1984,"0.04,0.08,0.12,0.16,0.3,0.47,0.54,0.6",0,1.4142,0.15,0.85,"10,20,30,40,50,60,70,80",61,NA,NA,NA,NA,NA,NA,NA,NA,NA
"SetB_8dose","SetB_8dose_SC6",6,"CRM","crm_alpha_crm",NA,NA,"alpha_crm",0.3,0,0.0714,28,3,1,5,0.56,0.713,0.5666,NA,NA,NA,0.504,0.4582,0.4582,0.1895,29.6598,21.1925,1.7137,351.702,1984,1984,"0.04,0.08,0.12,0.16,0.3,0.47,0.54,0.6",0,1.4142,0.15,0.85,"10,20,30,40,50,60,70,80",61,NA,NA,NA,NA,NA,NA,NA,NA,NA
"SetB_8dose","SetB_8dose_SC6",6,"CRM","crm_alpha_crm",NA,NA,"alpha_crm",0.3,0,0.0714,28,3,1,6,0.6,0.768,0.6978,NA,NA,NA,0.0504,0.0227,0.0227,0.0076,29.6598,21.1925,1.7137,351.702,1984,1984,"0.04,0.08,0.12,0.16,0.3,0.47,0.54,0.6",0,1.4142,0.15,0.85,"10,20,30,40,50,60,70,80",61,NA,NA,NA,NA,NA,NA,NA,NA,NA
"SetB_8dose","SetB_8dose_SC6",6,"CRM","crm_alpha_crm",NA,NA,"alpha_crm",0.3,0,0.0714,28,3,1,7,0.64,0.82,0.745,NA,NA,NA,0,0.003,0.003,0.001,29.6598,21.1925,1.7137,351.702,1984,1984,"0.04,0.08,0.12,0.16,0.3,0.47,0.54,0.6",0,1.4142,0.15,0.85,"10,20,30,40,50,60,70,80",61,NA,NA,NA,NA,NA,NA,NA,NA,NA
"SetB_8dose","SetB_8dose_SC6",6,"CRM","crm_alpha_crm",NA,NA,"alpha_crm",0.3,0,0.0714,28,3,1,8,0.69,0.882,0.7829,NA,NA,NA,0,0,0,0,29.6598,21.1925,1.7137,351.702,1984,1984,"0.04,0.08,0.12,0.16,0.3,0.47,0.54,0.6",0,1.4142,0.15,0.85,"10,20,30,40,50,60,70,80",61,NA,NA,NA,NA,NA,NA,NA,NA,NA
"SetB_8dose","SetB_8dose_SC6",6,"CRM","crm_alpha_crm",NA,NA,"alpha_crm",0.6,0,0.0714,28,1,1,1,0.2,0.2,0.2422,NA,NA,NA,25.6552,11.4027,11.4027,0,29.5902,29.5902,3.0746,432.1365,1984,1984,"0.04,0.08,0.12,0.16,0.3,0.47,0.54,0.6",0,1.4142,0.15,0.85,"10,20,30,40,50,60,70,80",61,NA,NA,NA,NA,NA,NA,NA,NA,NA
"SetB_8dose","SetB_8dose_SC6",6,"CRM","crm_alpha_crm",NA,NA,"alpha_crm",0.6,0,0.0714,28,1,1,2,0.3,0.42,0.3272,NA,NA,NA,49.3448,10.2308,10.2308,0,29.5902,29.5902,3.0746,432.1365,1984,1984,"0.04,0.08,0.12,0.16,0.3,0.47,0.54,0.6",0,1.4142,0.15,0.85,"10,20,30,40,50,60,70,80",61,NA,NA,NA,NA,NA,NA,NA,NA,NA
"SetB_8dose","SetB_8dose_SC6",6,"CRM","crm_alpha_crm",NA,NA,"alpha_crm",0.6,0,0.0714,28,1,1,3,0.47,0.65,0.3923,NA,NA,NA,17.2883,5.3543,5.3543,0,29.5902,29.5902,3.0746,432.1365,1984,1984,"0.04,0.08,0.12,0.16,0.3,0.47,0.54,0.6",0,1.4142,0.15,0.85,"10,20,30,40,50,60,70,80",61,NA,NA,NA,NA,NA,NA,NA,NA,NA
"SetB_8dose","SetB_8dose_SC6",6,"CRM","crm_alpha_crm",NA,NA,"alpha_crm",0.6,0,0.0714,28,1,1,4,0.51,0.792,0.4454,NA,NA,NA,4.2843,2.25,2.25,0,29.5902,29.5902,3.0746,432.1365,1984,1984,"0.04,0.08,0.12,0.16,0.3,0.47,0.54,0.6",0,1.4142,0.15,0.85,"10,20,30,40,50,60,70,80",61,NA,NA,NA,NA,NA,NA,NA,NA,NA
"SetB_8dose","SetB_8dose_SC6",6,"CRM","crm_alpha_crm",NA,NA,"alpha_crm",0.6,0,0.0714,28,1,1,5,0.56,0.866,0.5954,NA,NA,NA,0.3024,0.3266,0.3266,0,29.5902,29.5902,3.0746,432.1365,1984,1984,"0.04,0.08,0.12,0.16,0.3,0.47,0.54,0.6",0,1.4142,0.15,0.85,"10,20,30,40,50,60,70,80",61,NA,NA,NA,NA,NA,NA,NA,NA,NA
"SetB_8dose","SetB_8dose_SC6",6,"CRM","crm_alpha_crm",NA,NA,"alpha_crm",0.6,0,0.0714,28,1,1,6,0.6,0.936,0.7344,NA,NA,NA,0.0504,0.0212,0.0212,0,29.5902,29.5902,3.0746,432.1365,1984,1984,"0.04,0.08,0.12,0.16,0.3,0.47,0.54,0.6",0,1.4142,0.15,0.85,"10,20,30,40,50,60,70,80",61,NA,NA,NA,NA,NA,NA,NA,NA,NA
"SetB_8dose","SetB_8dose_SC6",6,"CRM","crm_alpha_crm",NA,NA,"alpha_crm",0.6,0,0.0714,28,1,1,7,0.64,1,0.7822,NA,NA,NA,0,0.0045,0.0045,0,29.5902,29.5902,3.0746,432.1365,1984,1984,"0.04,0.08,0.12,0.16,0.3,0.47,0.54,0.6",0,1.4142,0.15,0.85,"10,20,30,40,50,60,70,80",61,NA,NA,NA,NA,NA,NA,NA,NA,NA
"SetB_8dose","SetB_8dose_SC6",6,"CRM","crm_alpha_crm",NA,NA,"alpha_crm",0.6,0,0.0714,28,1,1,8,0.69,1,0.8246,NA,NA,NA,0,0,0,0,29.5902,29.5902,3.0746,432.1365,1984,1984,"0.04,0.08,0.12,0.16,0.3,0.47,0.54,0.6",0,1.4142,0.15,0.85,"10,20,30,40,50,60,70,80",61,NA,NA,NA,NA,NA,NA,NA,NA,NA
"SetB_8dose","SetB_8dose_SC6",6,"CRM","crm_alpha_crm",NA,NA,"alpha_crm",0.6,0,0.0714,28,2,1,1,0.2,0.2,0.2426,NA,NA,NA,34.1734,12.5852,12.5852,0,29.6507,22.4637,1.7641,360.3633,1984,1984,"0.04,0.08,0.12,0.16,0.3,0.47,0.54,0.6",0,1.4142,0.15,0.85,"10,20,30,40,50,60,70,80",61,NA,NA,NA,NA,NA,NA,NA,NA,NA
"SetB_8dose","SetB_8dose_SC6",6,"CRM","crm_alpha_crm",NA,NA,"alpha_crm",0.6,0,0.0714,28,2,1,2,0.3,0.42,0.3245,NA,NA,NA,49.0423,10.692,10.692,5.2923,29.6507,22.4637,1.7641,360.3633,1984,1984,"0.04,0.08,0.12,0.16,0.3,0.47,0.54,0.6",0,1.4142,0.15,0.85,"10,20,30,40,50,60,70,80",61,NA,NA,NA,NA,NA,NA,NA,NA,NA
"SetB_8dose","SetB_8dose_SC6",6,"CRM","crm_alpha_crm",NA,NA,"alpha_crm",0.6,0,0.0714,28,2,1,3,0.47,0.65,0.3861,NA,NA,NA,12.1472,4.3654,4.3654,1.1341,29.6507,22.4637,1.7641,360.3633,1984,1984,"0.04,0.08,0.12,0.16,0.3,0.47,0.54,0.6",0,1.4142,0.15,0.85,"10,20,30,40,50,60,70,80",61,NA,NA,NA,NA,NA,NA,NA,NA,NA
"SetB_8dose","SetB_8dose_SC6",6,"CRM","crm_alpha_crm",NA,NA,"alpha_crm",0.6,0,0.0714,28,2,1,4,0.51,0.792,0.4372,NA,NA,NA,2.4698,1.748,1.748,0.7011,29.6507,22.4637,1.7641,360.3633,1984,1984,"0.04,0.08,0.12,0.16,0.3,0.47,0.54,0.6",0,1.4142,0.15,0.85,"10,20,30,40,50,60,70,80",61,NA,NA,NA,NA,NA,NA,NA,NA,NA
"SetB_8dose","SetB_8dose_SC6",6,"CRM","crm_alpha_crm",NA,NA,"alpha_crm",0.6,0,0.0714,28,2,1,5,0.56,0.866,0.5773,NA,NA,NA,0.3528,0.2434,0.2434,0.0519,29.6507,22.4637,1.7641,360.3633,1984,1984,"0.04,0.08,0.12,0.16,0.3,0.47,0.54,0.6",0,1.4142,0.15,0.85,"10,20,30,40,50,60,70,80",61,NA,NA,NA,NA,NA,NA,NA,NA,NA
"SetB_8dose","SetB_8dose_SC6",6,"CRM","crm_alpha_crm",NA,NA,"alpha_crm",0.6,0,0.0714,28,2,1,6,0.6,0.936,0.7064,NA,NA,NA,0.0504,0.0121,0.0121,0.006,29.6507,22.4637,1.7641,360.3633,1984,1984,"0.04,0.08,0.12,0.16,0.3,0.47,0.54,0.6",0,1.4142,0.15,0.85,"10,20,30,40,50,60,70,80",61,NA,NA,NA,NA,NA,NA,NA,NA,NA
"SetB_8dose","SetB_8dose_SC6",6,"CRM","crm_alpha_crm",NA,NA,"alpha_crm",0.6,0,0.0714,28,2,1,7,0.64,1,0.7526,NA,NA,NA,0,0.0045,0.0045,0.0015,29.6507,22.4637,1.7641,360.3633,1984,1984,"0.04,0.08,0.12,0.16,0.3,0.47,0.54,0.6",0,1.4142,0.15,0.85,"10,20,30,40,50,60,70,80",61,NA,NA,NA,NA,NA,NA,NA,NA,NA
"SetB_8dose","SetB_8dose_SC6",6,"CRM","crm_alpha_crm",NA,NA,"alpha_crm",0.6,0,0.0714,28,2,1,8,0.69,1,0.7895,NA,NA,NA,0,0,0,0,29.6507,22.4637,1.7641,360.3633,1984,1984,"0.04,0.08,0.12,0.16,0.3,0.47,0.54,0.6",0,1.4142,0.15,0.85,"10,20,30,40,50,60,70,80",61,NA,NA,NA,NA,NA,NA,NA,NA,NA
"SetB_8dose","SetB_8dose_SC6",6,"CRM","crm_alpha_crm",NA,NA,"alpha_crm",0.6,0,0.0714,28,3,1,1,0.2,0.2,0.243,NA,NA,NA,35.1815,12.7152,12.7152,0,29.6492,21.3206,1.8145,352.7704,1984,1984,"0.04,0.08,0.12,0.16,0.3,0.47,0.54,0.6",0,1.4142,0.15,0.85,"10,20,30,40,50,60,70,80",61,NA,NA,NA,NA,NA,NA,NA,NA,NA
"SetB_8dose","SetB_8dose_SC6",6,"CRM","crm_alpha_crm",NA,NA,"alpha_crm",0.6,0,0.0714,28,3,1,2,0.3,0.42,0.3249,NA,NA,NA,48.0343,10.497,10.497,5.373,29.6492,21.3206,1.8145,352.7704,1984,1984,"0.04,0.08,0.12,0.16,0.3,0.47,0.54,0.6",0,1.4142,0.15,0.85,"10,20,30,40,50,60,70,80",61,NA,NA,NA,NA,NA,NA,NA,NA,NA
"SetB_8dose","SetB_8dose_SC6",6,"CRM","crm_alpha_crm",NA,NA,"alpha_crm",0.6,0,0.0714,28,3,1,3,0.47,0.65,0.3866,NA,NA,NA,12.1976,4.5499,4.5499,2.5252,29.6492,21.3206,1.8145,352.7704,1984,1984,"0.04,0.08,0.12,0.16,0.3,0.47,0.54,0.6",0,1.4142,0.15,0.85,"10,20,30,40,50,60,70,80",61,NA,NA,NA,NA,NA,NA,NA,NA,NA
"SetB_8dose","SetB_8dose_SC6",6,"CRM","crm_alpha_crm",NA,NA,"alpha_crm",0.6,0,0.0714,28,3,1,4,0.51,0.792,0.4376,NA,NA,NA,2.4194,1.6467,1.6467,0.3145,29.6492,21.3206,1.8145,352.7704,1984,1984,"0.04,0.08,0.12,0.16,0.3,0.47,0.54,0.6",0,1.4142,0.15,0.85,"10,20,30,40,50,60,70,80",61,NA,NA,NA,NA,NA,NA,NA,NA,NA
"SetB_8dose","SetB_8dose_SC6",6,"CRM","crm_alpha_crm",NA,NA,"alpha_crm",0.6,0,0.0714,28,3,1,5,0.56,0.866,0.5776,NA,NA,NA,0.3024,0.2268,0.2268,0.1119,29.6492,21.3206,1.8145,352.7704,1984,1984,"0.04,0.08,0.12,0.16,0.3,0.47,0.54,0.6",0,1.4142,0.15,0.85,"10,20,30,40,50,60,70,80",61,NA,NA,NA,NA,NA,NA,NA,NA,NA
"SetB_8dose","SetB_8dose_SC6",6,"CRM","crm_alpha_crm",NA,NA,"alpha_crm",0.6,0,0.0714,28,3,1,6,0.6,0.936,0.7066,NA,NA,NA,0.0504,0.0136,0.0136,0.004,29.6492,21.3206,1.8145,352.7704,1984,1984,"0.04,0.08,0.12,0.16,0.3,0.47,0.54,0.6",0,1.4142,0.15,0.85,"10,20,30,40,50,60,70,80",61,NA,NA,NA,NA,NA,NA,NA,NA,NA
"SetB_8dose","SetB_8dose_SC6",6,"CRM","crm_alpha_crm",NA,NA,"alpha_crm",0.6,0,0.0714,28,3,1,7,0.64,1,0.7527,NA,NA,NA,0,0,0,0,29.6492,21.3206,1.8145,352.7704,1984,1984,"0.04,0.08,0.12,0.16,0.3,0.47,0.54,0.6",0,1.4142,0.15,0.85,"10,20,30,40,50,60,70,80",61,NA,NA,NA,NA,NA,NA,NA,NA,NA
"SetB_8dose","SetB_8dose_SC6",6,"CRM","crm_alpha_crm",NA,NA,"alpha_crm",0.6,0,0.0714,28,3,1,8,0.69,1,0.7897,NA,NA,NA,0,0,0,0,29.6492,21.3206,1.8145,352.7704,1984,1984,"0.04,0.08,0.12,0.16,0.3,0.47,0.54,0.6",0,1.4142,0.15,0.85,"10,20,30,40,50,60,70,80",61,NA,NA,NA,NA,NA,NA,NA,NA,NA
"SetB_8dose","SetB_8dose_SC6",6,"CRM","crm_alpha_crm",NA,NA,"alpha_crm",0.9,0,0.0714,28,1,1,1,0.2,0.2,0.2422,NA,NA,NA,25.6552,11.4027,11.4027,0,29.5902,29.5902,3.0746,432.1365,1984,1984,"0.04,0.08,0.12,0.16,0.3,0.47,0.54,0.6",0,1.4142,0.15,0.85,"10,20,30,40,50,60,70,80",61,NA,NA,NA,NA,NA,NA,NA,NA,NA
"SetB_8dose","SetB_8dose_SC6",6,"CRM","crm_alpha_crm",NA,NA,"alpha_crm",0.9,0,0.0714,28,1,1,2,0.3,0.48,0.3272,NA,NA,NA,49.3448,10.2308,10.2308,0,29.5902,29.5902,3.0746,432.1365,1984,1984,"0.04,0.08,0.12,0.16,0.3,0.47,0.54,0.6",0,1.4142,0.15,0.85,"10,20,30,40,50,60,70,80",61,NA,NA,NA,NA,NA,NA,NA,NA,NA
"SetB_8dose","SetB_8dose_SC6",6,"CRM","crm_alpha_crm",NA,NA,"alpha_crm",0.9,0,0.0714,28,1,1,3,0.47,0.74,0.3923,NA,NA,NA,17.2883,5.3543,5.3543,0,29.5902,29.5902,3.0746,432.1365,1984,1984,"0.04,0.08,0.12,0.16,0.3,0.47,0.54,0.6",0,1.4142,0.15,0.85,"10,20,30,40,50,60,70,80",61,NA,NA,NA,NA,NA,NA,NA,NA,NA
"SetB_8dose","SetB_8dose_SC6",6,"CRM","crm_alpha_crm",NA,NA,"alpha_crm",0.9,0,0.0714,28,1,1,4,0.51,0.933,0.4454,NA,NA,NA,4.2843,2.25,2.25,0,29.5902,29.5902,3.0746,432.1365,1984,1984,"0.04,0.08,0.12,0.16,0.3,0.47,0.54,0.6",0,1.4142,0.15,0.85,"10,20,30,40,50,60,70,80",61,NA,NA,NA,NA,NA,NA,NA,NA,NA
"SetB_8dose","SetB_8dose_SC6",6,"CRM","crm_alpha_crm",NA,NA,"alpha_crm",0.9,0,0.0714,28,1,1,5,0.56,1,0.5954,NA,NA,NA,0.3024,0.3266,0.3266,0,29.5902,29.5902,3.0746,432.1365,1984,1984,"0.04,0.08,0.12,0.16,0.3,0.47,0.54,0.6",0,1.4142,0.15,0.85,"10,20,30,40,50,60,70,80",61,NA,NA,NA,NA,NA,NA,NA,NA,NA
"SetB_8dose","SetB_8dose_SC6",6,"CRM","crm_alpha_crm",NA,NA,"alpha_crm",0.9,0,0.0714,28,1,1,6,0.6,1,0.7344,NA,NA,NA,0.0504,0.0212,0.0212,0,29.5902,29.5902,3.0746,432.1365,1984,1984,"0.04,0.08,0.12,0.16,0.3,0.47,0.54,0.6",0,1.4142,0.15,0.85,"10,20,30,40,50,60,70,80",61,NA,NA,NA,NA,NA,NA,NA,NA,NA
"SetB_8dose","SetB_8dose_SC6",6,"CRM","crm_alpha_crm",NA,NA,"alpha_crm",0.9,0,0.0714,28,1,1,7,0.64,1,0.7822,NA,NA,NA,0,0.0045,0.0045,0,29.5902,29.5902,3.0746,432.1365,1984,1984,"0.04,0.08,0.12,0.16,0.3,0.47,0.54,0.6",0,1.4142,0.15,0.85,"10,20,30,40,50,60,70,80",61,NA,NA,NA,NA,NA,NA,NA,NA,NA
"SetB_8dose","SetB_8dose_SC6",6,"CRM","crm_alpha_crm",NA,NA,"alpha_crm",0.9,0,0.0714,28,1,1,8,0.69,1,0.8246,NA,NA,NA,0,0,0,0,29.5902,29.5902,3.0746,432.1365,1984,1984,"0.04,0.08,0.12,0.16,0.3,0.47,0.54,0.6",0,1.4142,0.15,0.85,"10,20,30,40,50,60,70,80",61,NA,NA,NA,NA,NA,NA,NA,NA,NA
"SetB_8dose","SetB_8dose_SC6",6,"CRM","crm_alpha_crm",NA,NA,"alpha_crm",0.9,0,0.0714,28,2,1,1,0.2,0.2,0.2515,NA,NA,NA,40.877,13.8024,13.8024,0,29.6401,22.4652,1.8145,360.4313,1984,1984,"0.04,0.08,0.12,0.16,0.3,0.47,0.54,0.6",0,1.4142,0.15,0.85,"10,20,30,40,50,60,70,80",61,NA,NA,NA,NA,NA,NA,NA,NA,NA
"SetB_8dose","SetB_8dose_SC6",6,"CRM","crm_alpha_crm",NA,NA,"alpha_crm",0.9,0,0.0714,28,2,1,2,0.3,0.48,0.3343,NA,NA,NA,46.1694,10.7661,10.7661,5.4758,29.6401,22.4652,1.8145,360.4313,1984,1984,"0.04,0.08,0.12,0.16,0.3,0.47,0.54,0.6",0,1.4142,0.15,0.85,"10,20,30,40,50,60,70,80",61,NA,NA,NA,NA,NA,NA,NA,NA,NA
"SetB_8dose","SetB_8dose_SC6",6,"CRM","crm_alpha_crm",NA,NA,"alpha_crm",0.9,0,0.0714,28,2,1,3,0.47,0.74,0.3961,NA,NA,NA,9.7278,3.6971,3.6971,1.0922,29.6401,22.4652,1.8145,360.4313,1984,1984,"0.04,0.08,0.12,0.16,0.3,0.47,0.54,0.6",0,1.4142,0.15,0.85,"10,20,30,40,50,60,70,80",61,NA,NA,NA,NA,NA,NA,NA,NA,NA
"SetB_8dose","SetB_8dose_SC6",6,"CRM","crm_alpha_crm",NA,NA,"alpha_crm",0.9,0,0.0714,28,2,1,4,0.51,0.933,0.4474,NA,NA,NA,1.3105,1.2671,1.2671,0.5842,29.6401,22.4652,1.8145,360.4313,1984,1984,"0.04,0.08,0.12,0.16,0.3,0.47,0.54,0.6",0,1.4142,0.15,0.85,"10,20,30,40,50,60,70,80",61,NA,NA,NA,NA,NA,NA,NA,NA,NA
"SetB_8dose","SetB_8dose_SC6",6,"CRM","crm_alpha_crm",NA,NA,"alpha_crm",0.9,0,0.0714,28,2,1,5,0.56,1,0.5864,NA,NA,NA,0.1008,0.1074,0.1074,0.0227,29.6401,22.4652,1.8145,360.4313,1984,1984,"0.04,0.08,0.12,0.16,0.3,0.47,0.54,0.6",0,1.4142,0.15,0.85,"10,20,30,40,50,60,70,80",61,NA,NA,NA,NA,NA,NA,NA,NA,NA
"SetB_8dose","SetB_8dose_SC6",6,"CRM","crm_alpha_crm",NA,NA,"alpha_crm",0.9,0,0.0714,28,2,1,6,0.6,1,0.7137,NA,NA,NA,0,0,0,0,29.6401,22.4652,1.8145,360.4313,1984,1984,"0.04,0.08,0.12,0.16,0.3,0.47,0.54,0.6",0,1.4142,0.15,0.85,"10,20,30,40,50,60,70,80",61,NA,NA,NA,NA,NA,NA,NA,NA,NA
"SetB_8dose","SetB_8dose_SC6",6,"CRM","crm_alpha_crm",NA,NA,"alpha_crm",0.9,0,0.0714,28,2,1,7,0.64,1,0.759,NA,NA,NA,0,0,0,0,29.6401,22.4652,1.8145,360.4313,1984,1984,"0.04,0.08,0.12,0.16,0.3,0.47,0.54,0.6",0,1.4142,0.15,0.85,"10,20,30,40,50,60,70,80",61,NA,NA,NA,NA,NA,NA,NA,NA,NA
"SetB_8dose","SetB_8dose_SC6",6,"CRM","crm_alpha_crm",NA,NA,"alpha_crm",0.9,0,0.0714,28,2,1,8,0.69,1,0.7951,NA,NA,NA,0,0,0,0,29.6401,22.4652,1.8145,360.4313,1984,1984,"0.04,0.08,0.12,0.16,0.3,0.47,0.54,0.6",0,1.4142,0.15,0.85,"10,20,30,40,50,60,70,80",61,NA,NA,NA,NA,NA,NA,NA,NA,NA
"SetB_8dose","SetB_8dose_SC6",6,"CRM","crm_alpha_crm",NA,NA,"alpha_crm",0.9,0,0.0714,28,3,1,1,0.2,0.2,0.2534,NA,NA,NA,42.1371,14.0685,14.0685,0,29.6371,21.6457,1.9153,354.773,1984,1984,"0.04,0.08,0.12,0.16,0.3,0.47,0.54,0.6",0,1.4142,0.15,0.85,"10,20,30,40,50,60,70,80",61,NA,NA,NA,NA,NA,NA,NA,NA,NA
"SetB_8dose","SetB_8dose_SC6",6,"CRM","crm_alpha_crm",NA,NA,"alpha_crm",0.9,0,0.0714,28,3,1,2,0.3,0.48,0.3363,NA,NA,NA,46.6734,10.6966,10.6966,5.5691,29.6371,21.6457,1.9153,354.773,1984,1984,"0.04,0.08,0.12,0.16,0.3,0.47,0.54,0.6",0,1.4142,0.15,0.85,"10,20,30,40,50,60,70,80",61,NA,NA,NA,NA,NA,NA,NA,NA,NA
"SetB_8dose","SetB_8dose_SC6",6,"CRM","crm_alpha_crm",NA,NA,"alpha_crm",0.9,0,0.0714,28,3,1,3,0.47,0.74,0.3982,NA,NA,NA,8.4173,3.7923,3.7923,2.1462,29.6371,21.6457,1.9153,354.773,1984,1984,"0.04,0.08,0.12,0.16,0.3,0.47,0.54,0.6",0,1.4142,0.15,0.85,"10,20,30,40,50,60,70,80",61,NA,NA,NA,NA,NA,NA,NA,NA,NA
"SetB_8dose","SetB_8dose_SC6",6,"CRM","crm_alpha_crm",NA,NA,"alpha_crm",0.9,0,0.0714,28,3,1,4,0.51,0.933,0.4495,NA,NA,NA,0.756,0.9647,0.9647,0.2152,29.6371,21.6457,1.9153,354.773,1984,1984,"0.04,0.08,0.12,0.16,0.3,0.47,0.54,0.6",0,1.4142,0.15,0.85,"10,20,30,40,50,60,70,80",61,NA,NA,NA,NA,NA,NA,NA,NA,NA
"SetB_8dose","SetB_8dose_SC6",6,"CRM","crm_alpha_crm",NA,NA,"alpha_crm",0.9,0,0.0714,28,3,1,5,0.56,1,0.5881,NA,NA,NA,0.1008,0.1134,0.1134,0.061,29.6371,21.6457,1.9153,354.773,1984,1984,"0.04,0.08,0.12,0.16,0.3,0.47,0.54,0.6",0,1.4142,0.15,0.85,"10,20,30,40,50,60,70,80",61,NA,NA,NA,NA,NA,NA,NA,NA,NA
"SetB_8dose","SetB_8dose_SC6",6,"CRM","crm_alpha_crm",NA,NA,"alpha_crm",0.9,0,0.0714,28,3,1,6,0.6,1,0.7149,NA,NA,NA,0,0.0015,0.0015,0,29.6371,21.6457,1.9153,354.773,1984,1984,"0.04,0.08,0.12,0.16,0.3,0.47,0.54,0.6",0,1.4142,0.15,0.85,"10,20,30,40,50,60,70,80",61,NA,NA,NA,NA,NA,NA,NA,NA,NA
"SetB_8dose","SetB_8dose_SC6",6,"CRM","crm_alpha_crm",NA,NA,"alpha_crm",0.9,0,0.0714,28,3,1,7,0.64,1,0.7601,NA,NA,NA,0,0,0,0,29.6371,21.6457,1.9153,354.773,1984,1984,"0.04,0.08,0.12,0.16,0.3,0.47,0.54,0.6",0,1.4142,0.15,0.85,"10,20,30,40,50,60,70,80",61,NA,NA,NA,NA,NA,NA,NA,NA,NA
"SetB_8dose","SetB_8dose_SC6",6,"CRM","crm_alpha_crm",NA,NA,"alpha_crm",0.9,0,0.0714,28,3,1,8,0.69,1,0.7961,NA,NA,NA,0,0,0,0,29.6371,21.6457,1.9153,354.773,1984,1984,"0.04,0.08,0.12,0.16,0.3,0.47,0.54,0.6",0,1.4142,0.15,0.85,"10,20,30,40,50,60,70,80",61,NA,NA,NA,NA,NA,NA,NA,NA,NA
"SetB_8dose","SetB_8dose_SC7",7,"CRM","crm_alpha_crm",NA,NA,"alpha_crm",0,0,0.0714,28,1,1,1,0.3,0.3,0.2914,NA,NA,NA,48.8911,16.5151,16.5151,0,28.0312,28.0312,11.996,410.2086,1984,1984,"0.04,0.08,0.12,0.16,0.3,0.47,0.54,0.6",0,1.4142,0.15,0.85,"10,20,30,40,50,60,70,80",61,NA,NA,NA,NA,NA,NA,NA,NA,NA
"SetB_8dose","SetB_8dose_SC7",7,"CRM","crm_alpha_crm",NA,NA,"alpha_crm",0,0,0.0714,28,1,1,2,0.35,0.35,0.3798,NA,NA,NA,30.5948,7.1991,7.1991,0,28.0312,28.0312,11.996,410.2086,1984,1984,"0.04,0.08,0.12,0.16,0.3,0.47,0.54,0.6",0,1.4142,0.15,0.85,"10,20,30,40,50,60,70,80",61,NA,NA,NA,NA,NA,NA,NA,NA,NA
"SetB_8dose","SetB_8dose_SC7",7,"CRM","crm_alpha_crm",NA,NA,"alpha_crm",0,0,0.0714,28,1,1,3,0.5,0.5,0.4452,NA,NA,NA,6.9556,3.1331,3.1331,0,28.0312,28.0312,11.996,410.2086,1984,1984,"0.04,0.08,0.12,0.16,0.3,0.47,0.54,0.6",0,1.4142,0.15,0.85,"10,20,30,40,50,60,70,80",61,NA,NA,NA,NA,NA,NA,NA,NA,NA
"SetB_8dose","SetB_8dose_SC7",7,"CRM","crm_alpha_crm",NA,NA,"alpha_crm",0,0,0.0714,28,1,1,4,0.55,0.55,0.4975,NA,NA,NA,1.4617,1.0766,1.0766,0,28.0312,28.0312,11.996,410.2086,1984,1984,"0.04,0.08,0.12,0.16,0.3,0.47,0.54,0.6",0,1.4142,0.15,0.85,"10,20,30,40,50,60,70,80",61,NA,NA,NA,NA,NA,NA,NA,NA,NA
"SetB_8dose","SetB_8dose_SC7",7,"CRM","crm_alpha_crm",NA,NA,"alpha_crm",0,0,0.0714,28,1,1,5,0.6,0.6,0.6415,NA,NA,NA,0.1008,0.1028,0.1028,0,28.0312,28.0312,11.996,410.2086,1984,1984,"0.04,0.08,0.12,0.16,0.3,0.47,0.54,0.6",0,1.4142,0.15,0.85,"10,20,30,40,50,60,70,80",61,NA,NA,NA,NA,NA,NA,NA,NA,NA
"SetB_8dose","SetB_8dose_SC7",7,"CRM","crm_alpha_crm",NA,NA,"alpha_crm",0,0,0.0714,28,1,1,6,0.65,0.65,0.771,NA,NA,NA,0,0.0045,0.0045,0,28.0312,28.0312,11.996,410.2086,1984,1984,"0.04,0.08,0.12,0.16,0.3,0.47,0.54,0.6",0,1.4142,0.15,0.85,"10,20,30,40,50,60,70,80",61,NA,NA,NA,NA,NA,NA,NA,NA,NA
"SetB_8dose","SetB_8dose_SC7",7,"CRM","crm_alpha_crm",NA,NA,"alpha_crm",0,0,0.0714,28,1,1,7,0.7,0.7,0.8162,NA,NA,NA,0,0,0,0,28.0312,28.0312,11.996,410.2086,1984,1984,"0.04,0.08,0.12,0.16,0.3,0.47,0.54,0.6",0,1.4142,0.15,0.85,"10,20,30,40,50,60,70,80",61,NA,NA,NA,NA,NA,NA,NA,NA,NA
"SetB_8dose","SetB_8dose_SC7",7,"CRM","crm_alpha_crm",NA,NA,"alpha_crm",0,0,0.0714,28,1,1,8,0.8,0.8,0.8537,NA,NA,NA,0,0,0,0,28.0312,28.0312,11.996,410.2086,1984,1984,"0.04,0.08,0.12,0.16,0.3,0.47,0.54,0.6",0,1.4142,0.15,0.85,"10,20,30,40,50,60,70,80",61,NA,NA,NA,NA,NA,NA,NA,NA,NA
"SetB_8dose","SetB_8dose_SC7",7,"CRM","crm_alpha_crm",NA,NA,"alpha_crm",0,0,0.0714,28,2,1,1,0.3,0.3,0.2716,NA,NA,NA,46.9254,15.5882,15.5882,0,28.0691,23.1709,11.2399,361.0139,1984,1984,"0.04,0.08,0.12,0.16,0.3,0.47,0.54,0.6",0,1.4142,0.15,0.85,"10,20,30,40,50,60,70,80",61,NA,NA,NA,NA,NA,NA,NA,NA,NA
"SetB_8dose","SetB_8dose_SC7",7,"CRM","crm_alpha_crm",NA,NA,"alpha_crm",0,0,0.0714,28,2,1,2,0.35,0.35,0.3543,NA,NA,NA,29.9899,7.3246,7.3246,3.7117,28.0691,23.1709,11.2399,361.0139,1984,1984,"0.04,0.08,0.12,0.16,0.3,0.47,0.54,0.6",0,1.4142,0.15,0.85,"10,20,30,40,50,60,70,80",61,NA,NA,NA,NA,NA,NA,NA,NA,NA
"SetB_8dose","SetB_8dose_SC7",7,"CRM","crm_alpha_crm",NA,NA,"alpha_crm",0,0,0.0714,28,2,1,3,0.5,0.5,0.4156,NA,NA,NA,8.4173,3.1784,3.1784,0.5852,28.0691,23.1709,11.2399,361.0139,1984,1984,"0.04,0.08,0.12,0.16,0.3,0.47,0.54,0.6",0,1.4142,0.15,0.85,"10,20,30,40,50,60,70,80",61,NA,NA,NA,NA,NA,NA,NA,NA,NA
"SetB_8dose","SetB_8dose_SC7",7,"CRM","crm_alpha_crm",NA,NA,"alpha_crm",0,0,0.0714,28,2,1,4,0.55,0.55,0.4658,NA,NA,NA,2.9738,1.6421,1.6421,0.5418,28.0691,23.1709,11.2399,361.0139,1984,1984,"0.04,0.08,0.12,0.16,0.3,0.47,0.54,0.6",0,1.4142,0.15,0.85,"10,20,30,40,50,60,70,80",61,NA,NA,NA,NA,NA,NA,NA,NA,NA
"SetB_8dose","SetB_8dose_SC7",7,"CRM","crm_alpha_crm",NA,NA,"alpha_crm",0,0,0.0714,28,2,1,5,0.6,0.6,0.6013,NA,NA,NA,0.4536,0.3221,0.3221,0.0519,28.0691,23.1709,11.2399,361.0139,1984,1984,"0.04,0.08,0.12,0.16,0.3,0.47,0.54,0.6",0,1.4142,0.15,0.85,"10,20,30,40,50,60,70,80",61,NA,NA,NA,NA,NA,NA,NA,NA,NA
"SetB_8dose","SetB_8dose_SC7",7,"CRM","crm_alpha_crm",NA,NA,"alpha_crm",0,0,0.0714,28,2,1,6,0.65,0.65,0.7246,NA,NA,NA,0,0.0136,0.0136,0.0076,28.0691,23.1709,11.2399,361.0139,1984,1984,"0.04,0.08,0.12,0.16,0.3,0.47,0.54,0.6",0,1.4142,0.15,0.85,"10,20,30,40,50,60,70,80",61,NA,NA,NA,NA,NA,NA,NA,NA,NA
"SetB_8dose","SetB_8dose_SC7",7,"CRM","crm_alpha_crm",NA,NA,"alpha_crm",0,0,0.0714,28,2,1,7,0.7,0.7,0.7682,NA,NA,NA,0,0,0,0,28.0691,23.1709,11.2399,361.0139,1984,1984,"0.04,0.08,0.12,0.16,0.3,0.47,0.54,0.6",0,1.4142,0.15,0.85,"10,20,30,40,50,60,70,80",61,NA,NA,NA,NA,NA,NA,NA,NA,NA
"SetB_8dose","SetB_8dose_SC7",7,"CRM","crm_alpha_crm",NA,NA,"alpha_crm",0,0,0.0714,28,2,1,8,0.8,0.8,0.8032,NA,NA,NA,0,0,0,0,28.0691,23.1709,11.2399,361.0139,1984,1984,"0.04,0.08,0.12,0.16,0.3,0.47,0.54,0.6",0,1.4142,0.15,0.85,"10,20,30,40,50,60,70,80",61,NA,NA,NA,NA,NA,NA,NA,NA,NA
"SetB_8dose","SetB_8dose_SC7",7,"CRM","crm_alpha_crm",NA,NA,"alpha_crm",0,0,0.0714,28,3,1,1,0.3,0.3,0.2689,NA,NA,NA,46.2702,15.4219,15.4219,0,28.0706,22.1941,11.1895,353.7006,1984,1984,"0.04,0.08,0.12,0.16,0.3,0.47,0.54,0.6",0,1.4142,0.15,0.85,"10,20,30,40,50,60,70,80",61,NA,NA,NA,NA,NA,NA,NA,NA,NA
"SetB_8dose","SetB_8dose_SC7",7,"CRM","crm_alpha_crm",NA,NA,"alpha_crm",0,0,0.0714,28,3,1,2,0.35,0.35,0.3515,NA,NA,NA,28.881,6.9677,6.9677,3.7177,28.0706,22.1941,11.1895,353.7006,1984,1984,"0.04,0.08,0.12,0.16,0.3,0.47,0.54,0.6",0,1.4142,0.15,0.85,"10,20,30,40,50,60,70,80",61,NA,NA,NA,NA,NA,NA,NA,NA,NA
"SetB_8dose","SetB_8dose_SC7",7,"CRM","crm_alpha_crm",NA,NA,"alpha_crm",0,0,0.0714,28,3,1,3,0.5,0.5,0.4126,NA,NA,NA,9.9798,3.4869,3.4869,1.7676,28.0706,22.1941,11.1895,353.7006,1984,1984,"0.04,0.08,0.12,0.16,0.3,0.47,0.54,0.6",0,1.4142,0.15,0.85,"10,20,30,40,50,60,70,80",61,NA,NA,NA,NA,NA,NA,NA,NA,NA
"SetB_8dose","SetB_8dose_SC7",7,"CRM","crm_alpha_crm",NA,NA,"alpha_crm",0,0,0.0714,28,3,1,4,0.55,0.55,0.4628,NA,NA,NA,3.2258,1.8342,1.8342,0.2606,28.0706,22.1941,11.1895,353.7006,1984,1984,"0.04,0.08,0.12,0.16,0.3,0.47,0.54,0.6",0,1.4142,0.15,0.85,"10,20,30,40,50,60,70,80",61,NA,NA,NA,NA,NA,NA,NA,NA,NA
"SetB_8dose","SetB_8dose_SC7",7,"CRM","crm_alpha_crm",NA,NA,"alpha_crm",0,0,0.0714,28,3,1,5,0.6,0.6,0.5986,NA,NA,NA,0.4536,0.3387,0.3387,0.1235,28.0706,22.1941,11.1895,353.7006,1984,1984,"0.04,0.08,0.12,0.16,0.3,0.47,0.54,0.6",0,1.4142,0.15,0.85,"10,20,30,40,50,60,70,80",61,NA,NA,NA,NA,NA,NA,NA,NA,NA
"SetB_8dose","SetB_8dose_SC7",7,"CRM","crm_alpha_crm",NA,NA,"alpha_crm",0,0,0.0714,28,3,1,6,0.65,0.65,0.7223,NA,NA,NA,0,0.0212,0.0212,0.0071,28.0706,22.1941,11.1895,353.7006,1984,1984,"0.04,0.08,0.12,0.16,0.3,0.47,0.54,0.6",0,1.4142,0.15,0.85,"10,20,30,40,50,60,70,80",61,NA,NA,NA,NA,NA,NA,NA,NA,NA
"SetB_8dose","SetB_8dose_SC7",7,"CRM","crm_alpha_crm",NA,NA,"alpha_crm",0,0,0.0714,28,3,1,7,0.7,0.7,0.7663,NA,NA,NA,0,0,0,0,28.0706,22.1941,11.1895,353.7006,1984,1984,"0.04,0.08,0.12,0.16,0.3,0.47,0.54,0.6",0,1.4142,0.15,0.85,"10,20,30,40,50,60,70,80",61,NA,NA,NA,NA,NA,NA,NA,NA,NA
"SetB_8dose","SetB_8dose_SC7",7,"CRM","crm_alpha_crm",NA,NA,"alpha_crm",0,0,0.0714,28,3,1,8,0.8,0.8,0.8014,NA,NA,NA,0,0,0,0,28.0706,22.1941,11.1895,353.7006,1984,1984,"0.04,0.08,0.12,0.16,0.3,0.47,0.54,0.6",0,1.4142,0.15,0.85,"10,20,30,40,50,60,70,80",61,NA,NA,NA,NA,NA,NA,NA,NA,NA
"SetB_8dose","SetB_8dose_SC7",7,"CRM","crm_alpha_crm",NA,NA,"alpha_crm",0.3,0,0.0714,28,1,1,1,0.3,0.3,0.2914,NA,NA,NA,48.8911,16.5151,16.5151,0,28.0312,28.0312,11.996,410.2086,1984,1984,"0.04,0.08,0.12,0.16,0.3,0.47,0.54,0.6",0,1.4142,0.15,0.85,"10,20,30,40,50,60,70,80",61,NA,NA,NA,NA,NA,NA,NA,NA,NA
"SetB_8dose","SetB_8dose_SC7",7,"CRM","crm_alpha_crm",NA,NA,"alpha_crm",0.3,0,0.0714,28,1,1,2,0.35,0.44,0.3798,NA,NA,NA,30.5948,7.1991,7.1991,0,28.0312,28.0312,11.996,410.2086,1984,1984,"0.04,0.08,0.12,0.16,0.3,0.47,0.54,0.6",0,1.4142,0.15,0.85,"10,20,30,40,50,60,70,80",61,NA,NA,NA,NA,NA,NA,NA,NA,NA
"SetB_8dose","SetB_8dose_SC7",7,"CRM","crm_alpha_crm",NA,NA,"alpha_crm",0.3,0,0.0714,28,1,1,3,0.5,0.605,0.4452,NA,NA,NA,6.9556,3.1331,3.1331,0,28.0312,28.0312,11.996,410.2086,1984,1984,"0.04,0.08,0.12,0.16,0.3,0.47,0.54,0.6",0,1.4142,0.15,0.85,"10,20,30,40,50,60,70,80",61,NA,NA,NA,NA,NA,NA,NA,NA,NA
"SetB_8dose","SetB_8dose_SC7",7,"CRM","crm_alpha_crm",NA,NA,"alpha_crm",0.3,0,0.0714,28,1,1,4,0.55,0.7,0.4975,NA,NA,NA,1.4617,1.0766,1.0766,0,28.0312,28.0312,11.996,410.2086,1984,1984,"0.04,0.08,0.12,0.16,0.3,0.47,0.54,0.6",0,1.4142,0.15,0.85,"10,20,30,40,50,60,70,80",61,NA,NA,NA,NA,NA,NA,NA,NA,NA
"SetB_8dose","SetB_8dose_SC7",7,"CRM","crm_alpha_crm",NA,NA,"alpha_crm",0.3,0,0.0714,28,1,1,5,0.6,0.765,0.6415,NA,NA,NA,0.1008,0.1028,0.1028,0,28.0312,28.0312,11.996,410.2086,1984,1984,"0.04,0.08,0.12,0.16,0.3,0.47,0.54,0.6",0,1.4142,0.15,0.85,"10,20,30,40,50,60,70,80",61,NA,NA,NA,NA,NA,NA,NA,NA,NA
"SetB_8dose","SetB_8dose_SC7",7,"CRM","crm_alpha_crm",NA,NA,"alpha_crm",0.3,0,0.0714,28,1,1,6,0.65,0.83,0.771,NA,NA,NA,0,0.0045,0.0045,0,28.0312,28.0312,11.996,410.2086,1984,1984,"0.04,0.08,0.12,0.16,0.3,0.47,0.54,0.6",0,1.4142,0.15,0.85,"10,20,30,40,50,60,70,80",61,NA,NA,NA,NA,NA,NA,NA,NA,NA
"SetB_8dose","SetB_8dose_SC7",7,"CRM","crm_alpha_crm",NA,NA,"alpha_crm",0.3,0,0.0714,28,1,1,7,0.7,0.895,0.8162,NA,NA,NA,0,0,0,0,28.0312,28.0312,11.996,410.2086,1984,1984,"0.04,0.08,0.12,0.16,0.3,0.47,0.54,0.6",0,1.4142,0.15,0.85,"10,20,30,40,50,60,70,80",61,NA,NA,NA,NA,NA,NA,NA,NA,NA
"SetB_8dose","SetB_8dose_SC7",7,"CRM","crm_alpha_crm",NA,NA,"alpha_crm",0.3,0,0.0714,28,1,1,8,0.8,1,0.8537,NA,NA,NA,0,0,0,0,28.0312,28.0312,11.996,410.2086,1984,1984,"0.04,0.08,0.12,0.16,0.3,0.47,0.54,0.6",0,1.4142,0.15,0.85,"10,20,30,40,50,60,70,80",61,NA,NA,NA,NA,NA,NA,NA,NA,NA
"SetB_8dose","SetB_8dose_SC7",7,"CRM","crm_alpha_crm",NA,NA,"alpha_crm",0.3,0,0.0714,28,2,1,1,0.3,0.3,0.2851,NA,NA,NA,55.0403,16.943,16.943,0,28.0192,23.2646,11.744,361.0793,1984,1984,"0.04,0.08,0.12,0.16,0.3,0.47,0.54,0.6",0,1.4142,0.15,0.85,"10,20,30,40,50,60,70,80",61,NA,NA,NA,NA,NA,NA,NA,NA,NA
"SetB_8dose","SetB_8dose_SC7",7,"CRM","crm_alpha_crm",NA,NA,"alpha_crm",0.3,0,0.0714,28,2,1,2,0.35,0.44,0.3688,NA,NA,NA,25.9073,7.1673,7.1673,3.7162,28.0192,23.2646,11.744,361.0793,1984,1984,"0.04,0.08,0.12,0.16,0.3,0.47,0.54,0.6",0,1.4142,0.15,0.85,"10,20,30,40,50,60,70,80",61,NA,NA,NA,NA,NA,NA,NA,NA,NA
"SetB_8dose","SetB_8dose_SC7",7,"CRM","crm_alpha_crm",NA,NA,"alpha_crm",0.3,0,0.0714,28,2,1,3,0.5,0.605,0.4301,NA,NA,NA,5.5444,2.622,2.622,0.5827,28.0192,23.2646,11.744,361.0793,1984,1984,"0.04,0.08,0.12,0.16,0.3,0.47,0.54,0.6",0,1.4142,0.15,0.85,"10,20,30,40,50,60,70,80",61,NA,NA,NA,NA,NA,NA,NA,NA,NA
"SetB_8dose","SetB_8dose_SC7",7,"CRM","crm_alpha_crm",NA,NA,"alpha_crm",0.3,0,0.0714,28,2,1,4,0.55,0.7,0.4801,NA,NA,NA,1.5625,1.1371,1.1371,0.4239,28.0192,23.2646,11.744,361.0793,1984,1984,"0.04,0.08,0.12,0.16,0.3,0.47,0.54,0.6",0,1.4142,0.15,0.85,"10,20,30,40,50,60,70,80",61,NA,NA,NA,NA,NA,NA,NA,NA,NA
"SetB_8dose","SetB_8dose_SC7",7,"CRM","crm_alpha_crm",NA,NA,"alpha_crm",0.3,0,0.0714,28,2,1,5,0.6,0.765,0.614,NA,NA,NA,0.2016,0.1436,0.1436,0.0292,28.0192,23.2646,11.744,361.0793,1984,1984,"0.04,0.08,0.12,0.16,0.3,0.47,0.54,0.6",0,1.4142,0.15,0.85,"10,20,30,40,50,60,70,80",61,NA,NA,NA,NA,NA,NA,NA,NA,NA
"SetB_8dose","SetB_8dose_SC7",7,"CRM","crm_alpha_crm",NA,NA,"alpha_crm",0.3,0,0.0714,28,2,1,6,0.65,0.83,0.7345,NA,NA,NA,0,0.006,0.006,0.0025,28.0192,23.2646,11.744,361.0793,1984,1984,"0.04,0.08,0.12,0.16,0.3,0.47,0.54,0.6",0,1.4142,0.15,0.85,"10,20,30,40,50,60,70,80",61,NA,NA,NA,NA,NA,NA,NA,NA,NA
"SetB_8dose","SetB_8dose_SC7",7,"CRM","crm_alpha_crm",NA,NA,"alpha_crm",0.3,0,0.0714,28,2,1,7,0.7,0.895,0.7769,NA,NA,NA,0,0,0,0,28.0192,23.2646,11.744,361.0793,1984,1984,"0.04,0.08,0.12,0.16,0.3,0.47,0.54,0.6",0,1.4142,0.15,0.85,"10,20,30,40,50,60,70,80",61,NA,NA,NA,NA,NA,NA,NA,NA,NA
"SetB_8dose","SetB_8dose_SC7",7,"CRM","crm_alpha_crm",NA,NA,"alpha_crm",0.3,0,0.0714,28,2,1,8,0.8,1,0.8108,NA,NA,NA,0,0,0,0,28.0192,23.2646,11.744,361.0793,1984,1984,"0.04,0.08,0.12,0.16,0.3,0.47,0.54,0.6",0,1.4142,0.15,0.85,"10,20,30,40,50,60,70,80",61,NA,NA,NA,NA,NA,NA,NA,NA,NA
"SetB_8dose","SetB_8dose_SC7",7,"CRM","crm_alpha_crm",NA,NA,"alpha_crm",0.3,0,0.0714,28,3,1,1,0.3,0.3,0.2852,NA,NA,NA,55.0907,16.9083,16.9083,0,28.0116,22.5323,11.8448,355.7892,1984,1984,"0.04,0.08,0.12,0.16,0.3,0.47,0.54,0.6",0,1.4142,0.15,0.85,"10,20,30,40,50,60,70,80",61,NA,NA,NA,NA,NA,NA,NA,NA,NA
"SetB_8dose","SetB_8dose_SC7",7,"CRM","crm_alpha_crm",NA,NA,"alpha_crm",0.3,0,0.0714,28,3,1,2,0.35,0.44,0.369,NA,NA,NA,25.9073,7.0645,7.0645,3.7359,28.0116,22.5323,11.8448,355.7892,1984,1984,"0.04,0.08,0.12,0.16,0.3,0.47,0.54,0.6",0,1.4142,0.15,0.85,"10,20,30,40,50,60,70,80",61,NA,NA,NA,NA,NA,NA,NA,NA,NA
"SetB_8dose","SetB_8dose_SC7",7,"CRM","crm_alpha_crm",NA,NA,"alpha_crm",0.3,0,0.0714,28,3,1,3,0.5,0.605,0.4303,NA,NA,NA,5.494,2.8004,2.8004,1.5,28.0116,22.5323,11.8448,355.7892,1984,1984,"0.04,0.08,0.12,0.16,0.3,0.47,0.54,0.6",0,1.4142,0.15,0.85,"10,20,30,40,50,60,70,80",61,NA,NA,NA,NA,NA,NA,NA,NA,NA
"SetB_8dose","SetB_8dose_SC7",7,"CRM","crm_alpha_crm",NA,NA,"alpha_crm",0.3,0,0.0714,28,3,1,4,0.55,0.7,0.4803,NA,NA,NA,1.6129,1.0842,1.0842,0.1845,28.0116,22.5323,11.8448,355.7892,1984,1984,"0.04,0.08,0.12,0.16,0.3,0.47,0.54,0.6",0,1.4142,0.15,0.85,"10,20,30,40,50,60,70,80",61,NA,NA,NA,NA,NA,NA,NA,NA,NA
"SetB_8dose","SetB_8dose_SC7",7,"CRM","crm_alpha_crm",NA,NA,"alpha_crm",0.3,0,0.0714,28,3,1,5,0.6,0.765,0.6143,NA,NA,NA,0.0504,0.1512,0.1512,0.0575,28.0116,22.5323,11.8448,355.7892,1984,1984,"0.04,0.08,0.12,0.16,0.3,0.47,0.54,0.6",0,1.4142,0.15,0.85,"10,20,30,40,50,60,70,80",61,NA,NA,NA,NA,NA,NA,NA,NA,NA
"SetB_8dose","SetB_8dose_SC7",7,"CRM","crm_alpha_crm",NA,NA,"alpha_crm",0.3,0,0.0714,28,3,1,6,0.65,0.83,0.7347,NA,NA,NA,0,0.003,0.003,0.0015,28.0116,22.5323,11.8448,355.7892,1984,1984,"0.04,0.08,0.12,0.16,0.3,0.47,0.54,0.6",0,1.4142,0.15,0.85,"10,20,30,40,50,60,70,80",61,NA,NA,NA,NA,NA,NA,NA,NA,NA
"SetB_8dose","SetB_8dose_SC7",7,"CRM","crm_alpha_crm",NA,NA,"alpha_crm",0.3,0,0.0714,28,3,1,7,0.7,0.895,0.7769,NA,NA,NA,0,0,0,0,28.0116,22.5323,11.8448,355.7892,1984,1984,"0.04,0.08,0.12,0.16,0.3,0.47,0.54,0.6",0,1.4142,0.15,0.85,"10,20,30,40,50,60,70,80",61,NA,NA,NA,NA,NA,NA,NA,NA,NA
"SetB_8dose","SetB_8dose_SC7",7,"CRM","crm_alpha_crm",NA,NA,"alpha_crm",0.3,0,0.0714,28,3,1,8,0.8,1,0.8108,NA,NA,NA,0,0,0,0,28.0116,22.5323,11.8448,355.7892,1984,1984,"0.04,0.08,0.12,0.16,0.3,0.47,0.54,0.6",0,1.4142,0.15,0.85,"10,20,30,40,50,60,70,80",61,NA,NA,NA,NA,NA,NA,NA,NA,NA
"SetB_8dose","SetB_8dose_SC7",7,"CRM","crm_alpha_crm",NA,NA,"alpha_crm",0.6,0,0.0714,28,1,1,1,0.3,0.3,0.2914,NA,NA,NA,48.8911,16.5151,16.5151,0,28.0312,28.0312,11.996,410.2086,1984,1984,"0.04,0.08,0.12,0.16,0.3,0.47,0.54,0.6",0,1.4142,0.15,0.85,"10,20,30,40,50,60,70,80",61,NA,NA,NA,NA,NA,NA,NA,NA,NA
"SetB_8dose","SetB_8dose_SC7",7,"CRM","crm_alpha_crm",NA,NA,"alpha_crm",0.6,0,0.0714,28,1,1,2,0.35,0.53,0.3798,NA,NA,NA,30.5948,7.1991,7.1991,0,28.0312,28.0312,11.996,410.2086,1984,1984,"0.04,0.08,0.12,0.16,0.3,0.47,0.54,0.6",0,1.4142,0.15,0.85,"10,20,30,40,50,60,70,80",61,NA,NA,NA,NA,NA,NA,NA,NA,NA
"SetB_8dose","SetB_8dose_SC7",7,"CRM","crm_alpha_crm",NA,NA,"alpha_crm",0.6,0,0.0714,28,1,1,3,0.5,0.71,0.4452,NA,NA,NA,6.9556,3.1331,3.1331,0,28.0312,28.0312,11.996,410.2086,1984,1984,"0.04,0.08,0.12,0.16,0.3,0.47,0.54,0.6",0,1.4142,0.15,0.85,"10,20,30,40,50,60,70,80",61,NA,NA,NA,NA,NA,NA,NA,NA,NA
"SetB_8dose","SetB_8dose_SC7",7,"CRM","crm_alpha_crm",NA,NA,"alpha_crm",0.6,0,0.0714,28,1,1,4,0.55,0.85,0.4975,NA,NA,NA,1.4617,1.0766,1.0766,0,28.0312,28.0312,11.996,410.2086,1984,1984,"0.04,0.08,0.12,0.16,0.3,0.47,0.54,0.6",0,1.4142,0.15,0.85,"10,20,30,40,50,60,70,80",61,NA,NA,NA,NA,NA,NA,NA,NA,NA
"SetB_8dose","SetB_8dose_SC7",7,"CRM","crm_alpha_crm",NA,NA,"alpha_crm",0.6,0,0.0714,28,1,1,5,0.6,0.93,0.6415,NA,NA,NA,0.1008,0.1028,0.1028,0,28.0312,28.0312,11.996,410.2086,1984,1984,"0.04,0.08,0.12,0.16,0.3,0.47,0.54,0.6",0,1.4142,0.15,0.85,"10,20,30,40,50,60,70,80",61,NA,NA,NA,NA,NA,NA,NA,NA,NA
"SetB_8dose","SetB_8dose_SC7",7,"CRM","crm_alpha_crm",NA,NA,"alpha_crm",0.6,0,0.0714,28,1,1,6,0.65,1,0.771,NA,NA,NA,0,0.0045,0.0045,0,28.0312,28.0312,11.996,410.2086,1984,1984,"0.04,0.08,0.12,0.16,0.3,0.47,0.54,0.6",0,1.4142,0.15,0.85,"10,20,30,40,50,60,70,80",61,NA,NA,NA,NA,NA,NA,NA,NA,NA
"SetB_8dose","SetB_8dose_SC7",7,"CRM","crm_alpha_crm",NA,NA,"alpha_crm",0.6,0,0.0714,28,1,1,7,0.7,1,0.8162,NA,NA,NA,0,0,0,0,28.0312,28.0312,11.996,410.2086,1984,1984,"0.04,0.08,0.12,0.16,0.3,0.47,0.54,0.6",0,1.4142,0.15,0.85,"10,20,30,40,50,60,70,80",61,NA,NA,NA,NA,NA,NA,NA,NA,NA
"SetB_8dose","SetB_8dose_SC7",7,"CRM","crm_alpha_crm",NA,NA,"alpha_crm",0.6,0,0.0714,28,1,1,8,0.8,1,0.8537,NA,NA,NA,0,0,0,0,28.0312,28.0312,11.996,410.2086,1984,1984,"0.04,0.08,0.12,0.16,0.3,0.47,0.54,0.6",0,1.4142,0.15,0.85,"10,20,30,40,50,60,70,80",61,NA,NA,NA,NA,NA,NA,NA,NA,NA
"SetB_8dose","SetB_8dose_SC7",7,"CRM","crm_alpha_crm",NA,NA,"alpha_crm",0.6,0,0.0714,28,2,1,1,0.3,0.3,0.2988,NA,NA,NA,62.9032,18.6336,18.6336,0,27.9209,23.4738,12.8528,361.7483,1984,1984,"0.04,0.08,0.12,0.16,0.3,0.47,0.54,0.6",0,1.4142,0.15,0.85,"10,20,30,40,50,60,70,80",61,NA,NA,NA,NA,NA,NA,NA,NA,NA
"SetB_8dose","SetB_8dose_SC7",7,"CRM","crm_alpha_crm",NA,NA,"alpha_crm",0.6,0,0.0714,28,2,1,2,0.35,0.53,0.3834,NA,NA,NA,20.4637,6.6381,6.6381,3.622,27.9209,23.4738,12.8528,361.7483,1984,1984,"0.04,0.08,0.12,0.16,0.3,0.47,0.54,0.6",0,1.4142,0.15,0.85,"10,20,30,40,50,60,70,80",61,NA,NA,NA,NA,NA,NA,NA,NA,NA
"SetB_8dose","SetB_8dose_SC7",7,"CRM","crm_alpha_crm",NA,NA,"alpha_crm",0.6,0,0.0714,28,2,1,3,0.5,0.71,0.4447,NA,NA,NA,3.377,1.8765,1.8765,0.503,27.9209,23.4738,12.8528,361.7483,1984,1984,"0.04,0.08,0.12,0.16,0.3,0.47,0.54,0.6",0,1.4142,0.15,0.85,"10,20,30,40,50,60,70,80",61,NA,NA,NA,NA,NA,NA,NA,NA,NA
"SetB_8dose","SetB_8dose_SC7",7,"CRM","crm_alpha_crm",NA,NA,"alpha_crm",0.6,0,0.0714,28,2,1,4,0.55,0.85,0.4946,NA,NA,NA,0.4032,0.7092,0.7092,0.31,27.9209,23.4738,12.8528,361.7483,1984,1984,"0.04,0.08,0.12,0.16,0.3,0.47,0.54,0.6",0,1.4142,0.15,0.85,"10,20,30,40,50,60,70,80",61,NA,NA,NA,NA,NA,NA,NA,NA,NA
"SetB_8dose","SetB_8dose_SC7",7,"CRM","crm_alpha_crm",NA,NA,"alpha_crm",0.6,0,0.0714,28,2,1,5,0.6,0.93,0.6267,NA,NA,NA,0,0.0635,0.0635,0.0121,27.9209,23.4738,12.8528,361.7483,1984,1984,"0.04,0.08,0.12,0.16,0.3,0.47,0.54,0.6",0,1.4142,0.15,0.85,"10,20,30,40,50,60,70,80",61,NA,NA,NA,NA,NA,NA,NA,NA,NA
"SetB_8dose","SetB_8dose_SC7",7,"CRM","crm_alpha_crm",NA,NA,"alpha_crm",0.6,0,0.0714,28,2,1,6,0.65,1,0.7443,NA,NA,NA,0,0,0,0,27.9209,23.4738,12.8528,361.7483,1984,1984,"0.04,0.08,0.12,0.16,0.3,0.47,0.54,0.6",0,1.4142,0.15,0.85,"10,20,30,40,50,60,70,80",61,NA,NA,NA,NA,NA,NA,NA,NA,NA
"SetB_8dose","SetB_8dose_SC7",7,"CRM","crm_alpha_crm",NA,NA,"alpha_crm",0.6,0,0.0714,28,2,1,7,0.7,1,0.7854,NA,NA,NA,0,0,0,0,27.9209,23.4738,12.8528,361.7483,1984,1984,"0.04,0.08,0.12,0.16,0.3,0.47,0.54,0.6",0,1.4142,0.15,0.85,"10,20,30,40,50,60,70,80",61,NA,NA,NA,NA,NA,NA,NA,NA,NA
"SetB_8dose","SetB_8dose_SC7",7,"CRM","crm_alpha_crm",NA,NA,"alpha_crm",0.6,0,0.0714,28,2,1,8,0.8,1,0.8183,NA,NA,NA,0,0,0,0,27.9209,23.4738,12.8528,361.7483,1984,1984,"0.04,0.08,0.12,0.16,0.3,0.47,0.54,0.6",0,1.4142,0.15,0.85,"10,20,30,40,50,60,70,80",61,NA,NA,NA,NA,NA,NA,NA,NA,NA
"SetB_8dose","SetB_8dose_SC7",7,"CRM","crm_alpha_crm",NA,NA,"alpha_crm",0.6,0,0.0714,28,3,1,1,0.3,0.3,0.3002,NA,NA,NA,63.9113,18.7954,18.7954,0,27.9103,23.067,12.9536,358.4869,1984,1984,"0.04,0.08,0.12,0.16,0.3,0.47,0.54,0.6",0,1.4142,0.15,0.85,"10,20,30,40,50,60,70,80",61,NA,NA,NA,NA,NA,NA,NA,NA,NA
"SetB_8dose","SetB_8dose_SC7",7,"CRM","crm_alpha_crm",NA,NA,"alpha_crm",0.6,0,0.0714,28,3,1,2,0.35,0.53,0.3849,NA,NA,NA,20.2117,6.5943,6.5943,3.6527,27.9103,23.067,12.9536,358.4869,1984,1984,"0.04,0.08,0.12,0.16,0.3,0.47,0.54,0.6",0,1.4142,0.15,0.85,"10,20,30,40,50,60,70,80",61,NA,NA,NA,NA,NA,NA,NA,NA,NA
"SetB_8dose","SetB_8dose_SC7",7,"CRM","crm_alpha_crm",NA,NA,"alpha_crm",0.6,0,0.0714,28,3,1,3,0.5,0.71,0.4463,NA,NA,NA,2.7722,1.9763,1.9763,1.0539,27.9103,23.067,12.9536,358.4869,1984,1984,"0.04,0.08,0.12,0.16,0.3,0.47,0.54,0.6",0,1.4142,0.15,0.85,"10,20,30,40,50,60,70,80",61,NA,NA,NA,NA,NA,NA,NA,NA,NA
"SetB_8dose","SetB_8dose_SC7",7,"CRM","crm_alpha_crm",NA,NA,"alpha_crm",0.6,0,0.0714,28,3,1,4,0.55,0.85,0.4961,NA,NA,NA,0.1512,0.502,0.502,0.1134,27.9103,23.067,12.9536,358.4869,1984,1984,"0.04,0.08,0.12,0.16,0.3,0.47,0.54,0.6",0,1.4142,0.15,0.85,"10,20,30,40,50,60,70,80",61,NA,NA,NA,NA,NA,NA,NA,NA,NA
"SetB_8dose","SetB_8dose_SC7",7,"CRM","crm_alpha_crm",NA,NA,"alpha_crm",0.6,0,0.0714,28,3,1,5,0.6,0.93,0.628,NA,NA,NA,0,0.0423,0.0423,0.0232,27.9103,23.067,12.9536,358.4869,1984,1984,"0.04,0.08,0.12,0.16,0.3,0.47,0.54,0.6",0,1.4142,0.15,0.85,"10,20,30,40,50,60,70,80",61,NA,NA,NA,NA,NA,NA,NA,NA,NA
"SetB_8dose","SetB_8dose_SC7",7,"CRM","crm_alpha_crm",NA,NA,"alpha_crm",0.6,0,0.0714,28,3,1,6,0.65,1,0.7454,NA,NA,NA,0,0,0,0,27.9103,23.067,12.9536,358.4869,1984,1984,"0.04,0.08,0.12,0.16,0.3,0.47,0.54,0.6",0,1.4142,0.15,0.85,"10,20,30,40,50,60,70,80",61,NA,NA,NA,NA,NA,NA,NA,NA,NA
"SetB_8dose","SetB_8dose_SC7",7,"CRM","crm_alpha_crm",NA,NA,"alpha_crm",0.6,0,0.0714,28,3,1,7,0.7,1,0.7863,NA,NA,NA,0,0,0,0,27.9103,23.067,12.9536,358.4869,1984,1984,"0.04,0.08,0.12,0.16,0.3,0.47,0.54,0.6",0,1.4142,0.15,0.85,"10,20,30,40,50,60,70,80",61,NA,NA,NA,NA,NA,NA,NA,NA,NA
"SetB_8dose","SetB_8dose_SC7",7,"CRM","crm_alpha_crm",NA,NA,"alpha_crm",0.6,0,0.0714,28,3,1,8,0.8,1,0.8191,NA,NA,NA,0,0,0,0,27.9103,23.067,12.9536,358.4869,1984,1984,"0.04,0.08,0.12,0.16,0.3,0.47,0.54,0.6",0,1.4142,0.15,0.85,"10,20,30,40,50,60,70,80",61,NA,NA,NA,NA,NA,NA,NA,NA,NA
"SetB_8dose","SetB_8dose_SC7",7,"CRM","crm_alpha_crm",NA,NA,"alpha_crm",0.9,0,0.0714,28,1,1,1,0.3,0.3,0.2914,NA,NA,NA,48.8911,16.5151,16.5151,0,28.0312,28.0312,11.996,410.2086,1984,1984,"0.04,0.08,0.12,0.16,0.3,0.47,0.54,0.6",0,1.4142,0.15,0.85,"10,20,30,40,50,60,70,80",61,NA,NA,NA,NA,NA,NA,NA,NA,NA
"SetB_8dose","SetB_8dose_SC7",7,"CRM","crm_alpha_crm",NA,NA,"alpha_crm",0.9,0,0.0714,28,1,1,2,0.35,0.62,0.3798,NA,NA,NA,30.5948,7.1991,7.1991,0,28.0312,28.0312,11.996,410.2086,1984,1984,"0.04,0.08,0.12,0.16,0.3,0.47,0.54,0.6",0,1.4142,0.15,0.85,"10,20,30,40,50,60,70,80",61,NA,NA,NA,NA,NA,NA,NA,NA,NA
"SetB_8dose","SetB_8dose_SC7",7,"CRM","crm_alpha_crm",NA,NA,"alpha_crm",0.9,0,0.0714,28,1,1,3,0.5,0.815,0.4452,NA,NA,NA,6.9556,3.1331,3.1331,0,28.0312,28.0312,11.996,410.2086,1984,1984,"0.04,0.08,0.12,0.16,0.3,0.47,0.54,0.6",0,1.4142,0.15,0.85,"10,20,30,40,50,60,70,80",61,NA,NA,NA,NA,NA,NA,NA,NA,NA
"SetB_8dose","SetB_8dose_SC7",7,"CRM","crm_alpha_crm",NA,NA,"alpha_crm",0.9,0,0.0714,28,1,1,4,0.55,1,0.4975,NA,NA,NA,1.4617,1.0766,1.0766,0,28.0312,28.0312,11.996,410.2086,1984,1984,"0.04,0.08,0.12,0.16,0.3,0.47,0.54,0.6",0,1.4142,0.15,0.85,"10,20,30,40,50,60,70,80",61,NA,NA,NA,NA,NA,NA,NA,NA,NA
"SetB_8dose","SetB_8dose_SC7",7,"CRM","crm_alpha_crm",NA,NA,"alpha_crm",0.9,0,0.0714,28,1,1,5,0.6,1,0.6415,NA,NA,NA,0.1008,0.1028,0.1028,0,28.0312,28.0312,11.996,410.2086,1984,1984,"0.04,0.08,0.12,0.16,0.3,0.47,0.54,0.6",0,1.4142,0.15,0.85,"10,20,30,40,50,60,70,80",61,NA,NA,NA,NA,NA,NA,NA,NA,NA
"SetB_8dose","SetB_8dose_SC7",7,"CRM","crm_alpha_crm",NA,NA,"alpha_crm",0.9,0,0.0714,28,1,1,6,0.65,1,0.771,NA,NA,NA,0,0.0045,0.0045,0,28.0312,28.0312,11.996,410.2086,1984,1984,"0.04,0.08,0.12,0.16,0.3,0.47,0.54,0.6",0,1.4142,0.15,0.85,"10,20,30,40,50,60,70,80",61,NA,NA,NA,NA,NA,NA,NA,NA,NA
"SetB_8dose","SetB_8dose_SC7",7,"CRM","crm_alpha_crm",NA,NA,"alpha_crm",0.9,0,0.0714,28,1,1,7,0.7,1,0.8162,NA,NA,NA,0,0,0,0,28.0312,28.0312,11.996,410.2086,1984,1984,"0.04,0.08,0.12,0.16,0.3,0.47,0.54,0.6",0,1.4142,0.15,0.85,"10,20,30,40,50,60,70,80",61,NA,NA,NA,NA,NA,NA,NA,NA,NA
"SetB_8dose","SetB_8dose_SC7",7,"CRM","crm_alpha_crm",NA,NA,"alpha_crm",0.9,0,0.0714,28,1,1,8,0.8,1,0.8537,NA,NA,NA,0,0,0,0,28.0312,28.0312,11.996,410.2086,1984,1984,"0.04,0.08,0.12,0.16,0.3,0.47,0.54,0.6",0,1.4142,0.15,0.85,"10,20,30,40,50,60,70,80",61,NA,NA,NA,NA,NA,NA,NA,NA,NA
"SetB_8dose","SetB_8dose_SC7",7,"CRM","crm_alpha_crm",NA,NA,"alpha_crm",0.9,0,0.0714,28,2,1,1,0.3,0.3,0.3083,NA,NA,NA,68.4476,19.9884,19.9884,0,27.7772,23.6618,14.3145,362.0941,1984,1984,"0.04,0.08,0.12,0.16,0.3,0.47,0.54,0.6",0,1.4142,0.15,0.85,"10,20,30,40,50,60,70,80",61,NA,NA,NA,NA,NA,NA,NA,NA,NA
"SetB_8dose","SetB_8dose_SC7",7,"CRM","crm_alpha_crm",NA,NA,"alpha_crm",0.9,0,0.0714,28,2,1,2,0.35,0.62,0.3935,NA,NA,NA,15.7762,5.9441,5.9441,3.4315,27.7772,23.6618,14.3145,362.0941,1984,1984,"0.04,0.08,0.12,0.16,0.3,0.47,0.54,0.6",0,1.4142,0.15,0.85,"10,20,30,40,50,60,70,80",61,NA,NA,NA,NA,NA,NA,NA,NA,NA
"SetB_8dose","SetB_8dose_SC7",7,"CRM","crm_alpha_crm",NA,NA,"alpha_crm",0.9,0,0.0714,28,2,1,3,0.5,0.815,0.4548,NA,NA,NA,1.2601,1.4017,1.4017,0.4592,27.7772,23.6618,14.3145,362.0941,1984,1984,"0.04,0.08,0.12,0.16,0.3,0.47,0.54,0.6",0,1.4142,0.15,0.85,"10,20,30,40,50,60,70,80",61,NA,NA,NA,NA,NA,NA,NA,NA,NA
"SetB_8dose","SetB_8dose_SC7",7,"CRM","crm_alpha_crm",NA,NA,"alpha_crm",0.9,0,0.0714,28,2,1,4,0.55,1,0.5044,NA,NA,NA,0.2016,0.4189,0.4189,0.2233,27.7772,23.6618,14.3145,362.0941,1984,1984,"0.04,0.08,0.12,0.16,0.3,0.47,0.54,0.6",0,1.4142,0.15,0.85,"10,20,30,40,50,60,70,80",61,NA,NA,NA,NA,NA,NA,NA,NA,NA
"SetB_8dose","SetB_8dose_SC7",7,"CRM","crm_alpha_crm",NA,NA,"alpha_crm",0.9,0,0.0714,28,2,1,5,0.6,1,0.6352,NA,NA,NA,0,0.0242,0.0242,0.0015,27.7772,23.6618,14.3145,362.0941,1984,1984,"0.04,0.08,0.12,0.16,0.3,0.47,0.54,0.6",0,1.4142,0.15,0.85,"10,20,30,40,50,60,70,80",61,NA,NA,NA,NA,NA,NA,NA,NA,NA
"SetB_8dose","SetB_8dose_SC7",7,"CRM","crm_alpha_crm",NA,NA,"alpha_crm",0.9,0,0.0714,28,2,1,6,0.65,1,0.7509,NA,NA,NA,0,0,0,0,27.7772,23.6618,14.3145,362.0941,1984,1984,"0.04,0.08,0.12,0.16,0.3,0.47,0.54,0.6",0,1.4142,0.15,0.85,"10,20,30,40,50,60,70,80",61,NA,NA,NA,NA,NA,NA,NA,NA,NA
"SetB_8dose","SetB_8dose_SC7",7,"CRM","crm_alpha_crm",NA,NA,"alpha_crm",0.9,0,0.0714,28,2,1,7,0.7,1,0.7911,NA,NA,NA,0,0,0,0,27.7772,23.6618,14.3145,362.0941,1984,1984,"0.04,0.08,0.12,0.16,0.3,0.47,0.54,0.6",0,1.4142,0.15,0.85,"10,20,30,40,50,60,70,80",61,NA,NA,NA,NA,NA,NA,NA,NA,NA
"SetB_8dose","SetB_8dose_SC7",7,"CRM","crm_alpha_crm",NA,NA,"alpha_crm",0.9,0,0.0714,28,2,1,8,0.8,1,0.8231,NA,NA,NA,0,0,0,0,27.7772,23.6618,14.3145,362.0941,1984,1984,"0.04,0.08,0.12,0.16,0.3,0.47,0.54,0.6",0,1.4142,0.15,0.85,"10,20,30,40,50,60,70,80",61,NA,NA,NA,NA,NA,NA,NA,NA,NA
"SetB_8dose","SetB_8dose_SC7",7,"CRM","crm_alpha_crm",NA,NA,"alpha_crm",0.9,0,0.0714,28,3,1,1,0.3,0.3,0.3095,NA,NA,NA,68.75,20.2455,20.2455,0,27.7742,23.4461,14.3649,359.9425,1984,1984,"0.04,0.08,0.12,0.16,0.3,0.47,0.54,0.6",0,1.4142,0.15,0.85,"10,20,30,40,50,60,70,80",61,NA,NA,NA,NA,NA,NA,NA,NA,NA
"SetB_8dose","SetB_8dose_SC7",7,"CRM","crm_alpha_crm",NA,NA,"alpha_crm",0.9,0,0.0714,28,3,1,2,0.35,0.62,0.3947,NA,NA,NA,15.7258,5.8987,5.8987,3.4773,27.7742,23.4461,14.3649,359.9425,1984,1984,"0.04,0.08,0.12,0.16,0.3,0.47,0.54,0.6",0,1.4142,0.15,0.85,"10,20,30,40,50,60,70,80",61,NA,NA,NA,NA,NA,NA,NA,NA,NA
"SetB_8dose","SetB_8dose_SC7",7,"CRM","crm_alpha_crm",NA,NA,"alpha_crm",0.9,0,0.0714,28,3,1,3,0.5,0.815,0.456,NA,NA,NA,1.0081,1.3669,1.3669,0.7641,27.7742,23.4461,14.3649,359.9425,1984,1984,"0.04,0.08,0.12,0.16,0.3,0.47,0.54,0.6",0,1.4142,0.15,0.85,"10,20,30,40,50,60,70,80",61,NA,NA,NA,NA,NA,NA,NA,NA,NA
"SetB_8dose","SetB_8dose_SC7",7,"CRM","crm_alpha_crm",NA,NA,"alpha_crm",0.9,0,0.0714,28,3,1,4,0.55,1,0.5057,NA,NA,NA,0.1512,0.254,0.254,0.0806,27.7742,23.4461,14.3649,359.9425,1984,1984,"0.04,0.08,0.12,0.16,0.3,0.47,0.54,0.6",0,1.4142,0.15,0.85,"10,20,30,40,50,60,70,80",61,NA,NA,NA,NA,NA,NA,NA,NA,NA
"SetB_8dose","SetB_8dose_SC7",7,"CRM","crm_alpha_crm",NA,NA,"alpha_crm",0.9,0,0.0714,28,3,1,5,0.6,1,0.6362,NA,NA,NA,0,0.0091,0.0091,0.006,27.7742,23.4461,14.3649,359.9425,1984,1984,"0.04,0.08,0.12,0.16,0.3,0.47,0.54,0.6",0,1.4142,0.15,0.85,"10,20,30,40,50,60,70,80",61,NA,NA,NA,NA,NA,NA,NA,NA,NA
"SetB_8dose","SetB_8dose_SC7",7,"CRM","crm_alpha_crm",NA,NA,"alpha_crm",0.9,0,0.0714,28,3,1,6,0.65,1,0.7516,NA,NA,NA,0,0,0,0,27.7742,23.4461,14.3649,359.9425,1984,1984,"0.04,0.08,0.12,0.16,0.3,0.47,0.54,0.6",0,1.4142,0.15,0.85,"10,20,30,40,50,60,70,80",61,NA,NA,NA,NA,NA,NA,NA,NA,NA
"SetB_8dose","SetB_8dose_SC7",7,"CRM","crm_alpha_crm",NA,NA,"alpha_crm",0.9,0,0.0714,28,3,1,7,0.7,1,0.7918,NA,NA,NA,0,0,0,0,27.7742,23.4461,14.3649,359.9425,1984,1984,"0.04,0.08,0.12,0.16,0.3,0.47,0.54,0.6",0,1.4142,0.15,0.85,"10,20,30,40,50,60,70,80",61,NA,NA,NA,NA,NA,NA,NA,NA,NA
"SetB_8dose","SetB_8dose_SC7",7,"CRM","crm_alpha_crm",NA,NA,"alpha_crm",0.9,0,0.0714,28,3,1,8,0.8,1,0.8237,NA,NA,NA,0,0,0,0,27.7742,23.4461,14.3649,359.9425,1984,1984,"0.04,0.08,0.12,0.16,0.3,0.47,0.54,0.6",0,1.4142,0.15,0.85,"10,20,30,40,50,60,70,80",61,NA,NA,NA,NA,NA,NA,NA,NA,NA
"SetB_8dose","SetB_8dose_SC8",8,"CRM","crm_alpha_crm",NA,NA,"alpha_crm",0,0,0.0714,28,1,1,1,0.4,0.4,0.3211,NA,NA,NA,45.2621,17.8669,17.8669,0,23.873,23.873,39.1633,351.7697,1984,1984,"0.04,0.08,0.12,0.16,0.3,0.47,0.54,0.6",0,1.4142,0.15,0.85,"10,20,30,40,50,60,70,80",61,NA,NA,NA,NA,NA,NA,NA,NA,NA
"SetB_8dose","SetB_8dose_SC8",8,"CRM","crm_alpha_crm",NA,NA,"alpha_crm",0,0,0.0714,28,1,1,2,0.41,0.41,0.4047,NA,NA,NA,9.2742,3.3553,3.3553,0,23.873,23.873,39.1633,351.7697,1984,1984,"0.04,0.08,0.12,0.16,0.3,0.47,0.54,0.6",0,1.4142,0.15,0.85,"10,20,30,40,50,60,70,80",61,NA,NA,NA,NA,NA,NA,NA,NA,NA
"SetB_8dose","SetB_8dose_SC8",8,"CRM","crm_alpha_crm",NA,NA,"alpha_crm",0,0,0.0714,28,1,1,3,0.43,0.43,0.4649,NA,NA,NA,3.4778,1.5938,1.5938,0,23.873,23.873,39.1633,351.7697,1984,1984,"0.04,0.08,0.12,0.16,0.3,0.47,0.54,0.6",0,1.4142,0.15,0.85,"10,20,30,40,50,60,70,80",61,NA,NA,NA,NA,NA,NA,NA,NA,NA
"SetB_8dose","SetB_8dose_SC8",8,"CRM","crm_alpha_crm",NA,NA,"alpha_crm",0,0,0.0714,28,1,1,4,0.45,0.45,0.5133,NA,NA,NA,2.4194,0.9178,0.9178,0,23.873,23.873,39.1633,351.7697,1984,1984,"0.04,0.08,0.12,0.16,0.3,0.47,0.54,0.6",0,1.4142,0.15,0.85,"10,20,30,40,50,60,70,80",61,NA,NA,NA,NA,NA,NA,NA,NA,NA
"SetB_8dose","SetB_8dose_SC8",8,"CRM","crm_alpha_crm",NA,NA,"alpha_crm",0,0,0.0714,28,1,1,5,0.47,0.47,0.6411,NA,NA,NA,0.4032,0.1331,0.1331,0,23.873,23.873,39.1633,351.7697,1984,1984,"0.04,0.08,0.12,0.16,0.3,0.47,0.54,0.6",0,1.4142,0.15,0.85,"10,20,30,40,50,60,70,80",61,NA,NA,NA,NA,NA,NA,NA,NA,NA
"SetB_8dose","SetB_8dose_SC8",8,"CRM","crm_alpha_crm",NA,NA,"alpha_crm",0,0,0.0714,28,1,1,6,0.49,0.49,0.7542,NA,NA,NA,0,0.006,0.006,0,23.873,23.873,39.1633,351.7697,1984,1984,"0.04,0.08,0.12,0.16,0.3,0.47,0.54,0.6",0,1.4142,0.15,0.85,"10,20,30,40,50,60,70,80",61,NA,NA,NA,NA,NA,NA,NA,NA,NA
"SetB_8dose","SetB_8dose_SC8",8,"CRM","crm_alpha_crm",NA,NA,"alpha_crm",0,0,0.0714,28,1,1,7,0.52,0.52,0.7937,NA,NA,NA,0,0,0,0,23.873,23.873,39.1633,351.7697,1984,1984,"0.04,0.08,0.12,0.16,0.3,0.47,0.54,0.6",0,1.4142,0.15,0.85,"10,20,30,40,50,60,70,80",61,NA,NA,NA,NA,NA,NA,NA,NA,NA
"SetB_8dose","SetB_8dose_SC8",8,"CRM","crm_alpha_crm",NA,NA,"alpha_crm",0,0,0.0714,28,1,1,8,0.56,0.56,0.8252,NA,NA,NA,0,0,0,0,23.873,23.873,39.1633,351.7697,1984,1984,"0.04,0.08,0.12,0.16,0.3,0.47,0.54,0.6",0,1.4142,0.15,0.85,"10,20,30,40,50,60,70,80",61,NA,NA,NA,NA,NA,NA,NA,NA,NA
"SetB_8dose","SetB_8dose_SC8",8,"CRM","crm_alpha_crm",NA,NA,"alpha_crm",0,0,0.0714,28,2,1,1,0.4,0.4,0.3102,NA,NA,NA,44.002,17.1487,17.1487,0,23.9622,21.2888,38.256,324.0588,1984,1984,"0.04,0.08,0.12,0.16,0.3,0.47,0.54,0.6",0,1.4142,0.15,0.85,"10,20,30,40,50,60,70,80",61,NA,NA,NA,NA,NA,NA,NA,NA,NA
"SetB_8dose","SetB_8dose_SC8",8,"CRM","crm_alpha_crm",NA,NA,"alpha_crm",0,0,0.0714,28,2,1,2,0.41,0.41,0.3925,NA,NA,NA,8.619,3.5655,3.5655,1.9798,23.9622,21.2888,38.256,324.0588,1984,1984,"0.04,0.08,0.12,0.16,0.3,0.47,0.54,0.6",0,1.4142,0.15,0.85,"10,20,30,40,50,60,70,80",61,NA,NA,NA,NA,NA,NA,NA,NA,NA
"SetB_8dose","SetB_8dose_SC8",8,"CRM","crm_alpha_crm",NA,NA,"alpha_crm",0,0,0.0714,28,2,1,3,0.43,0.43,0.4522,NA,NA,NA,4.1331,1.5741,1.5741,0.2354,23.9622,21.2888,38.256,324.0588,1984,1984,"0.04,0.08,0.12,0.16,0.3,0.47,0.54,0.6",0,1.4142,0.15,0.85,"10,20,30,40,50,60,70,80",61,NA,NA,NA,NA,NA,NA,NA,NA,NA
"SetB_8dose","SetB_8dose_SC8",8,"CRM","crm_alpha_crm",NA,NA,"alpha_crm",0,0,0.0714,28,2,1,4,0.45,0.45,0.5007,NA,NA,NA,3.629,1.255,1.255,0.378,23.9622,21.2888,38.256,324.0588,1984,1984,"0.04,0.08,0.12,0.16,0.3,0.47,0.54,0.6",0,1.4142,0.15,0.85,"10,20,30,40,50,60,70,80",61,NA,NA,NA,NA,NA,NA,NA,NA,NA
"SetB_8dose","SetB_8dose_SC8",8,"CRM","crm_alpha_crm",NA,NA,"alpha_crm",0,0,0.0714,28,2,1,5,0.47,0.47,0.6293,NA,NA,NA,1.2097,0.372,0.372,0.063,23.9622,21.2888,38.256,324.0588,1984,1984,"0.04,0.08,0.12,0.16,0.3,0.47,0.54,0.6",0,1.4142,0.15,0.85,"10,20,30,40,50,60,70,80",61,NA,NA,NA,NA,NA,NA,NA,NA,NA
"SetB_8dose","SetB_8dose_SC8",8,"CRM","crm_alpha_crm",NA,NA,"alpha_crm",0,0,0.0714,28,2,1,6,0.49,0.49,0.7446,NA,NA,NA,0.1008,0.0454,0.0454,0.0156,23.9622,21.2888,38.256,324.0588,1984,1984,"0.04,0.08,0.12,0.16,0.3,0.47,0.54,0.6",0,1.4142,0.15,0.85,"10,20,30,40,50,60,70,80",61,NA,NA,NA,NA,NA,NA,NA,NA,NA
"SetB_8dose","SetB_8dose_SC8",8,"CRM","crm_alpha_crm",NA,NA,"alpha_crm",0,0,0.0714,28,2,1,7,0.52,0.52,0.7852,NA,NA,NA,0.0504,0.0015,0.0015,0.0015,23.9622,21.2888,38.256,324.0588,1984,1984,"0.04,0.08,0.12,0.16,0.3,0.47,0.54,0.6",0,1.4142,0.15,0.85,"10,20,30,40,50,60,70,80",61,NA,NA,NA,NA,NA,NA,NA,NA,NA
"SetB_8dose","SetB_8dose_SC8",8,"CRM","crm_alpha_crm",NA,NA,"alpha_crm",0,0,0.0714,28,2,1,8,0.56,0.56,0.8177,NA,NA,NA,0,0,0,0,23.9622,21.2888,38.256,324.0588,1984,1984,"0.04,0.08,0.12,0.16,0.3,0.47,0.54,0.6",0,1.4142,0.15,0.85,"10,20,30,40,50,60,70,80",61,NA,NA,NA,NA,NA,NA,NA,NA,NA
"SetB_8dose","SetB_8dose_SC8",8,"CRM","crm_alpha_crm",NA,NA,"alpha_crm",0,0,0.0714,28,3,1,1,0.4,0.4,0.3078,NA,NA,NA,42.8931,17.0156,17.0156,0,23.9698,20.7969,38.1048,320.0621,1984,1984,"0.04,0.08,0.12,0.16,0.3,0.47,0.54,0.6",0,1.4142,0.15,0.85,"10,20,30,40,50,60,70,80",61,NA,NA,NA,NA,NA,NA,NA,NA,NA
"SetB_8dose","SetB_8dose_SC8",8,"CRM","crm_alpha_crm",NA,NA,"alpha_crm",0,0,0.0714,28,3,1,2,0.41,0.41,0.3901,NA,NA,NA,9.5262,3.4808,3.4808,1.9632,23.9698,20.7969,38.1048,320.0621,1984,1984,"0.04,0.08,0.12,0.16,0.3,0.47,0.54,0.6",0,1.4142,0.15,0.85,"10,20,30,40,50,60,70,80",61,NA,NA,NA,NA,NA,NA,NA,NA,NA
"SetB_8dose","SetB_8dose_SC8",8,"CRM","crm_alpha_crm",NA,NA,"alpha_crm",0,0,0.0714,28,3,1,3,0.43,0.43,0.4497,NA,NA,NA,4.4859,1.7011,1.7011,0.8589,23.9698,20.7969,38.1048,320.0621,1984,1984,"0.04,0.08,0.12,0.16,0.3,0.47,0.54,0.6",0,1.4142,0.15,0.85,"10,20,30,40,50,60,70,80",61,NA,NA,NA,NA,NA,NA,NA,NA,NA
"SetB_8dose","SetB_8dose_SC8",8,"CRM","crm_alpha_crm",NA,NA,"alpha_crm",0,0,0.0714,28,3,1,4,0.45,0.45,0.4982,NA,NA,NA,3.2762,1.3503,1.3503,0.2051,23.9698,20.7969,38.1048,320.0621,1984,1984,"0.04,0.08,0.12,0.16,0.3,0.47,0.54,0.6",0,1.4142,0.15,0.85,"10,20,30,40,50,60,70,80",61,NA,NA,NA,NA,NA,NA,NA,NA,NA
"SetB_8dose","SetB_8dose_SC8",8,"CRM","crm_alpha_crm",NA,NA,"alpha_crm",0,0,0.0714,28,3,1,5,0.47,0.47,0.627,NA,NA,NA,1.5625,0.375,0.375,0.1255,23.9698,20.7969,38.1048,320.0621,1984,1984,"0.04,0.08,0.12,0.16,0.3,0.47,0.54,0.6",0,1.4142,0.15,0.85,"10,20,30,40,50,60,70,80",61,NA,NA,NA,NA,NA,NA,NA,NA,NA
"SetB_8dose","SetB_8dose_SC8",8,"CRM","crm_alpha_crm",NA,NA,"alpha_crm",0,0,0.0714,28,3,1,6,0.49,0.49,0.7427,NA,NA,NA,0.1512,0.0469,0.0469,0.0202,23.9698,20.7969,38.1048,320.0621,1984,1984,"0.04,0.08,0.12,0.16,0.3,0.47,0.54,0.6",0,1.4142,0.15,0.85,"10,20,30,40,50,60,70,80",61,NA,NA,NA,NA,NA,NA,NA,NA,NA
"SetB_8dose","SetB_8dose_SC8",8,"CRM","crm_alpha_crm",NA,NA,"alpha_crm",0,0,0.0714,28,3,1,7,0.52,0.52,0.7834,NA,NA,NA,0,0,0,0,23.9698,20.7969,38.1048,320.0621,1984,1984,"0.04,0.08,0.12,0.16,0.3,0.47,0.54,0.6",0,1.4142,0.15,0.85,"10,20,30,40,50,60,70,80",61,NA,NA,NA,NA,NA,NA,NA,NA,NA
"SetB_8dose","SetB_8dose_SC8",8,"CRM","crm_alpha_crm",NA,NA,"alpha_crm",0,0,0.0714,28,3,1,8,0.56,0.56,0.8162,NA,NA,NA,0,0,0,0,23.9698,20.7969,38.1048,320.0621,1984,1984,"0.04,0.08,0.12,0.16,0.3,0.47,0.54,0.6",0,1.4142,0.15,0.85,"10,20,30,40,50,60,70,80",61,NA,NA,NA,NA,NA,NA,NA,NA,NA
"SetB_8dose","SetB_8dose_SC8",8,"CRM","crm_alpha_crm",NA,NA,"alpha_crm",0.3,0,0.0714,28,1,1,1,0.4,0.4,0.3211,NA,NA,NA,45.2621,17.8669,17.8669,0,23.873,23.873,39.1633,351.7697,1984,1984,"0.04,0.08,0.12,0.16,0.3,0.47,0.54,0.6",0,1.4142,0.15,0.85,"10,20,30,40,50,60,70,80",61,NA,NA,NA,NA,NA,NA,NA,NA,NA
"SetB_8dose","SetB_8dose_SC8",8,"CRM","crm_alpha_crm",NA,NA,"alpha_crm",0.3,0,0.0714,28,1,1,2,0.41,0.53,0.4047,NA,NA,NA,9.2742,3.3553,3.3553,0,23.873,23.873,39.1633,351.7697,1984,1984,"0.04,0.08,0.12,0.16,0.3,0.47,0.54,0.6",0,1.4142,0.15,0.85,"10,20,30,40,50,60,70,80",61,NA,NA,NA,NA,NA,NA,NA,NA,NA
"SetB_8dose","SetB_8dose_SC8",8,"CRM","crm_alpha_crm",NA,NA,"alpha_crm",0.3,0,0.0714,28,1,1,3,0.43,0.553,0.4649,NA,NA,NA,3.4778,1.5938,1.5938,0,23.873,23.873,39.1633,351.7697,1984,1984,"0.04,0.08,0.12,0.16,0.3,0.47,0.54,0.6",0,1.4142,0.15,0.85,"10,20,30,40,50,60,70,80",61,NA,NA,NA,NA,NA,NA,NA,NA,NA
"SetB_8dose","SetB_8dose_SC8",8,"CRM","crm_alpha_crm",NA,NA,"alpha_crm",0.3,0,0.0714,28,1,1,4,0.45,0.579,0.5133,NA,NA,NA,2.4194,0.9178,0.9178,0,23.873,23.873,39.1633,351.7697,1984,1984,"0.04,0.08,0.12,0.16,0.3,0.47,0.54,0.6",0,1.4142,0.15,0.85,"10,20,30,40,50,60,70,80",61,NA,NA,NA,NA,NA,NA,NA,NA,NA
"SetB_8dose","SetB_8dose_SC8",8,"CRM","crm_alpha_crm",NA,NA,"alpha_crm",0.3,0,0.0714,28,1,1,5,0.47,0.605,0.6411,NA,NA,NA,0.4032,0.1331,0.1331,0,23.873,23.873,39.1633,351.7697,1984,1984,"0.04,0.08,0.12,0.16,0.3,0.47,0.54,0.6",0,1.4142,0.15,0.85,"10,20,30,40,50,60,70,80",61,NA,NA,NA,NA,NA,NA,NA,NA,NA
"SetB_8dose","SetB_8dose_SC8",8,"CRM","crm_alpha_crm",NA,NA,"alpha_crm",0.3,0,0.0714,28,1,1,6,0.49,0.631,0.7542,NA,NA,NA,0,0.006,0.006,0,23.873,23.873,39.1633,351.7697,1984,1984,"0.04,0.08,0.12,0.16,0.3,0.47,0.54,0.6",0,1.4142,0.15,0.85,"10,20,30,40,50,60,70,80",61,NA,NA,NA,NA,NA,NA,NA,NA,NA
"SetB_8dose","SetB_8dose_SC8",8,"CRM","crm_alpha_crm",NA,NA,"alpha_crm",0.3,0,0.0714,28,1,1,7,0.52,0.667,0.7937,NA,NA,NA,0,0,0,0,23.873,23.873,39.1633,351.7697,1984,1984,"0.04,0.08,0.12,0.16,0.3,0.47,0.54,0.6",0,1.4142,0.15,0.85,"10,20,30,40,50,60,70,80",61,NA,NA,NA,NA,NA,NA,NA,NA,NA
"SetB_8dose","SetB_8dose_SC8",8,"CRM","crm_alpha_crm",NA,NA,"alpha_crm",0.3,0,0.0714,28,1,1,8,0.56,0.716,0.8252,NA,NA,NA,0,0,0,0,23.873,23.873,39.1633,351.7697,1984,1984,"0.04,0.08,0.12,0.16,0.3,0.47,0.54,0.6",0,1.4142,0.15,0.85,"10,20,30,40,50,60,70,80",61,NA,NA,NA,NA,NA,NA,NA,NA,NA
"SetB_8dose","SetB_8dose_SC8",8,"CRM","crm_alpha_crm",NA,NA,"alpha_crm",0.3,0,0.0714,28,2,1,1,0.4,0.4,0.3305,NA,NA,NA,47.5806,18.4249,18.4249,0,23.7641,21.4415,41.2298,324.7529,1984,1984,"0.04,0.08,0.12,0.16,0.3,0.47,0.54,0.6",0,1.4142,0.15,0.85,"10,20,30,40,50,60,70,80",61,NA,NA,NA,NA,NA,NA,NA,NA,NA
"SetB_8dose","SetB_8dose_SC8",8,"CRM","crm_alpha_crm",NA,NA,"alpha_crm",0.3,0,0.0714,28,2,1,2,0.41,0.53,0.4143,NA,NA,NA,6.0988,3.2631,3.2631,1.8301,23.7641,21.4415,41.2298,324.7529,1984,1984,"0.04,0.08,0.12,0.16,0.3,0.47,0.54,0.6",0,1.4142,0.15,0.85,"10,20,30,40,50,60,70,80",61,NA,NA,NA,NA,NA,NA,NA,NA,NA
"SetB_8dose","SetB_8dose_SC8",8,"CRM","crm_alpha_crm",NA,NA,"alpha_crm",0.3,0,0.0714,28,2,1,3,0.43,0.553,0.4741,NA,NA,NA,2.5706,1.0917,1.0917,0.2046,23.7641,21.4415,41.2298,324.7529,1984,1984,"0.04,0.08,0.12,0.16,0.3,0.47,0.54,0.6",0,1.4142,0.15,0.85,"10,20,30,40,50,60,70,80",61,NA,NA,NA,NA,NA,NA,NA,NA,NA
"SetB_8dose","SetB_8dose_SC8",8,"CRM","crm_alpha_crm",NA,NA,"alpha_crm",0.3,0,0.0714,28,2,1,4,0.45,0.579,0.5223,NA,NA,NA,1.7137,0.7364,0.7364,0.2505,23.7641,21.4415,41.2298,324.7529,1984,1984,"0.04,0.08,0.12,0.16,0.3,0.47,0.54,0.6",0,1.4142,0.15,0.85,"10,20,30,40,50,60,70,80",61,NA,NA,NA,NA,NA,NA,NA,NA,NA
"SetB_8dose","SetB_8dose_SC8",8,"CRM","crm_alpha_crm",NA,NA,"alpha_crm",0.3,0,0.0714,28,2,1,5,0.47,0.605,0.6484,NA,NA,NA,0.6552,0.2117,0.2117,0.0212,23.7641,21.4415,41.2298,324.7529,1984,1984,"0.04,0.08,0.12,0.16,0.3,0.47,0.54,0.6",0,1.4142,0.15,0.85,"10,20,30,40,50,60,70,80",61,NA,NA,NA,NA,NA,NA,NA,NA,NA
"SetB_8dose","SetB_8dose_SC8",8,"CRM","crm_alpha_crm",NA,NA,"alpha_crm",0.3,0,0.0714,28,2,1,6,0.49,0.631,0.7596,NA,NA,NA,0.1008,0.0257,0.0257,0.0131,23.7641,21.4415,41.2298,324.7529,1984,1984,"0.04,0.08,0.12,0.16,0.3,0.47,0.54,0.6",0,1.4142,0.15,0.85,"10,20,30,40,50,60,70,80",61,NA,NA,NA,NA,NA,NA,NA,NA,NA
"SetB_8dose","SetB_8dose_SC8",8,"CRM","crm_alpha_crm",NA,NA,"alpha_crm",0.3,0,0.0714,28,2,1,7,0.52,0.667,0.7982,NA,NA,NA,0.0504,0.0091,0.0091,0.0015,23.7641,21.4415,41.2298,324.7529,1984,1984,"0.04,0.08,0.12,0.16,0.3,0.47,0.54,0.6",0,1.4142,0.15,0.85,"10,20,30,40,50,60,70,80",61,NA,NA,NA,NA,NA,NA,NA,NA,NA
"SetB_8dose","SetB_8dose_SC8",8,"CRM","crm_alpha_crm",NA,NA,"alpha_crm",0.3,0,0.0714,28,2,1,8,0.56,0.716,0.8291,NA,NA,NA,0,0.0015,0.0015,0.0015,23.7641,21.4415,41.2298,324.7529,1984,1984,"0.04,0.08,0.12,0.16,0.3,0.47,0.54,0.6",0,1.4142,0.15,0.85,"10,20,30,40,50,60,70,80",61,NA,NA,NA,NA,NA,NA,NA,NA,NA
"SetB_8dose","SetB_8dose_SC8",8,"CRM","crm_alpha_crm",NA,NA,"alpha_crm",0.3,0,0.0714,28,3,1,1,0.4,0.4,0.3318,NA,NA,NA,48.5887,18.5066,18.5066,0,23.7566,21.1729,41.2802,321.8963,1984,1984,"0.04,0.08,0.12,0.16,0.3,0.47,0.54,0.6",0,1.4142,0.15,0.85,"10,20,30,40,50,60,70,80",61,NA,NA,NA,NA,NA,NA,NA,NA,NA
"SetB_8dose","SetB_8dose_SC8",8,"CRM","crm_alpha_crm",NA,NA,"alpha_crm",0.3,0,0.0714,28,3,1,2,0.41,0.53,0.4158,NA,NA,NA,5.1915,3.1618,3.1618,1.8296,23.7566,21.1729,41.2802,321.8963,1984,1984,"0.04,0.08,0.12,0.16,0.3,0.47,0.54,0.6",0,1.4142,0.15,0.85,"10,20,30,40,50,60,70,80",61,NA,NA,NA,NA,NA,NA,NA,NA,NA
"SetB_8dose","SetB_8dose_SC8",8,"CRM","crm_alpha_crm",NA,NA,"alpha_crm",0.3,0,0.0714,28,3,1,3,0.43,0.553,0.4757,NA,NA,NA,2.369,1.1371,1.1371,0.5307,23.7566,21.1729,41.2802,321.8963,1984,1984,"0.04,0.08,0.12,0.16,0.3,0.47,0.54,0.6",0,1.4142,0.15,0.85,"10,20,30,40,50,60,70,80",61,NA,NA,NA,NA,NA,NA,NA,NA,NA
"SetB_8dose","SetB_8dose_SC8",8,"CRM","crm_alpha_crm",NA,NA,"alpha_crm",0.3,0,0.0714,28,3,1,4,0.45,0.579,0.524,NA,NA,NA,1.8649,0.7258,0.7258,0.1442,23.7566,21.1729,41.2802,321.8963,1984,1984,"0.04,0.08,0.12,0.16,0.3,0.47,0.54,0.6",0,1.4142,0.15,0.85,"10,20,30,40,50,60,70,80",61,NA,NA,NA,NA,NA,NA,NA,NA,NA
"SetB_8dose","SetB_8dose_SC8",8,"CRM","crm_alpha_crm",NA,NA,"alpha_crm",0.3,0,0.0714,28,3,1,5,0.47,0.605,0.65,NA,NA,NA,0.6552,0.2117,0.2117,0.0756,23.7566,21.1729,41.2802,321.8963,1984,1984,"0.04,0.08,0.12,0.16,0.3,0.47,0.54,0.6",0,1.4142,0.15,0.85,"10,20,30,40,50,60,70,80",61,NA,NA,NA,NA,NA,NA,NA,NA,NA
"SetB_8dose","SetB_8dose_SC8",8,"CRM","crm_alpha_crm",NA,NA,"alpha_crm",0.3,0,0.0714,28,3,1,6,0.49,0.631,0.7609,NA,NA,NA,0.0504,0.0136,0.0136,0.0035,23.7566,21.1729,41.2802,321.8963,1984,1984,"0.04,0.08,0.12,0.16,0.3,0.47,0.54,0.6",0,1.4142,0.15,0.85,"10,20,30,40,50,60,70,80",61,NA,NA,NA,NA,NA,NA,NA,NA,NA
"SetB_8dose","SetB_8dose_SC8",8,"CRM","crm_alpha_crm",NA,NA,"alpha_crm",0.3,0,0.0714,28,3,1,7,0.52,0.667,0.7995,NA,NA,NA,0,0,0,0,23.7566,21.1729,41.2802,321.8963,1984,1984,"0.04,0.08,0.12,0.16,0.3,0.47,0.54,0.6",0,1.4142,0.15,0.85,"10,20,30,40,50,60,70,80",61,NA,NA,NA,NA,NA,NA,NA,NA,NA
"SetB_8dose","SetB_8dose_SC8",8,"CRM","crm_alpha_crm",NA,NA,"alpha_crm",0.3,0,0.0714,28,3,1,8,0.56,0.716,0.8302,NA,NA,NA,0,0,0,0,23.7566,21.1729,41.2802,321.8963,1984,1984,"0.04,0.08,0.12,0.16,0.3,0.47,0.54,0.6",0,1.4142,0.15,0.85,"10,20,30,40,50,60,70,80",61,NA,NA,NA,NA,NA,NA,NA,NA,NA
"SetB_8dose","SetB_8dose_SC8",8,"CRM","crm_alpha_crm",NA,NA,"alpha_crm",0.6,0,0.0714,28,1,1,1,0.4,0.4,0.3211,NA,NA,NA,45.2621,17.8669,17.8669,0,23.873,23.873,39.1633,351.7697,1984,1984,"0.04,0.08,0.12,0.16,0.3,0.47,0.54,0.6",0,1.4142,0.15,0.85,"10,20,30,40,50,60,70,80",61,NA,NA,NA,NA,NA,NA,NA,NA,NA
"SetB_8dose","SetB_8dose_SC8",8,"CRM","crm_alpha_crm",NA,NA,"alpha_crm",0.6,0,0.0714,28,1,1,2,0.41,0.65,0.4047,NA,NA,NA,9.2742,3.3553,3.3553,0,23.873,23.873,39.1633,351.7697,1984,1984,"0.04,0.08,0.12,0.16,0.3,0.47,0.54,0.6",0,1.4142,0.15,0.85,"10,20,30,40,50,60,70,80",61,NA,NA,NA,NA,NA,NA,NA,NA,NA
"SetB_8dose","SetB_8dose_SC8",8,"CRM","crm_alpha_crm",NA,NA,"alpha_crm",0.6,0,0.0714,28,1,1,3,0.43,0.676,0.4649,NA,NA,NA,3.4778,1.5938,1.5938,0,23.873,23.873,39.1633,351.7697,1984,1984,"0.04,0.08,0.12,0.16,0.3,0.47,0.54,0.6",0,1.4142,0.15,0.85,"10,20,30,40,50,60,70,80",61,NA,NA,NA,NA,NA,NA,NA,NA,NA
"SetB_8dose","SetB_8dose_SC8",8,"CRM","crm_alpha_crm",NA,NA,"alpha_crm",0.6,0,0.0714,28,1,1,4,0.45,0.708,0.5133,NA,NA,NA,2.4194,0.9178,0.9178,0,23.873,23.873,39.1633,351.7697,1984,1984,"0.04,0.08,0.12,0.16,0.3,0.47,0.54,0.6",0,1.4142,0.15,0.85,"10,20,30,40,50,60,70,80",61,NA,NA,NA,NA,NA,NA,NA,NA,NA
"SetB_8dose","SetB_8dose_SC8",8,"CRM","crm_alpha_crm",NA,NA,"alpha_crm",0.6,0,0.0714,28,1,1,5,0.47,0.74,0.6411,NA,NA,NA,0.4032,0.1331,0.1331,0,23.873,23.873,39.1633,351.7697,1984,1984,"0.04,0.08,0.12,0.16,0.3,0.47,0.54,0.6",0,1.4142,0.15,0.85,"10,20,30,40,50,60,70,80",61,NA,NA,NA,NA,NA,NA,NA,NA,NA
"SetB_8dose","SetB_8dose_SC8",8,"CRM","crm_alpha_crm",NA,NA,"alpha_crm",0.6,0,0.0714,28,1,1,6,0.49,0.772,0.7542,NA,NA,NA,0,0.006,0.006,0,23.873,23.873,39.1633,351.7697,1984,1984,"0.04,0.08,0.12,0.16,0.3,0.47,0.54,0.6",0,1.4142,0.15,0.85,"10,20,30,40,50,60,70,80",61,NA,NA,NA,NA,NA,NA,NA,NA,NA
"SetB_8dose","SetB_8dose_SC8",8,"CRM","crm_alpha_crm",NA,NA,"alpha_crm",0.6,0,0.0714,28,1,1,7,0.52,0.814,0.7937,NA,NA,NA,0,0,0,0,23.873,23.873,39.1633,351.7697,1984,1984,"0.04,0.08,0.12,0.16,0.3,0.47,0.54,0.6",0,1.4142,0.15,0.85,"10,20,30,40,50,60,70,80",61,NA,NA,NA,NA,NA,NA,NA,NA,NA
"SetB_8dose","SetB_8dose_SC8",8,"CRM","crm_alpha_crm",NA,NA,"alpha_crm",0.6,0,0.0714,28,1,1,8,0.56,0.872,0.8252,NA,NA,NA,0,0,0,0,23.873,23.873,39.1633,351.7697,1984,1984,"0.04,0.08,0.12,0.16,0.3,0.47,0.54,0.6",0,1.4142,0.15,0.85,"10,20,30,40,50,60,70,80",61,NA,NA,NA,NA,NA,NA,NA,NA,NA
"SetB_8dose","SetB_8dose_SC8",8,"CRM","crm_alpha_crm",NA,NA,"alpha_crm",0.6,0,0.0714,28,2,1,1,0.4,0.4,0.3445,NA,NA,NA,49.748,19.2823,19.2823,0,23.5055,21.4556,43.6996,323.0303,1984,1984,"0.04,0.08,0.12,0.16,0.3,0.47,0.54,0.6",0,1.4142,0.15,0.85,"10,20,30,40,50,60,70,80",61,NA,NA,NA,NA,NA,NA,NA,NA,NA
"SetB_8dose","SetB_8dose_SC8",8,"CRM","crm_alpha_crm",NA,NA,"alpha_crm",0.6,0,0.0714,28,2,1,2,0.41,0.65,0.4292,NA,NA,NA,4.1835,2.9667,2.9667,1.6825,23.5055,21.4556,43.6996,323.0303,1984,1984,"0.04,0.08,0.12,0.16,0.3,0.47,0.54,0.6",0,1.4142,0.15,0.85,"10,20,30,40,50,60,70,80",61,NA,NA,NA,NA,NA,NA,NA,NA,NA
"SetB_8dose","SetB_8dose_SC8",8,"CRM","crm_alpha_crm",NA,NA,"alpha_crm",0.6,0,0.0714,28,2,1,3,0.43,0.676,0.4892,NA,NA,NA,1.4113,0.7364,0.7364,0.1986,23.5055,21.4556,43.6996,323.0303,1984,1984,"0.04,0.08,0.12,0.16,0.3,0.47,0.54,0.6",0,1.4142,0.15,0.85,"10,20,30,40,50,60,70,80",61,NA,NA,NA,NA,NA,NA,NA,NA,NA
"SetB_8dose","SetB_8dose_SC8",8,"CRM","crm_alpha_crm",NA,NA,"alpha_crm",0.6,0,0.0714,28,2,1,4,0.45,0.708,0.5373,NA,NA,NA,0.6552,0.4173,0.4173,0.1512,23.5055,21.4556,43.6996,323.0303,1984,1984,"0.04,0.08,0.12,0.16,0.3,0.47,0.54,0.6",0,1.4142,0.15,0.85,"10,20,30,40,50,60,70,80",61,NA,NA,NA,NA,NA,NA,NA,NA,NA
"SetB_8dose","SetB_8dose_SC8",8,"CRM","crm_alpha_crm",NA,NA,"alpha_crm",0.6,0,0.0714,28,2,1,5,0.47,0.74,0.6616,NA,NA,NA,0.2016,0.0847,0.0847,0.0096,23.5055,21.4556,43.6996,323.0303,1984,1984,"0.04,0.08,0.12,0.16,0.3,0.47,0.54,0.6",0,1.4142,0.15,0.85,"10,20,30,40,50,60,70,80",61,NA,NA,NA,NA,NA,NA,NA,NA,NA
"SetB_8dose","SetB_8dose_SC8",8,"CRM","crm_alpha_crm",NA,NA,"alpha_crm",0.6,0,0.0714,28,2,1,6,0.49,0.772,0.7699,NA,NA,NA,0.0504,0.0121,0.0121,0.0055,23.5055,21.4556,43.6996,323.0303,1984,1984,"0.04,0.08,0.12,0.16,0.3,0.47,0.54,0.6",0,1.4142,0.15,0.85,"10,20,30,40,50,60,70,80",61,NA,NA,NA,NA,NA,NA,NA,NA,NA
"SetB_8dose","SetB_8dose_SC8",8,"CRM","crm_alpha_crm",NA,NA,"alpha_crm",0.6,0,0.0714,28,2,1,7,0.52,0.814,0.8072,NA,NA,NA,0,0.003,0.003,0,23.5055,21.4556,43.6996,323.0303,1984,1984,"0.04,0.08,0.12,0.16,0.3,0.47,0.54,0.6",0,1.4142,0.15,0.85,"10,20,30,40,50,60,70,80",61,NA,NA,NA,NA,NA,NA,NA,NA,NA
"SetB_8dose","SetB_8dose_SC8",8,"CRM","crm_alpha_crm",NA,NA,"alpha_crm",0.6,0,0.0714,28,2,1,8,0.56,0.872,0.837,NA,NA,NA,0.0504,0.003,0.003,0.0025,23.5055,21.4556,43.6996,323.0303,1984,1984,"0.04,0.08,0.12,0.16,0.3,0.47,0.54,0.6",0,1.4142,0.15,0.85,"10,20,30,40,50,60,70,80",61,NA,NA,NA,NA,NA,NA,NA,NA,NA
"SetB_8dose","SetB_8dose_SC8",8,"CRM","crm_alpha_crm",NA,NA,"alpha_crm",0.6,0,0.0714,28,3,1,1,0.4,0.4,0.3462,NA,NA,NA,50.4032,19.3548,19.3548,0,23.501,21.2999,43.75,321.4682,1984,1984,"0.04,0.08,0.12,0.16,0.3,0.47,0.54,0.6",0,1.4142,0.15,0.85,"10,20,30,40,50,60,70,80",61,NA,NA,NA,NA,NA,NA,NA,NA,NA
"SetB_8dose","SetB_8dose_SC8",8,"CRM","crm_alpha_crm",NA,NA,"alpha_crm",0.6,0,0.0714,28,3,1,2,0.41,0.65,0.4311,NA,NA,NA,3.7298,2.9138,2.9138,1.6815,23.501,21.2999,43.75,321.4682,1984,1984,"0.04,0.08,0.12,0.16,0.3,0.47,0.54,0.6",0,1.4142,0.15,0.85,"10,20,30,40,50,60,70,80",61,NA,NA,NA,NA,NA,NA,NA,NA,NA
"SetB_8dose","SetB_8dose_SC8",8,"CRM","crm_alpha_crm",NA,NA,"alpha_crm",0.6,0,0.0714,28,3,1,3,0.43,0.676,0.4912,NA,NA,NA,1.0585,0.8075,0.8075,0.3911,23.501,21.2999,43.75,321.4682,1984,1984,"0.04,0.08,0.12,0.16,0.3,0.47,0.54,0.6",0,1.4142,0.15,0.85,"10,20,30,40,50,60,70,80",61,NA,NA,NA,NA,NA,NA,NA,NA,NA
"SetB_8dose","SetB_8dose_SC8",8,"CRM","crm_alpha_crm",NA,NA,"alpha_crm",0.6,0,0.0714,28,3,1,4,0.45,0.708,0.5393,NA,NA,NA,0.8569,0.3599,0.3599,0.0922,23.501,21.2999,43.75,321.4682,1984,1984,"0.04,0.08,0.12,0.16,0.3,0.47,0.54,0.6",0,1.4142,0.15,0.85,"10,20,30,40,50,60,70,80",61,NA,NA,NA,NA,NA,NA,NA,NA,NA
"SetB_8dose","SetB_8dose_SC8",8,"CRM","crm_alpha_crm",NA,NA,"alpha_crm",0.6,0,0.0714,28,3,1,5,0.47,0.74,0.6635,NA,NA,NA,0.2016,0.065,0.065,0.0363,23.501,21.2999,43.75,321.4682,1984,1984,"0.04,0.08,0.12,0.16,0.3,0.47,0.54,0.6",0,1.4142,0.15,0.85,"10,20,30,40,50,60,70,80",61,NA,NA,NA,NA,NA,NA,NA,NA,NA
"SetB_8dose","SetB_8dose_SC8",8,"CRM","crm_alpha_crm",NA,NA,"alpha_crm",0.6,0,0.0714,28,3,1,6,0.49,0.772,0.7716,NA,NA,NA,0,0,0,0,23.501,21.2999,43.75,321.4682,1984,1984,"0.04,0.08,0.12,0.16,0.3,0.47,0.54,0.6",0,1.4142,0.15,0.85,"10,20,30,40,50,60,70,80",61,NA,NA,NA,NA,NA,NA,NA,NA,NA
"SetB_8dose","SetB_8dose_SC8",8,"CRM","crm_alpha_crm",NA,NA,"alpha_crm",0.6,0,0.0714,28,3,1,7,0.52,0.814,0.8088,NA,NA,NA,0,0,0,0,23.501,21.2999,43.75,321.4682,1984,1984,"0.04,0.08,0.12,0.16,0.3,0.47,0.54,0.6",0,1.4142,0.15,0.85,"10,20,30,40,50,60,70,80",61,NA,NA,NA,NA,NA,NA,NA,NA,NA
"SetB_8dose","SetB_8dose_SC8",8,"CRM","crm_alpha_crm",NA,NA,"alpha_crm",0.6,0,0.0714,28,3,1,8,0.56,0.872,0.8384,NA,NA,NA,0,0,0,0,23.501,21.2999,43.75,321.4682,1984,1984,"0.04,0.08,0.12,0.16,0.3,0.47,0.54,0.6",0,1.4142,0.15,0.85,"10,20,30,40,50,60,70,80",61,NA,NA,NA,NA,NA,NA,NA,NA,NA
"SetB_8dose","SetB_8dose_SC8",8,"CRM","crm_alpha_crm",NA,NA,"alpha_crm",0.9,0,0.0714,28,1,1,1,0.4,0.4,0.3211,NA,NA,NA,45.2621,17.8669,17.8669,0,23.873,23.873,39.1633,351.7697,1984,1984,"0.04,0.08,0.12,0.16,0.3,0.47,0.54,0.6",0,1.4142,0.15,0.85,"10,20,30,40,50,60,70,80",61,NA,NA,NA,NA,NA,NA,NA,NA,NA
"SetB_8dose","SetB_8dose_SC8",8,"CRM","crm_alpha_crm",NA,NA,"alpha_crm",0.9,0,0.0714,28,1,1,2,0.41,0.77,0.4047,NA,NA,NA,9.2742,3.3553,3.3553,0,23.873,23.873,39.1633,351.7697,1984,1984,"0.04,0.08,0.12,0.16,0.3,0.47,0.54,0.6",0,1.4142,0.15,0.85,"10,20,30,40,50,60,70,80",61,NA,NA,NA,NA,NA,NA,NA,NA,NA
"SetB_8dose","SetB_8dose_SC8",8,"CRM","crm_alpha_crm",NA,NA,"alpha_crm",0.9,0,0.0714,28,1,1,3,0.43,0.799,0.4649,NA,NA,NA,3.4778,1.5938,1.5938,0,23.873,23.873,39.1633,351.7697,1984,1984,"0.04,0.08,0.12,0.16,0.3,0.47,0.54,0.6",0,1.4142,0.15,0.85,"10,20,30,40,50,60,70,80",61,NA,NA,NA,NA,NA,NA,NA,NA,NA
"SetB_8dose","SetB_8dose_SC8",8,"CRM","crm_alpha_crm",NA,NA,"alpha_crm",0.9,0,0.0714,28,1,1,4,0.45,0.837,0.5133,NA,NA,NA,2.4194,0.9178,0.9178,0,23.873,23.873,39.1633,351.7697,1984,1984,"0.04,0.08,0.12,0.16,0.3,0.47,0.54,0.6",0,1.4142,0.15,0.85,"10,20,30,40,50,60,70,80",61,NA,NA,NA,NA,NA,NA,NA,NA,NA
"SetB_8dose","SetB_8dose_SC8",8,"CRM","crm_alpha_crm",NA,NA,"alpha_crm",0.9,0,0.0714,28,1,1,5,0.47,0.875,0.6411,NA,NA,NA,0.4032,0.1331,0.1331,0,23.873,23.873,39.1633,351.7697,1984,1984,"0.04,0.08,0.12,0.16,0.3,0.47,0.54,0.6",0,1.4142,0.15,0.85,"10,20,30,40,50,60,70,80",61,NA,NA,NA,NA,NA,NA,NA,NA,NA
"SetB_8dose","SetB_8dose_SC8",8,"CRM","crm_alpha_crm",NA,NA,"alpha_crm",0.9,0,0.0714,28,1,1,6,0.49,0.913,0.7542,NA,NA,NA,0,0.006,0.006,0,23.873,23.873,39.1633,351.7697,1984,1984,"0.04,0.08,0.12,0.16,0.3,0.47,0.54,0.6",0,1.4142,0.15,0.85,"10,20,30,40,50,60,70,80",61,NA,NA,NA,NA,NA,NA,NA,NA,NA
"SetB_8dose","SetB_8dose_SC8",8,"CRM","crm_alpha_crm",NA,NA,"alpha_crm",0.9,0,0.0714,28,1,1,7,0.52,0.961,0.7937,NA,NA,NA,0,0,0,0,23.873,23.873,39.1633,351.7697,1984,1984,"0.04,0.08,0.12,0.16,0.3,0.47,0.54,0.6",0,1.4142,0.15,0.85,"10,20,30,40,50,60,70,80",61,NA,NA,NA,NA,NA,NA,NA,NA,NA
"SetB_8dose","SetB_8dose_SC8",8,"CRM","crm_alpha_crm",NA,NA,"alpha_crm",0.9,0,0.0714,28,1,1,8,0.56,1,0.8252,NA,NA,NA,0,0,0,0,23.873,23.873,39.1633,351.7697,1984,1984,"0.04,0.08,0.12,0.16,0.3,0.47,0.54,0.6",0,1.4142,0.15,0.85,"10,20,30,40,50,60,70,80",61,NA,NA,NA,NA,NA,NA,NA,NA,NA
"SetB_8dose","SetB_8dose_SC8",8,"CRM","crm_alpha_crm",NA,NA,"alpha_crm",0.9,0,0.0714,28,2,1,1,0.4,0.4,0.3562,NA,NA,NA,50.8569,20.1366,20.1366,0,23.2939,21.4526,45.9677,322.244,1984,1984,"0.04,0.08,0.12,0.16,0.3,0.47,0.54,0.6",0,1.4142,0.15,0.85,"10,20,30,40,50,60,70,80",61,NA,NA,NA,NA,NA,NA,NA,NA,NA
"SetB_8dose","SetB_8dose_SC8",8,"CRM","crm_alpha_crm",NA,NA,"alpha_crm",0.9,0,0.0714,28,2,1,2,0.41,0.77,0.4415,NA,NA,NA,2.1169,2.4798,2.4798,1.5993,23.2939,21.4526,45.9677,322.244,1984,1984,"0.04,0.08,0.12,0.16,0.3,0.47,0.54,0.6",0,1.4142,0.15,0.85,"10,20,30,40,50,60,70,80",61,NA,NA,NA,NA,NA,NA,NA,NA,NA
"SetB_8dose","SetB_8dose_SC8",8,"CRM","crm_alpha_crm",NA,NA,"alpha_crm",0.9,0,0.0714,28,2,1,3,0.43,0.799,0.5014,NA,NA,NA,0.5544,0.4294,0.4294,0.1537,23.2939,21.4526,45.9677,322.244,1984,1984,"0.04,0.08,0.12,0.16,0.3,0.47,0.54,0.6",0,1.4142,0.15,0.85,"10,20,30,40,50,60,70,80",61,NA,NA,NA,NA,NA,NA,NA,NA,NA
"SetB_8dose","SetB_8dose_SC8",8,"CRM","crm_alpha_crm",NA,NA,"alpha_crm",0.9,0,0.0714,28,2,1,4,0.45,0.837,0.5492,NA,NA,NA,0.3528,0.2056,0.2056,0.0771,23.2939,21.4526,45.9677,322.244,1984,1984,"0.04,0.08,0.12,0.16,0.3,0.47,0.54,0.6",0,1.4142,0.15,0.85,"10,20,30,40,50,60,70,80",61,NA,NA,NA,NA,NA,NA,NA,NA,NA
"SetB_8dose","SetB_8dose_SC8",8,"CRM","crm_alpha_crm",NA,NA,"alpha_crm",0.9,0,0.0714,28,2,1,5,0.47,0.875,0.6721,NA,NA,NA,0.1512,0.0393,0.0393,0.0081,23.2939,21.4526,45.9677,322.244,1984,1984,"0.04,0.08,0.12,0.16,0.3,0.47,0.54,0.6",0,1.4142,0.15,0.85,"10,20,30,40,50,60,70,80",61,NA,NA,NA,NA,NA,NA,NA,NA,NA
"SetB_8dose","SetB_8dose_SC8",8,"CRM","crm_alpha_crm",NA,NA,"alpha_crm",0.9,0,0.0714,28,2,1,6,0.49,0.913,0.7781,NA,NA,NA,0,0.003,0.003,0.003,23.2939,21.4526,45.9677,322.244,1984,1984,"0.04,0.08,0.12,0.16,0.3,0.47,0.54,0.6",0,1.4142,0.15,0.85,"10,20,30,40,50,60,70,80",61,NA,NA,NA,NA,NA,NA,NA,NA,NA
"SetB_8dose","SetB_8dose_SC8",8,"CRM","crm_alpha_crm",NA,NA,"alpha_crm",0.9,0,0.0714,28,2,1,7,0.52,0.961,0.8144,NA,NA,NA,0,0,0,0,23.2939,21.4526,45.9677,322.244,1984,1984,"0.04,0.08,0.12,0.16,0.3,0.47,0.54,0.6",0,1.4142,0.15,0.85,"10,20,30,40,50,60,70,80",61,NA,NA,NA,NA,NA,NA,NA,NA,NA
"SetB_8dose","SetB_8dose_SC8",8,"CRM","crm_alpha_crm",NA,NA,"alpha_crm",0.9,0,0.0714,28,2,1,8,0.56,1,0.8433,NA,NA,NA,0,0,0,0,23.2939,21.4526,45.9677,322.244,1984,1984,"0.04,0.08,0.12,0.16,0.3,0.47,0.54,0.6",0,1.4142,0.15,0.85,"10,20,30,40,50,60,70,80",61,NA,NA,NA,NA,NA,NA,NA,NA,NA
"SetB_8dose","SetB_8dose_SC8",8,"CRM","crm_alpha_crm",NA,NA,"alpha_crm",0.9,0,0.0714,28,3,1,1,0.4,0.4,0.3577,NA,NA,NA,51.1593,20.1759,20.1759,0,23.2863,21.381,46.119,321.5423,1984,1984,"0.04,0.08,0.12,0.16,0.3,0.47,0.54,0.6",0,1.4142,0.15,0.85,"10,20,30,40,50,60,70,80",61,NA,NA,NA,NA,NA,NA,NA,NA,NA
"SetB_8dose","SetB_8dose_SC8",8,"CRM","crm_alpha_crm",NA,NA,"alpha_crm",0.9,0,0.0714,28,3,1,2,0.41,0.77,0.4432,NA,NA,NA,2.0161,2.5222,2.5222,1.6053,23.2863,21.381,46.119,321.5423,1984,1984,"0.04,0.08,0.12,0.16,0.3,0.47,0.54,0.6",0,1.4142,0.15,0.85,"10,20,30,40,50,60,70,80",61,NA,NA,NA,NA,NA,NA,NA,NA,NA
"SetB_8dose","SetB_8dose_SC8",8,"CRM","crm_alpha_crm",NA,NA,"alpha_crm",0.9,0,0.0714,28,3,1,3,0.43,0.799,0.5032,NA,NA,NA,0.6048,0.4778,0.4778,0.254,23.2863,21.381,46.119,321.5423,1984,1984,"0.04,0.08,0.12,0.16,0.3,0.47,0.54,0.6",0,1.4142,0.15,0.85,"10,20,30,40,50,60,70,80",61,NA,NA,NA,NA,NA,NA,NA,NA,NA
"SetB_8dose","SetB_8dose_SC8",8,"CRM","crm_alpha_crm",NA,NA,"alpha_crm",0.9,0,0.0714,28,3,1,4,0.45,0.837,0.5511,NA,NA,NA,0.1008,0.1013,0.1013,0.0368,23.2863,21.381,46.119,321.5423,1984,1984,"0.04,0.08,0.12,0.16,0.3,0.47,0.54,0.6",0,1.4142,0.15,0.85,"10,20,30,40,50,60,70,80",61,NA,NA,NA,NA,NA,NA,NA,NA,NA
"SetB_8dose","SetB_8dose_SC8",8,"CRM","crm_alpha_crm",NA,NA,"alpha_crm",0.9,0,0.0714,28,3,1,5,0.47,0.875,0.6738,NA,NA,NA,0,0.0091,0.0091,0.0091,23.2863,21.381,46.119,321.5423,1984,1984,"0.04,0.08,0.12,0.16,0.3,0.47,0.54,0.6",0,1.4142,0.15,0.85,"10,20,30,40,50,60,70,80",61,NA,NA,NA,NA,NA,NA,NA,NA,NA
"SetB_8dose","SetB_8dose_SC8",8,"CRM","crm_alpha_crm",NA,NA,"alpha_crm",0.9,0,0.0714,28,3,1,6,0.49,0.913,0.7794,NA,NA,NA,0,0,0,0,23.2863,21.381,46.119,321.5423,1984,1984,"0.04,0.08,0.12,0.16,0.3,0.47,0.54,0.6",0,1.4142,0.15,0.85,"10,20,30,40,50,60,70,80",61,NA,NA,NA,NA,NA,NA,NA,NA,NA
"SetB_8dose","SetB_8dose_SC8",8,"CRM","crm_alpha_crm",NA,NA,"alpha_crm",0.9,0,0.0714,28,3,1,7,0.52,0.961,0.8156,NA,NA,NA,0,0,0,0,23.2863,21.381,46.119,321.5423,1984,1984,"0.04,0.08,0.12,0.16,0.3,0.47,0.54,0.6",0,1.4142,0.15,0.85,"10,20,30,40,50,60,70,80",61,NA,NA,NA,NA,NA,NA,NA,NA,NA
"SetB_8dose","SetB_8dose_SC8",8,"CRM","crm_alpha_crm",NA,NA,"alpha_crm",0.9,0,0.0714,28,3,1,8,0.56,1,0.8444,NA,NA,NA,0,0,0,0,23.2863,21.381,46.119,321.5423,1984,1984,"0.04,0.08,0.12,0.16,0.3,0.47,0.54,0.6",0,1.4142,0.15,0.85,"10,20,30,40,50,60,70,80",61,NA,NA,NA,NA,NA,NA,NA,NA,NA
