"Task_ID","Scenario","Source_Scenario","Scenario_Group","Scenario_Attempt","True_MTD","True_OBD","Target_Toxicity","Allocation","Nmax","Sample_Size","N_s1","N_s2","Model","Model_ID","CRM_r_Model","CRM_Prior_a","CRM_Prior_b","Efficacy_Model","Efficacy_Prior_a","Efficacy_Prior_b","Efficacy_Carryover_Prior_a","Efficacy_Carryover_Prior_b","Efficacy_Additive_Alpha_Prior_a","Efficacy_Additive_Alpha_Prior_b","Utility_Type","Lambda_T","m_U","Enrollment_Scheme","Arrival_Rate","T_assess","Cycle_Max","IPDE_Design","Flexible_IPDE","Toxicity_IPDE_Alpha","Efficacy_IPDE_Alpha","Dose","True_DLT_rate","True_Efficacy_rate","Estimated_CRM_pj","Estimated_Efficacy","Estimated_Utility","r_hat","r_cap","r_use","MTD_Selection_pct","OBD_Selection_pct","Pts_Treated","Unique_Pts_by_Dose","IPDE_Doses","Total_Administrations","Total_Unique_Patients","Early_Stopping_pct","Design_Early_Stopping_pct","No_OBD_Selection_pct","Duration","n_valid","ntrial_from_files"
1,1,1,"base_example",1,1,1,0.3,"two_stage",30,30,6,30,"CRM","random_carryoever","random",0.15,0.85,"dose_specific_carryover",0.5,0.5,0.15,0.85,0.15,0.85,2,0.3,6,"continuous",0.0179,28,1,1,1,0,0,1,0.3,0.05,0.3285,0.0781,-0.0205,0.1369,NA,NA,59.6,29.6,15.42,15.42,0,22.581,22.581,13.5,13.6,58.1,1247.0201,1000,1000
1,1,1,"base_example",1,1,1,0.3,"two_stage",30,30,6,30,"CRM","random_carryoever","random",0.15,0.85,"dose_specific_carryover",0.5,0.5,0.15,0.85,0.15,0.85,2,0.3,6,"continuous",0.0179,28,1,1,1,0,0,2,0.35,0.06,0.3824,0.3165,0.2017,0.1369,NA,NA,16.6,10.2,3.858,3.858,0,22.581,22.581,13.5,13.6,58.1,1247.0201,1000,1000
1,1,1,"base_example",1,1,1,0.3,"two_stage",30,30,6,30,"CRM","random_carryoever","random",0.15,0.85,"dose_specific_carryover",0.5,0.5,0.15,0.85,0.15,0.85,2,0.3,6,"continuous",0.0179,28,1,1,1,0,0,3,0.4,0.07,0.4785,0.3831,0.2396,0.1369,NA,NA,7,1.5,2.154,2.154,0,22.581,22.581,13.5,13.6,58.1,1247.0201,1000,1000
1,1,1,"base_example",1,1,1,0.3,"two_stage",30,30,6,30,"CRM","random_carryoever","random",0.15,0.85,"dose_specific_carryover",0.5,0.5,0.15,0.85,0.15,0.85,2,0.3,6,"continuous",0.0179,28,1,1,1,0,0,4,0.45,0.08,0.5226,0.4512,0.2944,0.1369,NA,NA,2.6,0.4,0.867,0.867,0,22.581,22.581,13.5,13.6,58.1,1247.0201,1000,1000
1,1,1,"base_example",1,1,1,0.3,"two_stage",30,30,6,30,"CRM","random_carryoever","random",0.15,0.85,"dose_specific_carryover",0.5,0.5,0.15,0.85,0.15,0.85,2,0.3,6,"continuous",0.0179,28,1,1,1,0,0,5,0.5,0.09,0.6056,0.4837,0.3021,0.1369,NA,NA,0.7,0.2,0.282,0.282,0,22.581,22.581,13.5,13.6,58.1,1247.0201,1000,1000
2,2,2,"base_example",1,3,3,0.3,"two_stage",30,30,6,30,"CRM","random_carryoever","random",0.15,0.85,"dose_specific_carryover",0.5,0.5,0.15,0.85,0.15,0.85,2,0.3,6,"continuous",0.0179,28,1,1,1,0,0,1,0.15,0.2,0.1632,0.2263,0.1774,0.1381,NA,NA,22.3,36.2,11.538,11.538,0,29.718,29.718,0.5,0.5,1.8,1648.6421,1000,1000
2,2,2,"base_example",1,3,3,0.3,"two_stage",30,30,6,30,"CRM","random_carryoever","random",0.15,0.85,"dose_specific_carryover",0.5,0.5,0.15,0.85,0.15,0.85,2,0.3,6,"continuous",0.0179,28,1,1,1,0,0,2,0.2,0.25,0.2101,0.3155,0.2525,0.1381,NA,NA,19.1,16.3,5.229,5.229,0,29.718,29.718,0.5,0.5,1.8,1648.6421,1000,1000
2,2,2,"base_example",1,3,3,0.3,"two_stage",30,30,6,30,"CRM","random_carryoever","random",0.15,0.85,"dose_specific_carryover",0.5,0.5,0.15,0.85,0.15,0.85,2,0.3,6,"continuous",0.0179,28,1,1,1,0,0,3,0.3,0.5,0.3037,0.4772,0.386,0.1381,NA,NA,30.5,32.4,7.176,7.176,0,29.718,29.718,0.5,0.5,1.8,1648.6421,1000,1000
2,2,2,"base_example",1,3,3,0.3,"two_stage",30,30,6,30,"CRM","random_carryoever","random",0.15,0.85,"dose_specific_carryover",0.5,0.5,0.15,0.85,0.15,0.85,2,0.3,6,"continuous",0.0179,28,1,1,1,0,0,4,0.35,0.5,0.3508,0.4878,0.3826,0.1381,NA,NA,18.5,9.7,3.882,3.882,0,29.718,29.718,0.5,0.5,1.8,1648.6421,1000,1000
2,2,2,"base_example",1,3,3,0.3,"two_stage",30,30,6,30,"CRM","random_carryoever","random",0.15,0.85,"dose_specific_carryover",0.5,0.5,0.15,0.85,0.15,0.85,2,0.3,6,"continuous",0.0179,28,1,1,1,0,0,5,0.45,0.5,0.4459,0.5005,0.3667,0.1381,NA,NA,9.1,3.6,1.893,1.893,0,29.718,29.718,0.5,0.5,1.8,1648.6421,1000,1000
3,3,3,"base_example",1,3,2,0.3,"two_stage",30,30,6,30,"CRM","random_carryoever","random",0.15,0.85,"dose_specific_carryover",0.5,0.5,0.15,0.85,0.15,0.85,2,0.3,6,"continuous",0.0179,28,1,1,1,0,0,1,0.15,0.1,0.1662,0.1565,0.1067,0.1399,NA,NA,22.3,18.7,9.684,9.684,0,28.878,28.878,0.5,0.5,10.3,1603.141,1000,1000
3,3,3,"base_example",1,3,2,0.3,"two_stage",30,30,6,30,"CRM","random_carryoever","random",0.15,0.85,"dose_specific_carryover",0.5,0.5,0.15,0.85,0.15,0.85,2,0.3,6,"continuous",0.0179,28,1,1,1,0,0,2,0.2,0.4,0.2133,0.3975,0.3335,0.1399,NA,NA,18.9,40,7.596,7.596,0,28.878,28.878,0.5,0.5,10.3,1603.141,1000,1000
3,3,3,"base_example",1,3,2,0.3,"two_stage",30,30,6,30,"CRM","random_carryoever","random",0.15,0.85,"dose_specific_carryover",0.5,0.5,0.15,0.85,0.15,0.85,2,0.3,6,"continuous",0.0179,28,1,1,1,0,0,3,0.3,0.4,0.307,0.4171,0.325,0.1399,NA,NA,30.4,21,6.183,6.183,0,28.878,28.878,0.5,0.5,10.3,1603.141,1000,1000
3,3,3,"base_example",1,3,2,0.3,"two_stage",30,30,6,30,"CRM","random_carryoever","random",0.15,0.85,"dose_specific_carryover",0.5,0.5,0.15,0.85,0.15,0.85,2,0.3,6,"continuous",0.0179,28,1,1,1,0,0,4,0.35,0.4,0.354,0.4511,0.3449,0.1399,NA,NA,19,7.6,3.618,3.618,0,28.878,28.878,0.5,0.5,10.3,1603.141,1000,1000
3,3,3,"base_example",1,3,2,0.3,"two_stage",30,30,6,30,"CRM","random_carryoever","random",0.15,0.85,"dose_specific_carryover",0.5,0.5,0.15,0.85,0.15,0.85,2,0.3,6,"continuous",0.0179,28,1,1,1,0,0,5,0.45,0.4,0.4489,0.4756,0.341,0.1399,NA,NA,8.9,2.4,1.797,1.797,0,28.878,28.878,0.5,0.5,10.3,1603.141,1000,1000
4,4,4,"base_example",1,4,4,0.3,"two_stage",30,30,6,30,"CRM","random_carryoever","random",0.15,0.85,"dose_specific_carryover",0.5,0.5,0.15,0.85,0.15,0.85,2,0.3,6,"continuous",0.0179,28,1,1,1,0,0,1,0.05,0.05,0.1016,0.1435,0.113,0.1363,NA,NA,2,7.4,4.527,4.527,0,29.73,29.73,0,0,1.9,1648.5233,1000,1000
4,4,4,"base_example",1,4,4,0.3,"two_stage",30,30,6,30,"CRM","random_carryoever","random",0.15,0.85,"dose_specific_carryover",0.5,0.5,0.15,0.85,0.15,0.85,2,0.3,6,"continuous",0.0179,28,1,1,1,0,0,2,0.1,0.1,0.1397,0.1804,0.1385,0.1363,NA,NA,3,7.6,4.329,4.329,0,29.73,29.73,0,0,1.9,1648.5233,1000,1000
4,4,4,"base_example",1,4,4,0.3,"two_stage",30,30,6,30,"CRM","random_carryoever","random",0.15,0.85,"dose_specific_carryover",0.5,0.5,0.15,0.85,0.15,0.85,2,0.3,6,"continuous",0.0179,28,1,1,1,0,0,3,0.18,0.25,0.2221,0.2706,0.204,0.1363,NA,NA,21.2,21,6.717,6.717,0,29.73,29.73,0,0,1.9,1648.5233,1000,1000
4,4,4,"base_example",1,4,4,0.3,"two_stage",30,30,6,30,"CRM","random_carryoever","random",0.15,0.85,"dose_specific_carryover",0.5,0.5,0.15,0.85,0.15,0.85,2,0.3,6,"continuous",0.0179,28,1,1,1,0,0,4,0.3,0.5,0.2662,0.4776,0.3977,0.1363,NA,NA,39.7,44.4,8.085,8.085,0,29.73,29.73,0,0,1.9,1648.5233,1000,1000
4,4,4,"base_example",1,4,4,0.3,"two_stage",30,30,6,30,"CRM","random_carryoever","random",0.15,0.85,"dose_specific_carryover",0.5,0.5,0.15,0.85,0.15,0.85,2,0.3,6,"continuous",0.0179,28,1,1,1,0,0,5,0.4,0.55,0.36,0.5114,0.4034,0.1363,NA,NA,34.1,17.7,6.072,6.072,0,29.73,29.73,0,0,1.9,1648.5233,1000,1000
5,5,5,"base_example",1,5,2,0.3,"two_stage",30,30,6,30,"CRM","random_carryoever","random",0.15,0.85,"dose_specific_carryover",0.5,0.5,0.15,0.85,0.15,0.85,2,0.3,6,"continuous",0.0179,28,1,1,1,0,0,1,0.07,0.05,0.0856,0.1391,0.1134,0.1364,NA,NA,5.4,4.4,4.911,4.911,0,29.415,29.415,0.1,0.1,4.3,1631.3699,1000,1000
5,5,5,"base_example",1,5,2,0.3,"two_stage",30,30,6,30,"CRM","random_carryoever","random",0.15,0.85,"dose_specific_carryover",0.5,0.5,0.15,0.85,0.15,0.85,2,0.3,6,"continuous",0.0179,28,1,1,1,0,0,2,0.12,0.3,0.1192,0.3021,0.2664,0.1364,NA,NA,3.5,38,6.714,6.714,0,29.415,29.415,0.1,0.1,4.3,1631.3699,1000,1000
5,5,5,"base_example",1,5,2,0.3,"two_stage",30,30,6,30,"CRM","random_carryoever","random",0.15,0.85,"dose_specific_carryover",0.5,0.5,0.15,0.85,0.15,0.85,2,0.3,6,"continuous",0.0179,28,1,1,1,0,0,3,0.17,0.3,0.1943,0.3035,0.2452,0.1364,NA,NA,13.4,24.9,6.573,6.573,0,29.415,29.415,0.1,0.1,4.3,1631.3699,1000,1000
5,5,5,"base_example",1,5,2,0.3,"two_stage",30,30,6,30,"CRM","random_carryoever","random",0.15,0.85,"dose_specific_carryover",0.5,0.5,0.15,0.85,0.15,0.85,2,0.3,6,"continuous",0.0179,28,1,1,1,0,0,4,0.22,0.3,0.2356,0.3363,0.2656,0.1364,NA,NA,23.2,19.3,5.904,5.904,0,29.415,29.415,0.1,0.1,4.3,1631.3699,1000,1000
5,5,5,"base_example",1,5,2,0.3,"two_stage",30,30,6,30,"CRM","random_carryoever","random",0.15,0.85,"dose_specific_carryover",0.5,0.5,0.15,0.85,0.15,0.85,2,0.3,6,"continuous",0.0179,28,1,1,1,0,0,5,0.3,0.3,0.3256,0.3731,0.2754,0.1364,NA,NA,54.4,9.1,5.313,5.313,0,29.415,29.415,0.1,0.1,4.3,1631.3699,1000,1000
6,6,1,"five_scenarios_txt",1,1,1,0.3,"two_stage",30,30,6,30,"CRM","random_carryoever","random",0.15,0.85,"dose_specific_carryover",0.5,0.5,0.15,0.85,0.15,0.85,2,0.3,6,"continuous",0.0179,28,1,1,1,0,0,1,0.29,0.3,0.3106,0.3059,0.2127,0.136,NA,NA,56.1,68.4,19.512,19.512,0,27.501,27.501,13.1,13.4,13.8,1527.826,1000,1000
6,6,1,"five_scenarios_txt",1,1,1,0.3,"two_stage",30,30,6,30,"CRM","random_carryoever","random",0.15,0.85,"dose_specific_carryover",0.5,0.5,0.15,0.85,0.15,0.85,2,0.3,6,"continuous",0.0179,28,1,1,1,0,0,2,0.34,0.32,0.3648,0.4109,0.3015,0.136,NA,NA,17.8,12.5,4.047,4.047,0,27.501,27.501,13.1,13.4,13.8,1527.826,1000,1000
6,6,1,"five_scenarios_txt",1,1,1,0.3,"two_stage",30,30,6,30,"CRM","random_carryoever","random",0.15,0.85,"dose_specific_carryover",0.5,0.5,0.15,0.85,0.15,0.85,2,0.3,6,"continuous",0.0179,28,1,1,1,0,0,3,0.38,0.35,0.4619,0.4495,0.3109,0.136,NA,NA,8.6,3.8,2.505,2.505,0,27.501,27.501,13.1,13.4,13.8,1527.826,1000,1000
6,6,1,"five_scenarios_txt",1,1,1,0.3,"two_stage",30,30,6,30,"CRM","random_carryoever","random",0.15,0.85,"dose_specific_carryover",0.5,0.5,0.15,0.85,0.15,0.85,2,0.3,6,"continuous",0.0179,28,1,1,1,0,0,4,0.43,0.38,0.5068,0.4806,0.3286,0.136,NA,NA,3.6,1,1.074,1.074,0,27.501,27.501,13.1,13.4,13.8,1527.826,1000,1000
6,6,1,"five_scenarios_txt",1,1,1,0.3,"two_stage",30,30,6,30,"CRM","random_carryoever","random",0.15,0.85,"dose_specific_carryover",0.5,0.5,0.15,0.85,0.15,0.85,2,0.3,6,"continuous",0.0179,28,1,1,1,0,0,5,0.52,0.4,0.5917,0.4963,0.3188,0.136,NA,NA,0.8,0.5,0.363,0.363,0,27.501,27.501,13.1,13.4,13.8,1527.826,1000,1000
7,7,2,"five_scenarios_txt",1,4,2,0.3,"two_stage",30,30,6,30,"CRM","random_carryoever","random",0.15,0.85,"dose_specific_carryover",0.5,0.5,0.15,0.85,0.15,0.85,2,0.3,6,"continuous",0.0179,28,1,1,1,0,0,1,0.16,0.2,0.1546,0.2366,0.1902,0.139,NA,NA,22.8,27,10.761,10.761,0,29.643,29.643,0.7,0.7,2.3,1644.4272,1000,1000
7,7,2,"five_scenarios_txt",1,4,2,0.3,"two_stage",30,30,6,30,"CRM","random_carryoever","random",0.15,0.85,"dose_specific_carryover",0.5,0.5,0.15,0.85,0.15,0.85,2,0.3,6,"continuous",0.0179,28,1,1,1,0,0,2,0.2,0.5,0.1996,0.4728,0.4129,0.139,NA,NA,15.6,36.9,7.251,7.251,0,29.643,29.643,0.7,0.7,2.3,1644.4272,1000,1000
7,7,2,"five_scenarios_txt",1,4,2,0.3,"two_stage",30,30,6,30,"CRM","random_carryoever","random",0.15,0.85,"dose_specific_carryover",0.5,0.5,0.15,0.85,0.15,0.85,2,0.3,6,"continuous",0.0179,28,1,1,1,0,0,3,0.26,0.5,0.2905,0.4761,0.3889,0.139,NA,NA,23.7,20.5,5.595,5.595,0,29.643,29.643,0.7,0.7,2.3,1644.4272,1000,1000
7,7,2,"five_scenarios_txt",1,4,2,0.3,"two_stage",30,30,6,30,"CRM","random_carryoever","random",0.15,0.85,"dose_specific_carryover",0.5,0.5,0.15,0.85,0.15,0.85,2,0.3,6,"continuous",0.0179,28,1,1,1,0,0,4,0.31,0.5,0.3367,0.4828,0.3818,0.139,NA,NA,21.1,9.8,3.726,3.726,0,29.643,29.643,0.7,0.7,2.3,1644.4272,1000,1000
7,7,2,"five_scenarios_txt",1,4,2,0.3,"two_stage",30,30,6,30,"CRM","random_carryoever","random",0.15,0.85,"dose_specific_carryover",0.5,0.5,0.15,0.85,0.15,0.85,2,0.3,6,"continuous",0.0179,28,1,1,1,0,0,5,0.36,0.5,0.4308,0.4906,0.3613,0.139,NA,NA,16.1,3.5,2.31,2.31,0,29.643,29.643,0.7,0.7,2.3,1644.4272,1000,1000
8,8,3,"five_scenarios_txt",1,1,1,0.3,"two_stage",30,30,6,30,"CRM","random_carryoever","random",0.15,0.85,"dose_specific_carryover",0.5,0.5,0.15,0.85,0.15,0.85,2,0.3,6,"continuous",0.0179,28,1,1,1,0,0,1,0.32,0.1,0.3499,0.1189,0.0139,0.1358,NA,NA,62.8,42.5,17.385,17.385,0,23.955,23.955,17.5,18.1,44.7,1324.6877,1000,1000
8,8,3,"five_scenarios_txt",1,1,1,0.3,"two_stage",30,30,6,30,"CRM","random_carryoever","random",0.15,0.85,"dose_specific_carryover",0.5,0.5,0.15,0.85,0.15,0.85,2,0.3,6,"continuous",0.0179,28,1,1,1,0,0,2,0.37,0.15,0.4042,0.3688,0.2476,0.1358,NA,NA,12.3,9.4,3.696,3.696,0,23.955,23.955,17.5,18.1,44.7,1324.6877,1000,1000
8,8,3,"five_scenarios_txt",1,1,1,0.3,"two_stage",30,30,6,30,"CRM","random_carryoever","random",0.15,0.85,"dose_specific_carryover",0.5,0.5,0.15,0.85,0.15,0.85,2,0.3,6,"continuous",0.0179,28,1,1,1,0,0,3,0.42,0.2,0.4995,0.4274,0.2776,0.1358,NA,NA,4.9,1.9,1.869,1.869,0,23.955,23.955,17.5,18.1,44.7,1324.6877,1000,1000
8,8,3,"five_scenarios_txt",1,1,1,0.3,"two_stage",30,30,6,30,"CRM","random_carryoever","random",0.15,0.85,"dose_specific_carryover",0.5,0.5,0.15,0.85,0.15,0.85,2,0.3,6,"continuous",0.0179,28,1,1,1,0,0,4,0.48,0.3,0.5429,0.4806,0.3177,0.1358,NA,NA,2.1,1.2,0.789,0.789,0,23.955,23.955,17.5,18.1,44.7,1324.6877,1000,1000
8,8,3,"five_scenarios_txt",1,1,1,0.3,"two_stage",30,30,6,30,"CRM","random_carryoever","random",0.15,0.85,"dose_specific_carryover",0.5,0.5,0.15,0.85,0.15,0.85,2,0.3,6,"continuous",0.0179,28,1,1,1,0,0,5,0.52,0.4,0.624,0.496,0.3088,0.1358,NA,NA,0.4,0.3,0.216,0.216,0,23.955,23.955,17.5,18.1,44.7,1324.6877,1000,1000
9,9,4,"five_scenarios_txt",1,5,5,0.3,"two_stage",30,30,6,30,"CRM","random_carryoever","random",0.15,0.85,"dose_specific_carryover",0.5,0.5,0.15,0.85,0.15,0.85,2,0.3,6,"continuous",0.0179,28,1,1,1,0,0,1,0.15,0.05,0.1356,0.1156,0.0749,0.1367,NA,NA,22.2,14.7,8.874,8.874,0,27.723,27.723,0.5,0.5,19.5,1540.6805,1000,1000
9,9,4,"five_scenarios_txt",1,5,5,0.3,"two_stage",30,30,6,30,"CRM","random_carryoever","random",0.15,0.85,"dose_specific_carryover",0.5,0.5,0.15,0.85,0.15,0.85,2,0.3,6,"continuous",0.0179,28,1,1,1,0,0,2,0.18,0.08,0.1764,0.2164,0.1635,0.1367,NA,NA,9.9,10.8,4.395,4.395,0,27.723,27.723,0.5,0.5,19.5,1540.6805,1000,1000
9,9,4,"five_scenarios_txt",1,5,5,0.3,"two_stage",30,30,6,30,"CRM","random_carryoever","random",0.15,0.85,"dose_specific_carryover",0.5,0.5,0.15,0.85,0.15,0.85,2,0.3,6,"continuous",0.0179,28,1,1,1,0,0,3,0.22,0.2,0.261,0.2964,0.2181,0.1367,NA,NA,17.4,18,5.583,5.583,0,27.723,27.723,0.5,0.5,19.5,1540.6805,1000,1000
9,9,4,"five_scenarios_txt",1,5,5,0.3,"two_stage",30,30,6,30,"CRM","random_carryoever","random",0.15,0.85,"dose_specific_carryover",0.5,0.5,0.15,0.85,0.15,0.85,2,0.3,6,"continuous",0.0179,28,1,1,1,0,0,4,0.26,0.25,0.3051,0.3659,0.2744,0.1367,NA,NA,17.8,12.9,4.116,4.116,0,27.723,27.723,0.5,0.5,19.5,1540.6805,1000,1000
9,9,4,"five_scenarios_txt",1,5,5,0.3,"two_stage",30,30,6,30,"CRM","random_carryoever","random",0.15,0.85,"dose_specific_carryover",0.5,0.5,0.15,0.85,0.15,0.85,2,0.3,6,"continuous",0.0179,28,1,1,1,0,0,5,0.29,0.5,0.3969,0.4898,0.3708,0.1367,NA,NA,32.2,24.1,4.755,4.755,0,27.723,27.723,0.5,0.5,19.5,1540.6805,1000,1000
10,10,5,"five_scenarios_txt",1,2,2,0.3,"two_stage",30,30,6,30,"CRM","random_carryoever","random",0.15,0.85,"dose_specific_carryover",0.5,0.5,0.15,0.85,0.15,0.85,2,0.3,6,"continuous",0.0179,28,1,1,1,0,0,1,0.23,0.05,0.242,0.1044,0.0318,0.1364,NA,NA,44.8,11.9,11.817,11.817,0,25.032,25.032,4.4,4.4,39.9,1386.7542,1000,1000
10,10,5,"five_scenarios_txt",1,2,2,0.3,"two_stage",30,30,6,30,"CRM","random_carryoever","random",0.15,0.85,"dose_specific_carryover",0.5,0.5,0.15,0.85,0.15,0.85,2,0.3,6,"continuous",0.0179,28,1,1,1,0,0,2,0.28,0.4,0.2934,0.4297,0.3417,0.1364,NA,NA,20.4,30.8,6.039,6.039,0,25.032,25.032,4.4,4.4,39.9,1386.7542,1000,1000
10,10,5,"five_scenarios_txt",1,2,2,0.3,"two_stage",30,30,6,30,"CRM","random_carryoever","random",0.15,0.85,"dose_specific_carryover",0.5,0.5,0.15,0.85,0.15,0.85,2,0.3,6,"continuous",0.0179,28,1,1,1,0,0,3,0.32,0.42,0.3897,0.4586,0.3417,0.1364,NA,NA,16.4,12,4.029,4.029,0,25.032,25.032,4.4,4.4,39.9,1386.7542,1000,1000
10,10,5,"five_scenarios_txt",1,2,2,0.3,"two_stage",30,30,6,30,"CRM","random_carryoever","random",0.15,0.85,"dose_specific_carryover",0.5,0.5,0.15,0.85,0.15,0.85,2,0.3,6,"continuous",0.0179,28,1,1,1,0,0,4,0.39,0.45,0.4359,0.4776,0.3468,0.1364,NA,NA,9.5,3.6,2.145,2.145,0,25.032,25.032,4.4,4.4,39.9,1386.7542,1000,1000
10,10,5,"five_scenarios_txt",1,2,2,0.3,"two_stage",30,30,6,30,"CRM","random_carryoever","random",0.15,0.85,"dose_specific_carryover",0.5,0.5,0.15,0.85,0.15,0.85,2,0.3,6,"continuous",0.0179,28,1,1,1,0,0,5,0.43,0.5,0.5259,0.4967,0.3389,0.1364,NA,NA,4.5,1.8,1.002,1.002,0,25.032,25.032,4.4,4.4,39.9,1386.7542,1000,1000
11,11,1,"five_scenarios_txt",1,2,1,0.3,"two_stage",30,30,6,30,"CRM","random_carryoever","random",0.15,0.85,"dose_specific_carryover",0.5,0.5,0.15,0.85,0.15,0.85,2,0.3,6,"continuous",0.0179,28,1,1,1,0,0,1,0.22,0.2,0.2568,0.2059,0.1289,0.138,NA,NA,47.2,66.8,18.465,18.465,0,28.923,28.923,4,4,7.1,1605.3859,1000,1000
11,11,1,"five_scenarios_txt",1,2,1,0.3,"two_stage",30,30,6,30,"CRM","random_carryoever","random",0.15,0.85,"dose_specific_carryover",0.5,0.5,0.15,0.85,0.15,0.85,2,0.3,6,"continuous",0.0179,28,1,1,1,0,0,2,0.32,0.2,0.3112,0.3225,0.2291,0.138,NA,NA,33.9,20.9,5.865,5.865,0,28.923,28.923,4,4,7.1,1605.3859,1000,1000
11,11,1,"five_scenarios_txt",1,2,1,0.3,"two_stage",30,30,6,30,"CRM","random_carryoever","random",0.15,0.85,"dose_specific_carryover",0.5,0.5,0.15,0.85,0.15,0.85,2,0.3,6,"continuous",0.0179,28,1,1,1,0,0,3,0.44,0.2,0.4113,0.3777,0.2543,0.138,NA,NA,12.6,4.3,3.498,3.498,0,28.923,28.923,4,4,7.1,1605.3859,1000,1000
11,11,1,"five_scenarios_txt",1,2,1,0.3,"two_stage",30,30,6,30,"CRM","random_carryoever","random",0.15,0.85,"dose_specific_carryover",0.5,0.5,0.15,0.85,0.15,0.85,2,0.3,6,"continuous",0.0179,28,1,1,1,0,0,4,0.59,0.2,0.4586,0.4537,0.3161,0.138,NA,NA,2.3,0.9,0.966,0.966,0,28.923,28.923,4,4,7.1,1605.3859,1000,1000
11,11,1,"five_scenarios_txt",1,2,1,0.3,"two_stage",30,30,6,30,"CRM","random_carryoever","random",0.15,0.85,"dose_specific_carryover",0.5,0.5,0.15,0.85,0.15,0.85,2,0.3,6,"continuous",0.0179,28,1,1,1,0,0,5,0.67,0.2,0.5492,0.4929,0.3281,0.138,NA,NA,0,0,0.129,0.129,0,28.923,28.923,4,4,7.1,1605.3859,1000,1000
12,12,2,"five_scenarios_txt",3,4,4,0.3,"two_stage",30,30,6,30,"CRM","random_carryoever","random",0.15,0.85,"dose_specific_carryover",0.5,0.5,0.15,0.85,0.15,0.85,2,0.3,6,"continuous",0.0179,28,1,1,1,0,0,1,0.06,0.05,0.1053,0.1382,0.1066,0.1384,NA,NA,3.7,15,5.052,5.052,0,29.55,29.55,0.1,0.1,3.3,1638.3964,1000,1000
12,12,2,"five_scenarios_txt",3,4,4,0.3,"two_stage",30,30,6,30,"CRM","random_carryoever","random",0.15,0.85,"dose_specific_carryover",0.5,0.5,0.15,0.85,0.15,0.85,2,0.3,6,"continuous",0.0179,28,1,1,1,0,0,2,0.09,0.1,0.1442,0.1811,0.1379,0.1384,NA,NA,2.6,14.2,4.8,4.8,0,29.55,29.55,0.1,0.1,3.3,1638.3964,1000,1000
12,12,2,"five_scenarios_txt",3,4,4,0.3,"two_stage",30,30,6,30,"CRM","random_carryoever","random",0.15,0.85,"dose_specific_carryover",0.5,0.5,0.15,0.85,0.15,0.85,2,0.3,6,"continuous",0.0179,28,1,1,1,0,0,3,0.18,0.12,0.2277,0.1877,0.1194,0.1384,NA,NA,21.4,9.2,5.403,5.403,0,29.55,29.55,0.1,0.1,3.3,1638.3964,1000,1000
12,12,2,"five_scenarios_txt",3,4,4,0.3,"two_stage",30,30,6,30,"CRM","random_carryoever","random",0.15,0.85,"dose_specific_carryover",0.5,0.5,0.15,0.85,0.15,0.85,2,0.3,6,"continuous",0.0179,28,1,1,1,0,0,4,0.29,0.4,0.2723,0.4043,0.3226,0.1384,NA,NA,43.3,36.5,7.539,7.539,0,29.55,29.55,0.1,0.1,3.3,1638.3964,1000,1000
12,12,2,"five_scenarios_txt",3,4,4,0.3,"two_stage",30,30,6,30,"CRM","random_carryoever","random",0.15,0.85,"dose_specific_carryover",0.5,0.5,0.15,0.85,0.15,0.85,2,0.3,6,"continuous",0.0179,28,1,1,1,0,0,5,0.44,0.6,0.3667,0.5482,0.4382,0.1384,NA,NA,28.9,21.8,6.756,6.756,0,29.55,29.55,0.1,0.1,3.3,1638.3964,1000,1000
13,13,3,"five_scenarios_txt",1,3,3,0.3,"two_stage",30,30,6,30,"CRM","random_carryoever","random",0.15,0.85,"dose_specific_carryover",0.5,0.5,0.15,0.85,0.15,0.85,2,0.3,6,"continuous",0.0179,28,1,1,1,0,0,1,0.21,0.05,0.227,0.103,0.0349,0.1387,NA,NA,41.4,14.1,11.427,11.427,0,25.662,25.662,2.9,2.9,34.9,1421.8599,1000,1000
13,13,3,"five_scenarios_txt",1,3,3,0.3,"two_stage",30,30,6,30,"CRM","random_carryoever","random",0.15,0.85,"dose_specific_carryover",0.5,0.5,0.15,0.85,0.15,0.85,2,0.3,6,"continuous",0.0179,28,1,1,1,0,0,2,0.29,0.3,0.2781,0.3686,0.2852,0.1387,NA,NA,21.4,31.1,6.357,6.357,0,25.662,25.662,2.9,2.9,34.9,1421.8599,1000,1000
13,13,3,"five_scenarios_txt",1,3,3,0.3,"two_stage",30,30,6,30,"CRM","random_carryoever","random",0.15,0.85,"dose_specific_carryover",0.5,0.5,0.15,0.85,0.15,0.85,2,0.3,6,"continuous",0.0179,28,1,1,1,0,0,3,0.3,0.32,0.3747,0.4165,0.3041,0.1387,NA,NA,19.5,13.8,4.461,4.461,0,25.662,25.662,2.9,2.9,34.9,1421.8599,1000,1000
13,13,3,"five_scenarios_txt",1,3,3,0.3,"two_stage",30,30,6,30,"CRM","random_carryoever","random",0.15,0.85,"dose_specific_carryover",0.5,0.5,0.15,0.85,0.15,0.85,2,0.3,6,"continuous",0.0179,28,1,1,1,0,0,4,0.39,0.35,0.4214,0.449,0.3226,0.1387,NA,NA,10.5,4.3,2.361,2.361,0,25.662,25.662,2.9,2.9,34.9,1421.8599,1000,1000
13,13,3,"five_scenarios_txt",1,3,3,0.3,"two_stage",30,30,6,30,"CRM","random_carryoever","random",0.15,0.85,"dose_specific_carryover",0.5,0.5,0.15,0.85,0.15,0.85,2,0.3,6,"continuous",0.0179,28,1,1,1,0,0,5,0.46,0.4,0.5127,0.4848,0.331,0.1387,NA,NA,4.3,1.8,1.056,1.056,0,25.662,25.662,2.9,2.9,34.9,1421.8599,1000,1000
14,14,4,"five_scenarios_txt",1,4,4,0.3,"two_stage",30,30,6,30,"CRM","random_carryoever","random",0.15,0.85,"dose_specific_carryover",0.5,0.5,0.15,0.85,0.15,0.85,2,0.3,6,"continuous",0.0179,28,1,1,1,0,0,1,0.09,0.05,0.1177,0.1232,0.0879,0.1358,NA,NA,8.8,21,6.735,6.735,0,29.064,29.064,0.2,0.2,7.6,1614.0618,1000,1000
14,14,4,"five_scenarios_txt",1,4,4,0.3,"two_stage",30,30,6,30,"CRM","random_carryoever","random",0.15,0.85,"dose_specific_carryover",0.5,0.5,0.15,0.85,0.15,0.85,2,0.3,6,"continuous",0.0179,28,1,1,1,0,0,2,0.15,0.08,0.158,0.1721,0.1247,0.1358,NA,NA,7.2,16,5.445,5.445,0,29.064,29.064,0.2,0.2,7.6,1614.0618,1000,1000
14,14,4,"five_scenarios_txt",1,4,4,0.3,"two_stage",30,30,6,30,"CRM","random_carryoever","random",0.15,0.85,"dose_specific_carryover",0.5,0.5,0.15,0.85,0.15,0.85,2,0.3,6,"continuous",0.0179,28,1,1,1,0,0,3,0.23,0.12,0.2431,0.2013,0.1284,0.1358,NA,NA,25.3,13,5.994,5.994,0,29.064,29.064,0.2,0.2,7.6,1614.0618,1000,1000
14,14,4,"five_scenarios_txt",1,4,4,0.3,"two_stage",30,30,6,30,"CRM","random_carryoever","random",0.15,0.85,"dose_specific_carryover",0.5,0.5,0.15,0.85,0.15,0.85,2,0.3,6,"continuous",0.0179,28,1,1,1,0,0,4,0.28,0.3,0.288,0.3621,0.2757,0.1358,NA,NA,31,27.9,6.153,6.153,0,29.064,29.064,0.2,0.2,7.6,1614.0618,1000,1000
14,14,4,"five_scenarios_txt",1,4,4,0.3,"two_stage",30,30,6,30,"CRM","random_carryoever","random",0.15,0.85,"dose_specific_carryover",0.5,0.5,0.15,0.85,0.15,0.85,2,0.3,6,"continuous",0.0179,28,1,1,1,0,0,5,0.39,0.4,0.382,0.4486,0.334,0.1358,NA,NA,27.5,14.5,4.737,4.737,0,29.064,29.064,0.2,0.2,7.6,1614.0618,1000,1000
15,15,5,"five_scenarios_txt",1,3,1,0.3,"two_stage",30,30,6,30,"CRM","random_carryoever","random",0.15,0.85,"dose_specific_carryover",0.5,0.5,0.15,0.85,0.15,0.85,2,0.3,6,"continuous",0.0179,28,1,1,1,0,0,1,0.13,0.1,0.1624,0.131,0.0822,0.1389,NA,NA,16.8,54,11.892,11.892,0,29.124,29.124,0.4,0.4,7.4,1616.4726,1000,1000
15,15,5,"five_scenarios_txt",1,3,1,0.3,"two_stage",30,30,6,30,"CRM","random_carryoever","random",0.15,0.85,"dose_specific_carryover",0.5,0.5,0.15,0.85,0.15,0.85,2,0.3,6,"continuous",0.0179,28,1,1,1,0,0,2,0.2,0.1,0.2095,0.1854,0.1226,0.1389,NA,NA,21.9,23.5,6.687,6.687,0,29.124,29.124,0.4,0.4,7.4,1616.4726,1000,1000
15,15,5,"five_scenarios_txt",1,3,1,0.3,"two_stage",30,30,6,30,"CRM","random_carryoever","random",0.15,0.85,"dose_specific_carryover",0.5,0.5,0.15,0.85,0.15,0.85,2,0.3,6,"continuous",0.0179,28,1,1,1,0,0,3,0.32,0.1,0.3034,0.223,0.132,0.1389,NA,NA,35,10,5.895,5.895,0,29.124,29.124,0.4,0.4,7.4,1616.4726,1000,1000
15,15,5,"five_scenarios_txt",1,3,1,0.3,"two_stage",30,30,6,30,"CRM","random_carryoever","random",0.15,0.85,"dose_specific_carryover",0.5,0.5,0.15,0.85,0.15,0.85,2,0.3,6,"continuous",0.0179,28,1,1,1,0,0,4,0.39,0.1,0.3505,0.3277,0.2226,0.1389,NA,NA,17.5,4.2,3.231,3.231,0,29.124,29.124,0.4,0.4,7.4,1616.4726,1000,1000
15,15,5,"five_scenarios_txt",1,3,1,0.3,"two_stage",30,30,6,30,"CRM","random_carryoever","random",0.15,0.85,"dose_specific_carryover",0.5,0.5,0.15,0.85,0.15,0.85,2,0.3,6,"continuous",0.0179,28,1,1,1,0,0,5,0.46,0.1,0.4458,0.4219,0.2881,0.1389,NA,NA,8.4,0.9,1.419,1.419,0,29.124,29.124,0.4,0.4,7.4,1616.4726,1000,1000
16,16,1,"five_scenarios_txt",1,5,1,0.3,"two_stage",30,30,6,30,"CRM","random_carryoever","random",0.15,0.85,"dose_specific_carryover",0.5,0.5,0.15,0.85,0.15,0.85,2,0.3,6,"continuous",0.0179,28,1,1,1,0,0,1,0.02,0.2,0.0449,0.2148,0.2013,0.1372,NA,NA,0.7,31.1,5.847,5.847,0,29.985,29.985,0,0,0.1,1663.1428,1000,1000
16,16,1,"five_scenarios_txt",1,5,1,0.3,"two_stage",30,30,6,30,"CRM","random_carryoever","random",0.15,0.85,"dose_specific_carryover",0.5,0.5,0.15,0.85,0.15,0.85,2,0.3,6,"continuous",0.0179,28,1,1,1,0,0,2,0.06,0.2,0.0678,0.2151,0.1948,0.1372,NA,NA,0.6,23.7,5.697,5.697,0,29.985,29.985,0,0,0.1,1663.1428,1000,1000
16,16,1,"five_scenarios_txt",1,5,1,0.3,"two_stage",30,30,6,30,"CRM","random_carryoever","random",0.15,0.85,"dose_specific_carryover",0.5,0.5,0.15,0.85,0.15,0.85,2,0.3,6,"continuous",0.0179,28,1,1,1,0,0,3,0.09,0.2,0.1244,0.2131,0.1758,0.1372,NA,NA,2.6,17.4,5.52,5.52,0,29.985,29.985,0,0,0.1,1663.1428,1000,1000
16,16,1,"five_scenarios_txt",1,5,1,0.3,"two_stage",30,30,6,30,"CRM","random_carryoever","random",0.15,0.85,"dose_specific_carryover",0.5,0.5,0.15,0.85,0.15,0.85,2,0.3,6,"continuous",0.0179,28,1,1,1,0,0,4,0.14,0.2,0.1582,0.2251,0.1776,0.1372,NA,NA,10.6,16.2,5.919,5.919,0,29.985,29.985,0,0,0.1,1663.1428,1000,1000
16,16,1,"five_scenarios_txt",1,5,1,0.3,"two_stage",30,30,6,30,"CRM","random_carryoever","random",0.15,0.85,"dose_specific_carryover",0.5,0.5,0.15,0.85,0.15,0.85,2,0.3,6,"continuous",0.0179,28,1,1,1,0,0,5,0.26,0.2,0.237,0.2494,0.1783,0.1372,NA,NA,85.5,11.5,7.002,7.002,0,29.985,29.985,0,0,0.1,1663.1428,1000,1000
17,17,2,"five_scenarios_txt",1,2,2,0.3,"two_stage",30,30,6,30,"CRM","random_carryoever","random",0.15,0.85,"dose_specific_carryover",0.5,0.5,0.15,0.85,0.15,0.85,2,0.3,6,"continuous",0.0179,28,1,1,1,0,0,1,0.11,0.3,0.1891,0.3106,0.2539,0.1386,NA,NA,15.7,30.4,10.161,10.161,0,29.937,29.937,0.2,0.2,0.3,1660.7389,1000,1000
17,17,2,"five_scenarios_txt",1,2,2,0.3,"two_stage",30,30,6,30,"CRM","random_carryoever","random",0.15,0.85,"dose_specific_carryover",0.5,0.5,0.15,0.85,0.15,0.85,2,0.3,6,"continuous",0.0179,28,1,1,1,0,0,2,0.23,0.5,0.2399,0.4733,0.4013,0.1386,NA,NA,40.8,50.7,9.948,9.948,0,29.937,29.937,0.2,0.2,0.3,1660.7389,1000,1000
17,17,2,"five_scenarios_txt",1,2,2,0.3,"two_stage",30,30,6,30,"CRM","random_carryoever","random",0.15,0.85,"dose_specific_carryover",0.5,0.5,0.15,0.85,0.15,0.85,2,0.3,6,"continuous",0.0179,28,1,1,1,0,0,3,0.39,0.5,0.3384,0.4831,0.3815,0.1386,NA,NA,36.2,16.8,7.2,7.2,0,29.937,29.937,0.2,0.2,0.3,1660.7389,1000,1000
17,17,2,"five_scenarios_txt",1,2,2,0.3,"two_stage",30,30,6,30,"CRM","random_carryoever","random",0.15,0.85,"dose_specific_carryover",0.5,0.5,0.15,0.85,0.15,0.85,2,0.3,6,"continuous",0.0179,28,1,1,1,0,0,4,0.58,0.5,0.3867,0.5018,0.3858,0.1386,NA,NA,6.8,1.7,2.277,2.277,0,29.937,29.937,0.2,0.2,0.3,1660.7389,1000,1000
17,17,2,"five_scenarios_txt",1,2,2,0.3,"two_stage",30,30,6,30,"CRM","random_carryoever","random",0.15,0.85,"dose_specific_carryover",0.5,0.5,0.15,0.85,0.15,0.85,2,0.3,6,"continuous",0.0179,28,1,1,1,0,0,5,0.76,0.5,0.4821,0.5008,0.3562,0.1386,NA,NA,0.3,0.1,0.351,0.351,0,29.937,29.937,0.2,0.2,0.3,1660.7389,1000,1000
18,18,3,"five_scenarios_txt",1,5,5,0.3,"two_stage",30,30,6,30,"CRM","random_carryoever","random",0.15,0.85,"dose_specific_carryover",0.5,0.5,0.15,0.85,0.15,0.85,2,0.3,6,"continuous",0.0179,28,1,1,1,0,0,1,0.02,0.05,0.0664,0.1483,0.1283,0.1393,NA,NA,0.7,10.5,3.744,3.744,0,29.931,29.931,0,0,0.8,1659.7685,1000,1000
18,18,3,"five_scenarios_txt",1,5,5,0.3,"two_stage",30,30,6,30,"CRM","random_carryoever","random",0.15,0.85,"dose_specific_carryover",0.5,0.5,0.15,0.85,0.15,0.85,2,0.3,6,"continuous",0.0179,28,1,1,1,0,0,2,0.04,0.1,0.0964,0.1727,0.1438,0.1393,NA,NA,0.1,8.1,3.954,3.954,0,29.931,29.931,0,0,0.8,1659.7685,1000,1000
18,18,3,"five_scenarios_txt",1,5,5,0.3,"two_stage",30,30,6,30,"CRM","random_carryoever","random",0.15,0.85,"dose_specific_carryover",0.5,0.5,0.15,0.85,0.15,0.85,2,0.3,6,"continuous",0.0179,28,1,1,1,0,0,3,0.1,0.15,0.1663,0.1928,0.1429,0.1393,NA,NA,3.6,10.2,4.752,4.752,0,29.931,29.931,0,0,0.8,1659.7685,1000,1000
18,18,3,"five_scenarios_txt",1,5,5,0.3,"two_stage",30,30,6,30,"CRM","random_carryoever","random",0.15,0.85,"dose_specific_carryover",0.5,0.5,0.15,0.85,0.15,0.85,2,0.3,6,"continuous",0.0179,28,1,1,1,0,0,4,0.2,0.2,0.2059,0.2402,0.1785,0.1393,NA,NA,25.1,14.3,5.853,5.853,0,29.931,29.931,0,0,0.8,1659.7685,1000,1000
18,18,3,"five_scenarios_txt",1,5,5,0.3,"two_stage",30,30,6,30,"CRM","random_carryoever","random",0.15,0.85,"dose_specific_carryover",0.5,0.5,0.15,0.85,0.15,0.85,2,0.3,6,"continuous",0.0179,28,1,1,1,0,0,5,0.35,0.5,0.2944,0.4849,0.3966,0.1393,NA,NA,70.5,56.1,11.628,11.628,0,29.931,29.931,0,0,0.8,1659.7685,1000,1000
19,19,4,"five_scenarios_txt",1,2,2,0.3,"two_stage",30,30,6,30,"CRM","random_carryoever","random",0.15,0.85,"dose_specific_carryover",0.5,0.5,0.15,0.85,0.15,0.85,2,0.3,6,"continuous",0.0179,28,1,1,1,0,0,1,0.11,0.08,0.1999,0.1329,0.073,0.141,NA,NA,18.9,19.5,9.183,9.183,0,28.968,28.968,0.2,0.2,8.7,1608.8922,1000,1000
19,19,4,"five_scenarios_txt",1,2,2,0.3,"two_stage",30,30,6,30,"CRM","random_carryoever","random",0.15,0.85,"dose_specific_carryover",0.5,0.5,0.15,0.85,0.15,0.85,2,0.3,6,"continuous",0.0179,28,1,1,1,0,0,2,0.26,0.3,0.2516,0.3199,0.2444,0.141,NA,NA,44.4,54.5,10.5,10.5,0,28.968,28.968,0.2,0.2,8.7,1608.8922,1000,1000
19,19,4,"five_scenarios_txt",1,2,2,0.3,"two_stage",30,30,6,30,"CRM","random_carryoever","random",0.15,0.85,"dose_specific_carryover",0.5,0.5,0.15,0.85,0.15,0.85,2,0.3,6,"continuous",0.0179,28,1,1,1,0,0,3,0.39,0.32,0.3507,0.368,0.2628,0.141,NA,NA,31.3,15.5,6.933,6.933,0,28.968,28.968,0.2,0.2,8.7,1608.8922,1000,1000
19,19,4,"five_scenarios_txt",1,2,2,0.3,"two_stage",30,30,6,30,"CRM","random_carryoever","random",0.15,0.85,"dose_specific_carryover",0.5,0.5,0.15,0.85,0.15,0.85,2,0.3,6,"continuous",0.0179,28,1,1,1,0,0,4,0.6,0.35,0.3989,0.4575,0.3378,0.141,NA,NA,5.1,1.7,2.046,2.046,0,28.968,28.968,0.2,0.2,8.7,1608.8922,1000,1000
19,19,4,"five_scenarios_txt",1,2,2,0.3,"two_stage",30,30,6,30,"CRM","random_carryoever","random",0.15,0.85,"dose_specific_carryover",0.5,0.5,0.15,0.85,0.15,0.85,2,0.3,6,"continuous",0.0179,28,1,1,1,0,0,5,0.77,0.4,0.4938,0.4958,0.3477,0.141,NA,NA,0.1,0.1,0.306,0.306,0,28.968,28.968,0.2,0.2,8.7,1608.8922,1000,1000
20,20,5,"five_scenarios_txt",1,3,2,0.3,"two_stage",30,30,6,30,"CRM","random_carryoever","random",0.15,0.85,"dose_specific_carryover",0.5,0.5,0.15,0.85,0.15,0.85,2,0.3,6,"continuous",0.0179,28,1,1,1,0,0,1,0.07,0.05,0.1441,0.1302,0.0869,0.1393,NA,NA,5.9,13.1,5.613,5.613,0,29.406,29.406,0.1,0.1,4.4,1630.8671,1000,1000
20,20,5,"five_scenarios_txt",1,3,2,0.3,"two_stage",30,30,6,30,"CRM","random_carryoever","random",0.15,0.85,"dose_specific_carryover",0.5,0.5,0.15,0.85,0.15,0.85,2,0.3,6,"continuous",0.0179,28,1,1,1,0,0,2,0.14,0.25,0.1893,0.2619,0.2051,0.1393,NA,NA,14,45.9,8.952,8.952,0,29.406,29.406,0.1,0.1,4.4,1630.8671,1000,1000
20,20,5,"five_scenarios_txt",1,3,2,0.3,"two_stage",30,30,6,30,"CRM","random_carryoever","random",0.15,0.85,"dose_specific_carryover",0.5,0.5,0.15,0.85,0.15,0.85,2,0.3,6,"continuous",0.0179,28,1,1,1,0,0,3,0.31,0.25,0.2814,0.2731,0.1887,0.1393,NA,NA,45.6,26.8,8.421,8.421,0,29.406,29.406,0.1,0.1,4.4,1630.8671,1000,1000
20,20,5,"five_scenarios_txt",1,3,2,0.3,"two_stage",30,30,6,30,"CRM","random_carryoever","random",0.15,0.85,"dose_specific_carryover",0.5,0.5,0.15,0.85,0.15,0.85,2,0.3,6,"continuous",0.0179,28,1,1,1,0,0,4,0.41,0.25,0.3284,0.3535,0.255,0.1393,NA,NA,25.1,8.6,4.473,4.473,0,29.406,29.406,0.1,0.1,4.4,1630.8671,1000,1000
20,20,5,"five_scenarios_txt",1,3,2,0.3,"two_stage",30,30,6,30,"CRM","random_carryoever","random",0.15,0.85,"dose_specific_carryover",0.5,0.5,0.15,0.85,0.15,0.85,2,0.3,6,"continuous",0.0179,28,1,1,1,0,0,5,0.52,0.25,0.4243,0.436,0.3087,0.1393,NA,NA,9.3,1.2,1.947,1.947,0,29.406,29.406,0.1,0.1,4.4,1630.8671,1000,1000
21,21,1,"five_scenarios_txt",1,1,1,0.3,"two_stage",30,30,6,30,"CRM","random_carryoever","random",0.15,0.85,"dose_specific_carryover",0.5,0.5,0.15,0.85,0.15,0.85,2,0.3,6,"continuous",0.0179,28,1,1,1,0,0,1,0.37,0.5,0.4304,0.506,0.3769,0.1363,NA,NA,59.5,60.2,20.859,20.859,0,23.547,23.547,37.4,38.3,38.4,1308.2744,1000,1000
21,21,1,"five_scenarios_txt",1,1,1,0.3,"two_stage",30,30,6,30,"CRM","random_carryoever","random",0.15,0.85,"dose_specific_carryover",0.5,0.5,0.15,0.85,0.15,0.85,2,0.3,6,"continuous",0.0179,28,1,1,1,0,0,2,0.56,0.5,0.4845,0.5032,0.3579,0.1363,NA,NA,3,1.4,2.067,2.067,0,23.547,23.547,37.4,38.3,38.4,1308.2744,1000,1000
21,21,1,"five_scenarios_txt",1,1,1,0.3,"two_stage",30,30,6,30,"CRM","random_carryoever","random",0.15,0.85,"dose_specific_carryover",0.5,0.5,0.15,0.85,0.15,0.85,2,0.3,6,"continuous",0.0179,28,1,1,1,0,0,3,0.69,0.5,0.5757,0.4955,0.3228,0.1363,NA,NA,0.1,0,0.579,0.579,0,23.547,23.547,37.4,38.3,38.4,1308.2744,1000,1000
21,21,1,"five_scenarios_txt",1,1,1,0.3,"two_stage",30,30,6,30,"CRM","random_carryoever","random",0.15,0.85,"dose_specific_carryover",0.5,0.5,0.15,0.85,0.15,0.85,2,0.3,6,"continuous",0.0179,28,1,1,1,0,0,4,0.83,0.5,0.6158,0.5001,0.3154,0.1363,NA,NA,0,0,0.042,0.042,0,23.547,23.547,37.4,38.3,38.4,1308.2744,1000,1000
21,21,1,"five_scenarios_txt",1,1,1,0.3,"two_stage",30,30,6,30,"CRM","random_carryoever","random",0.15,0.85,"dose_specific_carryover",0.5,0.5,0.15,0.85,0.15,0.85,2,0.3,6,"continuous",0.0179,28,1,1,1,0,0,5,0.88,0.5,0.6887,0.5002,0.2936,0.1363,NA,NA,0,0,0,0,0,23.547,23.547,37.4,38.3,38.4,1308.2744,1000,1000
22,22,2,"five_scenarios_txt",1,2,2,0.3,"two_stage",30,30,6,30,"CRM","random_carryoever","random",0.15,0.85,"dose_specific_carryover",0.5,0.5,0.15,0.85,0.15,0.85,2,0.3,6,"continuous",0.0179,28,1,1,1,0,0,1,0.07,0.08,0.2077,0.1298,0.0675,0.1385,NA,NA,16.3,26.2,8.913,8.913,0,29.343,29.343,0.1,0.1,4.6,1629.4622,1000,1000
22,22,2,"five_scenarios_txt",1,2,2,0.3,"two_stage",30,30,6,30,"CRM","random_carryoever","random",0.15,0.85,"dose_specific_carryover",0.5,0.5,0.15,0.85,0.15,0.85,2,0.3,6,"continuous",0.0179,28,1,1,1,0,0,2,0.27,0.25,0.2601,0.2672,0.1892,0.1385,NA,NA,52,55.9,12.243,12.243,0,29.343,29.343,0.1,0.1,4.6,1629.4622,1000,1000
22,22,2,"five_scenarios_txt",1,2,2,0.3,"two_stage",30,30,6,30,"CRM","random_carryoever","random",0.15,0.85,"dose_specific_carryover",0.5,0.5,0.15,0.85,0.15,0.85,2,0.3,6,"continuous",0.0179,28,1,1,1,0,0,3,0.5,0.25,0.3598,0.3181,0.2102,0.1385,NA,NA,29.7,12.1,6.336,6.336,0,29.343,29.343,0.1,0.1,4.6,1629.4622,1000,1000
22,22,2,"five_scenarios_txt",1,2,2,0.3,"two_stage",30,30,6,30,"CRM","random_carryoever","random",0.15,0.85,"dose_specific_carryover",0.5,0.5,0.15,0.85,0.15,0.85,2,0.3,6,"continuous",0.0179,28,1,1,1,0,0,4,0.56,0.5,0.4081,0.4997,0.3773,0.1385,NA,NA,1.9,1.2,1.647,1.647,0,29.343,29.343,0.1,0.1,4.6,1629.4622,1000,1000
22,22,2,"five_scenarios_txt",1,2,2,0.3,"two_stage",30,30,6,30,"CRM","random_carryoever","random",0.15,0.85,"dose_specific_carryover",0.5,0.5,0.15,0.85,0.15,0.85,2,0.3,6,"continuous",0.0179,28,1,1,1,0,0,5,0.78,0.5,0.5025,0.5004,0.3497,0.1385,NA,NA,0,0,0.204,0.204,0,29.343,29.343,0.1,0.1,4.6,1629.4622,1000,1000
23,23,3,"five_scenarios_txt",1,1,1,0.3,"two_stage",30,30,6,30,"CRM","random_carryoever","random",0.15,0.85,"dose_specific_carryover",0.5,0.5,0.15,0.85,0.15,0.85,2,0.3,6,"continuous",0.0179,28,1,1,1,0,0,1,0.32,0.05,0.3802,0.0724,-0.0417,0.1377,NA,NA,72.8,18.5,17.238,17.238,0,20.457,20.457,19.6,20.2,76.3,1131.2386,1000,1000
23,23,3,"five_scenarios_txt",1,1,1,0.3,"two_stage",30,30,6,30,"CRM","random_carryoever","random",0.15,0.85,"dose_specific_carryover",0.5,0.5,0.15,0.85,0.15,0.85,2,0.3,6,"continuous",0.0179,28,1,1,1,0,0,2,0.55,0.05,0.4351,0.3389,0.2083,0.1377,NA,NA,7.3,5,2.628,2.628,0,20.457,20.457,19.6,20.2,76.3,1131.2386,1000,1000
23,23,3,"five_scenarios_txt",1,1,1,0.3,"two_stage",30,30,6,30,"CRM","random_carryoever","random",0.15,0.85,"dose_specific_carryover",0.5,0.5,0.15,0.85,0.15,0.85,2,0.3,6,"continuous",0.0179,28,1,1,1,0,0,3,0.8,0.05,0.5297,0.4475,0.2886,0.1377,NA,NA,0.3,0.2,0.564,0.564,0,20.457,20.457,19.6,20.2,76.3,1131.2386,1000,1000
23,23,3,"five_scenarios_txt",1,1,1,0.3,"two_stage",30,30,6,30,"CRM","random_carryoever","random",0.15,0.85,"dose_specific_carryover",0.5,0.5,0.15,0.85,0.15,0.85,2,0.3,6,"continuous",0.0179,28,1,1,1,0,0,4,0.94,0.05,0.5721,0.497,0.3253,0.1377,NA,NA,0,0,0.027,0.027,0,20.457,20.457,19.6,20.2,76.3,1131.2386,1000,1000
23,23,3,"five_scenarios_txt",1,1,1,0.3,"two_stage",30,30,6,30,"CRM","random_carryoever","random",0.15,0.85,"dose_specific_carryover",0.5,0.5,0.15,0.85,0.15,0.85,2,0.3,6,"continuous",0.0179,28,1,1,1,0,0,5,0.97,0.05,0.6504,0.4999,0.3048,0.1377,NA,NA,0,0,0,0,0,20.457,20.457,19.6,20.2,76.3,1131.2386,1000,1000
24,24,4,"five_scenarios_txt",1,5,4,0.3,"two_stage",30,30,6,30,"CRM","random_carryoever","random",0.15,0.85,"dose_specific_carryover",0.5,0.5,0.15,0.85,0.15,0.85,2,0.3,6,"continuous",0.0179,28,1,1,1,0,0,1,0.01,0.05,0.0335,0.1563,0.1462,0.1357,NA,NA,0,1.2,3.276,3.276,0,30,30,0,0,0,1664.1426,1000,1000
24,24,4,"five_scenarios_txt",1,5,4,0.3,"two_stage",30,30,6,30,"CRM","random_carryoever","random",0.15,0.85,"dose_specific_carryover",0.5,0.5,0.15,0.85,0.15,0.85,2,0.3,6,"continuous",0.0179,28,1,1,1,0,0,2,0.02,0.08,0.0525,0.1725,0.1568,0.1357,NA,NA,0.1,1.4,3.252,3.252,0,30,30,0,0,0,1664.1426,1000,1000
24,24,4,"five_scenarios_txt",1,5,4,0.3,"two_stage",30,30,6,30,"CRM","random_carryoever","random",0.15,0.85,"dose_specific_carryover",0.5,0.5,0.15,0.85,0.15,0.85,2,0.3,6,"continuous",0.0179,28,1,1,1,0,0,3,0.05,0.2,0.1019,0.241,0.2105,0.1357,NA,NA,0.7,5.6,3.804,3.804,0,30,30,0,0,0,1664.1426,1000,1000
24,24,4,"five_scenarios_txt",1,5,4,0.3,"two_stage",30,30,6,30,"CRM","random_carryoever","random",0.15,0.85,"dose_specific_carryover",0.5,0.5,0.15,0.85,0.15,0.85,2,0.3,6,"continuous",0.0179,28,1,1,1,0,0,4,0.1,0.5,0.1325,0.4457,0.406,0.1357,NA,NA,3.8,45,8.55,8.55,0,30,30,0,0,0,1664.1426,1000,1000
24,24,4,"five_scenarios_txt",1,5,4,0.3,"two_stage",30,30,6,30,"CRM","random_carryoever","random",0.15,0.85,"dose_specific_carryover",0.5,0.5,0.15,0.85,0.15,0.85,2,0.3,6,"continuous",0.0179,28,1,1,1,0,0,5,0.25,0.5,0.2064,0.4686,0.4067,0.1357,NA,NA,95.4,46.8,11.118,11.118,0,30,30,0,0,0,1664.1426,1000,1000
25,25,5,"five_scenarios_txt",2,3,3,0.3,"two_stage",30,30,6,30,"CRM","random_carryoever","random",0.15,0.85,"dose_specific_carryover",0.5,0.5,0.15,0.85,0.15,0.85,2,0.3,6,"continuous",0.0179,28,1,1,1,0,0,1,0.09,0.2,0.1773,0.2172,0.164,0.1372,NA,NA,11,34,9.291,9.291,0,29.892,29.892,0.2,0.2,0.7,1657.997,1000,1000
25,25,5,"five_scenarios_txt",2,3,3,0.3,"two_stage",30,30,6,30,"CRM","random_carryoever","random",0.15,0.85,"dose_specific_carryover",0.5,0.5,0.15,0.85,0.15,0.85,2,0.3,6,"continuous",0.0179,28,1,1,1,0,0,2,0.18,0.25,0.227,0.2766,0.2085,0.1372,NA,NA,33.2,29.3,8.28,8.28,0,29.892,29.892,0.2,0.2,0.7,1657.997,1000,1000
25,25,5,"five_scenarios_txt",2,3,3,0.3,"two_stage",30,30,6,30,"CRM","random_carryoever","random",0.15,0.85,"dose_specific_carryover",0.5,0.5,0.15,0.85,0.15,0.85,2,0.3,6,"continuous",0.0179,28,1,1,1,0,0,3,0.37,0.4,0.3243,0.409,0.3117,0.1372,NA,NA,46.4,32.4,9.3,9.3,0,29.892,29.892,0.2,0.2,0.7,1657.997,1000,1000
25,25,5,"five_scenarios_txt",2,3,3,0.3,"two_stage",30,30,6,30,"CRM","random_carryoever","random",0.15,0.85,"dose_specific_carryover",0.5,0.5,0.15,0.85,0.15,0.85,2,0.3,6,"continuous",0.0179,28,1,1,1,0,0,4,0.63,0.45,0.3724,0.4805,0.3688,0.1372,NA,NA,9,3.6,2.613,2.613,0,29.892,29.892,0.2,0.2,0.7,1657.997,1000,1000
25,25,5,"five_scenarios_txt",2,3,3,0.3,"two_stage",30,30,6,30,"CRM","random_carryoever","random",0.15,0.85,"dose_specific_carryover",0.5,0.5,0.15,0.85,0.15,0.85,2,0.3,6,"continuous",0.0179,28,1,1,1,0,0,5,0.77,0.5,0.4683,0.5019,0.3614,0.1372,NA,NA,0.2,0,0.408,0.408,0,29.892,29.892,0.2,0.2,0.7,1657.997,1000,1000
26,26,1,"higher_gap_above_MTD",1,3,3,0.3,"two_stage",30,30,6,30,"CRM","random_carryoever","random",0.15,0.85,"dose_specific_carryover",0.5,0.5,0.15,0.85,0.15,0.85,2,0.3,6,"continuous",0.0179,28,1,1,1,0,0,1,0.15,0.1,0.1906,0.1429,0.0857,0.1375,NA,NA,24.1,29.5,10.965,10.965,0,28.842,28.842,0.5,0.5,10.4,1600.9961,1000,1000
26,26,1,"higher_gap_above_MTD",1,3,3,0.3,"two_stage",30,30,6,30,"CRM","random_carryoever","random",0.15,0.85,"dose_specific_carryover",0.5,0.5,0.15,0.85,0.15,0.85,2,0.3,6,"continuous",0.0179,28,1,1,1,0,0,2,0.22,0.2,0.2411,0.2721,0.1997,0.1375,NA,NA,29.5,28.2,6.678,6.678,0,28.842,28.842,0.5,0.5,10.4,1600.9961,1000,1000
26,26,1,"higher_gap_above_MTD",1,3,3,0.3,"two_stage",30,30,6,30,"CRM","random_carryoever","random",0.15,0.85,"dose_specific_carryover",0.5,0.5,0.15,0.85,0.15,0.85,2,0.3,6,"continuous",0.0179,28,1,1,1,0,0,3,0.3,0.35,0.3389,0.3949,0.2932,0.1375,NA,NA,35.3,26.2,7.992,7.992,0,28.842,28.842,0.5,0.5,10.4,1600.9961,1000,1000
26,26,1,"higher_gap_above_MTD",1,3,3,0.3,"two_stage",30,30,6,30,"CRM","random_carryoever","random",0.15,0.85,"dose_specific_carryover",0.5,0.5,0.15,0.85,0.15,0.85,2,0.3,6,"continuous",0.0179,28,1,1,1,0,0,4,0.62,0.45,0.3869,0.4811,0.365,0.1375,NA,NA,10.3,5.6,2.796,2.796,0,28.842,28.842,0.5,0.5,10.4,1600.9961,1000,1000
26,26,1,"higher_gap_above_MTD",1,3,3,0.3,"two_stage",30,30,6,30,"CRM","random_carryoever","random",0.15,0.85,"dose_specific_carryover",0.5,0.5,0.15,0.85,0.15,0.85,2,0.3,6,"continuous",0.0179,28,1,1,1,0,0,5,0.8,0.55,0.482,0.5032,0.3586,0.1375,NA,NA,0.3,0.1,0.411,0.411,0,28.842,28.842,0.5,0.5,10.4,1600.9961,1000,1000
27,27,2,"higher_gap_above_MTD",1,3,3,0.3,"two_stage",30,30,6,30,"CRM","random_carryoever","random",0.15,0.85,"dose_specific_carryover",0.5,0.5,0.15,0.85,0.15,0.85,2,0.3,6,"continuous",0.0179,28,1,1,1,0,0,1,0.11,0.1,0.166,0.1559,0.1061,0.1386,NA,NA,12.7,21,8.088,8.088,0,29.379,29.379,0.2,0.2,5.5,1629.696,1000,1000
27,27,2,"higher_gap_above_MTD",1,3,3,0.3,"two_stage",30,30,6,30,"CRM","random_carryoever","random",0.15,0.85,"dose_specific_carryover",0.5,0.5,0.15,0.85,0.15,0.85,2,0.3,6,"continuous",0.0179,28,1,1,1,0,0,2,0.17,0.2,0.2143,0.2523,0.188,0.1386,NA,NA,22.6,23.9,6.69,6.69,0,29.379,29.379,0.2,0.2,5.5,1629.696,1000,1000
27,27,2,"higher_gap_above_MTD",1,3,3,0.3,"two_stage",30,30,6,30,"CRM","random_carryoever","random",0.15,0.85,"dose_specific_carryover",0.5,0.5,0.15,0.85,0.15,0.85,2,0.3,6,"continuous",0.0179,28,1,1,1,0,0,3,0.3,0.4,0.3101,0.4116,0.3186,0.1386,NA,NA,46.8,41,9.477,9.477,0,29.379,29.379,0.2,0.2,5.5,1629.696,1000,1000
27,27,2,"higher_gap_above_MTD",1,3,3,0.3,"two_stage",30,30,6,30,"CRM","random_carryoever","random",0.15,0.85,"dose_specific_carryover",0.5,0.5,0.15,0.85,0.15,0.85,2,0.3,6,"continuous",0.0179,28,1,1,1,0,0,4,0.5,0.42,0.3579,0.4606,0.3533,0.1386,NA,NA,16.1,7.6,3.939,3.939,0,29.379,29.379,0.2,0.2,5.5,1629.696,1000,1000
27,27,2,"higher_gap_above_MTD",1,3,3,0.3,"two_stage",30,30,6,30,"CRM","random_carryoever","random",0.15,0.85,"dose_specific_carryover",0.5,0.5,0.15,0.85,0.15,0.85,2,0.3,6,"continuous",0.0179,28,1,1,1,0,0,5,0.62,0.45,0.454,0.4905,0.3543,0.1386,NA,NA,1.6,1,1.185,1.185,0,29.379,29.379,0.2,0.2,5.5,1629.696,1000,1000
28,28,3,"higher_gap_above_MTD",1,2,2,0.3,"two_stage",30,30,6,30,"CRM","random_carryoever","random",0.15,0.85,"dose_specific_carryover",0.5,0.5,0.15,0.85,0.15,0.85,2,0.3,6,"continuous",0.0179,28,1,1,1,0,0,1,0.2,0.05,0.2582,0.0966,0.0191,0.1388,NA,NA,50.1,22.4,12.165,12.165,0,25.719,25.719,2.7,2.7,34.8,1425.6887,1000,1000
28,28,3,"higher_gap_above_MTD",1,2,2,0.3,"two_stage",30,30,6,30,"CRM","random_carryoever","random",0.15,0.85,"dose_specific_carryover",0.5,0.5,0.15,0.85,0.15,0.85,2,0.3,6,"continuous",0.0179,28,1,1,1,0,0,2,0.3,0.3,0.3126,0.3712,0.2774,0.1388,NA,NA,34.3,37,8.577,8.577,0,25.719,25.719,2.7,2.7,34.8,1425.6887,1000,1000
28,28,3,"higher_gap_above_MTD",1,2,2,0.3,"two_stage",30,30,6,30,"CRM","random_carryoever","random",0.15,0.85,"dose_specific_carryover",0.5,0.5,0.15,0.85,0.15,0.85,2,0.3,6,"continuous",0.0179,28,1,1,1,0,0,3,0.5,0.32,0.4127,0.4223,0.2985,0.1388,NA,NA,11.9,5.5,4.095,4.095,0,25.719,25.719,2.7,2.7,34.8,1425.6887,1000,1000
28,28,3,"higher_gap_above_MTD",1,2,2,0.3,"two_stage",30,30,6,30,"CRM","random_carryoever","random",0.15,0.85,"dose_specific_carryover",0.5,0.5,0.15,0.85,0.15,0.85,2,0.3,6,"continuous",0.0179,28,1,1,1,0,0,4,0.6,0.35,0.4599,0.481,0.343,0.1388,NA,NA,1,0.3,0.798,0.798,0,25.719,25.719,2.7,2.7,34.8,1425.6887,1000,1000
28,28,3,"higher_gap_above_MTD",1,2,2,0.3,"two_stage",30,30,6,30,"CRM","random_carryoever","random",0.15,0.85,"dose_specific_carryover",0.5,0.5,0.15,0.85,0.15,0.85,2,0.3,6,"continuous",0.0179,28,1,1,1,0,0,5,0.77,0.4,0.5503,0.4995,0.3344,0.1388,NA,NA,0,0,0.084,0.084,0,25.719,25.719,2.7,2.7,34.8,1425.6887,1000,1000
29,29,4,"higher_gap_above_MTD",1,2,1,0.3,"two_stage",30,30,6,30,"CRM","random_carryoever","random",0.15,0.85,"dose_specific_carryover",0.5,0.5,0.15,0.85,0.15,0.85,2,0.3,6,"continuous",0.0179,28,1,1,1,0,0,1,0.19,0.4,0.2441,0.39,0.3167,0.1394,NA,NA,44.4,67.9,18.048,18.048,0,29.499,29.499,2.6,2.6,2.8,1637.4032,1000,1000
29,29,4,"higher_gap_above_MTD",1,2,1,0.3,"two_stage",30,30,6,30,"CRM","random_carryoever","random",0.15,0.85,"dose_specific_carryover",0.5,0.5,0.15,0.85,0.15,0.85,2,0.3,6,"continuous",0.0179,28,1,1,1,0,0,2,0.3,0.4,0.2983,0.4219,0.3324,0.1394,NA,NA,39.2,24.9,7.425,7.425,0,29.499,29.499,2.6,2.6,2.8,1637.4032,1000,1000
29,29,4,"higher_gap_above_MTD",1,2,1,0.3,"two_stage",30,30,6,30,"CRM","random_carryoever","random",0.15,0.85,"dose_specific_carryover",0.5,0.5,0.15,0.85,0.15,0.85,2,0.3,6,"continuous",0.0179,28,1,1,1,0,0,3,0.56,0.4,0.3989,0.4584,0.3387,0.1394,NA,NA,13.4,4.2,3.51,3.51,0,29.499,29.499,2.6,2.6,2.8,1637.4032,1000,1000
29,29,4,"higher_gap_above_MTD",1,2,1,0.3,"two_stage",30,30,6,30,"CRM","random_carryoever","random",0.15,0.85,"dose_specific_carryover",0.5,0.5,0.15,0.85,0.15,0.85,2,0.3,6,"continuous",0.0179,28,1,1,1,0,0,4,0.74,0.4,0.4466,0.4904,0.3564,0.1394,NA,NA,0.4,0.2,0.492,0.492,0,29.499,29.499,2.6,2.6,2.8,1637.4032,1000,1000
29,29,4,"higher_gap_above_MTD",1,2,1,0.3,"two_stage",30,30,6,30,"CRM","random_carryoever","random",0.15,0.85,"dose_specific_carryover",0.5,0.5,0.15,0.85,0.15,0.85,2,0.3,6,"continuous",0.0179,28,1,1,1,0,0,5,0.86,0.4,0.5384,0.499,0.3375,0.1394,NA,NA,0,0,0.024,0.024,0,29.499,29.499,2.6,2.6,2.8,1637.4032,1000,1000
30,30,5,"higher_gap_above_MTD",1,4,4,0.3,"two_stage",30,30,6,30,"CRM","random_carryoever","random",0.15,0.85,"dose_specific_carryover",0.5,0.5,0.15,0.85,0.15,0.85,2,0.3,6,"continuous",0.0179,28,1,1,1,0,0,1,0.05,0.12,0.1062,0.1808,0.1489,0.139,NA,NA,2,21.5,5.172,5.172,0,29.919,29.919,0,0,0.8,1658.6758,1000,1000
30,30,5,"higher_gap_above_MTD",1,4,4,0.3,"two_stage",30,30,6,30,"CRM","random_carryoever","random",0.15,0.85,"dose_specific_carryover",0.5,0.5,0.15,0.85,0.15,0.85,2,0.3,6,"continuous",0.0179,28,1,1,1,0,0,2,0.08,0.15,0.1455,0.2055,0.1619,0.139,NA,NA,2.2,14.6,4.626,4.626,0,29.919,29.919,0,0,0.8,1658.6758,1000,1000
30,30,5,"higher_gap_above_MTD",1,4,4,0.3,"two_stage",30,30,6,30,"CRM","random_carryoever","random",0.15,0.85,"dose_specific_carryover",0.5,0.5,0.15,0.85,0.15,0.85,2,0.3,6,"continuous",0.0179,28,1,1,1,0,0,3,0.17,0.2,0.23,0.2319,0.1629,0.139,NA,NA,24.9,15.2,5.937,5.937,0,29.919,29.919,0,0,0.8,1658.6758,1000,1000
30,30,5,"higher_gap_above_MTD",1,4,4,0.3,"two_stage",30,30,6,30,"CRM","random_carryoever","random",0.15,0.85,"dose_specific_carryover",0.5,0.5,0.15,0.85,0.15,0.85,2,0.3,6,"continuous",0.0179,28,1,1,1,0,0,4,0.27,0.4,0.2749,0.3953,0.3129,0.139,NA,NA,45.4,36.3,8.301,8.301,0,29.919,29.919,0,0,0.8,1658.6758,1000,1000
30,30,5,"higher_gap_above_MTD",1,4,4,0.3,"two_stage",30,30,6,30,"CRM","random_carryoever","random",0.15,0.85,"dose_specific_carryover",0.5,0.5,0.15,0.85,0.15,0.85,2,0.3,6,"continuous",0.0179,28,1,1,1,0,0,5,0.54,0.5,0.3698,0.4895,0.3785,0.139,NA,NA,25.5,11.6,5.883,5.883,0,29.919,29.919,0,0,0.8,1658.6758,1000,1000
31,31,6,"higher_gap_above_MTD",1,4,2,0.3,"two_stage",30,30,6,30,"CRM","random_carryoever","random",0.15,0.85,"dose_specific_carryover",0.5,0.5,0.15,0.85,0.15,0.85,2,0.3,6,"continuous",0.0179,28,1,1,1,0,0,1,0.04,0.2,0.0863,0.2579,0.2319,0.139,NA,NA,1.5,8,4.059,4.059,0,29.985,29.985,0,0,0.1,1663.1297,1000,1000
31,31,6,"higher_gap_above_MTD",1,4,2,0.3,"two_stage",30,30,6,30,"CRM","random_carryoever","random",0.15,0.85,"dose_specific_carryover",0.5,0.5,0.15,0.85,0.15,0.85,2,0.3,6,"continuous",0.0179,28,1,1,1,0,0,2,0.06,0.5,0.1215,0.4574,0.4209,0.139,NA,NA,1.3,35.6,6.003,6.003,0,29.985,29.985,0,0,0.1,1663.1297,1000,1000
31,31,6,"higher_gap_above_MTD",1,4,2,0.3,"two_stage",30,30,6,30,"CRM","random_carryoever","random",0.15,0.85,"dose_specific_carryover",0.5,0.5,0.15,0.85,0.15,0.85,2,0.3,6,"continuous",0.0179,28,1,1,1,0,0,3,0.1,0.5,0.1996,0.4559,0.396,0.139,NA,NA,8.9,25.6,6.348,6.348,0,29.985,29.985,0,0,0.1,1663.1297,1000,1000
31,31,6,"higher_gap_above_MTD",1,4,2,0.3,"two_stage",30,30,6,30,"CRM","random_carryoever","random",0.15,0.85,"dose_specific_carryover",0.5,0.5,0.15,0.85,0.15,0.85,2,0.3,6,"continuous",0.0179,28,1,1,1,0,0,4,0.2,0.5,0.2424,0.4759,0.4032,0.139,NA,NA,40.6,24.5,7.773,7.773,0,29.985,29.985,0,0,0.1,1663.1297,1000,1000
31,31,6,"higher_gap_above_MTD",1,4,2,0.3,"two_stage",30,30,6,30,"CRM","random_carryoever","random",0.15,0.85,"dose_specific_carryover",0.5,0.5,0.15,0.85,0.15,0.85,2,0.3,6,"continuous",0.0179,28,1,1,1,0,0,5,0.6,0.5,0.335,0.4836,0.3831,0.139,NA,NA,47.7,6.2,5.802,5.802,0,29.985,29.985,0,0,0.1,1663.1297,1000,1000
32,32,1,"higher_gap_below_MTD",1,4,3,0.3,"two_stage",30,30,6,30,"CRM","random_carryoever","random",0.15,0.85,"dose_specific_carryover",0.5,0.5,0.15,0.85,0.15,0.85,2,0.3,6,"continuous",0.0179,28,1,1,1,0,0,1,0.02,0.08,0.0752,0.1601,0.1376,0.1369,NA,NA,0.7,9.8,3.975,3.975,0,29.946,29.946,0,0,0.6,1660.9062,1000,1000
32,32,1,"higher_gap_below_MTD",1,4,3,0.3,"two_stage",30,30,6,30,"CRM","random_carryoever","random",0.15,0.85,"dose_specific_carryover",0.5,0.5,0.15,0.85,0.15,0.85,2,0.3,6,"continuous",0.0179,28,1,1,1,0,0,2,0.05,0.15,0.1072,0.1978,0.1656,0.1369,NA,NA,0.4,14.1,4.464,4.464,0,29.946,29.946,0,0,0.6,1660.9062,1000,1000
32,32,1,"higher_gap_below_MTD",1,4,3,0.3,"two_stage",30,30,6,30,"CRM","random_carryoever","random",0.15,0.85,"dose_specific_carryover",0.5,0.5,0.15,0.85,0.15,0.85,2,0.3,6,"continuous",0.0179,28,1,1,1,0,0,3,0.11,0.3,0.1802,0.2864,0.2323,0.1369,NA,NA,7.9,34.8,7.734,7.734,0,29.946,29.946,0,0,0.6,1660.9062,1000,1000
32,32,1,"higher_gap_below_MTD",1,4,3,0.3,"two_stage",30,30,6,30,"CRM","random_carryoever","random",0.15,0.85,"dose_specific_carryover",0.5,0.5,0.15,0.85,0.15,0.85,2,0.3,6,"continuous",0.0179,28,1,1,1,0,0,4,0.3,0.3,0.221,0.3021,0.2358,0.1369,NA,NA,33.6,26.9,7.311,7.311,0,29.946,29.946,0,0,0.6,1660.9062,1000,1000
32,32,1,"higher_gap_below_MTD",1,4,3,0.3,"two_stage",30,30,6,30,"CRM","random_carryoever","random",0.15,0.85,"dose_specific_carryover",0.5,0.5,0.15,0.85,0.15,0.85,2,0.3,6,"continuous",0.0179,28,1,1,1,0,0,5,0.36,0.3,0.3108,0.3504,0.2572,0.1369,NA,NA,57.4,13.8,6.462,6.462,0,29.946,29.946,0,0,0.6,1660.9062,1000,1000
33,33,2,"higher_gap_below_MTD",1,4,4,0.3,"two_stage",30,30,6,30,"CRM","random_carryoever","random",0.15,0.85,"dose_specific_carryover",0.5,0.5,0.15,0.85,0.15,0.85,2,0.3,6,"continuous",0.0179,28,1,1,1,0,0,1,0.01,0.05,0.0849,0.1513,0.1259,0.1392,NA,NA,0,9.6,3.486,3.486,0,30,30,0,0,0,1664.1055,1000,1000
33,33,2,"higher_gap_below_MTD",1,4,4,0.3,"two_stage",30,30,6,30,"CRM","random_carryoever","random",0.15,0.85,"dose_specific_carryover",0.5,0.5,0.15,0.85,0.15,0.85,2,0.3,6,"continuous",0.0179,28,1,1,1,0,0,2,0.02,0.08,0.1194,0.1644,0.1286,0.1392,NA,NA,0.8,4.7,3.654,3.654,0,30,30,0,0,0,1664.1055,1000,1000
33,33,2,"higher_gap_below_MTD",1,4,4,0.3,"two_stage",30,30,6,30,"CRM","random_carryoever","random",0.15,0.85,"dose_specific_carryover",0.5,0.5,0.15,0.85,0.15,0.85,2,0.3,6,"continuous",0.0179,28,1,1,1,0,0,3,0.09,0.2,0.1963,0.2265,0.1676,0.1392,NA,NA,9.5,14.7,5.43,5.43,0,30,30,0,0,0,1664.1055,1000,1000
33,33,2,"higher_gap_below_MTD",1,4,4,0.3,"two_stage",30,30,6,30,"CRM","random_carryoever","random",0.15,0.85,"dose_specific_carryover",0.5,0.5,0.15,0.85,0.15,0.85,2,0.3,6,"continuous",0.0179,28,1,1,1,0,0,4,0.32,0.4,0.2386,0.3795,0.308,0.1392,NA,NA,39,40.8,8.589,8.589,0,30,30,0,0,0,1664.1055,1000,1000
33,33,2,"higher_gap_below_MTD",1,4,4,0.3,"two_stage",30,30,6,30,"CRM","random_carryoever","random",0.15,0.85,"dose_specific_carryover",0.5,0.5,0.15,0.85,0.15,0.85,2,0.3,6,"continuous",0.0179,28,1,1,1,0,0,5,0.38,0.5,0.3303,0.4805,0.3814,0.1392,NA,NA,50.7,30.2,8.841,8.841,0,30,30,0,0,0,1664.1055,1000,1000
34,34,3,"higher_gap_below_MTD",1,3,3,0.3,"two_stage",30,30,6,30,"CRM","random_carryoever","random",0.15,0.85,"dose_specific_carryover",0.5,0.5,0.15,0.85,0.15,0.85,2,0.3,6,"continuous",0.0179,28,1,1,1,0,0,1,0.05,0.05,0.1327,0.1317,0.0919,0.1388,NA,NA,2.5,14,5.277,5.277,0,29.724,29.724,0,0,2,1648.2812,1000,1000
34,34,3,"higher_gap_below_MTD",1,3,3,0.3,"two_stage",30,30,6,30,"CRM","random_carryoever","random",0.15,0.85,"dose_specific_carryover",0.5,0.5,0.15,0.85,0.15,0.85,2,0.3,6,"continuous",0.0179,28,1,1,1,0,0,2,0.13,0.1,0.1763,0.1599,0.107,0.1388,NA,NA,9.9,11.7,5.961,5.961,0,29.724,29.724,0,0,2,1648.2812,1000,1000
34,34,3,"higher_gap_below_MTD",1,3,3,0.3,"two_stage",30,30,6,30,"CRM","random_carryoever","random",0.15,0.85,"dose_specific_carryover",0.5,0.5,0.15,0.85,0.15,0.85,2,0.3,6,"continuous",0.0179,28,1,1,1,0,0,3,0.3,0.3,0.2661,0.3035,0.2237,0.1388,NA,NA,43.4,49,9.99,9.99,0,29.724,29.724,0,0,2,1648.2812,1000,1000
34,34,3,"higher_gap_below_MTD",1,3,3,0.3,"two_stage",30,30,6,30,"CRM","random_carryoever","random",0.15,0.85,"dose_specific_carryover",0.5,0.5,0.15,0.85,0.15,0.85,2,0.3,6,"continuous",0.0179,28,1,1,1,0,0,4,0.36,0.32,0.3125,0.3776,0.2839,0.1388,NA,NA,28.4,17.6,5.454,5.454,0,29.724,29.724,0,0,2,1648.2812,1000,1000
34,34,3,"higher_gap_below_MTD",1,3,3,0.3,"two_stage",30,30,6,30,"CRM","random_carryoever","random",0.15,0.85,"dose_specific_carryover",0.5,0.5,0.15,0.85,0.15,0.85,2,0.3,6,"continuous",0.0179,28,1,1,1,0,0,5,0.42,0.35,0.4081,0.45,0.3275,0.1388,NA,NA,15.8,5.7,3.042,3.042,0,29.724,29.724,0,0,2,1648.2812,1000,1000
35,35,4,"higher_gap_below_MTD",1,3,2,0.3,"two_stage",30,30,6,30,"CRM","random_carryoever","random",0.15,0.85,"dose_specific_carryover",0.5,0.5,0.15,0.85,0.15,0.85,2,0.3,6,"continuous",0.0179,28,1,1,1,0,0,1,0.03,0.2,0.1242,0.2448,0.2076,0.1361,NA,NA,1.2,11.7,4.515,4.515,0,29.985,29.985,0,0,0.1,1663.1336,1000,1000
35,35,4,"higher_gap_below_MTD",1,3,2,0.3,"two_stage",30,30,6,30,"CRM","random_carryoever","random",0.15,0.85,"dose_specific_carryover",0.5,0.5,0.15,0.85,0.15,0.85,2,0.3,6,"continuous",0.0179,28,1,1,1,0,0,2,0.09,0.45,0.1665,0.4134,0.3634,0.1361,NA,NA,6.5,42,8.724,8.724,0,29.985,29.985,0,0,0.1,1663.1336,1000,1000
35,35,4,"higher_gap_below_MTD",1,3,2,0.3,"two_stage",30,30,6,30,"CRM","random_carryoever","random",0.15,0.85,"dose_specific_carryover",0.5,0.5,0.15,0.85,0.15,0.85,2,0.3,6,"continuous",0.0179,28,1,1,1,0,0,3,0.3,0.45,0.2547,0.4201,0.3436,0.1361,NA,NA,44.6,31.3,8.832,8.832,0,29.985,29.985,0,0,0.1,1663.1336,1000,1000
35,35,4,"higher_gap_below_MTD",1,3,2,0.3,"two_stage",30,30,6,30,"CRM","random_carryoever","random",0.15,0.85,"dose_specific_carryover",0.5,0.5,0.15,0.85,0.15,0.85,2,0.3,6,"continuous",0.0179,28,1,1,1,0,0,4,0.4,0.45,0.3006,0.4509,0.3607,0.1361,NA,NA,31.2,11.4,5.187,5.187,0,29.985,29.985,0,0,0.1,1663.1336,1000,1000
35,35,4,"higher_gap_below_MTD",1,3,2,0.3,"two_stage",30,30,6,30,"CRM","random_carryoever","random",0.15,0.85,"dose_specific_carryover",0.5,0.5,0.15,0.85,0.15,0.85,2,0.3,6,"continuous",0.0179,28,1,1,1,0,0,5,0.45,0.45,0.396,0.4819,0.3631,0.1361,NA,NA,16.5,3.5,2.727,2.727,0,29.985,29.985,0,0,0.1,1663.1336,1000,1000
36,36,5,"higher_gap_below_MTD",1,2,2,0.3,"two_stage",30,30,6,30,"CRM","random_carryoever","random",0.15,0.85,"dose_specific_carryover",0.5,0.5,0.15,0.85,0.15,0.85,2,0.3,6,"continuous",0.0179,28,1,1,1,0,0,1,0.13,0.05,0.1953,0.1065,0.0479,0.138,NA,NA,23.4,21.1,9.78,9.78,0,27.846,27.846,0.4,0.4,15.9,1545.8893,1000,1000
36,36,5,"higher_gap_below_MTD",1,2,2,0.3,"two_stage",30,30,6,30,"CRM","random_carryoever","random",0.15,0.85,"dose_specific_carryover",0.5,0.5,0.15,0.85,0.15,0.85,2,0.3,6,"continuous",0.0179,28,1,1,1,0,0,2,0.29,0.2,0.2456,0.2578,0.1841,0.138,NA,NA,35.9,41.6,8.28,8.28,0,27.846,27.846,0.4,0.4,15.9,1545.8893,1000,1000
36,36,5,"higher_gap_below_MTD",1,2,2,0.3,"two_stage",30,30,6,30,"CRM","random_carryoever","random",0.15,0.85,"dose_specific_carryover",0.5,0.5,0.15,0.85,0.15,0.85,2,0.3,6,"continuous",0.0179,28,1,1,1,0,0,3,0.35,0.22,0.3427,0.3252,0.2224,0.138,NA,NA,24.5,14,5.829,5.829,0,27.846,27.846,0.4,0.4,15.9,1545.8893,1000,1000
36,36,5,"higher_gap_below_MTD",1,2,2,0.3,"two_stage",30,30,6,30,"CRM","random_carryoever","random",0.15,0.85,"dose_specific_carryover",0.5,0.5,0.15,0.85,0.15,0.85,2,0.3,6,"continuous",0.0179,28,1,1,1,0,0,4,0.4,0.3,0.3903,0.4312,0.3142,0.138,NA,NA,11,6,2.808,2.808,0,27.846,27.846,0.4,0.4,15.9,1545.8893,1000,1000
36,36,5,"higher_gap_below_MTD",1,2,2,0.3,"two_stage",30,30,6,30,"CRM","random_carryoever","random",0.15,0.85,"dose_specific_carryover",0.5,0.5,0.15,0.85,0.15,0.85,2,0.3,6,"continuous",0.0179,28,1,1,1,0,0,5,0.43,0.35,0.4844,0.4788,0.3335,0.138,NA,NA,4.8,1.4,1.149,1.149,0,27.846,27.846,0.4,0.4,15.9,1545.8893,1000,1000
37,37,6,"higher_gap_below_MTD",1,2,2,0.3,"two_stage",30,30,6,30,"CRM","random_carryoever","random",0.15,0.85,"dose_specific_carryover",0.5,0.5,0.15,0.85,0.15,0.85,2,0.3,6,"continuous",0.0179,28,1,1,1,0,0,1,0.08,0.05,0.2005,0.1077,0.0475,0.1393,NA,NA,17.7,27.2,8.895,8.895,0,28.719,28.719,0.1,0.1,7.5,1594.6227,1000,1000
37,37,6,"higher_gap_below_MTD",1,2,2,0.3,"two_stage",30,30,6,30,"CRM","random_carryoever","random",0.15,0.85,"dose_specific_carryover",0.5,0.5,0.15,0.85,0.15,0.85,2,0.3,6,"continuous",0.0179,28,1,1,1,0,0,2,0.3,0.2,0.2519,0.2316,0.156,0.1393,NA,NA,46.5,49.8,10.566,10.566,0,28.719,28.719,0.1,0.1,7.5,1594.6227,1000,1000
37,37,6,"higher_gap_below_MTD",1,2,2,0.3,"two_stage",30,30,6,30,"CRM","random_carryoever","random",0.15,0.85,"dose_specific_carryover",0.5,0.5,0.15,0.85,0.15,0.85,2,0.3,6,"continuous",0.0179,28,1,1,1,0,0,3,0.4,0.2,0.3504,0.2978,0.1927,0.1393,NA,NA,25.8,12.4,6.228,6.228,0,28.719,28.719,0.1,0.1,7.5,1594.6227,1000,1000
37,37,6,"higher_gap_below_MTD",1,2,2,0.3,"two_stage",30,30,6,30,"CRM","random_carryoever","random",0.15,0.85,"dose_specific_carryover",0.5,0.5,0.15,0.85,0.15,0.85,2,0.3,6,"continuous",0.0179,28,1,1,1,0,0,4,0.45,0.2,0.3984,0.4109,0.2914,0.1393,NA,NA,8.2,2.9,2.256,2.256,0,28.719,28.719,0.1,0.1,7.5,1594.6227,1000,1000
37,37,6,"higher_gap_below_MTD",1,2,2,0.3,"two_stage",30,30,6,30,"CRM","random_carryoever","random",0.15,0.85,"dose_specific_carryover",0.5,0.5,0.15,0.85,0.15,0.85,2,0.3,6,"continuous",0.0179,28,1,1,1,0,0,5,0.5,0.2,0.4928,0.4663,0.3185,0.1393,NA,NA,1.7,0.2,0.774,0.774,0,28.719,28.719,0.1,0.1,7.5,1594.6227,1000,1000
38,1,1,"base_example",1,1,1,0.3,"one_stage",30,30,30,30,"CRM","random_carryoever","random",0.15,0.85,"dose_specific_carryover",0.5,0.5,0.15,0.85,0.15,0.85,2,0.3,6,"continuous",0.0179,28,1,1,1,0,0,1,0.3,0.05,0.3231,0.082,-0.015,0.1373,NA,NA,50.7,33.6,14.622,14.622,0,24.915,24.915,12.2,13.6,48.1,1381.5805,1000,1000
38,1,1,"base_example",1,1,1,0.3,"one_stage",30,30,30,30,"CRM","random_carryoever","random",0.15,0.85,"dose_specific_carryover",0.5,0.5,0.15,0.85,0.15,0.85,2,0.3,6,"continuous",0.0179,28,1,1,1,0,0,2,0.35,0.06,0.3775,0.1376,0.0244,0.1373,NA,NA,24.6,15.6,6.165,6.165,0,24.915,24.915,12.2,13.6,48.1,1381.5805,1000,1000
38,1,1,"base_example",1,1,1,0.3,"one_stage",30,30,30,30,"CRM","random_carryoever","random",0.15,0.85,"dose_specific_carryover",0.5,0.5,0.15,0.85,0.15,0.85,2,0.3,6,"continuous",0.0179,28,1,1,1,0,0,3,0.4,0.07,0.4742,0.3473,0.2051,0.1373,NA,NA,7.9,1.9,2.379,2.379,0,24.915,24.915,12.2,13.6,48.1,1381.5805,1000,1000
38,1,1,"base_example",1,1,1,0.3,"one_stage",30,30,30,30,"CRM","random_carryoever","random",0.15,0.85,"dose_specific_carryover",0.5,0.5,0.15,0.85,0.15,0.85,2,0.3,6,"continuous",0.0179,28,1,1,1,0,0,4,0.45,0.08,0.5187,0.3995,0.2438,0.1373,NA,NA,4,0.6,1.38,1.38,0,24.915,24.915,12.2,13.6,48.1,1381.5805,1000,1000
38,1,1,"base_example",1,1,1,0.3,"one_stage",30,30,30,30,"CRM","random_carryoever","random",0.15,0.85,"dose_specific_carryover",0.5,0.5,0.15,0.85,0.15,0.85,2,0.3,6,"continuous",0.0179,28,1,1,1,0,0,5,0.5,0.09,0.6025,0.4677,0.2869,0.1373,NA,NA,0.6,0.2,0.369,0.369,0,24.915,24.915,12.2,13.6,48.1,1381.5805,1000,1000
39,2,2,"base_example",1,3,3,0.3,"one_stage",30,30,30,30,"CRM","random_carryoever","random",0.15,0.85,"dose_specific_carryover",0.5,0.5,0.15,0.85,0.15,0.85,2,0.3,6,"continuous",0.0179,28,1,1,1,0,0,1,0.15,0.2,0.1647,0.2225,0.173,0.1395,NA,NA,4.7,26.3,9.36,9.36,0,29.841,29.841,0.3,0.4,1.2,1654.9644,1000,1000
39,2,2,"base_example",1,3,3,0.3,"one_stage",30,30,30,30,"CRM","random_carryoever","random",0.15,0.85,"dose_specific_carryover",0.5,0.5,0.15,0.85,0.15,0.85,2,0.3,6,"continuous",0.0179,28,1,1,1,0,0,2,0.2,0.25,0.212,0.2519,0.1883,0.1395,NA,NA,30.3,19.2,7.149,7.149,0,29.841,29.841,0.3,0.4,1.2,1654.9644,1000,1000
39,2,2,"base_example",1,3,3,0.3,"one_stage",30,30,30,30,"CRM","random_carryoever","random",0.15,0.85,"dose_specific_carryover",0.5,0.5,0.15,0.85,0.15,0.85,2,0.3,6,"continuous",0.0179,28,1,1,1,0,0,3,0.3,0.5,0.3061,0.4623,0.3705,0.1395,NA,NA,40.2,38.3,8.904,8.904,0,29.841,29.841,0.3,0.4,1.2,1654.9644,1000,1000
39,2,2,"base_example",1,3,3,0.3,"one_stage",30,30,30,30,"CRM","random_carryoever","random",0.15,0.85,"dose_specific_carryover",0.5,0.5,0.15,0.85,0.15,0.85,2,0.3,6,"continuous",0.0179,28,1,1,1,0,0,4,0.35,0.5,0.3533,0.4908,0.3848,0.1395,NA,NA,19.7,12.8,3.63,3.63,0,29.841,29.841,0.3,0.4,1.2,1654.9644,1000,1000
39,2,2,"base_example",1,3,3,0.3,"one_stage",30,30,30,30,"CRM","random_carryoever","random",0.15,0.85,"dose_specific_carryover",0.5,0.5,0.15,0.85,0.15,0.85,2,0.3,6,"continuous",0.0179,28,1,1,1,0,0,5,0.45,0.5,0.4484,0.495,0.3605,0.1395,NA,NA,4.8,2.2,0.798,0.798,0,29.841,29.841,0.3,0.4,1.2,1654.9644,1000,1000
40,3,3,"base_example",1,3,2,0.3,"one_stage",30,30,30,30,"CRM","random_carryoever","random",0.15,0.85,"dose_specific_carryover",0.5,0.5,0.15,0.85,0.15,0.85,2,0.3,6,"continuous",0.0179,28,1,1,1,0,0,1,0.15,0.1,0.1651,0.163,0.1135,0.1345,NA,NA,5.7,9.7,6.78,6.78,0,29.7,29.7,0.3,0.3,2.7,1647.947,1000,1000
40,3,3,"base_example",1,3,2,0.3,"one_stage",30,30,30,30,"CRM","random_carryoever","random",0.15,0.85,"dose_specific_carryover",0.5,0.5,0.15,0.85,0.15,0.85,2,0.3,6,"continuous",0.0179,28,1,1,1,0,0,2,0.2,0.4,0.2124,0.3593,0.2955,0.1345,NA,NA,31.4,50.1,11.664,11.664,0,29.7,29.7,0.3,0.3,2.7,1647.947,1000,1000
40,3,3,"base_example",1,3,2,0.3,"one_stage",30,30,30,30,"CRM","random_carryoever","random",0.15,0.85,"dose_specific_carryover",0.5,0.5,0.15,0.85,0.15,0.85,2,0.3,6,"continuous",0.0179,28,1,1,1,0,0,3,0.3,0.4,0.3063,0.4004,0.3085,0.1345,NA,NA,34.6,23.7,6.75,6.75,0,29.7,29.7,0.3,0.3,2.7,1647.947,1000,1000
40,3,3,"base_example",1,3,2,0.3,"one_stage",30,30,30,30,"CRM","random_carryoever","random",0.15,0.85,"dose_specific_carryover",0.5,0.5,0.15,0.85,0.15,0.85,2,0.3,6,"continuous",0.0179,28,1,1,1,0,0,4,0.35,0.4,0.3534,0.4527,0.3466,0.1345,NA,NA,21.5,11.3,3.534,3.534,0,29.7,29.7,0.3,0.3,2.7,1647.947,1000,1000
40,3,3,"base_example",1,3,2,0.3,"one_stage",30,30,30,30,"CRM","random_carryoever","random",0.15,0.85,"dose_specific_carryover",0.5,0.5,0.15,0.85,0.15,0.85,2,0.3,6,"continuous",0.0179,28,1,1,1,0,0,5,0.45,0.4,0.4485,0.4787,0.3442,0.1345,NA,NA,6.5,2.5,0.972,0.972,0,29.7,29.7,0.3,0.3,2.7,1647.947,1000,1000
41,4,4,"base_example",1,4,4,0.3,"one_stage",30,30,30,30,"CRM","random_carryoever","random",0.15,0.85,"dose_specific_carryover",0.5,0.5,0.15,0.85,0.15,0.85,2,0.3,6,"continuous",0.0179,28,1,1,1,0,0,1,0.05,0.05,0.1013,0.1482,0.1178,0.1351,NA,NA,0.2,6.6,4.254,4.254,0,29.979,29.979,0,0,0.3,1663.1064,1000,1000
41,4,4,"base_example",1,4,4,0.3,"one_stage",30,30,30,30,"CRM","random_carryoever","random",0.15,0.85,"dose_specific_carryover",0.5,0.5,0.15,0.85,0.15,0.85,2,0.3,6,"continuous",0.0179,28,1,1,1,0,0,2,0.1,0.1,0.1395,0.1697,0.1279,0.1351,NA,NA,2.4,6.1,4.65,4.65,0,29.979,29.979,0,0,0.3,1663.1064,1000,1000
41,4,4,"base_example",1,4,4,0.3,"one_stage",30,30,30,30,"CRM","random_carryoever","random",0.15,0.85,"dose_specific_carryover",0.5,0.5,0.15,0.85,0.15,0.85,2,0.3,6,"continuous",0.0179,28,1,1,1,0,0,3,0.18,0.25,0.2221,0.2593,0.1927,0.1351,NA,NA,16.7,17,6.759,6.759,0,29.979,29.979,0,0,0.3,1663.1064,1000,1000
41,4,4,"base_example",1,4,4,0.3,"one_stage",30,30,30,30,"CRM","random_carryoever","random",0.15,0.85,"dose_specific_carryover",0.5,0.5,0.15,0.85,0.15,0.85,2,0.3,6,"continuous",0.0179,28,1,1,1,0,0,4,0.3,0.5,0.2664,0.4689,0.389,0.1351,NA,NA,54.8,54.5,10.728,10.728,0,29.979,29.979,0,0,0.3,1663.1064,1000,1000
41,4,4,"base_example",1,4,4,0.3,"one_stage",30,30,30,30,"CRM","random_carryoever","random",0.15,0.85,"dose_specific_carryover",0.5,0.5,0.15,0.85,0.15,0.85,2,0.3,6,"continuous",0.0179,28,1,1,1,0,0,5,0.4,0.55,0.3605,0.4997,0.3916,0.1351,NA,NA,25.9,15.5,3.588,3.588,0,29.979,29.979,0,0,0.3,1663.1064,1000,1000
42,5,5,"base_example",1,5,2,0.3,"one_stage",30,30,30,30,"CRM","random_carryoever","random",0.15,0.85,"dose_specific_carryover",0.5,0.5,0.15,0.85,0.15,0.85,2,0.3,6,"continuous",0.0179,28,1,1,1,0,0,1,0.07,0.05,0.0844,0.1488,0.1235,0.1369,NA,NA,0.7,5.8,3.888,3.888,0,29.94,29.94,0,0,0.6,1660.7443,1000,1000
42,5,5,"base_example",1,5,2,0.3,"one_stage",30,30,30,30,"CRM","random_carryoever","random",0.15,0.85,"dose_specific_carryover",0.5,0.5,0.15,0.85,0.15,0.85,2,0.3,6,"continuous",0.0179,28,1,1,1,0,0,2,0.12,0.3,0.118,0.2898,0.2544,0.1369,NA,NA,4.4,39.4,7.494,7.494,0,29.94,29.94,0,0,0.6,1660.7443,1000,1000
42,5,5,"base_example",1,5,2,0.3,"one_stage",30,30,30,30,"CRM","random_carryoever","random",0.15,0.85,"dose_specific_carryover",0.5,0.5,0.15,0.85,0.15,0.85,2,0.3,6,"continuous",0.0179,28,1,1,1,0,0,3,0.17,0.3,0.1933,0.29,0.232,0.1369,NA,NA,14.9,24.5,7.176,7.176,0,29.94,29.94,0,0,0.6,1660.7443,1000,1000
42,5,5,"base_example",1,5,2,0.3,"one_stage",30,30,30,30,"CRM","random_carryoever","random",0.15,0.85,"dose_specific_carryover",0.5,0.5,0.15,0.85,0.15,0.85,2,0.3,6,"continuous",0.0179,28,1,1,1,0,0,4,0.22,0.3,0.2347,0.3163,0.2459,0.1369,NA,NA,29,20.2,7.026,7.026,0,29.94,29.94,0,0,0.6,1660.7443,1000,1000
42,5,5,"base_example",1,5,2,0.3,"one_stage",30,30,30,30,"CRM","random_carryoever","random",0.15,0.85,"dose_specific_carryover",0.5,0.5,0.15,0.85,0.15,0.85,2,0.3,6,"continuous",0.0179,28,1,1,1,0,0,5,0.3,0.3,0.325,0.3644,0.2669,0.1369,NA,NA,51,9.5,4.356,4.356,0,29.94,29.94,0,0,0.6,1660.7443,1000,1000
43,6,1,"five_scenarios_txt",1,1,1,0.3,"one_stage",30,30,30,30,"CRM","random_carryoever","random",0.15,0.85,"dose_specific_carryover",0.5,0.5,0.15,0.85,0.15,0.85,2,0.3,6,"continuous",0.0179,28,1,1,1,0,0,1,0.29,0.3,0.3079,0.3009,0.2085,0.1366,NA,NA,44.8,62.6,17.574,17.574,0,27.801,27.801,11.8,12.5,12.6,1543.5414,1000,1000
43,6,1,"five_scenarios_txt",1,1,1,0.3,"one_stage",30,30,30,30,"CRM","random_carryoever","random",0.15,0.85,"dose_specific_carryover",0.5,0.5,0.15,0.85,0.15,0.85,2,0.3,6,"continuous",0.0179,28,1,1,1,0,0,2,0.34,0.32,0.3623,0.3486,0.2399,0.1366,NA,NA,28.6,17.7,6.063,6.063,0,27.801,27.801,11.8,12.5,12.6,1543.5414,1000,1000
43,6,1,"five_scenarios_txt",1,1,1,0.3,"one_stage",30,30,30,30,"CRM","random_carryoever","random",0.15,0.85,"dose_specific_carryover",0.5,0.5,0.15,0.85,0.15,0.85,2,0.3,6,"continuous",0.0179,28,1,1,1,0,0,3,0.38,0.35,0.4598,0.4406,0.3026,0.1366,NA,NA,10.2,4.7,2.673,2.673,0,27.801,27.801,11.8,12.5,12.6,1543.5414,1000,1000
43,6,1,"five_scenarios_txt",1,1,1,0.3,"one_stage",30,30,30,30,"CRM","random_carryoever","random",0.15,0.85,"dose_specific_carryover",0.5,0.5,0.15,0.85,0.15,0.85,2,0.3,6,"continuous",0.0179,28,1,1,1,0,0,4,0.43,0.38,0.5049,0.4769,0.3254,0.1366,NA,NA,4.1,2,1.236,1.236,0,27.801,27.801,11.8,12.5,12.6,1543.5414,1000,1000
43,6,1,"five_scenarios_txt",1,1,1,0.3,"one_stage",30,30,30,30,"CRM","random_carryoever","random",0.15,0.85,"dose_specific_carryover",0.5,0.5,0.15,0.85,0.15,0.85,2,0.3,6,"continuous",0.0179,28,1,1,1,0,0,5,0.52,0.4,0.5902,0.4941,0.3171,0.1366,NA,NA,0.5,0.4,0.255,0.255,0,27.801,27.801,11.8,12.5,12.6,1543.5414,1000,1000
44,7,2,"five_scenarios_txt",1,4,2,0.3,"one_stage",30,30,30,30,"CRM","random_carryoever","random",0.15,0.85,"dose_specific_carryover",0.5,0.5,0.15,0.85,0.15,0.85,2,0.3,6,"continuous",0.0179,28,1,1,1,0,0,1,0.16,0.2,0.1573,0.233,0.1858,0.1371,NA,NA,5.7,12.1,7.692,7.692,0,29.838,29.838,0.4,0.4,1.1,1655.5788,1000,1000
44,7,2,"five_scenarios_txt",1,4,2,0.3,"one_stage",30,30,30,30,"CRM","random_carryoever","random",0.15,0.85,"dose_specific_carryover",0.5,0.5,0.15,0.85,0.15,0.85,2,0.3,6,"continuous",0.0179,28,1,1,1,0,0,2,0.2,0.5,0.2032,0.4387,0.3777,0.1371,NA,NA,43.1,51.1,13.071,13.071,0,29.838,29.838,0.4,0.4,1.1,1655.5788,1000,1000
44,7,2,"five_scenarios_txt",1,4,2,0.3,"one_stage",30,30,30,30,"CRM","random_carryoever","random",0.15,0.85,"dose_specific_carryover",0.5,0.5,0.15,0.85,0.15,0.85,2,0.3,6,"continuous",0.0179,28,1,1,1,0,0,3,0.26,0.5,0.2953,0.4655,0.377,0.1371,NA,NA,29.2,22.7,5.67,5.67,0,29.838,29.838,0.4,0.4,1.1,1655.5788,1000,1000
44,7,2,"five_scenarios_txt",1,4,2,0.3,"one_stage",30,30,30,30,"CRM","random_carryoever","random",0.15,0.85,"dose_specific_carryover",0.5,0.5,0.15,0.85,0.15,0.85,2,0.3,6,"continuous",0.0179,28,1,1,1,0,0,4,0.31,0.5,0.3419,0.4879,0.3853,0.1371,NA,NA,15.4,9.9,2.655,2.655,0,29.838,29.838,0.4,0.4,1.1,1655.5788,1000,1000
44,7,2,"five_scenarios_txt",1,4,2,0.3,"one_stage",30,30,30,30,"CRM","random_carryoever","random",0.15,0.85,"dose_specific_carryover",0.5,0.5,0.15,0.85,0.15,0.85,2,0.3,6,"continuous",0.0179,28,1,1,1,0,0,5,0.36,0.5,0.4366,0.4957,0.3647,0.1371,NA,NA,6.2,3.1,0.75,0.75,0,29.838,29.838,0.4,0.4,1.1,1655.5788,1000,1000
45,8,3,"five_scenarios_txt",1,1,1,0.3,"one_stage",30,30,30,30,"CRM","random_carryoever","random",0.15,0.85,"dose_specific_carryover",0.5,0.5,0.15,0.85,0.15,0.85,2,0.3,6,"continuous",0.0179,28,1,1,1,0,0,1,0.32,0.1,0.3479,0.1241,0.0198,0.1376,NA,NA,53,44.7,15.723,15.723,0,25.434,25.434,17.1,18.7,36.8,1411.6296,1000,1000
45,8,3,"five_scenarios_txt",1,1,1,0.3,"one_stage",30,30,30,30,"CRM","random_carryoever","random",0.15,0.85,"dose_specific_carryover",0.5,0.5,0.15,0.85,0.15,0.85,2,0.3,6,"continuous",0.0179,28,1,1,1,0,0,2,0.37,0.15,0.4024,0.2183,0.0976,0.1376,NA,NA,20.8,14.3,6.084,6.084,0,25.434,25.434,17.1,18.7,36.8,1411.6296,1000,1000
45,8,3,"five_scenarios_txt",1,1,1,0.3,"one_stage",30,30,30,30,"CRM","random_carryoever","random",0.15,0.85,"dose_specific_carryover",0.5,0.5,0.15,0.85,0.15,0.85,2,0.3,6,"continuous",0.0179,28,1,1,1,0,0,3,0.42,0.2,0.4983,0.3998,0.2503,0.1376,NA,NA,6.7,3,2.262,2.262,0,25.434,25.434,17.1,18.7,36.8,1411.6296,1000,1000
45,8,3,"five_scenarios_txt",1,1,1,0.3,"one_stage",30,30,30,30,"CRM","random_carryoever","random",0.15,0.85,"dose_specific_carryover",0.5,0.5,0.15,0.85,0.15,0.85,2,0.3,6,"continuous",0.0179,28,1,1,1,0,0,4,0.48,0.3,0.5418,0.4606,0.2981,0.1376,NA,NA,1.9,1,1.11,1.11,0,25.434,25.434,17.1,18.7,36.8,1411.6296,1000,1000
45,8,3,"five_scenarios_txt",1,1,1,0.3,"one_stage",30,30,30,30,"CRM","random_carryoever","random",0.15,0.85,"dose_specific_carryover",0.5,0.5,0.15,0.85,0.15,0.85,2,0.3,6,"continuous",0.0179,28,1,1,1,0,0,5,0.52,0.4,0.6232,0.4937,0.3068,0.1376,NA,NA,0.5,0.2,0.255,0.255,0,25.434,25.434,17.1,18.7,36.8,1411.6296,1000,1000
46,9,4,"five_scenarios_txt",1,5,5,0.3,"one_stage",30,30,30,30,"CRM","random_carryoever","random",0.15,0.85,"dose_specific_carryover",0.5,0.5,0.15,0.85,0.15,0.85,2,0.3,6,"continuous",0.0179,28,1,1,1,0,0,1,0.15,0.05,0.1261,0.127,0.0892,0.1375,NA,NA,5.1,16.4,7.113,7.113,0,29.529,29.529,0.3,0.3,5.3,1639.4108,1000,1000
46,9,4,"five_scenarios_txt",1,5,5,0.3,"one_stage",30,30,30,30,"CRM","random_carryoever","random",0.15,0.85,"dose_specific_carryover",0.5,0.5,0.15,0.85,0.15,0.85,2,0.3,6,"continuous",0.0179,28,1,1,1,0,0,2,0.18,0.08,0.1663,0.1416,0.0917,0.1375,NA,NA,14.1,15.3,6.156,6.156,0,29.529,29.529,0.3,0.3,5.3,1639.4108,1000,1000
46,9,4,"five_scenarios_txt",1,5,5,0.3,"one_stage",30,30,30,30,"CRM","random_carryoever","random",0.15,0.85,"dose_specific_carryover",0.5,0.5,0.15,0.85,0.15,0.85,2,0.3,6,"continuous",0.0179,28,1,1,1,0,0,3,0.22,0.2,0.2503,0.2491,0.1739,0.1375,NA,NA,18.7,20.8,5.979,5.979,0,29.529,29.529,0.3,0.3,5.3,1639.4108,1000,1000
46,9,4,"five_scenarios_txt",1,5,5,0.3,"one_stage",30,30,30,30,"CRM","random_carryoever","random",0.15,0.85,"dose_specific_carryover",0.5,0.5,0.15,0.85,0.15,0.85,2,0.3,6,"continuous",0.0179,28,1,1,1,0,0,4,0.26,0.25,0.2944,0.3165,0.2281,0.1375,NA,NA,25.4,16.4,5.454,5.454,0,29.529,29.529,0.3,0.3,5.3,1639.4108,1000,1000
46,9,4,"five_scenarios_txt",1,5,5,0.3,"one_stage",30,30,30,30,"CRM","random_carryoever","random",0.15,0.85,"dose_specific_carryover",0.5,0.5,0.15,0.85,0.15,0.85,2,0.3,6,"continuous",0.0179,28,1,1,1,0,0,5,0.29,0.5,0.3868,0.481,0.3649,0.1375,NA,NA,36.4,25.8,4.827,4.827,0,29.529,29.529,0.3,0.3,5.3,1639.4108,1000,1000
47,10,5,"five_scenarios_txt",1,2,2,0.3,"one_stage",30,30,30,30,"CRM","random_carryoever","random",0.15,0.85,"dose_specific_carryover",0.5,0.5,0.15,0.85,0.15,0.85,2,0.3,6,"continuous",0.0179,28,1,1,1,0,0,1,0.23,0.05,0.2372,0.1099,0.0387,0.1383,NA,NA,28.8,12.4,9.714,9.714,0,27.711,27.711,3.4,3.6,22.3,1538.8232,1000,1000
47,10,5,"five_scenarios_txt",1,2,2,0.3,"one_stage",30,30,30,30,"CRM","random_carryoever","random",0.15,0.85,"dose_specific_carryover",0.5,0.5,0.15,0.85,0.15,0.85,2,0.3,6,"continuous",0.0179,28,1,1,1,0,0,2,0.28,0.4,0.289,0.3909,0.3042,0.1383,NA,NA,32,42,10.608,10.608,0,27.711,27.711,3.4,3.6,22.3,1538.8232,1000,1000
47,10,5,"five_scenarios_txt",1,2,2,0.3,"one_stage",30,30,30,30,"CRM","random_carryoever","random",0.15,0.85,"dose_specific_carryover",0.5,0.5,0.15,0.85,0.15,0.85,2,0.3,6,"continuous",0.0179,28,1,1,1,0,0,3,0.32,0.42,0.3861,0.4476,0.3318,0.1383,NA,NA,21.6,15.3,4.674,4.674,0,27.711,27.711,3.4,3.6,22.3,1538.8232,1000,1000
47,10,5,"five_scenarios_txt",1,2,2,0.3,"one_stage",30,30,30,30,"CRM","random_carryoever","random",0.15,0.85,"dose_specific_carryover",0.5,0.5,0.15,0.85,0.15,0.85,2,0.3,6,"continuous",0.0179,28,1,1,1,0,0,4,0.39,0.45,0.4327,0.4806,0.3508,0.1383,NA,NA,11.5,6.7,2.142,2.142,0,27.711,27.711,3.4,3.6,22.3,1538.8232,1000,1000
47,10,5,"five_scenarios_txt",1,2,2,0.3,"one_stage",30,30,30,30,"CRM","random_carryoever","random",0.15,0.85,"dose_specific_carryover",0.5,0.5,0.15,0.85,0.15,0.85,2,0.3,6,"continuous",0.0179,28,1,1,1,0,0,5,0.43,0.5,0.5235,0.4955,0.3385,0.1383,NA,NA,2.7,1.3,0.573,0.573,0,27.711,27.711,3.4,3.6,22.3,1538.8232,1000,1000
48,11,1,"five_scenarios_txt",1,2,1,0.3,"one_stage",30,30,30,30,"CRM","random_carryoever","random",0.15,0.85,"dose_specific_carryover",0.5,0.5,0.15,0.85,0.15,0.85,2,0.3,6,"continuous",0.0179,28,1,1,1,0,0,1,0.22,0.2,0.2584,0.2084,0.1309,0.1376,NA,NA,33.2,66.3,16.701,16.701,0,29.253,29.253,3.3,3.5,5.8,1624.1746,1000,1000
48,11,1,"five_scenarios_txt",1,2,1,0.3,"one_stage",30,30,30,30,"CRM","random_carryoever","random",0.15,0.85,"dose_specific_carryover",0.5,0.5,0.15,0.85,0.15,0.85,2,0.3,6,"continuous",0.0179,28,1,1,1,0,0,2,0.32,0.2,0.3131,0.2237,0.1298,0.1376,NA,NA,46.2,23.4,7.773,7.773,0,29.253,29.253,3.3,3.5,5.8,1624.1746,1000,1000
48,11,1,"five_scenarios_txt",1,2,1,0.3,"one_stage",30,30,30,30,"CRM","random_carryoever","random",0.15,0.85,"dose_specific_carryover",0.5,0.5,0.15,0.85,0.15,0.85,2,0.3,6,"continuous",0.0179,28,1,1,1,0,0,3,0.44,0.2,0.4136,0.3614,0.2374,0.1376,NA,NA,14.8,4.1,3.27,3.27,0,29.253,29.253,3.3,3.5,5.8,1624.1746,1000,1000
48,11,1,"five_scenarios_txt",1,2,1,0.3,"one_stage",30,30,30,30,"CRM","random_carryoever","random",0.15,0.85,"dose_specific_carryover",0.5,0.5,0.15,0.85,0.15,0.85,2,0.3,6,"continuous",0.0179,28,1,1,1,0,0,4,0.59,0.2,0.4609,0.4258,0.2876,0.1376,NA,NA,2.5,0.4,1.299,1.299,0,29.253,29.253,3.3,3.5,5.8,1624.1746,1000,1000
48,11,1,"five_scenarios_txt",1,2,1,0.3,"one_stage",30,30,30,30,"CRM","random_carryoever","random",0.15,0.85,"dose_specific_carryover",0.5,0.5,0.15,0.85,0.15,0.85,2,0.3,6,"continuous",0.0179,28,1,1,1,0,0,5,0.67,0.2,0.5514,0.4855,0.3201,0.1376,NA,NA,0,0,0.21,0.21,0,29.253,29.253,3.3,3.5,5.8,1624.1746,1000,1000
49,12,2,"five_scenarios_txt",3,4,4,0.3,"one_stage",30,30,30,30,"CRM","random_carryoever","random",0.15,0.85,"dose_specific_carryover",0.5,0.5,0.15,0.85,0.15,0.85,2,0.3,6,"continuous",0.0179,28,1,1,1,0,0,1,0.06,0.05,0.1036,0.1439,0.1129,0.1362,NA,NA,0.2,12.6,4.569,4.569,0,29.964,29.964,0,0,0.4,1662.0853,1000,1000
49,12,2,"five_scenarios_txt",3,4,4,0.3,"one_stage",30,30,30,30,"CRM","random_carryoever","random",0.15,0.85,"dose_specific_carryover",0.5,0.5,0.15,0.85,0.15,0.85,2,0.3,6,"continuous",0.0179,28,1,1,1,0,0,2,0.09,0.1,0.1422,0.1648,0.1221,0.1362,NA,NA,2.6,12.7,5.286,5.286,0,29.964,29.964,0,0,0.4,1662.0853,1000,1000
49,12,2,"five_scenarios_txt",3,4,4,0.3,"one_stage",30,30,30,30,"CRM","random_carryoever","random",0.15,0.85,"dose_specific_carryover",0.5,0.5,0.15,0.85,0.15,0.85,2,0.3,6,"continuous",0.0179,28,1,1,1,0,0,3,0.18,0.12,0.2256,0.1721,0.1044,0.1362,NA,NA,17,7.7,5.598,5.598,0,29.964,29.964,0,0,0.4,1662.0853,1000,1000
49,12,2,"five_scenarios_txt",3,4,4,0.3,"one_stage",30,30,30,30,"CRM","random_carryoever","random",0.15,0.85,"dose_specific_carryover",0.5,0.5,0.15,0.85,0.15,0.85,2,0.3,6,"continuous",0.0179,28,1,1,1,0,0,4,0.29,0.4,0.2701,0.3877,0.3067,0.1362,NA,NA,49.9,44.5,9.459,9.459,0,29.964,29.964,0,0,0.4,1662.0853,1000,1000
49,12,2,"five_scenarios_txt",3,4,4,0.3,"one_stage",30,30,30,30,"CRM","random_carryoever","random",0.15,0.85,"dose_specific_carryover",0.5,0.5,0.15,0.85,0.15,0.85,2,0.3,6,"continuous",0.0179,28,1,1,1,0,0,5,0.44,0.6,0.3645,0.5353,0.426,0.1362,NA,NA,30.3,22.1,5.052,5.052,0,29.964,29.964,0,0,0.4,1662.0853,1000,1000
50,13,3,"five_scenarios_txt",1,3,3,0.3,"one_stage",30,30,30,30,"CRM","random_carryoever","random",0.15,0.85,"dose_specific_carryover",0.5,0.5,0.15,0.85,0.15,0.85,2,0.3,6,"continuous",0.0179,28,1,1,1,0,0,1,0.21,0.05,0.2265,0.1081,0.0402,0.138,NA,NA,26.1,14,9.714,9.714,0,28.122,28.122,2.4,2.6,19.7,1560.5317,1000,1000
50,13,3,"five_scenarios_txt",1,3,3,0.3,"one_stage",30,30,30,30,"CRM","random_carryoever","random",0.15,0.85,"dose_specific_carryover",0.5,0.5,0.15,0.85,0.15,0.85,2,0.3,6,"continuous",0.0179,28,1,1,1,0,0,2,0.29,0.3,0.278,0.3059,0.2225,0.138,NA,NA,32.3,43.3,10.026,10.026,0,28.122,28.122,2.4,2.6,19.7,1560.5317,1000,1000
50,13,3,"five_scenarios_txt",1,3,3,0.3,"one_stage",30,30,30,30,"CRM","random_carryoever","random",0.15,0.85,"dose_specific_carryover",0.5,0.5,0.15,0.85,0.15,0.85,2,0.3,6,"continuous",0.0179,28,1,1,1,0,0,3,0.3,0.32,0.3753,0.3905,0.2779,0.138,NA,NA,20.5,15,4.824,4.824,0,28.122,28.122,2.4,2.6,19.7,1560.5317,1000,1000
50,13,3,"five_scenarios_txt",1,3,3,0.3,"one_stage",30,30,30,30,"CRM","random_carryoever","random",0.15,0.85,"dose_specific_carryover",0.5,0.5,0.15,0.85,0.15,0.85,2,0.3,6,"continuous",0.0179,28,1,1,1,0,0,4,0.39,0.35,0.4223,0.4377,0.311,0.138,NA,NA,15.2,6.3,2.748,2.748,0,28.122,28.122,2.4,2.6,19.7,1560.5317,1000,1000
50,13,3,"five_scenarios_txt",1,3,3,0.3,"one_stage",30,30,30,30,"CRM","random_carryoever","random",0.15,0.85,"dose_specific_carryover",0.5,0.5,0.15,0.85,0.15,0.85,2,0.3,6,"continuous",0.0179,28,1,1,1,0,0,5,0.46,0.4,0.514,0.4807,0.3265,0.138,NA,NA,3.5,1.7,0.81,0.81,0,28.122,28.122,2.4,2.6,19.7,1560.5317,1000,1000
51,14,4,"five_scenarios_txt",1,4,4,0.3,"one_stage",30,30,30,30,"CRM","random_carryoever","random",0.15,0.85,"dose_specific_carryover",0.5,0.5,0.15,0.85,0.15,0.85,2,0.3,6,"continuous",0.0179,28,1,1,1,0,0,1,0.09,0.05,0.1153,0.1327,0.0981,0.1359,NA,NA,1,21.1,6.18,6.18,0,29.904,29.904,0,0,0.9,1659.2151,1000,1000
51,14,4,"five_scenarios_txt",1,4,4,0.3,"one_stage",30,30,30,30,"CRM","random_carryoever","random",0.15,0.85,"dose_specific_carryover",0.5,0.5,0.15,0.85,0.15,0.85,2,0.3,6,"continuous",0.0179,28,1,1,1,0,0,2,0.15,0.08,0.1556,0.1412,0.0945,0.1359,NA,NA,9.1,17.9,6.21,6.21,0,29.904,29.904,0,0,0.9,1659.2151,1000,1000
51,14,4,"five_scenarios_txt",1,4,4,0.3,"one_stage",30,30,30,30,"CRM","random_carryoever","random",0.15,0.85,"dose_specific_carryover",0.5,0.5,0.15,0.85,0.15,0.85,2,0.3,6,"continuous",0.0179,28,1,1,1,0,0,3,0.23,0.12,0.2408,0.1789,0.1067,0.1359,NA,NA,23.5,12.9,5.697,5.697,0,29.904,29.904,0,0,0.9,1659.2151,1000,1000
51,14,4,"five_scenarios_txt",1,4,4,0.3,"one_stage",30,30,30,30,"CRM","random_carryoever","random",0.15,0.85,"dose_specific_carryover",0.5,0.5,0.15,0.85,0.15,0.85,2,0.3,6,"continuous",0.0179,28,1,1,1,0,0,4,0.28,0.3,0.2857,0.329,0.2433,0.1359,NA,NA,36.1,31.8,7.725,7.725,0,29.904,29.904,0,0,0.9,1659.2151,1000,1000
51,14,4,"five_scenarios_txt",1,4,4,0.3,"one_stage",30,30,30,30,"CRM","random_carryoever","random",0.15,0.85,"dose_specific_carryover",0.5,0.5,0.15,0.85,0.15,0.85,2,0.3,6,"continuous",0.0179,28,1,1,1,0,0,5,0.39,0.4,0.38,0.4339,0.3199,0.1359,NA,NA,30.3,15.4,4.092,4.092,0,29.904,29.904,0,0,0.9,1659.2151,1000,1000
52,15,5,"five_scenarios_txt",1,3,1,0.3,"one_stage",30,30,30,30,"CRM","random_carryoever","random",0.15,0.85,"dose_specific_carryover",0.5,0.5,0.15,0.85,0.15,0.85,2,0.3,6,"continuous",0.0179,28,1,1,1,0,0,1,0.13,0.1,0.1645,0.1378,0.0884,0.1391,NA,NA,4.2,48.8,10.215,10.215,0,29.775,29.775,0.2,0.2,2.2,1651.4305,1000,1000
52,15,5,"five_scenarios_txt",1,3,1,0.3,"one_stage",30,30,30,30,"CRM","random_carryoever","random",0.15,0.85,"dose_specific_carryover",0.5,0.5,0.15,0.85,0.15,0.85,2,0.3,6,"continuous",0.0179,28,1,1,1,0,0,2,0.2,0.1,0.212,0.1323,0.0687,0.1391,NA,NA,29.2,31.3,8.391,8.391,0,29.775,29.775,0.2,0.2,2.2,1651.4305,1000,1000
52,15,5,"five_scenarios_txt",1,3,1,0.3,"one_stage",30,30,30,30,"CRM","random_carryoever","random",0.15,0.85,"dose_specific_carryover",0.5,0.5,0.15,0.85,0.15,0.85,2,0.3,6,"continuous",0.0179,28,1,1,1,0,0,3,0.32,0.1,0.3064,0.1911,0.0992,0.1391,NA,NA,35.5,11.6,5.682,5.682,0,29.775,29.775,0.2,0.2,2.2,1651.4305,1000,1000
52,15,5,"five_scenarios_txt",1,3,1,0.3,"one_stage",30,30,30,30,"CRM","random_carryoever","random",0.15,0.85,"dose_specific_carryover",0.5,0.5,0.15,0.85,0.15,0.85,2,0.3,6,"continuous",0.0179,28,1,1,1,0,0,4,0.39,0.1,0.3538,0.2562,0.1501,0.1391,NA,NA,22.5,5.5,4.023,4.023,0,29.775,29.775,0.2,0.2,2.2,1651.4305,1000,1000
52,15,5,"five_scenarios_txt",1,3,1,0.3,"one_stage",30,30,30,30,"CRM","random_carryoever","random",0.15,0.85,"dose_specific_carryover",0.5,0.5,0.15,0.85,0.15,0.85,2,0.3,6,"continuous",0.0179,28,1,1,1,0,0,5,0.46,0.1,0.4491,0.378,0.2432,0.1391,NA,NA,8.4,0.6,1.464,1.464,0,29.775,29.775,0.2,0.2,2.2,1651.4305,1000,1000
53,16,1,"five_scenarios_txt",1,5,1,0.3,"one_stage",30,30,30,30,"CRM","random_carryoever","random",0.15,0.85,"dose_specific_carryover",0.5,0.5,0.15,0.85,0.15,0.85,2,0.3,6,"continuous",0.0179,28,1,1,1,0,0,1,0.02,0.2,0.0433,0.2413,0.2284,0.1355,NA,NA,0,40.7,4.449,4.449,0,30,30,0,0,0,1664.1426,1000,1000
53,16,1,"five_scenarios_txt",1,5,1,0.3,"one_stage",30,30,30,30,"CRM","random_carryoever","random",0.15,0.85,"dose_specific_carryover",0.5,0.5,0.15,0.85,0.15,0.85,2,0.3,6,"continuous",0.0179,28,1,1,1,0,0,2,0.06,0.2,0.0656,0.2237,0.2041,0.1355,NA,NA,1.2,24.2,5.001,5.001,0,30,30,0,0,0,1664.1426,1000,1000
53,16,1,"five_scenarios_txt",1,5,1,0.3,"one_stage",30,30,30,30,"CRM","random_carryoever","random",0.15,0.85,"dose_specific_carryover",0.5,0.5,0.15,0.85,0.15,0.85,2,0.3,6,"continuous",0.0179,28,1,1,1,0,0,3,0.09,0.2,0.1212,0.2152,0.1789,0.1355,NA,NA,2.1,15.2,6.009,6.009,0,30,30,0,0,0,1664.1426,1000,1000
53,16,1,"five_scenarios_txt",1,5,1,0.3,"one_stage",30,30,30,30,"CRM","random_carryoever","random",0.15,0.85,"dose_specific_carryover",0.5,0.5,0.15,0.85,0.15,0.85,2,0.3,6,"continuous",0.0179,28,1,1,1,0,0,4,0.14,0.2,0.1545,0.2193,0.173,0.1355,NA,NA,10,13.6,8.364,8.364,0,30,30,0,0,0,1664.1426,1000,1000
53,16,1,"five_scenarios_txt",1,5,1,0.3,"one_stage",30,30,30,30,"CRM","random_carryoever","random",0.15,0.85,"dose_specific_carryover",0.5,0.5,0.15,0.85,0.15,0.85,2,0.3,6,"continuous",0.0179,28,1,1,1,0,0,5,0.26,0.2,0.2326,0.2342,0.1644,0.1355,NA,NA,86.7,6.3,6.177,6.177,0,30,30,0,0,0,1664.1426,1000,1000
54,17,2,"five_scenarios_txt",1,2,2,0.3,"one_stage",30,30,30,30,"CRM","random_carryoever","random",0.15,0.85,"dose_specific_carryover",0.5,0.5,0.15,0.85,0.15,0.85,2,0.3,6,"continuous",0.0179,28,1,1,1,0,0,1,0.11,0.3,0.183,0.2985,0.2436,0.1369,NA,NA,5.3,19.4,9.201,9.201,0,29.952,29.952,0.1,0.2,0.2,1660.7253,1000,1000
54,17,2,"five_scenarios_txt",1,2,2,0.3,"one_stage",30,30,30,30,"CRM","random_carryoever","random",0.15,0.85,"dose_specific_carryover",0.5,0.5,0.15,0.85,0.15,0.85,2,0.3,6,"continuous",0.0179,28,1,1,1,0,0,2,0.23,0.5,0.2331,0.4557,0.3858,0.1369,NA,NA,60.5,61.8,14.424,14.424,0,29.952,29.952,0.1,0.2,0.2,1660.7253,1000,1000
54,17,2,"five_scenarios_txt",1,2,2,0.3,"one_stage",30,30,30,30,"CRM","random_carryoever","random",0.15,0.85,"dose_specific_carryover",0.5,0.5,0.15,0.85,0.15,0.85,2,0.3,6,"continuous",0.0179,28,1,1,1,0,0,3,0.39,0.5,0.3306,0.4768,0.3776,0.1369,NA,NA,29.9,16.8,5.043,5.043,0,29.952,29.952,0.1,0.2,0.2,1660.7253,1000,1000
54,17,2,"five_scenarios_txt",1,2,2,0.3,"one_stage",30,30,30,30,"CRM","random_carryoever","random",0.15,0.85,"dose_specific_carryover",0.5,0.5,0.15,0.85,0.15,0.85,2,0.3,6,"continuous",0.0179,28,1,1,1,0,0,4,0.58,0.5,0.3786,0.5017,0.3881,0.1369,NA,NA,3.8,1.7,1.143,1.143,0,29.952,29.952,0.1,0.2,0.2,1660.7253,1000,1000
54,17,2,"five_scenarios_txt",1,2,2,0.3,"one_stage",30,30,30,30,"CRM","random_carryoever","random",0.15,0.85,"dose_specific_carryover",0.5,0.5,0.15,0.85,0.15,0.85,2,0.3,6,"continuous",0.0179,28,1,1,1,0,0,5,0.76,0.5,0.4741,0.4998,0.3576,0.1369,NA,NA,0.4,0.1,0.141,0.141,0,29.952,29.952,0.1,0.2,0.2,1660.7253,1000,1000
55,18,3,"five_scenarios_txt",1,5,5,0.3,"one_stage",30,30,30,30,"CRM","random_carryoever","random",0.15,0.85,"dose_specific_carryover",0.5,0.5,0.15,0.85,0.15,0.85,2,0.3,6,"continuous",0.0179,28,1,1,1,0,0,1,0.02,0.05,0.0646,0.156,0.1367,0.1393,NA,NA,0,11.8,3.462,3.462,0,30,30,0,0,0,1664.1234,1000,1000
55,18,3,"five_scenarios_txt",1,5,5,0.3,"one_stage",30,30,30,30,"CRM","random_carryoever","random",0.15,0.85,"dose_specific_carryover",0.5,0.5,0.15,0.85,0.15,0.85,2,0.3,6,"continuous",0.0179,28,1,1,1,0,0,2,0.04,0.1,0.0941,0.1726,0.1444,0.1393,NA,NA,0.2,10.3,4.101,4.101,0,30,30,0,0,0,1664.1234,1000,1000
55,18,3,"five_scenarios_txt",1,5,5,0.3,"one_stage",30,30,30,30,"CRM","random_carryoever","random",0.15,0.85,"dose_specific_carryover",0.5,0.5,0.15,0.85,0.15,0.85,2,0.3,6,"continuous",0.0179,28,1,1,1,0,0,3,0.1,0.15,0.163,0.1869,0.138,0.1393,NA,NA,2.2,8.4,5.259,5.259,0,30,30,0,0,0,1664.1234,1000,1000
55,18,3,"five_scenarios_txt",1,5,5,0.3,"one_stage",30,30,30,30,"CRM","random_carryoever","random",0.15,0.85,"dose_specific_carryover",0.5,0.5,0.15,0.85,0.15,0.85,2,0.3,6,"continuous",0.0179,28,1,1,1,0,0,4,0.2,0.2,0.2023,0.2169,0.1562,0.1393,NA,NA,22.4,13.5,6.933,6.933,0,30,30,0,0,0,1664.1234,1000,1000
55,18,3,"five_scenarios_txt",1,5,5,0.3,"one_stage",30,30,30,30,"CRM","random_carryoever","random",0.15,0.85,"dose_specific_carryover",0.5,0.5,0.15,0.85,0.15,0.85,2,0.3,6,"continuous",0.0179,28,1,1,1,0,0,5,0.35,0.5,0.2901,0.4671,0.38,0.1393,NA,NA,75.2,56,10.245,10.245,0,30,30,0,0,0,1664.1234,1000,1000
56,19,4,"five_scenarios_txt",1,2,2,0.3,"one_stage",30,30,30,30,"CRM","random_carryoever","random",0.15,0.85,"dose_specific_carryover",0.5,0.5,0.15,0.85,0.15,0.85,2,0.3,6,"continuous",0.0179,28,1,1,1,0,0,1,0.11,0.08,0.2071,0.1335,0.0714,0.1389,NA,NA,11,16.9,8.16,8.16,0,29.766,29.766,0,0.2,3.5,1650.482,1000,1000
56,19,4,"five_scenarios_txt",1,2,2,0.3,"one_stage",30,30,30,30,"CRM","random_carryoever","random",0.15,0.85,"dose_specific_carryover",0.5,0.5,0.15,0.85,0.15,0.85,2,0.3,6,"continuous",0.0179,28,1,1,1,0,0,2,0.26,0.3,0.2596,0.2953,0.2174,0.1389,NA,NA,48.9,59.7,12.723,12.723,0,29.766,29.766,0,0.2,3.5,1650.482,1000,1000
56,19,4,"five_scenarios_txt",1,2,2,0.3,"one_stage",30,30,30,30,"CRM","random_carryoever","random",0.15,0.85,"dose_specific_carryover",0.5,0.5,0.15,0.85,0.15,0.85,2,0.3,6,"continuous",0.0179,28,1,1,1,0,0,3,0.39,0.32,0.3596,0.3555,0.2476,0.1389,NA,NA,33.8,17.6,6.33,6.33,0,29.766,29.766,0,0.2,3.5,1650.482,1000,1000
56,19,4,"five_scenarios_txt",1,2,2,0.3,"one_stage",30,30,30,30,"CRM","random_carryoever","random",0.15,0.85,"dose_specific_carryover",0.5,0.5,0.15,0.85,0.15,0.85,2,0.3,6,"continuous",0.0179,28,1,1,1,0,0,4,0.6,0.35,0.4079,0.4356,0.3133,0.1389,NA,NA,6.3,2.3,2.178,2.178,0,29.766,29.766,0,0.2,3.5,1650.482,1000,1000
56,19,4,"five_scenarios_txt",1,2,2,0.3,"one_stage",30,30,30,30,"CRM","random_carryoever","random",0.15,0.85,"dose_specific_carryover",0.5,0.5,0.15,0.85,0.15,0.85,2,0.3,6,"continuous",0.0179,28,1,1,1,0,0,5,0.77,0.4,0.5025,0.4921,0.3414,0.1389,NA,NA,0,0,0.375,0.375,0,29.766,29.766,0,0.2,3.5,1650.482,1000,1000
57,20,5,"five_scenarios_txt",1,3,2,0.3,"one_stage",30,30,30,30,"CRM","random_carryoever","random",0.15,0.85,"dose_specific_carryover",0.5,0.5,0.15,0.85,0.15,0.85,2,0.3,6,"continuous",0.0179,28,1,1,1,0,0,1,0.07,0.05,0.1444,0.1354,0.0921,0.1369,NA,NA,0.8,9.1,4.833,4.833,0,29.94,29.94,0,0,0.5,1660.7451,1000,1000
57,20,5,"five_scenarios_txt",1,3,2,0.3,"one_stage",30,30,30,30,"CRM","random_carryoever","random",0.15,0.85,"dose_specific_carryover",0.5,0.5,0.15,0.85,0.15,0.85,2,0.3,6,"continuous",0.0179,28,1,1,1,0,0,2,0.14,0.25,0.1899,0.2489,0.1919,0.1369,NA,NA,13.4,50.1,10.356,10.356,0,29.94,29.94,0,0,0.5,1660.7451,1000,1000
57,20,5,"five_scenarios_txt",1,3,2,0.3,"one_stage",30,30,30,30,"CRM","random_carryoever","random",0.15,0.85,"dose_specific_carryover",0.5,0.5,0.15,0.85,0.15,0.85,2,0.3,6,"continuous",0.0179,28,1,1,1,0,0,3,0.31,0.25,0.2825,0.254,0.1693,0.1369,NA,NA,45.1,27.6,8.16,8.16,0,29.94,29.94,0,0,0.5,1660.7451,1000,1000
57,20,5,"five_scenarios_txt",1,3,2,0.3,"one_stage",30,30,30,30,"CRM","random_carryoever","random",0.15,0.85,"dose_specific_carryover",0.5,0.5,0.15,0.85,0.15,0.85,2,0.3,6,"continuous",0.0179,28,1,1,1,0,0,4,0.41,0.25,0.3296,0.3268,0.2279,0.1369,NA,NA,32.3,10.9,4.896,4.896,0,29.94,29.94,0,0,0.5,1660.7451,1000,1000
57,20,5,"five_scenarios_txt",1,3,2,0.3,"one_stage",30,30,30,30,"CRM","random_carryoever","random",0.15,0.85,"dose_specific_carryover",0.5,0.5,0.15,0.85,0.15,0.85,2,0.3,6,"continuous",0.0179,28,1,1,1,0,0,5,0.52,0.25,0.4258,0.4164,0.2887,0.1369,NA,NA,8.4,1.8,1.695,1.695,0,29.94,29.94,0,0,0.5,1660.7451,1000,1000
58,21,1,"five_scenarios_txt",1,1,1,0.3,"one_stage",30,30,30,30,"CRM","random_carryoever","random",0.15,0.85,"dose_specific_carryover",0.5,0.5,0.15,0.85,0.15,0.85,2,0.3,6,"continuous",0.0179,28,1,1,1,0,0,1,0.37,0.5,0.4368,0.5016,0.3705,0.1355,NA,NA,57,57.1,20.208,20.208,0,23.001,23.001,38.6,41.1,41.1,1271.9892,1000,1000
58,21,1,"five_scenarios_txt",1,1,1,0.3,"one_stage",30,30,30,30,"CRM","random_carryoever","random",0.15,0.85,"dose_specific_carryover",0.5,0.5,0.15,0.85,0.15,0.85,2,0.3,6,"continuous",0.0179,28,1,1,1,0,0,2,0.56,0.5,0.4905,0.4903,0.3431,0.1355,NA,NA,4.4,1.8,2.535,2.535,0,23.001,23.001,38.6,41.1,41.1,1271.9892,1000,1000
58,21,1,"five_scenarios_txt",1,1,1,0.3,"one_stage",30,30,30,30,"CRM","random_carryoever","random",0.15,0.85,"dose_specific_carryover",0.5,0.5,0.15,0.85,0.15,0.85,2,0.3,6,"continuous",0.0179,28,1,1,1,0,0,3,0.69,0.5,0.5809,0.4985,0.3242,0.1355,NA,NA,0,0,0.228,0.228,0,23.001,23.001,38.6,41.1,41.1,1271.9892,1000,1000
58,21,1,"five_scenarios_txt",1,1,1,0.3,"one_stage",30,30,30,30,"CRM","random_carryoever","random",0.15,0.85,"dose_specific_carryover",0.5,0.5,0.15,0.85,0.15,0.85,2,0.3,6,"continuous",0.0179,28,1,1,1,0,0,4,0.83,0.5,0.6206,0.5,0.3138,0.1355,NA,NA,0,0,0.03,0.03,0,23.001,23.001,38.6,41.1,41.1,1271.9892,1000,1000
58,21,1,"five_scenarios_txt",1,1,1,0.3,"one_stage",30,30,30,30,"CRM","random_carryoever","random",0.15,0.85,"dose_specific_carryover",0.5,0.5,0.15,0.85,0.15,0.85,2,0.3,6,"continuous",0.0179,28,1,1,1,0,0,5,0.88,0.5,0.6927,0.4995,0.2917,0.1355,NA,NA,0,0,0,0,0,23.001,23.001,38.6,41.1,41.1,1271.9892,1000,1000
59,22,2,"five_scenarios_txt",1,2,2,0.3,"one_stage",30,30,30,30,"CRM","random_carryoever","random",0.15,0.85,"dose_specific_carryover",0.5,0.5,0.15,0.85,0.15,0.85,2,0.3,6,"continuous",0.0179,28,1,1,1,0,0,1,0.07,0.08,0.2086,0.1265,0.0639,0.136,NA,NA,7.9,17.8,8.835,8.835,0,29.889,29.889,0,0.1,2.1,1657.3802,1000,1000
59,22,2,"five_scenarios_txt",1,2,2,0.3,"one_stage",30,30,30,30,"CRM","random_carryoever","random",0.15,0.85,"dose_specific_carryover",0.5,0.5,0.15,0.85,0.15,0.85,2,0.3,6,"continuous",0.0179,28,1,1,1,0,0,2,0.27,0.25,0.2614,0.2531,0.1747,0.136,NA,NA,56,65.1,13.329,13.329,0,29.889,29.889,0,0.1,2.1,1657.3802,1000,1000
59,22,2,"five_scenarios_txt",1,2,2,0.3,"one_stage",30,30,30,30,"CRM","random_carryoever","random",0.15,0.85,"dose_specific_carryover",0.5,0.5,0.15,0.85,0.15,0.85,2,0.3,6,"continuous",0.0179,28,1,1,1,0,0,3,0.5,0.25,0.3617,0.2982,0.1897,0.136,NA,NA,32.2,12.4,5.451,5.451,0,29.889,29.889,0,0.1,2.1,1657.3802,1000,1000
59,22,2,"five_scenarios_txt",1,2,2,0.3,"one_stage",30,30,30,30,"CRM","random_carryoever","random",0.15,0.85,"dose_specific_carryover",0.5,0.5,0.15,0.85,0.15,0.85,2,0.3,6,"continuous",0.0179,28,1,1,1,0,0,4,0.56,0.5,0.4101,0.4973,0.3743,0.136,NA,NA,3.9,2.6,2.082,2.082,0,29.889,29.889,0,0.1,2.1,1657.3802,1000,1000
59,22,2,"five_scenarios_txt",1,2,2,0.3,"one_stage",30,30,30,30,"CRM","random_carryoever","random",0.15,0.85,"dose_specific_carryover",0.5,0.5,0.15,0.85,0.15,0.85,2,0.3,6,"continuous",0.0179,28,1,1,1,0,0,5,0.78,0.5,0.5048,0.4972,0.3458,0.136,NA,NA,0,0,0.192,0.192,0,29.889,29.889,0,0.1,2.1,1657.3802,1000,1000
60,23,3,"five_scenarios_txt",1,1,1,0.3,"one_stage",30,30,30,30,"CRM","random_carryoever","random",0.15,0.85,"dose_specific_carryover",0.5,0.5,0.15,0.85,0.15,0.85,2,0.3,6,"continuous",0.0179,28,1,1,1,0,0,1,0.32,0.05,0.4061,0.0778,-0.044,0.1374,NA,NA,68.3,20.4,15.768,15.768,0,21.186,21.186,24.5,26.6,75.6,1171.7577,1000,1000
60,23,3,"five_scenarios_txt",1,1,1,0.3,"one_stage",30,30,30,30,"CRM","random_carryoever","random",0.15,0.85,"dose_specific_carryover",0.5,0.5,0.15,0.85,0.15,0.85,2,0.3,6,"continuous",0.0179,28,1,1,1,0,0,2,0.55,0.05,0.4607,0.1525,0.0143,0.1374,NA,NA,7.2,4,4.608,4.608,0,21.186,21.186,24.5,26.6,75.6,1171.7577,1000,1000
60,23,3,"five_scenarios_txt",1,1,1,0.3,"one_stage",30,30,30,30,"CRM","random_carryoever","random",0.15,0.85,"dose_specific_carryover",0.5,0.5,0.15,0.85,0.15,0.85,2,0.3,6,"continuous",0.0179,28,1,1,1,0,0,3,0.8,0.05,0.5538,0.4346,0.2684,0.1374,NA,NA,0,0,0.693,0.693,0,21.186,21.186,24.5,26.6,75.6,1171.7577,1000,1000
60,23,3,"five_scenarios_txt",1,1,1,0.3,"one_stage",30,30,30,30,"CRM","random_carryoever","random",0.15,0.85,"dose_specific_carryover",0.5,0.5,0.15,0.85,0.15,0.85,2,0.3,6,"continuous",0.0179,28,1,1,1,0,0,4,0.94,0.05,0.5951,0.4878,0.3093,0.1374,NA,NA,0,0,0.117,0.117,0,21.186,21.186,24.5,26.6,75.6,1171.7577,1000,1000
60,23,3,"five_scenarios_txt",1,1,1,0.3,"one_stage",30,30,30,30,"CRM","random_carryoever","random",0.15,0.85,"dose_specific_carryover",0.5,0.5,0.15,0.85,0.15,0.85,2,0.3,6,"continuous",0.0179,28,1,1,1,0,0,5,0.97,0.05,0.6707,0.4995,0.2983,0.1374,NA,NA,0,0,0,0,0,21.186,21.186,24.5,26.6,75.6,1171.7577,1000,1000
61,24,4,"five_scenarios_txt",1,5,4,0.3,"one_stage",30,30,30,30,"CRM","random_carryoever","random",0.15,0.85,"dose_specific_carryover",0.5,0.5,0.15,0.85,0.15,0.85,2,0.3,6,"continuous",0.0179,28,1,1,1,0,0,1,0.01,0.05,0.0292,0.1611,0.1524,0.1391,NA,NA,0,2.3,3.111,3.111,0,30,30,0,0,0,1664.1426,1000,1000
61,24,4,"five_scenarios_txt",1,5,4,0.3,"one_stage",30,30,30,30,"CRM","random_carryoever","random",0.15,0.85,"dose_specific_carryover",0.5,0.5,0.15,0.85,0.15,0.85,2,0.3,6,"continuous",0.0179,28,1,1,1,0,0,2,0.02,0.08,0.0463,0.1759,0.162,0.1391,NA,NA,0.2,1.8,3.165,3.165,0,30,30,0,0,0,1664.1426,1000,1000
61,24,4,"five_scenarios_txt",1,5,4,0.3,"one_stage",30,30,30,30,"CRM","random_carryoever","random",0.15,0.85,"dose_specific_carryover",0.5,0.5,0.15,0.85,0.15,0.85,2,0.3,6,"continuous",0.0179,28,1,1,1,0,0,3,0.05,0.2,0.0919,0.2386,0.211,0.1391,NA,NA,0.1,3,3.984,3.984,0,30,30,0,0,0,1664.1426,1000,1000
61,24,4,"five_scenarios_txt",1,5,4,0.3,"one_stage",30,30,30,30,"CRM","random_carryoever","random",0.15,0.85,"dose_specific_carryover",0.5,0.5,0.15,0.85,0.15,0.85,2,0.3,6,"continuous",0.0179,28,1,1,1,0,0,4,0.1,0.5,0.1206,0.4377,0.4015,0.1391,NA,NA,30.2,56.2,12.789,12.789,0,30,30,0,0,0,1664.1426,1000,1000
61,24,4,"five_scenarios_txt",1,5,4,0.3,"one_stage",30,30,30,30,"CRM","random_carryoever","random",0.15,0.85,"dose_specific_carryover",0.5,0.5,0.15,0.85,0.15,0.85,2,0.3,6,"continuous",0.0179,28,1,1,1,0,0,5,0.25,0.5,0.1908,0.4593,0.402,0.1391,NA,NA,69.5,36.7,6.951,6.951,0,30,30,0,0,0,1664.1426,1000,1000
62,25,5,"five_scenarios_txt",2,3,3,0.3,"one_stage",30,30,30,30,"CRM","random_carryoever","random",0.15,0.85,"dose_specific_carryover",0.5,0.5,0.15,0.85,0.15,0.85,2,0.3,6,"continuous",0.0179,28,1,1,1,0,0,1,0.09,0.2,0.1757,0.2154,0.1627,0.1378,NA,NA,1.8,29.2,8.961,8.961,0,29.973,29.973,0,0,0.1,1662.5203,1000,1000
62,25,5,"five_scenarios_txt",2,3,3,0.3,"one_stage",30,30,30,30,"CRM","random_carryoever","random",0.15,0.85,"dose_specific_carryover",0.5,0.5,0.15,0.85,0.15,0.85,2,0.3,6,"continuous",0.0179,28,1,1,1,0,0,2,0.18,0.25,0.2254,0.2498,0.1822,0.1378,NA,NA,36.2,32.5,9.303,9.303,0,29.973,29.973,0,0,0.1,1662.5203,1000,1000
62,25,5,"five_scenarios_txt",2,3,3,0.3,"one_stage",30,30,30,30,"CRM","random_carryoever","random",0.15,0.85,"dose_specific_carryover",0.5,0.5,0.15,0.85,0.15,0.85,2,0.3,6,"continuous",0.0179,28,1,1,1,0,0,3,0.37,0.4,0.3228,0.3935,0.2967,0.1378,NA,NA,51.6,33.1,8.691,8.691,0,29.973,29.973,0,0,0.1,1662.5203,1000,1000
62,25,5,"five_scenarios_txt",2,3,3,0.3,"one_stage",30,30,30,30,"CRM","random_carryoever","random",0.15,0.85,"dose_specific_carryover",0.5,0.5,0.15,0.85,0.15,0.85,2,0.3,6,"continuous",0.0179,28,1,1,1,0,0,4,0.63,0.45,0.3711,0.4775,0.3662,0.1378,NA,NA,10.1,5.1,2.655,2.655,0,29.973,29.973,0,0,0.1,1662.5203,1000,1000
62,25,5,"five_scenarios_txt",2,3,3,0.3,"one_stage",30,30,30,30,"CRM","random_carryoever","random",0.15,0.85,"dose_specific_carryover",0.5,0.5,0.15,0.85,0.15,0.85,2,0.3,6,"continuous",0.0179,28,1,1,1,0,0,5,0.77,0.5,0.4672,0.4969,0.3568,0.1378,NA,NA,0.3,0,0.363,0.363,0,29.973,29.973,0,0,0.1,1662.5203,1000,1000
63,26,1,"higher_gap_above_MTD",1,3,3,0.3,"one_stage",30,30,30,30,"CRM","random_carryoever","random",0.15,0.85,"dose_specific_carryover",0.5,0.5,0.15,0.85,0.15,0.85,2,0.3,6,"continuous",0.0179,28,1,1,1,0,0,1,0.15,0.1,0.1924,0.1454,0.0877,0.1366,NA,NA,8.7,25,9.057,9.057,0,29.649,29.649,0.3,0.3,4.2,1644.5717,1000,1000
63,26,1,"higher_gap_above_MTD",1,3,3,0.3,"one_stage",30,30,30,30,"CRM","random_carryoever","random",0.15,0.85,"dose_specific_carryover",0.5,0.5,0.15,0.85,0.15,0.85,2,0.3,6,"continuous",0.0179,28,1,1,1,0,0,2,0.22,0.2,0.2432,0.2101,0.1371,0.1366,NA,NA,38.5,32.9,9.126,9.126,0,29.649,29.649,0.3,0.3,4.2,1644.5717,1000,1000
63,26,1,"higher_gap_above_MTD",1,3,3,0.3,"one_stage",30,30,30,30,"CRM","random_carryoever","random",0.15,0.85,"dose_specific_carryover",0.5,0.5,0.15,0.85,0.15,0.85,2,0.3,6,"continuous",0.0179,28,1,1,1,0,0,3,0.3,0.35,0.3415,0.3746,0.2721,0.1366,NA,NA,40.9,31.7,8.088,8.088,0,29.649,29.649,0.3,0.3,4.2,1644.5717,1000,1000
63,26,1,"higher_gap_above_MTD",1,3,3,0.3,"one_stage",30,30,30,30,"CRM","random_carryoever","random",0.15,0.85,"dose_specific_carryover",0.5,0.5,0.15,0.85,0.15,0.85,2,0.3,6,"continuous",0.0179,28,1,1,1,0,0,4,0.62,0.45,0.3896,0.4705,0.3536,0.1366,NA,NA,11.4,6.1,2.988,2.988,0,29.649,29.649,0.3,0.3,4.2,1644.5717,1000,1000
63,26,1,"higher_gap_above_MTD",1,3,3,0.3,"one_stage",30,30,30,30,"CRM","random_carryoever","random",0.15,0.85,"dose_specific_carryover",0.5,0.5,0.15,0.85,0.15,0.85,2,0.3,6,"continuous",0.0179,28,1,1,1,0,0,5,0.8,0.55,0.4847,0.5027,0.3573,0.1366,NA,NA,0.2,0.1,0.39,0.39,0,29.649,29.649,0.3,0.3,4.2,1644.5717,1000,1000
64,27,2,"higher_gap_above_MTD",1,3,3,0.3,"one_stage",30,30,30,30,"CRM","random_carryoever","random",0.15,0.85,"dose_specific_carryover",0.5,0.5,0.15,0.85,0.15,0.85,2,0.3,6,"continuous",0.0179,28,1,1,1,0,0,1,0.11,0.1,0.1639,0.1575,0.1083,0.138,NA,NA,2.2,16.3,6.705,6.705,0,29.925,29.925,0,0.1,0.7,1659.2307,1000,1000
64,27,2,"higher_gap_above_MTD",1,3,3,0.3,"one_stage",30,30,30,30,"CRM","random_carryoever","random",0.15,0.85,"dose_specific_carryover",0.5,0.5,0.15,0.85,0.15,0.85,2,0.3,6,"continuous",0.0179,28,1,1,1,0,0,2,0.17,0.2,0.212,0.2144,0.1508,0.138,NA,NA,22.8,27.6,8.481,8.481,0,29.925,29.925,0,0.1,0.7,1659.2307,1000,1000
64,27,2,"higher_gap_above_MTD",1,3,3,0.3,"one_stage",30,30,30,30,"CRM","random_carryoever","random",0.15,0.85,"dose_specific_carryover",0.5,0.5,0.15,0.85,0.15,0.85,2,0.3,6,"continuous",0.0179,28,1,1,1,0,0,3,0.3,0.4,0.3076,0.3831,0.2908,0.138,NA,NA,52.7,44.6,10.086,10.086,0,29.925,29.925,0,0.1,0.7,1659.2307,1000,1000
64,27,2,"higher_gap_above_MTD",1,3,3,0.3,"one_stage",30,30,30,30,"CRM","random_carryoever","random",0.15,0.85,"dose_specific_carryover",0.5,0.5,0.15,0.85,0.15,0.85,2,0.3,6,"continuous",0.0179,28,1,1,1,0,0,4,0.5,0.42,0.3555,0.4482,0.3415,0.138,NA,NA,20.1,10.4,3.879,3.879,0,29.925,29.925,0,0.1,0.7,1659.2307,1000,1000
64,27,2,"higher_gap_above_MTD",1,3,3,0.3,"one_stage",30,30,30,30,"CRM","random_carryoever","random",0.15,0.85,"dose_specific_carryover",0.5,0.5,0.15,0.85,0.15,0.85,2,0.3,6,"continuous",0.0179,28,1,1,1,0,0,5,0.62,0.45,0.4516,0.4898,0.3543,0.138,NA,NA,2.2,0.4,0.774,0.774,0,29.925,29.925,0,0.1,0.7,1659.2307,1000,1000
65,28,3,"higher_gap_above_MTD",1,2,2,0.3,"one_stage",30,30,30,30,"CRM","random_carryoever","random",0.15,0.85,"dose_specific_carryover",0.5,0.5,0.15,0.85,0.15,0.85,2,0.3,6,"continuous",0.0179,28,1,1,1,0,0,1,0.2,0.05,0.2599,0.0963,0.0183,0.14,NA,NA,35.1,20.2,11.031,11.031,0,28.092,28.092,2.3,2.6,21.6,1558.3618,1000,1000
65,28,3,"higher_gap_above_MTD",1,2,2,0.3,"one_stage",30,30,30,30,"CRM","random_carryoever","random",0.15,0.85,"dose_specific_carryover",0.5,0.5,0.15,0.85,0.15,0.85,2,0.3,6,"continuous",0.0179,28,1,1,1,0,0,2,0.3,0.3,0.3149,0.314,0.2195,0.14,NA,NA,46,50.3,11.895,11.895,0,28.092,28.092,2.3,2.6,21.6,1558.3618,1000,1000
65,28,3,"higher_gap_above_MTD",1,2,2,0.3,"one_stage",30,30,30,30,"CRM","random_carryoever","random",0.15,0.85,"dose_specific_carryover",0.5,0.5,0.15,0.85,0.15,0.85,2,0.3,6,"continuous",0.0179,28,1,1,1,0,0,3,0.5,0.32,0.4157,0.4028,0.2781,0.14,NA,NA,15.1,7.7,3.909,3.909,0,28.092,28.092,2.3,2.6,21.6,1558.3618,1000,1000
65,28,3,"higher_gap_above_MTD",1,2,2,0.3,"one_stage",30,30,30,30,"CRM","random_carryoever","random",0.15,0.85,"dose_specific_carryover",0.5,0.5,0.15,0.85,0.15,0.85,2,0.3,6,"continuous",0.0179,28,1,1,1,0,0,4,0.6,0.35,0.463,0.4628,0.3239,0.14,NA,NA,1.5,0.2,1.125,1.125,0,28.092,28.092,2.3,2.6,21.6,1558.3618,1000,1000
65,28,3,"higher_gap_above_MTD",1,2,2,0.3,"one_stage",30,30,30,30,"CRM","random_carryoever","random",0.15,0.85,"dose_specific_carryover",0.5,0.5,0.15,0.85,0.15,0.85,2,0.3,6,"continuous",0.0179,28,1,1,1,0,0,5,0.77,0.4,0.5536,0.4954,0.3293,0.14,NA,NA,0,0,0.132,0.132,0,28.092,28.092,2.3,2.6,21.6,1558.3618,1000,1000
66,29,4,"higher_gap_above_MTD",1,2,1,0.3,"one_stage",30,30,30,30,"CRM","random_carryoever","random",0.15,0.85,"dose_specific_carryover",0.5,0.5,0.15,0.85,0.15,0.85,2,0.3,6,"continuous",0.0179,28,1,1,1,0,0,1,0.19,0.4,0.239,0.3838,0.3121,0.1379,NA,NA,26.7,64.5,17.661,17.661,0,29.535,29.535,2,2.4,2.4,1639.129,1000,1000
66,29,4,"higher_gap_above_MTD",1,2,1,0.3,"one_stage",30,30,30,30,"CRM","random_carryoever","random",0.15,0.85,"dose_specific_carryover",0.5,0.5,0.15,0.85,0.15,0.85,2,0.3,6,"continuous",0.0179,28,1,1,1,0,0,2,0.3,0.4,0.2931,0.3878,0.2999,0.1379,NA,NA,60.8,30.1,8.805,8.805,0,29.535,29.535,2,2.4,2.4,1639.129,1000,1000
66,29,4,"higher_gap_above_MTD",1,2,1,0.3,"one_stage",30,30,30,30,"CRM","random_carryoever","random",0.15,0.85,"dose_specific_carryover",0.5,0.5,0.15,0.85,0.15,0.85,2,0.3,6,"continuous",0.0179,28,1,1,1,0,0,3,0.56,0.4,0.3935,0.4582,0.3401,0.1379,NA,NA,9.7,2.8,2.499,2.499,0,29.535,29.535,2,2.4,2.4,1639.129,1000,1000
66,29,4,"higher_gap_above_MTD",1,2,1,0.3,"one_stage",30,30,30,30,"CRM","random_carryoever","random",0.15,0.85,"dose_specific_carryover",0.5,0.5,0.15,0.85,0.15,0.85,2,0.3,6,"continuous",0.0179,28,1,1,1,0,0,4,0.74,0.4,0.4413,0.4871,0.3547,0.1379,NA,NA,0.8,0.2,0.543,0.543,0,29.535,29.535,2,2.4,2.4,1639.129,1000,1000
66,29,4,"higher_gap_above_MTD",1,2,1,0.3,"one_stage",30,30,30,30,"CRM","random_carryoever","random",0.15,0.85,"dose_specific_carryover",0.5,0.5,0.15,0.85,0.15,0.85,2,0.3,6,"continuous",0.0179,28,1,1,1,0,0,5,0.86,0.4,0.5335,0.4983,0.3383,0.1379,NA,NA,0,0,0.027,0.027,0,29.535,29.535,2,2.4,2.4,1639.129,1000,1000
67,30,5,"higher_gap_above_MTD",1,4,4,0.3,"one_stage",30,30,30,30,"CRM","random_carryoever","random",0.15,0.85,"dose_specific_carryover",0.5,0.5,0.15,0.85,0.15,0.85,2,0.3,6,"continuous",0.0179,28,1,1,1,0,0,1,0.05,0.12,0.1014,0.1909,0.1605,0.1371,NA,NA,0.1,17.4,4.365,4.365,0,30,30,0,0,0,1664.1049,1000,1000
67,30,5,"higher_gap_above_MTD",1,4,4,0.3,"one_stage",30,30,30,30,"CRM","random_carryoever","random",0.15,0.85,"dose_specific_carryover",0.5,0.5,0.15,0.85,0.15,0.85,2,0.3,6,"continuous",0.0179,28,1,1,1,0,0,2,0.08,0.15,0.1398,0.198,0.156,0.1371,NA,NA,1.8,13.4,5.04,5.04,0,30,30,0,0,0,1664.1049,1000,1000
67,30,5,"higher_gap_above_MTD",1,4,4,0.3,"one_stage",30,30,30,30,"CRM","random_carryoever","random",0.15,0.85,"dose_specific_carryover",0.5,0.5,0.15,0.85,0.15,0.85,2,0.3,6,"continuous",0.0179,28,1,1,1,0,0,3,0.17,0.2,0.223,0.2209,0.154,0.1371,NA,NA,14.8,12.4,6.057,6.057,0,30,30,0,0,0,1664.1049,1000,1000
67,30,5,"higher_gap_above_MTD",1,4,4,0.3,"one_stage",30,30,30,30,"CRM","random_carryoever","random",0.15,0.85,"dose_specific_carryover",0.5,0.5,0.15,0.85,0.15,0.85,2,0.3,6,"continuous",0.0179,28,1,1,1,0,0,4,0.27,0.4,0.2674,0.3874,0.3072,0.1371,NA,NA,56.7,44.5,10.275,10.275,0,30,30,0,0,0,1664.1049,1000,1000
67,30,5,"higher_gap_above_MTD",1,4,4,0.3,"one_stage",30,30,30,30,"CRM","random_carryoever","random",0.15,0.85,"dose_specific_carryover",0.5,0.5,0.15,0.85,0.15,0.85,2,0.3,6,"continuous",0.0179,28,1,1,1,0,0,5,0.54,0.5,0.3619,0.4824,0.3739,0.1371,NA,NA,26.6,12.3,4.263,4.263,0,30,30,0,0,0,1664.1049,1000,1000
68,31,6,"higher_gap_above_MTD",1,4,2,0.3,"one_stage",30,30,30,30,"CRM","random_carryoever","random",0.15,0.85,"dose_specific_carryover",0.5,0.5,0.15,0.85,0.15,0.85,2,0.3,6,"continuous",0.0179,28,1,1,1,0,0,1,0.04,0.2,0.0592,0.2483,0.2305,0.1363,NA,NA,0,4.4,3.783,3.783,0,30,30,0,0,0,1664.139,1000,1000
68,31,6,"higher_gap_above_MTD",1,4,2,0.3,"one_stage",30,30,30,30,"CRM","random_carryoever","random",0.15,0.85,"dose_specific_carryover",0.5,0.5,0.15,0.85,0.15,0.85,2,0.3,6,"continuous",0.0179,28,1,1,1,0,0,2,0.06,0.5,0.0863,0.4134,0.3875,0.1363,NA,NA,25.3,35.8,11.685,11.685,0,30,30,0,0,0,1664.139,1000,1000
68,31,6,"higher_gap_above_MTD",1,4,2,0.3,"one_stage",30,30,30,30,"CRM","random_carryoever","random",0.15,0.85,"dose_specific_carryover",0.5,0.5,0.15,0.85,0.15,0.85,2,0.3,6,"continuous",0.0179,28,1,1,1,0,0,3,0.1,0.5,0.1499,0.4456,0.4006,0.1363,NA,NA,25.1,29.1,7.41,7.41,0,30,30,0,0,0,1664.139,1000,1000
68,31,6,"higher_gap_above_MTD",1,4,2,0.3,"one_stage",30,30,30,30,"CRM","random_carryoever","random",0.15,0.85,"dose_specific_carryover",0.5,0.5,0.15,0.85,0.15,0.85,2,0.3,6,"continuous",0.0179,28,1,1,1,0,0,4,0.2,0.5,0.1864,0.4802,0.4243,0.1363,NA,NA,32.3,25,5.49,5.49,0,30,30,0,0,0,1664.139,1000,1000
68,31,6,"higher_gap_above_MTD",1,4,2,0.3,"one_stage",30,30,30,30,"CRM","random_carryoever","random",0.15,0.85,"dose_specific_carryover",0.5,0.5,0.15,0.85,0.15,0.85,2,0.3,6,"continuous",0.0179,28,1,1,1,0,0,5,0.6,0.5,0.269,0.4879,0.4072,0.1363,NA,NA,17.3,5.7,1.632,1.632,0,30,30,0,0,0,1664.139,1000,1000
69,32,1,"higher_gap_below_MTD",1,4,3,0.3,"one_stage",30,30,30,30,"CRM","random_carryoever","random",0.15,0.85,"dose_specific_carryover",0.5,0.5,0.15,0.85,0.15,0.85,2,0.3,6,"continuous",0.0179,28,1,1,1,0,0,1,0.02,0.08,0.0749,0.1733,0.1508,0.1359,NA,NA,0,13.2,3.54,3.54,0,30,30,0,0,0,1664.1258,1000,1000
69,32,1,"higher_gap_below_MTD",1,4,3,0.3,"one_stage",30,30,30,30,"CRM","random_carryoever","random",0.15,0.85,"dose_specific_carryover",0.5,0.5,0.15,0.85,0.15,0.85,2,0.3,6,"continuous",0.0179,28,1,1,1,0,0,2,0.05,0.15,0.1068,0.1999,0.1679,0.1359,NA,NA,0.6,15.3,4.434,4.434,0,30,30,0,0,0,1664.1258,1000,1000
69,32,1,"higher_gap_below_MTD",1,4,3,0.3,"one_stage",30,30,30,30,"CRM","random_carryoever","random",0.15,0.85,"dose_specific_carryover",0.5,0.5,0.15,0.85,0.15,0.85,2,0.3,6,"continuous",0.0179,28,1,1,1,0,0,3,0.11,0.3,0.1796,0.2828,0.2289,0.1359,NA,NA,7.2,33.2,8.571,8.571,0,30,30,0,0,0,1664.1258,1000,1000
69,32,1,"higher_gap_below_MTD",1,4,3,0.3,"one_stage",30,30,30,30,"CRM","random_carryoever","random",0.15,0.85,"dose_specific_carryover",0.5,0.5,0.15,0.85,0.15,0.85,2,0.3,6,"continuous",0.0179,28,1,1,1,0,0,4,0.3,0.3,0.2202,0.2945,0.2284,0.1359,NA,NA,36.1,26.1,8.469,8.469,0,30,30,0,0,0,1664.1258,1000,1000
69,32,1,"higher_gap_below_MTD",1,4,3,0.3,"one_stage",30,30,30,30,"CRM","random_carryoever","random",0.15,0.85,"dose_specific_carryover",0.5,0.5,0.15,0.85,0.15,0.85,2,0.3,6,"continuous",0.0179,28,1,1,1,0,0,5,0.36,0.3,0.3097,0.3473,0.2544,0.1359,NA,NA,56.1,12.2,4.986,4.986,0,30,30,0,0,0,1664.1258,1000,1000
70,33,2,"higher_gap_below_MTD",1,4,4,0.3,"one_stage",30,30,30,30,"CRM","random_carryoever","random",0.15,0.85,"dose_specific_carryover",0.5,0.5,0.15,0.85,0.15,0.85,2,0.3,6,"continuous",0.0179,28,1,1,1,0,0,1,0.01,0.05,0.0842,0.1571,0.1319,0.1396,NA,NA,0,8.4,3.351,3.351,0,30,30,0,0,0,1664.1077,1000,1000
70,33,2,"higher_gap_below_MTD",1,4,4,0.3,"one_stage",30,30,30,30,"CRM","random_carryoever","random",0.15,0.85,"dose_specific_carryover",0.5,0.5,0.15,0.85,0.15,0.85,2,0.3,6,"continuous",0.0179,28,1,1,1,0,0,2,0.02,0.08,0.1186,0.1646,0.129,0.1396,NA,NA,0.2,5.6,3.723,3.723,0,30,30,0,0,0,1664.1077,1000,1000
70,33,2,"higher_gap_below_MTD",1,4,4,0.3,"one_stage",30,30,30,30,"CRM","random_carryoever","random",0.15,0.85,"dose_specific_carryover",0.5,0.5,0.15,0.85,0.15,0.85,2,0.3,6,"continuous",0.0179,28,1,1,1,0,0,3,0.09,0.2,0.1956,0.2195,0.1609,0.1396,NA,NA,7.4,11.6,6.15,6.15,0,30,30,0,0,0,1664.1077,1000,1000
70,33,2,"higher_gap_below_MTD",1,4,4,0.3,"one_stage",30,30,30,30,"CRM","random_carryoever","random",0.15,0.85,"dose_specific_carryover",0.5,0.5,0.15,0.85,0.15,0.85,2,0.3,6,"continuous",0.0179,28,1,1,1,0,0,4,0.32,0.4,0.2379,0.3619,0.2906,0.1396,NA,NA,46.2,44.8,10.539,10.539,0,30,30,0,0,0,1664.1077,1000,1000
70,33,2,"higher_gap_below_MTD",1,4,4,0.3,"one_stage",30,30,30,30,"CRM","random_carryoever","random",0.15,0.85,"dose_specific_carryover",0.5,0.5,0.15,0.85,0.15,0.85,2,0.3,6,"continuous",0.0179,28,1,1,1,0,0,5,0.38,0.5,0.3297,0.4722,0.3733,0.1396,NA,NA,46.2,29.6,6.237,6.237,0,30,30,0,0,0,1664.1077,1000,1000
71,34,3,"higher_gap_below_MTD",1,3,3,0.3,"one_stage",30,30,30,30,"CRM","random_carryoever","random",0.15,0.85,"dose_specific_carryover",0.5,0.5,0.15,0.85,0.15,0.85,2,0.3,6,"continuous",0.0179,28,1,1,1,0,0,1,0.05,0.05,0.133,0.1354,0.0955,0.1353,NA,NA,0.5,14.8,5.241,5.241,0,29.967,29.967,0,0,0.4,1662.5859,1000,1000
71,34,3,"higher_gap_below_MTD",1,3,3,0.3,"one_stage",30,30,30,30,"CRM","random_carryoever","random",0.15,0.85,"dose_specific_carryover",0.5,0.5,0.15,0.85,0.15,0.85,2,0.3,6,"continuous",0.0179,28,1,1,1,0,0,2,0.13,0.1,0.1767,0.1501,0.0971,0.1353,NA,NA,9.8,14.4,6.441,6.441,0,29.967,29.967,0,0,0.4,1662.5859,1000,1000
71,34,3,"higher_gap_below_MTD",1,3,3,0.3,"one_stage",30,30,30,30,"CRM","random_carryoever","random",0.15,0.85,"dose_specific_carryover",0.5,0.5,0.15,0.85,0.15,0.85,2,0.3,6,"continuous",0.0179,28,1,1,1,0,0,3,0.3,0.3,0.2668,0.2897,0.2097,0.1353,NA,NA,38.4,44.6,9.69,9.69,0,29.967,29.967,0,0,0.4,1662.5859,1000,1000
71,34,3,"higher_gap_below_MTD",1,3,3,0.3,"one_stage",30,30,30,30,"CRM","random_carryoever","random",0.15,0.85,"dose_specific_carryover",0.5,0.5,0.15,0.85,0.15,0.85,2,0.3,6,"continuous",0.0179,28,1,1,1,0,0,4,0.36,0.32,0.3133,0.3561,0.2621,0.1353,NA,NA,37.7,21.4,6.144,6.144,0,29.967,29.967,0,0,0.4,1662.5859,1000,1000
71,34,3,"higher_gap_below_MTD",1,3,3,0.3,"one_stage",30,30,30,30,"CRM","random_carryoever","random",0.15,0.85,"dose_specific_carryover",0.5,0.5,0.15,0.85,0.15,0.85,2,0.3,6,"continuous",0.0179,28,1,1,1,0,0,5,0.42,0.35,0.409,0.4392,0.3165,0.1353,NA,NA,13.6,4.4,2.451,2.451,0,29.967,29.967,0,0,0.4,1662.5859,1000,1000
72,35,4,"higher_gap_below_MTD",1,3,2,0.3,"one_stage",30,30,30,30,"CRM","random_carryoever","random",0.15,0.85,"dose_specific_carryover",0.5,0.5,0.15,0.85,0.15,0.85,2,0.3,6,"continuous",0.0179,28,1,1,1,0,0,1,0.03,0.2,0.1136,0.2409,0.2068,0.1395,NA,NA,0,8.5,4.44,4.44,0,30,30,0,0,0,1664.117,1000,1000
72,35,4,"higher_gap_below_MTD",1,3,2,0.3,"one_stage",30,30,30,30,"CRM","random_carryoever","random",0.15,0.85,"dose_specific_carryover",0.5,0.5,0.15,0.85,0.15,0.85,2,0.3,6,"continuous",0.0179,28,1,1,1,0,0,2,0.09,0.45,0.1533,0.3882,0.3422,0.1395,NA,NA,20.5,42.4,11.685,11.685,0,30,30,0,0,0,1664.117,1000,1000
72,35,4,"higher_gap_below_MTD",1,3,2,0.3,"one_stage",30,30,30,30,"CRM","random_carryoever","random",0.15,0.85,"dose_specific_carryover",0.5,0.5,0.15,0.85,0.15,0.85,2,0.3,6,"continuous",0.0179,28,1,1,1,0,0,3,0.3,0.45,0.2376,0.4201,0.3488,0.1395,NA,NA,43.3,31.4,8.355,8.355,0,30,30,0,0,0,1664.117,1000,1000
72,35,4,"higher_gap_below_MTD",1,3,2,0.3,"one_stage",30,30,30,30,"CRM","random_carryoever","random",0.15,0.85,"dose_specific_carryover",0.5,0.5,0.15,0.85,0.15,0.85,2,0.3,6,"continuous",0.0179,28,1,1,1,0,0,4,0.4,0.45,0.2819,0.4614,0.3768,0.1395,NA,NA,28.6,14.5,4.167,4.167,0,30,30,0,0,0,1664.117,1000,1000
72,35,4,"higher_gap_below_MTD",1,3,2,0.3,"one_stage",30,30,30,30,"CRM","random_carryoever","random",0.15,0.85,"dose_specific_carryover",0.5,0.5,0.15,0.85,0.15,0.85,2,0.3,6,"continuous",0.0179,28,1,1,1,0,0,5,0.45,0.45,0.3751,0.4862,0.3737,0.1395,NA,NA,7.6,3.2,1.353,1.353,0,30,30,0,0,0,1664.117,1000,1000
73,36,5,"higher_gap_below_MTD",1,2,2,0.3,"one_stage",30,30,30,30,"CRM","random_carryoever","random",0.15,0.85,"dose_specific_carryover",0.5,0.5,0.15,0.85,0.15,0.85,2,0.3,6,"continuous",0.0179,28,1,1,1,0,0,1,0.13,0.05,0.2,0.1099,0.0499,0.1362,NA,NA,14.1,21.2,8.931,8.931,0,29.301,29.301,0.2,0.3,7.8,1626.7239,1000,1000
73,36,5,"higher_gap_below_MTD",1,2,2,0.3,"one_stage",30,30,30,30,"CRM","random_carryoever","random",0.15,0.85,"dose_specific_carryover",0.5,0.5,0.15,0.85,0.15,0.85,2,0.3,6,"continuous",0.0179,28,1,1,1,0,0,2,0.29,0.2,0.251,0.2131,0.1378,0.1362,NA,NA,40.6,47.7,10.497,10.497,0,29.301,29.301,0.2,0.3,7.8,1626.7239,1000,1000
73,36,5,"higher_gap_below_MTD",1,2,2,0.3,"one_stage",30,30,30,30,"CRM","random_carryoever","random",0.15,0.85,"dose_specific_carryover",0.5,0.5,0.15,0.85,0.15,0.85,2,0.3,6,"continuous",0.0179,28,1,1,1,0,0,3,0.35,0.22,0.3488,0.2963,0.1917,0.1362,NA,NA,27.2,14.7,5.505,5.505,0,29.301,29.301,0.2,0.3,7.8,1626.7239,1000,1000
73,36,5,"higher_gap_below_MTD",1,2,2,0.3,"one_stage",30,30,30,30,"CRM","random_carryoever","random",0.15,0.85,"dose_specific_carryover",0.5,0.5,0.15,0.85,0.15,0.85,2,0.3,6,"continuous",0.0179,28,1,1,1,0,0,4,0.4,0.3,0.3965,0.4052,0.2862,0.1362,NA,NA,13.3,6.8,3.282,3.282,0,29.301,29.301,0.2,0.3,7.8,1626.7239,1000,1000
73,36,5,"higher_gap_below_MTD",1,2,2,0.3,"one_stage",30,30,30,30,"CRM","random_carryoever","random",0.15,0.85,"dose_specific_carryover",0.5,0.5,0.15,0.85,0.15,0.85,2,0.3,6,"continuous",0.0179,28,1,1,1,0,0,5,0.43,0.35,0.4906,0.4682,0.321,0.1362,NA,NA,4.6,1.8,1.086,1.086,0,29.301,29.301,0.2,0.3,7.8,1626.7239,1000,1000
74,37,6,"higher_gap_below_MTD",1,2,2,0.3,"one_stage",30,30,30,30,"CRM","random_carryoever","random",0.15,0.85,"dose_specific_carryover",0.5,0.5,0.15,0.85,0.15,0.85,2,0.3,6,"continuous",0.0179,28,1,1,1,0,0,1,0.08,0.05,0.2022,0.1074,0.0468,0.138,NA,NA,10.5,20.6,8.691,8.691,0,29.691,29.691,0,0.1,3.9,1647.4384,1000,1000
74,37,6,"higher_gap_below_MTD",1,2,2,0.3,"one_stage",30,30,30,30,"CRM","random_carryoever","random",0.15,0.85,"dose_specific_carryover",0.5,0.5,0.15,0.85,0.15,0.85,2,0.3,6,"continuous",0.0179,28,1,1,1,0,0,2,0.3,0.2,0.2541,0.2101,0.1339,0.138,NA,NA,46.3,57.6,11.787,11.787,0,29.691,29.691,0,0.1,3.9,1647.4384,1000,1000
74,37,6,"higher_gap_below_MTD",1,2,2,0.3,"one_stage",30,30,30,30,"CRM","random_carryoever","random",0.15,0.85,"dose_specific_carryover",0.5,0.5,0.15,0.85,0.15,0.85,2,0.3,6,"continuous",0.0179,28,1,1,1,0,0,3,0.4,0.2,0.3533,0.2729,0.1669,0.138,NA,NA,32.3,14.1,5.55,5.55,0,29.691,29.691,0,0.1,3.9,1647.4384,1000,1000
74,37,6,"higher_gap_below_MTD",1,2,2,0.3,"one_stage",30,30,30,30,"CRM","random_carryoever","random",0.15,0.85,"dose_specific_carryover",0.5,0.5,0.15,0.85,0.15,0.85,2,0.3,6,"continuous",0.0179,28,1,1,1,0,0,4,0.45,0.2,0.4015,0.365,0.2446,0.138,NA,NA,8.6,3.1,2.874,2.874,0,29.691,29.691,0,0.1,3.9,1647.4384,1000,1000
74,37,6,"higher_gap_below_MTD",1,2,2,0.3,"one_stage",30,30,30,30,"CRM","random_carryoever","random",0.15,0.85,"dose_specific_carryover",0.5,0.5,0.15,0.85,0.15,0.85,2,0.3,6,"continuous",0.0179,28,1,1,1,0,0,5,0.5,0.2,0.4961,0.4476,0.2988,0.138,NA,NA,2.3,0.7,0.789,0.789,0,29.691,29.691,0,0.1,3.9,1647.4384,1000,1000
75,1,1,"base_example",1,1,1,0.3,"two_stage",30,30,6,30,"CRM","previous_dose_additive","previous_dose",0.15,0.85,"previous_dose_additive",0.5,0.5,0.15,0.85,0.15,0.85,2,0.3,6,"continuous",0.0179,28,1,1,1,0,0,1,0.3,0.05,0.3284,0.0783,-0.0203,0.1342,NA,NA,59.6,28.9,15.453,15.453,0,22.593,22.593,13.2,13.5,57.9,1247.6575,1000,1000
75,1,1,"base_example",1,1,1,0.3,"two_stage",30,30,6,30,"CRM","previous_dose_additive","previous_dose",0.15,0.85,"previous_dose_additive",0.5,0.5,0.15,0.85,0.15,0.85,2,0.3,6,"continuous",0.0179,28,1,1,1,0,0,2,0.35,0.06,0.3824,0.3157,0.201,0.1342,NA,NA,17.3,11.4,3.846,3.846,0,22.593,22.593,13.2,13.5,57.9,1247.6575,1000,1000
75,1,1,"base_example",1,1,1,0.3,"two_stage",30,30,6,30,"CRM","previous_dose_additive","previous_dose",0.15,0.85,"previous_dose_additive",0.5,0.5,0.15,0.85,0.15,0.85,2,0.3,6,"continuous",0.0179,28,1,1,1,0,0,3,0.4,0.07,0.4784,0.3834,0.2399,0.1342,NA,NA,6.7,1.1,2.145,2.145,0,22.593,22.593,13.2,13.5,57.9,1247.6575,1000,1000
75,1,1,"base_example",1,1,1,0.3,"two_stage",30,30,6,30,"CRM","previous_dose_additive","previous_dose",0.15,0.85,"previous_dose_additive",0.5,0.5,0.15,0.85,0.15,0.85,2,0.3,6,"continuous",0.0179,28,1,1,1,0,0,4,0.45,0.08,0.5225,0.452,0.2952,0.1342,NA,NA,2.6,0.5,0.873,0.873,0,22.593,22.593,13.2,13.5,57.9,1247.6575,1000,1000
75,1,1,"base_example",1,1,1,0.3,"two_stage",30,30,6,30,"CRM","previous_dose_additive","previous_dose",0.15,0.85,"previous_dose_additive",0.5,0.5,0.15,0.85,0.15,0.85,2,0.3,6,"continuous",0.0179,28,1,1,1,0,0,5,0.5,0.09,0.6056,0.4844,0.3027,0.1342,NA,NA,0.6,0.2,0.276,0.276,0,22.593,22.593,13.2,13.5,57.9,1247.6575,1000,1000
76,2,2,"base_example",1,3,3,0.3,"two_stage",30,30,6,30,"CRM","previous_dose_additive","previous_dose",0.15,0.85,"previous_dose_additive",0.5,0.5,0.15,0.85,0.15,0.85,2,0.3,6,"continuous",0.0179,28,1,1,1,0,0,1,0.15,0.2,0.1633,0.2255,0.1766,0.1397,NA,NA,22.2,35.8,11.424,11.424,0,29.718,29.718,0.5,0.5,1.8,1648.6329,1000,1000
76,2,2,"base_example",1,3,3,0.3,"two_stage",30,30,6,30,"CRM","previous_dose_additive","previous_dose",0.15,0.85,"previous_dose_additive",0.5,0.5,0.15,0.85,0.15,0.85,2,0.3,6,"continuous",0.0179,28,1,1,1,0,0,2,0.2,0.25,0.2103,0.3159,0.2529,0.1397,NA,NA,19.6,17.3,5.331,5.331,0,29.718,29.718,0.5,0.5,1.8,1648.6329,1000,1000
76,2,2,"base_example",1,3,3,0.3,"two_stage",30,30,6,30,"CRM","previous_dose_additive","previous_dose",0.15,0.85,"previous_dose_additive",0.5,0.5,0.15,0.85,0.15,0.85,2,0.3,6,"continuous",0.0179,28,1,1,1,0,0,3,0.3,0.5,0.3039,0.4768,0.3856,0.1397,NA,NA,30.1,32,7.233,7.233,0,29.718,29.718,0.5,0.5,1.8,1648.6329,1000,1000
76,2,2,"base_example",1,3,3,0.3,"two_stage",30,30,6,30,"CRM","previous_dose_additive","previous_dose",0.15,0.85,"previous_dose_additive",0.5,0.5,0.15,0.85,0.15,0.85,2,0.3,6,"continuous",0.0179,28,1,1,1,0,0,4,0.35,0.5,0.351,0.4892,0.3839,0.1397,NA,NA,18.7,10,3.843,3.843,0,29.718,29.718,0.5,0.5,1.8,1648.6329,1000,1000
76,2,2,"base_example",1,3,3,0.3,"two_stage",30,30,6,30,"CRM","previous_dose_additive","previous_dose",0.15,0.85,"previous_dose_additive",0.5,0.5,0.15,0.85,0.15,0.85,2,0.3,6,"continuous",0.0179,28,1,1,1,0,0,5,0.45,0.5,0.4461,0.4994,0.3656,0.1397,NA,NA,8.9,3.1,1.887,1.887,0,29.718,29.718,0.5,0.5,1.8,1648.6329,1000,1000
77,3,3,"base_example",1,3,2,0.3,"two_stage",30,30,6,30,"CRM","previous_dose_additive","previous_dose",0.15,0.85,"previous_dose_additive",0.5,0.5,0.15,0.85,0.15,0.85,2,0.3,6,"continuous",0.0179,28,1,1,1,0,0,1,0.15,0.1,0.1663,0.1559,0.106,0.1386,NA,NA,22.2,18.3,9.699,9.699,0,28.878,28.878,0.5,0.5,10.2,1603.1437,1000,1000
77,3,3,"base_example",1,3,2,0.3,"two_stage",30,30,6,30,"CRM","previous_dose_additive","previous_dose",0.15,0.85,"previous_dose_additive",0.5,0.5,0.15,0.85,0.15,0.85,2,0.3,6,"continuous",0.0179,28,1,1,1,0,0,2,0.2,0.4,0.2134,0.3986,0.3346,0.1386,NA,NA,19.3,41.5,7.716,7.716,0,28.878,28.878,0.5,0.5,10.2,1603.1437,1000,1000
77,3,3,"base_example",1,3,2,0.3,"two_stage",30,30,6,30,"CRM","previous_dose_additive","previous_dose",0.15,0.85,"previous_dose_additive",0.5,0.5,0.15,0.85,0.15,0.85,2,0.3,6,"continuous",0.0179,28,1,1,1,0,0,3,0.3,0.4,0.3071,0.4169,0.3247,0.1386,NA,NA,30.2,20.5,6.159,6.159,0,28.878,28.878,0.5,0.5,10.2,1603.1437,1000,1000
77,3,3,"base_example",1,3,2,0.3,"two_stage",30,30,6,30,"CRM","previous_dose_additive","previous_dose",0.15,0.85,"previous_dose_additive",0.5,0.5,0.15,0.85,0.15,0.85,2,0.3,6,"continuous",0.0179,28,1,1,1,0,0,4,0.35,0.4,0.3541,0.4494,0.3431,0.1386,NA,NA,19,7,3.597,3.597,0,28.878,28.878,0.5,0.5,10.2,1603.1437,1000,1000
77,3,3,"base_example",1,3,2,0.3,"two_stage",30,30,6,30,"CRM","previous_dose_additive","previous_dose",0.15,0.85,"previous_dose_additive",0.5,0.5,0.15,0.85,0.15,0.85,2,0.3,6,"continuous",0.0179,28,1,1,1,0,0,5,0.45,0.4,0.449,0.4778,0.3431,0.1386,NA,NA,8.8,2.5,1.707,1.707,0,28.878,28.878,0.5,0.5,10.2,1603.1437,1000,1000
78,4,4,"base_example",1,4,4,0.3,"two_stage",30,30,6,30,"CRM","previous_dose_additive","previous_dose",0.15,0.85,"previous_dose_additive",0.5,0.5,0.15,0.85,0.15,0.85,2,0.3,6,"continuous",0.0179,28,1,1,1,0,0,1,0.05,0.05,0.1015,0.1423,0.1119,0.1385,NA,NA,2,7.4,4.626,4.626,0,29.73,29.73,0,0,1.9,1648.5187,1000,1000
78,4,4,"base_example",1,4,4,0.3,"two_stage",30,30,6,30,"CRM","previous_dose_additive","previous_dose",0.15,0.85,"previous_dose_additive",0.5,0.5,0.15,0.85,0.15,0.85,2,0.3,6,"continuous",0.0179,28,1,1,1,0,0,2,0.1,0.1,0.1396,0.1806,0.1388,0.1385,NA,NA,2.7,8.1,4.317,4.317,0,29.73,29.73,0,0,1.9,1648.5187,1000,1000
78,4,4,"base_example",1,4,4,0.3,"two_stage",30,30,6,30,"CRM","previous_dose_additive","previous_dose",0.15,0.85,"previous_dose_additive",0.5,0.5,0.15,0.85,0.15,0.85,2,0.3,6,"continuous",0.0179,28,1,1,1,0,0,3,0.18,0.25,0.222,0.2711,0.2045,0.1385,NA,NA,22,21.9,6.708,6.708,0,29.73,29.73,0,0,1.9,1648.5187,1000,1000
78,4,4,"base_example",1,4,4,0.3,"two_stage",30,30,6,30,"CRM","previous_dose_additive","previous_dose",0.15,0.85,"previous_dose_additive",0.5,0.5,0.15,0.85,0.15,0.85,2,0.3,6,"continuous",0.0179,28,1,1,1,0,0,4,0.3,0.5,0.2661,0.4749,0.395,0.1385,NA,NA,39.5,42.7,8.037,8.037,0,29.73,29.73,0,0,1.9,1648.5187,1000,1000
78,4,4,"base_example",1,4,4,0.3,"two_stage",30,30,6,30,"CRM","previous_dose_additive","previous_dose",0.15,0.85,"previous_dose_additive",0.5,0.5,0.15,0.85,0.15,0.85,2,0.3,6,"continuous",0.0179,28,1,1,1,0,0,5,0.4,0.55,0.36,0.5123,0.4043,0.1385,NA,NA,33.8,18,6.042,6.042,0,29.73,29.73,0,0,1.9,1648.5187,1000,1000
79,5,5,"base_example",1,5,2,0.3,"two_stage",30,30,6,30,"CRM","previous_dose_additive","previous_dose",0.15,0.85,"previous_dose_additive",0.5,0.5,0.15,0.85,0.15,0.85,2,0.3,6,"continuous",0.0179,28,1,1,1,0,0,1,0.07,0.05,0.0855,0.1389,0.1132,0.1377,NA,NA,5.4,5,4.932,4.932,0,29.415,29.415,0.1,0.1,4.3,1631.3603,1000,1000
79,5,5,"base_example",1,5,2,0.3,"two_stage",30,30,6,30,"CRM","previous_dose_additive","previous_dose",0.15,0.85,"previous_dose_additive",0.5,0.5,0.15,0.85,0.15,0.85,2,0.3,6,"continuous",0.0179,28,1,1,1,0,0,2,0.12,0.3,0.1191,0.3006,0.2649,0.1377,NA,NA,3.5,36.8,6.657,6.657,0,29.415,29.415,0.1,0.1,4.3,1631.3603,1000,1000
79,5,5,"base_example",1,5,2,0.3,"two_stage",30,30,6,30,"CRM","previous_dose_additive","previous_dose",0.15,0.85,"previous_dose_additive",0.5,0.5,0.15,0.85,0.15,0.85,2,0.3,6,"continuous",0.0179,28,1,1,1,0,0,3,0.17,0.3,0.1941,0.3047,0.2465,0.1377,NA,NA,13.5,25.4,6.612,6.612,0,29.415,29.415,0.1,0.1,4.3,1631.3603,1000,1000
79,5,5,"base_example",1,5,2,0.3,"two_stage",30,30,6,30,"CRM","previous_dose_additive","previous_dose",0.15,0.85,"previous_dose_additive",0.5,0.5,0.15,0.85,0.15,0.85,2,0.3,6,"continuous",0.0179,28,1,1,1,0,0,4,0.22,0.3,0.2354,0.3358,0.2651,0.1377,NA,NA,23.5,18.6,5.862,5.862,0,29.415,29.415,0.1,0.1,4.3,1631.3603,1000,1000
79,5,5,"base_example",1,5,2,0.3,"two_stage",30,30,6,30,"CRM","previous_dose_additive","previous_dose",0.15,0.85,"previous_dose_additive",0.5,0.5,0.15,0.85,0.15,0.85,2,0.3,6,"continuous",0.0179,28,1,1,1,0,0,5,0.3,0.3,0.3254,0.374,0.2764,0.1377,NA,NA,54,9.9,5.352,5.352,0,29.415,29.415,0.1,0.1,4.3,1631.3603,1000,1000
80,6,1,"five_scenarios_txt",1,1,1,0.3,"two_stage",30,30,6,30,"CRM","previous_dose_additive","previous_dose",0.15,0.85,"previous_dose_additive",0.5,0.5,0.15,0.85,0.15,0.85,2,0.3,6,"continuous",0.0179,28,1,1,1,0,0,1,0.29,0.3,0.3104,0.3056,0.2124,0.1373,NA,NA,55.8,67.6,19.536,19.536,0,27.504,27.504,13.2,13.4,13.8,1528.5214,1000,1000
80,6,1,"five_scenarios_txt",1,1,1,0.3,"two_stage",30,30,6,30,"CRM","previous_dose_additive","previous_dose",0.15,0.85,"previous_dose_additive",0.5,0.5,0.15,0.85,0.15,0.85,2,0.3,6,"continuous",0.0179,28,1,1,1,0,0,2,0.34,0.32,0.3645,0.4111,0.3017,0.1373,NA,NA,18.2,13.3,4.032,4.032,0,27.504,27.504,13.2,13.4,13.8,1528.5214,1000,1000
80,6,1,"five_scenarios_txt",1,1,1,0.3,"two_stage",30,30,6,30,"CRM","previous_dose_additive","previous_dose",0.15,0.85,"previous_dose_additive",0.5,0.5,0.15,0.85,0.15,0.85,2,0.3,6,"continuous",0.0179,28,1,1,1,0,0,3,0.38,0.35,0.4616,0.4492,0.3108,0.1373,NA,NA,8.2,3.9,2.547,2.547,0,27.504,27.504,13.2,13.4,13.8,1528.5214,1000,1000
80,6,1,"five_scenarios_txt",1,1,1,0.3,"two_stage",30,30,6,30,"CRM","previous_dose_additive","previous_dose",0.15,0.85,"previous_dose_additive",0.5,0.5,0.15,0.85,0.15,0.85,2,0.3,6,"continuous",0.0179,28,1,1,1,0,0,4,0.43,0.38,0.5065,0.4814,0.3294,0.1373,NA,NA,3.7,1,1.035,1.035,0,27.504,27.504,13.2,13.4,13.8,1528.5214,1000,1000
80,6,1,"five_scenarios_txt",1,1,1,0.3,"two_stage",30,30,6,30,"CRM","previous_dose_additive","previous_dose",0.15,0.85,"previous_dose_additive",0.5,0.5,0.15,0.85,0.15,0.85,2,0.3,6,"continuous",0.0179,28,1,1,1,0,0,5,0.52,0.4,0.5915,0.4953,0.3178,0.1373,NA,NA,0.9,0.4,0.354,0.354,0,27.504,27.504,13.2,13.4,13.8,1528.5214,1000,1000
81,7,2,"five_scenarios_txt",1,4,2,0.3,"two_stage",30,30,6,30,"CRM","previous_dose_additive","previous_dose",0.15,0.85,"previous_dose_additive",0.5,0.5,0.15,0.85,0.15,0.85,2,0.3,6,"continuous",0.0179,28,1,1,1,0,0,1,0.16,0.2,0.1544,0.2377,0.1913,0.1376,NA,NA,23,27.7,10.809,10.809,0,29.643,29.643,0.7,0.7,2.2,1644.4307,1000,1000
81,7,2,"five_scenarios_txt",1,4,2,0.3,"two_stage",30,30,6,30,"CRM","previous_dose_additive","previous_dose",0.15,0.85,"previous_dose_additive",0.5,0.5,0.15,0.85,0.15,0.85,2,0.3,6,"continuous",0.0179,28,1,1,1,0,0,2,0.2,0.5,0.1994,0.4715,0.4117,0.1376,NA,NA,15.6,36.5,7.2,7.2,0,29.643,29.643,0.7,0.7,2.2,1644.4307,1000,1000
81,7,2,"five_scenarios_txt",1,4,2,0.3,"two_stage",30,30,6,30,"CRM","previous_dose_additive","previous_dose",0.15,0.85,"previous_dose_additive",0.5,0.5,0.15,0.85,0.15,0.85,2,0.3,6,"continuous",0.0179,28,1,1,1,0,0,3,0.26,0.5,0.2903,0.4756,0.3886,0.1376,NA,NA,23.4,20.9,5.622,5.622,0,29.643,29.643,0.7,0.7,2.2,1644.4307,1000,1000
81,7,2,"five_scenarios_txt",1,4,2,0.3,"two_stage",30,30,6,30,"CRM","previous_dose_additive","previous_dose",0.15,0.85,"previous_dose_additive",0.5,0.5,0.15,0.85,0.15,0.85,2,0.3,6,"continuous",0.0179,28,1,1,1,0,0,4,0.31,0.5,0.3364,0.4833,0.3824,0.1376,NA,NA,21.4,9.5,3.711,3.711,0,29.643,29.643,0.7,0.7,2.2,1644.4307,1000,1000
81,7,2,"five_scenarios_txt",1,4,2,0.3,"two_stage",30,30,6,30,"CRM","previous_dose_additive","previous_dose",0.15,0.85,"previous_dose_additive",0.5,0.5,0.15,0.85,0.15,0.85,2,0.3,6,"continuous",0.0179,28,1,1,1,0,0,5,0.36,0.5,0.4306,0.4906,0.3614,0.1376,NA,NA,15.9,3.2,2.301,2.301,0,29.643,29.643,0.7,0.7,2.2,1644.4307,1000,1000
82,8,3,"five_scenarios_txt",1,1,1,0.3,"two_stage",30,30,6,30,"CRM","previous_dose_additive","previous_dose",0.15,0.85,"previous_dose_additive",0.5,0.5,0.15,0.85,0.15,0.85,2,0.3,6,"continuous",0.0179,28,1,1,1,0,0,1,0.32,0.1,0.3505,0.1187,0.0136,0.1347,NA,NA,62.8,43,17.433,17.433,0,23.973,23.973,17.8,18,44.9,1325.301,1000,1000
82,8,3,"five_scenarios_txt",1,1,1,0.3,"two_stage",30,30,6,30,"CRM","previous_dose_additive","previous_dose",0.15,0.85,"previous_dose_additive",0.5,0.5,0.15,0.85,0.15,0.85,2,0.3,6,"continuous",0.0179,28,1,1,1,0,0,2,0.37,0.15,0.4047,0.3689,0.2475,0.1347,NA,NA,12,8.8,3.687,3.687,0,23.973,23.973,17.8,18,44.9,1325.301,1000,1000
82,8,3,"five_scenarios_txt",1,1,1,0.3,"two_stage",30,30,6,30,"CRM","previous_dose_additive","previous_dose",0.15,0.85,"previous_dose_additive",0.5,0.5,0.15,0.85,0.15,0.85,2,0.3,6,"continuous",0.0179,28,1,1,1,0,0,3,0.42,0.2,0.5001,0.4265,0.2764,0.1347,NA,NA,5,1.9,1.878,1.878,0,23.973,23.973,17.8,18,44.9,1325.301,1000,1000
82,8,3,"five_scenarios_txt",1,1,1,0.3,"two_stage",30,30,6,30,"CRM","previous_dose_additive","previous_dose",0.15,0.85,"previous_dose_additive",0.5,0.5,0.15,0.85,0.15,0.85,2,0.3,6,"continuous",0.0179,28,1,1,1,0,0,4,0.48,0.3,0.5434,0.4816,0.3186,0.1347,NA,NA,1.8,1.1,0.762,0.762,0,23.973,23.973,17.8,18,44.9,1325.301,1000,1000
82,8,3,"five_scenarios_txt",1,1,1,0.3,"two_stage",30,30,6,30,"CRM","previous_dose_additive","previous_dose",0.15,0.85,"previous_dose_additive",0.5,0.5,0.15,0.85,0.15,0.85,2,0.3,6,"continuous",0.0179,28,1,1,1,0,0,5,0.52,0.4,0.6244,0.4964,0.309,0.1347,NA,NA,0.6,0.3,0.213,0.213,0,23.973,23.973,17.8,18,44.9,1325.301,1000,1000
83,9,4,"five_scenarios_txt",1,5,5,0.3,"two_stage",30,30,6,30,"CRM","previous_dose_additive","previous_dose",0.15,0.85,"previous_dose_additive",0.5,0.5,0.15,0.85,0.15,0.85,2,0.3,6,"continuous",0.0179,28,1,1,1,0,0,1,0.15,0.05,0.1352,0.1146,0.0741,0.137,NA,NA,22.2,15.1,8.916,8.916,0,27.729,27.729,0.5,0.5,19.6,1541.2061,1000,1000
83,9,4,"five_scenarios_txt",1,5,5,0.3,"two_stage",30,30,6,30,"CRM","previous_dose_additive","previous_dose",0.15,0.85,"previous_dose_additive",0.5,0.5,0.15,0.85,0.15,0.85,2,0.3,6,"continuous",0.0179,28,1,1,1,0,0,2,0.18,0.08,0.176,0.2149,0.1621,0.137,NA,NA,10,10.1,4.374,4.374,0,27.729,27.729,0.5,0.5,19.6,1541.2061,1000,1000
83,9,4,"five_scenarios_txt",1,5,5,0.3,"two_stage",30,30,6,30,"CRM","previous_dose_additive","previous_dose",0.15,0.85,"previous_dose_additive",0.5,0.5,0.15,0.85,0.15,0.85,2,0.3,6,"continuous",0.0179,28,1,1,1,0,0,3,0.22,0.2,0.2605,0.2967,0.2186,0.137,NA,NA,17.7,18.6,5.568,5.568,0,27.729,27.729,0.5,0.5,19.6,1541.2061,1000,1000
83,9,4,"five_scenarios_txt",1,5,5,0.3,"two_stage",30,30,6,30,"CRM","previous_dose_additive","previous_dose",0.15,0.85,"previous_dose_additive",0.5,0.5,0.15,0.85,0.15,0.85,2,0.3,6,"continuous",0.0179,28,1,1,1,0,0,4,0.26,0.25,0.3044,0.3661,0.2747,0.137,NA,NA,17.3,12,3.996,3.996,0,27.729,27.729,0.5,0.5,19.6,1541.2061,1000,1000
83,9,4,"five_scenarios_txt",1,5,5,0.3,"two_stage",30,30,6,30,"CRM","previous_dose_additive","previous_dose",0.15,0.85,"previous_dose_additive",0.5,0.5,0.15,0.85,0.15,0.85,2,0.3,6,"continuous",0.0179,28,1,1,1,0,0,5,0.29,0.5,0.3962,0.4908,0.372,0.137,NA,NA,32.3,24.6,4.875,4.875,0,27.729,27.729,0.5,0.5,19.6,1541.2061,1000,1000
84,10,5,"five_scenarios_txt",1,2,2,0.3,"two_stage",30,30,6,30,"CRM","previous_dose_additive","previous_dose",0.15,0.85,"previous_dose_additive",0.5,0.5,0.15,0.85,0.15,0.85,2,0.3,6,"continuous",0.0179,28,1,1,1,0,0,1,0.23,0.05,0.2423,0.1034,0.0307,0.1373,NA,NA,44.9,11.7,11.811,11.811,0,25.026,25.026,4.4,4.4,39.9,1386.5959,1000,1000
84,10,5,"five_scenarios_txt",1,2,2,0.3,"two_stage",30,30,6,30,"CRM","previous_dose_additive","previous_dose",0.15,0.85,"previous_dose_additive",0.5,0.5,0.15,0.85,0.15,0.85,2,0.3,6,"continuous",0.0179,28,1,1,1,0,0,2,0.28,0.4,0.2937,0.4284,0.3403,0.1373,NA,NA,21,30.9,6.009,6.009,0,25.026,25.026,4.4,4.4,39.9,1386.5959,1000,1000
84,10,5,"five_scenarios_txt",1,2,2,0.3,"two_stage",30,30,6,30,"CRM","previous_dose_additive","previous_dose",0.15,0.85,"previous_dose_additive",0.5,0.5,0.15,0.85,0.15,0.85,2,0.3,6,"continuous",0.0179,28,1,1,1,0,0,3,0.32,0.42,0.3901,0.4577,0.3407,0.1373,NA,NA,15.8,11.9,4.053,4.053,0,25.026,25.026,4.4,4.4,39.9,1386.5959,1000,1000
84,10,5,"five_scenarios_txt",1,2,2,0.3,"two_stage",30,30,6,30,"CRM","previous_dose_additive","previous_dose",0.15,0.85,"previous_dose_additive",0.5,0.5,0.15,0.85,0.15,0.85,2,0.3,6,"continuous",0.0179,28,1,1,1,0,0,4,0.39,0.45,0.4364,0.48,0.349,0.1373,NA,NA,9.4,3.7,2.145,2.145,0,25.026,25.026,4.4,4.4,39.9,1386.5959,1000,1000
84,10,5,"five_scenarios_txt",1,2,2,0.3,"two_stage",30,30,6,30,"CRM","previous_dose_additive","previous_dose",0.15,0.85,"previous_dose_additive",0.5,0.5,0.15,0.85,0.15,0.85,2,0.3,6,"continuous",0.0179,28,1,1,1,0,0,5,0.43,0.5,0.5264,0.4961,0.3382,0.1373,NA,NA,4.5,1.9,1.008,1.008,0,25.026,25.026,4.4,4.4,39.9,1386.5959,1000,1000
85,11,1,"five_scenarios_txt",1,2,1,0.3,"two_stage",30,30,6,30,"CRM","previous_dose_additive","previous_dose",0.15,0.85,"previous_dose_additive",0.5,0.5,0.15,0.85,0.15,0.85,2,0.3,6,"continuous",0.0179,28,1,1,1,0,0,1,0.22,0.2,0.2566,0.2065,0.1296,0.1392,NA,NA,47.2,67.5,18.468,18.468,0,28.923,28.923,4,4,6.9,1605.3859,1000,1000
85,11,1,"five_scenarios_txt",1,2,1,0.3,"two_stage",30,30,6,30,"CRM","previous_dose_additive","previous_dose",0.15,0.85,"previous_dose_additive",0.5,0.5,0.15,0.85,0.15,0.85,2,0.3,6,"continuous",0.0179,28,1,1,1,0,0,2,0.32,0.2,0.311,0.3222,0.2289,0.1392,NA,NA,33.3,20.7,5.862,5.862,0,28.923,28.923,4,4,6.9,1605.3859,1000,1000
85,11,1,"five_scenarios_txt",1,2,1,0.3,"two_stage",30,30,6,30,"CRM","previous_dose_additive","previous_dose",0.15,0.85,"previous_dose_additive",0.5,0.5,0.15,0.85,0.15,0.85,2,0.3,6,"continuous",0.0179,28,1,1,1,0,0,3,0.44,0.2,0.4112,0.3777,0.2544,0.1392,NA,NA,13.4,4.2,3.525,3.525,0,28.923,28.923,4,4,6.9,1605.3859,1000,1000
85,11,1,"five_scenarios_txt",1,2,1,0.3,"two_stage",30,30,6,30,"CRM","previous_dose_additive","previous_dose",0.15,0.85,"previous_dose_additive",0.5,0.5,0.15,0.85,0.15,0.85,2,0.3,6,"continuous",0.0179,28,1,1,1,0,0,4,0.59,0.2,0.4584,0.4552,0.3176,0.1392,NA,NA,2.1,0.7,0.945,0.945,0,28.923,28.923,4,4,6.9,1605.3859,1000,1000
85,11,1,"five_scenarios_txt",1,2,1,0.3,"two_stage",30,30,6,30,"CRM","previous_dose_additive","previous_dose",0.15,0.85,"previous_dose_additive",0.5,0.5,0.15,0.85,0.15,0.85,2,0.3,6,"continuous",0.0179,28,1,1,1,0,0,5,0.67,0.2,0.549,0.4934,0.3286,0.1392,NA,NA,0,0,0.123,0.123,0,28.923,28.923,4,4,6.9,1605.3859,1000,1000
86,12,2,"five_scenarios_txt",3,4,4,0.3,"two_stage",30,30,6,30,"CRM","previous_dose_additive","previous_dose",0.15,0.85,"previous_dose_additive",0.5,0.5,0.15,0.85,0.15,0.85,2,0.3,6,"continuous",0.0179,28,1,1,1,0,0,1,0.06,0.05,0.1056,0.1385,0.1068,0.1382,NA,NA,3.7,15.9,5.07,5.07,0,29.544,29.544,0.1,0.1,3.3,1638.1168,1000,1000
86,12,2,"five_scenarios_txt",3,4,4,0.3,"two_stage",30,30,6,30,"CRM","previous_dose_additive","previous_dose",0.15,0.85,"previous_dose_additive",0.5,0.5,0.15,0.85,0.15,0.85,2,0.3,6,"continuous",0.0179,28,1,1,1,0,0,2,0.09,0.1,0.1444,0.1806,0.1373,0.1382,NA,NA,2.9,13.1,4.686,4.686,0,29.544,29.544,0.1,0.1,3.3,1638.1168,1000,1000
86,12,2,"five_scenarios_txt",3,4,4,0.3,"two_stage",30,30,6,30,"CRM","previous_dose_additive","previous_dose",0.15,0.85,"previous_dose_additive",0.5,0.5,0.15,0.85,0.15,0.85,2,0.3,6,"continuous",0.0179,28,1,1,1,0,0,3,0.18,0.12,0.228,0.1874,0.119,0.1382,NA,NA,21.2,8.7,5.445,5.445,0,29.544,29.544,0.1,0.1,3.3,1638.1168,1000,1000
86,12,2,"five_scenarios_txt",3,4,4,0.3,"two_stage",30,30,6,30,"CRM","previous_dose_additive","previous_dose",0.15,0.85,"previous_dose_additive",0.5,0.5,0.15,0.85,0.15,0.85,2,0.3,6,"continuous",0.0179,28,1,1,1,0,0,4,0.29,0.4,0.2726,0.4062,0.3244,0.1382,NA,NA,43.1,37.2,7.629,7.629,0,29.544,29.544,0.1,0.1,3.3,1638.1168,1000,1000
86,12,2,"five_scenarios_txt",3,4,4,0.3,"two_stage",30,30,6,30,"CRM","previous_dose_additive","previous_dose",0.15,0.85,"previous_dose_additive",0.5,0.5,0.15,0.85,0.15,0.85,2,0.3,6,"continuous",0.0179,28,1,1,1,0,0,5,0.44,0.6,0.3669,0.5458,0.4357,0.1382,NA,NA,29,21.8,6.714,6.714,0,29.544,29.544,0.1,0.1,3.3,1638.1168,1000,1000
87,13,3,"five_scenarios_txt",1,3,3,0.3,"two_stage",30,30,6,30,"CRM","previous_dose_additive","previous_dose",0.15,0.85,"previous_dose_additive",0.5,0.5,0.15,0.85,0.15,0.85,2,0.3,6,"continuous",0.0179,28,1,1,1,0,0,1,0.21,0.05,0.2266,0.104,0.0361,0.1363,NA,NA,41.1,13.8,11.373,11.373,0,25.662,25.662,2.9,2.9,34.9,1421.8534,1000,1000
87,13,3,"five_scenarios_txt",1,3,3,0.3,"two_stage",30,30,6,30,"CRM","previous_dose_additive","previous_dose",0.15,0.85,"previous_dose_additive",0.5,0.5,0.15,0.85,0.15,0.85,2,0.3,6,"continuous",0.0179,28,1,1,1,0,0,2,0.29,0.3,0.2776,0.3686,0.2854,0.1363,NA,NA,22.1,32.4,6.348,6.348,0,25.662,25.662,2.9,2.9,34.9,1421.8534,1000,1000
87,13,3,"five_scenarios_txt",1,3,3,0.3,"two_stage",30,30,6,30,"CRM","previous_dose_additive","previous_dose",0.15,0.85,"previous_dose_additive",0.5,0.5,0.15,0.85,0.15,0.85,2,0.3,6,"continuous",0.0179,28,1,1,1,0,0,3,0.3,0.32,0.3742,0.4156,0.3033,0.1363,NA,NA,19.2,13,4.491,4.491,0,25.662,25.662,2.9,2.9,34.9,1421.8534,1000,1000
87,13,3,"five_scenarios_txt",1,3,3,0.3,"two_stage",30,30,6,30,"CRM","previous_dose_additive","previous_dose",0.15,0.85,"previous_dose_additive",0.5,0.5,0.15,0.85,0.15,0.85,2,0.3,6,"continuous",0.0179,28,1,1,1,0,0,4,0.39,0.35,0.4208,0.4509,0.3246,0.1363,NA,NA,10.6,4.1,2.397,2.397,0,25.662,25.662,2.9,2.9,34.9,1421.8534,1000,1000
87,13,3,"five_scenarios_txt",1,3,3,0.3,"two_stage",30,30,6,30,"CRM","previous_dose_additive","previous_dose",0.15,0.85,"previous_dose_additive",0.5,0.5,0.15,0.85,0.15,0.85,2,0.3,6,"continuous",0.0179,28,1,1,1,0,0,5,0.46,0.4,0.5122,0.4856,0.3319,0.1363,NA,NA,4.1,1.8,1.053,1.053,0,25.662,25.662,2.9,2.9,34.9,1421.8534,1000,1000
88,14,4,"five_scenarios_txt",1,4,4,0.3,"two_stage",30,30,6,30,"CRM","previous_dose_additive","previous_dose",0.15,0.85,"previous_dose_additive",0.5,0.5,0.15,0.85,0.15,0.85,2,0.3,6,"continuous",0.0179,28,1,1,1,0,0,1,0.09,0.05,0.1174,0.1236,0.0884,0.1388,NA,NA,8.7,21.8,6.795,6.795,0,29.064,29.064,0.2,0.2,7.4,1614.0618,1000,1000
88,14,4,"five_scenarios_txt",1,4,4,0.3,"two_stage",30,30,6,30,"CRM","previous_dose_additive","previous_dose",0.15,0.85,"previous_dose_additive",0.5,0.5,0.15,0.85,0.15,0.85,2,0.3,6,"continuous",0.0179,28,1,1,1,0,0,2,0.15,0.08,0.1576,0.1722,0.1249,0.1388,NA,NA,7.3,14.4,5.37,5.37,0,29.064,29.064,0.2,0.2,7.4,1614.0618,1000,1000
88,14,4,"five_scenarios_txt",1,4,4,0.3,"two_stage",30,30,6,30,"CRM","previous_dose_additive","previous_dose",0.15,0.85,"previous_dose_additive",0.5,0.5,0.15,0.85,0.15,0.85,2,0.3,6,"continuous",0.0179,28,1,1,1,0,0,3,0.23,0.12,0.2427,0.201,0.1282,0.1388,NA,NA,25,13.5,6,6,0,29.064,29.064,0.2,0.2,7.4,1614.0618,1000,1000
88,14,4,"five_scenarios_txt",1,4,4,0.3,"two_stage",30,30,6,30,"CRM","previous_dose_additive","previous_dose",0.15,0.85,"previous_dose_additive",0.5,0.5,0.15,0.85,0.15,0.85,2,0.3,6,"continuous",0.0179,28,1,1,1,0,0,4,0.28,0.3,0.2875,0.3622,0.276,0.1388,NA,NA,30.7,28.2,6.198,6.198,0,29.064,29.064,0.2,0.2,7.4,1614.0618,1000,1000
88,14,4,"five_scenarios_txt",1,4,4,0.3,"two_stage",30,30,6,30,"CRM","previous_dose_additive","previous_dose",0.15,0.85,"previous_dose_additive",0.5,0.5,0.15,0.85,0.15,0.85,2,0.3,6,"continuous",0.0179,28,1,1,1,0,0,5,0.39,0.4,0.3815,0.4489,0.3345,0.1388,NA,NA,28.1,14.7,4.701,4.701,0,29.064,29.064,0.2,0.2,7.4,1614.0618,1000,1000
89,15,5,"five_scenarios_txt",1,3,1,0.3,"two_stage",30,30,6,30,"CRM","previous_dose_additive","previous_dose",0.15,0.85,"previous_dose_additive",0.5,0.5,0.15,0.85,0.15,0.85,2,0.3,6,"continuous",0.0179,28,1,1,1,0,0,1,0.13,0.1,0.1623,0.1286,0.0799,0.1371,NA,NA,17.2,51.6,11.817,11.817,0,29.112,29.112,0.4,0.4,7.4,1615.751,1000,1000
89,15,5,"five_scenarios_txt",1,3,1,0.3,"two_stage",30,30,6,30,"CRM","previous_dose_additive","previous_dose",0.15,0.85,"previous_dose_additive",0.5,0.5,0.15,0.85,0.15,0.85,2,0.3,6,"continuous",0.0179,28,1,1,1,0,0,2,0.2,0.1,0.2094,0.1884,0.1256,0.1371,NA,NA,21.8,27.5,6.822,6.822,0,29.112,29.112,0.4,0.4,7.4,1615.751,1000,1000
89,15,5,"five_scenarios_txt",1,3,1,0.3,"two_stage",30,30,6,30,"CRM","previous_dose_additive","previous_dose",0.15,0.85,"previous_dose_additive",0.5,0.5,0.15,0.85,0.15,0.85,2,0.3,6,"continuous",0.0179,28,1,1,1,0,0,3,0.32,0.1,0.3032,0.2227,0.1318,0.1371,NA,NA,34.6,8.9,5.802,5.802,0,29.112,29.112,0.4,0.4,7.4,1615.751,1000,1000
89,15,5,"five_scenarios_txt",1,3,1,0.3,"two_stage",30,30,6,30,"CRM","previous_dose_additive","previous_dose",0.15,0.85,"previous_dose_additive",0.5,0.5,0.15,0.85,0.15,0.85,2,0.3,6,"continuous",0.0179,28,1,1,1,0,0,4,0.39,0.1,0.3504,0.3267,0.2216,0.1371,NA,NA,17.5,3.6,3.228,3.228,0,29.112,29.112,0.4,0.4,7.4,1615.751,1000,1000
89,15,5,"five_scenarios_txt",1,3,1,0.3,"two_stage",30,30,6,30,"CRM","previous_dose_additive","previous_dose",0.15,0.85,"previous_dose_additive",0.5,0.5,0.15,0.85,0.15,0.85,2,0.3,6,"continuous",0.0179,28,1,1,1,0,0,5,0.46,0.1,0.4457,0.421,0.2873,0.1371,NA,NA,8.5,1,1.443,1.443,0,29.112,29.112,0.4,0.4,7.4,1615.751,1000,1000
90,16,1,"five_scenarios_txt",1,5,1,0.3,"two_stage",30,30,6,30,"CRM","previous_dose_additive","previous_dose",0.15,0.85,"previous_dose_additive",0.5,0.5,0.15,0.85,0.15,0.85,2,0.3,6,"continuous",0.0179,28,1,1,1,0,0,1,0.02,0.2,0.0446,0.2143,0.2009,0.1369,NA,NA,0.7,30.6,5.907,5.907,0,29.985,29.985,0,0,0.1,1663.1428,1000,1000
90,16,1,"five_scenarios_txt",1,5,1,0.3,"two_stage",30,30,6,30,"CRM","previous_dose_additive","previous_dose",0.15,0.85,"previous_dose_additive",0.5,0.5,0.15,0.85,0.15,0.85,2,0.3,6,"continuous",0.0179,28,1,1,1,0,0,2,0.06,0.2,0.0673,0.2145,0.1943,0.1369,NA,NA,0.6,23.6,5.625,5.625,0,29.985,29.985,0,0,0.1,1663.1428,1000,1000
90,16,1,"five_scenarios_txt",1,5,1,0.3,"two_stage",30,30,6,30,"CRM","previous_dose_additive","previous_dose",0.15,0.85,"previous_dose_additive",0.5,0.5,0.15,0.85,0.15,0.85,2,0.3,6,"continuous",0.0179,28,1,1,1,0,0,3,0.09,0.2,0.1238,0.2135,0.1764,0.1369,NA,NA,2.6,17.2,5.445,5.445,0,29.985,29.985,0,0,0.1,1663.1428,1000,1000
90,16,1,"five_scenarios_txt",1,5,1,0.3,"two_stage",30,30,6,30,"CRM","previous_dose_additive","previous_dose",0.15,0.85,"previous_dose_additive",0.5,0.5,0.15,0.85,0.15,0.85,2,0.3,6,"continuous",0.0179,28,1,1,1,0,0,4,0.14,0.2,0.1575,0.2268,0.1795,0.1369,NA,NA,10.6,17.6,6.012,6.012,0,29.985,29.985,0,0,0.1,1663.1428,1000,1000
90,16,1,"five_scenarios_txt",1,5,1,0.3,"two_stage",30,30,6,30,"CRM","previous_dose_additive","previous_dose",0.15,0.85,"previous_dose_additive",0.5,0.5,0.15,0.85,0.15,0.85,2,0.3,6,"continuous",0.0179,28,1,1,1,0,0,5,0.26,0.2,0.2364,0.2494,0.1785,0.1369,NA,NA,85.5,10.9,6.996,6.996,0,29.985,29.985,0,0,0.1,1663.1428,1000,1000
91,17,2,"five_scenarios_txt",1,2,2,0.3,"two_stage",30,30,6,30,"CRM","previous_dose_additive","previous_dose",0.15,0.85,"previous_dose_additive",0.5,0.5,0.15,0.85,0.15,0.85,2,0.3,6,"continuous",0.0179,28,1,1,1,0,0,1,0.11,0.3,0.1888,0.3115,0.2549,0.1363,NA,NA,15.3,30.9,10.158,10.158,0,29.937,29.937,0.2,0.2,0.3,1660.7394,1000,1000
91,17,2,"five_scenarios_txt",1,2,2,0.3,"two_stage",30,30,6,30,"CRM","previous_dose_additive","previous_dose",0.15,0.85,"previous_dose_additive",0.5,0.5,0.15,0.85,0.15,0.85,2,0.3,6,"continuous",0.0179,28,1,1,1,0,0,2,0.23,0.5,0.2396,0.4708,0.3989,0.1363,NA,NA,41,50.9,9.921,9.921,0,29.937,29.937,0.2,0.2,0.3,1660.7394,1000,1000
91,17,2,"five_scenarios_txt",1,2,2,0.3,"two_stage",30,30,6,30,"CRM","previous_dose_additive","previous_dose",0.15,0.85,"previous_dose_additive",0.5,0.5,0.15,0.85,0.15,0.85,2,0.3,6,"continuous",0.0179,28,1,1,1,0,0,3,0.39,0.5,0.338,0.484,0.3826,0.1363,NA,NA,36.3,16.1,7.257,7.257,0,29.937,29.937,0.2,0.2,0.3,1660.7394,1000,1000
91,17,2,"five_scenarios_txt",1,2,2,0.3,"two_stage",30,30,6,30,"CRM","previous_dose_additive","previous_dose",0.15,0.85,"previous_dose_additive",0.5,0.5,0.15,0.85,0.15,0.85,2,0.3,6,"continuous",0.0179,28,1,1,1,0,0,4,0.58,0.5,0.3863,0.5024,0.3865,0.1363,NA,NA,7,1.8,2.268,2.268,0,29.937,29.937,0.2,0.2,0.3,1660.7394,1000,1000
91,17,2,"five_scenarios_txt",1,2,2,0.3,"two_stage",30,30,6,30,"CRM","previous_dose_additive","previous_dose",0.15,0.85,"previous_dose_additive",0.5,0.5,0.15,0.85,0.15,0.85,2,0.3,6,"continuous",0.0179,28,1,1,1,0,0,5,0.76,0.5,0.4817,0.5008,0.3563,0.1363,NA,NA,0.2,0,0.333,0.333,0,29.937,29.937,0.2,0.2,0.3,1660.7394,1000,1000
92,18,3,"five_scenarios_txt",1,5,5,0.3,"two_stage",30,30,6,30,"CRM","previous_dose_additive","previous_dose",0.15,0.85,"previous_dose_additive",0.5,0.5,0.15,0.85,0.15,0.85,2,0.3,6,"continuous",0.0179,28,1,1,1,0,0,1,0.02,0.05,0.0664,0.1486,0.1287,0.1393,NA,NA,0.7,11.2,3.747,3.747,0,29.931,29.931,0,0,0.7,1659.7685,1000,1000
92,18,3,"five_scenarios_txt",1,5,5,0.3,"two_stage",30,30,6,30,"CRM","previous_dose_additive","previous_dose",0.15,0.85,"previous_dose_additive",0.5,0.5,0.15,0.85,0.15,0.85,2,0.3,6,"continuous",0.0179,28,1,1,1,0,0,2,0.04,0.1,0.0965,0.1726,0.1437,0.1393,NA,NA,0.2,7.6,3.939,3.939,0,29.931,29.931,0,0,0.7,1659.7685,1000,1000
92,18,3,"five_scenarios_txt",1,5,5,0.3,"two_stage",30,30,6,30,"CRM","previous_dose_additive","previous_dose",0.15,0.85,"previous_dose_additive",0.5,0.5,0.15,0.85,0.15,0.85,2,0.3,6,"continuous",0.0179,28,1,1,1,0,0,3,0.1,0.15,0.1664,0.193,0.143,0.1393,NA,NA,3.3,10.6,4.788,4.788,0,29.931,29.931,0,0,0.7,1659.7685,1000,1000
92,18,3,"five_scenarios_txt",1,5,5,0.3,"two_stage",30,30,6,30,"CRM","previous_dose_additive","previous_dose",0.15,0.85,"previous_dose_additive",0.5,0.5,0.15,0.85,0.15,0.85,2,0.3,6,"continuous",0.0179,28,1,1,1,0,0,4,0.2,0.2,0.2061,0.2402,0.1784,0.1393,NA,NA,25.3,14.5,5.835,5.835,0,29.931,29.931,0,0,0.7,1659.7685,1000,1000
92,18,3,"five_scenarios_txt",1,5,5,0.3,"two_stage",30,30,6,30,"CRM","previous_dose_additive","previous_dose",0.15,0.85,"previous_dose_additive",0.5,0.5,0.15,0.85,0.15,0.85,2,0.3,6,"continuous",0.0179,28,1,1,1,0,0,5,0.35,0.5,0.2946,0.4844,0.396,0.1393,NA,NA,70.5,55.4,11.622,11.622,0,29.931,29.931,0,0,0.7,1659.7685,1000,1000
93,19,4,"five_scenarios_txt",1,2,2,0.3,"two_stage",30,30,6,30,"CRM","previous_dose_additive","previous_dose",0.15,0.85,"previous_dose_additive",0.5,0.5,0.15,0.85,0.15,0.85,2,0.3,6,"continuous",0.0179,28,1,1,1,0,0,1,0.11,0.08,0.1997,0.1326,0.0727,0.1383,NA,NA,18.8,19.7,9.237,9.237,0,28.959,28.959,0.2,0.2,8.8,1608.5787,1000,1000
93,19,4,"five_scenarios_txt",1,2,2,0.3,"two_stage",30,30,6,30,"CRM","previous_dose_additive","previous_dose",0.15,0.85,"previous_dose_additive",0.5,0.5,0.15,0.85,0.15,0.85,2,0.3,6,"continuous",0.0179,28,1,1,1,0,0,2,0.26,0.3,0.2514,0.318,0.2426,0.1383,NA,NA,44.4,53.8,10.443,10.443,0,28.959,28.959,0.2,0.2,8.8,1608.5787,1000,1000
93,19,4,"five_scenarios_txt",1,2,2,0.3,"two_stage",30,30,6,30,"CRM","previous_dose_additive","previous_dose",0.15,0.85,"previous_dose_additive",0.5,0.5,0.15,0.85,0.15,0.85,2,0.3,6,"continuous",0.0179,28,1,1,1,0,0,3,0.39,0.32,0.3505,0.3693,0.2642,0.1383,NA,NA,31.4,15.9,6.918,6.918,0,28.959,28.959,0.2,0.2,8.8,1608.5787,1000,1000
93,19,4,"five_scenarios_txt",1,2,2,0.3,"two_stage",30,30,6,30,"CRM","previous_dose_additive","previous_dose",0.15,0.85,"previous_dose_additive",0.5,0.5,0.15,0.85,0.15,0.85,2,0.3,6,"continuous",0.0179,28,1,1,1,0,0,4,0.6,0.35,0.3987,0.4559,0.3363,0.1383,NA,NA,5.1,1.7,2.055,2.055,0,28.959,28.959,0.2,0.2,8.8,1608.5787,1000,1000
93,19,4,"five_scenarios_txt",1,2,2,0.3,"two_stage",30,30,6,30,"CRM","previous_dose_additive","previous_dose",0.15,0.85,"previous_dose_additive",0.5,0.5,0.15,0.85,0.15,0.85,2,0.3,6,"continuous",0.0179,28,1,1,1,0,0,5,0.77,0.4,0.4935,0.496,0.3479,0.1383,NA,NA,0.1,0.1,0.306,0.306,0,28.959,28.959,0.2,0.2,8.8,1608.5787,1000,1000
94,20,5,"five_scenarios_txt",1,3,2,0.3,"two_stage",30,30,6,30,"CRM","previous_dose_additive","previous_dose",0.15,0.85,"previous_dose_additive",0.5,0.5,0.15,0.85,0.15,0.85,2,0.3,6,"continuous",0.0179,28,1,1,1,0,0,1,0.07,0.05,0.1444,0.1289,0.0856,0.1365,NA,NA,6,12.5,5.628,5.628,0,29.406,29.406,0.1,0.1,4.3,1630.8671,1000,1000
94,20,5,"five_scenarios_txt",1,3,2,0.3,"two_stage",30,30,6,30,"CRM","previous_dose_additive","previous_dose",0.15,0.85,"previous_dose_additive",0.5,0.5,0.15,0.85,0.15,0.85,2,0.3,6,"continuous",0.0179,28,1,1,1,0,0,2,0.14,0.25,0.1897,0.2617,0.2048,0.1365,NA,NA,14.5,46,8.886,8.886,0,29.406,29.406,0.1,0.1,4.3,1630.8671,1000,1000
94,20,5,"five_scenarios_txt",1,3,2,0.3,"two_stage",30,30,6,30,"CRM","previous_dose_additive","previous_dose",0.15,0.85,"previous_dose_additive",0.5,0.5,0.15,0.85,0.15,0.85,2,0.3,6,"continuous",0.0179,28,1,1,1,0,0,3,0.31,0.25,0.2819,0.2743,0.1898,0.1365,NA,NA,45.1,27.5,8.484,8.484,0,29.406,29.406,0.1,0.1,4.3,1630.8671,1000,1000
94,20,5,"five_scenarios_txt",1,3,2,0.3,"two_stage",30,30,6,30,"CRM","previous_dose_additive","previous_dose",0.15,0.85,"previous_dose_additive",0.5,0.5,0.15,0.85,0.15,0.85,2,0.3,6,"continuous",0.0179,28,1,1,1,0,0,4,0.41,0.25,0.3289,0.3523,0.2536,0.1365,NA,NA,25.7,8.7,4.491,4.491,0,29.406,29.406,0.1,0.1,4.3,1630.8671,1000,1000
94,20,5,"five_scenarios_txt",1,3,2,0.3,"two_stage",30,30,6,30,"CRM","previous_dose_additive","previous_dose",0.15,0.85,"previous_dose_additive",0.5,0.5,0.15,0.85,0.15,0.85,2,0.3,6,"continuous",0.0179,28,1,1,1,0,0,5,0.52,0.25,0.4249,0.4362,0.3087,0.1365,NA,NA,8.6,1,1.917,1.917,0,29.406,29.406,0.1,0.1,4.3,1630.8671,1000,1000
95,21,1,"five_scenarios_txt",1,1,1,0.3,"two_stage",30,30,6,30,"CRM","previous_dose_additive","previous_dose",0.15,0.85,"previous_dose_additive",0.5,0.5,0.15,0.85,0.15,0.85,2,0.3,6,"continuous",0.0179,28,1,1,1,0,0,1,0.37,0.5,0.4305,0.5067,0.3776,0.1371,NA,NA,59.6,59.9,20.901,20.901,0,23.544,23.544,37.4,38.7,38.7,1308.2077,1000,1000
95,21,1,"five_scenarios_txt",1,1,1,0.3,"two_stage",30,30,6,30,"CRM","previous_dose_additive","previous_dose",0.15,0.85,"previous_dose_additive",0.5,0.5,0.15,0.85,0.15,0.85,2,0.3,6,"continuous",0.0179,28,1,1,1,0,0,2,0.56,0.5,0.4846,0.5029,0.3575,0.1371,NA,NA,2.9,1.4,2.028,2.028,0,23.544,23.544,37.4,38.7,38.7,1308.2077,1000,1000
95,21,1,"five_scenarios_txt",1,1,1,0.3,"two_stage",30,30,6,30,"CRM","previous_dose_additive","previous_dose",0.15,0.85,"previous_dose_additive",0.5,0.5,0.15,0.85,0.15,0.85,2,0.3,6,"continuous",0.0179,28,1,1,1,0,0,3,0.69,0.5,0.5758,0.4955,0.3228,0.1371,NA,NA,0.1,0,0.573,0.573,0,23.544,23.544,37.4,38.7,38.7,1308.2077,1000,1000
95,21,1,"five_scenarios_txt",1,1,1,0.3,"two_stage",30,30,6,30,"CRM","previous_dose_additive","previous_dose",0.15,0.85,"previous_dose_additive",0.5,0.5,0.15,0.85,0.15,0.85,2,0.3,6,"continuous",0.0179,28,1,1,1,0,0,4,0.83,0.5,0.6159,0.5003,0.3155,0.1371,NA,NA,0,0,0.042,0.042,0,23.544,23.544,37.4,38.7,38.7,1308.2077,1000,1000
95,21,1,"five_scenarios_txt",1,1,1,0.3,"two_stage",30,30,6,30,"CRM","previous_dose_additive","previous_dose",0.15,0.85,"previous_dose_additive",0.5,0.5,0.15,0.85,0.15,0.85,2,0.3,6,"continuous",0.0179,28,1,1,1,0,0,5,0.88,0.5,0.6888,0.5001,0.2935,0.1371,NA,NA,0,0,0,0,0,23.544,23.544,37.4,38.7,38.7,1308.2077,1000,1000
96,22,2,"five_scenarios_txt",1,2,2,0.3,"two_stage",30,30,6,30,"CRM","previous_dose_additive","previous_dose",0.15,0.85,"previous_dose_additive",0.5,0.5,0.15,0.85,0.15,0.85,2,0.3,6,"continuous",0.0179,28,1,1,1,0,0,1,0.07,0.08,0.2075,0.1297,0.0674,0.1376,NA,NA,17,26.9,8.958,8.958,0,29.34,29.34,0.1,0.1,4.5,1629.0219,1000,1000
96,22,2,"five_scenarios_txt",1,2,2,0.3,"two_stage",30,30,6,30,"CRM","previous_dose_additive","previous_dose",0.15,0.85,"previous_dose_additive",0.5,0.5,0.15,0.85,0.15,0.85,2,0.3,6,"continuous",0.0179,28,1,1,1,0,0,2,0.27,0.25,0.2599,0.2656,0.1876,0.1376,NA,NA,50.8,55.8,12.237,12.237,0,29.34,29.34,0.1,0.1,4.5,1629.0219,1000,1000
96,22,2,"five_scenarios_txt",1,2,2,0.3,"two_stage",30,30,6,30,"CRM","previous_dose_additive","previous_dose",0.15,0.85,"previous_dose_additive",0.5,0.5,0.15,0.85,0.15,0.85,2,0.3,6,"continuous",0.0179,28,1,1,1,0,0,3,0.5,0.25,0.3596,0.3176,0.2097,0.1376,NA,NA,30,11.4,6.27,6.27,0,29.34,29.34,0.1,0.1,4.5,1629.0219,1000,1000
96,22,2,"five_scenarios_txt",1,2,2,0.3,"two_stage",30,30,6,30,"CRM","previous_dose_additive","previous_dose",0.15,0.85,"previous_dose_additive",0.5,0.5,0.15,0.85,0.15,0.85,2,0.3,6,"continuous",0.0179,28,1,1,1,0,0,4,0.56,0.5,0.4078,0.4999,0.3775,0.1376,NA,NA,2.1,1.4,1.674,1.674,0,29.34,29.34,0.1,0.1,4.5,1629.0219,1000,1000
96,22,2,"five_scenarios_txt",1,2,2,0.3,"two_stage",30,30,6,30,"CRM","previous_dose_additive","previous_dose",0.15,0.85,"previous_dose_additive",0.5,0.5,0.15,0.85,0.15,0.85,2,0.3,6,"continuous",0.0179,28,1,1,1,0,0,5,0.78,0.5,0.5023,0.5001,0.3494,0.1376,NA,NA,0,0,0.201,0.201,0,29.34,29.34,0.1,0.1,4.5,1629.0219,1000,1000
97,23,3,"five_scenarios_txt",1,1,1,0.3,"two_stage",30,30,6,30,"CRM","previous_dose_additive","previous_dose",0.15,0.85,"previous_dose_additive",0.5,0.5,0.15,0.85,0.15,0.85,2,0.3,6,"continuous",0.0179,28,1,1,1,0,0,1,0.32,0.05,0.3804,0.0721,-0.042,0.1385,NA,NA,73.1,19.2,17.184,17.184,0,20.445,20.445,19.7,20,76,1130.7245,1000,1000
97,23,3,"five_scenarios_txt",1,1,1,0.3,"two_stage",30,30,6,30,"CRM","previous_dose_additive","previous_dose",0.15,0.85,"previous_dose_additive",0.5,0.5,0.15,0.85,0.15,0.85,2,0.3,6,"continuous",0.0179,28,1,1,1,0,0,2,0.55,0.05,0.4352,0.339,0.2084,0.1385,NA,NA,6.9,4.6,2.67,2.67,0,20.445,20.445,19.7,20,76,1130.7245,1000,1000
97,23,3,"five_scenarios_txt",1,1,1,0.3,"two_stage",30,30,6,30,"CRM","previous_dose_additive","previous_dose",0.15,0.85,"previous_dose_additive",0.5,0.5,0.15,0.85,0.15,0.85,2,0.3,6,"continuous",0.0179,28,1,1,1,0,0,3,0.8,0.05,0.5299,0.447,0.2881,0.1385,NA,NA,0.3,0.2,0.564,0.564,0,20.445,20.445,19.7,20,76,1130.7245,1000,1000
97,23,3,"five_scenarios_txt",1,1,1,0.3,"two_stage",30,30,6,30,"CRM","previous_dose_additive","previous_dose",0.15,0.85,"previous_dose_additive",0.5,0.5,0.15,0.85,0.15,0.85,2,0.3,6,"continuous",0.0179,28,1,1,1,0,0,4,0.94,0.05,0.5723,0.497,0.3253,0.1385,NA,NA,0,0,0.027,0.027,0,20.445,20.445,19.7,20,76,1130.7245,1000,1000
97,23,3,"five_scenarios_txt",1,1,1,0.3,"two_stage",30,30,6,30,"CRM","previous_dose_additive","previous_dose",0.15,0.85,"previous_dose_additive",0.5,0.5,0.15,0.85,0.15,0.85,2,0.3,6,"continuous",0.0179,28,1,1,1,0,0,5,0.97,0.05,0.6505,0.5001,0.305,0.1385,NA,NA,0,0,0,0,0,20.445,20.445,19.7,20,76,1130.7245,1000,1000
98,24,4,"five_scenarios_txt",1,5,4,0.3,"two_stage",30,30,6,30,"CRM","previous_dose_additive","previous_dose",0.15,0.85,"previous_dose_additive",0.5,0.5,0.15,0.85,0.15,0.85,2,0.3,6,"continuous",0.0179,28,1,1,1,0,0,1,0.01,0.05,0.0337,0.1559,0.1458,0.1366,NA,NA,0,1.2,3.282,3.282,0,30,30,0,0,0.1,1664.1286,1000,1000
98,24,4,"five_scenarios_txt",1,5,4,0.3,"two_stage",30,30,6,30,"CRM","previous_dose_additive","previous_dose",0.15,0.85,"previous_dose_additive",0.5,0.5,0.15,0.85,0.15,0.85,2,0.3,6,"continuous",0.0179,28,1,1,1,0,0,2,0.02,0.08,0.0528,0.1732,0.1573,0.1366,NA,NA,0.1,1.1,3.237,3.237,0,30,30,0,0,0.1,1664.1286,1000,1000
98,24,4,"five_scenarios_txt",1,5,4,0.3,"two_stage",30,30,6,30,"CRM","previous_dose_additive","previous_dose",0.15,0.85,"previous_dose_additive",0.5,0.5,0.15,0.85,0.15,0.85,2,0.3,6,"continuous",0.0179,28,1,1,1,0,0,3,0.05,0.2,0.1024,0.2405,0.2098,0.1366,NA,NA,0.7,5.7,3.795,3.795,0,30,30,0,0,0.1,1664.1286,1000,1000
98,24,4,"five_scenarios_txt",1,5,4,0.3,"two_stage",30,30,6,30,"CRM","previous_dose_additive","previous_dose",0.15,0.85,"previous_dose_additive",0.5,0.5,0.15,0.85,0.15,0.85,2,0.3,6,"continuous",0.0179,28,1,1,1,0,0,4,0.1,0.5,0.1331,0.4466,0.4067,0.1366,NA,NA,4.2,45.7,8.574,8.574,0,30,30,0,0,0.1,1664.1286,1000,1000
98,24,4,"five_scenarios_txt",1,5,4,0.3,"two_stage",30,30,6,30,"CRM","previous_dose_additive","previous_dose",0.15,0.85,"previous_dose_additive",0.5,0.5,0.15,0.85,0.15,0.85,2,0.3,6,"continuous",0.0179,28,1,1,1,0,0,5,0.25,0.5,0.2071,0.4686,0.4065,0.1366,NA,NA,95,46.2,11.112,11.112,0,30,30,0,0,0.1,1664.1286,1000,1000
99,25,5,"five_scenarios_txt",2,3,3,0.3,"two_stage",30,30,6,30,"CRM","previous_dose_additive","previous_dose",0.15,0.85,"previous_dose_additive",0.5,0.5,0.15,0.85,0.15,0.85,2,0.3,6,"continuous",0.0179,28,1,1,1,0,0,1,0.09,0.2,0.1768,0.2176,0.1646,0.1386,NA,NA,11.2,34.4,9.435,9.435,0,29.892,29.892,0.2,0.2,0.6,1657.997,1000,1000
99,25,5,"five_scenarios_txt",2,3,3,0.3,"two_stage",30,30,6,30,"CRM","previous_dose_additive","previous_dose",0.15,0.85,"previous_dose_additive",0.5,0.5,0.15,0.85,0.15,0.85,2,0.3,6,"continuous",0.0179,28,1,1,1,0,0,2,0.18,0.25,0.2264,0.2762,0.2083,0.1386,NA,NA,33.3,30.3,8.22,8.22,0,29.892,29.892,0.2,0.2,0.6,1657.997,1000,1000
99,25,5,"five_scenarios_txt",2,3,3,0.3,"two_stage",30,30,6,30,"CRM","previous_dose_additive","previous_dose",0.15,0.85,"previous_dose_additive",0.5,0.5,0.15,0.85,0.15,0.85,2,0.3,6,"continuous",0.0179,28,1,1,1,0,0,3,0.37,0.4,0.3236,0.4069,0.3098,0.1386,NA,NA,46.2,30.6,9.213,9.213,0,29.892,29.892,0.2,0.2,0.6,1657.997,1000,1000
99,25,5,"five_scenarios_txt",2,3,3,0.3,"two_stage",30,30,6,30,"CRM","previous_dose_additive","previous_dose",0.15,0.85,"previous_dose_additive",0.5,0.5,0.15,0.85,0.15,0.85,2,0.3,6,"continuous",0.0179,28,1,1,1,0,0,4,0.63,0.45,0.3717,0.4815,0.37,0.1386,NA,NA,8.8,4,2.592,2.592,0,29.892,29.892,0.2,0.2,0.6,1657.997,1000,1000
99,25,5,"five_scenarios_txt",2,3,3,0.3,"two_stage",30,30,6,30,"CRM","previous_dose_additive","previous_dose",0.15,0.85,"previous_dose_additive",0.5,0.5,0.15,0.85,0.15,0.85,2,0.3,6,"continuous",0.0179,28,1,1,1,0,0,5,0.77,0.5,0.4676,0.5003,0.36,0.1386,NA,NA,0.3,0.1,0.432,0.432,0,29.892,29.892,0.2,0.2,0.6,1657.997,1000,1000
100,26,1,"higher_gap_above_MTD",1,3,3,0.3,"two_stage",30,30,6,30,"CRM","previous_dose_additive","previous_dose",0.15,0.85,"previous_dose_additive",0.5,0.5,0.15,0.85,0.15,0.85,2,0.3,6,"continuous",0.0179,28,1,1,1,0,0,1,0.15,0.1,0.1906,0.1417,0.0846,0.1385,NA,NA,24,29.5,10.971,10.971,0,28.842,28.842,0.5,0.5,10.5,1601.223,1000,1000
100,26,1,"higher_gap_above_MTD",1,3,3,0.3,"two_stage",30,30,6,30,"CRM","previous_dose_additive","previous_dose",0.15,0.85,"previous_dose_additive",0.5,0.5,0.15,0.85,0.15,0.85,2,0.3,6,"continuous",0.0179,28,1,1,1,0,0,2,0.22,0.2,0.2411,0.2718,0.1995,0.1385,NA,NA,29.8,27.7,6.675,6.675,0,28.842,28.842,0.5,0.5,10.5,1601.223,1000,1000
100,26,1,"higher_gap_above_MTD",1,3,3,0.3,"two_stage",30,30,6,30,"CRM","previous_dose_additive","previous_dose",0.15,0.85,"previous_dose_additive",0.5,0.5,0.15,0.85,0.15,0.85,2,0.3,6,"continuous",0.0179,28,1,1,1,0,0,3,0.3,0.35,0.3389,0.3957,0.294,0.1385,NA,NA,35.4,26.6,7.968,7.968,0,28.842,28.842,0.5,0.5,10.5,1601.223,1000,1000
100,26,1,"higher_gap_above_MTD",1,3,3,0.3,"two_stage",30,30,6,30,"CRM","previous_dose_additive","previous_dose",0.15,0.85,"previous_dose_additive",0.5,0.5,0.15,0.85,0.15,0.85,2,0.3,6,"continuous",0.0179,28,1,1,1,0,0,4,0.62,0.45,0.3869,0.4834,0.3673,0.1385,NA,NA,10,5.6,2.823,2.823,0,28.842,28.842,0.5,0.5,10.5,1601.223,1000,1000
100,26,1,"higher_gap_above_MTD",1,3,3,0.3,"two_stage",30,30,6,30,"CRM","previous_dose_additive","previous_dose",0.15,0.85,"previous_dose_additive",0.5,0.5,0.15,0.85,0.15,0.85,2,0.3,6,"continuous",0.0179,28,1,1,1,0,0,5,0.8,0.55,0.482,0.5035,0.3589,0.1385,NA,NA,0.3,0.1,0.405,0.405,0,28.842,28.842,0.5,0.5,10.5,1601.223,1000,1000
101,27,2,"higher_gap_above_MTD",1,3,3,0.3,"two_stage",30,30,6,30,"CRM","previous_dose_additive","previous_dose",0.15,0.85,"previous_dose_additive",0.5,0.5,0.15,0.85,0.15,0.85,2,0.3,6,"continuous",0.0179,28,1,1,1,0,0,1,0.11,0.1,0.1664,0.1547,0.1048,0.1395,NA,NA,12.8,21.2,8.106,8.106,0,29.379,29.379,0.2,0.2,5.6,1629.7052,1000,1000
101,27,2,"higher_gap_above_MTD",1,3,3,0.3,"two_stage",30,30,6,30,"CRM","previous_dose_additive","previous_dose",0.15,0.85,"previous_dose_additive",0.5,0.5,0.15,0.85,0.15,0.85,2,0.3,6,"continuous",0.0179,28,1,1,1,0,0,2,0.17,0.2,0.2147,0.2529,0.1885,0.1395,NA,NA,22.7,23.8,6.678,6.678,0,29.379,29.379,0.2,0.2,5.6,1629.7052,1000,1000
101,27,2,"higher_gap_above_MTD",1,3,3,0.3,"two_stage",30,30,6,30,"CRM","previous_dose_additive","previous_dose",0.15,0.85,"previous_dose_additive",0.5,0.5,0.15,0.85,0.15,0.85,2,0.3,6,"continuous",0.0179,28,1,1,1,0,0,3,0.3,0.4,0.3105,0.4114,0.3182,0.1395,NA,NA,47.1,41.3,9.435,9.435,0,29.379,29.379,0.2,0.2,5.6,1629.7052,1000,1000
101,27,2,"higher_gap_above_MTD",1,3,3,0.3,"two_stage",30,30,6,30,"CRM","previous_dose_additive","previous_dose",0.15,0.85,"previous_dose_additive",0.5,0.5,0.15,0.85,0.15,0.85,2,0.3,6,"continuous",0.0179,28,1,1,1,0,0,4,0.5,0.42,0.3584,0.4588,0.3512,0.1395,NA,NA,15.6,7.1,3.954,3.954,0,29.379,29.379,0.2,0.2,5.6,1629.7052,1000,1000
101,27,2,"higher_gap_above_MTD",1,3,3,0.3,"two_stage",30,30,6,30,"CRM","previous_dose_additive","previous_dose",0.15,0.85,"previous_dose_additive",0.5,0.5,0.15,0.85,0.15,0.85,2,0.3,6,"continuous",0.0179,28,1,1,1,0,0,5,0.62,0.45,0.4545,0.4904,0.3541,0.1395,NA,NA,1.6,1,1.206,1.206,0,29.379,29.379,0.2,0.2,5.6,1629.7052,1000,1000
102,28,3,"higher_gap_above_MTD",1,2,2,0.3,"two_stage",30,30,6,30,"CRM","previous_dose_additive","previous_dose",0.15,0.85,"previous_dose_additive",0.5,0.5,0.15,0.85,0.15,0.85,2,0.3,6,"continuous",0.0179,28,1,1,1,0,0,1,0.2,0.05,0.2579,0.0962,0.0188,0.1377,NA,NA,49.5,21.6,12.171,12.171,0,25.704,25.704,2.7,2.7,34.9,1424.6121,1000,1000
102,28,3,"higher_gap_above_MTD",1,2,2,0.3,"two_stage",30,30,6,30,"CRM","previous_dose_additive","previous_dose",0.15,0.85,"previous_dose_additive",0.5,0.5,0.15,0.85,0.15,0.85,2,0.3,6,"continuous",0.0179,28,1,1,1,0,0,2,0.3,0.3,0.3123,0.3721,0.2784,0.1377,NA,NA,34.5,37.7,8.505,8.505,0,25.704,25.704,2.7,2.7,34.9,1424.6121,1000,1000
102,28,3,"higher_gap_above_MTD",1,2,2,0.3,"two_stage",30,30,6,30,"CRM","previous_dose_additive","previous_dose",0.15,0.85,"previous_dose_additive",0.5,0.5,0.15,0.85,0.15,0.85,2,0.3,6,"continuous",0.0179,28,1,1,1,0,0,3,0.5,0.32,0.4124,0.4218,0.2981,0.1377,NA,NA,12.5,5.5,4.125,4.125,0,25.704,25.704,2.7,2.7,34.9,1424.6121,1000,1000
102,28,3,"higher_gap_above_MTD",1,2,2,0.3,"two_stage",30,30,6,30,"CRM","previous_dose_additive","previous_dose",0.15,0.85,"previous_dose_additive",0.5,0.5,0.15,0.85,0.15,0.85,2,0.3,6,"continuous",0.0179,28,1,1,1,0,0,4,0.6,0.35,0.4595,0.4806,0.3428,0.1377,NA,NA,0.7,0.3,0.819,0.819,0,25.704,25.704,2.7,2.7,34.9,1424.6121,1000,1000
102,28,3,"higher_gap_above_MTD",1,2,2,0.3,"two_stage",30,30,6,30,"CRM","previous_dose_additive","previous_dose",0.15,0.85,"previous_dose_additive",0.5,0.5,0.15,0.85,0.15,0.85,2,0.3,6,"continuous",0.0179,28,1,1,1,0,0,5,0.77,0.4,0.55,0.4985,0.3335,0.1377,NA,NA,0.1,0,0.084,0.084,0,25.704,25.704,2.7,2.7,34.9,1424.6121,1000,1000
103,29,4,"higher_gap_above_MTD",1,2,1,0.3,"two_stage",30,30,6,30,"CRM","previous_dose_additive","previous_dose",0.15,0.85,"previous_dose_additive",0.5,0.5,0.15,0.85,0.15,0.85,2,0.3,6,"continuous",0.0179,28,1,1,1,0,0,1,0.19,0.4,0.2444,0.39,0.3166,0.1388,NA,NA,44.9,69.7,18.126,18.126,0,29.505,29.505,2.5,2.6,2.7,1637.6923,1000,1000
103,29,4,"higher_gap_above_MTD",1,2,1,0.3,"two_stage",30,30,6,30,"CRM","previous_dose_additive","previous_dose",0.15,0.85,"previous_dose_additive",0.5,0.5,0.15,0.85,0.15,0.85,2,0.3,6,"continuous",0.0179,28,1,1,1,0,0,2,0.3,0.4,0.2987,0.4205,0.3309,0.1388,NA,NA,39,23.7,7.329,7.329,0,29.505,29.505,2.5,2.6,2.7,1637.6923,1000,1000
103,29,4,"higher_gap_above_MTD",1,2,1,0.3,"two_stage",30,30,6,30,"CRM","previous_dose_additive","previous_dose",0.15,0.85,"previous_dose_additive",0.5,0.5,0.15,0.85,0.15,0.85,2,0.3,6,"continuous",0.0179,28,1,1,1,0,0,3,0.56,0.4,0.3993,0.4589,0.3392,0.1388,NA,NA,13.2,3.8,3.549,3.549,0,29.505,29.505,2.5,2.6,2.7,1637.6923,1000,1000
103,29,4,"higher_gap_above_MTD",1,2,1,0.3,"two_stage",30,30,6,30,"CRM","previous_dose_additive","previous_dose",0.15,0.85,"previous_dose_additive",0.5,0.5,0.15,0.85,0.15,0.85,2,0.3,6,"continuous",0.0179,28,1,1,1,0,0,4,0.74,0.4,0.4469,0.49,0.3559,0.1388,NA,NA,0.4,0.1,0.477,0.477,0,29.505,29.505,2.5,2.6,2.7,1637.6923,1000,1000
103,29,4,"higher_gap_above_MTD",1,2,1,0.3,"two_stage",30,30,6,30,"CRM","previous_dose_additive","previous_dose",0.15,0.85,"previous_dose_additive",0.5,0.5,0.15,0.85,0.15,0.85,2,0.3,6,"continuous",0.0179,28,1,1,1,0,0,5,0.86,0.4,0.5387,0.4994,0.3378,0.1388,NA,NA,0,0,0.024,0.024,0,29.505,29.505,2.5,2.6,2.7,1637.6923,1000,1000
104,30,5,"higher_gap_above_MTD",1,4,4,0.3,"two_stage",30,30,6,30,"CRM","previous_dose_additive","previous_dose",0.15,0.85,"previous_dose_additive",0.5,0.5,0.15,0.85,0.15,0.85,2,0.3,6,"continuous",0.0179,28,1,1,1,0,0,1,0.05,0.12,0.1058,0.1813,0.1496,0.137,NA,NA,2,21.2,5.133,5.133,0,29.919,29.919,0,0,0.8,1658.6749,1000,1000
104,30,5,"higher_gap_above_MTD",1,4,4,0.3,"two_stage",30,30,6,30,"CRM","previous_dose_additive","previous_dose",0.15,0.85,"previous_dose_additive",0.5,0.5,0.15,0.85,0.15,0.85,2,0.3,6,"continuous",0.0179,28,1,1,1,0,0,2,0.08,0.15,0.145,0.2073,0.1638,0.137,NA,NA,2.2,15,4.659,4.659,0,29.919,29.919,0,0,0.8,1658.6749,1000,1000
104,30,5,"higher_gap_above_MTD",1,4,4,0.3,"two_stage",30,30,6,30,"CRM","previous_dose_additive","previous_dose",0.15,0.85,"previous_dose_additive",0.5,0.5,0.15,0.85,0.15,0.85,2,0.3,6,"continuous",0.0179,28,1,1,1,0,0,3,0.17,0.2,0.2294,0.2323,0.1635,0.137,NA,NA,24,15.4,5.91,5.91,0,29.919,29.919,0,0,0.8,1658.6749,1000,1000
104,30,5,"higher_gap_above_MTD",1,4,4,0.3,"two_stage",30,30,6,30,"CRM","previous_dose_additive","previous_dose",0.15,0.85,"previous_dose_additive",0.5,0.5,0.15,0.85,0.15,0.85,2,0.3,6,"continuous",0.0179,28,1,1,1,0,0,4,0.27,0.4,0.2742,0.3973,0.315,0.137,NA,NA,45.9,36.2,8.391,8.391,0,29.919,29.919,0,0,0.8,1658.6749,1000,1000
104,30,5,"higher_gap_above_MTD",1,4,4,0.3,"two_stage",30,30,6,30,"CRM","previous_dose_additive","previous_dose",0.15,0.85,"previous_dose_additive",0.5,0.5,0.15,0.85,0.15,0.85,2,0.3,6,"continuous",0.0179,28,1,1,1,0,0,5,0.54,0.5,0.3691,0.4886,0.3778,0.137,NA,NA,25.9,11.4,5.826,5.826,0,29.919,29.919,0,0,0.8,1658.6749,1000,1000
105,31,6,"higher_gap_above_MTD",1,4,2,0.3,"two_stage",30,30,6,30,"CRM","previous_dose_additive","previous_dose",0.15,0.85,"previous_dose_additive",0.5,0.5,0.15,0.85,0.15,0.85,2,0.3,6,"continuous",0.0179,28,1,1,1,0,0,1,0.04,0.2,0.0862,0.2595,0.2336,0.1378,NA,NA,1.5,8.2,4.056,4.056,0,29.985,29.985,0,0,0.1,1663.1208,1000,1000
105,31,6,"higher_gap_above_MTD",1,4,2,0.3,"two_stage",30,30,6,30,"CRM","previous_dose_additive","previous_dose",0.15,0.85,"previous_dose_additive",0.5,0.5,0.15,0.85,0.15,0.85,2,0.3,6,"continuous",0.0179,28,1,1,1,0,0,2,0.06,0.5,0.1213,0.4581,0.4217,0.1378,NA,NA,1.3,34.3,6.102,6.102,0,29.985,29.985,0,0,0.1,1663.1208,1000,1000
105,31,6,"higher_gap_above_MTD",1,4,2,0.3,"two_stage",30,30,6,30,"CRM","previous_dose_additive","previous_dose",0.15,0.85,"previous_dose_additive",0.5,0.5,0.15,0.85,0.15,0.85,2,0.3,6,"continuous",0.0179,28,1,1,1,0,0,3,0.1,0.5,0.1996,0.4571,0.3972,0.1378,NA,NA,8.9,27.7,6.303,6.303,0,29.985,29.985,0,0,0.1,1663.1208,1000,1000
105,31,6,"higher_gap_above_MTD",1,4,2,0.3,"two_stage",30,30,6,30,"CRM","previous_dose_additive","previous_dose",0.15,0.85,"previous_dose_additive",0.5,0.5,0.15,0.85,0.15,0.85,2,0.3,6,"continuous",0.0179,28,1,1,1,0,0,4,0.2,0.5,0.2424,0.4734,0.4007,0.1378,NA,NA,40.5,23.1,7.68,7.68,0,29.985,29.985,0,0,0.1,1663.1208,1000,1000
105,31,6,"higher_gap_above_MTD",1,4,2,0.3,"two_stage",30,30,6,30,"CRM","previous_dose_additive","previous_dose",0.15,0.85,"previous_dose_additive",0.5,0.5,0.15,0.85,0.15,0.85,2,0.3,6,"continuous",0.0179,28,1,1,1,0,0,5,0.6,0.5,0.3352,0.4827,0.3822,0.1378,NA,NA,47.8,6.6,5.844,5.844,0,29.985,29.985,0,0,0.1,1663.1208,1000,1000
106,32,1,"higher_gap_below_MTD",1,4,3,0.3,"two_stage",30,30,6,30,"CRM","previous_dose_additive","previous_dose",0.15,0.85,"previous_dose_additive",0.5,0.5,0.15,0.85,0.15,0.85,2,0.3,6,"continuous",0.0179,28,1,1,1,0,0,1,0.02,0.08,0.0747,0.1602,0.1378,0.1372,NA,NA,0.7,9.9,3.966,3.966,0,29.946,29.946,0,0,0.6,1660.9062,1000,1000
106,32,1,"higher_gap_below_MTD",1,4,3,0.3,"two_stage",30,30,6,30,"CRM","previous_dose_additive","previous_dose",0.15,0.85,"previous_dose_additive",0.5,0.5,0.15,0.85,0.15,0.85,2,0.3,6,"continuous",0.0179,28,1,1,1,0,0,2,0.05,0.15,0.1066,0.1961,0.1641,0.1372,NA,NA,0.3,13.7,4.461,4.461,0,29.946,29.946,0,0,0.6,1660.9062,1000,1000
106,32,1,"higher_gap_below_MTD",1,4,3,0.3,"two_stage",30,30,6,30,"CRM","previous_dose_additive","previous_dose",0.15,0.85,"previous_dose_additive",0.5,0.5,0.15,0.85,0.15,0.85,2,0.3,6,"continuous",0.0179,28,1,1,1,0,0,3,0.11,0.3,0.1796,0.2885,0.2346,0.1372,NA,NA,7.9,35,7.716,7.716,0,29.946,29.946,0,0,0.6,1660.9062,1000,1000
106,32,1,"higher_gap_below_MTD",1,4,3,0.3,"two_stage",30,30,6,30,"CRM","previous_dose_additive","previous_dose",0.15,0.85,"previous_dose_additive",0.5,0.5,0.15,0.85,0.15,0.85,2,0.3,6,"continuous",0.0179,28,1,1,1,0,0,4,0.3,0.3,0.2204,0.3025,0.2364,0.1372,NA,NA,32.8,28.3,7.362,7.362,0,29.946,29.946,0,0,0.6,1660.9062,1000,1000
106,32,1,"higher_gap_below_MTD",1,4,3,0.3,"two_stage",30,30,6,30,"CRM","previous_dose_additive","previous_dose",0.15,0.85,"previous_dose_additive",0.5,0.5,0.15,0.85,0.15,0.85,2,0.3,6,"continuous",0.0179,28,1,1,1,0,0,5,0.36,0.3,0.3102,0.3517,0.2587,0.1372,NA,NA,58.3,12.5,6.441,6.441,0,29.946,29.946,0,0,0.6,1660.9062,1000,1000
107,33,2,"higher_gap_below_MTD",1,4,4,0.3,"two_stage",30,30,6,30,"CRM","previous_dose_additive","previous_dose",0.15,0.85,"previous_dose_additive",0.5,0.5,0.15,0.85,0.15,0.85,2,0.3,6,"continuous",0.0179,28,1,1,1,0,0,1,0.01,0.05,0.0855,0.1515,0.1259,0.1396,NA,NA,0,9.6,3.51,3.51,0,30,30,0,0,0,1664.1077,1000,1000
107,33,2,"higher_gap_below_MTD",1,4,4,0.3,"two_stage",30,30,6,30,"CRM","previous_dose_additive","previous_dose",0.15,0.85,"previous_dose_additive",0.5,0.5,0.15,0.85,0.15,0.85,2,0.3,6,"continuous",0.0179,28,1,1,1,0,0,2,0.02,0.08,0.1201,0.1637,0.1277,0.1396,NA,NA,0.8,4.2,3.66,3.66,0,30,30,0,0,0,1664.1077,1000,1000
107,33,2,"higher_gap_below_MTD",1,4,4,0.3,"two_stage",30,30,6,30,"CRM","previous_dose_additive","previous_dose",0.15,0.85,"previous_dose_additive",0.5,0.5,0.15,0.85,0.15,0.85,2,0.3,6,"continuous",0.0179,28,1,1,1,0,0,3,0.09,0.2,0.1972,0.227,0.1678,0.1396,NA,NA,9.5,14.8,5.361,5.361,0,30,30,0,0,0,1664.1077,1000,1000
107,33,2,"higher_gap_below_MTD",1,4,4,0.3,"two_stage",30,30,6,30,"CRM","previous_dose_additive","previous_dose",0.15,0.85,"previous_dose_additive",0.5,0.5,0.15,0.85,0.15,0.85,2,0.3,6,"continuous",0.0179,28,1,1,1,0,0,4,0.32,0.4,0.2395,0.379,0.3071,0.1396,NA,NA,40.5,41,8.631,8.631,0,30,30,0,0,0,1664.1077,1000,1000
107,33,2,"higher_gap_below_MTD",1,4,4,0.3,"two_stage",30,30,6,30,"CRM","previous_dose_additive","previous_dose",0.15,0.85,"previous_dose_additive",0.5,0.5,0.15,0.85,0.15,0.85,2,0.3,6,"continuous",0.0179,28,1,1,1,0,0,5,0.38,0.5,0.3313,0.4805,0.3811,0.1396,NA,NA,49.2,30.4,8.838,8.838,0,30,30,0,0,0,1664.1077,1000,1000
108,34,3,"higher_gap_below_MTD",1,3,3,0.3,"two_stage",30,30,6,30,"CRM","previous_dose_additive","previous_dose",0.15,0.85,"previous_dose_additive",0.5,0.5,0.15,0.85,0.15,0.85,2,0.3,6,"continuous",0.0179,28,1,1,1,0,0,1,0.05,0.05,0.1325,0.1314,0.0917,0.137,NA,NA,2.5,13.4,5.262,5.262,0,29.724,29.724,0,0,2,1648.2927,1000,1000
108,34,3,"higher_gap_below_MTD",1,3,3,0.3,"two_stage",30,30,6,30,"CRM","previous_dose_additive","previous_dose",0.15,0.85,"previous_dose_additive",0.5,0.5,0.15,0.85,0.15,0.85,2,0.3,6,"continuous",0.0179,28,1,1,1,0,0,2,0.13,0.1,0.176,0.1608,0.108,0.137,NA,NA,10,12.1,5.961,5.961,0,29.724,29.724,0,0,2,1648.2927,1000,1000
108,34,3,"higher_gap_below_MTD",1,3,3,0.3,"two_stage",30,30,6,30,"CRM","previous_dose_additive","previous_dose",0.15,0.85,"previous_dose_additive",0.5,0.5,0.15,0.85,0.15,0.85,2,0.3,6,"continuous",0.0179,28,1,1,1,0,0,3,0.3,0.3,0.2658,0.3043,0.2246,0.137,NA,NA,43.6,49.3,9.945,9.945,0,29.724,29.724,0,0,2,1648.2927,1000,1000
108,34,3,"higher_gap_below_MTD",1,3,3,0.3,"two_stage",30,30,6,30,"CRM","previous_dose_additive","previous_dose",0.15,0.85,"previous_dose_additive",0.5,0.5,0.15,0.85,0.15,0.85,2,0.3,6,"continuous",0.0179,28,1,1,1,0,0,4,0.36,0.32,0.3121,0.378,0.2844,0.137,NA,NA,28.5,17.7,5.586,5.586,0,29.724,29.724,0,0,2,1648.2927,1000,1000
108,34,3,"higher_gap_below_MTD",1,3,3,0.3,"two_stage",30,30,6,30,"CRM","previous_dose_additive","previous_dose",0.15,0.85,"previous_dose_additive",0.5,0.5,0.15,0.85,0.15,0.85,2,0.3,6,"continuous",0.0179,28,1,1,1,0,0,5,0.42,0.35,0.4077,0.4491,0.3268,0.137,NA,NA,15.4,5.5,2.97,2.97,0,29.724,29.724,0,0,2,1648.2927,1000,1000
109,35,4,"higher_gap_below_MTD",1,3,2,0.3,"two_stage",30,30,6,30,"CRM","previous_dose_additive","previous_dose",0.15,0.85,"previous_dose_additive",0.5,0.5,0.15,0.85,0.15,0.85,2,0.3,6,"continuous",0.0179,28,1,1,1,0,0,1,0.03,0.2,0.1249,0.2459,0.2084,0.1357,NA,NA,1.3,12.1,4.542,4.542,0,29.985,29.985,0,0,0.1,1663.1336,1000,1000
109,35,4,"higher_gap_below_MTD",1,3,2,0.3,"two_stage",30,30,6,30,"CRM","previous_dose_additive","previous_dose",0.15,0.85,"previous_dose_additive",0.5,0.5,0.15,0.85,0.15,0.85,2,0.3,6,"continuous",0.0179,28,1,1,1,0,0,2,0.09,0.45,0.1672,0.4124,0.3622,0.1357,NA,NA,6.6,41.5,8.646,8.646,0,29.985,29.985,0,0,0.1,1663.1336,1000,1000
109,35,4,"higher_gap_below_MTD",1,3,2,0.3,"two_stage",30,30,6,30,"CRM","previous_dose_additive","previous_dose",0.15,0.85,"previous_dose_additive",0.5,0.5,0.15,0.85,0.15,0.85,2,0.3,6,"continuous",0.0179,28,1,1,1,0,0,3,0.3,0.45,0.2557,0.4171,0.3404,0.1357,NA,NA,43.9,29.5,8.877,8.877,0,29.985,29.985,0,0,0.1,1663.1336,1000,1000
109,35,4,"higher_gap_below_MTD",1,3,2,0.3,"two_stage",30,30,6,30,"CRM","previous_dose_additive","previous_dose",0.15,0.85,"previous_dose_additive",0.5,0.5,0.15,0.85,0.15,0.85,2,0.3,6,"continuous",0.0179,28,1,1,1,0,0,4,0.4,0.45,0.3016,0.4524,0.3619,0.1357,NA,NA,32.2,12.9,5.178,5.178,0,29.985,29.985,0,0,0.1,1663.1336,1000,1000
109,35,4,"higher_gap_below_MTD",1,3,2,0.3,"two_stage",30,30,6,30,"CRM","previous_dose_additive","previous_dose",0.15,0.85,"previous_dose_additive",0.5,0.5,0.15,0.85,0.15,0.85,2,0.3,6,"continuous",0.0179,28,1,1,1,0,0,5,0.45,0.45,0.3971,0.4829,0.3638,0.1357,NA,NA,16,3.9,2.742,2.742,0,29.985,29.985,0,0,0.1,1663.1336,1000,1000
110,36,5,"higher_gap_below_MTD",1,2,2,0.3,"two_stage",30,30,6,30,"CRM","previous_dose_additive","previous_dose",0.15,0.85,"previous_dose_additive",0.5,0.5,0.15,0.85,0.15,0.85,2,0.3,6,"continuous",0.0179,28,1,1,1,0,0,1,0.13,0.05,0.1949,0.1067,0.0483,0.1372,NA,NA,23.9,21.1,9.822,9.822,0,27.846,27.846,0.4,0.4,16.1,1545.8893,1000,1000
110,36,5,"higher_gap_below_MTD",1,2,2,0.3,"two_stage",30,30,6,30,"CRM","previous_dose_additive","previous_dose",0.15,0.85,"previous_dose_additive",0.5,0.5,0.15,0.85,0.15,0.85,2,0.3,6,"continuous",0.0179,28,1,1,1,0,0,2,0.29,0.2,0.2452,0.2572,0.1837,0.1372,NA,NA,35.3,41.1,8.268,8.268,0,27.846,27.846,0.4,0.4,16.1,1545.8893,1000,1000
110,36,5,"higher_gap_below_MTD",1,2,2,0.3,"two_stage",30,30,6,30,"CRM","previous_dose_additive","previous_dose",0.15,0.85,"previous_dose_additive",0.5,0.5,0.15,0.85,0.15,0.85,2,0.3,6,"continuous",0.0179,28,1,1,1,0,0,3,0.35,0.22,0.3423,0.3247,0.2221,0.1372,NA,NA,23.6,13.8,5.742,5.742,0,27.846,27.846,0.4,0.4,16.1,1545.8893,1000,1000
110,36,5,"higher_gap_below_MTD",1,2,2,0.3,"two_stage",30,30,6,30,"CRM","previous_dose_additive","previous_dose",0.15,0.85,"previous_dose_additive",0.5,0.5,0.15,0.85,0.15,0.85,2,0.3,6,"continuous",0.0179,28,1,1,1,0,0,4,0.4,0.3,0.3898,0.4309,0.314,0.1372,NA,NA,12,6.2,2.82,2.82,0,27.846,27.846,0.4,0.4,16.1,1545.8893,1000,1000
110,36,5,"higher_gap_below_MTD",1,2,2,0.3,"two_stage",30,30,6,30,"CRM","previous_dose_additive","previous_dose",0.15,0.85,"previous_dose_additive",0.5,0.5,0.15,0.85,0.15,0.85,2,0.3,6,"continuous",0.0179,28,1,1,1,0,0,5,0.43,0.35,0.484,0.4783,0.3331,0.1372,NA,NA,4.8,1.7,1.194,1.194,0,27.846,27.846,0.4,0.4,16.1,1545.8893,1000,1000
111,37,6,"higher_gap_below_MTD",1,2,2,0.3,"two_stage",30,30,6,30,"CRM","previous_dose_additive","previous_dose",0.15,0.85,"previous_dose_additive",0.5,0.5,0.15,0.85,0.15,0.85,2,0.3,6,"continuous",0.0179,28,1,1,1,0,0,1,0.08,0.05,0.1999,0.1082,0.0482,0.1378,NA,NA,17.4,26.7,8.916,8.916,0,28.707,28.707,0.1,0.1,7.5,1594.3563,1000,1000
111,37,6,"higher_gap_below_MTD",1,2,2,0.3,"two_stage",30,30,6,30,"CRM","previous_dose_additive","previous_dose",0.15,0.85,"previous_dose_additive",0.5,0.5,0.15,0.85,0.15,0.85,2,0.3,6,"continuous",0.0179,28,1,1,1,0,0,2,0.3,0.2,0.2512,0.2316,0.1562,0.1378,NA,NA,45.5,50.2,10.494,10.494,0,28.707,28.707,0.1,0.1,7.5,1594.3563,1000,1000
111,37,6,"higher_gap_below_MTD",1,2,2,0.3,"two_stage",30,30,6,30,"CRM","previous_dose_additive","previous_dose",0.15,0.85,"previous_dose_additive",0.5,0.5,0.15,0.85,0.15,0.85,2,0.3,6,"continuous",0.0179,28,1,1,1,0,0,3,0.4,0.2,0.3498,0.2977,0.1927,0.1378,NA,NA,27.2,12.3,6.231,6.231,0,28.707,28.707,0.1,0.1,7.5,1594.3563,1000,1000
111,37,6,"higher_gap_below_MTD",1,2,2,0.3,"two_stage",30,30,6,30,"CRM","previous_dose_additive","previous_dose",0.15,0.85,"previous_dose_additive",0.5,0.5,0.15,0.85,0.15,0.85,2,0.3,6,"continuous",0.0179,28,1,1,1,0,0,4,0.45,0.2,0.3978,0.4101,0.2907,0.1378,NA,NA,8.1,3.1,2.304,2.304,0,28.707,28.707,0.1,0.1,7.5,1594.3563,1000,1000
111,37,6,"higher_gap_below_MTD",1,2,2,0.3,"two_stage",30,30,6,30,"CRM","previous_dose_additive","previous_dose",0.15,0.85,"previous_dose_additive",0.5,0.5,0.15,0.85,0.15,0.85,2,0.3,6,"continuous",0.0179,28,1,1,1,0,0,5,0.5,0.2,0.4924,0.4673,0.3196,0.1378,NA,NA,1.7,0.2,0.762,0.762,0,28.707,28.707,0.1,0.1,7.5,1594.3563,1000,1000
112,1,1,"base_example",1,1,1,0.3,"one_stage",30,30,30,30,"CRM","previous_dose_additive","previous_dose",0.15,0.85,"previous_dose_additive",0.5,0.5,0.15,0.85,0.15,0.85,2,0.3,6,"continuous",0.0179,28,1,1,1,0,0,1,0.3,0.05,0.3234,0.0819,-0.0151,0.1382,NA,NA,50.6,33.7,14.619,14.619,0,24.963,24.963,12.6,13.4,48.2,1383.0007,1000,1000
112,1,1,"base_example",1,1,1,0.3,"one_stage",30,30,30,30,"CRM","previous_dose_additive","previous_dose",0.15,0.85,"previous_dose_additive",0.5,0.5,0.15,0.85,0.15,0.85,2,0.3,6,"continuous",0.0179,28,1,1,1,0,0,2,0.35,0.06,0.3777,0.1378,0.0245,0.1382,NA,NA,23.9,15.1,6.198,6.198,0,24.963,24.963,12.6,13.4,48.2,1383.0007,1000,1000
112,1,1,"base_example",1,1,1,0.3,"one_stage",30,30,30,30,"CRM","previous_dose_additive","previous_dose",0.15,0.85,"previous_dose_additive",0.5,0.5,0.15,0.85,0.15,0.85,2,0.3,6,"continuous",0.0179,28,1,1,1,0,0,3,0.4,0.07,0.4745,0.3469,0.2046,0.1382,NA,NA,8.5,2.3,2.406,2.406,0,24.963,24.963,12.6,13.4,48.2,1383.0007,1000,1000
112,1,1,"base_example",1,1,1,0.3,"one_stage",30,30,30,30,"CRM","previous_dose_additive","previous_dose",0.15,0.85,"previous_dose_additive",0.5,0.5,0.15,0.85,0.15,0.85,2,0.3,6,"continuous",0.0179,28,1,1,1,0,0,4,0.45,0.08,0.5189,0.3988,0.2431,0.1382,NA,NA,3.9,0.6,1.38,1.38,0,24.963,24.963,12.6,13.4,48.2,1383.0007,1000,1000
112,1,1,"base_example",1,1,1,0.3,"one_stage",30,30,30,30,"CRM","previous_dose_additive","previous_dose",0.15,0.85,"previous_dose_additive",0.5,0.5,0.15,0.85,0.15,0.85,2,0.3,6,"continuous",0.0179,28,1,1,1,0,0,5,0.5,0.09,0.6027,0.4676,0.2868,0.1382,NA,NA,0.5,0.1,0.36,0.36,0,24.963,24.963,12.6,13.4,48.2,1383.0007,1000,1000
113,2,2,"base_example",1,3,3,0.3,"one_stage",30,30,30,30,"CRM","previous_dose_additive","previous_dose",0.15,0.85,"previous_dose_additive",0.5,0.5,0.15,0.85,0.15,0.85,2,0.3,6,"continuous",0.0179,28,1,1,1,0,0,1,0.15,0.2,0.1645,0.2226,0.1733,0.1391,NA,NA,4.9,27.2,9.354,9.354,0,29.841,29.841,0.3,0.4,1.2,1654.9644,1000,1000
113,2,2,"base_example",1,3,3,0.3,"one_stage",30,30,30,30,"CRM","previous_dose_additive","previous_dose",0.15,0.85,"previous_dose_additive",0.5,0.5,0.15,0.85,0.15,0.85,2,0.3,6,"continuous",0.0179,28,1,1,1,0,0,2,0.2,0.25,0.2117,0.2517,0.1882,0.1391,NA,NA,29.7,18.3,7.08,7.08,0,29.841,29.841,0.3,0.4,1.2,1654.9644,1000,1000
113,2,2,"base_example",1,3,3,0.3,"one_stage",30,30,30,30,"CRM","previous_dose_additive","previous_dose",0.15,0.85,"previous_dose_additive",0.5,0.5,0.15,0.85,0.15,0.85,2,0.3,6,"continuous",0.0179,28,1,1,1,0,0,3,0.3,0.5,0.3057,0.4606,0.3689,0.1391,NA,NA,40.5,38.3,8.976,8.976,0,29.841,29.841,0.3,0.4,1.2,1654.9644,1000,1000
113,2,2,"base_example",1,3,3,0.3,"one_stage",30,30,30,30,"CRM","previous_dose_additive","previous_dose",0.15,0.85,"previous_dose_additive",0.5,0.5,0.15,0.85,0.15,0.85,2,0.3,6,"continuous",0.0179,28,1,1,1,0,0,4,0.35,0.5,0.3529,0.4918,0.3859,0.1391,NA,NA,19.8,12.9,3.633,3.633,0,29.841,29.841,0.3,0.4,1.2,1654.9644,1000,1000
113,2,2,"base_example",1,3,3,0.3,"one_stage",30,30,30,30,"CRM","previous_dose_additive","previous_dose",0.15,0.85,"previous_dose_additive",0.5,0.5,0.15,0.85,0.15,0.85,2,0.3,6,"continuous",0.0179,28,1,1,1,0,0,5,0.45,0.5,0.4481,0.4942,0.3598,0.1391,NA,NA,4.8,2.1,0.798,0.798,0,29.841,29.841,0.3,0.4,1.2,1654.9644,1000,1000
114,3,3,"base_example",1,3,2,0.3,"one_stage",30,30,30,30,"CRM","previous_dose_additive","previous_dose",0.15,0.85,"previous_dose_additive",0.5,0.5,0.15,0.85,0.15,0.85,2,0.3,6,"continuous",0.0179,28,1,1,1,0,0,1,0.15,0.1,0.1655,0.1626,0.113,0.1375,NA,NA,5.9,9,6.732,6.732,0,29.661,29.661,0.3,0.5,3,1646.2625,1000,1000
114,3,3,"base_example",1,3,2,0.3,"one_stage",30,30,30,30,"CRM","previous_dose_additive","previous_dose",0.15,0.85,"previous_dose_additive",0.5,0.5,0.15,0.85,0.15,0.85,2,0.3,6,"continuous",0.0179,28,1,1,1,0,0,2,0.2,0.4,0.2126,0.3611,0.2973,0.1375,NA,NA,30.5,49.5,11.655,11.655,0,29.661,29.661,0.3,0.5,3,1646.2625,1000,1000
114,3,3,"base_example",1,3,2,0.3,"one_stage",30,30,30,30,"CRM","previous_dose_additive","previous_dose",0.15,0.85,"previous_dose_additive",0.5,0.5,0.15,0.85,0.15,0.85,2,0.3,6,"continuous",0.0179,28,1,1,1,0,0,3,0.3,0.4,0.3064,0.401,0.309,0.1375,NA,NA,34.7,24,6.705,6.705,0,29.661,29.661,0.3,0.5,3,1646.2625,1000,1000
114,3,3,"base_example",1,3,2,0.3,"one_stage",30,30,30,30,"CRM","previous_dose_additive","previous_dose",0.15,0.85,"previous_dose_additive",0.5,0.5,0.15,0.85,0.15,0.85,2,0.3,6,"continuous",0.0179,28,1,1,1,0,0,4,0.35,0.4,0.3535,0.4528,0.3467,0.1375,NA,NA,22,12,3.567,3.567,0,29.661,29.661,0.3,0.5,3,1646.2625,1000,1000
114,3,3,"base_example",1,3,2,0.3,"one_stage",30,30,30,30,"CRM","previous_dose_additive","previous_dose",0.15,0.85,"previous_dose_additive",0.5,0.5,0.15,0.85,0.15,0.85,2,0.3,6,"continuous",0.0179,28,1,1,1,0,0,5,0.45,0.4,0.4485,0.4768,0.3422,0.1375,NA,NA,6.6,2.5,1.002,1.002,0,29.661,29.661,0.3,0.5,3,1646.2625,1000,1000
115,4,4,"base_example",1,4,4,0.3,"one_stage",30,30,30,30,"CRM","previous_dose_additive","previous_dose",0.15,0.85,"previous_dose_additive",0.5,0.5,0.15,0.85,0.15,0.85,2,0.3,6,"continuous",0.0179,28,1,1,1,0,0,1,0.05,0.05,0.1013,0.1471,0.1167,0.1368,NA,NA,0.2,6.8,4.269,4.269,0,29.979,29.979,0,0,0.3,1663.1064,1000,1000
115,4,4,"base_example",1,4,4,0.3,"one_stage",30,30,30,30,"CRM","previous_dose_additive","previous_dose",0.15,0.85,"previous_dose_additive",0.5,0.5,0.15,0.85,0.15,0.85,2,0.3,6,"continuous",0.0179,28,1,1,1,0,0,2,0.1,0.1,0.1395,0.1698,0.128,0.1368,NA,NA,2.4,6.2,4.674,4.674,0,29.979,29.979,0,0,0.3,1663.1064,1000,1000
115,4,4,"base_example",1,4,4,0.3,"one_stage",30,30,30,30,"CRM","previous_dose_additive","previous_dose",0.15,0.85,"previous_dose_additive",0.5,0.5,0.15,0.85,0.15,0.85,2,0.3,6,"continuous",0.0179,28,1,1,1,0,0,3,0.18,0.25,0.2221,0.2583,0.1916,0.1368,NA,NA,17.1,17.3,6.792,6.792,0,29.979,29.979,0,0,0.3,1663.1064,1000,1000
115,4,4,"base_example",1,4,4,0.3,"one_stage",30,30,30,30,"CRM","previous_dose_additive","previous_dose",0.15,0.85,"previous_dose_additive",0.5,0.5,0.15,0.85,0.15,0.85,2,0.3,6,"continuous",0.0179,28,1,1,1,0,0,4,0.3,0.5,0.2664,0.47,0.3901,0.1368,NA,NA,54.4,54.5,10.653,10.653,0,29.979,29.979,0,0,0.3,1663.1064,1000,1000
115,4,4,"base_example",1,4,4,0.3,"one_stage",30,30,30,30,"CRM","previous_dose_additive","previous_dose",0.15,0.85,"previous_dose_additive",0.5,0.5,0.15,0.85,0.15,0.85,2,0.3,6,"continuous",0.0179,28,1,1,1,0,0,5,0.4,0.55,0.3605,0.4965,0.3884,0.1368,NA,NA,25.9,14.9,3.591,3.591,0,29.979,29.979,0,0,0.3,1663.1064,1000,1000
116,5,5,"base_example",1,5,2,0.3,"one_stage",30,30,30,30,"CRM","previous_dose_additive","previous_dose",0.15,0.85,"previous_dose_additive",0.5,0.5,0.15,0.85,0.15,0.85,2,0.3,6,"continuous",0.0179,28,1,1,1,0,0,1,0.07,0.05,0.0842,0.1487,0.1235,0.1392,NA,NA,0.7,5.4,3.897,3.897,0,29.925,29.925,0,0,0.6,1660.027,1000,1000
116,5,5,"base_example",1,5,2,0.3,"one_stage",30,30,30,30,"CRM","previous_dose_additive","previous_dose",0.15,0.85,"previous_dose_additive",0.5,0.5,0.15,0.85,0.15,0.85,2,0.3,6,"continuous",0.0179,28,1,1,1,0,0,2,0.12,0.3,0.1178,0.2909,0.2555,0.1392,NA,NA,4,39.3,7.422,7.422,0,29.925,29.925,0,0,0.6,1660.027,1000,1000
116,5,5,"base_example",1,5,2,0.3,"one_stage",30,30,30,30,"CRM","previous_dose_additive","previous_dose",0.15,0.85,"previous_dose_additive",0.5,0.5,0.15,0.85,0.15,0.85,2,0.3,6,"continuous",0.0179,28,1,1,1,0,0,3,0.17,0.3,0.193,0.2886,0.2307,0.1392,NA,NA,14.7,24.8,7.098,7.098,0,29.925,29.925,0,0,0.6,1660.027,1000,1000
116,5,5,"base_example",1,5,2,0.3,"one_stage",30,30,30,30,"CRM","previous_dose_additive","previous_dose",0.15,0.85,"previous_dose_additive",0.5,0.5,0.15,0.85,0.15,0.85,2,0.3,6,"continuous",0.0179,28,1,1,1,0,0,4,0.22,0.3,0.2344,0.3153,0.245,0.1392,NA,NA,28.3,19.7,7.05,7.05,0,29.925,29.925,0,0,0.6,1660.027,1000,1000
116,5,5,"base_example",1,5,2,0.3,"one_stage",30,30,30,30,"CRM","previous_dose_additive","previous_dose",0.15,0.85,"previous_dose_additive",0.5,0.5,0.15,0.85,0.15,0.85,2,0.3,6,"continuous",0.0179,28,1,1,1,0,0,5,0.3,0.3,0.3247,0.3656,0.2682,0.1392,NA,NA,52.3,10.2,4.458,4.458,0,29.925,29.925,0,0,0.6,1660.027,1000,1000
117,6,1,"five_scenarios_txt",1,1,1,0.3,"one_stage",30,30,30,30,"CRM","previous_dose_additive","previous_dose",0.15,0.85,"previous_dose_additive",0.5,0.5,0.15,0.85,0.15,0.85,2,0.3,6,"continuous",0.0179,28,1,1,1,0,0,1,0.29,0.3,0.3077,0.3013,0.209,0.1379,NA,NA,45.1,61.8,17.466,17.466,0,27.762,27.762,11.4,12.8,13,1540.816,1000,1000
117,6,1,"five_scenarios_txt",1,1,1,0.3,"one_stage",30,30,30,30,"CRM","previous_dose_additive","previous_dose",0.15,0.85,"previous_dose_additive",0.5,0.5,0.15,0.85,0.15,0.85,2,0.3,6,"continuous",0.0179,28,1,1,1,0,0,2,0.34,0.32,0.362,0.3487,0.2401,0.1379,NA,NA,28.7,18,6.057,6.057,0,27.762,27.762,11.4,12.8,13,1540.816,1000,1000
117,6,1,"five_scenarios_txt",1,1,1,0.3,"one_stage",30,30,30,30,"CRM","previous_dose_additive","previous_dose",0.15,0.85,"previous_dose_additive",0.5,0.5,0.15,0.85,0.15,0.85,2,0.3,6,"continuous",0.0179,28,1,1,1,0,0,3,0.38,0.35,0.4595,0.4419,0.304,0.1379,NA,NA,10.1,4.7,2.697,2.697,0,27.762,27.762,11.4,12.8,13,1540.816,1000,1000
117,6,1,"five_scenarios_txt",1,1,1,0.3,"one_stage",30,30,30,30,"CRM","previous_dose_additive","previous_dose",0.15,0.85,"previous_dose_additive",0.5,0.5,0.15,0.85,0.15,0.85,2,0.3,6,"continuous",0.0179,28,1,1,1,0,0,4,0.43,0.38,0.5046,0.4769,0.3255,0.1379,NA,NA,4.2,2.1,1.269,1.269,0,27.762,27.762,11.4,12.8,13,1540.816,1000,1000
117,6,1,"five_scenarios_txt",1,1,1,0.3,"one_stage",30,30,30,30,"CRM","previous_dose_additive","previous_dose",0.15,0.85,"previous_dose_additive",0.5,0.5,0.15,0.85,0.15,0.85,2,0.3,6,"continuous",0.0179,28,1,1,1,0,0,5,0.52,0.4,0.5899,0.4937,0.3168,0.1379,NA,NA,0.5,0.4,0.273,0.273,0,27.762,27.762,11.4,12.8,13,1540.816,1000,1000
118,7,2,"five_scenarios_txt",1,4,2,0.3,"one_stage",30,30,30,30,"CRM","previous_dose_additive","previous_dose",0.15,0.85,"previous_dose_additive",0.5,0.5,0.15,0.85,0.15,0.85,2,0.3,6,"continuous",0.0179,28,1,1,1,0,0,1,0.16,0.2,0.1577,0.2334,0.1861,0.138,NA,NA,5.6,12.2,7.722,7.722,0,29.814,29.814,0.4,0.5,1.1,1653.9325,1000,1000
118,7,2,"five_scenarios_txt",1,4,2,0.3,"one_stage",30,30,30,30,"CRM","previous_dose_additive","previous_dose",0.15,0.85,"previous_dose_additive",0.5,0.5,0.15,0.85,0.15,0.85,2,0.3,6,"continuous",0.0179,28,1,1,1,0,0,2,0.2,0.5,0.2036,0.4371,0.376,0.138,NA,NA,42.9,50,12.879,12.879,0,29.814,29.814,0.4,0.5,1.1,1653.9325,1000,1000
118,7,2,"five_scenarios_txt",1,4,2,0.3,"one_stage",30,30,30,30,"CRM","previous_dose_additive","previous_dose",0.15,0.85,"previous_dose_additive",0.5,0.5,0.15,0.85,0.15,0.85,2,0.3,6,"continuous",0.0179,28,1,1,1,0,0,3,0.26,0.5,0.2957,0.4665,0.3778,0.138,NA,NA,29.5,23.4,5.79,5.79,0,29.814,29.814,0.4,0.5,1.1,1653.9325,1000,1000
118,7,2,"five_scenarios_txt",1,4,2,0.3,"one_stage",30,30,30,30,"CRM","previous_dose_additive","previous_dose",0.15,0.85,"previous_dose_additive",0.5,0.5,0.15,0.85,0.15,0.85,2,0.3,6,"continuous",0.0179,28,1,1,1,0,0,4,0.31,0.5,0.3423,0.4894,0.3867,0.138,NA,NA,15.1,10.1,2.655,2.655,0,29.814,29.814,0.4,0.5,1.1,1653.9325,1000,1000
118,7,2,"five_scenarios_txt",1,4,2,0.3,"one_stage",30,30,30,30,"CRM","previous_dose_additive","previous_dose",0.15,0.85,"previous_dose_additive",0.5,0.5,0.15,0.85,0.15,0.85,2,0.3,6,"continuous",0.0179,28,1,1,1,0,0,5,0.36,0.5,0.4369,0.4972,0.3661,0.138,NA,NA,6.5,3.2,0.768,0.768,0,29.814,29.814,0.4,0.5,1.1,1653.9325,1000,1000
119,8,3,"five_scenarios_txt",1,1,1,0.3,"one_stage",30,30,30,30,"CRM","previous_dose_additive","previous_dose",0.15,0.85,"previous_dose_additive",0.5,0.5,0.15,0.85,0.15,0.85,2,0.3,6,"continuous",0.0179,28,1,1,1,0,0,1,0.32,0.1,0.3481,0.1233,0.0189,0.1385,NA,NA,53.3,43.8,15.738,15.738,0,25.389,25.389,16.2,18.5,36.7,1409.2181,1000,1000
119,8,3,"five_scenarios_txt",1,1,1,0.3,"one_stage",30,30,30,30,"CRM","previous_dose_additive","previous_dose",0.15,0.85,"previous_dose_additive",0.5,0.5,0.15,0.85,0.15,0.85,2,0.3,6,"continuous",0.0179,28,1,1,1,0,0,2,0.37,0.15,0.4026,0.2184,0.0977,0.1385,NA,NA,21.5,15.4,6.042,6.042,0,25.389,25.389,16.2,18.5,36.7,1409.2181,1000,1000
119,8,3,"five_scenarios_txt",1,1,1,0.3,"one_stage",30,30,30,30,"CRM","previous_dose_additive","previous_dose",0.15,0.85,"previous_dose_additive",0.5,0.5,0.15,0.85,0.15,0.85,2,0.3,6,"continuous",0.0179,28,1,1,1,0,0,3,0.42,0.2,0.4984,0.401,0.2515,0.1385,NA,NA,6.6,2.9,2.244,2.244,0,25.389,25.389,16.2,18.5,36.7,1409.2181,1000,1000
119,8,3,"five_scenarios_txt",1,1,1,0.3,"one_stage",30,30,30,30,"CRM","previous_dose_additive","previous_dose",0.15,0.85,"previous_dose_additive",0.5,0.5,0.15,0.85,0.15,0.85,2,0.3,6,"continuous",0.0179,28,1,1,1,0,0,4,0.48,0.3,0.5419,0.4606,0.298,0.1385,NA,NA,1.8,0.9,1.11,1.11,0,25.389,25.389,16.2,18.5,36.7,1409.2181,1000,1000
119,8,3,"five_scenarios_txt",1,1,1,0.3,"one_stage",30,30,30,30,"CRM","previous_dose_additive","previous_dose",0.15,0.85,"previous_dose_additive",0.5,0.5,0.15,0.85,0.15,0.85,2,0.3,6,"continuous",0.0179,28,1,1,1,0,0,5,0.52,0.4,0.6232,0.494,0.307,0.1385,NA,NA,0.6,0.3,0.255,0.255,0,25.389,25.389,16.2,18.5,36.7,1409.2181,1000,1000
120,9,4,"five_scenarios_txt",1,5,5,0.3,"one_stage",30,30,30,30,"CRM","previous_dose_additive","previous_dose",0.15,0.85,"previous_dose_additive",0.5,0.5,0.15,0.85,0.15,0.85,2,0.3,6,"continuous",0.0179,28,1,1,1,0,0,1,0.15,0.05,0.1261,0.1264,0.0886,0.1358,NA,NA,5.2,16.5,7.089,7.089,0,29.49,29.49,0.3,0.3,5.4,1636.7577,1000,1000
120,9,4,"five_scenarios_txt",1,5,5,0.3,"one_stage",30,30,30,30,"CRM","previous_dose_additive","previous_dose",0.15,0.85,"previous_dose_additive",0.5,0.5,0.15,0.85,0.15,0.85,2,0.3,6,"continuous",0.0179,28,1,1,1,0,0,2,0.18,0.08,0.1662,0.1426,0.0927,0.1358,NA,NA,13.4,14.8,6.087,6.087,0,29.49,29.49,0.3,0.3,5.4,1636.7577,1000,1000
120,9,4,"five_scenarios_txt",1,5,5,0.3,"one_stage",30,30,30,30,"CRM","previous_dose_additive","previous_dose",0.15,0.85,"previous_dose_additive",0.5,0.5,0.15,0.85,0.15,0.85,2,0.3,6,"continuous",0.0179,28,1,1,1,0,0,3,0.22,0.2,0.2503,0.2497,0.1746,0.1358,NA,NA,19.4,21.6,6.057,6.057,0,29.49,29.49,0.3,0.3,5.4,1636.7577,1000,1000
120,9,4,"five_scenarios_txt",1,5,5,0.3,"one_stage",30,30,30,30,"CRM","previous_dose_additive","previous_dose",0.15,0.85,"previous_dose_additive",0.5,0.5,0.15,0.85,0.15,0.85,2,0.3,6,"continuous",0.0179,28,1,1,1,0,0,4,0.26,0.25,0.2943,0.3139,0.2256,0.1358,NA,NA,25.3,16.4,5.502,5.502,0,29.49,29.49,0.3,0.3,5.4,1636.7577,1000,1000
120,9,4,"five_scenarios_txt",1,5,5,0.3,"one_stage",30,30,30,30,"CRM","previous_dose_additive","previous_dose",0.15,0.85,"previous_dose_additive",0.5,0.5,0.15,0.85,0.15,0.85,2,0.3,6,"continuous",0.0179,28,1,1,1,0,0,5,0.29,0.5,0.3867,0.4804,0.3644,0.1358,NA,NA,36.4,25.3,4.755,4.755,0,29.49,29.49,0.3,0.3,5.4,1636.7577,1000,1000
121,10,5,"five_scenarios_txt",1,2,2,0.3,"one_stage",30,30,30,30,"CRM","previous_dose_additive","previous_dose",0.15,0.85,"previous_dose_additive",0.5,0.5,0.15,0.85,0.15,0.85,2,0.3,6,"continuous",0.0179,28,1,1,1,0,0,1,0.23,0.05,0.2373,0.1098,0.0386,0.1394,NA,NA,29,12.3,9.735,9.735,0,27.711,27.711,3.5,3.7,22.8,1538.5135,1000,1000
121,10,5,"five_scenarios_txt",1,2,2,0.3,"one_stage",30,30,30,30,"CRM","previous_dose_additive","previous_dose",0.15,0.85,"previous_dose_additive",0.5,0.5,0.15,0.85,0.15,0.85,2,0.3,6,"continuous",0.0179,28,1,1,1,0,0,2,0.28,0.4,0.289,0.3909,0.3042,0.1394,NA,NA,31.9,41.7,10.599,10.599,0,27.711,27.711,3.5,3.7,22.8,1538.5135,1000,1000
121,10,5,"five_scenarios_txt",1,2,2,0.3,"one_stage",30,30,30,30,"CRM","previous_dose_additive","previous_dose",0.15,0.85,"previous_dose_additive",0.5,0.5,0.15,0.85,0.15,0.85,2,0.3,6,"continuous",0.0179,28,1,1,1,0,0,3,0.32,0.42,0.3861,0.4478,0.332,0.1394,NA,NA,21.4,15.1,4.674,4.674,0,27.711,27.711,3.5,3.7,22.8,1538.5135,1000,1000
121,10,5,"five_scenarios_txt",1,2,2,0.3,"one_stage",30,30,30,30,"CRM","previous_dose_additive","previous_dose",0.15,0.85,"previous_dose_additive",0.5,0.5,0.15,0.85,0.15,0.85,2,0.3,6,"continuous",0.0179,28,1,1,1,0,0,4,0.39,0.45,0.4327,0.4816,0.3518,0.1394,NA,NA,11.6,6.8,2.13,2.13,0,27.711,27.711,3.5,3.7,22.8,1538.5135,1000,1000
121,10,5,"five_scenarios_txt",1,2,2,0.3,"one_stage",30,30,30,30,"CRM","previous_dose_additive","previous_dose",0.15,0.85,"previous_dose_additive",0.5,0.5,0.15,0.85,0.15,0.85,2,0.3,6,"continuous",0.0179,28,1,1,1,0,0,5,0.43,0.5,0.5235,0.4949,0.3378,0.1394,NA,NA,2.6,1.3,0.573,0.573,0,27.711,27.711,3.5,3.7,22.8,1538.5135,1000,1000
122,11,1,"five_scenarios_txt",1,2,1,0.3,"one_stage",30,30,30,30,"CRM","previous_dose_additive","previous_dose",0.15,0.85,"previous_dose_additive",0.5,0.5,0.15,0.85,0.15,0.85,2,0.3,6,"continuous",0.0179,28,1,1,1,0,0,1,0.22,0.2,0.2591,0.2086,0.1308,0.1357,NA,NA,33,66.2,16.587,16.587,0,29.229,29.229,3.4,3.7,5.9,1623.1314,1000,1000
122,11,1,"five_scenarios_txt",1,2,1,0.3,"one_stage",30,30,30,30,"CRM","previous_dose_additive","previous_dose",0.15,0.85,"previous_dose_additive",0.5,0.5,0.15,0.85,0.15,0.85,2,0.3,6,"continuous",0.0179,28,1,1,1,0,0,2,0.32,0.2,0.3139,0.2239,0.1298,0.1357,NA,NA,46.6,23.2,7.794,7.794,0,29.229,29.229,3.4,3.7,5.9,1623.1314,1000,1000
122,11,1,"five_scenarios_txt",1,2,1,0.3,"one_stage",30,30,30,30,"CRM","previous_dose_additive","previous_dose",0.15,0.85,"previous_dose_additive",0.5,0.5,0.15,0.85,0.15,0.85,2,0.3,6,"continuous",0.0179,28,1,1,1,0,0,3,0.44,0.2,0.4144,0.3597,0.2353,0.1357,NA,NA,14.7,4.2,3.306,3.306,0,29.229,29.229,3.4,3.7,5.9,1623.1314,1000,1000
122,11,1,"five_scenarios_txt",1,2,1,0.3,"one_stage",30,30,30,30,"CRM","previous_dose_additive","previous_dose",0.15,0.85,"previous_dose_additive",0.5,0.5,0.15,0.85,0.15,0.85,2,0.3,6,"continuous",0.0179,28,1,1,1,0,0,4,0.59,0.2,0.4617,0.427,0.2885,0.1357,NA,NA,2.3,0.5,1.326,1.326,0,29.229,29.229,3.4,3.7,5.9,1623.1314,1000,1000
122,11,1,"five_scenarios_txt",1,2,1,0.3,"one_stage",30,30,30,30,"CRM","previous_dose_additive","previous_dose",0.15,0.85,"previous_dose_additive",0.5,0.5,0.15,0.85,0.15,0.85,2,0.3,6,"continuous",0.0179,28,1,1,1,0,0,5,0.67,0.2,0.5522,0.4844,0.3187,0.1357,NA,NA,0,0,0.216,0.216,0,29.229,29.229,3.4,3.7,5.9,1623.1314,1000,1000
123,12,2,"five_scenarios_txt",3,4,4,0.3,"one_stage",30,30,30,30,"CRM","previous_dose_additive","previous_dose",0.15,0.85,"previous_dose_additive",0.5,0.5,0.15,0.85,0.15,0.85,2,0.3,6,"continuous",0.0179,28,1,1,1,0,0,1,0.06,0.05,0.1034,0.144,0.113,0.1378,NA,NA,0.2,12,4.575,4.575,0,29.976,29.976,0,0,0.3,1662.6006,1000,1000
123,12,2,"five_scenarios_txt",3,4,4,0.3,"one_stage",30,30,30,30,"CRM","previous_dose_additive","previous_dose",0.15,0.85,"previous_dose_additive",0.5,0.5,0.15,0.85,0.15,0.85,2,0.3,6,"continuous",0.0179,28,1,1,1,0,0,2,0.09,0.1,0.142,0.1646,0.122,0.1378,NA,NA,2.6,12.9,5.268,5.268,0,29.976,29.976,0,0,0.3,1662.6006,1000,1000
123,12,2,"five_scenarios_txt",3,4,4,0.3,"one_stage",30,30,30,30,"CRM","previous_dose_additive","previous_dose",0.15,0.85,"previous_dose_additive",0.5,0.5,0.15,0.85,0.15,0.85,2,0.3,6,"continuous",0.0179,28,1,1,1,0,0,3,0.18,0.12,0.2254,0.1719,0.1043,0.1378,NA,NA,17.2,8.8,5.577,5.577,0,29.976,29.976,0,0,0.3,1662.6006,1000,1000
123,12,2,"five_scenarios_txt",3,4,4,0.3,"one_stage",30,30,30,30,"CRM","previous_dose_additive","previous_dose",0.15,0.85,"previous_dose_additive",0.5,0.5,0.15,0.85,0.15,0.85,2,0.3,6,"continuous",0.0179,28,1,1,1,0,0,4,0.29,0.4,0.2699,0.3857,0.3047,0.1378,NA,NA,49.7,43.5,9.429,9.429,0,29.976,29.976,0,0,0.3,1662.6006,1000,1000
123,12,2,"five_scenarios_txt",3,4,4,0.3,"one_stage",30,30,30,30,"CRM","previous_dose_additive","previous_dose",0.15,0.85,"previous_dose_additive",0.5,0.5,0.15,0.85,0.15,0.85,2,0.3,6,"continuous",0.0179,28,1,1,1,0,0,5,0.44,0.6,0.3642,0.5364,0.4271,0.1378,NA,NA,30.3,22.5,5.127,5.127,0,29.976,29.976,0,0,0.3,1662.6006,1000,1000
124,13,3,"five_scenarios_txt",1,3,3,0.3,"one_stage",30,30,30,30,"CRM","previous_dose_additive","previous_dose",0.15,0.85,"previous_dose_additive",0.5,0.5,0.15,0.85,0.15,0.85,2,0.3,6,"continuous",0.0179,28,1,1,1,0,0,1,0.21,0.05,0.2265,0.1087,0.0408,0.1388,NA,NA,26.4,14.5,9.687,9.687,0,28.134,28.134,2.4,2.8,19.6,1561.1206,1000,1000
124,13,3,"five_scenarios_txt",1,3,3,0.3,"one_stage",30,30,30,30,"CRM","previous_dose_additive","previous_dose",0.15,0.85,"previous_dose_additive",0.5,0.5,0.15,0.85,0.15,0.85,2,0.3,6,"continuous",0.0179,28,1,1,1,0,0,2,0.29,0.3,0.2779,0.3076,0.2242,0.1388,NA,NA,32,42.6,9.966,9.966,0,28.134,28.134,2.4,2.8,19.6,1561.1206,1000,1000
124,13,3,"five_scenarios_txt",1,3,3,0.3,"one_stage",30,30,30,30,"CRM","previous_dose_additive","previous_dose",0.15,0.85,"previous_dose_additive",0.5,0.5,0.15,0.85,0.15,0.85,2,0.3,6,"continuous",0.0179,28,1,1,1,0,0,3,0.3,0.32,0.3752,0.3887,0.2761,0.1388,NA,NA,20.1,15.3,4.809,4.809,0,28.134,28.134,2.4,2.8,19.6,1561.1206,1000,1000
124,13,3,"five_scenarios_txt",1,3,3,0.3,"one_stage",30,30,30,30,"CRM","previous_dose_additive","previous_dose",0.15,0.85,"previous_dose_additive",0.5,0.5,0.15,0.85,0.15,0.85,2,0.3,6,"continuous",0.0179,28,1,1,1,0,0,4,0.39,0.35,0.4221,0.4364,0.3098,0.1388,NA,NA,15.5,6.3,2.802,2.802,0,28.134,28.134,2.4,2.8,19.6,1561.1206,1000,1000
124,13,3,"five_scenarios_txt",1,3,3,0.3,"one_stage",30,30,30,30,"CRM","previous_dose_additive","previous_dose",0.15,0.85,"previous_dose_additive",0.5,0.5,0.15,0.85,0.15,0.85,2,0.3,6,"continuous",0.0179,28,1,1,1,0,0,5,0.46,0.4,0.5138,0.4812,0.3271,0.1388,NA,NA,3.6,1.7,0.87,0.87,0,28.134,28.134,2.4,2.8,19.6,1561.1206,1000,1000
125,14,4,"five_scenarios_txt",1,4,4,0.3,"one_stage",30,30,30,30,"CRM","previous_dose_additive","previous_dose",0.15,0.85,"previous_dose_additive",0.5,0.5,0.15,0.85,0.15,0.85,2,0.3,6,"continuous",0.0179,28,1,1,1,0,0,1,0.09,0.05,0.1153,0.1323,0.0977,0.137,NA,NA,1.1,21.1,6.204,6.204,0,29.91,29.91,0,0,1,1659.511,1000,1000
125,14,4,"five_scenarios_txt",1,4,4,0.3,"one_stage",30,30,30,30,"CRM","previous_dose_additive","previous_dose",0.15,0.85,"previous_dose_additive",0.5,0.5,0.15,0.85,0.15,0.85,2,0.3,6,"continuous",0.0179,28,1,1,1,0,0,2,0.15,0.08,0.1555,0.1406,0.0939,0.137,NA,NA,9,17,6.237,6.237,0,29.91,29.91,0,0,1,1659.511,1000,1000
125,14,4,"five_scenarios_txt",1,4,4,0.3,"one_stage",30,30,30,30,"CRM","previous_dose_additive","previous_dose",0.15,0.85,"previous_dose_additive",0.5,0.5,0.15,0.85,0.15,0.85,2,0.3,6,"continuous",0.0179,28,1,1,1,0,0,3,0.23,0.12,0.2407,0.1795,0.1073,0.137,NA,NA,23.5,14.1,5.697,5.697,0,29.91,29.91,0,0,1,1659.511,1000,1000
125,14,4,"five_scenarios_txt",1,4,4,0.3,"one_stage",30,30,30,30,"CRM","previous_dose_additive","previous_dose",0.15,0.85,"previous_dose_additive",0.5,0.5,0.15,0.85,0.15,0.85,2,0.3,6,"continuous",0.0179,28,1,1,1,0,0,4,0.28,0.3,0.2856,0.3279,0.2423,0.137,NA,NA,36.3,32.2,7.743,7.743,0,29.91,29.91,0,0,1,1659.511,1000,1000
125,14,4,"five_scenarios_txt",1,4,4,0.3,"one_stage",30,30,30,30,"CRM","previous_dose_additive","previous_dose",0.15,0.85,"previous_dose_additive",0.5,0.5,0.15,0.85,0.15,0.85,2,0.3,6,"continuous",0.0179,28,1,1,1,0,0,5,0.39,0.4,0.3798,0.4342,0.3203,0.137,NA,NA,30.1,14.6,4.029,4.029,0,29.91,29.91,0,0,1,1659.511,1000,1000
126,15,5,"five_scenarios_txt",1,3,1,0.3,"one_stage",30,30,30,30,"CRM","previous_dose_additive","previous_dose",0.15,0.85,"previous_dose_additive",0.5,0.5,0.15,0.85,0.15,0.85,2,0.3,6,"continuous",0.0179,28,1,1,1,0,0,1,0.13,0.1,0.1648,0.1382,0.0888,0.1364,NA,NA,4.3,48.7,10.284,10.284,0,29.769,29.769,0.2,0.3,2.3,1651.7686,1000,1000
126,15,5,"five_scenarios_txt",1,3,1,0.3,"one_stage",30,30,30,30,"CRM","previous_dose_additive","previous_dose",0.15,0.85,"previous_dose_additive",0.5,0.5,0.15,0.85,0.15,0.85,2,0.3,6,"continuous",0.0179,28,1,1,1,0,0,2,0.2,0.1,0.2123,0.1321,0.0684,0.1364,NA,NA,28.7,30.7,8.325,8.325,0,29.769,29.769,0.2,0.3,2.3,1651.7686,1000,1000
126,15,5,"five_scenarios_txt",1,3,1,0.3,"one_stage",30,30,30,30,"CRM","previous_dose_additive","previous_dose",0.15,0.85,"previous_dose_additive",0.5,0.5,0.15,0.85,0.15,0.85,2,0.3,6,"continuous",0.0179,28,1,1,1,0,0,3,0.32,0.1,0.3067,0.1933,0.1013,0.1364,NA,NA,36.2,12,5.691,5.691,0,29.769,29.769,0.2,0.3,2.3,1651.7686,1000,1000
126,15,5,"five_scenarios_txt",1,3,1,0.3,"one_stage",30,30,30,30,"CRM","previous_dose_additive","previous_dose",0.15,0.85,"previous_dose_additive",0.5,0.5,0.15,0.85,0.15,0.85,2,0.3,6,"continuous",0.0179,28,1,1,1,0,0,4,0.39,0.1,0.354,0.2588,0.1526,0.1364,NA,NA,22.5,5.8,3.996,3.996,0,29.769,29.769,0.2,0.3,2.3,1651.7686,1000,1000
126,15,5,"five_scenarios_txt",1,3,1,0.3,"one_stage",30,30,30,30,"CRM","previous_dose_additive","previous_dose",0.15,0.85,"previous_dose_additive",0.5,0.5,0.15,0.85,0.15,0.85,2,0.3,6,"continuous",0.0179,28,1,1,1,0,0,5,0.46,0.1,0.4493,0.3782,0.2434,0.1364,NA,NA,8.1,0.5,1.473,1.473,0,29.769,29.769,0.2,0.3,2.3,1651.7686,1000,1000
127,16,1,"five_scenarios_txt",1,5,1,0.3,"one_stage",30,30,30,30,"CRM","previous_dose_additive","previous_dose",0.15,0.85,"previous_dose_additive",0.5,0.5,0.15,0.85,0.15,0.85,2,0.3,6,"continuous",0.0179,28,1,1,1,0,0,1,0.02,0.2,0.0433,0.2407,0.2277,0.1374,NA,NA,0,39.9,4.497,4.497,0,30,30,0,0,0,1664.1426,1000,1000
127,16,1,"five_scenarios_txt",1,5,1,0.3,"one_stage",30,30,30,30,"CRM","previous_dose_additive","previous_dose",0.15,0.85,"previous_dose_additive",0.5,0.5,0.15,0.85,0.15,0.85,2,0.3,6,"continuous",0.0179,28,1,1,1,0,0,2,0.06,0.2,0.0656,0.2257,0.206,0.1374,NA,NA,1.5,24.6,4.974,4.974,0,30,30,0,0,0,1664.1426,1000,1000
127,16,1,"five_scenarios_txt",1,5,1,0.3,"one_stage",30,30,30,30,"CRM","previous_dose_additive","previous_dose",0.15,0.85,"previous_dose_additive",0.5,0.5,0.15,0.85,0.15,0.85,2,0.3,6,"continuous",0.0179,28,1,1,1,0,0,3,0.09,0.2,0.1213,0.2184,0.182,0.1374,NA,NA,1.5,15.6,6.093,6.093,0,30,30,0,0,0,1664.1426,1000,1000
127,16,1,"five_scenarios_txt",1,5,1,0.3,"one_stage",30,30,30,30,"CRM","previous_dose_additive","previous_dose",0.15,0.85,"previous_dose_additive",0.5,0.5,0.15,0.85,0.15,0.85,2,0.3,6,"continuous",0.0179,28,1,1,1,0,0,4,0.14,0.2,0.1547,0.216,0.1696,0.1374,NA,NA,10.1,13.1,8.322,8.322,0,30,30,0,0,0,1664.1426,1000,1000
127,16,1,"five_scenarios_txt",1,5,1,0.3,"one_stage",30,30,30,30,"CRM","previous_dose_additive","previous_dose",0.15,0.85,"previous_dose_additive",0.5,0.5,0.15,0.85,0.15,0.85,2,0.3,6,"continuous",0.0179,28,1,1,1,0,0,5,0.26,0.2,0.233,0.2327,0.1628,0.1374,NA,NA,86.9,6.8,6.114,6.114,0,30,30,0,0,0,1664.1426,1000,1000
128,17,2,"five_scenarios_txt",1,2,2,0.3,"one_stage",30,30,30,30,"CRM","previous_dose_additive","previous_dose",0.15,0.85,"previous_dose_additive",0.5,0.5,0.15,0.85,0.15,0.85,2,0.3,6,"continuous",0.0179,28,1,1,1,0,0,1,0.11,0.3,0.1831,0.2992,0.2442,0.1383,NA,NA,5.4,20.1,9.138,9.138,0,29.952,29.952,0.1,0.2,0.2,1660.637,1000,1000
128,17,2,"five_scenarios_txt",1,2,2,0.3,"one_stage",30,30,30,30,"CRM","previous_dose_additive","previous_dose",0.15,0.85,"previous_dose_additive",0.5,0.5,0.15,0.85,0.15,0.85,2,0.3,6,"continuous",0.0179,28,1,1,1,0,0,2,0.23,0.5,0.2332,0.4547,0.3848,0.1383,NA,NA,60.1,61.2,14.367,14.367,0,29.952,29.952,0.1,0.2,0.2,1660.637,1000,1000
128,17,2,"five_scenarios_txt",1,2,2,0.3,"one_stage",30,30,30,30,"CRM","previous_dose_additive","previous_dose",0.15,0.85,"previous_dose_additive",0.5,0.5,0.15,0.85,0.15,0.85,2,0.3,6,"continuous",0.0179,28,1,1,1,0,0,3,0.39,0.5,0.3308,0.4771,0.3779,0.1383,NA,NA,30.2,16.7,5.118,5.118,0,29.952,29.952,0.1,0.2,0.2,1660.637,1000,1000
128,17,2,"five_scenarios_txt",1,2,2,0.3,"one_stage",30,30,30,30,"CRM","previous_dose_additive","previous_dose",0.15,0.85,"previous_dose_additive",0.5,0.5,0.15,0.85,0.15,0.85,2,0.3,6,"continuous",0.0179,28,1,1,1,0,0,4,0.58,0.5,0.3788,0.5006,0.387,0.1383,NA,NA,3.8,1.7,1.17,1.17,0,29.952,29.952,0.1,0.2,0.2,1660.637,1000,1000
128,17,2,"five_scenarios_txt",1,2,2,0.3,"one_stage",30,30,30,30,"CRM","previous_dose_additive","previous_dose",0.15,0.85,"previous_dose_additive",0.5,0.5,0.15,0.85,0.15,0.85,2,0.3,6,"continuous",0.0179,28,1,1,1,0,0,5,0.76,0.5,0.4743,0.5008,0.3585,0.1383,NA,NA,0.4,0.1,0.159,0.159,0,29.952,29.952,0.1,0.2,0.2,1660.637,1000,1000
129,18,3,"five_scenarios_txt",1,5,5,0.3,"one_stage",30,30,30,30,"CRM","previous_dose_additive","previous_dose",0.15,0.85,"previous_dose_additive",0.5,0.5,0.15,0.85,0.15,0.85,2,0.3,6,"continuous",0.0179,28,1,1,1,0,0,1,0.02,0.05,0.0651,0.1562,0.1367,0.1367,NA,NA,0,12.5,3.42,3.42,0,30,30,0,0,0,1664.1234,1000,1000
129,18,3,"five_scenarios_txt",1,5,5,0.3,"one_stage",30,30,30,30,"CRM","previous_dose_additive","previous_dose",0.15,0.85,"previous_dose_additive",0.5,0.5,0.15,0.85,0.15,0.85,2,0.3,6,"continuous",0.0179,28,1,1,1,0,0,2,0.04,0.1,0.0946,0.1727,0.1443,0.1367,NA,NA,0,10.3,4.083,4.083,0,30,30,0,0,0,1664.1234,1000,1000
129,18,3,"five_scenarios_txt",1,5,5,0.3,"one_stage",30,30,30,30,"CRM","previous_dose_additive","previous_dose",0.15,0.85,"previous_dose_additive",0.5,0.5,0.15,0.85,0.15,0.85,2,0.3,6,"continuous",0.0179,28,1,1,1,0,0,3,0.1,0.15,0.1637,0.1863,0.1372,0.1367,NA,NA,2.1,8.2,5.268,5.268,0,30,30,0,0,0,1664.1234,1000,1000
129,18,3,"five_scenarios_txt",1,5,5,0.3,"one_stage",30,30,30,30,"CRM","previous_dose_additive","previous_dose",0.15,0.85,"previous_dose_additive",0.5,0.5,0.15,0.85,0.15,0.85,2,0.3,6,"continuous",0.0179,28,1,1,1,0,0,4,0.2,0.2,0.203,0.2174,0.1565,0.1367,NA,NA,23,14.3,7.014,7.014,0,30,30,0,0,0,1664.1234,1000,1000
129,18,3,"five_scenarios_txt",1,5,5,0.3,"one_stage",30,30,30,30,"CRM","previous_dose_additive","previous_dose",0.15,0.85,"previous_dose_additive",0.5,0.5,0.15,0.85,0.15,0.85,2,0.3,6,"continuous",0.0179,28,1,1,1,0,0,5,0.35,0.5,0.2909,0.4658,0.3786,0.1367,NA,NA,74.9,54.7,10.215,10.215,0,30,30,0,0,0,1664.1234,1000,1000
130,19,4,"five_scenarios_txt",1,2,2,0.3,"one_stage",30,30,30,30,"CRM","previous_dose_additive","previous_dose",0.15,0.85,"previous_dose_additive",0.5,0.5,0.15,0.85,0.15,0.85,2,0.3,6,"continuous",0.0179,28,1,1,1,0,0,1,0.11,0.08,0.2067,0.1332,0.0712,0.1394,NA,NA,10.9,17.1,8.202,8.202,0,29.796,29.796,0,0.1,3.4,1652.8549,1000,1000
130,19,4,"five_scenarios_txt",1,2,2,0.3,"one_stage",30,30,30,30,"CRM","previous_dose_additive","previous_dose",0.15,0.85,"previous_dose_additive",0.5,0.5,0.15,0.85,0.15,0.85,2,0.3,6,"continuous",0.0179,28,1,1,1,0,0,2,0.26,0.3,0.2592,0.2943,0.2166,0.1394,NA,NA,48.9,59.5,12.624,12.624,0,29.796,29.796,0,0.1,3.4,1652.8549,1000,1000
130,19,4,"five_scenarios_txt",1,2,2,0.3,"one_stage",30,30,30,30,"CRM","previous_dose_additive","previous_dose",0.15,0.85,"previous_dose_additive",0.5,0.5,0.15,0.85,0.15,0.85,2,0.3,6,"continuous",0.0179,28,1,1,1,0,0,3,0.39,0.32,0.3591,0.355,0.2472,0.1394,NA,NA,34,17.8,6.384,6.384,0,29.796,29.796,0,0.1,3.4,1652.8549,1000,1000
130,19,4,"five_scenarios_txt",1,2,2,0.3,"one_stage",30,30,30,30,"CRM","previous_dose_additive","previous_dose",0.15,0.85,"previous_dose_additive",0.5,0.5,0.15,0.85,0.15,0.85,2,0.3,6,"continuous",0.0179,28,1,1,1,0,0,4,0.6,0.35,0.4075,0.4347,0.3125,0.1394,NA,NA,6.1,2.1,2.217,2.217,0,29.796,29.796,0,0.1,3.4,1652.8549,1000,1000
130,19,4,"five_scenarios_txt",1,2,2,0.3,"one_stage",30,30,30,30,"CRM","previous_dose_additive","previous_dose",0.15,0.85,"previous_dose_additive",0.5,0.5,0.15,0.85,0.15,0.85,2,0.3,6,"continuous",0.0179,28,1,1,1,0,0,5,0.77,0.4,0.5021,0.4928,0.3422,0.1394,NA,NA,0.1,0.1,0.369,0.369,0,29.796,29.796,0,0.1,3.4,1652.8549,1000,1000
131,20,5,"five_scenarios_txt",1,3,2,0.3,"one_stage",30,30,30,30,"CRM","previous_dose_additive","previous_dose",0.15,0.85,"previous_dose_additive",0.5,0.5,0.15,0.85,0.15,0.85,2,0.3,6,"continuous",0.0179,28,1,1,1,0,0,1,0.07,0.05,0.1444,0.136,0.0927,0.136,NA,NA,0.7,9.3,4.809,4.809,0,29.934,29.934,0,0.1,0.5,1660.1173,1000,1000
131,20,5,"five_scenarios_txt",1,3,2,0.3,"one_stage",30,30,30,30,"CRM","previous_dose_additive","previous_dose",0.15,0.85,"previous_dose_additive",0.5,0.5,0.15,0.85,0.15,0.85,2,0.3,6,"continuous",0.0179,28,1,1,1,0,0,2,0.14,0.25,0.19,0.2503,0.1933,0.136,NA,NA,13.2,51.1,10.275,10.275,0,29.934,29.934,0,0.1,0.5,1660.1173,1000,1000
131,20,5,"five_scenarios_txt",1,3,2,0.3,"one_stage",30,30,30,30,"CRM","previous_dose_additive","previous_dose",0.15,0.85,"previous_dose_additive",0.5,0.5,0.15,0.85,0.15,0.85,2,0.3,6,"continuous",0.0179,28,1,1,1,0,0,3,0.31,0.25,0.2825,0.2536,0.1689,0.136,NA,NA,45,26.9,8.16,8.16,0,29.934,29.934,0,0.1,0.5,1660.1173,1000,1000
131,20,5,"five_scenarios_txt",1,3,2,0.3,"one_stage",30,30,30,30,"CRM","previous_dose_additive","previous_dose",0.15,0.85,"previous_dose_additive",0.5,0.5,0.15,0.85,0.15,0.85,2,0.3,6,"continuous",0.0179,28,1,1,1,0,0,4,0.41,0.25,0.3296,0.3245,0.2256,0.136,NA,NA,32.6,10.5,4.959,4.959,0,29.934,29.934,0,0.1,0.5,1660.1173,1000,1000
131,20,5,"five_scenarios_txt",1,3,2,0.3,"one_stage",30,30,30,30,"CRM","previous_dose_additive","previous_dose",0.15,0.85,"previous_dose_additive",0.5,0.5,0.15,0.85,0.15,0.85,2,0.3,6,"continuous",0.0179,28,1,1,1,0,0,5,0.52,0.25,0.4258,0.4135,0.2858,0.136,NA,NA,8.5,1.7,1.731,1.731,0,29.934,29.934,0,0.1,0.5,1660.1173,1000,1000
132,21,1,"five_scenarios_txt",1,1,1,0.3,"one_stage",30,30,30,30,"CRM","previous_dose_additive","previous_dose",0.15,0.85,"previous_dose_additive",0.5,0.5,0.15,0.85,0.15,0.85,2,0.3,6,"continuous",0.0179,28,1,1,1,0,0,1,0.37,0.5,0.4365,0.5022,0.3713,0.1381,NA,NA,56.8,57.6,20.271,20.271,0,23.055,23.055,39.1,40.7,40.7,1275.4897,1000,1000
132,21,1,"five_scenarios_txt",1,1,1,0.3,"one_stage",30,30,30,30,"CRM","previous_dose_additive","previous_dose",0.15,0.85,"previous_dose_additive",0.5,0.5,0.15,0.85,0.15,0.85,2,0.3,6,"continuous",0.0179,28,1,1,1,0,0,2,0.56,0.5,0.4903,0.4911,0.344,0.1381,NA,NA,4.1,1.7,2.523,2.523,0,23.055,23.055,39.1,40.7,40.7,1275.4897,1000,1000
132,21,1,"five_scenarios_txt",1,1,1,0.3,"one_stage",30,30,30,30,"CRM","previous_dose_additive","previous_dose",0.15,0.85,"previous_dose_additive",0.5,0.5,0.15,0.85,0.15,0.85,2,0.3,6,"continuous",0.0179,28,1,1,1,0,0,3,0.69,0.5,0.5807,0.4977,0.3235,0.1381,NA,NA,0,0,0.231,0.231,0,23.055,23.055,39.1,40.7,40.7,1275.4897,1000,1000
132,21,1,"five_scenarios_txt",1,1,1,0.3,"one_stage",30,30,30,30,"CRM","previous_dose_additive","previous_dose",0.15,0.85,"previous_dose_additive",0.5,0.5,0.15,0.85,0.15,0.85,2,0.3,6,"continuous",0.0179,28,1,1,1,0,0,4,0.83,0.5,0.6204,0.4996,0.3135,0.1381,NA,NA,0,0,0.03,0.03,0,23.055,23.055,39.1,40.7,40.7,1275.4897,1000,1000
132,21,1,"five_scenarios_txt",1,1,1,0.3,"one_stage",30,30,30,30,"CRM","previous_dose_additive","previous_dose",0.15,0.85,"previous_dose_additive",0.5,0.5,0.15,0.85,0.15,0.85,2,0.3,6,"continuous",0.0179,28,1,1,1,0,0,5,0.88,0.5,0.6925,0.5,0.2923,0.1381,NA,NA,0,0,0,0,0,23.055,23.055,39.1,40.7,40.7,1275.4897,1000,1000
133,22,2,"five_scenarios_txt",1,2,2,0.3,"one_stage",30,30,30,30,"CRM","previous_dose_additive","previous_dose",0.15,0.85,"previous_dose_additive",0.5,0.5,0.15,0.85,0.15,0.85,2,0.3,6,"continuous",0.0179,28,1,1,1,0,0,1,0.07,0.08,0.2082,0.1272,0.0647,0.1396,NA,NA,7.7,18.7,8.889,8.889,0,29.895,29.895,0,0,2,1658.1142,1000,1000
133,22,2,"five_scenarios_txt",1,2,2,0.3,"one_stage",30,30,30,30,"CRM","previous_dose_additive","previous_dose",0.15,0.85,"previous_dose_additive",0.5,0.5,0.15,0.85,0.15,0.85,2,0.3,6,"continuous",0.0179,28,1,1,1,0,0,2,0.27,0.25,0.261,0.2532,0.1749,0.1396,NA,NA,55.9,64.6,13.215,13.215,0,29.895,29.895,0,0,2,1658.1142,1000,1000
133,22,2,"five_scenarios_txt",1,2,2,0.3,"one_stage",30,30,30,30,"CRM","previous_dose_additive","previous_dose",0.15,0.85,"previous_dose_additive",0.5,0.5,0.15,0.85,0.15,0.85,2,0.3,6,"continuous",0.0179,28,1,1,1,0,0,3,0.5,0.25,0.3614,0.2966,0.1882,0.1396,NA,NA,32.7,12.2,5.484,5.484,0,29.895,29.895,0,0,2,1658.1142,1000,1000
133,22,2,"five_scenarios_txt",1,2,2,0.3,"one_stage",30,30,30,30,"CRM","previous_dose_additive","previous_dose",0.15,0.85,"previous_dose_additive",0.5,0.5,0.15,0.85,0.15,0.85,2,0.3,6,"continuous",0.0179,28,1,1,1,0,0,4,0.56,0.5,0.4098,0.4982,0.3752,0.1396,NA,NA,3.7,2.5,2.103,2.103,0,29.895,29.895,0,0,2,1658.1142,1000,1000
133,22,2,"five_scenarios_txt",1,2,2,0.3,"one_stage",30,30,30,30,"CRM","previous_dose_additive","previous_dose",0.15,0.85,"previous_dose_additive",0.5,0.5,0.15,0.85,0.15,0.85,2,0.3,6,"continuous",0.0179,28,1,1,1,0,0,5,0.78,0.5,0.5045,0.4967,0.3454,0.1396,NA,NA,0,0,0.204,0.204,0,29.895,29.895,0,0,2,1658.1142,1000,1000
134,23,3,"five_scenarios_txt",1,1,1,0.3,"one_stage",30,30,30,30,"CRM","previous_dose_additive","previous_dose",0.15,0.85,"previous_dose_additive",0.5,0.5,0.15,0.85,0.15,0.85,2,0.3,6,"continuous",0.0179,28,1,1,1,0,0,1,0.32,0.05,0.4063,0.0779,-0.044,0.135,NA,NA,68.6,20.2,15.798,15.798,0,21.255,21.255,24.4,26.8,75.8,1175.4499,1000,1000
134,23,3,"five_scenarios_txt",1,1,1,0.3,"one_stage",30,30,30,30,"CRM","previous_dose_additive","previous_dose",0.15,0.85,"previous_dose_additive",0.5,0.5,0.15,0.85,0.15,0.85,2,0.3,6,"continuous",0.0179,28,1,1,1,0,0,2,0.55,0.05,0.461,0.1526,0.0144,0.135,NA,NA,6.9,3.9,4.65,4.65,0,21.255,21.255,24.4,26.8,75.8,1175.4499,1000,1000
134,23,3,"five_scenarios_txt",1,1,1,0.3,"one_stage",30,30,30,30,"CRM","previous_dose_additive","previous_dose",0.15,0.85,"previous_dose_additive",0.5,0.5,0.15,0.85,0.15,0.85,2,0.3,6,"continuous",0.0179,28,1,1,1,0,0,3,0.8,0.05,0.5541,0.4353,0.2691,0.135,NA,NA,0.1,0.1,0.687,0.687,0,21.255,21.255,24.4,26.8,75.8,1175.4499,1000,1000
134,23,3,"five_scenarios_txt",1,1,1,0.3,"one_stage",30,30,30,30,"CRM","previous_dose_additive","previous_dose",0.15,0.85,"previous_dose_additive",0.5,0.5,0.15,0.85,0.15,0.85,2,0.3,6,"continuous",0.0179,28,1,1,1,0,0,4,0.94,0.05,0.5954,0.4874,0.3088,0.135,NA,NA,0,0,0.12,0.12,0,21.255,21.255,24.4,26.8,75.8,1175.4499,1000,1000
134,23,3,"five_scenarios_txt",1,1,1,0.3,"one_stage",30,30,30,30,"CRM","previous_dose_additive","previous_dose",0.15,0.85,"previous_dose_additive",0.5,0.5,0.15,0.85,0.15,0.85,2,0.3,6,"continuous",0.0179,28,1,1,1,0,0,5,0.97,0.05,0.671,0.5003,0.299,0.135,NA,NA,0,0,0,0,0,21.255,21.255,24.4,26.8,75.8,1175.4499,1000,1000
135,24,4,"five_scenarios_txt",1,5,4,0.3,"one_stage",30,30,30,30,"CRM","previous_dose_additive","previous_dose",0.15,0.85,"previous_dose_additive",0.5,0.5,0.15,0.85,0.15,0.85,2,0.3,6,"continuous",0.0179,28,1,1,1,0,0,1,0.01,0.05,0.0294,0.1611,0.1522,0.1359,NA,NA,0,2.3,3.096,3.096,0,30,30,0,0,0,1664.1426,1000,1000
135,24,4,"five_scenarios_txt",1,5,4,0.3,"one_stage",30,30,30,30,"CRM","previous_dose_additive","previous_dose",0.15,0.85,"previous_dose_additive",0.5,0.5,0.15,0.85,0.15,0.85,2,0.3,6,"continuous",0.0179,28,1,1,1,0,0,2,0.02,0.08,0.0467,0.1758,0.1618,0.1359,NA,NA,0.1,1.5,3.171,3.171,0,30,30,0,0,0,1664.1426,1000,1000
135,24,4,"five_scenarios_txt",1,5,4,0.3,"one_stage",30,30,30,30,"CRM","previous_dose_additive","previous_dose",0.15,0.85,"previous_dose_additive",0.5,0.5,0.15,0.85,0.15,0.85,2,0.3,6,"continuous",0.0179,28,1,1,1,0,0,3,0.05,0.2,0.0924,0.2384,0.2107,0.1359,NA,NA,0.1,3.2,3.993,3.993,0,30,30,0,0,0,1664.1426,1000,1000
135,24,4,"five_scenarios_txt",1,5,4,0.3,"one_stage",30,30,30,30,"CRM","previous_dose_additive","previous_dose",0.15,0.85,"previous_dose_additive",0.5,0.5,0.15,0.85,0.15,0.85,2,0.3,6,"continuous",0.0179,28,1,1,1,0,0,4,0.1,0.5,0.1212,0.4373,0.401,0.1359,NA,NA,30.5,55.5,12.843,12.843,0,30,30,0,0,0,1664.1426,1000,1000
135,24,4,"five_scenarios_txt",1,5,4,0.3,"one_stage",30,30,30,30,"CRM","previous_dose_additive","previous_dose",0.15,0.85,"previous_dose_additive",0.5,0.5,0.15,0.85,0.15,0.85,2,0.3,6,"continuous",0.0179,28,1,1,1,0,0,5,0.25,0.5,0.1915,0.4605,0.4031,0.1359,NA,NA,69.3,37.5,6.897,6.897,0,30,30,0,0,0,1664.1426,1000,1000
136,25,5,"five_scenarios_txt",2,3,3,0.3,"one_stage",30,30,30,30,"CRM","previous_dose_additive","previous_dose",0.15,0.85,"previous_dose_additive",0.5,0.5,0.15,0.85,0.15,0.85,2,0.3,6,"continuous",0.0179,28,1,1,1,0,0,1,0.09,0.2,0.1769,0.2154,0.1624,0.1362,NA,NA,1.8,29.1,8.928,8.928,0,29.985,29.985,0,0,0.2,1663.0542,1000,1000
136,25,5,"five_scenarios_txt",2,3,3,0.3,"one_stage",30,30,30,30,"CRM","previous_dose_additive","previous_dose",0.15,0.85,"previous_dose_additive",0.5,0.5,0.15,0.85,0.15,0.85,2,0.3,6,"continuous",0.0179,28,1,1,1,0,0,2,0.18,0.25,0.2267,0.2493,0.1813,0.1362,NA,NA,36.1,32,9.228,9.228,0,29.985,29.985,0,0,0.2,1663.0542,1000,1000
136,25,5,"five_scenarios_txt",2,3,3,0.3,"one_stage",30,30,30,30,"CRM","previous_dose_additive","previous_dose",0.15,0.85,"previous_dose_additive",0.5,0.5,0.15,0.85,0.15,0.85,2,0.3,6,"continuous",0.0179,28,1,1,1,0,0,3,0.37,0.4,0.3244,0.3947,0.2974,0.1362,NA,NA,51.6,33.5,8.742,8.742,0,29.985,29.985,0,0,0.2,1663.0542,1000,1000
136,25,5,"five_scenarios_txt",2,3,3,0.3,"one_stage",30,30,30,30,"CRM","previous_dose_additive","previous_dose",0.15,0.85,"previous_dose_additive",0.5,0.5,0.15,0.85,0.15,0.85,2,0.3,6,"continuous",0.0179,28,1,1,1,0,0,4,0.63,0.45,0.3727,0.4743,0.3625,0.1362,NA,NA,10.2,5.2,2.715,2.715,0,29.985,29.985,0,0,0.2,1663.0542,1000,1000
136,25,5,"five_scenarios_txt",2,3,3,0.3,"one_stage",30,30,30,30,"CRM","previous_dose_additive","previous_dose",0.15,0.85,"previous_dose_additive",0.5,0.5,0.15,0.85,0.15,0.85,2,0.3,6,"continuous",0.0179,28,1,1,1,0,0,5,0.77,0.5,0.4688,0.4969,0.3562,0.1362,NA,NA,0.3,0,0.372,0.372,0,29.985,29.985,0,0,0.2,1663.0542,1000,1000
137,26,1,"higher_gap_above_MTD",1,3,3,0.3,"one_stage",30,30,30,30,"CRM","previous_dose_additive","previous_dose",0.15,0.85,"previous_dose_additive",0.5,0.5,0.15,0.85,0.15,0.85,2,0.3,6,"continuous",0.0179,28,1,1,1,0,0,1,0.15,0.1,0.193,0.1448,0.0869,0.1364,NA,NA,8.2,24.3,9.06,9.06,0,29.655,29.655,0.3,0.3,3.9,1645.2389,1000,1000
137,26,1,"higher_gap_above_MTD",1,3,3,0.3,"one_stage",30,30,30,30,"CRM","previous_dose_additive","previous_dose",0.15,0.85,"previous_dose_additive",0.5,0.5,0.15,0.85,0.15,0.85,2,0.3,6,"continuous",0.0179,28,1,1,1,0,0,2,0.22,0.2,0.244,0.2123,0.1392,0.1364,NA,NA,39,34.9,9.06,9.06,0,29.655,29.655,0.3,0.3,3.9,1645.2389,1000,1000
137,26,1,"higher_gap_above_MTD",1,3,3,0.3,"one_stage",30,30,30,30,"CRM","previous_dose_additive","previous_dose",0.15,0.85,"previous_dose_additive",0.5,0.5,0.15,0.85,0.15,0.85,2,0.3,6,"continuous",0.0179,28,1,1,1,0,0,3,0.3,0.35,0.3423,0.3738,0.2711,0.1364,NA,NA,40.8,30.9,8.118,8.118,0,29.655,29.655,0.3,0.3,3.9,1645.2389,1000,1000
137,26,1,"higher_gap_above_MTD",1,3,3,0.3,"one_stage",30,30,30,30,"CRM","previous_dose_additive","previous_dose",0.15,0.85,"previous_dose_additive",0.5,0.5,0.15,0.85,0.15,0.85,2,0.3,6,"continuous",0.0179,28,1,1,1,0,0,4,0.62,0.45,0.3905,0.469,0.3519,0.1364,NA,NA,11.5,5.9,3.006,3.006,0,29.655,29.655,0.3,0.3,3.9,1645.2389,1000,1000
137,26,1,"higher_gap_above_MTD",1,3,3,0.3,"one_stage",30,30,30,30,"CRM","previous_dose_additive","previous_dose",0.15,0.85,"previous_dose_additive",0.5,0.5,0.15,0.85,0.15,0.85,2,0.3,6,"continuous",0.0179,28,1,1,1,0,0,5,0.8,0.55,0.4856,0.5023,0.3566,0.1364,NA,NA,0.2,0.1,0.411,0.411,0,29.655,29.655,0.3,0.3,3.9,1645.2389,1000,1000
138,27,2,"higher_gap_above_MTD",1,3,3,0.3,"one_stage",30,30,30,30,"CRM","previous_dose_additive","previous_dose",0.15,0.85,"previous_dose_additive",0.5,0.5,0.15,0.85,0.15,0.85,2,0.3,6,"continuous",0.0179,28,1,1,1,0,0,1,0.11,0.1,0.1642,0.1574,0.1081,0.1386,NA,NA,2.4,15.8,6.729,6.729,0,29.931,29.931,0,0,0.9,1659.8586,1000,1000
138,27,2,"higher_gap_above_MTD",1,3,3,0.3,"one_stage",30,30,30,30,"CRM","previous_dose_additive","previous_dose",0.15,0.85,"previous_dose_additive",0.5,0.5,0.15,0.85,0.15,0.85,2,0.3,6,"continuous",0.0179,28,1,1,1,0,0,2,0.17,0.2,0.2124,0.2138,0.1501,0.1386,NA,NA,23.2,27.4,8.37,8.37,0,29.931,29.931,0,0,0.9,1659.8586,1000,1000
138,27,2,"higher_gap_above_MTD",1,3,3,0.3,"one_stage",30,30,30,30,"CRM","previous_dose_additive","previous_dose",0.15,0.85,"previous_dose_additive",0.5,0.5,0.15,0.85,0.15,0.85,2,0.3,6,"continuous",0.0179,28,1,1,1,0,0,3,0.3,0.4,0.3082,0.3844,0.2919,0.1386,NA,NA,52.3,45.4,10.158,10.158,0,29.931,29.931,0,0,0.9,1659.8586,1000,1000
138,27,2,"higher_gap_above_MTD",1,3,3,0.3,"one_stage",30,30,30,30,"CRM","previous_dose_additive","previous_dose",0.15,0.85,"previous_dose_additive",0.5,0.5,0.15,0.85,0.15,0.85,2,0.3,6,"continuous",0.0179,28,1,1,1,0,0,4,0.5,0.42,0.3561,0.4478,0.341,0.1386,NA,NA,19.8,10.1,3.873,3.873,0,29.931,29.931,0,0,0.9,1659.8586,1000,1000
138,27,2,"higher_gap_above_MTD",1,3,3,0.3,"one_stage",30,30,30,30,"CRM","previous_dose_additive","previous_dose",0.15,0.85,"previous_dose_additive",0.5,0.5,0.15,0.85,0.15,0.85,2,0.3,6,"continuous",0.0179,28,1,1,1,0,0,5,0.62,0.45,0.4523,0.4895,0.3538,0.1386,NA,NA,2.3,0.4,0.801,0.801,0,29.931,29.931,0,0,0.9,1659.8586,1000,1000
139,28,3,"higher_gap_above_MTD",1,2,2,0.3,"one_stage",30,30,30,30,"CRM","previous_dose_additive","previous_dose",0.15,0.85,"previous_dose_additive",0.5,0.5,0.15,0.85,0.15,0.85,2,0.3,6,"continuous",0.0179,28,1,1,1,0,0,1,0.2,0.05,0.2601,0.0962,0.0182,0.1363,NA,NA,35.4,20.8,11.103,11.103,0,28.101,28.101,2.5,2.6,21.8,1559.55,1000,1000
139,28,3,"higher_gap_above_MTD",1,2,2,0.3,"one_stage",30,30,30,30,"CRM","previous_dose_additive","previous_dose",0.15,0.85,"previous_dose_additive",0.5,0.5,0.15,0.85,0.15,0.85,2,0.3,6,"continuous",0.0179,28,1,1,1,0,0,2,0.3,0.3,0.3151,0.3131,0.2186,0.1363,NA,NA,45.5,49.8,11.832,11.832,0,28.101,28.101,2.5,2.6,21.8,1559.55,1000,1000
139,28,3,"higher_gap_above_MTD",1,2,2,0.3,"one_stage",30,30,30,30,"CRM","previous_dose_additive","previous_dose",0.15,0.85,"previous_dose_additive",0.5,0.5,0.15,0.85,0.15,0.85,2,0.3,6,"continuous",0.0179,28,1,1,1,0,0,3,0.5,0.32,0.4159,0.403,0.2782,0.1363,NA,NA,15.1,7.5,3.9,3.9,0,28.101,28.101,2.5,2.6,21.8,1559.55,1000,1000
139,28,3,"higher_gap_above_MTD",1,2,2,0.3,"one_stage",30,30,30,30,"CRM","previous_dose_additive","previous_dose",0.15,0.85,"previous_dose_additive",0.5,0.5,0.15,0.85,0.15,0.85,2,0.3,6,"continuous",0.0179,28,1,1,1,0,0,4,0.6,0.35,0.4633,0.4628,0.3238,0.1363,NA,NA,1.5,0.1,1.131,1.131,0,28.101,28.101,2.5,2.6,21.8,1559.55,1000,1000
139,28,3,"higher_gap_above_MTD",1,2,2,0.3,"one_stage",30,30,30,30,"CRM","previous_dose_additive","previous_dose",0.15,0.85,"previous_dose_additive",0.5,0.5,0.15,0.85,0.15,0.85,2,0.3,6,"continuous",0.0179,28,1,1,1,0,0,5,0.77,0.4,0.5538,0.4954,0.3293,0.1363,NA,NA,0,0,0.135,0.135,0,28.101,28.101,2.5,2.6,21.8,1559.55,1000,1000
140,29,4,"higher_gap_above_MTD",1,2,1,0.3,"one_stage",30,30,30,30,"CRM","previous_dose_additive","previous_dose",0.15,0.85,"previous_dose_additive",0.5,0.5,0.15,0.85,0.15,0.85,2,0.3,6,"continuous",0.0179,28,1,1,1,0,0,1,0.19,0.4,0.2388,0.3835,0.3119,0.1374,NA,NA,26.8,64.4,17.652,17.652,0,29.574,29.574,2.2,2.2,2.2,1641.437,1000,1000
140,29,4,"higher_gap_above_MTD",1,2,1,0.3,"one_stage",30,30,30,30,"CRM","previous_dose_additive","previous_dose",0.15,0.85,"previous_dose_additive",0.5,0.5,0.15,0.85,0.15,0.85,2,0.3,6,"continuous",0.0179,28,1,1,1,0,0,2,0.3,0.4,0.2928,0.3894,0.3016,0.1374,NA,NA,59.9,30.1,8.793,8.793,0,29.574,29.574,2.2,2.2,2.2,1641.437,1000,1000
140,29,4,"higher_gap_above_MTD",1,2,1,0.3,"one_stage",30,30,30,30,"CRM","previous_dose_additive","previous_dose",0.15,0.85,"previous_dose_additive",0.5,0.5,0.15,0.85,0.15,0.85,2,0.3,6,"continuous",0.0179,28,1,1,1,0,0,3,0.56,0.4,0.3934,0.4558,0.3377,0.1374,NA,NA,10.4,3.1,2.556,2.556,0,29.574,29.574,2.2,2.2,2.2,1641.437,1000,1000
140,29,4,"higher_gap_above_MTD",1,2,1,0.3,"one_stage",30,30,30,30,"CRM","previous_dose_additive","previous_dose",0.15,0.85,"previous_dose_additive",0.5,0.5,0.15,0.85,0.15,0.85,2,0.3,6,"continuous",0.0179,28,1,1,1,0,0,4,0.74,0.4,0.4412,0.4871,0.3548,0.1374,NA,NA,0.7,0.2,0.543,0.543,0,29.574,29.574,2.2,2.2,2.2,1641.437,1000,1000
140,29,4,"higher_gap_above_MTD",1,2,1,0.3,"one_stage",30,30,30,30,"CRM","previous_dose_additive","previous_dose",0.15,0.85,"previous_dose_additive",0.5,0.5,0.15,0.85,0.15,0.85,2,0.3,6,"continuous",0.0179,28,1,1,1,0,0,5,0.86,0.4,0.5334,0.4984,0.3384,0.1374,NA,NA,0,0,0.03,0.03,0,29.574,29.574,2.2,2.2,2.2,1641.437,1000,1000
141,30,5,"higher_gap_above_MTD",1,4,4,0.3,"one_stage",30,30,30,30,"CRM","previous_dose_additive","previous_dose",0.15,0.85,"previous_dose_additive",0.5,0.5,0.15,0.85,0.15,0.85,2,0.3,6,"continuous",0.0179,28,1,1,1,0,0,1,0.05,0.12,0.1019,0.1913,0.1607,0.1399,NA,NA,0.1,16.9,4.356,4.356,0,30,30,0,0,0,1664.1084,1000,1000
141,30,5,"higher_gap_above_MTD",1,4,4,0.3,"one_stage",30,30,30,30,"CRM","previous_dose_additive","previous_dose",0.15,0.85,"previous_dose_additive",0.5,0.5,0.15,0.85,0.15,0.85,2,0.3,6,"continuous",0.0179,28,1,1,1,0,0,2,0.08,0.15,0.1405,0.1987,0.1565,0.1399,NA,NA,1.8,13,4.986,4.986,0,30,30,0,0,0,1664.1084,1000,1000
141,30,5,"higher_gap_above_MTD",1,4,4,0.3,"one_stage",30,30,30,30,"CRM","previous_dose_additive","previous_dose",0.15,0.85,"previous_dose_additive",0.5,0.5,0.15,0.85,0.15,0.85,2,0.3,6,"continuous",0.0179,28,1,1,1,0,0,3,0.17,0.2,0.2238,0.2193,0.1522,0.1399,NA,NA,14.5,12.4,6.084,6.084,0,30,30,0,0,0,1664.1084,1000,1000
141,30,5,"higher_gap_above_MTD",1,4,4,0.3,"one_stage",30,30,30,30,"CRM","previous_dose_additive","previous_dose",0.15,0.85,"previous_dose_additive",0.5,0.5,0.15,0.85,0.15,0.85,2,0.3,6,"continuous",0.0179,28,1,1,1,0,0,4,0.27,0.4,0.2683,0.3873,0.3068,0.1399,NA,NA,56,44.7,10.29,10.29,0,30,30,0,0,0,1664.1084,1000,1000
141,30,5,"higher_gap_above_MTD",1,4,4,0.3,"one_stage",30,30,30,30,"CRM","previous_dose_additive","previous_dose",0.15,0.85,"previous_dose_additive",0.5,0.5,0.15,0.85,0.15,0.85,2,0.3,6,"continuous",0.0179,28,1,1,1,0,0,5,0.54,0.5,0.3629,0.481,0.3722,0.1399,NA,NA,27.6,13,4.284,4.284,0,30,30,0,0,0,1664.1084,1000,1000
142,31,6,"higher_gap_above_MTD",1,4,2,0.3,"one_stage",30,30,30,30,"CRM","previous_dose_additive","previous_dose",0.15,0.85,"previous_dose_additive",0.5,0.5,0.15,0.85,0.15,0.85,2,0.3,6,"continuous",0.0179,28,1,1,1,0,0,1,0.04,0.2,0.0598,0.2486,0.2306,0.1372,NA,NA,0,4.6,3.771,3.771,0,30,30,0,0,0,1664.1388,1000,1000
142,31,6,"higher_gap_above_MTD",1,4,2,0.3,"one_stage",30,30,30,30,"CRM","previous_dose_additive","previous_dose",0.15,0.85,"previous_dose_additive",0.5,0.5,0.15,0.85,0.15,0.85,2,0.3,6,"continuous",0.0179,28,1,1,1,0,0,2,0.06,0.5,0.0871,0.4122,0.3861,0.1372,NA,NA,25.6,34.7,11.526,11.526,0,30,30,0,0,0,1664.1388,1000,1000
142,31,6,"higher_gap_above_MTD",1,4,2,0.3,"one_stage",30,30,30,30,"CRM","previous_dose_additive","previous_dose",0.15,0.85,"previous_dose_additive",0.5,0.5,0.15,0.85,0.15,0.85,2,0.3,6,"continuous",0.0179,28,1,1,1,0,0,3,0.1,0.5,0.1513,0.4458,0.4004,0.1372,NA,NA,24.2,28.7,7.434,7.434,0,30,30,0,0,0,1664.1388,1000,1000
142,31,6,"higher_gap_above_MTD",1,4,2,0.3,"one_stage",30,30,30,30,"CRM","previous_dose_additive","previous_dose",0.15,0.85,"previous_dose_additive",0.5,0.5,0.15,0.85,0.15,0.85,2,0.3,6,"continuous",0.0179,28,1,1,1,0,0,4,0.2,0.5,0.1881,0.4814,0.425,0.1372,NA,NA,31.6,25.8,5.556,5.556,0,30,30,0,0,0,1664.1388,1000,1000
142,31,6,"higher_gap_above_MTD",1,4,2,0.3,"one_stage",30,30,30,30,"CRM","previous_dose_additive","previous_dose",0.15,0.85,"previous_dose_additive",0.5,0.5,0.15,0.85,0.15,0.85,2,0.3,6,"continuous",0.0179,28,1,1,1,0,0,5,0.6,0.5,0.2712,0.487,0.4057,0.1372,NA,NA,18.6,6.2,1.713,1.713,0,30,30,0,0,0,1664.1388,1000,1000
143,32,1,"higher_gap_below_MTD",1,4,3,0.3,"one_stage",30,30,30,30,"CRM","previous_dose_additive","previous_dose",0.15,0.85,"previous_dose_additive",0.5,0.5,0.15,0.85,0.15,0.85,2,0.3,6,"continuous",0.0179,28,1,1,1,0,0,1,0.02,0.08,0.075,0.1736,0.1511,0.1394,NA,NA,0,13.4,3.513,3.513,0,30,30,0,0,0,1664.135,1000,1000
143,32,1,"higher_gap_below_MTD",1,4,3,0.3,"one_stage",30,30,30,30,"CRM","previous_dose_additive","previous_dose",0.15,0.85,"previous_dose_additive",0.5,0.5,0.15,0.85,0.15,0.85,2,0.3,6,"continuous",0.0179,28,1,1,1,0,0,2,0.05,0.15,0.107,0.2002,0.1681,0.1394,NA,NA,0.4,15.3,4.431,4.431,0,30,30,0,0,0,1664.135,1000,1000
143,32,1,"higher_gap_below_MTD",1,4,3,0.3,"one_stage",30,30,30,30,"CRM","previous_dose_additive","previous_dose",0.15,0.85,"previous_dose_additive",0.5,0.5,0.15,0.85,0.15,0.85,2,0.3,6,"continuous",0.0179,28,1,1,1,0,0,3,0.11,0.3,0.18,0.2812,0.2272,0.1394,NA,NA,7.4,32.5,8.559,8.559,0,30,30,0,0,0,1664.135,1000,1000
143,32,1,"higher_gap_below_MTD",1,4,3,0.3,"one_stage",30,30,30,30,"CRM","previous_dose_additive","previous_dose",0.15,0.85,"previous_dose_additive",0.5,0.5,0.15,0.85,0.15,0.85,2,0.3,6,"continuous",0.0179,28,1,1,1,0,0,4,0.3,0.3,0.2207,0.2961,0.2298,0.1394,NA,NA,35.3,26.5,8.442,8.442,0,30,30,0,0,0,1664.135,1000,1000
143,32,1,"higher_gap_below_MTD",1,4,3,0.3,"one_stage",30,30,30,30,"CRM","previous_dose_additive","previous_dose",0.15,0.85,"previous_dose_additive",0.5,0.5,0.15,0.85,0.15,0.85,2,0.3,6,"continuous",0.0179,28,1,1,1,0,0,5,0.36,0.3,0.3104,0.3447,0.2516,0.1394,NA,NA,56.9,12.3,5.055,5.055,0,30,30,0,0,0,1664.135,1000,1000
144,33,2,"higher_gap_below_MTD",1,4,4,0.3,"one_stage",30,30,30,30,"CRM","previous_dose_additive","previous_dose",0.15,0.85,"previous_dose_additive",0.5,0.5,0.15,0.85,0.15,0.85,2,0.3,6,"continuous",0.0179,28,1,1,1,0,0,1,0.01,0.05,0.0843,0.1573,0.132,0.1373,NA,NA,0,8.9,3.339,3.339,0,30,30,0,0,0,1664.1077,1000,1000
144,33,2,"higher_gap_below_MTD",1,4,4,0.3,"one_stage",30,30,30,30,"CRM","previous_dose_additive","previous_dose",0.15,0.85,"previous_dose_additive",0.5,0.5,0.15,0.85,0.15,0.85,2,0.3,6,"continuous",0.0179,28,1,1,1,0,0,2,0.02,0.08,0.1188,0.1646,0.129,0.1373,NA,NA,0.2,5.8,3.738,3.738,0,30,30,0,0,0,1664.1077,1000,1000
144,33,2,"higher_gap_below_MTD",1,4,4,0.3,"one_stage",30,30,30,30,"CRM","previous_dose_additive","previous_dose",0.15,0.85,"previous_dose_additive",0.5,0.5,0.15,0.85,0.15,0.85,2,0.3,6,"continuous",0.0179,28,1,1,1,0,0,3,0.09,0.2,0.1958,0.2202,0.1615,0.1373,NA,NA,7.6,11.1,6.078,6.078,0,30,30,0,0,0,1664.1077,1000,1000
144,33,2,"higher_gap_below_MTD",1,4,4,0.3,"one_stage",30,30,30,30,"CRM","previous_dose_additive","previous_dose",0.15,0.85,"previous_dose_additive",0.5,0.5,0.15,0.85,0.15,0.85,2,0.3,6,"continuous",0.0179,28,1,1,1,0,0,4,0.32,0.4,0.2381,0.3628,0.2914,0.1373,NA,NA,45.7,45.5,10.563,10.563,0,30,30,0,0,0,1664.1077,1000,1000
144,33,2,"higher_gap_below_MTD",1,4,4,0.3,"one_stage",30,30,30,30,"CRM","previous_dose_additive","previous_dose",0.15,0.85,"previous_dose_additive",0.5,0.5,0.15,0.85,0.15,0.85,2,0.3,6,"continuous",0.0179,28,1,1,1,0,0,5,0.38,0.5,0.3299,0.4727,0.3738,0.1373,NA,NA,46.5,28.7,6.282,6.282,0,30,30,0,0,0,1664.1077,1000,1000
145,34,3,"higher_gap_below_MTD",1,3,3,0.3,"one_stage",30,30,30,30,"CRM","previous_dose_additive","previous_dose",0.15,0.85,"previous_dose_additive",0.5,0.5,0.15,0.85,0.15,0.85,2,0.3,6,"continuous",0.0179,28,1,1,1,0,0,1,0.05,0.05,0.1329,0.1358,0.0959,0.1374,NA,NA,0.4,14.6,5.193,5.193,0,29.979,29.979,0,0,0.4,1663.1058,1000,1000
145,34,3,"higher_gap_below_MTD",1,3,3,0.3,"one_stage",30,30,30,30,"CRM","previous_dose_additive","previous_dose",0.15,0.85,"previous_dose_additive",0.5,0.5,0.15,0.85,0.15,0.85,2,0.3,6,"continuous",0.0179,28,1,1,1,0,0,2,0.13,0.1,0.1766,0.1499,0.0969,0.1374,NA,NA,9.7,13.6,6.441,6.441,0,29.979,29.979,0,0,0.4,1663.1058,1000,1000
145,34,3,"higher_gap_below_MTD",1,3,3,0.3,"one_stage",30,30,30,30,"CRM","previous_dose_additive","previous_dose",0.15,0.85,"previous_dose_additive",0.5,0.5,0.15,0.85,0.15,0.85,2,0.3,6,"continuous",0.0179,28,1,1,1,0,0,3,0.3,0.3,0.2667,0.2903,0.2103,0.1374,NA,NA,38.5,44.9,9.654,9.654,0,29.979,29.979,0,0,0.4,1663.1058,1000,1000
145,34,3,"higher_gap_below_MTD",1,3,3,0.3,"one_stage",30,30,30,30,"CRM","previous_dose_additive","previous_dose",0.15,0.85,"previous_dose_additive",0.5,0.5,0.15,0.85,0.15,0.85,2,0.3,6,"continuous",0.0179,28,1,1,1,0,0,4,0.36,0.32,0.3132,0.357,0.263,0.1374,NA,NA,37.2,21.8,6.174,6.174,0,29.979,29.979,0,0,0.4,1663.1058,1000,1000
145,34,3,"higher_gap_below_MTD",1,3,3,0.3,"one_stage",30,30,30,30,"CRM","previous_dose_additive","previous_dose",0.15,0.85,"previous_dose_additive",0.5,0.5,0.15,0.85,0.15,0.85,2,0.3,6,"continuous",0.0179,28,1,1,1,0,0,5,0.42,0.35,0.4089,0.4372,0.3145,0.1374,NA,NA,14.2,4.7,2.517,2.517,0,29.979,29.979,0,0,0.4,1663.1058,1000,1000
146,35,4,"higher_gap_below_MTD",1,3,2,0.3,"one_stage",30,30,30,30,"CRM","previous_dose_additive","previous_dose",0.15,0.85,"previous_dose_additive",0.5,0.5,0.15,0.85,0.15,0.85,2,0.3,6,"continuous",0.0179,28,1,1,1,0,0,1,0.03,0.2,0.1144,0.2409,0.2066,0.1368,NA,NA,0,9.3,4.512,4.512,0,30,30,0,0,0,1664.1326,1000,1000
146,35,4,"higher_gap_below_MTD",1,3,2,0.3,"one_stage",30,30,30,30,"CRM","previous_dose_additive","previous_dose",0.15,0.85,"previous_dose_additive",0.5,0.5,0.15,0.85,0.15,0.85,2,0.3,6,"continuous",0.0179,28,1,1,1,0,0,2,0.09,0.45,0.1544,0.3879,0.3416,0.1368,NA,NA,20.9,42,11.526,11.526,0,30,30,0,0,0,1664.1326,1000,1000
146,35,4,"higher_gap_below_MTD",1,3,2,0.3,"one_stage",30,30,30,30,"CRM","previous_dose_additive","previous_dose",0.15,0.85,"previous_dose_additive",0.5,0.5,0.15,0.85,0.15,0.85,2,0.3,6,"continuous",0.0179,28,1,1,1,0,0,3,0.3,0.45,0.2389,0.4207,0.349,0.1368,NA,NA,43.3,30.8,8.37,8.37,0,30,30,0,0,0,1664.1326,1000,1000
146,35,4,"higher_gap_below_MTD",1,3,2,0.3,"one_stage",30,30,30,30,"CRM","previous_dose_additive","previous_dose",0.15,0.85,"previous_dose_additive",0.5,0.5,0.15,0.85,0.15,0.85,2,0.3,6,"continuous",0.0179,28,1,1,1,0,0,4,0.4,0.45,0.2835,0.4615,0.3765,0.1368,NA,NA,27.1,14.2,4.167,4.167,0,30,30,0,0,0,1664.1326,1000,1000
146,35,4,"higher_gap_below_MTD",1,3,2,0.3,"one_stage",30,30,30,30,"CRM","previous_dose_additive","previous_dose",0.15,0.85,"previous_dose_additive",0.5,0.5,0.15,0.85,0.15,0.85,2,0.3,6,"continuous",0.0179,28,1,1,1,0,0,5,0.45,0.45,0.3769,0.4859,0.3728,0.1368,NA,NA,8.7,3.7,1.425,1.425,0,30,30,0,0,0,1664.1326,1000,1000
147,36,5,"higher_gap_below_MTD",1,2,2,0.3,"one_stage",30,30,30,30,"CRM","previous_dose_additive","previous_dose",0.15,0.85,"previous_dose_additive",0.5,0.5,0.15,0.85,0.15,0.85,2,0.3,6,"continuous",0.0179,28,1,1,1,0,0,1,0.13,0.05,0.2,0.1096,0.0496,0.1368,NA,NA,13.9,20.9,8.904,8.904,0,29.31,29.31,0.2,0.3,7.7,1627.9912,1000,1000
147,36,5,"higher_gap_below_MTD",1,2,2,0.3,"one_stage",30,30,30,30,"CRM","previous_dose_additive","previous_dose",0.15,0.85,"previous_dose_additive",0.5,0.5,0.15,0.85,0.15,0.85,2,0.3,6,"continuous",0.0179,28,1,1,1,0,0,2,0.29,0.2,0.2509,0.214,0.1387,0.1368,NA,NA,39.8,48.4,10.524,10.524,0,29.31,29.31,0.2,0.3,7.7,1627.9912,1000,1000
147,36,5,"higher_gap_below_MTD",1,2,2,0.3,"one_stage",30,30,30,30,"CRM","previous_dose_additive","previous_dose",0.15,0.85,"previous_dose_additive",0.5,0.5,0.15,0.85,0.15,0.85,2,0.3,6,"continuous",0.0179,28,1,1,1,0,0,3,0.35,0.22,0.3488,0.296,0.1914,0.1368,NA,NA,28,14.5,5.463,5.463,0,29.31,29.31,0.2,0.3,7.7,1627.9912,1000,1000
147,36,5,"higher_gap_below_MTD",1,2,2,0.3,"one_stage",30,30,30,30,"CRM","previous_dose_additive","previous_dose",0.15,0.85,"previous_dose_additive",0.5,0.5,0.15,0.85,0.15,0.85,2,0.3,6,"continuous",0.0179,28,1,1,1,0,0,4,0.4,0.3,0.3965,0.4049,0.2859,0.1368,NA,NA,13.1,6.8,3.318,3.318,0,29.31,29.31,0.2,0.3,7.7,1627.9912,1000,1000
147,36,5,"higher_gap_below_MTD",1,2,2,0.3,"one_stage",30,30,30,30,"CRM","previous_dose_additive","previous_dose",0.15,0.85,"previous_dose_additive",0.5,0.5,0.15,0.85,0.15,0.85,2,0.3,6,"continuous",0.0179,28,1,1,1,0,0,5,0.43,0.35,0.4905,0.4678,0.3207,0.1368,NA,NA,5,1.7,1.101,1.101,0,29.31,29.31,0.2,0.3,7.7,1627.9912,1000,1000
148,37,6,"higher_gap_below_MTD",1,2,2,0.3,"one_stage",30,30,30,30,"CRM","previous_dose_additive","previous_dose",0.15,0.85,"previous_dose_additive",0.5,0.5,0.15,0.85,0.15,0.85,2,0.3,6,"continuous",0.0179,28,1,1,1,0,0,1,0.08,0.05,0.2023,0.1076,0.0469,0.1384,NA,NA,10.8,21,8.631,8.631,0,29.706,29.706,0,0.1,3.7,1648.1092,1000,1000
148,37,6,"higher_gap_below_MTD",1,2,2,0.3,"one_stage",30,30,30,30,"CRM","previous_dose_additive","previous_dose",0.15,0.85,"previous_dose_additive",0.5,0.5,0.15,0.85,0.15,0.85,2,0.3,6,"continuous",0.0179,28,1,1,1,0,0,2,0.3,0.2,0.2542,0.2094,0.1332,0.1384,NA,NA,45.1,56.4,11.805,11.805,0,29.706,29.706,0,0.1,3.7,1648.1092,1000,1000
148,37,6,"higher_gap_below_MTD",1,2,2,0.3,"one_stage",30,30,30,30,"CRM","previous_dose_additive","previous_dose",0.15,0.85,"previous_dose_additive",0.5,0.5,0.15,0.85,0.15,0.85,2,0.3,6,"continuous",0.0179,28,1,1,1,0,0,3,0.4,0.2,0.3534,0.2749,0.1689,0.1384,NA,NA,32.9,15.1,5.574,5.574,0,29.706,29.706,0,0.1,3.7,1648.1092,1000,1000
148,37,6,"higher_gap_below_MTD",1,2,2,0.3,"one_stage",30,30,30,30,"CRM","previous_dose_additive","previous_dose",0.15,0.85,"previous_dose_additive",0.5,0.5,0.15,0.85,0.15,0.85,2,0.3,6,"continuous",0.0179,28,1,1,1,0,0,4,0.45,0.2,0.4015,0.3652,0.2447,0.1384,NA,NA,8.8,3.1,2.877,2.877,0,29.706,29.706,0,0.1,3.7,1648.1092,1000,1000
148,37,6,"higher_gap_below_MTD",1,2,2,0.3,"one_stage",30,30,30,30,"CRM","previous_dose_additive","previous_dose",0.15,0.85,"previous_dose_additive",0.5,0.5,0.15,0.85,0.15,0.85,2,0.3,6,"continuous",0.0179,28,1,1,1,0,0,5,0.5,0.2,0.4961,0.4462,0.2973,0.1384,NA,NA,2.4,0.7,0.819,0.819,0,29.706,29.706,0,0.1,3.7,1648.1092,1000,1000
149,1,1,"base_example",1,1,1,0.3,"two_stage",30,30,6,30,"CRM","random_carryoever","random",0.15,0.85,"dose_specific_carryover",0.5,0.5,0.15,0.85,0.15,0.85,3,1,6,"continuous",0.0179,28,1,1,1,0,0,1,0.3,0.05,0.3287,0.0782,31.548,0.1378,NA,NA,60.1,31.7,15.447,15.447,0,22.581,22.581,13.3,13.7,58.2,1247.2345,1000,1000
149,1,1,"base_example",1,1,1,0.3,"two_stage",30,30,6,30,"CRM","random_carryoever","random",0.15,0.85,"dose_specific_carryover",0.5,0.5,0.15,0.85,0.15,0.85,3,1,6,"continuous",0.0179,28,1,1,1,0,0,2,0.35,0.06,0.3827,0.3166,43.6882,0.1378,NA,NA,16.2,9.2,3.846,3.846,0,22.581,22.581,13.3,13.7,58.2,1247.2345,1000,1000
149,1,1,"base_example",1,1,1,0.3,"two_stage",30,30,6,30,"CRM","random_carryoever","random",0.15,0.85,"dose_specific_carryover",0.5,0.5,0.15,0.85,0.15,0.85,3,1,6,"continuous",0.0179,28,1,1,1,0,0,3,0.4,0.07,0.4786,0.3829,43.8265,0.1378,NA,NA,6.7,0.5,2.142,2.142,0,22.581,22.581,13.3,13.7,58.2,1247.2345,1000,1000
149,1,1,"base_example",1,1,1,0.3,"two_stage",30,30,6,30,"CRM","random_carryoever","random",0.15,0.85,"dose_specific_carryover",0.5,0.5,0.15,0.85,0.15,0.85,3,1,6,"continuous",0.0179,28,1,1,1,0,0,4,0.45,0.08,0.5227,0.452,46.2131,0.1378,NA,NA,3.1,0.2,0.864,0.864,0,22.581,22.581,13.3,13.7,58.2,1247.2345,1000,1000
149,1,1,"base_example",1,1,1,0.3,"two_stage",30,30,6,30,"CRM","random_carryoever","random",0.15,0.85,"dose_specific_carryover",0.5,0.5,0.15,0.85,0.15,0.85,3,1,6,"continuous",0.0179,28,1,1,1,0,0,5,0.5,0.09,0.6057,0.4836,44.785,0.1378,NA,NA,0.6,0.2,0.282,0.282,0,22.581,22.581,13.3,13.7,58.2,1247.2345,1000,1000
150,2,2,"base_example",1,3,3,0.3,"two_stage",30,30,6,30,"CRM","random_carryoever","random",0.15,0.85,"dose_specific_carryover",0.5,0.5,0.15,0.85,0.15,0.85,3,1,6,"continuous",0.0179,28,1,1,1,0,0,1,0.15,0.2,0.1635,0.2265,47.0487,0.1393,NA,NA,22.3,38.8,11.457,11.457,0,29.718,29.718,0.5,0.5,1.8,1648.6421,1000,1000
150,2,2,"base_example",1,3,3,0.3,"two_stage",30,30,6,30,"CRM","random_carryoever","random",0.15,0.85,"dose_specific_carryover",0.5,0.5,0.15,0.85,0.15,0.85,3,1,6,"continuous",0.0179,28,1,1,1,0,0,2,0.2,0.25,0.2105,0.3145,50.4517,0.1393,NA,NA,19.3,17,5.316,5.316,0,29.718,29.718,0.5,0.5,1.8,1648.6421,1000,1000
150,2,2,"base_example",1,3,3,0.3,"two_stage",30,30,6,30,"CRM","random_carryoever","random",0.15,0.85,"dose_specific_carryover",0.5,0.5,0.15,0.85,0.15,0.85,3,1,6,"continuous",0.0179,28,1,1,1,0,0,3,0.3,0.5,0.3042,0.4787,56.5581,0.1393,NA,NA,30.5,31.4,7.185,7.185,0,29.718,29.718,0.5,0.5,1.8,1648.6421,1000,1000
150,2,2,"base_example",1,3,3,0.3,"two_stage",30,30,6,30,"CRM","random_carryoever","random",0.15,0.85,"dose_specific_carryover",0.5,0.5,0.15,0.85,0.15,0.85,3,1,6,"continuous",0.0179,28,1,1,1,0,0,4,0.35,0.5,0.3512,0.4877,55.2152,0.1393,NA,NA,17.8,8.6,3.861,3.861,0,29.718,29.718,0.5,0.5,1.8,1648.6421,1000,1000
150,2,2,"base_example",1,3,3,0.3,"two_stage",30,30,6,30,"CRM","random_carryoever","random",0.15,0.85,"dose_specific_carryover",0.5,0.5,0.15,0.85,0.15,0.85,3,1,6,"continuous",0.0179,28,1,1,1,0,0,5,0.45,0.5,0.4463,0.5005,52.1775,0.1393,NA,NA,9.6,2.4,1.899,1.899,0,29.718,29.718,0.5,0.5,1.8,1648.6421,1000,1000
151,3,3,"base_example",1,3,2,0.3,"two_stage",30,30,6,30,"CRM","random_carryoever","random",0.15,0.85,"dose_specific_carryover",0.5,0.5,0.15,0.85,0.15,0.85,3,1,6,"continuous",0.0179,28,1,1,1,0,0,1,0.15,0.1,0.1659,0.1563,42.743,0.1394,NA,NA,22.5,19.6,9.702,9.702,0,28.884,28.884,0.5,0.5,10.2,1603.4135,1000,1000
151,3,3,"base_example",1,3,2,0.3,"two_stage",30,30,6,30,"CRM","random_carryoever","random",0.15,0.85,"dose_specific_carryover",0.5,0.5,0.15,0.85,0.15,0.85,3,1,6,"continuous",0.0179,28,1,1,1,0,0,2,0.2,0.4,0.213,0.3966,55.2781,0.1394,NA,NA,19.2,42.5,7.638,7.638,0,28.884,28.884,0.5,0.5,10.2,1603.4135,1000,1000
151,3,3,"base_example",1,3,2,0.3,"two_stage",30,30,6,30,"CRM","random_carryoever","random",0.15,0.85,"dose_specific_carryover",0.5,0.5,0.15,0.85,0.15,0.85,3,1,6,"continuous",0.0179,28,1,1,1,0,0,3,0.3,0.4,0.3066,0.4185,52.849,0.1394,NA,NA,29.7,19.2,6.186,6.186,0,28.884,28.884,0.5,0.5,10.2,1603.4135,1000,1000
151,3,3,"base_example",1,3,2,0.3,"two_stage",30,30,6,30,"CRM","random_carryoever","random",0.15,0.85,"dose_specific_carryover",0.5,0.5,0.15,0.85,0.15,0.85,3,1,6,"continuous",0.0179,28,1,1,1,0,0,4,0.35,0.4,0.3536,0.4508,52.9036,0.1394,NA,NA,18.5,6.6,3.615,3.615,0,28.884,28.884,0.5,0.5,10.2,1603.4135,1000,1000
151,3,3,"base_example",1,3,2,0.3,"two_stage",30,30,6,30,"CRM","random_carryoever","random",0.15,0.85,"dose_specific_carryover",0.5,0.5,0.15,0.85,0.15,0.85,3,1,6,"continuous",0.0179,28,1,1,1,0,0,5,0.45,0.4,0.4484,0.4761,50.6285,0.1394,NA,NA,9.6,1.9,1.743,1.743,0,28.884,28.884,0.5,0.5,10.2,1603.4135,1000,1000
152,4,4,"base_example",1,4,4,0.3,"two_stage",30,30,6,30,"CRM","random_carryoever","random",0.15,0.85,"dose_specific_carryover",0.5,0.5,0.15,0.85,0.15,0.85,3,1,6,"continuous",0.0179,28,1,1,1,0,0,1,0.05,0.05,0.1015,0.1427,44.5027,0.1386,NA,NA,2,11.8,4.605,4.605,0,29.73,29.73,0,0,1.9,1648.5233,1000,1000
152,4,4,"base_example",1,4,4,0.3,"two_stage",30,30,6,30,"CRM","random_carryoever","random",0.15,0.85,"dose_specific_carryover",0.5,0.5,0.15,0.85,0.15,0.85,3,1,6,"continuous",0.0179,28,1,1,1,0,0,2,0.1,0.1,0.1396,0.1814,45.3023,0.1386,NA,NA,2.8,9.7,4.353,4.353,0,29.73,29.73,0,0,1.9,1648.5233,1000,1000
152,4,4,"base_example",1,4,4,0.3,"two_stage",30,30,6,30,"CRM","random_carryoever","random",0.15,0.85,"dose_specific_carryover",0.5,0.5,0.15,0.85,0.15,0.85,3,1,6,"continuous",0.0179,28,1,1,1,0,0,3,0.18,0.25,0.2219,0.2726,47.4776,0.1386,NA,NA,21.5,19.4,6.639,6.639,0,29.73,29.73,0,0,1.9,1648.5233,1000,1000
152,4,4,"base_example",1,4,4,0.3,"two_stage",30,30,6,30,"CRM","random_carryoever","random",0.15,0.85,"dose_specific_carryover",0.5,0.5,0.15,0.85,0.15,0.85,3,1,6,"continuous",0.0179,28,1,1,1,0,0,4,0.3,0.5,0.266,0.4763,57.9348,0.1386,NA,NA,40.1,42.5,8.172,8.172,0,29.73,29.73,0,0,1.9,1648.5233,1000,1000
152,4,4,"base_example",1,4,4,0.3,"two_stage",30,30,6,30,"CRM","random_carryoever","random",0.15,0.85,"dose_specific_carryover",0.5,0.5,0.15,0.85,0.15,0.85,3,1,6,"continuous",0.0179,28,1,1,1,0,0,5,0.4,0.55,0.3599,0.5119,56.3178,0.1386,NA,NA,33.6,14.7,5.961,5.961,0,29.73,29.73,0,0,1.9,1648.5233,1000,1000
153,5,5,"base_example",1,5,2,0.3,"two_stage",30,30,6,30,"CRM","random_carryoever","random",0.15,0.85,"dose_specific_carryover",0.5,0.5,0.15,0.85,0.15,0.85,3,1,6,"continuous",0.0179,28,1,1,1,0,0,1,0.07,0.05,0.0856,0.1373,44.8178,0.1384,NA,NA,5.4,7.6,4.977,4.977,0,29.415,29.415,0.1,0.1,4.3,1631.3603,1000,1000
153,5,5,"base_example",1,5,2,0.3,"two_stage",30,30,6,30,"CRM","random_carryoever","random",0.15,0.85,"dose_specific_carryover",0.5,0.5,0.15,0.85,0.15,0.85,3,1,6,"continuous",0.0179,28,1,1,1,0,0,2,0.12,0.3,0.1192,0.2989,53.1668,0.1384,NA,NA,3.5,42.3,6.597,6.597,0,29.415,29.415,0.1,0.1,4.3,1631.3603,1000,1000
153,5,5,"base_example",1,5,2,0.3,"two_stage",30,30,6,30,"CRM","random_carryoever","random",0.15,0.85,"dose_specific_carryover",0.5,0.5,0.15,0.85,0.15,0.85,3,1,6,"continuous",0.0179,28,1,1,1,0,0,3,0.17,0.3,0.1942,0.3062,50.607,0.1384,NA,NA,13.3,23.7,6.57,6.57,0,29.415,29.415,0.1,0.1,4.3,1631.3603,1000,1000
153,5,5,"base_example",1,5,2,0.3,"two_stage",30,30,6,30,"CRM","random_carryoever","random",0.15,0.85,"dose_specific_carryover",0.5,0.5,0.15,0.85,0.15,0.85,3,1,6,"continuous",0.0179,28,1,1,1,0,0,4,0.22,0.3,0.2355,0.3346,50.6576,0.1384,NA,NA,23.8,15.5,5.916,5.916,0,29.415,29.415,0.1,0.1,4.3,1631.3603,1000,1000
153,5,5,"base_example",1,5,2,0.3,"two_stage",30,30,6,30,"CRM","random_carryoever","random",0.15,0.85,"dose_specific_carryover",0.5,0.5,0.15,0.85,0.15,0.85,3,1,6,"continuous",0.0179,28,1,1,1,0,0,5,0.3,0.3,0.3254,0.3734,49.3889,0.1384,NA,NA,53.9,6.6,5.355,5.355,0,29.415,29.415,0.1,0.1,4.3,1631.3603,1000,1000
154,6,1,"five_scenarios_txt",1,1,1,0.3,"two_stage",30,30,6,30,"CRM","random_carryoever","random",0.15,0.85,"dose_specific_carryover",0.5,0.5,0.15,0.85,0.15,0.85,3,1,6,"continuous",0.0179,28,1,1,1,0,0,1,0.29,0.3,0.3103,0.3056,45.924,0.1385,NA,NA,56,69.1,19.488,19.488,0,27.516,27.516,13,13.2,13.6,1529.1045,1000,1000
154,6,1,"five_scenarios_txt",1,1,1,0.3,"two_stage",30,30,6,30,"CRM","random_carryoever","random",0.15,0.85,"dose_specific_carryover",0.5,0.5,0.15,0.85,0.15,0.85,3,1,6,"continuous",0.0179,28,1,1,1,0,0,2,0.34,0.32,0.3644,0.4121,50.1466,0.1385,NA,NA,18.1,12.9,4.05,4.05,0,27.516,27.516,13,13.2,13.6,1529.1045,1000,1000
154,6,1,"five_scenarios_txt",1,1,1,0.3,"two_stage",30,30,6,30,"CRM","random_carryoever","random",0.15,0.85,"dose_specific_carryover",0.5,0.5,0.15,0.85,0.15,0.85,3,1,6,"continuous",0.0179,28,1,1,1,0,0,3,0.38,0.35,0.4615,0.4497,48.5217,0.1385,NA,NA,8.5,3.3,2.547,2.547,0,27.516,27.516,13,13.2,13.6,1529.1045,1000,1000
154,6,1,"five_scenarios_txt",1,1,1,0.3,"two_stage",30,30,6,30,"CRM","random_carryoever","random",0.15,0.85,"dose_specific_carryover",0.5,0.5,0.15,0.85,0.15,0.85,3,1,6,"continuous",0.0179,28,1,1,1,0,0,4,0.43,0.38,0.5064,0.4815,48.6307,0.1385,NA,NA,3.6,0.7,1.071,1.071,0,27.516,27.516,13,13.2,13.6,1529.1045,1000,1000
154,6,1,"five_scenarios_txt",1,1,1,0.3,"two_stage",30,30,6,30,"CRM","random_carryoever","random",0.15,0.85,"dose_specific_carryover",0.5,0.5,0.15,0.85,0.15,0.85,3,1,6,"continuous",0.0179,28,1,1,1,0,0,5,0.52,0.4,0.5914,0.4952,46.0566,0.1385,NA,NA,0.8,0.4,0.36,0.36,0,27.516,27.516,13,13.2,13.6,1529.1045,1000,1000
155,7,2,"five_scenarios_txt",1,4,2,0.3,"two_stage",30,30,6,30,"CRM","random_carryoever","random",0.15,0.85,"dose_specific_carryover",0.5,0.5,0.15,0.85,0.15,0.85,3,1,6,"continuous",0.0179,28,1,1,1,0,0,1,0.16,0.2,0.1547,0.237,48.0341,0.1376,NA,NA,22.9,28.9,10.758,10.758,0,29.643,29.643,0.7,0.7,2.2,1644.4307,1000,1000
155,7,2,"five_scenarios_txt",1,4,2,0.3,"two_stage",30,30,6,30,"CRM","random_carryoever","random",0.15,0.85,"dose_specific_carryover",0.5,0.5,0.15,0.85,0.15,0.85,3,1,6,"continuous",0.0179,28,1,1,1,0,0,2,0.2,0.5,0.1997,0.4707,60.2549,0.1376,NA,NA,15.7,40.5,7.239,7.239,0,29.643,29.643,0.7,0.7,2.2,1644.4307,1000,1000
155,7,2,"five_scenarios_txt",1,4,2,0.3,"two_stage",30,30,6,30,"CRM","random_carryoever","random",0.15,0.85,"dose_specific_carryover",0.5,0.5,0.15,0.85,0.15,0.85,3,1,6,"continuous",0.0179,28,1,1,1,0,0,3,0.26,0.5,0.2907,0.4764,56.9574,0.1376,NA,NA,23.3,18.4,5.619,5.619,0,29.643,29.643,0.7,0.7,2.2,1644.4307,1000,1000
155,7,2,"five_scenarios_txt",1,4,2,0.3,"two_stage",30,30,6,30,"CRM","random_carryoever","random",0.15,0.85,"dose_specific_carryover",0.5,0.5,0.15,0.85,0.15,0.85,3,1,6,"continuous",0.0179,28,1,1,1,0,0,4,0.31,0.5,0.3369,0.4823,55.4608,0.1376,NA,NA,21,8,3.735,3.735,0,29.643,29.643,0.7,0.7,2.2,1644.4307,1000,1000
155,7,2,"five_scenarios_txt",1,4,2,0.3,"two_stage",30,30,6,30,"CRM","random_carryoever","random",0.15,0.85,"dose_specific_carryover",0.5,0.5,0.15,0.85,0.15,0.85,3,1,6,"continuous",0.0179,28,1,1,1,0,0,5,0.36,0.5,0.431,0.4904,52.1791,0.1376,NA,NA,16.4,2,2.292,2.292,0,29.643,29.643,0.7,0.7,2.2,1644.4307,1000,1000
156,8,3,"five_scenarios_txt",1,1,1,0.3,"two_stage",30,30,6,30,"CRM","random_carryoever","random",0.15,0.85,"dose_specific_carryover",0.5,0.5,0.15,0.85,0.15,0.85,3,1,6,"continuous",0.0179,28,1,1,1,0,0,1,0.32,0.1,0.3502,0.1191,33.1401,0.1357,NA,NA,62.7,44.8,17.376,17.376,0,23.964,23.964,17.7,18,44.6,1325.2041,1000,1000
156,8,3,"five_scenarios_txt",1,1,1,0.3,"two_stage",30,30,6,30,"CRM","random_carryoever","random",0.15,0.85,"dose_specific_carryover",0.5,0.5,0.15,0.85,0.15,0.85,3,1,6,"continuous",0.0179,28,1,1,1,0,0,2,0.37,0.15,0.4045,0.3685,45.9338,0.1357,NA,NA,12.3,7.9,3.738,3.738,0,23.964,23.964,17.7,18,44.6,1325.2041,1000,1000
156,8,3,"five_scenarios_txt",1,1,1,0.3,"two_stage",30,30,6,30,"CRM","random_carryoever","random",0.15,0.85,"dose_specific_carryover",0.5,0.5,0.15,0.85,0.15,0.85,3,1,6,"continuous",0.0179,28,1,1,1,0,0,3,0.42,0.2,0.4998,0.4269,45.6188,0.1357,NA,NA,5.2,1.6,1.884,1.884,0,23.964,23.964,17.7,18,44.6,1325.2041,1000,1000
156,8,3,"five_scenarios_txt",1,1,1,0.3,"two_stage",30,30,6,30,"CRM","random_carryoever","random",0.15,0.85,"dose_specific_carryover",0.5,0.5,0.15,0.85,0.15,0.85,3,1,6,"continuous",0.0179,28,1,1,1,0,0,4,0.48,0.3,0.5432,0.4819,47.1845,0.1357,NA,NA,1.6,0.8,0.741,0.741,0,23.964,23.964,17.7,18,44.6,1325.2041,1000,1000
156,8,3,"five_scenarios_txt",1,1,1,0.3,"two_stage",30,30,6,30,"CRM","random_carryoever","random",0.15,0.85,"dose_specific_carryover",0.5,0.5,0.15,0.85,0.15,0.85,3,1,6,"continuous",0.0179,28,1,1,1,0,0,5,0.52,0.4,0.6243,0.4966,44.8285,0.1357,NA,NA,0.5,0.3,0.225,0.225,0,23.964,23.964,17.7,18,44.6,1325.2041,1000,1000
157,9,4,"five_scenarios_txt",1,5,5,0.3,"two_stage",30,30,6,30,"CRM","random_carryoever","random",0.15,0.85,"dose_specific_carryover",0.5,0.5,0.15,0.85,0.15,0.85,3,1,6,"continuous",0.0179,28,1,1,1,0,0,1,0.15,0.05,0.1355,0.115,41.4782,0.1358,NA,NA,22.1,20.1,8.898,8.898,0,27.723,27.723,0.5,0.5,19.3,1540.6805,1000,1000
157,9,4,"five_scenarios_txt",1,5,5,0.3,"two_stage",30,30,6,30,"CRM","random_carryoever","random",0.15,0.85,"dose_specific_carryover",0.5,0.5,0.15,0.85,0.15,0.85,3,1,6,"continuous",0.0179,28,1,1,1,0,0,2,0.18,0.08,0.1763,0.2152,45.8607,0.1358,NA,NA,9.9,11.9,4.413,4.413,0,27.723,27.723,0.5,0.5,19.3,1540.6805,1000,1000
157,9,4,"five_scenarios_txt",1,5,5,0.3,"two_stage",30,30,6,30,"CRM","random_carryoever","random",0.15,0.85,"dose_specific_carryover",0.5,0.5,0.15,0.85,0.15,0.85,3,1,6,"continuous",0.0179,28,1,1,1,0,0,3,0.22,0.2,0.2608,0.2959,47.3211,0.1358,NA,NA,17.7,16.7,5.514,5.514,0,27.723,27.723,0.5,0.5,19.3,1540.6805,1000,1000
157,9,4,"five_scenarios_txt",1,5,5,0.3,"two_stage",30,30,6,30,"CRM","random_carryoever","random",0.15,0.85,"dose_specific_carryover",0.5,0.5,0.15,0.85,0.15,0.85,3,1,6,"continuous",0.0179,28,1,1,1,0,0,4,0.26,0.25,0.3048,0.367,49.8264,0.1358,NA,NA,18.1,11.7,4.098,4.098,0,27.723,27.723,0.5,0.5,19.3,1540.6805,1000,1000
157,9,4,"five_scenarios_txt",1,5,5,0.3,"two_stage",30,30,6,30,"CRM","random_carryoever","random",0.15,0.85,"dose_specific_carryover",0.5,0.5,0.15,0.85,0.15,0.85,3,1,6,"continuous",0.0179,28,1,1,1,0,0,5,0.29,0.5,0.3965,0.4893,53.5008,0.1358,NA,NA,31.7,20.3,4.8,4.8,0,27.723,27.723,0.5,0.5,19.3,1540.6805,1000,1000
158,10,5,"five_scenarios_txt",1,2,2,0.3,"two_stage",30,30,6,30,"CRM","random_carryoever","random",0.15,0.85,"dose_specific_carryover",0.5,0.5,0.15,0.85,0.15,0.85,3,1,6,"continuous",0.0179,28,1,1,1,0,0,1,0.23,0.05,0.2422,0.1037,36.5345,0.1377,NA,NA,44.8,12.7,11.826,11.826,0,25.023,25.023,4.4,4.4,39.7,1386.2204,1000,1000
158,10,5,"five_scenarios_txt",1,2,2,0.3,"two_stage",30,30,6,30,"CRM","random_carryoever","random",0.15,0.85,"dose_specific_carryover",0.5,0.5,0.15,0.85,0.15,0.85,3,1,6,"continuous",0.0179,28,1,1,1,0,0,2,0.28,0.4,0.2936,0.4289,53.9886,0.1377,NA,NA,20.5,31.3,5.967,5.967,0,25.023,25.023,4.4,4.4,39.7,1386.2204,1000,1000
158,10,5,"five_scenarios_txt",1,2,2,0.3,"two_stage",30,30,6,30,"CRM","random_carryoever","random",0.15,0.85,"dose_specific_carryover",0.5,0.5,0.15,0.85,0.15,0.85,3,1,6,"continuous",0.0179,28,1,1,1,0,0,3,0.32,0.42,0.3901,0.4602,52.0093,0.1377,NA,NA,16.4,12,4.119,4.119,0,25.023,25.023,4.4,4.4,39.7,1386.2204,1000,1000
158,10,5,"five_scenarios_txt",1,2,2,0.3,"two_stage",30,30,6,30,"CRM","random_carryoever","random",0.15,0.85,"dose_specific_carryover",0.5,0.5,0.15,0.85,0.15,0.85,3,1,6,"continuous",0.0179,28,1,1,1,0,0,4,0.39,0.45,0.4363,0.4772,51.1792,0.1377,NA,NA,9.4,2.8,2.109,2.109,0,25.023,25.023,4.4,4.4,39.7,1386.2204,1000,1000
158,10,5,"five_scenarios_txt",1,2,2,0.3,"two_stage",30,30,6,30,"CRM","random_carryoever","random",0.15,0.85,"dose_specific_carryover",0.5,0.5,0.15,0.85,0.15,0.85,3,1,6,"continuous",0.0179,28,1,1,1,0,0,5,0.43,0.5,0.5263,0.4962,48.7187,0.1377,NA,NA,4.5,1.5,1.002,1.002,0,25.023,25.023,4.4,4.4,39.7,1386.2204,1000,1000
159,11,1,"five_scenarios_txt",1,2,1,0.3,"two_stage",30,30,6,30,"CRM","random_carryoever","random",0.15,0.85,"dose_specific_carryover",0.5,0.5,0.15,0.85,0.15,0.85,3,1,6,"continuous",0.0179,28,1,1,1,0,0,1,0.22,0.2,0.2573,0.2059,42.061,0.138,NA,NA,47.6,69.4,18.42,18.42,0,28.917,28.917,4,4.1,7.2,1605.0968,1000,1000
159,11,1,"five_scenarios_txt",1,2,1,0.3,"two_stage",30,30,6,30,"CRM","random_carryoever","random",0.15,0.85,"dose_specific_carryover",0.5,0.5,0.15,0.85,0.15,0.85,3,1,6,"continuous",0.0179,28,1,1,1,0,0,2,0.32,0.2,0.3117,0.3224,46.8791,0.138,NA,NA,33.4,20,5.859,5.859,0,28.917,28.917,4,4.1,7.2,1605.0968,1000,1000
159,11,1,"five_scenarios_txt",1,2,1,0.3,"two_stage",30,30,6,30,"CRM","random_carryoever","random",0.15,0.85,"dose_specific_carryover",0.5,0.5,0.15,0.85,0.15,0.85,3,1,6,"continuous",0.0179,28,1,1,1,0,0,3,0.44,0.2,0.4119,0.3771,46.1492,0.138,NA,NA,12.9,2.8,3.552,3.552,0,28.917,28.917,4,4.1,7.2,1605.0968,1000,1000
159,11,1,"five_scenarios_txt",1,2,1,0.3,"two_stage",30,30,6,30,"CRM","random_carryoever","random",0.15,0.85,"dose_specific_carryover",0.5,0.5,0.15,0.85,0.15,0.85,3,1,6,"continuous",0.0179,28,1,1,1,0,0,4,0.59,0.2,0.4591,0.4553,48.9522,0.138,NA,NA,2.1,0.6,0.969,0.969,0,28.917,28.917,4,4.1,7.2,1605.0968,1000,1000
159,11,1,"five_scenarios_txt",1,2,1,0.3,"two_stage",30,30,6,30,"CRM","random_carryoever","random",0.15,0.85,"dose_specific_carryover",0.5,0.5,0.15,0.85,0.15,0.85,3,1,6,"continuous",0.0179,28,1,1,1,0,0,5,0.67,0.2,0.5496,0.4934,47.621,0.138,NA,NA,0,0,0.117,0.117,0,28.917,28.917,4,4.1,7.2,1605.0968,1000,1000
160,12,2,"five_scenarios_txt",3,4,4,0.3,"two_stage",30,30,6,30,"CRM","random_carryoever","random",0.15,0.85,"dose_specific_carryover",0.5,0.5,0.15,0.85,0.15,0.85,3,1,6,"continuous",0.0179,28,1,1,1,0,0,1,0.06,0.05,0.1056,0.1387,44.0999,0.1383,NA,NA,3.6,22,5.067,5.067,0,29.55,29.55,0.1,0.1,3.2,1638.3964,1000,1000
160,12,2,"five_scenarios_txt",3,4,4,0.3,"two_stage",30,30,6,30,"CRM","random_carryoever","random",0.15,0.85,"dose_specific_carryover",0.5,0.5,0.15,0.85,0.15,0.85,3,1,6,"continuous",0.0179,28,1,1,1,0,0,2,0.09,0.1,0.1445,0.1809,45.0744,0.1383,NA,NA,2.7,13.7,4.749,4.749,0,29.55,29.55,0.1,0.1,3.2,1638.3964,1000,1000
160,12,2,"five_scenarios_txt",3,4,4,0.3,"two_stage",30,30,6,30,"CRM","random_carryoever","random",0.15,0.85,"dose_specific_carryover",0.5,0.5,0.15,0.85,0.15,0.85,3,1,6,"continuous",0.0179,28,1,1,1,0,0,3,0.18,0.12,0.2281,0.1878,42.1456,0.1383,NA,NA,22,6.9,5.37,5.37,0,29.55,29.55,0.1,0.1,3.2,1638.3964,1000,1000
160,12,2,"five_scenarios_txt",3,4,4,0.3,"two_stage",30,30,6,30,"CRM","random_carryoever","random",0.15,0.85,"dose_specific_carryover",0.5,0.5,0.15,0.85,0.15,0.85,3,1,6,"continuous",0.0179,28,1,1,1,0,0,4,0.29,0.4,0.2727,0.4053,53.4092,0.1383,NA,NA,42.9,34.6,7.575,7.575,0,29.55,29.55,0.1,0.1,3.2,1638.3964,1000,1000
160,12,2,"five_scenarios_txt",3,4,4,0.3,"two_stage",30,30,6,30,"CRM","random_carryoever","random",0.15,0.85,"dose_specific_carryover",0.5,0.5,0.15,0.85,0.15,0.85,3,1,6,"continuous",0.0179,28,1,1,1,0,0,5,0.44,0.6,0.3671,0.5469,58.1341,0.1383,NA,NA,28.7,19.6,6.789,6.789,0,29.55,29.55,0.1,0.1,3.2,1638.3964,1000,1000
161,13,3,"five_scenarios_txt",1,3,3,0.3,"two_stage",30,30,6,30,"CRM","random_carryoever","random",0.15,0.85,"dose_specific_carryover",0.5,0.5,0.15,0.85,0.15,0.85,3,1,6,"continuous",0.0179,28,1,1,1,0,0,1,0.21,0.05,0.2266,0.1037,37.1582,0.1369,NA,NA,41.3,14.6,11.424,11.424,0,25.656,25.656,2.9,2.9,35,1421.3271,1000,1000
161,13,3,"five_scenarios_txt",1,3,3,0.3,"two_stage",30,30,6,30,"CRM","random_carryoever","random",0.15,0.85,"dose_specific_carryover",0.5,0.5,0.15,0.85,0.15,0.85,3,1,6,"continuous",0.0179,28,1,1,1,0,0,2,0.29,0.3,0.2776,0.3681,50.9791,0.1369,NA,NA,21.7,32.5,6.327,6.327,0,25.656,25.656,2.9,2.9,35,1421.3271,1000,1000
161,13,3,"five_scenarios_txt",1,3,3,0.3,"two_stage",30,30,6,30,"CRM","random_carryoever","random",0.15,0.85,"dose_specific_carryover",0.5,0.5,0.15,0.85,0.15,0.85,3,1,6,"continuous",0.0179,28,1,1,1,0,0,3,0.3,0.32,0.3742,0.4169,50.0453,0.1369,NA,NA,19,12.5,4.494,4.494,0,25.656,25.656,2.9,2.9,35,1421.3271,1000,1000
161,13,3,"five_scenarios_txt",1,3,3,0.3,"two_stage",30,30,6,30,"CRM","random_carryoever","random",0.15,0.85,"dose_specific_carryover",0.5,0.5,0.15,0.85,0.15,0.85,3,1,6,"continuous",0.0179,28,1,1,1,0,0,4,0.39,0.35,0.4208,0.4503,50.1832,0.1369,NA,NA,10.8,4,2.334,2.334,0,25.656,25.656,2.9,2.9,35,1421.3271,1000,1000
161,13,3,"five_scenarios_txt",1,3,3,0.3,"two_stage",30,30,6,30,"CRM","random_carryoever","random",0.15,0.85,"dose_specific_carryover",0.5,0.5,0.15,0.85,0.15,0.85,3,1,6,"continuous",0.0179,28,1,1,1,0,0,5,0.46,0.4,0.5122,0.4859,48.6664,0.1369,NA,NA,4.3,1.4,1.077,1.077,0,25.656,25.656,2.9,2.9,35,1421.3271,1000,1000
162,14,4,"five_scenarios_txt",1,4,4,0.3,"two_stage",30,30,6,30,"CRM","random_carryoever","random",0.15,0.85,"dose_specific_carryover",0.5,0.5,0.15,0.85,0.15,0.85,3,1,6,"continuous",0.0179,28,1,1,1,0,0,1,0.09,0.05,0.1176,0.1242,42.7486,0.1384,NA,NA,8.8,31.7,6.774,6.774,0,29.064,29.064,0.2,0.2,7.5,1614.0618,1000,1000
162,14,4,"five_scenarios_txt",1,4,4,0.3,"two_stage",30,30,6,30,"CRM","random_carryoever","random",0.15,0.85,"dose_specific_carryover",0.5,0.5,0.15,0.85,0.15,0.85,3,1,6,"continuous",0.0179,28,1,1,1,0,0,2,0.15,0.08,0.1579,0.1714,43.9667,0.1384,NA,NA,7.4,17.4,5.49,5.49,0,29.064,29.064,0.2,0.2,7.5,1614.0618,1000,1000
162,14,4,"five_scenarios_txt",1,4,4,0.3,"two_stage",30,30,6,30,"CRM","random_carryoever","random",0.15,0.85,"dose_specific_carryover",0.5,0.5,0.15,0.85,0.15,0.85,3,1,6,"continuous",0.0179,28,1,1,1,0,0,3,0.23,0.12,0.2431,0.2015,42.3681,0.1384,NA,NA,25,8.5,5.847,5.847,0,29.064,29.064,0.2,0.2,7.5,1614.0618,1000,1000
162,14,4,"five_scenarios_txt",1,4,4,0.3,"two_stage",30,30,6,30,"CRM","random_carryoever","random",0.15,0.85,"dose_specific_carryover",0.5,0.5,0.15,0.85,0.15,0.85,3,1,6,"continuous",0.0179,28,1,1,1,0,0,4,0.28,0.3,0.2879,0.3606,50.1215,0.1384,NA,NA,31.4,24.3,6.231,6.231,0,29.064,29.064,0.2,0.2,7.5,1614.0618,1000,1000
162,14,4,"five_scenarios_txt",1,4,4,0.3,"two_stage",30,30,6,30,"CRM","random_carryoever","random",0.15,0.85,"dose_specific_carryover",0.5,0.5,0.15,0.85,0.15,0.85,3,1,6,"continuous",0.0179,28,1,1,1,0,0,5,0.39,0.4,0.3819,0.4469,51.539,0.1384,NA,NA,27.2,10.6,4.722,4.722,0,29.064,29.064,0.2,0.2,7.5,1614.0618,1000,1000
163,15,5,"five_scenarios_txt",1,3,1,0.3,"two_stage",30,30,6,30,"CRM","random_carryoever","random",0.15,0.85,"dose_specific_carryover",0.5,0.5,0.15,0.85,0.15,0.85,3,1,6,"continuous",0.0179,28,1,1,1,0,0,1,0.13,0.1,0.1625,0.1305,41.3315,0.1381,NA,NA,17,63.9,11.73,11.73,0,29.112,29.112,0.4,0.4,7.4,1615.751,1000,1000
163,15,5,"five_scenarios_txt",1,3,1,0.3,"two_stage",30,30,6,30,"CRM","random_carryoever","random",0.15,0.85,"dose_specific_carryover",0.5,0.5,0.15,0.85,0.15,0.85,3,1,6,"continuous",0.0179,28,1,1,1,0,0,2,0.2,0.1,0.2096,0.1857,42.762,0.1381,NA,NA,21.5,22,6.798,6.798,0,29.112,29.112,0.4,0.4,7.4,1615.751,1000,1000
163,15,5,"five_scenarios_txt",1,3,1,0.3,"two_stage",30,30,6,30,"CRM","random_carryoever","random",0.15,0.85,"dose_specific_carryover",0.5,0.5,0.15,0.85,0.15,0.85,3,1,6,"continuous",0.0179,28,1,1,1,0,0,3,0.32,0.1,0.3034,0.2243,41.3237,0.1381,NA,NA,34.5,4.9,5.916,5.916,0,29.112,29.112,0.4,0.4,7.4,1615.751,1000,1000
163,15,5,"five_scenarios_txt",1,3,1,0.3,"two_stage",30,30,6,30,"CRM","random_carryoever","random",0.15,0.85,"dose_specific_carryover",0.5,0.5,0.15,0.85,0.15,0.85,3,1,6,"continuous",0.0179,28,1,1,1,0,0,4,0.39,0.1,0.3506,0.3251,45.4827,0.1381,NA,NA,17.8,1.5,3.243,3.243,0,29.112,29.112,0.4,0.4,7.4,1615.751,1000,1000
163,15,5,"five_scenarios_txt",1,3,1,0.3,"two_stage",30,30,6,30,"CRM","random_carryoever","random",0.15,0.85,"dose_specific_carryover",0.5,0.5,0.15,0.85,0.15,0.85,3,1,6,"continuous",0.0179,28,1,1,1,0,0,5,0.46,0.1,0.4459,0.4228,47.5351,0.1381,NA,NA,8.8,0.3,1.425,1.425,0,29.112,29.112,0.4,0.4,7.4,1615.751,1000,1000
164,16,1,"five_scenarios_txt",1,5,1,0.3,"two_stage",30,30,6,30,"CRM","random_carryoever","random",0.15,0.85,"dose_specific_carryover",0.5,0.5,0.15,0.85,0.15,0.85,3,1,6,"continuous",0.0179,28,1,1,1,0,0,1,0.02,0.2,0.0445,0.2163,51.1955,0.1341,NA,NA,0.7,38.9,5.892,5.892,0,29.985,29.985,0,0,0.1,1663.1428,1000,1000
164,16,1,"five_scenarios_txt",1,5,1,0.3,"two_stage",30,30,6,30,"CRM","random_carryoever","random",0.15,0.85,"dose_specific_carryover",0.5,0.5,0.15,0.85,0.15,0.85,3,1,6,"continuous",0.0179,28,1,1,1,0,0,2,0.06,0.2,0.0672,0.2126,50.0703,0.1341,NA,NA,0.6,24.9,5.595,5.595,0,29.985,29.985,0,0,0.1,1663.1428,1000,1000
164,16,1,"five_scenarios_txt",1,5,1,0.3,"two_stage",30,30,6,30,"CRM","random_carryoever","random",0.15,0.85,"dose_specific_carryover",0.5,0.5,0.15,0.85,0.15,0.85,3,1,6,"continuous",0.0179,28,1,1,1,0,0,3,0.09,0.2,0.1233,0.2129,47.8406,0.1341,NA,NA,2.6,15.7,5.433,5.433,0,29.985,29.985,0,0,0.1,1663.1428,1000,1000
164,16,1,"five_scenarios_txt",1,5,1,0.3,"two_stage",30,30,6,30,"CRM","random_carryoever","random",0.15,0.85,"dose_specific_carryover",0.5,0.5,0.15,0.85,0.15,0.85,3,1,6,"continuous",0.0179,28,1,1,1,0,0,4,0.14,0.2,0.1569,0.2274,47.3693,0.1341,NA,NA,10.8,13.1,6.036,6.036,0,29.985,29.985,0,0,0.1,1663.1428,1000,1000
164,16,1,"five_scenarios_txt",1,5,1,0.3,"two_stage",30,30,6,30,"CRM","random_carryoever","random",0.15,0.85,"dose_specific_carryover",0.5,0.5,0.15,0.85,0.15,0.85,3,1,6,"continuous",0.0179,28,1,1,1,0,0,5,0.26,0.2,0.2353,0.2485,45.5009,0.1341,NA,NA,85.3,7.3,7.029,7.029,0,29.985,29.985,0,0,0.1,1663.1428,1000,1000
165,17,2,"five_scenarios_txt",1,2,2,0.3,"two_stage",30,30,6,30,"CRM","random_carryoever","random",0.15,0.85,"dose_specific_carryover",0.5,0.5,0.15,0.85,0.15,0.85,3,1,6,"continuous",0.0179,28,1,1,1,0,0,1,0.11,0.3,0.1892,0.3112,51.1025,0.1365,NA,NA,15.5,34,10.212,10.212,0,29.937,29.937,0.2,0.2,0.3,1660.7389,1000,1000
165,17,2,"five_scenarios_txt",1,2,2,0.3,"two_stage",30,30,6,30,"CRM","random_carryoever","random",0.15,0.85,"dose_specific_carryover",0.5,0.5,0.15,0.85,0.15,0.85,3,1,6,"continuous",0.0179,28,1,1,1,0,0,2,0.23,0.5,0.2401,0.4714,58.6812,0.1365,NA,NA,41.4,51.2,9.951,9.951,0,29.937,29.937,0.2,0.2,0.3,1660.7389,1000,1000
165,17,2,"five_scenarios_txt",1,2,2,0.3,"two_stage",30,30,6,30,"CRM","random_carryoever","random",0.15,0.85,"dose_specific_carryover",0.5,0.5,0.15,0.85,0.15,0.85,3,1,6,"continuous",0.0179,28,1,1,1,0,0,3,0.39,0.5,0.3385,0.4837,55.4834,0.1365,NA,NA,35.8,13.1,7.11,7.11,0,29.937,29.937,0.2,0.2,0.3,1660.7389,1000,1000
165,17,2,"five_scenarios_txt",1,2,2,0.3,"two_stage",30,30,6,30,"CRM","random_carryoever","random",0.15,0.85,"dose_specific_carryover",0.5,0.5,0.15,0.85,0.15,0.85,3,1,6,"continuous",0.0179,28,1,1,1,0,0,4,0.58,0.5,0.3868,0.5025,54.6763,0.1365,NA,NA,6.9,1.4,2.31,2.31,0,29.937,29.937,0.2,0.2,0.3,1660.7389,1000,1000
165,17,2,"five_scenarios_txt",1,2,2,0.3,"two_stage",30,30,6,30,"CRM","random_carryoever","random",0.15,0.85,"dose_specific_carryover",0.5,0.5,0.15,0.85,0.15,0.85,3,1,6,"continuous",0.0179,28,1,1,1,0,0,5,0.76,0.5,0.4822,0.5013,50.7927,0.1365,NA,NA,0.2,0,0.354,0.354,0,29.937,29.937,0.2,0.2,0.3,1660.7389,1000,1000
166,18,3,"five_scenarios_txt",1,5,5,0.3,"two_stage",30,30,6,30,"CRM","random_carryoever","random",0.15,0.85,"dose_specific_carryover",0.5,0.5,0.15,0.85,0.15,0.85,3,1,6,"continuous",0.0179,28,1,1,1,0,0,1,0.02,0.05,0.0664,0.149,46.2845,0.1365,NA,NA,0.7,16.3,3.735,3.735,0,29.931,29.931,0,0,0.7,1659.7685,1000,1000
166,18,3,"five_scenarios_txt",1,5,5,0.3,"two_stage",30,30,6,30,"CRM","random_carryoever","random",0.15,0.85,"dose_specific_carryover",0.5,0.5,0.15,0.85,0.15,0.85,3,1,6,"continuous",0.0179,28,1,1,1,0,0,2,0.04,0.1,0.0964,0.1729,46.5156,0.1365,NA,NA,0.1,12.2,3.987,3.987,0,29.931,29.931,0,0,0.7,1659.7685,1000,1000
166,18,3,"five_scenarios_txt",1,5,5,0.3,"two_stage",30,30,6,30,"CRM","random_carryoever","random",0.15,0.85,"dose_specific_carryover",0.5,0.5,0.15,0.85,0.15,0.85,3,1,6,"continuous",0.0179,28,1,1,1,0,0,3,0.1,0.15,0.1663,0.1919,44.8625,0.1365,NA,NA,3.7,9,4.788,4.788,0,29.931,29.931,0,0,0.7,1659.7685,1000,1000
166,18,3,"five_scenarios_txt",1,5,5,0.3,"two_stage",30,30,6,30,"CRM","random_carryoever","random",0.15,0.85,"dose_specific_carryover",0.5,0.5,0.15,0.85,0.15,0.85,3,1,6,"continuous",0.0179,28,1,1,1,0,0,4,0.2,0.2,0.2059,0.242,46.2803,0.1365,NA,NA,24.8,13.8,5.832,5.832,0,29.931,29.931,0,0,0.7,1659.7685,1000,1000
166,18,3,"five_scenarios_txt",1,5,5,0.3,"two_stage",30,30,6,30,"CRM","random_carryoever","random",0.15,0.85,"dose_specific_carryover",0.5,0.5,0.15,0.85,0.15,0.85,3,1,6,"continuous",0.0179,28,1,1,1,0,0,5,0.35,0.5,0.2944,0.4846,57.3003,0.1365,NA,NA,70.7,48,11.589,11.589,0,29.931,29.931,0,0,0.7,1659.7685,1000,1000
167,19,4,"five_scenarios_txt",1,2,2,0.3,"two_stage",30,30,6,30,"CRM","random_carryoever","random",0.15,0.85,"dose_specific_carryover",0.5,0.5,0.15,0.85,0.15,0.85,3,1,6,"continuous",0.0179,28,1,1,1,0,0,1,0.11,0.08,0.2001,0.1334,40.0019,0.1386,NA,NA,18.7,23.6,9.192,9.192,0,28.977,28.977,0.2,0.2,8.8,1609.6583,1000,1000
167,19,4,"five_scenarios_txt",1,2,2,0.3,"two_stage",30,30,6,30,"CRM","random_carryoever","random",0.15,0.85,"dose_specific_carryover",0.5,0.5,0.15,0.85,0.15,0.85,3,1,6,"continuous",0.0179,28,1,1,1,0,0,2,0.26,0.3,0.2518,0.3194,49.0938,0.1386,NA,NA,45.4,53.1,10.431,10.431,0,28.977,28.977,0.2,0.2,8.8,1609.6583,1000,1000
167,19,4,"five_scenarios_txt",1,2,2,0.3,"two_stage",30,30,6,30,"CRM","random_carryoever","random",0.15,0.85,"dose_specific_carryover",0.5,0.5,0.15,0.85,0.15,0.85,3,1,6,"continuous",0.0179,28,1,1,1,0,0,3,0.39,0.32,0.3509,0.369,48.0999,0.1386,NA,NA,30.7,13.2,6.981,6.981,0,28.977,28.977,0.2,0.2,8.8,1609.6583,1000,1000
167,19,4,"five_scenarios_txt",1,2,2,0.3,"two_stage",30,30,6,30,"CRM","random_carryoever","random",0.15,0.85,"dose_specific_carryover",0.5,0.5,0.15,0.85,0.15,0.85,3,1,6,"continuous",0.0179,28,1,1,1,0,0,4,0.6,0.35,0.3991,0.4545,51.3049,0.1386,NA,NA,4.9,1.2,2.085,2.085,0,28.977,28.977,0.2,0.2,8.8,1609.6583,1000,1000
167,19,4,"five_scenarios_txt",1,2,2,0.3,"two_stage",30,30,6,30,"CRM","random_carryoever","random",0.15,0.85,"dose_specific_carryover",0.5,0.5,0.15,0.85,0.15,0.85,3,1,6,"continuous",0.0179,28,1,1,1,0,0,5,0.77,0.4,0.4939,0.4965,50.0316,0.1386,NA,NA,0.1,0.1,0.288,0.288,0,28.977,28.977,0.2,0.2,8.8,1609.6583,1000,1000
168,20,5,"five_scenarios_txt",1,3,2,0.3,"two_stage",30,30,6,30,"CRM","random_carryoever","random",0.15,0.85,"dose_specific_carryover",0.5,0.5,0.15,0.85,0.15,0.85,3,1,6,"continuous",0.0179,28,1,1,1,0,0,1,0.07,0.05,0.1446,0.1295,41.9819,0.1375,NA,NA,5.9,19.4,5.589,5.589,0,29.406,29.406,0.1,0.1,4.3,1630.8671,1000,1000
168,20,5,"five_scenarios_txt",1,3,2,0.3,"two_stage",30,30,6,30,"CRM","random_carryoever","random",0.15,0.85,"dose_specific_carryover",0.5,0.5,0.15,0.85,0.15,0.85,3,1,6,"continuous",0.0179,28,1,1,1,0,0,2,0.14,0.25,0.19,0.2626,48.1552,0.1375,NA,NA,14.6,48.3,8.967,8.967,0,29.406,29.406,0.1,0.1,4.3,1630.8671,1000,1000
168,20,5,"five_scenarios_txt",1,3,2,0.3,"two_stage",30,30,6,30,"CRM","random_carryoever","random",0.15,0.85,"dose_specific_carryover",0.5,0.5,0.15,0.85,0.15,0.85,3,1,6,"continuous",0.0179,28,1,1,1,0,0,3,0.31,0.25,0.2821,0.2728,45.0801,0.1375,NA,NA,45.7,20.7,8.385,8.385,0,29.406,29.406,0.1,0.1,4.3,1630.8671,1000,1000
168,20,5,"five_scenarios_txt",1,3,2,0.3,"two_stage",30,30,6,30,"CRM","random_carryoever","random",0.15,0.85,"dose_specific_carryover",0.5,0.5,0.15,0.85,0.15,0.85,3,1,6,"continuous",0.0179,28,1,1,1,0,0,4,0.41,0.25,0.3291,0.3522,47.9677,0.1375,NA,NA,24.9,6.6,4.5,4.5,0,29.406,29.406,0.1,0.1,4.3,1630.8671,1000,1000
168,20,5,"five_scenarios_txt",1,3,2,0.3,"two_stage",30,30,6,30,"CRM","random_carryoever","random",0.15,0.85,"dose_specific_carryover",0.5,0.5,0.15,0.85,0.15,0.85,3,1,6,"continuous",0.0179,28,1,1,1,0,0,5,0.52,0.25,0.425,0.4368,49.2034,0.1375,NA,NA,8.8,0.7,1.965,1.965,0,29.406,29.406,0.1,0.1,4.3,1630.8671,1000,1000
169,21,1,"five_scenarios_txt",1,1,1,0.3,"two_stage",30,30,6,30,"CRM","random_carryoever","random",0.15,0.85,"dose_specific_carryover",0.5,0.5,0.15,0.85,0.15,0.85,3,1,6,"continuous",0.0179,28,1,1,1,0,0,1,0.37,0.5,0.4304,0.5062,53.1579,0.1412,NA,NA,59.6,60.4,20.859,20.859,0,23.547,23.547,37.4,38.5,38.5,1308.3159,1000,1000
169,21,1,"five_scenarios_txt",1,1,1,0.3,"two_stage",30,30,6,30,"CRM","random_carryoever","random",0.15,0.85,"dose_specific_carryover",0.5,0.5,0.15,0.85,0.15,0.85,3,1,6,"continuous",0.0179,28,1,1,1,0,0,2,0.56,0.5,0.4845,0.5034,50.8235,0.1412,NA,NA,2.9,1.1,2.067,2.067,0,23.547,23.547,37.4,38.5,38.5,1308.3159,1000,1000
169,21,1,"five_scenarios_txt",1,1,1,0.3,"two_stage",30,30,6,30,"CRM","random_carryoever","random",0.15,0.85,"dose_specific_carryover",0.5,0.5,0.15,0.85,0.15,0.85,3,1,6,"continuous",0.0179,28,1,1,1,0,0,3,0.69,0.5,0.5757,0.4952,46.6827,0.1412,NA,NA,0.1,0,0.579,0.579,0,23.547,23.547,37.4,38.5,38.5,1308.3159,1000,1000
169,21,1,"five_scenarios_txt",1,1,1,0.3,"two_stage",30,30,6,30,"CRM","random_carryoever","random",0.15,0.85,"dose_specific_carryover",0.5,0.5,0.15,0.85,0.15,0.85,3,1,6,"continuous",0.0179,28,1,1,1,0,0,4,0.83,0.5,0.6158,0.4999,45.3591,0.1412,NA,NA,0,0,0.042,0.042,0,23.547,23.547,37.4,38.5,38.5,1308.3159,1000,1000
169,21,1,"five_scenarios_txt",1,1,1,0.3,"two_stage",30,30,6,30,"CRM","random_carryoever","random",0.15,0.85,"dose_specific_carryover",0.5,0.5,0.15,0.85,0.15,0.85,3,1,6,"continuous",0.0179,28,1,1,1,0,0,5,0.88,0.5,0.6887,0.5001,42.4569,0.1412,NA,NA,0,0,0,0,0,23.547,23.547,37.4,38.5,38.5,1308.3159,1000,1000
170,22,2,"five_scenarios_txt",1,2,2,0.3,"two_stage",30,30,6,30,"CRM","random_carryoever","random",0.15,0.85,"dose_specific_carryover",0.5,0.5,0.15,0.85,0.15,0.85,3,1,6,"continuous",0.0179,28,1,1,1,0,0,1,0.07,0.08,0.2077,0.129,39.4346,0.138,NA,NA,16.7,29.1,8.919,8.919,0,29.343,29.343,0.1,0.1,4.6,1629.3706,1000,1000
170,22,2,"five_scenarios_txt",1,2,2,0.3,"two_stage",30,30,6,30,"CRM","random_carryoever","random",0.15,0.85,"dose_specific_carryover",0.5,0.5,0.15,0.85,0.15,0.85,3,1,6,"continuous",0.0179,28,1,1,1,0,0,2,0.27,0.25,0.2601,0.2664,45.5792,0.138,NA,NA,51.3,55.4,12.243,12.243,0,29.343,29.343,0.1,0.1,4.6,1629.3706,1000,1000
170,22,2,"five_scenarios_txt",1,2,2,0.3,"two_stage",30,30,6,30,"CRM","random_carryoever","random",0.15,0.85,"dose_specific_carryover",0.5,0.5,0.15,0.85,0.15,0.85,3,1,6,"continuous",0.0179,28,1,1,1,0,0,3,0.5,0.25,0.3598,0.3178,44.6769,0.138,NA,NA,29.7,9.3,6.315,6.315,0,29.343,29.343,0.1,0.1,4.6,1629.3706,1000,1000
170,22,2,"five_scenarios_txt",1,2,2,0.3,"two_stage",30,30,6,30,"CRM","random_carryoever","random",0.15,0.85,"dose_specific_carryover",0.5,0.5,0.15,0.85,0.15,0.85,3,1,6,"continuous",0.0179,28,1,1,1,0,0,4,0.56,0.5,0.408,0.5005,53.7122,0.138,NA,NA,2.2,1.6,1.662,1.662,0,29.343,29.343,0.1,0.1,4.6,1629.3706,1000,1000
170,22,2,"five_scenarios_txt",1,2,2,0.3,"two_stage",30,30,6,30,"CRM","random_carryoever","random",0.15,0.85,"dose_specific_carryover",0.5,0.5,0.15,0.85,0.15,0.85,3,1,6,"continuous",0.0179,28,1,1,1,0,0,5,0.78,0.5,0.5024,0.5006,49.9418,0.138,NA,NA,0,0,0.204,0.204,0,29.343,29.343,0.1,0.1,4.6,1629.3706,1000,1000
171,23,3,"five_scenarios_txt",1,1,1,0.3,"two_stage",30,30,6,30,"CRM","random_carryoever","random",0.15,0.85,"dose_specific_carryover",0.5,0.5,0.15,0.85,0.15,0.85,3,1,6,"continuous",0.0179,28,1,1,1,0,0,1,0.32,0.05,0.3803,0.0722,29.1191,0.1351,NA,NA,73.3,19.7,17.172,17.172,0,20.439,20.439,19.4,20.1,76.1,1130.173,1000,1000
171,23,3,"five_scenarios_txt",1,1,1,0.3,"two_stage",30,30,6,30,"CRM","random_carryoever","random",0.15,0.85,"dose_specific_carryover",0.5,0.5,0.15,0.85,0.15,0.85,3,1,6,"continuous",0.0179,28,1,1,1,0,0,2,0.55,0.05,0.4352,0.3391,42.9407,0.1351,NA,NA,7,4.2,2.673,2.673,0,20.439,20.439,19.4,20.1,76.1,1130.173,1000,1000
171,23,3,"five_scenarios_txt",1,1,1,0.3,"two_stage",30,30,6,30,"CRM","random_carryoever","random",0.15,0.85,"dose_specific_carryover",0.5,0.5,0.15,0.85,0.15,0.85,3,1,6,"continuous",0.0179,28,1,1,1,0,0,3,0.8,0.05,0.5298,0.4466,45.6032,0.1351,NA,NA,0.3,0,0.567,0.567,0,20.439,20.439,19.4,20.1,76.1,1130.173,1000,1000
171,23,3,"five_scenarios_txt",1,1,1,0.3,"two_stage",30,30,6,30,"CRM","random_carryoever","random",0.15,0.85,"dose_specific_carryover",0.5,0.5,0.15,0.85,0.15,0.85,3,1,6,"continuous",0.0179,28,1,1,1,0,0,4,0.94,0.05,0.5722,0.4976,46.9682,0.1351,NA,NA,0,0,0.027,0.027,0,20.439,20.439,19.4,20.1,76.1,1130.173,1000,1000
171,23,3,"five_scenarios_txt",1,1,1,0.3,"two_stage",30,30,6,30,"CRM","random_carryoever","random",0.15,0.85,"dose_specific_carryover",0.5,0.5,0.15,0.85,0.15,0.85,3,1,6,"continuous",0.0179,28,1,1,1,0,0,5,0.97,0.05,0.6504,0.5003,43.9989,0.1351,NA,NA,0,0,0,0,0,20.439,20.439,19.4,20.1,76.1,1130.173,1000,1000
172,24,4,"five_scenarios_txt",1,5,4,0.3,"two_stage",30,30,6,30,"CRM","random_carryoever","random",0.15,0.85,"dose_specific_carryover",0.5,0.5,0.15,0.85,0.15,0.85,3,1,6,"continuous",0.0179,28,1,1,1,0,0,1,0.01,0.05,0.0338,0.1551,47.9577,0.1381,NA,NA,0,2.5,3.303,3.303,0,30,30,0,0,0,1664.1426,1000,1000
172,24,4,"five_scenarios_txt",1,5,4,0.3,"two_stage",30,30,6,30,"CRM","random_carryoever","random",0.15,0.85,"dose_specific_carryover",0.5,0.5,0.15,0.85,0.15,0.85,3,1,6,"continuous",0.0179,28,1,1,1,0,0,2,0.02,0.08,0.0529,0.1732,48.2782,0.1381,NA,NA,0.1,2.5,3.27,3.27,0,30,30,0,0,0,1664.1426,1000,1000
172,24,4,"five_scenarios_txt",1,5,4,0.3,"two_stage",30,30,6,30,"CRM","random_carryoever","random",0.15,0.85,"dose_specific_carryover",0.5,0.5,0.15,0.85,0.15,0.85,3,1,6,"continuous",0.0179,28,1,1,1,0,0,3,0.05,0.2,0.1025,0.2408,50.3454,0.1381,NA,NA,0.7,7.2,3.786,3.786,0,30,30,0,0,0,1664.1426,1000,1000
172,24,4,"five_scenarios_txt",1,5,4,0.3,"two_stage",30,30,6,30,"CRM","random_carryoever","random",0.15,0.85,"dose_specific_carryover",0.5,0.5,0.15,0.85,0.15,0.85,3,1,6,"continuous",0.0179,28,1,1,1,0,0,4,0.1,0.5,0.1332,0.4445,61.3391,0.1381,NA,NA,4.5,48.7,8.55,8.55,0,30,30,0,0,0,1664.1426,1000,1000
172,24,4,"five_scenarios_txt",1,5,4,0.3,"two_stage",30,30,6,30,"CRM","random_carryoever","random",0.15,0.85,"dose_specific_carryover",0.5,0.5,0.15,0.85,0.15,0.85,3,1,6,"continuous",0.0179,28,1,1,1,0,0,5,0.25,0.5,0.2073,0.4698,59.8952,0.1381,NA,NA,94.7,39.1,11.091,11.091,0,30,30,0,0,0,1664.1426,1000,1000
173,25,5,"five_scenarios_txt",2,3,3,0.3,"two_stage",30,30,6,30,"CRM","random_carryoever","random",0.15,0.85,"dose_specific_carryover",0.5,0.5,0.15,0.85,0.15,0.85,3,1,6,"continuous",0.0179,28,1,1,1,0,0,1,0.09,0.2,0.1773,0.2192,46.0621,0.1368,NA,NA,10.9,40,9.366,9.366,0,29.892,29.892,0.2,0.2,0.6,1658.0054,1000,1000
173,25,5,"five_scenarios_txt",2,3,3,0.3,"two_stage",30,30,6,30,"CRM","random_carryoever","random",0.15,0.85,"dose_specific_carryover",0.5,0.5,0.15,0.85,0.15,0.85,3,1,6,"continuous",0.0179,28,1,1,1,0,0,2,0.18,0.25,0.227,0.2754,47.4463,0.1368,NA,NA,34.1,29.2,8.208,8.208,0,29.892,29.892,0.2,0.2,0.6,1658.0054,1000,1000
173,25,5,"five_scenarios_txt",2,3,3,0.3,"two_stage",30,30,6,30,"CRM","random_carryoever","random",0.15,0.85,"dose_specific_carryover",0.5,0.5,0.15,0.85,0.15,0.85,3,1,6,"continuous",0.0179,28,1,1,1,0,0,3,0.37,0.4,0.3242,0.4069,51.4461,0.1368,NA,NA,45.2,26.9,9.285,9.285,0,29.892,29.892,0.2,0.2,0.6,1658.0054,1000,1000
173,25,5,"five_scenarios_txt",2,3,3,0.3,"two_stage",30,30,6,30,"CRM","random_carryoever","random",0.15,0.85,"dose_specific_carryover",0.5,0.5,0.15,0.85,0.15,0.85,3,1,6,"continuous",0.0179,28,1,1,1,0,0,4,0.63,0.45,0.3724,0.4816,53.9994,0.1368,NA,NA,9.2,3.3,2.607,2.607,0,29.892,29.892,0.2,0.2,0.6,1658.0054,1000,1000
173,25,5,"five_scenarios_txt",2,3,3,0.3,"two_stage",30,30,6,30,"CRM","random_carryoever","random",0.15,0.85,"dose_specific_carryover",0.5,0.5,0.15,0.85,0.15,0.85,3,1,6,"continuous",0.0179,28,1,1,1,0,0,5,0.77,0.5,0.4683,0.5003,51.2874,0.1368,NA,NA,0.4,0,0.426,0.426,0,29.892,29.892,0.2,0.2,0.6,1658.0054,1000,1000
174,26,1,"higher_gap_above_MTD",1,3,3,0.3,"two_stage",30,30,6,30,"CRM","random_carryoever","random",0.15,0.85,"dose_specific_carryover",0.5,0.5,0.15,0.85,0.15,0.85,3,1,6,"continuous",0.0179,28,1,1,1,0,0,1,0.15,0.1,0.1905,0.1421,40.9055,0.1352,NA,NA,24,33.6,10.968,10.968,0,28.848,28.848,0.5,0.5,10.5,1601.4309,1000,1000
174,26,1,"higher_gap_above_MTD",1,3,3,0.3,"two_stage",30,30,6,30,"CRM","random_carryoever","random",0.15,0.85,"dose_specific_carryover",0.5,0.5,0.15,0.85,0.15,0.85,3,1,6,"continuous",0.0179,28,1,1,1,0,0,2,0.22,0.2,0.2409,0.2715,46.654,0.1352,NA,NA,29.7,27.5,6.675,6.675,0,28.848,28.848,0.5,0.5,10.5,1601.4309,1000,1000
174,26,1,"higher_gap_above_MTD",1,3,3,0.3,"two_stage",30,30,6,30,"CRM","random_carryoever","random",0.15,0.85,"dose_specific_carryover",0.5,0.5,0.15,0.85,0.15,0.85,3,1,6,"continuous",0.0179,28,1,1,1,0,0,3,0.3,0.35,0.3388,0.396,50.2066,0.1352,NA,NA,35.8,23.4,7.965,7.965,0,28.848,28.848,0.5,0.5,10.5,1601.4309,1000,1000
174,26,1,"higher_gap_above_MTD",1,3,3,0.3,"two_stage",30,30,6,30,"CRM","random_carryoever","random",0.15,0.85,"dose_specific_carryover",0.5,0.5,0.15,0.85,0.15,0.85,3,1,6,"continuous",0.0179,28,1,1,1,0,0,4,0.62,0.45,0.3868,0.4833,53.5237,0.1352,NA,NA,9.7,5,2.82,2.82,0,28.848,28.848,0.5,0.5,10.5,1601.4309,1000,1000
174,26,1,"higher_gap_above_MTD",1,3,3,0.3,"two_stage",30,30,6,30,"CRM","random_carryoever","random",0.15,0.85,"dose_specific_carryover",0.5,0.5,0.15,0.85,0.15,0.85,3,1,6,"continuous",0.0179,28,1,1,1,0,0,5,0.8,0.55,0.4818,0.5033,50.9278,0.1352,NA,NA,0.3,0,0.42,0.42,0,28.848,28.848,0.5,0.5,10.5,1601.4309,1000,1000
175,27,2,"higher_gap_above_MTD",1,3,3,0.3,"two_stage",30,30,6,30,"CRM","random_carryoever","random",0.15,0.85,"dose_specific_carryover",0.5,0.5,0.15,0.85,0.15,0.85,3,1,6,"continuous",0.0179,28,1,1,1,0,0,1,0.11,0.1,0.1662,0.1561,42.7182,0.1363,NA,NA,12.7,25.9,8.115,8.115,0,29.379,29.379,0.2,0.2,5.4,1629.7052,1000,1000
175,27,2,"higher_gap_above_MTD",1,3,3,0.3,"two_stage",30,30,6,30,"CRM","random_carryoever","random",0.15,0.85,"dose_specific_carryover",0.5,0.5,0.15,0.85,0.15,0.85,3,1,6,"continuous",0.0179,28,1,1,1,0,0,2,0.17,0.2,0.2145,0.2521,46.5445,0.1363,NA,NA,22.6,23.1,6.63,6.63,0,29.379,29.379,0.2,0.2,5.4,1629.7052,1000,1000
175,27,2,"higher_gap_above_MTD",1,3,3,0.3,"two_stage",30,30,6,30,"CRM","random_carryoever","random",0.15,0.85,"dose_specific_carryover",0.5,0.5,0.15,0.85,0.15,0.85,3,1,6,"continuous",0.0179,28,1,1,1,0,0,3,0.3,0.4,0.3103,0.412,52.3046,0.1363,NA,NA,46.5,38.5,9.513,9.513,0,29.379,29.379,0.2,0.2,5.4,1629.7052,1000,1000
175,27,2,"higher_gap_above_MTD",1,3,3,0.3,"two_stage",30,30,6,30,"CRM","random_carryoever","random",0.15,0.85,"dose_specific_carryover",0.5,0.5,0.15,0.85,0.15,0.85,3,1,6,"continuous",0.0179,28,1,1,1,0,0,4,0.5,0.42,0.3582,0.459,53.2101,0.1363,NA,NA,16.2,6.7,3.963,3.963,0,29.379,29.379,0.2,0.2,5.4,1629.7052,1000,1000
175,27,2,"higher_gap_above_MTD",1,3,3,0.3,"two_stage",30,30,6,30,"CRM","random_carryoever","random",0.15,0.85,"dose_specific_carryover",0.5,0.5,0.15,0.85,0.15,0.85,3,1,6,"continuous",0.0179,28,1,1,1,0,0,5,0.62,0.45,0.4543,0.4904,51.2514,0.1363,NA,NA,1.8,0.4,1.158,1.158,0,29.379,29.379,0.2,0.2,5.4,1629.7052,1000,1000
176,28,3,"higher_gap_above_MTD",1,2,2,0.3,"two_stage",30,30,6,30,"CRM","random_carryoever","random",0.15,0.85,"dose_specific_carryover",0.5,0.5,0.15,0.85,0.15,0.85,3,1,6,"continuous",0.0179,28,1,1,1,0,0,1,0.2,0.05,0.2579,0.0967,35.4835,0.1375,NA,NA,49.7,22.9,12.12,12.12,0,25.71,25.71,2.7,2.7,34.8,1424.6734,1000,1000
176,28,3,"higher_gap_above_MTD",1,2,2,0.3,"two_stage",30,30,6,30,"CRM","random_carryoever","random",0.15,0.85,"dose_specific_carryover",0.5,0.5,0.15,0.85,0.15,0.85,3,1,6,"continuous",0.0179,28,1,1,1,0,0,2,0.3,0.3,0.3123,0.3705,49.7333,0.1375,NA,NA,34.4,37.1,8.562,8.562,0,25.71,25.71,2.7,2.7,34.8,1424.6734,1000,1000
176,28,3,"higher_gap_above_MTD",1,2,2,0.3,"two_stage",30,30,6,30,"CRM","random_carryoever","random",0.15,0.85,"dose_specific_carryover",0.5,0.5,0.15,0.85,0.15,0.85,3,1,6,"continuous",0.0179,28,1,1,1,0,0,3,0.5,0.32,0.4124,0.4222,48.8372,0.1375,NA,NA,12.4,5,4.134,4.134,0,25.71,25.71,2.7,2.7,34.8,1424.6734,1000,1000
176,28,3,"higher_gap_above_MTD",1,2,2,0.3,"two_stage",30,30,6,30,"CRM","random_carryoever","random",0.15,0.85,"dose_specific_carryover",0.5,0.5,0.15,0.85,0.15,0.85,3,1,6,"continuous",0.0179,28,1,1,1,0,0,4,0.6,0.35,0.4596,0.4811,50.4852,0.1375,NA,NA,0.8,0.2,0.81,0.81,0,25.71,25.71,2.7,2.7,34.8,1424.6734,1000,1000
176,28,3,"higher_gap_above_MTD",1,2,2,0.3,"two_stage",30,30,6,30,"CRM","random_carryoever","random",0.15,0.85,"dose_specific_carryover",0.5,0.5,0.15,0.85,0.15,0.85,3,1,6,"continuous",0.0179,28,1,1,1,0,0,5,0.77,0.4,0.55,0.4989,47.9337,0.1375,NA,NA,0,0,0.084,0.084,0,25.71,25.71,2.7,2.7,34.8,1424.6734,1000,1000
177,29,4,"higher_gap_above_MTD",1,2,1,0.3,"two_stage",30,30,6,30,"CRM","random_carryoever","random",0.15,0.85,"dose_specific_carryover",0.5,0.5,0.15,0.85,0.15,0.85,3,1,6,"continuous",0.0179,28,1,1,1,0,0,1,0.19,0.4,0.2442,0.3894,53.5966,0.1361,NA,NA,44,71.1,18.033,18.033,0,29.505,29.505,2.5,2.5,2.6,1637.6885,1000,1000
177,29,4,"higher_gap_above_MTD",1,2,1,0.3,"two_stage",30,30,6,30,"CRM","random_carryoever","random",0.15,0.85,"dose_specific_carryover",0.5,0.5,0.15,0.85,0.15,0.85,3,1,6,"continuous",0.0179,28,1,1,1,0,0,2,0.3,0.4,0.2984,0.421,53.3253,0.1361,NA,NA,40.1,22.8,7.371,7.371,0,29.505,29.505,2.5,2.5,2.6,1637.6885,1000,1000
177,29,4,"higher_gap_above_MTD",1,2,1,0.3,"two_stage",30,30,6,30,"CRM","random_carryoever","random",0.15,0.85,"dose_specific_carryover",0.5,0.5,0.15,0.85,0.15,0.85,3,1,6,"continuous",0.0179,28,1,1,1,0,0,3,0.56,0.4,0.399,0.4592,51.5917,0.1361,NA,NA,13,3.4,3.585,3.585,0,29.505,29.505,2.5,2.5,2.6,1637.6885,1000,1000
177,29,4,"higher_gap_above_MTD",1,2,1,0.3,"two_stage",30,30,6,30,"CRM","random_carryoever","random",0.15,0.85,"dose_specific_carryover",0.5,0.5,0.15,0.85,0.15,0.85,3,1,6,"continuous",0.0179,28,1,1,1,0,0,4,0.74,0.4,0.4467,0.4893,51.4915,0.1361,NA,NA,0.4,0.1,0.498,0.498,0,29.505,29.505,2.5,2.5,2.6,1637.6885,1000,1000
177,29,4,"higher_gap_above_MTD",1,2,1,0.3,"two_stage",30,30,6,30,"CRM","random_carryoever","random",0.15,0.85,"dose_specific_carryover",0.5,0.5,0.15,0.85,0.15,0.85,3,1,6,"continuous",0.0179,28,1,1,1,0,0,5,0.86,0.4,0.5385,0.4993,48.4157,0.1361,NA,NA,0,0,0.018,0.018,0,29.505,29.505,2.5,2.5,2.6,1637.6885,1000,1000
178,30,5,"higher_gap_above_MTD",1,4,4,0.3,"two_stage",30,30,6,30,"CRM","random_carryoever","random",0.15,0.85,"dose_specific_carryover",0.5,0.5,0.15,0.85,0.15,0.85,3,1,6,"continuous",0.0179,28,1,1,1,0,0,1,0.05,0.12,0.1061,0.1808,46.6052,0.1377,NA,NA,2,28,5.178,5.178,0,29.919,29.919,0,0,0.8,1658.675,1000,1000
178,30,5,"higher_gap_above_MTD",1,4,4,0.3,"two_stage",30,30,6,30,"CRM","random_carryoever","random",0.15,0.85,"dose_specific_carryover",0.5,0.5,0.15,0.85,0.15,0.85,3,1,6,"continuous",0.0179,28,1,1,1,0,0,2,0.08,0.15,0.1454,0.2064,46.5699,0.1377,NA,NA,2.4,15.9,4.59,4.59,0,29.919,29.919,0,0,0.8,1658.675,1000,1000
178,30,5,"higher_gap_above_MTD",1,4,4,0.3,"two_stage",30,30,6,30,"CRM","random_carryoever","random",0.15,0.85,"dose_specific_carryover",0.5,0.5,0.15,0.85,0.15,0.85,3,1,6,"continuous",0.0179,28,1,1,1,0,0,3,0.17,0.2,0.2298,0.2331,44.793,0.1377,NA,NA,24.4,13.1,5.931,5.931,0,29.919,29.919,0,0,0.8,1658.675,1000,1000
178,30,5,"higher_gap_above_MTD",1,4,4,0.3,"two_stage",30,30,6,30,"CRM","random_carryoever","random",0.15,0.85,"dose_specific_carryover",0.5,0.5,0.15,0.85,0.15,0.85,3,1,6,"continuous",0.0179,28,1,1,1,0,0,4,0.27,0.4,0.2746,0.3949,52.711,0.1377,NA,NA,45.2,33.2,8.349,8.349,0,29.919,29.919,0,0,0.8,1658.675,1000,1000
178,30,5,"higher_gap_above_MTD",1,4,4,0.3,"two_stage",30,30,6,30,"CRM","random_carryoever","random",0.15,0.85,"dose_specific_carryover",0.5,0.5,0.15,0.85,0.15,0.85,3,1,6,"continuous",0.0179,28,1,1,1,0,0,5,0.54,0.5,0.3694,0.4899,54.6146,0.1377,NA,NA,26,9,5.871,5.871,0,29.919,29.919,0,0,0.8,1658.675,1000,1000
179,31,6,"higher_gap_above_MTD",1,4,2,0.3,"two_stage",30,30,6,30,"CRM","random_carryoever","random",0.15,0.85,"dose_specific_carryover",0.5,0.5,0.15,0.85,0.15,0.85,3,1,6,"continuous",0.0179,28,1,1,1,0,0,1,0.04,0.2,0.0863,0.2597,52.1314,0.1401,NA,NA,1.5,10.3,4.053,4.053,0,29.985,29.985,0,0,0.1,1663.133,1000,1000
179,31,6,"higher_gap_above_MTD",1,4,2,0.3,"two_stage",30,30,6,30,"CRM","random_carryoever","random",0.15,0.85,"dose_specific_carryover",0.5,0.5,0.15,0.85,0.15,0.85,3,1,6,"continuous",0.0179,28,1,1,1,0,0,2,0.06,0.5,0.1215,0.4602,62.7541,0.1401,NA,NA,1.4,42.9,6.054,6.054,0,29.985,29.985,0,0,0.1,1663.133,1000,1000
179,31,6,"higher_gap_above_MTD",1,4,2,0.3,"two_stage",30,30,6,30,"CRM","random_carryoever","random",0.15,0.85,"dose_specific_carryover",0.5,0.5,0.15,0.85,0.15,0.85,3,1,6,"continuous",0.0179,28,1,1,1,0,0,3,0.1,0.5,0.1997,0.4563,59.3872,0.1401,NA,NA,8.9,23.5,6.303,6.303,0,29.985,29.985,0,0,0.1,1663.133,1000,1000
179,31,6,"higher_gap_above_MTD",1,4,2,0.3,"two_stage",30,30,6,30,"CRM","random_carryoever","random",0.15,0.85,"dose_specific_carryover",0.5,0.5,0.15,0.85,0.15,0.85,3,1,6,"continuous",0.0179,28,1,1,1,0,0,4,0.2,0.5,0.2425,0.4736,58.7127,0.1401,NA,NA,40.3,19.7,7.752,7.752,0,29.985,29.985,0,0,0.1,1663.133,1000,1000
179,31,6,"higher_gap_above_MTD",1,4,2,0.3,"two_stage",30,30,6,30,"CRM","random_carryoever","random",0.15,0.85,"dose_specific_carryover",0.5,0.5,0.15,0.85,0.15,0.85,3,1,6,"continuous",0.0179,28,1,1,1,0,0,5,0.6,0.5,0.3352,0.482,55.511,0.1401,NA,NA,47.9,3.5,5.823,5.823,0,29.985,29.985,0,0,0.1,1663.133,1000,1000
180,32,1,"higher_gap_below_MTD",1,4,3,0.3,"two_stage",30,30,6,30,"CRM","random_carryoever","random",0.15,0.85,"dose_specific_carryover",0.5,0.5,0.15,0.85,0.15,0.85,3,1,6,"continuous",0.0179,28,1,1,1,0,0,1,0.02,0.08,0.0751,0.1621,46.7204,0.1383,NA,NA,0.7,15.7,3.945,3.945,0,29.946,29.946,0,0,0.6,1660.9177,1000,1000
180,32,1,"higher_gap_below_MTD",1,4,3,0.3,"two_stage",30,30,6,30,"CRM","random_carryoever","random",0.15,0.85,"dose_specific_carryover",0.5,0.5,0.15,0.85,0.15,0.85,3,1,6,"continuous",0.0179,28,1,1,1,0,0,2,0.05,0.15,0.1072,0.1988,47.6425,0.1383,NA,NA,0.4,18.1,4.479,4.479,0,29.946,29.946,0,0,0.6,1660.9177,1000,1000
180,32,1,"higher_gap_below_MTD",1,4,3,0.3,"two_stage",30,30,6,30,"CRM","random_carryoever","random",0.15,0.85,"dose_specific_carryover",0.5,0.5,0.15,0.85,0.15,0.85,3,1,6,"continuous",0.0179,28,1,1,1,0,0,3,0.11,0.3,0.1802,0.2882,50.0834,0.1383,NA,NA,7.8,33.1,7.749,7.749,0,29.946,29.946,0,0,0.6,1660.9177,1000,1000
180,32,1,"higher_gap_below_MTD",1,4,3,0.3,"two_stage",30,30,6,30,"CRM","random_carryoever","random",0.15,0.85,"dose_specific_carryover",0.5,0.5,0.15,0.85,0.15,0.85,3,1,6,"continuous",0.0179,28,1,1,1,0,0,4,0.3,0.3,0.221,0.3012,49.2358,0.1383,NA,NA,33.2,24.6,7.329,7.329,0,29.946,29.946,0,0,0.6,1660.9177,1000,1000
180,32,1,"higher_gap_below_MTD",1,4,3,0.3,"two_stage",30,30,6,30,"CRM","random_carryoever","random",0.15,0.85,"dose_specific_carryover",0.5,0.5,0.15,0.85,0.15,0.85,3,1,6,"continuous",0.0179,28,1,1,1,0,0,5,0.36,0.3,0.3108,0.3486,48.4854,0.1383,NA,NA,57.9,7.9,6.444,6.444,0,29.946,29.946,0,0,0.6,1660.9177,1000,1000
181,33,2,"higher_gap_below_MTD",1,4,4,0.3,"two_stage",30,30,6,30,"CRM","random_carryoever","random",0.15,0.85,"dose_specific_carryover",0.5,0.5,0.15,0.85,0.15,0.85,3,1,6,"continuous",0.0179,28,1,1,1,0,0,1,0.01,0.05,0.0851,0.1513,45.6737,0.1385,NA,NA,0,14.5,3.507,3.507,0,30,30,0,0,0.1,1664.1055,1000,1000
181,33,2,"higher_gap_below_MTD",1,4,4,0.3,"two_stage",30,30,6,30,"CRM","random_carryoever","random",0.15,0.85,"dose_specific_carryover",0.5,0.5,0.15,0.85,0.15,0.85,3,1,6,"continuous",0.0179,28,1,1,1,0,0,2,0.02,0.08,0.1196,0.1644,45.0777,0.1385,NA,NA,0.9,6.8,3.609,3.609,0,30,30,0,0,0.1,1664.1055,1000,1000
181,33,2,"higher_gap_below_MTD",1,4,4,0.3,"two_stage",30,30,6,30,"CRM","random_carryoever","random",0.15,0.85,"dose_specific_carryover",0.5,0.5,0.15,0.85,0.15,0.85,3,1,6,"continuous",0.0179,28,1,1,1,0,0,3,0.09,0.2,0.1967,0.2264,45.7156,0.1385,NA,NA,8.9,14.2,5.427,5.427,0,30,30,0,0,0.1,1664.1055,1000,1000
181,33,2,"higher_gap_below_MTD",1,4,4,0.3,"two_stage",30,30,6,30,"CRM","random_carryoever","random",0.15,0.85,"dose_specific_carryover",0.5,0.5,0.15,0.85,0.15,0.85,3,1,6,"continuous",0.0179,28,1,1,1,0,0,4,0.32,0.4,0.239,0.3792,53.1925,0.1385,NA,NA,40.3,40.6,8.544,8.544,0,30,30,0,0,0.1,1664.1055,1000,1000
181,33,2,"higher_gap_below_MTD",1,4,4,0.3,"two_stage",30,30,6,30,"CRM","random_carryoever","random",0.15,0.85,"dose_specific_carryover",0.5,0.5,0.15,0.85,0.15,0.85,3,1,6,"continuous",0.0179,28,1,1,1,0,0,5,0.38,0.5,0.3307,0.4787,55.4944,0.1385,NA,NA,49.9,23.8,8.913,8.913,0,30,30,0,0,0.1,1664.1055,1000,1000
182,34,3,"higher_gap_below_MTD",1,3,3,0.3,"two_stage",30,30,6,30,"CRM","random_carryoever","random",0.15,0.85,"dose_specific_carryover",0.5,0.5,0.15,0.85,0.15,0.85,3,1,6,"continuous",0.0179,28,1,1,1,0,0,1,0.05,0.05,0.1322,0.1309,42.5676,0.1389,NA,NA,2.4,20.8,5.328,5.328,0,29.724,29.724,0,0,1.9,1648.2927,1000,1000
182,34,3,"higher_gap_below_MTD",1,3,3,0.3,"two_stage",30,30,6,30,"CRM","random_carryoever","random",0.15,0.85,"dose_specific_carryover",0.5,0.5,0.15,0.85,0.15,0.85,3,1,6,"continuous",0.0179,28,1,1,1,0,0,2,0.13,0.1,0.1757,0.1604,42.5983,0.1389,NA,NA,9.9,15.1,5.94,5.94,0,29.724,29.724,0,0,1.9,1648.2927,1000,1000
182,34,3,"higher_gap_below_MTD",1,3,3,0.3,"two_stage",30,30,6,30,"CRM","random_carryoever","random",0.15,0.85,"dose_specific_carryover",0.5,0.5,0.15,0.85,0.15,0.85,3,1,6,"continuous",0.0179,28,1,1,1,0,0,3,0.3,0.3,0.2654,0.3044,47.6486,0.1389,NA,NA,43.4,43.1,10.02,10.02,0,29.724,29.724,0,0,1.9,1648.2927,1000,1000
182,34,3,"higher_gap_below_MTD",1,3,3,0.3,"two_stage",30,30,6,30,"CRM","random_carryoever","random",0.15,0.85,"dose_specific_carryover",0.5,0.5,0.15,0.85,0.15,0.85,3,1,6,"continuous",0.0179,28,1,1,1,0,0,4,0.36,0.32,0.3118,0.3788,50.2596,0.1389,NA,NA,29,15.9,5.463,5.463,0,29.724,29.724,0,0,1.9,1648.2927,1000,1000
182,34,3,"higher_gap_below_MTD",1,3,3,0.3,"two_stage",30,30,6,30,"CRM","random_carryoever","random",0.15,0.85,"dose_specific_carryover",0.5,0.5,0.15,0.85,0.15,0.85,3,1,6,"continuous",0.0179,28,1,1,1,0,0,5,0.42,0.35,0.4073,0.4479,50.5794,0.1389,NA,NA,15.3,3.2,2.973,2.973,0,29.724,29.724,0,0,1.9,1648.2927,1000,1000
183,35,4,"higher_gap_below_MTD",1,3,2,0.3,"two_stage",30,30,6,30,"CRM","random_carryoever","random",0.15,0.85,"dose_specific_carryover",0.5,0.5,0.15,0.85,0.15,0.85,3,1,6,"continuous",0.0179,28,1,1,1,0,0,1,0.03,0.2,0.1239,0.2456,49.7804,0.1355,NA,NA,1.4,17,4.554,4.554,0,29.985,29.985,0,0,0.1,1663.129,1000,1000
183,35,4,"higher_gap_below_MTD",1,3,2,0.3,"two_stage",30,30,6,30,"CRM","random_carryoever","random",0.15,0.85,"dose_specific_carryover",0.5,0.5,0.15,0.85,0.15,0.85,3,1,6,"continuous",0.0179,28,1,1,1,0,0,2,0.09,0.45,0.1662,0.4113,58.033,0.1355,NA,NA,6.5,44.2,8.718,8.718,0,29.985,29.985,0,0,0.1,1663.129,1000,1000
183,35,4,"higher_gap_below_MTD",1,3,2,0.3,"two_stage",30,30,6,30,"CRM","random_carryoever","random",0.15,0.85,"dose_specific_carryover",0.5,0.5,0.15,0.85,0.15,0.85,3,1,6,"continuous",0.0179,28,1,1,1,0,0,3,0.3,0.45,0.2544,0.4191,54.97,0.1355,NA,NA,43.6,26.1,8.808,8.808,0,29.985,29.985,0,0,0.1,1663.129,1000,1000
183,35,4,"higher_gap_below_MTD",1,3,2,0.3,"two_stage",30,30,6,30,"CRM","random_carryoever","random",0.15,0.85,"dose_specific_carryover",0.5,0.5,0.15,0.85,0.15,0.85,3,1,6,"continuous",0.0179,28,1,1,1,0,0,4,0.4,0.45,0.3004,0.4522,55.1191,0.1355,NA,NA,31.1,10.5,5.118,5.118,0,29.985,29.985,0,0,0.1,1663.129,1000,1000
183,35,4,"higher_gap_below_MTD",1,3,2,0.3,"two_stage",30,30,6,30,"CRM","random_carryoever","random",0.15,0.85,"dose_specific_carryover",0.5,0.5,0.15,0.85,0.15,0.85,3,1,6,"continuous",0.0179,28,1,1,1,0,0,5,0.45,0.45,0.3958,0.4816,53.0635,0.1355,NA,NA,17.4,2.1,2.787,2.787,0,29.985,29.985,0,0,0.1,1663.129,1000,1000
184,36,5,"higher_gap_below_MTD",1,2,2,0.3,"two_stage",30,30,6,30,"CRM","random_carryoever","random",0.15,0.85,"dose_specific_carryover",0.5,0.5,0.15,0.85,0.15,0.85,3,1,6,"continuous",0.0179,28,1,1,1,0,0,1,0.13,0.05,0.195,0.1064,38.5856,0.1386,NA,NA,23.8,25.8,9.72,9.72,0,27.846,27.846,0.4,0.4,16.2,1545.8893,1000,1000
184,36,5,"higher_gap_below_MTD",1,2,2,0.3,"two_stage",30,30,6,30,"CRM","random_carryoever","random",0.15,0.85,"dose_specific_carryover",0.5,0.5,0.15,0.85,0.15,0.85,3,1,6,"continuous",0.0179,28,1,1,1,0,0,2,0.29,0.2,0.2453,0.2586,45.7033,0.1386,NA,NA,35.6,40.8,8.322,8.322,0,27.846,27.846,0.4,0.4,16.2,1545.8893,1000,1000
184,36,5,"higher_gap_below_MTD",1,2,2,0.3,"two_stage",30,30,6,30,"CRM","random_carryoever","random",0.15,0.85,"dose_specific_carryover",0.5,0.5,0.15,0.85,0.15,0.85,3,1,6,"continuous",0.0179,28,1,1,1,0,0,3,0.35,0.22,0.3424,0.323,45.6869,0.1386,NA,NA,23.8,10.3,5.832,5.832,0,27.846,27.846,0.4,0.4,16.2,1545.8893,1000,1000
184,36,5,"higher_gap_below_MTD",1,2,2,0.3,"two_stage",30,30,6,30,"CRM","random_carryoever","random",0.15,0.85,"dose_specific_carryover",0.5,0.5,0.15,0.85,0.15,0.85,3,1,6,"continuous",0.0179,28,1,1,1,0,0,4,0.4,0.3,0.39,0.4312,50.2751,0.1386,NA,NA,11.7,5.9,2.781,2.781,0,27.846,27.846,0.4,0.4,16.2,1545.8893,1000,1000
184,36,5,"higher_gap_below_MTD",1,2,2,0.3,"two_stage",30,30,6,30,"CRM","random_carryoever","random",0.15,0.85,"dose_specific_carryover",0.5,0.5,0.15,0.85,0.15,0.85,3,1,6,"continuous",0.0179,28,1,1,1,0,0,5,0.43,0.35,0.4841,0.4775,49.2849,0.1386,NA,NA,4.7,1,1.191,1.191,0,27.846,27.846,0.4,0.4,16.2,1545.8893,1000,1000
185,37,6,"higher_gap_below_MTD",1,2,2,0.3,"two_stage",30,30,6,30,"CRM","random_carryoever","random",0.15,0.85,"dose_specific_carryover",0.5,0.5,0.15,0.85,0.15,0.85,3,1,6,"continuous",0.0179,28,1,1,1,0,0,1,0.08,0.05,0.1996,0.1076,38.4711,0.1386,NA,NA,17.6,31.8,8.886,8.886,0,28.71,28.71,0.1,0.1,7.4,1594.5192,1000,1000
185,37,6,"higher_gap_below_MTD",1,2,2,0.3,"two_stage",30,30,6,30,"CRM","random_carryoever","random",0.15,0.85,"dose_specific_carryover",0.5,0.5,0.15,0.85,0.15,0.85,3,1,6,"continuous",0.0179,28,1,1,1,0,0,2,0.3,0.2,0.2508,0.231,43.8243,0.1386,NA,NA,44.9,48.2,10.524,10.524,0,28.71,28.71,0.1,0.1,7.4,1594.5192,1000,1000
185,37,6,"higher_gap_below_MTD",1,2,2,0.3,"two_stage",30,30,6,30,"CRM","random_carryoever","random",0.15,0.85,"dose_specific_carryover",0.5,0.5,0.15,0.85,0.15,0.85,3,1,6,"continuous",0.0179,28,1,1,1,0,0,3,0.4,0.2,0.3493,0.2982,43.9198,0.1386,NA,NA,26.9,9.9,6.273,6.273,0,28.71,28.71,0.1,0.1,7.4,1594.5192,1000,1000
185,37,6,"higher_gap_below_MTD",1,2,2,0.3,"two_stage",30,30,6,30,"CRM","random_carryoever","random",0.15,0.85,"dose_specific_carryover",0.5,0.5,0.15,0.85,0.15,0.85,3,1,6,"continuous",0.0179,28,1,1,1,0,0,4,0.45,0.2,0.3972,0.4112,48.7822,0.1386,NA,NA,8.1,2.5,2.283,2.283,0,28.71,28.71,0.1,0.1,7.4,1594.5192,1000,1000
185,37,6,"higher_gap_below_MTD",1,2,2,0.3,"two_stage",30,30,6,30,"CRM","random_carryoever","random",0.15,0.85,"dose_specific_carryover",0.5,0.5,0.15,0.85,0.15,0.85,3,1,6,"continuous",0.0179,28,1,1,1,0,0,5,0.5,0.2,0.4916,0.4668,48.3413,0.1386,NA,NA,2.4,0.2,0.744,0.744,0,28.71,28.71,0.1,0.1,7.4,1594.5192,1000,1000
186,1,1,"base_example",1,1,1,0.3,"one_stage",30,30,30,30,"CRM","random_carryoever","random",0.15,0.85,"dose_specific_carryover",0.5,0.5,0.15,0.85,0.15,0.85,3,1,6,"continuous",0.0179,28,1,1,1,0,0,1,0.3,0.05,0.3238,0.081,31.9097,0.1385,NA,NA,52.2,35,15.093,15.093,0,24.792,24.792,12,13.9,49.2,1371.9385,1000,1000
186,1,1,"base_example",1,1,1,0.3,"one_stage",30,30,30,30,"CRM","random_carryoever","random",0.15,0.85,"dose_specific_carryover",0.5,0.5,0.15,0.85,0.15,0.85,3,1,6,"continuous",0.0179,28,1,1,1,0,0,2,0.35,0.06,0.3782,0.1393,33.2296,0.1385,NA,NA,23.1,14.1,5.709,5.709,0,24.792,24.792,12,13.9,49.2,1371.9385,1000,1000
186,1,1,"base_example",1,1,1,0.3,"one_stage",30,30,30,30,"CRM","random_carryoever","random",0.15,0.85,"dose_specific_carryover",0.5,0.5,0.15,0.85,0.15,0.85,3,1,6,"continuous",0.0179,28,1,1,1,0,0,3,0.4,0.07,0.475,0.3486,41.9187,0.1385,NA,NA,8.3,1.5,2.28,2.28,0,24.792,24.792,12,13.9,49.2,1371.9385,1000,1000
186,1,1,"base_example",1,1,1,0.3,"one_stage",30,30,30,30,"CRM","random_carryoever","random",0.15,0.85,"dose_specific_carryover",0.5,0.5,0.15,0.85,0.15,0.85,3,1,6,"continuous",0.0179,28,1,1,1,0,0,4,0.45,0.08,0.5194,0.4003,43.2413,0.1385,NA,NA,3.8,0.2,1.341,1.341,0,24.792,24.792,12,13.9,49.2,1371.9385,1000,1000
186,1,1,"base_example",1,1,1,0.3,"one_stage",30,30,30,30,"CRM","random_carryoever","random",0.15,0.85,"dose_specific_carryover",0.5,0.5,0.15,0.85,0.15,0.85,3,1,6,"continuous",0.0179,28,1,1,1,0,0,5,0.5,0.09,0.6032,0.4677,43.9351,0.1385,NA,NA,0.6,0,0.369,0.369,0,24.792,24.792,12,13.9,49.2,1371.9385,1000,1000
187,2,2,"base_example",1,3,3,0.3,"one_stage",30,30,30,30,"CRM","random_carryoever","random",0.15,0.85,"dose_specific_carryover",0.5,0.5,0.15,0.85,0.15,0.85,3,1,6,"continuous",0.0179,28,1,1,1,0,0,1,0.15,0.2,0.1643,0.2198,46.6174,0.1375,NA,NA,4.4,31.3,9.954,9.954,0,29.865,29.865,0.3,0.3,1,1656.8018,1000,1000
187,2,2,"base_example",1,3,3,0.3,"one_stage",30,30,30,30,"CRM","random_carryoever","random",0.15,0.85,"dose_specific_carryover",0.5,0.5,0.15,0.85,0.15,0.85,3,1,6,"continuous",0.0179,28,1,1,1,0,0,2,0.2,0.25,0.2115,0.2483,46.439,0.1375,NA,NA,32.4,20.1,7.173,7.173,0,29.865,29.865,0.3,0.3,1,1656.8018,1000,1000
187,2,2,"base_example",1,3,3,0.3,"one_stage",30,30,30,30,"CRM","random_carryoever","random",0.15,0.85,"dose_specific_carryover",0.5,0.5,0.15,0.85,0.15,0.85,3,1,6,"continuous",0.0179,28,1,1,1,0,0,3,0.3,0.5,0.3056,0.463,55.5566,0.1375,NA,NA,40.7,35.7,8.682,8.682,0,29.865,29.865,0.3,0.3,1,1656.8018,1000,1000
187,2,2,"base_example",1,3,3,0.3,"one_stage",30,30,30,30,"CRM","random_carryoever","random",0.15,0.85,"dose_specific_carryover",0.5,0.5,0.15,0.85,0.15,0.85,3,1,6,"continuous",0.0179,28,1,1,1,0,0,4,0.35,0.5,0.3528,0.4906,55.3244,0.1375,NA,NA,18,10.6,3.381,3.381,0,29.865,29.865,0.3,0.3,1,1656.8018,1000,1000
187,2,2,"base_example",1,3,3,0.3,"one_stage",30,30,30,30,"CRM","random_carryoever","random",0.15,0.85,"dose_specific_carryover",0.5,0.5,0.15,0.85,0.15,0.85,3,1,6,"continuous",0.0179,28,1,1,1,0,0,5,0.45,0.5,0.448,0.4948,51.7699,0.1375,NA,NA,4.2,1.3,0.675,0.675,0,29.865,29.865,0.3,0.3,1,1656.8018,1000,1000
188,3,3,"base_example",1,3,2,0.3,"one_stage",30,30,30,30,"CRM","random_carryoever","random",0.15,0.85,"dose_specific_carryover",0.5,0.5,0.15,0.85,0.15,0.85,3,1,6,"continuous",0.0179,28,1,1,1,0,0,1,0.15,0.1,0.165,0.1601,43.0073,0.1381,NA,NA,5.8,11.7,6.909,6.909,0,29.679,29.679,0.3,0.4,2.9,1646.4743,1000,1000
188,3,3,"base_example",1,3,2,0.3,"one_stage",30,30,30,30,"CRM","random_carryoever","random",0.15,0.85,"dose_specific_carryover",0.5,0.5,0.15,0.85,0.15,0.85,3,1,6,"continuous",0.0179,28,1,1,1,0,0,2,0.2,0.4,0.2122,0.3569,52.9255,0.1381,NA,NA,33.8,53.6,12.384,12.384,0,29.679,29.679,0.3,0.4,2.9,1646.4743,1000,1000
188,3,3,"base_example",1,3,2,0.3,"one_stage",30,30,30,30,"CRM","random_carryoever","random",0.15,0.85,"dose_specific_carryover",0.5,0.5,0.15,0.85,0.15,0.85,3,1,6,"continuous",0.0179,28,1,1,1,0,0,3,0.3,0.4,0.306,0.4077,52.2199,0.1381,NA,NA,35.8,21.8,6.372,6.372,0,29.679,29.679,0.3,0.4,2.9,1646.4743,1000,1000
188,3,3,"base_example",1,3,2,0.3,"one_stage",30,30,30,30,"CRM","random_carryoever","random",0.15,0.85,"dose_specific_carryover",0.5,0.5,0.15,0.85,0.15,0.85,3,1,6,"continuous",0.0179,28,1,1,1,0,0,4,0.35,0.4,0.3531,0.4571,53.2978,0.1381,NA,NA,18.7,8.5,3.213,3.213,0,29.679,29.679,0.3,0.4,2.9,1646.4743,1000,1000
188,3,3,"base_example",1,3,2,0.3,"one_stage",30,30,30,30,"CRM","random_carryoever","random",0.15,0.85,"dose_specific_carryover",0.5,0.5,0.15,0.85,0.15,0.85,3,1,6,"continuous",0.0179,28,1,1,1,0,0,5,0.45,0.4,0.4482,0.4813,50.9511,0.1381,NA,NA,5.6,1.5,0.801,0.801,0,29.679,29.679,0.3,0.4,2.9,1646.4743,1000,1000
189,4,4,"base_example",1,4,4,0.3,"one_stage",30,30,30,30,"CRM","random_carryoever","random",0.15,0.85,"dose_specific_carryover",0.5,0.5,0.15,0.85,0.15,0.85,3,1,6,"continuous",0.0179,28,1,1,1,0,0,1,0.05,0.05,0.1009,0.146,44.7249,0.1366,NA,NA,0.2,10.4,4.488,4.488,0,29.979,29.979,0,0,0.3,1663.1064,1000,1000
189,4,4,"base_example",1,4,4,0.3,"one_stage",30,30,30,30,"CRM","random_carryoever","random",0.15,0.85,"dose_specific_carryover",0.5,0.5,0.15,0.85,0.15,0.85,3,1,6,"continuous",0.0179,28,1,1,1,0,0,2,0.1,0.1,0.139,0.1687,44.5609,0.1366,NA,NA,2.7,8.5,4.683,4.683,0,29.979,29.979,0,0,0.3,1663.1064,1000,1000
189,4,4,"base_example",1,4,4,0.3,"one_stage",30,30,30,30,"CRM","random_carryoever","random",0.15,0.85,"dose_specific_carryover",0.5,0.5,0.15,0.85,0.15,0.85,3,1,6,"continuous",0.0179,28,1,1,1,0,0,3,0.18,0.25,0.2214,0.2559,46.4987,0.1366,NA,NA,17,16.3,6.843,6.843,0,29.979,29.979,0,0,0.3,1663.1064,1000,1000
189,4,4,"base_example",1,4,4,0.3,"one_stage",30,30,30,30,"CRM","random_carryoever","random",0.15,0.85,"dose_specific_carryover",0.5,0.5,0.15,0.85,0.15,0.85,3,1,6,"continuous",0.0179,28,1,1,1,0,0,4,0.3,0.5,0.2656,0.4698,57.5608,0.1366,NA,NA,57.1,52.6,10.707,10.707,0,29.979,29.979,0,0,0.3,1663.1064,1000,1000
189,4,4,"base_example",1,4,4,0.3,"one_stage",30,30,30,30,"CRM","random_carryoever","random",0.15,0.85,"dose_specific_carryover",0.5,0.5,0.15,0.85,0.15,0.85,3,1,6,"continuous",0.0179,28,1,1,1,0,0,5,0.4,0.55,0.3596,0.5001,55.6233,0.1366,NA,NA,23,11.9,3.258,3.258,0,29.979,29.979,0,0,0.3,1663.1064,1000,1000
190,5,5,"base_example",1,5,2,0.3,"one_stage",30,30,30,30,"CRM","random_carryoever","random",0.15,0.85,"dose_specific_carryover",0.5,0.5,0.15,0.85,0.15,0.85,3,1,6,"continuous",0.0179,28,1,1,1,0,0,1,0.07,0.05,0.0846,0.1472,45.4466,0.1386,NA,NA,0.7,9.1,4.011,4.011,0,29.94,29.94,0,0,0.6,1660.7443,1000,1000
190,5,5,"base_example",1,5,2,0.3,"one_stage",30,30,30,30,"CRM","random_carryoever","random",0.15,0.85,"dose_specific_carryover",0.5,0.5,0.15,0.85,0.15,0.85,3,1,6,"continuous",0.0179,28,1,1,1,0,0,2,0.12,0.3,0.1183,0.2841,52.3105,0.1386,NA,NA,5.7,43.6,8.16,8.16,0,29.94,29.94,0,0,0.6,1660.7443,1000,1000
190,5,5,"base_example",1,5,2,0.3,"one_stage",30,30,30,30,"CRM","random_carryoever","random",0.15,0.85,"dose_specific_carryover",0.5,0.5,0.15,0.85,0.15,0.85,3,1,6,"continuous",0.0179,28,1,1,1,0,0,3,0.17,0.3,0.1936,0.2924,49.8002,0.1386,NA,NA,17.7,24,7.182,7.182,0,29.94,29.94,0,0,0.6,1660.7443,1000,1000
190,5,5,"base_example",1,5,2,0.3,"one_stage",30,30,30,30,"CRM","random_carryoever","random",0.15,0.85,"dose_specific_carryover",0.5,0.5,0.15,0.85,0.15,0.85,3,1,6,"continuous",0.0179,28,1,1,1,0,0,4,0.22,0.3,0.2351,0.3261,50.1623,0.1386,NA,NA,30.7,16.7,6.78,6.78,0,29.94,29.94,0,0,0.6,1660.7443,1000,1000
190,5,5,"base_example",1,5,2,0.3,"one_stage",30,30,30,30,"CRM","random_carryoever","random",0.15,0.85,"dose_specific_carryover",0.5,0.5,0.15,0.85,0.15,0.85,3,1,6,"continuous",0.0179,28,1,1,1,0,0,5,0.3,0.3,0.3254,0.3808,49.8314,0.1386,NA,NA,45.2,6,3.807,3.807,0,29.94,29.94,0,0,0.6,1660.7443,1000,1000
191,6,1,"five_scenarios_txt",1,1,1,0.3,"one_stage",30,30,30,30,"CRM","random_carryoever","random",0.15,0.85,"dose_specific_carryover",0.5,0.5,0.15,0.85,0.15,0.85,3,1,6,"continuous",0.0179,28,1,1,1,0,0,1,0.29,0.3,0.3081,0.3006,45.7095,0.1377,NA,NA,45.7,65.2,18.129,18.129,0,27.804,27.804,11.1,12.4,12.6,1543.6368,1000,1000
191,6,1,"five_scenarios_txt",1,1,1,0.3,"one_stage",30,30,30,30,"CRM","random_carryoever","random",0.15,0.85,"dose_specific_carryover",0.5,0.5,0.15,0.85,0.15,0.85,3,1,6,"continuous",0.0179,28,1,1,1,0,0,2,0.34,0.32,0.3626,0.3471,46.3218,0.1377,NA,NA,29.8,17.2,5.901,5.901,0,27.804,27.804,11.1,12.4,12.6,1543.6368,1000,1000
191,6,1,"five_scenarios_txt",1,1,1,0.3,"one_stage",30,30,30,30,"CRM","random_carryoever","random",0.15,0.85,"dose_specific_carryover",0.5,0.5,0.15,0.85,0.15,0.85,3,1,6,"continuous",0.0179,28,1,1,1,0,0,3,0.38,0.35,0.4601,0.4457,48.3378,0.1377,NA,NA,9,3.1,2.409,2.409,0,27.804,27.804,11.1,12.4,12.6,1543.6368,1000,1000
191,6,1,"five_scenarios_txt",1,1,1,0.3,"one_stage",30,30,30,30,"CRM","random_carryoever","random",0.15,0.85,"dose_specific_carryover",0.5,0.5,0.15,0.85,0.15,0.85,3,1,6,"continuous",0.0179,28,1,1,1,0,0,4,0.43,0.38,0.5052,0.4806,48.6279,0.1377,NA,NA,3.8,1.5,1.119,1.119,0,27.804,27.804,11.1,12.4,12.6,1543.6368,1000,1000
191,6,1,"five_scenarios_txt",1,1,1,0.3,"one_stage",30,30,30,30,"CRM","random_carryoever","random",0.15,0.85,"dose_specific_carryover",0.5,0.5,0.15,0.85,0.15,0.85,3,1,6,"continuous",0.0179,28,1,1,1,0,0,5,0.52,0.4,0.5905,0.4943,46.0377,0.1377,NA,NA,0.6,0.4,0.246,0.246,0,27.804,27.804,11.1,12.4,12.6,1543.6368,1000,1000
192,7,2,"five_scenarios_txt",1,4,2,0.3,"one_stage",30,30,30,30,"CRM","random_carryoever","random",0.15,0.85,"dose_specific_carryover",0.5,0.5,0.15,0.85,0.15,0.85,3,1,6,"continuous",0.0179,28,1,1,1,0,0,1,0.16,0.2,0.1586,0.2299,47.4477,0.1396,NA,NA,5.8,14.2,7.956,7.956,0,29.814,29.814,0.4,0.5,1.2,1653.7413,1000,1000
192,7,2,"five_scenarios_txt",1,4,2,0.3,"one_stage",30,30,30,30,"CRM","random_carryoever","random",0.15,0.85,"dose_specific_carryover",0.5,0.5,0.15,0.85,0.15,0.85,3,1,6,"continuous",0.0179,28,1,1,1,0,0,2,0.2,0.5,0.2047,0.4389,58.1466,0.1396,NA,NA,47.9,54.2,13.653,13.653,0,29.814,29.814,0.4,0.5,1.2,1653.7413,1000,1000
192,7,2,"five_scenarios_txt",1,4,2,0.3,"one_stage",30,30,30,30,"CRM","random_carryoever","random",0.15,0.85,"dose_specific_carryover",0.5,0.5,0.15,0.85,0.15,0.85,3,1,6,"continuous",0.0179,28,1,1,1,0,0,3,0.26,0.5,0.297,0.4715,56.412,0.1396,NA,NA,27.3,20.2,5.178,5.178,0,29.814,29.814,0.4,0.5,1.2,1653.7413,1000,1000
192,7,2,"five_scenarios_txt",1,4,2,0.3,"one_stage",30,30,30,30,"CRM","random_carryoever","random",0.15,0.85,"dose_specific_carryover",0.5,0.5,0.15,0.85,0.15,0.85,3,1,6,"continuous",0.0179,28,1,1,1,0,0,4,0.31,0.5,0.3437,0.4911,55.7193,0.1396,NA,NA,14,8.7,2.442,2.442,0,29.814,29.814,0.4,0.5,1.2,1653.7413,1000,1000
192,7,2,"five_scenarios_txt",1,4,2,0.3,"one_stage",30,30,30,30,"CRM","random_carryoever","random",0.15,0.85,"dose_specific_carryover",0.5,0.5,0.15,0.85,0.15,0.85,3,1,6,"continuous",0.0179,28,1,1,1,0,0,5,0.36,0.5,0.4384,0.4967,52.2684,0.1396,NA,NA,4.6,1.5,0.585,0.585,0,29.814,29.814,0.4,0.5,1.2,1653.7413,1000,1000
193,8,3,"five_scenarios_txt",1,1,1,0.3,"one_stage",30,30,30,30,"CRM","random_carryoever","random",0.15,0.85,"dose_specific_carryover",0.5,0.5,0.15,0.85,0.15,0.85,3,1,6,"continuous",0.0179,28,1,1,1,0,0,1,0.32,0.1,0.3481,0.1222,33.4069,0.1376,NA,NA,53,45.8,16.053,16.053,0,25.413,25.413,17,18.4,37.1,1411.3529,1000,1000
193,8,3,"five_scenarios_txt",1,1,1,0.3,"one_stage",30,30,30,30,"CRM","random_carryoever","random",0.15,0.85,"dose_specific_carryover",0.5,0.5,0.15,0.85,0.15,0.85,3,1,6,"continuous",0.0179,28,1,1,1,0,0,2,0.37,0.15,0.4027,0.2179,36.9647,0.1376,NA,NA,21.2,14,5.892,5.892,0,25.413,25.413,17,18.4,37.1,1411.3529,1000,1000
193,8,3,"five_scenarios_txt",1,1,1,0.3,"one_stage",30,30,30,30,"CRM","random_carryoever","random",0.15,0.85,"dose_specific_carryover",0.5,0.5,0.15,0.85,0.15,0.85,3,1,6,"continuous",0.0179,28,1,1,1,0,0,3,0.42,0.2,0.4986,0.402,44.1748,0.1376,NA,NA,6.6,2.1,2.151,2.151,0,25.413,25.413,17,18.4,37.1,1411.3529,1000,1000
193,8,3,"five_scenarios_txt",1,1,1,0.3,"one_stage",30,30,30,30,"CRM","random_carryoever","random",0.15,0.85,"dose_specific_carryover",0.5,0.5,0.15,0.85,0.15,0.85,3,1,6,"continuous",0.0179,28,1,1,1,0,0,4,0.48,0.3,0.5421,0.4614,46.0005,0.1376,NA,NA,1.7,0.8,1.077,1.077,0,25.413,25.413,17,18.4,37.1,1411.3529,1000,1000
193,8,3,"five_scenarios_txt",1,1,1,0.3,"one_stage",30,30,30,30,"CRM","random_carryoever","random",0.15,0.85,"dose_specific_carryover",0.5,0.5,0.15,0.85,0.15,0.85,3,1,6,"continuous",0.0179,28,1,1,1,0,0,5,0.52,0.4,0.6235,0.4937,44.6824,0.1376,NA,NA,0.5,0.2,0.24,0.24,0,25.413,25.413,17,18.4,37.1,1411.3529,1000,1000
194,9,4,"five_scenarios_txt",1,5,5,0.3,"one_stage",30,30,30,30,"CRM","random_carryoever","random",0.15,0.85,"dose_specific_carryover",0.5,0.5,0.15,0.85,0.15,0.85,3,1,6,"continuous",0.0179,28,1,1,1,0,0,1,0.15,0.05,0.1276,0.1235,42.3079,0.1395,NA,NA,5.8,22.1,7.722,7.722,0,29.457,29.457,0.3,0.3,6.1,1634.2926,1000,1000
194,9,4,"five_scenarios_txt",1,5,5,0.3,"one_stage",30,30,30,30,"CRM","random_carryoever","random",0.15,0.85,"dose_specific_carryover",0.5,0.5,0.15,0.85,0.15,0.85,3,1,6,"continuous",0.0179,28,1,1,1,0,0,2,0.18,0.08,0.1679,0.1438,41.9147,0.1395,NA,NA,15.5,17.8,5.922,5.922,0,29.457,29.457,0.3,0.3,6.1,1634.2926,1000,1000
194,9,4,"five_scenarios_txt",1,5,5,0.3,"one_stage",30,30,30,30,"CRM","random_carryoever","random",0.15,0.85,"dose_specific_carryover",0.5,0.5,0.15,0.85,0.15,0.85,3,1,6,"continuous",0.0179,28,1,1,1,0,0,3,0.22,0.2,0.2522,0.2502,44.9231,0.1395,NA,NA,18,17.9,5.841,5.841,0,29.457,29.457,0.3,0.3,6.1,1634.2926,1000,1000
194,9,4,"five_scenarios_txt",1,5,5,0.3,"one_stage",30,30,30,30,"CRM","random_carryoever","random",0.15,0.85,"dose_specific_carryover",0.5,0.5,0.15,0.85,0.15,0.85,3,1,6,"continuous",0.0179,28,1,1,1,0,0,4,0.26,0.25,0.2963,0.3195,47.317,0.1395,NA,NA,25.6,14,5.349,5.349,0,29.457,29.457,0.3,0.3,6.1,1634.2926,1000,1000
194,9,4,"five_scenarios_txt",1,5,5,0.3,"one_stage",30,30,30,30,"CRM","random_carryoever","random",0.15,0.85,"dose_specific_carryover",0.5,0.5,0.15,0.85,0.15,0.85,3,1,6,"continuous",0.0179,28,1,1,1,0,0,5,0.29,0.5,0.3887,0.4812,53.3274,0.1395,NA,NA,34.8,22.1,4.623,4.623,0,29.457,29.457,0.3,0.3,6.1,1634.2926,1000,1000
195,10,5,"five_scenarios_txt",1,2,2,0.3,"one_stage",30,30,30,30,"CRM","random_carryoever","random",0.15,0.85,"dose_specific_carryover",0.5,0.5,0.15,0.85,0.15,0.85,3,1,6,"continuous",0.0179,28,1,1,1,0,0,1,0.23,0.05,0.2379,0.1088,37.0118,0.1377,NA,NA,28.7,13.1,9.894,9.894,0,27.744,27.744,3.5,3.6,22.7,1540.3978,1000,1000
195,10,5,"five_scenarios_txt",1,2,2,0.3,"one_stage",30,30,30,30,"CRM","random_carryoever","random",0.15,0.85,"dose_specific_carryover",0.5,0.5,0.15,0.85,0.15,0.85,3,1,6,"continuous",0.0179,28,1,1,1,0,0,2,0.28,0.4,0.2898,0.3894,51.7764,0.1377,NA,NA,34.2,44.3,11.022,11.022,0,27.744,27.744,3.5,3.6,22.7,1540.3978,1000,1000
195,10,5,"five_scenarios_txt",1,2,2,0.3,"one_stage",30,30,30,30,"CRM","random_carryoever","random",0.15,0.85,"dose_specific_carryover",0.5,0.5,0.15,0.85,0.15,0.85,3,1,6,"continuous",0.0179,28,1,1,1,0,0,3,0.32,0.42,0.387,0.4485,51.4274,0.1377,NA,NA,21.4,14.2,4.428,4.428,0,27.744,27.744,3.5,3.6,22.7,1540.3978,1000,1000
195,10,5,"five_scenarios_txt",1,2,2,0.3,"one_stage",30,30,30,30,"CRM","random_carryoever","random",0.15,0.85,"dose_specific_carryover",0.5,0.5,0.15,0.85,0.15,0.85,3,1,6,"continuous",0.0179,28,1,1,1,0,0,4,0.39,0.45,0.4336,0.4833,51.6508,0.1377,NA,NA,10.1,4.9,1.947,1.947,0,27.744,27.744,3.5,3.6,22.7,1540.3978,1000,1000
195,10,5,"five_scenarios_txt",1,2,2,0.3,"one_stage",30,30,30,30,"CRM","random_carryoever","random",0.15,0.85,"dose_specific_carryover",0.5,0.5,0.15,0.85,0.15,0.85,3,1,6,"continuous",0.0179,28,1,1,1,0,0,5,0.43,0.5,0.5244,0.4952,48.7341,0.1377,NA,NA,2.1,0.8,0.453,0.453,0,27.744,27.744,3.5,3.6,22.7,1540.3978,1000,1000
196,11,1,"five_scenarios_txt",1,2,1,0.3,"one_stage",30,30,30,30,"CRM","random_carryoever","random",0.15,0.85,"dose_specific_carryover",0.5,0.5,0.15,0.85,0.15,0.85,3,1,6,"continuous",0.0179,28,1,1,1,0,0,1,0.22,0.2,0.2568,0.2091,42.2762,0.1384,NA,NA,31.5,69.8,17.298,17.298,0,29.244,29.244,3.3,3.5,5.6,1623.7521,1000,1000
196,11,1,"five_scenarios_txt",1,2,1,0.3,"one_stage",30,30,30,30,"CRM","random_carryoever","random",0.15,0.85,"dose_specific_carryover",0.5,0.5,0.15,0.85,0.15,0.85,3,1,6,"continuous",0.0179,28,1,1,1,0,0,2,0.32,0.2,0.3113,0.2221,40.8724,0.1384,NA,NA,48.2,20.5,7.464,7.464,0,29.244,29.244,3.3,3.5,5.6,1623.7521,1000,1000
196,11,1,"five_scenarios_txt",1,2,1,0.3,"one_stage",30,30,30,30,"CRM","random_carryoever","random",0.15,0.85,"dose_specific_carryover",0.5,0.5,0.15,0.85,0.15,0.85,3,1,6,"continuous",0.0179,28,1,1,1,0,0,3,0.44,0.2,0.4117,0.3652,45.4436,0.1384,NA,NA,15,3.7,3.057,3.057,0,29.244,29.244,3.3,3.5,5.6,1623.7521,1000,1000
196,11,1,"five_scenarios_txt",1,2,1,0.3,"one_stage",30,30,30,30,"CRM","random_carryoever","random",0.15,0.85,"dose_specific_carryover",0.5,0.5,0.15,0.85,0.15,0.85,3,1,6,"continuous",0.0179,28,1,1,1,0,0,4,0.59,0.2,0.459,0.4315,47.5304,0.1384,NA,NA,2,0.4,1.227,1.227,0,29.244,29.244,3.3,3.5,5.6,1623.7521,1000,1000
196,11,1,"five_scenarios_txt",1,2,1,0.3,"one_stage",30,30,30,30,"CRM","random_carryoever","random",0.15,0.85,"dose_specific_carryover",0.5,0.5,0.15,0.85,0.15,0.85,3,1,6,"continuous",0.0179,28,1,1,1,0,0,5,0.67,0.2,0.5496,0.4864,47.1988,0.1384,NA,NA,0,0,0.198,0.198,0,29.244,29.244,3.3,3.5,5.6,1623.7521,1000,1000
197,12,2,"five_scenarios_txt",3,4,4,0.3,"one_stage",30,30,30,30,"CRM","random_carryoever","random",0.15,0.85,"dose_specific_carryover",0.5,0.5,0.15,0.85,0.15,0.85,3,1,6,"continuous",0.0179,28,1,1,1,0,0,1,0.06,0.05,0.1026,0.1417,44.3976,0.1388,NA,NA,0.2,16.9,4.902,4.902,0,29.976,29.976,0,0,0.3,1662.6045,1000,1000
197,12,2,"five_scenarios_txt",3,4,4,0.3,"one_stage",30,30,30,30,"CRM","random_carryoever","random",0.15,0.85,"dose_specific_carryover",0.5,0.5,0.15,0.85,0.15,0.85,3,1,6,"continuous",0.0179,28,1,1,1,0,0,2,0.09,0.1,0.141,0.164,44.1969,0.1388,NA,NA,2.8,14.9,5.271,5.271,0,29.976,29.976,0,0,0.3,1662.6045,1000,1000
197,12,2,"five_scenarios_txt",3,4,4,0.3,"one_stage",30,30,30,30,"CRM","random_carryoever","random",0.15,0.85,"dose_specific_carryover",0.5,0.5,0.15,0.85,0.15,0.85,3,1,6,"continuous",0.0179,28,1,1,1,0,0,3,0.18,0.12,0.2241,0.1733,41.4339,0.1388,NA,NA,16.7,7.7,5.418,5.418,0,29.976,29.976,0,0,0.3,1662.6045,1000,1000
197,12,2,"five_scenarios_txt",3,4,4,0.3,"one_stage",30,30,30,30,"CRM","random_carryoever","random",0.15,0.85,"dose_specific_carryover",0.5,0.5,0.15,0.85,0.15,0.85,3,1,6,"continuous",0.0179,28,1,1,1,0,0,4,0.29,0.4,0.2685,0.3842,52.3133,0.1388,NA,NA,51.2,40.1,9.615,9.615,0,29.976,29.976,0,0,0.3,1662.6045,1000,1000
197,12,2,"five_scenarios_txt",3,4,4,0.3,"one_stage",30,30,30,30,"CRM","random_carryoever","random",0.15,0.85,"dose_specific_carryover",0.5,0.5,0.15,0.85,0.15,0.85,3,1,6,"continuous",0.0179,28,1,1,1,0,0,5,0.44,0.6,0.3628,0.5333,57.4861,0.1388,NA,NA,29.1,20.1,4.77,4.77,0,29.976,29.976,0,0,0.3,1662.6045,1000,1000
198,13,3,"five_scenarios_txt",1,3,3,0.3,"one_stage",30,30,30,30,"CRM","random_carryoever","random",0.15,0.85,"dose_specific_carryover",0.5,0.5,0.15,0.85,0.15,0.85,3,1,6,"continuous",0.0179,28,1,1,1,0,0,1,0.21,0.05,0.2271,0.1063,37.2927,0.1366,NA,NA,26.4,15.8,9.912,9.912,0,28.095,28.095,2.3,2.7,19.8,1558.6633,1000,1000
198,13,3,"five_scenarios_txt",1,3,3,0.3,"one_stage",30,30,30,30,"CRM","random_carryoever","random",0.15,0.85,"dose_specific_carryover",0.5,0.5,0.15,0.85,0.15,0.85,3,1,6,"continuous",0.0179,28,1,1,1,0,0,2,0.29,0.3,0.2787,0.3037,47.0766,0.1366,NA,NA,32.5,44,10.113,10.113,0,28.095,28.095,2.3,2.7,19.8,1558.6633,1000,1000
198,13,3,"five_scenarios_txt",1,3,3,0.3,"one_stage",30,30,30,30,"CRM","random_carryoever","random",0.15,0.85,"dose_specific_carryover",0.5,0.5,0.15,0.85,0.15,0.85,3,1,6,"continuous",0.0179,28,1,1,1,0,0,3,0.3,0.32,0.3761,0.3912,48.4289,0.1366,NA,NA,20.9,14.4,4.722,4.722,0,28.095,28.095,2.3,2.7,19.8,1558.6633,1000,1000
198,13,3,"five_scenarios_txt",1,3,3,0.3,"one_stage",30,30,30,30,"CRM","random_carryoever","random",0.15,0.85,"dose_specific_carryover",0.5,0.5,0.15,0.85,0.15,0.85,3,1,6,"continuous",0.0179,28,1,1,1,0,0,4,0.39,0.35,0.423,0.4409,49.5305,0.1366,NA,NA,15.2,4.7,2.625,2.625,0,28.095,28.095,2.3,2.7,19.8,1558.6633,1000,1000
198,13,3,"five_scenarios_txt",1,3,3,0.3,"one_stage",30,30,30,30,"CRM","random_carryoever","random",0.15,0.85,"dose_specific_carryover",0.5,0.5,0.15,0.85,0.15,0.85,3,1,6,"continuous",0.0179,28,1,1,1,0,0,5,0.46,0.4,0.5147,0.4846,48.4888,0.1366,NA,NA,2.7,1.3,0.723,0.723,0,28.095,28.095,2.3,2.7,19.8,1558.6633,1000,1000
199,14,4,"five_scenarios_txt",1,4,4,0.3,"one_stage",30,30,30,30,"CRM","random_carryoever","random",0.15,0.85,"dose_specific_carryover",0.5,0.5,0.15,0.85,0.15,0.85,3,1,6,"continuous",0.0179,28,1,1,1,0,0,1,0.09,0.05,0.1155,0.1295,43.1495,0.1378,NA,NA,1.2,27.2,6.9,6.9,0,29.898,29.898,0,0,1.3,1658.5983,1000,1000
199,14,4,"five_scenarios_txt",1,4,4,0.3,"one_stage",30,30,30,30,"CRM","random_carryoever","random",0.15,0.85,"dose_specific_carryover",0.5,0.5,0.15,0.85,0.15,0.85,3,1,6,"continuous",0.0179,28,1,1,1,0,0,2,0.15,0.08,0.1558,0.1404,42.1939,0.1378,NA,NA,10.5,20.7,6.072,6.072,0,29.898,29.898,0,0,1.3,1658.5983,1000,1000
199,14,4,"five_scenarios_txt",1,4,4,0.3,"one_stage",30,30,30,30,"CRM","random_carryoever","random",0.15,0.85,"dose_specific_carryover",0.5,0.5,0.15,0.85,0.15,0.85,3,1,6,"continuous",0.0179,28,1,1,1,0,0,3,0.23,0.12,0.241,0.1842,41.4113,0.1378,NA,NA,23,11.1,5.427,5.427,0,29.898,29.898,0,0,1.3,1658.5983,1000,1000
199,14,4,"five_scenarios_txt",1,4,4,0.3,"one_stage",30,30,30,30,"CRM","random_carryoever","random",0.15,0.85,"dose_specific_carryover",0.5,0.5,0.15,0.85,0.15,0.85,3,1,6,"continuous",0.0179,28,1,1,1,0,0,4,0.28,0.3,0.2859,0.3314,48.4456,0.1378,NA,NA,36.6,28.7,7.71,7.71,0,29.898,29.898,0,0,1.3,1658.5983,1000,1000
199,14,4,"five_scenarios_txt",1,4,4,0.3,"one_stage",30,30,30,30,"CRM","random_carryoever","random",0.15,0.85,"dose_specific_carryover",0.5,0.5,0.15,0.85,0.15,0.85,3,1,6,"continuous",0.0179,28,1,1,1,0,0,5,0.39,0.4,0.3802,0.4373,51.0345,0.1378,NA,NA,28.7,11,3.789,3.789,0,29.898,29.898,0,0,1.3,1658.5983,1000,1000
200,15,5,"five_scenarios_txt",1,3,1,0.3,"one_stage",30,30,30,30,"CRM","random_carryoever","random",0.15,0.85,"dose_specific_carryover",0.5,0.5,0.15,0.85,0.15,0.85,3,1,6,"continuous",0.0179,28,1,1,1,0,0,1,0.13,0.1,0.1634,0.135,41.5628,0.1359,NA,NA,4.3,58.1,11.235,11.235,0,29.778,29.778,0.2,0.2,2.3,1651.4606,1000,1000
200,15,5,"five_scenarios_txt",1,3,1,0.3,"one_stage",30,30,30,30,"CRM","random_carryoever","random",0.15,0.85,"dose_specific_carryover",0.5,0.5,0.15,0.85,0.15,0.85,3,1,6,"continuous",0.0179,28,1,1,1,0,0,2,0.2,0.1,0.2107,0.1318,39.4789,0.1359,NA,NA,29.9,28.1,8.007,8.007,0,29.778,29.778,0.2,0.2,2.3,1651.4606,1000,1000
200,15,5,"five_scenarios_txt",1,3,1,0.3,"one_stage",30,30,30,30,"CRM","random_carryoever","random",0.15,0.85,"dose_specific_carryover",0.5,0.5,0.15,0.85,0.15,0.85,3,1,6,"continuous",0.0179,28,1,1,1,0,0,3,0.32,0.1,0.3049,0.1981,39.6913,0.1359,NA,NA,34.5,8.2,5.319,5.319,0,29.778,29.778,0.2,0.2,2.3,1651.4606,1000,1000
200,15,5,"five_scenarios_txt",1,3,1,0.3,"one_stage",30,30,30,30,"CRM","random_carryoever","random",0.15,0.85,"dose_specific_carryover",0.5,0.5,0.15,0.85,0.15,0.85,3,1,6,"continuous",0.0179,28,1,1,1,0,0,4,0.39,0.1,0.3522,0.2631,41.696,0.1359,NA,NA,22.5,3,3.81,3.81,0,29.778,29.778,0.2,0.2,2.3,1651.4606,1000,1000
200,15,5,"five_scenarios_txt",1,3,1,0.3,"one_stage",30,30,30,30,"CRM","random_carryoever","random",0.15,0.85,"dose_specific_carryover",0.5,0.5,0.15,0.85,0.15,0.85,3,1,6,"continuous",0.0179,28,1,1,1,0,0,5,0.46,0.1,0.4476,0.3813,44.9777,0.1359,NA,NA,8.6,0.3,1.407,1.407,0,29.778,29.778,0.2,0.2,2.3,1651.4606,1000,1000
201,16,1,"five_scenarios_txt",1,5,1,0.3,"one_stage",30,30,30,30,"CRM","random_carryoever","random",0.15,0.85,"dose_specific_carryover",0.5,0.5,0.15,0.85,0.15,0.85,3,1,6,"continuous",0.0179,28,1,1,1,0,0,1,0.02,0.2,0.0433,0.2402,52.6765,0.1357,NA,NA,0,46.6,4.629,4.629,0,30,30,0,0,0,1664.1426,1000,1000
201,16,1,"five_scenarios_txt",1,5,1,0.3,"one_stage",30,30,30,30,"CRM","random_carryoever","random",0.15,0.85,"dose_specific_carryover",0.5,0.5,0.15,0.85,0.15,0.85,3,1,6,"continuous",0.0179,28,1,1,1,0,0,2,0.06,0.2,0.0657,0.2213,50.6514,0.1357,NA,NA,1.8,23.3,5.202,5.202,0,30,30,0,0,0,1664.1426,1000,1000
201,16,1,"five_scenarios_txt",1,5,1,0.3,"one_stage",30,30,30,30,"CRM","random_carryoever","random",0.15,0.85,"dose_specific_carryover",0.5,0.5,0.15,0.85,0.15,0.85,3,1,6,"continuous",0.0179,28,1,1,1,0,0,3,0.09,0.2,0.1214,0.219,48.2864,0.1357,NA,NA,2.6,15.1,6.234,6.234,0,30,30,0,0,0,1664.1426,1000,1000
201,16,1,"five_scenarios_txt",1,5,1,0.3,"one_stage",30,30,30,30,"CRM","random_carryoever","random",0.15,0.85,"dose_specific_carryover",0.5,0.5,0.15,0.85,0.15,0.85,3,1,6,"continuous",0.0179,28,1,1,1,0,0,4,0.14,0.2,0.1547,0.2204,47.0367,0.1357,NA,NA,10.7,10.4,8.277,8.277,0,30,30,0,0,0,1664.1426,1000,1000
201,16,1,"five_scenarios_txt",1,5,1,0.3,"one_stage",30,30,30,30,"CRM","random_carryoever","random",0.15,0.85,"dose_specific_carryover",0.5,0.5,0.15,0.85,0.15,0.85,3,1,6,"continuous",0.0179,28,1,1,1,0,0,5,0.26,0.2,0.233,0.2428,45.2502,0.1357,NA,NA,84.9,4.6,5.658,5.658,0,30,30,0,0,0,1664.1426,1000,1000
202,17,2,"five_scenarios_txt",1,2,2,0.3,"one_stage",30,30,30,30,"CRM","random_carryoever","random",0.15,0.85,"dose_specific_carryover",0.5,0.5,0.15,0.85,0.15,0.85,3,1,6,"continuous",0.0179,28,1,1,1,0,0,1,0.11,0.3,0.1799,0.2958,50.5538,0.1375,NA,NA,5,23.3,9.708,9.708,0,29.976,29.976,0.1,0.1,0.1,1662.2983,1000,1000
202,17,2,"five_scenarios_txt",1,2,2,0.3,"one_stage",30,30,30,30,"CRM","random_carryoever","random",0.15,0.85,"dose_specific_carryover",0.5,0.5,0.15,0.85,0.15,0.85,3,1,6,"continuous",0.0179,28,1,1,1,0,0,2,0.23,0.5,0.2297,0.4545,58.0827,0.1375,NA,NA,65.3,63,14.751,14.751,0,29.976,29.976,0.1,0.1,0.1,1662.2983,1000,1000
202,17,2,"five_scenarios_txt",1,2,2,0.3,"one_stage",30,30,30,30,"CRM","random_carryoever","random",0.15,0.85,"dose_specific_carryover",0.5,0.5,0.15,0.85,0.15,0.85,3,1,6,"continuous",0.0179,28,1,1,1,0,0,3,0.39,0.5,0.3268,0.4781,55.6108,0.1375,NA,NA,26.6,12.2,4.434,4.434,0,29.976,29.976,0.1,0.1,0.1,1662.2983,1000,1000
202,17,2,"five_scenarios_txt",1,2,2,0.3,"one_stage",30,30,30,30,"CRM","random_carryoever","random",0.15,0.85,"dose_specific_carryover",0.5,0.5,0.15,0.85,0.15,0.85,3,1,6,"continuous",0.0179,28,1,1,1,0,0,4,0.58,0.5,0.3748,0.5055,55.3368,0.1375,NA,NA,3,1.4,0.978,0.978,0,29.976,29.976,0.1,0.1,0.1,1662.2983,1000,1000
202,17,2,"five_scenarios_txt",1,2,2,0.3,"one_stage",30,30,30,30,"CRM","random_carryoever","random",0.15,0.85,"dose_specific_carryover",0.5,0.5,0.15,0.85,0.15,0.85,3,1,6,"continuous",0.0179,28,1,1,1,0,0,5,0.76,0.5,0.4703,0.4999,51.1806,0.1375,NA,NA,0,0,0.105,0.105,0,29.976,29.976,0.1,0.1,0.1,1662.2983,1000,1000
203,18,3,"five_scenarios_txt",1,5,5,0.3,"one_stage",30,30,30,30,"CRM","random_carryoever","random",0.15,0.85,"dose_specific_carryover",0.5,0.5,0.15,0.85,0.15,0.85,3,1,6,"continuous",0.0179,28,1,1,1,0,0,1,0.02,0.05,0.0645,0.1554,46.7453,0.1388,NA,NA,0,18.3,3.579,3.579,0,30,30,0,0,0,1664.1234,1000,1000
203,18,3,"five_scenarios_txt",1,5,5,0.3,"one_stage",30,30,30,30,"CRM","random_carryoever","random",0.15,0.85,"dose_specific_carryover",0.5,0.5,0.15,0.85,0.15,0.85,3,1,6,"continuous",0.0179,28,1,1,1,0,0,2,0.04,0.1,0.0939,0.1708,46.4901,0.1388,NA,NA,0.2,14.2,4.167,4.167,0,30,30,0,0,0,1664.1234,1000,1000
203,18,3,"five_scenarios_txt",1,5,5,0.3,"one_stage",30,30,30,30,"CRM","random_carryoever","random",0.15,0.85,"dose_specific_carryover",0.5,0.5,0.15,0.85,0.15,0.85,3,1,6,"continuous",0.0179,28,1,1,1,0,0,3,0.1,0.15,0.1627,0.1854,44.6133,0.1388,NA,NA,2,9,5.277,5.277,0,30,30,0,0,0,1664.1234,1000,1000
203,18,3,"five_scenarios_txt",1,5,5,0.3,"one_stage",30,30,30,30,"CRM","random_carryoever","random",0.15,0.85,"dose_specific_carryover",0.5,0.5,0.15,0.85,0.15,0.85,3,1,6,"continuous",0.0179,28,1,1,1,0,0,4,0.2,0.2,0.202,0.2174,44.9652,0.1388,NA,NA,23,11.9,6.999,6.999,0,30,30,0,0,0,1664.1234,1000,1000
203,18,3,"five_scenarios_txt",1,5,5,0.3,"one_stage",30,30,30,30,"CRM","random_carryoever","random",0.15,0.85,"dose_specific_carryover",0.5,0.5,0.15,0.85,0.15,0.85,3,1,6,"continuous",0.0179,28,1,1,1,0,0,5,0.35,0.5,0.2898,0.4653,56.3259,0.1388,NA,NA,74.8,46.6,9.978,9.978,0,30,30,0,0,0,1664.1234,1000,1000
204,19,4,"five_scenarios_txt",1,2,2,0.3,"one_stage",30,30,30,30,"CRM","random_carryoever","random",0.15,0.85,"dose_specific_carryover",0.5,0.5,0.15,0.85,0.15,0.85,3,1,6,"continuous",0.0179,28,1,1,1,0,0,1,0.11,0.08,0.205,0.1308,39.6483,0.138,NA,NA,10.6,18.6,8.544,8.544,0,29.739,29.739,0,0.2,3.8,1649.3141,1000,1000
204,19,4,"five_scenarios_txt",1,2,2,0.3,"one_stage",30,30,30,30,"CRM","random_carryoever","random",0.15,0.85,"dose_specific_carryover",0.5,0.5,0.15,0.85,0.15,0.85,3,1,6,"continuous",0.0179,28,1,1,1,0,0,2,0.26,0.3,0.2573,0.29,47.1067,0.138,NA,NA,49.1,59,12.819,12.819,0,29.739,29.739,0,0.2,3.8,1649.3141,1000,1000
204,19,4,"five_scenarios_txt",1,2,2,0.3,"one_stage",30,30,30,30,"CRM","random_carryoever","random",0.15,0.85,"dose_specific_carryover",0.5,0.5,0.15,0.85,0.15,0.85,3,1,6,"continuous",0.0179,28,1,1,1,0,0,3,0.39,0.32,0.357,0.3629,47.4928,0.138,NA,NA,33.8,16.7,6.066,6.066,0,29.739,29.739,0,0.2,3.8,1649.3141,1000,1000
204,19,4,"five_scenarios_txt",1,2,2,0.3,"one_stage",30,30,30,30,"CRM","random_carryoever","random",0.15,0.85,"dose_specific_carryover",0.5,0.5,0.15,0.85,0.15,0.85,3,1,6,"continuous",0.0179,28,1,1,1,0,0,4,0.6,0.35,0.4053,0.4415,50.2761,0.138,NA,NA,6.5,1.9,2.001,2.001,0,29.739,29.739,0,0.2,3.8,1649.3141,1000,1000
204,19,4,"five_scenarios_txt",1,2,2,0.3,"one_stage",30,30,30,30,"CRM","random_carryoever","random",0.15,0.85,"dose_specific_carryover",0.5,0.5,0.15,0.85,0.15,0.85,3,1,6,"continuous",0.0179,28,1,1,1,0,0,5,0.77,0.4,0.4999,0.4933,49.5998,0.138,NA,NA,0,0,0.309,0.309,0,29.739,29.739,0,0.2,3.8,1649.3141,1000,1000
205,20,5,"five_scenarios_txt",1,3,2,0.3,"one_stage",30,30,30,30,"CRM","random_carryoever","random",0.15,0.85,"dose_specific_carryover",0.5,0.5,0.15,0.85,0.15,0.85,3,1,6,"continuous",0.0179,28,1,1,1,0,0,1,0.07,0.05,0.1418,0.1325,42.277,0.1375,NA,NA,0.7,13,5.241,5.241,0,29.934,29.934,0,0,0.5,1660.4549,1000,1000
205,20,5,"five_scenarios_txt",1,3,2,0.3,"one_stage",30,30,30,30,"CRM","random_carryoever","random",0.15,0.85,"dose_specific_carryover",0.5,0.5,0.15,0.85,0.15,0.85,3,1,6,"continuous",0.0179,28,1,1,1,0,0,2,0.14,0.25,0.1869,0.244,47.1646,0.1375,NA,NA,13.7,51.4,10.641,10.641,0,29.934,29.934,0,0,0.5,1660.4549,1000,1000
205,20,5,"five_scenarios_txt",1,3,2,0.3,"one_stage",30,30,30,30,"CRM","random_carryoever","random",0.15,0.85,"dose_specific_carryover",0.5,0.5,0.15,0.85,0.15,0.85,3,1,6,"continuous",0.0179,28,1,1,1,0,0,3,0.31,0.25,0.2789,0.2563,44.2206,0.1375,NA,NA,43.6,24,7.824,7.824,0,29.934,29.934,0,0,0.5,1660.4549,1000,1000
205,20,5,"five_scenarios_txt",1,3,2,0.3,"one_stage",30,30,30,30,"CRM","random_carryoever","random",0.15,0.85,"dose_specific_carryover",0.5,0.5,0.15,0.85,0.15,0.85,3,1,6,"continuous",0.0179,28,1,1,1,0,0,4,0.41,0.25,0.326,0.3337,46.9819,0.1375,NA,NA,34,9.8,4.647,4.647,0,29.934,29.934,0,0,0.5,1660.4549,1000,1000
205,20,5,"five_scenarios_txt",1,3,2,0.3,"one_stage",30,30,30,30,"CRM","random_carryoever","random",0.15,0.85,"dose_specific_carryover",0.5,0.5,0.15,0.85,0.15,0.85,3,1,6,"continuous",0.0179,28,1,1,1,0,0,5,0.52,0.25,0.4221,0.4236,48.5361,0.1375,NA,NA,8,1.3,1.581,1.581,0,29.934,29.934,0,0,0.5,1660.4549,1000,1000
206,21,1,"five_scenarios_txt",1,1,1,0.3,"one_stage",30,30,30,30,"CRM","random_carryoever","random",0.15,0.85,"dose_specific_carryover",0.5,0.5,0.15,0.85,0.15,0.85,3,1,6,"continuous",0.0179,28,1,1,1,0,0,1,0.37,0.5,0.4373,0.501,52.5725,0.1363,NA,NA,56.9,57.2,20.28,20.28,0,22.947,22.947,38.9,41.2,41.2,1268.1191,1000,1000
206,21,1,"five_scenarios_txt",1,1,1,0.3,"one_stage",30,30,30,30,"CRM","random_carryoever","random",0.15,0.85,"dose_specific_carryover",0.5,0.5,0.15,0.85,0.15,0.85,3,1,6,"continuous",0.0179,28,1,1,1,0,0,2,0.56,0.5,0.4909,0.492,49.8822,0.1363,NA,NA,4.2,1.6,2.439,2.439,0,22.947,22.947,38.9,41.2,41.2,1268.1191,1000,1000
206,21,1,"five_scenarios_txt",1,1,1,0.3,"one_stage",30,30,30,30,"CRM","random_carryoever","random",0.15,0.85,"dose_specific_carryover",0.5,0.5,0.15,0.85,0.15,0.85,3,1,6,"continuous",0.0179,28,1,1,1,0,0,3,0.69,0.5,0.5813,0.499,46.6878,0.1363,NA,NA,0,0,0.198,0.198,0,22.947,22.947,38.9,41.2,41.2,1268.1191,1000,1000
206,21,1,"five_scenarios_txt",1,1,1,0.3,"one_stage",30,30,30,30,"CRM","random_carryoever","random",0.15,0.85,"dose_specific_carryover",0.5,0.5,0.15,0.85,0.15,0.85,3,1,6,"continuous",0.0179,28,1,1,1,0,0,4,0.83,0.5,0.6209,0.5003,45.1829,0.1363,NA,NA,0,0,0.03,0.03,0,22.947,22.947,38.9,41.2,41.2,1268.1191,1000,1000
206,21,1,"five_scenarios_txt",1,1,1,0.3,"one_stage",30,30,30,30,"CRM","random_carryoever","random",0.15,0.85,"dose_specific_carryover",0.5,0.5,0.15,0.85,0.15,0.85,3,1,6,"continuous",0.0179,28,1,1,1,0,0,5,0.88,0.5,0.6929,0.4998,42.2678,0.1363,NA,NA,0,0,0,0,0,22.947,22.947,38.9,41.2,41.2,1268.1191,1000,1000
207,22,2,"five_scenarios_txt",1,2,2,0.3,"one_stage",30,30,30,30,"CRM","random_carryoever","random",0.15,0.85,"dose_specific_carryover",0.5,0.5,0.15,0.85,0.15,0.85,3,1,6,"continuous",0.0179,28,1,1,1,0,0,1,0.07,0.08,0.2042,0.1254,39.3566,0.141,NA,NA,7.1,22.2,9.453,9.453,0,29.898,29.898,0,0,2,1658.4611,1000,1000
207,22,2,"five_scenarios_txt",1,2,2,0.3,"one_stage",30,30,30,30,"CRM","random_carryoever","random",0.15,0.85,"dose_specific_carryover",0.5,0.5,0.15,0.85,0.15,0.85,3,1,6,"continuous",0.0179,28,1,1,1,0,0,2,0.27,0.25,0.2567,0.2483,44.6325,0.141,NA,NA,54.4,62.3,13.002,13.002,0,29.898,29.898,0,0,2,1658.4611,1000,1000
207,22,2,"five_scenarios_txt",1,2,2,0.3,"one_stage",30,30,30,30,"CRM","random_carryoever","random",0.15,0.85,"dose_specific_carryover",0.5,0.5,0.15,0.85,0.15,0.85,3,1,6,"continuous",0.0179,28,1,1,1,0,0,3,0.5,0.25,0.3566,0.3022,43.8684,0.141,NA,NA,34.4,10.8,5.28,5.28,0,29.898,29.898,0,0,2,1658.4611,1000,1000
207,22,2,"five_scenarios_txt",1,2,2,0.3,"one_stage",30,30,30,30,"CRM","random_carryoever","random",0.15,0.85,"dose_specific_carryover",0.5,0.5,0.15,0.85,0.15,0.85,3,1,6,"continuous",0.0179,28,1,1,1,0,0,4,0.56,0.5,0.4051,0.497,53.6165,0.141,NA,NA,4.1,2.7,1.974,1.974,0,29.898,29.898,0,0,2,1658.4611,1000,1000
207,22,2,"five_scenarios_txt",1,2,2,0.3,"one_stage",30,30,30,30,"CRM","random_carryoever","random",0.15,0.85,"dose_specific_carryover",0.5,0.5,0.15,0.85,0.15,0.85,3,1,6,"continuous",0.0179,28,1,1,1,0,0,5,0.78,0.5,0.4999,0.4964,49.7897,0.141,NA,NA,0,0,0.189,0.189,0,29.898,29.898,0,0,2,1658.4611,1000,1000
208,23,3,"five_scenarios_txt",1,1,1,0.3,"one_stage",30,30,30,30,"CRM","random_carryoever","random",0.15,0.85,"dose_specific_carryover",0.5,0.5,0.15,0.85,0.15,0.85,3,1,6,"continuous",0.0179,28,1,1,1,0,0,1,0.32,0.05,0.4055,0.0777,28.4448,0.1377,NA,NA,67,19.9,15.837,15.837,0,21.126,21.126,25,27.3,76,1166.4005,1000,1000
208,23,3,"five_scenarios_txt",1,1,1,0.3,"one_stage",30,30,30,30,"CRM","random_carryoever","random",0.15,0.85,"dose_specific_carryover",0.5,0.5,0.15,0.85,0.15,0.85,3,1,6,"continuous",0.0179,28,1,1,1,0,0,2,0.55,0.05,0.46,0.1537,30.8189,0.1377,NA,NA,8,4.1,4.47,4.47,0,21.126,21.126,25,27.3,76,1166.4005,1000,1000
208,23,3,"five_scenarios_txt",1,1,1,0.3,"one_stage",30,30,30,30,"CRM","random_carryoever","random",0.15,0.85,"dose_specific_carryover",0.5,0.5,0.15,0.85,0.15,0.85,3,1,6,"continuous",0.0179,28,1,1,1,0,0,3,0.8,0.05,0.5531,0.434,43.9162,0.1377,NA,NA,0,0,0.696,0.696,0,21.126,21.126,25,27.3,76,1166.4005,1000,1000
208,23,3,"five_scenarios_txt",1,1,1,0.3,"one_stage",30,30,30,30,"CRM","random_carryoever","random",0.15,0.85,"dose_specific_carryover",0.5,0.5,0.15,0.85,0.15,0.85,3,1,6,"continuous",0.0179,28,1,1,1,0,0,4,0.94,0.05,0.5944,0.4863,45.4022,0.1377,NA,NA,0,0,0.123,0.123,0,21.126,21.126,25,27.3,76,1166.4005,1000,1000
208,23,3,"five_scenarios_txt",1,1,1,0.3,"one_stage",30,30,30,30,"CRM","random_carryoever","random",0.15,0.85,"dose_specific_carryover",0.5,0.5,0.15,0.85,0.15,0.85,3,1,6,"continuous",0.0179,28,1,1,1,0,0,5,0.97,0.05,0.67,0.5,43.199,0.1377,NA,NA,0,0,0,0,0,21.126,21.126,25,27.3,76,1166.4005,1000,1000
209,24,4,"five_scenarios_txt",1,5,4,0.3,"one_stage",30,30,30,30,"CRM","random_carryoever","random",0.15,0.85,"dose_specific_carryover",0.5,0.5,0.15,0.85,0.15,0.85,3,1,6,"continuous",0.0179,28,1,1,1,0,0,1,0.01,0.05,0.029,0.161,48.5015,0.1373,NA,NA,0,4.4,3.138,3.138,0,30,30,0,0,0,1664.1426,1000,1000
209,24,4,"five_scenarios_txt",1,5,4,0.3,"one_stage",30,30,30,30,"CRM","random_carryoever","random",0.15,0.85,"dose_specific_carryover",0.5,0.5,0.15,0.85,0.15,0.85,3,1,6,"continuous",0.0179,28,1,1,1,0,0,2,0.02,0.08,0.0461,0.1751,48.6643,0.1373,NA,NA,0.2,3.2,3.186,3.186,0,30,30,0,0,0,1664.1426,1000,1000
209,24,4,"five_scenarios_txt",1,5,4,0.3,"one_stage",30,30,30,30,"CRM","random_carryoever","random",0.15,0.85,"dose_specific_carryover",0.5,0.5,0.15,0.85,0.15,0.85,3,1,6,"continuous",0.0179,28,1,1,1,0,0,3,0.05,0.2,0.0915,0.2372,50.5749,0.1373,NA,NA,0.1,4.1,4.068,4.068,0,30,30,0,0,0,1664.1426,1000,1000
209,24,4,"five_scenarios_txt",1,5,4,0.3,"one_stage",30,30,30,30,"CRM","random_carryoever","random",0.15,0.85,"dose_specific_carryover",0.5,0.5,0.15,0.85,0.15,0.85,3,1,6,"continuous",0.0179,28,1,1,1,0,0,4,0.1,0.5,0.1201,0.4385,61.5092,0.1373,NA,NA,33.9,58.3,13.221,13.221,0,30,30,0,0,0,1664.1426,1000,1000
209,24,4,"five_scenarios_txt",1,5,4,0.3,"one_stage",30,30,30,30,"CRM","random_carryoever","random",0.15,0.85,"dose_specific_carryover",0.5,0.5,0.15,0.85,0.15,0.85,3,1,6,"continuous",0.0179,28,1,1,1,0,0,5,0.25,0.5,0.1901,0.4608,60.0466,0.1373,NA,NA,65.8,30,6.387,6.387,0,30,30,0,0,0,1664.1426,1000,1000
210,25,5,"five_scenarios_txt",2,3,3,0.3,"one_stage",30,30,30,30,"CRM","random_carryoever","random",0.15,0.85,"dose_specific_carryover",0.5,0.5,0.15,0.85,0.15,0.85,3,1,6,"continuous",0.0179,28,1,1,1,0,0,1,0.09,0.2,0.1713,0.2149,46.0423,0.1376,NA,NA,1.6,34,9.66,9.66,0,29.985,29.985,0,0,0.2,1663.0685,1000,1000
210,25,5,"five_scenarios_txt",2,3,3,0.3,"one_stage",30,30,30,30,"CRM","random_carryoever","random",0.15,0.85,"dose_specific_carryover",0.5,0.5,0.15,0.85,0.15,0.85,3,1,6,"continuous",0.0179,28,1,1,1,0,0,2,0.18,0.25,0.2204,0.2447,45.8656,0.1376,NA,NA,36.4,32.4,9.306,9.306,0,29.985,29.985,0,0,0.2,1663.0685,1000,1000
210,25,5,"five_scenarios_txt",2,3,3,0.3,"one_stage",30,30,30,30,"CRM","random_carryoever","random",0.15,0.85,"dose_specific_carryover",0.5,0.5,0.15,0.85,0.15,0.85,3,1,6,"continuous",0.0179,28,1,1,1,0,0,3,0.37,0.4,0.3172,0.3923,50.8509,0.1376,NA,NA,51.7,28.4,8.301,8.301,0,29.985,29.985,0,0,0.2,1663.0685,1000,1000
210,25,5,"five_scenarios_txt",2,3,3,0.3,"one_stage",30,30,30,30,"CRM","random_carryoever","random",0.15,0.85,"dose_specific_carryover",0.5,0.5,0.15,0.85,0.15,0.85,3,1,6,"continuous",0.0179,28,1,1,1,0,0,4,0.63,0.45,0.3652,0.4786,54.1078,0.1376,NA,NA,10,5,2.424,2.424,0,29.985,29.985,0,0,0.2,1663.0685,1000,1000
210,25,5,"five_scenarios_txt",2,3,3,0.3,"one_stage",30,30,30,30,"CRM","random_carryoever","random",0.15,0.85,"dose_specific_carryover",0.5,0.5,0.15,0.85,0.15,0.85,3,1,6,"continuous",0.0179,28,1,1,1,0,0,5,0.77,0.5,0.4613,0.4964,51.3304,0.1376,NA,NA,0.3,0,0.294,0.294,0,29.985,29.985,0,0,0.2,1663.0685,1000,1000
211,26,1,"higher_gap_above_MTD",1,3,3,0.3,"one_stage",30,30,30,30,"CRM","random_carryoever","random",0.15,0.85,"dose_specific_carryover",0.5,0.5,0.15,0.85,0.15,0.85,3,1,6,"continuous",0.0179,28,1,1,1,0,0,1,0.15,0.1,0.191,0.1427,40.9198,0.1366,NA,NA,8.3,27.9,9.621,9.621,0,29.655,29.655,0.3,0.3,4.1,1645.1312,1000,1000
211,26,1,"higher_gap_above_MTD",1,3,3,0.3,"one_stage",30,30,30,30,"CRM","random_carryoever","random",0.15,0.85,"dose_specific_carryover",0.5,0.5,0.15,0.85,0.15,0.85,3,1,6,"continuous",0.0179,28,1,1,1,0,0,2,0.22,0.2,0.2417,0.2104,42.9581,0.1366,NA,NA,38.3,35.6,8.952,8.952,0,29.655,29.655,0.3,0.3,4.1,1645.1312,1000,1000
211,26,1,"higher_gap_above_MTD",1,3,3,0.3,"one_stage",30,30,30,30,"CRM","random_carryoever","random",0.15,0.85,"dose_specific_carryover",0.5,0.5,0.15,0.85,0.15,0.85,3,1,6,"continuous",0.0179,28,1,1,1,0,0,3,0.3,0.35,0.3397,0.3746,48.8887,0.1366,NA,NA,41.7,27.1,7.899,7.899,0,29.655,29.655,0.3,0.3,4.1,1645.1312,1000,1000
211,26,1,"higher_gap_above_MTD",1,3,3,0.3,"one_stage",30,30,30,30,"CRM","random_carryoever","random",0.15,0.85,"dose_specific_carryover",0.5,0.5,0.15,0.85,0.15,0.85,3,1,6,"continuous",0.0179,28,1,1,1,0,0,4,0.62,0.45,0.3878,0.4704,52.7145,0.1366,NA,NA,11.2,5.2,2.826,2.826,0,29.655,29.655,0.3,0.3,4.1,1645.1312,1000,1000
211,26,1,"higher_gap_above_MTD",1,3,3,0.3,"one_stage",30,30,30,30,"CRM","random_carryoever","random",0.15,0.85,"dose_specific_carryover",0.5,0.5,0.15,0.85,0.15,0.85,3,1,6,"continuous",0.0179,28,1,1,1,0,0,5,0.8,0.55,0.4829,0.4999,50.6765,0.1366,NA,NA,0.2,0.1,0.357,0.357,0,29.655,29.655,0.3,0.3,4.1,1645.1312,1000,1000
212,27,2,"higher_gap_above_MTD",1,3,3,0.3,"one_stage",30,30,30,30,"CRM","random_carryoever","random",0.15,0.85,"dose_specific_carryover",0.5,0.5,0.15,0.85,0.15,0.85,3,1,6,"continuous",0.0179,28,1,1,1,0,0,1,0.11,0.1,0.1632,0.1555,42.8016,0.1376,NA,NA,2.3,19,7.176,7.176,0,29.931,29.931,0,0,0.9,1659.8586,1000,1000
212,27,2,"higher_gap_above_MTD",1,3,3,0.3,"one_stage",30,30,30,30,"CRM","random_carryoever","random",0.15,0.85,"dose_specific_carryover",0.5,0.5,0.15,0.85,0.15,0.85,3,1,6,"continuous",0.0179,28,1,1,1,0,0,2,0.17,0.2,0.2113,0.2122,44.2831,0.1376,NA,NA,23.4,28.5,8.328,8.328,0,29.931,29.931,0,0,0.9,1659.8586,1000,1000
212,27,2,"higher_gap_above_MTD",1,3,3,0.3,"one_stage",30,30,30,30,"CRM","random_carryoever","random",0.15,0.85,"dose_specific_carryover",0.5,0.5,0.15,0.85,0.15,0.85,3,1,6,"continuous",0.0179,28,1,1,1,0,0,3,0.3,0.4,0.3069,0.3838,50.7541,0.1376,NA,NA,52.3,41.5,10.023,10.023,0,29.931,29.931,0,0,0.9,1659.8586,1000,1000
212,27,2,"higher_gap_above_MTD",1,3,3,0.3,"one_stage",30,30,30,30,"CRM","random_carryoever","random",0.15,0.85,"dose_specific_carryover",0.5,0.5,0.15,0.85,0.15,0.85,3,1,6,"continuous",0.0179,28,1,1,1,0,0,4,0.5,0.42,0.3547,0.4532,53.0023,0.1376,NA,NA,20.2,9.8,3.699,3.699,0,29.931,29.931,0,0,0.9,1659.8586,1000,1000
212,27,2,"higher_gap_above_MTD",1,3,3,0.3,"one_stage",30,30,30,30,"CRM","random_carryoever","random",0.15,0.85,"dose_specific_carryover",0.5,0.5,0.15,0.85,0.15,0.85,3,1,6,"continuous",0.0179,28,1,1,1,0,0,5,0.62,0.45,0.4509,0.4875,51.2138,0.1376,NA,NA,1.8,0.3,0.705,0.705,0,29.931,29.931,0,0,0.9,1659.8586,1000,1000
213,28,3,"higher_gap_above_MTD",1,2,2,0.3,"one_stage",30,30,30,30,"CRM","random_carryoever","random",0.15,0.85,"dose_specific_carryover",0.5,0.5,0.15,0.85,0.15,0.85,3,1,6,"continuous",0.0179,28,1,1,1,0,0,1,0.2,0.05,0.2591,0.0954,35.3555,0.1362,NA,NA,35.2,20.7,11.412,11.412,0,28.095,28.095,2.4,2.7,22.3,1558.5486,1000,1000
213,28,3,"higher_gap_above_MTD",1,2,2,0.3,"one_stage",30,30,30,30,"CRM","random_carryoever","random",0.15,0.85,"dose_specific_carryover",0.5,0.5,0.15,0.85,0.15,0.85,3,1,6,"continuous",0.0179,28,1,1,1,0,0,2,0.3,0.3,0.314,0.308,45.9179,0.1362,NA,NA,44.6,49.3,11.805,11.805,0,28.095,28.095,2.4,2.7,22.3,1558.5486,1000,1000
213,28,3,"higher_gap_above_MTD",1,2,2,0.3,"one_stage",30,30,30,30,"CRM","random_carryoever","random",0.15,0.85,"dose_specific_carryover",0.5,0.5,0.15,0.85,0.15,0.85,3,1,6,"continuous",0.0179,28,1,1,1,0,0,3,0.5,0.32,0.4148,0.4053,47.7272,0.1362,NA,NA,16.1,7.4,3.702,3.702,0,28.095,28.095,2.4,2.7,22.3,1558.5486,1000,1000
213,28,3,"higher_gap_above_MTD",1,2,2,0.3,"one_stage",30,30,30,30,"CRM","random_carryoever","random",0.15,0.85,"dose_specific_carryover",0.5,0.5,0.15,0.85,0.15,0.85,3,1,6,"continuous",0.0179,28,1,1,1,0,0,4,0.6,0.35,0.4621,0.4662,49.4866,0.1362,NA,NA,1.7,0.3,1.059,1.059,0,28.095,28.095,2.4,2.7,22.3,1558.5486,1000,1000
213,28,3,"higher_gap_above_MTD",1,2,2,0.3,"one_stage",30,30,30,30,"CRM","random_carryoever","random",0.15,0.85,"dose_specific_carryover",0.5,0.5,0.15,0.85,0.15,0.85,3,1,6,"continuous",0.0179,28,1,1,1,0,0,5,0.77,0.4,0.5527,0.4969,47.7028,0.1362,NA,NA,0,0,0.117,0.117,0,28.095,28.095,2.4,2.7,22.3,1558.5486,1000,1000
214,29,4,"higher_gap_above_MTD",1,2,1,0.3,"one_stage",30,30,30,30,"CRM","random_carryoever","random",0.15,0.85,"dose_specific_carryover",0.5,0.5,0.15,0.85,0.15,0.85,3,1,6,"continuous",0.0179,28,1,1,1,0,0,1,0.19,0.4,0.2349,0.3837,53.6305,0.1359,NA,NA,26.7,67.3,18.54,18.54,0,29.577,29.577,2.2,2.2,2.2,1641.6226,1000,1000
214,29,4,"higher_gap_above_MTD",1,2,1,0.3,"one_stage",30,30,30,30,"CRM","random_carryoever","random",0.15,0.85,"dose_specific_carryover",0.5,0.5,0.15,0.85,0.15,0.85,3,1,6,"continuous",0.0179,28,1,1,1,0,0,2,0.3,0.4,0.2886,0.3885,51.7656,0.1359,NA,NA,60.9,28,8.499,8.499,0,29.577,29.577,2.2,2.2,2.2,1641.6226,1000,1000
214,29,4,"higher_gap_above_MTD",1,2,1,0.3,"one_stage",30,30,30,30,"CRM","random_carryoever","random",0.15,0.85,"dose_specific_carryover",0.5,0.5,0.15,0.85,0.15,0.85,3,1,6,"continuous",0.0179,28,1,1,1,0,0,3,0.56,0.4,0.3888,0.4629,52.2213,0.1359,NA,NA,9.5,2.3,2.094,2.094,0,29.577,29.577,2.2,2.2,2.2,1641.6226,1000,1000
214,29,4,"higher_gap_above_MTD",1,2,1,0.3,"one_stage",30,30,30,30,"CRM","random_carryoever","random",0.15,0.85,"dose_specific_carryover",0.5,0.5,0.15,0.85,0.15,0.85,3,1,6,"continuous",0.0179,28,1,1,1,0,0,4,0.74,0.4,0.4366,0.4919,52.0485,0.1359,NA,NA,0.7,0.2,0.417,0.417,0,29.577,29.577,2.2,2.2,2.2,1641.6226,1000,1000
214,29,4,"higher_gap_above_MTD",1,2,1,0.3,"one_stage",30,30,30,30,"CRM","random_carryoever","random",0.15,0.85,"dose_specific_carryover",0.5,0.5,0.15,0.85,0.15,0.85,3,1,6,"continuous",0.0179,28,1,1,1,0,0,5,0.86,0.4,0.529,0.499,48.7799,0.1359,NA,NA,0,0,0.027,0.027,0,29.577,29.577,2.2,2.2,2.2,1641.6226,1000,1000
215,30,5,"higher_gap_above_MTD",1,4,4,0.3,"one_stage",30,30,30,30,"CRM","random_carryoever","random",0.15,0.85,"dose_specific_carryover",0.5,0.5,0.15,0.85,0.15,0.85,3,1,6,"continuous",0.0179,28,1,1,1,0,0,1,0.05,0.12,0.1,0.1896,47.3749,0.137,NA,NA,0.1,25.6,4.59,4.59,0,30,30,0,0,0,1664.1142,1000,1000
215,30,5,"higher_gap_above_MTD",1,4,4,0.3,"one_stage",30,30,30,30,"CRM","random_carryoever","random",0.15,0.85,"dose_specific_carryover",0.5,0.5,0.15,0.85,0.15,0.85,3,1,6,"continuous",0.0179,28,1,1,1,0,0,2,0.08,0.15,0.1381,0.197,46.2985,0.137,NA,NA,2.1,15,5.091,5.091,0,30,30,0,0,0,1664.1142,1000,1000
215,30,5,"higher_gap_above_MTD",1,4,4,0.3,"one_stage",30,30,30,30,"CRM","random_carryoever","random",0.15,0.85,"dose_specific_carryover",0.5,0.5,0.15,0.85,0.15,0.85,3,1,6,"continuous",0.0179,28,1,1,1,0,0,3,0.17,0.2,0.2207,0.2201,44.3773,0.137,NA,NA,14.4,11.1,6.096,6.096,0,30,30,0,0,0,1664.1142,1000,1000
215,30,5,"higher_gap_above_MTD",1,4,4,0.3,"one_stage",30,30,30,30,"CRM","random_carryoever","random",0.15,0.85,"dose_specific_carryover",0.5,0.5,0.15,0.85,0.15,0.85,3,1,6,"continuous",0.0179,28,1,1,1,0,0,4,0.27,0.4,0.265,0.3861,52.5667,0.137,NA,NA,57.5,38.5,10.281,10.281,0,30,30,0,0,0,1664.1142,1000,1000
215,30,5,"higher_gap_above_MTD",1,4,4,0.3,"one_stage",30,30,30,30,"CRM","random_carryoever","random",0.15,0.85,"dose_specific_carryover",0.5,0.5,0.15,0.85,0.15,0.85,3,1,6,"continuous",0.0179,28,1,1,1,0,0,5,0.54,0.5,0.3592,0.4792,54.3844,0.137,NA,NA,25.9,9.8,3.942,3.942,0,30,30,0,0,0,1664.1142,1000,1000
216,31,6,"higher_gap_above_MTD",1,4,2,0.3,"one_stage",30,30,30,30,"CRM","random_carryoever","random",0.15,0.85,"dose_specific_carryover",0.5,0.5,0.15,0.85,0.15,0.85,3,1,6,"continuous",0.0179,28,1,1,1,0,0,1,0.04,0.2,0.0576,0.2471,52.5232,0.1364,NA,NA,0,6.3,3.843,3.843,0,30,30,0,0,0,1664.1388,1000,1000
216,31,6,"higher_gap_above_MTD",1,4,2,0.3,"one_stage",30,30,30,30,"CRM","random_carryoever","random",0.15,0.85,"dose_specific_carryover",0.5,0.5,0.15,0.85,0.15,0.85,3,1,6,"continuous",0.0179,28,1,1,1,0,0,2,0.06,0.5,0.0842,0.4161,61.6013,0.1364,NA,NA,29.8,42,12.315,12.315,0,30,30,0,0,0,1664.1388,1000,1000
216,31,6,"higher_gap_above_MTD",1,4,2,0.3,"one_stage",30,30,30,30,"CRM","random_carryoever","random",0.15,0.85,"dose_specific_carryover",0.5,0.5,0.15,0.85,0.15,0.85,3,1,6,"continuous",0.0179,28,1,1,1,0,0,3,0.1,0.5,0.147,0.4471,60.9438,0.1364,NA,NA,25,27.8,7.272,7.272,0,30,30,0,0,0,1664.1388,1000,1000
216,31,6,"higher_gap_above_MTD",1,4,2,0.3,"one_stage",30,30,30,30,"CRM","random_carryoever","random",0.15,0.85,"dose_specific_carryover",0.5,0.5,0.15,0.85,0.15,0.85,3,1,6,"continuous",0.0179,28,1,1,1,0,0,4,0.2,0.5,0.1833,0.4758,61.2186,0.1364,NA,NA,30.7,19.8,5.169,5.169,0,30,30,0,0,0,1664.1388,1000,1000
216,31,6,"higher_gap_above_MTD",1,4,2,0.3,"one_stage",30,30,30,30,"CRM","random_carryoever","random",0.15,0.85,"dose_specific_carryover",0.5,0.5,0.15,0.85,0.15,0.85,3,1,6,"continuous",0.0179,28,1,1,1,0,0,5,0.6,0.5,0.2655,0.4935,58.9916,0.1364,NA,NA,14.5,4.1,1.401,1.401,0,30,30,0,0,0,1664.1388,1000,1000
217,32,1,"higher_gap_below_MTD",1,4,3,0.3,"one_stage",30,30,30,30,"CRM","random_carryoever","random",0.15,0.85,"dose_specific_carryover",0.5,0.5,0.15,0.85,0.15,0.85,3,1,6,"continuous",0.0179,28,1,1,1,0,0,1,0.02,0.08,0.0738,0.1727,47.4081,0.1364,NA,NA,0,18.8,3.582,3.582,0,30,30,0,0,0,1664.1258,1000,1000
217,32,1,"higher_gap_below_MTD",1,4,3,0.3,"one_stage",30,30,30,30,"CRM","random_carryoever","random",0.15,0.85,"dose_specific_carryover",0.5,0.5,0.15,0.85,0.15,0.85,3,1,6,"continuous",0.0179,28,1,1,1,0,0,2,0.05,0.15,0.1054,0.1959,47.5346,0.1364,NA,NA,0.4,16.8,4.566,4.566,0,30,30,0,0,0,1664.1258,1000,1000
217,32,1,"higher_gap_below_MTD",1,4,3,0.3,"one_stage",30,30,30,30,"CRM","random_carryoever","random",0.15,0.85,"dose_specific_carryover",0.5,0.5,0.15,0.85,0.15,0.85,3,1,6,"continuous",0.0179,28,1,1,1,0,0,3,0.11,0.3,0.1777,0.2786,49.605,0.1364,NA,NA,7.6,33.8,8.934,8.934,0,30,30,0,0,0,1664.1258,1000,1000
217,32,1,"higher_gap_below_MTD",1,4,3,0.3,"one_stage",30,30,30,30,"CRM","random_carryoever","random",0.15,0.85,"dose_specific_carryover",0.5,0.5,0.15,0.85,0.15,0.85,3,1,6,"continuous",0.0179,28,1,1,1,0,0,4,0.3,0.3,0.2182,0.2963,49.0511,0.1364,NA,NA,40.1,22.7,8.43,8.43,0,30,30,0,0,0,1664.1258,1000,1000
217,32,1,"higher_gap_below_MTD",1,4,3,0.3,"one_stage",30,30,30,30,"CRM","random_carryoever","random",0.15,0.85,"dose_specific_carryover",0.5,0.5,0.15,0.85,0.15,0.85,3,1,6,"continuous",0.0179,28,1,1,1,0,0,5,0.36,0.3,0.3074,0.3559,49.0537,0.1364,NA,NA,51.9,7.9,4.488,4.488,0,30,30,0,0,0,1664.1258,1000,1000
218,33,2,"higher_gap_below_MTD",1,4,4,0.3,"one_stage",30,30,30,30,"CRM","random_carryoever","random",0.15,0.85,"dose_specific_carryover",0.5,0.5,0.15,0.85,0.15,0.85,3,1,6,"continuous",0.0179,28,1,1,1,0,0,1,0.01,0.05,0.0839,0.156,46.0038,0.1381,NA,NA,0,13,3.453,3.453,0,30,30,0,0,0,1664.1077,1000,1000
218,33,2,"higher_gap_below_MTD",1,4,4,0.3,"one_stage",30,30,30,30,"CRM","random_carryoever","random",0.15,0.85,"dose_specific_carryover",0.5,0.5,0.15,0.85,0.15,0.85,3,1,6,"continuous",0.0179,28,1,1,1,0,0,2,0.02,0.08,0.1182,0.1634,45.0769,0.1381,NA,NA,0.2,8.3,3.819,3.819,0,30,30,0,0,0,1664.1077,1000,1000
218,33,2,"higher_gap_below_MTD",1,4,4,0.3,"one_stage",30,30,30,30,"CRM","random_carryoever","random",0.15,0.85,"dose_specific_carryover",0.5,0.5,0.15,0.85,0.15,0.85,3,1,6,"continuous",0.0179,28,1,1,1,0,0,3,0.09,0.2,0.195,0.2173,45.236,0.1381,NA,NA,6.7,10.8,6.165,6.165,0,30,30,0,0,0,1664.1077,1000,1000
218,33,2,"higher_gap_below_MTD",1,4,4,0.3,"one_stage",30,30,30,30,"CRM","random_carryoever","random",0.15,0.85,"dose_specific_carryover",0.5,0.5,0.15,0.85,0.15,0.85,3,1,6,"continuous",0.0179,28,1,1,1,0,0,4,0.32,0.4,0.2372,0.362,52.2347,0.1381,NA,NA,49.6,44.1,10.632,10.632,0,30,30,0,0,0,1664.1077,1000,1000
218,33,2,"higher_gap_below_MTD",1,4,4,0.3,"one_stage",30,30,30,30,"CRM","random_carryoever","random",0.15,0.85,"dose_specific_carryover",0.5,0.5,0.15,0.85,0.15,0.85,3,1,6,"continuous",0.0179,28,1,1,1,0,0,5,0.38,0.5,0.3288,0.4741,55.2935,0.1381,NA,NA,43.5,23.8,5.931,5.931,0,30,30,0,0,0,1664.1077,1000,1000
219,34,3,"higher_gap_below_MTD",1,3,3,0.3,"one_stage",30,30,30,30,"CRM","random_carryoever","random",0.15,0.85,"dose_specific_carryover",0.5,0.5,0.15,0.85,0.15,0.85,3,1,6,"continuous",0.0179,28,1,1,1,0,0,1,0.05,0.05,0.1317,0.1329,42.7037,0.1376,NA,NA,0.5,18.7,5.706,5.706,0,29.97,29.97,0,0,0.5,1662.5932,1000,1000
219,34,3,"higher_gap_below_MTD",1,3,3,0.3,"one_stage",30,30,30,30,"CRM","random_carryoever","random",0.15,0.85,"dose_specific_carryover",0.5,0.5,0.15,0.85,0.15,0.85,3,1,6,"continuous",0.0179,28,1,1,1,0,0,2,0.13,0.1,0.1753,0.1487,41.9132,0.1376,NA,NA,8.4,16.6,6.369,6.369,0,29.97,29.97,0,0,0.5,1662.5932,1000,1000
219,34,3,"higher_gap_below_MTD",1,3,3,0.3,"one_stage",30,30,30,30,"CRM","random_carryoever","random",0.15,0.85,"dose_specific_carryover",0.5,0.5,0.15,0.85,0.15,0.85,3,1,6,"continuous",0.0179,28,1,1,1,0,0,3,0.3,0.3,0.2653,0.2879,46.6608,0.1376,NA,NA,40.4,43.2,9.66,9.66,0,29.97,29.97,0,0,0.5,1662.5932,1000,1000
219,34,3,"higher_gap_below_MTD",1,3,3,0.3,"one_stage",30,30,30,30,"CRM","random_carryoever","random",0.15,0.85,"dose_specific_carryover",0.5,0.5,0.15,0.85,0.15,0.85,3,1,6,"continuous",0.0179,28,1,1,1,0,0,4,0.36,0.32,0.3117,0.3576,48.9884,0.1376,NA,NA,38.5,18.3,5.976,5.976,0,29.97,29.97,0,0,0.5,1662.5932,1000,1000
219,34,3,"higher_gap_below_MTD",1,3,3,0.3,"one_stage",30,30,30,30,"CRM","random_carryoever","random",0.15,0.85,"dose_specific_carryover",0.5,0.5,0.15,0.85,0.15,0.85,3,1,6,"continuous",0.0179,28,1,1,1,0,0,5,0.42,0.35,0.4075,0.4435,50.3078,0.1376,NA,NA,12.2,2.7,2.259,2.259,0,29.97,29.97,0,0,0.5,1662.5932,1000,1000
220,35,4,"higher_gap_below_MTD",1,3,2,0.3,"one_stage",30,30,30,30,"CRM","random_carryoever","random",0.15,0.85,"dose_specific_carryover",0.5,0.5,0.15,0.85,0.15,0.85,3,1,6,"continuous",0.0179,28,1,1,1,0,0,1,0.03,0.2,0.1103,0.2389,49.9235,0.138,NA,NA,0,12.6,4.62,4.62,0,30,30,0,0,0,1664.117,1000,1000
220,35,4,"higher_gap_below_MTD",1,3,2,0.3,"one_stage",30,30,30,30,"CRM","random_carryoever","random",0.15,0.85,"dose_specific_carryover",0.5,0.5,0.15,0.85,0.15,0.85,3,1,6,"continuous",0.0179,28,1,1,1,0,0,2,0.09,0.45,0.1496,0.3879,57.2911,0.138,NA,NA,23.5,46.4,12.411,12.411,0,30,30,0,0,0,1664.117,1000,1000
220,35,4,"higher_gap_below_MTD",1,3,2,0.3,"one_stage",30,30,30,30,"CRM","random_carryoever","random",0.15,0.85,"dose_specific_carryover",0.5,0.5,0.15,0.85,0.15,0.85,3,1,6,"continuous",0.0179,28,1,1,1,0,0,3,0.3,0.45,0.2331,0.4221,56.0024,0.138,NA,NA,43.6,27.5,7.941,7.941,0,30,30,0,0,0,1664.117,1000,1000
220,35,4,"higher_gap_below_MTD",1,3,2,0.3,"one_stage",30,30,30,30,"CRM","random_carryoever","random",0.15,0.85,"dose_specific_carryover",0.5,0.5,0.15,0.85,0.15,0.85,3,1,6,"continuous",0.0179,28,1,1,1,0,0,4,0.4,0.45,0.2773,0.4633,56.7074,0.138,NA,NA,26,11.1,3.867,3.867,0,30,30,0,0,0,1664.117,1000,1000
220,35,4,"higher_gap_below_MTD",1,3,2,0.3,"one_stage",30,30,30,30,"CRM","random_carryoever","random",0.15,0.85,"dose_specific_carryover",0.5,0.5,0.15,0.85,0.15,0.85,3,1,6,"continuous",0.0179,28,1,1,1,0,0,5,0.45,0.45,0.3704,0.4866,54.3779,0.138,NA,NA,6.9,2.4,1.161,1.161,0,30,30,0,0,0,1664.117,1000,1000
221,36,5,"higher_gap_below_MTD",1,2,2,0.3,"one_stage",30,30,30,30,"CRM","random_carryoever","random",0.15,0.85,"dose_specific_carryover",0.5,0.5,0.15,0.85,0.15,0.85,3,1,6,"continuous",0.0179,28,1,1,1,0,0,1,0.13,0.05,0.199,0.1068,38.4509,0.1388,NA,NA,13.7,22.8,9.492,9.492,0,29.274,29.274,0.2,0.3,7.9,1625.3572,1000,1000
221,36,5,"higher_gap_below_MTD",1,2,2,0.3,"one_stage",30,30,30,30,"CRM","random_carryoever","random",0.15,0.85,"dose_specific_carryover",0.5,0.5,0.15,0.85,0.15,0.85,3,1,6,"continuous",0.0179,28,1,1,1,0,0,2,0.29,0.2,0.2498,0.2112,42.6785,0.1388,NA,NA,39.9,50,10.305,10.305,0,29.274,29.274,0.2,0.3,7.9,1625.3572,1000,1000
221,36,5,"higher_gap_below_MTD",1,2,2,0.3,"one_stage",30,30,30,30,"CRM","random_carryoever","random",0.15,0.85,"dose_specific_carryover",0.5,0.5,0.15,0.85,0.15,0.85,3,1,6,"continuous",0.0179,28,1,1,1,0,0,3,0.35,0.22,0.3476,0.2991,44.0396,0.1388,NA,NA,27.2,10.8,5.277,5.277,0,29.274,29.274,0.2,0.3,7.9,1625.3572,1000,1000
221,36,5,"higher_gap_below_MTD",1,2,2,0.3,"one_stage",30,30,30,30,"CRM","random_carryoever","random",0.15,0.85,"dose_specific_carryover",0.5,0.5,0.15,0.85,0.15,0.85,3,1,6,"continuous",0.0179,28,1,1,1,0,0,4,0.4,0.3,0.3953,0.4074,48.6279,0.1388,NA,NA,15,7.4,3.213,3.213,0,29.274,29.274,0.2,0.3,7.9,1625.3572,1000,1000
221,36,5,"higher_gap_below_MTD",1,2,2,0.3,"one_stage",30,30,30,30,"CRM","random_carryoever","random",0.15,0.85,"dose_specific_carryover",0.5,0.5,0.15,0.85,0.15,0.85,3,1,6,"continuous",0.0179,28,1,1,1,0,0,5,0.43,0.35,0.4895,0.4695,48.593,0.1388,NA,NA,4,1.1,0.987,0.987,0,29.274,29.274,0.2,0.3,7.9,1625.3572,1000,1000
222,37,6,"higher_gap_below_MTD",1,2,2,0.3,"one_stage",30,30,30,30,"CRM","random_carryoever","random",0.15,0.85,"dose_specific_carryover",0.5,0.5,0.15,0.85,0.15,0.85,3,1,6,"continuous",0.0179,28,1,1,1,0,0,1,0.08,0.05,0.1992,0.1042,38.2832,0.1377,NA,NA,10.1,24.5,9.351,9.351,0,29.703,29.703,0,0,3.9,1648.2398,1000,1000
222,37,6,"higher_gap_below_MTD",1,2,2,0.3,"one_stage",30,30,30,30,"CRM","random_carryoever","random",0.15,0.85,"dose_specific_carryover",0.5,0.5,0.15,0.85,0.15,0.85,3,1,6,"continuous",0.0179,28,1,1,1,0,0,2,0.3,0.2,0.2508,0.2058,42.315,0.1377,NA,NA,46.2,56.4,11.487,11.487,0,29.703,29.703,0,0,3.9,1648.2398,1000,1000
222,37,6,"higher_gap_below_MTD",1,2,2,0.3,"one_stage",30,30,30,30,"CRM","random_carryoever","random",0.15,0.85,"dose_specific_carryover",0.5,0.5,0.15,0.85,0.15,0.85,3,1,6,"continuous",0.0179,28,1,1,1,0,0,3,0.4,0.2,0.3497,0.2816,42.9044,0.1377,NA,NA,31.7,12,5.352,5.352,0,29.703,29.703,0,0,3.9,1648.2398,1000,1000
222,37,6,"higher_gap_below_MTD",1,2,2,0.3,"one_stage",30,30,30,30,"CRM","random_carryoever","random",0.15,0.85,"dose_specific_carryover",0.5,0.5,0.15,0.85,0.15,0.85,3,1,6,"continuous",0.0179,28,1,1,1,0,0,4,0.45,0.2,0.3979,0.3676,46.1434,0.1377,NA,NA,10,2.6,2.754,2.754,0,29.703,29.703,0,0,3.9,1648.2398,1000,1000
222,37,6,"higher_gap_below_MTD",1,2,2,0.3,"one_stage",30,30,30,30,"CRM","random_carryoever","random",0.15,0.85,"dose_specific_carryover",0.5,0.5,0.15,0.85,0.15,0.85,3,1,6,"continuous",0.0179,28,1,1,1,0,0,5,0.5,0.2,0.4926,0.4486,47.2122,0.1377,NA,NA,2,0.6,0.759,0.759,0,29.703,29.703,0,0,3.9,1648.2398,1000,1000
223,1,1,"base_example",1,1,1,0.3,"two_stage",30,30,6,30,"CRM","previous_dose_additive","previous_dose",0.15,0.85,"previous_dose_additive",0.5,0.5,0.15,0.85,0.15,0.85,3,1,6,"continuous",0.0179,28,1,1,1,0,0,1,0.3,0.05,0.3286,0.0781,31.5412,0.1382,NA,NA,60.1,32.5,15.369,15.369,0,22.572,22.572,13.2,13.9,58.4,1246.3868,1000,1000
223,1,1,"base_example",1,1,1,0.3,"two_stage",30,30,6,30,"CRM","previous_dose_additive","previous_dose",0.15,0.85,"previous_dose_additive",0.5,0.5,0.15,0.85,0.15,0.85,3,1,6,"continuous",0.0179,28,1,1,1,0,0,2,0.35,0.06,0.3825,0.3161,43.6644,0.1382,NA,NA,16.6,8.2,3.897,3.897,0,22.572,22.572,13.2,13.9,58.4,1246.3868,1000,1000
223,1,1,"base_example",1,1,1,0.3,"two_stage",30,30,6,30,"CRM","previous_dose_additive","previous_dose",0.15,0.85,"previous_dose_additive",0.5,0.5,0.15,0.85,0.15,0.85,3,1,6,"continuous",0.0179,28,1,1,1,0,0,3,0.4,0.07,0.4785,0.3832,43.8524,0.1382,NA,NA,7,0.5,2.16,2.16,0,22.572,22.572,13.2,13.9,58.4,1246.3868,1000,1000
223,1,1,"base_example",1,1,1,0.3,"two_stage",30,30,6,30,"CRM","previous_dose_additive","previous_dose",0.15,0.85,"previous_dose_additive",0.5,0.5,0.15,0.85,0.15,0.85,3,1,6,"continuous",0.0179,28,1,1,1,0,0,4,0.45,0.08,0.5226,0.4506,46.1309,0.1382,NA,NA,2.4,0.2,0.873,0.873,0,22.572,22.572,13.2,13.9,58.4,1246.3868,1000,1000
223,1,1,"base_example",1,1,1,0.3,"two_stage",30,30,6,30,"CRM","previous_dose_additive","previous_dose",0.15,0.85,"previous_dose_additive",0.5,0.5,0.15,0.85,0.15,0.85,3,1,6,"continuous",0.0179,28,1,1,1,0,0,5,0.5,0.09,0.6057,0.4849,44.8674,0.1382,NA,NA,0.7,0.2,0.273,0.273,0,22.572,22.572,13.2,13.9,58.4,1246.3868,1000,1000
224,2,2,"base_example",1,3,3,0.3,"two_stage",30,30,6,30,"CRM","previous_dose_additive","previous_dose",0.15,0.85,"previous_dose_additive",0.5,0.5,0.15,0.85,0.15,0.85,3,1,6,"continuous",0.0179,28,1,1,1,0,0,1,0.15,0.2,0.1636,0.2272,47.085,0.1347,NA,NA,22.1,39.1,11.496,11.496,0,29.718,29.718,0.5,0.5,1.9,1648.6303,1000,1000
224,2,2,"base_example",1,3,3,0.3,"two_stage",30,30,6,30,"CRM","previous_dose_additive","previous_dose",0.15,0.85,"previous_dose_additive",0.5,0.5,0.15,0.85,0.15,0.85,3,1,6,"continuous",0.0179,28,1,1,1,0,0,2,0.2,0.25,0.2106,0.3147,50.4572,0.1347,NA,NA,19.9,16.8,5.298,5.298,0,29.718,29.718,0.5,0.5,1.9,1648.6303,1000,1000
224,2,2,"base_example",1,3,3,0.3,"two_stage",30,30,6,30,"CRM","previous_dose_additive","previous_dose",0.15,0.85,"previous_dose_additive",0.5,0.5,0.15,0.85,0.15,0.85,3,1,6,"continuous",0.0179,28,1,1,1,0,0,3,0.3,0.5,0.3043,0.4773,56.4663,0.1347,NA,NA,29.6,30.3,7.128,7.128,0,29.718,29.718,0.5,0.5,1.9,1648.6303,1000,1000
224,2,2,"base_example",1,3,3,0.3,"two_stage",30,30,6,30,"CRM","previous_dose_additive","previous_dose",0.15,0.85,"previous_dose_additive",0.5,0.5,0.15,0.85,0.15,0.85,3,1,6,"continuous",0.0179,28,1,1,1,0,0,4,0.35,0.5,0.3514,0.4875,55.1926,0.1347,NA,NA,19.2,9.7,3.894,3.894,0,29.718,29.718,0.5,0.5,1.9,1648.6303,1000,1000
224,2,2,"base_example",1,3,3,0.3,"two_stage",30,30,6,30,"CRM","previous_dose_additive","previous_dose",0.15,0.85,"previous_dose_additive",0.5,0.5,0.15,0.85,0.15,0.85,3,1,6,"continuous",0.0179,28,1,1,1,0,0,5,0.45,0.5,0.4465,0.4997,52.1223,0.1347,NA,NA,8.7,2.2,1.902,1.902,0,29.718,29.718,0.5,0.5,1.9,1648.6303,1000,1000
225,3,3,"base_example",1,3,2,0.3,"two_stage",30,30,6,30,"CRM","previous_dose_additive","previous_dose",0.15,0.85,"previous_dose_additive",0.5,0.5,0.15,0.85,0.15,0.85,3,1,6,"continuous",0.0179,28,1,1,1,0,0,1,0.15,0.1,0.1661,0.1556,42.6935,0.1388,NA,NA,22.2,19.5,9.681,9.681,0,28.872,28.872,0.5,0.5,10.2,1602.9331,1000,1000
225,3,3,"base_example",1,3,2,0.3,"two_stage",30,30,6,30,"CRM","previous_dose_additive","previous_dose",0.15,0.85,"previous_dose_additive",0.5,0.5,0.15,0.85,0.15,0.85,3,1,6,"continuous",0.0179,28,1,1,1,0,0,2,0.2,0.4,0.2131,0.3983,55.3748,0.1388,NA,NA,19.5,43.3,7.65,7.65,0,28.872,28.872,0.5,0.5,10.2,1602.9331,1000,1000
225,3,3,"base_example",1,3,2,0.3,"two_stage",30,30,6,30,"CRM","previous_dose_additive","previous_dose",0.15,0.85,"previous_dose_additive",0.5,0.5,0.15,0.85,0.15,0.85,3,1,6,"continuous",0.0179,28,1,1,1,0,0,3,0.3,0.4,0.3068,0.4171,52.7541,0.1388,NA,NA,29.9,18.8,6.144,6.144,0,28.872,28.872,0.5,0.5,10.2,1602.9331,1000,1000
225,3,3,"base_example",1,3,2,0.3,"two_stage",30,30,6,30,"CRM","previous_dose_additive","previous_dose",0.15,0.85,"previous_dose_additive",0.5,0.5,0.15,0.85,0.15,0.85,3,1,6,"continuous",0.0179,28,1,1,1,0,0,4,0.35,0.4,0.3538,0.4503,52.869,0.1388,NA,NA,18.5,6.4,3.684,3.684,0,28.872,28.872,0.5,0.5,10.2,1602.9331,1000,1000
225,3,3,"base_example",1,3,2,0.3,"two_stage",30,30,6,30,"CRM","previous_dose_additive","previous_dose",0.15,0.85,"previous_dose_additive",0.5,0.5,0.15,0.85,0.15,0.85,3,1,6,"continuous",0.0179,28,1,1,1,0,0,5,0.45,0.4,0.4486,0.4754,50.5779,0.1388,NA,NA,9.4,1.8,1.713,1.713,0,28.872,28.872,0.5,0.5,10.2,1602.9331,1000,1000
226,4,4,"base_example",1,4,4,0.3,"two_stage",30,30,6,30,"CRM","previous_dose_additive","previous_dose",0.15,0.85,"previous_dose_additive",0.5,0.5,0.15,0.85,0.15,0.85,3,1,6,"continuous",0.0179,28,1,1,1,0,0,1,0.05,0.05,0.1017,0.1429,44.5041,0.1397,NA,NA,2,11.8,4.518,4.518,0,29.73,29.73,0,0,2,1648.5187,1000,1000
226,4,4,"base_example",1,4,4,0.3,"two_stage",30,30,6,30,"CRM","previous_dose_additive","previous_dose",0.15,0.85,"previous_dose_additive",0.5,0.5,0.15,0.85,0.15,0.85,3,1,6,"continuous",0.0179,28,1,1,1,0,0,2,0.1,0.1,0.1398,0.1806,45.2429,0.1397,NA,NA,2.7,8.3,4.383,4.383,0,29.73,29.73,0,0,2,1648.5187,1000,1000
226,4,4,"base_example",1,4,4,0.3,"two_stage",30,30,6,30,"CRM","previous_dose_additive","previous_dose",0.15,0.85,"previous_dose_additive",0.5,0.5,0.15,0.85,0.15,0.85,3,1,6,"continuous",0.0179,28,1,1,1,0,0,3,0.18,0.25,0.2222,0.2726,47.4667,0.1397,NA,NA,21.5,20.1,6.687,6.687,0,29.73,29.73,0,0,2,1648.5187,1000,1000
226,4,4,"base_example",1,4,4,0.3,"two_stage",30,30,6,30,"CRM","previous_dose_additive","previous_dose",0.15,0.85,"previous_dose_additive",0.5,0.5,0.15,0.85,0.15,0.85,3,1,6,"continuous",0.0179,28,1,1,1,0,0,4,0.3,0.5,0.2664,0.4777,58.0056,0.1397,NA,NA,39.6,43.5,8.151,8.151,0,29.73,29.73,0,0,2,1648.5187,1000,1000
226,4,4,"base_example",1,4,4,0.3,"two_stage",30,30,6,30,"CRM","previous_dose_additive","previous_dose",0.15,0.85,"previous_dose_additive",0.5,0.5,0.15,0.85,0.15,0.85,3,1,6,"continuous",0.0179,28,1,1,1,0,0,5,0.4,0.55,0.3602,0.5086,56.1065,0.1397,NA,NA,34.2,14.3,5.991,5.991,0,29.73,29.73,0,0,2,1648.5187,1000,1000
227,5,5,"base_example",1,5,2,0.3,"two_stage",30,30,6,30,"CRM","previous_dose_additive","previous_dose",0.15,0.85,"previous_dose_additive",0.5,0.5,0.15,0.85,0.15,0.85,3,1,6,"continuous",0.0179,28,1,1,1,0,0,1,0.07,0.05,0.0856,0.1388,44.9031,0.1373,NA,NA,5.4,7.9,4.941,4.941,0,29.415,29.415,0.1,0.1,4.3,1631.3641,1000,1000
227,5,5,"base_example",1,5,2,0.3,"two_stage",30,30,6,30,"CRM","previous_dose_additive","previous_dose",0.15,0.85,"previous_dose_additive",0.5,0.5,0.15,0.85,0.15,0.85,3,1,6,"continuous",0.0179,28,1,1,1,0,0,2,0.12,0.3,0.1192,0.3014,53.3169,0.1373,NA,NA,3.5,42.5,6.609,6.609,0,29.415,29.415,0.1,0.1,4.3,1631.3641,1000,1000
227,5,5,"base_example",1,5,2,0.3,"two_stage",30,30,6,30,"CRM","previous_dose_additive","previous_dose",0.15,0.85,"previous_dose_additive",0.5,0.5,0.15,0.85,0.15,0.85,3,1,6,"continuous",0.0179,28,1,1,1,0,0,3,0.17,0.3,0.1942,0.3069,50.6477,0.1373,NA,NA,13.1,23.2,6.618,6.618,0,29.415,29.415,0.1,0.1,4.3,1631.3641,1000,1000
227,5,5,"base_example",1,5,2,0.3,"two_stage",30,30,6,30,"CRM","previous_dose_additive","previous_dose",0.15,0.85,"previous_dose_additive",0.5,0.5,0.15,0.85,0.15,0.85,3,1,6,"continuous",0.0179,28,1,1,1,0,0,4,0.22,0.3,0.2355,0.3324,50.5235,0.1373,NA,NA,23.7,15.7,5.859,5.859,0,29.415,29.415,0.1,0.1,4.3,1631.3641,1000,1000
227,5,5,"base_example",1,5,2,0.3,"two_stage",30,30,6,30,"CRM","previous_dose_additive","previous_dose",0.15,0.85,"previous_dose_additive",0.5,0.5,0.15,0.85,0.15,0.85,3,1,6,"continuous",0.0179,28,1,1,1,0,0,5,0.3,0.3,0.3254,0.3726,49.3401,0.1373,NA,NA,54.2,6.4,5.388,5.388,0,29.415,29.415,0.1,0.1,4.3,1631.3641,1000,1000
228,6,1,"five_scenarios_txt",1,1,1,0.3,"two_stage",30,30,6,30,"CRM","previous_dose_additive","previous_dose",0.15,0.85,"previous_dose_additive",0.5,0.5,0.15,0.85,0.15,0.85,3,1,6,"continuous",0.0179,28,1,1,1,0,0,1,0.29,0.3,0.3105,0.3051,45.8886,0.1385,NA,NA,55.8,68.4,19.491,19.491,0,27.483,27.483,13.1,13.6,14,1527.19,1000,1000
228,6,1,"five_scenarios_txt",1,1,1,0.3,"two_stage",30,30,6,30,"CRM","previous_dose_additive","previous_dose",0.15,0.85,"previous_dose_additive",0.5,0.5,0.15,0.85,0.15,0.85,3,1,6,"continuous",0.0179,28,1,1,1,0,0,2,0.34,0.32,0.3647,0.4118,50.1204,0.1385,NA,NA,18.1,13,4.053,4.053,0,27.483,27.483,13.1,13.6,14,1527.19,1000,1000
228,6,1,"five_scenarios_txt",1,1,1,0.3,"two_stage",30,30,6,30,"CRM","previous_dose_additive","previous_dose",0.15,0.85,"previous_dose_additive",0.5,0.5,0.15,0.85,0.15,0.85,3,1,6,"continuous",0.0179,28,1,1,1,0,0,3,0.38,0.35,0.4618,0.4497,48.5118,0.1385,NA,NA,8.7,3.3,2.505,2.505,0,27.483,27.483,13.1,13.6,14,1527.19,1000,1000
228,6,1,"five_scenarios_txt",1,1,1,0.3,"two_stage",30,30,6,30,"CRM","previous_dose_additive","previous_dose",0.15,0.85,"previous_dose_additive",0.5,0.5,0.15,0.85,0.15,0.85,3,1,6,"continuous",0.0179,28,1,1,1,0,0,4,0.43,0.38,0.5066,0.481,48.5925,0.1385,NA,NA,3.4,0.9,1.077,1.077,0,27.483,27.483,13.1,13.6,14,1527.19,1000,1000
228,6,1,"five_scenarios_txt",1,1,1,0.3,"two_stage",30,30,6,30,"CRM","previous_dose_additive","previous_dose",0.15,0.85,"previous_dose_additive",0.5,0.5,0.15,0.85,0.15,0.85,3,1,6,"continuous",0.0179,28,1,1,1,0,0,5,0.52,0.4,0.5916,0.4953,46.0526,0.1385,NA,NA,0.9,0.4,0.357,0.357,0,27.483,27.483,13.1,13.6,14,1527.19,1000,1000
229,7,2,"five_scenarios_txt",1,4,2,0.3,"two_stage",30,30,6,30,"CRM","previous_dose_additive","previous_dose",0.15,0.85,"previous_dose_additive",0.5,0.5,0.15,0.85,0.15,0.85,3,1,6,"continuous",0.0179,28,1,1,1,0,0,1,0.16,0.2,0.1545,0.2369,48.0356,0.1364,NA,NA,23,28.8,10.755,10.755,0,29.643,29.643,0.7,0.7,2.2,1644.4272,1000,1000
229,7,2,"five_scenarios_txt",1,4,2,0.3,"two_stage",30,30,6,30,"CRM","previous_dose_additive","previous_dose",0.15,0.85,"previous_dose_additive",0.5,0.5,0.15,0.85,0.15,0.85,3,1,6,"continuous",0.0179,28,1,1,1,0,0,2,0.2,0.5,0.1995,0.4709,60.2725,0.1364,NA,NA,15.5,40.2,7.176,7.176,0,29.643,29.643,0.7,0.7,2.2,1644.4272,1000,1000
229,7,2,"five_scenarios_txt",1,4,2,0.3,"two_stage",30,30,6,30,"CRM","previous_dose_additive","previous_dose",0.15,0.85,"previous_dose_additive",0.5,0.5,0.15,0.85,0.15,0.85,3,1,6,"continuous",0.0179,28,1,1,1,0,0,3,0.26,0.5,0.2904,0.4736,56.8002,0.1364,NA,NA,23.4,18,5.652,5.652,0,29.643,29.643,0.7,0.7,2.2,1644.4272,1000,1000
229,7,2,"five_scenarios_txt",1,4,2,0.3,"two_stage",30,30,6,30,"CRM","previous_dose_additive","previous_dose",0.15,0.85,"previous_dose_additive",0.5,0.5,0.15,0.85,0.15,0.85,3,1,6,"continuous",0.0179,28,1,1,1,0,0,4,0.31,0.5,0.3366,0.4859,55.6928,0.1364,NA,NA,20.9,8.4,3.786,3.786,0,29.643,29.643,0.7,0.7,2.2,1644.4272,1000,1000
229,7,2,"five_scenarios_txt",1,4,2,0.3,"two_stage",30,30,6,30,"CRM","previous_dose_additive","previous_dose",0.15,0.85,"previous_dose_additive",0.5,0.5,0.15,0.85,0.15,0.85,3,1,6,"continuous",0.0179,28,1,1,1,0,0,5,0.36,0.5,0.4308,0.4899,52.1665,0.1364,NA,NA,16.5,2.4,2.274,2.274,0,29.643,29.643,0.7,0.7,2.2,1644.4272,1000,1000
230,8,3,"five_scenarios_txt",1,1,1,0.3,"two_stage",30,30,6,30,"CRM","previous_dose_additive","previous_dose",0.15,0.85,"previous_dose_additive",0.5,0.5,0.15,0.85,0.15,0.85,3,1,6,"continuous",0.0179,28,1,1,1,0,0,1,0.32,0.1,0.3501,0.1186,33.1116,0.1367,NA,NA,63,44.1,17.427,17.427,0,23.964,23.964,17.4,18,44.7,1324.4777,1000,1000
230,8,3,"five_scenarios_txt",1,1,1,0.3,"two_stage",30,30,6,30,"CRM","previous_dose_additive","previous_dose",0.15,0.85,"previous_dose_additive",0.5,0.5,0.15,0.85,0.15,0.85,3,1,6,"continuous",0.0179,28,1,1,1,0,0,2,0.37,0.15,0.4044,0.3695,45.9953,0.1367,NA,NA,12.5,8.4,3.702,3.702,0,23.964,23.964,17.4,18,44.7,1324.4777,1000,1000
230,8,3,"five_scenarios_txt",1,1,1,0.3,"two_stage",30,30,6,30,"CRM","previous_dose_additive","previous_dose",0.15,0.85,"previous_dose_additive",0.5,0.5,0.15,0.85,0.15,0.85,3,1,6,"continuous",0.0179,28,1,1,1,0,0,3,0.42,0.2,0.4997,0.4268,45.6209,0.1367,NA,NA,5,1.6,1.878,1.878,0,23.964,23.964,17.4,18,44.7,1324.4777,1000,1000
230,8,3,"five_scenarios_txt",1,1,1,0.3,"two_stage",30,30,6,30,"CRM","previous_dose_additive","previous_dose",0.15,0.85,"previous_dose_additive",0.5,0.5,0.15,0.85,0.15,0.85,3,1,6,"continuous",0.0179,28,1,1,1,0,0,4,0.48,0.3,0.5431,0.4813,47.1559,0.1367,NA,NA,1.6,0.9,0.741,0.741,0,23.964,23.964,17.4,18,44.7,1324.4777,1000,1000
230,8,3,"five_scenarios_txt",1,1,1,0.3,"two_stage",30,30,6,30,"CRM","previous_dose_additive","previous_dose",0.15,0.85,"previous_dose_additive",0.5,0.5,0.15,0.85,0.15,0.85,3,1,6,"continuous",0.0179,28,1,1,1,0,0,5,0.52,0.4,0.6241,0.4968,44.8439,0.1367,NA,NA,0.5,0.3,0.216,0.216,0,23.964,23.964,17.4,18,44.7,1324.4777,1000,1000
231,9,4,"five_scenarios_txt",1,5,5,0.3,"two_stage",30,30,6,30,"CRM","previous_dose_additive","previous_dose",0.15,0.85,"previous_dose_additive",0.5,0.5,0.15,0.85,0.15,0.85,3,1,6,"continuous",0.0179,28,1,1,1,0,0,1,0.15,0.05,0.1355,0.1145,41.4515,0.139,NA,NA,22,20.6,8.946,8.946,0,27.723,27.723,0.5,0.5,19.2,1540.6805,1000,1000
231,9,4,"five_scenarios_txt",1,5,5,0.3,"two_stage",30,30,6,30,"CRM","previous_dose_additive","previous_dose",0.15,0.85,"previous_dose_additive",0.5,0.5,0.15,0.85,0.15,0.85,3,1,6,"continuous",0.0179,28,1,1,1,0,0,2,0.18,0.08,0.1763,0.2149,45.8422,0.139,NA,NA,10.3,11.7,4.398,4.398,0,27.723,27.723,0.5,0.5,19.2,1540.6805,1000,1000
231,9,4,"five_scenarios_txt",1,5,5,0.3,"two_stage",30,30,6,30,"CRM","previous_dose_additive","previous_dose",0.15,0.85,"previous_dose_additive",0.5,0.5,0.15,0.85,0.15,0.85,3,1,6,"continuous",0.0179,28,1,1,1,0,0,3,0.22,0.2,0.2608,0.2968,47.3774,0.139,NA,NA,17.6,16.7,5.586,5.586,0,27.723,27.723,0.5,0.5,19.2,1540.6805,1000,1000
231,9,4,"five_scenarios_txt",1,5,5,0.3,"two_stage",30,30,6,30,"CRM","previous_dose_additive","previous_dose",0.15,0.85,"previous_dose_additive",0.5,0.5,0.15,0.85,0.15,0.85,3,1,6,"continuous",0.0179,28,1,1,1,0,0,4,0.26,0.25,0.3048,0.3655,49.7391,0.139,NA,NA,17.8,10.7,4.017,4.017,0,27.723,27.723,0.5,0.5,19.2,1540.6805,1000,1000
231,9,4,"five_scenarios_txt",1,5,5,0.3,"two_stage",30,30,6,30,"CRM","previous_dose_additive","previous_dose",0.15,0.85,"previous_dose_additive",0.5,0.5,0.15,0.85,0.15,0.85,3,1,6,"continuous",0.0179,28,1,1,1,0,0,5,0.29,0.5,0.3966,0.4917,53.6415,0.139,NA,NA,31.8,21.1,4.776,4.776,0,27.723,27.723,0.5,0.5,19.2,1540.6805,1000,1000
232,10,5,"five_scenarios_txt",1,2,2,0.3,"two_stage",30,30,6,30,"CRM","previous_dose_additive","previous_dose",0.15,0.85,"previous_dose_additive",0.5,0.5,0.15,0.85,0.15,0.85,3,1,6,"continuous",0.0179,28,1,1,1,0,0,1,0.23,0.05,0.2423,0.1033,36.5069,0.1374,NA,NA,45,12.5,11.826,11.826,0,25.029,25.029,4.4,4.4,40,1386.3762,1000,1000
232,10,5,"five_scenarios_txt",1,2,2,0.3,"two_stage",30,30,6,30,"CRM","previous_dose_additive","previous_dose",0.15,0.85,"previous_dose_additive",0.5,0.5,0.15,0.85,0.15,0.85,3,1,6,"continuous",0.0179,28,1,1,1,0,0,2,0.28,0.4,0.2938,0.4287,53.9678,0.1374,NA,NA,20.7,31.3,5.991,5.991,0,25.029,25.029,4.4,4.4,40,1386.3762,1000,1000
232,10,5,"five_scenarios_txt",1,2,2,0.3,"two_stage",30,30,6,30,"CRM","previous_dose_additive","previous_dose",0.15,0.85,"previous_dose_additive",0.5,0.5,0.15,0.85,0.15,0.85,3,1,6,"continuous",0.0179,28,1,1,1,0,0,3,0.32,0.42,0.3902,0.4601,51.9968,0.1374,NA,NA,15.7,11.3,4.098,4.098,0,25.029,25.029,4.4,4.4,40,1386.3762,1000,1000
232,10,5,"five_scenarios_txt",1,2,2,0.3,"two_stage",30,30,6,30,"CRM","previous_dose_additive","previous_dose",0.15,0.85,"previous_dose_additive",0.5,0.5,0.15,0.85,0.15,0.85,3,1,6,"continuous",0.0179,28,1,1,1,0,0,4,0.39,0.45,0.4365,0.4781,51.2264,0.1374,NA,NA,9.7,3.4,2.097,2.097,0,25.029,25.029,4.4,4.4,40,1386.3762,1000,1000
232,10,5,"five_scenarios_txt",1,2,2,0.3,"two_stage",30,30,6,30,"CRM","previous_dose_additive","previous_dose",0.15,0.85,"previous_dose_additive",0.5,0.5,0.15,0.85,0.15,0.85,3,1,6,"continuous",0.0179,28,1,1,1,0,0,5,0.43,0.5,0.5265,0.4962,48.7109,0.1374,NA,NA,4.5,1.5,1.017,1.017,0,25.029,25.029,4.4,4.4,40,1386.3762,1000,1000
233,11,1,"five_scenarios_txt",1,2,1,0.3,"two_stage",30,30,6,30,"CRM","previous_dose_additive","previous_dose",0.15,0.85,"previous_dose_additive",0.5,0.5,0.15,0.85,0.15,0.85,3,1,6,"continuous",0.0179,28,1,1,1,0,0,1,0.22,0.2,0.2569,0.2058,42.0712,0.14,NA,NA,47.3,69.7,18.441,18.441,0,28.923,28.923,4,4,7.1,1605.3859,1000,1000
233,11,1,"five_scenarios_txt",1,2,1,0.3,"two_stage",30,30,6,30,"CRM","previous_dose_additive","previous_dose",0.15,0.85,"previous_dose_additive",0.5,0.5,0.15,0.85,0.15,0.85,3,1,6,"continuous",0.0179,28,1,1,1,0,0,2,0.32,0.2,0.3113,0.3226,46.9019,0.14,NA,NA,33.3,19.6,5.844,5.844,0,28.923,28.923,4,4,7.1,1605.3859,1000,1000
233,11,1,"five_scenarios_txt",1,2,1,0.3,"two_stage",30,30,6,30,"CRM","previous_dose_additive","previous_dose",0.15,0.85,"previous_dose_additive",0.5,0.5,0.15,0.85,0.15,0.85,3,1,6,"continuous",0.0179,28,1,1,1,0,0,3,0.44,0.2,0.4115,0.3779,46.2148,0.14,NA,NA,13,3,3.552,3.552,0,28.923,28.923,4,4,7.1,1605.3859,1000,1000
233,11,1,"five_scenarios_txt",1,2,1,0.3,"two_stage",30,30,6,30,"CRM","previous_dose_additive","previous_dose",0.15,0.85,"previous_dose_additive",0.5,0.5,0.15,0.85,0.15,0.85,3,1,6,"continuous",0.0179,28,1,1,1,0,0,4,0.59,0.2,0.4587,0.4553,48.9675,0.14,NA,NA,2.4,0.6,0.969,0.969,0,28.923,28.923,4,4,7.1,1605.3859,1000,1000
233,11,1,"five_scenarios_txt",1,2,1,0.3,"two_stage",30,30,6,30,"CRM","previous_dose_additive","previous_dose",0.15,0.85,"previous_dose_additive",0.5,0.5,0.15,0.85,0.15,0.85,3,1,6,"continuous",0.0179,28,1,1,1,0,0,5,0.67,0.2,0.5493,0.4933,47.629,0.14,NA,NA,0,0,0.117,0.117,0,28.923,28.923,4,4,7.1,1605.3859,1000,1000
234,12,2,"five_scenarios_txt",3,4,4,0.3,"two_stage",30,30,6,30,"CRM","previous_dose_additive","previous_dose",0.15,0.85,"previous_dose_additive",0.5,0.5,0.15,0.85,0.15,0.85,3,1,6,"continuous",0.0179,28,1,1,1,0,0,1,0.06,0.05,0.1055,0.1384,44.0858,0.1362,NA,NA,3.7,22.7,5.046,5.046,0,29.55,29.55,0.1,0.1,3.4,1638.3964,1000,1000
234,12,2,"five_scenarios_txt",3,4,4,0.3,"two_stage",30,30,6,30,"CRM","previous_dose_additive","previous_dose",0.15,0.85,"previous_dose_additive",0.5,0.5,0.15,0.85,0.15,0.85,3,1,6,"continuous",0.0179,28,1,1,1,0,0,2,0.09,0.1,0.1444,0.1812,45.0974,0.1362,NA,NA,2.6,13,4.716,4.716,0,29.55,29.55,0.1,0.1,3.4,1638.3964,1000,1000
234,12,2,"five_scenarios_txt",3,4,4,0.3,"two_stage",30,30,6,30,"CRM","previous_dose_additive","previous_dose",0.15,0.85,"previous_dose_additive",0.5,0.5,0.15,0.85,0.15,0.85,3,1,6,"continuous",0.0179,28,1,1,1,0,0,3,0.18,0.12,0.228,0.1876,42.1333,0.1362,NA,NA,21.4,6.2,5.421,5.421,0,29.55,29.55,0.1,0.1,3.4,1638.3964,1000,1000
234,12,2,"five_scenarios_txt",3,4,4,0.3,"two_stage",30,30,6,30,"CRM","previous_dose_additive","previous_dose",0.15,0.85,"previous_dose_additive",0.5,0.5,0.15,0.85,0.15,0.85,3,1,6,"continuous",0.0179,28,1,1,1,0,0,4,0.29,0.4,0.2726,0.4035,53.3095,0.1362,NA,NA,42.7,34,7.575,7.575,0,29.55,29.55,0.1,0.1,3.4,1638.3964,1000,1000
234,12,2,"five_scenarios_txt",3,4,4,0.3,"two_stage",30,30,6,30,"CRM","previous_dose_additive","previous_dose",0.15,0.85,"previous_dose_additive",0.5,0.5,0.15,0.85,0.15,0.85,3,1,6,"continuous",0.0179,28,1,1,1,0,0,5,0.44,0.6,0.367,0.5476,58.1783,0.1362,NA,NA,29.5,20.7,6.792,6.792,0,29.55,29.55,0.1,0.1,3.4,1638.3964,1000,1000
235,13,3,"five_scenarios_txt",1,3,3,0.3,"two_stage",30,30,6,30,"CRM","previous_dose_additive","previous_dose",0.15,0.85,"previous_dose_additive",0.5,0.5,0.15,0.85,0.15,0.85,3,1,6,"continuous",0.0179,28,1,1,1,0,0,1,0.21,0.05,0.2269,0.1033,37.121,0.1371,NA,NA,41,14.7,11.43,11.43,0,25.662,25.662,2.9,2.9,34.9,1421.8534,1000,1000
235,13,3,"five_scenarios_txt",1,3,3,0.3,"two_stage",30,30,6,30,"CRM","previous_dose_additive","previous_dose",0.15,0.85,"previous_dose_additive",0.5,0.5,0.15,0.85,0.15,0.85,3,1,6,"continuous",0.0179,28,1,1,1,0,0,2,0.29,0.3,0.278,0.3669,50.894,0.1371,NA,NA,21.9,32.9,6.3,6.3,0,25.662,25.662,2.9,2.9,34.9,1421.8534,1000,1000
235,13,3,"five_scenarios_txt",1,3,3,0.3,"two_stage",30,30,6,30,"CRM","previous_dose_additive","previous_dose",0.15,0.85,"previous_dose_additive",0.5,0.5,0.15,0.85,0.15,0.85,3,1,6,"continuous",0.0179,28,1,1,1,0,0,3,0.3,0.32,0.3746,0.4166,50.0131,0.1371,NA,NA,19.6,12.5,4.53,4.53,0,25.662,25.662,2.9,2.9,34.9,1421.8534,1000,1000
235,13,3,"five_scenarios_txt",1,3,3,0.3,"two_stage",30,30,6,30,"CRM","previous_dose_additive","previous_dose",0.15,0.85,"previous_dose_additive",0.5,0.5,0.15,0.85,0.15,0.85,3,1,6,"continuous",0.0179,28,1,1,1,0,0,4,0.39,0.35,0.4213,0.4507,50.1934,0.1371,NA,NA,10.1,3.7,2.34,2.34,0,25.662,25.662,2.9,2.9,34.9,1421.8534,1000,1000
235,13,3,"five_scenarios_txt",1,3,3,0.3,"two_stage",30,30,6,30,"CRM","previous_dose_additive","previous_dose",0.15,0.85,"previous_dose_additive",0.5,0.5,0.15,0.85,0.15,0.85,3,1,6,"continuous",0.0179,28,1,1,1,0,0,5,0.46,0.4,0.5127,0.4857,48.6388,0.1371,NA,NA,4.5,1.3,1.062,1.062,0,25.662,25.662,2.9,2.9,34.9,1421.8534,1000,1000
236,14,4,"five_scenarios_txt",1,4,4,0.3,"two_stage",30,30,6,30,"CRM","previous_dose_additive","previous_dose",0.15,0.85,"previous_dose_additive",0.5,0.5,0.15,0.85,0.15,0.85,3,1,6,"continuous",0.0179,28,1,1,1,0,0,1,0.09,0.05,0.1176,0.1235,42.7063,0.1372,NA,NA,8.8,32.3,6.756,6.756,0,29.064,29.064,0.2,0.2,7.6,1614.0618,1000,1000
236,14,4,"five_scenarios_txt",1,4,4,0.3,"two_stage",30,30,6,30,"CRM","previous_dose_additive","previous_dose",0.15,0.85,"previous_dose_additive",0.5,0.5,0.15,0.85,0.15,0.85,3,1,6,"continuous",0.0179,28,1,1,1,0,0,2,0.15,0.08,0.1578,0.171,43.9449,0.1372,NA,NA,7.2,15.4,5.442,5.442,0,29.064,29.064,0.2,0.2,7.6,1614.0618,1000,1000
236,14,4,"five_scenarios_txt",1,4,4,0.3,"two_stage",30,30,6,30,"CRM","previous_dose_additive","previous_dose",0.15,0.85,"previous_dose_additive",0.5,0.5,0.15,0.85,0.15,0.85,3,1,6,"continuous",0.0179,28,1,1,1,0,0,3,0.23,0.12,0.2429,0.2021,42.4094,0.1372,NA,NA,25.4,9,6.018,6.018,0,29.064,29.064,0.2,0.2,7.6,1614.0618,1000,1000
236,14,4,"five_scenarios_txt",1,4,4,0.3,"two_stage",30,30,6,30,"CRM","previous_dose_additive","previous_dose",0.15,0.85,"previous_dose_additive",0.5,0.5,0.15,0.85,0.15,0.85,3,1,6,"continuous",0.0179,28,1,1,1,0,0,4,0.28,0.3,0.2877,0.362,50.2117,0.1372,NA,NA,30.7,25.2,6.087,6.087,0,29.064,29.064,0.2,0.2,7.6,1614.0618,1000,1000
236,14,4,"five_scenarios_txt",1,4,4,0.3,"two_stage",30,30,6,30,"CRM","previous_dose_additive","previous_dose",0.15,0.85,"previous_dose_additive",0.5,0.5,0.15,0.85,0.15,0.85,3,1,6,"continuous",0.0179,28,1,1,1,0,0,5,0.39,0.4,0.3817,0.4477,51.5919,0.1372,NA,NA,27.7,10.5,4.761,4.761,0,29.064,29.064,0.2,0.2,7.6,1614.0618,1000,1000
237,15,5,"five_scenarios_txt",1,3,1,0.3,"two_stage",30,30,6,30,"CRM","previous_dose_additive","previous_dose",0.15,0.85,"previous_dose_additive",0.5,0.5,0.15,0.85,0.15,0.85,3,1,6,"continuous",0.0179,28,1,1,1,0,0,1,0.13,0.1,0.1625,0.1304,41.3285,0.141,NA,NA,17,63.4,11.877,11.877,0,29.118,29.118,0.4,0.4,7.4,1616.2774,1000,1000
237,15,5,"five_scenarios_txt",1,3,1,0.3,"two_stage",30,30,6,30,"CRM","previous_dose_additive","previous_dose",0.15,0.85,"previous_dose_additive",0.5,0.5,0.15,0.85,0.15,0.85,3,1,6,"continuous",0.0179,28,1,1,1,0,0,2,0.2,0.1,0.2095,0.1865,42.8126,0.141,NA,NA,21.6,22.6,6.699,6.699,0,29.118,29.118,0.4,0.4,7.4,1616.2774,1000,1000
237,15,5,"five_scenarios_txt",1,3,1,0.3,"two_stage",30,30,6,30,"CRM","previous_dose_additive","previous_dose",0.15,0.85,"previous_dose_additive",0.5,0.5,0.15,0.85,0.15,0.85,3,1,6,"continuous",0.0179,28,1,1,1,0,0,3,0.32,0.1,0.3034,0.2234,41.2718,0.141,NA,NA,35.4,5,5.865,5.865,0,29.118,29.118,0.4,0.4,7.4,1616.2774,1000,1000
237,15,5,"five_scenarios_txt",1,3,1,0.3,"two_stage",30,30,6,30,"CRM","previous_dose_additive","previous_dose",0.15,0.85,"previous_dose_additive",0.5,0.5,0.15,0.85,0.15,0.85,3,1,6,"continuous",0.0179,28,1,1,1,0,0,4,0.39,0.1,0.3505,0.3278,45.6443,0.141,NA,NA,17.1,1.2,3.207,3.207,0,29.118,29.118,0.4,0.4,7.4,1616.2774,1000,1000
237,15,5,"five_scenarios_txt",1,3,1,0.3,"two_stage",30,30,6,30,"CRM","previous_dose_additive","previous_dose",0.15,0.85,"previous_dose_additive",0.5,0.5,0.15,0.85,0.15,0.85,3,1,6,"continuous",0.0179,28,1,1,1,0,0,5,0.46,0.1,0.4458,0.4189,47.3017,0.141,NA,NA,8.5,0.4,1.47,1.47,0,29.118,29.118,0.4,0.4,7.4,1616.2774,1000,1000
238,16,1,"five_scenarios_txt",1,5,1,0.3,"two_stage",30,30,6,30,"CRM","previous_dose_additive","previous_dose",0.15,0.85,"previous_dose_additive",0.5,0.5,0.15,0.85,0.15,0.85,3,1,6,"continuous",0.0179,28,1,1,1,0,0,1,0.02,0.2,0.0446,0.214,51.0583,0.1368,NA,NA,0.7,37.9,5.883,5.883,0,29.985,29.985,0,0,0.1,1663.1428,1000,1000
238,16,1,"five_scenarios_txt",1,5,1,0.3,"two_stage",30,30,6,30,"CRM","previous_dose_additive","previous_dose",0.15,0.85,"previous_dose_additive",0.5,0.5,0.15,0.85,0.15,0.85,3,1,6,"continuous",0.0179,28,1,1,1,0,0,2,0.06,0.2,0.0673,0.2145,50.1789,0.1368,NA,NA,0.6,26.4,5.583,5.583,0,29.985,29.985,0,0,0.1,1663.1428,1000,1000
238,16,1,"five_scenarios_txt",1,5,1,0.3,"two_stage",30,30,6,30,"CRM","previous_dose_additive","previous_dose",0.15,0.85,"previous_dose_additive",0.5,0.5,0.15,0.85,0.15,0.85,3,1,6,"continuous",0.0179,28,1,1,1,0,0,3,0.09,0.2,0.1237,0.2134,47.8559,0.1368,NA,NA,2.6,15.4,5.505,5.505,0,29.985,29.985,0,0,0.1,1663.1428,1000,1000
238,16,1,"five_scenarios_txt",1,5,1,0.3,"two_stage",30,30,6,30,"CRM","previous_dose_additive","previous_dose",0.15,0.85,"previous_dose_additive",0.5,0.5,0.15,0.85,0.15,0.85,3,1,6,"continuous",0.0179,28,1,1,1,0,0,4,0.14,0.2,0.1574,0.2262,47.275,0.1368,NA,NA,10.4,13.4,6.006,6.006,0,29.985,29.985,0,0,0.1,1663.1428,1000,1000
238,16,1,"five_scenarios_txt",1,5,1,0.3,"two_stage",30,30,6,30,"CRM","previous_dose_additive","previous_dose",0.15,0.85,"previous_dose_additive",0.5,0.5,0.15,0.85,0.15,0.85,3,1,6,"continuous",0.0179,28,1,1,1,0,0,5,0.26,0.2,0.2362,0.2495,45.5214,0.1368,NA,NA,85.7,6.8,7.008,7.008,0,29.985,29.985,0,0,0.1,1663.1428,1000,1000
239,17,2,"five_scenarios_txt",1,2,2,0.3,"two_stage",30,30,6,30,"CRM","previous_dose_additive","previous_dose",0.15,0.85,"previous_dose_additive",0.5,0.5,0.15,0.85,0.15,0.85,3,1,6,"continuous",0.0179,28,1,1,1,0,0,1,0.11,0.3,0.1891,0.3121,51.16,0.1385,NA,NA,15.8,33.9,10.194,10.194,0,29.937,29.937,0.2,0.2,0.3,1660.7336,1000,1000
239,17,2,"five_scenarios_txt",1,2,2,0.3,"two_stage",30,30,6,30,"CRM","previous_dose_additive","previous_dose",0.15,0.85,"previous_dose_additive",0.5,0.5,0.15,0.85,0.15,0.85,3,1,6,"continuous",0.0179,28,1,1,1,0,0,2,0.23,0.5,0.2399,0.4705,58.6347,0.1385,NA,NA,41.1,50.7,9.969,9.969,0,29.937,29.937,0.2,0.2,0.3,1660.7336,1000,1000
239,17,2,"five_scenarios_txt",1,2,2,0.3,"two_stage",30,30,6,30,"CRM","previous_dose_additive","previous_dose",0.15,0.85,"previous_dose_additive",0.5,0.5,0.15,0.85,0.15,0.85,3,1,6,"continuous",0.0179,28,1,1,1,0,0,3,0.39,0.5,0.3384,0.484,55.5035,0.1385,NA,NA,35.9,13.7,7.146,7.146,0,29.937,29.937,0.2,0.2,0.3,1660.7336,1000,1000
239,17,2,"five_scenarios_txt",1,2,2,0.3,"two_stage",30,30,6,30,"CRM","previous_dose_additive","previous_dose",0.15,0.85,"previous_dose_additive",0.5,0.5,0.15,0.85,0.15,0.85,3,1,6,"continuous",0.0179,28,1,1,1,0,0,4,0.58,0.5,0.3866,0.5021,54.6586,0.1385,NA,NA,6.8,1.4,2.292,2.292,0,29.937,29.937,0.2,0.2,0.3,1660.7336,1000,1000
239,17,2,"five_scenarios_txt",1,2,2,0.3,"two_stage",30,30,6,30,"CRM","previous_dose_additive","previous_dose",0.15,0.85,"previous_dose_additive",0.5,0.5,0.15,0.85,0.15,0.85,3,1,6,"continuous",0.0179,28,1,1,1,0,0,5,0.76,0.5,0.482,0.5012,50.7931,0.1385,NA,NA,0.2,0,0.336,0.336,0,29.937,29.937,0.2,0.2,0.3,1660.7336,1000,1000
240,18,3,"five_scenarios_txt",1,5,5,0.3,"two_stage",30,30,6,30,"CRM","previous_dose_additive","previous_dose",0.15,0.85,"previous_dose_additive",0.5,0.5,0.15,0.85,0.15,0.85,3,1,6,"continuous",0.0179,28,1,1,1,0,0,1,0.02,0.05,0.0665,0.1479,46.2138,0.1395,NA,NA,0.7,16.6,3.762,3.762,0,29.931,29.931,0,0,0.8,1659.7685,1000,1000
240,18,3,"five_scenarios_txt",1,5,5,0.3,"two_stage",30,30,6,30,"CRM","previous_dose_additive","previous_dose",0.15,0.85,"previous_dose_additive",0.5,0.5,0.15,0.85,0.15,0.85,3,1,6,"continuous",0.0179,28,1,1,1,0,0,2,0.04,0.1,0.0965,0.1732,46.5346,0.1395,NA,NA,0.1,12,3.906,3.906,0,29.931,29.931,0,0,0.8,1659.7685,1000,1000
240,18,3,"five_scenarios_txt",1,5,5,0.3,"two_stage",30,30,6,30,"CRM","previous_dose_additive","previous_dose",0.15,0.85,"previous_dose_additive",0.5,0.5,0.15,0.85,0.15,0.85,3,1,6,"continuous",0.0179,28,1,1,1,0,0,3,0.1,0.15,0.1663,0.1933,44.9469,0.1395,NA,NA,3.6,10,4.782,4.782,0,29.931,29.931,0,0,0.8,1659.7685,1000,1000
240,18,3,"five_scenarios_txt",1,5,5,0.3,"two_stage",30,30,6,30,"CRM","previous_dose_additive","previous_dose",0.15,0.85,"previous_dose_additive",0.5,0.5,0.15,0.85,0.15,0.85,3,1,6,"continuous",0.0179,28,1,1,1,0,0,4,0.2,0.2,0.206,0.24,46.1586,0.1395,NA,NA,24.7,12.7,5.799,5.799,0,29.931,29.931,0,0,0.8,1659.7685,1000,1000
240,18,3,"five_scenarios_txt",1,5,5,0.3,"two_stage",30,30,6,30,"CRM","previous_dose_additive","previous_dose",0.15,0.85,"previous_dose_additive",0.5,0.5,0.15,0.85,0.15,0.85,3,1,6,"continuous",0.0179,28,1,1,1,0,0,5,0.35,0.5,0.2945,0.4842,57.2698,0.1395,NA,NA,70.9,47.9,11.682,11.682,0,29.931,29.931,0,0,0.8,1659.7685,1000,1000
241,19,4,"five_scenarios_txt",1,2,2,0.3,"two_stage",30,30,6,30,"CRM","previous_dose_additive","previous_dose",0.15,0.85,"previous_dose_additive",0.5,0.5,0.15,0.85,0.15,0.85,3,1,6,"continuous",0.0179,28,1,1,1,0,0,1,0.11,0.08,0.199,0.1331,40.0245,0.1365,NA,NA,18.7,22.5,9.177,9.177,0,28.971,28.971,0.2,0.2,8.6,1608.9433,1000,1000
241,19,4,"five_scenarios_txt",1,2,2,0.3,"two_stage",30,30,6,30,"CRM","previous_dose_additive","previous_dose",0.15,0.85,"previous_dose_additive",0.5,0.5,0.15,0.85,0.15,0.85,3,1,6,"continuous",0.0179,28,1,1,1,0,0,2,0.26,0.3,0.2506,0.3206,49.2107,0.1365,NA,NA,43.7,54.3,10.539,10.539,0,28.971,28.971,0.2,0.2,8.6,1608.9433,1000,1000
241,19,4,"five_scenarios_txt",1,2,2,0.3,"two_stage",30,30,6,30,"CRM","previous_dose_additive","previous_dose",0.15,0.85,"previous_dose_additive",0.5,0.5,0.15,0.85,0.15,0.85,3,1,6,"continuous",0.0179,28,1,1,1,0,0,3,0.39,0.32,0.3497,0.3675,48.0599,0.1365,NA,NA,32.2,13.4,6.93,6.93,0,28.971,28.971,0.2,0.2,8.6,1608.9433,1000,1000
241,19,4,"five_scenarios_txt",1,2,2,0.3,"two_stage",30,30,6,30,"CRM","previous_dose_additive","previous_dose",0.15,0.85,"previous_dose_additive",0.5,0.5,0.15,0.85,0.15,0.85,3,1,6,"continuous",0.0179,28,1,1,1,0,0,4,0.6,0.35,0.3979,0.4566,51.4797,0.1365,NA,NA,5.1,1.2,2.034,2.034,0,28.971,28.971,0.2,0.2,8.6,1608.9433,1000,1000
241,19,4,"five_scenarios_txt",1,2,2,0.3,"two_stage",30,30,6,30,"CRM","previous_dose_additive","previous_dose",0.15,0.85,"previous_dose_additive",0.5,0.5,0.15,0.85,0.15,0.85,3,1,6,"continuous",0.0179,28,1,1,1,0,0,5,0.77,0.4,0.4928,0.4956,50.0228,0.1365,NA,NA,0.1,0,0.291,0.291,0,28.971,28.971,0.2,0.2,8.6,1608.9433,1000,1000
242,20,5,"five_scenarios_txt",1,3,2,0.3,"two_stage",30,30,6,30,"CRM","previous_dose_additive","previous_dose",0.15,0.85,"previous_dose_additive",0.5,0.5,0.15,0.85,0.15,0.85,3,1,6,"continuous",0.0179,28,1,1,1,0,0,1,0.07,0.05,0.1445,0.1307,42.064,0.1364,NA,NA,6,20,5.619,5.619,0,29.403,29.403,0.1,0.1,4.3,1630.7892,1000,1000
242,20,5,"five_scenarios_txt",1,3,2,0.3,"two_stage",30,30,6,30,"CRM","previous_dose_additive","previous_dose",0.15,0.85,"previous_dose_additive",0.5,0.5,0.15,0.85,0.15,0.85,3,1,6,"continuous",0.0179,28,1,1,1,0,0,2,0.14,0.25,0.1898,0.2618,48.114,0.1364,NA,NA,14.7,48.8,8.946,8.946,0,29.403,29.403,0.1,0.1,4.3,1630.7892,1000,1000
242,20,5,"five_scenarios_txt",1,3,2,0.3,"two_stage",30,30,6,30,"CRM","previous_dose_additive","previous_dose",0.15,0.85,"previous_dose_additive",0.5,0.5,0.15,0.85,0.15,0.85,3,1,6,"continuous",0.0179,28,1,1,1,0,0,3,0.31,0.25,0.282,0.2731,45.107,0.1364,NA,NA,45.3,19.9,8.298,8.298,0,29.403,29.403,0.1,0.1,4.3,1630.7892,1000,1000
242,20,5,"five_scenarios_txt",1,3,2,0.3,"two_stage",30,30,6,30,"CRM","previous_dose_additive","previous_dose",0.15,0.85,"previous_dose_additive",0.5,0.5,0.15,0.85,0.15,0.85,3,1,6,"continuous",0.0179,28,1,1,1,0,0,4,0.41,0.25,0.329,0.3524,47.9825,0.1364,NA,NA,25.6,6.5,4.569,4.569,0,29.403,29.403,0.1,0.1,4.3,1630.7892,1000,1000
242,20,5,"five_scenarios_txt",1,3,2,0.3,"two_stage",30,30,6,30,"CRM","previous_dose_additive","previous_dose",0.15,0.85,"previous_dose_additive",0.5,0.5,0.15,0.85,0.15,0.85,3,1,6,"continuous",0.0179,28,1,1,1,0,0,5,0.52,0.25,0.425,0.4362,49.1753,0.1364,NA,NA,8.3,0.5,1.971,1.971,0,29.403,29.403,0.1,0.1,4.3,1630.7892,1000,1000
243,21,1,"five_scenarios_txt",1,1,1,0.3,"two_stage",30,30,6,30,"CRM","previous_dose_additive","previous_dose",0.15,0.85,"previous_dose_additive",0.5,0.5,0.15,0.85,0.15,0.85,3,1,6,"continuous",0.0179,28,1,1,1,0,0,1,0.37,0.5,0.4305,0.5063,53.1559,0.1367,NA,NA,59.5,60.3,20.874,20.874,0,23.541,23.541,37.4,38.6,38.6,1307.3091,1000,1000
243,21,1,"five_scenarios_txt",1,1,1,0.3,"two_stage",30,30,6,30,"CRM","previous_dose_additive","previous_dose",0.15,0.85,"previous_dose_additive",0.5,0.5,0.15,0.85,0.15,0.85,3,1,6,"continuous",0.0179,28,1,1,1,0,0,2,0.56,0.5,0.4846,0.5034,50.8171,0.1367,NA,NA,3,1.1,2.049,2.049,0,23.541,23.541,37.4,38.6,38.6,1307.3091,1000,1000
243,21,1,"five_scenarios_txt",1,1,1,0.3,"two_stage",30,30,6,30,"CRM","previous_dose_additive","previous_dose",0.15,0.85,"previous_dose_additive",0.5,0.5,0.15,0.85,0.15,0.85,3,1,6,"continuous",0.0179,28,1,1,1,0,0,3,0.69,0.5,0.5758,0.4958,46.7171,0.1367,NA,NA,0.1,0,0.576,0.576,0,23.541,23.541,37.4,38.6,38.6,1307.3091,1000,1000
243,21,1,"five_scenarios_txt",1,1,1,0.3,"two_stage",30,30,6,30,"CRM","previous_dose_additive","previous_dose",0.15,0.85,"previous_dose_additive",0.5,0.5,0.15,0.85,0.15,0.85,3,1,6,"continuous",0.0179,28,1,1,1,0,0,4,0.83,0.5,0.6159,0.5002,45.3767,0.1367,NA,NA,0,0,0.042,0.042,0,23.541,23.541,37.4,38.6,38.6,1307.3091,1000,1000
243,21,1,"five_scenarios_txt",1,1,1,0.3,"two_stage",30,30,6,30,"CRM","previous_dose_additive","previous_dose",0.15,0.85,"previous_dose_additive",0.5,0.5,0.15,0.85,0.15,0.85,3,1,6,"continuous",0.0179,28,1,1,1,0,0,5,0.88,0.5,0.6888,0.5,42.451,0.1367,NA,NA,0,0,0,0,0,23.541,23.541,37.4,38.6,38.6,1307.3091,1000,1000
244,22,2,"five_scenarios_txt",1,2,2,0.3,"two_stage",30,30,6,30,"CRM","previous_dose_additive","previous_dose",0.15,0.85,"previous_dose_additive",0.5,0.5,0.15,0.85,0.15,0.85,3,1,6,"continuous",0.0179,28,1,1,1,0,0,1,0.07,0.08,0.2076,0.1287,39.4191,0.138,NA,NA,16.4,29.6,8.94,8.94,0,29.343,29.343,0.1,0.1,4.6,1629.2872,1000,1000
244,22,2,"five_scenarios_txt",1,2,2,0.3,"two_stage",30,30,6,30,"CRM","previous_dose_additive","previous_dose",0.15,0.85,"previous_dose_additive",0.5,0.5,0.15,0.85,0.15,0.85,3,1,6,"continuous",0.0179,28,1,1,1,0,0,2,0.27,0.25,0.26,0.266,45.5613,0.138,NA,NA,51.5,54.8,12.147,12.147,0,29.343,29.343,0.1,0.1,4.6,1629.2872,1000,1000
244,22,2,"five_scenarios_txt",1,2,2,0.3,"two_stage",30,30,6,30,"CRM","previous_dose_additive","previous_dose",0.15,0.85,"previous_dose_additive",0.5,0.5,0.15,0.85,0.15,0.85,3,1,6,"continuous",0.0179,28,1,1,1,0,0,3,0.5,0.25,0.3597,0.3181,44.6974,0.138,NA,NA,30,9.6,6.396,6.396,0,29.343,29.343,0.1,0.1,4.6,1629.2872,1000,1000
244,22,2,"five_scenarios_txt",1,2,2,0.3,"two_stage",30,30,6,30,"CRM","previous_dose_additive","previous_dose",0.15,0.85,"previous_dose_additive",0.5,0.5,0.15,0.85,0.15,0.85,3,1,6,"continuous",0.0179,28,1,1,1,0,0,4,0.56,0.5,0.4079,0.5012,53.7569,0.138,NA,NA,2,1.4,1.653,1.653,0,29.343,29.343,0.1,0.1,4.6,1629.2872,1000,1000
244,22,2,"five_scenarios_txt",1,2,2,0.3,"two_stage",30,30,6,30,"CRM","previous_dose_additive","previous_dose",0.15,0.85,"previous_dose_additive",0.5,0.5,0.15,0.85,0.15,0.85,3,1,6,"continuous",0.0179,28,1,1,1,0,0,5,0.78,0.5,0.5023,0.5001,49.9107,0.138,NA,NA,0,0,0.207,0.207,0,29.343,29.343,0.1,0.1,4.6,1629.2872,1000,1000
245,23,3,"five_scenarios_txt",1,1,1,0.3,"two_stage",30,30,6,30,"CRM","previous_dose_additive","previous_dose",0.15,0.85,"previous_dose_additive",0.5,0.5,0.15,0.85,0.15,0.85,3,1,6,"continuous",0.0179,28,1,1,1,0,0,1,0.32,0.05,0.3804,0.0725,29.1331,0.1397,NA,NA,73.4,19.7,17.16,17.16,0,20.433,20.433,19.6,20.2,76.6,1129.8973,1000,1000
245,23,3,"five_scenarios_txt",1,1,1,0.3,"two_stage",30,30,6,30,"CRM","previous_dose_additive","previous_dose",0.15,0.85,"previous_dose_additive",0.5,0.5,0.15,0.85,0.15,0.85,3,1,6,"continuous",0.0179,28,1,1,1,0,0,2,0.55,0.05,0.4353,0.3387,42.9085,0.1397,NA,NA,6.7,3.7,2.682,2.682,0,20.433,20.433,19.6,20.2,76.6,1129.8973,1000,1000
245,23,3,"five_scenarios_txt",1,1,1,0.3,"two_stage",30,30,6,30,"CRM","previous_dose_additive","previous_dose",0.15,0.85,"previous_dose_additive",0.5,0.5,0.15,0.85,0.15,0.85,3,1,6,"continuous",0.0179,28,1,1,1,0,0,3,0.8,0.05,0.5299,0.4467,45.6038,0.1397,NA,NA,0.3,0,0.564,0.564,0,20.433,20.433,19.6,20.2,76.6,1129.8973,1000,1000
245,23,3,"five_scenarios_txt",1,1,1,0.3,"two_stage",30,30,6,30,"CRM","previous_dose_additive","previous_dose",0.15,0.85,"previous_dose_additive",0.5,0.5,0.15,0.85,0.15,0.85,3,1,6,"continuous",0.0179,28,1,1,1,0,0,4,0.94,0.05,0.5723,0.497,46.927,0.1397,NA,NA,0,0,0.027,0.027,0,20.433,20.433,19.6,20.2,76.6,1129.8973,1000,1000
245,23,3,"five_scenarios_txt",1,1,1,0.3,"two_stage",30,30,6,30,"CRM","previous_dose_additive","previous_dose",0.15,0.85,"previous_dose_additive",0.5,0.5,0.15,0.85,0.15,0.85,3,1,6,"continuous",0.0179,28,1,1,1,0,0,5,0.97,0.05,0.6505,0.5001,43.9865,0.1397,NA,NA,0,0,0,0,0,20.433,20.433,19.6,20.2,76.6,1129.8973,1000,1000
246,24,4,"five_scenarios_txt",1,5,4,0.3,"two_stage",30,30,6,30,"CRM","previous_dose_additive","previous_dose",0.15,0.85,"previous_dose_additive",0.5,0.5,0.15,0.85,0.15,0.85,3,1,6,"continuous",0.0179,28,1,1,1,0,0,1,0.01,0.05,0.0336,0.1557,47.9975,0.1396,NA,NA,0,2.3,3.276,3.276,0,30,30,0,0,0,1664.134,1000,1000
246,24,4,"five_scenarios_txt",1,5,4,0.3,"two_stage",30,30,6,30,"CRM","previous_dose_additive","previous_dose",0.15,0.85,"previous_dose_additive",0.5,0.5,0.15,0.85,0.15,0.85,3,1,6,"continuous",0.0179,28,1,1,1,0,0,2,0.02,0.08,0.0526,0.1732,48.2862,0.1396,NA,NA,0.1,2.6,3.249,3.249,0,30,30,0,0,0,1664.134,1000,1000
246,24,4,"five_scenarios_txt",1,5,4,0.3,"two_stage",30,30,6,30,"CRM","previous_dose_additive","previous_dose",0.15,0.85,"previous_dose_additive",0.5,0.5,0.15,0.85,0.15,0.85,3,1,6,"continuous",0.0179,28,1,1,1,0,0,3,0.05,0.2,0.1021,0.2412,50.3876,0.1396,NA,NA,0.7,6.7,3.804,3.804,0,30,30,0,0,0,1664.134,1000,1000
246,24,4,"five_scenarios_txt",1,5,4,0.3,"two_stage",30,30,6,30,"CRM","previous_dose_additive","previous_dose",0.15,0.85,"previous_dose_additive",0.5,0.5,0.15,0.85,0.15,0.85,3,1,6,"continuous",0.0179,28,1,1,1,0,0,4,0.1,0.5,0.1327,0.4471,61.5191,0.1396,NA,NA,4.1,49.8,8.595,8.595,0,30,30,0,0,0,1664.134,1000,1000
246,24,4,"five_scenarios_txt",1,5,4,0.3,"two_stage",30,30,6,30,"CRM","previous_dose_additive","previous_dose",0.15,0.85,"previous_dose_additive",0.5,0.5,0.15,0.85,0.15,0.85,3,1,6,"continuous",0.0179,28,1,1,1,0,0,5,0.25,0.5,0.2067,0.4686,59.8505,0.1396,NA,NA,95.1,38.6,11.076,11.076,0,30,30,0,0,0,1664.134,1000,1000
247,25,5,"five_scenarios_txt",2,3,3,0.3,"two_stage",30,30,6,30,"CRM","previous_dose_additive","previous_dose",0.15,0.85,"previous_dose_additive",0.5,0.5,0.15,0.85,0.15,0.85,3,1,6,"continuous",0.0179,28,1,1,1,0,0,1,0.09,0.2,0.177,0.2179,45.9922,0.1384,NA,NA,11.4,39,9.324,9.324,0,29.892,29.892,0.2,0.2,0.6,1657.9962,1000,1000
247,25,5,"five_scenarios_txt",2,3,3,0.3,"two_stage",30,30,6,30,"CRM","previous_dose_additive","previous_dose",0.15,0.85,"previous_dose_additive",0.5,0.5,0.15,0.85,0.15,0.85,3,1,6,"continuous",0.0179,28,1,1,1,0,0,2,0.18,0.25,0.2266,0.2758,47.4809,0.1384,NA,NA,32.7,29.9,8.319,8.319,0,29.892,29.892,0.2,0.2,0.6,1657.9962,1000,1000
247,25,5,"five_scenarios_txt",2,3,3,0.3,"two_stage",30,30,6,30,"CRM","previous_dose_additive","previous_dose",0.15,0.85,"previous_dose_additive",0.5,0.5,0.15,0.85,0.15,0.85,3,1,6,"continuous",0.0179,28,1,1,1,0,0,3,0.37,0.4,0.3239,0.4067,51.4474,0.1384,NA,NA,46.8,27.1,9.228,9.228,0,29.892,29.892,0.2,0.2,0.6,1657.9962,1000,1000
247,25,5,"five_scenarios_txt",2,3,3,0.3,"two_stage",30,30,6,30,"CRM","previous_dose_additive","previous_dose",0.15,0.85,"previous_dose_additive",0.5,0.5,0.15,0.85,0.15,0.85,3,1,6,"continuous",0.0179,28,1,1,1,0,0,4,0.63,0.45,0.372,0.482,54.0428,0.1384,NA,NA,8.5,3.4,2.592,2.592,0,29.892,29.892,0.2,0.2,0.6,1657.9962,1000,1000
247,25,5,"five_scenarios_txt",2,3,3,0.3,"two_stage",30,30,6,30,"CRM","previous_dose_additive","previous_dose",0.15,0.85,"previous_dose_additive",0.5,0.5,0.15,0.85,0.15,0.85,3,1,6,"continuous",0.0179,28,1,1,1,0,0,5,0.77,0.5,0.4679,0.5011,51.3514,0.1384,NA,NA,0.4,0,0.429,0.429,0,29.892,29.892,0.2,0.2,0.6,1657.9962,1000,1000
248,26,1,"higher_gap_above_MTD",1,3,3,0.3,"two_stage",30,30,6,30,"CRM","previous_dose_additive","previous_dose",0.15,0.85,"previous_dose_additive",0.5,0.5,0.15,0.85,0.15,0.85,3,1,6,"continuous",0.0179,28,1,1,1,0,0,1,0.15,0.1,0.1904,0.1428,40.9506,0.1392,NA,NA,24,33.7,10.899,10.899,0,28.848,28.848,0.5,0.5,10.5,1601.4309,1000,1000
248,26,1,"higher_gap_above_MTD",1,3,3,0.3,"two_stage",30,30,6,30,"CRM","previous_dose_additive","previous_dose",0.15,0.85,"previous_dose_additive",0.5,0.5,0.15,0.85,0.15,0.85,3,1,6,"continuous",0.0179,28,1,1,1,0,0,2,0.22,0.2,0.2408,0.2718,46.6745,0.1392,NA,NA,29.4,28,6.741,6.741,0,28.848,28.848,0.5,0.5,10.5,1601.4309,1000,1000
248,26,1,"higher_gap_above_MTD",1,3,3,0.3,"two_stage",30,30,6,30,"CRM","previous_dose_additive","previous_dose",0.15,0.85,"previous_dose_additive",0.5,0.5,0.15,0.85,0.15,0.85,3,1,6,"continuous",0.0179,28,1,1,1,0,0,3,0.3,0.35,0.3387,0.3953,50.1702,0.1392,NA,NA,35.8,22.6,7.998,7.998,0,28.848,28.848,0.5,0.5,10.5,1601.4309,1000,1000
248,26,1,"higher_gap_above_MTD",1,3,3,0.3,"two_stage",30,30,6,30,"CRM","previous_dose_additive","previous_dose",0.15,0.85,"previous_dose_additive",0.5,0.5,0.15,0.85,0.15,0.85,3,1,6,"continuous",0.0179,28,1,1,1,0,0,4,0.62,0.45,0.3867,0.4818,53.4437,0.1392,NA,NA,10,5.2,2.799,2.799,0,28.848,28.848,0.5,0.5,10.5,1601.4309,1000,1000
248,26,1,"higher_gap_above_MTD",1,3,3,0.3,"two_stage",30,30,6,30,"CRM","previous_dose_additive","previous_dose",0.15,0.85,"previous_dose_additive",0.5,0.5,0.15,0.85,0.15,0.85,3,1,6,"continuous",0.0179,28,1,1,1,0,0,5,0.8,0.55,0.4817,0.5045,50.9992,0.1392,NA,NA,0.3,0,0.411,0.411,0,28.848,28.848,0.5,0.5,10.5,1601.4309,1000,1000
249,27,2,"higher_gap_above_MTD",1,3,3,0.3,"two_stage",30,30,6,30,"CRM","previous_dose_additive","previous_dose",0.15,0.85,"previous_dose_additive",0.5,0.5,0.15,0.85,0.15,0.85,3,1,6,"continuous",0.0179,28,1,1,1,0,0,1,0.11,0.1,0.1667,0.1546,42.6084,0.1367,NA,NA,12.9,25.7,8.151,8.151,0,29.379,29.379,0.2,0.2,5.5,1629.696,1000,1000
249,27,2,"higher_gap_above_MTD",1,3,3,0.3,"two_stage",30,30,6,30,"CRM","previous_dose_additive","previous_dose",0.15,0.85,"previous_dose_additive",0.5,0.5,0.15,0.85,0.15,0.85,3,1,6,"continuous",0.0179,28,1,1,1,0,0,2,0.17,0.2,0.2151,0.2528,46.5667,0.1367,NA,NA,23.2,23.3,6.555,6.555,0,29.379,29.379,0.2,0.2,5.5,1629.696,1000,1000
249,27,2,"higher_gap_above_MTD",1,3,3,0.3,"two_stage",30,30,6,30,"CRM","previous_dose_additive","previous_dose",0.15,0.85,"previous_dose_additive",0.5,0.5,0.15,0.85,0.15,0.85,3,1,6,"continuous",0.0179,28,1,1,1,0,0,3,0.3,0.4,0.3109,0.4125,52.3145,0.1367,NA,NA,45.8,38.1,9.597,9.597,0,29.379,29.379,0.2,0.2,5.5,1629.696,1000,1000
249,27,2,"higher_gap_above_MTD",1,3,3,0.3,"two_stage",30,30,6,30,"CRM","previous_dose_additive","previous_dose",0.15,0.85,"previous_dose_additive",0.5,0.5,0.15,0.85,0.15,0.85,3,1,6,"continuous",0.0179,28,1,1,1,0,0,4,0.5,0.42,0.3588,0.459,53.1891,0.1367,NA,NA,16.3,7,3.882,3.882,0,29.379,29.379,0.2,0.2,5.5,1629.696,1000,1000
249,27,2,"higher_gap_above_MTD",1,3,3,0.3,"two_stage",30,30,6,30,"CRM","previous_dose_additive","previous_dose",0.15,0.85,"previous_dose_additive",0.5,0.5,0.15,0.85,0.15,0.85,3,1,6,"continuous",0.0179,28,1,1,1,0,0,5,0.62,0.45,0.4549,0.4909,51.2607,0.1367,NA,NA,1.6,0.4,1.194,1.194,0,29.379,29.379,0.2,0.2,5.5,1629.696,1000,1000
250,28,3,"higher_gap_above_MTD",1,2,2,0.3,"two_stage",30,30,6,30,"CRM","previous_dose_additive","previous_dose",0.15,0.85,"previous_dose_additive",0.5,0.5,0.15,0.85,0.15,0.85,3,1,6,"continuous",0.0179,28,1,1,1,0,0,1,0.2,0.05,0.2578,0.0961,35.4535,0.1386,NA,NA,49.6,21.9,12.159,12.159,0,25.713,25.713,2.7,2.7,35.3,1425.3135,1000,1000
250,28,3,"higher_gap_above_MTD",1,2,2,0.3,"two_stage",30,30,6,30,"CRM","previous_dose_additive","previous_dose",0.15,0.85,"previous_dose_additive",0.5,0.5,0.15,0.85,0.15,0.85,3,1,6,"continuous",0.0179,28,1,1,1,0,0,2,0.3,0.3,0.3122,0.3719,49.8267,0.1386,NA,NA,34.6,37.6,8.538,8.538,0,25.713,25.713,2.7,2.7,35.3,1425.3135,1000,1000
250,28,3,"higher_gap_above_MTD",1,2,2,0.3,"two_stage",30,30,6,30,"CRM","previous_dose_additive","previous_dose",0.15,0.85,"previous_dose_additive",0.5,0.5,0.15,0.85,0.15,0.85,3,1,6,"continuous",0.0179,28,1,1,1,0,0,3,0.5,0.32,0.4123,0.4217,48.8105,0.1386,NA,NA,12.1,4.9,4.122,4.122,0,25.713,25.713,2.7,2.7,35.3,1425.3135,1000,1000
250,28,3,"higher_gap_above_MTD",1,2,2,0.3,"two_stage",30,30,6,30,"CRM","previous_dose_additive","previous_dose",0.15,0.85,"previous_dose_additive",0.5,0.5,0.15,0.85,0.15,0.85,3,1,6,"continuous",0.0179,28,1,1,1,0,0,4,0.6,0.35,0.4595,0.4806,50.4546,0.1386,NA,NA,0.9,0.3,0.81,0.81,0,25.713,25.713,2.7,2.7,35.3,1425.3135,1000,1000
250,28,3,"higher_gap_above_MTD",1,2,2,0.3,"two_stage",30,30,6,30,"CRM","previous_dose_additive","previous_dose",0.15,0.85,"previous_dose_additive",0.5,0.5,0.15,0.85,0.15,0.85,3,1,6,"continuous",0.0179,28,1,1,1,0,0,5,0.77,0.4,0.5499,0.4994,47.9645,0.1386,NA,NA,0.1,0,0.084,0.084,0,25.713,25.713,2.7,2.7,35.3,1425.3135,1000,1000
251,29,4,"higher_gap_above_MTD",1,2,1,0.3,"two_stage",30,30,6,30,"CRM","previous_dose_additive","previous_dose",0.15,0.85,"previous_dose_additive",0.5,0.5,0.15,0.85,0.15,0.85,3,1,6,"continuous",0.0179,28,1,1,1,0,0,1,0.19,0.4,0.2443,0.3893,53.5823,0.1359,NA,NA,43.9,70.9,18.099,18.099,0,29.505,29.505,2.5,2.5,2.6,1637.6885,1000,1000
251,29,4,"higher_gap_above_MTD",1,2,1,0.3,"two_stage",30,30,6,30,"CRM","previous_dose_additive","previous_dose",0.15,0.85,"previous_dose_additive",0.5,0.5,0.15,0.85,0.15,0.85,3,1,6,"continuous",0.0179,28,1,1,1,0,0,2,0.3,0.4,0.2986,0.4214,53.3374,0.1359,NA,NA,40.8,23.3,7.311,7.311,0,29.505,29.505,2.5,2.5,2.6,1637.6885,1000,1000
251,29,4,"higher_gap_above_MTD",1,2,1,0.3,"two_stage",30,30,6,30,"CRM","previous_dose_additive","previous_dose",0.15,0.85,"previous_dose_additive",0.5,0.5,0.15,0.85,0.15,0.85,3,1,6,"continuous",0.0179,28,1,1,1,0,0,3,0.56,0.4,0.3992,0.46,51.6299,0.1359,NA,NA,12.4,3.2,3.594,3.594,0,29.505,29.505,2.5,2.5,2.6,1637.6885,1000,1000
251,29,4,"higher_gap_above_MTD",1,2,1,0.3,"two_stage",30,30,6,30,"CRM","previous_dose_additive","previous_dose",0.15,0.85,"previous_dose_additive",0.5,0.5,0.15,0.85,0.15,0.85,3,1,6,"continuous",0.0179,28,1,1,1,0,0,4,0.74,0.4,0.4469,0.4901,51.5282,0.1359,NA,NA,0.4,0,0.477,0.477,0,29.505,29.505,2.5,2.5,2.6,1637.6885,1000,1000
251,29,4,"higher_gap_above_MTD",1,2,1,0.3,"two_stage",30,30,6,30,"CRM","previous_dose_additive","previous_dose",0.15,0.85,"previous_dose_additive",0.5,0.5,0.15,0.85,0.15,0.85,3,1,6,"continuous",0.0179,28,1,1,1,0,0,5,0.86,0.4,0.5387,0.499,48.3916,0.1359,NA,NA,0,0,0.024,0.024,0,29.505,29.505,2.5,2.5,2.6,1637.6885,1000,1000
252,30,5,"higher_gap_above_MTD",1,4,4,0.3,"two_stage",30,30,6,30,"CRM","previous_dose_additive","previous_dose",0.15,0.85,"previous_dose_additive",0.5,0.5,0.15,0.85,0.15,0.85,3,1,6,"continuous",0.0179,28,1,1,1,0,0,1,0.05,0.12,0.1056,0.1813,46.6555,0.1365,NA,NA,2,28.5,5.205,5.205,0,29.919,29.919,0,0,0.8,1658.6749,1000,1000
252,30,5,"higher_gap_above_MTD",1,4,4,0.3,"two_stage",30,30,6,30,"CRM","previous_dose_additive","previous_dose",0.15,0.85,"previous_dose_additive",0.5,0.5,0.15,0.85,0.15,0.85,3,1,6,"continuous",0.0179,28,1,1,1,0,0,2,0.08,0.15,0.1449,0.2068,46.6142,0.1365,NA,NA,2.3,16.1,4.662,4.662,0,29.919,29.919,0,0,0.8,1658.6749,1000,1000
252,30,5,"higher_gap_above_MTD",1,4,4,0.3,"two_stage",30,30,6,30,"CRM","previous_dose_additive","previous_dose",0.15,0.85,"previous_dose_additive",0.5,0.5,0.15,0.85,0.15,0.85,3,1,6,"continuous",0.0179,28,1,1,1,0,0,3,0.17,0.2,0.2291,0.2298,44.6242,0.1365,NA,NA,24.7,11.6,5.814,5.814,0,29.919,29.919,0,0,0.8,1658.6749,1000,1000
252,30,5,"higher_gap_above_MTD",1,4,4,0.3,"two_stage",30,30,6,30,"CRM","previous_dose_additive","previous_dose",0.15,0.85,"previous_dose_additive",0.5,0.5,0.15,0.85,0.15,0.85,3,1,6,"continuous",0.0179,28,1,1,1,0,0,4,0.27,0.4,0.274,0.3947,52.724,0.1365,NA,NA,44.1,33,8.37,8.37,0,29.919,29.919,0,0,0.8,1658.6749,1000,1000
252,30,5,"higher_gap_above_MTD",1,4,4,0.3,"two_stage",30,30,6,30,"CRM","previous_dose_additive","previous_dose",0.15,0.85,"previous_dose_additive",0.5,0.5,0.15,0.85,0.15,0.85,3,1,6,"continuous",0.0179,28,1,1,1,0,0,5,0.54,0.5,0.3688,0.4897,54.6304,0.1365,NA,NA,26.9,10,5.868,5.868,0,29.919,29.919,0,0,0.8,1658.6749,1000,1000
253,31,6,"higher_gap_above_MTD",1,4,2,0.3,"two_stage",30,30,6,30,"CRM","previous_dose_additive","previous_dose",0.15,0.85,"previous_dose_additive",0.5,0.5,0.15,0.85,0.15,0.85,3,1,6,"continuous",0.0179,28,1,1,1,0,0,1,0.04,0.2,0.0858,0.2591,52.117,0.1357,NA,NA,1.5,10.6,4.083,4.083,0,29.985,29.985,0,0,0.1,1663.1077,1000,1000
253,31,6,"higher_gap_above_MTD",1,4,2,0.3,"two_stage",30,30,6,30,"CRM","previous_dose_additive","previous_dose",0.15,0.85,"previous_dose_additive",0.5,0.5,0.15,0.85,0.15,0.85,3,1,6,"continuous",0.0179,28,1,1,1,0,0,2,0.06,0.5,0.1208,0.4582,62.6591,0.1357,NA,NA,1.3,42.5,6.099,6.099,0,29.985,29.985,0,0,0.1,1663.1077,1000,1000
253,31,6,"higher_gap_above_MTD",1,4,2,0.3,"two_stage",30,30,6,30,"CRM","previous_dose_additive","previous_dose",0.15,0.85,"previous_dose_additive",0.5,0.5,0.15,0.85,0.15,0.85,3,1,6,"continuous",0.0179,28,1,1,1,0,0,3,0.1,0.5,0.1989,0.4575,59.4962,0.1357,NA,NA,8.5,23.7,6.387,6.387,0,29.985,29.985,0,0,0.1,1663.1077,1000,1000
253,31,6,"higher_gap_above_MTD",1,4,2,0.3,"two_stage",30,30,6,30,"CRM","previous_dose_additive","previous_dose",0.15,0.85,"previous_dose_additive",0.5,0.5,0.15,0.85,0.15,0.85,3,1,6,"continuous",0.0179,28,1,1,1,0,0,4,0.2,0.5,0.2417,0.4728,58.7013,0.1357,NA,NA,40.5,19.5,7.611,7.611,0,29.985,29.985,0,0,0.1,1663.1077,1000,1000
253,31,6,"higher_gap_above_MTD",1,4,2,0.3,"two_stage",30,30,6,30,"CRM","previous_dose_additive","previous_dose",0.15,0.85,"previous_dose_additive",0.5,0.5,0.15,0.85,0.15,0.85,3,1,6,"continuous",0.0179,28,1,1,1,0,0,5,0.6,0.5,0.3343,0.4846,55.703,0.1357,NA,NA,48.2,3.6,5.805,5.805,0,29.985,29.985,0,0,0.1,1663.1077,1000,1000
254,32,1,"higher_gap_below_MTD",1,4,3,0.3,"two_stage",30,30,6,30,"CRM","previous_dose_additive","previous_dose",0.15,0.85,"previous_dose_additive",0.5,0.5,0.15,0.85,0.15,0.85,3,1,6,"continuous",0.0179,28,1,1,1,0,0,1,0.02,0.08,0.0752,0.16,46.59,0.1378,NA,NA,0.7,14.3,3.969,3.969,0,29.946,29.946,0,0,0.6,1660.9085,1000,1000
254,32,1,"higher_gap_below_MTD",1,4,3,0.3,"two_stage",30,30,6,30,"CRM","previous_dose_additive","previous_dose",0.15,0.85,"previous_dose_additive",0.5,0.5,0.15,0.85,0.15,0.85,3,1,6,"continuous",0.0179,28,1,1,1,0,0,2,0.05,0.15,0.1073,0.1996,47.6832,0.1378,NA,NA,0.4,18.8,4.422,4.422,0,29.946,29.946,0,0,0.6,1660.9085,1000,1000
254,32,1,"higher_gap_below_MTD",1,4,3,0.3,"two_stage",30,30,6,30,"CRM","previous_dose_additive","previous_dose",0.15,0.85,"previous_dose_additive",0.5,0.5,0.15,0.85,0.15,0.85,3,1,6,"continuous",0.0179,28,1,1,1,0,0,3,0.11,0.3,0.1804,0.2859,49.9391,0.1378,NA,NA,7.9,33.1,7.713,7.713,0,29.946,29.946,0,0,0.6,1660.9085,1000,1000
254,32,1,"higher_gap_below_MTD",1,4,3,0.3,"two_stage",30,30,6,30,"CRM","previous_dose_additive","previous_dose",0.15,0.85,"previous_dose_additive",0.5,0.5,0.15,0.85,0.15,0.85,3,1,6,"continuous",0.0179,28,1,1,1,0,0,4,0.3,0.3,0.2211,0.3035,49.3663,0.1378,NA,NA,33.6,24.6,7.347,7.347,0,29.946,29.946,0,0,0.6,1660.9085,1000,1000
254,32,1,"higher_gap_below_MTD",1,4,3,0.3,"two_stage",30,30,6,30,"CRM","previous_dose_additive","previous_dose",0.15,0.85,"previous_dose_additive",0.5,0.5,0.15,0.85,0.15,0.85,3,1,6,"continuous",0.0179,28,1,1,1,0,0,5,0.36,0.3,0.3109,0.3499,48.5589,0.1378,NA,NA,57.4,8.6,6.495,6.495,0,29.946,29.946,0,0,0.6,1660.9085,1000,1000
255,33,2,"higher_gap_below_MTD",1,4,4,0.3,"two_stage",30,30,6,30,"CRM","previous_dose_additive","previous_dose",0.15,0.85,"previous_dose_additive",0.5,0.5,0.15,0.85,0.15,0.85,3,1,6,"continuous",0.0179,28,1,1,1,0,0,1,0.01,0.05,0.0851,0.1509,45.6487,0.1372,NA,NA,0,13.7,3.504,3.504,0,30,30,0,0,0.1,1664.1077,1000,1000
255,33,2,"higher_gap_below_MTD",1,4,4,0.3,"two_stage",30,30,6,30,"CRM","previous_dose_additive","previous_dose",0.15,0.85,"previous_dose_additive",0.5,0.5,0.15,0.85,0.15,0.85,3,1,6,"continuous",0.0179,28,1,1,1,0,0,2,0.02,0.08,0.1196,0.1647,45.1007,0.1372,NA,NA,0.7,7.1,3.636,3.636,0,30,30,0,0,0.1,1664.1077,1000,1000
255,33,2,"higher_gap_below_MTD",1,4,4,0.3,"two_stage",30,30,6,30,"CRM","previous_dose_additive","previous_dose",0.15,0.85,"previous_dose_additive",0.5,0.5,0.15,0.85,0.15,0.85,3,1,6,"continuous",0.0179,28,1,1,1,0,0,3,0.09,0.2,0.1965,0.2256,45.6729,0.1372,NA,NA,9.4,13.9,5.361,5.361,0,30,30,0,0,0.1,1664.1077,1000,1000
255,33,2,"higher_gap_below_MTD",1,4,4,0.3,"two_stage",30,30,6,30,"CRM","previous_dose_additive","previous_dose",0.15,0.85,"previous_dose_additive",0.5,0.5,0.15,0.85,0.15,0.85,3,1,6,"continuous",0.0179,28,1,1,1,0,0,4,0.32,0.4,0.2388,0.379,53.1924,0.1372,NA,NA,40,40.3,8.49,8.49,0,30,30,0,0,0.1,1664.1077,1000,1000
255,33,2,"higher_gap_below_MTD",1,4,4,0.3,"two_stage",30,30,6,30,"CRM","previous_dose_additive","previous_dose",0.15,0.85,"previous_dose_additive",0.5,0.5,0.15,0.85,0.15,0.85,3,1,6,"continuous",0.0179,28,1,1,1,0,0,5,0.38,0.5,0.3304,0.4793,55.54,0.1372,NA,NA,49.9,24.9,9.009,9.009,0,30,30,0,0,0.1,1664.1077,1000,1000
256,34,3,"higher_gap_below_MTD",1,3,3,0.3,"two_stage",30,30,6,30,"CRM","previous_dose_additive","previous_dose",0.15,0.85,"previous_dose_additive",0.5,0.5,0.15,0.85,0.15,0.85,3,1,6,"continuous",0.0179,28,1,1,1,0,0,1,0.05,0.05,0.1328,0.1314,42.5706,0.1385,NA,NA,2.4,21.6,5.31,5.31,0,29.724,29.724,0,0,2,1648.2915,1000,1000
256,34,3,"higher_gap_below_MTD",1,3,3,0.3,"two_stage",30,30,6,30,"CRM","previous_dose_additive","previous_dose",0.15,0.85,"previous_dose_additive",0.5,0.5,0.15,0.85,0.15,0.85,3,1,6,"continuous",0.0179,28,1,1,1,0,0,2,0.13,0.1,0.1764,0.1611,42.6131,0.1385,NA,NA,9.9,14.4,5.955,5.955,0,29.724,29.724,0,0,2,1648.2915,1000,1000
256,34,3,"higher_gap_below_MTD",1,3,3,0.3,"two_stage",30,30,6,30,"CRM","previous_dose_additive","previous_dose",0.15,0.85,"previous_dose_additive",0.5,0.5,0.15,0.85,0.15,0.85,3,1,6,"continuous",0.0179,28,1,1,1,0,0,3,0.3,0.3,0.2663,0.3039,47.5828,0.1385,NA,NA,43.3,42.8,9.927,9.927,0,29.724,29.724,0,0,2,1648.2915,1000,1000
256,34,3,"higher_gap_below_MTD",1,3,3,0.3,"two_stage",30,30,6,30,"CRM","previous_dose_additive","previous_dose",0.15,0.85,"previous_dose_additive",0.5,0.5,0.15,0.85,0.15,0.85,3,1,6,"continuous",0.0179,28,1,1,1,0,0,4,0.36,0.32,0.3127,0.3784,50.194,0.1385,NA,NA,28.7,16,5.52,5.52,0,29.724,29.724,0,0,2,1648.2915,1000,1000
256,34,3,"higher_gap_below_MTD",1,3,3,0.3,"two_stage",30,30,6,30,"CRM","previous_dose_additive","previous_dose",0.15,0.85,"previous_dose_additive",0.5,0.5,0.15,0.85,0.15,0.85,3,1,6,"continuous",0.0179,28,1,1,1,0,0,5,0.42,0.35,0.4083,0.4492,50.6205,0.1385,NA,NA,15.7,3.2,3.012,3.012,0,29.724,29.724,0,0,2,1648.2915,1000,1000
257,35,4,"higher_gap_below_MTD",1,3,2,0.3,"two_stage",30,30,6,30,"CRM","previous_dose_additive","previous_dose",0.15,0.85,"previous_dose_additive",0.5,0.5,0.15,0.85,0.15,0.85,3,1,6,"continuous",0.0179,28,1,1,1,0,0,1,0.03,0.2,0.1244,0.2439,49.6588,0.1393,NA,NA,1.4,17.2,4.545,4.545,0,29.985,29.985,0,0,0.1,1663.129,1000,1000
257,35,4,"higher_gap_below_MTD",1,3,2,0.3,"two_stage",30,30,6,30,"CRM","previous_dose_additive","previous_dose",0.15,0.85,"previous_dose_additive",0.5,0.5,0.15,0.85,0.15,0.85,3,1,6,"continuous",0.0179,28,1,1,1,0,0,2,0.09,0.45,0.1667,0.414,58.1715,0.1393,NA,NA,6.4,45,8.67,8.67,0,29.985,29.985,0,0,0.1,1663.129,1000,1000
257,35,4,"higher_gap_below_MTD",1,3,2,0.3,"two_stage",30,30,6,30,"CRM","previous_dose_additive","previous_dose",0.15,0.85,"previous_dose_additive",0.5,0.5,0.15,0.85,0.15,0.85,3,1,6,"continuous",0.0179,28,1,1,1,0,0,3,0.3,0.45,0.2549,0.4182,54.8949,0.1393,NA,NA,44.2,25.8,8.826,8.826,0,29.985,29.985,0,0,0.1,1663.129,1000,1000
257,35,4,"higher_gap_below_MTD",1,3,2,0.3,"two_stage",30,30,6,30,"CRM","previous_dose_additive","previous_dose",0.15,0.85,"previous_dose_additive",0.5,0.5,0.15,0.85,0.15,0.85,3,1,6,"continuous",0.0179,28,1,1,1,0,0,4,0.4,0.45,0.3009,0.4511,55.0312,0.1393,NA,NA,31.4,10.1,5.169,5.169,0,29.985,29.985,0,0,0.1,1663.129,1000,1000
257,35,4,"higher_gap_below_MTD",1,3,2,0.3,"two_stage",30,30,6,30,"CRM","previous_dose_additive","previous_dose",0.15,0.85,"previous_dose_additive",0.5,0.5,0.15,0.85,0.15,0.85,3,1,6,"continuous",0.0179,28,1,1,1,0,0,5,0.45,0.45,0.3963,0.4827,53.1097,0.1393,NA,NA,16.6,1.8,2.775,2.775,0,29.985,29.985,0,0,0.1,1663.129,1000,1000
258,36,5,"higher_gap_below_MTD",1,2,2,0.3,"two_stage",30,30,6,30,"CRM","previous_dose_additive","previous_dose",0.15,0.85,"previous_dose_additive",0.5,0.5,0.15,0.85,0.15,0.85,3,1,6,"continuous",0.0179,28,1,1,1,0,0,1,0.13,0.05,0.1947,0.1059,38.5675,0.1394,NA,NA,23.4,24.8,9.765,9.765,0,27.846,27.846,0.4,0.4,15.9,1545.8893,1000,1000
258,36,5,"higher_gap_below_MTD",1,2,2,0.3,"two_stage",30,30,6,30,"CRM","previous_dose_additive","previous_dose",0.15,0.85,"previous_dose_additive",0.5,0.5,0.15,0.85,0.15,0.85,3,1,6,"continuous",0.0179,28,1,1,1,0,0,2,0.29,0.2,0.2449,0.2586,45.7213,0.1394,NA,NA,35,42.1,8.322,8.322,0,27.846,27.846,0.4,0.4,15.9,1545.8893,1000,1000
258,36,5,"higher_gap_below_MTD",1,2,2,0.3,"two_stage",30,30,6,30,"CRM","previous_dose_additive","previous_dose",0.15,0.85,"previous_dose_additive",0.5,0.5,0.15,0.85,0.15,0.85,3,1,6,"continuous",0.0179,28,1,1,1,0,0,3,0.35,0.22,0.342,0.3242,45.7738,0.1394,NA,NA,24.7,11.3,5.745,5.745,0,27.846,27.846,0.4,0.4,15.9,1545.8893,1000,1000
258,36,5,"higher_gap_below_MTD",1,2,2,0.3,"two_stage",30,30,6,30,"CRM","previous_dose_additive","previous_dose",0.15,0.85,"previous_dose_additive",0.5,0.5,0.15,0.85,0.15,0.85,3,1,6,"continuous",0.0179,28,1,1,1,0,0,4,0.4,0.3,0.3895,0.4294,50.1815,0.1394,NA,NA,11.7,4.9,2.811,2.811,0,27.846,27.846,0.4,0.4,15.9,1545.8893,1000,1000
258,36,5,"higher_gap_below_MTD",1,2,2,0.3,"two_stage",30,30,6,30,"CRM","previous_dose_additive","previous_dose",0.15,0.85,"previous_dose_additive",0.5,0.5,0.15,0.85,0.15,0.85,3,1,6,"continuous",0.0179,28,1,1,1,0,0,5,0.43,0.35,0.4837,0.4781,49.3397,0.1394,NA,NA,4.8,1,1.203,1.203,0,27.846,27.846,0.4,0.4,15.9,1545.8893,1000,1000
259,37,6,"higher_gap_below_MTD",1,2,2,0.3,"two_stage",30,30,6,30,"CRM","previous_dose_additive","previous_dose",0.15,0.85,"previous_dose_additive",0.5,0.5,0.15,0.85,0.15,0.85,3,1,6,"continuous",0.0179,28,1,1,1,0,0,1,0.08,0.05,0.1999,0.1086,38.5209,0.1375,NA,NA,17.8,32,8.838,8.838,0,28.722,28.722,0.1,0.1,7.7,1594.946,1000,1000
259,37,6,"higher_gap_below_MTD",1,2,2,0.3,"two_stage",30,30,6,30,"CRM","previous_dose_additive","previous_dose",0.15,0.85,"previous_dose_additive",0.5,0.5,0.15,0.85,0.15,0.85,3,1,6,"continuous",0.0179,28,1,1,1,0,0,2,0.3,0.2,0.2512,0.2326,43.908,0.1375,NA,NA,44.6,48,10.617,10.617,0,28.722,28.722,0.1,0.1,7.7,1594.946,1000,1000
259,37,6,"higher_gap_below_MTD",1,2,2,0.3,"two_stage",30,30,6,30,"CRM","previous_dose_additive","previous_dose",0.15,0.85,"previous_dose_additive",0.5,0.5,0.15,0.85,0.15,0.85,3,1,6,"continuous",0.0179,28,1,1,1,0,0,3,0.4,0.2,0.3497,0.2968,43.8199,0.1375,NA,NA,27.7,9.8,6.219,6.219,0,28.722,28.722,0.1,0.1,7.7,1594.946,1000,1000
259,37,6,"higher_gap_below_MTD",1,2,2,0.3,"two_stage",30,30,6,30,"CRM","previous_dose_additive","previous_dose",0.15,0.85,"previous_dose_additive",0.5,0.5,0.15,0.85,0.15,0.85,3,1,6,"continuous",0.0179,28,1,1,1,0,0,4,0.45,0.2,0.3977,0.4125,48.8386,0.1375,NA,NA,8,2.2,2.286,2.286,0,28.722,28.722,0.1,0.1,7.7,1594.946,1000,1000
259,37,6,"higher_gap_below_MTD",1,2,2,0.3,"two_stage",30,30,6,30,"CRM","previous_dose_additive","previous_dose",0.15,0.85,"previous_dose_additive",0.5,0.5,0.15,0.85,0.15,0.85,3,1,6,"continuous",0.0179,28,1,1,1,0,0,5,0.5,0.2,0.4922,0.466,48.271,0.1375,NA,NA,1.8,0.3,0.762,0.762,0,28.722,28.722,0.1,0.1,7.7,1594.946,1000,1000
260,1,1,"base_example",1,1,1,0.3,"one_stage",30,30,30,30,"CRM","previous_dose_additive","previous_dose",0.15,0.85,"previous_dose_additive",0.5,0.5,0.15,0.85,0.15,0.85,3,1,6,"continuous",0.0179,28,1,1,1,0,0,1,0.3,0.05,0.3241,0.0811,31.9032,0.1385,NA,NA,52.4,34.8,15.093,15.093,0,24.78,24.78,12.2,13.6,49.2,1373.4275,1000,1000
260,1,1,"base_example",1,1,1,0.3,"one_stage",30,30,30,30,"CRM","previous_dose_additive","previous_dose",0.15,0.85,"previous_dose_additive",0.5,0.5,0.15,0.85,0.15,0.85,3,1,6,"continuous",0.0179,28,1,1,1,0,0,2,0.35,0.06,0.3785,0.1395,33.2322,0.1385,NA,NA,22.4,14.2,5.685,5.685,0,24.78,24.78,12.2,13.6,49.2,1373.4275,1000,1000
260,1,1,"base_example",1,1,1,0.3,"one_stage",30,30,30,30,"CRM","previous_dose_additive","previous_dose",0.15,0.85,"previous_dose_additive",0.5,0.5,0.15,0.85,0.15,0.85,3,1,6,"continuous",0.0179,28,1,1,1,0,0,3,0.4,0.07,0.4753,0.3481,41.8753,0.1385,NA,NA,8.7,1.6,2.298,2.298,0,24.78,24.78,12.2,13.6,49.2,1373.4275,1000,1000
260,1,1,"base_example",1,1,1,0.3,"one_stage",30,30,30,30,"CRM","previous_dose_additive","previous_dose",0.15,0.85,"previous_dose_additive",0.5,0.5,0.15,0.85,0.15,0.85,3,1,6,"continuous",0.0179,28,1,1,1,0,0,4,0.45,0.08,0.5197,0.4002,43.2238,0.1385,NA,NA,3.8,0.1,1.344,1.344,0,24.78,24.78,12.2,13.6,49.2,1373.4275,1000,1000
260,1,1,"base_example",1,1,1,0.3,"one_stage",30,30,30,30,"CRM","previous_dose_additive","previous_dose",0.15,0.85,"previous_dose_additive",0.5,0.5,0.15,0.85,0.15,0.85,3,1,6,"continuous",0.0179,28,1,1,1,0,0,5,0.5,0.09,0.6034,0.4682,43.9578,0.1385,NA,NA,0.5,0.1,0.36,0.36,0,24.78,24.78,12.2,13.6,49.2,1373.4275,1000,1000
261,2,2,"base_example",1,3,3,0.3,"one_stage",30,30,30,30,"CRM","previous_dose_additive","previous_dose",0.15,0.85,"previous_dose_additive",0.5,0.5,0.15,0.85,0.15,0.85,3,1,6,"continuous",0.0179,28,1,1,1,0,0,1,0.15,0.2,0.1643,0.2188,46.5536,0.1378,NA,NA,4.6,30.5,9.93,9.93,0,29.865,29.865,0.3,0.3,1.1,1656.8137,1000,1000
261,2,2,"base_example",1,3,3,0.3,"one_stage",30,30,30,30,"CRM","previous_dose_additive","previous_dose",0.15,0.85,"previous_dose_additive",0.5,0.5,0.15,0.85,0.15,0.85,3,1,6,"continuous",0.0179,28,1,1,1,0,0,2,0.2,0.25,0.2116,0.2485,46.4444,0.1378,NA,NA,32.3,20.3,7.227,7.227,0,29.865,29.865,0.3,0.3,1.1,1656.8137,1000,1000
261,2,2,"base_example",1,3,3,0.3,"one_stage",30,30,30,30,"CRM","previous_dose_additive","previous_dose",0.15,0.85,"previous_dose_additive",0.5,0.5,0.15,0.85,0.15,0.85,3,1,6,"continuous",0.0179,28,1,1,1,0,0,3,0.3,0.5,0.3057,0.4625,55.5212,0.1378,NA,NA,40.6,35.3,8.658,8.658,0,29.865,29.865,0.3,0.3,1.1,1656.8137,1000,1000
261,2,2,"base_example",1,3,3,0.3,"one_stage",30,30,30,30,"CRM","previous_dose_additive","previous_dose",0.15,0.85,"previous_dose_additive",0.5,0.5,0.15,0.85,0.15,0.85,3,1,6,"continuous",0.0179,28,1,1,1,0,0,4,0.35,0.5,0.3529,0.4896,55.2615,0.1378,NA,NA,18.2,11.4,3.36,3.36,0,29.865,29.865,0.3,0.3,1.1,1656.8137,1000,1000
261,2,2,"base_example",1,3,3,0.3,"one_stage",30,30,30,30,"CRM","previous_dose_additive","previous_dose",0.15,0.85,"previous_dose_additive",0.5,0.5,0.15,0.85,0.15,0.85,3,1,6,"continuous",0.0179,28,1,1,1,0,0,5,0.45,0.5,0.4481,0.4954,51.7982,0.1378,NA,NA,4,1.4,0.69,0.69,0,29.865,29.865,0.3,0.3,1.1,1656.8137,1000,1000
262,3,3,"base_example",1,3,2,0.3,"one_stage",30,30,30,30,"CRM","previous_dose_additive","previous_dose",0.15,0.85,"previous_dose_additive",0.5,0.5,0.15,0.85,0.15,0.85,3,1,6,"continuous",0.0179,28,1,1,1,0,0,1,0.15,0.1,0.1648,0.1603,43.024,0.1373,NA,NA,5.8,11.6,6.909,6.909,0,29.694,29.694,0.3,0.3,2.9,1647.9642,1000,1000
262,3,3,"base_example",1,3,2,0.3,"one_stage",30,30,30,30,"CRM","previous_dose_additive","previous_dose",0.15,0.85,"previous_dose_additive",0.5,0.5,0.15,0.85,0.15,0.85,3,1,6,"continuous",0.0179,28,1,1,1,0,0,2,0.2,0.4,0.212,0.3583,53.0194,0.1373,NA,NA,33.7,53.8,12.351,12.351,0,29.694,29.694,0.3,0.3,2.9,1647.9642,1000,1000
262,3,3,"base_example",1,3,2,0.3,"one_stage",30,30,30,30,"CRM","previous_dose_additive","previous_dose",0.15,0.85,"previous_dose_additive",0.5,0.5,0.15,0.85,0.15,0.85,3,1,6,"continuous",0.0179,28,1,1,1,0,0,3,0.3,0.4,0.3059,0.4063,52.1406,0.1373,NA,NA,35.9,22.5,6.411,6.411,0,29.694,29.694,0.3,0.3,2.9,1647.9642,1000,1000
262,3,3,"base_example",1,3,2,0.3,"one_stage",30,30,30,30,"CRM","previous_dose_additive","previous_dose",0.15,0.85,"previous_dose_additive",0.5,0.5,0.15,0.85,0.15,0.85,3,1,6,"continuous",0.0179,28,1,1,1,0,0,4,0.35,0.4,0.353,0.4545,53.1508,0.1373,NA,NA,18.3,7.6,3.231,3.231,0,29.694,29.694,0.3,0.3,2.9,1647.9642,1000,1000
262,3,3,"base_example",1,3,2,0.3,"one_stage",30,30,30,30,"CRM","previous_dose_additive","previous_dose",0.15,0.85,"previous_dose_additive",0.5,0.5,0.15,0.85,0.15,0.85,3,1,6,"continuous",0.0179,28,1,1,1,0,0,5,0.45,0.4,0.4481,0.4818,50.9858,0.1373,NA,NA,6,1.6,0.792,0.792,0,29.694,29.694,0.3,0.3,2.9,1647.9642,1000,1000
263,4,4,"base_example",1,4,4,0.3,"one_stage",30,30,30,30,"CRM","previous_dose_additive","previous_dose",0.15,0.85,"previous_dose_additive",0.5,0.5,0.15,0.85,0.15,0.85,3,1,6,"continuous",0.0179,28,1,1,1,0,0,1,0.05,0.05,0.1009,0.146,44.7277,0.1381,NA,NA,0.2,10.8,4.488,4.488,0,29.979,29.979,0,0,0.2,1663.1064,1000,1000
263,4,4,"base_example",1,4,4,0.3,"one_stage",30,30,30,30,"CRM","previous_dose_additive","previous_dose",0.15,0.85,"previous_dose_additive",0.5,0.5,0.15,0.85,0.15,0.85,3,1,6,"continuous",0.0179,28,1,1,1,0,0,2,0.1,0.1,0.1389,0.1691,44.5897,0.1381,NA,NA,2.7,8.4,4.683,4.683,0,29.979,29.979,0,0,0.2,1663.1064,1000,1000
263,4,4,"base_example",1,4,4,0.3,"one_stage",30,30,30,30,"CRM","previous_dose_additive","previous_dose",0.15,0.85,"previous_dose_additive",0.5,0.5,0.15,0.85,0.15,0.85,3,1,6,"continuous",0.0179,28,1,1,1,0,0,3,0.18,0.25,0.2214,0.2569,46.5554,0.1381,NA,NA,16.9,15.4,6.84,6.84,0,29.979,29.979,0,0,0.2,1663.1064,1000,1000
263,4,4,"base_example",1,4,4,0.3,"one_stage",30,30,30,30,"CRM","previous_dose_additive","previous_dose",0.15,0.85,"previous_dose_additive",0.5,0.5,0.15,0.85,0.15,0.85,3,1,6,"continuous",0.0179,28,1,1,1,0,0,4,0.3,0.5,0.2656,0.471,57.6341,0.1381,NA,NA,57.8,53.3,10.725,10.725,0,29.979,29.979,0,0,0.2,1663.1064,1000,1000
263,4,4,"base_example",1,4,4,0.3,"one_stage",30,30,30,30,"CRM","previous_dose_additive","previous_dose",0.15,0.85,"previous_dose_additive",0.5,0.5,0.15,0.85,0.15,0.85,3,1,6,"continuous",0.0179,28,1,1,1,0,0,5,0.4,0.55,0.3596,0.5005,55.648,0.1381,NA,NA,22.4,11.9,3.243,3.243,0,29.979,29.979,0,0,0.2,1663.1064,1000,1000
264,5,5,"base_example",1,5,2,0.3,"one_stage",30,30,30,30,"CRM","previous_dose_additive","previous_dose",0.15,0.85,"previous_dose_additive",0.5,0.5,0.15,0.85,0.15,0.85,3,1,6,"continuous",0.0179,28,1,1,1,0,0,1,0.07,0.05,0.0848,0.1478,45.4759,0.1371,NA,NA,0.7,8.8,4.005,4.005,0,29.94,29.94,0,0,0.6,1660.7443,1000,1000
264,5,5,"base_example",1,5,2,0.3,"one_stage",30,30,30,30,"CRM","previous_dose_additive","previous_dose",0.15,0.85,"previous_dose_additive",0.5,0.5,0.15,0.85,0.15,0.85,3,1,6,"continuous",0.0179,28,1,1,1,0,0,2,0.12,0.3,0.1185,0.2848,52.3453,0.1371,NA,NA,5.8,45,8.205,8.205,0,29.94,29.94,0,0,0.6,1660.7443,1000,1000
264,5,5,"base_example",1,5,2,0.3,"one_stage",30,30,30,30,"CRM","previous_dose_additive","previous_dose",0.15,0.85,"previous_dose_additive",0.5,0.5,0.15,0.85,0.15,0.85,3,1,6,"continuous",0.0179,28,1,1,1,0,0,3,0.17,0.3,0.1938,0.2908,49.696,0.1371,NA,NA,17.9,23.2,7.137,7.137,0,29.94,29.94,0,0,0.6,1660.7443,1000,1000
264,5,5,"base_example",1,5,2,0.3,"one_stage",30,30,30,30,"CRM","previous_dose_additive","previous_dose",0.15,0.85,"previous_dose_additive",0.5,0.5,0.15,0.85,0.15,0.85,3,1,6,"continuous",0.0179,28,1,1,1,0,0,4,0.22,0.3,0.2353,0.3286,50.3058,0.1371,NA,NA,30.7,16.6,6.78,6.78,0,29.94,29.94,0,0,0.6,1660.7443,1000,1000
264,5,5,"base_example",1,5,2,0.3,"one_stage",30,30,30,30,"CRM","previous_dose_additive","previous_dose",0.15,0.85,"previous_dose_additive",0.5,0.5,0.15,0.85,0.15,0.85,3,1,6,"continuous",0.0179,28,1,1,1,0,0,5,0.3,0.3,0.3256,0.3804,49.8013,0.1371,NA,NA,44.9,5.8,3.813,3.813,0,29.94,29.94,0,0,0.6,1660.7443,1000,1000
265,6,1,"five_scenarios_txt",1,1,1,0.3,"one_stage",30,30,30,30,"CRM","previous_dose_additive","previous_dose",0.15,0.85,"previous_dose_additive",0.5,0.5,0.15,0.85,0.15,0.85,3,1,6,"continuous",0.0179,28,1,1,1,0,0,1,0.29,0.3,0.3089,0.3005,45.6737,0.1369,NA,NA,44.9,64.4,18.006,18.006,0,27.732,27.732,11.7,12.9,13,1539.1811,1000,1000
265,6,1,"five_scenarios_txt",1,1,1,0.3,"one_stage",30,30,30,30,"CRM","previous_dose_additive","previous_dose",0.15,0.85,"previous_dose_additive",0.5,0.5,0.15,0.85,0.15,0.85,3,1,6,"continuous",0.0179,28,1,1,1,0,0,2,0.34,0.32,0.3633,0.3464,46.255,0.1369,NA,NA,30,17,5.922,5.922,0,27.732,27.732,11.7,12.9,13,1539.1811,1000,1000
265,6,1,"five_scenarios_txt",1,1,1,0.3,"one_stage",30,30,30,30,"CRM","previous_dose_additive","previous_dose",0.15,0.85,"previous_dose_additive",0.5,0.5,0.15,0.85,0.15,0.85,3,1,6,"continuous",0.0179,28,1,1,1,0,0,3,0.38,0.35,0.4608,0.4458,48.3148,0.1369,NA,NA,8.8,3.8,2.43,2.43,0,27.732,27.732,11.7,12.9,13,1539.1811,1000,1000
265,6,1,"five_scenarios_txt",1,1,1,0.3,"one_stage",30,30,30,30,"CRM","previous_dose_additive","previous_dose",0.15,0.85,"previous_dose_additive",0.5,0.5,0.15,0.85,0.15,0.85,3,1,6,"continuous",0.0179,28,1,1,1,0,0,4,0.43,0.38,0.5058,0.4802,48.5812,0.1369,NA,NA,4.1,1.5,1.128,1.128,0,27.732,27.732,11.7,12.9,13,1539.1811,1000,1000
265,6,1,"five_scenarios_txt",1,1,1,0.3,"one_stage",30,30,30,30,"CRM","previous_dose_additive","previous_dose",0.15,0.85,"previous_dose_additive",0.5,0.5,0.15,0.85,0.15,0.85,3,1,6,"continuous",0.0179,28,1,1,1,0,0,5,0.52,0.4,0.591,0.4943,46.0179,0.1369,NA,NA,0.5,0.3,0.246,0.246,0,27.732,27.732,11.7,12.9,13,1539.1811,1000,1000
266,7,2,"five_scenarios_txt",1,4,2,0.3,"one_stage",30,30,30,30,"CRM","previous_dose_additive","previous_dose",0.15,0.85,"previous_dose_additive",0.5,0.5,0.15,0.85,0.15,0.85,3,1,6,"continuous",0.0179,28,1,1,1,0,0,1,0.16,0.2,0.1585,0.2298,47.4492,0.137,NA,NA,5.6,14.5,7.977,7.977,0,29.838,29.838,0.4,0.4,1.1,1655.5788,1000,1000
266,7,2,"five_scenarios_txt",1,4,2,0.3,"one_stage",30,30,30,30,"CRM","previous_dose_additive","previous_dose",0.15,0.85,"previous_dose_additive",0.5,0.5,0.15,0.85,0.15,0.85,3,1,6,"continuous",0.0179,28,1,1,1,0,0,2,0.2,0.5,0.2046,0.439,58.1572,0.137,NA,NA,48.6,53.5,13.608,13.608,0,29.838,29.838,0.4,0.4,1.1,1655.5788,1000,1000
266,7,2,"five_scenarios_txt",1,4,2,0.3,"one_stage",30,30,30,30,"CRM","previous_dose_additive","previous_dose",0.15,0.85,"previous_dose_additive",0.5,0.5,0.15,0.85,0.15,0.85,3,1,6,"continuous",0.0179,28,1,1,1,0,0,3,0.26,0.5,0.297,0.4706,56.3549,0.137,NA,NA,26.4,20.6,5.232,5.232,0,29.838,29.838,0.4,0.4,1.1,1655.5788,1000,1000
266,7,2,"five_scenarios_txt",1,4,2,0.3,"one_stage",30,30,30,30,"CRM","previous_dose_additive","previous_dose",0.15,0.85,"previous_dose_additive",0.5,0.5,0.15,0.85,0.15,0.85,3,1,6,"continuous",0.0179,28,1,1,1,0,0,4,0.31,0.5,0.3436,0.4896,55.628,0.137,NA,NA,14.2,8.7,2.427,2.427,0,29.838,29.838,0.4,0.4,1.1,1655.5788,1000,1000
266,7,2,"five_scenarios_txt",1,4,2,0.3,"one_stage",30,30,30,30,"CRM","previous_dose_additive","previous_dose",0.15,0.85,"previous_dose_additive",0.5,0.5,0.15,0.85,0.15,0.85,3,1,6,"continuous",0.0179,28,1,1,1,0,0,5,0.36,0.5,0.4384,0.4965,52.2529,0.137,NA,NA,4.8,1.6,0.594,0.594,0,29.838,29.838,0.4,0.4,1.1,1655.5788,1000,1000
267,8,3,"five_scenarios_txt",1,1,1,0.3,"one_stage",30,30,30,30,"CRM","previous_dose_additive","previous_dose",0.15,0.85,"previous_dose_additive",0.5,0.5,0.15,0.85,0.15,0.85,3,1,6,"continuous",0.0179,28,1,1,1,0,0,1,0.32,0.1,0.348,0.1218,33.3897,0.1368,NA,NA,53,45.7,16.077,16.077,0,25.413,25.413,16.7,18.1,36.5,1410.0214,1000,1000
267,8,3,"five_scenarios_txt",1,1,1,0.3,"one_stage",30,30,30,30,"CRM","previous_dose_additive","previous_dose",0.15,0.85,"previous_dose_additive",0.5,0.5,0.15,0.85,0.15,0.85,3,1,6,"continuous",0.0179,28,1,1,1,0,0,2,0.37,0.15,0.4026,0.2188,37.025,0.1368,NA,NA,21.6,14.5,5.88,5.88,0,25.413,25.413,16.7,18.1,36.5,1410.0214,1000,1000
267,8,3,"five_scenarios_txt",1,1,1,0.3,"one_stage",30,30,30,30,"CRM","previous_dose_additive","previous_dose",0.15,0.85,"previous_dose_additive",0.5,0.5,0.15,0.85,0.15,0.85,3,1,6,"continuous",0.0179,28,1,1,1,0,0,3,0.42,0.2,0.4984,0.402,44.1822,0.1368,NA,NA,6.5,2.3,2.136,2.136,0,25.413,25.413,16.7,18.1,36.5,1410.0214,1000,1000
267,8,3,"five_scenarios_txt",1,1,1,0.3,"one_stage",30,30,30,30,"CRM","previous_dose_additive","previous_dose",0.15,0.85,"previous_dose_additive",0.5,0.5,0.15,0.85,0.15,0.85,3,1,6,"continuous",0.0179,28,1,1,1,0,0,4,0.48,0.3,0.542,0.462,46.0394,0.1368,NA,NA,1.7,0.8,1.074,1.074,0,25.413,25.413,16.7,18.1,36.5,1410.0214,1000,1000
267,8,3,"five_scenarios_txt",1,1,1,0.3,"one_stage",30,30,30,30,"CRM","previous_dose_additive","previous_dose",0.15,0.85,"previous_dose_additive",0.5,0.5,0.15,0.85,0.15,0.85,3,1,6,"continuous",0.0179,28,1,1,1,0,0,5,0.52,0.4,0.6234,0.4938,44.6932,0.1368,NA,NA,0.5,0.2,0.246,0.246,0,25.413,25.413,16.7,18.1,36.5,1410.0214,1000,1000
268,9,4,"five_scenarios_txt",1,5,5,0.3,"one_stage",30,30,30,30,"CRM","previous_dose_additive","previous_dose",0.15,0.85,"previous_dose_additive",0.5,0.5,0.15,0.85,0.15,0.85,3,1,6,"continuous",0.0179,28,1,1,1,0,0,1,0.15,0.05,0.1277,0.1235,42.3034,0.1375,NA,NA,5.5,21,7.635,7.635,0,29.454,29.454,0.3,0.4,5.8,1634.9015,1000,1000
268,9,4,"five_scenarios_txt",1,5,5,0.3,"one_stage",30,30,30,30,"CRM","previous_dose_additive","previous_dose",0.15,0.85,"previous_dose_additive",0.5,0.5,0.15,0.85,0.15,0.85,3,1,6,"continuous",0.0179,28,1,1,1,0,0,2,0.18,0.08,0.168,0.1432,41.8705,0.1375,NA,NA,15.3,18.8,5.943,5.943,0,29.454,29.454,0.3,0.4,5.8,1634.9015,1000,1000
268,9,4,"five_scenarios_txt",1,5,5,0.3,"one_stage",30,30,30,30,"CRM","previous_dose_additive","previous_dose",0.15,0.85,"previous_dose_additive",0.5,0.5,0.15,0.85,0.15,0.85,3,1,6,"continuous",0.0179,28,1,1,1,0,0,3,0.22,0.2,0.2523,0.251,44.9665,0.1375,NA,NA,18.4,18.2,5.871,5.871,0,29.454,29.454,0.3,0.4,5.8,1634.9015,1000,1000
268,9,4,"five_scenarios_txt",1,5,5,0.3,"one_stage",30,30,30,30,"CRM","previous_dose_additive","previous_dose",0.15,0.85,"previous_dose_additive",0.5,0.5,0.15,0.85,0.15,0.85,3,1,6,"continuous",0.0179,28,1,1,1,0,0,4,0.26,0.25,0.2964,0.3198,47.3292,0.1375,NA,NA,25.8,14.2,5.382,5.382,0,29.454,29.454,0.3,0.4,5.8,1634.9015,1000,1000
268,9,4,"five_scenarios_txt",1,5,5,0.3,"one_stage",30,30,30,30,"CRM","previous_dose_additive","previous_dose",0.15,0.85,"previous_dose_additive",0.5,0.5,0.15,0.85,0.15,0.85,3,1,6,"continuous",0.0179,28,1,1,1,0,0,5,0.29,0.5,0.3888,0.4813,53.3283,0.1375,NA,NA,34.7,22,4.623,4.623,0,29.454,29.454,0.3,0.4,5.8,1634.9015,1000,1000
269,10,5,"five_scenarios_txt",1,2,2,0.3,"one_stage",30,30,30,30,"CRM","previous_dose_additive","previous_dose",0.15,0.85,"previous_dose_additive",0.5,0.5,0.15,0.85,0.15,0.85,3,1,6,"continuous",0.0179,28,1,1,1,0,0,1,0.23,0.05,0.2385,0.1085,36.971,0.1384,NA,NA,29.9,13.8,9.882,9.882,0,27.684,27.684,3.4,3.8,23.3,1537.523,1000,1000
269,10,5,"five_scenarios_txt",1,2,2,0.3,"one_stage",30,30,30,30,"CRM","previous_dose_additive","previous_dose",0.15,0.85,"previous_dose_additive",0.5,0.5,0.15,0.85,0.15,0.85,3,1,6,"continuous",0.0179,28,1,1,1,0,0,2,0.28,0.4,0.2904,0.388,51.665,0.1384,NA,NA,33,42.6,10.92,10.92,0,27.684,27.684,3.4,3.8,23.3,1537.523,1000,1000
269,10,5,"five_scenarios_txt",1,2,2,0.3,"one_stage",30,30,30,30,"CRM","previous_dose_additive","previous_dose",0.15,0.85,"previous_dose_additive",0.5,0.5,0.15,0.85,0.15,0.85,3,1,6,"continuous",0.0179,28,1,1,1,0,0,3,0.32,0.42,0.3876,0.4489,51.4281,0.1384,NA,NA,21.1,14.2,4.425,4.425,0,27.684,27.684,3.4,3.8,23.3,1537.523,1000,1000
269,10,5,"five_scenarios_txt",1,2,2,0.3,"one_stage",30,30,30,30,"CRM","previous_dose_additive","previous_dose",0.15,0.85,"previous_dose_additive",0.5,0.5,0.15,0.85,0.15,0.85,3,1,6,"continuous",0.0179,28,1,1,1,0,0,4,0.39,0.45,0.4342,0.4845,51.704,0.1384,NA,NA,10.3,5.2,1.983,1.983,0,27.684,27.684,3.4,3.8,23.3,1537.523,1000,1000
269,10,5,"five_scenarios_txt",1,2,2,0.3,"one_stage",30,30,30,30,"CRM","previous_dose_additive","previous_dose",0.15,0.85,"previous_dose_additive",0.5,0.5,0.15,0.85,0.15,0.85,3,1,6,"continuous",0.0179,28,1,1,1,0,0,5,0.43,0.5,0.5249,0.4947,48.6862,0.1384,NA,NA,2.3,0.9,0.474,0.474,0,27.684,27.684,3.4,3.8,23.3,1537.523,1000,1000
270,11,1,"five_scenarios_txt",1,2,1,0.3,"one_stage",30,30,30,30,"CRM","previous_dose_additive","previous_dose",0.15,0.85,"previous_dose_additive",0.5,0.5,0.15,0.85,0.15,0.85,3,1,6,"continuous",0.0179,28,1,1,1,0,0,1,0.22,0.2,0.2572,0.2094,42.2722,0.1382,NA,NA,31.3,69.9,17.235,17.235,0,29.232,29.232,3.4,3.6,5.7,1622.9478,1000,1000
270,11,1,"five_scenarios_txt",1,2,1,0.3,"one_stage",30,30,30,30,"CRM","previous_dose_additive","previous_dose",0.15,0.85,"previous_dose_additive",0.5,0.5,0.15,0.85,0.15,0.85,3,1,6,"continuous",0.0179,28,1,1,1,0,0,2,0.32,0.2,0.3118,0.2228,40.8938,0.1382,NA,NA,48.5,20.3,7.479,7.479,0,29.232,29.232,3.4,3.6,5.7,1622.9478,1000,1000
270,11,1,"five_scenarios_txt",1,2,1,0.3,"one_stage",30,30,30,30,"CRM","previous_dose_additive","previous_dose",0.15,0.85,"previous_dose_additive",0.5,0.5,0.15,0.85,0.15,0.85,3,1,6,"continuous",0.0179,28,1,1,1,0,0,3,0.44,0.2,0.4122,0.3651,45.4193,0.1382,NA,NA,14.5,3.7,3.075,3.075,0,29.232,29.232,3.4,3.6,5.7,1622.9478,1000,1000
270,11,1,"five_scenarios_txt",1,2,1,0.3,"one_stage",30,30,30,30,"CRM","previous_dose_additive","previous_dose",0.15,0.85,"previous_dose_additive",0.5,0.5,0.15,0.85,0.15,0.85,3,1,6,"continuous",0.0179,28,1,1,1,0,0,4,0.59,0.2,0.4595,0.4299,47.4152,0.1382,NA,NA,2.3,0.4,1.245,1.245,0,29.232,29.232,3.4,3.6,5.7,1622.9478,1000,1000
270,11,1,"five_scenarios_txt",1,2,1,0.3,"one_stage",30,30,30,30,"CRM","previous_dose_additive","previous_dose",0.15,0.85,"previous_dose_additive",0.5,0.5,0.15,0.85,0.15,0.85,3,1,6,"continuous",0.0179,28,1,1,1,0,0,5,0.67,0.2,0.5501,0.4853,47.1169,0.1382,NA,NA,0,0,0.198,0.198,0,29.232,29.232,3.4,3.6,5.7,1622.9478,1000,1000
271,12,2,"five_scenarios_txt",3,4,4,0.3,"one_stage",30,30,30,30,"CRM","previous_dose_additive","previous_dose",0.15,0.85,"previous_dose_additive",0.5,0.5,0.15,0.85,0.15,0.85,3,1,6,"continuous",0.0179,28,1,1,1,0,0,1,0.06,0.05,0.1026,0.1425,44.449,0.138,NA,NA,0.2,16.9,4.908,4.908,0,29.976,29.976,0,0,0.4,1662.6109,1000,1000
271,12,2,"five_scenarios_txt",3,4,4,0.3,"one_stage",30,30,30,30,"CRM","previous_dose_additive","previous_dose",0.15,0.85,"previous_dose_additive",0.5,0.5,0.15,0.85,0.15,0.85,3,1,6,"continuous",0.0179,28,1,1,1,0,0,2,0.09,0.1,0.141,0.1644,44.2213,0.138,NA,NA,2.7,15.5,5.256,5.256,0,29.976,29.976,0,0,0.4,1662.6109,1000,1000
271,12,2,"five_scenarios_txt",3,4,4,0.3,"one_stage",30,30,30,30,"CRM","previous_dose_additive","previous_dose",0.15,0.85,"previous_dose_additive",0.5,0.5,0.15,0.85,0.15,0.85,3,1,6,"continuous",0.0179,28,1,1,1,0,0,3,0.18,0.12,0.2241,0.1734,41.4392,0.138,NA,NA,16.7,6.8,5.421,5.421,0,29.976,29.976,0,0,0.4,1662.6109,1000,1000
271,12,2,"five_scenarios_txt",3,4,4,0.3,"one_stage",30,30,30,30,"CRM","previous_dose_additive","previous_dose",0.15,0.85,"previous_dose_additive",0.5,0.5,0.15,0.85,0.15,0.85,3,1,6,"continuous",0.0179,28,1,1,1,0,0,4,0.29,0.4,0.2685,0.3854,52.3824,0.138,NA,NA,51.8,40.7,9.606,9.606,0,29.976,29.976,0,0,0.4,1662.6109,1000,1000
271,12,2,"five_scenarios_txt",3,4,4,0.3,"one_stage",30,30,30,30,"CRM","previous_dose_additive","previous_dose",0.15,0.85,"previous_dose_additive",0.5,0.5,0.15,0.85,0.15,0.85,3,1,6,"continuous",0.0179,28,1,1,1,0,0,5,0.44,0.6,0.3628,0.5304,57.3136,0.138,NA,NA,28.6,19.7,4.785,4.785,0,29.976,29.976,0,0,0.4,1662.6109,1000,1000
272,13,3,"five_scenarios_txt",1,3,3,0.3,"one_stage",30,30,30,30,"CRM","previous_dose_additive","previous_dose",0.15,0.85,"previous_dose_additive",0.5,0.5,0.15,0.85,0.15,0.85,3,1,6,"continuous",0.0179,28,1,1,1,0,0,1,0.21,0.05,0.2278,0.1062,37.2628,0.1385,NA,NA,26.7,16,9.99,9.99,0,28.053,28.053,2.3,2.8,20,1556.2724,1000,1000
272,13,3,"five_scenarios_txt",1,3,3,0.3,"one_stage",30,30,30,30,"CRM","previous_dose_additive","previous_dose",0.15,0.85,"previous_dose_additive",0.5,0.5,0.15,0.85,0.15,0.85,3,1,6,"continuous",0.0179,28,1,1,1,0,0,2,0.29,0.3,0.2794,0.3028,46.9964,0.1385,NA,NA,32.4,43.7,9.999,9.999,0,28.053,28.053,2.3,2.8,20,1556.2724,1000,1000
272,13,3,"five_scenarios_txt",1,3,3,0.3,"one_stage",30,30,30,30,"CRM","previous_dose_additive","previous_dose",0.15,0.85,"previous_dose_additive",0.5,0.5,0.15,0.85,0.15,0.85,3,1,6,"continuous",0.0179,28,1,1,1,0,0,3,0.3,0.32,0.3767,0.392,48.449,0.1385,NA,NA,20.5,13.7,4.725,4.725,0,28.053,28.053,2.3,2.8,20,1556.2724,1000,1000
272,13,3,"five_scenarios_txt",1,3,3,0.3,"one_stage",30,30,30,30,"CRM","previous_dose_additive","previous_dose",0.15,0.85,"previous_dose_additive",0.5,0.5,0.15,0.85,0.15,0.85,3,1,6,"continuous",0.0179,28,1,1,1,0,0,4,0.39,0.35,0.4236,0.4414,49.5394,0.1385,NA,NA,15.2,5.3,2.613,2.613,0,28.053,28.053,2.3,2.8,20,1556.2724,1000,1000
272,13,3,"five_scenarios_txt",1,3,3,0.3,"one_stage",30,30,30,30,"CRM","previous_dose_additive","previous_dose",0.15,0.85,"previous_dose_additive",0.5,0.5,0.15,0.85,0.15,0.85,3,1,6,"continuous",0.0179,28,1,1,1,0,0,5,0.46,0.4,0.5152,0.484,48.4319,0.1385,NA,NA,2.9,1.3,0.726,0.726,0,28.053,28.053,2.3,2.8,20,1556.2724,1000,1000
273,14,4,"five_scenarios_txt",1,4,4,0.3,"one_stage",30,30,30,30,"CRM","previous_dose_additive","previous_dose",0.15,0.85,"previous_dose_additive",0.5,0.5,0.15,0.85,0.15,0.85,3,1,6,"continuous",0.0179,28,1,1,1,0,0,1,0.09,0.05,0.1155,0.1291,43.1298,0.1385,NA,NA,1.1,27.5,6.816,6.816,0,29.889,29.889,0,0,1.3,1658.4798,1000,1000
273,14,4,"five_scenarios_txt",1,4,4,0.3,"one_stage",30,30,30,30,"CRM","previous_dose_additive","previous_dose",0.15,0.85,"previous_dose_additive",0.5,0.5,0.15,0.85,0.15,0.85,3,1,6,"continuous",0.0179,28,1,1,1,0,0,2,0.15,0.08,0.1558,0.1418,42.2805,0.1385,NA,NA,10,20.3,6.093,6.093,0,29.889,29.889,0,0,1.3,1658.4798,1000,1000
273,14,4,"five_scenarios_txt",1,4,4,0.3,"one_stage",30,30,30,30,"CRM","previous_dose_additive","previous_dose",0.15,0.85,"previous_dose_additive",0.5,0.5,0.15,0.85,0.15,0.85,3,1,6,"continuous",0.0179,28,1,1,1,0,0,3,0.23,0.12,0.241,0.1826,41.3134,0.1385,NA,NA,23.4,10.9,5.457,5.457,0,29.889,29.889,0,0,1.3,1658.4798,1000,1000
273,14,4,"five_scenarios_txt",1,4,4,0.3,"one_stage",30,30,30,30,"CRM","previous_dose_additive","previous_dose",0.15,0.85,"previous_dose_additive",0.5,0.5,0.15,0.85,0.15,0.85,3,1,6,"continuous",0.0179,28,1,1,1,0,0,4,0.28,0.3,0.2859,0.3298,48.3503,0.1385,NA,NA,36.9,28.8,7.701,7.701,0,29.889,29.889,0,0,1.3,1658.4798,1000,1000
273,14,4,"five_scenarios_txt",1,4,4,0.3,"one_stage",30,30,30,30,"CRM","previous_dose_additive","previous_dose",0.15,0.85,"previous_dose_additive",0.5,0.5,0.15,0.85,0.15,0.85,3,1,6,"continuous",0.0179,28,1,1,1,0,0,5,0.39,0.4,0.3802,0.4387,51.1152,0.1385,NA,NA,28.6,11.2,3.822,3.822,0,29.889,29.889,0,0,1.3,1658.4798,1000,1000
274,15,5,"five_scenarios_txt",1,3,1,0.3,"one_stage",30,30,30,30,"CRM","previous_dose_additive","previous_dose",0.15,0.85,"previous_dose_additive",0.5,0.5,0.15,0.85,0.15,0.85,3,1,6,"continuous",0.0179,28,1,1,1,0,0,1,0.13,0.1,0.1633,0.1364,41.6528,0.1357,NA,NA,4,59.9,11.265,11.265,0,29.787,29.787,0.2,0.2,2,1652.0646,1000,1000
274,15,5,"five_scenarios_txt",1,3,1,0.3,"one_stage",30,30,30,30,"CRM","previous_dose_additive","previous_dose",0.15,0.85,"previous_dose_additive",0.5,0.5,0.15,0.85,0.15,0.85,3,1,6,"continuous",0.0179,28,1,1,1,0,0,2,0.2,0.1,0.2106,0.1319,39.4872,0.1357,NA,NA,29.8,27.2,7.974,7.974,0,29.787,29.787,0.2,0.2,2,1652.0646,1000,1000
274,15,5,"five_scenarios_txt",1,3,1,0.3,"one_stage",30,30,30,30,"CRM","previous_dose_additive","previous_dose",0.15,0.85,"previous_dose_additive",0.5,0.5,0.15,0.85,0.15,0.85,3,1,6,"continuous",0.0179,28,1,1,1,0,0,3,0.32,0.1,0.3049,0.1974,39.6514,0.1357,NA,NA,34.1,7.7,5.31,5.31,0,29.787,29.787,0.2,0.2,2,1652.0646,1000,1000
274,15,5,"five_scenarios_txt",1,3,1,0.3,"one_stage",30,30,30,30,"CRM","previous_dose_additive","previous_dose",0.15,0.85,"previous_dose_additive",0.5,0.5,0.15,0.85,0.15,0.85,3,1,6,"continuous",0.0179,28,1,1,1,0,0,4,0.39,0.1,0.3521,0.2635,41.7245,0.1357,NA,NA,23.5,2.9,3.816,3.816,0,29.787,29.787,0.2,0.2,2,1652.0646,1000,1000
274,15,5,"five_scenarios_txt",1,3,1,0.3,"one_stage",30,30,30,30,"CRM","previous_dose_additive","previous_dose",0.15,0.85,"previous_dose_additive",0.5,0.5,0.15,0.85,0.15,0.85,3,1,6,"continuous",0.0179,28,1,1,1,0,0,5,0.46,0.1,0.4475,0.3811,44.9666,0.1357,NA,NA,8.4,0.3,1.422,1.422,0,29.787,29.787,0.2,0.2,2,1652.0646,1000,1000
275,16,1,"five_scenarios_txt",1,5,1,0.3,"one_stage",30,30,30,30,"CRM","previous_dose_additive","previous_dose",0.15,0.85,"previous_dose_additive",0.5,0.5,0.15,0.85,0.15,0.85,3,1,6,"continuous",0.0179,28,1,1,1,0,0,1,0.02,0.2,0.0433,0.2399,52.6636,0.1356,NA,NA,0,46,4.614,4.614,0,30,30,0,0,0,1664.1426,1000,1000
275,16,1,"five_scenarios_txt",1,5,1,0.3,"one_stage",30,30,30,30,"CRM","previous_dose_additive","previous_dose",0.15,0.85,"previous_dose_additive",0.5,0.5,0.15,0.85,0.15,0.85,3,1,6,"continuous",0.0179,28,1,1,1,0,0,2,0.06,0.2,0.0656,0.2225,50.7264,0.1356,NA,NA,1.8,24,5.196,5.196,0,30,30,0,0,0,1664.1426,1000,1000
275,16,1,"five_scenarios_txt",1,5,1,0.3,"one_stage",30,30,30,30,"CRM","previous_dose_additive","previous_dose",0.15,0.85,"previous_dose_additive",0.5,0.5,0.15,0.85,0.15,0.85,3,1,6,"continuous",0.0179,28,1,1,1,0,0,3,0.09,0.2,0.1212,0.2186,48.268,0.1356,NA,NA,2.3,14.9,6.21,6.21,0,30,30,0,0,0,1664.1426,1000,1000
275,16,1,"five_scenarios_txt",1,5,1,0.3,"one_stage",30,30,30,30,"CRM","previous_dose_additive","previous_dose",0.15,0.85,"previous_dose_additive",0.5,0.5,0.15,0.85,0.15,0.85,3,1,6,"continuous",0.0179,28,1,1,1,0,0,4,0.14,0.2,0.1545,0.2203,47.0368,0.1356,NA,NA,11,10.4,8.307,8.307,0,30,30,0,0,0,1664.1426,1000,1000
275,16,1,"five_scenarios_txt",1,5,1,0.3,"one_stage",30,30,30,30,"CRM","previous_dose_additive","previous_dose",0.15,0.85,"previous_dose_additive",0.5,0.5,0.15,0.85,0.15,0.85,3,1,6,"continuous",0.0179,28,1,1,1,0,0,5,0.26,0.2,0.2327,0.2426,45.2511,0.1356,NA,NA,84.9,4.7,5.673,5.673,0,30,30,0,0,0,1664.1426,1000,1000
276,17,2,"five_scenarios_txt",1,2,2,0.3,"one_stage",30,30,30,30,"CRM","previous_dose_additive","previous_dose",0.15,0.85,"previous_dose_additive",0.5,0.5,0.15,0.85,0.15,0.85,3,1,6,"continuous",0.0179,28,1,1,1,0,0,1,0.11,0.3,0.18,0.2956,50.5352,0.141,NA,NA,5.1,23.2,9.642,9.642,0,29.976,29.976,0.1,0.1,0.1,1662.2983,1000,1000
276,17,2,"five_scenarios_txt",1,2,2,0.3,"one_stage",30,30,30,30,"CRM","previous_dose_additive","previous_dose",0.15,0.85,"previous_dose_additive",0.5,0.5,0.15,0.85,0.15,0.85,3,1,6,"continuous",0.0179,28,1,1,1,0,0,2,0.23,0.5,0.2297,0.4534,58.016,0.141,NA,NA,64.8,62.2,14.775,14.775,0,29.976,29.976,0.1,0.1,0.1,1662.2983,1000,1000
276,17,2,"five_scenarios_txt",1,2,2,0.3,"one_stage",30,30,30,30,"CRM","previous_dose_additive","previous_dose",0.15,0.85,"previous_dose_additive",0.5,0.5,0.15,0.85,0.15,0.85,3,1,6,"continuous",0.0179,28,1,1,1,0,0,3,0.39,0.5,0.3269,0.4796,55.7027,0.141,NA,NA,27.1,13,4.479,4.479,0,29.976,29.976,0.1,0.1,0.1,1662.2983,1000,1000
276,17,2,"five_scenarios_txt",1,2,2,0.3,"one_stage",30,30,30,30,"CRM","previous_dose_additive","previous_dose",0.15,0.85,"previous_dose_additive",0.5,0.5,0.15,0.85,0.15,0.85,3,1,6,"continuous",0.0179,28,1,1,1,0,0,4,0.58,0.5,0.3748,0.5052,55.3178,0.141,NA,NA,2.9,1.5,0.981,0.981,0,29.976,29.976,0.1,0.1,0.1,1662.2983,1000,1000
276,17,2,"five_scenarios_txt",1,2,2,0.3,"one_stage",30,30,30,30,"CRM","previous_dose_additive","previous_dose",0.15,0.85,"previous_dose_additive",0.5,0.5,0.15,0.85,0.15,0.85,3,1,6,"continuous",0.0179,28,1,1,1,0,0,5,0.76,0.5,0.4703,0.4999,51.18,0.141,NA,NA,0,0,0.099,0.099,0,29.976,29.976,0.1,0.1,0.1,1662.2983,1000,1000
277,18,3,"five_scenarios_txt",1,5,5,0.3,"one_stage",30,30,30,30,"CRM","previous_dose_additive","previous_dose",0.15,0.85,"previous_dose_additive",0.5,0.5,0.15,0.85,0.15,0.85,3,1,6,"continuous",0.0179,28,1,1,1,0,0,1,0.02,0.05,0.0644,0.1552,46.738,0.1374,NA,NA,0,18.5,3.57,3.57,0,30,30,0,0,0,1664.1234,1000,1000
277,18,3,"five_scenarios_txt",1,5,5,0.3,"one_stage",30,30,30,30,"CRM","previous_dose_additive","previous_dose",0.15,0.85,"previous_dose_additive",0.5,0.5,0.15,0.85,0.15,0.85,3,1,6,"continuous",0.0179,28,1,1,1,0,0,2,0.04,0.1,0.0938,0.1709,46.5043,0.1374,NA,NA,0.2,14.2,4.191,4.191,0,30,30,0,0,0,1664.1234,1000,1000
277,18,3,"five_scenarios_txt",1,5,5,0.3,"one_stage",30,30,30,30,"CRM","previous_dose_additive","previous_dose",0.15,0.85,"previous_dose_additive",0.5,0.5,0.15,0.85,0.15,0.85,3,1,6,"continuous",0.0179,28,1,1,1,0,0,3,0.1,0.15,0.1626,0.1851,44.6041,0.1374,NA,NA,2.1,9.2,5.292,5.292,0,30,30,0,0,0,1664.1234,1000,1000
277,18,3,"five_scenarios_txt",1,5,5,0.3,"one_stage",30,30,30,30,"CRM","previous_dose_additive","previous_dose",0.15,0.85,"previous_dose_additive",0.5,0.5,0.15,0.85,0.15,0.85,3,1,6,"continuous",0.0179,28,1,1,1,0,0,4,0.2,0.2,0.2018,0.2157,44.868,0.1374,NA,NA,22.4,11.6,6.999,6.999,0,30,30,0,0,0,1664.1234,1000,1000
277,18,3,"five_scenarios_txt",1,5,5,0.3,"one_stage",30,30,30,30,"CRM","previous_dose_additive","previous_dose",0.15,0.85,"previous_dose_additive",0.5,0.5,0.15,0.85,0.15,0.85,3,1,6,"continuous",0.0179,28,1,1,1,0,0,5,0.35,0.5,0.2896,0.4637,56.2407,0.1374,NA,NA,75.3,46.5,9.948,9.948,0,30,30,0,0,0,1664.1234,1000,1000
278,19,4,"five_scenarios_txt",1,2,2,0.3,"one_stage",30,30,30,30,"CRM","previous_dose_additive","previous_dose",0.15,0.85,"previous_dose_additive",0.5,0.5,0.15,0.85,0.15,0.85,3,1,6,"continuous",0.0179,28,1,1,1,0,0,1,0.11,0.08,0.204,0.131,39.6978,0.1359,NA,NA,10.6,18.7,8.514,8.514,0,29.802,29.802,0,0,3.4,1652.9209,1000,1000
278,19,4,"five_scenarios_txt",1,2,2,0.3,"one_stage",30,30,30,30,"CRM","previous_dose_additive","previous_dose",0.15,0.85,"previous_dose_additive",0.5,0.5,0.15,0.85,0.15,0.85,3,1,6,"continuous",0.0179,28,1,1,1,0,0,2,0.26,0.3,0.2563,0.2912,47.2231,0.1359,NA,NA,49,60.2,12.984,12.984,0,29.802,29.802,0,0,3.4,1652.9209,1000,1000
278,19,4,"five_scenarios_txt",1,2,2,0.3,"one_stage",30,30,30,30,"CRM","previous_dose_additive","previous_dose",0.15,0.85,"previous_dose_additive",0.5,0.5,0.15,0.85,0.15,0.85,3,1,6,"continuous",0.0179,28,1,1,1,0,0,3,0.39,0.32,0.356,0.3592,47.3145,0.1359,NA,NA,33.9,15.8,5.988,5.988,0,29.802,29.802,0,0,3.4,1652.9209,1000,1000
278,19,4,"five_scenarios_txt",1,2,2,0.3,"one_stage",30,30,30,30,"CRM","previous_dose_additive","previous_dose",0.15,0.85,"previous_dose_additive",0.5,0.5,0.15,0.85,0.15,0.85,3,1,6,"continuous",0.0179,28,1,1,1,0,0,4,0.6,0.35,0.4043,0.4419,50.3422,0.1359,NA,NA,6.5,1.9,2.001,2.001,0,29.802,29.802,0,0,3.4,1652.9209,1000,1000
278,19,4,"five_scenarios_txt",1,2,2,0.3,"one_stage",30,30,30,30,"CRM","previous_dose_additive","previous_dose",0.15,0.85,"previous_dose_additive",0.5,0.5,0.15,0.85,0.15,0.85,3,1,6,"continuous",0.0179,28,1,1,1,0,0,5,0.77,0.4,0.4991,0.4932,49.6279,0.1359,NA,NA,0,0,0.315,0.315,0,29.802,29.802,0,0,3.4,1652.9209,1000,1000
279,20,5,"five_scenarios_txt",1,3,2,0.3,"one_stage",30,30,30,30,"CRM","previous_dose_additive","previous_dose",0.15,0.85,"previous_dose_additive",0.5,0.5,0.15,0.85,0.15,0.85,3,1,6,"continuous",0.0179,28,1,1,1,0,0,1,0.07,0.05,0.1424,0.1328,42.2711,0.1396,NA,NA,0.8,12.5,5.184,5.184,0,29.943,29.943,0,0,0.6,1661.0141,1000,1000
279,20,5,"five_scenarios_txt",1,3,2,0.3,"one_stage",30,30,30,30,"CRM","previous_dose_additive","previous_dose",0.15,0.85,"previous_dose_additive",0.5,0.5,0.15,0.85,0.15,0.85,3,1,6,"continuous",0.0179,28,1,1,1,0,0,2,0.14,0.25,0.1876,0.2449,47.1884,0.1396,NA,NA,13.1,51.6,10.536,10.536,0,29.943,29.943,0,0,0.6,1661.0141,1000,1000
279,20,5,"five_scenarios_txt",1,3,2,0.3,"one_stage",30,30,30,30,"CRM","previous_dose_additive","previous_dose",0.15,0.85,"previous_dose_additive",0.5,0.5,0.15,0.85,0.15,0.85,3,1,6,"continuous",0.0179,28,1,1,1,0,0,3,0.31,0.25,0.2798,0.2559,44.1622,0.1396,NA,NA,44.8,24.4,7.935,7.935,0,29.943,29.943,0,0,0.6,1661.0141,1000,1000
279,20,5,"five_scenarios_txt",1,3,2,0.3,"one_stage",30,30,30,30,"CRM","previous_dose_additive","previous_dose",0.15,0.85,"previous_dose_additive",0.5,0.5,0.15,0.85,0.15,0.85,3,1,6,"continuous",0.0179,28,1,1,1,0,0,4,0.41,0.25,0.3268,0.3341,46.9719,0.1396,NA,NA,33.2,9.6,4.704,4.704,0,29.943,29.943,0,0,0.6,1661.0141,1000,1000
279,20,5,"five_scenarios_txt",1,3,2,0.3,"one_stage",30,30,30,30,"CRM","previous_dose_additive","previous_dose",0.15,0.85,"previous_dose_additive",0.5,0.5,0.15,0.85,0.15,0.85,3,1,6,"continuous",0.0179,28,1,1,1,0,0,5,0.52,0.25,0.423,0.4219,48.3927,0.1396,NA,NA,8.1,1.3,1.584,1.584,0,29.943,29.943,0,0,0.6,1661.0141,1000,1000
280,21,1,"five_scenarios_txt",1,1,1,0.3,"one_stage",30,30,30,30,"CRM","previous_dose_additive","previous_dose",0.15,0.85,"previous_dose_additive",0.5,0.5,0.15,0.85,0.15,0.85,3,1,6,"continuous",0.0179,28,1,1,1,0,0,1,0.37,0.5,0.4379,0.5004,52.5035,0.1382,NA,NA,56.5,56.8,20.217,20.217,0,22.857,22.857,39.4,41.7,41.7,1263.5519,1000,1000
280,21,1,"five_scenarios_txt",1,1,1,0.3,"one_stage",30,30,30,30,"CRM","previous_dose_additive","previous_dose",0.15,0.85,"previous_dose_additive",0.5,0.5,0.15,0.85,0.15,0.85,3,1,6,"continuous",0.0179,28,1,1,1,0,0,2,0.56,0.5,0.4916,0.4917,49.8402,0.1382,NA,NA,4.1,1.5,2.415,2.415,0,22.857,22.857,39.4,41.7,41.7,1263.5519,1000,1000
280,21,1,"five_scenarios_txt",1,1,1,0.3,"one_stage",30,30,30,30,"CRM","previous_dose_additive","previous_dose",0.15,0.85,"previous_dose_additive",0.5,0.5,0.15,0.85,0.15,0.85,3,1,6,"continuous",0.0179,28,1,1,1,0,0,3,0.69,0.5,0.5818,0.4989,46.6623,0.1382,NA,NA,0,0,0.195,0.195,0,22.857,22.857,39.4,41.7,41.7,1263.5519,1000,1000
280,21,1,"five_scenarios_txt",1,1,1,0.3,"one_stage",30,30,30,30,"CRM","previous_dose_additive","previous_dose",0.15,0.85,"previous_dose_additive",0.5,0.5,0.15,0.85,0.15,0.85,3,1,6,"continuous",0.0179,28,1,1,1,0,0,4,0.83,0.5,0.6214,0.4999,45.1372,0.1382,NA,NA,0,0,0.03,0.03,0,22.857,22.857,39.4,41.7,41.7,1263.5519,1000,1000
280,21,1,"five_scenarios_txt",1,1,1,0.3,"one_stage",30,30,30,30,"CRM","previous_dose_additive","previous_dose",0.15,0.85,"previous_dose_additive",0.5,0.5,0.15,0.85,0.15,0.85,3,1,6,"continuous",0.0179,28,1,1,1,0,0,5,0.88,0.5,0.6933,0.5001,42.2713,0.1382,NA,NA,0,0,0,0,0,22.857,22.857,39.4,41.7,41.7,1263.5519,1000,1000
281,22,2,"five_scenarios_txt",1,2,2,0.3,"one_stage",30,30,30,30,"CRM","previous_dose_additive","previous_dose",0.15,0.85,"previous_dose_additive",0.5,0.5,0.15,0.85,0.15,0.85,3,1,6,"continuous",0.0179,28,1,1,1,0,0,1,0.07,0.08,0.2035,0.1253,39.3783,0.1358,NA,NA,7.2,21.5,9.492,9.492,0,29.892,29.892,0,0,2.2,1658.2782,1000,1000
281,22,2,"five_scenarios_txt",1,2,2,0.3,"one_stage",30,30,30,30,"CRM","previous_dose_additive","previous_dose",0.15,0.85,"previous_dose_additive",0.5,0.5,0.15,0.85,0.15,0.85,3,1,6,"continuous",0.0179,28,1,1,1,0,0,2,0.27,0.25,0.2559,0.2472,44.6005,0.1358,NA,NA,53.3,62.7,13.002,13.002,0,29.892,29.892,0,0,2.2,1658.2782,1000,1000
281,22,2,"five_scenarios_txt",1,2,2,0.3,"one_stage",30,30,30,30,"CRM","previous_dose_additive","previous_dose",0.15,0.85,"previous_dose_additive",0.5,0.5,0.15,0.85,0.15,0.85,3,1,6,"continuous",0.0179,28,1,1,1,0,0,3,0.5,0.25,0.3557,0.3031,43.9561,0.1358,NA,NA,35.3,11,5.244,5.244,0,29.892,29.892,0,0,2.2,1658.2782,1000,1000
281,22,2,"five_scenarios_txt",1,2,2,0.3,"one_stage",30,30,30,30,"CRM","previous_dose_additive","previous_dose",0.15,0.85,"previous_dose_additive",0.5,0.5,0.15,0.85,0.15,0.85,3,1,6,"continuous",0.0179,28,1,1,1,0,0,4,0.56,0.5,0.4041,0.4989,53.7701,0.1358,NA,NA,4.2,2.6,1.971,1.971,0,29.892,29.892,0,0,2.2,1658.2782,1000,1000
281,22,2,"five_scenarios_txt",1,2,2,0.3,"one_stage",30,30,30,30,"CRM","previous_dose_additive","previous_dose",0.15,0.85,"previous_dose_additive",0.5,0.5,0.15,0.85,0.15,0.85,3,1,6,"continuous",0.0179,28,1,1,1,0,0,5,0.78,0.5,0.499,0.4964,49.8234,0.1358,NA,NA,0,0,0.183,0.183,0,29.892,29.892,0,0,2.2,1658.2782,1000,1000
282,23,3,"five_scenarios_txt",1,1,1,0.3,"one_stage",30,30,30,30,"CRM","previous_dose_additive","previous_dose",0.15,0.85,"previous_dose_additive",0.5,0.5,0.15,0.85,0.15,0.85,3,1,6,"continuous",0.0179,28,1,1,1,0,0,1,0.32,0.05,0.4042,0.077,28.4525,0.1366,NA,NA,66.4,20.2,15.927,15.927,0,21.156,21.156,25.1,26.4,75.3,1170.5577,1000,1000
282,23,3,"five_scenarios_txt",1,1,1,0.3,"one_stage",30,30,30,30,"CRM","previous_dose_additive","previous_dose",0.15,0.85,"previous_dose_additive",0.5,0.5,0.15,0.85,0.15,0.85,3,1,6,"continuous",0.0179,28,1,1,1,0,0,2,0.55,0.05,0.4588,0.1539,30.8796,0.1366,NA,NA,8.5,4.5,4.422,4.422,0,21.156,21.156,25.1,26.4,75.3,1170.5577,1000,1000
282,23,3,"five_scenarios_txt",1,1,1,0.3,"one_stage",30,30,30,30,"CRM","previous_dose_additive","previous_dose",0.15,0.85,"previous_dose_additive",0.5,0.5,0.15,0.85,0.15,0.85,3,1,6,"continuous",0.0179,28,1,1,1,0,0,3,0.8,0.05,0.552,0.4345,43.9887,0.1366,NA,NA,0,0,0.687,0.687,0,21.156,21.156,25.1,26.4,75.3,1170.5577,1000,1000
282,23,3,"five_scenarios_txt",1,1,1,0.3,"one_stage",30,30,30,30,"CRM","previous_dose_additive","previous_dose",0.15,0.85,"previous_dose_additive",0.5,0.5,0.15,0.85,0.15,0.85,3,1,6,"continuous",0.0179,28,1,1,1,0,0,4,0.94,0.05,0.5934,0.4873,45.5023,0.1366,NA,NA,0,0,0.12,0.12,0,21.156,21.156,25.1,26.4,75.3,1170.5577,1000,1000
282,23,3,"five_scenarios_txt",1,1,1,0.3,"one_stage",30,30,30,30,"CRM","previous_dose_additive","previous_dose",0.15,0.85,"previous_dose_additive",0.5,0.5,0.15,0.85,0.15,0.85,3,1,6,"continuous",0.0179,28,1,1,1,0,0,5,0.97,0.05,0.6692,0.4998,43.221,0.1366,NA,NA,0,0,0,0,0,21.156,21.156,25.1,26.4,75.3,1170.5577,1000,1000
283,24,4,"five_scenarios_txt",1,5,4,0.3,"one_stage",30,30,30,30,"CRM","previous_dose_additive","previous_dose",0.15,0.85,"previous_dose_additive",0.5,0.5,0.15,0.85,0.15,0.85,3,1,6,"continuous",0.0179,28,1,1,1,0,0,1,0.01,0.05,0.0289,0.1609,48.4949,0.1372,NA,NA,0,3.9,3.12,3.12,0,30,30,0,0,0,1664.1426,1000,1000
283,24,4,"five_scenarios_txt",1,5,4,0.3,"one_stage",30,30,30,30,"CRM","previous_dose_additive","previous_dose",0.15,0.85,"previous_dose_additive",0.5,0.5,0.15,0.85,0.15,0.85,3,1,6,"continuous",0.0179,28,1,1,1,0,0,2,0.02,0.08,0.046,0.175,48.6632,0.1372,NA,NA,0.1,3.4,3.177,3.177,0,30,30,0,0,0,1664.1426,1000,1000
283,24,4,"five_scenarios_txt",1,5,4,0.3,"one_stage",30,30,30,30,"CRM","previous_dose_additive","previous_dose",0.15,0.85,"previous_dose_additive",0.5,0.5,0.15,0.85,0.15,0.85,3,1,6,"continuous",0.0179,28,1,1,1,0,0,3,0.05,0.2,0.0913,0.2371,50.5772,0.1372,NA,NA,0.1,4.6,4.062,4.062,0,30,30,0,0,0,1664.1426,1000,1000
283,24,4,"five_scenarios_txt",1,5,4,0.3,"one_stage",30,30,30,30,"CRM","previous_dose_additive","previous_dose",0.15,0.85,"previous_dose_additive",0.5,0.5,0.15,0.85,0.15,0.85,3,1,6,"continuous",0.0179,28,1,1,1,0,0,4,0.1,0.5,0.1198,0.4387,61.5262,0.1372,NA,NA,34.3,58.8,13.305,13.305,0,30,30,0,0,0,1664.1426,1000,1000
283,24,4,"five_scenarios_txt",1,5,4,0.3,"one_stage",30,30,30,30,"CRM","previous_dose_additive","previous_dose",0.15,0.85,"previous_dose_additive",0.5,0.5,0.15,0.85,0.15,0.85,3,1,6,"continuous",0.0179,28,1,1,1,0,0,5,0.25,0.5,0.1898,0.4594,59.971,0.1372,NA,NA,65.5,29.3,6.336,6.336,0,30,30,0,0,0,1664.1426,1000,1000
284,25,5,"five_scenarios_txt",2,3,3,0.3,"one_stage",30,30,30,30,"CRM","previous_dose_additive","previous_dose",0.15,0.85,"previous_dose_additive",0.5,0.5,0.15,0.85,0.15,0.85,3,1,6,"continuous",0.0179,28,1,1,1,0,0,1,0.09,0.2,0.172,0.2139,45.9528,0.1364,NA,NA,1.6,33.3,9.579,9.579,0,29.961,29.961,0,0.1,0.3,1661.231,1000,1000
284,25,5,"five_scenarios_txt",2,3,3,0.3,"one_stage",30,30,30,30,"CRM","previous_dose_additive","previous_dose",0.15,0.85,"previous_dose_additive",0.5,0.5,0.15,0.85,0.15,0.85,3,1,6,"continuous",0.0179,28,1,1,1,0,0,2,0.18,0.25,0.2212,0.2454,45.8785,0.1364,NA,NA,35.7,32.6,9.336,9.336,0,29.961,29.961,0,0.1,0.3,1661.231,1000,1000
284,25,5,"five_scenarios_txt",2,3,3,0.3,"one_stage",30,30,30,30,"CRM","previous_dose_additive","previous_dose",0.15,0.85,"previous_dose_additive",0.5,0.5,0.15,0.85,0.15,0.85,3,1,6,"continuous",0.0179,28,1,1,1,0,0,3,0.37,0.4,0.318,0.3933,50.8746,0.1364,NA,NA,52.4,28.4,8.304,8.304,0,29.961,29.961,0,0.1,0.3,1661.231,1000,1000
284,25,5,"five_scenarios_txt",2,3,3,0.3,"one_stage",30,30,30,30,"CRM","previous_dose_additive","previous_dose",0.15,0.85,"previous_dose_additive",0.5,0.5,0.15,0.85,0.15,0.85,3,1,6,"continuous",0.0179,28,1,1,1,0,0,4,0.63,0.45,0.3661,0.4802,54.1656,0.1364,NA,NA,10,5.4,2.448,2.448,0,29.961,29.961,0,0.1,0.3,1661.231,1000,1000
284,25,5,"five_scenarios_txt",2,3,3,0.3,"one_stage",30,30,30,30,"CRM","previous_dose_additive","previous_dose",0.15,0.85,"previous_dose_additive",0.5,0.5,0.15,0.85,0.15,0.85,3,1,6,"continuous",0.0179,28,1,1,1,0,0,5,0.77,0.5,0.4622,0.4962,51.2843,0.1364,NA,NA,0.3,0,0.294,0.294,0,29.961,29.961,0,0.1,0.3,1661.231,1000,1000
285,26,1,"higher_gap_above_MTD",1,3,3,0.3,"one_stage",30,30,30,30,"CRM","previous_dose_additive","previous_dose",0.15,0.85,"previous_dose_additive",0.5,0.5,0.15,0.85,0.15,0.85,3,1,6,"continuous",0.0179,28,1,1,1,0,0,1,0.15,0.1,0.1915,0.1427,40.9036,0.1419,NA,NA,8.1,27.5,9.609,9.609,0,29.64,29.64,0.3,0.4,4.1,1644.6537,1000,1000
285,26,1,"higher_gap_above_MTD",1,3,3,0.3,"one_stage",30,30,30,30,"CRM","previous_dose_additive","previous_dose",0.15,0.85,"previous_dose_additive",0.5,0.5,0.15,0.85,0.15,0.85,3,1,6,"continuous",0.0179,28,1,1,1,0,0,2,0.22,0.2,0.2422,0.2106,42.9516,0.1419,NA,NA,38.9,36.4,8.994,8.994,0,29.64,29.64,0.3,0.4,4.1,1644.6537,1000,1000
285,26,1,"higher_gap_above_MTD",1,3,3,0.3,"one_stage",30,30,30,30,"CRM","previous_dose_additive","previous_dose",0.15,0.85,"previous_dose_additive",0.5,0.5,0.15,0.85,0.15,0.85,3,1,6,"continuous",0.0179,28,1,1,1,0,0,3,0.3,0.35,0.3402,0.3743,48.8508,0.1419,NA,NA,41.2,26.4,7.869,7.869,0,29.64,29.64,0.3,0.4,4.1,1644.6537,1000,1000
285,26,1,"higher_gap_above_MTD",1,3,3,0.3,"one_stage",30,30,30,30,"CRM","previous_dose_additive","previous_dose",0.15,0.85,"previous_dose_additive",0.5,0.5,0.15,0.85,0.15,0.85,3,1,6,"continuous",0.0179,28,1,1,1,0,0,4,0.62,0.45,0.3882,0.474,52.9113,0.1419,NA,NA,11.3,5.5,2.817,2.817,0,29.64,29.64,0.3,0.4,4.1,1644.6537,1000,1000
285,26,1,"higher_gap_above_MTD",1,3,3,0.3,"one_stage",30,30,30,30,"CRM","previous_dose_additive","previous_dose",0.15,0.85,"previous_dose_additive",0.5,0.5,0.15,0.85,0.15,0.85,3,1,6,"continuous",0.0179,28,1,1,1,0,0,5,0.8,0.55,0.4833,0.4998,50.658,0.1419,NA,NA,0.2,0.1,0.351,0.351,0,29.64,29.64,0.3,0.4,4.1,1644.6537,1000,1000
286,27,2,"higher_gap_above_MTD",1,3,3,0.3,"one_stage",30,30,30,30,"CRM","previous_dose_additive","previous_dose",0.15,0.85,"previous_dose_additive",0.5,0.5,0.15,0.85,0.15,0.85,3,1,6,"continuous",0.0179,28,1,1,1,0,0,1,0.11,0.1,0.163,0.1557,42.8196,0.1386,NA,NA,2.5,20.3,7.185,7.185,0,29.922,29.922,0,0,1.1,1659.3188,1000,1000
286,27,2,"higher_gap_above_MTD",1,3,3,0.3,"one_stage",30,30,30,30,"CRM","previous_dose_additive","previous_dose",0.15,0.85,"previous_dose_additive",0.5,0.5,0.15,0.85,0.15,0.85,3,1,6,"continuous",0.0179,28,1,1,1,0,0,2,0.17,0.2,0.2111,0.212,44.276,0.1386,NA,NA,23.5,27.1,8.304,8.304,0,29.922,29.922,0,0,1.1,1659.3188,1000,1000
286,27,2,"higher_gap_above_MTD",1,3,3,0.3,"one_stage",30,30,30,30,"CRM","previous_dose_additive","previous_dose",0.15,0.85,"previous_dose_additive",0.5,0.5,0.15,0.85,0.15,0.85,3,1,6,"continuous",0.0179,28,1,1,1,0,0,3,0.3,0.4,0.3066,0.3848,50.8254,0.1386,NA,NA,52.2,42,10.011,10.011,0,29.922,29.922,0,0,1.1,1659.3188,1000,1000
286,27,2,"higher_gap_above_MTD",1,3,3,0.3,"one_stage",30,30,30,30,"CRM","previous_dose_additive","previous_dose",0.15,0.85,"previous_dose_additive",0.5,0.5,0.15,0.85,0.15,0.85,3,1,6,"continuous",0.0179,28,1,1,1,0,0,4,0.5,0.42,0.3544,0.4532,53.0166,0.1386,NA,NA,20,9.3,3.717,3.717,0,29.922,29.922,0,0,1.1,1659.3188,1000,1000
286,27,2,"higher_gap_above_MTD",1,3,3,0.3,"one_stage",30,30,30,30,"CRM","previous_dose_additive","previous_dose",0.15,0.85,"previous_dose_additive",0.5,0.5,0.15,0.85,0.15,0.85,3,1,6,"continuous",0.0179,28,1,1,1,0,0,5,0.62,0.45,0.4506,0.4868,51.1831,0.1386,NA,NA,1.8,0.2,0.705,0.705,0,29.922,29.922,0,0,1.1,1659.3188,1000,1000
287,28,3,"higher_gap_above_MTD",1,2,2,0.3,"one_stage",30,30,30,30,"CRM","previous_dose_additive","previous_dose",0.15,0.85,"previous_dose_additive",0.5,0.5,0.15,0.85,0.15,0.85,3,1,6,"continuous",0.0179,28,1,1,1,0,0,1,0.2,0.05,0.2593,0.0949,35.3238,0.1375,NA,NA,34.9,21.2,11.415,11.415,0,28.056,28.056,2.5,2.6,21.9,1556.2705,1000,1000
287,28,3,"higher_gap_above_MTD",1,2,2,0.3,"one_stage",30,30,30,30,"CRM","previous_dose_additive","previous_dose",0.15,0.85,"previous_dose_additive",0.5,0.5,0.15,0.85,0.15,0.85,3,1,6,"continuous",0.0179,28,1,1,1,0,0,2,0.3,0.3,0.3142,0.3089,45.9667,0.1375,NA,NA,45.7,50.1,11.757,11.757,0,28.056,28.056,2.5,2.6,21.9,1556.2705,1000,1000
287,28,3,"higher_gap_above_MTD",1,2,2,0.3,"one_stage",30,30,30,30,"CRM","previous_dose_additive","previous_dose",0.15,0.85,"previous_dose_additive",0.5,0.5,0.15,0.85,0.15,0.85,3,1,6,"continuous",0.0179,28,1,1,1,0,0,3,0.5,0.32,0.415,0.404,47.6401,0.1375,NA,NA,15.4,6.6,3.717,3.717,0,28.056,28.056,2.5,2.6,21.9,1556.2705,1000,1000
287,28,3,"higher_gap_above_MTD",1,2,2,0.3,"one_stage",30,30,30,30,"CRM","previous_dose_additive","previous_dose",0.15,0.85,"previous_dose_additive",0.5,0.5,0.15,0.85,0.15,0.85,3,1,6,"continuous",0.0179,28,1,1,1,0,0,4,0.6,0.35,0.4623,0.4671,49.532,0.1375,NA,NA,1.5,0.2,1.047,1.047,0,28.056,28.056,2.5,2.6,21.9,1556.2705,1000,1000
287,28,3,"higher_gap_above_MTD",1,2,2,0.3,"one_stage",30,30,30,30,"CRM","previous_dose_additive","previous_dose",0.15,0.85,"previous_dose_additive",0.5,0.5,0.15,0.85,0.15,0.85,3,1,6,"continuous",0.0179,28,1,1,1,0,0,5,0.77,0.4,0.5529,0.4965,47.676,0.1375,NA,NA,0,0,0.12,0.12,0,28.056,28.056,2.5,2.6,21.9,1556.2705,1000,1000
288,29,4,"higher_gap_above_MTD",1,2,1,0.3,"one_stage",30,30,30,30,"CRM","previous_dose_additive","previous_dose",0.15,0.85,"previous_dose_additive",0.5,0.5,0.15,0.85,0.15,0.85,3,1,6,"continuous",0.0179,28,1,1,1,0,0,1,0.19,0.4,0.2357,0.3837,53.5936,0.14,NA,NA,26.9,67.2,18.498,18.498,0,29.52,29.52,2.1,2.5,2.5,1637.7988,1000,1000
288,29,4,"higher_gap_above_MTD",1,2,1,0.3,"one_stage",30,30,30,30,"CRM","previous_dose_additive","previous_dose",0.15,0.85,"previous_dose_additive",0.5,0.5,0.15,0.85,0.15,0.85,3,1,6,"continuous",0.0179,28,1,1,1,0,0,2,0.3,0.4,0.2893,0.3884,51.7283,0.14,NA,NA,60.7,27.4,8.439,8.439,0,29.52,29.52,2.1,2.5,2.5,1637.7988,1000,1000
288,29,4,"higher_gap_above_MTD",1,2,1,0.3,"one_stage",30,30,30,30,"CRM","previous_dose_additive","previous_dose",0.15,0.85,"previous_dose_additive",0.5,0.5,0.15,0.85,0.15,0.85,3,1,6,"continuous",0.0179,28,1,1,1,0,0,3,0.56,0.4,0.3895,0.4611,52.0815,0.14,NA,NA,9.6,2.7,2.118,2.118,0,29.52,29.52,2.1,2.5,2.5,1637.7988,1000,1000
288,29,4,"higher_gap_above_MTD",1,2,1,0.3,"one_stage",30,30,30,30,"CRM","previous_dose_additive","previous_dose",0.15,0.85,"previous_dose_additive",0.5,0.5,0.15,0.85,0.15,0.85,3,1,6,"continuous",0.0179,28,1,1,1,0,0,4,0.74,0.4,0.4373,0.4914,51.9902,0.14,NA,NA,0.7,0.2,0.438,0.438,0,29.52,29.52,2.1,2.5,2.5,1637.7988,1000,1000
288,29,4,"higher_gap_above_MTD",1,2,1,0.3,"one_stage",30,30,30,30,"CRM","previous_dose_additive","previous_dose",0.15,0.85,"previous_dose_additive",0.5,0.5,0.15,0.85,0.15,0.85,3,1,6,"continuous",0.0179,28,1,1,1,0,0,5,0.86,0.4,0.5296,0.499,48.7556,0.14,NA,NA,0,0,0.027,0.027,0,29.52,29.52,2.1,2.5,2.5,1637.7988,1000,1000
289,30,5,"higher_gap_above_MTD",1,4,4,0.3,"one_stage",30,30,30,30,"CRM","previous_dose_additive","previous_dose",0.15,0.85,"previous_dose_additive",0.5,0.5,0.15,0.85,0.15,0.85,3,1,6,"continuous",0.0179,28,1,1,1,0,0,1,0.05,0.12,0.1002,0.1897,47.373,0.1392,NA,NA,0.1,25.9,4.584,4.584,0,30,30,0,0,0,1664.1142,1000,1000
289,30,5,"higher_gap_above_MTD",1,4,4,0.3,"one_stage",30,30,30,30,"CRM","previous_dose_additive","previous_dose",0.15,0.85,"previous_dose_additive",0.5,0.5,0.15,0.85,0.15,0.85,3,1,6,"continuous",0.0179,28,1,1,1,0,0,2,0.08,0.15,0.1383,0.1974,46.3098,0.1392,NA,NA,2.1,15.2,5.091,5.091,0,30,30,0,0,0,1664.1142,1000,1000
289,30,5,"higher_gap_above_MTD",1,4,4,0.3,"one_stage",30,30,30,30,"CRM","previous_dose_additive","previous_dose",0.15,0.85,"previous_dose_additive",0.5,0.5,0.15,0.85,0.15,0.85,3,1,6,"continuous",0.0179,28,1,1,1,0,0,3,0.17,0.2,0.2211,0.22,44.3556,0.1392,NA,NA,14.1,10.8,6.087,6.087,0,30,30,0,0,0,1664.1142,1000,1000
289,30,5,"higher_gap_above_MTD",1,4,4,0.3,"one_stage",30,30,30,30,"CRM","previous_dose_additive","previous_dose",0.15,0.85,"previous_dose_additive",0.5,0.5,0.15,0.85,0.15,0.85,3,1,6,"continuous",0.0179,28,1,1,1,0,0,4,0.27,0.4,0.2654,0.3873,52.6248,0.1392,NA,NA,58.1,39.1,10.299,10.299,0,30,30,0,0,0,1664.1142,1000,1000
289,30,5,"higher_gap_above_MTD",1,4,4,0.3,"one_stage",30,30,30,30,"CRM","previous_dose_additive","previous_dose",0.15,0.85,"previous_dose_additive",0.5,0.5,0.15,0.85,0.15,0.85,3,1,6,"continuous",0.0179,28,1,1,1,0,0,5,0.54,0.5,0.3597,0.4776,54.2653,0.1392,NA,NA,25.6,9,3.939,3.939,0,30,30,0,0,0,1664.1142,1000,1000
290,31,6,"higher_gap_above_MTD",1,4,2,0.3,"one_stage",30,30,30,30,"CRM","previous_dose_additive","previous_dose",0.15,0.85,"previous_dose_additive",0.5,0.5,0.15,0.85,0.15,0.85,3,1,6,"continuous",0.0179,28,1,1,1,0,0,1,0.04,0.2,0.0577,0.2476,52.5478,0.1379,NA,NA,0,6.4,3.819,3.819,0,30,30,0,0,0,1664.1388,1000,1000
290,31,6,"higher_gap_above_MTD",1,4,2,0.3,"one_stage",30,30,30,30,"CRM","previous_dose_additive","previous_dose",0.15,0.85,"previous_dose_additive",0.5,0.5,0.15,0.85,0.15,0.85,3,1,6,"continuous",0.0179,28,1,1,1,0,0,2,0.06,0.5,0.0842,0.416,61.589,0.1379,NA,NA,29.6,42.4,12.372,12.372,0,30,30,0,0,0,1664.1388,1000,1000
290,31,6,"higher_gap_above_MTD",1,4,2,0.3,"one_stage",30,30,30,30,"CRM","previous_dose_additive","previous_dose",0.15,0.85,"previous_dose_additive",0.5,0.5,0.15,0.85,0.15,0.85,3,1,6,"continuous",0.0179,28,1,1,1,0,0,3,0.1,0.5,0.1472,0.4469,60.9292,0.1379,NA,NA,25.3,27,7.23,7.23,0,30,30,0,0,0,1664.1388,1000,1000
290,31,6,"higher_gap_above_MTD",1,4,2,0.3,"one_stage",30,30,30,30,"CRM","previous_dose_additive","previous_dose",0.15,0.85,"previous_dose_additive",0.5,0.5,0.15,0.85,0.15,0.85,3,1,6,"continuous",0.0179,28,1,1,1,0,0,4,0.2,0.5,0.1834,0.4774,61.3064,0.1379,NA,NA,30.6,20.2,5.169,5.169,0,30,30,0,0,0,1664.1388,1000,1000
290,31,6,"higher_gap_above_MTD",1,4,2,0.3,"one_stage",30,30,30,30,"CRM","previous_dose_additive","previous_dose",0.15,0.85,"previous_dose_additive",0.5,0.5,0.15,0.85,0.15,0.85,3,1,6,"continuous",0.0179,28,1,1,1,0,0,5,0.6,0.5,0.2657,0.4934,58.9798,0.1379,NA,NA,14.5,4,1.41,1.41,0,30,30,0,0,0,1664.1388,1000,1000
291,32,1,"higher_gap_below_MTD",1,4,3,0.3,"one_stage",30,30,30,30,"CRM","previous_dose_additive","previous_dose",0.15,0.85,"previous_dose_additive",0.5,0.5,0.15,0.85,0.15,0.85,3,1,6,"continuous",0.0179,28,1,1,1,0,0,1,0.02,0.08,0.074,0.1733,47.4384,0.1385,NA,NA,0,19.1,3.582,3.582,0,30,30,0,0,0,1664.1258,1000,1000
291,32,1,"higher_gap_below_MTD",1,4,3,0.3,"one_stage",30,30,30,30,"CRM","previous_dose_additive","previous_dose",0.15,0.85,"previous_dose_additive",0.5,0.5,0.15,0.85,0.15,0.85,3,1,6,"continuous",0.0179,28,1,1,1,0,0,2,0.05,0.15,0.1057,0.197,47.5931,0.1385,NA,NA,0.4,16.9,4.539,4.539,0,30,30,0,0,0,1664.1258,1000,1000
291,32,1,"higher_gap_below_MTD",1,4,3,0.3,"one_stage",30,30,30,30,"CRM","previous_dose_additive","previous_dose",0.15,0.85,"previous_dose_additive",0.5,0.5,0.15,0.85,0.15,0.85,3,1,6,"continuous",0.0179,28,1,1,1,0,0,3,0.11,0.3,0.1781,0.2789,49.6075,0.1385,NA,NA,7.2,33.1,8.943,8.943,0,30,30,0,0,0,1664.1258,1000,1000
291,32,1,"higher_gap_below_MTD",1,4,3,0.3,"one_stage",30,30,30,30,"CRM","previous_dose_additive","previous_dose",0.15,0.85,"previous_dose_additive",0.5,0.5,0.15,0.85,0.15,0.85,3,1,6,"continuous",0.0179,28,1,1,1,0,0,4,0.3,0.3,0.2186,0.2955,48.9832,0.1385,NA,NA,41.3,23,8.46,8.46,0,30,30,0,0,0,1664.1258,1000,1000
291,32,1,"higher_gap_below_MTD",1,4,3,0.3,"one_stage",30,30,30,30,"CRM","previous_dose_additive","previous_dose",0.15,0.85,"previous_dose_additive",0.5,0.5,0.15,0.85,0.15,0.85,3,1,6,"continuous",0.0179,28,1,1,1,0,0,5,0.36,0.3,0.308,0.3567,49.0811,0.1385,NA,NA,51.1,7.9,4.476,4.476,0,30,30,0,0,0,1664.1258,1000,1000
292,33,2,"higher_gap_below_MTD",1,4,4,0.3,"one_stage",30,30,30,30,"CRM","previous_dose_additive","previous_dose",0.15,0.85,"previous_dose_additive",0.5,0.5,0.15,0.85,0.15,0.85,3,1,6,"continuous",0.0179,28,1,1,1,0,0,1,0.01,0.05,0.0838,0.1564,46.0294,0.1382,NA,NA,0,12.9,3.459,3.459,0,30,30,0,0,0,1664.1105,1000,1000
292,33,2,"higher_gap_below_MTD",1,4,4,0.3,"one_stage",30,30,30,30,"CRM","previous_dose_additive","previous_dose",0.15,0.85,"previous_dose_additive",0.5,0.5,0.15,0.85,0.15,0.85,3,1,6,"continuous",0.0179,28,1,1,1,0,0,2,0.02,0.08,0.1182,0.1628,45.0383,0.1382,NA,NA,0.2,7.8,3.81,3.81,0,30,30,0,0,0,1664.1105,1000,1000
292,33,2,"higher_gap_below_MTD",1,4,4,0.3,"one_stage",30,30,30,30,"CRM","previous_dose_additive","previous_dose",0.15,0.85,"previous_dose_additive",0.5,0.5,0.15,0.85,0.15,0.85,3,1,6,"continuous",0.0179,28,1,1,1,0,0,3,0.09,0.2,0.195,0.2178,45.2714,0.1382,NA,NA,6.8,11.4,6.135,6.135,0,30,30,0,0,0,1664.1105,1000,1000
292,33,2,"higher_gap_below_MTD",1,4,4,0.3,"one_stage",30,30,30,30,"CRM","previous_dose_additive","previous_dose",0.15,0.85,"previous_dose_additive",0.5,0.5,0.15,0.85,0.15,0.85,3,1,6,"continuous",0.0179,28,1,1,1,0,0,4,0.32,0.4,0.2372,0.3628,52.2785,0.1382,NA,NA,48.7,44,10.68,10.68,0,30,30,0,0,0,1664.1105,1000,1000
292,33,2,"higher_gap_below_MTD",1,4,4,0.3,"one_stage",30,30,30,30,"CRM","previous_dose_additive","previous_dose",0.15,0.85,"previous_dose_additive",0.5,0.5,0.15,0.85,0.15,0.85,3,1,6,"continuous",0.0179,28,1,1,1,0,0,5,0.38,0.5,0.3289,0.4711,55.1103,0.1382,NA,NA,44.3,23.9,5.916,5.916,0,30,30,0,0,0,1664.1105,1000,1000
293,34,3,"higher_gap_below_MTD",1,3,3,0.3,"one_stage",30,30,30,30,"CRM","previous_dose_additive","previous_dose",0.15,0.85,"previous_dose_additive",0.5,0.5,0.15,0.85,0.15,0.85,3,1,6,"continuous",0.0179,28,1,1,1,0,0,1,0.05,0.05,0.1314,0.1328,42.7126,0.1375,NA,NA,0.4,18.4,5.769,5.769,0,29.979,29.979,0,0,0.4,1663.1058,1000,1000
293,34,3,"higher_gap_below_MTD",1,3,3,0.3,"one_stage",30,30,30,30,"CRM","previous_dose_additive","previous_dose",0.15,0.85,"previous_dose_additive",0.5,0.5,0.15,0.85,0.15,0.85,3,1,6,"continuous",0.0179,28,1,1,1,0,0,2,0.13,0.1,0.1749,0.1494,41.9689,0.1375,NA,NA,8.4,16.4,6.417,6.417,0,29.979,29.979,0,0,0.4,1663.1058,1000,1000
293,34,3,"higher_gap_below_MTD",1,3,3,0.3,"one_stage",30,30,30,30,"CRM","previous_dose_additive","previous_dose",0.15,0.85,"previous_dose_additive",0.5,0.5,0.15,0.85,0.15,0.85,3,1,6,"continuous",0.0179,28,1,1,1,0,0,3,0.3,0.3,0.2648,0.2876,46.6606,0.1375,NA,NA,40.6,44.1,9.615,9.615,0,29.979,29.979,0,0,0.4,1663.1058,1000,1000
293,34,3,"higher_gap_below_MTD",1,3,3,0.3,"one_stage",30,30,30,30,"CRM","previous_dose_additive","previous_dose",0.15,0.85,"previous_dose_additive",0.5,0.5,0.15,0.85,0.15,0.85,3,1,6,"continuous",0.0179,28,1,1,1,0,0,4,0.36,0.32,0.3113,0.3599,49.1444,0.1375,NA,NA,38.5,18.3,5.937,5.937,0,29.979,29.979,0,0,0.4,1663.1058,1000,1000
293,34,3,"higher_gap_below_MTD",1,3,3,0.3,"one_stage",30,30,30,30,"CRM","previous_dose_additive","previous_dose",0.15,0.85,"previous_dose_additive",0.5,0.5,0.15,0.85,0.15,0.85,3,1,6,"continuous",0.0179,28,1,1,1,0,0,5,0.42,0.35,0.4071,0.4428,50.2867,0.1375,NA,NA,12.1,2.4,2.241,2.241,0,29.979,29.979,0,0,0.4,1663.1058,1000,1000
294,35,4,"higher_gap_below_MTD",1,3,2,0.3,"one_stage",30,30,30,30,"CRM","previous_dose_additive","previous_dose",0.15,0.85,"previous_dose_additive",0.5,0.5,0.15,0.85,0.15,0.85,3,1,6,"continuous",0.0179,28,1,1,1,0,0,1,0.03,0.2,0.1109,0.2394,49.9311,0.1368,NA,NA,0,13,4.578,4.578,0,30,30,0,0,0,1664.117,1000,1000
294,35,4,"higher_gap_below_MTD",1,3,2,0.3,"one_stage",30,30,30,30,"CRM","previous_dose_additive","previous_dose",0.15,0.85,"previous_dose_additive",0.5,0.5,0.15,0.85,0.15,0.85,3,1,6,"continuous",0.0179,28,1,1,1,0,0,2,0.09,0.45,0.1502,0.3878,57.2617,0.1368,NA,NA,24.4,46.1,12.459,12.459,0,30,30,0,0,0,1664.117,1000,1000
294,35,4,"higher_gap_below_MTD",1,3,2,0.3,"one_stage",30,30,30,30,"CRM","previous_dose_additive","previous_dose",0.15,0.85,"previous_dose_additive",0.5,0.5,0.15,0.85,0.15,0.85,3,1,6,"continuous",0.0179,28,1,1,1,0,0,3,0.3,0.45,0.2339,0.4238,56.0714,0.1368,NA,NA,43.5,28.1,7.998,7.998,0,30,30,0,0,0,1664.117,1000,1000
294,35,4,"higher_gap_below_MTD",1,3,2,0.3,"one_stage",30,30,30,30,"CRM","previous_dose_additive","previous_dose",0.15,0.85,"previous_dose_additive",0.5,0.5,0.15,0.85,0.15,0.85,3,1,6,"continuous",0.0179,28,1,1,1,0,0,4,0.4,0.45,0.2781,0.461,56.5342,0.1368,NA,NA,24.9,10.3,3.795,3.795,0,30,30,0,0,0,1664.117,1000,1000
294,35,4,"higher_gap_below_MTD",1,3,2,0.3,"one_stage",30,30,30,30,"CRM","previous_dose_additive","previous_dose",0.15,0.85,"previous_dose_additive",0.5,0.5,0.15,0.85,0.15,0.85,3,1,6,"continuous",0.0179,28,1,1,1,0,0,5,0.45,0.45,0.3713,0.4873,54.3885,0.1368,NA,NA,7.2,2.5,1.17,1.17,0,30,30,0,0,0,1664.117,1000,1000
295,36,5,"higher_gap_below_MTD",1,2,2,0.3,"one_stage",30,30,30,30,"CRM","previous_dose_additive","previous_dose",0.15,0.85,"previous_dose_additive",0.5,0.5,0.15,0.85,0.15,0.85,3,1,6,"continuous",0.0179,28,1,1,1,0,0,1,0.13,0.05,0.1991,0.107,38.4577,0.1384,NA,NA,13.8,24.3,9.522,9.522,0,29.271,29.271,0.2,0.4,8.3,1625.2199,1000,1000
295,36,5,"higher_gap_below_MTD",1,2,2,0.3,"one_stage",30,30,30,30,"CRM","previous_dose_additive","previous_dose",0.15,0.85,"previous_dose_additive",0.5,0.5,0.15,0.85,0.15,0.85,3,1,6,"continuous",0.0179,28,1,1,1,0,0,2,0.29,0.2,0.2499,0.2098,42.5935,0.1384,NA,NA,40.4,48.3,10.236,10.236,0,29.271,29.271,0.2,0.4,8.3,1625.2199,1000,1000
295,36,5,"higher_gap_below_MTD",1,2,2,0.3,"one_stage",30,30,30,30,"CRM","previous_dose_additive","previous_dose",0.15,0.85,"previous_dose_additive",0.5,0.5,0.15,0.85,0.15,0.85,3,1,6,"continuous",0.0179,28,1,1,1,0,0,3,0.35,0.22,0.3476,0.3002,44.1071,0.1384,NA,NA,27.1,11.2,5.313,5.313,0,29.271,29.271,0.2,0.4,8.3,1625.2199,1000,1000
295,36,5,"higher_gap_below_MTD",1,2,2,0.3,"one_stage",30,30,30,30,"CRM","previous_dose_additive","previous_dose",0.15,0.85,"previous_dose_additive",0.5,0.5,0.15,0.85,0.15,0.85,3,1,6,"continuous",0.0179,28,1,1,1,0,0,4,0.4,0.3,0.3954,0.4072,48.6161,0.1384,NA,NA,14.3,6.7,3.198,3.198,0,29.271,29.271,0.2,0.4,8.3,1625.2199,1000,1000
295,36,5,"higher_gap_below_MTD",1,2,2,0.3,"one_stage",30,30,30,30,"CRM","previous_dose_additive","previous_dose",0.15,0.85,"previous_dose_additive",0.5,0.5,0.15,0.85,0.15,0.85,3,1,6,"continuous",0.0179,28,1,1,1,0,0,5,0.43,0.35,0.4895,0.4693,48.5785,0.1384,NA,NA,4.2,1.2,1.002,1.002,0,29.271,29.271,0.2,0.4,8.3,1625.2199,1000,1000
296,37,6,"higher_gap_below_MTD",1,2,2,0.3,"one_stage",30,30,30,30,"CRM","previous_dose_additive","previous_dose",0.15,0.85,"previous_dose_additive",0.5,0.5,0.15,0.85,0.15,0.85,3,1,6,"continuous",0.0179,28,1,1,1,0,0,1,0.08,0.05,0.1992,0.1044,38.2957,0.1391,NA,NA,10.3,25.2,9.291,9.291,0,29.718,29.718,0,0,4,1649.2272,1000,1000
296,37,6,"higher_gap_below_MTD",1,2,2,0.3,"one_stage",30,30,30,30,"CRM","previous_dose_additive","previous_dose",0.15,0.85,"previous_dose_additive",0.5,0.5,0.15,0.85,0.15,0.85,3,1,6,"continuous",0.0179,28,1,1,1,0,0,2,0.3,0.2,0.2508,0.2057,42.3098,0.1391,NA,NA,45.2,55.9,11.529,11.529,0,29.718,29.718,0,0,4,1649.2272,1000,1000
296,37,6,"higher_gap_below_MTD",1,2,2,0.3,"one_stage",30,30,30,30,"CRM","previous_dose_additive","previous_dose",0.15,0.85,"previous_dose_additive",0.5,0.5,0.15,0.85,0.15,0.85,3,1,6,"continuous",0.0179,28,1,1,1,0,0,3,0.4,0.2,0.3497,0.2787,42.7364,0.1391,NA,NA,32.5,11.9,5.367,5.367,0,29.718,29.718,0,0,4,1649.2272,1000,1000
296,37,6,"higher_gap_below_MTD",1,2,2,0.3,"one_stage",30,30,30,30,"CRM","previous_dose_additive","previous_dose",0.15,0.85,"previous_dose_additive",0.5,0.5,0.15,0.85,0.15,0.85,3,1,6,"continuous",0.0179,28,1,1,1,0,0,4,0.45,0.2,0.3978,0.3677,46.1462,0.1391,NA,NA,9.9,2.4,2.772,2.772,0,29.718,29.718,0,0,4,1649.2272,1000,1000
296,37,6,"higher_gap_below_MTD",1,2,2,0.3,"one_stage",30,30,30,30,"CRM","previous_dose_additive","previous_dose",0.15,0.85,"previous_dose_additive",0.5,0.5,0.15,0.85,0.15,0.85,3,1,6,"continuous",0.0179,28,1,1,1,0,0,5,0.5,0.2,0.4926,0.4487,47.2176,0.1391,NA,NA,2.1,0.6,0.759,0.759,0,29.718,29.718,0,0,4,1649.2272,1000,1000
