"Task_ID","Scenario","Source_Scenario","Scenario_Group","Scenario_Attempt","True_MTD","True_OBD","Target_Toxicity","Allocation","Nmax","Sample_Size","N_s1","N_s2","Model","Model_ID","Carryover_Model","CRM_r_Model","CRM_Prior_a","CRM_Prior_b","Efficacy_Model","Efficacy_Prior_a","Efficacy_Prior_b","Efficacy_Carryover_Prior_a","Efficacy_Carryover_Prior_b","Efficacy_Additive_Alpha_Prior_a","Efficacy_Additive_Alpha_Prior_b","Utility_Type","Lambda_T","Stage2_Allocation","Enrollment_Scheme","Arrival_Rate","T_assess","Cycle_Max","IPDE_Dose_Assignment","Toxicity_IPDE_Alpha","Efficacy_IPDE_Alpha","Efficacy_Threshold","Futility_Cutoff","Min_Eff_N_for_Futility","Recycle_Toxicity_Rule","Recycle_Efficacy_Rule","Dose","True_DLT_rate","True_Efficacy_rate","Estimated_CRM_pj","Estimated_Efficacy","Estimated_Utility","r_hat","r_cap","r_use","MTD_Selection_pct","OBD_Selection_pct","Pts_Treated","Unique_Pts_by_Dose","IPDE_Doses","Total_Administrations","Total_Unique_Patients","Early_Stopping_pct","Design_Early_Stopping_pct","No_OBD_Selection_pct","Duration","n_valid","ntrial_from_files"
1,1,1,"base_example",1,1,1,0.3,"two_stage",30,30,6,30,"CRM","additive_shared","additive_shared","previous_dose",0.15,0.85,"previous_dose_additive",0.5,0.5,0.15,0.85,0.15,0.85,3,1,"one_stage","ipde_first",0.0179,28,2,"any_admissible_dose",0,0,0.2,0.85,0,1,0,1,0.3,0.05,0.3259,0.0825,31.9159,0.1213,NA,NA,54.9,8.5,10.536,7.94,2.927,19.644,12.717,10.6,10.9,80.9,848.733,1000,1000
1,1,1,"base_example",1,1,1,0.3,"two_stage",30,30,6,30,"CRM","additive_shared","additive_shared","previous_dose",0.15,0.85,"previous_dose_additive",0.5,0.5,0.15,0.85,0.15,0.85,3,1,"one_stage","ipde_first",0.0179,28,2,"any_admissible_dose",0,0,0.2,0.85,0,1,0,2,0.35,0.06,0.3792,0.2471,39.6564,0.1213,NA,NA,18.7,6,4.761,4.22,2.42,19.644,12.717,10.6,10.9,80.9,848.733,1000,1000
1,1,1,"base_example",1,1,1,0.3,"two_stage",30,30,6,30,"CRM","additive_shared","additive_shared","previous_dose",0.15,0.85,"previous_dose_additive",0.5,0.5,0.15,0.85,0.15,0.85,3,1,"one_stage","ipde_first",0.0179,28,2,"any_admissible_dose",0,0,0.2,0.85,0,1,0,3,0.4,0.07,0.4745,0.3465,41.8087,0.1213,NA,NA,10.8,2.9,2.799,2.449,0.876,19.644,12.717,10.6,10.9,80.9,848.733,1000,1000
1,1,1,"base_example",1,1,1,0.3,"two_stage",30,30,6,30,"CRM","additive_shared","additive_shared","previous_dose",0.15,0.85,"previous_dose_additive",0.5,0.5,0.15,0.85,0.15,0.85,3,1,"one_stage","ipde_first",0.0179,28,2,"any_admissible_dose",0,0,0.2,0.85,0,1,0,4,0.45,0.08,0.5184,0.4279,44.9393,0.1213,NA,NA,4.5,1.5,1.188,1.076,0.586,19.644,12.717,10.6,10.9,80.9,848.733,1000,1000
1,1,1,"base_example",1,1,1,0.3,"two_stage",30,30,6,30,"CRM","additive_shared","additive_shared","previous_dose",0.15,0.85,"previous_dose_additive",0.5,0.5,0.15,0.85,0.15,0.85,3,1,"one_stage","ipde_first",0.0179,28,2,"any_admissible_dose",0,0,0.2,0.85,0,1,0,5,0.5,0.09,0.6014,0.4757,44.4838,0.1213,NA,NA,0.5,0.2,0.36,0.314,0.118,19.644,12.717,10.6,10.9,80.9,848.733,1000,1000
2,16,1,"five_scenarios_txt",1,5,1,0.3,"two_stage",30,30,6,30,"CRM","additive_shared","additive_shared","previous_dose",0.15,0.85,"previous_dose_additive",0.5,0.5,0.15,0.85,0.15,0.85,3,1,"one_stage","ipde_first",0.0179,28,2,"any_admissible_dose",0,0,0.2,0.85,0,1,0,1,0.02,0.2,0.0391,0.1927,49.9996,0.1221,NA,NA,0,22.4,6.915,6.112,1.651,30,18.23,0,0,1.4,1248.194,1000,1000
2,16,1,"five_scenarios_txt",1,5,1,0.3,"two_stage",30,30,6,30,"CRM","additive_shared","additive_shared","previous_dose",0.15,0.85,"previous_dose_additive",0.5,0.5,0.15,0.85,0.15,0.85,3,1,"one_stage","ipde_first",0.0179,28,2,"any_admissible_dose",0,0,0.2,0.85,0,1,0,2,0.06,0.2,0.06,0.1947,49.2841,0.1221,NA,NA,0.1,22,6.327,5.736,3.789,30,18.23,0,0,1.4,1248.194,1000,1000
2,16,1,"five_scenarios_txt",1,5,1,0.3,"two_stage",30,30,6,30,"CRM","additive_shared","additive_shared","previous_dose",0.15,0.85,"previous_dose_additive",0.5,0.5,0.15,0.85,0.15,0.85,3,1,"one_stage","ipde_first",0.0179,28,2,"any_admissible_dose",0,0,0.2,0.85,0,1,0,3,0.09,0.2,0.1128,0.2031,47.671,0.1221,NA,NA,0.4,19.5,6.054,5.575,1.739,30,18.23,0,0,1.4,1248.194,1000,1000
2,16,1,"five_scenarios_txt",1,5,1,0.3,"two_stage",30,30,6,30,"CRM","additive_shared","additive_shared","previous_dose",0.15,0.85,"previous_dose_additive",0.5,0.5,0.15,0.85,0.15,0.85,3,1,"one_stage","ipde_first",0.0179,28,2,"any_admissible_dose",0,0,0.2,0.85,0,1,0,4,0.14,0.2,0.1449,0.2112,46.8785,0.1221,NA,NA,6.8,18.7,5.658,5.232,2.955,30,18.23,0,0,1.4,1248.194,1000,1000
2,16,1,"five_scenarios_txt",1,5,1,0.3,"two_stage",30,30,6,30,"CRM","additive_shared","additive_shared","previous_dose",0.15,0.85,"previous_dose_additive",0.5,0.5,0.15,0.85,0.15,0.85,3,1,"one_stage","ipde_first",0.0179,28,2,"any_admissible_dose",0,0,0.2,0.85,0,1,0,5,0.26,0.2,0.2209,0.239,45.5012,0.1221,NA,NA,92.7,16,5.046,4.565,1.636,30,18.23,0,0,1.4,1248.194,1000,1000
3,20,5,"five_scenarios_txt",1,3,2,0.3,"two_stage",30,30,6,30,"CRM","additive_shared","additive_shared","previous_dose",0.15,0.85,"previous_dose_additive",0.5,0.5,0.15,0.85,0.15,0.85,3,1,"one_stage","ipde_first",0.0179,28,2,"any_admissible_dose",0,0,0.2,0.85,0,1,0,1,0.07,0.05,0.135,0.1264,42.1813,0.1206,NA,NA,1.4,5.6,5.022,4.437,0.84,29.715,19.052,0.2,0.2,5,1280.8542,1000,1000
3,20,5,"five_scenarios_txt",1,3,2,0.3,"two_stage",30,30,6,30,"CRM","additive_shared","additive_shared","previous_dose",0.15,0.85,"previous_dose_additive",0.5,0.5,0.15,0.85,0.15,0.85,3,1,"one_stage","ipde_first",0.0179,28,2,"any_admissible_dose",0,0,0.2,0.85,0,1,0,2,0.14,0.25,0.1788,0.2296,46.6232,0.1206,NA,NA,8.9,44.4,10.179,8.717,5.08,29.715,19.052,0.2,0.2,5,1280.8542,1000,1000
3,20,5,"five_scenarios_txt",1,3,2,0.3,"two_stage",30,30,6,30,"CRM","additive_shared","additive_shared","previous_dose",0.15,0.85,"previous_dose_additive",0.5,0.5,0.15,0.85,0.15,0.85,3,1,"one_stage","ipde_first",0.0179,28,2,"any_admissible_dose",0,0,0.2,0.85,0,1,0,3,0.31,0.25,0.2688,0.2475,44.0997,0.1206,NA,NA,37,30.2,7.929,7.114,2.088,29.715,19.052,0.2,0.2,5,1280.8542,1000,1000
3,20,5,"five_scenarios_txt",1,3,2,0.3,"two_stage",30,30,6,30,"CRM","additive_shared","additive_shared","previous_dose",0.15,0.85,"previous_dose_additive",0.5,0.5,0.15,0.85,0.15,0.85,3,1,"one_stage","ipde_first",0.0179,28,2,"any_admissible_dose",0,0,0.2,0.85,0,1,0,4,0.41,0.25,0.3152,0.2976,45.2499,0.1206,NA,NA,36.6,12.1,4.698,4.454,2.087,29.715,19.052,0.2,0.2,5,1280.8542,1000,1000
3,20,5,"five_scenarios_txt",1,3,2,0.3,"two_stage",30,30,6,30,"CRM","additive_shared","additive_shared","previous_dose",0.15,0.85,"previous_dose_additive",0.5,0.5,0.15,0.85,0.15,0.85,3,1,"one_stage","ipde_first",0.0179,28,2,"any_admissible_dose",0,0,0.2,0.85,0,1,0,5,0.52,0.25,0.4107,0.4017,47.6703,0.1206,NA,NA,15.9,2.7,1.887,1.81,0.568,29.715,19.052,0.2,0.2,5,1280.8542,1000,1000
4,24,4,"five_scenarios_txt",1,5,4,0.3,"two_stage",30,30,6,30,"CRM","additive_shared","additive_shared","previous_dose",0.15,0.85,"previous_dose_additive",0.5,0.5,0.15,0.85,0.15,0.85,3,1,"one_stage","ipde_first",0.0179,28,2,"any_admissible_dose",0,0,0.2,0.85,0,1,0,1,0.01,0.05,0.0294,0.1484,47.7268,0.1216,NA,NA,0,1.1,3.414,3.333,0.179,30,19.628,0,0,0.1,1332.4653,1000,1000
4,24,4,"five_scenarios_txt",1,5,4,0.3,"two_stage",30,30,6,30,"CRM","additive_shared","additive_shared","previous_dose",0.15,0.85,"previous_dose_additive",0.5,0.5,0.15,0.85,0.15,0.85,3,1,"one_stage","ipde_first",0.0179,28,2,"any_admissible_dose",0,0,0.2,0.85,0,1,0,2,0.02,0.08,0.0467,0.1615,47.8187,0.1216,NA,NA,0,1.1,3.399,3.375,2.984,30,19.628,0,0,0.1,1332.4653,1000,1000
4,24,4,"five_scenarios_txt",1,5,4,0.3,"two_stage",30,30,6,30,"CRM","additive_shared","additive_shared","previous_dose",0.15,0.85,"previous_dose_additive",0.5,0.5,0.15,0.85,0.15,0.85,3,1,"one_stage","ipde_first",0.0179,28,2,"any_admissible_dose",0,0,0.2,0.85,0,1,0,3,0.05,0.2,0.0928,0.2292,50.0369,0.1216,NA,NA,0,5.7,4.536,4.324,0.795,30,19.628,0,0,0.1,1332.4653,1000,1000
4,24,4,"five_scenarios_txt",1,5,4,0.3,"two_stage",30,30,6,30,"CRM","additive_shared","additive_shared","previous_dose",0.15,0.85,"previous_dose_additive",0.5,0.5,0.15,0.85,0.15,0.85,3,1,"one_stage","ipde_first",0.0179,28,2,"any_admissible_dose",0,0,0.2,0.85,0,1,0,4,0.1,0.5,0.1218,0.4297,60.9091,0.1216,NA,NA,2.7,55,10.611,9.275,4.578,30,19.628,0,0,0.1,1332.4653,1000,1000
4,24,4,"five_scenarios_txt",1,5,4,0.3,"two_stage",30,30,6,30,"CRM","additive_shared","additive_shared","previous_dose",0.15,0.85,"previous_dose_additive",0.5,0.5,0.15,0.85,0.15,0.85,3,1,"one_stage","ipde_first",0.0179,28,2,"any_admissible_dose",0,0,0.2,0.85,0,1,0,5,0.25,0.5,0.1928,0.4242,57.7432,0.1216,NA,NA,97.3,37,8.04,7.069,1.836,30,19.628,0,0,0.1,1332.4653,1000,1000
5,27,2,"higher_gap_above_MTD",1,3,3,0.3,"two_stage",30,30,6,30,"CRM","additive_shared","additive_shared","previous_dose",0.15,0.85,"previous_dose_additive",0.5,0.5,0.15,0.85,0.15,0.85,3,1,"one_stage","ipde_first",0.0179,28,2,"any_admissible_dose",0,0,0.2,0.85,0,1,0,1,0.11,0.1,0.1616,0.1457,42.2778,0.1222,NA,NA,2.7,10.7,6.771,5.692,1.486,29.355,19.641,0.8,0.8,5.4,1321.5177,1000,1000
5,27,2,"higher_gap_above_MTD",1,3,3,0.3,"two_stage",30,30,6,30,"CRM","additive_shared","additive_shared","previous_dose",0.15,0.85,"previous_dose_additive",0.5,0.5,0.15,0.85,0.15,0.85,3,1,"one_stage","ipde_first",0.0179,28,2,"any_admissible_dose",0,0,0.2,0.85,0,1,0,2,0.17,0.2,0.2088,0.2087,44.1711,0.1222,NA,NA,14.7,24.1,7.662,6.814,3.867,29.355,19.641,0.8,0.8,5.4,1321.5177,1000,1000
5,27,2,"higher_gap_above_MTD",1,3,3,0.3,"two_stage",30,30,6,30,"CRM","additive_shared","additive_shared","previous_dose",0.15,0.85,"previous_dose_additive",0.5,0.5,0.15,0.85,0.15,0.85,3,1,"one_stage","ipde_first",0.0179,28,2,"any_admissible_dose",0,0,0.2,0.85,0,1,0,3,0.3,0.4,0.3032,0.3703,50.0946,0.1222,NA,NA,51.3,49.4,9.936,8.79,2.611,29.355,19.641,0.8,0.8,5.4,1321.5177,1000,1000
5,27,2,"higher_gap_above_MTD",1,3,3,0.3,"two_stage",30,30,6,30,"CRM","additive_shared","additive_shared","previous_dose",0.15,0.85,"previous_dose_additive",0.5,0.5,0.15,0.85,0.15,0.85,3,1,"one_stage","ipde_first",0.0179,28,2,"any_admissible_dose",0,0,0.2,0.85,0,1,0,4,0.5,0.42,0.3506,0.4214,51.2599,0.1222,NA,NA,25.4,9.8,3.93,3.79,1.469,29.355,19.641,0.8,0.8,5.4,1321.5177,1000,1000
5,27,2,"higher_gap_above_MTD",1,3,3,0.3,"two_stage",30,30,6,30,"CRM","additive_shared","additive_shared","previous_dose",0.15,0.85,"previous_dose_additive",0.5,0.5,0.15,0.85,0.15,0.85,3,1,"one_stage","ipde_first",0.0179,28,2,"any_admissible_dose",0,0,0.2,0.85,0,1,0,5,0.62,0.45,0.4464,0.4797,50.9246,0.1222,NA,NA,5.1,0.6,1.056,1.037,0.281,29.355,19.641,0.8,0.8,5.4,1321.5177,1000,1000
6,38,38,"user_added",1,5,5,0.3,"two_stage",30,30,6,30,"CRM","additive_shared","additive_shared","previous_dose",0.15,0.85,"previous_dose_additive",0.5,0.5,0.15,0.85,0.15,0.85,3,1,"one_stage","ipde_first",0.0179,28,2,"any_admissible_dose",0,0,0.2,0.85,0,1,0,1,0.05,0.05,0.0603,0.1271,45.2169,0.1215,NA,NA,0.6,4,4.683,4.176,0.749,29.88,18.946,0,0,4.1,1288.8713,1000,1000
6,38,38,"user_added",1,5,5,0.3,"two_stage",30,30,6,30,"CRM","additive_shared","additive_shared","previous_dose",0.15,0.85,"previous_dose_additive",0.5,0.5,0.15,0.85,0.15,0.85,3,1,"one_stage","ipde_first",0.0179,28,2,"any_admissible_dose",0,0,0.2,0.85,0,1,0,2,0.1,0.08,0.088,0.1433,45.0801,0.1215,NA,NA,0.1,6.4,4.296,4.103,3.131,29.88,18.946,0,0,4.1,1288.8713,1000,1000
6,38,38,"user_added",1,5,5,0.3,"two_stage",30,30,6,30,"CRM","additive_shared","additive_shared","previous_dose",0.15,0.85,"previous_dose_additive",0.5,0.5,0.15,0.85,0.15,0.85,3,1,"one_stage","ipde_first",0.0179,28,2,"any_admissible_dose",0,0,0.2,0.85,0,1,0,3,0.12,0.12,0.1536,0.1639,43.6915,0.1215,NA,NA,1.7,9.6,5.16,4.752,1.235,29.88,18.946,0,0,4.1,1288.8713,1000,1000
6,38,38,"user_added",1,5,5,0.3,"two_stage",30,30,6,30,"CRM","additive_shared","additive_shared","previous_dose",0.15,0.85,"previous_dose_additive",0.5,0.5,0.15,0.85,0.15,0.85,3,1,"one_stage","ipde_first",0.0179,28,2,"any_admissible_dose",0,0,0.2,0.85,0,1,0,4,0.15,0.15,0.1914,0.1868,43.5555,0.1215,NA,NA,16.7,11.9,5.403,4.95,2.935,29.88,18.946,0,0,4.1,1288.8713,1000,1000
6,38,38,"user_added",1,5,5,0.3,"two_stage",30,30,6,30,"CRM","additive_shared","additive_shared","previous_dose",0.15,0.85,"previous_dose_additive",0.5,0.5,0.15,0.85,0.15,0.85,3,1,"one_stage","ipde_first",0.0179,28,2,"any_admissible_dose",0,0,0.2,0.85,0,1,0,5,0.3,0.5,0.2769,0.4564,56.3067,0.1215,NA,NA,80.9,64,10.338,8.798,2.884,29.88,18.946,0,0,4.1,1288.8713,1000,1000
7,1,1,"base_example",1,1,1,0.3,"one_stage",30,30,30,30,"CRM","additive_shared","additive_shared","previous_dose",0.15,0.85,"previous_dose_additive",0.5,0.5,0.15,0.85,0.15,0.85,3,1,"one_stage","ipde_first",0.0179,28,2,"any_admissible_dose",0,0,0.2,0.85,0,1,0,1,0.3,0.05,0.3252,0.0823,31.9303,0.1224,NA,NA,55.3,8,10.629,7.988,2.936,19.605,12.682,10.2,10.2,81.2,845.9508,1000,1000
7,1,1,"base_example",1,1,1,0.3,"one_stage",30,30,30,30,"CRM","additive_shared","additive_shared","previous_dose",0.15,0.85,"previous_dose_additive",0.5,0.5,0.15,0.85,0.15,0.85,3,1,"one_stage","ipde_first",0.0179,28,2,"any_admissible_dose",0,0,0.2,0.85,0,1,0,2,0.35,0.06,0.3785,0.2481,39.7437,0.1224,NA,NA,18.1,6.1,4.731,4.17,2.412,19.605,12.682,10.2,10.2,81.2,845.9508,1000,1000
7,1,1,"base_example",1,1,1,0.3,"one_stage",30,30,30,30,"CRM","additive_shared","additive_shared","previous_dose",0.15,0.85,"previous_dose_additive",0.5,0.5,0.15,0.85,0.15,0.85,3,1,"one_stage","ipde_first",0.0179,28,2,"any_admissible_dose",0,0,0.2,0.85,0,1,0,3,0.4,0.07,0.4738,0.347,41.8671,0.1224,NA,NA,11.3,2.9,2.742,2.398,0.874,19.605,12.682,10.2,10.2,81.2,845.9508,1000,1000
7,1,1,"base_example",1,1,1,0.3,"one_stage",30,30,30,30,"CRM","additive_shared","additive_shared","previous_dose",0.15,0.85,"previous_dose_additive",0.5,0.5,0.15,0.85,0.15,0.85,3,1,"one_stage","ipde_first",0.0179,28,2,"any_admissible_dose",0,0,0.2,0.85,0,1,0,4,0.45,0.08,0.5177,0.4288,45.0179,0.1224,NA,NA,4.5,1.6,1.161,1.054,0.585,19.605,12.682,10.2,10.2,81.2,845.9508,1000,1000
7,1,1,"base_example",1,1,1,0.3,"one_stage",30,30,30,30,"CRM","additive_shared","additive_shared","previous_dose",0.15,0.85,"previous_dose_additive",0.5,0.5,0.15,0.85,0.15,0.85,3,1,"one_stage","ipde_first",0.0179,28,2,"any_admissible_dose",0,0,0.2,0.85,0,1,0,5,0.5,0.09,0.6008,0.4775,44.621,0.1224,NA,NA,0.6,0.2,0.342,0.3,0.116,19.605,12.682,10.2,10.2,81.2,845.9508,1000,1000
8,16,1,"five_scenarios_txt",1,5,1,0.3,"one_stage",30,30,30,30,"CRM","additive_shared","additive_shared","previous_dose",0.15,0.85,"previous_dose_additive",0.5,0.5,0.15,0.85,0.15,0.85,3,1,"one_stage","ipde_first",0.0179,28,2,"any_admissible_dose",0,0,0.2,0.85,0,1,0,1,0.02,0.2,0.0398,0.1918,49.9201,0.1225,NA,NA,0,23,7.116,6.283,1.655,30,18.204,0,0,1.3,1246.6398,1000,1000
8,16,1,"five_scenarios_txt",1,5,1,0.3,"one_stage",30,30,30,30,"CRM","additive_shared","additive_shared","previous_dose",0.15,0.85,"previous_dose_additive",0.5,0.5,0.15,0.85,0.15,0.85,3,1,"one_stage","ipde_first",0.0179,28,2,"any_admissible_dose",0,0,0.2,0.85,0,1,0,2,0.06,0.2,0.0608,0.1956,49.3052,0.1225,NA,NA,0.4,22.8,6.552,5.89,3.787,30,18.204,0,0,1.3,1246.6398,1000,1000
8,16,1,"five_scenarios_txt",1,5,1,0.3,"one_stage",30,30,30,30,"CRM","additive_shared","additive_shared","previous_dose",0.15,0.85,"previous_dose_additive",0.5,0.5,0.15,0.85,0.15,0.85,3,1,"one_stage","ipde_first",0.0179,28,2,"any_admissible_dose",0,0,0.2,0.85,0,1,0,3,0.09,0.2,0.114,0.2043,47.6972,0.1225,NA,NA,0.8,19.8,5.907,5.39,1.793,30,18.204,0,0,1.3,1246.6398,1000,1000
8,16,1,"five_scenarios_txt",1,5,1,0.3,"one_stage",30,30,30,30,"CRM","additive_shared","additive_shared","previous_dose",0.15,0.85,"previous_dose_additive",0.5,0.5,0.15,0.85,0.15,0.85,3,1,"one_stage","ipde_first",0.0179,28,2,"any_admissible_dose",0,0,0.2,0.85,0,1,0,4,0.14,0.2,0.1461,0.2122,46.8883,0.1225,NA,NA,9.5,17.6,5.478,5.02,2.788,30,18.204,0,0,1.3,1246.6398,1000,1000
8,16,1,"five_scenarios_txt",1,5,1,0.3,"one_stage",30,30,30,30,"CRM","additive_shared","additive_shared","previous_dose",0.15,0.85,"previous_dose_additive",0.5,0.5,0.15,0.85,0.15,0.85,3,1,"one_stage","ipde_first",0.0179,28,2,"any_admissible_dose",0,0,0.2,0.85,0,1,0,5,0.26,0.2,0.2222,0.2458,45.8567,0.1225,NA,NA,89.3,15.5,4.947,4.443,1.773,30,18.204,0,0,1.3,1246.6398,1000,1000
9,20,5,"five_scenarios_txt",1,3,2,0.3,"one_stage",30,30,30,30,"CRM","additive_shared","additive_shared","previous_dose",0.15,0.85,"previous_dose_additive",0.5,0.5,0.15,0.85,0.15,0.85,3,1,"one_stage","ipde_first",0.0179,28,2,"any_admissible_dose",0,0,0.2,0.85,0,1,0,1,0.07,0.05,0.1352,0.1236,42.0101,0.1236,NA,NA,1.5,4.3,5.19,4.558,0.89,29.7,18.944,0.2,0.2,5.5,1276.3012,1000,1000
9,20,5,"five_scenarios_txt",1,3,2,0.3,"one_stage",30,30,30,30,"CRM","additive_shared","additive_shared","previous_dose",0.15,0.85,"previous_dose_additive",0.5,0.5,0.15,0.85,0.15,0.85,3,1,"one_stage","ipde_first",0.0179,28,2,"any_admissible_dose",0,0,0.2,0.85,0,1,0,2,0.14,0.25,0.179,0.2246,46.3159,0.1236,NA,NA,8.6,43.7,10.689,9.024,5.084,29.7,18.944,0.2,0.2,5.5,1276.3012,1000,1000
9,20,5,"five_scenarios_txt",1,3,2,0.3,"one_stage",30,30,30,30,"CRM","additive_shared","additive_shared","previous_dose",0.15,0.85,"previous_dose_additive",0.5,0.5,0.15,0.85,0.15,0.85,3,1,"one_stage","ipde_first",0.0179,28,2,"any_admissible_dose",0,0,0.2,0.85,0,1,0,3,0.31,0.25,0.2693,0.2462,43.9986,0.1236,NA,NA,37.1,30.9,7.842,6.903,2.298,29.7,18.944,0.2,0.2,5.5,1276.3012,1000,1000
9,20,5,"five_scenarios_txt",1,3,2,0.3,"one_stage",30,30,30,30,"CRM","additive_shared","additive_shared","previous_dose",0.15,0.85,"previous_dose_additive",0.5,0.5,0.15,0.85,0.15,0.85,3,1,"one_stage","ipde_first",0.0179,28,2,"any_admissible_dose",0,0,0.2,0.85,0,1,0,4,0.41,0.25,0.3159,0.3018,45.4766,0.1236,NA,NA,37.3,12.9,4.287,3.985,1.894,29.7,18.944,0.2,0.2,5.5,1276.3012,1000,1000
9,20,5,"five_scenarios_txt",1,3,2,0.3,"one_stage",30,30,30,30,"CRM","additive_shared","additive_shared","previous_dose",0.15,0.85,"previous_dose_additive",0.5,0.5,0.15,0.85,0.15,0.85,3,1,"one_stage","ipde_first",0.0179,28,2,"any_admissible_dose",0,0,0.2,0.85,0,1,0,5,0.52,0.25,0.4116,0.4138,48.3635,0.1236,NA,NA,15.3,2.7,1.692,1.609,0.59,29.7,18.944,0.2,0.2,5.5,1276.3012,1000,1000
10,24,4,"five_scenarios_txt",1,5,4,0.3,"one_stage",30,30,30,30,"CRM","additive_shared","additive_shared","previous_dose",0.15,0.85,"previous_dose_additive",0.5,0.5,0.15,0.85,0.15,0.85,3,1,"one_stage","ipde_first",0.0179,28,2,"any_admissible_dose",0,0,0.2,0.85,0,1,0,1,0.01,0.05,0.0283,0.1462,47.6423,0.1257,NA,NA,0,1,3.453,3.359,0.2,30,19.508,0,0,0,1321.8579,1000,1000
10,24,4,"five_scenarios_txt",1,5,4,0.3,"one_stage",30,30,30,30,"CRM","additive_shared","additive_shared","previous_dose",0.15,0.85,"previous_dose_additive",0.5,0.5,0.15,0.85,0.15,0.85,3,1,"one_stage","ipde_first",0.0179,28,2,"any_admissible_dose",0,0,0.2,0.85,0,1,0,2,0.02,0.08,0.045,0.1598,47.7867,0.1257,NA,NA,0,1.3,3.423,3.388,2.968,30,19.508,0,0,0,1321.8579,1000,1000
10,24,4,"five_scenarios_txt",1,5,4,0.3,"one_stage",30,30,30,30,"CRM","additive_shared","additive_shared","previous_dose",0.15,0.85,"previous_dose_additive",0.5,0.5,0.15,0.85,0.15,0.85,3,1,"one_stage","ipde_first",0.0179,28,2,"any_admissible_dose",0,0,0.2,0.85,0,1,0,3,0.05,0.2,0.0897,0.2283,50.1117,0.1257,NA,NA,0,5.2,4.545,4.248,0.819,30,19.508,0,0,0,1321.8579,1000,1000
10,24,4,"five_scenarios_txt",1,5,4,0.3,"one_stage",30,30,30,30,"CRM","additive_shared","additive_shared","previous_dose",0.15,0.85,"previous_dose_additive",0.5,0.5,0.15,0.85,0.15,0.85,3,1,"one_stage","ipde_first",0.0179,28,2,"any_admissible_dose",0,0,0.2,0.85,0,1,0,4,0.1,0.5,0.118,0.4243,60.7368,0.1257,NA,NA,29.3,59.4,12.144,10.108,4.724,30,19.508,0,0,0,1321.8579,1000,1000
10,24,4,"five_scenarios_txt",1,5,4,0.3,"one_stage",30,30,30,30,"CRM","additive_shared","additive_shared","previous_dose",0.15,0.85,"previous_dose_additive",0.5,0.5,0.15,0.85,0.15,0.85,3,1,"one_stage","ipde_first",0.0179,28,2,"any_admissible_dose",0,0,0.2,0.85,0,1,0,5,0.25,0.5,0.1872,0.4414,58.9962,0.1257,NA,NA,70.7,33.1,6.435,5.467,1.781,30,19.508,0,0,0,1321.8579,1000,1000
11,27,2,"higher_gap_above_MTD",1,3,3,0.3,"one_stage",30,30,30,30,"CRM","additive_shared","additive_shared","previous_dose",0.15,0.85,"previous_dose_additive",0.5,0.5,0.15,0.85,0.15,0.85,3,1,"one_stage","ipde_first",0.0179,28,2,"any_admissible_dose",0,0,0.2,0.85,0,1,0,1,0.11,0.1,0.1596,0.1424,42.1601,0.1233,NA,NA,3.1,11.2,7.02,5.839,1.521,29.346,19.465,0.8,0.8,6.3,1309.7978,1000,1000
11,27,2,"higher_gap_above_MTD",1,3,3,0.3,"one_stage",30,30,30,30,"CRM","additive_shared","additive_shared","previous_dose",0.15,0.85,"previous_dose_additive",0.5,0.5,0.15,0.85,0.15,0.85,3,1,"one_stage","ipde_first",0.0179,28,2,"any_admissible_dose",0,0,0.2,0.85,0,1,0,2,0.17,0.2,0.2065,0.2021,43.8696,0.1233,NA,NA,13.9,20.8,7.8,6.842,3.833,29.346,19.465,0.8,0.8,6.3,1309.7978,1000,1000
11,27,2,"higher_gap_above_MTD",1,3,3,0.3,"one_stage",30,30,30,30,"CRM","additive_shared","additive_shared","previous_dose",0.15,0.85,"previous_dose_additive",0.5,0.5,0.15,0.85,0.15,0.85,3,1,"one_stage","ipde_first",0.0179,28,2,"any_admissible_dose",0,0,0.2,0.85,0,1,0,3,0.3,0.4,0.3004,0.3606,49.617,0.1233,NA,NA,51.7,49,10.305,8.854,2.853,29.346,19.465,0.8,0.8,6.3,1309.7978,1000,1000
11,27,2,"higher_gap_above_MTD",1,3,3,0.3,"one_stage",30,30,30,30,"CRM","additive_shared","additive_shared","previous_dose",0.15,0.85,"previous_dose_additive",0.5,0.5,0.15,0.85,0.15,0.85,3,1,"one_stage","ipde_first",0.0179,28,2,"any_admissible_dose",0,0,0.2,0.85,0,1,0,4,0.5,0.42,0.3478,0.4263,51.6659,0.1233,NA,NA,27.1,12.1,3.573,3.357,1.445,29.346,19.465,0.8,0.8,6.3,1309.7978,1000,1000
11,27,2,"higher_gap_above_MTD",1,3,3,0.3,"one_stage",30,30,30,30,"CRM","additive_shared","additive_shared","previous_dose",0.15,0.85,"previous_dose_additive",0.5,0.5,0.15,0.85,0.15,0.85,3,1,"one_stage","ipde_first",0.0179,28,2,"any_admissible_dose",0,0,0.2,0.85,0,1,0,5,0.62,0.45,0.4436,0.4882,51.5472,0.1233,NA,NA,3.4,0.6,0.648,0.623,0.229,29.346,19.465,0.8,0.8,6.3,1309.7978,1000,1000
12,38,38,"user_added",1,5,5,0.3,"one_stage",30,30,30,30,"CRM","additive_shared","additive_shared","previous_dose",0.15,0.85,"previous_dose_additive",0.5,0.5,0.15,0.85,0.15,0.85,3,1,"one_stage","ipde_first",0.0179,28,2,"any_admissible_dose",0,0,0.2,0.85,0,1,0,1,0.05,0.05,0.0602,0.1265,45.1835,0.1178,NA,NA,0.6,4.4,4.713,4.195,0.751,29.88,18.898,0,0,4.2,1288.6565,1000,1000
12,38,38,"user_added",1,5,5,0.3,"one_stage",30,30,30,30,"CRM","additive_shared","additive_shared","previous_dose",0.15,0.85,"previous_dose_additive",0.5,0.5,0.15,0.85,0.15,0.85,3,1,"one_stage","ipde_first",0.0179,28,2,"any_admissible_dose",0,0,0.2,0.85,0,1,0,2,0.1,0.08,0.0878,0.1417,44.9913,0.1178,NA,NA,0.1,5.3,4.308,4.101,3.127,29.88,18.898,0,0,4.2,1288.6565,1000,1000
12,38,38,"user_added",1,5,5,0.3,"one_stage",30,30,30,30,"CRM","additive_shared","additive_shared","previous_dose",0.15,0.85,"previous_dose_additive",0.5,0.5,0.15,0.85,0.15,0.85,3,1,"one_stage","ipde_first",0.0179,28,2,"any_admissible_dose",0,0,0.2,0.85,0,1,0,3,0.12,0.12,0.1533,0.1635,43.6765,0.1178,NA,NA,1.9,9.6,5.211,4.77,1.264,29.88,18.898,0,0,4.2,1288.6565,1000,1000
12,38,38,"user_added",1,5,5,0.3,"one_stage",30,30,30,30,"CRM","additive_shared","additive_shared","previous_dose",0.15,0.85,"previous_dose_additive",0.5,0.5,0.15,0.85,0.15,0.85,3,1,"one_stage","ipde_first",0.0179,28,2,"any_admissible_dose",0,0,0.2,0.85,0,1,0,4,0.15,0.15,0.191,0.1858,43.512,0.1178,NA,NA,17.6,12.1,5.457,4.958,2.964,29.88,18.898,0,0,4.2,1288.6565,1000,1000
12,38,38,"user_added",1,5,5,0.3,"one_stage",30,30,30,30,"CRM","additive_shared","additive_shared","previous_dose",0.15,0.85,"previous_dose_additive",0.5,0.5,0.15,0.85,0.15,0.85,3,1,"one_stage","ipde_first",0.0179,28,2,"any_admissible_dose",0,0,0.2,0.85,0,1,0,5,0.3,0.5,0.2763,0.4553,56.268,0.1178,NA,NA,79.8,64.4,10.191,8.638,2.876,29.88,18.898,0,0,4.2,1288.6565,1000,1000
13,1,1,"base_example",1,1,1,0.3,"two_stage",30,30,6,30,"CRM","additive_shared","additive_shared","previous_dose",0.15,0.85,"previous_dose_additive",0.5,0.5,0.15,0.85,0.15,0.85,3,1,"one_stage","continuous",0.0179,28,2,"any_admissible_dose",0,0,0.2,0.85,0,1,0,1,0.3,0.05,0.3281,0.0821,31.7999,0.128,NA,NA,59.5,8.7,10.902,8.239,3.033,19.125,12.426,8.8,9.1,81,680.6036,1000,1000
13,1,1,"base_example",1,1,1,0.3,"two_stage",30,30,6,30,"CRM","additive_shared","additive_shared","previous_dose",0.15,0.85,"previous_dose_additive",0.5,0.5,0.15,0.85,0.15,0.85,3,1,"one_stage","continuous",0.0179,28,2,"any_admissible_dose",0,0,0.2,0.85,0,1,0,2,0.35,0.06,0.3816,0.2621,40.463,0.128,NA,NA,15.6,6.2,4.389,3.897,2.163,19.125,12.426,8.8,9.1,81,680.6036,1000,1000
13,1,1,"base_example",1,1,1,0.3,"two_stage",30,30,6,30,"CRM","additive_shared","additive_shared","previous_dose",0.15,0.85,"previous_dose_additive",0.5,0.5,0.15,0.85,0.15,0.85,3,1,"one_stage","continuous",0.0179,28,2,"any_admissible_dose",0,0,0.2,0.85,0,1,0,3,0.4,0.07,0.477,0.356,42.2829,0.128,NA,NA,12.3,2.8,2.478,2.2,0.921,19.125,12.426,8.8,9.1,81,680.6036,1000,1000
13,1,1,"base_example",1,1,1,0.3,"two_stage",30,30,6,30,"CRM","additive_shared","additive_shared","previous_dose",0.15,0.85,"previous_dose_additive",0.5,0.5,0.15,0.85,0.15,0.85,3,1,"one_stage","continuous",0.0179,28,2,"any_admissible_dose",0,0,0.2,0.85,0,1,0,4,0.45,0.08,0.5209,0.4344,45.227,0.128,NA,NA,2.5,0.7,1.02,0.938,0.463,19.125,12.426,8.8,9.1,81,680.6036,1000,1000
13,1,1,"base_example",1,1,1,0.3,"two_stage",30,30,6,30,"CRM","additive_shared","additive_shared","previous_dose",0.15,0.85,"previous_dose_additive",0.5,0.5,0.15,0.85,0.15,0.85,3,1,"one_stage","continuous",0.0179,28,2,"any_admissible_dose",0,0,0.2,0.85,0,1,0,5,0.5,0.09,0.6037,0.4786,44.5663,0.128,NA,NA,1.3,0.6,0.336,0.292,0.119,19.125,12.426,8.8,9.1,81,680.6036,1000,1000
14,16,1,"five_scenarios_txt",1,5,1,0.3,"two_stage",30,30,6,30,"CRM","additive_shared","additive_shared","previous_dose",0.15,0.85,"previous_dose_additive",0.5,0.5,0.15,0.85,0.15,0.85,3,1,"one_stage","continuous",0.0179,28,2,"any_admissible_dose",0,0,0.2,0.85,0,1,0,1,0.02,0.2,0.0405,0.1957,50.1183,0.1207,NA,NA,0,25.9,7.077,6.262,1.715,30,18.254,0,0,0.9,1001.9417,1000,1000
14,16,1,"five_scenarios_txt",1,5,1,0.3,"two_stage",30,30,6,30,"CRM","additive_shared","additive_shared","previous_dose",0.15,0.85,"previous_dose_additive",0.5,0.5,0.15,0.85,0.15,0.85,3,1,"one_stage","continuous",0.0179,28,2,"any_admissible_dose",0,0,0.2,0.85,0,1,0,2,0.06,0.2,0.0618,0.1931,49.114,0.1207,NA,NA,0,21.1,6.603,5.965,3.557,30,18.254,0,0,0.9,1001.9417,1000,1000
14,16,1,"five_scenarios_txt",1,5,1,0.3,"two_stage",30,30,6,30,"CRM","additive_shared","additive_shared","previous_dose",0.15,0.85,"previous_dose_additive",0.5,0.5,0.15,0.85,0.15,0.85,3,1,"one_stage","continuous",0.0179,28,2,"any_admissible_dose",0,0,0.2,0.85,0,1,0,3,0.09,0.2,0.1153,0.2016,47.4826,0.1207,NA,NA,0.8,17.5,5.712,5.292,1.979,30,18.254,0,0,0.9,1001.9417,1000,1000
14,16,1,"five_scenarios_txt",1,5,1,0.3,"two_stage",30,30,6,30,"CRM","additive_shared","additive_shared","previous_dose",0.15,0.85,"previous_dose_additive",0.5,0.5,0.15,0.85,0.15,0.85,3,1,"one_stage","continuous",0.0179,28,2,"any_admissible_dose",0,0,0.2,0.85,0,1,0,4,0.14,0.2,0.1476,0.2149,46.9934,0.1207,NA,NA,7,20,5.751,5.322,2.678,30,18.254,0,0,0.9,1001.9417,1000,1000
14,16,1,"five_scenarios_txt",1,5,1,0.3,"two_stage",30,30,6,30,"CRM","additive_shared","additive_shared","previous_dose",0.15,0.85,"previous_dose_additive",0.5,0.5,0.15,0.85,0.15,0.85,3,1,"one_stage","continuous",0.0179,28,2,"any_admissible_dose",0,0,0.2,0.85,0,1,0,5,0.26,0.2,0.2237,0.2396,45.425,0.1207,NA,NA,92.2,14.6,4.857,4.449,1.817,30,18.254,0,0,0.9,1001.9417,1000,1000
15,20,5,"five_scenarios_txt",1,3,2,0.3,"two_stage",30,30,6,30,"CRM","additive_shared","additive_shared","previous_dose",0.15,0.85,"previous_dose_additive",0.5,0.5,0.15,0.85,0.15,0.85,3,1,"one_stage","continuous",0.0179,28,2,"any_admissible_dose",0,0,0.2,0.85,0,1,0,1,0.07,0.05,0.1387,0.129,42.191,0.1249,NA,NA,2.3,5.8,4.986,4.429,0.812,29.529,18.974,0.1,0.1,4.5,1041.9814,1000,1000
15,20,5,"five_scenarios_txt",1,3,2,0.3,"two_stage",30,30,6,30,"CRM","additive_shared","additive_shared","previous_dose",0.15,0.85,"previous_dose_additive",0.5,0.5,0.15,0.85,0.15,0.85,3,1,"one_stage","continuous",0.0179,28,2,"any_admissible_dose",0,0,0.2,0.85,0,1,0,2,0.14,0.25,0.1829,0.2347,46.7661,0.1249,NA,NA,7.7,46.7,10.338,8.811,4.743,29.529,18.974,0.1,0.1,4.5,1041.9814,1000,1000
15,20,5,"five_scenarios_txt",1,3,2,0.3,"two_stage",30,30,6,30,"CRM","additive_shared","additive_shared","previous_dose",0.15,0.85,"previous_dose_additive",0.5,0.5,0.15,0.85,0.15,0.85,3,1,"one_stage","continuous",0.0179,28,2,"any_admissible_dose",0,0,0.2,0.85,0,1,0,3,0.31,0.25,0.2736,0.2463,43.8351,0.1249,NA,NA,40.7,29.7,7.89,7.128,2.511,29.529,18.974,0.1,0.1,4.5,1041.9814,1000,1000
15,20,5,"five_scenarios_txt",1,3,2,0.3,"two_stage",30,30,6,30,"CRM","additive_shared","additive_shared","previous_dose",0.15,0.85,"previous_dose_additive",0.5,0.5,0.15,0.85,0.15,0.85,3,1,"one_stage","continuous",0.0179,28,2,"any_admissible_dose",0,0,0.2,0.85,0,1,0,4,0.41,0.25,0.3202,0.31,45.7918,0.1249,NA,NA,35,11.2,4.668,4.389,1.905,29.529,18.974,0.1,0.1,4.5,1041.9814,1000,1000
15,20,5,"five_scenarios_txt",1,3,2,0.3,"two_stage",30,30,6,30,"CRM","additive_shared","additive_shared","previous_dose",0.15,0.85,"previous_dose_additive",0.5,0.5,0.15,0.85,0.15,0.85,3,1,"one_stage","continuous",0.0179,28,2,"any_admissible_dose",0,0,0.2,0.85,0,1,0,5,0.52,0.25,0.4159,0.4105,47.9961,0.1249,NA,NA,14.2,2.1,1.647,1.571,0.584,29.529,18.974,0.1,0.1,4.5,1041.9814,1000,1000
16,24,4,"five_scenarios_txt",1,5,4,0.3,"two_stage",30,30,6,30,"CRM","additive_shared","additive_shared","previous_dose",0.15,0.85,"previous_dose_additive",0.5,0.5,0.15,0.85,0.15,0.85,3,1,"one_stage","continuous",0.0179,28,2,"any_admissible_dose",0,0,0.2,0.85,0,1,0,1,0.01,0.05,0.0287,0.1478,47.7161,0.126,NA,NA,0,1.2,3.396,3.317,0.187,30,19.662,0,0,0,1085.1625,1000,1000
16,24,4,"five_scenarios_txt",1,5,4,0.3,"two_stage",30,30,6,30,"CRM","additive_shared","additive_shared","previous_dose",0.15,0.85,"previous_dose_additive",0.5,0.5,0.15,0.85,0.15,0.85,3,1,"one_stage","continuous",0.0179,28,2,"any_admissible_dose",0,0,0.2,0.85,0,1,0,2,0.02,0.08,0.0458,0.1607,47.8113,0.126,NA,NA,0,1.4,3.432,3.393,2.538,30,19.662,0,0,0,1085.1625,1000,1000
16,24,4,"five_scenarios_txt",1,5,4,0.3,"two_stage",30,30,6,30,"CRM","additive_shared","additive_shared","previous_dose",0.15,0.85,"previous_dose_additive",0.5,0.5,0.15,0.85,0.15,0.85,3,1,"one_stage","continuous",0.0179,28,2,"any_admissible_dose",0,0,0.2,0.85,0,1,0,3,0.05,0.2,0.0913,0.228,50.024,0.126,NA,NA,0,5.7,4.236,4.079,1.335,30,19.662,0,0,0,1085.1625,1000,1000
16,24,4,"five_scenarios_txt",1,5,4,0.3,"two_stage",30,30,6,30,"CRM","additive_shared","additive_shared","previous_dose",0.15,0.85,"previous_dose_additive",0.5,0.5,0.15,0.85,0.15,0.85,3,1,"one_stage","continuous",0.0179,28,2,"any_admissible_dose",0,0,0.2,0.85,0,1,0,4,0.1,0.5,0.1201,0.4317,61.1005,0.126,NA,NA,3.3,56.6,10.728,9.351,4.076,30,19.662,0,0,0,1085.1625,1000,1000
16,24,4,"five_scenarios_txt",1,5,4,0.3,"two_stage",30,30,6,30,"CRM","additive_shared","additive_shared","previous_dose",0.15,0.85,"previous_dose_additive",0.5,0.5,0.15,0.85,0.15,0.85,3,1,"one_stage","continuous",0.0179,28,2,"any_admissible_dose",0,0,0.2,0.85,0,1,0,5,0.25,0.5,0.1906,0.4275,58.0247,0.126,NA,NA,96.7,35.1,8.208,7.289,2.202,30,19.662,0,0,0,1085.1625,1000,1000
17,27,2,"higher_gap_above_MTD",1,3,3,0.3,"two_stage",30,30,6,30,"CRM","additive_shared","additive_shared","previous_dose",0.15,0.85,"previous_dose_additive",0.5,0.5,0.15,0.85,0.15,0.85,3,1,"one_stage","continuous",0.0179,28,2,"any_admissible_dose",0,0,0.2,0.85,0,1,0,1,0.11,0.1,0.1629,0.1446,42.162,0.1227,NA,NA,5.1,10.5,6.792,5.712,1.457,29.175,19.581,0.2,0.2,7.9,1075.3278,1000,1000
17,27,2,"higher_gap_above_MTD",1,3,3,0.3,"two_stage",30,30,6,30,"CRM","additive_shared","additive_shared","previous_dose",0.15,0.85,"previous_dose_additive",0.5,0.5,0.15,0.85,0.15,0.85,3,1,"one_stage","continuous",0.0179,28,2,"any_admissible_dose",0,0,0.2,0.85,0,1,0,2,0.17,0.2,0.2104,0.2062,43.9567,0.1227,NA,NA,15.6,22.3,7.509,6.693,3.516,29.175,19.581,0.2,0.2,7.9,1075.3278,1000,1000
17,27,2,"higher_gap_above_MTD",1,3,3,0.3,"two_stage",30,30,6,30,"CRM","additive_shared","additive_shared","previous_dose",0.15,0.85,"previous_dose_additive",0.5,0.5,0.15,0.85,0.15,0.85,3,1,"one_stage","continuous",0.0179,28,2,"any_admissible_dose",0,0,0.2,0.85,0,1,0,3,0.3,0.4,0.3051,0.3722,50.1267,0.1227,NA,NA,49.2,47.2,9.687,8.599,2.944,29.175,19.581,0.2,0.2,7.9,1075.3278,1000,1000
17,27,2,"higher_gap_above_MTD",1,3,3,0.3,"two_stage",30,30,6,30,"CRM","additive_shared","additive_shared","previous_dose",0.15,0.85,"previous_dose_additive",0.5,0.5,0.15,0.85,0.15,0.85,3,1,"one_stage","continuous",0.0179,28,2,"any_admissible_dose",0,0,0.2,0.85,0,1,0,4,0.5,0.42,0.3527,0.4352,52.0064,0.1227,NA,NA,25.1,10.9,4.074,3.899,1.356,29.175,19.581,0.2,0.2,7.9,1075.3278,1000,1000
17,27,2,"higher_gap_above_MTD",1,3,3,0.3,"two_stage",30,30,6,30,"CRM","additive_shared","additive_shared","previous_dose",0.15,0.85,"previous_dose_additive",0.5,0.5,0.15,0.85,0.15,0.85,3,1,"one_stage","continuous",0.0179,28,2,"any_admissible_dose",0,0,0.2,0.85,0,1,0,5,0.62,0.45,0.4485,0.4813,50.9376,0.1227,NA,NA,4.8,1.2,1.113,1.082,0.321,29.175,19.581,0.2,0.2,7.9,1075.3278,1000,1000
18,38,38,"user_added",1,5,5,0.3,"two_stage",30,30,6,30,"CRM","additive_shared","additive_shared","previous_dose",0.15,0.85,"previous_dose_additive",0.5,0.5,0.15,0.85,0.15,0.85,3,1,"one_stage","continuous",0.0179,28,2,"any_admissible_dose",0,0,0.2,0.85,0,1,0,1,0.05,0.05,0.061,0.1304,45.3815,0.1194,NA,NA,0.6,4.6,4.449,4.043,0.626,29.853,18.946,0,0,4.3,1043.6363,1000,1000
18,38,38,"user_added",1,5,5,0.3,"two_stage",30,30,6,30,"CRM","additive_shared","additive_shared","previous_dose",0.15,0.85,"previous_dose_additive",0.5,0.5,0.15,0.85,0.15,0.85,3,1,"one_stage","continuous",0.0179,28,2,"any_admissible_dose",0,0,0.2,0.85,0,1,0,2,0.1,0.08,0.089,0.1467,45.2463,0.1194,NA,NA,0.3,6.8,4.398,4.173,2.833,29.853,18.946,0,0,4.3,1043.6363,1000,1000
18,38,38,"user_added",1,5,5,0.3,"two_stage",30,30,6,30,"CRM","additive_shared","additive_shared","previous_dose",0.15,0.85,"previous_dose_additive",0.5,0.5,0.15,0.85,0.15,0.85,3,1,"one_stage","continuous",0.0179,28,2,"any_admissible_dose",0,0,0.2,0.85,0,1,0,3,0.12,0.12,0.155,0.1641,43.6444,0.1194,NA,NA,2.9,7.7,4.875,4.534,1.626,29.853,18.946,0,0,4.3,1043.6363,1000,1000
18,38,38,"user_added",1,5,5,0.3,"two_stage",30,30,6,30,"CRM","additive_shared","additive_shared","previous_dose",0.15,0.85,"previous_dose_additive",0.5,0.5,0.15,0.85,0.15,0.85,3,1,"one_stage","continuous",0.0179,28,2,"any_admissible_dose",0,0,0.2,0.85,0,1,0,4,0.15,0.15,0.193,0.1926,43.8378,0.1194,NA,NA,14.5,12,5.469,5.057,2.593,29.853,18.946,0,0,4.3,1043.6363,1000,1000
18,38,38,"user_added",1,5,5,0.3,"two_stage",30,30,6,30,"CRM","additive_shared","additive_shared","previous_dose",0.15,0.85,"previous_dose_additive",0.5,0.5,0.15,0.85,0.15,0.85,3,1,"one_stage","continuous",0.0179,28,2,"any_admissible_dose",0,0,0.2,0.85,0,1,0,5,0.3,0.5,0.2789,0.4582,56.3333,0.1194,NA,NA,81.7,64.6,10.662,9.095,3.229,29.853,18.946,0,0,4.3,1043.6363,1000,1000
19,1,1,"base_example",1,1,1,0.3,"one_stage",30,30,30,30,"CRM","additive_shared","additive_shared","previous_dose",0.15,0.85,"previous_dose_additive",0.5,0.5,0.15,0.85,0.15,0.85,3,1,"one_stage","continuous",0.0179,28,2,"any_admissible_dose",0,0,0.2,0.85,0,1,0,1,0.3,0.05,0.3282,0.0819,31.7846,0.1268,NA,NA,59.8,9.1,10.962,8.246,3.044,19.038,12.348,8.8,8.9,81.4,675.8944,1000,1000
19,1,1,"base_example",1,1,1,0.3,"one_stage",30,30,30,30,"CRM","additive_shared","additive_shared","previous_dose",0.15,0.85,"previous_dose_additive",0.5,0.5,0.15,0.85,0.15,0.85,3,1,"one_stage","continuous",0.0179,28,2,"any_admissible_dose",0,0,0.2,0.85,0,1,0,2,0.35,0.06,0.3817,0.2626,40.4874,0.1268,NA,NA,15.8,5.6,4.344,3.841,2.144,19.038,12.348,8.8,8.9,81.4,675.8944,1000,1000
19,1,1,"base_example",1,1,1,0.3,"one_stage",30,30,30,30,"CRM","additive_shared","additive_shared","previous_dose",0.15,0.85,"previous_dose_additive",0.5,0.5,0.15,0.85,0.15,0.85,3,1,"one_stage","continuous",0.0179,28,2,"any_admissible_dose",0,0,0.2,0.85,0,1,0,3,0.4,0.07,0.4771,0.3572,42.3485,0.1268,NA,NA,11.4,2.6,2.421,2.133,0.917,19.038,12.348,8.8,8.9,81.4,675.8944,1000,1000
19,1,1,"base_example",1,1,1,0.3,"one_stage",30,30,30,30,"CRM","additive_shared","additive_shared","previous_dose",0.15,0.85,"previous_dose_additive",0.5,0.5,0.15,0.85,0.15,0.85,3,1,"one_stage","continuous",0.0179,28,2,"any_admissible_dose",0,0,0.2,0.85,0,1,0,4,0.45,0.08,0.521,0.437,45.3805,0.1268,NA,NA,3,0.9,1.002,0.917,0.47,19.038,12.348,8.8,8.9,81.4,675.8944,1000,1000
19,1,1,"base_example",1,1,1,0.3,"one_stage",30,30,30,30,"CRM","additive_shared","additive_shared","previous_dose",0.15,0.85,"previous_dose_additive",0.5,0.5,0.15,0.85,0.15,0.85,3,1,"one_stage","continuous",0.0179,28,2,"any_admissible_dose",0,0,0.2,0.85,0,1,0,5,0.5,0.09,0.6038,0.4805,44.6758,0.1268,NA,NA,1.2,0.4,0.309,0.266,0.115,19.038,12.348,8.8,8.9,81.4,675.8944,1000,1000
20,16,1,"five_scenarios_txt",1,5,1,0.3,"one_stage",30,30,30,30,"CRM","additive_shared","additive_shared","previous_dose",0.15,0.85,"previous_dose_additive",0.5,0.5,0.15,0.85,0.15,0.85,3,1,"one_stage","continuous",0.0179,28,2,"any_admissible_dose",0,0,0.2,0.85,0,1,0,1,0.02,0.2,0.0401,0.1943,50.0549,0.1248,NA,NA,0,23.3,7.311,6.457,1.677,30,18.21,0,0,1,999.4271,1000,1000
20,16,1,"five_scenarios_txt",1,5,1,0.3,"one_stage",30,30,30,30,"CRM","additive_shared","additive_shared","previous_dose",0.15,0.85,"previous_dose_additive",0.5,0.5,0.15,0.85,0.15,0.85,3,1,"one_stage","continuous",0.0179,28,2,"any_admissible_dose",0,0,0.2,0.85,0,1,0,2,0.06,0.2,0.0612,0.1896,48.9277,0.1248,NA,NA,0,21,6.618,5.977,3.526,30,18.21,0,0,1,999.4271,1000,1000
20,16,1,"five_scenarios_txt",1,5,1,0.3,"one_stage",30,30,30,30,"CRM","additive_shared","additive_shared","previous_dose",0.15,0.85,"previous_dose_additive",0.5,0.5,0.15,0.85,0.15,0.85,3,1,"one_stage","continuous",0.0179,28,2,"any_admissible_dose",0,0,0.2,0.85,0,1,0,3,0.09,0.2,0.1142,0.2039,47.6664,0.1248,NA,NA,0.9,19.8,5.718,5.285,2.068,30,18.21,0,0,1,999.4271,1000,1000
20,16,1,"five_scenarios_txt",1,5,1,0.3,"one_stage",30,30,30,30,"CRM","additive_shared","additive_shared","previous_dose",0.15,0.85,"previous_dose_additive",0.5,0.5,0.15,0.85,0.15,0.85,3,1,"one_stage","continuous",0.0179,28,2,"any_admissible_dose",0,0,0.2,0.85,0,1,0,4,0.14,0.2,0.1463,0.2129,46.9196,0.1248,NA,NA,9.5,21.2,5.721,5.233,2.699,30,18.21,0,0,1,999.4271,1000,1000
20,16,1,"five_scenarios_txt",1,5,1,0.3,"one_stage",30,30,30,30,"CRM","additive_shared","additive_shared","previous_dose",0.15,0.85,"previous_dose_additive",0.5,0.5,0.15,0.85,0.15,0.85,3,1,"one_stage","continuous",0.0179,28,2,"any_admissible_dose",0,0,0.2,0.85,0,1,0,5,0.26,0.2,0.2221,0.2457,45.8569,0.1248,NA,NA,89.6,13.7,4.632,4.213,1.82,30,18.21,0,0,1,999.4271,1000,1000
21,20,5,"five_scenarios_txt",1,3,2,0.3,"one_stage",30,30,30,30,"CRM","additive_shared","additive_shared","previous_dose",0.15,0.85,"previous_dose_additive",0.5,0.5,0.15,0.85,0.15,0.85,3,1,"one_stage","continuous",0.0179,28,2,"any_admissible_dose",0,0,0.2,0.85,0,1,0,1,0.07,0.05,0.1367,0.126,42.0923,0.1268,NA,NA,2.3,4.8,5.178,4.57,0.875,29.508,18.874,0.1,0.1,4.9,1036.3493,1000,1000
21,20,5,"five_scenarios_txt",1,3,2,0.3,"one_stage",30,30,30,30,"CRM","additive_shared","additive_shared","previous_dose",0.15,0.85,"previous_dose_additive",0.5,0.5,0.15,0.85,0.15,0.85,3,1,"one_stage","continuous",0.0179,28,2,"any_admissible_dose",0,0,0.2,0.85,0,1,0,2,0.14,0.25,0.1807,0.228,46.4512,0.1268,NA,NA,7.4,45.6,10.956,9.225,4.849,29.508,18.874,0.1,0.1,4.9,1036.3493,1000,1000
21,20,5,"five_scenarios_txt",1,3,2,0.3,"one_stage",30,30,30,30,"CRM","additive_shared","additive_shared","previous_dose",0.15,0.85,"previous_dose_additive",0.5,0.5,0.15,0.85,0.15,0.85,3,1,"one_stage","continuous",0.0179,28,2,"any_admissible_dose",0,0,0.2,0.85,0,1,0,3,0.31,0.25,0.2711,0.2461,43.9189,0.1268,NA,NA,39.4,29.2,7.71,6.801,2.598,29.508,18.874,0.1,0.1,4.9,1036.3493,1000,1000
21,20,5,"five_scenarios_txt",1,3,2,0.3,"one_stage",30,30,30,30,"CRM","additive_shared","additive_shared","previous_dose",0.15,0.85,"previous_dose_additive",0.5,0.5,0.15,0.85,0.15,0.85,3,1,"one_stage","continuous",0.0179,28,2,"any_admissible_dose",0,0,0.2,0.85,0,1,0,4,0.41,0.25,0.3176,0.3117,45.9944,0.1268,NA,NA,38.1,13.5,4.248,3.95,1.76,29.508,18.874,0.1,0.1,4.9,1036.3493,1000,1000
21,20,5,"five_scenarios_txt",1,3,2,0.3,"one_stage",30,30,30,30,"CRM","additive_shared","additive_shared","previous_dose",0.15,0.85,"previous_dose_additive",0.5,0.5,0.15,0.85,0.15,0.85,3,1,"one_stage","continuous",0.0179,28,2,"any_admissible_dose",0,0,0.2,0.85,0,1,0,5,0.52,0.25,0.4133,0.4216,48.7627,0.1268,NA,NA,12.7,2,1.416,1.335,0.552,29.508,18.874,0.1,0.1,4.9,1036.3493,1000,1000
22,24,4,"five_scenarios_txt",1,5,4,0.3,"one_stage",30,30,30,30,"CRM","additive_shared","additive_shared","previous_dose",0.15,0.85,"previous_dose_additive",0.5,0.5,0.15,0.85,0.15,0.85,3,1,"one_stage","continuous",0.0179,28,2,"any_admissible_dose",0,0,0.2,0.85,0,1,0,1,0.01,0.05,0.0275,0.1466,47.6978,0.1242,NA,NA,0,1,3.426,3.336,0.178,30,19.56,0,0,0,1079.5178,1000,1000
22,24,4,"five_scenarios_txt",1,5,4,0.3,"one_stage",30,30,30,30,"CRM","additive_shared","additive_shared","previous_dose",0.15,0.85,"previous_dose_additive",0.5,0.5,0.15,0.85,0.15,0.85,3,1,"one_stage","continuous",0.0179,28,2,"any_admissible_dose",0,0,0.2,0.85,0,1,0,2,0.02,0.08,0.044,0.1591,47.7898,0.1242,NA,NA,0,1.1,3.465,3.423,2.535,30,19.56,0,0,0,1079.5178,1000,1000
22,24,4,"five_scenarios_txt",1,5,4,0.3,"one_stage",30,30,30,30,"CRM","additive_shared","additive_shared","previous_dose",0.15,0.85,"previous_dose_additive",0.5,0.5,0.15,0.85,0.15,0.85,3,1,"one_stage","continuous",0.0179,28,2,"any_admissible_dose",0,0,0.2,0.85,0,1,0,3,0.05,0.2,0.0882,0.2259,50.0242,0.1242,NA,NA,0,4.9,4.449,4.166,1.435,30,19.56,0,0,0,1079.5178,1000,1000
22,24,4,"five_scenarios_txt",1,5,4,0.3,"one_stage",30,30,30,30,"CRM","additive_shared","additive_shared","previous_dose",0.15,0.85,"previous_dose_additive",0.5,0.5,0.15,0.85,0.15,0.85,3,1,"one_stage","continuous",0.0179,28,2,"any_admissible_dose",0,0,0.2,0.85,0,1,0,4,0.1,0.5,0.1163,0.4246,60.8194,0.1242,NA,NA,30,59.4,12.201,10.097,4.357,30,19.56,0,0,0,1079.5178,1000,1000
22,24,4,"five_scenarios_txt",1,5,4,0.3,"one_stage",30,30,30,30,"CRM","additive_shared","additive_shared","previous_dose",0.15,0.85,"previous_dose_additive",0.5,0.5,0.15,0.85,0.15,0.85,3,1,"one_stage","continuous",0.0179,28,2,"any_admissible_dose",0,0,0.2,0.85,0,1,0,5,0.25,0.5,0.1856,0.4446,59.2508,0.1242,NA,NA,70,33.6,6.459,5.553,1.935,30,19.56,0,0,0,1079.5178,1000,1000
23,27,2,"higher_gap_above_MTD",1,3,3,0.3,"one_stage",30,30,30,30,"CRM","additive_shared","additive_shared","previous_dose",0.15,0.85,"previous_dose_additive",0.5,0.5,0.15,0.85,0.15,0.85,3,1,"one_stage","continuous",0.0179,28,2,"any_admissible_dose",0,0,0.2,0.85,0,1,0,1,0.11,0.1,0.1604,0.1416,42.0769,0.1254,NA,NA,5,10,7.062,5.888,1.518,29.166,19.389,0.2,0.2,8.7,1064.4542,1000,1000
23,27,2,"higher_gap_above_MTD",1,3,3,0.3,"one_stage",30,30,30,30,"CRM","additive_shared","additive_shared","previous_dose",0.15,0.85,"previous_dose_additive",0.5,0.5,0.15,0.85,0.15,0.85,3,1,"one_stage","continuous",0.0179,28,2,"any_admissible_dose",0,0,0.2,0.85,0,1,0,2,0.17,0.2,0.2076,0.203,43.8776,0.1254,NA,NA,14.3,22.9,7.827,6.896,3.56,29.166,19.389,0.2,0.2,8.7,1064.4542,1000,1000
23,27,2,"higher_gap_above_MTD",1,3,3,0.3,"one_stage",30,30,30,30,"CRM","additive_shared","additive_shared","previous_dose",0.15,0.85,"previous_dose_additive",0.5,0.5,0.15,0.85,0.15,0.85,3,1,"one_stage","continuous",0.0179,28,2,"any_admissible_dose",0,0,0.2,0.85,0,1,0,3,0.3,0.4,0.302,0.3632,49.7133,0.1254,NA,NA,51.1,46.3,9.993,8.618,3.143,29.166,19.389,0.2,0.2,8.7,1064.4542,1000,1000
23,27,2,"higher_gap_above_MTD",1,3,3,0.3,"one_stage",30,30,30,30,"CRM","additive_shared","additive_shared","previous_dose",0.15,0.85,"previous_dose_additive",0.5,0.5,0.15,0.85,0.15,0.85,3,1,"one_stage","continuous",0.0179,28,2,"any_admissible_dose",0,0,0.2,0.85,0,1,0,4,0.5,0.42,0.3494,0.4357,52.1636,0.1254,NA,NA,25.6,11.1,3.591,3.38,1.314,29.166,19.389,0.2,0.2,8.7,1064.4542,1000,1000
23,27,2,"higher_gap_above_MTD",1,3,3,0.3,"one_stage",30,30,30,30,"CRM","additive_shared","additive_shared","previous_dose",0.15,0.85,"previous_dose_additive",0.5,0.5,0.15,0.85,0.15,0.85,3,1,"one_stage","continuous",0.0179,28,2,"any_admissible_dose",0,0,0.2,0.85,0,1,0,5,0.62,0.45,0.4453,0.4813,51.0705,0.1254,NA,NA,3.8,1,0.693,0.655,0.242,29.166,19.389,0.2,0.2,8.7,1064.4542,1000,1000
24,38,38,"user_added",1,5,5,0.3,"one_stage",30,30,30,30,"CRM","additive_shared","additive_shared","previous_dose",0.15,0.85,"previous_dose_additive",0.5,0.5,0.15,0.85,0.15,0.85,3,1,"one_stage","continuous",0.0179,28,2,"any_admissible_dose",0,0,0.2,0.85,0,1,0,1,0.05,0.05,0.0609,0.1299,45.355,0.1223,NA,NA,0.6,4.2,4.488,4.075,0.643,29.844,18.908,0,0,4.3,1041.4622,1000,1000
24,38,38,"user_added",1,5,5,0.3,"one_stage",30,30,30,30,"CRM","additive_shared","additive_shared","previous_dose",0.15,0.85,"previous_dose_additive",0.5,0.5,0.15,0.85,0.15,0.85,3,1,"one_stage","continuous",0.0179,28,2,"any_admissible_dose",0,0,0.2,0.85,0,1,0,2,0.1,0.08,0.0889,0.1443,45.1017,0.1223,NA,NA,0.4,6,4.449,4.191,2.821,29.844,18.908,0,0,4.3,1041.4622,1000,1000
24,38,38,"user_added",1,5,5,0.3,"one_stage",30,30,30,30,"CRM","additive_shared","additive_shared","previous_dose",0.15,0.85,"previous_dose_additive",0.5,0.5,0.15,0.85,0.15,0.85,3,1,"one_stage","continuous",0.0179,28,2,"any_admissible_dose",0,0,0.2,0.85,0,1,0,3,0.12,0.12,0.155,0.1643,43.6613,0.1223,NA,NA,2.9,7.8,4.947,4.579,1.674,29.844,18.908,0,0,4.3,1041.4622,1000,1000
24,38,38,"user_added",1,5,5,0.3,"one_stage",30,30,30,30,"CRM","additive_shared","additive_shared","previous_dose",0.15,0.85,"previous_dose_additive",0.5,0.5,0.15,0.85,0.15,0.85,3,1,"one_stage","continuous",0.0179,28,2,"any_admissible_dose",0,0,0.2,0.85,0,1,0,4,0.15,0.15,0.193,0.1904,43.7019,0.1223,NA,NA,14.2,11.5,5.391,4.943,2.557,29.844,18.908,0,0,4.3,1041.4622,1000,1000
24,38,38,"user_added",1,5,5,0.3,"one_stage",30,30,30,30,"CRM","additive_shared","additive_shared","previous_dose",0.15,0.85,"previous_dose_additive",0.5,0.5,0.15,0.85,0.15,0.85,3,1,"one_stage","continuous",0.0179,28,2,"any_admissible_dose",0,0,0.2,0.85,0,1,0,5,0.3,0.5,0.279,0.4643,56.6984,0.1223,NA,NA,81.9,66.2,10.569,9.003,3.241,29.844,18.908,0,0,4.3,1041.4622,1000,1000
25,1,1,"base_example",1,1,1,0.3,"two_stage",30,30,6,30,"CRM","additive_shared","additive_shared","previous_dose",0.15,0.85,"previous_dose_additive",0.5,0.5,0.15,0.85,0.15,0.85,3,1,"one_stage","ipde_first",0.0179,28,2,"any_admissible_dose",0.3,0.3,0.2,0.85,0,1,0,1,0.3,0.05,0.3534,0.0834,30.8687,0.1512,NA,NA,63.4,10.3,11.229,8.406,3.153,18.477,11.955,12.6,13.4,82.4,793.7679,1000,1000
25,1,1,"base_example",1,1,1,0.3,"two_stage",30,30,6,30,"CRM","additive_shared","additive_shared","previous_dose",0.15,0.85,"previous_dose_additive",0.5,0.5,0.15,0.85,0.15,0.85,3,1,"one_stage","ipde_first",0.0179,28,2,"any_admissible_dose",0.3,0.3,0.2,0.85,0,1,0,2,0.35,0.06,0.4075,0.271,39.9631,0.1512,NA,NA,15.6,4.1,4.251,3.753,2.274,18.477,11.955,12.6,13.4,82.4,793.7679,1000,1000
25,1,1,"base_example",1,1,1,0.3,"two_stage",30,30,6,30,"CRM","additive_shared","additive_shared","previous_dose",0.15,0.85,"previous_dose_additive",0.5,0.5,0.15,0.85,0.15,0.85,3,1,"one_stage","ipde_first",0.0179,28,2,"any_admissible_dose",0.3,0.3,0.2,0.85,0,1,0,3,0.4,0.07,0.5024,0.3818,42.8122,0.1512,NA,NA,6.5,2.4,2.163,1.878,0.661,18.477,11.955,12.6,13.4,82.4,793.7679,1000,1000
25,1,1,"base_example",1,1,1,0.3,"two_stage",30,30,6,30,"CRM","additive_shared","additive_shared","previous_dose",0.15,0.85,"previous_dose_additive",0.5,0.5,0.15,0.85,0.15,0.85,3,1,"one_stage","ipde_first",0.0179,28,2,"any_admissible_dose",0.3,0.3,0.2,0.85,0,1,0,4,0.45,0.08,0.5455,0.4568,45.59,0.1512,NA,NA,1.8,0.8,0.693,0.642,0.389,18.477,11.955,12.6,13.4,82.4,793.7679,1000,1000
25,1,1,"base_example",1,1,1,0.3,"two_stage",30,30,6,30,"CRM","additive_shared","additive_shared","previous_dose",0.15,0.85,"previous_dose_additive",0.5,0.5,0.15,0.85,0.15,0.85,3,1,"one_stage","ipde_first",0.0179,28,2,"any_admissible_dose",0.3,0.3,0.2,0.85,0,1,0,5,0.5,0.09,0.6261,0.4903,44.3706,0.1512,NA,NA,0.1,0,0.141,0.124,0.045,18.477,11.955,12.6,13.4,82.4,793.7679,1000,1000
26,16,1,"five_scenarios_txt",1,5,1,0.3,"two_stage",30,30,6,30,"CRM","additive_shared","additive_shared","previous_dose",0.15,0.85,"previous_dose_additive",0.5,0.5,0.15,0.85,0.15,0.85,3,1,"one_stage","ipde_first",0.0179,28,2,"any_admissible_dose",0.3,0.3,0.2,0.85,0,1,0,1,0.02,0.2,0.0447,0.2012,50.2841,0.1451,NA,NA,0,21.8,6.882,6.097,1.617,30,18.204,0,0,0.9,1245.5238,1000,1000
26,16,1,"five_scenarios_txt",1,5,1,0.3,"two_stage",30,30,6,30,"CRM","additive_shared","additive_shared","previous_dose",0.15,0.85,"previous_dose_additive",0.5,0.5,0.15,0.85,0.15,0.85,3,1,"one_stage","ipde_first",0.0179,28,2,"any_admissible_dose",0.3,0.3,0.2,0.85,0,1,0,2,0.06,0.2,0.0675,0.2156,50.2345,0.1451,NA,NA,0.1,24.4,6.957,6.22,4.057,30,18.204,0,0,0.9,1245.5238,1000,1000
26,16,1,"five_scenarios_txt",1,5,1,0.3,"two_stage",30,30,6,30,"CRM","additive_shared","additive_shared","previous_dose",0.15,0.85,"previous_dose_additive",0.5,0.5,0.15,0.85,0.15,0.85,3,1,"one_stage","ipde_first",0.0179,28,2,"any_admissible_dose",0.3,0.3,0.2,0.85,0,1,0,3,0.09,0.2,0.1242,0.2162,48.0067,0.1451,NA,NA,0.8,19.6,5.781,5.341,1.631,30,18.204,0,0,0.9,1245.5238,1000,1000
26,16,1,"five_scenarios_txt",1,5,1,0.3,"two_stage",30,30,6,30,"CRM","additive_shared","additive_shared","previous_dose",0.15,0.85,"previous_dose_additive",0.5,0.5,0.15,0.85,0.15,0.85,3,1,"one_stage","ipde_first",0.0179,28,2,"any_admissible_dose",0.3,0.3,0.2,0.85,0,1,0,4,0.14,0.2,0.158,0.2348,47.7667,0.1451,NA,NA,10.4,19.6,5.637,5.198,2.965,30,18.204,0,0,0.9,1245.5238,1000,1000
26,16,1,"five_scenarios_txt",1,5,1,0.3,"two_stage",30,30,6,30,"CRM","additive_shared","additive_shared","previous_dose",0.15,0.85,"previous_dose_additive",0.5,0.5,0.15,0.85,0.15,0.85,3,1,"one_stage","ipde_first",0.0179,28,2,"any_admissible_dose",0.3,0.3,0.2,0.85,0,1,0,5,0.26,0.2,0.2371,0.2568,45.9269,0.1451,NA,NA,88.7,13.7,4.743,4.351,1.526,30,18.204,0,0,0.9,1245.5238,1000,1000
27,20,5,"five_scenarios_txt",1,3,2,0.3,"two_stage",30,30,6,30,"CRM","additive_shared","additive_shared","previous_dose",0.15,0.85,"previous_dose_additive",0.5,0.5,0.15,0.85,0.15,0.85,3,1,"one_stage","ipde_first",0.0179,28,2,"any_admissible_dose",0.3,0.3,0.2,0.85,0,1,0,1,0.07,0.05,0.1502,0.1276,41.6488,0.1504,NA,NA,1.8,5.7,5.22,4.573,0.916,29.631,18.953,0.3,0.3,5.8,1279.0593,1000,1000
27,20,5,"five_scenarios_txt",1,3,2,0.3,"two_stage",30,30,6,30,"CRM","additive_shared","additive_shared","previous_dose",0.15,0.85,"previous_dose_additive",0.5,0.5,0.15,0.85,0.15,0.85,3,1,"one_stage","ipde_first",0.0179,28,2,"any_admissible_dose",0.3,0.3,0.2,0.85,0,1,0,2,0.14,0.25,0.1963,0.2464,46.9334,0.1504,NA,NA,13.5,48.6,10.635,9.014,5.324,29.631,18.953,0.3,0.3,5.8,1279.0593,1000,1000
27,20,5,"five_scenarios_txt",1,3,2,0.3,"two_stage",30,30,6,30,"CRM","additive_shared","additive_shared","previous_dose",0.15,0.85,"previous_dose_additive",0.5,0.5,0.15,0.85,0.15,0.85,3,1,"one_stage","ipde_first",0.0179,28,2,"any_admissible_dose",0.3,0.3,0.2,0.85,0,1,0,3,0.31,0.25,0.2894,0.263,44.2065,0.1504,NA,NA,44.7,29.3,8.049,7.181,2.088,29.631,18.953,0.3,0.3,5.8,1279.0593,1000,1000
27,20,5,"five_scenarios_txt",1,3,2,0.3,"two_stage",30,30,6,30,"CRM","additive_shared","additive_shared","previous_dose",0.15,0.85,"previous_dose_additive",0.5,0.5,0.15,0.85,0.15,0.85,3,1,"one_stage","ipde_first",0.0179,28,2,"any_admissible_dose",0.3,0.3,0.2,0.85,0,1,0,4,0.41,0.25,0.3366,0.3309,46.3906,0.1504,NA,NA,32.3,9.5,4.296,4.078,1.926,29.631,18.953,0.3,0.3,5.8,1279.0593,1000,1000
27,20,5,"five_scenarios_txt",1,3,2,0.3,"two_stage",30,30,6,30,"CRM","additive_shared","additive_shared","previous_dose",0.15,0.85,"previous_dose_additive",0.5,0.5,0.15,0.85,0.15,0.85,3,1,"one_stage","ipde_first",0.0179,28,2,"any_admissible_dose",0.3,0.3,0.2,0.85,0,1,0,5,0.52,0.25,0.4327,0.4261,48.26,0.1504,NA,NA,7.4,1.1,1.431,1.379,0.424,29.631,18.953,0.3,0.3,5.8,1279.0593,1000,1000
28,24,4,"five_scenarios_txt",1,5,4,0.3,"two_stage",30,30,6,30,"CRM","additive_shared","additive_shared","previous_dose",0.15,0.85,"previous_dose_additive",0.5,0.5,0.15,0.85,0.15,0.85,3,1,"one_stage","ipde_first",0.0179,28,2,"any_admissible_dose",0.3,0.3,0.2,0.85,0,1,0,1,0.01,0.05,0.0325,0.1494,47.6615,0.1389,NA,NA,0,1,3.363,3.278,0.17,30,19.68,0,0,0.1,1336.0552,1000,1000
28,24,4,"five_scenarios_txt",1,5,4,0.3,"two_stage",30,30,6,30,"CRM","additive_shared","additive_shared","previous_dose",0.15,0.85,"previous_dose_additive",0.5,0.5,0.15,0.85,0.15,0.85,3,1,"one_stage","ipde_first",0.0179,28,2,"any_admissible_dose",0.3,0.3,0.2,0.85,0,1,0,2,0.02,0.08,0.0512,0.1713,48.2344,0.1389,NA,NA,0,1.7,3.435,3.381,2.994,30,19.68,0,0,0.1,1336.0552,1000,1000
28,24,4,"five_scenarios_txt",1,5,4,0.3,"two_stage",30,30,6,30,"CRM","additive_shared","additive_shared","previous_dose",0.15,0.85,"previous_dose_additive",0.5,0.5,0.15,0.85,0.15,0.85,3,1,"one_stage","ipde_first",0.0179,28,2,"any_admissible_dose",0.3,0.3,0.2,0.85,0,1,0,3,0.05,0.2,0.0999,0.2402,50.4199,0.1389,NA,NA,0,4.4,4.302,4.127,0.696,30,19.68,0,0,0.1,1336.0552,1000,1000
28,24,4,"five_scenarios_txt",1,5,4,0.3,"two_stage",30,30,6,30,"CRM","additive_shared","additive_shared","previous_dose",0.15,0.85,"previous_dose_additive",0.5,0.5,0.15,0.85,0.15,0.85,3,1,"one_stage","ipde_first",0.0179,28,2,"any_admissible_dose",0.3,0.3,0.2,0.85,0,1,0,4,0.1,0.5,0.1302,0.4645,62.6659,0.1389,NA,NA,3.8,56.6,10.92,9.47,4.643,30,19.68,0,0,0.1,1336.0552,1000,1000
28,24,4,"five_scenarios_txt",1,5,4,0.3,"two_stage",30,30,6,30,"CRM","additive_shared","additive_shared","previous_dose",0.15,0.85,"previous_dose_additive",0.5,0.5,0.15,0.85,0.15,0.85,3,1,"one_stage","ipde_first",0.0179,28,2,"any_admissible_dose",0.3,0.3,0.2,0.85,0,1,0,5,0.25,0.5,0.2034,0.4466,58.6597,0.1389,NA,NA,96.2,36.2,7.98,7.025,1.817,30,19.68,0,0,0.1,1336.0552,1000,1000
29,27,2,"higher_gap_above_MTD",1,3,3,0.3,"two_stage",30,30,6,30,"CRM","additive_shared","additive_shared","previous_dose",0.15,0.85,"previous_dose_additive",0.5,0.5,0.15,0.85,0.15,0.85,3,1,"one_stage","ipde_first",0.0179,28,2,"any_admissible_dose",0.3,0.3,0.2,0.85,0,1,0,1,0.11,0.1,0.1738,0.1503,42.0653,0.1467,NA,NA,4.2,11.9,7.17,5.97,1.608,29.178,19.355,0.9,0.9,7.2,1299.7185,1000,1000
29,27,2,"higher_gap_above_MTD",1,3,3,0.3,"two_stage",30,30,6,30,"CRM","additive_shared","additive_shared","previous_dose",0.15,0.85,"previous_dose_additive",0.5,0.5,0.15,0.85,0.15,0.85,3,1,"one_stage","ipde_first",0.0179,28,2,"any_admissible_dose",0.3,0.3,0.2,0.85,0,1,0,2,0.17,0.2,0.2224,0.2238,44.5318,0.1467,NA,NA,20.2,26.4,8.244,7.222,4.158,29.178,19.355,0.9,0.9,7.2,1299.7185,1000,1000
29,27,2,"higher_gap_above_MTD",1,3,3,0.3,"two_stage",30,30,6,30,"CRM","additive_shared","additive_shared","previous_dose",0.15,0.85,"previous_dose_additive",0.5,0.5,0.15,0.85,0.15,0.85,3,1,"one_stage","ipde_first",0.0179,28,2,"any_admissible_dose",0.3,0.3,0.2,0.85,0,1,0,3,0.3,0.4,0.3184,0.3899,50.6592,0.1467,NA,NA,51.7,47.1,9.465,8.395,2.527,29.178,19.355,0.9,0.9,7.2,1299.7185,1000,1000
29,27,2,"higher_gap_above_MTD",1,3,3,0.3,"two_stage",30,30,6,30,"CRM","additive_shared","additive_shared","previous_dose",0.15,0.85,"previous_dose_additive",0.5,0.5,0.15,0.85,0.15,0.85,3,1,"one_stage","ipde_first",0.0179,28,2,"any_admissible_dose",0.3,0.3,0.2,0.85,0,1,0,4,0.5,0.42,0.3662,0.4491,52.2984,0.1467,NA,NA,20.9,7,3.534,3.403,1.332,29.178,19.355,0.9,0.9,7.2,1299.7185,1000,1000
29,27,2,"higher_gap_above_MTD",1,3,3,0.3,"two_stage",30,30,6,30,"CRM","additive_shared","additive_shared","previous_dose",0.15,0.85,"previous_dose_additive",0.5,0.5,0.15,0.85,0.15,0.85,3,1,"one_stage","ipde_first",0.0179,28,2,"any_admissible_dose",0.3,0.3,0.2,0.85,0,1,0,5,0.62,0.45,0.4618,0.4917,51.0328,0.1467,NA,NA,2.1,0.4,0.765,0.754,0.198,29.178,19.355,0.9,0.9,7.2,1299.7185,1000,1000
30,38,38,"user_added",1,5,5,0.3,"two_stage",30,30,6,30,"CRM","additive_shared","additive_shared","previous_dose",0.15,0.85,"previous_dose_additive",0.5,0.5,0.15,0.85,0.15,0.85,3,1,"one_stage","ipde_first",0.0179,28,2,"any_admissible_dose",0.3,0.3,0.2,0.85,0,1,0,1,0.05,0.05,0.0682,0.1284,44.9761,0.1372,NA,NA,0.7,5.4,4.74,4.209,0.776,29.85,18.782,0,0,4.1,1284.8539,1000,1000
30,38,38,"user_added",1,5,5,0.3,"two_stage",30,30,6,30,"CRM","additive_shared","additive_shared","previous_dose",0.15,0.85,"previous_dose_additive",0.5,0.5,0.15,0.85,0.15,0.85,3,1,"one_stage","ipde_first",0.0179,28,2,"any_admissible_dose",0.3,0.3,0.2,0.85,0,1,0,2,0.1,0.08,0.0981,0.1489,45.0114,0.1372,NA,NA,0.4,7.1,4.632,4.348,3.274,29.85,18.782,0,0,4.1,1284.8539,1000,1000
30,38,38,"user_added",1,5,5,0.3,"two_stage",30,30,6,30,"CRM","additive_shared","additive_shared","previous_dose",0.15,0.85,"previous_dose_additive",0.5,0.5,0.15,0.85,0.15,0.85,3,1,"one_stage","ipde_first",0.0179,28,2,"any_admissible_dose",0.3,0.3,0.2,0.85,0,1,0,3,0.12,0.12,0.1676,0.17,43.4961,0.1372,NA,NA,2.7,10.9,5.277,4.836,1.293,29.85,18.782,0,0,4.1,1284.8539,1000,1000
30,38,38,"user_added",1,5,5,0.3,"two_stage",30,30,6,30,"CRM","additive_shared","additive_shared","previous_dose",0.15,0.85,"previous_dose_additive",0.5,0.5,0.15,0.85,0.15,0.85,3,1,"one_stage","ipde_first",0.0179,28,2,"any_admissible_dose",0.3,0.3,0.2,0.85,0,1,0,4,0.15,0.15,0.207,0.1987,43.6454,0.1372,NA,NA,21.3,14.2,5.706,5.158,3.032,29.85,18.782,0,0,4.1,1284.8539,1000,1000
30,38,38,"user_added",1,5,5,0.3,"two_stage",30,30,6,30,"CRM","additive_shared","additive_shared","previous_dose",0.15,0.85,"previous_dose_additive",0.5,0.5,0.15,0.85,0.15,0.85,3,1,"one_stage","ipde_first",0.0179,28,2,"any_admissible_dose",0.3,0.3,0.2,0.85,0,1,0,5,0.3,0.5,0.2947,0.4713,56.4911,0.1372,NA,NA,74.9,58.3,9.495,8.129,2.693,29.85,18.782,0,0,4.1,1284.8539,1000,1000
31,1,1,"base_example",1,1,1,0.3,"one_stage",30,30,30,30,"CRM","additive_shared","additive_shared","previous_dose",0.15,0.85,"previous_dose_additive",0.5,0.5,0.15,0.85,0.15,0.85,3,1,"one_stage","ipde_first",0.0179,28,2,"any_admissible_dose",0.3,0.3,0.2,0.85,0,1,0,1,0.3,0.05,0.3532,0.083,30.8477,0.1523,NA,NA,63.6,9.8,11.361,8.453,3.193,18.453,11.919,12.5,12.9,83,790.8346,1000,1000
31,1,1,"base_example",1,1,1,0.3,"one_stage",30,30,30,30,"CRM","additive_shared","additive_shared","previous_dose",0.15,0.85,"previous_dose_additive",0.5,0.5,0.15,0.85,0.15,0.85,3,1,"one_stage","ipde_first",0.0179,28,2,"any_admissible_dose",0.3,0.3,0.2,0.85,0,1,0,2,0.35,0.06,0.4073,0.2728,40.0758,0.1523,NA,NA,16.2,4,4.215,3.683,2.268,18.453,11.919,12.5,12.9,83,790.8346,1000,1000
31,1,1,"base_example",1,1,1,0.3,"one_stage",30,30,30,30,"CRM","additive_shared","additive_shared","previous_dose",0.15,0.85,"previous_dose_additive",0.5,0.5,0.15,0.85,0.15,0.85,3,1,"one_stage","ipde_first",0.0179,28,2,"any_admissible_dose",0.3,0.3,0.2,0.85,0,1,0,3,0.4,0.07,0.5023,0.3834,42.9136,0.1523,NA,NA,5.8,2.3,2.07,1.789,0.646,18.453,11.919,12.5,12.9,83,790.8346,1000,1000
31,1,1,"base_example",1,1,1,0.3,"one_stage",30,30,30,30,"CRM","additive_shared","additive_shared","previous_dose",0.15,0.85,"previous_dose_additive",0.5,0.5,0.15,0.85,0.15,0.85,3,1,"one_stage","ipde_first",0.0179,28,2,"any_admissible_dose",0.3,0.3,0.2,0.85,0,1,0,4,0.45,0.08,0.5455,0.4573,45.6189,0.1523,NA,NA,1.8,0.9,0.687,0.627,0.387,18.453,11.919,12.5,12.9,83,790.8346,1000,1000
31,1,1,"base_example",1,1,1,0.3,"one_stage",30,30,30,30,"CRM","additive_shared","additive_shared","previous_dose",0.15,0.85,"previous_dose_additive",0.5,0.5,0.15,0.85,0.15,0.85,3,1,"one_stage","ipde_first",0.0179,28,2,"any_admissible_dose",0.3,0.3,0.2,0.85,0,1,0,5,0.5,0.09,0.6262,0.4917,44.4559,0.1523,NA,NA,0.1,0,0.12,0.106,0.04,18.453,11.919,12.5,12.9,83,790.8346,1000,1000
32,16,1,"five_scenarios_txt",1,5,1,0.3,"one_stage",30,30,30,30,"CRM","additive_shared","additive_shared","previous_dose",0.15,0.85,"previous_dose_additive",0.5,0.5,0.15,0.85,0.15,0.85,3,1,"one_stage","ipde_first",0.0179,28,2,"any_admissible_dose",0.3,0.3,0.2,0.85,0,1,0,1,0.02,0.2,0.0444,0.2001,50.2283,0.1398,NA,NA,0,21,7.098,6.267,1.631,30,18.169,0,0,0.7,1244.6441,1000,1000
32,16,1,"five_scenarios_txt",1,5,1,0.3,"one_stage",30,30,30,30,"CRM","additive_shared","additive_shared","previous_dose",0.15,0.85,"previous_dose_additive",0.5,0.5,0.15,0.85,0.15,0.85,3,1,"one_stage","ipde_first",0.0179,28,2,"any_admissible_dose",0.3,0.3,0.2,0.85,0,1,0,2,0.06,0.2,0.0672,0.214,50.1487,0.1398,NA,NA,0.4,25.1,7.074,6.315,3.949,30,18.169,0,0,0.7,1244.6441,1000,1000
32,16,1,"five_scenarios_txt",1,5,1,0.3,"one_stage",30,30,30,30,"CRM","additive_shared","additive_shared","previous_dose",0.15,0.85,"previous_dose_additive",0.5,0.5,0.15,0.85,0.15,0.85,3,1,"one_stage","ipde_first",0.0179,28,2,"any_admissible_dose",0.3,0.3,0.2,0.85,0,1,0,3,0.09,0.2,0.1238,0.2214,48.3316,0.1398,NA,NA,1.2,19.7,5.832,5.316,1.869,30,18.169,0,0,0.7,1244.6441,1000,1000
32,16,1,"five_scenarios_txt",1,5,1,0.3,"one_stage",30,30,30,30,"CRM","additive_shared","additive_shared","previous_dose",0.15,0.85,"previous_dose_additive",0.5,0.5,0.15,0.85,0.15,0.85,3,1,"one_stage","ipde_first",0.0179,28,2,"any_admissible_dose",0.3,0.3,0.2,0.85,0,1,0,4,0.14,0.2,0.1576,0.2344,47.7575,0.1398,NA,NA,15.2,19.1,5.472,5.005,2.707,30,18.169,0,0,0.7,1244.6441,1000,1000
32,16,1,"five_scenarios_txt",1,5,1,0.3,"one_stage",30,30,30,30,"CRM","additive_shared","additive_shared","previous_dose",0.15,0.85,"previous_dose_additive",0.5,0.5,0.15,0.85,0.15,0.85,3,1,"one_stage","ipde_first",0.0179,28,2,"any_admissible_dose",0.3,0.3,0.2,0.85,0,1,0,5,0.26,0.2,0.2367,0.2731,46.9204,0.1398,NA,NA,83.2,14.4,4.524,4.096,1.675,30,18.169,0,0,0.7,1244.6441,1000,1000
33,20,5,"five_scenarios_txt",1,3,2,0.3,"one_stage",30,30,30,30,"CRM","additive_shared","additive_shared","previous_dose",0.15,0.85,"previous_dose_additive",0.5,0.5,0.15,0.85,0.15,0.85,3,1,"one_stage","ipde_first",0.0179,28,2,"any_admissible_dose",0.3,0.3,0.2,0.85,0,1,0,1,0.07,0.05,0.1461,0.1241,41.6004,0.1508,NA,NA,2,4.9,5.385,4.693,0.947,29.631,18.799,0.3,0.3,6,1268.0172,1000,1000
33,20,5,"five_scenarios_txt",1,3,2,0.3,"one_stage",30,30,30,30,"CRM","additive_shared","additive_shared","previous_dose",0.15,0.85,"previous_dose_additive",0.5,0.5,0.15,0.85,0.15,0.85,3,1,"one_stage","ipde_first",0.0179,28,2,"any_admissible_dose",0.3,0.3,0.2,0.85,0,1,0,2,0.14,0.25,0.1915,0.239,46.6755,0.1508,NA,NA,13.5,47.6,11.235,9.39,5.317,29.631,18.799,0.3,0.3,6,1268.0172,1000,1000
33,20,5,"five_scenarios_txt",1,3,2,0.3,"one_stage",30,30,30,30,"CRM","additive_shared","additive_shared","previous_dose",0.15,0.85,"previous_dose_additive",0.5,0.5,0.15,0.85,0.15,0.85,3,1,"one_stage","ipde_first",0.0179,28,2,"any_admissible_dose",0.3,0.3,0.2,0.85,0,1,0,3,0.31,0.25,0.2839,0.2637,44.4645,0.1508,NA,NA,41.7,30,7.911,6.882,2.353,29.631,18.799,0.3,0.3,6,1268.0172,1000,1000
33,20,5,"five_scenarios_txt",1,3,2,0.3,"one_stage",30,30,30,30,"CRM","additive_shared","additive_shared","previous_dose",0.15,0.85,"previous_dose_additive",0.5,0.5,0.15,0.85,0.15,0.85,3,1,"one_stage","ipde_first",0.0179,28,2,"any_admissible_dose",0.3,0.3,0.2,0.85,0,1,0,4,0.41,0.25,0.3309,0.3369,46.9779,0.1508,NA,NA,33.6,10.1,3.924,3.649,1.772,29.631,18.799,0.3,0.3,6,1268.0172,1000,1000
33,20,5,"five_scenarios_txt",1,3,2,0.3,"one_stage",30,30,30,30,"CRM","additive_shared","additive_shared","previous_dose",0.15,0.85,"previous_dose_additive",0.5,0.5,0.15,0.85,0.15,0.85,3,1,"one_stage","ipde_first",0.0179,28,2,"any_admissible_dose",0.3,0.3,0.2,0.85,0,1,0,5,0.52,0.25,0.4269,0.4435,49.5345,0.1508,NA,NA,8.9,1.4,1.176,1.121,0.443,29.631,18.799,0.3,0.3,6,1268.0172,1000,1000
34,24,4,"five_scenarios_txt",1,5,4,0.3,"one_stage",30,30,30,30,"CRM","additive_shared","additive_shared","previous_dose",0.15,0.85,"previous_dose_additive",0.5,0.5,0.15,0.85,0.15,0.85,3,1,"one_stage","ipde_first",0.0179,28,2,"any_admissible_dose",0.3,0.3,0.2,0.85,0,1,0,1,0.01,0.05,0.0308,0.1482,47.6647,0.1346,NA,NA,0,0.5,3.387,3.3,0.168,30,19.537,0,0,0,1325.6014,1000,1000
34,24,4,"five_scenarios_txt",1,5,4,0.3,"one_stage",30,30,30,30,"CRM","additive_shared","additive_shared","previous_dose",0.15,0.85,"previous_dose_additive",0.5,0.5,0.15,0.85,0.15,0.85,3,1,"one_stage","ipde_first",0.0179,28,2,"any_admissible_dose",0.3,0.3,0.2,0.85,0,1,0,2,0.02,0.08,0.0486,0.168,48.1346,0.1346,NA,NA,0,1.4,3.489,3.425,2.984,30,19.537,0,0,0,1325.6014,1000,1000
34,24,4,"five_scenarios_txt",1,5,4,0.3,"one_stage",30,30,30,30,"CRM","additive_shared","additive_shared","previous_dose",0.15,0.85,"previous_dose_additive",0.5,0.5,0.15,0.85,0.15,0.85,3,1,"one_stage","ipde_first",0.0179,28,2,"any_admissible_dose",0.3,0.3,0.2,0.85,0,1,0,3,0.05,0.2,0.0955,0.238,50.4618,0.1346,NA,NA,0.3,4.9,4.392,4.087,0.778,30,19.537,0,0,0,1325.6014,1000,1000
34,24,4,"five_scenarios_txt",1,5,4,0.3,"one_stage",30,30,30,30,"CRM","additive_shared","additive_shared","previous_dose",0.15,0.85,"previous_dose_additive",0.5,0.5,0.15,0.85,0.15,0.85,3,1,"one_stage","ipde_first",0.0179,28,2,"any_admissible_dose",0.3,0.3,0.2,0.85,0,1,0,4,0.1,0.5,0.1248,0.4542,62.2594,0.1346,NA,NA,38.4,60.1,12.717,10.409,4.864,30,19.537,0,0,0,1325.6014,1000,1000
34,24,4,"five_scenarios_txt",1,5,4,0.3,"one_stage",30,30,30,30,"CRM","additive_shared","additive_shared","previous_dose",0.15,0.85,"previous_dose_additive",0.5,0.5,0.15,0.85,0.15,0.85,3,1,"one_stage","ipde_first",0.0179,28,2,"any_admissible_dose",0.3,0.3,0.2,0.85,0,1,0,5,0.25,0.5,0.1961,0.4683,60.2539,0.1346,NA,NA,61.3,33.1,6.015,5.084,1.669,30,19.537,0,0,0,1325.6014,1000,1000
35,27,2,"higher_gap_above_MTD",1,3,3,0.3,"one_stage",30,30,30,30,"CRM","additive_shared","additive_shared","previous_dose",0.15,0.85,"previous_dose_additive",0.5,0.5,0.15,0.85,0.15,0.85,3,1,"one_stage","ipde_first",0.0179,28,2,"any_admissible_dose",0.3,0.3,0.2,0.85,0,1,0,1,0.11,0.1,0.1717,0.145,41.833,0.1449,NA,NA,5.1,13,7.494,6.181,1.693,29.151,19.136,0.9,0.9,8.1,1281.6674,1000,1000
35,27,2,"higher_gap_above_MTD",1,3,3,0.3,"one_stage",30,30,30,30,"CRM","additive_shared","additive_shared","previous_dose",0.15,0.85,"previous_dose_additive",0.5,0.5,0.15,0.85,0.15,0.85,3,1,"one_stage","ipde_first",0.0179,28,2,"any_admissible_dose",0.3,0.3,0.2,0.85,0,1,0,2,0.17,0.2,0.2199,0.2149,44.1012,0.1449,NA,NA,18.3,24.4,8.412,7.291,4.083,29.151,19.136,0.9,0.9,8.1,1281.6674,1000,1000
35,27,2,"higher_gap_above_MTD",1,3,3,0.3,"one_stage",30,30,30,30,"CRM","additive_shared","additive_shared","previous_dose",0.15,0.85,"previous_dose_additive",0.5,0.5,0.15,0.85,0.15,0.85,3,1,"one_stage","ipde_first",0.0179,28,2,"any_admissible_dose",0.3,0.3,0.2,0.85,0,1,0,3,0.3,0.4,0.3153,0.3785,50.101,0.1449,NA,NA,55,46,9.687,8.314,2.806,29.151,19.136,0.9,0.9,8.1,1281.6674,1000,1000
35,27,2,"higher_gap_above_MTD",1,3,3,0.3,"one_stage",30,30,30,30,"CRM","additive_shared","additive_shared","previous_dose",0.15,0.85,"previous_dose_additive",0.5,0.5,0.15,0.85,0.15,0.85,3,1,"one_stage","ipde_first",0.0179,28,2,"any_admissible_dose",0.3,0.3,0.2,0.85,0,1,0,4,0.5,0.42,0.3629,0.4556,52.8229,0.1449,NA,NA,19.3,7.9,3.183,2.975,1.286,29.151,19.136,0.9,0.9,8.1,1281.6674,1000,1000
35,27,2,"higher_gap_above_MTD",1,3,3,0.3,"one_stage",30,30,30,30,"CRM","additive_shared","additive_shared","previous_dose",0.15,0.85,"previous_dose_additive",0.5,0.5,0.15,0.85,0.15,0.85,3,1,"one_stage","ipde_first",0.0179,28,2,"any_admissible_dose",0.3,0.3,0.2,0.85,0,1,0,5,0.62,0.45,0.4584,0.4954,51.3892,0.1449,NA,NA,1.4,0.6,0.375,0.363,0.147,29.151,19.136,0.9,0.9,8.1,1281.6674,1000,1000
36,38,38,"user_added",1,5,5,0.3,"one_stage",30,30,30,30,"CRM","additive_shared","additive_shared","previous_dose",0.15,0.85,"previous_dose_additive",0.5,0.5,0.15,0.85,0.15,0.85,3,1,"one_stage","ipde_first",0.0179,28,2,"any_admissible_dose",0.3,0.3,0.2,0.85,0,1,0,1,0.05,0.05,0.0676,0.1274,44.9435,0.1361,NA,NA,0.7,4.8,4.782,4.234,0.784,29.856,18.745,0,0,3.8,1280.7679,1000,1000
36,38,38,"user_added",1,5,5,0.3,"one_stage",30,30,30,30,"CRM","additive_shared","additive_shared","previous_dose",0.15,0.85,"previous_dose_additive",0.5,0.5,0.15,0.85,0.15,0.85,3,1,"one_stage","ipde_first",0.0179,28,2,"any_admissible_dose",0.3,0.3,0.2,0.85,0,1,0,2,0.1,0.08,0.0974,0.1474,44.9498,0.1361,NA,NA,0.3,7.3,4.677,4.389,3.252,29.856,18.745,0,0,3.8,1280.7679,1000,1000
36,38,38,"user_added",1,5,5,0.3,"one_stage",30,30,30,30,"CRM","additive_shared","additive_shared","previous_dose",0.15,0.85,"previous_dose_additive",0.5,0.5,0.15,0.85,0.15,0.85,3,1,"one_stage","ipde_first",0.0179,28,2,"any_admissible_dose",0.3,0.3,0.2,0.85,0,1,0,3,0.12,0.12,0.1667,0.1698,43.5241,0.1361,NA,NA,2.9,10.6,5.316,4.827,1.343,29.856,18.745,0,0,3.8,1280.7679,1000,1000
36,38,38,"user_added",1,5,5,0.3,"one_stage",30,30,30,30,"CRM","additive_shared","additive_shared","previous_dose",0.15,0.85,"previous_dose_additive",0.5,0.5,0.15,0.85,0.15,0.85,3,1,"one_stage","ipde_first",0.0179,28,2,"any_admissible_dose",0.3,0.3,0.2,0.85,0,1,0,4,0.15,0.15,0.206,0.1983,43.658,0.1361,NA,NA,21.4,14.8,5.682,5.102,3.039,29.856,18.745,0,0,3.8,1280.7679,1000,1000
36,38,38,"user_added",1,5,5,0.3,"one_stage",30,30,30,30,"CRM","additive_shared","additive_shared","previous_dose",0.15,0.85,"previous_dose_additive",0.5,0.5,0.15,0.85,0.15,0.85,3,1,"one_stage","ipde_first",0.0179,28,2,"any_admissible_dose",0.3,0.3,0.2,0.85,0,1,0,5,0.3,0.5,0.2937,0.4737,56.6728,0.1361,NA,NA,74.7,58.7,9.399,7.986,2.693,29.856,18.745,0,0,3.8,1280.7679,1000,1000
37,1,1,"base_example",1,1,1,0.3,"two_stage",30,30,6,30,"CRM","additive_shared","additive_shared","previous_dose",0.15,0.85,"previous_dose_additive",0.5,0.5,0.15,0.85,0.15,0.85,3,1,"one_stage","continuous",0.0179,28,2,"any_admissible_dose",0.3,0.3,0.2,0.85,0,1,0,1,0.3,0.05,0.3559,0.0831,30.7511,0.1607,NA,NA,65.2,10,11.346,8.475,3.217,18.003,11.663,11.9,11.9,83.6,636.894,1000,1000
37,1,1,"base_example",1,1,1,0.3,"two_stage",30,30,6,30,"CRM","additive_shared","additive_shared","previous_dose",0.15,0.85,"previous_dose_additive",0.5,0.5,0.15,0.85,0.15,0.85,3,1,"one_stage","continuous",0.0179,28,2,"any_admissible_dose",0.3,0.3,0.2,0.85,0,1,0,2,0.35,0.06,0.4099,0.2865,40.7943,0.1607,NA,NA,14.6,4.2,3.978,3.495,2.026,18.003,11.663,11.9,11.9,83.6,636.894,1000,1000
37,1,1,"base_example",1,1,1,0.3,"two_stage",30,30,6,30,"CRM","additive_shared","additive_shared","previous_dose",0.15,0.85,"previous_dose_additive",0.5,0.5,0.15,0.85,0.15,0.85,3,1,"one_stage","continuous",0.0179,28,2,"any_admissible_dose",0.3,0.3,0.2,0.85,0,1,0,3,0.4,0.07,0.5047,0.3859,42.9681,0.1607,NA,NA,6.1,1.5,1.857,1.666,0.714,18.003,11.663,11.9,11.9,83.6,636.894,1000,1000
37,1,1,"base_example",1,1,1,0.3,"two_stage",30,30,6,30,"CRM","additive_shared","additive_shared","previous_dose",0.15,0.85,"previous_dose_additive",0.5,0.5,0.15,0.85,0.15,0.85,3,1,"one_stage","continuous",0.0179,28,2,"any_admissible_dose",0.3,0.3,0.2,0.85,0,1,0,4,0.45,0.08,0.5478,0.4599,45.6838,0.1607,NA,NA,2.1,0.6,0.639,0.592,0.307,18.003,11.663,11.9,11.9,83.6,636.894,1000,1000
37,1,1,"base_example",1,1,1,0.3,"two_stage",30,30,6,30,"CRM","additive_shared","additive_shared","previous_dose",0.15,0.85,"previous_dose_additive",0.5,0.5,0.15,0.85,0.15,0.85,3,1,"one_stage","continuous",0.0179,28,2,"any_admissible_dose",0.3,0.3,0.2,0.85,0,1,0,5,0.5,0.09,0.6281,0.4891,44.2202,0.1607,NA,NA,0.1,0.1,0.183,0.158,0.076,18.003,11.663,11.9,11.9,83.6,636.894,1000,1000
38,16,1,"five_scenarios_txt",1,5,1,0.3,"two_stage",30,30,6,30,"CRM","additive_shared","additive_shared","previous_dose",0.15,0.85,"previous_dose_additive",0.5,0.5,0.15,0.85,0.15,0.85,3,1,"one_stage","continuous",0.0179,28,2,"any_admissible_dose",0.3,0.3,0.2,0.85,0,1,0,1,0.02,0.2,0.0454,0.2051,50.4882,0.147,NA,NA,0,24.1,6.963,6.157,1.661,30,18.207,0,0,0.3,1000.1907,1000,1000
38,16,1,"five_scenarios_txt",1,5,1,0.3,"two_stage",30,30,6,30,"CRM","additive_shared","additive_shared","previous_dose",0.15,0.85,"previous_dose_additive",0.5,0.5,0.15,0.85,0.15,0.85,3,1,"one_stage","continuous",0.0179,28,2,"any_admissible_dose",0.3,0.3,0.2,0.85,0,1,0,2,0.06,0.2,0.0685,0.2154,50.182,0.147,NA,NA,0,27.3,7.092,6.345,3.765,30,18.207,0,0,0.3,1000.1907,1000,1000
38,16,1,"five_scenarios_txt",1,5,1,0.3,"two_stage",30,30,6,30,"CRM","additive_shared","additive_shared","previous_dose",0.15,0.85,"previous_dose_additive",0.5,0.5,0.15,0.85,0.15,0.85,3,1,"one_stage","continuous",0.0179,28,2,"any_admissible_dose",0.3,0.3,0.2,0.85,0,1,0,3,0.09,0.2,0.1256,0.2192,48.1324,0.147,NA,NA,0.7,18,5.694,5.284,1.976,30,18.207,0,0,0.3,1000.1907,1000,1000
38,16,1,"five_scenarios_txt",1,5,1,0.3,"two_stage",30,30,6,30,"CRM","additive_shared","additive_shared","previous_dose",0.15,0.85,"previous_dose_additive",0.5,0.5,0.15,0.85,0.15,0.85,3,1,"one_stage","continuous",0.0179,28,2,"any_admissible_dose",0.3,0.3,0.2,0.85,0,1,0,4,0.14,0.2,0.1595,0.2322,47.5476,0.147,NA,NA,9.7,19.2,5.751,5.309,2.706,30,18.207,0,0,0.3,1000.1907,1000,1000
38,16,1,"five_scenarios_txt",1,5,1,0.3,"two_stage",30,30,6,30,"CRM","additive_shared","additive_shared","previous_dose",0.15,0.85,"previous_dose_additive",0.5,0.5,0.15,0.85,0.15,0.85,3,1,"one_stage","continuous",0.0179,28,2,"any_admissible_dose",0.3,0.3,0.2,0.85,0,1,0,5,0.26,0.2,0.2387,0.2577,45.9127,0.147,NA,NA,89.6,11.1,4.5,4.179,1.685,30,18.207,0,0,0.3,1000.1907,1000,1000
39,20,5,"five_scenarios_txt",1,3,2,0.3,"two_stage",30,30,6,30,"CRM","additive_shared","additive_shared","previous_dose",0.15,0.85,"previous_dose_additive",0.5,0.5,0.15,0.85,0.15,0.85,3,1,"one_stage","continuous",0.0179,28,2,"any_admissible_dose",0.3,0.3,0.2,0.85,0,1,0,1,0.07,0.05,0.1504,0.1288,41.7109,0.1533,NA,NA,3.1,5.9,5.259,4.63,0.911,29.388,18.786,0.1,0.1,5,1032.4586,1000,1000
39,20,5,"five_scenarios_txt",1,3,2,0.3,"two_stage",30,30,6,30,"CRM","additive_shared","additive_shared","previous_dose",0.15,0.85,"previous_dose_additive",0.5,0.5,0.15,0.85,0.15,0.85,3,1,"one_stage","continuous",0.0179,28,2,"any_admissible_dose",0.3,0.3,0.2,0.85,0,1,0,2,0.14,0.25,0.1964,0.2504,47.1669,0.1533,NA,NA,12,50.8,10.875,9.189,4.978,29.388,18.786,0.1,0.1,5,1032.4586,1000,1000
39,20,5,"five_scenarios_txt",1,3,2,0.3,"two_stage",30,30,6,30,"CRM","additive_shared","additive_shared","previous_dose",0.15,0.85,"previous_dose_additive",0.5,0.5,0.15,0.85,0.15,0.85,3,1,"one_stage","continuous",0.0179,28,2,"any_admissible_dose",0.3,0.3,0.2,0.85,0,1,0,3,0.31,0.25,0.2894,0.2663,44.4008,0.1533,NA,NA,45.4,27.6,7.812,7.072,2.483,29.388,18.786,0.1,0.1,5,1032.4586,1000,1000
39,20,5,"five_scenarios_txt",1,3,2,0.3,"two_stage",30,30,6,30,"CRM","additive_shared","additive_shared","previous_dose",0.15,0.85,"previous_dose_additive",0.5,0.5,0.15,0.85,0.15,0.85,3,1,"one_stage","continuous",0.0179,28,2,"any_admissible_dose",0.3,0.3,0.2,0.85,0,1,0,4,0.41,0.25,0.3365,0.3381,46.8231,0.1533,NA,NA,30.5,9.1,4.155,3.946,1.767,29.388,18.786,0.1,0.1,5,1032.4586,1000,1000
39,20,5,"five_scenarios_txt",1,3,2,0.3,"two_stage",30,30,6,30,"CRM","additive_shared","additive_shared","previous_dose",0.15,0.85,"previous_dose_additive",0.5,0.5,0.15,0.85,0.15,0.85,3,1,"one_stage","continuous",0.0179,28,2,"any_admissible_dose",0.3,0.3,0.2,0.85,0,1,0,5,0.52,0.25,0.4324,0.4329,48.6764,0.1533,NA,NA,8.9,1.6,1.287,1.235,0.463,29.388,18.786,0.1,0.1,5,1032.4586,1000,1000
40,24,4,"five_scenarios_txt",1,5,4,0.3,"two_stage",30,30,6,30,"CRM","additive_shared","additive_shared","previous_dose",0.15,0.85,"previous_dose_additive",0.5,0.5,0.15,0.85,0.15,0.85,3,1,"one_stage","continuous",0.0179,28,2,"any_admissible_dose",0.3,0.3,0.2,0.85,0,1,0,1,0.01,0.05,0.0322,0.148,47.5929,0.1402,NA,NA,0,0.9,3.399,3.308,0.189,30,19.65,0,0,0,1086.247,1000,1000
40,24,4,"five_scenarios_txt",1,5,4,0.3,"two_stage",30,30,6,30,"CRM","additive_shared","additive_shared","previous_dose",0.15,0.85,"previous_dose_additive",0.5,0.5,0.15,0.85,0.15,0.85,3,1,"one_stage","continuous",0.0179,28,2,"any_admissible_dose",0.3,0.3,0.2,0.85,0,1,0,2,0.02,0.08,0.0508,0.1698,48.1539,0.1402,NA,NA,0,1,3.354,3.318,2.498,30,19.65,0,0,0,1086.247,1000,1000
40,24,4,"five_scenarios_txt",1,5,4,0.3,"two_stage",30,30,6,30,"CRM","additive_shared","additive_shared","previous_dose",0.15,0.85,"previous_dose_additive",0.5,0.5,0.15,0.85,0.15,0.85,3,1,"one_stage","continuous",0.0179,28,2,"any_admissible_dose",0.3,0.3,0.2,0.85,0,1,0,3,0.05,0.2,0.0994,0.238,50.3046,0.1402,NA,NA,0,5.2,4.221,4.036,1.328,30,19.65,0,0,0,1086.247,1000,1000
40,24,4,"five_scenarios_txt",1,5,4,0.3,"two_stage",30,30,6,30,"CRM","additive_shared","additive_shared","previous_dose",0.15,0.85,"previous_dose_additive",0.5,0.5,0.15,0.85,0.15,0.85,3,1,"one_stage","continuous",0.0179,28,2,"any_admissible_dose",0.3,0.3,0.2,0.85,0,1,0,4,0.1,0.5,0.1296,0.4603,62.434,0.1402,NA,NA,3.4,55.5,10.896,9.405,4.129,30,19.65,0,0,0,1086.247,1000,1000
40,24,4,"five_scenarios_txt",1,5,4,0.3,"two_stage",30,30,6,30,"CRM","additive_shared","additive_shared","previous_dose",0.15,0.85,"previous_dose_additive",0.5,0.5,0.15,0.85,0.15,0.85,3,1,"one_stage","continuous",0.0179,28,2,"any_admissible_dose",0.3,0.3,0.2,0.85,0,1,0,5,0.25,0.5,0.2029,0.46,59.4876,0.1402,NA,NA,96.6,37.4,8.13,7.2,2.206,30,19.65,0,0,0,1086.247,1000,1000
41,27,2,"higher_gap_above_MTD",1,3,3,0.3,"two_stage",30,30,6,30,"CRM","additive_shared","additive_shared","previous_dose",0.15,0.85,"previous_dose_additive",0.5,0.5,0.15,0.85,0.15,0.85,3,1,"one_stage","continuous",0.0179,28,2,"any_admissible_dose",0.3,0.3,0.2,0.85,0,1,0,1,0.11,0.1,0.174,0.1482,41.9295,0.1482,NA,NA,6.5,11.2,7.173,5.975,1.578,29.052,19.33,0.2,0.2,9.2,1062.5707,1000,1000
41,27,2,"higher_gap_above_MTD",1,3,3,0.3,"two_stage",30,30,6,30,"CRM","additive_shared","additive_shared","previous_dose",0.15,0.85,"previous_dose_additive",0.5,0.5,0.15,0.85,0.15,0.85,3,1,"one_stage","continuous",0.0179,28,2,"any_admissible_dose",0.3,0.3,0.2,0.85,0,1,0,2,0.17,0.2,0.2229,0.2222,44.4141,0.1482,NA,NA,20.3,25.7,8.01,7.072,3.719,29.052,19.33,0.2,0.2,9.2,1062.5707,1000,1000
41,27,2,"higher_gap_above_MTD",1,3,3,0.3,"two_stage",30,30,6,30,"CRM","additive_shared","additive_shared","previous_dose",0.15,0.85,"previous_dose_additive",0.5,0.5,0.15,0.85,0.15,0.85,3,1,"one_stage","continuous",0.0179,28,2,"any_admissible_dose",0.3,0.3,0.2,0.85,0,1,0,3,0.3,0.4,0.3193,0.3968,51.0338,0.1482,NA,NA,52.5,45.5,9.522,8.418,2.951,29.052,19.33,0.2,0.2,9.2,1062.5707,1000,1000
41,27,2,"higher_gap_above_MTD",1,3,3,0.3,"two_stage",30,30,6,30,"CRM","additive_shared","additive_shared","previous_dose",0.15,0.85,"previous_dose_additive",0.5,0.5,0.15,0.85,0.15,0.85,3,1,"one_stage","continuous",0.0179,28,2,"any_admissible_dose",0.3,0.3,0.2,0.85,0,1,0,4,0.5,0.42,0.3672,0.4562,52.6829,0.1482,NA,NA,18.1,7.7,3.522,3.39,1.242,29.052,19.33,0.2,0.2,9.2,1062.5707,1000,1000
41,27,2,"higher_gap_above_MTD",1,3,3,0.3,"two_stage",30,30,6,30,"CRM","additive_shared","additive_shared","previous_dose",0.15,0.85,"previous_dose_additive",0.5,0.5,0.15,0.85,0.15,0.85,3,1,"one_stage","continuous",0.0179,28,2,"any_admissible_dose",0.3,0.3,0.2,0.85,0,1,0,5,0.62,0.45,0.463,0.493,51.0631,0.1482,NA,NA,2.4,0.7,0.825,0.804,0.232,29.052,19.33,0.2,0.2,9.2,1062.5707,1000,1000
42,38,38,"user_added",1,5,5,0.3,"two_stage",30,30,6,30,"CRM","additive_shared","additive_shared","previous_dose",0.15,0.85,"previous_dose_additive",0.5,0.5,0.15,0.85,0.15,0.85,3,1,"one_stage","continuous",0.0179,28,2,"any_admissible_dose",0.3,0.3,0.2,0.85,0,1,0,1,0.05,0.05,0.0694,0.1316,45.1173,0.1441,NA,NA,0.9,5.6,4.572,4.111,0.68,29.799,18.783,0,0,4.6,1034.3788,1000,1000
42,38,38,"user_added",1,5,5,0.3,"two_stage",30,30,6,30,"CRM","additive_shared","additive_shared","previous_dose",0.15,0.85,"previous_dose_additive",0.5,0.5,0.15,0.85,0.15,0.85,3,1,"one_stage","continuous",0.0179,28,2,"any_admissible_dose",0.3,0.3,0.2,0.85,0,1,0,2,0.1,0.08,0.0996,0.1505,45.0429,0.1441,NA,NA,0.5,7.7,4.689,4.374,2.957,29.799,18.783,0,0,4.6,1034.3788,1000,1000
42,38,38,"user_added",1,5,5,0.3,"two_stage",30,30,6,30,"CRM","additive_shared","additive_shared","previous_dose",0.15,0.85,"previous_dose_additive",0.5,0.5,0.15,0.85,0.15,0.85,3,1,"one_stage","continuous",0.0179,28,2,"any_admissible_dose",0.3,0.3,0.2,0.85,0,1,0,3,0.12,0.12,0.1696,0.17,43.4147,0.1441,NA,NA,4.9,9.2,5.091,4.699,1.718,29.799,18.783,0,0,4.6,1034.3788,1000,1000
42,38,38,"user_added",1,5,5,0.3,"two_stage",30,30,6,30,"CRM","additive_shared","additive_shared","previous_dose",0.15,0.85,"previous_dose_additive",0.5,0.5,0.15,0.85,0.15,0.85,3,1,"one_stage","continuous",0.0179,28,2,"any_admissible_dose",0.3,0.3,0.2,0.85,0,1,0,4,0.15,0.15,0.2092,0.2105,44.2622,0.1441,NA,NA,19.6,15.4,5.679,5.198,2.671,29.799,18.783,0,0,4.6,1034.3788,1000,1000
42,38,38,"user_added",1,5,5,0.3,"two_stage",30,30,6,30,"CRM","additive_shared","additive_shared","previous_dose",0.15,0.85,"previous_dose_additive",0.5,0.5,0.15,0.85,0.15,0.85,3,1,"one_stage","continuous",0.0179,28,2,"any_admissible_dose",0.3,0.3,0.2,0.85,0,1,0,5,0.3,0.5,0.2974,0.4776,56.7639,0.1441,NA,NA,74.1,57.5,9.768,8.388,2.99,29.799,18.783,0,0,4.6,1034.3788,1000,1000
43,1,1,"base_example",1,1,1,0.3,"one_stage",30,30,30,30,"CRM","additive_shared","additive_shared","previous_dose",0.15,0.85,"previous_dose_additive",0.5,0.5,0.15,0.85,0.15,0.85,3,1,"one_stage","continuous",0.0179,28,2,"any_admissible_dose",0.3,0.3,0.2,0.85,0,1,0,1,0.3,0.05,0.3565,0.0828,30.7087,0.1575,NA,NA,65.5,10,11.424,8.507,3.231,17.913,11.591,11.9,11.9,84,633.1526,1000,1000
43,1,1,"base_example",1,1,1,0.3,"one_stage",30,30,30,30,"CRM","additive_shared","additive_shared","previous_dose",0.15,0.85,"previous_dose_additive",0.5,0.5,0.15,0.85,0.15,0.85,3,1,"one_stage","continuous",0.0179,28,2,"any_admissible_dose",0.3,0.3,0.2,0.85,0,1,0,2,0.35,0.06,0.4105,0.2871,40.8069,0.1575,NA,NA,14.4,3.7,3.891,3.409,1.99,17.913,11.591,11.9,11.9,84,633.1526,1000,1000
43,1,1,"base_example",1,1,1,0.3,"one_stage",30,30,30,30,"CRM","additive_shared","additive_shared","previous_dose",0.15,0.85,"previous_dose_additive",0.5,0.5,0.15,0.85,0.15,0.85,3,1,"one_stage","continuous",0.0179,28,2,"any_admissible_dose",0.3,0.3,0.2,0.85,0,1,0,3,0.4,0.07,0.5053,0.3865,42.9759,0.1575,NA,NA,6.1,1.7,1.809,1.624,0.728,17.913,11.591,11.9,11.9,84,633.1526,1000,1000
43,1,1,"base_example",1,1,1,0.3,"one_stage",30,30,30,30,"CRM","additive_shared","additive_shared","previous_dose",0.15,0.85,"previous_dose_additive",0.5,0.5,0.15,0.85,0.15,0.85,3,1,"one_stage","continuous",0.0179,28,2,"any_admissible_dose",0.3,0.3,0.2,0.85,0,1,0,4,0.45,0.08,0.5483,0.4607,45.7089,0.1575,NA,NA,2.1,0.6,0.639,0.582,0.307,17.913,11.591,11.9,11.9,84,633.1526,1000,1000
43,1,1,"base_example",1,1,1,0.3,"one_stage",30,30,30,30,"CRM","additive_shared","additive_shared","previous_dose",0.15,0.85,"previous_dose_additive",0.5,0.5,0.15,0.85,0.15,0.85,3,1,"one_stage","continuous",0.0179,28,2,"any_admissible_dose",0.3,0.3,0.2,0.85,0,1,0,5,0.5,0.09,0.6286,0.4906,44.2902,0.1575,NA,NA,0,0,0.15,0.128,0.066,17.913,11.591,11.9,11.9,84,633.1526,1000,1000
44,16,1,"five_scenarios_txt",1,5,1,0.3,"one_stage",30,30,30,30,"CRM","additive_shared","additive_shared","previous_dose",0.15,0.85,"previous_dose_additive",0.5,0.5,0.15,0.85,0.15,0.85,3,1,"one_stage","continuous",0.0179,28,2,"any_admissible_dose",0.3,0.3,0.2,0.85,0,1,0,1,0.02,0.2,0.0446,0.2046,50.4926,0.1464,NA,NA,0,24.6,7.302,6.427,1.688,30,18.191,0,0,0.4,998.6821,1000,1000
44,16,1,"five_scenarios_txt",1,5,1,0.3,"one_stage",30,30,30,30,"CRM","additive_shared","additive_shared","previous_dose",0.15,0.85,"previous_dose_additive",0.5,0.5,0.15,0.85,0.15,0.85,3,1,"one_stage","continuous",0.0179,28,2,"any_admissible_dose",0.3,0.3,0.2,0.85,0,1,0,2,0.06,0.2,0.0675,0.2103,49.915,0.1464,NA,NA,0.2,24.3,7.014,6.313,3.659,30,18.191,0,0,0.4,998.6821,1000,1000
44,16,1,"five_scenarios_txt",1,5,1,0.3,"one_stage",30,30,30,30,"CRM","additive_shared","additive_shared","previous_dose",0.15,0.85,"previous_dose_additive",0.5,0.5,0.15,0.85,0.15,0.85,3,1,"one_stage","continuous",0.0179,28,2,"any_admissible_dose",0.3,0.3,0.2,0.85,0,1,0,3,0.09,0.2,0.1241,0.2205,48.2625,0.1464,NA,NA,1.2,18.1,5.691,5.261,2.099,30,18.191,0,0,0.4,998.6821,1000,1000
44,16,1,"five_scenarios_txt",1,5,1,0.3,"one_stage",30,30,30,30,"CRM","additive_shared","additive_shared","previous_dose",0.15,0.85,"previous_dose_additive",0.5,0.5,0.15,0.85,0.15,0.85,3,1,"one_stage","continuous",0.0179,28,2,"any_admissible_dose",0.3,0.3,0.2,0.85,0,1,0,4,0.14,0.2,0.158,0.2326,47.6352,0.1464,NA,NA,12.6,20.9,5.661,5.158,2.63,30,18.191,0,0,0.4,998.6821,1000,1000
44,16,1,"five_scenarios_txt",1,5,1,0.3,"one_stage",30,30,30,30,"CRM","additive_shared","additive_shared","previous_dose",0.15,0.85,"previous_dose_additive",0.5,0.5,0.15,0.85,0.15,0.85,3,1,"one_stage","continuous",0.0179,28,2,"any_admissible_dose",0.3,0.3,0.2,0.85,0,1,0,5,0.26,0.2,0.2369,0.2677,46.5856,0.1464,NA,NA,86,11.7,4.332,4.005,1.733,30,18.191,0,0,0.4,998.6821,1000,1000
45,20,5,"five_scenarios_txt",1,3,2,0.3,"one_stage",30,30,30,30,"CRM","additive_shared","additive_shared","previous_dose",0.15,0.85,"previous_dose_additive",0.5,0.5,0.15,0.85,0.15,0.85,3,1,"one_stage","continuous",0.0179,28,2,"any_admissible_dose",0.3,0.3,0.2,0.85,0,1,0,1,0.07,0.05,0.1482,0.126,41.6317,0.1531,NA,NA,3,5.4,5.451,4.767,0.963,29.391,18.694,0.1,0.1,5.5,1028.1112,1000,1000
45,20,5,"five_scenarios_txt",1,3,2,0.3,"one_stage",30,30,30,30,"CRM","additive_shared","additive_shared","previous_dose",0.15,0.85,"previous_dose_additive",0.5,0.5,0.15,0.85,0.15,0.85,3,1,"one_stage","continuous",0.0179,28,2,"any_admissible_dose",0.3,0.3,0.2,0.85,0,1,0,2,0.14,0.25,0.1939,0.2439,46.8785,0.1531,NA,NA,12.2,49.3,11.625,9.705,5.113,29.391,18.694,0.1,0.1,5.5,1028.1112,1000,1000
45,20,5,"five_scenarios_txt",1,3,2,0.3,"one_stage",30,30,30,30,"CRM","additive_shared","additive_shared","previous_dose",0.15,0.85,"previous_dose_additive",0.5,0.5,0.15,0.85,0.15,0.85,3,1,"one_stage","continuous",0.0179,28,2,"any_admissible_dose",0.3,0.3,0.2,0.85,0,1,0,3,0.31,0.25,0.2865,0.2631,44.3293,0.1531,NA,NA,45.4,29.5,7.47,6.595,2.559,29.391,18.694,0.1,0.1,5.5,1028.1112,1000,1000
45,20,5,"five_scenarios_txt",1,3,2,0.3,"one_stage",30,30,30,30,"CRM","additive_shared","additive_shared","previous_dose",0.15,0.85,"previous_dose_additive",0.5,0.5,0.15,0.85,0.15,0.85,3,1,"one_stage","continuous",0.0179,28,2,"any_admissible_dose",0.3,0.3,0.2,0.85,0,1,0,4,0.41,0.25,0.3336,0.3429,47.2297,0.1531,NA,NA,31.6,9.1,3.864,3.587,1.656,29.391,18.694,0.1,0.1,5.5,1028.1112,1000,1000
45,20,5,"five_scenarios_txt",1,3,2,0.3,"one_stage",30,30,30,30,"CRM","additive_shared","additive_shared","previous_dose",0.15,0.85,"previous_dose_additive",0.5,0.5,0.15,0.85,0.15,0.85,3,1,"one_stage","continuous",0.0179,28,2,"any_admissible_dose",0.3,0.3,0.2,0.85,0,1,0,5,0.52,0.25,0.4295,0.4451,49.5257,0.1531,NA,NA,7.7,1.2,0.981,0.935,0.406,29.391,18.694,0.1,0.1,5.5,1028.1112,1000,1000
46,24,4,"five_scenarios_txt",1,5,4,0.3,"one_stage",30,30,30,30,"CRM","additive_shared","additive_shared","previous_dose",0.15,0.85,"previous_dose_additive",0.5,0.5,0.15,0.85,0.15,0.85,3,1,"one_stage","continuous",0.0179,28,2,"any_admissible_dose",0.3,0.3,0.2,0.85,0,1,0,1,0.01,0.05,0.0304,0.1478,47.6528,0.1396,NA,NA,0,0.7,3.366,3.277,0.155,30,19.555,0,0,0,1079.8586,1000,1000
46,24,4,"five_scenarios_txt",1,5,4,0.3,"one_stage",30,30,30,30,"CRM","additive_shared","additive_shared","previous_dose",0.15,0.85,"previous_dose_additive",0.5,0.5,0.15,0.85,0.15,0.85,3,1,"one_stage","continuous",0.0179,28,2,"any_admissible_dose",0.3,0.3,0.2,0.85,0,1,0,2,0.02,0.08,0.0482,0.1669,48.0856,0.1396,NA,NA,0,0.9,3.405,3.358,2.512,30,19.555,0,0,0,1079.8586,1000,1000
46,24,4,"five_scenarios_txt",1,5,4,0.3,"one_stage",30,30,30,30,"CRM","additive_shared","additive_shared","previous_dose",0.15,0.85,"previous_dose_additive",0.5,0.5,0.15,0.85,0.15,0.85,3,1,"one_stage","continuous",0.0179,28,2,"any_admissible_dose",0.3,0.3,0.2,0.85,0,1,0,3,0.05,0.2,0.0952,0.2341,50.2395,0.1396,NA,NA,0,3.5,4.305,4.032,1.394,30,19.555,0,0,0,1079.8586,1000,1000
46,24,4,"five_scenarios_txt",1,5,4,0.3,"one_stage",30,30,30,30,"CRM","additive_shared","additive_shared","previous_dose",0.15,0.85,"previous_dose_additive",0.5,0.5,0.15,0.85,0.15,0.85,3,1,"one_stage","continuous",0.0179,28,2,"any_admissible_dose",0.3,0.3,0.2,0.85,0,1,0,4,0.1,0.5,0.1246,0.455,62.3162,0.1396,NA,NA,38.7,61.8,12.864,10.462,4.538,30,19.555,0,0,0,1079.8586,1000,1000
46,24,4,"five_scenarios_txt",1,5,4,0.3,"one_stage",30,30,30,30,"CRM","additive_shared","additive_shared","previous_dose",0.15,0.85,"previous_dose_additive",0.5,0.5,0.15,0.85,0.15,0.85,3,1,"one_stage","continuous",0.0179,28,2,"any_admissible_dose",0.3,0.3,0.2,0.85,0,1,0,5,0.25,0.5,0.1962,0.4809,61.007,0.1396,NA,NA,61.3,33.1,6.06,5.16,1.846,30,19.555,0,0,0,1079.8586,1000,1000
47,27,2,"higher_gap_above_MTD",1,3,3,0.3,"one_stage",30,30,30,30,"CRM","additive_shared","additive_shared","previous_dose",0.15,0.85,"previous_dose_additive",0.5,0.5,0.15,0.85,0.15,0.85,3,1,"one_stage","continuous",0.0179,28,2,"any_admissible_dose",0.3,0.3,0.2,0.85,0,1,0,1,0.11,0.1,0.1705,0.145,41.8797,0.1512,NA,NA,5.9,11.8,7.503,6.191,1.689,29.04,19.121,0.2,0.2,8.7,1050.2077,1000,1000
47,27,2,"higher_gap_above_MTD",1,3,3,0.3,"one_stage",30,30,30,30,"CRM","additive_shared","additive_shared","previous_dose",0.15,0.85,"previous_dose_additive",0.5,0.5,0.15,0.85,0.15,0.85,3,1,"one_stage","continuous",0.0179,28,2,"any_admissible_dose",0.3,0.3,0.2,0.85,0,1,0,2,0.17,0.2,0.219,0.217,44.2587,0.1512,NA,NA,18.2,25.5,8.304,7.245,3.771,29.04,19.121,0.2,0.2,8.7,1050.2077,1000,1000
47,27,2,"higher_gap_above_MTD",1,3,3,0.3,"one_stage",30,30,30,30,"CRM","additive_shared","additive_shared","previous_dose",0.15,0.85,"previous_dose_additive",0.5,0.5,0.15,0.85,0.15,0.85,3,1,"one_stage","continuous",0.0179,28,2,"any_admissible_dose",0.3,0.3,0.2,0.85,0,1,0,3,0.3,0.4,0.3148,0.3876,50.6638,0.1512,NA,NA,56.4,45.2,9.846,8.443,3.152,29.04,19.121,0.2,0.2,8.7,1050.2077,1000,1000
47,27,2,"higher_gap_above_MTD",1,3,3,0.3,"one_stage",30,30,30,30,"CRM","additive_shared","additive_shared","previous_dose",0.15,0.85,"previous_dose_additive",0.5,0.5,0.15,0.85,0.15,0.85,3,1,"one_stage","continuous",0.0179,28,2,"any_admissible_dose",0.3,0.3,0.2,0.85,0,1,0,4,0.5,0.42,0.3626,0.4603,53.1152,0.1512,NA,NA,17.4,8.2,2.946,2.773,1.146,29.04,19.121,0.2,0.2,8.7,1050.2077,1000,1000
47,27,2,"higher_gap_above_MTD",1,3,3,0.3,"one_stage",30,30,30,30,"CRM","additive_shared","additive_shared","previous_dose",0.15,0.85,"previous_dose_additive",0.5,0.5,0.15,0.85,0.15,0.85,3,1,"one_stage","continuous",0.0179,28,2,"any_admissible_dose",0.3,0.3,0.2,0.85,0,1,0,5,0.62,0.45,0.4584,0.4936,51.2807,0.1512,NA,NA,1.9,0.6,0.441,0.416,0.161,29.04,19.121,0.2,0.2,8.7,1050.2077,1000,1000
48,38,38,"user_added",1,5,5,0.3,"one_stage",30,30,30,30,"CRM","additive_shared","additive_shared","previous_dose",0.15,0.85,"previous_dose_additive",0.5,0.5,0.15,0.85,0.15,0.85,3,1,"one_stage","continuous",0.0179,28,2,"any_admissible_dose",0.3,0.3,0.2,0.85,0,1,0,1,0.05,0.05,0.0691,0.1306,45.0718,0.1437,NA,NA,0.9,4.5,4.695,4.208,0.716,29.802,18.73,0,0,4.8,1031.6511,1000,1000
48,38,38,"user_added",1,5,5,0.3,"one_stage",30,30,30,30,"CRM","additive_shared","additive_shared","previous_dose",0.15,0.85,"previous_dose_additive",0.5,0.5,0.15,0.85,0.15,0.85,3,1,"one_stage","continuous",0.0179,28,2,"any_admissible_dose",0.3,0.3,0.2,0.85,0,1,0,2,0.1,0.08,0.0993,0.1477,44.8907,0.1437,NA,NA,0.6,6.7,4.707,4.387,2.942,29.802,18.73,0,0,4.8,1031.6511,1000,1000
48,38,38,"user_added",1,5,5,0.3,"one_stage",30,30,30,30,"CRM","additive_shared","additive_shared","previous_dose",0.15,0.85,"previous_dose_additive",0.5,0.5,0.15,0.85,0.15,0.85,3,1,"one_stage","continuous",0.0179,28,2,"any_admissible_dose",0.3,0.3,0.2,0.85,0,1,0,3,0.12,0.12,0.1692,0.1706,43.4672,0.1437,NA,NA,3.7,9,5.196,4.75,1.792,29.802,18.73,0,0,4.8,1031.6511,1000,1000
48,38,38,"user_added",1,5,5,0.3,"one_stage",30,30,30,30,"CRM","additive_shared","additive_shared","previous_dose",0.15,0.85,"previous_dose_additive",0.5,0.5,0.15,0.85,0.15,0.85,3,1,"one_stage","continuous",0.0179,28,2,"any_admissible_dose",0.3,0.3,0.2,0.85,0,1,0,4,0.15,0.15,0.2087,0.2044,43.9124,0.1437,NA,NA,19.8,15.5,5.625,5.086,2.671,29.802,18.73,0,0,4.8,1031.6511,1000,1000
48,38,38,"user_added",1,5,5,0.3,"one_stage",30,30,30,30,"CRM","additive_shared","additive_shared","previous_dose",0.15,0.85,"previous_dose_additive",0.5,0.5,0.15,0.85,0.15,0.85,3,1,"one_stage","continuous",0.0179,28,2,"any_admissible_dose",0.3,0.3,0.2,0.85,0,1,0,5,0.3,0.5,0.2969,0.4811,56.9911,0.1437,NA,NA,75,59.5,9.579,8.189,2.951,29.802,18.73,0,0,4.8,1031.6511,1000,1000
49,1,1,"base_example",1,1,1,0.3,"two_stage",30,30,6,30,"CRM","additive_shared","additive_shared","previous_dose",0.15,0.85,"previous_dose_additive",0.5,0.5,0.15,0.85,0.15,0.85,3,1,"one_stage","ipde_first",0.0179,28,2,"any_admissible_dose",0.6,0.6,0.2,0.85,0,1,0,1,0.3,0.05,0.3796,0.0849,29.9012,0.185,NA,NA,69.4,10.9,11.832,8.774,3.353,17.208,11.131,16.5,16.7,85,737.8659,1000,1000
49,1,1,"base_example",1,1,1,0.3,"two_stage",30,30,6,30,"CRM","additive_shared","additive_shared","previous_dose",0.15,0.85,"previous_dose_additive",0.5,0.5,0.15,0.85,0.15,0.85,3,1,"one_stage","ipde_first",0.0179,28,2,"any_admissible_dose",0.6,0.6,0.2,0.85,0,1,0,2,0.35,0.06,0.434,0.3,40.6394,0.185,NA,NA,11.4,3.2,3.621,3.208,2.084,17.208,11.131,16.5,16.7,85,737.8659,1000,1000
49,1,1,"base_example",1,1,1,0.3,"two_stage",30,30,6,30,"CRM","additive_shared","additive_shared","previous_dose",0.15,0.85,"previous_dose_additive",0.5,0.5,0.15,0.85,0.15,0.85,3,1,"one_stage","ipde_first",0.0179,28,2,"any_admissible_dose",0.6,0.6,0.2,0.85,0,1,0,3,0.4,0.07,0.528,0.42,44.0767,0.185,NA,NA,2.5,0.9,1.383,1.209,0.407,17.208,11.131,16.5,16.7,85,737.8659,1000,1000
49,1,1,"base_example",1,1,1,0.3,"two_stage",30,30,6,30,"CRM","additive_shared","additive_shared","previous_dose",0.15,0.85,"previous_dose_additive",0.5,0.5,0.15,0.85,0.15,0.85,3,1,"one_stage","ipde_first",0.0179,28,2,"any_admissible_dose",0.6,0.6,0.2,0.85,0,1,0,4,0.45,0.08,0.5703,0.4749,45.6877,0.185,NA,NA,0.1,0,0.342,0.327,0.224,17.208,11.131,16.5,16.7,85,737.8659,1000,1000
49,1,1,"base_example",1,1,1,0.3,"two_stage",30,30,6,30,"CRM","additive_shared","additive_shared","previous_dose",0.15,0.85,"previous_dose_additive",0.5,0.5,0.15,0.85,0.15,0.85,3,1,"one_stage","ipde_first",0.0179,28,2,"any_admissible_dose",0.6,0.6,0.2,0.85,0,1,0,5,0.5,0.09,0.6484,0.4968,43.8836,0.185,NA,NA,0.1,0,0.03,0.026,0.009,17.208,11.131,16.5,16.7,85,737.8659,1000,1000
50,16,1,"five_scenarios_txt",1,5,1,0.3,"two_stage",30,30,6,30,"CRM","additive_shared","additive_shared","previous_dose",0.15,0.85,"previous_dose_additive",0.5,0.5,0.15,0.85,0.15,0.85,3,1,"one_stage","ipde_first",0.0179,28,2,"any_admissible_dose",0.6,0.6,0.2,0.85,0,1,0,1,0.02,0.2,0.0497,0.2109,50.6207,0.1657,NA,NA,0,23,6.786,5.972,1.595,30,18.179,0,0,0.7,1246.6776,1000,1000
50,16,1,"five_scenarios_txt",1,5,1,0.3,"two_stage",30,30,6,30,"CRM","additive_shared","additive_shared","previous_dose",0.15,0.85,"previous_dose_additive",0.5,0.5,0.15,0.85,0.15,0.85,3,1,"one_stage","ipde_first",0.0179,28,2,"any_admissible_dose",0.6,0.6,0.2,0.85,0,1,0,2,0.06,0.2,0.0743,0.2376,51.2478,0.1657,NA,NA,0.1,28.4,7.341,6.502,4.229,30,18.179,0,0,0.7,1246.6776,1000,1000
50,16,1,"five_scenarios_txt",1,5,1,0.3,"two_stage",30,30,6,30,"CRM","additive_shared","additive_shared","previous_dose",0.15,0.85,"previous_dose_additive",0.5,0.5,0.15,0.85,0.15,0.85,3,1,"one_stage","ipde_first",0.0179,28,2,"any_admissible_dose",0.6,0.6,0.2,0.85,0,1,0,3,0.09,0.2,0.1341,0.2275,48.2529,0.1657,NA,NA,1,19.6,5.802,5.342,1.627,30,18.179,0,0,0.7,1246.6776,1000,1000
50,16,1,"five_scenarios_txt",1,5,1,0.3,"two_stage",30,30,6,30,"CRM","additive_shared","additive_shared","previous_dose",0.15,0.85,"previous_dose_additive",0.5,0.5,0.15,0.85,0.15,0.85,3,1,"one_stage","ipde_first",0.0179,28,2,"any_admissible_dose",0.6,0.6,0.2,0.85,0,1,0,4,0.14,0.2,0.1694,0.2539,48.4278,0.1657,NA,NA,13.4,17.1,5.691,5.267,2.952,30,18.179,0,0,0.7,1246.6776,1000,1000
50,16,1,"five_scenarios_txt",1,5,1,0.3,"two_stage",30,30,6,30,"CRM","additive_shared","additive_shared","previous_dose",0.15,0.85,"previous_dose_additive",0.5,0.5,0.15,0.85,0.15,0.85,3,1,"one_stage","ipde_first",0.0179,28,2,"any_admissible_dose",0.6,0.6,0.2,0.85,0,1,0,5,0.26,0.2,0.2507,0.2761,46.5188,0.1657,NA,NA,85.5,11.2,4.38,4.075,1.418,30,18.179,0,0,0.7,1246.6776,1000,1000
51,20,5,"five_scenarios_txt",1,3,2,0.3,"two_stage",30,30,6,30,"CRM","additive_shared","additive_shared","previous_dose",0.15,0.85,"previous_dose_additive",0.5,0.5,0.15,0.85,0.15,0.85,3,1,"one_stage","ipde_first",0.0179,28,2,"any_admissible_dose",0.6,0.6,0.2,0.85,0,1,0,1,0.07,0.05,0.1615,0.1275,41.1349,0.1841,NA,NA,2.5,5.8,5.442,4.736,0.97,29.526,18.789,0.3,0.3,6.6,1268.7091,1000,1000
51,20,5,"five_scenarios_txt",1,3,2,0.3,"two_stage",30,30,6,30,"CRM","additive_shared","additive_shared","previous_dose",0.15,0.85,"previous_dose_additive",0.5,0.5,0.15,0.85,0.15,0.85,3,1,"one_stage","ipde_first",0.0179,28,2,"any_admissible_dose",0.6,0.6,0.2,0.85,0,1,0,2,0.14,0.25,0.2091,0.2644,47.4449,0.1841,NA,NA,18.9,54.4,11.289,9.495,5.545,29.526,18.789,0.3,0.3,6.6,1268.7091,1000,1000
51,20,5,"five_scenarios_txt",1,3,2,0.3,"two_stage",30,30,6,30,"CRM","additive_shared","additive_shared","previous_dose",0.15,0.85,"previous_dose_additive",0.5,0.5,0.15,0.85,0.15,0.85,3,1,"one_stage","ipde_first",0.0179,28,2,"any_admissible_dose",0.6,0.6,0.2,0.85,0,1,0,3,0.31,0.25,0.3043,0.2808,44.6466,0.1841,NA,NA,49.7,25.6,7.968,7.097,2.124,29.526,18.789,0.3,0.3,6.6,1268.7091,1000,1000
51,20,5,"five_scenarios_txt",1,3,2,0.3,"two_stage",30,30,6,30,"CRM","additive_shared","additive_shared","previous_dose",0.15,0.85,"previous_dose_additive",0.5,0.5,0.15,0.85,0.15,0.85,3,1,"one_stage","ipde_first",0.0179,28,2,"any_admissible_dose",0.6,0.6,0.2,0.85,0,1,0,4,0.41,0.25,0.352,0.367,47.9156,0.1841,NA,NA,25,7.3,3.816,3.639,1.779,29.526,18.789,0.3,0.3,6.6,1268.7091,1000,1000
51,20,5,"five_scenarios_txt",1,3,2,0.3,"two_stage",30,30,6,30,"CRM","additive_shared","additive_shared","previous_dose",0.15,0.85,"previous_dose_additive",0.5,0.5,0.15,0.85,0.15,0.85,3,1,"one_stage","ipde_first",0.0179,28,2,"any_admissible_dose",0.6,0.6,0.2,0.85,0,1,0,5,0.52,0.25,0.4481,0.4532,49.2537,0.1841,NA,NA,3.6,0.3,1.011,0.985,0.319,29.526,18.789,0.3,0.3,6.6,1268.7091,1000,1000
52,24,4,"five_scenarios_txt",1,5,4,0.3,"two_stage",30,30,6,30,"CRM","additive_shared","additive_shared","previous_dose",0.15,0.85,"previous_dose_additive",0.5,0.5,0.15,0.85,0.15,0.85,3,1,"one_stage","ipde_first",0.0179,28,2,"any_admissible_dose",0.6,0.6,0.2,0.85,0,1,0,1,0.01,0.05,0.0355,0.1481,47.3953,0.1524,NA,NA,0,0.4,3.333,3.256,0.164,30,19.689,0,0,0.1,1337.6592,1000,1000
52,24,4,"five_scenarios_txt",1,5,4,0.3,"two_stage",30,30,6,30,"CRM","additive_shared","additive_shared","previous_dose",0.15,0.85,"previous_dose_additive",0.5,0.5,0.15,0.85,0.15,0.85,3,1,"one_stage","ipde_first",0.0179,28,2,"any_admissible_dose",0.6,0.6,0.2,0.85,0,1,0,2,0.02,0.08,0.0554,0.1793,48.4814,0.1524,NA,NA,0,1.3,3.444,3.397,2.981,30,19.689,0,0,0.1,1337.6592,1000,1000
52,24,4,"five_scenarios_txt",1,5,4,0.3,"two_stage",30,30,6,30,"CRM","additive_shared","additive_shared","previous_dose",0.15,0.85,"previous_dose_additive",0.5,0.5,0.15,0.85,0.15,0.85,3,1,"one_stage","ipde_first",0.0179,28,2,"any_admissible_dose",0.6,0.6,0.2,0.85,0,1,0,3,0.05,0.2,0.1066,0.2478,50.5455,0.1524,NA,NA,0,4.2,4.149,3.99,0.62,30,19.689,0,0,0.1,1337.6592,1000,1000
52,24,4,"five_scenarios_txt",1,5,4,0.3,"two_stage",30,30,6,30,"CRM","additive_shared","additive_shared","previous_dose",0.15,0.85,"previous_dose_additive",0.5,0.5,0.15,0.85,0.15,0.85,3,1,"one_stage","ipde_first",0.0179,28,2,"any_admissible_dose",0.6,0.6,0.2,0.85,0,1,0,4,0.1,0.5,0.1382,0.5011,64.4901,0.1524,NA,NA,5.7,60.2,11.619,9.962,4.877,30,19.689,0,0,0.1,1337.6592,1000,1000
52,24,4,"five_scenarios_txt",1,5,4,0.3,"two_stage",30,30,6,30,"CRM","additive_shared","additive_shared","previous_dose",0.15,0.85,"previous_dose_additive",0.5,0.5,0.15,0.85,0.15,0.85,3,1,"one_stage","ipde_first",0.0179,28,2,"any_admissible_dose",0.6,0.6,0.2,0.85,0,1,0,5,0.25,0.5,0.2138,0.4697,59.5941,0.1524,NA,NA,94.3,33.8,7.455,6.633,1.669,30,19.689,0,0,0.1,1337.6592,1000,1000
53,27,2,"higher_gap_above_MTD",1,3,3,0.3,"two_stage",30,30,6,30,"CRM","additive_shared","additive_shared","previous_dose",0.15,0.85,"previous_dose_additive",0.5,0.5,0.15,0.85,0.15,0.85,3,1,"one_stage","ipde_first",0.0179,28,2,"any_admissible_dose",0.6,0.6,0.2,0.85,0,1,0,1,0.11,0.1,0.1847,0.1525,41.7199,0.1833,NA,NA,6,14.4,7.521,6.218,1.738,29.094,19.099,0.9,0.9,8.3,1282.3205,1000,1000
53,27,2,"higher_gap_above_MTD",1,3,3,0.3,"two_stage",30,30,6,30,"CRM","additive_shared","additive_shared","previous_dose",0.15,0.85,"previous_dose_additive",0.5,0.5,0.15,0.85,0.15,0.85,3,1,"one_stage","ipde_first",0.0179,28,2,"any_admissible_dose",0.6,0.6,0.2,0.85,0,1,0,2,0.17,0.2,0.2346,0.2382,44.8685,0.1833,NA,NA,26.4,31.6,8.931,7.739,4.388,29.094,19.099,0.9,0.9,8.3,1282.3205,1000,1000
53,27,2,"higher_gap_above_MTD",1,3,3,0.3,"two_stage",30,30,6,30,"CRM","additive_shared","additive_shared","previous_dose",0.15,0.85,"previous_dose_additive",0.5,0.5,0.15,0.85,0.15,0.85,3,1,"one_stage","ipde_first",0.0179,28,2,"any_admissible_dose",0.6,0.6,0.2,0.85,0,1,0,3,0.3,0.4,0.3319,0.4076,51.155,0.1833,NA,NA,50.1,40.1,9.045,8.003,2.513,29.094,19.099,0.9,0.9,8.3,1282.3205,1000,1000
53,27,2,"higher_gap_above_MTD",1,3,3,0.3,"two_stage",30,30,6,30,"CRM","additive_shared","additive_shared","previous_dose",0.15,0.85,"previous_dose_additive",0.5,0.5,0.15,0.85,0.15,0.85,3,1,"one_stage","ipde_first",0.0179,28,2,"any_admissible_dose",0.6,0.6,0.2,0.85,0,1,0,4,0.5,0.42,0.3799,0.4781,53.4781,0.1833,NA,NA,16.1,5.4,3.039,2.935,1.207,29.094,19.099,0.9,0.9,8.3,1282.3205,1000,1000
53,27,2,"higher_gap_above_MTD",1,3,3,0.3,"two_stage",30,30,6,30,"CRM","additive_shared","additive_shared","previous_dose",0.15,0.85,"previous_dose_additive",0.5,0.5,0.15,0.85,0.15,0.85,3,1,"one_stage","ipde_first",0.0179,28,2,"any_admissible_dose",0.6,0.6,0.2,0.85,0,1,0,5,0.62,0.45,0.4753,0.4976,50.8452,0.1833,NA,NA,0.5,0.2,0.558,0.55,0.149,29.094,19.099,0.9,0.9,8.3,1282.3205,1000,1000
54,38,38,"user_added",1,5,5,0.3,"two_stage",30,30,6,30,"CRM","additive_shared","additive_shared","previous_dose",0.15,0.85,"previous_dose_additive",0.5,0.5,0.15,0.85,0.15,0.85,3,1,"one_stage","ipde_first",0.0179,28,2,"any_admissible_dose",0.6,0.6,0.2,0.85,0,1,0,1,0.05,0.05,0.0757,0.1284,44.6181,0.1592,NA,NA,0.6,6.1,4.899,4.323,0.82,29.841,18.607,0.1,0.1,4.6,1274.9625,1000,1000
54,38,38,"user_added",1,5,5,0.3,"two_stage",30,30,6,30,"CRM","additive_shared","additive_shared","previous_dose",0.15,0.85,"previous_dose_additive",0.5,0.5,0.15,0.85,0.15,0.85,3,1,"one_stage","ipde_first",0.0179,28,2,"any_admissible_dose",0.6,0.6,0.2,0.85,0,1,0,2,0.1,0.08,0.1076,0.1533,44.8448,0.1592,NA,NA,0.5,10.2,5.019,4.664,3.444,29.841,18.607,0.1,0.1,4.6,1274.9625,1000,1000
54,38,38,"user_added",1,5,5,0.3,"two_stage",30,30,6,30,"CRM","additive_shared","additive_shared","previous_dose",0.15,0.85,"previous_dose_additive",0.5,0.5,0.15,0.85,0.15,0.85,3,1,"one_stage","ipde_first",0.0179,28,2,"any_admissible_dose",0.6,0.6,0.2,0.85,0,1,0,3,0.12,0.12,0.1803,0.1749,43.2472,0.1592,NA,NA,5.8,11.7,5.454,4.952,1.395,29.841,18.607,0.1,0.1,4.6,1274.9625,1000,1000
54,38,38,"user_added",1,5,5,0.3,"two_stage",30,30,6,30,"CRM","additive_shared","additive_shared","previous_dose",0.15,0.85,"previous_dose_additive",0.5,0.5,0.15,0.85,0.15,0.85,3,1,"one_stage","ipde_first",0.0179,28,2,"any_admissible_dose",0.6,0.6,0.2,0.85,0,1,0,4,0.15,0.15,0.2209,0.2156,44.0817,0.1592,NA,NA,25.5,17.3,5.976,5.349,3.152,29.841,18.607,0.1,0.1,4.6,1274.9625,1000,1000
54,38,38,"user_added",1,5,5,0.3,"two_stage",30,30,6,30,"CRM","additive_shared","additive_shared","previous_dose",0.15,0.85,"previous_dose_additive",0.5,0.5,0.15,0.85,0.15,0.85,3,1,"one_stage","ipde_first",0.0179,28,2,"any_admissible_dose",0.6,0.6,0.2,0.85,0,1,0,5,0.3,0.5,0.3103,0.4853,56.6885,0.1592,NA,NA,67.5,50.1,8.493,7.328,2.423,29.841,18.607,0.1,0.1,4.6,1274.9625,1000,1000
55,1,1,"base_example",1,1,1,0.3,"one_stage",30,30,30,30,"CRM","additive_shared","additive_shared","previous_dose",0.15,0.85,"previous_dose_additive",0.5,0.5,0.15,0.85,0.15,0.85,3,1,"one_stage","ipde_first",0.0179,28,2,"any_admissible_dose",0.6,0.6,0.2,0.85,0,1,0,1,0.3,0.05,0.3797,0.0847,29.8645,0.1831,NA,NA,70.3,10.6,11.952,8.813,3.398,17.136,11.075,16.3,16.4,85.6,732.6175,1000,1000
55,1,1,"base_example",1,1,1,0.3,"one_stage",30,30,30,30,"CRM","additive_shared","additive_shared","previous_dose",0.15,0.85,"previous_dose_additive",0.5,0.5,0.15,0.85,0.15,0.85,3,1,"one_stage","ipde_first",0.0179,28,2,"any_admissible_dose",0.6,0.6,0.2,0.85,0,1,0,2,0.35,0.06,0.4341,0.3012,40.6928,0.1831,NA,NA,10.5,2.7,3.516,3.091,2.028,17.136,11.075,16.3,16.4,85.6,732.6175,1000,1000
55,1,1,"base_example",1,1,1,0.3,"one_stage",30,30,30,30,"CRM","additive_shared","additive_shared","previous_dose",0.15,0.85,"previous_dose_additive",0.5,0.5,0.15,0.85,0.15,0.85,3,1,"one_stage","ipde_first",0.0179,28,2,"any_admissible_dose",0.6,0.6,0.2,0.85,0,1,0,3,0.4,0.07,0.5281,0.4216,44.1637,0.1831,NA,NA,2.7,1.1,1.308,1.137,0.405,17.136,11.075,16.3,16.4,85.6,732.6175,1000,1000
55,1,1,"base_example",1,1,1,0.3,"one_stage",30,30,30,30,"CRM","additive_shared","additive_shared","previous_dose",0.15,0.85,"previous_dose_additive",0.5,0.5,0.15,0.85,0.15,0.85,3,1,"one_stage","ipde_first",0.0179,28,2,"any_admissible_dose",0.6,0.6,0.2,0.85,0,1,0,4,0.45,0.08,0.5703,0.4751,45.6895,0.1831,NA,NA,0.1,0,0.333,0.32,0.222,17.136,11.075,16.3,16.4,85.6,732.6175,1000,1000
55,1,1,"base_example",1,1,1,0.3,"one_stage",30,30,30,30,"CRM","additive_shared","additive_shared","previous_dose",0.15,0.85,"previous_dose_additive",0.5,0.5,0.15,0.85,0.15,0.85,3,1,"one_stage","ipde_first",0.0179,28,2,"any_admissible_dose",0.6,0.6,0.2,0.85,0,1,0,5,0.5,0.09,0.6485,0.4975,43.9291,0.1831,NA,NA,0.1,0,0.027,0.023,0.008,17.136,11.075,16.3,16.4,85.6,732.6175,1000,1000
56,16,1,"five_scenarios_txt",1,5,1,0.3,"one_stage",30,30,30,30,"CRM","additive_shared","additive_shared","previous_dose",0.15,0.85,"previous_dose_additive",0.5,0.5,0.15,0.85,0.15,0.85,3,1,"one_stage","ipde_first",0.0179,28,2,"any_admissible_dose",0.6,0.6,0.2,0.85,0,1,0,1,0.02,0.2,0.0493,0.2048,50.228,0.1594,NA,NA,0,20,6.942,6.114,1.58,30,18.144,0,0,0.6,1241.4615,1000,1000
56,16,1,"five_scenarios_txt",1,5,1,0.3,"one_stage",30,30,30,30,"CRM","additive_shared","additive_shared","previous_dose",0.15,0.85,"previous_dose_additive",0.5,0.5,0.15,0.85,0.15,0.85,3,1,"one_stage","ipde_first",0.0179,28,2,"any_admissible_dose",0.6,0.6,0.2,0.85,0,1,0,2,0.06,0.2,0.0737,0.2364,51.1586,0.1594,NA,NA,0.7,29.8,7.68,6.771,4.181,30,18.144,0,0,0.6,1241.4615,1000,1000
56,16,1,"five_scenarios_txt",1,5,1,0.3,"one_stage",30,30,30,30,"CRM","additive_shared","additive_shared","previous_dose",0.15,0.85,"previous_dose_additive",0.5,0.5,0.15,0.85,0.15,0.85,3,1,"one_stage","ipde_first",0.0179,28,2,"any_admissible_dose",0.6,0.6,0.2,0.85,0,1,0,3,0.09,0.2,0.1333,0.2362,48.7677,0.1594,NA,NA,2.4,19.2,5.844,5.28,1.903,30,18.144,0,0,0.6,1241.4615,1000,1000
56,16,1,"five_scenarios_txt",1,5,1,0.3,"one_stage",30,30,30,30,"CRM","additive_shared","additive_shared","previous_dose",0.15,0.85,"previous_dose_additive",0.5,0.5,0.15,0.85,0.15,0.85,3,1,"one_stage","ipde_first",0.0179,28,2,"any_admissible_dose",0.6,0.6,0.2,0.85,0,1,0,4,0.14,0.2,0.1685,0.2549,48.4922,0.1594,NA,NA,20.6,19.2,5.553,5.045,2.69,30,18.144,0,0,0.6,1241.4615,1000,1000
56,16,1,"five_scenarios_txt",1,5,1,0.3,"one_stage",30,30,30,30,"CRM","additive_shared","additive_shared","previous_dose",0.15,0.85,"previous_dose_additive",0.5,0.5,0.15,0.85,0.15,0.85,3,1,"one_stage","ipde_first",0.0179,28,2,"any_admissible_dose",0.6,0.6,0.2,0.85,0,1,0,5,0.26,0.2,0.2497,0.2994,47.9287,0.1594,NA,NA,76.3,11.2,3.981,3.623,1.502,30,18.144,0,0,0.6,1241.4615,1000,1000
57,20,5,"five_scenarios_txt",1,3,2,0.3,"one_stage",30,30,30,30,"CRM","additive_shared","additive_shared","previous_dose",0.15,0.85,"previous_dose_additive",0.5,0.5,0.15,0.85,0.15,0.85,3,1,"one_stage","ipde_first",0.0179,28,2,"any_admissible_dose",0.6,0.6,0.2,0.85,0,1,0,1,0.07,0.05,0.1585,0.1246,41.0793,0.1787,NA,NA,3.1,6.1,5.634,4.875,1.023,29.499,18.63,0.3,0.3,7,1254.9287,1000,1000
57,20,5,"five_scenarios_txt",1,3,2,0.3,"one_stage",30,30,30,30,"CRM","additive_shared","additive_shared","previous_dose",0.15,0.85,"previous_dose_additive",0.5,0.5,0.15,0.85,0.15,0.85,3,1,"one_stage","ipde_first",0.0179,28,2,"any_admissible_dose",0.6,0.6,0.2,0.85,0,1,0,2,0.14,0.25,0.2057,0.254,46.9647,0.1787,NA,NA,16.7,50,11.865,9.827,5.51,29.499,18.63,0.3,0.3,7,1254.9287,1000,1000
57,20,5,"five_scenarios_txt",1,3,2,0.3,"one_stage",30,30,30,30,"CRM","additive_shared","additive_shared","previous_dose",0.15,0.85,"previous_dose_additive",0.5,0.5,0.15,0.85,0.15,0.85,3,1,"one_stage","ipde_first",0.0179,28,2,"any_admissible_dose",0.6,0.6,0.2,0.85,0,1,0,3,0.31,0.25,0.3002,0.2839,44.9932,0.1787,NA,NA,48,28.2,7.692,6.672,2.354,29.499,18.63,0.3,0.3,7,1254.9287,1000,1000
57,20,5,"five_scenarios_txt",1,3,2,0.3,"one_stage",30,30,30,30,"CRM","additive_shared","additive_shared","previous_dose",0.15,0.85,"previous_dose_additive",0.5,0.5,0.15,0.85,0.15,0.85,3,1,"one_stage","ipde_first",0.0179,28,2,"any_admissible_dose",0.6,0.6,0.2,0.85,0,1,0,4,0.41,0.25,0.3478,0.3718,48.3743,0.1787,NA,NA,27.6,8.2,3.555,3.301,1.67,29.499,18.63,0.3,0.3,7,1254.9287,1000,1000
57,20,5,"five_scenarios_txt",1,3,2,0.3,"one_stage",30,30,30,30,"CRM","additive_shared","additive_shared","previous_dose",0.15,0.85,"previous_dose_additive",0.5,0.5,0.15,0.85,0.15,0.85,3,1,"one_stage","ipde_first",0.0179,28,2,"any_admissible_dose",0.6,0.6,0.2,0.85,0,1,0,5,0.52,0.25,0.4439,0.4665,50.2271,0.1787,NA,NA,4.3,0.5,0.753,0.725,0.312,29.499,18.63,0.3,0.3,7,1254.9287,1000,1000
58,24,4,"five_scenarios_txt",1,5,4,0.3,"one_stage",30,30,30,30,"CRM","additive_shared","additive_shared","previous_dose",0.15,0.85,"previous_dose_additive",0.5,0.5,0.15,0.85,0.15,0.85,3,1,"one_stage","ipde_first",0.0179,28,2,"any_admissible_dose",0.6,0.6,0.2,0.85,0,1,0,1,0.01,0.05,0.0329,0.1473,47.4525,0.1485,NA,NA,0,0.4,3.384,3.294,0.177,30,19.54,0,0,0.1,1327.1712,1000,1000
58,24,4,"five_scenarios_txt",1,5,4,0.3,"one_stage",30,30,30,30,"CRM","additive_shared","additive_shared","previous_dose",0.15,0.85,"previous_dose_additive",0.5,0.5,0.15,0.85,0.15,0.85,3,1,"one_stage","ipde_first",0.0179,28,2,"any_admissible_dose",0.6,0.6,0.2,0.85,0,1,0,2,0.02,0.08,0.0515,0.1753,48.3927,0.1485,NA,NA,0,1.1,3.453,3.396,2.961,30,19.54,0,0,0.1,1327.1712,1000,1000
58,24,4,"five_scenarios_txt",1,5,4,0.3,"one_stage",30,30,30,30,"CRM","additive_shared","additive_shared","previous_dose",0.15,0.85,"previous_dose_additive",0.5,0.5,0.15,0.85,0.15,0.85,3,1,"one_stage","ipde_first",0.0179,28,2,"any_admissible_dose",0.6,0.6,0.2,0.85,0,1,0,3,0.05,0.2,0.1002,0.2444,50.6007,0.1485,NA,NA,0.1,3.8,4.263,3.965,0.722,30,19.54,0,0,0.1,1327.1712,1000,1000
58,24,4,"five_scenarios_txt",1,5,4,0.3,"one_stage",30,30,30,30,"CRM","additive_shared","additive_shared","previous_dose",0.15,0.85,"previous_dose_additive",0.5,0.5,0.15,0.85,0.15,0.85,3,1,"one_stage","ipde_first",0.0179,28,2,"any_admissible_dose",0.6,0.6,0.2,0.85,0,1,0,4,0.1,0.5,0.1304,0.4922,64.2741,0.1485,NA,NA,50.6,65.8,13.77,11.109,5.16,30,19.54,0,0,0.1,1327.1712,1000,1000
58,24,4,"five_scenarios_txt",1,5,4,0.3,"one_stage",30,30,30,30,"CRM","additive_shared","additive_shared","previous_dose",0.15,0.85,"previous_dose_additive",0.5,0.5,0.15,0.85,0.15,0.85,3,1,"one_stage","ipde_first",0.0179,28,2,"any_admissible_dose",0.6,0.6,0.2,0.85,0,1,0,5,0.25,0.5,0.2032,0.4929,61.4071,0.1485,NA,NA,49.3,28.8,5.13,4.322,1.44,30,19.54,0,0,0.1,1327.1712,1000,1000
59,27,2,"higher_gap_above_MTD",1,3,3,0.3,"one_stage",30,30,30,30,"CRM","additive_shared","additive_shared","previous_dose",0.15,0.85,"previous_dose_additive",0.5,0.5,0.15,0.85,0.15,0.85,3,1,"one_stage","ipde_first",0.0179,28,2,"any_admissible_dose",0.6,0.6,0.2,0.85,0,1,0,1,0.11,0.1,0.1808,0.147,41.5382,0.1756,NA,NA,5.8,14,7.944,6.485,1.851,29.088,18.927,0.9,0.9,8.9,1272.2353,1000,1000
59,27,2,"higher_gap_above_MTD",1,3,3,0.3,"one_stage",30,30,30,30,"CRM","additive_shared","additive_shared","previous_dose",0.15,0.85,"previous_dose_additive",0.5,0.5,0.15,0.85,0.15,0.85,3,1,"one_stage","ipde_first",0.0179,28,2,"any_admissible_dose",0.6,0.6,0.2,0.85,0,1,0,2,0.17,0.2,0.2301,0.2275,44.4063,0.1756,NA,NA,24.3,28,8.844,7.625,4.233,29.088,18.927,0.9,0.9,8.9,1272.2353,1000,1000
59,27,2,"higher_gap_above_MTD",1,3,3,0.3,"one_stage",30,30,30,30,"CRM","additive_shared","additive_shared","previous_dose",0.15,0.85,"previous_dose_additive",0.5,0.5,0.15,0.85,0.15,0.85,3,1,"one_stage","ipde_first",0.0179,28,2,"any_admissible_dose",0.6,0.6,0.2,0.85,0,1,0,3,0.3,0.4,0.3268,0.4038,51.125,0.1756,NA,NA,55.2,43.4,9.606,8.179,2.929,29.088,18.927,0.9,0.9,8.9,1272.2353,1000,1000
59,27,2,"higher_gap_above_MTD",1,3,3,0.3,"one_stage",30,30,30,30,"CRM","additive_shared","additive_shared","previous_dose",0.15,0.85,"previous_dose_additive",0.5,0.5,0.15,0.85,0.15,0.85,3,1,"one_stage","ipde_first",0.0179,28,2,"any_admissible_dose",0.6,0.6,0.2,0.85,0,1,0,4,0.5,0.42,0.3746,0.482,53.918,0.1756,NA,NA,13.1,5.4,2.49,2.336,1.067,29.088,18.927,0.9,0.9,8.9,1272.2353,1000,1000
59,27,2,"higher_gap_above_MTD",1,3,3,0.3,"one_stage",30,30,30,30,"CRM","additive_shared","additive_shared","previous_dose",0.15,0.85,"previous_dose_additive",0.5,0.5,0.15,0.85,0.15,0.85,3,1,"one_stage","ipde_first",0.0179,28,2,"any_admissible_dose",0.6,0.6,0.2,0.85,0,1,0,5,0.62,0.45,0.47,0.5006,51.2346,0.1756,NA,NA,0.7,0.3,0.204,0.195,0.081,29.088,18.927,0.9,0.9,8.9,1272.2353,1000,1000
60,38,38,"user_added",1,5,5,0.3,"one_stage",30,30,30,30,"CRM","additive_shared","additive_shared","previous_dose",0.15,0.85,"previous_dose_additive",0.5,0.5,0.15,0.85,0.15,0.85,3,1,"one_stage","ipde_first",0.0179,28,2,"any_admissible_dose",0.6,0.6,0.2,0.85,0,1,0,1,0.05,0.05,0.0753,0.1277,44.5898,0.1589,NA,NA,0.6,5.5,4.947,4.354,0.854,29.838,18.568,0.1,0.1,4.2,1274.1951,1000,1000
60,38,38,"user_added",1,5,5,0.3,"one_stage",30,30,30,30,"CRM","additive_shared","additive_shared","previous_dose",0.15,0.85,"previous_dose_additive",0.5,0.5,0.15,0.85,0.15,0.85,3,1,"one_stage","ipde_first",0.0179,28,2,"any_admissible_dose",0.6,0.6,0.2,0.85,0,1,0,2,0.1,0.08,0.1071,0.151,44.7282,0.1589,NA,NA,0.4,9.8,5.088,4.699,3.422,29.838,18.568,0.1,0.1,4.2,1274.1951,1000,1000
60,38,38,"user_added",1,5,5,0.3,"one_stage",30,30,30,30,"CRM","additive_shared","additive_shared","previous_dose",0.15,0.85,"previous_dose_additive",0.5,0.5,0.15,0.85,0.15,0.85,3,1,"one_stage","ipde_first",0.0179,28,2,"any_admissible_dose",0.6,0.6,0.2,0.85,0,1,0,3,0.12,0.12,0.1798,0.1745,43.2501,0.1589,NA,NA,5.3,10.5,5.448,4.899,1.423,29.838,18.568,0.1,0.1,4.2,1274.1951,1000,1000
60,38,38,"user_added",1,5,5,0.3,"one_stage",30,30,30,30,"CRM","additive_shared","additive_shared","previous_dose",0.15,0.85,"previous_dose_additive",0.5,0.5,0.15,0.85,0.15,0.85,3,1,"one_stage","ipde_first",0.0179,28,2,"any_admissible_dose",0.6,0.6,0.2,0.85,0,1,0,4,0.15,0.15,0.2204,0.2169,44.1689,0.1589,NA,NA,25.4,17.2,5.961,5.284,3.132,29.838,18.568,0.1,0.1,4.2,1274.1951,1000,1000
60,38,38,"user_added",1,5,5,0.3,"one_stage",30,30,30,30,"CRM","additive_shared","additive_shared","previous_dose",0.15,0.85,"previous_dose_additive",0.5,0.5,0.15,0.85,0.15,0.85,3,1,"one_stage","ipde_first",0.0179,28,2,"any_admissible_dose",0.6,0.6,0.2,0.85,0,1,0,5,0.3,0.5,0.31,0.4891,56.9261,0.1589,NA,NA,68.2,52.8,8.394,7.166,2.439,29.838,18.568,0.1,0.1,4.2,1274.1951,1000,1000
61,1,1,"base_example",1,1,1,0.3,"two_stage",30,30,6,30,"CRM","additive_shared","additive_shared","previous_dose",0.15,0.85,"previous_dose_additive",0.5,0.5,0.15,0.85,0.15,0.85,3,1,"one_stage","continuous",0.0179,28,2,"any_admissible_dose",0.6,0.6,0.2,0.85,0,1,0,1,0.3,0.05,0.384,0.084,29.6793,0.196,NA,NA,69.3,9.3,11.61,8.619,3.297,16.782,10.914,16,16.2,87.3,595.1372,1000,1000
61,1,1,"base_example",1,1,1,0.3,"two_stage",30,30,6,30,"CRM","additive_shared","additive_shared","previous_dose",0.15,0.85,"previous_dose_additive",0.5,0.5,0.15,0.85,0.15,0.85,3,1,"one_stage","continuous",0.0179,28,2,"any_admissible_dose",0.6,0.6,0.2,0.85,0,1,0,2,0.35,0.06,0.4383,0.3107,41.1125,0.196,NA,NA,11.3,2.7,3.384,2.988,1.814,16.782,10.914,16,16.2,87.3,595.1372,1000,1000
61,1,1,"base_example",1,1,1,0.3,"two_stage",30,30,6,30,"CRM","additive_shared","additive_shared","previous_dose",0.15,0.85,"previous_dose_additive",0.5,0.5,0.15,0.85,0.15,0.85,3,1,"one_stage","continuous",0.0179,28,2,"any_admissible_dose",0.6,0.6,0.2,0.85,0,1,0,3,0.4,0.07,0.5319,0.4153,43.6443,0.196,NA,NA,3,0.6,1.359,1.224,0.54,16.782,10.914,16,16.2,87.3,595.1372,1000,1000
61,1,1,"base_example",1,1,1,0.3,"two_stage",30,30,6,30,"CRM","additive_shared","additive_shared","previous_dose",0.15,0.85,"previous_dose_additive",0.5,0.5,0.15,0.85,0.15,0.85,3,1,"one_stage","continuous",0.0179,28,2,"any_admissible_dose",0.6,0.6,0.2,0.85,0,1,0,4,0.45,0.08,0.5739,0.4782,45.738,0.196,NA,NA,0.4,0.1,0.348,0.33,0.18,16.782,10.914,16,16.2,87.3,595.1372,1000,1000
61,1,1,"base_example",1,1,1,0.3,"two_stage",30,30,6,30,"CRM","additive_shared","additive_shared","previous_dose",0.15,0.85,"previous_dose_additive",0.5,0.5,0.15,0.85,0.15,0.85,3,1,"one_stage","continuous",0.0179,28,2,"any_admissible_dose",0.6,0.6,0.2,0.85,0,1,0,5,0.5,0.09,0.6515,0.4944,43.6035,0.196,NA,NA,0,0,0.081,0.07,0.037,16.782,10.914,16,16.2,87.3,595.1372,1000,1000
62,16,1,"five_scenarios_txt",1,5,1,0.3,"two_stage",30,30,6,30,"CRM","additive_shared","additive_shared","previous_dose",0.15,0.85,"previous_dose_additive",0.5,0.5,0.15,0.85,0.15,0.85,3,1,"one_stage","continuous",0.0179,28,2,"any_admissible_dose",0.6,0.6,0.2,0.85,0,1,0,1,0.02,0.2,0.0509,0.2136,50.7827,0.1645,NA,NA,0,24.8,6.837,6.065,1.6,30,18.205,0,0,0.1,999.6391,1000,1000
62,16,1,"five_scenarios_txt",1,5,1,0.3,"two_stage",30,30,6,30,"CRM","additive_shared","additive_shared","previous_dose",0.15,0.85,"previous_dose_additive",0.5,0.5,0.15,0.85,0.15,0.85,3,1,"one_stage","continuous",0.0179,28,2,"any_admissible_dose",0.6,0.6,0.2,0.85,0,1,0,2,0.06,0.2,0.0759,0.2331,50.9501,0.1645,NA,NA,0.1,28.3,7.476,6.658,3.902,30,18.205,0,0,0.1,999.6391,1000,1000
62,16,1,"five_scenarios_txt",1,5,1,0.3,"two_stage",30,30,6,30,"CRM","additive_shared","additive_shared","previous_dose",0.15,0.85,"previous_dose_additive",0.5,0.5,0.15,0.85,0.15,0.85,3,1,"one_stage","continuous",0.0179,28,2,"any_admissible_dose",0.6,0.6,0.2,0.85,0,1,0,3,0.09,0.2,0.1365,0.2338,48.5672,0.1645,NA,NA,1.3,16.5,5.694,5.271,1.976,30,18.205,0,0,0.1,999.6391,1000,1000
62,16,1,"five_scenarios_txt",1,5,1,0.3,"two_stage",30,30,6,30,"CRM","additive_shared","additive_shared","previous_dose",0.15,0.85,"previous_dose_additive",0.5,0.5,0.15,0.85,0.15,0.85,3,1,"one_stage","continuous",0.0179,28,2,"any_admissible_dose",0.6,0.6,0.2,0.85,0,1,0,4,0.14,0.2,0.172,0.2539,48.353,0.1645,NA,NA,13.7,19.5,5.679,5.245,2.682,30,18.205,0,0,0.1,999.6391,1000,1000
62,16,1,"five_scenarios_txt",1,5,1,0.3,"two_stage",30,30,6,30,"CRM","additive_shared","additive_shared","previous_dose",0.15,0.85,"previous_dose_additive",0.5,0.5,0.15,0.85,0.15,0.85,3,1,"one_stage","continuous",0.0179,28,2,"any_admissible_dose",0.6,0.6,0.2,0.85,0,1,0,5,0.26,0.2,0.2539,0.2787,46.5639,0.1645,NA,NA,84.9,10.8,4.314,4.009,1.635,30,18.205,0,0,0.1,999.6391,1000,1000
63,20,5,"five_scenarios_txt",1,3,2,0.3,"two_stage",30,30,6,30,"CRM","additive_shared","additive_shared","previous_dose",0.15,0.85,"previous_dose_additive",0.5,0.5,0.15,0.85,0.15,0.85,3,1,"one_stage","continuous",0.0179,28,2,"any_admissible_dose",0.6,0.6,0.2,0.85,0,1,0,1,0.07,0.05,0.1619,0.1305,41.3535,0.1863,NA,NA,3.7,6.2,5.373,4.702,0.942,29.316,18.675,0.1,0.1,5.7,1025.629,1000,1000
63,20,5,"five_scenarios_txt",1,3,2,0.3,"two_stage",30,30,6,30,"CRM","additive_shared","additive_shared","previous_dose",0.15,0.85,"previous_dose_additive",0.5,0.5,0.15,0.85,0.15,0.85,3,1,"one_stage","continuous",0.0179,28,2,"any_admissible_dose",0.6,0.6,0.2,0.85,0,1,0,2,0.14,0.25,0.2095,0.2653,47.5342,0.1863,NA,NA,16.1,53.2,11.379,9.52,5.228,29.316,18.675,0.1,0.1,5.7,1025.629,1000,1000
63,20,5,"five_scenarios_txt",1,3,2,0.3,"two_stage",30,30,6,30,"CRM","additive_shared","additive_shared","previous_dose",0.15,0.85,"previous_dose_additive",0.5,0.5,0.15,0.85,0.15,0.85,3,1,"one_stage","continuous",0.0179,28,2,"any_admissible_dose",0.6,0.6,0.2,0.85,0,1,0,3,0.31,0.25,0.3045,0.285,44.9198,0.1863,NA,NA,50.8,26.9,7.788,6.991,2.496,29.316,18.675,0.1,0.1,5.7,1025.629,1000,1000
63,20,5,"five_scenarios_txt",1,3,2,0.3,"two_stage",30,30,6,30,"CRM","additive_shared","additive_shared","previous_dose",0.15,0.85,"previous_dose_additive",0.5,0.5,0.15,0.85,0.15,0.85,3,1,"one_stage","continuous",0.0179,28,2,"any_admissible_dose",0.6,0.6,0.2,0.85,0,1,0,4,0.41,0.25,0.3521,0.3698,48.1028,0.1863,NA,NA,24.1,7.2,3.798,3.594,1.608,29.316,18.675,0.1,0.1,5.7,1025.629,1000,1000
63,20,5,"five_scenarios_txt",1,3,2,0.3,"two_stage",30,30,6,30,"CRM","additive_shared","additive_shared","previous_dose",0.15,0.85,"previous_dose_additive",0.5,0.5,0.15,0.85,0.15,0.85,3,1,"one_stage","continuous",0.0179,28,2,"any_admissible_dose",0.6,0.6,0.2,0.85,0,1,0,5,0.52,0.25,0.4482,0.4541,49.3175,0.1863,NA,NA,5.2,0.8,0.978,0.947,0.367,29.316,18.675,0.1,0.1,5.7,1025.629,1000,1000
64,24,4,"five_scenarios_txt",1,5,4,0.3,"two_stage",30,30,6,30,"CRM","additive_shared","additive_shared","previous_dose",0.15,0.85,"previous_dose_additive",0.5,0.5,0.15,0.85,0.15,0.85,3,1,"one_stage","continuous",0.0179,28,2,"any_admissible_dose",0.6,0.6,0.2,0.85,0,1,0,1,0.01,0.05,0.0353,0.1469,47.3993,0.1528,NA,NA,0,0.5,3.381,3.29,0.177,30,19.685,0,0,0,1087.704,1000,1000
64,24,4,"five_scenarios_txt",1,5,4,0.3,"two_stage",30,30,6,30,"CRM","additive_shared","additive_shared","previous_dose",0.15,0.85,"previous_dose_additive",0.5,0.5,0.15,0.85,0.15,0.85,3,1,"one_stage","continuous",0.0179,28,2,"any_admissible_dose",0.6,0.6,0.2,0.85,0,1,0,2,0.02,0.08,0.0551,0.178,48.4783,0.1528,NA,NA,0,1,3.303,3.275,2.48,30,19.685,0,0,0,1087.704,1000,1000
64,24,4,"five_scenarios_txt",1,5,4,0.3,"two_stage",30,30,6,30,"CRM","additive_shared","additive_shared","previous_dose",0.15,0.85,"previous_dose_additive",0.5,0.5,0.15,0.85,0.15,0.85,3,1,"one_stage","continuous",0.0179,28,2,"any_admissible_dose",0.6,0.6,0.2,0.85,0,1,0,3,0.05,0.2,0.1062,0.2465,50.5402,0.1528,NA,NA,0,5,4.071,3.914,1.289,30,19.685,0,0,0,1087.704,1000,1000
64,24,4,"five_scenarios_txt",1,5,4,0.3,"two_stage",30,30,6,30,"CRM","additive_shared","additive_shared","previous_dose",0.15,0.85,"previous_dose_additive",0.5,0.5,0.15,0.85,0.15,0.85,3,1,"one_stage","continuous",0.0179,28,2,"any_admissible_dose",0.6,0.6,0.2,0.85,0,1,0,4,0.1,0.5,0.1377,0.4923,64.0274,0.1528,NA,NA,5.8,56.9,11.226,9.606,4.234,30,19.685,0,0,0,1087.704,1000,1000
64,24,4,"five_scenarios_txt",1,5,4,0.3,"two_stage",30,30,6,30,"CRM","additive_shared","additive_shared","previous_dose",0.15,0.85,"previous_dose_additive",0.5,0.5,0.15,0.85,0.15,0.85,3,1,"one_stage","continuous",0.0179,28,2,"any_admissible_dose",0.6,0.6,0.2,0.85,0,1,0,5,0.25,0.5,0.2131,0.4828,60.4426,0.1528,NA,NA,94.2,36.6,8.019,7.073,2.135,30,19.685,0,0,0,1087.704,1000,1000
65,27,2,"higher_gap_above_MTD",1,3,3,0.3,"two_stage",30,30,6,30,"CRM","additive_shared","additive_shared","previous_dose",0.15,0.85,"previous_dose_additive",0.5,0.5,0.15,0.85,0.15,0.85,3,1,"one_stage","continuous",0.0179,28,2,"any_admissible_dose",0.6,0.6,0.2,0.85,0,1,0,1,0.11,0.1,0.1832,0.1535,41.8831,0.1776,NA,NA,7.3,13.2,7.533,6.186,1.736,29.028,19.146,0.2,0.2,8.2,1053.7205,1000,1000
65,27,2,"higher_gap_above_MTD",1,3,3,0.3,"two_stage",30,30,6,30,"CRM","additive_shared","additive_shared","previous_dose",0.15,0.85,"previous_dose_additive",0.5,0.5,0.15,0.85,0.15,0.85,3,1,"one_stage","continuous",0.0179,28,2,"any_admissible_dose",0.6,0.6,0.2,0.85,0,1,0,2,0.17,0.2,0.2332,0.2352,44.7827,0.1776,NA,NA,25.7,29.5,8.589,7.506,3.929,29.028,19.146,0.2,0.2,8.2,1053.7205,1000,1000
65,27,2,"higher_gap_above_MTD",1,3,3,0.3,"two_stage",30,30,6,30,"CRM","additive_shared","additive_shared","previous_dose",0.15,0.85,"previous_dose_additive",0.5,0.5,0.15,0.85,0.15,0.85,3,1,"one_stage","continuous",0.0179,28,2,"any_admissible_dose",0.6,0.6,0.2,0.85,0,1,0,3,0.3,0.4,0.3308,0.4153,51.6876,0.1776,NA,NA,52.8,42.9,9.228,8.14,2.947,29.028,19.146,0.2,0.2,8.2,1053.7205,1000,1000
65,27,2,"higher_gap_above_MTD",1,3,3,0.3,"two_stage",30,30,6,30,"CRM","additive_shared","additive_shared","previous_dose",0.15,0.85,"previous_dose_additive",0.5,0.5,0.15,0.85,0.15,0.85,3,1,"one_stage","continuous",0.0179,28,2,"any_admissible_dose",0.6,0.6,0.2,0.85,0,1,0,4,0.5,0.42,0.3789,0.4862,54.0129,0.1776,NA,NA,13.1,6.1,3.063,2.944,1.097,29.028,19.146,0.2,0.2,8.2,1053.7205,1000,1000
65,27,2,"higher_gap_above_MTD",1,3,3,0.3,"two_stage",30,30,6,30,"CRM","additive_shared","additive_shared","previous_dose",0.15,0.85,"previous_dose_additive",0.5,0.5,0.15,0.85,0.15,0.85,3,1,"one_stage","continuous",0.0179,28,2,"any_admissible_dose",0.6,0.6,0.2,0.85,0,1,0,5,0.62,0.45,0.4745,0.4975,50.8688,0.1776,NA,NA,0.9,0.1,0.615,0.604,0.173,29.028,19.146,0.2,0.2,8.2,1053.7205,1000,1000
66,38,38,"user_added",1,5,5,0.3,"two_stage",30,30,6,30,"CRM","additive_shared","additive_shared","previous_dose",0.15,0.85,"previous_dose_additive",0.5,0.5,0.15,0.85,0.15,0.85,3,1,"one_stage","continuous",0.0179,28,2,"any_admissible_dose",0.6,0.6,0.2,0.85,0,1,0,1,0.05,0.05,0.0767,0.1319,44.8448,0.1628,NA,NA,1.1,5.5,4.719,4.216,0.741,29.739,18.626,0,0,4.1,1024.2426,1000,1000
66,38,38,"user_added",1,5,5,0.3,"two_stage",30,30,6,30,"CRM","additive_shared","additive_shared","previous_dose",0.15,0.85,"previous_dose_additive",0.5,0.5,0.15,0.85,0.15,0.85,3,1,"one_stage","continuous",0.0179,28,2,"any_admissible_dose",0.6,0.6,0.2,0.85,0,1,0,2,0.1,0.08,0.1087,0.1546,44.9271,0.1628,NA,NA,0.8,9.2,4.92,4.545,3.047,29.739,18.626,0,0,4.1,1024.2426,1000,1000
66,38,38,"user_added",1,5,5,0.3,"two_stage",30,30,6,30,"CRM","additive_shared","additive_shared","previous_dose",0.15,0.85,"previous_dose_additive",0.5,0.5,0.15,0.85,0.15,0.85,3,1,"one_stage","continuous",0.0179,28,2,"any_admissible_dose",0.6,0.6,0.2,0.85,0,1,0,3,0.12,0.12,0.1818,0.1762,43.3,0.1628,NA,NA,5.8,10.8,5.289,4.847,1.821,29.739,18.626,0,0,4.1,1024.2426,1000,1000
66,38,38,"user_added",1,5,5,0.3,"two_stage",30,30,6,30,"CRM","additive_shared","additive_shared","previous_dose",0.15,0.85,"previous_dose_additive",0.5,0.5,0.15,0.85,0.15,0.85,3,1,"one_stage","continuous",0.0179,28,2,"any_admissible_dose",0.6,0.6,0.2,0.85,0,1,0,4,0.15,0.15,0.2226,0.2237,44.5189,0.1628,NA,NA,23,15.5,5.751,5.24,2.683,29.739,18.626,0,0,4.1,1024.2426,1000,1000
66,38,38,"user_added",1,5,5,0.3,"two_stage",30,30,6,30,"CRM","additive_shared","additive_shared","previous_dose",0.15,0.85,"previous_dose_additive",0.5,0.5,0.15,0.85,0.15,0.85,3,1,"one_stage","continuous",0.0179,28,2,"any_admissible_dose",0.6,0.6,0.2,0.85,0,1,0,5,0.3,0.5,0.3124,0.499,57.4477,0.1628,NA,NA,69.3,54.9,9.06,7.775,2.821,29.739,18.626,0,0,4.1,1024.2426,1000,1000
67,1,1,"base_example",1,1,1,0.3,"one_stage",30,30,30,30,"CRM","additive_shared","additive_shared","previous_dose",0.15,0.85,"previous_dose_additive",0.5,0.5,0.15,0.85,0.15,0.85,3,1,"one_stage","continuous",0.0179,28,2,"any_admissible_dose",0.6,0.6,0.2,0.85,0,1,0,1,0.3,0.05,0.3845,0.0836,29.6361,0.1909,NA,NA,69.1,9.4,11.724,8.692,3.311,16.752,10.884,15.9,16.4,87.2,593.2468,1000,1000
67,1,1,"base_example",1,1,1,0.3,"one_stage",30,30,30,30,"CRM","additive_shared","additive_shared","previous_dose",0.15,0.85,"previous_dose_additive",0.5,0.5,0.15,0.85,0.15,0.85,3,1,"one_stage","continuous",0.0179,28,2,"any_admissible_dose",0.6,0.6,0.2,0.85,0,1,0,2,0.35,0.06,0.4387,0.3103,41.0688,0.1909,NA,NA,11.6,2.6,3.36,2.954,1.816,16.752,10.884,15.9,16.4,87.2,593.2468,1000,1000
67,1,1,"base_example",1,1,1,0.3,"one_stage",30,30,30,30,"CRM","additive_shared","additive_shared","previous_dose",0.15,0.85,"previous_dose_additive",0.5,0.5,0.15,0.85,0.15,0.85,3,1,"one_stage","continuous",0.0179,28,2,"any_admissible_dose",0.6,0.6,0.2,0.85,0,1,0,3,0.4,0.07,0.5323,0.4159,43.661,0.1909,NA,NA,2.9,0.7,1.269,1.137,0.531,16.752,10.884,15.9,16.4,87.2,593.2468,1000,1000
67,1,1,"base_example",1,1,1,0.3,"one_stage",30,30,30,30,"CRM","additive_shared","additive_shared","previous_dose",0.15,0.85,"previous_dose_additive",0.5,0.5,0.15,0.85,0.15,0.85,3,1,"one_stage","continuous",0.0179,28,2,"any_admissible_dose",0.6,0.6,0.2,0.85,0,1,0,4,0.45,0.08,0.5743,0.4789,45.7647,0.1909,NA,NA,0.5,0.1,0.33,0.307,0.174,16.752,10.884,15.9,16.4,87.2,593.2468,1000,1000
67,1,1,"base_example",1,1,1,0.3,"one_stage",30,30,30,30,"CRM","additive_shared","additive_shared","previous_dose",0.15,0.85,"previous_dose_additive",0.5,0.5,0.15,0.85,0.15,0.85,3,1,"one_stage","continuous",0.0179,28,2,"any_admissible_dose",0.6,0.6,0.2,0.85,0,1,0,5,0.5,0.09,0.6518,0.4958,43.676,0.1909,NA,NA,0,0,0.069,0.058,0.036,16.752,10.884,15.9,16.4,87.2,593.2468,1000,1000
68,16,1,"five_scenarios_txt",1,5,1,0.3,"one_stage",30,30,30,30,"CRM","additive_shared","additive_shared","previous_dose",0.15,0.85,"previous_dose_additive",0.5,0.5,0.15,0.85,0.15,0.85,3,1,"one_stage","continuous",0.0179,28,2,"any_admissible_dose",0.6,0.6,0.2,0.85,0,1,0,1,0.02,0.2,0.0488,0.2106,50.6819,0.1616,NA,NA,0,22.6,7.176,6.312,1.663,30,18.153,0,0,0.1,996.4359,1000,1000
68,16,1,"five_scenarios_txt",1,5,1,0.3,"one_stage",30,30,30,30,"CRM","additive_shared","additive_shared","previous_dose",0.15,0.85,"previous_dose_additive",0.5,0.5,0.15,0.85,0.15,0.85,3,1,"one_stage","continuous",0.0179,28,2,"any_admissible_dose",0.6,0.6,0.2,0.85,0,1,0,2,0.06,0.2,0.0731,0.23,50.8788,0.1616,NA,NA,0.3,27.6,7.416,6.623,3.803,30,18.153,0,0,0.1,996.4359,1000,1000
68,16,1,"five_scenarios_txt",1,5,1,0.3,"one_stage",30,30,30,30,"CRM","additive_shared","additive_shared","previous_dose",0.15,0.85,"previous_dose_additive",0.5,0.5,0.15,0.85,0.15,0.85,3,1,"one_stage","continuous",0.0179,28,2,"any_admissible_dose",0.6,0.6,0.2,0.85,0,1,0,3,0.09,0.2,0.1324,0.2379,48.9774,0.1616,NA,NA,1.9,20.2,5.817,5.344,2.191,30,18.153,0,0,0.1,996.4359,1000,1000
68,16,1,"five_scenarios_txt",1,5,1,0.3,"one_stage",30,30,30,30,"CRM","additive_shared","additive_shared","previous_dose",0.15,0.85,"previous_dose_additive",0.5,0.5,0.15,0.85,0.15,0.85,3,1,"one_stage","continuous",0.0179,28,2,"any_admissible_dose",0.6,0.6,0.2,0.85,0,1,0,4,0.14,0.2,0.1675,0.249,48.2401,0.1616,NA,NA,18.7,18.2,5.547,5.035,2.557,30,18.153,0,0,0.1,996.4359,1000,1000
68,16,1,"five_scenarios_txt",1,5,1,0.3,"one_stage",30,30,30,30,"CRM","additive_shared","additive_shared","previous_dose",0.15,0.85,"previous_dose_additive",0.5,0.5,0.15,0.85,0.15,0.85,3,1,"one_stage","continuous",0.0179,28,2,"any_admissible_dose",0.6,0.6,0.2,0.85,0,1,0,5,0.26,0.2,0.2485,0.2972,47.8931,0.1616,NA,NA,79.1,11.3,4.044,3.705,1.633,30,18.153,0,0,0.1,996.4359,1000,1000
69,20,5,"five_scenarios_txt",1,3,2,0.3,"one_stage",30,30,30,30,"CRM","additive_shared","additive_shared","previous_dose",0.15,0.85,"previous_dose_additive",0.5,0.5,0.15,0.85,0.15,0.85,3,1,"one_stage","continuous",0.0179,28,2,"any_admissible_dose",0.6,0.6,0.2,0.85,0,1,0,1,0.07,0.05,0.1581,0.1273,41.3137,0.1812,NA,NA,3.9,6.2,5.691,4.94,1.033,29.307,18.553,0.1,0.1,6.4,1018.1212,1000,1000
69,20,5,"five_scenarios_txt",1,3,2,0.3,"one_stage",30,30,30,30,"CRM","additive_shared","additive_shared","previous_dose",0.15,0.85,"previous_dose_additive",0.5,0.5,0.15,0.85,0.15,0.85,3,1,"one_stage","continuous",0.0179,28,2,"any_admissible_dose",0.6,0.6,0.2,0.85,0,1,0,2,0.14,0.25,0.2052,0.2581,47.2774,0.1812,NA,NA,16.2,51.6,12.072,9.97,5.359,29.307,18.553,0.1,0.1,6.4,1018.1212,1000,1000
69,20,5,"five_scenarios_txt",1,3,2,0.3,"one_stage",30,30,30,30,"CRM","additive_shared","additive_shared","previous_dose",0.15,0.85,"previous_dose_additive",0.5,0.5,0.15,0.85,0.15,0.85,3,1,"one_stage","continuous",0.0179,28,2,"any_admissible_dose",0.6,0.6,0.2,0.85,0,1,0,3,0.31,0.25,0.2996,0.2823,44.9547,0.1812,NA,NA,47.3,26.5,7.311,6.445,2.507,29.307,18.553,0.1,0.1,6.4,1018.1212,1000,1000
69,20,5,"five_scenarios_txt",1,3,2,0.3,"one_stage",30,30,30,30,"CRM","additive_shared","additive_shared","previous_dose",0.15,0.85,"previous_dose_additive",0.5,0.5,0.15,0.85,0.15,0.85,3,1,"one_stage","continuous",0.0179,28,2,"any_admissible_dose",0.6,0.6,0.2,0.85,0,1,0,4,0.41,0.25,0.3471,0.3783,48.8139,0.1812,NA,NA,27.6,8.3,3.51,3.256,1.552,29.307,18.553,0.1,0.1,6.4,1018.1212,1000,1000
69,20,5,"five_scenarios_txt",1,3,2,0.3,"one_stage",30,30,30,30,"CRM","additive_shared","additive_shared","previous_dose",0.15,0.85,"previous_dose_additive",0.5,0.5,0.15,0.85,0.15,0.85,3,1,"one_stage","continuous",0.0179,28,2,"any_admissible_dose",0.6,0.6,0.2,0.85,0,1,0,5,0.52,0.25,0.4431,0.4646,50.151,0.1812,NA,NA,4.9,1,0.723,0.691,0.303,29.307,18.553,0.1,0.1,6.4,1018.1212,1000,1000
70,24,4,"five_scenarios_txt",1,5,4,0.3,"one_stage",30,30,30,30,"CRM","additive_shared","additive_shared","previous_dose",0.15,0.85,"previous_dose_additive",0.5,0.5,0.15,0.85,0.15,0.85,3,1,"one_stage","continuous",0.0179,28,2,"any_admissible_dose",0.6,0.6,0.2,0.85,0,1,0,1,0.01,0.05,0.033,0.1458,47.4248,0.1493,NA,NA,0,0.4,3.384,3.286,0.167,30,19.566,0,0,0,1080.1069,1000,1000
70,24,4,"five_scenarios_txt",1,5,4,0.3,"one_stage",30,30,30,30,"CRM","additive_shared","additive_shared","previous_dose",0.15,0.85,"previous_dose_additive",0.5,0.5,0.15,0.85,0.15,0.85,3,1,"one_stage","continuous",0.0179,28,2,"any_admissible_dose",0.6,0.6,0.2,0.85,0,1,0,2,0.02,0.08,0.0518,0.1726,48.2826,0.1493,NA,NA,0,0.6,3.354,3.317,2.479,30,19.566,0,0,0,1080.1069,1000,1000
70,24,4,"five_scenarios_txt",1,5,4,0.3,"one_stage",30,30,30,30,"CRM","additive_shared","additive_shared","previous_dose",0.15,0.85,"previous_dose_additive",0.5,0.5,0.15,0.85,0.15,0.85,3,1,"one_stage","continuous",0.0179,28,2,"any_admissible_dose",0.6,0.6,0.2,0.85,0,1,0,3,0.05,0.2,0.1009,0.24,50.365,0.1493,NA,NA,0.1,4,4.26,3.975,1.377,30,19.566,0,0,0,1080.1069,1000,1000
70,24,4,"five_scenarios_txt",1,5,4,0.3,"one_stage",30,30,30,30,"CRM","additive_shared","additive_shared","previous_dose",0.15,0.85,"previous_dose_additive",0.5,0.5,0.15,0.85,0.15,0.85,3,1,"one_stage","continuous",0.0179,28,2,"any_admissible_dose",0.6,0.6,0.2,0.85,0,1,0,4,0.1,0.5,0.1314,0.4849,63.8401,0.1493,NA,NA,49.1,64.1,13.53,10.858,4.751,30,19.566,0,0,0,1080.1069,1000,1000
70,24,4,"five_scenarios_txt",1,5,4,0.3,"one_stage",30,30,30,30,"CRM","additive_shared","additive_shared","previous_dose",0.15,0.85,"previous_dose_additive",0.5,0.5,0.15,0.85,0.15,0.85,3,1,"one_stage","continuous",0.0179,28,2,"any_admissible_dose",0.6,0.6,0.2,0.85,0,1,0,5,0.25,0.5,0.2048,0.4998,61.7935,0.1493,NA,NA,50.8,30.9,5.472,4.586,1.66,30,19.566,0,0,0,1080.1069,1000,1000
71,27,2,"higher_gap_above_MTD",1,3,3,0.3,"one_stage",30,30,30,30,"CRM","additive_shared","additive_shared","previous_dose",0.15,0.85,"previous_dose_additive",0.5,0.5,0.15,0.85,0.15,0.85,3,1,"one_stage","continuous",0.0179,28,2,"any_admissible_dose",0.6,0.6,0.2,0.85,0,1,0,1,0.11,0.1,0.1795,0.1483,41.7158,0.1768,NA,NA,7,11.6,7.926,6.464,1.848,29.004,18.962,0.2,0.2,8.4,1042.6121,1000,1000
71,27,2,"higher_gap_above_MTD",1,3,3,0.3,"one_stage",30,30,30,30,"CRM","additive_shared","additive_shared","previous_dose",0.15,0.85,"previous_dose_additive",0.5,0.5,0.15,0.85,0.15,0.85,3,1,"one_stage","continuous",0.0179,28,2,"any_admissible_dose",0.6,0.6,0.2,0.85,0,1,0,2,0.17,0.2,0.2291,0.2285,44.5436,0.1768,NA,NA,23.2,28.9,8.709,7.564,3.895,29.004,18.962,0.2,0.2,8.4,1042.6121,1000,1000
71,27,2,"higher_gap_above_MTD",1,3,3,0.3,"one_stage",30,30,30,30,"CRM","additive_shared","additive_shared","previous_dose",0.15,0.85,"previous_dose_additive",0.5,0.5,0.15,0.85,0.15,0.85,3,1,"one_stage","continuous",0.0179,28,2,"any_admissible_dose",0.6,0.6,0.2,0.85,0,1,0,3,0.3,0.4,0.3262,0.4097,51.5375,0.1768,NA,NA,57,45.9,9.645,8.227,3.19,29.004,18.962,0.2,0.2,8.4,1042.6121,1000,1000
71,27,2,"higher_gap_above_MTD",1,3,3,0.3,"one_stage",30,30,30,30,"CRM","additive_shared","additive_shared","previous_dose",0.15,0.85,"previous_dose_additive",0.5,0.5,0.15,0.85,0.15,0.85,3,1,"one_stage","continuous",0.0179,28,2,"any_admissible_dose",0.6,0.6,0.2,0.85,0,1,0,4,0.5,0.42,0.3742,0.4833,54.0297,0.1768,NA,NA,11.7,4.9,2.427,2.282,0.996,29.004,18.962,0.2,0.2,8.4,1042.6121,1000,1000
71,27,2,"higher_gap_above_MTD",1,3,3,0.3,"one_stage",30,30,30,30,"CRM","additive_shared","additive_shared","previous_dose",0.15,0.85,"previous_dose_additive",0.5,0.5,0.15,0.85,0.15,0.85,3,1,"one_stage","continuous",0.0179,28,2,"any_admissible_dose",0.6,0.6,0.2,0.85,0,1,0,5,0.62,0.45,0.4698,0.4968,51.0162,0.1768,NA,NA,0.9,0.3,0.297,0.281,0.113,29.004,18.962,0.2,0.2,8.4,1042.6121,1000,1000
72,38,38,"user_added",1,5,5,0.3,"one_stage",30,30,30,30,"CRM","additive_shared","additive_shared","previous_dose",0.15,0.85,"previous_dose_additive",0.5,0.5,0.15,0.85,0.15,0.85,3,1,"one_stage","continuous",0.0179,28,2,"any_admissible_dose",0.6,0.6,0.2,0.85,0,1,0,1,0.05,0.05,0.0764,0.1303,44.7185,0.1605,NA,NA,1.1,5.1,4.764,4.253,0.739,29.742,18.584,0,0,4.7,1022.0774,1000,1000
72,38,38,"user_added",1,5,5,0.3,"one_stage",30,30,30,30,"CRM","additive_shared","additive_shared","previous_dose",0.15,0.85,"previous_dose_additive",0.5,0.5,0.15,0.85,0.15,0.85,3,1,"one_stage","continuous",0.0179,28,2,"any_admissible_dose",0.6,0.6,0.2,0.85,0,1,0,2,0.1,0.08,0.1084,0.153,44.8094,0.1605,NA,NA,0.9,8.7,4.932,4.543,3.03,29.742,18.584,0,0,4.7,1022.0774,1000,1000
72,38,38,"user_added",1,5,5,0.3,"one_stage",30,30,30,30,"CRM","additive_shared","additive_shared","previous_dose",0.15,0.85,"previous_dose_additive",0.5,0.5,0.15,0.85,0.15,0.85,3,1,"one_stage","continuous",0.0179,28,2,"any_admissible_dose",0.6,0.6,0.2,0.85,0,1,0,3,0.12,0.12,0.1814,0.1759,43.2701,0.1605,NA,NA,5.7,9.9,5.409,4.902,1.884,29.742,18.584,0,0,4.7,1022.0774,1000,1000
72,38,38,"user_added",1,5,5,0.3,"one_stage",30,30,30,30,"CRM","additive_shared","additive_shared","previous_dose",0.15,0.85,"previous_dose_additive",0.5,0.5,0.15,0.85,0.15,0.85,3,1,"one_stage","continuous",0.0179,28,2,"any_admissible_dose",0.6,0.6,0.2,0.85,0,1,0,4,0.15,0.15,0.2222,0.2203,44.3067,0.1605,NA,NA,23,16.1,5.622,5.06,2.647,29.742,18.584,0,0,4.7,1022.0774,1000,1000
72,38,38,"user_added",1,5,5,0.3,"one_stage",30,30,30,30,"CRM","additive_shared","additive_shared","previous_dose",0.15,0.85,"previous_dose_additive",0.5,0.5,0.15,0.85,0.15,0.85,3,1,"one_stage","continuous",0.0179,28,2,"any_admissible_dose",0.6,0.6,0.2,0.85,0,1,0,5,0.3,0.5,0.312,0.5027,57.6649,0.1605,NA,NA,69.3,55.5,9.015,7.687,2.858,29.742,18.584,0,0,4.7,1022.0774,1000,1000
73,1,1,"base_example",1,1,1,0.3,"two_stage",30,30,6,30,"CRM","additive_shared","additive_shared","previous_dose",0.15,0.85,"previous_dose_additive",0.5,0.5,0.15,0.85,0.15,0.85,3,1,"one_stage","ipde_first",0.0179,28,2,"any_admissible_dose",0.9,0.9,0.2,0.85,0,1,0,1,0.3,0.05,0.4029,0.0869,29.0762,0.2178,NA,NA,72.8,10.4,12.114,8.927,3.428,16.011,10.36,19.4,20.2,87.3,684.8246,1000,1000
73,1,1,"base_example",1,1,1,0.3,"two_stage",30,30,6,30,"CRM","additive_shared","additive_shared","previous_dose",0.15,0.85,"previous_dose_additive",0.5,0.5,0.15,0.85,0.15,0.85,3,1,"one_stage","ipde_first",0.0179,28,2,"any_admissible_dose",0.9,0.9,0.2,0.85,0,1,0,2,0.35,0.06,0.4572,0.3294,41.4681,0.2178,NA,NA,6.8,2,2.901,2.626,1.867,16.011,10.36,19.4,20.2,87.3,684.8246,1000,1000
73,1,1,"base_example",1,1,1,0.3,"two_stage",30,30,6,30,"CRM","additive_shared","additive_shared","previous_dose",0.15,0.85,"previous_dose_additive",0.5,0.5,0.15,0.85,0.15,0.85,3,1,"one_stage","ipde_first",0.0179,28,2,"any_admissible_dose",0.9,0.9,0.2,0.85,0,1,0,3,0.4,0.07,0.5499,0.4464,44.7899,0.2178,NA,NA,1,0.3,0.816,0.716,0.232,16.011,10.36,19.4,20.2,87.3,684.8246,1000,1000
73,1,1,"base_example",1,1,1,0.3,"two_stage",30,30,6,30,"CRM","additive_shared","additive_shared","previous_dose",0.15,0.85,"previous_dose_additive",0.5,0.5,0.15,0.85,0.15,0.85,3,1,"one_stage","ipde_first",0.0179,28,2,"any_admissible_dose",0.9,0.9,0.2,0.85,0,1,0,4,0.45,0.08,0.5911,0.4861,45.5287,0.2178,NA,NA,0,0,0.165,0.159,0.119,16.011,10.36,19.4,20.2,87.3,684.8246,1000,1000
73,1,1,"base_example",1,1,1,0.3,"two_stage",30,30,6,30,"CRM","additive_shared","additive_shared","previous_dose",0.15,0.85,"previous_dose_additive",0.5,0.5,0.15,0.85,0.15,0.85,3,1,"one_stage","ipde_first",0.0179,28,2,"any_admissible_dose",0.9,0.9,0.2,0.85,0,1,0,5,0.5,0.09,0.6668,0.4986,43.2689,0.2178,NA,NA,0,0,0.015,0.013,0.005,16.011,10.36,19.4,20.2,87.3,684.8246,1000,1000
74,16,1,"five_scenarios_txt",1,5,1,0.3,"two_stage",30,30,6,30,"CRM","additive_shared","additive_shared","previous_dose",0.15,0.85,"previous_dose_additive",0.5,0.5,0.15,0.85,0.15,0.85,3,1,"one_stage","ipde_first",0.0179,28,2,"any_admissible_dose",0.9,0.9,0.2,0.85,0,1,0,1,0.02,0.2,0.0552,0.2184,50.81,0.1898,NA,NA,0,20.8,6.678,5.878,1.541,30,18.167,0,0,0.2,1245.6193,1000,1000
74,16,1,"five_scenarios_txt",1,5,1,0.3,"two_stage",30,30,6,30,"CRM","additive_shared","additive_shared","previous_dose",0.15,0.85,"previous_dose_additive",0.5,0.5,0.15,0.85,0.15,0.85,3,1,"one_stage","ipde_first",0.0179,28,2,"any_admissible_dose",0.9,0.9,0.2,0.85,0,1,0,2,0.06,0.2,0.0816,0.2609,52.3141,0.1898,NA,NA,0.2,33.6,7.902,6.932,4.484,30,18.167,0,0,0.2,1245.6193,1000,1000
74,16,1,"five_scenarios_txt",1,5,1,0.3,"two_stage",30,30,6,30,"CRM","additive_shared","additive_shared","previous_dose",0.15,0.85,"previous_dose_additive",0.5,0.5,0.15,0.85,0.15,0.85,3,1,"one_stage","ipde_first",0.0179,28,2,"any_admissible_dose",0.9,0.9,0.2,0.85,0,1,0,3,0.09,0.2,0.1448,0.2414,48.6221,0.1898,NA,NA,2.4,18.6,5.676,5.255,1.559,30,18.167,0,0,0.2,1245.6193,1000,1000
74,16,1,"five_scenarios_txt",1,5,1,0.3,"two_stage",30,30,6,30,"CRM","additive_shared","additive_shared","previous_dose",0.15,0.85,"previous_dose_additive",0.5,0.5,0.15,0.85,0.15,0.85,3,1,"one_stage","ipde_first",0.0179,28,2,"any_admissible_dose",0.9,0.9,0.2,0.85,0,1,0,4,0.14,0.2,0.1815,0.2773,49.313,0.1898,NA,NA,16.3,19.3,5.7,5.291,2.936,30,18.167,0,0,0.2,1245.6193,1000,1000
74,16,1,"five_scenarios_txt",1,5,1,0.3,"two_stage",30,30,6,30,"CRM","additive_shared","additive_shared","previous_dose",0.15,0.85,"previous_dose_additive",0.5,0.5,0.15,0.85,0.15,0.85,3,1,"one_stage","ipde_first",0.0179,28,2,"any_admissible_dose",0.9,0.9,0.2,0.85,0,1,0,5,0.26,0.2,0.2653,0.2849,46.4379,0.1898,NA,NA,81.1,7.5,4.044,3.809,1.313,30,18.167,0,0,0.2,1245.6193,1000,1000
75,20,5,"five_scenarios_txt",1,3,2,0.3,"two_stage",30,30,6,30,"CRM","additive_shared","additive_shared","previous_dose",0.15,0.85,"previous_dose_additive",0.5,0.5,0.15,0.85,0.15,0.85,3,1,"one_stage","ipde_first",0.0179,28,2,"any_admissible_dose",0.9,0.9,0.2,0.85,0,1,0,1,0.07,0.05,0.1729,0.1271,40.6622,0.2197,NA,NA,3.8,6.9,5.727,4.95,1.06,29.442,18.659,0.3,0.3,7.3,1260.6448,1000,1000
75,20,5,"five_scenarios_txt",1,3,2,0.3,"two_stage",30,30,6,30,"CRM","additive_shared","additive_shared","previous_dose",0.15,0.85,"previous_dose_additive",0.5,0.5,0.15,0.85,0.15,0.85,3,1,"one_stage","ipde_first",0.0179,28,2,"any_admissible_dose",0.9,0.9,0.2,0.85,0,1,0,2,0.14,0.25,0.222,0.2803,47.8932,0.2197,NA,NA,24,55.6,11.844,9.876,5.811,29.442,18.659,0.3,0.3,7.3,1260.6448,1000,1000
75,20,5,"five_scenarios_txt",1,3,2,0.3,"two_stage",30,30,6,30,"CRM","additive_shared","additive_shared","previous_dose",0.15,0.85,"previous_dose_additive",0.5,0.5,0.15,0.85,0.15,0.85,3,1,"one_stage","ipde_first",0.0179,28,2,"any_admissible_dose",0.9,0.9,0.2,0.85,0,1,0,3,0.31,0.25,0.3189,0.2969,45.0317,0.2197,NA,NA,51.7,25.3,7.773,6.91,2.074,29.442,18.659,0.3,0.3,7.3,1260.6448,1000,1000
75,20,5,"five_scenarios_txt",1,3,2,0.3,"two_stage",30,30,6,30,"CRM","additive_shared","additive_shared","previous_dose",0.15,0.85,"previous_dose_additive",0.5,0.5,0.15,0.85,0.15,0.85,3,1,"one_stage","ipde_first",0.0179,28,2,"any_admissible_dose",0.9,0.9,0.2,0.85,0,1,0,4,0.41,0.25,0.367,0.3945,48.9726,0.2197,NA,NA,18.9,4.7,3.336,3.197,1.592,29.442,18.659,0.3,0.3,7.3,1260.6448,1000,1000
75,20,5,"five_scenarios_txt",1,3,2,0.3,"two_stage",30,30,6,30,"CRM","additive_shared","additive_shared","previous_dose",0.15,0.85,"previous_dose_additive",0.5,0.5,0.15,0.85,0.15,0.85,3,1,"one_stage","ipde_first",0.0179,28,2,"any_admissible_dose",0.9,0.9,0.2,0.85,0,1,0,5,0.52,0.25,0.4631,0.4663,49.4486,0.2197,NA,NA,1.3,0.2,0.762,0.744,0.246,29.442,18.659,0.3,0.3,7.3,1260.6448,1000,1000
76,24,4,"five_scenarios_txt",1,5,4,0.3,"two_stage",30,30,6,30,"CRM","additive_shared","additive_shared","previous_dose",0.15,0.85,"previous_dose_additive",0.5,0.5,0.15,0.85,0.15,0.85,3,1,"one_stage","ipde_first",0.0179,28,2,"any_admissible_dose",0.9,0.9,0.2,0.85,0,1,0,1,0.01,0.05,0.0392,0.1473,47.1984,0.1687,NA,NA,0,0.5,3.258,3.182,0.128,30,19.715,0,0,0,1337.7449,1000,1000
76,24,4,"five_scenarios_txt",1,5,4,0.3,"two_stage",30,30,6,30,"CRM","additive_shared","additive_shared","previous_dose",0.15,0.85,"previous_dose_additive",0.5,0.5,0.15,0.85,0.15,0.85,3,1,"one_stage","ipde_first",0.0179,28,2,"any_admissible_dose",0.9,0.9,0.2,0.85,0,1,0,2,0.02,0.08,0.0605,0.1843,48.5769,0.1687,NA,NA,0,1.2,3.39,3.343,2.964,30,19.715,0,0,0,1337.7449,1000,1000
76,24,4,"five_scenarios_txt",1,5,4,0.3,"two_stage",30,30,6,30,"CRM","additive_shared","additive_shared","previous_dose",0.15,0.85,"previous_dose_additive",0.5,0.5,0.15,0.85,0.15,0.85,3,1,"one_stage","ipde_first",0.0179,28,2,"any_admissible_dose",0.9,0.9,0.2,0.85,0,1,0,3,0.05,0.2,0.1147,0.2573,50.7941,0.1687,NA,NA,0.1,3.5,3.981,3.826,0.564,30,19.715,0,0,0,1337.7449,1000,1000
76,24,4,"five_scenarios_txt",1,5,4,0.3,"two_stage",30,30,6,30,"CRM","additive_shared","additive_shared","previous_dose",0.15,0.85,"previous_dose_additive",0.5,0.5,0.15,0.85,0.15,0.85,3,1,"one_stage","ipde_first",0.0179,28,2,"any_admissible_dose",0.9,0.9,0.2,0.85,0,1,0,4,0.1,0.5,0.1476,0.5345,66.1228,0.1687,NA,NA,6.2,62,11.856,10.091,4.94,30,19.715,0,0,0,1337.7449,1000,1000
76,24,4,"five_scenarios_txt",1,5,4,0.3,"two_stage",30,30,6,30,"CRM","additive_shared","additive_shared","previous_dose",0.15,0.85,"previous_dose_additive",0.5,0.5,0.15,0.85,0.15,0.85,3,1,"one_stage","ipde_first",0.0179,28,2,"any_admissible_dose",0.9,0.9,0.2,0.85,0,1,0,5,0.25,0.5,0.2256,0.4954,60.6596,0.1687,NA,NA,93.7,32.8,7.515,6.66,1.689,30,19.715,0,0,0,1337.7449,1000,1000
77,27,2,"higher_gap_above_MTD",1,3,3,0.3,"two_stage",30,30,6,30,"CRM","additive_shared","additive_shared","previous_dose",0.15,0.85,"previous_dose_additive",0.5,0.5,0.15,0.85,0.15,0.85,3,1,"one_stage","ipde_first",0.0179,28,2,"any_admissible_dose",0.9,0.9,0.2,0.85,0,1,0,1,0.11,0.1,0.1962,0.1519,41.2217,0.2115,NA,NA,8.2,15.3,7.98,6.511,1.892,29.001,18.86,1,1,10.1,1272.1773,1000,1000
77,27,2,"higher_gap_above_MTD",1,3,3,0.3,"two_stage",30,30,6,30,"CRM","additive_shared","additive_shared","previous_dose",0.15,0.85,"previous_dose_additive",0.5,0.5,0.15,0.85,0.15,0.85,3,1,"one_stage","ipde_first",0.0179,28,2,"any_admissible_dose",0.9,0.9,0.2,0.85,0,1,0,2,0.17,0.2,0.2473,0.2533,45.2708,0.2115,NA,NA,34.1,35,9.612,8.227,4.693,29.001,18.86,1,1,10.1,1272.1773,1000,1000
77,27,2,"higher_gap_above_MTD",1,3,3,0.3,"two_stage",30,30,6,30,"CRM","additive_shared","additive_shared","previous_dose",0.15,0.85,"previous_dose_additive",0.5,0.5,0.15,0.85,0.15,0.85,3,1,"one_stage","ipde_first",0.0179,28,2,"any_admissible_dose",0.9,0.9,0.2,0.85,0,1,0,3,0.3,0.4,0.3458,0.4296,51.9182,0.2115,NA,NA,47.1,36,8.589,7.601,2.436,29.001,18.86,1,1,10.1,1272.1773,1000,1000
77,27,2,"higher_gap_above_MTD",1,3,3,0.3,"two_stage",30,30,6,30,"CRM","additive_shared","additive_shared","previous_dose",0.15,0.85,"previous_dose_additive",0.5,0.5,0.15,0.85,0.15,0.85,3,1,"one_stage","ipde_first",0.0179,28,2,"any_admissible_dose",0.9,0.9,0.2,0.85,0,1,0,4,0.5,0.42,0.3939,0.4964,54.0077,0.2115,NA,NA,9.4,3.6,2.475,2.387,1.023,29.001,18.86,1,1,10.1,1272.1773,1000,1000
77,27,2,"higher_gap_above_MTD",1,3,3,0.3,"two_stage",30,30,6,30,"CRM","additive_shared","additive_shared","previous_dose",0.15,0.85,"previous_dose_additive",0.5,0.5,0.15,0.85,0.15,0.85,3,1,"one_stage","ipde_first",0.0179,28,2,"any_admissible_dose",0.9,0.9,0.2,0.85,0,1,0,5,0.62,0.45,0.4889,0.5015,50.5358,0.2115,NA,NA,0.2,0,0.345,0.342,0.097,29.001,18.86,1,1,10.1,1272.1773,1000,1000
78,38,38,"user_added",1,5,5,0.3,"two_stage",30,30,6,30,"CRM","additive_shared","additive_shared","previous_dose",0.15,0.85,"previous_dose_additive",0.5,0.5,0.15,0.85,0.15,0.85,3,1,"one_stage","ipde_first",0.0179,28,2,"any_admissible_dose",0.9,0.9,0.2,0.85,0,1,0,1,0.05,0.05,0.0826,0.1272,44.27,0.1788,NA,NA,0.6,7,5.007,4.395,0.865,29.838,18.464,0.1,0.1,4.3,1263.3802,1000,1000
78,38,38,"user_added",1,5,5,0.3,"two_stage",30,30,6,30,"CRM","additive_shared","additive_shared","previous_dose",0.15,0.85,"previous_dose_additive",0.5,0.5,0.15,0.85,0.15,0.85,3,1,"one_stage","ipde_first",0.0179,28,2,"any_admissible_dose",0.9,0.9,0.2,0.85,0,1,0,2,0.1,0.08,0.1162,0.1594,44.8661,0.1788,NA,NA,1.3,12.5,5.415,4.959,3.623,29.838,18.464,0.1,0.1,4.3,1263.3802,1000,1000
78,38,38,"user_added",1,5,5,0.3,"two_stage",30,30,6,30,"CRM","additive_shared","additive_shared","previous_dose",0.15,0.85,"previous_dose_additive",0.5,0.5,0.15,0.85,0.15,0.85,3,1,"one_stage","ipde_first",0.0179,28,2,"any_admissible_dose",0.9,0.9,0.2,0.85,0,1,0,3,0.12,0.12,0.1918,0.1801,43.1022,0.1788,NA,NA,6.8,12.9,5.535,4.996,1.45,29.838,18.464,0.1,0.1,4.3,1263.3802,1000,1000
78,38,38,"user_added",1,5,5,0.3,"two_stage",30,30,6,30,"CRM","additive_shared","additive_shared","previous_dose",0.15,0.85,"previous_dose_additive",0.5,0.5,0.15,0.85,0.15,0.85,3,1,"one_stage","ipde_first",0.0179,28,2,"any_admissible_dose",0.9,0.9,0.2,0.85,0,1,0,4,0.15,0.15,0.2335,0.232,44.5539,0.1788,NA,NA,30.1,18.2,6.039,5.417,3.152,29.838,18.464,0.1,0.1,4.3,1263.3802,1000,1000
78,38,38,"user_added",1,5,5,0.3,"two_stage",30,30,6,30,"CRM","additive_shared","additive_shared","previous_dose",0.15,0.85,"previous_dose_additive",0.5,0.5,0.15,0.85,0.15,0.85,3,1,"one_stage","ipde_first",0.0179,28,2,"any_admissible_dose",0.9,0.9,0.2,0.85,0,1,0,5,0.3,0.5,0.3245,0.4974,56.8472,0.1788,NA,NA,61.1,45.1,7.842,6.78,2.284,29.838,18.464,0.1,0.1,4.3,1263.3802,1000,1000
79,1,1,"base_example",1,1,1,0.3,"one_stage",30,30,30,30,"CRM","additive_shared","additive_shared","previous_dose",0.15,0.85,"previous_dose_additive",0.5,0.5,0.15,0.85,0.15,0.85,3,1,"one_stage","ipde_first",0.0179,28,2,"any_admissible_dose",0.9,0.9,0.2,0.85,0,1,0,1,0.3,0.05,0.4033,0.0864,29.0333,0.2135,NA,NA,72.8,9.8,12.24,8.979,3.477,15.981,10.358,19.8,20.4,88.3,683.1816,1000,1000
79,1,1,"base_example",1,1,1,0.3,"one_stage",30,30,30,30,"CRM","additive_shared","additive_shared","previous_dose",0.15,0.85,"previous_dose_additive",0.5,0.5,0.15,0.85,0.15,0.85,3,1,"one_stage","ipde_first",0.0179,28,2,"any_admissible_dose",0.9,0.9,0.2,0.85,0,1,0,2,0.35,0.06,0.4575,0.3296,41.469,0.2135,NA,NA,6.2,1.4,2.772,2.499,1.789,15.981,10.358,19.8,20.4,88.3,683.1816,1000,1000
79,1,1,"base_example",1,1,1,0.3,"one_stage",30,30,30,30,"CRM","additive_shared","additive_shared","previous_dose",0.15,0.85,"previous_dose_additive",0.5,0.5,0.15,0.85,0.15,0.85,3,1,"one_stage","ipde_first",0.0179,28,2,"any_admissible_dose",0.9,0.9,0.2,0.85,0,1,0,3,0.4,0.07,0.5502,0.4476,44.8464,0.2135,NA,NA,1.1,0.4,0.789,0.695,0.233,15.981,10.358,19.8,20.4,88.3,683.1816,1000,1000
79,1,1,"base_example",1,1,1,0.3,"one_stage",30,30,30,30,"CRM","additive_shared","additive_shared","previous_dose",0.15,0.85,"previous_dose_additive",0.5,0.5,0.15,0.85,0.15,0.85,3,1,"one_stage","ipde_first",0.0179,28,2,"any_admissible_dose",0.9,0.9,0.2,0.85,0,1,0,4,0.45,0.08,0.5914,0.4866,45.5457,0.2135,NA,NA,0.1,0.1,0.168,0.166,0.117,15.981,10.358,19.8,20.4,88.3,683.1816,1000,1000
79,1,1,"base_example",1,1,1,0.3,"one_stage",30,30,30,30,"CRM","additive_shared","additive_shared","previous_dose",0.15,0.85,"previous_dose_additive",0.5,0.5,0.15,0.85,0.15,0.85,3,1,"one_stage","ipde_first",0.0179,28,2,"any_admissible_dose",0.9,0.9,0.2,0.85,0,1,0,5,0.5,0.09,0.6671,0.4993,43.3006,0.2135,NA,NA,0,0,0.012,0.01,0.007,15.981,10.358,19.8,20.4,88.3,683.1816,1000,1000
80,16,1,"five_scenarios_txt",1,5,1,0.3,"one_stage",30,30,30,30,"CRM","additive_shared","additive_shared","previous_dose",0.15,0.85,"previous_dose_additive",0.5,0.5,0.15,0.85,0.15,0.85,3,1,"one_stage","ipde_first",0.0179,28,2,"any_admissible_dose",0.9,0.9,0.2,0.85,0,1,0,1,0.02,0.2,0.0534,0.2137,50.6047,0.1735,NA,NA,0,20.1,6.951,6.096,1.575,30,18.11,0,0,0.2,1239.3586,1000,1000
80,16,1,"five_scenarios_txt",1,5,1,0.3,"one_stage",30,30,30,30,"CRM","additive_shared","additive_shared","previous_dose",0.15,0.85,"previous_dose_additive",0.5,0.5,0.15,0.85,0.15,0.85,3,1,"one_stage","ipde_first",0.0179,28,2,"any_admissible_dose",0.9,0.9,0.2,0.85,0,1,0,2,0.06,0.2,0.0792,0.2563,52.1359,0.1735,NA,NA,1.1,32.5,8.316,7.226,4.394,30,18.11,0,0,0.2,1239.3586,1000,1000
80,16,1,"five_scenarios_txt",1,5,1,0.3,"one_stage",30,30,30,30,"CRM","additive_shared","additive_shared","previous_dose",0.15,0.85,"previous_dose_additive",0.5,0.5,0.15,0.85,0.15,0.85,3,1,"one_stage","ipde_first",0.0179,28,2,"any_admissible_dose",0.9,0.9,0.2,0.85,0,1,0,3,0.09,0.2,0.1416,0.2514,49.3551,0.1735,NA,NA,4.8,19.8,5.841,5.267,1.992,30,18.11,0,0,0.2,1239.3586,1000,1000
80,16,1,"five_scenarios_txt",1,5,1,0.3,"one_stage",30,30,30,30,"CRM","additive_shared","additive_shared","previous_dose",0.15,0.85,"previous_dose_additive",0.5,0.5,0.15,0.85,0.15,0.85,3,1,"one_stage","ipde_first",0.0179,28,2,"any_admissible_dose",0.9,0.9,0.2,0.85,0,1,0,4,0.14,0.2,0.178,0.2765,49.409,0.1735,NA,NA,24.2,18.8,5.385,4.876,2.564,30,18.11,0,0,0.2,1239.3586,1000,1000
80,16,1,"five_scenarios_txt",1,5,1,0.3,"one_stage",30,30,30,30,"CRM","additive_shared","additive_shared","previous_dose",0.15,0.85,"previous_dose_additive",0.5,0.5,0.15,0.85,0.15,0.85,3,1,"one_stage","ipde_first",0.0179,28,2,"any_admissible_dose",0.9,0.9,0.2,0.85,0,1,0,5,0.26,0.2,0.2612,0.3241,48.9508,0.1735,NA,NA,69.9,8.6,3.507,3.237,1.365,30,18.11,0,0,0.2,1239.3586,1000,1000
81,20,5,"five_scenarios_txt",1,3,2,0.3,"one_stage",30,30,30,30,"CRM","additive_shared","additive_shared","previous_dose",0.15,0.85,"previous_dose_additive",0.5,0.5,0.15,0.85,0.15,0.85,3,1,"one_stage","ipde_first",0.0179,28,2,"any_admissible_dose",0.9,0.9,0.2,0.85,0,1,0,1,0.07,0.05,0.1681,0.1247,40.7096,0.2114,NA,NA,4.3,6.6,5.979,5.104,1.153,29.415,18.475,0.2,0.3,8.6,1249.1391,1000,1000
81,20,5,"five_scenarios_txt",1,3,2,0.3,"one_stage",30,30,30,30,"CRM","additive_shared","additive_shared","previous_dose",0.15,0.85,"previous_dose_additive",0.5,0.5,0.15,0.85,0.15,0.85,3,1,"one_stage","ipde_first",0.0179,28,2,"any_admissible_dose",0.9,0.9,0.2,0.85,0,1,0,2,0.14,0.25,0.2167,0.269,47.4338,0.2114,NA,NA,22.9,52.4,12.465,10.245,5.79,29.415,18.475,0.2,0.3,8.6,1249.1391,1000,1000
81,20,5,"five_scenarios_txt",1,3,2,0.3,"one_stage",30,30,30,30,"CRM","additive_shared","additive_shared","previous_dose",0.15,0.85,"previous_dose_additive",0.5,0.5,0.15,0.85,0.15,0.85,3,1,"one_stage","ipde_first",0.0179,28,2,"any_admissible_dose",0.9,0.9,0.2,0.85,0,1,0,3,0.31,0.25,0.3127,0.3031,45.6531,0.2114,NA,NA,49.3,27.5,7.5,6.51,2.352,29.415,18.475,0.2,0.3,8.6,1249.1391,1000,1000
81,20,5,"five_scenarios_txt",1,3,2,0.3,"one_stage",30,30,30,30,"CRM","additive_shared","additive_shared","previous_dose",0.15,0.85,"previous_dose_additive",0.5,0.5,0.15,0.85,0.15,0.85,3,1,"one_stage","ipde_first",0.0179,28,2,"any_admissible_dose",0.9,0.9,0.2,0.85,0,1,0,4,0.41,0.25,0.3606,0.3946,49.2392,0.2114,NA,NA,21.7,4.7,2.997,2.808,1.445,29.415,18.475,0.2,0.3,8.6,1249.1391,1000,1000
81,20,5,"five_scenarios_txt",1,3,2,0.3,"one_stage",30,30,30,30,"CRM","additive_shared","additive_shared","previous_dose",0.15,0.85,"previous_dose_additive",0.5,0.5,0.15,0.85,0.15,0.85,3,1,"one_stage","ipde_first",0.0179,28,2,"any_admissible_dose",0.9,0.9,0.2,0.85,0,1,0,5,0.52,0.25,0.4566,0.4824,50.6775,0.2114,NA,NA,1.6,0.2,0.474,0.449,0.2,29.415,18.475,0.2,0.3,8.6,1249.1391,1000,1000
82,24,4,"five_scenarios_txt",1,5,4,0.3,"one_stage",30,30,30,30,"CRM","additive_shared","additive_shared","previous_dose",0.15,0.85,"previous_dose_additive",0.5,0.5,0.15,0.85,0.15,0.85,3,1,"one_stage","ipde_first",0.0179,28,2,"any_admissible_dose",0.9,0.9,0.2,0.85,0,1,0,1,0.01,0.05,0.0348,0.1458,47.2873,0.1592,NA,NA,0,0.5,3.303,3.219,0.141,30,19.544,0,0,0,1326.942,1000,1000
82,24,4,"five_scenarios_txt",1,5,4,0.3,"one_stage",30,30,30,30,"CRM","additive_shared","additive_shared","previous_dose",0.15,0.85,"previous_dose_additive",0.5,0.5,0.15,0.85,0.15,0.85,3,1,"one_stage","ipde_first",0.0179,28,2,"any_admissible_dose",0.9,0.9,0.2,0.85,0,1,0,2,0.02,0.08,0.0543,0.1782,48.4556,0.1592,NA,NA,0,0.7,3.408,3.354,2.926,30,19.544,0,0,0,1326.942,1000,1000
82,24,4,"five_scenarios_txt",1,5,4,0.3,"one_stage",30,30,30,30,"CRM","additive_shared","additive_shared","previous_dose",0.15,0.85,"previous_dose_additive",0.5,0.5,0.15,0.85,0.15,0.85,3,1,"one_stage","ipde_first",0.0179,28,2,"any_admissible_dose",0.9,0.9,0.2,0.85,0,1,0,3,0.05,0.2,0.1046,0.2489,50.6926,0.1592,NA,NA,0.2,2.5,4.056,3.777,0.68,30,19.544,0,0,0,1326.942,1000,1000
82,24,4,"five_scenarios_txt",1,5,4,0.3,"one_stage",30,30,30,30,"CRM","additive_shared","additive_shared","previous_dose",0.15,0.85,"previous_dose_additive",0.5,0.5,0.15,0.85,0.15,0.85,3,1,"one_stage","ipde_first",0.0179,28,2,"any_admissible_dose",0.9,0.9,0.2,0.85,0,1,0,4,0.1,0.5,0.1357,0.533,66.5112,0.1592,NA,NA,62.4,71.7,14.943,11.85,5.466,30,19.544,0,0,0,1326.942,1000,1000
82,24,4,"five_scenarios_txt",1,5,4,0.3,"one_stage",30,30,30,30,"CRM","additive_shared","additive_shared","previous_dose",0.15,0.85,"previous_dose_additive",0.5,0.5,0.15,0.85,0.15,0.85,3,1,"one_stage","ipde_first",0.0179,28,2,"any_admissible_dose",0.9,0.9,0.2,0.85,0,1,0,5,0.25,0.5,0.2101,0.5137,62.3791,0.1592,NA,NA,37.4,24.6,4.29,3.561,1.243,30,19.544,0,0,0,1326.942,1000,1000
83,27,2,"higher_gap_above_MTD",1,3,3,0.3,"one_stage",30,30,30,30,"CRM","additive_shared","additive_shared","previous_dose",0.15,0.85,"previous_dose_additive",0.5,0.5,0.15,0.85,0.15,0.85,3,1,"one_stage","ipde_first",0.0179,28,2,"any_admissible_dose",0.9,0.9,0.2,0.85,0,1,0,1,0.11,0.1,0.1923,0.1487,41.1929,0.2046,NA,NA,7.4,15.2,8.499,6.834,2.068,29.022,18.702,0.9,1,9.3,1259.4743,1000,1000
83,27,2,"higher_gap_above_MTD",1,3,3,0.3,"one_stage",30,30,30,30,"CRM","additive_shared","additive_shared","previous_dose",0.15,0.85,"previous_dose_additive",0.5,0.5,0.15,0.85,0.15,0.85,3,1,"one_stage","ipde_first",0.0179,28,2,"any_admissible_dose",0.9,0.9,0.2,0.85,0,1,0,2,0.17,0.2,0.2429,0.2413,44.7286,0.2046,NA,NA,32,32,9.495,8.049,4.524,29.022,18.702,0.9,1,9.3,1259.4743,1000,1000
83,27,2,"higher_gap_above_MTD",1,3,3,0.3,"one_stage",30,30,30,30,"CRM","additive_shared","additive_shared","previous_dose",0.15,0.85,"previous_dose_additive",0.5,0.5,0.15,0.85,0.15,0.85,3,1,"one_stage","ipde_first",0.0179,28,2,"any_admissible_dose",0.9,0.9,0.2,0.85,0,1,0,3,0.3,0.4,0.3408,0.426,51.9026,0.2046,NA,NA,51.2,39.2,8.883,7.541,2.78,29.022,18.702,0.9,1,9.3,1259.4743,1000,1000
83,27,2,"higher_gap_above_MTD",1,3,3,0.3,"one_stage",30,30,30,30,"CRM","additive_shared","additive_shared","previous_dose",0.15,0.85,"previous_dose_additive",0.5,0.5,0.15,0.85,0.15,0.85,3,1,"one_stage","ipde_first",0.0179,28,2,"any_admissible_dose",0.9,0.9,0.2,0.85,0,1,0,4,0.5,0.42,0.3889,0.4962,54.2038,0.2046,NA,NA,8.2,4.3,2.043,1.913,0.908,29.022,18.702,0.9,1,9.3,1259.4743,1000,1000
83,27,2,"higher_gap_above_MTD",1,3,3,0.3,"one_stage",30,30,30,30,"CRM","additive_shared","additive_shared","previous_dose",0.15,0.85,"previous_dose_additive",0.5,0.5,0.15,0.85,0.15,0.85,3,1,"one_stage","ipde_first",0.0179,28,2,"any_admissible_dose",0.9,0.9,0.2,0.85,0,1,0,5,0.62,0.45,0.4839,0.5013,50.726,0.2046,NA,NA,0.3,0,0.102,0.097,0.04,29.022,18.702,0.9,1,9.3,1259.4743,1000,1000
84,38,38,"user_added",1,5,5,0.3,"one_stage",30,30,30,30,"CRM","additive_shared","additive_shared","previous_dose",0.15,0.85,"previous_dose_additive",0.5,0.5,0.15,0.85,0.15,0.85,3,1,"one_stage","ipde_first",0.0179,28,2,"any_admissible_dose",0.9,0.9,0.2,0.85,0,1,0,1,0.05,0.05,0.082,0.1273,44.299,0.1772,NA,NA,0.6,5.4,5.01,4.402,0.859,29.844,18.437,0.1,0.1,4.8,1265.7461,1000,1000
84,38,38,"user_added",1,5,5,0.3,"one_stage",30,30,30,30,"CRM","additive_shared","additive_shared","previous_dose",0.15,0.85,"previous_dose_additive",0.5,0.5,0.15,0.85,0.15,0.85,3,1,"one_stage","ipde_first",0.0179,28,2,"any_admissible_dose",0.9,0.9,0.2,0.85,0,1,0,2,0.1,0.08,0.1155,0.1551,44.6357,0.1772,NA,NA,1,11.9,5.541,5.029,3.622,29.844,18.437,0.1,0.1,4.8,1265.7461,1000,1000
84,38,38,"user_added",1,5,5,0.3,"one_stage",30,30,30,30,"CRM","additive_shared","additive_shared","previous_dose",0.15,0.85,"previous_dose_additive",0.5,0.5,0.15,0.85,0.15,0.85,3,1,"one_stage","ipde_first",0.0179,28,2,"any_admissible_dose",0.9,0.9,0.2,0.85,0,1,0,3,0.12,0.12,0.1911,0.1805,43.1567,0.1772,NA,NA,7.3,12.2,5.547,4.96,1.507,29.844,18.437,0.1,0.1,4.8,1265.7461,1000,1000
84,38,38,"user_added",1,5,5,0.3,"one_stage",30,30,30,30,"CRM","additive_shared","additive_shared","previous_dose",0.15,0.85,"previous_dose_additive",0.5,0.5,0.15,0.85,0.15,0.85,3,1,"one_stage","ipde_first",0.0179,28,2,"any_admissible_dose",0.9,0.9,0.2,0.85,0,1,0,4,0.15,0.15,0.2328,0.229,44.3998,0.1772,NA,NA,29.1,18.3,5.934,5.285,3.07,29.844,18.437,0.1,0.1,4.8,1265.7461,1000,1000
84,38,38,"user_added",1,5,5,0.3,"one_stage",30,30,30,30,"CRM","additive_shared","additive_shared","previous_dose",0.15,0.85,"previous_dose_additive",0.5,0.5,0.15,0.85,0.15,0.85,3,1,"one_stage","ipde_first",0.0179,28,2,"any_admissible_dose",0.9,0.9,0.2,0.85,0,1,0,5,0.3,0.5,0.324,0.5065,57.4137,0.1772,NA,NA,61.9,47.4,7.812,6.666,2.349,29.844,18.437,0.1,0.1,4.8,1265.7461,1000,1000
85,1,1,"base_example",1,1,1,0.3,"two_stage",30,30,6,30,"CRM","additive_shared","additive_shared","previous_dose",0.15,0.85,"previous_dose_additive",0.5,0.5,0.15,0.85,0.15,0.85,3,1,"one_stage","continuous",0.0179,28,2,"any_admissible_dose",0.9,0.9,0.2,0.85,0,1,0,1,0.3,0.05,0.4074,0.0847,28.7879,0.2261,NA,NA,71.1,8.8,11.847,8.705,3.383,15.654,10.233,20,20.5,88.8,558.2145,1000,1000
85,1,1,"base_example",1,1,1,0.3,"two_stage",30,30,6,30,"CRM","additive_shared","additive_shared","previous_dose",0.15,0.85,"previous_dose_additive",0.5,0.5,0.15,0.85,0.15,0.85,3,1,"one_stage","continuous",0.0179,28,2,"any_admissible_dose",0.9,0.9,0.2,0.85,0,1,0,2,0.35,0.06,0.4615,0.3355,41.6777,0.2261,NA,NA,7.8,2.2,2.676,2.404,1.53,15.654,10.233,20,20.5,88.8,558.2145,1000,1000
85,1,1,"base_example",1,1,1,0.3,"two_stage",30,30,6,30,"CRM","additive_shared","additive_shared","previous_dose",0.15,0.85,"previous_dose_additive",0.5,0.5,0.15,0.85,0.15,0.85,3,1,"one_stage","continuous",0.0179,28,2,"any_admissible_dose",0.9,0.9,0.2,0.85,0,1,0,3,0.4,0.07,0.5538,0.4403,44.2845,0.2261,NA,NA,1.1,0.2,0.927,0.83,0.388,15.654,10.233,20,20.5,88.8,558.2145,1000,1000
85,1,1,"base_example",1,1,1,0.3,"two_stage",30,30,6,30,"CRM","additive_shared","additive_shared","previous_dose",0.15,0.85,"previous_dose_additive",0.5,0.5,0.15,0.85,0.15,0.85,3,1,"one_stage","continuous",0.0179,28,2,"any_admissible_dose",0.9,0.9,0.2,0.85,0,1,0,4,0.45,0.08,0.5948,0.4882,45.5269,0.2261,NA,NA,0,0,0.183,0.177,0.106,15.654,10.233,20,20.5,88.8,558.2145,1000,1000
85,1,1,"base_example",1,1,1,0.3,"two_stage",30,30,6,30,"CRM","additive_shared","additive_shared","previous_dose",0.15,0.85,"previous_dose_additive",0.5,0.5,0.15,0.85,0.15,0.85,3,1,"one_stage","continuous",0.0179,28,2,"any_admissible_dose",0.9,0.9,0.2,0.85,0,1,0,5,0.5,0.09,0.67,0.498,43.1227,0.2261,NA,NA,0,0,0.021,0.021,0.014,15.654,10.233,20,20.5,88.8,558.2145,1000,1000
86,16,1,"five_scenarios_txt",1,5,1,0.3,"two_stage",30,30,6,30,"CRM","additive_shared","additive_shared","previous_dose",0.15,0.85,"previous_dose_additive",0.5,0.5,0.15,0.85,0.15,0.85,3,1,"one_stage","continuous",0.0179,28,2,"any_admissible_dose",0.9,0.9,0.2,0.85,0,1,0,1,0.02,0.2,0.0559,0.2215,50.9708,0.1856,NA,NA,0,23.2,6.801,5.996,1.599,30,18.193,0,0,0.1,998.7452,1000,1000
86,16,1,"five_scenarios_txt",1,5,1,0.3,"two_stage",30,30,6,30,"CRM","additive_shared","additive_shared","previous_dose",0.15,0.85,"previous_dose_additive",0.5,0.5,0.15,0.85,0.15,0.85,3,1,"one_stage","continuous",0.0179,28,2,"any_admissible_dose",0.9,0.9,0.2,0.85,0,1,0,2,0.06,0.2,0.0824,0.2597,52.2108,0.1856,NA,NA,0.1,33.4,7.92,6.977,4.096,30,18.193,0,0,0.1,998.7452,1000,1000
86,16,1,"five_scenarios_txt",1,5,1,0.3,"two_stage",30,30,6,30,"CRM","additive_shared","additive_shared","previous_dose",0.15,0.85,"previous_dose_additive",0.5,0.5,0.15,0.85,0.15,0.85,3,1,"one_stage","continuous",0.0179,28,2,"any_admissible_dose",0.9,0.9,0.2,0.85,0,1,0,3,0.09,0.2,0.146,0.2441,48.7481,0.1856,NA,NA,2.3,16.2,5.58,5.181,1.933,30,18.193,0,0,0.1,998.7452,1000,1000
86,16,1,"five_scenarios_txt",1,5,1,0.3,"two_stage",30,30,6,30,"CRM","additive_shared","additive_shared","previous_dose",0.15,0.85,"previous_dose_additive",0.5,0.5,0.15,0.85,0.15,0.85,3,1,"one_stage","continuous",0.0179,28,2,"any_admissible_dose",0.9,0.9,0.2,0.85,0,1,0,4,0.14,0.2,0.1829,0.2746,49.1019,0.1856,NA,NA,17.1,18.3,5.643,5.244,2.666,30,18.193,0,0,0.1,998.7452,1000,1000
86,16,1,"five_scenarios_txt",1,5,1,0.3,"two_stage",30,30,6,30,"CRM","additive_shared","additive_shared","previous_dose",0.15,0.85,"previous_dose_additive",0.5,0.5,0.15,0.85,0.15,0.85,3,1,"one_stage","continuous",0.0179,28,2,"any_admissible_dose",0.9,0.9,0.2,0.85,0,1,0,5,0.26,0.2,0.2669,0.2932,46.8794,0.1856,NA,NA,80.5,8.8,4.056,3.798,1.513,30,18.193,0,0,0.1,998.7452,1000,1000
87,20,5,"five_scenarios_txt",1,3,2,0.3,"two_stage",30,30,6,30,"CRM","additive_shared","additive_shared","previous_dose",0.15,0.85,"previous_dose_additive",0.5,0.5,0.15,0.85,0.15,0.85,3,1,"one_stage","continuous",0.0179,28,2,"any_admissible_dose",0.9,0.9,0.2,0.85,0,1,0,1,0.07,0.05,0.1742,0.1305,40.8087,0.219,NA,NA,4.8,6.5,5.598,4.847,1.038,29.208,18.538,0.1,0.1,6.7,1018.8263,1000,1000
87,20,5,"five_scenarios_txt",1,3,2,0.3,"two_stage",30,30,6,30,"CRM","additive_shared","additive_shared","previous_dose",0.15,0.85,"previous_dose_additive",0.5,0.5,0.15,0.85,0.15,0.85,3,1,"one_stage","continuous",0.0179,28,2,"any_admissible_dose",0.9,0.9,0.2,0.85,0,1,0,2,0.14,0.25,0.2234,0.2829,47.9957,0.219,NA,NA,22.6,55.6,11.835,9.808,5.42,29.208,18.538,0.1,0.1,6.7,1018.8263,1000,1000
87,20,5,"five_scenarios_txt",1,3,2,0.3,"two_stage",30,30,6,30,"CRM","additive_shared","additive_shared","previous_dose",0.15,0.85,"previous_dose_additive",0.5,0.5,0.15,0.85,0.15,0.85,3,1,"one_stage","continuous",0.0179,28,2,"any_admissible_dose",0.9,0.9,0.2,0.85,0,1,0,3,0.31,0.25,0.3202,0.3036,45.3813,0.219,NA,NA,53,25.7,7.623,6.836,2.482,29.208,18.538,0.1,0.1,6.7,1018.8263,1000,1000
87,20,5,"five_scenarios_txt",1,3,2,0.3,"two_stage",30,30,6,30,"CRM","additive_shared","additive_shared","previous_dose",0.15,0.85,"previous_dose_additive",0.5,0.5,0.15,0.85,0.15,0.85,3,1,"one_stage","continuous",0.0179,28,2,"any_admissible_dose",0.9,0.9,0.2,0.85,0,1,0,4,0.41,0.25,0.3682,0.3944,48.9099,0.219,NA,NA,17.1,5.3,3.351,3.205,1.422,29.208,18.538,0.1,0.1,6.7,1018.8263,1000,1000
87,20,5,"five_scenarios_txt",1,3,2,0.3,"two_stage",30,30,6,30,"CRM","additive_shared","additive_shared","previous_dose",0.15,0.85,"previous_dose_additive",0.5,0.5,0.15,0.85,0.15,0.85,3,1,"one_stage","continuous",0.0179,28,2,"any_admissible_dose",0.9,0.9,0.2,0.85,0,1,0,5,0.52,0.25,0.4642,0.4652,49.3398,0.219,NA,NA,2.4,0.2,0.801,0.782,0.308,29.208,18.538,0.1,0.1,6.7,1018.8263,1000,1000
88,24,4,"five_scenarios_txt",1,5,4,0.3,"two_stage",30,30,6,30,"CRM","additive_shared","additive_shared","previous_dose",0.15,0.85,"previous_dose_additive",0.5,0.5,0.15,0.85,0.15,0.85,3,1,"one_stage","continuous",0.0179,28,2,"any_admissible_dose",0.9,0.9,0.2,0.85,0,1,0,1,0.01,0.05,0.039,0.1444,47.0268,0.1717,NA,NA,0,0.4,3.321,3.23,0.153,30,19.732,0,0,0.1,1089.5369,1000,1000
88,24,4,"five_scenarios_txt",1,5,4,0.3,"two_stage",30,30,6,30,"CRM","additive_shared","additive_shared","previous_dose",0.15,0.85,"previous_dose_additive",0.5,0.5,0.15,0.85,0.15,0.85,3,1,"one_stage","continuous",0.0179,28,2,"any_admissible_dose",0.9,0.9,0.2,0.85,0,1,0,2,0.02,0.08,0.0602,0.1814,48.4054,0.1717,NA,NA,0,0.5,3.288,3.257,2.474,30,19.732,0,0,0.1,1089.5369,1000,1000
88,24,4,"five_scenarios_txt",1,5,4,0.3,"two_stage",30,30,6,30,"CRM","additive_shared","additive_shared","previous_dose",0.15,0.85,"previous_dose_additive",0.5,0.5,0.15,0.85,0.15,0.85,3,1,"one_stage","continuous",0.0179,28,2,"any_admissible_dose",0.9,0.9,0.2,0.85,0,1,0,3,0.05,0.2,0.1143,0.2567,50.7678,0.1717,NA,NA,0,4.7,3.903,3.769,1.22,30,19.732,0,0,0.1,1089.5369,1000,1000
88,24,4,"five_scenarios_txt",1,5,4,0.3,"two_stage",30,30,6,30,"CRM","additive_shared","additive_shared","previous_dose",0.15,0.85,"previous_dose_additive",0.5,0.5,0.15,0.85,0.15,0.85,3,1,"one_stage","continuous",0.0179,28,2,"any_admissible_dose",0.9,0.9,0.2,0.85,0,1,0,4,0.1,0.5,0.1471,0.5211,65.3152,0.1717,NA,NA,7,58.2,11.355,9.679,4.272,30,19.732,0,0,0.1,1089.5369,1000,1000
88,24,4,"five_scenarios_txt",1,5,4,0.3,"two_stage",30,30,6,30,"CRM","additive_shared","additive_shared","previous_dose",0.15,0.85,"previous_dose_additive",0.5,0.5,0.15,0.85,0.15,0.85,3,1,"one_stage","continuous",0.0179,28,2,"any_admissible_dose",0.9,0.9,0.2,0.85,0,1,0,5,0.25,0.5,0.225,0.5081,61.4372,0.1717,NA,NA,93,36.1,8.133,7.147,2.149,30,19.732,0,0,0.1,1089.5369,1000,1000
89,27,2,"higher_gap_above_MTD",1,3,3,0.3,"two_stage",30,30,6,30,"CRM","additive_shared","additive_shared","previous_dose",0.15,0.85,"previous_dose_additive",0.5,0.5,0.15,0.85,0.15,0.85,3,1,"one_stage","continuous",0.0179,28,2,"any_admissible_dose",0.9,0.9,0.2,0.85,0,1,0,1,0.11,0.1,0.1953,0.1527,41.2936,0.2119,NA,NA,9.4,14.5,8.112,6.58,1.943,28.905,18.882,0.3,0.3,9.5,1038.8359,1000,1000
89,27,2,"higher_gap_above_MTD",1,3,3,0.3,"two_stage",30,30,6,30,"CRM","additive_shared","additive_shared","previous_dose",0.15,0.85,"previous_dose_additive",0.5,0.5,0.15,0.85,0.15,0.85,3,1,"one_stage","continuous",0.0179,28,2,"any_admissible_dose",0.9,0.9,0.2,0.85,0,1,0,2,0.17,0.2,0.2466,0.2518,45.1934,0.2119,NA,NA,31.3,33.8,9.237,7.954,4.253,28.905,18.882,0.3,0.3,9.5,1038.8359,1000,1000
89,27,2,"higher_gap_above_MTD",1,3,3,0.3,"two_stage",30,30,6,30,"CRM","additive_shared","additive_shared","previous_dose",0.15,0.85,"previous_dose_additive",0.5,0.5,0.15,0.85,0.15,0.85,3,1,"one_stage","continuous",0.0179,28,2,"any_admissible_dose",0.9,0.9,0.2,0.85,0,1,0,3,0.3,0.4,0.3455,0.4389,52.4847,0.2119,NA,NA,50.4,38.4,8.7,7.701,2.799,28.905,18.882,0.3,0.3,9.5,1038.8359,1000,1000
89,27,2,"higher_gap_above_MTD",1,3,3,0.3,"two_stage",30,30,6,30,"CRM","additive_shared","additive_shared","previous_dose",0.15,0.85,"previous_dose_additive",0.5,0.5,0.15,0.85,0.15,0.85,3,1,"one_stage","continuous",0.0179,28,2,"any_admissible_dose",0.9,0.9,0.2,0.85,0,1,0,4,0.5,0.42,0.3937,0.4977,54.0907,0.2119,NA,NA,8.4,3.8,2.466,2.368,0.917,28.905,18.882,0.3,0.3,9.5,1038.8359,1000,1000
89,27,2,"higher_gap_above_MTD",1,3,3,0.3,"two_stage",30,30,6,30,"CRM","additive_shared","additive_shared","previous_dose",0.15,0.85,"previous_dose_additive",0.5,0.5,0.15,0.85,0.15,0.85,3,1,"one_stage","continuous",0.0179,28,2,"any_admissible_dose",0.9,0.9,0.2,0.85,0,1,0,5,0.62,0.45,0.4889,0.4998,50.428,0.2119,NA,NA,0.2,0,0.39,0.386,0.111,28.905,18.882,0.3,0.3,9.5,1038.8359,1000,1000
90,38,38,"user_added",1,5,5,0.3,"two_stage",30,30,6,30,"CRM","additive_shared","additive_shared","previous_dose",0.15,0.85,"previous_dose_additive",0.5,0.5,0.15,0.85,0.15,0.85,3,1,"one_stage","continuous",0.0179,28,2,"any_admissible_dose",0.9,0.9,0.2,0.85,0,1,0,1,0.05,0.05,0.083,0.1327,44.567,0.1814,NA,NA,1.2,6.3,4.755,4.25,0.748,29.721,18.543,0,0,4.1,1019.7069,1000,1000
90,38,38,"user_added",1,5,5,0.3,"two_stage",30,30,6,30,"CRM","additive_shared","additive_shared","previous_dose",0.15,0.85,"previous_dose_additive",0.5,0.5,0.15,0.85,0.15,0.85,3,1,"one_stage","continuous",0.0179,28,2,"any_admissible_dose",0.9,0.9,0.2,0.85,0,1,0,2,0.1,0.08,0.1167,0.1581,44.7538,0.1814,NA,NA,1.3,10.7,5.229,4.789,3.169,29.721,18.543,0,0,4.1,1019.7069,1000,1000
90,38,38,"user_added",1,5,5,0.3,"two_stage",30,30,6,30,"CRM","additive_shared","additive_shared","previous_dose",0.15,0.85,"previous_dose_additive",0.5,0.5,0.15,0.85,0.15,0.85,3,1,"one_stage","continuous",0.0179,28,2,"any_admissible_dose",0.9,0.9,0.2,0.85,0,1,0,3,0.12,0.12,0.1925,0.1835,43.2583,0.1814,NA,NA,6.7,12.2,5.4,4.912,1.884,29.721,18.543,0,0,4.1,1019.7069,1000,1000
90,38,38,"user_added",1,5,5,0.3,"two_stage",30,30,6,30,"CRM","additive_shared","additive_shared","previous_dose",0.15,0.85,"previous_dose_additive",0.5,0.5,0.15,0.85,0.15,0.85,3,1,"one_stage","continuous",0.0179,28,2,"any_admissible_dose",0.9,0.9,0.2,0.85,0,1,0,4,0.15,0.15,0.2343,0.2385,44.8801,0.1814,NA,NA,28,17.6,5.802,5.242,2.689,29.721,18.543,0,0,4.1,1019.7069,1000,1000
90,38,38,"user_added",1,5,5,0.3,"two_stage",30,30,6,30,"CRM","additive_shared","additive_shared","previous_dose",0.15,0.85,"previous_dose_additive",0.5,0.5,0.15,0.85,0.15,0.85,3,1,"one_stage","continuous",0.0179,28,2,"any_admissible_dose",0.9,0.9,0.2,0.85,0,1,0,5,0.3,0.5,0.3255,0.5154,57.8631,0.1814,NA,NA,62.8,49.1,8.535,7.344,2.688,29.721,18.543,0,0,4.1,1019.7069,1000,1000
91,1,1,"base_example",1,1,1,0.3,"one_stage",30,30,30,30,"CRM","additive_shared","additive_shared","previous_dose",0.15,0.85,"previous_dose_additive",0.5,0.5,0.15,0.85,0.15,0.85,3,1,"one_stage","continuous",0.0179,28,2,"any_admissible_dose",0.9,0.9,0.2,0.85,0,1,0,1,0.3,0.05,0.4071,0.084,28.7572,0.2241,NA,NA,72,9,11.985,8.798,3.413,15.63,10.216,19.6,20.1,89.1,557.6145,1000,1000
91,1,1,"base_example",1,1,1,0.3,"one_stage",30,30,30,30,"CRM","additive_shared","additive_shared","previous_dose",0.15,0.85,"previous_dose_additive",0.5,0.5,0.15,0.85,0.15,0.85,3,1,"one_stage","continuous",0.0179,28,2,"any_admissible_dose",0.9,0.9,0.2,0.85,0,1,0,2,0.35,0.06,0.4613,0.3359,41.7061,0.2241,NA,NA,7.4,1.7,2.61,2.338,1.51,15.63,10.216,19.6,20.1,89.1,557.6145,1000,1000
91,1,1,"base_example",1,1,1,0.3,"one_stage",30,30,30,30,"CRM","additive_shared","additive_shared","previous_dose",0.15,0.85,"previous_dose_additive",0.5,0.5,0.15,0.85,0.15,0.85,3,1,"one_stage","continuous",0.0179,28,2,"any_admissible_dose",0.9,0.9,0.2,0.85,0,1,0,3,0.4,0.07,0.5536,0.4419,44.3868,0.2241,NA,NA,1,0.2,0.843,0.753,0.372,15.63,10.216,19.6,20.1,89.1,557.6145,1000,1000
91,1,1,"base_example",1,1,1,0.3,"one_stage",30,30,30,30,"CRM","additive_shared","additive_shared","previous_dose",0.15,0.85,"previous_dose_additive",0.5,0.5,0.15,0.85,0.15,0.85,3,1,"one_stage","continuous",0.0179,28,2,"any_admissible_dose",0.9,0.9,0.2,0.85,0,1,0,4,0.45,0.08,0.5947,0.4883,45.537,0.2241,NA,NA,0,0,0.177,0.169,0.106,15.63,10.216,19.6,20.1,89.1,557.6145,1000,1000
91,1,1,"base_example",1,1,1,0.3,"one_stage",30,30,30,30,"CRM","additive_shared","additive_shared","previous_dose",0.15,0.85,"previous_dose_additive",0.5,0.5,0.15,0.85,0.15,0.85,3,1,"one_stage","continuous",0.0179,28,2,"any_admissible_dose",0.9,0.9,0.2,0.85,0,1,0,5,0.5,0.09,0.6699,0.4988,43.1684,0.2241,NA,NA,0,0,0.015,0.015,0.013,15.63,10.216,19.6,20.1,89.1,557.6145,1000,1000
92,16,1,"five_scenarios_txt",1,5,1,0.3,"one_stage",30,30,30,30,"CRM","additive_shared","additive_shared","previous_dose",0.15,0.85,"previous_dose_additive",0.5,0.5,0.15,0.85,0.15,0.85,3,1,"one_stage","continuous",0.0179,28,2,"any_admissible_dose",0.9,0.9,0.2,0.85,0,1,0,1,0.02,0.2,0.0536,0.2194,50.9369,0.1769,NA,NA,0,22.9,7.062,6.213,1.661,30,18.123,0,0,0.1,994.2683,1000,1000
92,16,1,"five_scenarios_txt",1,5,1,0.3,"one_stage",30,30,30,30,"CRM","additive_shared","additive_shared","previous_dose",0.15,0.85,"previous_dose_additive",0.5,0.5,0.15,0.85,0.15,0.85,3,1,"one_stage","continuous",0.0179,28,2,"any_admissible_dose",0.9,0.9,0.2,0.85,0,1,0,2,0.06,0.2,0.0795,0.2519,51.8553,0.1769,NA,NA,0.3,29.8,8.043,7.087,3.999,30,18.123,0,0,0.1,994.2683,1000,1000
92,16,1,"five_scenarios_txt",1,5,1,0.3,"one_stage",30,30,30,30,"CRM","additive_shared","additive_shared","previous_dose",0.15,0.85,"previous_dose_additive",0.5,0.5,0.15,0.85,0.15,0.85,3,1,"one_stage","continuous",0.0179,28,2,"any_admissible_dose",0.9,0.9,0.2,0.85,0,1,0,3,0.09,0.2,0.1419,0.2548,49.5471,0.1769,NA,NA,3.6,20.2,5.985,5.433,2.33,30,18.123,0,0,0.1,994.2683,1000,1000
92,16,1,"five_scenarios_txt",1,5,1,0.3,"one_stage",30,30,30,30,"CRM","additive_shared","additive_shared","previous_dose",0.15,0.85,"previous_dose_additive",0.5,0.5,0.15,0.85,0.15,0.85,3,1,"one_stage","continuous",0.0179,28,2,"any_admissible_dose",0.9,0.9,0.2,0.85,0,1,0,4,0.14,0.2,0.1783,0.27,49.0162,0.1769,NA,NA,23.5,18,5.25,4.772,2.393,30,18.123,0,0,0.1,994.2683,1000,1000
92,16,1,"five_scenarios_txt",1,5,1,0.3,"one_stage",30,30,30,30,"CRM","additive_shared","additive_shared","previous_dose",0.15,0.85,"previous_dose_additive",0.5,0.5,0.15,0.85,0.15,0.85,3,1,"one_stage","continuous",0.0179,28,2,"any_admissible_dose",0.9,0.9,0.2,0.85,0,1,0,5,0.26,0.2,0.2615,0.3252,49.01,0.1769,NA,NA,72.6,9,3.66,3.367,1.494,30,18.123,0,0,0.1,994.2683,1000,1000
93,20,5,"five_scenarios_txt",1,3,2,0.3,"one_stage",30,30,30,30,"CRM","additive_shared","additive_shared","previous_dose",0.15,0.85,"previous_dose_additive",0.5,0.5,0.15,0.85,0.15,0.85,3,1,"one_stage","continuous",0.0179,28,2,"any_admissible_dose",0.9,0.9,0.2,0.85,0,1,0,1,0.07,0.05,0.169,0.1273,40.8279,0.2119,NA,NA,4.3,6.6,5.817,5.027,1.071,29.199,18.381,0.1,0.1,6.8,1009.5881,1000,1000
93,20,5,"five_scenarios_txt",1,3,2,0.3,"one_stage",30,30,30,30,"CRM","additive_shared","additive_shared","previous_dose",0.15,0.85,"previous_dose_additive",0.5,0.5,0.15,0.85,0.15,0.85,3,1,"one_stage","continuous",0.0179,28,2,"any_admissible_dose",0.9,0.9,0.2,0.85,0,1,0,2,0.14,0.25,0.2176,0.274,47.6931,0.2119,NA,NA,21.4,53.6,12.639,10.357,5.563,29.199,18.381,0.1,0.1,6.8,1009.5881,1000,1000
93,20,5,"five_scenarios_txt",1,3,2,0.3,"one_stage",30,30,30,30,"CRM","additive_shared","additive_shared","previous_dose",0.15,0.85,"previous_dose_additive",0.5,0.5,0.15,0.85,0.15,0.85,3,1,"one_stage","continuous",0.0179,28,2,"any_admissible_dose",0.9,0.9,0.2,0.85,0,1,0,3,0.31,0.25,0.3136,0.3009,45.4903,0.2119,NA,NA,52,25.8,7.302,6.389,2.616,29.199,18.381,0.1,0.1,6.8,1009.5881,1000,1000
93,20,5,"five_scenarios_txt",1,3,2,0.3,"one_stage",30,30,30,30,"CRM","additive_shared","additive_shared","previous_dose",0.15,0.85,"previous_dose_additive",0.5,0.5,0.15,0.85,0.15,0.85,3,1,"one_stage","continuous",0.0179,28,2,"any_admissible_dose",0.9,0.9,0.2,0.85,0,1,0,4,0.41,0.25,0.3615,0.4025,49.6712,0.2119,NA,NA,19.6,6.8,2.946,2.738,1.353,29.199,18.381,0.1,0.1,6.8,1009.5881,1000,1000
93,20,5,"five_scenarios_txt",1,3,2,0.3,"one_stage",30,30,30,30,"CRM","additive_shared","additive_shared","previous_dose",0.15,0.85,"previous_dose_additive",0.5,0.5,0.15,0.85,0.15,0.85,3,1,"one_stage","continuous",0.0179,28,2,"any_admissible_dose",0.9,0.9,0.2,0.85,0,1,0,5,0.52,0.25,0.4575,0.4755,50.2268,0.2119,NA,NA,2.6,0.4,0.495,0.476,0.215,29.199,18.381,0.1,0.1,6.8,1009.5881,1000,1000
94,24,4,"five_scenarios_txt",1,5,4,0.3,"one_stage",30,30,30,30,"CRM","additive_shared","additive_shared","previous_dose",0.15,0.85,"previous_dose_additive",0.5,0.5,0.15,0.85,0.15,0.85,3,1,"one_stage","continuous",0.0179,28,2,"any_admissible_dose",0.9,0.9,0.2,0.85,0,1,0,1,0.01,0.05,0.0356,0.144,47.1325,0.1585,NA,NA,0,0.3,3.345,3.242,0.149,30,19.568,0,0,0.1,1080.2057,1000,1000
94,24,4,"five_scenarios_txt",1,5,4,0.3,"one_stage",30,30,30,30,"CRM","additive_shared","additive_shared","previous_dose",0.15,0.85,"previous_dose_additive",0.5,0.5,0.15,0.85,0.15,0.85,3,1,"one_stage","continuous",0.0179,28,2,"any_admissible_dose",0.9,0.9,0.2,0.85,0,1,0,2,0.02,0.08,0.0554,0.1765,48.2986,0.1585,NA,NA,0,0.7,3.324,3.288,2.464,30,19.568,0,0,0.1,1080.2057,1000,1000
94,24,4,"five_scenarios_txt",1,5,4,0.3,"one_stage",30,30,30,30,"CRM","additive_shared","additive_shared","previous_dose",0.15,0.85,"previous_dose_additive",0.5,0.5,0.15,0.85,0.15,0.85,3,1,"one_stage","continuous",0.0179,28,2,"any_admissible_dose",0.9,0.9,0.2,0.85,0,1,0,3,0.05,0.2,0.1065,0.247,50.4901,0.1585,NA,NA,0.2,3.3,4.182,3.893,1.364,30,19.568,0,0,0.1,1080.2057,1000,1000
94,24,4,"five_scenarios_txt",1,5,4,0.3,"one_stage",30,30,30,30,"CRM","additive_shared","additive_shared","previous_dose",0.15,0.85,"previous_dose_additive",0.5,0.5,0.15,0.85,0.15,0.85,3,1,"one_stage","continuous",0.0179,28,2,"any_admissible_dose",0.9,0.9,0.2,0.85,0,1,0,4,0.1,0.5,0.1379,0.5185,65.5193,0.1585,NA,NA,57.7,67.2,13.989,11.145,4.847,30,19.568,0,0,0.1,1080.2057,1000,1000
94,24,4,"five_scenarios_txt",1,5,4,0.3,"one_stage",30,30,30,30,"CRM","additive_shared","additive_shared","previous_dose",0.15,0.85,"previous_dose_additive",0.5,0.5,0.15,0.85,0.15,0.85,3,1,"one_stage","continuous",0.0179,28,2,"any_admissible_dose",0.9,0.9,0.2,0.85,0,1,0,5,0.25,0.5,0.2131,0.5154,62.3438,0.1585,NA,NA,42.1,28.4,5.16,4.256,1.608,30,19.568,0,0,0.1,1080.2057,1000,1000
95,27,2,"higher_gap_above_MTD",1,3,3,0.3,"one_stage",30,30,30,30,"CRM","additive_shared","additive_shared","previous_dose",0.15,0.85,"previous_dose_additive",0.5,0.5,0.15,0.85,0.15,0.85,3,1,"one_stage","continuous",0.0179,28,2,"any_admissible_dose",0.9,0.9,0.2,0.85,0,1,0,1,0.11,0.1,0.1913,0.1505,41.326,0.2072,NA,NA,8.8,13.9,8.394,6.799,2.017,28.857,18.714,0.3,0.3,9.9,1028.9262,1000,1000
95,27,2,"higher_gap_above_MTD",1,3,3,0.3,"one_stage",30,30,30,30,"CRM","additive_shared","additive_shared","previous_dose",0.15,0.85,"previous_dose_additive",0.5,0.5,0.15,0.85,0.15,0.85,3,1,"one_stage","continuous",0.0179,28,2,"any_admissible_dose",0.9,0.9,0.2,0.85,0,1,0,2,0.17,0.2,0.2421,0.243,44.8565,0.2072,NA,NA,30.1,32.1,9.228,7.908,4.178,28.857,18.714,0.3,0.3,9.9,1028.9262,1000,1000
95,27,2,"higher_gap_above_MTD",1,3,3,0.3,"one_stage",30,30,30,30,"CRM","additive_shared","additive_shared","previous_dose",0.15,0.85,"previous_dose_additive",0.5,0.5,0.15,0.85,0.15,0.85,3,1,"one_stage","continuous",0.0179,28,2,"any_admissible_dose",0.9,0.9,0.2,0.85,0,1,0,3,0.3,0.4,0.3404,0.4312,52.2231,0.2072,NA,NA,53.5,41,9.207,7.869,3.084,28.857,18.714,0.3,0.3,9.9,1028.9262,1000,1000
95,27,2,"higher_gap_above_MTD",1,3,3,0.3,"one_stage",30,30,30,30,"CRM","additive_shared","additive_shared","previous_dose",0.15,0.85,"previous_dose_additive",0.5,0.5,0.15,0.85,0.15,0.85,3,1,"one_stage","continuous",0.0179,28,2,"any_admissible_dose",0.9,0.9,0.2,0.85,0,1,0,4,0.5,0.42,0.3886,0.5008,54.4845,0.2072,NA,NA,7.3,3.1,1.923,1.813,0.812,28.857,18.714,0.3,0.3,9.9,1028.9262,1000,1000
95,27,2,"higher_gap_above_MTD",1,3,3,0.3,"one_stage",30,30,30,30,"CRM","additive_shared","additive_shared","previous_dose",0.15,0.85,"previous_dose_additive",0.5,0.5,0.15,0.85,0.15,0.85,3,1,"one_stage","continuous",0.0179,28,2,"any_admissible_dose",0.9,0.9,0.2,0.85,0,1,0,5,0.62,0.45,0.4839,0.5016,50.7375,0.2072,NA,NA,0,0,0.105,0.099,0.052,28.857,18.714,0.3,0.3,9.9,1028.9262,1000,1000
96,38,38,"user_added",1,5,5,0.3,"one_stage",30,30,30,30,"CRM","additive_shared","additive_shared","previous_dose",0.15,0.85,"previous_dose_additive",0.5,0.5,0.15,0.85,0.15,0.85,3,1,"one_stage","continuous",0.0179,28,2,"any_admissible_dose",0.9,0.9,0.2,0.85,0,1,0,1,0.05,0.05,0.0827,0.1306,44.4528,0.1783,NA,NA,1.1,5.7,4.845,4.327,0.764,29.742,18.494,0,0,4.7,1017.4501,1000,1000
96,38,38,"user_added",1,5,5,0.3,"one_stage",30,30,30,30,"CRM","additive_shared","additive_shared","previous_dose",0.15,0.85,"previous_dose_additive",0.5,0.5,0.15,0.85,0.15,0.85,3,1,"one_stage","continuous",0.0179,28,2,"any_admissible_dose",0.9,0.9,0.2,0.85,0,1,0,2,0.1,0.08,0.1164,0.1546,44.5568,0.1783,NA,NA,1.3,9.9,5.265,4.815,3.159,29.742,18.494,0,0,4.7,1017.4501,1000,1000
96,38,38,"user_added",1,5,5,0.3,"one_stage",30,30,30,30,"CRM","additive_shared","additive_shared","previous_dose",0.15,0.85,"previous_dose_additive",0.5,0.5,0.15,0.85,0.15,0.85,3,1,"one_stage","continuous",0.0179,28,2,"any_admissible_dose",0.9,0.9,0.2,0.85,0,1,0,3,0.12,0.12,0.192,0.1824,43.2118,0.1783,NA,NA,7.3,11.4,5.535,4.996,1.967,29.742,18.494,0,0,4.7,1017.4501,1000,1000
96,38,38,"user_added",1,5,5,0.3,"one_stage",30,30,30,30,"CRM","additive_shared","additive_shared","previous_dose",0.15,0.85,"previous_dose_additive",0.5,0.5,0.15,0.85,0.15,0.85,3,1,"one_stage","continuous",0.0179,28,2,"any_admissible_dose",0.9,0.9,0.2,0.85,0,1,0,4,0.15,0.15,0.2337,0.2326,44.5489,0.1783,NA,NA,27.7,17.6,5.7,5.095,2.66,29.742,18.494,0,0,4.7,1017.4501,1000,1000
96,38,38,"user_added",1,5,5,0.3,"one_stage",30,30,30,30,"CRM","additive_shared","additive_shared","previous_dose",0.15,0.85,"previous_dose_additive",0.5,0.5,0.15,0.85,0.15,0.85,3,1,"one_stage","continuous",0.0179,28,2,"any_admissible_dose",0.9,0.9,0.2,0.85,0,1,0,5,0.3,0.5,0.3248,0.5203,58.189,0.1783,NA,NA,62.6,50.7,8.397,7.17,2.698,29.742,18.494,0,0,4.7,1017.4501,1000,1000
