"Task_ID","Scenario","Source_Scenario","Scenario_Group","Scenario_Attempt","True_MTD","True_OBD","Target_Toxicity","Allocation","Nmax","Sample_Size","N_s1","N_s2","Model","Model_ID","Carryover_Model","CRM_r_Model","CRM_Prior_a","CRM_Prior_b","Efficacy_Model","Efficacy_Prior_a","Efficacy_Prior_b","Efficacy_Carryover_Prior_a","Efficacy_Carryover_Prior_b","Efficacy_Additive_Alpha_Prior_a","Efficacy_Additive_Alpha_Prior_b","Utility_Type","Lambda_T","Stage2_Allocation","Enrollment_Scheme","Arrival_Rate","T_assess","Cycle_Max","IPDE_Dose_Assignment","Toxicity_IPDE_Alpha","Efficacy_IPDE_Alpha","Efficacy_Threshold","Futility_Cutoff","Min_Eff_N_for_Futility","Recycle_Toxicity_Rule","Recycle_Efficacy_Rule","Dose","True_DLT_rate","True_Efficacy_rate","Estimated_CRM_pj","Estimated_Efficacy","Estimated_Utility","r_hat","r_cap","r_use","MTD_Selection_pct","OBD_Selection_pct","Pts_Treated","Unique_Pts_by_Dose","IPDE_Doses","Total_Administrations","Total_Unique_Patients","Early_Stopping_pct","Design_Early_Stopping_pct","No_OBD_Selection_pct","Duration","n_valid","ntrial_from_files"
1,1,1,"base_example",1,1,1,0.3,"two_stage",30,30,6,30,"CRM","additive_shared","additive_shared","previous_dose",0.15,0.85,"previous_dose_additive",0.5,0.5,0.15,0.85,0.15,0.85,3,1,"top2_randomized","continuous",0.0179,28,2,"any_admissible_dose",0,0,0.2,0.85,3,1,0,1,0.3,0.05,0.3316,0.0784,31.4388,0.1267,NA,NA,58.5,12.1,11.284,8.67,3.248,18.705,12.165,9.5,10.1,76.7,667.0532,1000,1000
1,1,1,"base_example",1,1,1,0.3,"two_stage",30,30,6,30,"CRM","additive_shared","additive_shared","previous_dose",0.15,0.85,"previous_dose_additive",0.5,0.5,0.15,0.85,0.15,0.85,3,1,"top2_randomized","continuous",0.0179,28,2,"any_admissible_dose",0,0,0.2,0.85,3,1,0,2,0.35,0.06,0.3854,0.2623,40.3264,0.1267,NA,NA,19.4,7.3,4.626,4.203,2.201,18.705,12.165,9.5,10.1,76.7,667.0532,1000,1000
1,1,1,"base_example",1,1,1,0.3,"two_stage",30,30,6,30,"CRM","additive_shared","additive_shared","previous_dose",0.15,0.85,"previous_dose_additive",0.5,0.5,0.15,0.85,0.15,0.85,3,1,"top2_randomized","continuous",0.0179,28,2,"any_admissible_dose",0,0,0.2,0.85,3,1,0,3,0.4,0.07,0.4809,0.3658,42.7131,0.1267,NA,NA,9.8,2.8,1.884,1.804,0.681,18.705,12.165,9.5,10.1,76.7,667.0532,1000,1000
1,1,1,"base_example",1,1,1,0.3,"two_stage",30,30,6,30,"CRM","additive_shared","additive_shared","previous_dose",0.15,0.85,"previous_dose_additive",0.5,0.5,0.15,0.85,0.15,0.85,3,1,"top2_randomized","continuous",0.0179,28,2,"any_admissible_dose",0,0,0.2,0.85,3,1,0,4,0.45,0.08,0.5247,0.4345,45.0813,0.1267,NA,NA,2.3,1.1,0.714,0.695,0.345,18.705,12.165,9.5,10.1,76.7,667.0532,1000,1000
1,1,1,"base_example",1,1,1,0.3,"two_stage",30,30,6,30,"CRM","additive_shared","additive_shared","previous_dose",0.15,0.85,"previous_dose_additive",0.5,0.5,0.15,0.85,0.15,0.85,3,1,"top2_randomized","continuous",0.0179,28,2,"any_admissible_dose",0,0,0.2,0.85,3,1,0,5,0.5,0.09,0.6074,0.4806,44.5382,0.1267,NA,NA,0.5,0,0.197,0.193,0.065,18.705,12.165,9.5,10.1,76.7,667.0532,1000,1000
2,16,1,"five_scenarios_txt",1,5,1,0.3,"two_stage",30,30,6,30,"CRM","additive_shared","additive_shared","previous_dose",0.15,0.85,"previous_dose_additive",0.5,0.5,0.15,0.85,0.15,0.85,3,1,"top2_randomized","continuous",0.0179,28,2,"any_admissible_dose",0,0,0.2,0.85,3,1,0,1,0.02,0.2,0.04,0.2085,50.9104,0.1216,NA,NA,0.1,33,7.707,7.012,2.004,29.979,18.209,0,0,0.1,1001.1186,1000,1000
2,16,1,"five_scenarios_txt",1,5,1,0.3,"two_stage",30,30,6,30,"CRM","additive_shared","additive_shared","previous_dose",0.15,0.85,"previous_dose_additive",0.5,0.5,0.15,0.85,0.15,0.85,3,1,"top2_randomized","continuous",0.0179,28,2,"any_admissible_dose",0,0,0.2,0.85,3,1,0,2,0.06,0.2,0.0609,0.2032,49.7572,0.1216,NA,NA,0,27.3,6.773,6.333,3.605,29.979,18.209,0,0,0.1,1001.1186,1000,1000
2,16,1,"five_scenarios_txt",1,5,1,0.3,"two_stage",30,30,6,30,"CRM","additive_shared","additive_shared","previous_dose",0.15,0.85,"previous_dose_additive",0.5,0.5,0.15,0.85,0.15,0.85,3,1,"top2_randomized","continuous",0.0179,28,2,"any_admissible_dose",0,0,0.2,0.85,3,1,0,3,0.09,0.2,0.1135,0.2008,47.5067,0.1216,NA,NA,0.8,17.2,5.592,5.301,1.93,29.979,18.209,0,0,0.1,1001.1186,1000,1000
2,16,1,"five_scenarios_txt",1,5,1,0.3,"two_stage",30,30,6,30,"CRM","additive_shared","additive_shared","previous_dose",0.15,0.85,"previous_dose_additive",0.5,0.5,0.15,0.85,0.15,0.85,3,1,"top2_randomized","continuous",0.0179,28,2,"any_admissible_dose",0,0,0.2,0.85,3,1,0,4,0.14,0.2,0.1454,0.2066,46.5794,0.1216,NA,NA,6.2,13.2,5.506,5.218,2.624,29.979,18.209,0,0,0.1,1001.1186,1000,1000
2,16,1,"five_scenarios_txt",1,5,1,0.3,"two_stage",30,30,6,30,"CRM","additive_shared","additive_shared","previous_dose",0.15,0.85,"previous_dose_additive",0.5,0.5,0.15,0.85,0.15,0.85,3,1,"top2_randomized","continuous",0.0179,28,2,"any_admissible_dose",0,0,0.2,0.85,3,1,0,5,0.26,0.2,0.2207,0.23,44.9718,0.1216,NA,NA,92.9,9.2,4.401,4.192,1.607,29.979,18.209,0,0,0.1,1001.1186,1000,1000
3,20,5,"five_scenarios_txt",1,3,2,0.3,"two_stage",30,30,6,30,"CRM","additive_shared","additive_shared","previous_dose",0.15,0.85,"previous_dose_additive",0.5,0.5,0.15,0.85,0.15,0.85,3,1,"top2_randomized","continuous",0.0179,28,2,"any_admissible_dose",0,0,0.2,0.85,3,1,0,1,0.07,0.05,0.1303,0.1085,41.2948,0.1242,NA,NA,1.9,7.1,6.987,6.192,1.601,29.661,18.885,0.1,0.1,2.6,1038.2217,1000,1000
3,20,5,"five_scenarios_txt",1,3,2,0.3,"two_stage",30,30,6,30,"CRM","additive_shared","additive_shared","previous_dose",0.15,0.85,"previous_dose_additive",0.5,0.5,0.15,0.85,0.15,0.85,3,1,"top2_randomized","continuous",0.0179,28,2,"any_admissible_dose",0,0,0.2,0.85,3,1,0,2,0.14,0.25,0.1734,0.2483,47.9608,0.1242,NA,NA,6,53.2,9.539,8.636,4.569,29.661,18.885,0.1,0.1,2.6,1038.2217,1000,1000
3,20,5,"five_scenarios_txt",1,3,2,0.3,"two_stage",30,30,6,30,"CRM","additive_shared","additive_shared","previous_dose",0.15,0.85,"previous_dose_additive",0.5,0.5,0.15,0.85,0.15,0.85,3,1,"top2_randomized","continuous",0.0179,28,2,"any_admissible_dose",0,0,0.2,0.85,3,1,0,3,0.31,0.25,0.2626,0.2407,43.9412,0.1242,NA,NA,34.7,22.7,7.198,6.772,2.26,29.661,18.885,0.1,0.1,2.6,1038.2217,1000,1000
3,20,5,"five_scenarios_txt",1,3,2,0.3,"two_stage",30,30,6,30,"CRM","additive_shared","additive_shared","previous_dose",0.15,0.85,"previous_dose_additive",0.5,0.5,0.15,0.85,0.15,0.85,3,1,"top2_randomized","continuous",0.0179,28,2,"any_admissible_dose",0,0,0.2,0.85,3,1,0,4,0.41,0.25,0.3088,0.3044,45.9115,0.1242,NA,NA,38.2,11,4.312,4.166,1.791,29.661,18.885,0.1,0.1,2.6,1038.2217,1000,1000
3,20,5,"five_scenarios_txt",1,3,2,0.3,"two_stage",30,30,6,30,"CRM","additive_shared","additive_shared","previous_dose",0.15,0.85,"previous_dose_additive",0.5,0.5,0.15,0.85,0.15,0.85,3,1,"top2_randomized","continuous",0.0179,28,2,"any_admissible_dose",0,0,0.2,0.85,3,1,0,5,0.52,0.25,0.4043,0.401,47.8925,0.1242,NA,NA,19.1,3.4,1.625,1.576,0.555,29.661,18.885,0.1,0.1,2.6,1038.2217,1000,1000
4,24,4,"five_scenarios_txt",1,5,4,0.3,"two_stage",30,30,6,30,"CRM","additive_shared","additive_shared","previous_dose",0.15,0.85,"previous_dose_additive",0.5,0.5,0.15,0.85,0.15,0.85,3,1,"top2_randomized","continuous",0.0179,28,2,"any_admissible_dose",0,0,0.2,0.85,3,1,0,1,0.01,0.05,0.0278,0.1379,47.1624,0.1223,NA,NA,0,0.8,3.949,3.802,0.363,30,19.418,0,0,0,1069.318,1000,1000
4,24,4,"five_scenarios_txt",1,5,4,0.3,"two_stage",30,30,6,30,"CRM","additive_shared","additive_shared","previous_dose",0.15,0.85,"previous_dose_additive",0.5,0.5,0.15,0.85,0.15,0.85,3,1,"top2_randomized","continuous",0.0179,28,2,"any_admissible_dose",0,0,0.2,0.85,3,1,0,2,0.02,0.08,0.0444,0.1494,47.1869,0.1223,NA,NA,0,1,3.952,3.874,2.718,30,19.418,0,0,0,1069.318,1000,1000
4,24,4,"five_scenarios_txt",1,5,4,0.3,"two_stage",30,30,6,30,"CRM","additive_shared","additive_shared","previous_dose",0.15,0.85,"previous_dose_additive",0.5,0.5,0.15,0.85,0.15,0.85,3,1,"top2_randomized","continuous",0.0179,28,2,"any_admissible_dose",0,0,0.2,0.85,3,1,0,3,0.05,0.2,0.089,0.2125,49.1926,0.1223,NA,NA,0,4.4,4.923,4.694,1.578,30,19.418,0,0,0,1069.318,1000,1000
4,24,4,"five_scenarios_txt",1,5,4,0.3,"two_stage",30,30,6,30,"CRM","additive_shared","additive_shared","previous_dose",0.15,0.85,"previous_dose_additive",0.5,0.5,0.15,0.85,0.15,0.85,3,1,"top2_randomized","continuous",0.0179,28,2,"any_admissible_dose",0,0,0.2,0.85,3,1,0,4,0.1,0.5,0.1173,0.4533,62.5086,0.1223,NA,NA,1.3,56.9,9.153,8.459,3.644,30,19.418,0,0,0,1069.318,1000,1000
4,24,4,"five_scenarios_txt",1,5,4,0.3,"two_stage",30,30,6,30,"CRM","additive_shared","additive_shared","previous_dose",0.15,0.85,"previous_dose_additive",0.5,0.5,0.15,0.85,0.15,0.85,3,1,"top2_randomized","continuous",0.0179,28,2,"any_admissible_dose",0,0,0.2,0.85,3,1,0,5,0.25,0.5,0.1869,0.4429,59.0965,0.1223,NA,NA,98.7,36.9,8.023,7.382,2.279,30,19.418,0,0,0,1069.318,1000,1000
5,27,2,"higher_gap_above_MTD",1,3,3,0.3,"two_stage",30,30,6,30,"CRM","additive_shared","additive_shared","previous_dose",0.15,0.85,"previous_dose_additive",0.5,0.5,0.15,0.85,0.15,0.85,3,1,"top2_randomized","continuous",0.0179,28,2,"any_admissible_dose",0,0,0.2,0.85,3,1,0,1,0.11,0.1,0.1579,0.1361,41.8499,0.1197,NA,NA,4.2,11.6,8.308,7.065,1.987,29.304,19.418,0.2,0.2,5.6,1070.2327,1000,1000
5,27,2,"higher_gap_above_MTD",1,3,3,0.3,"two_stage",30,30,6,30,"CRM","additive_shared","additive_shared","previous_dose",0.15,0.85,"previous_dose_additive",0.5,0.5,0.15,0.85,0.15,0.85,3,1,"top2_randomized","continuous",0.0179,28,2,"any_admissible_dose",0,0,0.2,0.85,3,1,0,2,0.17,0.2,0.2051,0.2104,44.4211,0.1197,NA,NA,13.3,24.2,8.088,7.362,3.792,29.304,19.418,0.2,0.2,5.6,1070.2327,1000,1000
5,27,2,"higher_gap_above_MTD",1,3,3,0.3,"two_stage",30,30,6,30,"CRM","additive_shared","additive_shared","previous_dose",0.15,0.85,"previous_dose_additive",0.5,0.5,0.15,0.85,0.15,0.85,3,1,"top2_randomized","continuous",0.0179,28,2,"any_admissible_dose",0,0,0.2,0.85,3,1,0,3,0.3,0.4,0.2995,0.377,50.6439,0.1197,NA,NA,47.2,44.8,7.958,7.449,2.504,29.304,19.418,0.2,0.2,5.6,1070.2327,1000,1000
5,27,2,"higher_gap_above_MTD",1,3,3,0.3,"two_stage",30,30,6,30,"CRM","additive_shared","additive_shared","previous_dose",0.15,0.85,"previous_dose_additive",0.5,0.5,0.15,0.85,0.15,0.85,3,1,"top2_randomized","continuous",0.0179,28,2,"any_admissible_dose",0,0,0.2,0.85,3,1,0,4,0.5,0.42,0.347,0.4303,51.938,0.1197,NA,NA,30.3,12.7,3.87,3.758,1.301,29.304,19.418,0.2,0.2,5.6,1070.2327,1000,1000
5,27,2,"higher_gap_above_MTD",1,3,3,0.3,"two_stage",30,30,6,30,"CRM","additive_shared","additive_shared","previous_dose",0.15,0.85,"previous_dose_additive",0.5,0.5,0.15,0.85,0.15,0.85,3,1,"top2_randomized","continuous",0.0179,28,2,"any_admissible_dose",0,0,0.2,0.85,3,1,0,5,0.62,0.45,0.4431,0.4844,51.3416,0.1197,NA,NA,4.8,1.1,1.08,1.052,0.302,29.304,19.418,0.2,0.2,5.6,1070.2327,1000,1000
6,38,38,"user_added",1,5,5,0.3,"two_stage",30,30,6,30,"CRM","additive_shared","additive_shared","previous_dose",0.15,0.85,"previous_dose_additive",0.5,0.5,0.15,0.85,0.15,0.85,3,1,"top2_randomized","continuous",0.0179,28,2,"any_admissible_dose",0,0,0.2,0.85,3,1,0,1,0.05,0.05,0.0595,0.1094,44.1845,0.1197,NA,NA,0.2,9.2,6.462,5.838,1.374,29.91,18.32,0,0,1,1009.2207,1000,1000
6,38,38,"user_added",1,5,5,0.3,"two_stage",30,30,6,30,"CRM","additive_shared","additive_shared","previous_dose",0.15,0.85,"previous_dose_additive",0.5,0.5,0.15,0.85,0.15,0.85,3,1,"top2_randomized","continuous",0.0179,28,2,"any_admissible_dose",0,0,0.2,0.85,3,1,0,2,0.1,0.08,0.087,0.1267,44.1229,0.1197,NA,NA,0.6,10.8,5.997,5.64,3.478,29.91,18.32,0,0,1,1009.2207,1000,1000
6,38,38,"user_added",1,5,5,0.3,"two_stage",30,30,6,30,"CRM","additive_shared","additive_shared","previous_dose",0.15,0.85,"previous_dose_additive",0.5,0.5,0.15,0.85,0.15,0.85,3,1,"top2_randomized","continuous",0.0179,28,2,"any_admissible_dose",0,0,0.2,0.85,3,1,0,3,0.12,0.12,0.1522,0.1566,43.3118,0.1197,NA,NA,3,9.3,4.993,4.757,1.688,29.91,18.32,0,0,1,1009.2207,1000,1000
6,38,38,"user_added",1,5,5,0.3,"two_stage",30,30,6,30,"CRM","additive_shared","additive_shared","previous_dose",0.15,0.85,"previous_dose_additive",0.5,0.5,0.15,0.85,0.15,0.85,3,1,"top2_randomized","continuous",0.0179,28,2,"any_admissible_dose",0,0,0.2,0.85,3,1,0,4,0.15,0.15,0.1898,0.1881,43.695,0.1197,NA,NA,13.4,8.9,5.044,4.764,2.389,29.91,18.32,0,0,1,1009.2207,1000,1000
6,38,38,"user_added",1,5,5,0.3,"two_stage",30,30,6,30,"CRM","additive_shared","additive_shared","previous_dose",0.15,0.85,"previous_dose_additive",0.5,0.5,0.15,0.85,0.15,0.85,3,1,"top2_randomized","continuous",0.0179,28,2,"any_admissible_dose",0,0,0.2,0.85,3,1,0,5,0.3,0.5,0.2749,0.4543,56.2619,0.1197,NA,NA,82.8,60.8,7.414,6.79,2.661,29.91,18.32,0,0,1,1009.2207,1000,1000
7,1,1,"base_example",1,1,1,0.3,"two_stage",30,30,6,30,"CRM","additive_shared","additive_shared","previous_dose",0.15,0.85,"previous_dose_additive",0.5,0.5,0.15,0.85,0.15,0.85,3,1,"highest_utility","continuous",0.0179,28,2,"any_admissible_dose",0,0,0.2,0.85,3,1,0,1,0.3,0.05,0.3299,0.0769,31.4183,0.1265,NA,NA,60.4,10,11.55,8.85,3.291,18.741,12.128,8.6,9.1,75.5,664.1276,1000,1000
7,1,1,"base_example",1,1,1,0.3,"two_stage",30,30,6,30,"CRM","additive_shared","additive_shared","previous_dose",0.15,0.85,"previous_dose_additive",0.5,0.5,0.15,0.85,0.15,0.85,3,1,"highest_utility","continuous",0.0179,28,2,"any_admissible_dose",0,0,0.2,0.85,3,1,0,2,0.35,0.06,0.3835,0.2611,40.3252,0.1265,NA,NA,17.1,9.8,4.395,4.032,2.203,18.741,12.128,8.6,9.1,75.5,664.1276,1000,1000
7,1,1,"base_example",1,1,1,0.3,"two_stage",30,30,6,30,"CRM","additive_shared","additive_shared","previous_dose",0.15,0.85,"previous_dose_additive",0.5,0.5,0.15,0.85,0.15,0.85,3,1,"highest_utility","continuous",0.0179,28,2,"any_admissible_dose",0,0,0.2,0.85,3,1,0,3,0.4,0.07,0.479,0.3606,42.4752,0.1265,NA,NA,10.1,3.9,1.839,1.765,0.669,18.741,12.128,8.6,9.1,75.5,664.1276,1000,1000
7,1,1,"base_example",1,1,1,0.3,"two_stage",30,30,6,30,"CRM","additive_shared","additive_shared","previous_dose",0.15,0.85,"previous_dose_additive",0.5,0.5,0.15,0.85,0.15,0.85,3,1,"highest_utility","continuous",0.0179,28,2,"any_admissible_dose",0,0,0.2,0.85,3,1,0,4,0.45,0.08,0.5229,0.4373,45.318,0.1265,NA,NA,3.1,0.8,0.726,0.715,0.366,18.741,12.128,8.6,9.1,75.5,664.1276,1000,1000
7,1,1,"base_example",1,1,1,0.3,"two_stage",30,30,6,30,"CRM","additive_shared","additive_shared","previous_dose",0.15,0.85,"previous_dose_additive",0.5,0.5,0.15,0.85,0.15,0.85,3,1,"highest_utility","continuous",0.0179,28,2,"any_admissible_dose",0,0,0.2,0.85,3,1,0,5,0.5,0.09,0.6057,0.4779,44.4464,0.1265,NA,NA,0.7,0,0.231,0.226,0.084,18.741,12.128,8.6,9.1,75.5,664.1276,1000,1000
8,16,1,"five_scenarios_txt",1,5,1,0.3,"two_stage",30,30,6,30,"CRM","additive_shared","additive_shared","previous_dose",0.15,0.85,"previous_dose_additive",0.5,0.5,0.15,0.85,0.15,0.85,3,1,"highest_utility","continuous",0.0179,28,2,"any_admissible_dose",0,0,0.2,0.85,3,1,0,1,0.02,0.2,0.0397,0.1968,50.2188,0.123,NA,NA,0,30.5,7.743,6.799,1.981,30,18.206,0,0,0,999.5338,1000,1000
8,16,1,"five_scenarios_txt",1,5,1,0.3,"two_stage",30,30,6,30,"CRM","additive_shared","additive_shared","previous_dose",0.15,0.85,"previous_dose_additive",0.5,0.5,0.15,0.85,0.15,0.85,3,1,"highest_utility","continuous",0.0179,28,2,"any_admissible_dose",0,0,0.2,0.85,3,1,0,2,0.06,0.2,0.0607,0.1941,49.2184,0.123,NA,NA,0,23.7,6.78,6.134,3.651,30,18.206,0,0,0,999.5338,1000,1000
8,16,1,"five_scenarios_txt",1,5,1,0.3,"two_stage",30,30,6,30,"CRM","additive_shared","additive_shared","previous_dose",0.15,0.85,"previous_dose_additive",0.5,0.5,0.15,0.85,0.15,0.85,3,1,"highest_utility","continuous",0.0179,28,2,"any_admissible_dose",0,0,0.2,0.85,3,1,0,3,0.09,0.2,0.1137,0.2017,47.5569,0.123,NA,NA,0.7,18,5.667,5.282,1.977,30,18.206,0,0,0,999.5338,1000,1000
8,16,1,"five_scenarios_txt",1,5,1,0.3,"two_stage",30,30,6,30,"CRM","additive_shared","additive_shared","previous_dose",0.15,0.85,"previous_dose_additive",0.5,0.5,0.15,0.85,0.15,0.85,3,1,"highest_utility","continuous",0.0179,28,2,"any_admissible_dose",0,0,0.2,0.85,3,1,0,4,0.14,0.2,0.1458,0.2125,46.9216,0.123,NA,NA,6.4,15.9,5.433,5.095,2.554,30,18.206,0,0,0,999.5338,1000,1000
8,16,1,"five_scenarios_txt",1,5,1,0.3,"two_stage",30,30,6,30,"CRM","additive_shared","additive_shared","previous_dose",0.15,0.85,"previous_dose_additive",0.5,0.5,0.15,0.85,0.15,0.85,3,1,"highest_utility","continuous",0.0179,28,2,"any_admissible_dose",0,0,0.2,0.85,3,1,0,5,0.26,0.2,0.2216,0.2403,45.5561,0.123,NA,NA,92.9,11.9,4.377,4.149,1.631,30,18.206,0,0,0,999.5338,1000,1000
9,20,5,"five_scenarios_txt",1,3,2,0.3,"two_stage",30,30,6,30,"CRM","additive_shared","additive_shared","previous_dose",0.15,0.85,"previous_dose_additive",0.5,0.5,0.15,0.85,0.15,0.85,3,1,"highest_utility","continuous",0.0179,28,2,"any_admissible_dose",0,0,0.2,0.85,3,1,0,1,0.07,0.05,0.1358,0.1197,41.7469,0.1253,NA,NA,2.4,9.8,6,5.345,1.203,29.505,18.843,0.1,0.1,2.8,1033.862,1000,1000
9,20,5,"five_scenarios_txt",1,3,2,0.3,"two_stage",30,30,6,30,"CRM","additive_shared","additive_shared","previous_dose",0.15,0.85,"previous_dose_additive",0.5,0.5,0.15,0.85,0.15,0.85,3,1,"highest_utility","continuous",0.0179,28,2,"any_admissible_dose",0,0,0.2,0.85,3,1,0,2,0.14,0.25,0.1796,0.2338,46.8422,0.1253,NA,NA,6,48.7,10.194,8.806,4.742,29.505,18.843,0.1,0.1,2.8,1033.862,1000,1000
9,20,5,"five_scenarios_txt",1,3,2,0.3,"two_stage",30,30,6,30,"CRM","additive_shared","additive_shared","previous_dose",0.15,0.85,"previous_dose_additive",0.5,0.5,0.15,0.85,0.15,0.85,3,1,"highest_utility","continuous",0.0179,28,2,"any_admissible_dose",0,0,0.2,0.85,3,1,0,3,0.31,0.25,0.2697,0.24,43.6131,0.1253,NA,NA,39.2,25.2,7.155,6.609,2.263,29.505,18.843,0.1,0.1,2.8,1033.862,1000,1000
9,20,5,"five_scenarios_txt",1,3,2,0.3,"two_stage",30,30,6,30,"CRM","additive_shared","additive_shared","previous_dose",0.15,0.85,"previous_dose_additive",0.5,0.5,0.15,0.85,0.15,0.85,3,1,"highest_utility","continuous",0.0179,28,2,"any_admissible_dose",0,0,0.2,0.85,3,1,0,4,0.41,0.25,0.3161,0.3049,45.651,0.1253,NA,NA,36.4,11.3,4.482,4.264,1.855,29.505,18.843,0.1,0.1,2.8,1033.862,1000,1000
9,20,5,"five_scenarios_txt",1,3,2,0.3,"two_stage",30,30,6,30,"CRM","additive_shared","additive_shared","previous_dose",0.15,0.85,"previous_dose_additive",0.5,0.5,0.15,0.85,0.15,0.85,3,1,"highest_utility","continuous",0.0179,28,2,"any_admissible_dose",0,0,0.2,0.85,3,1,0,5,0.52,0.25,0.4116,0.4047,47.8146,0.1253,NA,NA,15.9,2.2,1.674,1.619,0.599,29.505,18.843,0.1,0.1,2.8,1033.862,1000,1000
10,24,4,"five_scenarios_txt",1,5,4,0.3,"two_stage",30,30,6,30,"CRM","additive_shared","additive_shared","previous_dose",0.15,0.85,"previous_dose_additive",0.5,0.5,0.15,0.85,0.15,0.85,3,1,"highest_utility","continuous",0.0179,28,2,"any_admissible_dose",0,0,0.2,0.85,3,1,0,1,0.01,0.05,0.0289,0.147,47.6672,0.125,NA,NA,0,1.5,3.489,3.397,0.223,30,19.655,0,0,0,1084.8652,1000,1000
10,24,4,"five_scenarios_txt",1,5,4,0.3,"two_stage",30,30,6,30,"CRM","additive_shared","additive_shared","previous_dose",0.15,0.85,"previous_dose_additive",0.5,0.5,0.15,0.85,0.15,0.85,3,1,"highest_utility","continuous",0.0179,28,2,"any_admissible_dose",0,0,0.2,0.85,3,1,0,2,0.02,0.08,0.046,0.1603,47.7802,0.125,NA,NA,0,1.6,3.45,3.418,2.557,30,19.655,0,0,0,1084.8652,1000,1000
10,24,4,"five_scenarios_txt",1,5,4,0.3,"two_stage",30,30,6,30,"CRM","additive_shared","additive_shared","previous_dose",0.15,0.85,"previous_dose_additive",0.5,0.5,0.15,0.85,0.15,0.85,3,1,"highest_utility","continuous",0.0179,28,2,"any_admissible_dose",0,0,0.2,0.85,3,1,0,3,0.05,0.2,0.0917,0.2276,49.9929,0.125,NA,NA,0,6,4.227,4.082,1.326,30,19.655,0,0,0,1084.8652,1000,1000
10,24,4,"five_scenarios_txt",1,5,4,0.3,"two_stage",30,30,6,30,"CRM","additive_shared","additive_shared","previous_dose",0.15,0.85,"previous_dose_additive",0.5,0.5,0.15,0.85,0.15,0.85,3,1,"highest_utility","continuous",0.0179,28,2,"any_admissible_dose",0,0,0.2,0.85,3,1,0,4,0.1,0.5,0.1205,0.4296,60.9568,0.125,NA,NA,3.5,55.7,10.677,9.302,4.05,30,19.655,0,0,0,1084.8652,1000,1000
10,24,4,"five_scenarios_txt",1,5,4,0.3,"two_stage",30,30,6,30,"CRM","additive_shared","additive_shared","previous_dose",0.15,0.85,"previous_dose_additive",0.5,0.5,0.15,0.85,0.15,0.85,3,1,"highest_utility","continuous",0.0179,28,2,"any_admissible_dose",0,0,0.2,0.85,3,1,0,5,0.25,0.5,0.1911,0.4305,58.1891,0.125,NA,NA,96.5,35.2,8.157,7.254,2.189,30,19.655,0,0,0,1084.8652,1000,1000
11,27,2,"higher_gap_above_MTD",1,3,3,0.3,"two_stage",30,30,6,30,"CRM","additive_shared","additive_shared","previous_dose",0.15,0.85,"previous_dose_additive",0.5,0.5,0.15,0.85,0.15,0.85,3,1,"highest_utility","continuous",0.0179,28,2,"any_admissible_dose",0,0,0.2,0.85,3,1,0,1,0.11,0.1,0.1626,0.1417,41.9974,0.12,NA,NA,5.3,15.1,7.368,6.254,1.655,29.178,19.515,0.2,0.2,5.8,1072.4155,1000,1000
11,27,2,"higher_gap_above_MTD",1,3,3,0.3,"two_stage",30,30,6,30,"CRM","additive_shared","additive_shared","previous_dose",0.15,0.85,"previous_dose_additive",0.5,0.5,0.15,0.85,0.15,0.85,3,1,"highest_utility","continuous",0.0179,28,2,"any_admissible_dose",0,0,0.2,0.85,3,1,0,2,0.17,0.2,0.2101,0.2072,44.0294,0.12,NA,NA,13.8,22.4,7.362,6.667,3.468,29.178,19.515,0.2,0.2,5.8,1072.4155,1000,1000
11,27,2,"higher_gap_above_MTD",1,3,3,0.3,"two_stage",30,30,6,30,"CRM","additive_shared","additive_shared","previous_dose",0.15,0.85,"previous_dose_additive",0.5,0.5,0.15,0.85,0.15,0.85,3,1,"highest_utility","continuous",0.0179,28,2,"any_admissible_dose",0,0,0.2,0.85,3,1,0,3,0.3,0.4,0.3049,0.3647,49.6861,0.12,NA,NA,51.3,44.8,9.315,8.303,2.855,29.178,19.515,0.2,0.2,5.8,1072.4155,1000,1000
11,27,2,"higher_gap_above_MTD",1,3,3,0.3,"two_stage",30,30,6,30,"CRM","additive_shared","additive_shared","previous_dose",0.15,0.85,"previous_dose_additive",0.5,0.5,0.15,0.85,0.15,0.85,3,1,"highest_utility","continuous",0.0179,28,2,"any_admissible_dose",0,0,0.2,0.85,3,1,0,4,0.5,0.42,0.3524,0.4316,51.8004,0.12,NA,NA,24.6,10.6,4.047,3.863,1.373,29.178,19.515,0.2,0.2,5.8,1072.4155,1000,1000
11,27,2,"higher_gap_above_MTD",1,3,3,0.3,"two_stage",30,30,6,30,"CRM","additive_shared","additive_shared","previous_dose",0.15,0.85,"previous_dose_additive",0.5,0.5,0.15,0.85,0.15,0.85,3,1,"highest_utility","continuous",0.0179,28,2,"any_admissible_dose",0,0,0.2,0.85,3,1,0,5,0.62,0.45,0.4483,0.4821,50.994,0.12,NA,NA,4.8,1.3,1.086,1.06,0.312,29.178,19.515,0.2,0.2,5.8,1072.4155,1000,1000
12,38,38,"user_added",1,5,5,0.3,"two_stage",30,30,6,30,"CRM","additive_shared","additive_shared","previous_dose",0.15,0.85,"previous_dose_additive",0.5,0.5,0.15,0.85,0.15,0.85,3,1,"highest_utility","continuous",0.0179,28,2,"any_admissible_dose",0,0,0.2,0.85,3,1,0,1,0.05,0.05,0.0616,0.121,44.7964,0.1222,NA,NA,0.7,10.1,5.436,4.969,1.029,29.838,18.785,0,0,0.9,1033.4038,1000,1000
12,38,38,"user_added",1,5,5,0.3,"two_stage",30,30,6,30,"CRM","additive_shared","additive_shared","previous_dose",0.15,0.85,"previous_dose_additive",0.5,0.5,0.15,0.85,0.15,0.85,3,1,"highest_utility","continuous",0.0179,28,2,"any_admissible_dose",0,0,0.2,0.85,3,1,0,2,0.1,0.08,0.0896,0.141,44.8759,0.1222,NA,NA,0.3,11,4.992,4.722,3.108,29.838,18.785,0,0,0.9,1033.4038,1000,1000
12,38,38,"user_added",1,5,5,0.3,"two_stage",30,30,6,30,"CRM","additive_shared","additive_shared","previous_dose",0.15,0.85,"previous_dose_additive",0.5,0.5,0.15,0.85,0.15,0.85,3,1,"highest_utility","continuous",0.0179,28,2,"any_admissible_dose",0,0,0.2,0.85,3,1,0,3,0.12,0.12,0.1557,0.1653,43.6875,0.1222,NA,NA,3.2,8.9,4.497,4.329,1.491,29.838,18.785,0,0,0.9,1033.4038,1000,1000
12,38,38,"user_added",1,5,5,0.3,"two_stage",30,30,6,30,"CRM","additive_shared","additive_shared","previous_dose",0.15,0.85,"previous_dose_additive",0.5,0.5,0.15,0.85,0.15,0.85,3,1,"highest_utility","continuous",0.0179,28,2,"any_admissible_dose",0,0,0.2,0.85,3,1,0,4,0.15,0.15,0.1937,0.195,43.9499,0.1222,NA,NA,15.8,9,4.89,4.632,2.372,29.838,18.785,0,0,0.9,1033.4038,1000,1000
12,38,38,"user_added",1,5,5,0.3,"two_stage",30,30,6,30,"CRM","additive_shared","additive_shared","previous_dose",0.15,0.85,"previous_dose_additive",0.5,0.5,0.15,0.85,0.15,0.85,3,1,"highest_utility","continuous",0.0179,28,2,"any_admissible_dose",0,0,0.2,0.85,3,1,0,5,0.3,0.5,0.2795,0.4497,55.8024,0.1222,NA,NA,80,60.1,10.023,8.606,3.053,29.838,18.785,0,0,0.9,1033.4038,1000,1000
13,1,1,"base_example",1,1,1,0.3,"one_stage",30,30,30,30,"CRM","additive_shared","additive_shared","previous_dose",0.15,0.85,"previous_dose_additive",0.5,0.5,0.15,0.85,0.15,0.85,3,1,"highest_utility","continuous",0.0179,28,2,"any_admissible_dose",0,0,0.2,0.85,3,1,0,1,0.3,0.05,0.3304,0.0761,31.3516,0.1302,NA,NA,60.9,10.1,11.652,8.948,3.275,18.522,11.998,8.8,8.9,76.5,656.5728,1000,1000
13,1,1,"base_example",1,1,1,0.3,"one_stage",30,30,30,30,"CRM","additive_shared","additive_shared","previous_dose",0.15,0.85,"previous_dose_additive",0.5,0.5,0.15,0.85,0.15,0.85,3,1,"highest_utility","continuous",0.0179,28,2,"any_admissible_dose",0,0,0.2,0.85,3,1,0,2,0.35,0.06,0.3842,0.2617,40.3369,0.1302,NA,NA,17.3,8.1,4.323,3.937,2.196,18.522,11.998,8.8,8.9,76.5,656.5728,1000,1000
13,1,1,"base_example",1,1,1,0.3,"one_stage",30,30,30,30,"CRM","additive_shared","additive_shared","previous_dose",0.15,0.85,"previous_dose_additive",0.5,0.5,0.15,0.85,0.15,0.85,3,1,"highest_utility","continuous",0.0179,28,2,"any_admissible_dose",0,0,0.2,0.85,3,1,0,3,0.4,0.07,0.4798,0.3629,42.5859,0.1302,NA,NA,9.1,4.3,1.689,1.623,0.637,18.522,11.998,8.8,8.9,76.5,656.5728,1000,1000
13,1,1,"base_example",1,1,1,0.3,"one_stage",30,30,30,30,"CRM","additive_shared","additive_shared","previous_dose",0.15,0.85,"previous_dose_additive",0.5,0.5,0.15,0.85,0.15,0.85,3,1,"highest_utility","continuous",0.0179,28,2,"any_admissible_dose",0,0,0.2,0.85,3,1,0,4,0.45,0.08,0.5237,0.4386,45.366,0.1302,NA,NA,3.2,0.9,0.666,0.651,0.341,18.522,11.998,8.8,8.9,76.5,656.5728,1000,1000
13,1,1,"base_example",1,1,1,0.3,"one_stage",30,30,30,30,"CRM","additive_shared","additive_shared","previous_dose",0.15,0.85,"previous_dose_additive",0.5,0.5,0.15,0.85,0.15,0.85,3,1,"highest_utility","continuous",0.0179,28,2,"any_admissible_dose",0,0,0.2,0.85,3,1,0,5,0.5,0.09,0.6064,0.4811,44.6093,0.1302,NA,NA,0.7,0.1,0.192,0.189,0.075,18.522,11.998,8.8,8.9,76.5,656.5728,1000,1000
14,16,1,"five_scenarios_txt",1,5,1,0.3,"one_stage",30,30,30,30,"CRM","additive_shared","additive_shared","previous_dose",0.15,0.85,"previous_dose_additive",0.5,0.5,0.15,0.85,0.15,0.85,3,1,"highest_utility","continuous",0.0179,28,2,"any_admissible_dose",0,0,0.2,0.85,3,1,0,1,0.02,0.2,0.0393,0.1963,50.2046,0.1269,NA,NA,0,28.6,7.98,6.996,1.965,30,18.171,0,0,0,997.1109,1000,1000
14,16,1,"five_scenarios_txt",1,5,1,0.3,"one_stage",30,30,30,30,"CRM","additive_shared","additive_shared","previous_dose",0.15,0.85,"previous_dose_additive",0.5,0.5,0.15,0.85,0.15,0.85,3,1,"highest_utility","continuous",0.0179,28,2,"any_admissible_dose",0,0,0.2,0.85,3,1,0,2,0.06,0.2,0.0602,0.1918,49.0997,0.1269,NA,NA,0,23.4,6.804,6.161,3.631,30,18.171,0,0,0,997.1109,1000,1000
14,16,1,"five_scenarios_txt",1,5,1,0.3,"one_stage",30,30,30,30,"CRM","additive_shared","additive_shared","previous_dose",0.15,0.85,"previous_dose_additive",0.5,0.5,0.15,0.85,0.15,0.85,3,1,"highest_utility","continuous",0.0179,28,2,"any_admissible_dose",0,0,0.2,0.85,3,1,0,3,0.09,0.2,0.1127,0.2028,47.6598,0.1269,NA,NA,0.7,19.6,5.688,5.265,2.068,30,18.171,0,0,0,997.1109,1000,1000
14,16,1,"five_scenarios_txt",1,5,1,0.3,"one_stage",30,30,30,30,"CRM","additive_shared","additive_shared","previous_dose",0.15,0.85,"previous_dose_additive",0.5,0.5,0.15,0.85,0.15,0.85,3,1,"highest_utility","continuous",0.0179,28,2,"any_admissible_dose",0,0,0.2,0.85,3,1,0,4,0.14,0.2,0.1446,0.2094,46.7818,0.1269,NA,NA,8.8,17.6,5.337,4.957,2.53,30,18.171,0,0,0,997.1109,1000,1000
14,16,1,"five_scenarios_txt",1,5,1,0.3,"one_stage",30,30,30,30,"CRM","additive_shared","additive_shared","previous_dose",0.15,0.85,"previous_dose_additive",0.5,0.5,0.15,0.85,0.15,0.85,3,1,"highest_utility","continuous",0.0179,28,2,"any_admissible_dose",0,0,0.2,0.85,3,1,0,5,0.26,0.2,0.22,0.2459,45.9578,0.1269,NA,NA,90.5,10.8,4.191,3.954,1.635,30,18.171,0,0,0,997.1109,1000,1000
15,20,5,"five_scenarios_txt",1,3,2,0.3,"one_stage",30,30,30,30,"CRM","additive_shared","additive_shared","previous_dose",0.15,0.85,"previous_dose_additive",0.5,0.5,0.15,0.85,0.15,0.85,3,1,"highest_utility","continuous",0.0179,28,2,"any_admissible_dose",0,0,0.2,0.85,3,1,0,1,0.07,0.05,0.1339,0.1152,41.5578,0.1279,NA,NA,2.5,10.2,6.288,5.596,1.226,29.484,18.688,0.1,0.1,3.4,1026.7263,1000,1000
15,20,5,"five_scenarios_txt",1,3,2,0.3,"one_stage",30,30,30,30,"CRM","additive_shared","additive_shared","previous_dose",0.15,0.85,"previous_dose_additive",0.5,0.5,0.15,0.85,0.15,0.85,3,1,"highest_utility","continuous",0.0179,28,2,"any_admissible_dose",0,0,0.2,0.85,3,1,0,2,0.14,0.25,0.1774,0.2306,46.7387,0.1279,NA,NA,7.1,49.6,10.965,9.376,4.944,29.484,18.688,0.1,0.1,3.4,1026.7263,1000,1000
15,20,5,"five_scenarios_txt",1,3,2,0.3,"one_stage",30,30,30,30,"CRM","additive_shared","additive_shared","previous_dose",0.15,0.85,"previous_dose_additive",0.5,0.5,0.15,0.85,0.15,0.85,3,1,"highest_utility","continuous",0.0179,28,2,"any_admissible_dose",0,0,0.2,0.85,3,1,0,3,0.31,0.25,0.2672,0.2383,43.6111,0.1279,NA,NA,36.3,23.3,6.726,6.097,2.322,29.484,18.688,0.1,0.1,3.4,1026.7263,1000,1000
15,20,5,"five_scenarios_txt",1,3,2,0.3,"one_stage",30,30,30,30,"CRM","additive_shared","additive_shared","previous_dose",0.15,0.85,"previous_dose_additive",0.5,0.5,0.15,0.85,0.15,0.85,3,1,"highest_utility","continuous",0.0179,28,2,"any_admissible_dose",0,0,0.2,0.85,3,1,0,4,0.41,0.25,0.3135,0.3032,45.6479,0.1279,NA,NA,39.5,10.9,4.08,3.828,1.734,29.484,18.688,0.1,0.1,3.4,1026.7263,1000,1000
15,20,5,"five_scenarios_txt",1,3,2,0.3,"one_stage",30,30,30,30,"CRM","additive_shared","additive_shared","previous_dose",0.15,0.85,"previous_dose_additive",0.5,0.5,0.15,0.85,0.15,0.85,3,1,"highest_utility","continuous",0.0179,28,2,"any_admissible_dose",0,0,0.2,0.85,3,1,0,5,0.52,0.25,0.4091,0.4197,48.8213,0.1279,NA,NA,14.5,2.6,1.425,1.361,0.57,29.484,18.688,0.1,0.1,3.4,1026.7263,1000,1000
16,24,4,"five_scenarios_txt",1,5,4,0.3,"one_stage",30,30,30,30,"CRM","additive_shared","additive_shared","previous_dose",0.15,0.85,"previous_dose_additive",0.5,0.5,0.15,0.85,0.15,0.85,3,1,"highest_utility","continuous",0.0179,28,2,"any_admissible_dose",0,0,0.2,0.85,3,1,0,1,0.01,0.05,0.0275,0.1463,47.6748,0.1257,NA,NA,0,1.4,3.54,3.429,0.223,30,19.55,0,0,0,1078.9107,1000,1000
16,24,4,"five_scenarios_txt",1,5,4,0.3,"one_stage",30,30,30,30,"CRM","additive_shared","additive_shared","previous_dose",0.15,0.85,"previous_dose_additive",0.5,0.5,0.15,0.85,0.15,0.85,3,1,"highest_utility","continuous",0.0179,28,2,"any_admissible_dose",0,0,0.2,0.85,3,1,0,2,0.02,0.08,0.044,0.1586,47.7574,0.1257,NA,NA,0,1.5,3.483,3.441,2.549,30,19.55,0,0,0,1078.9107,1000,1000
16,24,4,"five_scenarios_txt",1,5,4,0.3,"one_stage",30,30,30,30,"CRM","additive_shared","additive_shared","previous_dose",0.15,0.85,"previous_dose_additive",0.5,0.5,0.15,0.85,0.15,0.85,3,1,"highest_utility","continuous",0.0179,28,2,"any_admissible_dose",0,0,0.2,0.85,3,1,0,3,0.05,0.2,0.0882,0.2264,50.0529,0.1257,NA,NA,0,5.2,4.371,4.115,1.404,30,19.55,0,0,0,1078.9107,1000,1000
16,24,4,"five_scenarios_txt",1,5,4,0.3,"one_stage",30,30,30,30,"CRM","additive_shared","additive_shared","previous_dose",0.15,0.85,"previous_dose_additive",0.5,0.5,0.15,0.85,0.15,0.85,3,1,"highest_utility","continuous",0.0179,28,2,"any_admissible_dose",0,0,0.2,0.85,3,1,0,4,0.1,0.5,0.1163,0.4229,60.7229,0.1257,NA,NA,29.7,58.8,12.258,10.142,4.375,30,19.55,0,0,0,1078.9107,1000,1000
16,24,4,"five_scenarios_txt",1,5,4,0.3,"one_stage",30,30,30,30,"CRM","additive_shared","additive_shared","previous_dose",0.15,0.85,"previous_dose_additive",0.5,0.5,0.15,0.85,0.15,0.85,3,1,"highest_utility","continuous",0.0179,28,2,"any_admissible_dose",0,0,0.2,0.85,3,1,0,5,0.25,0.5,0.1854,0.4457,59.3291,0.1257,NA,NA,70.3,33.1,6.348,5.487,1.899,30,19.55,0,0,0,1078.9107,1000,1000
17,27,2,"higher_gap_above_MTD",1,3,3,0.3,"one_stage",30,30,30,30,"CRM","additive_shared","additive_shared","previous_dose",0.15,0.85,"previous_dose_additive",0.5,0.5,0.15,0.85,0.15,0.85,3,1,"highest_utility","continuous",0.0179,28,2,"any_admissible_dose",0,0,0.2,0.85,3,1,0,1,0.11,0.1,0.1593,0.1374,41.8712,0.1279,NA,NA,5.3,14.1,7.92,6.675,1.761,29.142,19.263,0.2,0.2,6.2,1058.5656,1000,1000
17,27,2,"higher_gap_above_MTD",1,3,3,0.3,"one_stage",30,30,30,30,"CRM","additive_shared","additive_shared","previous_dose",0.15,0.85,"previous_dose_additive",0.5,0.5,0.15,0.85,0.15,0.85,3,1,"highest_utility","continuous",0.0179,28,2,"any_admissible_dose",0,0,0.2,0.85,3,1,0,2,0.17,0.2,0.2064,0.2029,43.9194,0.1279,NA,NA,12.9,24,7.527,6.731,3.56,29.142,19.263,0.2,0.2,6.2,1058.5656,1000,1000
17,27,2,"higher_gap_above_MTD",1,3,3,0.3,"one_stage",30,30,30,30,"CRM","additive_shared","additive_shared","previous_dose",0.15,0.85,"previous_dose_additive",0.5,0.5,0.15,0.85,0.15,0.85,3,1,"highest_utility","continuous",0.0179,28,2,"any_admissible_dose",0,0,0.2,0.85,3,1,0,3,0.3,0.4,0.3005,0.3516,49.0773,0.1279,NA,NA,51.8,44,9.405,8.176,2.961,29.142,19.263,0.2,0.2,6.2,1058.5656,1000,1000
17,27,2,"higher_gap_above_MTD",1,3,3,0.3,"one_stage",30,30,30,30,"CRM","additive_shared","additive_shared","previous_dose",0.15,0.85,"previous_dose_additive",0.5,0.5,0.15,0.85,0.15,0.85,3,1,"highest_utility","continuous",0.0179,28,2,"any_admissible_dose",0,0,0.2,0.85,3,1,0,4,0.5,0.42,0.3479,0.4335,52.0917,0.1279,NA,NA,26.1,11,3.642,3.423,1.364,29.142,19.263,0.2,0.2,6.2,1058.5656,1000,1000
17,27,2,"higher_gap_above_MTD",1,3,3,0.3,"one_stage",30,30,30,30,"CRM","additive_shared","additive_shared","previous_dose",0.15,0.85,"previous_dose_additive",0.5,0.5,0.15,0.85,0.15,0.85,3,1,"highest_utility","continuous",0.0179,28,2,"any_admissible_dose",0,0,0.2,0.85,3,1,0,5,0.62,0.45,0.4438,0.4857,51.392,0.1279,NA,NA,3.7,0.7,0.648,0.622,0.233,29.142,19.263,0.2,0.2,6.2,1058.5656,1000,1000
18,38,38,"user_added",1,5,5,0.3,"one_stage",30,30,30,30,"CRM","additive_shared","additive_shared","previous_dose",0.15,0.85,"previous_dose_additive",0.5,0.5,0.15,0.85,0.15,0.85,3,1,"highest_utility","continuous",0.0179,28,2,"any_admissible_dose",0,0,0.2,0.85,3,1,0,1,0.05,0.05,0.0618,0.1205,44.7568,0.1228,NA,NA,0.7,8.9,5.562,5.066,1.056,29.835,18.769,0,0,1.2,1031.589,1000,1000
18,38,38,"user_added",1,5,5,0.3,"one_stage",30,30,30,30,"CRM","additive_shared","additive_shared","previous_dose",0.15,0.85,"previous_dose_additive",0.5,0.5,0.15,0.85,0.15,0.85,3,1,"highest_utility","continuous",0.0179,28,2,"any_admissible_dose",0,0,0.2,0.85,3,1,0,2,0.1,0.08,0.0898,0.14,44.8102,0.1228,NA,NA,0.3,10.9,4.998,4.716,3.105,29.835,18.769,0,0,1.2,1031.589,1000,1000
18,38,38,"user_added",1,5,5,0.3,"one_stage",30,30,30,30,"CRM","additive_shared","additive_shared","previous_dose",0.15,0.85,"previous_dose_additive",0.5,0.5,0.15,0.85,0.15,0.85,3,1,"highest_utility","continuous",0.0179,28,2,"any_admissible_dose",0,0,0.2,0.85,3,1,0,3,0.12,0.12,0.156,0.165,43.663,0.1228,NA,NA,3.2,9.1,4.491,4.295,1.503,29.835,18.769,0,0,1.2,1031.589,1000,1000
18,38,38,"user_added",1,5,5,0.3,"one_stage",30,30,30,30,"CRM","additive_shared","additive_shared","previous_dose",0.15,0.85,"previous_dose_additive",0.5,0.5,0.15,0.85,0.15,0.85,3,1,"highest_utility","continuous",0.0179,28,2,"any_admissible_dose",0,0,0.2,0.85,3,1,0,4,0.15,0.15,0.194,0.1925,43.7896,0.1228,NA,NA,16,9.5,4.845,4.54,2.365,29.835,18.769,0,0,1.2,1031.589,1000,1000
18,38,38,"user_added",1,5,5,0.3,"one_stage",30,30,30,30,"CRM","additive_shared","additive_shared","previous_dose",0.15,0.85,"previous_dose_additive",0.5,0.5,0.15,0.85,0.15,0.85,3,1,"highest_utility","continuous",0.0179,28,2,"any_admissible_dose",0,0,0.2,0.85,3,1,0,5,0.3,0.5,0.2798,0.4533,56.0061,0.1228,NA,NA,79.8,60.4,9.939,8.502,3.037,29.835,18.769,0,0,1.2,1031.589,1000,1000
19,1,1,"base_example",1,1,1,0.3,"two_stage",30,30,6,30,"CRM","additive_shared","additive_shared","previous_dose",0.15,0.85,"previous_dose_additive",0.5,0.5,0.15,0.85,0.15,0.85,3,1,"top2_randomized","continuous",0.0179,28,2,"any_admissible_dose",0.3,0.3,0.2,0.85,3,1,0,1,0.3,0.05,0.3588,0.0808,30.4967,0.1567,NA,NA,65.1,10.9,11.502,8.696,3.322,17.565,11.399,12.9,13.3,81.3,620.9388,1000,1000
19,1,1,"base_example",1,1,1,0.3,"two_stage",30,30,6,30,"CRM","additive_shared","additive_shared","previous_dose",0.15,0.85,"previous_dose_additive",0.5,0.5,0.15,0.85,0.15,0.85,3,1,"top2_randomized","continuous",0.0179,28,2,"any_admissible_dose",0.3,0.3,0.2,0.85,3,1,0,2,0.35,0.06,0.413,0.2905,40.9097,0.1567,NA,NA,15,5.8,4.013,3.653,2.013,17.565,11.399,12.9,13.3,81.3,620.9388,1000,1000
19,1,1,"base_example",1,1,1,0.3,"two_stage",30,30,6,30,"CRM","additive_shared","additive_shared","previous_dose",0.15,0.85,"previous_dose_additive",0.5,0.5,0.15,0.85,0.15,0.85,3,1,"top2_randomized","continuous",0.0179,28,2,"any_admissible_dose",0.3,0.3,0.2,0.85,3,1,0,3,0.4,0.07,0.5077,0.3935,43.3013,0.1567,NA,NA,5.9,1.9,1.439,1.378,0.523,17.565,11.399,12.9,13.3,81.3,620.9388,1000,1000
19,1,1,"base_example",1,1,1,0.3,"two_stage",30,30,6,30,"CRM","additive_shared","additive_shared","previous_dose",0.15,0.85,"previous_dose_additive",0.5,0.5,0.15,0.85,0.15,0.85,3,1,"top2_randomized","continuous",0.0179,28,2,"any_admissible_dose",0.3,0.3,0.2,0.85,3,1,0,4,0.45,0.08,0.5507,0.456,45.3322,0.1567,NA,NA,1.1,0.1,0.5,0.487,0.27,17.565,11.399,12.9,13.3,81.3,620.9388,1000,1000
19,1,1,"base_example",1,1,1,0.3,"two_stage",30,30,6,30,"CRM","additive_shared","additive_shared","previous_dose",0.15,0.85,"previous_dose_additive",0.5,0.5,0.15,0.85,0.15,0.85,3,1,"top2_randomized","continuous",0.0179,28,2,"any_admissible_dose",0.3,0.3,0.2,0.85,3,1,0,5,0.5,0.09,0.6309,0.4891,44.1088,0.1567,NA,NA,0,0,0.111,0.11,0.038,17.565,11.399,12.9,13.3,81.3,620.9388,1000,1000
20,16,1,"five_scenarios_txt",1,5,1,0.3,"two_stage",30,30,6,30,"CRM","additive_shared","additive_shared","previous_dose",0.15,0.85,"previous_dose_additive",0.5,0.5,0.15,0.85,0.15,0.85,3,1,"top2_randomized","continuous",0.0179,28,2,"any_admissible_dose",0.3,0.3,0.2,0.85,3,1,0,1,0.02,0.2,0.0441,0.2207,51.4789,0.1446,NA,NA,0,33.4,7.544,6.863,1.897,30,18.206,0,0,0,1000.3697,1000,1000
20,16,1,"five_scenarios_txt",1,5,1,0.3,"two_stage",30,30,6,30,"CRM","additive_shared","additive_shared","previous_dose",0.15,0.85,"previous_dose_additive",0.5,0.5,0.15,0.85,0.15,0.85,3,1,"top2_randomized","continuous",0.0179,28,2,"any_admissible_dose",0.3,0.3,0.2,0.85,3,1,0,2,0.06,0.2,0.0667,0.2238,50.7601,0.1446,NA,NA,0.1,27.3,7.024,6.545,3.763,30,18.206,0,0,0,1000.3697,1000,1000
20,16,1,"five_scenarios_txt",1,5,1,0.3,"two_stage",30,30,6,30,"CRM","additive_shared","additive_shared","previous_dose",0.15,0.85,"previous_dose_additive",0.5,0.5,0.15,0.85,0.15,0.85,3,1,"top2_randomized","continuous",0.0179,28,2,"any_admissible_dose",0.3,0.3,0.2,0.85,3,1,0,3,0.09,0.2,0.1228,0.2149,47.9813,0.1446,NA,NA,0.7,16.5,5.677,5.372,1.933,30,18.206,0,0,0,1000.3697,1000,1000
20,16,1,"five_scenarios_txt",1,5,1,0.3,"two_stage",30,30,6,30,"CRM","additive_shared","additive_shared","previous_dose",0.15,0.85,"previous_dose_additive",0.5,0.5,0.15,0.85,0.15,0.85,3,1,"top2_randomized","continuous",0.0179,28,2,"any_admissible_dose",0.3,0.3,0.2,0.85,3,1,0,4,0.14,0.2,0.1564,0.224,47.1828,0.1446,NA,NA,8.5,13.4,5.489,5.21,2.627,30,18.206,0,0,0,1000.3697,1000,1000
20,16,1,"five_scenarios_txt",1,5,1,0.3,"two_stage",30,30,6,30,"CRM","additive_shared","additive_shared","previous_dose",0.15,0.85,"previous_dose_additive",0.5,0.5,0.15,0.85,0.15,0.85,3,1,"top2_randomized","continuous",0.0179,28,2,"any_admissible_dose",0.3,0.3,0.2,0.85,3,1,0,5,0.26,0.2,0.2348,0.2499,45.6033,0.1446,NA,NA,90.7,9.4,4.266,4.068,1.574,30,18.206,0,0,0,1000.3697,1000,1000
21,20,5,"five_scenarios_txt",1,3,2,0.3,"two_stage",30,30,6,30,"CRM","additive_shared","additive_shared","previous_dose",0.15,0.85,"previous_dose_additive",0.5,0.5,0.15,0.85,0.15,0.85,3,1,"top2_randomized","continuous",0.0179,28,2,"any_admissible_dose",0.3,0.3,0.2,0.85,3,1,0,1,0.07,0.05,0.1433,0.1119,40.9813,0.1515,NA,NA,2.2,7.2,7.241,6.369,1.658,29.583,18.73,0.1,0.1,3.3,1027.7228,1000,1000
21,20,5,"five_scenarios_txt",1,3,2,0.3,"two_stage",30,30,6,30,"CRM","additive_shared","additive_shared","previous_dose",0.15,0.85,"previous_dose_additive",0.5,0.5,0.15,0.85,0.15,0.85,3,1,"top2_randomized","continuous",0.0179,28,2,"any_admissible_dose",0.3,0.3,0.2,0.85,3,1,0,2,0.14,0.25,0.1885,0.2626,48.2161,0.1515,NA,NA,9.8,53.4,9.81,8.835,4.723,29.583,18.73,0.1,0.1,3.3,1027.7228,1000,1000
21,20,5,"five_scenarios_txt",1,3,2,0.3,"two_stage",30,30,6,30,"CRM","additive_shared","additive_shared","previous_dose",0.15,0.85,"previous_dose_additive",0.5,0.5,0.15,0.85,0.15,0.85,3,1,"top2_randomized","continuous",0.0179,28,2,"any_admissible_dose",0.3,0.3,0.2,0.85,3,1,0,3,0.31,0.25,0.2804,0.2582,44.2726,0.1515,NA,NA,41.6,24.2,7.254,6.803,2.348,29.583,18.73,0.1,0.1,3.3,1027.7228,1000,1000
21,20,5,"five_scenarios_txt",1,3,2,0.3,"two_stage",30,30,6,30,"CRM","additive_shared","additive_shared","previous_dose",0.15,0.85,"previous_dose_additive",0.5,0.5,0.15,0.85,0.15,0.85,3,1,"top2_randomized","continuous",0.0179,28,2,"any_admissible_dose",0.3,0.3,0.2,0.85,3,1,0,4,0.41,0.25,0.3274,0.3283,46.6014,0.1515,NA,NA,34.5,9.3,3.958,3.815,1.658,29.583,18.73,0.1,0.1,3.3,1027.7228,1000,1000
21,20,5,"five_scenarios_txt",1,3,2,0.3,"two_stage",30,30,6,30,"CRM","additive_shared","additive_shared","previous_dose",0.15,0.85,"previous_dose_additive",0.5,0.5,0.15,0.85,0.15,0.85,3,1,"top2_randomized","continuous",0.0179,28,2,"any_admissible_dose",0.3,0.3,0.2,0.85,3,1,0,5,0.52,0.25,0.4234,0.4267,48.6649,0.1515,NA,NA,11.8,2.6,1.32,1.28,0.466,29.583,18.73,0.1,0.1,3.3,1027.7228,1000,1000
22,24,4,"five_scenarios_txt",1,5,4,0.3,"two_stage",30,30,6,30,"CRM","additive_shared","additive_shared","previous_dose",0.15,0.85,"previous_dose_additive",0.5,0.5,0.15,0.85,0.15,0.85,3,1,"top2_randomized","continuous",0.0179,28,2,"any_admissible_dose",0.3,0.3,0.2,0.85,3,1,0,1,0.01,0.05,0.031,0.1411,47.2237,0.1389,NA,NA,0,1.1,3.827,3.706,0.332,30,19.445,0,0,0,1069.4054,1000,1000
22,24,4,"five_scenarios_txt",1,5,4,0.3,"two_stage",30,30,6,30,"CRM","additive_shared","additive_shared","previous_dose",0.15,0.85,"previous_dose_additive",0.5,0.5,0.15,0.85,0.15,0.85,3,1,"top2_randomized","continuous",0.0179,28,2,"any_admissible_dose",0.3,0.3,0.2,0.85,3,1,0,2,0.02,0.08,0.0491,0.1556,47.3737,0.1389,NA,NA,0,0.7,3.954,3.865,2.718,30,19.445,0,0,0,1069.4054,1000,1000
22,24,4,"five_scenarios_txt",1,5,4,0.3,"two_stage",30,30,6,30,"CRM","additive_shared","additive_shared","previous_dose",0.15,0.85,"previous_dose_additive",0.5,0.5,0.15,0.85,0.15,0.85,3,1,"top2_randomized","continuous",0.0179,28,2,"any_admissible_dose",0.3,0.3,0.2,0.85,3,1,0,3,0.05,0.2,0.0968,0.2237,49.5507,0.1389,NA,NA,0,4.6,4.807,4.586,1.544,30,19.445,0,0,0,1069.4054,1000,1000
22,24,4,"five_scenarios_txt",1,5,4,0.3,"two_stage",30,30,6,30,"CRM","additive_shared","additive_shared","previous_dose",0.15,0.85,"previous_dose_additive",0.5,0.5,0.15,0.85,0.15,0.85,3,1,"top2_randomized","continuous",0.0179,28,2,"any_admissible_dose",0.3,0.3,0.2,0.85,3,1,0,4,0.1,0.5,0.1267,0.4829,63.9056,0.1389,NA,NA,2,54.7,9.265,8.57,3.628,30,19.445,0,0,0,1069.4054,1000,1000
22,24,4,"five_scenarios_txt",1,5,4,0.3,"two_stage",30,30,6,30,"CRM","additive_shared","additive_shared","previous_dose",0.15,0.85,"previous_dose_additive",0.5,0.5,0.15,0.85,0.15,0.85,3,1,"top2_randomized","continuous",0.0179,28,2,"any_admissible_dose",0.3,0.3,0.2,0.85,3,1,0,5,0.25,0.5,0.1994,0.474,60.4648,0.1389,NA,NA,98,38.9,8.147,7.468,2.333,30,19.445,0,0,0,1069.4054,1000,1000
23,27,2,"higher_gap_above_MTD",1,3,3,0.3,"two_stage",30,30,6,30,"CRM","additive_shared","additive_shared","previous_dose",0.15,0.85,"previous_dose_additive",0.5,0.5,0.15,0.85,0.15,0.85,3,1,"top2_randomized","continuous",0.0179,28,2,"any_admissible_dose",0.3,0.3,0.2,0.85,3,1,0,1,0.11,0.1,0.169,0.1416,41.735,0.1517,NA,NA,5.3,12.7,8.706,7.335,2.117,29.157,19.172,0.2,0.2,6.3,1057.3655,1000,1000
23,27,2,"higher_gap_above_MTD",1,3,3,0.3,"two_stage",30,30,6,30,"CRM","additive_shared","additive_shared","previous_dose",0.15,0.85,"previous_dose_additive",0.5,0.5,0.15,0.85,0.15,0.85,3,1,"top2_randomized","continuous",0.0179,28,2,"any_admissible_dose",0.3,0.3,0.2,0.85,3,1,0,2,0.17,0.2,0.2175,0.2305,45.1267,0.1517,NA,NA,18.7,29,8.4,7.61,3.928,29.157,19.172,0.2,0.2,6.3,1057.3655,1000,1000
23,27,2,"higher_gap_above_MTD",1,3,3,0.3,"two_stage",30,30,6,30,"CRM","additive_shared","additive_shared","previous_dose",0.15,0.85,"previous_dose_additive",0.5,0.5,0.15,0.85,0.15,0.85,3,1,"top2_randomized","continuous",0.0179,28,2,"any_admissible_dose",0.3,0.3,0.2,0.85,3,1,0,3,0.3,0.4,0.3135,0.3972,51.2942,0.1517,NA,NA,49.1,41.7,7.749,7.229,2.473,29.157,19.172,0.2,0.2,6.3,1057.3655,1000,1000
23,27,2,"higher_gap_above_MTD",1,3,3,0.3,"two_stage",30,30,6,30,"CRM","additive_shared","additive_shared","previous_dose",0.15,0.85,"previous_dose_additive",0.5,0.5,0.15,0.85,0.15,0.85,3,1,"top2_randomized","continuous",0.0179,28,2,"any_admissible_dose",0.3,0.3,0.2,0.85,3,1,0,4,0.5,0.42,0.3613,0.448,52.4257,0.1517,NA,NA,23.8,9.3,3.47,3.374,1.223,29.157,19.172,0.2,0.2,6.3,1057.3655,1000,1000
23,27,2,"higher_gap_above_MTD",1,3,3,0.3,"two_stage",30,30,6,30,"CRM","additive_shared","additive_shared","previous_dose",0.15,0.85,"previous_dose_additive",0.5,0.5,0.15,0.85,0.15,0.85,3,1,"top2_randomized","continuous",0.0179,28,2,"any_admissible_dose",0.3,0.3,0.2,0.85,3,1,0,5,0.62,0.45,0.4573,0.4942,51.3626,0.1517,NA,NA,2.9,1,0.832,0.816,0.244,29.157,19.172,0.2,0.2,6.3,1057.3655,1000,1000
24,38,38,"user_added",1,5,5,0.3,"two_stage",30,30,6,30,"CRM","additive_shared","additive_shared","previous_dose",0.15,0.85,"previous_dose_additive",0.5,0.5,0.15,0.85,0.15,0.85,3,1,"top2_randomized","continuous",0.0179,28,2,"any_admissible_dose",0.3,0.3,0.2,0.85,3,1,0,1,0.05,0.05,0.0689,0.1148,44.1301,0.1388,NA,NA,0.6,11.3,6.562,5.91,1.455,29.868,18.253,0,0,1.1,1007.3375,1000,1000
24,38,38,"user_added",1,5,5,0.3,"two_stage",30,30,6,30,"CRM","additive_shared","additive_shared","previous_dose",0.15,0.85,"previous_dose_additive",0.5,0.5,0.15,0.85,0.15,0.85,3,1,"top2_randomized","continuous",0.0179,28,2,"any_admissible_dose",0.3,0.3,0.2,0.85,3,1,0,2,0.1,0.08,0.0989,0.1341,44.0897,0.1388,NA,NA,0.7,12.7,6.213,5.831,3.545,29.868,18.253,0,0,1.1,1007.3375,1000,1000
24,38,38,"user_added",1,5,5,0.3,"two_stage",30,30,6,30,"CRM","additive_shared","additive_shared","previous_dose",0.15,0.85,"previous_dose_additive",0.5,0.5,0.15,0.85,0.15,0.85,3,1,"top2_randomized","continuous",0.0179,28,2,"any_admissible_dose",0.3,0.3,0.2,0.85,3,1,0,3,0.12,0.12,0.1684,0.1632,43.0556,0.1388,NA,NA,4.8,10.4,5.101,4.841,1.757,29.868,18.253,0,0,1.1,1007.3375,1000,1000
24,38,38,"user_added",1,5,5,0.3,"two_stage",30,30,6,30,"CRM","additive_shared","additive_shared","previous_dose",0.15,0.85,"previous_dose_additive",0.5,0.5,0.15,0.85,0.15,0.85,3,1,"top2_randomized","continuous",0.0179,28,2,"any_admissible_dose",0.3,0.3,0.2,0.85,3,1,0,4,0.15,0.15,0.2077,0.2032,43.8844,0.1388,NA,NA,19.7,10.3,5.139,4.844,2.409,29.868,18.253,0,0,1.1,1007.3375,1000,1000
24,38,38,"user_added",1,5,5,0.3,"two_stage",30,30,6,30,"CRM","additive_shared","additive_shared","previous_dose",0.15,0.85,"previous_dose_additive",0.5,0.5,0.15,0.85,0.15,0.85,3,1,"top2_randomized","continuous",0.0179,28,2,"any_admissible_dose",0.3,0.3,0.2,0.85,3,1,0,5,0.3,0.5,0.2953,0.4714,56.4697,0.1388,NA,NA,74.2,54.2,6.853,6.309,2.449,29.868,18.253,0,0,1.1,1007.3375,1000,1000
25,1,1,"base_example",1,1,1,0.3,"two_stage",30,30,6,30,"CRM","additive_shared","additive_shared","previous_dose",0.15,0.85,"previous_dose_additive",0.5,0.5,0.15,0.85,0.15,0.85,3,1,"highest_utility","continuous",0.0179,28,2,"any_admissible_dose",0.3,0.3,0.2,0.85,3,1,0,1,0.3,0.05,0.3576,0.0784,30.4041,0.1601,NA,NA,66.6,10.3,11.724,8.867,3.392,17.619,11.394,11.6,12,81.2,621.9507,1000,1000
25,1,1,"base_example",1,1,1,0.3,"two_stage",30,30,6,30,"CRM","additive_shared","additive_shared","previous_dose",0.15,0.85,"previous_dose_additive",0.5,0.5,0.15,0.85,0.15,0.85,3,1,"highest_utility","continuous",0.0179,28,2,"any_admissible_dose",0.3,0.3,0.2,0.85,3,1,0,2,0.35,0.06,0.4117,0.2887,40.8553,0.1601,NA,NA,15.2,6.4,3.93,3.586,2.011,17.619,11.394,11.6,12,81.2,621.9507,1000,1000
25,1,1,"base_example",1,1,1,0.3,"two_stage",30,30,6,30,"CRM","additive_shared","additive_shared","previous_dose",0.15,0.85,"previous_dose_additive",0.5,0.5,0.15,0.85,0.15,0.85,3,1,"highest_utility","continuous",0.0179,28,2,"any_admissible_dose",0.3,0.3,0.2,0.85,3,1,0,3,0.4,0.07,0.5066,0.3901,43.1419,0.1601,NA,NA,5.2,1.5,1.374,1.336,0.516,17.619,11.394,11.6,12,81.2,621.9507,1000,1000
25,1,1,"base_example",1,1,1,0.3,"two_stage",30,30,6,30,"CRM","additive_shared","additive_shared","previous_dose",0.15,0.85,"previous_dose_additive",0.5,0.5,0.15,0.85,0.15,0.85,3,1,"highest_utility","continuous",0.0179,28,2,"any_admissible_dose",0.3,0.3,0.2,0.85,3,1,0,4,0.45,0.08,0.5496,0.4603,45.6365,0.1601,NA,NA,1.1,0.5,0.471,0.46,0.26,17.619,11.394,11.6,12,81.2,621.9507,1000,1000
25,1,1,"base_example",1,1,1,0.3,"two_stage",30,30,6,30,"CRM","additive_shared","additive_shared","previous_dose",0.15,0.85,"previous_dose_additive",0.5,0.5,0.15,0.85,0.15,0.85,3,1,"highest_utility","continuous",0.0179,28,2,"any_admissible_dose",0.3,0.3,0.2,0.85,3,1,0,5,0.5,0.09,0.6298,0.4893,44.1666,0.1601,NA,NA,0.3,0.1,0.12,0.118,0.046,17.619,11.394,11.6,12,81.2,621.9507,1000,1000
26,16,1,"five_scenarios_txt",1,5,1,0.3,"two_stage",30,30,6,30,"CRM","additive_shared","additive_shared","previous_dose",0.15,0.85,"previous_dose_additive",0.5,0.5,0.15,0.85,0.15,0.85,3,1,"highest_utility","continuous",0.0179,28,2,"any_admissible_dose",0.3,0.3,0.2,0.85,3,1,0,1,0.02,0.2,0.045,0.2078,50.6689,0.1451,NA,NA,0,30.3,7.479,6.569,1.868,30,18.191,0,0,0,998.9391,1000,1000
26,16,1,"five_scenarios_txt",1,5,1,0.3,"two_stage",30,30,6,30,"CRM","additive_shared","additive_shared","previous_dose",0.15,0.85,"previous_dose_additive",0.5,0.5,0.15,0.85,0.15,0.85,3,1,"highest_utility","continuous",0.0179,28,2,"any_admissible_dose",0.3,0.3,0.2,0.85,3,1,0,2,0.06,0.2,0.068,0.2149,50.1703,0.1451,NA,NA,0,27.4,7.143,6.411,3.782,30,18.191,0,0,0,998.9391,1000,1000
26,16,1,"five_scenarios_txt",1,5,1,0.3,"two_stage",30,30,6,30,"CRM","additive_shared","additive_shared","previous_dose",0.15,0.85,"previous_dose_additive",0.5,0.5,0.15,0.85,0.15,0.85,3,1,"highest_utility","continuous",0.0179,28,2,"any_admissible_dose",0.3,0.3,0.2,0.85,3,1,0,3,0.09,0.2,0.1249,0.2206,48.2373,0.1451,NA,NA,1,17.6,5.688,5.297,1.987,30,18.191,0,0,0,998.9391,1000,1000
26,16,1,"five_scenarios_txt",1,5,1,0.3,"two_stage",30,30,6,30,"CRM","additive_shared","additive_shared","previous_dose",0.15,0.85,"previous_dose_additive",0.5,0.5,0.15,0.85,0.15,0.85,3,1,"highest_utility","continuous",0.0179,28,2,"any_admissible_dose",0.3,0.3,0.2,0.85,3,1,0,4,0.14,0.2,0.1588,0.2332,47.6416,0.1451,NA,NA,9,16.1,5.499,5.147,2.603,30,18.191,0,0,0,998.9391,1000,1000
26,16,1,"five_scenarios_txt",1,5,1,0.3,"two_stage",30,30,6,30,"CRM","additive_shared","additive_shared","previous_dose",0.15,0.85,"previous_dose_additive",0.5,0.5,0.15,0.85,0.15,0.85,3,1,"highest_utility","continuous",0.0179,28,2,"any_admissible_dose",0.3,0.3,0.2,0.85,3,1,0,5,0.26,0.2,0.2379,0.2571,45.9121,0.1451,NA,NA,90,8.6,4.191,3.98,1.569,30,18.191,0,0,0,998.9391,1000,1000
27,20,5,"five_scenarios_txt",1,3,2,0.3,"two_stage",30,30,6,30,"CRM","additive_shared","additive_shared","previous_dose",0.15,0.85,"previous_dose_additive",0.5,0.5,0.15,0.85,0.15,0.85,3,1,"highest_utility","continuous",0.0179,28,2,"any_admissible_dose",0.3,0.3,0.2,0.85,3,1,0,1,0.07,0.05,0.1477,0.1222,41.4215,0.152,NA,NA,3,9.4,6.138,5.434,1.244,29.379,18.695,0.1,0.1,3.7,1026.1388,1000,1000
27,20,5,"five_scenarios_txt",1,3,2,0.3,"two_stage",30,30,6,30,"CRM","additive_shared","additive_shared","previous_dose",0.15,0.85,"previous_dose_additive",0.5,0.5,0.15,0.85,0.15,0.85,3,1,"highest_utility","continuous",0.0179,28,2,"any_admissible_dose",0.3,0.3,0.2,0.85,3,1,0,2,0.14,0.25,0.1933,0.2485,47.1799,0.152,NA,NA,10.5,50.8,10.68,9.151,4.917,29.379,18.695,0.1,0.1,3.7,1026.1388,1000,1000
27,20,5,"five_scenarios_txt",1,3,2,0.3,"two_stage",30,30,6,30,"CRM","additive_shared","additive_shared","previous_dose",0.15,0.85,"previous_dose_additive",0.5,0.5,0.15,0.85,0.15,0.85,3,1,"highest_utility","continuous",0.0179,28,2,"any_admissible_dose",0.3,0.3,0.2,0.85,3,1,0,3,0.31,0.25,0.2857,0.2613,44.2476,0.152,NA,NA,44.7,25.8,7.182,6.618,2.279,29.379,18.695,0.1,0.1,3.7,1026.1388,1000,1000
27,20,5,"five_scenarios_txt",1,3,2,0.3,"two_stage",30,30,6,30,"CRM","additive_shared","additive_shared","previous_dose",0.15,0.85,"previous_dose_additive",0.5,0.5,0.15,0.85,0.15,0.85,3,1,"highest_utility","continuous",0.0179,28,2,"any_admissible_dose",0.3,0.3,0.2,0.85,3,1,0,4,0.41,0.25,0.3328,0.3314,46.5716,0.152,NA,NA,31.1,8.4,4.089,3.888,1.761,29.379,18.695,0.1,0.1,3.7,1026.1388,1000,1000
27,20,5,"five_scenarios_txt",1,3,2,0.3,"two_stage",30,30,6,30,"CRM","additive_shared","additive_shared","previous_dose",0.15,0.85,"previous_dose_additive",0.5,0.5,0.15,0.85,0.15,0.85,3,1,"highest_utility","continuous",0.0179,28,2,"any_admissible_dose",0.3,0.3,0.2,0.85,3,1,0,5,0.52,0.25,0.4286,0.4304,48.6823,0.152,NA,NA,10.6,1.9,1.29,1.251,0.483,29.379,18.695,0.1,0.1,3.7,1026.1388,1000,1000
28,24,4,"five_scenarios_txt",1,5,4,0.3,"two_stage",30,30,6,30,"CRM","additive_shared","additive_shared","previous_dose",0.15,0.85,"previous_dose_additive",0.5,0.5,0.15,0.85,0.15,0.85,3,1,"highest_utility","continuous",0.0179,28,2,"any_admissible_dose",0.3,0.3,0.2,0.85,3,1,0,1,0.01,0.05,0.0324,0.1475,47.5537,0.1419,NA,NA,0,1.3,3.444,3.349,0.21,30,19.656,0,0,0,1085.9051,1000,1000
28,24,4,"five_scenarios_txt",1,5,4,0.3,"two_stage",30,30,6,30,"CRM","additive_shared","additive_shared","previous_dose",0.15,0.85,"previous_dose_additive",0.5,0.5,0.15,0.85,0.15,0.85,3,1,"highest_utility","continuous",0.0179,28,2,"any_admissible_dose",0.3,0.3,0.2,0.85,3,1,0,2,0.02,0.08,0.051,0.1704,48.1833,0.1419,NA,NA,0,1.4,3.375,3.343,2.509,30,19.656,0,0,0,1085.9051,1000,1000
28,24,4,"five_scenarios_txt",1,5,4,0.3,"two_stage",30,30,6,30,"CRM","additive_shared","additive_shared","previous_dose",0.15,0.85,"previous_dose_additive",0.5,0.5,0.15,0.85,0.15,0.85,3,1,"highest_utility","continuous",0.0179,28,2,"any_admissible_dose",0.3,0.3,0.2,0.85,3,1,0,3,0.05,0.2,0.0996,0.2365,50.2055,0.1419,NA,NA,0,5,4.179,4.005,1.309,30,19.656,0,0,0,1085.9051,1000,1000
28,24,4,"five_scenarios_txt",1,5,4,0.3,"two_stage",30,30,6,30,"CRM","additive_shared","additive_shared","previous_dose",0.15,0.85,"previous_dose_additive",0.5,0.5,0.15,0.85,0.15,0.85,3,1,"highest_utility","continuous",0.0179,28,2,"any_admissible_dose",0.3,0.3,0.2,0.85,3,1,0,4,0.1,0.5,0.1299,0.4617,62.5066,0.1419,NA,NA,4,55.4,10.896,9.401,4.123,30,19.656,0,0,0,1085.9051,1000,1000
28,24,4,"five_scenarios_txt",1,5,4,0.3,"two_stage",30,30,6,30,"CRM","additive_shared","additive_shared","previous_dose",0.15,0.85,"previous_dose_additive",0.5,0.5,0.15,0.85,0.15,0.85,3,1,"highest_utility","continuous",0.0179,28,2,"any_admissible_dose",0.3,0.3,0.2,0.85,3,1,0,5,0.25,0.5,0.2033,0.4596,59.442,0.1419,NA,NA,96,36.9,8.106,7.187,2.193,30,19.656,0,0,0,1085.9051,1000,1000
29,27,2,"higher_gap_above_MTD",1,3,3,0.3,"two_stage",30,30,6,30,"CRM","additive_shared","additive_shared","previous_dose",0.15,0.85,"previous_dose_additive",0.5,0.5,0.15,0.85,0.15,0.85,3,1,"highest_utility","continuous",0.0179,28,2,"any_admissible_dose",0.3,0.3,0.2,0.85,3,1,0,1,0.11,0.1,0.1735,0.1456,41.7963,0.148,NA,NA,6.4,14.8,7.686,6.424,1.79,29.016,19.257,0.2,0.2,6.7,1058.5689,1000,1000
29,27,2,"higher_gap_above_MTD",1,3,3,0.3,"two_stage",30,30,6,30,"CRM","additive_shared","additive_shared","previous_dose",0.15,0.85,"previous_dose_additive",0.5,0.5,0.15,0.85,0.15,0.85,3,1,"highest_utility","continuous",0.0179,28,2,"any_admissible_dose",0.3,0.3,0.2,0.85,3,1,0,2,0.17,0.2,0.2223,0.2209,44.3604,0.148,NA,NA,20.4,26.2,7.731,6.938,3.634,29.016,19.257,0.2,0.2,6.7,1058.5689,1000,1000
29,27,2,"higher_gap_above_MTD",1,3,3,0.3,"two_stage",30,30,6,30,"CRM","additive_shared","additive_shared","previous_dose",0.15,0.85,"previous_dose_additive",0.5,0.5,0.15,0.85,0.15,0.85,3,1,"highest_utility","continuous",0.0179,28,2,"any_admissible_dose",0.3,0.3,0.2,0.85,3,1,0,3,0.3,0.4,0.3186,0.39,50.6579,0.148,NA,NA,51.7,43.1,9.258,8.234,2.871,29.016,19.257,0.2,0.2,6.7,1058.5689,1000,1000
29,27,2,"higher_gap_above_MTD",1,3,3,0.3,"two_stage",30,30,6,30,"CRM","additive_shared","additive_shared","previous_dose",0.15,0.85,"previous_dose_additive",0.5,0.5,0.15,0.85,0.15,0.85,3,1,"highest_utility","continuous",0.0179,28,2,"any_admissible_dose",0.3,0.3,0.2,0.85,3,1,0,4,0.5,0.42,0.3665,0.4571,52.7692,0.148,NA,NA,18.8,8.4,3.516,3.391,1.228,29.016,19.257,0.2,0.2,6.7,1058.5689,1000,1000
29,27,2,"higher_gap_above_MTD",1,3,3,0.3,"two_stage",30,30,6,30,"CRM","additive_shared","additive_shared","previous_dose",0.15,0.85,"previous_dose_additive",0.5,0.5,0.15,0.85,0.15,0.85,3,1,"highest_utility","continuous",0.0179,28,2,"any_admissible_dose",0.3,0.3,0.2,0.85,3,1,0,5,0.62,0.45,0.4622,0.4926,51.0637,0.148,NA,NA,2.5,0.8,0.825,0.805,0.236,29.016,19.257,0.2,0.2,6.7,1058.5689,1000,1000
30,38,38,"user_added",1,5,5,0.3,"two_stage",30,30,6,30,"CRM","additive_shared","additive_shared","previous_dose",0.15,0.85,"previous_dose_additive",0.5,0.5,0.15,0.85,0.15,0.85,3,1,"highest_utility","continuous",0.0179,28,2,"any_admissible_dose",0.3,0.3,0.2,0.85,3,1,0,1,0.05,0.05,0.0702,0.1236,44.6085,0.1448,NA,NA,1,11.3,5.667,5.092,1.138,29.796,18.669,0,0,1.2,1026.7448,1000,1000
30,38,38,"user_added",1,5,5,0.3,"two_stage",30,30,6,30,"CRM","additive_shared","additive_shared","previous_dose",0.15,0.85,"previous_dose_additive",0.5,0.5,0.15,0.85,0.15,0.85,3,1,"highest_utility","continuous",0.0179,28,2,"any_admissible_dose",0.3,0.3,0.2,0.85,3,1,0,2,0.1,0.08,0.1005,0.148,44.8604,0.1448,NA,NA,0.5,11.3,5.172,4.858,3.165,29.796,18.669,0,0,1.2,1026.7448,1000,1000
30,38,38,"user_added",1,5,5,0.3,"two_stage",30,30,6,30,"CRM","additive_shared","additive_shared","previous_dose",0.15,0.85,"previous_dose_additive",0.5,0.5,0.15,0.85,0.15,0.85,3,1,"highest_utility","continuous",0.0179,28,2,"any_admissible_dose",0.3,0.3,0.2,0.85,3,1,0,3,0.12,0.12,0.1705,0.1707,43.4206,0.1448,NA,NA,4.3,10.1,4.527,4.337,1.516,29.796,18.669,0,0,1.2,1026.7448,1000,1000
30,38,38,"user_added",1,5,5,0.3,"two_stage",30,30,6,30,"CRM","additive_shared","additive_shared","previous_dose",0.15,0.85,"previous_dose_additive",0.5,0.5,0.15,0.85,0.15,0.85,3,1,"highest_utility","continuous",0.0179,28,2,"any_admissible_dose",0.3,0.3,0.2,0.85,3,1,0,4,0.15,0.15,0.2101,0.2119,44.3091,0.1448,NA,NA,20.6,10.6,5.043,4.735,2.449,29.796,18.669,0,0,1.2,1026.7448,1000,1000
30,38,38,"user_added",1,5,5,0.3,"two_stage",30,30,6,30,"CRM","additive_shared","additive_shared","previous_dose",0.15,0.85,"previous_dose_additive",0.5,0.5,0.15,0.85,0.15,0.85,3,1,"highest_utility","continuous",0.0179,28,2,"any_admissible_dose",0.3,0.3,0.2,0.85,3,1,0,5,0.3,0.5,0.2981,0.4707,56.3193,0.1448,NA,NA,73.6,55.5,9.387,8.077,2.859,29.796,18.669,0,0,1.2,1026.7448,1000,1000
31,1,1,"base_example",1,1,1,0.3,"one_stage",30,30,30,30,"CRM","additive_shared","additive_shared","previous_dose",0.15,0.85,"previous_dose_additive",0.5,0.5,0.15,0.85,0.15,0.85,3,1,"highest_utility","continuous",0.0179,28,2,"any_admissible_dose",0.3,0.3,0.2,0.85,3,1,0,1,0.3,0.05,0.3581,0.0779,30.3477,0.1593,NA,NA,66.9,9.2,11.853,8.963,3.385,17.391,11.24,11.7,11.8,82.8,613.697,1000,1000
31,1,1,"base_example",1,1,1,0.3,"one_stage",30,30,30,30,"CRM","additive_shared","additive_shared","previous_dose",0.15,0.85,"previous_dose_additive",0.5,0.5,0.15,0.85,0.15,0.85,3,1,"highest_utility","continuous",0.0179,28,2,"any_admissible_dose",0.3,0.3,0.2,0.85,3,1,0,2,0.35,0.06,0.4123,0.2891,40.8558,0.1593,NA,NA,15.2,5.7,3.774,3.436,1.99,17.391,11.24,11.7,11.8,82.8,613.697,1000,1000
31,1,1,"base_example",1,1,1,0.3,"one_stage",30,30,30,30,"CRM","additive_shared","additive_shared","previous_dose",0.15,0.85,"previous_dose_additive",0.5,0.5,0.15,0.85,0.15,0.85,3,1,"highest_utility","continuous",0.0179,28,2,"any_admissible_dose",0.3,0.3,0.2,0.85,3,1,0,3,0.4,0.07,0.5072,0.3915,43.206,0.1593,NA,NA,5,1.7,1.242,1.207,0.494,17.391,11.24,11.7,11.8,82.8,613.697,1000,1000
31,1,1,"base_example",1,1,1,0.3,"one_stage",30,30,30,30,"CRM","additive_shared","additive_shared","previous_dose",0.15,0.85,"previous_dose_additive",0.5,0.5,0.15,0.85,0.15,0.85,3,1,"highest_utility","continuous",0.0179,28,2,"any_admissible_dose",0.3,0.3,0.2,0.85,3,1,0,4,0.45,0.08,0.5502,0.4615,45.6828,0.1593,NA,NA,0.9,0.5,0.429,0.419,0.242,17.391,11.24,11.7,11.8,82.8,613.697,1000,1000
31,1,1,"base_example",1,1,1,0.3,"one_stage",30,30,30,30,"CRM","additive_shared","additive_shared","previous_dose",0.15,0.85,"previous_dose_additive",0.5,0.5,0.15,0.85,0.15,0.85,3,1,"highest_utility","continuous",0.0179,28,2,"any_admissible_dose",0.3,0.3,0.2,0.85,3,1,0,5,0.5,0.09,0.6304,0.4916,44.2794,0.1593,NA,NA,0.3,0.1,0.093,0.091,0.04,17.391,11.24,11.7,11.8,82.8,613.697,1000,1000
32,16,1,"five_scenarios_txt",1,5,1,0.3,"one_stage",30,30,30,30,"CRM","additive_shared","additive_shared","previous_dose",0.15,0.85,"previous_dose_additive",0.5,0.5,0.15,0.85,0.15,0.85,3,1,"highest_utility","continuous",0.0179,28,2,"any_admissible_dose",0.3,0.3,0.2,0.85,3,1,0,1,0.02,0.2,0.0441,0.207,50.6547,0.1473,NA,NA,0,29,7.866,6.864,1.933,30,18.159,0,0,0,996.814,1000,1000
32,16,1,"five_scenarios_txt",1,5,1,0.3,"one_stage",30,30,30,30,"CRM","additive_shared","additive_shared","previous_dose",0.15,0.85,"previous_dose_additive",0.5,0.5,0.15,0.85,0.15,0.85,3,1,"highest_utility","continuous",0.0179,28,2,"any_admissible_dose",0.3,0.3,0.2,0.85,3,1,0,2,0.06,0.2,0.0669,0.2112,49.9948,0.1473,NA,NA,0.2,26.3,7.155,6.458,3.736,30,18.159,0,0,0,996.814,1000,1000
32,16,1,"five_scenarios_txt",1,5,1,0.3,"one_stage",30,30,30,30,"CRM","additive_shared","additive_shared","previous_dose",0.15,0.85,"previous_dose_additive",0.5,0.5,0.15,0.85,0.15,0.85,3,1,"highest_utility","continuous",0.0179,28,2,"any_admissible_dose",0.3,0.3,0.2,0.85,3,1,0,3,0.09,0.2,0.1232,0.2209,48.326,0.1473,NA,NA,1.2,18,5.529,5.139,2.063,30,18.159,0,0,0,996.814,1000,1000
32,16,1,"five_scenarios_txt",1,5,1,0.3,"one_stage",30,30,30,30,"CRM","additive_shared","additive_shared","previous_dose",0.15,0.85,"previous_dose_additive",0.5,0.5,0.15,0.85,0.15,0.85,3,1,"highest_utility","continuous",0.0179,28,2,"any_admissible_dose",0.3,0.3,0.2,0.85,3,1,0,4,0.14,0.2,0.1569,0.2304,47.5489,0.1473,NA,NA,12.5,17.3,5.427,4.991,2.523,30,18.159,0,0,0,996.814,1000,1000
32,16,1,"five_scenarios_txt",1,5,1,0.3,"one_stage",30,30,30,30,"CRM","additive_shared","additive_shared","previous_dose",0.15,0.85,"previous_dose_additive",0.5,0.5,0.15,0.85,0.15,0.85,3,1,"highest_utility","continuous",0.0179,28,2,"any_admissible_dose",0.3,0.3,0.2,0.85,3,1,0,5,0.26,0.2,0.2356,0.2688,46.7043,0.1473,NA,NA,86.1,9.4,4.023,3.796,1.586,30,18.159,0,0,0,996.814,1000,1000
33,20,5,"five_scenarios_txt",1,3,2,0.3,"one_stage",30,30,30,30,"CRM","additive_shared","additive_shared","previous_dose",0.15,0.85,"previous_dose_additive",0.5,0.5,0.15,0.85,0.15,0.85,3,1,"highest_utility","continuous",0.0179,28,2,"any_admissible_dose",0.3,0.3,0.2,0.85,3,1,0,1,0.07,0.05,0.1453,0.1174,41.2314,0.1523,NA,NA,3,9.7,6.594,5.787,1.353,29.373,18.55,0.1,0.1,4.2,1019.6957,1000,1000
33,20,5,"five_scenarios_txt",1,3,2,0.3,"one_stage",30,30,30,30,"CRM","additive_shared","additive_shared","previous_dose",0.15,0.85,"previous_dose_additive",0.5,0.5,0.15,0.85,0.15,0.85,3,1,"highest_utility","continuous",0.0179,28,2,"any_admissible_dose",0.3,0.3,0.2,0.85,3,1,0,2,0.14,0.25,0.1905,0.2442,47.0327,0.1523,NA,NA,10.6,52.5,11.313,9.58,5.11,29.373,18.55,0.1,0.1,4.2,1019.6957,1000,1000
33,20,5,"five_scenarios_txt",1,3,2,0.3,"one_stage",30,30,30,30,"CRM","additive_shared","additive_shared","previous_dose",0.15,0.85,"previous_dose_additive",0.5,0.5,0.15,0.85,0.15,0.85,3,1,"highest_utility","continuous",0.0179,28,2,"any_admissible_dose",0.3,0.3,0.2,0.85,3,1,0,3,0.31,0.25,0.2825,0.2555,44.0313,0.1523,NA,NA,43.6,24,6.621,5.982,2.284,29.373,18.55,0.1,0.1,4.2,1019.6957,1000,1000
33,20,5,"five_scenarios_txt",1,3,2,0.3,"one_stage",30,30,30,30,"CRM","additive_shared","additive_shared","previous_dose",0.15,0.85,"previous_dose_additive",0.5,0.5,0.15,0.85,0.15,0.85,3,1,"highest_utility","continuous",0.0179,28,2,"any_admissible_dose",0.3,0.3,0.2,0.85,3,1,0,4,0.41,0.25,0.3295,0.3382,47.1159,0.1523,NA,NA,33.7,8.4,3.813,3.549,1.663,29.373,18.55,0.1,0.1,4.2,1019.6957,1000,1000
33,20,5,"five_scenarios_txt",1,3,2,0.3,"one_stage",30,30,30,30,"CRM","additive_shared","additive_shared","previous_dose",0.15,0.85,"previous_dose_additive",0.5,0.5,0.15,0.85,0.15,0.85,3,1,"highest_utility","continuous",0.0179,28,2,"any_admissible_dose",0.3,0.3,0.2,0.85,3,1,0,5,0.52,0.25,0.4253,0.4433,49.5829,0.1523,NA,NA,9,1.2,1.032,0.993,0.413,29.373,18.55,0.1,0.1,4.2,1019.6957,1000,1000
34,24,4,"five_scenarios_txt",1,5,4,0.3,"one_stage",30,30,30,30,"CRM","additive_shared","additive_shared","previous_dose",0.15,0.85,"previous_dose_additive",0.5,0.5,0.15,0.85,0.15,0.85,3,1,"highest_utility","continuous",0.0179,28,2,"any_admissible_dose",0.3,0.3,0.2,0.85,3,1,0,1,0.01,0.05,0.0304,0.1473,47.6229,0.14,NA,NA,0,1,3.465,3.362,0.197,30,19.544,0,0,0,1079.1219,1000,1000
34,24,4,"five_scenarios_txt",1,5,4,0.3,"one_stage",30,30,30,30,"CRM","additive_shared","additive_shared","previous_dose",0.15,0.85,"previous_dose_additive",0.5,0.5,0.15,0.85,0.15,0.85,3,1,"highest_utility","continuous",0.0179,28,2,"any_admissible_dose",0.3,0.3,0.2,0.85,3,1,0,2,0.02,0.08,0.0482,0.1673,48.1087,0.14,NA,NA,0,1.6,3.435,3.387,2.523,30,19.544,0,0,0,1079.1219,1000,1000
34,24,4,"five_scenarios_txt",1,5,4,0.3,"one_stage",30,30,30,30,"CRM","additive_shared","additive_shared","previous_dose",0.15,0.85,"previous_dose_additive",0.5,0.5,0.15,0.85,0.15,0.85,3,1,"highest_utility","continuous",0.0179,28,2,"any_admissible_dose",0.3,0.3,0.2,0.85,3,1,0,3,0.05,0.2,0.095,0.2339,50.2356,0.14,NA,NA,0,3.1,4.26,4.008,1.376,30,19.544,0,0,0,1079.1219,1000,1000
34,24,4,"five_scenarios_txt",1,5,4,0.3,"one_stage",30,30,30,30,"CRM","additive_shared","additive_shared","previous_dose",0.15,0.85,"previous_dose_additive",0.5,0.5,0.15,0.85,0.15,0.85,3,1,"highest_utility","continuous",0.0179,28,2,"any_admissible_dose",0.3,0.3,0.2,0.85,3,1,0,4,0.1,0.5,0.1243,0.4551,62.3333,0.14,NA,NA,39.3,61.2,12.84,10.455,4.529,30,19.544,0,0,0,1079.1219,1000,1000
34,24,4,"five_scenarios_txt",1,5,4,0.3,"one_stage",30,30,30,30,"CRM","additive_shared","additive_shared","previous_dose",0.15,0.85,"previous_dose_additive",0.5,0.5,0.15,0.85,0.15,0.85,3,1,"highest_utility","continuous",0.0179,28,2,"any_admissible_dose",0.3,0.3,0.2,0.85,3,1,0,5,0.25,0.5,0.1957,0.4793,60.9297,0.14,NA,NA,60.7,33.1,6,5.102,1.831,30,19.544,0,0,0,1079.1219,1000,1000
35,27,2,"higher_gap_above_MTD",1,3,3,0.3,"one_stage",30,30,30,30,"CRM","additive_shared","additive_shared","previous_dose",0.15,0.85,"previous_dose_additive",0.5,0.5,0.15,0.85,0.15,0.85,3,1,"highest_utility","continuous",0.0179,28,2,"any_admissible_dose",0.3,0.3,0.2,0.85,3,1,0,1,0.11,0.1,0.1697,0.1414,41.6965,0.1489,NA,NA,6.2,15.8,8.253,6.861,1.901,28.98,19.031,0.2,0.2,6.9,1046.084,1000,1000
35,27,2,"higher_gap_above_MTD",1,3,3,0.3,"one_stage",30,30,30,30,"CRM","additive_shared","additive_shared","previous_dose",0.15,0.85,"previous_dose_additive",0.5,0.5,0.15,0.85,0.15,0.85,3,1,"highest_utility","continuous",0.0179,28,2,"any_admissible_dose",0.3,0.3,0.2,0.85,3,1,0,2,0.17,0.2,0.2181,0.2156,44.2125,0.1489,NA,NA,17.6,25.3,7.893,6.992,3.685,28.98,19.031,0.2,0.2,6.9,1046.084,1000,1000
35,27,2,"higher_gap_above_MTD",1,3,3,0.3,"one_stage",30,30,30,30,"CRM","additive_shared","additive_shared","previous_dose",0.15,0.85,"previous_dose_additive",0.5,0.5,0.15,0.85,0.15,0.85,3,1,"highest_utility","continuous",0.0179,28,2,"any_admissible_dose",0.3,0.3,0.2,0.85,3,1,0,3,0.3,0.4,0.3138,0.3797,50.231,0.1489,NA,NA,55.5,43,9.432,8.144,3.041,28.98,19.031,0.2,0.2,6.9,1046.084,1000,1000
35,27,2,"higher_gap_above_MTD",1,3,3,0.3,"one_stage",30,30,30,30,"CRM","additive_shared","additive_shared","previous_dose",0.15,0.85,"previous_dose_additive",0.5,0.5,0.15,0.85,0.15,0.85,3,1,"highest_utility","continuous",0.0179,28,2,"any_admissible_dose",0.3,0.3,0.2,0.85,3,1,0,4,0.5,0.42,0.3616,0.4578,53.007,0.1489,NA,NA,18.5,8.3,2.973,2.795,1.171,28.98,19.031,0.2,0.2,6.9,1046.084,1000,1000
35,27,2,"higher_gap_above_MTD",1,3,3,0.3,"one_stage",30,30,30,30,"CRM","additive_shared","additive_shared","previous_dose",0.15,0.85,"previous_dose_additive",0.5,0.5,0.15,0.85,0.15,0.85,3,1,"highest_utility","continuous",0.0179,28,2,"any_admissible_dose",0.3,0.3,0.2,0.85,3,1,0,5,0.62,0.45,0.4574,0.4932,51.2986,0.1489,NA,NA,2,0.7,0.429,0.406,0.151,28.98,19.031,0.2,0.2,6.9,1046.084,1000,1000
36,38,38,"user_added",1,5,5,0.3,"one_stage",30,30,30,30,"CRM","additive_shared","additive_shared","previous_dose",0.15,0.85,"previous_dose_additive",0.5,0.5,0.15,0.85,0.15,0.85,3,1,"highest_utility","continuous",0.0179,28,2,"any_admissible_dose",0.3,0.3,0.2,0.85,3,1,0,1,0.05,0.05,0.0703,0.1212,44.456,0.1409,NA,NA,1,10,5.841,5.243,1.169,29.778,18.586,0,0,1.6,1022.8703,1000,1000
36,38,38,"user_added",1,5,5,0.3,"one_stage",30,30,30,30,"CRM","additive_shared","additive_shared","previous_dose",0.15,0.85,"previous_dose_additive",0.5,0.5,0.15,0.85,0.15,0.85,3,1,"highest_utility","continuous",0.0179,28,2,"any_admissible_dose",0.3,0.3,0.2,0.85,3,1,0,2,0.1,0.08,0.1006,0.1449,44.6712,0.1409,NA,NA,0.7,12.3,5.262,4.919,3.202,29.778,18.586,0,0,1.6,1022.8703,1000,1000
36,38,38,"user_added",1,5,5,0.3,"one_stage",30,30,30,30,"CRM","additive_shared","additive_shared","previous_dose",0.15,0.85,"previous_dose_additive",0.5,0.5,0.15,0.85,0.15,0.85,3,1,"highest_utility","continuous",0.0179,28,2,"any_admissible_dose",0.3,0.3,0.2,0.85,3,1,0,3,0.12,0.12,0.1706,0.1719,43.4901,0.1409,NA,NA,4.7,9.8,4.596,4.375,1.562,29.778,18.586,0,0,1.6,1022.8703,1000,1000
36,38,38,"user_added",1,5,5,0.3,"one_stage",30,30,30,30,"CRM","additive_shared","additive_shared","previous_dose",0.15,0.85,"previous_dose_additive",0.5,0.5,0.15,0.85,0.15,0.85,3,1,"highest_utility","continuous",0.0179,28,2,"any_admissible_dose",0.3,0.3,0.2,0.85,3,1,0,4,0.15,0.15,0.2102,0.2046,43.8683,0.1409,NA,NA,20.6,10.7,4.947,4.595,2.442,29.778,18.586,0,0,1.6,1022.8703,1000,1000
36,38,38,"user_added",1,5,5,0.3,"one_stage",30,30,30,30,"CRM","additive_shared","additive_shared","previous_dose",0.15,0.85,"previous_dose_additive",0.5,0.5,0.15,0.85,0.15,0.85,3,1,"highest_utility","continuous",0.0179,28,2,"any_admissible_dose",0.3,0.3,0.2,0.85,3,1,0,5,0.3,0.5,0.2982,0.4748,56.56,0.1409,NA,NA,73,55.6,9.132,7.85,2.817,29.778,18.586,0,0,1.6,1022.8703,1000,1000
37,1,1,"base_example",1,1,1,0.3,"two_stage",30,30,6,30,"CRM","additive_shared","additive_shared","previous_dose",0.15,0.85,"previous_dose_additive",0.5,0.5,0.15,0.85,0.15,0.85,3,1,"top2_randomized","continuous",0.0179,28,2,"any_admissible_dose",0.6,0.6,0.2,0.85,3,1,0,1,0.3,0.05,0.3844,0.0825,29.5731,0.1867,NA,NA,72.3,10,11.787,8.793,3.415,16.524,10.783,15.3,16.2,86.4,587.9756,1000,1000
37,1,1,"base_example",1,1,1,0.3,"two_stage",30,30,6,30,"CRM","additive_shared","additive_shared","previous_dose",0.15,0.85,"previous_dose_additive",0.5,0.5,0.15,0.85,0.15,0.85,3,1,"top2_randomized","continuous",0.0179,28,2,"any_admissible_dose",0.6,0.6,0.2,0.85,3,1,0,2,0.35,0.06,0.4388,0.3156,41.384,0.1867,NA,NA,9.3,3.3,3.402,3.102,1.784,16.524,10.783,15.3,16.2,86.4,587.9756,1000,1000
37,1,1,"base_example",1,1,1,0.3,"two_stage",30,30,6,30,"CRM","additive_shared","additive_shared","previous_dose",0.15,0.85,"previous_dose_additive",0.5,0.5,0.15,0.85,0.15,0.85,3,1,"top2_randomized","continuous",0.0179,28,2,"any_admissible_dose",0.6,0.6,0.2,0.85,3,1,0,3,0.4,0.07,0.5325,0.421,43.958,0.1867,NA,NA,2.6,0.3,0.989,0.964,0.364,16.524,10.783,15.3,16.2,86.4,587.9756,1000,1000
37,1,1,"base_example",1,1,1,0.3,"two_stage",30,30,6,30,"CRM","additive_shared","additive_shared","previous_dose",0.15,0.85,"previous_dose_additive",0.5,0.5,0.15,0.85,0.15,0.85,3,1,"top2_randomized","continuous",0.0179,28,2,"any_admissible_dose",0.6,0.6,0.2,0.85,3,1,0,4,0.45,0.08,0.5746,0.4758,45.568,0.1867,NA,NA,0.5,0,0.295,0.29,0.16,16.524,10.783,15.3,16.2,86.4,587.9756,1000,1000
37,1,1,"base_example",1,1,1,0.3,"two_stage",30,30,6,30,"CRM","additive_shared","additive_shared","previous_dose",0.15,0.85,"previous_dose_additive",0.5,0.5,0.15,0.85,0.15,0.85,3,1,"top2_randomized","continuous",0.0179,28,2,"any_admissible_dose",0.6,0.6,0.2,0.85,3,1,0,5,0.5,0.09,0.6522,0.4947,43.5928,0.1867,NA,NA,0,0,0.051,0.051,0.018,16.524,10.783,15.3,16.2,86.4,587.9756,1000,1000
38,16,1,"five_scenarios_txt",1,5,1,0.3,"two_stage",30,30,6,30,"CRM","additive_shared","additive_shared","previous_dose",0.15,0.85,"previous_dose_additive",0.5,0.5,0.15,0.85,0.15,0.85,3,1,"top2_randomized","continuous",0.0179,28,2,"any_admissible_dose",0.6,0.6,0.2,0.85,3,1,0,1,0.02,0.2,0.0499,0.2296,51.7782,0.1645,NA,NA,0,32.9,7.365,6.723,1.809,30,18.188,0,0,0,998.7286,1000,1000
38,16,1,"five_scenarios_txt",1,5,1,0.3,"two_stage",30,30,6,30,"CRM","additive_shared","additive_shared","previous_dose",0.15,0.85,"previous_dose_additive",0.5,0.5,0.15,0.85,0.15,0.85,3,1,"top2_randomized","continuous",0.0179,28,2,"any_admissible_dose",0.6,0.6,0.2,0.85,3,1,0,2,0.06,0.2,0.0745,0.2419,51.535,0.1645,NA,NA,0.1,28.5,7.21,6.675,3.836,30,18.188,0,0,0,998.7286,1000,1000
38,16,1,"five_scenarios_txt",1,5,1,0.3,"two_stage",30,30,6,30,"CRM","additive_shared","additive_shared","previous_dose",0.15,0.85,"previous_dose_additive",0.5,0.5,0.15,0.85,0.15,0.85,3,1,"top2_randomized","continuous",0.0179,28,2,"any_admissible_dose",0.6,0.6,0.2,0.85,3,1,0,3,0.09,0.2,0.1344,0.2288,48.3536,0.1645,NA,NA,1.5,16.9,5.643,5.339,1.941,30,18.188,0,0,0,998.7286,1000,1000
38,16,1,"five_scenarios_txt",1,5,1,0.3,"two_stage",30,30,6,30,"CRM","additive_shared","additive_shared","previous_dose",0.15,0.85,"previous_dose_additive",0.5,0.5,0.15,0.85,0.15,0.85,3,1,"top2_randomized","continuous",0.0179,28,2,"any_admissible_dose",0.6,0.6,0.2,0.85,3,1,0,4,0.14,0.2,0.1697,0.2446,47.8886,0.1645,NA,NA,10.6,13,5.613,5.317,2.672,30,18.188,0,0,0,998.7286,1000,1000
38,16,1,"five_scenarios_txt",1,5,1,0.3,"two_stage",30,30,6,30,"CRM","additive_shared","additive_shared","previous_dose",0.15,0.85,"previous_dose_additive",0.5,0.5,0.15,0.85,0.15,0.85,3,1,"top2_randomized","continuous",0.0179,28,2,"any_admissible_dose",0.6,0.6,0.2,0.85,3,1,0,5,0.26,0.2,0.2512,0.2677,46.015,0.1645,NA,NA,87.8,8.7,4.169,3.984,1.554,30,18.188,0,0,0,998.7286,1000,1000
39,20,5,"five_scenarios_txt",1,3,2,0.3,"two_stage",30,30,6,30,"CRM","additive_shared","additive_shared","previous_dose",0.15,0.85,"previous_dose_additive",0.5,0.5,0.15,0.85,0.15,0.85,3,1,"top2_randomized","continuous",0.0179,28,2,"any_admissible_dose",0.6,0.6,0.2,0.85,3,1,0,1,0.07,0.05,0.1548,0.1175,40.8569,0.1801,NA,NA,3,7.7,7.493,6.562,1.767,29.499,18.644,0.1,0.1,3.6,1024.151,1000,1000
39,20,5,"five_scenarios_txt",1,3,2,0.3,"two_stage",30,30,6,30,"CRM","additive_shared","additive_shared","previous_dose",0.15,0.85,"previous_dose_additive",0.5,0.5,0.15,0.85,0.15,0.85,3,1,"top2_randomized","continuous",0.0179,28,2,"any_admissible_dose",0.6,0.6,0.2,0.85,3,1,0,2,0.14,0.25,0.2017,0.2795,48.7022,0.1801,NA,NA,11.8,55.5,10.066,9.018,4.84,29.499,18.644,0.1,0.1,3.6,1024.151,1000,1000
39,20,5,"five_scenarios_txt",1,3,2,0.3,"two_stage",30,30,6,30,"CRM","additive_shared","additive_shared","previous_dose",0.15,0.85,"previous_dose_additive",0.5,0.5,0.15,0.85,0.15,0.85,3,1,"top2_randomized","continuous",0.0179,28,2,"any_admissible_dose",0.6,0.6,0.2,0.85,3,1,0,3,0.31,0.25,0.296,0.277,44.7775,0.1801,NA,NA,49.6,24.5,7.231,6.781,2.325,29.499,18.644,0.1,0.1,3.6,1024.151,1000,1000
39,20,5,"five_scenarios_txt",1,3,2,0.3,"two_stage",30,30,6,30,"CRM","additive_shared","additive_shared","previous_dose",0.15,0.85,"previous_dose_additive",0.5,0.5,0.15,0.85,0.15,0.85,3,1,"top2_randomized","continuous",0.0179,28,2,"any_admissible_dose",0.6,0.6,0.2,0.85,3,1,0,4,0.41,0.25,0.3436,0.3574,47.7002,0.1801,NA,NA,29.3,7.4,3.659,3.54,1.553,29.499,18.644,0.1,0.1,3.6,1024.151,1000,1000
39,20,5,"five_scenarios_txt",1,3,2,0.3,"two_stage",30,30,6,30,"CRM","additive_shared","additive_shared","previous_dose",0.15,0.85,"previous_dose_additive",0.5,0.5,0.15,0.85,0.15,0.85,3,1,"top2_randomized","continuous",0.0179,28,2,"any_admissible_dose",0.6,0.6,0.2,0.85,3,1,0,5,0.52,0.25,0.4399,0.443,48.984,0.1801,NA,NA,6.2,1.3,1.05,1.018,0.37,29.499,18.644,0.1,0.1,3.6,1024.151,1000,1000
40,24,4,"five_scenarios_txt",1,5,4,0.3,"two_stage",30,30,6,30,"CRM","additive_shared","additive_shared","previous_dose",0.15,0.85,"previous_dose_additive",0.5,0.5,0.15,0.85,0.15,0.85,3,1,"top2_randomized","continuous",0.0179,28,2,"any_admissible_dose",0.6,0.6,0.2,0.85,3,1,0,1,0.01,0.05,0.0343,0.1414,47.1112,0.1572,NA,NA,0,0.6,3.798,3.674,0.33,30,19.457,0,0,0,1070.9193,1000,1000
40,24,4,"five_scenarios_txt",1,5,4,0.3,"two_stage",30,30,6,30,"CRM","additive_shared","additive_shared","previous_dose",0.15,0.85,"previous_dose_additive",0.5,0.5,0.15,0.85,0.15,0.85,3,1,"top2_randomized","continuous",0.0179,28,2,"any_admissible_dose",0.6,0.6,0.2,0.85,3,1,0,2,0.02,0.08,0.0538,0.1633,47.6473,0.1572,NA,NA,0,0.9,3.954,3.874,2.709,30,19.457,0,0,0,1070.9193,1000,1000
40,24,4,"five_scenarios_txt",1,5,4,0.3,"two_stage",30,30,6,30,"CRM","additive_shared","additive_shared","previous_dose",0.15,0.85,"previous_dose_additive",0.5,0.5,0.15,0.85,0.15,0.85,3,1,"top2_randomized","continuous",0.0179,28,2,"any_admissible_dose",0.6,0.6,0.2,0.85,3,1,0,3,0.05,0.2,0.1041,0.2322,49.7672,0.1572,NA,NA,0,4.1,4.713,4.499,1.495,30,19.457,0,0,0,1070.9193,1000,1000
40,24,4,"five_scenarios_txt",1,5,4,0.3,"two_stage",30,30,6,30,"CRM","additive_shared","additive_shared","previous_dose",0.15,0.85,"previous_dose_additive",0.5,0.5,0.15,0.85,0.15,0.85,3,1,"top2_randomized","continuous",0.0179,28,2,"any_admissible_dose",0.6,0.6,0.2,0.85,3,1,0,4,0.1,0.5,0.1353,0.5111,65.2528,0.1572,NA,NA,2.4,55.1,9.332,8.606,3.672,30,19.457,0,0,0,1070.9193,1000,1000
40,24,4,"five_scenarios_txt",1,5,4,0.3,"two_stage",30,30,6,30,"CRM","additive_shared","additive_shared","previous_dose",0.15,0.85,"previous_dose_additive",0.5,0.5,0.15,0.85,0.15,0.85,3,1,"top2_randomized","continuous",0.0179,28,2,"any_admissible_dose",0.6,0.6,0.2,0.85,3,1,0,5,0.25,0.5,0.2101,0.5028,61.7633,0.1572,NA,NA,97.6,39.3,8.203,7.496,2.337,30,19.457,0,0,0,1070.9193,1000,1000
41,27,2,"higher_gap_above_MTD",1,3,3,0.3,"two_stage",30,30,6,30,"CRM","additive_shared","additive_shared","previous_dose",0.15,0.85,"previous_dose_additive",0.5,0.5,0.15,0.85,0.15,0.85,3,1,"top2_randomized","continuous",0.0179,28,2,"any_admissible_dose",0.6,0.6,0.2,0.85,3,1,0,1,0.11,0.1,0.1802,0.148,41.6745,0.1774,NA,NA,6.7,14.7,9.178,7.664,2.343,29.079,18.961,0.2,0.2,6.5,1044.4711,1000,1000
41,27,2,"higher_gap_above_MTD",1,3,3,0.3,"two_stage",30,30,6,30,"CRM","additive_shared","additive_shared","previous_dose",0.15,0.85,"previous_dose_additive",0.5,0.5,0.15,0.85,0.15,0.85,3,1,"top2_randomized","continuous",0.0179,28,2,"any_admissible_dose",0.6,0.6,0.2,0.85,3,1,0,2,0.17,0.2,0.23,0.2465,45.5887,0.1774,NA,NA,23.3,31.5,8.749,7.895,4.091,29.079,18.961,0.2,0.2,6.5,1044.4711,1000,1000
41,27,2,"higher_gap_above_MTD",1,3,3,0.3,"two_stage",30,30,6,30,"CRM","additive_shared","additive_shared","previous_dose",0.15,0.85,"previous_dose_additive",0.5,0.5,0.15,0.85,0.15,0.85,3,1,"top2_randomized","continuous",0.0179,28,2,"any_admissible_dose",0.6,0.6,0.2,0.85,3,1,0,3,0.3,0.4,0.3274,0.4221,52.2327,0.1774,NA,NA,51.3,40.4,7.557,7.065,2.433,29.079,18.961,0.2,0.2,6.5,1044.4711,1000,1000
41,27,2,"higher_gap_above_MTD",1,3,3,0.3,"two_stage",30,30,6,30,"CRM","additive_shared","additive_shared","previous_dose",0.15,0.85,"previous_dose_additive",0.5,0.5,0.15,0.85,0.15,0.85,3,1,"top2_randomized","continuous",0.0179,28,2,"any_admissible_dose",0.6,0.6,0.2,0.85,3,1,0,4,0.5,0.42,0.3755,0.4724,53.3232,0.1774,NA,NA,17.8,6.5,2.983,2.896,1.072,29.079,18.961,0.2,0.2,6.5,1044.4711,1000,1000
41,27,2,"higher_gap_above_MTD",1,3,3,0.3,"two_stage",30,30,6,30,"CRM","additive_shared","additive_shared","previous_dose",0.15,0.85,"previous_dose_additive",0.5,0.5,0.15,0.85,0.15,0.85,3,1,"top2_randomized","continuous",0.0179,28,2,"any_admissible_dose",0.6,0.6,0.2,0.85,3,1,0,5,0.62,0.45,0.4713,0.4983,51.0468,0.1774,NA,NA,0.7,0.4,0.612,0.603,0.179,29.079,18.961,0.2,0.2,6.5,1044.4711,1000,1000
42,38,38,"user_added",1,5,5,0.3,"two_stage",30,30,6,30,"CRM","additive_shared","additive_shared","previous_dose",0.15,0.85,"previous_dose_additive",0.5,0.5,0.15,0.85,0.15,0.85,3,1,"top2_randomized","continuous",0.0179,28,2,"any_admissible_dose",0.6,0.6,0.2,0.85,3,1,0,1,0.05,0.05,0.0758,0.1184,44.0698,0.1578,NA,NA,0.7,12,6.68,5.971,1.53,29.841,18.164,0,0,1.2,999.7345,1000,1000
42,38,38,"user_added",1,5,5,0.3,"two_stage",30,30,6,30,"CRM","additive_shared","additive_shared","previous_dose",0.15,0.85,"previous_dose_additive",0.5,0.5,0.15,0.85,0.15,0.85,3,1,"top2_randomized","continuous",0.0179,28,2,"any_admissible_dose",0.6,0.6,0.2,0.85,3,1,0,2,0.1,0.08,0.1076,0.1401,44.0998,0.1578,NA,NA,1,13,6.371,5.948,3.652,29.841,18.164,0,0,1.2,999.7345,1000,1000
42,38,38,"user_added",1,5,5,0.3,"two_stage",30,30,6,30,"CRM","additive_shared","additive_shared","previous_dose",0.15,0.85,"previous_dose_additive",0.5,0.5,0.15,0.85,0.15,0.85,3,1,"top2_randomized","continuous",0.0179,28,2,"any_admissible_dose",0.6,0.6,0.2,0.85,3,1,0,3,0.12,0.12,0.1802,0.1715,43.0796,0.1578,NA,NA,6.3,11.5,5.18,4.898,1.761,29.841,18.164,0,0,1.2,999.7345,1000,1000
42,38,38,"user_added",1,5,5,0.3,"two_stage",30,30,6,30,"CRM","additive_shared","additive_shared","previous_dose",0.15,0.85,"previous_dose_additive",0.5,0.5,0.15,0.85,0.15,0.85,3,1,"top2_randomized","continuous",0.0179,28,2,"any_admissible_dose",0.6,0.6,0.2,0.85,3,1,0,4,0.15,0.15,0.2208,0.2148,44.0595,0.1578,NA,NA,23.9,10.6,5.161,4.856,2.424,29.841,18.164,0,0,1.2,999.7345,1000,1000
42,38,38,"user_added",1,5,5,0.3,"two_stage",30,30,6,30,"CRM","additive_shared","additive_shared","previous_dose",0.15,0.85,"previous_dose_additive",0.5,0.5,0.15,0.85,0.15,0.85,3,1,"top2_randomized","continuous",0.0179,28,2,"any_admissible_dose",0.6,0.6,0.2,0.85,3,1,0,5,0.3,0.5,0.3102,0.4935,57.2051,0.1578,NA,NA,68.1,51.7,6.449,5.953,2.31,29.841,18.164,0,0,1.2,999.7345,1000,1000
43,1,1,"base_example",1,1,1,0.3,"two_stage",30,30,6,30,"CRM","additive_shared","additive_shared","previous_dose",0.15,0.85,"previous_dose_additive",0.5,0.5,0.15,0.85,0.15,0.85,3,1,"highest_utility","continuous",0.0179,28,2,"any_admissible_dose",0.6,0.6,0.2,0.85,3,1,0,1,0.3,0.05,0.3843,0.081,29.49,0.1938,NA,NA,70.4,9.9,11.907,8.897,3.459,16.545,10.748,15.6,16.4,85.4,584.7902,1000,1000
43,1,1,"base_example",1,1,1,0.3,"two_stage",30,30,6,30,"CRM","additive_shared","additive_shared","previous_dose",0.15,0.85,"previous_dose_additive",0.5,0.5,0.15,0.85,0.15,0.85,3,1,"highest_utility","continuous",0.0179,28,2,"any_admissible_dose",0.6,0.6,0.2,0.85,3,1,0,2,0.35,0.06,0.4385,0.3122,41.1899,0.1938,NA,NA,10.8,3.7,3.192,2.951,1.736,16.545,10.748,15.6,16.4,85.4,584.7902,1000,1000
43,1,1,"base_example",1,1,1,0.3,"two_stage",30,30,6,30,"CRM","additive_shared","additive_shared","previous_dose",0.15,0.85,"previous_dose_additive",0.5,0.5,0.15,0.85,0.15,0.85,3,1,"highest_utility","continuous",0.0179,28,2,"any_admissible_dose",0.6,0.6,0.2,0.85,3,1,0,3,0.4,0.07,0.5322,0.4161,43.6819,0.1938,NA,NA,3,1,1.095,1.065,0.415,16.545,10.748,15.6,16.4,85.4,584.7902,1000,1000
43,1,1,"base_example",1,1,1,0.3,"two_stage",30,30,6,30,"CRM","additive_shared","additive_shared","previous_dose",0.15,0.85,"previous_dose_additive",0.5,0.5,0.15,0.85,0.15,0.85,3,1,"highest_utility","continuous",0.0179,28,2,"any_admissible_dose",0.6,0.6,0.2,0.85,3,1,0,4,0.45,0.08,0.5742,0.4778,45.6987,0.1938,NA,NA,0.2,0,0.294,0.29,0.164,16.545,10.748,15.6,16.4,85.4,584.7902,1000,1000
43,1,1,"base_example",1,1,1,0.3,"two_stage",30,30,6,30,"CRM","additive_shared","additive_shared","previous_dose",0.15,0.85,"previous_dose_additive",0.5,0.5,0.15,0.85,0.15,0.85,3,1,"highest_utility","continuous",0.0179,28,2,"any_admissible_dose",0.6,0.6,0.2,0.85,3,1,0,5,0.5,0.09,0.6518,0.4946,43.6053,0.1938,NA,NA,0,0,0.057,0.057,0.023,16.545,10.748,15.6,16.4,85.4,584.7902,1000,1000
44,16,1,"five_scenarios_txt",1,5,1,0.3,"two_stage",30,30,6,30,"CRM","additive_shared","additive_shared","previous_dose",0.15,0.85,"previous_dose_additive",0.5,0.5,0.15,0.85,0.15,0.85,3,1,"highest_utility","continuous",0.0179,28,2,"any_admissible_dose",0.6,0.6,0.2,0.85,3,1,0,1,0.02,0.2,0.0501,0.2184,51.0981,0.1664,NA,NA,0,28.5,7.329,6.451,1.806,30,18.19,0,0,0,998.6527,1000,1000
44,16,1,"five_scenarios_txt",1,5,1,0.3,"two_stage",30,30,6,30,"CRM","additive_shared","additive_shared","previous_dose",0.15,0.85,"previous_dose_additive",0.5,0.5,0.15,0.85,0.15,0.85,3,1,"highest_utility","continuous",0.0179,28,2,"any_admissible_dose",0.6,0.6,0.2,0.85,3,1,0,2,0.06,0.2,0.0749,0.2353,51.1224,0.1664,NA,NA,0.1,29.1,7.518,6.709,3.931,30,18.19,0,0,0,998.6527,1000,1000
44,16,1,"five_scenarios_txt",1,5,1,0.3,"two_stage",30,30,6,30,"CRM","additive_shared","additive_shared","previous_dose",0.15,0.85,"previous_dose_additive",0.5,0.5,0.15,0.85,0.15,0.85,3,1,"highest_utility","continuous",0.0179,28,2,"any_admissible_dose",0.6,0.6,0.2,0.85,3,1,0,3,0.09,0.2,0.1351,0.2326,48.5534,0.1664,NA,NA,1.1,16.8,5.622,5.224,1.957,30,18.19,0,0,0,998.6527,1000,1000
44,16,1,"five_scenarios_txt",1,5,1,0.3,"two_stage",30,30,6,30,"CRM","additive_shared","additive_shared","previous_dose",0.15,0.85,"previous_dose_additive",0.5,0.5,0.15,0.85,0.15,0.85,3,1,"highest_utility","continuous",0.0179,28,2,"any_admissible_dose",0.6,0.6,0.2,0.85,3,1,0,4,0.14,0.2,0.1705,0.2523,48.3219,0.1664,NA,NA,13.4,16,5.424,5.06,2.573,30,18.19,0,0,0,998.6527,1000,1000
44,16,1,"five_scenarios_txt",1,5,1,0.3,"two_stage",30,30,6,30,"CRM","additive_shared","additive_shared","previous_dose",0.15,0.85,"previous_dose_additive",0.5,0.5,0.15,0.85,0.15,0.85,3,1,"highest_utility","continuous",0.0179,28,2,"any_admissible_dose",0.6,0.6,0.2,0.85,3,1,0,5,0.26,0.2,0.252,0.2758,46.4656,0.1664,NA,NA,85.4,9.6,4.107,3.893,1.543,30,18.19,0,0,0,998.6527,1000,1000
45,20,5,"five_scenarios_txt",1,3,2,0.3,"two_stage",30,30,6,30,"CRM","additive_shared","additive_shared","previous_dose",0.15,0.85,"previous_dose_additive",0.5,0.5,0.15,0.85,0.15,0.85,3,1,"highest_utility","continuous",0.0179,28,2,"any_admissible_dose",0.6,0.6,0.2,0.85,3,1,0,1,0.07,0.05,0.1595,0.124,41.0609,0.1822,NA,NA,3.5,9.6,6.18,5.417,1.267,29.328,18.591,0.1,0.1,4,1020.0832,1000,1000
45,20,5,"five_scenarios_txt",1,3,2,0.3,"two_stage",30,30,6,30,"CRM","additive_shared","additive_shared","previous_dose",0.15,0.85,"previous_dose_additive",0.5,0.5,0.15,0.85,0.15,0.85,3,1,"highest_utility","continuous",0.0179,28,2,"any_admissible_dose",0.6,0.6,0.2,0.85,3,1,0,2,0.14,0.25,0.2068,0.2636,47.5416,0.1822,NA,NA,16,55.1,11.235,9.477,5.173,29.328,18.591,0.1,0.1,4,1020.0832,1000,1000
45,20,5,"five_scenarios_txt",1,3,2,0.3,"two_stage",30,30,6,30,"CRM","additive_shared","additive_shared","previous_dose",0.15,0.85,"previous_dose_additive",0.5,0.5,0.15,0.85,0.15,0.85,3,1,"highest_utility","continuous",0.0179,28,2,"any_admissible_dose",0.6,0.6,0.2,0.85,3,1,0,3,0.31,0.25,0.3014,0.2784,44.6497,0.1822,NA,NA,48.1,23.5,7.077,6.49,2.256,29.328,18.591,0.1,0.1,4,1020.0832,1000,1000
45,20,5,"five_scenarios_txt",1,3,2,0.3,"two_stage",30,30,6,30,"CRM","additive_shared","additive_shared","previous_dose",0.15,0.85,"previous_dose_additive",0.5,0.5,0.15,0.85,0.15,0.85,3,1,"highest_utility","continuous",0.0179,28,2,"any_admissible_dose",0.6,0.6,0.2,0.85,3,1,0,4,0.41,0.25,0.3489,0.3646,47.9212,0.1822,NA,NA,26.8,6.9,3.828,3.632,1.659,29.328,18.591,0.1,0.1,4,1020.0832,1000,1000
45,20,5,"five_scenarios_txt",1,3,2,0.3,"two_stage",30,30,6,30,"CRM","additive_shared","additive_shared","previous_dose",0.15,0.85,"previous_dose_additive",0.5,0.5,0.15,0.85,0.15,0.85,3,1,"highest_utility","continuous",0.0179,28,2,"any_admissible_dose",0.6,0.6,0.2,0.85,3,1,0,5,0.52,0.25,0.4449,0.4512,49.2725,0.1822,NA,NA,5.5,0.9,1.008,0.982,0.382,29.328,18.591,0.1,0.1,4,1020.0832,1000,1000
46,24,4,"five_scenarios_txt",1,5,4,0.3,"two_stage",30,30,6,30,"CRM","additive_shared","additive_shared","previous_dose",0.15,0.85,"previous_dose_additive",0.5,0.5,0.15,0.85,0.15,0.85,3,1,"highest_utility","continuous",0.0179,28,2,"any_admissible_dose",0.6,0.6,0.2,0.85,3,1,0,1,0.01,0.05,0.0355,0.1472,47.4139,0.1555,NA,NA,0,1,3.45,3.346,0.212,30,19.672,0,0,0,1087.0239,1000,1000
46,24,4,"five_scenarios_txt",1,5,4,0.3,"two_stage",30,30,6,30,"CRM","additive_shared","additive_shared","previous_dose",0.15,0.85,"previous_dose_additive",0.5,0.5,0.15,0.85,0.15,0.85,3,1,"highest_utility","continuous",0.0179,28,2,"any_admissible_dose",0.6,0.6,0.2,0.85,3,1,0,2,0.02,0.08,0.0553,0.1767,48.389,0.1555,NA,NA,0,0.7,3.315,3.289,2.477,30,19.672,0,0,0,1087.0239,1000,1000
46,24,4,"five_scenarios_txt",1,5,4,0.3,"two_stage",30,30,6,30,"CRM","additive_shared","additive_shared","previous_dose",0.15,0.85,"previous_dose_additive",0.5,0.5,0.15,0.85,0.15,0.85,3,1,"highest_utility","continuous",0.0179,28,2,"any_admissible_dose",0.6,0.6,0.2,0.85,3,1,0,3,0.05,0.2,0.1065,0.2457,50.4812,0.1555,NA,NA,0,4.6,4.038,3.894,1.279,30,19.672,0,0,0,1087.0239,1000,1000
46,24,4,"five_scenarios_txt",1,5,4,0.3,"two_stage",30,30,6,30,"CRM","additive_shared","additive_shared","previous_dose",0.15,0.85,"previous_dose_additive",0.5,0.5,0.15,0.85,0.15,0.85,3,1,"highest_utility","continuous",0.0179,28,2,"any_admissible_dose",0.6,0.6,0.2,0.85,3,1,0,4,0.1,0.5,0.1381,0.4917,63.9789,0.1555,NA,NA,5.6,57.4,11.205,9.575,4.229,30,19.672,0,0,0,1087.0239,1000,1000
46,24,4,"five_scenarios_txt",1,5,4,0.3,"two_stage",30,30,6,30,"CRM","additive_shared","additive_shared","previous_dose",0.15,0.85,"previous_dose_additive",0.5,0.5,0.15,0.85,0.15,0.85,3,1,"highest_utility","continuous",0.0179,28,2,"any_admissible_dose",0.6,0.6,0.2,0.85,3,1,0,5,0.25,0.5,0.2136,0.4825,60.4028,0.1555,NA,NA,94.4,36.3,7.992,7.058,2.131,30,19.672,0,0,0,1087.0239,1000,1000
47,27,2,"higher_gap_above_MTD",1,3,3,0.3,"two_stage",30,30,6,30,"CRM","additive_shared","additive_shared","previous_dose",0.15,0.85,"previous_dose_additive",0.5,0.5,0.15,0.85,0.15,0.85,3,1,"highest_utility","continuous",0.0179,28,2,"any_admissible_dose",0.6,0.6,0.2,0.85,3,1,0,1,0.11,0.1,0.1831,0.1498,41.6642,0.1763,NA,NA,7.8,16.4,8.127,6.702,1.952,29.016,19.108,0.2,0.2,7.1,1051.2313,1000,1000
47,27,2,"higher_gap_above_MTD",1,3,3,0.3,"two_stage",30,30,6,30,"CRM","additive_shared","additive_shared","previous_dose",0.15,0.85,"previous_dose_additive",0.5,0.5,0.15,0.85,0.15,0.85,3,1,"highest_utility","continuous",0.0179,28,2,"any_admissible_dose",0.6,0.6,0.2,0.85,3,1,0,2,0.17,0.2,0.2332,0.2337,44.6952,0.1763,NA,NA,24.8,28.2,8.238,7.316,3.827,29.016,19.108,0.2,0.2,7.1,1051.2313,1000,1000
47,27,2,"higher_gap_above_MTD",1,3,3,0.3,"two_stage",30,30,6,30,"CRM","additive_shared","additive_shared","previous_dose",0.15,0.85,"previous_dose_additive",0.5,0.5,0.15,0.85,0.15,0.85,3,1,"highest_utility","continuous",0.0179,28,2,"any_admissible_dose",0.6,0.6,0.2,0.85,3,1,0,3,0.3,0.4,0.3307,0.4105,51.4034,0.1763,NA,NA,52.2,41.5,9.024,7.996,2.882,29.016,19.108,0.2,0.2,7.1,1051.2313,1000,1000
47,27,2,"higher_gap_above_MTD",1,3,3,0.3,"two_stage",30,30,6,30,"CRM","additive_shared","additive_shared","previous_dose",0.15,0.85,"previous_dose_additive",0.5,0.5,0.15,0.85,0.15,0.85,3,1,"highest_utility","continuous",0.0179,28,2,"any_admissible_dose",0.6,0.6,0.2,0.85,3,1,0,4,0.5,0.42,0.3788,0.4826,53.804,0.1763,NA,NA,14,6.7,3.054,2.942,1.093,29.016,19.108,0.2,0.2,7.1,1051.2313,1000,1000
47,27,2,"higher_gap_above_MTD",1,3,3,0.3,"two_stage",30,30,6,30,"CRM","additive_shared","additive_shared","previous_dose",0.15,0.85,"previous_dose_additive",0.5,0.5,0.15,0.85,0.15,0.85,3,1,"highest_utility","continuous",0.0179,28,2,"any_admissible_dose",0.6,0.6,0.2,0.85,3,1,0,5,0.62,0.45,0.4744,0.495,50.7255,0.1763,NA,NA,1,0.1,0.573,0.565,0.154,29.016,19.108,0.2,0.2,7.1,1051.2313,1000,1000
48,38,38,"user_added",1,5,5,0.3,"two_stage",30,30,6,30,"CRM","additive_shared","additive_shared","previous_dose",0.15,0.85,"previous_dose_additive",0.5,0.5,0.15,0.85,0.15,0.85,3,1,"highest_utility","continuous",0.0179,28,2,"any_admissible_dose",0.6,0.6,0.2,0.85,3,1,0,1,0.05,0.05,0.0771,0.1259,44.4691,0.1625,NA,NA,1.1,12.8,5.832,5.197,1.198,29.742,18.541,0,0,1.7,1018.6865,1000,1000
48,38,38,"user_added",1,5,5,0.3,"two_stage",30,30,6,30,"CRM","additive_shared","additive_shared","previous_dose",0.15,0.85,"previous_dose_additive",0.5,0.5,0.15,0.85,0.15,0.85,3,1,"highest_utility","continuous",0.0179,28,2,"any_admissible_dose",0.6,0.6,0.2,0.85,3,1,0,2,0.1,0.08,0.1093,0.1535,44.8383,0.1625,NA,NA,0.9,12.6,5.31,4.948,3.226,29.742,18.541,0,0,1.7,1018.6865,1000,1000
48,38,38,"user_added",1,5,5,0.3,"two_stage",30,30,6,30,"CRM","additive_shared","additive_shared","previous_dose",0.15,0.85,"previous_dose_additive",0.5,0.5,0.15,0.85,0.15,0.85,3,1,"highest_utility","continuous",0.0179,28,2,"any_admissible_dose",0.6,0.6,0.2,0.85,3,1,0,3,0.12,0.12,0.1824,0.1784,43.4079,0.1625,NA,NA,5.4,11.1,4.671,4.437,1.588,29.742,18.541,0,0,1.7,1018.6865,1000,1000
48,38,38,"user_added",1,5,5,0.3,"two_stage",30,30,6,30,"CRM","additive_shared","additive_shared","previous_dose",0.15,0.85,"previous_dose_additive",0.5,0.5,0.15,0.85,0.15,0.85,3,1,"highest_utility","continuous",0.0179,28,2,"any_admissible_dose",0.6,0.6,0.2,0.85,3,1,0,4,0.15,0.15,0.2231,0.2212,44.3475,0.1625,NA,NA,24.8,9.8,5.055,4.734,2.422,29.742,18.541,0,0,1.7,1018.6865,1000,1000
48,38,38,"user_added",1,5,5,0.3,"two_stage",30,30,6,30,"CRM","additive_shared","additive_shared","previous_dose",0.15,0.85,"previous_dose_additive",0.5,0.5,0.15,0.85,0.15,0.85,3,1,"highest_utility","continuous",0.0179,28,2,"any_admissible_dose",0.6,0.6,0.2,0.85,3,1,0,5,0.3,0.5,0.3128,0.4957,57.2252,0.1625,NA,NA,67.8,52,8.874,7.622,2.767,29.742,18.541,0,0,1.7,1018.6865,1000,1000
49,1,1,"base_example",1,1,1,0.3,"one_stage",30,30,30,30,"CRM","additive_shared","additive_shared","previous_dose",0.15,0.85,"previous_dose_additive",0.5,0.5,0.15,0.85,0.15,0.85,3,1,"highest_utility","continuous",0.0179,28,2,"any_admissible_dose",0.6,0.6,0.2,0.85,3,1,0,1,0.3,0.05,0.3846,0.08,29.4149,0.1905,NA,NA,70.1,9,12.003,8.994,3.419,16.353,10.622,15.7,16.4,86.7,578.8992,1000,1000
49,1,1,"base_example",1,1,1,0.3,"one_stage",30,30,30,30,"CRM","additive_shared","additive_shared","previous_dose",0.15,0.85,"previous_dose_additive",0.5,0.5,0.15,0.85,0.15,0.85,3,1,"highest_utility","continuous",0.0179,28,2,"any_admissible_dose",0.6,0.6,0.2,0.85,3,1,0,2,0.35,0.06,0.4388,0.3133,41.2461,0.1905,NA,NA,12,3.5,3.132,2.875,1.75,16.353,10.622,15.7,16.4,86.7,578.8992,1000,1000
49,1,1,"base_example",1,1,1,0.3,"one_stage",30,30,30,30,"CRM","additive_shared","additive_shared","previous_dose",0.15,0.85,"previous_dose_additive",0.5,0.5,0.15,0.85,0.15,0.85,3,1,"highest_utility","continuous",0.0179,28,2,"any_admissible_dose",0.6,0.6,0.2,0.85,3,1,0,3,0.4,0.07,0.5324,0.4175,43.7578,0.1905,NA,NA,1.6,0.6,0.915,0.89,0.385,16.353,10.622,15.7,16.4,86.7,578.8992,1000,1000
49,1,1,"base_example",1,1,1,0.3,"one_stage",30,30,30,30,"CRM","additive_shared","additive_shared","previous_dose",0.15,0.85,"previous_dose_additive",0.5,0.5,0.15,0.85,0.15,0.85,3,1,"highest_utility","continuous",0.0179,28,2,"any_admissible_dose",0.6,0.6,0.2,0.85,3,1,0,4,0.45,0.08,0.5744,0.4783,45.7254,0.1905,NA,NA,0.6,0.2,0.261,0.257,0.158,16.353,10.622,15.7,16.4,86.7,578.8992,1000,1000
49,1,1,"base_example",1,1,1,0.3,"one_stage",30,30,30,30,"CRM","additive_shared","additive_shared","previous_dose",0.15,0.85,"previous_dose_additive",0.5,0.5,0.15,0.85,0.15,0.85,3,1,"highest_utility","continuous",0.0179,28,2,"any_admissible_dose",0.6,0.6,0.2,0.85,3,1,0,5,0.5,0.09,0.6519,0.4961,43.6903,0.1905,NA,NA,0,0,0.042,0.042,0.019,16.353,10.622,15.7,16.4,86.7,578.8992,1000,1000
50,16,1,"five_scenarios_txt",1,5,1,0.3,"one_stage",30,30,30,30,"CRM","additive_shared","additive_shared","previous_dose",0.15,0.85,"previous_dose_additive",0.5,0.5,0.15,0.85,0.15,0.85,3,1,"highest_utility","continuous",0.0179,28,2,"any_admissible_dose",0.6,0.6,0.2,0.85,3,1,0,1,0.02,0.2,0.0487,0.2168,51.0598,0.1592,NA,NA,0,28.5,7.737,6.733,1.88,30,18.137,0,0,0,995.4008,1000,1000
50,16,1,"five_scenarios_txt",1,5,1,0.3,"one_stage",30,30,30,30,"CRM","additive_shared","additive_shared","previous_dose",0.15,0.85,"previous_dose_additive",0.5,0.5,0.15,0.85,0.15,0.85,3,1,"highest_utility","continuous",0.0179,28,2,"any_admissible_dose",0.6,0.6,0.2,0.85,3,1,0,2,0.06,0.2,0.073,0.2305,50.9128,0.1592,NA,NA,0.2,26.4,7.47,6.694,3.815,30,18.137,0,0,0,995.4008,1000,1000
50,16,1,"five_scenarios_txt",1,5,1,0.3,"one_stage",30,30,30,30,"CRM","additive_shared","additive_shared","previous_dose",0.15,0.85,"previous_dose_additive",0.5,0.5,0.15,0.85,0.15,0.85,3,1,"highest_utility","continuous",0.0179,28,2,"any_admissible_dose",0.6,0.6,0.2,0.85,3,1,0,3,0.09,0.2,0.1323,0.2362,48.8778,0.1592,NA,NA,2.2,19.5,5.685,5.257,2.133,30,18.137,0,0,0,995.4008,1000,1000
50,16,1,"five_scenarios_txt",1,5,1,0.3,"one_stage",30,30,30,30,"CRM","additive_shared","additive_shared","previous_dose",0.15,0.85,"previous_dose_additive",0.5,0.5,0.15,0.85,0.15,0.85,3,1,"highest_utility","continuous",0.0179,28,2,"any_admissible_dose",0.6,0.6,0.2,0.85,3,1,0,4,0.14,0.2,0.1673,0.2481,48.1965,0.1592,NA,NA,18,16.5,5.295,4.84,2.462,30,18.137,0,0,0,995.4008,1000,1000
50,16,1,"five_scenarios_txt",1,5,1,0.3,"one_stage",30,30,30,30,"CRM","additive_shared","additive_shared","previous_dose",0.15,0.85,"previous_dose_additive",0.5,0.5,0.15,0.85,0.15,0.85,3,1,"highest_utility","continuous",0.0179,28,2,"any_admissible_dose",0.6,0.6,0.2,0.85,3,1,0,5,0.26,0.2,0.2482,0.2945,47.7434,0.1592,NA,NA,79.6,9.1,3.813,3.567,1.573,30,18.137,0,0,0,995.4008,1000,1000
51,20,5,"five_scenarios_txt",1,3,2,0.3,"one_stage",30,30,30,30,"CRM","additive_shared","additive_shared","previous_dose",0.15,0.85,"previous_dose_additive",0.5,0.5,0.15,0.85,0.15,0.85,3,1,"highest_utility","continuous",0.0179,28,2,"any_admissible_dose",0.6,0.6,0.2,0.85,3,1,0,1,0.07,0.05,0.1556,0.121,41.0353,0.1796,NA,NA,3.8,10.2,6.657,5.796,1.345,29.283,18.424,0.1,0.1,4.5,1011.0436,1000,1000
51,20,5,"five_scenarios_txt",1,3,2,0.3,"one_stage",30,30,30,30,"CRM","additive_shared","additive_shared","previous_dose",0.15,0.85,"previous_dose_additive",0.5,0.5,0.15,0.85,0.15,0.85,3,1,"highest_utility","continuous",0.0179,28,2,"any_admissible_dose",0.6,0.6,0.2,0.85,3,1,0,2,0.14,0.25,0.2023,0.258,47.3843,0.1796,NA,NA,14.1,53.7,11.7,9.806,5.276,29.283,18.424,0.1,0.1,4.5,1011.0436,1000,1000
51,20,5,"five_scenarios_txt",1,3,2,0.3,"one_stage",30,30,30,30,"CRM","additive_shared","additive_shared","previous_dose",0.15,0.85,"previous_dose_additive",0.5,0.5,0.15,0.85,0.15,0.85,3,1,"highest_utility","continuous",0.0179,28,2,"any_admissible_dose",0.6,0.6,0.2,0.85,3,1,0,3,0.31,0.25,0.2962,0.271,44.4113,0.1796,NA,NA,48,23.1,6.609,5.937,2.338,29.283,18.424,0.1,0.1,4.5,1011.0436,1000,1000
51,20,5,"five_scenarios_txt",1,3,2,0.3,"one_stage",30,30,30,30,"CRM","additive_shared","additive_shared","previous_dose",0.15,0.85,"previous_dose_additive",0.5,0.5,0.15,0.85,0.15,0.85,3,1,"highest_utility","continuous",0.0179,28,2,"any_admissible_dose",0.6,0.6,0.2,0.85,3,1,0,4,0.41,0.25,0.3437,0.3713,48.5282,0.1796,NA,NA,28.9,7.5,3.54,3.276,1.567,29.283,18.424,0.1,0.1,4.5,1011.0436,1000,1000
51,20,5,"five_scenarios_txt",1,3,2,0.3,"one_stage",30,30,30,30,"CRM","additive_shared","additive_shared","previous_dose",0.15,0.85,"previous_dose_additive",0.5,0.5,0.15,0.85,0.15,0.85,3,1,"highest_utility","continuous",0.0179,28,2,"any_admissible_dose",0.6,0.6,0.2,0.85,3,1,0,5,0.52,0.25,0.4397,0.461,50.0698,0.1796,NA,NA,5.1,1,0.777,0.747,0.333,29.283,18.424,0.1,0.1,4.5,1011.0436,1000,1000
52,24,4,"five_scenarios_txt",1,5,4,0.3,"one_stage",30,30,30,30,"CRM","additive_shared","additive_shared","previous_dose",0.15,0.85,"previous_dose_additive",0.5,0.5,0.15,0.85,0.15,0.85,3,1,"highest_utility","continuous",0.0179,28,2,"any_admissible_dose",0.6,0.6,0.2,0.85,3,1,0,1,0.01,0.05,0.0331,0.1457,47.4213,0.1509,NA,NA,0,0.6,3.45,3.341,0.192,30,19.558,0,0,0,1079.1296,1000,1000
52,24,4,"five_scenarios_txt",1,5,4,0.3,"one_stage",30,30,30,30,"CRM","additive_shared","additive_shared","previous_dose",0.15,0.85,"previous_dose_additive",0.5,0.5,0.15,0.85,0.15,0.85,3,1,"highest_utility","continuous",0.0179,28,2,"any_admissible_dose",0.6,0.6,0.2,0.85,3,1,0,2,0.02,0.08,0.0519,0.1731,48.3069,0.1509,NA,NA,0,0.7,3.369,3.331,2.487,30,19.558,0,0,0,1079.1296,1000,1000
52,24,4,"five_scenarios_txt",1,5,4,0.3,"one_stage",30,30,30,30,"CRM","additive_shared","additive_shared","previous_dose",0.15,0.85,"previous_dose_additive",0.5,0.5,0.15,0.85,0.15,0.85,3,1,"highest_utility","continuous",0.0179,28,2,"any_admissible_dose",0.6,0.6,0.2,0.85,3,1,0,3,0.05,0.2,0.101,0.24,50.3601,0.1509,NA,NA,0.1,4.2,4.2,3.936,1.352,30,19.558,0,0,0,1079.1296,1000,1000
52,24,4,"five_scenarios_txt",1,5,4,0.3,"one_stage",30,30,30,30,"CRM","additive_shared","additive_shared","previous_dose",0.15,0.85,"previous_dose_additive",0.5,0.5,0.15,0.85,0.15,0.85,3,1,"highest_utility","continuous",0.0179,28,2,"any_admissible_dose",0.6,0.6,0.2,0.85,3,1,0,4,0.1,0.5,0.1314,0.4837,63.7672,0.1509,NA,NA,48.8,63.5,13.512,10.851,4.737,30,19.558,0,0,0,1079.1296,1000,1000
52,24,4,"five_scenarios_txt",1,5,4,0.3,"one_stage",30,30,30,30,"CRM","additive_shared","additive_shared","previous_dose",0.15,0.85,"previous_dose_additive",0.5,0.5,0.15,0.85,0.15,0.85,3,1,"highest_utility","continuous",0.0179,28,2,"any_admissible_dose",0.6,0.6,0.2,0.85,3,1,0,5,0.25,0.5,0.2047,0.5003,61.8256,0.1509,NA,NA,51.1,31,5.469,4.592,1.674,30,19.558,0,0,0,1079.1296,1000,1000
53,27,2,"higher_gap_above_MTD",1,3,3,0.3,"one_stage",30,30,30,30,"CRM","additive_shared","additive_shared","previous_dose",0.15,0.85,"previous_dose_additive",0.5,0.5,0.15,0.85,0.15,0.85,3,1,"highest_utility","continuous",0.0179,28,2,"any_admissible_dose",0.6,0.6,0.2,0.85,3,1,0,1,0.11,0.1,0.1793,0.1464,41.6105,0.1746,NA,NA,7.3,15.3,8.661,7.103,2.06,28.974,18.87,0.2,0.2,7.2,1036.9718,1000,1000
53,27,2,"higher_gap_above_MTD",1,3,3,0.3,"one_stage",30,30,30,30,"CRM","additive_shared","additive_shared","previous_dose",0.15,0.85,"previous_dose_additive",0.5,0.5,0.15,0.85,0.15,0.85,3,1,"highest_utility","continuous",0.0179,28,2,"any_admissible_dose",0.6,0.6,0.2,0.85,3,1,0,2,0.17,0.2,0.2289,0.2278,44.5124,0.1746,NA,NA,22.4,28.5,8.388,7.35,3.861,28.974,18.87,0.2,0.2,7.2,1036.9718,1000,1000
53,27,2,"higher_gap_above_MTD",1,3,3,0.3,"one_stage",30,30,30,30,"CRM","additive_shared","additive_shared","previous_dose",0.15,0.85,"previous_dose_additive",0.5,0.5,0.15,0.85,0.15,0.85,3,1,"highest_utility","continuous",0.0179,28,2,"any_admissible_dose",0.6,0.6,0.2,0.85,3,1,0,3,0.3,0.4,0.3259,0.3978,50.832,0.1746,NA,NA,57.2,43.3,9.159,7.87,3.065,28.974,18.87,0.2,0.2,7.2,1036.9718,1000,1000
53,27,2,"higher_gap_above_MTD",1,3,3,0.3,"one_stage",30,30,30,30,"CRM","additive_shared","additive_shared","previous_dose",0.15,0.85,"previous_dose_additive",0.5,0.5,0.15,0.85,0.15,0.85,3,1,"highest_utility","continuous",0.0179,28,2,"any_admissible_dose",0.6,0.6,0.2,0.85,3,1,0,4,0.5,0.42,0.3739,0.4817,53.9421,0.1746,NA,NA,12.2,5.5,2.493,2.339,1.007,28.974,18.87,0.2,0.2,7.2,1036.9718,1000,1000
53,27,2,"higher_gap_above_MTD",1,3,3,0.3,"one_stage",30,30,30,30,"CRM","additive_shared","additive_shared","previous_dose",0.15,0.85,"previous_dose_additive",0.5,0.5,0.15,0.85,0.15,0.85,3,1,"highest_utility","continuous",0.0179,28,2,"any_admissible_dose",0.6,0.6,0.2,0.85,3,1,0,5,0.62,0.45,0.4696,0.497,51.0363,0.1746,NA,NA,0.7,0.2,0.273,0.262,0.111,28.974,18.87,0.2,0.2,7.2,1036.9718,1000,1000
54,38,38,"user_added",1,5,5,0.3,"one_stage",30,30,30,30,"CRM","additive_shared","additive_shared","previous_dose",0.15,0.85,"previous_dose_additive",0.5,0.5,0.15,0.85,0.15,0.85,3,1,"highest_utility","continuous",0.0179,28,2,"any_admissible_dose",0.6,0.6,0.2,0.85,3,1,0,1,0.05,0.05,0.0772,0.1223,44.2514,0.1594,NA,NA,1.2,11.6,5.979,5.333,1.215,29.721,18.474,0,0,1.7,1016.3349,1000,1000
54,38,38,"user_added",1,5,5,0.3,"one_stage",30,30,30,30,"CRM","additive_shared","additive_shared","previous_dose",0.15,0.85,"previous_dose_additive",0.5,0.5,0.15,0.85,0.15,0.85,3,1,"highest_utility","continuous",0.0179,28,2,"any_admissible_dose",0.6,0.6,0.2,0.85,3,1,0,2,0.1,0.08,0.1094,0.1495,44.5947,0.1594,NA,NA,1,12.3,5.439,5.045,3.273,29.721,18.474,0,0,1.7,1016.3349,1000,1000
54,38,38,"user_added",1,5,5,0.3,"one_stage",30,30,30,30,"CRM","additive_shared","additive_shared","previous_dose",0.15,0.85,"previous_dose_additive",0.5,0.5,0.15,0.85,0.15,0.85,3,1,"highest_utility","continuous",0.0179,28,2,"any_admissible_dose",0.6,0.6,0.2,0.85,3,1,0,3,0.12,0.12,0.1825,0.1782,43.395,0.1594,NA,NA,5.2,11.2,4.695,4.426,1.631,29.721,18.474,0,0,1.7,1016.3349,1000,1000
54,38,38,"user_added",1,5,5,0.3,"one_stage",30,30,30,30,"CRM","additive_shared","additive_shared","previous_dose",0.15,0.85,"previous_dose_additive",0.5,0.5,0.15,0.85,0.15,0.85,3,1,"highest_utility","continuous",0.0179,28,2,"any_admissible_dose",0.6,0.6,0.2,0.85,3,1,0,4,0.15,0.15,0.2233,0.2159,44.0247,0.1594,NA,NA,24.7,11,4.98,4.596,2.418,29.721,18.474,0,0,1.7,1016.3349,1000,1000
54,38,38,"user_added",1,5,5,0.3,"one_stage",30,30,30,30,"CRM","additive_shared","additive_shared","previous_dose",0.15,0.85,"previous_dose_additive",0.5,0.5,0.15,0.85,0.15,0.85,3,1,"highest_utility","continuous",0.0179,28,2,"any_admissible_dose",0.6,0.6,0.2,0.85,3,1,0,5,0.3,0.5,0.313,0.4968,57.2865,0.1594,NA,NA,67.9,52.2,8.628,7.377,2.71,29.721,18.474,0,0,1.7,1016.3349,1000,1000
55,1,1,"base_example",1,1,1,0.3,"two_stage",30,30,6,30,"CRM","additive_shared","additive_shared","previous_dose",0.15,0.85,"previous_dose_additive",0.5,0.5,0.15,0.85,0.15,0.85,3,1,"top2_randomized","continuous",0.0179,28,2,"any_admissible_dose",0.9,0.9,0.2,0.85,3,1,0,1,0.3,0.05,0.4091,0.0837,28.658,0.2194,NA,NA,71.9,8.7,11.973,8.845,3.465,15.552,10.182,20.3,20.8,88.8,553.3396,1000,1000
55,1,1,"base_example",1,1,1,0.3,"two_stage",30,30,6,30,"CRM","additive_shared","additive_shared","previous_dose",0.15,0.85,"previous_dose_additive",0.5,0.5,0.15,0.85,0.15,0.85,3,1,"top2_randomized","continuous",0.0179,28,2,"any_admissible_dose",0.9,0.9,0.2,0.85,3,1,0,2,0.35,0.06,0.4632,0.3394,41.8338,0.2194,NA,NA,6.8,2.4,2.716,2.511,1.541,15.552,10.182,20.3,20.8,88.8,553.3396,1000,1000
55,1,1,"base_example",1,1,1,0.3,"two_stage",30,30,6,30,"CRM","additive_shared","additive_shared","previous_dose",0.15,0.85,"previous_dose_additive",0.5,0.5,0.15,0.85,0.15,0.85,3,1,"top2_randomized","continuous",0.0179,28,2,"any_admissible_dose",0.9,0.9,0.2,0.85,3,1,0,3,0.4,0.07,0.5554,0.444,44.4242,0.2194,NA,NA,1,0.1,0.677,0.661,0.255,15.552,10.182,20.3,20.8,88.8,553.3396,1000,1000
55,1,1,"base_example",1,1,1,0.3,"two_stage",30,30,6,30,"CRM","additive_shared","additive_shared","previous_dose",0.15,0.85,"previous_dose_additive",0.5,0.5,0.15,0.85,0.15,0.85,3,1,"top2_randomized","continuous",0.0179,28,2,"any_admissible_dose",0.9,0.9,0.2,0.85,3,1,0,4,0.45,0.08,0.5964,0.4875,45.398,0.2194,NA,NA,0,0,0.168,0.165,0.098,15.552,10.182,20.3,20.8,88.8,553.3396,1000,1000
55,1,1,"base_example",1,1,1,0.3,"two_stage",30,30,6,30,"CRM","additive_shared","additive_shared","previous_dose",0.15,0.85,"previous_dose_additive",0.5,0.5,0.15,0.85,0.15,0.85,3,1,"top2_randomized","continuous",0.0179,28,2,"any_admissible_dose",0.9,0.9,0.2,0.85,3,1,0,5,0.5,0.09,0.6714,0.4987,43.0686,0.2194,NA,NA,0,0,0.018,0.018,0.011,15.552,10.182,20.3,20.8,88.8,553.3396,1000,1000
56,16,1,"five_scenarios_txt",1,5,1,0.3,"two_stage",30,30,6,30,"CRM","additive_shared","additive_shared","previous_dose",0.15,0.85,"previous_dose_additive",0.5,0.5,0.15,0.85,0.15,0.85,3,1,"top2_randomized","continuous",0.0179,28,2,"any_admissible_dose",0.9,0.9,0.2,0.85,3,1,0,1,0.02,0.2,0.055,0.2349,51.892,0.1794,NA,NA,0,26.9,7.114,6.505,1.7,30,18.177,0,0,0,1000.0619,1000,1000
56,16,1,"five_scenarios_txt",1,5,1,0.3,"two_stage",30,30,6,30,"CRM","additive_shared","additive_shared","previous_dose",0.15,0.85,"previous_dose_additive",0.5,0.5,0.15,0.85,0.15,0.85,3,1,"top2_randomized","continuous",0.0179,28,2,"any_admissible_dose",0.9,0.9,0.2,0.85,3,1,0,2,0.06,0.2,0.0813,0.2686,52.8609,0.1794,NA,NA,0,32.2,7.493,6.896,3.944,30,18.177,0,0,0,1000.0619,1000,1000
56,16,1,"five_scenarios_txt",1,5,1,0.3,"two_stage",30,30,6,30,"CRM","additive_shared","additive_shared","previous_dose",0.15,0.85,"previous_dose_additive",0.5,0.5,0.15,0.85,0.15,0.85,3,1,"top2_randomized","continuous",0.0179,28,2,"any_admissible_dose",0.9,0.9,0.2,0.85,3,1,0,3,0.09,0.2,0.1444,0.2424,48.7677,0.1794,NA,NA,1.8,17.3,5.664,5.363,1.959,30,18.177,0,0,0,1000.0619,1000,1000
56,16,1,"five_scenarios_txt",1,5,1,0.3,"two_stage",30,30,6,30,"CRM","additive_shared","additive_shared","previous_dose",0.15,0.85,"previous_dose_additive",0.5,0.5,0.15,0.85,0.15,0.85,3,1,"top2_randomized","continuous",0.0179,28,2,"any_admissible_dose",0.9,0.9,0.2,0.85,3,1,0,4,0.14,0.2,0.1812,0.2676,48.8086,0.1794,NA,NA,14.1,16.8,5.737,5.425,2.735,30,18.177,0,0,0,1000.0619,1000,1000
56,16,1,"five_scenarios_txt",1,5,1,0.3,"two_stage",30,30,6,30,"CRM","additive_shared","additive_shared","previous_dose",0.15,0.85,"previous_dose_additive",0.5,0.5,0.15,0.85,0.15,0.85,3,1,"top2_randomized","continuous",0.0179,28,2,"any_admissible_dose",0.9,0.9,0.2,0.85,3,1,0,5,0.26,0.2,0.265,0.2811,46.2696,0.1794,NA,NA,84.1,6.8,3.992,3.817,1.485,30,18.177,0,0,0,1000.0619,1000,1000
57,20,5,"five_scenarios_txt",1,3,2,0.3,"two_stage",30,30,6,30,"CRM","additive_shared","additive_shared","previous_dose",0.15,0.85,"previous_dose_additive",0.5,0.5,0.15,0.85,0.15,0.85,3,1,"top2_randomized","continuous",0.0179,28,2,"any_admissible_dose",0.9,0.9,0.2,0.85,3,1,0,1,0.07,0.05,0.1665,0.1196,40.5158,0.2152,NA,NA,3.8,7.4,7.721,6.715,1.855,29.373,18.487,0.1,0.1,4.1,1014.5847,1000,1000
57,20,5,"five_scenarios_txt",1,3,2,0.3,"two_stage",30,30,6,30,"CRM","additive_shared","additive_shared","previous_dose",0.15,0.85,"previous_dose_additive",0.5,0.5,0.15,0.85,0.15,0.85,3,1,"top2_randomized","continuous",0.0179,28,2,"any_admissible_dose",0.9,0.9,0.2,0.85,3,1,0,2,0.14,0.25,0.215,0.2957,49.1405,0.2152,NA,NA,16.5,57.7,10.443,9.338,5.012,29.373,18.487,0.1,0.1,4.1,1014.5847,1000,1000
57,20,5,"five_scenarios_txt",1,3,2,0.3,"two_stage",30,30,6,30,"CRM","additive_shared","additive_shared","previous_dose",0.15,0.85,"previous_dose_additive",0.5,0.5,0.15,0.85,0.15,0.85,3,1,"top2_randomized","continuous",0.0179,28,2,"any_admissible_dose",0.9,0.9,0.2,0.85,3,1,0,3,0.31,0.25,0.311,0.2972,45.3941,0.2152,NA,NA,52.4,24.6,7.109,6.669,2.337,29.373,18.487,0.1,0.1,4.1,1014.5847,1000,1000
57,20,5,"five_scenarios_txt",1,3,2,0.3,"two_stage",30,30,6,30,"CRM","additive_shared","additive_shared","previous_dose",0.15,0.85,"previous_dose_additive",0.5,0.5,0.15,0.85,0.15,0.85,3,1,"top2_randomized","continuous",0.0179,28,2,"any_admissible_dose",0.9,0.9,0.2,0.85,3,1,0,4,0.41,0.25,0.3589,0.3825,48.5933,0.2152,NA,NA,24,5.5,3.301,3.2,1.391,29.373,18.487,0.1,0.1,4.1,1014.5847,1000,1000
57,20,5,"five_scenarios_txt",1,3,2,0.3,"two_stage",30,30,6,30,"CRM","additive_shared","additive_shared","previous_dose",0.15,0.85,"previous_dose_additive",0.5,0.5,0.15,0.85,0.15,0.85,3,1,"top2_randomized","continuous",0.0179,28,2,"any_admissible_dose",0.9,0.9,0.2,0.85,3,1,0,5,0.52,0.25,0.4552,0.4623,49.53,0.2152,NA,NA,3.2,0.7,0.799,0.782,0.291,29.373,18.487,0.1,0.1,4.1,1014.5847,1000,1000
58,24,4,"five_scenarios_txt",1,5,4,0.3,"two_stage",30,30,6,30,"CRM","additive_shared","additive_shared","previous_dose",0.15,0.85,"previous_dose_additive",0.5,0.5,0.15,0.85,0.15,0.85,3,1,"top2_randomized","continuous",0.0179,28,2,"any_admissible_dose",0.9,0.9,0.2,0.85,3,1,0,1,0.01,0.05,0.0375,0.1407,46.939,0.1702,NA,NA,0,0.8,3.767,3.643,0.307,30,19.45,0,0,0,1072.5036,1000,1000
58,24,4,"five_scenarios_txt",1,5,4,0.3,"two_stage",30,30,6,30,"CRM","additive_shared","additive_shared","previous_dose",0.15,0.85,"previous_dose_additive",0.5,0.5,0.15,0.85,0.15,0.85,3,1,"top2_randomized","continuous",0.0179,28,2,"any_admissible_dose",0.9,0.9,0.2,0.85,3,1,0,2,0.02,0.08,0.0582,0.1708,47.9202,0.1702,NA,NA,0,0.4,4.007,3.897,2.739,30,19.45,0,0,0,1072.5036,1000,1000
58,24,4,"five_scenarios_txt",1,5,4,0.3,"two_stage",30,30,6,30,"CRM","additive_shared","additive_shared","previous_dose",0.15,0.85,"previous_dose_additive",0.5,0.5,0.15,0.85,0.15,0.85,3,1,"top2_randomized","continuous",0.0179,28,2,"any_admissible_dose",0.9,0.9,0.2,0.85,3,1,0,3,0.05,0.2,0.1112,0.2385,49.8628,0.1702,NA,NA,0,2.6,4.595,4.408,1.437,30,19.45,0,0,0,1072.5036,1000,1000
58,24,4,"five_scenarios_txt",1,5,4,0.3,"two_stage",30,30,6,30,"CRM","additive_shared","additive_shared","previous_dose",0.15,0.85,"previous_dose_additive",0.5,0.5,0.15,0.85,0.15,0.85,3,1,"top2_randomized","continuous",0.0179,28,2,"any_admissible_dose",0.9,0.9,0.2,0.85,3,1,0,4,0.1,0.5,0.1436,0.5423,66.7938,0.1702,NA,NA,3,56,9.392,8.64,3.72,30,19.45,0,0,0,1072.5036,1000,1000
58,24,4,"five_scenarios_txt",1,5,4,0.3,"two_stage",30,30,6,30,"CRM","additive_shared","additive_shared","previous_dose",0.15,0.85,"previous_dose_additive",0.5,0.5,0.15,0.85,0.15,0.85,3,1,"top2_randomized","continuous",0.0179,28,2,"any_admissible_dose",0.9,0.9,0.2,0.85,3,1,0,5,0.25,0.5,0.2207,0.5308,63.0223,0.1702,NA,NA,97,40.2,8.239,7.534,2.347,30,19.45,0,0,0,1072.5036,1000,1000
59,27,2,"higher_gap_above_MTD",1,3,3,0.3,"two_stage",30,30,6,30,"CRM","additive_shared","additive_shared","previous_dose",0.15,0.85,"previous_dose_additive",0.5,0.5,0.15,0.85,0.15,0.85,3,1,"top2_randomized","continuous",0.0179,28,2,"any_admissible_dose",0.9,0.9,0.2,0.85,3,1,0,1,0.11,0.1,0.1928,0.1508,41.3323,0.2052,NA,NA,10,17.4,9.768,8.062,2.528,28.842,18.661,0.3,0.3,8.3,1029.1363,1000,1000
59,27,2,"higher_gap_above_MTD",1,3,3,0.3,"two_stage",30,30,6,30,"CRM","additive_shared","additive_shared","previous_dose",0.15,0.85,"previous_dose_additive",0.5,0.5,0.15,0.85,0.15,0.85,3,1,"top2_randomized","continuous",0.0179,28,2,"any_admissible_dose",0.9,0.9,0.2,0.85,3,1,0,2,0.17,0.2,0.2438,0.2612,45.922,0.2052,NA,NA,29.3,32.9,8.996,8.097,4.209,28.842,18.661,0.3,0.3,8.3,1029.1363,1000,1000
59,27,2,"higher_gap_above_MTD",1,3,3,0.3,"two_stage",30,30,6,30,"CRM","additive_shared","additive_shared","previous_dose",0.15,0.85,"previous_dose_additive",0.5,0.5,0.15,0.85,0.15,0.85,3,1,"top2_randomized","continuous",0.0179,28,2,"any_admissible_dose",0.9,0.9,0.2,0.85,3,1,0,3,0.3,0.4,0.3424,0.4404,52.73,0.2052,NA,NA,48.3,36.2,7.142,6.683,2.385,28.842,18.661,0.3,0.3,8.3,1029.1363,1000,1000
59,27,2,"higher_gap_above_MTD",1,3,3,0.3,"two_stage",30,30,6,30,"CRM","additive_shared","additive_shared","previous_dose",0.15,0.85,"previous_dose_additive",0.5,0.5,0.15,0.85,0.15,0.85,3,1,"top2_randomized","continuous",0.0179,28,2,"any_admissible_dose",0.9,0.9,0.2,0.85,3,1,0,4,0.5,0.42,0.3906,0.5003,54.3959,0.2052,NA,NA,11.9,5.1,2.515,2.45,0.937,28.842,18.661,0.3,0.3,8.3,1029.1363,1000,1000
59,27,2,"higher_gap_above_MTD",1,3,3,0.3,"two_stage",30,30,6,30,"CRM","additive_shared","additive_shared","previous_dose",0.15,0.85,"previous_dose_additive",0.5,0.5,0.15,0.85,0.15,0.85,3,1,"top2_randomized","continuous",0.0179,28,2,"any_admissible_dose",0.9,0.9,0.2,0.85,3,1,0,5,0.62,0.45,0.4858,0.4984,50.4719,0.2052,NA,NA,0.2,0.1,0.421,0.418,0.122,28.842,18.661,0.3,0.3,8.3,1029.1363,1000,1000
60,38,38,"user_added",1,5,5,0.3,"two_stage",30,30,6,30,"CRM","additive_shared","additive_shared","previous_dose",0.15,0.85,"previous_dose_additive",0.5,0.5,0.15,0.85,0.15,0.85,3,1,"top2_randomized","continuous",0.0179,28,2,"any_admissible_dose",0.9,0.9,0.2,0.85,3,1,0,1,0.05,0.05,0.0814,0.1199,43.9359,0.1766,NA,NA,1,12.2,6.69,5.988,1.533,29.799,18.056,0,0,1.6,992.9506,1000,1000
60,38,38,"user_added",1,5,5,0.3,"two_stage",30,30,6,30,"CRM","additive_shared","additive_shared","previous_dose",0.15,0.85,"previous_dose_additive",0.5,0.5,0.15,0.85,0.15,0.85,3,1,"top2_randomized","continuous",0.0179,28,2,"any_admissible_dose",0.9,0.9,0.2,0.85,3,1,0,2,0.1,0.08,0.1147,0.1458,44.1628,0.1766,NA,NA,1.2,13.2,6.42,5.942,3.721,29.799,18.056,0,0,1.6,992.9506,1000,1000
60,38,38,"user_added",1,5,5,0.3,"two_stage",30,30,6,30,"CRM","additive_shared","additive_shared","previous_dose",0.15,0.85,"previous_dose_additive",0.5,0.5,0.15,0.85,0.15,0.85,3,1,"top2_randomized","continuous",0.0179,28,2,"any_admissible_dose",0.9,0.9,0.2,0.85,3,1,0,3,0.12,0.12,0.1896,0.1786,43.1301,0.1766,NA,NA,7.4,12.8,5.353,5.055,1.824,29.799,18.056,0,0,1.6,992.9506,1000,1000
60,38,38,"user_added",1,5,5,0.3,"two_stage",30,30,6,30,"CRM","additive_shared","additive_shared","previous_dose",0.15,0.85,"previous_dose_additive",0.5,0.5,0.15,0.85,0.15,0.85,3,1,"top2_randomized","continuous",0.0179,28,2,"any_admissible_dose",0.9,0.9,0.2,0.85,3,1,0,4,0.15,0.15,0.231,0.2272,44.3917,0.1766,NA,NA,26.8,10.8,5.271,4.935,2.457,29.799,18.056,0,0,1.6,992.9506,1000,1000
60,38,38,"user_added",1,5,5,0.3,"two_stage",30,30,6,30,"CRM","additive_shared","additive_shared","previous_dose",0.15,0.85,"previous_dose_additive",0.5,0.5,0.15,0.85,0.15,0.85,3,1,"top2_randomized","continuous",0.0179,28,2,"any_admissible_dose",0.9,0.9,0.2,0.85,3,1,0,5,0.3,0.5,0.3216,0.5117,57.8385,0.1766,NA,NA,63.6,49.4,6.065,5.604,2.208,29.799,18.056,0,0,1.6,992.9506,1000,1000
61,1,1,"base_example",1,1,1,0.3,"two_stage",30,30,6,30,"CRM","additive_shared","additive_shared","previous_dose",0.15,0.85,"previous_dose_additive",0.5,0.5,0.15,0.85,0.15,0.85,3,1,"highest_utility","continuous",0.0179,28,2,"any_admissible_dose",0.9,0.9,0.2,0.85,3,1,0,1,0.3,0.05,0.4072,0.0828,28.678,0.2258,NA,NA,71.9,9.5,12.057,8.909,3.486,15.558,10.156,19.6,20.7,87.9,554.6959,1000,1000
61,1,1,"base_example",1,1,1,0.3,"two_stage",30,30,6,30,"CRM","additive_shared","additive_shared","previous_dose",0.15,0.85,"previous_dose_additive",0.5,0.5,0.15,0.85,0.15,0.85,3,1,"highest_utility","continuous",0.0179,28,2,"any_admissible_dose",0.9,0.9,0.2,0.85,3,1,0,2,0.35,0.06,0.4613,0.3356,41.6822,0.2258,NA,NA,7.2,2.1,2.562,2.381,1.503,15.558,10.156,19.6,20.7,87.9,554.6959,1000,1000
61,1,1,"base_example",1,1,1,0.3,"two_stage",30,30,6,30,"CRM","additive_shared","additive_shared","previous_dose",0.15,0.85,"previous_dose_additive",0.5,0.5,0.15,0.85,0.15,0.85,3,1,"highest_utility","continuous",0.0179,28,2,"any_admissible_dose",0.9,0.9,0.2,0.85,3,1,0,3,0.4,0.07,0.5537,0.4423,44.3934,0.2258,NA,NA,1.3,0.5,0.735,0.713,0.294,15.558,10.156,19.6,20.7,87.9,554.6959,1000,1000
61,1,1,"base_example",1,1,1,0.3,"two_stage",30,30,6,30,"CRM","additive_shared","additive_shared","previous_dose",0.15,0.85,"previous_dose_additive",0.5,0.5,0.15,0.85,0.15,0.85,3,1,"highest_utility","continuous",0.0179,28,2,"any_admissible_dose",0.9,0.9,0.2,0.85,3,1,0,4,0.45,0.08,0.5947,0.4877,45.4733,0.2258,NA,NA,0,0,0.177,0.174,0.101,15.558,10.156,19.6,20.7,87.9,554.6959,1000,1000
61,1,1,"base_example",1,1,1,0.3,"two_stage",30,30,6,30,"CRM","additive_shared","additive_shared","previous_dose",0.15,0.85,"previous_dose_additive",0.5,0.5,0.15,0.85,0.15,0.85,3,1,"highest_utility","continuous",0.0179,28,2,"any_admissible_dose",0.9,0.9,0.2,0.85,3,1,0,5,0.5,0.09,0.6699,0.4975,43.057,0.2258,NA,NA,0,0,0.027,0.027,0.018,15.558,10.156,19.6,20.7,87.9,554.6959,1000,1000
62,16,1,"five_scenarios_txt",1,5,1,0.3,"two_stage",30,30,6,30,"CRM","additive_shared","additive_shared","previous_dose",0.15,0.85,"previous_dose_additive",0.5,0.5,0.15,0.85,0.15,0.85,3,1,"highest_utility","continuous",0.0179,28,2,"any_admissible_dose",0.9,0.9,0.2,0.85,3,1,0,1,0.02,0.2,0.0559,0.2246,51.2427,0.1835,NA,NA,0,25.7,7.149,6.277,1.731,30,18.184,0,0,0,998.2472,1000,1000
62,16,1,"five_scenarios_txt",1,5,1,0.3,"two_stage",30,30,6,30,"CRM","additive_shared","additive_shared","previous_dose",0.15,0.85,"previous_dose_additive",0.5,0.5,0.15,0.85,0.15,0.85,3,1,"highest_utility","continuous",0.0179,28,2,"any_admissible_dose",0.9,0.9,0.2,0.85,3,1,0,2,0.06,0.2,0.0825,0.2591,52.246,0.1835,NA,NA,0.1,33.2,7.872,6.959,4.078,30,18.184,0,0,0,998.2472,1000,1000
62,16,1,"five_scenarios_txt",1,5,1,0.3,"two_stage",30,30,6,30,"CRM","additive_shared","additive_shared","previous_dose",0.15,0.85,"previous_dose_additive",0.5,0.5,0.15,0.85,0.15,0.85,3,1,"highest_utility","continuous",0.0179,28,2,"any_admissible_dose",0.9,0.9,0.2,0.85,3,1,0,3,0.09,0.2,0.1462,0.2449,48.8492,0.1835,NA,NA,2.5,16.8,5.529,5.136,1.91,30,18.184,0,0,0,998.2472,1000,1000
62,16,1,"five_scenarios_txt",1,5,1,0.3,"two_stage",30,30,6,30,"CRM","additive_shared","additive_shared","previous_dose",0.15,0.85,"previous_dose_additive",0.5,0.5,0.15,0.85,0.15,0.85,3,1,"highest_utility","continuous",0.0179,28,2,"any_admissible_dose",0.9,0.9,0.2,0.85,3,1,0,4,0.14,0.2,0.1831,0.2748,49.1631,0.1835,NA,NA,15.7,15.8,5.508,5.152,2.62,30,18.184,0,0,0,998.2472,1000,1000
62,16,1,"five_scenarios_txt",1,5,1,0.3,"two_stage",30,30,6,30,"CRM","additive_shared","additive_shared","previous_dose",0.15,0.85,"previous_dose_additive",0.5,0.5,0.15,0.85,0.15,0.85,3,1,"highest_utility","continuous",0.0179,28,2,"any_admissible_dose",0.9,0.9,0.2,0.85,3,1,0,5,0.26,0.2,0.2672,0.2931,46.896,0.1835,NA,NA,81.7,8.5,3.942,3.741,1.477,30,18.184,0,0,0,998.2472,1000,1000
63,20,5,"five_scenarios_txt",1,3,2,0.3,"two_stage",30,30,6,30,"CRM","additive_shared","additive_shared","previous_dose",0.15,0.85,"previous_dose_additive",0.5,0.5,0.15,0.85,0.15,0.85,3,1,"highest_utility","continuous",0.0179,28,2,"any_admissible_dose",0.9,0.9,0.2,0.85,3,1,0,1,0.07,0.05,0.1718,0.1267,40.732,0.2148,NA,NA,4.7,9.8,6.267,5.452,1.285,29.187,18.444,0.1,0.1,4.9,1014.0781,1000,1000
63,20,5,"five_scenarios_txt",1,3,2,0.3,"two_stage",30,30,6,30,"CRM","additive_shared","additive_shared","previous_dose",0.15,0.85,"previous_dose_additive",0.5,0.5,0.15,0.85,0.15,0.85,3,1,"highest_utility","continuous",0.0179,28,2,"any_admissible_dose",0.9,0.9,0.2,0.85,3,1,0,2,0.14,0.25,0.2207,0.2799,47.9643,0.2148,NA,NA,21.9,55,11.619,9.705,5.389,29.187,18.444,0.1,0.1,4.9,1014.0781,1000,1000
63,20,5,"five_scenarios_txt",1,3,2,0.3,"two_stage",30,30,6,30,"CRM","additive_shared","additive_shared","previous_dose",0.15,0.85,"previous_dose_additive",0.5,0.5,0.15,0.85,0.15,0.85,3,1,"highest_utility","continuous",0.0179,28,2,"any_admissible_dose",0.9,0.9,0.2,0.85,3,1,0,3,0.31,0.25,0.3172,0.2983,45.2119,0.2148,NA,NA,51.2,24.4,7.209,6.574,2.339,29.187,18.444,0.1,0.1,4.9,1014.0781,1000,1000
63,20,5,"five_scenarios_txt",1,3,2,0.3,"two_stage",30,30,6,30,"CRM","additive_shared","additive_shared","previous_dose",0.15,0.85,"previous_dose_additive",0.5,0.5,0.15,0.85,0.15,0.85,3,1,"highest_utility","continuous",0.0179,28,2,"any_admissible_dose",0.9,0.9,0.2,0.85,3,1,0,4,0.41,0.25,0.3652,0.3907,48.8342,0.2148,NA,NA,20.2,5.7,3.294,3.173,1.419,29.187,18.444,0.1,0.1,4.9,1014.0781,1000,1000
63,20,5,"five_scenarios_txt",1,3,2,0.3,"two_stage",30,30,6,30,"CRM","additive_shared","additive_shared","previous_dose",0.15,0.85,"previous_dose_additive",0.5,0.5,0.15,0.85,0.15,0.85,3,1,"highest_utility","continuous",0.0179,28,2,"any_admissible_dose",0.9,0.9,0.2,0.85,3,1,0,5,0.52,0.25,0.4612,0.4637,49.3783,0.2148,NA,NA,1.9,0.2,0.798,0.78,0.311,29.187,18.444,0.1,0.1,4.9,1014.0781,1000,1000
64,24,4,"five_scenarios_txt",1,5,4,0.3,"two_stage",30,30,6,30,"CRM","additive_shared","additive_shared","previous_dose",0.15,0.85,"previous_dose_additive",0.5,0.5,0.15,0.85,0.15,0.85,3,1,"highest_utility","continuous",0.0179,28,2,"any_admissible_dose",0.9,0.9,0.2,0.85,3,1,0,1,0.01,0.05,0.0393,0.1444,47.0923,0.1699,NA,NA,0,0.5,3.366,3.271,0.176,30,19.727,0,0,0,1088.8314,1000,1000
64,24,4,"five_scenarios_txt",1,5,4,0.3,"two_stage",30,30,6,30,"CRM","additive_shared","additive_shared","previous_dose",0.15,0.85,"previous_dose_additive",0.5,0.5,0.15,0.85,0.15,0.85,3,1,"highest_utility","continuous",0.0179,28,2,"any_admissible_dose",0.9,0.9,0.2,0.85,3,1,0,2,0.02,0.08,0.0607,0.1817,48.475,0.1699,NA,NA,0,0.7,3.312,3.278,2.478,30,19.727,0,0,0,1088.8314,1000,1000
64,24,4,"five_scenarios_txt",1,5,4,0.3,"two_stage",30,30,6,30,"CRM","additive_shared","additive_shared","previous_dose",0.15,0.85,"previous_dose_additive",0.5,0.5,0.15,0.85,0.15,0.85,3,1,"highest_utility","continuous",0.0179,28,2,"any_admissible_dose",0.9,0.9,0.2,0.85,3,1,0,3,0.05,0.2,0.1149,0.2568,50.8095,0.1699,NA,NA,0.2,4.2,3.909,3.776,1.216,30,19.727,0,0,0,1088.8314,1000,1000
64,24,4,"five_scenarios_txt",1,5,4,0.3,"two_stage",30,30,6,30,"CRM","additive_shared","additive_shared","previous_dose",0.15,0.85,"previous_dose_additive",0.5,0.5,0.15,0.85,0.15,0.85,3,1,"highest_utility","continuous",0.0179,28,2,"any_admissible_dose",0.9,0.9,0.2,0.85,3,1,0,4,0.1,0.5,0.1479,0.5194,65.2466,0.1699,NA,NA,6.9,57.3,11.25,9.596,4.248,30,19.727,0,0,0,1088.8314,1000,1000
64,24,4,"five_scenarios_txt",1,5,4,0.3,"two_stage",30,30,6,30,"CRM","additive_shared","additive_shared","previous_dose",0.15,0.85,"previous_dose_additive",0.5,0.5,0.15,0.85,0.15,0.85,3,1,"highest_utility","continuous",0.0179,28,2,"any_admissible_dose",0.9,0.9,0.2,0.85,3,1,0,5,0.25,0.5,0.226,0.51,61.563,0.1699,NA,NA,92.9,37.3,8.163,7.162,2.155,30,19.727,0,0,0,1088.8314,1000,1000
65,27,2,"higher_gap_above_MTD",1,3,3,0.3,"two_stage",30,30,6,30,"CRM","additive_shared","additive_shared","previous_dose",0.15,0.85,"previous_dose_additive",0.5,0.5,0.15,0.85,0.15,0.85,3,1,"highest_utility","continuous",0.0179,28,2,"any_admissible_dose",0.9,0.9,0.2,0.85,3,1,0,1,0.11,0.1,0.1953,0.1524,41.3289,0.2114,NA,NA,9,19,8.736,7.112,2.18,28.896,18.84,0.3,0.3,7.6,1036.3124,1000,1000
65,27,2,"higher_gap_above_MTD",1,3,3,0.3,"two_stage",30,30,6,30,"CRM","additive_shared","additive_shared","previous_dose",0.15,0.85,"previous_dose_additive",0.5,0.5,0.15,0.85,0.15,0.85,3,1,"highest_utility","continuous",0.0179,28,2,"any_admissible_dose",0.9,0.9,0.2,0.85,3,1,0,2,0.17,0.2,0.2466,0.2475,44.9868,0.2114,NA,NA,32.2,32.8,8.781,7.66,4.095,28.896,18.84,0.3,0.3,7.6,1036.3124,1000,1000
65,27,2,"higher_gap_above_MTD",1,3,3,0.3,"two_stage",30,30,6,30,"CRM","additive_shared","additive_shared","previous_dose",0.15,0.85,"previous_dose_additive",0.5,0.5,0.15,0.85,0.15,0.85,3,1,"highest_utility","continuous",0.0179,28,2,"any_admissible_dose",0.9,0.9,0.2,0.85,3,1,0,3,0.3,0.4,0.3454,0.4301,51.9904,0.2114,NA,NA,49.8,36.7,8.472,7.514,2.746,28.896,18.84,0.3,0.3,7.6,1036.3124,1000,1000
65,27,2,"higher_gap_above_MTD",1,3,3,0.3,"two_stage",30,30,6,30,"CRM","additive_shared","additive_shared","previous_dose",0.15,0.85,"previous_dose_additive",0.5,0.5,0.15,0.85,0.15,0.85,3,1,"highest_utility","continuous",0.0179,28,2,"any_admissible_dose",0.9,0.9,0.2,0.85,3,1,0,4,0.5,0.42,0.3937,0.5008,54.3032,0.2114,NA,NA,8.6,3.9,2.526,2.43,0.929,28.896,18.84,0.3,0.3,7.6,1036.3124,1000,1000
65,27,2,"higher_gap_above_MTD",1,3,3,0.3,"two_stage",30,30,6,30,"CRM","additive_shared","additive_shared","previous_dose",0.15,0.85,"previous_dose_additive",0.5,0.5,0.15,0.85,0.15,0.85,3,1,"highest_utility","continuous",0.0179,28,2,"any_admissible_dose",0.9,0.9,0.2,0.85,3,1,0,5,0.62,0.45,0.4888,0.4996,50.4236,0.2114,NA,NA,0.1,0,0.381,0.378,0.106,28.896,18.84,0.3,0.3,7.6,1036.3124,1000,1000
66,38,38,"user_added",1,5,5,0.3,"two_stage",30,30,6,30,"CRM","additive_shared","additive_shared","previous_dose",0.15,0.85,"previous_dose_additive",0.5,0.5,0.15,0.85,0.15,0.85,3,1,"highest_utility","continuous",0.0179,28,2,"any_admissible_dose",0.9,0.9,0.2,0.85,3,1,0,1,0.05,0.05,0.0834,0.1259,44.2184,0.1829,NA,NA,1.2,13.5,5.91,5.275,1.23,29.736,18.458,0,0,1.7,1015.3174,1000,1000
66,38,38,"user_added",1,5,5,0.3,"two_stage",30,30,6,30,"CRM","additive_shared","additive_shared","previous_dose",0.15,0.85,"previous_dose_additive",0.5,0.5,0.15,0.85,0.15,0.85,3,1,"highest_utility","continuous",0.0179,28,2,"any_admissible_dose",0.9,0.9,0.2,0.85,3,1,0,2,0.1,0.08,0.1172,0.1548,44.602,0.1829,NA,NA,1,12.8,5.481,5.082,3.31,29.736,18.458,0,0,1.7,1015.3174,1000,1000
66,38,38,"user_added",1,5,5,0.3,"two_stage",30,30,6,30,"CRM","additive_shared","additive_shared","previous_dose",0.15,0.85,"previous_dose_additive",0.5,0.5,0.15,0.85,0.15,0.85,3,1,"highest_utility","continuous",0.0179,28,2,"any_admissible_dose",0.9,0.9,0.2,0.85,3,1,0,3,0.12,0.12,0.193,0.1843,43.3359,0.1829,NA,NA,6.9,11.1,4.755,4.488,1.636,29.736,18.458,0,0,1.7,1015.3174,1000,1000
66,38,38,"user_added",1,5,5,0.3,"two_stage",30,30,6,30,"CRM","additive_shared","additive_shared","previous_dose",0.15,0.85,"previous_dose_additive",0.5,0.5,0.15,0.85,0.15,0.85,3,1,"highest_utility","continuous",0.0179,28,2,"any_admissible_dose",0.9,0.9,0.2,0.85,3,1,0,4,0.15,0.15,0.2349,0.2341,44.6478,0.1829,NA,NA,28.4,12.2,5.193,4.829,2.464,29.736,18.458,0,0,1.7,1015.3174,1000,1000
66,38,38,"user_added",1,5,5,0.3,"two_stage",30,30,6,30,"CRM","additive_shared","additive_shared","previous_dose",0.15,0.85,"previous_dose_additive",0.5,0.5,0.15,0.85,0.15,0.85,3,1,"highest_utility","continuous",0.0179,28,2,"any_admissible_dose",0.9,0.9,0.2,0.85,3,1,0,5,0.3,0.5,0.3261,0.5143,57.812,0.1829,NA,NA,62.5,48.7,8.397,7.245,2.638,29.736,18.458,0,0,1.7,1015.3174,1000,1000
67,1,1,"base_example",1,1,1,0.3,"one_stage",30,30,30,30,"CRM","additive_shared","additive_shared","previous_dose",0.15,0.85,"previous_dose_additive",0.5,0.5,0.15,0.85,0.15,0.85,3,1,"highest_utility","continuous",0.0179,28,2,"any_admissible_dose",0.9,0.9,0.2,0.85,3,1,0,1,0.3,0.05,0.4075,0.0824,28.6419,0.223,NA,NA,71.9,8.8,12.153,8.985,3.478,15.405,10.063,20.1,20.2,89,548.5694,1000,1000
67,1,1,"base_example",1,1,1,0.3,"one_stage",30,30,30,30,"CRM","additive_shared","additive_shared","previous_dose",0.15,0.85,"previous_dose_additive",0.5,0.5,0.15,0.85,0.15,0.85,3,1,"highest_utility","continuous",0.0179,28,2,"any_admissible_dose",0.9,0.9,0.2,0.85,3,1,0,2,0.35,0.06,0.4616,0.3374,41.7768,0.223,NA,NA,6.8,1.7,2.475,2.294,1.5,15.405,10.063,20.1,20.2,89,548.5694,1000,1000
67,1,1,"base_example",1,1,1,0.3,"one_stage",30,30,30,30,"CRM","additive_shared","additive_shared","previous_dose",0.15,0.85,"previous_dose_additive",0.5,0.5,0.15,0.85,0.15,0.85,3,1,"highest_utility","continuous",0.0179,28,2,"any_admissible_dose",0.9,0.9,0.2,0.85,3,1,0,3,0.4,0.07,0.5539,0.4425,44.3921,0.223,NA,NA,1.2,0.5,0.609,0.595,0.262,15.405,10.063,20.1,20.2,89,548.5694,1000,1000
67,1,1,"base_example",1,1,1,0.3,"one_stage",30,30,30,30,"CRM","additive_shared","additive_shared","previous_dose",0.15,0.85,"previous_dose_additive",0.5,0.5,0.15,0.85,0.15,0.85,3,1,"highest_utility","continuous",0.0179,28,2,"any_admissible_dose",0.9,0.9,0.2,0.85,3,1,0,4,0.45,0.08,0.5949,0.4883,45.5006,0.223,NA,NA,0,0,0.15,0.147,0.088,15.405,10.063,20.1,20.2,89,548.5694,1000,1000
67,1,1,"base_example",1,1,1,0.3,"one_stage",30,30,30,30,"CRM","additive_shared","additive_shared","previous_dose",0.15,0.85,"previous_dose_additive",0.5,0.5,0.15,0.85,0.15,0.85,3,1,"highest_utility","continuous",0.0179,28,2,"any_admissible_dose",0.9,0.9,0.2,0.85,3,1,0,5,0.5,0.09,0.6701,0.4982,43.0846,0.223,NA,NA,0,0,0.018,0.018,0.014,15.405,10.063,20.1,20.2,89,548.5694,1000,1000
68,16,1,"five_scenarios_txt",1,5,1,0.3,"one_stage",30,30,30,30,"CRM","additive_shared","additive_shared","previous_dose",0.15,0.85,"previous_dose_additive",0.5,0.5,0.15,0.85,0.15,0.85,3,1,"highest_utility","continuous",0.0179,28,2,"any_admissible_dose",0.9,0.9,0.2,0.85,3,1,0,1,0.02,0.2,0.0533,0.2233,51.2665,0.177,NA,NA,0,24.9,7.527,6.555,1.822,30,18.115,0,0,0,993.6379,1000,1000
68,16,1,"five_scenarios_txt",1,5,1,0.3,"one_stage",30,30,30,30,"CRM","additive_shared","additive_shared","previous_dose",0.15,0.85,"previous_dose_additive",0.5,0.5,0.15,0.85,0.15,0.85,3,1,"highest_utility","continuous",0.0179,28,2,"any_admissible_dose",0.9,0.9,0.2,0.85,3,1,0,2,0.06,0.2,0.0791,0.2515,51.9251,0.177,NA,NA,0.2,30.8,7.917,6.982,3.968,30,18.115,0,0,0,993.6379,1000,1000
68,16,1,"five_scenarios_txt",1,5,1,0.3,"one_stage",30,30,30,30,"CRM","additive_shared","additive_shared","previous_dose",0.15,0.85,"previous_dose_additive",0.5,0.5,0.15,0.85,0.15,0.85,3,1,"highest_utility","continuous",0.0179,28,2,"any_admissible_dose",0.9,0.9,0.2,0.85,3,1,0,3,0.09,0.2,0.1414,0.2544,49.6124,0.177,NA,NA,3.1,19.4,5.859,5.344,2.287,30,18.115,0,0,0,993.6379,1000,1000
68,16,1,"five_scenarios_txt",1,5,1,0.3,"one_stage",30,30,30,30,"CRM","additive_shared","additive_shared","previous_dose",0.15,0.85,"previous_dose_additive",0.5,0.5,0.15,0.85,0.15,0.85,3,1,"highest_utility","continuous",0.0179,28,2,"any_admissible_dose",0.9,0.9,0.2,0.85,3,1,0,4,0.14,0.2,0.1777,0.2694,49.0584,0.177,NA,NA,23.8,16.5,5.211,4.759,2.372,30,18.115,0,0,0,993.6379,1000,1000
68,16,1,"five_scenarios_txt",1,5,1,0.3,"one_stage",30,30,30,30,"CRM","additive_shared","additive_shared","previous_dose",0.15,0.85,"previous_dose_additive",0.5,0.5,0.15,0.85,0.15,0.85,3,1,"highest_utility","continuous",0.0179,28,2,"any_admissible_dose",0.9,0.9,0.2,0.85,3,1,0,5,0.26,0.2,0.2609,0.3247,49.0473,0.177,NA,NA,72.9,8.4,3.486,3.257,1.436,30,18.115,0,0,0,993.6379,1000,1000
69,20,5,"five_scenarios_txt",1,3,2,0.3,"one_stage",30,30,30,30,"CRM","additive_shared","additive_shared","previous_dose",0.15,0.85,"previous_dose_additive",0.5,0.5,0.15,0.85,0.15,0.85,3,1,"highest_utility","continuous",0.0179,28,2,"any_admissible_dose",0.9,0.9,0.2,0.85,3,1,0,1,0.07,0.05,0.167,0.1225,40.6746,0.2071,NA,NA,4.7,10.2,6.891,5.942,1.426,29.139,18.26,0.1,0.1,5.2,1003.0095,1000,1000
69,20,5,"five_scenarios_txt",1,3,2,0.3,"one_stage",30,30,30,30,"CRM","additive_shared","additive_shared","previous_dose",0.15,0.85,"previous_dose_additive",0.5,0.5,0.15,0.85,0.15,0.85,3,1,"highest_utility","continuous",0.0179,28,2,"any_admissible_dose",0.9,0.9,0.2,0.85,3,1,0,2,0.14,0.25,0.2152,0.2696,47.566,0.2071,NA,NA,19.5,54.7,12.063,9.98,5.453,29.139,18.26,0.1,0.1,5.2,1003.0095,1000,1000
69,20,5,"five_scenarios_txt",1,3,2,0.3,"one_stage",30,30,30,30,"CRM","additive_shared","additive_shared","previous_dose",0.15,0.85,"previous_dose_additive",0.5,0.5,0.15,0.85,0.15,0.85,3,1,"highest_utility","continuous",0.0179,28,2,"any_admissible_dose",0.9,0.9,0.2,0.85,3,1,0,3,0.31,0.25,0.311,0.2893,44.9169,0.2071,NA,NA,51.5,22.3,6.69,5.941,2.393,29.139,18.26,0.1,0.1,5.2,1003.0095,1000,1000
69,20,5,"five_scenarios_txt",1,3,2,0.3,"one_stage",30,30,30,30,"CRM","additive_shared","additive_shared","previous_dose",0.15,0.85,"previous_dose_additive",0.5,0.5,0.15,0.85,0.15,0.85,3,1,"highest_utility","continuous",0.0179,28,2,"any_admissible_dose",0.9,0.9,0.2,0.85,3,1,0,4,0.41,0.25,0.3588,0.3988,49.577,0.2071,NA,NA,21.8,7.2,2.979,2.781,1.38,29.139,18.26,0.1,0.1,5.2,1003.0095,1000,1000
69,20,5,"five_scenarios_txt",1,3,2,0.3,"one_stage",30,30,30,30,"CRM","additive_shared","additive_shared","previous_dose",0.15,0.85,"previous_dose_additive",0.5,0.5,0.15,0.85,0.15,0.85,3,1,"highest_utility","continuous",0.0179,28,2,"any_admissible_dose",0.9,0.9,0.2,0.85,3,1,0,5,0.52,0.25,0.4548,0.4767,50.4086,0.2071,NA,NA,2.4,0.4,0.516,0.497,0.227,29.139,18.26,0.1,0.1,5.2,1003.0095,1000,1000
70,24,4,"five_scenarios_txt",1,5,4,0.3,"one_stage",30,30,30,30,"CRM","additive_shared","additive_shared","previous_dose",0.15,0.85,"previous_dose_additive",0.5,0.5,0.15,0.85,0.15,0.85,3,1,"highest_utility","continuous",0.0179,28,2,"any_admissible_dose",0.9,0.9,0.2,0.85,3,1,0,1,0.01,0.05,0.0355,0.143,47.1637,0.1608,NA,NA,0,0.4,3.387,3.282,0.17,30,19.565,0,0,0,1079.8865,1000,1000
70,24,4,"five_scenarios_txt",1,5,4,0.3,"one_stage",30,30,30,30,"CRM","additive_shared","additive_shared","previous_dose",0.15,0.85,"previous_dose_additive",0.5,0.5,0.15,0.85,0.15,0.85,3,1,"highest_utility","continuous",0.0179,28,2,"any_admissible_dose",0.9,0.9,0.2,0.85,3,1,0,2,0.02,0.08,0.0553,0.1758,48.3382,0.1608,NA,NA,0,0.8,3.366,3.324,2.477,30,19.565,0,0,0,1079.8865,1000,1000
70,24,4,"five_scenarios_txt",1,5,4,0.3,"one_stage",30,30,30,30,"CRM","additive_shared","additive_shared","previous_dose",0.15,0.85,"previous_dose_additive",0.5,0.5,0.15,0.85,0.15,0.85,3,1,"highest_utility","continuous",0.0179,28,2,"any_admissible_dose",0.9,0.9,0.2,0.85,3,1,0,3,0.05,0.2,0.1062,0.2471,50.5758,0.1608,NA,NA,0.2,3.4,4.122,3.856,1.35,30,19.565,0,0,0,1079.8865,1000,1000
70,24,4,"five_scenarios_txt",1,5,4,0.3,"one_stage",30,30,30,30,"CRM","additive_shared","additive_shared","previous_dose",0.15,0.85,"previous_dose_additive",0.5,0.5,0.15,0.85,0.15,0.85,3,1,"highest_utility","continuous",0.0179,28,2,"any_admissible_dose",0.9,0.9,0.2,0.85,3,1,0,4,0.1,0.5,0.1376,0.5163,65.4745,0.1608,NA,NA,58,66.7,13.989,11.133,4.847,30,19.565,0,0,0,1079.8865,1000,1000
70,24,4,"five_scenarios_txt",1,5,4,0.3,"one_stage",30,30,30,30,"CRM","additive_shared","additive_shared","previous_dose",0.15,0.85,"previous_dose_additive",0.5,0.5,0.15,0.85,0.15,0.85,3,1,"highest_utility","continuous",0.0179,28,2,"any_admissible_dose",0.9,0.9,0.2,0.85,3,1,0,5,0.25,0.5,0.2126,0.516,62.4533,0.1608,NA,NA,41.8,28.7,5.136,4.239,1.591,30,19.565,0,0,0,1079.8865,1000,1000
71,27,2,"higher_gap_above_MTD",1,3,3,0.3,"one_stage",30,30,30,30,"CRM","additive_shared","additive_shared","previous_dose",0.15,0.85,"previous_dose_additive",0.5,0.5,0.15,0.85,0.15,0.85,3,1,"highest_utility","continuous",0.0179,28,2,"any_admissible_dose",0.9,0.9,0.2,0.85,3,1,0,1,0.11,0.1,0.1909,0.1495,41.3329,0.2065,NA,NA,9.1,18.1,9.177,7.44,2.246,28.821,18.618,0.3,0.3,8.3,1023.4119,1000,1000
71,27,2,"higher_gap_above_MTD",1,3,3,0.3,"one_stage",30,30,30,30,"CRM","additive_shared","additive_shared","previous_dose",0.15,0.85,"previous_dose_additive",0.5,0.5,0.15,0.85,0.15,0.85,3,1,"highest_utility","continuous",0.0179,28,2,"any_admissible_dose",0.9,0.9,0.2,0.85,3,1,0,2,0.17,0.2,0.2417,0.2422,44.8622,0.2065,NA,NA,29.7,32.7,8.787,7.607,4.065,28.821,18.618,0.3,0.3,8.3,1023.4119,1000,1000
71,27,2,"higher_gap_above_MTD",1,3,3,0.3,"one_stage",30,30,30,30,"CRM","additive_shared","additive_shared","previous_dose",0.15,0.85,"previous_dose_additive",0.5,0.5,0.15,0.85,0.15,0.85,3,1,"highest_utility","continuous",0.0179,28,2,"any_admissible_dose",0.9,0.9,0.2,0.85,3,1,0,3,0.3,0.4,0.34,0.4215,51.6897,0.2065,NA,NA,53.2,38,8.742,7.521,2.997,28.821,18.618,0.3,0.3,8.3,1023.4119,1000,1000
71,27,2,"higher_gap_above_MTD",1,3,3,0.3,"one_stage",30,30,30,30,"CRM","additive_shared","additive_shared","previous_dose",0.15,0.85,"previous_dose_additive",0.5,0.5,0.15,0.85,0.15,0.85,3,1,"highest_utility","continuous",0.0179,28,2,"any_admissible_dose",0.9,0.9,0.2,0.85,3,1,0,4,0.5,0.42,0.3881,0.5006,54.5096,0.2065,NA,NA,7.7,2.9,2.001,1.881,0.838,28.821,18.618,0.3,0.3,8.3,1023.4119,1000,1000
71,27,2,"higher_gap_above_MTD",1,3,3,0.3,"one_stage",30,30,30,30,"CRM","additive_shared","additive_shared","previous_dose",0.15,0.85,"previous_dose_additive",0.5,0.5,0.15,0.85,0.15,0.85,3,1,"highest_utility","continuous",0.0179,28,2,"any_admissible_dose",0.9,0.9,0.2,0.85,3,1,0,5,0.62,0.45,0.4834,0.5014,50.7467,0.2065,NA,NA,0,0,0.114,0.108,0.057,28.821,18.618,0.3,0.3,8.3,1023.4119,1000,1000
72,38,38,"user_added",1,5,5,0.3,"one_stage",30,30,30,30,"CRM","additive_shared","additive_shared","previous_dose",0.15,0.85,"previous_dose_additive",0.5,0.5,0.15,0.85,0.15,0.85,3,1,"highest_utility","continuous",0.0179,28,2,"any_admissible_dose",0.9,0.9,0.2,0.85,3,1,0,1,0.05,0.05,0.0835,0.1223,44.0015,0.1814,NA,NA,1.2,12.2,6.132,5.462,1.254,29.736,18.394,0,0,1.6,1011.4914,1000,1000
72,38,38,"user_added",1,5,5,0.3,"one_stage",30,30,30,30,"CRM","additive_shared","additive_shared","previous_dose",0.15,0.85,"previous_dose_additive",0.5,0.5,0.15,0.85,0.15,0.85,3,1,"highest_utility","continuous",0.0179,28,2,"any_admissible_dose",0.9,0.9,0.2,0.85,3,1,0,2,0.1,0.08,0.1172,0.1521,44.4341,0.1814,NA,NA,1,12.4,5.637,5.192,3.343,29.736,18.394,0,0,1.6,1011.4914,1000,1000
72,38,38,"user_added",1,5,5,0.3,"one_stage",30,30,30,30,"CRM","additive_shared","additive_shared","previous_dose",0.15,0.85,"previous_dose_additive",0.5,0.5,0.15,0.85,0.15,0.85,3,1,"highest_utility","continuous",0.0179,28,2,"any_admissible_dose",0.9,0.9,0.2,0.85,3,1,0,3,0.12,0.12,0.193,0.1845,43.3478,0.1814,NA,NA,7.5,12.1,4.8,4.506,1.72,29.736,18.394,0,0,1.6,1011.4914,1000,1000
72,38,38,"user_added",1,5,5,0.3,"one_stage",30,30,30,30,"CRM","additive_shared","additive_shared","previous_dose",0.15,0.85,"previous_dose_additive",0.5,0.5,0.15,0.85,0.15,0.85,3,1,"highest_utility","continuous",0.0179,28,2,"any_admissible_dose",0.9,0.9,0.2,0.85,3,1,0,4,0.15,0.15,0.2348,0.2302,44.4202,0.1814,NA,NA,28.1,12,5.016,4.614,2.406,29.736,18.394,0,0,1.6,1011.4914,1000,1000
72,38,38,"user_added",1,5,5,0.3,"one_stage",30,30,30,30,"CRM","additive_shared","additive_shared","previous_dose",0.15,0.85,"previous_dose_additive",0.5,0.5,0.15,0.85,0.15,0.85,3,1,"highest_utility","continuous",0.0179,28,2,"any_admissible_dose",0.9,0.9,0.2,0.85,3,1,0,5,0.3,0.5,0.3258,0.5176,58.0213,0.1814,NA,NA,62.2,49.7,8.151,6.978,2.619,29.736,18.394,0,0,1.6,1011.4914,1000,1000
