"Scenario_Set","Scenario_Name","Scenario","Model","Method","BOIN_Method","BOIN_r_estimator","CRM_r_model","CFO_Method","Alpha_true","r_carry","Accrual","T_assess","Cycle_Max","Continuous_Enrollment","Restrict_To_Tried","Dose","True_DLT_rate","True_IPDE_DLT_rate","Estimated_pj","r_hat","r_cap","r_use","MTD_Selection_pct","Pts_Treated","Unique_Pts_by_Dose","IPDE_Doses","Total_Administrations","Total_Unique_Patients","Early_Stopping_pct","Duration","n_valid","ntrial_from_files","CRM_Skeleton","CRM_Theta_Prior_Mean","CRM_Theta_Prior_SD","CRM_r_Prior_a","CRM_r_Prior_b","CFO_Skeleton","CFO_Model_File","CFO_Sigma2_Beta","CFO_Eta","CFO_PK_Method","CFO_N_MC_W","CFO_M_Use","CFO_Use_Monotone_Pair","CFO_N_Chains","CFO_N_Adapt","CFO_N_Burnin","CFO_N_Iter","CFO_Thin","CRM_Dose_Values","CRM_Alpha_Grid_Length","CRM_Dose_Scores_Raw","CRM_Dose_Scores","CRM_Cumu_Beta0_Mean","CRM_Cumu_Beta0_Prec","CRM_Cumu_Beta0_DF","CRM_Cumu_Beta1_Shape","CRM_Cumu_Beta1_Rate","CRM_Cumu_Beta2_Rate","CRM_Cumu_Include_Current"
"Set_5dose_methods_prior","Set_5dose_methods_prior_SC1",1,"CRM","crm_fixed",NA,NA,"fixed",NA,0,0,0.0714,28,1,1,1,1,0.07,0.07,0.0805,0,NA,NA,0,4.0543,4.0543,0,29.9473,29.9473,0.2067,437.3492,1935,1935,"0.15,0.2,0.3,0.35,0.45",0,1.4142,0.15,0.85,NA,NA,NA,NA,NA,NA,NA,NA,NA,NA,NA,NA,NA,NA,NA,NA,NA,NA,NA,NA,NA,NA,NA,NA
"Set_5dose_methods_prior","Set_5dose_methods_prior_SC1",1,"CRM","crm_fixed",NA,NA,"fixed",NA,0,0,0.0714,28,1,1,1,2,0.12,0.12,0.1133,NA,NA,NA,1.9638,4.0016,4.0016,0,29.9473,29.9473,0.2067,437.3492,1935,1935,"0.15,0.2,0.3,0.35,0.45",0,1.4142,0.15,0.85,NA,NA,NA,NA,NA,NA,NA,NA,NA,NA,NA,NA,NA,NA,NA,NA,NA,NA,NA,NA,NA,NA,NA,NA
"Set_5dose_methods_prior","Set_5dose_methods_prior_SC1",1,"CRM","crm_fixed",NA,NA,"fixed",NA,0,0,0.0714,28,1,1,1,3,0.17,0.17,0.1874,NA,NA,NA,11.3695,5.3101,5.3101,0,29.9473,29.9473,0.2067,437.3492,1935,1935,"0.15,0.2,0.3,0.35,0.45",0,1.4142,0.15,0.85,NA,NA,NA,NA,NA,NA,NA,NA,NA,NA,NA,NA,NA,NA,NA,NA,NA,NA,NA,NA,NA,NA,NA,NA
"Set_5dose_methods_prior","Set_5dose_methods_prior_SC1",1,"CRM","crm_fixed",NA,NA,"fixed",NA,0,0,0.0714,28,1,1,1,4,0.22,0.22,0.2284,NA,NA,NA,25.168,6.1736,6.1736,0,29.9473,29.9473,0.2067,437.3492,1935,1935,"0.15,0.2,0.3,0.35,0.45",0,1.4142,0.15,0.85,NA,NA,NA,NA,NA,NA,NA,NA,NA,NA,NA,NA,NA,NA,NA,NA,NA,NA,NA,NA,NA,NA,NA,NA
"Set_5dose_methods_prior","Set_5dose_methods_prior_SC1",1,"CRM","crm_fixed",NA,NA,"fixed",NA,0,0,0.0714,28,1,1,1,5,0.3,0.3,0.3183,NA,NA,NA,61.292,10.4078,10.4078,0,29.9473,29.9473,0.2067,437.3492,1935,1935,"0.15,0.2,0.3,0.35,0.45",0,1.4142,0.15,0.85,NA,NA,NA,NA,NA,NA,NA,NA,NA,NA,NA,NA,NA,NA,NA,NA,NA,NA,NA,NA,NA,NA,NA,NA
"Set_5dose_methods_prior","Set_5dose_methods_prior_SC1",1,"CRM","crm_level",NA,NA,"level",NA,0,0,0.0714,28,1,1,1,1,0.07,0.07,0.0804,NA,NA,NA,0,4.0558,4.0558,0,29.9473,29.9473,0.2067,437.3492,1935,1935,"0.15,0.2,0.3,0.35,0.45",0,1.4142,0.15,0.85,NA,NA,NA,NA,NA,NA,NA,NA,NA,NA,NA,NA,NA,NA,NA,NA,NA,NA,NA,NA,NA,NA,NA,NA
"Set_5dose_methods_prior","Set_5dose_methods_prior_SC1",1,"CRM","crm_level",NA,NA,"level",NA,0,0,0.0714,28,1,1,1,2,0.12,0.12,0.1133,0.082,NA,NA,1.9638,3.9938,3.9938,0,29.9473,29.9473,0.2067,437.3492,1935,1935,"0.15,0.2,0.3,0.35,0.45",0,1.4142,0.15,0.85,NA,NA,NA,NA,NA,NA,NA,NA,NA,NA,NA,NA,NA,NA,NA,NA,NA,NA,NA,NA,NA,NA,NA,NA
"Set_5dose_methods_prior","Set_5dose_methods_prior_SC1",1,"CRM","crm_level",NA,NA,"level",NA,0,0,0.0714,28,1,1,1,3,0.17,0.17,0.1873,0.0825,NA,NA,11.1628,5.307,5.307,0,29.9473,29.9473,0.2067,437.3492,1935,1935,"0.15,0.2,0.3,0.35,0.45",0,1.4142,0.15,0.85,NA,NA,NA,NA,NA,NA,NA,NA,NA,NA,NA,NA,NA,NA,NA,NA,NA,NA,NA,NA,NA,NA,NA,NA
"Set_5dose_methods_prior","Set_5dose_methods_prior_SC1",1,"CRM","crm_level",NA,NA,"level",NA,0,0,0.0714,28,1,1,1,4,0.22,0.22,0.2283,0.0851,NA,NA,25.2713,6.1953,6.1953,0,29.9473,29.9473,0.2067,437.3492,1935,1935,"0.15,0.2,0.3,0.35,0.45",0,1.4142,0.15,0.85,NA,NA,NA,NA,NA,NA,NA,NA,NA,NA,NA,NA,NA,NA,NA,NA,NA,NA,NA,NA,NA,NA,NA,NA
"Set_5dose_methods_prior","Set_5dose_methods_prior_SC1",1,"CRM","crm_level",NA,NA,"level",NA,0,0,0.0714,28,1,1,1,5,0.3,0.3,0.3181,0.0944,NA,NA,61.3953,10.3953,10.3953,0,29.9473,29.9473,0.2067,437.3492,1935,1935,"0.15,0.2,0.3,0.35,0.45",0,1.4142,0.15,0.85,NA,NA,NA,NA,NA,NA,NA,NA,NA,NA,NA,NA,NA,NA,NA,NA,NA,NA,NA,NA,NA,NA,NA,NA
"Set_5dose_methods_prior","Set_5dose_methods_prior_SC1",1,"CRM","crm_random",NA,NA,"random",NA,0,0,0.0714,28,1,1,1,1,0.07,0.07,0.0805,0.0769,NA,NA,0,4.0589,4.0589,0,29.9473,29.9473,0.2067,437.3492,1935,1935,"0.15,0.2,0.3,0.35,0.45",0,1.4142,0.15,0.85,NA,NA,NA,NA,NA,NA,NA,NA,NA,NA,NA,NA,NA,NA,NA,NA,NA,NA,NA,NA,NA,NA,NA,NA
"Set_5dose_methods_prior","Set_5dose_methods_prior_SC1",1,"CRM","crm_random",NA,NA,"random",NA,0,0,0.0714,28,1,1,1,2,0.12,0.12,0.1133,NA,NA,NA,1.9638,3.9907,3.9907,0,29.9473,29.9473,0.2067,437.3492,1935,1935,"0.15,0.2,0.3,0.35,0.45",0,1.4142,0.15,0.85,NA,NA,NA,NA,NA,NA,NA,NA,NA,NA,NA,NA,NA,NA,NA,NA,NA,NA,NA,NA,NA,NA,NA,NA
"Set_5dose_methods_prior","Set_5dose_methods_prior_SC1",1,"CRM","crm_random",NA,NA,"random",NA,0,0,0.0714,28,1,1,1,3,0.17,0.17,0.1873,NA,NA,NA,11.2145,5.3085,5.3085,0,29.9473,29.9473,0.2067,437.3492,1935,1935,"0.15,0.2,0.3,0.35,0.45",0,1.4142,0.15,0.85,NA,NA,NA,NA,NA,NA,NA,NA,NA,NA,NA,NA,NA,NA,NA,NA,NA,NA,NA,NA,NA,NA,NA,NA
"Set_5dose_methods_prior","Set_5dose_methods_prior_SC1",1,"CRM","crm_random",NA,NA,"random",NA,0,0,0.0714,28,1,1,1,4,0.22,0.22,0.2283,NA,NA,NA,25.2196,6.1969,6.1969,0,29.9473,29.9473,0.2067,437.3492,1935,1935,"0.15,0.2,0.3,0.35,0.45",0,1.4142,0.15,0.85,NA,NA,NA,NA,NA,NA,NA,NA,NA,NA,NA,NA,NA,NA,NA,NA,NA,NA,NA,NA,NA,NA,NA,NA
"Set_5dose_methods_prior","Set_5dose_methods_prior_SC1",1,"CRM","crm_random",NA,NA,"random",NA,0,0,0.0714,28,1,1,1,5,0.3,0.3,0.3182,NA,NA,NA,61.3953,10.3922,10.3922,0,29.9473,29.9473,0.2067,437.3492,1935,1935,"0.15,0.2,0.3,0.35,0.45",0,1.4142,0.15,0.85,NA,NA,NA,NA,NA,NA,NA,NA,NA,NA,NA,NA,NA,NA,NA,NA,NA,NA,NA,NA,NA,NA,NA,NA
"Set_5dose_methods_prior","Set_5dose_methods_prior_SC1",1,"CRM","crm_alpha_crm",NA,NA,"alpha_crm",NA,0,0,0.0714,28,1,1,1,1,0.07,0.07,0.0804,NA,NA,NA,0,4.0558,4.0558,0,29.9473,29.9473,0.2067,437.3492,1935,1935,"0.15,0.2,0.3,0.35,0.45",0,1.4142,0.15,0.85,NA,NA,NA,NA,NA,NA,NA,NA,NA,NA,NA,NA,NA,"15,20,30,35,45",61,NA,NA,NA,NA,NA,NA,NA,NA,NA
"Set_5dose_methods_prior","Set_5dose_methods_prior_SC1",1,"CRM","crm_alpha_crm",NA,NA,"alpha_crm",NA,0,0,0.0714,28,1,1,1,2,0.12,0.12,0.1133,NA,NA,NA,1.9638,3.9953,3.9953,0,29.9473,29.9473,0.2067,437.3492,1935,1935,"0.15,0.2,0.3,0.35,0.45",0,1.4142,0.15,0.85,NA,NA,NA,NA,NA,NA,NA,NA,NA,NA,NA,NA,NA,"15,20,30,35,45",61,NA,NA,NA,NA,NA,NA,NA,NA,NA
"Set_5dose_methods_prior","Set_5dose_methods_prior_SC1",1,"CRM","crm_alpha_crm",NA,NA,"alpha_crm",NA,0,0,0.0714,28,1,1,1,3,0.17,0.17,0.1873,NA,NA,NA,11.1111,5.307,5.307,0,29.9473,29.9473,0.2067,437.3492,1935,1935,"0.15,0.2,0.3,0.35,0.45",0,1.4142,0.15,0.85,NA,NA,NA,NA,NA,NA,NA,NA,NA,NA,NA,NA,NA,"15,20,30,35,45",61,NA,NA,NA,NA,NA,NA,NA,NA,NA
"Set_5dose_methods_prior","Set_5dose_methods_prior_SC1",1,"CRM","crm_alpha_crm",NA,NA,"alpha_crm",NA,0,0,0.0714,28,1,1,1,4,0.22,0.22,0.2283,NA,NA,NA,25.1163,6.1364,6.1364,0,29.9473,29.9473,0.2067,437.3492,1935,1935,"0.15,0.2,0.3,0.35,0.45",0,1.4142,0.15,0.85,NA,NA,NA,NA,NA,NA,NA,NA,NA,NA,NA,NA,NA,"15,20,30,35,45",61,NA,NA,NA,NA,NA,NA,NA,NA,NA
"Set_5dose_methods_prior","Set_5dose_methods_prior_SC1",1,"CRM","crm_alpha_crm",NA,NA,"alpha_crm",NA,0,0,0.0714,28,1,1,1,5,0.3,0.3,0.3181,NA,NA,NA,61.6021,10.4527,10.4527,0,29.9473,29.9473,0.2067,437.3492,1935,1935,"0.15,0.2,0.3,0.35,0.45",0,1.4142,0.15,0.85,NA,NA,NA,NA,NA,NA,NA,NA,NA,NA,NA,NA,NA,"15,20,30,35,45",61,NA,NA,NA,NA,NA,NA,NA,NA,NA
"Set_5dose_methods_prior","Set_5dose_methods_prior_SC1",1,"CRM","crm_cumu_crm",NA,NA,"cumu_crm",NA,0,0,0.0714,28,1,1,1,1,0.07,0.07,0.0997,NA,NA,NA,0.0517,3.1829,3.1829,0,29.9721,29.9721,0.1034,437.677,1935,1935,"0.15,0.2,0.3,0.35,0.45",0,1.4142,0.15,0.85,NA,NA,NA,NA,NA,NA,NA,NA,NA,NA,NA,NA,NA,NA,NA,"15,20,30,35,45","0.62828086,0.83770782,1.25656172,1.46598868,1.88484259",-2.8,2,1,2.5,1.6,1,0
"Set_5dose_methods_prior","Set_5dose_methods_prior_SC1",1,"CRM","crm_cumu_crm",NA,NA,"cumu_crm",NA,0,0,0.0714,28,1,1,1,2,0.12,0.12,0.1234,NA,NA,NA,2.5323,4.214,4.214,0,29.9721,29.9721,0.1034,437.677,1935,1935,"0.15,0.2,0.3,0.35,0.45",0,1.4142,0.15,0.85,NA,NA,NA,NA,NA,NA,NA,NA,NA,NA,NA,NA,NA,NA,NA,"15,20,30,35,45","0.62828086,0.83770782,1.25656172,1.46598868,1.88484259",-2.8,2,1,2.5,1.6,1,0
"Set_5dose_methods_prior","Set_5dose_methods_prior_SC1",1,"CRM","crm_cumu_crm",NA,NA,"cumu_crm",NA,0,0,0.0714,28,1,1,1,3,0.17,0.17,0.1881,NA,NA,NA,9.354,5.3984,5.3984,0,29.9721,29.9721,0.1034,437.677,1935,1935,"0.15,0.2,0.3,0.35,0.45",0,1.4142,0.15,0.85,NA,NA,NA,NA,NA,NA,NA,NA,NA,NA,NA,NA,NA,NA,NA,"15,20,30,35,45","0.62828086,0.83770782,1.25656172,1.46598868,1.88484259",-2.8,2,1,2.5,1.6,1,0
"Set_5dose_methods_prior","Set_5dose_methods_prior_SC1",1,"CRM","crm_cumu_crm",NA,NA,"cumu_crm",NA,0,0,0.0714,28,1,1,1,4,0.22,0.22,0.2296,NA,NA,NA,26.7183,6.6558,6.6558,0,29.9721,29.9721,0.1034,437.677,1935,1935,"0.15,0.2,0.3,0.35,0.45",0,1.4142,0.15,0.85,NA,NA,NA,NA,NA,NA,NA,NA,NA,NA,NA,NA,NA,NA,NA,"15,20,30,35,45","0.62828086,0.83770782,1.25656172,1.46598868,1.88484259",-2.8,2,1,2.5,1.6,1,0
"Set_5dose_methods_prior","Set_5dose_methods_prior_SC1",1,"CRM","crm_cumu_crm",NA,NA,"cumu_crm",NA,0,0,0.0714,28,1,1,1,5,0.3,0.3,0.3272,NA,NA,NA,61.2403,10.5209,10.5209,0,29.9721,29.9721,0.1034,437.677,1935,1935,"0.15,0.2,0.3,0.35,0.45",0,1.4142,0.15,0.85,NA,NA,NA,NA,NA,NA,NA,NA,NA,NA,NA,NA,NA,NA,NA,"15,20,30,35,45","0.62828086,0.83770782,1.25656172,1.46598868,1.88484259",-2.8,2,1,2.5,1.6,1,0
"Set_5dose_methods_prior","Set_5dose_methods_prior_SC1",1,"CRM","crm_fixed",NA,NA,"fixed",NA,0,0,0.0714,28,2,1,1,1,0.07,0.07,0.0804,0,NA,NA,0,4.0543,4.0543,0,29.9473,21.909,0.2067,350.389,1935,1935,"0.15,0.2,0.3,0.35,0.45",0,1.4142,0.15,0.85,NA,NA,NA,NA,NA,NA,NA,NA,NA,NA,NA,NA,NA,NA,NA,NA,NA,NA,NA,NA,NA,NA,NA,NA
"Set_5dose_methods_prior","Set_5dose_methods_prior_SC1",1,"CRM","crm_fixed",NA,NA,"fixed",NA,0,0,0.0714,28,2,1,1,2,0.12,0.12,0.1132,NA,NA,NA,1.9638,3.9922,3.9922,3.3917,29.9473,21.909,0.2067,350.389,1935,1935,"0.15,0.2,0.3,0.35,0.45",0,1.4142,0.15,0.85,NA,NA,NA,NA,NA,NA,NA,NA,NA,NA,NA,NA,NA,NA,NA,NA,NA,NA,NA,NA,NA,NA,NA,NA
"Set_5dose_methods_prior","Set_5dose_methods_prior_SC1",1,"CRM","crm_fixed",NA,NA,"fixed",NA,0,0,0.0714,28,2,1,1,3,0.17,0.17,0.1872,NA,NA,NA,11.1111,5.3163,5.3163,0.3716,29.9473,21.909,0.2067,350.389,1935,1935,"0.15,0.2,0.3,0.35,0.45",0,1.4142,0.15,0.85,NA,NA,NA,NA,NA,NA,NA,NA,NA,NA,NA,NA,NA,NA,NA,NA,NA,NA,NA,NA,NA,NA,NA,NA
"Set_5dose_methods_prior","Set_5dose_methods_prior_SC1",1,"CRM","crm_fixed",NA,NA,"fixed",NA,0,0,0.0714,28,2,1,1,4,0.22,0.22,0.2282,NA,NA,NA,25.323,6.1674,6.1674,3.2481,29.9473,21.909,0.2067,350.389,1935,1935,"0.15,0.2,0.3,0.35,0.45",0,1.4142,0.15,0.85,NA,NA,NA,NA,NA,NA,NA,NA,NA,NA,NA,NA,NA,NA,NA,NA,NA,NA,NA,NA,NA,NA,NA,NA
"Set_5dose_methods_prior","Set_5dose_methods_prior_SC1",1,"CRM","crm_fixed",NA,NA,"fixed",NA,0,0,0.0714,28,2,1,1,5,0.3,0.3,0.3181,NA,NA,NA,61.3953,10.4171,10.4171,1.0269,29.9473,21.909,0.2067,350.389,1935,1935,"0.15,0.2,0.3,0.35,0.45",0,1.4142,0.15,0.85,NA,NA,NA,NA,NA,NA,NA,NA,NA,NA,NA,NA,NA,NA,NA,NA,NA,NA,NA,NA,NA,NA,NA,NA
"Set_5dose_methods_prior","Set_5dose_methods_prior_SC1",1,"CRM","crm_level",NA,NA,"level",NA,0,0,0.0714,28,2,1,1,1,0.07,0.07,0.0753,NA,NA,NA,0.0517,3.9364,3.9364,0,29.9473,22.2517,0.2067,352.5101,1935,1935,"0.15,0.2,0.3,0.35,0.45",0,1.4142,0.15,0.85,NA,NA,NA,NA,NA,NA,NA,NA,NA,NA,NA,NA,NA,NA,NA,NA,NA,NA,NA,NA,NA,NA,NA,NA
"Set_5dose_methods_prior","Set_5dose_methods_prior_SC1",1,"CRM","crm_level",NA,NA,"level",NA,0,0,0.0714,28,2,1,1,2,0.12,0.12,0.1068,0.0418,NA,NA,1.3953,3.8682,3.8682,3.2941,29.9473,22.2517,0.2067,352.5101,1935,1935,"0.15,0.2,0.3,0.35,0.45",0,1.4142,0.15,0.85,NA,NA,NA,NA,NA,NA,NA,NA,NA,NA,NA,NA,NA,NA,NA,NA,NA,NA,NA,NA,NA,NA,NA,NA
"Set_5dose_methods_prior","Set_5dose_methods_prior_SC1",1,"CRM","crm_level",NA,NA,"level",NA,0,0,0.0714,28,2,1,1,3,0.17,0.17,0.1785,0.0785,NA,NA,9.4574,4.9721,4.9721,0.3829,29.9473,22.2517,0.2067,352.5101,1935,1935,"0.15,0.2,0.3,0.35,0.45",0,1.4142,0.15,0.85,NA,NA,NA,NA,NA,NA,NA,NA,NA,NA,NA,NA,NA,NA,NA,NA,NA,NA,NA,NA,NA,NA,NA,NA
"Set_5dose_methods_prior","Set_5dose_methods_prior_SC1",1,"CRM","crm_level",NA,NA,"level",NA,0,0,0.0714,28,2,1,1,4,0.22,0.22,0.2186,0.0577,NA,NA,23.1525,5.6744,5.6744,3.1183,29.9473,22.2517,0.2067,352.5101,1935,1935,"0.15,0.2,0.3,0.35,0.45",0,1.4142,0.15,0.85,NA,NA,NA,NA,NA,NA,NA,NA,NA,NA,NA,NA,NA,NA,NA,NA,NA,NA,NA,NA,NA,NA,NA,NA
"Set_5dose_methods_prior","Set_5dose_methods_prior_SC1",1,"CRM","crm_level",NA,NA,"level",NA,0,0,0.0714,28,2,1,1,5,0.3,0.3,0.3071,0.0837,NA,NA,65.7364,11.4961,11.4961,0.9003,29.9473,22.2517,0.2067,352.5101,1935,1935,"0.15,0.2,0.3,0.35,0.45",0,1.4142,0.15,0.85,NA,NA,NA,NA,NA,NA,NA,NA,NA,NA,NA,NA,NA,NA,NA,NA,NA,NA,NA,NA,NA,NA,NA,NA
"Set_5dose_methods_prior","Set_5dose_methods_prior_SC1",1,"CRM","crm_random",NA,NA,"random",NA,0,0,0.0714,28,2,1,1,1,0.07,0.07,0.0764,0.033,NA,NA,0.155,3.9194,3.9194,0,29.9473,22.2052,0.2067,352.2703,1935,1935,"0.15,0.2,0.3,0.35,0.45",0,1.4142,0.15,0.85,NA,NA,NA,NA,NA,NA,NA,NA,NA,NA,NA,NA,NA,NA,NA,NA,NA,NA,NA,NA,NA,NA,NA,NA
"Set_5dose_methods_prior","Set_5dose_methods_prior_SC1",1,"CRM","crm_random",NA,NA,"random",NA,0,0,0.0714,28,2,1,1,2,0.12,0.12,0.1081,NA,NA,NA,1.5504,3.8636,3.8636,3.2786,29.9473,22.2052,0.2067,352.2703,1935,1935,"0.15,0.2,0.3,0.35,0.45",0,1.4142,0.15,0.85,NA,NA,NA,NA,NA,NA,NA,NA,NA,NA,NA,NA,NA,NA,NA,NA,NA,NA,NA,NA,NA,NA,NA,NA
"Set_5dose_methods_prior","Set_5dose_methods_prior_SC1",1,"CRM","crm_random",NA,NA,"random",NA,0,0,0.0714,28,2,1,1,3,0.17,0.17,0.1802,NA,NA,NA,10.0258,5.0078,5.0078,0.3767,29.9473,22.2052,0.2067,352.2703,1935,1935,"0.15,0.2,0.3,0.35,0.45",0,1.4142,0.15,0.85,NA,NA,NA,NA,NA,NA,NA,NA,NA,NA,NA,NA,NA,NA,NA,NA,NA,NA,NA,NA,NA,NA,NA,NA
"Set_5dose_methods_prior","Set_5dose_methods_prior_SC1",1,"CRM","crm_random",NA,NA,"random",NA,0,0,0.0714,28,2,1,1,4,0.22,0.22,0.2204,NA,NA,NA,23.0491,5.8264,5.8264,3.1209,29.9473,22.2052,0.2067,352.2703,1935,1935,"0.15,0.2,0.3,0.35,0.45",0,1.4142,0.15,0.85,NA,NA,NA,NA,NA,NA,NA,NA,NA,NA,NA,NA,NA,NA,NA,NA,NA,NA,NA,NA,NA,NA,NA,NA
"Set_5dose_methods_prior","Set_5dose_methods_prior_SC1",1,"CRM","crm_random",NA,NA,"random",NA,0,0,0.0714,28,2,1,1,5,0.3,0.3,0.3092,NA,NA,NA,65.0129,11.3302,11.3302,0.9659,29.9473,22.2052,0.2067,352.2703,1935,1935,"0.15,0.2,0.3,0.35,0.45",0,1.4142,0.15,0.85,NA,NA,NA,NA,NA,NA,NA,NA,NA,NA,NA,NA,NA,NA,NA,NA,NA,NA,NA,NA,NA,NA,NA,NA
"Set_5dose_methods_prior","Set_5dose_methods_prior_SC1",1,"CRM","crm_alpha_crm",NA,NA,"alpha_crm",NA,0,0,0.0714,28,2,1,1,1,0.07,0.07,0.0693,NA,NA,NA,0,3.9101,3.9101,0,29.9473,22.5101,0.2067,353.8521,1935,1935,"0.15,0.2,0.3,0.35,0.45",0,1.4142,0.15,0.85,NA,NA,NA,NA,NA,NA,NA,NA,NA,NA,NA,NA,NA,"15,20,30,35,45",61,NA,NA,NA,NA,NA,NA,NA,NA,NA
"Set_5dose_methods_prior","Set_5dose_methods_prior_SC1",1,"CRM","crm_alpha_crm",NA,NA,"alpha_crm",NA,0,0,0.0714,28,2,1,1,2,0.12,0.12,0.0993,NA,NA,NA,1.3953,3.8109,3.8109,3.2455,29.9473,22.5101,0.2067,353.8521,1935,1935,"0.15,0.2,0.3,0.35,0.45",0,1.4142,0.15,0.85,NA,NA,NA,NA,NA,NA,NA,NA,NA,NA,NA,NA,NA,"15,20,30,35,45",61,NA,NA,NA,NA,NA,NA,NA,NA,NA
"Set_5dose_methods_prior","Set_5dose_methods_prior_SC1",1,"CRM","crm_alpha_crm",NA,NA,"alpha_crm",NA,0,0,0.0714,28,2,1,1,3,0.17,0.17,0.1688,NA,NA,NA,7.2351,4.5612,4.5612,0.3943,29.9473,22.5101,0.2067,353.8521,1935,1935,"0.15,0.2,0.3,0.35,0.45",0,1.4142,0.15,0.85,NA,NA,NA,NA,NA,NA,NA,NA,NA,NA,NA,NA,NA,"15,20,30,35,45",61,NA,NA,NA,NA,NA,NA,NA,NA,NA
"Set_5dose_methods_prior","Set_5dose_methods_prior_SC1",1,"CRM","crm_alpha_crm",NA,NA,"alpha_crm",NA,0,0,0.0714,28,2,1,1,4,0.22,0.22,0.2081,NA,NA,NA,19.3282,5.1829,5.1829,2.9085,29.9473,22.5101,0.2067,353.8521,1935,1935,"0.15,0.2,0.3,0.35,0.45",0,1.4142,0.15,0.85,NA,NA,NA,NA,NA,NA,NA,NA,NA,NA,NA,NA,NA,"15,20,30,35,45",61,NA,NA,NA,NA,NA,NA,NA,NA,NA
"Set_5dose_methods_prior","Set_5dose_methods_prior_SC1",1,"CRM","crm_alpha_crm",NA,NA,"alpha_crm",NA,0,0,0.0714,28,2,1,1,5,0.3,0.3,0.2958,NA,NA,NA,71.8346,12.4822,12.4822,0.8889,29.9473,22.5101,0.2067,353.8521,1935,1935,"0.15,0.2,0.3,0.35,0.45",0,1.4142,0.15,0.85,NA,NA,NA,NA,NA,NA,NA,NA,NA,NA,NA,NA,NA,"15,20,30,35,45",61,NA,NA,NA,NA,NA,NA,NA,NA,NA
"Set_5dose_methods_prior","Set_5dose_methods_prior_SC1",1,"CRM","crm_cumu_crm",NA,NA,"cumu_crm",NA,0,0,0.0714,28,2,1,1,1,0.07,0.07,0.0917,NA,NA,NA,0,3.1395,3.1395,0,29.9721,22.7638,0.1034,354.2524,1935,1935,"0.15,0.2,0.3,0.35,0.45",0,1.4142,0.15,0.85,NA,NA,NA,NA,NA,NA,NA,NA,NA,NA,NA,NA,NA,NA,NA,"15,20,30,35,45","0.62828086,0.83770782,1.25656172,1.46598868,1.88484259",-2.8,2,1,2.5,1.6,1,0
"Set_5dose_methods_prior","Set_5dose_methods_prior_SC1",1,"CRM","crm_cumu_crm",NA,NA,"cumu_crm",NA,0,0,0.0714,28,2,1,1,2,0.12,0.12,0.1123,NA,NA,NA,1.447,3.8868,3.8868,2.8791,29.9721,22.7638,0.1034,354.2524,1935,1935,"0.15,0.2,0.3,0.35,0.45",0,1.4142,0.15,0.85,NA,NA,NA,NA,NA,NA,NA,NA,NA,NA,NA,NA,NA,NA,NA,"15,20,30,35,45","0.62828086,0.83770782,1.25656172,1.46598868,1.88484259",-2.8,2,1,2.5,1.6,1,0
"Set_5dose_methods_prior","Set_5dose_methods_prior_SC1",1,"CRM","crm_cumu_crm",NA,NA,"cumu_crm",NA,0,0,0.0714,28,2,1,1,3,0.17,0.17,0.1683,NA,NA,NA,5.323,4.4357,4.4357,0.5726,29.9721,22.7638,0.1034,354.2524,1935,1935,"0.15,0.2,0.3,0.35,0.45",0,1.4142,0.15,0.85,NA,NA,NA,NA,NA,NA,NA,NA,NA,NA,NA,NA,NA,NA,NA,"15,20,30,35,45","0.62828086,0.83770782,1.25656172,1.46598868,1.88484259",-2.8,2,1,2.5,1.6,1,0
"Set_5dose_methods_prior","Set_5dose_methods_prior_SC1",1,"CRM","crm_cumu_crm",NA,NA,"cumu_crm",NA,0,0,0.0714,28,2,1,1,4,0.22,0.22,0.2046,NA,NA,NA,20.0517,5.5163,5.5163,2.6817,29.9721,22.7638,0.1034,354.2524,1935,1935,"0.15,0.2,0.3,0.35,0.45",0,1.4142,0.15,0.85,NA,NA,NA,NA,NA,NA,NA,NA,NA,NA,NA,NA,NA,NA,NA,"15,20,30,35,45","0.62828086,0.83770782,1.25656172,1.46598868,1.88484259",-2.8,2,1,2.5,1.6,1,0
"Set_5dose_methods_prior","Set_5dose_methods_prior_SC1",1,"CRM","crm_cumu_crm",NA,NA,"cumu_crm",NA,0,0,0.0714,28,2,1,1,5,0.3,0.3,0.2928,NA,NA,NA,73.0749,12.9938,12.9938,1.0749,29.9721,22.7638,0.1034,354.2524,1935,1935,"0.15,0.2,0.3,0.35,0.45",0,1.4142,0.15,0.85,NA,NA,NA,NA,NA,NA,NA,NA,NA,NA,NA,NA,NA,NA,NA,"15,20,30,35,45","0.62828086,0.83770782,1.25656172,1.46598868,1.88484259",-2.8,2,1,2.5,1.6,1,0
"Set_5dose_methods_prior","Set_5dose_methods_prior_SC1",1,"CRM","crm_fixed",NA,NA,"fixed",NA,0,0,0.0714,28,3,1,1,1,0.07,0.07,0.0805,0,NA,NA,0,4.0527,4.0527,0,29.9473,19.4527,0.2067,332.0648,1935,1935,"0.15,0.2,0.3,0.35,0.45",0,1.4142,0.15,0.85,NA,NA,NA,NA,NA,NA,NA,NA,NA,NA,NA,NA,NA,NA,NA,NA,NA,NA,NA,NA,NA,NA,NA,NA
"Set_5dose_methods_prior","Set_5dose_methods_prior_SC1",1,"CRM","crm_fixed",NA,NA,"fixed",NA,0,0,0.0714,28,3,1,1,2,0.12,0.12,0.1134,NA,NA,NA,1.9638,4.0031,4.0031,3.3897,29.9473,19.4527,0.2067,332.0648,1935,1935,"0.15,0.2,0.3,0.35,0.45",0,1.4142,0.15,0.85,NA,NA,NA,NA,NA,NA,NA,NA,NA,NA,NA,NA,NA,NA,NA,NA,NA,NA,NA,NA,NA,NA,NA,NA
"Set_5dose_methods_prior","Set_5dose_methods_prior_SC1",1,"CRM","crm_fixed",NA,NA,"fixed",NA,0,0,0.0714,28,3,1,1,3,0.17,0.17,0.1874,NA,NA,NA,11.4729,5.3008,5.3008,3.1664,29.9473,19.4527,0.2067,332.0648,1935,1935,"0.15,0.2,0.3,0.35,0.45",0,1.4142,0.15,0.85,NA,NA,NA,NA,NA,NA,NA,NA,NA,NA,NA,NA,NA,NA,NA,NA,NA,NA,NA,NA,NA,NA,NA,NA
"Set_5dose_methods_prior","Set_5dose_methods_prior_SC1",1,"CRM","crm_fixed",NA,NA,"fixed",NA,0,0,0.0714,28,3,1,1,4,0.22,0.22,0.2284,NA,NA,NA,25.168,6.1705,6.1705,1.2078,29.9473,19.4527,0.2067,332.0648,1935,1935,"0.15,0.2,0.3,0.35,0.45",0,1.4142,0.15,0.85,NA,NA,NA,NA,NA,NA,NA,NA,NA,NA,NA,NA,NA,NA,NA,NA,NA,NA,NA,NA,NA,NA,NA,NA
"Set_5dose_methods_prior","Set_5dose_methods_prior_SC1",1,"CRM","crm_fixed",NA,NA,"fixed",NA,0,0,0.0714,28,3,1,1,5,0.3,0.3,0.3183,NA,NA,NA,61.1886,10.4202,10.4202,2.7307,29.9473,19.4527,0.2067,332.0648,1935,1935,"0.15,0.2,0.3,0.35,0.45",0,1.4142,0.15,0.85,NA,NA,NA,NA,NA,NA,NA,NA,NA,NA,NA,NA,NA,NA,NA,NA,NA,NA,NA,NA,NA,NA,NA,NA
"Set_5dose_methods_prior","Set_5dose_methods_prior_SC1",1,"CRM","crm_level",NA,NA,"level",NA,0,0,0.0714,28,3,1,1,1,0.07,0.07,0.074,NA,NA,NA,0.2067,3.9271,3.9271,0,29.9473,19.8176,0.2067,332.8049,1935,1935,"0.15,0.2,0.3,0.35,0.45",0,1.4142,0.15,0.85,NA,NA,NA,NA,NA,NA,NA,NA,NA,NA,NA,NA,NA,NA,NA,NA,NA,NA,NA,NA,NA,NA,NA,NA
"Set_5dose_methods_prior","Set_5dose_methods_prior_SC1",1,"CRM","crm_level",NA,NA,"level",NA,0,0,0.0714,28,3,1,1,2,0.12,0.12,0.1052,0.0433,NA,NA,1.5504,3.7876,3.7876,3.276,29.9473,19.8176,0.2067,332.8049,1935,1935,"0.15,0.2,0.3,0.35,0.45",0,1.4142,0.15,0.85,NA,NA,NA,NA,NA,NA,NA,NA,NA,NA,NA,NA,NA,NA,NA,NA,NA,NA,NA,NA,NA,NA,NA,NA
"Set_5dose_methods_prior","Set_5dose_methods_prior_SC1",1,"CRM","crm_level",NA,NA,"level",NA,0,0,0.0714,28,3,1,1,3,0.17,0.17,0.1763,0.0452,NA,NA,8.4755,4.7643,4.7643,3.0527,29.9473,19.8176,0.2067,332.8049,1935,1935,"0.15,0.2,0.3,0.35,0.45",0,1.4142,0.15,0.85,NA,NA,NA,NA,NA,NA,NA,NA,NA,NA,NA,NA,NA,NA,NA,NA,NA,NA,NA,NA,NA,NA,NA,NA
"Set_5dose_methods_prior","Set_5dose_methods_prior_SC1",1,"CRM","crm_level",NA,NA,"level",NA,0,0,0.0714,28,3,1,1,4,0.22,0.22,0.2162,0.0762,NA,NA,22.9457,5.662,5.662,1.0181,29.9473,19.8176,0.2067,332.8049,1935,1935,"0.15,0.2,0.3,0.35,0.45",0,1.4142,0.15,0.85,NA,NA,NA,NA,NA,NA,NA,NA,NA,NA,NA,NA,NA,NA,NA,NA,NA,NA,NA,NA,NA,NA,NA,NA
"Set_5dose_methods_prior","Set_5dose_methods_prior_SC1",1,"CRM","crm_level",NA,NA,"level",NA,0,0,0.0714,28,3,1,1,5,0.3,0.3,0.3045,0.0732,NA,NA,66.615,11.8062,11.8062,2.7829,29.9473,19.8176,0.2067,332.8049,1935,1935,"0.15,0.2,0.3,0.35,0.45",0,1.4142,0.15,0.85,NA,NA,NA,NA,NA,NA,NA,NA,NA,NA,NA,NA,NA,NA,NA,NA,NA,NA,NA,NA,NA,NA,NA,NA
"Set_5dose_methods_prior","Set_5dose_methods_prior_SC1",1,"CRM","crm_random",NA,NA,"random",NA,0,0,0.0714,28,3,1,1,1,0.07,0.07,0.0759,0.0278,NA,NA,0,3.9194,3.9194,0,29.9473,19.6786,0.2067,332.5535,1935,1935,"0.15,0.2,0.3,0.35,0.45",0,1.4142,0.15,0.85,NA,NA,NA,NA,NA,NA,NA,NA,NA,NA,NA,NA,NA,NA,NA,NA,NA,NA,NA,NA,NA,NA,NA,NA
"Set_5dose_methods_prior","Set_5dose_methods_prior_SC1",1,"CRM","crm_random",NA,NA,"random",NA,0,0,0.0714,28,3,1,1,2,0.12,0.12,0.1075,NA,NA,NA,1.4987,3.814,3.814,3.2698,29.9473,19.6786,0.2067,332.5535,1935,1935,"0.15,0.2,0.3,0.35,0.45",0,1.4142,0.15,0.85,NA,NA,NA,NA,NA,NA,NA,NA,NA,NA,NA,NA,NA,NA,NA,NA,NA,NA,NA,NA,NA,NA,NA,NA
"Set_5dose_methods_prior","Set_5dose_methods_prior_SC1",1,"CRM","crm_random",NA,NA,"random",NA,0,0,0.0714,28,3,1,1,3,0.17,0.17,0.1795,NA,NA,NA,9.4057,4.8388,4.8388,3.1085,29.9473,19.6786,0.2067,332.5535,1935,1935,"0.15,0.2,0.3,0.35,0.45",0,1.4142,0.15,0.85,NA,NA,NA,NA,NA,NA,NA,NA,NA,NA,NA,NA,NA,NA,NA,NA,NA,NA,NA,NA,NA,NA,NA,NA
"Set_5dose_methods_prior","Set_5dose_methods_prior_SC1",1,"CRM","crm_random",NA,NA,"random",NA,0,0,0.0714,28,3,1,1,4,0.22,0.22,0.2196,NA,NA,NA,23.5142,5.8651,5.8651,1.045,29.9473,19.6786,0.2067,332.5535,1935,1935,"0.15,0.2,0.3,0.35,0.45",0,1.4142,0.15,0.85,NA,NA,NA,NA,NA,NA,NA,NA,NA,NA,NA,NA,NA,NA,NA,NA,NA,NA,NA,NA,NA,NA,NA,NA
"Set_5dose_methods_prior","Set_5dose_methods_prior_SC1",1,"CRM","crm_random",NA,NA,"random",NA,0,0,0.0714,28,3,1,1,5,0.3,0.3,0.3082,NA,NA,NA,65.3747,11.5101,11.5101,2.8455,29.9473,19.6786,0.2067,332.5535,1935,1935,"0.15,0.2,0.3,0.35,0.45",0,1.4142,0.15,0.85,NA,NA,NA,NA,NA,NA,NA,NA,NA,NA,NA,NA,NA,NA,NA,NA,NA,NA,NA,NA,NA,NA,NA,NA
"Set_5dose_methods_prior","Set_5dose_methods_prior_SC1",1,"CRM","crm_alpha_crm",NA,NA,"alpha_crm",NA,0,0,0.0714,28,3,1,1,1,0.07,0.07,0.0659,NA,NA,NA,0.0517,3.9054,3.9054,0,29.9473,20.3039,0.2067,334.8523,1935,1935,"0.15,0.2,0.3,0.35,0.45",0,1.4142,0.15,0.85,NA,NA,NA,NA,NA,NA,NA,NA,NA,NA,NA,NA,NA,"15,20,30,35,45",61,NA,NA,NA,NA,NA,NA,NA,NA,NA
"Set_5dose_methods_prior","Set_5dose_methods_prior_SC1",1,"CRM","crm_alpha_crm",NA,NA,"alpha_crm",NA,0,0,0.0714,28,3,1,1,2,0.12,0.12,0.0949,NA,NA,NA,1.0853,3.6667,3.6667,3.2362,29.9473,20.3039,0.2067,334.8523,1935,1935,"0.15,0.2,0.3,0.35,0.45",0,1.4142,0.15,0.85,NA,NA,NA,NA,NA,NA,NA,NA,NA,NA,NA,NA,NA,"15,20,30,35,45",61,NA,NA,NA,NA,NA,NA,NA,NA,NA
"Set_5dose_methods_prior","Set_5dose_methods_prior_SC1",1,"CRM","crm_alpha_crm",NA,NA,"alpha_crm",NA,0,0,0.0714,28,3,1,1,3,0.17,0.17,0.1626,NA,NA,NA,6.0982,4.1209,4.1209,3.016,29.9473,20.3039,0.2067,334.8523,1935,1935,"0.15,0.2,0.3,0.35,0.45",0,1.4142,0.15,0.85,NA,NA,NA,NA,NA,NA,NA,NA,NA,NA,NA,NA,NA,"15,20,30,35,45",61,NA,NA,NA,NA,NA,NA,NA,NA,NA
"Set_5dose_methods_prior","Set_5dose_methods_prior_SC1",1,"CRM","crm_alpha_crm",NA,NA,"alpha_crm",NA,0,0,0.0714,28,3,1,1,4,0.22,0.22,0.2012,NA,NA,NA,17.9328,5.0698,5.0698,0.7209,29.9473,20.3039,0.2067,334.8523,1935,1935,"0.15,0.2,0.3,0.35,0.45",0,1.4142,0.15,0.85,NA,NA,NA,NA,NA,NA,NA,NA,NA,NA,NA,NA,NA,"15,20,30,35,45",61,NA,NA,NA,NA,NA,NA,NA,NA,NA
"Set_5dose_methods_prior","Set_5dose_methods_prior_SC1",1,"CRM","crm_alpha_crm",NA,NA,"alpha_crm",NA,0,0,0.0714,28,3,1,1,5,0.3,0.3,0.2878,NA,NA,NA,74.6253,13.1845,13.1845,2.6703,29.9473,20.3039,0.2067,334.8523,1935,1935,"0.15,0.2,0.3,0.35,0.45",0,1.4142,0.15,0.85,NA,NA,NA,NA,NA,NA,NA,NA,NA,NA,NA,NA,NA,"15,20,30,35,45",61,NA,NA,NA,NA,NA,NA,NA,NA,NA
"Set_5dose_methods_prior","Set_5dose_methods_prior_SC1",1,"CRM","crm_cumu_crm",NA,NA,"cumu_crm",NA,0,0,0.0714,28,3,1,1,1,0.07,0.07,0.0897,NA,NA,NA,0,3.1411,3.1411,0,29.9721,20.5871,0.1034,334.437,1935,1935,"0.15,0.2,0.3,0.35,0.45",0,1.4142,0.15,0.85,NA,NA,NA,NA,NA,NA,NA,NA,NA,NA,NA,NA,NA,NA,NA,"15,20,30,35,45","0.62828086,0.83770782,1.25656172,1.46598868,1.88484259",-2.8,2,1,2.5,1.6,1,0
"Set_5dose_methods_prior","Set_5dose_methods_prior_SC1",1,"CRM","crm_cumu_crm",NA,NA,"cumu_crm",NA,0,0,0.0714,28,3,1,1,2,0.12,0.12,0.1091,NA,NA,NA,1.0336,3.5705,3.5705,2.8796,29.9721,20.5871,0.1034,334.437,1935,1935,"0.15,0.2,0.3,0.35,0.45",0,1.4142,0.15,0.85,NA,NA,NA,NA,NA,NA,NA,NA,NA,NA,NA,NA,NA,NA,NA,"15,20,30,35,45","0.62828086,0.83770782,1.25656172,1.46598868,1.88484259",-2.8,2,1,2.5,1.6,1,0
"Set_5dose_methods_prior","Set_5dose_methods_prior_SC1",1,"CRM","crm_cumu_crm",NA,NA,"cumu_crm",NA,0,0,0.0714,28,3,1,1,3,0.17,0.17,0.1618,NA,NA,NA,4.0827,3.9318,3.9318,2.863,29.9721,20.5871,0.1034,334.437,1935,1935,"0.15,0.2,0.3,0.35,0.45",0,1.4142,0.15,0.85,NA,NA,NA,NA,NA,NA,NA,NA,NA,NA,NA,NA,NA,NA,NA,"15,20,30,35,45","0.62828086,0.83770782,1.25656172,1.46598868,1.88484259",-2.8,2,1,2.5,1.6,1,0
"Set_5dose_methods_prior","Set_5dose_methods_prior_SC1",1,"CRM","crm_cumu_crm",NA,NA,"cumu_crm",NA,0,0,0.0714,28,3,1,1,4,0.22,0.22,0.196,NA,NA,NA,17.7261,5.4186,5.4186,0.8496,29.9721,20.5871,0.1034,334.437,1935,1935,"0.15,0.2,0.3,0.35,0.45",0,1.4142,0.15,0.85,NA,NA,NA,NA,NA,NA,NA,NA,NA,NA,NA,NA,NA,NA,NA,"15,20,30,35,45","0.62828086,0.83770782,1.25656172,1.46598868,1.88484259",-2.8,2,1,2.5,1.6,1,0
"Set_5dose_methods_prior","Set_5dose_methods_prior_SC1",1,"CRM","crm_cumu_crm",NA,NA,"cumu_crm",NA,0,0,0.0714,28,3,1,1,5,0.3,0.3,0.2799,NA,NA,NA,77.0543,13.9101,13.9101,2.7928,29.9721,20.5871,0.1034,334.437,1935,1935,"0.15,0.2,0.3,0.35,0.45",0,1.4142,0.15,0.85,NA,NA,NA,NA,NA,NA,NA,NA,NA,NA,NA,NA,NA,NA,NA,"15,20,30,35,45","0.62828086,0.83770782,1.25656172,1.46598868,1.88484259",-2.8,2,1,2.5,1.6,1,0
"Set_5dose_methods_prior","Set_5dose_methods_prior_SC1",1,"CRM","crm_fixed",NA,NA,"fixed",NA,0.3,0,0.0714,28,1,1,1,1,0.07,0.07,0.0805,0,NA,NA,0,4.0512,4.0512,0,29.9473,29.9473,0.2067,437.3492,1935,1935,"0.15,0.2,0.3,0.35,0.45",0,1.4142,0.15,0.85,NA,NA,NA,NA,NA,NA,NA,NA,NA,NA,NA,NA,NA,NA,NA,NA,NA,NA,NA,NA,NA,NA,NA,NA
"Set_5dose_methods_prior","Set_5dose_methods_prior_SC1",1,"CRM","crm_fixed",NA,NA,"fixed",NA,0.3,0,0.0714,28,1,1,1,2,0.12,0.141,0.1133,NA,NA,NA,1.9638,3.9953,3.9953,0,29.9473,29.9473,0.2067,437.3492,1935,1935,"0.15,0.2,0.3,0.35,0.45",0,1.4142,0.15,0.85,NA,NA,NA,NA,NA,NA,NA,NA,NA,NA,NA,NA,NA,NA,NA,NA,NA,NA,NA,NA,NA,NA,NA,NA
"Set_5dose_methods_prior","Set_5dose_methods_prior_SC1",1,"CRM","crm_fixed",NA,NA,"fixed",NA,0.3,0,0.0714,28,1,1,1,3,0.17,0.206,0.1874,NA,NA,NA,11.3178,5.2899,5.2899,0,29.9473,29.9473,0.2067,437.3492,1935,1935,"0.15,0.2,0.3,0.35,0.45",0,1.4142,0.15,0.85,NA,NA,NA,NA,NA,NA,NA,NA,NA,NA,NA,NA,NA,NA,NA,NA,NA,NA,NA,NA,NA,NA,NA,NA
"Set_5dose_methods_prior","Set_5dose_methods_prior_SC1",1,"CRM","crm_fixed",NA,NA,"fixed",NA,0.3,0,0.0714,28,1,1,1,4,0.22,0.271,0.2284,NA,NA,NA,25.1163,6.2093,6.2093,0,29.9473,29.9473,0.2067,437.3492,1935,1935,"0.15,0.2,0.3,0.35,0.45",0,1.4142,0.15,0.85,NA,NA,NA,NA,NA,NA,NA,NA,NA,NA,NA,NA,NA,NA,NA,NA,NA,NA,NA,NA,NA,NA,NA,NA
"Set_5dose_methods_prior","Set_5dose_methods_prior_SC1",1,"CRM","crm_fixed",NA,NA,"fixed",NA,0.3,0,0.0714,28,1,1,1,5,0.3,0.366,0.3183,NA,NA,NA,61.3953,10.4016,10.4016,0,29.9473,29.9473,0.2067,437.3492,1935,1935,"0.15,0.2,0.3,0.35,0.45",0,1.4142,0.15,0.85,NA,NA,NA,NA,NA,NA,NA,NA,NA,NA,NA,NA,NA,NA,NA,NA,NA,NA,NA,NA,NA,NA,NA,NA
"Set_5dose_methods_prior","Set_5dose_methods_prior_SC1",1,"CRM","crm_level",NA,NA,"level",NA,0.3,0,0.0714,28,1,1,1,1,0.07,0.07,0.0803,NA,NA,NA,0,4.0512,4.0512,0,29.9473,29.9473,0.2067,437.3492,1935,1935,"0.15,0.2,0.3,0.35,0.45",0,1.4142,0.15,0.85,NA,NA,NA,NA,NA,NA,NA,NA,NA,NA,NA,NA,NA,NA,NA,NA,NA,NA,NA,NA,NA,NA,NA,NA
"Set_5dose_methods_prior","Set_5dose_methods_prior_SC1",1,"CRM","crm_level",NA,NA,"level",NA,0.3,0,0.0714,28,1,1,1,2,0.12,0.141,0.1131,0.0827,NA,NA,1.8605,3.9876,3.9876,0,29.9473,29.9473,0.2067,437.3492,1935,1935,"0.15,0.2,0.3,0.35,0.45",0,1.4142,0.15,0.85,NA,NA,NA,NA,NA,NA,NA,NA,NA,NA,NA,NA,NA,NA,NA,NA,NA,NA,NA,NA,NA,NA,NA,NA
"Set_5dose_methods_prior","Set_5dose_methods_prior_SC1",1,"CRM","crm_level",NA,NA,"level",NA,0.3,0,0.0714,28,1,1,1,3,0.17,0.206,0.1871,0.0783,NA,NA,11.1628,5.3054,5.3054,0,29.9473,29.9473,0.2067,437.3492,1935,1935,"0.15,0.2,0.3,0.35,0.45",0,1.4142,0.15,0.85,NA,NA,NA,NA,NA,NA,NA,NA,NA,NA,NA,NA,NA,NA,NA,NA,NA,NA,NA,NA,NA,NA,NA,NA
"Set_5dose_methods_prior","Set_5dose_methods_prior_SC1",1,"CRM","crm_level",NA,NA,"level",NA,0.3,0,0.0714,28,1,1,1,4,0.22,0.271,0.2281,0.0859,NA,NA,25.3747,6.1845,6.1845,0,29.9473,29.9473,0.2067,437.3492,1935,1935,"0.15,0.2,0.3,0.35,0.45",0,1.4142,0.15,0.85,NA,NA,NA,NA,NA,NA,NA,NA,NA,NA,NA,NA,NA,NA,NA,NA,NA,NA,NA,NA,NA,NA,NA,NA
"Set_5dose_methods_prior","Set_5dose_methods_prior_SC1",1,"CRM","crm_level",NA,NA,"level",NA,0.3,0,0.0714,28,1,1,1,5,0.3,0.366,0.318,0.098,NA,NA,61.3953,10.4186,10.4186,0,29.9473,29.9473,0.2067,437.3492,1935,1935,"0.15,0.2,0.3,0.35,0.45",0,1.4142,0.15,0.85,NA,NA,NA,NA,NA,NA,NA,NA,NA,NA,NA,NA,NA,NA,NA,NA,NA,NA,NA,NA,NA,NA,NA,NA
"Set_5dose_methods_prior","Set_5dose_methods_prior_SC1",1,"CRM","crm_random",NA,NA,"random",NA,0.3,0,0.0714,28,1,1,1,1,0.07,0.07,0.0804,0.0795,NA,NA,0,4.0527,4.0527,0,29.9473,29.9473,0.2067,437.3492,1935,1935,"0.15,0.2,0.3,0.35,0.45",0,1.4142,0.15,0.85,NA,NA,NA,NA,NA,NA,NA,NA,NA,NA,NA,NA,NA,NA,NA,NA,NA,NA,NA,NA,NA,NA,NA,NA
"Set_5dose_methods_prior","Set_5dose_methods_prior_SC1",1,"CRM","crm_random",NA,NA,"random",NA,0.3,0,0.0714,28,1,1,1,2,0.12,0.141,0.1132,NA,NA,NA,1.9638,3.986,3.986,0,29.9473,29.9473,0.2067,437.3492,1935,1935,"0.15,0.2,0.3,0.35,0.45",0,1.4142,0.15,0.85,NA,NA,NA,NA,NA,NA,NA,NA,NA,NA,NA,NA,NA,NA,NA,NA,NA,NA,NA,NA,NA,NA,NA,NA
"Set_5dose_methods_prior","Set_5dose_methods_prior_SC1",1,"CRM","crm_random",NA,NA,"random",NA,0.3,0,0.0714,28,1,1,1,3,0.17,0.206,0.1872,NA,NA,NA,11.0078,5.3023,5.3023,0,29.9473,29.9473,0.2067,437.3492,1935,1935,"0.15,0.2,0.3,0.35,0.45",0,1.4142,0.15,0.85,NA,NA,NA,NA,NA,NA,NA,NA,NA,NA,NA,NA,NA,NA,NA,NA,NA,NA,NA,NA,NA,NA,NA,NA
"Set_5dose_methods_prior","Set_5dose_methods_prior_SC1",1,"CRM","crm_random",NA,NA,"random",NA,0.3,0,0.0714,28,1,1,1,4,0.22,0.271,0.2282,NA,NA,NA,25.4264,6.1752,6.1752,0,29.9473,29.9473,0.2067,437.3492,1935,1935,"0.15,0.2,0.3,0.35,0.45",0,1.4142,0.15,0.85,NA,NA,NA,NA,NA,NA,NA,NA,NA,NA,NA,NA,NA,NA,NA,NA,NA,NA,NA,NA,NA,NA,NA,NA
"Set_5dose_methods_prior","Set_5dose_methods_prior_SC1",1,"CRM","crm_random",NA,NA,"random",NA,0.3,0,0.0714,28,1,1,1,5,0.3,0.366,0.3181,NA,NA,NA,61.3953,10.431,10.431,0,29.9473,29.9473,0.2067,437.3492,1935,1935,"0.15,0.2,0.3,0.35,0.45",0,1.4142,0.15,0.85,NA,NA,NA,NA,NA,NA,NA,NA,NA,NA,NA,NA,NA,NA,NA,NA,NA,NA,NA,NA,NA,NA,NA,NA
"Set_5dose_methods_prior","Set_5dose_methods_prior_SC1",1,"CRM","crm_alpha_crm",NA,NA,"alpha_crm",NA,0.3,0,0.0714,28,1,1,1,1,0.07,0.07,0.0804,NA,NA,NA,0,4.0558,4.0558,0,29.9473,29.9473,0.2067,437.3492,1935,1935,"0.15,0.2,0.3,0.35,0.45",0,1.4142,0.15,0.85,NA,NA,NA,NA,NA,NA,NA,NA,NA,NA,NA,NA,NA,"15,20,30,35,45",61,NA,NA,NA,NA,NA,NA,NA,NA,NA
"Set_5dose_methods_prior","Set_5dose_methods_prior_SC1",1,"CRM","crm_alpha_crm",NA,NA,"alpha_crm",NA,0.3,0,0.0714,28,1,1,1,2,0.12,0.141,0.1133,NA,NA,NA,1.9638,3.9953,3.9953,0,29.9473,29.9473,0.2067,437.3492,1935,1935,"0.15,0.2,0.3,0.35,0.45",0,1.4142,0.15,0.85,NA,NA,NA,NA,NA,NA,NA,NA,NA,NA,NA,NA,NA,"15,20,30,35,45",61,NA,NA,NA,NA,NA,NA,NA,NA,NA
"Set_5dose_methods_prior","Set_5dose_methods_prior_SC1",1,"CRM","crm_alpha_crm",NA,NA,"alpha_crm",NA,0.3,0,0.0714,28,1,1,1,3,0.17,0.206,0.1873,NA,NA,NA,11.1111,5.307,5.307,0,29.9473,29.9473,0.2067,437.3492,1935,1935,"0.15,0.2,0.3,0.35,0.45",0,1.4142,0.15,0.85,NA,NA,NA,NA,NA,NA,NA,NA,NA,NA,NA,NA,NA,"15,20,30,35,45",61,NA,NA,NA,NA,NA,NA,NA,NA,NA
"Set_5dose_methods_prior","Set_5dose_methods_prior_SC1",1,"CRM","crm_alpha_crm",NA,NA,"alpha_crm",NA,0.3,0,0.0714,28,1,1,1,4,0.22,0.271,0.2283,NA,NA,NA,25.1163,6.1364,6.1364,0,29.9473,29.9473,0.2067,437.3492,1935,1935,"0.15,0.2,0.3,0.35,0.45",0,1.4142,0.15,0.85,NA,NA,NA,NA,NA,NA,NA,NA,NA,NA,NA,NA,NA,"15,20,30,35,45",61,NA,NA,NA,NA,NA,NA,NA,NA,NA
"Set_5dose_methods_prior","Set_5dose_methods_prior_SC1",1,"CRM","crm_alpha_crm",NA,NA,"alpha_crm",NA,0.3,0,0.0714,28,1,1,1,5,0.3,0.366,0.3181,NA,NA,NA,61.6021,10.4527,10.4527,0,29.9473,29.9473,0.2067,437.3492,1935,1935,"0.15,0.2,0.3,0.35,0.45",0,1.4142,0.15,0.85,NA,NA,NA,NA,NA,NA,NA,NA,NA,NA,NA,NA,NA,"15,20,30,35,45",61,NA,NA,NA,NA,NA,NA,NA,NA,NA
"Set_5dose_methods_prior","Set_5dose_methods_prior_SC1",1,"CRM","crm_cumu_crm",NA,NA,"cumu_crm",NA,0.3,0,0.0714,28,1,1,1,1,0.07,0.07,0.0999,NA,NA,NA,0,3.1876,3.1876,0,29.9721,29.9721,0.1034,437.677,1935,1935,"0.15,0.2,0.3,0.35,0.45",0,1.4142,0.15,0.85,NA,NA,NA,NA,NA,NA,NA,NA,NA,NA,NA,NA,NA,NA,NA,"15,20,30,35,45","0.62828086,0.83770782,1.25656172,1.46598868,1.88484259",-2.8,2,1,2.5,1.6,1,0
"Set_5dose_methods_prior","Set_5dose_methods_prior_SC1",1,"CRM","crm_cumu_crm",NA,NA,"cumu_crm",NA,0.3,0,0.0714,28,1,1,1,2,0.12,0.141,0.1236,NA,NA,NA,2.584,4.2264,4.2264,0,29.9721,29.9721,0.1034,437.677,1935,1935,"0.15,0.2,0.3,0.35,0.45",0,1.4142,0.15,0.85,NA,NA,NA,NA,NA,NA,NA,NA,NA,NA,NA,NA,NA,NA,NA,"15,20,30,35,45","0.62828086,0.83770782,1.25656172,1.46598868,1.88484259",-2.8,2,1,2.5,1.6,1,0
"Set_5dose_methods_prior","Set_5dose_methods_prior_SC1",1,"CRM","crm_cumu_crm",NA,NA,"cumu_crm",NA,0.3,0,0.0714,28,1,1,1,3,0.17,0.206,0.1884,NA,NA,NA,9.7158,5.3969,5.3969,0,29.9721,29.9721,0.1034,437.677,1935,1935,"0.15,0.2,0.3,0.35,0.45",0,1.4142,0.15,0.85,NA,NA,NA,NA,NA,NA,NA,NA,NA,NA,NA,NA,NA,NA,NA,"15,20,30,35,45","0.62828086,0.83770782,1.25656172,1.46598868,1.88484259",-2.8,2,1,2.5,1.6,1,0
"Set_5dose_methods_prior","Set_5dose_methods_prior_SC1",1,"CRM","crm_cumu_crm",NA,NA,"cumu_crm",NA,0.3,0,0.0714,28,1,1,1,4,0.22,0.271,0.2299,NA,NA,NA,26.5116,6.6698,6.6698,0,29.9721,29.9721,0.1034,437.677,1935,1935,"0.15,0.2,0.3,0.35,0.45",0,1.4142,0.15,0.85,NA,NA,NA,NA,NA,NA,NA,NA,NA,NA,NA,NA,NA,NA,NA,"15,20,30,35,45","0.62828086,0.83770782,1.25656172,1.46598868,1.88484259",-2.8,2,1,2.5,1.6,1,0
"Set_5dose_methods_prior","Set_5dose_methods_prior_SC1",1,"CRM","crm_cumu_crm",NA,NA,"cumu_crm",NA,0.3,0,0.0714,28,1,1,1,5,0.3,0.366,0.3275,NA,NA,NA,61.0853,10.4915,10.4915,0,29.9721,29.9721,0.1034,437.677,1935,1935,"0.15,0.2,0.3,0.35,0.45",0,1.4142,0.15,0.85,NA,NA,NA,NA,NA,NA,NA,NA,NA,NA,NA,NA,NA,NA,NA,"15,20,30,35,45","0.62828086,0.83770782,1.25656172,1.46598868,1.88484259",-2.8,2,1,2.5,1.6,1,0
"Set_5dose_methods_prior","Set_5dose_methods_prior_SC1",1,"CRM","crm_fixed",NA,NA,"fixed",NA,0.3,0,0.0714,28,2,1,1,1,0.07,0.07,0.0875,0,NA,NA,0.0517,4.1287,4.1287,0,29.9473,21.6413,0.2067,349.0215,1935,1935,"0.15,0.2,0.3,0.35,0.45",0,1.4142,0.15,0.85,NA,NA,NA,NA,NA,NA,NA,NA,NA,NA,NA,NA,NA,NA,NA,NA,NA,NA,NA,NA,NA,NA,NA,NA
"Set_5dose_methods_prior","Set_5dose_methods_prior_SC1",1,"CRM","crm_fixed",NA,NA,"fixed",NA,0.3,0,0.0714,28,2,1,1,2,0.12,0.141,0.1219,NA,NA,NA,2.6873,4.1953,4.1953,3.4553,29.9473,21.6413,0.2067,349.0215,1935,1935,"0.15,0.2,0.3,0.35,0.45",0,1.4142,0.15,0.85,NA,NA,NA,NA,NA,NA,NA,NA,NA,NA,NA,NA,NA,NA,NA,NA,NA,NA,NA,NA,NA,NA,NA,NA
"Set_5dose_methods_prior","Set_5dose_methods_prior_SC1",1,"CRM","crm_fixed",NA,NA,"fixed",NA,0.3,0,0.0714,28,2,1,1,3,0.17,0.206,0.1984,NA,NA,NA,14.0568,5.7364,5.7364,0.4284,29.9473,21.6413,0.2067,349.0215,1935,1935,"0.15,0.2,0.3,0.35,0.45",0,1.4142,0.15,0.85,NA,NA,NA,NA,NA,NA,NA,NA,NA,NA,NA,NA,NA,NA,NA,NA,NA,NA,NA,NA,NA,NA,NA,NA
"Set_5dose_methods_prior","Set_5dose_methods_prior_SC1",1,"CRM","crm_fixed",NA,NA,"fixed",NA,0.3,0,0.0714,28,2,1,1,4,0.22,0.271,0.2402,NA,NA,NA,29.9225,6.6248,6.6248,3.3674,29.9473,21.6413,0.2067,349.0215,1935,1935,"0.15,0.2,0.3,0.35,0.45",0,1.4142,0.15,0.85,NA,NA,NA,NA,NA,NA,NA,NA,NA,NA,NA,NA,NA,NA,NA,NA,NA,NA,NA,NA,NA,NA,NA,NA
"Set_5dose_methods_prior","Set_5dose_methods_prior_SC1",1,"CRM","crm_fixed",NA,NA,"fixed",NA,0.3,0,0.0714,28,2,1,1,5,0.3,0.366,0.3312,NA,NA,NA,53.0749,9.262,9.262,1.0548,29.9473,21.6413,0.2067,349.0215,1935,1935,"0.15,0.2,0.3,0.35,0.45",0,1.4142,0.15,0.85,NA,NA,NA,NA,NA,NA,NA,NA,NA,NA,NA,NA,NA,NA,NA,NA,NA,NA,NA,NA,NA,NA,NA,NA
"Set_5dose_methods_prior","Set_5dose_methods_prior_SC1",1,"CRM","crm_level",NA,NA,"level",NA,0.3,0,0.0714,28,2,1,1,1,0.07,0.07,0.0805,NA,NA,NA,0.2067,3.955,3.955,0,29.9473,21.9876,0.2067,351.1698,1935,1935,"0.15,0.2,0.3,0.35,0.45",0,1.4142,0.15,0.85,NA,NA,NA,NA,NA,NA,NA,NA,NA,NA,NA,NA,NA,NA,NA,NA,NA,NA,NA,NA,NA,NA,NA,NA
"Set_5dose_methods_prior","Set_5dose_methods_prior_SC1",1,"CRM","crm_level",NA,NA,"level",NA,0.3,0,0.0714,28,2,1,1,2,0.12,0.141,0.1131,0.0472,NA,NA,2.1705,3.9969,3.9969,3.3101,29.9473,21.9876,0.2067,351.1698,1935,1935,"0.15,0.2,0.3,0.35,0.45",0,1.4142,0.15,0.85,NA,NA,NA,NA,NA,NA,NA,NA,NA,NA,NA,NA,NA,NA,NA,NA,NA,NA,NA,NA,NA,NA,NA,NA
"Set_5dose_methods_prior","Set_5dose_methods_prior_SC1",1,"CRM","crm_level",NA,NA,"level",NA,0.3,0,0.0714,28,2,1,1,3,0.17,0.206,0.1866,0.0725,NA,NA,11.9897,5.2946,5.2946,0.4584,29.9473,21.9876,0.2067,351.1698,1935,1935,"0.15,0.2,0.3,0.35,0.45",0,1.4142,0.15,0.85,NA,NA,NA,NA,NA,NA,NA,NA,NA,NA,NA,NA,NA,NA,NA,NA,NA,NA,NA,NA,NA,NA,NA,NA
"Set_5dose_methods_prior","Set_5dose_methods_prior_SC1",1,"CRM","crm_level",NA,NA,"level",NA,0.3,0,0.0714,28,2,1,1,4,0.22,0.271,0.2274,0.0703,NA,NA,26.2532,6.0977,6.0977,3.2186,29.9473,21.9876,0.2067,351.1698,1935,1935,"0.15,0.2,0.3,0.35,0.45",0,1.4142,0.15,0.85,NA,NA,NA,NA,NA,NA,NA,NA,NA,NA,NA,NA,NA,NA,NA,NA,NA,NA,NA,NA,NA,NA,NA,NA
"Set_5dose_methods_prior","Set_5dose_methods_prior_SC1",1,"CRM","crm_level",NA,NA,"level",NA,0.3,0,0.0714,28,2,1,1,5,0.3,0.366,0.3167,0.0945,NA,NA,59.1731,10.6031,10.6031,0.9726,29.9473,21.9876,0.2067,351.1698,1935,1935,"0.15,0.2,0.3,0.35,0.45",0,1.4142,0.15,0.85,NA,NA,NA,NA,NA,NA,NA,NA,NA,NA,NA,NA,NA,NA,NA,NA,NA,NA,NA,NA,NA,NA,NA,NA
"Set_5dose_methods_prior","Set_5dose_methods_prior_SC1",1,"CRM","crm_random",NA,NA,"random",NA,0.3,0,0.0714,28,2,1,1,1,0.07,0.07,0.0819,0.0409,NA,NA,0.155,3.9721,3.9721,0,29.9473,21.9525,0.2067,351.0612,1935,1935,"0.15,0.2,0.3,0.35,0.45",0,1.4142,0.15,0.85,NA,NA,NA,NA,NA,NA,NA,NA,NA,NA,NA,NA,NA,NA,NA,NA,NA,NA,NA,NA,NA,NA,NA,NA
"Set_5dose_methods_prior","Set_5dose_methods_prior_SC1",1,"CRM","crm_random",NA,NA,"random",NA,0.3,0,0.0714,28,2,1,1,2,0.12,0.141,0.1148,NA,NA,NA,2.3773,3.9969,3.9969,3.3276,29.9473,21.9525,0.2067,351.0612,1935,1935,"0.15,0.2,0.3,0.35,0.45",0,1.4142,0.15,0.85,NA,NA,NA,NA,NA,NA,NA,NA,NA,NA,NA,NA,NA,NA,NA,NA,NA,NA,NA,NA,NA,NA,NA,NA
"Set_5dose_methods_prior","Set_5dose_methods_prior_SC1",1,"CRM","crm_random",NA,NA,"random",NA,0.3,0,0.0714,28,2,1,1,3,0.17,0.206,0.1887,NA,NA,NA,11.8346,5.3566,5.3566,0.4388,29.9473,21.9525,0.2067,351.0612,1935,1935,"0.15,0.2,0.3,0.35,0.45",0,1.4142,0.15,0.85,NA,NA,NA,NA,NA,NA,NA,NA,NA,NA,NA,NA,NA,NA,NA,NA,NA,NA,NA,NA,NA,NA,NA,NA
"Set_5dose_methods_prior","Set_5dose_methods_prior_SC1",1,"CRM","crm_random",NA,NA,"random",NA,0.3,0,0.0714,28,2,1,1,4,0.22,0.271,0.2296,NA,NA,NA,27.1318,6.2341,6.2341,3.2346,29.9473,21.9525,0.2067,351.0612,1935,1935,"0.15,0.2,0.3,0.35,0.45",0,1.4142,0.15,0.85,NA,NA,NA,NA,NA,NA,NA,NA,NA,NA,NA,NA,NA,NA,NA,NA,NA,NA,NA,NA,NA,NA,NA,NA
"Set_5dose_methods_prior","Set_5dose_methods_prior_SC1",1,"CRM","crm_random",NA,NA,"random",NA,0.3,0,0.0714,28,2,1,1,5,0.3,0.366,0.3191,NA,NA,NA,58.2946,10.3876,10.3876,0.9938,29.9473,21.9525,0.2067,351.0612,1935,1935,"0.15,0.2,0.3,0.35,0.45",0,1.4142,0.15,0.85,NA,NA,NA,NA,NA,NA,NA,NA,NA,NA,NA,NA,NA,NA,NA,NA,NA,NA,NA,NA,NA,NA,NA,NA
"Set_5dose_methods_prior","Set_5dose_methods_prior_SC1",1,"CRM","crm_alpha_crm",NA,NA,"alpha_crm",NA,0.3,0,0.0714,28,2,1,1,1,0.07,0.07,0.0739,NA,NA,NA,0.0517,3.9395,3.9395,0,29.9473,22.2599,0.2067,352.5301,1935,1935,"0.15,0.2,0.3,0.35,0.45",0,1.4142,0.15,0.85,NA,NA,NA,NA,NA,NA,NA,NA,NA,NA,NA,NA,NA,"15,20,30,35,45",61,NA,NA,NA,NA,NA,NA,NA,NA,NA
"Set_5dose_methods_prior","Set_5dose_methods_prior_SC1",1,"CRM","crm_alpha_crm",NA,NA,"alpha_crm",NA,0.3,0,0.0714,28,2,1,1,2,0.12,0.141,0.105,NA,NA,NA,2.0155,3.9705,3.9705,3.2791,29.9473,22.2599,0.2067,352.5301,1935,1935,"0.15,0.2,0.3,0.35,0.45",0,1.4142,0.15,0.85,NA,NA,NA,NA,NA,NA,NA,NA,NA,NA,NA,NA,NA,"15,20,30,35,45",61,NA,NA,NA,NA,NA,NA,NA,NA,NA
"Set_5dose_methods_prior","Set_5dose_methods_prior_SC1",1,"CRM","crm_alpha_crm",NA,NA,"alpha_crm",NA,0.3,0,0.0714,28,2,1,1,3,0.17,0.206,0.1762,NA,NA,NA,8.7855,4.8248,4.8248,0.478,29.9473,22.2599,0.2067,352.5301,1935,1935,"0.15,0.2,0.3,0.35,0.45",0,1.4142,0.15,0.85,NA,NA,NA,NA,NA,NA,NA,NA,NA,NA,NA,NA,NA,"15,20,30,35,45",61,NA,NA,NA,NA,NA,NA,NA,NA,NA
"Set_5dose_methods_prior","Set_5dose_methods_prior_SC1",1,"CRM","crm_alpha_crm",NA,NA,"alpha_crm",NA,0.3,0,0.0714,28,2,1,1,4,0.22,0.271,0.2162,NA,NA,NA,22.2222,5.5349,5.5349,2.9824,29.9473,22.2599,0.2067,352.5301,1935,1935,"0.15,0.2,0.3,0.35,0.45",0,1.4142,0.15,0.85,NA,NA,NA,NA,NA,NA,NA,NA,NA,NA,NA,NA,NA,"15,20,30,35,45",61,NA,NA,NA,NA,NA,NA,NA,NA,NA
"Set_5dose_methods_prior","Set_5dose_methods_prior_SC1",1,"CRM","crm_alpha_crm",NA,NA,"alpha_crm",NA,0.3,0,0.0714,28,2,1,1,5,0.3,0.366,0.3046,NA,NA,NA,66.7183,11.6775,11.6775,0.9478,29.9473,22.2599,0.2067,352.5301,1935,1935,"0.15,0.2,0.3,0.35,0.45",0,1.4142,0.15,0.85,NA,NA,NA,NA,NA,NA,NA,NA,NA,NA,NA,NA,NA,"15,20,30,35,45",61,NA,NA,NA,NA,NA,NA,NA,NA,NA
"Set_5dose_methods_prior","Set_5dose_methods_prior_SC1",1,"CRM","crm_cumu_crm",NA,NA,"cumu_crm",NA,0.3,0,0.0714,28,2,1,1,1,0.07,0.07,0.094,NA,NA,NA,0,3.1488,3.1488,0,29.9721,22.5757,0.1034,353.4219,1935,1935,"0.15,0.2,0.3,0.35,0.45",0,1.4142,0.15,0.85,NA,NA,NA,NA,NA,NA,NA,NA,NA,NA,NA,NA,NA,NA,NA,"15,20,30,35,45","0.62828086,0.83770782,1.25656172,1.46598868,1.88484259",-2.8,2,1,2.5,1.6,1,0
"Set_5dose_methods_prior","Set_5dose_methods_prior_SC1",1,"CRM","crm_cumu_crm",NA,NA,"cumu_crm",NA,0.3,0,0.0714,28,2,1,1,2,0.12,0.141,0.1153,NA,NA,NA,1.7054,4.0326,4.0326,2.891,29.9721,22.5757,0.1034,353.4219,1935,1935,"0.15,0.2,0.3,0.35,0.45",0,1.4142,0.15,0.85,NA,NA,NA,NA,NA,NA,NA,NA,NA,NA,NA,NA,NA,NA,NA,"15,20,30,35,45","0.62828086,0.83770782,1.25656172,1.46598868,1.88484259",-2.8,2,1,2.5,1.6,1,0
"Set_5dose_methods_prior","Set_5dose_methods_prior_SC1",1,"CRM","crm_cumu_crm",NA,NA,"cumu_crm",NA,0.3,0,0.0714,28,2,1,1,3,0.17,0.206,0.1732,NA,NA,NA,6.5116,4.6512,4.6512,0.6713,29.9721,22.5757,0.1034,353.4219,1935,1935,"0.15,0.2,0.3,0.35,0.45",0,1.4142,0.15,0.85,NA,NA,NA,NA,NA,NA,NA,NA,NA,NA,NA,NA,NA,NA,NA,"15,20,30,35,45","0.62828086,0.83770782,1.25656172,1.46598868,1.88484259",-2.8,2,1,2.5,1.6,1,0
"Set_5dose_methods_prior","Set_5dose_methods_prior_SC1",1,"CRM","crm_cumu_crm",NA,NA,"cumu_crm",NA,0.3,0,0.0714,28,2,1,1,4,0.22,0.271,0.2106,NA,NA,NA,21.9638,5.6822,5.6822,2.7189,29.9721,22.5757,0.1034,353.4219,1935,1935,"0.15,0.2,0.3,0.35,0.45",0,1.4142,0.15,0.85,NA,NA,NA,NA,NA,NA,NA,NA,NA,NA,NA,NA,NA,NA,NA,"15,20,30,35,45","0.62828086,0.83770782,1.25656172,1.46598868,1.88484259",-2.8,2,1,2.5,1.6,1,0
"Set_5dose_methods_prior","Set_5dose_methods_prior_SC1",1,"CRM","crm_cumu_crm",NA,NA,"cumu_crm",NA,0.3,0,0.0714,28,2,1,1,5,0.3,0.366,0.3007,NA,NA,NA,69.7158,12.4574,12.4574,1.1152,29.9721,22.5757,0.1034,353.4219,1935,1935,"0.15,0.2,0.3,0.35,0.45",0,1.4142,0.15,0.85,NA,NA,NA,NA,NA,NA,NA,NA,NA,NA,NA,NA,NA,NA,NA,"15,20,30,35,45","0.62828086,0.83770782,1.25656172,1.46598868,1.88484259",-2.8,2,1,2.5,1.6,1,0
"Set_5dose_methods_prior","Set_5dose_methods_prior_SC1",1,"CRM","crm_fixed",NA,NA,"fixed",NA,0.3,0,0.0714,28,3,1,1,1,0.07,0.07,0.0898,0,NA,NA,0.0517,4.1442,4.1442,0,29.9473,19.2088,0.2067,331.2195,1935,1935,"0.15,0.2,0.3,0.35,0.45",0,1.4142,0.15,0.85,NA,NA,NA,NA,NA,NA,NA,NA,NA,NA,NA,NA,NA,NA,NA,NA,NA,NA,NA,NA,NA,NA,NA,NA
"Set_5dose_methods_prior","Set_5dose_methods_prior_SC1",1,"CRM","crm_fixed",NA,NA,"fixed",NA,0.3,0,0.0714,28,3,1,1,2,0.12,0.141,0.1247,NA,NA,NA,3.2558,4.3597,4.3597,3.4786,29.9473,19.2088,0.2067,331.2195,1935,1935,"0.15,0.2,0.3,0.35,0.45",0,1.4142,0.15,0.85,NA,NA,NA,NA,NA,NA,NA,NA,NA,NA,NA,NA,NA,NA,NA,NA,NA,NA,NA,NA,NA,NA,NA,NA
"Set_5dose_methods_prior","Set_5dose_methods_prior_SC1",1,"CRM","crm_fixed",NA,NA,"fixed",NA,0.3,0,0.0714,28,3,1,1,3,0.17,0.206,0.2019,NA,NA,NA,14.522,5.8667,5.8667,3.2842,29.9473,19.2088,0.2067,331.2195,1935,1935,"0.15,0.2,0.3,0.35,0.45",0,1.4142,0.15,0.85,NA,NA,NA,NA,NA,NA,NA,NA,NA,NA,NA,NA,NA,NA,NA,NA,NA,NA,NA,NA,NA,NA,NA,NA
"Set_5dose_methods_prior","Set_5dose_methods_prior_SC1",1,"CRM","crm_fixed",NA,NA,"fixed",NA,0.3,0,0.0714,28,3,1,1,4,0.22,0.271,0.2441,NA,NA,NA,30.1292,6.5132,6.5132,1.4196,29.9473,19.2088,0.2067,331.2195,1935,1935,"0.15,0.2,0.3,0.35,0.45",0,1.4142,0.15,0.85,NA,NA,NA,NA,NA,NA,NA,NA,NA,NA,NA,NA,NA,NA,NA,NA,NA,NA,NA,NA,NA,NA,NA,NA
"Set_5dose_methods_prior","Set_5dose_methods_prior_SC1",1,"CRM","crm_fixed",NA,NA,"fixed",NA,0.3,0,0.0714,28,3,1,1,5,0.3,0.366,0.3354,NA,NA,NA,51.8346,9.0636,9.0636,2.5561,29.9473,19.2088,0.2067,331.2195,1935,1935,"0.15,0.2,0.3,0.35,0.45",0,1.4142,0.15,0.85,NA,NA,NA,NA,NA,NA,NA,NA,NA,NA,NA,NA,NA,NA,NA,NA,NA,NA,NA,NA,NA,NA,NA,NA
"Set_5dose_methods_prior","Set_5dose_methods_prior_SC1",1,"CRM","crm_level",NA,NA,"level",NA,0.3,0,0.0714,28,3,1,1,1,0.07,0.07,0.0806,NA,NA,NA,0.2067,3.9318,3.9318,0,29.9473,19.5561,0.2067,332.0702,1935,1935,"0.15,0.2,0.3,0.35,0.45",0,1.4142,0.15,0.85,NA,NA,NA,NA,NA,NA,NA,NA,NA,NA,NA,NA,NA,NA,NA,NA,NA,NA,NA,NA,NA,NA,NA,NA
"Set_5dose_methods_prior","Set_5dose_methods_prior_SC1",1,"CRM","crm_level",NA,NA,"level",NA,0.3,0,0.0714,28,3,1,1,2,0.12,0.141,0.1132,0.0491,NA,NA,2.6357,4.0341,4.0341,3.2935,29.9473,19.5561,0.2067,332.0702,1935,1935,"0.15,0.2,0.3,0.35,0.45",0,1.4142,0.15,0.85,NA,NA,NA,NA,NA,NA,NA,NA,NA,NA,NA,NA,NA,NA,NA,NA,NA,NA,NA,NA,NA,NA,NA,NA
"Set_5dose_methods_prior","Set_5dose_methods_prior_SC1",1,"CRM","crm_level",NA,NA,"level",NA,0.3,0,0.0714,28,3,1,1,3,0.17,0.206,0.1865,0.0554,NA,NA,10.7494,5.2109,5.2109,3.1204,29.9473,19.5561,0.2067,332.0702,1935,1935,"0.15,0.2,0.3,0.35,0.45",0,1.4142,0.15,0.85,NA,NA,NA,NA,NA,NA,NA,NA,NA,NA,NA,NA,NA,NA,NA,NA,NA,NA,NA,NA,NA,NA,NA,NA
"Set_5dose_methods_prior","Set_5dose_methods_prior_SC1",1,"CRM","crm_level",NA,NA,"level",NA,0.3,0,0.0714,28,3,1,1,4,0.22,0.271,0.2272,0.0736,NA,NA,25.8398,5.9798,5.9798,1.2238,29.9473,19.5561,0.2067,332.0702,1935,1935,"0.15,0.2,0.3,0.35,0.45",0,1.4142,0.15,0.85,NA,NA,NA,NA,NA,NA,NA,NA,NA,NA,NA,NA,NA,NA,NA,NA,NA,NA,NA,NA,NA,NA,NA,NA
"Set_5dose_methods_prior","Set_5dose_methods_prior_SC1",1,"CRM","crm_level",NA,NA,"level",NA,0.3,0,0.0714,28,3,1,1,5,0.3,0.366,0.3164,0.0888,NA,NA,60.3618,10.7907,10.7907,2.7535,29.9473,19.5561,0.2067,332.0702,1935,1935,"0.15,0.2,0.3,0.35,0.45",0,1.4142,0.15,0.85,NA,NA,NA,NA,NA,NA,NA,NA,NA,NA,NA,NA,NA,NA,NA,NA,NA,NA,NA,NA,NA,NA,NA,NA
"Set_5dose_methods_prior","Set_5dose_methods_prior_SC1",1,"CRM","crm_random",NA,NA,"random",NA,0.3,0,0.0714,28,3,1,1,1,0.07,0.07,0.0823,0.0389,NA,NA,0.2067,3.9519,3.9519,0,29.9473,19.5132,0.2067,331.8165,1935,1935,"0.15,0.2,0.3,0.35,0.45",0,1.4142,0.15,0.85,NA,NA,NA,NA,NA,NA,NA,NA,NA,NA,NA,NA,NA,NA,NA,NA,NA,NA,NA,NA,NA,NA,NA,NA
"Set_5dose_methods_prior","Set_5dose_methods_prior_SC1",1,"CRM","crm_random",NA,NA,"random",NA,0.3,0,0.0714,28,3,1,1,2,0.12,0.141,0.1154,NA,NA,NA,2.584,4.0388,4.0388,3.3235,29.9473,19.5132,0.2067,331.8165,1935,1935,"0.15,0.2,0.3,0.35,0.45",0,1.4142,0.15,0.85,NA,NA,NA,NA,NA,NA,NA,NA,NA,NA,NA,NA,NA,NA,NA,NA,NA,NA,NA,NA,NA,NA,NA,NA
"Set_5dose_methods_prior","Set_5dose_methods_prior_SC1",1,"CRM","crm_random",NA,NA,"random",NA,0.3,0,0.0714,28,3,1,1,3,0.17,0.206,0.1894,NA,NA,NA,10.8527,5.2326,5.2326,3.1468,29.9473,19.5132,0.2067,331.8165,1935,1935,"0.15,0.2,0.3,0.35,0.45",0,1.4142,0.15,0.85,NA,NA,NA,NA,NA,NA,NA,NA,NA,NA,NA,NA,NA,NA,NA,NA,NA,NA,NA,NA,NA,NA,NA,NA
"Set_5dose_methods_prior","Set_5dose_methods_prior_SC1",1,"CRM","crm_random",NA,NA,"random",NA,0.3,0,0.0714,28,3,1,1,4,0.22,0.271,0.2303,NA,NA,NA,27.8036,6.1891,6.1891,1.1902,29.9473,19.5132,0.2067,331.8165,1935,1935,"0.15,0.2,0.3,0.35,0.45",0,1.4142,0.15,0.85,NA,NA,NA,NA,NA,NA,NA,NA,NA,NA,NA,NA,NA,NA,NA,NA,NA,NA,NA,NA,NA,NA,NA,NA
"Set_5dose_methods_prior","Set_5dose_methods_prior_SC1",1,"CRM","crm_random",NA,NA,"random",NA,0.3,0,0.0714,28,3,1,1,5,0.3,0.366,0.3198,NA,NA,NA,58.3463,10.5349,10.5349,2.7736,29.9473,19.5132,0.2067,331.8165,1935,1935,"0.15,0.2,0.3,0.35,0.45",0,1.4142,0.15,0.85,NA,NA,NA,NA,NA,NA,NA,NA,NA,NA,NA,NA,NA,NA,NA,NA,NA,NA,NA,NA,NA,NA,NA,NA
"Set_5dose_methods_prior","Set_5dose_methods_prior_SC1",1,"CRM","crm_alpha_crm",NA,NA,"alpha_crm",NA,0.3,0,0.0714,28,3,1,1,1,0.07,0.07,0.0715,NA,NA,NA,0.1034,3.9349,3.9349,0,29.9473,20.0475,0.2067,334.1057,1935,1935,"0.15,0.2,0.3,0.35,0.45",0,1.4142,0.15,0.85,NA,NA,NA,NA,NA,NA,NA,NA,NA,NA,NA,NA,NA,"15,20,30,35,45",61,NA,NA,NA,NA,NA,NA,NA,NA,NA
"Set_5dose_methods_prior","Set_5dose_methods_prior_SC1",1,"CRM","crm_alpha_crm",NA,NA,"alpha_crm",NA,0.3,0,0.0714,28,3,1,1,2,0.12,0.141,0.1019,NA,NA,NA,1.8088,3.8481,3.8481,3.2749,29.9473,20.0475,0.2067,334.1057,1935,1935,"0.15,0.2,0.3,0.35,0.45",0,1.4142,0.15,0.85,NA,NA,NA,NA,NA,NA,NA,NA,NA,NA,NA,NA,NA,"15,20,30,35,45",61,NA,NA,NA,NA,NA,NA,NA,NA,NA
"Set_5dose_methods_prior","Set_5dose_methods_prior_SC1",1,"CRM","crm_alpha_crm",NA,NA,"alpha_crm",NA,0.3,0,0.0714,28,3,1,1,3,0.17,0.206,0.1718,NA,NA,NA,7.8553,4.5008,4.5008,3.0775,29.9473,20.0475,0.2067,334.1057,1935,1935,"0.15,0.2,0.3,0.35,0.45",0,1.4142,0.15,0.85,NA,NA,NA,NA,NA,NA,NA,NA,NA,NA,NA,NA,NA,"15,20,30,35,45",61,NA,NA,NA,NA,NA,NA,NA,NA,NA
"Set_5dose_methods_prior","Set_5dose_methods_prior_SC1",1,"CRM","crm_alpha_crm",NA,NA,"alpha_crm",NA,0.3,0,0.0714,28,3,1,1,4,0.22,0.271,0.2113,NA,NA,NA,21.0853,5.3566,5.3566,0.8889,29.9473,20.0475,0.2067,334.1057,1935,1935,"0.15,0.2,0.3,0.35,0.45",0,1.4142,0.15,0.85,NA,NA,NA,NA,NA,NA,NA,NA,NA,NA,NA,NA,NA,"15,20,30,35,45",61,NA,NA,NA,NA,NA,NA,NA,NA,NA
"Set_5dose_methods_prior","Set_5dose_methods_prior_SC1",1,"CRM","crm_alpha_crm",NA,NA,"alpha_crm",NA,0.3,0,0.0714,28,3,1,1,5,0.3,0.366,0.2989,NA,NA,NA,68.9406,12.307,12.307,2.6584,29.9473,20.0475,0.2067,334.1057,1935,1935,"0.15,0.2,0.3,0.35,0.45",0,1.4142,0.15,0.85,NA,NA,NA,NA,NA,NA,NA,NA,NA,NA,NA,NA,NA,"15,20,30,35,45",61,NA,NA,NA,NA,NA,NA,NA,NA,NA
"Set_5dose_methods_prior","Set_5dose_methods_prior_SC1",1,"CRM","crm_cumu_crm",NA,NA,"cumu_crm",NA,0.3,0,0.0714,28,3,1,1,1,0.07,0.07,0.0927,NA,NA,NA,0.0517,3.1473,3.1473,0,29.9721,20.4057,0.1034,333.9364,1935,1935,"0.15,0.2,0.3,0.35,0.45",0,1.4142,0.15,0.85,NA,NA,NA,NA,NA,NA,NA,NA,NA,NA,NA,NA,NA,NA,NA,"15,20,30,35,45","0.62828086,0.83770782,1.25656172,1.46598868,1.88484259",-2.8,2,1,2.5,1.6,1,0
"Set_5dose_methods_prior","Set_5dose_methods_prior_SC1",1,"CRM","crm_cumu_crm",NA,NA,"cumu_crm",NA,0.3,0,0.0714,28,3,1,1,2,0.12,0.141,0.1131,NA,NA,NA,1.6021,3.7194,3.7194,2.8879,29.9721,20.4057,0.1034,333.9364,1935,1935,"0.15,0.2,0.3,0.35,0.45",0,1.4142,0.15,0.85,NA,NA,NA,NA,NA,NA,NA,NA,NA,NA,NA,NA,NA,NA,NA,"15,20,30,35,45","0.62828086,0.83770782,1.25656172,1.46598868,1.88484259",-2.8,2,1,2.5,1.6,1,0
"Set_5dose_methods_prior","Set_5dose_methods_prior_SC1",1,"CRM","crm_cumu_crm",NA,NA,"cumu_crm",NA,0.3,0,0.0714,28,3,1,1,3,0.17,0.206,0.1687,NA,NA,NA,5.7364,4.2419,4.2419,2.9008,29.9721,20.4057,0.1034,333.9364,1935,1935,"0.15,0.2,0.3,0.35,0.45",0,1.4142,0.15,0.85,NA,NA,NA,NA,NA,NA,NA,NA,NA,NA,NA,NA,NA,NA,NA,"15,20,30,35,45","0.62828086,0.83770782,1.25656172,1.46598868,1.88484259",-2.8,2,1,2.5,1.6,1,0
"Set_5dose_methods_prior","Set_5dose_methods_prior_SC1",1,"CRM","crm_cumu_crm",NA,NA,"cumu_crm",NA,0.3,0,0.0714,28,3,1,1,4,0.22,0.271,0.2046,NA,NA,NA,20.4651,5.7225,5.7225,0.9783,29.9721,20.4057,0.1034,333.9364,1935,1935,"0.15,0.2,0.3,0.35,0.45",0,1.4142,0.15,0.85,NA,NA,NA,NA,NA,NA,NA,NA,NA,NA,NA,NA,NA,NA,NA,"15,20,30,35,45","0.62828086,0.83770782,1.25656172,1.46598868,1.88484259",-2.8,2,1,2.5,1.6,1,0
"Set_5dose_methods_prior","Set_5dose_methods_prior_SC1",1,"CRM","crm_cumu_crm",NA,NA,"cumu_crm",NA,0.3,0,0.0714,28,3,1,1,5,0.3,0.366,0.2918,NA,NA,NA,72.0413,13.1411,13.1411,2.7995,29.9721,20.4057,0.1034,333.9364,1935,1935,"0.15,0.2,0.3,0.35,0.45",0,1.4142,0.15,0.85,NA,NA,NA,NA,NA,NA,NA,NA,NA,NA,NA,NA,NA,NA,NA,"15,20,30,35,45","0.62828086,0.83770782,1.25656172,1.46598868,1.88484259",-2.8,2,1,2.5,1.6,1,0
"Set_5dose_methods_prior","Set_5dose_methods_prior_SC1",1,"CRM","crm_fixed",NA,NA,"fixed",NA,0.6,0,0.0714,28,1,1,1,1,0.07,0.07,0.0803,0,NA,NA,0,4.0605,4.0605,0,29.9473,29.9473,0.2067,437.3492,1935,1935,"0.15,0.2,0.3,0.35,0.45",0,1.4142,0.15,0.85,NA,NA,NA,NA,NA,NA,NA,NA,NA,NA,NA,NA,NA,NA,NA,NA,NA,NA,NA,NA,NA,NA,NA,NA
"Set_5dose_methods_prior","Set_5dose_methods_prior_SC1",1,"CRM","crm_fixed",NA,NA,"fixed",NA,0.6,0,0.0714,28,1,1,1,2,0.12,0.162,0.1131,NA,NA,NA,1.9638,3.9938,3.9938,0,29.9473,29.9473,0.2067,437.3492,1935,1935,"0.15,0.2,0.3,0.35,0.45",0,1.4142,0.15,0.85,NA,NA,NA,NA,NA,NA,NA,NA,NA,NA,NA,NA,NA,NA,NA,NA,NA,NA,NA,NA,NA,NA,NA,NA
"Set_5dose_methods_prior","Set_5dose_methods_prior_SC1",1,"CRM","crm_fixed",NA,NA,"fixed",NA,0.6,0,0.0714,28,1,1,1,3,0.17,0.242,0.187,NA,NA,NA,10.9044,5.2651,5.2651,0,29.9473,29.9473,0.2067,437.3492,1935,1935,"0.15,0.2,0.3,0.35,0.45",0,1.4142,0.15,0.85,NA,NA,NA,NA,NA,NA,NA,NA,NA,NA,NA,NA,NA,NA,NA,NA,NA,NA,NA,NA,NA,NA,NA,NA
"Set_5dose_methods_prior","Set_5dose_methods_prior_SC1",1,"CRM","crm_fixed",NA,NA,"fixed",NA,0.6,0,0.0714,28,1,1,1,4,0.22,0.322,0.228,NA,NA,NA,25.6331,6.2171,6.2171,0,29.9473,29.9473,0.2067,437.3492,1935,1935,"0.15,0.2,0.3,0.35,0.45",0,1.4142,0.15,0.85,NA,NA,NA,NA,NA,NA,NA,NA,NA,NA,NA,NA,NA,NA,NA,NA,NA,NA,NA,NA,NA,NA,NA,NA
"Set_5dose_methods_prior","Set_5dose_methods_prior_SC1",1,"CRM","crm_fixed",NA,NA,"fixed",NA,0.6,0,0.0714,28,1,1,1,5,0.3,0.432,0.3179,NA,NA,NA,61.292,10.4109,10.4109,0,29.9473,29.9473,0.2067,437.3492,1935,1935,"0.15,0.2,0.3,0.35,0.45",0,1.4142,0.15,0.85,NA,NA,NA,NA,NA,NA,NA,NA,NA,NA,NA,NA,NA,NA,NA,NA,NA,NA,NA,NA,NA,NA,NA,NA
"Set_5dose_methods_prior","Set_5dose_methods_prior_SC1",1,"CRM","crm_level",NA,NA,"level",NA,0.6,0,0.0714,28,1,1,1,1,0.07,0.07,0.0803,NA,NA,NA,0,4.0558,4.0558,0,29.9473,29.9473,0.2067,437.3492,1935,1935,"0.15,0.2,0.3,0.35,0.45",0,1.4142,0.15,0.85,NA,NA,NA,NA,NA,NA,NA,NA,NA,NA,NA,NA,NA,NA,NA,NA,NA,NA,NA,NA,NA,NA,NA,NA
"Set_5dose_methods_prior","Set_5dose_methods_prior_SC1",1,"CRM","crm_level",NA,NA,"level",NA,0.6,0,0.0714,28,1,1,1,2,0.12,0.162,0.1132,0.0758,NA,NA,1.9121,3.9876,3.9876,0,29.9473,29.9473,0.2067,437.3492,1935,1935,"0.15,0.2,0.3,0.35,0.45",0,1.4142,0.15,0.85,NA,NA,NA,NA,NA,NA,NA,NA,NA,NA,NA,NA,NA,NA,NA,NA,NA,NA,NA,NA,NA,NA,NA,NA
"Set_5dose_methods_prior","Set_5dose_methods_prior_SC1",1,"CRM","crm_level",NA,NA,"level",NA,0.6,0,0.0714,28,1,1,1,3,0.17,0.242,0.1872,0.0807,NA,NA,11.4212,5.3085,5.3085,0,29.9473,29.9473,0.2067,437.3492,1935,1935,"0.15,0.2,0.3,0.35,0.45",0,1.4142,0.15,0.85,NA,NA,NA,NA,NA,NA,NA,NA,NA,NA,NA,NA,NA,NA,NA,NA,NA,NA,NA,NA,NA,NA,NA,NA
"Set_5dose_methods_prior","Set_5dose_methods_prior_SC1",1,"CRM","crm_level",NA,NA,"level",NA,0.6,0,0.0714,28,1,1,1,4,0.22,0.322,0.2282,0.0818,NA,NA,25.168,6.169,6.169,0,29.9473,29.9473,0.2067,437.3492,1935,1935,"0.15,0.2,0.3,0.35,0.45",0,1.4142,0.15,0.85,NA,NA,NA,NA,NA,NA,NA,NA,NA,NA,NA,NA,NA,NA,NA,NA,NA,NA,NA,NA,NA,NA,NA,NA
"Set_5dose_methods_prior","Set_5dose_methods_prior_SC1",1,"CRM","crm_level",NA,NA,"level",NA,0.6,0,0.0714,28,1,1,1,5,0.3,0.432,0.318,0.097,NA,NA,61.292,10.4264,10.4264,0,29.9473,29.9473,0.2067,437.3492,1935,1935,"0.15,0.2,0.3,0.35,0.45",0,1.4142,0.15,0.85,NA,NA,NA,NA,NA,NA,NA,NA,NA,NA,NA,NA,NA,NA,NA,NA,NA,NA,NA,NA,NA,NA,NA,NA
"Set_5dose_methods_prior","Set_5dose_methods_prior_SC1",1,"CRM","crm_random",NA,NA,"random",NA,0.6,0,0.0714,28,1,1,1,1,0.07,0.07,0.0805,0.0837,NA,NA,0,4.0527,4.0527,0,29.9473,29.9473,0.2067,437.3492,1935,1935,"0.15,0.2,0.3,0.35,0.45",0,1.4142,0.15,0.85,NA,NA,NA,NA,NA,NA,NA,NA,NA,NA,NA,NA,NA,NA,NA,NA,NA,NA,NA,NA,NA,NA,NA,NA
"Set_5dose_methods_prior","Set_5dose_methods_prior_SC1",1,"CRM","crm_random",NA,NA,"random",NA,0.6,0,0.0714,28,1,1,1,2,0.12,0.162,0.1134,NA,NA,NA,1.9638,3.9922,3.9922,0,29.9473,29.9473,0.2067,437.3492,1935,1935,"0.15,0.2,0.3,0.35,0.45",0,1.4142,0.15,0.85,NA,NA,NA,NA,NA,NA,NA,NA,NA,NA,NA,NA,NA,NA,NA,NA,NA,NA,NA,NA,NA,NA,NA,NA
"Set_5dose_methods_prior","Set_5dose_methods_prior_SC1",1,"CRM","crm_random",NA,NA,"random",NA,0.6,0,0.0714,28,1,1,1,3,0.17,0.242,0.1874,NA,NA,NA,11.4212,5.3287,5.3287,0,29.9473,29.9473,0.2067,437.3492,1935,1935,"0.15,0.2,0.3,0.35,0.45",0,1.4142,0.15,0.85,NA,NA,NA,NA,NA,NA,NA,NA,NA,NA,NA,NA,NA,NA,NA,NA,NA,NA,NA,NA,NA,NA,NA,NA
"Set_5dose_methods_prior","Set_5dose_methods_prior_SC1",1,"CRM","crm_random",NA,NA,"random",NA,0.6,0,0.0714,28,1,1,1,4,0.22,0.322,0.2284,NA,NA,NA,25.2713,6.1628,6.1628,0,29.9473,29.9473,0.2067,437.3492,1935,1935,"0.15,0.2,0.3,0.35,0.45",0,1.4142,0.15,0.85,NA,NA,NA,NA,NA,NA,NA,NA,NA,NA,NA,NA,NA,NA,NA,NA,NA,NA,NA,NA,NA,NA,NA,NA
"Set_5dose_methods_prior","Set_5dose_methods_prior_SC1",1,"CRM","crm_random",NA,NA,"random",NA,0.6,0,0.0714,28,1,1,1,5,0.3,0.432,0.3183,NA,NA,NA,61.137,10.4109,10.4109,0,29.9473,29.9473,0.2067,437.3492,1935,1935,"0.15,0.2,0.3,0.35,0.45",0,1.4142,0.15,0.85,NA,NA,NA,NA,NA,NA,NA,NA,NA,NA,NA,NA,NA,NA,NA,NA,NA,NA,NA,NA,NA,NA,NA,NA
"Set_5dose_methods_prior","Set_5dose_methods_prior_SC1",1,"CRM","crm_alpha_crm",NA,NA,"alpha_crm",NA,0.6,0,0.0714,28,1,1,1,1,0.07,0.07,0.0804,NA,NA,NA,0,4.0558,4.0558,0,29.9473,29.9473,0.2067,437.3492,1935,1935,"0.15,0.2,0.3,0.35,0.45",0,1.4142,0.15,0.85,NA,NA,NA,NA,NA,NA,NA,NA,NA,NA,NA,NA,NA,"15,20,30,35,45",61,NA,NA,NA,NA,NA,NA,NA,NA,NA
"Set_5dose_methods_prior","Set_5dose_methods_prior_SC1",1,"CRM","crm_alpha_crm",NA,NA,"alpha_crm",NA,0.6,0,0.0714,28,1,1,1,2,0.12,0.162,0.1133,NA,NA,NA,1.9638,3.9953,3.9953,0,29.9473,29.9473,0.2067,437.3492,1935,1935,"0.15,0.2,0.3,0.35,0.45",0,1.4142,0.15,0.85,NA,NA,NA,NA,NA,NA,NA,NA,NA,NA,NA,NA,NA,"15,20,30,35,45",61,NA,NA,NA,NA,NA,NA,NA,NA,NA
"Set_5dose_methods_prior","Set_5dose_methods_prior_SC1",1,"CRM","crm_alpha_crm",NA,NA,"alpha_crm",NA,0.6,0,0.0714,28,1,1,1,3,0.17,0.242,0.1873,NA,NA,NA,11.1111,5.307,5.307,0,29.9473,29.9473,0.2067,437.3492,1935,1935,"0.15,0.2,0.3,0.35,0.45",0,1.4142,0.15,0.85,NA,NA,NA,NA,NA,NA,NA,NA,NA,NA,NA,NA,NA,"15,20,30,35,45",61,NA,NA,NA,NA,NA,NA,NA,NA,NA
"Set_5dose_methods_prior","Set_5dose_methods_prior_SC1",1,"CRM","crm_alpha_crm",NA,NA,"alpha_crm",NA,0.6,0,0.0714,28,1,1,1,4,0.22,0.322,0.2283,NA,NA,NA,25.1163,6.1364,6.1364,0,29.9473,29.9473,0.2067,437.3492,1935,1935,"0.15,0.2,0.3,0.35,0.45",0,1.4142,0.15,0.85,NA,NA,NA,NA,NA,NA,NA,NA,NA,NA,NA,NA,NA,"15,20,30,35,45",61,NA,NA,NA,NA,NA,NA,NA,NA,NA
"Set_5dose_methods_prior","Set_5dose_methods_prior_SC1",1,"CRM","crm_alpha_crm",NA,NA,"alpha_crm",NA,0.6,0,0.0714,28,1,1,1,5,0.3,0.432,0.3181,NA,NA,NA,61.6021,10.4527,10.4527,0,29.9473,29.9473,0.2067,437.3492,1935,1935,"0.15,0.2,0.3,0.35,0.45",0,1.4142,0.15,0.85,NA,NA,NA,NA,NA,NA,NA,NA,NA,NA,NA,NA,NA,"15,20,30,35,45",61,NA,NA,NA,NA,NA,NA,NA,NA,NA
"Set_5dose_methods_prior","Set_5dose_methods_prior_SC1",1,"CRM","crm_cumu_crm",NA,NA,"cumu_crm",NA,0.6,0,0.0714,28,1,1,1,1,0.07,0.07,0.0997,NA,NA,NA,0,3.1845,3.1845,0,29.9721,29.9721,0.1034,437.677,1935,1935,"0.15,0.2,0.3,0.35,0.45",0,1.4142,0.15,0.85,NA,NA,NA,NA,NA,NA,NA,NA,NA,NA,NA,NA,NA,NA,NA,"15,20,30,35,45","0.62828086,0.83770782,1.25656172,1.46598868,1.88484259",-2.8,2,1,2.5,1.6,1,0
"Set_5dose_methods_prior","Set_5dose_methods_prior_SC1",1,"CRM","crm_cumu_crm",NA,NA,"cumu_crm",NA,0.6,0,0.0714,28,1,1,1,2,0.12,0.162,0.1234,NA,NA,NA,2.584,4.2062,4.2062,0,29.9721,29.9721,0.1034,437.677,1935,1935,"0.15,0.2,0.3,0.35,0.45",0,1.4142,0.15,0.85,NA,NA,NA,NA,NA,NA,NA,NA,NA,NA,NA,NA,NA,NA,NA,"15,20,30,35,45","0.62828086,0.83770782,1.25656172,1.46598868,1.88484259",-2.8,2,1,2.5,1.6,1,0
"Set_5dose_methods_prior","Set_5dose_methods_prior_SC1",1,"CRM","crm_cumu_crm",NA,NA,"cumu_crm",NA,0.6,0,0.0714,28,1,1,1,3,0.17,0.242,0.1881,NA,NA,NA,9.4574,5.3984,5.3984,0,29.9721,29.9721,0.1034,437.677,1935,1935,"0.15,0.2,0.3,0.35,0.45",0,1.4142,0.15,0.85,NA,NA,NA,NA,NA,NA,NA,NA,NA,NA,NA,NA,NA,NA,NA,"15,20,30,35,45","0.62828086,0.83770782,1.25656172,1.46598868,1.88484259",-2.8,2,1,2.5,1.6,1,0
"Set_5dose_methods_prior","Set_5dose_methods_prior_SC1",1,"CRM","crm_cumu_crm",NA,NA,"cumu_crm",NA,0.6,0,0.0714,28,1,1,1,4,0.22,0.322,0.2296,NA,NA,NA,26.7183,6.6791,6.6791,0,29.9721,29.9721,0.1034,437.677,1935,1935,"0.15,0.2,0.3,0.35,0.45",0,1.4142,0.15,0.85,NA,NA,NA,NA,NA,NA,NA,NA,NA,NA,NA,NA,NA,NA,NA,"15,20,30,35,45","0.62828086,0.83770782,1.25656172,1.46598868,1.88484259",-2.8,2,1,2.5,1.6,1,0
"Set_5dose_methods_prior","Set_5dose_methods_prior_SC1",1,"CRM","crm_cumu_crm",NA,NA,"cumu_crm",NA,0.6,0,0.0714,28,1,1,1,5,0.3,0.432,0.3273,NA,NA,NA,61.137,10.5039,10.5039,0,29.9721,29.9721,0.1034,437.677,1935,1935,"0.15,0.2,0.3,0.35,0.45",0,1.4142,0.15,0.85,NA,NA,NA,NA,NA,NA,NA,NA,NA,NA,NA,NA,NA,NA,NA,"15,20,30,35,45","0.62828086,0.83770782,1.25656172,1.46598868,1.88484259",-2.8,2,1,2.5,1.6,1,0
"Set_5dose_methods_prior","Set_5dose_methods_prior_SC1",1,"CRM","crm_fixed",NA,NA,"fixed",NA,0.6,0,0.0714,28,2,1,1,1,0.07,0.07,0.0948,0,NA,NA,0.0517,4.2295,4.2295,0,29.9473,21.3788,0.2067,347.2886,1935,1935,"0.15,0.2,0.3,0.35,0.45",0,1.4142,0.15,0.85,NA,NA,NA,NA,NA,NA,NA,NA,NA,NA,NA,NA,NA,NA,NA,NA,NA,NA,NA,NA,NA,NA,NA,NA
"Set_5dose_methods_prior","Set_5dose_methods_prior_SC1",1,"CRM","crm_fixed",NA,NA,"fixed",NA,0.6,0,0.0714,28,2,1,1,2,0.12,0.162,0.1308,NA,NA,NA,3.7726,4.4853,4.4853,3.5726,29.9473,21.3788,0.2067,347.2886,1935,1935,"0.15,0.2,0.3,0.35,0.45",0,1.4142,0.15,0.85,NA,NA,NA,NA,NA,NA,NA,NA,NA,NA,NA,NA,NA,NA,NA,NA,NA,NA,NA,NA,NA,NA,NA,NA
"Set_5dose_methods_prior","Set_5dose_methods_prior_SC1",1,"CRM","crm_fixed",NA,NA,"fixed",NA,0.6,0,0.0714,28,2,1,1,3,0.17,0.242,0.2098,NA,NA,NA,17.9328,6.1845,6.1845,0.5152,29.9473,21.3788,0.2067,347.2886,1935,1935,"0.15,0.2,0.3,0.35,0.45",0,1.4142,0.15,0.85,NA,NA,NA,NA,NA,NA,NA,NA,NA,NA,NA,NA,NA,NA,NA,NA,NA,NA,NA,NA,NA,NA,NA,NA
"Set_5dose_methods_prior","Set_5dose_methods_prior_SC1",1,"CRM","crm_fixed",NA,NA,"fixed",NA,0.6,0,0.0714,28,2,1,1,4,0.22,0.322,0.2525,NA,NA,NA,31.7829,6.7752,6.7752,3.4434,29.9473,21.3788,0.2067,347.2886,1935,1935,"0.15,0.2,0.3,0.35,0.45",0,1.4142,0.15,0.85,NA,NA,NA,NA,NA,NA,NA,NA,NA,NA,NA,NA,NA,NA,NA,NA,NA,NA,NA,NA,NA,NA,NA,NA
"Set_5dose_methods_prior","Set_5dose_methods_prior_SC1",1,"CRM","crm_fixed",NA,NA,"fixed",NA,0.6,0,0.0714,28,2,1,1,5,0.3,0.432,0.3444,NA,NA,NA,46.2532,8.2729,8.2729,1.0372,29.9473,21.3788,0.2067,347.2886,1935,1935,"0.15,0.2,0.3,0.35,0.45",0,1.4142,0.15,0.85,NA,NA,NA,NA,NA,NA,NA,NA,NA,NA,NA,NA,NA,NA,NA,NA,NA,NA,NA,NA,NA,NA,NA,NA
"Set_5dose_methods_prior","Set_5dose_methods_prior_SC1",1,"CRM","crm_level",NA,NA,"level",NA,0.6,0,0.0714,28,2,1,1,1,0.07,0.07,0.0862,NA,NA,NA,0.4651,4.0047,4.0047,0,29.9473,21.8062,0.2067,350.0578,1935,1935,"0.15,0.2,0.3,0.35,0.45",0,1.4142,0.15,0.85,NA,NA,NA,NA,NA,NA,NA,NA,NA,NA,NA,NA,NA,NA,NA,NA,NA,NA,NA,NA,NA,NA,NA,NA
"Set_5dose_methods_prior","Set_5dose_methods_prior_SC1",1,"CRM","crm_level",NA,NA,"level",NA,0.6,0,0.0714,28,2,1,1,2,0.12,0.162,0.12,0.0487,NA,NA,2.7907,4.2,4.2,3.3757,29.9473,21.8062,0.2067,350.0578,1935,1935,"0.15,0.2,0.3,0.35,0.45",0,1.4142,0.15,0.85,NA,NA,NA,NA,NA,NA,NA,NA,NA,NA,NA,NA,NA,NA,NA,NA,NA,NA,NA,NA,NA,NA,NA,NA
"Set_5dose_methods_prior","Set_5dose_methods_prior_SC1",1,"CRM","crm_level",NA,NA,"level",NA,0.6,0,0.0714,28,2,1,1,3,0.17,0.242,0.1955,0.0761,NA,NA,14.8837,5.555,5.555,0.5142,29.9473,21.8062,0.2067,350.0578,1935,1935,"0.15,0.2,0.3,0.35,0.45",0,1.4142,0.15,0.85,NA,NA,NA,NA,NA,NA,NA,NA,NA,NA,NA,NA,NA,NA,NA,NA,NA,NA,NA,NA,NA,NA,NA,NA
"Set_5dose_methods_prior","Set_5dose_methods_prior_SC1",1,"CRM","crm_level",NA,NA,"level",NA,0.6,0,0.0714,28,2,1,1,4,0.22,0.322,0.2369,0.0779,NA,NA,27.5969,6.2047,6.2047,3.261,29.9473,21.8062,0.2067,350.0578,1935,1935,"0.15,0.2,0.3,0.35,0.45",0,1.4142,0.15,0.85,NA,NA,NA,NA,NA,NA,NA,NA,NA,NA,NA,NA,NA,NA,NA,NA,NA,NA,NA,NA,NA,NA,NA,NA
"Set_5dose_methods_prior","Set_5dose_methods_prior_SC1",1,"CRM","crm_level",NA,NA,"level",NA,0.6,0,0.0714,28,2,1,1,5,0.3,0.432,0.3271,0.096,NA,NA,54.0568,9.9829,9.9829,0.9902,29.9473,21.8062,0.2067,350.0578,1935,1935,"0.15,0.2,0.3,0.35,0.45",0,1.4142,0.15,0.85,NA,NA,NA,NA,NA,NA,NA,NA,NA,NA,NA,NA,NA,NA,NA,NA,NA,NA,NA,NA,NA,NA,NA,NA
"Set_5dose_methods_prior","Set_5dose_methods_prior_SC1",1,"CRM","crm_random",NA,NA,"random",NA,0.6,0,0.0714,28,2,1,1,1,0.07,0.07,0.0875,0.047,NA,NA,0.3618,4.014,4.014,0,29.9473,21.7783,0.2067,350.0831,1935,1935,"0.15,0.2,0.3,0.35,0.45",0,1.4142,0.15,0.85,NA,NA,NA,NA,NA,NA,NA,NA,NA,NA,NA,NA,NA,NA,NA,NA,NA,NA,NA,NA,NA,NA,NA,NA
"Set_5dose_methods_prior","Set_5dose_methods_prior_SC1",1,"CRM","crm_random",NA,NA,"random",NA,0.6,0,0.0714,28,2,1,1,2,0.12,0.162,0.1217,NA,NA,NA,2.7907,4.2372,4.2372,3.3933,29.9473,21.7783,0.2067,350.0831,1935,1935,"0.15,0.2,0.3,0.35,0.45",0,1.4142,0.15,0.85,NA,NA,NA,NA,NA,NA,NA,NA,NA,NA,NA,NA,NA,NA,NA,NA,NA,NA,NA,NA,NA,NA,NA,NA
"Set_5dose_methods_prior","Set_5dose_methods_prior_SC1",1,"CRM","crm_random",NA,NA,"random",NA,0.6,0,0.0714,28,2,1,1,3,0.17,0.242,0.1974,NA,NA,NA,15.4005,5.7194,5.7194,0.5592,29.9473,21.7783,0.2067,350.0831,1935,1935,"0.15,0.2,0.3,0.35,0.45",0,1.4142,0.15,0.85,NA,NA,NA,NA,NA,NA,NA,NA,NA,NA,NA,NA,NA,NA,NA,NA,NA,NA,NA,NA,NA,NA,NA,NA
"Set_5dose_methods_prior","Set_5dose_methods_prior_SC1",1,"CRM","crm_random",NA,NA,"random",NA,0.6,0,0.0714,28,2,1,1,4,0.22,0.322,0.239,NA,NA,NA,28.5788,6.3008,6.3008,3.2398,29.9473,21.7783,0.2067,350.0831,1935,1935,"0.15,0.2,0.3,0.35,0.45",0,1.4142,0.15,0.85,NA,NA,NA,NA,NA,NA,NA,NA,NA,NA,NA,NA,NA,NA,NA,NA,NA,NA,NA,NA,NA,NA,NA,NA
"Set_5dose_methods_prior","Set_5dose_methods_prior_SC1",1,"CRM","crm_random",NA,NA,"random",NA,0.6,0,0.0714,28,2,1,1,5,0.3,0.432,0.3292,NA,NA,NA,52.6615,9.676,9.676,0.9767,29.9473,21.7783,0.2067,350.0831,1935,1935,"0.15,0.2,0.3,0.35,0.45",0,1.4142,0.15,0.85,NA,NA,NA,NA,NA,NA,NA,NA,NA,NA,NA,NA,NA,NA,NA,NA,NA,NA,NA,NA,NA,NA,NA,NA
"Set_5dose_methods_prior","Set_5dose_methods_prior_SC1",1,"CRM","crm_alpha_crm",NA,NA,"alpha_crm",NA,0.6,0,0.0714,28,2,1,1,1,0.07,0.07,0.0787,NA,NA,NA,0.1034,3.986,3.986,0,29.9473,22.0346,0.2067,351.0672,1935,1935,"0.15,0.2,0.3,0.35,0.45",0,1.4142,0.15,0.85,NA,NA,NA,NA,NA,NA,NA,NA,NA,NA,NA,NA,NA,"15,20,30,35,45",61,NA,NA,NA,NA,NA,NA,NA,NA,NA
"Set_5dose_methods_prior","Set_5dose_methods_prior_SC1",1,"CRM","crm_alpha_crm",NA,NA,"alpha_crm",NA,0.6,0,0.0714,28,2,1,1,2,0.12,0.162,0.111,NA,NA,NA,2.4806,4.186,4.186,3.338,29.9473,22.0346,0.2067,351.0672,1935,1935,"0.15,0.2,0.3,0.35,0.45",0,1.4142,0.15,0.85,NA,NA,NA,NA,NA,NA,NA,NA,NA,NA,NA,NA,NA,"15,20,30,35,45",61,NA,NA,NA,NA,NA,NA,NA,NA,NA
"Set_5dose_methods_prior","Set_5dose_methods_prior_SC1",1,"CRM","crm_alpha_crm",NA,NA,"alpha_crm",NA,0.6,0,0.0714,28,2,1,1,3,0.17,0.242,0.184,NA,NA,NA,11.5762,5.0853,5.0853,0.586,29.9473,22.0346,0.2067,351.0672,1935,1935,"0.15,0.2,0.3,0.35,0.45",0,1.4142,0.15,0.85,NA,NA,NA,NA,NA,NA,NA,NA,NA,NA,NA,NA,NA,"15,20,30,35,45",61,NA,NA,NA,NA,NA,NA,NA,NA,NA
"Set_5dose_methods_prior","Set_5dose_methods_prior_SC1",1,"CRM","crm_alpha_crm",NA,NA,"alpha_crm",NA,0.6,0,0.0714,28,2,1,1,4,0.22,0.322,0.2247,NA,NA,NA,24.2894,5.7581,5.7581,2.9938,29.9473,22.0346,0.2067,351.0672,1935,1935,"0.15,0.2,0.3,0.35,0.45",0,1.4142,0.15,0.85,NA,NA,NA,NA,NA,NA,NA,NA,NA,NA,NA,NA,NA,"15,20,30,35,45",61,NA,NA,NA,NA,NA,NA,NA,NA,NA
"Set_5dose_methods_prior","Set_5dose_methods_prior_SC1",1,"CRM","crm_alpha_crm",NA,NA,"alpha_crm",NA,0.6,0,0.0714,28,2,1,1,5,0.3,0.432,0.314,NA,NA,NA,61.3437,10.9318,10.9318,0.9948,29.9473,22.0346,0.2067,351.0672,1935,1935,"0.15,0.2,0.3,0.35,0.45",0,1.4142,0.15,0.85,NA,NA,NA,NA,NA,NA,NA,NA,NA,NA,NA,NA,NA,"15,20,30,35,45",61,NA,NA,NA,NA,NA,NA,NA,NA,NA
"Set_5dose_methods_prior","Set_5dose_methods_prior_SC1",1,"CRM","crm_cumu_crm",NA,NA,"cumu_crm",NA,0.6,0,0.0714,28,2,1,1,1,0.07,0.07,0.0964,NA,NA,NA,0.0517,3.1643,3.1643,0,29.9721,22.3871,0.1034,352.699,1935,1935,"0.15,0.2,0.3,0.35,0.45",0,1.4142,0.15,0.85,NA,NA,NA,NA,NA,NA,NA,NA,NA,NA,NA,NA,NA,NA,NA,"15,20,30,35,45","0.62828086,0.83770782,1.25656172,1.46598868,1.88484259",-2.8,2,1,2.5,1.6,1,0
"Set_5dose_methods_prior","Set_5dose_methods_prior_SC1",1,"CRM","crm_cumu_crm",NA,NA,"cumu_crm",NA,0.6,0,0.0714,28,2,1,1,2,0.12,0.162,0.1185,NA,NA,NA,2.3256,4.2248,4.2248,2.9085,29.9721,22.3871,0.1034,352.699,1935,1935,"0.15,0.2,0.3,0.35,0.45",0,1.4142,0.15,0.85,NA,NA,NA,NA,NA,NA,NA,NA,NA,NA,NA,NA,NA,NA,NA,"15,20,30,35,45","0.62828086,0.83770782,1.25656172,1.46598868,1.88484259",-2.8,2,1,2.5,1.6,1,0
"Set_5dose_methods_prior","Set_5dose_methods_prior_SC1",1,"CRM","crm_cumu_crm",NA,NA,"cumu_crm",NA,0.6,0,0.0714,28,2,1,1,3,0.17,0.242,0.1787,NA,NA,NA,8.1654,4.8543,4.8543,0.7736,29.9721,22.3871,0.1034,352.699,1935,1935,"0.15,0.2,0.3,0.35,0.45",0,1.4142,0.15,0.85,NA,NA,NA,NA,NA,NA,NA,NA,NA,NA,NA,NA,NA,NA,NA,"15,20,30,35,45","0.62828086,0.83770782,1.25656172,1.46598868,1.88484259",-2.8,2,1,2.5,1.6,1,0
"Set_5dose_methods_prior","Set_5dose_methods_prior_SC1",1,"CRM","crm_cumu_crm",NA,NA,"cumu_crm",NA,0.6,0,0.0714,28,2,1,1,4,0.22,0.322,0.2174,NA,NA,NA,24.031,5.8961,5.8961,2.7607,29.9721,22.3871,0.1034,352.699,1935,1935,"0.15,0.2,0.3,0.35,0.45",0,1.4142,0.15,0.85,NA,NA,NA,NA,NA,NA,NA,NA,NA,NA,NA,NA,NA,NA,NA,"15,20,30,35,45","0.62828086,0.83770782,1.25656172,1.46598868,1.88484259",-2.8,2,1,2.5,1.6,1,0
"Set_5dose_methods_prior","Set_5dose_methods_prior_SC1",1,"CRM","crm_cumu_crm",NA,NA,"cumu_crm",NA,0.6,0,0.0714,28,2,1,1,5,0.3,0.432,0.3097,NA,NA,NA,65.323,11.8326,11.8326,1.1421,29.9721,22.3871,0.1034,352.699,1935,1935,"0.15,0.2,0.3,0.35,0.45",0,1.4142,0.15,0.85,NA,NA,NA,NA,NA,NA,NA,NA,NA,NA,NA,NA,NA,NA,NA,"15,20,30,35,45","0.62828086,0.83770782,1.25656172,1.46598868,1.88484259",-2.8,2,1,2.5,1.6,1,0
"Set_5dose_methods_prior","Set_5dose_methods_prior_SC1",1,"CRM","crm_fixed",NA,NA,"fixed",NA,0.6,0,0.0714,28,3,1,1,1,0.07,0.07,0.0991,0,NA,NA,0.0517,4.2558,4.2558,0,29.9473,19.0072,0.2067,330.4722,1935,1935,"0.15,0.2,0.3,0.35,0.45",0,1.4142,0.15,0.85,NA,NA,NA,NA,NA,NA,NA,NA,NA,NA,NA,NA,NA,NA,NA,NA,NA,NA,NA,NA,NA,NA,NA,NA
"Set_5dose_methods_prior","Set_5dose_methods_prior_SC1",1,"CRM","crm_fixed",NA,NA,"fixed",NA,0.6,0,0.0714,28,3,1,1,2,0.12,0.162,0.1361,NA,NA,NA,5.2196,4.7767,4.7767,3.6114,29.9473,19.0072,0.2067,330.4722,1935,1935,"0.15,0.2,0.3,0.35,0.45",0,1.4142,0.15,0.85,NA,NA,NA,NA,NA,NA,NA,NA,NA,NA,NA,NA,NA,NA,NA,NA,NA,NA,NA,NA,NA,NA,NA,NA
"Set_5dose_methods_prior","Set_5dose_methods_prior_SC1",1,"CRM","crm_fixed",NA,NA,"fixed",NA,0.6,0,0.0714,28,3,1,1,3,0.17,0.242,0.2165,NA,NA,NA,18.0879,6.3535,6.3535,3.3752,29.9473,19.0072,0.2067,330.4722,1935,1935,"0.15,0.2,0.3,0.35,0.45",0,1.4142,0.15,0.85,NA,NA,NA,NA,NA,NA,NA,NA,NA,NA,NA,NA,NA,NA,NA,NA,NA,NA,NA,NA,NA,NA,NA,NA
"Set_5dose_methods_prior","Set_5dose_methods_prior_SC1",1,"CRM","crm_fixed",NA,NA,"fixed",NA,0.6,0,0.0714,28,3,1,1,4,0.22,0.322,0.2597,NA,NA,NA,33.4367,6.7287,6.7287,1.5618,29.9473,19.0072,0.2067,330.4722,1935,1935,"0.15,0.2,0.3,0.35,0.45",0,1.4142,0.15,0.85,NA,NA,NA,NA,NA,NA,NA,NA,NA,NA,NA,NA,NA,NA,NA,NA,NA,NA,NA,NA,NA,NA,NA,NA
"Set_5dose_methods_prior","Set_5dose_methods_prior_SC1",1,"CRM","crm_fixed",NA,NA,"fixed",NA,0.6,0,0.0714,28,3,1,1,5,0.3,0.432,0.3522,NA,NA,NA,42.9974,7.8326,7.8326,2.3917,29.9473,19.0072,0.2067,330.4722,1935,1935,"0.15,0.2,0.3,0.35,0.45",0,1.4142,0.15,0.85,NA,NA,NA,NA,NA,NA,NA,NA,NA,NA,NA,NA,NA,NA,NA,NA,NA,NA,NA,NA,NA,NA,NA,NA
"Set_5dose_methods_prior","Set_5dose_methods_prior_SC1",1,"CRM","crm_level",NA,NA,"level",NA,0.6,0,0.0714,28,3,1,1,1,0.07,0.07,0.0882,NA,NA,NA,0.3618,4.0078,4.0078,0,29.9473,19.3075,0.2067,331.5901,1935,1935,"0.15,0.2,0.3,0.35,0.45",0,1.4142,0.15,0.85,NA,NA,NA,NA,NA,NA,NA,NA,NA,NA,NA,NA,NA,NA,NA,NA,NA,NA,NA,NA,NA,NA,NA,NA
"Set_5dose_methods_prior","Set_5dose_methods_prior_SC1",1,"CRM","crm_level",NA,NA,"level",NA,0.6,0,0.0714,28,3,1,1,2,0.12,0.162,0.1225,0.0506,NA,NA,3.4625,4.2853,4.2853,3.3953,29.9473,19.3075,0.2067,331.5901,1935,1935,"0.15,0.2,0.3,0.35,0.45",0,1.4142,0.15,0.85,NA,NA,NA,NA,NA,NA,NA,NA,NA,NA,NA,NA,NA,NA,NA,NA,NA,NA,NA,NA,NA,NA,NA,NA
"Set_5dose_methods_prior","Set_5dose_methods_prior_SC1",1,"CRM","crm_level",NA,NA,"level",NA,0.6,0,0.0714,28,3,1,1,3,0.17,0.242,0.1987,0.0589,NA,NA,14.677,5.6403,5.6403,3.1974,29.9473,19.3075,0.2067,331.5901,1935,1935,"0.15,0.2,0.3,0.35,0.45",0,1.4142,0.15,0.85,NA,NA,NA,NA,NA,NA,NA,NA,NA,NA,NA,NA,NA,NA,NA,NA,NA,NA,NA,NA,NA,NA,NA,NA
"Set_5dose_methods_prior","Set_5dose_methods_prior_SC1",1,"CRM","crm_level",NA,NA,"level",NA,0.6,0,0.0714,28,3,1,1,4,0.22,0.322,0.2403,0.0781,NA,NA,29.4057,6.4543,6.4543,1.3736,29.9473,19.3075,0.2067,331.5901,1935,1935,"0.15,0.2,0.3,0.35,0.45",0,1.4142,0.15,0.85,NA,NA,NA,NA,NA,NA,NA,NA,NA,NA,NA,NA,NA,NA,NA,NA,NA,NA,NA,NA,NA,NA,NA,NA
"Set_5dose_methods_prior","Set_5dose_methods_prior_SC1",1,"CRM","crm_level",NA,NA,"level",NA,0.6,0,0.0714,28,3,1,1,5,0.3,0.432,0.3307,0.1,NA,NA,51.8863,9.5597,9.5597,2.6734,29.9473,19.3075,0.2067,331.5901,1935,1935,"0.15,0.2,0.3,0.35,0.45",0,1.4142,0.15,0.85,NA,NA,NA,NA,NA,NA,NA,NA,NA,NA,NA,NA,NA,NA,NA,NA,NA,NA,NA,NA,NA,NA,NA,NA
"Set_5dose_methods_prior","Set_5dose_methods_prior_SC1",1,"CRM","crm_random",NA,NA,"random",NA,0.6,0,0.0714,28,3,1,1,1,0.07,0.07,0.0904,0.0465,NA,NA,0.2584,4.0295,4.0295,0,29.9473,19.2284,0.2067,331.1694,1935,1935,"0.15,0.2,0.3,0.35,0.45",0,1.4142,0.15,0.85,NA,NA,NA,NA,NA,NA,NA,NA,NA,NA,NA,NA,NA,NA,NA,NA,NA,NA,NA,NA,NA,NA,NA,NA
"Set_5dose_methods_prior","Set_5dose_methods_prior_SC1",1,"CRM","crm_random",NA,NA,"random",NA,0.6,0,0.0714,28,3,1,1,2,0.12,0.162,0.1251,NA,NA,NA,3.4625,4.2946,4.2946,3.414,29.9473,19.2284,0.2067,331.1694,1935,1935,"0.15,0.2,0.3,0.35,0.45",0,1.4142,0.15,0.85,NA,NA,NA,NA,NA,NA,NA,NA,NA,NA,NA,NA,NA,NA,NA,NA,NA,NA,NA,NA,NA,NA,NA,NA
"Set_5dose_methods_prior","Set_5dose_methods_prior_SC1",1,"CRM","crm_random",NA,NA,"random",NA,0.6,0,0.0714,28,3,1,1,3,0.17,0.242,0.2017,NA,NA,NA,15.7623,5.7008,5.7008,3.2083,29.9473,19.2284,0.2067,331.1694,1935,1935,"0.15,0.2,0.3,0.35,0.45",0,1.4142,0.15,0.85,NA,NA,NA,NA,NA,NA,NA,NA,NA,NA,NA,NA,NA,NA,NA,NA,NA,NA,NA,NA,NA,NA,NA,NA
"Set_5dose_methods_prior","Set_5dose_methods_prior_SC1",1,"CRM","crm_random",NA,NA,"random",NA,0.6,0,0.0714,28,3,1,1,4,0.22,0.322,0.2435,NA,NA,NA,29.509,6.4729,6.4729,1.3959,29.9473,19.2284,0.2067,331.1694,1935,1935,"0.15,0.2,0.3,0.35,0.45",0,1.4142,0.15,0.85,NA,NA,NA,NA,NA,NA,NA,NA,NA,NA,NA,NA,NA,NA,NA,NA,NA,NA,NA,NA,NA,NA,NA,NA
"Set_5dose_methods_prior","Set_5dose_methods_prior_SC1",1,"CRM","crm_random",NA,NA,"random",NA,0.6,0,0.0714,28,3,1,1,5,0.3,0.432,0.3339,NA,NA,NA,50.801,9.4496,9.4496,2.7008,29.9473,19.2284,0.2067,331.1694,1935,1935,"0.15,0.2,0.3,0.35,0.45",0,1.4142,0.15,0.85,NA,NA,NA,NA,NA,NA,NA,NA,NA,NA,NA,NA,NA,NA,NA,NA,NA,NA,NA,NA,NA,NA,NA,NA
"Set_5dose_methods_prior","Set_5dose_methods_prior_SC1",1,"CRM","crm_alpha_crm",NA,NA,"alpha_crm",NA,0.6,0,0.0714,28,3,1,1,1,0.07,0.07,0.0773,NA,NA,NA,0.155,3.9845,3.9845,0,29.9473,19.8274,0.2067,333.3718,1935,1935,"0.15,0.2,0.3,0.35,0.45",0,1.4142,0.15,0.85,NA,NA,NA,NA,NA,NA,NA,NA,NA,NA,NA,NA,NA,"15,20,30,35,45",61,NA,NA,NA,NA,NA,NA,NA,NA,NA
"Set_5dose_methods_prior","Set_5dose_methods_prior_SC1",1,"CRM","crm_alpha_crm",NA,NA,"alpha_crm",NA,0.6,0,0.0714,28,3,1,1,2,0.12,0.162,0.1091,NA,NA,NA,2.3773,4.0806,4.0806,3.3432,29.9473,19.8274,0.2067,333.3718,1935,1935,"0.15,0.2,0.3,0.35,0.45",0,1.4142,0.15,0.85,NA,NA,NA,NA,NA,NA,NA,NA,NA,NA,NA,NA,NA,"15,20,30,35,45",61,NA,NA,NA,NA,NA,NA,NA,NA,NA
"Set_5dose_methods_prior","Set_5dose_methods_prior_SC1",1,"CRM","crm_alpha_crm",NA,NA,"alpha_crm",NA,0.6,0,0.0714,28,3,1,1,3,0.17,0.242,0.1813,NA,NA,NA,10.3876,4.8124,4.8124,3.1349,29.9473,19.8274,0.2067,333.3718,1935,1935,"0.15,0.2,0.3,0.35,0.45",0,1.4142,0.15,0.85,NA,NA,NA,NA,NA,NA,NA,NA,NA,NA,NA,NA,NA,"15,20,30,35,45",61,NA,NA,NA,NA,NA,NA,NA,NA,NA
"Set_5dose_methods_prior","Set_5dose_methods_prior_SC1",1,"CRM","crm_alpha_crm",NA,NA,"alpha_crm",NA,0.6,0,0.0714,28,3,1,1,4,0.22,0.322,0.2215,NA,NA,NA,24.2894,5.6403,5.6403,1.0078,29.9473,19.8274,0.2067,333.3718,1935,1935,"0.15,0.2,0.3,0.35,0.45",0,1.4142,0.15,0.85,NA,NA,NA,NA,NA,NA,NA,NA,NA,NA,NA,NA,NA,"15,20,30,35,45",61,NA,NA,NA,NA,NA,NA,NA,NA,NA
"Set_5dose_methods_prior","Set_5dose_methods_prior_SC1",1,"CRM","crm_alpha_crm",NA,NA,"alpha_crm",NA,0.6,0,0.0714,28,3,1,1,5,0.3,0.432,0.3102,NA,NA,NA,62.584,11.4295,11.4295,2.6341,29.9473,19.8274,0.2067,333.3718,1935,1935,"0.15,0.2,0.3,0.35,0.45",0,1.4142,0.15,0.85,NA,NA,NA,NA,NA,NA,NA,NA,NA,NA,NA,NA,NA,"15,20,30,35,45",61,NA,NA,NA,NA,NA,NA,NA,NA,NA
"Set_5dose_methods_prior","Set_5dose_methods_prior_SC1",1,"CRM","crm_cumu_crm",NA,NA,"cumu_crm",NA,0.6,0,0.0714,28,3,1,1,1,0.07,0.07,0.0956,NA,NA,NA,0,3.1628,3.1628,0,29.9721,20.2284,0.1034,333.6503,1935,1935,"0.15,0.2,0.3,0.35,0.45",0,1.4142,0.15,0.85,NA,NA,NA,NA,NA,NA,NA,NA,NA,NA,NA,NA,NA,NA,NA,"15,20,30,35,45","0.62828086,0.83770782,1.25656172,1.46598868,1.88484259",-2.8,2,1,2.5,1.6,1,0
"Set_5dose_methods_prior","Set_5dose_methods_prior_SC1",1,"CRM","crm_cumu_crm",NA,NA,"cumu_crm",NA,0.6,0,0.0714,28,3,1,1,2,0.12,0.162,0.1172,NA,NA,NA,2.3773,3.893,3.893,2.9059,29.9721,20.2284,0.1034,333.6503,1935,1935,"0.15,0.2,0.3,0.35,0.45",0,1.4142,0.15,0.85,NA,NA,NA,NA,NA,NA,NA,NA,NA,NA,NA,NA,NA,NA,NA,"15,20,30,35,45","0.62828086,0.83770782,1.25656172,1.46598868,1.88484259",-2.8,2,1,2.5,1.6,1,0
"Set_5dose_methods_prior","Set_5dose_methods_prior_SC1",1,"CRM","crm_cumu_crm",NA,NA,"cumu_crm",NA,0.6,0,0.0714,28,3,1,1,3,0.17,0.242,0.1761,NA,NA,NA,7.5452,4.5023,4.5023,2.953,29.9721,20.2284,0.1034,333.6503,1935,1935,"0.15,0.2,0.3,0.35,0.45",0,1.4142,0.15,0.85,NA,NA,NA,NA,NA,NA,NA,NA,NA,NA,NA,NA,NA,NA,NA,"15,20,30,35,45","0.62828086,0.83770782,1.25656172,1.46598868,1.88484259",-2.8,2,1,2.5,1.6,1,0
"Set_5dose_methods_prior","Set_5dose_methods_prior_SC1",1,"CRM","crm_cumu_crm",NA,NA,"cumu_crm",NA,0.6,0,0.0714,28,3,1,1,4,0.22,0.322,0.2142,NA,NA,NA,23.876,6.0682,6.0682,1.0749,29.9721,20.2284,0.1034,333.6503,1935,1935,"0.15,0.2,0.3,0.35,0.45",0,1.4142,0.15,0.85,NA,NA,NA,NA,NA,NA,NA,NA,NA,NA,NA,NA,NA,NA,NA,"15,20,30,35,45","0.62828086,0.83770782,1.25656172,1.46598868,1.88484259",-2.8,2,1,2.5,1.6,1,0
"Set_5dose_methods_prior","Set_5dose_methods_prior_SC1",1,"CRM","crm_cumu_crm",NA,NA,"cumu_crm",NA,0.6,0,0.0714,28,3,1,1,5,0.3,0.432,0.3053,NA,NA,NA,66.0982,12.3457,12.3457,2.8098,29.9721,20.2284,0.1034,333.6503,1935,1935,"0.15,0.2,0.3,0.35,0.45",0,1.4142,0.15,0.85,NA,NA,NA,NA,NA,NA,NA,NA,NA,NA,NA,NA,NA,NA,NA,"15,20,30,35,45","0.62828086,0.83770782,1.25656172,1.46598868,1.88484259",-2.8,2,1,2.5,1.6,1,0
"Set_5dose_methods_prior","Set_5dose_methods_prior_SC1",1,"CRM","crm_fixed",NA,NA,"fixed",NA,0.9,0,0.0714,28,1,1,1,1,0.07,0.07,0.0804,0,NA,NA,0,4.0527,4.0527,0,29.9473,29.9473,0.2067,437.3492,1935,1935,"0.15,0.2,0.3,0.35,0.45",0,1.4142,0.15,0.85,NA,NA,NA,NA,NA,NA,NA,NA,NA,NA,NA,NA,NA,NA,NA,NA,NA,NA,NA,NA,NA,NA,NA,NA
"Set_5dose_methods_prior","Set_5dose_methods_prior_SC1",1,"CRM","crm_fixed",NA,NA,"fixed",NA,0.9,0,0.0714,28,1,1,1,2,0.12,0.183,0.1133,NA,NA,NA,2.0155,3.9953,3.9953,0,29.9473,29.9473,0.2067,437.3492,1935,1935,"0.15,0.2,0.3,0.35,0.45",0,1.4142,0.15,0.85,NA,NA,NA,NA,NA,NA,NA,NA,NA,NA,NA,NA,NA,NA,NA,NA,NA,NA,NA,NA,NA,NA,NA,NA
"Set_5dose_methods_prior","Set_5dose_methods_prior_SC1",1,"CRM","crm_fixed",NA,NA,"fixed",NA,0.9,0,0.0714,28,1,1,1,3,0.17,0.278,0.1873,NA,NA,NA,11.0078,5.2961,5.2961,0,29.9473,29.9473,0.2067,437.3492,1935,1935,"0.15,0.2,0.3,0.35,0.45",0,1.4142,0.15,0.85,NA,NA,NA,NA,NA,NA,NA,NA,NA,NA,NA,NA,NA,NA,NA,NA,NA,NA,NA,NA,NA,NA,NA,NA
"Set_5dose_methods_prior","Set_5dose_methods_prior_SC1",1,"CRM","crm_fixed",NA,NA,"fixed",NA,0.9,0,0.0714,28,1,1,1,4,0.22,0.373,0.2283,NA,NA,NA,25.2713,6.1953,6.1953,0,29.9473,29.9473,0.2067,437.3492,1935,1935,"0.15,0.2,0.3,0.35,0.45",0,1.4142,0.15,0.85,NA,NA,NA,NA,NA,NA,NA,NA,NA,NA,NA,NA,NA,NA,NA,NA,NA,NA,NA,NA,NA,NA,NA,NA
"Set_5dose_methods_prior","Set_5dose_methods_prior_SC1",1,"CRM","crm_fixed",NA,NA,"fixed",NA,0.9,0,0.0714,28,1,1,1,5,0.3,0.498,0.3182,NA,NA,NA,61.4987,10.4078,10.4078,0,29.9473,29.9473,0.2067,437.3492,1935,1935,"0.15,0.2,0.3,0.35,0.45",0,1.4142,0.15,0.85,NA,NA,NA,NA,NA,NA,NA,NA,NA,NA,NA,NA,NA,NA,NA,NA,NA,NA,NA,NA,NA,NA,NA,NA
"Set_5dose_methods_prior","Set_5dose_methods_prior_SC1",1,"CRM","crm_level",NA,NA,"level",NA,0.9,0,0.0714,28,1,1,1,1,0.07,0.07,0.0804,NA,NA,NA,0,4.0589,4.0589,0,29.9473,29.9473,0.2067,437.3492,1935,1935,"0.15,0.2,0.3,0.35,0.45",0,1.4142,0.15,0.85,NA,NA,NA,NA,NA,NA,NA,NA,NA,NA,NA,NA,NA,NA,NA,NA,NA,NA,NA,NA,NA,NA,NA,NA
"Set_5dose_methods_prior","Set_5dose_methods_prior_SC1",1,"CRM","crm_level",NA,NA,"level",NA,0.9,0,0.0714,28,1,1,1,2,0.12,0.183,0.1133,0.0774,NA,NA,1.9121,3.9953,3.9953,0,29.9473,29.9473,0.2067,437.3492,1935,1935,"0.15,0.2,0.3,0.35,0.45",0,1.4142,0.15,0.85,NA,NA,NA,NA,NA,NA,NA,NA,NA,NA,NA,NA,NA,NA,NA,NA,NA,NA,NA,NA,NA,NA,NA,NA
"Set_5dose_methods_prior","Set_5dose_methods_prior_SC1",1,"CRM","crm_level",NA,NA,"level",NA,0.9,0,0.0714,28,1,1,1,3,0.17,0.278,0.1873,0.08,NA,NA,11.1628,5.3085,5.3085,0,29.9473,29.9473,0.2067,437.3492,1935,1935,"0.15,0.2,0.3,0.35,0.45",0,1.4142,0.15,0.85,NA,NA,NA,NA,NA,NA,NA,NA,NA,NA,NA,NA,NA,NA,NA,NA,NA,NA,NA,NA,NA,NA,NA,NA
"Set_5dose_methods_prior","Set_5dose_methods_prior_SC1",1,"CRM","crm_level",NA,NA,"level",NA,0.9,0,0.0714,28,1,1,1,4,0.22,0.373,0.2283,0.0868,NA,NA,25.323,6.1829,6.1829,0,29.9473,29.9473,0.2067,437.3492,1935,1935,"0.15,0.2,0.3,0.35,0.45",0,1.4142,0.15,0.85,NA,NA,NA,NA,NA,NA,NA,NA,NA,NA,NA,NA,NA,NA,NA,NA,NA,NA,NA,NA,NA,NA,NA,NA
"Set_5dose_methods_prior","Set_5dose_methods_prior_SC1",1,"CRM","crm_level",NA,NA,"level",NA,0.9,0,0.0714,28,1,1,1,5,0.3,0.498,0.3181,0.0989,NA,NA,61.3953,10.4016,10.4016,0,29.9473,29.9473,0.2067,437.3492,1935,1935,"0.15,0.2,0.3,0.35,0.45",0,1.4142,0.15,0.85,NA,NA,NA,NA,NA,NA,NA,NA,NA,NA,NA,NA,NA,NA,NA,NA,NA,NA,NA,NA,NA,NA,NA,NA
"Set_5dose_methods_prior","Set_5dose_methods_prior_SC1",1,"CRM","crm_random",NA,NA,"random",NA,0.9,0,0.0714,28,1,1,1,1,0.07,0.07,0.0803,0.0787,NA,NA,0,4.0543,4.0543,0,29.9473,29.9473,0.2067,437.3492,1935,1935,"0.15,0.2,0.3,0.35,0.45",0,1.4142,0.15,0.85,NA,NA,NA,NA,NA,NA,NA,NA,NA,NA,NA,NA,NA,NA,NA,NA,NA,NA,NA,NA,NA,NA,NA,NA
"Set_5dose_methods_prior","Set_5dose_methods_prior_SC1",1,"CRM","crm_random",NA,NA,"random",NA,0.9,0,0.0714,28,1,1,1,2,0.12,0.183,0.1131,NA,NA,NA,1.9121,3.9829,3.9829,0,29.9473,29.9473,0.2067,437.3492,1935,1935,"0.15,0.2,0.3,0.35,0.45",0,1.4142,0.15,0.85,NA,NA,NA,NA,NA,NA,NA,NA,NA,NA,NA,NA,NA,NA,NA,NA,NA,NA,NA,NA,NA,NA,NA,NA
"Set_5dose_methods_prior","Set_5dose_methods_prior_SC1",1,"CRM","crm_random",NA,NA,"random",NA,0.9,0,0.0714,28,1,1,1,3,0.17,0.278,0.187,NA,NA,NA,10.7494,5.2977,5.2977,0,29.9473,29.9473,0.2067,437.3492,1935,1935,"0.15,0.2,0.3,0.35,0.45",0,1.4142,0.15,0.85,NA,NA,NA,NA,NA,NA,NA,NA,NA,NA,NA,NA,NA,NA,NA,NA,NA,NA,NA,NA,NA,NA,NA,NA
"Set_5dose_methods_prior","Set_5dose_methods_prior_SC1",1,"CRM","crm_random",NA,NA,"random",NA,0.9,0,0.0714,28,1,1,1,4,0.22,0.373,0.228,NA,NA,NA,25.5814,6.1938,6.1938,0,29.9473,29.9473,0.2067,437.3492,1935,1935,"0.15,0.2,0.3,0.35,0.45",0,1.4142,0.15,0.85,NA,NA,NA,NA,NA,NA,NA,NA,NA,NA,NA,NA,NA,NA,NA,NA,NA,NA,NA,NA,NA,NA,NA,NA
"Set_5dose_methods_prior","Set_5dose_methods_prior_SC1",1,"CRM","crm_random",NA,NA,"random",NA,0.9,0,0.0714,28,1,1,1,5,0.3,0.498,0.3179,NA,NA,NA,61.5504,10.4186,10.4186,0,29.9473,29.9473,0.2067,437.3492,1935,1935,"0.15,0.2,0.3,0.35,0.45",0,1.4142,0.15,0.85,NA,NA,NA,NA,NA,NA,NA,NA,NA,NA,NA,NA,NA,NA,NA,NA,NA,NA,NA,NA,NA,NA,NA,NA
"Set_5dose_methods_prior","Set_5dose_methods_prior_SC1",1,"CRM","crm_alpha_crm",NA,NA,"alpha_crm",NA,0.9,0,0.0714,28,1,1,1,1,0.07,0.07,0.0804,NA,NA,NA,0,4.0558,4.0558,0,29.9473,29.9473,0.2067,437.3492,1935,1935,"0.15,0.2,0.3,0.35,0.45",0,1.4142,0.15,0.85,NA,NA,NA,NA,NA,NA,NA,NA,NA,NA,NA,NA,NA,"15,20,30,35,45",61,NA,NA,NA,NA,NA,NA,NA,NA,NA
"Set_5dose_methods_prior","Set_5dose_methods_prior_SC1",1,"CRM","crm_alpha_crm",NA,NA,"alpha_crm",NA,0.9,0,0.0714,28,1,1,1,2,0.12,0.183,0.1133,NA,NA,NA,1.9638,3.9953,3.9953,0,29.9473,29.9473,0.2067,437.3492,1935,1935,"0.15,0.2,0.3,0.35,0.45",0,1.4142,0.15,0.85,NA,NA,NA,NA,NA,NA,NA,NA,NA,NA,NA,NA,NA,"15,20,30,35,45",61,NA,NA,NA,NA,NA,NA,NA,NA,NA
"Set_5dose_methods_prior","Set_5dose_methods_prior_SC1",1,"CRM","crm_alpha_crm",NA,NA,"alpha_crm",NA,0.9,0,0.0714,28,1,1,1,3,0.17,0.278,0.1873,NA,NA,NA,11.1111,5.307,5.307,0,29.9473,29.9473,0.2067,437.3492,1935,1935,"0.15,0.2,0.3,0.35,0.45",0,1.4142,0.15,0.85,NA,NA,NA,NA,NA,NA,NA,NA,NA,NA,NA,NA,NA,"15,20,30,35,45",61,NA,NA,NA,NA,NA,NA,NA,NA,NA
"Set_5dose_methods_prior","Set_5dose_methods_prior_SC1",1,"CRM","crm_alpha_crm",NA,NA,"alpha_crm",NA,0.9,0,0.0714,28,1,1,1,4,0.22,0.373,0.2283,NA,NA,NA,25.1163,6.1364,6.1364,0,29.9473,29.9473,0.2067,437.3492,1935,1935,"0.15,0.2,0.3,0.35,0.45",0,1.4142,0.15,0.85,NA,NA,NA,NA,NA,NA,NA,NA,NA,NA,NA,NA,NA,"15,20,30,35,45",61,NA,NA,NA,NA,NA,NA,NA,NA,NA
"Set_5dose_methods_prior","Set_5dose_methods_prior_SC1",1,"CRM","crm_alpha_crm",NA,NA,"alpha_crm",NA,0.9,0,0.0714,28,1,1,1,5,0.3,0.498,0.3181,NA,NA,NA,61.6021,10.4527,10.4527,0,29.9473,29.9473,0.2067,437.3492,1935,1935,"0.15,0.2,0.3,0.35,0.45",0,1.4142,0.15,0.85,NA,NA,NA,NA,NA,NA,NA,NA,NA,NA,NA,NA,NA,"15,20,30,35,45",61,NA,NA,NA,NA,NA,NA,NA,NA,NA
"Set_5dose_methods_prior","Set_5dose_methods_prior_SC1",1,"CRM","crm_cumu_crm",NA,NA,"cumu_crm",NA,0.9,0,0.0714,28,1,1,1,1,0.07,0.07,0.0998,NA,NA,NA,0,3.186,3.186,0,29.9721,29.9721,0.1034,437.677,1935,1935,"0.15,0.2,0.3,0.35,0.45",0,1.4142,0.15,0.85,NA,NA,NA,NA,NA,NA,NA,NA,NA,NA,NA,NA,NA,NA,NA,"15,20,30,35,45","0.62828086,0.83770782,1.25656172,1.46598868,1.88484259",-2.8,2,1,2.5,1.6,1,0
"Set_5dose_methods_prior","Set_5dose_methods_prior_SC1",1,"CRM","crm_cumu_crm",NA,NA,"cumu_crm",NA,0.9,0,0.0714,28,1,1,1,2,0.12,0.183,0.1235,NA,NA,NA,2.6357,4.2186,4.2186,0,29.9721,29.9721,0.1034,437.677,1935,1935,"0.15,0.2,0.3,0.35,0.45",0,1.4142,0.15,0.85,NA,NA,NA,NA,NA,NA,NA,NA,NA,NA,NA,NA,NA,NA,NA,"15,20,30,35,45","0.62828086,0.83770782,1.25656172,1.46598868,1.88484259",-2.8,2,1,2.5,1.6,1,0
"Set_5dose_methods_prior","Set_5dose_methods_prior_SC1",1,"CRM","crm_cumu_crm",NA,NA,"cumu_crm",NA,0.9,0,0.0714,28,1,1,1,3,0.17,0.278,0.1882,NA,NA,NA,9.3023,5.3845,5.3845,0,29.9721,29.9721,0.1034,437.677,1935,1935,"0.15,0.2,0.3,0.35,0.45",0,1.4142,0.15,0.85,NA,NA,NA,NA,NA,NA,NA,NA,NA,NA,NA,NA,NA,NA,NA,"15,20,30,35,45","0.62828086,0.83770782,1.25656172,1.46598868,1.88484259",-2.8,2,1,2.5,1.6,1,0
"Set_5dose_methods_prior","Set_5dose_methods_prior_SC1",1,"CRM","crm_cumu_crm",NA,NA,"cumu_crm",NA,0.9,0,0.0714,28,1,1,1,4,0.22,0.373,0.2297,NA,NA,NA,26.9767,6.6868,6.6868,0,29.9721,29.9721,0.1034,437.677,1935,1935,"0.15,0.2,0.3,0.35,0.45",0,1.4142,0.15,0.85,NA,NA,NA,NA,NA,NA,NA,NA,NA,NA,NA,NA,NA,NA,NA,"15,20,30,35,45","0.62828086,0.83770782,1.25656172,1.46598868,1.88484259",-2.8,2,1,2.5,1.6,1,0
"Set_5dose_methods_prior","Set_5dose_methods_prior_SC1",1,"CRM","crm_cumu_crm",NA,NA,"cumu_crm",NA,0.9,0,0.0714,28,1,1,1,5,0.3,0.498,0.3274,NA,NA,NA,60.9819,10.4961,10.4961,0,29.9721,29.9721,0.1034,437.677,1935,1935,"0.15,0.2,0.3,0.35,0.45",0,1.4142,0.15,0.85,NA,NA,NA,NA,NA,NA,NA,NA,NA,NA,NA,NA,NA,NA,NA,"15,20,30,35,45","0.62828086,0.83770782,1.25656172,1.46598868,1.88484259",-2.8,2,1,2.5,1.6,1,0
"Set_5dose_methods_prior","Set_5dose_methods_prior_SC1",1,"CRM","crm_fixed",NA,NA,"fixed",NA,0.9,0,0.0714,28,2,1,1,1,0.07,0.07,0.103,0,NA,NA,0.1034,4.3116,4.3116,0,29.9473,21.1132,0.2067,345.7477,1935,1935,"0.15,0.2,0.3,0.35,0.45",0,1.4142,0.15,0.85,NA,NA,NA,NA,NA,NA,NA,NA,NA,NA,NA,NA,NA,NA,NA,NA,NA,NA,NA,NA,NA,NA,NA,NA
"Set_5dose_methods_prior","Set_5dose_methods_prior_SC1",1,"CRM","crm_fixed",NA,NA,"fixed",NA,0.9,0,0.0714,28,2,1,1,2,0.12,0.183,0.1407,NA,NA,NA,5.1163,4.786,4.786,3.6522,29.9473,21.1132,0.2067,345.7477,1935,1935,"0.15,0.2,0.3,0.35,0.45",0,1.4142,0.15,0.85,NA,NA,NA,NA,NA,NA,NA,NA,NA,NA,NA,NA,NA,NA,NA,NA,NA,NA,NA,NA,NA,NA,NA,NA
"Set_5dose_methods_prior","Set_5dose_methods_prior_SC1",1,"CRM","crm_fixed",NA,NA,"fixed",NA,0.9,0,0.0714,28,2,1,1,3,0.17,0.278,0.2222,NA,NA,NA,21.7571,6.6279,6.6279,0.5917,29.9473,21.1132,0.2067,345.7477,1935,1935,"0.15,0.2,0.3,0.35,0.45",0,1.4142,0.15,0.85,NA,NA,NA,NA,NA,NA,NA,NA,NA,NA,NA,NA,NA,NA,NA,NA,NA,NA,NA,NA,NA,NA,NA,NA
"Set_5dose_methods_prior","Set_5dose_methods_prior_SC1",1,"CRM","crm_fixed",NA,NA,"fixed",NA,0.9,0,0.0714,28,2,1,1,4,0.22,0.373,0.2659,NA,NA,NA,34.4703,7.1163,7.1163,3.539,29.9473,21.1132,0.2067,345.7477,1935,1935,"0.15,0.2,0.3,0.35,0.45",0,1.4142,0.15,0.85,NA,NA,NA,NA,NA,NA,NA,NA,NA,NA,NA,NA,NA,NA,NA,NA,NA,NA,NA,NA,NA,NA,NA,NA
"Set_5dose_methods_prior","Set_5dose_methods_prior_SC1",1,"CRM","crm_fixed",NA,NA,"fixed",NA,0.9,0,0.0714,28,2,1,1,5,0.3,0.498,0.3588,NA,NA,NA,38.3463,7.1054,7.1054,1.0512,29.9473,21.1132,0.2067,345.7477,1935,1935,"0.15,0.2,0.3,0.35,0.45",0,1.4142,0.15,0.85,NA,NA,NA,NA,NA,NA,NA,NA,NA,NA,NA,NA,NA,NA,NA,NA,NA,NA,NA,NA,NA,NA,NA,NA
"Set_5dose_methods_prior","Set_5dose_methods_prior_SC1",1,"CRM","crm_level",NA,NA,"level",NA,0.9,0,0.0714,28,2,1,1,1,0.07,0.07,0.0928,NA,NA,NA,0.3101,4.0434,4.0434,0,29.9473,21.4517,0.2067,348.0216,1935,1935,"0.15,0.2,0.3,0.35,0.45",0,1.4142,0.15,0.85,NA,NA,NA,NA,NA,NA,NA,NA,NA,NA,NA,NA,NA,NA,NA,NA,NA,NA,NA,NA,NA,NA,NA,NA
"Set_5dose_methods_prior","Set_5dose_methods_prior_SC1",1,"CRM","crm_level",NA,NA,"level",NA,0.9,0,0.0714,28,2,1,1,2,0.12,0.183,0.1281,0.0515,NA,NA,3.5659,4.431,4.431,3.4444,29.9473,21.4517,0.2067,348.0216,1935,1935,"0.15,0.2,0.3,0.35,0.45",0,1.4142,0.15,0.85,NA,NA,NA,NA,NA,NA,NA,NA,NA,NA,NA,NA,NA,NA,NA,NA,NA,NA,NA,NA,NA,NA,NA,NA
"Set_5dose_methods_prior","Set_5dose_methods_prior_SC1",1,"CRM","crm_level",NA,NA,"level",NA,0.9,0,0.0714,28,2,1,1,3,0.17,0.278,0.2058,0.0785,NA,NA,18.6563,5.8171,5.8171,0.6258,29.9473,21.4517,0.2067,348.0216,1935,1935,"0.15,0.2,0.3,0.35,0.45",0,1.4142,0.15,0.85,NA,NA,NA,NA,NA,NA,NA,NA,NA,NA,NA,NA,NA,NA,NA,NA,NA,NA,NA,NA,NA,NA,NA,NA
"Set_5dose_methods_prior","Set_5dose_methods_prior_SC1",1,"CRM","crm_level",NA,NA,"level",NA,0.9,0,0.0714,28,2,1,1,4,0.22,0.373,0.248,0.0843,NA,NA,31.2661,6.6992,6.6992,3.3333,29.9473,21.4517,0.2067,348.0216,1935,1935,"0.15,0.2,0.3,0.35,0.45",0,1.4142,0.15,0.85,NA,NA,NA,NA,NA,NA,NA,NA,NA,NA,NA,NA,NA,NA,NA,NA,NA,NA,NA,NA,NA,NA,NA,NA
"Set_5dose_methods_prior","Set_5dose_methods_prior_SC1",1,"CRM","crm_level",NA,NA,"level",NA,0.9,0,0.0714,28,2,1,1,5,0.3,0.498,0.339,0.1061,NA,NA,45.9948,8.9566,8.9566,1.092,29.9473,21.4517,0.2067,348.0216,1935,1935,"0.15,0.2,0.3,0.35,0.45",0,1.4142,0.15,0.85,NA,NA,NA,NA,NA,NA,NA,NA,NA,NA,NA,NA,NA,NA,NA,NA,NA,NA,NA,NA,NA,NA,NA,NA
"Set_5dose_methods_prior","Set_5dose_methods_prior_SC1",1,"CRM","crm_random",NA,NA,"random",NA,0.9,0,0.0714,28,2,1,1,1,0.07,0.07,0.0933,0.0573,NA,NA,0.155,4.0217,4.0217,0,29.9473,21.5282,0.2067,348.4698,1935,1935,"0.15,0.2,0.3,0.35,0.45",0,1.4142,0.15,0.85,NA,NA,NA,NA,NA,NA,NA,NA,NA,NA,NA,NA,NA,NA,NA,NA,NA,NA,NA,NA,NA,NA,NA,NA
"Set_5dose_methods_prior","Set_5dose_methods_prior_SC1",1,"CRM","crm_random",NA,NA,"random",NA,0.9,0,0.0714,28,2,1,1,2,0.12,0.183,0.1286,NA,NA,NA,3.6693,4.4651,4.4651,3.4233,29.9473,21.5282,0.2067,348.4698,1935,1935,"0.15,0.2,0.3,0.35,0.45",0,1.4142,0.15,0.85,NA,NA,NA,NA,NA,NA,NA,NA,NA,NA,NA,NA,NA,NA,NA,NA,NA,NA,NA,NA,NA,NA,NA,NA
"Set_5dose_methods_prior","Set_5dose_methods_prior_SC1",1,"CRM","crm_random",NA,NA,"random",NA,0.9,0,0.0714,28,2,1,1,3,0.17,0.278,0.2061,NA,NA,NA,18.1395,5.8558,5.8558,0.6269,29.9473,21.5282,0.2067,348.4698,1935,1935,"0.15,0.2,0.3,0.35,0.45",0,1.4142,0.15,0.85,NA,NA,NA,NA,NA,NA,NA,NA,NA,NA,NA,NA,NA,NA,NA,NA,NA,NA,NA,NA,NA,NA,NA,NA
"Set_5dose_methods_prior","Set_5dose_methods_prior_SC1",1,"CRM","crm_random",NA,NA,"random",NA,0.9,0,0.0714,28,2,1,1,4,0.22,0.373,0.2482,NA,NA,NA,30.6977,6.6744,6.6744,3.2884,29.9473,21.5282,0.2067,348.4698,1935,1935,"0.15,0.2,0.3,0.35,0.45",0,1.4142,0.15,0.85,NA,NA,NA,NA,NA,NA,NA,NA,NA,NA,NA,NA,NA,NA,NA,NA,NA,NA,NA,NA,NA,NA,NA,NA
"Set_5dose_methods_prior","Set_5dose_methods_prior_SC1",1,"CRM","crm_random",NA,NA,"random",NA,0.9,0,0.0714,28,2,1,1,5,0.3,0.498,0.339,NA,NA,NA,47.1318,8.9302,8.9302,1.0806,29.9473,21.5282,0.2067,348.4698,1935,1935,"0.15,0.2,0.3,0.35,0.45",0,1.4142,0.15,0.85,NA,NA,NA,NA,NA,NA,NA,NA,NA,NA,NA,NA,NA,NA,NA,NA,NA,NA,NA,NA,NA,NA,NA,NA
"Set_5dose_methods_prior","Set_5dose_methods_prior_SC1",1,"CRM","crm_alpha_crm",NA,NA,"alpha_crm",NA,0.9,0,0.0714,28,2,1,1,1,0.07,0.07,0.0837,NA,NA,NA,0.1034,4.0202,4.0202,0,29.9473,21.8155,0.2067,349.8307,1935,1935,"0.15,0.2,0.3,0.35,0.45",0,1.4142,0.15,0.85,NA,NA,NA,NA,NA,NA,NA,NA,NA,NA,NA,NA,NA,"15,20,30,35,45",61,NA,NA,NA,NA,NA,NA,NA,NA,NA
"Set_5dose_methods_prior","Set_5dose_methods_prior_SC1",1,"CRM","crm_alpha_crm",NA,NA,"alpha_crm",NA,0.9,0,0.0714,28,2,1,1,2,0.12,0.183,0.1171,NA,NA,NA,3.1525,4.386,4.386,3.3824,29.9473,21.8155,0.2067,349.8307,1935,1935,"0.15,0.2,0.3,0.35,0.45",0,1.4142,0.15,0.85,NA,NA,NA,NA,NA,NA,NA,NA,NA,NA,NA,NA,NA,"15,20,30,35,45",61,NA,NA,NA,NA,NA,NA,NA,NA,NA
"Set_5dose_methods_prior","Set_5dose_methods_prior_SC1",1,"CRM","crm_alpha_crm",NA,NA,"alpha_crm",NA,0.9,0,0.0714,28,2,1,1,3,0.17,0.278,0.1919,NA,NA,NA,13.6951,5.3426,5.3426,0.6729,29.9473,21.8155,0.2067,349.8307,1935,1935,"0.15,0.2,0.3,0.35,0.45",0,1.4142,0.15,0.85,NA,NA,NA,NA,NA,NA,NA,NA,NA,NA,NA,NA,NA,"15,20,30,35,45",61,NA,NA,NA,NA,NA,NA,NA,NA,NA
"Set_5dose_methods_prior","Set_5dose_methods_prior_SC1",1,"CRM","crm_alpha_crm",NA,NA,"alpha_crm",NA,0.9,0,0.0714,28,2,1,1,4,0.22,0.373,0.2331,NA,NA,NA,27.0801,6.0465,6.0465,3.0202,29.9473,21.8155,0.2067,349.8307,1935,1935,"0.15,0.2,0.3,0.35,0.45",0,1.4142,0.15,0.85,NA,NA,NA,NA,NA,NA,NA,NA,NA,NA,NA,NA,NA,"15,20,30,35,45",61,NA,NA,NA,NA,NA,NA,NA,NA,NA
"Set_5dose_methods_prior","Set_5dose_methods_prior_SC1",1,"CRM","crm_alpha_crm",NA,NA,"alpha_crm",NA,0.9,0,0.0714,28,2,1,1,5,0.3,0.498,0.3232,NA,NA,NA,55.7623,10.1519,10.1519,1.0563,29.9473,21.8155,0.2067,349.8307,1935,1935,"0.15,0.2,0.3,0.35,0.45",0,1.4142,0.15,0.85,NA,NA,NA,NA,NA,NA,NA,NA,NA,NA,NA,NA,NA,"15,20,30,35,45",61,NA,NA,NA,NA,NA,NA,NA,NA,NA
"Set_5dose_methods_prior","Set_5dose_methods_prior_SC1",1,"CRM","crm_cumu_crm",NA,NA,"cumu_crm",NA,0.9,0,0.0714,28,2,1,1,1,0.07,0.07,0.0986,NA,NA,NA,0.0517,3.1938,3.1938,0,29.9721,22.2233,0.1034,351.631,1935,1935,"0.15,0.2,0.3,0.35,0.45",0,1.4142,0.15,0.85,NA,NA,NA,NA,NA,NA,NA,NA,NA,NA,NA,NA,NA,NA,NA,"15,20,30,35,45","0.62828086,0.83770782,1.25656172,1.46598868,1.88484259",-2.8,2,1,2.5,1.6,1,0
"Set_5dose_methods_prior","Set_5dose_methods_prior_SC1",1,"CRM","crm_cumu_crm",NA,NA,"cumu_crm",NA,0.9,0,0.0714,28,2,1,1,2,0.12,0.183,0.1216,NA,NA,NA,2.584,4.3426,4.3426,2.9307,29.9721,22.2233,0.1034,351.631,1935,1935,"0.15,0.2,0.3,0.35,0.45",0,1.4142,0.15,0.85,NA,NA,NA,NA,NA,NA,NA,NA,NA,NA,NA,NA,NA,NA,NA,"15,20,30,35,45","0.62828086,0.83770782,1.25656172,1.46598868,1.88484259",-2.8,2,1,2.5,1.6,1,0
"Set_5dose_methods_prior","Set_5dose_methods_prior_SC1",1,"CRM","crm_cumu_crm",NA,NA,"cumu_crm",NA,0.9,0,0.0714,28,2,1,1,3,0.17,0.278,0.1841,NA,NA,NA,9.8708,5.0496,5.0496,0.847,29.9721,22.2233,0.1034,351.631,1935,1935,"0.15,0.2,0.3,0.35,0.45",0,1.4142,0.15,0.85,NA,NA,NA,NA,NA,NA,NA,NA,NA,NA,NA,NA,NA,NA,NA,"15,20,30,35,45","0.62828086,0.83770782,1.25656172,1.46598868,1.88484259",-2.8,2,1,2.5,1.6,1,0
"Set_5dose_methods_prior","Set_5dose_methods_prior_SC1",1,"CRM","crm_cumu_crm",NA,NA,"cumu_crm",NA,0.9,0,0.0714,28,2,1,1,4,0.22,0.373,0.2242,NA,NA,NA,26.9767,6.169,6.169,2.801,29.9721,22.2233,0.1034,351.631,1935,1935,"0.15,0.2,0.3,0.35,0.45",0,1.4142,0.15,0.85,NA,NA,NA,NA,NA,NA,NA,NA,NA,NA,NA,NA,NA,NA,NA,"15,20,30,35,45","0.62828086,0.83770782,1.25656172,1.46598868,1.88484259",-2.8,2,1,2.5,1.6,1,0
"Set_5dose_methods_prior","Set_5dose_methods_prior_SC1",1,"CRM","crm_cumu_crm",NA,NA,"cumu_crm",NA,0.9,0,0.0714,28,2,1,1,5,0.3,0.498,0.319,NA,NA,NA,60.4134,11.2171,11.2171,1.17,29.9721,22.2233,0.1034,351.631,1935,1935,"0.15,0.2,0.3,0.35,0.45",0,1.4142,0.15,0.85,NA,NA,NA,NA,NA,NA,NA,NA,NA,NA,NA,NA,NA,NA,NA,"15,20,30,35,45","0.62828086,0.83770782,1.25656172,1.46598868,1.88484259",-2.8,2,1,2.5,1.6,1,0
"Set_5dose_methods_prior","Set_5dose_methods_prior_SC1",1,"CRM","crm_fixed",NA,NA,"fixed",NA,0.9,0,0.0714,28,3,1,1,1,0.07,0.07,0.1084,0,NA,NA,0.1034,4.3535,4.3535,0,29.9473,18.814,0.2067,329.5959,1935,1935,"0.15,0.2,0.3,0.35,0.45",0,1.4142,0.15,0.85,NA,NA,NA,NA,NA,NA,NA,NA,NA,NA,NA,NA,NA,NA,NA,NA,NA,NA,NA,NA,NA,NA,NA,NA
"Set_5dose_methods_prior","Set_5dose_methods_prior_SC1",1,"CRM","crm_fixed",NA,NA,"fixed",NA,0.9,0,0.0714,28,3,1,1,2,0.12,0.183,0.1473,NA,NA,NA,7.0284,5.1411,5.1411,3.7085,29.9473,18.814,0.2067,329.5959,1935,1935,"0.15,0.2,0.3,0.35,0.45",0,1.4142,0.15,0.85,NA,NA,NA,NA,NA,NA,NA,NA,NA,NA,NA,NA,NA,NA,NA,NA,NA,NA,NA,NA,NA,NA,NA,NA
"Set_5dose_methods_prior","Set_5dose_methods_prior_SC1",1,"CRM","crm_fixed",NA,NA,"fixed",NA,0.9,0,0.0714,28,3,1,1,3,0.17,0.278,0.2305,NA,NA,NA,22.3773,6.9349,6.9349,3.4481,29.9473,18.814,0.2067,329.5959,1935,1935,"0.15,0.2,0.3,0.35,0.45",0,1.4142,0.15,0.85,NA,NA,NA,NA,NA,NA,NA,NA,NA,NA,NA,NA,NA,NA,NA,NA,NA,NA,NA,NA,NA,NA,NA,NA
"Set_5dose_methods_prior","Set_5dose_methods_prior_SC1",1,"CRM","crm_fixed",NA,NA,"fixed",NA,0.9,0,0.0714,28,3,1,1,4,0.22,0.373,0.2747,NA,NA,NA,36.6925,6.9705,6.9705,1.7659,29.9473,18.814,0.2067,329.5959,1935,1935,"0.15,0.2,0.3,0.35,0.45",0,1.4142,0.15,0.85,NA,NA,NA,NA,NA,NA,NA,NA,NA,NA,NA,NA,NA,NA,NA,NA,NA,NA,NA,NA,NA,NA,NA,NA
"Set_5dose_methods_prior","Set_5dose_methods_prior_SC1",1,"CRM","crm_fixed",NA,NA,"fixed",NA,0.9,0,0.0714,28,3,1,1,5,0.3,0.498,0.3682,NA,NA,NA,33.5917,6.5473,6.5473,2.2109,29.9473,18.814,0.2067,329.5959,1935,1935,"0.15,0.2,0.3,0.35,0.45",0,1.4142,0.15,0.85,NA,NA,NA,NA,NA,NA,NA,NA,NA,NA,NA,NA,NA,NA,NA,NA,NA,NA,NA,NA,NA,NA,NA,NA
"Set_5dose_methods_prior","Set_5dose_methods_prior_SC1",1,"CRM","crm_level",NA,NA,"level",NA,0.9,0,0.0714,28,3,1,1,1,0.07,0.07,0.0961,NA,NA,NA,0.155,4.0636,4.0636,0,29.9473,19.1483,0.2067,330.485,1935,1935,"0.15,0.2,0.3,0.35,0.45",0,1.4142,0.15,0.85,NA,NA,NA,NA,NA,NA,NA,NA,NA,NA,NA,NA,NA,NA,NA,NA,NA,NA,NA,NA,NA,NA,NA,NA
"Set_5dose_methods_prior","Set_5dose_methods_prior_SC1",1,"CRM","crm_level",NA,NA,"level",NA,0.9,0,0.0714,28,3,1,1,2,0.12,0.183,0.1321,0.0529,NA,NA,4.7545,4.5535,4.5535,3.4537,29.9473,19.1483,0.2067,330.485,1935,1935,"0.15,0.2,0.3,0.35,0.45",0,1.4142,0.15,0.85,NA,NA,NA,NA,NA,NA,NA,NA,NA,NA,NA,NA,NA,NA,NA,NA,NA,NA,NA,NA,NA,NA,NA,NA
"Set_5dose_methods_prior","Set_5dose_methods_prior_SC1",1,"CRM","crm_level",NA,NA,"level",NA,0.9,0,0.0714,28,3,1,1,3,0.17,0.278,0.2106,0.0657,NA,NA,19.3282,6.0217,6.0217,3.2315,29.9473,19.1483,0.2067,330.485,1935,1935,"0.15,0.2,0.3,0.35,0.45",0,1.4142,0.15,0.85,NA,NA,NA,NA,NA,NA,NA,NA,NA,NA,NA,NA,NA,NA,NA,NA,NA,NA,NA,NA,NA,NA,NA,NA
"Set_5dose_methods_prior","Set_5dose_methods_prior_SC1",1,"CRM","crm_level",NA,NA,"level",NA,0.9,0,0.0714,28,3,1,1,4,0.22,0.373,0.2531,0.0841,NA,NA,31.5762,6.7581,6.7581,1.5592,29.9473,19.1483,0.2067,330.485,1935,1935,"0.15,0.2,0.3,0.35,0.45",0,1.4142,0.15,0.85,NA,NA,NA,NA,NA,NA,NA,NA,NA,NA,NA,NA,NA,NA,NA,NA,NA,NA,NA,NA,NA,NA,NA,NA
"Set_5dose_methods_prior","Set_5dose_methods_prior_SC1",1,"CRM","crm_level",NA,NA,"level",NA,0.9,0,0.0714,28,3,1,1,5,0.3,0.498,0.3445,0.1156,NA,NA,43.9793,8.5504,8.5504,2.5545,29.9473,19.1483,0.2067,330.485,1935,1935,"0.15,0.2,0.3,0.35,0.45",0,1.4142,0.15,0.85,NA,NA,NA,NA,NA,NA,NA,NA,NA,NA,NA,NA,NA,NA,NA,NA,NA,NA,NA,NA,NA,NA,NA,NA
"Set_5dose_methods_prior","Set_5dose_methods_prior_SC1",1,"CRM","crm_random",NA,NA,"random",NA,0.9,0,0.0714,28,3,1,1,1,0.07,0.07,0.0973,0.058,NA,NA,0.4651,4.0496,4.0496,0,29.9473,19.0977,0.2067,330.7771,1935,1935,"0.15,0.2,0.3,0.35,0.45",0,1.4142,0.15,0.85,NA,NA,NA,NA,NA,NA,NA,NA,NA,NA,NA,NA,NA,NA,NA,NA,NA,NA,NA,NA,NA,NA,NA,NA
"Set_5dose_methods_prior","Set_5dose_methods_prior_SC1",1,"CRM","crm_random",NA,NA,"random",NA,0.9,0,0.0714,28,3,1,1,2,0.12,0.183,0.1334,NA,NA,NA,5.6848,4.6388,4.6388,3.4682,29.9473,19.0977,0.2067,330.7771,1935,1935,"0.15,0.2,0.3,0.35,0.45",0,1.4142,0.15,0.85,NA,NA,NA,NA,NA,NA,NA,NA,NA,NA,NA,NA,NA,NA,NA,NA,NA,NA,NA,NA,NA,NA,NA,NA
"Set_5dose_methods_prior","Set_5dose_methods_prior_SC1",1,"CRM","crm_random",NA,NA,"random",NA,0.9,0,0.0714,28,3,1,1,3,0.17,0.278,0.212,NA,NA,NA,17.5194,6.0093,6.0093,3.2791,29.9473,19.0977,0.2067,330.7771,1935,1935,"0.15,0.2,0.3,0.35,0.45",0,1.4142,0.15,0.85,NA,NA,NA,NA,NA,NA,NA,NA,NA,NA,NA,NA,NA,NA,NA,NA,NA,NA,NA,NA,NA,NA,NA,NA
"Set_5dose_methods_prior","Set_5dose_methods_prior_SC1",1,"CRM","crm_random",NA,NA,"random",NA,0.9,0,0.0714,28,3,1,1,4,0.22,0.373,0.2543,NA,NA,NA,32.1964,6.5643,6.5643,1.568,29.9473,19.0977,0.2067,330.7771,1935,1935,"0.15,0.2,0.3,0.35,0.45",0,1.4142,0.15,0.85,NA,NA,NA,NA,NA,NA,NA,NA,NA,NA,NA,NA,NA,NA,NA,NA,NA,NA,NA,NA,NA,NA,NA,NA
"Set_5dose_methods_prior","Set_5dose_methods_prior_SC1",1,"CRM","crm_random",NA,NA,"random",NA,0.9,0,0.0714,28,3,1,1,5,0.3,0.498,0.3453,NA,NA,NA,43.9276,8.6853,8.6853,2.5344,29.9473,19.0977,0.2067,330.7771,1935,1935,"0.15,0.2,0.3,0.35,0.45",0,1.4142,0.15,0.85,NA,NA,NA,NA,NA,NA,NA,NA,NA,NA,NA,NA,NA,NA,NA,NA,NA,NA,NA,NA,NA,NA,NA,NA
"Set_5dose_methods_prior","Set_5dose_methods_prior_SC1",1,"CRM","crm_alpha_crm",NA,NA,"alpha_crm",NA,0.9,0,0.0714,28,3,1,1,1,0.07,0.07,0.0836,NA,NA,NA,0.155,4.0279,4.0279,0,29.9473,19.599,0.2067,332.7484,1935,1935,"0.15,0.2,0.3,0.35,0.45",0,1.4142,0.15,0.85,NA,NA,NA,NA,NA,NA,NA,NA,NA,NA,NA,NA,NA,"15,20,30,35,45",61,NA,NA,NA,NA,NA,NA,NA,NA,NA
"Set_5dose_methods_prior","Set_5dose_methods_prior_SC1",1,"CRM","crm_alpha_crm",NA,NA,"alpha_crm",NA,0.9,0,0.0714,28,3,1,1,2,0.12,0.183,0.1168,NA,NA,NA,3.7209,4.3256,4.3256,3.4036,29.9473,19.599,0.2067,332.7484,1935,1935,"0.15,0.2,0.3,0.35,0.45",0,1.4142,0.15,0.85,NA,NA,NA,NA,NA,NA,NA,NA,NA,NA,NA,NA,NA,"15,20,30,35,45",61,NA,NA,NA,NA,NA,NA,NA,NA,NA
"Set_5dose_methods_prior","Set_5dose_methods_prior_SC1",1,"CRM","crm_alpha_crm",NA,NA,"alpha_crm",NA,0.9,0,0.0714,28,3,1,1,3,0.17,0.278,0.1912,NA,NA,NA,12.4548,5.0791,5.0791,3.1845,29.9473,19.599,0.2067,332.7484,1935,1935,"0.15,0.2,0.3,0.35,0.45",0,1.4142,0.15,0.85,NA,NA,NA,NA,NA,NA,NA,NA,NA,NA,NA,NA,NA,"15,20,30,35,45",61,NA,NA,NA,NA,NA,NA,NA,NA,NA
"Set_5dose_methods_prior","Set_5dose_methods_prior_SC1",1,"CRM","crm_alpha_crm",NA,NA,"alpha_crm",NA,0.9,0,0.0714,28,3,1,1,4,0.22,0.373,0.2323,NA,NA,NA,27.8036,5.9349,5.9349,1.1214,29.9473,19.599,0.2067,332.7484,1935,1935,"0.15,0.2,0.3,0.35,0.45",0,1.4142,0.15,0.85,NA,NA,NA,NA,NA,NA,NA,NA,NA,NA,NA,NA,NA,"15,20,30,35,45",61,NA,NA,NA,NA,NA,NA,NA,NA,NA
"Set_5dose_methods_prior","Set_5dose_methods_prior_SC1",1,"CRM","crm_alpha_crm",NA,NA,"alpha_crm",NA,0.9,0,0.0714,28,3,1,1,5,0.3,0.498,0.322,NA,NA,NA,55.6589,10.5798,10.5798,2.6388,29.9473,19.599,0.2067,332.7484,1935,1935,"0.15,0.2,0.3,0.35,0.45",0,1.4142,0.15,0.85,NA,NA,NA,NA,NA,NA,NA,NA,NA,NA,NA,NA,NA,"15,20,30,35,45",61,NA,NA,NA,NA,NA,NA,NA,NA,NA
"Set_5dose_methods_prior","Set_5dose_methods_prior_SC1",1,"CRM","crm_cumu_crm",NA,NA,"cumu_crm",NA,0.9,0,0.0714,28,3,1,1,1,0.07,0.07,0.0984,NA,NA,NA,0.0517,3.186,3.186,0,29.9721,20.0103,0.1034,333.3202,1935,1935,"0.15,0.2,0.3,0.35,0.45",0,1.4142,0.15,0.85,NA,NA,NA,NA,NA,NA,NA,NA,NA,NA,NA,NA,NA,NA,NA,"15,20,30,35,45","0.62828086,0.83770782,1.25656172,1.46598868,1.88484259",-2.8,2,1,2.5,1.6,1,0
"Set_5dose_methods_prior","Set_5dose_methods_prior_SC1",1,"CRM","crm_cumu_crm",NA,NA,"cumu_crm",NA,0.9,0,0.0714,28,3,1,1,2,0.12,0.183,0.1211,NA,NA,NA,2.7907,4.0481,4.0481,2.9209,29.9721,20.0103,0.1034,333.3202,1935,1935,"0.15,0.2,0.3,0.35,0.45",0,1.4142,0.15,0.85,NA,NA,NA,NA,NA,NA,NA,NA,NA,NA,NA,NA,NA,NA,NA,"15,20,30,35,45","0.62828086,0.83770782,1.25656172,1.46598868,1.88484259",-2.8,2,1,2.5,1.6,1,0
"Set_5dose_methods_prior","Set_5dose_methods_prior_SC1",1,"CRM","crm_cumu_crm",NA,NA,"cumu_crm",NA,0.9,0,0.0714,28,3,1,1,3,0.17,0.278,0.183,NA,NA,NA,8.6305,4.8109,4.8109,3.0072,29.9721,20.0103,0.1034,333.3202,1935,1935,"0.15,0.2,0.3,0.35,0.45",0,1.4142,0.15,0.85,NA,NA,NA,NA,NA,NA,NA,NA,NA,NA,NA,NA,NA,NA,NA,"15,20,30,35,45","0.62828086,0.83770782,1.25656172,1.46598868,1.88484259",-2.8,2,1,2.5,1.6,1,0
"Set_5dose_methods_prior","Set_5dose_methods_prior_SC1",1,"CRM","crm_cumu_crm",NA,NA,"cumu_crm",NA,0.9,0,0.0714,28,3,1,1,4,0.22,0.373,0.2228,NA,NA,NA,28.9406,6.4372,6.4372,1.2501,29.9721,20.0103,0.1034,333.3202,1935,1935,"0.15,0.2,0.3,0.35,0.45",0,1.4142,0.15,0.85,NA,NA,NA,NA,NA,NA,NA,NA,NA,NA,NA,NA,NA,NA,NA,"15,20,30,35,45","0.62828086,0.83770782,1.25656172,1.46598868,1.88484259",-2.8,2,1,2.5,1.6,1,0
"Set_5dose_methods_prior","Set_5dose_methods_prior_SC1",1,"CRM","crm_cumu_crm",NA,NA,"cumu_crm",NA,0.9,0,0.0714,28,3,1,1,5,0.3,0.498,0.3174,NA,NA,NA,59.4832,11.4899,11.4899,2.7835,29.9721,20.0103,0.1034,333.3202,1935,1935,"0.15,0.2,0.3,0.35,0.45",0,1.4142,0.15,0.85,NA,NA,NA,NA,NA,NA,NA,NA,NA,NA,NA,NA,NA,NA,NA,"15,20,30,35,45","0.62828086,0.83770782,1.25656172,1.46598868,1.88484259",-2.8,2,1,2.5,1.6,1,0
"Set_5dose_methods_prior","Set_5dose_methods_prior_SC2",2,"CRM","crm_fixed",NA,NA,"fixed",NA,0,0,0.0714,28,1,1,1,1,0.05,0.05,0.1039,0,NA,NA,0,3.6558,3.6558,0,29.986,29.986,0.0517,437.8742,1935,1935,"0.15,0.2,0.3,0.35,0.45",0,1.4142,0.15,0.85,NA,NA,NA,NA,NA,NA,NA,NA,NA,NA,NA,NA,NA,NA,NA,NA,NA,NA,NA,NA,NA,NA,NA,NA
"Set_5dose_methods_prior","Set_5dose_methods_prior_SC2",2,"CRM","crm_fixed",NA,NA,"fixed",NA,0,0,0.0714,28,1,1,1,2,0.1,0.1,0.1426,NA,NA,NA,1.9121,3.8543,3.8543,0,29.986,29.986,0.0517,437.8742,1935,1935,"0.15,0.2,0.3,0.35,0.45",0,1.4142,0.15,0.85,NA,NA,NA,NA,NA,NA,NA,NA,NA,NA,NA,NA,NA,NA,NA,NA,NA,NA,NA,NA,NA,NA,NA,NA
"Set_5dose_methods_prior","Set_5dose_methods_prior_SC2",2,"CRM","crm_fixed",NA,NA,"fixed",NA,0,0,0.0714,28,1,1,1,3,0.18,0.18,0.2259,NA,NA,NA,20.6718,6.4977,6.4977,0,29.986,29.986,0.0517,437.8742,1935,1935,"0.15,0.2,0.3,0.35,0.45",0,1.4142,0.15,0.85,NA,NA,NA,NA,NA,NA,NA,NA,NA,NA,NA,NA,NA,NA,NA,NA,NA,NA,NA,NA,NA,NA,NA,NA
"Set_5dose_methods_prior","Set_5dose_methods_prior_SC2",2,"CRM","crm_fixed",NA,NA,"fixed",NA,0,0,0.0714,28,1,1,1,4,0.3,0.3,0.2704,NA,NA,NA,41.9638,7.8078,7.8078,0,29.986,29.986,0.0517,437.8742,1935,1935,"0.15,0.2,0.3,0.35,0.45",0,1.4142,0.15,0.85,NA,NA,NA,NA,NA,NA,NA,NA,NA,NA,NA,NA,NA,NA,NA,NA,NA,NA,NA,NA,NA,NA,NA,NA
"Set_5dose_methods_prior","Set_5dose_methods_prior_SC2",2,"CRM","crm_fixed",NA,NA,"fixed",NA,0,0,0.0714,28,1,1,1,5,0.4,0.4,0.3647,NA,NA,NA,35.4005,8.1705,8.1705,0,29.986,29.986,0.0517,437.8742,1935,1935,"0.15,0.2,0.3,0.35,0.45",0,1.4142,0.15,0.85,NA,NA,NA,NA,NA,NA,NA,NA,NA,NA,NA,NA,NA,NA,NA,NA,NA,NA,NA,NA,NA,NA,NA,NA
"Set_5dose_methods_prior","Set_5dose_methods_prior_SC2",2,"CRM","crm_level",NA,NA,"level",NA,0,0,0.0714,28,1,1,1,1,0.05,0.05,0.1038,NA,NA,NA,0,3.6605,3.6605,0,29.986,29.986,0.0517,437.8742,1935,1935,"0.15,0.2,0.3,0.35,0.45",0,1.4142,0.15,0.85,NA,NA,NA,NA,NA,NA,NA,NA,NA,NA,NA,NA,NA,NA,NA,NA,NA,NA,NA,NA,NA,NA,NA,NA
"Set_5dose_methods_prior","Set_5dose_methods_prior_SC2",2,"CRM","crm_level",NA,NA,"level",NA,0,0,0.0714,28,1,1,1,2,0.1,0.1,0.1425,0.0794,NA,NA,1.9638,3.8481,3.8481,0,29.986,29.986,0.0517,437.8742,1935,1935,"0.15,0.2,0.3,0.35,0.45",0,1.4142,0.15,0.85,NA,NA,NA,NA,NA,NA,NA,NA,NA,NA,NA,NA,NA,NA,NA,NA,NA,NA,NA,NA,NA,NA,NA,NA
"Set_5dose_methods_prior","Set_5dose_methods_prior_SC2",2,"CRM","crm_level",NA,NA,"level",NA,0,0,0.0714,28,1,1,1,3,0.18,0.18,0.2258,0.079,NA,NA,20.5685,6.5209,6.5209,0,29.986,29.986,0.0517,437.8742,1935,1935,"0.15,0.2,0.3,0.35,0.45",0,1.4142,0.15,0.85,NA,NA,NA,NA,NA,NA,NA,NA,NA,NA,NA,NA,NA,NA,NA,NA,NA,NA,NA,NA,NA,NA,NA,NA
"Set_5dose_methods_prior","Set_5dose_methods_prior_SC2",2,"CRM","crm_level",NA,NA,"level",NA,0,0,0.0714,28,1,1,1,4,0.3,0.3,0.2702,0.0844,NA,NA,42.2739,7.8264,7.8264,0,29.986,29.986,0.0517,437.8742,1935,1935,"0.15,0.2,0.3,0.35,0.45",0,1.4142,0.15,0.85,NA,NA,NA,NA,NA,NA,NA,NA,NA,NA,NA,NA,NA,NA,NA,NA,NA,NA,NA,NA,NA,NA,NA,NA
"Set_5dose_methods_prior","Set_5dose_methods_prior_SC2",2,"CRM","crm_level",NA,NA,"level",NA,0,0,0.0714,28,1,1,1,5,0.4,0.4,0.3645,0.1019,NA,NA,35.1421,8.1302,8.1302,0,29.986,29.986,0.0517,437.8742,1935,1935,"0.15,0.2,0.3,0.35,0.45",0,1.4142,0.15,0.85,NA,NA,NA,NA,NA,NA,NA,NA,NA,NA,NA,NA,NA,NA,NA,NA,NA,NA,NA,NA,NA,NA,NA,NA
"Set_5dose_methods_prior","Set_5dose_methods_prior_SC2",2,"CRM","crm_random",NA,NA,"random",NA,0,0,0.0714,28,1,1,1,1,0.05,0.05,0.1039,0.081,NA,NA,0,3.6589,3.6589,0,29.986,29.986,0.0517,437.8742,1935,1935,"0.15,0.2,0.3,0.35,0.45",0,1.4142,0.15,0.85,NA,NA,NA,NA,NA,NA,NA,NA,NA,NA,NA,NA,NA,NA,NA,NA,NA,NA,NA,NA,NA,NA,NA,NA
"Set_5dose_methods_prior","Set_5dose_methods_prior_SC2",2,"CRM","crm_random",NA,NA,"random",NA,0,0,0.0714,28,1,1,1,2,0.1,0.1,0.1425,NA,NA,NA,1.9121,3.8512,3.8512,0,29.986,29.986,0.0517,437.8742,1935,1935,"0.15,0.2,0.3,0.35,0.45",0,1.4142,0.15,0.85,NA,NA,NA,NA,NA,NA,NA,NA,NA,NA,NA,NA,NA,NA,NA,NA,NA,NA,NA,NA,NA,NA,NA,NA
"Set_5dose_methods_prior","Set_5dose_methods_prior_SC2",2,"CRM","crm_random",NA,NA,"random",NA,0,0,0.0714,28,1,1,1,3,0.18,0.18,0.2259,NA,NA,NA,20.8786,6.5302,6.5302,0,29.986,29.986,0.0517,437.8742,1935,1935,"0.15,0.2,0.3,0.35,0.45",0,1.4142,0.15,0.85,NA,NA,NA,NA,NA,NA,NA,NA,NA,NA,NA,NA,NA,NA,NA,NA,NA,NA,NA,NA,NA,NA,NA,NA
"Set_5dose_methods_prior","Set_5dose_methods_prior_SC2",2,"CRM","crm_random",NA,NA,"random",NA,0,0,0.0714,28,1,1,1,4,0.3,0.3,0.2703,NA,NA,NA,41.8605,7.845,7.845,0,29.986,29.986,0.0517,437.8742,1935,1935,"0.15,0.2,0.3,0.35,0.45",0,1.4142,0.15,0.85,NA,NA,NA,NA,NA,NA,NA,NA,NA,NA,NA,NA,NA,NA,NA,NA,NA,NA,NA,NA,NA,NA,NA,NA
"Set_5dose_methods_prior","Set_5dose_methods_prior_SC2",2,"CRM","crm_random",NA,NA,"random",NA,0,0,0.0714,28,1,1,1,5,0.4,0.4,0.3646,NA,NA,NA,35.2972,8.1008,8.1008,0,29.986,29.986,0.0517,437.8742,1935,1935,"0.15,0.2,0.3,0.35,0.45",0,1.4142,0.15,0.85,NA,NA,NA,NA,NA,NA,NA,NA,NA,NA,NA,NA,NA,NA,NA,NA,NA,NA,NA,NA,NA,NA,NA,NA
"Set_5dose_methods_prior","Set_5dose_methods_prior_SC2",2,"CRM","crm_alpha_crm",NA,NA,"alpha_crm",NA,0,0,0.0714,28,1,1,1,1,0.05,0.05,0.104,NA,NA,NA,0,3.6589,3.6589,0,29.986,29.986,0.0517,437.8742,1935,1935,"0.15,0.2,0.3,0.35,0.45",0,1.4142,0.15,0.85,NA,NA,NA,NA,NA,NA,NA,NA,NA,NA,NA,NA,NA,"15,20,30,35,45",61,NA,NA,NA,NA,NA,NA,NA,NA,NA
"Set_5dose_methods_prior","Set_5dose_methods_prior_SC2",2,"CRM","crm_alpha_crm",NA,NA,"alpha_crm",NA,0,0,0.0714,28,1,1,1,2,0.1,0.1,0.1426,NA,NA,NA,1.8088,3.8512,3.8512,0,29.986,29.986,0.0517,437.8742,1935,1935,"0.15,0.2,0.3,0.35,0.45",0,1.4142,0.15,0.85,NA,NA,NA,NA,NA,NA,NA,NA,NA,NA,NA,NA,NA,"15,20,30,35,45",61,NA,NA,NA,NA,NA,NA,NA,NA,NA
"Set_5dose_methods_prior","Set_5dose_methods_prior_SC2",2,"CRM","crm_alpha_crm",NA,NA,"alpha_crm",NA,0,0,0.0714,28,1,1,1,3,0.18,0.18,0.2259,NA,NA,NA,20.6718,6.5054,6.5054,0,29.986,29.986,0.0517,437.8742,1935,1935,"0.15,0.2,0.3,0.35,0.45",0,1.4142,0.15,0.85,NA,NA,NA,NA,NA,NA,NA,NA,NA,NA,NA,NA,NA,"15,20,30,35,45",61,NA,NA,NA,NA,NA,NA,NA,NA,NA
"Set_5dose_methods_prior","Set_5dose_methods_prior_SC2",2,"CRM","crm_alpha_crm",NA,NA,"alpha_crm",NA,0,0,0.0714,28,1,1,1,4,0.3,0.3,0.2704,NA,NA,NA,42.0155,7.7736,7.7736,0,29.986,29.986,0.0517,437.8742,1935,1935,"0.15,0.2,0.3,0.35,0.45",0,1.4142,0.15,0.85,NA,NA,NA,NA,NA,NA,NA,NA,NA,NA,NA,NA,NA,"15,20,30,35,45",61,NA,NA,NA,NA,NA,NA,NA,NA,NA
"Set_5dose_methods_prior","Set_5dose_methods_prior_SC2",2,"CRM","crm_alpha_crm",NA,NA,"alpha_crm",NA,0,0,0.0714,28,1,1,1,5,0.4,0.4,0.3647,NA,NA,NA,35.4522,8.1969,8.1969,0,29.986,29.986,0.0517,437.8742,1935,1935,"0.15,0.2,0.3,0.35,0.45",0,1.4142,0.15,0.85,NA,NA,NA,NA,NA,NA,NA,NA,NA,NA,NA,NA,NA,"15,20,30,35,45",61,NA,NA,NA,NA,NA,NA,NA,NA,NA
"Set_5dose_methods_prior","Set_5dose_methods_prior_SC2",2,"CRM","crm_cumu_crm",NA,NA,"cumu_crm",NA,0,0,0.0714,28,1,1,1,1,0.05,0.05,0.1102,NA,NA,NA,0,3.0713,3.0713,0,29.986,29.986,0.0517,437.8742,1935,1935,"0.15,0.2,0.3,0.35,0.45",0,1.4142,0.15,0.85,NA,NA,NA,NA,NA,NA,NA,NA,NA,NA,NA,NA,NA,NA,NA,"15,20,30,35,45","0.62828086,0.83770782,1.25656172,1.46598868,1.88484259",-2.8,2,1,2.5,1.6,1,0
"Set_5dose_methods_prior","Set_5dose_methods_prior_SC2",2,"CRM","crm_cumu_crm",NA,NA,"cumu_crm",NA,0,0,0.0714,28,1,1,1,2,0.1,0.1,0.1399,NA,NA,NA,2.0672,4.0217,4.0217,0,29.986,29.986,0.0517,437.8742,1935,1935,"0.15,0.2,0.3,0.35,0.45",0,1.4142,0.15,0.85,NA,NA,NA,NA,NA,NA,NA,NA,NA,NA,NA,NA,NA,NA,NA,"15,20,30,35,45","0.62828086,0.83770782,1.25656172,1.46598868,1.88484259",-2.8,2,1,2.5,1.6,1,0
"Set_5dose_methods_prior","Set_5dose_methods_prior_SC2",2,"CRM","crm_cumu_crm",NA,NA,"cumu_crm",NA,0,0,0.0714,28,1,1,1,3,0.18,0.18,0.2233,NA,NA,NA,21.5504,6.7845,6.7845,0,29.986,29.986,0.0517,437.8742,1935,1935,"0.15,0.2,0.3,0.35,0.45",0,1.4142,0.15,0.85,NA,NA,NA,NA,NA,NA,NA,NA,NA,NA,NA,NA,NA,NA,NA,"15,20,30,35,45","0.62828086,0.83770782,1.25656172,1.46598868,1.88484259",-2.8,2,1,2.5,1.6,1,0
"Set_5dose_methods_prior","Set_5dose_methods_prior_SC2",2,"CRM","crm_cumu_crm",NA,NA,"cumu_crm",NA,0,0,0.0714,28,1,1,1,4,0.3,0.3,0.2774,NA,NA,NA,44.3411,8.8853,8.8853,0,29.986,29.986,0.0517,437.8742,1935,1935,"0.15,0.2,0.3,0.35,0.45",0,1.4142,0.15,0.85,NA,NA,NA,NA,NA,NA,NA,NA,NA,NA,NA,NA,NA,NA,NA,"15,20,30,35,45","0.62828086,0.83770782,1.25656172,1.46598868,1.88484259",-2.8,2,1,2.5,1.6,1,0
"Set_5dose_methods_prior","Set_5dose_methods_prior_SC2",2,"CRM","crm_cumu_crm",NA,NA,"cumu_crm",NA,0,0,0.0714,28,1,1,1,5,0.4,0.4,0.402,NA,NA,NA,31.9897,7.2233,7.2233,0,29.986,29.986,0.0517,437.8742,1935,1935,"0.15,0.2,0.3,0.35,0.45",0,1.4142,0.15,0.85,NA,NA,NA,NA,NA,NA,NA,NA,NA,NA,NA,NA,NA,NA,NA,"15,20,30,35,45","0.62828086,0.83770782,1.25656172,1.46598868,1.88484259",-2.8,2,1,2.5,1.6,1,0
"Set_5dose_methods_prior","Set_5dose_methods_prior_SC2",2,"CRM","crm_fixed",NA,NA,"fixed",NA,0,0,0.0714,28,2,1,1,1,0.05,0.05,0.1039,0,NA,NA,0,3.6589,3.6589,0,29.986,21.7778,0.0517,348.9776,1935,1935,"0.15,0.2,0.3,0.35,0.45",0,1.4142,0.15,0.85,NA,NA,NA,NA,NA,NA,NA,NA,NA,NA,NA,NA,NA,NA,NA,NA,NA,NA,NA,NA,NA,NA,NA,NA
"Set_5dose_methods_prior","Set_5dose_methods_prior_SC2",2,"CRM","crm_fixed",NA,NA,"fixed",NA,0,0,0.0714,28,2,1,1,2,0.1,0.1,0.1426,NA,NA,NA,2.0155,3.862,3.862,3.247,29.986,21.7778,0.0517,348.9776,1935,1935,"0.15,0.2,0.3,0.35,0.45",0,1.4142,0.15,0.85,NA,NA,NA,NA,NA,NA,NA,NA,NA,NA,NA,NA,NA,NA,NA,NA,NA,NA,NA,NA,NA,NA,NA,NA
"Set_5dose_methods_prior","Set_5dose_methods_prior_SC2",2,"CRM","crm_fixed",NA,NA,"fixed",NA,0,0,0.0714,28,2,1,1,3,0.18,0.18,0.2259,NA,NA,NA,21.0336,6.5039,6.5039,0.3928,29.986,21.7778,0.0517,348.9776,1935,1935,"0.15,0.2,0.3,0.35,0.45",0,1.4142,0.15,0.85,NA,NA,NA,NA,NA,NA,NA,NA,NA,NA,NA,NA,NA,NA,NA,NA,NA,NA,NA,NA,NA,NA,NA,NA
"Set_5dose_methods_prior","Set_5dose_methods_prior_SC2",2,"CRM","crm_fixed",NA,NA,"fixed",NA,0,0,0.0714,28,2,1,1,4,0.3,0.3,0.2703,NA,NA,NA,41.447,7.8372,7.8372,3.6553,29.986,21.7778,0.0517,348.9776,1935,1935,"0.15,0.2,0.3,0.35,0.45",0,1.4142,0.15,0.85,NA,NA,NA,NA,NA,NA,NA,NA,NA,NA,NA,NA,NA,NA,NA,NA,NA,NA,NA,NA,NA,NA,NA,NA
"Set_5dose_methods_prior","Set_5dose_methods_prior_SC2",2,"CRM","crm_fixed",NA,NA,"fixed",NA,0,0,0.0714,28,2,1,1,5,0.4,0.4,0.3646,NA,NA,NA,35.4522,8.124,8.124,0.9132,29.986,21.7778,0.0517,348.9776,1935,1935,"0.15,0.2,0.3,0.35,0.45",0,1.4142,0.15,0.85,NA,NA,NA,NA,NA,NA,NA,NA,NA,NA,NA,NA,NA,NA,NA,NA,NA,NA,NA,NA,NA,NA,NA,NA
"Set_5dose_methods_prior","Set_5dose_methods_prior_SC2",2,"CRM","crm_level",NA,NA,"level",NA,0,0,0.0714,28,2,1,1,1,0.05,0.05,0.1,NA,NA,NA,0.0517,3.569,3.569,0,29.986,22.1328,0.0517,351.2054,1935,1935,"0.15,0.2,0.3,0.35,0.45",0,1.4142,0.15,0.85,NA,NA,NA,NA,NA,NA,NA,NA,NA,NA,NA,NA,NA,NA,NA,NA,NA,NA,NA,NA,NA,NA,NA,NA
"Set_5dose_methods_prior","Set_5dose_methods_prior_SC2",2,"CRM","crm_level",NA,NA,"level",NA,0,0,0.0714,28,2,1,1,2,0.1,0.1,0.1377,0.0356,NA,NA,1.3953,3.7442,3.7442,3.169,29.986,22.1328,0.0517,351.2054,1935,1935,"0.15,0.2,0.3,0.35,0.45",0,1.4142,0.15,0.85,NA,NA,NA,NA,NA,NA,NA,NA,NA,NA,NA,NA,NA,NA,NA,NA,NA,NA,NA,NA,NA,NA,NA,NA
"Set_5dose_methods_prior","Set_5dose_methods_prior_SC2",2,"CRM","crm_level",NA,NA,"level",NA,0,0,0.0714,28,2,1,1,3,0.18,0.18,0.2195,0.0745,NA,NA,19.845,5.9814,5.9814,0.3855,29.986,22.1328,0.0517,351.2054,1935,1935,"0.15,0.2,0.3,0.35,0.45",0,1.4142,0.15,0.85,NA,NA,NA,NA,NA,NA,NA,NA,NA,NA,NA,NA,NA,NA,NA,NA,NA,NA,NA,NA,NA,NA,NA,NA
"Set_5dose_methods_prior","Set_5dose_methods_prior_SC2",2,"CRM","crm_level",NA,NA,"level",NA,0,0,0.0714,28,2,1,1,4,0.3,0.3,0.2634,0.0663,NA,NA,39.7416,7.4295,7.4295,3.4568,29.986,22.1328,0.0517,351.2054,1935,1935,"0.15,0.2,0.3,0.35,0.45",0,1.4142,0.15,0.85,NA,NA,NA,NA,NA,NA,NA,NA,NA,NA,NA,NA,NA,NA,NA,NA,NA,NA,NA,NA,NA,NA,NA,NA
"Set_5dose_methods_prior","Set_5dose_methods_prior_SC2",2,"CRM","crm_level",NA,NA,"level",NA,0,0,0.0714,28,2,1,1,5,0.4,0.4,0.3569,0.0917,NA,NA,38.9147,9.262,9.262,0.8419,29.986,22.1328,0.0517,351.2054,1935,1935,"0.15,0.2,0.3,0.35,0.45",0,1.4142,0.15,0.85,NA,NA,NA,NA,NA,NA,NA,NA,NA,NA,NA,NA,NA,NA,NA,NA,NA,NA,NA,NA,NA,NA,NA,NA
"Set_5dose_methods_prior","Set_5dose_methods_prior_SC2",2,"CRM","crm_random",NA,NA,"random",NA,0,0,0.0714,28,2,1,1,1,0.05,0.05,0.1009,0.034,NA,NA,0.0517,3.569,3.569,0,29.986,22.0734,0.0517,351.1693,1935,1935,"0.15,0.2,0.3,0.35,0.45",0,1.4142,0.15,0.85,NA,NA,NA,NA,NA,NA,NA,NA,NA,NA,NA,NA,NA,NA,NA,NA,NA,NA,NA,NA,NA,NA,NA,NA
"Set_5dose_methods_prior","Set_5dose_methods_prior_SC2",2,"CRM","crm_random",NA,NA,"random",NA,0,0,0.0714,28,2,1,1,2,0.1,0.1,0.1388,NA,NA,NA,1.6021,3.7535,3.7535,3.1705,29.986,22.0734,0.0517,351.1693,1935,1935,"0.15,0.2,0.3,0.35,0.45",0,1.4142,0.15,0.85,NA,NA,NA,NA,NA,NA,NA,NA,NA,NA,NA,NA,NA,NA,NA,NA,NA,NA,NA,NA,NA,NA,NA,NA
"Set_5dose_methods_prior","Set_5dose_methods_prior_SC2",2,"CRM","crm_random",NA,NA,"random",NA,0,0,0.0714,28,2,1,1,3,0.18,0.18,0.2209,NA,NA,NA,20.2584,6.1473,6.1473,0.4016,29.986,22.0734,0.0517,351.1693,1935,1935,"0.15,0.2,0.3,0.35,0.45",0,1.4142,0.15,0.85,NA,NA,NA,NA,NA,NA,NA,NA,NA,NA,NA,NA,NA,NA,NA,NA,NA,NA,NA,NA,NA,NA,NA,NA
"Set_5dose_methods_prior","Set_5dose_methods_prior_SC2",2,"CRM","crm_random",NA,NA,"random",NA,0,0,0.0714,28,2,1,1,4,0.3,0.3,0.2649,NA,NA,NA,39.2765,7.5163,7.5163,3.4884,29.986,22.0734,0.0517,351.1693,1935,1935,"0.15,0.2,0.3,0.35,0.45",0,1.4142,0.15,0.85,NA,NA,NA,NA,NA,NA,NA,NA,NA,NA,NA,NA,NA,NA,NA,NA,NA,NA,NA,NA,NA,NA,NA,NA
"Set_5dose_methods_prior","Set_5dose_methods_prior_SC2",2,"CRM","crm_random",NA,NA,"random",NA,0,0,0.0714,28,2,1,1,5,0.4,0.4,0.3586,NA,NA,NA,38.7597,9,9,0.8522,29.986,22.0734,0.0517,351.1693,1935,1935,"0.15,0.2,0.3,0.35,0.45",0,1.4142,0.15,0.85,NA,NA,NA,NA,NA,NA,NA,NA,NA,NA,NA,NA,NA,NA,NA,NA,NA,NA,NA,NA,NA,NA,NA,NA
"Set_5dose_methods_prior","Set_5dose_methods_prior_SC2",2,"CRM","crm_alpha_crm",NA,NA,"alpha_crm",NA,0,0,0.0714,28,2,1,1,1,0.05,0.05,0.0933,NA,NA,NA,0,3.5519,3.5519,0,29.986,22.3587,0.0517,352.7509,1935,1935,"0.15,0.2,0.3,0.35,0.45",0,1.4142,0.15,0.85,NA,NA,NA,NA,NA,NA,NA,NA,NA,NA,NA,NA,NA,"15,20,30,35,45",61,NA,NA,NA,NA,NA,NA,NA,NA,NA
"Set_5dose_methods_prior","Set_5dose_methods_prior_SC2",2,"CRM","crm_alpha_crm",NA,NA,"alpha_crm",NA,0,0,0.0714,28,2,1,1,2,0.1,0.1,0.1296,NA,NA,NA,1.292,3.6667,3.6667,3.1395,29.986,22.3587,0.0517,352.7509,1935,1935,"0.15,0.2,0.3,0.35,0.45",0,1.4142,0.15,0.85,NA,NA,NA,NA,NA,NA,NA,NA,NA,NA,NA,NA,NA,"15,20,30,35,45",61,NA,NA,NA,NA,NA,NA,NA,NA,NA
"Set_5dose_methods_prior","Set_5dose_methods_prior_SC2",2,"CRM","crm_alpha_crm",NA,NA,"alpha_crm",NA,0,0,0.0714,28,2,1,1,3,0.18,0.18,0.2094,NA,NA,NA,16.4341,5.3209,5.3209,0.3674,29.986,22.3587,0.0517,352.7509,1935,1935,"0.15,0.2,0.3,0.35,0.45",0,1.4142,0.15,0.85,NA,NA,NA,NA,NA,NA,NA,NA,NA,NA,NA,NA,NA,"15,20,30,35,45",61,NA,NA,NA,NA,NA,NA,NA,NA,NA
"Set_5dose_methods_prior","Set_5dose_methods_prior_SC2",2,"CRM","crm_alpha_crm",NA,NA,"alpha_crm",NA,0,0,0.0714,28,2,1,1,4,0.3,0.3,0.2527,NA,NA,NA,37.3643,7.2465,7.2465,3.1742,29.986,22.3587,0.0517,352.7509,1935,1935,"0.15,0.2,0.3,0.35,0.45",0,1.4142,0.15,0.85,NA,NA,NA,NA,NA,NA,NA,NA,NA,NA,NA,NA,NA,"15,20,30,35,45",61,NA,NA,NA,NA,NA,NA,NA,NA,NA
"Set_5dose_methods_prior","Set_5dose_methods_prior_SC2",2,"CRM","crm_alpha_crm",NA,NA,"alpha_crm",NA,0,0,0.0714,28,2,1,1,5,0.4,0.4,0.3456,NA,NA,NA,44.8579,10.2,10.2,0.9463,29.986,22.3587,0.0517,352.7509,1935,1935,"0.15,0.2,0.3,0.35,0.45",0,1.4142,0.15,0.85,NA,NA,NA,NA,NA,NA,NA,NA,NA,NA,NA,NA,NA,"15,20,30,35,45",61,NA,NA,NA,NA,NA,NA,NA,NA,NA
"Set_5dose_methods_prior","Set_5dose_methods_prior_SC2",2,"CRM","crm_cumu_crm",NA,NA,"cumu_crm",NA,0,0,0.0714,28,2,1,1,1,0.05,0.05,0.1025,NA,NA,NA,0,3.0527,3.0527,0,29.986,22.4791,0.0517,352.5896,1935,1935,"0.15,0.2,0.3,0.35,0.45",0,1.4142,0.15,0.85,NA,NA,NA,NA,NA,NA,NA,NA,NA,NA,NA,NA,NA,NA,NA,"15,20,30,35,45","0.62828086,0.83770782,1.25656172,1.46598868,1.88484259",-2.8,2,1,2.5,1.6,1,0
"Set_5dose_methods_prior","Set_5dose_methods_prior_SC2",2,"CRM","crm_cumu_crm",NA,NA,"cumu_crm",NA,0,0,0.0714,28,2,1,1,2,0.1,0.1,0.129,NA,NA,NA,1.0853,3.6946,3.6946,2.8848,29.986,22.4791,0.0517,352.5896,1935,1935,"0.15,0.2,0.3,0.35,0.45",0,1.4142,0.15,0.85,NA,NA,NA,NA,NA,NA,NA,NA,NA,NA,NA,NA,NA,NA,NA,"15,20,30,35,45","0.62828086,0.83770782,1.25656172,1.46598868,1.88484259",-2.8,2,1,2.5,1.6,1,0
"Set_5dose_methods_prior","Set_5dose_methods_prior_SC2",2,"CRM","crm_cumu_crm",NA,NA,"cumu_crm",NA,0,0,0.0714,28,2,1,1,3,0.18,0.18,0.2034,NA,NA,NA,14.3669,5.3659,5.3659,0.5158,29.986,22.4791,0.0517,352.5896,1935,1935,"0.15,0.2,0.3,0.35,0.45",0,1.4142,0.15,0.85,NA,NA,NA,NA,NA,NA,NA,NA,NA,NA,NA,NA,NA,NA,NA,"15,20,30,35,45","0.62828086,0.83770782,1.25656172,1.46598868,1.88484259",-2.8,2,1,2.5,1.6,1,0
"Set_5dose_methods_prior","Set_5dose_methods_prior_SC2",2,"CRM","crm_cumu_crm",NA,NA,"cumu_crm",NA,0,0,0.0714,28,2,1,1,4,0.3,0.3,0.2522,NA,NA,NA,40.1034,7.707,7.707,3.0568,29.986,22.4791,0.0517,352.5896,1935,1935,"0.15,0.2,0.3,0.35,0.45",0,1.4142,0.15,0.85,NA,NA,NA,NA,NA,NA,NA,NA,NA,NA,NA,NA,NA,NA,NA,"15,20,30,35,45","0.62828086,0.83770782,1.25656172,1.46598868,1.88484259",-2.8,2,1,2.5,1.6,1,0
"Set_5dose_methods_prior","Set_5dose_methods_prior_SC2",2,"CRM","crm_cumu_crm",NA,NA,"cumu_crm",NA,0,0,0.0714,28,2,1,1,5,0.4,0.4,0.3681,NA,NA,NA,44.3928,10.1659,10.1659,1.0496,29.986,22.4791,0.0517,352.5896,1935,1935,"0.15,0.2,0.3,0.35,0.45",0,1.4142,0.15,0.85,NA,NA,NA,NA,NA,NA,NA,NA,NA,NA,NA,NA,NA,NA,NA,"15,20,30,35,45","0.62828086,0.83770782,1.25656172,1.46598868,1.88484259",-2.8,2,1,2.5,1.6,1,0
"Set_5dose_methods_prior","Set_5dose_methods_prior_SC2",2,"CRM","crm_fixed",NA,NA,"fixed",NA,0,0,0.0714,28,3,1,1,1,0.05,0.05,0.1038,0,NA,NA,0,3.662,3.662,0,29.986,19.5912,0.0517,332.0025,1935,1935,"0.15,0.2,0.3,0.35,0.45",0,1.4142,0.15,0.85,NA,NA,NA,NA,NA,NA,NA,NA,NA,NA,NA,NA,NA,NA,NA,NA,NA,NA,NA,NA,NA,NA,NA,NA
"Set_5dose_methods_prior","Set_5dose_methods_prior_SC2",2,"CRM","crm_fixed",NA,NA,"fixed",NA,0,0,0.0714,28,3,1,1,2,0.1,0.1,0.1424,NA,NA,NA,1.8605,3.862,3.862,3.2501,29.986,19.5912,0.0517,332.0025,1935,1935,"0.15,0.2,0.3,0.35,0.45",0,1.4142,0.15,0.85,NA,NA,NA,NA,NA,NA,NA,NA,NA,NA,NA,NA,NA,NA,NA,NA,NA,NA,NA,NA,NA,NA,NA,NA
"Set_5dose_methods_prior","Set_5dose_methods_prior_SC2",2,"CRM","crm_fixed",NA,NA,"fixed",NA,0,0,0.0714,28,3,1,1,3,0.18,0.18,0.2257,NA,NA,NA,20.7752,6.4977,6.4977,3.2393,29.986,19.5912,0.0517,332.0025,1935,1935,"0.15,0.2,0.3,0.35,0.45",0,1.4142,0.15,0.85,NA,NA,NA,NA,NA,NA,NA,NA,NA,NA,NA,NA,NA,NA,NA,NA,NA,NA,NA,NA,NA,NA,NA,NA
"Set_5dose_methods_prior","Set_5dose_methods_prior_SC2",2,"CRM","crm_fixed",NA,NA,"fixed",NA,0,0,0.0714,28,3,1,1,4,0.3,0.3,0.2702,NA,NA,NA,41.6537,7.8419,7.8419,1.5948,29.986,19.5912,0.0517,332.0025,1935,1935,"0.15,0.2,0.3,0.35,0.45",0,1.4142,0.15,0.85,NA,NA,NA,NA,NA,NA,NA,NA,NA,NA,NA,NA,NA,NA,NA,NA,NA,NA,NA,NA,NA,NA,NA,NA
"Set_5dose_methods_prior","Set_5dose_methods_prior_SC2",2,"CRM","crm_fixed",NA,NA,"fixed",NA,0,0,0.0714,28,3,1,1,5,0.4,0.4,0.3644,NA,NA,NA,35.6589,8.1225,8.1225,2.3106,29.986,19.5912,0.0517,332.0025,1935,1935,"0.15,0.2,0.3,0.35,0.45",0,1.4142,0.15,0.85,NA,NA,NA,NA,NA,NA,NA,NA,NA,NA,NA,NA,NA,NA,NA,NA,NA,NA,NA,NA,NA,NA,NA,NA
"Set_5dose_methods_prior","Set_5dose_methods_prior_SC2",2,"CRM","crm_level",NA,NA,"level",NA,0,0,0.0714,28,3,1,1,1,0.05,0.05,0.0991,NA,NA,NA,0.1034,3.5736,3.5736,0,29.986,19.8532,0.0517,332.9582,1935,1935,"0.15,0.2,0.3,0.35,0.45",0,1.4142,0.15,0.85,NA,NA,NA,NA,NA,NA,NA,NA,NA,NA,NA,NA,NA,NA,NA,NA,NA,NA,NA,NA,NA,NA,NA,NA
"Set_5dose_methods_prior","Set_5dose_methods_prior_SC2",2,"CRM","crm_level",NA,NA,"level",NA,0,0,0.0714,28,3,1,1,2,0.1,0.1,0.1365,0.0384,NA,NA,1.9638,3.662,3.662,3.1581,29.986,19.8532,0.0517,332.9582,1935,1935,"0.15,0.2,0.3,0.35,0.45",0,1.4142,0.15,0.85,NA,NA,NA,NA,NA,NA,NA,NA,NA,NA,NA,NA,NA,NA,NA,NA,NA,NA,NA,NA,NA,NA,NA,NA
"Set_5dose_methods_prior","Set_5dose_methods_prior_SC2",2,"CRM","crm_level",NA,NA,"level",NA,0,0,0.0714,28,3,1,1,3,0.18,0.18,0.218,0.0434,NA,NA,17.8811,5.8744,5.8744,3.1225,29.986,19.8532,0.0517,332.9582,1935,1935,"0.15,0.2,0.3,0.35,0.45",0,1.4142,0.15,0.85,NA,NA,NA,NA,NA,NA,NA,NA,NA,NA,NA,NA,NA,NA,NA,NA,NA,NA,NA,NA,NA,NA,NA,NA
"Set_5dose_methods_prior","Set_5dose_methods_prior_SC2",2,"CRM","crm_level",NA,NA,"level",NA,0,0,0.0714,28,3,1,1,4,0.3,0.3,0.2618,0.0737,NA,NA,40,7.4698,7.4698,1.3824,29.986,19.8532,0.0517,332.9582,1935,1935,"0.15,0.2,0.3,0.35,0.45",0,1.4142,0.15,0.85,NA,NA,NA,NA,NA,NA,NA,NA,NA,NA,NA,NA,NA,NA,NA,NA,NA,NA,NA,NA,NA,NA,NA,NA
"Set_5dose_methods_prior","Set_5dose_methods_prior_SC2",2,"CRM","crm_level",NA,NA,"level",NA,0,0,0.0714,28,3,1,1,5,0.4,0.4,0.3552,0.0909,NA,NA,40,9.4062,9.4062,2.4698,29.986,19.8532,0.0517,332.9582,1935,1935,"0.15,0.2,0.3,0.35,0.45",0,1.4142,0.15,0.85,NA,NA,NA,NA,NA,NA,NA,NA,NA,NA,NA,NA,NA,NA,NA,NA,NA,NA,NA,NA,NA,NA,NA,NA
"Set_5dose_methods_prior","Set_5dose_methods_prior_SC2",2,"CRM","crm_random",NA,NA,"random",NA,0,0,0.0714,28,3,1,1,1,0.05,0.05,0.1009,0.0278,NA,NA,0.0517,3.569,3.569,0,29.986,19.6956,0.0517,332.361,1935,1935,"0.15,0.2,0.3,0.35,0.45",0,1.4142,0.15,0.85,NA,NA,NA,NA,NA,NA,NA,NA,NA,NA,NA,NA,NA,NA,NA,NA,NA,NA,NA,NA,NA,NA,NA,NA
"Set_5dose_methods_prior","Set_5dose_methods_prior_SC2",2,"CRM","crm_random",NA,NA,"random",NA,0,0,0.0714,28,3,1,1,2,0.1,0.1,0.1387,NA,NA,NA,1.7054,3.6884,3.6884,3.1612,29.986,19.6956,0.0517,332.361,1935,1935,"0.15,0.2,0.3,0.35,0.45",0,1.4142,0.15,0.85,NA,NA,NA,NA,NA,NA,NA,NA,NA,NA,NA,NA,NA,NA,NA,NA,NA,NA,NA,NA,NA,NA,NA,NA
"Set_5dose_methods_prior","Set_5dose_methods_prior_SC2",2,"CRM","crm_random",NA,NA,"random",NA,0,0,0.0714,28,3,1,1,3,0.18,0.18,0.2207,NA,NA,NA,18.9664,5.9876,5.9876,3.1623,29.986,19.6956,0.0517,332.361,1935,1935,"0.15,0.2,0.3,0.35,0.45",0,1.4142,0.15,0.85,NA,NA,NA,NA,NA,NA,NA,NA,NA,NA,NA,NA,NA,NA,NA,NA,NA,NA,NA,NA,NA,NA,NA,NA
"Set_5dose_methods_prior","Set_5dose_methods_prior_SC2",2,"CRM","crm_random",NA,NA,"random",NA,0,0,0.0714,28,3,1,1,4,0.3,0.3,0.2647,NA,NA,NA,41.3953,7.5922,7.5922,1.4584,29.986,19.6956,0.0517,332.361,1935,1935,"0.15,0.2,0.3,0.35,0.45",0,1.4142,0.15,0.85,NA,NA,NA,NA,NA,NA,NA,NA,NA,NA,NA,NA,NA,NA,NA,NA,NA,NA,NA,NA,NA,NA,NA,NA
"Set_5dose_methods_prior","Set_5dose_methods_prior_SC2",2,"CRM","crm_random",NA,NA,"random",NA,0,0,0.0714,28,3,1,1,5,0.4,0.4,0.3583,NA,NA,NA,37.8295,9.1488,9.1488,2.5085,29.986,19.6956,0.0517,332.361,1935,1935,"0.15,0.2,0.3,0.35,0.45",0,1.4142,0.15,0.85,NA,NA,NA,NA,NA,NA,NA,NA,NA,NA,NA,NA,NA,NA,NA,NA,NA,NA,NA,NA,NA,NA,NA,NA
"Set_5dose_methods_prior","Set_5dose_methods_prior_SC2",2,"CRM","crm_alpha_crm",NA,NA,"alpha_crm",NA,0,0,0.0714,28,3,1,1,1,0.05,0.05,0.0913,NA,NA,NA,0,3.5535,3.5535,0,29.986,20.354,0.0517,335.1247,1935,1935,"0.15,0.2,0.3,0.35,0.45",0,1.4142,0.15,0.85,NA,NA,NA,NA,NA,NA,NA,NA,NA,NA,NA,NA,NA,"15,20,30,35,45",61,NA,NA,NA,NA,NA,NA,NA,NA,NA
"Set_5dose_methods_prior","Set_5dose_methods_prior_SC2",2,"CRM","crm_alpha_crm",NA,NA,"alpha_crm",NA,0,0,0.0714,28,3,1,1,2,0.1,0.1,0.1271,NA,NA,NA,1.137,3.5302,3.5302,3.1359,29.986,20.354,0.0517,335.1247,1935,1935,"0.15,0.2,0.3,0.35,0.45",0,1.4142,0.15,0.85,NA,NA,NA,NA,NA,NA,NA,NA,NA,NA,NA,NA,NA,"15,20,30,35,45",61,NA,NA,NA,NA,NA,NA,NA,NA,NA
"Set_5dose_methods_prior","Set_5dose_methods_prior_SC2",2,"CRM","crm_alpha_crm",NA,NA,"alpha_crm",NA,0,0,0.0714,28,3,1,1,3,0.18,0.18,0.206,NA,NA,NA,14.677,4.8884,4.8884,3.0429,29.986,20.354,0.0517,335.1247,1935,1935,"0.15,0.2,0.3,0.35,0.45",0,1.4142,0.15,0.85,NA,NA,NA,NA,NA,NA,NA,NA,NA,NA,NA,NA,NA,"15,20,30,35,45",61,NA,NA,NA,NA,NA,NA,NA,NA,NA
"Set_5dose_methods_prior","Set_5dose_methods_prior_SC2",2,"CRM","crm_alpha_crm",NA,NA,"alpha_crm",NA,0,0,0.0714,28,3,1,1,4,0.3,0.3,0.2489,NA,NA,NA,36.4341,7.1628,7.1628,0.9385,29.986,20.354,0.0517,335.1247,1935,1935,"0.15,0.2,0.3,0.35,0.45",0,1.4142,0.15,0.85,NA,NA,NA,NA,NA,NA,NA,NA,NA,NA,NA,NA,NA,"15,20,30,35,45",61,NA,NA,NA,NA,NA,NA,NA,NA,NA
"Set_5dose_methods_prior","Set_5dose_methods_prior_SC2",2,"CRM","crm_alpha_crm",NA,NA,"alpha_crm",NA,0,0,0.0714,28,3,1,1,5,0.4,0.4,0.3413,NA,NA,NA,47.7003,10.8512,10.8512,2.5147,29.986,20.354,0.0517,335.1247,1935,1935,"0.15,0.2,0.3,0.35,0.45",0,1.4142,0.15,0.85,NA,NA,NA,NA,NA,NA,NA,NA,NA,NA,NA,NA,NA,"15,20,30,35,45",61,NA,NA,NA,NA,NA,NA,NA,NA,NA
"Set_5dose_methods_prior","Set_5dose_methods_prior_SC2",2,"CRM","crm_cumu_crm",NA,NA,"cumu_crm",NA,0,0,0.0714,28,3,1,1,1,0.05,0.05,0.1018,NA,NA,NA,0,3.0527,3.0527,0,29.986,20.3928,0.0517,333.8562,1935,1935,"0.15,0.2,0.3,0.35,0.45",0,1.4142,0.15,0.85,NA,NA,NA,NA,NA,NA,NA,NA,NA,NA,NA,NA,NA,NA,NA,"15,20,30,35,45","0.62828086,0.83770782,1.25656172,1.46598868,1.88484259",-2.8,2,1,2.5,1.6,1,0
"Set_5dose_methods_prior","Set_5dose_methods_prior_SC2",2,"CRM","crm_cumu_crm",NA,NA,"cumu_crm",NA,0,0,0.0714,28,3,1,1,2,0.1,0.1,0.1277,NA,NA,NA,0.8786,3.4202,3.4202,2.8848,29.986,20.3928,0.0517,333.8562,1935,1935,"0.15,0.2,0.3,0.35,0.45",0,1.4142,0.15,0.85,NA,NA,NA,NA,NA,NA,NA,NA,NA,NA,NA,NA,NA,NA,NA,"15,20,30,35,45","0.62828086,0.83770782,1.25656172,1.46598868,1.88484259",-2.8,2,1,2.5,1.6,1,0
"Set_5dose_methods_prior","Set_5dose_methods_prior_SC2",2,"CRM","crm_cumu_crm",NA,NA,"cumu_crm",NA,0,0,0.0714,28,3,1,1,3,0.18,0.18,0.2001,NA,NA,NA,13.6951,5.0062,5.0062,2.9152,29.986,20.3928,0.0517,333.8562,1935,1935,"0.15,0.2,0.3,0.35,0.45",0,1.4142,0.15,0.85,NA,NA,NA,NA,NA,NA,NA,NA,NA,NA,NA,NA,NA,NA,NA,"15,20,30,35,45","0.62828086,0.83770782,1.25656172,1.46598868,1.88484259",-2.8,2,1,2.5,1.6,1,0
"Set_5dose_methods_prior","Set_5dose_methods_prior_SC2",2,"CRM","crm_cumu_crm",NA,NA,"cumu_crm",NA,0,0,0.0714,28,3,1,1,4,0.3,0.3,0.2477,NA,NA,NA,38.1395,7.7783,7.7783,1.1059,29.986,20.3928,0.0517,333.8562,1935,1935,"0.15,0.2,0.3,0.35,0.45",0,1.4142,0.15,0.85,NA,NA,NA,NA,NA,NA,NA,NA,NA,NA,NA,NA,NA,NA,NA,"15,20,30,35,45","0.62828086,0.83770782,1.25656172,1.46598868,1.88484259",-2.8,2,1,2.5,1.6,1,0
"Set_5dose_methods_prior","Set_5dose_methods_prior_SC2",2,"CRM","crm_cumu_crm",NA,NA,"cumu_crm",NA,0,0,0.0714,28,3,1,1,5,0.4,0.4,0.3612,NA,NA,NA,47.2351,10.7287,10.7287,2.6873,29.986,20.3928,0.0517,333.8562,1935,1935,"0.15,0.2,0.3,0.35,0.45",0,1.4142,0.15,0.85,NA,NA,NA,NA,NA,NA,NA,NA,NA,NA,NA,NA,NA,NA,NA,"15,20,30,35,45","0.62828086,0.83770782,1.25656172,1.46598868,1.88484259",-2.8,2,1,2.5,1.6,1,0
"Set_5dose_methods_prior","Set_5dose_methods_prior_SC2",2,"CRM","crm_fixed",NA,NA,"fixed",NA,0.3,0,0.0714,28,1,1,1,1,0.05,0.05,0.1039,0,NA,NA,0,3.6574,3.6574,0,29.986,29.986,0.0517,437.8742,1935,1935,"0.15,0.2,0.3,0.35,0.45",0,1.4142,0.15,0.85,NA,NA,NA,NA,NA,NA,NA,NA,NA,NA,NA,NA,NA,NA,NA,NA,NA,NA,NA,NA,NA,NA,NA,NA
"Set_5dose_methods_prior","Set_5dose_methods_prior_SC2",2,"CRM","crm_fixed",NA,NA,"fixed",NA,0.3,0,0.0714,28,1,1,1,2,0.1,0.115,0.1426,NA,NA,NA,2.0155,3.8605,3.8605,0,29.986,29.986,0.0517,437.8742,1935,1935,"0.15,0.2,0.3,0.35,0.45",0,1.4142,0.15,0.85,NA,NA,NA,NA,NA,NA,NA,NA,NA,NA,NA,NA,NA,NA,NA,NA,NA,NA,NA,NA,NA,NA,NA,NA
"Set_5dose_methods_prior","Set_5dose_methods_prior_SC2",2,"CRM","crm_fixed",NA,NA,"fixed",NA,0.3,0,0.0714,28,1,1,1,3,0.18,0.21,0.2259,NA,NA,NA,20.8786,6.5101,6.5101,0,29.986,29.986,0.0517,437.8742,1935,1935,"0.15,0.2,0.3,0.35,0.45",0,1.4142,0.15,0.85,NA,NA,NA,NA,NA,NA,NA,NA,NA,NA,NA,NA,NA,NA,NA,NA,NA,NA,NA,NA,NA,NA,NA,NA
"Set_5dose_methods_prior","Set_5dose_methods_prior_SC2",2,"CRM","crm_fixed",NA,NA,"fixed",NA,0.3,0,0.0714,28,1,1,1,4,0.3,0.354,0.2704,NA,NA,NA,41.6021,7.8233,7.8233,0,29.986,29.986,0.0517,437.8742,1935,1935,"0.15,0.2,0.3,0.35,0.45",0,1.4142,0.15,0.85,NA,NA,NA,NA,NA,NA,NA,NA,NA,NA,NA,NA,NA,NA,NA,NA,NA,NA,NA,NA,NA,NA,NA,NA
"Set_5dose_methods_prior","Set_5dose_methods_prior_SC2",2,"CRM","crm_fixed",NA,NA,"fixed",NA,0.3,0,0.0714,28,1,1,1,5,0.4,0.49,0.3647,NA,NA,NA,35.4522,8.1349,8.1349,0,29.986,29.986,0.0517,437.8742,1935,1935,"0.15,0.2,0.3,0.35,0.45",0,1.4142,0.15,0.85,NA,NA,NA,NA,NA,NA,NA,NA,NA,NA,NA,NA,NA,NA,NA,NA,NA,NA,NA,NA,NA,NA,NA,NA
"Set_5dose_methods_prior","Set_5dose_methods_prior_SC2",2,"CRM","crm_level",NA,NA,"level",NA,0.3,0,0.0714,28,1,1,1,1,0.05,0.05,0.1038,NA,NA,NA,0,3.6605,3.6605,0,29.986,29.986,0.0517,437.8742,1935,1935,"0.15,0.2,0.3,0.35,0.45",0,1.4142,0.15,0.85,NA,NA,NA,NA,NA,NA,NA,NA,NA,NA,NA,NA,NA,NA,NA,NA,NA,NA,NA,NA,NA,NA,NA,NA
"Set_5dose_methods_prior","Set_5dose_methods_prior_SC2",2,"CRM","crm_level",NA,NA,"level",NA,0.3,0,0.0714,28,1,1,1,2,0.1,0.115,0.1424,0.0814,NA,NA,1.8605,3.8558,3.8558,0,29.986,29.986,0.0517,437.8742,1935,1935,"0.15,0.2,0.3,0.35,0.45",0,1.4142,0.15,0.85,NA,NA,NA,NA,NA,NA,NA,NA,NA,NA,NA,NA,NA,NA,NA,NA,NA,NA,NA,NA,NA,NA,NA,NA
"Set_5dose_methods_prior","Set_5dose_methods_prior_SC2",2,"CRM","crm_level",NA,NA,"level",NA,0.3,0,0.0714,28,1,1,1,3,0.18,0.21,0.2257,0.0787,NA,NA,20.7752,6.4977,6.4977,0,29.986,29.986,0.0517,437.8742,1935,1935,"0.15,0.2,0.3,0.35,0.45",0,1.4142,0.15,0.85,NA,NA,NA,NA,NA,NA,NA,NA,NA,NA,NA,NA,NA,NA,NA,NA,NA,NA,NA,NA,NA,NA,NA,NA
"Set_5dose_methods_prior","Set_5dose_methods_prior_SC2",2,"CRM","crm_level",NA,NA,"level",NA,0.3,0,0.0714,28,1,1,1,4,0.3,0.354,0.2702,0.0876,NA,NA,41.9121,7.8372,7.8372,0,29.986,29.986,0.0517,437.8742,1935,1935,"0.15,0.2,0.3,0.35,0.45",0,1.4142,0.15,0.85,NA,NA,NA,NA,NA,NA,NA,NA,NA,NA,NA,NA,NA,NA,NA,NA,NA,NA,NA,NA,NA,NA,NA,NA
"Set_5dose_methods_prior","Set_5dose_methods_prior_SC2",2,"CRM","crm_level",NA,NA,"level",NA,0.3,0,0.0714,28,1,1,1,5,0.4,0.49,0.3644,0.1043,NA,NA,35.4005,8.1349,8.1349,0,29.986,29.986,0.0517,437.8742,1935,1935,"0.15,0.2,0.3,0.35,0.45",0,1.4142,0.15,0.85,NA,NA,NA,NA,NA,NA,NA,NA,NA,NA,NA,NA,NA,NA,NA,NA,NA,NA,NA,NA,NA,NA,NA,NA
"Set_5dose_methods_prior","Set_5dose_methods_prior_SC2",2,"CRM","crm_random",NA,NA,"random",NA,0.3,0,0.0714,28,1,1,1,1,0.05,0.05,0.1039,0.0839,NA,NA,0,3.6605,3.6605,0,29.986,29.986,0.0517,437.8742,1935,1935,"0.15,0.2,0.3,0.35,0.45",0,1.4142,0.15,0.85,NA,NA,NA,NA,NA,NA,NA,NA,NA,NA,NA,NA,NA,NA,NA,NA,NA,NA,NA,NA,NA,NA,NA,NA
"Set_5dose_methods_prior","Set_5dose_methods_prior_SC2",2,"CRM","crm_random",NA,NA,"random",NA,0.3,0,0.0714,28,1,1,1,2,0.1,0.115,0.1426,NA,NA,NA,1.8605,3.8558,3.8558,0,29.986,29.986,0.0517,437.8742,1935,1935,"0.15,0.2,0.3,0.35,0.45",0,1.4142,0.15,0.85,NA,NA,NA,NA,NA,NA,NA,NA,NA,NA,NA,NA,NA,NA,NA,NA,NA,NA,NA,NA,NA,NA,NA,NA
"Set_5dose_methods_prior","Set_5dose_methods_prior_SC2",2,"CRM","crm_random",NA,NA,"random",NA,0.3,0,0.0714,28,1,1,1,3,0.18,0.21,0.2259,NA,NA,NA,20.8786,6.507,6.507,0,29.986,29.986,0.0517,437.8742,1935,1935,"0.15,0.2,0.3,0.35,0.45",0,1.4142,0.15,0.85,NA,NA,NA,NA,NA,NA,NA,NA,NA,NA,NA,NA,NA,NA,NA,NA,NA,NA,NA,NA,NA,NA,NA,NA
"Set_5dose_methods_prior","Set_5dose_methods_prior_SC2",2,"CRM","crm_random",NA,NA,"random",NA,0.3,0,0.0714,28,1,1,1,4,0.3,0.354,0.2703,NA,NA,NA,41.9638,7.8667,7.8667,0,29.986,29.986,0.0517,437.8742,1935,1935,"0.15,0.2,0.3,0.35,0.45",0,1.4142,0.15,0.85,NA,NA,NA,NA,NA,NA,NA,NA,NA,NA,NA,NA,NA,NA,NA,NA,NA,NA,NA,NA,NA,NA,NA,NA
"Set_5dose_methods_prior","Set_5dose_methods_prior_SC2",2,"CRM","crm_random",NA,NA,"random",NA,0.3,0,0.0714,28,1,1,1,5,0.4,0.49,0.3646,NA,NA,NA,35.2455,8.0961,8.0961,0,29.986,29.986,0.0517,437.8742,1935,1935,"0.15,0.2,0.3,0.35,0.45",0,1.4142,0.15,0.85,NA,NA,NA,NA,NA,NA,NA,NA,NA,NA,NA,NA,NA,NA,NA,NA,NA,NA,NA,NA,NA,NA,NA,NA
"Set_5dose_methods_prior","Set_5dose_methods_prior_SC2",2,"CRM","crm_alpha_crm",NA,NA,"alpha_crm",NA,0.3,0,0.0714,28,1,1,1,1,0.05,0.05,0.104,NA,NA,NA,0,3.6589,3.6589,0,29.986,29.986,0.0517,437.8742,1935,1935,"0.15,0.2,0.3,0.35,0.45",0,1.4142,0.15,0.85,NA,NA,NA,NA,NA,NA,NA,NA,NA,NA,NA,NA,NA,"15,20,30,35,45",61,NA,NA,NA,NA,NA,NA,NA,NA,NA
"Set_5dose_methods_prior","Set_5dose_methods_prior_SC2",2,"CRM","crm_alpha_crm",NA,NA,"alpha_crm",NA,0.3,0,0.0714,28,1,1,1,2,0.1,0.115,0.1426,NA,NA,NA,1.8088,3.8512,3.8512,0,29.986,29.986,0.0517,437.8742,1935,1935,"0.15,0.2,0.3,0.35,0.45",0,1.4142,0.15,0.85,NA,NA,NA,NA,NA,NA,NA,NA,NA,NA,NA,NA,NA,"15,20,30,35,45",61,NA,NA,NA,NA,NA,NA,NA,NA,NA
"Set_5dose_methods_prior","Set_5dose_methods_prior_SC2",2,"CRM","crm_alpha_crm",NA,NA,"alpha_crm",NA,0.3,0,0.0714,28,1,1,1,3,0.18,0.21,0.2259,NA,NA,NA,20.6718,6.5054,6.5054,0,29.986,29.986,0.0517,437.8742,1935,1935,"0.15,0.2,0.3,0.35,0.45",0,1.4142,0.15,0.85,NA,NA,NA,NA,NA,NA,NA,NA,NA,NA,NA,NA,NA,"15,20,30,35,45",61,NA,NA,NA,NA,NA,NA,NA,NA,NA
"Set_5dose_methods_prior","Set_5dose_methods_prior_SC2",2,"CRM","crm_alpha_crm",NA,NA,"alpha_crm",NA,0.3,0,0.0714,28,1,1,1,4,0.3,0.354,0.2704,NA,NA,NA,42.0155,7.7736,7.7736,0,29.986,29.986,0.0517,437.8742,1935,1935,"0.15,0.2,0.3,0.35,0.45",0,1.4142,0.15,0.85,NA,NA,NA,NA,NA,NA,NA,NA,NA,NA,NA,NA,NA,"15,20,30,35,45",61,NA,NA,NA,NA,NA,NA,NA,NA,NA
"Set_5dose_methods_prior","Set_5dose_methods_prior_SC2",2,"CRM","crm_alpha_crm",NA,NA,"alpha_crm",NA,0.3,0,0.0714,28,1,1,1,5,0.4,0.49,0.3647,NA,NA,NA,35.4522,8.1969,8.1969,0,29.986,29.986,0.0517,437.8742,1935,1935,"0.15,0.2,0.3,0.35,0.45",0,1.4142,0.15,0.85,NA,NA,NA,NA,NA,NA,NA,NA,NA,NA,NA,NA,NA,"15,20,30,35,45",61,NA,NA,NA,NA,NA,NA,NA,NA,NA
"Set_5dose_methods_prior","Set_5dose_methods_prior_SC2",2,"CRM","crm_cumu_crm",NA,NA,"cumu_crm",NA,0.3,0,0.0714,28,1,1,1,1,0.05,0.05,0.1103,NA,NA,NA,0,3.0729,3.0729,0,29.986,29.986,0.0517,437.8742,1935,1935,"0.15,0.2,0.3,0.35,0.45",0,1.4142,0.15,0.85,NA,NA,NA,NA,NA,NA,NA,NA,NA,NA,NA,NA,NA,NA,NA,"15,20,30,35,45","0.62828086,0.83770782,1.25656172,1.46598868,1.88484259",-2.8,2,1,2.5,1.6,1,0
"Set_5dose_methods_prior","Set_5dose_methods_prior_SC2",2,"CRM","crm_cumu_crm",NA,NA,"cumu_crm",NA,0.3,0,0.0714,28,1,1,1,2,0.1,0.115,0.1401,NA,NA,NA,2.1189,4.031,4.031,0,29.986,29.986,0.0517,437.8742,1935,1935,"0.15,0.2,0.3,0.35,0.45",0,1.4142,0.15,0.85,NA,NA,NA,NA,NA,NA,NA,NA,NA,NA,NA,NA,NA,NA,NA,"15,20,30,35,45","0.62828086,0.83770782,1.25656172,1.46598868,1.88484259",-2.8,2,1,2.5,1.6,1,0
"Set_5dose_methods_prior","Set_5dose_methods_prior_SC2",2,"CRM","crm_cumu_crm",NA,NA,"cumu_crm",NA,0.3,0,0.0714,28,1,1,1,3,0.18,0.21,0.2235,NA,NA,NA,21.4987,6.7922,6.7922,0,29.986,29.986,0.0517,437.8742,1935,1935,"0.15,0.2,0.3,0.35,0.45",0,1.4142,0.15,0.85,NA,NA,NA,NA,NA,NA,NA,NA,NA,NA,NA,NA,NA,NA,NA,"15,20,30,35,45","0.62828086,0.83770782,1.25656172,1.46598868,1.88484259",-2.8,2,1,2.5,1.6,1,0
"Set_5dose_methods_prior","Set_5dose_methods_prior_SC2",2,"CRM","crm_cumu_crm",NA,NA,"cumu_crm",NA,0.3,0,0.0714,28,1,1,1,4,0.3,0.354,0.2776,NA,NA,NA,44.5995,8.8543,8.8543,0,29.986,29.986,0.0517,437.8742,1935,1935,"0.15,0.2,0.3,0.35,0.45",0,1.4142,0.15,0.85,NA,NA,NA,NA,NA,NA,NA,NA,NA,NA,NA,NA,NA,NA,NA,"15,20,30,35,45","0.62828086,0.83770782,1.25656172,1.46598868,1.88484259",-2.8,2,1,2.5,1.6,1,0
"Set_5dose_methods_prior","Set_5dose_methods_prior_SC2",2,"CRM","crm_cumu_crm",NA,NA,"cumu_crm",NA,0.3,0,0.0714,28,1,1,1,5,0.4,0.49,0.4022,NA,NA,NA,31.7313,7.2357,7.2357,0,29.986,29.986,0.0517,437.8742,1935,1935,"0.15,0.2,0.3,0.35,0.45",0,1.4142,0.15,0.85,NA,NA,NA,NA,NA,NA,NA,NA,NA,NA,NA,NA,NA,NA,NA,"15,20,30,35,45","0.62828086,0.83770782,1.25656172,1.46598868,1.88484259",-2.8,2,1,2.5,1.6,1,0
"Set_5dose_methods_prior","Set_5dose_methods_prior_SC2",2,"CRM","crm_fixed",NA,NA,"fixed",NA,0.3,0,0.0714,28,2,1,1,1,0.05,0.05,0.1098,0,NA,NA,0,3.7194,3.7194,0,29.986,21.5587,0.0517,347.7096,1935,1935,"0.15,0.2,0.3,0.35,0.45",0,1.4142,0.15,0.85,NA,NA,NA,NA,NA,NA,NA,NA,NA,NA,NA,NA,NA,NA,NA,NA,NA,NA,NA,NA,NA,NA,NA,NA
"Set_5dose_methods_prior","Set_5dose_methods_prior_SC2",2,"CRM","crm_fixed",NA,NA,"fixed",NA,0.3,0,0.0714,28,2,1,1,2,0.1,0.115,0.1496,NA,NA,NA,2.4289,4.0093,4.0093,3.3075,29.986,21.5587,0.0517,347.7096,1935,1935,"0.15,0.2,0.3,0.35,0.45",0,1.4142,0.15,0.85,NA,NA,NA,NA,NA,NA,NA,NA,NA,NA,NA,NA,NA,NA,NA,NA,NA,NA,NA,NA,NA,NA,NA,NA
"Set_5dose_methods_prior","Set_5dose_methods_prior_SC2",2,"CRM","crm_fixed",NA,NA,"fixed",NA,0.3,0,0.0714,28,2,1,1,3,0.18,0.21,0.2346,NA,NA,NA,25.0646,7.014,7.014,0.4532,29.986,21.5587,0.0517,347.7096,1935,1935,"0.15,0.2,0.3,0.35,0.45",0,1.4142,0.15,0.85,NA,NA,NA,NA,NA,NA,NA,NA,NA,NA,NA,NA,NA,NA,NA,NA,NA,NA,NA,NA,NA,NA,NA,NA
"Set_5dose_methods_prior","Set_5dose_methods_prior_SC2",2,"CRM","crm_fixed",NA,NA,"fixed",NA,0.3,0,0.0714,28,2,1,1,4,0.3,0.354,0.2797,NA,NA,NA,43.4625,8.1597,8.1597,3.754,29.986,21.5587,0.0517,347.7096,1935,1935,"0.15,0.2,0.3,0.35,0.45",0,1.4142,0.15,0.85,NA,NA,NA,NA,NA,NA,NA,NA,NA,NA,NA,NA,NA,NA,NA,NA,NA,NA,NA,NA,NA,NA,NA,NA
"Set_5dose_methods_prior","Set_5dose_methods_prior_SC2",2,"CRM","crm_fixed",NA,NA,"fixed",NA,0.3,0,0.0714,28,2,1,1,5,0.4,0.49,0.3745,NA,NA,NA,28.9922,7.0837,7.0837,0.9127,29.986,21.5587,0.0517,347.7096,1935,1935,"0.15,0.2,0.3,0.35,0.45",0,1.4142,0.15,0.85,NA,NA,NA,NA,NA,NA,NA,NA,NA,NA,NA,NA,NA,NA,NA,NA,NA,NA,NA,NA,NA,NA,NA,NA
"Set_5dose_methods_prior","Set_5dose_methods_prior_SC2",2,"CRM","crm_level",NA,NA,"level",NA,0.3,0,0.0714,28,2,1,1,1,0.05,0.05,0.1047,NA,NA,NA,0.155,3.6,3.6,0,29.986,21.8687,0.0517,349.7499,1935,1935,"0.15,0.2,0.3,0.35,0.45",0,1.4142,0.15,0.85,NA,NA,NA,NA,NA,NA,NA,NA,NA,NA,NA,NA,NA,NA,NA,NA,NA,NA,NA,NA,NA,NA,NA,NA
"Set_5dose_methods_prior","Set_5dose_methods_prior_SC2",2,"CRM","crm_level",NA,NA,"level",NA,0.3,0,0.0714,28,2,1,1,2,0.1,0.115,0.1434,0.0358,NA,NA,1.9638,3.8837,3.8837,3.2093,29.986,21.8687,0.0517,349.7499,1935,1935,"0.15,0.2,0.3,0.35,0.45",0,1.4142,0.15,0.85,NA,NA,NA,NA,NA,NA,NA,NA,NA,NA,NA,NA,NA,NA,NA,NA,NA,NA,NA,NA,NA,NA,NA,NA
"Set_5dose_methods_prior","Set_5dose_methods_prior_SC2",2,"CRM","crm_level",NA,NA,"level",NA,0.3,0,0.0714,28,2,1,1,3,0.18,0.21,0.2265,0.0741,NA,NA,23.7209,6.3349,6.3349,0.4646,29.986,21.8687,0.0517,349.7499,1935,1935,"0.15,0.2,0.3,0.35,0.45",0,1.4142,0.15,0.85,NA,NA,NA,NA,NA,NA,NA,NA,NA,NA,NA,NA,NA,NA,NA,NA,NA,NA,NA,NA,NA,NA,NA,NA
"Set_5dose_methods_prior","Set_5dose_methods_prior_SC2",2,"CRM","crm_level",NA,NA,"level",NA,0.3,0,0.0714,28,2,1,1,4,0.3,0.354,0.2708,0.0771,NA,NA,40.6718,7.6248,7.6248,3.5168,29.986,21.8687,0.0517,349.7499,1935,1935,"0.15,0.2,0.3,0.35,0.45",0,1.4142,0.15,0.85,NA,NA,NA,NA,NA,NA,NA,NA,NA,NA,NA,NA,NA,NA,NA,NA,NA,NA,NA,NA,NA,NA,NA,NA
"Set_5dose_methods_prior","Set_5dose_methods_prior_SC2",2,"CRM","crm_level",NA,NA,"level",NA,0.3,0,0.0714,28,2,1,1,5,0.4,0.49,0.3648,0.0991,NA,NA,33.4367,8.5426,8.5426,0.9266,29.986,21.8687,0.0517,349.7499,1935,1935,"0.15,0.2,0.3,0.35,0.45",0,1.4142,0.15,0.85,NA,NA,NA,NA,NA,NA,NA,NA,NA,NA,NA,NA,NA,NA,NA,NA,NA,NA,NA,NA,NA,NA,NA,NA
"Set_5dose_methods_prior","Set_5dose_methods_prior_SC2",2,"CRM","crm_random",NA,NA,"random",NA,0.3,0,0.0714,28,2,1,1,1,0.05,0.05,0.1055,0.0406,NA,NA,0.0517,3.5938,3.5938,0,29.986,21.83,0.0517,349.4723,1935,1935,"0.15,0.2,0.3,0.35,0.45",0,1.4142,0.15,0.85,NA,NA,NA,NA,NA,NA,NA,NA,NA,NA,NA,NA,NA,NA,NA,NA,NA,NA,NA,NA,NA,NA,NA,NA
"Set_5dose_methods_prior","Set_5dose_methods_prior_SC2",2,"CRM","crm_random",NA,NA,"random",NA,0.3,0,0.0714,28,2,1,1,2,0.1,0.115,0.1443,NA,NA,NA,2.1189,3.9194,3.9194,3.201,29.986,21.83,0.0517,349.4723,1935,1935,"0.15,0.2,0.3,0.35,0.45",0,1.4142,0.15,0.85,NA,NA,NA,NA,NA,NA,NA,NA,NA,NA,NA,NA,NA,NA,NA,NA,NA,NA,NA,NA,NA,NA,NA,NA
"Set_5dose_methods_prior","Set_5dose_methods_prior_SC2",2,"CRM","crm_random",NA,NA,"random",NA,0.3,0,0.0714,28,2,1,1,3,0.18,0.21,0.2276,NA,NA,NA,23.2558,6.4558,6.4558,0.4853,29.986,21.83,0.0517,349.4723,1935,1935,"0.15,0.2,0.3,0.35,0.45",0,1.4142,0.15,0.85,NA,NA,NA,NA,NA,NA,NA,NA,NA,NA,NA,NA,NA,NA,NA,NA,NA,NA,NA,NA,NA,NA,NA,NA
"Set_5dose_methods_prior","Set_5dose_methods_prior_SC2",2,"CRM","crm_random",NA,NA,"random",NA,0.3,0,0.0714,28,2,1,1,4,0.3,0.354,0.2721,NA,NA,NA,41.9638,7.7581,7.7581,3.5411,29.986,21.83,0.0517,349.4723,1935,1935,"0.15,0.2,0.3,0.35,0.45",0,1.4142,0.15,0.85,NA,NA,NA,NA,NA,NA,NA,NA,NA,NA,NA,NA,NA,NA,NA,NA,NA,NA,NA,NA,NA,NA,NA,NA
"Set_5dose_methods_prior","Set_5dose_methods_prior_SC2",2,"CRM","crm_random",NA,NA,"random",NA,0.3,0,0.0714,28,2,1,1,5,0.4,0.49,0.3661,NA,NA,NA,32.5581,8.2589,8.2589,0.9287,29.986,21.83,0.0517,349.4723,1935,1935,"0.15,0.2,0.3,0.35,0.45",0,1.4142,0.15,0.85,NA,NA,NA,NA,NA,NA,NA,NA,NA,NA,NA,NA,NA,NA,NA,NA,NA,NA,NA,NA,NA,NA,NA,NA
"Set_5dose_methods_prior","Set_5dose_methods_prior_SC2",2,"CRM","crm_alpha_crm",NA,NA,"alpha_crm",NA,0.3,0,0.0714,28,2,1,1,1,0.05,0.05,0.097,NA,NA,NA,0,3.5721,3.5721,0,29.986,22.1566,0.0517,351.3605,1935,1935,"0.15,0.2,0.3,0.35,0.45",0,1.4142,0.15,0.85,NA,NA,NA,NA,NA,NA,NA,NA,NA,NA,NA,NA,NA,"15,20,30,35,45",61,NA,NA,NA,NA,NA,NA,NA,NA,NA
"Set_5dose_methods_prior","Set_5dose_methods_prior_SC2",2,"CRM","crm_alpha_crm",NA,NA,"alpha_crm",NA,0.3,0,0.0714,28,2,1,1,2,0.1,0.115,0.1341,NA,NA,NA,1.7571,3.7876,3.7876,3.1664,29.986,22.1566,0.0517,351.3605,1935,1935,"0.15,0.2,0.3,0.35,0.45",0,1.4142,0.15,0.85,NA,NA,NA,NA,NA,NA,NA,NA,NA,NA,NA,NA,NA,"15,20,30,35,45",61,NA,NA,NA,NA,NA,NA,NA,NA,NA
"Set_5dose_methods_prior","Set_5dose_methods_prior_SC2",2,"CRM","crm_alpha_crm",NA,NA,"alpha_crm",NA,0.3,0,0.0714,28,2,1,1,3,0.18,0.21,0.2151,NA,NA,NA,19.0181,5.6031,5.6031,0.4362,29.986,22.1566,0.0517,351.3605,1935,1935,"0.15,0.2,0.3,0.35,0.45",0,1.4142,0.15,0.85,NA,NA,NA,NA,NA,NA,NA,NA,NA,NA,NA,NA,NA,"15,20,30,35,45",61,NA,NA,NA,NA,NA,NA,NA,NA,NA
"Set_5dose_methods_prior","Set_5dose_methods_prior_SC2",2,"CRM","crm_alpha_crm",NA,NA,"alpha_crm",NA,0.3,0,0.0714,28,2,1,1,4,0.3,0.354,0.2587,NA,NA,NA,39.3282,7.493,7.493,3.2248,29.986,22.1566,0.0517,351.3605,1935,1935,"0.15,0.2,0.3,0.35,0.45",0,1.4142,0.15,0.85,NA,NA,NA,NA,NA,NA,NA,NA,NA,NA,NA,NA,NA,"15,20,30,35,45",61,NA,NA,NA,NA,NA,NA,NA,NA,NA
"Set_5dose_methods_prior","Set_5dose_methods_prior_SC2",2,"CRM","crm_alpha_crm",NA,NA,"alpha_crm",NA,0.3,0,0.0714,28,2,1,1,5,0.4,0.49,0.3521,NA,NA,NA,39.845,9.5302,9.5302,1.0021,29.986,22.1566,0.0517,351.3605,1935,1935,"0.15,0.2,0.3,0.35,0.45",0,1.4142,0.15,0.85,NA,NA,NA,NA,NA,NA,NA,NA,NA,NA,NA,NA,NA,"15,20,30,35,45",61,NA,NA,NA,NA,NA,NA,NA,NA,NA
"Set_5dose_methods_prior","Set_5dose_methods_prior_SC2",2,"CRM","crm_cumu_crm",NA,NA,"cumu_crm",NA,0.3,0,0.0714,28,2,1,1,1,0.05,0.05,0.1044,NA,NA,NA,0,3.0589,3.0589,0,29.986,22.3225,0.0517,351.7007,1935,1935,"0.15,0.2,0.3,0.35,0.45",0,1.4142,0.15,0.85,NA,NA,NA,NA,NA,NA,NA,NA,NA,NA,NA,NA,NA,NA,NA,"15,20,30,35,45","0.62828086,0.83770782,1.25656172,1.46598868,1.88484259",-2.8,2,1,2.5,1.6,1,0
"Set_5dose_methods_prior","Set_5dose_methods_prior_SC2",2,"CRM","crm_cumu_crm",NA,NA,"cumu_crm",NA,0.3,0,0.0714,28,2,1,1,2,0.1,0.115,0.1317,NA,NA,NA,1.3953,3.8,3.8,2.8915,29.986,22.3225,0.0517,351.7007,1935,1935,"0.15,0.2,0.3,0.35,0.45",0,1.4142,0.15,0.85,NA,NA,NA,NA,NA,NA,NA,NA,NA,NA,NA,NA,NA,NA,NA,"15,20,30,35,45","0.62828086,0.83770782,1.25656172,1.46598868,1.88484259",-2.8,2,1,2.5,1.6,1,0
"Set_5dose_methods_prior","Set_5dose_methods_prior_SC2",2,"CRM","crm_cumu_crm",NA,NA,"cumu_crm",NA,0.3,0,0.0714,28,2,1,1,3,0.18,0.21,0.2083,NA,NA,NA,16.7442,5.6062,5.6062,0.5891,29.986,22.3225,0.0517,351.7007,1935,1935,"0.15,0.2,0.3,0.35,0.45",0,1.4142,0.15,0.85,NA,NA,NA,NA,NA,NA,NA,NA,NA,NA,NA,NA,NA,NA,NA,"15,20,30,35,45","0.62828086,0.83770782,1.25656172,1.46598868,1.88484259",-2.8,2,1,2.5,1.6,1,0
"Set_5dose_methods_prior","Set_5dose_methods_prior_SC2",2,"CRM","crm_cumu_crm",NA,NA,"cumu_crm",NA,0.3,0,0.0714,28,2,1,1,4,0.3,0.354,0.2585,NA,NA,NA,42.7907,7.9535,7.9535,3.109,29.986,22.3225,0.0517,351.7007,1935,1935,"0.15,0.2,0.3,0.35,0.45",0,1.4142,0.15,0.85,NA,NA,NA,NA,NA,NA,NA,NA,NA,NA,NA,NA,NA,NA,NA,"15,20,30,35,45","0.62828086,0.83770782,1.25656172,1.46598868,1.88484259",-2.8,2,1,2.5,1.6,1,0
"Set_5dose_methods_prior","Set_5dose_methods_prior_SC2",2,"CRM","crm_cumu_crm",NA,NA,"cumu_crm",NA,0.3,0,0.0714,28,2,1,1,5,0.4,0.49,0.3769,NA,NA,NA,39.0181,9.5674,9.5674,1.0739,29.986,22.3225,0.0517,351.7007,1935,1935,"0.15,0.2,0.3,0.35,0.45",0,1.4142,0.15,0.85,NA,NA,NA,NA,NA,NA,NA,NA,NA,NA,NA,NA,NA,NA,NA,"15,20,30,35,45","0.62828086,0.83770782,1.25656172,1.46598868,1.88484259",-2.8,2,1,2.5,1.6,1,0
"Set_5dose_methods_prior","Set_5dose_methods_prior_SC2",2,"CRM","crm_fixed",NA,NA,"fixed",NA,0.3,0,0.0714,28,3,1,1,1,0.05,0.05,0.1114,0,NA,NA,0,3.7287,3.7287,0,29.986,19.3649,0.0517,331.4561,1935,1935,"0.15,0.2,0.3,0.35,0.45",0,1.4142,0.15,0.85,NA,NA,NA,NA,NA,NA,NA,NA,NA,NA,NA,NA,NA,NA,NA,NA,NA,NA,NA,NA,NA,NA,NA,NA
"Set_5dose_methods_prior","Set_5dose_methods_prior_SC2",2,"CRM","crm_fixed",NA,NA,"fixed",NA,0.3,0,0.0714,28,3,1,1,2,0.1,0.115,0.1516,NA,NA,NA,2.6357,4.1101,4.1101,3.3245,29.986,19.3649,0.0517,331.4561,1935,1935,"0.15,0.2,0.3,0.35,0.45",0,1.4142,0.15,0.85,NA,NA,NA,NA,NA,NA,NA,NA,NA,NA,NA,NA,NA,NA,NA,NA,NA,NA,NA,NA,NA,NA,NA,NA
"Set_5dose_methods_prior","Set_5dose_methods_prior_SC2",2,"CRM","crm_fixed",NA,NA,"fixed",NA,0.3,0,0.0714,28,3,1,1,3,0.18,0.21,0.2371,NA,NA,NA,25.4264,7.1085,7.1085,3.3111,29.986,19.3649,0.0517,331.4561,1935,1935,"0.15,0.2,0.3,0.35,0.45",0,1.4142,0.15,0.85,NA,NA,NA,NA,NA,NA,NA,NA,NA,NA,NA,NA,NA,NA,NA,NA,NA,NA,NA,NA,NA,NA,NA,NA
"Set_5dose_methods_prior","Set_5dose_methods_prior_SC2",2,"CRM","crm_fixed",NA,NA,"fixed",NA,0.3,0,0.0714,28,3,1,1,4,0.3,0.354,0.2823,NA,NA,NA,44.9096,8.2264,8.2264,1.8222,29.986,19.3649,0.0517,331.4561,1935,1935,"0.15,0.2,0.3,0.35,0.45",0,1.4142,0.15,0.85,NA,NA,NA,NA,NA,NA,NA,NA,NA,NA,NA,NA,NA,NA,NA,NA,NA,NA,NA,NA,NA,NA,NA,NA
"Set_5dose_methods_prior","Set_5dose_methods_prior_SC2",2,"CRM","crm_fixed",NA,NA,"fixed",NA,0.3,0,0.0714,28,3,1,1,5,0.4,0.49,0.3773,NA,NA,NA,26.9767,6.8124,6.8124,2.1633,29.986,19.3649,0.0517,331.4561,1935,1935,"0.15,0.2,0.3,0.35,0.45",0,1.4142,0.15,0.85,NA,NA,NA,NA,NA,NA,NA,NA,NA,NA,NA,NA,NA,NA,NA,NA,NA,NA,NA,NA,NA,NA,NA,NA
"Set_5dose_methods_prior","Set_5dose_methods_prior_SC2",2,"CRM","crm_level",NA,NA,"level",NA,0.3,0,0.0714,28,3,1,1,1,0.05,0.05,0.1055,NA,NA,NA,0.0517,3.6062,3.6062,0,29.986,19.6429,0.0517,332.2635,1935,1935,"0.15,0.2,0.3,0.35,0.45",0,1.4142,0.15,0.85,NA,NA,NA,NA,NA,NA,NA,NA,NA,NA,NA,NA,NA,NA,NA,NA,NA,NA,NA,NA,NA,NA,NA,NA
"Set_5dose_methods_prior","Set_5dose_methods_prior_SC2",2,"CRM","crm_level",NA,NA,"level",NA,0.3,0,0.0714,28,3,1,1,2,0.1,0.115,0.1443,0.0382,NA,NA,2.5323,3.8853,3.8853,3.1979,29.986,19.6429,0.0517,332.2635,1935,1935,"0.15,0.2,0.3,0.35,0.45",0,1.4142,0.15,0.85,NA,NA,NA,NA,NA,NA,NA,NA,NA,NA,NA,NA,NA,NA,NA,NA,NA,NA,NA,NA,NA,NA,NA,NA
"Set_5dose_methods_prior","Set_5dose_methods_prior_SC2",2,"CRM","crm_level",NA,NA,"level",NA,0.3,0,0.0714,28,3,1,1,3,0.18,0.21,0.2276,0.0466,NA,NA,22.584,6.3271,6.3271,3.1819,29.986,19.6429,0.0517,332.2635,1935,1935,"0.15,0.2,0.3,0.35,0.45",0,1.4142,0.15,0.85,NA,NA,NA,NA,NA,NA,NA,NA,NA,NA,NA,NA,NA,NA,NA,NA,NA,NA,NA,NA,NA,NA,NA,NA
"Set_5dose_methods_prior","Set_5dose_methods_prior_SC2",2,"CRM","crm_level",NA,NA,"level",NA,0.3,0,0.0714,28,3,1,1,4,0.3,0.354,0.272,0.0794,NA,NA,42.9974,7.8853,7.8853,1.5612,29.986,19.6429,0.0517,332.2635,1935,1935,"0.15,0.2,0.3,0.35,0.45",0,1.4142,0.15,0.85,NA,NA,NA,NA,NA,NA,NA,NA,NA,NA,NA,NA,NA,NA,NA,NA,NA,NA,NA,NA,NA,NA,NA,NA
"Set_5dose_methods_prior","Set_5dose_methods_prior_SC2",2,"CRM","crm_level",NA,NA,"level",NA,0.3,0,0.0714,28,3,1,1,5,0.4,0.49,0.366,0.1081,NA,NA,31.7829,8.2822,8.2822,2.4021,29.986,19.6429,0.0517,332.2635,1935,1935,"0.15,0.2,0.3,0.35,0.45",0,1.4142,0.15,0.85,NA,NA,NA,NA,NA,NA,NA,NA,NA,NA,NA,NA,NA,NA,NA,NA,NA,NA,NA,NA,NA,NA,NA,NA
"Set_5dose_methods_prior","Set_5dose_methods_prior_SC2",2,"CRM","crm_random",NA,NA,"random",NA,0.3,0,0.0714,28,3,1,1,1,0.05,0.05,0.1072,0.0354,NA,NA,0.1034,3.5829,3.5829,0,29.986,19.599,0.0517,332.135,1935,1935,"0.15,0.2,0.3,0.35,0.45",0,1.4142,0.15,0.85,NA,NA,NA,NA,NA,NA,NA,NA,NA,NA,NA,NA,NA,NA,NA,NA,NA,NA,NA,NA,NA,NA,NA,NA
"Set_5dose_methods_prior","Set_5dose_methods_prior_SC2",2,"CRM","crm_random",NA,NA,"random",NA,0.3,0,0.0714,28,3,1,1,2,0.1,0.115,0.1462,NA,NA,NA,2.8424,3.907,3.907,3.1912,29.986,19.599,0.0517,332.135,1935,1935,"0.15,0.2,0.3,0.35,0.45",0,1.4142,0.15,0.85,NA,NA,NA,NA,NA,NA,NA,NA,NA,NA,NA,NA,NA,NA,NA,NA,NA,NA,NA,NA,NA,NA,NA,NA
"Set_5dose_methods_prior","Set_5dose_methods_prior_SC2",2,"CRM","crm_random",NA,NA,"random",NA,0.3,0,0.0714,28,3,1,1,3,0.18,0.21,0.23,NA,NA,NA,22.4289,6.4388,6.4388,3.2129,29.986,19.599,0.0517,332.135,1935,1935,"0.15,0.2,0.3,0.35,0.45",0,1.4142,0.15,0.85,NA,NA,NA,NA,NA,NA,NA,NA,NA,NA,NA,NA,NA,NA,NA,NA,NA,NA,NA,NA,NA,NA,NA,NA
"Set_5dose_methods_prior","Set_5dose_methods_prior_SC2",2,"CRM","crm_random",NA,NA,"random",NA,0.3,0,0.0714,28,3,1,1,4,0.3,0.354,0.2745,NA,NA,NA,42.739,7.9953,7.9953,1.6238,29.986,19.599,0.0517,332.135,1935,1935,"0.15,0.2,0.3,0.35,0.45",0,1.4142,0.15,0.85,NA,NA,NA,NA,NA,NA,NA,NA,NA,NA,NA,NA,NA,NA,NA,NA,NA,NA,NA,NA,NA,NA,NA,NA
"Set_5dose_methods_prior","Set_5dose_methods_prior_SC2",2,"CRM","crm_random",NA,NA,"random",NA,0.3,0,0.0714,28,3,1,1,5,0.4,0.49,0.3686,NA,NA,NA,31.8346,8.062,8.062,2.3592,29.986,19.599,0.0517,332.135,1935,1935,"0.15,0.2,0.3,0.35,0.45",0,1.4142,0.15,0.85,NA,NA,NA,NA,NA,NA,NA,NA,NA,NA,NA,NA,NA,NA,NA,NA,NA,NA,NA,NA,NA,NA,NA,NA
"Set_5dose_methods_prior","Set_5dose_methods_prior_SC2",2,"CRM","crm_alpha_crm",NA,NA,"alpha_crm",NA,0.3,0,0.0714,28,3,1,1,1,0.05,0.05,0.0962,NA,NA,NA,0,3.5752,3.5752,0,29.986,20.2506,0.0517,334.7645,1935,1935,"0.15,0.2,0.3,0.35,0.45",0,1.4142,0.15,0.85,NA,NA,NA,NA,NA,NA,NA,NA,NA,NA,NA,NA,NA,"15,20,30,35,45",61,NA,NA,NA,NA,NA,NA,NA,NA,NA
"Set_5dose_methods_prior","Set_5dose_methods_prior_SC2",2,"CRM","crm_alpha_crm",NA,NA,"alpha_crm",NA,0.3,0,0.0714,28,3,1,1,2,0.1,0.115,0.133,NA,NA,NA,1.6537,3.6605,3.6605,3.1623,29.986,20.2506,0.0517,334.7645,1935,1935,"0.15,0.2,0.3,0.35,0.45",0,1.4142,0.15,0.85,NA,NA,NA,NA,NA,NA,NA,NA,NA,NA,NA,NA,NA,"15,20,30,35,45",61,NA,NA,NA,NA,NA,NA,NA,NA,NA
"Set_5dose_methods_prior","Set_5dose_methods_prior_SC2",2,"CRM","crm_alpha_crm",NA,NA,"alpha_crm",NA,0.3,0,0.0714,28,3,1,1,3,0.18,0.21,0.2134,NA,NA,NA,17.2093,5.2171,5.2171,3.0677,29.986,20.2506,0.0517,334.7645,1935,1935,"0.15,0.2,0.3,0.35,0.45",0,1.4142,0.15,0.85,NA,NA,NA,NA,NA,NA,NA,NA,NA,NA,NA,NA,NA,"15,20,30,35,45",61,NA,NA,NA,NA,NA,NA,NA,NA,NA
"Set_5dose_methods_prior","Set_5dose_methods_prior_SC2",2,"CRM","crm_alpha_crm",NA,NA,"alpha_crm",NA,0.3,0,0.0714,28,3,1,1,4,0.3,0.354,0.2568,NA,NA,NA,39.7933,7.4822,7.4822,1.0568,29.986,20.2506,0.0517,334.7645,1935,1935,"0.15,0.2,0.3,0.35,0.45",0,1.4142,0.15,0.85,NA,NA,NA,NA,NA,NA,NA,NA,NA,NA,NA,NA,NA,"15,20,30,35,45",61,NA,NA,NA,NA,NA,NA,NA,NA,NA
"Set_5dose_methods_prior","Set_5dose_methods_prior_SC2",2,"CRM","crm_alpha_crm",NA,NA,"alpha_crm",NA,0.3,0,0.0714,28,3,1,1,5,0.4,0.49,0.3498,NA,NA,NA,41.292,10.0512,10.0512,2.4486,29.986,20.2506,0.0517,334.7645,1935,1935,"0.15,0.2,0.3,0.35,0.45",0,1.4142,0.15,0.85,NA,NA,NA,NA,NA,NA,NA,NA,NA,NA,NA,NA,NA,"15,20,30,35,45",61,NA,NA,NA,NA,NA,NA,NA,NA,NA
"Set_5dose_methods_prior","Set_5dose_methods_prior_SC2",2,"CRM","crm_cumu_crm",NA,NA,"cumu_crm",NA,0.3,0,0.0714,28,3,1,1,1,0.05,0.05,0.104,NA,NA,NA,0,3.0605,3.0605,0,29.986,20.2765,0.0517,333.6818,1935,1935,"0.15,0.2,0.3,0.35,0.45",0,1.4142,0.15,0.85,NA,NA,NA,NA,NA,NA,NA,NA,NA,NA,NA,NA,NA,NA,NA,"15,20,30,35,45","0.62828086,0.83770782,1.25656172,1.46598868,1.88484259",-2.8,2,1,2.5,1.6,1,0
"Set_5dose_methods_prior","Set_5dose_methods_prior_SC2",2,"CRM","crm_cumu_crm",NA,NA,"cumu_crm",NA,0.3,0,0.0714,28,3,1,1,2,0.1,0.115,0.1311,NA,NA,NA,1.2403,3.5442,3.5442,2.893,29.986,20.2765,0.0517,333.6818,1935,1935,"0.15,0.2,0.3,0.35,0.45",0,1.4142,0.15,0.85,NA,NA,NA,NA,NA,NA,NA,NA,NA,NA,NA,NA,NA,NA,NA,"15,20,30,35,45","0.62828086,0.83770782,1.25656172,1.46598868,1.88484259",-2.8,2,1,2.5,1.6,1,0
"Set_5dose_methods_prior","Set_5dose_methods_prior_SC2",2,"CRM","crm_cumu_crm",NA,NA,"cumu_crm",NA,0.3,0,0.0714,28,3,1,1,3,0.18,0.21,0.207,NA,NA,NA,16.5375,5.3256,5.3256,2.938,29.986,20.2765,0.0517,333.6818,1935,1935,"0.15,0.2,0.3,0.35,0.45",0,1.4142,0.15,0.85,NA,NA,NA,NA,NA,NA,NA,NA,NA,NA,NA,NA,NA,NA,NA,"15,20,30,35,45","0.62828086,0.83770782,1.25656172,1.46598868,1.88484259",-2.8,2,1,2.5,1.6,1,0
"Set_5dose_methods_prior","Set_5dose_methods_prior_SC2",2,"CRM","crm_cumu_crm",NA,NA,"cumu_crm",NA,0.3,0,0.0714,28,3,1,1,4,0.3,0.354,0.2568,NA,NA,NA,42.4289,8.2078,8.2078,1.2641,29.986,20.2765,0.0517,333.6818,1935,1935,"0.15,0.2,0.3,0.35,0.45",0,1.4142,0.15,0.85,NA,NA,NA,NA,NA,NA,NA,NA,NA,NA,NA,NA,NA,NA,NA,"15,20,30,35,45","0.62828086,0.83770782,1.25656172,1.46598868,1.88484259",-2.8,2,1,2.5,1.6,1,0
"Set_5dose_methods_prior","Set_5dose_methods_prior_SC2",2,"CRM","crm_cumu_crm",NA,NA,"cumu_crm",NA,0.3,0,0.0714,28,3,1,1,5,0.4,0.49,0.3744,NA,NA,NA,39.7416,9.8481,9.8481,2.6145,29.986,20.2765,0.0517,333.6818,1935,1935,"0.15,0.2,0.3,0.35,0.45",0,1.4142,0.15,0.85,NA,NA,NA,NA,NA,NA,NA,NA,NA,NA,NA,NA,NA,NA,NA,"15,20,30,35,45","0.62828086,0.83770782,1.25656172,1.46598868,1.88484259",-2.8,2,1,2.5,1.6,1,0
"Set_5dose_methods_prior","Set_5dose_methods_prior_SC2",2,"CRM","crm_fixed",NA,NA,"fixed",NA,0.6,0,0.0714,28,1,1,1,1,0.05,0.05,0.104,0,NA,NA,0,3.6589,3.6589,0,29.986,29.986,0.0517,437.8742,1935,1935,"0.15,0.2,0.3,0.35,0.45",0,1.4142,0.15,0.85,NA,NA,NA,NA,NA,NA,NA,NA,NA,NA,NA,NA,NA,NA,NA,NA,NA,NA,NA,NA,NA,NA,NA,NA
"Set_5dose_methods_prior","Set_5dose_methods_prior_SC2",2,"CRM","crm_fixed",NA,NA,"fixed",NA,0.6,0,0.0714,28,1,1,1,2,0.1,0.13,0.1427,NA,NA,NA,1.7571,3.845,3.845,0,29.986,29.986,0.0517,437.8742,1935,1935,"0.15,0.2,0.3,0.35,0.45",0,1.4142,0.15,0.85,NA,NA,NA,NA,NA,NA,NA,NA,NA,NA,NA,NA,NA,NA,NA,NA,NA,NA,NA,NA,NA,NA,NA,NA
"Set_5dose_methods_prior","Set_5dose_methods_prior_SC2",2,"CRM","crm_fixed",NA,NA,"fixed",NA,0.6,0,0.0714,28,1,1,1,3,0.18,0.24,0.226,NA,NA,NA,21.0336,6.5271,6.5271,0,29.986,29.986,0.0517,437.8742,1935,1935,"0.15,0.2,0.3,0.35,0.45",0,1.4142,0.15,0.85,NA,NA,NA,NA,NA,NA,NA,NA,NA,NA,NA,NA,NA,NA,NA,NA,NA,NA,NA,NA,NA,NA,NA,NA
"Set_5dose_methods_prior","Set_5dose_methods_prior_SC2",2,"CRM","crm_fixed",NA,NA,"fixed",NA,0.6,0,0.0714,28,1,1,1,4,0.3,0.408,0.2705,NA,NA,NA,42.0155,7.8465,7.8465,0,29.986,29.986,0.0517,437.8742,1935,1935,"0.15,0.2,0.3,0.35,0.45",0,1.4142,0.15,0.85,NA,NA,NA,NA,NA,NA,NA,NA,NA,NA,NA,NA,NA,NA,NA,NA,NA,NA,NA,NA,NA,NA,NA,NA
"Set_5dose_methods_prior","Set_5dose_methods_prior_SC2",2,"CRM","crm_fixed",NA,NA,"fixed",NA,0.6,0,0.0714,28,1,1,1,5,0.4,0.58,0.3647,NA,NA,NA,35.1421,8.1085,8.1085,0,29.986,29.986,0.0517,437.8742,1935,1935,"0.15,0.2,0.3,0.35,0.45",0,1.4142,0.15,0.85,NA,NA,NA,NA,NA,NA,NA,NA,NA,NA,NA,NA,NA,NA,NA,NA,NA,NA,NA,NA,NA,NA,NA,NA
"Set_5dose_methods_prior","Set_5dose_methods_prior_SC2",2,"CRM","crm_level",NA,NA,"level",NA,0.6,0,0.0714,28,1,1,1,1,0.05,0.05,0.1037,NA,NA,NA,0,3.6574,3.6574,0,29.986,29.986,0.0517,437.8742,1935,1935,"0.15,0.2,0.3,0.35,0.45",0,1.4142,0.15,0.85,NA,NA,NA,NA,NA,NA,NA,NA,NA,NA,NA,NA,NA,NA,NA,NA,NA,NA,NA,NA,NA,NA,NA,NA
"Set_5dose_methods_prior","Set_5dose_methods_prior_SC2",2,"CRM","crm_level",NA,NA,"level",NA,0.6,0,0.0714,28,1,1,1,2,0.1,0.13,0.1423,0.0802,NA,NA,1.7054,3.8465,3.8465,0,29.986,29.986,0.0517,437.8742,1935,1935,"0.15,0.2,0.3,0.35,0.45",0,1.4142,0.15,0.85,NA,NA,NA,NA,NA,NA,NA,NA,NA,NA,NA,NA,NA,NA,NA,NA,NA,NA,NA,NA,NA,NA,NA,NA
"Set_5dose_methods_prior","Set_5dose_methods_prior_SC2",2,"CRM","crm_level",NA,NA,"level",NA,0.6,0,0.0714,28,1,1,1,3,0.18,0.24,0.2256,0.077,NA,NA,20.9819,6.4899,6.4899,0,29.986,29.986,0.0517,437.8742,1935,1935,"0.15,0.2,0.3,0.35,0.45",0,1.4142,0.15,0.85,NA,NA,NA,NA,NA,NA,NA,NA,NA,NA,NA,NA,NA,NA,NA,NA,NA,NA,NA,NA,NA,NA,NA,NA
"Set_5dose_methods_prior","Set_5dose_methods_prior_SC2",2,"CRM","crm_level",NA,NA,"level",NA,0.6,0,0.0714,28,1,1,1,4,0.3,0.408,0.2701,0.0815,NA,NA,41.8605,7.8543,7.8543,0,29.986,29.986,0.0517,437.8742,1935,1935,"0.15,0.2,0.3,0.35,0.45",0,1.4142,0.15,0.85,NA,NA,NA,NA,NA,NA,NA,NA,NA,NA,NA,NA,NA,NA,NA,NA,NA,NA,NA,NA,NA,NA,NA,NA
"Set_5dose_methods_prior","Set_5dose_methods_prior_SC2",2,"CRM","crm_level",NA,NA,"level",NA,0.6,0,0.0714,28,1,1,1,5,0.4,0.58,0.3644,0.1008,NA,NA,35.4005,8.138,8.138,0,29.986,29.986,0.0517,437.8742,1935,1935,"0.15,0.2,0.3,0.35,0.45",0,1.4142,0.15,0.85,NA,NA,NA,NA,NA,NA,NA,NA,NA,NA,NA,NA,NA,NA,NA,NA,NA,NA,NA,NA,NA,NA,NA,NA
"Set_5dose_methods_prior","Set_5dose_methods_prior_SC2",2,"CRM","crm_random",NA,NA,"random",NA,0.6,0,0.0714,28,1,1,1,1,0.05,0.05,0.1039,0.0774,NA,NA,0,3.6589,3.6589,0,29.986,29.986,0.0517,437.8742,1935,1935,"0.15,0.2,0.3,0.35,0.45",0,1.4142,0.15,0.85,NA,NA,NA,NA,NA,NA,NA,NA,NA,NA,NA,NA,NA,NA,NA,NA,NA,NA,NA,NA,NA,NA,NA,NA
"Set_5dose_methods_prior","Set_5dose_methods_prior_SC2",2,"CRM","crm_random",NA,NA,"random",NA,0.6,0,0.0714,28,1,1,1,2,0.1,0.13,0.1426,NA,NA,NA,1.8605,3.8651,3.8651,0,29.986,29.986,0.0517,437.8742,1935,1935,"0.15,0.2,0.3,0.35,0.45",0,1.4142,0.15,0.85,NA,NA,NA,NA,NA,NA,NA,NA,NA,NA,NA,NA,NA,NA,NA,NA,NA,NA,NA,NA,NA,NA,NA,NA
"Set_5dose_methods_prior","Set_5dose_methods_prior_SC2",2,"CRM","crm_random",NA,NA,"random",NA,0.6,0,0.0714,28,1,1,1,3,0.18,0.24,0.2259,NA,NA,NA,21.137,6.4868,6.4868,0,29.986,29.986,0.0517,437.8742,1935,1935,"0.15,0.2,0.3,0.35,0.45",0,1.4142,0.15,0.85,NA,NA,NA,NA,NA,NA,NA,NA,NA,NA,NA,NA,NA,NA,NA,NA,NA,NA,NA,NA,NA,NA,NA,NA
"Set_5dose_methods_prior","Set_5dose_methods_prior_SC2",2,"CRM","crm_random",NA,NA,"random",NA,0.6,0,0.0714,28,1,1,1,4,0.3,0.408,0.2704,NA,NA,NA,41.3437,7.8434,7.8434,0,29.986,29.986,0.0517,437.8742,1935,1935,"0.15,0.2,0.3,0.35,0.45",0,1.4142,0.15,0.85,NA,NA,NA,NA,NA,NA,NA,NA,NA,NA,NA,NA,NA,NA,NA,NA,NA,NA,NA,NA,NA,NA,NA,NA
"Set_5dose_methods_prior","Set_5dose_methods_prior_SC2",2,"CRM","crm_random",NA,NA,"random",NA,0.6,0,0.0714,28,1,1,1,5,0.4,0.58,0.3647,NA,NA,NA,35.6072,8.1318,8.1318,0,29.986,29.986,0.0517,437.8742,1935,1935,"0.15,0.2,0.3,0.35,0.45",0,1.4142,0.15,0.85,NA,NA,NA,NA,NA,NA,NA,NA,NA,NA,NA,NA,NA,NA,NA,NA,NA,NA,NA,NA,NA,NA,NA,NA
"Set_5dose_methods_prior","Set_5dose_methods_prior_SC2",2,"CRM","crm_alpha_crm",NA,NA,"alpha_crm",NA,0.6,0,0.0714,28,1,1,1,1,0.05,0.05,0.104,NA,NA,NA,0,3.6589,3.6589,0,29.986,29.986,0.0517,437.8742,1935,1935,"0.15,0.2,0.3,0.35,0.45",0,1.4142,0.15,0.85,NA,NA,NA,NA,NA,NA,NA,NA,NA,NA,NA,NA,NA,"15,20,30,35,45",61,NA,NA,NA,NA,NA,NA,NA,NA,NA
"Set_5dose_methods_prior","Set_5dose_methods_prior_SC2",2,"CRM","crm_alpha_crm",NA,NA,"alpha_crm",NA,0.6,0,0.0714,28,1,1,1,2,0.1,0.13,0.1426,NA,NA,NA,1.8088,3.8512,3.8512,0,29.986,29.986,0.0517,437.8742,1935,1935,"0.15,0.2,0.3,0.35,0.45",0,1.4142,0.15,0.85,NA,NA,NA,NA,NA,NA,NA,NA,NA,NA,NA,NA,NA,"15,20,30,35,45",61,NA,NA,NA,NA,NA,NA,NA,NA,NA
"Set_5dose_methods_prior","Set_5dose_methods_prior_SC2",2,"CRM","crm_alpha_crm",NA,NA,"alpha_crm",NA,0.6,0,0.0714,28,1,1,1,3,0.18,0.24,0.2259,NA,NA,NA,20.6718,6.5054,6.5054,0,29.986,29.986,0.0517,437.8742,1935,1935,"0.15,0.2,0.3,0.35,0.45",0,1.4142,0.15,0.85,NA,NA,NA,NA,NA,NA,NA,NA,NA,NA,NA,NA,NA,"15,20,30,35,45",61,NA,NA,NA,NA,NA,NA,NA,NA,NA
"Set_5dose_methods_prior","Set_5dose_methods_prior_SC2",2,"CRM","crm_alpha_crm",NA,NA,"alpha_crm",NA,0.6,0,0.0714,28,1,1,1,4,0.3,0.408,0.2704,NA,NA,NA,42.0155,7.7736,7.7736,0,29.986,29.986,0.0517,437.8742,1935,1935,"0.15,0.2,0.3,0.35,0.45",0,1.4142,0.15,0.85,NA,NA,NA,NA,NA,NA,NA,NA,NA,NA,NA,NA,NA,"15,20,30,35,45",61,NA,NA,NA,NA,NA,NA,NA,NA,NA
"Set_5dose_methods_prior","Set_5dose_methods_prior_SC2",2,"CRM","crm_alpha_crm",NA,NA,"alpha_crm",NA,0.6,0,0.0714,28,1,1,1,5,0.4,0.58,0.3647,NA,NA,NA,35.4522,8.1969,8.1969,0,29.986,29.986,0.0517,437.8742,1935,1935,"0.15,0.2,0.3,0.35,0.45",0,1.4142,0.15,0.85,NA,NA,NA,NA,NA,NA,NA,NA,NA,NA,NA,NA,NA,"15,20,30,35,45",61,NA,NA,NA,NA,NA,NA,NA,NA,NA
"Set_5dose_methods_prior","Set_5dose_methods_prior_SC2",2,"CRM","crm_cumu_crm",NA,NA,"cumu_crm",NA,0.6,0,0.0714,28,1,1,1,1,0.05,0.05,0.1101,NA,NA,NA,0,3.0698,3.0698,0,29.986,29.986,0.0517,437.8742,1935,1935,"0.15,0.2,0.3,0.35,0.45",0,1.4142,0.15,0.85,NA,NA,NA,NA,NA,NA,NA,NA,NA,NA,NA,NA,NA,NA,NA,"15,20,30,35,45","0.62828086,0.83770782,1.25656172,1.46598868,1.88484259",-2.8,2,1,2.5,1.6,1,0
"Set_5dose_methods_prior","Set_5dose_methods_prior_SC2",2,"CRM","crm_cumu_crm",NA,NA,"cumu_crm",NA,0.6,0,0.0714,28,1,1,1,2,0.1,0.13,0.1399,NA,NA,NA,2.0672,4.0341,4.0341,0,29.986,29.986,0.0517,437.8742,1935,1935,"0.15,0.2,0.3,0.35,0.45",0,1.4142,0.15,0.85,NA,NA,NA,NA,NA,NA,NA,NA,NA,NA,NA,NA,NA,NA,NA,"15,20,30,35,45","0.62828086,0.83770782,1.25656172,1.46598868,1.88484259",-2.8,2,1,2.5,1.6,1,0
"Set_5dose_methods_prior","Set_5dose_methods_prior_SC2",2,"CRM","crm_cumu_crm",NA,NA,"cumu_crm",NA,0.6,0,0.0714,28,1,1,1,3,0.18,0.24,0.2233,NA,NA,NA,21.7571,6.7845,6.7845,0,29.986,29.986,0.0517,437.8742,1935,1935,"0.15,0.2,0.3,0.35,0.45",0,1.4142,0.15,0.85,NA,NA,NA,NA,NA,NA,NA,NA,NA,NA,NA,NA,NA,NA,NA,"15,20,30,35,45","0.62828086,0.83770782,1.25656172,1.46598868,1.88484259",-2.8,2,1,2.5,1.6,1,0
"Set_5dose_methods_prior","Set_5dose_methods_prior_SC2",2,"CRM","crm_cumu_crm",NA,NA,"cumu_crm",NA,0.6,0,0.0714,28,1,1,1,4,0.3,0.408,0.2774,NA,NA,NA,44.2894,8.8558,8.8558,0,29.986,29.986,0.0517,437.8742,1935,1935,"0.15,0.2,0.3,0.35,0.45",0,1.4142,0.15,0.85,NA,NA,NA,NA,NA,NA,NA,NA,NA,NA,NA,NA,NA,NA,NA,"15,20,30,35,45","0.62828086,0.83770782,1.25656172,1.46598868,1.88484259",-2.8,2,1,2.5,1.6,1,0
"Set_5dose_methods_prior","Set_5dose_methods_prior_SC2",2,"CRM","crm_cumu_crm",NA,NA,"cumu_crm",NA,0.6,0,0.0714,28,1,1,1,5,0.4,0.58,0.4022,NA,NA,NA,31.8346,7.2419,7.2419,0,29.986,29.986,0.0517,437.8742,1935,1935,"0.15,0.2,0.3,0.35,0.45",0,1.4142,0.15,0.85,NA,NA,NA,NA,NA,NA,NA,NA,NA,NA,NA,NA,NA,NA,NA,"15,20,30,35,45","0.62828086,0.83770782,1.25656172,1.46598868,1.88484259",-2.8,2,1,2.5,1.6,1,0
"Set_5dose_methods_prior","Set_5dose_methods_prior_SC2",2,"CRM","crm_fixed",NA,NA,"fixed",NA,0.6,0,0.0714,28,2,1,1,1,0.05,0.05,0.1162,0,NA,NA,0,3.7643,3.7643,0,29.986,21.3271,0.0517,346.7105,1935,1935,"0.15,0.2,0.3,0.35,0.45",0,1.4142,0.15,0.85,NA,NA,NA,NA,NA,NA,NA,NA,NA,NA,NA,NA,NA,NA,NA,NA,NA,NA,NA,NA,NA,NA,NA,NA
"Set_5dose_methods_prior","Set_5dose_methods_prior_SC2",2,"CRM","crm_fixed",NA,NA,"fixed",NA,0.6,0,0.0714,28,2,1,1,2,0.1,0.13,0.1573,NA,NA,NA,3.1525,4.1938,4.1938,3.3525,29.986,21.3271,0.0517,346.7105,1935,1935,"0.15,0.2,0.3,0.35,0.45",0,1.4142,0.15,0.85,NA,NA,NA,NA,NA,NA,NA,NA,NA,NA,NA,NA,NA,NA,NA,NA,NA,NA,NA,NA,NA,NA,NA,NA
"Set_5dose_methods_prior","Set_5dose_methods_prior_SC2",2,"CRM","crm_fixed",NA,NA,"fixed",NA,0.6,0,0.0714,28,2,1,1,3,0.18,0.24,0.244,NA,NA,NA,31.7829,7.6465,7.6465,0.523,29.986,21.3271,0.0517,346.7105,1935,1935,"0.15,0.2,0.3,0.35,0.45",0,1.4142,0.15,0.85,NA,NA,NA,NA,NA,NA,NA,NA,NA,NA,NA,NA,NA,NA,NA,NA,NA,NA,NA,NA,NA,NA,NA,NA
"Set_5dose_methods_prior","Set_5dose_methods_prior_SC2",2,"CRM","crm_fixed",NA,NA,"fixed",NA,0.6,0,0.0714,28,2,1,1,4,0.3,0.408,0.2895,NA,NA,NA,40.8786,8.2202,8.2202,3.9375,29.986,21.3271,0.0517,346.7105,1935,1935,"0.15,0.2,0.3,0.35,0.45",0,1.4142,0.15,0.85,NA,NA,NA,NA,NA,NA,NA,NA,NA,NA,NA,NA,NA,NA,NA,NA,NA,NA,NA,NA,NA,NA,NA,NA
"Set_5dose_methods_prior","Set_5dose_methods_prior_SC2",2,"CRM","crm_fixed",NA,NA,"fixed",NA,0.6,0,0.0714,28,2,1,1,5,0.4,0.58,0.3848,NA,NA,NA,24.1344,6.1612,6.1612,0.846,29.986,21.3271,0.0517,346.7105,1935,1935,"0.15,0.2,0.3,0.35,0.45",0,1.4142,0.15,0.85,NA,NA,NA,NA,NA,NA,NA,NA,NA,NA,NA,NA,NA,NA,NA,NA,NA,NA,NA,NA,NA,NA,NA,NA
"Set_5dose_methods_prior","Set_5dose_methods_prior_SC2",2,"CRM","crm_level",NA,NA,"level",NA,0.6,0,0.0714,28,2,1,1,1,0.05,0.05,0.1095,NA,NA,NA,0.155,3.6031,3.6031,0,29.986,21.7251,0.0517,349.3266,1935,1935,"0.15,0.2,0.3,0.35,0.45",0,1.4142,0.15,0.85,NA,NA,NA,NA,NA,NA,NA,NA,NA,NA,NA,NA,NA,NA,NA,NA,NA,NA,NA,NA,NA,NA,NA,NA
"Set_5dose_methods_prior","Set_5dose_methods_prior_SC2",2,"CRM","crm_level",NA,NA,"level",NA,0.6,0,0.0714,28,2,1,1,2,0.1,0.13,0.1491,0.0427,NA,NA,2.3773,4,4,3.2078,29.986,21.7251,0.0517,349.3266,1935,1935,"0.15,0.2,0.3,0.35,0.45",0,1.4142,0.15,0.85,NA,NA,NA,NA,NA,NA,NA,NA,NA,NA,NA,NA,NA,NA,NA,NA,NA,NA,NA,NA,NA,NA,NA,NA
"Set_5dose_methods_prior","Set_5dose_methods_prior_SC2",2,"CRM","crm_level",NA,NA,"level",NA,0.6,0,0.0714,28,2,1,1,3,0.18,0.24,0.2335,0.0777,NA,NA,28.1137,6.769,6.769,0.4966,29.986,21.7251,0.0517,349.3266,1935,1935,"0.15,0.2,0.3,0.35,0.45",0,1.4142,0.15,0.85,NA,NA,NA,NA,NA,NA,NA,NA,NA,NA,NA,NA,NA,NA,NA,NA,NA,NA,NA,NA,NA,NA,NA,NA
"Set_5dose_methods_prior","Set_5dose_methods_prior_SC2",2,"CRM","crm_level",NA,NA,"level",NA,0.6,0,0.0714,28,2,1,1,4,0.3,0.408,0.2782,0.0873,NA,NA,41.3953,7.8636,7.8636,3.6455,29.986,21.7251,0.0517,349.3266,1935,1935,"0.15,0.2,0.3,0.35,0.45",0,1.4142,0.15,0.85,NA,NA,NA,NA,NA,NA,NA,NA,NA,NA,NA,NA,NA,NA,NA,NA,NA,NA,NA,NA,NA,NA,NA,NA
"Set_5dose_methods_prior","Set_5dose_methods_prior_SC2",2,"CRM","crm_level",NA,NA,"level",NA,0.6,0,0.0714,28,2,1,1,5,0.4,0.58,0.3725,0.1125,NA,NA,27.907,7.7504,7.7504,0.9111,29.986,21.7251,0.0517,349.3266,1935,1935,"0.15,0.2,0.3,0.35,0.45",0,1.4142,0.15,0.85,NA,NA,NA,NA,NA,NA,NA,NA,NA,NA,NA,NA,NA,NA,NA,NA,NA,NA,NA,NA,NA,NA,NA,NA
"Set_5dose_methods_prior","Set_5dose_methods_prior_SC2",2,"CRM","crm_random",NA,NA,"random",NA,0.6,0,0.0714,28,2,1,1,1,0.05,0.05,0.1111,0.0505,NA,NA,0,3.5969,3.5969,0,29.986,21.6667,0.0517,348.6476,1935,1935,"0.15,0.2,0.3,0.35,0.45",0,1.4142,0.15,0.85,NA,NA,NA,NA,NA,NA,NA,NA,NA,NA,NA,NA,NA,NA,NA,NA,NA,NA,NA,NA,NA,NA,NA,NA
"Set_5dose_methods_prior","Set_5dose_methods_prior_SC2",2,"CRM","crm_random",NA,NA,"random",NA,0.6,0,0.0714,28,2,1,1,2,0.1,0.13,0.1508,NA,NA,NA,2.6357,4.0186,4.0186,3.2072,29.986,21.6667,0.0517,348.6476,1935,1935,"0.15,0.2,0.3,0.35,0.45",0,1.4142,0.15,0.85,NA,NA,NA,NA,NA,NA,NA,NA,NA,NA,NA,NA,NA,NA,NA,NA,NA,NA,NA,NA,NA,NA,NA,NA
"Set_5dose_methods_prior","Set_5dose_methods_prior_SC2",2,"CRM","crm_random",NA,NA,"random",NA,0.6,0,0.0714,28,2,1,1,3,0.18,0.24,0.2355,NA,NA,NA,29.1473,7.0093,7.0093,0.5328,29.986,21.6667,0.0517,348.6476,1935,1935,"0.15,0.2,0.3,0.35,0.45",0,1.4142,0.15,0.85,NA,NA,NA,NA,NA,NA,NA,NA,NA,NA,NA,NA,NA,NA,NA,NA,NA,NA,NA,NA,NA,NA,NA,NA
"Set_5dose_methods_prior","Set_5dose_methods_prior_SC2",2,"CRM","crm_random",NA,NA,"random",NA,0.6,0,0.0714,28,2,1,1,4,0.3,0.408,0.2803,NA,NA,NA,39.6899,7.9008,7.9008,3.6486,29.986,21.6667,0.0517,348.6476,1935,1935,"0.15,0.2,0.3,0.35,0.45",0,1.4142,0.15,0.85,NA,NA,NA,NA,NA,NA,NA,NA,NA,NA,NA,NA,NA,NA,NA,NA,NA,NA,NA,NA,NA,NA,NA,NA
"Set_5dose_methods_prior","Set_5dose_methods_prior_SC2",2,"CRM","crm_random",NA,NA,"random",NA,0.6,0,0.0714,28,2,1,1,5,0.4,0.58,0.3746,NA,NA,NA,28.4755,7.4605,7.4605,0.9307,29.986,21.6667,0.0517,348.6476,1935,1935,"0.15,0.2,0.3,0.35,0.45",0,1.4142,0.15,0.85,NA,NA,NA,NA,NA,NA,NA,NA,NA,NA,NA,NA,NA,NA,NA,NA,NA,NA,NA,NA,NA,NA,NA,NA
"Set_5dose_methods_prior","Set_5dose_methods_prior_SC2",2,"CRM","crm_alpha_crm",NA,NA,"alpha_crm",NA,0.6,0,0.0714,28,2,1,1,1,0.05,0.05,0.1011,NA,NA,NA,0,3.5845,3.5845,0,29.986,21.9251,0.0517,350.1881,1935,1935,"0.15,0.2,0.3,0.35,0.45",0,1.4142,0.15,0.85,NA,NA,NA,NA,NA,NA,NA,NA,NA,NA,NA,NA,NA,"15,20,30,35,45",61,NA,NA,NA,NA,NA,NA,NA,NA,NA
"Set_5dose_methods_prior","Set_5dose_methods_prior_SC2",2,"CRM","crm_alpha_crm",NA,NA,"alpha_crm",NA,0.6,0,0.0714,28,2,1,1,2,0.1,0.13,0.1391,NA,NA,NA,2.0155,3.9023,3.9023,3.1798,29.986,21.9251,0.0517,350.1881,1935,1935,"0.15,0.2,0.3,0.35,0.45",0,1.4142,0.15,0.85,NA,NA,NA,NA,NA,NA,NA,NA,NA,NA,NA,NA,NA,"15,20,30,35,45",61,NA,NA,NA,NA,NA,NA,NA,NA,NA
"Set_5dose_methods_prior","Set_5dose_methods_prior_SC2",2,"CRM","crm_alpha_crm",NA,NA,"alpha_crm",NA,0.6,0,0.0714,28,2,1,1,3,0.18,0.24,0.2213,NA,NA,NA,22.2739,5.9798,5.9798,0.5085,29.986,21.9251,0.0517,350.1881,1935,1935,"0.15,0.2,0.3,0.35,0.45",0,1.4142,0.15,0.85,NA,NA,NA,NA,NA,NA,NA,NA,NA,NA,NA,NA,NA,"15,20,30,35,45",61,NA,NA,NA,NA,NA,NA,NA,NA,NA
"Set_5dose_methods_prior","Set_5dose_methods_prior_SC2",2,"CRM","crm_alpha_crm",NA,NA,"alpha_crm",NA,0.6,0,0.0714,28,2,1,1,4,0.3,0.408,0.2654,NA,NA,NA,41.8605,7.6946,7.6946,3.3261,29.986,21.9251,0.0517,350.1881,1935,1935,"0.15,0.2,0.3,0.35,0.45",0,1.4142,0.15,0.85,NA,NA,NA,NA,NA,NA,NA,NA,NA,NA,NA,NA,NA,"15,20,30,35,45",61,NA,NA,NA,NA,NA,NA,NA,NA,NA
"Set_5dose_methods_prior","Set_5dose_methods_prior_SC2",2,"CRM","crm_alpha_crm",NA,NA,"alpha_crm",NA,0.6,0,0.0714,28,2,1,1,5,0.4,0.58,0.3591,NA,NA,NA,33.7984,8.8248,8.8248,1.0465,29.986,21.9251,0.0517,350.1881,1935,1935,"0.15,0.2,0.3,0.35,0.45",0,1.4142,0.15,0.85,NA,NA,NA,NA,NA,NA,NA,NA,NA,NA,NA,NA,NA,"15,20,30,35,45",61,NA,NA,NA,NA,NA,NA,NA,NA,NA
"Set_5dose_methods_prior","Set_5dose_methods_prior_SC2",2,"CRM","crm_cumu_crm",NA,NA,"cumu_crm",NA,0.6,0,0.0714,28,2,1,1,1,0.05,0.05,0.1063,NA,NA,NA,0,3.062,3.062,0,29.986,22.1835,0.0517,351.0092,1935,1935,"0.15,0.2,0.3,0.35,0.45",0,1.4142,0.15,0.85,NA,NA,NA,NA,NA,NA,NA,NA,NA,NA,NA,NA,NA,NA,NA,"15,20,30,35,45","0.62828086,0.83770782,1.25656172,1.46598868,1.88484259",-2.8,2,1,2.5,1.6,1,0
"Set_5dose_methods_prior","Set_5dose_methods_prior_SC2",2,"CRM","crm_cumu_crm",NA,NA,"cumu_crm",NA,0.6,0,0.0714,28,2,1,1,2,0.1,0.13,0.1346,NA,NA,NA,1.7054,3.9132,3.9132,2.8946,29.986,22.1835,0.0517,351.0092,1935,1935,"0.15,0.2,0.3,0.35,0.45",0,1.4142,0.15,0.85,NA,NA,NA,NA,NA,NA,NA,NA,NA,NA,NA,NA,NA,NA,NA,"15,20,30,35,45","0.62828086,0.83770782,1.25656172,1.46598868,1.88484259",-2.8,2,1,2.5,1.6,1,0
"Set_5dose_methods_prior","Set_5dose_methods_prior_SC2",2,"CRM","crm_cumu_crm",NA,NA,"cumu_crm",NA,0.6,0,0.0714,28,2,1,1,3,0.18,0.24,0.2141,NA,NA,NA,21.0336,5.9023,5.9023,0.6475,29.986,22.1835,0.0517,351.0092,1935,1935,"0.15,0.2,0.3,0.35,0.45",0,1.4142,0.15,0.85,NA,NA,NA,NA,NA,NA,NA,NA,NA,NA,NA,NA,NA,NA,NA,"15,20,30,35,45","0.62828086,0.83770782,1.25656172,1.46598868,1.88484259",-2.8,2,1,2.5,1.6,1,0
"Set_5dose_methods_prior","Set_5dose_methods_prior_SC2",2,"CRM","crm_cumu_crm",NA,NA,"cumu_crm",NA,0.6,0,0.0714,28,2,1,1,4,0.3,0.408,0.2661,NA,NA,NA,43.1008,8.1628,8.1628,3.1447,29.986,22.1835,0.0517,351.0092,1935,1935,"0.15,0.2,0.3,0.35,0.45",0,1.4142,0.15,0.85,NA,NA,NA,NA,NA,NA,NA,NA,NA,NA,NA,NA,NA,NA,NA,"15,20,30,35,45","0.62828086,0.83770782,1.25656172,1.46598868,1.88484259",-2.8,2,1,2.5,1.6,1,0
"Set_5dose_methods_prior","Set_5dose_methods_prior_SC2",2,"CRM","crm_cumu_crm",NA,NA,"cumu_crm",NA,0.6,0,0.0714,28,2,1,1,5,0.4,0.58,0.3875,NA,NA,NA,34.1085,8.9457,8.9457,1.1158,29.986,22.1835,0.0517,351.0092,1935,1935,"0.15,0.2,0.3,0.35,0.45",0,1.4142,0.15,0.85,NA,NA,NA,NA,NA,NA,NA,NA,NA,NA,NA,NA,NA,NA,NA,"15,20,30,35,45","0.62828086,0.83770782,1.25656172,1.46598868,1.88484259",-2.8,2,1,2.5,1.6,1,0
"Set_5dose_methods_prior","Set_5dose_methods_prior_SC2",2,"CRM","crm_fixed",NA,NA,"fixed",NA,0.6,0,0.0714,28,3,1,1,1,0.05,0.05,0.1194,0,NA,NA,0,3.7845,3.7845,0,29.986,19.1457,0.0517,330.5003,1935,1935,"0.15,0.2,0.3,0.35,0.45",0,1.4142,0.15,0.85,NA,NA,NA,NA,NA,NA,NA,NA,NA,NA,NA,NA,NA,NA,NA,NA,NA,NA,NA,NA,NA,NA,NA,NA
"Set_5dose_methods_prior","Set_5dose_methods_prior_SC2",2,"CRM","crm_fixed",NA,NA,"fixed",NA,0.6,0,0.0714,28,3,1,1,2,0.1,0.13,0.1611,NA,NA,NA,3.7726,4.3705,4.3705,3.3845,29.986,19.1457,0.0517,330.5003,1935,1935,"0.15,0.2,0.3,0.35,0.45",0,1.4142,0.15,0.85,NA,NA,NA,NA,NA,NA,NA,NA,NA,NA,NA,NA,NA,NA,NA,NA,NA,NA,NA,NA,NA,NA,NA,NA
"Set_5dose_methods_prior","Set_5dose_methods_prior_SC2",2,"CRM","crm_fixed",NA,NA,"fixed",NA,0.6,0,0.0714,28,3,1,1,3,0.18,0.24,0.2488,NA,NA,NA,32.0413,7.8078,7.8078,3.416,29.986,19.1457,0.0517,330.5003,1935,1935,"0.15,0.2,0.3,0.35,0.45",0,1.4142,0.15,0.85,NA,NA,NA,NA,NA,NA,NA,NA,NA,NA,NA,NA,NA,NA,NA,NA,NA,NA,NA,NA,NA,NA,NA,NA
"Set_5dose_methods_prior","Set_5dose_methods_prior_SC2",2,"CRM","crm_fixed",NA,NA,"fixed",NA,0.6,0,0.0714,28,3,1,1,4,0.3,0.408,0.2947,NA,NA,NA,44.6512,8.5116,8.5116,2.0088,29.986,19.1457,0.0517,330.5003,1935,1935,"0.15,0.2,0.3,0.35,0.45",0,1.4142,0.15,0.85,NA,NA,NA,NA,NA,NA,NA,NA,NA,NA,NA,NA,NA,NA,NA,NA,NA,NA,NA,NA,NA,NA,NA,NA
"Set_5dose_methods_prior","Set_5dose_methods_prior_SC2",2,"CRM","crm_fixed",NA,NA,"fixed",NA,0.6,0,0.0714,28,3,1,1,5,0.4,0.58,0.3903,NA,NA,NA,19.4832,5.5116,5.5116,2.031,29.986,19.1457,0.0517,330.5003,1935,1935,"0.15,0.2,0.3,0.35,0.45",0,1.4142,0.15,0.85,NA,NA,NA,NA,NA,NA,NA,NA,NA,NA,NA,NA,NA,NA,NA,NA,NA,NA,NA,NA,NA,NA,NA,NA
"Set_5dose_methods_prior","Set_5dose_methods_prior_SC2",2,"CRM","crm_level",NA,NA,"level",NA,0.6,0,0.0714,28,3,1,1,1,0.05,0.05,0.1117,NA,NA,NA,0.155,3.6388,3.6388,0,29.986,19.3385,0.0517,331.0321,1935,1935,"0.15,0.2,0.3,0.35,0.45",0,1.4142,0.15,0.85,NA,NA,NA,NA,NA,NA,NA,NA,NA,NA,NA,NA,NA,NA,NA,NA,NA,NA,NA,NA,NA,NA,NA,NA
"Set_5dose_methods_prior","Set_5dose_methods_prior_SC2",2,"CRM","crm_level",NA,NA,"level",NA,0.6,0,0.0714,28,3,1,1,2,0.1,0.13,0.1516,0.0398,NA,NA,3.7209,4.0465,4.0465,3.2434,29.986,19.3385,0.0517,331.0321,1935,1935,"0.15,0.2,0.3,0.35,0.45",0,1.4142,0.15,0.85,NA,NA,NA,NA,NA,NA,NA,NA,NA,NA,NA,NA,NA,NA,NA,NA,NA,NA,NA,NA,NA,NA,NA,NA
"Set_5dose_methods_prior","Set_5dose_methods_prior_SC2",2,"CRM","crm_level",NA,NA,"level",NA,0.6,0,0.0714,28,3,1,1,3,0.18,0.24,0.2364,0.0515,NA,NA,27.3902,6.8961,6.8961,3.2496,29.986,19.3385,0.0517,331.0321,1935,1935,"0.15,0.2,0.3,0.35,0.45",0,1.4142,0.15,0.85,NA,NA,NA,NA,NA,NA,NA,NA,NA,NA,NA,NA,NA,NA,NA,NA,NA,NA,NA,NA,NA,NA,NA,NA
"Set_5dose_methods_prior","Set_5dose_methods_prior_SC2",2,"CRM","crm_level",NA,NA,"level",NA,0.6,0,0.0714,28,3,1,1,4,0.3,0.408,0.2812,0.0816,NA,NA,42.6873,8.1163,8.1163,1.7767,29.986,19.3385,0.0517,331.0321,1935,1935,"0.15,0.2,0.3,0.35,0.45",0,1.4142,0.15,0.85,NA,NA,NA,NA,NA,NA,NA,NA,NA,NA,NA,NA,NA,NA,NA,NA,NA,NA,NA,NA,NA,NA,NA,NA
"Set_5dose_methods_prior","Set_5dose_methods_prior_SC2",2,"CRM","crm_level",NA,NA,"level",NA,0.6,0,0.0714,28,3,1,1,5,0.4,0.58,0.3756,0.1263,NA,NA,25.9948,7.2884,7.2884,2.3778,29.986,19.3385,0.0517,331.0321,1935,1935,"0.15,0.2,0.3,0.35,0.45",0,1.4142,0.15,0.85,NA,NA,NA,NA,NA,NA,NA,NA,NA,NA,NA,NA,NA,NA,NA,NA,NA,NA,NA,NA,NA,NA,NA,NA
"Set_5dose_methods_prior","Set_5dose_methods_prior_SC2",2,"CRM","crm_random",NA,NA,"random",NA,0.6,0,0.0714,28,3,1,1,1,0.05,0.05,0.1132,0.0453,NA,NA,0.1034,3.631,3.631,0,29.986,19.4067,0.0517,331.1238,1935,1935,"0.15,0.2,0.3,0.35,0.45",0,1.4142,0.15,0.85,NA,NA,NA,NA,NA,NA,NA,NA,NA,NA,NA,NA,NA,NA,NA,NA,NA,NA,NA,NA,NA,NA,NA,NA
"Set_5dose_methods_prior","Set_5dose_methods_prior_SC2",2,"CRM","crm_random",NA,NA,"random",NA,0.6,0,0.0714,28,3,1,1,2,0.1,0.13,0.1533,NA,NA,NA,3.7209,4.0884,4.0884,3.2413,29.986,19.4067,0.0517,331.1238,1935,1935,"0.15,0.2,0.3,0.35,0.45",0,1.4142,0.15,0.85,NA,NA,NA,NA,NA,NA,NA,NA,NA,NA,NA,NA,NA,NA,NA,NA,NA,NA,NA,NA,NA,NA,NA,NA
"Set_5dose_methods_prior","Set_5dose_methods_prior_SC2",2,"CRM","crm_random",NA,NA,"random",NA,0.6,0,0.0714,28,3,1,1,3,0.18,0.24,0.2384,NA,NA,NA,27.7519,6.924,6.924,3.2424,29.986,19.4067,0.0517,331.1238,1935,1935,"0.15,0.2,0.3,0.35,0.45",0,1.4142,0.15,0.85,NA,NA,NA,NA,NA,NA,NA,NA,NA,NA,NA,NA,NA,NA,NA,NA,NA,NA,NA,NA,NA,NA,NA,NA
"Set_5dose_methods_prior","Set_5dose_methods_prior_SC2",2,"CRM","crm_random",NA,NA,"random",NA,0.6,0,0.0714,28,3,1,1,4,0.3,0.408,0.2834,NA,NA,NA,43.4625,8.1302,8.1302,1.7344,29.986,19.4067,0.0517,331.1238,1935,1935,"0.15,0.2,0.3,0.35,0.45",0,1.4142,0.15,0.85,NA,NA,NA,NA,NA,NA,NA,NA,NA,NA,NA,NA,NA,NA,NA,NA,NA,NA,NA,NA,NA,NA,NA,NA
"Set_5dose_methods_prior","Set_5dose_methods_prior_SC2",2,"CRM","crm_random",NA,NA,"random",NA,0.6,0,0.0714,28,3,1,1,5,0.4,0.58,0.3778,NA,NA,NA,24.9096,7.2124,7.2124,2.3612,29.986,19.4067,0.0517,331.1238,1935,1935,"0.15,0.2,0.3,0.35,0.45",0,1.4142,0.15,0.85,NA,NA,NA,NA,NA,NA,NA,NA,NA,NA,NA,NA,NA,NA,NA,NA,NA,NA,NA,NA,NA,NA,NA,NA
"Set_5dose_methods_prior","Set_5dose_methods_prior_SC2",2,"CRM","crm_alpha_crm",NA,NA,"alpha_crm",NA,0.6,0,0.0714,28,3,1,1,1,0.05,0.05,0.1006,NA,NA,NA,0,3.5829,3.5829,0,29.986,20.0031,0.0517,333.7489,1935,1935,"0.15,0.2,0.3,0.35,0.45",0,1.4142,0.15,0.85,NA,NA,NA,NA,NA,NA,NA,NA,NA,NA,NA,NA,NA,"15,20,30,35,45",61,NA,NA,NA,NA,NA,NA,NA,NA,NA
"Set_5dose_methods_prior","Set_5dose_methods_prior_SC2",2,"CRM","crm_alpha_crm",NA,NA,"alpha_crm",NA,0.6,0,0.0714,28,3,1,1,2,0.1,0.13,0.1383,NA,NA,NA,1.9121,3.8,3.8,3.1793,29.986,20.0031,0.0517,333.7489,1935,1935,"0.15,0.2,0.3,0.35,0.45",0,1.4142,0.15,0.85,NA,NA,NA,NA,NA,NA,NA,NA,NA,NA,NA,NA,NA,"15,20,30,35,45",61,NA,NA,NA,NA,NA,NA,NA,NA,NA
"Set_5dose_methods_prior","Set_5dose_methods_prior_SC2",2,"CRM","crm_alpha_crm",NA,NA,"alpha_crm",NA,0.6,0,0.0714,28,3,1,1,3,0.18,0.24,0.2201,NA,NA,NA,20.0517,5.6295,5.6295,3.1178,29.986,20.0031,0.0517,333.7489,1935,1935,"0.15,0.2,0.3,0.35,0.45",0,1.4142,0.15,0.85,NA,NA,NA,NA,NA,NA,NA,NA,NA,NA,NA,NA,NA,"15,20,30,35,45",61,NA,NA,NA,NA,NA,NA,NA,NA,NA
"Set_5dose_methods_prior","Set_5dose_methods_prior_SC2",2,"CRM","crm_alpha_crm",NA,NA,"alpha_crm",NA,0.6,0,0.0714,28,3,1,1,4,0.3,0.408,0.264,NA,NA,NA,42.6357,7.7488,7.7488,1.2269,29.986,20.0031,0.0517,333.7489,1935,1935,"0.15,0.2,0.3,0.35,0.45",0,1.4142,0.15,0.85,NA,NA,NA,NA,NA,NA,NA,NA,NA,NA,NA,NA,NA,"15,20,30,35,45",61,NA,NA,NA,NA,NA,NA,NA,NA,NA
"Set_5dose_methods_prior","Set_5dose_methods_prior_SC2",2,"CRM","crm_alpha_crm",NA,NA,"alpha_crm",NA,0.6,0,0.0714,28,3,1,1,5,0.4,0.58,0.3575,NA,NA,NA,35.3488,9.2248,9.2248,2.4589,29.986,20.0031,0.0517,333.7489,1935,1935,"0.15,0.2,0.3,0.35,0.45",0,1.4142,0.15,0.85,NA,NA,NA,NA,NA,NA,NA,NA,NA,NA,NA,NA,NA,"15,20,30,35,45",61,NA,NA,NA,NA,NA,NA,NA,NA,NA
"Set_5dose_methods_prior","Set_5dose_methods_prior_SC2",2,"CRM","crm_cumu_crm",NA,NA,"cumu_crm",NA,0.6,0,0.0714,28,3,1,1,1,0.05,0.05,0.1057,NA,NA,NA,0,3.0636,3.0636,0,29.986,20.1189,0.0517,333.0727,1935,1935,"0.15,0.2,0.3,0.35,0.45",0,1.4142,0.15,0.85,NA,NA,NA,NA,NA,NA,NA,NA,NA,NA,NA,NA,NA,NA,NA,"15,20,30,35,45","0.62828086,0.83770782,1.25656172,1.46598868,1.88484259",-2.8,2,1,2.5,1.6,1,0
"Set_5dose_methods_prior","Set_5dose_methods_prior_SC2",2,"CRM","crm_cumu_crm",NA,NA,"cumu_crm",NA,0.6,0,0.0714,28,3,1,1,2,0.1,0.13,0.1338,NA,NA,NA,1.7571,3.6543,3.6543,2.8961,29.986,20.1189,0.0517,333.0727,1935,1935,"0.15,0.2,0.3,0.35,0.45",0,1.4142,0.15,0.85,NA,NA,NA,NA,NA,NA,NA,NA,NA,NA,NA,NA,NA,NA,NA,"15,20,30,35,45","0.62828086,0.83770782,1.25656172,1.46598868,1.88484259",-2.8,2,1,2.5,1.6,1,0
"Set_5dose_methods_prior","Set_5dose_methods_prior_SC2",2,"CRM","crm_cumu_crm",NA,NA,"cumu_crm",NA,0.6,0,0.0714,28,3,1,1,3,0.18,0.24,0.2129,NA,NA,NA,19.4315,5.7163,5.7163,2.968,29.986,20.1189,0.0517,333.0727,1935,1935,"0.15,0.2,0.3,0.35,0.45",0,1.4142,0.15,0.85,NA,NA,NA,NA,NA,NA,NA,NA,NA,NA,NA,NA,NA,NA,NA,"15,20,30,35,45","0.62828086,0.83770782,1.25656172,1.46598868,1.88484259",-2.8,2,1,2.5,1.6,1,0
"Set_5dose_methods_prior","Set_5dose_methods_prior_SC2",2,"CRM","crm_cumu_crm",NA,NA,"cumu_crm",NA,0.6,0,0.0714,28,3,1,1,4,0.3,0.408,0.2647,NA,NA,NA,45.4264,8.5535,8.5535,1.3974,29.986,20.1189,0.0517,333.0727,1935,1935,"0.15,0.2,0.3,0.35,0.45",0,1.4142,0.15,0.85,NA,NA,NA,NA,NA,NA,NA,NA,NA,NA,NA,NA,NA,NA,NA,"15,20,30,35,45","0.62828086,0.83770782,1.25656172,1.46598868,1.88484259",-2.8,2,1,2.5,1.6,1,0
"Set_5dose_methods_prior","Set_5dose_methods_prior_SC2",2,"CRM","crm_cumu_crm",NA,NA,"cumu_crm",NA,0.6,0,0.0714,28,3,1,1,5,0.4,0.58,0.3863,NA,NA,NA,33.3333,8.9984,8.9984,2.6057,29.986,20.1189,0.0517,333.0727,1935,1935,"0.15,0.2,0.3,0.35,0.45",0,1.4142,0.15,0.85,NA,NA,NA,NA,NA,NA,NA,NA,NA,NA,NA,NA,NA,NA,NA,"15,20,30,35,45","0.62828086,0.83770782,1.25656172,1.46598868,1.88484259",-2.8,2,1,2.5,1.6,1,0
"Set_5dose_methods_prior","Set_5dose_methods_prior_SC2",2,"CRM","crm_fixed",NA,NA,"fixed",NA,0.9,0,0.0714,28,1,1,1,1,0.05,0.05,0.1036,0,NA,NA,0,3.662,3.662,0,29.986,29.986,0.0517,437.8742,1935,1935,"0.15,0.2,0.3,0.35,0.45",0,1.4142,0.15,0.85,NA,NA,NA,NA,NA,NA,NA,NA,NA,NA,NA,NA,NA,NA,NA,NA,NA,NA,NA,NA,NA,NA,NA,NA
"Set_5dose_methods_prior","Set_5dose_methods_prior_SC2",2,"CRM","crm_fixed",NA,NA,"fixed",NA,0.9,0,0.0714,28,1,1,1,2,0.1,0.145,0.1423,NA,NA,NA,1.7571,3.8419,3.8419,0,29.986,29.986,0.0517,437.8742,1935,1935,"0.15,0.2,0.3,0.35,0.45",0,1.4142,0.15,0.85,NA,NA,NA,NA,NA,NA,NA,NA,NA,NA,NA,NA,NA,NA,NA,NA,NA,NA,NA,NA,NA,NA,NA,NA
"Set_5dose_methods_prior","Set_5dose_methods_prior_SC2",2,"CRM","crm_fixed",NA,NA,"fixed",NA,0.9,0,0.0714,28,1,1,1,3,0.18,0.27,0.2255,NA,NA,NA,20.6202,6.5039,6.5039,0,29.986,29.986,0.0517,437.8742,1935,1935,"0.15,0.2,0.3,0.35,0.45",0,1.4142,0.15,0.85,NA,NA,NA,NA,NA,NA,NA,NA,NA,NA,NA,NA,NA,NA,NA,NA,NA,NA,NA,NA,NA,NA,NA,NA
"Set_5dose_methods_prior","Set_5dose_methods_prior_SC2",2,"CRM","crm_fixed",NA,NA,"fixed",NA,0.9,0,0.0714,28,1,1,1,4,0.3,0.462,0.27,NA,NA,NA,42.1705,7.831,7.831,0,29.986,29.986,0.0517,437.8742,1935,1935,"0.15,0.2,0.3,0.35,0.45",0,1.4142,0.15,0.85,NA,NA,NA,NA,NA,NA,NA,NA,NA,NA,NA,NA,NA,NA,NA,NA,NA,NA,NA,NA,NA,NA,NA,NA
"Set_5dose_methods_prior","Set_5dose_methods_prior_SC2",2,"CRM","crm_fixed",NA,NA,"fixed",NA,0.9,0,0.0714,28,1,1,1,5,0.4,0.67,0.3642,NA,NA,NA,35.4005,8.1473,8.1473,0,29.986,29.986,0.0517,437.8742,1935,1935,"0.15,0.2,0.3,0.35,0.45",0,1.4142,0.15,0.85,NA,NA,NA,NA,NA,NA,NA,NA,NA,NA,NA,NA,NA,NA,NA,NA,NA,NA,NA,NA,NA,NA,NA,NA
"Set_5dose_methods_prior","Set_5dose_methods_prior_SC2",2,"CRM","crm_level",NA,NA,"level",NA,0.9,0,0.0714,28,1,1,1,1,0.05,0.05,0.1038,NA,NA,NA,0,3.6589,3.6589,0,29.986,29.986,0.0517,437.8742,1935,1935,"0.15,0.2,0.3,0.35,0.45",0,1.4142,0.15,0.85,NA,NA,NA,NA,NA,NA,NA,NA,NA,NA,NA,NA,NA,NA,NA,NA,NA,NA,NA,NA,NA,NA,NA,NA
"Set_5dose_methods_prior","Set_5dose_methods_prior_SC2",2,"CRM","crm_level",NA,NA,"level",NA,0.9,0,0.0714,28,1,1,1,2,0.1,0.145,0.1424,0.085,NA,NA,1.8088,3.8496,3.8496,0,29.986,29.986,0.0517,437.8742,1935,1935,"0.15,0.2,0.3,0.35,0.45",0,1.4142,0.15,0.85,NA,NA,NA,NA,NA,NA,NA,NA,NA,NA,NA,NA,NA,NA,NA,NA,NA,NA,NA,NA,NA,NA,NA,NA
"Set_5dose_methods_prior","Set_5dose_methods_prior_SC2",2,"CRM","crm_level",NA,NA,"level",NA,0.9,0,0.0714,28,1,1,1,3,0.18,0.27,0.2257,0.0814,NA,NA,20.5168,6.507,6.507,0,29.986,29.986,0.0517,437.8742,1935,1935,"0.15,0.2,0.3,0.35,0.45",0,1.4142,0.15,0.85,NA,NA,NA,NA,NA,NA,NA,NA,NA,NA,NA,NA,NA,NA,NA,NA,NA,NA,NA,NA,NA,NA,NA,NA
"Set_5dose_methods_prior","Set_5dose_methods_prior_SC2",2,"CRM","crm_level",NA,NA,"level",NA,0.9,0,0.0714,28,1,1,1,4,0.3,0.462,0.2701,0.0847,NA,NA,42.3256,7.831,7.831,0,29.986,29.986,0.0517,437.8742,1935,1935,"0.15,0.2,0.3,0.35,0.45",0,1.4142,0.15,0.85,NA,NA,NA,NA,NA,NA,NA,NA,NA,NA,NA,NA,NA,NA,NA,NA,NA,NA,NA,NA,NA,NA,NA,NA
"Set_5dose_methods_prior","Set_5dose_methods_prior_SC2",2,"CRM","crm_level",NA,NA,"level",NA,0.9,0,0.0714,28,1,1,1,5,0.4,0.67,0.3644,0.1057,NA,NA,35.2972,8.1395,8.1395,0,29.986,29.986,0.0517,437.8742,1935,1935,"0.15,0.2,0.3,0.35,0.45",0,1.4142,0.15,0.85,NA,NA,NA,NA,NA,NA,NA,NA,NA,NA,NA,NA,NA,NA,NA,NA,NA,NA,NA,NA,NA,NA,NA,NA
"Set_5dose_methods_prior","Set_5dose_methods_prior_SC2",2,"CRM","crm_random",NA,NA,"random",NA,0.9,0,0.0714,28,1,1,1,1,0.05,0.05,0.1039,0.0806,NA,NA,0,3.6589,3.6589,0,29.986,29.986,0.0517,437.8742,1935,1935,"0.15,0.2,0.3,0.35,0.45",0,1.4142,0.15,0.85,NA,NA,NA,NA,NA,NA,NA,NA,NA,NA,NA,NA,NA,NA,NA,NA,NA,NA,NA,NA,NA,NA,NA,NA
"Set_5dose_methods_prior","Set_5dose_methods_prior_SC2",2,"CRM","crm_random",NA,NA,"random",NA,0.9,0,0.0714,28,1,1,1,2,0.1,0.145,0.1426,NA,NA,NA,1.8088,3.8512,3.8512,0,29.986,29.986,0.0517,437.8742,1935,1935,"0.15,0.2,0.3,0.35,0.45",0,1.4142,0.15,0.85,NA,NA,NA,NA,NA,NA,NA,NA,NA,NA,NA,NA,NA,NA,NA,NA,NA,NA,NA,NA,NA,NA,NA,NA
"Set_5dose_methods_prior","Set_5dose_methods_prior_SC2",2,"CRM","crm_random",NA,NA,"random",NA,0.9,0,0.0714,28,1,1,1,3,0.18,0.27,0.2259,NA,NA,NA,21.0853,6.5163,6.5163,0,29.986,29.986,0.0517,437.8742,1935,1935,"0.15,0.2,0.3,0.35,0.45",0,1.4142,0.15,0.85,NA,NA,NA,NA,NA,NA,NA,NA,NA,NA,NA,NA,NA,NA,NA,NA,NA,NA,NA,NA,NA,NA,NA,NA
"Set_5dose_methods_prior","Set_5dose_methods_prior_SC2",2,"CRM","crm_random",NA,NA,"random",NA,0.9,0,0.0714,28,1,1,1,4,0.3,0.462,0.2704,NA,NA,NA,41.8605,7.8682,7.8682,0,29.986,29.986,0.0517,437.8742,1935,1935,"0.15,0.2,0.3,0.35,0.45",0,1.4142,0.15,0.85,NA,NA,NA,NA,NA,NA,NA,NA,NA,NA,NA,NA,NA,NA,NA,NA,NA,NA,NA,NA,NA,NA,NA,NA
"Set_5dose_methods_prior","Set_5dose_methods_prior_SC2",2,"CRM","crm_random",NA,NA,"random",NA,0.9,0,0.0714,28,1,1,1,5,0.4,0.67,0.3647,NA,NA,NA,35.1938,8.0915,8.0915,0,29.986,29.986,0.0517,437.8742,1935,1935,"0.15,0.2,0.3,0.35,0.45",0,1.4142,0.15,0.85,NA,NA,NA,NA,NA,NA,NA,NA,NA,NA,NA,NA,NA,NA,NA,NA,NA,NA,NA,NA,NA,NA,NA,NA
"Set_5dose_methods_prior","Set_5dose_methods_prior_SC2",2,"CRM","crm_alpha_crm",NA,NA,"alpha_crm",NA,0.9,0,0.0714,28,1,1,1,1,0.05,0.05,0.104,NA,NA,NA,0,3.6589,3.6589,0,29.986,29.986,0.0517,437.8742,1935,1935,"0.15,0.2,0.3,0.35,0.45",0,1.4142,0.15,0.85,NA,NA,NA,NA,NA,NA,NA,NA,NA,NA,NA,NA,NA,"15,20,30,35,45",61,NA,NA,NA,NA,NA,NA,NA,NA,NA
"Set_5dose_methods_prior","Set_5dose_methods_prior_SC2",2,"CRM","crm_alpha_crm",NA,NA,"alpha_crm",NA,0.9,0,0.0714,28,1,1,1,2,0.1,0.145,0.1426,NA,NA,NA,1.8088,3.8512,3.8512,0,29.986,29.986,0.0517,437.8742,1935,1935,"0.15,0.2,0.3,0.35,0.45",0,1.4142,0.15,0.85,NA,NA,NA,NA,NA,NA,NA,NA,NA,NA,NA,NA,NA,"15,20,30,35,45",61,NA,NA,NA,NA,NA,NA,NA,NA,NA
"Set_5dose_methods_prior","Set_5dose_methods_prior_SC2",2,"CRM","crm_alpha_crm",NA,NA,"alpha_crm",NA,0.9,0,0.0714,28,1,1,1,3,0.18,0.27,0.2259,NA,NA,NA,20.6718,6.5054,6.5054,0,29.986,29.986,0.0517,437.8742,1935,1935,"0.15,0.2,0.3,0.35,0.45",0,1.4142,0.15,0.85,NA,NA,NA,NA,NA,NA,NA,NA,NA,NA,NA,NA,NA,"15,20,30,35,45",61,NA,NA,NA,NA,NA,NA,NA,NA,NA
"Set_5dose_methods_prior","Set_5dose_methods_prior_SC2",2,"CRM","crm_alpha_crm",NA,NA,"alpha_crm",NA,0.9,0,0.0714,28,1,1,1,4,0.3,0.462,0.2704,NA,NA,NA,42.0155,7.7736,7.7736,0,29.986,29.986,0.0517,437.8742,1935,1935,"0.15,0.2,0.3,0.35,0.45",0,1.4142,0.15,0.85,NA,NA,NA,NA,NA,NA,NA,NA,NA,NA,NA,NA,NA,"15,20,30,35,45",61,NA,NA,NA,NA,NA,NA,NA,NA,NA
"Set_5dose_methods_prior","Set_5dose_methods_prior_SC2",2,"CRM","crm_alpha_crm",NA,NA,"alpha_crm",NA,0.9,0,0.0714,28,1,1,1,5,0.4,0.67,0.3647,NA,NA,NA,35.4522,8.1969,8.1969,0,29.986,29.986,0.0517,437.8742,1935,1935,"0.15,0.2,0.3,0.35,0.45",0,1.4142,0.15,0.85,NA,NA,NA,NA,NA,NA,NA,NA,NA,NA,NA,NA,NA,"15,20,30,35,45",61,NA,NA,NA,NA,NA,NA,NA,NA,NA
"Set_5dose_methods_prior","Set_5dose_methods_prior_SC2",2,"CRM","crm_cumu_crm",NA,NA,"cumu_crm",NA,0.9,0,0.0714,28,1,1,1,1,0.05,0.05,0.1101,NA,NA,NA,0,3.0698,3.0698,0,29.986,29.986,0.0517,437.8742,1935,1935,"0.15,0.2,0.3,0.35,0.45",0,1.4142,0.15,0.85,NA,NA,NA,NA,NA,NA,NA,NA,NA,NA,NA,NA,NA,NA,NA,"15,20,30,35,45","0.62828086,0.83770782,1.25656172,1.46598868,1.88484259",-2.8,2,1,2.5,1.6,1,0
"Set_5dose_methods_prior","Set_5dose_methods_prior_SC2",2,"CRM","crm_cumu_crm",NA,NA,"cumu_crm",NA,0.9,0,0.0714,28,1,1,1,2,0.1,0.145,0.1399,NA,NA,NA,2.0155,4.0357,4.0357,0,29.986,29.986,0.0517,437.8742,1935,1935,"0.15,0.2,0.3,0.35,0.45",0,1.4142,0.15,0.85,NA,NA,NA,NA,NA,NA,NA,NA,NA,NA,NA,NA,NA,NA,NA,"15,20,30,35,45","0.62828086,0.83770782,1.25656172,1.46598868,1.88484259",-2.8,2,1,2.5,1.6,1,0
"Set_5dose_methods_prior","Set_5dose_methods_prior_SC2",2,"CRM","crm_cumu_crm",NA,NA,"cumu_crm",NA,0.9,0,0.0714,28,1,1,1,3,0.18,0.27,0.2235,NA,NA,NA,21.5504,6.7674,6.7674,0,29.986,29.986,0.0517,437.8742,1935,1935,"0.15,0.2,0.3,0.35,0.45",0,1.4142,0.15,0.85,NA,NA,NA,NA,NA,NA,NA,NA,NA,NA,NA,NA,NA,NA,NA,"15,20,30,35,45","0.62828086,0.83770782,1.25656172,1.46598868,1.88484259",-2.8,2,1,2.5,1.6,1,0
"Set_5dose_methods_prior","Set_5dose_methods_prior_SC2",2,"CRM","crm_cumu_crm",NA,NA,"cumu_crm",NA,0.9,0,0.0714,28,1,1,1,4,0.3,0.462,0.2777,NA,NA,NA,44.4961,8.8822,8.8822,0,29.986,29.986,0.0517,437.8742,1935,1935,"0.15,0.2,0.3,0.35,0.45",0,1.4142,0.15,0.85,NA,NA,NA,NA,NA,NA,NA,NA,NA,NA,NA,NA,NA,NA,NA,"15,20,30,35,45","0.62828086,0.83770782,1.25656172,1.46598868,1.88484259",-2.8,2,1,2.5,1.6,1,0
"Set_5dose_methods_prior","Set_5dose_methods_prior_SC2",2,"CRM","crm_cumu_crm",NA,NA,"cumu_crm",NA,0.9,0,0.0714,28,1,1,1,5,0.4,0.67,0.4026,NA,NA,NA,31.8863,7.231,7.231,0,29.986,29.986,0.0517,437.8742,1935,1935,"0.15,0.2,0.3,0.35,0.45",0,1.4142,0.15,0.85,NA,NA,NA,NA,NA,NA,NA,NA,NA,NA,NA,NA,NA,NA,NA,"15,20,30,35,45","0.62828086,0.83770782,1.25656172,1.46598868,1.88484259",-2.8,2,1,2.5,1.6,1,0
"Set_5dose_methods_prior","Set_5dose_methods_prior_SC2",2,"CRM","crm_fixed",NA,NA,"fixed",NA,0.9,0,0.0714,28,2,1,1,1,0.05,0.05,0.1225,0,NA,NA,0,3.831,3.831,0,29.986,21.2041,0.0517,345.4532,1935,1935,"0.15,0.2,0.3,0.35,0.45",0,1.4142,0.15,0.85,NA,NA,NA,NA,NA,NA,NA,NA,NA,NA,NA,NA,NA,NA,NA,NA,NA,NA,NA,NA,NA,NA,NA,NA
"Set_5dose_methods_prior","Set_5dose_methods_prior_SC2",2,"CRM","crm_fixed",NA,NA,"fixed",NA,0.9,0,0.0714,28,2,1,1,2,0.1,0.145,0.1647,NA,NA,NA,3.6176,4.3736,4.3736,3.4207,29.986,21.2041,0.0517,345.4532,1935,1935,"0.15,0.2,0.3,0.35,0.45",0,1.4142,0.15,0.85,NA,NA,NA,NA,NA,NA,NA,NA,NA,NA,NA,NA,NA,NA,NA,NA,NA,NA,NA,NA,NA,NA,NA,NA
"Set_5dose_methods_prior","Set_5dose_methods_prior_SC2",2,"CRM","crm_fixed",NA,NA,"fixed",NA,0.9,0,0.0714,28,2,1,1,3,0.18,0.27,0.253,NA,NA,NA,37.9328,8.2481,8.2481,0.586,29.986,21.2041,0.0517,345.4532,1935,1935,"0.15,0.2,0.3,0.35,0.45",0,1.4142,0.15,0.85,NA,NA,NA,NA,NA,NA,NA,NA,NA,NA,NA,NA,NA,NA,NA,NA,NA,NA,NA,NA,NA,NA,NA,NA
"Set_5dose_methods_prior","Set_5dose_methods_prior_SC2",2,"CRM","crm_fixed",NA,NA,"fixed",NA,0.9,0,0.0714,28,2,1,1,4,0.3,0.462,0.299,NA,NA,NA,40.0517,8.2388,8.2388,4.0336,29.986,21.2041,0.0517,345.4532,1935,1935,"0.15,0.2,0.3,0.35,0.45",0,1.4142,0.15,0.85,NA,NA,NA,NA,NA,NA,NA,NA,NA,NA,NA,NA,NA,NA,NA,NA,NA,NA,NA,NA,NA,NA,NA,NA
"Set_5dose_methods_prior","Set_5dose_methods_prior_SC2",2,"CRM","crm_fixed",NA,NA,"fixed",NA,0.9,0,0.0714,28,2,1,1,5,0.4,0.67,0.3947,NA,NA,NA,18.3463,5.2946,5.2946,0.7416,29.986,21.2041,0.0517,345.4532,1935,1935,"0.15,0.2,0.3,0.35,0.45",0,1.4142,0.15,0.85,NA,NA,NA,NA,NA,NA,NA,NA,NA,NA,NA,NA,NA,NA,NA,NA,NA,NA,NA,NA,NA,NA,NA,NA
"Set_5dose_methods_prior","Set_5dose_methods_prior_SC2",2,"CRM","crm_level",NA,NA,"level",NA,0.9,0,0.0714,28,2,1,1,1,0.05,0.05,0.1139,NA,NA,NA,0.2584,3.6109,3.6109,0,29.986,21.4537,0.0517,348.0087,1935,1935,"0.15,0.2,0.3,0.35,0.45",0,1.4142,0.15,0.85,NA,NA,NA,NA,NA,NA,NA,NA,NA,NA,NA,NA,NA,NA,NA,NA,NA,NA,NA,NA,NA,NA,NA,NA
"Set_5dose_methods_prior","Set_5dose_methods_prior_SC2",2,"CRM","crm_level",NA,NA,"level",NA,0.9,0,0.0714,28,2,1,1,2,0.1,0.145,0.1541,0.0472,NA,NA,3.6176,4.0899,4.0899,3.2305,29.986,21.4537,0.0517,348.0087,1935,1935,"0.15,0.2,0.3,0.35,0.45",0,1.4142,0.15,0.85,NA,NA,NA,NA,NA,NA,NA,NA,NA,NA,NA,NA,NA,NA,NA,NA,NA,NA,NA,NA,NA,NA,NA,NA
"Set_5dose_methods_prior","Set_5dose_methods_prior_SC2",2,"CRM","crm_level",NA,NA,"level",NA,0.9,0,0.0714,28,2,1,1,3,0.18,0.27,0.2395,0.0795,NA,NA,31.2661,7.1442,7.1442,0.5618,29.986,21.4537,0.0517,348.0087,1935,1935,"0.15,0.2,0.3,0.35,0.45",0,1.4142,0.15,0.85,NA,NA,NA,NA,NA,NA,NA,NA,NA,NA,NA,NA,NA,NA,NA,NA,NA,NA,NA,NA,NA,NA,NA,NA
"Set_5dose_methods_prior","Set_5dose_methods_prior_SC2",2,"CRM","crm_level",NA,NA,"level",NA,0.9,0,0.0714,28,2,1,1,4,0.3,0.462,0.2845,0.101,NA,NA,41.7054,8.1504,8.1504,3.7829,29.986,21.4537,0.0517,348.0087,1935,1935,"0.15,0.2,0.3,0.35,0.45",0,1.4142,0.15,0.85,NA,NA,NA,NA,NA,NA,NA,NA,NA,NA,NA,NA,NA,NA,NA,NA,NA,NA,NA,NA,NA,NA,NA,NA
"Set_5dose_methods_prior","Set_5dose_methods_prior_SC2",2,"CRM","crm_level",NA,NA,"level",NA,0.9,0,0.0714,28,2,1,1,5,0.4,0.67,0.379,0.1194,NA,NA,23.1008,6.9907,6.9907,0.9571,29.986,21.4537,0.0517,348.0087,1935,1935,"0.15,0.2,0.3,0.35,0.45",0,1.4142,0.15,0.85,NA,NA,NA,NA,NA,NA,NA,NA,NA,NA,NA,NA,NA,NA,NA,NA,NA,NA,NA,NA,NA,NA,NA,NA
"Set_5dose_methods_prior","Set_5dose_methods_prior_SC2",2,"CRM","crm_random",NA,NA,"random",NA,0.9,0,0.0714,28,2,1,1,1,0.05,0.05,0.1156,0.0634,NA,NA,0.2584,3.631,3.631,0,29.986,21.5044,0.0517,347.5591,1935,1935,"0.15,0.2,0.3,0.35,0.45",0,1.4142,0.15,0.85,NA,NA,NA,NA,NA,NA,NA,NA,NA,NA,NA,NA,NA,NA,NA,NA,NA,NA,NA,NA,NA,NA,NA,NA
"Set_5dose_methods_prior","Set_5dose_methods_prior_SC2",2,"CRM","crm_random",NA,NA,"random",NA,0.9,0,0.0714,28,2,1,1,2,0.1,0.145,0.1562,NA,NA,NA,3.3592,4.1519,4.1519,3.245,29.986,21.5044,0.0517,347.5591,1935,1935,"0.15,0.2,0.3,0.35,0.45",0,1.4142,0.15,0.85,NA,NA,NA,NA,NA,NA,NA,NA,NA,NA,NA,NA,NA,NA,NA,NA,NA,NA,NA,NA,NA,NA,NA,NA
"Set_5dose_methods_prior","Set_5dose_methods_prior_SC2",2,"CRM","crm_random",NA,NA,"random",NA,0.9,0,0.0714,28,2,1,1,3,0.18,0.27,0.2419,NA,NA,NA,33.0233,7.4093,7.4093,0.5948,29.986,21.5044,0.0517,347.5591,1935,1935,"0.15,0.2,0.3,0.35,0.45",0,1.4142,0.15,0.85,NA,NA,NA,NA,NA,NA,NA,NA,NA,NA,NA,NA,NA,NA,NA,NA,NA,NA,NA,NA,NA,NA,NA,NA
"Set_5dose_methods_prior","Set_5dose_methods_prior_SC2",2,"CRM","crm_random",NA,NA,"random",NA,0.9,0,0.0714,28,2,1,1,4,0.3,0.462,0.287,NA,NA,NA,40.9302,8.0496,8.0496,3.754,29.986,21.5044,0.0517,347.5591,1935,1935,"0.15,0.2,0.3,0.35,0.45",0,1.4142,0.15,0.85,NA,NA,NA,NA,NA,NA,NA,NA,NA,NA,NA,NA,NA,NA,NA,NA,NA,NA,NA,NA,NA,NA,NA,NA
"Set_5dose_methods_prior","Set_5dose_methods_prior_SC2",2,"CRM","crm_random",NA,NA,"random",NA,0.9,0,0.0714,28,2,1,1,5,0.4,0.67,0.3815,NA,NA,NA,22.3773,6.7442,6.7442,0.8879,29.986,21.5044,0.0517,347.5591,1935,1935,"0.15,0.2,0.3,0.35,0.45",0,1.4142,0.15,0.85,NA,NA,NA,NA,NA,NA,NA,NA,NA,NA,NA,NA,NA,NA,NA,NA,NA,NA,NA,NA,NA,NA,NA,NA
"Set_5dose_methods_prior","Set_5dose_methods_prior_SC2",2,"CRM","crm_alpha_crm",NA,NA,"alpha_crm",NA,0.9,0,0.0714,28,2,1,1,1,0.05,0.05,0.1057,NA,NA,NA,0.0517,3.6124,3.6124,0,29.986,21.7276,0.0517,349.2323,1935,1935,"0.15,0.2,0.3,0.35,0.45",0,1.4142,0.15,0.85,NA,NA,NA,NA,NA,NA,NA,NA,NA,NA,NA,NA,NA,"15,20,30,35,45",61,NA,NA,NA,NA,NA,NA,NA,NA,NA
"Set_5dose_methods_prior","Set_5dose_methods_prior_SC2",2,"CRM","crm_alpha_crm",NA,NA,"alpha_crm",NA,0.9,0,0.0714,28,2,1,1,2,0.1,0.145,0.1446,NA,NA,NA,2.8941,4.0558,4.0558,3.2134,29.986,21.7276,0.0517,349.2323,1935,1935,"0.15,0.2,0.3,0.35,0.45",0,1.4142,0.15,0.85,NA,NA,NA,NA,NA,NA,NA,NA,NA,NA,NA,NA,NA,"15,20,30,35,45",61,NA,NA,NA,NA,NA,NA,NA,NA,NA
"Set_5dose_methods_prior","Set_5dose_methods_prior_SC2",2,"CRM","crm_alpha_crm",NA,NA,"alpha_crm",NA,0.9,0,0.0714,28,2,1,1,3,0.18,0.27,0.2281,NA,NA,NA,25.6848,6.3256,6.3256,0.568,29.986,21.7276,0.0517,349.2323,1935,1935,"0.15,0.2,0.3,0.35,0.45",0,1.4142,0.15,0.85,NA,NA,NA,NA,NA,NA,NA,NA,NA,NA,NA,NA,NA,"15,20,30,35,45",61,NA,NA,NA,NA,NA,NA,NA,NA,NA
"Set_5dose_methods_prior","Set_5dose_methods_prior_SC2",2,"CRM","crm_alpha_crm",NA,NA,"alpha_crm",NA,0.9,0,0.0714,28,2,1,1,4,0.3,0.462,0.2726,NA,NA,NA,43.3075,7.9659,7.9659,3.4527,29.986,21.7276,0.0517,349.2323,1935,1935,"0.15,0.2,0.3,0.35,0.45",0,1.4142,0.15,0.85,NA,NA,NA,NA,NA,NA,NA,NA,NA,NA,NA,NA,NA,"15,20,30,35,45",61,NA,NA,NA,NA,NA,NA,NA,NA,NA
"Set_5dose_methods_prior","Set_5dose_methods_prior_SC2",2,"CRM","crm_alpha_crm",NA,NA,"alpha_crm",NA,0.9,0,0.0714,28,2,1,1,5,0.4,0.67,0.3668,NA,NA,NA,28.0103,8.0264,8.0264,1.0243,29.986,21.7276,0.0517,349.2323,1935,1935,"0.15,0.2,0.3,0.35,0.45",0,1.4142,0.15,0.85,NA,NA,NA,NA,NA,NA,NA,NA,NA,NA,NA,NA,NA,"15,20,30,35,45",61,NA,NA,NA,NA,NA,NA,NA,NA,NA
"Set_5dose_methods_prior","Set_5dose_methods_prior_SC2",2,"CRM","crm_cumu_crm",NA,NA,"cumu_crm",NA,0.9,0,0.0714,28,2,1,1,1,0.05,0.05,0.1079,NA,NA,NA,0,3.076,3.076,0,29.986,22.015,0.0517,350.3439,1935,1935,"0.15,0.2,0.3,0.35,0.45",0,1.4142,0.15,0.85,NA,NA,NA,NA,NA,NA,NA,NA,NA,NA,NA,NA,NA,NA,NA,"15,20,30,35,45","0.62828086,0.83770782,1.25656172,1.46598868,1.88484259",-2.8,2,1,2.5,1.6,1,0
"Set_5dose_methods_prior","Set_5dose_methods_prior_SC2",2,"CRM","crm_cumu_crm",NA,NA,"cumu_crm",NA,0.9,0,0.0714,28,2,1,1,2,0.1,0.145,0.137,NA,NA,NA,2.1189,4.0264,4.0264,2.908,29.986,22.015,0.0517,350.3439,1935,1935,"0.15,0.2,0.3,0.35,0.45",0,1.4142,0.15,0.85,NA,NA,NA,NA,NA,NA,NA,NA,NA,NA,NA,NA,NA,NA,NA,"15,20,30,35,45","0.62828086,0.83770782,1.25656172,1.46598868,1.88484259",-2.8,2,1,2.5,1.6,1,0
"Set_5dose_methods_prior","Set_5dose_methods_prior_SC2",2,"CRM","crm_cumu_crm",NA,NA,"cumu_crm",NA,0.9,0,0.0714,28,2,1,1,3,0.18,0.27,0.2187,NA,NA,NA,23.5659,6.1271,6.1271,0.7101,29.986,22.015,0.0517,350.3439,1935,1935,"0.15,0.2,0.3,0.35,0.45",0,1.4142,0.15,0.85,NA,NA,NA,NA,NA,NA,NA,NA,NA,NA,NA,NA,NA,NA,NA,"15,20,30,35,45","0.62828086,0.83770782,1.25656172,1.46598868,1.88484259",-2.8,2,1,2.5,1.6,1,0
"Set_5dose_methods_prior","Set_5dose_methods_prior_SC2",2,"CRM","crm_cumu_crm",NA,NA,"cumu_crm",NA,0.9,0,0.0714,28,2,1,1,4,0.3,0.462,0.2718,NA,NA,NA,44.4961,8.3535,8.3535,3.2098,29.986,22.015,0.0517,350.3439,1935,1935,"0.15,0.2,0.3,0.35,0.45",0,1.4142,0.15,0.85,NA,NA,NA,NA,NA,NA,NA,NA,NA,NA,NA,NA,NA,NA,NA,"15,20,30,35,45","0.62828086,0.83770782,1.25656172,1.46598868,1.88484259",-2.8,2,1,2.5,1.6,1,0
"Set_5dose_methods_prior","Set_5dose_methods_prior_SC2",2,"CRM","crm_cumu_crm",NA,NA,"cumu_crm",NA,0.9,0,0.0714,28,2,1,1,5,0.4,0.67,0.3952,NA,NA,NA,29.7674,8.4031,8.4031,1.1432,29.986,22.015,0.0517,350.3439,1935,1935,"0.15,0.2,0.3,0.35,0.45",0,1.4142,0.15,0.85,NA,NA,NA,NA,NA,NA,NA,NA,NA,NA,NA,NA,NA,NA,NA,"15,20,30,35,45","0.62828086,0.83770782,1.25656172,1.46598868,1.88484259",-2.8,2,1,2.5,1.6,1,0
"Set_5dose_methods_prior","Set_5dose_methods_prior_SC2",2,"CRM","crm_fixed",NA,NA,"fixed",NA,0.9,0,0.0714,28,3,1,1,1,0.05,0.05,0.1271,0,NA,NA,0.0517,3.8496,3.8496,0,29.986,19.1204,0.0517,330.3685,1935,1935,"0.15,0.2,0.3,0.35,0.45",0,1.4142,0.15,0.85,NA,NA,NA,NA,NA,NA,NA,NA,NA,NA,NA,NA,NA,NA,NA,NA,NA,NA,NA,NA,NA,NA,NA,NA
"Set_5dose_methods_prior","Set_5dose_methods_prior_SC2",2,"CRM","crm_fixed",NA,NA,"fixed",NA,0.9,0,0.0714,28,3,1,1,2,0.1,0.145,0.1702,NA,NA,NA,4.9612,4.6186,4.6186,3.4512,29.986,19.1204,0.0517,330.3685,1935,1935,"0.15,0.2,0.3,0.35,0.45",0,1.4142,0.15,0.85,NA,NA,NA,NA,NA,NA,NA,NA,NA,NA,NA,NA,NA,NA,NA,NA,NA,NA,NA,NA,NA,NA,NA,NA
"Set_5dose_methods_prior","Set_5dose_methods_prior_SC2",2,"CRM","crm_fixed",NA,NA,"fixed",NA,0.9,0,0.0714,28,3,1,1,3,0.18,0.27,0.2598,NA,NA,NA,37.6227,8.462,8.462,3.4935,29.986,19.1204,0.0517,330.3685,1935,1935,"0.15,0.2,0.3,0.35,0.45",0,1.4142,0.15,0.85,NA,NA,NA,NA,NA,NA,NA,NA,NA,NA,NA,NA,NA,NA,NA,NA,NA,NA,NA,NA,NA,NA,NA,NA
"Set_5dose_methods_prior","Set_5dose_methods_prior_SC2",2,"CRM","crm_fixed",NA,NA,"fixed",NA,0.9,0,0.0714,28,3,1,1,4,0.3,0.462,0.3063,NA,NA,NA,44.3928,8.5302,8.5302,2.1432,29.986,19.1204,0.0517,330.3685,1935,1935,"0.15,0.2,0.3,0.35,0.45",0,1.4142,0.15,0.85,NA,NA,NA,NA,NA,NA,NA,NA,NA,NA,NA,NA,NA,NA,NA,NA,NA,NA,NA,NA,NA,NA,NA,NA
"Set_5dose_methods_prior","Set_5dose_methods_prior_SC2",2,"CRM","crm_fixed",NA,NA,"fixed",NA,0.9,0,0.0714,28,3,1,1,5,0.4,0.67,0.4024,NA,NA,NA,12.9199,4.5256,4.5256,1.7778,29.986,19.1204,0.0517,330.3685,1935,1935,"0.15,0.2,0.3,0.35,0.45",0,1.4142,0.15,0.85,NA,NA,NA,NA,NA,NA,NA,NA,NA,NA,NA,NA,NA,NA,NA,NA,NA,NA,NA,NA,NA,NA,NA,NA
"Set_5dose_methods_prior","Set_5dose_methods_prior_SC2",2,"CRM","crm_level",NA,NA,"level",NA,0.9,0,0.0714,28,3,1,1,1,0.05,0.05,0.1178,NA,NA,NA,0.2584,3.6636,3.6636,0,29.986,19.215,0.0517,330.4778,1935,1935,"0.15,0.2,0.3,0.35,0.45",0,1.4142,0.15,0.85,NA,NA,NA,NA,NA,NA,NA,NA,NA,NA,NA,NA,NA,NA,NA,NA,NA,NA,NA,NA,NA,NA,NA,NA
"Set_5dose_methods_prior","Set_5dose_methods_prior_SC2",2,"CRM","crm_level",NA,NA,"level",NA,0.9,0,0.0714,28,3,1,1,2,0.1,0.145,0.1588,0.0451,NA,NA,4.7028,4.2527,4.2527,3.2625,29.986,19.215,0.0517,330.4778,1935,1935,"0.15,0.2,0.3,0.35,0.45",0,1.4142,0.15,0.85,NA,NA,NA,NA,NA,NA,NA,NA,NA,NA,NA,NA,NA,NA,NA,NA,NA,NA,NA,NA,NA,NA,NA,NA
"Set_5dose_methods_prior","Set_5dose_methods_prior_SC2",2,"CRM","crm_level",NA,NA,"level",NA,0.9,0,0.0714,28,3,1,1,3,0.18,0.27,0.2452,0.0526,NA,NA,31.8863,7.3876,7.3876,3.2915,29.986,19.215,0.0517,330.4778,1935,1935,"0.15,0.2,0.3,0.35,0.45",0,1.4142,0.15,0.85,NA,NA,NA,NA,NA,NA,NA,NA,NA,NA,NA,NA,NA,NA,NA,NA,NA,NA,NA,NA,NA,NA,NA,NA
"Set_5dose_methods_prior","Set_5dose_methods_prior_SC2",2,"CRM","crm_level",NA,NA,"level",NA,0.9,0,0.0714,28,3,1,1,4,0.3,0.462,0.2905,0.0929,NA,NA,44.2377,8.3829,8.3829,1.9798,29.986,19.215,0.0517,330.4778,1935,1935,"0.15,0.2,0.3,0.35,0.45",0,1.4142,0.15,0.85,NA,NA,NA,NA,NA,NA,NA,NA,NA,NA,NA,NA,NA,NA,NA,NA,NA,NA,NA,NA,NA,NA,NA,NA
"Set_5dose_methods_prior","Set_5dose_methods_prior_SC2",2,"CRM","crm_level",NA,NA,"level",NA,0.9,0,0.0714,28,3,1,1,5,0.4,0.67,0.3852,0.1501,NA,NA,18.863,6.2992,6.2992,2.2372,29.986,19.215,0.0517,330.4778,1935,1935,"0.15,0.2,0.3,0.35,0.45",0,1.4142,0.15,0.85,NA,NA,NA,NA,NA,NA,NA,NA,NA,NA,NA,NA,NA,NA,NA,NA,NA,NA,NA,NA,NA,NA,NA,NA
"Set_5dose_methods_prior","Set_5dose_methods_prior_SC2",2,"CRM","crm_random",NA,NA,"random",NA,0.9,0,0.0714,28,3,1,1,1,0.05,0.05,0.1204,0.054,NA,NA,0.155,3.6558,3.6558,0,29.986,19.2088,0.0517,330.5217,1935,1935,"0.15,0.2,0.3,0.35,0.45",0,1.4142,0.15,0.85,NA,NA,NA,NA,NA,NA,NA,NA,NA,NA,NA,NA,NA,NA,NA,NA,NA,NA,NA,NA,NA,NA,NA,NA
"Set_5dose_methods_prior","Set_5dose_methods_prior_SC2",2,"CRM","crm_random",NA,NA,"random",NA,0.9,0,0.0714,28,3,1,1,2,0.1,0.145,0.1618,NA,NA,NA,4.7028,4.3132,4.3132,3.2729,29.986,19.2088,0.0517,330.5217,1935,1935,"0.15,0.2,0.3,0.35,0.45",0,1.4142,0.15,0.85,NA,NA,NA,NA,NA,NA,NA,NA,NA,NA,NA,NA,NA,NA,NA,NA,NA,NA,NA,NA,NA,NA,NA,NA
"Set_5dose_methods_prior","Set_5dose_methods_prior_SC2",2,"CRM","crm_random",NA,NA,"random",NA,0.9,0,0.0714,28,3,1,1,3,0.18,0.27,0.2488,NA,NA,NA,32.5065,7.5178,7.5178,3.3313,29.986,19.2088,0.0517,330.5217,1935,1935,"0.15,0.2,0.3,0.35,0.45",0,1.4142,0.15,0.85,NA,NA,NA,NA,NA,NA,NA,NA,NA,NA,NA,NA,NA,NA,NA,NA,NA,NA,NA,NA,NA,NA,NA,NA
"Set_5dose_methods_prior","Set_5dose_methods_prior_SC2",2,"CRM","crm_random",NA,NA,"random",NA,0.9,0,0.0714,28,3,1,1,4,0.3,0.462,0.2942,NA,NA,NA,45.8915,8.4543,8.4543,1.9478,29.986,19.2088,0.0517,330.5217,1935,1935,"0.15,0.2,0.3,0.35,0.45",0,1.4142,0.15,0.85,NA,NA,NA,NA,NA,NA,NA,NA,NA,NA,NA,NA,NA,NA,NA,NA,NA,NA,NA,NA,NA,NA,NA,NA
"Set_5dose_methods_prior","Set_5dose_methods_prior_SC2",2,"CRM","crm_random",NA,NA,"random",NA,0.9,0,0.0714,28,3,1,1,5,0.4,0.67,0.389,NA,NA,NA,16.6925,6.045,6.045,2.2253,29.986,19.2088,0.0517,330.5217,1935,1935,"0.15,0.2,0.3,0.35,0.45",0,1.4142,0.15,0.85,NA,NA,NA,NA,NA,NA,NA,NA,NA,NA,NA,NA,NA,NA,NA,NA,NA,NA,NA,NA,NA,NA,NA,NA
"Set_5dose_methods_prior","Set_5dose_methods_prior_SC2",2,"CRM","crm_alpha_crm",NA,NA,"alpha_crm",NA,0.9,0,0.0714,28,3,1,1,1,0.05,0.05,0.1061,NA,NA,NA,0.1034,3.6124,3.6124,0,29.986,19.8202,0.0517,333.169,1935,1935,"0.15,0.2,0.3,0.35,0.45",0,1.4142,0.15,0.85,NA,NA,NA,NA,NA,NA,NA,NA,NA,NA,NA,NA,NA,"15,20,30,35,45",61,NA,NA,NA,NA,NA,NA,NA,NA,NA
"Set_5dose_methods_prior","Set_5dose_methods_prior_SC2",2,"CRM","crm_alpha_crm",NA,NA,"alpha_crm",NA,0.9,0,0.0714,28,3,1,1,2,0.1,0.145,0.1449,NA,NA,NA,2.584,3.9829,3.9829,3.2165,29.986,19.8202,0.0517,333.169,1935,1935,"0.15,0.2,0.3,0.35,0.45",0,1.4142,0.15,0.85,NA,NA,NA,NA,NA,NA,NA,NA,NA,NA,NA,NA,NA,"15,20,30,35,45",61,NA,NA,NA,NA,NA,NA,NA,NA,NA
"Set_5dose_methods_prior","Set_5dose_methods_prior_SC2",2,"CRM","crm_alpha_crm",NA,NA,"alpha_crm",NA,0.9,0,0.0714,28,3,1,1,3,0.18,0.27,0.2283,NA,NA,NA,23.9793,6.0124,6.0124,3.1716,29.986,19.8202,0.0517,333.169,1935,1935,"0.15,0.2,0.3,0.35,0.45",0,1.4142,0.15,0.85,NA,NA,NA,NA,NA,NA,NA,NA,NA,NA,NA,NA,NA,"15,20,30,35,45",61,NA,NA,NA,NA,NA,NA,NA,NA,NA
"Set_5dose_methods_prior","Set_5dose_methods_prior_SC2",2,"CRM","crm_alpha_crm",NA,NA,"alpha_crm",NA,0.9,0,0.0714,28,3,1,1,4,0.3,0.462,0.2727,NA,NA,NA,44.7545,8.0605,8.0605,1.3602,29.986,19.8202,0.0517,333.169,1935,1935,"0.15,0.2,0.3,0.35,0.45",0,1.4142,0.15,0.85,NA,NA,NA,NA,NA,NA,NA,NA,NA,NA,NA,NA,NA,"15,20,30,35,45",61,NA,NA,NA,NA,NA,NA,NA,NA,NA
"Set_5dose_methods_prior","Set_5dose_methods_prior_SC2",2,"CRM","crm_alpha_crm",NA,NA,"alpha_crm",NA,0.9,0,0.0714,28,3,1,1,5,0.4,0.67,0.3667,NA,NA,NA,28.5271,8.3178,8.3178,2.4176,29.986,19.8202,0.0517,333.169,1935,1935,"0.15,0.2,0.3,0.35,0.45",0,1.4142,0.15,0.85,NA,NA,NA,NA,NA,NA,NA,NA,NA,NA,NA,NA,NA,"15,20,30,35,45",61,NA,NA,NA,NA,NA,NA,NA,NA,NA
"Set_5dose_methods_prior","Set_5dose_methods_prior_SC2",2,"CRM","crm_cumu_crm",NA,NA,"cumu_crm",NA,0.9,0,0.0714,28,3,1,1,1,0.05,0.05,0.1076,NA,NA,NA,0,3.0744,3.0744,0,29.986,20.0181,0.0517,332.8315,1935,1935,"0.15,0.2,0.3,0.35,0.45",0,1.4142,0.15,0.85,NA,NA,NA,NA,NA,NA,NA,NA,NA,NA,NA,NA,NA,NA,NA,"15,20,30,35,45","0.62828086,0.83770782,1.25656172,1.46598868,1.88484259",-2.8,2,1,2.5,1.6,1,0
"Set_5dose_methods_prior","Set_5dose_methods_prior_SC2",2,"CRM","crm_cumu_crm",NA,NA,"cumu_crm",NA,0.9,0,0.0714,28,3,1,1,2,0.1,0.145,0.1369,NA,NA,NA,2.1705,3.7411,3.7411,2.907,29.986,20.0181,0.0517,332.8315,1935,1935,"0.15,0.2,0.3,0.35,0.45",0,1.4142,0.15,0.85,NA,NA,NA,NA,NA,NA,NA,NA,NA,NA,NA,NA,NA,NA,NA,"15,20,30,35,45","0.62828086,0.83770782,1.25656172,1.46598868,1.88484259",-2.8,2,1,2.5,1.6,1,0
"Set_5dose_methods_prior","Set_5dose_methods_prior_SC2",2,"CRM","crm_cumu_crm",NA,NA,"cumu_crm",NA,0.9,0,0.0714,28,3,1,1,3,0.18,0.27,0.2197,NA,NA,NA,23.4625,6.1473,6.1473,3.015,29.986,20.0181,0.0517,332.8315,1935,1935,"0.15,0.2,0.3,0.35,0.45",0,1.4142,0.15,0.85,NA,NA,NA,NA,NA,NA,NA,NA,NA,NA,NA,NA,NA,NA,NA,"15,20,30,35,45","0.62828086,0.83770782,1.25656172,1.46598868,1.88484259",-2.8,2,1,2.5,1.6,1,0
"Set_5dose_methods_prior","Set_5dose_methods_prior_SC2",2,"CRM","crm_cumu_crm",NA,NA,"cumu_crm",NA,0.9,0,0.0714,28,3,1,1,4,0.3,0.462,0.2739,NA,NA,NA,47.2868,8.9705,8.9705,1.4925,29.986,20.0181,0.0517,332.8315,1935,1935,"0.15,0.2,0.3,0.35,0.45",0,1.4142,0.15,0.85,NA,NA,NA,NA,NA,NA,NA,NA,NA,NA,NA,NA,NA,NA,NA,"15,20,30,35,45","0.62828086,0.83770782,1.25656172,1.46598868,1.88484259",-2.8,2,1,2.5,1.6,1,0
"Set_5dose_methods_prior","Set_5dose_methods_prior_SC2",2,"CRM","crm_cumu_crm",NA,NA,"cumu_crm",NA,0.9,0,0.0714,28,3,1,1,5,0.4,0.67,0.3999,NA,NA,NA,27.0284,8.0527,8.0527,2.5535,29.986,20.0181,0.0517,332.8315,1935,1935,"0.15,0.2,0.3,0.35,0.45",0,1.4142,0.15,0.85,NA,NA,NA,NA,NA,NA,NA,NA,NA,NA,NA,NA,NA,NA,NA,"15,20,30,35,45","0.62828086,0.83770782,1.25656172,1.46598868,1.88484259",-2.8,2,1,2.5,1.6,1,0
"Set_5dose_methods_prior","Set_5dose_methods_prior_SC3",3,"CRM","crm_fixed",NA,NA,"fixed",NA,0,0,0.0714,28,1,1,1,1,0.15,0.15,0.1616,0,NA,NA,4.7545,6.7969,6.7969,0,29.7442,29.7442,1.0853,434.7413,1935,1935,"0.15,0.2,0.3,0.35,0.45",0,1.4142,0.15,0.85,NA,NA,NA,NA,NA,NA,NA,NA,NA,NA,NA,NA,NA,NA,NA,NA,NA,NA,NA,NA,NA,NA,NA,NA
"Set_5dose_methods_prior","Set_5dose_methods_prior_SC3",3,"CRM","crm_fixed",NA,NA,"fixed",NA,0,0,0.0714,28,1,1,1,2,0.2,0.2,0.2088,NA,NA,NA,24.186,7.138,7.138,0,29.7442,29.7442,1.0853,434.7413,1935,1935,"0.15,0.2,0.3,0.35,0.45",0,1.4142,0.15,0.85,NA,NA,NA,NA,NA,NA,NA,NA,NA,NA,NA,NA,NA,NA,NA,NA,NA,NA,NA,NA,NA,NA,NA,NA
"Set_5dose_methods_prior","Set_5dose_methods_prior_SC3",3,"CRM","crm_fixed",NA,NA,"fixed",NA,0,0,0.0714,28,1,1,1,3,0.3,0.3,0.3029,NA,NA,NA,35.4005,7.8884,7.8884,0,29.7442,29.7442,1.0853,434.7413,1935,1935,"0.15,0.2,0.3,0.35,0.45",0,1.4142,0.15,0.85,NA,NA,NA,NA,NA,NA,NA,NA,NA,NA,NA,NA,NA,NA,NA,NA,NA,NA,NA,NA,NA,NA,NA,NA
"Set_5dose_methods_prior","Set_5dose_methods_prior_SC3",3,"CRM","crm_fixed",NA,NA,"fixed",NA,0,0,0.0714,28,1,1,1,4,0.35,0.35,0.3502,NA,NA,NA,24.5478,5.1287,5.1287,0,29.7442,29.7442,1.0853,434.7413,1935,1935,"0.15,0.2,0.3,0.35,0.45",0,1.4142,0.15,0.85,NA,NA,NA,NA,NA,NA,NA,NA,NA,NA,NA,NA,NA,NA,NA,NA,NA,NA,NA,NA,NA,NA,NA,NA
"Set_5dose_methods_prior","Set_5dose_methods_prior_SC3",3,"CRM","crm_fixed",NA,NA,"fixed",NA,0,0,0.0714,28,1,1,1,5,0.45,0.45,0.4456,NA,NA,NA,10.0258,2.7922,2.7922,0,29.7442,29.7442,1.0853,434.7413,1935,1935,"0.15,0.2,0.3,0.35,0.45",0,1.4142,0.15,0.85,NA,NA,NA,NA,NA,NA,NA,NA,NA,NA,NA,NA,NA,NA,NA,NA,NA,NA,NA,NA,NA,NA,NA,NA
"Set_5dose_methods_prior","Set_5dose_methods_prior_SC3",3,"CRM","crm_level",NA,NA,"level",NA,0,0,0.0714,28,1,1,1,1,0.15,0.15,0.1615,NA,NA,NA,4.6512,6.7953,6.7953,0,29.7442,29.7442,1.0853,434.7413,1935,1935,"0.15,0.2,0.3,0.35,0.45",0,1.4142,0.15,0.85,NA,NA,NA,NA,NA,NA,NA,NA,NA,NA,NA,NA,NA,NA,NA,NA,NA,NA,NA,NA,NA,NA,NA,NA
"Set_5dose_methods_prior","Set_5dose_methods_prior_SC3",3,"CRM","crm_level",NA,NA,"level",NA,0,0,0.0714,28,1,1,1,2,0.2,0.2,0.2087,0.083,NA,NA,23.6693,7.0977,7.0977,0,29.7442,29.7442,1.0853,434.7413,1935,1935,"0.15,0.2,0.3,0.35,0.45",0,1.4142,0.15,0.85,NA,NA,NA,NA,NA,NA,NA,NA,NA,NA,NA,NA,NA,NA,NA,NA,NA,NA,NA,NA,NA,NA,NA,NA
"Set_5dose_methods_prior","Set_5dose_methods_prior_SC3",3,"CRM","crm_level",NA,NA,"level",NA,0,0,0.0714,28,1,1,1,3,0.3,0.3,0.3028,0.0885,NA,NA,36.2274,7.9256,7.9256,0,29.7442,29.7442,1.0853,434.7413,1935,1935,"0.15,0.2,0.3,0.35,0.45",0,1.4142,0.15,0.85,NA,NA,NA,NA,NA,NA,NA,NA,NA,NA,NA,NA,NA,NA,NA,NA,NA,NA,NA,NA,NA,NA,NA,NA
"Set_5dose_methods_prior","Set_5dose_methods_prior_SC3",3,"CRM","crm_level",NA,NA,"level",NA,0,0,0.0714,28,1,1,1,4,0.35,0.35,0.3501,0.1058,NA,NA,24.6512,5.1318,5.1318,0,29.7442,29.7442,1.0853,434.7413,1935,1935,"0.15,0.2,0.3,0.35,0.45",0,1.4142,0.15,0.85,NA,NA,NA,NA,NA,NA,NA,NA,NA,NA,NA,NA,NA,NA,NA,NA,NA,NA,NA,NA,NA,NA,NA,NA
"Set_5dose_methods_prior","Set_5dose_methods_prior_SC3",3,"CRM","crm_level",NA,NA,"level",NA,0,0,0.0714,28,1,1,1,5,0.45,0.45,0.4455,0.1315,NA,NA,9.7158,2.7938,2.7938,0,29.7442,29.7442,1.0853,434.7413,1935,1935,"0.15,0.2,0.3,0.35,0.45",0,1.4142,0.15,0.85,NA,NA,NA,NA,NA,NA,NA,NA,NA,NA,NA,NA,NA,NA,NA,NA,NA,NA,NA,NA,NA,NA,NA,NA
"Set_5dose_methods_prior","Set_5dose_methods_prior_SC3",3,"CRM","crm_random",NA,NA,"random",NA,0,0,0.0714,28,1,1,1,1,0.15,0.15,0.1615,0.084,NA,NA,4.5995,6.7829,6.7829,0,29.7442,29.7442,1.0853,434.7413,1935,1935,"0.15,0.2,0.3,0.35,0.45",0,1.4142,0.15,0.85,NA,NA,NA,NA,NA,NA,NA,NA,NA,NA,NA,NA,NA,NA,NA,NA,NA,NA,NA,NA,NA,NA,NA,NA
"Set_5dose_methods_prior","Set_5dose_methods_prior_SC3",3,"CRM","crm_random",NA,NA,"random",NA,0,0,0.0714,28,1,1,1,2,0.2,0.2,0.2087,NA,NA,NA,24.186,7.1333,7.1333,0,29.7442,29.7442,1.0853,434.7413,1935,1935,"0.15,0.2,0.3,0.35,0.45",0,1.4142,0.15,0.85,NA,NA,NA,NA,NA,NA,NA,NA,NA,NA,NA,NA,NA,NA,NA,NA,NA,NA,NA,NA,NA,NA,NA,NA
"Set_5dose_methods_prior","Set_5dose_methods_prior_SC3",3,"CRM","crm_random",NA,NA,"random",NA,0,0,0.0714,28,1,1,1,3,0.3,0.3,0.3028,NA,NA,NA,35.5556,7.8512,7.8512,0,29.7442,29.7442,1.0853,434.7413,1935,1935,"0.15,0.2,0.3,0.35,0.45",0,1.4142,0.15,0.85,NA,NA,NA,NA,NA,NA,NA,NA,NA,NA,NA,NA,NA,NA,NA,NA,NA,NA,NA,NA,NA,NA,NA,NA
"Set_5dose_methods_prior","Set_5dose_methods_prior_SC3",3,"CRM","crm_random",NA,NA,"random",NA,0,0,0.0714,28,1,1,1,4,0.35,0.35,0.3501,NA,NA,NA,24.6512,5.1643,5.1643,0,29.7442,29.7442,1.0853,434.7413,1935,1935,"0.15,0.2,0.3,0.35,0.45",0,1.4142,0.15,0.85,NA,NA,NA,NA,NA,NA,NA,NA,NA,NA,NA,NA,NA,NA,NA,NA,NA,NA,NA,NA,NA,NA,NA,NA
"Set_5dose_methods_prior","Set_5dose_methods_prior_SC3",3,"CRM","crm_random",NA,NA,"random",NA,0,0,0.0714,28,1,1,1,5,0.45,0.45,0.4455,NA,NA,NA,9.9225,2.8124,2.8124,0,29.7442,29.7442,1.0853,434.7413,1935,1935,"0.15,0.2,0.3,0.35,0.45",0,1.4142,0.15,0.85,NA,NA,NA,NA,NA,NA,NA,NA,NA,NA,NA,NA,NA,NA,NA,NA,NA,NA,NA,NA,NA,NA,NA,NA
"Set_5dose_methods_prior","Set_5dose_methods_prior_SC3",3,"CRM","crm_alpha_crm",NA,NA,"alpha_crm",NA,0,0,0.0714,28,1,1,1,1,0.15,0.15,0.1614,NA,NA,NA,4.4444,6.7721,6.7721,0,29.738,29.738,1.1886,434.665,1935,1935,"0.15,0.2,0.3,0.35,0.45",0,1.4142,0.15,0.85,NA,NA,NA,NA,NA,NA,NA,NA,NA,NA,NA,NA,NA,"15,20,30,35,45",61,NA,NA,NA,NA,NA,NA,NA,NA,NA
"Set_5dose_methods_prior","Set_5dose_methods_prior_SC3",3,"CRM","crm_alpha_crm",NA,NA,"alpha_crm",NA,0,0,0.0714,28,1,1,1,2,0.2,0.2,0.2086,NA,NA,NA,24.2377,7.138,7.138,0,29.738,29.738,1.1886,434.665,1935,1935,"0.15,0.2,0.3,0.35,0.45",0,1.4142,0.15,0.85,NA,NA,NA,NA,NA,NA,NA,NA,NA,NA,NA,NA,NA,"15,20,30,35,45",61,NA,NA,NA,NA,NA,NA,NA,NA,NA
"Set_5dose_methods_prior","Set_5dose_methods_prior_SC3",3,"CRM","crm_alpha_crm",NA,NA,"alpha_crm",NA,0,0,0.0714,28,1,1,1,3,0.3,0.3,0.3027,NA,NA,NA,35.2972,7.9085,7.9085,0,29.738,29.738,1.1886,434.665,1935,1935,"0.15,0.2,0.3,0.35,0.45",0,1.4142,0.15,0.85,NA,NA,NA,NA,NA,NA,NA,NA,NA,NA,NA,NA,NA,"15,20,30,35,45",61,NA,NA,NA,NA,NA,NA,NA,NA,NA
"Set_5dose_methods_prior","Set_5dose_methods_prior_SC3",3,"CRM","crm_alpha_crm",NA,NA,"alpha_crm",NA,0,0,0.0714,28,1,1,1,4,0.35,0.35,0.3497,NA,NA,NA,24.8579,5.0884,5.0884,0,29.738,29.738,1.1886,434.665,1935,1935,"0.15,0.2,0.3,0.35,0.45",0,1.4142,0.15,0.85,NA,NA,NA,NA,NA,NA,NA,NA,NA,NA,NA,NA,NA,"15,20,30,35,45",61,NA,NA,NA,NA,NA,NA,NA,NA,NA
"Set_5dose_methods_prior","Set_5dose_methods_prior_SC3",3,"CRM","crm_alpha_crm",NA,NA,"alpha_crm",NA,0,0,0.0714,28,1,1,1,5,0.45,0.45,0.4454,NA,NA,NA,9.9742,2.831,2.831,0,29.738,29.738,1.1886,434.665,1935,1935,"0.15,0.2,0.3,0.35,0.45",0,1.4142,0.15,0.85,NA,NA,NA,NA,NA,NA,NA,NA,NA,NA,NA,NA,NA,"15,20,30,35,45",61,NA,NA,NA,NA,NA,NA,NA,NA,NA
"Set_5dose_methods_prior","Set_5dose_methods_prior_SC3",3,"CRM","crm_cumu_crm",NA,NA,"cumu_crm",NA,0,0,0.0714,28,1,1,1,1,0.15,0.15,0.148,NA,NA,NA,2.739,4.3845,4.3845,0,29.8884,29.8884,0.4651,436.5206,1935,1935,"0.15,0.2,0.3,0.35,0.45",0,1.4142,0.15,0.85,NA,NA,NA,NA,NA,NA,NA,NA,NA,NA,NA,NA,NA,NA,NA,"15,20,30,35,45","0.62828086,0.83770782,1.25656172,1.46598868,1.88484259",-2.8,2,1,2.5,1.6,1,0
"Set_5dose_methods_prior","Set_5dose_methods_prior_SC3",3,"CRM","crm_cumu_crm",NA,NA,"cumu_crm",NA,0,0,0.0714,28,1,1,1,2,0.2,0.2,0.193,NA,NA,NA,24.2377,8.2589,8.2589,0,29.8884,29.8884,0.4651,436.5206,1935,1935,"0.15,0.2,0.3,0.35,0.45",0,1.4142,0.15,0.85,NA,NA,NA,NA,NA,NA,NA,NA,NA,NA,NA,NA,NA,NA,NA,"15,20,30,35,45","0.62828086,0.83770782,1.25656172,1.46598868,1.88484259",-2.8,2,1,2.5,1.6,1,0
"Set_5dose_methods_prior","Set_5dose_methods_prior_SC3",3,"CRM","crm_cumu_crm",NA,NA,"cumu_crm",NA,0,0,0.0714,28,1,1,1,3,0.3,0.3,0.3118,NA,NA,NA,35.0388,8.4884,8.4884,0,29.8884,29.8884,0.4651,436.5206,1935,1935,"0.15,0.2,0.3,0.35,0.45",0,1.4142,0.15,0.85,NA,NA,NA,NA,NA,NA,NA,NA,NA,NA,NA,NA,NA,NA,NA,"15,20,30,35,45","0.62828086,0.83770782,1.25656172,1.46598868,1.88484259",-2.8,2,1,2.5,1.6,1,0
"Set_5dose_methods_prior","Set_5dose_methods_prior_SC3",3,"CRM","crm_cumu_crm",NA,NA,"cumu_crm",NA,0,0,0.0714,28,1,1,1,4,0.35,0.35,0.3809,NA,NA,NA,27.0284,5.7225,5.7225,0,29.8884,29.8884,0.4651,436.5206,1935,1935,"0.15,0.2,0.3,0.35,0.45",0,1.4142,0.15,0.85,NA,NA,NA,NA,NA,NA,NA,NA,NA,NA,NA,NA,NA,NA,NA,"15,20,30,35,45","0.62828086,0.83770782,1.25656172,1.46598868,1.88484259",-2.8,2,1,2.5,1.6,1,0
"Set_5dose_methods_prior","Set_5dose_methods_prior_SC3",3,"CRM","crm_cumu_crm",NA,NA,"cumu_crm",NA,0,0,0.0714,28,1,1,1,5,0.45,0.45,0.5199,NA,NA,NA,10.491,3.0341,3.0341,0,29.8884,29.8884,0.4651,436.5206,1935,1935,"0.15,0.2,0.3,0.35,0.45",0,1.4142,0.15,0.85,NA,NA,NA,NA,NA,NA,NA,NA,NA,NA,NA,NA,NA,NA,NA,"15,20,30,35,45","0.62828086,0.83770782,1.25656172,1.46598868,1.88484259",-2.8,2,1,2.5,1.6,1,0
"Set_5dose_methods_prior","Set_5dose_methods_prior_SC3",3,"CRM","crm_fixed",NA,NA,"fixed",NA,0,0,0.0714,28,2,1,1,1,0.15,0.15,0.1614,0,NA,NA,4.7545,6.7953,6.7953,0,29.7442,21.569,1.0853,352.1729,1935,1935,"0.15,0.2,0.3,0.35,0.45",0,1.4142,0.15,0.85,NA,NA,NA,NA,NA,NA,NA,NA,NA,NA,NA,NA,NA,NA,NA,NA,NA,NA,NA,NA,NA,NA,NA,NA
"Set_5dose_methods_prior","Set_5dose_methods_prior_SC3",3,"CRM","crm_fixed",NA,NA,"fixed",NA,0,0,0.0714,28,2,1,1,2,0.2,0.2,0.2086,NA,NA,NA,23.8243,7.1116,7.1116,4.3876,29.7442,21.569,1.0853,352.1729,1935,1935,"0.15,0.2,0.3,0.35,0.45",0,1.4142,0.15,0.85,NA,NA,NA,NA,NA,NA,NA,NA,NA,NA,NA,NA,NA,NA,NA,NA,NA,NA,NA,NA,NA,NA,NA,NA
"Set_5dose_methods_prior","Set_5dose_methods_prior_SC3",3,"CRM","crm_fixed",NA,NA,"fixed",NA,0,0,0.0714,28,2,1,1,3,0.3,0.3,0.3027,NA,NA,NA,35.5556,7.9163,7.9163,0.9654,29.7442,21.569,1.0853,352.1729,1935,1935,"0.15,0.2,0.3,0.35,0.45",0,1.4142,0.15,0.85,NA,NA,NA,NA,NA,NA,NA,NA,NA,NA,NA,NA,NA,NA,NA,NA,NA,NA,NA,NA,NA,NA,NA,NA
"Set_5dose_methods_prior","Set_5dose_methods_prior_SC3",3,"CRM","crm_fixed",NA,NA,"fixed",NA,0,0,0.0714,28,2,1,1,4,0.35,0.35,0.35,NA,NA,NA,24.8579,5.1085,5.1085,2.3504,29.7442,21.569,1.0853,352.1729,1935,1935,"0.15,0.2,0.3,0.35,0.45",0,1.4142,0.15,0.85,NA,NA,NA,NA,NA,NA,NA,NA,NA,NA,NA,NA,NA,NA,NA,NA,NA,NA,NA,NA,NA,NA,NA,NA
"Set_5dose_methods_prior","Set_5dose_methods_prior_SC3",3,"CRM","crm_fixed",NA,NA,"fixed",NA,0,0,0.0714,28,2,1,1,5,0.45,0.45,0.4454,NA,NA,NA,9.9225,2.8124,2.8124,0.4718,29.7442,21.569,1.0853,352.1729,1935,1935,"0.15,0.2,0.3,0.35,0.45",0,1.4142,0.15,0.85,NA,NA,NA,NA,NA,NA,NA,NA,NA,NA,NA,NA,NA,NA,NA,NA,NA,NA,NA,NA,NA,NA,NA,NA
"Set_5dose_methods_prior","Set_5dose_methods_prior_SC3",3,"CRM","crm_level",NA,NA,"level",NA,0,0,0.0714,28,2,1,1,1,0.15,0.15,0.1553,NA,NA,NA,4.4444,6.3287,6.3287,0,29.7442,21.6791,1.0853,352.8001,1935,1935,"0.15,0.2,0.3,0.35,0.45",0,1.4142,0.15,0.85,NA,NA,NA,NA,NA,NA,NA,NA,NA,NA,NA,NA,NA,NA,NA,NA,NA,NA,NA,NA,NA,NA,NA,NA
"Set_5dose_methods_prior","Set_5dose_methods_prior_SC3",3,"CRM","crm_level",NA,NA,"level",NA,0,0,0.0714,28,2,1,1,2,0.2,0.2,0.2016,0.0437,NA,NA,22.1189,6.8667,6.8667,4.1876,29.7442,21.6791,1.0853,352.8001,1935,1935,"0.15,0.2,0.3,0.35,0.45",0,1.4142,0.15,0.85,NA,NA,NA,NA,NA,NA,NA,NA,NA,NA,NA,NA,NA,NA,NA,NA,NA,NA,NA,NA,NA,NA,NA,NA
"Set_5dose_methods_prior","Set_5dose_methods_prior_SC3",3,"CRM","crm_level",NA,NA,"level",NA,0,0,0.0714,28,2,1,1,3,0.3,0.3,0.2944,0.0778,NA,NA,33.7984,7.6279,7.6279,1.0021,29.7442,21.6791,1.0853,352.8001,1935,1935,"0.15,0.2,0.3,0.35,0.45",0,1.4142,0.15,0.85,NA,NA,NA,NA,NA,NA,NA,NA,NA,NA,NA,NA,NA,NA,NA,NA,NA,NA,NA,NA,NA,NA,NA,NA
"Set_5dose_methods_prior","Set_5dose_methods_prior_SC3",3,"CRM","crm_level",NA,NA,"level",NA,0,0,0.0714,28,2,1,1,4,0.35,0.35,0.3413,0.0953,NA,NA,26.6667,5.3829,5.3829,2.4016,29.7442,21.6791,1.0853,352.8001,1935,1935,"0.15,0.2,0.3,0.35,0.45",0,1.4142,0.15,0.85,NA,NA,NA,NA,NA,NA,NA,NA,NA,NA,NA,NA,NA,NA,NA,NA,NA,NA,NA,NA,NA,NA,NA,NA
"Set_5dose_methods_prior","Set_5dose_methods_prior_SC3",3,"CRM","crm_level",NA,NA,"level",NA,0,0,0.0714,28,2,1,1,5,0.45,0.45,0.4365,0.1219,NA,NA,11.8863,3.538,3.538,0.4739,29.7442,21.6791,1.0853,352.8001,1935,1935,"0.15,0.2,0.3,0.35,0.45",0,1.4142,0.15,0.85,NA,NA,NA,NA,NA,NA,NA,NA,NA,NA,NA,NA,NA,NA,NA,NA,NA,NA,NA,NA,NA,NA,NA,NA
"Set_5dose_methods_prior","Set_5dose_methods_prior_SC3",3,"CRM","crm_random",NA,NA,"random",NA,0,0,0.0714,28,2,1,1,1,0.15,0.15,0.1562,0.0373,NA,NA,3.9276,6.3302,6.3302,0,29.7349,21.6047,1.137,352.2901,1935,1935,"0.15,0.2,0.3,0.35,0.45",0,1.4142,0.15,0.85,NA,NA,NA,NA,NA,NA,NA,NA,NA,NA,NA,NA,NA,NA,NA,NA,NA,NA,NA,NA,NA,NA,NA,NA
"Set_5dose_methods_prior","Set_5dose_methods_prior_SC3",3,"CRM","crm_random",NA,NA,"random",NA,0,0,0.0714,28,2,1,1,2,0.2,0.2,0.2026,NA,NA,NA,23.0491,6.9039,6.9039,4.199,29.7349,21.6047,1.137,352.2901,1935,1935,"0.15,0.2,0.3,0.35,0.45",0,1.4142,0.15,0.85,NA,NA,NA,NA,NA,NA,NA,NA,NA,NA,NA,NA,NA,NA,NA,NA,NA,NA,NA,NA,NA,NA,NA,NA
"Set_5dose_methods_prior","Set_5dose_methods_prior_SC3",3,"CRM","crm_random",NA,NA,"random",NA,0,0,0.0714,28,2,1,1,3,0.3,0.3,0.2956,NA,NA,NA,33.7984,7.7054,7.7054,1.0372,29.7349,21.6047,1.137,352.2901,1935,1935,"0.15,0.2,0.3,0.35,0.45",0,1.4142,0.15,0.85,NA,NA,NA,NA,NA,NA,NA,NA,NA,NA,NA,NA,NA,NA,NA,NA,NA,NA,NA,NA,NA,NA,NA,NA
"Set_5dose_methods_prior","Set_5dose_methods_prior_SC3",3,"CRM","crm_random",NA,NA,"random",NA,0,0,0.0714,28,2,1,1,4,0.35,0.35,0.3425,NA,NA,NA,27.0284,5.2729,5.2729,2.4196,29.7349,21.6047,1.137,352.2901,1935,1935,"0.15,0.2,0.3,0.35,0.45",0,1.4142,0.15,0.85,NA,NA,NA,NA,NA,NA,NA,NA,NA,NA,NA,NA,NA,NA,NA,NA,NA,NA,NA,NA,NA,NA,NA,NA
"Set_5dose_methods_prior","Set_5dose_methods_prior_SC3",3,"CRM","crm_random",NA,NA,"random",NA,0,0,0.0714,28,2,1,1,5,0.45,0.45,0.4378,NA,NA,NA,11.0594,3.5225,3.5225,0.4744,29.7349,21.6047,1.137,352.2901,1935,1935,"0.15,0.2,0.3,0.35,0.45",0,1.4142,0.15,0.85,NA,NA,NA,NA,NA,NA,NA,NA,NA,NA,NA,NA,NA,NA,NA,NA,NA,NA,NA,NA,NA,NA,NA,NA
"Set_5dose_methods_prior","Set_5dose_methods_prior_SC3",3,"CRM","crm_alpha_crm",NA,NA,"alpha_crm",NA,0,0,0.0714,28,2,1,1,1,0.15,0.15,0.1471,NA,NA,NA,3.2558,6.2667,6.2667,0,29.738,21.7752,1.1886,353.2945,1935,1935,"0.15,0.2,0.3,0.35,0.45",0,1.4142,0.15,0.85,NA,NA,NA,NA,NA,NA,NA,NA,NA,NA,NA,NA,NA,"15,20,30,35,45",61,NA,NA,NA,NA,NA,NA,NA,NA,NA
"Set_5dose_methods_prior","Set_5dose_methods_prior_SC3",3,"CRM","crm_alpha_crm",NA,NA,"alpha_crm",NA,0,0,0.0714,28,2,1,1,2,0.2,0.2,0.1922,NA,NA,NA,20.2067,6.5891,6.5891,4.1266,29.738,21.7752,1.1886,353.2945,1935,1935,"0.15,0.2,0.3,0.35,0.45",0,1.4142,0.15,0.85,NA,NA,NA,NA,NA,NA,NA,NA,NA,NA,NA,NA,NA,"15,20,30,35,45",61,NA,NA,NA,NA,NA,NA,NA,NA,NA
"Set_5dose_methods_prior","Set_5dose_methods_prior_SC3",3,"CRM","crm_alpha_crm",NA,NA,"alpha_crm",NA,0,0,0.0714,28,2,1,1,3,0.3,0.3,0.2835,NA,NA,NA,30.1292,7.0248,7.0248,1.0222,29.738,21.7752,1.1886,353.2945,1935,1935,"0.15,0.2,0.3,0.35,0.45",0,1.4142,0.15,0.85,NA,NA,NA,NA,NA,NA,NA,NA,NA,NA,NA,NA,NA,"15,20,30,35,45",61,NA,NA,NA,NA,NA,NA,NA,NA,NA
"Set_5dose_methods_prior","Set_5dose_methods_prior_SC3",3,"CRM","crm_alpha_crm",NA,NA,"alpha_crm",NA,0,0,0.0714,28,2,1,1,4,0.35,0.35,0.3301,NA,NA,NA,29.6641,5.5271,5.5271,2.2346,29.738,21.7752,1.1886,353.2945,1935,1935,"0.15,0.2,0.3,0.35,0.45",0,1.4142,0.15,0.85,NA,NA,NA,NA,NA,NA,NA,NA,NA,NA,NA,NA,NA,"15,20,30,35,45",61,NA,NA,NA,NA,NA,NA,NA,NA,NA
"Set_5dose_methods_prior","Set_5dose_methods_prior_SC3",3,"CRM","crm_alpha_crm",NA,NA,"alpha_crm",NA,0,0,0.0714,28,2,1,1,5,0.45,0.45,0.4253,NA,NA,NA,15.5556,4.3302,4.3302,0.5793,29.738,21.7752,1.1886,353.2945,1935,1935,"0.15,0.2,0.3,0.35,0.45",0,1.4142,0.15,0.85,NA,NA,NA,NA,NA,NA,NA,NA,NA,NA,NA,NA,NA,"15,20,30,35,45",61,NA,NA,NA,NA,NA,NA,NA,NA,NA
"Set_5dose_methods_prior","Set_5dose_methods_prior_SC3",3,"CRM","crm_cumu_crm",NA,NA,"cumu_crm",NA,0,0,0.0714,28,2,1,1,1,0.15,0.15,0.135,NA,NA,NA,1.6021,3.9984,3.9984,0,29.8946,22.245,0.4134,354.0766,1935,1935,"0.15,0.2,0.3,0.35,0.45",0,1.4142,0.15,0.85,NA,NA,NA,NA,NA,NA,NA,NA,NA,NA,NA,NA,NA,NA,NA,"15,20,30,35,45","0.62828086,0.83770782,1.25656172,1.46598868,1.88484259",-2.8,2,1,2.5,1.6,1,0
"Set_5dose_methods_prior","Set_5dose_methods_prior_SC3",3,"CRM","crm_cumu_crm",NA,NA,"cumu_crm",NA,0,0,0.0714,28,2,1,1,2,0.2,0.2,0.1734,NA,NA,NA,15.6589,6.924,6.924,3.0677,29.8946,22.245,0.4134,354.0766,1935,1935,"0.15,0.2,0.3,0.35,0.45",0,1.4142,0.15,0.85,NA,NA,NA,NA,NA,NA,NA,NA,NA,NA,NA,NA,NA,NA,NA,"15,20,30,35,45","0.62828086,0.83770782,1.25656172,1.46598868,1.88484259",-2.8,2,1,2.5,1.6,1,0
"Set_5dose_methods_prior","Set_5dose_methods_prior_SC3",3,"CRM","crm_cumu_crm",NA,NA,"cumu_crm",NA,0,0,0.0714,28,2,1,1,3,0.3,0.3,0.2761,NA,NA,NA,29.9225,7.3798,7.3798,1.5039,29.8946,22.245,0.4134,354.0766,1935,1935,"0.15,0.2,0.3,0.35,0.45",0,1.4142,0.15,0.85,NA,NA,NA,NA,NA,NA,NA,NA,NA,NA,NA,NA,NA,NA,NA,"15,20,30,35,45","0.62828086,0.83770782,1.25656172,1.46598868,1.88484259",-2.8,2,1,2.5,1.6,1,0
"Set_5dose_methods_prior","Set_5dose_methods_prior_SC3",3,"CRM","crm_cumu_crm",NA,NA,"cumu_crm",NA,0,0,0.0714,28,2,1,1,4,0.35,0.35,0.3376,NA,NA,NA,33.385,6.4822,6.4822,2.247,29.8946,22.245,0.4134,354.0766,1935,1935,"0.15,0.2,0.3,0.35,0.45",0,1.4142,0.15,0.85,NA,NA,NA,NA,NA,NA,NA,NA,NA,NA,NA,NA,NA,NA,NA,"15,20,30,35,45","0.62828086,0.83770782,1.25656172,1.46598868,1.88484259",-2.8,2,1,2.5,1.6,1,0
"Set_5dose_methods_prior","Set_5dose_methods_prior_SC3",3,"CRM","crm_cumu_crm",NA,NA,"cumu_crm",NA,0,0,0.0714,28,2,1,1,5,0.45,0.45,0.4673,NA,NA,NA,19.0181,5.1101,5.1101,0.831,29.8946,22.245,0.4134,354.0766,1935,1935,"0.15,0.2,0.3,0.35,0.45",0,1.4142,0.15,0.85,NA,NA,NA,NA,NA,NA,NA,NA,NA,NA,NA,NA,NA,NA,NA,"15,20,30,35,45","0.62828086,0.83770782,1.25656172,1.46598868,1.88484259",-2.8,2,1,2.5,1.6,1,0
"Set_5dose_methods_prior","Set_5dose_methods_prior_SC3",3,"CRM","crm_fixed",NA,NA,"fixed",NA,0,0,0.0714,28,3,1,1,1,0.15,0.15,0.1615,0,NA,NA,4.6512,6.7907,6.7907,0,29.7442,19.6098,1.0853,338.287,1935,1935,"0.15,0.2,0.3,0.35,0.45",0,1.4142,0.15,0.85,NA,NA,NA,NA,NA,NA,NA,NA,NA,NA,NA,NA,NA,NA,NA,NA,NA,NA,NA,NA,NA,NA,NA,NA
"Set_5dose_methods_prior","Set_5dose_methods_prior_SC3",3,"CRM","crm_fixed",NA,NA,"fixed",NA,0,0,0.0714,28,3,1,1,2,0.2,0.2,0.2087,NA,NA,NA,24.2377,7.138,7.138,4.3845,29.7442,19.6098,1.0853,338.287,1935,1935,"0.15,0.2,0.3,0.35,0.45",0,1.4142,0.15,0.85,NA,NA,NA,NA,NA,NA,NA,NA,NA,NA,NA,NA,NA,NA,NA,NA,NA,NA,NA,NA,NA,NA,NA,NA
"Set_5dose_methods_prior","Set_5dose_methods_prior_SC3",3,"CRM","crm_fixed",NA,NA,"fixed",NA,0,0,0.0714,28,3,1,1,3,0.3,0.3,0.3028,NA,NA,NA,35.5556,7.9054,7.9054,3.4972,29.7442,19.6098,1.0853,338.287,1935,1935,"0.15,0.2,0.3,0.35,0.45",0,1.4142,0.15,0.85,NA,NA,NA,NA,NA,NA,NA,NA,NA,NA,NA,NA,NA,NA,NA,NA,NA,NA,NA,NA,NA,NA,NA,NA
"Set_5dose_methods_prior","Set_5dose_methods_prior_SC3",3,"CRM","crm_fixed",NA,NA,"fixed",NA,0,0,0.0714,28,3,1,1,4,0.35,0.35,0.3501,NA,NA,NA,24.7028,5.1318,5.1318,1.2238,29.7442,19.6098,1.0853,338.287,1935,1935,"0.15,0.2,0.3,0.35,0.45",0,1.4142,0.15,0.85,NA,NA,NA,NA,NA,NA,NA,NA,NA,NA,NA,NA,NA,NA,NA,NA,NA,NA,NA,NA,NA,NA,NA,NA
"Set_5dose_methods_prior","Set_5dose_methods_prior_SC3",3,"CRM","crm_fixed",NA,NA,"fixed",NA,0,0,0.0714,28,3,1,1,5,0.45,0.45,0.4455,NA,NA,NA,9.7674,2.7783,2.7783,1.0289,29.7442,19.6098,1.0853,338.287,1935,1935,"0.15,0.2,0.3,0.35,0.45",0,1.4142,0.15,0.85,NA,NA,NA,NA,NA,NA,NA,NA,NA,NA,NA,NA,NA,NA,NA,NA,NA,NA,NA,NA,NA,NA,NA,NA
"Set_5dose_methods_prior","Set_5dose_methods_prior_SC3",3,"CRM","crm_level",NA,NA,"level",NA,0,0,0.0714,28,3,1,1,1,0.15,0.15,0.1534,NA,NA,NA,4.3411,6.2977,6.2977,0,29.7442,19.5261,1.0853,337.8217,1935,1935,"0.15,0.2,0.3,0.35,0.45",0,1.4142,0.15,0.85,NA,NA,NA,NA,NA,NA,NA,NA,NA,NA,NA,NA,NA,NA,NA,NA,NA,NA,NA,NA,NA,NA,NA,NA
"Set_5dose_methods_prior","Set_5dose_methods_prior_SC3",3,"CRM","crm_level",NA,NA,"level",NA,0,0,0.0714,28,3,1,1,2,0.2,0.2,0.1993,0.0435,NA,NA,22.0155,6.5845,6.5845,4.1664,29.7442,19.5261,1.0853,337.8217,1935,1935,"0.15,0.2,0.3,0.35,0.45",0,1.4142,0.15,0.85,NA,NA,NA,NA,NA,NA,NA,NA,NA,NA,NA,NA,NA,NA,NA,NA,NA,NA,NA,NA,NA,NA,NA,NA
"Set_5dose_methods_prior","Set_5dose_methods_prior_SC3",3,"CRM","crm_level",NA,NA,"level",NA,0,0,0.0714,28,3,1,1,3,0.3,0.3,0.2916,0.0631,NA,NA,32.4548,7.4124,7.4124,3.4486,29.7442,19.5261,1.0853,337.8217,1935,1935,"0.15,0.2,0.3,0.35,0.45",0,1.4142,0.15,0.85,NA,NA,NA,NA,NA,NA,NA,NA,NA,NA,NA,NA,NA,NA,NA,NA,NA,NA,NA,NA,NA,NA,NA,NA
"Set_5dose_methods_prior","Set_5dose_methods_prior_SC3",3,"CRM","crm_level",NA,NA,"level",NA,0,0,0.0714,28,3,1,1,4,0.35,0.35,0.3384,0.0922,NA,NA,26.7183,5.5116,5.5116,1.2708,29.7442,19.5261,1.0853,337.8217,1935,1935,"0.15,0.2,0.3,0.35,0.45",0,1.4142,0.15,0.85,NA,NA,NA,NA,NA,NA,NA,NA,NA,NA,NA,NA,NA,NA,NA,NA,NA,NA,NA,NA,NA,NA,NA,NA
"Set_5dose_methods_prior","Set_5dose_methods_prior_SC3",3,"CRM","crm_level",NA,NA,"level",NA,0,0,0.0714,28,3,1,1,5,0.45,0.45,0.4335,0.122,NA,NA,13.385,3.938,3.938,1.3323,29.7442,19.5261,1.0853,337.8217,1935,1935,"0.15,0.2,0.3,0.35,0.45",0,1.4142,0.15,0.85,NA,NA,NA,NA,NA,NA,NA,NA,NA,NA,NA,NA,NA,NA,NA,NA,NA,NA,NA,NA,NA,NA,NA,NA
"Set_5dose_methods_prior","Set_5dose_methods_prior_SC3",3,"CRM","crm_random",NA,NA,"random",NA,0,0,0.0714,28,3,1,1,1,0.15,0.15,0.1547,0.038,NA,NA,4.031,6.2822,6.2822,0,29.7349,19.4848,1.137,337.3122,1935,1935,"0.15,0.2,0.3,0.35,0.45",0,1.4142,0.15,0.85,NA,NA,NA,NA,NA,NA,NA,NA,NA,NA,NA,NA,NA,NA,NA,NA,NA,NA,NA,NA,NA,NA,NA,NA
"Set_5dose_methods_prior","Set_5dose_methods_prior_SC3",3,"CRM","crm_random",NA,NA,"random",NA,0,0,0.0714,28,3,1,1,2,0.2,0.2,0.2008,NA,NA,NA,21.5504,6.6589,6.6589,4.1333,29.7349,19.4848,1.137,337.3122,1935,1935,"0.15,0.2,0.3,0.35,0.45",0,1.4142,0.15,0.85,NA,NA,NA,NA,NA,NA,NA,NA,NA,NA,NA,NA,NA,NA,NA,NA,NA,NA,NA,NA,NA,NA,NA,NA
"Set_5dose_methods_prior","Set_5dose_methods_prior_SC3",3,"CRM","crm_random",NA,NA,"random",NA,0,0,0.0714,28,3,1,1,3,0.3,0.3,0.2933,NA,NA,NA,33.8501,7.5178,7.5178,3.507,29.7349,19.4848,1.137,337.3122,1935,1935,"0.15,0.2,0.3,0.35,0.45",0,1.4142,0.15,0.85,NA,NA,NA,NA,NA,NA,NA,NA,NA,NA,NA,NA,NA,NA,NA,NA,NA,NA,NA,NA,NA,NA,NA,NA
"Set_5dose_methods_prior","Set_5dose_methods_prior_SC3",3,"CRM","crm_random",NA,NA,"random",NA,0,0,0.0714,28,3,1,1,4,0.35,0.35,0.3401,NA,NA,NA,26.8734,5.5349,5.5349,1.3204,29.7349,19.4848,1.137,337.3122,1935,1935,"0.15,0.2,0.3,0.35,0.45",0,1.4142,0.15,0.85,NA,NA,NA,NA,NA,NA,NA,NA,NA,NA,NA,NA,NA,NA,NA,NA,NA,NA,NA,NA,NA,NA,NA,NA
"Set_5dose_methods_prior","Set_5dose_methods_prior_SC3",3,"CRM","crm_random",NA,NA,"random",NA,0,0,0.0714,28,3,1,1,5,0.45,0.45,0.4351,NA,NA,NA,12.5581,3.7411,3.7411,1.2894,29.7349,19.4848,1.137,337.3122,1935,1935,"0.15,0.2,0.3,0.35,0.45",0,1.4142,0.15,0.85,NA,NA,NA,NA,NA,NA,NA,NA,NA,NA,NA,NA,NA,NA,NA,NA,NA,NA,NA,NA,NA,NA,NA,NA
"Set_5dose_methods_prior","Set_5dose_methods_prior_SC3",3,"CRM","crm_alpha_crm",NA,NA,"alpha_crm",NA,0,0,0.0714,28,3,1,1,1,0.15,0.15,0.1424,NA,NA,NA,3.1008,6.1674,6.1674,0,29.738,19.8067,1.1886,338.5805,1935,1935,"0.15,0.2,0.3,0.35,0.45",0,1.4142,0.15,0.85,NA,NA,NA,NA,NA,NA,NA,NA,NA,NA,NA,NA,NA,"15,20,30,35,45",61,NA,NA,NA,NA,NA,NA,NA,NA,NA
"Set_5dose_methods_prior","Set_5dose_methods_prior_SC3",3,"CRM","crm_alpha_crm",NA,NA,"alpha_crm",NA,0,0,0.0714,28,3,1,1,2,0.2,0.2,0.1866,NA,NA,NA,18.3979,6.0512,6.0512,4.0708,29.738,19.8067,1.1886,338.5805,1935,1935,"0.15,0.2,0.3,0.35,0.45",0,1.4142,0.15,0.85,NA,NA,NA,NA,NA,NA,NA,NA,NA,NA,NA,NA,NA,"15,20,30,35,45",61,NA,NA,NA,NA,NA,NA,NA,NA,NA
"Set_5dose_methods_prior","Set_5dose_methods_prior_SC3",3,"CRM","crm_alpha_crm",NA,NA,"alpha_crm",NA,0,0,0.0714,28,3,1,1,3,0.3,0.3,0.2769,NA,NA,NA,29.1473,6.5364,6.5364,3.3339,29.738,19.8067,1.1886,338.5805,1935,1935,"0.15,0.2,0.3,0.35,0.45",0,1.4142,0.15,0.85,NA,NA,NA,NA,NA,NA,NA,NA,NA,NA,NA,NA,NA,"15,20,30,35,45",61,NA,NA,NA,NA,NA,NA,NA,NA,NA
"Set_5dose_methods_prior","Set_5dose_methods_prior_SC3",3,"CRM","crm_alpha_crm",NA,NA,"alpha_crm",NA,0,0,0.0714,28,3,1,1,4,0.35,0.35,0.3231,NA,NA,NA,30.6977,5.9209,5.9209,1.045,29.738,19.8067,1.1886,338.5805,1935,1935,"0.15,0.2,0.3,0.35,0.45",0,1.4142,0.15,0.85,NA,NA,NA,NA,NA,NA,NA,NA,NA,NA,NA,NA,NA,"15,20,30,35,45",61,NA,NA,NA,NA,NA,NA,NA,NA,NA
"Set_5dose_methods_prior","Set_5dose_methods_prior_SC3",3,"CRM","crm_alpha_crm",NA,NA,"alpha_crm",NA,0,0,0.0714,28,3,1,1,5,0.45,0.45,0.418,NA,NA,NA,17.4677,5.062,5.062,1.4817,29.738,19.8067,1.1886,338.5805,1935,1935,"0.15,0.2,0.3,0.35,0.45",0,1.4142,0.15,0.85,NA,NA,NA,NA,NA,NA,NA,NA,NA,NA,NA,NA,NA,"15,20,30,35,45",61,NA,NA,NA,NA,NA,NA,NA,NA,NA
"Set_5dose_methods_prior","Set_5dose_methods_prior_SC3",3,"CRM","crm_cumu_crm",NA,NA,"cumu_crm",NA,0,0,0.0714,28,3,1,1,1,0.15,0.15,0.1315,NA,NA,NA,1.4987,3.9473,3.9473,0,29.8837,20.4553,0.4651,338.012,1935,1935,"0.15,0.2,0.3,0.35,0.45",0,1.4142,0.15,0.85,NA,NA,NA,NA,NA,NA,NA,NA,NA,NA,NA,NA,NA,NA,NA,"15,20,30,35,45","0.62828086,0.83770782,1.25656172,1.46598868,1.88484259",-2.8,2,1,2.5,1.6,1,0
"Set_5dose_methods_prior","Set_5dose_methods_prior_SC3",3,"CRM","crm_cumu_crm",NA,NA,"cumu_crm",NA,0,0,0.0714,28,3,1,1,2,0.2,0.2,0.1677,NA,NA,NA,13.2817,5.8372,5.8372,3.0372,29.8837,20.4553,0.4651,338.012,1935,1935,"0.15,0.2,0.3,0.35,0.45",0,1.4142,0.15,0.85,NA,NA,NA,NA,NA,NA,NA,NA,NA,NA,NA,NA,NA,NA,NA,"15,20,30,35,45","0.62828086,0.83770782,1.25656172,1.46598868,1.88484259",-2.8,2,1,2.5,1.6,1,0
"Set_5dose_methods_prior","Set_5dose_methods_prior_SC3",3,"CRM","crm_cumu_crm",NA,NA,"cumu_crm",NA,0,0,0.0714,28,3,1,1,3,0.3,0.3,0.2649,NA,NA,NA,28.3721,7.0031,7.0031,3.2088,29.8837,20.4553,0.4651,338.012,1935,1935,"0.15,0.2,0.3,0.35,0.45",0,1.4142,0.15,0.85,NA,NA,NA,NA,NA,NA,NA,NA,NA,NA,NA,NA,NA,NA,NA,"15,20,30,35,45","0.62828086,0.83770782,1.25656172,1.46598868,1.88484259",-2.8,2,1,2.5,1.6,1,0
"Set_5dose_methods_prior","Set_5dose_methods_prior_SC3",3,"CRM","crm_cumu_crm",NA,NA,"cumu_crm",NA,0,0,0.0714,28,3,1,1,4,0.35,0.35,0.3238,NA,NA,NA,34.8837,7.0295,7.0295,1.3757,29.8837,20.4553,0.4651,338.012,1935,1935,"0.15,0.2,0.3,0.35,0.45",0,1.4142,0.15,0.85,NA,NA,NA,NA,NA,NA,NA,NA,NA,NA,NA,NA,NA,NA,NA,"15,20,30,35,45","0.62828086,0.83770782,1.25656172,1.46598868,1.88484259",-2.8,2,1,2.5,1.6,1,0
"Set_5dose_methods_prior","Set_5dose_methods_prior_SC3",3,"CRM","crm_cumu_crm",NA,NA,"cumu_crm",NA,0,0,0.0714,28,3,1,1,5,0.45,0.45,0.4503,NA,NA,NA,21.4987,6.0667,6.0667,1.8067,29.8837,20.4553,0.4651,338.012,1935,1935,"0.15,0.2,0.3,0.35,0.45",0,1.4142,0.15,0.85,NA,NA,NA,NA,NA,NA,NA,NA,NA,NA,NA,NA,NA,NA,NA,"15,20,30,35,45","0.62828086,0.83770782,1.25656172,1.46598868,1.88484259",-2.8,2,1,2.5,1.6,1,0
"Set_5dose_methods_prior","Set_5dose_methods_prior_SC3",3,"CRM","crm_fixed",NA,NA,"fixed",NA,0.3,0,0.0714,28,1,1,1,1,0.15,0.15,0.1615,0,NA,NA,4.7028,6.7752,6.7752,0,29.7442,29.7442,1.0853,434.7413,1935,1935,"0.15,0.2,0.3,0.35,0.45",0,1.4142,0.15,0.85,NA,NA,NA,NA,NA,NA,NA,NA,NA,NA,NA,NA,NA,NA,NA,NA,NA,NA,NA,NA,NA,NA,NA,NA
"Set_5dose_methods_prior","Set_5dose_methods_prior_SC3",3,"CRM","crm_fixed",NA,NA,"fixed",NA,0.3,0,0.0714,28,1,1,1,2,0.2,0.245,0.2087,NA,NA,NA,23.9793,7.1457,7.1457,0,29.7442,29.7442,1.0853,434.7413,1935,1935,"0.15,0.2,0.3,0.35,0.45",0,1.4142,0.15,0.85,NA,NA,NA,NA,NA,NA,NA,NA,NA,NA,NA,NA,NA,NA,NA,NA,NA,NA,NA,NA,NA,NA,NA,NA
"Set_5dose_methods_prior","Set_5dose_methods_prior_SC3",3,"CRM","crm_fixed",NA,NA,"fixed",NA,0.3,0,0.0714,28,1,1,1,3,0.3,0.36,0.3028,NA,NA,NA,35.5039,7.8558,7.8558,0,29.7442,29.7442,1.0853,434.7413,1935,1935,"0.15,0.2,0.3,0.35,0.45",0,1.4142,0.15,0.85,NA,NA,NA,NA,NA,NA,NA,NA,NA,NA,NA,NA,NA,NA,NA,NA,NA,NA,NA,NA,NA,NA,NA,NA
"Set_5dose_methods_prior","Set_5dose_methods_prior_SC3",3,"CRM","crm_fixed",NA,NA,"fixed",NA,0.3,0,0.0714,28,1,1,1,4,0.35,0.44,0.3501,NA,NA,NA,24.8579,5.1566,5.1566,0,29.7442,29.7442,1.0853,434.7413,1935,1935,"0.15,0.2,0.3,0.35,0.45",0,1.4142,0.15,0.85,NA,NA,NA,NA,NA,NA,NA,NA,NA,NA,NA,NA,NA,NA,NA,NA,NA,NA,NA,NA,NA,NA,NA,NA
"Set_5dose_methods_prior","Set_5dose_methods_prior_SC3",3,"CRM","crm_fixed",NA,NA,"fixed",NA,0.3,0,0.0714,28,1,1,1,5,0.45,0.555,0.4455,NA,NA,NA,9.8708,2.8109,2.8109,0,29.7442,29.7442,1.0853,434.7413,1935,1935,"0.15,0.2,0.3,0.35,0.45",0,1.4142,0.15,0.85,NA,NA,NA,NA,NA,NA,NA,NA,NA,NA,NA,NA,NA,NA,NA,NA,NA,NA,NA,NA,NA,NA,NA,NA
"Set_5dose_methods_prior","Set_5dose_methods_prior_SC3",3,"CRM","crm_level",NA,NA,"level",NA,0.3,0,0.0714,28,1,1,1,1,0.15,0.15,0.1614,NA,NA,NA,4.5995,6.7814,6.7814,0,29.7442,29.7442,1.0853,434.7413,1935,1935,"0.15,0.2,0.3,0.35,0.45",0,1.4142,0.15,0.85,NA,NA,NA,NA,NA,NA,NA,NA,NA,NA,NA,NA,NA,NA,NA,NA,NA,NA,NA,NA,NA,NA,NA,NA
"Set_5dose_methods_prior","Set_5dose_methods_prior_SC3",3,"CRM","crm_level",NA,NA,"level",NA,0.3,0,0.0714,28,1,1,1,2,0.2,0.245,0.2086,0.0798,NA,NA,23.7726,7.1163,7.1163,0,29.7442,29.7442,1.0853,434.7413,1935,1935,"0.15,0.2,0.3,0.35,0.45",0,1.4142,0.15,0.85,NA,NA,NA,NA,NA,NA,NA,NA,NA,NA,NA,NA,NA,NA,NA,NA,NA,NA,NA,NA,NA,NA,NA,NA
"Set_5dose_methods_prior","Set_5dose_methods_prior_SC3",3,"CRM","crm_level",NA,NA,"level",NA,0.3,0,0.0714,28,1,1,1,3,0.3,0.36,0.3027,0.0908,NA,NA,35.969,7.8961,7.8961,0,29.7442,29.7442,1.0853,434.7413,1935,1935,"0.15,0.2,0.3,0.35,0.45",0,1.4142,0.15,0.85,NA,NA,NA,NA,NA,NA,NA,NA,NA,NA,NA,NA,NA,NA,NA,NA,NA,NA,NA,NA,NA,NA,NA,NA
"Set_5dose_methods_prior","Set_5dose_methods_prior_SC3",3,"CRM","crm_level",NA,NA,"level",NA,0.3,0,0.0714,28,1,1,1,4,0.35,0.44,0.3499,0.106,NA,NA,24.5995,5.1395,5.1395,0,29.7442,29.7442,1.0853,434.7413,1935,1935,"0.15,0.2,0.3,0.35,0.45",0,1.4142,0.15,0.85,NA,NA,NA,NA,NA,NA,NA,NA,NA,NA,NA,NA,NA,NA,NA,NA,NA,NA,NA,NA,NA,NA,NA,NA
"Set_5dose_methods_prior","Set_5dose_methods_prior_SC3",3,"CRM","crm_level",NA,NA,"level",NA,0.3,0,0.0714,28,1,1,1,5,0.45,0.555,0.4453,0.13,NA,NA,9.9742,2.8109,2.8109,0,29.7442,29.7442,1.0853,434.7413,1935,1935,"0.15,0.2,0.3,0.35,0.45",0,1.4142,0.15,0.85,NA,NA,NA,NA,NA,NA,NA,NA,NA,NA,NA,NA,NA,NA,NA,NA,NA,NA,NA,NA,NA,NA,NA,NA
"Set_5dose_methods_prior","Set_5dose_methods_prior_SC3",3,"CRM","crm_random",NA,NA,"random",NA,0.3,0,0.0714,28,1,1,1,1,0.15,0.15,0.1615,0.0819,NA,NA,4.6512,6.7829,6.7829,0,29.7442,29.7442,1.0853,434.7413,1935,1935,"0.15,0.2,0.3,0.35,0.45",0,1.4142,0.15,0.85,NA,NA,NA,NA,NA,NA,NA,NA,NA,NA,NA,NA,NA,NA,NA,NA,NA,NA,NA,NA,NA,NA,NA,NA
"Set_5dose_methods_prior","Set_5dose_methods_prior_SC3",3,"CRM","crm_random",NA,NA,"random",NA,0.3,0,0.0714,28,1,1,1,2,0.2,0.245,0.2087,NA,NA,NA,24.1344,7.1442,7.1442,0,29.7442,29.7442,1.0853,434.7413,1935,1935,"0.15,0.2,0.3,0.35,0.45",0,1.4142,0.15,0.85,NA,NA,NA,NA,NA,NA,NA,NA,NA,NA,NA,NA,NA,NA,NA,NA,NA,NA,NA,NA,NA,NA,NA,NA
"Set_5dose_methods_prior","Set_5dose_methods_prior_SC3",3,"CRM","crm_random",NA,NA,"random",NA,0.3,0,0.0714,28,1,1,1,3,0.3,0.36,0.3027,NA,NA,NA,35.5556,7.8837,7.8837,0,29.7442,29.7442,1.0853,434.7413,1935,1935,"0.15,0.2,0.3,0.35,0.45",0,1.4142,0.15,0.85,NA,NA,NA,NA,NA,NA,NA,NA,NA,NA,NA,NA,NA,NA,NA,NA,NA,NA,NA,NA,NA,NA,NA,NA
"Set_5dose_methods_prior","Set_5dose_methods_prior_SC3",3,"CRM","crm_random",NA,NA,"random",NA,0.3,0,0.0714,28,1,1,1,4,0.35,0.44,0.35,NA,NA,NA,24.5478,5.1442,5.1442,0,29.7442,29.7442,1.0853,434.7413,1935,1935,"0.15,0.2,0.3,0.35,0.45",0,1.4142,0.15,0.85,NA,NA,NA,NA,NA,NA,NA,NA,NA,NA,NA,NA,NA,NA,NA,NA,NA,NA,NA,NA,NA,NA,NA,NA
"Set_5dose_methods_prior","Set_5dose_methods_prior_SC3",3,"CRM","crm_random",NA,NA,"random",NA,0.3,0,0.0714,28,1,1,1,5,0.45,0.555,0.4454,NA,NA,NA,10.0258,2.7891,2.7891,0,29.7442,29.7442,1.0853,434.7413,1935,1935,"0.15,0.2,0.3,0.35,0.45",0,1.4142,0.15,0.85,NA,NA,NA,NA,NA,NA,NA,NA,NA,NA,NA,NA,NA,NA,NA,NA,NA,NA,NA,NA,NA,NA,NA,NA
"Set_5dose_methods_prior","Set_5dose_methods_prior_SC3",3,"CRM","crm_alpha_crm",NA,NA,"alpha_crm",NA,0.3,0,0.0714,28,1,1,1,1,0.15,0.15,0.1614,NA,NA,NA,4.4444,6.7721,6.7721,0,29.738,29.738,1.1886,434.665,1935,1935,"0.15,0.2,0.3,0.35,0.45",0,1.4142,0.15,0.85,NA,NA,NA,NA,NA,NA,NA,NA,NA,NA,NA,NA,NA,"15,20,30,35,45",61,NA,NA,NA,NA,NA,NA,NA,NA,NA
"Set_5dose_methods_prior","Set_5dose_methods_prior_SC3",3,"CRM","crm_alpha_crm",NA,NA,"alpha_crm",NA,0.3,0,0.0714,28,1,1,1,2,0.2,0.245,0.2086,NA,NA,NA,24.2377,7.138,7.138,0,29.738,29.738,1.1886,434.665,1935,1935,"0.15,0.2,0.3,0.35,0.45",0,1.4142,0.15,0.85,NA,NA,NA,NA,NA,NA,NA,NA,NA,NA,NA,NA,NA,"15,20,30,35,45",61,NA,NA,NA,NA,NA,NA,NA,NA,NA
"Set_5dose_methods_prior","Set_5dose_methods_prior_SC3",3,"CRM","crm_alpha_crm",NA,NA,"alpha_crm",NA,0.3,0,0.0714,28,1,1,1,3,0.3,0.36,0.3027,NA,NA,NA,35.2972,7.9085,7.9085,0,29.738,29.738,1.1886,434.665,1935,1935,"0.15,0.2,0.3,0.35,0.45",0,1.4142,0.15,0.85,NA,NA,NA,NA,NA,NA,NA,NA,NA,NA,NA,NA,NA,"15,20,30,35,45",61,NA,NA,NA,NA,NA,NA,NA,NA,NA
"Set_5dose_methods_prior","Set_5dose_methods_prior_SC3",3,"CRM","crm_alpha_crm",NA,NA,"alpha_crm",NA,0.3,0,0.0714,28,1,1,1,4,0.35,0.44,0.3497,NA,NA,NA,24.8579,5.0884,5.0884,0,29.738,29.738,1.1886,434.665,1935,1935,"0.15,0.2,0.3,0.35,0.45",0,1.4142,0.15,0.85,NA,NA,NA,NA,NA,NA,NA,NA,NA,NA,NA,NA,NA,"15,20,30,35,45",61,NA,NA,NA,NA,NA,NA,NA,NA,NA
"Set_5dose_methods_prior","Set_5dose_methods_prior_SC3",3,"CRM","crm_alpha_crm",NA,NA,"alpha_crm",NA,0.3,0,0.0714,28,1,1,1,5,0.45,0.555,0.4454,NA,NA,NA,9.9742,2.831,2.831,0,29.738,29.738,1.1886,434.665,1935,1935,"0.15,0.2,0.3,0.35,0.45",0,1.4142,0.15,0.85,NA,NA,NA,NA,NA,NA,NA,NA,NA,NA,NA,NA,NA,"15,20,30,35,45",61,NA,NA,NA,NA,NA,NA,NA,NA,NA
"Set_5dose_methods_prior","Set_5dose_methods_prior_SC3",3,"CRM","crm_cumu_crm",NA,NA,"cumu_crm",NA,0.3,0,0.0714,28,1,1,1,1,0.15,0.15,0.148,NA,NA,NA,2.6357,4.369,4.369,0,29.8775,29.8775,0.5168,436.4193,1935,1935,"0.15,0.2,0.3,0.35,0.45",0,1.4142,0.15,0.85,NA,NA,NA,NA,NA,NA,NA,NA,NA,NA,NA,NA,NA,NA,NA,"15,20,30,35,45","0.62828086,0.83770782,1.25656172,1.46598868,1.88484259",-2.8,2,1,2.5,1.6,1,0
"Set_5dose_methods_prior","Set_5dose_methods_prior_SC3",3,"CRM","crm_cumu_crm",NA,NA,"cumu_crm",NA,0.3,0,0.0714,28,1,1,1,2,0.2,0.245,0.1929,NA,NA,NA,24.7545,8.2543,8.2543,0,29.8775,29.8775,0.5168,436.4193,1935,1935,"0.15,0.2,0.3,0.35,0.45",0,1.4142,0.15,0.85,NA,NA,NA,NA,NA,NA,NA,NA,NA,NA,NA,NA,NA,NA,NA,"15,20,30,35,45","0.62828086,0.83770782,1.25656172,1.46598868,1.88484259",-2.8,2,1,2.5,1.6,1,0
"Set_5dose_methods_prior","Set_5dose_methods_prior_SC3",3,"CRM","crm_cumu_crm",NA,NA,"cumu_crm",NA,0.3,0,0.0714,28,1,1,1,3,0.3,0.36,0.3119,NA,NA,NA,34.8837,8.4992,8.4992,0,29.8775,29.8775,0.5168,436.4193,1935,1935,"0.15,0.2,0.3,0.35,0.45",0,1.4142,0.15,0.85,NA,NA,NA,NA,NA,NA,NA,NA,NA,NA,NA,NA,NA,NA,NA,"15,20,30,35,45","0.62828086,0.83770782,1.25656172,1.46598868,1.88484259",-2.8,2,1,2.5,1.6,1,0
"Set_5dose_methods_prior","Set_5dose_methods_prior_SC3",3,"CRM","crm_cumu_crm",NA,NA,"cumu_crm",NA,0.3,0,0.0714,28,1,1,1,4,0.35,0.44,0.381,NA,NA,NA,26.615,5.7147,5.7147,0,29.8775,29.8775,0.5168,436.4193,1935,1935,"0.15,0.2,0.3,0.35,0.45",0,1.4142,0.15,0.85,NA,NA,NA,NA,NA,NA,NA,NA,NA,NA,NA,NA,NA,NA,NA,"15,20,30,35,45","0.62828086,0.83770782,1.25656172,1.46598868,1.88484259",-2.8,2,1,2.5,1.6,1,0
"Set_5dose_methods_prior","Set_5dose_methods_prior_SC3",3,"CRM","crm_cumu_crm",NA,NA,"cumu_crm",NA,0.3,0,0.0714,28,1,1,1,5,0.45,0.555,0.52,NA,NA,NA,10.5943,3.0403,3.0403,0,29.8775,29.8775,0.5168,436.4193,1935,1935,"0.15,0.2,0.3,0.35,0.45",0,1.4142,0.15,0.85,NA,NA,NA,NA,NA,NA,NA,NA,NA,NA,NA,NA,NA,NA,NA,"15,20,30,35,45","0.62828086,0.83770782,1.25656172,1.46598868,1.88484259",-2.8,2,1,2.5,1.6,1,0
"Set_5dose_methods_prior","Set_5dose_methods_prior_SC3",3,"CRM","crm_fixed",NA,NA,"fixed",NA,0.3,0,0.0714,28,2,1,1,1,0.15,0.15,0.1744,0,NA,NA,6.9251,7.3132,7.3132,0,29.7442,21.4036,1.0853,350.9487,1935,1935,"0.15,0.2,0.3,0.35,0.45",0,1.4142,0.15,0.85,NA,NA,NA,NA,NA,NA,NA,NA,NA,NA,NA,NA,NA,NA,NA,NA,NA,NA,NA,NA,NA,NA,NA,NA
"Set_5dose_methods_prior","Set_5dose_methods_prior_SC3",3,"CRM","crm_fixed",NA,NA,"fixed",NA,0.3,0,0.0714,28,2,1,1,2,0.2,0.245,0.2232,NA,NA,NA,28.6305,7.8899,7.8899,4.6434,29.7442,21.4036,1.0853,350.9487,1935,1935,"0.15,0.2,0.3,0.35,0.45",0,1.4142,0.15,0.85,NA,NA,NA,NA,NA,NA,NA,NA,NA,NA,NA,NA,NA,NA,NA,NA,NA,NA,NA,NA,NA,NA,NA,NA
"Set_5dose_methods_prior","Set_5dose_methods_prior_SC3",3,"CRM","crm_fixed",NA,NA,"fixed",NA,0.3,0,0.0714,28,2,1,1,3,0.3,0.36,0.3193,NA,NA,NA,37.5194,7.9798,7.9798,1.076,29.7442,21.4036,1.0853,350.9487,1935,1935,"0.15,0.2,0.3,0.35,0.45",0,1.4142,0.15,0.85,NA,NA,NA,NA,NA,NA,NA,NA,NA,NA,NA,NA,NA,NA,NA,NA,NA,NA,NA,NA,NA,NA,NA,NA
"Set_5dose_methods_prior","Set_5dose_methods_prior_SC3",3,"CRM","crm_fixed",NA,NA,"fixed",NA,0.3,0,0.0714,28,2,1,1,4,0.35,0.44,0.367,NA,NA,NA,19.8966,4.6682,4.6682,2.2517,29.7442,21.4036,1.0853,350.9487,1935,1935,"0.15,0.2,0.3,0.35,0.45",0,1.4142,0.15,0.85,NA,NA,NA,NA,NA,NA,NA,NA,NA,NA,NA,NA,NA,NA,NA,NA,NA,NA,NA,NA,NA,NA,NA,NA
"Set_5dose_methods_prior","Set_5dose_methods_prior_SC3",3,"CRM","crm_fixed",NA,NA,"fixed",NA,0.3,0,0.0714,28,2,1,1,5,0.45,0.555,0.4624,NA,NA,NA,5.9432,1.893,1.893,0.3695,29.7442,21.4036,1.0853,350.9487,1935,1935,"0.15,0.2,0.3,0.35,0.45",0,1.4142,0.15,0.85,NA,NA,NA,NA,NA,NA,NA,NA,NA,NA,NA,NA,NA,NA,NA,NA,NA,NA,NA,NA,NA,NA,NA,NA
"Set_5dose_methods_prior","Set_5dose_methods_prior_SC3",3,"CRM","crm_level",NA,NA,"level",NA,0.3,0,0.0714,28,2,1,1,1,0.15,0.15,0.1647,NA,NA,NA,5.9432,6.6326,6.6326,0,29.7442,21.4708,1.0853,352.1112,1935,1935,"0.15,0.2,0.3,0.35,0.45",0,1.4142,0.15,0.85,NA,NA,NA,NA,NA,NA,NA,NA,NA,NA,NA,NA,NA,NA,NA,NA,NA,NA,NA,NA,NA,NA,NA,NA
"Set_5dose_methods_prior","Set_5dose_methods_prior_SC3",3,"CRM","crm_level",NA,NA,"level",NA,0.3,0,0.0714,28,2,1,1,2,0.2,0.245,0.2121,0.0514,NA,NA,25.323,7.5225,7.5225,4.3468,29.7442,21.4708,1.0853,352.1112,1935,1935,"0.15,0.2,0.3,0.35,0.45",0,1.4142,0.15,0.85,NA,NA,NA,NA,NA,NA,NA,NA,NA,NA,NA,NA,NA,NA,NA,NA,NA,NA,NA,NA,NA,NA,NA,NA
"Set_5dose_methods_prior","Set_5dose_methods_prior_SC3",3,"CRM","crm_level",NA,NA,"level",NA,0.3,0,0.0714,28,2,1,1,3,0.3,0.36,0.3064,0.0834,NA,NA,36.7442,7.8248,7.8248,1.1855,29.7442,21.4708,1.0853,352.1112,1935,1935,"0.15,0.2,0.3,0.35,0.45",0,1.4142,0.15,0.85,NA,NA,NA,NA,NA,NA,NA,NA,NA,NA,NA,NA,NA,NA,NA,NA,NA,NA,NA,NA,NA,NA,NA,NA
"Set_5dose_methods_prior","Set_5dose_methods_prior_SC3",3,"CRM","crm_level",NA,NA,"level",NA,0.3,0,0.0714,28,2,1,1,4,0.35,0.44,0.3537,0.1111,NA,NA,22.9457,4.9488,4.9488,2.3375,29.7442,21.4708,1.0853,352.1112,1935,1935,"0.15,0.2,0.3,0.35,0.45",0,1.4142,0.15,0.85,NA,NA,NA,NA,NA,NA,NA,NA,NA,NA,NA,NA,NA,NA,NA,NA,NA,NA,NA,NA,NA,NA,NA,NA
"Set_5dose_methods_prior","Set_5dose_methods_prior_SC3",3,"CRM","crm_level",NA,NA,"level",NA,0.3,0,0.0714,28,2,1,1,5,0.45,0.555,0.4489,0.1304,NA,NA,7.9587,2.8155,2.8155,0.4036,29.7442,21.4708,1.0853,352.1112,1935,1935,"0.15,0.2,0.3,0.35,0.45",0,1.4142,0.15,0.85,NA,NA,NA,NA,NA,NA,NA,NA,NA,NA,NA,NA,NA,NA,NA,NA,NA,NA,NA,NA,NA,NA,NA,NA
"Set_5dose_methods_prior","Set_5dose_methods_prior_SC3",3,"CRM","crm_random",NA,NA,"random",NA,0.3,0,0.0714,28,2,1,1,1,0.15,0.15,0.1668,0.049,NA,NA,5.6331,6.6419,6.6419,0,29.7457,21.4413,1.0853,351.3336,1935,1935,"0.15,0.2,0.3,0.35,0.45",0,1.4142,0.15,0.85,NA,NA,NA,NA,NA,NA,NA,NA,NA,NA,NA,NA,NA,NA,NA,NA,NA,NA,NA,NA,NA,NA,NA,NA
"Set_5dose_methods_prior","Set_5dose_methods_prior_SC3",3,"CRM","crm_random",NA,NA,"random",NA,0.3,0,0.0714,28,2,1,1,2,0.2,0.245,0.2144,NA,NA,NA,27.0801,7.4543,7.4543,4.3674,29.7457,21.4413,1.0853,351.3336,1935,1935,"0.15,0.2,0.3,0.35,0.45",0,1.4142,0.15,0.85,NA,NA,NA,NA,NA,NA,NA,NA,NA,NA,NA,NA,NA,NA,NA,NA,NA,NA,NA,NA,NA,NA,NA,NA
"Set_5dose_methods_prior","Set_5dose_methods_prior_SC3",3,"CRM","crm_random",NA,NA,"random",NA,0.3,0,0.0714,28,2,1,1,3,0.3,0.36,0.3089,NA,NA,NA,36.9509,7.8698,7.8698,1.1855,29.7457,21.4413,1.0853,351.3336,1935,1935,"0.15,0.2,0.3,0.35,0.45",0,1.4142,0.15,0.85,NA,NA,NA,NA,NA,NA,NA,NA,NA,NA,NA,NA,NA,NA,NA,NA,NA,NA,NA,NA,NA,NA,NA,NA
"Set_5dose_methods_prior","Set_5dose_methods_prior_SC3",3,"CRM","crm_random",NA,NA,"random",NA,0.3,0,0.0714,28,2,1,1,4,0.35,0.44,0.3562,NA,NA,NA,21.5504,5.0419,5.0419,2.3225,29.7457,21.4413,1.0853,351.3336,1935,1935,"0.15,0.2,0.3,0.35,0.45",0,1.4142,0.15,0.85,NA,NA,NA,NA,NA,NA,NA,NA,NA,NA,NA,NA,NA,NA,NA,NA,NA,NA,NA,NA,NA,NA,NA,NA
"Set_5dose_methods_prior","Set_5dose_methods_prior_SC3",3,"CRM","crm_random",NA,NA,"random",NA,0.3,0,0.0714,28,2,1,1,5,0.45,0.555,0.4513,NA,NA,NA,7.7003,2.738,2.738,0.4289,29.7457,21.4413,1.0853,351.3336,1935,1935,"0.15,0.2,0.3,0.35,0.45",0,1.4142,0.15,0.85,NA,NA,NA,NA,NA,NA,NA,NA,NA,NA,NA,NA,NA,NA,NA,NA,NA,NA,NA,NA,NA,NA,NA,NA
"Set_5dose_methods_prior","Set_5dose_methods_prior_SC3",3,"CRM","crm_alpha_crm",NA,NA,"alpha_crm",NA,0.3,0,0.0714,28,2,1,1,1,0.15,0.15,0.156,NA,NA,NA,4.4444,6.5597,6.5597,0,29.738,21.539,1.1886,351.7258,1935,1935,"0.15,0.2,0.3,0.35,0.45",0,1.4142,0.15,0.85,NA,NA,NA,NA,NA,NA,NA,NA,NA,NA,NA,NA,NA,"15,20,30,35,45",61,NA,NA,NA,NA,NA,NA,NA,NA,NA
"Set_5dose_methods_prior","Set_5dose_methods_prior_SC3",3,"CRM","crm_alpha_crm",NA,NA,"alpha_crm",NA,0.3,0,0.0714,28,2,1,1,2,0.2,0.245,0.2023,NA,NA,NA,22.8941,7.2,7.2,4.262,29.738,21.539,1.1886,351.7258,1935,1935,"0.15,0.2,0.3,0.35,0.45",0,1.4142,0.15,0.85,NA,NA,NA,NA,NA,NA,NA,NA,NA,NA,NA,NA,NA,"15,20,30,35,45",61,NA,NA,NA,NA,NA,NA,NA,NA,NA
"Set_5dose_methods_prior","Set_5dose_methods_prior_SC3",3,"CRM","crm_alpha_crm",NA,NA,"alpha_crm",NA,0.3,0,0.0714,28,2,1,1,3,0.3,0.36,0.2952,NA,NA,NA,34.677,7.3194,7.3194,1.2599,29.738,21.539,1.1886,351.7258,1935,1935,"0.15,0.2,0.3,0.35,0.45",0,1.4142,0.15,0.85,NA,NA,NA,NA,NA,NA,NA,NA,NA,NA,NA,NA,NA,"15,20,30,35,45",61,NA,NA,NA,NA,NA,NA,NA,NA,NA
"Set_5dose_methods_prior","Set_5dose_methods_prior_SC3",3,"CRM","crm_alpha_crm",NA,NA,"alpha_crm",NA,0.3,0,0.0714,28,2,1,1,4,0.35,0.44,0.3422,NA,NA,NA,25.2196,5.1829,5.1829,2.1519,29.738,21.539,1.1886,351.7258,1935,1935,"0.15,0.2,0.3,0.35,0.45",0,1.4142,0.15,0.85,NA,NA,NA,NA,NA,NA,NA,NA,NA,NA,NA,NA,NA,"15,20,30,35,45",61,NA,NA,NA,NA,NA,NA,NA,NA,NA
"Set_5dose_methods_prior","Set_5dose_methods_prior_SC3",3,"CRM","crm_alpha_crm",NA,NA,"alpha_crm",NA,0.3,0,0.0714,28,2,1,1,5,0.45,0.555,0.4374,NA,NA,NA,11.5762,3.476,3.476,0.5251,29.738,21.539,1.1886,351.7258,1935,1935,"0.15,0.2,0.3,0.35,0.45",0,1.4142,0.15,0.85,NA,NA,NA,NA,NA,NA,NA,NA,NA,NA,NA,NA,NA,"15,20,30,35,45",61,NA,NA,NA,NA,NA,NA,NA,NA,NA
"Set_5dose_methods_prior","Set_5dose_methods_prior_SC3",3,"CRM","crm_cumu_crm",NA,NA,"cumu_crm",NA,0.3,0,0.0714,28,2,1,1,1,0.15,0.15,0.1402,NA,NA,NA,2.4289,4.1891,4.1891,0,29.8946,22.1189,0.4134,353.329,1935,1935,"0.15,0.2,0.3,0.35,0.45",0,1.4142,0.15,0.85,NA,NA,NA,NA,NA,NA,NA,NA,NA,NA,NA,NA,NA,NA,NA,"15,20,30,35,45","0.62828086,0.83770782,1.25656172,1.46598868,1.88484259",-2.8,2,1,2.5,1.6,1,0
"Set_5dose_methods_prior","Set_5dose_methods_prior_SC3",3,"CRM","crm_cumu_crm",NA,NA,"cumu_crm",NA,0.3,0,0.0714,28,2,1,1,2,0.2,0.245,0.1809,NA,NA,NA,18.1395,7.4775,7.4775,3.1556,29.8946,22.1189,0.4134,353.329,1935,1935,"0.15,0.2,0.3,0.35,0.45",0,1.4142,0.15,0.85,NA,NA,NA,NA,NA,NA,NA,NA,NA,NA,NA,NA,NA,NA,NA,"15,20,30,35,45","0.62828086,0.83770782,1.25656172,1.46598868,1.88484259",-2.8,2,1,2.5,1.6,1,0
"Set_5dose_methods_prior","Set_5dose_methods_prior_SC3",3,"CRM","crm_cumu_crm",NA,NA,"cumu_crm",NA,0.3,0,0.0714,28,2,1,1,3,0.3,0.36,0.2891,NA,NA,NA,33.6951,7.7845,7.7845,1.6599,29.8946,22.1189,0.4134,353.329,1935,1935,"0.15,0.2,0.3,0.35,0.45",0,1.4142,0.15,0.85,NA,NA,NA,NA,NA,NA,NA,NA,NA,NA,NA,NA,NA,NA,NA,"15,20,30,35,45","0.62828086,0.83770782,1.25656172,1.46598868,1.88484259",-2.8,2,1,2.5,1.6,1,0
"Set_5dose_methods_prior","Set_5dose_methods_prior_SC3",3,"CRM","crm_cumu_crm",NA,NA,"cumu_crm",NA,0.3,0,0.0714,28,2,1,1,4,0.35,0.44,0.353,NA,NA,NA,30.6977,6.1628,6.1628,2.2155,29.8946,22.1189,0.4134,353.329,1935,1935,"0.15,0.2,0.3,0.35,0.45",0,1.4142,0.15,0.85,NA,NA,NA,NA,NA,NA,NA,NA,NA,NA,NA,NA,NA,NA,NA,"15,20,30,35,45","0.62828086,0.83770782,1.25656172,1.46598868,1.88484259",-2.8,2,1,2.5,1.6,1,0
"Set_5dose_methods_prior","Set_5dose_methods_prior_SC3",3,"CRM","crm_cumu_crm",NA,NA,"cumu_crm",NA,0.3,0,0.0714,28,2,1,1,5,0.45,0.555,0.4853,NA,NA,NA,14.6253,4.2806,4.2806,0.7447,29.8946,22.1189,0.4134,353.329,1935,1935,"0.15,0.2,0.3,0.35,0.45",0,1.4142,0.15,0.85,NA,NA,NA,NA,NA,NA,NA,NA,NA,NA,NA,NA,NA,NA,NA,"15,20,30,35,45","0.62828086,0.83770782,1.25656172,1.46598868,1.88484259",-2.8,2,1,2.5,1.6,1,0
"Set_5dose_methods_prior","Set_5dose_methods_prior_SC3",3,"CRM","crm_fixed",NA,NA,"fixed",NA,0.3,0,0.0714,28,3,1,1,1,0.15,0.15,0.1769,0,NA,NA,7.2868,7.4171,7.4171,0,29.7442,19.5917,1.0853,338.6654,1935,1935,"0.15,0.2,0.3,0.35,0.45",0,1.4142,0.15,0.85,NA,NA,NA,NA,NA,NA,NA,NA,NA,NA,NA,NA,NA,NA,NA,NA,NA,NA,NA,NA,NA,NA,NA,NA
"Set_5dose_methods_prior","Set_5dose_methods_prior_SC3",3,"CRM","crm_fixed",NA,NA,"fixed",NA,0.3,0,0.0714,28,3,1,1,2,0.2,0.245,0.226,NA,NA,NA,31.4729,8.2481,8.2481,4.7003,29.7442,19.5917,1.0853,338.6654,1935,1935,"0.15,0.2,0.3,0.35,0.45",0,1.4142,0.15,0.85,NA,NA,NA,NA,NA,NA,NA,NA,NA,NA,NA,NA,NA,NA,NA,NA,NA,NA,NA,NA,NA,NA,NA,NA
"Set_5dose_methods_prior","Set_5dose_methods_prior_SC3",3,"CRM","crm_fixed",NA,NA,"fixed",NA,0.3,0,0.0714,28,3,1,1,3,0.3,0.36,0.3223,NA,NA,NA,34.9354,7.8589,7.8589,3.5028,29.7442,19.5917,1.0853,338.6654,1935,1935,"0.15,0.2,0.3,0.35,0.45",0,1.4142,0.15,0.85,NA,NA,NA,NA,NA,NA,NA,NA,NA,NA,NA,NA,NA,NA,NA,NA,NA,NA,NA,NA,NA,NA,NA,NA
"Set_5dose_methods_prior","Set_5dose_methods_prior_SC3",3,"CRM","crm_fixed",NA,NA,"fixed",NA,0.3,0,0.0714,28,3,1,1,4,0.35,0.44,0.37,NA,NA,NA,19.3798,4.3349,4.3349,1.1969,29.7442,19.5917,1.0853,338.6654,1935,1935,"0.15,0.2,0.3,0.35,0.45",0,1.4142,0.15,0.85,NA,NA,NA,NA,NA,NA,NA,NA,NA,NA,NA,NA,NA,NA,NA,NA,NA,NA,NA,NA,NA,NA,NA,NA
"Set_5dose_methods_prior","Set_5dose_methods_prior_SC3",3,"CRM","crm_fixed",NA,NA,"fixed",NA,0.3,0,0.0714,28,3,1,1,5,0.45,0.555,0.4653,NA,NA,NA,5.8398,1.8853,1.8853,0.7525,29.7442,19.5917,1.0853,338.6654,1935,1935,"0.15,0.2,0.3,0.35,0.45",0,1.4142,0.15,0.85,NA,NA,NA,NA,NA,NA,NA,NA,NA,NA,NA,NA,NA,NA,NA,NA,NA,NA,NA,NA,NA,NA,NA,NA
"Set_5dose_methods_prior","Set_5dose_methods_prior_SC3",3,"CRM","crm_level",NA,NA,"level",NA,0.3,0,0.0714,28,3,1,1,1,0.15,0.15,0.1654,NA,NA,NA,5.9948,6.6419,6.6419,0,29.7442,19.5106,1.0853,337.8629,1935,1935,"0.15,0.2,0.3,0.35,0.45",0,1.4142,0.15,0.85,NA,NA,NA,NA,NA,NA,NA,NA,NA,NA,NA,NA,NA,NA,NA,NA,NA,NA,NA,NA,NA,NA,NA,NA
"Set_5dose_methods_prior","Set_5dose_methods_prior_SC3",3,"CRM","crm_level",NA,NA,"level",NA,0.3,0,0.0714,28,3,1,1,2,0.2,0.245,0.2129,0.0505,NA,NA,26.9767,7.3566,7.3566,4.3359,29.7442,19.5106,1.0853,337.8629,1935,1935,"0.15,0.2,0.3,0.35,0.45",0,1.4142,0.15,0.85,NA,NA,NA,NA,NA,NA,NA,NA,NA,NA,NA,NA,NA,NA,NA,NA,NA,NA,NA,NA,NA,NA,NA,NA
"Set_5dose_methods_prior","Set_5dose_methods_prior_SC3",3,"CRM","crm_level",NA,NA,"level",NA,0.3,0,0.0714,28,3,1,1,3,0.3,0.36,0.3072,0.0767,NA,NA,33.7468,7.7287,7.7287,3.5256,29.7442,19.5106,1.0853,337.8629,1935,1935,"0.15,0.2,0.3,0.35,0.45",0,1.4142,0.15,0.85,NA,NA,NA,NA,NA,NA,NA,NA,NA,NA,NA,NA,NA,NA,NA,NA,NA,NA,NA,NA,NA,NA,NA,NA
"Set_5dose_methods_prior","Set_5dose_methods_prior_SC3",3,"CRM","crm_level",NA,NA,"level",NA,0.3,0,0.0714,28,3,1,1,4,0.35,0.44,0.3544,0.1034,NA,NA,23.8243,5.0961,5.0961,1.3132,29.7442,19.5106,1.0853,337.8629,1935,1935,"0.15,0.2,0.3,0.35,0.45",0,1.4142,0.15,0.85,NA,NA,NA,NA,NA,NA,NA,NA,NA,NA,NA,NA,NA,NA,NA,NA,NA,NA,NA,NA,NA,NA,NA,NA
"Set_5dose_methods_prior","Set_5dose_methods_prior_SC3",3,"CRM","crm_level",NA,NA,"level",NA,0.3,0,0.0714,28,3,1,1,5,0.45,0.555,0.4495,0.1321,NA,NA,8.3721,2.9209,2.9209,1.0589,29.7442,19.5106,1.0853,337.8629,1935,1935,"0.15,0.2,0.3,0.35,0.45",0,1.4142,0.15,0.85,NA,NA,NA,NA,NA,NA,NA,NA,NA,NA,NA,NA,NA,NA,NA,NA,NA,NA,NA,NA,NA,NA,NA,NA
"Set_5dose_methods_prior","Set_5dose_methods_prior_SC3",3,"CRM","crm_random",NA,NA,"random",NA,0.3,0,0.0714,28,3,1,1,1,0.15,0.15,0.1678,0.0483,NA,NA,5.8398,6.7039,6.7039,0,29.7442,19.523,1.0853,337.9194,1935,1935,"0.15,0.2,0.3,0.35,0.45",0,1.4142,0.15,0.85,NA,NA,NA,NA,NA,NA,NA,NA,NA,NA,NA,NA,NA,NA,NA,NA,NA,NA,NA,NA,NA,NA,NA,NA
"Set_5dose_methods_prior","Set_5dose_methods_prior_SC3",3,"CRM","crm_random",NA,NA,"random",NA,0.3,0,0.0714,28,3,1,1,2,0.2,0.245,0.2155,NA,NA,NA,28.7339,7.5256,7.5256,4.3902,29.7442,19.523,1.0853,337.9194,1935,1935,"0.15,0.2,0.3,0.35,0.45",0,1.4142,0.15,0.85,NA,NA,NA,NA,NA,NA,NA,NA,NA,NA,NA,NA,NA,NA,NA,NA,NA,NA,NA,NA,NA,NA,NA,NA
"Set_5dose_methods_prior","Set_5dose_methods_prior_SC3",3,"CRM","crm_random",NA,NA,"random",NA,0.3,0,0.0714,28,3,1,1,3,0.3,0.36,0.3098,NA,NA,NA,33.4884,7.6078,7.6078,3.5039,29.7442,19.523,1.0853,337.9194,1935,1935,"0.15,0.2,0.3,0.35,0.45",0,1.4142,0.15,0.85,NA,NA,NA,NA,NA,NA,NA,NA,NA,NA,NA,NA,NA,NA,NA,NA,NA,NA,NA,NA,NA,NA,NA,NA
"Set_5dose_methods_prior","Set_5dose_methods_prior_SC3",3,"CRM","crm_random",NA,NA,"random",NA,0.3,0,0.0714,28,3,1,1,4,0.35,0.44,0.3569,NA,NA,NA,23.1008,4.9829,4.9829,1.2274,29.7442,19.523,1.0853,337.9194,1935,1935,"0.15,0.2,0.3,0.35,0.45",0,1.4142,0.15,0.85,NA,NA,NA,NA,NA,NA,NA,NA,NA,NA,NA,NA,NA,NA,NA,NA,NA,NA,NA,NA,NA,NA,NA,NA
"Set_5dose_methods_prior","Set_5dose_methods_prior_SC3",3,"CRM","crm_random",NA,NA,"random",NA,0.3,0,0.0714,28,3,1,1,5,0.45,0.555,0.4518,NA,NA,NA,7.7519,2.924,2.924,1.0997,29.7442,19.523,1.0853,337.9194,1935,1935,"0.15,0.2,0.3,0.35,0.45",0,1.4142,0.15,0.85,NA,NA,NA,NA,NA,NA,NA,NA,NA,NA,NA,NA,NA,NA,NA,NA,NA,NA,NA,NA,NA,NA,NA,NA
"Set_5dose_methods_prior","Set_5dose_methods_prior_SC3",3,"CRM","crm_alpha_crm",NA,NA,"alpha_crm",NA,0.3,0,0.0714,28,3,1,1,1,0.15,0.15,0.1537,NA,NA,NA,4.4961,6.5225,6.5225,0,29.738,19.7421,1.1886,338.8106,1935,1935,"0.15,0.2,0.3,0.35,0.45",0,1.4142,0.15,0.85,NA,NA,NA,NA,NA,NA,NA,NA,NA,NA,NA,NA,NA,"15,20,30,35,45",61,NA,NA,NA,NA,NA,NA,NA,NA,NA
"Set_5dose_methods_prior","Set_5dose_methods_prior_SC3",3,"CRM","crm_alpha_crm",NA,NA,"alpha_crm",NA,0.3,0,0.0714,28,3,1,1,2,0.2,0.245,0.1995,NA,NA,NA,23.0491,6.8403,6.8403,4.2625,29.738,19.7421,1.1886,338.8106,1935,1935,"0.15,0.2,0.3,0.35,0.45",0,1.4142,0.15,0.85,NA,NA,NA,NA,NA,NA,NA,NA,NA,NA,NA,NA,NA,"15,20,30,35,45",61,NA,NA,NA,NA,NA,NA,NA,NA,NA
"Set_5dose_methods_prior","Set_5dose_methods_prior_SC3",3,"CRM","crm_alpha_crm",NA,NA,"alpha_crm",NA,0.3,0,0.0714,28,3,1,1,3,0.3,0.36,0.2917,NA,NA,NA,31.0078,6.9116,6.9116,3.4083,29.738,19.7421,1.1886,338.8106,1935,1935,"0.15,0.2,0.3,0.35,0.45",0,1.4142,0.15,0.85,NA,NA,NA,NA,NA,NA,NA,NA,NA,NA,NA,NA,NA,"15,20,30,35,45",61,NA,NA,NA,NA,NA,NA,NA,NA,NA
"Set_5dose_methods_prior","Set_5dose_methods_prior_SC3",3,"CRM","crm_alpha_crm",NA,NA,"alpha_crm",NA,0.3,0,0.0714,28,3,1,1,4,0.35,0.44,0.3384,NA,NA,NA,26.8734,5.3783,5.3783,1.0444,29.738,19.7421,1.1886,338.8106,1935,1935,"0.15,0.2,0.3,0.35,0.45",0,1.4142,0.15,0.85,NA,NA,NA,NA,NA,NA,NA,NA,NA,NA,NA,NA,NA,"15,20,30,35,45",61,NA,NA,NA,NA,NA,NA,NA,NA,NA
"Set_5dose_methods_prior","Set_5dose_methods_prior_SC3",3,"CRM","crm_alpha_crm",NA,NA,"alpha_crm",NA,0.3,0,0.0714,28,3,1,1,5,0.45,0.555,0.4334,NA,NA,NA,13.385,4.0853,4.0853,1.2806,29.738,19.7421,1.1886,338.8106,1935,1935,"0.15,0.2,0.3,0.35,0.45",0,1.4142,0.15,0.85,NA,NA,NA,NA,NA,NA,NA,NA,NA,NA,NA,NA,NA,"15,20,30,35,45",61,NA,NA,NA,NA,NA,NA,NA,NA,NA
"Set_5dose_methods_prior","Set_5dose_methods_prior_SC3",3,"CRM","crm_cumu_crm",NA,NA,"cumu_crm",NA,0.3,0,0.0714,28,3,1,1,1,0.15,0.15,0.1378,NA,NA,NA,2.2222,4.1132,4.1132,0,29.8837,20.3333,0.4651,338.6005,1935,1935,"0.15,0.2,0.3,0.35,0.45",0,1.4142,0.15,0.85,NA,NA,NA,NA,NA,NA,NA,NA,NA,NA,NA,NA,NA,NA,NA,"15,20,30,35,45","0.62828086,0.83770782,1.25656172,1.46598868,1.88484259",-2.8,2,1,2.5,1.6,1,0
"Set_5dose_methods_prior","Set_5dose_methods_prior_SC3",3,"CRM","crm_cumu_crm",NA,NA,"cumu_crm",NA,0.3,0,0.0714,28,3,1,1,2,0.2,0.245,0.1769,NA,NA,NA,17.261,6.6791,6.6791,3.124,29.8837,20.3333,0.4651,338.6005,1935,1935,"0.15,0.2,0.3,0.35,0.45",0,1.4142,0.15,0.85,NA,NA,NA,NA,NA,NA,NA,NA,NA,NA,NA,NA,NA,NA,NA,"15,20,30,35,45","0.62828086,0.83770782,1.25656172,1.46598868,1.88484259",-2.8,2,1,2.5,1.6,1,0
"Set_5dose_methods_prior","Set_5dose_methods_prior_SC3",3,"CRM","crm_cumu_crm",NA,NA,"cumu_crm",NA,0.3,0,0.0714,28,3,1,1,3,0.3,0.36,0.2807,NA,NA,NA,32.093,7.3891,7.3891,3.3287,29.8837,20.3333,0.4651,338.6005,1935,1935,"0.15,0.2,0.3,0.35,0.45",0,1.4142,0.15,0.85,NA,NA,NA,NA,NA,NA,NA,NA,NA,NA,NA,NA,NA,NA,NA,"15,20,30,35,45","0.62828086,0.83770782,1.25656172,1.46598868,1.88484259",-2.8,2,1,2.5,1.6,1,0
"Set_5dose_methods_prior","Set_5dose_methods_prior_SC3",3,"CRM","crm_cumu_crm",NA,NA,"cumu_crm",NA,0.3,0,0.0714,28,3,1,1,4,0.35,0.44,0.3426,NA,NA,NA,31.0594,6.7736,6.7736,1.4744,29.8837,20.3333,0.4651,338.6005,1935,1935,"0.15,0.2,0.3,0.35,0.45",0,1.4142,0.15,0.85,NA,NA,NA,NA,NA,NA,NA,NA,NA,NA,NA,NA,NA,NA,NA,"15,20,30,35,45","0.62828086,0.83770782,1.25656172,1.46598868,1.88484259",-2.8,2,1,2.5,1.6,1,0
"Set_5dose_methods_prior","Set_5dose_methods_prior_SC3",3,"CRM","crm_cumu_crm",NA,NA,"cumu_crm",NA,0.3,0,0.0714,28,3,1,1,5,0.45,0.555,0.4724,NA,NA,NA,16.8992,4.9287,4.9287,1.6233,29.8837,20.3333,0.4651,338.6005,1935,1935,"0.15,0.2,0.3,0.35,0.45",0,1.4142,0.15,0.85,NA,NA,NA,NA,NA,NA,NA,NA,NA,NA,NA,NA,NA,NA,NA,"15,20,30,35,45","0.62828086,0.83770782,1.25656172,1.46598868,1.88484259",-2.8,2,1,2.5,1.6,1,0
"Set_5dose_methods_prior","Set_5dose_methods_prior_SC3",3,"CRM","crm_fixed",NA,NA,"fixed",NA,0.6,0,0.0714,28,1,1,1,1,0.15,0.15,0.1615,0,NA,NA,4.8579,6.7938,6.7938,0,29.7442,29.7442,1.0853,434.7413,1935,1935,"0.15,0.2,0.3,0.35,0.45",0,1.4142,0.15,0.85,NA,NA,NA,NA,NA,NA,NA,NA,NA,NA,NA,NA,NA,NA,NA,NA,NA,NA,NA,NA,NA,NA,NA,NA
"Set_5dose_methods_prior","Set_5dose_methods_prior_SC3",3,"CRM","crm_fixed",NA,NA,"fixed",NA,0.6,0,0.0714,28,1,1,1,2,0.2,0.29,0.2086,NA,NA,NA,23.7209,7.1085,7.1085,0,29.7442,29.7442,1.0853,434.7413,1935,1935,"0.15,0.2,0.3,0.35,0.45",0,1.4142,0.15,0.85,NA,NA,NA,NA,NA,NA,NA,NA,NA,NA,NA,NA,NA,NA,NA,NA,NA,NA,NA,NA,NA,NA,NA,NA
"Set_5dose_methods_prior","Set_5dose_methods_prior_SC3",3,"CRM","crm_fixed",NA,NA,"fixed",NA,0.6,0,0.0714,28,1,1,1,3,0.3,0.42,0.3027,NA,NA,NA,35.5039,7.8853,7.8853,0,29.7442,29.7442,1.0853,434.7413,1935,1935,"0.15,0.2,0.3,0.35,0.45",0,1.4142,0.15,0.85,NA,NA,NA,NA,NA,NA,NA,NA,NA,NA,NA,NA,NA,NA,NA,NA,NA,NA,NA,NA,NA,NA,NA,NA
"Set_5dose_methods_prior","Set_5dose_methods_prior_SC3",3,"CRM","crm_fixed",NA,NA,"fixed",NA,0.6,0,0.0714,28,1,1,1,4,0.35,0.53,0.35,NA,NA,NA,24.9612,5.1597,5.1597,0,29.7442,29.7442,1.0853,434.7413,1935,1935,"0.15,0.2,0.3,0.35,0.45",0,1.4142,0.15,0.85,NA,NA,NA,NA,NA,NA,NA,NA,NA,NA,NA,NA,NA,NA,NA,NA,NA,NA,NA,NA,NA,NA,NA,NA
"Set_5dose_methods_prior","Set_5dose_methods_prior_SC3",3,"CRM","crm_fixed",NA,NA,"fixed",NA,0.6,0,0.0714,28,1,1,1,5,0.45,0.66,0.4454,NA,NA,NA,9.8708,2.7969,2.7969,0,29.7442,29.7442,1.0853,434.7413,1935,1935,"0.15,0.2,0.3,0.35,0.45",0,1.4142,0.15,0.85,NA,NA,NA,NA,NA,NA,NA,NA,NA,NA,NA,NA,NA,NA,NA,NA,NA,NA,NA,NA,NA,NA,NA,NA
"Set_5dose_methods_prior","Set_5dose_methods_prior_SC3",3,"CRM","crm_level",NA,NA,"level",NA,0.6,0,0.0714,28,1,1,1,1,0.15,0.15,0.1617,NA,NA,NA,4.8579,6.8047,6.8047,0,29.7566,29.7566,1.0336,434.9338,1935,1935,"0.15,0.2,0.3,0.35,0.45",0,1.4142,0.15,0.85,NA,NA,NA,NA,NA,NA,NA,NA,NA,NA,NA,NA,NA,NA,NA,NA,NA,NA,NA,NA,NA,NA,NA,NA
"Set_5dose_methods_prior","Set_5dose_methods_prior_SC3",3,"CRM","crm_level",NA,NA,"level",NA,0.6,0,0.0714,28,1,1,1,2,0.2,0.29,0.2089,0.0827,NA,NA,24.031,7.1256,7.1256,0,29.7566,29.7566,1.0336,434.9338,1935,1935,"0.15,0.2,0.3,0.35,0.45",0,1.4142,0.15,0.85,NA,NA,NA,NA,NA,NA,NA,NA,NA,NA,NA,NA,NA,NA,NA,NA,NA,NA,NA,NA,NA,NA,NA,NA
"Set_5dose_methods_prior","Set_5dose_methods_prior_SC3",3,"CRM","crm_level",NA,NA,"level",NA,0.6,0,0.0714,28,1,1,1,3,0.3,0.42,0.303,0.0866,NA,NA,35.5039,7.8651,7.8651,0,29.7566,29.7566,1.0336,434.9338,1935,1935,"0.15,0.2,0.3,0.35,0.45",0,1.4142,0.15,0.85,NA,NA,NA,NA,NA,NA,NA,NA,NA,NA,NA,NA,NA,NA,NA,NA,NA,NA,NA,NA,NA,NA,NA,NA
"Set_5dose_methods_prior","Set_5dose_methods_prior_SC3",3,"CRM","crm_level",NA,NA,"level",NA,0.6,0,0.0714,28,1,1,1,4,0.35,0.53,0.3503,0.1068,NA,NA,24.7545,5.1597,5.1597,0,29.7566,29.7566,1.0336,434.9338,1935,1935,"0.15,0.2,0.3,0.35,0.45",0,1.4142,0.15,0.85,NA,NA,NA,NA,NA,NA,NA,NA,NA,NA,NA,NA,NA,NA,NA,NA,NA,NA,NA,NA,NA,NA,NA,NA
"Set_5dose_methods_prior","Set_5dose_methods_prior_SC3",3,"CRM","crm_level",NA,NA,"level",NA,0.6,0,0.0714,28,1,1,1,5,0.45,0.66,0.4457,0.131,NA,NA,9.8191,2.8016,2.8016,0,29.7566,29.7566,1.0336,434.9338,1935,1935,"0.15,0.2,0.3,0.35,0.45",0,1.4142,0.15,0.85,NA,NA,NA,NA,NA,NA,NA,NA,NA,NA,NA,NA,NA,NA,NA,NA,NA,NA,NA,NA,NA,NA,NA,NA
"Set_5dose_methods_prior","Set_5dose_methods_prior_SC3",3,"CRM","crm_random",NA,NA,"random",NA,0.6,0,0.0714,28,1,1,1,1,0.15,0.15,0.1614,0.0813,NA,NA,4.5995,6.7814,6.7814,0,29.7442,29.7442,1.0853,434.7413,1935,1935,"0.15,0.2,0.3,0.35,0.45",0,1.4142,0.15,0.85,NA,NA,NA,NA,NA,NA,NA,NA,NA,NA,NA,NA,NA,NA,NA,NA,NA,NA,NA,NA,NA,NA,NA,NA
"Set_5dose_methods_prior","Set_5dose_methods_prior_SC3",3,"CRM","crm_random",NA,NA,"random",NA,0.6,0,0.0714,28,1,1,1,2,0.2,0.29,0.2085,NA,NA,NA,23.7726,7.1054,7.1054,0,29.7442,29.7442,1.0853,434.7413,1935,1935,"0.15,0.2,0.3,0.35,0.45",0,1.4142,0.15,0.85,NA,NA,NA,NA,NA,NA,NA,NA,NA,NA,NA,NA,NA,NA,NA,NA,NA,NA,NA,NA,NA,NA,NA,NA
"Set_5dose_methods_prior","Set_5dose_methods_prior_SC3",3,"CRM","crm_random",NA,NA,"random",NA,0.6,0,0.0714,28,1,1,1,3,0.3,0.42,0.3026,NA,NA,NA,35.814,7.9023,7.9023,0,29.7442,29.7442,1.0853,434.7413,1935,1935,"0.15,0.2,0.3,0.35,0.45",0,1.4142,0.15,0.85,NA,NA,NA,NA,NA,NA,NA,NA,NA,NA,NA,NA,NA,NA,NA,NA,NA,NA,NA,NA,NA,NA,NA,NA
"Set_5dose_methods_prior","Set_5dose_methods_prior_SC3",3,"CRM","crm_random",NA,NA,"random",NA,0.6,0,0.0714,28,1,1,1,4,0.35,0.53,0.3499,NA,NA,NA,24.9096,5.1411,5.1411,0,29.7442,29.7442,1.0853,434.7413,1935,1935,"0.15,0.2,0.3,0.35,0.45",0,1.4142,0.15,0.85,NA,NA,NA,NA,NA,NA,NA,NA,NA,NA,NA,NA,NA,NA,NA,NA,NA,NA,NA,NA,NA,NA,NA,NA
"Set_5dose_methods_prior","Set_5dose_methods_prior_SC3",3,"CRM","crm_random",NA,NA,"random",NA,0.6,0,0.0714,28,1,1,1,5,0.45,0.66,0.4453,NA,NA,NA,9.8191,2.814,2.814,0,29.7442,29.7442,1.0853,434.7413,1935,1935,"0.15,0.2,0.3,0.35,0.45",0,1.4142,0.15,0.85,NA,NA,NA,NA,NA,NA,NA,NA,NA,NA,NA,NA,NA,NA,NA,NA,NA,NA,NA,NA,NA,NA,NA,NA
"Set_5dose_methods_prior","Set_5dose_methods_prior_SC3",3,"CRM","crm_alpha_crm",NA,NA,"alpha_crm",NA,0.6,0,0.0714,28,1,1,1,1,0.15,0.15,0.1614,NA,NA,NA,4.4444,6.7721,6.7721,0,29.738,29.738,1.1886,434.665,1935,1935,"0.15,0.2,0.3,0.35,0.45",0,1.4142,0.15,0.85,NA,NA,NA,NA,NA,NA,NA,NA,NA,NA,NA,NA,NA,"15,20,30,35,45",61,NA,NA,NA,NA,NA,NA,NA,NA,NA
"Set_5dose_methods_prior","Set_5dose_methods_prior_SC3",3,"CRM","crm_alpha_crm",NA,NA,"alpha_crm",NA,0.6,0,0.0714,28,1,1,1,2,0.2,0.29,0.2086,NA,NA,NA,24.2377,7.138,7.138,0,29.738,29.738,1.1886,434.665,1935,1935,"0.15,0.2,0.3,0.35,0.45",0,1.4142,0.15,0.85,NA,NA,NA,NA,NA,NA,NA,NA,NA,NA,NA,NA,NA,"15,20,30,35,45",61,NA,NA,NA,NA,NA,NA,NA,NA,NA
"Set_5dose_methods_prior","Set_5dose_methods_prior_SC3",3,"CRM","crm_alpha_crm",NA,NA,"alpha_crm",NA,0.6,0,0.0714,28,1,1,1,3,0.3,0.42,0.3027,NA,NA,NA,35.2972,7.9085,7.9085,0,29.738,29.738,1.1886,434.665,1935,1935,"0.15,0.2,0.3,0.35,0.45",0,1.4142,0.15,0.85,NA,NA,NA,NA,NA,NA,NA,NA,NA,NA,NA,NA,NA,"15,20,30,35,45",61,NA,NA,NA,NA,NA,NA,NA,NA,NA
"Set_5dose_methods_prior","Set_5dose_methods_prior_SC3",3,"CRM","crm_alpha_crm",NA,NA,"alpha_crm",NA,0.6,0,0.0714,28,1,1,1,4,0.35,0.53,0.3497,NA,NA,NA,24.8579,5.0884,5.0884,0,29.738,29.738,1.1886,434.665,1935,1935,"0.15,0.2,0.3,0.35,0.45",0,1.4142,0.15,0.85,NA,NA,NA,NA,NA,NA,NA,NA,NA,NA,NA,NA,NA,"15,20,30,35,45",61,NA,NA,NA,NA,NA,NA,NA,NA,NA
"Set_5dose_methods_prior","Set_5dose_methods_prior_SC3",3,"CRM","crm_alpha_crm",NA,NA,"alpha_crm",NA,0.6,0,0.0714,28,1,1,1,5,0.45,0.66,0.4454,NA,NA,NA,9.9742,2.831,2.831,0,29.738,29.738,1.1886,434.665,1935,1935,"0.15,0.2,0.3,0.35,0.45",0,1.4142,0.15,0.85,NA,NA,NA,NA,NA,NA,NA,NA,NA,NA,NA,NA,NA,"15,20,30,35,45",61,NA,NA,NA,NA,NA,NA,NA,NA,NA
"Set_5dose_methods_prior","Set_5dose_methods_prior_SC3",3,"CRM","crm_cumu_crm",NA,NA,"cumu_crm",NA,0.6,0,0.0714,28,1,1,1,1,0.15,0.15,0.1481,NA,NA,NA,2.6357,4.3798,4.3798,0,29.8775,29.8775,0.5168,436.4193,1935,1935,"0.15,0.2,0.3,0.35,0.45",0,1.4142,0.15,0.85,NA,NA,NA,NA,NA,NA,NA,NA,NA,NA,NA,NA,NA,NA,NA,"15,20,30,35,45","0.62828086,0.83770782,1.25656172,1.46598868,1.88484259",-2.8,2,1,2.5,1.6,1,0
"Set_5dose_methods_prior","Set_5dose_methods_prior_SC3",3,"CRM","crm_cumu_crm",NA,NA,"cumu_crm",NA,0.6,0,0.0714,28,1,1,1,2,0.2,0.29,0.193,NA,NA,NA,24.5995,8.2822,8.2822,0,29.8775,29.8775,0.5168,436.4193,1935,1935,"0.15,0.2,0.3,0.35,0.45",0,1.4142,0.15,0.85,NA,NA,NA,NA,NA,NA,NA,NA,NA,NA,NA,NA,NA,NA,NA,"15,20,30,35,45","0.62828086,0.83770782,1.25656172,1.46598868,1.88484259",-2.8,2,1,2.5,1.6,1,0
"Set_5dose_methods_prior","Set_5dose_methods_prior_SC3",3,"CRM","crm_cumu_crm",NA,NA,"cumu_crm",NA,0.6,0,0.0714,28,1,1,1,3,0.3,0.42,0.3119,NA,NA,NA,34.832,8.4853,8.4853,0,29.8775,29.8775,0.5168,436.4193,1935,1935,"0.15,0.2,0.3,0.35,0.45",0,1.4142,0.15,0.85,NA,NA,NA,NA,NA,NA,NA,NA,NA,NA,NA,NA,NA,NA,NA,"15,20,30,35,45","0.62828086,0.83770782,1.25656172,1.46598868,1.88484259",-2.8,2,1,2.5,1.6,1,0
"Set_5dose_methods_prior","Set_5dose_methods_prior_SC3",3,"CRM","crm_cumu_crm",NA,NA,"cumu_crm",NA,0.6,0,0.0714,28,1,1,1,4,0.35,0.53,0.381,NA,NA,NA,26.9251,5.6682,5.6682,0,29.8775,29.8775,0.5168,436.4193,1935,1935,"0.15,0.2,0.3,0.35,0.45",0,1.4142,0.15,0.85,NA,NA,NA,NA,NA,NA,NA,NA,NA,NA,NA,NA,NA,NA,NA,"15,20,30,35,45","0.62828086,0.83770782,1.25656172,1.46598868,1.88484259",-2.8,2,1,2.5,1.6,1,0
"Set_5dose_methods_prior","Set_5dose_methods_prior_SC3",3,"CRM","crm_cumu_crm",NA,NA,"cumu_crm",NA,0.6,0,0.0714,28,1,1,1,5,0.45,0.66,0.5199,NA,NA,NA,10.491,3.062,3.062,0,29.8775,29.8775,0.5168,436.4193,1935,1935,"0.15,0.2,0.3,0.35,0.45",0,1.4142,0.15,0.85,NA,NA,NA,NA,NA,NA,NA,NA,NA,NA,NA,NA,NA,NA,NA,"15,20,30,35,45","0.62828086,0.83770782,1.25656172,1.46598868,1.88484259",-2.8,2,1,2.5,1.6,1,0
"Set_5dose_methods_prior","Set_5dose_methods_prior_SC3",3,"CRM","crm_fixed",NA,NA,"fixed",NA,0.6,0,0.0714,28,2,1,1,1,0.15,0.15,0.1861,0,NA,NA,9.4057,7.9023,7.9023,0,29.738,21.2708,1.137,350.2536,1935,1935,"0.15,0.2,0.3,0.35,0.45",0,1.4142,0.15,0.85,NA,NA,NA,NA,NA,NA,NA,NA,NA,NA,NA,NA,NA,NA,NA,NA,NA,NA,NA,NA,NA,NA,NA,NA
"Set_5dose_methods_prior","Set_5dose_methods_prior_SC3",3,"CRM","crm_fixed",NA,NA,"fixed",NA,0.6,0,0.0714,28,2,1,1,2,0.2,0.29,0.2363,NA,NA,NA,33.3333,8.6899,8.6899,4.9473,29.738,21.2708,1.137,350.2536,1935,1935,"0.15,0.2,0.3,0.35,0.45",0,1.4142,0.15,0.85,NA,NA,NA,NA,NA,NA,NA,NA,NA,NA,NA,NA,NA,NA,NA,NA,NA,NA,NA,NA,NA,NA,NA,NA
"Set_5dose_methods_prior","Set_5dose_methods_prior_SC3",3,"CRM","crm_fixed",NA,NA,"fixed",NA,0.6,0,0.0714,28,2,1,1,3,0.3,0.42,0.3339,NA,NA,NA,37.8295,7.9876,7.9876,1.2067,29.738,21.2708,1.137,350.2536,1935,1935,"0.15,0.2,0.3,0.35,0.45",0,1.4142,0.15,0.85,NA,NA,NA,NA,NA,NA,NA,NA,NA,NA,NA,NA,NA,NA,NA,NA,NA,NA,NA,NA,NA,NA,NA,NA
"Set_5dose_methods_prior","Set_5dose_methods_prior_SC3",3,"CRM","crm_fixed",NA,NA,"fixed",NA,0.6,0,0.0714,28,2,1,1,4,0.35,0.53,0.3819,NA,NA,NA,14.7804,3.845,3.845,2.0444,29.738,21.2708,1.137,350.2536,1935,1935,"0.15,0.2,0.3,0.35,0.45",0,1.4142,0.15,0.85,NA,NA,NA,NA,NA,NA,NA,NA,NA,NA,NA,NA,NA,NA,NA,NA,NA,NA,NA,NA,NA,NA,NA,NA
"Set_5dose_methods_prior","Set_5dose_methods_prior_SC3",3,"CRM","crm_fixed",NA,NA,"fixed",NA,0.6,0,0.0714,28,2,1,1,5,0.45,0.66,0.4771,NA,NA,NA,3.5142,1.3132,1.3132,0.2687,29.738,21.2708,1.137,350.2536,1935,1935,"0.15,0.2,0.3,0.35,0.45",0,1.4142,0.15,0.85,NA,NA,NA,NA,NA,NA,NA,NA,NA,NA,NA,NA,NA,NA,NA,NA,NA,NA,NA,NA,NA,NA,NA,NA
"Set_5dose_methods_prior","Set_5dose_methods_prior_SC3",3,"CRM","crm_level",NA,NA,"level",NA,0.6,0,0.0714,28,2,1,1,1,0.15,0.15,0.1757,NA,NA,NA,7.6486,6.9519,6.9519,0,29.7442,21.2832,1.0853,350.8394,1935,1935,"0.15,0.2,0.3,0.35,0.45",0,1.4142,0.15,0.85,NA,NA,NA,NA,NA,NA,NA,NA,NA,NA,NA,NA,NA,NA,NA,NA,NA,NA,NA,NA,NA,NA,NA,NA
"Set_5dose_methods_prior","Set_5dose_methods_prior_SC3",3,"CRM","crm_level",NA,NA,"level",NA,0.6,0,0.0714,28,2,1,1,2,0.2,0.29,0.2245,0.0597,NA,NA,30.4393,8.2388,8.2388,4.5323,29.7442,21.2832,1.0853,350.8394,1935,1935,"0.15,0.2,0.3,0.35,0.45",0,1.4142,0.15,0.85,NA,NA,NA,NA,NA,NA,NA,NA,NA,NA,NA,NA,NA,NA,NA,NA,NA,NA,NA,NA,NA,NA,NA,NA
"Set_5dose_methods_prior","Set_5dose_methods_prior_SC3",3,"CRM","crm_level",NA,NA,"level",NA,0.6,0,0.0714,28,2,1,1,3,0.3,0.42,0.3202,0.0871,NA,NA,38.3463,8.0217,8.0217,1.3618,29.7442,21.2832,1.0853,350.8394,1935,1935,"0.15,0.2,0.3,0.35,0.45",0,1.4142,0.15,0.85,NA,NA,NA,NA,NA,NA,NA,NA,NA,NA,NA,NA,NA,NA,NA,NA,NA,NA,NA,NA,NA,NA,NA,NA
"Set_5dose_methods_prior","Set_5dose_methods_prior_SC3",3,"CRM","crm_level",NA,NA,"level",NA,0.6,0,0.0714,28,2,1,1,4,0.35,0.53,0.3678,0.1252,NA,NA,17.8811,4.4822,4.4822,2.1866,29.7442,21.2832,1.0853,350.8394,1935,1935,"0.15,0.2,0.3,0.35,0.45",0,1.4142,0.15,0.85,NA,NA,NA,NA,NA,NA,NA,NA,NA,NA,NA,NA,NA,NA,NA,NA,NA,NA,NA,NA,NA,NA,NA,NA
"Set_5dose_methods_prior","Set_5dose_methods_prior_SC3",3,"CRM","crm_level",NA,NA,"level",NA,0.6,0,0.0714,28,2,1,1,5,0.45,0.66,0.4628,0.1382,NA,NA,4.5995,2.0496,2.0496,0.3804,29.7442,21.2832,1.0853,350.8394,1935,1935,"0.15,0.2,0.3,0.35,0.45",0,1.4142,0.15,0.85,NA,NA,NA,NA,NA,NA,NA,NA,NA,NA,NA,NA,NA,NA,NA,NA,NA,NA,NA,NA,NA,NA,NA,NA
"Set_5dose_methods_prior","Set_5dose_methods_prior_SC3",3,"CRM","crm_random",NA,NA,"random",NA,0.6,0,0.0714,28,2,1,1,1,0.15,0.15,0.1751,0.0728,NA,NA,8.1137,6.9488,6.9488,0,29.7566,21.2811,1.0336,350.6924,1935,1935,"0.15,0.2,0.3,0.35,0.45",0,1.4142,0.15,0.85,NA,NA,NA,NA,NA,NA,NA,NA,NA,NA,NA,NA,NA,NA,NA,NA,NA,NA,NA,NA,NA,NA,NA,NA
"Set_5dose_methods_prior","Set_5dose_methods_prior_SC3",3,"CRM","crm_random",NA,NA,"random",NA,0.6,0,0.0714,28,2,1,1,2,0.2,0.29,0.2236,NA,NA,NA,29.9742,8.1674,8.1674,4.5245,29.7566,21.2811,1.0336,350.6924,1935,1935,"0.15,0.2,0.3,0.35,0.45",0,1.4142,0.15,0.85,NA,NA,NA,NA,NA,NA,NA,NA,NA,NA,NA,NA,NA,NA,NA,NA,NA,NA,NA,NA,NA,NA,NA,NA
"Set_5dose_methods_prior","Set_5dose_methods_prior_SC3",3,"CRM","crm_random",NA,NA,"random",NA,0.6,0,0.0714,28,2,1,1,3,0.3,0.42,0.3189,NA,NA,NA,37.3127,7.9659,7.9659,1.3669,29.7566,21.2811,1.0336,350.6924,1935,1935,"0.15,0.2,0.3,0.35,0.45",0,1.4142,0.15,0.85,NA,NA,NA,NA,NA,NA,NA,NA,NA,NA,NA,NA,NA,NA,NA,NA,NA,NA,NA,NA,NA,NA,NA,NA
"Set_5dose_methods_prior","Set_5dose_methods_prior_SC3",3,"CRM","crm_random",NA,NA,"random",NA,0.6,0,0.0714,28,2,1,1,4,0.35,0.53,0.3662,NA,NA,NA,18.0879,4.4822,4.4822,2.1643,29.7566,21.2811,1.0336,350.6924,1935,1935,"0.15,0.2,0.3,0.35,0.45",0,1.4142,0.15,0.85,NA,NA,NA,NA,NA,NA,NA,NA,NA,NA,NA,NA,NA,NA,NA,NA,NA,NA,NA,NA,NA,NA,NA,NA
"Set_5dose_methods_prior","Set_5dose_methods_prior_SC3",3,"CRM","crm_random",NA,NA,"random",NA,0.6,0,0.0714,28,2,1,1,5,0.45,0.66,0.461,NA,NA,NA,5.478,2.1922,2.1922,0.4196,29.7566,21.2811,1.0336,350.6924,1935,1935,"0.15,0.2,0.3,0.35,0.45",0,1.4142,0.15,0.85,NA,NA,NA,NA,NA,NA,NA,NA,NA,NA,NA,NA,NA,NA,NA,NA,NA,NA,NA,NA,NA,NA,NA,NA
"Set_5dose_methods_prior","Set_5dose_methods_prior_SC3",3,"CRM","crm_alpha_crm",NA,NA,"alpha_crm",NA,0.6,0,0.0714,28,2,1,1,1,0.15,0.15,0.1686,NA,NA,NA,6.3049,6.9256,6.9256,0,29.738,21.3137,1.1886,350.1761,1935,1935,"0.15,0.2,0.3,0.35,0.45",0,1.4142,0.15,0.85,NA,NA,NA,NA,NA,NA,NA,NA,NA,NA,NA,NA,NA,"15,20,30,35,45",61,NA,NA,NA,NA,NA,NA,NA,NA,NA
"Set_5dose_methods_prior","Set_5dose_methods_prior_SC3",3,"CRM","crm_alpha_crm",NA,NA,"alpha_crm",NA,0.6,0,0.0714,28,2,1,1,2,0.2,0.29,0.2166,NA,NA,NA,27.1835,7.9457,7.9457,4.4543,29.738,21.3137,1.1886,350.1761,1935,1935,"0.15,0.2,0.3,0.35,0.45",0,1.4142,0.15,0.85,NA,NA,NA,NA,NA,NA,NA,NA,NA,NA,NA,NA,NA,"15,20,30,35,45",61,NA,NA,NA,NA,NA,NA,NA,NA,NA
"Set_5dose_methods_prior","Set_5dose_methods_prior_SC3",3,"CRM","crm_alpha_crm",NA,NA,"alpha_crm",NA,0.6,0,0.0714,28,2,1,1,3,0.3,0.42,0.3115,NA,NA,NA,37.9328,7.6574,7.6574,1.4708,29.738,21.3137,1.1886,350.1761,1935,1935,"0.15,0.2,0.3,0.35,0.45",0,1.4142,0.15,0.85,NA,NA,NA,NA,NA,NA,NA,NA,NA,NA,NA,NA,NA,"15,20,30,35,45",61,NA,NA,NA,NA,NA,NA,NA,NA,NA
"Set_5dose_methods_prior","Set_5dose_methods_prior_SC3",3,"CRM","crm_alpha_crm",NA,NA,"alpha_crm",NA,0.6,0,0.0714,28,2,1,1,4,0.35,0.53,0.3589,NA,NA,NA,20.4651,4.6946,4.6946,2.0413,29.738,21.3137,1.1886,350.1761,1935,1935,"0.15,0.2,0.3,0.35,0.45",0,1.4142,0.15,0.85,NA,NA,NA,NA,NA,NA,NA,NA,NA,NA,NA,NA,NA,"15,20,30,35,45",61,NA,NA,NA,NA,NA,NA,NA,NA,NA
"Set_5dose_methods_prior","Set_5dose_methods_prior_SC3",3,"CRM","crm_alpha_crm",NA,NA,"alpha_crm",NA,0.6,0,0.0714,28,2,1,1,5,0.45,0.66,0.4541,NA,NA,NA,6.9251,2.5147,2.5147,0.4579,29.738,21.3137,1.1886,350.1761,1935,1935,"0.15,0.2,0.3,0.35,0.45",0,1.4142,0.15,0.85,NA,NA,NA,NA,NA,NA,NA,NA,NA,NA,NA,NA,NA,"15,20,30,35,45",61,NA,NA,NA,NA,NA,NA,NA,NA,NA
"Set_5dose_methods_prior","Set_5dose_methods_prior_SC3",3,"CRM","crm_cumu_crm",NA,NA,"cumu_crm",NA,0.6,0,0.0714,28,2,1,1,1,0.15,0.15,0.1454,NA,NA,NA,3.0491,4.3938,4.3938,0,29.8837,21.8977,0.4651,352.06,1935,1935,"0.15,0.2,0.3,0.35,0.45",0,1.4142,0.15,0.85,NA,NA,NA,NA,NA,NA,NA,NA,NA,NA,NA,NA,NA,NA,NA,"15,20,30,35,45","0.62828086,0.83770782,1.25656172,1.46598868,1.88484259",-2.8,2,1,2.5,1.6,1,0
"Set_5dose_methods_prior","Set_5dose_methods_prior_SC3",3,"CRM","crm_cumu_crm",NA,NA,"cumu_crm",NA,0.6,0,0.0714,28,2,1,1,2,0.2,0.29,0.1887,NA,NA,NA,22.2739,8.1767,8.1767,3.2729,29.8837,21.8977,0.4651,352.06,1935,1935,"0.15,0.2,0.3,0.35,0.45",0,1.4142,0.15,0.85,NA,NA,NA,NA,NA,NA,NA,NA,NA,NA,NA,NA,NA,NA,NA,"15,20,30,35,45","0.62828086,0.83770782,1.25656172,1.46598868,1.88484259",-2.8,2,1,2.5,1.6,1,0
"Set_5dose_methods_prior","Set_5dose_methods_prior_SC3",3,"CRM","crm_cumu_crm",NA,NA,"cumu_crm",NA,0.6,0,0.0714,28,2,1,1,3,0.3,0.42,0.3029,NA,NA,NA,36.5375,8.0217,8.0217,1.8806,29.8837,21.8977,0.4651,352.06,1935,1935,"0.15,0.2,0.3,0.35,0.45",0,1.4142,0.15,0.85,NA,NA,NA,NA,NA,NA,NA,NA,NA,NA,NA,NA,NA,NA,NA,"15,20,30,35,45","0.62828086,0.83770782,1.25656172,1.46598868,1.88484259",-2.8,2,1,2.5,1.6,1,0
"Set_5dose_methods_prior","Set_5dose_methods_prior_SC3",3,"CRM","crm_cumu_crm",NA,NA,"cumu_crm",NA,0.6,0,0.0714,28,2,1,1,4,0.35,0.53,0.3695,NA,NA,NA,27.3385,5.7566,5.7566,2.0987,29.8837,21.8977,0.4651,352.06,1935,1935,"0.15,0.2,0.3,0.35,0.45",0,1.4142,0.15,0.85,NA,NA,NA,NA,NA,NA,NA,NA,NA,NA,NA,NA,NA,NA,NA,"15,20,30,35,45","0.62828086,0.83770782,1.25656172,1.46598868,1.88484259",-2.8,2,1,2.5,1.6,1,0
"Set_5dose_methods_prior","Set_5dose_methods_prior_SC3",3,"CRM","crm_cumu_crm",NA,NA,"cumu_crm",NA,0.6,0,0.0714,28,2,1,1,5,0.45,0.66,0.5047,NA,NA,NA,10.3359,3.5349,3.5349,0.7339,29.8837,21.8977,0.4651,352.06,1935,1935,"0.15,0.2,0.3,0.35,0.45",0,1.4142,0.15,0.85,NA,NA,NA,NA,NA,NA,NA,NA,NA,NA,NA,NA,NA,NA,NA,"15,20,30,35,45","0.62828086,0.83770782,1.25656172,1.46598868,1.88484259",-2.8,2,1,2.5,1.6,1,0
"Set_5dose_methods_prior","Set_5dose_methods_prior_SC3",3,"CRM","crm_fixed",NA,NA,"fixed",NA,0.6,0,0.0714,28,3,1,1,1,0.15,0.15,0.1919,0,NA,NA,10.5426,8.1457,8.1457,0,29.7442,19.6088,1.0853,338.9867,1935,1935,"0.15,0.2,0.3,0.35,0.45",0,1.4142,0.15,0.85,NA,NA,NA,NA,NA,NA,NA,NA,NA,NA,NA,NA,NA,NA,NA,NA,NA,NA,NA,NA,NA,NA,NA,NA
"Set_5dose_methods_prior","Set_5dose_methods_prior_SC3",3,"CRM","crm_fixed",NA,NA,"fixed",NA,0.6,0,0.0714,28,3,1,1,2,0.2,0.29,0.2427,NA,NA,NA,38.0879,9.3364,9.3364,5.0434,29.7442,19.6088,1.0853,338.9867,1935,1935,"0.15,0.2,0.3,0.35,0.45",0,1.4142,0.15,0.85,NA,NA,NA,NA,NA,NA,NA,NA,NA,NA,NA,NA,NA,NA,NA,NA,NA,NA,NA,NA,NA,NA,NA,NA
"Set_5dose_methods_prior","Set_5dose_methods_prior_SC3",3,"CRM","crm_fixed",NA,NA,"fixed",NA,0.6,0,0.0714,28,3,1,1,3,0.3,0.42,0.3408,NA,NA,NA,33.1783,7.6171,7.6171,3.4682,29.7442,19.6088,1.0853,338.9867,1935,1935,"0.15,0.2,0.3,0.35,0.45",0,1.4142,0.15,0.85,NA,NA,NA,NA,NA,NA,NA,NA,NA,NA,NA,NA,NA,NA,NA,NA,NA,NA,NA,NA,NA,NA,NA,NA
"Set_5dose_methods_prior","Set_5dose_methods_prior_SC3",3,"CRM","crm_fixed",NA,NA,"fixed",NA,0.6,0,0.0714,28,3,1,1,4,0.35,0.53,0.3889,NA,NA,NA,14.4186,3.4837,3.4837,1.1044,29.7442,19.6088,1.0853,338.9867,1935,1935,"0.15,0.2,0.3,0.35,0.45",0,1.4142,0.15,0.85,NA,NA,NA,NA,NA,NA,NA,NA,NA,NA,NA,NA,NA,NA,NA,NA,NA,NA,NA,NA,NA,NA,NA,NA
"Set_5dose_methods_prior","Set_5dose_methods_prior_SC3",3,"CRM","crm_fixed",NA,NA,"fixed",NA,0.6,0,0.0714,28,3,1,1,5,0.45,0.66,0.4838,NA,NA,NA,2.6873,1.1612,1.1612,0.5194,29.7442,19.6088,1.0853,338.9867,1935,1935,"0.15,0.2,0.3,0.35,0.45",0,1.4142,0.15,0.85,NA,NA,NA,NA,NA,NA,NA,NA,NA,NA,NA,NA,NA,NA,NA,NA,NA,NA,NA,NA,NA,NA,NA,NA
"Set_5dose_methods_prior","Set_5dose_methods_prior_SC3",3,"CRM","crm_level",NA,NA,"level",NA,0.6,0,0.0714,28,3,1,1,1,0.15,0.15,0.1777,NA,NA,NA,8.3204,7.1085,7.1085,0,29.7442,19.4429,1.0853,337.7257,1935,1935,"0.15,0.2,0.3,0.35,0.45",0,1.4142,0.15,0.85,NA,NA,NA,NA,NA,NA,NA,NA,NA,NA,NA,NA,NA,NA,NA,NA,NA,NA,NA,NA,NA,NA,NA,NA
"Set_5dose_methods_prior","Set_5dose_methods_prior_SC3",3,"CRM","crm_level",NA,NA,"level",NA,0.6,0,0.0714,28,3,1,1,2,0.2,0.29,0.2266,0.0596,NA,NA,32.6098,8.1984,8.1984,4.6057,29.7442,19.4429,1.0853,337.7257,1935,1935,"0.15,0.2,0.3,0.35,0.45",0,1.4142,0.15,0.85,NA,NA,NA,NA,NA,NA,NA,NA,NA,NA,NA,NA,NA,NA,NA,NA,NA,NA,NA,NA,NA,NA,NA,NA
"Set_5dose_methods_prior","Set_5dose_methods_prior_SC3",3,"CRM","crm_level",NA,NA,"level",NA,0.6,0,0.0714,28,3,1,1,3,0.3,0.42,0.3223,0.0903,NA,NA,35.3488,7.862,7.862,3.5266,29.7442,19.4429,1.0853,337.7257,1935,1935,"0.15,0.2,0.3,0.35,0.45",0,1.4142,0.15,0.85,NA,NA,NA,NA,NA,NA,NA,NA,NA,NA,NA,NA,NA,NA,NA,NA,NA,NA,NA,NA,NA,NA,NA,NA
"Set_5dose_methods_prior","Set_5dose_methods_prior_SC3",3,"CRM","crm_level",NA,NA,"level",NA,0.6,0,0.0714,28,3,1,1,4,0.35,0.53,0.3697,0.1162,NA,NA,18.0362,4.5333,4.5333,1.3339,29.7442,19.4429,1.0853,337.7257,1935,1935,"0.15,0.2,0.3,0.35,0.45",0,1.4142,0.15,0.85,NA,NA,NA,NA,NA,NA,NA,NA,NA,NA,NA,NA,NA,NA,NA,NA,NA,NA,NA,NA,NA,NA,NA,NA
"Set_5dose_methods_prior","Set_5dose_methods_prior_SC3",3,"CRM","crm_level",NA,NA,"level",NA,0.6,0,0.0714,28,3,1,1,5,0.45,0.66,0.4645,0.1442,NA,NA,4.5995,2.0419,2.0419,0.8351,29.7442,19.4429,1.0853,337.7257,1935,1935,"0.15,0.2,0.3,0.35,0.45",0,1.4142,0.15,0.85,NA,NA,NA,NA,NA,NA,NA,NA,NA,NA,NA,NA,NA,NA,NA,NA,NA,NA,NA,NA,NA,NA,NA,NA
"Set_5dose_methods_prior","Set_5dose_methods_prior_SC3",3,"CRM","crm_random",NA,NA,"random",NA,0.6,0,0.0714,28,3,1,1,1,0.15,0.15,0.1778,0.069,NA,NA,8.4755,7.0543,7.0543,0,29.7473,19.339,1.0853,337.6185,1935,1935,"0.15,0.2,0.3,0.35,0.45",0,1.4142,0.15,0.85,NA,NA,NA,NA,NA,NA,NA,NA,NA,NA,NA,NA,NA,NA,NA,NA,NA,NA,NA,NA,NA,NA,NA,NA
"Set_5dose_methods_prior","Set_5dose_methods_prior_SC3",3,"CRM","crm_random",NA,NA,"random",NA,0.6,0,0.0714,28,3,1,1,2,0.2,0.29,0.2265,NA,NA,NA,33.8501,8.3395,8.3395,4.63,29.7473,19.339,1.0853,337.6185,1935,1935,"0.15,0.2,0.3,0.35,0.45",0,1.4142,0.15,0.85,NA,NA,NA,NA,NA,NA,NA,NA,NA,NA,NA,NA,NA,NA,NA,NA,NA,NA,NA,NA,NA,NA,NA,NA
"Set_5dose_methods_prior","Set_5dose_methods_prior_SC3",3,"CRM","crm_random",NA,NA,"random",NA,0.6,0,0.0714,28,3,1,1,3,0.3,0.42,0.3218,NA,NA,NA,32.7132,7.5969,7.5969,3.5762,29.7473,19.339,1.0853,337.6185,1935,1935,"0.15,0.2,0.3,0.35,0.45",0,1.4142,0.15,0.85,NA,NA,NA,NA,NA,NA,NA,NA,NA,NA,NA,NA,NA,NA,NA,NA,NA,NA,NA,NA,NA,NA,NA,NA
"Set_5dose_methods_prior","Set_5dose_methods_prior_SC3",3,"CRM","crm_random",NA,NA,"random",NA,0.6,0,0.0714,28,3,1,1,4,0.35,0.53,0.3691,NA,NA,NA,18.9664,4.4806,4.4806,1.2853,29.7473,19.339,1.0853,337.6185,1935,1935,"0.15,0.2,0.3,0.35,0.45",0,1.4142,0.15,0.85,NA,NA,NA,NA,NA,NA,NA,NA,NA,NA,NA,NA,NA,NA,NA,NA,NA,NA,NA,NA,NA,NA,NA,NA
"Set_5dose_methods_prior","Set_5dose_methods_prior_SC3",3,"CRM","crm_random",NA,NA,"random",NA,0.6,0,0.0714,28,3,1,1,5,0.45,0.66,0.4635,NA,NA,NA,4.9096,2.276,2.276,0.9168,29.7473,19.339,1.0853,337.6185,1935,1935,"0.15,0.2,0.3,0.35,0.45",0,1.4142,0.15,0.85,NA,NA,NA,NA,NA,NA,NA,NA,NA,NA,NA,NA,NA,NA,NA,NA,NA,NA,NA,NA,NA,NA,NA,NA
"Set_5dose_methods_prior","Set_5dose_methods_prior_SC3",3,"CRM","crm_alpha_crm",NA,NA,"alpha_crm",NA,0.6,0,0.0714,28,3,1,1,1,0.15,0.15,0.1672,NA,NA,NA,6.3049,6.924,6.924,0,29.738,19.6537,1.1886,338.7265,1935,1935,"0.15,0.2,0.3,0.35,0.45",0,1.4142,0.15,0.85,NA,NA,NA,NA,NA,NA,NA,NA,NA,NA,NA,NA,NA,"15,20,30,35,45",61,NA,NA,NA,NA,NA,NA,NA,NA,NA
"Set_5dose_methods_prior","Set_5dose_methods_prior_SC3",3,"CRM","crm_alpha_crm",NA,NA,"alpha_crm",NA,0.6,0,0.0714,28,3,1,1,2,0.2,0.29,0.2147,NA,NA,NA,28.9922,7.7798,7.7798,4.4951,29.738,19.6537,1.1886,338.7265,1935,1935,"0.15,0.2,0.3,0.35,0.45",0,1.4142,0.15,0.85,NA,NA,NA,NA,NA,NA,NA,NA,NA,NA,NA,NA,NA,"15,20,30,35,45",61,NA,NA,NA,NA,NA,NA,NA,NA,NA
"Set_5dose_methods_prior","Set_5dose_methods_prior_SC3",3,"CRM","crm_alpha_crm",NA,NA,"alpha_crm",NA,0.6,0,0.0714,28,3,1,1,3,0.3,0.42,0.309,NA,NA,NA,32.8165,7.1659,7.1659,3.4605,29.738,19.6537,1.1886,338.7265,1935,1935,"0.15,0.2,0.3,0.35,0.45",0,1.4142,0.15,0.85,NA,NA,NA,NA,NA,NA,NA,NA,NA,NA,NA,NA,NA,"15,20,30,35,45",61,NA,NA,NA,NA,NA,NA,NA,NA,NA
"Set_5dose_methods_prior","Set_5dose_methods_prior_SC3",3,"CRM","crm_alpha_crm",NA,NA,"alpha_crm",NA,0.6,0,0.0714,28,3,1,1,4,0.35,0.53,0.3562,NA,NA,NA,22.4289,4.8884,4.8884,1.1204,29.738,19.6537,1.1886,338.7265,1935,1935,"0.15,0.2,0.3,0.35,0.45",0,1.4142,0.15,0.85,NA,NA,NA,NA,NA,NA,NA,NA,NA,NA,NA,NA,NA,"15,20,30,35,45",61,NA,NA,NA,NA,NA,NA,NA,NA,NA
"Set_5dose_methods_prior","Set_5dose_methods_prior_SC3",3,"CRM","crm_alpha_crm",NA,NA,"alpha_crm",NA,0.6,0,0.0714,28,3,1,1,5,0.45,0.66,0.4512,NA,NA,NA,8.2687,2.9798,2.9798,1.0083,29.738,19.6537,1.1886,338.7265,1935,1935,"0.15,0.2,0.3,0.35,0.45",0,1.4142,0.15,0.85,NA,NA,NA,NA,NA,NA,NA,NA,NA,NA,NA,NA,NA,"15,20,30,35,45",61,NA,NA,NA,NA,NA,NA,NA,NA,NA
"Set_5dose_methods_prior","Set_5dose_methods_prior_SC3",3,"CRM","crm_cumu_crm",NA,NA,"cumu_crm",NA,0.6,0,0.0714,28,3,1,1,1,0.15,0.15,0.1439,NA,NA,NA,3.3075,4.3721,4.3721,0,29.8837,20.2098,0.4651,338.9639,1935,1935,"0.15,0.2,0.3,0.35,0.45",0,1.4142,0.15,0.85,NA,NA,NA,NA,NA,NA,NA,NA,NA,NA,NA,NA,NA,NA,NA,"15,20,30,35,45","0.62828086,0.83770782,1.25656172,1.46598868,1.88484259",-2.8,2,1,2.5,1.6,1,0
"Set_5dose_methods_prior","Set_5dose_methods_prior_SC3",3,"CRM","crm_cumu_crm",NA,NA,"cumu_crm",NA,0.6,0,0.0714,28,3,1,1,2,0.2,0.29,0.1858,NA,NA,NA,22.1705,7.3938,7.3938,3.2656,29.8837,20.2098,0.4651,338.9639,1935,1935,"0.15,0.2,0.3,0.35,0.45",0,1.4142,0.15,0.85,NA,NA,NA,NA,NA,NA,NA,NA,NA,NA,NA,NA,NA,NA,NA,"15,20,30,35,45","0.62828086,0.83770782,1.25656172,1.46598868,1.88484259",-2.8,2,1,2.5,1.6,1,0
"Set_5dose_methods_prior","Set_5dose_methods_prior_SC3",3,"CRM","crm_cumu_crm",NA,NA,"cumu_crm",NA,0.6,0,0.0714,28,3,1,1,3,0.3,0.42,0.2964,NA,NA,NA,34.677,7.8388,7.8388,3.4088,29.8837,20.2098,0.4651,338.9639,1935,1935,"0.15,0.2,0.3,0.35,0.45",0,1.4142,0.15,0.85,NA,NA,NA,NA,NA,NA,NA,NA,NA,NA,NA,NA,NA,NA,NA,"15,20,30,35,45","0.62828086,0.83770782,1.25656172,1.46598868,1.88484259",-2.8,2,1,2.5,1.6,1,0
"Set_5dose_methods_prior","Set_5dose_methods_prior_SC3",3,"CRM","crm_cumu_crm",NA,NA,"cumu_crm",NA,0.6,0,0.0714,28,3,1,1,4,0.35,0.53,0.3612,NA,NA,NA,27.7003,6.4248,6.4248,1.6078,29.8837,20.2098,0.4651,338.9639,1935,1935,"0.15,0.2,0.3,0.35,0.45",0,1.4142,0.15,0.85,NA,NA,NA,NA,NA,NA,NA,NA,NA,NA,NA,NA,NA,NA,NA,"15,20,30,35,45","0.62828086,0.83770782,1.25656172,1.46598868,1.88484259",-2.8,2,1,2.5,1.6,1,0
"Set_5dose_methods_prior","Set_5dose_methods_prior_SC3",3,"CRM","crm_cumu_crm",NA,NA,"cumu_crm",NA,0.6,0,0.0714,28,3,1,1,5,0.45,0.66,0.4939,NA,NA,NA,11.6796,3.8543,3.8543,1.3917,29.8837,20.2098,0.4651,338.9639,1935,1935,"0.15,0.2,0.3,0.35,0.45",0,1.4142,0.15,0.85,NA,NA,NA,NA,NA,NA,NA,NA,NA,NA,NA,NA,NA,NA,NA,"15,20,30,35,45","0.62828086,0.83770782,1.25656172,1.46598868,1.88484259",-2.8,2,1,2.5,1.6,1,0
"Set_5dose_methods_prior","Set_5dose_methods_prior_SC3",3,"CRM","crm_fixed",NA,NA,"fixed",NA,0.9,0,0.0714,28,1,1,1,1,0.15,0.15,0.1618,0,NA,NA,4.8062,6.7767,6.7767,0,29.7442,29.7442,1.0853,434.7413,1935,1935,"0.15,0.2,0.3,0.35,0.45",0,1.4142,0.15,0.85,NA,NA,NA,NA,NA,NA,NA,NA,NA,NA,NA,NA,NA,NA,NA,NA,NA,NA,NA,NA,NA,NA,NA,NA
"Set_5dose_methods_prior","Set_5dose_methods_prior_SC3",3,"CRM","crm_fixed",NA,NA,"fixed",NA,0.9,0,0.0714,28,1,1,1,2,0.2,0.335,0.209,NA,NA,NA,24.186,7.1395,7.1395,0,29.7442,29.7442,1.0853,434.7413,1935,1935,"0.15,0.2,0.3,0.35,0.45",0,1.4142,0.15,0.85,NA,NA,NA,NA,NA,NA,NA,NA,NA,NA,NA,NA,NA,NA,NA,NA,NA,NA,NA,NA,NA,NA,NA,NA
"Set_5dose_methods_prior","Set_5dose_methods_prior_SC3",3,"CRM","crm_fixed",NA,NA,"fixed",NA,0.9,0,0.0714,28,1,1,1,3,0.3,0.48,0.3031,NA,NA,NA,35.6072,7.8698,7.8698,0,29.7442,29.7442,1.0853,434.7413,1935,1935,"0.15,0.2,0.3,0.35,0.45",0,1.4142,0.15,0.85,NA,NA,NA,NA,NA,NA,NA,NA,NA,NA,NA,NA,NA,NA,NA,NA,NA,NA,NA,NA,NA,NA,NA,NA
"Set_5dose_methods_prior","Set_5dose_methods_prior_SC3",3,"CRM","crm_fixed",NA,NA,"fixed",NA,0.9,0,0.0714,28,1,1,1,4,0.35,0.62,0.3503,NA,NA,NA,24.5478,5.155,5.155,0,29.7442,29.7442,1.0853,434.7413,1935,1935,"0.15,0.2,0.3,0.35,0.45",0,1.4142,0.15,0.85,NA,NA,NA,NA,NA,NA,NA,NA,NA,NA,NA,NA,NA,NA,NA,NA,NA,NA,NA,NA,NA,NA,NA,NA
"Set_5dose_methods_prior","Set_5dose_methods_prior_SC3",3,"CRM","crm_fixed",NA,NA,"fixed",NA,0.9,0,0.0714,28,1,1,1,5,0.45,0.765,0.4457,NA,NA,NA,9.7674,2.8031,2.8031,0,29.7442,29.7442,1.0853,434.7413,1935,1935,"0.15,0.2,0.3,0.35,0.45",0,1.4142,0.15,0.85,NA,NA,NA,NA,NA,NA,NA,NA,NA,NA,NA,NA,NA,NA,NA,NA,NA,NA,NA,NA,NA,NA,NA,NA
"Set_5dose_methods_prior","Set_5dose_methods_prior_SC3",3,"CRM","crm_level",NA,NA,"level",NA,0.9,0,0.0714,28,1,1,1,1,0.15,0.15,0.1617,NA,NA,NA,4.9096,6.7953,6.7953,0,29.7442,29.7442,1.0853,434.7413,1935,1935,"0.15,0.2,0.3,0.35,0.45",0,1.4142,0.15,0.85,NA,NA,NA,NA,NA,NA,NA,NA,NA,NA,NA,NA,NA,NA,NA,NA,NA,NA,NA,NA,NA,NA,NA,NA
"Set_5dose_methods_prior","Set_5dose_methods_prior_SC3",3,"CRM","crm_level",NA,NA,"level",NA,0.9,0,0.0714,28,1,1,1,2,0.2,0.335,0.2089,0.0819,NA,NA,23.9793,7.1132,7.1132,0,29.7442,29.7442,1.0853,434.7413,1935,1935,"0.15,0.2,0.3,0.35,0.45",0,1.4142,0.15,0.85,NA,NA,NA,NA,NA,NA,NA,NA,NA,NA,NA,NA,NA,NA,NA,NA,NA,NA,NA,NA,NA,NA,NA,NA
"Set_5dose_methods_prior","Set_5dose_methods_prior_SC3",3,"CRM","crm_level",NA,NA,"level",NA,0.9,0,0.0714,28,1,1,1,3,0.3,0.48,0.303,0.089,NA,NA,35.4005,7.9302,7.9302,0,29.7442,29.7442,1.0853,434.7413,1935,1935,"0.15,0.2,0.3,0.35,0.45",0,1.4142,0.15,0.85,NA,NA,NA,NA,NA,NA,NA,NA,NA,NA,NA,NA,NA,NA,NA,NA,NA,NA,NA,NA,NA,NA,NA,NA
"Set_5dose_methods_prior","Set_5dose_methods_prior_SC3",3,"CRM","crm_level",NA,NA,"level",NA,0.9,0,0.0714,28,1,1,1,4,0.35,0.62,0.3502,0.1079,NA,NA,24.7545,5.0884,5.0884,0,29.7442,29.7442,1.0853,434.7413,1935,1935,"0.15,0.2,0.3,0.35,0.45",0,1.4142,0.15,0.85,NA,NA,NA,NA,NA,NA,NA,NA,NA,NA,NA,NA,NA,NA,NA,NA,NA,NA,NA,NA,NA,NA,NA,NA
"Set_5dose_methods_prior","Set_5dose_methods_prior_SC3",3,"CRM","crm_level",NA,NA,"level",NA,0.9,0,0.0714,28,1,1,1,5,0.45,0.765,0.4457,0.1299,NA,NA,9.8708,2.8171,2.8171,0,29.7442,29.7442,1.0853,434.7413,1935,1935,"0.15,0.2,0.3,0.35,0.45",0,1.4142,0.15,0.85,NA,NA,NA,NA,NA,NA,NA,NA,NA,NA,NA,NA,NA,NA,NA,NA,NA,NA,NA,NA,NA,NA,NA,NA
"Set_5dose_methods_prior","Set_5dose_methods_prior_SC3",3,"CRM","crm_random",NA,NA,"random",NA,0.9,0,0.0714,28,1,1,1,1,0.15,0.15,0.1617,0.0758,NA,NA,4.8062,6.7783,6.7783,0,29.7442,29.7442,1.0853,434.7413,1935,1935,"0.15,0.2,0.3,0.35,0.45",0,1.4142,0.15,0.85,NA,NA,NA,NA,NA,NA,NA,NA,NA,NA,NA,NA,NA,NA,NA,NA,NA,NA,NA,NA,NA,NA,NA,NA
"Set_5dose_methods_prior","Set_5dose_methods_prior_SC3",3,"CRM","crm_random",NA,NA,"random",NA,0.9,0,0.0714,28,1,1,1,2,0.2,0.335,0.2089,NA,NA,NA,24.186,7.1395,7.1395,0,29.7442,29.7442,1.0853,434.7413,1935,1935,"0.15,0.2,0.3,0.35,0.45",0,1.4142,0.15,0.85,NA,NA,NA,NA,NA,NA,NA,NA,NA,NA,NA,NA,NA,NA,NA,NA,NA,NA,NA,NA,NA,NA,NA,NA
"Set_5dose_methods_prior","Set_5dose_methods_prior_SC3",3,"CRM","crm_random",NA,NA,"random",NA,0.9,0,0.0714,28,1,1,1,3,0.3,0.48,0.3031,NA,NA,NA,35.2972,7.8543,7.8543,0,29.7442,29.7442,1.0853,434.7413,1935,1935,"0.15,0.2,0.3,0.35,0.45",0,1.4142,0.15,0.85,NA,NA,NA,NA,NA,NA,NA,NA,NA,NA,NA,NA,NA,NA,NA,NA,NA,NA,NA,NA,NA,NA,NA,NA
"Set_5dose_methods_prior","Set_5dose_methods_prior_SC3",3,"CRM","crm_random",NA,NA,"random",NA,0.9,0,0.0714,28,1,1,1,4,0.35,0.62,0.3503,NA,NA,NA,24.9612,5.1876,5.1876,0,29.7442,29.7442,1.0853,434.7413,1935,1935,"0.15,0.2,0.3,0.35,0.45",0,1.4142,0.15,0.85,NA,NA,NA,NA,NA,NA,NA,NA,NA,NA,NA,NA,NA,NA,NA,NA,NA,NA,NA,NA,NA,NA,NA,NA
"Set_5dose_methods_prior","Set_5dose_methods_prior_SC3",3,"CRM","crm_random",NA,NA,"random",NA,0.9,0,0.0714,28,1,1,1,5,0.45,0.765,0.4458,NA,NA,NA,9.6641,2.7845,2.7845,0,29.7442,29.7442,1.0853,434.7413,1935,1935,"0.15,0.2,0.3,0.35,0.45",0,1.4142,0.15,0.85,NA,NA,NA,NA,NA,NA,NA,NA,NA,NA,NA,NA,NA,NA,NA,NA,NA,NA,NA,NA,NA,NA,NA,NA
"Set_5dose_methods_prior","Set_5dose_methods_prior_SC3",3,"CRM","crm_alpha_crm",NA,NA,"alpha_crm",NA,0.9,0,0.0714,28,1,1,1,1,0.15,0.15,0.1614,NA,NA,NA,4.4444,6.7721,6.7721,0,29.738,29.738,1.1886,434.665,1935,1935,"0.15,0.2,0.3,0.35,0.45",0,1.4142,0.15,0.85,NA,NA,NA,NA,NA,NA,NA,NA,NA,NA,NA,NA,NA,"15,20,30,35,45",61,NA,NA,NA,NA,NA,NA,NA,NA,NA
"Set_5dose_methods_prior","Set_5dose_methods_prior_SC3",3,"CRM","crm_alpha_crm",NA,NA,"alpha_crm",NA,0.9,0,0.0714,28,1,1,1,2,0.2,0.335,0.2086,NA,NA,NA,24.2377,7.138,7.138,0,29.738,29.738,1.1886,434.665,1935,1935,"0.15,0.2,0.3,0.35,0.45",0,1.4142,0.15,0.85,NA,NA,NA,NA,NA,NA,NA,NA,NA,NA,NA,NA,NA,"15,20,30,35,45",61,NA,NA,NA,NA,NA,NA,NA,NA,NA
"Set_5dose_methods_prior","Set_5dose_methods_prior_SC3",3,"CRM","crm_alpha_crm",NA,NA,"alpha_crm",NA,0.9,0,0.0714,28,1,1,1,3,0.3,0.48,0.3027,NA,NA,NA,35.2972,7.9085,7.9085,0,29.738,29.738,1.1886,434.665,1935,1935,"0.15,0.2,0.3,0.35,0.45",0,1.4142,0.15,0.85,NA,NA,NA,NA,NA,NA,NA,NA,NA,NA,NA,NA,NA,"15,20,30,35,45",61,NA,NA,NA,NA,NA,NA,NA,NA,NA
"Set_5dose_methods_prior","Set_5dose_methods_prior_SC3",3,"CRM","crm_alpha_crm",NA,NA,"alpha_crm",NA,0.9,0,0.0714,28,1,1,1,4,0.35,0.62,0.3497,NA,NA,NA,24.8579,5.0884,5.0884,0,29.738,29.738,1.1886,434.665,1935,1935,"0.15,0.2,0.3,0.35,0.45",0,1.4142,0.15,0.85,NA,NA,NA,NA,NA,NA,NA,NA,NA,NA,NA,NA,NA,"15,20,30,35,45",61,NA,NA,NA,NA,NA,NA,NA,NA,NA
"Set_5dose_methods_prior","Set_5dose_methods_prior_SC3",3,"CRM","crm_alpha_crm",NA,NA,"alpha_crm",NA,0.9,0,0.0714,28,1,1,1,5,0.45,0.765,0.4454,NA,NA,NA,9.9742,2.831,2.831,0,29.738,29.738,1.1886,434.665,1935,1935,"0.15,0.2,0.3,0.35,0.45",0,1.4142,0.15,0.85,NA,NA,NA,NA,NA,NA,NA,NA,NA,NA,NA,NA,NA,"15,20,30,35,45",61,NA,NA,NA,NA,NA,NA,NA,NA,NA
"Set_5dose_methods_prior","Set_5dose_methods_prior_SC3",3,"CRM","crm_cumu_crm",NA,NA,"cumu_crm",NA,0.9,0,0.0714,28,1,1,1,1,0.15,0.15,0.148,NA,NA,NA,2.739,4.3752,4.3752,0,29.8775,29.8775,0.5168,436.4193,1935,1935,"0.15,0.2,0.3,0.35,0.45",0,1.4142,0.15,0.85,NA,NA,NA,NA,NA,NA,NA,NA,NA,NA,NA,NA,NA,NA,NA,"15,20,30,35,45","0.62828086,0.83770782,1.25656172,1.46598868,1.88484259",-2.8,2,1,2.5,1.6,1,0
"Set_5dose_methods_prior","Set_5dose_methods_prior_SC3",3,"CRM","crm_cumu_crm",NA,NA,"cumu_crm",NA,0.9,0,0.0714,28,1,1,1,2,0.2,0.335,0.1929,NA,NA,NA,24.2894,8.3116,8.3116,0,29.8775,29.8775,0.5168,436.4193,1935,1935,"0.15,0.2,0.3,0.35,0.45",0,1.4142,0.15,0.85,NA,NA,NA,NA,NA,NA,NA,NA,NA,NA,NA,NA,NA,NA,NA,"15,20,30,35,45","0.62828086,0.83770782,1.25656172,1.46598868,1.88484259",-2.8,2,1,2.5,1.6,1,0
"Set_5dose_methods_prior","Set_5dose_methods_prior_SC3",3,"CRM","crm_cumu_crm",NA,NA,"cumu_crm",NA,0.9,0,0.0714,28,1,1,1,3,0.3,0.48,0.312,NA,NA,NA,35.1421,8.4543,8.4543,0,29.8775,29.8775,0.5168,436.4193,1935,1935,"0.15,0.2,0.3,0.35,0.45",0,1.4142,0.15,0.85,NA,NA,NA,NA,NA,NA,NA,NA,NA,NA,NA,NA,NA,NA,NA,"15,20,30,35,45","0.62828086,0.83770782,1.25656172,1.46598868,1.88484259",-2.8,2,1,2.5,1.6,1,0
"Set_5dose_methods_prior","Set_5dose_methods_prior_SC3",3,"CRM","crm_cumu_crm",NA,NA,"cumu_crm",NA,0.9,0,0.0714,28,1,1,1,4,0.35,0.62,0.3811,NA,NA,NA,26.9251,5.6977,5.6977,0,29.8775,29.8775,0.5168,436.4193,1935,1935,"0.15,0.2,0.3,0.35,0.45",0,1.4142,0.15,0.85,NA,NA,NA,NA,NA,NA,NA,NA,NA,NA,NA,NA,NA,NA,NA,"15,20,30,35,45","0.62828086,0.83770782,1.25656172,1.46598868,1.88484259",-2.8,2,1,2.5,1.6,1,0
"Set_5dose_methods_prior","Set_5dose_methods_prior_SC3",3,"CRM","crm_cumu_crm",NA,NA,"cumu_crm",NA,0.9,0,0.0714,28,1,1,1,5,0.45,0.765,0.5202,NA,NA,NA,10.3876,3.0388,3.0388,0,29.8775,29.8775,0.5168,436.4193,1935,1935,"0.15,0.2,0.3,0.35,0.45",0,1.4142,0.15,0.85,NA,NA,NA,NA,NA,NA,NA,NA,NA,NA,NA,NA,NA,NA,NA,"15,20,30,35,45","0.62828086,0.83770782,1.25656172,1.46598868,1.88484259",-2.8,2,1,2.5,1.6,1,0
"Set_5dose_methods_prior","Set_5dose_methods_prior_SC3",3,"CRM","crm_fixed",NA,NA,"fixed",NA,0.9,0,0.0714,28,2,1,1,1,0.15,0.15,0.1995,0,NA,NA,13.7468,8.5783,8.5783,0,29.738,21.247,1.137,350.0583,1935,1935,"0.15,0.2,0.3,0.35,0.45",0,1.4142,0.15,0.85,NA,NA,NA,NA,NA,NA,NA,NA,NA,NA,NA,NA,NA,NA,NA,NA,NA,NA,NA,NA,NA,NA,NA,NA
"Set_5dose_methods_prior","Set_5dose_methods_prior_SC3",3,"CRM","crm_fixed",NA,NA,"fixed",NA,0.9,0,0.0714,28,2,1,1,2,0.2,0.335,0.2512,NA,NA,NA,37.9845,9.3504,9.3504,5.2114,29.738,21.247,1.137,350.0583,1935,1935,"0.15,0.2,0.3,0.35,0.45",0,1.4142,0.15,0.85,NA,NA,NA,NA,NA,NA,NA,NA,NA,NA,NA,NA,NA,NA,NA,NA,NA,NA,NA,NA,NA,NA,NA,NA
"Set_5dose_methods_prior","Set_5dose_methods_prior_SC3",3,"CRM","crm_fixed",NA,NA,"fixed",NA,0.9,0,0.0714,28,2,1,1,3,0.3,0.48,0.3503,NA,NA,NA,36.5891,7.8682,7.8682,1.2357,29.738,21.247,1.137,350.0583,1935,1935,"0.15,0.2,0.3,0.35,0.45",0,1.4142,0.15,0.85,NA,NA,NA,NA,NA,NA,NA,NA,NA,NA,NA,NA,NA,NA,NA,NA,NA,NA,NA,NA,NA,NA,NA,NA
"Set_5dose_methods_prior","Set_5dose_methods_prior_SC3",3,"CRM","crm_fixed",NA,NA,"fixed",NA,0.9,0,0.0714,28,2,1,1,4,0.35,0.62,0.3985,NA,NA,NA,8.8889,3.1597,3.1597,1.8889,29.738,21.247,1.137,350.0583,1935,1935,"0.15,0.2,0.3,0.35,0.45",0,1.4142,0.15,0.85,NA,NA,NA,NA,NA,NA,NA,NA,NA,NA,NA,NA,NA,NA,NA,NA,NA,NA,NA,NA,NA,NA,NA,NA
"Set_5dose_methods_prior","Set_5dose_methods_prior_SC3",3,"CRM","crm_fixed",NA,NA,"fixed",NA,0.9,0,0.0714,28,2,1,1,5,0.45,0.765,0.4932,NA,NA,NA,1.6537,0.7814,0.7814,0.155,29.738,21.247,1.137,350.0583,1935,1935,"0.15,0.2,0.3,0.35,0.45",0,1.4142,0.15,0.85,NA,NA,NA,NA,NA,NA,NA,NA,NA,NA,NA,NA,NA,NA,NA,NA,NA,NA,NA,NA,NA,NA,NA,NA
"Set_5dose_methods_prior","Set_5dose_methods_prior_SC3",3,"CRM","crm_level",NA,NA,"level",NA,0.9,0,0.0714,28,2,1,1,1,0.15,0.15,0.1845,NA,NA,NA,10.3876,7.3473,7.3473,0,29.7442,21.1463,1.0853,349.4605,1935,1935,"0.15,0.2,0.3,0.35,0.45",0,1.4142,0.15,0.85,NA,NA,NA,NA,NA,NA,NA,NA,NA,NA,NA,NA,NA,NA,NA,NA,NA,NA,NA,NA,NA,NA,NA,NA
"Set_5dose_methods_prior","Set_5dose_methods_prior_SC3",3,"CRM","crm_level",NA,NA,"level",NA,0.9,0,0.0714,28,2,1,1,2,0.2,0.335,0.2342,0.0676,NA,NA,35.2455,8.8822,8.8822,4.7659,29.7442,21.1463,1.0853,349.4605,1935,1935,"0.15,0.2,0.3,0.35,0.45",0,1.4142,0.15,0.85,NA,NA,NA,NA,NA,NA,NA,NA,NA,NA,NA,NA,NA,NA,NA,NA,NA,NA,NA,NA,NA,NA,NA,NA
"Set_5dose_methods_prior","Set_5dose_methods_prior_SC3",3,"CRM","crm_level",NA,NA,"level",NA,0.9,0,0.0714,28,2,1,1,3,0.3,0.48,0.3308,0.0994,NA,NA,37.5711,7.8124,7.8124,1.4129,29.7442,21.1463,1.0853,349.4605,1935,1935,"0.15,0.2,0.3,0.35,0.45",0,1.4142,0.15,0.85,NA,NA,NA,NA,NA,NA,NA,NA,NA,NA,NA,NA,NA,NA,NA,NA,NA,NA,NA,NA,NA,NA,NA,NA
"Set_5dose_methods_prior","Set_5dose_methods_prior_SC3",3,"CRM","crm_level",NA,NA,"level",NA,0.9,0,0.0714,28,2,1,1,4,0.35,0.62,0.3784,0.1462,NA,NA,12.2997,4.1395,4.1395,2.1075,29.7442,21.1463,1.0853,349.4605,1935,1935,"0.15,0.2,0.3,0.35,0.45",0,1.4142,0.15,0.85,NA,NA,NA,NA,NA,NA,NA,NA,NA,NA,NA,NA,NA,NA,NA,NA,NA,NA,NA,NA,NA,NA,NA,NA
"Set_5dose_methods_prior","Set_5dose_methods_prior_SC3",3,"CRM","crm_level",NA,NA,"level",NA,0.9,0,0.0714,28,2,1,1,5,0.45,0.765,0.4731,0.1454,NA,NA,3.4109,1.5628,1.5628,0.3116,29.7442,21.1463,1.0853,349.4605,1935,1935,"0.15,0.2,0.3,0.35,0.45",0,1.4142,0.15,0.85,NA,NA,NA,NA,NA,NA,NA,NA,NA,NA,NA,NA,NA,NA,NA,NA,NA,NA,NA,NA,NA,NA,NA,NA
"Set_5dose_methods_prior","Set_5dose_methods_prior_SC3",3,"CRM","crm_random",NA,NA,"random",NA,0.9,0,0.0714,28,2,1,1,1,0.15,0.15,0.1834,0.0931,NA,NA,10.2842,7.2093,7.2093,0,29.7349,21.109,1.137,349.3715,1935,1935,"0.15,0.2,0.3,0.35,0.45",0,1.4142,0.15,0.85,NA,NA,NA,NA,NA,NA,NA,NA,NA,NA,NA,NA,NA,NA,NA,NA,NA,NA,NA,NA,NA,NA,NA,NA
"Set_5dose_methods_prior","Set_5dose_methods_prior_SC3",3,"CRM","crm_random",NA,NA,"random",NA,0.9,0,0.0714,28,2,1,1,2,0.2,0.335,0.2327,NA,NA,NA,35.814,8.7085,8.7085,4.6636,29.7349,21.109,1.137,349.3715,1935,1935,"0.15,0.2,0.3,0.35,0.45",0,1.4142,0.15,0.85,NA,NA,NA,NA,NA,NA,NA,NA,NA,NA,NA,NA,NA,NA,NA,NA,NA,NA,NA,NA,NA,NA,NA,NA
"Set_5dose_methods_prior","Set_5dose_methods_prior_SC3",3,"CRM","crm_random",NA,NA,"random",NA,0.9,0,0.0714,28,2,1,1,3,0.3,0.48,0.3288,NA,NA,NA,35.2455,7.9721,7.9721,1.5519,29.7349,21.109,1.137,349.3715,1935,1935,"0.15,0.2,0.3,0.35,0.45",0,1.4142,0.15,0.85,NA,NA,NA,NA,NA,NA,NA,NA,NA,NA,NA,NA,NA,NA,NA,NA,NA,NA,NA,NA,NA,NA,NA,NA
"Set_5dose_methods_prior","Set_5dose_methods_prior_SC3",3,"CRM","crm_random",NA,NA,"random",NA,0.9,0,0.0714,28,2,1,1,4,0.35,0.62,0.3762,NA,NA,NA,14.677,4.1411,4.1411,2.0393,29.7349,21.109,1.137,349.3715,1935,1935,"0.15,0.2,0.3,0.35,0.45",0,1.4142,0.15,0.85,NA,NA,NA,NA,NA,NA,NA,NA,NA,NA,NA,NA,NA,NA,NA,NA,NA,NA,NA,NA,NA,NA,NA,NA
"Set_5dose_methods_prior","Set_5dose_methods_prior_SC3",3,"CRM","crm_random",NA,NA,"random",NA,0.9,0,0.0714,28,2,1,1,5,0.45,0.765,0.4706,NA,NA,NA,2.8424,1.7039,1.7039,0.3711,29.7349,21.109,1.137,349.3715,1935,1935,"0.15,0.2,0.3,0.35,0.45",0,1.4142,0.15,0.85,NA,NA,NA,NA,NA,NA,NA,NA,NA,NA,NA,NA,NA,NA,NA,NA,NA,NA,NA,NA,NA,NA,NA,NA
"Set_5dose_methods_prior","Set_5dose_methods_prior_SC3",3,"CRM","crm_alpha_crm",NA,NA,"alpha_crm",NA,0.9,0,0.0714,28,2,1,1,1,0.15,0.15,0.1792,NA,NA,NA,8.6305,7.293,7.293,0,29.738,21.169,1.1886,349.3976,1935,1935,"0.15,0.2,0.3,0.35,0.45",0,1.4142,0.15,0.85,NA,NA,NA,NA,NA,NA,NA,NA,NA,NA,NA,NA,NA,"15,20,30,35,45",61,NA,NA,NA,NA,NA,NA,NA,NA,NA
"Set_5dose_methods_prior","Set_5dose_methods_prior_SC3",3,"CRM","crm_alpha_crm",NA,NA,"alpha_crm",NA,0.9,0,0.0714,28,2,1,1,2,0.2,0.335,0.2284,NA,NA,NA,31.7829,8.6868,8.6868,4.6568,29.738,21.169,1.1886,349.3976,1935,1935,"0.15,0.2,0.3,0.35,0.45",0,1.4142,0.15,0.85,NA,NA,NA,NA,NA,NA,NA,NA,NA,NA,NA,NA,NA,"15,20,30,35,45",61,NA,NA,NA,NA,NA,NA,NA,NA,NA
"Set_5dose_methods_prior","Set_5dose_methods_prior_SC3",3,"CRM","crm_alpha_crm",NA,NA,"alpha_crm",NA,0.9,0,0.0714,28,2,1,1,3,0.3,0.48,0.3248,NA,NA,NA,38.553,7.693,7.693,1.6207,29.738,21.169,1.1886,349.3976,1935,1935,"0.15,0.2,0.3,0.35,0.45",0,1.4142,0.15,0.85,NA,NA,NA,NA,NA,NA,NA,NA,NA,NA,NA,NA,NA,"15,20,30,35,45",61,NA,NA,NA,NA,NA,NA,NA,NA,NA
"Set_5dose_methods_prior","Set_5dose_methods_prior_SC3",3,"CRM","crm_alpha_crm",NA,NA,"alpha_crm",NA,0.9,0,0.0714,28,2,1,1,4,0.35,0.62,0.3725,NA,NA,NA,15.9173,4.2434,4.2434,1.8842,29.738,21.169,1.1886,349.3976,1935,1935,"0.15,0.2,0.3,0.35,0.45",0,1.4142,0.15,0.85,NA,NA,NA,NA,NA,NA,NA,NA,NA,NA,NA,NA,NA,"15,20,30,35,45",61,NA,NA,NA,NA,NA,NA,NA,NA,NA
"Set_5dose_methods_prior","Set_5dose_methods_prior_SC3",3,"CRM","crm_alpha_crm",NA,NA,"alpha_crm",NA,0.9,0,0.0714,28,2,1,1,5,0.45,0.765,0.4676,NA,NA,NA,3.9276,1.8217,1.8217,0.4072,29.738,21.169,1.1886,349.3976,1935,1935,"0.15,0.2,0.3,0.35,0.45",0,1.4142,0.15,0.85,NA,NA,NA,NA,NA,NA,NA,NA,NA,NA,NA,NA,NA,"15,20,30,35,45",61,NA,NA,NA,NA,NA,NA,NA,NA,NA
"Set_5dose_methods_prior","Set_5dose_methods_prior_SC3",3,"CRM","crm_cumu_crm",NA,NA,"cumu_crm",NA,0.9,0,0.0714,28,2,1,1,1,0.15,0.15,0.1494,NA,NA,NA,3.876,4.5349,4.5349,0,29.8837,21.7401,0.4651,351.1544,1935,1935,"0.15,0.2,0.3,0.35,0.45",0,1.4142,0.15,0.85,NA,NA,NA,NA,NA,NA,NA,NA,NA,NA,NA,NA,NA,NA,NA,"15,20,30,35,45","0.62828086,0.83770782,1.25656172,1.46598868,1.88484259",-2.8,2,1,2.5,1.6,1,0
"Set_5dose_methods_prior","Set_5dose_methods_prior_SC3",3,"CRM","crm_cumu_crm",NA,NA,"cumu_crm",NA,0.9,0,0.0714,28,2,1,1,2,0.2,0.335,0.1946,NA,NA,NA,26.2532,8.8186,8.8186,3.3514,29.8837,21.7401,0.4651,351.1544,1935,1935,"0.15,0.2,0.3,0.35,0.45",0,1.4142,0.15,0.85,NA,NA,NA,NA,NA,NA,NA,NA,NA,NA,NA,NA,NA,NA,NA,"15,20,30,35,45","0.62828086,0.83770782,1.25656172,1.46598868,1.88484259",-2.8,2,1,2.5,1.6,1,0
"Set_5dose_methods_prior","Set_5dose_methods_prior_SC3",3,"CRM","crm_cumu_crm",NA,NA,"cumu_crm",NA,0.9,0,0.0714,28,2,1,1,3,0.3,0.48,0.3134,NA,NA,NA,38.3979,8.231,8.231,2.0594,29.8837,21.7401,0.4651,351.1544,1935,1935,"0.15,0.2,0.3,0.35,0.45",0,1.4142,0.15,0.85,NA,NA,NA,NA,NA,NA,NA,NA,NA,NA,NA,NA,NA,NA,NA,"15,20,30,35,45","0.62828086,0.83770782,1.25656172,1.46598868,1.88484259",-2.8,2,1,2.5,1.6,1,0
"Set_5dose_methods_prior","Set_5dose_methods_prior_SC3",3,"CRM","crm_cumu_crm",NA,NA,"cumu_crm",NA,0.9,0,0.0714,28,2,1,1,4,0.35,0.62,0.3819,NA,NA,NA,23.6176,5.4372,5.4372,2.0889,29.8837,21.7401,0.4651,351.1544,1935,1935,"0.15,0.2,0.3,0.35,0.45",0,1.4142,0.15,0.85,NA,NA,NA,NA,NA,NA,NA,NA,NA,NA,NA,NA,NA,NA,NA,"15,20,30,35,45","0.62828086,0.83770782,1.25656172,1.46598868,1.88484259",-2.8,2,1,2.5,1.6,1,0
"Set_5dose_methods_prior","Set_5dose_methods_prior_SC3",3,"CRM","crm_cumu_crm",NA,NA,"cumu_crm",NA,0.9,0,0.0714,28,2,1,1,5,0.45,0.765,0.5188,NA,NA,NA,7.3902,2.862,2.862,0.6439,29.8837,21.7401,0.4651,351.1544,1935,1935,"0.15,0.2,0.3,0.35,0.45",0,1.4142,0.15,0.85,NA,NA,NA,NA,NA,NA,NA,NA,NA,NA,NA,NA,NA,NA,NA,"15,20,30,35,45","0.62828086,0.83770782,1.25656172,1.46598868,1.88484259",-2.8,2,1,2.5,1.6,1,0
"Set_5dose_methods_prior","Set_5dose_methods_prior_SC3",3,"CRM","crm_fixed",NA,NA,"fixed",NA,0.9,0,0.0714,28,3,1,1,1,0.15,0.15,0.2053,0,NA,NA,14.7287,8.8868,8.8868,0,29.738,19.7468,1.137,339.6091,1935,1935,"0.15,0.2,0.3,0.35,0.45",0,1.4142,0.15,0.85,NA,NA,NA,NA,NA,NA,NA,NA,NA,NA,NA,NA,NA,NA,NA,NA,NA,NA,NA,NA,NA,NA,NA,NA
"Set_5dose_methods_prior","Set_5dose_methods_prior_SC3",3,"CRM","crm_fixed",NA,NA,"fixed",NA,0.9,0,0.0714,28,3,1,1,2,0.2,0.335,0.2576,NA,NA,NA,44.031,10.1953,10.1953,5.3592,29.738,19.7468,1.137,339.6091,1935,1935,"0.15,0.2,0.3,0.35,0.45",0,1.4142,0.15,0.85,NA,NA,NA,NA,NA,NA,NA,NA,NA,NA,NA,NA,NA,NA,NA,NA,NA,NA,NA,NA,NA,NA,NA,NA
"Set_5dose_methods_prior","Set_5dose_methods_prior_SC3",3,"CRM","crm_fixed",NA,NA,"fixed",NA,0.9,0,0.0714,28,3,1,1,3,0.3,0.48,0.3573,NA,NA,NA,30.1809,7.3085,7.3085,3.3251,29.738,19.7468,1.137,339.6091,1935,1935,"0.15,0.2,0.3,0.35,0.45",0,1.4142,0.15,0.85,NA,NA,NA,NA,NA,NA,NA,NA,NA,NA,NA,NA,NA,NA,NA,NA,NA,NA,NA,NA,NA,NA,NA,NA
"Set_5dose_methods_prior","Set_5dose_methods_prior_SC3",3,"CRM","crm_fixed",NA,NA,"fixed",NA,0.9,0,0.0714,28,3,1,1,4,0.35,0.62,0.4055,NA,NA,NA,8.9922,2.6961,2.6961,0.9881,29.738,19.7468,1.137,339.6091,1935,1935,"0.15,0.2,0.3,0.35,0.45",0,1.4142,0.15,0.85,NA,NA,NA,NA,NA,NA,NA,NA,NA,NA,NA,NA,NA,NA,NA,NA,NA,NA,NA,NA,NA,NA,NA,NA
"Set_5dose_methods_prior","Set_5dose_methods_prior_SC3",3,"CRM","crm_fixed",NA,NA,"fixed",NA,0.9,0,0.0714,28,3,1,1,5,0.45,0.765,0.5001,NA,NA,NA,0.9302,0.6512,0.6512,0.3189,29.738,19.7468,1.137,339.6091,1935,1935,"0.15,0.2,0.3,0.35,0.45",0,1.4142,0.15,0.85,NA,NA,NA,NA,NA,NA,NA,NA,NA,NA,NA,NA,NA,NA,NA,NA,NA,NA,NA,NA,NA,NA,NA,NA
"Set_5dose_methods_prior","Set_5dose_methods_prior_SC3",3,"CRM","crm_level",NA,NA,"level",NA,0.9,0,0.0714,28,3,1,1,1,0.15,0.15,0.1886,NA,NA,NA,12.2481,7.5581,7.5581,0,29.738,19.4677,1.137,338.0024,1935,1935,"0.15,0.2,0.3,0.35,0.45",0,1.4142,0.15,0.85,NA,NA,NA,NA,NA,NA,NA,NA,NA,NA,NA,NA,NA,NA,NA,NA,NA,NA,NA,NA,NA,NA,NA,NA
"Set_5dose_methods_prior","Set_5dose_methods_prior_SC3",3,"CRM","crm_level",NA,NA,"level",NA,0.9,0,0.0714,28,3,1,1,2,0.2,0.335,0.2386,0.0679,NA,NA,37.8811,9.0605,9.0605,4.8661,29.738,19.4677,1.137,338.0024,1935,1935,"0.15,0.2,0.3,0.35,0.45",0,1.4142,0.15,0.85,NA,NA,NA,NA,NA,NA,NA,NA,NA,NA,NA,NA,NA,NA,NA,NA,NA,NA,NA,NA,NA,NA,NA,NA
"Set_5dose_methods_prior","Set_5dose_methods_prior_SC3",3,"CRM","crm_level",NA,NA,"level",NA,0.9,0,0.0714,28,3,1,1,3,0.3,0.48,0.3354,0.1055,NA,NA,34.0052,7.7628,7.7628,3.4739,29.738,19.4677,1.137,338.0024,1935,1935,"0.15,0.2,0.3,0.35,0.45",0,1.4142,0.15,0.85,NA,NA,NA,NA,NA,NA,NA,NA,NA,NA,NA,NA,NA,NA,NA,NA,NA,NA,NA,NA,NA,NA,NA,NA
"Set_5dose_methods_prior","Set_5dose_methods_prior_SC3",3,"CRM","crm_level",NA,NA,"level",NA,0.9,0,0.0714,28,3,1,1,4,0.35,0.62,0.383,0.132,NA,NA,12.2481,3.8744,3.8744,1.2734,29.738,19.4677,1.137,338.0024,1935,1935,"0.15,0.2,0.3,0.35,0.45",0,1.4142,0.15,0.85,NA,NA,NA,NA,NA,NA,NA,NA,NA,NA,NA,NA,NA,NA,NA,NA,NA,NA,NA,NA,NA,NA,NA,NA
"Set_5dose_methods_prior","Set_5dose_methods_prior_SC3",3,"CRM","crm_level",NA,NA,"level",NA,0.9,0,0.0714,28,3,1,1,5,0.45,0.765,0.4775,0.153,NA,NA,2.4806,1.4822,1.4822,0.6568,29.738,19.4677,1.137,338.0024,1935,1935,"0.15,0.2,0.3,0.35,0.45",0,1.4142,0.15,0.85,NA,NA,NA,NA,NA,NA,NA,NA,NA,NA,NA,NA,NA,NA,NA,NA,NA,NA,NA,NA,NA,NA,NA,NA
"Set_5dose_methods_prior","Set_5dose_methods_prior_SC3",3,"CRM","crm_random",NA,NA,"random",NA,0.9,0,0.0714,28,3,1,1,1,0.15,0.15,0.19,0.0864,NA,NA,11.9897,7.4233,7.4233,0,29.738,19.3964,1.137,338.0702,1935,1935,"0.15,0.2,0.3,0.35,0.45",0,1.4142,0.15,0.85,NA,NA,NA,NA,NA,NA,NA,NA,NA,NA,NA,NA,NA,NA,NA,NA,NA,NA,NA,NA,NA,NA,NA,NA
"Set_5dose_methods_prior","Set_5dose_methods_prior_SC3",3,"CRM","crm_random",NA,NA,"random",NA,0.9,0,0.0714,28,3,1,1,2,0.2,0.335,0.2399,NA,NA,NA,38.9664,9.0946,9.0946,4.8434,29.738,19.3964,1.137,338.0702,1935,1935,"0.15,0.2,0.3,0.35,0.45",0,1.4142,0.15,0.85,NA,NA,NA,NA,NA,NA,NA,NA,NA,NA,NA,NA,NA,NA,NA,NA,NA,NA,NA,NA,NA,NA,NA,NA
"Set_5dose_methods_prior","Set_5dose_methods_prior_SC3",3,"CRM","crm_random",NA,NA,"random",NA,0.9,0,0.0714,28,3,1,1,3,0.3,0.48,0.3364,NA,NA,NA,32.7649,7.6574,7.6574,3.5085,29.738,19.3964,1.137,338.0702,1935,1935,"0.15,0.2,0.3,0.35,0.45",0,1.4142,0.15,0.85,NA,NA,NA,NA,NA,NA,NA,NA,NA,NA,NA,NA,NA,NA,NA,NA,NA,NA,NA,NA,NA,NA,NA,NA
"Set_5dose_methods_prior","Set_5dose_methods_prior_SC3",3,"CRM","crm_random",NA,NA,"random",NA,0.9,0,0.0714,28,3,1,1,4,0.35,0.62,0.3838,NA,NA,NA,12.7649,3.8837,3.8837,1.2868,29.738,19.3964,1.137,338.0702,1935,1935,"0.15,0.2,0.3,0.35,0.45",0,1.4142,0.15,0.85,NA,NA,NA,NA,NA,NA,NA,NA,NA,NA,NA,NA,NA,NA,NA,NA,NA,NA,NA,NA,NA,NA,NA,NA
"Set_5dose_methods_prior","Set_5dose_methods_prior_SC3",3,"CRM","crm_random",NA,NA,"random",NA,0.9,0,0.0714,28,3,1,1,5,0.45,0.765,0.4779,NA,NA,NA,2.3773,1.6791,1.6791,0.7028,29.738,19.3964,1.137,338.0702,1935,1935,"0.15,0.2,0.3,0.35,0.45",0,1.4142,0.15,0.85,NA,NA,NA,NA,NA,NA,NA,NA,NA,NA,NA,NA,NA,NA,NA,NA,NA,NA,NA,NA,NA,NA,NA,NA
"Set_5dose_methods_prior","Set_5dose_methods_prior_SC3",3,"CRM","crm_alpha_crm",NA,NA,"alpha_crm",NA,0.9,0,0.0714,28,3,1,1,1,0.15,0.15,0.1779,NA,NA,NA,9.0439,7.3271,7.3271,0,29.738,19.6129,1.1886,338.8533,1935,1935,"0.15,0.2,0.3,0.35,0.45",0,1.4142,0.15,0.85,NA,NA,NA,NA,NA,NA,NA,NA,NA,NA,NA,NA,NA,"15,20,30,35,45",61,NA,NA,NA,NA,NA,NA,NA,NA,NA
"Set_5dose_methods_prior","Set_5dose_methods_prior_SC3",3,"CRM","crm_alpha_crm",NA,NA,"alpha_crm",NA,0.9,0,0.0714,28,3,1,1,2,0.2,0.335,0.2268,NA,NA,NA,34.3669,8.5922,8.5922,4.7349,29.738,19.6129,1.1886,338.8533,1935,1935,"0.15,0.2,0.3,0.35,0.45",0,1.4142,0.15,0.85,NA,NA,NA,NA,NA,NA,NA,NA,NA,NA,NA,NA,NA,"15,20,30,35,45",61,NA,NA,NA,NA,NA,NA,NA,NA,NA
"Set_5dose_methods_prior","Set_5dose_methods_prior_SC3",3,"CRM","crm_alpha_crm",NA,NA,"alpha_crm",NA,0.9,0,0.0714,28,3,1,1,3,0.3,0.48,0.3225,NA,NA,NA,31.4212,7.1922,7.1922,3.462,29.738,19.6129,1.1886,338.8533,1935,1935,"0.15,0.2,0.3,0.35,0.45",0,1.4142,0.15,0.85,NA,NA,NA,NA,NA,NA,NA,NA,NA,NA,NA,NA,NA,"15,20,30,35,45",61,NA,NA,NA,NA,NA,NA,NA,NA,NA
"Set_5dose_methods_prior","Set_5dose_methods_prior_SC3",3,"CRM","crm_alpha_crm",NA,NA,"alpha_crm",NA,0.9,0,0.0714,28,3,1,1,4,0.35,0.62,0.37,NA,NA,NA,18.863,4.3938,4.3938,1.0801,29.738,19.6129,1.1886,338.8533,1935,1935,"0.15,0.2,0.3,0.35,0.45",0,1.4142,0.15,0.85,NA,NA,NA,NA,NA,NA,NA,NA,NA,NA,NA,NA,NA,"15,20,30,35,45",61,NA,NA,NA,NA,NA,NA,NA,NA,NA
"Set_5dose_methods_prior","Set_5dose_methods_prior_SC3",3,"CRM","crm_alpha_crm",NA,NA,"alpha_crm",NA,0.9,0,0.0714,28,3,1,1,5,0.45,0.765,0.4648,NA,NA,NA,5.1163,2.2326,2.2326,0.8481,29.738,19.6129,1.1886,338.8533,1935,1935,"0.15,0.2,0.3,0.35,0.45",0,1.4142,0.15,0.85,NA,NA,NA,NA,NA,NA,NA,NA,NA,NA,NA,NA,NA,"15,20,30,35,45",61,NA,NA,NA,NA,NA,NA,NA,NA,NA
"Set_5dose_methods_prior","Set_5dose_methods_prior_SC3",3,"CRM","crm_cumu_crm",NA,NA,"cumu_crm",NA,0.9,0,0.0714,28,3,1,1,1,0.15,0.15,0.1485,NA,NA,NA,4.031,4.555,4.555,0,29.8946,20.1178,0.4134,339.019,1935,1935,"0.15,0.2,0.3,0.35,0.45",0,1.4142,0.15,0.85,NA,NA,NA,NA,NA,NA,NA,NA,NA,NA,NA,NA,NA,NA,NA,"15,20,30,35,45","0.62828086,0.83770782,1.25656172,1.46598868,1.88484259",-2.8,2,1,2.5,1.6,1,0
"Set_5dose_methods_prior","Set_5dose_methods_prior_SC3",3,"CRM","crm_cumu_crm",NA,NA,"cumu_crm",NA,0.9,0,0.0714,28,3,1,1,2,0.2,0.335,0.1929,NA,NA,NA,28.062,8.1209,8.1209,3.3752,29.8946,20.1178,0.4134,339.019,1935,1935,"0.15,0.2,0.3,0.35,0.45",0,1.4142,0.15,0.85,NA,NA,NA,NA,NA,NA,NA,NA,NA,NA,NA,NA,NA,NA,NA,"15,20,30,35,45","0.62828086,0.83770782,1.25656172,1.46598868,1.88484259",-2.8,2,1,2.5,1.6,1,0
"Set_5dose_methods_prior","Set_5dose_methods_prior_SC3",3,"CRM","crm_cumu_crm",NA,NA,"cumu_crm",NA,0.9,0,0.0714,28,3,1,1,3,0.3,0.48,0.3095,NA,NA,NA,36.0724,8.0899,8.0899,3.5726,29.8946,20.1178,0.4134,339.019,1935,1935,"0.15,0.2,0.3,0.35,0.45",0,1.4142,0.15,0.85,NA,NA,NA,NA,NA,NA,NA,NA,NA,NA,NA,NA,NA,NA,NA,"15,20,30,35,45","0.62828086,0.83770782,1.25656172,1.46598868,1.88484259",-2.8,2,1,2.5,1.6,1,0
"Set_5dose_methods_prior","Set_5dose_methods_prior_SC3",3,"CRM","crm_cumu_crm",NA,NA,"cumu_crm",NA,0.9,0,0.0714,28,3,1,1,4,0.35,0.62,0.377,NA,NA,NA,24.0827,6.0016,6.0016,1.6351,29.8946,20.1178,0.4134,339.019,1935,1935,"0.15,0.2,0.3,0.35,0.45",0,1.4142,0.15,0.85,NA,NA,NA,NA,NA,NA,NA,NA,NA,NA,NA,NA,NA,NA,NA,"15,20,30,35,45","0.62828086,0.83770782,1.25656172,1.46598868,1.88484259",-2.8,2,1,2.5,1.6,1,0
"Set_5dose_methods_prior","Set_5dose_methods_prior_SC3",3,"CRM","crm_cumu_crm",NA,NA,"cumu_crm",NA,0.9,0,0.0714,28,3,1,1,5,0.45,0.765,0.5127,NA,NA,NA,7.3385,3.1271,3.1271,1.1938,29.8946,20.1178,0.4134,339.019,1935,1935,"0.15,0.2,0.3,0.35,0.45",0,1.4142,0.15,0.85,NA,NA,NA,NA,NA,NA,NA,NA,NA,NA,NA,NA,NA,NA,NA,"15,20,30,35,45","0.62828086,0.83770782,1.25656172,1.46598868,1.88484259",-2.8,2,1,2.5,1.6,1,0
"Set_5dose_methods_prior","Set_5dose_methods_prior_SC4",4,"CRM","crm_fixed",NA,NA,"fixed",NA,0,0,0.0714,28,1,1,1,1,0.15,0.15,0.2152,0,NA,NA,18.7597,9.1147,9.1147,0,29.7442,29.7442,1.0853,434.7688,1935,1935,"0.15,0.2,0.3,0.35,0.45",0,1.4142,0.15,0.85,NA,NA,NA,NA,NA,NA,NA,NA,NA,NA,NA,NA,NA,NA,NA,NA,NA,NA,NA,NA,NA,NA,NA,NA
"Set_5dose_methods_prior","Set_5dose_methods_prior_SC4",4,"CRM","crm_fixed",NA,NA,"fixed",NA,0,0,0.0714,28,1,1,1,2,0.3,0.3,0.2682,NA,NA,NA,44.031,10.169,10.169,0,29.7442,29.7442,1.0853,434.7688,1935,1935,"0.15,0.2,0.3,0.35,0.45",0,1.4142,0.15,0.85,NA,NA,NA,NA,NA,NA,NA,NA,NA,NA,NA,NA,NA,NA,NA,NA,NA,NA,NA,NA,NA,NA,NA,NA
"Set_5dose_methods_prior","Set_5dose_methods_prior_SC4",4,"CRM","crm_fixed",NA,NA,"fixed",NA,0,0,0.0714,28,1,1,1,3,0.38,0.38,0.3684,NA,NA,NA,26.8734,6.8806,6.8806,0,29.7442,29.7442,1.0853,434.7688,1935,1935,"0.15,0.2,0.3,0.35,0.45",0,1.4142,0.15,0.85,NA,NA,NA,NA,NA,NA,NA,NA,NA,NA,NA,NA,NA,NA,NA,NA,NA,NA,NA,NA,NA,NA,NA,NA
"Set_5dose_methods_prior","Set_5dose_methods_prior_SC4",4,"CRM","crm_fixed",NA,NA,"fixed",NA,0,0,0.0714,28,1,1,1,4,0.45,0.45,0.4166,NA,NA,NA,8.3204,2.8682,2.8682,0,29.7442,29.7442,1.0853,434.7688,1935,1935,"0.15,0.2,0.3,0.35,0.45",0,1.4142,0.15,0.85,NA,NA,NA,NA,NA,NA,NA,NA,NA,NA,NA,NA,NA,NA,NA,NA,NA,NA,NA,NA,NA,NA,NA,NA
"Set_5dose_methods_prior","Set_5dose_methods_prior_SC4",4,"CRM","crm_fixed",NA,NA,"fixed",NA,0,0,0.0714,28,1,1,1,5,0.55,0.55,0.5106,NA,NA,NA,0.9302,0.7116,0.7116,0,29.7442,29.7442,1.0853,434.7688,1935,1935,"0.15,0.2,0.3,0.35,0.45",0,1.4142,0.15,0.85,NA,NA,NA,NA,NA,NA,NA,NA,NA,NA,NA,NA,NA,NA,NA,NA,NA,NA,NA,NA,NA,NA,NA,NA
"Set_5dose_methods_prior","Set_5dose_methods_prior_SC4",4,"CRM","crm_level",NA,NA,"level",NA,0,0,0.0714,28,1,1,1,1,0.15,0.15,0.2149,NA,NA,NA,18.553,9.0884,9.0884,0,29.7442,29.7442,1.0853,434.7413,1935,1935,"0.15,0.2,0.3,0.35,0.45",0,1.4142,0.15,0.85,NA,NA,NA,NA,NA,NA,NA,NA,NA,NA,NA,NA,NA,NA,NA,NA,NA,NA,NA,NA,NA,NA,NA,NA
"Set_5dose_methods_prior","Set_5dose_methods_prior_SC4",4,"CRM","crm_level",NA,NA,"level",NA,0,0,0.0714,28,1,1,1,2,0.3,0.3,0.2679,0.0827,NA,NA,44.0827,10.1876,10.1876,0,29.7442,29.7442,1.0853,434.7413,1935,1935,"0.15,0.2,0.3,0.35,0.45",0,1.4142,0.15,0.85,NA,NA,NA,NA,NA,NA,NA,NA,NA,NA,NA,NA,NA,NA,NA,NA,NA,NA,NA,NA,NA,NA,NA,NA
"Set_5dose_methods_prior","Set_5dose_methods_prior_SC4",4,"CRM","crm_level",NA,NA,"level",NA,0,0,0.0714,28,1,1,1,3,0.38,0.38,0.368,0.0984,NA,NA,26.6667,6.9039,6.9039,0,29.7442,29.7442,1.0853,434.7413,1935,1935,"0.15,0.2,0.3,0.35,0.45",0,1.4142,0.15,0.85,NA,NA,NA,NA,NA,NA,NA,NA,NA,NA,NA,NA,NA,NA,NA,NA,NA,NA,NA,NA,NA,NA,NA,NA
"Set_5dose_methods_prior","Set_5dose_methods_prior_SC4",4,"CRM","crm_level",NA,NA,"level",NA,0,0,0.0714,28,1,1,1,4,0.45,0.45,0.4162,0.1246,NA,NA,8.6305,2.8465,2.8465,0,29.7442,29.7442,1.0853,434.7413,1935,1935,"0.15,0.2,0.3,0.35,0.45",0,1.4142,0.15,0.85,NA,NA,NA,NA,NA,NA,NA,NA,NA,NA,NA,NA,NA,NA,NA,NA,NA,NA,NA,NA,NA,NA,NA,NA
"Set_5dose_methods_prior","Set_5dose_methods_prior_SC4",4,"CRM","crm_level",NA,NA,"level",NA,0,0,0.0714,28,1,1,1,5,0.55,0.55,0.5102,0.1433,NA,NA,0.9819,0.7178,0.7178,0,29.7442,29.7442,1.0853,434.7413,1935,1935,"0.15,0.2,0.3,0.35,0.45",0,1.4142,0.15,0.85,NA,NA,NA,NA,NA,NA,NA,NA,NA,NA,NA,NA,NA,NA,NA,NA,NA,NA,NA,NA,NA,NA,NA,NA
"Set_5dose_methods_prior","Set_5dose_methods_prior_SC4",4,"CRM","crm_random",NA,NA,"random",NA,0,0,0.0714,28,1,1,1,1,0.15,0.15,0.2148,0.0799,NA,NA,18.5013,9.1039,9.1039,0,29.738,29.738,1.137,434.6727,1935,1935,"0.15,0.2,0.3,0.35,0.45",0,1.4142,0.15,0.85,NA,NA,NA,NA,NA,NA,NA,NA,NA,NA,NA,NA,NA,NA,NA,NA,NA,NA,NA,NA,NA,NA,NA,NA
"Set_5dose_methods_prior","Set_5dose_methods_prior_SC4",4,"CRM","crm_random",NA,NA,"random",NA,0,0,0.0714,28,1,1,1,2,0.3,0.3,0.2677,NA,NA,NA,43.7209,10.124,10.124,0,29.738,29.738,1.137,434.6727,1935,1935,"0.15,0.2,0.3,0.35,0.45",0,1.4142,0.15,0.85,NA,NA,NA,NA,NA,NA,NA,NA,NA,NA,NA,NA,NA,NA,NA,NA,NA,NA,NA,NA,NA,NA,NA,NA
"Set_5dose_methods_prior","Set_5dose_methods_prior_SC4",4,"CRM","crm_random",NA,NA,"random",NA,0,0,0.0714,28,1,1,1,3,0.38,0.38,0.3679,NA,NA,NA,27.0284,6.9147,6.9147,0,29.738,29.738,1.137,434.6727,1935,1935,"0.15,0.2,0.3,0.35,0.45",0,1.4142,0.15,0.85,NA,NA,NA,NA,NA,NA,NA,NA,NA,NA,NA,NA,NA,NA,NA,NA,NA,NA,NA,NA,NA,NA,NA,NA
"Set_5dose_methods_prior","Set_5dose_methods_prior_SC4",4,"CRM","crm_random",NA,NA,"random",NA,0,0,0.0714,28,1,1,1,4,0.45,0.45,0.4161,NA,NA,NA,8.6305,2.8729,2.8729,0,29.738,29.738,1.137,434.6727,1935,1935,"0.15,0.2,0.3,0.35,0.45",0,1.4142,0.15,0.85,NA,NA,NA,NA,NA,NA,NA,NA,NA,NA,NA,NA,NA,NA,NA,NA,NA,NA,NA,NA,NA,NA,NA,NA
"Set_5dose_methods_prior","Set_5dose_methods_prior_SC4",4,"CRM","crm_random",NA,NA,"random",NA,0,0,0.0714,28,1,1,1,5,0.55,0.55,0.5101,NA,NA,NA,0.9819,0.7225,0.7225,0,29.738,29.738,1.137,434.6727,1935,1935,"0.15,0.2,0.3,0.35,0.45",0,1.4142,0.15,0.85,NA,NA,NA,NA,NA,NA,NA,NA,NA,NA,NA,NA,NA,NA,NA,NA,NA,NA,NA,NA,NA,NA,NA,NA
"Set_5dose_methods_prior","Set_5dose_methods_prior_SC4",4,"CRM","crm_alpha_crm",NA,NA,"alpha_crm",NA,0,0,0.0714,28,1,1,1,1,0.15,0.15,0.2149,NA,NA,NA,17.9845,9.0388,9.0388,0,29.7318,29.7318,1.2403,434.5964,1935,1935,"0.15,0.2,0.3,0.35,0.45",0,1.4142,0.15,0.85,NA,NA,NA,NA,NA,NA,NA,NA,NA,NA,NA,NA,NA,"15,20,30,35,45",61,NA,NA,NA,NA,NA,NA,NA,NA,NA
"Set_5dose_methods_prior","Set_5dose_methods_prior_SC4",4,"CRM","crm_alpha_crm",NA,NA,"alpha_crm",NA,0,0,0.0714,28,1,1,1,2,0.3,0.3,0.2678,NA,NA,NA,44.2894,10.2171,10.2171,0,29.7318,29.7318,1.2403,434.5964,1935,1935,"0.15,0.2,0.3,0.35,0.45",0,1.4142,0.15,0.85,NA,NA,NA,NA,NA,NA,NA,NA,NA,NA,NA,NA,NA,"15,20,30,35,45",61,NA,NA,NA,NA,NA,NA,NA,NA,NA
"Set_5dose_methods_prior","Set_5dose_methods_prior_SC4",4,"CRM","crm_alpha_crm",NA,NA,"alpha_crm",NA,0,0,0.0714,28,1,1,1,3,0.38,0.38,0.368,NA,NA,NA,26.8217,6.9023,6.9023,0,29.7318,29.7318,1.2403,434.5964,1935,1935,"0.15,0.2,0.3,0.35,0.45",0,1.4142,0.15,0.85,NA,NA,NA,NA,NA,NA,NA,NA,NA,NA,NA,NA,NA,"15,20,30,35,45",61,NA,NA,NA,NA,NA,NA,NA,NA,NA
"Set_5dose_methods_prior","Set_5dose_methods_prior_SC4",4,"CRM","crm_alpha_crm",NA,NA,"alpha_crm",NA,0,0,0.0714,28,1,1,1,4,0.45,0.45,0.4159,NA,NA,NA,8.6305,2.8434,2.8434,0,29.7318,29.7318,1.2403,434.5964,1935,1935,"0.15,0.2,0.3,0.35,0.45",0,1.4142,0.15,0.85,NA,NA,NA,NA,NA,NA,NA,NA,NA,NA,NA,NA,NA,"15,20,30,35,45",61,NA,NA,NA,NA,NA,NA,NA,NA,NA
"Set_5dose_methods_prior","Set_5dose_methods_prior_SC4",4,"CRM","crm_alpha_crm",NA,NA,"alpha_crm",NA,0,0,0.0714,28,1,1,1,5,0.55,0.55,0.5102,NA,NA,NA,1.0336,0.7302,0.7302,0,29.7318,29.7318,1.2403,434.5964,1935,1935,"0.15,0.2,0.3,0.35,0.45",0,1.4142,0.15,0.85,NA,NA,NA,NA,NA,NA,NA,NA,NA,NA,NA,NA,NA,"15,20,30,35,45",61,NA,NA,NA,NA,NA,NA,NA,NA,NA
"Set_5dose_methods_prior","Set_5dose_methods_prior_SC4",4,"CRM","crm_cumu_crm",NA,NA,"cumu_crm",NA,0,0,0.0714,28,1,1,1,1,0.15,0.15,0.1912,NA,NA,NA,13.5917,6.5535,6.5535,0,29.8946,29.8946,0.4651,436.6062,1935,1935,"0.15,0.2,0.3,0.35,0.45",0,1.4142,0.15,0.85,NA,NA,NA,NA,NA,NA,NA,NA,NA,NA,NA,NA,NA,NA,NA,"15,20,30,35,45","0.62828086,0.83770782,1.25656172,1.46598868,1.88484259",-2.8,2,1,2.5,1.6,1,0
"Set_5dose_methods_prior","Set_5dose_methods_prior_SC4",4,"CRM","crm_cumu_crm",NA,NA,"cumu_crm",NA,0,0,0.0714,28,1,1,1,2,0.3,0.3,0.2559,NA,NA,NA,48.3204,12.1101,12.1101,0,29.8946,29.8946,0.4651,436.6062,1935,1935,"0.15,0.2,0.3,0.35,0.45",0,1.4142,0.15,0.85,NA,NA,NA,NA,NA,NA,NA,NA,NA,NA,NA,NA,NA,NA,NA,"15,20,30,35,45","0.62828086,0.83770782,1.25656172,1.46598868,1.88484259",-2.8,2,1,2.5,1.6,1,0
"Set_5dose_methods_prior","Set_5dose_methods_prior_SC4",4,"CRM","crm_cumu_crm",NA,NA,"cumu_crm",NA,0,0,0.0714,28,1,1,1,3,0.38,0.38,0.4162,NA,NA,NA,27.7003,7.3116,7.3116,0,29.8946,29.8946,0.4651,436.6062,1935,1935,"0.15,0.2,0.3,0.35,0.45",0,1.4142,0.15,0.85,NA,NA,NA,NA,NA,NA,NA,NA,NA,NA,NA,NA,NA,NA,NA,"15,20,30,35,45","0.62828086,0.83770782,1.25656172,1.46598868,1.88484259",-2.8,2,1,2.5,1.6,1,0
"Set_5dose_methods_prior","Set_5dose_methods_prior_SC4",4,"CRM","crm_cumu_crm",NA,NA,"cumu_crm",NA,0,0,0.0714,28,1,1,1,4,0.45,0.45,0.4994,NA,NA,NA,8.7339,3.1736,3.1736,0,29.8946,29.8946,0.4651,436.6062,1935,1935,"0.15,0.2,0.3,0.35,0.45",0,1.4142,0.15,0.85,NA,NA,NA,NA,NA,NA,NA,NA,NA,NA,NA,NA,NA,NA,NA,"15,20,30,35,45","0.62828086,0.83770782,1.25656172,1.46598868,1.88484259",-2.8,2,1,2.5,1.6,1,0
"Set_5dose_methods_prior","Set_5dose_methods_prior_SC4",4,"CRM","crm_cumu_crm",NA,NA,"cumu_crm",NA,0,0,0.0714,28,1,1,1,5,0.55,0.55,0.6466,NA,NA,NA,1.1886,0.7457,0.7457,0,29.8946,29.8946,0.4651,436.6062,1935,1935,"0.15,0.2,0.3,0.35,0.45",0,1.4142,0.15,0.85,NA,NA,NA,NA,NA,NA,NA,NA,NA,NA,NA,NA,NA,NA,NA,"15,20,30,35,45","0.62828086,0.83770782,1.25656172,1.46598868,1.88484259",-2.8,2,1,2.5,1.6,1,0
"Set_5dose_methods_prior","Set_5dose_methods_prior_SC4",4,"CRM","crm_fixed",NA,NA,"fixed",NA,0,0,0.0714,28,2,1,1,1,0.15,0.15,0.2152,0,NA,NA,18.8114,9.1085,9.1085,0,29.7442,21.8424,1.0853,355.1414,1935,1935,"0.15,0.2,0.3,0.35,0.45",0,1.4142,0.15,0.85,NA,NA,NA,NA,NA,NA,NA,NA,NA,NA,NA,NA,NA,NA,NA,NA,NA,NA,NA,NA,NA,NA,NA,NA
"Set_5dose_methods_prior","Set_5dose_methods_prior_SC4",4,"CRM","crm_fixed",NA,NA,"fixed",NA,0,0,0.0714,28,2,1,1,2,0.3,0.3,0.2682,NA,NA,NA,43.9276,10.1674,10.1674,5.4341,29.7442,21.8424,1.0853,355.1414,1935,1935,"0.15,0.2,0.3,0.35,0.45",0,1.4142,0.15,0.85,NA,NA,NA,NA,NA,NA,NA,NA,NA,NA,NA,NA,NA,NA,NA,NA,NA,NA,NA,NA,NA,NA,NA,NA
"Set_5dose_methods_prior","Set_5dose_methods_prior_SC4",4,"CRM","crm_fixed",NA,NA,"fixed",NA,0,0,0.0714,28,2,1,1,3,0.38,0.38,0.3684,NA,NA,NA,26.7183,6.8961,6.8961,0.9245,29.7442,21.8424,1.0853,355.1414,1935,1935,"0.15,0.2,0.3,0.35,0.45",0,1.4142,0.15,0.85,NA,NA,NA,NA,NA,NA,NA,NA,NA,NA,NA,NA,NA,NA,NA,NA,NA,NA,NA,NA,NA,NA,NA,NA
"Set_5dose_methods_prior","Set_5dose_methods_prior_SC4",4,"CRM","crm_fixed",NA,NA,"fixed",NA,0,0,0.0714,28,2,1,1,4,0.45,0.45,0.4166,NA,NA,NA,8.3204,2.8527,2.8527,1.4367,29.7442,21.8424,1.0853,355.1414,1935,1935,"0.15,0.2,0.3,0.35,0.45",0,1.4142,0.15,0.85,NA,NA,NA,NA,NA,NA,NA,NA,NA,NA,NA,NA,NA,NA,NA,NA,NA,NA,NA,NA,NA,NA,NA,NA
"Set_5dose_methods_prior","Set_5dose_methods_prior_SC4",4,"CRM","crm_fixed",NA,NA,"fixed",NA,0,0,0.0714,28,2,1,1,5,0.55,0.55,0.5105,NA,NA,NA,1.137,0.7194,0.7194,0.1065,29.7442,21.8424,1.0853,355.1414,1935,1935,"0.15,0.2,0.3,0.35,0.45",0,1.4142,0.15,0.85,NA,NA,NA,NA,NA,NA,NA,NA,NA,NA,NA,NA,NA,NA,NA,NA,NA,NA,NA,NA,NA,NA,NA,NA
"Set_5dose_methods_prior","Set_5dose_methods_prior_SC4",4,"CRM","crm_level",NA,NA,"level",NA,0,0,0.0714,28,2,1,1,1,0.15,0.15,0.2084,NA,NA,NA,17.2093,8.3101,8.3101,0,29.7442,21.8088,1.0853,355.1995,1935,1935,"0.15,0.2,0.3,0.35,0.45",0,1.4142,0.15,0.85,NA,NA,NA,NA,NA,NA,NA,NA,NA,NA,NA,NA,NA,NA,NA,NA,NA,NA,NA,NA,NA,NA,NA,NA
"Set_5dose_methods_prior","Set_5dose_methods_prior_SC4",4,"CRM","crm_level",NA,NA,"level",NA,0,0,0.0714,28,2,1,1,2,0.3,0.3,0.2605,0.0506,NA,NA,43.1008,9.9519,9.9519,5.1457,29.7442,21.8088,1.0853,355.1995,1935,1935,"0.15,0.2,0.3,0.35,0.45",0,1.4142,0.15,0.85,NA,NA,NA,NA,NA,NA,NA,NA,NA,NA,NA,NA,NA,NA,NA,NA,NA,NA,NA,NA,NA,NA,NA,NA
"Set_5dose_methods_prior","Set_5dose_methods_prior_SC4",4,"CRM","crm_level",NA,NA,"level",NA,0,0,0.0714,28,2,1,1,3,0.38,0.38,0.3598,0.0896,NA,NA,27.5452,7.0465,7.0465,1.1111,29.7442,21.8088,1.0853,355.1995,1935,1935,"0.15,0.2,0.3,0.35,0.45",0,1.4142,0.15,0.85,NA,NA,NA,NA,NA,NA,NA,NA,NA,NA,NA,NA,NA,NA,NA,NA,NA,NA,NA,NA,NA,NA,NA,NA
"Set_5dose_methods_prior","Set_5dose_methods_prior_SC4",4,"CRM","crm_level",NA,NA,"level",NA,0,0,0.0714,28,2,1,1,4,0.45,0.45,0.4079,0.1174,NA,NA,9.354,3.2403,3.2403,1.5142,29.7442,21.8088,1.0853,355.1995,1935,1935,"0.15,0.2,0.3,0.35,0.45",0,1.4142,0.15,0.85,NA,NA,NA,NA,NA,NA,NA,NA,NA,NA,NA,NA,NA,NA,NA,NA,NA,NA,NA,NA,NA,NA,NA,NA
"Set_5dose_methods_prior","Set_5dose_methods_prior_SC4",4,"CRM","crm_level",NA,NA,"level",NA,0,0,0.0714,28,2,1,1,5,0.55,0.55,0.502,0.1389,NA,NA,1.7054,1.1953,1.1953,0.1643,29.7442,21.8088,1.0853,355.1995,1935,1935,"0.15,0.2,0.3,0.35,0.45",0,1.4142,0.15,0.85,NA,NA,NA,NA,NA,NA,NA,NA,NA,NA,NA,NA,NA,NA,NA,NA,NA,NA,NA,NA,NA,NA,NA,NA
"Set_5dose_methods_prior","Set_5dose_methods_prior_SC4",4,"CRM","crm_random",NA,NA,"random",NA,0,0,0.0714,28,2,1,1,1,0.15,0.15,0.2087,0.0529,NA,NA,18.0362,8.2775,8.2775,0,29.7287,21.8682,1.1886,355.5895,1935,1935,"0.15,0.2,0.3,0.35,0.45",0,1.4142,0.15,0.85,NA,NA,NA,NA,NA,NA,NA,NA,NA,NA,NA,NA,NA,NA,NA,NA,NA,NA,NA,NA,NA,NA,NA,NA
"Set_5dose_methods_prior","Set_5dose_methods_prior_SC4",4,"CRM","crm_random",NA,NA,"random",NA,0,0,0.0714,28,2,1,1,2,0.3,0.3,0.2609,NA,NA,NA,41.7571,9.8574,9.8574,5.0755,29.7287,21.8682,1.1886,355.5895,1935,1935,"0.15,0.2,0.3,0.35,0.45",0,1.4142,0.15,0.85,NA,NA,NA,NA,NA,NA,NA,NA,NA,NA,NA,NA,NA,NA,NA,NA,NA,NA,NA,NA,NA,NA,NA,NA
"Set_5dose_methods_prior","Set_5dose_methods_prior_SC4",4,"CRM","crm_random",NA,NA,"random",NA,0,0,0.0714,28,2,1,1,3,0.38,0.38,0.3602,NA,NA,NA,28.062,7.186,7.186,1.0506,29.7287,21.8682,1.1886,355.5895,1935,1935,"0.15,0.2,0.3,0.35,0.45",0,1.4142,0.15,0.85,NA,NA,NA,NA,NA,NA,NA,NA,NA,NA,NA,NA,NA,NA,NA,NA,NA,NA,NA,NA,NA,NA,NA,NA
"Set_5dose_methods_prior","Set_5dose_methods_prior_SC4",4,"CRM","crm_random",NA,NA,"random",NA,0,0,0.0714,28,2,1,1,4,0.45,0.45,0.4082,NA,NA,NA,9.509,3.2636,3.2636,1.5855,29.7287,21.8682,1.1886,355.5895,1935,1935,"0.15,0.2,0.3,0.35,0.45",0,1.4142,0.15,0.85,NA,NA,NA,NA,NA,NA,NA,NA,NA,NA,NA,NA,NA,NA,NA,NA,NA,NA,NA,NA,NA,NA,NA,NA
"Set_5dose_methods_prior","Set_5dose_methods_prior_SC4",4,"CRM","crm_random",NA,NA,"random",NA,0,0,0.0714,28,2,1,1,5,0.55,0.55,0.5022,NA,NA,NA,1.447,1.1442,1.1442,0.1488,29.7287,21.8682,1.1886,355.5895,1935,1935,"0.15,0.2,0.3,0.35,0.45",0,1.4142,0.15,0.85,NA,NA,NA,NA,NA,NA,NA,NA,NA,NA,NA,NA,NA,NA,NA,NA,NA,NA,NA,NA,NA,NA,NA,NA
"Set_5dose_methods_prior","Set_5dose_methods_prior_SC4",4,"CRM","crm_alpha_crm",NA,NA,"alpha_crm",NA,0,0,0.0714,28,2,1,1,1,0.15,0.15,0.2018,NA,NA,NA,14.7804,8.1333,8.1333,0,29.738,21.8708,1.1886,354.9223,1935,1935,"0.15,0.2,0.3,0.35,0.45",0,1.4142,0.15,0.85,NA,NA,NA,NA,NA,NA,NA,NA,NA,NA,NA,NA,NA,"15,20,30,35,45",61,NA,NA,NA,NA,NA,NA,NA,NA,NA
"Set_5dose_methods_prior","Set_5dose_methods_prior_SC4",4,"CRM","crm_alpha_crm",NA,NA,"alpha_crm",NA,0,0,0.0714,28,2,1,1,2,0.3,0.3,0.2534,NA,NA,NA,39.7416,9.6419,9.6419,5.0279,29.738,21.8708,1.1886,354.9223,1935,1935,"0.15,0.2,0.3,0.35,0.45",0,1.4142,0.15,0.85,NA,NA,NA,NA,NA,NA,NA,NA,NA,NA,NA,NA,NA,"15,20,30,35,45",61,NA,NA,NA,NA,NA,NA,NA,NA,NA
"Set_5dose_methods_prior","Set_5dose_methods_prior_SC4",4,"CRM","crm_alpha_crm",NA,NA,"alpha_crm",NA,0,0,0.0714,28,2,1,1,3,0.38,0.38,0.3522,NA,NA,NA,30.9561,6.8992,6.8992,1.155,29.738,21.8708,1.1886,354.9223,1935,1935,"0.15,0.2,0.3,0.35,0.45",0,1.4142,0.15,0.85,NA,NA,NA,NA,NA,NA,NA,NA,NA,NA,NA,NA,NA,"15,20,30,35,45",61,NA,NA,NA,NA,NA,NA,NA,NA,NA
"Set_5dose_methods_prior","Set_5dose_methods_prior_SC4",4,"CRM","crm_alpha_crm",NA,NA,"alpha_crm",NA,0,0,0.0714,28,2,1,1,4,0.45,0.45,0.4002,NA,NA,NA,11.5245,3.6016,3.6016,1.477,29.738,21.8708,1.1886,354.9223,1935,1935,"0.15,0.2,0.3,0.35,0.45",0,1.4142,0.15,0.85,NA,NA,NA,NA,NA,NA,NA,NA,NA,NA,NA,NA,NA,"15,20,30,35,45",61,NA,NA,NA,NA,NA,NA,NA,NA,NA
"Set_5dose_methods_prior","Set_5dose_methods_prior_SC4",4,"CRM","crm_alpha_crm",NA,NA,"alpha_crm",NA,0,0,0.0714,28,2,1,1,5,0.55,0.55,0.4947,NA,NA,NA,1.8088,1.462,1.462,0.2072,29.738,21.8708,1.1886,354.9223,1935,1935,"0.15,0.2,0.3,0.35,0.45",0,1.4142,0.15,0.85,NA,NA,NA,NA,NA,NA,NA,NA,NA,NA,NA,NA,NA,"15,20,30,35,45",61,NA,NA,NA,NA,NA,NA,NA,NA,NA
"Set_5dose_methods_prior","Set_5dose_methods_prior_SC4",4,"CRM","crm_cumu_crm",NA,NA,"cumu_crm",NA,0,0,0.0714,28,2,1,1,1,0.15,0.15,0.1744,NA,NA,NA,9.9742,5.3845,5.3845,0,29.8837,22.8155,0.4651,359.8803,1935,1935,"0.15,0.2,0.3,0.35,0.45",0,1.4142,0.15,0.85,NA,NA,NA,NA,NA,NA,NA,NA,NA,NA,NA,NA,NA,NA,NA,"15,20,30,35,45","0.62828086,0.83770782,1.25656172,1.46598868,1.88484259",-2.8,2,1,2.5,1.6,1,0
"Set_5dose_methods_prior","Set_5dose_methods_prior_SC4",4,"CRM","crm_cumu_crm",NA,NA,"cumu_crm",NA,0,0,0.0714,28,2,1,1,2,0.3,0.3,0.2306,NA,NA,NA,38.708,10.8186,10.8186,3.7416,29.8837,22.8155,0.4651,359.8803,1935,1935,"0.15,0.2,0.3,0.35,0.45",0,1.4142,0.15,0.85,NA,NA,NA,NA,NA,NA,NA,NA,NA,NA,NA,NA,NA,NA,NA,"15,20,30,35,45","0.62828086,0.83770782,1.25656172,1.46598868,1.88484259",-2.8,2,1,2.5,1.6,1,0
"Set_5dose_methods_prior","Set_5dose_methods_prior_SC4",4,"CRM","crm_cumu_crm",NA,NA,"cumu_crm",NA,0,0,0.0714,28,2,1,1,3,0.38,0.38,0.3732,NA,NA,NA,31.6796,7.4868,7.4868,1.4574,29.8837,22.8155,0.4651,359.8803,1935,1935,"0.15,0.2,0.3,0.35,0.45",0,1.4142,0.15,0.85,NA,NA,NA,NA,NA,NA,NA,NA,NA,NA,NA,NA,NA,NA,NA,"15,20,30,35,45","0.62828086,0.83770782,1.25656172,1.46598868,1.88484259",-2.8,2,1,2.5,1.6,1,0
"Set_5dose_methods_prior","Set_5dose_methods_prior_SC4",4,"CRM","crm_cumu_crm",NA,NA,"cumu_crm",NA,0,0,0.0714,28,2,1,1,4,0.45,0.45,0.4505,NA,NA,NA,15.5556,4.2775,4.2775,1.5266,29.8837,22.8155,0.4651,359.8803,1935,1935,"0.15,0.2,0.3,0.35,0.45",0,1.4142,0.15,0.85,NA,NA,NA,NA,NA,NA,NA,NA,NA,NA,NA,NA,NA,NA,NA,"15,20,30,35,45","0.62828086,0.83770782,1.25656172,1.46598868,1.88484259",-2.8,2,1,2.5,1.6,1,0
"Set_5dose_methods_prior","Set_5dose_methods_prior_SC4",4,"CRM","crm_cumu_crm",NA,NA,"cumu_crm",NA,0,0,0.0714,28,2,1,1,5,0.55,0.55,0.5942,NA,NA,NA,3.6176,1.9163,1.9163,0.3426,29.8837,22.8155,0.4651,359.8803,1935,1935,"0.15,0.2,0.3,0.35,0.45",0,1.4142,0.15,0.85,NA,NA,NA,NA,NA,NA,NA,NA,NA,NA,NA,NA,NA,NA,NA,"15,20,30,35,45","0.62828086,0.83770782,1.25656172,1.46598868,1.88484259",-2.8,2,1,2.5,1.6,1,0
"Set_5dose_methods_prior","Set_5dose_methods_prior_SC4",4,"CRM","crm_fixed",NA,NA,"fixed",NA,0,0,0.0714,28,3,1,1,1,0.15,0.15,0.2147,0,NA,NA,18.5013,9.0868,9.0868,0,29.738,20.2481,1.137,342.8991,1935,1935,"0.15,0.2,0.3,0.35,0.45",0,1.4142,0.15,0.85,NA,NA,NA,NA,NA,NA,NA,NA,NA,NA,NA,NA,NA,NA,NA,NA,NA,NA,NA,NA,NA,NA,NA,NA
"Set_5dose_methods_prior","Set_5dose_methods_prior_SC4",4,"CRM","crm_fixed",NA,NA,"fixed",NA,0,0,0.0714,28,3,1,1,2,0.3,0.3,0.2677,NA,NA,NA,43.7726,10.1597,10.1597,5.4429,29.738,20.2481,1.137,342.8991,1935,1935,"0.15,0.2,0.3,0.35,0.45",0,1.4142,0.15,0.85,NA,NA,NA,NA,NA,NA,NA,NA,NA,NA,NA,NA,NA,NA,NA,NA,NA,NA,NA,NA,NA,NA,NA,NA
"Set_5dose_methods_prior","Set_5dose_methods_prior_SC4",4,"CRM","crm_fixed",NA,NA,"fixed",NA,0,0,0.0714,28,3,1,1,3,0.38,0.38,0.3678,NA,NA,NA,26.7183,6.8729,6.8729,2.9457,29.738,20.2481,1.137,342.8991,1935,1935,"0.15,0.2,0.3,0.35,0.45",0,1.4142,0.15,0.85,NA,NA,NA,NA,NA,NA,NA,NA,NA,NA,NA,NA,NA,NA,NA,NA,NA,NA,NA,NA,NA,NA,NA,NA
"Set_5dose_methods_prior","Set_5dose_methods_prior_SC4",4,"CRM","crm_fixed",NA,NA,"fixed",NA,0,0,0.0714,28,3,1,1,4,0.45,0.45,0.416,NA,NA,NA,8.8889,2.8977,2.8977,0.7804,29.738,20.2481,1.137,342.8991,1935,1935,"0.15,0.2,0.3,0.35,0.45",0,1.4142,0.15,0.85,NA,NA,NA,NA,NA,NA,NA,NA,NA,NA,NA,NA,NA,NA,NA,NA,NA,NA,NA,NA,NA,NA,NA,NA
"Set_5dose_methods_prior","Set_5dose_methods_prior_SC4",4,"CRM","crm_fixed",NA,NA,"fixed",NA,0,0,0.0714,28,3,1,1,5,0.55,0.55,0.51,NA,NA,NA,0.9819,0.7209,0.7209,0.3209,29.738,20.2481,1.137,342.8991,1935,1935,"0.15,0.2,0.3,0.35,0.45",0,1.4142,0.15,0.85,NA,NA,NA,NA,NA,NA,NA,NA,NA,NA,NA,NA,NA,NA,NA,NA,NA,NA,NA,NA,NA,NA,NA,NA
"Set_5dose_methods_prior","Set_5dose_methods_prior_SC4",4,"CRM","crm_level",NA,NA,"level",NA,0,0,0.0714,28,3,1,1,1,0.15,0.15,0.2064,NA,NA,NA,16.6925,8.0543,8.0543,0,29.738,20.1054,1.137,342.1531,1935,1935,"0.15,0.2,0.3,0.35,0.45",0,1.4142,0.15,0.85,NA,NA,NA,NA,NA,NA,NA,NA,NA,NA,NA,NA,NA,NA,NA,NA,NA,NA,NA,NA,NA,NA,NA,NA
"Set_5dose_methods_prior","Set_5dose_methods_prior_SC4",4,"CRM","crm_level",NA,NA,"level",NA,0,0,0.0714,28,3,1,1,2,0.3,0.3,0.2583,0.0521,NA,NA,41.7571,9.5628,9.5628,5.0419,29.738,20.1054,1.137,342.1531,1935,1935,"0.15,0.2,0.3,0.35,0.45",0,1.4142,0.15,0.85,NA,NA,NA,NA,NA,NA,NA,NA,NA,NA,NA,NA,NA,NA,NA,NA,NA,NA,NA,NA,NA,NA,NA,NA
"Set_5dose_methods_prior","Set_5dose_methods_prior_SC4",4,"CRM","crm_level",NA,NA,"level",NA,0,0,0.0714,28,3,1,1,3,0.38,0.38,0.3573,0.0813,NA,NA,28.3721,7.1891,7.1891,3.1116,29.738,20.1054,1.137,342.1531,1935,1935,"0.15,0.2,0.3,0.35,0.45",0,1.4142,0.15,0.85,NA,NA,NA,NA,NA,NA,NA,NA,NA,NA,NA,NA,NA,NA,NA,NA,NA,NA,NA,NA,NA,NA,NA,NA
"Set_5dose_methods_prior","Set_5dose_methods_prior_SC4",4,"CRM","crm_level",NA,NA,"level",NA,0,0,0.0714,28,3,1,1,4,0.45,0.45,0.4052,0.1155,NA,NA,10.3876,3.6,3.6,0.923,29.738,20.1054,1.137,342.1531,1935,1935,"0.15,0.2,0.3,0.35,0.45",0,1.4142,0.15,0.85,NA,NA,NA,NA,NA,NA,NA,NA,NA,NA,NA,NA,NA,NA,NA,NA,NA,NA,NA,NA,NA,NA,NA,NA
"Set_5dose_methods_prior","Set_5dose_methods_prior_SC4",4,"CRM","crm_level",NA,NA,"level",NA,0,0,0.0714,28,3,1,1,5,0.55,0.55,0.4993,0.1371,NA,NA,1.6537,1.3318,1.3318,0.5561,29.738,20.1054,1.137,342.1531,1935,1935,"0.15,0.2,0.3,0.35,0.45",0,1.4142,0.15,0.85,NA,NA,NA,NA,NA,NA,NA,NA,NA,NA,NA,NA,NA,NA,NA,NA,NA,NA,NA,NA,NA,NA,NA,NA
"Set_5dose_methods_prior","Set_5dose_methods_prior_SC4",4,"CRM","crm_random",NA,NA,"random",NA,0,0,0.0714,28,3,1,1,1,0.15,0.15,0.2077,0.053,NA,NA,17.1576,8.2155,8.2155,0,29.7442,20.0817,1.0853,341.904,1935,1935,"0.15,0.2,0.3,0.35,0.45",0,1.4142,0.15,0.85,NA,NA,NA,NA,NA,NA,NA,NA,NA,NA,NA,NA,NA,NA,NA,NA,NA,NA,NA,NA,NA,NA,NA,NA
"Set_5dose_methods_prior","Set_5dose_methods_prior_SC4",4,"CRM","crm_random",NA,NA,"random",NA,0,0,0.0714,28,3,1,1,2,0.3,0.3,0.2597,NA,NA,NA,41.8605,9.6016,9.6016,5.0791,29.7442,20.0817,1.0853,341.904,1935,1935,"0.15,0.2,0.3,0.35,0.45",0,1.4142,0.15,0.85,NA,NA,NA,NA,NA,NA,NA,NA,NA,NA,NA,NA,NA,NA,NA,NA,NA,NA,NA,NA,NA,NA,NA,NA
"Set_5dose_methods_prior","Set_5dose_methods_prior_SC4",4,"CRM","crm_random",NA,NA,"random",NA,0,0,0.0714,28,3,1,1,3,0.38,0.38,0.3587,NA,NA,NA,28.2171,7.1349,7.1349,3.1364,29.7442,20.0817,1.0853,341.904,1935,1935,"0.15,0.2,0.3,0.35,0.45",0,1.4142,0.15,0.85,NA,NA,NA,NA,NA,NA,NA,NA,NA,NA,NA,NA,NA,NA,NA,NA,NA,NA,NA,NA,NA,NA,NA,NA
"Set_5dose_methods_prior","Set_5dose_methods_prior_SC4",4,"CRM","crm_random",NA,NA,"random",NA,0,0,0.0714,28,3,1,1,4,0.45,0.45,0.4067,NA,NA,NA,10.2326,3.5054,3.5054,0.8946,29.7442,20.0817,1.0853,341.904,1935,1935,"0.15,0.2,0.3,0.35,0.45",0,1.4142,0.15,0.85,NA,NA,NA,NA,NA,NA,NA,NA,NA,NA,NA,NA,NA,NA,NA,NA,NA,NA,NA,NA,NA,NA,NA,NA
"Set_5dose_methods_prior","Set_5dose_methods_prior_SC4",4,"CRM","crm_random",NA,NA,"random",NA,0,0,0.0714,28,3,1,1,5,0.55,0.55,0.5006,NA,NA,NA,1.447,1.2868,1.2868,0.5525,29.7442,20.0817,1.0853,341.904,1935,1935,"0.15,0.2,0.3,0.35,0.45",0,1.4142,0.15,0.85,NA,NA,NA,NA,NA,NA,NA,NA,NA,NA,NA,NA,NA,NA,NA,NA,NA,NA,NA,NA,NA,NA,NA,NA
"Set_5dose_methods_prior","Set_5dose_methods_prior_SC4",4,"CRM","crm_alpha_crm",NA,NA,"alpha_crm",NA,0,0,0.0714,28,3,1,1,1,0.15,0.15,0.1969,NA,NA,NA,14.0568,7.9132,7.9132,0,29.738,20.2377,1.1886,342.6803,1935,1935,"0.15,0.2,0.3,0.35,0.45",0,1.4142,0.15,0.85,NA,NA,NA,NA,NA,NA,NA,NA,NA,NA,NA,NA,NA,"15,20,30,35,45",61,NA,NA,NA,NA,NA,NA,NA,NA,NA
"Set_5dose_methods_prior","Set_5dose_methods_prior_SC4",4,"CRM","crm_alpha_crm",NA,NA,"alpha_crm",NA,0,0,0.0714,28,3,1,1,2,0.3,0.3,0.2479,NA,NA,NA,37.261,8.9457,8.9457,4.9178,29.738,20.2377,1.1886,342.6803,1935,1935,"0.15,0.2,0.3,0.35,0.45",0,1.4142,0.15,0.85,NA,NA,NA,NA,NA,NA,NA,NA,NA,NA,NA,NA,NA,"15,20,30,35,45",61,NA,NA,NA,NA,NA,NA,NA,NA,NA
"Set_5dose_methods_prior","Set_5dose_methods_prior_SC4",4,"CRM","crm_alpha_crm",NA,NA,"alpha_crm",NA,0,0,0.0714,28,3,1,1,3,0.38,0.38,0.3461,NA,NA,NA,31.1628,6.7628,6.7628,3.078,29.738,20.2377,1.1886,342.6803,1935,1935,"0.15,0.2,0.3,0.35,0.45",0,1.4142,0.15,0.85,NA,NA,NA,NA,NA,NA,NA,NA,NA,NA,NA,NA,NA,"15,20,30,35,45",61,NA,NA,NA,NA,NA,NA,NA,NA,NA
"Set_5dose_methods_prior","Set_5dose_methods_prior_SC4",4,"CRM","crm_alpha_crm",NA,NA,"alpha_crm",NA,0,0,0.0714,28,3,1,1,4,0.45,0.45,0.394,NA,NA,NA,13.4367,4.1922,4.1922,0.8067,29.738,20.2377,1.1886,342.6803,1935,1935,"0.15,0.2,0.3,0.35,0.45",0,1.4142,0.15,0.85,NA,NA,NA,NA,NA,NA,NA,NA,NA,NA,NA,NA,NA,"15,20,30,35,45",61,NA,NA,NA,NA,NA,NA,NA,NA,NA
"Set_5dose_methods_prior","Set_5dose_methods_prior_SC4",4,"CRM","crm_alpha_crm",NA,NA,"alpha_crm",NA,0,0,0.0714,28,3,1,1,5,0.55,0.55,0.4885,NA,NA,NA,2.8941,1.924,1.924,0.6977,29.738,20.2377,1.1886,342.6803,1935,1935,"0.15,0.2,0.3,0.35,0.45",0,1.4142,0.15,0.85,NA,NA,NA,NA,NA,NA,NA,NA,NA,NA,NA,NA,NA,"15,20,30,35,45",61,NA,NA,NA,NA,NA,NA,NA,NA,NA
"Set_5dose_methods_prior","Set_5dose_methods_prior_SC4",4,"CRM","crm_cumu_crm",NA,NA,"cumu_crm",NA,0,0,0.0714,28,3,1,1,1,0.15,0.15,0.1695,NA,NA,NA,8.9406,5.2109,5.2109,0,29.8837,21.215,0.4651,345.0248,1935,1935,"0.15,0.2,0.3,0.35,0.45",0,1.4142,0.15,0.85,NA,NA,NA,NA,NA,NA,NA,NA,NA,NA,NA,NA,NA,NA,NA,"15,20,30,35,45","0.62828086,0.83770782,1.25656172,1.46598868,1.88484259",-2.8,2,1,2.5,1.6,1,0
"Set_5dose_methods_prior","Set_5dose_methods_prior_SC4",4,"CRM","crm_cumu_crm",NA,NA,"cumu_crm",NA,0,0,0.0714,28,3,1,1,2,0.3,0.3,0.2226,NA,NA,NA,34.4186,9.3318,9.3318,3.6563,29.8837,21.215,0.4651,345.0248,1935,1935,"0.15,0.2,0.3,0.35,0.45",0,1.4142,0.15,0.85,NA,NA,NA,NA,NA,NA,NA,NA,NA,NA,NA,NA,NA,NA,NA,"15,20,30,35,45","0.62828086,0.83770782,1.25656172,1.46598868,1.88484259",-2.8,2,1,2.5,1.6,1,0
"Set_5dose_methods_prior","Set_5dose_methods_prior_SC4",4,"CRM","crm_cumu_crm",NA,NA,"cumu_crm",NA,0,0,0.0714,28,3,1,1,3,0.38,0.38,0.3583,NA,NA,NA,34.0052,7.6775,7.6775,3.0072,29.8837,21.215,0.4651,345.0248,1935,1935,"0.15,0.2,0.3,0.35,0.45",0,1.4142,0.15,0.85,NA,NA,NA,NA,NA,NA,NA,NA,NA,NA,NA,NA,NA,NA,NA,"15,20,30,35,45","0.62828086,0.83770782,1.25656172,1.46598868,1.88484259",-2.8,2,1,2.5,1.6,1,0
"Set_5dose_methods_prior","Set_5dose_methods_prior_SC4",4,"CRM","crm_cumu_crm",NA,NA,"cumu_crm",NA,0,0,0.0714,28,3,1,1,4,0.45,0.45,0.4333,NA,NA,NA,18.2429,5.2481,5.2481,1.1385,29.8837,21.215,0.4651,345.0248,1935,1935,"0.15,0.2,0.3,0.35,0.45",0,1.4142,0.15,0.85,NA,NA,NA,NA,NA,NA,NA,NA,NA,NA,NA,NA,NA,NA,NA,"15,20,30,35,45","0.62828086,0.83770782,1.25656172,1.46598868,1.88484259",-2.8,2,1,2.5,1.6,1,0
"Set_5dose_methods_prior","Set_5dose_methods_prior_SC4",4,"CRM","crm_cumu_crm",NA,NA,"cumu_crm",NA,0,0,0.0714,28,3,1,1,5,0.55,0.55,0.5759,NA,NA,NA,3.9276,2.4155,2.4155,0.8667,29.8837,21.215,0.4651,345.0248,1935,1935,"0.15,0.2,0.3,0.35,0.45",0,1.4142,0.15,0.85,NA,NA,NA,NA,NA,NA,NA,NA,NA,NA,NA,NA,NA,NA,NA,"15,20,30,35,45","0.62828086,0.83770782,1.25656172,1.46598868,1.88484259",-2.8,2,1,2.5,1.6,1,0
"Set_5dose_methods_prior","Set_5dose_methods_prior_SC4",4,"CRM","crm_fixed",NA,NA,"fixed",NA,0.3,0,0.0714,28,1,1,1,1,0.15,0.15,0.2149,0,NA,NA,18.8114,9.1132,9.1132,0,29.738,29.738,1.137,434.6727,1935,1935,"0.15,0.2,0.3,0.35,0.45",0,1.4142,0.15,0.85,NA,NA,NA,NA,NA,NA,NA,NA,NA,NA,NA,NA,NA,NA,NA,NA,NA,NA,NA,NA,NA,NA,NA,NA
"Set_5dose_methods_prior","Set_5dose_methods_prior_SC4",4,"CRM","crm_fixed",NA,NA,"fixed",NA,0.3,0,0.0714,28,1,1,1,2,0.3,0.345,0.2679,NA,NA,NA,43.6176,10.1907,10.1907,0,29.738,29.738,1.137,434.6727,1935,1935,"0.15,0.2,0.3,0.35,0.45",0,1.4142,0.15,0.85,NA,NA,NA,NA,NA,NA,NA,NA,NA,NA,NA,NA,NA,NA,NA,NA,NA,NA,NA,NA,NA,NA,NA,NA
"Set_5dose_methods_prior","Set_5dose_methods_prior_SC4",4,"CRM","crm_fixed",NA,NA,"fixed",NA,0.3,0,0.0714,28,1,1,1,3,0.38,0.47,0.3681,NA,NA,NA,26.9767,6.8295,6.8295,0,29.738,29.738,1.137,434.6727,1935,1935,"0.15,0.2,0.3,0.35,0.45",0,1.4142,0.15,0.85,NA,NA,NA,NA,NA,NA,NA,NA,NA,NA,NA,NA,NA,NA,NA,NA,NA,NA,NA,NA,NA,NA,NA,NA
"Set_5dose_methods_prior","Set_5dose_methods_prior_SC4",4,"CRM","crm_fixed",NA,NA,"fixed",NA,0.3,0,0.0714,28,1,1,1,4,0.45,0.564,0.4163,NA,NA,NA,8.5271,2.8775,2.8775,0,29.738,29.738,1.137,434.6727,1935,1935,"0.15,0.2,0.3,0.35,0.45",0,1.4142,0.15,0.85,NA,NA,NA,NA,NA,NA,NA,NA,NA,NA,NA,NA,NA,NA,NA,NA,NA,NA,NA,NA,NA,NA,NA,NA
"Set_5dose_methods_prior","Set_5dose_methods_prior_SC4",4,"CRM","crm_fixed",NA,NA,"fixed",NA,0.3,0,0.0714,28,1,1,1,5,0.55,0.685,0.5103,NA,NA,NA,0.9302,0.7271,0.7271,0,29.738,29.738,1.137,434.6727,1935,1935,"0.15,0.2,0.3,0.35,0.45",0,1.4142,0.15,0.85,NA,NA,NA,NA,NA,NA,NA,NA,NA,NA,NA,NA,NA,NA,NA,NA,NA,NA,NA,NA,NA,NA,NA,NA
"Set_5dose_methods_prior","Set_5dose_methods_prior_SC4",4,"CRM","crm_level",NA,NA,"level",NA,0.3,0,0.0714,28,1,1,1,1,0.15,0.15,0.215,NA,NA,NA,18.4496,9.0853,9.0853,0,29.738,29.738,1.137,434.6727,1935,1935,"0.15,0.2,0.3,0.35,0.45",0,1.4142,0.15,0.85,NA,NA,NA,NA,NA,NA,NA,NA,NA,NA,NA,NA,NA,NA,NA,NA,NA,NA,NA,NA,NA,NA,NA,NA
"Set_5dose_methods_prior","Set_5dose_methods_prior_SC4",4,"CRM","crm_level",NA,NA,"level",NA,0.3,0,0.0714,28,1,1,1,2,0.3,0.345,0.2679,0.0798,NA,NA,43.8243,10.186,10.186,0,29.738,29.738,1.137,434.6727,1935,1935,"0.15,0.2,0.3,0.35,0.45",0,1.4142,0.15,0.85,NA,NA,NA,NA,NA,NA,NA,NA,NA,NA,NA,NA,NA,NA,NA,NA,NA,NA,NA,NA,NA,NA,NA,NA
"Set_5dose_methods_prior","Set_5dose_methods_prior_SC4",4,"CRM","crm_level",NA,NA,"level",NA,0.3,0,0.0714,28,1,1,1,3,0.38,0.47,0.3681,0.0973,NA,NA,27.1835,6.862,6.862,0,29.738,29.738,1.137,434.6727,1935,1935,"0.15,0.2,0.3,0.35,0.45",0,1.4142,0.15,0.85,NA,NA,NA,NA,NA,NA,NA,NA,NA,NA,NA,NA,NA,NA,NA,NA,NA,NA,NA,NA,NA,NA,NA,NA
"Set_5dose_methods_prior","Set_5dose_methods_prior_SC4",4,"CRM","crm_level",NA,NA,"level",NA,0.3,0,0.0714,28,1,1,1,4,0.45,0.564,0.4163,0.1242,NA,NA,8.3204,2.8667,2.8667,0,29.738,29.738,1.137,434.6727,1935,1935,"0.15,0.2,0.3,0.35,0.45",0,1.4142,0.15,0.85,NA,NA,NA,NA,NA,NA,NA,NA,NA,NA,NA,NA,NA,NA,NA,NA,NA,NA,NA,NA,NA,NA,NA,NA
"Set_5dose_methods_prior","Set_5dose_methods_prior_SC4",4,"CRM","crm_level",NA,NA,"level",NA,0.3,0,0.0714,28,1,1,1,5,0.55,0.685,0.5102,0.1428,NA,NA,1.0853,0.738,0.738,0,29.738,29.738,1.137,434.6727,1935,1935,"0.15,0.2,0.3,0.35,0.45",0,1.4142,0.15,0.85,NA,NA,NA,NA,NA,NA,NA,NA,NA,NA,NA,NA,NA,NA,NA,NA,NA,NA,NA,NA,NA,NA,NA,NA
"Set_5dose_methods_prior","Set_5dose_methods_prior_SC4",4,"CRM","crm_random",NA,NA,"random",NA,0.3,0,0.0714,28,1,1,1,1,0.15,0.15,0.2149,0.0816,NA,NA,18.9147,9.0806,9.0806,0,29.738,29.738,1.137,434.6727,1935,1935,"0.15,0.2,0.3,0.35,0.45",0,1.4142,0.15,0.85,NA,NA,NA,NA,NA,NA,NA,NA,NA,NA,NA,NA,NA,NA,NA,NA,NA,NA,NA,NA,NA,NA,NA,NA
"Set_5dose_methods_prior","Set_5dose_methods_prior_SC4",4,"CRM","crm_random",NA,NA,"random",NA,0.3,0,0.0714,28,1,1,1,2,0.3,0.345,0.2679,NA,NA,NA,43.6176,10.1907,10.1907,0,29.738,29.738,1.137,434.6727,1935,1935,"0.15,0.2,0.3,0.35,0.45",0,1.4142,0.15,0.85,NA,NA,NA,NA,NA,NA,NA,NA,NA,NA,NA,NA,NA,NA,NA,NA,NA,NA,NA,NA,NA,NA,NA,NA
"Set_5dose_methods_prior","Set_5dose_methods_prior_SC4",4,"CRM","crm_random",NA,NA,"random",NA,0.3,0,0.0714,28,1,1,1,3,0.38,0.47,0.3681,NA,NA,NA,26.5116,6.8822,6.8822,0,29.738,29.738,1.137,434.6727,1935,1935,"0.15,0.2,0.3,0.35,0.45",0,1.4142,0.15,0.85,NA,NA,NA,NA,NA,NA,NA,NA,NA,NA,NA,NA,NA,NA,NA,NA,NA,NA,NA,NA,NA,NA,NA,NA
"Set_5dose_methods_prior","Set_5dose_methods_prior_SC4",4,"CRM","crm_random",NA,NA,"random",NA,0.3,0,0.0714,28,1,1,1,4,0.45,0.564,0.4163,NA,NA,NA,8.7339,2.8667,2.8667,0,29.738,29.738,1.137,434.6727,1935,1935,"0.15,0.2,0.3,0.35,0.45",0,1.4142,0.15,0.85,NA,NA,NA,NA,NA,NA,NA,NA,NA,NA,NA,NA,NA,NA,NA,NA,NA,NA,NA,NA,NA,NA,NA,NA
"Set_5dose_methods_prior","Set_5dose_methods_prior_SC4",4,"CRM","crm_random",NA,NA,"random",NA,0.3,0,0.0714,28,1,1,1,5,0.55,0.685,0.5102,NA,NA,NA,1.0853,0.7178,0.7178,0,29.738,29.738,1.137,434.6727,1935,1935,"0.15,0.2,0.3,0.35,0.45",0,1.4142,0.15,0.85,NA,NA,NA,NA,NA,NA,NA,NA,NA,NA,NA,NA,NA,NA,NA,NA,NA,NA,NA,NA,NA,NA,NA,NA
"Set_5dose_methods_prior","Set_5dose_methods_prior_SC4",4,"CRM","crm_alpha_crm",NA,NA,"alpha_crm",NA,0.3,0,0.0714,28,1,1,1,1,0.15,0.15,0.2149,NA,NA,NA,17.9845,9.0388,9.0388,0,29.7318,29.7318,1.2403,434.5964,1935,1935,"0.15,0.2,0.3,0.35,0.45",0,1.4142,0.15,0.85,NA,NA,NA,NA,NA,NA,NA,NA,NA,NA,NA,NA,NA,"15,20,30,35,45",61,NA,NA,NA,NA,NA,NA,NA,NA,NA
"Set_5dose_methods_prior","Set_5dose_methods_prior_SC4",4,"CRM","crm_alpha_crm",NA,NA,"alpha_crm",NA,0.3,0,0.0714,28,1,1,1,2,0.3,0.345,0.2678,NA,NA,NA,44.2894,10.2171,10.2171,0,29.7318,29.7318,1.2403,434.5964,1935,1935,"0.15,0.2,0.3,0.35,0.45",0,1.4142,0.15,0.85,NA,NA,NA,NA,NA,NA,NA,NA,NA,NA,NA,NA,NA,"15,20,30,35,45",61,NA,NA,NA,NA,NA,NA,NA,NA,NA
"Set_5dose_methods_prior","Set_5dose_methods_prior_SC4",4,"CRM","crm_alpha_crm",NA,NA,"alpha_crm",NA,0.3,0,0.0714,28,1,1,1,3,0.38,0.47,0.368,NA,NA,NA,26.8217,6.9023,6.9023,0,29.7318,29.7318,1.2403,434.5964,1935,1935,"0.15,0.2,0.3,0.35,0.45",0,1.4142,0.15,0.85,NA,NA,NA,NA,NA,NA,NA,NA,NA,NA,NA,NA,NA,"15,20,30,35,45",61,NA,NA,NA,NA,NA,NA,NA,NA,NA
"Set_5dose_methods_prior","Set_5dose_methods_prior_SC4",4,"CRM","crm_alpha_crm",NA,NA,"alpha_crm",NA,0.3,0,0.0714,28,1,1,1,4,0.45,0.564,0.4159,NA,NA,NA,8.6305,2.8434,2.8434,0,29.7318,29.7318,1.2403,434.5964,1935,1935,"0.15,0.2,0.3,0.35,0.45",0,1.4142,0.15,0.85,NA,NA,NA,NA,NA,NA,NA,NA,NA,NA,NA,NA,NA,"15,20,30,35,45",61,NA,NA,NA,NA,NA,NA,NA,NA,NA
"Set_5dose_methods_prior","Set_5dose_methods_prior_SC4",4,"CRM","crm_alpha_crm",NA,NA,"alpha_crm",NA,0.3,0,0.0714,28,1,1,1,5,0.55,0.685,0.5102,NA,NA,NA,1.0336,0.7302,0.7302,0,29.7318,29.7318,1.2403,434.5964,1935,1935,"0.15,0.2,0.3,0.35,0.45",0,1.4142,0.15,0.85,NA,NA,NA,NA,NA,NA,NA,NA,NA,NA,NA,NA,NA,"15,20,30,35,45",61,NA,NA,NA,NA,NA,NA,NA,NA,NA
"Set_5dose_methods_prior","Set_5dose_methods_prior_SC4",4,"CRM","crm_cumu_crm",NA,NA,"cumu_crm",NA,0.3,0,0.0714,28,1,1,1,1,0.15,0.15,0.1913,NA,NA,NA,13.385,6.5457,6.5457,0,29.8729,29.8729,0.5685,436.3642,1935,1935,"0.15,0.2,0.3,0.35,0.45",0,1.4142,0.15,0.85,NA,NA,NA,NA,NA,NA,NA,NA,NA,NA,NA,NA,NA,NA,NA,"15,20,30,35,45","0.62828086,0.83770782,1.25656172,1.46598868,1.88484259",-2.8,2,1,2.5,1.6,1,0
"Set_5dose_methods_prior","Set_5dose_methods_prior_SC4",4,"CRM","crm_cumu_crm",NA,NA,"cumu_crm",NA,0.3,0,0.0714,28,1,1,1,2,0.3,0.345,0.2559,NA,NA,NA,48.4238,12.1054,12.1054,0,29.8729,29.8729,0.5685,436.3642,1935,1935,"0.15,0.2,0.3,0.35,0.45",0,1.4142,0.15,0.85,NA,NA,NA,NA,NA,NA,NA,NA,NA,NA,NA,NA,NA,NA,NA,"15,20,30,35,45","0.62828086,0.83770782,1.25656172,1.46598868,1.88484259",-2.8,2,1,2.5,1.6,1,0
"Set_5dose_methods_prior","Set_5dose_methods_prior_SC4",4,"CRM","crm_cumu_crm",NA,NA,"cumu_crm",NA,0.3,0,0.0714,28,1,1,1,3,0.38,0.47,0.4162,NA,NA,NA,27.5969,7.3194,7.3194,0,29.8729,29.8729,0.5685,436.3642,1935,1935,"0.15,0.2,0.3,0.35,0.45",0,1.4142,0.15,0.85,NA,NA,NA,NA,NA,NA,NA,NA,NA,NA,NA,NA,NA,NA,NA,"15,20,30,35,45","0.62828086,0.83770782,1.25656172,1.46598868,1.88484259",-2.8,2,1,2.5,1.6,1,0
"Set_5dose_methods_prior","Set_5dose_methods_prior_SC4",4,"CRM","crm_cumu_crm",NA,NA,"cumu_crm",NA,0.3,0,0.0714,28,1,1,1,4,0.45,0.564,0.4995,NA,NA,NA,8.9922,3.1721,3.1721,0,29.8729,29.8729,0.5685,436.3642,1935,1935,"0.15,0.2,0.3,0.35,0.45",0,1.4142,0.15,0.85,NA,NA,NA,NA,NA,NA,NA,NA,NA,NA,NA,NA,NA,NA,NA,"15,20,30,35,45","0.62828086,0.83770782,1.25656172,1.46598868,1.88484259",-2.8,2,1,2.5,1.6,1,0
"Set_5dose_methods_prior","Set_5dose_methods_prior_SC4",4,"CRM","crm_cumu_crm",NA,NA,"cumu_crm",NA,0.3,0,0.0714,28,1,1,1,5,0.55,0.685,0.6467,NA,NA,NA,1.0336,0.7302,0.7302,0,29.8729,29.8729,0.5685,436.3642,1935,1935,"0.15,0.2,0.3,0.35,0.45",0,1.4142,0.15,0.85,NA,NA,NA,NA,NA,NA,NA,NA,NA,NA,NA,NA,NA,NA,NA,"15,20,30,35,45","0.62828086,0.83770782,1.25656172,1.46598868,1.88484259",-2.8,2,1,2.5,1.6,1,0
"Set_5dose_methods_prior","Set_5dose_methods_prior_SC4",4,"CRM","crm_fixed",NA,NA,"fixed",NA,0.3,0,0.0714,28,2,1,1,1,0.15,0.15,0.2258,0,NA,NA,24.031,9.9085,9.9085,0,29.738,21.7767,1.137,354.0071,1935,1935,"0.15,0.2,0.3,0.35,0.45",0,1.4142,0.15,0.85,NA,NA,NA,NA,NA,NA,NA,NA,NA,NA,NA,NA,NA,NA,NA,NA,NA,NA,NA,NA,NA,NA,NA,NA
"Set_5dose_methods_prior","Set_5dose_methods_prior_SC4",4,"CRM","crm_fixed",NA,NA,"fixed",NA,0.3,0,0.0714,28,2,1,1,2,0.3,0.345,0.2797,NA,NA,NA,46.0465,10.6264,10.6264,5.6703,29.738,21.7767,1.137,354.0071,1935,1935,"0.15,0.2,0.3,0.35,0.45",0,1.4142,0.15,0.85,NA,NA,NA,NA,NA,NA,NA,NA,NA,NA,NA,NA,NA,NA,NA,NA,NA,NA,NA,NA,NA,NA,NA,NA
"Set_5dose_methods_prior","Set_5dose_methods_prior_SC4",4,"CRM","crm_fixed",NA,NA,"fixed",NA,0.3,0,0.0714,28,2,1,1,3,0.38,0.47,0.3808,NA,NA,NA,23.1525,6.5287,6.5287,0.9633,29.738,21.7767,1.137,354.0071,1935,1935,"0.15,0.2,0.3,0.35,0.45",0,1.4142,0.15,0.85,NA,NA,NA,NA,NA,NA,NA,NA,NA,NA,NA,NA,NA,NA,NA,NA,NA,NA,NA,NA,NA,NA,NA,NA
"Set_5dose_methods_prior","Set_5dose_methods_prior_SC4",4,"CRM","crm_fixed",NA,NA,"fixed",NA,0.3,0,0.0714,28,2,1,1,4,0.45,0.564,0.429,NA,NA,NA,5.168,2.2651,2.2651,1.2496,29.738,21.7767,1.137,354.0071,1935,1935,"0.15,0.2,0.3,0.35,0.45",0,1.4142,0.15,0.85,NA,NA,NA,NA,NA,NA,NA,NA,NA,NA,NA,NA,NA,NA,NA,NA,NA,NA,NA,NA,NA,NA,NA,NA
"Set_5dose_methods_prior","Set_5dose_methods_prior_SC4",4,"CRM","crm_fixed",NA,NA,"fixed",NA,0.3,0,0.0714,28,2,1,1,5,0.55,0.685,0.5224,NA,NA,NA,0.4651,0.4093,0.4093,0.078,29.738,21.7767,1.137,354.0071,1935,1935,"0.15,0.2,0.3,0.35,0.45",0,1.4142,0.15,0.85,NA,NA,NA,NA,NA,NA,NA,NA,NA,NA,NA,NA,NA,NA,NA,NA,NA,NA,NA,NA,NA,NA,NA,NA
"Set_5dose_methods_prior","Set_5dose_methods_prior_SC4",4,"CRM","crm_level",NA,NA,"level",NA,0.3,0,0.0714,28,2,1,1,1,0.15,0.15,0.218,NA,NA,NA,21.9121,8.7085,8.7085,0,29.7442,21.7705,1.0853,354.7296,1935,1935,"0.15,0.2,0.3,0.35,0.45",0,1.4142,0.15,0.85,NA,NA,NA,NA,NA,NA,NA,NA,NA,NA,NA,NA,NA,NA,NA,NA,NA,NA,NA,NA,NA,NA,NA,NA
"Set_5dose_methods_prior","Set_5dose_methods_prior_SC4",4,"CRM","crm_level",NA,NA,"level",NA,0.3,0,0.0714,28,2,1,1,2,0.3,0.345,0.271,0.0623,NA,NA,44.3928,10.414,10.414,5.2501,29.7442,21.7705,1.0853,354.7296,1935,1935,"0.15,0.2,0.3,0.35,0.45",0,1.4142,0.15,0.85,NA,NA,NA,NA,NA,NA,NA,NA,NA,NA,NA,NA,NA,NA,NA,NA,NA,NA,NA,NA,NA,NA,NA,NA
"Set_5dose_methods_prior","Set_5dose_methods_prior_SC4",4,"CRM","crm_level",NA,NA,"level",NA,0.3,0,0.0714,28,2,1,1,3,0.38,0.47,0.3711,0.0975,NA,NA,26.0982,6.9039,6.9039,1.1881,29.7442,21.7705,1.0853,354.7296,1935,1935,"0.15,0.2,0.3,0.35,0.45",0,1.4142,0.15,0.85,NA,NA,NA,NA,NA,NA,NA,NA,NA,NA,NA,NA,NA,NA,NA,NA,NA,NA,NA,NA,NA,NA,NA,NA
"Set_5dose_methods_prior","Set_5dose_methods_prior_SC4",4,"CRM","crm_level",NA,NA,"level",NA,0.3,0,0.0714,28,2,1,1,4,0.45,0.564,0.4191,0.1308,NA,NA,5.7881,2.8884,2.8884,1.3964,29.7442,21.7705,1.0853,354.7296,1935,1935,"0.15,0.2,0.3,0.35,0.45",0,1.4142,0.15,0.85,NA,NA,NA,NA,NA,NA,NA,NA,NA,NA,NA,NA,NA,NA,NA,NA,NA,NA,NA,NA,NA,NA,NA,NA
"Set_5dose_methods_prior","Set_5dose_methods_prior_SC4",4,"CRM","crm_level",NA,NA,"level",NA,0.3,0,0.0714,28,2,1,1,5,0.55,0.685,0.5127,0.1417,NA,NA,0.7235,0.8295,0.8295,0.139,29.7442,21.7705,1.0853,354.7296,1935,1935,"0.15,0.2,0.3,0.35,0.45",0,1.4142,0.15,0.85,NA,NA,NA,NA,NA,NA,NA,NA,NA,NA,NA,NA,NA,NA,NA,NA,NA,NA,NA,NA,NA,NA,NA,NA
"Set_5dose_methods_prior","Set_5dose_methods_prior_SC4",4,"CRM","crm_random",NA,NA,"random",NA,0.3,0,0.0714,28,2,1,1,1,0.15,0.15,0.2168,0.0693,NA,NA,21.0853,8.6527,8.6527,0,29.738,21.7473,1.137,354.7262,1935,1935,"0.15,0.2,0.3,0.35,0.45",0,1.4142,0.15,0.85,NA,NA,NA,NA,NA,NA,NA,NA,NA,NA,NA,NA,NA,NA,NA,NA,NA,NA,NA,NA,NA,NA,NA,NA
"Set_5dose_methods_prior","Set_5dose_methods_prior_SC4",4,"CRM","crm_random",NA,NA,"random",NA,0.3,0,0.0714,28,2,1,1,2,0.3,0.345,0.2696,NA,NA,NA,45.2713,10.4124,10.4124,5.2398,29.738,21.7473,1.137,354.7262,1935,1935,"0.15,0.2,0.3,0.35,0.45",0,1.4142,0.15,0.85,NA,NA,NA,NA,NA,NA,NA,NA,NA,NA,NA,NA,NA,NA,NA,NA,NA,NA,NA,NA,NA,NA,NA,NA
"Set_5dose_methods_prior","Set_5dose_methods_prior_SC4",4,"CRM","crm_random",NA,NA,"random",NA,0.3,0,0.0714,28,2,1,1,3,0.38,0.47,0.3693,NA,NA,NA,25.478,6.9225,6.9225,1.1907,29.738,21.7473,1.137,354.7262,1935,1935,"0.15,0.2,0.3,0.35,0.45",0,1.4142,0.15,0.85,NA,NA,NA,NA,NA,NA,NA,NA,NA,NA,NA,NA,NA,NA,NA,NA,NA,NA,NA,NA,NA,NA,NA,NA
"Set_5dose_methods_prior","Set_5dose_methods_prior_SC4",4,"CRM","crm_random",NA,NA,"random",NA,0.3,0,0.0714,28,2,1,1,4,0.45,0.564,0.4172,NA,NA,NA,6.2016,2.8558,2.8558,1.4186,29.738,21.7473,1.137,354.7262,1935,1935,"0.15,0.2,0.3,0.35,0.45",0,1.4142,0.15,0.85,NA,NA,NA,NA,NA,NA,NA,NA,NA,NA,NA,NA,NA,NA,NA,NA,NA,NA,NA,NA,NA,NA,NA,NA
"Set_5dose_methods_prior","Set_5dose_methods_prior_SC4",4,"CRM","crm_random",NA,NA,"random",NA,0.3,0,0.0714,28,2,1,1,5,0.55,0.685,0.5107,NA,NA,NA,0.8269,0.8946,0.8946,0.1416,29.738,21.7473,1.137,354.7262,1935,1935,"0.15,0.2,0.3,0.35,0.45",0,1.4142,0.15,0.85,NA,NA,NA,NA,NA,NA,NA,NA,NA,NA,NA,NA,NA,NA,NA,NA,NA,NA,NA,NA,NA,NA,NA,NA
"Set_5dose_methods_prior","Set_5dose_methods_prior_SC4",4,"CRM","crm_alpha_crm",NA,NA,"alpha_crm",NA,0.3,0,0.0714,28,2,1,1,1,0.15,0.15,0.2126,NA,NA,NA,18.9664,8.7023,8.7023,0,29.738,21.7535,1.1886,354.3362,1935,1935,"0.15,0.2,0.3,0.35,0.45",0,1.4142,0.15,0.85,NA,NA,NA,NA,NA,NA,NA,NA,NA,NA,NA,NA,NA,"15,20,30,35,45",61,NA,NA,NA,NA,NA,NA,NA,NA,NA
"Set_5dose_methods_prior","Set_5dose_methods_prior_SC4",4,"CRM","crm_alpha_crm",NA,NA,"alpha_crm",NA,0.3,0,0.0714,28,2,1,1,2,0.3,0.345,0.2652,NA,NA,NA,43.3075,10.3426,10.3426,5.2413,29.738,21.7535,1.1886,354.3362,1935,1935,"0.15,0.2,0.3,0.35,0.45",0,1.4142,0.15,0.85,NA,NA,NA,NA,NA,NA,NA,NA,NA,NA,NA,NA,NA,"15,20,30,35,45",61,NA,NA,NA,NA,NA,NA,NA,NA,NA
"Set_5dose_methods_prior","Set_5dose_methods_prior_SC4",4,"CRM","crm_alpha_crm",NA,NA,"alpha_crm",NA,0.3,0,0.0714,28,2,1,1,3,0.38,0.47,0.365,NA,NA,NA,28.4238,6.7504,6.7504,1.2475,29.738,21.7535,1.1886,354.3362,1935,1935,"0.15,0.2,0.3,0.35,0.45",0,1.4142,0.15,0.85,NA,NA,NA,NA,NA,NA,NA,NA,NA,NA,NA,NA,NA,"15,20,30,35,45",61,NA,NA,NA,NA,NA,NA,NA,NA,NA
"Set_5dose_methods_prior","Set_5dose_methods_prior_SC4",4,"CRM","crm_alpha_crm",NA,NA,"alpha_crm",NA,0.3,0,0.0714,28,2,1,1,4,0.45,0.564,0.4131,NA,NA,NA,6.6667,3.0124,3.0124,1.3194,29.738,21.7535,1.1886,354.3362,1935,1935,"0.15,0.2,0.3,0.35,0.45",0,1.4142,0.15,0.85,NA,NA,NA,NA,NA,NA,NA,NA,NA,NA,NA,NA,NA,"15,20,30,35,45",61,NA,NA,NA,NA,NA,NA,NA,NA,NA
"Set_5dose_methods_prior","Set_5dose_methods_prior_SC4",4,"CRM","crm_alpha_crm",NA,NA,"alpha_crm",NA,0.3,0,0.0714,28,2,1,1,5,0.55,0.685,0.5071,NA,NA,NA,1.447,0.9302,0.9302,0.1762,29.738,21.7535,1.1886,354.3362,1935,1935,"0.15,0.2,0.3,0.35,0.45",0,1.4142,0.15,0.85,NA,NA,NA,NA,NA,NA,NA,NA,NA,NA,NA,NA,NA,"15,20,30,35,45",61,NA,NA,NA,NA,NA,NA,NA,NA,NA
"Set_5dose_methods_prior","Set_5dose_methods_prior_SC4",4,"CRM","crm_cumu_crm",NA,NA,"cumu_crm",NA,0.3,0,0.0714,28,2,1,1,1,0.15,0.15,0.181,NA,NA,NA,13.3333,5.7535,5.7535,0,29.8682,22.7065,0.5685,359.172,1935,1935,"0.15,0.2,0.3,0.35,0.45",0,1.4142,0.15,0.85,NA,NA,NA,NA,NA,NA,NA,NA,NA,NA,NA,NA,NA,NA,NA,"15,20,30,35,45","0.62828086,0.83770782,1.25656172,1.46598868,1.88484259",-2.8,2,1,2.5,1.6,1,0
"Set_5dose_methods_prior","Set_5dose_methods_prior_SC4",4,"CRM","crm_cumu_crm",NA,NA,"cumu_crm",NA,0.3,0,0.0714,28,2,1,1,2,0.3,0.345,0.2406,NA,NA,NA,41.6537,11.5504,11.5504,3.8801,29.8682,22.7065,0.5685,359.172,1935,1935,"0.15,0.2,0.3,0.35,0.45",0,1.4142,0.15,0.85,NA,NA,NA,NA,NA,NA,NA,NA,NA,NA,NA,NA,NA,NA,NA,"15,20,30,35,45","0.62828086,0.83770782,1.25656172,1.46598868,1.88484259",-2.8,2,1,2.5,1.6,1,0
"Set_5dose_methods_prior","Set_5dose_methods_prior_SC4",4,"CRM","crm_cumu_crm",NA,NA,"cumu_crm",NA,0.3,0,0.0714,28,2,1,1,3,0.38,0.47,0.3905,NA,NA,NA,32.093,7.4264,7.4264,1.5705,29.8682,22.7065,0.5685,359.172,1935,1935,"0.15,0.2,0.3,0.35,0.45",0,1.4142,0.15,0.85,NA,NA,NA,NA,NA,NA,NA,NA,NA,NA,NA,NA,NA,NA,NA,"15,20,30,35,45","0.62828086,0.83770782,1.25656172,1.46598868,1.88484259",-2.8,2,1,2.5,1.6,1,0
"Set_5dose_methods_prior","Set_5dose_methods_prior_SC4",4,"CRM","crm_cumu_crm",NA,NA,"cumu_crm",NA,0.3,0,0.0714,28,2,1,1,4,0.45,0.564,0.4703,NA,NA,NA,10.8527,3.7473,3.7473,1.4326,29.8682,22.7065,0.5685,359.172,1935,1935,"0.15,0.2,0.3,0.35,0.45",0,1.4142,0.15,0.85,NA,NA,NA,NA,NA,NA,NA,NA,NA,NA,NA,NA,NA,NA,NA,"15,20,30,35,45","0.62828086,0.83770782,1.25656172,1.46598868,1.88484259",-2.8,2,1,2.5,1.6,1,0
"Set_5dose_methods_prior","Set_5dose_methods_prior_SC4",4,"CRM","crm_cumu_crm",NA,NA,"cumu_crm",NA,0.3,0,0.0714,28,2,1,1,5,0.55,0.685,0.6156,NA,NA,NA,1.4987,1.3907,1.3907,0.2786,29.8682,22.7065,0.5685,359.172,1935,1935,"0.15,0.2,0.3,0.35,0.45",0,1.4142,0.15,0.85,NA,NA,NA,NA,NA,NA,NA,NA,NA,NA,NA,NA,NA,NA,NA,"15,20,30,35,45","0.62828086,0.83770782,1.25656172,1.46598868,1.88484259",-2.8,2,1,2.5,1.6,1,0
"Set_5dose_methods_prior","Set_5dose_methods_prior_SC4",4,"CRM","crm_fixed",NA,NA,"fixed",NA,0.3,0,0.0714,28,3,1,1,1,0.15,0.15,0.2287,0,NA,NA,25.168,10.1674,10.1674,0,29.738,20.3261,1.137,343.3177,1935,1935,"0.15,0.2,0.3,0.35,0.45",0,1.4142,0.15,0.85,NA,NA,NA,NA,NA,NA,NA,NA,NA,NA,NA,NA,NA,NA,NA,NA,NA,NA,NA,NA,NA,NA,NA,NA
"Set_5dose_methods_prior","Set_5dose_methods_prior_SC4",4,"CRM","crm_fixed",NA,NA,"fixed",NA,0.3,0,0.0714,28,3,1,1,2,0.3,0.345,0.2829,NA,NA,NA,48.3204,10.8806,10.8806,5.7659,29.738,20.3261,1.137,343.3177,1935,1935,"0.15,0.2,0.3,0.35,0.45",0,1.4142,0.15,0.85,NA,NA,NA,NA,NA,NA,NA,NA,NA,NA,NA,NA,NA,NA,NA,NA,NA,NA,NA,NA,NA,NA,NA,NA
"Set_5dose_methods_prior","Set_5dose_methods_prior_SC4",4,"CRM","crm_fixed",NA,NA,"fixed",NA,0.3,0,0.0714,28,3,1,1,3,0.38,0.47,0.3841,NA,NA,NA,20.5168,6.3085,6.3085,2.8052,29.738,20.3261,1.137,343.3177,1935,1935,"0.15,0.2,0.3,0.35,0.45",0,1.4142,0.15,0.85,NA,NA,NA,NA,NA,NA,NA,NA,NA,NA,NA,NA,NA,NA,NA,NA,NA,NA,NA,NA,NA,NA,NA,NA
"Set_5dose_methods_prior","Set_5dose_methods_prior_SC4",4,"CRM","crm_fixed",NA,NA,"fixed",NA,0.3,0,0.0714,28,3,1,1,4,0.45,0.564,0.4324,NA,NA,NA,4.5478,2.0372,2.0372,0.6589,29.738,20.3261,1.137,343.3177,1935,1935,"0.15,0.2,0.3,0.35,0.45",0,1.4142,0.15,0.85,NA,NA,NA,NA,NA,NA,NA,NA,NA,NA,NA,NA,NA,NA,NA,NA,NA,NA,NA,NA,NA,NA,NA,NA
"Set_5dose_methods_prior","Set_5dose_methods_prior_SC4",4,"CRM","crm_fixed",NA,NA,"fixed",NA,0.3,0,0.0714,28,3,1,1,5,0.55,0.685,0.5257,NA,NA,NA,0.3101,0.3442,0.3442,0.1819,29.738,20.3261,1.137,343.3177,1935,1935,"0.15,0.2,0.3,0.35,0.45",0,1.4142,0.15,0.85,NA,NA,NA,NA,NA,NA,NA,NA,NA,NA,NA,NA,NA,NA,NA,NA,NA,NA,NA,NA,NA,NA,NA,NA
"Set_5dose_methods_prior","Set_5dose_methods_prior_SC4",4,"CRM","crm_level",NA,NA,"level",NA,0.3,0,0.0714,28,3,1,1,1,0.15,0.15,0.2189,NA,NA,NA,23.2558,8.8388,8.8388,0,29.7426,20.1969,1.137,342.581,1935,1935,"0.15,0.2,0.3,0.35,0.45",0,1.4142,0.15,0.85,NA,NA,NA,NA,NA,NA,NA,NA,NA,NA,NA,NA,NA,NA,NA,NA,NA,NA,NA,NA,NA,NA,NA,NA
"Set_5dose_methods_prior","Set_5dose_methods_prior_SC4",4,"CRM","crm_level",NA,NA,"level",NA,0.3,0,0.0714,28,3,1,1,2,0.3,0.345,0.272,0.0597,NA,NA,45.7881,10.3535,10.3535,5.3225,29.7426,20.1969,1.137,342.581,1935,1935,"0.15,0.2,0.3,0.35,0.45",0,1.4142,0.15,0.85,NA,NA,NA,NA,NA,NA,NA,NA,NA,NA,NA,NA,NA,NA,NA,NA,NA,NA,NA,NA,NA,NA,NA,NA
"Set_5dose_methods_prior","Set_5dose_methods_prior_SC4",4,"CRM","crm_level",NA,NA,"level",NA,0.3,0,0.0714,28,3,1,1,3,0.38,0.47,0.372,0.0983,NA,NA,22.584,6.9147,6.9147,3.0481,29.7426,20.1969,1.137,342.581,1935,1935,"0.15,0.2,0.3,0.35,0.45",0,1.4142,0.15,0.85,NA,NA,NA,NA,NA,NA,NA,NA,NA,NA,NA,NA,NA,NA,NA,NA,NA,NA,NA,NA,NA,NA,NA,NA
"Set_5dose_methods_prior","Set_5dose_methods_prior_SC4",4,"CRM","crm_level",NA,NA,"level",NA,0.3,0,0.0714,28,3,1,1,4,0.45,0.564,0.42,0.1272,NA,NA,7.0284,2.8388,2.8388,0.7767,29.7426,20.1969,1.137,342.581,1935,1935,"0.15,0.2,0.3,0.35,0.45",0,1.4142,0.15,0.85,NA,NA,NA,NA,NA,NA,NA,NA,NA,NA,NA,NA,NA,NA,NA,NA,NA,NA,NA,NA,NA,NA,NA,NA
"Set_5dose_methods_prior","Set_5dose_methods_prior_SC4",4,"CRM","crm_level",NA,NA,"level",NA,0.3,0,0.0714,28,3,1,1,5,0.55,0.685,0.5136,0.1442,NA,NA,0.2067,0.7969,0.7969,0.3984,29.7426,20.1969,1.137,342.581,1935,1935,"0.15,0.2,0.3,0.35,0.45",0,1.4142,0.15,0.85,NA,NA,NA,NA,NA,NA,NA,NA,NA,NA,NA,NA,NA,NA,NA,NA,NA,NA,NA,NA,NA,NA,NA,NA
"Set_5dose_methods_prior","Set_5dose_methods_prior_SC4",4,"CRM","crm_random",NA,NA,"random",NA,0.3,0,0.0714,28,3,1,1,1,0.15,0.15,0.2184,0.0736,NA,NA,23.6693,8.7628,8.7628,0,29.7411,20.1556,1.0853,342.7134,1935,1935,"0.15,0.2,0.3,0.35,0.45",0,1.4142,0.15,0.85,NA,NA,NA,NA,NA,NA,NA,NA,NA,NA,NA,NA,NA,NA,NA,NA,NA,NA,NA,NA,NA,NA,NA,NA
"Set_5dose_methods_prior","Set_5dose_methods_prior_SC4",4,"CRM","crm_random",NA,NA,"random",NA,0.3,0,0.0714,28,3,1,1,2,0.3,0.345,0.2712,NA,NA,NA,44.6512,10.1256,10.1256,5.2346,29.7411,20.1556,1.0853,342.7134,1935,1935,"0.15,0.2,0.3,0.35,0.45",0,1.4142,0.15,0.85,NA,NA,NA,NA,NA,NA,NA,NA,NA,NA,NA,NA,NA,NA,NA,NA,NA,NA,NA,NA,NA,NA,NA,NA
"Set_5dose_methods_prior","Set_5dose_methods_prior_SC4",4,"CRM","crm_random",NA,NA,"random",NA,0.3,0,0.0714,28,3,1,1,3,0.38,0.47,0.3708,NA,NA,NA,22.8941,6.9426,6.9426,3.0527,29.7411,20.1556,1.0853,342.7134,1935,1935,"0.15,0.2,0.3,0.35,0.45",0,1.4142,0.15,0.85,NA,NA,NA,NA,NA,NA,NA,NA,NA,NA,NA,NA,NA,NA,NA,NA,NA,NA,NA,NA,NA,NA,NA,NA
"Set_5dose_methods_prior","Set_5dose_methods_prior_SC4",4,"CRM","crm_random",NA,NA,"random",NA,0.3,0,0.0714,28,3,1,1,4,0.45,0.564,0.4187,NA,NA,NA,6.9251,3.0217,3.0217,0.8698,29.7411,20.1556,1.0853,342.7134,1935,1935,"0.15,0.2,0.3,0.35,0.45",0,1.4142,0.15,0.85,NA,NA,NA,NA,NA,NA,NA,NA,NA,NA,NA,NA,NA,NA,NA,NA,NA,NA,NA,NA,NA,NA,NA,NA
"Set_5dose_methods_prior","Set_5dose_methods_prior_SC4",4,"CRM","crm_random",NA,NA,"random",NA,0.3,0,0.0714,28,3,1,1,5,0.55,0.685,0.512,NA,NA,NA,0.7752,0.8884,0.8884,0.4284,29.7411,20.1556,1.0853,342.7134,1935,1935,"0.15,0.2,0.3,0.35,0.45",0,1.4142,0.15,0.85,NA,NA,NA,NA,NA,NA,NA,NA,NA,NA,NA,NA,NA,NA,NA,NA,NA,NA,NA,NA,NA,NA,NA,NA
"Set_5dose_methods_prior","Set_5dose_methods_prior_SC4",4,"CRM","crm_alpha_crm",NA,NA,"alpha_crm",NA,0.3,0,0.0714,28,3,1,1,1,0.15,0.15,0.2101,NA,NA,NA,19.1731,8.6202,8.6202,0,29.738,20.2693,1.1886,343.5318,1935,1935,"0.15,0.2,0.3,0.35,0.45",0,1.4142,0.15,0.85,NA,NA,NA,NA,NA,NA,NA,NA,NA,NA,NA,NA,NA,"15,20,30,35,45",61,NA,NA,NA,NA,NA,NA,NA,NA,NA
"Set_5dose_methods_prior","Set_5dose_methods_prior_SC4",4,"CRM","crm_alpha_crm",NA,NA,"alpha_crm",NA,0.3,0,0.0714,28,3,1,1,2,0.3,0.345,0.2624,NA,NA,NA,42.584,9.8031,9.8031,5.2171,29.738,20.2693,1.1886,343.5318,1935,1935,"0.15,0.2,0.3,0.35,0.45",0,1.4142,0.15,0.85,NA,NA,NA,NA,NA,NA,NA,NA,NA,NA,NA,NA,NA,"15,20,30,35,45",61,NA,NA,NA,NA,NA,NA,NA,NA,NA
"Set_5dose_methods_prior","Set_5dose_methods_prior_SC4",4,"CRM","crm_alpha_crm",NA,NA,"alpha_crm",NA,0.3,0,0.0714,28,3,1,1,3,0.38,0.47,0.3617,NA,NA,NA,26.4083,6.5395,6.5395,2.9597,29.738,20.2693,1.1886,343.5318,1935,1935,"0.15,0.2,0.3,0.35,0.45",0,1.4142,0.15,0.85,NA,NA,NA,NA,NA,NA,NA,NA,NA,NA,NA,NA,NA,"15,20,30,35,45",61,NA,NA,NA,NA,NA,NA,NA,NA,NA
"Set_5dose_methods_prior","Set_5dose_methods_prior_SC4",4,"CRM","crm_alpha_crm",NA,NA,"alpha_crm",NA,0.3,0,0.0714,28,3,1,1,4,0.45,0.564,0.4098,NA,NA,NA,9.4057,3.5132,3.5132,0.7917,29.738,20.2693,1.1886,343.5318,1935,1935,"0.15,0.2,0.3,0.35,0.45",0,1.4142,0.15,0.85,NA,NA,NA,NA,NA,NA,NA,NA,NA,NA,NA,NA,NA,"15,20,30,35,45",61,NA,NA,NA,NA,NA,NA,NA,NA,NA
"Set_5dose_methods_prior","Set_5dose_methods_prior_SC4",4,"CRM","crm_alpha_crm",NA,NA,"alpha_crm",NA,0.3,0,0.0714,28,3,1,1,5,0.55,0.685,0.5037,NA,NA,NA,1.2403,1.262,1.262,0.5003,29.738,20.2693,1.1886,343.5318,1935,1935,"0.15,0.2,0.3,0.35,0.45",0,1.4142,0.15,0.85,NA,NA,NA,NA,NA,NA,NA,NA,NA,NA,NA,NA,NA,"15,20,30,35,45",61,NA,NA,NA,NA,NA,NA,NA,NA,NA
"Set_5dose_methods_prior","Set_5dose_methods_prior_SC4",4,"CRM","crm_cumu_crm",NA,NA,"cumu_crm",NA,0.3,0,0.0714,28,3,1,1,1,0.15,0.15,0.1776,NA,NA,NA,12.6098,5.6636,5.6636,0,29.8791,21.2889,0.5168,346.6419,1935,1935,"0.15,0.2,0.3,0.35,0.45",0,1.4142,0.15,0.85,NA,NA,NA,NA,NA,NA,NA,NA,NA,NA,NA,NA,NA,NA,NA,"15,20,30,35,45","0.62828086,0.83770782,1.25656172,1.46598868,1.88484259",-2.8,2,1,2.5,1.6,1,0
"Set_5dose_methods_prior","Set_5dose_methods_prior_SC4",4,"CRM","crm_cumu_crm",NA,NA,"cumu_crm",NA,0.3,0,0.0714,28,3,1,1,2,0.3,0.345,0.2349,NA,NA,NA,40.0517,10.3628,10.3628,3.8419,29.8791,21.2889,0.5168,346.6419,1935,1935,"0.15,0.2,0.3,0.35,0.45",0,1.4142,0.15,0.85,NA,NA,NA,NA,NA,NA,NA,NA,NA,NA,NA,NA,NA,NA,NA,"15,20,30,35,45","0.62828086,0.83770782,1.25656172,1.46598868,1.88484259",-2.8,2,1,2.5,1.6,1,0
"Set_5dose_methods_prior","Set_5dose_methods_prior_SC4",4,"CRM","crm_cumu_crm",NA,NA,"cumu_crm",NA,0.3,0,0.0714,28,3,1,1,3,0.38,0.47,0.3795,NA,NA,NA,31.8346,7.6605,7.6605,2.969,29.8791,21.2889,0.5168,346.6419,1935,1935,"0.15,0.2,0.3,0.35,0.45",0,1.4142,0.15,0.85,NA,NA,NA,NA,NA,NA,NA,NA,NA,NA,NA,NA,NA,NA,NA,"15,20,30,35,45","0.62828086,0.83770782,1.25656172,1.46598868,1.88484259",-2.8,2,1,2.5,1.6,1,0
"Set_5dose_methods_prior","Set_5dose_methods_prior_SC4",4,"CRM","crm_cumu_crm",NA,NA,"cumu_crm",NA,0.3,0,0.0714,28,3,1,1,4,0.45,0.564,0.4574,NA,NA,NA,12.8165,4.4915,4.4915,1.0894,29.8791,21.2889,0.5168,346.6419,1935,1935,"0.15,0.2,0.3,0.35,0.45",0,1.4142,0.15,0.85,NA,NA,NA,NA,NA,NA,NA,NA,NA,NA,NA,NA,NA,NA,NA,"15,20,30,35,45","0.62828086,0.83770782,1.25656172,1.46598868,1.88484259",-2.8,2,1,2.5,1.6,1,0
"Set_5dose_methods_prior","Set_5dose_methods_prior_SC4",4,"CRM","crm_cumu_crm",NA,NA,"cumu_crm",NA,0.3,0,0.0714,28,3,1,1,5,0.55,0.685,0.6017,NA,NA,NA,2.1705,1.7008,1.7008,0.6899,29.8791,21.2889,0.5168,346.6419,1935,1935,"0.15,0.2,0.3,0.35,0.45",0,1.4142,0.15,0.85,NA,NA,NA,NA,NA,NA,NA,NA,NA,NA,NA,NA,NA,NA,NA,"15,20,30,35,45","0.62828086,0.83770782,1.25656172,1.46598868,1.88484259",-2.8,2,1,2.5,1.6,1,0
"Set_5dose_methods_prior","Set_5dose_methods_prior_SC4",4,"CRM","crm_fixed",NA,NA,"fixed",NA,0.6,0,0.0714,28,1,1,1,1,0.15,0.15,0.2152,0,NA,NA,18.4496,9.107,9.107,0,29.7442,29.7442,1.0853,434.7413,1935,1935,"0.15,0.2,0.3,0.35,0.45",0,1.4142,0.15,0.85,NA,NA,NA,NA,NA,NA,NA,NA,NA,NA,NA,NA,NA,NA,NA,NA,NA,NA,NA,NA,NA,NA,NA,NA
"Set_5dose_methods_prior","Set_5dose_methods_prior_SC4",4,"CRM","crm_fixed",NA,NA,"fixed",NA,0.6,0,0.0714,28,1,1,1,2,0.3,0.39,0.2682,NA,NA,NA,44.1344,10.1318,10.1318,0,29.7442,29.7442,1.0853,434.7413,1935,1935,"0.15,0.2,0.3,0.35,0.45",0,1.4142,0.15,0.85,NA,NA,NA,NA,NA,NA,NA,NA,NA,NA,NA,NA,NA,NA,NA,NA,NA,NA,NA,NA,NA,NA,NA,NA
"Set_5dose_methods_prior","Set_5dose_methods_prior_SC4",4,"CRM","crm_fixed",NA,NA,"fixed",NA,0.6,0,0.0714,28,1,1,1,3,0.38,0.56,0.3684,NA,NA,NA,26.9767,6.924,6.924,0,29.7442,29.7442,1.0853,434.7413,1935,1935,"0.15,0.2,0.3,0.35,0.45",0,1.4142,0.15,0.85,NA,NA,NA,NA,NA,NA,NA,NA,NA,NA,NA,NA,NA,NA,NA,NA,NA,NA,NA,NA,NA,NA,NA,NA
"Set_5dose_methods_prior","Set_5dose_methods_prior_SC4",4,"CRM","crm_fixed",NA,NA,"fixed",NA,0.6,0,0.0714,28,1,1,1,4,0.45,0.678,0.4166,NA,NA,NA,8.4238,2.862,2.862,0,29.7442,29.7442,1.0853,434.7413,1935,1935,"0.15,0.2,0.3,0.35,0.45",0,1.4142,0.15,0.85,NA,NA,NA,NA,NA,NA,NA,NA,NA,NA,NA,NA,NA,NA,NA,NA,NA,NA,NA,NA,NA,NA,NA,NA
"Set_5dose_methods_prior","Set_5dose_methods_prior_SC4",4,"CRM","crm_fixed",NA,NA,"fixed",NA,0.6,0,0.0714,28,1,1,1,5,0.55,0.82,0.5106,NA,NA,NA,0.9302,0.7194,0.7194,0,29.7442,29.7442,1.0853,434.7413,1935,1935,"0.15,0.2,0.3,0.35,0.45",0,1.4142,0.15,0.85,NA,NA,NA,NA,NA,NA,NA,NA,NA,NA,NA,NA,NA,NA,NA,NA,NA,NA,NA,NA,NA,NA,NA,NA
"Set_5dose_methods_prior","Set_5dose_methods_prior_SC4",4,"CRM","crm_level",NA,NA,"level",NA,0.6,0,0.0714,28,1,1,1,1,0.15,0.15,0.2151,NA,NA,NA,18.6047,9.0899,9.0899,0,29.738,29.738,1.137,434.6727,1935,1935,"0.15,0.2,0.3,0.35,0.45",0,1.4142,0.15,0.85,NA,NA,NA,NA,NA,NA,NA,NA,NA,NA,NA,NA,NA,NA,NA,NA,NA,NA,NA,NA,NA,NA,NA,NA
"Set_5dose_methods_prior","Set_5dose_methods_prior_SC4",4,"CRM","crm_level",NA,NA,"level",NA,0.6,0,0.0714,28,1,1,1,2,0.3,0.39,0.2681,0.0792,NA,NA,44.0827,10.186,10.186,0,29.738,29.738,1.137,434.6727,1935,1935,"0.15,0.2,0.3,0.35,0.45",0,1.4142,0.15,0.85,NA,NA,NA,NA,NA,NA,NA,NA,NA,NA,NA,NA,NA,NA,NA,NA,NA,NA,NA,NA,NA,NA,NA,NA
"Set_5dose_methods_prior","Set_5dose_methods_prior_SC4",4,"CRM","crm_level",NA,NA,"level",NA,0.6,0,0.0714,28,1,1,1,3,0.38,0.56,0.3682,0.0983,NA,NA,26.615,6.8651,6.8651,0,29.738,29.738,1.137,434.6727,1935,1935,"0.15,0.2,0.3,0.35,0.45",0,1.4142,0.15,0.85,NA,NA,NA,NA,NA,NA,NA,NA,NA,NA,NA,NA,NA,NA,NA,NA,NA,NA,NA,NA,NA,NA,NA,NA
"Set_5dose_methods_prior","Set_5dose_methods_prior_SC4",4,"CRM","crm_level",NA,NA,"level",NA,0.6,0,0.0714,28,1,1,1,4,0.45,0.678,0.4164,0.1228,NA,NA,8.4755,2.8605,2.8605,0,29.738,29.738,1.137,434.6727,1935,1935,"0.15,0.2,0.3,0.35,0.45",0,1.4142,0.15,0.85,NA,NA,NA,NA,NA,NA,NA,NA,NA,NA,NA,NA,NA,NA,NA,NA,NA,NA,NA,NA,NA,NA,NA,NA
"Set_5dose_methods_prior","Set_5dose_methods_prior_SC4",4,"CRM","crm_level",NA,NA,"level",NA,0.6,0,0.0714,28,1,1,1,5,0.55,0.82,0.5104,0.1432,NA,NA,1.0853,0.7364,0.7364,0,29.738,29.738,1.137,434.6727,1935,1935,"0.15,0.2,0.3,0.35,0.45",0,1.4142,0.15,0.85,NA,NA,NA,NA,NA,NA,NA,NA,NA,NA,NA,NA,NA,NA,NA,NA,NA,NA,NA,NA,NA,NA,NA,NA
"Set_5dose_methods_prior","Set_5dose_methods_prior_SC4",4,"CRM","crm_random",NA,NA,"random",NA,0.6,0,0.0714,28,1,1,1,1,0.15,0.15,0.215,0.0761,NA,NA,18.4496,9.0667,9.0667,0,29.7442,29.7442,1.0853,434.7413,1935,1935,"0.15,0.2,0.3,0.35,0.45",0,1.4142,0.15,0.85,NA,NA,NA,NA,NA,NA,NA,NA,NA,NA,NA,NA,NA,NA,NA,NA,NA,NA,NA,NA,NA,NA,NA,NA
"Set_5dose_methods_prior","Set_5dose_methods_prior_SC4",4,"CRM","crm_random",NA,NA,"random",NA,0.6,0,0.0714,28,1,1,1,2,0.3,0.39,0.268,NA,NA,NA,44.4961,10.2388,10.2388,0,29.7442,29.7442,1.0853,434.7413,1935,1935,"0.15,0.2,0.3,0.35,0.45",0,1.4142,0.15,0.85,NA,NA,NA,NA,NA,NA,NA,NA,NA,NA,NA,NA,NA,NA,NA,NA,NA,NA,NA,NA,NA,NA,NA,NA
"Set_5dose_methods_prior","Set_5dose_methods_prior_SC4",4,"CRM","crm_random",NA,NA,"random",NA,0.6,0,0.0714,28,1,1,1,3,0.38,0.56,0.3681,NA,NA,NA,26.5633,6.8465,6.8465,0,29.7442,29.7442,1.0853,434.7413,1935,1935,"0.15,0.2,0.3,0.35,0.45",0,1.4142,0.15,0.85,NA,NA,NA,NA,NA,NA,NA,NA,NA,NA,NA,NA,NA,NA,NA,NA,NA,NA,NA,NA,NA,NA,NA,NA
"Set_5dose_methods_prior","Set_5dose_methods_prior_SC4",4,"CRM","crm_random",NA,NA,"random",NA,0.6,0,0.0714,28,1,1,1,4,0.45,0.678,0.4164,NA,NA,NA,8.4755,2.8667,2.8667,0,29.7442,29.7442,1.0853,434.7413,1935,1935,"0.15,0.2,0.3,0.35,0.45",0,1.4142,0.15,0.85,NA,NA,NA,NA,NA,NA,NA,NA,NA,NA,NA,NA,NA,NA,NA,NA,NA,NA,NA,NA,NA,NA,NA,NA
"Set_5dose_methods_prior","Set_5dose_methods_prior_SC4",4,"CRM","crm_random",NA,NA,"random",NA,0.6,0,0.0714,28,1,1,1,5,0.55,0.82,0.5103,NA,NA,NA,0.9302,0.7256,0.7256,0,29.7442,29.7442,1.0853,434.7413,1935,1935,"0.15,0.2,0.3,0.35,0.45",0,1.4142,0.15,0.85,NA,NA,NA,NA,NA,NA,NA,NA,NA,NA,NA,NA,NA,NA,NA,NA,NA,NA,NA,NA,NA,NA,NA,NA
"Set_5dose_methods_prior","Set_5dose_methods_prior_SC4",4,"CRM","crm_alpha_crm",NA,NA,"alpha_crm",NA,0.6,0,0.0714,28,1,1,1,1,0.15,0.15,0.2149,NA,NA,NA,17.9845,9.0388,9.0388,0,29.7318,29.7318,1.2403,434.5964,1935,1935,"0.15,0.2,0.3,0.35,0.45",0,1.4142,0.15,0.85,NA,NA,NA,NA,NA,NA,NA,NA,NA,NA,NA,NA,NA,"15,20,30,35,45",61,NA,NA,NA,NA,NA,NA,NA,NA,NA
"Set_5dose_methods_prior","Set_5dose_methods_prior_SC4",4,"CRM","crm_alpha_crm",NA,NA,"alpha_crm",NA,0.6,0,0.0714,28,1,1,1,2,0.3,0.39,0.2678,NA,NA,NA,44.2894,10.2171,10.2171,0,29.7318,29.7318,1.2403,434.5964,1935,1935,"0.15,0.2,0.3,0.35,0.45",0,1.4142,0.15,0.85,NA,NA,NA,NA,NA,NA,NA,NA,NA,NA,NA,NA,NA,"15,20,30,35,45",61,NA,NA,NA,NA,NA,NA,NA,NA,NA
"Set_5dose_methods_prior","Set_5dose_methods_prior_SC4",4,"CRM","crm_alpha_crm",NA,NA,"alpha_crm",NA,0.6,0,0.0714,28,1,1,1,3,0.38,0.56,0.368,NA,NA,NA,26.8217,6.9023,6.9023,0,29.7318,29.7318,1.2403,434.5964,1935,1935,"0.15,0.2,0.3,0.35,0.45",0,1.4142,0.15,0.85,NA,NA,NA,NA,NA,NA,NA,NA,NA,NA,NA,NA,NA,"15,20,30,35,45",61,NA,NA,NA,NA,NA,NA,NA,NA,NA
"Set_5dose_methods_prior","Set_5dose_methods_prior_SC4",4,"CRM","crm_alpha_crm",NA,NA,"alpha_crm",NA,0.6,0,0.0714,28,1,1,1,4,0.45,0.678,0.4159,NA,NA,NA,8.6305,2.8434,2.8434,0,29.7318,29.7318,1.2403,434.5964,1935,1935,"0.15,0.2,0.3,0.35,0.45",0,1.4142,0.15,0.85,NA,NA,NA,NA,NA,NA,NA,NA,NA,NA,NA,NA,NA,"15,20,30,35,45",61,NA,NA,NA,NA,NA,NA,NA,NA,NA
"Set_5dose_methods_prior","Set_5dose_methods_prior_SC4",4,"CRM","crm_alpha_crm",NA,NA,"alpha_crm",NA,0.6,0,0.0714,28,1,1,1,5,0.55,0.82,0.5102,NA,NA,NA,1.0336,0.7302,0.7302,0,29.7318,29.7318,1.2403,434.5964,1935,1935,"0.15,0.2,0.3,0.35,0.45",0,1.4142,0.15,0.85,NA,NA,NA,NA,NA,NA,NA,NA,NA,NA,NA,NA,NA,"15,20,30,35,45",61,NA,NA,NA,NA,NA,NA,NA,NA,NA
"Set_5dose_methods_prior","Set_5dose_methods_prior_SC4",4,"CRM","crm_cumu_crm",NA,NA,"cumu_crm",NA,0.6,0,0.0714,28,1,1,1,1,0.15,0.15,0.1913,NA,NA,NA,13.7468,6.5395,6.5395,0,29.8946,29.8946,0.4651,436.5667,1935,1935,"0.15,0.2,0.3,0.35,0.45",0,1.4142,0.15,0.85,NA,NA,NA,NA,NA,NA,NA,NA,NA,NA,NA,NA,NA,NA,NA,"15,20,30,35,45","0.62828086,0.83770782,1.25656172,1.46598868,1.88484259",-2.8,2,1,2.5,1.6,1,0
"Set_5dose_methods_prior","Set_5dose_methods_prior_SC4",4,"CRM","crm_cumu_crm",NA,NA,"cumu_crm",NA,0.6,0,0.0714,28,1,1,1,2,0.3,0.39,0.2561,NA,NA,NA,48.1137,12.1194,12.1194,0,29.8946,29.8946,0.4651,436.5667,1935,1935,"0.15,0.2,0.3,0.35,0.45",0,1.4142,0.15,0.85,NA,NA,NA,NA,NA,NA,NA,NA,NA,NA,NA,NA,NA,NA,NA,"15,20,30,35,45","0.62828086,0.83770782,1.25656172,1.46598868,1.88484259",-2.8,2,1,2.5,1.6,1,0
"Set_5dose_methods_prior","Set_5dose_methods_prior_SC4",4,"CRM","crm_cumu_crm",NA,NA,"cumu_crm",NA,0.6,0,0.0714,28,1,1,1,3,0.38,0.56,0.4166,NA,NA,NA,27.8553,7.3333,7.3333,0,29.8946,29.8946,0.4651,436.5667,1935,1935,"0.15,0.2,0.3,0.35,0.45",0,1.4142,0.15,0.85,NA,NA,NA,NA,NA,NA,NA,NA,NA,NA,NA,NA,NA,NA,NA,"15,20,30,35,45","0.62828086,0.83770782,1.25656172,1.46598868,1.88484259",-2.8,2,1,2.5,1.6,1,0
"Set_5dose_methods_prior","Set_5dose_methods_prior_SC4",4,"CRM","crm_cumu_crm",NA,NA,"cumu_crm",NA,0.6,0,0.0714,28,1,1,1,4,0.45,0.678,0.4999,NA,NA,NA,8.7855,3.1643,3.1643,0,29.8946,29.8946,0.4651,436.5667,1935,1935,"0.15,0.2,0.3,0.35,0.45",0,1.4142,0.15,0.85,NA,NA,NA,NA,NA,NA,NA,NA,NA,NA,NA,NA,NA,NA,NA,"15,20,30,35,45","0.62828086,0.83770782,1.25656172,1.46598868,1.88484259",-2.8,2,1,2.5,1.6,1,0
"Set_5dose_methods_prior","Set_5dose_methods_prior_SC4",4,"CRM","crm_cumu_crm",NA,NA,"cumu_crm",NA,0.6,0,0.0714,28,1,1,1,5,0.55,0.82,0.6471,NA,NA,NA,1.0336,0.738,0.738,0,29.8946,29.8946,0.4651,436.5667,1935,1935,"0.15,0.2,0.3,0.35,0.45",0,1.4142,0.15,0.85,NA,NA,NA,NA,NA,NA,NA,NA,NA,NA,NA,NA,NA,NA,NA,"15,20,30,35,45","0.62828086,0.83770782,1.25656172,1.46598868,1.88484259",-2.8,2,1,2.5,1.6,1,0
"Set_5dose_methods_prior","Set_5dose_methods_prior_SC4",4,"CRM","crm_fixed",NA,NA,"fixed",NA,0.6,0,0.0714,28,2,1,1,1,0.15,0.15,0.2364,0,NA,NA,29.7674,10.845,10.845,0,29.7442,21.7814,1.137,354.34,1935,1935,"0.15,0.2,0.3,0.35,0.45",0,1.4142,0.15,0.85,NA,NA,NA,NA,NA,NA,NA,NA,NA,NA,NA,NA,NA,NA,NA,NA,NA,NA,NA,NA,NA,NA,NA,NA
"Set_5dose_methods_prior","Set_5dose_methods_prior_SC4",4,"CRM","crm_fixed",NA,NA,"fixed",NA,0.6,0,0.0714,28,2,1,1,2,0.3,0.39,0.2912,NA,NA,NA,47.1318,11.076,11.076,5.9685,29.7442,21.7814,1.137,354.34,1935,1935,"0.15,0.2,0.3,0.35,0.45",0,1.4142,0.15,0.85,NA,NA,NA,NA,NA,NA,NA,NA,NA,NA,NA,NA,NA,NA,NA,NA,NA,NA,NA,NA,NA,NA,NA,NA
"Set_5dose_methods_prior","Set_5dose_methods_prior_SC4",4,"CRM","crm_fixed",NA,NA,"fixed",NA,0.6,0,0.0714,28,2,1,1,3,0.38,0.56,0.3929,NA,NA,NA,19.6899,5.9984,5.9984,0.9054,29.7442,21.7814,1.137,354.34,1935,1935,"0.15,0.2,0.3,0.35,0.45",0,1.4142,0.15,0.85,NA,NA,NA,NA,NA,NA,NA,NA,NA,NA,NA,NA,NA,NA,NA,NA,NA,NA,NA,NA,NA,NA,NA,NA
"Set_5dose_methods_prior","Set_5dose_methods_prior_SC4",4,"CRM","crm_fixed",NA,NA,"fixed",NA,0.6,0,0.0714,28,2,1,1,4,0.45,0.678,0.4411,NA,NA,NA,2.1189,1.6124,1.6124,1.0527,29.7442,21.7814,1.137,354.34,1935,1935,"0.15,0.2,0.3,0.35,0.45",0,1.4142,0.15,0.85,NA,NA,NA,NA,NA,NA,NA,NA,NA,NA,NA,NA,NA,NA,NA,NA,NA,NA,NA,NA,NA,NA,NA,NA
"Set_5dose_methods_prior","Set_5dose_methods_prior_SC4",4,"CRM","crm_fixed",NA,NA,"fixed",NA,0.6,0,0.0714,28,2,1,1,5,0.55,0.82,0.5339,NA,NA,NA,0.155,0.2124,0.2124,0.0362,29.7442,21.7814,1.137,354.34,1935,1935,"0.15,0.2,0.3,0.35,0.45",0,1.4142,0.15,0.85,NA,NA,NA,NA,NA,NA,NA,NA,NA,NA,NA,NA,NA,NA,NA,NA,NA,NA,NA,NA,NA,NA,NA,NA
"Set_5dose_methods_prior","Set_5dose_methods_prior_SC4",4,"CRM","crm_level",NA,NA,"level",NA,0.6,0,0.0714,28,2,1,1,1,0.15,0.15,0.2269,NA,NA,NA,26.7183,9.2899,9.2899,0,29.7318,21.6879,1.137,354.4,1935,1935,"0.15,0.2,0.3,0.35,0.45",0,1.4142,0.15,0.85,NA,NA,NA,NA,NA,NA,NA,NA,NA,NA,NA,NA,NA,NA,NA,NA,NA,NA,NA,NA,NA,NA,NA,NA
"Set_5dose_methods_prior","Set_5dose_methods_prior_SC4",4,"CRM","crm_level",NA,NA,"level",NA,0.6,0,0.0714,28,2,1,1,2,0.3,0.39,0.2806,0.0708,NA,NA,46.615,10.9101,10.9101,5.4646,29.7318,21.6879,1.137,354.4,1935,1935,"0.15,0.2,0.3,0.35,0.45",0,1.4142,0.15,0.85,NA,NA,NA,NA,NA,NA,NA,NA,NA,NA,NA,NA,NA,NA,NA,NA,NA,NA,NA,NA,NA,NA,NA,NA
"Set_5dose_methods_prior","Set_5dose_methods_prior_SC4",4,"CRM","crm_level",NA,NA,"level",NA,0.6,0,0.0714,28,2,1,1,3,0.38,0.56,0.381,0.1055,NA,NA,22.0155,6.5504,6.5504,1.1933,29.7318,21.6879,1.137,354.4,1935,1935,"0.15,0.2,0.3,0.35,0.45",0,1.4142,0.15,0.85,NA,NA,NA,NA,NA,NA,NA,NA,NA,NA,NA,NA,NA,NA,NA,NA,NA,NA,NA,NA,NA,NA,NA,NA
"Set_5dose_methods_prior","Set_5dose_methods_prior_SC4",4,"CRM","crm_level",NA,NA,"level",NA,0.6,0,0.0714,28,2,1,1,4,0.45,0.678,0.429,0.1512,NA,NA,3.1008,2.4264,2.4264,1.2879,29.7318,21.6879,1.137,354.4,1935,1935,"0.15,0.2,0.3,0.35,0.45",0,1.4142,0.15,0.85,NA,NA,NA,NA,NA,NA,NA,NA,NA,NA,NA,NA,NA,NA,NA,NA,NA,NA,NA,NA,NA,NA,NA,NA
"Set_5dose_methods_prior","Set_5dose_methods_prior_SC4",4,"CRM","crm_level",NA,NA,"level",NA,0.6,0,0.0714,28,2,1,1,5,0.55,0.82,0.522,0.1448,NA,NA,0.4134,0.555,0.555,0.0982,29.7318,21.6879,1.137,354.4,1935,1935,"0.15,0.2,0.3,0.35,0.45",0,1.4142,0.15,0.85,NA,NA,NA,NA,NA,NA,NA,NA,NA,NA,NA,NA,NA,NA,NA,NA,NA,NA,NA,NA,NA,NA,NA,NA
"Set_5dose_methods_prior","Set_5dose_methods_prior_SC4",4,"CRM","crm_random",NA,NA,"random",NA,0.6,0,0.0714,28,2,1,1,1,0.15,0.15,0.2271,0.0869,NA,NA,27.2351,9.214,9.214,0,29.7318,21.7034,1.1886,354.5054,1935,1935,"0.15,0.2,0.3,0.35,0.45",0,1.4142,0.15,0.85,NA,NA,NA,NA,NA,NA,NA,NA,NA,NA,NA,NA,NA,NA,NA,NA,NA,NA,NA,NA,NA,NA,NA,NA
"Set_5dose_methods_prior","Set_5dose_methods_prior_SC4",4,"CRM","crm_random",NA,NA,"random",NA,0.6,0,0.0714,28,2,1,1,2,0.3,0.39,0.2807,NA,NA,NA,46.7183,10.9039,10.9039,5.4651,29.7318,21.7034,1.1886,354.5054,1935,1935,"0.15,0.2,0.3,0.35,0.45",0,1.4142,0.15,0.85,NA,NA,NA,NA,NA,NA,NA,NA,NA,NA,NA,NA,NA,NA,NA,NA,NA,NA,NA,NA,NA,NA,NA,NA
"Set_5dose_methods_prior","Set_5dose_methods_prior_SC4",4,"CRM","crm_random",NA,NA,"random",NA,0.6,0,0.0714,28,2,1,1,3,0.38,0.56,0.3809,NA,NA,NA,20.9302,6.6124,6.6124,1.186,29.7318,21.7034,1.1886,354.5054,1935,1935,"0.15,0.2,0.3,0.35,0.45",0,1.4142,0.15,0.85,NA,NA,NA,NA,NA,NA,NA,NA,NA,NA,NA,NA,NA,NA,NA,NA,NA,NA,NA,NA,NA,NA,NA,NA
"Set_5dose_methods_prior","Set_5dose_methods_prior_SC4",4,"CRM","crm_random",NA,NA,"random",NA,0.6,0,0.0714,28,2,1,1,4,0.45,0.678,0.4287,NA,NA,NA,3.4109,2.3442,2.3442,1.2579,29.7318,21.7034,1.1886,354.5054,1935,1935,"0.15,0.2,0.3,0.35,0.45",0,1.4142,0.15,0.85,NA,NA,NA,NA,NA,NA,NA,NA,NA,NA,NA,NA,NA,NA,NA,NA,NA,NA,NA,NA,NA,NA,NA,NA
"Set_5dose_methods_prior","Set_5dose_methods_prior_SC4",4,"CRM","crm_random",NA,NA,"random",NA,0.6,0,0.0714,28,2,1,1,5,0.55,0.82,0.5216,NA,NA,NA,0.5168,0.6574,0.6574,0.1194,29.7318,21.7034,1.1886,354.5054,1935,1935,"0.15,0.2,0.3,0.35,0.45",0,1.4142,0.15,0.85,NA,NA,NA,NA,NA,NA,NA,NA,NA,NA,NA,NA,NA,NA,NA,NA,NA,NA,NA,NA,NA,NA,NA,NA
"Set_5dose_methods_prior","Set_5dose_methods_prior_SC4",4,"CRM","crm_alpha_crm",NA,NA,"alpha_crm",NA,0.6,0,0.0714,28,2,1,1,1,0.15,0.15,0.2229,NA,NA,NA,24.5478,9.3752,9.3752,0,29.738,21.7225,1.2403,354.0086,1935,1935,"0.15,0.2,0.3,0.35,0.45",0,1.4142,0.15,0.85,NA,NA,NA,NA,NA,NA,NA,NA,NA,NA,NA,NA,NA,"15,20,30,35,45",61,NA,NA,NA,NA,NA,NA,NA,NA,NA
"Set_5dose_methods_prior","Set_5dose_methods_prior_SC4",4,"CRM","crm_alpha_crm",NA,NA,"alpha_crm",NA,0.6,0,0.0714,28,2,1,1,2,0.3,0.39,0.2765,NA,NA,NA,44.3928,10.9953,10.9953,5.4584,29.738,21.7225,1.2403,354.0086,1935,1935,"0.15,0.2,0.3,0.35,0.45",0,1.4142,0.15,0.85,NA,NA,NA,NA,NA,NA,NA,NA,NA,NA,NA,NA,NA,"15,20,30,35,45",61,NA,NA,NA,NA,NA,NA,NA,NA,NA
"Set_5dose_methods_prior","Set_5dose_methods_prior_SC4",4,"CRM","crm_alpha_crm",NA,NA,"alpha_crm",NA,0.6,0,0.0714,28,2,1,1,3,0.38,0.56,0.3771,NA,NA,NA,25.168,6.3612,6.3612,1.2956,29.738,21.7225,1.2403,354.0086,1935,1935,"0.15,0.2,0.3,0.35,0.45",0,1.4142,0.15,0.85,NA,NA,NA,NA,NA,NA,NA,NA,NA,NA,NA,NA,NA,"15,20,30,35,45",61,NA,NA,NA,NA,NA,NA,NA,NA,NA
"Set_5dose_methods_prior","Set_5dose_methods_prior_SC4",4,"CRM","crm_alpha_crm",NA,NA,"alpha_crm",NA,0.6,0,0.0714,28,2,1,1,4,0.45,0.678,0.4252,NA,NA,NA,4.3928,2.4512,2.4512,1.1276,29.738,21.7225,1.2403,354.0086,1935,1935,"0.15,0.2,0.3,0.35,0.45",0,1.4142,0.15,0.85,NA,NA,NA,NA,NA,NA,NA,NA,NA,NA,NA,NA,NA,"15,20,30,35,45",61,NA,NA,NA,NA,NA,NA,NA,NA,NA
"Set_5dose_methods_prior","Set_5dose_methods_prior_SC4",4,"CRM","crm_alpha_crm",NA,NA,"alpha_crm",NA,0.6,0,0.0714,28,2,1,1,5,0.55,0.82,0.5187,NA,NA,NA,0.2584,0.555,0.555,0.1339,29.738,21.7225,1.2403,354.0086,1935,1935,"0.15,0.2,0.3,0.35,0.45",0,1.4142,0.15,0.85,NA,NA,NA,NA,NA,NA,NA,NA,NA,NA,NA,NA,NA,"15,20,30,35,45",61,NA,NA,NA,NA,NA,NA,NA,NA,NA
"Set_5dose_methods_prior","Set_5dose_methods_prior_SC4",4,"CRM","crm_cumu_crm",NA,NA,"cumu_crm",NA,0.6,0,0.0714,28,2,1,1,1,0.15,0.15,0.1864,NA,NA,NA,15.814,6.0791,6.0791,0,29.8682,22.6346,0.6202,359.2199,1935,1935,"0.15,0.2,0.3,0.35,0.45",0,1.4142,0.15,0.85,NA,NA,NA,NA,NA,NA,NA,NA,NA,NA,NA,NA,NA,NA,NA,"15,20,30,35,45","0.62828086,0.83770782,1.25656172,1.46598868,1.88484259",-2.8,2,1,2.5,1.6,1,0
"Set_5dose_methods_prior","Set_5dose_methods_prior_SC4",4,"CRM","crm_cumu_crm",NA,NA,"cumu_crm",NA,0.6,0,0.0714,28,2,1,1,2,0.3,0.39,0.2489,NA,NA,NA,46.8734,12.5132,12.5132,4.0248,29.8682,22.6346,0.6202,359.2199,1935,1935,"0.15,0.2,0.3,0.35,0.45",0,1.4142,0.15,0.85,NA,NA,NA,NA,NA,NA,NA,NA,NA,NA,NA,NA,NA,NA,NA,"15,20,30,35,45","0.62828086,0.83770782,1.25656172,1.46598868,1.88484259",-2.8,2,1,2.5,1.6,1,0
"Set_5dose_methods_prior","Set_5dose_methods_prior_SC4",4,"CRM","crm_cumu_crm",NA,NA,"cumu_crm",NA,0.6,0,0.0714,28,2,1,1,3,0.38,0.56,0.4047,NA,NA,NA,27.4419,7.014,7.014,1.7297,29.8682,22.6346,0.6202,359.2199,1935,1935,"0.15,0.2,0.3,0.35,0.45",0,1.4142,0.15,0.85,NA,NA,NA,NA,NA,NA,NA,NA,NA,NA,NA,NA,NA,NA,NA,"15,20,30,35,45","0.62828086,0.83770782,1.25656172,1.46598868,1.88484259",-2.8,2,1,2.5,1.6,1,0
"Set_5dose_methods_prior","Set_5dose_methods_prior_SC4",4,"CRM","crm_cumu_crm",NA,NA,"cumu_crm",NA,0.6,0,0.0714,28,2,1,1,4,0.45,0.678,0.4862,NA,NA,NA,8.062,3.2341,3.2341,1.2217,29.8682,22.6346,0.6202,359.2199,1935,1935,"0.15,0.2,0.3,0.35,0.45",0,1.4142,0.15,0.85,NA,NA,NA,NA,NA,NA,NA,NA,NA,NA,NA,NA,NA,NA,NA,"15,20,30,35,45","0.62828086,0.83770782,1.25656172,1.46598868,1.88484259",-2.8,2,1,2.5,1.6,1,0
"Set_5dose_methods_prior","Set_5dose_methods_prior_SC4",4,"CRM","crm_cumu_crm",NA,NA,"cumu_crm",NA,0.6,0,0.0714,28,2,1,1,5,0.55,0.82,0.6317,NA,NA,NA,1.1886,1.0279,1.0279,0.2574,29.8682,22.6346,0.6202,359.2199,1935,1935,"0.15,0.2,0.3,0.35,0.45",0,1.4142,0.15,0.85,NA,NA,NA,NA,NA,NA,NA,NA,NA,NA,NA,NA,NA,NA,NA,"15,20,30,35,45","0.62828086,0.83770782,1.25656172,1.46598868,1.88484259",-2.8,2,1,2.5,1.6,1,0
"Set_5dose_methods_prior","Set_5dose_methods_prior_SC4",4,"CRM","crm_fixed",NA,NA,"fixed",NA,0.6,0,0.0714,28,3,1,1,1,0.15,0.15,0.2411,0,NA,NA,32.9716,11.2868,11.2868,0,29.7271,20.4915,1.292,344.6914,1935,1935,"0.15,0.2,0.3,0.35,0.45",0,1.4142,0.15,0.85,NA,NA,NA,NA,NA,NA,NA,NA,NA,NA,NA,NA,NA,NA,NA,NA,NA,NA,NA,NA,NA,NA,NA,NA
"Set_5dose_methods_prior","Set_5dose_methods_prior_SC4",4,"CRM","crm_fixed",NA,NA,"fixed",NA,0.6,0,0.0714,28,3,1,1,2,0.3,0.39,0.2962,NA,NA,NA,47.9587,11.5581,11.5581,6.1307,29.7271,20.4915,1.292,344.6914,1935,1935,"0.15,0.2,0.3,0.35,0.45",0,1.4142,0.15,0.85,NA,NA,NA,NA,NA,NA,NA,NA,NA,NA,NA,NA,NA,NA,NA,NA,NA,NA,NA,NA,NA,NA,NA,NA
"Set_5dose_methods_prior","Set_5dose_methods_prior_SC4",4,"CRM","crm_fixed",NA,NA,"fixed",NA,0.6,0,0.0714,28,3,1,1,3,0.38,0.56,0.3981,NA,NA,NA,15.7623,5.4155,5.4155,2.539,29.7271,20.4915,1.292,344.6914,1935,1935,"0.15,0.2,0.3,0.35,0.45",0,1.4142,0.15,0.85,NA,NA,NA,NA,NA,NA,NA,NA,NA,NA,NA,NA,NA,NA,NA,NA,NA,NA,NA,NA,NA,NA,NA,NA
"Set_5dose_methods_prior","Set_5dose_methods_prior_SC4",4,"CRM","crm_fixed",NA,NA,"fixed",NA,0.6,0,0.0714,28,3,1,1,4,0.45,0.678,0.4463,NA,NA,NA,1.9638,1.2434,1.2434,0.4475,29.7271,20.4915,1.292,344.6914,1935,1935,"0.15,0.2,0.3,0.35,0.45",0,1.4142,0.15,0.85,NA,NA,NA,NA,NA,NA,NA,NA,NA,NA,NA,NA,NA,NA,NA,NA,NA,NA,NA,NA,NA,NA,NA,NA
"Set_5dose_methods_prior","Set_5dose_methods_prior_SC4",4,"CRM","crm_fixed",NA,NA,"fixed",NA,0.6,0,0.0714,28,3,1,1,5,0.55,0.82,0.5389,NA,NA,NA,0.0517,0.2233,0.2233,0.1183,29.7271,20.4915,1.292,344.6914,1935,1935,"0.15,0.2,0.3,0.35,0.45",0,1.4142,0.15,0.85,NA,NA,NA,NA,NA,NA,NA,NA,NA,NA,NA,NA,NA,NA,NA,NA,NA,NA,NA,NA,NA,NA,NA,NA
"Set_5dose_methods_prior","Set_5dose_methods_prior_SC4",4,"CRM","crm_level",NA,NA,"level",NA,0.6,0,0.0714,28,3,1,1,1,0.15,0.15,0.2282,NA,NA,NA,27.4419,9.462,9.462,0,29.7271,20.1866,1.2403,343.0156,1935,1935,"0.15,0.2,0.3,0.35,0.45",0,1.4142,0.15,0.85,NA,NA,NA,NA,NA,NA,NA,NA,NA,NA,NA,NA,NA,NA,NA,NA,NA,NA,NA,NA,NA,NA,NA,NA
"Set_5dose_methods_prior","Set_5dose_methods_prior_SC4",4,"CRM","crm_level",NA,NA,"level",NA,0.6,0,0.0714,28,3,1,1,2,0.3,0.39,0.2819,0.0759,NA,NA,48.6305,11.0357,11.0357,5.5995,29.7271,20.1866,1.2403,343.0156,1935,1935,"0.15,0.2,0.3,0.35,0.45",0,1.4142,0.15,0.85,NA,NA,NA,NA,NA,NA,NA,NA,NA,NA,NA,NA,NA,NA,NA,NA,NA,NA,NA,NA,NA,NA,NA,NA
"Set_5dose_methods_prior","Set_5dose_methods_prior_SC4",4,"CRM","crm_level",NA,NA,"level",NA,0.6,0,0.0714,28,3,1,1,3,0.38,0.56,0.3824,0.1185,NA,NA,18.6047,6.4031,6.4031,2.9556,29.7271,20.1866,1.2403,343.0156,1935,1935,"0.15,0.2,0.3,0.35,0.45",0,1.4142,0.15,0.85,NA,NA,NA,NA,NA,NA,NA,NA,NA,NA,NA,NA,NA,NA,NA,NA,NA,NA,NA,NA,NA,NA,NA,NA
"Set_5dose_methods_prior","Set_5dose_methods_prior_SC4",4,"CRM","crm_level",NA,NA,"level",NA,0.6,0,0.0714,28,3,1,1,4,0.45,0.678,0.4303,0.1331,NA,NA,3.9276,2.3132,2.3132,0.709,29.7271,20.1866,1.2403,343.0156,1935,1935,"0.15,0.2,0.3,0.35,0.45",0,1.4142,0.15,0.85,NA,NA,NA,NA,NA,NA,NA,NA,NA,NA,NA,NA,NA,NA,NA,NA,NA,NA,NA,NA,NA,NA,NA,NA
"Set_5dose_methods_prior","Set_5dose_methods_prior_SC4",4,"CRM","crm_level",NA,NA,"level",NA,0.6,0,0.0714,28,3,1,1,5,0.55,0.82,0.5232,0.1494,NA,NA,0.155,0.5132,0.5132,0.2765,29.7271,20.1866,1.2403,343.0156,1935,1935,"0.15,0.2,0.3,0.35,0.45",0,1.4142,0.15,0.85,NA,NA,NA,NA,NA,NA,NA,NA,NA,NA,NA,NA,NA,NA,NA,NA,NA,NA,NA,NA,NA,NA,NA,NA
"Set_5dose_methods_prior","Set_5dose_methods_prior_SC4",4,"CRM","crm_random",NA,NA,"random",NA,0.6,0,0.0714,28,3,1,1,1,0.15,0.15,0.2311,0.0908,NA,NA,29.199,9.5597,9.5597,0,29.7473,20.2553,1.137,343.4096,1935,1935,"0.15,0.2,0.3,0.35,0.45",0,1.4142,0.15,0.85,NA,NA,NA,NA,NA,NA,NA,NA,NA,NA,NA,NA,NA,NA,NA,NA,NA,NA,NA,NA,NA,NA,NA,NA
"Set_5dose_methods_prior","Set_5dose_methods_prior_SC4",4,"CRM","crm_random",NA,NA,"random",NA,0.6,0,0.0714,28,3,1,1,2,0.3,0.39,0.2847,NA,NA,NA,48.4238,11.0264,11.0264,5.5432,29.7473,20.2553,1.137,343.4096,1935,1935,"0.15,0.2,0.3,0.35,0.45",0,1.4142,0.15,0.85,NA,NA,NA,NA,NA,NA,NA,NA,NA,NA,NA,NA,NA,NA,NA,NA,NA,NA,NA,NA,NA,NA,NA,NA
"Set_5dose_methods_prior","Set_5dose_methods_prior_SC4",4,"CRM","crm_random",NA,NA,"random",NA,0.6,0,0.0714,28,3,1,1,3,0.38,0.56,0.3849,NA,NA,NA,17.6227,6.2806,6.2806,2.9261,29.7473,20.2553,1.137,343.4096,1935,1935,"0.15,0.2,0.3,0.35,0.45",0,1.4142,0.15,0.85,NA,NA,NA,NA,NA,NA,NA,NA,NA,NA,NA,NA,NA,NA,NA,NA,NA,NA,NA,NA,NA,NA,NA,NA
"Set_5dose_methods_prior","Set_5dose_methods_prior_SC4",4,"CRM","crm_random",NA,NA,"random",NA,0.6,0,0.0714,28,3,1,1,4,0.45,0.678,0.4327,NA,NA,NA,3.3592,2.2388,2.2388,0.7261,29.7473,20.2553,1.137,343.4096,1935,1935,"0.15,0.2,0.3,0.35,0.45",0,1.4142,0.15,0.85,NA,NA,NA,NA,NA,NA,NA,NA,NA,NA,NA,NA,NA,NA,NA,NA,NA,NA,NA,NA,NA,NA,NA,NA
"Set_5dose_methods_prior","Set_5dose_methods_prior_SC4",4,"CRM","crm_random",NA,NA,"random",NA,0.6,0,0.0714,28,3,1,1,5,0.55,0.82,0.5252,NA,NA,NA,0.2584,0.6419,0.6419,0.2966,29.7473,20.2553,1.137,343.4096,1935,1935,"0.15,0.2,0.3,0.35,0.45",0,1.4142,0.15,0.85,NA,NA,NA,NA,NA,NA,NA,NA,NA,NA,NA,NA,NA,NA,NA,NA,NA,NA,NA,NA,NA,NA,NA,NA
"Set_5dose_methods_prior","Set_5dose_methods_prior_SC4",4,"CRM","crm_alpha_crm",NA,NA,"alpha_crm",NA,0.6,0,0.0714,28,3,1,1,1,0.15,0.15,0.2211,NA,NA,NA,23.7209,9.3163,9.3163,0,29.738,20.4098,1.2403,344.2476,1935,1935,"0.15,0.2,0.3,0.35,0.45",0,1.4142,0.15,0.85,NA,NA,NA,NA,NA,NA,NA,NA,NA,NA,NA,NA,NA,"15,20,30,35,45",61,NA,NA,NA,NA,NA,NA,NA,NA,NA
"Set_5dose_methods_prior","Set_5dose_methods_prior_SC4",4,"CRM","crm_alpha_crm",NA,NA,"alpha_crm",NA,0.6,0,0.0714,28,3,1,1,2,0.3,0.39,0.2744,NA,NA,NA,46.5116,10.6062,10.6062,5.445,29.738,20.4098,1.2403,344.2476,1935,1935,"0.15,0.2,0.3,0.35,0.45",0,1.4142,0.15,0.85,NA,NA,NA,NA,NA,NA,NA,NA,NA,NA,NA,NA,NA,"15,20,30,35,45",61,NA,NA,NA,NA,NA,NA,NA,NA,NA
"Set_5dose_methods_prior","Set_5dose_methods_prior_SC4",4,"CRM","crm_alpha_crm",NA,NA,"alpha_crm",NA,0.6,0,0.0714,28,3,1,1,3,0.38,0.56,0.3746,NA,NA,NA,21.8088,6.3132,6.3132,2.8243,29.738,20.4098,1.2403,344.2476,1935,1935,"0.15,0.2,0.3,0.35,0.45",0,1.4142,0.15,0.85,NA,NA,NA,NA,NA,NA,NA,NA,NA,NA,NA,NA,NA,"15,20,30,35,45",61,NA,NA,NA,NA,NA,NA,NA,NA,NA
"Set_5dose_methods_prior","Set_5dose_methods_prior_SC4",4,"CRM","crm_alpha_crm",NA,NA,"alpha_crm",NA,0.6,0,0.0714,28,3,1,1,4,0.45,0.678,0.4227,NA,NA,NA,6.0982,2.7457,2.7457,0.7385,29.738,20.4098,1.2403,344.2476,1935,1935,"0.15,0.2,0.3,0.35,0.45",0,1.4142,0.15,0.85,NA,NA,NA,NA,NA,NA,NA,NA,NA,NA,NA,NA,NA,"15,20,30,35,45",61,NA,NA,NA,NA,NA,NA,NA,NA,NA
"Set_5dose_methods_prior","Set_5dose_methods_prior_SC4",4,"CRM","crm_alpha_crm",NA,NA,"alpha_crm",NA,0.6,0,0.0714,28,3,1,1,5,0.55,0.82,0.5162,NA,NA,NA,0.6202,0.7566,0.7566,0.3204,29.738,20.4098,1.2403,344.2476,1935,1935,"0.15,0.2,0.3,0.35,0.45",0,1.4142,0.15,0.85,NA,NA,NA,NA,NA,NA,NA,NA,NA,NA,NA,NA,NA,"15,20,30,35,45",61,NA,NA,NA,NA,NA,NA,NA,NA,NA
"Set_5dose_methods_prior","Set_5dose_methods_prior_SC4",4,"CRM","crm_cumu_crm",NA,NA,"cumu_crm",NA,0.6,0,0.0714,28,3,1,1,1,0.15,0.15,0.1844,NA,NA,NA,15.2455,6.0388,6.0388,0,29.8682,21.3302,0.6202,347.3772,1935,1935,"0.15,0.2,0.3,0.35,0.45",0,1.4142,0.15,0.85,NA,NA,NA,NA,NA,NA,NA,NA,NA,NA,NA,NA,NA,NA,NA,"15,20,30,35,45","0.62828086,0.83770782,1.25656172,1.46598868,1.88484259",-2.8,2,1,2.5,1.6,1,0
"Set_5dose_methods_prior","Set_5dose_methods_prior_SC4",4,"CRM","crm_cumu_crm",NA,NA,"cumu_crm",NA,0.6,0,0.0714,28,3,1,1,2,0.3,0.39,0.2454,NA,NA,NA,47.7003,11.4248,11.4248,4.016,29.8682,21.3302,0.6202,347.3772,1935,1935,"0.15,0.2,0.3,0.35,0.45",0,1.4142,0.15,0.85,NA,NA,NA,NA,NA,NA,NA,NA,NA,NA,NA,NA,NA,NA,NA,"15,20,30,35,45","0.62828086,0.83770782,1.25656172,1.46598868,1.88484259",-2.8,2,1,2.5,1.6,1,0
"Set_5dose_methods_prior","Set_5dose_methods_prior_SC4",4,"CRM","crm_cumu_crm",NA,NA,"cumu_crm",NA,0.6,0,0.0714,28,3,1,1,3,0.38,0.56,0.3978,NA,NA,NA,26.4599,7.6279,7.6279,3.0258,29.8682,21.3302,0.6202,347.3772,1935,1935,"0.15,0.2,0.3,0.35,0.45",0,1.4142,0.15,0.85,NA,NA,NA,NA,NA,NA,NA,NA,NA,NA,NA,NA,NA,NA,NA,"15,20,30,35,45","0.62828086,0.83770782,1.25656172,1.46598868,1.88484259",-2.8,2,1,2.5,1.6,1,0
"Set_5dose_methods_prior","Set_5dose_methods_prior_SC4",4,"CRM","crm_cumu_crm",NA,NA,"cumu_crm",NA,0.6,0,0.0714,28,3,1,1,4,0.45,0.678,0.4783,NA,NA,NA,8.8372,3.6264,3.6264,1.0098,29.8682,21.3302,0.6202,347.3772,1935,1935,"0.15,0.2,0.3,0.35,0.45",0,1.4142,0.15,0.85,NA,NA,NA,NA,NA,NA,NA,NA,NA,NA,NA,NA,NA,NA,NA,"15,20,30,35,45","0.62828086,0.83770782,1.25656172,1.46598868,1.88484259",-2.8,2,1,2.5,1.6,1,0
"Set_5dose_methods_prior","Set_5dose_methods_prior_SC4",4,"CRM","crm_cumu_crm",NA,NA,"cumu_crm",NA,0.6,0,0.0714,28,3,1,1,5,0.55,0.82,0.6235,NA,NA,NA,1.137,1.1504,1.1504,0.4863,29.8682,21.3302,0.6202,347.3772,1935,1935,"0.15,0.2,0.3,0.35,0.45",0,1.4142,0.15,0.85,NA,NA,NA,NA,NA,NA,NA,NA,NA,NA,NA,NA,NA,NA,NA,"15,20,30,35,45","0.62828086,0.83770782,1.25656172,1.46598868,1.88484259",-2.8,2,1,2.5,1.6,1,0
"Set_5dose_methods_prior","Set_5dose_methods_prior_SC4",4,"CRM","crm_fixed",NA,NA,"fixed",NA,0.9,0,0.0714,28,1,1,1,1,0.15,0.15,0.2152,0,NA,NA,18.9147,9.076,9.076,0,29.7442,29.7442,1.0853,434.7413,1935,1935,"0.15,0.2,0.3,0.35,0.45",0,1.4142,0.15,0.85,NA,NA,NA,NA,NA,NA,NA,NA,NA,NA,NA,NA,NA,NA,NA,NA,NA,NA,NA,NA,NA,NA,NA,NA
"Set_5dose_methods_prior","Set_5dose_methods_prior_SC4",4,"CRM","crm_fixed",NA,NA,"fixed",NA,0.9,0,0.0714,28,1,1,1,2,0.3,0.435,0.2681,NA,NA,NA,43.5659,10.1907,10.1907,0,29.7442,29.7442,1.0853,434.7413,1935,1935,"0.15,0.2,0.3,0.35,0.45",0,1.4142,0.15,0.85,NA,NA,NA,NA,NA,NA,NA,NA,NA,NA,NA,NA,NA,NA,NA,NA,NA,NA,NA,NA,NA,NA,NA,NA
"Set_5dose_methods_prior","Set_5dose_methods_prior_SC4",4,"CRM","crm_fixed",NA,NA,"fixed",NA,0.9,0,0.0714,28,1,1,1,3,0.38,0.65,0.3683,NA,NA,NA,27.2868,6.9116,6.9116,0,29.7442,29.7442,1.0853,434.7413,1935,1935,"0.15,0.2,0.3,0.35,0.45",0,1.4142,0.15,0.85,NA,NA,NA,NA,NA,NA,NA,NA,NA,NA,NA,NA,NA,NA,NA,NA,NA,NA,NA,NA,NA,NA,NA,NA
"Set_5dose_methods_prior","Set_5dose_methods_prior_SC4",4,"CRM","crm_fixed",NA,NA,"fixed",NA,0.9,0,0.0714,28,1,1,1,4,0.45,0.792,0.4165,NA,NA,NA,8.3204,2.8589,2.8589,0,29.7442,29.7442,1.0853,434.7413,1935,1935,"0.15,0.2,0.3,0.35,0.45",0,1.4142,0.15,0.85,NA,NA,NA,NA,NA,NA,NA,NA,NA,NA,NA,NA,NA,NA,NA,NA,NA,NA,NA,NA,NA,NA,NA,NA
"Set_5dose_methods_prior","Set_5dose_methods_prior_SC4",4,"CRM","crm_fixed",NA,NA,"fixed",NA,0.9,0,0.0714,28,1,1,1,5,0.55,0.955,0.5105,NA,NA,NA,0.8269,0.707,0.707,0,29.7442,29.7442,1.0853,434.7413,1935,1935,"0.15,0.2,0.3,0.35,0.45",0,1.4142,0.15,0.85,NA,NA,NA,NA,NA,NA,NA,NA,NA,NA,NA,NA,NA,NA,NA,NA,NA,NA,NA,NA,NA,NA,NA,NA
"Set_5dose_methods_prior","Set_5dose_methods_prior_SC4",4,"CRM","crm_level",NA,NA,"level",NA,0.9,0,0.0714,28,1,1,1,1,0.15,0.15,0.2148,NA,NA,NA,18.4496,9.0961,9.0961,0,29.738,29.738,1.137,434.6727,1935,1935,"0.15,0.2,0.3,0.35,0.45",0,1.4142,0.15,0.85,NA,NA,NA,NA,NA,NA,NA,NA,NA,NA,NA,NA,NA,NA,NA,NA,NA,NA,NA,NA,NA,NA,NA,NA
"Set_5dose_methods_prior","Set_5dose_methods_prior_SC4",4,"CRM","crm_level",NA,NA,"level",NA,0.9,0,0.0714,28,1,1,1,2,0.3,0.435,0.2678,0.0826,NA,NA,44.031,10.1519,10.1519,0,29.738,29.738,1.137,434.6727,1935,1935,"0.15,0.2,0.3,0.35,0.45",0,1.4142,0.15,0.85,NA,NA,NA,NA,NA,NA,NA,NA,NA,NA,NA,NA,NA,NA,NA,NA,NA,NA,NA,NA,NA,NA,NA,NA
"Set_5dose_methods_prior","Set_5dose_methods_prior_SC4",4,"CRM","crm_level",NA,NA,"level",NA,0.9,0,0.0714,28,1,1,1,3,0.38,0.65,0.3679,0.0992,NA,NA,26.4599,6.8853,6.8853,0,29.738,29.738,1.137,434.6727,1935,1935,"0.15,0.2,0.3,0.35,0.45",0,1.4142,0.15,0.85,NA,NA,NA,NA,NA,NA,NA,NA,NA,NA,NA,NA,NA,NA,NA,NA,NA,NA,NA,NA,NA,NA,NA,NA
"Set_5dose_methods_prior","Set_5dose_methods_prior_SC4",4,"CRM","crm_level",NA,NA,"level",NA,0.9,0,0.0714,28,1,1,1,4,0.45,0.792,0.4161,0.124,NA,NA,8.7855,2.8729,2.8729,0,29.738,29.738,1.137,434.6727,1935,1935,"0.15,0.2,0.3,0.35,0.45",0,1.4142,0.15,0.85,NA,NA,NA,NA,NA,NA,NA,NA,NA,NA,NA,NA,NA,NA,NA,NA,NA,NA,NA,NA,NA,NA,NA,NA
"Set_5dose_methods_prior","Set_5dose_methods_prior_SC4",4,"CRM","crm_level",NA,NA,"level",NA,0.9,0,0.0714,28,1,1,1,5,0.55,0.955,0.5101,0.1434,NA,NA,1.137,0.7318,0.7318,0,29.738,29.738,1.137,434.6727,1935,1935,"0.15,0.2,0.3,0.35,0.45",0,1.4142,0.15,0.85,NA,NA,NA,NA,NA,NA,NA,NA,NA,NA,NA,NA,NA,NA,NA,NA,NA,NA,NA,NA,NA,NA,NA,NA
"Set_5dose_methods_prior","Set_5dose_methods_prior_SC4",4,"CRM","crm_random",NA,NA,"random",NA,0.9,0,0.0714,28,1,1,1,1,0.15,0.15,0.2149,0.0825,NA,NA,18.6047,9.093,9.093,0,29.7442,29.7442,1.0853,434.7413,1935,1935,"0.15,0.2,0.3,0.35,0.45",0,1.4142,0.15,0.85,NA,NA,NA,NA,NA,NA,NA,NA,NA,NA,NA,NA,NA,NA,NA,NA,NA,NA,NA,NA,NA,NA,NA,NA
"Set_5dose_methods_prior","Set_5dose_methods_prior_SC4",4,"CRM","crm_random",NA,NA,"random",NA,0.9,0,0.0714,28,1,1,1,2,0.3,0.435,0.2679,NA,NA,NA,44.1344,10.1984,10.1984,0,29.7442,29.7442,1.0853,434.7413,1935,1935,"0.15,0.2,0.3,0.35,0.45",0,1.4142,0.15,0.85,NA,NA,NA,NA,NA,NA,NA,NA,NA,NA,NA,NA,NA,NA,NA,NA,NA,NA,NA,NA,NA,NA,NA,NA
"Set_5dose_methods_prior","Set_5dose_methods_prior_SC4",4,"CRM","crm_random",NA,NA,"random",NA,0.9,0,0.0714,28,1,1,1,3,0.38,0.65,0.3681,NA,NA,NA,26.6667,6.876,6.876,0,29.7442,29.7442,1.0853,434.7413,1935,1935,"0.15,0.2,0.3,0.35,0.45",0,1.4142,0.15,0.85,NA,NA,NA,NA,NA,NA,NA,NA,NA,NA,NA,NA,NA,NA,NA,NA,NA,NA,NA,NA,NA,NA,NA,NA
"Set_5dose_methods_prior","Set_5dose_methods_prior_SC4",4,"CRM","crm_random",NA,NA,"random",NA,0.9,0,0.0714,28,1,1,1,4,0.45,0.792,0.4163,NA,NA,NA,8.4755,2.8527,2.8527,0,29.7442,29.7442,1.0853,434.7413,1935,1935,"0.15,0.2,0.3,0.35,0.45",0,1.4142,0.15,0.85,NA,NA,NA,NA,NA,NA,NA,NA,NA,NA,NA,NA,NA,NA,NA,NA,NA,NA,NA,NA,NA,NA,NA,NA
"Set_5dose_methods_prior","Set_5dose_methods_prior_SC4",4,"CRM","crm_random",NA,NA,"random",NA,0.9,0,0.0714,28,1,1,1,5,0.55,0.955,0.5103,NA,NA,NA,1.0336,0.724,0.724,0,29.7442,29.7442,1.0853,434.7413,1935,1935,"0.15,0.2,0.3,0.35,0.45",0,1.4142,0.15,0.85,NA,NA,NA,NA,NA,NA,NA,NA,NA,NA,NA,NA,NA,NA,NA,NA,NA,NA,NA,NA,NA,NA,NA,NA
"Set_5dose_methods_prior","Set_5dose_methods_prior_SC4",4,"CRM","crm_alpha_crm",NA,NA,"alpha_crm",NA,0.9,0,0.0714,28,1,1,1,1,0.15,0.15,0.2149,NA,NA,NA,17.9845,9.0388,9.0388,0,29.7318,29.7318,1.2403,434.5964,1935,1935,"0.15,0.2,0.3,0.35,0.45",0,1.4142,0.15,0.85,NA,NA,NA,NA,NA,NA,NA,NA,NA,NA,NA,NA,NA,"15,20,30,35,45",61,NA,NA,NA,NA,NA,NA,NA,NA,NA
"Set_5dose_methods_prior","Set_5dose_methods_prior_SC4",4,"CRM","crm_alpha_crm",NA,NA,"alpha_crm",NA,0.9,0,0.0714,28,1,1,1,2,0.3,0.435,0.2678,NA,NA,NA,44.2894,10.2171,10.2171,0,29.7318,29.7318,1.2403,434.5964,1935,1935,"0.15,0.2,0.3,0.35,0.45",0,1.4142,0.15,0.85,NA,NA,NA,NA,NA,NA,NA,NA,NA,NA,NA,NA,NA,"15,20,30,35,45",61,NA,NA,NA,NA,NA,NA,NA,NA,NA
"Set_5dose_methods_prior","Set_5dose_methods_prior_SC4",4,"CRM","crm_alpha_crm",NA,NA,"alpha_crm",NA,0.9,0,0.0714,28,1,1,1,3,0.38,0.65,0.368,NA,NA,NA,26.8217,6.9023,6.9023,0,29.7318,29.7318,1.2403,434.5964,1935,1935,"0.15,0.2,0.3,0.35,0.45",0,1.4142,0.15,0.85,NA,NA,NA,NA,NA,NA,NA,NA,NA,NA,NA,NA,NA,"15,20,30,35,45",61,NA,NA,NA,NA,NA,NA,NA,NA,NA
"Set_5dose_methods_prior","Set_5dose_methods_prior_SC4",4,"CRM","crm_alpha_crm",NA,NA,"alpha_crm",NA,0.9,0,0.0714,28,1,1,1,4,0.45,0.792,0.4159,NA,NA,NA,8.6305,2.8434,2.8434,0,29.7318,29.7318,1.2403,434.5964,1935,1935,"0.15,0.2,0.3,0.35,0.45",0,1.4142,0.15,0.85,NA,NA,NA,NA,NA,NA,NA,NA,NA,NA,NA,NA,NA,"15,20,30,35,45",61,NA,NA,NA,NA,NA,NA,NA,NA,NA
"Set_5dose_methods_prior","Set_5dose_methods_prior_SC4",4,"CRM","crm_alpha_crm",NA,NA,"alpha_crm",NA,0.9,0,0.0714,28,1,1,1,5,0.55,0.955,0.5102,NA,NA,NA,1.0336,0.7302,0.7302,0,29.7318,29.7318,1.2403,434.5964,1935,1935,"0.15,0.2,0.3,0.35,0.45",0,1.4142,0.15,0.85,NA,NA,NA,NA,NA,NA,NA,NA,NA,NA,NA,NA,NA,"15,20,30,35,45",61,NA,NA,NA,NA,NA,NA,NA,NA,NA
"Set_5dose_methods_prior","Set_5dose_methods_prior_SC4",4,"CRM","crm_cumu_crm",NA,NA,"cumu_crm",NA,0.9,0,0.0714,28,1,1,1,1,0.15,0.15,0.1911,NA,NA,NA,13.6951,6.5628,6.5628,0,29.8946,29.8946,0.4651,436.6062,1935,1935,"0.15,0.2,0.3,0.35,0.45",0,1.4142,0.15,0.85,NA,NA,NA,NA,NA,NA,NA,NA,NA,NA,NA,NA,NA,NA,NA,"15,20,30,35,45","0.62828086,0.83770782,1.25656172,1.46598868,1.88484259",-2.8,2,1,2.5,1.6,1,0
"Set_5dose_methods_prior","Set_5dose_methods_prior_SC4",4,"CRM","crm_cumu_crm",NA,NA,"cumu_crm",NA,0.9,0,0.0714,28,1,1,1,2,0.3,0.435,0.2557,NA,NA,NA,48.2687,12.1194,12.1194,0,29.8946,29.8946,0.4651,436.6062,1935,1935,"0.15,0.2,0.3,0.35,0.45",0,1.4142,0.15,0.85,NA,NA,NA,NA,NA,NA,NA,NA,NA,NA,NA,NA,NA,NA,NA,"15,20,30,35,45","0.62828086,0.83770782,1.25656172,1.46598868,1.88484259",-2.8,2,1,2.5,1.6,1,0
"Set_5dose_methods_prior","Set_5dose_methods_prior_SC4",4,"CRM","crm_cumu_crm",NA,NA,"cumu_crm",NA,0.9,0,0.0714,28,1,1,1,3,0.38,0.65,0.4159,NA,NA,NA,27.5969,7.3023,7.3023,0,29.8946,29.8946,0.4651,436.6062,1935,1935,"0.15,0.2,0.3,0.35,0.45",0,1.4142,0.15,0.85,NA,NA,NA,NA,NA,NA,NA,NA,NA,NA,NA,NA,NA,NA,NA,"15,20,30,35,45","0.62828086,0.83770782,1.25656172,1.46598868,1.88484259",-2.8,2,1,2.5,1.6,1,0
"Set_5dose_methods_prior","Set_5dose_methods_prior_SC4",4,"CRM","crm_cumu_crm",NA,NA,"cumu_crm",NA,0.9,0,0.0714,28,1,1,1,4,0.45,0.792,0.4991,NA,NA,NA,8.8889,3.1767,3.1767,0,29.8946,29.8946,0.4651,436.6062,1935,1935,"0.15,0.2,0.3,0.35,0.45",0,1.4142,0.15,0.85,NA,NA,NA,NA,NA,NA,NA,NA,NA,NA,NA,NA,NA,NA,NA,"15,20,30,35,45","0.62828086,0.83770782,1.25656172,1.46598868,1.88484259",-2.8,2,1,2.5,1.6,1,0
"Set_5dose_methods_prior","Set_5dose_methods_prior_SC4",4,"CRM","crm_cumu_crm",NA,NA,"cumu_crm",NA,0.9,0,0.0714,28,1,1,1,5,0.55,0.955,0.6463,NA,NA,NA,1.0853,0.7333,0.7333,0,29.8946,29.8946,0.4651,436.6062,1935,1935,"0.15,0.2,0.3,0.35,0.45",0,1.4142,0.15,0.85,NA,NA,NA,NA,NA,NA,NA,NA,NA,NA,NA,NA,NA,NA,NA,"15,20,30,35,45","0.62828086,0.83770782,1.25656172,1.46598868,1.88484259",-2.8,2,1,2.5,1.6,1,0
"Set_5dose_methods_prior","Set_5dose_methods_prior_SC4",4,"CRM","crm_fixed",NA,NA,"fixed",NA,0.9,0,0.0714,28,2,1,1,1,0.15,0.15,0.2461,0,NA,NA,37.261,11.8868,11.8868,0,29.7271,21.7752,1.2403,353.6856,1935,1935,"0.15,0.2,0.3,0.35,0.45",0,1.4142,0.15,0.85,NA,NA,NA,NA,NA,NA,NA,NA,NA,NA,NA,NA,NA,NA,NA,NA,NA,NA,NA,NA,NA,NA,NA,NA
"Set_5dose_methods_prior","Set_5dose_methods_prior_SC4",4,"CRM","crm_fixed",NA,NA,"fixed",NA,0.9,0,0.0714,28,2,1,1,2,0.3,0.435,0.3017,NA,NA,NA,46.77,11.4527,11.4527,6.2853,29.7271,21.7752,1.2403,353.6856,1935,1935,"0.15,0.2,0.3,0.35,0.45",0,1.4142,0.15,0.85,NA,NA,NA,NA,NA,NA,NA,NA,NA,NA,NA,NA,NA,NA,NA,NA,NA,NA,NA,NA,NA,NA,NA,NA
"Set_5dose_methods_prior","Set_5dose_methods_prior_SC4",4,"CRM","crm_fixed",NA,NA,"fixed",NA,0.9,0,0.0714,28,2,1,1,3,0.38,0.65,0.4039,NA,NA,NA,14.0568,5.1814,5.1814,0.8109,29.7271,21.7752,1.2403,353.6856,1935,1935,"0.15,0.2,0.3,0.35,0.45",0,1.4142,0.15,0.85,NA,NA,NA,NA,NA,NA,NA,NA,NA,NA,NA,NA,NA,NA,NA,NA,NA,NA,NA,NA,NA,NA,NA,NA
"Set_5dose_methods_prior","Set_5dose_methods_prior_SC4",4,"CRM","crm_fixed",NA,NA,"fixed",NA,0.9,0,0.0714,28,2,1,1,4,0.45,0.792,0.4521,NA,NA,NA,0.6202,1.1209,1.1209,0.8346,29.7271,21.7752,1.2403,353.6856,1935,1935,"0.15,0.2,0.3,0.35,0.45",0,1.4142,0.15,0.85,NA,NA,NA,NA,NA,NA,NA,NA,NA,NA,NA,NA,NA,NA,NA,NA,NA,NA,NA,NA,NA,NA,NA,NA
"Set_5dose_methods_prior","Set_5dose_methods_prior_SC4",4,"CRM","crm_fixed",NA,NA,"fixed",NA,0.9,0,0.0714,28,2,1,1,5,0.55,0.955,0.5443,NA,NA,NA,0.0517,0.0853,0.0853,0.0212,29.7271,21.7752,1.2403,353.6856,1935,1935,"0.15,0.2,0.3,0.35,0.45",0,1.4142,0.15,0.85,NA,NA,NA,NA,NA,NA,NA,NA,NA,NA,NA,NA,NA,NA,NA,NA,NA,NA,NA,NA,NA,NA,NA,NA
"Set_5dose_methods_prior","Set_5dose_methods_prior_SC4",4,"CRM","crm_level",NA,NA,"level",NA,0.9,0,0.0714,28,2,1,1,1,0.15,0.15,0.2327,NA,NA,NA,32.2997,9.9287,9.9287,0,29.7178,21.6806,1.2403,354.4677,1935,1935,"0.15,0.2,0.3,0.35,0.45",0,1.4142,0.15,0.85,NA,NA,NA,NA,NA,NA,NA,NA,NA,NA,NA,NA,NA,NA,NA,NA,NA,NA,NA,NA,NA,NA,NA,NA
"Set_5dose_methods_prior","Set_5dose_methods_prior_SC4",4,"CRM","crm_level",NA,NA,"level",NA,0.9,0,0.0714,28,2,1,1,2,0.3,0.435,0.2867,0.0899,NA,NA,47.5969,11.4,11.4,5.7127,29.7178,21.6806,1.2403,354.4677,1935,1935,"0.15,0.2,0.3,0.35,0.45",0,1.4142,0.15,0.85,NA,NA,NA,NA,NA,NA,NA,NA,NA,NA,NA,NA,NA,NA,NA,NA,NA,NA,NA,NA,NA,NA,NA,NA
"Set_5dose_methods_prior","Set_5dose_methods_prior_SC4",4,"CRM","crm_level",NA,NA,"level",NA,0.9,0,0.0714,28,2,1,1,3,0.38,0.65,0.3875,0.1221,NA,NA,17.416,6.1566,6.1566,1.1752,29.7178,21.6806,1.2403,354.4677,1935,1935,"0.15,0.2,0.3,0.35,0.45",0,1.4142,0.15,0.85,NA,NA,NA,NA,NA,NA,NA,NA,NA,NA,NA,NA,NA,NA,NA,NA,NA,NA,NA,NA,NA,NA,NA,NA
"Set_5dose_methods_prior","Set_5dose_methods_prior_SC4",4,"CRM","crm_level",NA,NA,"level",NA,0.9,0,0.0714,28,2,1,1,4,0.45,0.792,0.4354,0.1609,NA,NA,1.292,1.8806,1.8806,1.063,29.7178,21.6806,1.2403,354.4677,1935,1935,"0.15,0.2,0.3,0.35,0.45",0,1.4142,0.15,0.85,NA,NA,NA,NA,NA,NA,NA,NA,NA,NA,NA,NA,NA,NA,NA,NA,NA,NA,NA,NA,NA,NA,NA,NA
"Set_5dose_methods_prior","Set_5dose_methods_prior_SC4",4,"CRM","crm_level",NA,NA,"level",NA,0.9,0,0.0714,28,2,1,1,5,0.55,0.955,0.5281,0.1487,NA,NA,0.155,0.3519,0.3519,0.0863,29.7178,21.6806,1.2403,354.4677,1935,1935,"0.15,0.2,0.3,0.35,0.45",0,1.4142,0.15,0.85,NA,NA,NA,NA,NA,NA,NA,NA,NA,NA,NA,NA,NA,NA,NA,NA,NA,NA,NA,NA,NA,NA,NA,NA
"Set_5dose_methods_prior","Set_5dose_methods_prior_SC4",4,"CRM","crm_random",NA,NA,"random",NA,0.9,0,0.0714,28,2,1,1,1,0.15,0.15,0.2346,0.1085,NA,NA,34.1085,9.9581,9.9581,0,29.7411,21.645,1.137,353.8072,1935,1935,"0.15,0.2,0.3,0.35,0.45",0,1.4142,0.15,0.85,NA,NA,NA,NA,NA,NA,NA,NA,NA,NA,NA,NA,NA,NA,NA,NA,NA,NA,NA,NA,NA,NA,NA,NA
"Set_5dose_methods_prior","Set_5dose_methods_prior_SC4",4,"CRM","crm_random",NA,NA,"random",NA,0.9,0,0.0714,28,2,1,1,2,0.3,0.435,0.2887,NA,NA,NA,46.0982,11.369,11.369,5.7649,29.7411,21.645,1.137,353.8072,1935,1935,"0.15,0.2,0.3,0.35,0.45",0,1.4142,0.15,0.85,NA,NA,NA,NA,NA,NA,NA,NA,NA,NA,NA,NA,NA,NA,NA,NA,NA,NA,NA,NA,NA,NA,NA,NA
"Set_5dose_methods_prior","Set_5dose_methods_prior_SC4",4,"CRM","crm_random",NA,NA,"random",NA,0.9,0,0.0714,28,2,1,1,3,0.38,0.65,0.3892,NA,NA,NA,17.261,6.0078,6.0078,1.1995,29.7411,21.645,1.137,353.8072,1935,1935,"0.15,0.2,0.3,0.35,0.45",0,1.4142,0.15,0.85,NA,NA,NA,NA,NA,NA,NA,NA,NA,NA,NA,NA,NA,NA,NA,NA,NA,NA,NA,NA,NA,NA,NA,NA
"Set_5dose_methods_prior","Set_5dose_methods_prior_SC4",4,"CRM","crm_random",NA,NA,"random",NA,0.9,0,0.0714,28,2,1,1,4,0.45,0.792,0.4371,NA,NA,NA,1.1886,1.9519,1.9519,1.0599,29.7411,21.645,1.137,353.8072,1935,1935,"0.15,0.2,0.3,0.35,0.45",0,1.4142,0.15,0.85,NA,NA,NA,NA,NA,NA,NA,NA,NA,NA,NA,NA,NA,NA,NA,NA,NA,NA,NA,NA,NA,NA,NA,NA
"Set_5dose_methods_prior","Set_5dose_methods_prior_SC4",4,"CRM","crm_random",NA,NA,"random",NA,0.9,0,0.0714,28,2,1,1,5,0.55,0.955,0.5295,NA,NA,NA,0.2067,0.4543,0.4543,0.0718,29.7411,21.645,1.137,353.8072,1935,1935,"0.15,0.2,0.3,0.35,0.45",0,1.4142,0.15,0.85,NA,NA,NA,NA,NA,NA,NA,NA,NA,NA,NA,NA,NA,NA,NA,NA,NA,NA,NA,NA,NA,NA,NA,NA
"Set_5dose_methods_prior","Set_5dose_methods_prior_SC4",4,"CRM","crm_alpha_crm",NA,NA,"alpha_crm",NA,0.9,0,0.0714,28,2,1,1,1,0.15,0.15,0.2322,NA,NA,NA,30.2842,10.0946,10.0946,0,29.7271,21.6899,1.292,353.9198,1935,1935,"0.15,0.2,0.3,0.35,0.45",0,1.4142,0.15,0.85,NA,NA,NA,NA,NA,NA,NA,NA,NA,NA,NA,NA,NA,"15,20,30,35,45",61,NA,NA,NA,NA,NA,NA,NA,NA,NA
"Set_5dose_methods_prior","Set_5dose_methods_prior_SC4",4,"CRM","crm_alpha_crm",NA,NA,"alpha_crm",NA,0.9,0,0.0714,28,2,1,1,2,0.3,0.435,0.2865,NA,NA,NA,46.7183,11.6372,11.6372,5.6858,29.7271,21.6899,1.292,353.9198,1935,1935,"0.15,0.2,0.3,0.35,0.45",0,1.4142,0.15,0.85,NA,NA,NA,NA,NA,NA,NA,NA,NA,NA,NA,NA,NA,"15,20,30,35,45",61,NA,NA,NA,NA,NA,NA,NA,NA,NA
"Set_5dose_methods_prior","Set_5dose_methods_prior_SC4",4,"CRM","crm_alpha_crm",NA,NA,"alpha_crm",NA,0.9,0,0.0714,28,2,1,1,3,0.38,0.65,0.3878,NA,NA,NA,19.2248,5.8837,5.8837,1.3359,29.7271,21.6899,1.292,353.9198,1935,1935,"0.15,0.2,0.3,0.35,0.45",0,1.4142,0.15,0.85,NA,NA,NA,NA,NA,NA,NA,NA,NA,NA,NA,NA,NA,"15,20,30,35,45",61,NA,NA,NA,NA,NA,NA,NA,NA,NA
"Set_5dose_methods_prior","Set_5dose_methods_prior_SC4",4,"CRM","crm_alpha_crm",NA,NA,"alpha_crm",NA,0.9,0,0.0714,28,2,1,1,4,0.45,0.792,0.436,NA,NA,NA,2.3773,1.8202,1.8202,0.9411,29.7271,21.6899,1.292,353.9198,1935,1935,"0.15,0.2,0.3,0.35,0.45",0,1.4142,0.15,0.85,NA,NA,NA,NA,NA,NA,NA,NA,NA,NA,NA,NA,NA,"15,20,30,35,45",61,NA,NA,NA,NA,NA,NA,NA,NA,NA
"Set_5dose_methods_prior","Set_5dose_methods_prior_SC4",4,"CRM","crm_alpha_crm",NA,NA,"alpha_crm",NA,0.9,0,0.0714,28,2,1,1,5,0.55,0.955,0.529,NA,NA,NA,0.1034,0.2915,0.2915,0.0744,29.7271,21.6899,1.292,353.9198,1935,1935,"0.15,0.2,0.3,0.35,0.45",0,1.4142,0.15,0.85,NA,NA,NA,NA,NA,NA,NA,NA,NA,NA,NA,NA,NA,"15,20,30,35,45",61,NA,NA,NA,NA,NA,NA,NA,NA,NA
"Set_5dose_methods_prior","Set_5dose_methods_prior_SC4",4,"CRM","crm_cumu_crm",NA,NA,"cumu_crm",NA,0.9,0,0.0714,28,2,1,1,1,0.15,0.15,0.1918,NA,NA,NA,18.708,6.4202,6.4202,0,29.8682,22.5695,0.6202,358.9127,1935,1935,"0.15,0.2,0.3,0.35,0.45",0,1.4142,0.15,0.85,NA,NA,NA,NA,NA,NA,NA,NA,NA,NA,NA,NA,NA,NA,NA,"15,20,30,35,45","0.62828086,0.83770782,1.25656172,1.46598868,1.88484259",-2.8,2,1,2.5,1.6,1,0
"Set_5dose_methods_prior","Set_5dose_methods_prior_SC4",4,"CRM","crm_cumu_crm",NA,NA,"cumu_crm",NA,0.9,0,0.0714,28,2,1,1,2,0.3,0.435,0.257,NA,NA,NA,50.8527,13.2434,13.2434,4.186,29.8682,22.5695,0.6202,358.9127,1935,1935,"0.15,0.2,0.3,0.35,0.45",0,1.4142,0.15,0.85,NA,NA,NA,NA,NA,NA,NA,NA,NA,NA,NA,NA,NA,NA,NA,"15,20,30,35,45","0.62828086,0.83770782,1.25656172,1.46598868,1.88484259",-2.8,2,1,2.5,1.6,1,0
"Set_5dose_methods_prior","Set_5dose_methods_prior_SC4",4,"CRM","crm_cumu_crm",NA,NA,"cumu_crm",NA,0.9,0,0.0714,28,2,1,1,3,0.38,0.65,0.4184,NA,NA,NA,24.4444,6.8527,6.8527,1.8227,29.8682,22.5695,0.6202,358.9127,1935,1935,"0.15,0.2,0.3,0.35,0.45",0,1.4142,0.15,0.85,NA,NA,NA,NA,NA,NA,NA,NA,NA,NA,NA,NA,NA,NA,NA,"15,20,30,35,45","0.62828086,0.83770782,1.25656172,1.46598868,1.88484259",-2.8,2,1,2.5,1.6,1,0
"Set_5dose_methods_prior","Set_5dose_methods_prior_SC4",4,"CRM","crm_cumu_crm",NA,NA,"cumu_crm",NA,0.9,0,0.0714,28,2,1,1,4,0.45,0.792,0.5017,NA,NA,NA,5.0129,2.6961,2.6961,1.1044,29.8682,22.5695,0.6202,358.9127,1935,1935,"0.15,0.2,0.3,0.35,0.45",0,1.4142,0.15,0.85,NA,NA,NA,NA,NA,NA,NA,NA,NA,NA,NA,NA,NA,NA,NA,"15,20,30,35,45","0.62828086,0.83770782,1.25656172,1.46598868,1.88484259",-2.8,2,1,2.5,1.6,1,0
"Set_5dose_methods_prior","Set_5dose_methods_prior_SC4",4,"CRM","crm_cumu_crm",NA,NA,"cumu_crm",NA,0.9,0,0.0714,28,2,1,1,5,0.55,0.955,0.6477,NA,NA,NA,0.3618,0.6558,0.6558,0.1855,29.8682,22.5695,0.6202,358.9127,1935,1935,"0.15,0.2,0.3,0.35,0.45",0,1.4142,0.15,0.85,NA,NA,NA,NA,NA,NA,NA,NA,NA,NA,NA,NA,NA,NA,NA,"15,20,30,35,45","0.62828086,0.83770782,1.25656172,1.46598868,1.88484259",-2.8,2,1,2.5,1.6,1,0
"Set_5dose_methods_prior","Set_5dose_methods_prior_SC4",4,"CRM","crm_fixed",NA,NA,"fixed",NA,0.9,0,0.0714,28,3,1,1,1,0.15,0.15,0.2506,0,NA,NA,40.4134,12.4946,12.4946,0,29.7225,20.63,1.292,345.3062,1935,1935,"0.15,0.2,0.3,0.35,0.45",0,1.4142,0.15,0.85,NA,NA,NA,NA,NA,NA,NA,NA,NA,NA,NA,NA,NA,NA,NA,NA,NA,NA,NA,NA,NA,NA,NA,NA
"Set_5dose_methods_prior","Set_5dose_methods_prior_SC4",4,"CRM","crm_fixed",NA,NA,"fixed",NA,0.9,0,0.0714,28,3,1,1,2,0.3,0.435,0.3065,NA,NA,NA,48.1654,11.9535,11.9535,6.4884,29.7225,20.63,1.292,345.3062,1935,1935,"0.15,0.2,0.3,0.35,0.45",0,1.4142,0.15,0.85,NA,NA,NA,NA,NA,NA,NA,NA,NA,NA,NA,NA,NA,NA,NA,NA,NA,NA,NA,NA,NA,NA,NA,NA
"Set_5dose_methods_prior","Set_5dose_methods_prior_SC4",4,"CRM","crm_fixed",NA,NA,"fixed",NA,0.9,0,0.0714,28,3,1,1,3,0.38,0.65,0.4089,NA,NA,NA,9.199,4.4233,4.4233,2.2243,29.7225,20.63,1.292,345.3062,1935,1935,"0.15,0.2,0.3,0.35,0.45",0,1.4142,0.15,0.85,NA,NA,NA,NA,NA,NA,NA,NA,NA,NA,NA,NA,NA,NA,NA,NA,NA,NA,NA,NA,NA,NA,NA,NA
"Set_5dose_methods_prior","Set_5dose_methods_prior_SC4",4,"CRM","crm_fixed",NA,NA,"fixed",NA,0.9,0,0.0714,28,3,1,1,4,0.45,0.792,0.457,NA,NA,NA,0.9302,0.7674,0.7674,0.3137,29.7225,20.63,1.292,345.3062,1935,1935,"0.15,0.2,0.3,0.35,0.45",0,1.4142,0.15,0.85,NA,NA,NA,NA,NA,NA,NA,NA,NA,NA,NA,NA,NA,NA,NA,NA,NA,NA,NA,NA,NA,NA,NA,NA
"Set_5dose_methods_prior","Set_5dose_methods_prior_SC4",4,"CRM","crm_fixed",NA,NA,"fixed",NA,0.9,0,0.0714,28,3,1,1,5,0.55,0.955,0.549,NA,NA,NA,0,0.0837,0.0837,0.0661,29.7225,20.63,1.292,345.3062,1935,1935,"0.15,0.2,0.3,0.35,0.45",0,1.4142,0.15,0.85,NA,NA,NA,NA,NA,NA,NA,NA,NA,NA,NA,NA,NA,NA,NA,NA,NA,NA,NA,NA,NA,NA,NA,NA
"Set_5dose_methods_prior","Set_5dose_methods_prior_SC4",4,"CRM","crm_level",NA,NA,"level",NA,0.9,0,0.0714,28,3,1,1,1,0.15,0.15,0.2369,NA,NA,NA,33.8501,10.2465,10.2465,0,29.7318,20.245,1.292,343.2385,1935,1935,"0.15,0.2,0.3,0.35,0.45",0,1.4142,0.15,0.85,NA,NA,NA,NA,NA,NA,NA,NA,NA,NA,NA,NA,NA,NA,NA,NA,NA,NA,NA,NA,NA,NA,NA,NA
"Set_5dose_methods_prior","Set_5dose_methods_prior_SC4",4,"CRM","crm_level",NA,NA,"level",NA,0.9,0,0.0714,28,3,1,1,2,0.3,0.435,0.2912,0.0856,NA,NA,50.2326,11.6667,11.6667,5.9194,29.7318,20.245,1.292,343.2385,1935,1935,"0.15,0.2,0.3,0.35,0.45",0,1.4142,0.15,0.85,NA,NA,NA,NA,NA,NA,NA,NA,NA,NA,NA,NA,NA,NA,NA,NA,NA,NA,NA,NA,NA,NA,NA,NA
"Set_5dose_methods_prior","Set_5dose_methods_prior_SC4",4,"CRM","crm_level",NA,NA,"level",NA,0.9,0,0.0714,28,3,1,1,3,0.38,0.65,0.392,0.1426,NA,NA,12.7132,5.8186,5.8186,2.8036,29.7318,20.245,1.292,343.2385,1935,1935,"0.15,0.2,0.3,0.35,0.45",0,1.4142,0.15,0.85,NA,NA,NA,NA,NA,NA,NA,NA,NA,NA,NA,NA,NA,NA,NA,NA,NA,NA,NA,NA,NA,NA,NA,NA
"Set_5dose_methods_prior","Set_5dose_methods_prior_SC4",4,"CRM","crm_level",NA,NA,"level",NA,0.9,0,0.0714,28,3,1,1,4,0.45,0.792,0.4398,0.1452,NA,NA,1.8605,1.6713,1.6713,0.5664,29.7318,20.245,1.292,343.2385,1935,1935,"0.15,0.2,0.3,0.35,0.45",0,1.4142,0.15,0.85,NA,NA,NA,NA,NA,NA,NA,NA,NA,NA,NA,NA,NA,NA,NA,NA,NA,NA,NA,NA,NA,NA,NA,NA
"Set_5dose_methods_prior","Set_5dose_methods_prior_SC4",4,"CRM","crm_level",NA,NA,"level",NA,0.9,0,0.0714,28,3,1,1,5,0.55,0.955,0.5321,0.155,NA,NA,0.0517,0.3287,0.3287,0.1974,29.7318,20.245,1.292,343.2385,1935,1935,"0.15,0.2,0.3,0.35,0.45",0,1.4142,0.15,0.85,NA,NA,NA,NA,NA,NA,NA,NA,NA,NA,NA,NA,NA,NA,NA,NA,NA,NA,NA,NA,NA,NA,NA,NA
"Set_5dose_methods_prior","Set_5dose_methods_prior_SC4",4,"CRM","crm_random",NA,NA,"random",NA,0.9,0,0.0714,28,3,1,1,1,0.15,0.15,0.2384,0.1173,NA,NA,34.6253,10.2171,10.2171,0,29.7209,20.1814,1.2403,342.8898,1935,1935,"0.15,0.2,0.3,0.35,0.45",0,1.4142,0.15,0.85,NA,NA,NA,NA,NA,NA,NA,NA,NA,NA,NA,NA,NA,NA,NA,NA,NA,NA,NA,NA,NA,NA,NA,NA
"Set_5dose_methods_prior","Set_5dose_methods_prior_SC4",4,"CRM","crm_random",NA,NA,"random",NA,0.9,0,0.0714,28,3,1,1,2,0.3,0.435,0.2925,NA,NA,NA,48.6305,11.3457,11.3457,5.8367,29.7209,20.1814,1.2403,342.8898,1935,1935,"0.15,0.2,0.3,0.35,0.45",0,1.4142,0.15,0.85,NA,NA,NA,NA,NA,NA,NA,NA,NA,NA,NA,NA,NA,NA,NA,NA,NA,NA,NA,NA,NA,NA,NA,NA
"Set_5dose_methods_prior","Set_5dose_methods_prior_SC4",4,"CRM","crm_random",NA,NA,"random",NA,0.9,0,0.0714,28,3,1,1,3,0.38,0.65,0.3928,NA,NA,NA,13.5401,5.7752,5.7752,2.8016,29.7209,20.1814,1.2403,342.8898,1935,1935,"0.15,0.2,0.3,0.35,0.45",0,1.4142,0.15,0.85,NA,NA,NA,NA,NA,NA,NA,NA,NA,NA,NA,NA,NA,NA,NA,NA,NA,NA,NA,NA,NA,NA,NA,NA
"Set_5dose_methods_prior","Set_5dose_methods_prior_SC4",4,"CRM","crm_random",NA,NA,"random",NA,0.9,0,0.0714,28,3,1,1,4,0.45,0.792,0.4405,NA,NA,NA,1.8605,1.893,1.893,0.6336,29.7209,20.1814,1.2403,342.8898,1935,1935,"0.15,0.2,0.3,0.35,0.45",0,1.4142,0.15,0.85,NA,NA,NA,NA,NA,NA,NA,NA,NA,NA,NA,NA,NA,NA,NA,NA,NA,NA,NA,NA,NA,NA,NA,NA
"Set_5dose_methods_prior","Set_5dose_methods_prior_SC4",4,"CRM","crm_random",NA,NA,"random",NA,0.9,0,0.0714,28,3,1,1,5,0.55,0.955,0.5324,NA,NA,NA,0.1034,0.4899,0.4899,0.2677,29.7209,20.1814,1.2403,342.8898,1935,1935,"0.15,0.2,0.3,0.35,0.45",0,1.4142,0.15,0.85,NA,NA,NA,NA,NA,NA,NA,NA,NA,NA,NA,NA,NA,NA,NA,NA,NA,NA,NA,NA,NA,NA,NA,NA
"Set_5dose_methods_prior","Set_5dose_methods_prior_SC4",4,"CRM","crm_alpha_crm",NA,NA,"alpha_crm",NA,0.9,0,0.0714,28,3,1,1,1,0.15,0.15,0.2321,NA,NA,NA,30.0258,10.2295,10.2295,0,29.7271,20.491,1.292,345.2962,1935,1935,"0.15,0.2,0.3,0.35,0.45",0,1.4142,0.15,0.85,NA,NA,NA,NA,NA,NA,NA,NA,NA,NA,NA,NA,NA,"15,20,30,35,45",61,NA,NA,NA,NA,NA,NA,NA,NA,NA
"Set_5dose_methods_prior","Set_5dose_methods_prior_SC4",4,"CRM","crm_alpha_crm",NA,NA,"alpha_crm",NA,0.9,0,0.0714,28,3,1,1,2,0.3,0.435,0.2863,NA,NA,NA,48.6305,11.3891,11.3891,5.7514,29.7271,20.491,1.292,345.2962,1935,1935,"0.15,0.2,0.3,0.35,0.45",0,1.4142,0.15,0.85,NA,NA,NA,NA,NA,NA,NA,NA,NA,NA,NA,NA,NA,"15,20,30,35,45",61,NA,NA,NA,NA,NA,NA,NA,NA,NA
"Set_5dose_methods_prior","Set_5dose_methods_prior_SC4",4,"CRM","crm_alpha_crm",NA,NA,"alpha_crm",NA,0.9,0,0.0714,28,3,1,1,3,0.38,0.65,0.3874,NA,NA,NA,17.0543,5.6729,5.6729,2.6811,29.7271,20.491,1.292,345.2962,1935,1935,"0.15,0.2,0.3,0.35,0.45",0,1.4142,0.15,0.85,NA,NA,NA,NA,NA,NA,NA,NA,NA,NA,NA,NA,NA,"15,20,30,35,45",61,NA,NA,NA,NA,NA,NA,NA,NA,NA
"Set_5dose_methods_prior","Set_5dose_methods_prior_SC4",4,"CRM","crm_alpha_crm",NA,NA,"alpha_crm",NA,0.9,0,0.0714,28,3,1,1,4,0.45,0.792,0.4355,NA,NA,NA,2.7907,1.986,1.986,0.6031,29.7271,20.491,1.292,345.2962,1935,1935,"0.15,0.2,0.3,0.35,0.45",0,1.4142,0.15,0.85,NA,NA,NA,NA,NA,NA,NA,NA,NA,NA,NA,NA,NA,"15,20,30,35,45",61,NA,NA,NA,NA,NA,NA,NA,NA,NA
"Set_5dose_methods_prior","Set_5dose_methods_prior_SC4",4,"CRM","crm_alpha_crm",NA,NA,"alpha_crm",NA,0.9,0,0.0714,28,3,1,1,5,0.55,0.955,0.5284,NA,NA,NA,0.2067,0.4496,0.4496,0.2005,29.7271,20.491,1.292,345.2962,1935,1935,"0.15,0.2,0.3,0.35,0.45",0,1.4142,0.15,0.85,NA,NA,NA,NA,NA,NA,NA,NA,NA,NA,NA,NA,NA,"15,20,30,35,45",61,NA,NA,NA,NA,NA,NA,NA,NA,NA
"Set_5dose_methods_prior","Set_5dose_methods_prior_SC4",4,"CRM","crm_cumu_crm",NA,NA,"cumu_crm",NA,0.9,0,0.0714,28,3,1,1,1,0.15,0.15,0.1901,NA,NA,NA,18.5013,6.476,6.476,0,29.8791,21.3127,0.5685,347.45,1935,1935,"0.15,0.2,0.3,0.35,0.45",0,1.4142,0.15,0.85,NA,NA,NA,NA,NA,NA,NA,NA,NA,NA,NA,NA,NA,NA,NA,"15,20,30,35,45","0.62828086,0.83770782,1.25656172,1.46598868,1.88484259",-2.8,2,1,2.5,1.6,1,0
"Set_5dose_methods_prior","Set_5dose_methods_prior_SC4",4,"CRM","crm_cumu_crm",NA,NA,"cumu_crm",NA,0.9,0,0.0714,28,3,1,1,2,0.3,0.435,0.2545,NA,NA,NA,51.5762,12.4481,12.4481,4.216,29.8791,21.3127,0.5685,347.45,1935,1935,"0.15,0.2,0.3,0.35,0.45",0,1.4142,0.15,0.85,NA,NA,NA,NA,NA,NA,NA,NA,NA,NA,NA,NA,NA,NA,NA,"15,20,30,35,45","0.62828086,0.83770782,1.25656172,1.46598868,1.88484259",-2.8,2,1,2.5,1.6,1,0
"Set_5dose_methods_prior","Set_5dose_methods_prior_SC4",4,"CRM","crm_cumu_crm",NA,NA,"cumu_crm",NA,0.9,0,0.0714,28,3,1,1,3,0.38,0.65,0.4137,NA,NA,NA,23.876,7.1705,7.1705,3.0264,29.8791,21.3127,0.5685,347.45,1935,1935,"0.15,0.2,0.3,0.35,0.45",0,1.4142,0.15,0.85,NA,NA,NA,NA,NA,NA,NA,NA,NA,NA,NA,NA,NA,NA,NA,"15,20,30,35,45","0.62828086,0.83770782,1.25656172,1.46598868,1.88484259",-2.8,2,1,2.5,1.6,1,0
"Set_5dose_methods_prior","Set_5dose_methods_prior_SC4",4,"CRM","crm_cumu_crm",NA,NA,"cumu_crm",NA,0.9,0,0.0714,28,3,1,1,4,0.45,0.792,0.4963,NA,NA,NA,5.168,2.9674,2.9674,0.9581,29.8791,21.3127,0.5685,347.45,1935,1935,"0.15,0.2,0.3,0.35,0.45",0,1.4142,0.15,0.85,NA,NA,NA,NA,NA,NA,NA,NA,NA,NA,NA,NA,NA,NA,NA,"15,20,30,35,45","0.62828086,0.83770782,1.25656172,1.46598868,1.88484259",-2.8,2,1,2.5,1.6,1,0
"Set_5dose_methods_prior","Set_5dose_methods_prior_SC4",4,"CRM","crm_cumu_crm",NA,NA,"cumu_crm",NA,0.9,0,0.0714,28,3,1,1,5,0.55,0.955,0.6419,NA,NA,NA,0.3101,0.8171,0.8171,0.3659,29.8791,21.3127,0.5685,347.45,1935,1935,"0.15,0.2,0.3,0.35,0.45",0,1.4142,0.15,0.85,NA,NA,NA,NA,NA,NA,NA,NA,NA,NA,NA,NA,NA,NA,NA,"15,20,30,35,45","0.62828086,0.83770782,1.25656172,1.46598868,1.88484259",-2.8,2,1,2.5,1.6,1,0
"Set_5dose_methods_prior","Set_5dose_methods_prior_SC5",5,"CRM","crm_fixed",NA,NA,"fixed",NA,0,0,0.0714,28,1,1,1,1,0.3,0.3,0.2693,0,NA,NA,44.7545,15.3085,15.3085,0,27.2558,27.2558,14.6253,399.4262,1935,1935,"0.15,0.2,0.3,0.35,0.45",0,1.4142,0.15,0.85,NA,NA,NA,NA,NA,NA,NA,NA,NA,NA,NA,NA,NA,NA,NA,NA,NA,NA,NA,NA,NA,NA,NA,NA
"Set_5dose_methods_prior","Set_5dose_methods_prior_SC5",5,"CRM","crm_fixed",NA,NA,"fixed",NA,0,0,0.0714,28,1,1,1,2,0.35,0.35,0.3247,NA,NA,NA,24.0827,6.6357,6.6357,0,27.2558,27.2558,14.6253,399.4262,1935,1935,"0.15,0.2,0.3,0.35,0.45",0,1.4142,0.15,0.85,NA,NA,NA,NA,NA,NA,NA,NA,NA,NA,NA,NA,NA,NA,NA,NA,NA,NA,NA,NA,NA,NA,NA,NA
"Set_5dose_methods_prior","Set_5dose_methods_prior_SC5",5,"CRM","crm_fixed",NA,NA,"fixed",NA,0,0,0.0714,28,1,1,1,3,0.4,0.4,0.4254,NA,NA,NA,11.7829,3.5473,3.5473,0,27.2558,27.2558,14.6253,399.4262,1935,1935,"0.15,0.2,0.3,0.35,0.45",0,1.4142,0.15,0.85,NA,NA,NA,NA,NA,NA,NA,NA,NA,NA,NA,NA,NA,NA,NA,NA,NA,NA,NA,NA,NA,NA,NA,NA
"Set_5dose_methods_prior","Set_5dose_methods_prior_SC5",5,"CRM","crm_fixed",NA,NA,"fixed",NA,0,0,0.0714,28,1,1,1,4,0.45,0.45,0.4723,NA,NA,NA,3.5659,1.3736,1.3736,0,27.2558,27.2558,14.6253,399.4262,1935,1935,"0.15,0.2,0.3,0.35,0.45",0,1.4142,0.15,0.85,NA,NA,NA,NA,NA,NA,NA,NA,NA,NA,NA,NA,NA,NA,NA,NA,NA,NA,NA,NA,NA,NA,NA,NA
"Set_5dose_methods_prior","Set_5dose_methods_prior_SC5",5,"CRM","crm_fixed",NA,NA,"fixed",NA,0,0,0.0714,28,1,1,1,5,0.5,0.5,0.5619,NA,NA,NA,1.1886,0.3907,0.3907,0,27.2558,27.2558,14.6253,399.4262,1935,1935,"0.15,0.2,0.3,0.35,0.45",0,1.4142,0.15,0.85,NA,NA,NA,NA,NA,NA,NA,NA,NA,NA,NA,NA,NA,NA,NA,NA,NA,NA,NA,NA,NA,NA,NA,NA
"Set_5dose_methods_prior","Set_5dose_methods_prior_SC5",5,"CRM","crm_level",NA,NA,"level",NA,0,0,0.0714,28,1,1,1,1,0.3,0.3,0.2694,NA,NA,NA,44.5995,15.3302,15.3302,0,27.2698,27.2698,14.522,399.6553,1935,1935,"0.15,0.2,0.3,0.35,0.45",0,1.4142,0.15,0.85,NA,NA,NA,NA,NA,NA,NA,NA,NA,NA,NA,NA,NA,NA,NA,NA,NA,NA,NA,NA,NA,NA,NA,NA
"Set_5dose_methods_prior","Set_5dose_methods_prior_SC5",5,"CRM","crm_level",NA,NA,"level",NA,0,0,0.0714,28,1,1,1,2,0.35,0.35,0.3248,0.0897,NA,NA,24.2377,6.6341,6.6341,0,27.2698,27.2698,14.522,399.6553,1935,1935,"0.15,0.2,0.3,0.35,0.45",0,1.4142,0.15,0.85,NA,NA,NA,NA,NA,NA,NA,NA,NA,NA,NA,NA,NA,NA,NA,NA,NA,NA,NA,NA,NA,NA,NA,NA
"Set_5dose_methods_prior","Set_5dose_methods_prior_SC5",5,"CRM","crm_level",NA,NA,"level",NA,0,0,0.0714,28,1,1,1,3,0.4,0.4,0.4255,0.116,NA,NA,12.0413,3.555,3.555,0,27.2698,27.2698,14.522,399.6553,1935,1935,"0.15,0.2,0.3,0.35,0.45",0,1.4142,0.15,0.85,NA,NA,NA,NA,NA,NA,NA,NA,NA,NA,NA,NA,NA,NA,NA,NA,NA,NA,NA,NA,NA,NA,NA,NA
"Set_5dose_methods_prior","Set_5dose_methods_prior_SC5",5,"CRM","crm_level",NA,NA,"level",NA,0,0,0.0714,28,1,1,1,4,0.45,0.45,0.4724,0.1349,NA,NA,3.5142,1.3628,1.3628,0,27.2698,27.2698,14.522,399.6553,1935,1935,"0.15,0.2,0.3,0.35,0.45",0,1.4142,0.15,0.85,NA,NA,NA,NA,NA,NA,NA,NA,NA,NA,NA,NA,NA,NA,NA,NA,NA,NA,NA,NA,NA,NA,NA,NA
"Set_5dose_methods_prior","Set_5dose_methods_prior_SC5",5,"CRM","crm_level",NA,NA,"level",NA,0,0,0.0714,28,1,1,1,5,0.5,0.5,0.562,0.1466,NA,NA,1.0853,0.3876,0.3876,0,27.2698,27.2698,14.522,399.6553,1935,1935,"0.15,0.2,0.3,0.35,0.45",0,1.4142,0.15,0.85,NA,NA,NA,NA,NA,NA,NA,NA,NA,NA,NA,NA,NA,NA,NA,NA,NA,NA,NA,NA,NA,NA,NA,NA
"Set_5dose_methods_prior","Set_5dose_methods_prior_SC5",5,"CRM","crm_random",NA,NA,"random",NA,0,0,0.0714,28,1,1,1,1,0.3,0.3,0.2701,0.0791,NA,NA,44.8062,15.3814,15.3814,0,27.2977,27.2977,14.3669,400.0355,1935,1935,"0.15,0.2,0.3,0.35,0.45",0,1.4142,0.15,0.85,NA,NA,NA,NA,NA,NA,NA,NA,NA,NA,NA,NA,NA,NA,NA,NA,NA,NA,NA,NA,NA,NA,NA,NA
"Set_5dose_methods_prior","Set_5dose_methods_prior_SC5",5,"CRM","crm_random",NA,NA,"random",NA,0,0,0.0714,28,1,1,1,2,0.35,0.35,0.3255,NA,NA,NA,24.4961,6.6047,6.6047,0,27.2977,27.2977,14.3669,400.0355,1935,1935,"0.15,0.2,0.3,0.35,0.45",0,1.4142,0.15,0.85,NA,NA,NA,NA,NA,NA,NA,NA,NA,NA,NA,NA,NA,NA,NA,NA,NA,NA,NA,NA,NA,NA,NA,NA
"Set_5dose_methods_prior","Set_5dose_methods_prior_SC5",5,"CRM","crm_random",NA,NA,"random",NA,0,0,0.0714,28,1,1,1,3,0.4,0.4,0.4261,NA,NA,NA,11.7829,3.555,3.555,0,27.2977,27.2977,14.3669,400.0355,1935,1935,"0.15,0.2,0.3,0.35,0.45",0,1.4142,0.15,0.85,NA,NA,NA,NA,NA,NA,NA,NA,NA,NA,NA,NA,NA,NA,NA,NA,NA,NA,NA,NA,NA,NA,NA,NA
"Set_5dose_methods_prior","Set_5dose_methods_prior_SC5",5,"CRM","crm_random",NA,NA,"random",NA,0,0,0.0714,28,1,1,1,4,0.45,0.45,0.4731,NA,NA,NA,3.4625,1.3736,1.3736,0,27.2977,27.2977,14.3669,400.0355,1935,1935,"0.15,0.2,0.3,0.35,0.45",0,1.4142,0.15,0.85,NA,NA,NA,NA,NA,NA,NA,NA,NA,NA,NA,NA,NA,NA,NA,NA,NA,NA,NA,NA,NA,NA,NA,NA
"Set_5dose_methods_prior","Set_5dose_methods_prior_SC5",5,"CRM","crm_random",NA,NA,"random",NA,0,0,0.0714,28,1,1,1,5,0.5,0.5,0.5625,NA,NA,NA,1.0853,0.3829,0.3829,0,27.2977,27.2977,14.3669,400.0355,1935,1935,"0.15,0.2,0.3,0.35,0.45",0,1.4142,0.15,0.85,NA,NA,NA,NA,NA,NA,NA,NA,NA,NA,NA,NA,NA,NA,NA,NA,NA,NA,NA,NA,NA,NA,NA,NA
"Set_5dose_methods_prior","Set_5dose_methods_prior_SC5",5,"CRM","crm_alpha_crm",NA,NA,"alpha_crm",NA,0,0,0.0714,28,1,1,1,1,0.3,0.3,0.265,NA,NA,NA,41.0336,15.0651,15.0651,0,27.0124,27.0124,17.7261,395.9961,1935,1935,"0.15,0.2,0.3,0.35,0.45",0,1.4142,0.15,0.85,NA,NA,NA,NA,NA,NA,NA,NA,NA,NA,NA,NA,NA,"15,20,30,35,45",61,NA,NA,NA,NA,NA,NA,NA,NA,NA
"Set_5dose_methods_prior","Set_5dose_methods_prior_SC5",5,"CRM","crm_alpha_crm",NA,NA,"alpha_crm",NA,0,0,0.0714,28,1,1,1,2,0.35,0.35,0.3202,NA,NA,NA,24.6512,6.6217,6.6217,0,27.0124,27.0124,17.7261,395.9961,1935,1935,"0.15,0.2,0.3,0.35,0.45",0,1.4142,0.15,0.85,NA,NA,NA,NA,NA,NA,NA,NA,NA,NA,NA,NA,NA,"15,20,30,35,45",61,NA,NA,NA,NA,NA,NA,NA,NA,NA
"Set_5dose_methods_prior","Set_5dose_methods_prior_SC5",5,"CRM","crm_alpha_crm",NA,NA,"alpha_crm",NA,0,0,0.0714,28,1,1,1,3,0.4,0.4,0.4209,NA,NA,NA,11.8346,3.5736,3.5736,0,27.0124,27.0124,17.7261,395.9961,1935,1935,"0.15,0.2,0.3,0.35,0.45",0,1.4142,0.15,0.85,NA,NA,NA,NA,NA,NA,NA,NA,NA,NA,NA,NA,NA,"15,20,30,35,45",61,NA,NA,NA,NA,NA,NA,NA,NA,NA
"Set_5dose_methods_prior","Set_5dose_methods_prior_SC5",5,"CRM","crm_alpha_crm",NA,NA,"alpha_crm",NA,0,0,0.0714,28,1,1,1,4,0.45,0.45,0.468,NA,NA,NA,3.6693,1.3581,1.3581,0,27.0124,27.0124,17.7261,395.9961,1935,1935,"0.15,0.2,0.3,0.35,0.45",0,1.4142,0.15,0.85,NA,NA,NA,NA,NA,NA,NA,NA,NA,NA,NA,NA,NA,"15,20,30,35,45",61,NA,NA,NA,NA,NA,NA,NA,NA,NA
"Set_5dose_methods_prior","Set_5dose_methods_prior_SC5",5,"CRM","crm_alpha_crm",NA,NA,"alpha_crm",NA,0,0,0.0714,28,1,1,1,5,0.5,0.5,0.5579,NA,NA,NA,1.0853,0.3938,0.3938,0,27.0124,27.0124,17.7261,395.9961,1935,1935,"0.15,0.2,0.3,0.35,0.45",0,1.4142,0.15,0.85,NA,NA,NA,NA,NA,NA,NA,NA,NA,NA,NA,NA,NA,"15,20,30,35,45",61,NA,NA,NA,NA,NA,NA,NA,NA,NA
"Set_5dose_methods_prior","Set_5dose_methods_prior_SC5",5,"CRM","crm_cumu_crm",NA,NA,"cumu_crm",NA,0,0,0.0714,28,1,1,1,1,0.3,0.3,0.2403,NA,NA,NA,37.0026,11.6465,11.6465,0,28.7302,28.7302,8.0103,420.1591,1935,1935,"0.15,0.2,0.3,0.35,0.45",0,1.4142,0.15,0.85,NA,NA,NA,NA,NA,NA,NA,NA,NA,NA,NA,NA,NA,NA,NA,"15,20,30,35,45","0.62828086,0.83770782,1.25656172,1.46598868,1.88484259",-2.8,2,1,2.5,1.6,1,0
"Set_5dose_methods_prior","Set_5dose_methods_prior_SC5",5,"CRM","crm_cumu_crm",NA,NA,"cumu_crm",NA,0,0,0.0714,28,1,1,1,2,0.35,0.35,0.3183,NA,NA,NA,34.677,10.1535,10.1535,0,28.7302,28.7302,8.0103,420.1591,1935,1935,"0.15,0.2,0.3,0.35,0.45",0,1.4142,0.15,0.85,NA,NA,NA,NA,NA,NA,NA,NA,NA,NA,NA,NA,NA,NA,NA,"15,20,30,35,45","0.62828086,0.83770782,1.25656172,1.46598868,1.88484259",-2.8,2,1,2.5,1.6,1,0
"Set_5dose_methods_prior","Set_5dose_methods_prior_SC5",5,"CRM","crm_cumu_crm",NA,NA,"cumu_crm",NA,0,0,0.0714,28,1,1,1,3,0.4,0.4,0.492,NA,NA,NA,14.3669,4.6419,4.6419,0,28.7302,28.7302,8.0103,420.1591,1935,1935,"0.15,0.2,0.3,0.35,0.45",0,1.4142,0.15,0.85,NA,NA,NA,NA,NA,NA,NA,NA,NA,NA,NA,NA,NA,NA,NA,"15,20,30,35,45","0.62828086,0.83770782,1.25656172,1.46598868,1.88484259",-2.8,2,1,2.5,1.6,1,0
"Set_5dose_methods_prior","Set_5dose_methods_prior_SC5",5,"CRM","crm_cumu_crm",NA,NA,"cumu_crm",NA,0,0,0.0714,28,1,1,1,4,0.45,0.45,0.5731,NA,NA,NA,4.5478,1.8,1.8,0,28.7302,28.7302,8.0103,420.1591,1935,1935,"0.15,0.2,0.3,0.35,0.45",0,1.4142,0.15,0.85,NA,NA,NA,NA,NA,NA,NA,NA,NA,NA,NA,NA,NA,NA,NA,"15,20,30,35,45","0.62828086,0.83770782,1.25656172,1.46598868,1.88484259",-2.8,2,1,2.5,1.6,1,0
"Set_5dose_methods_prior","Set_5dose_methods_prior_SC5",5,"CRM","crm_cumu_crm",NA,NA,"cumu_crm",NA,0,0,0.0714,28,1,1,1,5,0.5,0.5,0.7058,NA,NA,NA,1.3953,0.4884,0.4884,0,28.7302,28.7302,8.0103,420.1591,1935,1935,"0.15,0.2,0.3,0.35,0.45",0,1.4142,0.15,0.85,NA,NA,NA,NA,NA,NA,NA,NA,NA,NA,NA,NA,NA,NA,NA,"15,20,30,35,45","0.62828086,0.83770782,1.25656172,1.46598868,1.88484259",-2.8,2,1,2.5,1.6,1,0
"Set_5dose_methods_prior","Set_5dose_methods_prior_SC5",5,"CRM","crm_fixed",NA,NA,"fixed",NA,0,0,0.0714,28,2,1,1,1,0.3,0.3,0.2698,0,NA,NA,44.7028,15.3318,15.3318,0,27.2527,22.3638,14.5736,349.5002,1935,1935,"0.15,0.2,0.3,0.35,0.45",0,1.4142,0.15,0.85,NA,NA,NA,NA,NA,NA,NA,NA,NA,NA,NA,NA,NA,NA,NA,NA,NA,NA,NA,NA,NA,NA,NA,NA
"Set_5dose_methods_prior","Set_5dose_methods_prior_SC5",5,"CRM","crm_fixed",NA,NA,"fixed",NA,0,0,0.0714,28,2,1,1,2,0.35,0.35,0.3252,NA,NA,NA,24.1344,6.6233,6.6233,3.7711,27.2527,22.3638,14.5736,349.5002,1935,1935,"0.15,0.2,0.3,0.35,0.45",0,1.4142,0.15,0.85,NA,NA,NA,NA,NA,NA,NA,NA,NA,NA,NA,NA,NA,NA,NA,NA,NA,NA,NA,NA,NA,NA,NA,NA
"Set_5dose_methods_prior","Set_5dose_methods_prior_SC5",5,"CRM","crm_fixed",NA,NA,"fixed",NA,0,0,0.0714,28,2,1,1,3,0.4,0.4,0.4258,NA,NA,NA,11.9897,3.5302,3.5302,0.3938,27.2527,22.3638,14.5736,349.5002,1935,1935,"0.15,0.2,0.3,0.35,0.45",0,1.4142,0.15,0.85,NA,NA,NA,NA,NA,NA,NA,NA,NA,NA,NA,NA,NA,NA,NA,NA,NA,NA,NA,NA,NA,NA,NA,NA
"Set_5dose_methods_prior","Set_5dose_methods_prior_SC5",5,"CRM","crm_fixed",NA,NA,"fixed",NA,0,0,0.0714,28,2,1,1,4,0.45,0.45,0.4728,NA,NA,NA,3.5142,1.3922,1.3922,0.6894,27.2527,22.3638,14.5736,349.5002,1935,1935,"0.15,0.2,0.3,0.35,0.45",0,1.4142,0.15,0.85,NA,NA,NA,NA,NA,NA,NA,NA,NA,NA,NA,NA,NA,NA,NA,NA,NA,NA,NA,NA,NA,NA,NA,NA
"Set_5dose_methods_prior","Set_5dose_methods_prior_SC5",5,"CRM","crm_fixed",NA,NA,"fixed",NA,0,0,0.0714,28,2,1,1,5,0.5,0.5,0.5623,NA,NA,NA,1.0853,0.3752,0.3752,0.0346,27.2527,22.3638,14.5736,349.5002,1935,1935,"0.15,0.2,0.3,0.35,0.45",0,1.4142,0.15,0.85,NA,NA,NA,NA,NA,NA,NA,NA,NA,NA,NA,NA,NA,NA,NA,NA,NA,NA,NA,NA,NA,NA,NA,NA
"Set_5dose_methods_prior","Set_5dose_methods_prior_SC5",5,"CRM","crm_level",NA,NA,"level",NA,0,0,0.0714,28,2,1,1,1,0.3,0.3,0.2614,NA,NA,NA,41.5504,14.2961,14.2961,0,27.3287,22.2,14.0568,349.3624,1935,1935,"0.15,0.2,0.3,0.35,0.45",0,1.4142,0.15,0.85,NA,NA,NA,NA,NA,NA,NA,NA,NA,NA,NA,NA,NA,NA,NA,NA,NA,NA,NA,NA,NA,NA,NA,NA
"Set_5dose_methods_prior","Set_5dose_methods_prior_SC5",5,"CRM","crm_level",NA,NA,"level",NA,0,0,0.0714,28,2,1,1,2,0.35,0.35,0.3161,0.0743,NA,NA,25.6848,6.9132,6.9132,3.7447,27.3287,22.2,14.0568,349.3624,1935,1935,"0.15,0.2,0.3,0.35,0.45",0,1.4142,0.15,0.85,NA,NA,NA,NA,NA,NA,NA,NA,NA,NA,NA,NA,NA,NA,NA,NA,NA,NA,NA,NA,NA,NA,NA,NA
"Set_5dose_methods_prior","Set_5dose_methods_prior_SC5",5,"CRM","crm_level",NA,NA,"level",NA,0,0,0.0714,28,2,1,1,3,0.4,0.4,0.4161,0.1098,NA,NA,13.1783,3.8016,3.8016,0.5245,27.3287,22.2,14.0568,349.3624,1935,1935,"0.15,0.2,0.3,0.35,0.45",0,1.4142,0.15,0.85,NA,NA,NA,NA,NA,NA,NA,NA,NA,NA,NA,NA,NA,NA,NA,NA,NA,NA,NA,NA,NA,NA,NA,NA
"Set_5dose_methods_prior","Set_5dose_methods_prior_SC5",5,"CRM","crm_level",NA,NA,"level",NA,0,0,0.0714,28,2,1,1,4,0.45,0.45,0.4631,0.132,NA,NA,3.9793,1.645,1.645,0.7736,27.3287,22.2,14.0568,349.3624,1935,1935,"0.15,0.2,0.3,0.35,0.45",0,1.4142,0.15,0.85,NA,NA,NA,NA,NA,NA,NA,NA,NA,NA,NA,NA,NA,NA,NA,NA,NA,NA,NA,NA,NA,NA,NA,NA
"Set_5dose_methods_prior","Set_5dose_methods_prior_SC5",5,"CRM","crm_level",NA,NA,"level",NA,0,0,0.0714,28,2,1,1,5,0.5,0.5,0.553,0.1441,NA,NA,1.5504,0.6729,0.6729,0.0858,27.3287,22.2,14.0568,349.3624,1935,1935,"0.15,0.2,0.3,0.35,0.45",0,1.4142,0.15,0.85,NA,NA,NA,NA,NA,NA,NA,NA,NA,NA,NA,NA,NA,NA,NA,NA,NA,NA,NA,NA,NA,NA,NA,NA
"Set_5dose_methods_prior","Set_5dose_methods_prior_SC5",5,"CRM","crm_random",NA,NA,"random",NA,0,0,0.0714,28,2,1,1,1,0.3,0.3,0.2614,0.0631,NA,NA,42.1705,14.2403,14.2403,0,27.3225,22.2005,14.1085,349.0092,1935,1935,"0.15,0.2,0.3,0.35,0.45",0,1.4142,0.15,0.85,NA,NA,NA,NA,NA,NA,NA,NA,NA,NA,NA,NA,NA,NA,NA,NA,NA,NA,NA,NA,NA,NA,NA,NA
"Set_5dose_methods_prior","Set_5dose_methods_prior_SC5",5,"CRM","crm_random",NA,NA,"random",NA,0,0,0.0714,28,2,1,1,2,0.35,0.35,0.3161,NA,NA,NA,25.0646,6.9023,6.9023,3.7587,27.3225,22.2005,14.1085,349.0092,1935,1935,"0.15,0.2,0.3,0.35,0.45",0,1.4142,0.15,0.85,NA,NA,NA,NA,NA,NA,NA,NA,NA,NA,NA,NA,NA,NA,NA,NA,NA,NA,NA,NA,NA,NA,NA,NA
"Set_5dose_methods_prior","Set_5dose_methods_prior_SC5",5,"CRM","crm_random",NA,NA,"random",NA,0,0,0.0714,28,2,1,1,3,0.4,0.4,0.416,NA,NA,NA,12.8682,3.8543,3.8543,0.5163,27.3225,22.2005,14.1085,349.0092,1935,1935,"0.15,0.2,0.3,0.35,0.45",0,1.4142,0.15,0.85,NA,NA,NA,NA,NA,NA,NA,NA,NA,NA,NA,NA,NA,NA,NA,NA,NA,NA,NA,NA,NA,NA,NA,NA
"Set_5dose_methods_prior","Set_5dose_methods_prior_SC5",5,"CRM","crm_random",NA,NA,"random",NA,0,0,0.0714,28,2,1,1,4,0.45,0.45,0.463,NA,NA,NA,4.3411,1.6465,1.6465,0.7716,27.3225,22.2005,14.1085,349.0092,1935,1935,"0.15,0.2,0.3,0.35,0.45",0,1.4142,0.15,0.85,NA,NA,NA,NA,NA,NA,NA,NA,NA,NA,NA,NA,NA,NA,NA,NA,NA,NA,NA,NA,NA,NA,NA,NA
"Set_5dose_methods_prior","Set_5dose_methods_prior_SC5",5,"CRM","crm_random",NA,NA,"random",NA,0,0,0.0714,28,2,1,1,5,0.5,0.5,0.5528,NA,NA,NA,1.447,0.6791,0.6791,0.0755,27.3225,22.2005,14.1085,349.0092,1935,1935,"0.15,0.2,0.3,0.35,0.45",0,1.4142,0.15,0.85,NA,NA,NA,NA,NA,NA,NA,NA,NA,NA,NA,NA,NA,NA,NA,NA,NA,NA,NA,NA,NA,NA,NA,NA
"Set_5dose_methods_prior","Set_5dose_methods_prior_SC5",5,"CRM","crm_alpha_crm",NA,NA,"alpha_crm",NA,0,0,0.0714,28,2,1,1,1,0.3,0.3,0.2523,NA,NA,NA,37.1576,14.1225,14.1225,0,27.1457,22.0284,16.7442,347.0286,1935,1935,"0.15,0.2,0.3,0.35,0.45",0,1.4142,0.15,0.85,NA,NA,NA,NA,NA,NA,NA,NA,NA,NA,NA,NA,NA,"15,20,30,35,45",61,NA,NA,NA,NA,NA,NA,NA,NA,NA
"Set_5dose_methods_prior","Set_5dose_methods_prior_SC5",5,"CRM","crm_alpha_crm",NA,NA,"alpha_crm",NA,0,0,0.0714,28,2,1,1,2,0.35,0.35,0.3065,NA,NA,NA,24.4961,6.7659,6.7659,3.7044,27.1457,22.0284,16.7442,347.0286,1935,1935,"0.15,0.2,0.3,0.35,0.45",0,1.4142,0.15,0.85,NA,NA,NA,NA,NA,NA,NA,NA,NA,NA,NA,NA,NA,"15,20,30,35,45",61,NA,NA,NA,NA,NA,NA,NA,NA,NA
"Set_5dose_methods_prior","Set_5dose_methods_prior_SC5",5,"CRM","crm_alpha_crm",NA,NA,"alpha_crm",NA,0,0,0.0714,28,2,1,1,3,0.4,0.4,0.4063,NA,NA,NA,14.4186,3.7023,3.7023,0.5762,27.1457,22.0284,16.7442,347.0286,1935,1935,"0.15,0.2,0.3,0.35,0.45",0,1.4142,0.15,0.85,NA,NA,NA,NA,NA,NA,NA,NA,NA,NA,NA,NA,NA,"15,20,30,35,45",61,NA,NA,NA,NA,NA,NA,NA,NA,NA
"Set_5dose_methods_prior","Set_5dose_methods_prior_SC5",5,"CRM","crm_alpha_crm",NA,NA,"alpha_crm",NA,0,0,0.0714,28,2,1,1,4,0.45,0.45,0.4533,NA,NA,NA,5.168,1.7132,1.7132,0.723,27.1457,22.0284,16.7442,347.0286,1935,1935,"0.15,0.2,0.3,0.35,0.45",0,1.4142,0.15,0.85,NA,NA,NA,NA,NA,NA,NA,NA,NA,NA,NA,NA,NA,"15,20,30,35,45",61,NA,NA,NA,NA,NA,NA,NA,NA,NA
"Set_5dose_methods_prior","Set_5dose_methods_prior_SC5",5,"CRM","crm_alpha_crm",NA,NA,"alpha_crm",NA,0,0,0.0714,28,2,1,1,5,0.5,0.5,0.5439,NA,NA,NA,2.0155,0.8419,0.8419,0.1137,27.1457,22.0284,16.7442,347.0286,1935,1935,"0.15,0.2,0.3,0.35,0.45",0,1.4142,0.15,0.85,NA,NA,NA,NA,NA,NA,NA,NA,NA,NA,NA,NA,NA,"15,20,30,35,45",61,NA,NA,NA,NA,NA,NA,NA,NA,NA
"Set_5dose_methods_prior","Set_5dose_methods_prior_SC5",5,"CRM","crm_cumu_crm",NA,NA,"cumu_crm",NA,0,0,0.0714,28,2,1,1,1,0.3,0.3,0.2189,NA,NA,NA,29.3023,10.1426,10.1426,0,28.7426,23.1302,7.6486,359.6415,1935,1935,"0.15,0.2,0.3,0.35,0.45",0,1.4142,0.15,0.85,NA,NA,NA,NA,NA,NA,NA,NA,NA,NA,NA,NA,NA,NA,NA,"15,20,30,35,45","0.62828086,0.83770782,1.25656172,1.46598868,1.88484259",-2.8,2,1,2.5,1.6,1,0
"Set_5dose_methods_prior","Set_5dose_methods_prior_SC5",5,"CRM","crm_cumu_crm",NA,NA,"cumu_crm",NA,0,0,0.0714,28,2,1,1,2,0.35,0.35,0.2879,NA,NA,NA,32.1964,9.7411,9.7411,3.399,28.7426,23.1302,7.6486,359.6415,1935,1935,"0.15,0.2,0.3,0.35,0.45",0,1.4142,0.15,0.85,NA,NA,NA,NA,NA,NA,NA,NA,NA,NA,NA,NA,NA,NA,NA,"15,20,30,35,45","0.62828086,0.83770782,1.25656172,1.46598868,1.88484259",-2.8,2,1,2.5,1.6,1,0
"Set_5dose_methods_prior","Set_5dose_methods_prior_SC5",5,"CRM","crm_cumu_crm",NA,NA,"cumu_crm",NA,0,0,0.0714,28,2,1,1,3,0.4,0.4,0.4458,NA,NA,NA,18.8114,4.9519,4.9519,1.0935,28.7426,23.1302,7.6486,359.6415,1935,1935,"0.15,0.2,0.3,0.35,0.45",0,1.4142,0.15,0.85,NA,NA,NA,NA,NA,NA,NA,NA,NA,NA,NA,NA,NA,NA,NA,"15,20,30,35,45","0.62828086,0.83770782,1.25656172,1.46598868,1.88484259",-2.8,2,1,2.5,1.6,1,0
"Set_5dose_methods_prior","Set_5dose_methods_prior_SC5",5,"CRM","crm_cumu_crm",NA,NA,"cumu_crm",NA,0,0,0.0714,28,2,1,1,4,0.45,0.45,0.5229,NA,NA,NA,8.5788,2.6031,2.6031,0.8966,28.7426,23.1302,7.6486,359.6415,1935,1935,"0.15,0.2,0.3,0.35,0.45",0,1.4142,0.15,0.85,NA,NA,NA,NA,NA,NA,NA,NA,NA,NA,NA,NA,NA,NA,NA,"15,20,30,35,45","0.62828086,0.83770782,1.25656172,1.46598868,1.88484259",-2.8,2,1,2.5,1.6,1,0
"Set_5dose_methods_prior","Set_5dose_methods_prior_SC5",5,"CRM","crm_cumu_crm",NA,NA,"cumu_crm",NA,0,0,0.0714,28,2,1,1,5,0.5,0.5,0.6553,NA,NA,NA,3.4625,1.3039,1.3039,0.2233,28.7426,23.1302,7.6486,359.6415,1935,1935,"0.15,0.2,0.3,0.35,0.45",0,1.4142,0.15,0.85,NA,NA,NA,NA,NA,NA,NA,NA,NA,NA,NA,NA,NA,NA,NA,"15,20,30,35,45","0.62828086,0.83770782,1.25656172,1.46598868,1.88484259",-2.8,2,1,2.5,1.6,1,0
"Set_5dose_methods_prior","Set_5dose_methods_prior_SC5",5,"CRM","crm_fixed",NA,NA,"fixed",NA,0,0,0.0714,28,3,1,1,1,0.3,0.3,0.2702,0,NA,NA,44.8062,15.3581,15.3581,0,27.276,21.4889,14.4703,342.5247,1935,1935,"0.15,0.2,0.3,0.35,0.45",0,1.4142,0.15,0.85,NA,NA,NA,NA,NA,NA,NA,NA,NA,NA,NA,NA,NA,NA,NA,NA,NA,NA,NA,NA,NA,NA,NA,NA
"Set_5dose_methods_prior","Set_5dose_methods_prior_SC5",5,"CRM","crm_fixed",NA,NA,"fixed",NA,0,0,0.0714,28,3,1,1,2,0.35,0.35,0.3255,NA,NA,NA,24.2894,6.6372,6.6372,3.7597,27.276,21.4889,14.4703,342.5247,1935,1935,"0.15,0.2,0.3,0.35,0.45",0,1.4142,0.15,0.85,NA,NA,NA,NA,NA,NA,NA,NA,NA,NA,NA,NA,NA,NA,NA,NA,NA,NA,NA,NA,NA,NA,NA,NA
"Set_5dose_methods_prior","Set_5dose_methods_prior_SC5",5,"CRM","crm_fixed",NA,NA,"fixed",NA,0,0,0.0714,28,3,1,1,3,0.4,0.4,0.4262,NA,NA,NA,11.7313,3.5349,3.5349,1.5318,27.276,21.4889,14.4703,342.5247,1935,1935,"0.15,0.2,0.3,0.35,0.45",0,1.4142,0.15,0.85,NA,NA,NA,NA,NA,NA,NA,NA,NA,NA,NA,NA,NA,NA,NA,NA,NA,NA,NA,NA,NA,NA,NA,NA
"Set_5dose_methods_prior","Set_5dose_methods_prior_SC5",5,"CRM","crm_fixed",NA,NA,"fixed",NA,0,0,0.0714,28,3,1,1,4,0.45,0.45,0.4731,NA,NA,NA,3.6693,1.355,1.355,0.3638,27.276,21.4889,14.4703,342.5247,1935,1935,"0.15,0.2,0.3,0.35,0.45",0,1.4142,0.15,0.85,NA,NA,NA,NA,NA,NA,NA,NA,NA,NA,NA,NA,NA,NA,NA,NA,NA,NA,NA,NA,NA,NA,NA,NA
"Set_5dose_methods_prior","Set_5dose_methods_prior_SC5",5,"CRM","crm_fixed",NA,NA,"fixed",NA,0,0,0.0714,28,3,1,1,5,0.5,0.5,0.5626,NA,NA,NA,1.0336,0.3907,0.3907,0.1318,27.276,21.4889,14.4703,342.5247,1935,1935,"0.15,0.2,0.3,0.35,0.45",0,1.4142,0.15,0.85,NA,NA,NA,NA,NA,NA,NA,NA,NA,NA,NA,NA,NA,NA,NA,NA,NA,NA,NA,NA,NA,NA,NA,NA
"Set_5dose_methods_prior","Set_5dose_methods_prior_SC5",5,"CRM","crm_level",NA,NA,"level",NA,0,0,0.0714,28,3,1,1,1,0.3,0.3,0.2583,NA,NA,NA,40.8786,14.1457,14.1457,0,27.307,21.1096,14.3152,340.5738,1935,1935,"0.15,0.2,0.3,0.35,0.45",0,1.4142,0.15,0.85,NA,NA,NA,NA,NA,NA,NA,NA,NA,NA,NA,NA,NA,NA,NA,NA,NA,NA,NA,NA,NA,NA,NA,NA
"Set_5dose_methods_prior","Set_5dose_methods_prior_SC5",5,"CRM","crm_level",NA,NA,"level",NA,0,0,0.0714,28,3,1,1,2,0.35,0.35,0.3127,0.0741,NA,NA,24.9612,6.6264,6.6264,3.7897,27.307,21.1096,14.3152,340.5738,1935,1935,"0.15,0.2,0.3,0.35,0.45",0,1.4142,0.15,0.85,NA,NA,NA,NA,NA,NA,NA,NA,NA,NA,NA,NA,NA,NA,NA,NA,NA,NA,NA,NA,NA,NA,NA,NA
"Set_5dose_methods_prior","Set_5dose_methods_prior_SC5",5,"CRM","crm_level",NA,NA,"level",NA,0,0,0.0714,28,3,1,1,3,0.4,0.4,0.4125,0.1066,NA,NA,13.3333,3.8527,3.8527,1.6605,27.307,21.1096,14.3152,340.5738,1935,1935,"0.15,0.2,0.3,0.35,0.45",0,1.4142,0.15,0.85,NA,NA,NA,NA,NA,NA,NA,NA,NA,NA,NA,NA,NA,NA,NA,NA,NA,NA,NA,NA,NA,NA,NA,NA
"Set_5dose_methods_prior","Set_5dose_methods_prior_SC5",5,"CRM","crm_level",NA,NA,"level",NA,0,0,0.0714,28,3,1,1,4,0.45,0.45,0.4595,0.1265,NA,NA,4.8579,1.8434,1.8434,0.4419,27.307,21.1096,14.3152,340.5738,1935,1935,"0.15,0.2,0.3,0.35,0.45",0,1.4142,0.15,0.85,NA,NA,NA,NA,NA,NA,NA,NA,NA,NA,NA,NA,NA,NA,NA,NA,NA,NA,NA,NA,NA,NA,NA,NA
"Set_5dose_methods_prior","Set_5dose_methods_prior_SC5",5,"CRM","crm_level",NA,NA,"level",NA,0,0,0.0714,28,3,1,1,5,0.5,0.5,0.5495,0.1421,NA,NA,1.6537,0.8388,0.8388,0.3054,27.307,21.1096,14.3152,340.5738,1935,1935,"0.15,0.2,0.3,0.35,0.45",0,1.4142,0.15,0.85,NA,NA,NA,NA,NA,NA,NA,NA,NA,NA,NA,NA,NA,NA,NA,NA,NA,NA,NA,NA,NA,NA,NA,NA
"Set_5dose_methods_prior","Set_5dose_methods_prior_SC5",5,"CRM","crm_random",NA,NA,"random",NA,0,0,0.0714,28,3,1,1,1,0.3,0.3,0.2597,0.0625,NA,NA,41.137,14.1023,14.1023,0,27.3287,21.1276,14.1602,341.0155,1935,1935,"0.15,0.2,0.3,0.35,0.45",0,1.4142,0.15,0.85,NA,NA,NA,NA,NA,NA,NA,NA,NA,NA,NA,NA,NA,NA,NA,NA,NA,NA,NA,NA,NA,NA,NA,NA
"Set_5dose_methods_prior","Set_5dose_methods_prior_SC5",5,"CRM","crm_random",NA,NA,"random",NA,0,0,0.0714,28,3,1,1,2,0.35,0.35,0.3142,NA,NA,NA,25.4264,6.6961,6.6961,3.7339,27.3287,21.1276,14.1602,341.0155,1935,1935,"0.15,0.2,0.3,0.35,0.45",0,1.4142,0.15,0.85,NA,NA,NA,NA,NA,NA,NA,NA,NA,NA,NA,NA,NA,NA,NA,NA,NA,NA,NA,NA,NA,NA,NA,NA
"Set_5dose_methods_prior","Set_5dose_methods_prior_SC5",5,"CRM","crm_random",NA,NA,"random",NA,0,0,0.0714,28,3,1,1,3,0.4,0.4,0.414,NA,NA,NA,13.1783,3.9519,3.9519,1.7168,27.3287,21.1276,14.1602,341.0155,1935,1935,"0.15,0.2,0.3,0.35,0.45",0,1.4142,0.15,0.85,NA,NA,NA,NA,NA,NA,NA,NA,NA,NA,NA,NA,NA,NA,NA,NA,NA,NA,NA,NA,NA,NA,NA,NA
"Set_5dose_methods_prior","Set_5dose_methods_prior_SC5",5,"CRM","crm_random",NA,NA,"random",NA,0,0,0.0714,28,3,1,1,4,0.45,0.45,0.4608,NA,NA,NA,4.6512,1.8233,1.8233,0.4625,27.3287,21.1276,14.1602,341.0155,1935,1935,"0.15,0.2,0.3,0.35,0.45",0,1.4142,0.15,0.85,NA,NA,NA,NA,NA,NA,NA,NA,NA,NA,NA,NA,NA,NA,NA,NA,NA,NA,NA,NA,NA,NA,NA,NA
"Set_5dose_methods_prior","Set_5dose_methods_prior_SC5",5,"CRM","crm_random",NA,NA,"random",NA,0,0,0.0714,28,3,1,1,5,0.5,0.5,0.5507,NA,NA,NA,1.447,0.755,0.755,0.2879,27.3287,21.1276,14.1602,341.0155,1935,1935,"0.15,0.2,0.3,0.35,0.45",0,1.4142,0.15,0.85,NA,NA,NA,NA,NA,NA,NA,NA,NA,NA,NA,NA,NA,NA,NA,NA,NA,NA,NA,NA,NA,NA,NA,NA
"Set_5dose_methods_prior","Set_5dose_methods_prior_SC5",5,"CRM","crm_alpha_crm",NA,NA,"alpha_crm",NA,0,0,0.0714,28,3,1,1,1,0.3,0.3,0.2469,NA,NA,NA,35.2972,13.8651,13.8651,0,27.1426,20.985,16.7442,338.5907,1935,1935,"0.15,0.2,0.3,0.35,0.45",0,1.4142,0.15,0.85,NA,NA,NA,NA,NA,NA,NA,NA,NA,NA,NA,NA,NA,"15,20,30,35,45",61,NA,NA,NA,NA,NA,NA,NA,NA,NA
"Set_5dose_methods_prior","Set_5dose_methods_prior_SC5",5,"CRM","crm_alpha_crm",NA,NA,"alpha_crm",NA,0,0,0.0714,28,3,1,1,2,0.35,0.35,0.3005,NA,NA,NA,23.6176,6.3473,6.3473,3.6553,27.1426,20.985,16.7442,338.5907,1935,1935,"0.15,0.2,0.3,0.35,0.45",0,1.4142,0.15,0.85,NA,NA,NA,NA,NA,NA,NA,NA,NA,NA,NA,NA,NA,"15,20,30,35,45",61,NA,NA,NA,NA,NA,NA,NA,NA,NA
"Set_5dose_methods_prior","Set_5dose_methods_prior_SC5",5,"CRM","crm_alpha_crm",NA,NA,"alpha_crm",NA,0,0,0.0714,28,3,1,1,3,0.4,0.4,0.3997,NA,NA,NA,16.2274,3.7488,3.7488,1.738,27.1426,20.985,16.7442,338.5907,1935,1935,"0.15,0.2,0.3,0.35,0.45",0,1.4142,0.15,0.85,NA,NA,NA,NA,NA,NA,NA,NA,NA,NA,NA,NA,NA,"15,20,30,35,45",61,NA,NA,NA,NA,NA,NA,NA,NA,NA
"Set_5dose_methods_prior","Set_5dose_methods_prior_SC5",5,"CRM","crm_alpha_crm",NA,NA,"alpha_crm",NA,0,0,0.0714,28,3,1,1,4,0.45,0.45,0.4467,NA,NA,NA,5.168,2.0961,2.0961,0.4207,27.1426,20.985,16.7442,338.5907,1935,1935,"0.15,0.2,0.3,0.35,0.45",0,1.4142,0.15,0.85,NA,NA,NA,NA,NA,NA,NA,NA,NA,NA,NA,NA,NA,"15,20,30,35,45",61,NA,NA,NA,NA,NA,NA,NA,NA,NA
"Set_5dose_methods_prior","Set_5dose_methods_prior_SC5",5,"CRM","crm_alpha_crm",NA,NA,"alpha_crm",NA,0,0,0.0714,28,3,1,1,5,0.5,0.5,0.5374,NA,NA,NA,2.9457,1.0853,1.0853,0.3437,27.1426,20.985,16.7442,338.5907,1935,1935,"0.15,0.2,0.3,0.35,0.45",0,1.4142,0.15,0.85,NA,NA,NA,NA,NA,NA,NA,NA,NA,NA,NA,NA,NA,"15,20,30,35,45",61,NA,NA,NA,NA,NA,NA,NA,NA,NA
"Set_5dose_methods_prior","Set_5dose_methods_prior_SC5",5,"CRM","crm_cumu_crm",NA,NA,"cumu_crm",NA,0,0,0.0714,28,3,1,1,1,0.3,0.3,0.2124,NA,NA,NA,26.6667,9.8047,9.8047,0,28.7333,21.8951,7.7519,348.7723,1935,1935,"0.15,0.2,0.3,0.35,0.45",0,1.4142,0.15,0.85,NA,NA,NA,NA,NA,NA,NA,NA,NA,NA,NA,NA,NA,NA,NA,"15,20,30,35,45","0.62828086,0.83770782,1.25656172,1.46598868,1.88484259",-2.8,2,1,2.5,1.6,1,0
"Set_5dose_methods_prior","Set_5dose_methods_prior_SC5",5,"CRM","crm_cumu_crm",NA,NA,"cumu_crm",NA,0,0,0.0714,28,3,1,1,2,0.35,0.35,0.278,NA,NA,NA,29.7158,8.6589,8.6589,3.3302,28.7333,21.8951,7.7519,348.7723,1935,1935,"0.15,0.2,0.3,0.35,0.45",0,1.4142,0.15,0.85,NA,NA,NA,NA,NA,NA,NA,NA,NA,NA,NA,NA,NA,NA,NA,"15,20,30,35,45","0.62828086,0.83770782,1.25656172,1.46598868,1.88484259",-2.8,2,1,2.5,1.6,1,0
"Set_5dose_methods_prior","Set_5dose_methods_prior_SC5",5,"CRM","crm_cumu_crm",NA,NA,"cumu_crm",NA,0,0,0.0714,28,3,1,1,3,0.4,0.4,0.4292,NA,NA,NA,21.6537,5.2915,5.2915,2.1674,28.7333,21.8951,7.7519,348.7723,1935,1935,"0.15,0.2,0.3,0.35,0.45",0,1.4142,0.15,0.85,NA,NA,NA,NA,NA,NA,NA,NA,NA,NA,NA,NA,NA,NA,NA,"15,20,30,35,45","0.62828086,0.83770782,1.25656172,1.46598868,1.88484259",-2.8,2,1,2.5,1.6,1,0
"Set_5dose_methods_prior","Set_5dose_methods_prior_SC5",5,"CRM","crm_cumu_crm",NA,NA,"cumu_crm",NA,0,0,0.0714,28,3,1,1,4,0.45,0.45,0.5042,NA,NA,NA,10.1292,3.3473,3.3473,0.8134,28.7333,21.8951,7.7519,348.7723,1935,1935,"0.15,0.2,0.3,0.35,0.45",0,1.4142,0.15,0.85,NA,NA,NA,NA,NA,NA,NA,NA,NA,NA,NA,NA,NA,NA,NA,"15,20,30,35,45","0.62828086,0.83770782,1.25656172,1.46598868,1.88484259",-2.8,2,1,2.5,1.6,1,0
"Set_5dose_methods_prior","Set_5dose_methods_prior_SC5",5,"CRM","crm_cumu_crm",NA,NA,"cumu_crm",NA,0,0,0.0714,28,3,1,1,5,0.5,0.5,0.636,NA,NA,NA,4.0827,1.631,1.631,0.5271,28.7333,21.8951,7.7519,348.7723,1935,1935,"0.15,0.2,0.3,0.35,0.45",0,1.4142,0.15,0.85,NA,NA,NA,NA,NA,NA,NA,NA,NA,NA,NA,NA,NA,NA,NA,"15,20,30,35,45","0.62828086,0.83770782,1.25656172,1.46598868,1.88484259",-2.8,2,1,2.5,1.6,1,0
"Set_5dose_methods_prior","Set_5dose_methods_prior_SC5",5,"CRM","crm_fixed",NA,NA,"fixed",NA,0.3,0,0.0714,28,1,1,1,1,0.3,0.3,0.2699,0,NA,NA,44.8062,15.3736,15.3736,0,27.2853,27.2853,14.4186,399.7319,1935,1935,"0.15,0.2,0.3,0.35,0.45",0,1.4142,0.15,0.85,NA,NA,NA,NA,NA,NA,NA,NA,NA,NA,NA,NA,NA,NA,NA,NA,NA,NA,NA,NA,NA,NA,NA,NA
"Set_5dose_methods_prior","Set_5dose_methods_prior_SC5",5,"CRM","crm_fixed",NA,NA,"fixed",NA,0.3,0,0.0714,28,1,1,1,2,0.35,0.44,0.3253,NA,NA,NA,24.1344,6.6124,6.6124,0,27.2853,27.2853,14.4186,399.7319,1935,1935,"0.15,0.2,0.3,0.35,0.45",0,1.4142,0.15,0.85,NA,NA,NA,NA,NA,NA,NA,NA,NA,NA,NA,NA,NA,NA,NA,NA,NA,NA,NA,NA,NA,NA,NA,NA
"Set_5dose_methods_prior","Set_5dose_methods_prior_SC5",5,"CRM","crm_fixed",NA,NA,"fixed",NA,0.3,0,0.0714,28,1,1,1,3,0.4,0.505,0.4259,NA,NA,NA,11.938,3.5535,3.5535,0,27.2853,27.2853,14.4186,399.7319,1935,1935,"0.15,0.2,0.3,0.35,0.45",0,1.4142,0.15,0.85,NA,NA,NA,NA,NA,NA,NA,NA,NA,NA,NA,NA,NA,NA,NA,NA,NA,NA,NA,NA,NA,NA,NA,NA
"Set_5dose_methods_prior","Set_5dose_methods_prior_SC5",5,"CRM","crm_fixed",NA,NA,"fixed",NA,0.3,0,0.0714,28,1,1,1,4,0.45,0.57,0.4729,NA,NA,NA,3.6176,1.3519,1.3519,0,27.2853,27.2853,14.4186,399.7319,1935,1935,"0.15,0.2,0.3,0.35,0.45",0,1.4142,0.15,0.85,NA,NA,NA,NA,NA,NA,NA,NA,NA,NA,NA,NA,NA,NA,NA,NA,NA,NA,NA,NA,NA,NA,NA,NA
"Set_5dose_methods_prior","Set_5dose_methods_prior_SC5",5,"CRM","crm_fixed",NA,NA,"fixed",NA,0.3,0,0.0714,28,1,1,1,5,0.5,0.635,0.5623,NA,NA,NA,1.0853,0.3938,0.3938,0,27.2853,27.2853,14.4186,399.7319,1935,1935,"0.15,0.2,0.3,0.35,0.45",0,1.4142,0.15,0.85,NA,NA,NA,NA,NA,NA,NA,NA,NA,NA,NA,NA,NA,NA,NA,NA,NA,NA,NA,NA,NA,NA,NA,NA
"Set_5dose_methods_prior","Set_5dose_methods_prior_SC5",5,"CRM","crm_level",NA,NA,"level",NA,0.3,0,0.0714,28,1,1,1,1,0.3,0.3,0.2701,NA,NA,NA,44.8062,15.3504,15.3504,0,27.2868,27.2868,14.3669,399.938,1935,1935,"0.15,0.2,0.3,0.35,0.45",0,1.4142,0.15,0.85,NA,NA,NA,NA,NA,NA,NA,NA,NA,NA,NA,NA,NA,NA,NA,NA,NA,NA,NA,NA,NA,NA,NA,NA
"Set_5dose_methods_prior","Set_5dose_methods_prior_SC5",5,"CRM","crm_level",NA,NA,"level",NA,0.3,0,0.0714,28,1,1,1,2,0.35,0.44,0.3255,0.0923,NA,NA,24.3928,6.6062,6.6062,0,27.2868,27.2868,14.3669,399.938,1935,1935,"0.15,0.2,0.3,0.35,0.45",0,1.4142,0.15,0.85,NA,NA,NA,NA,NA,NA,NA,NA,NA,NA,NA,NA,NA,NA,NA,NA,NA,NA,NA,NA,NA,NA,NA,NA
"Set_5dose_methods_prior","Set_5dose_methods_prior_SC5",5,"CRM","crm_level",NA,NA,"level",NA,0.3,0,0.0714,28,1,1,1,3,0.4,0.505,0.4261,0.1169,NA,NA,11.6279,3.569,3.569,0,27.2868,27.2868,14.3669,399.938,1935,1935,"0.15,0.2,0.3,0.35,0.45",0,1.4142,0.15,0.85,NA,NA,NA,NA,NA,NA,NA,NA,NA,NA,NA,NA,NA,NA,NA,NA,NA,NA,NA,NA,NA,NA,NA,NA
"Set_5dose_methods_prior","Set_5dose_methods_prior_SC5",5,"CRM","crm_level",NA,NA,"level",NA,0.3,0,0.0714,28,1,1,1,4,0.45,0.57,0.4731,0.1345,NA,NA,3.7209,1.3752,1.3752,0,27.2868,27.2868,14.3669,399.938,1935,1935,"0.15,0.2,0.3,0.35,0.45",0,1.4142,0.15,0.85,NA,NA,NA,NA,NA,NA,NA,NA,NA,NA,NA,NA,NA,NA,NA,NA,NA,NA,NA,NA,NA,NA,NA,NA
"Set_5dose_methods_prior","Set_5dose_methods_prior_SC5",5,"CRM","crm_level",NA,NA,"level",NA,0.3,0,0.0714,28,1,1,1,5,0.5,0.635,0.5625,0.1469,NA,NA,1.0853,0.386,0.386,0,27.2868,27.2868,14.3669,399.938,1935,1935,"0.15,0.2,0.3,0.35,0.45",0,1.4142,0.15,0.85,NA,NA,NA,NA,NA,NA,NA,NA,NA,NA,NA,NA,NA,NA,NA,NA,NA,NA,NA,NA,NA,NA,NA,NA
"Set_5dose_methods_prior","Set_5dose_methods_prior_SC5",5,"CRM","crm_random",NA,NA,"random",NA,0.3,0,0.0714,28,1,1,1,1,0.3,0.3,0.2696,0.0732,NA,NA,44.9612,15.3364,15.3364,0,27.2651,27.2651,14.522,399.5593,1935,1935,"0.15,0.2,0.3,0.35,0.45",0,1.4142,0.15,0.85,NA,NA,NA,NA,NA,NA,NA,NA,NA,NA,NA,NA,NA,NA,NA,NA,NA,NA,NA,NA,NA,NA,NA,NA
"Set_5dose_methods_prior","Set_5dose_methods_prior_SC5",5,"CRM","crm_random",NA,NA,"random",NA,0.3,0,0.0714,28,1,1,1,2,0.35,0.44,0.325,NA,NA,NA,23.9793,6.6171,6.6171,0,27.2651,27.2651,14.522,399.5593,1935,1935,"0.15,0.2,0.3,0.35,0.45",0,1.4142,0.15,0.85,NA,NA,NA,NA,NA,NA,NA,NA,NA,NA,NA,NA,NA,NA,NA,NA,NA,NA,NA,NA,NA,NA,NA,NA
"Set_5dose_methods_prior","Set_5dose_methods_prior_SC5",5,"CRM","crm_random",NA,NA,"random",NA,0.3,0,0.0714,28,1,1,1,3,0.4,0.505,0.4256,NA,NA,NA,11.7829,3.5504,3.5504,0,27.2651,27.2651,14.522,399.5593,1935,1935,"0.15,0.2,0.3,0.35,0.45",0,1.4142,0.15,0.85,NA,NA,NA,NA,NA,NA,NA,NA,NA,NA,NA,NA,NA,NA,NA,NA,NA,NA,NA,NA,NA,NA,NA,NA
"Set_5dose_methods_prior","Set_5dose_methods_prior_SC5",5,"CRM","crm_random",NA,NA,"random",NA,0.3,0,0.0714,28,1,1,1,4,0.45,0.57,0.4726,NA,NA,NA,3.6693,1.3798,1.3798,0,27.2651,27.2651,14.522,399.5593,1935,1935,"0.15,0.2,0.3,0.35,0.45",0,1.4142,0.15,0.85,NA,NA,NA,NA,NA,NA,NA,NA,NA,NA,NA,NA,NA,NA,NA,NA,NA,NA,NA,NA,NA,NA,NA,NA
"Set_5dose_methods_prior","Set_5dose_methods_prior_SC5",5,"CRM","crm_random",NA,NA,"random",NA,0.3,0,0.0714,28,1,1,1,5,0.5,0.635,0.5621,NA,NA,NA,1.0853,0.3814,0.3814,0,27.2651,27.2651,14.522,399.5593,1935,1935,"0.15,0.2,0.3,0.35,0.45",0,1.4142,0.15,0.85,NA,NA,NA,NA,NA,NA,NA,NA,NA,NA,NA,NA,NA,NA,NA,NA,NA,NA,NA,NA,NA,NA,NA,NA
"Set_5dose_methods_prior","Set_5dose_methods_prior_SC5",5,"CRM","crm_alpha_crm",NA,NA,"alpha_crm",NA,0.3,0,0.0714,28,1,1,1,1,0.3,0.3,0.265,NA,NA,NA,41.0336,15.0651,15.0651,0,27.0124,27.0124,17.7261,395.9961,1935,1935,"0.15,0.2,0.3,0.35,0.45",0,1.4142,0.15,0.85,NA,NA,NA,NA,NA,NA,NA,NA,NA,NA,NA,NA,NA,"15,20,30,35,45",61,NA,NA,NA,NA,NA,NA,NA,NA,NA
"Set_5dose_methods_prior","Set_5dose_methods_prior_SC5",5,"CRM","crm_alpha_crm",NA,NA,"alpha_crm",NA,0.3,0,0.0714,28,1,1,1,2,0.35,0.44,0.3202,NA,NA,NA,24.6512,6.6217,6.6217,0,27.0124,27.0124,17.7261,395.9961,1935,1935,"0.15,0.2,0.3,0.35,0.45",0,1.4142,0.15,0.85,NA,NA,NA,NA,NA,NA,NA,NA,NA,NA,NA,NA,NA,"15,20,30,35,45",61,NA,NA,NA,NA,NA,NA,NA,NA,NA
"Set_5dose_methods_prior","Set_5dose_methods_prior_SC5",5,"CRM","crm_alpha_crm",NA,NA,"alpha_crm",NA,0.3,0,0.0714,28,1,1,1,3,0.4,0.505,0.4209,NA,NA,NA,11.8346,3.5736,3.5736,0,27.0124,27.0124,17.7261,395.9961,1935,1935,"0.15,0.2,0.3,0.35,0.45",0,1.4142,0.15,0.85,NA,NA,NA,NA,NA,NA,NA,NA,NA,NA,NA,NA,NA,"15,20,30,35,45",61,NA,NA,NA,NA,NA,NA,NA,NA,NA
"Set_5dose_methods_prior","Set_5dose_methods_prior_SC5",5,"CRM","crm_alpha_crm",NA,NA,"alpha_crm",NA,0.3,0,0.0714,28,1,1,1,4,0.45,0.57,0.468,NA,NA,NA,3.6693,1.3581,1.3581,0,27.0124,27.0124,17.7261,395.9961,1935,1935,"0.15,0.2,0.3,0.35,0.45",0,1.4142,0.15,0.85,NA,NA,NA,NA,NA,NA,NA,NA,NA,NA,NA,NA,NA,"15,20,30,35,45",61,NA,NA,NA,NA,NA,NA,NA,NA,NA
"Set_5dose_methods_prior","Set_5dose_methods_prior_SC5",5,"CRM","crm_alpha_crm",NA,NA,"alpha_crm",NA,0.3,0,0.0714,28,1,1,1,5,0.5,0.635,0.5579,NA,NA,NA,1.0853,0.3938,0.3938,0,27.0124,27.0124,17.7261,395.9961,1935,1935,"0.15,0.2,0.3,0.35,0.45",0,1.4142,0.15,0.85,NA,NA,NA,NA,NA,NA,NA,NA,NA,NA,NA,NA,NA,"15,20,30,35,45",61,NA,NA,NA,NA,NA,NA,NA,NA,NA
"Set_5dose_methods_prior","Set_5dose_methods_prior_SC5",5,"CRM","crm_cumu_crm",NA,NA,"cumu_crm",NA,0.3,0,0.0714,28,1,1,1,1,0.3,0.3,0.2397,NA,NA,NA,36.8992,11.5876,11.5876,0,28.6946,28.6946,8.2171,419.6349,1935,1935,"0.15,0.2,0.3,0.35,0.45",0,1.4142,0.15,0.85,NA,NA,NA,NA,NA,NA,NA,NA,NA,NA,NA,NA,NA,NA,NA,"15,20,30,35,45","0.62828086,0.83770782,1.25656172,1.46598868,1.88484259",-2.8,2,1,2.5,1.6,1,0
"Set_5dose_methods_prior","Set_5dose_methods_prior_SC5",5,"CRM","crm_cumu_crm",NA,NA,"cumu_crm",NA,0.3,0,0.0714,28,1,1,1,2,0.35,0.44,0.3177,NA,NA,NA,34.5736,10.155,10.155,0,28.6946,28.6946,8.2171,419.6349,1935,1935,"0.15,0.2,0.3,0.35,0.45",0,1.4142,0.15,0.85,NA,NA,NA,NA,NA,NA,NA,NA,NA,NA,NA,NA,NA,NA,NA,"15,20,30,35,45","0.62828086,0.83770782,1.25656172,1.46598868,1.88484259",-2.8,2,1,2.5,1.6,1,0
"Set_5dose_methods_prior","Set_5dose_methods_prior_SC5",5,"CRM","crm_cumu_crm",NA,NA,"cumu_crm",NA,0.3,0,0.0714,28,1,1,1,3,0.4,0.505,0.4914,NA,NA,NA,14.3152,4.645,4.645,0,28.6946,28.6946,8.2171,419.6349,1935,1935,"0.15,0.2,0.3,0.35,0.45",0,1.4142,0.15,0.85,NA,NA,NA,NA,NA,NA,NA,NA,NA,NA,NA,NA,NA,NA,NA,"15,20,30,35,45","0.62828086,0.83770782,1.25656172,1.46598868,1.88484259",-2.8,2,1,2.5,1.6,1,0
"Set_5dose_methods_prior","Set_5dose_methods_prior_SC5",5,"CRM","crm_cumu_crm",NA,NA,"cumu_crm",NA,0.3,0,0.0714,28,1,1,1,4,0.45,0.57,0.5725,NA,NA,NA,4.6512,1.8171,1.8171,0,28.6946,28.6946,8.2171,419.6349,1935,1935,"0.15,0.2,0.3,0.35,0.45",0,1.4142,0.15,0.85,NA,NA,NA,NA,NA,NA,NA,NA,NA,NA,NA,NA,NA,NA,NA,"15,20,30,35,45","0.62828086,0.83770782,1.25656172,1.46598868,1.88484259",-2.8,2,1,2.5,1.6,1,0
"Set_5dose_methods_prior","Set_5dose_methods_prior_SC5",5,"CRM","crm_cumu_crm",NA,NA,"cumu_crm",NA,0.3,0,0.0714,28,1,1,1,5,0.5,0.635,0.7053,NA,NA,NA,1.3437,0.4899,0.4899,0,28.6946,28.6946,8.2171,419.6349,1935,1935,"0.15,0.2,0.3,0.35,0.45",0,1.4142,0.15,0.85,NA,NA,NA,NA,NA,NA,NA,NA,NA,NA,NA,NA,NA,NA,NA,"15,20,30,35,45","0.62828086,0.83770782,1.25656172,1.46598868,1.88484259",-2.8,2,1,2.5,1.6,1,0
"Set_5dose_methods_prior","Set_5dose_methods_prior_SC5",5,"CRM","crm_fixed",NA,NA,"fixed",NA,0.3,0,0.0714,28,2,1,1,1,0.3,0.3,0.2876,0,NA,NA,53.4367,16.9938,16.9938,0,27.1891,22.555,15.3488,350.2577,1935,1935,"0.15,0.2,0.3,0.35,0.45",0,1.4142,0.15,0.85,NA,NA,NA,NA,NA,NA,NA,NA,NA,NA,NA,NA,NA,NA,NA,NA,NA,NA,NA,NA,NA,NA,NA,NA
"Set_5dose_methods_prior","Set_5dose_methods_prior_SC5",5,"CRM","crm_fixed",NA,NA,"fixed",NA,0.3,0,0.0714,28,2,1,1,2,0.35,0.44,0.3441,NA,NA,NA,21.6021,6.3829,6.3829,3.8388,27.1891,22.555,15.3488,350.2577,1935,1935,"0.15,0.2,0.3,0.35,0.45",0,1.4142,0.15,0.85,NA,NA,NA,NA,NA,NA,NA,NA,NA,NA,NA,NA,NA,NA,NA,NA,NA,NA,NA,NA,NA,NA,NA,NA
"Set_5dose_methods_prior","Set_5dose_methods_prior_SC5",5,"CRM","crm_fixed",NA,NA,"fixed",NA,0.3,0,0.0714,28,2,1,1,3,0.4,0.505,0.4454,NA,NA,NA,7.6486,2.7891,2.7891,0.3101,27.1891,22.555,15.3488,350.2577,1935,1935,"0.15,0.2,0.3,0.35,0.45",0,1.4142,0.15,0.85,NA,NA,NA,NA,NA,NA,NA,NA,NA,NA,NA,NA,NA,NA,NA,NA,NA,NA,NA,NA,NA,NA,NA,NA
"Set_5dose_methods_prior","Set_5dose_methods_prior_SC5",5,"CRM","crm_fixed",NA,NA,"fixed",NA,0.3,0,0.0714,28,2,1,1,4,0.45,0.57,0.4921,NA,NA,NA,1.5504,0.8093,0.8093,0.462,27.1891,22.555,15.3488,350.2577,1935,1935,"0.15,0.2,0.3,0.35,0.45",0,1.4142,0.15,0.85,NA,NA,NA,NA,NA,NA,NA,NA,NA,NA,NA,NA,NA,NA,NA,NA,NA,NA,NA,NA,NA,NA,NA,NA
"Set_5dose_methods_prior","Set_5dose_methods_prior_SC5",5,"CRM","crm_fixed",NA,NA,"fixed",NA,0.3,0,0.0714,28,2,1,1,5,0.5,0.635,0.5804,NA,NA,NA,0.4134,0.214,0.214,0.0233,27.1891,22.555,15.3488,350.2577,1935,1935,"0.15,0.2,0.3,0.35,0.45",0,1.4142,0.15,0.85,NA,NA,NA,NA,NA,NA,NA,NA,NA,NA,NA,NA,NA,NA,NA,NA,NA,NA,NA,NA,NA,NA,NA,NA
"Set_5dose_methods_prior","Set_5dose_methods_prior_SC5",5,"CRM","crm_level",NA,NA,"level",NA,0.3,0,0.0714,28,2,1,1,1,0.3,0.3,0.2775,NA,NA,NA,50.6977,15.4636,15.4636,0,27.293,22.3013,14.522,349.8899,1935,1935,"0.15,0.2,0.3,0.35,0.45",0,1.4142,0.15,0.85,NA,NA,NA,NA,NA,NA,NA,NA,NA,NA,NA,NA,NA,NA,NA,NA,NA,NA,NA,NA,NA,NA,NA,NA
"Set_5dose_methods_prior","Set_5dose_methods_prior_SC5",5,"CRM","crm_level",NA,NA,"level",NA,0.3,0,0.0714,28,2,1,1,2,0.35,0.44,0.3332,0.0924,NA,NA,22.6873,6.907,6.907,3.8579,27.293,22.3013,14.522,349.8899,1935,1935,"0.15,0.2,0.3,0.35,0.45",0,1.4142,0.15,0.85,NA,NA,NA,NA,NA,NA,NA,NA,NA,NA,NA,NA,NA,NA,NA,NA,NA,NA,NA,NA,NA,NA,NA,NA
"Set_5dose_methods_prior","Set_5dose_methods_prior_SC5",5,"CRM","crm_level",NA,NA,"level",NA,0.3,0,0.0714,28,2,1,1,3,0.4,0.505,0.4338,0.1175,NA,NA,8.8889,3.3318,3.3318,0.4858,27.293,22.3013,14.522,349.8899,1935,1935,"0.15,0.2,0.3,0.35,0.45",0,1.4142,0.15,0.85,NA,NA,NA,NA,NA,NA,NA,NA,NA,NA,NA,NA,NA,NA,NA,NA,NA,NA,NA,NA,NA,NA,NA,NA
"Set_5dose_methods_prior","Set_5dose_methods_prior_SC5",5,"CRM","crm_level",NA,NA,"level",NA,0.3,0,0.0714,28,2,1,1,4,0.45,0.57,0.4806,0.1419,NA,NA,2.6357,1.1612,1.1612,0.6005,27.293,22.3013,14.522,349.8899,1935,1935,"0.15,0.2,0.3,0.35,0.45",0,1.4142,0.15,0.85,NA,NA,NA,NA,NA,NA,NA,NA,NA,NA,NA,NA,NA,NA,NA,NA,NA,NA,NA,NA,NA,NA,NA,NA
"Set_5dose_methods_prior","Set_5dose_methods_prior_SC5",5,"CRM","crm_level",NA,NA,"level",NA,0.3,0,0.0714,28,2,1,1,5,0.5,0.635,0.5694,0.1458,NA,NA,0.5685,0.4295,0.4295,0.0475,27.293,22.3013,14.522,349.8899,1935,1935,"0.15,0.2,0.3,0.35,0.45",0,1.4142,0.15,0.85,NA,NA,NA,NA,NA,NA,NA,NA,NA,NA,NA,NA,NA,NA,NA,NA,NA,NA,NA,NA,NA,NA,NA,NA
"Set_5dose_methods_prior","Set_5dose_methods_prior_SC5",5,"CRM","crm_random",NA,NA,"random",NA,0.3,0,0.0714,28,2,1,1,1,0.3,0.3,0.2761,0.0819,NA,NA,50.1292,15.445,15.445,0,27.2884,22.2419,14.5736,349.3193,1935,1935,"0.15,0.2,0.3,0.35,0.45",0,1.4142,0.15,0.85,NA,NA,NA,NA,NA,NA,NA,NA,NA,NA,NA,NA,NA,NA,NA,NA,NA,NA,NA,NA,NA,NA,NA,NA
"Set_5dose_methods_prior","Set_5dose_methods_prior_SC5",5,"CRM","crm_random",NA,NA,"random",NA,0.3,0,0.0714,28,2,1,1,2,0.35,0.44,0.3316,NA,NA,NA,22.3773,6.9302,6.9302,3.8853,27.2884,22.2419,14.5736,349.3193,1935,1935,"0.15,0.2,0.3,0.35,0.45",0,1.4142,0.15,0.85,NA,NA,NA,NA,NA,NA,NA,NA,NA,NA,NA,NA,NA,NA,NA,NA,NA,NA,NA,NA,NA,NA,NA,NA
"Set_5dose_methods_prior","Set_5dose_methods_prior_SC5",5,"CRM","crm_random",NA,NA,"random",NA,0.3,0,0.0714,28,2,1,1,3,0.4,0.505,0.4322,NA,NA,NA,10.0258,3.3163,3.3163,0.5178,27.2884,22.2419,14.5736,349.3193,1935,1935,"0.15,0.2,0.3,0.35,0.45",0,1.4142,0.15,0.85,NA,NA,NA,NA,NA,NA,NA,NA,NA,NA,NA,NA,NA,NA,NA,NA,NA,NA,NA,NA,NA,NA,NA,NA
"Set_5dose_methods_prior","Set_5dose_methods_prior_SC5",5,"CRM","crm_random",NA,NA,"random",NA,0.3,0,0.0714,28,2,1,1,4,0.45,0.57,0.479,NA,NA,NA,2.3256,1.2031,1.2031,0.5886,27.2884,22.2419,14.5736,349.3193,1935,1935,"0.15,0.2,0.3,0.35,0.45",0,1.4142,0.15,0.85,NA,NA,NA,NA,NA,NA,NA,NA,NA,NA,NA,NA,NA,NA,NA,NA,NA,NA,NA,NA,NA,NA,NA,NA
"Set_5dose_methods_prior","Set_5dose_methods_prior_SC5",5,"CRM","crm_random",NA,NA,"random",NA,0.3,0,0.0714,28,2,1,1,5,0.5,0.635,0.5678,NA,NA,NA,0.5685,0.3938,0.3938,0.0548,27.2884,22.2419,14.5736,349.3193,1935,1935,"0.15,0.2,0.3,0.35,0.45",0,1.4142,0.15,0.85,NA,NA,NA,NA,NA,NA,NA,NA,NA,NA,NA,NA,NA,NA,NA,NA,NA,NA,NA,NA,NA,NA,NA,NA
"Set_5dose_methods_prior","Set_5dose_methods_prior_SC5",5,"CRM","crm_alpha_crm",NA,NA,"alpha_crm",NA,0.3,0,0.0714,28,2,1,1,1,0.3,0.3,0.2709,NA,NA,NA,45.9432,15.462,15.462,0,27.0682,22.1664,17.4677,347.3931,1935,1935,"0.15,0.2,0.3,0.35,0.45",0,1.4142,0.15,0.85,NA,NA,NA,NA,NA,NA,NA,NA,NA,NA,NA,NA,NA,"15,20,30,35,45",61,NA,NA,NA,NA,NA,NA,NA,NA,NA
"Set_5dose_methods_prior","Set_5dose_methods_prior_SC5",5,"CRM","crm_alpha_crm",NA,NA,"alpha_crm",NA,0.3,0,0.0714,28,2,1,1,2,0.35,0.44,0.3264,NA,NA,NA,22.0672,6.8372,6.8372,3.7597,27.0682,22.1664,17.4677,347.3931,1935,1935,"0.15,0.2,0.3,0.35,0.45",0,1.4142,0.15,0.85,NA,NA,NA,NA,NA,NA,NA,NA,NA,NA,NA,NA,NA,"15,20,30,35,45",61,NA,NA,NA,NA,NA,NA,NA,NA,NA
"Set_5dose_methods_prior","Set_5dose_methods_prior_SC5",5,"CRM","crm_alpha_crm",NA,NA,"alpha_crm",NA,0.3,0,0.0714,28,2,1,1,3,0.4,0.505,0.4271,NA,NA,NA,10.8527,3.138,3.138,0.5716,27.0682,22.1664,17.4677,347.3931,1935,1935,"0.15,0.2,0.3,0.35,0.45",0,1.4142,0.15,0.85,NA,NA,NA,NA,NA,NA,NA,NA,NA,NA,NA,NA,NA,"15,20,30,35,45",61,NA,NA,NA,NA,NA,NA,NA,NA,NA
"Set_5dose_methods_prior","Set_5dose_methods_prior_SC5",5,"CRM","crm_alpha_crm",NA,NA,"alpha_crm",NA,0.3,0,0.0714,28,2,1,1,4,0.45,0.57,0.474,NA,NA,NA,2.739,1.1612,1.1612,0.4992,27.0682,22.1664,17.4677,347.3931,1935,1935,"0.15,0.2,0.3,0.35,0.45",0,1.4142,0.15,0.85,NA,NA,NA,NA,NA,NA,NA,NA,NA,NA,NA,NA,NA,"15,20,30,35,45",61,NA,NA,NA,NA,NA,NA,NA,NA,NA
"Set_5dose_methods_prior","Set_5dose_methods_prior_SC5",5,"CRM","crm_alpha_crm",NA,NA,"alpha_crm",NA,0.3,0,0.0714,28,2,1,1,5,0.5,0.635,0.5634,NA,NA,NA,0.9302,0.4698,0.4698,0.0713,27.0682,22.1664,17.4677,347.3931,1935,1935,"0.15,0.2,0.3,0.35,0.45",0,1.4142,0.15,0.85,NA,NA,NA,NA,NA,NA,NA,NA,NA,NA,NA,NA,NA,"15,20,30,35,45",61,NA,NA,NA,NA,NA,NA,NA,NA,NA
"Set_5dose_methods_prior","Set_5dose_methods_prior_SC5",5,"CRM","crm_cumu_crm",NA,NA,"cumu_crm",NA,0.3,0,0.0714,28,2,1,1,1,0.3,0.3,0.2326,NA,NA,NA,36.7959,11.3566,11.3566,0,28.6806,23.1457,8.2687,360.0406,1935,1935,"0.15,0.2,0.3,0.35,0.45",0,1.4142,0.15,0.85,NA,NA,NA,NA,NA,NA,NA,NA,NA,NA,NA,NA,NA,NA,NA,"15,20,30,35,45","0.62828086,0.83770782,1.25656172,1.46598868,1.88484259",-2.8,2,1,2.5,1.6,1,0
"Set_5dose_methods_prior","Set_5dose_methods_prior_SC5",5,"CRM","crm_cumu_crm",NA,NA,"cumu_crm",NA,0.3,0,0.0714,28,2,1,1,2,0.35,0.44,0.3069,NA,NA,NA,32.0413,10.2171,10.2171,3.5432,28.6806,23.1457,8.2687,360.0406,1935,1935,"0.15,0.2,0.3,0.35,0.45",0,1.4142,0.15,0.85,NA,NA,NA,NA,NA,NA,NA,NA,NA,NA,NA,NA,NA,NA,NA,"15,20,30,35,45","0.62828086,0.83770782,1.25656172,1.46598868,1.88484259",-2.8,2,1,2.5,1.6,1,0
"Set_5dose_methods_prior","Set_5dose_methods_prior_SC5",5,"CRM","crm_cumu_crm",NA,NA,"cumu_crm",NA,0.3,0,0.0714,28,2,1,1,3,0.4,0.505,0.4737,NA,NA,NA,15.4005,4.3008,4.3008,1.1173,28.6806,23.1457,8.2687,360.0406,1935,1935,"0.15,0.2,0.3,0.35,0.45",0,1.4142,0.15,0.85,NA,NA,NA,NA,NA,NA,NA,NA,NA,NA,NA,NA,NA,NA,NA,"15,20,30,35,45","0.62828086,0.83770782,1.25656172,1.46598868,1.88484259",-2.8,2,1,2.5,1.6,1,0
"Set_5dose_methods_prior","Set_5dose_methods_prior_SC5",5,"CRM","crm_cumu_crm",NA,NA,"cumu_crm",NA,0.3,0,0.0714,28,2,1,1,4,0.45,0.57,0.5525,NA,NA,NA,5.7881,1.9612,1.9612,0.7137,28.6806,23.1457,8.2687,360.0406,1935,1935,"0.15,0.2,0.3,0.35,0.45",0,1.4142,0.15,0.85,NA,NA,NA,NA,NA,NA,NA,NA,NA,NA,NA,NA,NA,NA,NA,"15,20,30,35,45","0.62828086,0.83770782,1.25656172,1.46598868,1.88484259",-2.8,2,1,2.5,1.6,1,0
"Set_5dose_methods_prior","Set_5dose_methods_prior_SC5",5,"CRM","crm_cumu_crm",NA,NA,"cumu_crm",NA,0.3,0,0.0714,28,2,1,1,5,0.5,0.635,0.6834,NA,NA,NA,1.7054,0.845,0.845,0.1607,28.6806,23.1457,8.2687,360.0406,1935,1935,"0.15,0.2,0.3,0.35,0.45",0,1.4142,0.15,0.85,NA,NA,NA,NA,NA,NA,NA,NA,NA,NA,NA,NA,NA,NA,NA,"15,20,30,35,45","0.62828086,0.83770782,1.25656172,1.46598868,1.88484259",-2.8,2,1,2.5,1.6,1,0
"Set_5dose_methods_prior","Set_5dose_methods_prior_SC5",5,"CRM","crm_fixed",NA,NA,"fixed",NA,0.3,0,0.0714,28,3,1,1,1,0.3,0.3,0.2887,0,NA,NA,53.5917,17.0713,17.0713,0,27.186,21.8522,15.4005,344.0781,1935,1935,"0.15,0.2,0.3,0.35,0.45",0,1.4142,0.15,0.85,NA,NA,NA,NA,NA,NA,NA,NA,NA,NA,NA,NA,NA,NA,NA,NA,NA,NA,NA,NA,NA,NA,NA,NA
"Set_5dose_methods_prior","Set_5dose_methods_prior_SC5",5,"CRM","crm_fixed",NA,NA,"fixed",NA,0.3,0,0.0714,28,3,1,1,2,0.35,0.44,0.3452,NA,NA,NA,21.3953,6.4279,6.4279,3.8439,27.186,21.8522,15.4005,344.0781,1935,1935,"0.15,0.2,0.3,0.35,0.45",0,1.4142,0.15,0.85,NA,NA,NA,NA,NA,NA,NA,NA,NA,NA,NA,NA,NA,NA,NA,NA,NA,NA,NA,NA,NA,NA,NA,NA
"Set_5dose_methods_prior","Set_5dose_methods_prior_SC5",5,"CRM","crm_fixed",NA,NA,"fixed",NA,0.3,0,0.0714,28,3,1,1,3,0.4,0.505,0.4465,NA,NA,NA,7.5969,2.7178,2.7178,1.1855,27.186,21.8522,15.4005,344.0781,1935,1935,"0.15,0.2,0.3,0.35,0.45",0,1.4142,0.15,0.85,NA,NA,NA,NA,NA,NA,NA,NA,NA,NA,NA,NA,NA,NA,NA,NA,NA,NA,NA,NA,NA,NA,NA,NA
"Set_5dose_methods_prior","Set_5dose_methods_prior_SC5",5,"CRM","crm_fixed",NA,NA,"fixed",NA,0.3,0,0.0714,28,3,1,1,4,0.45,0.57,0.4933,NA,NA,NA,1.6537,0.7643,0.7643,0.2227,27.186,21.8522,15.4005,344.0781,1935,1935,"0.15,0.2,0.3,0.35,0.45",0,1.4142,0.15,0.85,NA,NA,NA,NA,NA,NA,NA,NA,NA,NA,NA,NA,NA,NA,NA,NA,NA,NA,NA,NA,NA,NA,NA,NA
"Set_5dose_methods_prior","Set_5dose_methods_prior_SC5",5,"CRM","crm_fixed",NA,NA,"fixed",NA,0.3,0,0.0714,28,3,1,1,5,0.5,0.635,0.5815,NA,NA,NA,0.3618,0.2047,0.2047,0.0817,27.186,21.8522,15.4005,344.0781,1935,1935,"0.15,0.2,0.3,0.35,0.45",0,1.4142,0.15,0.85,NA,NA,NA,NA,NA,NA,NA,NA,NA,NA,NA,NA,NA,NA,NA,NA,NA,NA,NA,NA,NA,NA,NA,NA
"Set_5dose_methods_prior","Set_5dose_methods_prior_SC5",5,"CRM","crm_level",NA,NA,"level",NA,0.3,0,0.0714,28,3,1,1,1,0.3,0.3,0.2753,NA,NA,NA,49.9225,15.3535,15.3535,0,27.2279,21.368,15.0904,341.405,1935,1935,"0.15,0.2,0.3,0.35,0.45",0,1.4142,0.15,0.85,NA,NA,NA,NA,NA,NA,NA,NA,NA,NA,NA,NA,NA,NA,NA,NA,NA,NA,NA,NA,NA,NA,NA,NA
"Set_5dose_methods_prior","Set_5dose_methods_prior_SC5",5,"CRM","crm_level",NA,NA,"level",NA,0.3,0,0.0714,28,3,1,1,2,0.35,0.44,0.3308,0.0937,NA,NA,22.2739,6.7566,6.7566,3.8176,27.2279,21.368,15.0904,341.405,1935,1935,"0.15,0.2,0.3,0.35,0.45",0,1.4142,0.15,0.85,NA,NA,NA,NA,NA,NA,NA,NA,NA,NA,NA,NA,NA,NA,NA,NA,NA,NA,NA,NA,NA,NA,NA,NA
"Set_5dose_methods_prior","Set_5dose_methods_prior_SC5",5,"CRM","crm_level",NA,NA,"level",NA,0.3,0,0.0714,28,3,1,1,3,0.4,0.505,0.4314,0.1159,NA,NA,9.6124,3.4016,3.4016,1.4563,27.2279,21.368,15.0904,341.405,1935,1935,"0.15,0.2,0.3,0.35,0.45",0,1.4142,0.15,0.85,NA,NA,NA,NA,NA,NA,NA,NA,NA,NA,NA,NA,NA,NA,NA,NA,NA,NA,NA,NA,NA,NA,NA,NA
"Set_5dose_methods_prior","Set_5dose_methods_prior_SC5",5,"CRM","crm_level",NA,NA,"level",NA,0.3,0,0.0714,28,3,1,1,4,0.45,0.57,0.4781,0.1355,NA,NA,2.2739,1.2992,1.2992,0.4196,27.2279,21.368,15.0904,341.405,1935,1935,"0.15,0.2,0.3,0.35,0.45",0,1.4142,0.15,0.85,NA,NA,NA,NA,NA,NA,NA,NA,NA,NA,NA,NA,NA,NA,NA,NA,NA,NA,NA,NA,NA,NA,NA,NA
"Set_5dose_methods_prior","Set_5dose_methods_prior_SC5",5,"CRM","crm_level",NA,NA,"level",NA,0.3,0,0.0714,28,3,1,1,5,0.5,0.635,0.5671,0.146,NA,NA,0.8269,0.4171,0.4171,0.1664,27.2279,21.368,15.0904,341.405,1935,1935,"0.15,0.2,0.3,0.35,0.45",0,1.4142,0.15,0.85,NA,NA,NA,NA,NA,NA,NA,NA,NA,NA,NA,NA,NA,NA,NA,NA,NA,NA,NA,NA,NA,NA,NA,NA
"Set_5dose_methods_prior","Set_5dose_methods_prior_SC5",5,"CRM","crm_random",NA,NA,"random",NA,0.3,0,0.0714,28,3,1,1,1,0.3,0.3,0.2768,0.079,NA,NA,49.5607,15.4124,15.4124,0,27.3039,21.4279,14.832,342.6129,1935,1935,"0.15,0.2,0.3,0.35,0.45",0,1.4142,0.15,0.85,NA,NA,NA,NA,NA,NA,NA,NA,NA,NA,NA,NA,NA,NA,NA,NA,NA,NA,NA,NA,NA,NA,NA,NA
"Set_5dose_methods_prior","Set_5dose_methods_prior_SC5",5,"CRM","crm_random",NA,NA,"random",NA,0.3,0,0.0714,28,3,1,1,2,0.35,0.44,0.3322,NA,NA,NA,23.0491,6.7364,6.7364,3.8103,27.3039,21.4279,14.832,342.6129,1935,1935,"0.15,0.2,0.3,0.35,0.45",0,1.4142,0.15,0.85,NA,NA,NA,NA,NA,NA,NA,NA,NA,NA,NA,NA,NA,NA,NA,NA,NA,NA,NA,NA,NA,NA,NA,NA
"Set_5dose_methods_prior","Set_5dose_methods_prior_SC5",5,"CRM","crm_random",NA,NA,"random",NA,0.3,0,0.0714,28,3,1,1,3,0.4,0.505,0.4325,NA,NA,NA,9.5607,3.2713,3.2713,1.4429,27.3039,21.4279,14.832,342.6129,1935,1935,"0.15,0.2,0.3,0.35,0.45",0,1.4142,0.15,0.85,NA,NA,NA,NA,NA,NA,NA,NA,NA,NA,NA,NA,NA,NA,NA,NA,NA,NA,NA,NA,NA,NA,NA,NA
"Set_5dose_methods_prior","Set_5dose_methods_prior_SC5",5,"CRM","crm_random",NA,NA,"random",NA,0.3,0,0.0714,28,3,1,1,4,0.45,0.57,0.4792,NA,NA,NA,2.0155,1.3581,1.3581,0.4202,27.3039,21.4279,14.832,342.6129,1935,1935,"0.15,0.2,0.3,0.35,0.45",0,1.4142,0.15,0.85,NA,NA,NA,NA,NA,NA,NA,NA,NA,NA,NA,NA,NA,NA,NA,NA,NA,NA,NA,NA,NA,NA,NA,NA
"Set_5dose_methods_prior","Set_5dose_methods_prior_SC5",5,"CRM","crm_random",NA,NA,"random",NA,0.3,0,0.0714,28,3,1,1,5,0.5,0.635,0.5678,NA,NA,NA,0.9819,0.5256,0.5256,0.2026,27.3039,21.4279,14.832,342.6129,1935,1935,"0.15,0.2,0.3,0.35,0.45",0,1.4142,0.15,0.85,NA,NA,NA,NA,NA,NA,NA,NA,NA,NA,NA,NA,NA,NA,NA,NA,NA,NA,NA,NA,NA,NA,NA,NA
"Set_5dose_methods_prior","Set_5dose_methods_prior_SC5",5,"CRM","crm_alpha_crm",NA,NA,"alpha_crm",NA,0.3,0,0.0714,28,3,1,1,1,0.3,0.3,0.2675,NA,NA,NA,45.168,15.293,15.293,0,27.0636,21.3199,17.5194,340.5937,1935,1935,"0.15,0.2,0.3,0.35,0.45",0,1.4142,0.15,0.85,NA,NA,NA,NA,NA,NA,NA,NA,NA,NA,NA,NA,NA,"15,20,30,35,45",61,NA,NA,NA,NA,NA,NA,NA,NA,NA
"Set_5dose_methods_prior","Set_5dose_methods_prior_SC5",5,"CRM","crm_alpha_crm",NA,NA,"alpha_crm",NA,0.3,0,0.0714,28,3,1,1,2,0.35,0.44,0.3226,NA,NA,NA,21.9638,6.538,6.538,3.7302,27.0636,21.3199,17.5194,340.5937,1935,1935,"0.15,0.2,0.3,0.35,0.45",0,1.4142,0.15,0.85,NA,NA,NA,NA,NA,NA,NA,NA,NA,NA,NA,NA,NA,"15,20,30,35,45",61,NA,NA,NA,NA,NA,NA,NA,NA,NA
"Set_5dose_methods_prior","Set_5dose_methods_prior_SC5",5,"CRM","crm_alpha_crm",NA,NA,"alpha_crm",NA,0.3,0,0.0714,28,3,1,1,3,0.4,0.505,0.4229,NA,NA,NA,9.7674,3.1426,3.1426,1.4233,27.0636,21.3199,17.5194,340.5937,1935,1935,"0.15,0.2,0.3,0.35,0.45",0,1.4142,0.15,0.85,NA,NA,NA,NA,NA,NA,NA,NA,NA,NA,NA,NA,NA,"15,20,30,35,45",61,NA,NA,NA,NA,NA,NA,NA,NA,NA
"Set_5dose_methods_prior","Set_5dose_methods_prior_SC5",5,"CRM","crm_alpha_crm",NA,NA,"alpha_crm",NA,0.3,0,0.0714,28,3,1,1,4,0.45,0.57,0.4697,NA,NA,NA,4.031,1.4109,1.4109,0.3535,27.0636,21.3199,17.5194,340.5937,1935,1935,"0.15,0.2,0.3,0.35,0.45",0,1.4142,0.15,0.85,NA,NA,NA,NA,NA,NA,NA,NA,NA,NA,NA,NA,NA,"15,20,30,35,45",61,NA,NA,NA,NA,NA,NA,NA,NA,NA
"Set_5dose_methods_prior","Set_5dose_methods_prior_SC5",5,"CRM","crm_alpha_crm",NA,NA,"alpha_crm",NA,0.3,0,0.0714,28,3,1,1,5,0.5,0.635,0.5592,NA,NA,NA,1.5504,0.6791,0.6791,0.2367,27.0636,21.3199,17.5194,340.5937,1935,1935,"0.15,0.2,0.3,0.35,0.45",0,1.4142,0.15,0.85,NA,NA,NA,NA,NA,NA,NA,NA,NA,NA,NA,NA,NA,"15,20,30,35,45",61,NA,NA,NA,NA,NA,NA,NA,NA,NA
"Set_5dose_methods_prior","Set_5dose_methods_prior_SC5",5,"CRM","crm_cumu_crm",NA,NA,"cumu_crm",NA,0.3,0,0.0714,28,3,1,1,1,0.3,0.3,0.2288,NA,NA,NA,34.9354,11.1814,11.1814,0,28.7519,22.1504,7.8553,351.0281,1935,1935,"0.15,0.2,0.3,0.35,0.45",0,1.4142,0.15,0.85,NA,NA,NA,NA,NA,NA,NA,NA,NA,NA,NA,NA,NA,NA,NA,"15,20,30,35,45","0.62828086,0.83770782,1.25656172,1.46598868,1.88484259",-2.8,2,1,2.5,1.6,1,0
"Set_5dose_methods_prior","Set_5dose_methods_prior_SC5",5,"CRM","crm_cumu_crm",NA,NA,"cumu_crm",NA,0.3,0,0.0714,28,3,1,1,2,0.35,0.44,0.3011,NA,NA,NA,32.093,9.4713,9.4713,3.5705,28.7519,22.1504,7.8553,351.0281,1935,1935,"0.15,0.2,0.3,0.35,0.45",0,1.4142,0.15,0.85,NA,NA,NA,NA,NA,NA,NA,NA,NA,NA,NA,NA,NA,NA,NA,"15,20,30,35,45","0.62828086,0.83770782,1.25656172,1.46598868,1.88484259",-2.8,2,1,2.5,1.6,1,0
"Set_5dose_methods_prior","Set_5dose_methods_prior_SC5",5,"CRM","crm_cumu_crm",NA,NA,"cumu_crm",NA,0.3,0,0.0714,28,3,1,1,3,0.4,0.505,0.4638,NA,NA,NA,15.814,4.6744,4.6744,1.9964,28.7519,22.1504,7.8553,351.0281,1935,1935,"0.15,0.2,0.3,0.35,0.45",0,1.4142,0.15,0.85,NA,NA,NA,NA,NA,NA,NA,NA,NA,NA,NA,NA,NA,NA,NA,"15,20,30,35,45","0.62828086,0.83770782,1.25656172,1.46598868,1.88484259",-2.8,2,1,2.5,1.6,1,0
"Set_5dose_methods_prior","Set_5dose_methods_prior_SC5",5,"CRM","crm_cumu_crm",NA,NA,"cumu_crm",NA,0.3,0,0.0714,28,3,1,1,4,0.45,0.57,0.5413,NA,NA,NA,6.5116,2.3535,2.3535,0.6527,28.7519,22.1504,7.8553,351.0281,1935,1935,"0.15,0.2,0.3,0.35,0.45",0,1.4142,0.15,0.85,NA,NA,NA,NA,NA,NA,NA,NA,NA,NA,NA,NA,NA,NA,NA,"15,20,30,35,45","0.62828086,0.83770782,1.25656172,1.46598868,1.88484259",-2.8,2,1,2.5,1.6,1,0
"Set_5dose_methods_prior","Set_5dose_methods_prior_SC5",5,"CRM","crm_cumu_crm",NA,NA,"cumu_crm",NA,0.3,0,0.0714,28,3,1,1,5,0.5,0.635,0.672,NA,NA,NA,2.7907,1.0713,1.0713,0.3819,28.7519,22.1504,7.8553,351.0281,1935,1935,"0.15,0.2,0.3,0.35,0.45",0,1.4142,0.15,0.85,NA,NA,NA,NA,NA,NA,NA,NA,NA,NA,NA,NA,NA,NA,NA,"15,20,30,35,45","0.62828086,0.83770782,1.25656172,1.46598868,1.88484259",-2.8,2,1,2.5,1.6,1,0
"Set_5dose_methods_prior","Set_5dose_methods_prior_SC5",5,"CRM","crm_fixed",NA,NA,"fixed",NA,0.6,0,0.0714,28,1,1,1,1,0.3,0.3,0.2694,0,NA,NA,44.5995,15.3395,15.3395,0,27.262,27.262,14.5736,399.5544,1935,1935,"0.15,0.2,0.3,0.35,0.45",0,1.4142,0.15,0.85,NA,NA,NA,NA,NA,NA,NA,NA,NA,NA,NA,NA,NA,NA,NA,NA,NA,NA,NA,NA,NA,NA,NA,NA
"Set_5dose_methods_prior","Set_5dose_methods_prior_SC5",5,"CRM","crm_fixed",NA,NA,"fixed",NA,0.6,0,0.0714,28,1,1,1,2,0.35,0.53,0.3248,NA,NA,NA,24.186,6.6186,6.6186,0,27.262,27.262,14.5736,399.5544,1935,1935,"0.15,0.2,0.3,0.35,0.45",0,1.4142,0.15,0.85,NA,NA,NA,NA,NA,NA,NA,NA,NA,NA,NA,NA,NA,NA,NA,NA,NA,NA,NA,NA,NA,NA,NA,NA
"Set_5dose_methods_prior","Set_5dose_methods_prior_SC5",5,"CRM","crm_fixed",NA,NA,"fixed",NA,0.6,0,0.0714,28,1,1,1,3,0.4,0.61,0.4254,NA,NA,NA,11.8863,3.5411,3.5411,0,27.262,27.262,14.5736,399.5544,1935,1935,"0.15,0.2,0.3,0.35,0.45",0,1.4142,0.15,0.85,NA,NA,NA,NA,NA,NA,NA,NA,NA,NA,NA,NA,NA,NA,NA,NA,NA,NA,NA,NA,NA,NA,NA,NA
"Set_5dose_methods_prior","Set_5dose_methods_prior_SC5",5,"CRM","crm_fixed",NA,NA,"fixed",NA,0.6,0,0.0714,28,1,1,1,4,0.45,0.69,0.4724,NA,NA,NA,3.6693,1.386,1.386,0,27.262,27.262,14.5736,399.5544,1935,1935,"0.15,0.2,0.3,0.35,0.45",0,1.4142,0.15,0.85,NA,NA,NA,NA,NA,NA,NA,NA,NA,NA,NA,NA,NA,NA,NA,NA,NA,NA,NA,NA,NA,NA,NA,NA
"Set_5dose_methods_prior","Set_5dose_methods_prior_SC5",5,"CRM","crm_fixed",NA,NA,"fixed",NA,0.6,0,0.0714,28,1,1,1,5,0.5,0.77,0.5619,NA,NA,NA,1.0853,0.3767,0.3767,0,27.262,27.262,14.5736,399.5544,1935,1935,"0.15,0.2,0.3,0.35,0.45",0,1.4142,0.15,0.85,NA,NA,NA,NA,NA,NA,NA,NA,NA,NA,NA,NA,NA,NA,NA,NA,NA,NA,NA,NA,NA,NA,NA,NA
"Set_5dose_methods_prior","Set_5dose_methods_prior_SC5",5,"CRM","crm_level",NA,NA,"level",NA,0.6,0,0.0714,28,1,1,1,1,0.3,0.3,0.2699,NA,NA,NA,44.8062,15.355,15.355,0,27.2946,27.2946,14.4186,399.958,1935,1935,"0.15,0.2,0.3,0.35,0.45",0,1.4142,0.15,0.85,NA,NA,NA,NA,NA,NA,NA,NA,NA,NA,NA,NA,NA,NA,NA,NA,NA,NA,NA,NA,NA,NA,NA,NA
"Set_5dose_methods_prior","Set_5dose_methods_prior_SC5",5,"CRM","crm_level",NA,NA,"level",NA,0.6,0,0.0714,28,1,1,1,2,0.35,0.53,0.3253,0.0942,NA,NA,23.9793,6.6248,6.6248,0,27.2946,27.2946,14.4186,399.958,1935,1935,"0.15,0.2,0.3,0.35,0.45",0,1.4142,0.15,0.85,NA,NA,NA,NA,NA,NA,NA,NA,NA,NA,NA,NA,NA,NA,NA,NA,NA,NA,NA,NA,NA,NA,NA,NA
"Set_5dose_methods_prior","Set_5dose_methods_prior_SC5",5,"CRM","crm_level",NA,NA,"level",NA,0.6,0,0.0714,28,1,1,1,3,0.4,0.61,0.4259,0.1177,NA,NA,12.0413,3.5581,3.5581,0,27.2946,27.2946,14.4186,399.958,1935,1935,"0.15,0.2,0.3,0.35,0.45",0,1.4142,0.15,0.85,NA,NA,NA,NA,NA,NA,NA,NA,NA,NA,NA,NA,NA,NA,NA,NA,NA,NA,NA,NA,NA,NA,NA,NA
"Set_5dose_methods_prior","Set_5dose_methods_prior_SC5",5,"CRM","crm_level",NA,NA,"level",NA,0.6,0,0.0714,28,1,1,1,4,0.45,0.69,0.4729,0.1362,NA,NA,3.6693,1.369,1.369,0,27.2946,27.2946,14.4186,399.958,1935,1935,"0.15,0.2,0.3,0.35,0.45",0,1.4142,0.15,0.85,NA,NA,NA,NA,NA,NA,NA,NA,NA,NA,NA,NA,NA,NA,NA,NA,NA,NA,NA,NA,NA,NA,NA,NA
"Set_5dose_methods_prior","Set_5dose_methods_prior_SC5",5,"CRM","crm_level",NA,NA,"level",NA,0.6,0,0.0714,28,1,1,1,5,0.5,0.77,0.5623,0.1464,NA,NA,1.0853,0.3876,0.3876,0,27.2946,27.2946,14.4186,399.958,1935,1935,"0.15,0.2,0.3,0.35,0.45",0,1.4142,0.15,0.85,NA,NA,NA,NA,NA,NA,NA,NA,NA,NA,NA,NA,NA,NA,NA,NA,NA,NA,NA,NA,NA,NA,NA,NA
"Set_5dose_methods_prior","Set_5dose_methods_prior_SC5",5,"CRM","crm_random",NA,NA,"random",NA,0.6,0,0.0714,28,1,1,1,1,0.3,0.3,0.2696,0.0882,NA,NA,44.4961,15.3535,15.3535,0,27.2775,27.2775,14.5736,399.7324,1935,1935,"0.15,0.2,0.3,0.35,0.45",0,1.4142,0.15,0.85,NA,NA,NA,NA,NA,NA,NA,NA,NA,NA,NA,NA,NA,NA,NA,NA,NA,NA,NA,NA,NA,NA,NA,NA
"Set_5dose_methods_prior","Set_5dose_methods_prior_SC5",5,"CRM","crm_random",NA,NA,"random",NA,0.6,0,0.0714,28,1,1,1,2,0.35,0.53,0.325,NA,NA,NA,24.2377,6.6171,6.6171,0,27.2775,27.2775,14.5736,399.7324,1935,1935,"0.15,0.2,0.3,0.35,0.45",0,1.4142,0.15,0.85,NA,NA,NA,NA,NA,NA,NA,NA,NA,NA,NA,NA,NA,NA,NA,NA,NA,NA,NA,NA,NA,NA,NA,NA
"Set_5dose_methods_prior","Set_5dose_methods_prior_SC5",5,"CRM","crm_random",NA,NA,"random",NA,0.6,0,0.0714,28,1,1,1,3,0.4,0.61,0.4256,NA,NA,NA,11.8863,3.5473,3.5473,0,27.2775,27.2775,14.5736,399.7324,1935,1935,"0.15,0.2,0.3,0.35,0.45",0,1.4142,0.15,0.85,NA,NA,NA,NA,NA,NA,NA,NA,NA,NA,NA,NA,NA,NA,NA,NA,NA,NA,NA,NA,NA,NA,NA,NA
"Set_5dose_methods_prior","Set_5dose_methods_prior_SC5",5,"CRM","crm_random",NA,NA,"random",NA,0.6,0,0.0714,28,1,1,1,4,0.45,0.69,0.4726,NA,NA,NA,3.7209,1.3674,1.3674,0,27.2775,27.2775,14.5736,399.7324,1935,1935,"0.15,0.2,0.3,0.35,0.45",0,1.4142,0.15,0.85,NA,NA,NA,NA,NA,NA,NA,NA,NA,NA,NA,NA,NA,NA,NA,NA,NA,NA,NA,NA,NA,NA,NA,NA
"Set_5dose_methods_prior","Set_5dose_methods_prior_SC5",5,"CRM","crm_random",NA,NA,"random",NA,0.6,0,0.0714,28,1,1,1,5,0.5,0.77,0.5621,NA,NA,NA,1.0853,0.3922,0.3922,0,27.2775,27.2775,14.5736,399.7324,1935,1935,"0.15,0.2,0.3,0.35,0.45",0,1.4142,0.15,0.85,NA,NA,NA,NA,NA,NA,NA,NA,NA,NA,NA,NA,NA,NA,NA,NA,NA,NA,NA,NA,NA,NA,NA,NA
"Set_5dose_methods_prior","Set_5dose_methods_prior_SC5",5,"CRM","crm_alpha_crm",NA,NA,"alpha_crm",NA,0.6,0,0.0714,28,1,1,1,1,0.3,0.3,0.265,NA,NA,NA,41.0336,15.0651,15.0651,0,27.0124,27.0124,17.7261,395.9961,1935,1935,"0.15,0.2,0.3,0.35,0.45",0,1.4142,0.15,0.85,NA,NA,NA,NA,NA,NA,NA,NA,NA,NA,NA,NA,NA,"15,20,30,35,45",61,NA,NA,NA,NA,NA,NA,NA,NA,NA
"Set_5dose_methods_prior","Set_5dose_methods_prior_SC5",5,"CRM","crm_alpha_crm",NA,NA,"alpha_crm",NA,0.6,0,0.0714,28,1,1,1,2,0.35,0.53,0.3202,NA,NA,NA,24.6512,6.6217,6.6217,0,27.0124,27.0124,17.7261,395.9961,1935,1935,"0.15,0.2,0.3,0.35,0.45",0,1.4142,0.15,0.85,NA,NA,NA,NA,NA,NA,NA,NA,NA,NA,NA,NA,NA,"15,20,30,35,45",61,NA,NA,NA,NA,NA,NA,NA,NA,NA
"Set_5dose_methods_prior","Set_5dose_methods_prior_SC5",5,"CRM","crm_alpha_crm",NA,NA,"alpha_crm",NA,0.6,0,0.0714,28,1,1,1,3,0.4,0.61,0.4209,NA,NA,NA,11.8346,3.5736,3.5736,0,27.0124,27.0124,17.7261,395.9961,1935,1935,"0.15,0.2,0.3,0.35,0.45",0,1.4142,0.15,0.85,NA,NA,NA,NA,NA,NA,NA,NA,NA,NA,NA,NA,NA,"15,20,30,35,45",61,NA,NA,NA,NA,NA,NA,NA,NA,NA
"Set_5dose_methods_prior","Set_5dose_methods_prior_SC5",5,"CRM","crm_alpha_crm",NA,NA,"alpha_crm",NA,0.6,0,0.0714,28,1,1,1,4,0.45,0.69,0.468,NA,NA,NA,3.6693,1.3581,1.3581,0,27.0124,27.0124,17.7261,395.9961,1935,1935,"0.15,0.2,0.3,0.35,0.45",0,1.4142,0.15,0.85,NA,NA,NA,NA,NA,NA,NA,NA,NA,NA,NA,NA,NA,"15,20,30,35,45",61,NA,NA,NA,NA,NA,NA,NA,NA,NA
"Set_5dose_methods_prior","Set_5dose_methods_prior_SC5",5,"CRM","crm_alpha_crm",NA,NA,"alpha_crm",NA,0.6,0,0.0714,28,1,1,1,5,0.5,0.77,0.5579,NA,NA,NA,1.0853,0.3938,0.3938,0,27.0124,27.0124,17.7261,395.9961,1935,1935,"0.15,0.2,0.3,0.35,0.45",0,1.4142,0.15,0.85,NA,NA,NA,NA,NA,NA,NA,NA,NA,NA,NA,NA,NA,"15,20,30,35,45",61,NA,NA,NA,NA,NA,NA,NA,NA,NA
"Set_5dose_methods_prior","Set_5dose_methods_prior_SC5",5,"CRM","crm_cumu_crm",NA,NA,"cumu_crm",NA,0.6,0,0.0714,28,1,1,1,1,0.3,0.3,0.2398,NA,NA,NA,36.7959,11.6233,11.6233,0,28.7085,28.7085,8.1137,419.8675,1935,1935,"0.15,0.2,0.3,0.35,0.45",0,1.4142,0.15,0.85,NA,NA,NA,NA,NA,NA,NA,NA,NA,NA,NA,NA,NA,NA,NA,"15,20,30,35,45","0.62828086,0.83770782,1.25656172,1.46598868,1.88484259",-2.8,2,1,2.5,1.6,1,0
"Set_5dose_methods_prior","Set_5dose_methods_prior_SC5",5,"CRM","crm_cumu_crm",NA,NA,"cumu_crm",NA,0.6,0,0.0714,28,1,1,1,2,0.35,0.53,0.3177,NA,NA,NA,34.7287,10.1132,10.1132,0,28.7085,28.7085,8.1137,419.8675,1935,1935,"0.15,0.2,0.3,0.35,0.45",0,1.4142,0.15,0.85,NA,NA,NA,NA,NA,NA,NA,NA,NA,NA,NA,NA,NA,NA,NA,"15,20,30,35,45","0.62828086,0.83770782,1.25656172,1.46598868,1.88484259",-2.8,2,1,2.5,1.6,1,0
"Set_5dose_methods_prior","Set_5dose_methods_prior_SC5",5,"CRM","crm_cumu_crm",NA,NA,"cumu_crm",NA,0.6,0,0.0714,28,1,1,1,3,0.4,0.61,0.4913,NA,NA,NA,14.3669,4.6744,4.6744,0,28.7085,28.7085,8.1137,419.8675,1935,1935,"0.15,0.2,0.3,0.35,0.45",0,1.4142,0.15,0.85,NA,NA,NA,NA,NA,NA,NA,NA,NA,NA,NA,NA,NA,NA,NA,"15,20,30,35,45","0.62828086,0.83770782,1.25656172,1.46598868,1.88484259",-2.8,2,1,2.5,1.6,1,0
"Set_5dose_methods_prior","Set_5dose_methods_prior_SC5",5,"CRM","crm_cumu_crm",NA,NA,"cumu_crm",NA,0.6,0,0.0714,28,1,1,1,4,0.45,0.69,0.5723,NA,NA,NA,4.5995,1.8078,1.8078,0,28.7085,28.7085,8.1137,419.8675,1935,1935,"0.15,0.2,0.3,0.35,0.45",0,1.4142,0.15,0.85,NA,NA,NA,NA,NA,NA,NA,NA,NA,NA,NA,NA,NA,NA,NA,"15,20,30,35,45","0.62828086,0.83770782,1.25656172,1.46598868,1.88484259",-2.8,2,1,2.5,1.6,1,0
"Set_5dose_methods_prior","Set_5dose_methods_prior_SC5",5,"CRM","crm_cumu_crm",NA,NA,"cumu_crm",NA,0.6,0,0.0714,28,1,1,1,5,0.5,0.77,0.7051,NA,NA,NA,1.3953,0.4899,0.4899,0,28.7085,28.7085,8.1137,419.8675,1935,1935,"0.15,0.2,0.3,0.35,0.45",0,1.4142,0.15,0.85,NA,NA,NA,NA,NA,NA,NA,NA,NA,NA,NA,NA,NA,NA,NA,"15,20,30,35,45","0.62828086,0.83770782,1.25656172,1.46598868,1.88484259",-2.8,2,1,2.5,1.6,1,0
"Set_5dose_methods_prior","Set_5dose_methods_prior_SC5",5,"CRM","crm_fixed",NA,NA,"fixed",NA,0.6,0,0.0714,28,2,1,1,1,0.3,0.3,0.3046,0,NA,NA,62.3773,18.8062,18.8062,0,27.0434,22.7302,17.0026,350.3767,1935,1935,"0.15,0.2,0.3,0.35,0.45",0,1.4142,0.15,0.85,NA,NA,NA,NA,NA,NA,NA,NA,NA,NA,NA,NA,NA,NA,NA,NA,NA,NA,NA,NA,NA,NA,NA,NA
"Set_5dose_methods_prior","Set_5dose_methods_prior_SC5",5,"CRM","crm_fixed",NA,NA,"fixed",NA,0.6,0,0.0714,28,2,1,1,2,0.35,0.53,0.3619,NA,NA,NA,15.6589,5.7085,5.7085,3.7147,27.0434,22.7302,17.0026,350.3767,1935,1935,"0.15,0.2,0.3,0.35,0.45",0,1.4142,0.15,0.85,NA,NA,NA,NA,NA,NA,NA,NA,NA,NA,NA,NA,NA,NA,NA,NA,NA,NA,NA,NA,NA,NA,NA,NA
"Set_5dose_methods_prior","Set_5dose_methods_prior_SC5",5,"CRM","crm_fixed",NA,NA,"fixed",NA,0.6,0,0.0714,28,2,1,1,3,0.4,0.61,0.4635,NA,NA,NA,4.186,1.924,1.924,0.2543,27.0434,22.7302,17.0026,350.3767,1935,1935,"0.15,0.2,0.3,0.35,0.45",0,1.4142,0.15,0.85,NA,NA,NA,NA,NA,NA,NA,NA,NA,NA,NA,NA,NA,NA,NA,NA,NA,NA,NA,NA,NA,NA,NA,NA
"Set_5dose_methods_prior","Set_5dose_methods_prior_SC5",5,"CRM","crm_fixed",NA,NA,"fixed",NA,0.6,0,0.0714,28,2,1,1,4,0.45,0.69,0.5099,NA,NA,NA,0.5685,0.4853,0.4853,0.3349,27.0434,22.7302,17.0026,350.3767,1935,1935,"0.15,0.2,0.3,0.35,0.45",0,1.4142,0.15,0.85,NA,NA,NA,NA,NA,NA,NA,NA,NA,NA,NA,NA,NA,NA,NA,NA,NA,NA,NA,NA,NA,NA,NA,NA
"Set_5dose_methods_prior","Set_5dose_methods_prior_SC5",5,"CRM","crm_fixed",NA,NA,"fixed",NA,0.6,0,0.0714,28,2,1,1,5,0.5,0.77,0.5968,NA,NA,NA,0.2067,0.1194,0.1194,0.0093,27.0434,22.7302,17.0026,350.3767,1935,1935,"0.15,0.2,0.3,0.35,0.45",0,1.4142,0.15,0.85,NA,NA,NA,NA,NA,NA,NA,NA,NA,NA,NA,NA,NA,NA,NA,NA,NA,NA,NA,NA,NA,NA,NA,NA
"Set_5dose_methods_prior","Set_5dose_methods_prior_SC5",5,"CRM","crm_level",NA,NA,"level",NA,0.6,0,0.0714,28,2,1,1,1,0.3,0.3,0.2903,NA,NA,NA,59.4315,16.8558,16.8558,0,27.1907,22.3106,15.814,349.1273,1935,1935,"0.15,0.2,0.3,0.35,0.45",0,1.4142,0.15,0.85,NA,NA,NA,NA,NA,NA,NA,NA,NA,NA,NA,NA,NA,NA,NA,NA,NA,NA,NA,NA,NA,NA,NA,NA
"Set_5dose_methods_prior","Set_5dose_methods_prior_SC5",5,"CRM","crm_level",NA,NA,"level",NA,0.6,0,0.0714,28,2,1,1,2,0.35,0.53,0.3466,0.1222,NA,NA,17.5194,6.6775,6.6775,3.9457,27.1907,22.3106,15.814,349.1273,1935,1935,"0.15,0.2,0.3,0.35,0.45",0,1.4142,0.15,0.85,NA,NA,NA,NA,NA,NA,NA,NA,NA,NA,NA,NA,NA,NA,NA,NA,NA,NA,NA,NA,NA,NA,NA,NA
"Set_5dose_methods_prior","Set_5dose_methods_prior_SC5",5,"CRM","crm_level",NA,NA,"level",NA,0.6,0,0.0714,28,2,1,1,3,0.4,0.61,0.4474,0.1299,NA,NA,5.9432,2.6171,2.6171,0.4382,27.1907,22.3106,15.814,349.1273,1935,1935,"0.15,0.2,0.3,0.35,0.45",0,1.4142,0.15,0.85,NA,NA,NA,NA,NA,NA,NA,NA,NA,NA,NA,NA,NA,NA,NA,NA,NA,NA,NA,NA,NA,NA,NA,NA
"Set_5dose_methods_prior","Set_5dose_methods_prior_SC5",5,"CRM","crm_level",NA,NA,"level",NA,0.6,0,0.0714,28,2,1,1,4,0.45,0.69,0.4939,0.1513,NA,NA,0.9819,0.7845,0.7845,0.4672,27.1907,22.3106,15.814,349.1273,1935,1935,"0.15,0.2,0.3,0.35,0.45",0,1.4142,0.15,0.85,NA,NA,NA,NA,NA,NA,NA,NA,NA,NA,NA,NA,NA,NA,NA,NA,NA,NA,NA,NA,NA,NA,NA,NA
"Set_5dose_methods_prior","Set_5dose_methods_prior_SC5",5,"CRM","crm_level",NA,NA,"level",NA,0.6,0,0.0714,28,2,1,1,5,0.5,0.77,0.5817,0.1482,NA,NA,0.3101,0.2558,0.2558,0.0289,27.1907,22.3106,15.814,349.1273,1935,1935,"0.15,0.2,0.3,0.35,0.45",0,1.4142,0.15,0.85,NA,NA,NA,NA,NA,NA,NA,NA,NA,NA,NA,NA,NA,NA,NA,NA,NA,NA,NA,NA,NA,NA,NA,NA
"Set_5dose_methods_prior","Set_5dose_methods_prior_SC5",5,"CRM","crm_random",NA,NA,"random",NA,0.6,0,0.0714,28,2,1,1,1,0.3,0.3,0.2896,0.1196,NA,NA,59.3282,16.8248,16.8248,0,27.1783,22.3173,15.969,349.1353,1935,1935,"0.15,0.2,0.3,0.35,0.45",0,1.4142,0.15,0.85,NA,NA,NA,NA,NA,NA,NA,NA,NA,NA,NA,NA,NA,NA,NA,NA,NA,NA,NA,NA,NA,NA,NA,NA
"Set_5dose_methods_prior","Set_5dose_methods_prior_SC5",5,"CRM","crm_random",NA,NA,"random",NA,0.6,0,0.0714,28,2,1,1,2,0.35,0.53,0.3457,NA,NA,NA,17.3643,6.5519,6.5519,3.892,27.1783,22.3173,15.969,349.1353,1935,1935,"0.15,0.2,0.3,0.35,0.45",0,1.4142,0.15,0.85,NA,NA,NA,NA,NA,NA,NA,NA,NA,NA,NA,NA,NA,NA,NA,NA,NA,NA,NA,NA,NA,NA,NA,NA
"Set_5dose_methods_prior","Set_5dose_methods_prior_SC5",5,"CRM","crm_random",NA,NA,"random",NA,0.6,0,0.0714,28,2,1,1,3,0.4,0.61,0.4464,NA,NA,NA,5.9948,2.6822,2.6822,0.476,27.1783,22.3173,15.969,349.1353,1935,1935,"0.15,0.2,0.3,0.35,0.45",0,1.4142,0.15,0.85,NA,NA,NA,NA,NA,NA,NA,NA,NA,NA,NA,NA,NA,NA,NA,NA,NA,NA,NA,NA,NA,NA,NA,NA
"Set_5dose_methods_prior","Set_5dose_methods_prior_SC5",5,"CRM","crm_random",NA,NA,"random",NA,0.6,0,0.0714,28,2,1,1,4,0.45,0.69,0.4928,NA,NA,NA,1.0336,0.8295,0.8295,0.4558,27.1783,22.3173,15.969,349.1353,1935,1935,"0.15,0.2,0.3,0.35,0.45",0,1.4142,0.15,0.85,NA,NA,NA,NA,NA,NA,NA,NA,NA,NA,NA,NA,NA,NA,NA,NA,NA,NA,NA,NA,NA,NA,NA,NA
"Set_5dose_methods_prior","Set_5dose_methods_prior_SC5",5,"CRM","crm_random",NA,NA,"random",NA,0.6,0,0.0714,28,2,1,1,5,0.5,0.77,0.5806,NA,NA,NA,0.3101,0.2899,0.2899,0.0372,27.1783,22.3173,15.969,349.1353,1935,1935,"0.15,0.2,0.3,0.35,0.45",0,1.4142,0.15,0.85,NA,NA,NA,NA,NA,NA,NA,NA,NA,NA,NA,NA,NA,NA,NA,NA,NA,NA,NA,NA,NA,NA,NA,NA
"Set_5dose_methods_prior","Set_5dose_methods_prior_SC5",5,"CRM","crm_alpha_crm",NA,NA,"alpha_crm",NA,0.6,0,0.0714,28,2,1,1,1,0.3,0.3,0.2894,NA,NA,NA,55.5556,17.1178,17.1178,0,26.9643,22.3194,18.9147,347.2894,1935,1935,"0.15,0.2,0.3,0.35,0.45",0,1.4142,0.15,0.85,NA,NA,NA,NA,NA,NA,NA,NA,NA,NA,NA,NA,NA,"15,20,30,35,45",61,NA,NA,NA,NA,NA,NA,NA,NA,NA
"Set_5dose_methods_prior","Set_5dose_methods_prior_SC5",5,"CRM","crm_alpha_crm",NA,NA,"alpha_crm",NA,0.6,0,0.0714,28,2,1,1,2,0.35,0.53,0.346,NA,NA,NA,17.7261,6.4961,6.4961,3.7225,26.9643,22.3194,18.9147,347.2894,1935,1935,"0.15,0.2,0.3,0.35,0.45",0,1.4142,0.15,0.85,NA,NA,NA,NA,NA,NA,NA,NA,NA,NA,NA,NA,NA,"15,20,30,35,45",61,NA,NA,NA,NA,NA,NA,NA,NA,NA
"Set_5dose_methods_prior","Set_5dose_methods_prior_SC5",5,"CRM","crm_alpha_crm",NA,NA,"alpha_crm",NA,0.6,0,0.0714,28,2,1,1,3,0.4,0.61,0.4473,NA,NA,NA,5.8915,2.2992,2.2992,0.4884,26.9643,22.3194,18.9147,347.2894,1935,1935,"0.15,0.2,0.3,0.35,0.45",0,1.4142,0.15,0.85,NA,NA,NA,NA,NA,NA,NA,NA,NA,NA,NA,NA,NA,"15,20,30,35,45",61,NA,NA,NA,NA,NA,NA,NA,NA,NA
"Set_5dose_methods_prior","Set_5dose_methods_prior_SC5",5,"CRM","crm_alpha_crm",NA,NA,"alpha_crm",NA,0.6,0,0.0714,28,2,1,1,4,0.45,0.69,0.494,NA,NA,NA,1.5504,0.8109,0.8109,0.4062,26.9643,22.3194,18.9147,347.2894,1935,1935,"0.15,0.2,0.3,0.35,0.45",0,1.4142,0.15,0.85,NA,NA,NA,NA,NA,NA,NA,NA,NA,NA,NA,NA,NA,"15,20,30,35,45",61,NA,NA,NA,NA,NA,NA,NA,NA,NA
"Set_5dose_methods_prior","Set_5dose_methods_prior_SC5",5,"CRM","crm_alpha_crm",NA,NA,"alpha_crm",NA,0.6,0,0.0714,28,2,1,1,5,0.5,0.77,0.5821,NA,NA,NA,0.3618,0.2403,0.2403,0.0279,26.9643,22.3194,18.9147,347.2894,1935,1935,"0.15,0.2,0.3,0.35,0.45",0,1.4142,0.15,0.85,NA,NA,NA,NA,NA,NA,NA,NA,NA,NA,NA,NA,NA,"15,20,30,35,45",61,NA,NA,NA,NA,NA,NA,NA,NA,NA
"Set_5dose_methods_prior","Set_5dose_methods_prior_SC5",5,"CRM","crm_cumu_crm",NA,NA,"cumu_crm",NA,0.6,0,0.0714,28,2,1,1,1,0.3,0.3,0.2443,NA,NA,NA,43.2558,12.5349,12.5349,0,28.6713,23.1902,8.9922,360.1433,1935,1935,"0.15,0.2,0.3,0.35,0.45",0,1.4142,0.15,0.85,NA,NA,NA,NA,NA,NA,NA,NA,NA,NA,NA,NA,NA,NA,NA,"15,20,30,35,45","0.62828086,0.83770782,1.25656172,1.46598868,1.88484259",-2.8,2,1,2.5,1.6,1,0
"Set_5dose_methods_prior","Set_5dose_methods_prior_SC5",5,"CRM","crm_cumu_crm",NA,NA,"cumu_crm",NA,0.6,0,0.0714,28,2,1,1,2,0.35,0.53,0.3236,NA,NA,NA,30.0775,10.3023,10.3023,3.7204,28.6713,23.1902,8.9922,360.1433,1935,1935,"0.15,0.2,0.3,0.35,0.45",0,1.4142,0.15,0.85,NA,NA,NA,NA,NA,NA,NA,NA,NA,NA,NA,NA,NA,NA,NA,"15,20,30,35,45","0.62828086,0.83770782,1.25656172,1.46598868,1.88484259",-2.8,2,1,2.5,1.6,1,0
"Set_5dose_methods_prior","Set_5dose_methods_prior_SC5",5,"CRM","crm_cumu_crm",NA,NA,"cumu_crm",NA,0.6,0,0.0714,28,2,1,1,3,0.4,0.61,0.4979,NA,NA,NA,13.0749,3.8016,3.8016,1.0739,28.6713,23.1902,8.9922,360.1433,1935,1935,"0.15,0.2,0.3,0.35,0.45",0,1.4142,0.15,0.85,NA,NA,NA,NA,NA,NA,NA,NA,NA,NA,NA,NA,NA,NA,NA,"15,20,30,35,45","0.62828086,0.83770782,1.25656172,1.46598868,1.88484259",-2.8,2,1,2.5,1.6,1,0
"Set_5dose_methods_prior","Set_5dose_methods_prior_SC5",5,"CRM","crm_cumu_crm",NA,NA,"cumu_crm",NA,0.6,0,0.0714,28,2,1,1,4,0.45,0.69,0.578,NA,NA,NA,3.9793,1.5132,1.5132,0.5587,28.6713,23.1902,8.9922,360.1433,1935,1935,"0.15,0.2,0.3,0.35,0.45",0,1.4142,0.15,0.85,NA,NA,NA,NA,NA,NA,NA,NA,NA,NA,NA,NA,NA,NA,NA,"15,20,30,35,45","0.62828086,0.83770782,1.25656172,1.46598868,1.88484259",-2.8,2,1,2.5,1.6,1,0
"Set_5dose_methods_prior","Set_5dose_methods_prior_SC5",5,"CRM","crm_cumu_crm",NA,NA,"cumu_crm",NA,0.6,0,0.0714,28,2,1,1,5,0.5,0.77,0.7078,NA,NA,NA,0.6202,0.5194,0.5194,0.1282,28.6713,23.1902,8.9922,360.1433,1935,1935,"0.15,0.2,0.3,0.35,0.45",0,1.4142,0.15,0.85,NA,NA,NA,NA,NA,NA,NA,NA,NA,NA,NA,NA,NA,NA,NA,"15,20,30,35,45","0.62828086,0.83770782,1.25656172,1.46598868,1.88484259",-2.8,2,1,2.5,1.6,1,0
"Set_5dose_methods_prior","Set_5dose_methods_prior_SC5",5,"CRM","crm_fixed",NA,NA,"fixed",NA,0.6,0,0.0714,28,3,1,1,1,0.3,0.3,0.3071,0,NA,NA,63.7209,19.0868,19.0868,0,27.0465,22.3457,16.9509,346.5366,1935,1935,"0.15,0.2,0.3,0.35,0.45",0,1.4142,0.15,0.85,NA,NA,NA,NA,NA,NA,NA,NA,NA,NA,NA,NA,NA,NA,NA,NA,NA,NA,NA,NA,NA,NA,NA,NA
"Set_5dose_methods_prior","Set_5dose_methods_prior_SC5",5,"CRM","crm_fixed",NA,NA,"fixed",NA,0.6,0,0.0714,28,3,1,1,2,0.35,0.53,0.3645,NA,NA,NA,15.2455,5.8574,5.8574,3.7225,27.0465,22.3457,16.9509,346.5366,1935,1935,"0.15,0.2,0.3,0.35,0.45",0,1.4142,0.15,0.85,NA,NA,NA,NA,NA,NA,NA,NA,NA,NA,NA,NA,NA,NA,NA,NA,NA,NA,NA,NA,NA,NA,NA,NA
"Set_5dose_methods_prior","Set_5dose_methods_prior_SC5",5,"CRM","crm_fixed",NA,NA,"fixed",NA,0.6,0,0.0714,28,3,1,1,3,0.4,0.61,0.4661,NA,NA,NA,3.3075,1.6837,1.6837,0.7891,27.0465,22.3457,16.9509,346.5366,1935,1935,"0.15,0.2,0.3,0.35,0.45",0,1.4142,0.15,0.85,NA,NA,NA,NA,NA,NA,NA,NA,NA,NA,NA,NA,NA,NA,NA,NA,NA,NA,NA,NA,NA,NA,NA,NA
"Set_5dose_methods_prior","Set_5dose_methods_prior_SC5",5,"CRM","crm_fixed",NA,NA,"fixed",NA,0.6,0,0.0714,28,3,1,1,4,0.45,0.69,0.5125,NA,NA,NA,0.7235,0.3581,0.3581,0.1576,27.0465,22.3457,16.9509,346.5366,1935,1935,"0.15,0.2,0.3,0.35,0.45",0,1.4142,0.15,0.85,NA,NA,NA,NA,NA,NA,NA,NA,NA,NA,NA,NA,NA,NA,NA,NA,NA,NA,NA,NA,NA,NA,NA,NA
"Set_5dose_methods_prior","Set_5dose_methods_prior_SC5",5,"CRM","crm_fixed",NA,NA,"fixed",NA,0.6,0,0.0714,28,3,1,1,5,0.5,0.77,0.5992,NA,NA,NA,0.0517,0.0605,0.0605,0.0315,27.0465,22.3457,16.9509,346.5366,1935,1935,"0.15,0.2,0.3,0.35,0.45",0,1.4142,0.15,0.85,NA,NA,NA,NA,NA,NA,NA,NA,NA,NA,NA,NA,NA,NA,NA,NA,NA,NA,NA,NA,NA,NA,NA,NA
"Set_5dose_methods_prior","Set_5dose_methods_prior_SC5",5,"CRM","crm_level",NA,NA,"level",NA,0.6,0,0.0714,28,3,1,1,1,0.3,0.3,0.2932,NA,NA,NA,59.3798,17.0357,17.0357,0,27.1194,21.723,16.6408,344.3069,1935,1935,"0.15,0.2,0.3,0.35,0.45",0,1.4142,0.15,0.85,NA,NA,NA,NA,NA,NA,NA,NA,NA,NA,NA,NA,NA,NA,NA,NA,NA,NA,NA,NA,NA,NA,NA,NA
"Set_5dose_methods_prior","Set_5dose_methods_prior_SC5",5,"CRM","crm_level",NA,NA,"level",NA,0.6,0,0.0714,28,3,1,1,2,0.35,0.53,0.3497,0.1138,NA,NA,18.0362,6.6124,6.6124,3.9189,27.1194,21.723,16.6408,344.3069,1935,1935,"0.15,0.2,0.3,0.35,0.45",0,1.4142,0.15,0.85,NA,NA,NA,NA,NA,NA,NA,NA,NA,NA,NA,NA,NA,NA,NA,NA,NA,NA,NA,NA,NA,NA,NA,NA
"Set_5dose_methods_prior","Set_5dose_methods_prior_SC5",5,"CRM","crm_level",NA,NA,"level",NA,0.6,0,0.0714,28,3,1,1,3,0.4,0.61,0.4506,0.1415,NA,NA,4.7545,2.5147,2.5147,1.1173,27.1194,21.723,16.6408,344.3069,1935,1935,"0.15,0.2,0.3,0.35,0.45",0,1.4142,0.15,0.85,NA,NA,NA,NA,NA,NA,NA,NA,NA,NA,NA,NA,NA,NA,NA,NA,NA,NA,NA,NA,NA,NA,NA,NA
"Set_5dose_methods_prior","Set_5dose_methods_prior_SC5",5,"CRM","crm_level",NA,NA,"level",NA,0.6,0,0.0714,28,3,1,1,4,0.45,0.69,0.4972,0.143,NA,NA,0.9819,0.7767,0.7767,0.276,27.1194,21.723,16.6408,344.3069,1935,1935,"0.15,0.2,0.3,0.35,0.45",0,1.4142,0.15,0.85,NA,NA,NA,NA,NA,NA,NA,NA,NA,NA,NA,NA,NA,NA,NA,NA,NA,NA,NA,NA,NA,NA,NA,NA
"Set_5dose_methods_prior","Set_5dose_methods_prior_SC5",5,"CRM","crm_level",NA,NA,"level",NA,0.6,0,0.0714,28,3,1,1,5,0.5,0.77,0.5848,0.1488,NA,NA,0.2067,0.1798,0.1798,0.0842,27.1194,21.723,16.6408,344.3069,1935,1935,"0.15,0.2,0.3,0.35,0.45",0,1.4142,0.15,0.85,NA,NA,NA,NA,NA,NA,NA,NA,NA,NA,NA,NA,NA,NA,NA,NA,NA,NA,NA,NA,NA,NA,NA,NA
"Set_5dose_methods_prior","Set_5dose_methods_prior_SC5",5,"CRM","crm_random",NA,NA,"random",NA,0.6,0,0.0714,28,3,1,1,1,0.3,0.3,0.2931,0.1246,NA,NA,60.5168,16.9783,16.9783,0,27.1256,21.6842,16.1757,343.4176,1935,1935,"0.15,0.2,0.3,0.35,0.45",0,1.4142,0.15,0.85,NA,NA,NA,NA,NA,NA,NA,NA,NA,NA,NA,NA,NA,NA,NA,NA,NA,NA,NA,NA,NA,NA,NA,NA
"Set_5dose_methods_prior","Set_5dose_methods_prior_SC5",5,"CRM","crm_random",NA,NA,"random",NA,0.6,0,0.0714,28,3,1,1,2,0.35,0.53,0.3493,NA,NA,NA,16.8992,6.4682,6.4682,3.8941,27.1256,21.6842,16.1757,343.4176,1935,1935,"0.15,0.2,0.3,0.35,0.45",0,1.4142,0.15,0.85,NA,NA,NA,NA,NA,NA,NA,NA,NA,NA,NA,NA,NA,NA,NA,NA,NA,NA,NA,NA,NA,NA,NA,NA
"Set_5dose_methods_prior","Set_5dose_methods_prior_SC5",5,"CRM","crm_random",NA,NA,"random",NA,0.6,0,0.0714,28,3,1,1,3,0.4,0.61,0.4499,NA,NA,NA,4.9612,2.4589,2.4589,1.0935,27.1256,21.6842,16.1757,343.4176,1935,1935,"0.15,0.2,0.3,0.35,0.45",0,1.4142,0.15,0.85,NA,NA,NA,NA,NA,NA,NA,NA,NA,NA,NA,NA,NA,NA,NA,NA,NA,NA,NA,NA,NA,NA,NA,NA
"Set_5dose_methods_prior","Set_5dose_methods_prior_SC5",5,"CRM","crm_random",NA,NA,"random",NA,0.6,0,0.0714,28,3,1,1,4,0.45,0.69,0.4963,NA,NA,NA,1.3437,0.9085,0.9085,0.3059,27.1256,21.6842,16.1757,343.4176,1935,1935,"0.15,0.2,0.3,0.35,0.45",0,1.4142,0.15,0.85,NA,NA,NA,NA,NA,NA,NA,NA,NA,NA,NA,NA,NA,NA,NA,NA,NA,NA,NA,NA,NA,NA,NA,NA
"Set_5dose_methods_prior","Set_5dose_methods_prior_SC5",5,"CRM","crm_random",NA,NA,"random",NA,0.6,0,0.0714,28,3,1,1,5,0.5,0.77,0.5837,NA,NA,NA,0.1034,0.3116,0.3116,0.1478,27.1256,21.6842,16.1757,343.4176,1935,1935,"0.15,0.2,0.3,0.35,0.45",0,1.4142,0.15,0.85,NA,NA,NA,NA,NA,NA,NA,NA,NA,NA,NA,NA,NA,NA,NA,NA,NA,NA,NA,NA,NA,NA,NA,NA
"Set_5dose_methods_prior","Set_5dose_methods_prior_SC5",5,"CRM","crm_alpha_crm",NA,NA,"alpha_crm",NA,0.6,0,0.0714,28,3,1,1,1,0.3,0.3,0.2883,NA,NA,NA,55.5039,17.1333,17.1333,0,26.9628,21.8661,18.863,343.4404,1935,1935,"0.15,0.2,0.3,0.35,0.45",0,1.4142,0.15,0.85,NA,NA,NA,NA,NA,NA,NA,NA,NA,NA,NA,NA,NA,"15,20,30,35,45",61,NA,NA,NA,NA,NA,NA,NA,NA,NA
"Set_5dose_methods_prior","Set_5dose_methods_prior_SC5",5,"CRM","crm_alpha_crm",NA,NA,"alpha_crm",NA,0.6,0,0.0714,28,3,1,1,2,0.35,0.53,0.3447,NA,NA,NA,17.6227,6.3907,6.3907,3.7023,26.9628,21.8661,18.863,343.4404,1935,1935,"0.15,0.2,0.3,0.35,0.45",0,1.4142,0.15,0.85,NA,NA,NA,NA,NA,NA,NA,NA,NA,NA,NA,NA,NA,"15,20,30,35,45",61,NA,NA,NA,NA,NA,NA,NA,NA,NA
"Set_5dose_methods_prior","Set_5dose_methods_prior_SC5",5,"CRM","crm_alpha_crm",NA,NA,"alpha_crm",NA,0.6,0,0.0714,28,3,1,1,3,0.4,0.61,0.4458,NA,NA,NA,5.7364,2.3178,2.3178,1.032,26.9628,21.8661,18.863,343.4404,1935,1935,"0.15,0.2,0.3,0.35,0.45",0,1.4142,0.15,0.85,NA,NA,NA,NA,NA,NA,NA,NA,NA,NA,NA,NA,NA,"15,20,30,35,45",61,NA,NA,NA,NA,NA,NA,NA,NA,NA
"Set_5dose_methods_prior","Set_5dose_methods_prior_SC5",5,"CRM","crm_alpha_crm",NA,NA,"alpha_crm",NA,0.6,0,0.0714,28,3,1,1,4,0.45,0.69,0.4924,NA,NA,NA,1.7571,0.8341,0.8341,0.246,26.9628,21.8661,18.863,343.4404,1935,1935,"0.15,0.2,0.3,0.35,0.45",0,1.4142,0.15,0.85,NA,NA,NA,NA,NA,NA,NA,NA,NA,NA,NA,NA,NA,"15,20,30,35,45",61,NA,NA,NA,NA,NA,NA,NA,NA,NA
"Set_5dose_methods_prior","Set_5dose_methods_prior_SC5",5,"CRM","crm_alpha_crm",NA,NA,"alpha_crm",NA,0.6,0,0.0714,28,3,1,1,5,0.5,0.77,0.5805,NA,NA,NA,0.5168,0.2868,0.2868,0.1163,26.9628,21.8661,18.863,343.4404,1935,1935,"0.15,0.2,0.3,0.35,0.45",0,1.4142,0.15,0.85,NA,NA,NA,NA,NA,NA,NA,NA,NA,NA,NA,NA,NA,"15,20,30,35,45",61,NA,NA,NA,NA,NA,NA,NA,NA,NA
"Set_5dose_methods_prior","Set_5dose_methods_prior_SC5",5,"CRM","crm_cumu_crm",NA,NA,"cumu_crm",NA,0.6,0,0.0714,28,3,1,1,1,0.3,0.3,0.2446,NA,NA,NA,44.031,12.6636,12.6636,0,28.6853,22.4382,8.6822,353.486,1935,1935,"0.15,0.2,0.3,0.35,0.45",0,1.4142,0.15,0.85,NA,NA,NA,NA,NA,NA,NA,NA,NA,NA,NA,NA,NA,NA,NA,"15,20,30,35,45","0.62828086,0.83770782,1.25656172,1.46598868,1.88484259",-2.8,2,1,2.5,1.6,1,0
"Set_5dose_methods_prior","Set_5dose_methods_prior_SC5",5,"CRM","crm_cumu_crm",NA,NA,"cumu_crm",NA,0.6,0,0.0714,28,3,1,1,2,0.35,0.53,0.3239,NA,NA,NA,31.3695,9.7953,9.7953,3.7468,28.6853,22.4382,8.6822,353.486,1935,1935,"0.15,0.2,0.3,0.35,0.45",0,1.4142,0.15,0.85,NA,NA,NA,NA,NA,NA,NA,NA,NA,NA,NA,NA,NA,NA,NA,"15,20,30,35,45","0.62828086,0.83770782,1.25656172,1.46598868,1.88484259",-2.8,2,1,2.5,1.6,1,0
"Set_5dose_methods_prior","Set_5dose_methods_prior_SC5",5,"CRM","crm_cumu_crm",NA,NA,"cumu_crm",NA,0.6,0,0.0714,28,3,1,1,3,0.4,0.61,0.4977,NA,NA,NA,11.8346,4.0403,4.0403,1.785,28.6853,22.4382,8.6822,353.486,1935,1935,"0.15,0.2,0.3,0.35,0.45",0,1.4142,0.15,0.85,NA,NA,NA,NA,NA,NA,NA,NA,NA,NA,NA,NA,NA,NA,NA,"15,20,30,35,45","0.62828086,0.83770782,1.25656172,1.46598868,1.88484259",-2.8,2,1,2.5,1.6,1,0
"Set_5dose_methods_prior","Set_5dose_methods_prior_SC5",5,"CRM","crm_cumu_crm",NA,NA,"cumu_crm",NA,0.6,0,0.0714,28,3,1,1,4,0.45,0.69,0.5776,NA,NA,NA,3.3592,1.6093,1.6093,0.4941,28.6853,22.4382,8.6822,353.486,1935,1935,"0.15,0.2,0.3,0.35,0.45",0,1.4142,0.15,0.85,NA,NA,NA,NA,NA,NA,NA,NA,NA,NA,NA,NA,NA,NA,NA,"15,20,30,35,45","0.62828086,0.83770782,1.25656172,1.46598868,1.88484259",-2.8,2,1,2.5,1.6,1,0
"Set_5dose_methods_prior","Set_5dose_methods_prior_SC5",5,"CRM","crm_cumu_crm",NA,NA,"cumu_crm",NA,0.6,0,0.0714,28,3,1,1,5,0.5,0.77,0.707,NA,NA,NA,0.7235,0.5767,0.5767,0.2212,28.6853,22.4382,8.6822,353.486,1935,1935,"0.15,0.2,0.3,0.35,0.45",0,1.4142,0.15,0.85,NA,NA,NA,NA,NA,NA,NA,NA,NA,NA,NA,NA,NA,NA,NA,"15,20,30,35,45","0.62828086,0.83770782,1.25656172,1.46598868,1.88484259",-2.8,2,1,2.5,1.6,1,0
"Set_5dose_methods_prior","Set_5dose_methods_prior_SC5",5,"CRM","crm_fixed",NA,NA,"fixed",NA,0.9,0,0.0714,28,1,1,1,1,0.3,0.3,0.2694,0,NA,NA,44.6512,15.3488,15.3488,0,27.2605,27.2605,14.6253,399.5136,1935,1935,"0.15,0.2,0.3,0.35,0.45",0,1.4142,0.15,0.85,NA,NA,NA,NA,NA,NA,NA,NA,NA,NA,NA,NA,NA,NA,NA,NA,NA,NA,NA,NA,NA,NA,NA,NA
"Set_5dose_methods_prior","Set_5dose_methods_prior_SC5",5,"CRM","crm_fixed",NA,NA,"fixed",NA,0.9,0,0.0714,28,1,1,1,2,0.35,0.62,0.3248,NA,NA,NA,24.186,6.6093,6.6093,0,27.2605,27.2605,14.6253,399.5136,1935,1935,"0.15,0.2,0.3,0.35,0.45",0,1.4142,0.15,0.85,NA,NA,NA,NA,NA,NA,NA,NA,NA,NA,NA,NA,NA,NA,NA,NA,NA,NA,NA,NA,NA,NA,NA,NA
"Set_5dose_methods_prior","Set_5dose_methods_prior_SC5",5,"CRM","crm_fixed",NA,NA,"fixed",NA,0.9,0,0.0714,28,1,1,1,3,0.4,0.715,0.4254,NA,NA,NA,11.8346,3.538,3.538,0,27.2605,27.2605,14.6253,399.5136,1935,1935,"0.15,0.2,0.3,0.35,0.45",0,1.4142,0.15,0.85,NA,NA,NA,NA,NA,NA,NA,NA,NA,NA,NA,NA,NA,NA,NA,NA,NA,NA,NA,NA,NA,NA,NA,NA
"Set_5dose_methods_prior","Set_5dose_methods_prior_SC5",5,"CRM","crm_fixed",NA,NA,"fixed",NA,0.9,0,0.0714,28,1,1,1,4,0.45,0.81,0.4724,NA,NA,NA,3.6176,1.3705,1.3705,0,27.2605,27.2605,14.6253,399.5136,1935,1935,"0.15,0.2,0.3,0.35,0.45",0,1.4142,0.15,0.85,NA,NA,NA,NA,NA,NA,NA,NA,NA,NA,NA,NA,NA,NA,NA,NA,NA,NA,NA,NA,NA,NA,NA,NA
"Set_5dose_methods_prior","Set_5dose_methods_prior_SC5",5,"CRM","crm_fixed",NA,NA,"fixed",NA,0.9,0,0.0714,28,1,1,1,5,0.5,0.905,0.5619,NA,NA,NA,1.0853,0.3938,0.3938,0,27.2605,27.2605,14.6253,399.5136,1935,1935,"0.15,0.2,0.3,0.35,0.45",0,1.4142,0.15,0.85,NA,NA,NA,NA,NA,NA,NA,NA,NA,NA,NA,NA,NA,NA,NA,NA,NA,NA,NA,NA,NA,NA,NA,NA
"Set_5dose_methods_prior","Set_5dose_methods_prior_SC5",5,"CRM","crm_level",NA,NA,"level",NA,0.9,0,0.0714,28,1,1,1,1,0.3,0.3,0.2697,NA,NA,NA,44.4961,15.3333,15.3333,0,27.2744,27.2744,14.522,399.7405,1935,1935,"0.15,0.2,0.3,0.35,0.45",0,1.4142,0.15,0.85,NA,NA,NA,NA,NA,NA,NA,NA,NA,NA,NA,NA,NA,NA,NA,NA,NA,NA,NA,NA,NA,NA,NA,NA
"Set_5dose_methods_prior","Set_5dose_methods_prior_SC5",5,"CRM","crm_level",NA,NA,"level",NA,0.9,0,0.0714,28,1,1,1,2,0.35,0.62,0.3251,0.0931,NA,NA,24.2894,6.6233,6.6233,0,27.2744,27.2744,14.522,399.7405,1935,1935,"0.15,0.2,0.3,0.35,0.45",0,1.4142,0.15,0.85,NA,NA,NA,NA,NA,NA,NA,NA,NA,NA,NA,NA,NA,NA,NA,NA,NA,NA,NA,NA,NA,NA,NA,NA
"Set_5dose_methods_prior","Set_5dose_methods_prior_SC5",5,"CRM","crm_level",NA,NA,"level",NA,0.9,0,0.0714,28,1,1,1,3,0.4,0.715,0.4257,0.1173,NA,NA,11.938,3.5535,3.5535,0,27.2744,27.2744,14.522,399.7405,1935,1935,"0.15,0.2,0.3,0.35,0.45",0,1.4142,0.15,0.85,NA,NA,NA,NA,NA,NA,NA,NA,NA,NA,NA,NA,NA,NA,NA,NA,NA,NA,NA,NA,NA,NA,NA,NA
"Set_5dose_methods_prior","Set_5dose_methods_prior_SC5",5,"CRM","crm_level",NA,NA,"level",NA,0.9,0,0.0714,28,1,1,1,4,0.45,0.81,0.4727,0.1357,NA,NA,3.6693,1.3829,1.3829,0,27.2744,27.2744,14.522,399.7405,1935,1935,"0.15,0.2,0.3,0.35,0.45",0,1.4142,0.15,0.85,NA,NA,NA,NA,NA,NA,NA,NA,NA,NA,NA,NA,NA,NA,NA,NA,NA,NA,NA,NA,NA,NA,NA,NA
"Set_5dose_methods_prior","Set_5dose_methods_prior_SC5",5,"CRM","crm_level",NA,NA,"level",NA,0.9,0,0.0714,28,1,1,1,5,0.5,0.905,0.5621,0.1465,NA,NA,1.0853,0.3814,0.3814,0,27.2744,27.2744,14.522,399.7405,1935,1935,"0.15,0.2,0.3,0.35,0.45",0,1.4142,0.15,0.85,NA,NA,NA,NA,NA,NA,NA,NA,NA,NA,NA,NA,NA,NA,NA,NA,NA,NA,NA,NA,NA,NA,NA,NA
"Set_5dose_methods_prior","Set_5dose_methods_prior_SC5",5,"CRM","crm_random",NA,NA,"random",NA,0.9,0,0.0714,28,1,1,1,1,0.3,0.3,0.2703,0.0836,NA,NA,45.0129,15.3752,15.3752,0,27.3039,27.3039,14.2636,400.094,1935,1935,"0.15,0.2,0.3,0.35,0.45",0,1.4142,0.15,0.85,NA,NA,NA,NA,NA,NA,NA,NA,NA,NA,NA,NA,NA,NA,NA,NA,NA,NA,NA,NA,NA,NA,NA,NA
"Set_5dose_methods_prior","Set_5dose_methods_prior_SC5",5,"CRM","crm_random",NA,NA,"random",NA,0.9,0,0.0714,28,1,1,1,2,0.35,0.62,0.3257,NA,NA,NA,24.2377,6.6512,6.6512,0,27.3039,27.3039,14.2636,400.094,1935,1935,"0.15,0.2,0.3,0.35,0.45",0,1.4142,0.15,0.85,NA,NA,NA,NA,NA,NA,NA,NA,NA,NA,NA,NA,NA,NA,NA,NA,NA,NA,NA,NA,NA,NA,NA,NA
"Set_5dose_methods_prior","Set_5dose_methods_prior_SC5",5,"CRM","crm_random",NA,NA,"random",NA,0.9,0,0.0714,28,1,1,1,3,0.4,0.715,0.4263,NA,NA,NA,11.7829,3.5039,3.5039,0,27.3039,27.3039,14.2636,400.094,1935,1935,"0.15,0.2,0.3,0.35,0.45",0,1.4142,0.15,0.85,NA,NA,NA,NA,NA,NA,NA,NA,NA,NA,NA,NA,NA,NA,NA,NA,NA,NA,NA,NA,NA,NA,NA,NA
"Set_5dose_methods_prior","Set_5dose_methods_prior_SC5",5,"CRM","crm_random",NA,NA,"random",NA,0.9,0,0.0714,28,1,1,1,4,0.45,0.81,0.4733,NA,NA,NA,3.6176,1.3907,1.3907,0,27.3039,27.3039,14.2636,400.094,1935,1935,"0.15,0.2,0.3,0.35,0.45",0,1.4142,0.15,0.85,NA,NA,NA,NA,NA,NA,NA,NA,NA,NA,NA,NA,NA,NA,NA,NA,NA,NA,NA,NA,NA,NA,NA,NA
"Set_5dose_methods_prior","Set_5dose_methods_prior_SC5",5,"CRM","crm_random",NA,NA,"random",NA,0.9,0,0.0714,28,1,1,1,5,0.5,0.905,0.5627,NA,NA,NA,1.0853,0.3829,0.3829,0,27.3039,27.3039,14.2636,400.094,1935,1935,"0.15,0.2,0.3,0.35,0.45",0,1.4142,0.15,0.85,NA,NA,NA,NA,NA,NA,NA,NA,NA,NA,NA,NA,NA,NA,NA,NA,NA,NA,NA,NA,NA,NA,NA,NA
"Set_5dose_methods_prior","Set_5dose_methods_prior_SC5",5,"CRM","crm_alpha_crm",NA,NA,"alpha_crm",NA,0.9,0,0.0714,28,1,1,1,1,0.3,0.3,0.265,NA,NA,NA,41.0336,15.0651,15.0651,0,27.0124,27.0124,17.7261,395.9961,1935,1935,"0.15,0.2,0.3,0.35,0.45",0,1.4142,0.15,0.85,NA,NA,NA,NA,NA,NA,NA,NA,NA,NA,NA,NA,NA,"15,20,30,35,45",61,NA,NA,NA,NA,NA,NA,NA,NA,NA
"Set_5dose_methods_prior","Set_5dose_methods_prior_SC5",5,"CRM","crm_alpha_crm",NA,NA,"alpha_crm",NA,0.9,0,0.0714,28,1,1,1,2,0.35,0.62,0.3202,NA,NA,NA,24.6512,6.6217,6.6217,0,27.0124,27.0124,17.7261,395.9961,1935,1935,"0.15,0.2,0.3,0.35,0.45",0,1.4142,0.15,0.85,NA,NA,NA,NA,NA,NA,NA,NA,NA,NA,NA,NA,NA,"15,20,30,35,45",61,NA,NA,NA,NA,NA,NA,NA,NA,NA
"Set_5dose_methods_prior","Set_5dose_methods_prior_SC5",5,"CRM","crm_alpha_crm",NA,NA,"alpha_crm",NA,0.9,0,0.0714,28,1,1,1,3,0.4,0.715,0.4209,NA,NA,NA,11.8346,3.5736,3.5736,0,27.0124,27.0124,17.7261,395.9961,1935,1935,"0.15,0.2,0.3,0.35,0.45",0,1.4142,0.15,0.85,NA,NA,NA,NA,NA,NA,NA,NA,NA,NA,NA,NA,NA,"15,20,30,35,45",61,NA,NA,NA,NA,NA,NA,NA,NA,NA
"Set_5dose_methods_prior","Set_5dose_methods_prior_SC5",5,"CRM","crm_alpha_crm",NA,NA,"alpha_crm",NA,0.9,0,0.0714,28,1,1,1,4,0.45,0.81,0.468,NA,NA,NA,3.6693,1.3581,1.3581,0,27.0124,27.0124,17.7261,395.9961,1935,1935,"0.15,0.2,0.3,0.35,0.45",0,1.4142,0.15,0.85,NA,NA,NA,NA,NA,NA,NA,NA,NA,NA,NA,NA,NA,"15,20,30,35,45",61,NA,NA,NA,NA,NA,NA,NA,NA,NA
"Set_5dose_methods_prior","Set_5dose_methods_prior_SC5",5,"CRM","crm_alpha_crm",NA,NA,"alpha_crm",NA,0.9,0,0.0714,28,1,1,1,5,0.5,0.905,0.5579,NA,NA,NA,1.0853,0.3938,0.3938,0,27.0124,27.0124,17.7261,395.9961,1935,1935,"0.15,0.2,0.3,0.35,0.45",0,1.4142,0.15,0.85,NA,NA,NA,NA,NA,NA,NA,NA,NA,NA,NA,NA,NA,"15,20,30,35,45",61,NA,NA,NA,NA,NA,NA,NA,NA,NA
"Set_5dose_methods_prior","Set_5dose_methods_prior_SC5",5,"CRM","crm_cumu_crm",NA,NA,"cumu_crm",NA,0.9,0,0.0714,28,1,1,1,1,0.3,0.3,0.2397,NA,NA,NA,37.0543,11.6279,11.6279,0,28.7411,28.7411,8.0103,420.2482,1935,1935,"0.15,0.2,0.3,0.35,0.45",0,1.4142,0.15,0.85,NA,NA,NA,NA,NA,NA,NA,NA,NA,NA,NA,NA,NA,NA,NA,"15,20,30,35,45","0.62828086,0.83770782,1.25656172,1.46598868,1.88484259",-2.8,2,1,2.5,1.6,1,0
"Set_5dose_methods_prior","Set_5dose_methods_prior_SC5",5,"CRM","crm_cumu_crm",NA,NA,"cumu_crm",NA,0.9,0,0.0714,28,1,1,1,2,0.35,0.62,0.3178,NA,NA,NA,34.677,10.155,10.155,0,28.7411,28.7411,8.0103,420.2482,1935,1935,"0.15,0.2,0.3,0.35,0.45",0,1.4142,0.15,0.85,NA,NA,NA,NA,NA,NA,NA,NA,NA,NA,NA,NA,NA,NA,NA,"15,20,30,35,45","0.62828086,0.83770782,1.25656172,1.46598868,1.88484259",-2.8,2,1,2.5,1.6,1,0
"Set_5dose_methods_prior","Set_5dose_methods_prior_SC5",5,"CRM","crm_cumu_crm",NA,NA,"cumu_crm",NA,0.9,0,0.0714,28,1,1,1,3,0.4,0.715,0.4916,NA,NA,NA,14.2119,4.6636,4.6636,0,28.7411,28.7411,8.0103,420.2482,1935,1935,"0.15,0.2,0.3,0.35,0.45",0,1.4142,0.15,0.85,NA,NA,NA,NA,NA,NA,NA,NA,NA,NA,NA,NA,NA,NA,NA,"15,20,30,35,45","0.62828086,0.83770782,1.25656172,1.46598868,1.88484259",-2.8,2,1,2.5,1.6,1,0
"Set_5dose_methods_prior","Set_5dose_methods_prior_SC5",5,"CRM","crm_cumu_crm",NA,NA,"cumu_crm",NA,0.9,0,0.0714,28,1,1,1,4,0.45,0.81,0.5728,NA,NA,NA,4.6512,1.7984,1.7984,0,28.7411,28.7411,8.0103,420.2482,1935,1935,"0.15,0.2,0.3,0.35,0.45",0,1.4142,0.15,0.85,NA,NA,NA,NA,NA,NA,NA,NA,NA,NA,NA,NA,NA,NA,NA,"15,20,30,35,45","0.62828086,0.83770782,1.25656172,1.46598868,1.88484259",-2.8,2,1,2.5,1.6,1,0
"Set_5dose_methods_prior","Set_5dose_methods_prior_SC5",5,"CRM","crm_cumu_crm",NA,NA,"cumu_crm",NA,0.9,0,0.0714,28,1,1,1,5,0.5,0.905,0.7057,NA,NA,NA,1.3953,0.4961,0.4961,0,28.7411,28.7411,8.0103,420.2482,1935,1935,"0.15,0.2,0.3,0.35,0.45",0,1.4142,0.15,0.85,NA,NA,NA,NA,NA,NA,NA,NA,NA,NA,NA,NA,NA,NA,NA,"15,20,30,35,45","0.62828086,0.83770782,1.25656172,1.46598868,1.88484259",-2.8,2,1,2.5,1.6,1,0
"Set_5dose_methods_prior","Set_5dose_methods_prior_SC5",5,"CRM","crm_fixed",NA,NA,"fixed",NA,0.9,0,0.0714,28,2,1,1,1,0.3,0.3,0.3157,0,NA,NA,68.062,20.2372,20.2372,0,26.8295,22.8191,18.708,349.4871,1935,1935,"0.15,0.2,0.3,0.35,0.45",0,1.4142,0.15,0.85,NA,NA,NA,NA,NA,NA,NA,NA,NA,NA,NA,NA,NA,NA,NA,NA,NA,NA,NA,NA,NA,NA,NA,NA
"Set_5dose_methods_prior","Set_5dose_methods_prior_SC5",5,"CRM","crm_fixed",NA,NA,"fixed",NA,0.9,0,0.0714,28,2,1,1,2,0.35,0.62,0.3735,NA,NA,NA,11.0594,4.9457,4.9457,3.5747,26.8295,22.8191,18.708,349.4871,1935,1935,"0.15,0.2,0.3,0.35,0.45",0,1.4142,0.15,0.85,NA,NA,NA,NA,NA,NA,NA,NA,NA,NA,NA,NA,NA,NA,NA,NA,NA,NA,NA,NA,NA,NA,NA,NA
"Set_5dose_methods_prior","Set_5dose_methods_prior_SC5",5,"CRM","crm_fixed",NA,NA,"fixed",NA,0.9,0,0.0714,28,2,1,1,3,0.4,0.715,0.4752,NA,NA,NA,1.9121,1.3085,1.3085,0.1798,26.8295,22.8191,18.708,349.4871,1935,1935,"0.15,0.2,0.3,0.35,0.45",0,1.4142,0.15,0.85,NA,NA,NA,NA,NA,NA,NA,NA,NA,NA,NA,NA,NA,NA,NA,NA,NA,NA,NA,NA,NA,NA,NA,NA
"Set_5dose_methods_prior","Set_5dose_methods_prior_SC5",5,"CRM","crm_fixed",NA,NA,"fixed",NA,0.9,0,0.0714,28,2,1,1,4,0.45,0.81,0.5213,NA,NA,NA,0.155,0.2992,0.2992,0.2506,26.8295,22.8191,18.708,349.4871,1935,1935,"0.15,0.2,0.3,0.35,0.45",0,1.4142,0.15,0.85,NA,NA,NA,NA,NA,NA,NA,NA,NA,NA,NA,NA,NA,NA,NA,NA,NA,NA,NA,NA,NA,NA,NA,NA
"Set_5dose_methods_prior","Set_5dose_methods_prior_SC5",5,"CRM","crm_fixed",NA,NA,"fixed",NA,0.9,0,0.0714,28,2,1,1,5,0.5,0.905,0.6074,NA,NA,NA,0.1034,0.0388,0.0388,0.0052,26.8295,22.8191,18.708,349.4871,1935,1935,"0.15,0.2,0.3,0.35,0.45",0,1.4142,0.15,0.85,NA,NA,NA,NA,NA,NA,NA,NA,NA,NA,NA,NA,NA,NA,NA,NA,NA,NA,NA,NA,NA,NA,NA,NA
"Set_5dose_methods_prior","Set_5dose_methods_prior_SC5",5,"CRM","crm_level",NA,NA,"level",NA,0.9,0,0.0714,28,2,1,1,1,0.3,0.3,0.3005,NA,NA,NA,64.7545,17.5876,17.5876,0,27.0326,22.2884,16.8475,347.9797,1935,1935,"0.15,0.2,0.3,0.35,0.45",0,1.4142,0.15,0.85,NA,NA,NA,NA,NA,NA,NA,NA,NA,NA,NA,NA,NA,NA,NA,NA,NA,NA,NA,NA,NA,NA,NA,NA
"Set_5dose_methods_prior","Set_5dose_methods_prior_SC5",5,"CRM","crm_level",NA,NA,"level",NA,0.9,0,0.0714,28,2,1,1,2,0.35,0.62,0.3572,0.1507,NA,NA,14.3152,6.3209,6.3209,3.8656,27.0326,22.2884,16.8475,347.9797,1935,1935,"0.15,0.2,0.3,0.35,0.45",0,1.4142,0.15,0.85,NA,NA,NA,NA,NA,NA,NA,NA,NA,NA,NA,NA,NA,NA,NA,NA,NA,NA,NA,NA,NA,NA,NA,NA
"Set_5dose_methods_prior","Set_5dose_methods_prior_SC5",5,"CRM","crm_level",NA,NA,"level",NA,0.9,0,0.0714,28,2,1,1,3,0.4,0.715,0.4581,0.1391,NA,NA,3.5659,2.3209,2.3209,0.461,27.0326,22.2884,16.8475,347.9797,1935,1935,"0.15,0.2,0.3,0.35,0.45",0,1.4142,0.15,0.85,NA,NA,NA,NA,NA,NA,NA,NA,NA,NA,NA,NA,NA,NA,NA,NA,NA,NA,NA,NA,NA,NA,NA,NA
"Set_5dose_methods_prior","Set_5dose_methods_prior_SC5",5,"CRM","crm_level",NA,NA,"level",NA,0.9,0,0.0714,28,2,1,1,4,0.45,0.81,0.5044,0.1552,NA,NA,0.4134,0.6419,0.6419,0.3969,27.0326,22.2884,16.8475,347.9797,1935,1935,"0.15,0.2,0.3,0.35,0.45",0,1.4142,0.15,0.85,NA,NA,NA,NA,NA,NA,NA,NA,NA,NA,NA,NA,NA,NA,NA,NA,NA,NA,NA,NA,NA,NA,NA,NA
"Set_5dose_methods_prior","Set_5dose_methods_prior_SC5",5,"CRM","crm_level",NA,NA,"level",NA,0.9,0,0.0714,28,2,1,1,5,0.5,0.905,0.5913,0.1488,NA,NA,0.1034,0.1612,0.1612,0.0207,27.0326,22.2884,16.8475,347.9797,1935,1935,"0.15,0.2,0.3,0.35,0.45",0,1.4142,0.15,0.85,NA,NA,NA,NA,NA,NA,NA,NA,NA,NA,NA,NA,NA,NA,NA,NA,NA,NA,NA,NA,NA,NA,NA,NA
"Set_5dose_methods_prior","Set_5dose_methods_prior_SC5",5,"CRM","crm_random",NA,NA,"random",NA,0.9,0,0.0714,28,2,1,1,1,0.3,0.3,0.2977,0.1532,NA,NA,64.4444,17.6,17.6,0,27.062,22.3204,16.8475,348.5771,1935,1935,"0.15,0.2,0.3,0.35,0.45",0,1.4142,0.15,0.85,NA,NA,NA,NA,NA,NA,NA,NA,NA,NA,NA,NA,NA,NA,NA,NA,NA,NA,NA,NA,NA,NA,NA,NA
"Set_5dose_methods_prior","Set_5dose_methods_prior_SC5",5,"CRM","crm_random",NA,NA,"random",NA,0.9,0,0.0714,28,2,1,1,2,0.35,0.62,0.3541,NA,NA,NA,14.1602,6.1829,6.1829,3.8269,27.062,22.3204,16.8475,348.5771,1935,1935,"0.15,0.2,0.3,0.35,0.45",0,1.4142,0.15,0.85,NA,NA,NA,NA,NA,NA,NA,NA,NA,NA,NA,NA,NA,NA,NA,NA,NA,NA,NA,NA,NA,NA,NA,NA
"Set_5dose_methods_prior","Set_5dose_methods_prior_SC5",5,"CRM","crm_random",NA,NA,"random",NA,0.9,0,0.0714,28,2,1,1,3,0.4,0.715,0.4547,NA,NA,NA,3.876,2.2791,2.2791,0.4796,27.062,22.3204,16.8475,348.5771,1935,1935,"0.15,0.2,0.3,0.35,0.45",0,1.4142,0.15,0.85,NA,NA,NA,NA,NA,NA,NA,NA,NA,NA,NA,NA,NA,NA,NA,NA,NA,NA,NA,NA,NA,NA,NA,NA
"Set_5dose_methods_prior","Set_5dose_methods_prior_SC5",5,"CRM","crm_random",NA,NA,"random",NA,0.9,0,0.0714,28,2,1,1,4,0.45,0.81,0.5009,NA,NA,NA,0.5168,0.7705,0.7705,0.3974,27.062,22.3204,16.8475,348.5771,1935,1935,"0.15,0.2,0.3,0.35,0.45",0,1.4142,0.15,0.85,NA,NA,NA,NA,NA,NA,NA,NA,NA,NA,NA,NA,NA,NA,NA,NA,NA,NA,NA,NA,NA,NA,NA,NA
"Set_5dose_methods_prior","Set_5dose_methods_prior_SC5",5,"CRM","crm_random",NA,NA,"random",NA,0.9,0,0.0714,28,2,1,1,5,0.5,0.905,0.5879,NA,NA,NA,0.155,0.2295,0.2295,0.0377,27.062,22.3204,16.8475,348.5771,1935,1935,"0.15,0.2,0.3,0.35,0.45",0,1.4142,0.15,0.85,NA,NA,NA,NA,NA,NA,NA,NA,NA,NA,NA,NA,NA,NA,NA,NA,NA,NA,NA,NA,NA,NA,NA,NA
"Set_5dose_methods_prior","Set_5dose_methods_prior_SC5",5,"CRM","crm_alpha_crm",NA,NA,"alpha_crm",NA,0.9,0,0.0714,28,2,1,1,1,0.3,0.3,0.302,NA,NA,NA,61.9121,18.4636,18.4636,0,26.7922,22.4987,20.3101,346.8581,1935,1935,"0.15,0.2,0.3,0.35,0.45",0,1.4142,0.15,0.85,NA,NA,NA,NA,NA,NA,NA,NA,NA,NA,NA,NA,NA,"15,20,30,35,45",61,NA,NA,NA,NA,NA,NA,NA,NA,NA
"Set_5dose_methods_prior","Set_5dose_methods_prior_SC5",5,"CRM","crm_alpha_crm",NA,NA,"alpha_crm",NA,0.9,0,0.0714,28,2,1,1,2,0.35,0.62,0.3593,NA,NA,NA,13.6951,6.0124,6.0124,3.5457,26.7922,22.4987,20.3101,346.8581,1935,1935,"0.15,0.2,0.3,0.35,0.45",0,1.4142,0.15,0.85,NA,NA,NA,NA,NA,NA,NA,NA,NA,NA,NA,NA,NA,"15,20,30,35,45",61,NA,NA,NA,NA,NA,NA,NA,NA,NA
"Set_5dose_methods_prior","Set_5dose_methods_prior_SC5",5,"CRM","crm_alpha_crm",NA,NA,"alpha_crm",NA,0.9,0,0.0714,28,2,1,1,3,0.4,0.715,0.4608,NA,NA,NA,3.3592,1.6915,1.6915,0.4615,26.7922,22.4987,20.3101,346.8581,1935,1935,"0.15,0.2,0.3,0.35,0.45",0,1.4142,0.15,0.85,NA,NA,NA,NA,NA,NA,NA,NA,NA,NA,NA,NA,NA,"15,20,30,35,45",61,NA,NA,NA,NA,NA,NA,NA,NA,NA
"Set_5dose_methods_prior","Set_5dose_methods_prior_SC5",5,"CRM","crm_alpha_crm",NA,NA,"alpha_crm",NA,0.9,0,0.0714,28,2,1,1,4,0.45,0.81,0.5074,NA,NA,NA,0.5685,0.5054,0.5054,0.2703,26.7922,22.4987,20.3101,346.8581,1935,1935,"0.15,0.2,0.3,0.35,0.45",0,1.4142,0.15,0.85,NA,NA,NA,NA,NA,NA,NA,NA,NA,NA,NA,NA,NA,"15,20,30,35,45",61,NA,NA,NA,NA,NA,NA,NA,NA,NA
"Set_5dose_methods_prior","Set_5dose_methods_prior_SC5",5,"CRM","crm_alpha_crm",NA,NA,"alpha_crm",NA,0.9,0,0.0714,28,2,1,1,5,0.5,0.905,0.5945,NA,NA,NA,0.155,0.1194,0.1194,0.016,26.7922,22.4987,20.3101,346.8581,1935,1935,"0.15,0.2,0.3,0.35,0.45",0,1.4142,0.15,0.85,NA,NA,NA,NA,NA,NA,NA,NA,NA,NA,NA,NA,NA,"15,20,30,35,45",61,NA,NA,NA,NA,NA,NA,NA,NA,NA
"Set_5dose_methods_prior","Set_5dose_methods_prior_SC5",5,"CRM","crm_cumu_crm",NA,NA,"cumu_crm",NA,0.9,0,0.0714,28,2,1,1,1,0.3,0.3,0.256,NA,NA,NA,53.23,14.031,14.031,0,28.6217,23.2295,9.5607,360.5469,1935,1935,"0.15,0.2,0.3,0.35,0.45",0,1.4142,0.15,0.85,NA,NA,NA,NA,NA,NA,NA,NA,NA,NA,NA,NA,NA,NA,NA,"15,20,30,35,45","0.62828086,0.83770782,1.25656172,1.46598868,1.88484259",-2.8,2,1,2.5,1.6,1,0
"Set_5dose_methods_prior","Set_5dose_methods_prior_SC5",5,"CRM","crm_cumu_crm",NA,NA,"cumu_crm",NA,0.9,0,0.0714,28,2,1,1,2,0.35,0.62,0.3404,NA,NA,NA,25.1163,10.0031,10.0031,3.846,28.6217,23.2295,9.5607,360.5469,1935,1935,"0.15,0.2,0.3,0.35,0.45",0,1.4142,0.15,0.85,NA,NA,NA,NA,NA,NA,NA,NA,NA,NA,NA,NA,NA,NA,NA,"15,20,30,35,45","0.62828086,0.83770782,1.25656172,1.46598868,1.88484259",-2.8,2,1,2.5,1.6,1,0
"Set_5dose_methods_prior","Set_5dose_methods_prior_SC5",5,"CRM","crm_cumu_crm",NA,NA,"cumu_crm",NA,0.9,0,0.0714,28,2,1,1,3,0.4,0.715,0.5217,NA,NA,NA,9.9225,3.1829,3.1829,1.0186,28.6217,23.2295,9.5607,360.5469,1935,1935,"0.15,0.2,0.3,0.35,0.45",0,1.4142,0.15,0.85,NA,NA,NA,NA,NA,NA,NA,NA,NA,NA,NA,NA,NA,NA,NA,"15,20,30,35,45","0.62828086,0.83770782,1.25656172,1.46598868,1.88484259",-2.8,2,1,2.5,1.6,1,0
"Set_5dose_methods_prior","Set_5dose_methods_prior_SC5",5,"CRM","crm_cumu_crm",NA,NA,"cumu_crm",NA,0.9,0,0.0714,28,2,1,1,4,0.45,0.81,0.6026,NA,NA,NA,1.7571,1.0744,1.0744,0.4444,28.6217,23.2295,9.5607,360.5469,1935,1935,"0.15,0.2,0.3,0.35,0.45",0,1.4142,0.15,0.85,NA,NA,NA,NA,NA,NA,NA,NA,NA,NA,NA,NA,NA,NA,NA,"15,20,30,35,45","0.62828086,0.83770782,1.25656172,1.46598868,1.88484259",-2.8,2,1,2.5,1.6,1,0
"Set_5dose_methods_prior","Set_5dose_methods_prior_SC5",5,"CRM","crm_cumu_crm",NA,NA,"cumu_crm",NA,0.9,0,0.0714,28,2,1,1,5,0.5,0.905,0.7296,NA,NA,NA,0.4134,0.3302,0.3302,0.0832,28.6217,23.2295,9.5607,360.5469,1935,1935,"0.15,0.2,0.3,0.35,0.45",0,1.4142,0.15,0.85,NA,NA,NA,NA,NA,NA,NA,NA,NA,NA,NA,NA,NA,NA,NA,"15,20,30,35,45","0.62828086,0.83770782,1.25656172,1.46598868,1.88484259",-2.8,2,1,2.5,1.6,1,0
"Set_5dose_methods_prior","Set_5dose_methods_prior_SC5",5,"CRM","crm_fixed",NA,NA,"fixed",NA,0.9,0,0.0714,28,3,1,1,1,0.3,0.3,0.3194,0,NA,NA,69.9742,20.5659,20.5659,0,26.8047,22.6227,18.6047,347.0669,1935,1935,"0.15,0.2,0.3,0.35,0.45",0,1.4142,0.15,0.85,NA,NA,NA,NA,NA,NA,NA,NA,NA,NA,NA,NA,NA,NA,NA,NA,NA,NA,NA,NA,NA,NA,NA,NA
"Set_5dose_methods_prior","Set_5dose_methods_prior_SC5",5,"CRM","crm_fixed",NA,NA,"fixed",NA,0.9,0,0.0714,28,3,1,1,2,0.35,0.62,0.3774,NA,NA,NA,10.1809,5.0961,5.0961,3.5773,26.8047,22.6227,18.6047,347.0669,1935,1935,"0.15,0.2,0.3,0.35,0.45",0,1.4142,0.15,0.85,NA,NA,NA,NA,NA,NA,NA,NA,NA,NA,NA,NA,NA,NA,NA,NA,NA,NA,NA,NA,NA,NA,NA,NA
"Set_5dose_methods_prior","Set_5dose_methods_prior_SC5",5,"CRM","crm_fixed",NA,NA,"fixed",NA,0.9,0,0.0714,28,3,1,1,3,0.4,0.715,0.479,NA,NA,NA,1.1886,0.9938,0.9938,0.5199,26.8047,22.6227,18.6047,347.0669,1935,1935,"0.15,0.2,0.3,0.35,0.45",0,1.4142,0.15,0.85,NA,NA,NA,NA,NA,NA,NA,NA,NA,NA,NA,NA,NA,NA,NA,NA,NA,NA,NA,NA,NA,NA,NA,NA
"Set_5dose_methods_prior","Set_5dose_methods_prior_SC5",5,"CRM","crm_fixed",NA,NA,"fixed",NA,0.9,0,0.0714,28,3,1,1,4,0.45,0.81,0.5251,NA,NA,NA,0.0517,0.1364,0.1364,0.0775,26.8047,22.6227,18.6047,347.0669,1935,1935,"0.15,0.2,0.3,0.35,0.45",0,1.4142,0.15,0.85,NA,NA,NA,NA,NA,NA,NA,NA,NA,NA,NA,NA,NA,NA,NA,NA,NA,NA,NA,NA,NA,NA,NA,NA
"Set_5dose_methods_prior","Set_5dose_methods_prior_SC5",5,"CRM","crm_fixed",NA,NA,"fixed",NA,0.9,0,0.0714,28,3,1,1,5,0.5,0.905,0.6108,NA,NA,NA,0,0.0124,0.0124,0.0072,26.8047,22.6227,18.6047,347.0669,1935,1935,"0.15,0.2,0.3,0.35,0.45",0,1.4142,0.15,0.85,NA,NA,NA,NA,NA,NA,NA,NA,NA,NA,NA,NA,NA,NA,NA,NA,NA,NA,NA,NA,NA,NA,NA,NA
"Set_5dose_methods_prior","Set_5dose_methods_prior_SC5",5,"CRM","crm_level",NA,NA,"level",NA,0.9,0,0.0714,28,3,1,1,1,0.3,0.3,0.3028,NA,NA,NA,66.5116,17.9876,17.9876,0,27.0403,21.968,17.0026,344.9727,1935,1935,"0.15,0.2,0.3,0.35,0.45",0,1.4142,0.15,0.85,NA,NA,NA,NA,NA,NA,NA,NA,NA,NA,NA,NA,NA,NA,NA,NA,NA,NA,NA,NA,NA,NA,NA,NA
"Set_5dose_methods_prior","Set_5dose_methods_prior_SC5",5,"CRM","crm_level",NA,NA,"level",NA,0.9,0,0.0714,28,3,1,1,2,0.35,0.62,0.3596,0.1507,NA,NA,13.23,6.3473,6.3473,3.8568,27.0403,21.968,17.0026,344.9727,1935,1935,"0.15,0.2,0.3,0.35,0.45",0,1.4142,0.15,0.85,NA,NA,NA,NA,NA,NA,NA,NA,NA,NA,NA,NA,NA,NA,NA,NA,NA,NA,NA,NA,NA,NA,NA,NA
"Set_5dose_methods_prior","Set_5dose_methods_prior_SC5",5,"CRM","crm_level",NA,NA,"level",NA,0.9,0,0.0714,28,3,1,1,3,0.4,0.715,0.4605,0.1502,NA,NA,2.739,2.0946,2.0946,0.9468,27.0403,21.968,17.0026,344.9727,1935,1935,"0.15,0.2,0.3,0.35,0.45",0,1.4142,0.15,0.85,NA,NA,NA,NA,NA,NA,NA,NA,NA,NA,NA,NA,NA,NA,NA,NA,NA,NA,NA,NA,NA,NA,NA,NA
"Set_5dose_methods_prior","Set_5dose_methods_prior_SC5",5,"CRM","crm_level",NA,NA,"level",NA,0.9,0,0.0714,28,3,1,1,4,0.45,0.81,0.5067,0.1499,NA,NA,0.5168,0.5054,0.5054,0.2093,27.0403,21.968,17.0026,344.9727,1935,1935,"0.15,0.2,0.3,0.35,0.45",0,1.4142,0.15,0.85,NA,NA,NA,NA,NA,NA,NA,NA,NA,NA,NA,NA,NA,NA,NA,NA,NA,NA,NA,NA,NA,NA,NA,NA
"Set_5dose_methods_prior","Set_5dose_methods_prior_SC5",5,"CRM","crm_level",NA,NA,"level",NA,0.9,0,0.0714,28,3,1,1,5,0.5,0.905,0.5935,0.1507,NA,NA,0,0.1054,0.1054,0.0594,27.0403,21.968,17.0026,344.9727,1935,1935,"0.15,0.2,0.3,0.35,0.45",0,1.4142,0.15,0.85,NA,NA,NA,NA,NA,NA,NA,NA,NA,NA,NA,NA,NA,NA,NA,NA,NA,NA,NA,NA,NA,NA,NA,NA
"Set_5dose_methods_prior","Set_5dose_methods_prior_SC5",5,"CRM","crm_random",NA,NA,"random",NA,0.9,0,0.0714,28,3,1,1,1,0.3,0.3,0.3014,0.1551,NA,NA,67.1835,17.9116,17.9116,0,27.0667,21.907,16.7442,344.3653,1935,1935,"0.15,0.2,0.3,0.35,0.45",0,1.4142,0.15,0.85,NA,NA,NA,NA,NA,NA,NA,NA,NA,NA,NA,NA,NA,NA,NA,NA,NA,NA,NA,NA,NA,NA,NA,NA
"Set_5dose_methods_prior","Set_5dose_methods_prior_SC5",5,"CRM","crm_random",NA,NA,"random",NA,0.9,0,0.0714,28,3,1,1,2,0.35,0.62,0.3579,NA,NA,NA,12.7649,6.1287,6.1287,3.8455,27.0667,21.907,16.7442,344.3653,1935,1935,"0.15,0.2,0.3,0.35,0.45",0,1.4142,0.15,0.85,NA,NA,NA,NA,NA,NA,NA,NA,NA,NA,NA,NA,NA,NA,NA,NA,NA,NA,NA,NA,NA,NA,NA,NA
"Set_5dose_methods_prior","Set_5dose_methods_prior_SC5",5,"CRM","crm_random",NA,NA,"random",NA,0.9,0,0.0714,28,3,1,1,3,0.4,0.715,0.4583,NA,NA,NA,2.8424,2.0915,2.0915,0.9375,27.0667,21.907,16.7442,344.3653,1935,1935,"0.15,0.2,0.3,0.35,0.45",0,1.4142,0.15,0.85,NA,NA,NA,NA,NA,NA,NA,NA,NA,NA,NA,NA,NA,NA,NA,NA,NA,NA,NA,NA,NA,NA,NA,NA
"Set_5dose_methods_prior","Set_5dose_methods_prior_SC5",5,"CRM","crm_random",NA,NA,"random",NA,0.9,0,0.0714,28,3,1,1,4,0.45,0.81,0.5044,NA,NA,NA,0.4134,0.6853,0.6853,0.2724,27.0667,21.907,16.7442,344.3653,1935,1935,"0.15,0.2,0.3,0.35,0.45",0,1.4142,0.15,0.85,NA,NA,NA,NA,NA,NA,NA,NA,NA,NA,NA,NA,NA,NA,NA,NA,NA,NA,NA,NA,NA,NA,NA,NA
"Set_5dose_methods_prior","Set_5dose_methods_prior_SC5",5,"CRM","crm_random",NA,NA,"random",NA,0.9,0,0.0714,28,3,1,1,5,0.5,0.905,0.591,NA,NA,NA,0.0517,0.2496,0.2496,0.1044,27.0667,21.907,16.7442,344.3653,1935,1935,"0.15,0.2,0.3,0.35,0.45",0,1.4142,0.15,0.85,NA,NA,NA,NA,NA,NA,NA,NA,NA,NA,NA,NA,NA,NA,NA,NA,NA,NA,NA,NA,NA,NA,NA,NA
"Set_5dose_methods_prior","Set_5dose_methods_prior_SC5",5,"CRM","crm_alpha_crm",NA,NA,"alpha_crm",NA,0.9,0,0.0714,28,3,1,1,1,0.3,0.3,0.3026,NA,NA,NA,62.3256,18.524,18.524,0,26.7938,22.2114,20.3101,344.3986,1935,1935,"0.15,0.2,0.3,0.35,0.45",0,1.4142,0.15,0.85,NA,NA,NA,NA,NA,NA,NA,NA,NA,NA,NA,NA,NA,"15,20,30,35,45",61,NA,NA,NA,NA,NA,NA,NA,NA,NA
"Set_5dose_methods_prior","Set_5dose_methods_prior_SC5",5,"CRM","crm_alpha_crm",NA,NA,"alpha_crm",NA,0.9,0,0.0714,28,3,1,1,2,0.35,0.62,0.3599,NA,NA,NA,13.9018,6.014,6.014,3.5525,26.7938,22.2114,20.3101,344.3986,1935,1935,"0.15,0.2,0.3,0.35,0.45",0,1.4142,0.15,0.85,NA,NA,NA,NA,NA,NA,NA,NA,NA,NA,NA,NA,NA,"15,20,30,35,45",61,NA,NA,NA,NA,NA,NA,NA,NA,NA
"Set_5dose_methods_prior","Set_5dose_methods_prior_SC5",5,"CRM","crm_alpha_crm",NA,NA,"alpha_crm",NA,0.9,0,0.0714,28,3,1,1,3,0.4,0.715,0.4615,NA,NA,NA,2.6873,1.7039,1.7039,0.8258,26.7938,22.2114,20.3101,344.3986,1935,1935,"0.15,0.2,0.3,0.35,0.45",0,1.4142,0.15,0.85,NA,NA,NA,NA,NA,NA,NA,NA,NA,NA,NA,NA,NA,"15,20,30,35,45",61,NA,NA,NA,NA,NA,NA,NA,NA,NA
"Set_5dose_methods_prior","Set_5dose_methods_prior_SC5",5,"CRM","crm_alpha_crm",NA,NA,"alpha_crm",NA,0.9,0,0.0714,28,3,1,1,4,0.45,0.81,0.508,NA,NA,NA,0.6202,0.4372,0.4372,0.155,26.7938,22.2114,20.3101,344.3986,1935,1935,"0.15,0.2,0.3,0.35,0.45",0,1.4142,0.15,0.85,NA,NA,NA,NA,NA,NA,NA,NA,NA,NA,NA,NA,NA,"15,20,30,35,45",61,NA,NA,NA,NA,NA,NA,NA,NA,NA
"Set_5dose_methods_prior","Set_5dose_methods_prior_SC5",5,"CRM","crm_alpha_crm",NA,NA,"alpha_crm",NA,0.9,0,0.0714,28,3,1,1,5,0.5,0.905,0.5951,NA,NA,NA,0.155,0.1147,0.1147,0.0491,26.7938,22.2114,20.3101,344.3986,1935,1935,"0.15,0.2,0.3,0.35,0.45",0,1.4142,0.15,0.85,NA,NA,NA,NA,NA,NA,NA,NA,NA,NA,NA,NA,NA,"15,20,30,35,45",61,NA,NA,NA,NA,NA,NA,NA,NA,NA
"Set_5dose_methods_prior","Set_5dose_methods_prior_SC5",5,"CRM","crm_cumu_crm",NA,NA,"cumu_crm",NA,0.9,0,0.0714,28,3,1,1,1,0.3,0.3,0.2572,NA,NA,NA,53.4367,14.1209,14.1209,0,28.5876,22.6522,9.509,355.1552,1935,1935,"0.15,0.2,0.3,0.35,0.45",0,1.4142,0.15,0.85,NA,NA,NA,NA,NA,NA,NA,NA,NA,NA,NA,NA,NA,NA,NA,"15,20,30,35,45","0.62828086,0.83770782,1.25656172,1.46598868,1.88484259",-2.8,2,1,2.5,1.6,1,0
"Set_5dose_methods_prior","Set_5dose_methods_prior_SC5",5,"CRM","crm_cumu_crm",NA,NA,"cumu_crm",NA,0.9,0,0.0714,28,3,1,1,2,0.35,0.62,0.3418,NA,NA,NA,27.6486,9.8341,9.8341,3.8408,28.5876,22.6522,9.509,355.1552,1935,1935,"0.15,0.2,0.3,0.35,0.45",0,1.4142,0.15,0.85,NA,NA,NA,NA,NA,NA,NA,NA,NA,NA,NA,NA,NA,NA,NA,"15,20,30,35,45","0.62828086,0.83770782,1.25656172,1.46598868,1.88484259",-2.8,2,1,2.5,1.6,1,0
"Set_5dose_methods_prior","Set_5dose_methods_prior_SC5",5,"CRM","crm_cumu_crm",NA,NA,"cumu_crm",NA,0.9,0,0.0714,28,3,1,1,3,0.4,0.715,0.5233,NA,NA,NA,7.3385,3.2527,3.2527,1.5824,28.5876,22.6522,9.509,355.1552,1935,1935,"0.15,0.2,0.3,0.35,0.45",0,1.4142,0.15,0.85,NA,NA,NA,NA,NA,NA,NA,NA,NA,NA,NA,NA,NA,NA,NA,"15,20,30,35,45","0.62828086,0.83770782,1.25656172,1.46598868,1.88484259",-2.8,2,1,2.5,1.6,1,0
"Set_5dose_methods_prior","Set_5dose_methods_prior_SC5",5,"CRM","crm_cumu_crm",NA,NA,"cumu_crm",NA,0.9,0,0.0714,28,3,1,1,4,0.45,0.81,0.6039,NA,NA,NA,1.8605,1.0217,1.0217,0.3731,28.5876,22.6522,9.509,355.1552,1935,1935,"0.15,0.2,0.3,0.35,0.45",0,1.4142,0.15,0.85,NA,NA,NA,NA,NA,NA,NA,NA,NA,NA,NA,NA,NA,NA,NA,"15,20,30,35,45","0.62828086,0.83770782,1.25656172,1.46598868,1.88484259",-2.8,2,1,2.5,1.6,1,0
"Set_5dose_methods_prior","Set_5dose_methods_prior_SC5",5,"CRM","crm_cumu_crm",NA,NA,"cumu_crm",NA,0.9,0,0.0714,28,3,1,1,5,0.5,0.905,0.7303,NA,NA,NA,0.2067,0.3581,0.3581,0.139,28.5876,22.6522,9.509,355.1552,1935,1935,"0.15,0.2,0.3,0.35,0.45",0,1.4142,0.15,0.85,NA,NA,NA,NA,NA,NA,NA,NA,NA,NA,NA,NA,NA,NA,NA,"15,20,30,35,45","0.62828086,0.83770782,1.25656172,1.46598868,1.88484259",-2.8,2,1,2.5,1.6,1,0
"Set_5dose_methods_prior","Set_5dose_methods_prior_SC6",6,"CRM","crm_fixed",NA,NA,"fixed",NA,0,0,0.0714,28,1,1,1,1,0.5,0.5,0.3894,0,NA,NA,17.9845,13.9457,13.9457,0,15.5256,15.5256,81.3437,234.8886,1935,1935,"0.15,0.2,0.3,0.35,0.45",0,1.4142,0.15,0.85,NA,NA,NA,NA,NA,NA,NA,NA,NA,NA,NA,NA,NA,NA,NA,NA,NA,NA,NA,NA,NA,NA,NA,NA
"Set_5dose_methods_prior","Set_5dose_methods_prior_SC6",6,"CRM","crm_fixed",NA,NA,"fixed",NA,0,0,0.0714,28,1,1,1,2,0.55,0.55,0.4472,NA,NA,NA,0.5168,1.2109,1.2109,0,15.5256,15.5256,81.3437,234.8886,1935,1935,"0.15,0.2,0.3,0.35,0.45",0,1.4142,0.15,0.85,NA,NA,NA,NA,NA,NA,NA,NA,NA,NA,NA,NA,NA,NA,NA,NA,NA,NA,NA,NA,NA,NA,NA,NA
"Set_5dose_methods_prior","Set_5dose_methods_prior_SC6",6,"CRM","crm_fixed",NA,NA,"fixed",NA,0,0,0.0714,28,1,1,1,3,0.6,0.6,0.5449,NA,NA,NA,0.155,0.3318,0.3318,0,15.5256,15.5256,81.3437,234.8886,1935,1935,"0.15,0.2,0.3,0.35,0.45",0,1.4142,0.15,0.85,NA,NA,NA,NA,NA,NA,NA,NA,NA,NA,NA,NA,NA,NA,NA,NA,NA,NA,NA,NA,NA,NA,NA,NA
"Set_5dose_methods_prior","Set_5dose_methods_prior_SC6",6,"CRM","crm_fixed",NA,NA,"fixed",NA,0,0,0.0714,28,1,1,1,4,0.65,0.65,0.5879,NA,NA,NA,0,0.0326,0.0326,0,15.5256,15.5256,81.3437,234.8886,1935,1935,"0.15,0.2,0.3,0.35,0.45",0,1.4142,0.15,0.85,NA,NA,NA,NA,NA,NA,NA,NA,NA,NA,NA,NA,NA,NA,NA,NA,NA,NA,NA,NA,NA,NA,NA,NA
"Set_5dose_methods_prior","Set_5dose_methods_prior_SC6",6,"CRM","crm_fixed",NA,NA,"fixed",NA,0,0,0.0714,28,1,1,1,5,0.7,0.7,0.6662,NA,NA,NA,0,0.0047,0.0047,0,15.5256,15.5256,81.3437,234.8886,1935,1935,"0.15,0.2,0.3,0.35,0.45",0,1.4142,0.15,0.85,NA,NA,NA,NA,NA,NA,NA,NA,NA,NA,NA,NA,NA,NA,NA,NA,NA,NA,NA,NA,NA,NA,NA,NA
"Set_5dose_methods_prior","Set_5dose_methods_prior_SC6",6,"CRM","crm_level",NA,NA,"level",NA,0,0,0.0714,28,1,1,1,1,0.5,0.5,0.3881,NA,NA,NA,17.7778,13.8868,13.8868,0,15.4636,15.4636,81.6537,234.1056,1935,1935,"0.15,0.2,0.3,0.35,0.45",0,1.4142,0.15,0.85,NA,NA,NA,NA,NA,NA,NA,NA,NA,NA,NA,NA,NA,NA,NA,NA,NA,NA,NA,NA,NA,NA,NA,NA
"Set_5dose_methods_prior","Set_5dose_methods_prior_SC6",6,"CRM","crm_level",NA,NA,"level",NA,0,0,0.0714,28,1,1,1,2,0.55,0.55,0.446,0.1079,NA,NA,0.4134,1.2062,1.2062,0,15.4636,15.4636,81.6537,234.1056,1935,1935,"0.15,0.2,0.3,0.35,0.45",0,1.4142,0.15,0.85,NA,NA,NA,NA,NA,NA,NA,NA,NA,NA,NA,NA,NA,NA,NA,NA,NA,NA,NA,NA,NA,NA,NA,NA
"Set_5dose_methods_prior","Set_5dose_methods_prior_SC6",6,"CRM","crm_level",NA,NA,"level",NA,0,0,0.0714,28,1,1,1,3,0.6,0.6,0.5439,0.1321,NA,NA,0.155,0.3318,0.3318,0,15.4636,15.4636,81.6537,234.1056,1935,1935,"0.15,0.2,0.3,0.35,0.45",0,1.4142,0.15,0.85,NA,NA,NA,NA,NA,NA,NA,NA,NA,NA,NA,NA,NA,NA,NA,NA,NA,NA,NA,NA,NA,NA,NA,NA
"Set_5dose_methods_prior","Set_5dose_methods_prior_SC6",6,"CRM","crm_level",NA,NA,"level",NA,0,0,0.0714,28,1,1,1,4,0.65,0.65,0.587,0.1465,NA,NA,0,0.0341,0.0341,0,15.4636,15.4636,81.6537,234.1056,1935,1935,"0.15,0.2,0.3,0.35,0.45",0,1.4142,0.15,0.85,NA,NA,NA,NA,NA,NA,NA,NA,NA,NA,NA,NA,NA,NA,NA,NA,NA,NA,NA,NA,NA,NA,NA,NA
"Set_5dose_methods_prior","Set_5dose_methods_prior_SC6",6,"CRM","crm_level",NA,NA,"level",NA,0,0,0.0714,28,1,1,1,5,0.7,0.7,0.6654,0.1495,NA,NA,0,0.0047,0.0047,0,15.4636,15.4636,81.6537,234.1056,1935,1935,"0.15,0.2,0.3,0.35,0.45",0,1.4142,0.15,0.85,NA,NA,NA,NA,NA,NA,NA,NA,NA,NA,NA,NA,NA,NA,NA,NA,NA,NA,NA,NA,NA,NA,NA,NA
"Set_5dose_methods_prior","Set_5dose_methods_prior_SC6",6,"CRM","crm_random",NA,NA,"random",NA,0,0,0.0714,28,1,1,1,1,0.5,0.5,0.3876,0.0767,NA,NA,17.6744,13.9085,13.9085,0,15.4853,15.4853,81.7054,234.3252,1935,1935,"0.15,0.2,0.3,0.35,0.45",0,1.4142,0.15,0.85,NA,NA,NA,NA,NA,NA,NA,NA,NA,NA,NA,NA,NA,NA,NA,NA,NA,NA,NA,NA,NA,NA,NA,NA
"Set_5dose_methods_prior","Set_5dose_methods_prior_SC6",6,"CRM","crm_random",NA,NA,"random",NA,0,0,0.0714,28,1,1,1,2,0.55,0.55,0.4454,NA,NA,NA,0.4651,1.2062,1.2062,0,15.4853,15.4853,81.7054,234.3252,1935,1935,"0.15,0.2,0.3,0.35,0.45",0,1.4142,0.15,0.85,NA,NA,NA,NA,NA,NA,NA,NA,NA,NA,NA,NA,NA,NA,NA,NA,NA,NA,NA,NA,NA,NA,NA,NA
"Set_5dose_methods_prior","Set_5dose_methods_prior_SC6",6,"CRM","crm_random",NA,NA,"random",NA,0,0,0.0714,28,1,1,1,3,0.6,0.6,0.5433,NA,NA,NA,0.155,0.3333,0.3333,0,15.4853,15.4853,81.7054,234.3252,1935,1935,"0.15,0.2,0.3,0.35,0.45",0,1.4142,0.15,0.85,NA,NA,NA,NA,NA,NA,NA,NA,NA,NA,NA,NA,NA,NA,NA,NA,NA,NA,NA,NA,NA,NA,NA,NA
"Set_5dose_methods_prior","Set_5dose_methods_prior_SC6",6,"CRM","crm_random",NA,NA,"random",NA,0,0,0.0714,28,1,1,1,4,0.65,0.65,0.5865,NA,NA,NA,0,0.0326,0.0326,0,15.4853,15.4853,81.7054,234.3252,1935,1935,"0.15,0.2,0.3,0.35,0.45",0,1.4142,0.15,0.85,NA,NA,NA,NA,NA,NA,NA,NA,NA,NA,NA,NA,NA,NA,NA,NA,NA,NA,NA,NA,NA,NA,NA,NA
"Set_5dose_methods_prior","Set_5dose_methods_prior_SC6",6,"CRM","crm_random",NA,NA,"random",NA,0,0,0.0714,28,1,1,1,5,0.7,0.7,0.6649,NA,NA,NA,0,0.0047,0.0047,0,15.4853,15.4853,81.7054,234.3252,1935,1935,"0.15,0.2,0.3,0.35,0.45",0,1.4142,0.15,0.85,NA,NA,NA,NA,NA,NA,NA,NA,NA,NA,NA,NA,NA,NA,NA,NA,NA,NA,NA,NA,NA,NA,NA,NA
"Set_5dose_methods_prior","Set_5dose_methods_prior_SC6",6,"CRM","crm_alpha_crm",NA,NA,"alpha_crm",NA,0,0,0.0714,28,1,1,1,1,0.5,0.5,0.381,NA,NA,NA,14.522,13.5721,13.5721,0,15.1581,15.1581,84.7545,229.6724,1935,1935,"0.15,0.2,0.3,0.35,0.45",0,1.4142,0.15,0.85,NA,NA,NA,NA,NA,NA,NA,NA,NA,NA,NA,NA,NA,"15,20,30,35,45",61,NA,NA,NA,NA,NA,NA,NA,NA,NA
"Set_5dose_methods_prior","Set_5dose_methods_prior_SC6",6,"CRM","crm_alpha_crm",NA,NA,"alpha_crm",NA,0,0,0.0714,28,1,1,1,2,0.55,0.55,0.4387,NA,NA,NA,0.5685,1.2155,1.2155,0,15.1581,15.1581,84.7545,229.6724,1935,1935,"0.15,0.2,0.3,0.35,0.45",0,1.4142,0.15,0.85,NA,NA,NA,NA,NA,NA,NA,NA,NA,NA,NA,NA,NA,"15,20,30,35,45",61,NA,NA,NA,NA,NA,NA,NA,NA,NA
"Set_5dose_methods_prior","Set_5dose_methods_prior_SC6",6,"CRM","crm_alpha_crm",NA,NA,"alpha_crm",NA,0,0,0.0714,28,1,1,1,3,0.6,0.6,0.5383,NA,NA,NA,0.155,0.3333,0.3333,0,15.1581,15.1581,84.7545,229.6724,1935,1935,"0.15,0.2,0.3,0.35,0.45",0,1.4142,0.15,0.85,NA,NA,NA,NA,NA,NA,NA,NA,NA,NA,NA,NA,NA,"15,20,30,35,45",61,NA,NA,NA,NA,NA,NA,NA,NA,NA
"Set_5dose_methods_prior","Set_5dose_methods_prior_SC6",6,"CRM","crm_alpha_crm",NA,NA,"alpha_crm",NA,0,0,0.0714,28,1,1,1,4,0.65,0.65,0.5817,NA,NA,NA,0,0.0326,0.0326,0,15.1581,15.1581,84.7545,229.6724,1935,1935,"0.15,0.2,0.3,0.35,0.45",0,1.4142,0.15,0.85,NA,NA,NA,NA,NA,NA,NA,NA,NA,NA,NA,NA,NA,"15,20,30,35,45",61,NA,NA,NA,NA,NA,NA,NA,NA,NA
"Set_5dose_methods_prior","Set_5dose_methods_prior_SC6",6,"CRM","crm_alpha_crm",NA,NA,"alpha_crm",NA,0,0,0.0714,28,1,1,1,5,0.7,0.7,0.6607,NA,NA,NA,0,0.0047,0.0047,0,15.1581,15.1581,84.7545,229.6724,1935,1935,"0.15,0.2,0.3,0.35,0.45",0,1.4142,0.15,0.85,NA,NA,NA,NA,NA,NA,NA,NA,NA,NA,NA,NA,NA,"15,20,30,35,45",61,NA,NA,NA,NA,NA,NA,NA,NA,NA
"Set_5dose_methods_prior","Set_5dose_methods_prior_SC6",6,"CRM","crm_cumu_crm",NA,NA,"cumu_crm",NA,0,0,0.0714,28,1,1,1,1,0.5,0.5,0.3733,NA,NA,NA,26.4599,15.8651,15.8651,0,20.1395,20.1395,71.8346,299.3126,1935,1935,"0.15,0.2,0.3,0.35,0.45",0,1.4142,0.15,0.85,NA,NA,NA,NA,NA,NA,NA,NA,NA,NA,NA,NA,NA,NA,NA,"15,20,30,35,45","0.62828086,0.83770782,1.25656172,1.46598868,1.88484259",-2.8,2,1,2.5,1.6,1,0
"Set_5dose_methods_prior","Set_5dose_methods_prior_SC6",6,"CRM","crm_cumu_crm",NA,NA,"cumu_crm",NA,0,0,0.0714,28,1,1,1,2,0.55,0.55,0.4806,NA,NA,NA,1.3437,3.6047,3.6047,0,20.1395,20.1395,71.8346,299.3126,1935,1935,"0.15,0.2,0.3,0.35,0.45",0,1.4142,0.15,0.85,NA,NA,NA,NA,NA,NA,NA,NA,NA,NA,NA,NA,NA,NA,NA,"15,20,30,35,45","0.62828086,0.83770782,1.25656172,1.46598868,1.88484259",-2.8,2,1,2.5,1.6,1,0
"Set_5dose_methods_prior","Set_5dose_methods_prior_SC6",6,"CRM","crm_cumu_crm",NA,NA,"cumu_crm",NA,0,0,0.0714,28,1,1,1,3,0.6,0.6,0.6741,NA,NA,NA,0.3618,0.5969,0.5969,0,20.1395,20.1395,71.8346,299.3126,1935,1935,"0.15,0.2,0.3,0.35,0.45",0,1.4142,0.15,0.85,NA,NA,NA,NA,NA,NA,NA,NA,NA,NA,NA,NA,NA,NA,NA,"15,20,30,35,45","0.62828086,0.83770782,1.25656172,1.46598868,1.88484259",-2.8,2,1,2.5,1.6,1,0
"Set_5dose_methods_prior","Set_5dose_methods_prior_SC6",6,"CRM","crm_cumu_crm",NA,NA,"cumu_crm",NA,0,0,0.0714,28,1,1,1,4,0.65,0.65,0.7456,NA,NA,NA,0,0.0636,0.0636,0,20.1395,20.1395,71.8346,299.3126,1935,1935,"0.15,0.2,0.3,0.35,0.45",0,1.4142,0.15,0.85,NA,NA,NA,NA,NA,NA,NA,NA,NA,NA,NA,NA,NA,NA,NA,"15,20,30,35,45","0.62828086,0.83770782,1.25656172,1.46598868,1.88484259",-2.8,2,1,2.5,1.6,1,0
"Set_5dose_methods_prior","Set_5dose_methods_prior_SC6",6,"CRM","crm_cumu_crm",NA,NA,"cumu_crm",NA,0,0,0.0714,28,1,1,1,5,0.7,0.7,0.8423,NA,NA,NA,0,0.0093,0.0093,0,20.1395,20.1395,71.8346,299.3126,1935,1935,"0.15,0.2,0.3,0.35,0.45",0,1.4142,0.15,0.85,NA,NA,NA,NA,NA,NA,NA,NA,NA,NA,NA,NA,NA,NA,NA,"15,20,30,35,45","0.62828086,0.83770782,1.25656172,1.46598868,1.88484259",-2.8,2,1,2.5,1.6,1,0
"Set_5dose_methods_prior","Set_5dose_methods_prior_SC6",6,"CRM","crm_fixed",NA,NA,"fixed",NA,0,0,0.0714,28,2,1,1,1,0.5,0.5,0.3876,0,NA,NA,17.416,13.9039,13.9039,0,15.4775,14.6,81.9121,224.3069,1935,1935,"0.15,0.2,0.3,0.35,0.45",0,1.4142,0.15,0.85,NA,NA,NA,NA,NA,NA,NA,NA,NA,NA,NA,NA,NA,NA,NA,NA,NA,NA,NA,NA,NA,NA,NA,NA
"Set_5dose_methods_prior","Set_5dose_methods_prior_SC6",6,"CRM","crm_fixed",NA,NA,"fixed",NA,0,0,0.0714,28,2,1,1,2,0.55,0.55,0.4454,NA,NA,NA,0.5168,1.2031,1.2031,0.8398,15.4775,14.6,81.9121,224.3069,1935,1935,"0.15,0.2,0.3,0.35,0.45",0,1.4142,0.15,0.85,NA,NA,NA,NA,NA,NA,NA,NA,NA,NA,NA,NA,NA,NA,NA,NA,NA,NA,NA,NA,NA,NA,NA,NA
"Set_5dose_methods_prior","Set_5dose_methods_prior_SC6",6,"CRM","crm_fixed",NA,NA,"fixed",NA,0,0,0.0714,28,2,1,1,3,0.6,0.6,0.5433,NA,NA,NA,0.155,0.3333,0.3333,0.0134,15.4775,14.6,81.9121,224.3069,1935,1935,"0.15,0.2,0.3,0.35,0.45",0,1.4142,0.15,0.85,NA,NA,NA,NA,NA,NA,NA,NA,NA,NA,NA,NA,NA,NA,NA,NA,NA,NA,NA,NA,NA,NA,NA,NA
"Set_5dose_methods_prior","Set_5dose_methods_prior_SC6",6,"CRM","crm_fixed",NA,NA,"fixed",NA,0,0,0.0714,28,2,1,1,4,0.65,0.65,0.5865,NA,NA,NA,0,0.0326,0.0326,0.0238,15.4775,14.6,81.9121,224.3069,1935,1935,"0.15,0.2,0.3,0.35,0.45",0,1.4142,0.15,0.85,NA,NA,NA,NA,NA,NA,NA,NA,NA,NA,NA,NA,NA,NA,NA,NA,NA,NA,NA,NA,NA,NA,NA,NA
"Set_5dose_methods_prior","Set_5dose_methods_prior_SC6",6,"CRM","crm_fixed",NA,NA,"fixed",NA,0,0,0.0714,28,2,1,1,5,0.7,0.7,0.6649,NA,NA,NA,0,0.0047,0.0047,5e-04,15.4775,14.6,81.9121,224.3069,1935,1935,"0.15,0.2,0.3,0.35,0.45",0,1.4142,0.15,0.85,NA,NA,NA,NA,NA,NA,NA,NA,NA,NA,NA,NA,NA,NA,NA,NA,NA,NA,NA,NA,NA,NA,NA,NA
"Set_5dose_methods_prior","Set_5dose_methods_prior_SC6",6,"CRM","crm_level",NA,NA,"level",NA,0,0,0.0714,28,2,1,1,1,0.5,0.5,0.3835,NA,NA,NA,18.6563,13.7705,13.7705,0,15.8202,14.8693,80.4651,227.8282,1935,1935,"0.15,0.2,0.3,0.35,0.45",0,1.4142,0.15,0.85,NA,NA,NA,NA,NA,NA,NA,NA,NA,NA,NA,NA,NA,NA,NA,NA,NA,NA,NA,NA,NA,NA,NA,NA
"Set_5dose_methods_prior","Set_5dose_methods_prior_SC6",6,"CRM","crm_level",NA,NA,"level",NA,0,0,0.0714,28,2,1,1,2,0.55,0.55,0.4412,0.1062,NA,NA,0.7235,1.5147,1.5147,0.8817,15.8202,14.8693,80.4651,227.8282,1935,1935,"0.15,0.2,0.3,0.35,0.45",0,1.4142,0.15,0.85,NA,NA,NA,NA,NA,NA,NA,NA,NA,NA,NA,NA,NA,NA,NA,NA,NA,NA,NA,NA,NA,NA,NA,NA
"Set_5dose_methods_prior","Set_5dose_methods_prior_SC6",6,"CRM","crm_level",NA,NA,"level",NA,0,0,0.0714,28,2,1,1,3,0.6,0.6,0.5391,0.1278,NA,NA,0.1034,0.4744,0.4744,0.0346,15.8202,14.8693,80.4651,227.8282,1935,1935,"0.15,0.2,0.3,0.35,0.45",0,1.4142,0.15,0.85,NA,NA,NA,NA,NA,NA,NA,NA,NA,NA,NA,NA,NA,NA,NA,NA,NA,NA,NA,NA,NA,NA,NA,NA
"Set_5dose_methods_prior","Set_5dose_methods_prior_SC6",6,"CRM","crm_level",NA,NA,"level",NA,0,0,0.0714,28,2,1,1,4,0.65,0.65,0.5824,0.1507,NA,NA,0.0517,0.0512,0.0512,0.032,15.8202,14.8693,80.4651,227.8282,1935,1935,"0.15,0.2,0.3,0.35,0.45",0,1.4142,0.15,0.85,NA,NA,NA,NA,NA,NA,NA,NA,NA,NA,NA,NA,NA,NA,NA,NA,NA,NA,NA,NA,NA,NA,NA,NA
"Set_5dose_methods_prior","Set_5dose_methods_prior_SC6",6,"CRM","crm_level",NA,NA,"level",NA,0,0,0.0714,28,2,1,1,5,0.7,0.7,0.6613,0.1501,NA,NA,0,0.0093,0.0093,0.0026,15.8202,14.8693,80.4651,227.8282,1935,1935,"0.15,0.2,0.3,0.35,0.45",0,1.4142,0.15,0.85,NA,NA,NA,NA,NA,NA,NA,NA,NA,NA,NA,NA,NA,NA,NA,NA,NA,NA,NA,NA,NA,NA,NA,NA
"Set_5dose_methods_prior","Set_5dose_methods_prior_SC6",6,"CRM","crm_random",NA,NA,"random",NA,0,0,0.0714,28,2,1,1,1,0.5,0.5,0.3855,0.0783,NA,NA,18.9147,13.7488,13.7488,0,15.7519,14.832,80.2067,227.1999,1935,1935,"0.15,0.2,0.3,0.35,0.45",0,1.4142,0.15,0.85,NA,NA,NA,NA,NA,NA,NA,NA,NA,NA,NA,NA,NA,NA,NA,NA,NA,NA,NA,NA,NA,NA,NA,NA
"Set_5dose_methods_prior","Set_5dose_methods_prior_SC6",6,"CRM","crm_random",NA,NA,"random",NA,0,0,0.0714,28,2,1,1,2,0.55,0.55,0.4432,NA,NA,NA,0.7235,1.4543,1.4543,0.8553,15.7519,14.832,80.2067,227.1999,1935,1935,"0.15,0.2,0.3,0.35,0.45",0,1.4142,0.15,0.85,NA,NA,NA,NA,NA,NA,NA,NA,NA,NA,NA,NA,NA,NA,NA,NA,NA,NA,NA,NA,NA,NA,NA,NA
"Set_5dose_methods_prior","Set_5dose_methods_prior_SC6",6,"CRM","crm_random",NA,NA,"random",NA,0,0,0.0714,28,2,1,1,3,0.6,0.6,0.5411,NA,NA,NA,0.155,0.4589,0.4589,0.0274,15.7519,14.832,80.2067,227.1999,1935,1935,"0.15,0.2,0.3,0.35,0.45",0,1.4142,0.15,0.85,NA,NA,NA,NA,NA,NA,NA,NA,NA,NA,NA,NA,NA,NA,NA,NA,NA,NA,NA,NA,NA,NA,NA,NA
"Set_5dose_methods_prior","Set_5dose_methods_prior_SC6",6,"CRM","crm_random",NA,NA,"random",NA,0,0,0.0714,28,2,1,1,4,0.65,0.65,0.5843,NA,NA,NA,0,0.0729,0.0729,0.0362,15.7519,14.832,80.2067,227.1999,1935,1935,"0.15,0.2,0.3,0.35,0.45",0,1.4142,0.15,0.85,NA,NA,NA,NA,NA,NA,NA,NA,NA,NA,NA,NA,NA,NA,NA,NA,NA,NA,NA,NA,NA,NA,NA,NA
"Set_5dose_methods_prior","Set_5dose_methods_prior_SC6",6,"CRM","crm_random",NA,NA,"random",NA,0,0,0.0714,28,2,1,1,5,0.7,0.7,0.663,NA,NA,NA,0,0.0171,0.0171,0.001,15.7519,14.832,80.2067,227.1999,1935,1935,"0.15,0.2,0.3,0.35,0.45",0,1.4142,0.15,0.85,NA,NA,NA,NA,NA,NA,NA,NA,NA,NA,NA,NA,NA,NA,NA,NA,NA,NA,NA,NA,NA,NA,NA,NA
"Set_5dose_methods_prior","Set_5dose_methods_prior_SC6",6,"CRM","crm_alpha_crm",NA,NA,"alpha_crm",NA,0,0,0.0714,28,2,1,1,1,0.5,0.5,0.3757,NA,NA,NA,15.3488,13.5178,13.5178,0,15.4031,14.5059,83.9276,222.859,1935,1935,"0.15,0.2,0.3,0.35,0.45",0,1.4142,0.15,0.85,NA,NA,NA,NA,NA,NA,NA,NA,NA,NA,NA,NA,NA,"15,20,30,35,45",61,NA,NA,NA,NA,NA,NA,NA,NA,NA
"Set_5dose_methods_prior","Set_5dose_methods_prior_SC6",6,"CRM","crm_alpha_crm",NA,NA,"alpha_crm",NA,0,0,0.0714,28,2,1,1,2,0.55,0.55,0.4334,NA,NA,NA,0.5685,1.4543,1.4543,0.8305,15.4031,14.5059,83.9276,222.859,1935,1935,"0.15,0.2,0.3,0.35,0.45",0,1.4142,0.15,0.85,NA,NA,NA,NA,NA,NA,NA,NA,NA,NA,NA,NA,NA,"15,20,30,35,45",61,NA,NA,NA,NA,NA,NA,NA,NA,NA
"Set_5dose_methods_prior","Set_5dose_methods_prior_SC6",6,"CRM","crm_alpha_crm",NA,NA,"alpha_crm",NA,0,0,0.0714,28,2,1,1,3,0.6,0.6,0.5323,NA,NA,NA,0.1034,0.3581,0.3581,0.0382,15.4031,14.5059,83.9276,222.859,1935,1935,"0.15,0.2,0.3,0.35,0.45",0,1.4142,0.15,0.85,NA,NA,NA,NA,NA,NA,NA,NA,NA,NA,NA,NA,NA,"15,20,30,35,45",61,NA,NA,NA,NA,NA,NA,NA,NA,NA
"Set_5dose_methods_prior","Set_5dose_methods_prior_SC6",6,"CRM","crm_alpha_crm",NA,NA,"alpha_crm",NA,0,0,0.0714,28,2,1,1,4,0.65,0.65,0.5759,NA,NA,NA,0.0517,0.062,0.062,0.0243,15.4031,14.5059,83.9276,222.859,1935,1935,"0.15,0.2,0.3,0.35,0.45",0,1.4142,0.15,0.85,NA,NA,NA,NA,NA,NA,NA,NA,NA,NA,NA,NA,NA,"15,20,30,35,45",61,NA,NA,NA,NA,NA,NA,NA,NA,NA
"Set_5dose_methods_prior","Set_5dose_methods_prior_SC6",6,"CRM","crm_alpha_crm",NA,NA,"alpha_crm",NA,0,0,0.0714,28,2,1,1,5,0.7,0.7,0.6558,NA,NA,NA,0,0.0109,0.0109,0.0041,15.4031,14.5059,83.9276,222.859,1935,1935,"0.15,0.2,0.3,0.35,0.45",0,1.4142,0.15,0.85,NA,NA,NA,NA,NA,NA,NA,NA,NA,NA,NA,NA,NA,"15,20,30,35,45",61,NA,NA,NA,NA,NA,NA,NA,NA,NA
"Set_5dose_methods_prior","Set_5dose_methods_prior_SC6",6,"CRM","crm_cumu_crm",NA,NA,"cumu_crm",NA,0,0,0.0714,28,2,1,1,1,0.5,0.5,0.3636,NA,NA,NA,27.0284,15.6667,15.6667,0,20.6155,18.7953,69.509,282.7338,1935,1935,"0.15,0.2,0.3,0.35,0.45",0,1.4142,0.15,0.85,NA,NA,NA,NA,NA,NA,NA,NA,NA,NA,NA,NA,NA,NA,NA,"15,20,30,35,45","0.62828086,0.83770782,1.25656172,1.46598868,1.88484259",-2.8,2,1,2.5,1.6,1,0
"Set_5dose_methods_prior","Set_5dose_methods_prior_SC6",6,"CRM","crm_cumu_crm",NA,NA,"cumu_crm",NA,0,0,0.0714,28,2,1,1,2,0.55,0.55,0.4676,NA,NA,NA,3.1008,4.0775,4.0775,1.616,20.6155,18.7953,69.509,282.7338,1935,1935,"0.15,0.2,0.3,0.35,0.45",0,1.4142,0.15,0.85,NA,NA,NA,NA,NA,NA,NA,NA,NA,NA,NA,NA,NA,NA,NA,"15,20,30,35,45","0.62828086,0.83770782,1.25656172,1.46598868,1.88484259",-2.8,2,1,2.5,1.6,1,0
"Set_5dose_methods_prior","Set_5dose_methods_prior_SC6",6,"CRM","crm_cumu_crm",NA,NA,"cumu_crm",NA,0,0,0.0714,28,2,1,1,3,0.6,0.6,0.6588,NA,NA,NA,0.3618,0.707,0.707,0.1535,20.6155,18.7953,69.509,282.7338,1935,1935,"0.15,0.2,0.3,0.35,0.45",0,1.4142,0.15,0.85,NA,NA,NA,NA,NA,NA,NA,NA,NA,NA,NA,NA,NA,NA,NA,"15,20,30,35,45","0.62828086,0.83770782,1.25656172,1.46598868,1.88484259",-2.8,2,1,2.5,1.6,1,0
"Set_5dose_methods_prior","Set_5dose_methods_prior_SC6",6,"CRM","crm_cumu_crm",NA,NA,"cumu_crm",NA,0,0,0.0714,28,2,1,1,4,0.65,0.65,0.7313,NA,NA,NA,0,0.1395,0.1395,0.046,20.6155,18.7953,69.509,282.7338,1935,1935,"0.15,0.2,0.3,0.35,0.45",0,1.4142,0.15,0.85,NA,NA,NA,NA,NA,NA,NA,NA,NA,NA,NA,NA,NA,NA,NA,"15,20,30,35,45","0.62828086,0.83770782,1.25656172,1.46598868,1.88484259",-2.8,2,1,2.5,1.6,1,0
"Set_5dose_methods_prior","Set_5dose_methods_prior_SC6",6,"CRM","crm_cumu_crm",NA,NA,"cumu_crm",NA,0,0,0.0714,28,2,1,1,5,0.7,0.7,0.8313,NA,NA,NA,0,0.0248,0.0248,0.0047,20.6155,18.7953,69.509,282.7338,1935,1935,"0.15,0.2,0.3,0.35,0.45",0,1.4142,0.15,0.85,NA,NA,NA,NA,NA,NA,NA,NA,NA,NA,NA,NA,NA,NA,NA,"15,20,30,35,45","0.62828086,0.83770782,1.25656172,1.46598868,1.88484259",-2.8,2,1,2.5,1.6,1,0
"Set_5dose_methods_prior","Set_5dose_methods_prior_SC6",6,"CRM","crm_fixed",NA,NA,"fixed",NA,0,0,0.0714,28,3,1,1,1,0.5,0.5,0.3877,0,NA,NA,17.8811,13.9442,13.9442,0,15.5163,14.4956,81.3953,223.4862,1935,1935,"0.15,0.2,0.3,0.35,0.45",0,1.4142,0.15,0.85,NA,NA,NA,NA,NA,NA,NA,NA,NA,NA,NA,NA,NA,NA,NA,NA,NA,NA,NA,NA,NA,NA,NA,NA
"Set_5dose_methods_prior","Set_5dose_methods_prior_SC6",6,"CRM","crm_fixed",NA,NA,"fixed",NA,0,0,0.0714,28,3,1,1,2,0.55,0.55,0.4455,NA,NA,NA,0.5685,1.2016,1.2016,0.8413,15.5163,14.4956,81.3953,223.4862,1935,1935,"0.15,0.2,0.3,0.35,0.45",0,1.4142,0.15,0.85,NA,NA,NA,NA,NA,NA,NA,NA,NA,NA,NA,NA,NA,NA,NA,NA,NA,NA,NA,NA,NA,NA,NA,NA
"Set_5dose_methods_prior","Set_5dose_methods_prior_SC6",6,"CRM","crm_fixed",NA,NA,"fixed",NA,0,0,0.0714,28,3,1,1,3,0.6,0.6,0.5433,NA,NA,NA,0.155,0.3318,0.3318,0.1685,15.5163,14.4956,81.3953,223.4862,1935,1935,"0.15,0.2,0.3,0.35,0.45",0,1.4142,0.15,0.85,NA,NA,NA,NA,NA,NA,NA,NA,NA,NA,NA,NA,NA,NA,NA,NA,NA,NA,NA,NA,NA,NA,NA,NA
"Set_5dose_methods_prior","Set_5dose_methods_prior_SC6",6,"CRM","crm_fixed",NA,NA,"fixed",NA,0,0,0.0714,28,3,1,1,4,0.65,0.65,0.5865,NA,NA,NA,0,0.0341,0.0341,0.0088,15.5163,14.4956,81.3953,223.4862,1935,1935,"0.15,0.2,0.3,0.35,0.45",0,1.4142,0.15,0.85,NA,NA,NA,NA,NA,NA,NA,NA,NA,NA,NA,NA,NA,NA,NA,NA,NA,NA,NA,NA,NA,NA,NA,NA
"Set_5dose_methods_prior","Set_5dose_methods_prior_SC6",6,"CRM","crm_fixed",NA,NA,"fixed",NA,0,0,0.0714,28,3,1,1,5,0.7,0.7,0.6649,NA,NA,NA,0,0.0047,0.0047,0.0021,15.5163,14.4956,81.3953,223.4862,1935,1935,"0.15,0.2,0.3,0.35,0.45",0,1.4142,0.15,0.85,NA,NA,NA,NA,NA,NA,NA,NA,NA,NA,NA,NA,NA,NA,NA,NA,NA,NA,NA,NA,NA,NA,NA,NA
"Set_5dose_methods_prior","Set_5dose_methods_prior_SC6",6,"CRM","crm_level",NA,NA,"level",NA,0,0,0.0714,28,3,1,1,1,0.5,0.5,0.382,NA,NA,NA,18.6563,13.6992,13.6992,0,15.7643,14.6579,80.5685,225.4847,1935,1935,"0.15,0.2,0.3,0.35,0.45",0,1.4142,0.15,0.85,NA,NA,NA,NA,NA,NA,NA,NA,NA,NA,NA,NA,NA,NA,NA,NA,NA,NA,NA,NA,NA,NA,NA,NA
"Set_5dose_methods_prior","Set_5dose_methods_prior_SC6",6,"CRM","crm_level",NA,NA,"level",NA,0,0,0.0714,28,3,1,1,2,0.55,0.55,0.4398,0.106,NA,NA,0.6202,1.4605,1.4605,0.8672,15.7643,14.6579,80.5685,225.4847,1935,1935,"0.15,0.2,0.3,0.35,0.45",0,1.4142,0.15,0.85,NA,NA,NA,NA,NA,NA,NA,NA,NA,NA,NA,NA,NA,NA,NA,NA,NA,NA,NA,NA,NA,NA,NA,NA
"Set_5dose_methods_prior","Set_5dose_methods_prior_SC6",6,"CRM","crm_level",NA,NA,"level",NA,0,0,0.0714,28,3,1,1,3,0.6,0.6,0.5379,0.1316,NA,NA,0.155,0.4791,0.4791,0.2098,15.7643,14.6579,80.5685,225.4847,1935,1935,"0.15,0.2,0.3,0.35,0.45",0,1.4142,0.15,0.85,NA,NA,NA,NA,NA,NA,NA,NA,NA,NA,NA,NA,NA,NA,NA,NA,NA,NA,NA,NA,NA,NA,NA,NA
"Set_5dose_methods_prior","Set_5dose_methods_prior_SC6",6,"CRM","crm_level",NA,NA,"level",NA,0,0,0.0714,28,3,1,1,4,0.65,0.65,0.5813,0.1425,NA,NA,0,0.1132,0.1132,0.0238,15.7643,14.6579,80.5685,225.4847,1935,1935,"0.15,0.2,0.3,0.35,0.45",0,1.4142,0.15,0.85,NA,NA,NA,NA,NA,NA,NA,NA,NA,NA,NA,NA,NA,NA,NA,NA,NA,NA,NA,NA,NA,NA,NA,NA
"Set_5dose_methods_prior","Set_5dose_methods_prior_SC6",6,"CRM","crm_level",NA,NA,"level",NA,0,0,0.0714,28,3,1,1,5,0.7,0.7,0.6603,0.1493,NA,NA,0,0.0124,0.0124,0.0057,15.7643,14.6579,80.5685,225.4847,1935,1935,"0.15,0.2,0.3,0.35,0.45",0,1.4142,0.15,0.85,NA,NA,NA,NA,NA,NA,NA,NA,NA,NA,NA,NA,NA,NA,NA,NA,NA,NA,NA,NA,NA,NA,NA,NA
"Set_5dose_methods_prior","Set_5dose_methods_prior_SC6",6,"CRM","crm_random",NA,NA,"random",NA,0,0,0.0714,28,3,1,1,1,0.5,0.5,0.3818,0.0872,NA,NA,18.6047,13.7023,13.7023,0,15.7798,14.6589,80.5168,225.6242,1935,1935,"0.15,0.2,0.3,0.35,0.45",0,1.4142,0.15,0.85,NA,NA,NA,NA,NA,NA,NA,NA,NA,NA,NA,NA,NA,NA,NA,NA,NA,NA,NA,NA,NA,NA,NA,NA
"Set_5dose_methods_prior","Set_5dose_methods_prior_SC6",6,"CRM","crm_random",NA,NA,"random",NA,0,0,0.0714,28,3,1,1,2,0.55,0.55,0.4395,NA,NA,NA,0.7235,1.4496,1.4496,0.8661,15.7798,14.6589,80.5168,225.6242,1935,1935,"0.15,0.2,0.3,0.35,0.45",0,1.4142,0.15,0.85,NA,NA,NA,NA,NA,NA,NA,NA,NA,NA,NA,NA,NA,NA,NA,NA,NA,NA,NA,NA,NA,NA,NA,NA
"Set_5dose_methods_prior","Set_5dose_methods_prior_SC6",6,"CRM","crm_random",NA,NA,"random",NA,0,0,0.0714,28,3,1,1,3,0.6,0.6,0.5376,NA,NA,NA,0.155,0.5147,0.5147,0.215,15.7798,14.6589,80.5168,225.6242,1935,1935,"0.15,0.2,0.3,0.35,0.45",0,1.4142,0.15,0.85,NA,NA,NA,NA,NA,NA,NA,NA,NA,NA,NA,NA,NA,NA,NA,NA,NA,NA,NA,NA,NA,NA,NA,NA
"Set_5dose_methods_prior","Set_5dose_methods_prior_SC6",6,"CRM","crm_random",NA,NA,"random",NA,0,0,0.0714,28,3,1,1,4,0.65,0.65,0.5809,NA,NA,NA,0,0.1085,0.1085,0.0372,15.7798,14.6589,80.5168,225.6242,1935,1935,"0.15,0.2,0.3,0.35,0.45",0,1.4142,0.15,0.85,NA,NA,NA,NA,NA,NA,NA,NA,NA,NA,NA,NA,NA,NA,NA,NA,NA,NA,NA,NA,NA,NA,NA,NA
"Set_5dose_methods_prior","Set_5dose_methods_prior_SC6",6,"CRM","crm_random",NA,NA,"random",NA,0,0,0.0714,28,3,1,1,5,0.7,0.7,0.66,NA,NA,NA,0,0.0047,0.0047,0.0026,15.7798,14.6589,80.5168,225.6242,1935,1935,"0.15,0.2,0.3,0.35,0.45",0,1.4142,0.15,0.85,NA,NA,NA,NA,NA,NA,NA,NA,NA,NA,NA,NA,NA,NA,NA,NA,NA,NA,NA,NA,NA,NA,NA,NA
"Set_5dose_methods_prior","Set_5dose_methods_prior_SC6",6,"CRM","crm_alpha_crm",NA,NA,"alpha_crm",NA,0,0,0.0714,28,3,1,1,1,0.5,0.5,0.3757,NA,NA,NA,15.7623,13.4481,13.4481,0,15.4124,14.3654,83.5142,221.1876,1935,1935,"0.15,0.2,0.3,0.35,0.45",0,1.4142,0.15,0.85,NA,NA,NA,NA,NA,NA,NA,NA,NA,NA,NA,NA,NA,"15,20,30,35,45",61,NA,NA,NA,NA,NA,NA,NA,NA,NA
"Set_5dose_methods_prior","Set_5dose_methods_prior_SC6",6,"CRM","crm_alpha_crm",NA,NA,"alpha_crm",NA,0,0,0.0714,28,3,1,1,2,0.55,0.55,0.4335,NA,NA,NA,0.5168,1.4202,1.4202,0.8258,15.4124,14.3654,83.5142,221.1876,1935,1935,"0.15,0.2,0.3,0.35,0.45",0,1.4142,0.15,0.85,NA,NA,NA,NA,NA,NA,NA,NA,NA,NA,NA,NA,NA,"15,20,30,35,45",61,NA,NA,NA,NA,NA,NA,NA,NA,NA
"Set_5dose_methods_prior","Set_5dose_methods_prior_SC6",6,"CRM","crm_alpha_crm",NA,NA,"alpha_crm",NA,0,0,0.0714,28,3,1,1,3,0.6,0.6,0.5322,NA,NA,NA,0.155,0.4109,0.4109,0.1922,15.4124,14.3654,83.5142,221.1876,1935,1935,"0.15,0.2,0.3,0.35,0.45",0,1.4142,0.15,0.85,NA,NA,NA,NA,NA,NA,NA,NA,NA,NA,NA,NA,NA,"15,20,30,35,45",61,NA,NA,NA,NA,NA,NA,NA,NA,NA
"Set_5dose_methods_prior","Set_5dose_methods_prior_SC6",6,"CRM","crm_alpha_crm",NA,NA,"alpha_crm",NA,0,0,0.0714,28,3,1,1,4,0.65,0.65,0.5758,NA,NA,NA,0.0517,0.1178,0.1178,0.0191,15.4124,14.3654,83.5142,221.1876,1935,1935,"0.15,0.2,0.3,0.35,0.45",0,1.4142,0.15,0.85,NA,NA,NA,NA,NA,NA,NA,NA,NA,NA,NA,NA,NA,"15,20,30,35,45",61,NA,NA,NA,NA,NA,NA,NA,NA,NA
"Set_5dose_methods_prior","Set_5dose_methods_prior_SC6",6,"CRM","crm_alpha_crm",NA,NA,"alpha_crm",NA,0,0,0.0714,28,3,1,1,5,0.7,0.7,0.6555,NA,NA,NA,0,0.0155,0.0155,0.0098,15.4124,14.3654,83.5142,221.1876,1935,1935,"0.15,0.2,0.3,0.35,0.45",0,1.4142,0.15,0.85,NA,NA,NA,NA,NA,NA,NA,NA,NA,NA,NA,NA,NA,"15,20,30,35,45",61,NA,NA,NA,NA,NA,NA,NA,NA,NA
"Set_5dose_methods_prior","Set_5dose_methods_prior_SC6",6,"CRM","crm_cumu_crm",NA,NA,"cumu_crm",NA,0,0,0.0714,28,3,1,1,1,0.5,0.5,0.3594,NA,NA,NA,27.0284,15.4775,15.4775,0,20.6915,18.5995,68.9406,281.1153,1935,1935,"0.15,0.2,0.3,0.35,0.45",0,1.4142,0.15,0.85,NA,NA,NA,NA,NA,NA,NA,NA,NA,NA,NA,NA,NA,NA,NA,"15,20,30,35,45","0.62828086,0.83770782,1.25656172,1.46598868,1.88484259",-2.8,2,1,2.5,1.6,1,0
"Set_5dose_methods_prior","Set_5dose_methods_prior_SC6",6,"CRM","crm_cumu_crm",NA,NA,"cumu_crm",NA,0,0,0.0714,28,3,1,1,2,0.55,0.55,0.462,NA,NA,NA,3.4109,4.0279,4.0279,1.6171,20.6915,18.5995,68.9406,281.1153,1935,1935,"0.15,0.2,0.3,0.35,0.45",0,1.4142,0.15,0.85,NA,NA,NA,NA,NA,NA,NA,NA,NA,NA,NA,NA,NA,NA,NA,"15,20,30,35,45","0.62828086,0.83770782,1.25656172,1.46598868,1.88484259",-2.8,2,1,2.5,1.6,1,0
"Set_5dose_methods_prior","Set_5dose_methods_prior_SC6",6,"CRM","crm_cumu_crm",NA,NA,"cumu_crm",NA,0,0,0.0714,28,3,1,1,3,0.6,0.6,0.6521,NA,NA,NA,0.5685,0.9054,0.9054,0.4109,20.6915,18.5995,68.9406,281.1153,1935,1935,"0.15,0.2,0.3,0.35,0.45",0,1.4142,0.15,0.85,NA,NA,NA,NA,NA,NA,NA,NA,NA,NA,NA,NA,NA,NA,NA,"15,20,30,35,45","0.62828086,0.83770782,1.25656172,1.46598868,1.88484259",-2.8,2,1,2.5,1.6,1,0
"Set_5dose_methods_prior","Set_5dose_methods_prior_SC6",6,"CRM","crm_cumu_crm",NA,NA,"cumu_crm",NA,0,0,0.0714,28,3,1,1,4,0.65,0.65,0.7249,NA,NA,NA,0.0517,0.2496,0.2496,0.0501,20.6915,18.5995,68.9406,281.1153,1935,1935,"0.15,0.2,0.3,0.35,0.45",0,1.4142,0.15,0.85,NA,NA,NA,NA,NA,NA,NA,NA,NA,NA,NA,NA,NA,NA,NA,"15,20,30,35,45","0.62828086,0.83770782,1.25656172,1.46598868,1.88484259",-2.8,2,1,2.5,1.6,1,0
"Set_5dose_methods_prior","Set_5dose_methods_prior_SC6",6,"CRM","crm_cumu_crm",NA,NA,"cumu_crm",NA,0,0,0.0714,28,3,1,1,5,0.7,0.7,0.8265,NA,NA,NA,0,0.031,0.031,0.014,20.6915,18.5995,68.9406,281.1153,1935,1935,"0.15,0.2,0.3,0.35,0.45",0,1.4142,0.15,0.85,NA,NA,NA,NA,NA,NA,NA,NA,NA,NA,NA,NA,NA,NA,NA,"15,20,30,35,45","0.62828086,0.83770782,1.25656172,1.46598868,1.88484259",-2.8,2,1,2.5,1.6,1,0
"Set_5dose_methods_prior","Set_5dose_methods_prior_SC6",6,"CRM","crm_fixed",NA,NA,"fixed",NA,0.3,0,0.0714,28,1,1,1,1,0.5,0.5,0.3877,0,NA,NA,17.7261,13.9209,13.9209,0,15.4961,15.4961,81.5504,234.3833,1935,1935,"0.15,0.2,0.3,0.35,0.45",0,1.4142,0.15,0.85,NA,NA,NA,NA,NA,NA,NA,NA,NA,NA,NA,NA,NA,NA,NA,NA,NA,NA,NA,NA,NA,NA,NA,NA
"Set_5dose_methods_prior","Set_5dose_methods_prior_SC6",6,"CRM","crm_fixed",NA,NA,"fixed",NA,0.3,0,0.0714,28,1,1,1,2,0.55,0.7,0.4455,NA,NA,NA,0.5685,1.2062,1.2062,0,15.4961,15.4961,81.5504,234.3833,1935,1935,"0.15,0.2,0.3,0.35,0.45",0,1.4142,0.15,0.85,NA,NA,NA,NA,NA,NA,NA,NA,NA,NA,NA,NA,NA,NA,NA,NA,NA,NA,NA,NA,NA,NA,NA,NA
"Set_5dose_methods_prior","Set_5dose_methods_prior_SC6",6,"CRM","crm_fixed",NA,NA,"fixed",NA,0.3,0,0.0714,28,1,1,1,3,0.6,0.765,0.5434,NA,NA,NA,0.155,0.3333,0.3333,0,15.4961,15.4961,81.5504,234.3833,1935,1935,"0.15,0.2,0.3,0.35,0.45",0,1.4142,0.15,0.85,NA,NA,NA,NA,NA,NA,NA,NA,NA,NA,NA,NA,NA,NA,NA,NA,NA,NA,NA,NA,NA,NA,NA,NA
"Set_5dose_methods_prior","Set_5dose_methods_prior_SC6",6,"CRM","crm_fixed",NA,NA,"fixed",NA,0.3,0,0.0714,28,1,1,1,4,0.65,0.83,0.5865,NA,NA,NA,0,0.0326,0.0326,0,15.4961,15.4961,81.5504,234.3833,1935,1935,"0.15,0.2,0.3,0.35,0.45",0,1.4142,0.15,0.85,NA,NA,NA,NA,NA,NA,NA,NA,NA,NA,NA,NA,NA,NA,NA,NA,NA,NA,NA,NA,NA,NA,NA,NA
"Set_5dose_methods_prior","Set_5dose_methods_prior_SC6",6,"CRM","crm_fixed",NA,NA,"fixed",NA,0.3,0,0.0714,28,1,1,1,5,0.7,0.895,0.6649,NA,NA,NA,0,0.0031,0.0031,0,15.4961,15.4961,81.5504,234.3833,1935,1935,"0.15,0.2,0.3,0.35,0.45",0,1.4142,0.15,0.85,NA,NA,NA,NA,NA,NA,NA,NA,NA,NA,NA,NA,NA,NA,NA,NA,NA,NA,NA,NA,NA,NA,NA,NA
"Set_5dose_methods_prior","Set_5dose_methods_prior_SC6",6,"CRM","crm_level",NA,NA,"level",NA,0.3,0,0.0714,28,1,1,1,1,0.5,0.5,0.3891,NA,NA,NA,18.0362,13.9767,13.9767,0,15.5566,15.5566,81.292,235.2737,1935,1935,"0.15,0.2,0.3,0.35,0.45",0,1.4142,0.15,0.85,NA,NA,NA,NA,NA,NA,NA,NA,NA,NA,NA,NA,NA,NA,NA,NA,NA,NA,NA,NA,NA,NA,NA,NA
"Set_5dose_methods_prior","Set_5dose_methods_prior_SC6",6,"CRM","crm_level",NA,NA,"level",NA,0.3,0,0.0714,28,1,1,1,2,0.55,0.7,0.4469,0.1064,NA,NA,0.5168,1.2093,1.2093,0,15.5566,15.5566,81.292,235.2737,1935,1935,"0.15,0.2,0.3,0.35,0.45",0,1.4142,0.15,0.85,NA,NA,NA,NA,NA,NA,NA,NA,NA,NA,NA,NA,NA,NA,NA,NA,NA,NA,NA,NA,NA,NA,NA,NA
"Set_5dose_methods_prior","Set_5dose_methods_prior_SC6",6,"CRM","crm_level",NA,NA,"level",NA,0.3,0,0.0714,28,1,1,1,3,0.6,0.765,0.5447,0.1363,NA,NA,0.155,0.3333,0.3333,0,15.5566,15.5566,81.292,235.2737,1935,1935,"0.15,0.2,0.3,0.35,0.45",0,1.4142,0.15,0.85,NA,NA,NA,NA,NA,NA,NA,NA,NA,NA,NA,NA,NA,NA,NA,NA,NA,NA,NA,NA,NA,NA,NA,NA
"Set_5dose_methods_prior","Set_5dose_methods_prior_SC6",6,"CRM","crm_level",NA,NA,"level",NA,0.3,0,0.0714,28,1,1,1,4,0.65,0.83,0.5878,0.1475,NA,NA,0,0.0326,0.0326,0,15.5566,15.5566,81.292,235.2737,1935,1935,"0.15,0.2,0.3,0.35,0.45",0,1.4142,0.15,0.85,NA,NA,NA,NA,NA,NA,NA,NA,NA,NA,NA,NA,NA,NA,NA,NA,NA,NA,NA,NA,NA,NA,NA,NA
"Set_5dose_methods_prior","Set_5dose_methods_prior_SC6",6,"CRM","crm_level",NA,NA,"level",NA,0.3,0,0.0714,28,1,1,1,5,0.7,0.895,0.6661,0.1496,NA,NA,0,0.0047,0.0047,0,15.5566,15.5566,81.292,235.2737,1935,1935,"0.15,0.2,0.3,0.35,0.45",0,1.4142,0.15,0.85,NA,NA,NA,NA,NA,NA,NA,NA,NA,NA,NA,NA,NA,NA,NA,NA,NA,NA,NA,NA,NA,NA,NA,NA
"Set_5dose_methods_prior","Set_5dose_methods_prior_SC6",6,"CRM","crm_random",NA,NA,"random",NA,0.3,0,0.0714,28,1,1,1,1,0.5,0.5,0.3884,0.08,NA,NA,17.7261,13.9023,13.9023,0,15.4775,15.4775,81.7054,234.1573,1935,1935,"0.15,0.2,0.3,0.35,0.45",0,1.4142,0.15,0.85,NA,NA,NA,NA,NA,NA,NA,NA,NA,NA,NA,NA,NA,NA,NA,NA,NA,NA,NA,NA,NA,NA,NA,NA
"Set_5dose_methods_prior","Set_5dose_methods_prior_SC6",6,"CRM","crm_random",NA,NA,"random",NA,0.3,0,0.0714,28,1,1,1,2,0.55,0.7,0.4463,NA,NA,NA,0.4134,1.2078,1.2078,0,15.4775,15.4775,81.7054,234.1573,1935,1935,"0.15,0.2,0.3,0.35,0.45",0,1.4142,0.15,0.85,NA,NA,NA,NA,NA,NA,NA,NA,NA,NA,NA,NA,NA,NA,NA,NA,NA,NA,NA,NA,NA,NA,NA,NA
"Set_5dose_methods_prior","Set_5dose_methods_prior_SC6",6,"CRM","crm_random",NA,NA,"random",NA,0.3,0,0.0714,28,1,1,1,3,0.6,0.765,0.5441,NA,NA,NA,0.155,0.3318,0.3318,0,15.4775,15.4775,81.7054,234.1573,1935,1935,"0.15,0.2,0.3,0.35,0.45",0,1.4142,0.15,0.85,NA,NA,NA,NA,NA,NA,NA,NA,NA,NA,NA,NA,NA,NA,NA,NA,NA,NA,NA,NA,NA,NA,NA,NA
"Set_5dose_methods_prior","Set_5dose_methods_prior_SC6",6,"CRM","crm_random",NA,NA,"random",NA,0.3,0,0.0714,28,1,1,1,4,0.65,0.83,0.5872,NA,NA,NA,0,0.0326,0.0326,0,15.4775,15.4775,81.7054,234.1573,1935,1935,"0.15,0.2,0.3,0.35,0.45",0,1.4142,0.15,0.85,NA,NA,NA,NA,NA,NA,NA,NA,NA,NA,NA,NA,NA,NA,NA,NA,NA,NA,NA,NA,NA,NA,NA,NA
"Set_5dose_methods_prior","Set_5dose_methods_prior_SC6",6,"CRM","crm_random",NA,NA,"random",NA,0.3,0,0.0714,28,1,1,1,5,0.7,0.895,0.6656,NA,NA,NA,0,0.0031,0.0031,0,15.4775,15.4775,81.7054,234.1573,1935,1935,"0.15,0.2,0.3,0.35,0.45",0,1.4142,0.15,0.85,NA,NA,NA,NA,NA,NA,NA,NA,NA,NA,NA,NA,NA,NA,NA,NA,NA,NA,NA,NA,NA,NA,NA,NA
"Set_5dose_methods_prior","Set_5dose_methods_prior_SC6",6,"CRM","crm_alpha_crm",NA,NA,"alpha_crm",NA,0.3,0,0.0714,28,1,1,1,1,0.5,0.5,0.381,NA,NA,NA,14.522,13.5721,13.5721,0,15.1581,15.1581,84.7545,229.6724,1935,1935,"0.15,0.2,0.3,0.35,0.45",0,1.4142,0.15,0.85,NA,NA,NA,NA,NA,NA,NA,NA,NA,NA,NA,NA,NA,"15,20,30,35,45",61,NA,NA,NA,NA,NA,NA,NA,NA,NA
"Set_5dose_methods_prior","Set_5dose_methods_prior_SC6",6,"CRM","crm_alpha_crm",NA,NA,"alpha_crm",NA,0.3,0,0.0714,28,1,1,1,2,0.55,0.7,0.4387,NA,NA,NA,0.5685,1.2155,1.2155,0,15.1581,15.1581,84.7545,229.6724,1935,1935,"0.15,0.2,0.3,0.35,0.45",0,1.4142,0.15,0.85,NA,NA,NA,NA,NA,NA,NA,NA,NA,NA,NA,NA,NA,"15,20,30,35,45",61,NA,NA,NA,NA,NA,NA,NA,NA,NA
"Set_5dose_methods_prior","Set_5dose_methods_prior_SC6",6,"CRM","crm_alpha_crm",NA,NA,"alpha_crm",NA,0.3,0,0.0714,28,1,1,1,3,0.6,0.765,0.5383,NA,NA,NA,0.155,0.3333,0.3333,0,15.1581,15.1581,84.7545,229.6724,1935,1935,"0.15,0.2,0.3,0.35,0.45",0,1.4142,0.15,0.85,NA,NA,NA,NA,NA,NA,NA,NA,NA,NA,NA,NA,NA,"15,20,30,35,45",61,NA,NA,NA,NA,NA,NA,NA,NA,NA
"Set_5dose_methods_prior","Set_5dose_methods_prior_SC6",6,"CRM","crm_alpha_crm",NA,NA,"alpha_crm",NA,0.3,0,0.0714,28,1,1,1,4,0.65,0.83,0.5817,NA,NA,NA,0,0.0326,0.0326,0,15.1581,15.1581,84.7545,229.6724,1935,1935,"0.15,0.2,0.3,0.35,0.45",0,1.4142,0.15,0.85,NA,NA,NA,NA,NA,NA,NA,NA,NA,NA,NA,NA,NA,"15,20,30,35,45",61,NA,NA,NA,NA,NA,NA,NA,NA,NA
"Set_5dose_methods_prior","Set_5dose_methods_prior_SC6",6,"CRM","crm_alpha_crm",NA,NA,"alpha_crm",NA,0.3,0,0.0714,28,1,1,1,5,0.7,0.895,0.6607,NA,NA,NA,0,0.0047,0.0047,0,15.1581,15.1581,84.7545,229.6724,1935,1935,"0.15,0.2,0.3,0.35,0.45",0,1.4142,0.15,0.85,NA,NA,NA,NA,NA,NA,NA,NA,NA,NA,NA,NA,NA,"15,20,30,35,45",61,NA,NA,NA,NA,NA,NA,NA,NA,NA
"Set_5dose_methods_prior","Set_5dose_methods_prior_SC6",6,"CRM","crm_cumu_crm",NA,NA,"cumu_crm",NA,0.3,0,0.0714,28,1,1,1,1,0.5,0.5,0.3734,NA,NA,NA,25.8915,15.8264,15.8264,0,20.1116,20.1116,72.4031,299.022,1935,1935,"0.15,0.2,0.3,0.35,0.45",0,1.4142,0.15,0.85,NA,NA,NA,NA,NA,NA,NA,NA,NA,NA,NA,NA,NA,NA,NA,"15,20,30,35,45","0.62828086,0.83770782,1.25656172,1.46598868,1.88484259",-2.8,2,1,2.5,1.6,1,0
"Set_5dose_methods_prior","Set_5dose_methods_prior_SC6",6,"CRM","crm_cumu_crm",NA,NA,"cumu_crm",NA,0.3,0,0.0714,28,1,1,1,2,0.55,0.7,0.4804,NA,NA,NA,1.3437,3.6062,3.6062,0,20.1116,20.1116,72.4031,299.022,1935,1935,"0.15,0.2,0.3,0.35,0.45",0,1.4142,0.15,0.85,NA,NA,NA,NA,NA,NA,NA,NA,NA,NA,NA,NA,NA,NA,NA,"15,20,30,35,45","0.62828086,0.83770782,1.25656172,1.46598868,1.88484259",-2.8,2,1,2.5,1.6,1,0
"Set_5dose_methods_prior","Set_5dose_methods_prior_SC6",6,"CRM","crm_cumu_crm",NA,NA,"cumu_crm",NA,0.3,0,0.0714,28,1,1,1,3,0.6,0.765,0.6738,NA,NA,NA,0.3618,0.6047,0.6047,0,20.1116,20.1116,72.4031,299.022,1935,1935,"0.15,0.2,0.3,0.35,0.45",0,1.4142,0.15,0.85,NA,NA,NA,NA,NA,NA,NA,NA,NA,NA,NA,NA,NA,NA,NA,"15,20,30,35,45","0.62828086,0.83770782,1.25656172,1.46598868,1.88484259",-2.8,2,1,2.5,1.6,1,0
"Set_5dose_methods_prior","Set_5dose_methods_prior_SC6",6,"CRM","crm_cumu_crm",NA,NA,"cumu_crm",NA,0.3,0,0.0714,28,1,1,1,4,0.65,0.83,0.7453,NA,NA,NA,0,0.0636,0.0636,0,20.1116,20.1116,72.4031,299.022,1935,1935,"0.15,0.2,0.3,0.35,0.45",0,1.4142,0.15,0.85,NA,NA,NA,NA,NA,NA,NA,NA,NA,NA,NA,NA,NA,NA,NA,"15,20,30,35,45","0.62828086,0.83770782,1.25656172,1.46598868,1.88484259",-2.8,2,1,2.5,1.6,1,0
"Set_5dose_methods_prior","Set_5dose_methods_prior_SC6",6,"CRM","crm_cumu_crm",NA,NA,"cumu_crm",NA,0.3,0,0.0714,28,1,1,1,5,0.7,0.895,0.842,NA,NA,NA,0,0.0109,0.0109,0,20.1116,20.1116,72.4031,299.022,1935,1935,"0.15,0.2,0.3,0.35,0.45",0,1.4142,0.15,0.85,NA,NA,NA,NA,NA,NA,NA,NA,NA,NA,NA,NA,NA,NA,NA,"15,20,30,35,45","0.62828086,0.83770782,1.25656172,1.46598868,1.88484259",-2.8,2,1,2.5,1.6,1,0
"Set_5dose_methods_prior","Set_5dose_methods_prior_SC6",6,"CRM","crm_fixed",NA,NA,"fixed",NA,0.3,0,0.0714,28,2,1,1,1,0.5,0.5,0.3943,0,NA,NA,16.4341,14.0791,14.0791,0,15.1953,14.4067,83.5659,220.8217,1935,1935,"0.15,0.2,0.3,0.35,0.45",0,1.4142,0.15,0.85,NA,NA,NA,NA,NA,NA,NA,NA,NA,NA,NA,NA,NA,NA,NA,NA,NA,NA,NA,NA,NA,NA,NA,NA
"Set_5dose_methods_prior","Set_5dose_methods_prior_SC6",6,"CRM","crm_fixed",NA,NA,"fixed",NA,0.3,0,0.0714,28,2,1,1,2,0.55,0.7,0.4522,NA,NA,NA,0,0.9597,0.9597,0.7747,15.1953,14.4067,83.5659,220.8217,1935,1935,"0.15,0.2,0.3,0.35,0.45",0,1.4142,0.15,0.85,NA,NA,NA,NA,NA,NA,NA,NA,NA,NA,NA,NA,NA,NA,NA,NA,NA,NA,NA,NA,NA,NA,NA,NA
"Set_5dose_methods_prior","Set_5dose_methods_prior_SC6",6,"CRM","crm_fixed",NA,NA,"fixed",NA,0.3,0,0.0714,28,2,1,1,3,0.6,0.765,0.5499,NA,NA,NA,0,0.1519,0.1519,0.0098,15.1953,14.4067,83.5659,220.8217,1935,1935,"0.15,0.2,0.3,0.35,0.45",0,1.4142,0.15,0.85,NA,NA,NA,NA,NA,NA,NA,NA,NA,NA,NA,NA,NA,NA,NA,NA,NA,NA,NA,NA,NA,NA,NA,NA
"Set_5dose_methods_prior","Set_5dose_methods_prior_SC6",6,"CRM","crm_fixed",NA,NA,"fixed",NA,0.3,0,0.0714,28,2,1,1,4,0.65,0.83,0.5928,NA,NA,NA,0,0.0047,0.0047,0.0041,15.1953,14.4067,83.5659,220.8217,1935,1935,"0.15,0.2,0.3,0.35,0.45",0,1.4142,0.15,0.85,NA,NA,NA,NA,NA,NA,NA,NA,NA,NA,NA,NA,NA,NA,NA,NA,NA,NA,NA,NA,NA,NA,NA,NA
"Set_5dose_methods_prior","Set_5dose_methods_prior_SC6",6,"CRM","crm_fixed",NA,NA,"fixed",NA,0.3,0,0.0714,28,2,1,1,5,0.7,0.895,0.6706,NA,NA,NA,0,0,0,0,15.1953,14.4067,83.5659,220.8217,1935,1935,"0.15,0.2,0.3,0.35,0.45",0,1.4142,0.15,0.85,NA,NA,NA,NA,NA,NA,NA,NA,NA,NA,NA,NA,NA,NA,NA,NA,NA,NA,NA,NA,NA,NA,NA,NA
"Set_5dose_methods_prior","Set_5dose_methods_prior_SC6",6,"CRM","crm_level",NA,NA,"level",NA,0.3,0,0.0714,28,2,1,1,1,0.5,0.5,0.3906,NA,NA,NA,17.8295,13.8651,13.8651,0,15.5116,14.6284,82.1189,223.9488,1935,1935,"0.15,0.2,0.3,0.35,0.45",0,1.4142,0.15,0.85,NA,NA,NA,NA,NA,NA,NA,NA,NA,NA,NA,NA,NA,NA,NA,NA,NA,NA,NA,NA,NA,NA,NA,NA
"Set_5dose_methods_prior","Set_5dose_methods_prior_SC6",6,"CRM","crm_level",NA,NA,"level",NA,0.3,0,0.0714,28,2,1,1,2,0.55,0.7,0.4484,0.1444,NA,NA,0.0517,1.3023,1.3023,0.8367,15.5116,14.6284,82.1189,223.9488,1935,1935,"0.15,0.2,0.3,0.35,0.45",0,1.4142,0.15,0.85,NA,NA,NA,NA,NA,NA,NA,NA,NA,NA,NA,NA,NA,NA,NA,NA,NA,NA,NA,NA,NA,NA,NA,NA
"Set_5dose_methods_prior","Set_5dose_methods_prior_SC6",6,"CRM","crm_level",NA,NA,"level",NA,0.3,0,0.0714,28,2,1,1,3,0.6,0.765,0.5461,0.136,NA,NA,0,0.3209,0.3209,0.0315,15.5116,14.6284,82.1189,223.9488,1935,1935,"0.15,0.2,0.3,0.35,0.45",0,1.4142,0.15,0.85,NA,NA,NA,NA,NA,NA,NA,NA,NA,NA,NA,NA,NA,NA,NA,NA,NA,NA,NA,NA,NA,NA,NA,NA
"Set_5dose_methods_prior","Set_5dose_methods_prior_SC6",6,"CRM","crm_level",NA,NA,"level",NA,0.3,0,0.0714,28,2,1,1,4,0.65,0.83,0.5891,0.1491,NA,NA,0,0.0233,0.0233,0.015,15.5116,14.6284,82.1189,223.9488,1935,1935,"0.15,0.2,0.3,0.35,0.45",0,1.4142,0.15,0.85,NA,NA,NA,NA,NA,NA,NA,NA,NA,NA,NA,NA,NA,NA,NA,NA,NA,NA,NA,NA,NA,NA,NA,NA
"Set_5dose_methods_prior","Set_5dose_methods_prior_SC6",6,"CRM","crm_level",NA,NA,"level",NA,0.3,0,0.0714,28,2,1,1,5,0.7,0.895,0.6672,0.1499,NA,NA,0,0,0,0,15.5116,14.6284,82.1189,223.9488,1935,1935,"0.15,0.2,0.3,0.35,0.45",0,1.4142,0.15,0.85,NA,NA,NA,NA,NA,NA,NA,NA,NA,NA,NA,NA,NA,NA,NA,NA,NA,NA,NA,NA,NA,NA,NA,NA
"Set_5dose_methods_prior","Set_5dose_methods_prior_SC6",6,"CRM","crm_random",NA,NA,"random",NA,0.3,0,0.0714,28,2,1,1,1,0.5,0.5,0.3907,0.1084,NA,NA,17.6227,13.8357,13.8357,0,15.5101,14.6455,82.3256,224.5937,1935,1935,"0.15,0.2,0.3,0.35,0.45",0,1.4142,0.15,0.85,NA,NA,NA,NA,NA,NA,NA,NA,NA,NA,NA,NA,NA,NA,NA,NA,NA,NA,NA,NA,NA,NA,NA,NA
"Set_5dose_methods_prior","Set_5dose_methods_prior_SC6",6,"CRM","crm_random",NA,NA,"random",NA,0.3,0,0.0714,28,2,1,1,2,0.55,0.7,0.4485,NA,NA,NA,0,1.3085,1.3085,0.8238,15.5101,14.6455,82.3256,224.5937,1935,1935,"0.15,0.2,0.3,0.35,0.45",0,1.4142,0.15,0.85,NA,NA,NA,NA,NA,NA,NA,NA,NA,NA,NA,NA,NA,NA,NA,NA,NA,NA,NA,NA,NA,NA,NA,NA
"Set_5dose_methods_prior","Set_5dose_methods_prior_SC6",6,"CRM","crm_random",NA,NA,"random",NA,0.3,0,0.0714,28,2,1,1,3,0.6,0.765,0.5462,NA,NA,NA,0.0517,0.3318,0.3318,0.0253,15.5101,14.6455,82.3256,224.5937,1935,1935,"0.15,0.2,0.3,0.35,0.45",0,1.4142,0.15,0.85,NA,NA,NA,NA,NA,NA,NA,NA,NA,NA,NA,NA,NA,NA,NA,NA,NA,NA,NA,NA,NA,NA,NA,NA
"Set_5dose_methods_prior","Set_5dose_methods_prior_SC6",6,"CRM","crm_random",NA,NA,"random",NA,0.3,0,0.0714,28,2,1,1,4,0.65,0.83,0.5891,NA,NA,NA,0,0.0264,0.0264,0.0155,15.5101,14.6455,82.3256,224.5937,1935,1935,"0.15,0.2,0.3,0.35,0.45",0,1.4142,0.15,0.85,NA,NA,NA,NA,NA,NA,NA,NA,NA,NA,NA,NA,NA,NA,NA,NA,NA,NA,NA,NA,NA,NA,NA,NA
"Set_5dose_methods_prior","Set_5dose_methods_prior_SC6",6,"CRM","crm_random",NA,NA,"random",NA,0.3,0,0.0714,28,2,1,1,5,0.7,0.895,0.6672,NA,NA,NA,0,0.0078,0.0078,0,15.5101,14.6455,82.3256,224.5937,1935,1935,"0.15,0.2,0.3,0.35,0.45",0,1.4142,0.15,0.85,NA,NA,NA,NA,NA,NA,NA,NA,NA,NA,NA,NA,NA,NA,NA,NA,NA,NA,NA,NA,NA,NA,NA,NA
"Set_5dose_methods_prior","Set_5dose_methods_prior_SC6",6,"CRM","crm_alpha_crm",NA,NA,"alpha_crm",NA,0.3,0,0.0714,28,2,1,1,1,0.5,0.5,0.3827,NA,NA,NA,14.1085,13.7039,13.7039,0,15.124,14.3142,85.7364,219.7693,1935,1935,"0.15,0.2,0.3,0.35,0.45",0,1.4142,0.15,0.85,NA,NA,NA,NA,NA,NA,NA,NA,NA,NA,NA,NA,NA,"15,20,30,35,45",61,NA,NA,NA,NA,NA,NA,NA,NA,NA
"Set_5dose_methods_prior","Set_5dose_methods_prior_SC6",6,"CRM","crm_alpha_crm",NA,NA,"alpha_crm",NA,0.3,0,0.0714,28,2,1,1,2,0.55,0.7,0.4407,NA,NA,NA,0.155,1.2233,1.2233,0.7638,15.124,14.3142,85.7364,219.7693,1935,1935,"0.15,0.2,0.3,0.35,0.45",0,1.4142,0.15,0.85,NA,NA,NA,NA,NA,NA,NA,NA,NA,NA,NA,NA,NA,"15,20,30,35,45",61,NA,NA,NA,NA,NA,NA,NA,NA,NA
"Set_5dose_methods_prior","Set_5dose_methods_prior_SC6",6,"CRM","crm_alpha_crm",NA,NA,"alpha_crm",NA,0.3,0,0.0714,28,2,1,1,3,0.6,0.765,0.5393,NA,NA,NA,0,0.1891,0.1891,0.0408,15.124,14.3142,85.7364,219.7693,1935,1935,"0.15,0.2,0.3,0.35,0.45",0,1.4142,0.15,0.85,NA,NA,NA,NA,NA,NA,NA,NA,NA,NA,NA,NA,NA,"15,20,30,35,45",61,NA,NA,NA,NA,NA,NA,NA,NA,NA
"Set_5dose_methods_prior","Set_5dose_methods_prior_SC6",6,"CRM","crm_alpha_crm",NA,NA,"alpha_crm",NA,0.3,0,0.0714,28,2,1,1,4,0.65,0.83,0.5828,NA,NA,NA,0,0.0078,0.0078,0.0052,15.124,14.3142,85.7364,219.7693,1935,1935,"0.15,0.2,0.3,0.35,0.45",0,1.4142,0.15,0.85,NA,NA,NA,NA,NA,NA,NA,NA,NA,NA,NA,NA,NA,"15,20,30,35,45",61,NA,NA,NA,NA,NA,NA,NA,NA,NA
"Set_5dose_methods_prior","Set_5dose_methods_prior_SC6",6,"CRM","crm_alpha_crm",NA,NA,"alpha_crm",NA,0.3,0,0.0714,28,2,1,1,5,0.7,0.895,0.6619,NA,NA,NA,0,0,0,0,15.124,14.3142,85.7364,219.7693,1935,1935,"0.15,0.2,0.3,0.35,0.45",0,1.4142,0.15,0.85,NA,NA,NA,NA,NA,NA,NA,NA,NA,NA,NA,NA,NA,"15,20,30,35,45",61,NA,NA,NA,NA,NA,NA,NA,NA,NA
"Set_5dose_methods_prior","Set_5dose_methods_prior_SC6",6,"CRM","crm_cumu_crm",NA,NA,"cumu_crm",NA,0.3,0,0.0714,28,2,1,1,1,0.5,0.5,0.3737,NA,NA,NA,26.0465,16.1395,16.1395,0,20.1271,18.3814,72.5581,277.1372,1935,1935,"0.15,0.2,0.3,0.35,0.45",0,1.4142,0.15,0.85,NA,NA,NA,NA,NA,NA,NA,NA,NA,NA,NA,NA,NA,NA,NA,"15,20,30,35,45","0.62828086,0.83770782,1.25656172,1.46598868,1.88484259",-2.8,2,1,2.5,1.6,1,0
"Set_5dose_methods_prior","Set_5dose_methods_prior_SC6",6,"CRM","crm_cumu_crm",NA,NA,"cumu_crm",NA,0.3,0,0.0714,28,2,1,1,2,0.55,0.7,0.4816,NA,NA,NA,1.292,3.5643,3.5643,1.616,20.1271,18.3814,72.5581,277.1372,1935,1935,"0.15,0.2,0.3,0.35,0.45",0,1.4142,0.15,0.85,NA,NA,NA,NA,NA,NA,NA,NA,NA,NA,NA,NA,NA,NA,NA,"15,20,30,35,45","0.62828086,0.83770782,1.25656172,1.46598868,1.88484259",-2.8,2,1,2.5,1.6,1,0
"Set_5dose_methods_prior","Set_5dose_methods_prior_SC6",6,"CRM","crm_cumu_crm",NA,NA,"cumu_crm",NA,0.3,0,0.0714,28,2,1,1,3,0.6,0.765,0.6753,NA,NA,NA,0.1034,0.3612,0.3612,0.108,20.1271,18.3814,72.5581,277.1372,1935,1935,"0.15,0.2,0.3,0.35,0.45",0,1.4142,0.15,0.85,NA,NA,NA,NA,NA,NA,NA,NA,NA,NA,NA,NA,NA,NA,NA,"15,20,30,35,45","0.62828086,0.83770782,1.25656172,1.46598868,1.88484259",-2.8,2,1,2.5,1.6,1,0
"Set_5dose_methods_prior","Set_5dose_methods_prior_SC6",6,"CRM","crm_cumu_crm",NA,NA,"cumu_crm",NA,0.3,0,0.0714,28,2,1,1,4,0.65,0.83,0.7465,NA,NA,NA,0,0.0543,0.0543,0.0191,20.1271,18.3814,72.5581,277.1372,1935,1935,"0.15,0.2,0.3,0.35,0.45",0,1.4142,0.15,0.85,NA,NA,NA,NA,NA,NA,NA,NA,NA,NA,NA,NA,NA,NA,NA,"15,20,30,35,45","0.62828086,0.83770782,1.25656172,1.46598868,1.88484259",-2.8,2,1,2.5,1.6,1,0
"Set_5dose_methods_prior","Set_5dose_methods_prior_SC6",6,"CRM","crm_cumu_crm",NA,NA,"cumu_crm",NA,0.3,0,0.0714,28,2,1,1,5,0.7,0.895,0.8424,NA,NA,NA,0,0.0078,0.0078,0.0026,20.1271,18.3814,72.5581,277.1372,1935,1935,"0.15,0.2,0.3,0.35,0.45",0,1.4142,0.15,0.85,NA,NA,NA,NA,NA,NA,NA,NA,NA,NA,NA,NA,NA,NA,NA,"15,20,30,35,45","0.62828086,0.83770782,1.25656172,1.46598868,1.88484259",-2.8,2,1,2.5,1.6,1,0
"Set_5dose_methods_prior","Set_5dose_methods_prior_SC6",6,"CRM","crm_fixed",NA,NA,"fixed",NA,0.3,0,0.0714,28,3,1,1,1,0.5,0.5,0.3963,0,NA,NA,16.6925,14.1519,14.1519,0,15.2419,14.3855,83.3075,221.1525,1935,1935,"0.15,0.2,0.3,0.35,0.45",0,1.4142,0.15,0.85,NA,NA,NA,NA,NA,NA,NA,NA,NA,NA,NA,NA,NA,NA,NA,NA,NA,NA,NA,NA,NA,NA,NA,NA
"Set_5dose_methods_prior","Set_5dose_methods_prior_SC6",6,"CRM","crm_fixed",NA,NA,"fixed",NA,0.3,0,0.0714,28,3,1,1,2,0.55,0.7,0.4542,NA,NA,NA,0,0.9519,0.9519,0.7731,15.2419,14.3855,83.3075,221.1525,1935,1935,"0.15,0.2,0.3,0.35,0.45",0,1.4142,0.15,0.85,NA,NA,NA,NA,NA,NA,NA,NA,NA,NA,NA,NA,NA,NA,NA,NA,NA,NA,NA,NA,NA,NA,NA,NA
"Set_5dose_methods_prior","Set_5dose_methods_prior_SC6",6,"CRM","crm_fixed",NA,NA,"fixed",NA,0.3,0,0.0714,28,3,1,1,3,0.6,0.765,0.5517,NA,NA,NA,0,0.138,0.138,0.0832,15.2419,14.3855,83.3075,221.1525,1935,1935,"0.15,0.2,0.3,0.35,0.45",0,1.4142,0.15,0.85,NA,NA,NA,NA,NA,NA,NA,NA,NA,NA,NA,NA,NA,NA,NA,NA,NA,NA,NA,NA,NA,NA,NA,NA
"Set_5dose_methods_prior","Set_5dose_methods_prior_SC6",6,"CRM","crm_fixed",NA,NA,"fixed",NA,0.3,0,0.0714,28,3,1,1,4,0.65,0.83,0.5944,NA,NA,NA,0,0,0,0,15.2419,14.3855,83.3075,221.1525,1935,1935,"0.15,0.2,0.3,0.35,0.45",0,1.4142,0.15,0.85,NA,NA,NA,NA,NA,NA,NA,NA,NA,NA,NA,NA,NA,NA,NA,NA,NA,NA,NA,NA,NA,NA,NA,NA
"Set_5dose_methods_prior","Set_5dose_methods_prior_SC6",6,"CRM","crm_fixed",NA,NA,"fixed",NA,0.3,0,0.0714,28,3,1,1,5,0.7,0.895,0.672,NA,NA,NA,0,0,0,0,15.2419,14.3855,83.3075,221.1525,1935,1935,"0.15,0.2,0.3,0.35,0.45",0,1.4142,0.15,0.85,NA,NA,NA,NA,NA,NA,NA,NA,NA,NA,NA,NA,NA,NA,NA,NA,NA,NA,NA,NA,NA,NA,NA,NA
"Set_5dose_methods_prior","Set_5dose_methods_prior_SC6",6,"CRM","crm_level",NA,NA,"level",NA,0.3,0,0.0714,28,3,1,1,1,0.5,0.5,0.3926,NA,NA,NA,17.1576,13.845,13.845,0,15.4729,14.5189,82.584,223.514,1935,1935,"0.15,0.2,0.3,0.35,0.45",0,1.4142,0.15,0.85,NA,NA,NA,NA,NA,NA,NA,NA,NA,NA,NA,NA,NA,NA,NA,NA,NA,NA,NA,NA,NA,NA,NA,NA
"Set_5dose_methods_prior","Set_5dose_methods_prior_SC6",6,"CRM","crm_level",NA,NA,"level",NA,0.3,0,0.0714,28,3,1,1,2,0.55,0.7,0.4503,0.1427,NA,NA,0.2584,1.2729,1.2729,0.8072,15.4729,14.5189,82.584,223.514,1935,1935,"0.15,0.2,0.3,0.35,0.45",0,1.4142,0.15,0.85,NA,NA,NA,NA,NA,NA,NA,NA,NA,NA,NA,NA,NA,NA,NA,NA,NA,NA,NA,NA,NA,NA,NA,NA
"Set_5dose_methods_prior","Set_5dose_methods_prior_SC6",6,"CRM","crm_level",NA,NA,"level",NA,0.3,0,0.0714,28,3,1,1,3,0.6,0.765,0.5478,0.1384,NA,NA,0,0.3333,0.3333,0.1411,15.4729,14.5189,82.584,223.514,1935,1935,"0.15,0.2,0.3,0.35,0.45",0,1.4142,0.15,0.85,NA,NA,NA,NA,NA,NA,NA,NA,NA,NA,NA,NA,NA,NA,NA,NA,NA,NA,NA,NA,NA,NA,NA,NA
"Set_5dose_methods_prior","Set_5dose_methods_prior_SC6",6,"CRM","crm_level",NA,NA,"level",NA,0.3,0,0.0714,28,3,1,1,4,0.65,0.83,0.5907,0.1476,NA,NA,0,0.0217,0.0217,0.0057,15.4729,14.5189,82.584,223.514,1935,1935,"0.15,0.2,0.3,0.35,0.45",0,1.4142,0.15,0.85,NA,NA,NA,NA,NA,NA,NA,NA,NA,NA,NA,NA,NA,NA,NA,NA,NA,NA,NA,NA,NA,NA,NA,NA
"Set_5dose_methods_prior","Set_5dose_methods_prior_SC6",6,"CRM","crm_level",NA,NA,"level",NA,0.3,0,0.0714,28,3,1,1,5,0.7,0.895,0.6685,0.1498,NA,NA,0,0,0,0,15.4729,14.5189,82.584,223.514,1935,1935,"0.15,0.2,0.3,0.35,0.45",0,1.4142,0.15,0.85,NA,NA,NA,NA,NA,NA,NA,NA,NA,NA,NA,NA,NA,NA,NA,NA,NA,NA,NA,NA,NA,NA,NA,NA
"Set_5dose_methods_prior","Set_5dose_methods_prior_SC6",6,"CRM","crm_random",NA,NA,"random",NA,0.3,0,0.0714,28,3,1,1,1,0.5,0.5,0.3911,0.111,NA,NA,17.5711,13.9147,13.9147,0,15.5674,14.5891,82.1705,224.2842,1935,1935,"0.15,0.2,0.3,0.35,0.45",0,1.4142,0.15,0.85,NA,NA,NA,NA,NA,NA,NA,NA,NA,NA,NA,NA,NA,NA,NA,NA,NA,NA,NA,NA,NA,NA,NA,NA
"Set_5dose_methods_prior","Set_5dose_methods_prior_SC6",6,"CRM","crm_random",NA,NA,"random",NA,0.3,0,0.0714,28,3,1,1,2,0.55,0.7,0.4488,NA,NA,NA,0.2584,1.2667,1.2667,0.8114,15.5674,14.5891,82.1705,224.2842,1935,1935,"0.15,0.2,0.3,0.35,0.45",0,1.4142,0.15,0.85,NA,NA,NA,NA,NA,NA,NA,NA,NA,NA,NA,NA,NA,NA,NA,NA,NA,NA,NA,NA,NA,NA,NA,NA
"Set_5dose_methods_prior","Set_5dose_methods_prior_SC6",6,"CRM","crm_random",NA,NA,"random",NA,0.3,0,0.0714,28,3,1,1,3,0.6,0.765,0.5464,NA,NA,NA,0,0.3318,0.3318,0.1447,15.5674,14.5891,82.1705,224.2842,1935,1935,"0.15,0.2,0.3,0.35,0.45",0,1.4142,0.15,0.85,NA,NA,NA,NA,NA,NA,NA,NA,NA,NA,NA,NA,NA,NA,NA,NA,NA,NA,NA,NA,NA,NA,NA,NA
"Set_5dose_methods_prior","Set_5dose_methods_prior_SC6",6,"CRM","crm_random",NA,NA,"random",NA,0.3,0,0.0714,28,3,1,1,4,0.65,0.83,0.5893,NA,NA,NA,0,0.0512,0.0512,0.0202,15.5674,14.5891,82.1705,224.2842,1935,1935,"0.15,0.2,0.3,0.35,0.45",0,1.4142,0.15,0.85,NA,NA,NA,NA,NA,NA,NA,NA,NA,NA,NA,NA,NA,NA,NA,NA,NA,NA,NA,NA,NA,NA,NA,NA
"Set_5dose_methods_prior","Set_5dose_methods_prior_SC6",6,"CRM","crm_random",NA,NA,"random",NA,0.3,0,0.0714,28,3,1,1,5,0.7,0.895,0.6673,NA,NA,NA,0,0.0031,0.0031,0.0021,15.5674,14.5891,82.1705,224.2842,1935,1935,"0.15,0.2,0.3,0.35,0.45",0,1.4142,0.15,0.85,NA,NA,NA,NA,NA,NA,NA,NA,NA,NA,NA,NA,NA,NA,NA,NA,NA,NA,NA,NA,NA,NA,NA,NA
"Set_5dose_methods_prior","Set_5dose_methods_prior_SC6",6,"CRM","crm_alpha_crm",NA,NA,"alpha_crm",NA,0.3,0,0.0714,28,3,1,1,1,0.5,0.5,0.385,NA,NA,NA,14.2119,13.707,13.707,0,15.124,14.2491,85.7364,219.0919,1935,1935,"0.15,0.2,0.3,0.35,0.45",0,1.4142,0.15,0.85,NA,NA,NA,NA,NA,NA,NA,NA,NA,NA,NA,NA,NA,"15,20,30,35,45",61,NA,NA,NA,NA,NA,NA,NA,NA,NA
"Set_5dose_methods_prior","Set_5dose_methods_prior_SC6",6,"CRM","crm_alpha_crm",NA,NA,"alpha_crm",NA,0.3,0,0.0714,28,3,1,1,2,0.55,0.7,0.4431,NA,NA,NA,0.0517,1.1891,1.1891,0.7581,15.124,14.2491,85.7364,219.0919,1935,1935,"0.15,0.2,0.3,0.35,0.45",0,1.4142,0.15,0.85,NA,NA,NA,NA,NA,NA,NA,NA,NA,NA,NA,NA,NA,"15,20,30,35,45",61,NA,NA,NA,NA,NA,NA,NA,NA,NA
"Set_5dose_methods_prior","Set_5dose_methods_prior_SC6",6,"CRM","crm_alpha_crm",NA,NA,"alpha_crm",NA,0.3,0,0.0714,28,3,1,1,3,0.6,0.765,0.5416,NA,NA,NA,0,0.2078,0.2078,0.1137,15.124,14.2491,85.7364,219.0919,1935,1935,"0.15,0.2,0.3,0.35,0.45",0,1.4142,0.15,0.85,NA,NA,NA,NA,NA,NA,NA,NA,NA,NA,NA,NA,NA,"15,20,30,35,45",61,NA,NA,NA,NA,NA,NA,NA,NA,NA
"Set_5dose_methods_prior","Set_5dose_methods_prior_SC6",6,"CRM","crm_alpha_crm",NA,NA,"alpha_crm",NA,0.3,0,0.0714,28,3,1,1,4,0.65,0.83,0.5848,NA,NA,NA,0,0.0202,0.0202,0.0031,15.124,14.2491,85.7364,219.0919,1935,1935,"0.15,0.2,0.3,0.35,0.45",0,1.4142,0.15,0.85,NA,NA,NA,NA,NA,NA,NA,NA,NA,NA,NA,NA,NA,"15,20,30,35,45",61,NA,NA,NA,NA,NA,NA,NA,NA,NA
"Set_5dose_methods_prior","Set_5dose_methods_prior_SC6",6,"CRM","crm_alpha_crm",NA,NA,"alpha_crm",NA,0.3,0,0.0714,28,3,1,1,5,0.7,0.895,0.6637,NA,NA,NA,0,0,0,0,15.124,14.2491,85.7364,219.0919,1935,1935,"0.15,0.2,0.3,0.35,0.45",0,1.4142,0.15,0.85,NA,NA,NA,NA,NA,NA,NA,NA,NA,NA,NA,NA,NA,"15,20,30,35,45",61,NA,NA,NA,NA,NA,NA,NA,NA,NA
"Set_5dose_methods_prior","Set_5dose_methods_prior_SC6",6,"CRM","crm_cumu_crm",NA,NA,"cumu_crm",NA,0.3,0,0.0714,28,3,1,1,1,0.5,0.5,0.3726,NA,NA,NA,26.0465,16.0837,16.0837,0,20.124,18.2305,72.4031,275.5036,1935,1935,"0.15,0.2,0.3,0.35,0.45",0,1.4142,0.15,0.85,NA,NA,NA,NA,NA,NA,NA,NA,NA,NA,NA,NA,NA,NA,NA,"15,20,30,35,45","0.62828086,0.83770782,1.25656172,1.46598868,1.88484259",-2.8,2,1,2.5,1.6,1,0
"Set_5dose_methods_prior","Set_5dose_methods_prior_SC6",6,"CRM","crm_cumu_crm",NA,NA,"cumu_crm",NA,0.3,0,0.0714,28,3,1,1,2,0.55,0.7,0.4803,NA,NA,NA,1.3953,3.4791,3.4791,1.6145,20.124,18.2305,72.4031,275.5036,1935,1935,"0.15,0.2,0.3,0.35,0.45",0,1.4142,0.15,0.85,NA,NA,NA,NA,NA,NA,NA,NA,NA,NA,NA,NA,NA,NA,NA,"15,20,30,35,45","0.62828086,0.83770782,1.25656172,1.46598868,1.88484259",-2.8,2,1,2.5,1.6,1,0
"Set_5dose_methods_prior","Set_5dose_methods_prior_SC6",6,"CRM","crm_cumu_crm",NA,NA,"cumu_crm",NA,0.3,0,0.0714,28,3,1,1,3,0.6,0.765,0.6741,NA,NA,NA,0.1034,0.462,0.462,0.2512,20.124,18.2305,72.4031,275.5036,1935,1935,"0.15,0.2,0.3,0.35,0.45",0,1.4142,0.15,0.85,NA,NA,NA,NA,NA,NA,NA,NA,NA,NA,NA,NA,NA,NA,NA,"15,20,30,35,45","0.62828086,0.83770782,1.25656172,1.46598868,1.88484259",-2.8,2,1,2.5,1.6,1,0
"Set_5dose_methods_prior","Set_5dose_methods_prior_SC6",6,"CRM","crm_cumu_crm",NA,NA,"cumu_crm",NA,0.3,0,0.0714,28,3,1,1,4,0.65,0.83,0.7455,NA,NA,NA,0.0517,0.0853,0.0853,0.0207,20.124,18.2305,72.4031,275.5036,1935,1935,"0.15,0.2,0.3,0.35,0.45",0,1.4142,0.15,0.85,NA,NA,NA,NA,NA,NA,NA,NA,NA,NA,NA,NA,NA,NA,NA,"15,20,30,35,45","0.62828086,0.83770782,1.25656172,1.46598868,1.88484259",-2.8,2,1,2.5,1.6,1,0
"Set_5dose_methods_prior","Set_5dose_methods_prior_SC6",6,"CRM","crm_cumu_crm",NA,NA,"cumu_crm",NA,0.3,0,0.0714,28,3,1,1,5,0.7,0.895,0.8417,NA,NA,NA,0,0.014,0.014,0.0072,20.124,18.2305,72.4031,275.5036,1935,1935,"0.15,0.2,0.3,0.35,0.45",0,1.4142,0.15,0.85,NA,NA,NA,NA,NA,NA,NA,NA,NA,NA,NA,NA,NA,NA,NA,"15,20,30,35,45","0.62828086,0.83770782,1.25656172,1.46598868,1.88484259",-2.8,2,1,2.5,1.6,1,0
"Set_5dose_methods_prior","Set_5dose_methods_prior_SC6",6,"CRM","crm_fixed",NA,NA,"fixed",NA,0.6,0,0.0714,28,1,1,1,1,0.5,0.5,0.3878,0,NA,NA,17.6744,13.8729,13.8729,0,15.4496,15.4496,81.6537,233.8297,1935,1935,"0.15,0.2,0.3,0.35,0.45",0,1.4142,0.15,0.85,NA,NA,NA,NA,NA,NA,NA,NA,NA,NA,NA,NA,NA,NA,NA,NA,NA,NA,NA,NA,NA,NA,NA,NA
"Set_5dose_methods_prior","Set_5dose_methods_prior_SC6",6,"CRM","crm_fixed",NA,NA,"fixed",NA,0.6,0,0.0714,28,1,1,1,2,0.55,0.85,0.4456,NA,NA,NA,0.5168,1.2062,1.2062,0,15.4496,15.4496,81.6537,233.8297,1935,1935,"0.15,0.2,0.3,0.35,0.45",0,1.4142,0.15,0.85,NA,NA,NA,NA,NA,NA,NA,NA,NA,NA,NA,NA,NA,NA,NA,NA,NA,NA,NA,NA,NA,NA,NA,NA
"Set_5dose_methods_prior","Set_5dose_methods_prior_SC6",6,"CRM","crm_fixed",NA,NA,"fixed",NA,0.6,0,0.0714,28,1,1,1,3,0.6,0.93,0.5435,NA,NA,NA,0.155,0.3318,0.3318,0,15.4496,15.4496,81.6537,233.8297,1935,1935,"0.15,0.2,0.3,0.35,0.45",0,1.4142,0.15,0.85,NA,NA,NA,NA,NA,NA,NA,NA,NA,NA,NA,NA,NA,NA,NA,NA,NA,NA,NA,NA,NA,NA,NA,NA
"Set_5dose_methods_prior","Set_5dose_methods_prior_SC6",6,"CRM","crm_fixed",NA,NA,"fixed",NA,0.6,0,0.0714,28,1,1,1,4,0.65,1,0.5866,NA,NA,NA,0,0.0341,0.0341,0,15.4496,15.4496,81.6537,233.8297,1935,1935,"0.15,0.2,0.3,0.35,0.45",0,1.4142,0.15,0.85,NA,NA,NA,NA,NA,NA,NA,NA,NA,NA,NA,NA,NA,NA,NA,NA,NA,NA,NA,NA,NA,NA,NA,NA
"Set_5dose_methods_prior","Set_5dose_methods_prior_SC6",6,"CRM","crm_fixed",NA,NA,"fixed",NA,0.6,0,0.0714,28,1,1,1,5,0.7,1,0.665,NA,NA,NA,0,0.0047,0.0047,0,15.4496,15.4496,81.6537,233.8297,1935,1935,"0.15,0.2,0.3,0.35,0.45",0,1.4142,0.15,0.85,NA,NA,NA,NA,NA,NA,NA,NA,NA,NA,NA,NA,NA,NA,NA,NA,NA,NA,NA,NA,NA,NA,NA,NA
"Set_5dose_methods_prior","Set_5dose_methods_prior_SC6",6,"CRM","crm_level",NA,NA,"level",NA,0.6,0,0.0714,28,1,1,1,1,0.5,0.5,0.388,NA,NA,NA,17.5711,13.9209,13.9209,0,15.4961,15.4961,81.8088,234.3932,1935,1935,"0.15,0.2,0.3,0.35,0.45",0,1.4142,0.15,0.85,NA,NA,NA,NA,NA,NA,NA,NA,NA,NA,NA,NA,NA,NA,NA,NA,NA,NA,NA,NA,NA,NA,NA,NA
"Set_5dose_methods_prior","Set_5dose_methods_prior_SC6",6,"CRM","crm_level",NA,NA,"level",NA,0.6,0,0.0714,28,1,1,1,2,0.55,0.85,0.4458,0.107,NA,NA,0.4651,1.2031,1.2031,0,15.4961,15.4961,81.8088,234.3932,1935,1935,"0.15,0.2,0.3,0.35,0.45",0,1.4142,0.15,0.85,NA,NA,NA,NA,NA,NA,NA,NA,NA,NA,NA,NA,NA,NA,NA,NA,NA,NA,NA,NA,NA,NA,NA,NA
"Set_5dose_methods_prior","Set_5dose_methods_prior_SC6",6,"CRM","crm_level",NA,NA,"level",NA,0.6,0,0.0714,28,1,1,1,3,0.6,0.93,0.5437,0.1363,NA,NA,0.155,0.3333,0.3333,0,15.4961,15.4961,81.8088,234.3932,1935,1935,"0.15,0.2,0.3,0.35,0.45",0,1.4142,0.15,0.85,NA,NA,NA,NA,NA,NA,NA,NA,NA,NA,NA,NA,NA,NA,NA,NA,NA,NA,NA,NA,NA,NA,NA,NA
"Set_5dose_methods_prior","Set_5dose_methods_prior_SC6",6,"CRM","crm_level",NA,NA,"level",NA,0.6,0,0.0714,28,1,1,1,4,0.65,1,0.5868,0.147,NA,NA,0,0.0341,0.0341,0,15.4961,15.4961,81.8088,234.3932,1935,1935,"0.15,0.2,0.3,0.35,0.45",0,1.4142,0.15,0.85,NA,NA,NA,NA,NA,NA,NA,NA,NA,NA,NA,NA,NA,NA,NA,NA,NA,NA,NA,NA,NA,NA,NA,NA
"Set_5dose_methods_prior","Set_5dose_methods_prior_SC6",6,"CRM","crm_level",NA,NA,"level",NA,0.6,0,0.0714,28,1,1,1,5,0.7,1,0.6653,0.1495,NA,NA,0,0.0047,0.0047,0,15.4961,15.4961,81.8088,234.3932,1935,1935,"0.15,0.2,0.3,0.35,0.45",0,1.4142,0.15,0.85,NA,NA,NA,NA,NA,NA,NA,NA,NA,NA,NA,NA,NA,NA,NA,NA,NA,NA,NA,NA,NA,NA,NA,NA
"Set_5dose_methods_prior","Set_5dose_methods_prior_SC6",6,"CRM","crm_random",NA,NA,"random",NA,0.6,0,0.0714,28,1,1,1,1,0.5,0.5,0.3871,0.0821,NA,NA,17.6744,13.9085,13.9085,0,15.4853,15.4853,81.6537,234.2817,1935,1935,"0.15,0.2,0.3,0.35,0.45",0,1.4142,0.15,0.85,NA,NA,NA,NA,NA,NA,NA,NA,NA,NA,NA,NA,NA,NA,NA,NA,NA,NA,NA,NA,NA,NA,NA,NA
"Set_5dose_methods_prior","Set_5dose_methods_prior_SC6",6,"CRM","crm_random",NA,NA,"random",NA,0.6,0,0.0714,28,1,1,1,2,0.55,0.85,0.4449,NA,NA,NA,0.5168,1.2062,1.2062,0,15.4853,15.4853,81.6537,234.2817,1935,1935,"0.15,0.2,0.3,0.35,0.45",0,1.4142,0.15,0.85,NA,NA,NA,NA,NA,NA,NA,NA,NA,NA,NA,NA,NA,NA,NA,NA,NA,NA,NA,NA,NA,NA,NA,NA
"Set_5dose_methods_prior","Set_5dose_methods_prior_SC6",6,"CRM","crm_random",NA,NA,"random",NA,0.6,0,0.0714,28,1,1,1,3,0.6,0.93,0.5428,NA,NA,NA,0.155,0.3333,0.3333,0,15.4853,15.4853,81.6537,234.2817,1935,1935,"0.15,0.2,0.3,0.35,0.45",0,1.4142,0.15,0.85,NA,NA,NA,NA,NA,NA,NA,NA,NA,NA,NA,NA,NA,NA,NA,NA,NA,NA,NA,NA,NA,NA,NA,NA
"Set_5dose_methods_prior","Set_5dose_methods_prior_SC6",6,"CRM","crm_random",NA,NA,"random",NA,0.6,0,0.0714,28,1,1,1,4,0.65,1,0.586,NA,NA,NA,0,0.0326,0.0326,0,15.4853,15.4853,81.6537,234.2817,1935,1935,"0.15,0.2,0.3,0.35,0.45",0,1.4142,0.15,0.85,NA,NA,NA,NA,NA,NA,NA,NA,NA,NA,NA,NA,NA,NA,NA,NA,NA,NA,NA,NA,NA,NA,NA,NA
"Set_5dose_methods_prior","Set_5dose_methods_prior_SC6",6,"CRM","crm_random",NA,NA,"random",NA,0.6,0,0.0714,28,1,1,1,5,0.7,1,0.6645,NA,NA,NA,0,0.0047,0.0047,0,15.4853,15.4853,81.6537,234.2817,1935,1935,"0.15,0.2,0.3,0.35,0.45",0,1.4142,0.15,0.85,NA,NA,NA,NA,NA,NA,NA,NA,NA,NA,NA,NA,NA,NA,NA,NA,NA,NA,NA,NA,NA,NA,NA,NA
"Set_5dose_methods_prior","Set_5dose_methods_prior_SC6",6,"CRM","crm_alpha_crm",NA,NA,"alpha_crm",NA,0.6,0,0.0714,28,1,1,1,1,0.5,0.5,0.381,NA,NA,NA,14.522,13.5721,13.5721,0,15.1581,15.1581,84.7545,229.6724,1935,1935,"0.15,0.2,0.3,0.35,0.45",0,1.4142,0.15,0.85,NA,NA,NA,NA,NA,NA,NA,NA,NA,NA,NA,NA,NA,"15,20,30,35,45",61,NA,NA,NA,NA,NA,NA,NA,NA,NA
"Set_5dose_methods_prior","Set_5dose_methods_prior_SC6",6,"CRM","crm_alpha_crm",NA,NA,"alpha_crm",NA,0.6,0,0.0714,28,1,1,1,2,0.55,0.85,0.4387,NA,NA,NA,0.5685,1.2155,1.2155,0,15.1581,15.1581,84.7545,229.6724,1935,1935,"0.15,0.2,0.3,0.35,0.45",0,1.4142,0.15,0.85,NA,NA,NA,NA,NA,NA,NA,NA,NA,NA,NA,NA,NA,"15,20,30,35,45",61,NA,NA,NA,NA,NA,NA,NA,NA,NA
"Set_5dose_methods_prior","Set_5dose_methods_prior_SC6",6,"CRM","crm_alpha_crm",NA,NA,"alpha_crm",NA,0.6,0,0.0714,28,1,1,1,3,0.6,0.93,0.5383,NA,NA,NA,0.155,0.3333,0.3333,0,15.1581,15.1581,84.7545,229.6724,1935,1935,"0.15,0.2,0.3,0.35,0.45",0,1.4142,0.15,0.85,NA,NA,NA,NA,NA,NA,NA,NA,NA,NA,NA,NA,NA,"15,20,30,35,45",61,NA,NA,NA,NA,NA,NA,NA,NA,NA
"Set_5dose_methods_prior","Set_5dose_methods_prior_SC6",6,"CRM","crm_alpha_crm",NA,NA,"alpha_crm",NA,0.6,0,0.0714,28,1,1,1,4,0.65,1,0.5817,NA,NA,NA,0,0.0326,0.0326,0,15.1581,15.1581,84.7545,229.6724,1935,1935,"0.15,0.2,0.3,0.35,0.45",0,1.4142,0.15,0.85,NA,NA,NA,NA,NA,NA,NA,NA,NA,NA,NA,NA,NA,"15,20,30,35,45",61,NA,NA,NA,NA,NA,NA,NA,NA,NA
"Set_5dose_methods_prior","Set_5dose_methods_prior_SC6",6,"CRM","crm_alpha_crm",NA,NA,"alpha_crm",NA,0.6,0,0.0714,28,1,1,1,5,0.7,1,0.6607,NA,NA,NA,0,0.0047,0.0047,0,15.1581,15.1581,84.7545,229.6724,1935,1935,"0.15,0.2,0.3,0.35,0.45",0,1.4142,0.15,0.85,NA,NA,NA,NA,NA,NA,NA,NA,NA,NA,NA,NA,NA,"15,20,30,35,45",61,NA,NA,NA,NA,NA,NA,NA,NA,NA
"Set_5dose_methods_prior","Set_5dose_methods_prior_SC6",6,"CRM","crm_cumu_crm",NA,NA,"cumu_crm",NA,0.6,0,0.0714,28,1,1,1,1,0.5,0.5,0.3731,NA,NA,NA,26.3049,15.876,15.876,0,20.1721,20.1721,71.9897,299.9911,1935,1935,"0.15,0.2,0.3,0.35,0.45",0,1.4142,0.15,0.85,NA,NA,NA,NA,NA,NA,NA,NA,NA,NA,NA,NA,NA,NA,NA,"15,20,30,35,45","0.62828086,0.83770782,1.25656172,1.46598868,1.88484259",-2.8,2,1,2.5,1.6,1,0
"Set_5dose_methods_prior","Set_5dose_methods_prior_SC6",6,"CRM","crm_cumu_crm",NA,NA,"cumu_crm",NA,0.6,0,0.0714,28,1,1,1,2,0.55,0.85,0.4803,NA,NA,NA,1.3953,3.6264,3.6264,0,20.1721,20.1721,71.9897,299.9911,1935,1935,"0.15,0.2,0.3,0.35,0.45",0,1.4142,0.15,0.85,NA,NA,NA,NA,NA,NA,NA,NA,NA,NA,NA,NA,NA,NA,NA,"15,20,30,35,45","0.62828086,0.83770782,1.25656172,1.46598868,1.88484259",-2.8,2,1,2.5,1.6,1,0
"Set_5dose_methods_prior","Set_5dose_methods_prior_SC6",6,"CRM","crm_cumu_crm",NA,NA,"cumu_crm",NA,0.6,0,0.0714,28,1,1,1,3,0.6,0.93,0.6739,NA,NA,NA,0.3101,0.5969,0.5969,0,20.1721,20.1721,71.9897,299.9911,1935,1935,"0.15,0.2,0.3,0.35,0.45",0,1.4142,0.15,0.85,NA,NA,NA,NA,NA,NA,NA,NA,NA,NA,NA,NA,NA,NA,NA,"15,20,30,35,45","0.62828086,0.83770782,1.25656172,1.46598868,1.88484259",-2.8,2,1,2.5,1.6,1,0
"Set_5dose_methods_prior","Set_5dose_methods_prior_SC6",6,"CRM","crm_cumu_crm",NA,NA,"cumu_crm",NA,0.6,0,0.0714,28,1,1,1,4,0.65,1,0.7454,NA,NA,NA,0,0.0636,0.0636,0,20.1721,20.1721,71.9897,299.9911,1935,1935,"0.15,0.2,0.3,0.35,0.45",0,1.4142,0.15,0.85,NA,NA,NA,NA,NA,NA,NA,NA,NA,NA,NA,NA,NA,NA,NA,"15,20,30,35,45","0.62828086,0.83770782,1.25656172,1.46598868,1.88484259",-2.8,2,1,2.5,1.6,1,0
"Set_5dose_methods_prior","Set_5dose_methods_prior_SC6",6,"CRM","crm_cumu_crm",NA,NA,"cumu_crm",NA,0.6,0,0.0714,28,1,1,1,5,0.7,1,0.8421,NA,NA,NA,0,0.0093,0.0093,0,20.1721,20.1721,71.9897,299.9911,1935,1935,"0.15,0.2,0.3,0.35,0.45",0,1.4142,0.15,0.85,NA,NA,NA,NA,NA,NA,NA,NA,NA,NA,NA,NA,NA,NA,NA,"15,20,30,35,45","0.62828086,0.83770782,1.25656172,1.46598868,1.88484259",-2.8,2,1,2.5,1.6,1,0
"Set_5dose_methods_prior","Set_5dose_methods_prior_SC6",6,"CRM","crm_fixed",NA,NA,"fixed",NA,0.6,0,0.0714,28,2,1,1,1,0.5,0.5,0.3996,0,NA,NA,14.677,14.0651,14.0651,0,14.8636,14.1292,85.323,216.6739,1935,1935,"0.15,0.2,0.3,0.35,0.45",0,1.4142,0.15,0.85,NA,NA,NA,NA,NA,NA,NA,NA,NA,NA,NA,NA,NA,NA,NA,NA,NA,NA,NA,NA,NA,NA,NA,NA
"Set_5dose_methods_prior","Set_5dose_methods_prior_SC6",6,"CRM","crm_fixed",NA,NA,"fixed",NA,0.6,0,0.0714,28,2,1,1,2,0.55,0.85,0.4574,NA,NA,NA,0,0.7721,0.7721,0.7307,14.8636,14.1292,85.323,216.6739,1935,1935,"0.15,0.2,0.3,0.35,0.45",0,1.4142,0.15,0.85,NA,NA,NA,NA,NA,NA,NA,NA,NA,NA,NA,NA,NA,NA,NA,NA,NA,NA,NA,NA,NA,NA,NA,NA
"Set_5dose_methods_prior","Set_5dose_methods_prior_SC6",6,"CRM","crm_fixed",NA,NA,"fixed",NA,0.6,0,0.0714,28,2,1,1,3,0.6,0.93,0.5548,NA,NA,NA,0,0.0264,0.0264,0.0036,14.8636,14.1292,85.323,216.6739,1935,1935,"0.15,0.2,0.3,0.35,0.45",0,1.4142,0.15,0.85,NA,NA,NA,NA,NA,NA,NA,NA,NA,NA,NA,NA,NA,NA,NA,NA,NA,NA,NA,NA,NA,NA,NA,NA
"Set_5dose_methods_prior","Set_5dose_methods_prior_SC6",6,"CRM","crm_fixed",NA,NA,"fixed",NA,0.6,0,0.0714,28,2,1,1,4,0.65,1,0.5974,NA,NA,NA,0,0,0,0,14.8636,14.1292,85.323,216.6739,1935,1935,"0.15,0.2,0.3,0.35,0.45",0,1.4142,0.15,0.85,NA,NA,NA,NA,NA,NA,NA,NA,NA,NA,NA,NA,NA,NA,NA,NA,NA,NA,NA,NA,NA,NA,NA,NA
"Set_5dose_methods_prior","Set_5dose_methods_prior_SC6",6,"CRM","crm_fixed",NA,NA,"fixed",NA,0.6,0,0.0714,28,2,1,1,5,0.7,1,0.6746,NA,NA,NA,0,0,0,0,14.8636,14.1292,85.323,216.6739,1935,1935,"0.15,0.2,0.3,0.35,0.45",0,1.4142,0.15,0.85,NA,NA,NA,NA,NA,NA,NA,NA,NA,NA,NA,NA,NA,NA,NA,NA,NA,NA,NA,NA,NA,NA,NA,NA
"Set_5dose_methods_prior","Set_5dose_methods_prior_SC6",6,"CRM","crm_level",NA,NA,"level",NA,0.6,0,0.0714,28,2,1,1,1,0.5,0.5,0.3935,NA,NA,NA,16.5375,13.8899,13.8899,0,15.3395,14.492,83.3075,222.298,1935,1935,"0.15,0.2,0.3,0.35,0.45",0,1.4142,0.15,0.85,NA,NA,NA,NA,NA,NA,NA,NA,NA,NA,NA,NA,NA,NA,NA,NA,NA,NA,NA,NA,NA,NA,NA,NA
"Set_5dose_methods_prior","Set_5dose_methods_prior_SC6",6,"CRM","crm_level",NA,NA,"level",NA,0.6,0,0.0714,28,2,1,1,2,0.55,0.85,0.4511,0.1862,NA,NA,0.155,1.1891,1.1891,0.8088,15.3395,14.492,83.3075,222.298,1935,1935,"0.15,0.2,0.3,0.35,0.45",0,1.4142,0.15,0.85,NA,NA,NA,NA,NA,NA,NA,NA,NA,NA,NA,NA,NA,NA,NA,NA,NA,NA,NA,NA,NA,NA,NA,NA
"Set_5dose_methods_prior","Set_5dose_methods_prior_SC6",6,"CRM","crm_level",NA,NA,"level",NA,0.6,0,0.0714,28,2,1,1,3,0.6,0.93,0.5484,0.1418,NA,NA,0,0.2512,0.2512,0.03,15.3395,14.492,83.3075,222.298,1935,1935,"0.15,0.2,0.3,0.35,0.45",0,1.4142,0.15,0.85,NA,NA,NA,NA,NA,NA,NA,NA,NA,NA,NA,NA,NA,NA,NA,NA,NA,NA,NA,NA,NA,NA,NA,NA
"Set_5dose_methods_prior","Set_5dose_methods_prior_SC6",6,"CRM","crm_level",NA,NA,"level",NA,0.6,0,0.0714,28,2,1,1,4,0.65,1,0.5911,0.15,NA,NA,0,0.0093,0.0093,0.0088,15.3395,14.492,83.3075,222.298,1935,1935,"0.15,0.2,0.3,0.35,0.45",0,1.4142,0.15,0.85,NA,NA,NA,NA,NA,NA,NA,NA,NA,NA,NA,NA,NA,NA,NA,NA,NA,NA,NA,NA,NA,NA,NA,NA
"Set_5dose_methods_prior","Set_5dose_methods_prior_SC6",6,"CRM","crm_level",NA,NA,"level",NA,0.6,0,0.0714,28,2,1,1,5,0.7,1,0.6689,0.1504,NA,NA,0,0,0,0,15.3395,14.492,83.3075,222.298,1935,1935,"0.15,0.2,0.3,0.35,0.45",0,1.4142,0.15,0.85,NA,NA,NA,NA,NA,NA,NA,NA,NA,NA,NA,NA,NA,NA,NA,NA,NA,NA,NA,NA,NA,NA,NA,NA
"Set_5dose_methods_prior","Set_5dose_methods_prior_SC6",6,"CRM","crm_random",NA,NA,"random",NA,0.6,0,0.0714,28,2,1,1,1,0.5,0.5,0.3946,0.1458,NA,NA,16.1757,13.8465,13.8465,0,15.2822,14.4357,83.8243,221.2485,1935,1935,"0.15,0.2,0.3,0.35,0.45",0,1.4142,0.15,0.85,NA,NA,NA,NA,NA,NA,NA,NA,NA,NA,NA,NA,NA,NA,NA,NA,NA,NA,NA,NA,NA,NA,NA,NA
"Set_5dose_methods_prior","Set_5dose_methods_prior_SC6",6,"CRM","crm_random",NA,NA,"random",NA,0.6,0,0.0714,28,2,1,1,2,0.55,0.85,0.4522,NA,NA,NA,0,1.1612,1.1612,0.8134,15.2822,14.4357,83.8243,221.2485,1935,1935,"0.15,0.2,0.3,0.35,0.45",0,1.4142,0.15,0.85,NA,NA,NA,NA,NA,NA,NA,NA,NA,NA,NA,NA,NA,NA,NA,NA,NA,NA,NA,NA,NA,NA,NA,NA
"Set_5dose_methods_prior","Set_5dose_methods_prior_SC6",6,"CRM","crm_random",NA,NA,"random",NA,0.6,0,0.0714,28,2,1,1,3,0.6,0.93,0.5495,NA,NA,NA,0,0.2496,0.2496,0.0191,15.2822,14.4357,83.8243,221.2485,1935,1935,"0.15,0.2,0.3,0.35,0.45",0,1.4142,0.15,0.85,NA,NA,NA,NA,NA,NA,NA,NA,NA,NA,NA,NA,NA,NA,NA,NA,NA,NA,NA,NA,NA,NA,NA,NA
"Set_5dose_methods_prior","Set_5dose_methods_prior_SC6",6,"CRM","crm_random",NA,NA,"random",NA,0.6,0,0.0714,28,2,1,1,4,0.65,1,0.5923,NA,NA,NA,0,0.0217,0.0217,0.0134,15.2822,14.4357,83.8243,221.2485,1935,1935,"0.15,0.2,0.3,0.35,0.45",0,1.4142,0.15,0.85,NA,NA,NA,NA,NA,NA,NA,NA,NA,NA,NA,NA,NA,NA,NA,NA,NA,NA,NA,NA,NA,NA,NA,NA
"Set_5dose_methods_prior","Set_5dose_methods_prior_SC6",6,"CRM","crm_random",NA,NA,"random",NA,0.6,0,0.0714,28,2,1,1,5,0.7,1,0.6699,NA,NA,NA,0,0.0031,0.0031,5e-04,15.2822,14.4357,83.8243,221.2485,1935,1935,"0.15,0.2,0.3,0.35,0.45",0,1.4142,0.15,0.85,NA,NA,NA,NA,NA,NA,NA,NA,NA,NA,NA,NA,NA,NA,NA,NA,NA,NA,NA,NA,NA,NA,NA,NA
"Set_5dose_methods_prior","Set_5dose_methods_prior_SC6",6,"CRM","crm_alpha_crm",NA,NA,"alpha_crm",NA,0.6,0,0.0714,28,2,1,1,1,0.5,0.5,0.3922,NA,NA,NA,12.9716,13.8729,13.8729,0,14.9039,14.1473,87.0284,216.9804,1935,1935,"0.15,0.2,0.3,0.35,0.45",0,1.4142,0.15,0.85,NA,NA,NA,NA,NA,NA,NA,NA,NA,NA,NA,NA,NA,"15,20,30,35,45",61,NA,NA,NA,NA,NA,NA,NA,NA,NA
"Set_5dose_methods_prior","Set_5dose_methods_prior_SC6",6,"CRM","crm_alpha_crm",NA,NA,"alpha_crm",NA,0.6,0,0.0714,28,2,1,1,2,0.55,0.85,0.4504,NA,NA,NA,0,0.9814,0.9814,0.7297,14.9039,14.1473,87.0284,216.9804,1935,1935,"0.15,0.2,0.3,0.35,0.45",0,1.4142,0.15,0.85,NA,NA,NA,NA,NA,NA,NA,NA,NA,NA,NA,NA,NA,"15,20,30,35,45",61,NA,NA,NA,NA,NA,NA,NA,NA,NA
"Set_5dose_methods_prior","Set_5dose_methods_prior_SC6",6,"CRM","crm_alpha_crm",NA,NA,"alpha_crm",NA,0.6,0,0.0714,28,2,1,1,3,0.6,0.93,0.5485,NA,NA,NA,0,0.0496,0.0496,0.0269,14.9039,14.1473,87.0284,216.9804,1935,1935,"0.15,0.2,0.3,0.35,0.45",0,1.4142,0.15,0.85,NA,NA,NA,NA,NA,NA,NA,NA,NA,NA,NA,NA,NA,"15,20,30,35,45",61,NA,NA,NA,NA,NA,NA,NA,NA,NA
"Set_5dose_methods_prior","Set_5dose_methods_prior_SC6",6,"CRM","crm_alpha_crm",NA,NA,"alpha_crm",NA,0.6,0,0.0714,28,2,1,1,4,0.65,1,0.5916,NA,NA,NA,0,0,0,0,14.9039,14.1473,87.0284,216.9804,1935,1935,"0.15,0.2,0.3,0.35,0.45",0,1.4142,0.15,0.85,NA,NA,NA,NA,NA,NA,NA,NA,NA,NA,NA,NA,NA,"15,20,30,35,45",61,NA,NA,NA,NA,NA,NA,NA,NA,NA
"Set_5dose_methods_prior","Set_5dose_methods_prior_SC6",6,"CRM","crm_alpha_crm",NA,NA,"alpha_crm",NA,0.6,0,0.0714,28,2,1,1,5,0.7,1,0.6701,NA,NA,NA,0,0,0,0,14.9039,14.1473,87.0284,216.9804,1935,1935,"0.15,0.2,0.3,0.35,0.45",0,1.4142,0.15,0.85,NA,NA,NA,NA,NA,NA,NA,NA,NA,NA,NA,NA,NA,"15,20,30,35,45",61,NA,NA,NA,NA,NA,NA,NA,NA,NA
"Set_5dose_methods_prior","Set_5dose_methods_prior_SC6",6,"CRM","crm_cumu_crm",NA,NA,"cumu_crm",NA,0.6,0,0.0714,28,2,1,1,1,0.5,0.5,0.3828,NA,NA,NA,23.876,16.5023,16.5023,0,19.5752,17.9473,75.5039,270.294,1935,1935,"0.15,0.2,0.3,0.35,0.45",0,1.4142,0.15,0.85,NA,NA,NA,NA,NA,NA,NA,NA,NA,NA,NA,NA,NA,NA,NA,"15,20,30,35,45","0.62828086,0.83770782,1.25656172,1.46598868,1.88484259",-2.8,2,1,2.5,1.6,1,0
"Set_5dose_methods_prior","Set_5dose_methods_prior_SC6",6,"CRM","crm_cumu_crm",NA,NA,"cumu_crm",NA,0.6,0,0.0714,28,2,1,1,2,0.55,0.85,0.4948,NA,NA,NA,0.6202,2.9302,2.9302,1.5581,19.5752,17.9473,75.5039,270.294,1935,1935,"0.15,0.2,0.3,0.35,0.45",0,1.4142,0.15,0.85,NA,NA,NA,NA,NA,NA,NA,NA,NA,NA,NA,NA,NA,NA,NA,"15,20,30,35,45","0.62828086,0.83770782,1.25656172,1.46598868,1.88484259",-2.8,2,1,2.5,1.6,1,0
"Set_5dose_methods_prior","Set_5dose_methods_prior_SC6",6,"CRM","crm_cumu_crm",NA,NA,"cumu_crm",NA,0.6,0,0.0714,28,2,1,1,3,0.6,0.93,0.6907,NA,NA,NA,0,0.1318,0.1318,0.0641,19.5752,17.9473,75.5039,270.294,1935,1935,"0.15,0.2,0.3,0.35,0.45",0,1.4142,0.15,0.85,NA,NA,NA,NA,NA,NA,NA,NA,NA,NA,NA,NA,NA,NA,NA,"15,20,30,35,45","0.62828086,0.83770782,1.25656172,1.46598868,1.88484259",-2.8,2,1,2.5,1.6,1,0
"Set_5dose_methods_prior","Set_5dose_methods_prior_SC6",6,"CRM","crm_cumu_crm",NA,NA,"cumu_crm",NA,0.6,0,0.0714,28,2,1,1,4,0.65,1,0.7605,NA,NA,NA,0,0.0109,0.0109,0.0057,19.5752,17.9473,75.5039,270.294,1935,1935,"0.15,0.2,0.3,0.35,0.45",0,1.4142,0.15,0.85,NA,NA,NA,NA,NA,NA,NA,NA,NA,NA,NA,NA,NA,NA,NA,"15,20,30,35,45","0.62828086,0.83770782,1.25656172,1.46598868,1.88484259",-2.8,2,1,2.5,1.6,1,0
"Set_5dose_methods_prior","Set_5dose_methods_prior_SC6",6,"CRM","crm_cumu_crm",NA,NA,"cumu_crm",NA,0.6,0,0.0714,28,2,1,1,5,0.7,1,0.8524,NA,NA,NA,0,0,0,0,19.5752,17.9473,75.5039,270.294,1935,1935,"0.15,0.2,0.3,0.35,0.45",0,1.4142,0.15,0.85,NA,NA,NA,NA,NA,NA,NA,NA,NA,NA,NA,NA,NA,NA,NA,"15,20,30,35,45","0.62828086,0.83770782,1.25656172,1.46598868,1.88484259",-2.8,2,1,2.5,1.6,1,0
"Set_5dose_methods_prior","Set_5dose_methods_prior_SC6",6,"CRM","crm_fixed",NA,NA,"fixed",NA,0.6,0,0.0714,28,3,1,1,1,0.5,0.5,0.3998,0,NA,NA,15.0388,14.1054,14.1054,0,14.893,14.1452,84.9612,216.9724,1935,1935,"0.15,0.2,0.3,0.35,0.45",0,1.4142,0.15,0.85,NA,NA,NA,NA,NA,NA,NA,NA,NA,NA,NA,NA,NA,NA,NA,NA,NA,NA,NA,NA,NA,NA,NA,NA
"Set_5dose_methods_prior","Set_5dose_methods_prior_SC6",6,"CRM","crm_fixed",NA,NA,"fixed",NA,0.6,0,0.0714,28,3,1,1,2,0.55,0.85,0.4577,NA,NA,NA,0,0.769,0.769,0.7339,14.893,14.1452,84.9612,216.9724,1935,1935,"0.15,0.2,0.3,0.35,0.45",0,1.4142,0.15,0.85,NA,NA,NA,NA,NA,NA,NA,NA,NA,NA,NA,NA,NA,NA,NA,NA,NA,NA,NA,NA,NA,NA,NA,NA
"Set_5dose_methods_prior","Set_5dose_methods_prior_SC6",6,"CRM","crm_fixed",NA,NA,"fixed",NA,0.6,0,0.0714,28,3,1,1,3,0.6,0.93,0.555,NA,NA,NA,0,0.0186,0.0186,0.014,14.893,14.1452,84.9612,216.9724,1935,1935,"0.15,0.2,0.3,0.35,0.45",0,1.4142,0.15,0.85,NA,NA,NA,NA,NA,NA,NA,NA,NA,NA,NA,NA,NA,NA,NA,NA,NA,NA,NA,NA,NA,NA,NA,NA
"Set_5dose_methods_prior","Set_5dose_methods_prior_SC6",6,"CRM","crm_fixed",NA,NA,"fixed",NA,0.6,0,0.0714,28,3,1,1,4,0.65,1,0.5976,NA,NA,NA,0,0,0,0,14.893,14.1452,84.9612,216.9724,1935,1935,"0.15,0.2,0.3,0.35,0.45",0,1.4142,0.15,0.85,NA,NA,NA,NA,NA,NA,NA,NA,NA,NA,NA,NA,NA,NA,NA,NA,NA,NA,NA,NA,NA,NA,NA,NA
"Set_5dose_methods_prior","Set_5dose_methods_prior_SC6",6,"CRM","crm_fixed",NA,NA,"fixed",NA,0.6,0,0.0714,28,3,1,1,5,0.7,1,0.6748,NA,NA,NA,0,0,0,0,14.893,14.1452,84.9612,216.9724,1935,1935,"0.15,0.2,0.3,0.35,0.45",0,1.4142,0.15,0.85,NA,NA,NA,NA,NA,NA,NA,NA,NA,NA,NA,NA,NA,NA,NA,NA,NA,NA,NA,NA,NA,NA,NA,NA
"Set_5dose_methods_prior","Set_5dose_methods_prior_SC6",6,"CRM","crm_level",NA,NA,"level",NA,0.6,0,0.0714,28,3,1,1,1,0.5,0.5,0.3963,NA,NA,NA,16.124,13.8481,13.8481,0,15.2667,14.3984,83.876,221.0499,1935,1935,"0.15,0.2,0.3,0.35,0.45",0,1.4142,0.15,0.85,NA,NA,NA,NA,NA,NA,NA,NA,NA,NA,NA,NA,NA,NA,NA,NA,NA,NA,NA,NA,NA,NA,NA,NA
"Set_5dose_methods_prior","Set_5dose_methods_prior_SC6",6,"CRM","crm_level",NA,NA,"level",NA,0.6,0,0.0714,28,3,1,1,2,0.55,0.85,0.454,0.1702,NA,NA,0,1.1845,1.1845,0.8062,15.2667,14.3984,83.876,221.0499,1935,1935,"0.15,0.2,0.3,0.35,0.45",0,1.4142,0.15,0.85,NA,NA,NA,NA,NA,NA,NA,NA,NA,NA,NA,NA,NA,NA,NA,NA,NA,NA,NA,NA,NA,NA,NA,NA
"Set_5dose_methods_prior","Set_5dose_methods_prior_SC6",6,"CRM","crm_level",NA,NA,"level",NA,0.6,0,0.0714,28,3,1,1,3,0.6,0.93,0.5513,0.1449,NA,NA,0,0.2264,0.2264,0.0563,15.2667,14.3984,83.876,221.0499,1935,1935,"0.15,0.2,0.3,0.35,0.45",0,1.4142,0.15,0.85,NA,NA,NA,NA,NA,NA,NA,NA,NA,NA,NA,NA,NA,NA,NA,NA,NA,NA,NA,NA,NA,NA,NA,NA
"Set_5dose_methods_prior","Set_5dose_methods_prior_SC6",6,"CRM","crm_level",NA,NA,"level",NA,0.6,0,0.0714,28,3,1,1,4,0.65,1,0.594,0.1503,NA,NA,0,0.0078,0.0078,0.0057,15.2667,14.3984,83.876,221.0499,1935,1935,"0.15,0.2,0.3,0.35,0.45",0,1.4142,0.15,0.85,NA,NA,NA,NA,NA,NA,NA,NA,NA,NA,NA,NA,NA,NA,NA,NA,NA,NA,NA,NA,NA,NA,NA,NA
"Set_5dose_methods_prior","Set_5dose_methods_prior_SC6",6,"CRM","crm_level",NA,NA,"level",NA,0.6,0,0.0714,28,3,1,1,5,0.7,1,0.6715,0.1499,NA,NA,0,0,0,0,15.2667,14.3984,83.876,221.0499,1935,1935,"0.15,0.2,0.3,0.35,0.45",0,1.4142,0.15,0.85,NA,NA,NA,NA,NA,NA,NA,NA,NA,NA,NA,NA,NA,NA,NA,NA,NA,NA,NA,NA,NA,NA,NA,NA
"Set_5dose_methods_prior","Set_5dose_methods_prior_SC6",6,"CRM","crm_random",NA,NA,"random",NA,0.6,0,0.0714,28,3,1,1,1,0.5,0.5,0.3945,0.1481,NA,NA,15.8656,13.8326,13.8326,0,15.2372,14.3457,84.1344,220.4104,1935,1935,"0.15,0.2,0.3,0.35,0.45",0,1.4142,0.15,0.85,NA,NA,NA,NA,NA,NA,NA,NA,NA,NA,NA,NA,NA,NA,NA,NA,NA,NA,NA,NA,NA,NA,NA,NA
"Set_5dose_methods_prior","Set_5dose_methods_prior_SC6",6,"CRM","crm_random",NA,NA,"random",NA,0.6,0,0.0714,28,3,1,1,2,0.55,0.85,0.4521,NA,NA,NA,0,1.1473,1.1473,0.8196,15.2372,14.3457,84.1344,220.4104,1935,1935,"0.15,0.2,0.3,0.35,0.45",0,1.4142,0.15,0.85,NA,NA,NA,NA,NA,NA,NA,NA,NA,NA,NA,NA,NA,NA,NA,NA,NA,NA,NA,NA,NA,NA,NA,NA
"Set_5dose_methods_prior","Set_5dose_methods_prior_SC6",6,"CRM","crm_random",NA,NA,"random",NA,0.6,0,0.0714,28,3,1,1,3,0.6,0.93,0.5492,NA,NA,NA,0,0.2279,0.2279,0.0579,15.2372,14.3457,84.1344,220.4104,1935,1935,"0.15,0.2,0.3,0.35,0.45",0,1.4142,0.15,0.85,NA,NA,NA,NA,NA,NA,NA,NA,NA,NA,NA,NA,NA,NA,NA,NA,NA,NA,NA,NA,NA,NA,NA,NA
"Set_5dose_methods_prior","Set_5dose_methods_prior_SC6",6,"CRM","crm_random",NA,NA,"random",NA,0.6,0,0.0714,28,3,1,1,4,0.65,1,0.5919,NA,NA,NA,0,0.0264,0.0264,0.0134,15.2372,14.3457,84.1344,220.4104,1935,1935,"0.15,0.2,0.3,0.35,0.45",0,1.4142,0.15,0.85,NA,NA,NA,NA,NA,NA,NA,NA,NA,NA,NA,NA,NA,NA,NA,NA,NA,NA,NA,NA,NA,NA,NA,NA
"Set_5dose_methods_prior","Set_5dose_methods_prior_SC6",6,"CRM","crm_random",NA,NA,"random",NA,0.6,0,0.0714,28,3,1,1,5,0.7,1,0.6695,NA,NA,NA,0,0.0031,0.0031,5e-04,15.2372,14.3457,84.1344,220.4104,1935,1935,"0.15,0.2,0.3,0.35,0.45",0,1.4142,0.15,0.85,NA,NA,NA,NA,NA,NA,NA,NA,NA,NA,NA,NA,NA,NA,NA,NA,NA,NA,NA,NA,NA,NA,NA,NA
"Set_5dose_methods_prior","Set_5dose_methods_prior_SC6",6,"CRM","crm_alpha_crm",NA,NA,"alpha_crm",NA,0.6,0,0.0714,28,3,1,1,1,0.5,0.5,0.3924,NA,NA,NA,12.9199,13.8744,13.8744,0,14.9023,14.1307,87.0801,216.8215,1935,1935,"0.15,0.2,0.3,0.35,0.45",0,1.4142,0.15,0.85,NA,NA,NA,NA,NA,NA,NA,NA,NA,NA,NA,NA,NA,"15,20,30,35,45",61,NA,NA,NA,NA,NA,NA,NA,NA,NA
"Set_5dose_methods_prior","Set_5dose_methods_prior_SC6",6,"CRM","crm_alpha_crm",NA,NA,"alpha_crm",NA,0.6,0,0.0714,28,3,1,1,2,0.55,0.85,0.4506,NA,NA,NA,0,0.9752,0.9752,0.7328,14.9023,14.1307,87.0801,216.8215,1935,1935,"0.15,0.2,0.3,0.35,0.45",0,1.4142,0.15,0.85,NA,NA,NA,NA,NA,NA,NA,NA,NA,NA,NA,NA,NA,"15,20,30,35,45",61,NA,NA,NA,NA,NA,NA,NA,NA,NA
"Set_5dose_methods_prior","Set_5dose_methods_prior_SC6",6,"CRM","crm_alpha_crm",NA,NA,"alpha_crm",NA,0.6,0,0.0714,28,3,1,1,3,0.6,0.93,0.5489,NA,NA,NA,0,0.0527,0.0527,0.0388,14.9023,14.1307,87.0801,216.8215,1935,1935,"0.15,0.2,0.3,0.35,0.45",0,1.4142,0.15,0.85,NA,NA,NA,NA,NA,NA,NA,NA,NA,NA,NA,NA,NA,"15,20,30,35,45",61,NA,NA,NA,NA,NA,NA,NA,NA,NA
"Set_5dose_methods_prior","Set_5dose_methods_prior_SC6",6,"CRM","crm_alpha_crm",NA,NA,"alpha_crm",NA,0.6,0,0.0714,28,3,1,1,4,0.65,1,0.5919,NA,NA,NA,0,0,0,0,14.9023,14.1307,87.0801,216.8215,1935,1935,"0.15,0.2,0.3,0.35,0.45",0,1.4142,0.15,0.85,NA,NA,NA,NA,NA,NA,NA,NA,NA,NA,NA,NA,NA,"15,20,30,35,45",61,NA,NA,NA,NA,NA,NA,NA,NA,NA
"Set_5dose_methods_prior","Set_5dose_methods_prior_SC6",6,"CRM","crm_alpha_crm",NA,NA,"alpha_crm",NA,0.6,0,0.0714,28,3,1,1,5,0.7,1,0.6703,NA,NA,NA,0,0,0,0,14.9023,14.1307,87.0801,216.8215,1935,1935,"0.15,0.2,0.3,0.35,0.45",0,1.4142,0.15,0.85,NA,NA,NA,NA,NA,NA,NA,NA,NA,NA,NA,NA,NA,"15,20,30,35,45",61,NA,NA,NA,NA,NA,NA,NA,NA,NA
"Set_5dose_methods_prior","Set_5dose_methods_prior_SC6",6,"CRM","crm_cumu_crm",NA,NA,"cumu_crm",NA,0.6,0,0.0714,28,3,1,1,1,0.5,0.5,0.384,NA,NA,NA,24.031,16.4868,16.4868,0,19.5535,17.8951,75.3488,270.3135,1935,1935,"0.15,0.2,0.3,0.35,0.45",0,1.4142,0.15,0.85,NA,NA,NA,NA,NA,NA,NA,NA,NA,NA,NA,NA,NA,NA,NA,"15,20,30,35,45","0.62828086,0.83770782,1.25656172,1.46598868,1.88484259",-2.8,2,1,2.5,1.6,1,0
"Set_5dose_methods_prior","Set_5dose_methods_prior_SC6",6,"CRM","crm_cumu_crm",NA,NA,"cumu_crm",NA,0.6,0,0.0714,28,3,1,1,2,0.55,0.85,0.4962,NA,NA,NA,0.5685,2.9209,2.9209,1.5597,19.5535,17.8951,75.3488,270.3135,1935,1935,"0.15,0.2,0.3,0.35,0.45",0,1.4142,0.15,0.85,NA,NA,NA,NA,NA,NA,NA,NA,NA,NA,NA,NA,NA,NA,NA,"15,20,30,35,45","0.62828086,0.83770782,1.25656172,1.46598868,1.88484259",-2.8,2,1,2.5,1.6,1,0
"Set_5dose_methods_prior","Set_5dose_methods_prior_SC6",6,"CRM","crm_cumu_crm",NA,NA,"cumu_crm",NA,0.6,0,0.0714,28,3,1,1,3,0.6,0.93,0.6919,NA,NA,NA,0.0517,0.1318,0.1318,0.091,19.5535,17.8951,75.3488,270.3135,1935,1935,"0.15,0.2,0.3,0.35,0.45",0,1.4142,0.15,0.85,NA,NA,NA,NA,NA,NA,NA,NA,NA,NA,NA,NA,NA,NA,NA,"15,20,30,35,45","0.62828086,0.83770782,1.25656172,1.46598868,1.88484259",-2.8,2,1,2.5,1.6,1,0
"Set_5dose_methods_prior","Set_5dose_methods_prior_SC6",6,"CRM","crm_cumu_crm",NA,NA,"cumu_crm",NA,0.6,0,0.0714,28,3,1,1,4,0.65,1,0.7615,NA,NA,NA,0,0.014,0.014,0.0078,19.5535,17.8951,75.3488,270.3135,1935,1935,"0.15,0.2,0.3,0.35,0.45",0,1.4142,0.15,0.85,NA,NA,NA,NA,NA,NA,NA,NA,NA,NA,NA,NA,NA,NA,NA,"15,20,30,35,45","0.62828086,0.83770782,1.25656172,1.46598868,1.88484259",-2.8,2,1,2.5,1.6,1,0
"Set_5dose_methods_prior","Set_5dose_methods_prior_SC6",6,"CRM","crm_cumu_crm",NA,NA,"cumu_crm",NA,0.6,0,0.0714,28,3,1,1,5,0.7,1,0.8529,NA,NA,NA,0,0,0,0,19.5535,17.8951,75.3488,270.3135,1935,1935,"0.15,0.2,0.3,0.35,0.45",0,1.4142,0.15,0.85,NA,NA,NA,NA,NA,NA,NA,NA,NA,NA,NA,NA,NA,NA,NA,"15,20,30,35,45","0.62828086,0.83770782,1.25656172,1.46598868,1.88484259",-2.8,2,1,2.5,1.6,1,0
"Set_5dose_methods_prior","Set_5dose_methods_prior_SC6",6,"CRM","crm_fixed",NA,NA,"fixed",NA,0.9,0,0.0714,28,1,1,1,1,0.5,0.5,0.3871,0,NA,NA,17.8811,13.8992,13.8992,0,15.4868,15.4868,81.4987,234.3133,1935,1935,"0.15,0.2,0.3,0.35,0.45",0,1.4142,0.15,0.85,NA,NA,NA,NA,NA,NA,NA,NA,NA,NA,NA,NA,NA,NA,NA,NA,NA,NA,NA,NA,NA,NA,NA,NA
"Set_5dose_methods_prior","Set_5dose_methods_prior_SC6",6,"CRM","crm_fixed",NA,NA,"fixed",NA,0.9,0,0.0714,28,1,1,1,2,0.55,1,0.4449,NA,NA,NA,0.4651,1.2186,1.2186,0,15.4868,15.4868,81.4987,234.3133,1935,1935,"0.15,0.2,0.3,0.35,0.45",0,1.4142,0.15,0.85,NA,NA,NA,NA,NA,NA,NA,NA,NA,NA,NA,NA,NA,NA,NA,NA,NA,NA,NA,NA,NA,NA,NA,NA
"Set_5dose_methods_prior","Set_5dose_methods_prior_SC6",6,"CRM","crm_fixed",NA,NA,"fixed",NA,0.9,0,0.0714,28,1,1,1,3,0.6,1,0.5429,NA,NA,NA,0.155,0.3318,0.3318,0,15.4868,15.4868,81.4987,234.3133,1935,1935,"0.15,0.2,0.3,0.35,0.45",0,1.4142,0.15,0.85,NA,NA,NA,NA,NA,NA,NA,NA,NA,NA,NA,NA,NA,NA,NA,NA,NA,NA,NA,NA,NA,NA,NA,NA
"Set_5dose_methods_prior","Set_5dose_methods_prior_SC6",6,"CRM","crm_fixed",NA,NA,"fixed",NA,0.9,0,0.0714,28,1,1,1,4,0.65,1,0.586,NA,NA,NA,0,0.0326,0.0326,0,15.4868,15.4868,81.4987,234.3133,1935,1935,"0.15,0.2,0.3,0.35,0.45",0,1.4142,0.15,0.85,NA,NA,NA,NA,NA,NA,NA,NA,NA,NA,NA,NA,NA,NA,NA,NA,NA,NA,NA,NA,NA,NA,NA,NA
"Set_5dose_methods_prior","Set_5dose_methods_prior_SC6",6,"CRM","crm_fixed",NA,NA,"fixed",NA,0.9,0,0.0714,28,1,1,1,5,0.7,1,0.6646,NA,NA,NA,0,0.0047,0.0047,0,15.4868,15.4868,81.4987,234.3133,1935,1935,"0.15,0.2,0.3,0.35,0.45",0,1.4142,0.15,0.85,NA,NA,NA,NA,NA,NA,NA,NA,NA,NA,NA,NA,NA,NA,NA,NA,NA,NA,NA,NA,NA,NA,NA,NA
"Set_5dose_methods_prior","Set_5dose_methods_prior_SC6",6,"CRM","crm_level",NA,NA,"level",NA,0.9,0,0.0714,28,1,1,1,1,0.5,0.5,0.389,NA,NA,NA,17.9845,13.9411,13.9411,0,15.5147,15.5147,81.4987,234.7028,1935,1935,"0.15,0.2,0.3,0.35,0.45",0,1.4142,0.15,0.85,NA,NA,NA,NA,NA,NA,NA,NA,NA,NA,NA,NA,NA,NA,NA,NA,NA,NA,NA,NA,NA,NA,NA,NA
"Set_5dose_methods_prior","Set_5dose_methods_prior_SC6",6,"CRM","crm_level",NA,NA,"level",NA,0.9,0,0.0714,28,1,1,1,2,0.55,1,0.4468,0.1069,NA,NA,0.3618,1.2047,1.2047,0,15.5147,15.5147,81.4987,234.7028,1935,1935,"0.15,0.2,0.3,0.35,0.45",0,1.4142,0.15,0.85,NA,NA,NA,NA,NA,NA,NA,NA,NA,NA,NA,NA,NA,NA,NA,NA,NA,NA,NA,NA,NA,NA,NA,NA
"Set_5dose_methods_prior","Set_5dose_methods_prior_SC6",6,"CRM","crm_level",NA,NA,"level",NA,0.9,0,0.0714,28,1,1,1,3,0.6,1,0.5447,0.1365,NA,NA,0.155,0.3318,0.3318,0,15.5147,15.5147,81.4987,234.7028,1935,1935,"0.15,0.2,0.3,0.35,0.45",0,1.4142,0.15,0.85,NA,NA,NA,NA,NA,NA,NA,NA,NA,NA,NA,NA,NA,NA,NA,NA,NA,NA,NA,NA,NA,NA,NA,NA
"Set_5dose_methods_prior","Set_5dose_methods_prior_SC6",6,"CRM","crm_level",NA,NA,"level",NA,0.9,0,0.0714,28,1,1,1,4,0.65,1,0.5877,0.1475,NA,NA,0,0.0326,0.0326,0,15.5147,15.5147,81.4987,234.7028,1935,1935,"0.15,0.2,0.3,0.35,0.45",0,1.4142,0.15,0.85,NA,NA,NA,NA,NA,NA,NA,NA,NA,NA,NA,NA,NA,NA,NA,NA,NA,NA,NA,NA,NA,NA,NA,NA
"Set_5dose_methods_prior","Set_5dose_methods_prior_SC6",6,"CRM","crm_level",NA,NA,"level",NA,0.9,0,0.0714,28,1,1,1,5,0.7,1,0.666,0.1497,NA,NA,0,0.0047,0.0047,0,15.5147,15.5147,81.4987,234.7028,1935,1935,"0.15,0.2,0.3,0.35,0.45",0,1.4142,0.15,0.85,NA,NA,NA,NA,NA,NA,NA,NA,NA,NA,NA,NA,NA,NA,NA,NA,NA,NA,NA,NA,NA,NA,NA,NA
"Set_5dose_methods_prior","Set_5dose_methods_prior_SC6",6,"CRM","crm_random",NA,NA,"random",NA,0.9,0,0.0714,28,1,1,1,1,0.5,0.5,0.3886,0.0843,NA,NA,17.7778,13.9209,13.9209,0,15.5008,15.5008,81.5504,234.5558,1935,1935,"0.15,0.2,0.3,0.35,0.45",0,1.4142,0.15,0.85,NA,NA,NA,NA,NA,NA,NA,NA,NA,NA,NA,NA,NA,NA,NA,NA,NA,NA,NA,NA,NA,NA,NA,NA
"Set_5dose_methods_prior","Set_5dose_methods_prior_SC6",6,"CRM","crm_random",NA,NA,"random",NA,0.9,0,0.0714,28,1,1,1,2,0.55,1,0.4463,NA,NA,NA,0.5168,1.2109,1.2109,0,15.5008,15.5008,81.5504,234.5558,1935,1935,"0.15,0.2,0.3,0.35,0.45",0,1.4142,0.15,0.85,NA,NA,NA,NA,NA,NA,NA,NA,NA,NA,NA,NA,NA,NA,NA,NA,NA,NA,NA,NA,NA,NA,NA,NA
"Set_5dose_methods_prior","Set_5dose_methods_prior_SC6",6,"CRM","crm_random",NA,NA,"random",NA,0.9,0,0.0714,28,1,1,1,3,0.6,1,0.5442,NA,NA,NA,0.155,0.3318,0.3318,0,15.5008,15.5008,81.5504,234.5558,1935,1935,"0.15,0.2,0.3,0.35,0.45",0,1.4142,0.15,0.85,NA,NA,NA,NA,NA,NA,NA,NA,NA,NA,NA,NA,NA,NA,NA,NA,NA,NA,NA,NA,NA,NA,NA,NA
"Set_5dose_methods_prior","Set_5dose_methods_prior_SC6",6,"CRM","crm_random",NA,NA,"random",NA,0.9,0,0.0714,28,1,1,1,4,0.65,1,0.5872,NA,NA,NA,0,0.0326,0.0326,0,15.5008,15.5008,81.5504,234.5558,1935,1935,"0.15,0.2,0.3,0.35,0.45",0,1.4142,0.15,0.85,NA,NA,NA,NA,NA,NA,NA,NA,NA,NA,NA,NA,NA,NA,NA,NA,NA,NA,NA,NA,NA,NA,NA,NA
"Set_5dose_methods_prior","Set_5dose_methods_prior_SC6",6,"CRM","crm_random",NA,NA,"random",NA,0.9,0,0.0714,28,1,1,1,5,0.7,1,0.6656,NA,NA,NA,0,0.0047,0.0047,0,15.5008,15.5008,81.5504,234.5558,1935,1935,"0.15,0.2,0.3,0.35,0.45",0,1.4142,0.15,0.85,NA,NA,NA,NA,NA,NA,NA,NA,NA,NA,NA,NA,NA,NA,NA,NA,NA,NA,NA,NA,NA,NA,NA,NA
"Set_5dose_methods_prior","Set_5dose_methods_prior_SC6",6,"CRM","crm_alpha_crm",NA,NA,"alpha_crm",NA,0.9,0,0.0714,28,1,1,1,1,0.5,0.5,0.381,NA,NA,NA,14.522,13.5721,13.5721,0,15.1581,15.1581,84.7545,229.6724,1935,1935,"0.15,0.2,0.3,0.35,0.45",0,1.4142,0.15,0.85,NA,NA,NA,NA,NA,NA,NA,NA,NA,NA,NA,NA,NA,"15,20,30,35,45",61,NA,NA,NA,NA,NA,NA,NA,NA,NA
"Set_5dose_methods_prior","Set_5dose_methods_prior_SC6",6,"CRM","crm_alpha_crm",NA,NA,"alpha_crm",NA,0.9,0,0.0714,28,1,1,1,2,0.55,1,0.4387,NA,NA,NA,0.5685,1.2155,1.2155,0,15.1581,15.1581,84.7545,229.6724,1935,1935,"0.15,0.2,0.3,0.35,0.45",0,1.4142,0.15,0.85,NA,NA,NA,NA,NA,NA,NA,NA,NA,NA,NA,NA,NA,"15,20,30,35,45",61,NA,NA,NA,NA,NA,NA,NA,NA,NA
"Set_5dose_methods_prior","Set_5dose_methods_prior_SC6",6,"CRM","crm_alpha_crm",NA,NA,"alpha_crm",NA,0.9,0,0.0714,28,1,1,1,3,0.6,1,0.5383,NA,NA,NA,0.155,0.3333,0.3333,0,15.1581,15.1581,84.7545,229.6724,1935,1935,"0.15,0.2,0.3,0.35,0.45",0,1.4142,0.15,0.85,NA,NA,NA,NA,NA,NA,NA,NA,NA,NA,NA,NA,NA,"15,20,30,35,45",61,NA,NA,NA,NA,NA,NA,NA,NA,NA
"Set_5dose_methods_prior","Set_5dose_methods_prior_SC6",6,"CRM","crm_alpha_crm",NA,NA,"alpha_crm",NA,0.9,0,0.0714,28,1,1,1,4,0.65,1,0.5817,NA,NA,NA,0,0.0326,0.0326,0,15.1581,15.1581,84.7545,229.6724,1935,1935,"0.15,0.2,0.3,0.35,0.45",0,1.4142,0.15,0.85,NA,NA,NA,NA,NA,NA,NA,NA,NA,NA,NA,NA,NA,"15,20,30,35,45",61,NA,NA,NA,NA,NA,NA,NA,NA,NA
"Set_5dose_methods_prior","Set_5dose_methods_prior_SC6",6,"CRM","crm_alpha_crm",NA,NA,"alpha_crm",NA,0.9,0,0.0714,28,1,1,1,5,0.7,1,0.6607,NA,NA,NA,0,0.0047,0.0047,0,15.1581,15.1581,84.7545,229.6724,1935,1935,"0.15,0.2,0.3,0.35,0.45",0,1.4142,0.15,0.85,NA,NA,NA,NA,NA,NA,NA,NA,NA,NA,NA,NA,NA,"15,20,30,35,45",61,NA,NA,NA,NA,NA,NA,NA,NA,NA
"Set_5dose_methods_prior","Set_5dose_methods_prior_SC6",6,"CRM","crm_cumu_crm",NA,NA,"cumu_crm",NA,0.9,0,0.0714,28,1,1,1,1,0.5,0.5,0.3736,NA,NA,NA,26.2016,15.9163,15.9163,0,20.2109,20.2109,72.093,300.2833,1935,1935,"0.15,0.2,0.3,0.35,0.45",0,1.4142,0.15,0.85,NA,NA,NA,NA,NA,NA,NA,NA,NA,NA,NA,NA,NA,NA,NA,"15,20,30,35,45","0.62828086,0.83770782,1.25656172,1.46598868,1.88484259",-2.8,2,1,2.5,1.6,1,0
"Set_5dose_methods_prior","Set_5dose_methods_prior_SC6",6,"CRM","crm_cumu_crm",NA,NA,"cumu_crm",NA,0.9,0,0.0714,28,1,1,1,2,0.55,1,0.4806,NA,NA,NA,1.3437,3.6217,3.6217,0,20.2109,20.2109,72.093,300.2833,1935,1935,"0.15,0.2,0.3,0.35,0.45",0,1.4142,0.15,0.85,NA,NA,NA,NA,NA,NA,NA,NA,NA,NA,NA,NA,NA,NA,NA,"15,20,30,35,45","0.62828086,0.83770782,1.25656172,1.46598868,1.88484259",-2.8,2,1,2.5,1.6,1,0
"Set_5dose_methods_prior","Set_5dose_methods_prior_SC6",6,"CRM","crm_cumu_crm",NA,NA,"cumu_crm",NA,0.9,0,0.0714,28,1,1,1,3,0.6,1,0.6739,NA,NA,NA,0.3618,0.5984,0.5984,0,20.2109,20.2109,72.093,300.2833,1935,1935,"0.15,0.2,0.3,0.35,0.45",0,1.4142,0.15,0.85,NA,NA,NA,NA,NA,NA,NA,NA,NA,NA,NA,NA,NA,NA,NA,"15,20,30,35,45","0.62828086,0.83770782,1.25656172,1.46598868,1.88484259",-2.8,2,1,2.5,1.6,1,0
"Set_5dose_methods_prior","Set_5dose_methods_prior_SC6",6,"CRM","crm_cumu_crm",NA,NA,"cumu_crm",NA,0.9,0,0.0714,28,1,1,1,4,0.65,1,0.7453,NA,NA,NA,0,0.0651,0.0651,0,20.2109,20.2109,72.093,300.2833,1935,1935,"0.15,0.2,0.3,0.35,0.45",0,1.4142,0.15,0.85,NA,NA,NA,NA,NA,NA,NA,NA,NA,NA,NA,NA,NA,NA,NA,"15,20,30,35,45","0.62828086,0.83770782,1.25656172,1.46598868,1.88484259",-2.8,2,1,2.5,1.6,1,0
"Set_5dose_methods_prior","Set_5dose_methods_prior_SC6",6,"CRM","crm_cumu_crm",NA,NA,"cumu_crm",NA,0.9,0,0.0714,28,1,1,1,5,0.7,1,0.8419,NA,NA,NA,0,0.0093,0.0093,0,20.2109,20.2109,72.093,300.2833,1935,1935,"0.15,0.2,0.3,0.35,0.45",0,1.4142,0.15,0.85,NA,NA,NA,NA,NA,NA,NA,NA,NA,NA,NA,NA,NA,NA,NA,"15,20,30,35,45","0.62828086,0.83770782,1.25656172,1.46598868,1.88484259",-2.8,2,1,2.5,1.6,1,0
"Set_5dose_methods_prior","Set_5dose_methods_prior_SC6",6,"CRM","crm_fixed",NA,NA,"fixed",NA,0.9,0,0.0714,28,2,1,1,1,0.5,0.5,0.3995,0,NA,NA,13.0233,13.9008,13.9008,0,14.5643,13.9008,86.9767,213.0165,1935,1935,"0.15,0.2,0.3,0.35,0.45",0,1.4142,0.15,0.85,NA,NA,NA,NA,NA,NA,NA,NA,NA,NA,NA,NA,NA,NA,NA,NA,NA,NA,NA,NA,NA,NA,NA,NA
"Set_5dose_methods_prior","Set_5dose_methods_prior_SC6",6,"CRM","crm_fixed",NA,NA,"fixed",NA,0.9,0,0.0714,28,2,1,1,2,0.55,1,0.4573,NA,NA,NA,0,0.6636,0.6636,0.6636,14.5643,13.9008,86.9767,213.0165,1935,1935,"0.15,0.2,0.3,0.35,0.45",0,1.4142,0.15,0.85,NA,NA,NA,NA,NA,NA,NA,NA,NA,NA,NA,NA,NA,NA,NA,NA,NA,NA,NA,NA,NA,NA,NA,NA
"Set_5dose_methods_prior","Set_5dose_methods_prior_SC6",6,"CRM","crm_fixed",NA,NA,"fixed",NA,0.9,0,0.0714,28,2,1,1,3,0.6,1,0.5546,NA,NA,NA,0,0,0,0,14.5643,13.9008,86.9767,213.0165,1935,1935,"0.15,0.2,0.3,0.35,0.45",0,1.4142,0.15,0.85,NA,NA,NA,NA,NA,NA,NA,NA,NA,NA,NA,NA,NA,NA,NA,NA,NA,NA,NA,NA,NA,NA,NA,NA
"Set_5dose_methods_prior","Set_5dose_methods_prior_SC6",6,"CRM","crm_fixed",NA,NA,"fixed",NA,0.9,0,0.0714,28,2,1,1,4,0.65,1,0.5973,NA,NA,NA,0,0,0,0,14.5643,13.9008,86.9767,213.0165,1935,1935,"0.15,0.2,0.3,0.35,0.45",0,1.4142,0.15,0.85,NA,NA,NA,NA,NA,NA,NA,NA,NA,NA,NA,NA,NA,NA,NA,NA,NA,NA,NA,NA,NA,NA,NA,NA
"Set_5dose_methods_prior","Set_5dose_methods_prior_SC6",6,"CRM","crm_fixed",NA,NA,"fixed",NA,0.9,0,0.0714,28,2,1,1,5,0.7,1,0.6745,NA,NA,NA,0,0,0,0,14.5643,13.9008,86.9767,213.0165,1935,1935,"0.15,0.2,0.3,0.35,0.45",0,1.4142,0.15,0.85,NA,NA,NA,NA,NA,NA,NA,NA,NA,NA,NA,NA,NA,NA,NA,NA,NA,NA,NA,NA,NA,NA,NA,NA
"Set_5dose_methods_prior","Set_5dose_methods_prior_SC6",6,"CRM","crm_level",NA,NA,"level",NA,0.9,0,0.0714,28,2,1,1,1,0.5,0.5,0.3969,NA,NA,NA,15.2455,13.831,13.831,0,15.1132,14.2713,84.7028,219.1126,1935,1935,"0.15,0.2,0.3,0.35,0.45",0,1.4142,0.15,0.85,NA,NA,NA,NA,NA,NA,NA,NA,NA,NA,NA,NA,NA,NA,NA,NA,NA,NA,NA,NA,NA,NA,NA,NA
"Set_5dose_methods_prior","Set_5dose_methods_prior_SC6",6,"CRM","crm_level",NA,NA,"level",NA,0.9,0,0.0714,28,2,1,1,2,0.55,1,0.4544,0.244,NA,NA,0.0517,1.0512,1.0512,0.8103,15.1132,14.2713,84.7028,219.1126,1935,1935,"0.15,0.2,0.3,0.35,0.45",0,1.4142,0.15,0.85,NA,NA,NA,NA,NA,NA,NA,NA,NA,NA,NA,NA,NA,NA,NA,NA,NA,NA,NA,NA,NA,NA,NA,NA
"Set_5dose_methods_prior","Set_5dose_methods_prior_SC6",6,"CRM","crm_level",NA,NA,"level",NA,0.9,0,0.0714,28,2,1,1,3,0.6,1,0.5515,0.1426,NA,NA,0,0.2124,0.2124,0.0191,15.1132,14.2713,84.7028,219.1126,1935,1935,"0.15,0.2,0.3,0.35,0.45",0,1.4142,0.15,0.85,NA,NA,NA,NA,NA,NA,NA,NA,NA,NA,NA,NA,NA,NA,NA,NA,NA,NA,NA,NA,NA,NA,NA,NA
"Set_5dose_methods_prior","Set_5dose_methods_prior_SC6",6,"CRM","crm_level",NA,NA,"level",NA,0.9,0,0.0714,28,2,1,1,4,0.65,1,0.5941,0.1516,NA,NA,0,0.0171,0.0171,0.0124,15.1132,14.2713,84.7028,219.1126,1935,1935,"0.15,0.2,0.3,0.35,0.45",0,1.4142,0.15,0.85,NA,NA,NA,NA,NA,NA,NA,NA,NA,NA,NA,NA,NA,NA,NA,NA,NA,NA,NA,NA,NA,NA,NA,NA
"Set_5dose_methods_prior","Set_5dose_methods_prior_SC6",6,"CRM","crm_level",NA,NA,"level",NA,0.9,0,0.0714,28,2,1,1,5,0.7,1,0.6715,0.1496,NA,NA,0,0.0016,0.0016,0,15.1132,14.2713,84.7028,219.1126,1935,1935,"0.15,0.2,0.3,0.35,0.45",0,1.4142,0.15,0.85,NA,NA,NA,NA,NA,NA,NA,NA,NA,NA,NA,NA,NA,NA,NA,NA,NA,NA,NA,NA,NA,NA,NA,NA
"Set_5dose_methods_prior","Set_5dose_methods_prior_SC6",6,"CRM","crm_random",NA,NA,"random",NA,0.9,0,0.0714,28,2,1,1,1,0.5,0.5,0.3943,0.2052,NA,NA,14.7804,13.6388,13.6388,0,14.9566,14.1214,85.2196,217.1564,1935,1935,"0.15,0.2,0.3,0.35,0.45",0,1.4142,0.15,0.85,NA,NA,NA,NA,NA,NA,NA,NA,NA,NA,NA,NA,NA,NA,NA,NA,NA,NA,NA,NA,NA,NA,NA,NA
"Set_5dose_methods_prior","Set_5dose_methods_prior_SC6",6,"CRM","crm_random",NA,NA,"random",NA,0.9,0,0.0714,28,2,1,1,2,0.55,1,0.4518,NA,NA,NA,0,1.0636,1.0636,0.8036,14.9566,14.1214,85.2196,217.1564,1935,1935,"0.15,0.2,0.3,0.35,0.45",0,1.4142,0.15,0.85,NA,NA,NA,NA,NA,NA,NA,NA,NA,NA,NA,NA,NA,NA,NA,NA,NA,NA,NA,NA,NA,NA,NA,NA
"Set_5dose_methods_prior","Set_5dose_methods_prior_SC6",6,"CRM","crm_random",NA,NA,"random",NA,0.9,0,0.0714,28,2,1,1,3,0.6,1,0.5489,NA,NA,NA,0,0.231,0.231,0.0212,14.9566,14.1214,85.2196,217.1564,1935,1935,"0.15,0.2,0.3,0.35,0.45",0,1.4142,0.15,0.85,NA,NA,NA,NA,NA,NA,NA,NA,NA,NA,NA,NA,NA,NA,NA,NA,NA,NA,NA,NA,NA,NA,NA,NA
"Set_5dose_methods_prior","Set_5dose_methods_prior_SC6",6,"CRM","crm_random",NA,NA,"random",NA,0.9,0,0.0714,28,2,1,1,4,0.65,1,0.5916,NA,NA,NA,0,0.0171,0.0171,0.0083,14.9566,14.1214,85.2196,217.1564,1935,1935,"0.15,0.2,0.3,0.35,0.45",0,1.4142,0.15,0.85,NA,NA,NA,NA,NA,NA,NA,NA,NA,NA,NA,NA,NA,NA,NA,NA,NA,NA,NA,NA,NA,NA,NA,NA
"Set_5dose_methods_prior","Set_5dose_methods_prior_SC6",6,"CRM","crm_random",NA,NA,"random",NA,0.9,0,0.0714,28,2,1,1,5,0.7,1,0.6692,NA,NA,NA,0,0.0062,0.0062,0.0021,14.9566,14.1214,85.2196,217.1564,1935,1935,"0.15,0.2,0.3,0.35,0.45",0,1.4142,0.15,0.85,NA,NA,NA,NA,NA,NA,NA,NA,NA,NA,NA,NA,NA,NA,NA,NA,NA,NA,NA,NA,NA,NA,NA,NA
"Set_5dose_methods_prior","Set_5dose_methods_prior_SC6",6,"CRM","crm_alpha_crm",NA,NA,"alpha_crm",NA,0.9,0,0.0714,28,2,1,1,1,0.5,0.5,0.3929,NA,NA,NA,10.9044,13.7674,13.7674,0,14.4853,13.7674,89.0956,211.3381,1935,1935,"0.15,0.2,0.3,0.35,0.45",0,1.4142,0.15,0.85,NA,NA,NA,NA,NA,NA,NA,NA,NA,NA,NA,NA,NA,"15,20,30,35,45",61,NA,NA,NA,NA,NA,NA,NA,NA,NA
"Set_5dose_methods_prior","Set_5dose_methods_prior_SC6",6,"CRM","crm_alpha_crm",NA,NA,"alpha_crm",NA,0.9,0,0.0714,28,2,1,1,2,0.55,1,0.4511,NA,NA,NA,0,0.7178,0.7178,0.7178,14.4853,13.7674,89.0956,211.3381,1935,1935,"0.15,0.2,0.3,0.35,0.45",0,1.4142,0.15,0.85,NA,NA,NA,NA,NA,NA,NA,NA,NA,NA,NA,NA,NA,"15,20,30,35,45",61,NA,NA,NA,NA,NA,NA,NA,NA,NA
"Set_5dose_methods_prior","Set_5dose_methods_prior_SC6",6,"CRM","crm_alpha_crm",NA,NA,"alpha_crm",NA,0.9,0,0.0714,28,2,1,1,3,0.6,1,0.5493,NA,NA,NA,0,0,0,0,14.4853,13.7674,89.0956,211.3381,1935,1935,"0.15,0.2,0.3,0.35,0.45",0,1.4142,0.15,0.85,NA,NA,NA,NA,NA,NA,NA,NA,NA,NA,NA,NA,NA,"15,20,30,35,45",61,NA,NA,NA,NA,NA,NA,NA,NA,NA
"Set_5dose_methods_prior","Set_5dose_methods_prior_SC6",6,"CRM","crm_alpha_crm",NA,NA,"alpha_crm",NA,0.9,0,0.0714,28,2,1,1,4,0.65,1,0.5926,NA,NA,NA,0,0,0,0,14.4853,13.7674,89.0956,211.3381,1935,1935,"0.15,0.2,0.3,0.35,0.45",0,1.4142,0.15,0.85,NA,NA,NA,NA,NA,NA,NA,NA,NA,NA,NA,NA,NA,"15,20,30,35,45",61,NA,NA,NA,NA,NA,NA,NA,NA,NA
"Set_5dose_methods_prior","Set_5dose_methods_prior_SC6",6,"CRM","crm_alpha_crm",NA,NA,"alpha_crm",NA,0.9,0,0.0714,28,2,1,1,5,0.7,1,0.6709,NA,NA,NA,0,0,0,0,14.4853,13.7674,89.0956,211.3381,1935,1935,"0.15,0.2,0.3,0.35,0.45",0,1.4142,0.15,0.85,NA,NA,NA,NA,NA,NA,NA,NA,NA,NA,NA,NA,NA,"15,20,30,35,45",61,NA,NA,NA,NA,NA,NA,NA,NA,NA
"Set_5dose_methods_prior","Set_5dose_methods_prior_SC6",6,"CRM","crm_cumu_crm",NA,NA,"cumu_crm",NA,0.9,0,0.0714,28,2,1,1,1,0.5,0.5,0.3872,NA,NA,NA,21.4987,16.3147,16.3147,0,18.8946,17.3018,78.4496,262.0034,1935,1935,"0.15,0.2,0.3,0.35,0.45",0,1.4142,0.15,0.85,NA,NA,NA,NA,NA,NA,NA,NA,NA,NA,NA,NA,NA,NA,NA,"15,20,30,35,45","0.62828086,0.83770782,1.25656172,1.46598868,1.88484259",-2.8,2,1,2.5,1.6,1,0
"Set_5dose_methods_prior","Set_5dose_methods_prior_SC6",6,"CRM","crm_cumu_crm",NA,NA,"cumu_crm",NA,0.9,0,0.0714,28,2,1,1,2,0.55,1,0.5018,NA,NA,NA,0.0517,2.5349,2.5349,1.5545,18.8946,17.3018,78.4496,262.0034,1935,1935,"0.15,0.2,0.3,0.35,0.45",0,1.4142,0.15,0.85,NA,NA,NA,NA,NA,NA,NA,NA,NA,NA,NA,NA,NA,NA,NA,"15,20,30,35,45","0.62828086,0.83770782,1.25656172,1.46598868,1.88484259",-2.8,2,1,2.5,1.6,1,0
"Set_5dose_methods_prior","Set_5dose_methods_prior_SC6",6,"CRM","crm_cumu_crm",NA,NA,"cumu_crm",NA,0.9,0,0.0714,28,2,1,1,3,0.6,1,0.6989,NA,NA,NA,0,0.045,0.045,0.0382,18.8946,17.3018,78.4496,262.0034,1935,1935,"0.15,0.2,0.3,0.35,0.45",0,1.4142,0.15,0.85,NA,NA,NA,NA,NA,NA,NA,NA,NA,NA,NA,NA,NA,NA,NA,"15,20,30,35,45","0.62828086,0.83770782,1.25656172,1.46598868,1.88484259",-2.8,2,1,2.5,1.6,1,0
"Set_5dose_methods_prior","Set_5dose_methods_prior_SC6",6,"CRM","crm_cumu_crm",NA,NA,"cumu_crm",NA,0.9,0,0.0714,28,2,1,1,4,0.65,1,0.7678,NA,NA,NA,0,0,0,0,18.8946,17.3018,78.4496,262.0034,1935,1935,"0.15,0.2,0.3,0.35,0.45",0,1.4142,0.15,0.85,NA,NA,NA,NA,NA,NA,NA,NA,NA,NA,NA,NA,NA,NA,NA,"15,20,30,35,45","0.62828086,0.83770782,1.25656172,1.46598868,1.88484259",-2.8,2,1,2.5,1.6,1,0
"Set_5dose_methods_prior","Set_5dose_methods_prior_SC6",6,"CRM","crm_cumu_crm",NA,NA,"cumu_crm",NA,0.9,0,0.0714,28,2,1,1,5,0.7,1,0.8574,NA,NA,NA,0,0,0,0,18.8946,17.3018,78.4496,262.0034,1935,1935,"0.15,0.2,0.3,0.35,0.45",0,1.4142,0.15,0.85,NA,NA,NA,NA,NA,NA,NA,NA,NA,NA,NA,NA,NA,NA,NA,"15,20,30,35,45","0.62828086,0.83770782,1.25656172,1.46598868,1.88484259",-2.8,2,1,2.5,1.6,1,0
"Set_5dose_methods_prior","Set_5dose_methods_prior_SC6",6,"CRM","crm_fixed",NA,NA,"fixed",NA,0.9,0,0.0714,28,3,1,1,1,0.5,0.5,0.3992,0,NA,NA,12.9716,13.8837,13.8837,0,14.5457,13.8837,87.0284,212.7642,1935,1935,"0.15,0.2,0.3,0.35,0.45",0,1.4142,0.15,0.85,NA,NA,NA,NA,NA,NA,NA,NA,NA,NA,NA,NA,NA,NA,NA,NA,NA,NA,NA,NA,NA,NA,NA,NA
"Set_5dose_methods_prior","Set_5dose_methods_prior_SC6",6,"CRM","crm_fixed",NA,NA,"fixed",NA,0.9,0,0.0714,28,3,1,1,2,0.55,1,0.4571,NA,NA,NA,0,0.662,0.662,0.662,14.5457,13.8837,87.0284,212.7642,1935,1935,"0.15,0.2,0.3,0.35,0.45",0,1.4142,0.15,0.85,NA,NA,NA,NA,NA,NA,NA,NA,NA,NA,NA,NA,NA,NA,NA,NA,NA,NA,NA,NA,NA,NA,NA,NA
"Set_5dose_methods_prior","Set_5dose_methods_prior_SC6",6,"CRM","crm_fixed",NA,NA,"fixed",NA,0.9,0,0.0714,28,3,1,1,3,0.6,1,0.5544,NA,NA,NA,0,0,0,0,14.5457,13.8837,87.0284,212.7642,1935,1935,"0.15,0.2,0.3,0.35,0.45",0,1.4142,0.15,0.85,NA,NA,NA,NA,NA,NA,NA,NA,NA,NA,NA,NA,NA,NA,NA,NA,NA,NA,NA,NA,NA,NA,NA,NA
"Set_5dose_methods_prior","Set_5dose_methods_prior_SC6",6,"CRM","crm_fixed",NA,NA,"fixed",NA,0.9,0,0.0714,28,3,1,1,4,0.65,1,0.597,NA,NA,NA,0,0,0,0,14.5457,13.8837,87.0284,212.7642,1935,1935,"0.15,0.2,0.3,0.35,0.45",0,1.4142,0.15,0.85,NA,NA,NA,NA,NA,NA,NA,NA,NA,NA,NA,NA,NA,NA,NA,NA,NA,NA,NA,NA,NA,NA,NA,NA
"Set_5dose_methods_prior","Set_5dose_methods_prior_SC6",6,"CRM","crm_fixed",NA,NA,"fixed",NA,0.9,0,0.0714,28,3,1,1,5,0.7,1,0.6743,NA,NA,NA,0,0,0,0,14.5457,13.8837,87.0284,212.7642,1935,1935,"0.15,0.2,0.3,0.35,0.45",0,1.4142,0.15,0.85,NA,NA,NA,NA,NA,NA,NA,NA,NA,NA,NA,NA,NA,NA,NA,NA,NA,NA,NA,NA,NA,NA,NA,NA
"Set_5dose_methods_prior","Set_5dose_methods_prior_SC6",6,"CRM","crm_level",NA,NA,"level",NA,0.9,0,0.0714,28,3,1,1,1,0.5,0.5,0.3949,NA,NA,NA,14.8837,13.6465,13.6465,0,14.924,14.1044,85.0129,216.7046,1935,1935,"0.15,0.2,0.3,0.35,0.45",0,1.4142,0.15,0.85,NA,NA,NA,NA,NA,NA,NA,NA,NA,NA,NA,NA,NA,NA,NA,NA,NA,NA,NA,NA,NA,NA,NA,NA
"Set_5dose_methods_prior","Set_5dose_methods_prior_SC6",6,"CRM","crm_level",NA,NA,"level",NA,0.9,0,0.0714,28,3,1,1,2,0.55,1,0.4524,0.2204,NA,NA,0.1034,1.0326,1.0326,0.7907,14.924,14.1044,85.0129,216.7046,1935,1935,"0.15,0.2,0.3,0.35,0.45",0,1.4142,0.15,0.85,NA,NA,NA,NA,NA,NA,NA,NA,NA,NA,NA,NA,NA,NA,NA,NA,NA,NA,NA,NA,NA,NA,NA,NA
"Set_5dose_methods_prior","Set_5dose_methods_prior_SC6",6,"CRM","crm_level",NA,NA,"level",NA,0.9,0,0.0714,28,3,1,1,3,0.6,1,0.5495,0.142,NA,NA,0,0.2202,0.2202,0.0088,14.924,14.1044,85.0129,216.7046,1935,1935,"0.15,0.2,0.3,0.35,0.45",0,1.4142,0.15,0.85,NA,NA,NA,NA,NA,NA,NA,NA,NA,NA,NA,NA,NA,NA,NA,NA,NA,NA,NA,NA,NA,NA,NA,NA
"Set_5dose_methods_prior","Set_5dose_methods_prior_SC6",6,"CRM","crm_level",NA,NA,"level",NA,0.9,0,0.0714,28,3,1,1,4,0.65,1,0.5922,0.1534,NA,NA,0,0.0233,0.0233,0.0202,14.924,14.1044,85.0129,216.7046,1935,1935,"0.15,0.2,0.3,0.35,0.45",0,1.4142,0.15,0.85,NA,NA,NA,NA,NA,NA,NA,NA,NA,NA,NA,NA,NA,NA,NA,NA,NA,NA,NA,NA,NA,NA,NA,NA
"Set_5dose_methods_prior","Set_5dose_methods_prior_SC6",6,"CRM","crm_level",NA,NA,"level",NA,0.9,0,0.0714,28,3,1,1,5,0.7,1,0.6698,0.1501,NA,NA,0,0.0016,0.0016,0,14.924,14.1044,85.0129,216.7046,1935,1935,"0.15,0.2,0.3,0.35,0.45",0,1.4142,0.15,0.85,NA,NA,NA,NA,NA,NA,NA,NA,NA,NA,NA,NA,NA,NA,NA,NA,NA,NA,NA,NA,NA,NA,NA,NA
"Set_5dose_methods_prior","Set_5dose_methods_prior_SC6",6,"CRM","crm_random",NA,NA,"random",NA,0.9,0,0.0714,28,3,1,1,1,0.5,0.5,0.3937,0.2079,NA,NA,14.4703,13.7039,13.7039,0,14.9829,14.138,85.478,217.4957,1935,1935,"0.15,0.2,0.3,0.35,0.45",0,1.4142,0.15,0.85,NA,NA,NA,NA,NA,NA,NA,NA,NA,NA,NA,NA,NA,NA,NA,NA,NA,NA,NA,NA,NA,NA,NA,NA
"Set_5dose_methods_prior","Set_5dose_methods_prior_SC6",6,"CRM","crm_random",NA,NA,"random",NA,0.9,0,0.0714,28,3,1,1,2,0.55,1,0.4509,NA,NA,NA,0,1.045,1.045,0.8119,14.9829,14.138,85.478,217.4957,1935,1935,"0.15,0.2,0.3,0.35,0.45",0,1.4142,0.15,0.85,NA,NA,NA,NA,NA,NA,NA,NA,NA,NA,NA,NA,NA,NA,NA,NA,NA,NA,NA,NA,NA,NA,NA,NA
"Set_5dose_methods_prior","Set_5dose_methods_prior_SC6",6,"CRM","crm_random",NA,NA,"random",NA,0.9,0,0.0714,28,3,1,1,3,0.6,1,0.5478,NA,NA,NA,0.0517,0.2047,0.2047,0.016,14.9829,14.138,85.478,217.4957,1935,1935,"0.15,0.2,0.3,0.35,0.45",0,1.4142,0.15,0.85,NA,NA,NA,NA,NA,NA,NA,NA,NA,NA,NA,NA,NA,NA,NA,NA,NA,NA,NA,NA,NA,NA,NA,NA
"Set_5dose_methods_prior","Set_5dose_methods_prior_SC6",6,"CRM","crm_random",NA,NA,"random",NA,0.9,0,0.0714,28,3,1,1,4,0.65,1,0.5904,NA,NA,NA,0,0.0264,0.0264,0.0171,14.9829,14.138,85.478,217.4957,1935,1935,"0.15,0.2,0.3,0.35,0.45",0,1.4142,0.15,0.85,NA,NA,NA,NA,NA,NA,NA,NA,NA,NA,NA,NA,NA,NA,NA,NA,NA,NA,NA,NA,NA,NA,NA,NA
"Set_5dose_methods_prior","Set_5dose_methods_prior_SC6",6,"CRM","crm_random",NA,NA,"random",NA,0.9,0,0.0714,28,3,1,1,5,0.7,1,0.668,NA,NA,NA,0,0.0031,0.0031,0,14.9829,14.138,85.478,217.4957,1935,1935,"0.15,0.2,0.3,0.35,0.45",0,1.4142,0.15,0.85,NA,NA,NA,NA,NA,NA,NA,NA,NA,NA,NA,NA,NA,NA,NA,NA,NA,NA,NA,NA,NA,NA,NA,NA
"Set_5dose_methods_prior","Set_5dose_methods_prior_SC6",6,"CRM","crm_alpha_crm",NA,NA,"alpha_crm",NA,0.9,0,0.0714,28,3,1,1,1,0.5,0.5,0.3929,NA,NA,NA,10.9044,13.7674,13.7674,0,14.4853,13.7674,89.0956,211.3381,1935,1935,"0.15,0.2,0.3,0.35,0.45",0,1.4142,0.15,0.85,NA,NA,NA,NA,NA,NA,NA,NA,NA,NA,NA,NA,NA,"15,20,30,35,45",61,NA,NA,NA,NA,NA,NA,NA,NA,NA
"Set_5dose_methods_prior","Set_5dose_methods_prior_SC6",6,"CRM","crm_alpha_crm",NA,NA,"alpha_crm",NA,0.9,0,0.0714,28,3,1,1,2,0.55,1,0.4511,NA,NA,NA,0,0.7178,0.7178,0.7178,14.4853,13.7674,89.0956,211.3381,1935,1935,"0.15,0.2,0.3,0.35,0.45",0,1.4142,0.15,0.85,NA,NA,NA,NA,NA,NA,NA,NA,NA,NA,NA,NA,NA,"15,20,30,35,45",61,NA,NA,NA,NA,NA,NA,NA,NA,NA
"Set_5dose_methods_prior","Set_5dose_methods_prior_SC6",6,"CRM","crm_alpha_crm",NA,NA,"alpha_crm",NA,0.9,0,0.0714,28,3,1,1,3,0.6,1,0.5493,NA,NA,NA,0,0,0,0,14.4853,13.7674,89.0956,211.3381,1935,1935,"0.15,0.2,0.3,0.35,0.45",0,1.4142,0.15,0.85,NA,NA,NA,NA,NA,NA,NA,NA,NA,NA,NA,NA,NA,"15,20,30,35,45",61,NA,NA,NA,NA,NA,NA,NA,NA,NA
"Set_5dose_methods_prior","Set_5dose_methods_prior_SC6",6,"CRM","crm_alpha_crm",NA,NA,"alpha_crm",NA,0.9,0,0.0714,28,3,1,1,4,0.65,1,0.5926,NA,NA,NA,0,0,0,0,14.4853,13.7674,89.0956,211.3381,1935,1935,"0.15,0.2,0.3,0.35,0.45",0,1.4142,0.15,0.85,NA,NA,NA,NA,NA,NA,NA,NA,NA,NA,NA,NA,NA,"15,20,30,35,45",61,NA,NA,NA,NA,NA,NA,NA,NA,NA
"Set_5dose_methods_prior","Set_5dose_methods_prior_SC6",6,"CRM","crm_alpha_crm",NA,NA,"alpha_crm",NA,0.9,0,0.0714,28,3,1,1,5,0.7,1,0.6709,NA,NA,NA,0,0,0,0,14.4853,13.7674,89.0956,211.3381,1935,1935,"0.15,0.2,0.3,0.35,0.45",0,1.4142,0.15,0.85,NA,NA,NA,NA,NA,NA,NA,NA,NA,NA,NA,NA,NA,"15,20,30,35,45",61,NA,NA,NA,NA,NA,NA,NA,NA,NA
"Set_5dose_methods_prior","Set_5dose_methods_prior_SC6",6,"CRM","crm_cumu_crm",NA,NA,"cumu_crm",NA,0.9,0,0.0714,28,3,1,1,1,0.5,0.5,0.3875,NA,NA,NA,21.4987,16.2899,16.2899,0,18.8667,17.2749,78.4496,261.5849,1935,1935,"0.15,0.2,0.3,0.35,0.45",0,1.4142,0.15,0.85,NA,NA,NA,NA,NA,NA,NA,NA,NA,NA,NA,NA,NA,NA,NA,"15,20,30,35,45","0.62828086,0.83770782,1.25656172,1.46598868,1.88484259",-2.8,2,1,2.5,1.6,1,0
"Set_5dose_methods_prior","Set_5dose_methods_prior_SC6",6,"CRM","crm_cumu_crm",NA,NA,"cumu_crm",NA,0.9,0,0.0714,28,3,1,1,2,0.55,1,0.5024,NA,NA,NA,0.0517,2.5395,2.5395,1.5597,18.8667,17.2749,78.4496,261.5849,1935,1935,"0.15,0.2,0.3,0.35,0.45",0,1.4142,0.15,0.85,NA,NA,NA,NA,NA,NA,NA,NA,NA,NA,NA,NA,NA,NA,NA,"15,20,30,35,45","0.62828086,0.83770782,1.25656172,1.46598868,1.88484259",-2.8,2,1,2.5,1.6,1,0
"Set_5dose_methods_prior","Set_5dose_methods_prior_SC6",6,"CRM","crm_cumu_crm",NA,NA,"cumu_crm",NA,0.9,0,0.0714,28,3,1,1,3,0.6,1,0.6997,NA,NA,NA,0,0.0372,0.0372,0.032,18.8667,17.2749,78.4496,261.5849,1935,1935,"0.15,0.2,0.3,0.35,0.45",0,1.4142,0.15,0.85,NA,NA,NA,NA,NA,NA,NA,NA,NA,NA,NA,NA,NA,NA,NA,"15,20,30,35,45","0.62828086,0.83770782,1.25656172,1.46598868,1.88484259",-2.8,2,1,2.5,1.6,1,0
"Set_5dose_methods_prior","Set_5dose_methods_prior_SC6",6,"CRM","crm_cumu_crm",NA,NA,"cumu_crm",NA,0.9,0,0.0714,28,3,1,1,4,0.65,1,0.7685,NA,NA,NA,0,0,0,0,18.8667,17.2749,78.4496,261.5849,1935,1935,"0.15,0.2,0.3,0.35,0.45",0,1.4142,0.15,0.85,NA,NA,NA,NA,NA,NA,NA,NA,NA,NA,NA,NA,NA,NA,NA,"15,20,30,35,45","0.62828086,0.83770782,1.25656172,1.46598868,1.88484259",-2.8,2,1,2.5,1.6,1,0
"Set_5dose_methods_prior","Set_5dose_methods_prior_SC6",6,"CRM","crm_cumu_crm",NA,NA,"cumu_crm",NA,0.9,0,0.0714,28,3,1,1,5,0.7,1,0.8579,NA,NA,NA,0,0,0,0,18.8667,17.2749,78.4496,261.5849,1935,1935,"0.15,0.2,0.3,0.35,0.45",0,1.4142,0.15,0.85,NA,NA,NA,NA,NA,NA,NA,NA,NA,NA,NA,NA,NA,NA,NA,"15,20,30,35,45","0.62828086,0.83770782,1.25656172,1.46598868,1.88484259",-2.8,2,1,2.5,1.6,1,0
