"Scenario","Model","Method","BOIN_Method","BOIN_r_estimator","CRM_r_model","Alpha_true","r_carry","Accrual","T_assess","Cycle_Max","Continuous_Enrollment","Dose","True_DLT_rate","True_IPDE_DLT_rate","Estimated_pj","r_hat","r_cap","r_use","MTD_Selection_pct","Pts_Treated","Unique_Pts_by_Dose","IPDE_Doses","Total_Administrations","Total_Unique_Patients","Early_Stopping_pct","Duration","n_valid","ntrial_from_files","CRM_Dose_Values","CRM_Theta_Prior_SD","CRM_Alpha_Grid_Length","CRM_Dose_Scores","CRM_Cumu_Beta0_Mean","CRM_Cumu_Beta0_Prec","CRM_Cumu_Beta0_DF","CRM_Cumu_Beta1_Shape","CRM_Cumu_Beta1_Rate","CRM_Cumu_Beta2_Rate","CRM_Cumu_Include_Current"
1,"CRM","crm_fixed",NA,NA,"fixed",0,0,0.0714,28,1,1,1,0.07,0.07,0.0804,0,NA,NA,0,4.047,4.047,0,29.949,29.949,0.2,437.0498,2000,2000,NA,NA,NA,NA,NA,NA,NA,NA,NA,NA,NA
1,"CRM","crm_fixed",NA,NA,"fixed",0,0,0.0714,28,1,1,2,0.12,0.12,0.1132,NA,NA,NA,1.5,3.99,3.99,0,29.949,29.949,0.2,437.0498,2000,2000,NA,NA,NA,NA,NA,NA,NA,NA,NA,NA,NA
1,"CRM","crm_fixed",NA,NA,"fixed",0,0,0.0714,28,1,1,3,0.17,0.17,0.1872,NA,NA,NA,9.3,5.2995,5.2995,0,29.949,29.949,0.2,437.0498,2000,2000,NA,NA,NA,NA,NA,NA,NA,NA,NA,NA,NA
1,"CRM","crm_fixed",NA,NA,"fixed",0,0,0.0714,28,1,1,4,0.22,0.22,0.2282,NA,NA,NA,24.85,6.1875,6.1875,0,29.949,29.949,0.2,437.0498,2000,2000,NA,NA,NA,NA,NA,NA,NA,NA,NA,NA,NA
1,"CRM","crm_fixed",NA,NA,"fixed",0,0,0.0714,28,1,1,5,0.3,0.3,0.3181,NA,NA,NA,64.15,10.425,10.425,0,29.949,29.949,0.2,437.0498,2000,2000,NA,NA,NA,NA,NA,NA,NA,NA,NA,NA,NA
1,"CRM","crm_level",NA,NA,"level",0,0,0.0714,28,1,1,1,0.07,0.07,0.0804,NA,NA,NA,0,4.0485,4.0485,0,29.949,29.949,0.2,437.0498,2000,2000,NA,NA,NA,NA,NA,NA,NA,NA,NA,NA,NA
1,"CRM","crm_level",NA,NA,"level",0,0,0.0714,28,1,1,2,0.12,0.12,0.1132,0.0802,NA,NA,1.5,4.0035,4.0035,0,29.949,29.949,0.2,437.0498,2000,2000,NA,NA,NA,NA,NA,NA,NA,NA,NA,NA,NA
1,"CRM","crm_level",NA,NA,"level",0,0,0.0714,28,1,1,3,0.17,0.17,0.1872,0.0794,NA,NA,9.5,5.2755,5.2755,0,29.949,29.949,0.2,437.0498,2000,2000,NA,NA,NA,NA,NA,NA,NA,NA,NA,NA,NA
1,"CRM","crm_level",NA,NA,"level",0,0,0.0714,28,1,1,4,0.22,0.22,0.2282,0.0873,NA,NA,24.45,6.189,6.189,0,29.949,29.949,0.2,437.0498,2000,2000,NA,NA,NA,NA,NA,NA,NA,NA,NA,NA,NA
1,"CRM","crm_level",NA,NA,"level",0,0,0.0714,28,1,1,5,0.3,0.3,0.3181,0.0991,NA,NA,64.35,10.4325,10.4325,0,29.949,29.949,0.2,437.0498,2000,2000,NA,NA,NA,NA,NA,NA,NA,NA,NA,NA,NA
1,"CRM","crm_random",NA,NA,"random",0,0,0.0714,28,1,1,1,0.07,0.07,0.0803,0.0829,NA,NA,0,4.0485,4.0485,0,29.949,29.949,0.2,437.0498,2000,2000,NA,NA,NA,NA,NA,NA,NA,NA,NA,NA,NA
1,"CRM","crm_random",NA,NA,"random",0,0,0.0714,28,1,1,2,0.12,0.12,0.1132,NA,NA,NA,1.45,4.0035,4.0035,0,29.949,29.949,0.2,437.0498,2000,2000,NA,NA,NA,NA,NA,NA,NA,NA,NA,NA,NA
1,"CRM","crm_random",NA,NA,"random",0,0,0.0714,28,1,1,3,0.17,0.17,0.1872,NA,NA,NA,9.55,5.2875,5.2875,0,29.949,29.949,0.2,437.0498,2000,2000,NA,NA,NA,NA,NA,NA,NA,NA,NA,NA,NA
1,"CRM","crm_random",NA,NA,"random",0,0,0.0714,28,1,1,4,0.22,0.22,0.2282,NA,NA,NA,24.6,6.1695,6.1695,0,29.949,29.949,0.2,437.0498,2000,2000,NA,NA,NA,NA,NA,NA,NA,NA,NA,NA,NA
1,"CRM","crm_random",NA,NA,"random",0,0,0.0714,28,1,1,5,0.3,0.3,0.3181,NA,NA,NA,64.2,10.44,10.44,0,29.949,29.949,0.2,437.0498,2000,2000,NA,NA,NA,NA,NA,NA,NA,NA,NA,NA,NA
1,"CRM","crm_alpha_crm",NA,NA,"alpha_crm",0,0,0.0714,28,1,1,1,0.07,0.07,0.0803,NA,NA,NA,0,4.0455,4.0455,0,29.949,29.949,0.2,437.0498,2000,2000,"15,20,30,35,45",1.4142,61,NA,NA,NA,NA,NA,NA,NA,NA
1,"CRM","crm_alpha_crm",NA,NA,"alpha_crm",0,0,0.0714,28,1,1,2,0.12,0.12,0.1131,NA,NA,NA,1.45,3.993,3.993,0,29.949,29.949,0.2,437.0498,2000,2000,"15,20,30,35,45",1.4142,61,NA,NA,NA,NA,NA,NA,NA,NA
1,"CRM","crm_alpha_crm",NA,NA,"alpha_crm",0,0,0.0714,28,1,1,3,0.17,0.17,0.1871,NA,NA,NA,9.2,5.301,5.301,0,29.949,29.949,0.2,437.0498,2000,2000,"15,20,30,35,45",1.4142,61,NA,NA,NA,NA,NA,NA,NA,NA
1,"CRM","crm_alpha_crm",NA,NA,"alpha_crm",0,0,0.0714,28,1,1,4,0.22,0.22,0.2281,NA,NA,NA,24.55,6.1335,6.1335,0,29.949,29.949,0.2,437.0498,2000,2000,"15,20,30,35,45",1.4142,61,NA,NA,NA,NA,NA,NA,NA,NA
1,"CRM","crm_alpha_crm",NA,NA,"alpha_crm",0,0,0.0714,28,1,1,5,0.3,0.3,0.318,NA,NA,NA,64.6,10.476,10.476,0,29.949,29.949,0.2,437.0498,2000,2000,"15,20,30,35,45",1.4142,61,NA,NA,NA,NA,NA,NA,NA,NA
1,"CRM","crm_cumu_crm",NA,NA,"cumu_crm",0,0,0.0714,28,1,1,1,0.07,0.07,0.1086,NA,NA,NA,0,3.171,3.171,0,29.973,29.973,0.1,437.3669,2000,2000,NA,NA,NA,"0.15811388,0.47434165,0.79056942,1.10679718,1.42302495",-2,2,1,1.83,1.21,1,0
1,"CRM","crm_cumu_crm",NA,NA,"cumu_crm",0,0,0.0714,28,1,1,2,0.12,0.12,0.1431,NA,NA,NA,1.75,4.1925,4.1925,0,29.973,29.973,0.1,437.3669,2000,2000,NA,NA,NA,"0.15811388,0.47434165,0.79056942,1.10679718,1.42302495",-2,2,1,1.83,1.21,1,0
1,"CRM","crm_cumu_crm",NA,NA,"cumu_crm",0,0,0.0714,28,1,1,3,0.17,0.17,0.1899,NA,NA,NA,9.95,5.7585,5.7585,0,29.973,29.973,0.1,437.3669,2000,2000,NA,NA,NA,"0.15811388,0.47434165,0.79056942,1.10679718,1.42302495",-2,2,1,1.83,1.21,1,0
1,"CRM","crm_cumu_crm",NA,NA,"cumu_crm",0,0,0.0714,28,1,1,4,0.22,0.22,0.25,NA,NA,NA,25.45,6.4635,6.4635,0,29.973,29.973,0.1,437.3669,2000,2000,NA,NA,NA,"0.15811388,0.47434165,0.79056942,1.10679718,1.42302495",-2,2,1,1.83,1.21,1,0
1,"CRM","crm_cumu_crm",NA,NA,"cumu_crm",0,0,0.0714,28,1,1,5,0.3,0.3,0.3203,NA,NA,NA,62.75,10.3875,10.3875,0,29.973,29.973,0.1,437.3669,2000,2000,NA,NA,NA,"0.15811388,0.47434165,0.79056942,1.10679718,1.42302495",-2,2,1,1.83,1.21,1,0
1,"CRM","crm_fixed",NA,NA,"fixed",0,0,0.0714,28,2,1,1,0.07,0.07,0.0802,0,NA,NA,0,4.044,4.044,0,29.949,21.9045,0.2,350.2396,2000,2000,NA,NA,NA,NA,NA,NA,NA,NA,NA,NA,NA
1,"CRM","crm_fixed",NA,NA,"fixed",0,0,0.0714,28,2,1,2,0.12,0.12,0.113,NA,NA,NA,1.45,3.9975,3.9975,3.3915,29.949,21.9045,0.2,350.2396,2000,2000,NA,NA,NA,NA,NA,NA,NA,NA,NA,NA,NA
1,"CRM","crm_fixed",NA,NA,"fixed",0,0,0.0714,28,2,1,3,0.17,0.17,0.1869,NA,NA,NA,9.4,5.2965,5.2965,0.3755,29.949,21.9045,0.2,350.2396,2000,2000,NA,NA,NA,NA,NA,NA,NA,NA,NA,NA,NA
1,"CRM","crm_fixed",NA,NA,"fixed",0,0,0.0714,28,2,1,4,0.22,0.22,0.2279,NA,NA,NA,24.6,6.198,6.198,3.241,29.949,21.9045,0.2,350.2396,2000,2000,NA,NA,NA,NA,NA,NA,NA,NA,NA,NA,NA
1,"CRM","crm_fixed",NA,NA,"fixed",0,0,0.0714,28,2,1,5,0.3,0.3,0.3178,NA,NA,NA,64.35,10.413,10.413,1.0365,29.949,21.9045,0.2,350.2396,2000,2000,NA,NA,NA,NA,NA,NA,NA,NA,NA,NA,NA
1,"CRM","crm_level",NA,NA,"level",0,0,0.0714,28,2,1,1,0.07,0.07,0.0754,NA,NA,NA,0,3.9105,3.9105,0,29.949,22.259,0.2,352.2908,2000,2000,NA,NA,NA,NA,NA,NA,NA,NA,NA,NA,NA
1,"CRM","crm_level",NA,NA,"level",0,0,0.0714,28,2,1,2,0.12,0.12,0.1069,0.0444,NA,NA,1.2,3.882,3.882,3.278,29.949,22.259,0.2,352.2908,2000,2000,NA,NA,NA,NA,NA,NA,NA,NA,NA,NA,NA
1,"CRM","crm_level",NA,NA,"level",0,0,0.0714,28,2,1,3,0.17,0.17,0.1785,0.0756,NA,NA,8.35,5.0025,5.0025,0.413,29.949,22.259,0.2,352.2908,2000,2000,NA,NA,NA,NA,NA,NA,NA,NA,NA,NA,NA
1,"CRM","crm_level",NA,NA,"level",0,0,0.0714,28,2,1,4,0.22,0.22,0.2186,0.0559,NA,NA,21.1,5.628,5.628,3.0945,29.949,22.259,0.2,352.2908,2000,2000,NA,NA,NA,NA,NA,NA,NA,NA,NA,NA,NA
1,"CRM","crm_level",NA,NA,"level",0,0,0.0714,28,2,1,5,0.3,0.3,0.3072,0.0899,NA,NA,69.15,11.526,11.526,0.9045,29.949,22.259,0.2,352.2908,2000,2000,NA,NA,NA,NA,NA,NA,NA,NA,NA,NA,NA
1,"CRM","crm_random",NA,NA,"random",0,0,0.0714,28,2,1,1,0.07,0.07,0.0764,0.034,NA,NA,0.05,3.906,3.906,0,29.949,22.195,0.2,352.1917,2000,2000,NA,NA,NA,NA,NA,NA,NA,NA,NA,NA,NA
1,"CRM","crm_random",NA,NA,"random",0,0,0.0714,28,2,1,2,0.12,0.12,0.1081,NA,NA,NA,1.15,3.879,3.879,3.282,29.949,22.195,0.2,352.1917,2000,2000,NA,NA,NA,NA,NA,NA,NA,NA,NA,NA,NA
1,"CRM","crm_random",NA,NA,"random",0,0,0.0714,28,2,1,3,0.17,0.17,0.1801,NA,NA,NA,8.8,5.0355,5.0355,0.399,29.949,22.195,0.2,352.1917,2000,2000,NA,NA,NA,NA,NA,NA,NA,NA,NA,NA,NA
1,"CRM","crm_random",NA,NA,"random",0,0,0.0714,28,2,1,4,0.22,0.22,0.2204,NA,NA,NA,21.75,5.847,5.847,3.104,29.949,22.195,0.2,352.1917,2000,2000,NA,NA,NA,NA,NA,NA,NA,NA,NA,NA,NA
1,"CRM","crm_random",NA,NA,"random",0,0,0.0714,28,2,1,5,0.3,0.3,0.309,NA,NA,NA,68.05,11.2815,11.2815,0.969,29.949,22.195,0.2,352.1917,2000,2000,NA,NA,NA,NA,NA,NA,NA,NA,NA,NA,NA
1,"CRM","crm_alpha_crm",NA,NA,"alpha_crm",0,0,0.0714,28,2,1,1,0.07,0.07,0.0692,NA,NA,NA,0,3.9015,3.9015,0,29.949,22.522,0.2,353.8507,2000,2000,"15,20,30,35,45",1.4142,61,NA,NA,NA,NA,NA,NA,NA,NA
1,"CRM","crm_alpha_crm",NA,NA,"alpha_crm",0,0,0.0714,28,2,1,2,0.12,0.12,0.0993,NA,NA,NA,1,3.81,3.81,3.2425,29.949,22.522,0.2,353.8507,2000,2000,"15,20,30,35,45",1.4142,61,NA,NA,NA,NA,NA,NA,NA,NA
1,"CRM","crm_alpha_crm",NA,NA,"alpha_crm",0,0,0.0714,28,2,1,3,0.17,0.17,0.1687,NA,NA,NA,5.35,4.569,4.569,0.3965,29.949,22.522,0.2,353.8507,2000,2000,"15,20,30,35,45",1.4142,61,NA,NA,NA,NA,NA,NA,NA,NA
1,"CRM","crm_alpha_crm",NA,NA,"alpha_crm",0,0,0.0714,28,2,1,4,0.22,0.22,0.208,NA,NA,NA,18.55,5.1795,5.1795,2.9035,29.949,22.522,0.2,353.8507,2000,2000,"15,20,30,35,45",1.4142,61,NA,NA,NA,NA,NA,NA,NA,NA
1,"CRM","crm_alpha_crm",NA,NA,"alpha_crm",0,0,0.0714,28,2,1,5,0.3,0.3,0.2957,NA,NA,NA,74.9,12.489,12.489,0.8845,29.949,22.522,0.2,353.8507,2000,2000,"15,20,30,35,45",1.4142,61,NA,NA,NA,NA,NA,NA,NA,NA
1,"CRM","crm_cumu_crm",NA,NA,"cumu_crm",0,0,0.0714,28,2,1,1,0.07,0.07,0.1042,NA,NA,NA,0,3.1665,3.1665,0,29.973,22.3665,0.1,352.4184,2000,2000,NA,NA,NA,"0.15811388,0.47434165,0.79056942,1.10679718,1.42302495",-2,2,1,1.83,1.21,1,0
1,"CRM","crm_cumu_crm",NA,NA,"cumu_crm",0,0,0.0714,28,2,1,2,0.12,0.12,0.135,NA,NA,NA,1.2,4.068,4.068,2.892,29.973,22.3665,0.1,352.4184,2000,2000,NA,NA,NA,"0.15811388,0.47434165,0.79056942,1.10679718,1.42302495",-2,2,1,1.83,1.21,1,0
1,"CRM","crm_cumu_crm",NA,NA,"cumu_crm",0,0,0.0714,28,2,1,3,0.17,0.17,0.1764,NA,NA,NA,6.4,5.0055,5.0055,0.6865,29.973,22.3665,0.1,352.4184,2000,2000,NA,NA,NA,"0.15811388,0.47434165,0.79056942,1.10679718,1.42302495",-2,2,1,1.83,1.21,1,0
1,"CRM","crm_cumu_crm",NA,NA,"cumu_crm",0,0,0.0714,28,2,1,4,0.22,0.22,0.2297,NA,NA,NA,18.1,5.7915,5.7915,2.812,29.973,22.3665,0.1,352.4184,2000,2000,NA,NA,NA,"0.15811388,0.47434165,0.79056942,1.10679718,1.42302495",-2,2,1,1.83,1.21,1,0
1,"CRM","crm_cumu_crm",NA,NA,"cumu_crm",0,0,0.0714,28,2,1,5,0.3,0.3,0.2934,NA,NA,NA,74.2,11.9415,11.9415,1.216,29.973,22.3665,0.1,352.4184,2000,2000,NA,NA,NA,"0.15811388,0.47434165,0.79056942,1.10679718,1.42302495",-2,2,1,1.83,1.21,1,0
1,"CRM","crm_fixed",NA,NA,"fixed",0,0,0.0714,28,3,1,1,0.07,0.07,0.0803,0,NA,NA,0,4.041,4.041,0,29.949,19.4605,0.2,331.5652,2000,2000,NA,NA,NA,NA,NA,NA,NA,NA,NA,NA,NA
1,"CRM","crm_fixed",NA,NA,"fixed",0,0,0.0714,28,3,1,2,0.12,0.12,0.1131,NA,NA,NA,1.35,3.9855,3.9855,3.384,29.949,19.4605,0.2,331.5652,2000,2000,NA,NA,NA,NA,NA,NA,NA,NA,NA,NA,NA
1,"CRM","crm_fixed",NA,NA,"fixed",0,0,0.0714,28,3,1,3,0.17,0.17,0.1871,NA,NA,NA,9.5,5.2965,5.2965,3.176,29.949,19.4605,0.2,331.5652,2000,2000,NA,NA,NA,NA,NA,NA,NA,NA,NA,NA,NA
1,"CRM","crm_fixed",NA,NA,"fixed",0,0,0.0714,28,3,1,4,0.22,0.22,0.2281,NA,NA,NA,24.5,6.1755,6.1755,1.1945,29.949,19.4605,0.2,331.5652,2000,2000,NA,NA,NA,NA,NA,NA,NA,NA,NA,NA,NA
1,"CRM","crm_fixed",NA,NA,"fixed",0,0,0.0714,28,3,1,5,0.3,0.3,0.318,NA,NA,NA,64.45,10.4505,10.4505,2.734,29.949,19.4605,0.2,331.5652,2000,2000,NA,NA,NA,NA,NA,NA,NA,NA,NA,NA,NA
1,"CRM","crm_level",NA,NA,"level",0,0,0.0714,28,3,1,1,0.07,0.07,0.0742,NA,NA,NA,0,3.9075,3.9075,0,29.949,19.7855,0.2,332.9372,2000,2000,NA,NA,NA,NA,NA,NA,NA,NA,NA,NA,NA
1,"CRM","crm_level",NA,NA,"level",0,0,0.0714,28,3,1,2,0.12,0.12,0.1053,0.0427,NA,NA,1.15,3.7995,3.7995,3.268,29.949,19.7855,0.2,332.9372,2000,2000,NA,NA,NA,NA,NA,NA,NA,NA,NA,NA,NA
1,"CRM","crm_level",NA,NA,"level",0,0,0.0714,28,3,1,3,0.17,0.17,0.1764,0.0472,NA,NA,7.45,4.77,4.77,3.08,29.949,19.7855,0.2,332.9372,2000,2000,NA,NA,NA,NA,NA,NA,NA,NA,NA,NA,NA
1,"CRM","crm_level",NA,NA,"level",0,0,0.0714,28,3,1,4,0.22,0.22,0.2163,0.0735,NA,NA,20.65,5.625,5.625,1.003,29.949,19.7855,0.2,332.9372,2000,2000,NA,NA,NA,NA,NA,NA,NA,NA,NA,NA,NA
1,"CRM","crm_level",NA,NA,"level",0,0,0.0714,28,3,1,5,0.3,0.3,0.3044,0.0723,NA,NA,70.55,11.847,11.847,2.8125,29.949,19.7855,0.2,332.9372,2000,2000,NA,NA,NA,NA,NA,NA,NA,NA,NA,NA,NA
1,"CRM","crm_random",NA,NA,"random",0,0,0.0714,28,3,1,1,0.07,0.07,0.0758,0.0286,NA,NA,0,3.9285,3.9285,0,29.949,19.697,0.2,332.2312,2000,2000,NA,NA,NA,NA,NA,NA,NA,NA,NA,NA,NA
1,"CRM","crm_random",NA,NA,"random",0,0,0.0714,28,3,1,2,0.12,0.12,0.1073,NA,NA,NA,1.3,3.7875,3.7875,3.284,29.949,19.697,0.2,332.2312,2000,2000,NA,NA,NA,NA,NA,NA,NA,NA,NA,NA,NA
1,"CRM","crm_random",NA,NA,"random",0,0,0.0714,28,3,1,3,0.17,0.17,0.1791,NA,NA,NA,8,4.8045,4.8045,3.1,29.949,19.697,0.2,332.2312,2000,2000,NA,NA,NA,NA,NA,NA,NA,NA,NA,NA,NA
1,"CRM","crm_random",NA,NA,"random",0,0,0.0714,28,3,1,4,0.22,0.22,0.2192,NA,NA,NA,21.65,5.919,5.919,1.0325,29.949,19.697,0.2,332.2312,2000,2000,NA,NA,NA,NA,NA,NA,NA,NA,NA,NA,NA
1,"CRM","crm_random",NA,NA,"random",0,0,0.0714,28,3,1,5,0.3,0.3,0.3076,NA,NA,NA,68.85,11.5095,11.5095,2.8355,29.949,19.697,0.2,332.2312,2000,2000,NA,NA,NA,NA,NA,NA,NA,NA,NA,NA,NA
1,"CRM","crm_alpha_crm",NA,NA,"alpha_crm",0,0,0.0714,28,3,1,1,0.07,0.07,0.0658,NA,NA,NA,0.05,3.897,3.897,0,29.949,20.309,0.2,334.6628,2000,2000,"15,20,30,35,45",1.4142,61,NA,NA,NA,NA,NA,NA,NA,NA
1,"CRM","crm_alpha_crm",NA,NA,"alpha_crm",0,0,0.0714,28,3,1,2,0.12,0.12,0.0948,NA,NA,NA,0.75,3.663,3.663,3.2335,29.949,20.309,0.2,334.6628,2000,2000,"15,20,30,35,45",1.4142,61,NA,NA,NA,NA,NA,NA,NA,NA
1,"CRM","crm_alpha_crm",NA,NA,"alpha_crm",0,0,0.0714,28,3,1,3,0.17,0.17,0.1625,NA,NA,NA,4.85,4.1325,4.1325,3.022,29.949,20.309,0.2,334.6628,2000,2000,"15,20,30,35,45",1.4142,61,NA,NA,NA,NA,NA,NA,NA,NA
1,"CRM","crm_alpha_crm",NA,NA,"alpha_crm",0,0,0.0714,28,3,1,4,0.22,0.22,0.2011,NA,NA,NA,16.7,5.061,5.061,0.715,29.949,20.309,0.2,334.6628,2000,2000,"15,20,30,35,45",1.4142,61,NA,NA,NA,NA,NA,NA,NA,NA
1,"CRM","crm_alpha_crm",NA,NA,"alpha_crm",0,0,0.0714,28,3,1,5,0.3,0.3,0.2877,NA,NA,NA,77.45,13.1955,13.1955,2.6695,29.949,20.309,0.2,334.6628,2000,2000,"15,20,30,35,45",1.4142,61,NA,NA,NA,NA,NA,NA,NA,NA
1,"CRM","crm_cumu_crm",NA,NA,"cumu_crm",0,0,0.0714,28,3,1,1,0.07,0.07,0.103,NA,NA,NA,0,3.162,3.162,0,29.973,19.911,0.1,331.5483,2000,2000,NA,NA,NA,"0.15811388,0.47434165,0.79056942,1.10679718,1.42302495",-2,2,1,1.83,1.21,1,0
1,"CRM","crm_cumu_crm",NA,NA,"cumu_crm",0,0,0.0714,28,3,1,2,0.12,0.12,0.1324,NA,NA,NA,0.9,3.885,3.885,2.892,29.973,19.911,0.1,331.5483,2000,2000,NA,NA,NA,"0.15811388,0.47434165,0.79056942,1.10679718,1.42302495",-2,2,1,1.83,1.21,1,0
1,"CRM","crm_cumu_crm",NA,NA,"cumu_crm",0,0,0.0714,28,3,1,3,0.17,0.17,0.1718,NA,NA,NA,5.45,4.869,4.869,3.032,29.973,19.911,0.1,331.5483,2000,2000,NA,NA,NA,"0.15811388,0.47434165,0.79056942,1.10679718,1.42302495",-2,2,1,1.83,1.21,1,0
1,"CRM","crm_cumu_crm",NA,NA,"cumu_crm",0,0,0.0714,28,3,1,4,0.22,0.22,0.2225,NA,NA,NA,16.05,5.5635,5.5635,1.2185,29.973,19.911,0.1,331.5483,2000,2000,NA,NA,NA,"0.15811388,0.47434165,0.79056942,1.10679718,1.42302495",-2,2,1,1.83,1.21,1,0
1,"CRM","crm_cumu_crm",NA,NA,"cumu_crm",0,0,0.0714,28,3,1,5,0.3,0.3,0.2833,NA,NA,NA,77.5,12.4935,12.4935,2.9195,29.973,19.911,0.1,331.5483,2000,2000,NA,NA,NA,"0.15811388,0.47434165,0.79056942,1.10679718,1.42302495",-2,2,1,1.83,1.21,1,0
1,"CRM","crm_fixed",NA,NA,"fixed",0.3,0,0.0714,28,1,1,1,0.07,0.07,0.0803,0,NA,NA,0,4.0425,4.0425,0,29.949,29.949,0.2,437.0498,2000,2000,NA,NA,NA,NA,NA,NA,NA,NA,NA,NA,NA
1,"CRM","crm_fixed",NA,NA,"fixed",0.3,0,0.0714,28,1,1,2,0.12,0.141,0.1131,NA,NA,NA,1.5,3.993,3.993,0,29.949,29.949,0.2,437.0498,2000,2000,NA,NA,NA,NA,NA,NA,NA,NA,NA,NA,NA
1,"CRM","crm_fixed",NA,NA,"fixed",0.3,0,0.0714,28,1,1,3,0.17,0.206,0.1871,NA,NA,NA,9.25,5.2995,5.2995,0,29.949,29.949,0.2,437.0498,2000,2000,NA,NA,NA,NA,NA,NA,NA,NA,NA,NA,NA
1,"CRM","crm_fixed",NA,NA,"fixed",0.3,0,0.0714,28,1,1,4,0.22,0.271,0.2281,NA,NA,NA,24.4,6.1845,6.1845,0,29.949,29.949,0.2,437.0498,2000,2000,NA,NA,NA,NA,NA,NA,NA,NA,NA,NA,NA
1,"CRM","crm_fixed",NA,NA,"fixed",0.3,0,0.0714,28,1,1,5,0.3,0.366,0.318,NA,NA,NA,64.65,10.4295,10.4295,0,29.949,29.949,0.2,437.0498,2000,2000,NA,NA,NA,NA,NA,NA,NA,NA,NA,NA,NA
1,"CRM","crm_level",NA,NA,"level",0.3,0,0.0714,28,1,1,1,0.07,0.07,0.0803,NA,NA,NA,0,4.0455,4.0455,0,29.949,29.949,0.2,437.0498,2000,2000,NA,NA,NA,NA,NA,NA,NA,NA,NA,NA,NA
1,"CRM","crm_level",NA,NA,"level",0.3,0,0.0714,28,1,1,2,0.12,0.141,0.1131,0.0804,NA,NA,1.45,3.999,3.999,0,29.949,29.949,0.2,437.0498,2000,2000,NA,NA,NA,NA,NA,NA,NA,NA,NA,NA,NA
1,"CRM","crm_level",NA,NA,"level",0.3,0,0.0714,28,1,1,3,0.17,0.206,0.187,0.0805,NA,NA,9.4,5.2875,5.2875,0,29.949,29.949,0.2,437.0498,2000,2000,NA,NA,NA,NA,NA,NA,NA,NA,NA,NA,NA
1,"CRM","crm_level",NA,NA,"level",0.3,0,0.0714,28,1,1,4,0.22,0.271,0.228,0.085,NA,NA,24.45,6.177,6.177,0,29.949,29.949,0.2,437.0498,2000,2000,NA,NA,NA,NA,NA,NA,NA,NA,NA,NA,NA
1,"CRM","crm_level",NA,NA,"level",0.3,0,0.0714,28,1,1,5,0.3,0.366,0.3179,0.0985,NA,NA,64.5,10.44,10.44,0,29.949,29.949,0.2,437.0498,2000,2000,NA,NA,NA,NA,NA,NA,NA,NA,NA,NA,NA
1,"CRM","crm_random",NA,NA,"random",0.3,0,0.0714,28,1,1,1,0.07,0.07,0.0803,0.0805,NA,NA,0,4.047,4.047,0,29.949,29.949,0.2,437.0498,2000,2000,NA,NA,NA,NA,NA,NA,NA,NA,NA,NA,NA
1,"CRM","crm_random",NA,NA,"random",0.3,0,0.0714,28,1,1,2,0.12,0.141,0.1131,NA,NA,NA,1.45,3.9855,3.9855,0,29.949,29.949,0.2,437.0498,2000,2000,NA,NA,NA,NA,NA,NA,NA,NA,NA,NA,NA
1,"CRM","crm_random",NA,NA,"random",0.3,0,0.0714,28,1,1,3,0.17,0.206,0.187,NA,NA,NA,9.3,5.2995,5.2995,0,29.949,29.949,0.2,437.0498,2000,2000,NA,NA,NA,NA,NA,NA,NA,NA,NA,NA,NA
1,"CRM","crm_random",NA,NA,"random",0.3,0,0.0714,28,1,1,4,0.22,0.271,0.2281,NA,NA,NA,24.55,6.174,6.174,0,29.949,29.949,0.2,437.0498,2000,2000,NA,NA,NA,NA,NA,NA,NA,NA,NA,NA,NA
1,"CRM","crm_random",NA,NA,"random",0.3,0,0.0714,28,1,1,5,0.3,0.366,0.3179,NA,NA,NA,64.5,10.443,10.443,0,29.949,29.949,0.2,437.0498,2000,2000,NA,NA,NA,NA,NA,NA,NA,NA,NA,NA,NA
1,"CRM","crm_alpha_crm",NA,NA,"alpha_crm",0.3,0,0.0714,28,1,1,1,0.07,0.07,0.0803,NA,NA,NA,0,4.0455,4.0455,0,29.949,29.949,0.2,437.0498,2000,2000,"15,20,30,35,45",1.4142,61,NA,NA,NA,NA,NA,NA,NA,NA
1,"CRM","crm_alpha_crm",NA,NA,"alpha_crm",0.3,0,0.0714,28,1,1,2,0.12,0.141,0.1131,NA,NA,NA,1.45,3.993,3.993,0,29.949,29.949,0.2,437.0498,2000,2000,"15,20,30,35,45",1.4142,61,NA,NA,NA,NA,NA,NA,NA,NA
1,"CRM","crm_alpha_crm",NA,NA,"alpha_crm",0.3,0,0.0714,28,1,1,3,0.17,0.206,0.1871,NA,NA,NA,9.2,5.301,5.301,0,29.949,29.949,0.2,437.0498,2000,2000,"15,20,30,35,45",1.4142,61,NA,NA,NA,NA,NA,NA,NA,NA
1,"CRM","crm_alpha_crm",NA,NA,"alpha_crm",0.3,0,0.0714,28,1,1,4,0.22,0.271,0.2281,NA,NA,NA,24.55,6.1335,6.1335,0,29.949,29.949,0.2,437.0498,2000,2000,"15,20,30,35,45",1.4142,61,NA,NA,NA,NA,NA,NA,NA,NA
1,"CRM","crm_alpha_crm",NA,NA,"alpha_crm",0.3,0,0.0714,28,1,1,5,0.3,0.366,0.318,NA,NA,NA,64.6,10.476,10.476,0,29.949,29.949,0.2,437.0498,2000,2000,"15,20,30,35,45",1.4142,61,NA,NA,NA,NA,NA,NA,NA,NA
1,"CRM","crm_cumu_crm",NA,NA,"cumu_crm",0.3,0,0.0714,28,1,1,1,0.07,0.07,0.1086,NA,NA,NA,0,3.171,3.171,0,29.973,29.973,0.1,437.3669,2000,2000,NA,NA,NA,"0.15811388,0.47434165,0.79056942,1.10679718,1.42302495",-2,2,1,1.83,1.21,1,0
1,"CRM","crm_cumu_crm",NA,NA,"cumu_crm",0.3,0,0.0714,28,1,1,2,0.12,0.141,0.143,NA,NA,NA,1.7,4.1805,4.1805,0,29.973,29.973,0.1,437.3669,2000,2000,NA,NA,NA,"0.15811388,0.47434165,0.79056942,1.10679718,1.42302495",-2,2,1,1.83,1.21,1,0
1,"CRM","crm_cumu_crm",NA,NA,"cumu_crm",0.3,0,0.0714,28,1,1,3,0.17,0.206,0.1897,NA,NA,NA,10.1,5.757,5.757,0,29.973,29.973,0.1,437.3669,2000,2000,NA,NA,NA,"0.15811388,0.47434165,0.79056942,1.10679718,1.42302495",-2,2,1,1.83,1.21,1,0
1,"CRM","crm_cumu_crm",NA,NA,"cumu_crm",0.3,0,0.0714,28,1,1,4,0.22,0.271,0.2496,NA,NA,NA,25.4,6.4485,6.4485,0,29.973,29.973,0.1,437.3669,2000,2000,NA,NA,NA,"0.15811388,0.47434165,0.79056942,1.10679718,1.42302495",-2,2,1,1.83,1.21,1,0
1,"CRM","crm_cumu_crm",NA,NA,"cumu_crm",0.3,0,0.0714,28,1,1,5,0.3,0.366,0.3198,NA,NA,NA,62.7,10.416,10.416,0,29.973,29.973,0.1,437.3669,2000,2000,NA,NA,NA,"0.15811388,0.47434165,0.79056942,1.10679718,1.42302495",-2,2,1,1.83,1.21,1,0
1,"CRM","crm_fixed",NA,NA,"fixed",0.3,0,0.0714,28,2,1,1,0.07,0.07,0.0874,0,NA,NA,0.05,4.116,4.116,0,29.949,21.6475,0.2,348.7125,2000,2000,NA,NA,NA,NA,NA,NA,NA,NA,NA,NA,NA
1,"CRM","crm_fixed",NA,NA,"fixed",0.3,0,0.0714,28,2,1,2,0.12,0.141,0.1218,NA,NA,NA,2.05,4.212,4.212,3.459,29.949,21.6475,0.2,348.7125,2000,2000,NA,NA,NA,NA,NA,NA,NA,NA,NA,NA,NA
1,"CRM","crm_fixed",NA,NA,"fixed",0.3,0,0.0714,28,2,1,3,0.17,0.206,0.1982,NA,NA,NA,12.15,5.733,5.733,0.43,29.949,21.6475,0.2,348.7125,2000,2000,NA,NA,NA,NA,NA,NA,NA,NA,NA,NA,NA
1,"CRM","crm_fixed",NA,NA,"fixed",0.3,0,0.0714,28,2,1,4,0.22,0.271,0.2401,NA,NA,NA,28.65,6.5805,6.5805,3.368,29.949,21.6475,0.2,348.7125,2000,2000,NA,NA,NA,NA,NA,NA,NA,NA,NA,NA,NA
1,"CRM","crm_fixed",NA,NA,"fixed",0.3,0,0.0714,28,2,1,5,0.3,0.366,0.331,NA,NA,NA,56.9,9.3075,9.3075,1.0445,29.949,21.6475,0.2,348.7125,2000,2000,NA,NA,NA,NA,NA,NA,NA,NA,NA,NA,NA
1,"CRM","crm_level",NA,NA,"level",0.3,0,0.0714,28,2,1,1,0.07,0.07,0.0808,NA,NA,NA,0.05,3.9645,3.9645,0,29.949,21.9715,0.2,351.1278,2000,2000,NA,NA,NA,NA,NA,NA,NA,NA,NA,NA,NA
1,"CRM","crm_level",NA,NA,"level",0.3,0,0.0714,28,2,1,2,0.12,0.141,0.1135,0.0447,NA,NA,1.85,4.047,4.047,3.3245,29.949,21.9715,0.2,351.1278,2000,2000,NA,NA,NA,NA,NA,NA,NA,NA,NA,NA,NA
1,"CRM","crm_level",NA,NA,"level",0.3,0,0.0714,28,2,1,3,0.17,0.206,0.1871,0.0801,NA,NA,9.75,5.298,5.298,0.466,29.949,21.9715,0.2,351.1278,2000,2000,NA,NA,NA,NA,NA,NA,NA,NA,NA,NA,NA
1,"CRM","crm_level",NA,NA,"level",0.3,0,0.0714,28,2,1,4,0.22,0.271,0.2279,0.0686,NA,NA,24.7,6.033,6.033,3.1975,29.949,21.9715,0.2,351.1278,2000,2000,NA,NA,NA,NA,NA,NA,NA,NA,NA,NA,NA
1,"CRM","crm_level",NA,NA,"level",0.3,0,0.0714,28,2,1,5,0.3,0.366,0.3173,0.0918,NA,NA,63.45,10.6065,10.6065,0.9895,29.949,21.9715,0.2,351.1278,2000,2000,NA,NA,NA,NA,NA,NA,NA,NA,NA,NA,NA
1,"CRM","crm_random",NA,NA,"random",0.3,0,0.0714,28,2,1,1,0.07,0.07,0.0813,0.0423,NA,NA,0,3.942,3.942,0,29.949,21.964,0.2,351.1315,2000,2000,NA,NA,NA,NA,NA,NA,NA,NA,NA,NA,NA
1,"CRM","crm_random",NA,NA,"random",0.3,0,0.0714,28,2,1,2,0.12,0.141,0.1141,NA,NA,NA,1.75,4.02,4.02,3.3195,29.949,21.964,0.2,351.1315,2000,2000,NA,NA,NA,NA,NA,NA,NA,NA,NA,NA,NA
1,"CRM","crm_random",NA,NA,"random",0.3,0,0.0714,28,2,1,3,0.17,0.206,0.1879,NA,NA,NA,9.95,5.3445,5.3445,0.4595,29.949,21.964,0.2,351.1315,2000,2000,NA,NA,NA,NA,NA,NA,NA,NA,NA,NA,NA
1,"CRM","crm_random",NA,NA,"random",0.3,0,0.0714,28,2,1,4,0.22,0.271,0.2287,NA,NA,NA,25.1,6.0825,6.0825,3.2425,29.949,21.964,0.2,351.1315,2000,2000,NA,NA,NA,NA,NA,NA,NA,NA,NA,NA,NA
1,"CRM","crm_random",NA,NA,"random",0.3,0,0.0714,28,2,1,5,0.3,0.366,0.318,NA,NA,NA,63,10.56,10.56,0.9635,29.949,21.964,0.2,351.1315,2000,2000,NA,NA,NA,NA,NA,NA,NA,NA,NA,NA,NA
1,"CRM","crm_alpha_crm",NA,NA,"alpha_crm",0.3,0,0.0714,28,2,1,1,0.07,0.07,0.0738,NA,NA,NA,0,3.93,3.93,0,29.949,22.2685,0.2,352.4936,2000,2000,"15,20,30,35,45",1.4142,61,NA,NA,NA,NA,NA,NA,NA,NA
1,"CRM","crm_alpha_crm",NA,NA,"alpha_crm",0.3,0,0.0714,28,2,1,2,0.12,0.141,0.1049,NA,NA,NA,1.45,3.9735,3.9735,3.2765,29.949,22.2685,0.2,352.4936,2000,2000,"15,20,30,35,45",1.4142,61,NA,NA,NA,NA,NA,NA,NA,NA
1,"CRM","crm_alpha_crm",NA,NA,"alpha_crm",0.3,0,0.0714,28,2,1,3,0.17,0.206,0.1761,NA,NA,NA,6.5,4.8285,4.8285,0.4835,29.949,22.2685,0.2,352.4936,2000,2000,"15,20,30,35,45",1.4142,61,NA,NA,NA,NA,NA,NA,NA,NA
1,"CRM","crm_alpha_crm",NA,NA,"alpha_crm",0.3,0,0.0714,28,2,1,4,0.22,0.271,0.216,NA,NA,NA,21.3,5.532,5.532,2.977,29.949,22.2685,0.2,352.4936,2000,2000,"15,20,30,35,45",1.4142,61,NA,NA,NA,NA,NA,NA,NA,NA
1,"CRM","crm_alpha_crm",NA,NA,"alpha_crm",0.3,0,0.0714,28,2,1,5,0.3,0.366,0.3045,NA,NA,NA,70.55,11.685,11.685,0.9435,29.949,22.2685,0.2,352.4936,2000,2000,"15,20,30,35,45",1.4142,61,NA,NA,NA,NA,NA,NA,NA,NA
1,"CRM","crm_cumu_crm",NA,NA,"cumu_crm",0.3,0,0.0714,28,2,1,1,0.07,0.07,0.1068,NA,NA,NA,0,3.1815,3.1815,0,29.973,22.108,0.1,351.2473,2000,2000,NA,NA,NA,"0.15811388,0.47434165,0.79056942,1.10679718,1.42302495",-2,2,1,1.83,1.21,1,0
1,"CRM","crm_cumu_crm",NA,NA,"cumu_crm",0.3,0,0.0714,28,2,1,2,0.12,0.141,0.1391,NA,NA,NA,1.45,4.248,4.248,2.912,29.973,22.108,0.1,351.2473,2000,2000,NA,NA,NA,"0.15811388,0.47434165,0.79056942,1.10679718,1.42302495",-2,2,1,1.83,1.21,1,0
1,"CRM","crm_cumu_crm",NA,NA,"cumu_crm",0.3,0,0.0714,28,2,1,3,0.17,0.206,0.1825,NA,NA,NA,8,5.3235,5.3235,0.7855,29.973,22.108,0.1,351.2473,2000,2000,NA,NA,NA,"0.15811388,0.47434165,0.79056942,1.10679718,1.42302495",-2,2,1,1.83,1.21,1,0
1,"CRM","crm_cumu_crm",NA,NA,"cumu_crm",0.3,0,0.0714,28,2,1,4,0.22,0.271,0.2381,NA,NA,NA,20.35,6.057,6.057,2.905,29.973,22.108,0.1,351.2473,2000,2000,NA,NA,NA,"0.15811388,0.47434165,0.79056942,1.10679718,1.42302495",-2,2,1,1.83,1.21,1,0
1,"CRM","crm_cumu_crm",NA,NA,"cumu_crm",0.3,0,0.0714,28,2,1,5,0.3,0.366,0.3038,NA,NA,NA,70.1,11.163,11.163,1.2625,29.973,22.108,0.1,351.2473,2000,2000,NA,NA,NA,"0.15811388,0.47434165,0.79056942,1.10679718,1.42302495",-2,2,1,1.83,1.21,1,0
1,"CRM","crm_fixed",NA,NA,"fixed",0.3,0,0.0714,28,3,1,1,0.07,0.07,0.0895,0,NA,NA,0.05,4.125,4.125,0,29.949,19.2175,0.2,330.8885,2000,2000,NA,NA,NA,NA,NA,NA,NA,NA,NA,NA,NA
1,"CRM","crm_fixed",NA,NA,"fixed",0.3,0,0.0714,28,3,1,2,0.12,0.141,0.1244,NA,NA,NA,2.65,4.3545,4.3545,3.4745,29.949,19.2175,0.2,330.8885,2000,2000,NA,NA,NA,NA,NA,NA,NA,NA,NA,NA,NA
1,"CRM","crm_fixed",NA,NA,"fixed",0.3,0,0.0714,28,3,1,3,0.17,0.206,0.2016,NA,NA,NA,12.25,5.8545,5.8545,3.2935,29.949,19.2175,0.2,330.8885,2000,2000,NA,NA,NA,NA,NA,NA,NA,NA,NA,NA,NA
1,"CRM","crm_fixed",NA,NA,"fixed",0.3,0,0.0714,28,3,1,4,0.22,0.271,0.2437,NA,NA,NA,29.05,6.504,6.504,1.4205,29.949,19.2175,0.2,330.8885,2000,2000,NA,NA,NA,NA,NA,NA,NA,NA,NA,NA,NA
1,"CRM","crm_fixed",NA,NA,"fixed",0.3,0,0.0714,28,3,1,5,0.3,0.366,0.335,NA,NA,NA,55.8,9.111,9.111,2.543,29.949,19.2175,0.2,330.8885,2000,2000,NA,NA,NA,NA,NA,NA,NA,NA,NA,NA,NA
1,"CRM","crm_level",NA,NA,"level",0.3,0,0.0714,28,3,1,1,0.07,0.07,0.0808,NA,NA,NA,0,3.951,3.951,0,29.949,19.551,0.2,331.9403,2000,2000,NA,NA,NA,NA,NA,NA,NA,NA,NA,NA,NA
1,"CRM","crm_level",NA,NA,"level",0.3,0,0.0714,28,3,1,2,0.12,0.141,0.1134,0.0489,NA,NA,1.85,4.0245,4.0245,3.3205,29.949,19.551,0.2,331.9403,2000,2000,NA,NA,NA,NA,NA,NA,NA,NA,NA,NA,NA
1,"CRM","crm_level",NA,NA,"level",0.3,0,0.0714,28,3,1,3,0.17,0.206,0.1869,0.053,NA,NA,9.8,5.1765,5.1765,3.158,29.949,19.551,0.2,331.9403,2000,2000,NA,NA,NA,NA,NA,NA,NA,NA,NA,NA,NA
1,"CRM","crm_level",NA,NA,"level",0.3,0,0.0714,28,3,1,4,0.22,0.271,0.2276,0.0758,NA,NA,23.65,6.105,6.105,1.1865,29.949,19.551,0.2,331.9403,2000,2000,NA,NA,NA,NA,NA,NA,NA,NA,NA,NA,NA
1,"CRM","crm_level",NA,NA,"level",0.3,0,0.0714,28,3,1,5,0.3,0.366,0.3168,0.0859,NA,NA,64.5,10.692,10.692,2.733,29.949,19.551,0.2,331.9403,2000,2000,NA,NA,NA,NA,NA,NA,NA,NA,NA,NA,NA
1,"CRM","crm_random",NA,NA,"random",0.3,0,0.0714,28,3,1,1,0.07,0.07,0.0826,0.0377,NA,NA,0,3.9345,3.9345,0,29.949,19.457,0.2,331.5543,2000,2000,NA,NA,NA,NA,NA,NA,NA,NA,NA,NA,NA
1,"CRM","crm_random",NA,NA,"random",0.3,0,0.0714,28,3,1,2,0.12,0.141,0.1156,NA,NA,NA,1.7,4.023,4.023,3.3035,29.949,19.457,0.2,331.5543,2000,2000,NA,NA,NA,NA,NA,NA,NA,NA,NA,NA,NA
1,"CRM","crm_random",NA,NA,"random",0.3,0,0.0714,28,3,1,3,0.17,0.206,0.1898,NA,NA,NA,10.25,5.3175,5.3175,3.162,29.949,19.457,0.2,331.5543,2000,2000,NA,NA,NA,NA,NA,NA,NA,NA,NA,NA,NA
1,"CRM","crm_random",NA,NA,"random",0.3,0,0.0714,28,3,1,4,0.22,0.271,0.2307,NA,NA,NA,24.9,6.159,6.159,1.2305,29.949,19.457,0.2,331.5543,2000,2000,NA,NA,NA,NA,NA,NA,NA,NA,NA,NA,NA
1,"CRM","crm_random",NA,NA,"random",0.3,0,0.0714,28,3,1,5,0.3,0.366,0.3202,NA,NA,NA,62.95,10.515,10.515,2.796,29.949,19.457,0.2,331.5543,2000,2000,NA,NA,NA,NA,NA,NA,NA,NA,NA,NA,NA
1,"CRM","crm_alpha_crm",NA,NA,"alpha_crm",0.3,0,0.0714,28,3,1,1,0.07,0.07,0.0715,NA,NA,NA,0.05,3.9255,3.9255,0,29.949,20.045,0.2,333.9209,2000,2000,"15,20,30,35,45",1.4142,61,NA,NA,NA,NA,NA,NA,NA,NA
1,"CRM","crm_alpha_crm",NA,NA,"alpha_crm",0.3,0,0.0714,28,3,1,2,0.12,0.141,0.1019,NA,NA,NA,1.4,3.8475,3.8475,3.2725,29.949,20.045,0.2,333.9209,2000,2000,"15,20,30,35,45",1.4142,61,NA,NA,NA,NA,NA,NA,NA,NA
1,"CRM","crm_alpha_crm",NA,NA,"alpha_crm",0.3,0,0.0714,28,3,1,3,0.17,0.206,0.1718,NA,NA,NA,6,4.5105,4.5105,3.083,29.949,20.045,0.2,333.9209,2000,2000,"15,20,30,35,45",1.4142,61,NA,NA,NA,NA,NA,NA,NA,NA
1,"CRM","crm_alpha_crm",NA,NA,"alpha_crm",0.3,0,0.0714,28,3,1,4,0.22,0.271,0.2112,NA,NA,NA,19.6,5.3505,5.3505,0.8865,29.949,20.045,0.2,333.9209,2000,2000,"15,20,30,35,45",1.4142,61,NA,NA,NA,NA,NA,NA,NA,NA
1,"CRM","crm_alpha_crm",NA,NA,"alpha_crm",0.3,0,0.0714,28,3,1,5,0.3,0.366,0.2989,NA,NA,NA,72.75,12.315,12.315,2.662,29.949,20.045,0.2,333.9209,2000,2000,"15,20,30,35,45",1.4142,61,NA,NA,NA,NA,NA,NA,NA,NA
1,"CRM","crm_cumu_crm",NA,NA,"cumu_crm",0.3,0,0.0714,28,3,1,1,0.07,0.07,0.1061,NA,NA,NA,0,3.1815,3.1815,0,29.973,19.662,0.1,331.239,2000,2000,NA,NA,NA,"0.15811388,0.47434165,0.79056942,1.10679718,1.42302495",-2,2,1,1.83,1.21,1,0
1,"CRM","crm_cumu_crm",NA,NA,"cumu_crm",0.3,0,0.0714,28,3,1,2,0.12,0.141,0.1374,NA,NA,NA,1.15,4.1445,4.1445,2.908,29.973,19.662,0.1,331.239,2000,2000,NA,NA,NA,"0.15811388,0.47434165,0.79056942,1.10679718,1.42302495",-2,2,1,1.83,1.21,1,0
1,"CRM","crm_cumu_crm",NA,NA,"cumu_crm",0.3,0,0.0714,28,3,1,3,0.17,0.206,0.1795,NA,NA,NA,6.95,5.331,5.331,3.1375,29.973,19.662,0.1,331.239,2000,2000,NA,NA,NA,"0.15811388,0.47434165,0.79056942,1.10679718,1.42302495",-2,2,1,1.83,1.21,1,0
1,"CRM","crm_cumu_crm",NA,NA,"cumu_crm",0.3,0,0.0714,28,3,1,4,0.22,0.271,0.2332,NA,NA,NA,19.3,5.778,5.778,1.407,29.973,19.662,0.1,331.239,2000,2000,NA,NA,NA,"0.15811388,0.47434165,0.79056942,1.10679718,1.42302495",-2,2,1,1.83,1.21,1,0
1,"CRM","crm_cumu_crm",NA,NA,"cumu_crm",0.3,0,0.0714,28,3,1,5,0.3,0.366,0.297,NA,NA,NA,72.5,11.538,11.538,2.8585,29.973,19.662,0.1,331.239,2000,2000,NA,NA,NA,"0.15811388,0.47434165,0.79056942,1.10679718,1.42302495",-2,2,1,1.83,1.21,1,0
1,"CRM","crm_fixed",NA,NA,"fixed",0.6,0,0.0714,28,1,1,1,0.07,0.07,0.0804,0,NA,NA,0,4.0515,4.0515,0,29.949,29.949,0.2,437.0498,2000,2000,NA,NA,NA,NA,NA,NA,NA,NA,NA,NA,NA
1,"CRM","crm_fixed",NA,NA,"fixed",0.6,0,0.0714,28,1,1,2,0.12,0.162,0.1132,NA,NA,NA,1.45,3.987,3.987,0,29.949,29.949,0.2,437.0498,2000,2000,NA,NA,NA,NA,NA,NA,NA,NA,NA,NA,NA
1,"CRM","crm_fixed",NA,NA,"fixed",0.6,0,0.0714,28,1,1,3,0.17,0.242,0.1872,NA,NA,NA,9.4,5.283,5.283,0,29.949,29.949,0.2,437.0498,2000,2000,NA,NA,NA,NA,NA,NA,NA,NA,NA,NA,NA
1,"CRM","crm_fixed",NA,NA,"fixed",0.6,0,0.0714,28,1,1,4,0.22,0.322,0.2282,NA,NA,NA,24.75,6.2235,6.2235,0,29.949,29.949,0.2,437.0498,2000,2000,NA,NA,NA,NA,NA,NA,NA,NA,NA,NA,NA
1,"CRM","crm_fixed",NA,NA,"fixed",0.6,0,0.0714,28,1,1,5,0.3,0.432,0.3181,NA,NA,NA,64.2,10.404,10.404,0,29.949,29.949,0.2,437.0498,2000,2000,NA,NA,NA,NA,NA,NA,NA,NA,NA,NA,NA
1,"CRM","crm_level",NA,NA,"level",0.6,0,0.0714,28,1,1,1,0.07,0.07,0.0804,NA,NA,NA,0,4.047,4.047,0,29.949,29.949,0.2,437.0498,2000,2000,NA,NA,NA,NA,NA,NA,NA,NA,NA,NA,NA
1,"CRM","crm_level",NA,NA,"level",0.6,0,0.0714,28,1,1,2,0.12,0.162,0.1132,0.08,NA,NA,1.45,3.9975,3.9975,0,29.949,29.949,0.2,437.0498,2000,2000,NA,NA,NA,NA,NA,NA,NA,NA,NA,NA,NA
1,"CRM","crm_level",NA,NA,"level",0.6,0,0.0714,28,1,1,3,0.17,0.242,0.1872,0.0784,NA,NA,9.25,5.2905,5.2905,0,29.949,29.949,0.2,437.0498,2000,2000,NA,NA,NA,NA,NA,NA,NA,NA,NA,NA,NA
1,"CRM","crm_level",NA,NA,"level",0.6,0,0.0714,28,1,1,4,0.22,0.322,0.2282,0.084,NA,NA,24.85,6.216,6.216,0,29.949,29.949,0.2,437.0498,2000,2000,NA,NA,NA,NA,NA,NA,NA,NA,NA,NA,NA
1,"CRM","crm_level",NA,NA,"level",0.6,0,0.0714,28,1,1,5,0.3,0.432,0.3181,0.0966,NA,NA,64.25,10.398,10.398,0,29.949,29.949,0.2,437.0498,2000,2000,NA,NA,NA,NA,NA,NA,NA,NA,NA,NA,NA
1,"CRM","crm_random",NA,NA,"random",0.6,0,0.0714,28,1,1,1,0.07,0.07,0.0803,0.0793,NA,NA,0,4.0455,4.0455,0,29.949,29.949,0.2,437.0498,2000,2000,NA,NA,NA,NA,NA,NA,NA,NA,NA,NA,NA
1,"CRM","crm_random",NA,NA,"random",0.6,0,0.0714,28,1,1,2,0.12,0.162,0.1131,NA,NA,NA,1.4,3.9945,3.9945,0,29.949,29.949,0.2,437.0498,2000,2000,NA,NA,NA,NA,NA,NA,NA,NA,NA,NA,NA
1,"CRM","crm_random",NA,NA,"random",0.6,0,0.0714,28,1,1,3,0.17,0.242,0.1871,NA,NA,NA,9.45,5.2965,5.2965,0,29.949,29.949,0.2,437.0498,2000,2000,NA,NA,NA,NA,NA,NA,NA,NA,NA,NA,NA
1,"CRM","crm_random",NA,NA,"random",0.6,0,0.0714,28,1,1,4,0.22,0.322,0.2281,NA,NA,NA,24.9,6.1875,6.1875,0,29.949,29.949,0.2,437.0498,2000,2000,NA,NA,NA,NA,NA,NA,NA,NA,NA,NA,NA
1,"CRM","crm_random",NA,NA,"random",0.6,0,0.0714,28,1,1,5,0.3,0.432,0.318,NA,NA,NA,64.05,10.425,10.425,0,29.949,29.949,0.2,437.0498,2000,2000,NA,NA,NA,NA,NA,NA,NA,NA,NA,NA,NA
1,"CRM","crm_alpha_crm",NA,NA,"alpha_crm",0.6,0,0.0714,28,1,1,1,0.07,0.07,0.0803,NA,NA,NA,0,4.0455,4.0455,0,29.949,29.949,0.2,437.0498,2000,2000,"15,20,30,35,45",1.4142,61,NA,NA,NA,NA,NA,NA,NA,NA
1,"CRM","crm_alpha_crm",NA,NA,"alpha_crm",0.6,0,0.0714,28,1,1,2,0.12,0.162,0.1131,NA,NA,NA,1.45,3.993,3.993,0,29.949,29.949,0.2,437.0498,2000,2000,"15,20,30,35,45",1.4142,61,NA,NA,NA,NA,NA,NA,NA,NA
1,"CRM","crm_alpha_crm",NA,NA,"alpha_crm",0.6,0,0.0714,28,1,1,3,0.17,0.242,0.1871,NA,NA,NA,9.2,5.301,5.301,0,29.949,29.949,0.2,437.0498,2000,2000,"15,20,30,35,45",1.4142,61,NA,NA,NA,NA,NA,NA,NA,NA
1,"CRM","crm_alpha_crm",NA,NA,"alpha_crm",0.6,0,0.0714,28,1,1,4,0.22,0.322,0.2281,NA,NA,NA,24.55,6.1335,6.1335,0,29.949,29.949,0.2,437.0498,2000,2000,"15,20,30,35,45",1.4142,61,NA,NA,NA,NA,NA,NA,NA,NA
1,"CRM","crm_alpha_crm",NA,NA,"alpha_crm",0.6,0,0.0714,28,1,1,5,0.3,0.432,0.318,NA,NA,NA,64.6,10.476,10.476,0,29.949,29.949,0.2,437.0498,2000,2000,"15,20,30,35,45",1.4142,61,NA,NA,NA,NA,NA,NA,NA,NA
1,"CRM","crm_cumu_crm",NA,NA,"cumu_crm",0.6,0,0.0714,28,1,1,1,0.07,0.07,0.1087,NA,NA,NA,0,3.174,3.174,0,29.973,29.973,0.1,437.3669,2000,2000,NA,NA,NA,"0.15811388,0.47434165,0.79056942,1.10679718,1.42302495",-2,2,1,1.83,1.21,1,0
1,"CRM","crm_cumu_crm",NA,NA,"cumu_crm",0.6,0,0.0714,28,1,1,2,0.12,0.162,0.1431,NA,NA,NA,1.7,4.1895,4.1895,0,29.973,29.973,0.1,437.3669,2000,2000,NA,NA,NA,"0.15811388,0.47434165,0.79056942,1.10679718,1.42302495",-2,2,1,1.83,1.21,1,0
1,"CRM","crm_cumu_crm",NA,NA,"cumu_crm",0.6,0,0.0714,28,1,1,3,0.17,0.242,0.19,NA,NA,NA,10.1,5.736,5.736,0,29.973,29.973,0.1,437.3669,2000,2000,NA,NA,NA,"0.15811388,0.47434165,0.79056942,1.10679718,1.42302495",-2,2,1,1.83,1.21,1,0
1,"CRM","crm_cumu_crm",NA,NA,"cumu_crm",0.6,0,0.0714,28,1,1,4,0.22,0.322,0.2501,NA,NA,NA,25.75,6.498,6.498,0,29.973,29.973,0.1,437.3669,2000,2000,NA,NA,NA,"0.15811388,0.47434165,0.79056942,1.10679718,1.42302495",-2,2,1,1.83,1.21,1,0
1,"CRM","crm_cumu_crm",NA,NA,"cumu_crm",0.6,0,0.0714,28,1,1,5,0.3,0.432,0.3205,NA,NA,NA,62.35,10.3755,10.3755,0,29.973,29.973,0.1,437.3669,2000,2000,NA,NA,NA,"0.15811388,0.47434165,0.79056942,1.10679718,1.42302495",-2,2,1,1.83,1.21,1,0
1,"CRM","crm_fixed",NA,NA,"fixed",0.6,0,0.0714,28,2,1,1,0.07,0.07,0.0949,0,NA,NA,0.05,4.221,4.221,0,29.949,21.3755,0.2,347.4077,2000,2000,NA,NA,NA,NA,NA,NA,NA,NA,NA,NA,NA
1,"CRM","crm_fixed",NA,NA,"fixed",0.6,0,0.0714,28,2,1,2,0.12,0.162,0.1309,NA,NA,NA,2.7,4.4955,4.4955,3.57,29.949,21.3755,0.2,347.4077,2000,2000,NA,NA,NA,NA,NA,NA,NA,NA,NA,NA,NA
1,"CRM","crm_fixed",NA,NA,"fixed",0.6,0,0.0714,28,2,1,3,0.17,0.242,0.2099,NA,NA,NA,15.9,6.15,6.15,0.523,29.949,21.3755,0.2,347.4077,2000,2000,NA,NA,NA,NA,NA,NA,NA,NA,NA,NA,NA
1,"CRM","crm_fixed",NA,NA,"fixed",0.6,0,0.0714,28,2,1,4,0.22,0.322,0.2527,NA,NA,NA,31.6,6.774,6.774,3.443,29.949,21.3755,0.2,347.4077,2000,2000,NA,NA,NA,NA,NA,NA,NA,NA,NA,NA,NA
1,"CRM","crm_fixed",NA,NA,"fixed",0.6,0,0.0714,28,2,1,5,0.3,0.432,0.3446,NA,NA,NA,49.55,8.3085,8.3085,1.0375,29.949,21.3755,0.2,347.4077,2000,2000,NA,NA,NA,NA,NA,NA,NA,NA,NA,NA,NA
1,"CRM","crm_level",NA,NA,"level",0.6,0,0.0714,28,2,1,1,0.07,0.07,0.0857,NA,NA,NA,0,3.99,3.99,0,29.949,21.8115,0.2,350.3137,2000,2000,NA,NA,NA,NA,NA,NA,NA,NA,NA,NA,NA
1,"CRM","crm_level",NA,NA,"level",0.6,0,0.0714,28,2,1,2,0.12,0.162,0.1195,0.0515,NA,NA,2.2,4.2345,4.2345,3.381,29.949,21.8115,0.2,350.3137,2000,2000,NA,NA,NA,NA,NA,NA,NA,NA,NA,NA,NA
1,"CRM","crm_level",NA,NA,"level",0.6,0,0.0714,28,2,1,3,0.17,0.242,0.1948,0.0739,NA,NA,11.9,5.5815,5.5815,0.522,29.949,21.8115,0.2,350.3137,2000,2000,NA,NA,NA,NA,NA,NA,NA,NA,NA,NA,NA
1,"CRM","crm_level",NA,NA,"level",0.6,0,0.0714,28,2,1,4,0.22,0.322,0.2362,0.0789,NA,NA,27.3,6.255,6.255,3.25,29.949,21.8115,0.2,350.3137,2000,2000,NA,NA,NA,NA,NA,NA,NA,NA,NA,NA,NA
1,"CRM","crm_level",NA,NA,"level",0.6,0,0.0714,28,2,1,5,0.3,0.432,0.3263,0.096,NA,NA,58.4,9.888,9.888,0.9845,29.949,21.8115,0.2,350.3137,2000,2000,NA,NA,NA,NA,NA,NA,NA,NA,NA,NA,NA
1,"CRM","crm_random",NA,NA,"random",0.6,0,0.0714,28,2,1,1,0.07,0.07,0.087,0.0486,NA,NA,0,3.9795,3.9795,0,29.949,21.763,0.2,349.9901,2000,2000,NA,NA,NA,NA,NA,NA,NA,NA,NA,NA,NA
1,"CRM","crm_random",NA,NA,"random",0.6,0,0.0714,28,2,1,2,0.12,0.162,0.121,NA,NA,NA,2.35,4.197,4.197,3.365,29.949,21.763,0.2,349.9901,2000,2000,NA,NA,NA,NA,NA,NA,NA,NA,NA,NA,NA
1,"CRM","crm_random",NA,NA,"random",0.6,0,0.0714,28,2,1,3,0.17,0.242,0.1966,NA,NA,NA,11.9,5.6385,5.6385,0.546,29.949,21.763,0.2,349.9901,2000,2000,NA,NA,NA,NA,NA,NA,NA,NA,NA,NA,NA
1,"CRM","crm_random",NA,NA,"random",0.6,0,0.0714,28,2,1,4,0.22,0.322,0.238,NA,NA,NA,27.85,6.369,6.369,3.255,29.949,21.763,0.2,349.9901,2000,2000,NA,NA,NA,NA,NA,NA,NA,NA,NA,NA,NA
1,"CRM","crm_random",NA,NA,"random",0.6,0,0.0714,28,2,1,5,0.3,0.432,0.3281,NA,NA,NA,57.7,9.765,9.765,1.02,29.949,21.763,0.2,349.9901,2000,2000,NA,NA,NA,NA,NA,NA,NA,NA,NA,NA,NA
1,"CRM","crm_alpha_crm",NA,NA,"alpha_crm",0.6,0,0.0714,28,2,1,1,0.07,0.07,0.0787,NA,NA,NA,0.05,3.975,3.975,0,29.949,22.0365,0.2,350.9721,2000,2000,"15,20,30,35,45",1.4142,61,NA,NA,NA,NA,NA,NA,NA,NA
1,"CRM","crm_alpha_crm",NA,NA,"alpha_crm",0.6,0,0.0714,28,2,1,2,0.12,0.162,0.1109,NA,NA,NA,1.5,4.1925,4.1925,3.335,29.949,22.0365,0.2,350.9721,2000,2000,"15,20,30,35,45",1.4142,61,NA,NA,NA,NA,NA,NA,NA,NA
1,"CRM","crm_alpha_crm",NA,NA,"alpha_crm",0.6,0,0.0714,28,2,1,3,0.17,0.242,0.1839,NA,NA,NA,8.75,5.088,5.088,0.5965,29.949,22.0365,0.2,350.9721,2000,2000,"15,20,30,35,45",1.4142,61,NA,NA,NA,NA,NA,NA,NA,NA
1,"CRM","crm_alpha_crm",NA,NA,"alpha_crm",0.6,0,0.0714,28,2,1,4,0.22,0.322,0.2245,NA,NA,NA,22.95,5.745,5.745,2.9855,29.949,22.0365,0.2,350.9721,2000,2000,"15,20,30,35,45",1.4142,61,NA,NA,NA,NA,NA,NA,NA,NA
1,"CRM","crm_alpha_crm",NA,NA,"alpha_crm",0.6,0,0.0714,28,2,1,5,0.3,0.432,0.3138,NA,NA,NA,66.55,10.9485,10.9485,0.9955,29.949,22.0365,0.2,350.9721,2000,2000,"15,20,30,35,45",1.4142,61,NA,NA,NA,NA,NA,NA,NA,NA
1,"CRM","crm_cumu_crm",NA,NA,"cumu_crm",0.6,0,0.0714,28,2,1,1,0.07,0.07,0.1094,NA,NA,NA,0,3.213,3.213,0,29.973,21.9,0.1,349.8203,2000,2000,NA,NA,NA,"0.15811388,0.47434165,0.79056942,1.10679718,1.42302495",-2,2,1,1.83,1.21,1,0
1,"CRM","crm_cumu_crm",NA,NA,"cumu_crm",0.6,0,0.0714,28,2,1,2,0.12,0.162,0.1434,NA,NA,NA,1.9,4.5105,4.5105,2.9375,29.973,21.9,0.1,349.8203,2000,2000,NA,NA,NA,"0.15811388,0.47434165,0.79056942,1.10679718,1.42302495",-2,2,1,1.83,1.21,1,0
1,"CRM","crm_cumu_crm",NA,NA,"cumu_crm",0.6,0,0.0714,28,2,1,3,0.17,0.242,0.1893,NA,NA,NA,9.85,5.559,5.559,0.9005,29.973,21.9,0.1,349.8203,2000,2000,NA,NA,NA,"0.15811388,0.47434165,0.79056942,1.10679718,1.42302495",-2,2,1,1.83,1.21,1,0
1,"CRM","crm_cumu_crm",NA,NA,"cumu_crm",0.6,0,0.0714,28,2,1,4,0.22,0.322,0.2477,NA,NA,NA,22.35,6.3105,6.3105,2.9295,29.973,21.9,0.1,349.8203,2000,2000,NA,NA,NA,"0.15811388,0.47434165,0.79056942,1.10679718,1.42302495",-2,2,1,1.83,1.21,1,0
1,"CRM","crm_cumu_crm",NA,NA,"cumu_crm",0.6,0,0.0714,28,2,1,5,0.3,0.432,0.3158,NA,NA,NA,65.8,10.38,10.38,1.3055,29.973,21.9,0.1,349.8203,2000,2000,NA,NA,NA,"0.15811388,0.47434165,0.79056942,1.10679718,1.42302495",-2,2,1,1.83,1.21,1,0
1,"CRM","crm_fixed",NA,NA,"fixed",0.6,0,0.0714,28,3,1,1,0.07,0.07,0.0991,0,NA,NA,0.05,4.242,4.242,0,29.949,19.0095,0.2,330.3373,2000,2000,NA,NA,NA,NA,NA,NA,NA,NA,NA,NA,NA
1,"CRM","crm_fixed",NA,NA,"fixed",0.6,0,0.0714,28,3,1,2,0.12,0.162,0.1361,NA,NA,NA,3.65,4.7715,4.7715,3.5955,29.949,19.0095,0.2,330.3373,2000,2000,NA,NA,NA,NA,NA,NA,NA,NA,NA,NA,NA
1,"CRM","crm_fixed",NA,NA,"fixed",0.6,0,0.0714,28,3,1,3,0.17,0.242,0.2164,NA,NA,NA,16.95,6.363,6.363,3.391,29.949,19.0095,0.2,330.3373,2000,2000,NA,NA,NA,NA,NA,NA,NA,NA,NA,NA,NA
1,"CRM","crm_fixed",NA,NA,"fixed",0.6,0,0.0714,28,3,1,4,0.22,0.322,0.2597,NA,NA,NA,32.25,6.7515,6.7515,1.574,29.949,19.0095,0.2,330.3373,2000,2000,NA,NA,NA,NA,NA,NA,NA,NA,NA,NA,NA
1,"CRM","crm_fixed",NA,NA,"fixed",0.6,0,0.0714,28,3,1,5,0.3,0.432,0.3522,NA,NA,NA,46.9,7.821,7.821,2.379,29.949,19.0095,0.2,330.3373,2000,2000,NA,NA,NA,NA,NA,NA,NA,NA,NA,NA,NA
1,"CRM","crm_level",NA,NA,"level",0.6,0,0.0714,28,3,1,1,0.07,0.07,0.0881,NA,NA,NA,0,3.9765,3.9765,0,29.949,19.3775,0.2,331.4056,2000,2000,NA,NA,NA,NA,NA,NA,NA,NA,NA,NA,NA
1,"CRM","crm_level",NA,NA,"level",0.6,0,0.0714,28,3,1,2,0.12,0.162,0.1224,0.0507,NA,NA,2.35,4.3155,4.3155,3.386,29.949,19.3775,0.2,331.4056,2000,2000,NA,NA,NA,NA,NA,NA,NA,NA,NA,NA,NA
1,"CRM","crm_level",NA,NA,"level",0.6,0,0.0714,28,3,1,3,0.17,0.242,0.1984,0.0569,NA,NA,13.35,5.658,5.658,3.1955,29.949,19.3775,0.2,331.4056,2000,2000,NA,NA,NA,NA,NA,NA,NA,NA,NA,NA,NA
1,"CRM","crm_level",NA,NA,"level",0.6,0,0.0714,28,3,1,4,0.22,0.322,0.24,0.0769,NA,NA,25.55,6.33,6.33,1.3785,29.949,19.3775,0.2,331.4056,2000,2000,NA,NA,NA,NA,NA,NA,NA,NA,NA,NA,NA
1,"CRM","crm_level",NA,NA,"level",0.6,0,0.0714,28,3,1,5,0.3,0.432,0.3304,0.1033,NA,NA,58.55,9.669,9.669,2.6115,29.949,19.3775,0.2,331.4056,2000,2000,NA,NA,NA,NA,NA,NA,NA,NA,NA,NA,NA
1,"CRM","crm_random",NA,NA,"random",0.6,0,0.0714,28,3,1,1,0.07,0.07,0.09,0.0471,NA,NA,0,4.002,4.002,0,29.949,19.3295,0.2,331.2037,2000,2000,NA,NA,NA,NA,NA,NA,NA,NA,NA,NA,NA
1,"CRM","crm_random",NA,NA,"random",0.6,0,0.0714,28,3,1,2,0.12,0.162,0.1246,NA,NA,NA,2.35,4.356,4.356,3.4015,29.949,19.3295,0.2,331.2037,2000,2000,NA,NA,NA,NA,NA,NA,NA,NA,NA,NA,NA
1,"CRM","crm_random",NA,NA,"random",0.6,0,0.0714,28,3,1,3,0.17,0.242,0.201,NA,NA,NA,13.5,5.67,5.67,3.2205,29.949,19.3295,0.2,331.2037,2000,2000,NA,NA,NA,NA,NA,NA,NA,NA,NA,NA,NA
1,"CRM","crm_random",NA,NA,"random",0.6,0,0.0714,28,3,1,4,0.22,0.322,0.2427,NA,NA,NA,27.25,6.405,6.405,1.3265,29.949,19.3295,0.2,331.2037,2000,2000,NA,NA,NA,NA,NA,NA,NA,NA,NA,NA,NA
1,"CRM","crm_random",NA,NA,"random",0.6,0,0.0714,28,3,1,5,0.3,0.432,0.333,NA,NA,NA,56.7,9.516,9.516,2.671,29.949,19.3295,0.2,331.2037,2000,2000,NA,NA,NA,NA,NA,NA,NA,NA,NA,NA,NA
1,"CRM","crm_alpha_crm",NA,NA,"alpha_crm",0.6,0,0.0714,28,3,1,1,0.07,0.07,0.0773,NA,NA,NA,0.1,3.9735,3.9735,0,29.949,19.828,0.2,333.1877,2000,2000,"15,20,30,35,45",1.4142,61,NA,NA,NA,NA,NA,NA,NA,NA
1,"CRM","crm_alpha_crm",NA,NA,"alpha_crm",0.6,0,0.0714,28,3,1,2,0.12,0.162,0.1091,NA,NA,NA,1.6,4.0875,4.0875,3.34,29.949,19.828,0.2,333.1877,2000,2000,"15,20,30,35,45",1.4142,61,NA,NA,NA,NA,NA,NA,NA,NA
1,"CRM","crm_alpha_crm",NA,NA,"alpha_crm",0.6,0,0.0714,28,3,1,3,0.17,0.242,0.1812,NA,NA,NA,8.55,4.821,4.821,3.145,29.949,19.828,0.2,333.1877,2000,2000,"15,20,30,35,45",1.4142,61,NA,NA,NA,NA,NA,NA,NA,NA
1,"CRM","crm_alpha_crm",NA,NA,"alpha_crm",0.6,0,0.0714,28,3,1,4,0.22,0.322,0.2214,NA,NA,NA,21.95,5.616,5.616,1.0025,29.949,19.828,0.2,333.1877,2000,2000,"15,20,30,35,45",1.4142,61,NA,NA,NA,NA,NA,NA,NA,NA
1,"CRM","crm_alpha_crm",NA,NA,"alpha_crm",0.6,0,0.0714,28,3,1,5,0.3,0.432,0.3102,NA,NA,NA,67.6,11.451,11.451,2.6335,29.949,19.828,0.2,333.1877,2000,2000,"15,20,30,35,45",1.4142,61,NA,NA,NA,NA,NA,NA,NA,NA
1,"CRM","crm_cumu_crm",NA,NA,"cumu_crm",0.6,0,0.0714,28,3,1,1,0.07,0.07,0.1092,NA,NA,NA,0,3.2115,3.2115,0,29.973,19.462,0.1,330.6788,2000,2000,NA,NA,NA,"0.15811388,0.47434165,0.79056942,1.10679718,1.42302495",-2,2,1,1.83,1.21,1,0
1,"CRM","crm_cumu_crm",NA,NA,"cumu_crm",0.6,0,0.0714,28,3,1,2,0.12,0.162,0.1427,NA,NA,NA,1.6,4.4835,4.4835,2.941,29.973,19.462,0.1,330.6788,2000,2000,NA,NA,NA,"0.15811388,0.47434165,0.79056942,1.10679718,1.42302495",-2,2,1,1.83,1.21,1,0
1,"CRM","crm_cumu_crm",NA,NA,"cumu_crm",0.6,0,0.0714,28,3,1,3,0.17,0.242,0.1878,NA,NA,NA,9.15,5.709,5.709,3.2305,29.973,19.462,0.1,330.6788,2000,2000,NA,NA,NA,"0.15811388,0.47434165,0.79056942,1.10679718,1.42302495",-2,2,1,1.83,1.21,1,0
1,"CRM","crm_cumu_crm",NA,NA,"cumu_crm",0.6,0,0.0714,28,3,1,4,0.22,0.322,0.2451,NA,NA,NA,21.95,6.06,6.06,1.619,29.973,19.462,0.1,330.6788,2000,2000,NA,NA,NA,"0.15811388,0.47434165,0.79056942,1.10679718,1.42302495",-2,2,1,1.83,1.21,1,0
1,"CRM","crm_cumu_crm",NA,NA,"cumu_crm",0.6,0,0.0714,28,3,1,5,0.3,0.432,0.3119,NA,NA,NA,67.2,10.509,10.509,2.7205,29.973,19.462,0.1,330.6788,2000,2000,NA,NA,NA,"0.15811388,0.47434165,0.79056942,1.10679718,1.42302495",-2,2,1,1.83,1.21,1,0
1,"CRM","crm_fixed",NA,NA,"fixed",0.9,0,0.0714,28,1,1,1,0.07,0.07,0.0803,0,NA,NA,0,4.044,4.044,0,29.949,29.949,0.2,437.0498,2000,2000,NA,NA,NA,NA,NA,NA,NA,NA,NA,NA,NA
1,"CRM","crm_fixed",NA,NA,"fixed",0.9,0,0.0714,28,1,1,2,0.12,0.183,0.1131,NA,NA,NA,1.5,3.993,3.993,0,29.949,29.949,0.2,437.0498,2000,2000,NA,NA,NA,NA,NA,NA,NA,NA,NA,NA,NA
1,"CRM","crm_fixed",NA,NA,"fixed",0.9,0,0.0714,28,1,1,3,0.17,0.278,0.1871,NA,NA,NA,9.35,5.3025,5.3025,0,29.949,29.949,0.2,437.0498,2000,2000,NA,NA,NA,NA,NA,NA,NA,NA,NA,NA,NA
1,"CRM","crm_fixed",NA,NA,"fixed",0.9,0,0.0714,28,1,1,4,0.22,0.373,0.2281,NA,NA,NA,24.7,6.1545,6.1545,0,29.949,29.949,0.2,437.0498,2000,2000,NA,NA,NA,NA,NA,NA,NA,NA,NA,NA,NA
1,"CRM","crm_fixed",NA,NA,"fixed",0.9,0,0.0714,28,1,1,5,0.3,0.498,0.3179,NA,NA,NA,64.25,10.455,10.455,0,29.949,29.949,0.2,437.0498,2000,2000,NA,NA,NA,NA,NA,NA,NA,NA,NA,NA,NA
1,"CRM","crm_level",NA,NA,"level",0.9,0,0.0714,28,1,1,1,0.07,0.07,0.0803,NA,NA,NA,0,4.047,4.047,0,29.949,29.949,0.2,437.0498,2000,2000,NA,NA,NA,NA,NA,NA,NA,NA,NA,NA,NA
1,"CRM","crm_level",NA,NA,"level",0.9,0,0.0714,28,1,1,2,0.12,0.183,0.1131,0.0798,NA,NA,1.4,3.987,3.987,0,29.949,29.949,0.2,437.0498,2000,2000,NA,NA,NA,NA,NA,NA,NA,NA,NA,NA,NA
1,"CRM","crm_level",NA,NA,"level",0.9,0,0.0714,28,1,1,3,0.17,0.278,0.1871,0.0791,NA,NA,9.35,5.3025,5.3025,0,29.949,29.949,0.2,437.0498,2000,2000,NA,NA,NA,NA,NA,NA,NA,NA,NA,NA,NA
1,"CRM","crm_level",NA,NA,"level",0.9,0,0.0714,28,1,1,4,0.22,0.373,0.2281,0.0836,NA,NA,24.55,6.195,6.195,0,29.949,29.949,0.2,437.0498,2000,2000,NA,NA,NA,NA,NA,NA,NA,NA,NA,NA,NA
1,"CRM","crm_level",NA,NA,"level",0.9,0,0.0714,28,1,1,5,0.3,0.498,0.318,0.0935,NA,NA,64.5,10.4175,10.4175,0,29.949,29.949,0.2,437.0498,2000,2000,NA,NA,NA,NA,NA,NA,NA,NA,NA,NA,NA
1,"CRM","crm_random",NA,NA,"random",0.9,0,0.0714,28,1,1,1,0.07,0.07,0.0803,0.0756,NA,NA,0,4.0455,4.0455,0,29.949,29.949,0.2,437.0498,2000,2000,NA,NA,NA,NA,NA,NA,NA,NA,NA,NA,NA
1,"CRM","crm_random",NA,NA,"random",0.9,0,0.0714,28,1,1,2,0.12,0.183,0.1131,NA,NA,NA,1.45,3.9975,3.9975,0,29.949,29.949,0.2,437.0498,2000,2000,NA,NA,NA,NA,NA,NA,NA,NA,NA,NA,NA
1,"CRM","crm_random",NA,NA,"random",0.9,0,0.0714,28,1,1,3,0.17,0.278,0.1871,NA,NA,NA,9.35,5.295,5.295,0,29.949,29.949,0.2,437.0498,2000,2000,NA,NA,NA,NA,NA,NA,NA,NA,NA,NA,NA
1,"CRM","crm_random",NA,NA,"random",0.9,0,0.0714,28,1,1,4,0.22,0.373,0.2281,NA,NA,NA,24.8,6.165,6.165,0,29.949,29.949,0.2,437.0498,2000,2000,NA,NA,NA,NA,NA,NA,NA,NA,NA,NA,NA
1,"CRM","crm_random",NA,NA,"random",0.9,0,0.0714,28,1,1,5,0.3,0.498,0.3179,NA,NA,NA,64.2,10.446,10.446,0,29.949,29.949,0.2,437.0498,2000,2000,NA,NA,NA,NA,NA,NA,NA,NA,NA,NA,NA
1,"CRM","crm_alpha_crm",NA,NA,"alpha_crm",0.9,0,0.0714,28,1,1,1,0.07,0.07,0.0803,NA,NA,NA,0,4.0455,4.0455,0,29.949,29.949,0.2,437.0498,2000,2000,"15,20,30,35,45",1.4142,61,NA,NA,NA,NA,NA,NA,NA,NA
1,"CRM","crm_alpha_crm",NA,NA,"alpha_crm",0.9,0,0.0714,28,1,1,2,0.12,0.183,0.1131,NA,NA,NA,1.45,3.993,3.993,0,29.949,29.949,0.2,437.0498,2000,2000,"15,20,30,35,45",1.4142,61,NA,NA,NA,NA,NA,NA,NA,NA
1,"CRM","crm_alpha_crm",NA,NA,"alpha_crm",0.9,0,0.0714,28,1,1,3,0.17,0.278,0.1871,NA,NA,NA,9.2,5.301,5.301,0,29.949,29.949,0.2,437.0498,2000,2000,"15,20,30,35,45",1.4142,61,NA,NA,NA,NA,NA,NA,NA,NA
1,"CRM","crm_alpha_crm",NA,NA,"alpha_crm",0.9,0,0.0714,28,1,1,4,0.22,0.373,0.2281,NA,NA,NA,24.55,6.1335,6.1335,0,29.949,29.949,0.2,437.0498,2000,2000,"15,20,30,35,45",1.4142,61,NA,NA,NA,NA,NA,NA,NA,NA
1,"CRM","crm_alpha_crm",NA,NA,"alpha_crm",0.9,0,0.0714,28,1,1,5,0.3,0.498,0.318,NA,NA,NA,64.6,10.476,10.476,0,29.949,29.949,0.2,437.0498,2000,2000,"15,20,30,35,45",1.4142,61,NA,NA,NA,NA,NA,NA,NA,NA
1,"CRM","crm_cumu_crm",NA,NA,"cumu_crm",0.9,0,0.0714,28,1,1,1,0.07,0.07,0.1087,NA,NA,NA,0,3.1695,3.1695,0,29.973,29.973,0.1,437.3669,2000,2000,NA,NA,NA,"0.15811388,0.47434165,0.79056942,1.10679718,1.42302495",-2,2,1,1.83,1.21,1,0
1,"CRM","crm_cumu_crm",NA,NA,"cumu_crm",0.9,0,0.0714,28,1,1,2,0.12,0.183,0.1431,NA,NA,NA,1.7,4.1865,4.1865,0,29.973,29.973,0.1,437.3669,2000,2000,NA,NA,NA,"0.15811388,0.47434165,0.79056942,1.10679718,1.42302495",-2,2,1,1.83,1.21,1,0
1,"CRM","crm_cumu_crm",NA,NA,"cumu_crm",0.9,0,0.0714,28,1,1,3,0.17,0.278,0.19,NA,NA,NA,9.8,5.748,5.748,0,29.973,29.973,0.1,437.3669,2000,2000,NA,NA,NA,"0.15811388,0.47434165,0.79056942,1.10679718,1.42302495",-2,2,1,1.83,1.21,1,0
1,"CRM","crm_cumu_crm",NA,NA,"cumu_crm",0.9,0,0.0714,28,1,1,4,0.22,0.373,0.25,NA,NA,NA,25.95,6.4815,6.4815,0,29.973,29.973,0.1,437.3669,2000,2000,NA,NA,NA,"0.15811388,0.47434165,0.79056942,1.10679718,1.42302495",-2,2,1,1.83,1.21,1,0
1,"CRM","crm_cumu_crm",NA,NA,"cumu_crm",0.9,0,0.0714,28,1,1,5,0.3,0.498,0.3203,NA,NA,NA,62.45,10.3875,10.3875,0,29.973,29.973,0.1,437.3669,2000,2000,NA,NA,NA,"0.15811388,0.47434165,0.79056942,1.10679718,1.42302495",-2,2,1,1.83,1.21,1,0
1,"CRM","crm_fixed",NA,NA,"fixed",0.9,0,0.0714,28,2,1,1,0.07,0.07,0.1025,0,NA,NA,0.05,4.3005,4.3005,0,29.949,21.189,0.2,346.0538,2000,2000,NA,NA,NA,NA,NA,NA,NA,NA,NA,NA,NA
1,"CRM","crm_fixed",NA,NA,"fixed",0.9,0,0.0714,28,2,1,2,0.12,0.183,0.1402,NA,NA,NA,3.9,4.782,4.782,3.6515,29.949,21.189,0.2,346.0538,2000,2000,NA,NA,NA,NA,NA,NA,NA,NA,NA,NA,NA
1,"CRM","crm_fixed",NA,NA,"fixed",0.9,0,0.0714,28,2,1,3,0.17,0.278,0.2215,NA,NA,NA,18.65,6.5925,6.5925,0.606,29.949,21.189,0.2,346.0538,2000,2000,NA,NA,NA,NA,NA,NA,NA,NA,NA,NA,NA
1,"CRM","crm_fixed",NA,NA,"fixed",0.9,0,0.0714,28,2,1,4,0.22,0.373,0.2651,NA,NA,NA,35,7.056,7.056,3.496,29.949,21.189,0.2,346.0538,2000,2000,NA,NA,NA,NA,NA,NA,NA,NA,NA,NA,NA
1,"CRM","crm_fixed",NA,NA,"fixed",0.9,0,0.0714,28,2,1,5,0.3,0.498,0.358,NA,NA,NA,42.2,7.218,7.218,1.0065,29.949,21.189,0.2,346.0538,2000,2000,NA,NA,NA,NA,NA,NA,NA,NA,NA,NA,NA
1,"CRM","crm_level",NA,NA,"level",0.9,0,0.0714,28,2,1,1,0.07,0.07,0.0919,NA,NA,NA,0.05,4.017,4.017,0,29.949,21.5015,0.2,348.0453,2000,2000,NA,NA,NA,NA,NA,NA,NA,NA,NA,NA,NA
1,"CRM","crm_level",NA,NA,"level",0.9,0,0.0714,28,2,1,2,0.12,0.183,0.1271,0.0534,NA,NA,2.7,4.443,4.443,3.419,29.949,21.5015,0.2,348.0453,2000,2000,NA,NA,NA,NA,NA,NA,NA,NA,NA,NA,NA
1,"CRM","crm_level",NA,NA,"level",0.9,0,0.0714,28,2,1,3,0.17,0.278,0.2045,0.0772,NA,NA,14.5,5.8335,5.8335,0.62,29.949,21.5015,0.2,348.0453,2000,2000,NA,NA,NA,NA,NA,NA,NA,NA,NA,NA,NA
1,"CRM","crm_level",NA,NA,"level",0.9,0,0.0714,28,2,1,4,0.22,0.373,0.2466,0.0863,NA,NA,30.5,6.624,6.624,3.331,29.949,21.5015,0.2,348.0453,2000,2000,NA,NA,NA,NA,NA,NA,NA,NA,NA,NA,NA
1,"CRM","crm_level",NA,NA,"level",0.9,0,0.0714,28,2,1,5,0.3,0.498,0.3375,0.106,NA,NA,52.05,9.0315,9.0315,1.0775,29.949,21.5015,0.2,348.0453,2000,2000,NA,NA,NA,NA,NA,NA,NA,NA,NA,NA,NA
1,"CRM","crm_random",NA,NA,"random",0.9,0,0.0714,28,2,1,1,0.07,0.07,0.0933,0.0567,NA,NA,0.1,4.0545,4.0545,0,29.949,21.539,0.2,348.6911,2000,2000,NA,NA,NA,NA,NA,NA,NA,NA,NA,NA,NA
1,"CRM","crm_random",NA,NA,"random",0.9,0,0.0714,28,2,1,2,0.12,0.183,0.1287,NA,NA,NA,2.9,4.4565,4.4565,3.4465,29.949,21.539,0.2,348.6911,2000,2000,NA,NA,NA,NA,NA,NA,NA,NA,NA,NA,NA
1,"CRM","crm_random",NA,NA,"random",0.9,0,0.0714,28,2,1,3,0.17,0.278,0.2063,NA,NA,NA,15,5.874,5.874,0.62,29.949,21.539,0.2,348.6911,2000,2000,NA,NA,NA,NA,NA,NA,NA,NA,NA,NA,NA
1,"CRM","crm_random",NA,NA,"random",0.9,0,0.0714,28,2,1,4,0.22,0.373,0.2485,NA,NA,NA,30.2,6.5355,6.5355,3.274,29.949,21.539,0.2,348.6911,2000,2000,NA,NA,NA,NA,NA,NA,NA,NA,NA,NA,NA
1,"CRM","crm_random",NA,NA,"random",0.9,0,0.0714,28,2,1,5,0.3,0.498,0.3394,NA,NA,NA,51.6,9.0285,9.0285,1.0695,29.949,21.539,0.2,348.6911,2000,2000,NA,NA,NA,NA,NA,NA,NA,NA,NA,NA,NA
1,"CRM","crm_alpha_crm",NA,NA,"alpha_crm",0.9,0,0.0714,28,2,1,1,0.07,0.07,0.0835,NA,NA,NA,0.05,4.0095,4.0095,0,29.949,21.8155,0.2,349.7624,2000,2000,"15,20,30,35,45",1.4142,61,NA,NA,NA,NA,NA,NA,NA,NA
1,"CRM","crm_alpha_crm",NA,NA,"alpha_crm",0.9,0,0.0714,28,2,1,2,0.12,0.183,0.1169,NA,NA,NA,1.9,4.389,4.389,3.3795,29.949,21.8155,0.2,349.7624,2000,2000,"15,20,30,35,45",1.4142,61,NA,NA,NA,NA,NA,NA,NA,NA
1,"CRM","crm_alpha_crm",NA,NA,"alpha_crm",0.9,0,0.0714,28,2,1,3,0.17,0.278,0.1916,NA,NA,NA,10.45,5.3415,5.3415,0.6805,29.949,21.8155,0.2,349.7624,2000,2000,"15,20,30,35,45",1.4142,61,NA,NA,NA,NA,NA,NA,NA,NA
1,"CRM","crm_alpha_crm",NA,NA,"alpha_crm",0.9,0,0.0714,28,2,1,4,0.22,0.373,0.2329,NA,NA,NA,25.35,6.0285,6.0285,3.017,29.949,21.8155,0.2,349.7624,2000,2000,"15,20,30,35,45",1.4142,61,NA,NA,NA,NA,NA,NA,NA,NA
1,"CRM","crm_alpha_crm",NA,NA,"alpha_crm",0.9,0,0.0714,28,2,1,5,0.3,0.498,0.323,NA,NA,NA,62.05,10.1805,10.1805,1.0565,29.949,21.8155,0.2,349.7624,2000,2000,"15,20,30,35,45",1.4142,61,NA,NA,NA,NA,NA,NA,NA,NA
1,"CRM","crm_cumu_crm",NA,NA,"cumu_crm",0.9,0,0.0714,28,2,1,1,0.07,0.07,0.1117,NA,NA,NA,0.1,3.2715,3.2715,0,29.973,21.635,0.1,348.5589,2000,2000,NA,NA,NA,"0.15811388,0.47434165,0.79056942,1.10679718,1.42302495",-2,2,1,1.83,1.21,1,0
1,"CRM","crm_cumu_crm",NA,NA,"cumu_crm",0.9,0,0.0714,28,2,1,2,0.12,0.183,0.1475,NA,NA,NA,2.3,4.704,4.704,2.971,29.973,21.635,0.1,348.5589,2000,2000,NA,NA,NA,"0.15811388,0.47434165,0.79056942,1.10679718,1.42302495",-2,2,1,1.83,1.21,1,0
1,"CRM","crm_cumu_crm",NA,NA,"cumu_crm",0.9,0,0.0714,28,2,1,3,0.17,0.278,0.196,NA,NA,NA,11.65,5.8995,5.8995,1.0035,29.973,21.635,0.1,348.5589,2000,2000,NA,NA,NA,"0.15811388,0.47434165,0.79056942,1.10679718,1.42302495",-2,2,1,1.83,1.21,1,0
1,"CRM","crm_cumu_crm",NA,NA,"cumu_crm",0.9,0,0.0714,28,2,1,4,0.22,0.373,0.2572,NA,NA,NA,25.1,6.519,6.519,3.054,29.973,21.635,0.1,348.5589,2000,2000,NA,NA,NA,"0.15811388,0.47434165,0.79056942,1.10679718,1.42302495",-2,2,1,1.83,1.21,1,0
1,"CRM","crm_cumu_crm",NA,NA,"cumu_crm",0.9,0,0.0714,28,2,1,5,0.3,0.498,0.3276,NA,NA,NA,60.75,9.579,9.579,1.3095,29.973,21.635,0.1,348.5589,2000,2000,NA,NA,NA,"0.15811388,0.47434165,0.79056942,1.10679718,1.42302495",-2,2,1,1.83,1.21,1,0
1,"CRM","crm_fixed",NA,NA,"fixed",0.9,0,0.0714,28,3,1,1,0.07,0.07,0.1085,0,NA,NA,0.05,4.3425,4.3425,0,29.949,18.777,0.2,329.2737,2000,2000,NA,NA,NA,NA,NA,NA,NA,NA,NA,NA,NA
1,"CRM","crm_fixed",NA,NA,"fixed",0.9,0,0.0714,28,3,1,2,0.12,0.183,0.1474,NA,NA,NA,5.3,5.169,5.169,3.713,29.949,18.777,0.2,329.2737,2000,2000,NA,NA,NA,NA,NA,NA,NA,NA,NA,NA,NA
1,"CRM","crm_fixed",NA,NA,"fixed",0.9,0,0.0714,28,3,1,3,0.17,0.278,0.2306,NA,NA,NA,21.3,6.9495,6.9495,3.473,29.949,18.777,0.2,329.2737,2000,2000,NA,NA,NA,NA,NA,NA,NA,NA,NA,NA,NA
1,"CRM","crm_fixed",NA,NA,"fixed",0.9,0,0.0714,28,3,1,4,0.22,0.373,0.2749,NA,NA,NA,34.75,6.93,6.93,1.77,29.949,18.777,0.2,329.2737,2000,2000,NA,NA,NA,NA,NA,NA,NA,NA,NA,NA,NA
1,"CRM","crm_fixed",NA,NA,"fixed",0.9,0,0.0714,28,3,1,5,0.3,0.498,0.3684,NA,NA,NA,38.4,6.558,6.558,2.216,29.949,18.777,0.2,329.2737,2000,2000,NA,NA,NA,NA,NA,NA,NA,NA,NA,NA,NA
1,"CRM","crm_level",NA,NA,"level",0.9,0,0.0714,28,3,1,1,0.07,0.07,0.0955,NA,NA,NA,0.05,4.041,4.041,0,29.949,19.1525,0.2,330.7966,2000,2000,NA,NA,NA,NA,NA,NA,NA,NA,NA,NA,NA
1,"CRM","crm_level",NA,NA,"level",0.9,0,0.0714,28,3,1,2,0.12,0.183,0.1314,0.0534,NA,NA,3.45,4.5375,4.5375,3.447,29.949,19.1525,0.2,330.7966,2000,2000,NA,NA,NA,NA,NA,NA,NA,NA,NA,NA,NA
1,"CRM","crm_level",NA,NA,"level",0.9,0,0.0714,28,3,1,3,0.17,0.278,0.2098,0.0627,NA,NA,15.25,6.0405,6.0405,3.2315,29.949,19.1525,0.2,330.7966,2000,2000,NA,NA,NA,NA,NA,NA,NA,NA,NA,NA,NA
1,"CRM","crm_level",NA,NA,"level",0.9,0,0.0714,28,3,1,4,0.22,0.373,0.2523,0.0831,NA,NA,30.3,6.621,6.621,1.564,29.949,19.1525,0.2,330.7966,2000,2000,NA,NA,NA,NA,NA,NA,NA,NA,NA,NA,NA
1,"CRM","crm_level",NA,NA,"level",0.9,0,0.0714,28,3,1,5,0.3,0.498,0.3436,0.1157,NA,NA,50.75,8.709,8.709,2.554,29.949,19.1525,0.2,330.7966,2000,2000,NA,NA,NA,NA,NA,NA,NA,NA,NA,NA,NA
1,"CRM","crm_random",NA,NA,"random",0.9,0,0.0714,28,3,1,1,0.07,0.07,0.0973,0.0575,NA,NA,0,4.059,4.059,0,29.949,19.054,0.2,330.1163,2000,2000,NA,NA,NA,NA,NA,NA,NA,NA,NA,NA,NA
1,"CRM","crm_random",NA,NA,"random",0.9,0,0.0714,28,3,1,2,0.12,0.183,0.1334,NA,NA,NA,3.4,4.6395,4.6395,3.476,29.949,19.054,0.2,330.1163,2000,2000,NA,NA,NA,NA,NA,NA,NA,NA,NA,NA,NA
1,"CRM","crm_random",NA,NA,"random",0.9,0,0.0714,28,3,1,3,0.17,0.278,0.212,NA,NA,NA,16.35,5.979,5.979,3.2725,29.949,19.054,0.2,330.1163,2000,2000,NA,NA,NA,NA,NA,NA,NA,NA,NA,NA,NA
1,"CRM","crm_random",NA,NA,"random",0.9,0,0.0714,28,3,1,4,0.22,0.373,0.2544,NA,NA,NA,31,6.7395,6.7395,1.5295,29.949,19.054,0.2,330.1163,2000,2000,NA,NA,NA,NA,NA,NA,NA,NA,NA,NA,NA
1,"CRM","crm_random",NA,NA,"random",0.9,0,0.0714,28,3,1,5,0.3,0.498,0.3454,NA,NA,NA,49.05,8.532,8.532,2.617,29.949,19.054,0.2,330.1163,2000,2000,NA,NA,NA,NA,NA,NA,NA,NA,NA,NA,NA
1,"CRM","crm_alpha_crm",NA,NA,"alpha_crm",0.9,0,0.0714,28,3,1,1,0.07,0.07,0.0835,NA,NA,NA,0.1,4.017,4.017,0,29.949,19.601,0.2,332.5451,2000,2000,"15,20,30,35,45",1.4142,61,NA,NA,NA,NA,NA,NA,NA,NA
1,"CRM","crm_alpha_crm",NA,NA,"alpha_crm",0.9,0,0.0714,28,3,1,2,0.12,0.183,0.1167,NA,NA,NA,2.15,4.3305,4.3305,3.402,29.949,19.601,0.2,332.5451,2000,2000,"15,20,30,35,45",1.4142,61,NA,NA,NA,NA,NA,NA,NA,NA
1,"CRM","crm_alpha_crm",NA,NA,"alpha_crm",0.9,0,0.0714,28,3,1,3,0.17,0.278,0.1911,NA,NA,NA,10.9,5.0745,5.0745,3.195,29.949,19.601,0.2,332.5451,2000,2000,"15,20,30,35,45",1.4142,61,NA,NA,NA,NA,NA,NA,NA,NA
1,"CRM","crm_alpha_crm",NA,NA,"alpha_crm",0.9,0,0.0714,28,3,1,4,0.22,0.373,0.2321,NA,NA,NA,24.3,5.919,5.919,1.114,29.949,19.601,0.2,332.5451,2000,2000,"15,20,30,35,45",1.4142,61,NA,NA,NA,NA,NA,NA,NA,NA
1,"CRM","crm_alpha_crm",NA,NA,"alpha_crm",0.9,0,0.0714,28,3,1,5,0.3,0.498,0.3219,NA,NA,NA,62.35,10.608,10.608,2.637,29.949,19.601,0.2,332.5451,2000,2000,"15,20,30,35,45",1.4142,61,NA,NA,NA,NA,NA,NA,NA,NA
1,"CRM","crm_cumu_crm",NA,NA,"cumu_crm",0.9,0,0.0714,28,3,1,1,0.07,0.07,0.1122,NA,NA,NA,0.1,3.264,3.264,0,29.973,19.234,0.1,330.6204,2000,2000,NA,NA,NA,"0.15811388,0.47434165,0.79056942,1.10679718,1.42302495",-2,2,1,1.83,1.21,1,0
1,"CRM","crm_cumu_crm",NA,NA,"cumu_crm",0.9,0,0.0714,28,3,1,2,0.12,0.183,0.148,NA,NA,NA,1.95,4.773,4.773,2.9725,29.973,19.234,0.1,330.6204,2000,2000,NA,NA,NA,"0.15811388,0.47434165,0.79056942,1.10679718,1.42302495",-2,2,1,1.83,1.21,1,0
1,"CRM","crm_cumu_crm",NA,NA,"cumu_crm",0.9,0,0.0714,28,3,1,3,0.17,0.278,0.1965,NA,NA,NA,12.1,6.2445,6.2445,3.3295,29.973,19.234,0.1,330.6204,2000,2000,NA,NA,NA,"0.15811388,0.47434165,0.79056942,1.10679718,1.42302495",-2,2,1,1.83,1.21,1,0
1,"CRM","crm_cumu_crm",NA,NA,"cumu_crm",0.9,0,0.0714,28,3,1,4,0.22,0.373,0.2577,NA,NA,NA,25.3,6.333,6.333,1.8495,29.973,19.234,0.1,330.6204,2000,2000,NA,NA,NA,"0.15811388,0.47434165,0.79056942,1.10679718,1.42302495",-2,2,1,1.83,1.21,1,0
1,"CRM","crm_cumu_crm",NA,NA,"cumu_crm",0.9,0,0.0714,28,3,1,5,0.3,0.498,0.328,NA,NA,NA,60.45,9.3585,9.3585,2.5875,29.973,19.234,0.1,330.6204,2000,2000,NA,NA,NA,"0.15811388,0.47434165,0.79056942,1.10679718,1.42302495",-2,2,1,1.83,1.21,1,0
2,"CRM","crm_fixed",NA,NA,"fixed",0,0,0.0714,28,1,1,1,0.05,0.05,0.1037,0,NA,NA,0,3.648,3.648,0,29.9865,29.9865,0.05,437.5577,2000,2000,NA,NA,NA,NA,NA,NA,NA,NA,NA,NA,NA
2,"CRM","crm_fixed",NA,NA,"fixed",0,0,0.0714,28,1,1,2,0.1,0.1,0.1424,NA,NA,NA,1.55,3.852,3.852,0,29.9865,29.9865,0.05,437.5577,2000,2000,NA,NA,NA,NA,NA,NA,NA,NA,NA,NA,NA
2,"CRM","crm_fixed",NA,NA,"fixed",0,0,0.0714,28,1,1,3,0.18,0.18,0.2257,NA,NA,NA,18.35,6.525,6.525,0,29.9865,29.9865,0.05,437.5577,2000,2000,NA,NA,NA,NA,NA,NA,NA,NA,NA,NA,NA
2,"CRM","crm_fixed",NA,NA,"fixed",0,0,0.0714,28,1,1,4,0.3,0.3,0.2701,NA,NA,NA,41.1,7.7685,7.7685,0,29.9865,29.9865,0.05,437.5577,2000,2000,NA,NA,NA,NA,NA,NA,NA,NA,NA,NA,NA
2,"CRM","crm_fixed",NA,NA,"fixed",0,0,0.0714,28,1,1,5,0.4,0.4,0.3644,NA,NA,NA,38.95,8.193,8.193,0,29.9865,29.9865,0.05,437.5577,2000,2000,NA,NA,NA,NA,NA,NA,NA,NA,NA,NA,NA
2,"CRM","crm_level",NA,NA,"level",0,0,0.0714,28,1,1,1,0.05,0.05,0.1037,NA,NA,NA,0,3.6495,3.6495,0,29.9865,29.9865,0.05,437.5577,2000,2000,NA,NA,NA,NA,NA,NA,NA,NA,NA,NA,NA
2,"CRM","crm_level",NA,NA,"level",0,0,0.0714,28,1,1,2,0.1,0.1,0.1424,0.0802,NA,NA,1.5,3.8505,3.8505,0,29.9865,29.9865,0.05,437.5577,2000,2000,NA,NA,NA,NA,NA,NA,NA,NA,NA,NA,NA
2,"CRM","crm_level",NA,NA,"level",0,0,0.0714,28,1,1,3,0.18,0.18,0.2257,0.0847,NA,NA,18.15,6.4965,6.4965,0,29.9865,29.9865,0.05,437.5577,2000,2000,NA,NA,NA,NA,NA,NA,NA,NA,NA,NA,NA
2,"CRM","crm_level",NA,NA,"level",0,0,0.0714,28,1,1,4,0.3,0.3,0.2701,0.0863,NA,NA,41.25,7.8195,7.8195,0,29.9865,29.9865,0.05,437.5577,2000,2000,NA,NA,NA,NA,NA,NA,NA,NA,NA,NA,NA
2,"CRM","crm_level",NA,NA,"level",0,0,0.0714,28,1,1,5,0.4,0.4,0.3644,0.1031,NA,NA,39.05,8.1705,8.1705,0,29.9865,29.9865,0.05,437.5577,2000,2000,NA,NA,NA,NA,NA,NA,NA,NA,NA,NA,NA
2,"CRM","crm_random",NA,NA,"random",0,0,0.0714,28,1,1,1,0.05,0.05,0.1036,0.0813,NA,NA,0,3.648,3.648,0,29.9865,29.9865,0.05,437.5577,2000,2000,NA,NA,NA,NA,NA,NA,NA,NA,NA,NA,NA
2,"CRM","crm_random",NA,NA,"random",0,0,0.0714,28,1,1,2,0.1,0.1,0.1422,NA,NA,NA,1.6,3.8445,3.8445,0,29.9865,29.9865,0.05,437.5577,2000,2000,NA,NA,NA,NA,NA,NA,NA,NA,NA,NA,NA
2,"CRM","crm_random",NA,NA,"random",0,0,0.0714,28,1,1,3,0.18,0.18,0.2255,NA,NA,NA,17.85,6.5235,6.5235,0,29.9865,29.9865,0.05,437.5577,2000,2000,NA,NA,NA,NA,NA,NA,NA,NA,NA,NA,NA
2,"CRM","crm_random",NA,NA,"random",0,0,0.0714,28,1,1,4,0.3,0.3,0.2699,NA,NA,NA,41.45,7.8195,7.8195,0,29.9865,29.9865,0.05,437.5577,2000,2000,NA,NA,NA,NA,NA,NA,NA,NA,NA,NA,NA
2,"CRM","crm_random",NA,NA,"random",0,0,0.0714,28,1,1,5,0.4,0.4,0.3642,NA,NA,NA,39.05,8.151,8.151,0,29.9865,29.9865,0.05,437.5577,2000,2000,NA,NA,NA,NA,NA,NA,NA,NA,NA,NA,NA
2,"CRM","crm_alpha_crm",NA,NA,"alpha_crm",0,0,0.0714,28,1,1,1,0.05,0.05,0.1039,NA,NA,NA,0,3.6465,3.6465,0,29.9865,29.9865,0.05,437.5577,2000,2000,"15,20,30,35,45",1.4142,61,NA,NA,NA,NA,NA,NA,NA,NA
2,"CRM","crm_alpha_crm",NA,NA,"alpha_crm",0,0,0.0714,28,1,1,2,0.1,0.1,0.1425,NA,NA,NA,1.5,3.852,3.852,0,29.9865,29.9865,0.05,437.5577,2000,2000,"15,20,30,35,45",1.4142,61,NA,NA,NA,NA,NA,NA,NA,NA
2,"CRM","crm_alpha_crm",NA,NA,"alpha_crm",0,0,0.0714,28,1,1,3,0.18,0.18,0.2258,NA,NA,NA,17.75,6.4965,6.4965,0,29.9865,29.9865,0.05,437.5577,2000,2000,"15,20,30,35,45",1.4142,61,NA,NA,NA,NA,NA,NA,NA,NA
2,"CRM","crm_alpha_crm",NA,NA,"alpha_crm",0,0,0.0714,28,1,1,4,0.3,0.3,0.2703,NA,NA,NA,41.6,7.7595,7.7595,0,29.9865,29.9865,0.05,437.5577,2000,2000,"15,20,30,35,45",1.4142,61,NA,NA,NA,NA,NA,NA,NA,NA
2,"CRM","crm_alpha_crm",NA,NA,"alpha_crm",0,0,0.0714,28,1,1,5,0.4,0.4,0.3645,NA,NA,NA,39.1,8.232,8.232,0,29.9865,29.9865,0.05,437.5577,2000,2000,"15,20,30,35,45",1.4142,61,NA,NA,NA,NA,NA,NA,NA,NA
2,"CRM","crm_cumu_crm",NA,NA,"cumu_crm",0,0,0.0714,28,1,1,1,0.05,0.05,0.1143,NA,NA,NA,0,3.063,3.063,0,29.9865,29.9865,0.05,437.5577,2000,2000,NA,NA,NA,"0.15811388,0.47434165,0.79056942,1.10679718,1.42302495",-2,2,1,1.83,1.21,1,0
2,"CRM","crm_cumu_crm",NA,NA,"cumu_crm",0,0,0.0714,28,1,1,2,0.1,0.1,0.1578,NA,NA,NA,1.4,4.032,4.032,0,29.9865,29.9865,0.05,437.5577,2000,2000,NA,NA,NA,"0.15811388,0.47434165,0.79056942,1.10679718,1.42302495",-2,2,1,1.83,1.21,1,0
2,"CRM","crm_cumu_crm",NA,NA,"cumu_crm",0,0,0.0714,28,1,1,3,0.18,0.18,0.2193,NA,NA,NA,22.35,7.353,7.353,0,29.9865,29.9865,0.05,437.5577,2000,2000,NA,NA,NA,"0.15811388,0.47434165,0.79056942,1.10679718,1.42302495",-2,2,1,1.83,1.21,1,0
2,"CRM","crm_cumu_crm",NA,NA,"cumu_crm",0,0,0.0714,28,1,1,4,0.3,0.3,0.2998,NA,NA,NA,43.7,8.457,8.457,0,29.9865,29.9865,0.05,437.5577,2000,2000,NA,NA,NA,"0.15811388,0.47434165,0.79056942,1.10679718,1.42302495",-2,2,1,1.83,1.21,1,0
2,"CRM","crm_cumu_crm",NA,NA,"cumu_crm",0,0,0.0714,28,1,1,5,0.4,0.4,0.392,NA,NA,NA,32.5,7.0815,7.0815,0,29.9865,29.9865,0.05,437.5577,2000,2000,NA,NA,NA,"0.15811388,0.47434165,0.79056942,1.10679718,1.42302495",-2,2,1,1.83,1.21,1,0
2,"CRM","crm_fixed",NA,NA,"fixed",0,0,0.0714,28,2,1,1,0.05,0.05,0.1038,0,NA,NA,0,3.645,3.645,0,29.9865,21.812,0.05,348.989,2000,2000,NA,NA,NA,NA,NA,NA,NA,NA,NA,NA,NA
2,"CRM","crm_fixed",NA,NA,"fixed",0,0,0.0714,28,2,1,2,0.1,0.1,0.1424,NA,NA,NA,1.5,3.8655,3.8655,3.242,29.9865,21.812,0.05,348.989,2000,2000,NA,NA,NA,NA,NA,NA,NA,NA,NA,NA,NA
2,"CRM","crm_fixed",NA,NA,"fixed",0,0,0.0714,28,2,1,3,0.18,0.18,0.2257,NA,NA,NA,17.85,6.4845,6.4845,0.3915,29.9865,21.812,0.05,348.989,2000,2000,NA,NA,NA,NA,NA,NA,NA,NA,NA,NA,NA
2,"CRM","crm_fixed",NA,NA,"fixed",0,0,0.0714,28,2,1,4,0.3,0.3,0.2702,NA,NA,NA,41.5,7.815,7.815,3.649,29.9865,21.812,0.05,348.989,2000,2000,NA,NA,NA,NA,NA,NA,NA,NA,NA,NA,NA
2,"CRM","crm_fixed",NA,NA,"fixed",0,0,0.0714,28,2,1,5,0.4,0.4,0.3644,NA,NA,NA,39.1,8.1765,8.1765,0.892,29.9865,21.812,0.05,348.989,2000,2000,NA,NA,NA,NA,NA,NA,NA,NA,NA,NA,NA
2,"CRM","crm_level",NA,NA,"level",0,0,0.0714,28,2,1,1,0.05,0.05,0.0997,NA,NA,NA,0,3.561,3.561,0,29.9865,22.098,0.05,351.3495,2000,2000,NA,NA,NA,NA,NA,NA,NA,NA,NA,NA,NA
2,"CRM","crm_level",NA,NA,"level",0,0,0.0714,28,2,1,2,0.1,0.1,0.1373,0.0374,NA,NA,1.1,3.771,3.771,3.1655,29.9865,22.098,0.05,351.3495,2000,2000,NA,NA,NA,NA,NA,NA,NA,NA,NA,NA,NA
2,"CRM","crm_level",NA,NA,"level",0,0,0.0714,28,2,1,3,0.18,0.18,0.219,0.0761,NA,NA,16.25,6.045,6.045,0.411,29.9865,22.098,0.05,351.3495,2000,2000,NA,NA,NA,NA,NA,NA,NA,NA,NA,NA,NA
2,"CRM","crm_level",NA,NA,"level",0,0,0.0714,28,2,1,4,0.3,0.3,0.2629,0.0669,NA,NA,39.05,7.3185,7.3185,3.4505,29.9865,22.098,0.05,351.3495,2000,2000,NA,NA,NA,NA,NA,NA,NA,NA,NA,NA,NA
2,"CRM","crm_level",NA,NA,"level",0,0,0.0714,28,2,1,5,0.4,0.4,0.3564,0.0948,NA,NA,43.55,9.291,9.291,0.8615,29.9865,22.098,0.05,351.3495,2000,2000,NA,NA,NA,NA,NA,NA,NA,NA,NA,NA,NA
2,"CRM","crm_random",NA,NA,"random",0,0,0.0714,28,2,1,1,0.05,0.05,0.1012,0.032,NA,NA,0,3.558,3.558,0,29.9865,22.086,0.05,351.1861,2000,2000,NA,NA,NA,NA,NA,NA,NA,NA,NA,NA,NA
2,"CRM","crm_random",NA,NA,"random",0,0,0.0714,28,2,1,2,0.1,0.1,0.1391,NA,NA,NA,1.5,3.7725,3.7725,3.1635,29.9865,22.086,0.05,351.1861,2000,2000,NA,NA,NA,NA,NA,NA,NA,NA,NA,NA,NA
2,"CRM","crm_random",NA,NA,"random",0,0,0.0714,28,2,1,3,0.18,0.18,0.2212,NA,NA,NA,16.75,6.1425,6.1425,0.408,29.9865,22.086,0.05,351.1861,2000,2000,NA,NA,NA,NA,NA,NA,NA,NA,NA,NA,NA
2,"CRM","crm_random",NA,NA,"random",0,0,0.0714,28,2,1,4,0.3,0.3,0.2652,NA,NA,NA,39.7,7.4715,7.4715,3.503,29.9865,22.086,0.05,351.1861,2000,2000,NA,NA,NA,NA,NA,NA,NA,NA,NA,NA,NA
2,"CRM","crm_random",NA,NA,"random",0,0,0.0714,28,2,1,5,0.4,0.4,0.3589,NA,NA,NA,42,9.042,9.042,0.826,29.9865,22.086,0.05,351.1861,2000,2000,NA,NA,NA,NA,NA,NA,NA,NA,NA,NA,NA
2,"CRM","crm_alpha_crm",NA,NA,"alpha_crm",0,0,0.0714,28,2,1,1,0.05,0.05,0.0932,NA,NA,NA,0,3.5415,3.5415,0,29.9865,22.353,0.05,352.6365,2000,2000,"15,20,30,35,45",1.4142,61,NA,NA,NA,NA,NA,NA,NA,NA
2,"CRM","crm_alpha_crm",NA,NA,"alpha_crm",0,0,0.0714,28,2,1,2,0.1,0.1,0.1295,NA,NA,NA,0.75,3.6675,3.6675,3.135,29.9865,22.353,0.05,352.6365,2000,2000,"15,20,30,35,45",1.4142,61,NA,NA,NA,NA,NA,NA,NA,NA
2,"CRM","crm_alpha_crm",NA,NA,"alpha_crm",0,0,0.0714,28,2,1,3,0.18,0.18,0.2093,NA,NA,NA,12.9,5.319,5.319,0.3675,29.9865,22.353,0.05,352.6365,2000,2000,"15,20,30,35,45",1.4142,61,NA,NA,NA,NA,NA,NA,NA,NA
2,"CRM","crm_alpha_crm",NA,NA,"alpha_crm",0,0,0.0714,28,2,1,4,0.3,0.3,0.2525,NA,NA,NA,36.75,7.242,7.242,3.185,29.9865,22.353,0.05,352.6365,2000,2000,"15,20,30,35,45",1.4142,61,NA,NA,NA,NA,NA,NA,NA,NA
2,"CRM","crm_alpha_crm",NA,NA,"alpha_crm",0,0,0.0714,28,2,1,5,0.4,0.4,0.3454,NA,NA,NA,49.55,10.2165,10.2165,0.946,29.9865,22.353,0.05,352.6365,2000,2000,"15,20,30,35,45",1.4142,61,NA,NA,NA,NA,NA,NA,NA,NA
2,"CRM","crm_cumu_crm",NA,NA,"cumu_crm",0,0,0.0714,28,2,1,1,0.05,0.05,0.111,NA,NA,NA,0,3.063,3.063,0,29.9865,21.995,0.05,350.2433,2000,2000,NA,NA,NA,"0.15811388,0.47434165,0.79056942,1.10679718,1.42302495",-2,2,1,1.83,1.21,1,0
2,"CRM","crm_cumu_crm",NA,NA,"cumu_crm",0,0,0.0714,28,2,1,2,0.1,0.1,0.1502,NA,NA,NA,0.9,3.8385,3.8385,2.888,29.9865,21.995,0.05,350.2433,2000,2000,NA,NA,NA,"0.15811388,0.47434165,0.79056942,1.10679718,1.42302495",-2,2,1,1.83,1.21,1,0
2,"CRM","crm_cumu_crm",NA,NA,"cumu_crm",0,0,0.0714,28,2,1,3,0.18,0.18,0.205,NA,NA,NA,15.2,6.198,6.198,0.613,29.9865,21.995,0.05,350.2433,2000,2000,NA,NA,NA,"0.15811388,0.47434165,0.79056942,1.10679718,1.42302495",-2,2,1,1.83,1.21,1,0
2,"CRM","crm_cumu_crm",NA,NA,"cumu_crm",0,0,0.0714,28,2,1,4,0.3,0.3,0.2766,NA,NA,NA,37.6,8.022,8.022,3.245,29.9865,21.995,0.05,350.2433,2000,2000,NA,NA,NA,"0.15811388,0.47434165,0.79056942,1.10679718,1.42302495",-2,2,1,1.83,1.21,1,0
2,"CRM","crm_cumu_crm",NA,NA,"cumu_crm",0,0,0.0714,28,2,1,5,0.4,0.4,0.3609,NA,NA,NA,46.25,8.865,8.865,1.2455,29.9865,21.995,0.05,350.2433,2000,2000,NA,NA,NA,"0.15811388,0.47434165,0.79056942,1.10679718,1.42302495",-2,2,1,1.83,1.21,1,0
2,"CRM","crm_fixed",NA,NA,"fixed",0,0,0.0714,28,3,1,1,0.05,0.05,0.1037,0,NA,NA,0,3.648,3.648,0,29.9865,19.6015,0.05,331.9251,2000,2000,NA,NA,NA,NA,NA,NA,NA,NA,NA,NA,NA
2,"CRM","crm_fixed",NA,NA,"fixed",0,0,0.0714,28,3,1,2,0.1,0.1,0.1424,NA,NA,NA,1.4,3.8415,3.8415,3.24,29.9865,19.6015,0.05,331.9251,2000,2000,NA,NA,NA,NA,NA,NA,NA,NA,NA,NA,NA
2,"CRM","crm_fixed",NA,NA,"fixed",0,0,0.0714,28,3,1,3,0.18,0.18,0.2256,NA,NA,NA,17.95,6.4995,6.4995,3.24,29.9865,19.6015,0.05,331.9251,2000,2000,NA,NA,NA,NA,NA,NA,NA,NA,NA,NA,NA
2,"CRM","crm_fixed",NA,NA,"fixed",0,0,0.0714,28,3,1,4,0.3,0.3,0.2701,NA,NA,NA,41.55,7.8255,7.8255,1.5875,29.9865,19.6015,0.05,331.9251,2000,2000,NA,NA,NA,NA,NA,NA,NA,NA,NA,NA,NA
2,"CRM","crm_fixed",NA,NA,"fixed",0,0,0.0714,28,3,1,5,0.4,0.4,0.3644,NA,NA,NA,39.05,8.172,8.172,2.3175,29.9865,19.6015,0.05,331.9251,2000,2000,NA,NA,NA,NA,NA,NA,NA,NA,NA,NA,NA
2,"CRM","crm_level",NA,NA,"level",0,0,0.0714,28,3,1,1,0.05,0.05,0.0994,NA,NA,NA,0,3.5565,3.5565,0,29.9865,19.8025,0.05,332.4106,2000,2000,NA,NA,NA,NA,NA,NA,NA,NA,NA,NA,NA
2,"CRM","crm_level",NA,NA,"level",0,0,0.0714,28,3,1,2,0.1,0.1,0.1369,0.0366,NA,NA,1.15,3.648,3.648,3.145,29.9865,19.8025,0.05,332.4106,2000,2000,NA,NA,NA,NA,NA,NA,NA,NA,NA,NA,NA
2,"CRM","crm_level",NA,NA,"level",0,0,0.0714,28,3,1,3,0.18,0.18,0.2185,0.0424,NA,NA,16.35,5.874,5.874,3.1435,29.9865,19.8025,0.05,332.4106,2000,2000,NA,NA,NA,NA,NA,NA,NA,NA,NA,NA,NA
2,"CRM","crm_level",NA,NA,"level",0,0,0.0714,28,3,1,4,0.3,0.3,0.2623,0.07,NA,NA,38.45,7.539,7.539,1.389,29.9865,19.8025,0.05,332.4106,2000,2000,NA,NA,NA,NA,NA,NA,NA,NA,NA,NA,NA
2,"CRM","crm_level",NA,NA,"level",0,0,0.0714,28,3,1,5,0.4,0.4,0.3558,0.0851,NA,NA,44,9.369,9.369,2.5065,29.9865,19.8025,0.05,332.4106,2000,2000,NA,NA,NA,NA,NA,NA,NA,NA,NA,NA,NA
2,"CRM","crm_random",NA,NA,"random",0,0,0.0714,28,3,1,1,0.05,0.05,0.1006,0.028,NA,NA,0.05,3.5625,3.5625,0,29.9865,19.7335,0.05,332.2849,2000,2000,NA,NA,NA,NA,NA,NA,NA,NA,NA,NA,NA
2,"CRM","crm_random",NA,NA,"random",0,0,0.0714,28,3,1,2,0.1,0.1,0.1384,NA,NA,NA,1.4,3.75,3.75,3.164,29.9865,19.7335,0.05,332.2849,2000,2000,NA,NA,NA,NA,NA,NA,NA,NA,NA,NA,NA
2,"CRM","crm_random",NA,NA,"random",0,0,0.0714,28,3,1,3,0.18,0.18,0.2203,NA,NA,NA,16,6.009,6.009,3.1835,29.9865,19.7335,0.05,332.2849,2000,2000,NA,NA,NA,NA,NA,NA,NA,NA,NA,NA,NA
2,"CRM","crm_random",NA,NA,"random",0,0,0.0714,28,3,1,4,0.3,0.3,0.2643,NA,NA,NA,39.3,7.6155,7.6155,1.3895,29.9865,19.7335,0.05,332.2849,2000,2000,NA,NA,NA,NA,NA,NA,NA,NA,NA,NA,NA
2,"CRM","crm_random",NA,NA,"random",0,0,0.0714,28,3,1,5,0.4,0.4,0.3579,NA,NA,NA,43.2,9.0495,9.0495,2.516,29.9865,19.7335,0.05,332.2849,2000,2000,NA,NA,NA,NA,NA,NA,NA,NA,NA,NA,NA
2,"CRM","crm_alpha_crm",NA,NA,"alpha_crm",0,0,0.0714,28,3,1,1,0.05,0.05,0.0912,NA,NA,NA,0,3.543,3.543,0,29.9865,20.3555,0.05,334.8386,2000,2000,"15,20,30,35,45",1.4142,61,NA,NA,NA,NA,NA,NA,NA,NA
2,"CRM","crm_alpha_crm",NA,NA,"alpha_crm",0,0,0.0714,28,3,1,2,0.1,0.1,0.1269,NA,NA,NA,0.75,3.5295,3.5295,3.1315,29.9865,20.3555,0.05,334.8386,2000,2000,"15,20,30,35,45",1.4142,61,NA,NA,NA,NA,NA,NA,NA,NA
2,"CRM","crm_alpha_crm",NA,NA,"alpha_crm",0,0,0.0714,28,3,1,3,0.18,0.18,0.2058,NA,NA,NA,11.85,4.8855,4.8855,3.042,29.9865,20.3555,0.05,334.8386,2000,2000,"15,20,30,35,45",1.4142,61,NA,NA,NA,NA,NA,NA,NA,NA
2,"CRM","crm_alpha_crm",NA,NA,"alpha_crm",0,0,0.0714,28,3,1,4,0.3,0.3,0.2487,NA,NA,NA,34.25,7.146,7.146,0.936,29.9865,20.3555,0.05,334.8386,2000,2000,"15,20,30,35,45",1.4142,61,NA,NA,NA,NA,NA,NA,NA,NA
2,"CRM","crm_alpha_crm",NA,NA,"alpha_crm",0,0,0.0714,28,3,1,5,0.4,0.4,0.3411,NA,NA,NA,53.1,10.8825,10.8825,2.5215,29.9865,20.3555,0.05,334.8386,2000,2000,"15,20,30,35,45",1.4142,61,NA,NA,NA,NA,NA,NA,NA,NA
2,"CRM","crm_cumu_crm",NA,NA,"cumu_crm",0,0,0.0714,28,3,1,1,0.05,0.05,0.1101,NA,NA,NA,0,3.063,3.063,0,29.9865,19.713,0.05,331.3722,2000,2000,NA,NA,NA,"0.15811388,0.47434165,0.79056942,1.10679718,1.42302495",-2,2,1,1.83,1.21,1,0
2,"CRM","crm_cumu_crm",NA,NA,"cumu_crm",0,0,0.0714,28,3,1,2,0.1,0.1,0.1483,NA,NA,NA,0.75,3.6705,3.6705,2.888,29.9865,19.713,0.05,331.3722,2000,2000,NA,NA,NA,"0.15811388,0.47434165,0.79056942,1.10679718,1.42302495",-2,2,1,1.83,1.21,1,0
2,"CRM","crm_cumu_crm",NA,NA,"cumu_crm",0,0,0.0714,28,3,1,3,0.18,0.18,0.2015,NA,NA,NA,13.85,6.0375,6.0375,3.1035,29.9865,19.713,0.05,331.3722,2000,2000,NA,NA,NA,"0.15811388,0.47434165,0.79056942,1.10679718,1.42302495",-2,2,1,1.83,1.21,1,0
2,"CRM","crm_cumu_crm",NA,NA,"cumu_crm",0,0,0.0714,28,3,1,4,0.3,0.3,0.2714,NA,NA,NA,35.95,7.911,7.911,1.534,29.9865,19.713,0.05,331.3722,2000,2000,NA,NA,NA,"0.15811388,0.47434165,0.79056942,1.10679718,1.42302495",-2,2,1,1.83,1.21,1,0
2,"CRM","crm_cumu_crm",NA,NA,"cumu_crm",0,0,0.0714,28,3,1,5,0.4,0.4,0.3538,NA,NA,NA,49.4,9.3045,9.3045,2.748,29.9865,19.713,0.05,331.3722,2000,2000,NA,NA,NA,"0.15811388,0.47434165,0.79056942,1.10679718,1.42302495",-2,2,1,1.83,1.21,1,0
2,"CRM","crm_fixed",NA,NA,"fixed",0.3,0,0.0714,28,1,1,1,0.05,0.05,0.1037,0,NA,NA,0,3.6465,3.6465,0,29.9865,29.9865,0.05,437.5577,2000,2000,NA,NA,NA,NA,NA,NA,NA,NA,NA,NA,NA
2,"CRM","crm_fixed",NA,NA,"fixed",0.3,0,0.0714,28,1,1,2,0.1,0.115,0.1424,NA,NA,NA,1.6,3.864,3.864,0,29.9865,29.9865,0.05,437.5577,2000,2000,NA,NA,NA,NA,NA,NA,NA,NA,NA,NA,NA
2,"CRM","crm_fixed",NA,NA,"fixed",0.3,0,0.0714,28,1,1,3,0.18,0.21,0.2257,NA,NA,NA,18,6.483,6.483,0,29.9865,29.9865,0.05,437.5577,2000,2000,NA,NA,NA,NA,NA,NA,NA,NA,NA,NA,NA
2,"CRM","crm_fixed",NA,NA,"fixed",0.3,0,0.0714,28,1,1,4,0.3,0.354,0.2701,NA,NA,NA,41.55,7.8375,7.8375,0,29.9865,29.9865,0.05,437.5577,2000,2000,NA,NA,NA,NA,NA,NA,NA,NA,NA,NA,NA
2,"CRM","crm_fixed",NA,NA,"fixed",0.3,0,0.0714,28,1,1,5,0.4,0.49,0.3644,NA,NA,NA,38.8,8.1555,8.1555,0,29.9865,29.9865,0.05,437.5577,2000,2000,NA,NA,NA,NA,NA,NA,NA,NA,NA,NA,NA
2,"CRM","crm_level",NA,NA,"level",0.3,0,0.0714,28,1,1,1,0.05,0.05,0.1038,NA,NA,NA,0,3.648,3.648,0,29.9865,29.9865,0.05,437.5577,2000,2000,NA,NA,NA,NA,NA,NA,NA,NA,NA,NA,NA
2,"CRM","crm_level",NA,NA,"level",0.3,0,0.0714,28,1,1,2,0.1,0.115,0.1424,0.0782,NA,NA,1.6,3.867,3.867,0,29.9865,29.9865,0.05,437.5577,2000,2000,NA,NA,NA,NA,NA,NA,NA,NA,NA,NA,NA
2,"CRM","crm_level",NA,NA,"level",0.3,0,0.0714,28,1,1,3,0.18,0.21,0.2257,0.0801,NA,NA,18.25,6.486,6.486,0,29.9865,29.9865,0.05,437.5577,2000,2000,NA,NA,NA,NA,NA,NA,NA,NA,NA,NA,NA
2,"CRM","crm_level",NA,NA,"level",0.3,0,0.0714,28,1,1,4,0.3,0.354,0.2702,0.0836,NA,NA,40.85,7.791,7.791,0,29.9865,29.9865,0.05,437.5577,2000,2000,NA,NA,NA,NA,NA,NA,NA,NA,NA,NA,NA
2,"CRM","crm_level",NA,NA,"level",0.3,0,0.0714,28,1,1,5,0.4,0.49,0.3644,0.1054,NA,NA,39.25,8.1945,8.1945,0,29.9865,29.9865,0.05,437.5577,2000,2000,NA,NA,NA,NA,NA,NA,NA,NA,NA,NA,NA
2,"CRM","crm_random",NA,NA,"random",0.3,0,0.0714,28,1,1,1,0.05,0.05,0.1038,0.0785,NA,NA,0,3.648,3.648,0,29.9865,29.9865,0.05,437.5577,2000,2000,NA,NA,NA,NA,NA,NA,NA,NA,NA,NA,NA
2,"CRM","crm_random",NA,NA,"random",0.3,0,0.0714,28,1,1,2,0.1,0.115,0.1425,NA,NA,NA,1.55,3.8565,3.8565,0,29.9865,29.9865,0.05,437.5577,2000,2000,NA,NA,NA,NA,NA,NA,NA,NA,NA,NA,NA
2,"CRM","crm_random",NA,NA,"random",0.3,0,0.0714,28,1,1,3,0.18,0.21,0.2258,NA,NA,NA,18.05,6.498,6.498,0,29.9865,29.9865,0.05,437.5577,2000,2000,NA,NA,NA,NA,NA,NA,NA,NA,NA,NA,NA
2,"CRM","crm_random",NA,NA,"random",0.3,0,0.0714,28,1,1,4,0.3,0.354,0.2703,NA,NA,NA,41.45,7.854,7.854,0,29.9865,29.9865,0.05,437.5577,2000,2000,NA,NA,NA,NA,NA,NA,NA,NA,NA,NA,NA
2,"CRM","crm_random",NA,NA,"random",0.3,0,0.0714,28,1,1,5,0.4,0.49,0.3646,NA,NA,NA,38.9,8.13,8.13,0,29.9865,29.9865,0.05,437.5577,2000,2000,NA,NA,NA,NA,NA,NA,NA,NA,NA,NA,NA
2,"CRM","crm_alpha_crm",NA,NA,"alpha_crm",0.3,0,0.0714,28,1,1,1,0.05,0.05,0.1039,NA,NA,NA,0,3.6465,3.6465,0,29.9865,29.9865,0.05,437.5577,2000,2000,"15,20,30,35,45",1.4142,61,NA,NA,NA,NA,NA,NA,NA,NA
2,"CRM","crm_alpha_crm",NA,NA,"alpha_crm",0.3,0,0.0714,28,1,1,2,0.1,0.115,0.1425,NA,NA,NA,1.5,3.852,3.852,0,29.9865,29.9865,0.05,437.5577,2000,2000,"15,20,30,35,45",1.4142,61,NA,NA,NA,NA,NA,NA,NA,NA
2,"CRM","crm_alpha_crm",NA,NA,"alpha_crm",0.3,0,0.0714,28,1,1,3,0.18,0.21,0.2258,NA,NA,NA,17.75,6.4965,6.4965,0,29.9865,29.9865,0.05,437.5577,2000,2000,"15,20,30,35,45",1.4142,61,NA,NA,NA,NA,NA,NA,NA,NA
2,"CRM","crm_alpha_crm",NA,NA,"alpha_crm",0.3,0,0.0714,28,1,1,4,0.3,0.354,0.2703,NA,NA,NA,41.6,7.7595,7.7595,0,29.9865,29.9865,0.05,437.5577,2000,2000,"15,20,30,35,45",1.4142,61,NA,NA,NA,NA,NA,NA,NA,NA
2,"CRM","crm_alpha_crm",NA,NA,"alpha_crm",0.3,0,0.0714,28,1,1,5,0.4,0.49,0.3645,NA,NA,NA,39.1,8.232,8.232,0,29.9865,29.9865,0.05,437.5577,2000,2000,"15,20,30,35,45",1.4142,61,NA,NA,NA,NA,NA,NA,NA,NA
2,"CRM","crm_cumu_crm",NA,NA,"cumu_crm",0.3,0,0.0714,28,1,1,1,0.05,0.05,0.1146,NA,NA,NA,0,3.063,3.063,0,29.9865,29.9865,0.05,437.5577,2000,2000,NA,NA,NA,"0.15811388,0.47434165,0.79056942,1.10679718,1.42302495",-2,2,1,1.83,1.21,1,0
2,"CRM","crm_cumu_crm",NA,NA,"cumu_crm",0.3,0,0.0714,28,1,1,2,0.1,0.115,0.1581,NA,NA,NA,1.45,4.017,4.017,0,29.9865,29.9865,0.05,437.5577,2000,2000,NA,NA,NA,"0.15811388,0.47434165,0.79056942,1.10679718,1.42302495",-2,2,1,1.83,1.21,1,0
2,"CRM","crm_cumu_crm",NA,NA,"cumu_crm",0.3,0,0.0714,28,1,1,3,0.18,0.21,0.2196,NA,NA,NA,22.75,7.3815,7.3815,0,29.9865,29.9865,0.05,437.5577,2000,2000,NA,NA,NA,"0.15811388,0.47434165,0.79056942,1.10679718,1.42302495",-2,2,1,1.83,1.21,1,0
2,"CRM","crm_cumu_crm",NA,NA,"cumu_crm",0.3,0,0.0714,28,1,1,4,0.3,0.354,0.2999,NA,NA,NA,43.05,8.478,8.478,0,29.9865,29.9865,0.05,437.5577,2000,2000,NA,NA,NA,"0.15811388,0.47434165,0.79056942,1.10679718,1.42302495",-2,2,1,1.83,1.21,1,0
2,"CRM","crm_cumu_crm",NA,NA,"cumu_crm",0.3,0,0.0714,28,1,1,5,0.4,0.49,0.3919,NA,NA,NA,32.7,7.047,7.047,0,29.9865,29.9865,0.05,437.5577,2000,2000,NA,NA,NA,"0.15811388,0.47434165,0.79056942,1.10679718,1.42302495",-2,2,1,1.83,1.21,1,0
2,"CRM","crm_fixed",NA,NA,"fixed",0.3,0,0.0714,28,2,1,1,0.05,0.05,0.1096,0,NA,NA,0,3.7035,3.7035,0,29.9865,21.585,0.05,347.737,2000,2000,NA,NA,NA,NA,NA,NA,NA,NA,NA,NA,NA
2,"CRM","crm_fixed",NA,NA,"fixed",0.3,0,0.0714,28,2,1,2,0.1,0.115,0.1494,NA,NA,NA,1.9,4.0155,4.0155,3.2975,29.9865,21.585,0.05,347.737,2000,2000,NA,NA,NA,NA,NA,NA,NA,NA,NA,NA,NA
2,"CRM","crm_fixed",NA,NA,"fixed",0.3,0,0.0714,28,2,1,3,0.18,0.21,0.2344,NA,NA,NA,21,6.972,6.972,0.454,29.9865,21.585,0.05,347.737,2000,2000,NA,NA,NA,NA,NA,NA,NA,NA,NA,NA,NA
2,"CRM","crm_fixed",NA,NA,"fixed",0.3,0,0.0714,28,2,1,4,0.3,0.354,0.2795,NA,NA,NA,44.35,8.1345,8.1345,3.752,29.9865,21.585,0.05,347.737,2000,2000,NA,NA,NA,NA,NA,NA,NA,NA,NA,NA,NA
2,"CRM","crm_fixed",NA,NA,"fixed",0.3,0,0.0714,28,2,1,5,0.4,0.49,0.3743,NA,NA,NA,32.7,7.161,7.161,0.898,29.9865,21.585,0.05,347.737,2000,2000,NA,NA,NA,NA,NA,NA,NA,NA,NA,NA,NA
2,"CRM","crm_level",NA,NA,"level",0.3,0,0.0714,28,2,1,1,0.05,0.05,0.1042,NA,NA,NA,0.05,3.5685,3.5685,0,29.9865,21.9,0.05,349.8774,2000,2000,NA,NA,NA,NA,NA,NA,NA,NA,NA,NA,NA
2,"CRM","crm_level",NA,NA,"level",0.3,0,0.0714,28,2,1,2,0.1,0.115,0.1427,0.0386,NA,NA,1.25,3.8565,3.8565,3.186,29.9865,21.9,0.05,349.8774,2000,2000,NA,NA,NA,NA,NA,NA,NA,NA,NA,NA,NA
2,"CRM","crm_level",NA,NA,"level",0.3,0,0.0714,28,2,1,3,0.18,0.21,0.2257,0.0768,NA,NA,17.85,6.4275,6.4275,0.467,29.9865,21.9,0.05,349.8774,2000,2000,NA,NA,NA,NA,NA,NA,NA,NA,NA,NA,NA
2,"CRM","crm_level",NA,NA,"level",0.3,0,0.0714,28,2,1,4,0.3,0.354,0.27,0.0758,NA,NA,42.95,7.6365,7.6365,3.5575,29.9865,21.9,0.05,349.8774,2000,2000,NA,NA,NA,NA,NA,NA,NA,NA,NA,NA,NA
2,"CRM","crm_level",NA,NA,"level",0.3,0,0.0714,28,2,1,5,0.4,0.49,0.364,0.1023,NA,NA,37.85,8.4975,8.4975,0.876,29.9865,21.9,0.05,349.8774,2000,2000,NA,NA,NA,NA,NA,NA,NA,NA,NA,NA,NA
2,"CRM","crm_random",NA,NA,"random",0.3,0,0.0714,28,2,1,1,0.05,0.05,0.1055,0.0391,NA,NA,0.05,3.585,3.585,0,29.9865,21.844,0.05,349.5951,2000,2000,NA,NA,NA,NA,NA,NA,NA,NA,NA,NA,NA
2,"CRM","crm_random",NA,NA,"random",0.3,0,0.0714,28,2,1,2,0.1,0.115,0.1443,NA,NA,NA,1.45,3.864,3.864,3.2,29.9865,21.844,0.05,349.5951,2000,2000,NA,NA,NA,NA,NA,NA,NA,NA,NA,NA,NA
2,"CRM","crm_random",NA,NA,"random",0.3,0,0.0714,28,2,1,3,0.18,0.21,0.2276,NA,NA,NA,19.2,6.5025,6.5025,0.4655,29.9865,21.844,0.05,349.5951,2000,2000,NA,NA,NA,NA,NA,NA,NA,NA,NA,NA,NA
2,"CRM","crm_random",NA,NA,"random",0.3,0,0.0714,28,2,1,4,0.3,0.354,0.272,NA,NA,NA,42.2,7.758,7.758,3.579,29.9865,21.844,0.05,349.5951,2000,2000,NA,NA,NA,NA,NA,NA,NA,NA,NA,NA,NA
2,"CRM","crm_random",NA,NA,"random",0.3,0,0.0714,28,2,1,5,0.4,0.49,0.366,NA,NA,NA,37.05,8.277,8.277,0.898,29.9865,21.844,0.05,349.5951,2000,2000,NA,NA,NA,NA,NA,NA,NA,NA,NA,NA,NA
2,"CRM","crm_alpha_crm",NA,NA,"alpha_crm",0.3,0,0.0714,28,2,1,1,0.05,0.05,0.0969,NA,NA,NA,0,3.561,3.561,0,29.9865,22.148,0.05,351.2471,2000,2000,"15,20,30,35,45",1.4142,61,NA,NA,NA,NA,NA,NA,NA,NA
2,"CRM","crm_alpha_crm",NA,NA,"alpha_crm",0.3,0,0.0714,28,2,1,2,0.1,0.115,0.134,NA,NA,NA,0.95,3.783,3.783,3.161,29.9865,22.148,0.05,351.2471,2000,2000,"15,20,30,35,45",1.4142,61,NA,NA,NA,NA,NA,NA,NA,NA
2,"CRM","crm_alpha_crm",NA,NA,"alpha_crm",0.3,0,0.0714,28,2,1,3,0.18,0.21,0.215,NA,NA,NA,14.45,5.6055,5.6055,0.4385,29.9865,22.148,0.05,351.2471,2000,2000,"15,20,30,35,45",1.4142,61,NA,NA,NA,NA,NA,NA,NA,NA
2,"CRM","crm_alpha_crm",NA,NA,"alpha_crm",0.3,0,0.0714,28,2,1,4,0.3,0.354,0.2586,NA,NA,NA,38.8,7.4955,7.4955,3.2375,29.9865,22.148,0.05,351.2471,2000,2000,"15,20,30,35,45",1.4142,61,NA,NA,NA,NA,NA,NA,NA,NA
2,"CRM","crm_alpha_crm",NA,NA,"alpha_crm",0.3,0,0.0714,28,2,1,5,0.4,0.49,0.352,NA,NA,NA,45.75,9.5415,9.5415,1.0015,29.9865,22.148,0.05,351.2471,2000,2000,"15,20,30,35,45",1.4142,61,NA,NA,NA,NA,NA,NA,NA,NA
2,"CRM","crm_cumu_crm",NA,NA,"cumu_crm",0.3,0,0.0714,28,2,1,1,0.05,0.05,0.1128,NA,NA,NA,0,3.078,3.078,0,29.9865,21.8395,0.05,349.1693,2000,2000,NA,NA,NA,"0.15811388,0.47434165,0.79056942,1.10679718,1.42302495",-2,2,1,1.83,1.21,1,0
2,"CRM","crm_cumu_crm",NA,NA,"cumu_crm",0.3,0,0.0714,28,2,1,2,0.1,0.115,0.1536,NA,NA,NA,1.05,3.975,3.975,2.905,29.9865,21.8395,0.05,349.1693,2000,2000,NA,NA,NA,"0.15811388,0.47434165,0.79056942,1.10679718,1.42302495",-2,2,1,1.83,1.21,1,0
2,"CRM","crm_cumu_crm",NA,NA,"cumu_crm",0.3,0,0.0714,28,2,1,3,0.18,0.21,0.2107,NA,NA,NA,17.3,6.5565,6.5565,0.6835,29.9865,21.8395,0.05,349.1693,2000,2000,NA,NA,NA,"0.15811388,0.47434165,0.79056942,1.10679718,1.42302495",-2,2,1,1.83,1.21,1,0
2,"CRM","crm_cumu_crm",NA,NA,"cumu_crm",0.3,0,0.0714,28,2,1,4,0.3,0.354,0.2853,NA,NA,NA,41.4,8.2095,8.2095,3.3215,29.9865,21.8395,0.05,349.1693,2000,2000,NA,NA,NA,"0.15811388,0.47434165,0.79056942,1.10679718,1.42302495",-2,2,1,1.83,1.21,1,0
2,"CRM","crm_cumu_crm",NA,NA,"cumu_crm",0.3,0,0.0714,28,2,1,5,0.4,0.49,0.3722,NA,NA,NA,40.2,8.1675,8.1675,1.237,29.9865,21.8395,0.05,349.1693,2000,2000,NA,NA,NA,"0.15811388,0.47434165,0.79056942,1.10679718,1.42302495",-2,2,1,1.83,1.21,1,0
2,"CRM","crm_fixed",NA,NA,"fixed",0.3,0,0.0714,28,3,1,1,0.05,0.05,0.1113,0,NA,NA,0,3.7155,3.7155,0,29.9865,19.417,0.05,331.3656,2000,2000,NA,NA,NA,NA,NA,NA,NA,NA,NA,NA,NA
2,"CRM","crm_fixed",NA,NA,"fixed",0.3,0,0.0714,28,3,1,2,0.1,0.115,0.1515,NA,NA,NA,2.25,4.092,4.092,3.3155,29.9865,19.417,0.05,331.3656,2000,2000,NA,NA,NA,NA,NA,NA,NA,NA,NA,NA,NA
2,"CRM","crm_fixed",NA,NA,"fixed",0.3,0,0.0714,28,3,1,3,0.18,0.21,0.237,NA,NA,NA,22.2,7.143,7.143,3.3235,29.9865,19.417,0.05,331.3656,2000,2000,NA,NA,NA,NA,NA,NA,NA,NA,NA,NA,NA
2,"CRM","crm_fixed",NA,NA,"fixed",0.3,0,0.0714,28,3,1,4,0.3,0.354,0.2822,NA,NA,NA,44.2,8.148,8.148,1.7815,29.9865,19.417,0.05,331.3656,2000,2000,NA,NA,NA,NA,NA,NA,NA,NA,NA,NA,NA
2,"CRM","crm_fixed",NA,NA,"fixed",0.3,0,0.0714,28,3,1,5,0.4,0.49,0.3772,NA,NA,NA,31.3,6.888,6.888,2.149,29.9865,19.417,0.05,331.3656,2000,2000,NA,NA,NA,NA,NA,NA,NA,NA,NA,NA,NA
2,"CRM","crm_level",NA,NA,"level",0.3,0,0.0714,28,3,1,1,0.05,0.05,0.105,NA,NA,NA,0,3.5865,3.5865,0,29.9865,19.6435,0.05,332.1751,2000,2000,NA,NA,NA,NA,NA,NA,NA,NA,NA,NA,NA
2,"CRM","crm_level",NA,NA,"level",0.3,0,0.0714,28,3,1,2,0.1,0.115,0.1437,0.037,NA,NA,1.6,3.8175,3.8175,3.1915,29.9865,19.6435,0.05,332.1751,2000,2000,NA,NA,NA,NA,NA,NA,NA,NA,NA,NA,NA
2,"CRM","crm_level",NA,NA,"level",0.3,0,0.0714,28,3,1,3,0.18,0.21,0.2269,0.0475,NA,NA,19.05,6.4365,6.4365,3.199,29.9865,19.6435,0.05,332.1751,2000,2000,NA,NA,NA,NA,NA,NA,NA,NA,NA,NA,NA
2,"CRM","crm_level",NA,NA,"level",0.3,0,0.0714,28,3,1,4,0.3,0.354,0.2713,0.0762,NA,NA,41.15,7.794,7.794,1.579,29.9865,19.6435,0.05,332.1751,2000,2000,NA,NA,NA,NA,NA,NA,NA,NA,NA,NA,NA
2,"CRM","crm_level",NA,NA,"level",0.3,0,0.0714,28,3,1,5,0.4,0.49,0.3654,0.1073,NA,NA,38.15,8.352,8.352,2.3735,29.9865,19.6435,0.05,332.1751,2000,2000,NA,NA,NA,NA,NA,NA,NA,NA,NA,NA,NA
2,"CRM","crm_random",NA,NA,"random",0.3,0,0.0714,28,3,1,1,0.05,0.05,0.1073,0.0351,NA,NA,0,3.5745,3.5745,0,29.9865,19.598,0.05,331.7619,2000,2000,NA,NA,NA,NA,NA,NA,NA,NA,NA,NA,NA
2,"CRM","crm_random",NA,NA,"random",0.3,0,0.0714,28,3,1,2,0.1,0.115,0.1464,NA,NA,NA,2.15,3.852,3.852,3.1865,29.9865,19.598,0.05,331.7619,2000,2000,NA,NA,NA,NA,NA,NA,NA,NA,NA,NA,NA
2,"CRM","crm_random",NA,NA,"random",0.3,0,0.0714,28,3,1,3,0.18,0.21,0.2301,NA,NA,NA,19.85,6.5355,6.5355,3.211,29.9865,19.598,0.05,331.7619,2000,2000,NA,NA,NA,NA,NA,NA,NA,NA,NA,NA,NA
2,"CRM","crm_random",NA,NA,"random",0.3,0,0.0714,28,3,1,4,0.3,0.354,0.2746,NA,NA,NA,42.25,7.995,7.995,1.622,29.9865,19.598,0.05,331.7619,2000,2000,NA,NA,NA,NA,NA,NA,NA,NA,NA,NA,NA
2,"CRM","crm_random",NA,NA,"random",0.3,0,0.0714,28,3,1,5,0.4,0.49,0.3686,NA,NA,NA,35.7,8.0295,8.0295,2.369,29.9865,19.598,0.05,331.7619,2000,2000,NA,NA,NA,NA,NA,NA,NA,NA,NA,NA,NA
2,"CRM","crm_alpha_crm",NA,NA,"alpha_crm",0.3,0,0.0714,28,3,1,1,0.05,0.05,0.0961,NA,NA,NA,0,3.564,3.564,0,29.9865,20.2485,0.05,334.5045,2000,2000,"15,20,30,35,45",1.4142,61,NA,NA,NA,NA,NA,NA,NA,NA
2,"CRM","crm_alpha_crm",NA,NA,"alpha_crm",0.3,0,0.0714,28,3,1,2,0.1,0.115,0.1328,NA,NA,NA,1.05,3.654,3.654,3.157,29.9865,20.2485,0.05,334.5045,2000,2000,"15,20,30,35,45",1.4142,61,NA,NA,NA,NA,NA,NA,NA,NA
2,"CRM","crm_alpha_crm",NA,NA,"alpha_crm",0.3,0,0.0714,28,3,1,3,0.18,0.21,0.2132,NA,NA,NA,14.05,5.214,5.214,3.068,29.9865,20.2485,0.05,334.5045,2000,2000,"15,20,30,35,45",1.4142,61,NA,NA,NA,NA,NA,NA,NA,NA
2,"CRM","crm_alpha_crm",NA,NA,"alpha_crm",0.3,0,0.0714,28,3,1,4,0.3,0.354,0.2566,NA,NA,NA,37.6,7.479,7.479,1.0565,29.9865,20.2485,0.05,334.5045,2000,2000,"15,20,30,35,45",1.4142,61,NA,NA,NA,NA,NA,NA,NA,NA
2,"CRM","crm_alpha_crm",NA,NA,"alpha_crm",0.3,0,0.0714,28,3,1,5,0.4,0.49,0.3496,NA,NA,NA,47.25,10.0755,10.0755,2.4565,29.9865,20.2485,0.05,334.5045,2000,2000,"15,20,30,35,45",1.4142,61,NA,NA,NA,NA,NA,NA,NA,NA
2,"CRM","crm_cumu_crm",NA,NA,"cumu_crm",0.3,0,0.0714,28,3,1,1,0.05,0.05,0.1121,NA,NA,NA,0,3.081,3.081,0,29.9865,19.5685,0.05,331.3925,2000,2000,NA,NA,NA,"0.15811388,0.47434165,0.79056942,1.10679718,1.42302495",-2,2,1,1.83,1.21,1,0
2,"CRM","crm_cumu_crm",NA,NA,"cumu_crm",0.3,0,0.0714,28,3,1,2,0.1,0.115,0.1523,NA,NA,NA,0.8,3.855,3.855,2.905,29.9865,19.5685,0.05,331.3925,2000,2000,NA,NA,NA,"0.15811388,0.47434165,0.79056942,1.10679718,1.42302495",-2,2,1,1.83,1.21,1,0
2,"CRM","crm_cumu_crm",NA,NA,"cumu_crm",0.3,0,0.0714,28,3,1,3,0.18,0.21,0.2086,NA,NA,NA,16.4,6.603,6.603,3.176,29.9865,19.5685,0.05,331.3925,2000,2000,NA,NA,NA,"0.15811388,0.47434165,0.79056942,1.10679718,1.42302495",-2,2,1,1.83,1.21,1,0
2,"CRM","crm_cumu_crm",NA,NA,"cumu_crm",0.3,0,0.0714,28,3,1,4,0.3,0.354,0.2824,NA,NA,NA,40.5,8.142,8.142,1.7165,29.9865,19.5685,0.05,331.3925,2000,2000,NA,NA,NA,"0.15811388,0.47434165,0.79056942,1.10679718,1.42302495",-2,2,1,1.83,1.21,1,0
2,"CRM","crm_cumu_crm",NA,NA,"cumu_crm",0.3,0,0.0714,28,3,1,5,0.4,0.49,0.3684,NA,NA,NA,42.25,8.3055,8.3055,2.6205,29.9865,19.5685,0.05,331.3925,2000,2000,NA,NA,NA,"0.15811388,0.47434165,0.79056942,1.10679718,1.42302495",-2,2,1,1.83,1.21,1,0
2,"CRM","crm_fixed",NA,NA,"fixed",0.6,0,0.0714,28,1,1,1,0.05,0.05,0.104,0,NA,NA,0,3.648,3.648,0,29.9865,29.9865,0.05,437.5577,2000,2000,NA,NA,NA,NA,NA,NA,NA,NA,NA,NA,NA
2,"CRM","crm_fixed",NA,NA,"fixed",0.6,0,0.0714,28,1,1,2,0.1,0.13,0.1427,NA,NA,NA,1.45,3.855,3.855,0,29.9865,29.9865,0.05,437.5577,2000,2000,NA,NA,NA,NA,NA,NA,NA,NA,NA,NA,NA
2,"CRM","crm_fixed",NA,NA,"fixed",0.6,0,0.0714,28,1,1,3,0.18,0.24,0.2261,NA,NA,NA,18.25,6.516,6.516,0,29.9865,29.9865,0.05,437.5577,2000,2000,NA,NA,NA,NA,NA,NA,NA,NA,NA,NA,NA
2,"CRM","crm_fixed",NA,NA,"fixed",0.6,0,0.0714,28,1,1,4,0.3,0.408,0.2706,NA,NA,NA,41.35,7.7985,7.7985,0,29.9865,29.9865,0.05,437.5577,2000,2000,NA,NA,NA,NA,NA,NA,NA,NA,NA,NA,NA
2,"CRM","crm_fixed",NA,NA,"fixed",0.6,0,0.0714,28,1,1,5,0.4,0.58,0.3648,NA,NA,NA,38.9,8.169,8.169,0,29.9865,29.9865,0.05,437.5577,2000,2000,NA,NA,NA,NA,NA,NA,NA,NA,NA,NA,NA
2,"CRM","crm_level",NA,NA,"level",0.6,0,0.0714,28,1,1,1,0.05,0.05,0.1039,NA,NA,NA,0,3.651,3.651,0,29.9865,29.9865,0.05,437.5577,2000,2000,NA,NA,NA,NA,NA,NA,NA,NA,NA,NA,NA
2,"CRM","crm_level",NA,NA,"level",0.6,0,0.0714,28,1,1,2,0.1,0.13,0.1425,0.0803,NA,NA,1.45,3.8685,3.8685,0,29.9865,29.9865,0.05,437.5577,2000,2000,NA,NA,NA,NA,NA,NA,NA,NA,NA,NA,NA
2,"CRM","crm_level",NA,NA,"level",0.6,0,0.0714,28,1,1,3,0.18,0.24,0.2258,0.0806,NA,NA,18.3,6.4875,6.4875,0,29.9865,29.9865,0.05,437.5577,2000,2000,NA,NA,NA,NA,NA,NA,NA,NA,NA,NA,NA
2,"CRM","crm_level",NA,NA,"level",0.6,0,0.0714,28,1,1,4,0.3,0.408,0.2703,0.0823,NA,NA,41.3,7.818,7.818,0,29.9865,29.9865,0.05,437.5577,2000,2000,NA,NA,NA,NA,NA,NA,NA,NA,NA,NA,NA
2,"CRM","crm_level",NA,NA,"level",0.6,0,0.0714,28,1,1,5,0.4,0.58,0.3646,0.1026,NA,NA,38.9,8.1615,8.1615,0,29.9865,29.9865,0.05,437.5577,2000,2000,NA,NA,NA,NA,NA,NA,NA,NA,NA,NA,NA
2,"CRM","crm_random",NA,NA,"random",0.6,0,0.0714,28,1,1,1,0.05,0.05,0.1037,0.081,NA,NA,0,3.6465,3.6465,0,29.9865,29.9865,0.05,437.5577,2000,2000,NA,NA,NA,NA,NA,NA,NA,NA,NA,NA,NA
2,"CRM","crm_random",NA,NA,"random",0.6,0,0.0714,28,1,1,2,0.1,0.13,0.1423,NA,NA,NA,1.55,3.8565,3.8565,0,29.9865,29.9865,0.05,437.5577,2000,2000,NA,NA,NA,NA,NA,NA,NA,NA,NA,NA,NA
2,"CRM","crm_random",NA,NA,"random",0.6,0,0.0714,28,1,1,3,0.18,0.24,0.2256,NA,NA,NA,18.35,6.489,6.489,0,29.9865,29.9865,0.05,437.5577,2000,2000,NA,NA,NA,NA,NA,NA,NA,NA,NA,NA,NA
2,"CRM","crm_random",NA,NA,"random",0.6,0,0.0714,28,1,1,4,0.3,0.408,0.2701,NA,NA,NA,41.1,7.791,7.791,0,29.9865,29.9865,0.05,437.5577,2000,2000,NA,NA,NA,NA,NA,NA,NA,NA,NA,NA,NA
2,"CRM","crm_random",NA,NA,"random",0.6,0,0.0714,28,1,1,5,0.4,0.58,0.3643,NA,NA,NA,38.95,8.2035,8.2035,0,29.9865,29.9865,0.05,437.5577,2000,2000,NA,NA,NA,NA,NA,NA,NA,NA,NA,NA,NA
2,"CRM","crm_alpha_crm",NA,NA,"alpha_crm",0.6,0,0.0714,28,1,1,1,0.05,0.05,0.1039,NA,NA,NA,0,3.6465,3.6465,0,29.9865,29.9865,0.05,437.5577,2000,2000,"15,20,30,35,45",1.4142,61,NA,NA,NA,NA,NA,NA,NA,NA
2,"CRM","crm_alpha_crm",NA,NA,"alpha_crm",0.6,0,0.0714,28,1,1,2,0.1,0.13,0.1425,NA,NA,NA,1.5,3.852,3.852,0,29.9865,29.9865,0.05,437.5577,2000,2000,"15,20,30,35,45",1.4142,61,NA,NA,NA,NA,NA,NA,NA,NA
2,"CRM","crm_alpha_crm",NA,NA,"alpha_crm",0.6,0,0.0714,28,1,1,3,0.18,0.24,0.2258,NA,NA,NA,17.75,6.4965,6.4965,0,29.9865,29.9865,0.05,437.5577,2000,2000,"15,20,30,35,45",1.4142,61,NA,NA,NA,NA,NA,NA,NA,NA
2,"CRM","crm_alpha_crm",NA,NA,"alpha_crm",0.6,0,0.0714,28,1,1,4,0.3,0.408,0.2703,NA,NA,NA,41.6,7.7595,7.7595,0,29.9865,29.9865,0.05,437.5577,2000,2000,"15,20,30,35,45",1.4142,61,NA,NA,NA,NA,NA,NA,NA,NA
2,"CRM","crm_alpha_crm",NA,NA,"alpha_crm",0.6,0,0.0714,28,1,1,5,0.4,0.58,0.3645,NA,NA,NA,39.1,8.232,8.232,0,29.9865,29.9865,0.05,437.5577,2000,2000,"15,20,30,35,45",1.4142,61,NA,NA,NA,NA,NA,NA,NA,NA
2,"CRM","crm_cumu_crm",NA,NA,"cumu_crm",0.6,0,0.0714,28,1,1,1,0.05,0.05,0.1144,NA,NA,NA,0,3.063,3.063,0,29.9865,29.9865,0.05,437.5577,2000,2000,NA,NA,NA,"0.15811388,0.47434165,0.79056942,1.10679718,1.42302495",-2,2,1,1.83,1.21,1,0
2,"CRM","crm_cumu_crm",NA,NA,"cumu_crm",0.6,0,0.0714,28,1,1,2,0.1,0.13,0.1578,NA,NA,NA,1.45,4.008,4.008,0,29.9865,29.9865,0.05,437.5577,2000,2000,NA,NA,NA,"0.15811388,0.47434165,0.79056942,1.10679718,1.42302495",-2,2,1,1.83,1.21,1,0
2,"CRM","crm_cumu_crm",NA,NA,"cumu_crm",0.6,0,0.0714,28,1,1,3,0.18,0.24,0.2191,NA,NA,NA,22.15,7.398,7.398,0,29.9865,29.9865,0.05,437.5577,2000,2000,NA,NA,NA,"0.15811388,0.47434165,0.79056942,1.10679718,1.42302495",-2,2,1,1.83,1.21,1,0
2,"CRM","crm_cumu_crm",NA,NA,"cumu_crm",0.6,0,0.0714,28,1,1,4,0.3,0.408,0.2993,NA,NA,NA,43.75,8.4495,8.4495,0,29.9865,29.9865,0.05,437.5577,2000,2000,NA,NA,NA,"0.15811388,0.47434165,0.79056942,1.10679718,1.42302495",-2,2,1,1.83,1.21,1,0
2,"CRM","crm_cumu_crm",NA,NA,"cumu_crm",0.6,0,0.0714,28,1,1,5,0.4,0.58,0.3913,NA,NA,NA,32.6,7.068,7.068,0,29.9865,29.9865,0.05,437.5577,2000,2000,NA,NA,NA,"0.15811388,0.47434165,0.79056942,1.10679718,1.42302495",-2,2,1,1.83,1.21,1,0
2,"CRM","crm_fixed",NA,NA,"fixed",0.6,0,0.0714,28,2,1,1,0.05,0.05,0.1164,0,NA,NA,0,3.75,3.75,0,29.9865,21.342,0.05,346.3714,2000,2000,NA,NA,NA,NA,NA,NA,NA,NA,NA,NA,NA
2,"CRM","crm_fixed",NA,NA,"fixed",0.6,0,0.0714,28,2,1,2,0.1,0.13,0.1576,NA,NA,NA,2.45,4.2165,4.2165,3.349,29.9865,21.342,0.05,346.3714,2000,2000,NA,NA,NA,NA,NA,NA,NA,NA,NA,NA,NA
2,"CRM","crm_fixed",NA,NA,"fixed",0.6,0,0.0714,28,2,1,3,0.18,0.24,0.2443,NA,NA,NA,27.2,7.6365,7.6365,0.5345,29.9865,21.342,0.05,346.3714,2000,2000,NA,NA,NA,NA,NA,NA,NA,NA,NA,NA,NA
2,"CRM","crm_fixed",NA,NA,"fixed",0.6,0,0.0714,28,2,1,4,0.3,0.408,0.2899,NA,NA,NA,43.3,8.2305,8.2305,3.922,29.9865,21.342,0.05,346.3714,2000,2000,NA,NA,NA,NA,NA,NA,NA,NA,NA,NA,NA
2,"CRM","crm_fixed",NA,NA,"fixed",0.6,0,0.0714,28,2,1,5,0.4,0.58,0.3852,NA,NA,NA,27,6.153,6.153,0.839,29.9865,21.342,0.05,346.3714,2000,2000,NA,NA,NA,NA,NA,NA,NA,NA,NA,NA,NA
2,"CRM","crm_level",NA,NA,"level",0.6,0,0.0714,28,2,1,1,0.05,0.05,0.1094,NA,NA,NA,0.05,3.6,3.6,0,29.9865,21.6695,0.05,348.8521,2000,2000,NA,NA,NA,NA,NA,NA,NA,NA,NA,NA,NA
2,"CRM","crm_level",NA,NA,"level",0.6,0,0.0714,28,2,1,2,0.1,0.13,0.1489,0.0398,NA,NA,1.95,4.002,4.002,3.215,29.9865,21.6695,0.05,348.8521,2000,2000,NA,NA,NA,NA,NA,NA,NA,NA,NA,NA,NA
2,"CRM","crm_level",NA,NA,"level",0.6,0,0.0714,28,2,1,3,0.18,0.24,0.2332,0.0742,NA,NA,21.95,6.786,6.786,0.507,29.9865,21.6695,0.05,348.8521,2000,2000,NA,NA,NA,NA,NA,NA,NA,NA,NA,NA,NA
2,"CRM","crm_level",NA,NA,"level",0.6,0,0.0714,28,2,1,4,0.3,0.408,0.2779,0.089,NA,NA,42.45,7.8825,7.8825,3.637,29.9865,21.6695,0.05,348.8521,2000,2000,NA,NA,NA,NA,NA,NA,NA,NA,NA,NA,NA
2,"CRM","crm_level",NA,NA,"level",0.6,0,0.0714,28,2,1,5,0.4,0.58,0.3722,0.1122,NA,NA,33.55,7.716,7.716,0.958,29.9865,21.6695,0.05,348.8521,2000,2000,NA,NA,NA,NA,NA,NA,NA,NA,NA,NA,NA
2,"CRM","crm_random",NA,NA,"random",0.6,0,0.0714,28,2,1,1,0.05,0.05,0.1112,0.0494,NA,NA,0.1,3.588,3.588,0,29.9865,21.6425,0.05,348.6448,2000,2000,NA,NA,NA,NA,NA,NA,NA,NA,NA,NA,NA
2,"CRM","crm_random",NA,NA,"random",0.6,0,0.0714,28,2,1,2,0.1,0.13,0.1509,NA,NA,NA,2.45,4.0095,4.0095,3.214,29.9865,21.6425,0.05,348.6448,2000,2000,NA,NA,NA,NA,NA,NA,NA,NA,NA,NA,NA
2,"CRM","crm_random",NA,NA,"random",0.6,0,0.0714,28,2,1,3,0.18,0.24,0.2355,NA,NA,NA,23,6.927,6.927,0.512,29.9865,21.6425,0.05,348.6448,2000,2000,NA,NA,NA,NA,NA,NA,NA,NA,NA,NA,NA
2,"CRM","crm_random",NA,NA,"random",0.6,0,0.0714,28,2,1,4,0.3,0.408,0.2803,NA,NA,NA,41.7,7.8585,7.8585,3.695,29.9865,21.6425,0.05,348.6448,2000,2000,NA,NA,NA,NA,NA,NA,NA,NA,NA,NA,NA
2,"CRM","crm_random",NA,NA,"random",0.6,0,0.0714,28,2,1,5,0.4,0.58,0.3745,NA,NA,NA,32.7,7.6035,7.6035,0.923,29.9865,21.6425,0.05,348.6448,2000,2000,NA,NA,NA,NA,NA,NA,NA,NA,NA,NA,NA
2,"CRM","crm_alpha_crm",NA,NA,"alpha_crm",0.6,0,0.0714,28,2,1,1,0.05,0.05,0.1011,NA,NA,NA,0,3.573,3.573,0,29.9865,21.92,0.05,350.0788,2000,2000,"15,20,30,35,45",1.4142,61,NA,NA,NA,NA,NA,NA,NA,NA
2,"CRM","crm_alpha_crm",NA,NA,"alpha_crm",0.6,0,0.0714,28,2,1,2,0.1,0.13,0.139,NA,NA,NA,1.25,3.9,3.9,3.1755,29.9865,21.92,0.05,350.0788,2000,2000,"15,20,30,35,45",1.4142,61,NA,NA,NA,NA,NA,NA,NA,NA
2,"CRM","crm_alpha_crm",NA,NA,"alpha_crm",0.6,0,0.0714,28,2,1,3,0.18,0.24,0.2213,NA,NA,NA,16.2,5.967,5.967,0.5115,29.9865,21.92,0.05,350.0788,2000,2000,"15,20,30,35,45",1.4142,61,NA,NA,NA,NA,NA,NA,NA,NA
2,"CRM","crm_alpha_crm",NA,NA,"alpha_crm",0.6,0,0.0714,28,2,1,4,0.3,0.408,0.2653,NA,NA,NA,41.35,7.701,7.701,3.333,29.9865,21.92,0.05,350.0788,2000,2000,"15,20,30,35,45",1.4142,61,NA,NA,NA,NA,NA,NA,NA,NA
2,"CRM","crm_alpha_crm",NA,NA,"alpha_crm",0.6,0,0.0714,28,2,1,5,0.4,0.58,0.3591,NA,NA,NA,41.15,8.8455,8.8455,1.0465,29.9865,21.92,0.05,350.0788,2000,2000,"15,20,30,35,45",1.4142,61,NA,NA,NA,NA,NA,NA,NA,NA
2,"CRM","crm_cumu_crm",NA,NA,"cumu_crm",0.6,0,0.0714,28,2,1,1,0.05,0.05,0.1143,NA,NA,NA,0,3.084,3.084,0,29.9865,21.6835,0.05,348.3341,2000,2000,NA,NA,NA,"0.15811388,0.47434165,0.79056942,1.10679718,1.42302495",-2,2,1,1.83,1.21,1,0
2,"CRM","crm_cumu_crm",NA,NA,"cumu_crm",0.6,0,0.0714,28,2,1,2,0.1,0.13,0.1566,NA,NA,NA,1.25,4.1295,4.1295,2.908,29.9865,21.6835,0.05,348.3341,2000,2000,NA,NA,NA,"0.15811388,0.47434165,0.79056942,1.10679718,1.42302495",-2,2,1,1.83,1.21,1,0
2,"CRM","crm_cumu_crm",NA,NA,"cumu_crm",0.6,0,0.0714,28,2,1,3,0.18,0.24,0.216,NA,NA,NA,19.55,6.8985,6.8985,0.783,29.9865,21.6835,0.05,348.3341,2000,2000,NA,NA,NA,"0.15811388,0.47434165,0.79056942,1.10679718,1.42302495",-2,2,1,1.83,1.21,1,0
2,"CRM","crm_cumu_crm",NA,NA,"cumu_crm",0.6,0,0.0714,28,2,1,4,0.3,0.408,0.2932,NA,NA,NA,43.25,8.3385,8.3385,3.364,29.9865,21.6835,0.05,348.3341,2000,2000,NA,NA,NA,"0.15811388,0.47434165,0.79056942,1.10679718,1.42302495",-2,2,1,1.83,1.21,1,0
2,"CRM","crm_cumu_crm",NA,NA,"cumu_crm",0.6,0,0.0714,28,2,1,5,0.4,0.58,0.3823,NA,NA,NA,35.9,7.536,7.536,1.248,29.9865,21.6835,0.05,348.3341,2000,2000,NA,NA,NA,"0.15811388,0.47434165,0.79056942,1.10679718,1.42302495",-2,2,1,1.83,1.21,1,0
2,"CRM","crm_fixed",NA,NA,"fixed",0.6,0,0.0714,28,3,1,1,0.05,0.05,0.1191,0,NA,NA,0,3.777,3.777,0,29.9865,19.1725,0.05,330.2414,2000,2000,NA,NA,NA,NA,NA,NA,NA,NA,NA,NA,NA
2,"CRM","crm_fixed",NA,NA,"fixed",0.6,0,0.0714,28,3,1,2,0.1,0.13,0.1608,NA,NA,NA,2.9,4.353,4.353,3.3775,29.9865,19.1725,0.05,330.2414,2000,2000,NA,NA,NA,NA,NA,NA,NA,NA,NA,NA,NA
2,"CRM","crm_fixed",NA,NA,"fixed",0.6,0,0.0714,28,3,1,3,0.18,0.24,0.2483,NA,NA,NA,28.05,7.7685,7.7685,3.409,29.9865,19.1725,0.05,330.2414,2000,2000,NA,NA,NA,NA,NA,NA,NA,NA,NA,NA,NA
2,"CRM","crm_fixed",NA,NA,"fixed",0.6,0,0.0714,28,3,1,4,0.3,0.408,0.2942,NA,NA,NA,45.6,8.442,8.442,1.9865,29.9865,19.1725,0.05,330.2414,2000,2000,NA,NA,NA,NA,NA,NA,NA,NA,NA,NA,NA
2,"CRM","crm_fixed",NA,NA,"fixed",0.6,0,0.0714,28,3,1,5,0.4,0.58,0.3897,NA,NA,NA,23.4,5.646,5.646,2.041,29.9865,19.1725,0.05,330.2414,2000,2000,NA,NA,NA,NA,NA,NA,NA,NA,NA,NA,NA
2,"CRM","crm_level",NA,NA,"level",0.6,0,0.0714,28,3,1,1,0.05,0.05,0.1105,NA,NA,NA,0,3.6375,3.6375,0,29.9865,19.385,0.05,331.4128,2000,2000,NA,NA,NA,NA,NA,NA,NA,NA,NA,NA,NA
2,"CRM","crm_level",NA,NA,"level",0.6,0,0.0714,28,3,1,2,0.1,0.13,0.1502,0.0398,NA,NA,2.3,4.017,4.017,3.2455,29.9865,19.385,0.05,331.4128,2000,2000,NA,NA,NA,NA,NA,NA,NA,NA,NA,NA,NA
2,"CRM","crm_level",NA,NA,"level",0.6,0,0.0714,28,3,1,3,0.18,0.24,0.2348,0.0529,NA,NA,22.5,6.8025,6.8025,3.221,29.9865,19.385,0.05,331.4128,2000,2000,NA,NA,NA,NA,NA,NA,NA,NA,NA,NA,NA
2,"CRM","crm_level",NA,NA,"level",0.6,0,0.0714,28,3,1,4,0.3,0.408,0.2795,0.0843,NA,NA,42.55,8.0925,8.0925,1.717,29.9865,19.385,0.05,331.4128,2000,2000,NA,NA,NA,NA,NA,NA,NA,NA,NA,NA,NA
2,"CRM","crm_level",NA,NA,"level",0.6,0,0.0714,28,3,1,5,0.4,0.58,0.3738,0.1277,NA,NA,32.6,7.437,7.437,2.418,29.9865,19.385,0.05,331.4128,2000,2000,NA,NA,NA,NA,NA,NA,NA,NA,NA,NA,NA
2,"CRM","crm_random",NA,NA,"random",0.6,0,0.0714,28,3,1,1,0.05,0.05,0.1145,0.0424,NA,NA,0.05,3.609,3.609,0,29.9865,19.304,0.05,330.3358,2000,2000,NA,NA,NA,NA,NA,NA,NA,NA,NA,NA,NA
2,"CRM","crm_random",NA,NA,"random",0.6,0,0.0714,28,3,1,2,0.1,0.13,0.1549,NA,NA,NA,3.05,4.107,4.107,3.2315,29.9865,19.304,0.05,330.3358,2000,2000,NA,NA,NA,NA,NA,NA,NA,NA,NA,NA,NA
2,"CRM","crm_random",NA,NA,"random",0.6,0,0.0714,28,3,1,3,0.18,0.24,0.2404,NA,NA,NA,23.8,7.053,7.053,3.3015,29.9865,19.304,0.05,330.3358,2000,2000,NA,NA,NA,NA,NA,NA,NA,NA,NA,NA,NA
2,"CRM","crm_random",NA,NA,"random",0.6,0,0.0714,28,3,1,4,0.3,0.408,0.2855,NA,NA,NA,43.85,8.0715,8.0715,1.8175,29.9865,19.304,0.05,330.3358,2000,2000,NA,NA,NA,NA,NA,NA,NA,NA,NA,NA,NA
2,"CRM","crm_random",NA,NA,"random",0.6,0,0.0714,28,3,1,5,0.4,0.58,0.38,NA,NA,NA,29.2,7.146,7.146,2.332,29.9865,19.304,0.05,330.3358,2000,2000,NA,NA,NA,NA,NA,NA,NA,NA,NA,NA,NA
2,"CRM","crm_alpha_crm",NA,NA,"alpha_crm",0.6,0,0.0714,28,3,1,1,0.05,0.05,0.1005,NA,NA,NA,0,3.5715,3.5715,0,29.9865,20.0145,0.05,333.5671,2000,2000,"15,20,30,35,45",1.4142,61,NA,NA,NA,NA,NA,NA,NA,NA
2,"CRM","crm_alpha_crm",NA,NA,"alpha_crm",0.6,0,0.0714,28,3,1,2,0.1,0.13,0.1383,NA,NA,NA,1.35,3.7935,3.7935,3.175,29.9865,20.0145,0.05,333.5671,2000,2000,"15,20,30,35,45",1.4142,61,NA,NA,NA,NA,NA,NA,NA,NA
2,"CRM","crm_alpha_crm",NA,NA,"alpha_crm",0.6,0,0.0714,28,3,1,3,0.18,0.24,0.22,NA,NA,NA,16.5,5.619,5.619,3.119,29.9865,20.0145,0.05,333.5671,2000,2000,"15,20,30,35,45",1.4142,61,NA,NA,NA,NA,NA,NA,NA,NA
2,"CRM","crm_alpha_crm",NA,NA,"alpha_crm",0.6,0,0.0714,28,3,1,4,0.3,0.408,0.2639,NA,NA,NA,38.8,7.7475,7.7475,1.221,29.9865,20.0145,0.05,333.5671,2000,2000,"15,20,30,35,45",1.4142,61,NA,NA,NA,NA,NA,NA,NA,NA
2,"CRM","crm_alpha_crm",NA,NA,"alpha_crm",0.6,0,0.0714,28,3,1,5,0.4,0.58,0.3574,NA,NA,NA,43.3,9.255,9.255,2.457,29.9865,20.0145,0.05,333.5671,2000,2000,"15,20,30,35,45",1.4142,61,NA,NA,NA,NA,NA,NA,NA,NA
2,"CRM","crm_cumu_crm",NA,NA,"cumu_crm",0.6,0,0.0714,28,3,1,1,0.05,0.05,0.1135,NA,NA,NA,0,3.084,3.084,0,29.9865,19.4025,0.05,330.5352,2000,2000,NA,NA,NA,"0.15811388,0.47434165,0.79056942,1.10679718,1.42302495",-2,2,1,1.83,1.21,1,0
2,"CRM","crm_cumu_crm",NA,NA,"cumu_crm",0.6,0,0.0714,28,3,1,2,0.1,0.13,0.1557,NA,NA,NA,1.1,4.062,4.062,2.908,29.9865,19.4025,0.05,330.5352,2000,2000,NA,NA,NA,"0.15811388,0.47434165,0.79056942,1.10679718,1.42302495",-2,2,1,1.83,1.21,1,0
2,"CRM","crm_cumu_crm",NA,NA,"cumu_crm",0.6,0,0.0714,28,3,1,3,0.18,0.24,0.2151,NA,NA,NA,19.8,7.062,7.062,3.265,29.9865,19.4025,0.05,330.5352,2000,2000,NA,NA,NA,"0.15811388,0.47434165,0.79056942,1.10679718,1.42302495",-2,2,1,1.83,1.21,1,0
2,"CRM","crm_cumu_crm",NA,NA,"cumu_crm",0.6,0,0.0714,28,3,1,4,0.3,0.408,0.2928,NA,NA,NA,42,8.4165,8.4165,1.92,29.9865,19.4025,0.05,330.5352,2000,2000,NA,NA,NA,"0.15811388,0.47434165,0.79056942,1.10679718,1.42302495",-2,2,1,1.83,1.21,1,0
2,"CRM","crm_cumu_crm",NA,NA,"cumu_crm",0.6,0,0.0714,28,3,1,5,0.4,0.58,0.3823,NA,NA,NA,37.05,7.362,7.362,2.491,29.9865,19.4025,0.05,330.5352,2000,2000,NA,NA,NA,"0.15811388,0.47434165,0.79056942,1.10679718,1.42302495",-2,2,1,1.83,1.21,1,0
2,"CRM","crm_fixed",NA,NA,"fixed",0.9,0,0.0714,28,1,1,1,0.05,0.05,0.1038,0,NA,NA,0,3.648,3.648,0,29.9865,29.9865,0.05,437.5577,2000,2000,NA,NA,NA,NA,NA,NA,NA,NA,NA,NA,NA
2,"CRM","crm_fixed",NA,NA,"fixed",0.9,0,0.0714,28,1,1,2,0.1,0.145,0.1425,NA,NA,NA,1.6,3.846,3.846,0,29.9865,29.9865,0.05,437.5577,2000,2000,NA,NA,NA,NA,NA,NA,NA,NA,NA,NA,NA
2,"CRM","crm_fixed",NA,NA,"fixed",0.9,0,0.0714,28,1,1,3,0.18,0.27,0.2258,NA,NA,NA,18,6.4875,6.4875,0,29.9865,29.9865,0.05,437.5577,2000,2000,NA,NA,NA,NA,NA,NA,NA,NA,NA,NA,NA
2,"CRM","crm_fixed",NA,NA,"fixed",0.9,0,0.0714,28,1,1,4,0.3,0.462,0.2702,NA,NA,NA,41.4,7.836,7.836,0,29.9865,29.9865,0.05,437.5577,2000,2000,NA,NA,NA,NA,NA,NA,NA,NA,NA,NA,NA
2,"CRM","crm_fixed",NA,NA,"fixed",0.9,0,0.0714,28,1,1,5,0.4,0.67,0.3645,NA,NA,NA,38.95,8.169,8.169,0,29.9865,29.9865,0.05,437.5577,2000,2000,NA,NA,NA,NA,NA,NA,NA,NA,NA,NA,NA
2,"CRM","crm_level",NA,NA,"level",0.9,0,0.0714,28,1,1,1,0.05,0.05,0.1037,NA,NA,NA,0,3.648,3.648,0,29.9865,29.9865,0.05,437.5577,2000,2000,NA,NA,NA,NA,NA,NA,NA,NA,NA,NA,NA
2,"CRM","crm_level",NA,NA,"level",0.9,0,0.0714,28,1,1,2,0.1,0.145,0.1423,0.0798,NA,NA,1.5,3.84,3.84,0,29.9865,29.9865,0.05,437.5577,2000,2000,NA,NA,NA,NA,NA,NA,NA,NA,NA,NA,NA
2,"CRM","crm_level",NA,NA,"level",0.9,0,0.0714,28,1,1,3,0.18,0.27,0.2256,0.0791,NA,NA,17.8,6.4905,6.4905,0,29.9865,29.9865,0.05,437.5577,2000,2000,NA,NA,NA,NA,NA,NA,NA,NA,NA,NA,NA
2,"CRM","crm_level",NA,NA,"level",0.9,0,0.0714,28,1,1,4,0.3,0.462,0.2701,0.0874,NA,NA,41.4,7.8255,7.8255,0,29.9865,29.9865,0.05,437.5577,2000,2000,NA,NA,NA,NA,NA,NA,NA,NA,NA,NA,NA
2,"CRM","crm_level",NA,NA,"level",0.9,0,0.0714,28,1,1,5,0.4,0.67,0.3644,0.1005,NA,NA,39.25,8.1825,8.1825,0,29.9865,29.9865,0.05,437.5577,2000,2000,NA,NA,NA,NA,NA,NA,NA,NA,NA,NA,NA
2,"CRM","crm_random",NA,NA,"random",0.9,0,0.0714,28,1,1,1,0.05,0.05,0.1038,0.0797,NA,NA,0,3.648,3.648,0,29.9865,29.9865,0.05,437.5577,2000,2000,NA,NA,NA,NA,NA,NA,NA,NA,NA,NA,NA
2,"CRM","crm_random",NA,NA,"random",0.9,0,0.0714,28,1,1,2,0.1,0.145,0.1424,NA,NA,NA,1.55,3.852,3.852,0,29.9865,29.9865,0.05,437.5577,2000,2000,NA,NA,NA,NA,NA,NA,NA,NA,NA,NA,NA
2,"CRM","crm_random",NA,NA,"random",0.9,0,0.0714,28,1,1,3,0.18,0.27,0.2257,NA,NA,NA,17.95,6.504,6.504,0,29.9865,29.9865,0.05,437.5577,2000,2000,NA,NA,NA,NA,NA,NA,NA,NA,NA,NA,NA
2,"CRM","crm_random",NA,NA,"random",0.9,0,0.0714,28,1,1,4,0.3,0.462,0.2702,NA,NA,NA,41.25,7.8,7.8,0,29.9865,29.9865,0.05,437.5577,2000,2000,NA,NA,NA,NA,NA,NA,NA,NA,NA,NA,NA
2,"CRM","crm_random",NA,NA,"random",0.9,0,0.0714,28,1,1,5,0.4,0.67,0.3645,NA,NA,NA,39.2,8.1825,8.1825,0,29.9865,29.9865,0.05,437.5577,2000,2000,NA,NA,NA,NA,NA,NA,NA,NA,NA,NA,NA
2,"CRM","crm_alpha_crm",NA,NA,"alpha_crm",0.9,0,0.0714,28,1,1,1,0.05,0.05,0.1039,NA,NA,NA,0,3.6465,3.6465,0,29.9865,29.9865,0.05,437.5577,2000,2000,"15,20,30,35,45",1.4142,61,NA,NA,NA,NA,NA,NA,NA,NA
2,"CRM","crm_alpha_crm",NA,NA,"alpha_crm",0.9,0,0.0714,28,1,1,2,0.1,0.145,0.1425,NA,NA,NA,1.5,3.852,3.852,0,29.9865,29.9865,0.05,437.5577,2000,2000,"15,20,30,35,45",1.4142,61,NA,NA,NA,NA,NA,NA,NA,NA
2,"CRM","crm_alpha_crm",NA,NA,"alpha_crm",0.9,0,0.0714,28,1,1,3,0.18,0.27,0.2258,NA,NA,NA,17.75,6.4965,6.4965,0,29.9865,29.9865,0.05,437.5577,2000,2000,"15,20,30,35,45",1.4142,61,NA,NA,NA,NA,NA,NA,NA,NA
2,"CRM","crm_alpha_crm",NA,NA,"alpha_crm",0.9,0,0.0714,28,1,1,4,0.3,0.462,0.2703,NA,NA,NA,41.6,7.7595,7.7595,0,29.9865,29.9865,0.05,437.5577,2000,2000,"15,20,30,35,45",1.4142,61,NA,NA,NA,NA,NA,NA,NA,NA
2,"CRM","crm_alpha_crm",NA,NA,"alpha_crm",0.9,0,0.0714,28,1,1,5,0.4,0.67,0.3645,NA,NA,NA,39.1,8.232,8.232,0,29.9865,29.9865,0.05,437.5577,2000,2000,"15,20,30,35,45",1.4142,61,NA,NA,NA,NA,NA,NA,NA,NA
2,"CRM","crm_cumu_crm",NA,NA,"cumu_crm",0.9,0,0.0714,28,1,1,1,0.05,0.05,0.1144,NA,NA,NA,0,3.063,3.063,0,29.9865,29.9865,0.05,437.5577,2000,2000,NA,NA,NA,"0.15811388,0.47434165,0.79056942,1.10679718,1.42302495",-2,2,1,1.83,1.21,1,0
2,"CRM","crm_cumu_crm",NA,NA,"cumu_crm",0.9,0,0.0714,28,1,1,2,0.1,0.145,0.1579,NA,NA,NA,1.45,4.014,4.014,0,29.9865,29.9865,0.05,437.5577,2000,2000,NA,NA,NA,"0.15811388,0.47434165,0.79056942,1.10679718,1.42302495",-2,2,1,1.83,1.21,1,0
2,"CRM","crm_cumu_crm",NA,NA,"cumu_crm",0.9,0,0.0714,28,1,1,3,0.18,0.27,0.2193,NA,NA,NA,22.5,7.371,7.371,0,29.9865,29.9865,0.05,437.5577,2000,2000,NA,NA,NA,"0.15811388,0.47434165,0.79056942,1.10679718,1.42302495",-2,2,1,1.83,1.21,1,0
2,"CRM","crm_cumu_crm",NA,NA,"cumu_crm",0.9,0,0.0714,28,1,1,4,0.3,0.462,0.2997,NA,NA,NA,43.35,8.4615,8.4615,0,29.9865,29.9865,0.05,437.5577,2000,2000,NA,NA,NA,"0.15811388,0.47434165,0.79056942,1.10679718,1.42302495",-2,2,1,1.83,1.21,1,0
2,"CRM","crm_cumu_crm",NA,NA,"cumu_crm",0.9,0,0.0714,28,1,1,5,0.4,0.67,0.3918,NA,NA,NA,32.65,7.077,7.077,0,29.9865,29.9865,0.05,437.5577,2000,2000,NA,NA,NA,"0.15811388,0.47434165,0.79056942,1.10679718,1.42302495",-2,2,1,1.83,1.21,1,0
2,"CRM","crm_fixed",NA,NA,"fixed",0.9,0,0.0714,28,2,1,1,0.05,0.05,0.1223,0,NA,NA,0,3.819,3.819,0,29.9865,21.195,0.05,345.3093,2000,2000,NA,NA,NA,NA,NA,NA,NA,NA,NA,NA,NA
2,"CRM","crm_fixed",NA,NA,"fixed",0.9,0,0.0714,28,2,1,2,0.1,0.145,0.1645,NA,NA,NA,3.2,4.386,4.386,3.4165,29.9865,21.195,0.05,345.3093,2000,2000,NA,NA,NA,NA,NA,NA,NA,NA,NA,NA,NA
2,"CRM","crm_fixed",NA,NA,"fixed",0.9,0,0.0714,28,2,1,3,0.18,0.27,0.2528,NA,NA,NA,30.85,8.1855,8.1855,0.605,29.9865,21.195,0.05,345.3093,2000,2000,NA,NA,NA,NA,NA,NA,NA,NA,NA,NA,NA
2,"CRM","crm_fixed",NA,NA,"fixed",0.9,0,0.0714,28,2,1,4,0.3,0.462,0.2988,NA,NA,NA,44.2,8.268,8.268,4.0135,29.9865,21.195,0.05,345.3093,2000,2000,NA,NA,NA,NA,NA,NA,NA,NA,NA,NA,NA
2,"CRM","crm_fixed",NA,NA,"fixed",0.9,0,0.0714,28,2,1,5,0.4,0.67,0.3945,NA,NA,NA,21.7,5.328,5.328,0.7565,29.9865,21.195,0.05,345.3093,2000,2000,NA,NA,NA,NA,NA,NA,NA,NA,NA,NA,NA
2,"CRM","crm_level",NA,NA,"level",0.9,0,0.0714,28,2,1,1,0.05,0.05,0.1139,NA,NA,NA,0.05,3.624,3.624,0,29.9865,21.527,0.05,348.4851,2000,2000,NA,NA,NA,NA,NA,NA,NA,NA,NA,NA,NA
2,"CRM","crm_level",NA,NA,"level",0.9,0,0.0714,28,2,1,2,0.1,0.145,0.1542,0.0417,NA,NA,2.75,4.1565,4.1565,3.251,29.9865,21.527,0.05,348.4851,2000,2000,NA,NA,NA,NA,NA,NA,NA,NA,NA,NA,NA
2,"CRM","crm_level",NA,NA,"level",0.9,0,0.0714,28,2,1,3,0.18,0.27,0.2396,0.0756,NA,NA,24,7.1235,7.1235,0.5775,29.9865,21.527,0.05,348.4851,2000,2000,NA,NA,NA,NA,NA,NA,NA,NA,NA,NA,NA
2,"CRM","crm_level",NA,NA,"level",0.9,0,0.0714,28,2,1,4,0.3,0.462,0.2847,0.1,NA,NA,43.7,8.049,8.049,3.7415,29.9865,21.527,0.05,348.4851,2000,2000,NA,NA,NA,NA,NA,NA,NA,NA,NA,NA,NA
2,"CRM","crm_level",NA,NA,"level",0.9,0,0.0714,28,2,1,5,0.4,0.67,0.3793,0.1227,NA,NA,29.45,7.0335,7.0335,0.8895,29.9865,21.527,0.05,348.4851,2000,2000,NA,NA,NA,NA,NA,NA,NA,NA,NA,NA,NA
2,"CRM","crm_random",NA,NA,"random",0.9,0,0.0714,28,2,1,1,0.05,0.05,0.1158,0.0605,NA,NA,0.05,3.636,3.636,0,29.9865,21.5035,0.05,347.6636,2000,2000,NA,NA,NA,NA,NA,NA,NA,NA,NA,NA,NA
2,"CRM","crm_random",NA,NA,"random",0.9,0,0.0714,28,2,1,2,0.1,0.145,0.1564,NA,NA,NA,2.9,4.1985,4.1985,3.2665,29.9865,21.5035,0.05,347.6636,2000,2000,NA,NA,NA,NA,NA,NA,NA,NA,NA,NA,NA
2,"CRM","crm_random",NA,NA,"random",0.9,0,0.0714,28,2,1,3,0.18,0.27,0.2422,NA,NA,NA,26.1,7.2645,7.2645,0.6005,29.9865,21.5035,0.05,347.6636,2000,2000,NA,NA,NA,NA,NA,NA,NA,NA,NA,NA,NA
2,"CRM","crm_random",NA,NA,"random",0.9,0,0.0714,28,2,1,4,0.3,0.462,0.2873,NA,NA,NA,43.05,8.133,8.133,3.735,29.9865,21.5035,0.05,347.6636,2000,2000,NA,NA,NA,NA,NA,NA,NA,NA,NA,NA,NA
2,"CRM","crm_random",NA,NA,"random",0.9,0,0.0714,28,2,1,5,0.4,0.67,0.3818,NA,NA,NA,27.85,6.7545,6.7545,0.881,29.9865,21.5035,0.05,347.6636,2000,2000,NA,NA,NA,NA,NA,NA,NA,NA,NA,NA,NA
2,"CRM","crm_alpha_crm",NA,NA,"alpha_crm",0.9,0,0.0714,28,2,1,1,0.05,0.05,0.1057,NA,NA,NA,0,3.6,3.6,0,29.9865,21.7155,0.05,349.0714,2000,2000,"15,20,30,35,45",1.4142,61,NA,NA,NA,NA,NA,NA,NA,NA
2,"CRM","crm_alpha_crm",NA,NA,"alpha_crm",0.9,0,0.0714,28,2,1,2,0.1,0.145,0.1445,NA,NA,NA,1.7,4.0485,4.0485,3.208,29.9865,21.7155,0.05,349.0714,2000,2000,"15,20,30,35,45",1.4142,61,NA,NA,NA,NA,NA,NA,NA,NA
2,"CRM","crm_alpha_crm",NA,NA,"alpha_crm",0.9,0,0.0714,28,2,1,3,0.18,0.27,0.2281,NA,NA,NA,19.15,6.309,6.309,0.569,29.9865,21.7155,0.05,349.0714,2000,2000,"15,20,30,35,45",1.4142,61,NA,NA,NA,NA,NA,NA,NA,NA
2,"CRM","crm_alpha_crm",NA,NA,"alpha_crm",0.9,0,0.0714,28,2,1,4,0.3,0.462,0.2726,NA,NA,NA,43.4,7.9695,7.9695,3.458,29.9865,21.7155,0.05,349.0714,2000,2000,"15,20,30,35,45",1.4142,61,NA,NA,NA,NA,NA,NA,NA,NA
2,"CRM","crm_alpha_crm",NA,NA,"alpha_crm",0.9,0,0.0714,28,2,1,5,0.4,0.67,0.3668,NA,NA,NA,35.7,8.0595,8.0595,1.036,29.9865,21.7155,0.05,349.0714,2000,2000,"15,20,30,35,45",1.4142,61,NA,NA,NA,NA,NA,NA,NA,NA
2,"CRM","crm_cumu_crm",NA,NA,"cumu_crm",0.9,0,0.0714,28,2,1,1,0.05,0.05,0.1157,NA,NA,NA,0,3.1065,3.1065,0,29.9865,21.512,0.05,347.5713,2000,2000,NA,NA,NA,"0.15811388,0.47434165,0.79056942,1.10679718,1.42302495",-2,2,1,1.83,1.21,1,0
2,"CRM","crm_cumu_crm",NA,NA,"cumu_crm",0.9,0,0.0714,28,2,1,2,0.1,0.145,0.1594,NA,NA,NA,1.6,4.245,4.245,2.9285,29.9865,21.512,0.05,347.5713,2000,2000,NA,NA,NA,"0.15811388,0.47434165,0.79056942,1.10679718,1.42302495",-2,2,1,1.83,1.21,1,0
2,"CRM","crm_cumu_crm",NA,NA,"cumu_crm",0.9,0,0.0714,28,2,1,3,0.18,0.27,0.2208,NA,NA,NA,21.7,7.3155,7.3155,0.83,29.9865,21.512,0.05,347.5713,2000,2000,NA,NA,NA,"0.15811388,0.47434165,0.79056942,1.10679718,1.42302495",-2,2,1,1.83,1.21,1,0
2,"CRM","crm_cumu_crm",NA,NA,"cumu_crm",0.9,0,0.0714,28,2,1,4,0.3,0.462,0.3004,NA,NA,NA,44.5,8.541,8.541,3.535,29.9865,21.512,0.05,347.5713,2000,2000,NA,NA,NA,"0.15811388,0.47434165,0.79056942,1.10679718,1.42302495",-2,2,1,1.83,1.21,1,0
2,"CRM","crm_cumu_crm",NA,NA,"cumu_crm",0.9,0,0.0714,28,2,1,5,0.4,0.67,0.3913,NA,NA,NA,32.15,6.7785,6.7785,1.181,29.9865,21.512,0.05,347.5713,2000,2000,NA,NA,NA,"0.15811388,0.47434165,0.79056942,1.10679718,1.42302495",-2,2,1,1.83,1.21,1,0
2,"CRM","crm_fixed",NA,NA,"fixed",0.9,0,0.0714,28,3,1,1,0.05,0.05,0.127,0,NA,NA,0,3.8355,3.8355,0,29.9865,19.093,0.05,330.2914,2000,2000,NA,NA,NA,NA,NA,NA,NA,NA,NA,NA,NA
2,"CRM","crm_fixed",NA,NA,"fixed",0.9,0,0.0714,28,3,1,2,0.1,0.145,0.1701,NA,NA,NA,3.8,4.635,4.635,3.4445,29.9865,19.093,0.05,330.2914,2000,2000,NA,NA,NA,NA,NA,NA,NA,NA,NA,NA,NA
2,"CRM","crm_fixed",NA,NA,"fixed",0.9,0,0.0714,28,3,1,3,0.18,0.27,0.2597,NA,NA,NA,33.75,8.442,8.442,3.5085,29.9865,19.093,0.05,330.2914,2000,2000,NA,NA,NA,NA,NA,NA,NA,NA,NA,NA,NA
2,"CRM","crm_fixed",NA,NA,"fixed",0.9,0,0.0714,28,3,1,4,0.3,0.462,0.3061,NA,NA,NA,45.4,8.5545,8.5545,2.1495,29.9865,19.093,0.05,330.2914,2000,2000,NA,NA,NA,NA,NA,NA,NA,NA,NA,NA,NA
2,"CRM","crm_fixed",NA,NA,"fixed",0.9,0,0.0714,28,3,1,5,0.4,0.67,0.4022,NA,NA,NA,17,4.5195,4.5195,1.791,29.9865,19.093,0.05,330.2914,2000,2000,NA,NA,NA,NA,NA,NA,NA,NA,NA,NA,NA
2,"CRM","crm_level",NA,NA,"level",0.9,0,0.0714,28,3,1,1,0.05,0.05,0.1178,NA,NA,NA,0,3.618,3.618,0,29.9865,19.1895,0.05,330.2559,2000,2000,NA,NA,NA,NA,NA,NA,NA,NA,NA,NA,NA
2,"CRM","crm_level",NA,NA,"level",0.9,0,0.0714,28,3,1,2,0.1,0.145,0.1589,0.0427,NA,NA,3,4.254,4.254,3.244,29.9865,19.1895,0.05,330.2559,2000,2000,NA,NA,NA,NA,NA,NA,NA,NA,NA,NA,NA
2,"CRM","crm_level",NA,NA,"level",0.9,0,0.0714,28,3,1,3,0.18,0.27,0.2453,0.0532,NA,NA,27.5,7.4835,7.4835,3.3225,29.9865,19.1895,0.05,330.2559,2000,2000,NA,NA,NA,NA,NA,NA,NA,NA,NA,NA,NA
2,"CRM","crm_level",NA,NA,"level",0.9,0,0.0714,28,3,1,4,0.3,0.462,0.2906,0.0921,NA,NA,43.45,8.3835,8.3835,2.03,29.9865,19.1895,0.05,330.2559,2000,2000,NA,NA,NA,NA,NA,NA,NA,NA,NA,NA,NA
2,"CRM","crm_level",NA,NA,"level",0.9,0,0.0714,28,3,1,5,0.4,0.67,0.3854,0.1454,NA,NA,26,6.2475,6.2475,2.2005,29.9865,19.1895,0.05,330.2559,2000,2000,NA,NA,NA,NA,NA,NA,NA,NA,NA,NA,NA
2,"CRM","crm_random",NA,NA,"random",0.9,0,0.0714,28,3,1,1,0.05,0.05,0.1188,0.0586,NA,NA,0.1,3.648,3.648,0,29.9865,19.213,0.05,330.1252,2000,2000,NA,NA,NA,NA,NA,NA,NA,NA,NA,NA,NA
2,"CRM","crm_random",NA,NA,"random",0.9,0,0.0714,28,3,1,2,0.1,0.145,0.1598,NA,NA,NA,2.9,4.2555,4.2555,3.2725,29.9865,19.213,0.05,330.1252,2000,2000,NA,NA,NA,NA,NA,NA,NA,NA,NA,NA,NA
2,"CRM","crm_random",NA,NA,"random",0.9,0,0.0714,28,3,1,3,0.18,0.27,0.2462,NA,NA,NA,28.05,7.4565,7.4565,3.3025,29.9865,19.213,0.05,330.1252,2000,2000,NA,NA,NA,NA,NA,NA,NA,NA,NA,NA,NA
2,"CRM","crm_random",NA,NA,"random",0.9,0,0.0714,28,3,1,4,0.3,0.462,0.2915,NA,NA,NA,43.4,8.49,8.49,1.909,29.9865,19.213,0.05,330.1252,2000,2000,NA,NA,NA,NA,NA,NA,NA,NA,NA,NA,NA
2,"CRM","crm_random",NA,NA,"random",0.9,0,0.0714,28,3,1,5,0.4,0.67,0.3861,NA,NA,NA,25.5,6.1365,6.1365,2.2895,29.9865,19.213,0.05,330.1252,2000,2000,NA,NA,NA,NA,NA,NA,NA,NA,NA,NA,NA
2,"CRM","crm_alpha_crm",NA,NA,"alpha_crm",0.9,0,0.0714,28,3,1,1,0.05,0.05,0.106,NA,NA,NA,0,3.6,3.6,0,29.9865,19.8265,0.05,332.99,2000,2000,"15,20,30,35,45",1.4142,61,NA,NA,NA,NA,NA,NA,NA,NA
2,"CRM","crm_alpha_crm",NA,NA,"alpha_crm",0.9,0,0.0714,28,3,1,2,0.1,0.145,0.1448,NA,NA,NA,1.65,3.9705,3.9705,3.211,29.9865,19.8265,0.05,332.99,2000,2000,"15,20,30,35,45",1.4142,61,NA,NA,NA,NA,NA,NA,NA,NA
2,"CRM","crm_alpha_crm",NA,NA,"alpha_crm",0.9,0,0.0714,28,3,1,3,0.18,0.27,0.2281,NA,NA,NA,19.2,5.9985,5.9985,3.17,29.9865,19.8265,0.05,332.99,2000,2000,"15,20,30,35,45",1.4142,61,NA,NA,NA,NA,NA,NA,NA,NA
2,"CRM","crm_alpha_crm",NA,NA,"alpha_crm",0.9,0,0.0714,28,3,1,4,0.3,0.462,0.2726,NA,NA,NA,41.85,8.0595,8.0595,1.357,29.9865,19.8265,0.05,332.99,2000,2000,"15,20,30,35,45",1.4142,61,NA,NA,NA,NA,NA,NA,NA,NA
2,"CRM","crm_alpha_crm",NA,NA,"alpha_crm",0.9,0,0.0714,28,3,1,5,0.4,0.67,0.3666,NA,NA,NA,37.25,8.358,8.358,2.422,29.9865,19.8265,0.05,332.99,2000,2000,"15,20,30,35,45",1.4142,61,NA,NA,NA,NA,NA,NA,NA,NA
2,"CRM","crm_cumu_crm",NA,NA,"cumu_crm",0.9,0,0.0714,28,3,1,1,0.05,0.05,0.1146,NA,NA,NA,0,3.1065,3.1065,0,29.9865,19.238,0.05,330.1324,2000,2000,NA,NA,NA,"0.15811388,0.47434165,0.79056942,1.10679718,1.42302495",-2,2,1,1.83,1.21,1,0
2,"CRM","crm_cumu_crm",NA,NA,"cumu_crm",0.9,0,0.0714,28,3,1,2,0.1,0.145,0.1584,NA,NA,NA,1.25,4.2885,4.2885,2.9285,29.9865,19.238,0.05,330.1324,2000,2000,NA,NA,NA,"0.15811388,0.47434165,0.79056942,1.10679718,1.42302495",-2,2,1,1.83,1.21,1,0
2,"CRM","crm_cumu_crm",NA,NA,"cumu_crm",0.9,0,0.0714,28,3,1,3,0.18,0.27,0.2203,NA,NA,NA,22.95,7.5495,7.5495,3.332,29.9865,19.238,0.05,330.1324,2000,2000,NA,NA,NA,"0.15811388,0.47434165,0.79056942,1.10679718,1.42302495",-2,2,1,1.83,1.21,1,0
2,"CRM","crm_cumu_crm",NA,NA,"cumu_crm",0.9,0,0.0714,28,3,1,4,0.3,0.462,0.301,NA,NA,NA,43.7,8.532,8.532,2.1365,29.9865,19.238,0.05,330.1324,2000,2000,NA,NA,NA,"0.15811388,0.47434165,0.79056942,1.10679718,1.42302495",-2,2,1,1.83,1.21,1,0
2,"CRM","crm_cumu_crm",NA,NA,"cumu_crm",0.9,0,0.0714,28,3,1,5,0.4,0.67,0.393,NA,NA,NA,32.05,6.51,6.51,2.3515,29.9865,19.238,0.05,330.1324,2000,2000,NA,NA,NA,"0.15811388,0.47434165,0.79056942,1.10679718,1.42302495",-2,2,1,1.83,1.21,1,0
3,"CRM","crm_fixed",NA,NA,"fixed",0,0,0.0714,28,1,1,1,0.15,0.15,0.1615,0,NA,NA,4.2,6.7635,6.7635,0,29.7525,29.7525,1.05,434.5266,2000,2000,NA,NA,NA,NA,NA,NA,NA,NA,NA,NA,NA
3,"CRM","crm_fixed",NA,NA,"fixed",0,0,0.0714,28,1,1,2,0.2,0.2,0.2087,NA,NA,NA,22.25,7.0875,7.0875,0,29.7525,29.7525,1.05,434.5266,2000,2000,NA,NA,NA,NA,NA,NA,NA,NA,NA,NA,NA
3,"CRM","crm_fixed",NA,NA,"fixed",0,0,0.0714,28,1,1,3,0.3,0.3,0.3027,NA,NA,NA,34.95,7.917,7.917,0,29.7525,29.7525,1.05,434.5266,2000,2000,NA,NA,NA,NA,NA,NA,NA,NA,NA,NA,NA
3,"CRM","crm_fixed",NA,NA,"fixed",0,0,0.0714,28,1,1,4,0.35,0.35,0.35,NA,NA,NA,25.55,5.148,5.148,0,29.7525,29.7525,1.05,434.5266,2000,2000,NA,NA,NA,NA,NA,NA,NA,NA,NA,NA,NA
3,"CRM","crm_fixed",NA,NA,"fixed",0,0,0.0714,28,1,1,5,0.45,0.45,0.4454,NA,NA,NA,12,2.8365,2.8365,0,29.7525,29.7525,1.05,434.5266,2000,2000,NA,NA,NA,NA,NA,NA,NA,NA,NA,NA,NA
3,"CRM","crm_level",NA,NA,"level",0,0,0.0714,28,1,1,1,0.15,0.15,0.1614,NA,NA,NA,4.1,6.7695,6.7695,0,29.7525,29.7525,1.05,434.5266,2000,2000,NA,NA,NA,NA,NA,NA,NA,NA,NA,NA,NA
3,"CRM","crm_level",NA,NA,"level",0,0,0.0714,28,1,1,2,0.2,0.2,0.2086,0.08,NA,NA,22.5,7.128,7.128,0,29.7525,29.7525,1.05,434.5266,2000,2000,NA,NA,NA,NA,NA,NA,NA,NA,NA,NA,NA
3,"CRM","crm_level",NA,NA,"level",0,0,0.0714,28,1,1,3,0.3,0.3,0.3027,0.0872,NA,NA,35.05,7.8465,7.8465,0,29.7525,29.7525,1.05,434.5266,2000,2000,NA,NA,NA,NA,NA,NA,NA,NA,NA,NA,NA
3,"CRM","crm_level",NA,NA,"level",0,0,0.0714,28,1,1,4,0.35,0.35,0.35,0.107,NA,NA,25.4,5.196,5.196,0,29.7525,29.7525,1.05,434.5266,2000,2000,NA,NA,NA,NA,NA,NA,NA,NA,NA,NA,NA
3,"CRM","crm_level",NA,NA,"level",0,0,0.0714,28,1,1,5,0.45,0.45,0.4454,0.1298,NA,NA,11.9,2.8125,2.8125,0,29.7525,29.7525,1.05,434.5266,2000,2000,NA,NA,NA,NA,NA,NA,NA,NA,NA,NA,NA
3,"CRM","crm_random",NA,NA,"random",0,0,0.0714,28,1,1,1,0.15,0.15,0.1614,0.0796,NA,NA,4.1,6.7695,6.7695,0,29.7525,29.7525,1.05,434.5266,2000,2000,NA,NA,NA,NA,NA,NA,NA,NA,NA,NA,NA
3,"CRM","crm_random",NA,NA,"random",0,0,0.0714,28,1,1,2,0.2,0.2,0.2086,NA,NA,NA,22.4,7.137,7.137,0,29.7525,29.7525,1.05,434.5266,2000,2000,NA,NA,NA,NA,NA,NA,NA,NA,NA,NA,NA
3,"CRM","crm_random",NA,NA,"random",0,0,0.0714,28,1,1,3,0.3,0.3,0.3027,NA,NA,NA,35.05,7.8675,7.8675,0,29.7525,29.7525,1.05,434.5266,2000,2000,NA,NA,NA,NA,NA,NA,NA,NA,NA,NA,NA
3,"CRM","crm_random",NA,NA,"random",0,0,0.0714,28,1,1,4,0.35,0.35,0.35,NA,NA,NA,25.7,5.1435,5.1435,0,29.7525,29.7525,1.05,434.5266,2000,2000,NA,NA,NA,NA,NA,NA,NA,NA,NA,NA,NA
3,"CRM","crm_random",NA,NA,"random",0,0,0.0714,28,1,1,5,0.45,0.45,0.4454,NA,NA,NA,11.7,2.835,2.835,0,29.7525,29.7525,1.05,434.5266,2000,2000,NA,NA,NA,NA,NA,NA,NA,NA,NA,NA,NA
3,"CRM","crm_alpha_crm",NA,NA,"alpha_crm",0,0,0.0714,28,1,1,1,0.15,0.15,0.1612,NA,NA,NA,3.95,6.756,6.756,0,29.7465,29.7465,1.15,434.4528,2000,2000,"15,20,30,35,45",1.4142,61,NA,NA,NA,NA,NA,NA,NA,NA
3,"CRM","crm_alpha_crm",NA,NA,"alpha_crm",0,0,0.0714,28,1,1,2,0.2,0.2,0.2084,NA,NA,NA,22.15,7.098,7.098,0,29.7465,29.7465,1.15,434.4528,2000,2000,"15,20,30,35,45",1.4142,61,NA,NA,NA,NA,NA,NA,NA,NA
3,"CRM","crm_alpha_crm",NA,NA,"alpha_crm",0,0,0.0714,28,1,1,3,0.3,0.3,0.3025,NA,NA,NA,35,7.914,7.914,0,29.7465,29.7465,1.15,434.4528,2000,2000,"15,20,30,35,45",1.4142,61,NA,NA,NA,NA,NA,NA,NA,NA
3,"CRM","crm_alpha_crm",NA,NA,"alpha_crm",0,0,0.0714,28,1,1,4,0.35,0.35,0.3494,NA,NA,NA,25.9,5.1195,5.1195,0,29.7465,29.7465,1.15,434.4528,2000,2000,"15,20,30,35,45",1.4142,61,NA,NA,NA,NA,NA,NA,NA,NA
3,"CRM","crm_alpha_crm",NA,NA,"alpha_crm",0,0,0.0714,28,1,1,5,0.45,0.45,0.4452,NA,NA,NA,11.85,2.859,2.859,0,29.7465,29.7465,1.15,434.4528,2000,2000,"15,20,30,35,45",1.4142,61,NA,NA,NA,NA,NA,NA,NA,NA
3,"CRM","crm_cumu_crm",NA,NA,"cumu_crm",0,0,0.0714,28,1,1,1,0.15,0.15,0.1467,NA,NA,NA,2.5,4.347,4.347,0,29.919,29.919,0.3,436.5752,2000,2000,NA,NA,NA,"0.15811388,0.47434165,0.79056942,1.10679718,1.42302495",-2,2,1,1.83,1.21,1,0
3,"CRM","crm_cumu_crm",NA,NA,"cumu_crm",0,0,0.0714,28,1,1,2,0.2,0.2,0.2124,NA,NA,NA,22.45,8.124,8.124,0,29.919,29.919,0.3,436.5752,2000,2000,NA,NA,NA,"0.15811388,0.47434165,0.79056942,1.10679718,1.42302495",-2,2,1,1.83,1.21,1,0
3,"CRM","crm_cumu_crm",NA,NA,"cumu_crm",0,0,0.0714,28,1,1,3,0.3,0.3,0.3005,NA,NA,NA,37.7,9.063,9.063,0,29.919,29.919,0.3,436.5752,2000,2000,NA,NA,NA,"0.15811388,0.47434165,0.79056942,1.10679718,1.42302495",-2,2,1,1.83,1.21,1,0
3,"CRM","crm_cumu_crm",NA,NA,"cumu_crm",0,0,0.0714,28,1,1,4,0.35,0.35,0.401,NA,NA,NA,25.2,5.3775,5.3775,0,29.919,29.919,0.3,436.5752,2000,2000,NA,NA,NA,"0.15811388,0.47434165,0.79056942,1.10679718,1.42302495",-2,2,1,1.83,1.21,1,0
3,"CRM","crm_cumu_crm",NA,NA,"cumu_crm",0,0,0.0714,28,1,1,5,0.45,0.45,0.5,NA,NA,NA,11.85,3.0075,3.0075,0,29.919,29.919,0.3,436.5752,2000,2000,NA,NA,NA,"0.15811388,0.47434165,0.79056942,1.10679718,1.42302495",-2,2,1,1.83,1.21,1,0
3,"CRM","crm_fixed",NA,NA,"fixed",0,0,0.0714,28,2,1,1,0.15,0.15,0.1615,0,NA,NA,4.2,6.777,6.777,0,29.7645,21.592,1,352.1976,2000,2000,NA,NA,NA,NA,NA,NA,NA,NA,NA,NA,NA
3,"CRM","crm_fixed",NA,NA,"fixed",0,0,0.0714,28,2,1,2,0.2,0.2,0.2087,NA,NA,NA,22.15,7.0995,7.0995,4.3805,29.7645,21.592,1,352.1976,2000,2000,NA,NA,NA,NA,NA,NA,NA,NA,NA,NA,NA
3,"CRM","crm_fixed",NA,NA,"fixed",0,0,0.0714,28,2,1,3,0.3,0.3,0.3027,NA,NA,NA,35.45,7.8945,7.8945,0.9445,29.7645,21.592,1,352.1976,2000,2000,NA,NA,NA,NA,NA,NA,NA,NA,NA,NA,NA
3,"CRM","crm_fixed",NA,NA,"fixed",0,0,0.0714,28,2,1,4,0.35,0.35,0.35,NA,NA,NA,25.6,5.1555,5.1555,2.382,29.7645,21.592,1,352.1976,2000,2000,NA,NA,NA,NA,NA,NA,NA,NA,NA,NA,NA
3,"CRM","crm_fixed",NA,NA,"fixed",0,0,0.0714,28,2,1,5,0.45,0.45,0.4455,NA,NA,NA,11.6,2.838,2.838,0.4655,29.7645,21.592,1,352.1976,2000,2000,NA,NA,NA,NA,NA,NA,NA,NA,NA,NA,NA
3,"CRM","crm_level",NA,NA,"level",0,0,0.0714,28,2,1,1,0.15,0.15,0.1547,NA,NA,NA,3.25,6.33,6.33,0,29.7435,21.6475,1.1,352.7807,2000,2000,NA,NA,NA,NA,NA,NA,NA,NA,NA,NA,NA
3,"CRM","crm_level",NA,NA,"level",0,0,0.0714,28,2,1,2,0.2,0.2,0.2008,0.0432,NA,NA,20.7,6.8415,6.8415,4.1975,29.7435,21.6475,1.1,352.7807,2000,2000,NA,NA,NA,NA,NA,NA,NA,NA,NA,NA,NA
3,"CRM","crm_level",NA,NA,"level",0,0,0.0714,28,2,1,3,0.3,0.3,0.2935,0.0773,NA,NA,32.6,7.6275,7.6275,1.0025,29.7435,21.6475,1.1,352.7807,2000,2000,NA,NA,NA,NA,NA,NA,NA,NA,NA,NA,NA
3,"CRM","crm_level",NA,NA,"level",0,0,0.0714,28,2,1,4,0.35,0.35,0.3404,0.0961,NA,NA,28.35,5.3565,5.3565,2.4195,29.7435,21.6475,1.1,352.7807,2000,2000,NA,NA,NA,NA,NA,NA,NA,NA,NA,NA,NA
3,"CRM","crm_level",NA,NA,"level",0,0,0.0714,28,2,1,5,0.45,0.45,0.4357,0.1211,NA,NA,14,3.588,3.588,0.4765,29.7435,21.6475,1.1,352.7807,2000,2000,NA,NA,NA,NA,NA,NA,NA,NA,NA,NA,NA
3,"CRM","crm_random",NA,NA,"random",0,0,0.0714,28,2,1,1,0.15,0.15,0.1563,0.0371,NA,NA,3.5,6.351,6.351,0,29.7435,21.617,1.1,352.5426,2000,2000,NA,NA,NA,NA,NA,NA,NA,NA,NA,NA,NA
3,"CRM","crm_random",NA,NA,"random",0,0,0.0714,28,2,1,2,0.2,0.2,0.2027,NA,NA,NA,20.4,6.8295,6.8295,4.1955,29.7435,21.617,1.1,352.5426,2000,2000,NA,NA,NA,NA,NA,NA,NA,NA,NA,NA,NA
3,"CRM","crm_random",NA,NA,"random",0,0,0.0714,28,2,1,3,0.3,0.3,0.2956,NA,NA,NA,34.55,7.6365,7.6365,0.9765,29.7435,21.617,1.1,352.5426,2000,2000,NA,NA,NA,NA,NA,NA,NA,NA,NA,NA,NA
3,"CRM","crm_random",NA,NA,"random",0,0,0.0714,28,2,1,4,0.35,0.35,0.3426,NA,NA,NA,26.45,5.43,5.43,2.4575,29.7435,21.617,1.1,352.5426,2000,2000,NA,NA,NA,NA,NA,NA,NA,NA,NA,NA,NA
3,"CRM","crm_random",NA,NA,"random",0,0,0.0714,28,2,1,5,0.45,0.45,0.4378,NA,NA,NA,14,3.4965,3.4965,0.497,29.7435,21.617,1.1,352.5426,2000,2000,NA,NA,NA,NA,NA,NA,NA,NA,NA,NA,NA
3,"CRM","crm_alpha_crm",NA,NA,"alpha_crm",0,0,0.0714,28,2,1,1,0.15,0.15,0.1469,NA,NA,NA,3,6.2535,6.2535,0,29.7465,21.779,1.15,353.2342,2000,2000,"15,20,30,35,45",1.4142,61,NA,NA,NA,NA,NA,NA,NA,NA
3,"CRM","crm_alpha_crm",NA,NA,"alpha_crm",0,0,0.0714,28,2,1,2,0.2,0.2,0.192,NA,NA,NA,18,6.5535,6.5535,4.113,29.7465,21.779,1.15,353.2342,2000,2000,"15,20,30,35,45",1.4142,61,NA,NA,NA,NA,NA,NA,NA,NA
3,"CRM","crm_alpha_crm",NA,NA,"alpha_crm",0,0,0.0714,28,2,1,3,0.3,0.3,0.2833,NA,NA,NA,29.25,7.0215,7.0215,1.02,29.7465,21.779,1.15,353.2342,2000,2000,"15,20,30,35,45",1.4142,61,NA,NA,NA,NA,NA,NA,NA,NA
3,"CRM","crm_alpha_crm",NA,NA,"alpha_crm",0,0,0.0714,28,2,1,4,0.35,0.35,0.3299,NA,NA,NA,30.45,5.58,5.58,2.253,29.7465,21.779,1.15,353.2342,2000,2000,"15,20,30,35,45",1.4142,61,NA,NA,NA,NA,NA,NA,NA,NA
3,"CRM","crm_alpha_crm",NA,NA,"alpha_crm",0,0,0.0714,28,2,1,5,0.45,0.45,0.4251,NA,NA,NA,18.15,4.338,4.338,0.5815,29.7465,21.779,1.15,353.2342,2000,2000,"15,20,30,35,45",1.4142,61,NA,NA,NA,NA,NA,NA,NA,NA
3,"CRM","crm_cumu_crm",NA,NA,"cumu_crm",0,0,0.0714,28,2,1,1,0.15,0.15,0.1413,NA,NA,NA,2.1,4.2345,4.2345,0,29.919,22.1965,0.3,354.3078,2000,2000,NA,NA,NA,"0.15811388,0.47434165,0.79056942,1.10679718,1.42302495",-2,2,1,1.83,1.21,1,0
3,"CRM","crm_cumu_crm",NA,NA,"cumu_crm",0,0,0.0714,28,2,1,2,0.2,0.2,0.2004,NA,NA,NA,16.9,7.5555,7.5555,3.062,29.919,22.1965,0.3,354.3078,2000,2000,NA,NA,NA,"0.15811388,0.47434165,0.79056942,1.10679718,1.42302495",-2,2,1,1.83,1.21,1,0
3,"CRM","crm_cumu_crm",NA,NA,"cumu_crm",0,0,0.0714,28,2,1,3,0.3,0.3,0.2795,NA,NA,NA,32.65,8.2155,8.2155,1.6815,29.919,22.1965,0.3,354.3078,2000,2000,NA,NA,NA,"0.15811388,0.47434165,0.79056942,1.10679718,1.42302495",-2,2,1,1.83,1.21,1,0
3,"CRM","crm_cumu_crm",NA,NA,"cumu_crm",0,0,0.0714,28,2,1,4,0.35,0.35,0.3711,NA,NA,NA,28.85,5.754,5.754,2.277,29.919,22.1965,0.3,354.3078,2000,2000,NA,NA,NA,"0.15811388,0.47434165,0.79056942,1.10679718,1.42302495",-2,2,1,1.83,1.21,1,0
3,"CRM","crm_cumu_crm",NA,NA,"cumu_crm",0,0,0.0714,28,2,1,5,0.45,0.45,0.4641,NA,NA,NA,19.2,4.1595,4.1595,0.702,29.919,22.1965,0.3,354.3078,2000,2000,NA,NA,NA,"0.15811388,0.47434165,0.79056942,1.10679718,1.42302495",-2,2,1,1.83,1.21,1,0
3,"CRM","crm_fixed",NA,NA,"fixed",0,0,0.0714,28,3,1,1,0.15,0.15,0.1615,0,NA,NA,4.05,6.7785,6.7785,0,29.7525,19.566,1.05,338.0427,2000,2000,NA,NA,NA,NA,NA,NA,NA,NA,NA,NA,NA
3,"CRM","crm_fixed",NA,NA,"fixed",0,0,0.0714,28,3,1,2,0.2,0.2,0.2087,NA,NA,NA,22.2,7.0905,7.0905,4.381,29.7525,19.566,1.05,338.0427,2000,2000,NA,NA,NA,NA,NA,NA,NA,NA,NA,NA,NA
3,"CRM","crm_fixed",NA,NA,"fixed",0,0,0.0714,28,3,1,3,0.3,0.3,0.3028,NA,NA,NA,35.3,7.9185,7.9185,3.5075,29.7525,19.566,1.05,338.0427,2000,2000,NA,NA,NA,NA,NA,NA,NA,NA,NA,NA,NA
3,"CRM","crm_fixed",NA,NA,"fixed",0,0,0.0714,28,3,1,4,0.35,0.35,0.3501,NA,NA,NA,25.5,5.142,5.142,1.2615,29.7525,19.566,1.05,338.0427,2000,2000,NA,NA,NA,NA,NA,NA,NA,NA,NA,NA,NA
3,"CRM","crm_fixed",NA,NA,"fixed",0,0,0.0714,28,3,1,5,0.45,0.45,0.4455,NA,NA,NA,11.9,2.823,2.823,1.0365,29.7525,19.566,1.05,338.0427,2000,2000,NA,NA,NA,NA,NA,NA,NA,NA,NA,NA,NA
3,"CRM","crm_level",NA,NA,"level",0,0,0.0714,28,3,1,1,0.15,0.15,0.1531,NA,NA,NA,3.4,6.2715,6.2715,0,29.7525,19.6515,1.05,338.3833,2000,2000,NA,NA,NA,NA,NA,NA,NA,NA,NA,NA,NA
3,"CRM","crm_level",NA,NA,"level",0,0,0.0714,28,3,1,2,0.2,0.2,0.1989,0.044,NA,NA,19.35,6.6075,6.6075,4.1385,29.7525,19.6515,1.05,338.3833,2000,2000,NA,NA,NA,NA,NA,NA,NA,NA,NA,NA,NA
3,"CRM","crm_level",NA,NA,"level",0,0,0.0714,28,3,1,3,0.3,0.3,0.2912,0.0665,NA,NA,32.85,7.473,7.473,3.417,29.7525,19.6515,1.05,338.3833,2000,2000,NA,NA,NA,NA,NA,NA,NA,NA,NA,NA,NA
3,"CRM","crm_level",NA,NA,"level",0,0,0.0714,28,3,1,4,0.35,0.35,0.338,0.0951,NA,NA,27.75,5.562,5.562,1.248,29.7525,19.6515,1.05,338.3833,2000,2000,NA,NA,NA,NA,NA,NA,NA,NA,NA,NA,NA
3,"CRM","crm_level",NA,NA,"level",0,0,0.0714,28,3,1,5,0.45,0.45,0.433,0.1212,NA,NA,15.6,3.8385,3.8385,1.2975,29.7525,19.6515,1.05,338.3833,2000,2000,NA,NA,NA,NA,NA,NA,NA,NA,NA,NA,NA
3,"CRM","crm_random",NA,NA,"random",0,0,0.0714,28,3,1,1,0.15,0.15,0.1547,0.0384,NA,NA,3.45,6.2715,6.2715,0,29.7435,19.53,1.1,337.8468,2000,2000,NA,NA,NA,NA,NA,NA,NA,NA,NA,NA,NA
3,"CRM","crm_random",NA,NA,"random",0,0,0.0714,28,3,1,2,0.2,0.2,0.2007,NA,NA,NA,19.6,6.6795,6.6795,4.159,29.7435,19.53,1.1,337.8468,2000,2000,NA,NA,NA,NA,NA,NA,NA,NA,NA,NA,NA
3,"CRM","crm_random",NA,NA,"random",0,0,0.0714,28,3,1,3,0.3,0.3,0.2933,NA,NA,NA,33.6,7.473,7.473,3.4615,29.7435,19.53,1.1,337.8468,2000,2000,NA,NA,NA,NA,NA,NA,NA,NA,NA,NA,NA
3,"CRM","crm_random",NA,NA,"random",0,0,0.0714,28,3,1,4,0.35,0.35,0.3401,NA,NA,NA,27.95,5.583,5.583,1.2805,29.7435,19.53,1.1,337.8468,2000,2000,NA,NA,NA,NA,NA,NA,NA,NA,NA,NA,NA
3,"CRM","crm_random",NA,NA,"random",0,0,0.0714,28,3,1,5,0.45,0.45,0.4352,NA,NA,NA,14.3,3.7365,3.7365,1.3125,29.7435,19.53,1.1,337.8468,2000,2000,NA,NA,NA,NA,NA,NA,NA,NA,NA,NA,NA
3,"CRM","crm_alpha_crm",NA,NA,"alpha_crm",0,0,0.0714,28,3,1,1,0.15,0.15,0.1422,NA,NA,NA,2.8,6.1515,6.1515,0,29.7465,19.829,1.15,338.6007,2000,2000,"15,20,30,35,45",1.4142,61,NA,NA,NA,NA,NA,NA,NA,NA
3,"CRM","crm_alpha_crm",NA,NA,"alpha_crm",0,0,0.0714,28,3,1,2,0.2,0.2,0.1864,NA,NA,NA,15.6,6.015,6.015,4.053,29.7465,19.829,1.15,338.6007,2000,2000,"15,20,30,35,45",1.4142,61,NA,NA,NA,NA,NA,NA,NA,NA
3,"CRM","crm_alpha_crm",NA,NA,"alpha_crm",0,0,0.0714,28,3,1,3,0.3,0.3,0.2767,NA,NA,NA,29.3,6.516,6.516,3.336,29.7465,19.829,1.15,338.6007,2000,2000,"15,20,30,35,45",1.4142,61,NA,NA,NA,NA,NA,NA,NA,NA
3,"CRM","crm_alpha_crm",NA,NA,"alpha_crm",0,0,0.0714,28,3,1,4,0.35,0.35,0.3229,NA,NA,NA,29.95,5.976,5.976,1.0425,29.7465,19.829,1.15,338.6007,2000,2000,"15,20,30,35,45",1.4142,61,NA,NA,NA,NA,NA,NA,NA,NA
3,"CRM","crm_alpha_crm",NA,NA,"alpha_crm",0,0,0.0714,28,3,1,5,0.45,0.45,0.4178,NA,NA,NA,21.2,5.088,5.088,1.486,29.7465,19.829,1.15,338.6007,2000,2000,"15,20,30,35,45",1.4142,61,NA,NA,NA,NA,NA,NA,NA,NA
3,"CRM","crm_cumu_crm",NA,NA,"cumu_crm",0,0,0.0714,28,3,1,1,0.15,0.15,0.1397,NA,NA,NA,2.25,4.206,4.206,0,29.919,20.147,0.3,338.2162,2000,2000,NA,NA,NA,"0.15811388,0.47434165,0.79056942,1.10679718,1.42302495",-2,2,1,1.83,1.21,1,0
3,"CRM","crm_cumu_crm",NA,NA,"cumu_crm",0,0,0.0714,28,3,1,2,0.2,0.2,0.1963,NA,NA,NA,14.65,6.9765,6.9765,3.0695,29.919,20.147,0.3,338.2162,2000,2000,NA,NA,NA,"0.15811388,0.47434165,0.79056942,1.10679718,1.42302495",-2,2,1,1.83,1.21,1,0
3,"CRM","crm_cumu_crm",NA,NA,"cumu_crm",0,0,0.0714,28,3,1,3,0.3,0.3,0.2719,NA,NA,NA,30.95,8.1465,8.1465,3.604,29.919,20.147,0.3,338.2162,2000,2000,NA,NA,NA,"0.15811388,0.47434165,0.79056942,1.10679718,1.42302495",-2,2,1,1.83,1.21,1,0
3,"CRM","crm_cumu_crm",NA,NA,"cumu_crm",0,0,0.0714,28,3,1,4,0.35,0.35,0.3602,NA,NA,NA,29.05,5.853,5.853,1.539,29.919,20.147,0.3,338.2162,2000,2000,NA,NA,NA,"0.15811388,0.47434165,0.79056942,1.10679718,1.42302495",-2,2,1,1.83,1.21,1,0
3,"CRM","crm_cumu_crm",NA,NA,"cumu_crm",0,0,0.0714,28,3,1,5,0.45,0.45,0.4509,NA,NA,NA,22.8,4.737,4.737,1.5595,29.919,20.147,0.3,338.2162,2000,2000,NA,NA,NA,"0.15811388,0.47434165,0.79056942,1.10679718,1.42302495",-2,2,1,1.83,1.21,1,0
3,"CRM","crm_fixed",NA,NA,"fixed",0.3,0,0.0714,28,1,1,1,0.15,0.15,0.1613,0,NA,NA,4.05,6.7665,6.7665,0,29.7525,29.7525,1.05,434.5266,2000,2000,NA,NA,NA,NA,NA,NA,NA,NA,NA,NA,NA
3,"CRM","crm_fixed",NA,NA,"fixed",0.3,0,0.0714,28,1,1,2,0.2,0.245,0.2085,NA,NA,NA,22.4,7.116,7.116,0,29.7525,29.7525,1.05,434.5266,2000,2000,NA,NA,NA,NA,NA,NA,NA,NA,NA,NA,NA
3,"CRM","crm_fixed",NA,NA,"fixed",0.3,0,0.0714,28,1,1,3,0.3,0.36,0.3026,NA,NA,NA,34.9,7.9035,7.9035,0,29.7525,29.7525,1.05,434.5266,2000,2000,NA,NA,NA,NA,NA,NA,NA,NA,NA,NA,NA
3,"CRM","crm_fixed",NA,NA,"fixed",0.3,0,0.0714,28,1,1,4,0.35,0.44,0.3498,NA,NA,NA,25.7,5.136,5.136,0,29.7525,29.7525,1.05,434.5266,2000,2000,NA,NA,NA,NA,NA,NA,NA,NA,NA,NA,NA
3,"CRM","crm_fixed",NA,NA,"fixed",0.3,0,0.0714,28,1,1,5,0.45,0.555,0.4452,NA,NA,NA,11.9,2.8305,2.8305,0,29.7525,29.7525,1.05,434.5266,2000,2000,NA,NA,NA,NA,NA,NA,NA,NA,NA,NA,NA
3,"CRM","crm_level",NA,NA,"level",0.3,0,0.0714,28,1,1,1,0.15,0.15,0.1612,NA,NA,NA,4,6.7695,6.7695,0,29.7525,29.7525,1.05,434.5266,2000,2000,NA,NA,NA,NA,NA,NA,NA,NA,NA,NA,NA
3,"CRM","crm_level",NA,NA,"level",0.3,0,0.0714,28,1,1,2,0.2,0.245,0.2084,0.0809,NA,NA,22.05,7.065,7.065,0,29.7525,29.7525,1.05,434.5266,2000,2000,NA,NA,NA,NA,NA,NA,NA,NA,NA,NA,NA
3,"CRM","crm_level",NA,NA,"level",0.3,0,0.0714,28,1,1,3,0.3,0.36,0.3024,0.0867,NA,NA,35.3,7.9125,7.9125,0,29.7525,29.7525,1.05,434.5266,2000,2000,NA,NA,NA,NA,NA,NA,NA,NA,NA,NA,NA
3,"CRM","crm_level",NA,NA,"level",0.3,0,0.0714,28,1,1,4,0.35,0.44,0.3497,0.1057,NA,NA,25.8,5.1915,5.1915,0,29.7525,29.7525,1.05,434.5266,2000,2000,NA,NA,NA,NA,NA,NA,NA,NA,NA,NA,NA
3,"CRM","crm_level",NA,NA,"level",0.3,0,0.0714,28,1,1,5,0.45,0.555,0.4451,0.1305,NA,NA,11.8,2.814,2.814,0,29.7525,29.7525,1.05,434.5266,2000,2000,NA,NA,NA,NA,NA,NA,NA,NA,NA,NA,NA
3,"CRM","crm_random",NA,NA,"random",0.3,0,0.0714,28,1,1,1,0.15,0.15,0.1614,0.0832,NA,NA,4.2,6.783,6.783,0,29.7525,29.7525,1.05,434.5266,2000,2000,NA,NA,NA,NA,NA,NA,NA,NA,NA,NA,NA
3,"CRM","crm_random",NA,NA,"random",0.3,0,0.0714,28,1,1,2,0.2,0.245,0.2086,NA,NA,NA,22.1,7.086,7.086,0,29.7525,29.7525,1.05,434.5266,2000,2000,NA,NA,NA,NA,NA,NA,NA,NA,NA,NA,NA
3,"CRM","crm_random",NA,NA,"random",0.3,0,0.0714,28,1,1,3,0.3,0.36,0.3026,NA,NA,NA,34.7,7.878,7.878,0,29.7525,29.7525,1.05,434.5266,2000,2000,NA,NA,NA,NA,NA,NA,NA,NA,NA,NA,NA
3,"CRM","crm_random",NA,NA,"random",0.3,0,0.0714,28,1,1,4,0.35,0.44,0.3499,NA,NA,NA,26.25,5.1585,5.1585,0,29.7525,29.7525,1.05,434.5266,2000,2000,NA,NA,NA,NA,NA,NA,NA,NA,NA,NA,NA
3,"CRM","crm_random",NA,NA,"random",0.3,0,0.0714,28,1,1,5,0.45,0.555,0.4453,NA,NA,NA,11.7,2.847,2.847,0,29.7525,29.7525,1.05,434.5266,2000,2000,NA,NA,NA,NA,NA,NA,NA,NA,NA,NA,NA
3,"CRM","crm_alpha_crm",NA,NA,"alpha_crm",0.3,0,0.0714,28,1,1,1,0.15,0.15,0.1612,NA,NA,NA,3.95,6.756,6.756,0,29.7465,29.7465,1.15,434.4528,2000,2000,"15,20,30,35,45",1.4142,61,NA,NA,NA,NA,NA,NA,NA,NA
3,"CRM","crm_alpha_crm",NA,NA,"alpha_crm",0.3,0,0.0714,28,1,1,2,0.2,0.245,0.2084,NA,NA,NA,22.15,7.098,7.098,0,29.7465,29.7465,1.15,434.4528,2000,2000,"15,20,30,35,45",1.4142,61,NA,NA,NA,NA,NA,NA,NA,NA
3,"CRM","crm_alpha_crm",NA,NA,"alpha_crm",0.3,0,0.0714,28,1,1,3,0.3,0.36,0.3025,NA,NA,NA,35,7.914,7.914,0,29.7465,29.7465,1.15,434.4528,2000,2000,"15,20,30,35,45",1.4142,61,NA,NA,NA,NA,NA,NA,NA,NA
3,"CRM","crm_alpha_crm",NA,NA,"alpha_crm",0.3,0,0.0714,28,1,1,4,0.35,0.44,0.3494,NA,NA,NA,25.9,5.1195,5.1195,0,29.7465,29.7465,1.15,434.4528,2000,2000,"15,20,30,35,45",1.4142,61,NA,NA,NA,NA,NA,NA,NA,NA
3,"CRM","crm_alpha_crm",NA,NA,"alpha_crm",0.3,0,0.0714,28,1,1,5,0.45,0.555,0.4452,NA,NA,NA,11.85,2.859,2.859,0,29.7465,29.7465,1.15,434.4528,2000,2000,"15,20,30,35,45",1.4142,61,NA,NA,NA,NA,NA,NA,NA,NA
3,"CRM","crm_cumu_crm",NA,NA,"cumu_crm",0.3,0,0.0714,28,1,1,1,0.15,0.15,0.1466,NA,NA,NA,2.45,4.3365,4.3365,0,29.919,29.919,0.3,436.5752,2000,2000,NA,NA,NA,"0.15811388,0.47434165,0.79056942,1.10679718,1.42302495",-2,2,1,1.83,1.21,1,0
3,"CRM","crm_cumu_crm",NA,NA,"cumu_crm",0.3,0,0.0714,28,1,1,2,0.2,0.245,0.2123,NA,NA,NA,22.6,8.1405,8.1405,0,29.919,29.919,0.3,436.5752,2000,2000,NA,NA,NA,"0.15811388,0.47434165,0.79056942,1.10679718,1.42302495",-2,2,1,1.83,1.21,1,0
3,"CRM","crm_cumu_crm",NA,NA,"cumu_crm",0.3,0,0.0714,28,1,1,3,0.3,0.36,0.3004,NA,NA,NA,38.2,9.0525,9.0525,0,29.919,29.919,0.3,436.5752,2000,2000,NA,NA,NA,"0.15811388,0.47434165,0.79056942,1.10679718,1.42302495",-2,2,1,1.83,1.21,1,0
3,"CRM","crm_cumu_crm",NA,NA,"cumu_crm",0.3,0,0.0714,28,1,1,4,0.35,0.44,0.401,NA,NA,NA,24.5,5.3895,5.3895,0,29.919,29.919,0.3,436.5752,2000,2000,NA,NA,NA,"0.15811388,0.47434165,0.79056942,1.10679718,1.42302495",-2,2,1,1.83,1.21,1,0
3,"CRM","crm_cumu_crm",NA,NA,"cumu_crm",0.3,0,0.0714,28,1,1,5,0.45,0.555,0.5001,NA,NA,NA,11.95,3,3,0,29.919,29.919,0.3,436.5752,2000,2000,NA,NA,NA,"0.15811388,0.47434165,0.79056942,1.10679718,1.42302495",-2,2,1,1.83,1.21,1,0
3,"CRM","crm_fixed",NA,NA,"fixed",0.3,0,0.0714,28,2,1,1,0.15,0.15,0.1742,0,NA,NA,5.7,7.2855,7.2855,0,29.7525,21.4295,1.05,351.0326,2000,2000,NA,NA,NA,NA,NA,NA,NA,NA,NA,NA,NA
3,"CRM","crm_fixed",NA,NA,"fixed",0.3,0,0.0714,28,2,1,2,0.2,0.245,0.2231,NA,NA,NA,27.2,7.8585,7.8585,4.623,29.7525,21.4295,1.05,351.0326,2000,2000,NA,NA,NA,NA,NA,NA,NA,NA,NA,NA,NA
3,"CRM","crm_fixed",NA,NA,"fixed",0.3,0,0.0714,28,2,1,3,0.3,0.36,0.3191,NA,NA,NA,37.5,7.971,7.971,1.0635,29.7525,21.4295,1.05,351.0326,2000,2000,NA,NA,NA,NA,NA,NA,NA,NA,NA,NA,NA
3,"CRM","crm_fixed",NA,NA,"fixed",0.3,0,0.0714,28,2,1,4,0.35,0.44,0.3668,NA,NA,NA,21.15,4.71,4.71,2.2795,29.7525,21.4295,1.05,351.0326,2000,2000,NA,NA,NA,NA,NA,NA,NA,NA,NA,NA,NA
3,"CRM","crm_fixed",NA,NA,"fixed",0.3,0,0.0714,28,2,1,5,0.45,0.555,0.4622,NA,NA,NA,7.4,1.9275,1.9275,0.357,29.7525,21.4295,1.05,351.0326,2000,2000,NA,NA,NA,NA,NA,NA,NA,NA,NA,NA,NA
3,"CRM","crm_level",NA,NA,"level",0.3,0,0.0714,28,2,1,1,0.15,0.15,0.1647,NA,NA,NA,4.45,6.627,6.627,0,29.7525,21.476,1.05,351.9688,2000,2000,NA,NA,NA,NA,NA,NA,NA,NA,NA,NA,NA
3,"CRM","crm_level",NA,NA,"level",0.3,0,0.0714,28,2,1,2,0.2,0.245,0.2122,0.0511,NA,NA,23.55,7.4295,7.4295,4.3265,29.7525,21.476,1.05,351.9688,2000,2000,NA,NA,NA,NA,NA,NA,NA,NA,NA,NA,NA
3,"CRM","crm_level",NA,NA,"level",0.3,0,0.0714,28,2,1,3,0.3,0.36,0.3065,0.0793,NA,NA,35.7,7.866,7.866,1.1635,29.7525,21.476,1.05,351.9688,2000,2000,NA,NA,NA,NA,NA,NA,NA,NA,NA,NA,NA
3,"CRM","crm_level",NA,NA,"level",0.3,0,0.0714,28,2,1,4,0.35,0.44,0.3537,0.1078,NA,NA,25.6,5.04,5.04,2.3585,29.7525,21.476,1.05,351.9688,2000,2000,NA,NA,NA,NA,NA,NA,NA,NA,NA,NA,NA
3,"CRM","crm_level",NA,NA,"level",0.3,0,0.0714,28,2,1,5,0.45,0.555,0.4489,0.1298,NA,NA,9.65,2.79,2.79,0.428,29.7525,21.476,1.05,351.9688,2000,2000,NA,NA,NA,NA,NA,NA,NA,NA,NA,NA,NA
3,"CRM","crm_random",NA,NA,"random",0.3,0,0.0714,28,2,1,1,0.15,0.15,0.1659,0.053,NA,NA,4.7,6.6315,6.6315,0,29.7525,21.484,1.05,352.0235,2000,2000,NA,NA,NA,NA,NA,NA,NA,NA,NA,NA,NA
3,"CRM","crm_random",NA,NA,"random",0.3,0,0.0714,28,2,1,2,0.2,0.245,0.2134,NA,NA,NA,24.35,7.437,7.437,4.3495,29.7525,21.484,1.05,352.0235,2000,2000,NA,NA,NA,NA,NA,NA,NA,NA,NA,NA,NA
3,"CRM","crm_random",NA,NA,"random",0.3,0,0.0714,28,2,1,3,0.3,0.36,0.3077,NA,NA,NA,35.2,7.8,7.8,1.128,29.7525,21.484,1.05,352.0235,2000,2000,NA,NA,NA,NA,NA,NA,NA,NA,NA,NA,NA
3,"CRM","crm_random",NA,NA,"random",0.3,0,0.0714,28,2,1,4,0.35,0.44,0.3549,NA,NA,NA,24.9,5.091,5.091,2.3595,29.7525,21.484,1.05,352.0235,2000,2000,NA,NA,NA,NA,NA,NA,NA,NA,NA,NA,NA
3,"CRM","crm_random",NA,NA,"random",0.3,0,0.0714,28,2,1,5,0.45,0.555,0.45,NA,NA,NA,9.8,2.793,2.793,0.4315,29.7525,21.484,1.05,352.0235,2000,2000,NA,NA,NA,NA,NA,NA,NA,NA,NA,NA,NA
3,"CRM","crm_alpha_crm",NA,NA,"alpha_crm",0.3,0,0.0714,28,2,1,1,0.15,0.15,0.1559,NA,NA,NA,4.1,6.5445,6.5445,0,29.7465,21.546,1.15,351.736,2000,2000,"15,20,30,35,45",1.4142,61,NA,NA,NA,NA,NA,NA,NA,NA
3,"CRM","crm_alpha_crm",NA,NA,"alpha_crm",0.3,0,0.0714,28,2,1,2,0.2,0.245,0.2021,NA,NA,NA,20.5,7.158,7.158,4.25,29.7465,21.546,1.15,351.736,2000,2000,"15,20,30,35,45",1.4142,61,NA,NA,NA,NA,NA,NA,NA,NA
3,"CRM","crm_alpha_crm",NA,NA,"alpha_crm",0.3,0,0.0714,28,2,1,3,0.3,0.36,0.295,NA,NA,NA,33.1,7.317,7.317,1.254,29.7465,21.546,1.15,351.736,2000,2000,"15,20,30,35,45",1.4142,61,NA,NA,NA,NA,NA,NA,NA,NA
3,"CRM","crm_alpha_crm",NA,NA,"alpha_crm",0.3,0,0.0714,28,2,1,4,0.35,0.44,0.342,NA,NA,NA,26.8,5.2335,5.2335,2.172,29.7465,21.546,1.15,351.736,2000,2000,"15,20,30,35,45",1.4142,61,NA,NA,NA,NA,NA,NA,NA,NA
3,"CRM","crm_alpha_crm",NA,NA,"alpha_crm",0.3,0,0.0714,28,2,1,5,0.45,0.555,0.4372,NA,NA,NA,14.35,3.4935,3.4935,0.5245,29.7465,21.546,1.15,351.736,2000,2000,"15,20,30,35,45",1.4142,61,NA,NA,NA,NA,NA,NA,NA,NA
3,"CRM","crm_cumu_crm",NA,NA,"cumu_crm",0.3,0,0.0714,28,2,1,1,0.15,0.15,0.1459,NA,NA,NA,3.15,4.5345,4.5345,0,29.919,21.999,0.3,353.7669,2000,2000,NA,NA,NA,"0.15811388,0.47434165,0.79056942,1.10679718,1.42302495",-2,2,1,1.83,1.21,1,0
3,"CRM","crm_cumu_crm",NA,NA,"cumu_crm",0.3,0,0.0714,28,2,1,2,0.2,0.245,0.2101,NA,NA,NA,20.4,8.253,8.253,3.1715,29.919,21.999,0.3,353.7669,2000,2000,NA,NA,NA,"0.15811388,0.47434165,0.79056942,1.10679718,1.42302495",-2,2,1,1.83,1.21,1,0
3,"CRM","crm_cumu_crm",NA,NA,"cumu_crm",0.3,0,0.0714,28,2,1,3,0.3,0.36,0.2953,NA,NA,NA,35.25,8.583,8.583,1.924,29.919,21.999,0.3,353.7669,2000,2000,NA,NA,NA,"0.15811388,0.47434165,0.79056942,1.10679718,1.42302495",-2,2,1,1.83,1.21,1,0
3,"CRM","crm_cumu_crm",NA,NA,"cumu_crm",0.3,0,0.0714,28,2,1,4,0.35,0.44,0.392,NA,NA,NA,26.9,5.295,5.295,2.1945,29.919,21.999,0.3,353.7669,2000,2000,NA,NA,NA,"0.15811388,0.47434165,0.79056942,1.10679718,1.42302495",-2,2,1,1.83,1.21,1,0
3,"CRM","crm_cumu_crm",NA,NA,"cumu_crm",0.3,0,0.0714,28,2,1,5,0.45,0.555,0.4877,NA,NA,NA,14,3.2535,3.2535,0.63,29.919,21.999,0.3,353.7669,2000,2000,NA,NA,NA,"0.15811388,0.47434165,0.79056942,1.10679718,1.42302495",-2,2,1,1.83,1.21,1,0
3,"CRM","crm_fixed",NA,NA,"fixed",0.3,0,0.0714,28,3,1,1,0.15,0.15,0.1766,0,NA,NA,6.15,7.4025,7.4025,0,29.7525,19.591,1.05,338.5935,2000,2000,NA,NA,NA,NA,NA,NA,NA,NA,NA,NA,NA
3,"CRM","crm_fixed",NA,NA,"fixed",0.3,0,0.0714,28,3,1,2,0.2,0.245,0.2256,NA,NA,NA,28.9,8.226,8.226,4.7025,29.7525,19.591,1.05,338.5935,2000,2000,NA,NA,NA,NA,NA,NA,NA,NA,NA,NA,NA
3,"CRM","crm_fixed",NA,NA,"fixed",0.3,0,0.0714,28,3,1,3,0.3,0.36,0.3219,NA,NA,NA,36.4,7.857,7.857,3.4945,29.7525,19.591,1.05,338.5935,2000,2000,NA,NA,NA,NA,NA,NA,NA,NA,NA,NA,NA
3,"CRM","crm_fixed",NA,NA,"fixed",0.3,0,0.0714,28,3,1,4,0.35,0.44,0.3696,NA,NA,NA,20.25,4.341,4.341,1.21,29.7525,19.591,1.05,338.5935,2000,2000,NA,NA,NA,NA,NA,NA,NA,NA,NA,NA,NA
3,"CRM","crm_fixed",NA,NA,"fixed",0.3,0,0.0714,28,3,1,5,0.45,0.555,0.4649,NA,NA,NA,7.25,1.926,1.926,0.7545,29.7525,19.591,1.05,338.5935,2000,2000,NA,NA,NA,NA,NA,NA,NA,NA,NA,NA,NA
3,"CRM","crm_level",NA,NA,"level",0.3,0,0.0714,28,3,1,1,0.15,0.15,0.1652,NA,NA,NA,4.55,6.6,6.6,0,29.7435,19.4565,1.1,337.3269,2000,2000,NA,NA,NA,NA,NA,NA,NA,NA,NA,NA,NA
3,"CRM","crm_level",NA,NA,"level",0.3,0,0.0714,28,3,1,2,0.2,0.245,0.2126,0.0491,NA,NA,24.5,7.3965,7.3965,4.368,29.7435,19.4565,1.1,337.3269,2000,2000,NA,NA,NA,NA,NA,NA,NA,NA,NA,NA,NA
3,"CRM","crm_level",NA,NA,"level",0.3,0,0.0714,28,3,1,3,0.3,0.36,0.3068,0.0762,NA,NA,34.8,7.629,7.629,3.511,29.7435,19.4565,1.1,337.3269,2000,2000,NA,NA,NA,NA,NA,NA,NA,NA,NA,NA,NA
3,"CRM","crm_level",NA,NA,"level",0.3,0,0.0714,28,3,1,4,0.35,0.44,0.354,0.104,NA,NA,24.35,5.181,5.181,1.321,29.7435,19.4565,1.1,337.3269,2000,2000,NA,NA,NA,NA,NA,NA,NA,NA,NA,NA,NA
3,"CRM","crm_level",NA,NA,"level",0.3,0,0.0714,28,3,1,5,0.45,0.555,0.4491,0.1332,NA,NA,10.7,2.937,2.937,1.087,29.7435,19.4565,1.1,337.3269,2000,2000,NA,NA,NA,NA,NA,NA,NA,NA,NA,NA,NA
3,"CRM","crm_random",NA,NA,"random",0.3,0,0.0714,28,3,1,1,0.15,0.15,0.1669,0.0499,NA,NA,4.95,6.6495,6.6495,0,29.7435,19.46,1.1,337.7967,2000,2000,NA,NA,NA,NA,NA,NA,NA,NA,NA,NA,NA
3,"CRM","crm_random",NA,NA,"random",0.3,0,0.0714,28,3,1,2,0.2,0.245,0.2145,NA,NA,NA,24.8,7.4565,7.4565,4.38,29.7435,19.46,1.1,337.7967,2000,2000,NA,NA,NA,NA,NA,NA,NA,NA,NA,NA,NA
3,"CRM","crm_random",NA,NA,"random",0.3,0,0.0714,28,3,1,3,0.3,0.36,0.3087,NA,NA,NA,35.2,7.6875,7.6875,3.5385,29.7435,19.46,1.1,337.7967,2000,2000,NA,NA,NA,NA,NA,NA,NA,NA,NA,NA,NA
3,"CRM","crm_random",NA,NA,"random",0.3,0,0.0714,28,3,1,4,0.35,0.44,0.3558,NA,NA,NA,23.4,5.118,5.118,1.315,29.7435,19.46,1.1,337.7967,2000,2000,NA,NA,NA,NA,NA,NA,NA,NA,NA,NA,NA
3,"CRM","crm_random",NA,NA,"random",0.3,0,0.0714,28,3,1,5,0.45,0.555,0.4507,NA,NA,NA,10.55,2.832,2.832,1.05,29.7435,19.46,1.1,337.7967,2000,2000,NA,NA,NA,NA,NA,NA,NA,NA,NA,NA,NA
3,"CRM","crm_alpha_crm",NA,NA,"alpha_crm",0.3,0,0.0714,28,3,1,1,0.15,0.15,0.1534,NA,NA,NA,4.2,6.504,6.504,0,29.7465,19.7585,1.15,338.8641,2000,2000,"15,20,30,35,45",1.4142,61,NA,NA,NA,NA,NA,NA,NA,NA
3,"CRM","crm_alpha_crm",NA,NA,"alpha_crm",0.3,0,0.0714,28,3,1,2,0.2,0.245,0.1992,NA,NA,NA,19.6,6.807,6.807,4.2415,29.7465,19.7585,1.15,338.8641,2000,2000,"15,20,30,35,45",1.4142,61,NA,NA,NA,NA,NA,NA,NA,NA
3,"CRM","crm_alpha_crm",NA,NA,"alpha_crm",0.3,0,0.0714,28,3,1,3,0.3,0.36,0.2913,NA,NA,NA,31,6.8865,6.8865,3.4135,29.7465,19.7585,1.15,338.8641,2000,2000,"15,20,30,35,45",1.4142,61,NA,NA,NA,NA,NA,NA,NA,NA
3,"CRM","crm_alpha_crm",NA,NA,"alpha_crm",0.3,0,0.0714,28,3,1,4,0.35,0.44,0.338,NA,NA,NA,27.5,5.4405,5.4405,1.047,29.7465,19.7585,1.15,338.8641,2000,2000,"15,20,30,35,45",1.4142,61,NA,NA,NA,NA,NA,NA,NA,NA
3,"CRM","crm_alpha_crm",NA,NA,"alpha_crm",0.3,0,0.0714,28,3,1,5,0.45,0.555,0.433,NA,NA,NA,16.55,4.1085,4.1085,1.286,29.7465,19.7585,1.15,338.8641,2000,2000,"15,20,30,35,45",1.4142,61,NA,NA,NA,NA,NA,NA,NA,NA
3,"CRM","crm_cumu_crm",NA,NA,"cumu_crm",0.3,0,0.0714,28,3,1,1,0.15,0.15,0.1451,NA,NA,NA,2.9,4.488,4.488,0,29.919,20.13,0.3,338.3784,2000,2000,NA,NA,NA,"0.15811388,0.47434165,0.79056942,1.10679718,1.42302495",-2,2,1,1.83,1.21,1,0
3,"CRM","crm_cumu_crm",NA,NA,"cumu_crm",0.3,0,0.0714,28,3,1,2,0.2,0.245,0.2076,NA,NA,NA,18.65,8.0025,8.0025,3.1815,29.919,20.13,0.3,338.3784,2000,2000,NA,NA,NA,"0.15811388,0.47434165,0.79056942,1.10679718,1.42302495",-2,2,1,1.83,1.21,1,0
3,"CRM","crm_cumu_crm",NA,NA,"cumu_crm",0.3,0,0.0714,28,3,1,3,0.3,0.36,0.2906,NA,NA,NA,35,8.535,8.535,3.777,29.919,20.13,0.3,338.3784,2000,2000,NA,NA,NA,"0.15811388,0.47434165,0.79056942,1.10679718,1.42302495",-2,2,1,1.83,1.21,1,0
3,"CRM","crm_cumu_crm",NA,NA,"cumu_crm",0.3,0,0.0714,28,3,1,4,0.35,0.44,0.385,NA,NA,NA,27.05,5.433,5.433,1.601,29.919,20.13,0.3,338.3784,2000,2000,NA,NA,NA,"0.15811388,0.47434165,0.79056942,1.10679718,1.42302495",-2,2,1,1.83,1.21,1,0
3,"CRM","crm_cumu_crm",NA,NA,"cumu_crm",0.3,0,0.0714,28,3,1,5,0.45,0.555,0.479,NA,NA,NA,16.1,3.4605,3.4605,1.2295,29.919,20.13,0.3,338.3784,2000,2000,NA,NA,NA,"0.15811388,0.47434165,0.79056942,1.10679718,1.42302495",-2,2,1,1.83,1.21,1,0
3,"CRM","crm_fixed",NA,NA,"fixed",0.6,0,0.0714,28,1,1,1,0.15,0.15,0.1614,0,NA,NA,4.25,6.7665,6.7665,0,29.7525,29.7525,1.05,434.5266,2000,2000,NA,NA,NA,NA,NA,NA,NA,NA,NA,NA,NA
3,"CRM","crm_fixed",NA,NA,"fixed",0.6,0,0.0714,28,1,1,2,0.2,0.29,0.2086,NA,NA,NA,22.2,7.0965,7.0965,0,29.7525,29.7525,1.05,434.5266,2000,2000,NA,NA,NA,NA,NA,NA,NA,NA,NA,NA,NA
3,"CRM","crm_fixed",NA,NA,"fixed",0.6,0,0.0714,28,1,1,3,0.3,0.42,0.3027,NA,NA,NA,34.9,7.881,7.881,0,29.7525,29.7525,1.05,434.5266,2000,2000,NA,NA,NA,NA,NA,NA,NA,NA,NA,NA,NA
3,"CRM","crm_fixed",NA,NA,"fixed",0.6,0,0.0714,28,1,1,4,0.35,0.53,0.3499,NA,NA,NA,25.8,5.172,5.172,0,29.7525,29.7525,1.05,434.5266,2000,2000,NA,NA,NA,NA,NA,NA,NA,NA,NA,NA,NA
3,"CRM","crm_fixed",NA,NA,"fixed",0.6,0,0.0714,28,1,1,5,0.45,0.66,0.4454,NA,NA,NA,11.8,2.8365,2.8365,0,29.7525,29.7525,1.05,434.5266,2000,2000,NA,NA,NA,NA,NA,NA,NA,NA,NA,NA,NA
3,"CRM","crm_level",NA,NA,"level",0.6,0,0.0714,28,1,1,1,0.15,0.15,0.1615,NA,NA,NA,4.35,6.7755,6.7755,0,29.7525,29.7525,1.05,434.5266,2000,2000,NA,NA,NA,NA,NA,NA,NA,NA,NA,NA,NA
3,"CRM","crm_level",NA,NA,"level",0.6,0,0.0714,28,1,1,2,0.2,0.29,0.2087,0.0784,NA,NA,22.3,7.101,7.101,0,29.7525,29.7525,1.05,434.5266,2000,2000,NA,NA,NA,NA,NA,NA,NA,NA,NA,NA,NA
3,"CRM","crm_level",NA,NA,"level",0.6,0,0.0714,28,1,1,3,0.3,0.42,0.3028,0.0909,NA,NA,35,7.9035,7.9035,0,29.7525,29.7525,1.05,434.5266,2000,2000,NA,NA,NA,NA,NA,NA,NA,NA,NA,NA,NA
3,"CRM","crm_level",NA,NA,"level",0.6,0,0.0714,28,1,1,4,0.35,0.53,0.3501,0.1094,NA,NA,25.65,5.1585,5.1585,0,29.7525,29.7525,1.05,434.5266,2000,2000,NA,NA,NA,NA,NA,NA,NA,NA,NA,NA,NA
3,"CRM","crm_level",NA,NA,"level",0.6,0,0.0714,28,1,1,5,0.45,0.66,0.4455,0.1295,NA,NA,11.65,2.814,2.814,0,29.7525,29.7525,1.05,434.5266,2000,2000,NA,NA,NA,NA,NA,NA,NA,NA,NA,NA,NA
3,"CRM","crm_random",NA,NA,"random",0.6,0,0.0714,28,1,1,1,0.15,0.15,0.1614,0.0765,NA,NA,4.3,6.777,6.777,0,29.7525,29.7525,1.05,434.5266,2000,2000,NA,NA,NA,NA,NA,NA,NA,NA,NA,NA,NA
3,"CRM","crm_random",NA,NA,"random",0.6,0,0.0714,28,1,1,2,0.2,0.29,0.2086,NA,NA,NA,22.15,7.095,7.095,0,29.7525,29.7525,1.05,434.5266,2000,2000,NA,NA,NA,NA,NA,NA,NA,NA,NA,NA,NA
3,"CRM","crm_random",NA,NA,"random",0.6,0,0.0714,28,1,1,3,0.3,0.42,0.3027,NA,NA,NA,34.75,7.893,7.893,0,29.7525,29.7525,1.05,434.5266,2000,2000,NA,NA,NA,NA,NA,NA,NA,NA,NA,NA,NA
3,"CRM","crm_random",NA,NA,"random",0.6,0,0.0714,28,1,1,4,0.35,0.53,0.3499,NA,NA,NA,26.15,5.1585,5.1585,0,29.7525,29.7525,1.05,434.5266,2000,2000,NA,NA,NA,NA,NA,NA,NA,NA,NA,NA,NA
3,"CRM","crm_random",NA,NA,"random",0.6,0,0.0714,28,1,1,5,0.45,0.66,0.4454,NA,NA,NA,11.6,2.829,2.829,0,29.7525,29.7525,1.05,434.5266,2000,2000,NA,NA,NA,NA,NA,NA,NA,NA,NA,NA,NA
3,"CRM","crm_alpha_crm",NA,NA,"alpha_crm",0.6,0,0.0714,28,1,1,1,0.15,0.15,0.1612,NA,NA,NA,3.95,6.756,6.756,0,29.7465,29.7465,1.15,434.4528,2000,2000,"15,20,30,35,45",1.4142,61,NA,NA,NA,NA,NA,NA,NA,NA
3,"CRM","crm_alpha_crm",NA,NA,"alpha_crm",0.6,0,0.0714,28,1,1,2,0.2,0.29,0.2084,NA,NA,NA,22.15,7.098,7.098,0,29.7465,29.7465,1.15,434.4528,2000,2000,"15,20,30,35,45",1.4142,61,NA,NA,NA,NA,NA,NA,NA,NA
3,"CRM","crm_alpha_crm",NA,NA,"alpha_crm",0.6,0,0.0714,28,1,1,3,0.3,0.42,0.3025,NA,NA,NA,35,7.914,7.914,0,29.7465,29.7465,1.15,434.4528,2000,2000,"15,20,30,35,45",1.4142,61,NA,NA,NA,NA,NA,NA,NA,NA
3,"CRM","crm_alpha_crm",NA,NA,"alpha_crm",0.6,0,0.0714,28,1,1,4,0.35,0.53,0.3494,NA,NA,NA,25.9,5.1195,5.1195,0,29.7465,29.7465,1.15,434.4528,2000,2000,"15,20,30,35,45",1.4142,61,NA,NA,NA,NA,NA,NA,NA,NA
3,"CRM","crm_alpha_crm",NA,NA,"alpha_crm",0.6,0,0.0714,28,1,1,5,0.45,0.66,0.4452,NA,NA,NA,11.85,2.859,2.859,0,29.7465,29.7465,1.15,434.4528,2000,2000,"15,20,30,35,45",1.4142,61,NA,NA,NA,NA,NA,NA,NA,NA
3,"CRM","crm_cumu_crm",NA,NA,"cumu_crm",0.6,0,0.0714,28,1,1,1,0.15,0.15,0.1466,NA,NA,NA,2.45,4.3545,4.3545,0,29.919,29.919,0.3,436.5752,2000,2000,NA,NA,NA,"0.15811388,0.47434165,0.79056942,1.10679718,1.42302495",-2,2,1,1.83,1.21,1,0
3,"CRM","crm_cumu_crm",NA,NA,"cumu_crm",0.6,0,0.0714,28,1,1,2,0.2,0.29,0.2124,NA,NA,NA,22.65,8.172,8.172,0,29.919,29.919,0.3,436.5752,2000,2000,NA,NA,NA,"0.15811388,0.47434165,0.79056942,1.10679718,1.42302495",-2,2,1,1.83,1.21,1,0
3,"CRM","crm_cumu_crm",NA,NA,"cumu_crm",0.6,0,0.0714,28,1,1,3,0.3,0.42,0.3006,NA,NA,NA,37.75,9.033,9.033,0,29.919,29.919,0.3,436.5752,2000,2000,NA,NA,NA,"0.15811388,0.47434165,0.79056942,1.10679718,1.42302495",-2,2,1,1.83,1.21,1,0
3,"CRM","crm_cumu_crm",NA,NA,"cumu_crm",0.6,0,0.0714,28,1,1,4,0.35,0.53,0.4012,NA,NA,NA,24.9,5.3445,5.3445,0,29.919,29.919,0.3,436.5752,2000,2000,NA,NA,NA,"0.15811388,0.47434165,0.79056942,1.10679718,1.42302495",-2,2,1,1.83,1.21,1,0
3,"CRM","crm_cumu_crm",NA,NA,"cumu_crm",0.6,0,0.0714,28,1,1,5,0.45,0.66,0.5004,NA,NA,NA,11.95,3.015,3.015,0,29.919,29.919,0.3,436.5752,2000,2000,NA,NA,NA,"0.15811388,0.47434165,0.79056942,1.10679718,1.42302495",-2,2,1,1.83,1.21,1,0
3,"CRM","crm_fixed",NA,NA,"fixed",0.6,0,0.0714,28,2,1,1,0.15,0.15,0.186,0,NA,NA,7.85,7.8885,7.8885,0,29.7525,21.305,1.05,350.6017,2000,2000,NA,NA,NA,NA,NA,NA,NA,NA,NA,NA,NA
3,"CRM","crm_fixed",NA,NA,"fixed",0.6,0,0.0714,28,2,1,2,0.2,0.29,0.2362,NA,NA,NA,32,8.6055,8.6055,4.9065,29.7525,21.305,1.05,350.6017,2000,2000,NA,NA,NA,NA,NA,NA,NA,NA,NA,NA,NA
3,"CRM","crm_fixed",NA,NA,"fixed",0.6,0,0.0714,28,2,1,3,0.3,0.42,0.3339,NA,NA,NA,37.9,8.019,8.019,1.201,29.7525,21.305,1.05,350.6017,2000,2000,NA,NA,NA,NA,NA,NA,NA,NA,NA,NA,NA
3,"CRM","crm_fixed",NA,NA,"fixed",0.6,0,0.0714,28,2,1,4,0.35,0.53,0.3819,NA,NA,NA,17,3.918,3.918,2.0845,29.7525,21.305,1.05,350.6017,2000,2000,NA,NA,NA,NA,NA,NA,NA,NA,NA,NA,NA
3,"CRM","crm_fixed",NA,NA,"fixed",0.6,0,0.0714,28,2,1,5,0.45,0.66,0.4771,NA,NA,NA,4.2,1.3215,1.3215,0.2555,29.7525,21.305,1.05,350.6017,2000,2000,NA,NA,NA,NA,NA,NA,NA,NA,NA,NA,NA
3,"CRM","crm_level",NA,NA,"level",0.6,0,0.0714,28,2,1,1,0.15,0.15,0.175,NA,NA,NA,5.65,6.9165,6.9165,0,29.7435,21.2985,1.1,350.3572,2000,2000,NA,NA,NA,NA,NA,NA,NA,NA,NA,NA,NA
3,"CRM","crm_level",NA,NA,"level",0.6,0,0.0714,28,2,1,2,0.2,0.29,0.2237,0.0568,NA,NA,27.75,8.139,8.139,4.493,29.7435,21.2985,1.1,350.3572,2000,2000,NA,NA,NA,NA,NA,NA,NA,NA,NA,NA,NA
3,"CRM","crm_level",NA,NA,"level",0.6,0,0.0714,28,2,1,3,0.3,0.42,0.3193,0.0874,NA,NA,37.3,7.959,7.959,1.3295,29.7435,21.2985,1.1,350.3572,2000,2000,NA,NA,NA,NA,NA,NA,NA,NA,NA,NA,NA
3,"CRM","crm_level",NA,NA,"level",0.6,0,0.0714,28,2,1,4,0.35,0.53,0.3669,0.1256,NA,NA,21.05,4.5825,4.5825,2.231,29.7435,21.2985,1.1,350.3572,2000,2000,NA,NA,NA,NA,NA,NA,NA,NA,NA,NA,NA
3,"CRM","crm_level",NA,NA,"level",0.6,0,0.0714,28,2,1,5,0.45,0.66,0.4619,0.136,NA,NA,7.15,2.1465,2.1465,0.3915,29.7435,21.2985,1.1,350.3572,2000,2000,NA,NA,NA,NA,NA,NA,NA,NA,NA,NA,NA
3,"CRM","crm_random",NA,NA,"random",0.6,0,0.0714,28,2,1,1,0.15,0.15,0.1747,0.0706,NA,NA,5.7,6.864,6.864,0,29.7525,21.2945,1.05,350.9339,2000,2000,NA,NA,NA,NA,NA,NA,NA,NA,NA,NA,NA
3,"CRM","crm_random",NA,NA,"random",0.6,0,0.0714,28,2,1,2,0.2,0.29,0.2232,NA,NA,NA,27.8,8.166,8.166,4.5255,29.7525,21.2945,1.05,350.9339,2000,2000,NA,NA,NA,NA,NA,NA,NA,NA,NA,NA,NA
3,"CRM","crm_random",NA,NA,"random",0.6,0,0.0714,28,2,1,3,0.3,0.42,0.3186,NA,NA,NA,37.1,8.037,8.037,1.3745,29.7525,21.2945,1.05,350.9339,2000,2000,NA,NA,NA,NA,NA,NA,NA,NA,NA,NA,NA
3,"CRM","crm_random",NA,NA,"random",0.6,0,0.0714,28,2,1,4,0.35,0.53,0.3659,NA,NA,NA,20.5,4.4955,4.4955,2.1835,29.7525,21.2945,1.05,350.9339,2000,2000,NA,NA,NA,NA,NA,NA,NA,NA,NA,NA,NA
3,"CRM","crm_random",NA,NA,"random",0.6,0,0.0714,28,2,1,5,0.45,0.66,0.4608,NA,NA,NA,7.85,2.19,2.19,0.3745,29.7525,21.2945,1.05,350.9339,2000,2000,NA,NA,NA,NA,NA,NA,NA,NA,NA,NA,NA
3,"CRM","crm_alpha_crm",NA,NA,"alpha_crm",0.6,0,0.0714,28,2,1,1,0.15,0.15,0.1683,NA,NA,NA,5.35,6.9165,6.9165,0,29.7465,21.3285,1.15,350.2417,2000,2000,"15,20,30,35,45",1.4142,61,NA,NA,NA,NA,NA,NA,NA,NA
3,"CRM","crm_alpha_crm",NA,NA,"alpha_crm",0.6,0,0.0714,28,2,1,2,0.2,0.29,0.2162,NA,NA,NA,24.4,7.893,7.893,4.4385,29.7465,21.3285,1.15,350.2417,2000,2000,"15,20,30,35,45",1.4142,61,NA,NA,NA,NA,NA,NA,NA,NA
3,"CRM","crm_alpha_crm",NA,NA,"alpha_crm",0.6,0,0.0714,28,2,1,3,0.3,0.42,0.311,NA,NA,NA,36.35,7.6185,7.6185,1.4585,29.7465,21.3285,1.15,350.2417,2000,2000,"15,20,30,35,45",1.4142,61,NA,NA,NA,NA,NA,NA,NA,NA
3,"CRM","crm_alpha_crm",NA,NA,"alpha_crm",0.6,0,0.0714,28,2,1,4,0.35,0.53,0.3584,NA,NA,NA,23.25,4.764,4.764,2.061,29.7465,21.3285,1.15,350.2417,2000,2000,"15,20,30,35,45",1.4142,61,NA,NA,NA,NA,NA,NA,NA,NA
3,"CRM","crm_alpha_crm",NA,NA,"alpha_crm",0.6,0,0.0714,28,2,1,5,0.45,0.66,0.4537,NA,NA,NA,9.5,2.5545,2.5545,0.46,29.7465,21.3285,1.15,350.2417,2000,2000,"15,20,30,35,45",1.4142,61,NA,NA,NA,NA,NA,NA,NA,NA
3,"CRM","crm_cumu_crm",NA,NA,"cumu_crm",0.6,0,0.0714,28,2,1,1,0.15,0.15,0.1507,NA,NA,NA,4.1,4.8855,4.8855,0,29.919,21.901,0.3,353.3663,2000,2000,NA,NA,NA,"0.15811388,0.47434165,0.79056942,1.10679718,1.42302495",-2,2,1,1.83,1.21,1,0
3,"CRM","crm_cumu_crm",NA,NA,"cumu_crm",0.6,0,0.0714,28,2,1,2,0.2,0.29,0.2201,NA,NA,NA,23.3,9.0795,9.0795,3.334,29.919,21.901,0.3,353.3663,2000,2000,NA,NA,NA,"0.15811388,0.47434165,0.79056942,1.10679718,1.42302495",-2,2,1,1.83,1.21,1,0
3,"CRM","crm_cumu_crm",NA,NA,"cumu_crm",0.6,0,0.0714,28,2,1,3,0.3,0.42,0.3117,NA,NA,NA,39.3,8.6595,8.6595,2.1165,29.919,21.901,0.3,353.3663,2000,2000,NA,NA,NA,"0.15811388,0.47434165,0.79056942,1.10679718,1.42302495",-2,2,1,1.83,1.21,1,0
3,"CRM","crm_cumu_crm",NA,NA,"cumu_crm",0.6,0,0.0714,28,2,1,4,0.35,0.53,0.4133,NA,NA,NA,22.5,4.8765,4.8765,2.025,29.919,21.901,0.3,353.3663,2000,2000,NA,NA,NA,"0.15811388,0.47434165,0.79056942,1.10679718,1.42302495",-2,2,1,1.83,1.21,1,0
3,"CRM","crm_cumu_crm",NA,NA,"cumu_crm",0.6,0,0.0714,28,2,1,5,0.45,0.66,0.511,NA,NA,NA,10.5,2.418,2.418,0.5425,29.919,21.901,0.3,353.3663,2000,2000,NA,NA,NA,"0.15811388,0.47434165,0.79056942,1.10679718,1.42302495",-2,2,1,1.83,1.21,1,0
3,"CRM","crm_fixed",NA,NA,"fixed",0.6,0,0.0714,28,3,1,1,0.15,0.15,0.1908,0,NA,NA,8.9,8.088,8.088,0,29.7465,19.6005,1.1,338.9062,2000,2000,NA,NA,NA,NA,NA,NA,NA,NA,NA,NA,NA
3,"CRM","crm_fixed",NA,NA,"fixed",0.6,0,0.0714,28,3,1,2,0.2,0.29,0.2415,NA,NA,NA,35.15,9.3,9.3,5.035,29.7465,19.6005,1.1,338.9062,2000,2000,NA,NA,NA,NA,NA,NA,NA,NA,NA,NA,NA
3,"CRM","crm_fixed",NA,NA,"fixed",0.6,0,0.0714,28,3,1,3,0.3,0.42,0.3395,NA,NA,NA,34.65,7.629,7.629,3.4715,29.7465,19.6005,1.1,338.9062,2000,2000,NA,NA,NA,NA,NA,NA,NA,NA,NA,NA,NA
3,"CRM","crm_fixed",NA,NA,"fixed",0.6,0,0.0714,28,3,1,4,0.35,0.53,0.3875,NA,NA,NA,16.1,3.546,3.546,1.107,29.7465,19.6005,1.1,338.9062,2000,2000,NA,NA,NA,NA,NA,NA,NA,NA,NA,NA,NA
3,"CRM","crm_fixed",NA,NA,"fixed",0.6,0,0.0714,28,3,1,5,0.45,0.66,0.4825,NA,NA,NA,4.1,1.1835,1.1835,0.5325,29.7465,19.6005,1.1,338.9062,2000,2000,NA,NA,NA,NA,NA,NA,NA,NA,NA,NA,NA
3,"CRM","crm_level",NA,NA,"level",0.6,0,0.0714,28,3,1,1,0.15,0.15,0.1771,NA,NA,NA,6.7,7.0575,7.0575,0,29.7435,19.3535,1.1,337.5089,2000,2000,NA,NA,NA,NA,NA,NA,NA,NA,NA,NA,NA
3,"CRM","crm_level",NA,NA,"level",0.6,0,0.0714,28,3,1,2,0.2,0.29,0.2258,0.0565,NA,NA,28.65,8.2575,8.2575,4.6125,29.7435,19.3535,1.1,337.5089,2000,2000,NA,NA,NA,NA,NA,NA,NA,NA,NA,NA,NA
3,"CRM","crm_level",NA,NA,"level",0.6,0,0.0714,28,3,1,3,0.3,0.42,0.3214,0.0908,NA,NA,34.95,7.7595,7.7595,3.5665,29.7435,19.3535,1.1,337.5089,2000,2000,NA,NA,NA,NA,NA,NA,NA,NA,NA,NA,NA
3,"CRM","crm_level",NA,NA,"level",0.6,0,0.0714,28,3,1,4,0.35,0.53,0.3689,0.1181,NA,NA,22.4,4.5675,4.5675,1.3525,29.7435,19.3535,1.1,337.5089,2000,2000,NA,NA,NA,NA,NA,NA,NA,NA,NA,NA,NA
3,"CRM","crm_level",NA,NA,"level",0.6,0,0.0714,28,3,1,5,0.45,0.66,0.4637,0.1449,NA,NA,6.2,2.1015,2.1015,0.8585,29.7435,19.3535,1.1,337.5089,2000,2000,NA,NA,NA,NA,NA,NA,NA,NA,NA,NA,NA
3,"CRM","crm_random",NA,NA,"random",0.6,0,0.0714,28,3,1,1,0.15,0.15,0.1777,0.0716,NA,NA,6.55,7.077,7.077,0,29.7525,19.3565,1.05,337.4405,2000,2000,NA,NA,NA,NA,NA,NA,NA,NA,NA,NA,NA
3,"CRM","crm_random",NA,NA,"random",0.6,0,0.0714,28,3,1,2,0.2,0.29,0.2263,NA,NA,NA,30.25,8.4105,8.4105,4.6235,29.7525,19.3565,1.05,337.4405,2000,2000,NA,NA,NA,NA,NA,NA,NA,NA,NA,NA,NA
3,"CRM","crm_random",NA,NA,"random",0.6,0,0.0714,28,3,1,3,0.3,0.42,0.3216,NA,NA,NA,33.55,7.653,7.653,3.5675,29.7525,19.3565,1.05,337.4405,2000,2000,NA,NA,NA,NA,NA,NA,NA,NA,NA,NA,NA
3,"CRM","crm_random",NA,NA,"random",0.6,0,0.0714,28,3,1,4,0.35,0.53,0.3688,NA,NA,NA,21.1,4.413,4.413,1.332,29.7525,19.3565,1.05,337.4405,2000,2000,NA,NA,NA,NA,NA,NA,NA,NA,NA,NA,NA
3,"CRM","crm_random",NA,NA,"random",0.6,0,0.0714,28,3,1,5,0.45,0.66,0.4633,NA,NA,NA,7.5,2.199,2.199,0.873,29.7525,19.3565,1.05,337.4405,2000,2000,NA,NA,NA,NA,NA,NA,NA,NA,NA,NA,NA
3,"CRM","crm_alpha_crm",NA,NA,"alpha_crm",0.6,0,0.0714,28,3,1,1,0.15,0.15,0.1668,NA,NA,NA,5.35,6.9225,6.9225,0,29.7465,19.67,1.15,338.8265,2000,2000,"15,20,30,35,45",1.4142,61,NA,NA,NA,NA,NA,NA,NA,NA
3,"CRM","crm_alpha_crm",NA,NA,"alpha_crm",0.6,0,0.0714,28,3,1,2,0.2,0.29,0.2143,NA,NA,NA,25,7.722,7.722,4.478,29.7465,19.67,1.15,338.8265,2000,2000,"15,20,30,35,45",1.4142,61,NA,NA,NA,NA,NA,NA,NA,NA
3,"CRM","crm_alpha_crm",NA,NA,"alpha_crm",0.6,0,0.0714,28,3,1,3,0.3,0.42,0.3085,NA,NA,NA,33.7,7.152,7.152,3.4555,29.7465,19.67,1.15,338.8265,2000,2000,"15,20,30,35,45",1.4142,61,NA,NA,NA,NA,NA,NA,NA,NA
3,"CRM","crm_alpha_crm",NA,NA,"alpha_crm",0.6,0,0.0714,28,3,1,4,0.35,0.53,0.3556,NA,NA,NA,23.65,4.923,4.923,1.1195,29.7465,19.67,1.15,338.8265,2000,2000,"15,20,30,35,45",1.4142,61,NA,NA,NA,NA,NA,NA,NA,NA
3,"CRM","crm_alpha_crm",NA,NA,"alpha_crm",0.6,0,0.0714,28,3,1,5,0.45,0.66,0.4506,NA,NA,NA,11.15,3.027,3.027,1.0235,29.7465,19.67,1.15,338.8265,2000,2000,"15,20,30,35,45",1.4142,61,NA,NA,NA,NA,NA,NA,NA,NA
3,"CRM","crm_cumu_crm",NA,NA,"cumu_crm",0.6,0,0.0714,28,3,1,1,0.15,0.15,0.1503,NA,NA,NA,4.2,4.8615,4.8615,0,29.919,20.116,0.3,339.4342,2000,2000,NA,NA,NA,"0.15811388,0.47434165,0.79056942,1.10679718,1.42302495",-2,2,1,1.83,1.21,1,0
3,"CRM","crm_cumu_crm",NA,NA,"cumu_crm",0.6,0,0.0714,28,3,1,2,0.2,0.29,0.2189,NA,NA,NA,23.2,9.0885,9.0885,3.3245,29.919,20.116,0.3,339.4342,2000,2000,NA,NA,NA,"0.15811388,0.47434165,0.79056942,1.10679718,1.42302495",-2,2,1,1.83,1.21,1,0
3,"CRM","crm_cumu_crm",NA,NA,"cumu_crm",0.6,0,0.0714,28,3,1,3,0.3,0.42,0.309,NA,NA,NA,37.25,8.85,8.85,3.964,29.919,20.116,0.3,339.4342,2000,2000,NA,NA,NA,"0.15811388,0.47434165,0.79056942,1.10679718,1.42302495",-2,2,1,1.83,1.21,1,0
3,"CRM","crm_cumu_crm",NA,NA,"cumu_crm",0.6,0,0.0714,28,3,1,4,0.35,0.53,0.4089,NA,NA,NA,23.4,4.695,4.695,1.598,29.919,20.116,0.3,339.4342,2000,2000,NA,NA,NA,"0.15811388,0.47434165,0.79056942,1.10679718,1.42302495",-2,2,1,1.83,1.21,1,0
3,"CRM","crm_cumu_crm",NA,NA,"cumu_crm",0.6,0,0.0714,28,3,1,5,0.45,0.66,0.5051,NA,NA,NA,11.65,2.424,2.424,0.9165,29.919,20.116,0.3,339.4342,2000,2000,NA,NA,NA,"0.15811388,0.47434165,0.79056942,1.10679718,1.42302495",-2,2,1,1.83,1.21,1,0
3,"CRM","crm_fixed",NA,NA,"fixed",0.9,0,0.0714,28,1,1,1,0.15,0.15,0.1615,0,NA,NA,4.05,6.777,6.777,0,29.7525,29.7525,1.05,434.5266,2000,2000,NA,NA,NA,NA,NA,NA,NA,NA,NA,NA,NA
3,"CRM","crm_fixed",NA,NA,"fixed",0.9,0,0.0714,28,1,1,2,0.2,0.335,0.2086,NA,NA,NA,22.6,7.0935,7.0935,0,29.7525,29.7525,1.05,434.5266,2000,2000,NA,NA,NA,NA,NA,NA,NA,NA,NA,NA,NA
3,"CRM","crm_fixed",NA,NA,"fixed",0.9,0,0.0714,28,1,1,3,0.3,0.48,0.3027,NA,NA,NA,34.6,7.875,7.875,0,29.7525,29.7525,1.05,434.5266,2000,2000,NA,NA,NA,NA,NA,NA,NA,NA,NA,NA,NA
3,"CRM","crm_fixed",NA,NA,"fixed",0.9,0,0.0714,28,1,1,4,0.35,0.62,0.35,NA,NA,NA,26.1,5.1945,5.1945,0,29.7525,29.7525,1.05,434.5266,2000,2000,NA,NA,NA,NA,NA,NA,NA,NA,NA,NA,NA
3,"CRM","crm_fixed",NA,NA,"fixed",0.9,0,0.0714,28,1,1,5,0.45,0.765,0.4454,NA,NA,NA,11.6,2.8125,2.8125,0,29.7525,29.7525,1.05,434.5266,2000,2000,NA,NA,NA,NA,NA,NA,NA,NA,NA,NA,NA
3,"CRM","crm_level",NA,NA,"level",0.9,0,0.0714,28,1,1,1,0.15,0.15,0.1613,NA,NA,NA,4,6.759,6.759,0,29.7525,29.7525,1.05,434.5266,2000,2000,NA,NA,NA,NA,NA,NA,NA,NA,NA,NA,NA
3,"CRM","crm_level",NA,NA,"level",0.9,0,0.0714,28,1,1,2,0.2,0.335,0.2085,0.0829,NA,NA,22.6,7.1325,7.1325,0,29.7525,29.7525,1.05,434.5266,2000,2000,NA,NA,NA,NA,NA,NA,NA,NA,NA,NA,NA
3,"CRM","crm_level",NA,NA,"level",0.9,0,0.0714,28,1,1,3,0.3,0.48,0.3026,0.0872,NA,NA,34.6,7.8645,7.8645,0,29.7525,29.7525,1.05,434.5266,2000,2000,NA,NA,NA,NA,NA,NA,NA,NA,NA,NA,NA
3,"CRM","crm_level",NA,NA,"level",0.9,0,0.0714,28,1,1,4,0.35,0.62,0.3499,0.1089,NA,NA,25.9,5.1525,5.1525,0,29.7525,29.7525,1.05,434.5266,2000,2000,NA,NA,NA,NA,NA,NA,NA,NA,NA,NA,NA
3,"CRM","crm_level",NA,NA,"level",0.9,0,0.0714,28,1,1,5,0.45,0.765,0.4453,0.1282,NA,NA,11.85,2.844,2.844,0,29.7525,29.7525,1.05,434.5266,2000,2000,NA,NA,NA,NA,NA,NA,NA,NA,NA,NA,NA
3,"CRM","crm_random",NA,NA,"random",0.9,0,0.0714,28,1,1,1,0.15,0.15,0.1614,0.0803,NA,NA,4.25,6.774,6.774,0,29.7525,29.7525,1.05,434.5266,2000,2000,NA,NA,NA,NA,NA,NA,NA,NA,NA,NA,NA
3,"CRM","crm_random",NA,NA,"random",0.9,0,0.0714,28,1,1,2,0.2,0.335,0.2085,NA,NA,NA,22.35,7.086,7.086,0,29.7525,29.7525,1.05,434.5266,2000,2000,NA,NA,NA,NA,NA,NA,NA,NA,NA,NA,NA
3,"CRM","crm_random",NA,NA,"random",0.9,0,0.0714,28,1,1,3,0.3,0.48,0.3026,NA,NA,NA,34.8,7.881,7.881,0,29.7525,29.7525,1.05,434.5266,2000,2000,NA,NA,NA,NA,NA,NA,NA,NA,NA,NA,NA
3,"CRM","crm_random",NA,NA,"random",0.9,0,0.0714,28,1,1,4,0.35,0.62,0.3499,NA,NA,NA,25.75,5.1705,5.1705,0,29.7525,29.7525,1.05,434.5266,2000,2000,NA,NA,NA,NA,NA,NA,NA,NA,NA,NA,NA
3,"CRM","crm_random",NA,NA,"random",0.9,0,0.0714,28,1,1,5,0.45,0.765,0.4453,NA,NA,NA,11.8,2.841,2.841,0,29.7525,29.7525,1.05,434.5266,2000,2000,NA,NA,NA,NA,NA,NA,NA,NA,NA,NA,NA
3,"CRM","crm_alpha_crm",NA,NA,"alpha_crm",0.9,0,0.0714,28,1,1,1,0.15,0.15,0.1612,NA,NA,NA,3.95,6.756,6.756,0,29.7465,29.7465,1.15,434.4528,2000,2000,"15,20,30,35,45",1.4142,61,NA,NA,NA,NA,NA,NA,NA,NA
3,"CRM","crm_alpha_crm",NA,NA,"alpha_crm",0.9,0,0.0714,28,1,1,2,0.2,0.335,0.2084,NA,NA,NA,22.15,7.098,7.098,0,29.7465,29.7465,1.15,434.4528,2000,2000,"15,20,30,35,45",1.4142,61,NA,NA,NA,NA,NA,NA,NA,NA
3,"CRM","crm_alpha_crm",NA,NA,"alpha_crm",0.9,0,0.0714,28,1,1,3,0.3,0.48,0.3025,NA,NA,NA,35,7.914,7.914,0,29.7465,29.7465,1.15,434.4528,2000,2000,"15,20,30,35,45",1.4142,61,NA,NA,NA,NA,NA,NA,NA,NA
3,"CRM","crm_alpha_crm",NA,NA,"alpha_crm",0.9,0,0.0714,28,1,1,4,0.35,0.62,0.3494,NA,NA,NA,25.9,5.1195,5.1195,0,29.7465,29.7465,1.15,434.4528,2000,2000,"15,20,30,35,45",1.4142,61,NA,NA,NA,NA,NA,NA,NA,NA
3,"CRM","crm_alpha_crm",NA,NA,"alpha_crm",0.9,0,0.0714,28,1,1,5,0.45,0.765,0.4452,NA,NA,NA,11.85,2.859,2.859,0,29.7465,29.7465,1.15,434.4528,2000,2000,"15,20,30,35,45",1.4142,61,NA,NA,NA,NA,NA,NA,NA,NA
3,"CRM","crm_cumu_crm",NA,NA,"cumu_crm",0.9,0,0.0714,28,1,1,1,0.15,0.15,0.1467,NA,NA,NA,2.45,4.341,4.341,0,29.919,29.919,0.3,436.5752,2000,2000,NA,NA,NA,"0.15811388,0.47434165,0.79056942,1.10679718,1.42302495",-2,2,1,1.83,1.21,1,0
3,"CRM","crm_cumu_crm",NA,NA,"cumu_crm",0.9,0,0.0714,28,1,1,2,0.2,0.335,0.2124,NA,NA,NA,22.7,8.148,8.148,0,29.919,29.919,0.3,436.5752,2000,2000,NA,NA,NA,"0.15811388,0.47434165,0.79056942,1.10679718,1.42302495",-2,2,1,1.83,1.21,1,0
3,"CRM","crm_cumu_crm",NA,NA,"cumu_crm",0.9,0,0.0714,28,1,1,3,0.3,0.48,0.3006,NA,NA,NA,37.95,9.039,9.039,0,29.919,29.919,0.3,436.5752,2000,2000,NA,NA,NA,"0.15811388,0.47434165,0.79056942,1.10679718,1.42302495",-2,2,1,1.83,1.21,1,0
3,"CRM","crm_cumu_crm",NA,NA,"cumu_crm",0.9,0,0.0714,28,1,1,4,0.35,0.62,0.4012,NA,NA,NA,24.65,5.4015,5.4015,0,29.919,29.919,0.3,436.5752,2000,2000,NA,NA,NA,"0.15811388,0.47434165,0.79056942,1.10679718,1.42302495",-2,2,1,1.83,1.21,1,0
3,"CRM","crm_cumu_crm",NA,NA,"cumu_crm",0.9,0,0.0714,28,1,1,5,0.45,0.765,0.5003,NA,NA,NA,11.95,2.9895,2.9895,0,29.919,29.919,0.3,436.5752,2000,2000,NA,NA,NA,"0.15811388,0.47434165,0.79056942,1.10679718,1.42302495",-2,2,1,1.83,1.21,1,0
3,"CRM","crm_fixed",NA,NA,"fixed",0.9,0,0.0714,28,2,1,1,0.15,0.15,0.1988,0,NA,NA,10.9,8.547,8.547,0,29.7465,21.2865,1.1,350.2038,2000,2000,NA,NA,NA,NA,NA,NA,NA,NA,NA,NA,NA
3,"CRM","crm_fixed",NA,NA,"fixed",0.9,0,0.0714,28,2,1,2,0.2,0.335,0.2505,NA,NA,NA,36.75,9.2925,9.2925,5.169,29.7465,21.2865,1.1,350.2038,2000,2000,NA,NA,NA,NA,NA,NA,NA,NA,NA,NA,NA
3,"CRM","crm_fixed",NA,NA,"fixed",0.9,0,0.0714,28,2,1,3,0.3,0.48,0.3495,NA,NA,NA,37.8,7.8975,7.8975,1.241,29.7465,21.2865,1.1,350.2038,2000,2000,NA,NA,NA,NA,NA,NA,NA,NA,NA,NA,NA
3,"CRM","crm_fixed",NA,NA,"fixed",0.9,0,0.0714,28,2,1,4,0.35,0.62,0.3978,NA,NA,NA,11.2,3.225,3.225,1.8935,29.7465,21.2865,1.1,350.2038,2000,2000,NA,NA,NA,NA,NA,NA,NA,NA,NA,NA,NA
3,"CRM","crm_fixed",NA,NA,"fixed",0.9,0,0.0714,28,2,1,5,0.45,0.765,0.4926,NA,NA,NA,2.25,0.7845,0.7845,0.1565,29.7465,21.2865,1.1,350.2038,2000,2000,NA,NA,NA,NA,NA,NA,NA,NA,NA,NA,NA
3,"CRM","crm_level",NA,NA,"level",0.9,0,0.0714,28,2,1,1,0.15,0.15,0.1852,NA,NA,NA,8,7.2585,7.2585,0,29.7525,21.1855,1.05,350.3821,2000,2000,NA,NA,NA,NA,NA,NA,NA,NA,NA,NA,NA
3,"CRM","crm_level",NA,NA,"level",0.9,0,0.0714,28,2,1,2,0.2,0.335,0.2349,0.0685,NA,NA,31.9,8.745,8.745,4.654,29.7525,21.1855,1.05,350.3821,2000,2000,NA,NA,NA,NA,NA,NA,NA,NA,NA,NA,NA
3,"CRM","crm_level",NA,NA,"level",0.9,0,0.0714,28,2,1,3,0.3,0.48,0.3315,0.0945,NA,NA,37.15,7.9635,7.9635,1.471,29.7525,21.1855,1.05,350.3821,2000,2000,NA,NA,NA,NA,NA,NA,NA,NA,NA,NA,NA
3,"CRM","crm_level",NA,NA,"level",0.9,0,0.0714,28,2,1,4,0.35,0.62,0.3792,0.147,NA,NA,17.15,4.2,4.2,2.1215,29.7525,21.1855,1.05,350.3821,2000,2000,NA,NA,NA,NA,NA,NA,NA,NA,NA,NA,NA
3,"CRM","crm_level",NA,NA,"level",0.9,0,0.0714,28,2,1,5,0.45,0.765,0.4738,0.1454,NA,NA,4.75,1.5855,1.5855,0.3205,29.7525,21.1855,1.05,350.3821,2000,2000,NA,NA,NA,NA,NA,NA,NA,NA,NA,NA,NA
3,"CRM","crm_random",NA,NA,"random",0.9,0,0.0714,28,2,1,1,0.15,0.15,0.1849,0.0915,NA,NA,7.6,7.2375,7.2375,0,29.7495,21.231,1.05,350.169,2000,2000,NA,NA,NA,NA,NA,NA,NA,NA,NA,NA,NA
3,"CRM","crm_random",NA,NA,"random",0.9,0,0.0714,28,2,1,2,0.2,0.335,0.2344,NA,NA,NA,31.65,8.694,8.694,4.686,29.7495,21.231,1.05,350.169,2000,2000,NA,NA,NA,NA,NA,NA,NA,NA,NA,NA,NA
3,"CRM","crm_random",NA,NA,"random",0.9,0,0.0714,28,2,1,3,0.3,0.48,0.3308,NA,NA,NA,37.5,7.9395,7.9395,1.3925,29.7495,21.231,1.05,350.169,2000,2000,NA,NA,NA,NA,NA,NA,NA,NA,NA,NA,NA
3,"CRM","crm_random",NA,NA,"random",0.9,0,0.0714,28,2,1,4,0.35,0.62,0.3783,NA,NA,NA,16.35,4.194,4.194,2.1615,29.7495,21.231,1.05,350.169,2000,2000,NA,NA,NA,NA,NA,NA,NA,NA,NA,NA,NA
3,"CRM","crm_random",NA,NA,"random",0.9,0,0.0714,28,2,1,5,0.45,0.765,0.4728,NA,NA,NA,5.85,1.6845,1.6845,0.2785,29.7495,21.231,1.05,350.169,2000,2000,NA,NA,NA,NA,NA,NA,NA,NA,NA,NA,NA
3,"CRM","crm_alpha_crm",NA,NA,"alpha_crm",0.9,0,0.0714,28,2,1,1,0.15,0.15,0.1789,NA,NA,NA,6.9,7.284,7.284,0,29.7465,21.19,1.15,349.4821,2000,2000,"15,20,30,35,45",1.4142,61,NA,NA,NA,NA,NA,NA,NA,NA
3,"CRM","crm_alpha_crm",NA,NA,"alpha_crm",0.9,0,0.0714,28,2,1,2,0.2,0.335,0.2281,NA,NA,NA,28.4,8.6325,8.6325,4.6375,29.7465,21.19,1.15,349.4821,2000,2000,"15,20,30,35,45",1.4142,61,NA,NA,NA,NA,NA,NA,NA,NA
3,"CRM","crm_alpha_crm",NA,NA,"alpha_crm",0.9,0,0.0714,28,2,1,3,0.3,0.48,0.3244,NA,NA,NA,37.85,7.6725,7.6725,1.61,29.7465,21.19,1.15,349.4821,2000,2000,"15,20,30,35,45",1.4142,61,NA,NA,NA,NA,NA,NA,NA,NA
3,"CRM","crm_alpha_crm",NA,NA,"alpha_crm",0.9,0,0.0714,28,2,1,4,0.35,0.62,0.3721,NA,NA,NA,19.65,4.299,4.299,1.898,29.7465,21.19,1.15,349.4821,2000,2000,"15,20,30,35,45",1.4142,61,NA,NA,NA,NA,NA,NA,NA,NA
3,"CRM","crm_alpha_crm",NA,NA,"alpha_crm",0.9,0,0.0714,28,2,1,5,0.45,0.765,0.4672,NA,NA,NA,6.05,1.8585,1.8585,0.411,29.7465,21.19,1.15,349.4821,2000,2000,"15,20,30,35,45",1.4142,61,NA,NA,NA,NA,NA,NA,NA,NA
3,"CRM","crm_cumu_crm",NA,NA,"cumu_crm",0.9,0,0.0714,28,2,1,1,0.15,0.15,0.1551,NA,NA,NA,5.55,5.268,5.268,0,29.9085,21.8555,0.35,352.9006,2000,2000,NA,NA,NA,"0.15811388,0.47434165,0.79056942,1.10679718,1.42302495",-2,2,1,1.83,1.21,1,0
3,"CRM","crm_cumu_crm",NA,NA,"cumu_crm",0.9,0,0.0714,28,2,1,2,0.2,0.335,0.2303,NA,NA,NA,28.75,9.96,9.96,3.4505,29.9085,21.8555,0.35,352.9006,2000,2000,NA,NA,NA,"0.15811388,0.47434165,0.79056942,1.10679718,1.42302495",-2,2,1,1.83,1.21,1,0
3,"CRM","crm_cumu_crm",NA,NA,"cumu_crm",0.9,0,0.0714,28,2,1,3,0.3,0.48,0.3287,NA,NA,NA,39.1,8.652,8.652,2.2495,29.9085,21.8555,0.35,352.9006,2000,2000,NA,NA,NA,"0.15811388,0.47434165,0.79056942,1.10679718,1.42302495",-2,2,1,1.83,1.21,1,0
3,"CRM","crm_cumu_crm",NA,NA,"cumu_crm",0.9,0,0.0714,28,2,1,4,0.35,0.62,0.4351,NA,NA,NA,18.1,4.2645,4.2645,1.877,29.9085,21.8555,0.35,352.9006,2000,2000,NA,NA,NA,"0.15811388,0.47434165,0.79056942,1.10679718,1.42302495",-2,2,1,1.83,1.21,1,0
3,"CRM","crm_cumu_crm",NA,NA,"cumu_crm",0.9,0,0.0714,28,2,1,5,0.45,0.765,0.5345,NA,NA,NA,8.15,1.764,1.764,0.476,29.9085,21.8555,0.35,352.9006,2000,2000,NA,NA,NA,"0.15811388,0.47434165,0.79056942,1.10679718,1.42302495",-2,2,1,1.83,1.21,1,0
3,"CRM","crm_fixed",NA,NA,"fixed",0.9,0,0.0714,28,3,1,1,0.15,0.15,0.2053,0,NA,NA,12.05,8.8785,8.8785,0,29.748,19.7895,1.05,339.9941,2000,2000,NA,NA,NA,NA,NA,NA,NA,NA,NA,NA,NA
3,"CRM","crm_fixed",NA,NA,"fixed",0.9,0,0.0714,28,3,1,2,0.2,0.335,0.2575,NA,NA,NA,41.75,10.134,10.134,5.3255,29.748,19.7895,1.05,339.9941,2000,2000,NA,NA,NA,NA,NA,NA,NA,NA,NA,NA,NA
3,"CRM","crm_fixed",NA,NA,"fixed",0.9,0,0.0714,28,3,1,3,0.3,0.48,0.3571,NA,NA,NA,32.85,7.3365,7.3365,3.3125,29.748,19.7895,1.05,339.9941,2000,2000,NA,NA,NA,NA,NA,NA,NA,NA,NA,NA,NA
3,"CRM","crm_fixed",NA,NA,"fixed",0.9,0,0.0714,28,3,1,4,0.35,0.62,0.4054,NA,NA,NA,10.8,2.7285,2.7285,0.982,29.748,19.7895,1.05,339.9941,2000,2000,NA,NA,NA,NA,NA,NA,NA,NA,NA,NA,NA
3,"CRM","crm_fixed",NA,NA,"fixed",0.9,0,0.0714,28,3,1,5,0.45,0.765,0.4999,NA,NA,NA,1.5,0.6705,0.6705,0.3385,29.748,19.7895,1.05,339.9941,2000,2000,NA,NA,NA,NA,NA,NA,NA,NA,NA,NA,NA
3,"CRM","crm_level",NA,NA,"level",0.9,0,0.0714,28,3,1,1,0.15,0.15,0.1891,NA,NA,NA,8.95,7.4835,7.4835,0,29.7495,19.485,1.05,338.1377,2000,2000,NA,NA,NA,NA,NA,NA,NA,NA,NA,NA,NA
3,"CRM","crm_level",NA,NA,"level",0.9,0,0.0714,28,3,1,2,0.2,0.335,0.2392,0.0668,NA,NA,34.05,9.0165,9.0165,4.793,29.7495,19.485,1.05,338.1377,2000,2000,NA,NA,NA,NA,NA,NA,NA,NA,NA,NA,NA
3,"CRM","crm_level",NA,NA,"level",0.9,0,0.0714,28,3,1,3,0.3,0.48,0.3361,0.1075,NA,NA,35.75,7.908,7.908,3.5035,29.7495,19.485,1.05,338.1377,2000,2000,NA,NA,NA,NA,NA,NA,NA,NA,NA,NA,NA
3,"CRM","crm_level",NA,NA,"level",0.9,0,0.0714,28,3,1,4,0.35,0.62,0.3837,0.1356,NA,NA,15.7,3.912,3.912,1.298,29.7495,19.485,1.05,338.1377,2000,2000,NA,NA,NA,NA,NA,NA,NA,NA,NA,NA,NA
3,"CRM","crm_level",NA,NA,"level",0.9,0,0.0714,28,3,1,5,0.45,0.765,0.4781,0.1525,NA,NA,4.5,1.4295,1.4295,0.67,29.7495,19.485,1.05,338.1377,2000,2000,NA,NA,NA,NA,NA,NA,NA,NA,NA,NA,NA
3,"CRM","crm_random",NA,NA,"random",0.9,0,0.0714,28,3,1,1,0.15,0.15,0.188,0.0961,NA,NA,8.2,7.5135,7.5135,0,29.7495,19.245,1.05,337.5543,2000,2000,NA,NA,NA,NA,NA,NA,NA,NA,NA,NA,NA
3,"CRM","crm_random",NA,NA,"random",0.9,0,0.0714,28,3,1,2,0.2,0.335,0.2376,NA,NA,NA,34.15,8.9115,8.9115,4.8775,29.7495,19.245,1.05,337.5543,2000,2000,NA,NA,NA,NA,NA,NA,NA,NA,NA,NA,NA
3,"CRM","crm_random",NA,NA,"random",0.9,0,0.0714,28,3,1,3,0.3,0.48,0.3338,NA,NA,NA,35.6,7.6515,7.6515,3.531,29.7495,19.245,1.05,337.5543,2000,2000,NA,NA,NA,NA,NA,NA,NA,NA,NA,NA,NA
3,"CRM","crm_random",NA,NA,"random",0.9,0,0.0714,28,3,1,4,0.35,0.62,0.3811,NA,NA,NA,15.55,4.0575,4.0575,1.348,29.7495,19.245,1.05,337.5543,2000,2000,NA,NA,NA,NA,NA,NA,NA,NA,NA,NA,NA
3,"CRM","crm_random",NA,NA,"random",0.9,0,0.0714,28,3,1,5,0.45,0.765,0.4751,NA,NA,NA,5.45,1.6155,1.6155,0.748,29.7495,19.245,1.05,337.5543,2000,2000,NA,NA,NA,NA,NA,NA,NA,NA,NA,NA,NA
3,"CRM","crm_alpha_crm",NA,NA,"alpha_crm",0.9,0,0.0714,28,3,1,1,0.15,0.15,0.1776,NA,NA,NA,7.25,7.3245,7.3245,0,29.7465,19.637,1.15,338.937,2000,2000,"15,20,30,35,45",1.4142,61,NA,NA,NA,NA,NA,NA,NA,NA
3,"CRM","crm_alpha_crm",NA,NA,"alpha_crm",0.9,0,0.0714,28,3,1,2,0.2,0.335,0.2264,NA,NA,NA,28.9,8.535,8.535,4.713,29.7465,19.637,1.15,338.937,2000,2000,"15,20,30,35,45",1.4142,61,NA,NA,NA,NA,NA,NA,NA,NA
3,"CRM","crm_alpha_crm",NA,NA,"alpha_crm",0.9,0,0.0714,28,3,1,3,0.3,0.48,0.3221,NA,NA,NA,34.25,7.1865,7.1865,3.459,29.7465,19.637,1.15,338.937,2000,2000,"15,20,30,35,45",1.4142,61,NA,NA,NA,NA,NA,NA,NA,NA
3,"CRM","crm_alpha_crm",NA,NA,"alpha_crm",0.9,0,0.0714,28,3,1,4,0.35,0.62,0.3696,NA,NA,NA,20.75,4.4415,4.4415,1.0915,29.7465,19.637,1.15,338.937,2000,2000,"15,20,30,35,45",1.4142,61,NA,NA,NA,NA,NA,NA,NA,NA
3,"CRM","crm_alpha_crm",NA,NA,"alpha_crm",0.9,0,0.0714,28,3,1,5,0.45,0.765,0.4644,NA,NA,NA,7.7,2.259,2.259,0.846,29.7465,19.637,1.15,338.937,2000,2000,"15,20,30,35,45",1.4142,61,NA,NA,NA,NA,NA,NA,NA,NA
3,"CRM","crm_cumu_crm",NA,NA,"cumu_crm",0.9,0,0.0714,28,3,1,1,0.15,0.15,0.1551,NA,NA,NA,5.35,5.2545,5.2545,0,29.9085,20.238,0.35,340.2693,2000,2000,NA,NA,NA,"0.15811388,0.47434165,0.79056942,1.10679718,1.42302495",-2,2,1,1.83,1.21,1,0
3,"CRM","crm_cumu_crm",NA,NA,"cumu_crm",0.9,0,0.0714,28,3,1,2,0.2,0.335,0.2303,NA,NA,NA,28.85,10.2405,10.2405,3.484,29.9085,20.238,0.35,340.2693,2000,2000,NA,NA,NA,"0.15811388,0.47434165,0.79056942,1.10679718,1.42302495",-2,2,1,1.83,1.21,1,0
3,"CRM","crm_cumu_crm",NA,NA,"cumu_crm",0.9,0,0.0714,28,3,1,3,0.3,0.48,0.3284,NA,NA,NA,38.4,8.88,8.88,4.0455,29.9085,20.238,0.35,340.2693,2000,2000,NA,NA,NA,"0.15811388,0.47434165,0.79056942,1.10679718,1.42302495",-2,2,1,1.83,1.21,1,0
3,"CRM","crm_cumu_crm",NA,NA,"cumu_crm",0.9,0,0.0714,28,3,1,4,0.35,0.62,0.4343,NA,NA,NA,18.8,3.831,3.831,1.484,29.9085,20.238,0.35,340.2693,2000,2000,NA,NA,NA,"0.15811388,0.47434165,0.79056942,1.10679718,1.42302495",-2,2,1,1.83,1.21,1,0
3,"CRM","crm_cumu_crm",NA,NA,"cumu_crm",0.9,0,0.0714,28,3,1,5,0.45,0.765,0.533,NA,NA,NA,8.25,1.7025,1.7025,0.657,29.9085,20.238,0.35,340.2693,2000,2000,NA,NA,NA,"0.15811388,0.47434165,0.79056942,1.10679718,1.42302495",-2,2,1,1.83,1.21,1,0
4,"CRM","crm_fixed",NA,NA,"fixed",0,0,0.0714,28,1,1,1,0.15,0.15,0.2146,0,NA,NA,16.35,9.057,9.057,0,29.7525,29.7525,1.05,434.5266,2000,2000,NA,NA,NA,NA,NA,NA,NA,NA,NA,NA,NA
4,"CRM","crm_fixed",NA,NA,"fixed",0,0,0.0714,28,1,1,2,0.3,0.3,0.2676,NA,NA,NA,43.85,10.1475,10.1475,0,29.7525,29.7525,1.05,434.5266,2000,2000,NA,NA,NA,NA,NA,NA,NA,NA,NA,NA,NA
4,"CRM","crm_fixed",NA,NA,"fixed",0,0,0.0714,28,1,1,3,0.38,0.38,0.3677,NA,NA,NA,28.05,6.942,6.942,0,29.7525,29.7525,1.05,434.5266,2000,2000,NA,NA,NA,NA,NA,NA,NA,NA,NA,NA,NA
4,"CRM","crm_fixed",NA,NA,"fixed",0,0,0.0714,28,1,1,4,0.45,0.45,0.4159,NA,NA,NA,9.3,2.859,2.859,0,29.7525,29.7525,1.05,434.5266,2000,2000,NA,NA,NA,NA,NA,NA,NA,NA,NA,NA,NA
4,"CRM","crm_fixed",NA,NA,"fixed",0,0,0.0714,28,1,1,5,0.55,0.55,0.5099,NA,NA,NA,1.4,0.747,0.747,0,29.7525,29.7525,1.05,434.5266,2000,2000,NA,NA,NA,NA,NA,NA,NA,NA,NA,NA,NA
4,"CRM","crm_level",NA,NA,"level",0,0,0.0714,28,1,1,1,0.15,0.15,0.2146,NA,NA,NA,16.4,9.0735,9.0735,0,29.76,29.76,1,434.6491,2000,2000,NA,NA,NA,NA,NA,NA,NA,NA,NA,NA,NA
4,"CRM","crm_level",NA,NA,"level",0,0,0.0714,28,1,1,2,0.3,0.3,0.2675,0.0803,NA,NA,43.65,10.149,10.149,0,29.76,29.76,1,434.6491,2000,2000,NA,NA,NA,NA,NA,NA,NA,NA,NA,NA,NA
4,"CRM","crm_level",NA,NA,"level",0,0,0.0714,28,1,1,3,0.38,0.38,0.3677,0.0992,NA,NA,28.25,6.915,6.915,0,29.76,29.76,1,434.6491,2000,2000,NA,NA,NA,NA,NA,NA,NA,NA,NA,NA,NA
4,"CRM","crm_level",NA,NA,"level",0,0,0.0714,28,1,1,4,0.45,0.45,0.4159,0.1227,NA,NA,9.35,2.8605,2.8605,0,29.76,29.76,1,434.6491,2000,2000,NA,NA,NA,NA,NA,NA,NA,NA,NA,NA,NA
4,"CRM","crm_level",NA,NA,"level",0,0,0.0714,28,1,1,5,0.55,0.55,0.5099,0.1417,NA,NA,1.35,0.762,0.762,0,29.76,29.76,1,434.6491,2000,2000,NA,NA,NA,NA,NA,NA,NA,NA,NA,NA,NA
4,"CRM","crm_random",NA,NA,"random",0,0,0.0714,28,1,1,1,0.15,0.15,0.2145,0.0807,NA,NA,16.5,9.0585,9.0585,0,29.7525,29.7525,1.05,434.5266,2000,2000,NA,NA,NA,NA,NA,NA,NA,NA,NA,NA,NA
4,"CRM","crm_random",NA,NA,"random",0,0,0.0714,28,1,1,2,0.3,0.3,0.2674,NA,NA,NA,43.5,10.14,10.14,0,29.7525,29.7525,1.05,434.5266,2000,2000,NA,NA,NA,NA,NA,NA,NA,NA,NA,NA,NA
4,"CRM","crm_random",NA,NA,"random",0,0,0.0714,28,1,1,3,0.38,0.38,0.3676,NA,NA,NA,28.25,6.9045,6.9045,0,29.7525,29.7525,1.05,434.5266,2000,2000,NA,NA,NA,NA,NA,NA,NA,NA,NA,NA,NA
4,"CRM","crm_random",NA,NA,"random",0,0,0.0714,28,1,1,4,0.45,0.45,0.4158,NA,NA,NA,9.2,2.889,2.889,0,29.7525,29.7525,1.05,434.5266,2000,2000,NA,NA,NA,NA,NA,NA,NA,NA,NA,NA,NA
4,"CRM","crm_random",NA,NA,"random",0,0,0.0714,28,1,1,5,0.55,0.55,0.5097,NA,NA,NA,1.5,0.7605,0.7605,0,29.7525,29.7525,1.05,434.5266,2000,2000,NA,NA,NA,NA,NA,NA,NA,NA,NA,NA,NA
4,"CRM","crm_alpha_crm",NA,NA,"alpha_crm",0,0,0.0714,28,1,1,1,0.15,0.15,0.2145,NA,NA,NA,15.95,9.0045,9.0045,0,29.7405,29.7405,1.2,434.3864,2000,2000,"15,20,30,35,45",1.4142,61,NA,NA,NA,NA,NA,NA,NA,NA
4,"CRM","crm_alpha_crm",NA,NA,"alpha_crm",0,0,0.0714,28,1,1,2,0.3,0.3,0.2674,NA,NA,NA,43.8,10.1775,10.1775,0,29.7405,29.7405,1.2,434.3864,2000,2000,"15,20,30,35,45",1.4142,61,NA,NA,NA,NA,NA,NA,NA,NA
4,"CRM","crm_alpha_crm",NA,NA,"alpha_crm",0,0,0.0714,28,1,1,3,0.38,0.38,0.3676,NA,NA,NA,28.3,6.93,6.93,0,29.7405,29.7405,1.2,434.3864,2000,2000,"15,20,30,35,45",1.4142,61,NA,NA,NA,NA,NA,NA,NA,NA
4,"CRM","crm_alpha_crm",NA,NA,"alpha_crm",0,0,0.0714,28,1,1,4,0.45,0.45,0.4155,NA,NA,NA,9.3,2.8575,2.8575,0,29.7405,29.7405,1.2,434.3864,2000,2000,"15,20,30,35,45",1.4142,61,NA,NA,NA,NA,NA,NA,NA,NA
4,"CRM","crm_alpha_crm",NA,NA,"alpha_crm",0,0,0.0714,28,1,1,5,0.55,0.55,0.5097,NA,NA,NA,1.45,0.771,0.771,0,29.7405,29.7405,1.2,434.3864,2000,2000,"15,20,30,35,45",1.4142,61,NA,NA,NA,NA,NA,NA,NA,NA
4,"CRM","crm_cumu_crm",NA,NA,"cumu_crm",0,0,0.0714,28,1,1,1,0.15,0.15,0.1778,NA,NA,NA,11.8,6.3495,6.3495,0,29.9085,29.9085,0.35,436.4289,2000,2000,NA,NA,NA,"0.15811388,0.47434165,0.79056942,1.10679718,1.42302495",-2,2,1,1.83,1.21,1,0
4,"CRM","crm_cumu_crm",NA,NA,"cumu_crm",0,0,0.0714,28,1,1,2,0.3,0.3,0.2751,NA,NA,NA,49.15,12.1845,12.1845,0,29.9085,29.9085,0.35,436.4289,2000,2000,NA,NA,NA,"0.15811388,0.47434165,0.79056942,1.10679718,1.42302495",-2,2,1,1.83,1.21,1,0
4,"CRM","crm_cumu_crm",NA,NA,"cumu_crm",0,0,0.0714,28,1,1,3,0.38,0.38,0.3978,NA,NA,NA,28.8,7.716,7.716,0,29.9085,29.9085,0.35,436.4289,2000,2000,NA,NA,NA,"0.15811388,0.47434165,0.79056942,1.10679718,1.42302495",-2,2,1,1.83,1.21,1,0
4,"CRM","crm_cumu_crm",NA,NA,"cumu_crm",0,0,0.0714,28,1,1,4,0.45,0.45,0.5199,NA,NA,NA,8.4,2.9235,2.9235,0,29.9085,29.9085,0.35,436.4289,2000,2000,NA,NA,NA,"0.15811388,0.47434165,0.79056942,1.10679718,1.42302495",-2,2,1,1.83,1.21,1,0
4,"CRM","crm_cumu_crm",NA,NA,"cumu_crm",0,0,0.0714,28,1,1,5,0.55,0.55,0.624,NA,NA,NA,1.5,0.735,0.735,0,29.9085,29.9085,0.35,436.4289,2000,2000,NA,NA,NA,"0.15811388,0.47434165,0.79056942,1.10679718,1.42302495",-2,2,1,1.83,1.21,1,0
4,"CRM","crm_fixed",NA,NA,"fixed",0,0,0.0714,28,2,1,1,0.15,0.15,0.2145,0,NA,NA,16.25,9.0555,9.0555,0,29.7465,21.8345,1.1,355.1483,2000,2000,NA,NA,NA,NA,NA,NA,NA,NA,NA,NA,NA
4,"CRM","crm_fixed",NA,NA,"fixed",0,0,0.0714,28,2,1,2,0.3,0.3,0.2674,NA,NA,NA,43.75,10.1775,10.1775,5.407,29.7465,21.8345,1.1,355.1483,2000,2000,NA,NA,NA,NA,NA,NA,NA,NA,NA,NA,NA
4,"CRM","crm_fixed",NA,NA,"fixed",0,0,0.0714,28,2,1,3,0.38,0.38,0.3676,NA,NA,NA,28.25,6.8775,6.8775,0.943,29.7465,21.8345,1.1,355.1483,2000,2000,NA,NA,NA,NA,NA,NA,NA,NA,NA,NA,NA
4,"CRM","crm_fixed",NA,NA,"fixed",0,0,0.0714,28,2,1,4,0.45,0.45,0.4158,NA,NA,NA,9.25,2.883,2.883,1.45,29.7465,21.8345,1.1,355.1483,2000,2000,NA,NA,NA,NA,NA,NA,NA,NA,NA,NA,NA
4,"CRM","crm_fixed",NA,NA,"fixed",0,0,0.0714,28,2,1,5,0.55,0.55,0.5098,NA,NA,NA,1.4,0.753,0.753,0.112,29.7465,21.8345,1.1,355.1483,2000,2000,NA,NA,NA,NA,NA,NA,NA,NA,NA,NA,NA
4,"CRM","crm_level",NA,NA,"level",0,0,0.0714,28,2,1,1,0.15,0.15,0.2076,NA,NA,NA,13.8,8.2035,8.2035,0,29.7465,21.8315,1.1,354.9826,2000,2000,NA,NA,NA,NA,NA,NA,NA,NA,NA,NA,NA
4,"CRM","crm_level",NA,NA,"level",0,0,0.0714,28,2,1,2,0.3,0.3,0.2598,0.0502,NA,NA,42.15,9.918,9.918,5.063,29.7465,21.8315,1.1,354.9826,2000,2000,NA,NA,NA,NA,NA,NA,NA,NA,NA,NA,NA
4,"CRM","crm_level",NA,NA,"level",0,0,0.0714,28,2,1,3,0.38,0.38,0.359,0.0873,NA,NA,30.4,7.101,7.101,1.1,29.7465,21.8315,1.1,354.9826,2000,2000,NA,NA,NA,NA,NA,NA,NA,NA,NA,NA,NA
4,"CRM","crm_level",NA,NA,"level",0,0,0.0714,28,2,1,4,0.45,0.45,0.407,0.1179,NA,NA,10.3,3.309,3.309,1.5945,29.7465,21.8315,1.1,354.9826,2000,2000,NA,NA,NA,NA,NA,NA,NA,NA,NA,NA,NA
4,"CRM","crm_level",NA,NA,"level",0,0,0.0714,28,2,1,5,0.55,0.55,0.5011,0.1373,NA,NA,2.25,1.215,1.215,0.1575,29.7465,21.8315,1.1,354.9826,2000,2000,NA,NA,NA,NA,NA,NA,NA,NA,NA,NA,NA
4,"CRM","crm_random",NA,NA,"random",0,0,0.0714,28,2,1,1,0.15,0.15,0.2079,0.0516,NA,NA,14.05,8.1975,8.1975,0,29.7525,21.8215,1.05,355.1994,2000,2000,NA,NA,NA,NA,NA,NA,NA,NA,NA,NA,NA
4,"CRM","crm_random",NA,NA,"random",0,0,0.0714,28,2,1,2,0.3,0.3,0.26,NA,NA,NA,41.55,9.8355,9.8355,5.073,29.7525,21.8215,1.05,355.1994,2000,2000,NA,NA,NA,NA,NA,NA,NA,NA,NA,NA,NA
4,"CRM","crm_random",NA,NA,"random",0,0,0.0714,28,2,1,3,0.38,0.38,0.3591,NA,NA,NA,30.35,7.1925,7.1925,1.1005,29.7525,21.8215,1.05,355.1994,2000,2000,NA,NA,NA,NA,NA,NA,NA,NA,NA,NA,NA
4,"CRM","crm_random",NA,NA,"random",0,0,0.0714,28,2,1,4,0.45,0.45,0.4071,NA,NA,NA,10.6,3.2955,3.2955,1.585,29.7525,21.8215,1.05,355.1994,2000,2000,NA,NA,NA,NA,NA,NA,NA,NA,NA,NA,NA
4,"CRM","crm_random",NA,NA,"random",0,0,0.0714,28,2,1,5,0.55,0.55,0.5011,NA,NA,NA,2.4,1.2315,1.2315,0.1725,29.7525,21.8215,1.05,355.1994,2000,2000,NA,NA,NA,NA,NA,NA,NA,NA,NA,NA,NA
4,"CRM","crm_alpha_crm",NA,NA,"alpha_crm",0,0,0.0714,28,2,1,1,0.15,0.15,0.2014,NA,NA,NA,12.85,8.103,8.103,0,29.7465,21.893,1.15,354.9861,2000,2000,"15,20,30,35,45",1.4142,61,NA,NA,NA,NA,NA,NA,NA,NA
4,"CRM","crm_alpha_crm",NA,NA,"alpha_crm",0,0,0.0714,28,2,1,2,0.3,0.3,0.2529,NA,NA,NA,37.85,9.6015,9.6015,5.002,29.7465,21.893,1.15,354.9861,2000,2000,"15,20,30,35,45",1.4142,61,NA,NA,NA,NA,NA,NA,NA,NA
4,"CRM","crm_alpha_crm",NA,NA,"alpha_crm",0,0,0.0714,28,2,1,3,0.38,0.38,0.3517,NA,NA,NA,32.45,6.9375,6.9375,1.153,29.7465,21.893,1.15,354.9861,2000,2000,"15,20,30,35,45",1.4142,61,NA,NA,NA,NA,NA,NA,NA,NA
4,"CRM","crm_alpha_crm",NA,NA,"alpha_crm",0,0,0.0714,28,2,1,4,0.45,0.45,0.3997,NA,NA,NA,12.95,3.6165,3.6165,1.4935,29.7465,21.893,1.15,354.9861,2000,2000,"15,20,30,35,45",1.4142,61,NA,NA,NA,NA,NA,NA,NA,NA
4,"CRM","crm_alpha_crm",NA,NA,"alpha_crm",0,0,0.0714,28,2,1,5,0.55,0.55,0.4941,NA,NA,NA,2.75,1.488,1.488,0.205,29.7465,21.893,1.15,354.9861,2000,2000,"15,20,30,35,45",1.4142,61,NA,NA,NA,NA,NA,NA,NA,NA
4,"CRM","crm_cumu_crm",NA,NA,"cumu_crm",0,0,0.0714,28,2,1,1,0.15,0.15,0.1718,NA,NA,NA,9.5,6.0345,6.0345,0,29.9085,23.0525,0.35,363.3015,2000,2000,NA,NA,NA,"0.15811388,0.47434165,0.79056942,1.10679718,1.42302495",-2,2,1,1.83,1.21,1,0
4,"CRM","crm_cumu_crm",NA,NA,"cumu_crm",0,0,0.0714,28,2,1,2,0.3,0.3,0.2617,NA,NA,NA,42.65,11.496,11.496,3.741,29.9085,23.0525,0.35,363.3015,2000,2000,NA,NA,NA,"0.15811388,0.47434165,0.79056942,1.10679718,1.42302495",-2,2,1,1.83,1.21,1,0
4,"CRM","crm_cumu_crm",NA,NA,"cumu_crm",0,0,0.0714,28,2,1,3,0.38,0.38,0.3758,NA,NA,NA,32.35,7.656,7.656,1.4965,29.9085,23.0525,0.35,363.3015,2000,2000,NA,NA,NA,"0.15811388,0.47434165,0.79056942,1.10679718,1.42302495",-2,2,1,1.83,1.21,1,0
4,"CRM","crm_cumu_crm",NA,NA,"cumu_crm",0,0,0.0714,28,2,1,4,0.45,0.45,0.4919,NA,NA,NA,11.9,3.4695,3.4695,1.4025,29.9085,23.0525,0.35,363.3015,2000,2000,NA,NA,NA,"0.15811388,0.47434165,0.79056942,1.10679718,1.42302495",-2,2,1,1.83,1.21,1,0
4,"CRM","crm_cumu_crm",NA,NA,"cumu_crm",0,0,0.0714,28,2,1,5,0.55,0.55,0.5938,NA,NA,NA,3.25,1.2525,1.2525,0.216,29.9085,23.0525,0.35,363.3015,2000,2000,NA,NA,NA,"0.15811388,0.47434165,0.79056942,1.10679718,1.42302495",-2,2,1,1.83,1.21,1,0
4,"CRM","crm_fixed",NA,NA,"fixed",0,0,0.0714,28,3,1,1,0.15,0.15,0.2147,0,NA,NA,16.65,9.0615,9.0615,0,29.7465,20.2835,1.1,342.7111,2000,2000,NA,NA,NA,NA,NA,NA,NA,NA,NA,NA,NA
4,"CRM","crm_fixed",NA,NA,"fixed",0,0,0.0714,28,3,1,2,0.3,0.3,0.2677,NA,NA,NA,43.45,10.1655,10.1655,5.402,29.7465,20.2835,1.1,342.7111,2000,2000,NA,NA,NA,NA,NA,NA,NA,NA,NA,NA,NA
4,"CRM","crm_fixed",NA,NA,"fixed",0,0,0.0714,28,3,1,3,0.38,0.38,0.3678,NA,NA,NA,28.45,6.9105,6.9105,2.954,29.7465,20.2835,1.1,342.7111,2000,2000,NA,NA,NA,NA,NA,NA,NA,NA,NA,NA,NA
4,"CRM","crm_fixed",NA,NA,"fixed",0,0,0.0714,28,3,1,4,0.45,0.45,0.416,NA,NA,NA,8.95,2.862,2.862,0.782,29.7465,20.2835,1.1,342.7111,2000,2000,NA,NA,NA,NA,NA,NA,NA,NA,NA,NA,NA
4,"CRM","crm_fixed",NA,NA,"fixed",0,0,0.0714,28,3,1,5,0.55,0.55,0.51,NA,NA,NA,1.4,0.747,0.747,0.325,29.7465,20.2835,1.1,342.7111,2000,2000,NA,NA,NA,NA,NA,NA,NA,NA,NA,NA,NA
4,"CRM","crm_level",NA,NA,"level",0,0,0.0714,28,3,1,1,0.15,0.15,0.2053,NA,NA,NA,13.75,8.088,8.088,0,29.7525,20.1115,1.05,342.2544,2000,2000,NA,NA,NA,NA,NA,NA,NA,NA,NA,NA,NA
4,"CRM","crm_level",NA,NA,"level",0,0,0.0714,28,3,1,2,0.3,0.3,0.2571,0.0507,NA,NA,40.45,9.462,9.462,5.036,29.7525,20.1115,1.05,342.2544,2000,2000,NA,NA,NA,NA,NA,NA,NA,NA,NA,NA,NA
4,"CRM","crm_level",NA,NA,"level",0,0,0.0714,28,3,1,3,0.38,0.38,0.3559,0.0843,NA,NA,30.3,7.197,7.197,3.118,29.7525,20.1115,1.05,342.2544,2000,2000,NA,NA,NA,NA,NA,NA,NA,NA,NA,NA,NA
4,"CRM","crm_level",NA,NA,"level",0,0,0.0714,28,3,1,4,0.45,0.45,0.4038,0.1127,NA,NA,11.45,3.639,3.639,0.913,29.7525,20.1115,1.05,342.2544,2000,2000,NA,NA,NA,NA,NA,NA,NA,NA,NA,NA,NA
4,"CRM","crm_level",NA,NA,"level",0,0,0.0714,28,3,1,5,0.55,0.55,0.4978,0.1381,NA,NA,3,1.3665,1.3665,0.574,29.7525,20.1115,1.05,342.2544,2000,2000,NA,NA,NA,NA,NA,NA,NA,NA,NA,NA,NA
4,"CRM","crm_random",NA,NA,"random",0,0,0.0714,28,3,1,1,0.15,0.15,0.207,0.0515,NA,NA,14,8.136,8.136,0,29.7525,20.039,1.05,342.0817,2000,2000,NA,NA,NA,NA,NA,NA,NA,NA,NA,NA,NA
4,"CRM","crm_random",NA,NA,"random",0,0,0.0714,28,3,1,2,0.3,0.3,0.259,NA,NA,NA,40.6,9.444,9.444,5.0205,29.7525,20.039,1.05,342.0817,2000,2000,NA,NA,NA,NA,NA,NA,NA,NA,NA,NA,NA
4,"CRM","crm_random",NA,NA,"random",0,0,0.0714,28,3,1,3,0.38,0.38,0.3579,NA,NA,NA,31.65,7.242,7.242,3.1665,29.7525,20.039,1.05,342.0817,2000,2000,NA,NA,NA,NA,NA,NA,NA,NA,NA,NA,NA
4,"CRM","crm_random",NA,NA,"random",0,0,0.0714,28,3,1,4,0.45,0.45,0.4059,NA,NA,NA,10.45,3.621,3.621,0.9595,29.7525,20.039,1.05,342.0817,2000,2000,NA,NA,NA,NA,NA,NA,NA,NA,NA,NA,NA
4,"CRM","crm_random",NA,NA,"random",0,0,0.0714,28,3,1,5,0.55,0.55,0.4999,NA,NA,NA,2.25,1.3095,1.3095,0.567,29.7525,20.039,1.05,342.0817,2000,2000,NA,NA,NA,NA,NA,NA,NA,NA,NA,NA,NA
4,"CRM","crm_alpha_crm",NA,NA,"alpha_crm",0,0,0.0714,28,3,1,1,0.15,0.15,0.1965,NA,NA,NA,12.3,7.8885,7.8885,0,29.7465,20.2585,1.15,342.6932,2000,2000,"15,20,30,35,45",1.4142,61,NA,NA,NA,NA,NA,NA,NA,NA
4,"CRM","crm_alpha_crm",NA,NA,"alpha_crm",0,0,0.0714,28,3,1,2,0.3,0.3,0.2474,NA,NA,NA,34.7,8.8905,8.8905,4.8925,29.7465,20.2585,1.15,342.6932,2000,2000,"15,20,30,35,45",1.4142,61,NA,NA,NA,NA,NA,NA,NA,NA
4,"CRM","crm_alpha_crm",NA,NA,"alpha_crm",0,0,0.0714,28,3,1,3,0.38,0.38,0.3455,NA,NA,NA,32.9,6.7905,6.7905,3.0855,29.7465,20.2585,1.15,342.6932,2000,2000,"15,20,30,35,45",1.4142,61,NA,NA,NA,NA,NA,NA,NA,NA
4,"CRM","crm_alpha_crm",NA,NA,"alpha_crm",0,0,0.0714,28,3,1,4,0.45,0.45,0.3934,NA,NA,NA,15.3,4.2165,4.2165,0.8105,29.7465,20.2585,1.15,342.6932,2000,2000,"15,20,30,35,45",1.4142,61,NA,NA,NA,NA,NA,NA,NA,NA
4,"CRM","crm_alpha_crm",NA,NA,"alpha_crm",0,0,0.0714,28,3,1,5,0.55,0.55,0.4879,NA,NA,NA,3.65,1.9605,1.9605,0.6995,29.7465,20.2585,1.15,342.6932,2000,2000,"15,20,30,35,45",1.4142,61,NA,NA,NA,NA,NA,NA,NA,NA
4,"CRM","crm_cumu_crm",NA,NA,"cumu_crm",0,0,0.0714,28,3,1,1,0.15,0.15,0.1694,NA,NA,NA,9.05,5.931,5.931,0,29.9085,21.408,0.35,347.9748,2000,2000,NA,NA,NA,"0.15811388,0.47434165,0.79056942,1.10679718,1.42302495",-2,2,1,1.83,1.21,1,0
4,"CRM","crm_cumu_crm",NA,NA,"cumu_crm",0,0,0.0714,28,3,1,2,0.3,0.3,0.2558,NA,NA,NA,39.6,10.806,10.806,3.722,29.9085,21.408,0.35,347.9748,2000,2000,NA,NA,NA,"0.15811388,0.47434165,0.79056942,1.10679718,1.42302495",-2,2,1,1.83,1.21,1,0
4,"CRM","crm_cumu_crm",NA,NA,"cumu_crm",0,0,0.0714,28,3,1,3,0.38,0.38,0.3657,NA,NA,NA,32.15,7.8915,7.8915,3.1355,29.9085,21.408,0.35,347.9748,2000,2000,NA,NA,NA,"0.15811388,0.47434165,0.79056942,1.10679718,1.42302495",-2,2,1,1.83,1.21,1,0
4,"CRM","crm_cumu_crm",NA,NA,"cumu_crm",0,0,0.0714,28,3,1,4,0.45,0.45,0.4788,NA,NA,NA,14.3,3.732,3.732,1.0415,29.9085,21.408,0.35,347.9748,2000,2000,NA,NA,NA,"0.15811388,0.47434165,0.79056942,1.10679718,1.42302495",-2,2,1,1.83,1.21,1,0
4,"CRM","crm_cumu_crm",NA,NA,"cumu_crm",0,0,0.0714,28,3,1,5,0.55,0.55,0.5796,NA,NA,NA,4.55,1.548,1.548,0.6015,29.9085,21.408,0.35,347.9748,2000,2000,NA,NA,NA,"0.15811388,0.47434165,0.79056942,1.10679718,1.42302495",-2,2,1,1.83,1.21,1,0
4,"CRM","crm_fixed",NA,NA,"fixed",0.3,0,0.0714,28,1,1,1,0.15,0.15,0.2145,0,NA,NA,16.15,9.0555,9.0555,0,29.7465,29.7465,1.1,434.4602,2000,2000,NA,NA,NA,NA,NA,NA,NA,NA,NA,NA,NA
4,"CRM","crm_fixed",NA,NA,"fixed",0.3,0,0.0714,28,1,1,2,0.3,0.345,0.2674,NA,NA,NA,43.95,10.1385,10.1385,0,29.7465,29.7465,1.1,434.4602,2000,2000,NA,NA,NA,NA,NA,NA,NA,NA,NA,NA,NA
4,"CRM","crm_fixed",NA,NA,"fixed",0.3,0,0.0714,28,1,1,3,0.38,0.47,0.3675,NA,NA,NA,28.2,6.912,6.912,0,29.7465,29.7465,1.1,434.4602,2000,2000,NA,NA,NA,NA,NA,NA,NA,NA,NA,NA,NA
4,"CRM","crm_fixed",NA,NA,"fixed",0.3,0,0.0714,28,1,1,4,0.45,0.564,0.4157,NA,NA,NA,9.15,2.868,2.868,0,29.7465,29.7465,1.1,434.4602,2000,2000,NA,NA,NA,NA,NA,NA,NA,NA,NA,NA,NA
4,"CRM","crm_fixed",NA,NA,"fixed",0.3,0,0.0714,28,1,1,5,0.55,0.685,0.5097,NA,NA,NA,1.45,0.7725,0.7725,0,29.7465,29.7465,1.1,434.4602,2000,2000,NA,NA,NA,NA,NA,NA,NA,NA,NA,NA,NA
4,"CRM","crm_level",NA,NA,"level",0.3,0,0.0714,28,1,1,1,0.15,0.15,0.2143,NA,NA,NA,16.05,9.039,9.039,0,29.7465,29.7465,1.1,434.4602,2000,2000,NA,NA,NA,NA,NA,NA,NA,NA,NA,NA,NA
4,"CRM","crm_level",NA,NA,"level",0.3,0,0.0714,28,1,1,2,0.3,0.345,0.2672,0.0804,NA,NA,44.2,10.137,10.137,0,29.7465,29.7465,1.1,434.4602,2000,2000,NA,NA,NA,NA,NA,NA,NA,NA,NA,NA,NA
4,"CRM","crm_level",NA,NA,"level",0.3,0,0.0714,28,1,1,3,0.38,0.47,0.3673,0.0987,NA,NA,28,6.9225,6.9225,0,29.7465,29.7465,1.1,434.4602,2000,2000,NA,NA,NA,NA,NA,NA,NA,NA,NA,NA,NA
4,"CRM","crm_level",NA,NA,"level",0.3,0,0.0714,28,1,1,4,0.45,0.564,0.4155,0.1216,NA,NA,9.2,2.886,2.886,0,29.7465,29.7465,1.1,434.4602,2000,2000,NA,NA,NA,NA,NA,NA,NA,NA,NA,NA,NA
4,"CRM","crm_level",NA,NA,"level",0.3,0,0.0714,28,1,1,5,0.55,0.685,0.5095,0.1424,NA,NA,1.45,0.762,0.762,0,29.7465,29.7465,1.1,434.4602,2000,2000,NA,NA,NA,NA,NA,NA,NA,NA,NA,NA,NA
4,"CRM","crm_random",NA,NA,"random",0.3,0,0.0714,28,1,1,1,0.15,0.15,0.2144,0.0806,NA,NA,16.05,9.078,9.078,0,29.7525,29.7525,1.05,434.5266,2000,2000,NA,NA,NA,NA,NA,NA,NA,NA,NA,NA,NA
4,"CRM","crm_random",NA,NA,"random",0.3,0,0.0714,28,1,1,2,0.3,0.345,0.2673,NA,NA,NA,43.85,10.134,10.134,0,29.7525,29.7525,1.05,434.5266,2000,2000,NA,NA,NA,NA,NA,NA,NA,NA,NA,NA,NA
4,"CRM","crm_random",NA,NA,"random",0.3,0,0.0714,28,1,1,3,0.38,0.47,0.3674,NA,NA,NA,28.35,6.8865,6.8865,0,29.7525,29.7525,1.05,434.5266,2000,2000,NA,NA,NA,NA,NA,NA,NA,NA,NA,NA,NA
4,"CRM","crm_random",NA,NA,"random",0.3,0,0.0714,28,1,1,4,0.45,0.564,0.4156,NA,NA,NA,9.3,2.892,2.892,0,29.7525,29.7525,1.05,434.5266,2000,2000,NA,NA,NA,NA,NA,NA,NA,NA,NA,NA,NA
4,"CRM","crm_random",NA,NA,"random",0.3,0,0.0714,28,1,1,5,0.55,0.685,0.5096,NA,NA,NA,1.4,0.762,0.762,0,29.7525,29.7525,1.05,434.5266,2000,2000,NA,NA,NA,NA,NA,NA,NA,NA,NA,NA,NA
4,"CRM","crm_alpha_crm",NA,NA,"alpha_crm",0.3,0,0.0714,28,1,1,1,0.15,0.15,0.2145,NA,NA,NA,15.95,9.0045,9.0045,0,29.7405,29.7405,1.2,434.3864,2000,2000,"15,20,30,35,45",1.4142,61,NA,NA,NA,NA,NA,NA,NA,NA
4,"CRM","crm_alpha_crm",NA,NA,"alpha_crm",0.3,0,0.0714,28,1,1,2,0.3,0.345,0.2674,NA,NA,NA,43.8,10.1775,10.1775,0,29.7405,29.7405,1.2,434.3864,2000,2000,"15,20,30,35,45",1.4142,61,NA,NA,NA,NA,NA,NA,NA,NA
4,"CRM","crm_alpha_crm",NA,NA,"alpha_crm",0.3,0,0.0714,28,1,1,3,0.38,0.47,0.3676,NA,NA,NA,28.3,6.93,6.93,0,29.7405,29.7405,1.2,434.3864,2000,2000,"15,20,30,35,45",1.4142,61,NA,NA,NA,NA,NA,NA,NA,NA
4,"CRM","crm_alpha_crm",NA,NA,"alpha_crm",0.3,0,0.0714,28,1,1,4,0.45,0.564,0.4155,NA,NA,NA,9.3,2.8575,2.8575,0,29.7405,29.7405,1.2,434.3864,2000,2000,"15,20,30,35,45",1.4142,61,NA,NA,NA,NA,NA,NA,NA,NA
4,"CRM","crm_alpha_crm",NA,NA,"alpha_crm",0.3,0,0.0714,28,1,1,5,0.55,0.685,0.5097,NA,NA,NA,1.45,0.771,0.771,0,29.7405,29.7405,1.2,434.3864,2000,2000,"15,20,30,35,45",1.4142,61,NA,NA,NA,NA,NA,NA,NA,NA
4,"CRM","crm_cumu_crm",NA,NA,"cumu_crm",0.3,0,0.0714,28,1,1,1,0.15,0.15,0.1775,NA,NA,NA,11.8,6.3225,6.3225,0,29.9085,29.9085,0.35,436.4289,2000,2000,NA,NA,NA,"0.15811388,0.47434165,0.79056942,1.10679718,1.42302495",-2,2,1,1.83,1.21,1,0
4,"CRM","crm_cumu_crm",NA,NA,"cumu_crm",0.3,0,0.0714,28,1,1,2,0.3,0.345,0.2747,NA,NA,NA,49.1,12.216,12.216,0,29.9085,29.9085,0.35,436.4289,2000,2000,NA,NA,NA,"0.15811388,0.47434165,0.79056942,1.10679718,1.42302495",-2,2,1,1.83,1.21,1,0
4,"CRM","crm_cumu_crm",NA,NA,"cumu_crm",0.3,0,0.0714,28,1,1,3,0.38,0.47,0.3974,NA,NA,NA,28.55,7.6635,7.6635,0,29.9085,29.9085,0.35,436.4289,2000,2000,NA,NA,NA,"0.15811388,0.47434165,0.79056942,1.10679718,1.42302495",-2,2,1,1.83,1.21,1,0
4,"CRM","crm_cumu_crm",NA,NA,"cumu_crm",0.3,0,0.0714,28,1,1,4,0.45,0.564,0.5194,NA,NA,NA,8.6,2.9295,2.9295,0,29.9085,29.9085,0.35,436.4289,2000,2000,NA,NA,NA,"0.15811388,0.47434165,0.79056942,1.10679718,1.42302495",-2,2,1,1.83,1.21,1,0
4,"CRM","crm_cumu_crm",NA,NA,"cumu_crm",0.3,0,0.0714,28,1,1,5,0.55,0.685,0.6235,NA,NA,NA,1.6,0.777,0.777,0,29.9085,29.9085,0.35,436.4289,2000,2000,NA,NA,NA,"0.15811388,0.47434165,0.79056942,1.10679718,1.42302495",-2,2,1,1.83,1.21,1,0
4,"CRM","crm_fixed",NA,NA,"fixed",0.3,0,0.0714,28,2,1,1,0.15,0.15,0.2257,0,NA,NA,20.45,9.8985,9.8985,0,29.7525,21.8325,1.05,354.4051,2000,2000,NA,NA,NA,NA,NA,NA,NA,NA,NA,NA,NA
4,"CRM","crm_fixed",NA,NA,"fixed",0.3,0,0.0714,28,2,1,2,0.3,0.345,0.2797,NA,NA,NA,48.5,10.5615,10.5615,5.6345,29.7525,21.8325,1.05,354.4051,2000,2000,NA,NA,NA,NA,NA,NA,NA,NA,NA,NA,NA
4,"CRM","crm_fixed",NA,NA,"fixed",0.3,0,0.0714,28,2,1,3,0.38,0.47,0.3807,NA,NA,NA,23.35,6.588,6.588,0.945,29.7525,21.8325,1.05,354.4051,2000,2000,NA,NA,NA,NA,NA,NA,NA,NA,NA,NA,NA
4,"CRM","crm_fixed",NA,NA,"fixed",0.3,0,0.0714,28,2,1,4,0.45,0.564,0.429,NA,NA,NA,6.15,2.283,2.283,1.265,29.7525,21.8325,1.05,354.4051,2000,2000,NA,NA,NA,NA,NA,NA,NA,NA,NA,NA,NA
4,"CRM","crm_fixed",NA,NA,"fixed",0.3,0,0.0714,28,2,1,5,0.55,0.685,0.5224,NA,NA,NA,0.5,0.4215,0.4215,0.0755,29.7525,21.8325,1.05,354.4051,2000,2000,NA,NA,NA,NA,NA,NA,NA,NA,NA,NA,NA
4,"CRM","crm_level",NA,NA,"level",0.3,0,0.0714,28,2,1,1,0.15,0.15,0.2175,NA,NA,NA,16.45,8.7015,8.7015,0,29.7465,21.824,1.1,355.0719,2000,2000,NA,NA,NA,NA,NA,NA,NA,NA,NA,NA,NA
4,"CRM","crm_level",NA,NA,"level",0.3,0,0.0714,28,2,1,2,0.3,0.345,0.2705,0.0618,NA,NA,46.2,10.3665,10.3665,5.273,29.7465,21.824,1.1,355.0719,2000,2000,NA,NA,NA,NA,NA,NA,NA,NA,NA,NA,NA
4,"CRM","crm_level",NA,NA,"level",0.3,0,0.0714,28,2,1,3,0.38,0.47,0.3704,0.0935,NA,NA,27.1,6.972,6.972,1.1125,29.7465,21.824,1.1,355.0719,2000,2000,NA,NA,NA,NA,NA,NA,NA,NA,NA,NA,NA
4,"CRM","crm_level",NA,NA,"level",0.3,0,0.0714,28,2,1,4,0.45,0.564,0.4185,0.1305,NA,NA,8,2.8095,2.8095,1.4085,29.7465,21.824,1.1,355.0719,2000,2000,NA,NA,NA,NA,NA,NA,NA,NA,NA,NA,NA
4,"CRM","crm_level",NA,NA,"level",0.3,0,0.0714,28,2,1,5,0.55,0.685,0.5121,0.1412,NA,NA,1.15,0.897,0.897,0.1285,29.7465,21.824,1.1,355.0719,2000,2000,NA,NA,NA,NA,NA,NA,NA,NA,NA,NA,NA
4,"CRM","crm_random",NA,NA,"random",0.3,0,0.0714,28,2,1,1,0.15,0.15,0.2182,0.0683,NA,NA,17.1,8.7255,8.7255,0,29.7555,21.7535,1.05,354.8863,2000,2000,NA,NA,NA,NA,NA,NA,NA,NA,NA,NA,NA
4,"CRM","crm_random",NA,NA,"random",0.3,0,0.0714,28,2,1,2,0.3,0.345,0.2711,NA,NA,NA,45.95,10.407,10.407,5.3055,29.7555,21.7535,1.05,354.8863,2000,2000,NA,NA,NA,NA,NA,NA,NA,NA,NA,NA,NA
4,"CRM","crm_random",NA,NA,"random",0.3,0,0.0714,28,2,1,3,0.38,0.47,0.371,NA,NA,NA,26.6,6.936,6.936,1.1475,29.7555,21.7535,1.05,354.8863,2000,2000,NA,NA,NA,NA,NA,NA,NA,NA,NA,NA,NA
4,"CRM","crm_random",NA,NA,"random",0.3,0,0.0714,28,2,1,4,0.45,0.564,0.419,NA,NA,NA,7.85,2.838,2.838,1.4255,29.7555,21.7535,1.05,354.8863,2000,2000,NA,NA,NA,NA,NA,NA,NA,NA,NA,NA,NA
4,"CRM","crm_random",NA,NA,"random",0.3,0,0.0714,28,2,1,5,0.55,0.685,0.5125,NA,NA,NA,1.45,0.849,0.849,0.1235,29.7555,21.7535,1.05,354.8863,2000,2000,NA,NA,NA,NA,NA,NA,NA,NA,NA,NA,NA
4,"CRM","crm_alpha_crm",NA,NA,"alpha_crm",0.3,0,0.0714,28,2,1,1,0.15,0.15,0.2122,NA,NA,NA,15.5,8.6775,8.6775,0,29.7465,21.774,1.15,354.4014,2000,2000,"15,20,30,35,45",1.4142,61,NA,NA,NA,NA,NA,NA,NA,NA
4,"CRM","crm_alpha_crm",NA,NA,"alpha_crm",0.3,0,0.0714,28,2,1,2,0.3,0.345,0.2648,NA,NA,NA,42.95,10.3035,10.3035,5.2145,29.7465,21.774,1.15,354.4014,2000,2000,"15,20,30,35,45",1.4142,61,NA,NA,NA,NA,NA,NA,NA,NA
4,"CRM","crm_alpha_crm",NA,NA,"alpha_crm",0.3,0,0.0714,28,2,1,3,0.38,0.47,0.3646,NA,NA,NA,29.85,6.747,6.747,1.24,29.7465,21.774,1.15,354.4014,2000,2000,"15,20,30,35,45",1.4142,61,NA,NA,NA,NA,NA,NA,NA,NA
4,"CRM","crm_alpha_crm",NA,NA,"alpha_crm",0.3,0,0.0714,28,2,1,4,0.45,0.564,0.4127,NA,NA,NA,8.3,3.0495,3.0495,1.3365,29.7465,21.774,1.15,354.4014,2000,2000,"15,20,30,35,45",1.4142,61,NA,NA,NA,NA,NA,NA,NA,NA
4,"CRM","crm_alpha_crm",NA,NA,"alpha_crm",0.3,0,0.0714,28,2,1,5,0.55,0.685,0.5067,NA,NA,NA,2.25,0.969,0.969,0.1815,29.7465,21.774,1.15,354.4014,2000,2000,"15,20,30,35,45",1.4142,61,NA,NA,NA,NA,NA,NA,NA,NA
4,"CRM","crm_cumu_crm",NA,NA,"cumu_crm",0.3,0,0.0714,28,2,1,1,0.15,0.15,0.177,NA,NA,NA,12.4,6.5985,6.5985,0,29.9085,23.087,0.35,363.1244,2000,2000,NA,NA,NA,"0.15811388,0.47434165,0.79056942,1.10679718,1.42302495",-2,2,1,1.83,1.21,1,0
4,"CRM","crm_cumu_crm",NA,NA,"cumu_crm",0.3,0,0.0714,28,2,1,2,0.3,0.345,0.2738,NA,NA,NA,47.85,12.3075,12.3075,3.858,29.9085,23.087,0.35,363.1244,2000,2000,NA,NA,NA,"0.15811388,0.47434165,0.79056942,1.10679718,1.42302495",-2,2,1,1.83,1.21,1,0
4,"CRM","crm_cumu_crm",NA,NA,"cumu_crm",0.3,0,0.0714,28,2,1,3,0.38,0.47,0.395,NA,NA,NA,28,7.2285,7.2285,1.544,29.9085,23.087,0.35,363.1244,2000,2000,NA,NA,NA,"0.15811388,0.47434165,0.79056942,1.10679718,1.42302495",-2,2,1,1.83,1.21,1,0
4,"CRM","crm_cumu_crm",NA,NA,"cumu_crm",0.3,0,0.0714,28,2,1,4,0.45,0.564,0.5148,NA,NA,NA,8.8,2.934,2.934,1.2265,29.9085,23.087,0.35,363.1244,2000,2000,NA,NA,NA,"0.15811388,0.47434165,0.79056942,1.10679718,1.42302495",-2,2,1,1.83,1.21,1,0
4,"CRM","crm_cumu_crm",NA,NA,"cumu_crm",0.3,0,0.0714,28,2,1,5,0.55,0.685,0.6169,NA,NA,NA,2.6,0.84,0.84,0.193,29.9085,23.087,0.35,363.1244,2000,2000,NA,NA,NA,"0.15811388,0.47434165,0.79056942,1.10679718,1.42302495",-2,2,1,1.83,1.21,1,0
4,"CRM","crm_fixed",NA,NA,"fixed",0.3,0,0.0714,28,3,1,1,0.15,0.15,0.2283,0,NA,NA,21.25,10.116,10.116,0,29.7465,20.3425,1.1,343.213,2000,2000,NA,NA,NA,NA,NA,NA,NA,NA,NA,NA,NA
4,"CRM","crm_fixed",NA,NA,"fixed",0.3,0,0.0714,28,3,1,2,0.3,0.345,0.2824,NA,NA,NA,49.8,10.839,10.839,5.732,29.7465,20.3425,1.1,343.213,2000,2000,NA,NA,NA,NA,NA,NA,NA,NA,NA,NA,NA
4,"CRM","crm_fixed",NA,NA,"fixed",0.3,0,0.0714,28,3,1,3,0.38,0.47,0.3836,NA,NA,NA,21.7,6.3315,6.3315,2.8215,29.7465,20.3425,1.1,343.213,2000,2000,NA,NA,NA,NA,NA,NA,NA,NA,NA,NA,NA
4,"CRM","crm_fixed",NA,NA,"fixed",0.3,0,0.0714,28,3,1,4,0.45,0.564,0.4319,NA,NA,NA,5.6,2.073,2.073,0.6555,29.7465,20.3425,1.1,343.213,2000,2000,NA,NA,NA,NA,NA,NA,NA,NA,NA,NA,NA
4,"CRM","crm_fixed",NA,NA,"fixed",0.3,0,0.0714,28,3,1,5,0.55,0.685,0.5252,NA,NA,NA,0.55,0.387,0.387,0.195,29.7465,20.3425,1.1,343.213,2000,2000,NA,NA,NA,NA,NA,NA,NA,NA,NA,NA,NA
4,"CRM","crm_level",NA,NA,"level",0.3,0,0.0714,28,3,1,1,0.15,0.15,0.2187,NA,NA,NA,18.3,8.7765,8.7765,0,29.7375,20.2235,1.2,342.2902,2000,2000,NA,NA,NA,NA,NA,NA,NA,NA,NA,NA,NA
4,"CRM","crm_level",NA,NA,"level",0.3,0,0.0714,28,3,1,2,0.3,0.345,0.2717,0.0615,NA,NA,45.35,10.1625,10.1625,5.2385,29.7375,20.2235,1.2,342.2902,2000,2000,NA,NA,NA,NA,NA,NA,NA,NA,NA,NA,NA
4,"CRM","crm_level",NA,NA,"level",0.3,0,0.0714,28,3,1,3,0.38,0.47,0.3717,0.0979,NA,NA,25.55,7.032,7.032,3.0445,29.7375,20.2235,1.2,342.2902,2000,2000,NA,NA,NA,NA,NA,NA,NA,NA,NA,NA,NA
4,"CRM","crm_level",NA,NA,"level",0.3,0,0.0714,28,3,1,4,0.45,0.564,0.4197,0.1266,NA,NA,8.7,2.916,2.916,0.8365,29.7375,20.2235,1.2,342.2902,2000,2000,NA,NA,NA,NA,NA,NA,NA,NA,NA,NA,NA
4,"CRM","crm_level",NA,NA,"level",0.3,0,0.0714,28,3,1,5,0.55,0.685,0.5133,0.1435,NA,NA,0.9,0.8505,0.8505,0.3945,29.7375,20.2235,1.2,342.2902,2000,2000,NA,NA,NA,NA,NA,NA,NA,NA,NA,NA,NA
4,"CRM","crm_random",NA,NA,"random",0.3,0,0.0714,28,3,1,1,0.15,0.15,0.2183,0.0705,NA,NA,17.4,8.7975,8.7975,0,29.7405,20.1615,1.15,342.2183,2000,2000,NA,NA,NA,NA,NA,NA,NA,NA,NA,NA,NA
4,"CRM","crm_random",NA,NA,"random",0.3,0,0.0714,28,3,1,2,0.3,0.345,0.2712,NA,NA,NA,45.8,10.1985,10.1985,5.2645,29.7405,20.1615,1.15,342.2183,2000,2000,NA,NA,NA,NA,NA,NA,NA,NA,NA,NA,NA
4,"CRM","crm_random",NA,NA,"random",0.3,0,0.0714,28,3,1,3,0.38,0.47,0.3708,NA,NA,NA,25.95,6.8295,6.8295,3.046,29.7405,20.1615,1.15,342.2183,2000,2000,NA,NA,NA,NA,NA,NA,NA,NA,NA,NA,NA
4,"CRM","crm_random",NA,NA,"random",0.3,0,0.0714,28,3,1,4,0.45,0.564,0.4187,NA,NA,NA,8.3,3.0075,3.0075,0.8505,29.7405,20.1615,1.15,342.2183,2000,2000,NA,NA,NA,NA,NA,NA,NA,NA,NA,NA,NA
4,"CRM","crm_random",NA,NA,"random",0.3,0,0.0714,28,3,1,5,0.55,0.685,0.5121,NA,NA,NA,1.4,0.9075,0.9075,0.418,29.7405,20.1615,1.15,342.2183,2000,2000,NA,NA,NA,NA,NA,NA,NA,NA,NA,NA,NA
4,"CRM","crm_alpha_crm",NA,NA,"alpha_crm",0.3,0,0.0714,28,3,1,1,0.15,0.15,0.2097,NA,NA,NA,15.65,8.598,8.598,0,29.7465,20.2945,1.15,343.5428,2000,2000,"15,20,30,35,45",1.4142,61,NA,NA,NA,NA,NA,NA,NA,NA
4,"CRM","crm_alpha_crm",NA,NA,"alpha_crm",0.3,0,0.0714,28,3,1,2,0.3,0.345,0.262,NA,NA,NA,41.1,9.744,9.744,5.187,29.7465,20.2945,1.15,343.5428,2000,2000,"15,20,30,35,45",1.4142,61,NA,NA,NA,NA,NA,NA,NA,NA
4,"CRM","crm_alpha_crm",NA,NA,"alpha_crm",0.3,0,0.0714,28,3,1,3,0.38,0.47,0.3613,NA,NA,NA,29.3,6.561,6.561,2.9665,29.7465,20.2945,1.15,343.5428,2000,2000,"15,20,30,35,45",1.4142,61,NA,NA,NA,NA,NA,NA,NA,NA
4,"CRM","crm_alpha_crm",NA,NA,"alpha_crm",0.3,0,0.0714,28,3,1,4,0.45,0.564,0.4093,NA,NA,NA,10.6,3.5475,3.5475,0.79,29.7465,20.2945,1.15,343.5428,2000,2000,"15,20,30,35,45",1.4142,61,NA,NA,NA,NA,NA,NA,NA,NA
4,"CRM","crm_alpha_crm",NA,NA,"alpha_crm",0.3,0,0.0714,28,3,1,5,0.55,0.685,0.5033,NA,NA,NA,2.2,1.296,1.296,0.5085,29.7465,20.2945,1.15,343.5428,2000,2000,"15,20,30,35,45",1.4142,61,NA,NA,NA,NA,NA,NA,NA,NA
4,"CRM","crm_cumu_crm",NA,NA,"cumu_crm",0.3,0,0.0714,28,3,1,1,0.15,0.15,0.1759,NA,NA,NA,12.15,6.594,6.594,0,29.9085,21.5325,0.35,349.3319,2000,2000,NA,NA,NA,"0.15811388,0.47434165,0.79056942,1.10679718,1.42302495",-2,2,1,1.83,1.21,1,0
4,"CRM","crm_cumu_crm",NA,NA,"cumu_crm",0.3,0,0.0714,28,3,1,2,0.3,0.345,0.2714,NA,NA,NA,45.05,12.027,12.027,3.8775,29.9085,21.5325,0.35,349.3319,2000,2000,NA,NA,NA,"0.15811388,0.47434165,0.79056942,1.10679718,1.42302495",-2,2,1,1.83,1.21,1,0
4,"CRM","crm_cumu_crm",NA,NA,"cumu_crm",0.3,0,0.0714,28,3,1,3,0.38,0.47,0.3909,NA,NA,NA,29.6,7.5675,7.5675,3.155,29.9085,21.5325,0.35,349.3319,2000,2000,NA,NA,NA,"0.15811388,0.47434165,0.79056942,1.10679718,1.42302495",-2,2,1,1.83,1.21,1,0
4,"CRM","crm_cumu_crm",NA,NA,"cumu_crm",0.3,0,0.0714,28,3,1,4,0.45,0.564,0.5094,NA,NA,NA,10.5,2.817,2.817,0.953,29.9085,21.5325,0.35,349.3319,2000,2000,NA,NA,NA,"0.15811388,0.47434165,0.79056942,1.10679718,1.42302495",-2,2,1,1.83,1.21,1,0
4,"CRM","crm_cumu_crm",NA,NA,"cumu_crm",0.3,0,0.0714,28,3,1,5,0.55,0.685,0.611,NA,NA,NA,2.35,0.903,0.903,0.3905,29.9085,21.5325,0.35,349.3319,2000,2000,NA,NA,NA,"0.15811388,0.47434165,0.79056942,1.10679718,1.42302495",-2,2,1,1.83,1.21,1,0
4,"CRM","crm_fixed",NA,NA,"fixed",0.6,0,0.0714,28,1,1,1,0.15,0.15,0.2145,0,NA,NA,15.95,9.057,9.057,0,29.7525,29.7525,1.05,434.5266,2000,2000,NA,NA,NA,NA,NA,NA,NA,NA,NA,NA,NA
4,"CRM","crm_fixed",NA,NA,"fixed",0.6,0,0.0714,28,1,1,2,0.3,0.39,0.2674,NA,NA,NA,44.2,10.137,10.137,0,29.7525,29.7525,1.05,434.5266,2000,2000,NA,NA,NA,NA,NA,NA,NA,NA,NA,NA,NA
4,"CRM","crm_fixed",NA,NA,"fixed",0.6,0,0.0714,28,1,1,3,0.38,0.56,0.3675,NA,NA,NA,28.25,6.894,6.894,0,29.7525,29.7525,1.05,434.5266,2000,2000,NA,NA,NA,NA,NA,NA,NA,NA,NA,NA,NA
4,"CRM","crm_fixed",NA,NA,"fixed",0.6,0,0.0714,28,1,1,4,0.45,0.678,0.4157,NA,NA,NA,8.95,2.8845,2.8845,0,29.7525,29.7525,1.05,434.5266,2000,2000,NA,NA,NA,NA,NA,NA,NA,NA,NA,NA,NA
4,"CRM","crm_fixed",NA,NA,"fixed",0.6,0,0.0714,28,1,1,5,0.55,0.82,0.5097,NA,NA,NA,1.6,0.78,0.78,0,29.7525,29.7525,1.05,434.5266,2000,2000,NA,NA,NA,NA,NA,NA,NA,NA,NA,NA,NA
4,"CRM","crm_level",NA,NA,"level",0.6,0,0.0714,28,1,1,1,0.15,0.15,0.2146,NA,NA,NA,16.55,9.045,9.045,0,29.7465,29.7465,1.1,434.4602,2000,2000,NA,NA,NA,NA,NA,NA,NA,NA,NA,NA,NA
4,"CRM","crm_level",NA,NA,"level",0.6,0,0.0714,28,1,1,2,0.3,0.39,0.2675,0.0801,NA,NA,43.15,10.1505,10.1505,0,29.7465,29.7465,1.1,434.4602,2000,2000,NA,NA,NA,NA,NA,NA,NA,NA,NA,NA,NA
4,"CRM","crm_level",NA,NA,"level",0.6,0,0.0714,28,1,1,3,0.38,0.56,0.3676,0.1014,NA,NA,28.6,6.915,6.915,0,29.7465,29.7465,1.1,434.4602,2000,2000,NA,NA,NA,NA,NA,NA,NA,NA,NA,NA,NA
4,"CRM","crm_level",NA,NA,"level",0.6,0,0.0714,28,1,1,4,0.45,0.678,0.4158,0.1233,NA,NA,9.3,2.8785,2.8785,0,29.7465,29.7465,1.1,434.4602,2000,2000,NA,NA,NA,NA,NA,NA,NA,NA,NA,NA,NA
4,"CRM","crm_level",NA,NA,"level",0.6,0,0.0714,28,1,1,5,0.55,0.82,0.5098,0.1437,NA,NA,1.3,0.7575,0.7575,0,29.7465,29.7465,1.1,434.4602,2000,2000,NA,NA,NA,NA,NA,NA,NA,NA,NA,NA,NA
4,"CRM","crm_random",NA,NA,"random",0.6,0,0.0714,28,1,1,1,0.15,0.15,0.2148,0.0817,NA,NA,16.3,9.0675,9.0675,0,29.7465,29.7465,1.1,434.4602,2000,2000,NA,NA,NA,NA,NA,NA,NA,NA,NA,NA,NA
4,"CRM","crm_random",NA,NA,"random",0.6,0,0.0714,28,1,1,2,0.3,0.39,0.2677,NA,NA,NA,43.85,10.134,10.134,0,29.7465,29.7465,1.1,434.4602,2000,2000,NA,NA,NA,NA,NA,NA,NA,NA,NA,NA,NA
4,"CRM","crm_random",NA,NA,"random",0.6,0,0.0714,28,1,1,3,0.38,0.56,0.3679,NA,NA,NA,28.45,6.9285,6.9285,0,29.7465,29.7465,1.1,434.4602,2000,2000,NA,NA,NA,NA,NA,NA,NA,NA,NA,NA,NA
4,"CRM","crm_random",NA,NA,"random",0.6,0,0.0714,28,1,1,4,0.45,0.678,0.4161,NA,NA,NA,9.05,2.8725,2.8725,0,29.7465,29.7465,1.1,434.4602,2000,2000,NA,NA,NA,NA,NA,NA,NA,NA,NA,NA,NA
4,"CRM","crm_random",NA,NA,"random",0.6,0,0.0714,28,1,1,5,0.55,0.82,0.5101,NA,NA,NA,1.25,0.744,0.744,0,29.7465,29.7465,1.1,434.4602,2000,2000,NA,NA,NA,NA,NA,NA,NA,NA,NA,NA,NA
4,"CRM","crm_alpha_crm",NA,NA,"alpha_crm",0.6,0,0.0714,28,1,1,1,0.15,0.15,0.2145,NA,NA,NA,15.95,9.0045,9.0045,0,29.7405,29.7405,1.2,434.3864,2000,2000,"15,20,30,35,45",1.4142,61,NA,NA,NA,NA,NA,NA,NA,NA
4,"CRM","crm_alpha_crm",NA,NA,"alpha_crm",0.6,0,0.0714,28,1,1,2,0.3,0.39,0.2674,NA,NA,NA,43.8,10.1775,10.1775,0,29.7405,29.7405,1.2,434.3864,2000,2000,"15,20,30,35,45",1.4142,61,NA,NA,NA,NA,NA,NA,NA,NA
4,"CRM","crm_alpha_crm",NA,NA,"alpha_crm",0.6,0,0.0714,28,1,1,3,0.38,0.56,0.3676,NA,NA,NA,28.3,6.93,6.93,0,29.7405,29.7405,1.2,434.3864,2000,2000,"15,20,30,35,45",1.4142,61,NA,NA,NA,NA,NA,NA,NA,NA
4,"CRM","crm_alpha_crm",NA,NA,"alpha_crm",0.6,0,0.0714,28,1,1,4,0.45,0.678,0.4155,NA,NA,NA,9.3,2.8575,2.8575,0,29.7405,29.7405,1.2,434.3864,2000,2000,"15,20,30,35,45",1.4142,61,NA,NA,NA,NA,NA,NA,NA,NA
4,"CRM","crm_alpha_crm",NA,NA,"alpha_crm",0.6,0,0.0714,28,1,1,5,0.55,0.82,0.5097,NA,NA,NA,1.45,0.771,0.771,0,29.7405,29.7405,1.2,434.3864,2000,2000,"15,20,30,35,45",1.4142,61,NA,NA,NA,NA,NA,NA,NA,NA
4,"CRM","crm_cumu_crm",NA,NA,"cumu_crm",0.6,0,0.0714,28,1,1,1,0.15,0.15,0.1777,NA,NA,NA,11.9,6.333,6.333,0,29.9085,29.9085,0.35,436.4289,2000,2000,NA,NA,NA,"0.15811388,0.47434165,0.79056942,1.10679718,1.42302495",-2,2,1,1.83,1.21,1,0
4,"CRM","crm_cumu_crm",NA,NA,"cumu_crm",0.6,0,0.0714,28,1,1,2,0.3,0.39,0.2751,NA,NA,NA,49.3,12.252,12.252,0,29.9085,29.9085,0.35,436.4289,2000,2000,NA,NA,NA,"0.15811388,0.47434165,0.79056942,1.10679718,1.42302495",-2,2,1,1.83,1.21,1,0
4,"CRM","crm_cumu_crm",NA,NA,"cumu_crm",0.6,0,0.0714,28,1,1,3,0.38,0.56,0.3979,NA,NA,NA,28.85,7.6965,7.6965,0,29.9085,29.9085,0.35,436.4289,2000,2000,NA,NA,NA,"0.15811388,0.47434165,0.79056942,1.10679718,1.42302495",-2,2,1,1.83,1.21,1,0
4,"CRM","crm_cumu_crm",NA,NA,"cumu_crm",0.6,0,0.0714,28,1,1,4,0.45,0.678,0.5201,NA,NA,NA,8.35,2.8905,2.8905,0,29.9085,29.9085,0.35,436.4289,2000,2000,NA,NA,NA,"0.15811388,0.47434165,0.79056942,1.10679718,1.42302495",-2,2,1,1.83,1.21,1,0
4,"CRM","crm_cumu_crm",NA,NA,"cumu_crm",0.6,0,0.0714,28,1,1,5,0.55,0.82,0.6243,NA,NA,NA,1.25,0.7365,0.7365,0,29.9085,29.9085,0.35,436.4289,2000,2000,NA,NA,NA,"0.15811388,0.47434165,0.79056942,1.10679718,1.42302495",-2,2,1,1.83,1.21,1,0
4,"CRM","crm_fixed",NA,NA,"fixed",0.6,0,0.0714,28,2,1,1,0.15,0.15,0.2363,0,NA,NA,24.6,10.8225,10.8225,0,29.7465,21.7775,1.15,354.1516,2000,2000,NA,NA,NA,NA,NA,NA,NA,NA,NA,NA,NA
4,"CRM","crm_fixed",NA,NA,"fixed",0.6,0,0.0714,28,2,1,2,0.3,0.39,0.2911,NA,NA,NA,51,11.022,11.022,5.9265,29.7465,21.7775,1.15,354.1516,2000,2000,NA,NA,NA,NA,NA,NA,NA,NA,NA,NA,NA
4,"CRM","crm_fixed",NA,NA,"fixed",0.6,0,0.0714,28,2,1,3,0.38,0.56,0.3928,NA,NA,NA,20.15,6.0195,6.0195,0.93,29.7465,21.7775,1.15,354.1516,2000,2000,NA,NA,NA,NA,NA,NA,NA,NA,NA,NA,NA
4,"CRM","crm_fixed",NA,NA,"fixed",0.6,0,0.0714,28,2,1,4,0.45,0.678,0.441,NA,NA,NA,2.8,1.6605,1.6605,1.0795,29.7465,21.7775,1.15,354.1516,2000,2000,NA,NA,NA,NA,NA,NA,NA,NA,NA,NA,NA
4,"CRM","crm_fixed",NA,NA,"fixed",0.6,0,0.0714,28,2,1,5,0.55,0.82,0.5339,NA,NA,NA,0.3,0.222,0.222,0.033,29.7465,21.7775,1.15,354.1516,2000,2000,NA,NA,NA,NA,NA,NA,NA,NA,NA,NA,NA
4,"CRM","crm_level",NA,NA,"level",0.6,0,0.0714,28,2,1,1,0.15,0.15,0.2256,NA,NA,NA,19.85,9.306,9.306,0,29.7435,21.6175,1.1,354.2041,2000,2000,NA,NA,NA,NA,NA,NA,NA,NA,NA,NA,NA
4,"CRM","crm_level",NA,NA,"level",0.6,0,0.0714,28,2,1,2,0.3,0.39,0.2792,0.0745,NA,NA,49.2,10.923,10.923,5.5435,29.7435,21.6175,1.1,354.2041,2000,2000,NA,NA,NA,NA,NA,NA,NA,NA,NA,NA,NA
4,"CRM","crm_level",NA,NA,"level",0.6,0,0.0714,28,2,1,3,0.38,0.56,0.3796,0.1029,NA,NA,23.4,6.5505,6.5505,1.181,29.7435,21.6175,1.1,354.2041,2000,2000,NA,NA,NA,NA,NA,NA,NA,NA,NA,NA,NA
4,"CRM","crm_level",NA,NA,"level",0.6,0,0.0714,28,2,1,4,0.45,0.678,0.4276,0.1454,NA,NA,5.35,2.4,2.4,1.295,29.7435,21.6175,1.1,354.2041,2000,2000,NA,NA,NA,NA,NA,NA,NA,NA,NA,NA,NA
4,"CRM","crm_level",NA,NA,"level",0.6,0,0.0714,28,2,1,5,0.55,0.82,0.5207,0.146,NA,NA,1.1,0.564,0.564,0.1065,29.7435,21.6175,1.1,354.2041,2000,2000,NA,NA,NA,NA,NA,NA,NA,NA,NA,NA,NA
4,"CRM","crm_random",NA,NA,"random",0.6,0,0.0714,28,2,1,1,0.15,0.15,0.2261,0.0912,NA,NA,20.8,9.2775,9.2775,0,29.7435,21.774,1.15,354.8525,2000,2000,NA,NA,NA,NA,NA,NA,NA,NA,NA,NA,NA
4,"CRM","crm_random",NA,NA,"random",0.6,0,0.0714,28,2,1,2,0.3,0.39,0.2796,NA,NA,NA,47.55,10.773,10.773,5.431,29.7435,21.774,1.15,354.8525,2000,2000,NA,NA,NA,NA,NA,NA,NA,NA,NA,NA,NA
4,"CRM","crm_random",NA,NA,"random",0.6,0,0.0714,28,2,1,3,0.38,0.56,0.3796,NA,NA,NA,23.5,6.5595,6.5595,1.1105,29.7435,21.774,1.15,354.8525,2000,2000,NA,NA,NA,NA,NA,NA,NA,NA,NA,NA,NA
4,"CRM","crm_random",NA,NA,"random",0.6,0,0.0714,28,2,1,4,0.45,0.678,0.4275,NA,NA,NA,5.5,2.478,2.478,1.3275,29.7435,21.774,1.15,354.8525,2000,2000,NA,NA,NA,NA,NA,NA,NA,NA,NA,NA,NA
4,"CRM","crm_random",NA,NA,"random",0.6,0,0.0714,28,2,1,5,0.55,0.82,0.5204,NA,NA,NA,1.5,0.6555,0.6555,0.1005,29.7435,21.774,1.15,354.8525,2000,2000,NA,NA,NA,NA,NA,NA,NA,NA,NA,NA,NA
4,"CRM","crm_alpha_crm",NA,NA,"alpha_crm",0.6,0,0.0714,28,2,1,1,0.15,0.15,0.2224,NA,NA,NA,19,9.336,9.336,0,29.7465,21.735,1.2,354.1359,2000,2000,"15,20,30,35,45",1.4142,61,NA,NA,NA,NA,NA,NA,NA,NA
4,"CRM","crm_alpha_crm",NA,NA,"alpha_crm",0.6,0,0.0714,28,2,1,2,0.3,0.39,0.2759,NA,NA,NA,45.95,10.9245,10.9245,5.4265,29.7465,21.735,1.2,354.1359,2000,2000,"15,20,30,35,45",1.4142,61,NA,NA,NA,NA,NA,NA,NA,NA
4,"CRM","crm_alpha_crm",NA,NA,"alpha_crm",0.6,0,0.0714,28,2,1,3,0.38,0.56,0.3765,NA,NA,NA,26.8,6.399,6.399,1.299,29.7465,21.735,1.2,354.1359,2000,2000,"15,20,30,35,45",1.4142,61,NA,NA,NA,NA,NA,NA,NA,NA
4,"CRM","crm_alpha_crm",NA,NA,"alpha_crm",0.6,0,0.0714,28,2,1,4,0.45,0.678,0.4246,NA,NA,NA,6.25,2.5005,2.5005,1.149,29.7465,21.735,1.2,354.1359,2000,2000,"15,20,30,35,45",1.4142,61,NA,NA,NA,NA,NA,NA,NA,NA
4,"CRM","crm_alpha_crm",NA,NA,"alpha_crm",0.6,0,0.0714,28,2,1,5,0.55,0.82,0.5181,NA,NA,NA,0.8,0.5865,0.5865,0.137,29.7465,21.735,1.2,354.1359,2000,2000,"15,20,30,35,45",1.4142,61,NA,NA,NA,NA,NA,NA,NA,NA
4,"CRM","crm_cumu_crm",NA,NA,"cumu_crm",0.6,0,0.0714,28,2,1,1,0.15,0.15,0.1824,NA,NA,NA,14.75,7.2285,7.2285,0,29.9085,23.1035,0.35,363.6883,2000,2000,NA,NA,NA,"0.15811388,0.47434165,0.79056942,1.10679718,1.42302495",-2,2,1,1.83,1.21,1,0
4,"CRM","crm_cumu_crm",NA,NA,"cumu_crm",0.6,0,0.0714,28,2,1,2,0.3,0.39,0.287,NA,NA,NA,53.4,13.1325,13.1325,3.9935,29.9085,23.1035,0.35,363.6883,2000,2000,NA,NA,NA,"0.15811388,0.47434165,0.79056942,1.10679718,1.42302495",-2,2,1,1.83,1.21,1,0
4,"CRM","crm_cumu_crm",NA,NA,"cumu_crm",0.6,0,0.0714,28,2,1,3,0.38,0.56,0.4164,NA,NA,NA,24.3,6.828,6.828,1.63,29.9085,23.1035,0.35,363.6883,2000,2000,NA,NA,NA,"0.15811388,0.47434165,0.79056942,1.10679718,1.42302495",-2,2,1,1.83,1.21,1,0
4,"CRM","crm_cumu_crm",NA,NA,"cumu_crm",0.6,0,0.0714,28,2,1,4,0.45,0.678,0.5402,NA,NA,NA,6,2.265,2.265,1.047,29.9085,23.1035,0.35,363.6883,2000,2000,NA,NA,NA,"0.15811388,0.47434165,0.79056942,1.10679718,1.42302495",-2,2,1,1.83,1.21,1,0
4,"CRM","crm_cumu_crm",NA,NA,"cumu_crm",0.6,0,0.0714,28,2,1,5,0.55,0.82,0.6425,NA,NA,NA,1.2,0.4545,0.4545,0.1345,29.9085,23.1035,0.35,363.6883,2000,2000,NA,NA,NA,"0.15811388,0.47434165,0.79056942,1.10679718,1.42302495",-2,2,1,1.83,1.21,1,0
4,"CRM","crm_fixed",NA,NA,"fixed",0.6,0,0.0714,28,3,1,1,0.15,0.15,0.2406,0,NA,NA,27.4,11.277,11.277,0,29.736,20.4815,1.25,344.3932,2000,2000,NA,NA,NA,NA,NA,NA,NA,NA,NA,NA,NA
4,"CRM","crm_fixed",NA,NA,"fixed",0.6,0,0.0714,28,3,1,2,0.3,0.39,0.2957,NA,NA,NA,51.7,11.5485,11.5485,6.1115,29.736,20.4815,1.25,344.3932,2000,2000,NA,NA,NA,NA,NA,NA,NA,NA,NA,NA,NA
4,"CRM","crm_fixed",NA,NA,"fixed",0.6,0,0.0714,28,3,1,3,0.38,0.56,0.3976,NA,NA,NA,16.7,5.4405,5.4405,2.5615,29.736,20.4815,1.25,344.3932,2000,2000,NA,NA,NA,NA,NA,NA,NA,NA,NA,NA,NA
4,"CRM","crm_fixed",NA,NA,"fixed",0.6,0,0.0714,28,3,1,4,0.45,0.678,0.4458,NA,NA,NA,2.8,1.2345,1.2345,0.4605,29.736,20.4815,1.25,344.3932,2000,2000,NA,NA,NA,NA,NA,NA,NA,NA,NA,NA,NA
4,"CRM","crm_fixed",NA,NA,"fixed",0.6,0,0.0714,28,3,1,5,0.55,0.82,0.5384,NA,NA,NA,0.15,0.2355,0.2355,0.121,29.736,20.4815,1.25,344.3932,2000,2000,NA,NA,NA,NA,NA,NA,NA,NA,NA,NA,NA
4,"CRM","crm_level",NA,NA,"level",0.6,0,0.0714,28,3,1,1,0.15,0.15,0.2274,NA,NA,NA,19.7,9.483,9.483,0,29.7435,20.248,1.15,343.1367,2000,2000,NA,NA,NA,NA,NA,NA,NA,NA,NA,NA,NA
4,"CRM","crm_level",NA,NA,"level",0.6,0,0.0714,28,3,1,2,0.3,0.39,0.2811,0.0748,NA,NA,50.2,11.007,11.007,5.564,29.7435,20.248,1.15,343.1367,2000,2000,NA,NA,NA,NA,NA,NA,NA,NA,NA,NA,NA
4,"CRM","crm_level",NA,NA,"level",0.6,0,0.0714,28,3,1,3,0.38,0.56,0.3815,0.1199,NA,NA,23.4,6.501,6.501,2.961,29.7435,20.248,1.15,343.1367,2000,2000,NA,NA,NA,NA,NA,NA,NA,NA,NA,NA,NA
4,"CRM","crm_level",NA,NA,"level",0.6,0,0.0714,28,3,1,4,0.45,0.678,0.4295,0.1383,NA,NA,4.6,2.22,2.22,0.696,29.7435,20.248,1.15,343.1367,2000,2000,NA,NA,NA,NA,NA,NA,NA,NA,NA,NA,NA
4,"CRM","crm_level",NA,NA,"level",0.6,0,0.0714,28,3,1,5,0.55,0.82,0.5225,0.1486,NA,NA,0.95,0.5325,0.5325,0.2745,29.7435,20.248,1.15,343.1367,2000,2000,NA,NA,NA,NA,NA,NA,NA,NA,NA,NA,NA
4,"CRM","crm_random",NA,NA,"random",0.6,0,0.0714,28,3,1,1,0.15,0.15,0.2289,0.0923,NA,NA,22.15,9.4785,9.4785,0,29.7465,20.1215,1.15,342.0886,2000,2000,NA,NA,NA,NA,NA,NA,NA,NA,NA,NA,NA
4,"CRM","crm_random",NA,NA,"random",0.6,0,0.0714,28,3,1,2,0.3,0.39,0.2824,NA,NA,NA,48.6,10.845,10.845,5.6375,29.7465,20.1215,1.15,342.0886,2000,2000,NA,NA,NA,NA,NA,NA,NA,NA,NA,NA,NA
4,"CRM","crm_random",NA,NA,"random",0.6,0,0.0714,28,3,1,3,0.38,0.56,0.3824,NA,NA,NA,21.3,6.402,6.402,2.9205,29.7465,20.1215,1.15,342.0886,2000,2000,NA,NA,NA,NA,NA,NA,NA,NA,NA,NA,NA
4,"CRM","crm_random",NA,NA,"random",0.6,0,0.0714,28,3,1,4,0.45,0.678,0.4301,NA,NA,NA,5.45,2.328,2.328,0.7375,29.7465,20.1215,1.15,342.0886,2000,2000,NA,NA,NA,NA,NA,NA,NA,NA,NA,NA,NA
4,"CRM","crm_random",NA,NA,"random",0.6,0,0.0714,28,3,1,5,0.55,0.82,0.5226,NA,NA,NA,1.35,0.693,0.693,0.3295,29.7465,20.1215,1.15,342.0886,2000,2000,NA,NA,NA,NA,NA,NA,NA,NA,NA,NA,NA
4,"CRM","crm_alpha_crm",NA,NA,"alpha_crm",0.6,0,0.0714,28,3,1,1,0.15,0.15,0.221,NA,NA,NA,18.2,9.3045,9.3045,0,29.7465,20.417,1.2,344.1763,2000,2000,"15,20,30,35,45",1.4142,61,NA,NA,NA,NA,NA,NA,NA,NA
4,"CRM","crm_alpha_crm",NA,NA,"alpha_crm",0.6,0,0.0714,28,3,1,2,0.3,0.39,0.2743,NA,NA,NA,47.3,10.5735,10.5735,5.427,29.7465,20.417,1.2,344.1763,2000,2000,"15,20,30,35,45",1.4142,61,NA,NA,NA,NA,NA,NA,NA,NA
4,"CRM","crm_alpha_crm",NA,NA,"alpha_crm",0.6,0,0.0714,28,3,1,3,0.38,0.56,0.3745,NA,NA,NA,24.5,6.3555,6.3555,2.8415,29.7465,20.417,1.2,344.1763,2000,2000,"15,20,30,35,45",1.4142,61,NA,NA,NA,NA,NA,NA,NA,NA
4,"CRM","crm_alpha_crm",NA,NA,"alpha_crm",0.6,0,0.0714,28,3,1,4,0.45,0.678,0.4226,NA,NA,NA,7.4,2.7345,2.7345,0.7405,29.7465,20.417,1.2,344.1763,2000,2000,"15,20,30,35,45",1.4142,61,NA,NA,NA,NA,NA,NA,NA,NA
4,"CRM","crm_alpha_crm",NA,NA,"alpha_crm",0.6,0,0.0714,28,3,1,5,0.55,0.82,0.516,NA,NA,NA,1.4,0.7785,0.7785,0.3205,29.7465,20.417,1.2,344.1763,2000,2000,"15,20,30,35,45",1.4142,61,NA,NA,NA,NA,NA,NA,NA,NA
4,"CRM","crm_cumu_crm",NA,NA,"cumu_crm",0.6,0,0.0714,28,3,1,1,0.15,0.15,0.1834,NA,NA,NA,15.35,7.332,7.332,0,29.9085,21.7865,0.35,351.2468,2000,2000,NA,NA,NA,"0.15811388,0.47434165,0.79056942,1.10679718,1.42302495",-2,2,1,1.83,1.21,1,0
4,"CRM","crm_cumu_crm",NA,NA,"cumu_crm",0.6,0,0.0714,28,3,1,2,0.3,0.39,0.2888,NA,NA,NA,53.2,13.4265,13.4265,4.0625,29.9085,21.7865,0.35,351.2468,2000,2000,NA,NA,NA,"0.15811388,0.47434165,0.79056942,1.10679718,1.42302495",-2,2,1,1.83,1.21,1,0
4,"CRM","crm_cumu_crm",NA,NA,"cumu_crm",0.6,0,0.0714,28,3,1,3,0.38,0.56,0.4186,NA,NA,NA,23.8,6.8595,6.8595,3.146,29.9085,21.7865,0.35,351.2468,2000,2000,NA,NA,NA,"0.15811388,0.47434165,0.79056942,1.10679718,1.42302495",-2,2,1,1.83,1.21,1,0
4,"CRM","crm_cumu_crm",NA,NA,"cumu_crm",0.6,0,0.0714,28,3,1,4,0.45,0.678,0.5423,NA,NA,NA,6.15,1.845,1.845,0.6975,29.9085,21.7865,0.35,351.2468,2000,2000,NA,NA,NA,"0.15811388,0.47434165,0.79056942,1.10679718,1.42302495",-2,2,1,1.83,1.21,1,0
4,"CRM","crm_cumu_crm",NA,NA,"cumu_crm",0.6,0,0.0714,28,3,1,5,0.55,0.82,0.6438,NA,NA,NA,1.15,0.4455,0.4455,0.216,29.9085,21.7865,0.35,351.2468,2000,2000,NA,NA,NA,"0.15811388,0.47434165,0.79056942,1.10679718,1.42302495",-2,2,1,1.83,1.21,1,0
4,"CRM","crm_fixed",NA,NA,"fixed",0.9,0,0.0714,28,1,1,1,0.15,0.15,0.2146,0,NA,NA,16.55,9.069,9.069,0,29.7465,29.7465,1.1,434.4602,2000,2000,NA,NA,NA,NA,NA,NA,NA,NA,NA,NA,NA
4,"CRM","crm_fixed",NA,NA,"fixed",0.9,0,0.0714,28,1,1,2,0.3,0.435,0.2676,NA,NA,NA,43.85,10.1145,10.1145,0,29.7465,29.7465,1.1,434.4602,2000,2000,NA,NA,NA,NA,NA,NA,NA,NA,NA,NA,NA
4,"CRM","crm_fixed",NA,NA,"fixed",0.9,0,0.0714,28,1,1,3,0.38,0.65,0.3677,NA,NA,NA,27.75,6.912,6.912,0,29.7465,29.7465,1.1,434.4602,2000,2000,NA,NA,NA,NA,NA,NA,NA,NA,NA,NA,NA
4,"CRM","crm_fixed",NA,NA,"fixed",0.9,0,0.0714,28,1,1,4,0.45,0.792,0.4159,NA,NA,NA,9.4,2.8845,2.8845,0,29.7465,29.7465,1.1,434.4602,2000,2000,NA,NA,NA,NA,NA,NA,NA,NA,NA,NA,NA
4,"CRM","crm_fixed",NA,NA,"fixed",0.9,0,0.0714,28,1,1,5,0.55,0.955,0.5099,NA,NA,NA,1.35,0.7665,0.7665,0,29.7465,29.7465,1.1,434.4602,2000,2000,NA,NA,NA,NA,NA,NA,NA,NA,NA,NA,NA
4,"CRM","crm_level",NA,NA,"level",0.9,0,0.0714,28,1,1,1,0.15,0.15,0.2144,NA,NA,NA,16,9.051,9.051,0,29.7465,29.7465,1.1,434.4602,2000,2000,NA,NA,NA,NA,NA,NA,NA,NA,NA,NA,NA
4,"CRM","crm_level",NA,NA,"level",0.9,0,0.0714,28,1,1,2,0.3,0.435,0.2673,0.0823,NA,NA,43.95,10.1295,10.1295,0,29.7465,29.7465,1.1,434.4602,2000,2000,NA,NA,NA,NA,NA,NA,NA,NA,NA,NA,NA
4,"CRM","crm_level",NA,NA,"level",0.9,0,0.0714,28,1,1,3,0.38,0.65,0.3674,0.098,NA,NA,28.25,6.927,6.927,0,29.7465,29.7465,1.1,434.4602,2000,2000,NA,NA,NA,NA,NA,NA,NA,NA,NA,NA,NA
4,"CRM","crm_level",NA,NA,"level",0.9,0,0.0714,28,1,1,4,0.45,0.792,0.4156,0.1241,NA,NA,9.3,2.88,2.88,0,29.7465,29.7465,1.1,434.4602,2000,2000,NA,NA,NA,NA,NA,NA,NA,NA,NA,NA,NA
4,"CRM","crm_level",NA,NA,"level",0.9,0,0.0714,28,1,1,5,0.55,0.955,0.5096,0.1426,NA,NA,1.4,0.759,0.759,0,29.7465,29.7465,1.1,434.4602,2000,2000,NA,NA,NA,NA,NA,NA,NA,NA,NA,NA,NA
4,"CRM","crm_random",NA,NA,"random",0.9,0,0.0714,28,1,1,1,0.15,0.15,0.2147,0.0817,NA,NA,16.7,9.051,9.051,0,29.7525,29.7525,1.05,434.5266,2000,2000,NA,NA,NA,NA,NA,NA,NA,NA,NA,NA,NA
4,"CRM","crm_random",NA,NA,"random",0.9,0,0.0714,28,1,1,2,0.3,0.435,0.2677,NA,NA,NA,43.5,10.17,10.17,0,29.7525,29.7525,1.05,434.5266,2000,2000,NA,NA,NA,NA,NA,NA,NA,NA,NA,NA,NA
4,"CRM","crm_random",NA,NA,"random",0.9,0,0.0714,28,1,1,3,0.38,0.65,0.3678,NA,NA,NA,28.15,6.9165,6.9165,0,29.7525,29.7525,1.05,434.5266,2000,2000,NA,NA,NA,NA,NA,NA,NA,NA,NA,NA,NA
4,"CRM","crm_random",NA,NA,"random",0.9,0,0.0714,28,1,1,4,0.45,0.792,0.416,NA,NA,NA,9.1,2.8545,2.8545,0,29.7525,29.7525,1.05,434.5266,2000,2000,NA,NA,NA,NA,NA,NA,NA,NA,NA,NA,NA
4,"CRM","crm_random",NA,NA,"random",0.9,0,0.0714,28,1,1,5,0.55,0.955,0.51,NA,NA,NA,1.5,0.7605,0.7605,0,29.7525,29.7525,1.05,434.5266,2000,2000,NA,NA,NA,NA,NA,NA,NA,NA,NA,NA,NA
4,"CRM","crm_alpha_crm",NA,NA,"alpha_crm",0.9,0,0.0714,28,1,1,1,0.15,0.15,0.2145,NA,NA,NA,15.95,9.0045,9.0045,0,29.7405,29.7405,1.2,434.3864,2000,2000,"15,20,30,35,45",1.4142,61,NA,NA,NA,NA,NA,NA,NA,NA
4,"CRM","crm_alpha_crm",NA,NA,"alpha_crm",0.9,0,0.0714,28,1,1,2,0.3,0.435,0.2674,NA,NA,NA,43.8,10.1775,10.1775,0,29.7405,29.7405,1.2,434.3864,2000,2000,"15,20,30,35,45",1.4142,61,NA,NA,NA,NA,NA,NA,NA,NA
4,"CRM","crm_alpha_crm",NA,NA,"alpha_crm",0.9,0,0.0714,28,1,1,3,0.38,0.65,0.3676,NA,NA,NA,28.3,6.93,6.93,0,29.7405,29.7405,1.2,434.3864,2000,2000,"15,20,30,35,45",1.4142,61,NA,NA,NA,NA,NA,NA,NA,NA
4,"CRM","crm_alpha_crm",NA,NA,"alpha_crm",0.9,0,0.0714,28,1,1,4,0.45,0.792,0.4155,NA,NA,NA,9.3,2.8575,2.8575,0,29.7405,29.7405,1.2,434.3864,2000,2000,"15,20,30,35,45",1.4142,61,NA,NA,NA,NA,NA,NA,NA,NA
4,"CRM","crm_alpha_crm",NA,NA,"alpha_crm",0.9,0,0.0714,28,1,1,5,0.55,0.955,0.5097,NA,NA,NA,1.45,0.771,0.771,0,29.7405,29.7405,1.2,434.3864,2000,2000,"15,20,30,35,45",1.4142,61,NA,NA,NA,NA,NA,NA,NA,NA
4,"CRM","crm_cumu_crm",NA,NA,"cumu_crm",0.9,0,0.0714,28,1,1,1,0.15,0.15,0.1775,NA,NA,NA,11.65,6.3615,6.3615,0,29.9085,29.9085,0.35,436.4289,2000,2000,NA,NA,NA,"0.15811388,0.47434165,0.79056942,1.10679718,1.42302495",-2,2,1,1.83,1.21,1,0
4,"CRM","crm_cumu_crm",NA,NA,"cumu_crm",0.9,0,0.0714,28,1,1,2,0.3,0.435,0.2748,NA,NA,NA,49.15,12.1875,12.1875,0,29.9085,29.9085,0.35,436.4289,2000,2000,NA,NA,NA,"0.15811388,0.47434165,0.79056942,1.10679718,1.42302495",-2,2,1,1.83,1.21,1,0
4,"CRM","crm_cumu_crm",NA,NA,"cumu_crm",0.9,0,0.0714,28,1,1,3,0.38,0.65,0.3975,NA,NA,NA,29,7.6755,7.6755,0,29.9085,29.9085,0.35,436.4289,2000,2000,NA,NA,NA,"0.15811388,0.47434165,0.79056942,1.10679718,1.42302495",-2,2,1,1.83,1.21,1,0
4,"CRM","crm_cumu_crm",NA,NA,"cumu_crm",0.9,0,0.0714,28,1,1,4,0.45,0.792,0.5196,NA,NA,NA,8.4,2.9235,2.9235,0,29.9085,29.9085,0.35,436.4289,2000,2000,NA,NA,NA,"0.15811388,0.47434165,0.79056942,1.10679718,1.42302495",-2,2,1,1.83,1.21,1,0
4,"CRM","crm_cumu_crm",NA,NA,"cumu_crm",0.9,0,0.0714,28,1,1,5,0.55,0.955,0.6237,NA,NA,NA,1.45,0.7605,0.7605,0,29.9085,29.9085,0.35,436.4289,2000,2000,NA,NA,NA,"0.15811388,0.47434165,0.79056942,1.10679718,1.42302495",-2,2,1,1.83,1.21,1,0
4,"CRM","crm_fixed",NA,NA,"fixed",0.9,0,0.0714,28,2,1,1,0.15,0.15,0.2459,0,NA,NA,30.55,11.8395,11.8395,0,29.7315,21.7805,1.25,353.712,2000,2000,NA,NA,NA,NA,NA,NA,NA,NA,NA,NA,NA
4,"CRM","crm_fixed",NA,NA,"fixed",0.9,0,0.0714,28,2,1,2,0.3,0.435,0.3014,NA,NA,NA,51.8,11.4975,11.4975,6.275,29.7315,21.7805,1.25,353.712,2000,2000,NA,NA,NA,NA,NA,NA,NA,NA,NA,NA,NA
4,"CRM","crm_fixed",NA,NA,"fixed",0.9,0,0.0714,28,2,1,3,0.38,0.65,0.4037,NA,NA,NA,14.85,5.16,5.16,0.8155,29.7315,21.7805,1.25,353.712,2000,2000,NA,NA,NA,NA,NA,NA,NA,NA,NA,NA,NA
4,"CRM","crm_fixed",NA,NA,"fixed",0.9,0,0.0714,28,2,1,4,0.45,0.792,0.4518,NA,NA,NA,1.45,1.1475,1.1475,0.838,29.7315,21.7805,1.25,353.712,2000,2000,NA,NA,NA,NA,NA,NA,NA,NA,NA,NA,NA
4,"CRM","crm_fixed",NA,NA,"fixed",0.9,0,0.0714,28,2,1,5,0.55,0.955,0.5441,NA,NA,NA,0.1,0.087,0.087,0.0225,29.7315,21.7805,1.25,353.712,2000,2000,NA,NA,NA,NA,NA,NA,NA,NA,NA,NA,NA
4,"CRM","crm_level",NA,NA,"level",0.9,0,0.0714,28,2,1,1,0.15,0.15,0.2343,NA,NA,NA,24.35,9.933,9.933,0,29.742,21.673,1.1,354.3378,2000,2000,NA,NA,NA,NA,NA,NA,NA,NA,NA,NA,NA
4,"CRM","crm_level",NA,NA,"level",0.9,0,0.0714,28,2,1,2,0.3,0.435,0.2885,0.0872,NA,NA,51.25,11.3835,11.3835,5.745,29.742,21.673,1.1,354.3378,2000,2000,NA,NA,NA,NA,NA,NA,NA,NA,NA,NA,NA
4,"CRM","crm_level",NA,NA,"level",0.9,0,0.0714,28,2,1,3,0.38,0.65,0.3892,0.1182,NA,NA,18.35,5.985,5.985,1.1,29.742,21.673,1.1,354.3378,2000,2000,NA,NA,NA,NA,NA,NA,NA,NA,NA,NA,NA
4,"CRM","crm_level",NA,NA,"level",0.9,0,0.0714,28,2,1,4,0.45,0.792,0.4371,0.1632,NA,NA,4.1,2.025,2.025,1.1415,29.742,21.673,1.1,354.3378,2000,2000,NA,NA,NA,NA,NA,NA,NA,NA,NA,NA,NA
4,"CRM","crm_level",NA,NA,"level",0.9,0,0.0714,28,2,1,5,0.55,0.955,0.5296,0.1478,NA,NA,0.85,0.4155,0.4155,0.0825,29.742,21.673,1.1,354.3378,2000,2000,NA,NA,NA,NA,NA,NA,NA,NA,NA,NA,NA
4,"CRM","crm_random",NA,NA,"random",0.9,0,0.0714,28,2,1,1,0.15,0.15,0.2335,0.1166,NA,NA,23.7,9.696,9.696,0,29.7495,21.685,1.1,354.2619,2000,2000,NA,NA,NA,NA,NA,NA,NA,NA,NA,NA,NA
4,"CRM","crm_random",NA,NA,"random",0.9,0,0.0714,28,2,1,2,0.3,0.435,0.2874,NA,NA,NA,50.05,11.304,11.304,5.6835,29.7495,21.685,1.1,354.2619,2000,2000,NA,NA,NA,NA,NA,NA,NA,NA,NA,NA,NA
4,"CRM","crm_random",NA,NA,"random",0.9,0,0.0714,28,2,1,3,0.38,0.65,0.3878,NA,NA,NA,19.7,6.183,6.183,1.1335,29.7495,21.685,1.1,354.2619,2000,2000,NA,NA,NA,NA,NA,NA,NA,NA,NA,NA,NA
4,"CRM","crm_random",NA,NA,"random",0.9,0,0.0714,28,2,1,4,0.45,0.792,0.4356,NA,NA,NA,4.55,2.0595,2.0595,1.173,29.7495,21.685,1.1,354.2619,2000,2000,NA,NA,NA,NA,NA,NA,NA,NA,NA,NA,NA
4,"CRM","crm_random",NA,NA,"random",0.9,0,0.0714,28,2,1,5,0.55,0.955,0.528,NA,NA,NA,0.9,0.507,0.507,0.0745,29.7495,21.685,1.1,354.2619,2000,2000,NA,NA,NA,NA,NA,NA,NA,NA,NA,NA,NA
4,"CRM","crm_alpha_crm",NA,NA,"alpha_crm",0.9,0,0.0714,28,2,1,1,0.15,0.15,0.2319,NA,NA,NA,22.75,10.05,10.05,0,29.736,21.7035,1.25,353.9985,2000,2000,"15,20,30,35,45",1.4142,61,NA,NA,NA,NA,NA,NA,NA,NA
4,"CRM","crm_alpha_crm",NA,NA,"alpha_crm",0.9,0,0.0714,28,2,1,2,0.3,0.435,0.2862,NA,NA,NA,50.9,11.6115,11.6115,5.654,29.736,21.7035,1.25,353.9985,2000,2000,"15,20,30,35,45",1.4142,61,NA,NA,NA,NA,NA,NA,NA,NA
4,"CRM","crm_alpha_crm",NA,NA,"alpha_crm",0.9,0,0.0714,28,2,1,3,0.38,0.65,0.3874,NA,NA,NA,20.4,5.9175,5.9175,1.344,29.736,21.7035,1.25,353.9985,2000,2000,"15,20,30,35,45",1.4142,61,NA,NA,NA,NA,NA,NA,NA,NA
4,"CRM","crm_alpha_crm",NA,NA,"alpha_crm",0.9,0,0.0714,28,2,1,4,0.45,0.792,0.4356,NA,NA,NA,4.2,1.842,1.842,0.959,29.736,21.7035,1.25,353.9985,2000,2000,"15,20,30,35,45",1.4142,61,NA,NA,NA,NA,NA,NA,NA,NA
4,"CRM","crm_alpha_crm",NA,NA,"alpha_crm",0.9,0,0.0714,28,2,1,5,0.55,0.955,0.5286,NA,NA,NA,0.5,0.315,0.315,0.0755,29.736,21.7035,1.25,353.9985,2000,2000,"15,20,30,35,45",1.4142,61,NA,NA,NA,NA,NA,NA,NA,NA
4,"CRM","crm_cumu_crm",NA,NA,"cumu_crm",0.9,0,0.0714,28,2,1,1,0.15,0.15,0.1876,NA,NA,NA,19,7.917,7.917,0,29.9085,23.154,0.35,363.7166,2000,2000,NA,NA,NA,"0.15811388,0.47434165,0.79056942,1.10679718,1.42302495",-2,2,1,1.83,1.21,1,0
4,"CRM","crm_cumu_crm",NA,NA,"cumu_crm",0.9,0,0.0714,28,2,1,2,0.3,0.435,0.3,NA,NA,NA,57.3,13.98,13.98,4.217,29.9085,23.154,0.35,363.7166,2000,2000,NA,NA,NA,"0.15811388,0.47434165,0.79056942,1.10679718,1.42302495",-2,2,1,1.83,1.21,1,0
4,"CRM","crm_cumu_crm",NA,NA,"cumu_crm",0.9,0,0.0714,28,2,1,3,0.38,0.65,0.4372,NA,NA,NA,19.2,6.093,6.093,1.572,29.9085,23.154,0.35,363.7166,2000,2000,NA,NA,NA,"0.15811388,0.47434165,0.79056942,1.10679718,1.42302495",-2,2,1,1.83,1.21,1,0
4,"CRM","crm_cumu_crm",NA,NA,"cumu_crm",0.9,0,0.0714,28,2,1,4,0.45,0.792,0.565,NA,NA,NA,3.55,1.641,1.641,0.8715,29.9085,23.154,0.35,363.7166,2000,2000,NA,NA,NA,"0.15811388,0.47434165,0.79056942,1.10679718,1.42302495",-2,2,1,1.83,1.21,1,0
4,"CRM","crm_cumu_crm",NA,NA,"cumu_crm",0.9,0,0.0714,28,2,1,5,0.55,0.955,0.6672,NA,NA,NA,0.6,0.2775,0.2775,0.094,29.9085,23.154,0.35,363.7166,2000,2000,NA,NA,NA,"0.15811388,0.47434165,0.79056942,1.10679718,1.42302495",-2,2,1,1.83,1.21,1,0
4,"CRM","crm_fixed",NA,NA,"fixed",0.9,0,0.0714,28,3,1,1,0.15,0.15,0.2506,0,NA,NA,32.8,12.477,12.477,0,29.724,20.6455,1.4,344.9939,2000,2000,NA,NA,NA,NA,NA,NA,NA,NA,NA,NA,NA
4,"CRM","crm_fixed",NA,NA,"fixed",0.9,0,0.0714,28,3,1,2,0.3,0.435,0.3064,NA,NA,NA,53.3,11.9355,11.9355,6.4485,29.724,20.6455,1.4,344.9939,2000,2000,NA,NA,NA,NA,NA,NA,NA,NA,NA,NA,NA
4,"CRM","crm_fixed",NA,NA,"fixed",0.9,0,0.0714,28,3,1,3,0.38,0.65,0.4089,NA,NA,NA,11.25,4.4535,4.4535,2.248,29.724,20.6455,1.4,344.9939,2000,2000,NA,NA,NA,NA,NA,NA,NA,NA,NA,NA,NA
4,"CRM","crm_fixed",NA,NA,"fixed",0.9,0,0.0714,28,3,1,4,0.45,0.792,0.457,NA,NA,NA,1.25,0.7695,0.7695,0.316,29.724,20.6455,1.4,344.9939,2000,2000,NA,NA,NA,NA,NA,NA,NA,NA,NA,NA,NA
4,"CRM","crm_fixed",NA,NA,"fixed",0.9,0,0.0714,28,3,1,5,0.55,0.955,0.549,NA,NA,NA,0,0.0885,0.0885,0.066,29.724,20.6455,1.4,344.9939,2000,2000,NA,NA,NA,NA,NA,NA,NA,NA,NA,NA,NA
4,"CRM","crm_level",NA,NA,"level",0.9,0,0.0714,28,3,1,1,0.15,0.15,0.2374,NA,NA,NA,26.3,10.1835,10.1835,0,29.73,20.264,1.25,343.6252,2000,2000,NA,NA,NA,NA,NA,NA,NA,NA,NA,NA,NA
4,"CRM","crm_level",NA,NA,"level",0.9,0,0.0714,28,3,1,2,0.3,0.435,0.2917,0.0849,NA,NA,50.1,11.4945,11.4945,5.8605,29.73,20.264,1.25,343.6252,2000,2000,NA,NA,NA,NA,NA,NA,NA,NA,NA,NA,NA
4,"CRM","crm_level",NA,NA,"level",0.9,0,0.0714,28,3,1,3,0.38,0.65,0.3925,0.134,NA,NA,18.35,6.048,6.048,2.8205,29.73,20.264,1.25,343.6252,2000,2000,NA,NA,NA,NA,NA,NA,NA,NA,NA,NA,NA
4,"CRM","crm_level",NA,NA,"level",0.9,0,0.0714,28,3,1,4,0.45,0.792,0.4403,0.149,NA,NA,3.45,1.7175,1.7175,0.612,29.73,20.264,1.25,343.6252,2000,2000,NA,NA,NA,NA,NA,NA,NA,NA,NA,NA,NA
4,"CRM","crm_level",NA,NA,"level",0.9,0,0.0714,28,3,1,5,0.55,0.955,0.5326,0.1531,NA,NA,0.55,0.2865,0.2865,0.173,29.73,20.264,1.25,343.6252,2000,2000,NA,NA,NA,NA,NA,NA,NA,NA,NA,NA,NA
4,"CRM","crm_random",NA,NA,"random",0.9,0,0.0714,28,3,1,1,0.15,0.15,0.2358,0.1236,NA,NA,25.1,10.188,10.188,0,29.7315,20.024,1.3,342.4488,2000,2000,NA,NA,NA,NA,NA,NA,NA,NA,NA,NA,NA
4,"CRM","crm_random",NA,NA,"random",0.9,0,0.0714,28,3,1,2,0.3,0.435,0.2896,NA,NA,NA,50.6,11.427,11.427,5.9785,29.7315,20.024,1.3,342.4488,2000,2000,NA,NA,NA,NA,NA,NA,NA,NA,NA,NA,NA
4,"CRM","crm_random",NA,NA,"random",0.9,0,0.0714,28,3,1,3,0.38,0.65,0.3896,NA,NA,NA,17.8,5.787,5.787,2.8215,29.7315,20.024,1.3,342.4488,2000,2000,NA,NA,NA,NA,NA,NA,NA,NA,NA,NA,NA
4,"CRM","crm_random",NA,NA,"random",0.9,0,0.0714,28,3,1,4,0.45,0.792,0.4372,NA,NA,NA,3.75,1.89,1.89,0.6635,29.7315,20.024,1.3,342.4488,2000,2000,NA,NA,NA,NA,NA,NA,NA,NA,NA,NA,NA
4,"CRM","crm_random",NA,NA,"random",0.9,0,0.0714,28,3,1,5,0.55,0.955,0.5291,NA,NA,NA,1.45,0.4395,0.4395,0.244,29.7315,20.024,1.3,342.4488,2000,2000,NA,NA,NA,NA,NA,NA,NA,NA,NA,NA,NA
4,"CRM","crm_alpha_crm",NA,NA,"alpha_crm",0.9,0,0.0714,28,3,1,1,0.15,0.15,0.2319,NA,NA,NA,22.5,10.1985,10.1985,0,29.736,20.4985,1.25,345.1813,2000,2000,"15,20,30,35,45",1.4142,61,NA,NA,NA,NA,NA,NA,NA,NA
4,"CRM","crm_alpha_crm",NA,NA,"alpha_crm",0.9,0,0.0714,28,3,1,2,0.3,0.435,0.2861,NA,NA,NA,51,11.3475,11.3475,5.7255,29.736,20.4985,1.25,345.1813,2000,2000,"15,20,30,35,45",1.4142,61,NA,NA,NA,NA,NA,NA,NA,NA
4,"CRM","crm_alpha_crm",NA,NA,"alpha_crm",0.9,0,0.0714,28,3,1,3,0.38,0.65,0.3872,NA,NA,NA,20.2,5.7465,5.7465,2.702,29.736,20.4985,1.25,345.1813,2000,2000,"15,20,30,35,45",1.4142,61,NA,NA,NA,NA,NA,NA,NA,NA
4,"CRM","crm_alpha_crm",NA,NA,"alpha_crm",0.9,0,0.0714,28,3,1,4,0.45,0.792,0.4352,NA,NA,NA,4.55,1.989,1.989,0.611,29.736,20.4985,1.25,345.1813,2000,2000,"15,20,30,35,45",1.4142,61,NA,NA,NA,NA,NA,NA,NA,NA
4,"CRM","crm_alpha_crm",NA,NA,"alpha_crm",0.9,0,0.0714,28,3,1,5,0.55,0.955,0.5282,NA,NA,NA,0.5,0.4545,0.4545,0.199,29.736,20.4985,1.25,345.1813,2000,2000,"15,20,30,35,45",1.4142,61,NA,NA,NA,NA,NA,NA,NA,NA
4,"CRM","crm_cumu_crm",NA,NA,"cumu_crm",0.9,0,0.0714,28,3,1,1,0.15,0.15,0.1888,NA,NA,NA,19.1,8.118,8.118,0,29.9085,22.001,0.35,352.5736,2000,2000,NA,NA,NA,"0.15811388,0.47434165,0.79056942,1.10679718,1.42302495",-2,2,1,1.83,1.21,1,0
4,"CRM","crm_cumu_crm",NA,NA,"cumu_crm",0.9,0,0.0714,28,3,1,2,0.3,0.435,0.3033,NA,NA,NA,57.6,14.361,14.361,4.2865,29.9085,22.001,0.35,352.5736,2000,2000,NA,NA,NA,"0.15811388,0.47434165,0.79056942,1.10679718,1.42302495",-2,2,1,1.83,1.21,1,0
4,"CRM","crm_cumu_crm",NA,NA,"cumu_crm",0.9,0,0.0714,28,3,1,3,0.38,0.65,0.4421,NA,NA,NA,18.75,6.0195,6.0195,2.9845,29.9085,22.001,0.35,352.5736,2000,2000,NA,NA,NA,"0.15811388,0.47434165,0.79056942,1.10679718,1.42302495",-2,2,1,1.83,1.21,1,0
4,"CRM","crm_cumu_crm",NA,NA,"cumu_crm",0.9,0,0.0714,28,3,1,4,0.45,0.792,0.5697,NA,NA,NA,3.7,1.1775,1.1775,0.517,29.9085,22.001,0.35,352.5736,2000,2000,NA,NA,NA,"0.15811388,0.47434165,0.79056942,1.10679718,1.42302495",-2,2,1,1.83,1.21,1,0
4,"CRM","crm_cumu_crm",NA,NA,"cumu_crm",0.9,0,0.0714,28,3,1,5,0.55,0.955,0.6706,NA,NA,NA,0.5,0.2325,0.2325,0.1195,29.9085,22.001,0.35,352.5736,2000,2000,NA,NA,NA,"0.15811388,0.47434165,0.79056942,1.10679718,1.42302495",-2,2,1,1.83,1.21,1,0
5,"CRM","crm_fixed",NA,NA,"fixed",0,0,0.0714,28,1,1,1,0.3,0.3,0.2694,0,NA,NA,43.25,15.234,15.234,0,27.2535,27.2535,14.55,399.2057,2000,2000,NA,NA,NA,NA,NA,NA,NA,NA,NA,NA,NA
5,"CRM","crm_fixed",NA,NA,"fixed",0,0,0.0714,28,1,1,2,0.35,0.35,0.3248,NA,NA,NA,24.7,6.6675,6.6675,0,27.2535,27.2535,14.55,399.2057,2000,2000,NA,NA,NA,NA,NA,NA,NA,NA,NA,NA,NA
5,"CRM","crm_fixed",NA,NA,"fixed",0,0,0.0714,28,1,1,3,0.4,0.4,0.4254,NA,NA,NA,12.55,3.5565,3.5565,0,27.2535,27.2535,14.55,399.2057,2000,2000,NA,NA,NA,NA,NA,NA,NA,NA,NA,NA,NA
5,"CRM","crm_fixed",NA,NA,"fixed",0,0,0.0714,28,1,1,4,0.45,0.45,0.4724,NA,NA,NA,3.6,1.3905,1.3905,0,27.2535,27.2535,14.55,399.2057,2000,2000,NA,NA,NA,NA,NA,NA,NA,NA,NA,NA,NA
5,"CRM","crm_fixed",NA,NA,"fixed",0,0,0.0714,28,1,1,5,0.5,0.5,0.5619,NA,NA,NA,1.35,0.405,0.405,0,27.2535,27.2535,14.55,399.2057,2000,2000,NA,NA,NA,NA,NA,NA,NA,NA,NA,NA,NA
5,"CRM","crm_level",NA,NA,"level",0,0,0.0714,28,1,1,1,0.3,0.3,0.2694,NA,NA,NA,43.05,15.279,15.279,0,27.267,27.267,14.55,399.3872,2000,2000,NA,NA,NA,NA,NA,NA,NA,NA,NA,NA,NA
5,"CRM","crm_level",NA,NA,"level",0,0,0.0714,28,1,1,2,0.35,0.35,0.3248,0.093,NA,NA,24.9,6.594,6.594,0,27.267,27.267,14.55,399.3872,2000,2000,NA,NA,NA,NA,NA,NA,NA,NA,NA,NA,NA
5,"CRM","crm_level",NA,NA,"level",0,0,0.0714,28,1,1,3,0.4,0.4,0.4254,0.1163,NA,NA,12.4,3.6135,3.6135,0,27.267,27.267,14.55,399.3872,2000,2000,NA,NA,NA,NA,NA,NA,NA,NA,NA,NA,NA
5,"CRM","crm_level",NA,NA,"level",0,0,0.0714,28,1,1,4,0.45,0.45,0.4724,0.1344,NA,NA,3.85,1.3875,1.3875,0,27.267,27.267,14.55,399.3872,2000,2000,NA,NA,NA,NA,NA,NA,NA,NA,NA,NA,NA
5,"CRM","crm_level",NA,NA,"level",0,0,0.0714,28,1,1,5,0.5,0.5,0.5619,0.1462,NA,NA,1.25,0.393,0.393,0,27.267,27.267,14.55,399.3872,2000,2000,NA,NA,NA,NA,NA,NA,NA,NA,NA,NA,NA
5,"CRM","crm_random",NA,NA,"random",0,0,0.0714,28,1,1,1,0.3,0.3,0.2695,0.079,NA,NA,42.95,15.2475,15.2475,0,27.2415,27.2415,14.65,398.9585,2000,2000,NA,NA,NA,NA,NA,NA,NA,NA,NA,NA,NA
5,"CRM","crm_random",NA,NA,"random",0,0,0.0714,28,1,1,2,0.35,0.35,0.3249,NA,NA,NA,24.9,6.6105,6.6105,0,27.2415,27.2415,14.65,398.9585,2000,2000,NA,NA,NA,NA,NA,NA,NA,NA,NA,NA,NA
5,"CRM","crm_random",NA,NA,"random",0,0,0.0714,28,1,1,3,0.4,0.4,0.4255,NA,NA,NA,12.4,3.573,3.573,0,27.2415,27.2415,14.65,398.9585,2000,2000,NA,NA,NA,NA,NA,NA,NA,NA,NA,NA,NA
5,"CRM","crm_random",NA,NA,"random",0,0,0.0714,28,1,1,4,0.45,0.45,0.4725,NA,NA,NA,3.8,1.4085,1.4085,0,27.2415,27.2415,14.65,398.9585,2000,2000,NA,NA,NA,NA,NA,NA,NA,NA,NA,NA,NA
5,"CRM","crm_random",NA,NA,"random",0,0,0.0714,28,1,1,5,0.5,0.5,0.5619,NA,NA,NA,1.3,0.402,0.402,0,27.2415,27.2415,14.65,398.9585,2000,2000,NA,NA,NA,NA,NA,NA,NA,NA,NA,NA,NA
5,"CRM","crm_alpha_crm",NA,NA,"alpha_crm",0,0,0.0714,28,1,1,1,0.3,0.3,0.2648,NA,NA,NA,39.7,14.988,14.988,0,27.003,27.003,17.7,395.6282,2000,2000,"15,20,30,35,45",1.4142,61,NA,NA,NA,NA,NA,NA,NA,NA
5,"CRM","crm_alpha_crm",NA,NA,"alpha_crm",0,0,0.0714,28,1,1,2,0.35,0.35,0.32,NA,NA,NA,25.1,6.6255,6.6255,0,27.003,27.003,17.7,395.6282,2000,2000,"15,20,30,35,45",1.4142,61,NA,NA,NA,NA,NA,NA,NA,NA
5,"CRM","crm_alpha_crm",NA,NA,"alpha_crm",0,0,0.0714,28,1,1,3,0.4,0.4,0.4207,NA,NA,NA,12.3,3.603,3.603,0,27.003,27.003,17.7,395.6282,2000,2000,"15,20,30,35,45",1.4142,61,NA,NA,NA,NA,NA,NA,NA,NA
5,"CRM","crm_alpha_crm",NA,NA,"alpha_crm",0,0,0.0714,28,1,1,4,0.45,0.45,0.4678,NA,NA,NA,3.9,1.3845,1.3845,0,27.003,27.003,17.7,395.6282,2000,2000,"15,20,30,35,45",1.4142,61,NA,NA,NA,NA,NA,NA,NA,NA
5,"CRM","crm_alpha_crm",NA,NA,"alpha_crm",0,0,0.0714,28,1,1,5,0.5,0.5,0.5577,NA,NA,NA,1.3,0.402,0.402,0,27.003,27.003,17.7,395.6282,2000,2000,"15,20,30,35,45",1.4142,61,NA,NA,NA,NA,NA,NA,NA,NA
5,"CRM","crm_cumu_crm",NA,NA,"cumu_crm",0,0,0.0714,28,1,1,1,0.3,0.3,0.2256,NA,NA,NA,36.15,11.4465,11.4465,0,28.9095,28.9095,5.65,422.4539,2000,2000,NA,NA,NA,"0.15811388,0.47434165,0.79056942,1.10679718,1.42302495",-2,2,1,1.83,1.21,1,0
5,"CRM","crm_cumu_crm",NA,NA,"cumu_crm",0,0,0.0714,28,1,1,2,0.35,0.35,0.3374,NA,NA,NA,36.85,10.365,10.365,0,28.9095,28.9095,5.65,422.4539,2000,2000,NA,NA,NA,"0.15811388,0.47434165,0.79056942,1.10679718,1.42302495",-2,2,1,1.83,1.21,1,0
5,"CRM","crm_cumu_crm",NA,NA,"cumu_crm",0,0,0.0714,28,1,1,3,0.4,0.4,0.4631,NA,NA,NA,15.5,4.8705,4.8705,0,28.9095,28.9095,5.65,422.4539,2000,2000,NA,NA,NA,"0.15811388,0.47434165,0.79056942,1.10679718,1.42302495",-2,2,1,1.83,1.21,1,0
5,"CRM","crm_cumu_crm",NA,NA,"cumu_crm",0,0,0.0714,28,1,1,4,0.45,0.45,0.5771,NA,NA,NA,4.5,1.719,1.719,0,28.9095,28.9095,5.65,422.4539,2000,2000,NA,NA,NA,"0.15811388,0.47434165,0.79056942,1.10679718,1.42302495",-2,2,1,1.83,1.21,1,0
5,"CRM","crm_cumu_crm",NA,NA,"cumu_crm",0,0,0.0714,28,1,1,5,0.5,0.5,0.669,NA,NA,NA,1.35,0.5085,0.5085,0,28.9095,28.9095,5.65,422.4539,2000,2000,NA,NA,NA,"0.15811388,0.47434165,0.79056942,1.10679718,1.42302495",-2,2,1,1.83,1.21,1,0
5,"CRM","crm_fixed",NA,NA,"fixed",0,0,0.0714,28,2,1,1,0.3,0.3,0.2687,0,NA,NA,43.05,15.2265,15.2265,0,27.222,22.3085,14.8,348.6586,2000,2000,NA,NA,NA,NA,NA,NA,NA,NA,NA,NA,NA
5,"CRM","crm_fixed",NA,NA,"fixed",0,0,0.0714,28,2,1,2,0.35,0.35,0.3241,NA,NA,NA,24.6,6.627,6.627,3.767,27.222,22.3085,14.8,348.6586,2000,2000,NA,NA,NA,NA,NA,NA,NA,NA,NA,NA,NA
5,"CRM","crm_fixed",NA,NA,"fixed",0,0,0.0714,28,2,1,3,0.4,0.4,0.4248,NA,NA,NA,12.35,3.5865,3.5865,0.4085,27.222,22.3085,14.8,348.6586,2000,2000,NA,NA,NA,NA,NA,NA,NA,NA,NA,NA,NA
5,"CRM","crm_fixed",NA,NA,"fixed",0,0,0.0714,28,2,1,4,0.45,0.45,0.4718,NA,NA,NA,3.85,1.383,1.383,0.6955,27.222,22.3085,14.8,348.6586,2000,2000,NA,NA,NA,NA,NA,NA,NA,NA,NA,NA,NA
5,"CRM","crm_fixed",NA,NA,"fixed",0,0,0.0714,28,2,1,5,0.5,0.5,0.5613,NA,NA,NA,1.35,0.399,0.399,0.0425,27.222,22.3085,14.8,348.6586,2000,2000,NA,NA,NA,NA,NA,NA,NA,NA,NA,NA,NA
5,"CRM","crm_level",NA,NA,"level",0,0,0.0714,28,2,1,1,0.3,0.3,0.2613,NA,NA,NA,39.7,14.2515,14.2515,0,27.2715,22.1245,14.4,348.0479,2000,2000,NA,NA,NA,NA,NA,NA,NA,NA,NA,NA,NA
5,"CRM","crm_level",NA,NA,"level",0,0,0.0714,28,2,1,2,0.35,0.35,0.316,0.0734,NA,NA,26.15,6.8835,6.8835,3.7845,27.2715,22.1245,14.4,348.0479,2000,2000,NA,NA,NA,NA,NA,NA,NA,NA,NA,NA,NA
5,"CRM","crm_level",NA,NA,"level",0,0,0.0714,28,2,1,3,0.4,0.4,0.4161,0.107,NA,NA,12.75,3.7995,3.7995,0.507,27.2715,22.1245,14.4,348.0479,2000,2000,NA,NA,NA,NA,NA,NA,NA,NA,NA,NA,NA
5,"CRM","crm_level",NA,NA,"level",0,0,0.0714,28,2,1,4,0.45,0.45,0.463,0.1324,NA,NA,5.25,1.638,1.638,0.757,27.2715,22.1245,14.4,348.0479,2000,2000,NA,NA,NA,NA,NA,NA,NA,NA,NA,NA,NA
5,"CRM","crm_level",NA,NA,"level",0,0,0.0714,28,2,1,5,0.5,0.5,0.5529,0.1428,NA,NA,1.75,0.699,0.699,0.0985,27.2715,22.1245,14.4,348.0479,2000,2000,NA,NA,NA,NA,NA,NA,NA,NA,NA,NA,NA
5,"CRM","crm_random",NA,NA,"random",0,0,0.0714,28,2,1,1,0.3,0.3,0.2614,0.064,NA,NA,39.45,14.22,14.22,0,27.321,22.1875,14.05,348.9087,2000,2000,NA,NA,NA,NA,NA,NA,NA,NA,NA,NA,NA
5,"CRM","crm_random",NA,NA,"random",0,0,0.0714,28,2,1,2,0.35,0.35,0.316,NA,NA,NA,26.9,6.8415,6.8415,3.747,27.321,22.1875,14.05,348.9087,2000,2000,NA,NA,NA,NA,NA,NA,NA,NA,NA,NA,NA
5,"CRM","crm_random",NA,NA,"random",0,0,0.0714,28,2,1,3,0.4,0.4,0.416,NA,NA,NA,12.3,3.882,3.882,0.521,27.321,22.1875,14.05,348.9087,2000,2000,NA,NA,NA,NA,NA,NA,NA,NA,NA,NA,NA
5,"CRM","crm_random",NA,NA,"random",0,0,0.0714,28,2,1,4,0.45,0.45,0.4629,NA,NA,NA,5.4,1.686,1.686,0.7865,27.321,22.1875,14.05,348.9087,2000,2000,NA,NA,NA,NA,NA,NA,NA,NA,NA,NA,NA
5,"CRM","crm_random",NA,NA,"random",0,0,0.0714,28,2,1,5,0.5,0.5,0.5528,NA,NA,NA,1.9,0.6915,0.6915,0.079,27.321,22.1875,14.05,348.9087,2000,2000,NA,NA,NA,NA,NA,NA,NA,NA,NA,NA,NA
5,"CRM","crm_alpha_crm",NA,NA,"alpha_crm",0,0,0.0714,28,2,1,1,0.3,0.3,0.2521,NA,NA,NA,35.7,14.0595,14.0595,0,27.1365,22.012,16.7,346.594,2000,2000,"15,20,30,35,45",1.4142,61,NA,NA,NA,NA,NA,NA,NA,NA
5,"CRM","crm_alpha_crm",NA,NA,"alpha_crm",0,0,0.0714,28,2,1,2,0.35,0.35,0.3062,NA,NA,NA,24.55,6.744,6.744,3.691,27.1365,22.012,16.7,346.594,2000,2000,"15,20,30,35,45",1.4142,61,NA,NA,NA,NA,NA,NA,NA,NA
5,"CRM","crm_alpha_crm",NA,NA,"alpha_crm",0,0,0.0714,28,2,1,3,0.4,0.4,0.4059,NA,NA,NA,14.85,3.7275,3.7275,0.5755,27.1365,22.012,16.7,346.594,2000,2000,"15,20,30,35,45",1.4142,61,NA,NA,NA,NA,NA,NA,NA,NA
5,"CRM","crm_alpha_crm",NA,NA,"alpha_crm",0,0,0.0714,28,2,1,4,0.45,0.45,0.453,NA,NA,NA,5.95,1.749,1.749,0.7395,27.1365,22.012,16.7,346.594,2000,2000,"15,20,30,35,45",1.4142,61,NA,NA,NA,NA,NA,NA,NA,NA
5,"CRM","crm_alpha_crm",NA,NA,"alpha_crm",0,0,0.0714,28,2,1,5,0.5,0.5,0.5435,NA,NA,NA,2.25,0.8565,0.8565,0.1185,27.1365,22.012,16.7,346.594,2000,2000,"15,20,30,35,45",1.4142,61,NA,NA,NA,NA,NA,NA,NA,NA
5,"CRM","crm_cumu_crm",NA,NA,"cumu_crm",0,0,0.0714,28,2,1,1,0.3,0.3,0.2191,NA,NA,NA,33.9,11.1165,11.1165,0,28.92,23.6875,5.5,364.7126,2000,2000,NA,NA,NA,"0.15811388,0.47434165,0.79056942,1.10679718,1.42302495",-2,2,1,1.83,1.21,1,0
5,"CRM","crm_cumu_crm",NA,NA,"cumu_crm",0,0,0.0714,28,2,1,2,0.35,0.35,0.3248,NA,NA,NA,33.35,9.957,9.957,3.183,28.92,23.6875,5.5,364.7126,2000,2000,NA,NA,NA,"0.15811388,0.47434165,0.79056942,1.10679718,1.42302495",-2,2,1,1.83,1.21,1,0
5,"CRM","crm_cumu_crm",NA,NA,"cumu_crm",0,0,0.0714,28,2,1,3,0.4,0.4,0.4443,NA,NA,NA,17.8,4.956,4.956,1.11,28.92,23.6875,5.5,364.7126,2000,2000,NA,NA,NA,"0.15811388,0.47434165,0.79056942,1.10679718,1.42302495",-2,2,1,1.83,1.21,1,0
5,"CRM","crm_cumu_crm",NA,NA,"cumu_crm",0,0,0.0714,28,2,1,4,0.45,0.45,0.5542,NA,NA,NA,6.5,1.983,1.983,0.7895,28.92,23.6875,5.5,364.7126,2000,2000,NA,NA,NA,"0.15811388,0.47434165,0.79056942,1.10679718,1.42302495",-2,2,1,1.83,1.21,1,0
5,"CRM","crm_cumu_crm",NA,NA,"cumu_crm",0,0,0.0714,28,2,1,5,0.5,0.5,0.6448,NA,NA,NA,2.95,0.9075,0.9075,0.15,28.92,23.6875,5.5,364.7126,2000,2000,NA,NA,NA,"0.15811388,0.47434165,0.79056942,1.10679718,1.42302495",-2,2,1,1.83,1.21,1,0
5,"CRM","crm_fixed",NA,NA,"fixed",0,0,0.0714,28,3,1,1,0.3,0.3,0.2693,0,NA,NA,43.3,15.228,15.228,0,27.2325,21.3995,14.6,341.3303,2000,2000,NA,NA,NA,NA,NA,NA,NA,NA,NA,NA,NA
5,"CRM","crm_fixed",NA,NA,"fixed",0,0,0.0714,28,3,1,2,0.35,0.35,0.3247,NA,NA,NA,24.7,6.6495,6.6495,3.769,27.2325,21.3995,14.6,341.3303,2000,2000,NA,NA,NA,NA,NA,NA,NA,NA,NA,NA,NA
5,"CRM","crm_fixed",NA,NA,"fixed",0,0,0.0714,28,3,1,3,0.4,0.4,0.4253,NA,NA,NA,12.25,3.5595,3.5595,1.5555,27.2325,21.3995,14.6,341.3303,2000,2000,NA,NA,NA,NA,NA,NA,NA,NA,NA,NA,NA
5,"CRM","crm_fixed",NA,NA,"fixed",0,0,0.0714,28,3,1,4,0.45,0.45,0.4723,NA,NA,NA,3.8,1.383,1.383,0.3625,27.2325,21.3995,14.6,341.3303,2000,2000,NA,NA,NA,NA,NA,NA,NA,NA,NA,NA,NA
5,"CRM","crm_fixed",NA,NA,"fixed",0,0,0.0714,28,3,1,5,0.5,0.5,0.5618,NA,NA,NA,1.35,0.4125,0.4125,0.146,27.2325,21.3995,14.6,341.3303,2000,2000,NA,NA,NA,NA,NA,NA,NA,NA,NA,NA,NA
5,"CRM","crm_level",NA,NA,"level",0,0,0.0714,28,3,1,1,0.3,0.3,0.259,NA,NA,NA,38.7,14.0505,14.0505,0,27.303,21.0695,14.1,340.1887,2000,2000,NA,NA,NA,NA,NA,NA,NA,NA,NA,NA,NA
5,"CRM","crm_level",NA,NA,"level",0,0,0.0714,28,3,1,2,0.35,0.35,0.3135,0.0743,NA,NA,25.95,6.7725,6.7725,3.7645,27.303,21.0695,14.1,340.1887,2000,2000,NA,NA,NA,NA,NA,NA,NA,NA,NA,NA,NA
5,"CRM","crm_level",NA,NA,"level",0,0,0.0714,28,3,1,3,0.4,0.4,0.4133,0.1021,NA,NA,13.9,3.915,3.915,1.722,27.303,21.0695,14.1,340.1887,2000,2000,NA,NA,NA,NA,NA,NA,NA,NA,NA,NA,NA
5,"CRM","crm_level",NA,NA,"level",0,0,0.0714,28,3,1,4,0.45,0.45,0.4603,0.1299,NA,NA,5.3,1.782,1.782,0.453,27.303,21.0695,14.1,340.1887,2000,2000,NA,NA,NA,NA,NA,NA,NA,NA,NA,NA,NA
5,"CRM","crm_level",NA,NA,"level",0,0,0.0714,28,3,1,5,0.5,0.5,0.5503,0.1415,NA,NA,2.05,0.783,0.783,0.294,27.303,21.0695,14.1,340.1887,2000,2000,NA,NA,NA,NA,NA,NA,NA,NA,NA,NA,NA
5,"CRM","crm_random",NA,NA,"random",0,0,0.0714,28,3,1,1,0.3,0.3,0.2607,0.0574,NA,NA,39.55,14.1285,14.1285,0,27.315,21.118,14,340.2427,2000,2000,NA,NA,NA,NA,NA,NA,NA,NA,NA,NA,NA
5,"CRM","crm_random",NA,NA,"random",0,0,0.0714,28,3,1,2,0.35,0.35,0.3153,NA,NA,NA,26,6.6975,6.6975,3.7045,27.315,21.118,14,340.2427,2000,2000,NA,NA,NA,NA,NA,NA,NA,NA,NA,NA,NA
5,"CRM","crm_random",NA,NA,"random",0,0,0.0714,28,3,1,3,0.4,0.4,0.4152,NA,NA,NA,13.75,3.9585,3.9585,1.746,27.315,21.118,14,340.2427,2000,2000,NA,NA,NA,NA,NA,NA,NA,NA,NA,NA,NA
5,"CRM","crm_random",NA,NA,"random",0,0,0.0714,28,3,1,4,0.45,0.45,0.4621,NA,NA,NA,4.65,1.7655,1.7655,0.4585,27.315,21.118,14,340.2427,2000,2000,NA,NA,NA,NA,NA,NA,NA,NA,NA,NA,NA
5,"CRM","crm_random",NA,NA,"random",0,0,0.0714,28,3,1,5,0.5,0.5,0.5519,NA,NA,NA,2.05,0.765,0.765,0.288,27.315,21.118,14,340.2427,2000,2000,NA,NA,NA,NA,NA,NA,NA,NA,NA,NA,NA
5,"CRM","crm_alpha_crm",NA,NA,"alpha_crm",0,0,0.0714,28,3,1,1,0.3,0.3,0.2466,NA,NA,NA,33.95,13.8075,13.8075,0,27.1335,20.9745,16.7,338.1779,2000,2000,"15,20,30,35,45",1.4142,61,NA,NA,NA,NA,NA,NA,NA,NA
5,"CRM","crm_alpha_crm",NA,NA,"alpha_crm",0,0,0.0714,28,3,1,2,0.35,0.35,0.3003,NA,NA,NA,23.45,6.3225,6.3225,3.6465,27.1335,20.9745,16.7,338.1779,2000,2000,"15,20,30,35,45",1.4142,61,NA,NA,NA,NA,NA,NA,NA,NA
5,"CRM","crm_alpha_crm",NA,NA,"alpha_crm",0,0,0.0714,28,3,1,3,0.4,0.4,0.3995,NA,NA,NA,16.3,3.78,3.78,1.741,27.1335,20.9745,16.7,338.1779,2000,2000,"15,20,30,35,45",1.4142,61,NA,NA,NA,NA,NA,NA,NA,NA
5,"CRM","crm_alpha_crm",NA,NA,"alpha_crm",0,0,0.0714,28,3,1,4,0.45,0.45,0.4465,NA,NA,NA,6.1,2.1195,2.1195,0.423,27.1335,20.9745,16.7,338.1779,2000,2000,"15,20,30,35,45",1.4142,61,NA,NA,NA,NA,NA,NA,NA,NA
5,"CRM","crm_alpha_crm",NA,NA,"alpha_crm",0,0,0.0714,28,3,1,5,0.5,0.5,0.5372,NA,NA,NA,3.5,1.104,1.104,0.3485,27.1335,20.9745,16.7,338.1779,2000,2000,"15,20,30,35,45",1.4142,61,NA,NA,NA,NA,NA,NA,NA,NA
5,"CRM","crm_cumu_crm",NA,NA,"cumu_crm",0,0,0.0714,28,3,1,1,0.3,0.3,0.2164,NA,NA,NA,32.4,10.9755,10.9755,0,28.932,22.546,5.4,354.5904,2000,2000,NA,NA,NA,"0.15811388,0.47434165,0.79056942,1.10679718,1.42302495",-2,2,1,1.83,1.21,1,0
5,"CRM","crm_cumu_crm",NA,NA,"cumu_crm",0,0,0.0714,28,3,1,2,0.35,0.35,0.3187,NA,NA,NA,32,9.435,9.435,3.1675,28.932,22.546,5.4,354.5904,2000,2000,NA,NA,NA,"0.15811388,0.47434165,0.79056942,1.10679718,1.42302495",-2,2,1,1.83,1.21,1,0
5,"CRM","crm_cumu_crm",NA,NA,"cumu_crm",0,0,0.0714,28,3,1,3,0.4,0.4,0.4347,NA,NA,NA,18.95,5.1915,5.1915,2.217,28.932,22.546,5.4,354.5904,2000,2000,NA,NA,NA,"0.15811388,0.47434165,0.79056942,1.10679718,1.42302495",-2,2,1,1.83,1.21,1,0
5,"CRM","crm_cumu_crm",NA,NA,"cumu_crm",0,0,0.0714,28,3,1,4,0.45,0.45,0.5426,NA,NA,NA,7.95,2.2875,2.2875,0.634,28.932,22.546,5.4,354.5904,2000,2000,NA,NA,NA,"0.15811388,0.47434165,0.79056942,1.10679718,1.42302495",-2,2,1,1.83,1.21,1,0
5,"CRM","crm_cumu_crm",NA,NA,"cumu_crm",0,0,0.0714,28,3,1,5,0.5,0.5,0.6329,NA,NA,NA,3.3,1.0425,1.0425,0.3675,28.932,22.546,5.4,354.5904,2000,2000,NA,NA,NA,"0.15811388,0.47434165,0.79056942,1.10679718,1.42302495",-2,2,1,1.83,1.21,1,0
5,"CRM","crm_fixed",NA,NA,"fixed",0.3,0,0.0714,28,1,1,1,0.3,0.3,0.2696,0,NA,NA,43.3,15.2805,15.2805,0,27.2595,27.2595,14.45,399.285,2000,2000,NA,NA,NA,NA,NA,NA,NA,NA,NA,NA,NA
5,"CRM","crm_fixed",NA,NA,"fixed",0.3,0,0.0714,28,1,1,2,0.35,0.44,0.325,NA,NA,NA,24.65,6.6075,6.6075,0,27.2595,27.2595,14.45,399.285,2000,2000,NA,NA,NA,NA,NA,NA,NA,NA,NA,NA,NA
5,"CRM","crm_fixed",NA,NA,"fixed",0.3,0,0.0714,28,1,1,3,0.4,0.505,0.4256,NA,NA,NA,12.55,3.573,3.573,0,27.2595,27.2595,14.45,399.285,2000,2000,NA,NA,NA,NA,NA,NA,NA,NA,NA,NA,NA
5,"CRM","crm_fixed",NA,NA,"fixed",0.3,0,0.0714,28,1,1,4,0.45,0.57,0.4726,NA,NA,NA,3.75,1.41,1.41,0,27.2595,27.2595,14.45,399.285,2000,2000,NA,NA,NA,NA,NA,NA,NA,NA,NA,NA,NA
5,"CRM","crm_fixed",NA,NA,"fixed",0.3,0,0.0714,28,1,1,5,0.5,0.635,0.5621,NA,NA,NA,1.3,0.3885,0.3885,0,27.2595,27.2595,14.45,399.285,2000,2000,NA,NA,NA,NA,NA,NA,NA,NA,NA,NA,NA
5,"CRM","crm_level",NA,NA,"level",0.3,0,0.0714,28,1,1,1,0.3,0.3,0.2693,NA,NA,NA,43.25,15.2505,15.2505,0,27.2415,27.2415,14.65,399.0345,2000,2000,NA,NA,NA,NA,NA,NA,NA,NA,NA,NA,NA
5,"CRM","crm_level",NA,NA,"level",0.3,0,0.0714,28,1,1,2,0.35,0.44,0.3247,0.0939,NA,NA,24.6,6.609,6.609,0,27.2415,27.2415,14.65,399.0345,2000,2000,NA,NA,NA,NA,NA,NA,NA,NA,NA,NA,NA
5,"CRM","crm_level",NA,NA,"level",0.3,0,0.0714,28,1,1,3,0.4,0.505,0.4253,0.1174,NA,NA,12.4,3.5835,3.5835,0,27.2415,27.2415,14.65,399.0345,2000,2000,NA,NA,NA,NA,NA,NA,NA,NA,NA,NA,NA
5,"CRM","crm_level",NA,NA,"level",0.3,0,0.0714,28,1,1,4,0.45,0.57,0.4723,0.1343,NA,NA,3.85,1.407,1.407,0,27.2415,27.2415,14.65,399.0345,2000,2000,NA,NA,NA,NA,NA,NA,NA,NA,NA,NA,NA
5,"CRM","crm_level",NA,NA,"level",0.3,0,0.0714,28,1,1,5,0.5,0.635,0.5618,0.1459,NA,NA,1.25,0.3915,0.3915,0,27.2415,27.2415,14.65,399.0345,2000,2000,NA,NA,NA,NA,NA,NA,NA,NA,NA,NA,NA
5,"CRM","crm_random",NA,NA,"random",0.3,0,0.0714,28,1,1,1,0.3,0.3,0.2697,0.0822,NA,NA,43.3,15.285,15.285,0,27.2595,27.2595,14.5,399.223,2000,2000,NA,NA,NA,NA,NA,NA,NA,NA,NA,NA,NA
5,"CRM","crm_random",NA,NA,"random",0.3,0,0.0714,28,1,1,2,0.35,0.44,0.325,NA,NA,NA,24.95,6.609,6.609,0,27.2595,27.2595,14.5,399.223,2000,2000,NA,NA,NA,NA,NA,NA,NA,NA,NA,NA,NA
5,"CRM","crm_random",NA,NA,"random",0.3,0,0.0714,28,1,1,3,0.4,0.505,0.4257,NA,NA,NA,12.1,3.5655,3.5655,0,27.2595,27.2595,14.5,399.223,2000,2000,NA,NA,NA,NA,NA,NA,NA,NA,NA,NA,NA
5,"CRM","crm_random",NA,NA,"random",0.3,0,0.0714,28,1,1,4,0.45,0.57,0.4727,NA,NA,NA,3.9,1.4055,1.4055,0,27.2595,27.2595,14.5,399.223,2000,2000,NA,NA,NA,NA,NA,NA,NA,NA,NA,NA,NA
5,"CRM","crm_random",NA,NA,"random",0.3,0,0.0714,28,1,1,5,0.5,0.635,0.5621,NA,NA,NA,1.25,0.3945,0.3945,0,27.2595,27.2595,14.5,399.223,2000,2000,NA,NA,NA,NA,NA,NA,NA,NA,NA,NA,NA
5,"CRM","crm_alpha_crm",NA,NA,"alpha_crm",0.3,0,0.0714,28,1,1,1,0.3,0.3,0.2648,NA,NA,NA,39.7,14.988,14.988,0,27.003,27.003,17.7,395.6282,2000,2000,"15,20,30,35,45",1.4142,61,NA,NA,NA,NA,NA,NA,NA,NA
5,"CRM","crm_alpha_crm",NA,NA,"alpha_crm",0.3,0,0.0714,28,1,1,2,0.35,0.44,0.32,NA,NA,NA,25.1,6.6255,6.6255,0,27.003,27.003,17.7,395.6282,2000,2000,"15,20,30,35,45",1.4142,61,NA,NA,NA,NA,NA,NA,NA,NA
5,"CRM","crm_alpha_crm",NA,NA,"alpha_crm",0.3,0,0.0714,28,1,1,3,0.4,0.505,0.4207,NA,NA,NA,12.3,3.603,3.603,0,27.003,27.003,17.7,395.6282,2000,2000,"15,20,30,35,45",1.4142,61,NA,NA,NA,NA,NA,NA,NA,NA
5,"CRM","crm_alpha_crm",NA,NA,"alpha_crm",0.3,0,0.0714,28,1,1,4,0.45,0.57,0.4678,NA,NA,NA,3.9,1.3845,1.3845,0,27.003,27.003,17.7,395.6282,2000,2000,"15,20,30,35,45",1.4142,61,NA,NA,NA,NA,NA,NA,NA,NA
5,"CRM","crm_alpha_crm",NA,NA,"alpha_crm",0.3,0,0.0714,28,1,1,5,0.5,0.635,0.5577,NA,NA,NA,1.3,0.402,0.402,0,27.003,27.003,17.7,395.6282,2000,2000,"15,20,30,35,45",1.4142,61,NA,NA,NA,NA,NA,NA,NA,NA
5,"CRM","crm_cumu_crm",NA,NA,"cumu_crm",0.3,0,0.0714,28,1,1,1,0.3,0.3,0.2255,NA,NA,NA,36.5,11.478,11.478,0,28.902,28.902,5.7,422.212,2000,2000,NA,NA,NA,"0.15811388,0.47434165,0.79056942,1.10679718,1.42302495",-2,2,1,1.83,1.21,1,0
5,"CRM","crm_cumu_crm",NA,NA,"cumu_crm",0.3,0,0.0714,28,1,1,2,0.35,0.44,0.3373,NA,NA,NA,36.45,10.3125,10.3125,0,28.902,28.902,5.7,422.212,2000,2000,NA,NA,NA,"0.15811388,0.47434165,0.79056942,1.10679718,1.42302495",-2,2,1,1.83,1.21,1,0
5,"CRM","crm_cumu_crm",NA,NA,"cumu_crm",0.3,0,0.0714,28,1,1,3,0.4,0.505,0.4631,NA,NA,NA,15.55,4.89,4.89,0,28.902,28.902,5.7,422.212,2000,2000,NA,NA,NA,"0.15811388,0.47434165,0.79056942,1.10679718,1.42302495",-2,2,1,1.83,1.21,1,0
5,"CRM","crm_cumu_crm",NA,NA,"cumu_crm",0.3,0,0.0714,28,1,1,4,0.45,0.57,0.5771,NA,NA,NA,4.45,1.7145,1.7145,0,28.902,28.902,5.7,422.212,2000,2000,NA,NA,NA,"0.15811388,0.47434165,0.79056942,1.10679718,1.42302495",-2,2,1,1.83,1.21,1,0
5,"CRM","crm_cumu_crm",NA,NA,"cumu_crm",0.3,0,0.0714,28,1,1,5,0.5,0.635,0.6691,NA,NA,NA,1.35,0.507,0.507,0,28.902,28.902,5.7,422.212,2000,2000,NA,NA,NA,"0.15811388,0.47434165,0.79056942,1.10679718,1.42302495",-2,2,1,1.83,1.21,1,0
5,"CRM","crm_fixed",NA,NA,"fixed",0.3,0,0.0714,28,2,1,1,0.3,0.3,0.2876,0,NA,NA,51.65,16.9245,16.9245,0,27.183,22.5345,15.35,349.9145,2000,2000,NA,NA,NA,NA,NA,NA,NA,NA,NA,NA,NA
5,"CRM","crm_fixed",NA,NA,"fixed",0.3,0,0.0714,28,2,1,2,0.35,0.44,0.3441,NA,NA,NA,22.4,6.3915,6.3915,3.841,27.183,22.5345,15.35,349.9145,2000,2000,NA,NA,NA,NA,NA,NA,NA,NA,NA,NA,NA
5,"CRM","crm_fixed",NA,NA,"fixed",0.3,0,0.0714,28,2,1,3,0.4,0.505,0.4453,NA,NA,NA,8.35,2.814,2.814,0.3185,27.183,22.5345,15.35,349.9145,2000,2000,NA,NA,NA,NA,NA,NA,NA,NA,NA,NA,NA
5,"CRM","crm_fixed",NA,NA,"fixed",0.3,0,0.0714,28,2,1,4,0.45,0.57,0.4921,NA,NA,NA,1.75,0.831,0.831,0.464,27.183,22.5345,15.35,349.9145,2000,2000,NA,NA,NA,NA,NA,NA,NA,NA,NA,NA,NA
5,"CRM","crm_fixed",NA,NA,"fixed",0.3,0,0.0714,28,2,1,5,0.5,0.635,0.5803,NA,NA,NA,0.5,0.222,0.222,0.025,27.183,22.5345,15.35,349.9145,2000,2000,NA,NA,NA,NA,NA,NA,NA,NA,NA,NA,NA
5,"CRM","crm_level",NA,NA,"level",0.3,0,0.0714,28,2,1,1,0.3,0.3,0.276,NA,NA,NA,46.4,15.4155,15.4155,0,27.2505,22.197,14.7,348.7629,2000,2000,NA,NA,NA,NA,NA,NA,NA,NA,NA,NA,NA
5,"CRM","crm_level",NA,NA,"level",0.3,0,0.0714,28,2,1,2,0.35,0.44,0.3316,0.094,NA,NA,24.55,6.945,6.945,3.91,27.2505,22.197,14.7,348.7629,2000,2000,NA,NA,NA,NA,NA,NA,NA,NA,NA,NA,NA
5,"CRM","crm_level",NA,NA,"level",0.3,0,0.0714,28,2,1,3,0.4,0.505,0.4322,0.1176,NA,NA,10.3,3.303,3.303,0.5,27.2505,22.197,14.7,348.7629,2000,2000,NA,NA,NA,NA,NA,NA,NA,NA,NA,NA,NA
5,"CRM","crm_level",NA,NA,"level",0.3,0,0.0714,28,2,1,4,0.45,0.57,0.479,0.1394,NA,NA,3.15,1.17,1.17,0.588,27.2505,22.197,14.7,348.7629,2000,2000,NA,NA,NA,NA,NA,NA,NA,NA,NA,NA,NA
5,"CRM","crm_level",NA,NA,"level",0.3,0,0.0714,28,2,1,5,0.5,0.635,0.5679,0.146,NA,NA,0.9,0.417,0.417,0.0555,27.2505,22.197,14.7,348.7629,2000,2000,NA,NA,NA,NA,NA,NA,NA,NA,NA,NA,NA
5,"CRM","crm_random",NA,NA,"random",0.3,0,0.0714,28,2,1,1,0.3,0.3,0.2766,0.0798,NA,NA,46.7,15.378,15.378,0,27.225,22.1805,15,347.9599,2000,2000,NA,NA,NA,NA,NA,NA,NA,NA,NA,NA,NA
5,"CRM","crm_random",NA,NA,"random",0.3,0,0.0714,28,2,1,2,0.35,0.44,0.3322,NA,NA,NA,24.6,6.9285,6.9285,3.916,27.225,22.1805,15,347.9599,2000,2000,NA,NA,NA,NA,NA,NA,NA,NA,NA,NA,NA
5,"CRM","crm_random",NA,NA,"random",0.3,0,0.0714,28,2,1,3,0.4,0.505,0.4328,NA,NA,NA,9.8,3.261,3.261,0.493,27.225,22.1805,15,347.9599,2000,2000,NA,NA,NA,NA,NA,NA,NA,NA,NA,NA,NA
5,"CRM","crm_random",NA,NA,"random",0.3,0,0.0714,28,2,1,4,0.45,0.57,0.4795,NA,NA,NA,2.8,1.1955,1.1955,0.585,27.225,22.1805,15,347.9599,2000,2000,NA,NA,NA,NA,NA,NA,NA,NA,NA,NA,NA
5,"CRM","crm_random",NA,NA,"random",0.3,0,0.0714,28,2,1,5,0.5,0.635,0.5684,NA,NA,NA,1.1,0.462,0.462,0.0505,27.225,22.1805,15,347.9599,2000,2000,NA,NA,NA,NA,NA,NA,NA,NA,NA,NA,NA
5,"CRM","crm_alpha_crm",NA,NA,"alpha_crm",0.3,0,0.0714,28,2,1,1,0.3,0.3,0.2704,NA,NA,NA,43.8,15.393,15.393,0,27.0555,22.1435,17.45,346.9721,2000,2000,"15,20,30,35,45",1.4142,61,NA,NA,NA,NA,NA,NA,NA,NA
5,"CRM","crm_alpha_crm",NA,NA,"alpha_crm",0.3,0,0.0714,28,2,1,2,0.35,0.44,0.3259,NA,NA,NA,22.85,6.8115,6.8115,3.7485,27.0555,22.1435,17.45,346.9721,2000,2000,"15,20,30,35,45",1.4142,61,NA,NA,NA,NA,NA,NA,NA,NA
5,"CRM","crm_alpha_crm",NA,NA,"alpha_crm",0.3,0,0.0714,28,2,1,3,0.4,0.505,0.4265,NA,NA,NA,10.9,3.1755,3.1755,0.5705,27.0555,22.1435,17.45,346.9721,2000,2000,"15,20,30,35,45",1.4142,61,NA,NA,NA,NA,NA,NA,NA,NA
5,"CRM","crm_alpha_crm",NA,NA,"alpha_crm",0.3,0,0.0714,28,2,1,4,0.45,0.57,0.4735,NA,NA,NA,3.75,1.197,1.197,0.519,27.0555,22.1435,17.45,346.9721,2000,2000,"15,20,30,35,45",1.4142,61,NA,NA,NA,NA,NA,NA,NA,NA
5,"CRM","crm_alpha_crm",NA,NA,"alpha_crm",0.3,0,0.0714,28,2,1,5,0.5,0.635,0.5629,NA,NA,NA,1.25,0.4785,0.4785,0.074,27.0555,22.1435,17.45,346.9721,2000,2000,"15,20,30,35,45",1.4142,61,NA,NA,NA,NA,NA,NA,NA,NA
5,"CRM","crm_cumu_crm",NA,NA,"cumu_crm",0.3,0,0.0714,28,2,1,1,0.3,0.3,0.2329,NA,NA,NA,42.35,12.726,12.726,0,28.8855,23.871,5.7,366.3095,2000,2000,NA,NA,NA,"0.15811388,0.47434165,0.79056942,1.10679718,1.42302495",-2,2,1,1.83,1.21,1,0
5,"CRM","crm_cumu_crm",NA,NA,"cumu_crm",0.3,0,0.0714,28,2,1,2,0.35,0.44,0.3498,NA,NA,NA,32.75,10.302,10.302,3.317,28.8855,23.871,5.7,366.3095,2000,2000,NA,NA,NA,"0.15811388,0.47434165,0.79056942,1.10679718,1.42302495",-2,2,1,1.83,1.21,1,0
5,"CRM","crm_cumu_crm",NA,NA,"cumu_crm",0.3,0,0.0714,28,2,1,3,0.4,0.505,0.4778,NA,NA,NA,13.55,4.0335,4.0335,1.038,28.8855,23.871,5.7,366.3095,2000,2000,NA,NA,NA,"0.15811388,0.47434165,0.79056942,1.10679718,1.42302495",-2,2,1,1.83,1.21,1,0
5,"CRM","crm_cumu_crm",NA,NA,"cumu_crm",0.3,0,0.0714,28,2,1,4,0.45,0.57,0.59,NA,NA,NA,4.05,1.3155,1.3155,0.564,28.8855,23.871,5.7,366.3095,2000,2000,NA,NA,NA,"0.15811388,0.47434165,0.79056942,1.10679718,1.42302495",-2,2,1,1.83,1.21,1,0
5,"CRM","crm_cumu_crm",NA,NA,"cumu_crm",0.3,0,0.0714,28,2,1,5,0.5,0.635,0.6786,NA,NA,NA,1.6,0.5085,0.5085,0.0955,28.8855,23.871,5.7,366.3095,2000,2000,NA,NA,NA,"0.15811388,0.47434165,0.79056942,1.10679718,1.42302495",-2,2,1,1.83,1.21,1,0
5,"CRM","crm_fixed",NA,NA,"fixed",0.3,0,0.0714,28,3,1,1,0.3,0.3,0.2887,0,NA,NA,51.65,17.0355,17.0355,0,27.1755,21.834,15.25,343.7875,2000,2000,NA,NA,NA,NA,NA,NA,NA,NA,NA,NA,NA
5,"CRM","crm_fixed",NA,NA,"fixed",0.3,0,0.0714,28,3,1,2,0.35,0.44,0.3452,NA,NA,NA,22.7,6.429,6.429,3.8355,27.1755,21.834,15.25,343.7875,2000,2000,NA,NA,NA,NA,NA,NA,NA,NA,NA,NA,NA
5,"CRM","crm_fixed",NA,NA,"fixed",0.3,0,0.0714,28,3,1,3,0.4,0.505,0.4465,NA,NA,NA,8.05,2.733,2.733,1.1945,27.1755,21.834,15.25,343.7875,2000,2000,NA,NA,NA,NA,NA,NA,NA,NA,NA,NA,NA
5,"CRM","crm_fixed",NA,NA,"fixed",0.3,0,0.0714,28,3,1,4,0.45,0.57,0.4932,NA,NA,NA,2,0.765,0.765,0.227,27.1755,21.834,15.25,343.7875,2000,2000,NA,NA,NA,NA,NA,NA,NA,NA,NA,NA,NA
5,"CRM","crm_fixed",NA,NA,"fixed",0.3,0,0.0714,28,3,1,5,0.5,0.635,0.5814,NA,NA,NA,0.35,0.213,0.213,0.0845,27.1755,21.834,15.25,343.7875,2000,2000,NA,NA,NA,NA,NA,NA,NA,NA,NA,NA,NA
5,"CRM","crm_level",NA,NA,"level",0.3,0,0.0714,28,3,1,1,0.3,0.3,0.276,NA,NA,NA,46.65,15.348,15.348,0,27.276,21.406,14.5,341.9574,2000,2000,NA,NA,NA,NA,NA,NA,NA,NA,NA,NA,NA
5,"CRM","crm_level",NA,NA,"level",0.3,0,0.0714,28,3,1,2,0.35,0.44,0.3316,0.0899,NA,NA,24.65,6.8715,6.8715,3.853,27.276,21.406,14.5,341.9574,2000,2000,NA,NA,NA,NA,NA,NA,NA,NA,NA,NA,NA
5,"CRM","crm_level",NA,NA,"level",0.3,0,0.0714,28,3,1,3,0.4,0.505,0.4321,0.1158,NA,NA,10.35,3.4005,3.4005,1.457,27.276,21.406,14.5,341.9574,2000,2000,NA,NA,NA,NA,NA,NA,NA,NA,NA,NA,NA
5,"CRM","crm_level",NA,NA,"level",0.3,0,0.0714,28,3,1,4,0.45,0.57,0.4789,0.1389,NA,NA,3.1,1.23,1.23,0.3905,27.276,21.406,14.5,341.9574,2000,2000,NA,NA,NA,NA,NA,NA,NA,NA,NA,NA,NA
5,"CRM","crm_level",NA,NA,"level",0.3,0,0.0714,28,3,1,5,0.5,0.635,0.5678,0.1471,NA,NA,0.75,0.426,0.426,0.1695,27.276,21.406,14.5,341.9574,2000,2000,NA,NA,NA,NA,NA,NA,NA,NA,NA,NA,NA
5,"CRM","crm_random",NA,NA,"random",0.3,0,0.0714,28,3,1,1,0.3,0.3,0.2764,0.0827,NA,NA,46.9,15.384,15.384,0,27.261,21.33,14.8,341.3875,2000,2000,NA,NA,NA,NA,NA,NA,NA,NA,NA,NA,NA
5,"CRM","crm_random",NA,NA,"random",0.3,0,0.0714,28,3,1,2,0.35,0.44,0.3318,NA,NA,NA,23.75,6.735,6.735,3.8245,27.261,21.33,14.8,341.3875,2000,2000,NA,NA,NA,NA,NA,NA,NA,NA,NA,NA,NA
5,"CRM","crm_random",NA,NA,"random",0.3,0,0.0714,28,3,1,3,0.4,0.505,0.4321,NA,NA,NA,9.5,3.225,3.225,1.4925,27.261,21.33,14.8,341.3875,2000,2000,NA,NA,NA,NA,NA,NA,NA,NA,NA,NA,NA
5,"CRM","crm_random",NA,NA,"random",0.3,0,0.0714,28,3,1,4,0.45,0.57,0.4788,NA,NA,NA,3.75,1.3905,1.3905,0.411,27.261,21.33,14.8,341.3875,2000,2000,NA,NA,NA,NA,NA,NA,NA,NA,NA,NA,NA
5,"CRM","crm_random",NA,NA,"random",0.3,0,0.0714,28,3,1,5,0.5,0.635,0.5675,NA,NA,NA,1.3,0.5265,0.5265,0.203,27.261,21.33,14.8,341.3875,2000,2000,NA,NA,NA,NA,NA,NA,NA,NA,NA,NA,NA
5,"CRM","crm_alpha_crm",NA,NA,"alpha_crm",0.3,0,0.0714,28,3,1,1,0.3,0.3,0.2676,NA,NA,NA,43.1,15.2565,15.2565,0,27.051,21.306,17.45,340.1524,2000,2000,"15,20,30,35,45",1.4142,61,NA,NA,NA,NA,NA,NA,NA,NA
5,"CRM","crm_alpha_crm",NA,NA,"alpha_crm",0.3,0,0.0714,28,3,1,2,0.35,0.44,0.3227,NA,NA,NA,22.5,6.5265,6.5265,3.7175,27.051,21.306,17.45,340.1524,2000,2000,"15,20,30,35,45",1.4142,61,NA,NA,NA,NA,NA,NA,NA,NA
5,"CRM","crm_alpha_crm",NA,NA,"alpha_crm",0.3,0,0.0714,28,3,1,3,0.4,0.505,0.423,NA,NA,NA,10.85,3.1665,3.1665,1.434,27.051,21.306,17.45,340.1524,2000,2000,"15,20,30,35,45",1.4142,61,NA,NA,NA,NA,NA,NA,NA,NA
5,"CRM","crm_alpha_crm",NA,NA,"alpha_crm",0.3,0,0.0714,28,3,1,4,0.45,0.57,0.4698,NA,NA,NA,4.3,1.4265,1.4265,0.356,27.051,21.306,17.45,340.1524,2000,2000,"15,20,30,35,45",1.4142,61,NA,NA,NA,NA,NA,NA,NA,NA
5,"CRM","crm_alpha_crm",NA,NA,"alpha_crm",0.3,0,0.0714,28,3,1,5,0.5,0.635,0.5593,NA,NA,NA,1.8,0.675,0.675,0.2375,27.051,21.306,17.45,340.1524,2000,2000,"15,20,30,35,45",1.4142,61,NA,NA,NA,NA,NA,NA,NA,NA
5,"CRM","crm_cumu_crm",NA,NA,"cumu_crm",0.3,0,0.0714,28,3,1,1,0.3,0.3,0.2323,NA,NA,NA,42.1,12.771,12.771,0,28.914,22.9635,5.6,358.0921,2000,2000,NA,NA,NA,"0.15811388,0.47434165,0.79056942,1.10679718,1.42302495",-2,2,1,1.83,1.21,1,0
5,"CRM","crm_cumu_crm",NA,NA,"cumu_crm",0.3,0,0.0714,28,3,1,2,0.35,0.44,0.3486,NA,NA,NA,33.35,10.197,10.197,3.3185,28.914,22.9635,5.6,358.0921,2000,2000,NA,NA,NA,"0.15811388,0.47434165,0.79056942,1.10679718,1.42302495",-2,2,1,1.83,1.21,1,0
5,"CRM","crm_cumu_crm",NA,NA,"cumu_crm",0.3,0,0.0714,28,3,1,3,0.4,0.505,0.4759,NA,NA,NA,12.4,4.1595,4.1595,1.999,28.914,22.9635,5.6,358.0921,2000,2000,NA,NA,NA,"0.15811388,0.47434165,0.79056942,1.10679718,1.42302495",-2,2,1,1.83,1.21,1,0
5,"CRM","crm_cumu_crm",NA,NA,"cumu_crm",0.3,0,0.0714,28,3,1,4,0.45,0.57,0.5877,NA,NA,NA,5.1,1.3095,1.3095,0.4485,28.914,22.9635,5.6,358.0921,2000,2000,NA,NA,NA,"0.15811388,0.47434165,0.79056942,1.10679718,1.42302495",-2,2,1,1.83,1.21,1,0
5,"CRM","crm_cumu_crm",NA,NA,"cumu_crm",0.3,0,0.0714,28,3,1,5,0.5,0.635,0.6761,NA,NA,NA,1.45,0.477,0.477,0.1845,28.914,22.9635,5.6,358.0921,2000,2000,NA,NA,NA,"0.15811388,0.47434165,0.79056942,1.10679718,1.42302495",-2,2,1,1.83,1.21,1,0
5,"CRM","crm_fixed",NA,NA,"fixed",0.6,0,0.0714,28,1,1,1,0.3,0.3,0.269,0,NA,NA,42.85,15.231,15.231,0,27.237,27.237,14.8,398.934,2000,2000,NA,NA,NA,NA,NA,NA,NA,NA,NA,NA,NA
5,"CRM","crm_fixed",NA,NA,"fixed",0.6,0,0.0714,28,1,1,2,0.35,0.53,0.3243,NA,NA,NA,24.75,6.627,6.627,0,27.237,27.237,14.8,398.934,2000,2000,NA,NA,NA,NA,NA,NA,NA,NA,NA,NA,NA
5,"CRM","crm_fixed",NA,NA,"fixed",0.6,0,0.0714,28,1,1,3,0.4,0.61,0.4249,NA,NA,NA,12.5,3.576,3.576,0,27.237,27.237,14.8,398.934,2000,2000,NA,NA,NA,NA,NA,NA,NA,NA,NA,NA,NA
5,"CRM","crm_fixed",NA,NA,"fixed",0.6,0,0.0714,28,1,1,4,0.45,0.69,0.4719,NA,NA,NA,3.85,1.4025,1.4025,0,27.237,27.237,14.8,398.934,2000,2000,NA,NA,NA,NA,NA,NA,NA,NA,NA,NA,NA
5,"CRM","crm_fixed",NA,NA,"fixed",0.6,0,0.0714,28,1,1,5,0.5,0.77,0.5615,NA,NA,NA,1.25,0.4005,0.4005,0,27.237,27.237,14.8,398.934,2000,2000,NA,NA,NA,NA,NA,NA,NA,NA,NA,NA,NA
5,"CRM","crm_level",NA,NA,"level",0.6,0,0.0714,28,1,1,1,0.3,0.3,0.2692,NA,NA,NA,42.8,15.258,15.258,0,27.252,27.252,14.6,399.1926,2000,2000,NA,NA,NA,NA,NA,NA,NA,NA,NA,NA,NA
5,"CRM","crm_level",NA,NA,"level",0.6,0,0.0714,28,1,1,2,0.35,0.53,0.3246,0.0926,NA,NA,25.05,6.618,6.618,0,27.252,27.252,14.6,399.1926,2000,2000,NA,NA,NA,NA,NA,NA,NA,NA,NA,NA,NA
5,"CRM","crm_level",NA,NA,"level",0.6,0,0.0714,28,1,1,3,0.4,0.61,0.4252,0.1154,NA,NA,12.4,3.5865,3.5865,0,27.252,27.252,14.6,399.1926,2000,2000,NA,NA,NA,NA,NA,NA,NA,NA,NA,NA,NA
5,"CRM","crm_level",NA,NA,"level",0.6,0,0.0714,28,1,1,4,0.45,0.69,0.4722,0.1342,NA,NA,3.85,1.3875,1.3875,0,27.252,27.252,14.6,399.1926,2000,2000,NA,NA,NA,NA,NA,NA,NA,NA,NA,NA,NA
5,"CRM","crm_level",NA,NA,"level",0.6,0,0.0714,28,1,1,5,0.5,0.77,0.5617,0.1466,NA,NA,1.3,0.402,0.402,0,27.252,27.252,14.6,399.1926,2000,2000,NA,NA,NA,NA,NA,NA,NA,NA,NA,NA,NA
5,"CRM","crm_random",NA,NA,"random",0.6,0,0.0714,28,1,1,1,0.3,0.3,0.2695,0.0847,NA,NA,43.25,15.2625,15.2625,0,27.2505,27.2505,14.65,399.1402,2000,2000,NA,NA,NA,NA,NA,NA,NA,NA,NA,NA,NA
5,"CRM","crm_random",NA,NA,"random",0.6,0,0.0714,28,1,1,2,0.35,0.53,0.3249,NA,NA,NA,24.9,6.633,6.633,0,27.2505,27.2505,14.65,399.1402,2000,2000,NA,NA,NA,NA,NA,NA,NA,NA,NA,NA,NA
5,"CRM","crm_random",NA,NA,"random",0.6,0,0.0714,28,1,1,3,0.4,0.61,0.4255,NA,NA,NA,12.1,3.537,3.537,0,27.2505,27.2505,14.65,399.1402,2000,2000,NA,NA,NA,NA,NA,NA,NA,NA,NA,NA,NA
5,"CRM","crm_random",NA,NA,"random",0.6,0,0.0714,28,1,1,4,0.45,0.69,0.4725,NA,NA,NA,3.8,1.4355,1.4355,0,27.2505,27.2505,14.65,399.1402,2000,2000,NA,NA,NA,NA,NA,NA,NA,NA,NA,NA,NA
5,"CRM","crm_random",NA,NA,"random",0.6,0,0.0714,28,1,1,5,0.5,0.77,0.562,NA,NA,NA,1.3,0.3825,0.3825,0,27.2505,27.2505,14.65,399.1402,2000,2000,NA,NA,NA,NA,NA,NA,NA,NA,NA,NA,NA
5,"CRM","crm_alpha_crm",NA,NA,"alpha_crm",0.6,0,0.0714,28,1,1,1,0.3,0.3,0.2648,NA,NA,NA,39.7,14.988,14.988,0,27.003,27.003,17.7,395.6282,2000,2000,"15,20,30,35,45",1.4142,61,NA,NA,NA,NA,NA,NA,NA,NA
5,"CRM","crm_alpha_crm",NA,NA,"alpha_crm",0.6,0,0.0714,28,1,1,2,0.35,0.53,0.32,NA,NA,NA,25.1,6.6255,6.6255,0,27.003,27.003,17.7,395.6282,2000,2000,"15,20,30,35,45",1.4142,61,NA,NA,NA,NA,NA,NA,NA,NA
5,"CRM","crm_alpha_crm",NA,NA,"alpha_crm",0.6,0,0.0714,28,1,1,3,0.4,0.61,0.4207,NA,NA,NA,12.3,3.603,3.603,0,27.003,27.003,17.7,395.6282,2000,2000,"15,20,30,35,45",1.4142,61,NA,NA,NA,NA,NA,NA,NA,NA
5,"CRM","crm_alpha_crm",NA,NA,"alpha_crm",0.6,0,0.0714,28,1,1,4,0.45,0.69,0.4678,NA,NA,NA,3.9,1.3845,1.3845,0,27.003,27.003,17.7,395.6282,2000,2000,"15,20,30,35,45",1.4142,61,NA,NA,NA,NA,NA,NA,NA,NA
5,"CRM","crm_alpha_crm",NA,NA,"alpha_crm",0.6,0,0.0714,28,1,1,5,0.5,0.77,0.5577,NA,NA,NA,1.3,0.402,0.402,0,27.003,27.003,17.7,395.6282,2000,2000,"15,20,30,35,45",1.4142,61,NA,NA,NA,NA,NA,NA,NA,NA
5,"CRM","crm_cumu_crm",NA,NA,"cumu_crm",0.6,0,0.0714,28,1,1,1,0.3,0.3,0.2255,NA,NA,NA,36.4,11.427,11.427,0,28.908,28.908,5.6,422.3919,2000,2000,NA,NA,NA,"0.15811388,0.47434165,0.79056942,1.10679718,1.42302495",-2,2,1,1.83,1.21,1,0
5,"CRM","crm_cumu_crm",NA,NA,"cumu_crm",0.6,0,0.0714,28,1,1,2,0.35,0.53,0.3373,NA,NA,NA,36.7,10.341,10.341,0,28.908,28.908,5.6,422.3919,2000,2000,NA,NA,NA,"0.15811388,0.47434165,0.79056942,1.10679718,1.42302495",-2,2,1,1.83,1.21,1,0
5,"CRM","crm_cumu_crm",NA,NA,"cumu_crm",0.6,0,0.0714,28,1,1,3,0.4,0.61,0.463,NA,NA,NA,15.5,4.9245,4.9245,0,28.908,28.908,5.6,422.3919,2000,2000,NA,NA,NA,"0.15811388,0.47434165,0.79056942,1.10679718,1.42302495",-2,2,1,1.83,1.21,1,0
5,"CRM","crm_cumu_crm",NA,NA,"cumu_crm",0.6,0,0.0714,28,1,1,4,0.45,0.69,0.5769,NA,NA,NA,4.45,1.719,1.719,0,28.908,28.908,5.6,422.3919,2000,2000,NA,NA,NA,"0.15811388,0.47434165,0.79056942,1.10679718,1.42302495",-2,2,1,1.83,1.21,1,0
5,"CRM","crm_cumu_crm",NA,NA,"cumu_crm",0.6,0,0.0714,28,1,1,5,0.5,0.77,0.6689,NA,NA,NA,1.35,0.4965,0.4965,0,28.908,28.908,5.6,422.3919,2000,2000,NA,NA,NA,"0.15811388,0.47434165,0.79056942,1.10679718,1.42302495",-2,2,1,1.83,1.21,1,0
5,"CRM","crm_fixed",NA,NA,"fixed",0.6,0,0.0714,28,2,1,1,0.3,0.3,0.3044,0,NA,NA,60.1,18.747,18.747,0,27.033,22.6805,17,349.8745,2000,2000,NA,NA,NA,NA,NA,NA,NA,NA,NA,NA,NA
5,"CRM","crm_fixed",NA,NA,"fixed",0.6,0,0.0714,28,2,1,2,0.35,0.53,0.3617,NA,NA,NA,17.45,5.7375,5.7375,3.7445,27.033,22.6805,17,349.8745,2000,2000,NA,NA,NA,NA,NA,NA,NA,NA,NA,NA,NA
5,"CRM","crm_fixed",NA,NA,"fixed",0.6,0,0.0714,28,2,1,3,0.4,0.61,0.4633,NA,NA,NA,4.65,1.944,1.944,0.26,27.033,22.6805,17,349.8745,2000,2000,NA,NA,NA,NA,NA,NA,NA,NA,NA,NA,NA
5,"CRM","crm_fixed",NA,NA,"fixed",0.6,0,0.0714,28,2,1,4,0.45,0.69,0.5097,NA,NA,NA,0.6,0.4905,0.4905,0.3375,27.033,22.6805,17,349.8745,2000,2000,NA,NA,NA,NA,NA,NA,NA,NA,NA,NA,NA
5,"CRM","crm_fixed",NA,NA,"fixed",0.6,0,0.0714,28,2,1,5,0.5,0.77,0.5967,NA,NA,NA,0.2,0.114,0.114,0.0105,27.033,22.6805,17,349.8745,2000,2000,NA,NA,NA,NA,NA,NA,NA,NA,NA,NA,NA
5,"CRM","crm_level",NA,NA,"level",0.6,0,0.0714,28,2,1,1,0.3,0.3,0.2909,NA,NA,NA,53.95,16.8,16.8,0,27.156,22.3265,15.85,348.5204,2000,2000,NA,NA,NA,NA,NA,NA,NA,NA,NA,NA,NA
5,"CRM","crm_level",NA,NA,"level",0.6,0,0.0714,28,2,1,2,0.35,0.53,0.3472,0.1202,NA,NA,21.05,6.585,6.585,3.887,27.156,22.3265,15.85,348.5204,2000,2000,NA,NA,NA,NA,NA,NA,NA,NA,NA,NA,NA
5,"CRM","crm_level",NA,NA,"level",0.6,0,0.0714,28,2,1,3,0.4,0.61,0.4481,0.1256,NA,NA,6.9,2.7105,2.7105,0.4585,27.156,22.3265,15.85,348.5204,2000,2000,NA,NA,NA,NA,NA,NA,NA,NA,NA,NA,NA
5,"CRM","crm_level",NA,NA,"level",0.6,0,0.0714,28,2,1,4,0.45,0.69,0.4946,0.1493,NA,NA,1.55,0.801,0.801,0.4545,27.156,22.3265,15.85,348.5204,2000,2000,NA,NA,NA,NA,NA,NA,NA,NA,NA,NA,NA
5,"CRM","crm_level",NA,NA,"level",0.6,0,0.0714,28,2,1,5,0.5,0.77,0.5823,0.1477,NA,NA,0.7,0.2595,0.2595,0.0295,27.156,22.3265,15.85,348.5204,2000,2000,NA,NA,NA,NA,NA,NA,NA,NA,NA,NA,NA
5,"CRM","crm_random",NA,NA,"random",0.6,0,0.0714,28,2,1,1,0.3,0.3,0.2892,0.1134,NA,NA,52.3,16.722,16.722,0,27.147,22.3085,16.1,348.4916,2000,2000,NA,NA,NA,NA,NA,NA,NA,NA,NA,NA,NA
5,"CRM","crm_random",NA,NA,"random",0.6,0,0.0714,28,2,1,2,0.35,0.53,0.3453,NA,NA,NA,21.15,6.5505,6.5505,3.8605,27.147,22.3085,16.1,348.4916,2000,2000,NA,NA,NA,NA,NA,NA,NA,NA,NA,NA,NA
5,"CRM","crm_random",NA,NA,"random",0.6,0,0.0714,28,2,1,3,0.4,0.61,0.4459,NA,NA,NA,7.75,2.643,2.643,0.465,27.147,22.3085,16.1,348.4916,2000,2000,NA,NA,NA,NA,NA,NA,NA,NA,NA,NA,NA
5,"CRM","crm_random",NA,NA,"random",0.6,0,0.0714,28,2,1,4,0.45,0.69,0.4924,NA,NA,NA,1.9,0.9195,0.9195,0.4745,27.147,22.3085,16.1,348.4916,2000,2000,NA,NA,NA,NA,NA,NA,NA,NA,NA,NA,NA
5,"CRM","crm_random",NA,NA,"random",0.6,0,0.0714,28,2,1,5,0.5,0.77,0.5801,NA,NA,NA,0.8,0.312,0.312,0.0385,27.147,22.3085,16.1,348.4916,2000,2000,NA,NA,NA,NA,NA,NA,NA,NA,NA,NA,NA
5,"CRM","crm_alpha_crm",NA,NA,"alpha_crm",0.6,0,0.0714,28,2,1,1,0.3,0.3,0.2896,NA,NA,NA,52.5,17.0985,17.0985,0,26.961,22.312,18.75,346.9127,2000,2000,"15,20,30,35,45",1.4142,61,NA,NA,NA,NA,NA,NA,NA,NA
5,"CRM","crm_alpha_crm",NA,NA,"alpha_crm",0.6,0,0.0714,28,2,1,2,0.35,0.53,0.3462,NA,NA,NA,20.15,6.51,6.51,3.726,26.961,22.312,18.75,346.9127,2000,2000,"15,20,30,35,45",1.4142,61,NA,NA,NA,NA,NA,NA,NA,NA
5,"CRM","crm_alpha_crm",NA,NA,"alpha_crm",0.6,0,0.0714,28,2,1,3,0.4,0.61,0.4475,NA,NA,NA,6.2,2.295,2.295,0.493,26.961,22.312,18.75,346.9127,2000,2000,"15,20,30,35,45",1.4142,61,NA,NA,NA,NA,NA,NA,NA,NA
5,"CRM","crm_alpha_crm",NA,NA,"alpha_crm",0.6,0,0.0714,28,2,1,4,0.45,0.69,0.4942,NA,NA,NA,2.05,0.8235,0.8235,0.402,26.961,22.312,18.75,346.9127,2000,2000,"15,20,30,35,45",1.4142,61,NA,NA,NA,NA,NA,NA,NA,NA
5,"CRM","crm_alpha_crm",NA,NA,"alpha_crm",0.6,0,0.0714,28,2,1,5,0.5,0.77,0.5822,NA,NA,NA,0.35,0.234,0.234,0.028,26.961,22.312,18.75,346.9127,2000,2000,"15,20,30,35,45",1.4142,61,NA,NA,NA,NA,NA,NA,NA,NA
5,"CRM","crm_cumu_crm",NA,NA,"cumu_crm",0.6,0,0.0714,28,2,1,1,0.3,0.3,0.2446,NA,NA,NA,49.75,14.3415,14.3415,0,28.839,24.118,6.15,367.9784,2000,2000,NA,NA,NA,"0.15811388,0.47434165,0.79056942,1.10679718,1.42302495",-2,2,1,1.83,1.21,1,0
5,"CRM","crm_cumu_crm",NA,NA,"cumu_crm",0.6,0,0.0714,28,2,1,2,0.35,0.53,0.3721,NA,NA,NA,31.45,10.068,10.068,3.31,28.839,24.118,6.15,367.9784,2000,2000,NA,NA,NA,"0.15811388,0.47434165,0.79056942,1.10679718,1.42302495",-2,2,1,1.83,1.21,1,0
5,"CRM","crm_cumu_crm",NA,NA,"cumu_crm",0.6,0,0.0714,28,2,1,3,0.4,0.61,0.5074,NA,NA,NA,9.75,3.2655,3.2655,0.9145,28.839,24.118,6.15,367.9784,2000,2000,NA,NA,NA,"0.15811388,0.47434165,0.79056942,1.10679718,1.42302495",-2,2,1,1.83,1.21,1,0
5,"CRM","crm_cumu_crm",NA,NA,"cumu_crm",0.6,0,0.0714,28,2,1,4,0.45,0.69,0.6213,NA,NA,NA,2.35,0.9315,0.9315,0.437,28.839,24.118,6.15,367.9784,2000,2000,NA,NA,NA,"0.15811388,0.47434165,0.79056942,1.10679718,1.42302495",-2,2,1,1.83,1.21,1,0
5,"CRM","crm_cumu_crm",NA,NA,"cumu_crm",0.6,0,0.0714,28,2,1,5,0.5,0.77,0.7081,NA,NA,NA,0.55,0.2325,0.2325,0.0595,28.839,24.118,6.15,367.9784,2000,2000,NA,NA,NA,"0.15811388,0.47434165,0.79056942,1.10679718,1.42302495",-2,2,1,1.83,1.21,1,0
5,"CRM","crm_fixed",NA,NA,"fixed",0.6,0,0.0714,28,3,1,1,0.3,0.3,0.3071,0,NA,NA,61.45,19.071,19.071,0,27.03,22.333,16.95,346.1425,2000,2000,NA,NA,NA,NA,NA,NA,NA,NA,NA,NA,NA
5,"CRM","crm_fixed",NA,NA,"fixed",0.6,0,0.0714,28,3,1,2,0.35,0.53,0.3645,NA,NA,NA,17.1,5.8725,5.8725,3.7185,27.03,22.333,16.95,346.1425,2000,2000,NA,NA,NA,NA,NA,NA,NA,NA,NA,NA,NA
5,"CRM","crm_fixed",NA,NA,"fixed",0.6,0,0.0714,28,3,1,3,0.4,0.61,0.4662,NA,NA,NA,3.75,1.6845,1.6845,0.796,27.03,22.333,16.95,346.1425,2000,2000,NA,NA,NA,NA,NA,NA,NA,NA,NA,NA,NA
5,"CRM","crm_fixed",NA,NA,"fixed",0.6,0,0.0714,28,3,1,4,0.45,0.69,0.5126,NA,NA,NA,0.7,0.3435,0.3435,0.152,27.03,22.333,16.95,346.1425,2000,2000,NA,NA,NA,NA,NA,NA,NA,NA,NA,NA,NA
5,"CRM","crm_fixed",NA,NA,"fixed",0.6,0,0.0714,28,3,1,5,0.5,0.77,0.5993,NA,NA,NA,0.05,0.0585,0.0585,0.0305,27.03,22.333,16.95,346.1425,2000,2000,NA,NA,NA,NA,NA,NA,NA,NA,NA,NA,NA
5,"CRM","crm_level",NA,NA,"level",0.6,0,0.0714,28,3,1,1,0.3,0.3,0.2925,NA,NA,NA,54.9,17.019,17.019,0,27.1425,21.7485,15.95,343.6889,2000,2000,NA,NA,NA,NA,NA,NA,NA,NA,NA,NA,NA
5,"CRM","crm_level",NA,NA,"level",0.6,0,0.0714,28,3,1,2,0.35,0.53,0.349,0.1228,NA,NA,21.6,6.711,6.711,3.9325,27.1425,21.7485,15.95,343.6889,2000,2000,NA,NA,NA,NA,NA,NA,NA,NA,NA,NA,NA
5,"CRM","crm_level",NA,NA,"level",0.6,0,0.0714,28,3,1,3,0.4,0.61,0.45,0.1348,NA,NA,5.45,2.4675,2.4675,1.1045,27.1425,21.7485,15.95,343.6889,2000,2000,NA,NA,NA,NA,NA,NA,NA,NA,NA,NA,NA
5,"CRM","crm_level",NA,NA,"level",0.6,0,0.0714,28,3,1,4,0.45,0.69,0.4965,0.1433,NA,NA,1.75,0.7485,0.7485,0.273,27.1425,21.7485,15.95,343.6889,2000,2000,NA,NA,NA,NA,NA,NA,NA,NA,NA,NA,NA
5,"CRM","crm_level",NA,NA,"level",0.6,0,0.0714,28,3,1,5,0.5,0.77,0.5842,0.1494,NA,NA,0.35,0.1965,0.1965,0.084,27.1425,21.7485,15.95,343.6889,2000,2000,NA,NA,NA,NA,NA,NA,NA,NA,NA,NA,NA
5,"CRM","crm_random",NA,NA,"random",0.6,0,0.0714,28,3,1,1,0.3,0.3,0.2924,0.1133,NA,NA,55.1,16.8405,16.8405,0,27.1515,21.667,15.95,343.2604,2000,2000,NA,NA,NA,NA,NA,NA,NA,NA,NA,NA,NA
5,"CRM","crm_random",NA,NA,"random",0.6,0,0.0714,28,3,1,2,0.35,0.53,0.3485,NA,NA,NA,19.6,6.5025,6.5025,3.871,27.1515,21.667,15.95,343.2604,2000,2000,NA,NA,NA,NA,NA,NA,NA,NA,NA,NA,NA
5,"CRM","crm_random",NA,NA,"random",0.6,0,0.0714,28,3,1,3,0.4,0.61,0.4489,NA,NA,NA,6.45,2.589,2.589,1.132,27.1515,21.667,15.95,343.2604,2000,2000,NA,NA,NA,NA,NA,NA,NA,NA,NA,NA,NA
5,"CRM","crm_random",NA,NA,"random",0.6,0,0.0714,28,3,1,4,0.45,0.69,0.4952,NA,NA,NA,1.9,0.9105,0.9105,0.35,27.1515,21.667,15.95,343.2604,2000,2000,NA,NA,NA,NA,NA,NA,NA,NA,NA,NA,NA
5,"CRM","crm_random",NA,NA,"random",0.6,0,0.0714,28,3,1,5,0.5,0.77,0.5826,NA,NA,NA,1,0.309,0.309,0.1315,27.1515,21.667,15.95,343.2604,2000,2000,NA,NA,NA,NA,NA,NA,NA,NA,NA,NA,NA
5,"CRM","crm_alpha_crm",NA,NA,"alpha_crm",0.6,0,0.0714,28,3,1,1,0.3,0.3,0.2888,NA,NA,NA,52.75,17.118,17.118,0,26.9595,21.866,18.75,343.0715,2000,2000,"15,20,30,35,45",1.4142,61,NA,NA,NA,NA,NA,NA,NA,NA
5,"CRM","crm_alpha_crm",NA,NA,"alpha_crm",0.6,0,0.0714,28,3,1,2,0.35,0.53,0.3452,NA,NA,NA,19.35,6.426,6.426,3.7095,26.9595,21.866,18.75,343.0715,2000,2000,"15,20,30,35,45",1.4142,61,NA,NA,NA,NA,NA,NA,NA,NA
5,"CRM","crm_alpha_crm",NA,NA,"alpha_crm",0.6,0,0.0714,28,3,1,3,0.4,0.61,0.4463,NA,NA,NA,6.45,2.3205,2.3205,1.032,26.9595,21.866,18.75,343.0715,2000,2000,"15,20,30,35,45",1.4142,61,NA,NA,NA,NA,NA,NA,NA,NA
5,"CRM","crm_alpha_crm",NA,NA,"alpha_crm",0.6,0,0.0714,28,3,1,4,0.45,0.69,0.4929,NA,NA,NA,1.75,0.8175,0.8175,0.2395,26.9595,21.866,18.75,343.0715,2000,2000,"15,20,30,35,45",1.4142,61,NA,NA,NA,NA,NA,NA,NA,NA
5,"CRM","crm_alpha_crm",NA,NA,"alpha_crm",0.6,0,0.0714,28,3,1,5,0.5,0.77,0.581,NA,NA,NA,0.95,0.2775,0.2775,0.1125,26.9595,21.866,18.75,343.0715,2000,2000,"15,20,30,35,45",1.4142,61,NA,NA,NA,NA,NA,NA,NA,NA
5,"CRM","crm_cumu_crm",NA,NA,"cumu_crm",0.6,0,0.0714,28,3,1,1,0.3,0.3,0.2471,NA,NA,NA,51.85,14.6115,14.6115,0,28.875,23.5035,5.8,362.0549,2000,2000,NA,NA,NA,"0.15811388,0.47434165,0.79056942,1.10679718,1.42302495",-2,2,1,1.83,1.21,1,0
5,"CRM","crm_cumu_crm",NA,NA,"cumu_crm",0.6,0,0.0714,28,3,1,2,0.35,0.53,0.3765,NA,NA,NA,30.25,10.08,10.08,3.349,28.875,23.5035,5.8,362.0549,2000,2000,NA,NA,NA,"0.15811388,0.47434165,0.79056942,1.10679718,1.42302495",-2,2,1,1.83,1.21,1,0
5,"CRM","crm_cumu_crm",NA,NA,"cumu_crm",0.6,0,0.0714,28,3,1,3,0.4,0.61,0.5129,NA,NA,NA,9,3.2475,3.2475,1.629,28.875,23.5035,5.8,362.0549,2000,2000,NA,NA,NA,"0.15811388,0.47434165,0.79056942,1.10679718,1.42302495",-2,2,1,1.83,1.21,1,0
5,"CRM","crm_cumu_crm",NA,NA,"cumu_crm",0.6,0,0.0714,28,3,1,4,0.45,0.69,0.6265,NA,NA,NA,2.55,0.7425,0.7425,0.3065,28.875,23.5035,5.8,362.0549,2000,2000,NA,NA,NA,"0.15811388,0.47434165,0.79056942,1.10679718,1.42302495",-2,2,1,1.83,1.21,1,0
5,"CRM","crm_cumu_crm",NA,NA,"cumu_crm",0.6,0,0.0714,28,3,1,5,0.5,0.77,0.7122,NA,NA,NA,0.55,0.1935,0.1935,0.087,28.875,23.5035,5.8,362.0549,2000,2000,NA,NA,NA,"0.15811388,0.47434165,0.79056942,1.10679718,1.42302495",-2,2,1,1.83,1.21,1,0
5,"CRM","crm_fixed",NA,NA,"fixed",0.9,0,0.0714,28,1,1,1,0.3,0.3,0.2694,0,NA,NA,43,15.276,15.276,0,27.264,27.264,14.5,399.3604,2000,2000,NA,NA,NA,NA,NA,NA,NA,NA,NA,NA,NA
5,"CRM","crm_fixed",NA,NA,"fixed",0.9,0,0.0714,28,1,1,2,0.35,0.62,0.3247,NA,NA,NA,25.1,6.627,6.627,0,27.264,27.264,14.5,399.3604,2000,2000,NA,NA,NA,NA,NA,NA,NA,NA,NA,NA,NA
5,"CRM","crm_fixed",NA,NA,"fixed",0.9,0,0.0714,28,1,1,3,0.4,0.715,0.4254,NA,NA,NA,12.4,3.5685,3.5685,0,27.264,27.264,14.5,399.3604,2000,2000,NA,NA,NA,NA,NA,NA,NA,NA,NA,NA,NA
5,"CRM","crm_fixed",NA,NA,"fixed",0.9,0,0.0714,28,1,1,4,0.45,0.81,0.4724,NA,NA,NA,3.7,1.3935,1.3935,0,27.264,27.264,14.5,399.3604,2000,2000,NA,NA,NA,NA,NA,NA,NA,NA,NA,NA,NA
5,"CRM","crm_fixed",NA,NA,"fixed",0.9,0,0.0714,28,1,1,5,0.5,0.905,0.5619,NA,NA,NA,1.3,0.399,0.399,0,27.264,27.264,14.5,399.3604,2000,2000,NA,NA,NA,NA,NA,NA,NA,NA,NA,NA,NA
5,"CRM","crm_level",NA,NA,"level",0.9,0,0.0714,28,1,1,1,0.3,0.3,0.269,NA,NA,NA,43.05,15.2325,15.2325,0,27.2235,27.2235,14.8,398.8139,2000,2000,NA,NA,NA,NA,NA,NA,NA,NA,NA,NA,NA
5,"CRM","crm_level",NA,NA,"level",0.9,0,0.0714,28,1,1,2,0.35,0.62,0.3244,0.0965,NA,NA,24.65,6.6135,6.6135,0,27.2235,27.2235,14.8,398.8139,2000,2000,NA,NA,NA,NA,NA,NA,NA,NA,NA,NA,NA
5,"CRM","crm_level",NA,NA,"level",0.9,0,0.0714,28,1,1,3,0.4,0.715,0.425,0.1143,NA,NA,12.5,3.5925,3.5925,0,27.2235,27.2235,14.8,398.8139,2000,2000,NA,NA,NA,NA,NA,NA,NA,NA,NA,NA,NA
5,"CRM","crm_level",NA,NA,"level",0.9,0,0.0714,28,1,1,4,0.45,0.81,0.472,0.1337,NA,NA,3.7,1.383,1.383,0,27.2235,27.2235,14.8,398.8139,2000,2000,NA,NA,NA,NA,NA,NA,NA,NA,NA,NA,NA
5,"CRM","crm_level",NA,NA,"level",0.9,0,0.0714,28,1,1,5,0.5,0.905,0.5616,0.1463,NA,NA,1.3,0.402,0.402,0,27.2235,27.2235,14.8,398.8139,2000,2000,NA,NA,NA,NA,NA,NA,NA,NA,NA,NA,NA
5,"CRM","crm_random",NA,NA,"random",0.9,0,0.0714,28,1,1,1,0.3,0.3,0.2698,0.0802,NA,NA,43.45,15.288,15.288,0,27.273,27.273,14.4,399.3955,2000,2000,NA,NA,NA,NA,NA,NA,NA,NA,NA,NA,NA
5,"CRM","crm_random",NA,NA,"random",0.9,0,0.0714,28,1,1,2,0.35,0.62,0.3251,NA,NA,NA,24.7,6.618,6.618,0,27.273,27.273,14.4,399.3955,2000,2000,NA,NA,NA,NA,NA,NA,NA,NA,NA,NA,NA
5,"CRM","crm_random",NA,NA,"random",0.9,0,0.0714,28,1,1,3,0.4,0.715,0.4258,NA,NA,NA,12.4,3.57,3.57,0,27.273,27.273,14.4,399.3955,2000,2000,NA,NA,NA,NA,NA,NA,NA,NA,NA,NA,NA
5,"CRM","crm_random",NA,NA,"random",0.9,0,0.0714,28,1,1,4,0.45,0.81,0.4727,NA,NA,NA,3.8,1.4055,1.4055,0,27.273,27.273,14.4,399.3955,2000,2000,NA,NA,NA,NA,NA,NA,NA,NA,NA,NA,NA
5,"CRM","crm_random",NA,NA,"random",0.9,0,0.0714,28,1,1,5,0.5,0.905,0.5622,NA,NA,NA,1.25,0.3915,0.3915,0,27.273,27.273,14.4,399.3955,2000,2000,NA,NA,NA,NA,NA,NA,NA,NA,NA,NA,NA
5,"CRM","crm_alpha_crm",NA,NA,"alpha_crm",0.9,0,0.0714,28,1,1,1,0.3,0.3,0.2648,NA,NA,NA,39.7,14.988,14.988,0,27.003,27.003,17.7,395.6282,2000,2000,"15,20,30,35,45",1.4142,61,NA,NA,NA,NA,NA,NA,NA,NA
5,"CRM","crm_alpha_crm",NA,NA,"alpha_crm",0.9,0,0.0714,28,1,1,2,0.35,0.62,0.32,NA,NA,NA,25.1,6.6255,6.6255,0,27.003,27.003,17.7,395.6282,2000,2000,"15,20,30,35,45",1.4142,61,NA,NA,NA,NA,NA,NA,NA,NA
5,"CRM","crm_alpha_crm",NA,NA,"alpha_crm",0.9,0,0.0714,28,1,1,3,0.4,0.715,0.4207,NA,NA,NA,12.3,3.603,3.603,0,27.003,27.003,17.7,395.6282,2000,2000,"15,20,30,35,45",1.4142,61,NA,NA,NA,NA,NA,NA,NA,NA
5,"CRM","crm_alpha_crm",NA,NA,"alpha_crm",0.9,0,0.0714,28,1,1,4,0.45,0.81,0.4678,NA,NA,NA,3.9,1.3845,1.3845,0,27.003,27.003,17.7,395.6282,2000,2000,"15,20,30,35,45",1.4142,61,NA,NA,NA,NA,NA,NA,NA,NA
5,"CRM","crm_alpha_crm",NA,NA,"alpha_crm",0.9,0,0.0714,28,1,1,5,0.5,0.905,0.5577,NA,NA,NA,1.3,0.402,0.402,0,27.003,27.003,17.7,395.6282,2000,2000,"15,20,30,35,45",1.4142,61,NA,NA,NA,NA,NA,NA,NA,NA
5,"CRM","crm_cumu_crm",NA,NA,"cumu_crm",0.9,0,0.0714,28,1,1,1,0.3,0.3,0.2256,NA,NA,NA,36.15,11.457,11.457,0,28.9095,28.9095,5.6,422.4219,2000,2000,NA,NA,NA,"0.15811388,0.47434165,0.79056942,1.10679718,1.42302495",-2,2,1,1.83,1.21,1,0
5,"CRM","crm_cumu_crm",NA,NA,"cumu_crm",0.9,0,0.0714,28,1,1,2,0.35,0.62,0.3375,NA,NA,NA,36.95,10.332,10.332,0,28.9095,28.9095,5.6,422.4219,2000,2000,NA,NA,NA,"0.15811388,0.47434165,0.79056942,1.10679718,1.42302495",-2,2,1,1.83,1.21,1,0
5,"CRM","crm_cumu_crm",NA,NA,"cumu_crm",0.9,0,0.0714,28,1,1,3,0.4,0.715,0.4633,NA,NA,NA,15.4,4.893,4.893,0,28.9095,28.9095,5.6,422.4219,2000,2000,NA,NA,NA,"0.15811388,0.47434165,0.79056942,1.10679718,1.42302495",-2,2,1,1.83,1.21,1,0
5,"CRM","crm_cumu_crm",NA,NA,"cumu_crm",0.9,0,0.0714,28,1,1,4,0.45,0.81,0.5774,NA,NA,NA,4.6,1.731,1.731,0,28.9095,28.9095,5.6,422.4219,2000,2000,NA,NA,NA,"0.15811388,0.47434165,0.79056942,1.10679718,1.42302495",-2,2,1,1.83,1.21,1,0
5,"CRM","crm_cumu_crm",NA,NA,"cumu_crm",0.9,0,0.0714,28,1,1,5,0.5,0.905,0.6695,NA,NA,NA,1.3,0.4965,0.4965,0,28.9095,28.9095,5.6,422.4219,2000,2000,NA,NA,NA,"0.15811388,0.47434165,0.79056942,1.10679718,1.42302495",-2,2,1,1.83,1.21,1,0
5,"CRM","crm_fixed",NA,NA,"fixed",0.9,0,0.0714,28,2,1,1,0.3,0.3,0.3159,0,NA,NA,65.5,20.202,20.202,0,26.814,22.776,18.6,349.048,2000,2000,NA,NA,NA,NA,NA,NA,NA,NA,NA,NA,NA
5,"CRM","crm_fixed",NA,NA,"fixed",0.9,0,0.0714,28,2,1,2,0.35,0.62,0.3737,NA,NA,NA,13.55,4.9515,4.9515,3.6055,26.814,22.776,18.6,349.048,2000,2000,NA,NA,NA,NA,NA,NA,NA,NA,NA,NA,NA
5,"CRM","crm_fixed",NA,NA,"fixed",0.9,0,0.0714,28,2,1,3,0.4,0.715,0.4754,NA,NA,NA,2.1,1.326,1.326,0.1745,26.814,22.776,18.6,349.048,2000,2000,NA,NA,NA,NA,NA,NA,NA,NA,NA,NA,NA
5,"CRM","crm_fixed",NA,NA,"fixed",0.9,0,0.0714,28,2,1,4,0.45,0.81,0.5215,NA,NA,NA,0.2,0.3015,0.3015,0.2495,26.814,22.776,18.6,349.048,2000,2000,NA,NA,NA,NA,NA,NA,NA,NA,NA,NA,NA
5,"CRM","crm_fixed",NA,NA,"fixed",0.9,0,0.0714,28,2,1,5,0.5,0.905,0.6075,NA,NA,NA,0.05,0.033,0.033,0.0085,26.814,22.776,18.6,349.048,2000,2000,NA,NA,NA,NA,NA,NA,NA,NA,NA,NA,NA
5,"CRM","crm_level",NA,NA,"level",0.9,0,0.0714,28,2,1,1,0.3,0.3,0.3,NA,NA,NA,57.15,17.694,17.694,0,27.0975,22.3945,16.75,348.7259,2000,2000,NA,NA,NA,NA,NA,NA,NA,NA,NA,NA,NA
5,"CRM","crm_level",NA,NA,"level",0.9,0,0.0714,28,2,1,2,0.35,0.62,0.3566,0.148,NA,NA,19.2,6.342,6.342,3.849,27.0975,22.3945,16.75,348.7259,2000,2000,NA,NA,NA,NA,NA,NA,NA,NA,NA,NA,NA
5,"CRM","crm_level",NA,NA,"level",0.9,0,0.0714,28,2,1,3,0.4,0.715,0.4574,0.1333,NA,NA,5.3,2.2575,2.2575,0.4405,27.0975,22.3945,16.75,348.7259,2000,2000,NA,NA,NA,NA,NA,NA,NA,NA,NA,NA,NA
5,"CRM","crm_level",NA,NA,"level",0.9,0,0.0714,28,2,1,4,0.45,0.81,0.5036,0.1535,NA,NA,1,0.6525,0.6525,0.394,27.0975,22.3945,16.75,348.7259,2000,2000,NA,NA,NA,NA,NA,NA,NA,NA,NA,NA,NA
5,"CRM","crm_level",NA,NA,"level",0.9,0,0.0714,28,2,1,5,0.5,0.905,0.5905,0.1486,NA,NA,0.6,0.1515,0.1515,0.0195,27.0975,22.3945,16.75,348.7259,2000,2000,NA,NA,NA,NA,NA,NA,NA,NA,NA,NA,NA
5,"CRM","crm_random",NA,NA,"random",0.9,0,0.0714,28,2,1,1,0.3,0.3,0.2983,0.1498,NA,NA,56.55,17.6715,17.6715,0,27.057,22.2965,17.15,347.5309,2000,2000,NA,NA,NA,NA,NA,NA,NA,NA,NA,NA,NA
5,"CRM","crm_random",NA,NA,"random",0.9,0,0.0714,28,2,1,2,0.35,0.62,0.3548,NA,NA,NA,19.45,6.168,6.168,3.887,27.057,22.2965,17.15,347.5309,2000,2000,NA,NA,NA,NA,NA,NA,NA,NA,NA,NA,NA
5,"CRM","crm_random",NA,NA,"random",0.9,0,0.0714,28,2,1,3,0.4,0.715,0.4553,NA,NA,NA,4.8,2.22,2.22,0.405,27.057,22.2965,17.15,347.5309,2000,2000,NA,NA,NA,NA,NA,NA,NA,NA,NA,NA,NA
5,"CRM","crm_random",NA,NA,"random",0.9,0,0.0714,28,2,1,4,0.45,0.81,0.5015,NA,NA,NA,1.35,0.756,0.756,0.425,27.057,22.2965,17.15,347.5309,2000,2000,NA,NA,NA,NA,NA,NA,NA,NA,NA,NA,NA
5,"CRM","crm_random",NA,NA,"random",0.9,0,0.0714,28,2,1,5,0.5,0.905,0.5885,NA,NA,NA,0.7,0.2415,0.2415,0.0435,27.057,22.2965,17.15,347.5309,2000,2000,NA,NA,NA,NA,NA,NA,NA,NA,NA,NA,NA
5,"CRM","crm_alpha_crm",NA,NA,"alpha_crm",0.9,0,0.0714,28,2,1,1,0.3,0.3,0.3024,NA,NA,NA,58.4,18.471,18.471,0,26.7885,22.489,20.2,346.5342,2000,2000,"15,20,30,35,45",1.4142,61,NA,NA,NA,NA,NA,NA,NA,NA
5,"CRM","crm_alpha_crm",NA,NA,"alpha_crm",0.9,0,0.0714,28,2,1,2,0.35,0.62,0.3597,NA,NA,NA,16.8,6.018,6.018,3.555,26.7885,22.489,20.2,346.5342,2000,2000,"15,20,30,35,45",1.4142,61,NA,NA,NA,NA,NA,NA,NA,NA
5,"CRM","crm_alpha_crm",NA,NA,"alpha_crm",0.9,0,0.0714,28,2,1,3,0.4,0.715,0.4613,NA,NA,NA,3.55,1.677,1.677,0.462,26.7885,22.489,20.2,346.5342,2000,2000,"15,20,30,35,45",1.4142,61,NA,NA,NA,NA,NA,NA,NA,NA
5,"CRM","crm_alpha_crm",NA,NA,"alpha_crm",0.9,0,0.0714,28,2,1,4,0.45,0.81,0.5078,NA,NA,NA,0.85,0.507,0.507,0.267,26.7885,22.489,20.2,346.5342,2000,2000,"15,20,30,35,45",1.4142,61,NA,NA,NA,NA,NA,NA,NA,NA
5,"CRM","crm_alpha_crm",NA,NA,"alpha_crm",0.9,0,0.0714,28,2,1,5,0.5,0.905,0.5949,NA,NA,NA,0.2,0.1155,0.1155,0.0155,26.7885,22.489,20.2,346.5342,2000,2000,"15,20,30,35,45",1.4142,61,NA,NA,NA,NA,NA,NA,NA,NA
5,"CRM","crm_cumu_crm",NA,NA,"cumu_crm",0.9,0,0.0714,28,2,1,1,0.3,0.3,0.257,NA,NA,NA,59.95,16.3245,16.3245,0,28.8285,24.3485,6.4,369.4267,2000,2000,NA,NA,NA,"0.15811388,0.47434165,0.79056942,1.10679718,1.42302495",-2,2,1,1.83,1.21,1,0
5,"CRM","crm_cumu_crm",NA,NA,"cumu_crm",0.9,0,0.0714,28,2,1,2,0.35,0.62,0.3974,NA,NA,NA,25.9,9.3945,9.3945,3.3255,28.8285,24.3485,6.4,369.4267,2000,2000,NA,NA,NA,"0.15811388,0.47434165,0.79056942,1.10679718,1.42302495",-2,2,1,1.83,1.21,1,0
5,"CRM","crm_cumu_crm",NA,NA,"cumu_crm",0.9,0,0.0714,28,2,1,3,0.4,0.715,0.5402,NA,NA,NA,6.5,2.4495,2.4495,0.829,28.8285,24.3485,6.4,369.4267,2000,2000,NA,NA,NA,"0.15811388,0.47434165,0.79056942,1.10679718,1.42302495",-2,2,1,1.83,1.21,1,0
5,"CRM","crm_cumu_crm",NA,NA,"cumu_crm",0.9,0,0.0714,28,2,1,4,0.45,0.81,0.6543,NA,NA,NA,1.05,0.561,0.561,0.293,28.8285,24.3485,6.4,369.4267,2000,2000,NA,NA,NA,"0.15811388,0.47434165,0.79056942,1.10679718,1.42302495",-2,2,1,1.83,1.21,1,0
5,"CRM","crm_cumu_crm",NA,NA,"cumu_crm",0.9,0,0.0714,28,2,1,5,0.5,0.905,0.7377,NA,NA,NA,0.2,0.099,0.099,0.0325,28.8285,24.3485,6.4,369.4267,2000,2000,NA,NA,NA,"0.15811388,0.47434165,0.79056942,1.10679718,1.42302495",-2,2,1,1.83,1.21,1,0
5,"CRM","crm_fixed",NA,NA,"fixed",0.9,0,0.0714,28,3,1,1,0.3,0.3,0.3197,0,NA,NA,67.2,20.5665,20.5665,0,26.811,22.5975,18.7,347.018,2000,2000,NA,NA,NA,NA,NA,NA,NA,NA,NA,NA,NA
5,"CRM","crm_fixed",NA,NA,"fixed",0.9,0,0.0714,28,3,1,2,0.35,0.62,0.3776,NA,NA,NA,12.45,5.0955,5.0955,3.596,26.811,22.5975,18.7,347.018,2000,2000,NA,NA,NA,NA,NA,NA,NA,NA,NA,NA,NA
5,"CRM","crm_fixed",NA,NA,"fixed",0.9,0,0.0714,28,3,1,3,0.4,0.715,0.4793,NA,NA,NA,1.65,1.005,1.005,0.532,26.811,22.5975,18.7,347.018,2000,2000,NA,NA,NA,NA,NA,NA,NA,NA,NA,NA,NA
5,"CRM","crm_fixed",NA,NA,"fixed",0.9,0,0.0714,28,3,1,4,0.45,0.81,0.5253,NA,NA,NA,0,0.1305,0.1305,0.077,26.811,22.5975,18.7,347.018,2000,2000,NA,NA,NA,NA,NA,NA,NA,NA,NA,NA,NA
5,"CRM","crm_fixed",NA,NA,"fixed",0.9,0,0.0714,28,3,1,5,0.5,0.905,0.611,NA,NA,NA,0,0.0135,0.0135,0.0085,26.811,22.5975,18.7,347.018,2000,2000,NA,NA,NA,NA,NA,NA,NA,NA,NA,NA,NA
5,"CRM","crm_level",NA,NA,"level",0.9,0,0.0714,28,3,1,1,0.3,0.3,0.3035,NA,NA,NA,59.3,17.973,17.973,0,27,21.9145,16.95,343.4908,2000,2000,NA,NA,NA,NA,NA,NA,NA,NA,NA,NA,NA
5,"CRM","crm_level",NA,NA,"level",0.9,0,0.0714,28,3,1,2,0.35,0.62,0.3604,0.1433,NA,NA,18.65,6.3705,6.3705,3.8815,27,21.9145,16.95,343.4908,2000,2000,NA,NA,NA,NA,NA,NA,NA,NA,NA,NA,NA
5,"CRM","crm_level",NA,NA,"level",0.9,0,0.0714,28,3,1,3,0.4,0.715,0.4613,0.1466,NA,NA,3.95,2.091,2.091,0.972,27,21.9145,16.95,343.4908,2000,2000,NA,NA,NA,NA,NA,NA,NA,NA,NA,NA,NA
5,"CRM","crm_level",NA,NA,"level",0.9,0,0.0714,28,3,1,4,0.45,0.81,0.5075,0.1483,NA,NA,0.85,0.4785,0.4785,0.1895,27,21.9145,16.95,343.4908,2000,2000,NA,NA,NA,NA,NA,NA,NA,NA,NA,NA,NA
5,"CRM","crm_level",NA,NA,"level",0.9,0,0.0714,28,3,1,5,0.5,0.905,0.5942,0.1508,NA,NA,0.3,0.087,0.087,0.0425,27,21.9145,16.95,343.4908,2000,2000,NA,NA,NA,NA,NA,NA,NA,NA,NA,NA,NA
5,"CRM","crm_random",NA,NA,"random",0.9,0,0.0714,28,3,1,1,0.3,0.3,0.3015,0.1525,NA,NA,58.95,17.778,17.778,0,27.0165,21.7735,17.45,343.3802,2000,2000,NA,NA,NA,NA,NA,NA,NA,NA,NA,NA,NA
5,"CRM","crm_random",NA,NA,"random",0.9,0,0.0714,28,3,1,2,0.35,0.62,0.3579,NA,NA,NA,16.95,6.312,6.312,3.954,27.0165,21.7735,17.45,343.3802,2000,2000,NA,NA,NA,NA,NA,NA,NA,NA,NA,NA,NA
5,"CRM","crm_random",NA,NA,"random",0.9,0,0.0714,28,3,1,3,0.4,0.715,0.4583,NA,NA,NA,4.65,2.073,2.073,0.9205,27.0165,21.7735,17.45,343.3802,2000,2000,NA,NA,NA,NA,NA,NA,NA,NA,NA,NA,NA
5,"CRM","crm_random",NA,NA,"random",0.9,0,0.0714,28,3,1,4,0.45,0.81,0.5043,NA,NA,NA,1.2,0.6555,0.6555,0.2785,27.0165,21.7735,17.45,343.3802,2000,2000,NA,NA,NA,NA,NA,NA,NA,NA,NA,NA,NA
5,"CRM","crm_random",NA,NA,"random",0.9,0,0.0714,28,3,1,5,0.5,0.905,0.5909,NA,NA,NA,0.8,0.198,0.198,0.09,27.0165,21.7735,17.45,343.3802,2000,2000,NA,NA,NA,NA,NA,NA,NA,NA,NA,NA,NA
5,"CRM","crm_alpha_crm",NA,NA,"alpha_crm",0.9,0,0.0714,28,3,1,1,0.3,0.3,0.3032,NA,NA,NA,58.85,18.5445,18.5445,0,26.79,22.2105,20.2,344.146,2000,2000,"15,20,30,35,45",1.4142,61,NA,NA,NA,NA,NA,NA,NA,NA
5,"CRM","crm_alpha_crm",NA,NA,"alpha_crm",0.9,0,0.0714,28,3,1,2,0.35,0.62,0.3605,NA,NA,NA,16.5,6.006,6.006,3.5615,26.79,22.2105,20.2,344.146,2000,2000,"15,20,30,35,45",1.4142,61,NA,NA,NA,NA,NA,NA,NA,NA
5,"CRM","crm_alpha_crm",NA,NA,"alpha_crm",0.9,0,0.0714,28,3,1,3,0.4,0.715,0.462,NA,NA,NA,3.45,1.7025,1.7025,0.8205,26.79,22.2105,20.2,344.146,2000,2000,"15,20,30,35,45",1.4142,61,NA,NA,NA,NA,NA,NA,NA,NA
5,"CRM","crm_alpha_crm",NA,NA,"alpha_crm",0.9,0,0.0714,28,3,1,4,0.45,0.81,0.5085,NA,NA,NA,0.75,0.426,0.426,0.15,26.79,22.2105,20.2,344.146,2000,2000,"15,20,30,35,45",1.4142,61,NA,NA,NA,NA,NA,NA,NA,NA
5,"CRM","crm_alpha_crm",NA,NA,"alpha_crm",0.9,0,0.0714,28,3,1,5,0.5,0.905,0.5956,NA,NA,NA,0.25,0.111,0.111,0.0475,26.79,22.2105,20.2,344.146,2000,2000,"15,20,30,35,45",1.4142,61,NA,NA,NA,NA,NA,NA,NA,NA
5,"CRM","crm_cumu_crm",NA,NA,"cumu_crm",0.9,0,0.0714,28,3,1,1,0.3,0.3,0.2593,NA,NA,NA,61.3,16.5795,16.5795,0,28.821,23.9765,6.5,365.9142,2000,2000,NA,NA,NA,"0.15811388,0.47434165,0.79056942,1.10679718,1.42302495",-2,2,1,1.83,1.21,1,0
5,"CRM","crm_cumu_crm",NA,NA,"cumu_crm",0.9,0,0.0714,28,3,1,2,0.35,0.62,0.4017,NA,NA,NA,25.5,9.612,9.612,3.36,28.821,23.9765,6.5,365.9142,2000,2000,NA,NA,NA,"0.15811388,0.47434165,0.79056942,1.10679718,1.42302495",-2,2,1,1.83,1.21,1,0
5,"CRM","crm_cumu_crm",NA,NA,"cumu_crm",0.9,0,0.0714,28,3,1,3,0.4,0.715,0.5462,NA,NA,NA,5.8,2.2965,2.2965,1.3185,28.821,23.9765,6.5,365.9142,2000,2000,NA,NA,NA,"0.15811388,0.47434165,0.79056942,1.10679718,1.42302495",-2,2,1,1.83,1.21,1,0
5,"CRM","crm_cumu_crm",NA,NA,"cumu_crm",0.9,0,0.0714,28,3,1,4,0.45,0.81,0.6606,NA,NA,NA,0.85,0.2865,0.2865,0.14,28.821,23.9765,6.5,365.9142,2000,2000,NA,NA,NA,"0.15811388,0.47434165,0.79056942,1.10679718,1.42302495",-2,2,1,1.83,1.21,1,0
5,"CRM","crm_cumu_crm",NA,NA,"cumu_crm",0.9,0,0.0714,28,3,1,5,0.5,0.905,0.743,NA,NA,NA,0.05,0.0465,0.0465,0.026,28.821,23.9765,6.5,365.9142,2000,2000,NA,NA,NA,"0.15811388,0.47434165,0.79056942,1.10679718,1.42302495",-2,2,1,1.83,1.21,1,0
6,"CRM","crm_fixed",NA,NA,"fixed",0,0,0.0714,28,1,1,1,0.5,0.5,0.388,0,NA,NA,17.85,13.914,13.914,0,15.5055,15.5055,81.5,234.1929,2000,2000,NA,NA,NA,NA,NA,NA,NA,NA,NA,NA,NA
6,"CRM","crm_fixed",NA,NA,"fixed",0,0,0.0714,28,1,1,2,0.55,0.55,0.4458,NA,NA,NA,0.45,1.2045,1.2045,0,15.5055,15.5055,81.5,234.1929,2000,2000,NA,NA,NA,NA,NA,NA,NA,NA,NA,NA,NA
6,"CRM","crm_fixed",NA,NA,"fixed",0,0,0.0714,28,1,1,3,0.6,0.6,0.5436,NA,NA,NA,0.2,0.342,0.342,0,15.5055,15.5055,81.5,234.1929,2000,2000,NA,NA,NA,NA,NA,NA,NA,NA,NA,NA,NA
6,"CRM","crm_fixed",NA,NA,"fixed",0,0,0.0714,28,1,1,4,0.65,0.65,0.5867,NA,NA,NA,0,0.0405,0.0405,0,15.5055,15.5055,81.5,234.1929,2000,2000,NA,NA,NA,NA,NA,NA,NA,NA,NA,NA,NA
6,"CRM","crm_fixed",NA,NA,"fixed",0,0,0.0714,28,1,1,5,0.7,0.7,0.6652,NA,NA,NA,0,0.0045,0.0045,0,15.5055,15.5055,81.5,234.1929,2000,2000,NA,NA,NA,NA,NA,NA,NA,NA,NA,NA,NA
6,"CRM","crm_level",NA,NA,"level",0,0,0.0714,28,1,1,1,0.5,0.5,0.3871,NA,NA,NA,17.6,13.902,13.902,0,15.5055,15.5055,81.7,234.1969,2000,2000,NA,NA,NA,NA,NA,NA,NA,NA,NA,NA,NA
6,"CRM","crm_level",NA,NA,"level",0,0,0.0714,28,1,1,2,0.55,0.55,0.4449,0.1075,NA,NA,0.5,1.218,1.218,0,15.5055,15.5055,81.7,234.1969,2000,2000,NA,NA,NA,NA,NA,NA,NA,NA,NA,NA,NA
6,"CRM","crm_level",NA,NA,"level",0,0,0.0714,28,1,1,3,0.6,0.6,0.5428,0.1332,NA,NA,0.2,0.342,0.342,0,15.5055,15.5055,81.7,234.1969,2000,2000,NA,NA,NA,NA,NA,NA,NA,NA,NA,NA,NA
6,"CRM","crm_level",NA,NA,"level",0,0,0.0714,28,1,1,4,0.65,0.65,0.586,0.1467,NA,NA,0,0.0405,0.0405,0,15.5055,15.5055,81.7,234.1969,2000,2000,NA,NA,NA,NA,NA,NA,NA,NA,NA,NA,NA
6,"CRM","crm_level",NA,NA,"level",0,0,0.0714,28,1,1,5,0.7,0.7,0.6645,0.1496,NA,NA,0,0.003,0.003,0,15.5055,15.5055,81.7,234.1969,2000,2000,NA,NA,NA,NA,NA,NA,NA,NA,NA,NA,NA
6,"CRM","crm_random",NA,NA,"random",0,0,0.0714,28,1,1,1,0.5,0.5,0.3882,0.0753,NA,NA,18.2,13.9665,13.9665,0,15.561,15.561,81.1,235.1082,2000,2000,NA,NA,NA,NA,NA,NA,NA,NA,NA,NA,NA
6,"CRM","crm_random",NA,NA,"random",0,0,0.0714,28,1,1,2,0.55,0.55,0.446,NA,NA,NA,0.5,1.206,1.206,0,15.561,15.561,81.1,235.1082,2000,2000,NA,NA,NA,NA,NA,NA,NA,NA,NA,NA,NA
6,"CRM","crm_random",NA,NA,"random",0,0,0.0714,28,1,1,3,0.6,0.6,0.5438,NA,NA,NA,0.2,0.3435,0.3435,0,15.561,15.561,81.1,235.1082,2000,2000,NA,NA,NA,NA,NA,NA,NA,NA,NA,NA,NA
6,"CRM","crm_random",NA,NA,"random",0,0,0.0714,28,1,1,4,0.65,0.65,0.5869,NA,NA,NA,0,0.0405,0.0405,0,15.561,15.561,81.1,235.1082,2000,2000,NA,NA,NA,NA,NA,NA,NA,NA,NA,NA,NA
6,"CRM","crm_random",NA,NA,"random",0,0,0.0714,28,1,1,5,0.7,0.7,0.6653,NA,NA,NA,0,0.0045,0.0045,0,15.561,15.561,81.1,235.1082,2000,2000,NA,NA,NA,NA,NA,NA,NA,NA,NA,NA,NA
6,"CRM","crm_alpha_crm",NA,NA,"alpha_crm",0,0,0.0714,28,1,1,1,0.5,0.5,0.3807,NA,NA,NA,14.85,13.572,13.572,0,15.1815,15.1815,84.4,229.6819,2000,2000,"15,20,30,35,45",1.4142,61,NA,NA,NA,NA,NA,NA,NA,NA
6,"CRM","crm_alpha_crm",NA,NA,"alpha_crm",0,0,0.0714,28,1,1,2,0.55,0.55,0.4384,NA,NA,NA,0.55,1.221,1.221,0,15.1815,15.1815,84.4,229.6819,2000,2000,"15,20,30,35,45",1.4142,61,NA,NA,NA,NA,NA,NA,NA,NA
6,"CRM","crm_alpha_crm",NA,NA,"alpha_crm",0,0,0.0714,28,1,1,3,0.6,0.6,0.5379,NA,NA,NA,0.2,0.3435,0.3435,0,15.1815,15.1815,84.4,229.6819,2000,2000,"15,20,30,35,45",1.4142,61,NA,NA,NA,NA,NA,NA,NA,NA
6,"CRM","crm_alpha_crm",NA,NA,"alpha_crm",0,0,0.0714,28,1,1,4,0.65,0.65,0.5813,NA,NA,NA,0,0.0405,0.0405,0,15.1815,15.1815,84.4,229.6819,2000,2000,"15,20,30,35,45",1.4142,61,NA,NA,NA,NA,NA,NA,NA,NA
6,"CRM","crm_alpha_crm",NA,NA,"alpha_crm",0,0,0.0714,28,1,1,5,0.7,0.7,0.6604,NA,NA,NA,0,0.0045,0.0045,0,15.1815,15.1815,84.4,229.6819,2000,2000,"15,20,30,35,45",1.4142,61,NA,NA,NA,NA,NA,NA,NA,NA
6,"CRM","crm_cumu_crm",NA,NA,"cumu_crm",0,0,0.0714,28,1,1,1,0.5,0.5,0.3679,NA,NA,NA,38.35,16.7805,16.7805,0,21.252,21.252,59.8,314.6961,2000,2000,NA,NA,NA,"0.15811388,0.47434165,0.79056942,1.10679718,1.42302495",-2,2,1,1.83,1.21,1,0
6,"CRM","crm_cumu_crm",NA,NA,"cumu_crm",0,0,0.0714,28,1,1,2,0.55,0.55,0.5056,NA,NA,NA,1.5,3.777,3.777,0,21.252,21.252,59.8,314.6961,2000,2000,NA,NA,NA,"0.15811388,0.47434165,0.79056942,1.10679718,1.42302495",-2,2,1,1.83,1.21,1,0
6,"CRM","crm_cumu_crm",NA,NA,"cumu_crm",0,0,0.0714,28,1,1,3,0.6,0.6,0.6289,NA,NA,NA,0.35,0.6165,0.6165,0,21.252,21.252,59.8,314.6961,2000,2000,NA,NA,NA,"0.15811388,0.47434165,0.79056942,1.10679718,1.42302495",-2,2,1,1.83,1.21,1,0
6,"CRM","crm_cumu_crm",NA,NA,"cumu_crm",0,0,0.0714,28,1,1,4,0.65,0.65,0.7207,NA,NA,NA,0,0.0735,0.0735,0,21.252,21.252,59.8,314.6961,2000,2000,NA,NA,NA,"0.15811388,0.47434165,0.79056942,1.10679718,1.42302495",-2,2,1,1.83,1.21,1,0
6,"CRM","crm_cumu_crm",NA,NA,"cumu_crm",0,0,0.0714,28,1,1,5,0.7,0.7,0.7855,NA,NA,NA,0,0.0045,0.0045,0,21.252,21.252,59.8,314.6961,2000,2000,NA,NA,NA,"0.15811388,0.47434165,0.79056942,1.10679718,1.42302495",-2,2,1,1.83,1.21,1,0
6,"CRM","crm_fixed",NA,NA,"fixed",0,0,0.0714,28,2,1,1,0.5,0.5,0.3876,0,NA,NA,18,13.917,13.917,0,15.5145,14.6295,81.25,224.3925,2000,2000,NA,NA,NA,NA,NA,NA,NA,NA,NA,NA,NA
6,"CRM","crm_fixed",NA,NA,"fixed",0,0,0.0714,28,2,1,2,0.55,0.55,0.4454,NA,NA,NA,0.55,1.209,1.209,0.8435,15.5145,14.6295,81.25,224.3925,2000,2000,NA,NA,NA,NA,NA,NA,NA,NA,NA,NA,NA
6,"CRM","crm_fixed",NA,NA,"fixed",0,0,0.0714,28,2,1,3,0.6,0.6,0.5433,NA,NA,NA,0.2,0.342,0.342,0.013,15.5145,14.6295,81.25,224.3925,2000,2000,NA,NA,NA,NA,NA,NA,NA,NA,NA,NA,NA
6,"CRM","crm_fixed",NA,NA,"fixed",0,0,0.0714,28,2,1,4,0.65,0.65,0.5864,NA,NA,NA,0,0.042,0.042,0.028,15.5145,14.6295,81.25,224.3925,2000,2000,NA,NA,NA,NA,NA,NA,NA,NA,NA,NA,NA
6,"CRM","crm_fixed",NA,NA,"fixed",0,0,0.0714,28,2,1,5,0.7,0.7,0.6648,NA,NA,NA,0,0.0045,0.0045,5e-04,15.5145,14.6295,81.25,224.3925,2000,2000,NA,NA,NA,NA,NA,NA,NA,NA,NA,NA,NA
6,"CRM","crm_level",NA,NA,"level",0,0,0.0714,28,2,1,1,0.5,0.5,0.383,NA,NA,NA,18.75,13.692,13.692,0,15.738,14.7765,80,226.6641,2000,2000,NA,NA,NA,NA,NA,NA,NA,NA,NA,NA,NA
6,"CRM","crm_level",NA,NA,"level",0,0,0.0714,28,2,1,2,0.55,0.55,0.4407,0.1105,NA,NA,1.05,1.4955,1.4955,0.8945,15.738,14.7765,80,226.6641,2000,2000,NA,NA,NA,NA,NA,NA,NA,NA,NA,NA,NA
6,"CRM","crm_level",NA,NA,"level",0,0,0.0714,28,2,1,3,0.6,0.6,0.5386,0.1306,NA,NA,0.2,0.465,0.465,0.0305,15.738,14.7765,80,226.6641,2000,2000,NA,NA,NA,NA,NA,NA,NA,NA,NA,NA,NA
6,"CRM","crm_level",NA,NA,"level",0,0,0.0714,28,2,1,4,0.65,0.65,0.5819,0.1482,NA,NA,0,0.0705,0.0705,0.036,15.738,14.7765,80,226.6641,2000,2000,NA,NA,NA,NA,NA,NA,NA,NA,NA,NA,NA
6,"CRM","crm_level",NA,NA,"level",0,0,0.0714,28,2,1,5,0.7,0.7,0.6608,0.1492,NA,NA,0,0.015,0.015,5e-04,15.738,14.7765,80,226.6641,2000,2000,NA,NA,NA,NA,NA,NA,NA,NA,NA,NA,NA
6,"CRM","crm_random",NA,NA,"random",0,0,0.0714,28,2,1,1,0.5,0.5,0.3843,0.0785,NA,NA,19.2,13.7325,13.7325,0,15.792,14.8275,79.85,227.259,2000,2000,NA,NA,NA,NA,NA,NA,NA,NA,NA,NA,NA
6,"CRM","crm_random",NA,NA,"random",0,0,0.0714,28,2,1,2,0.55,0.55,0.442,NA,NA,NA,0.75,1.509,1.509,0.8935,15.792,14.8275,79.85,227.259,2000,2000,NA,NA,NA,NA,NA,NA,NA,NA,NA,NA,NA
6,"CRM","crm_random",NA,NA,"random",0,0,0.0714,28,2,1,3,0.6,0.6,0.54,NA,NA,NA,0.2,0.456,0.456,0.033,15.792,14.8275,79.85,227.259,2000,2000,NA,NA,NA,NA,NA,NA,NA,NA,NA,NA,NA
6,"CRM","crm_random",NA,NA,"random",0,0,0.0714,28,2,1,4,0.65,0.65,0.5832,NA,NA,NA,0,0.0765,0.0765,0.0375,15.792,14.8275,79.85,227.259,2000,2000,NA,NA,NA,NA,NA,NA,NA,NA,NA,NA,NA
6,"CRM","crm_random",NA,NA,"random",0,0,0.0714,28,2,1,5,0.7,0.7,0.662,NA,NA,NA,0,0.018,0.018,5e-04,15.792,14.8275,79.85,227.259,2000,2000,NA,NA,NA,NA,NA,NA,NA,NA,NA,NA,NA
6,"CRM","crm_alpha_crm",NA,NA,"alpha_crm",0,0,0.0714,28,2,1,1,0.5,0.5,0.3751,NA,NA,NA,15.6,13.5075,13.5075,0,15.435,14.525,83.5,222.7867,2000,2000,"15,20,30,35,45",1.4142,61,NA,NA,NA,NA,NA,NA,NA,NA
6,"CRM","crm_alpha_crm",NA,NA,"alpha_crm",0,0,0.0714,28,2,1,2,0.55,0.55,0.4328,NA,NA,NA,0.7,1.473,1.473,0.8375,15.435,14.525,83.5,222.7867,2000,2000,"15,20,30,35,45",1.4142,61,NA,NA,NA,NA,NA,NA,NA,NA
6,"CRM","crm_alpha_crm",NA,NA,"alpha_crm",0,0,0.0714,28,2,1,3,0.6,0.6,0.5317,NA,NA,NA,0.15,0.372,0.372,0.041,15.435,14.525,83.5,222.7867,2000,2000,"15,20,30,35,45",1.4142,61,NA,NA,NA,NA,NA,NA,NA,NA
6,"CRM","crm_alpha_crm",NA,NA,"alpha_crm",0,0,0.0714,28,2,1,4,0.65,0.65,0.5753,NA,NA,NA,0.05,0.0705,0.0705,0.0275,15.435,14.525,83.5,222.7867,2000,2000,"15,20,30,35,45",1.4142,61,NA,NA,NA,NA,NA,NA,NA,NA
6,"CRM","crm_alpha_crm",NA,NA,"alpha_crm",0,0,0.0714,28,2,1,5,0.7,0.7,0.6553,NA,NA,NA,0,0.012,0.012,0.004,15.435,14.525,83.5,222.7867,2000,2000,"15,20,30,35,45",1.4142,61,NA,NA,NA,NA,NA,NA,NA,NA
6,"CRM","crm_cumu_crm",NA,NA,"cumu_crm",0,0,0.0714,28,2,1,1,0.5,0.5,0.3648,NA,NA,NA,38.85,16.695,16.695,0,21.345,19.598,58.5,293.6914,2000,2000,NA,NA,NA,"0.15811388,0.47434165,0.79056942,1.10679718,1.42302495",-2,2,1,1.83,1.21,1,0
6,"CRM","crm_cumu_crm",NA,NA,"cumu_crm",0,0,0.0714,28,2,1,2,0.55,0.55,0.5008,NA,NA,NA,2.2,3.9045,3.9045,1.567,21.345,19.598,58.5,293.6914,2000,2000,NA,NA,NA,"0.15811388,0.47434165,0.79056942,1.10679718,1.42302495",-2,2,1,1.83,1.21,1,0
6,"CRM","crm_cumu_crm",NA,NA,"cumu_crm",0,0,0.0714,28,2,1,3,0.6,0.6,0.6236,NA,NA,NA,0.45,0.6285,0.6285,0.137,21.345,19.598,58.5,293.6914,2000,2000,NA,NA,NA,"0.15811388,0.47434165,0.79056942,1.10679718,1.42302495",-2,2,1,1.83,1.21,1,0
6,"CRM","crm_cumu_crm",NA,NA,"cumu_crm",0,0,0.0714,28,2,1,4,0.65,0.65,0.7158,NA,NA,NA,0,0.102,0.102,0.0415,21.345,19.598,58.5,293.6914,2000,2000,NA,NA,NA,"0.15811388,0.47434165,0.79056942,1.10679718,1.42302495",-2,2,1,1.83,1.21,1,0
6,"CRM","crm_cumu_crm",NA,NA,"cumu_crm",0,0,0.0714,28,2,1,5,0.7,0.7,0.7812,NA,NA,NA,0,0.015,0.015,0.0015,21.345,19.598,58.5,293.6914,2000,2000,NA,NA,NA,"0.15811388,0.47434165,0.79056942,1.10679718,1.42302495",-2,2,1,1.83,1.21,1,0
6,"CRM","crm_fixed",NA,NA,"fixed",0,0,0.0714,28,3,1,1,0.5,0.5,0.3883,0,NA,NA,17.95,13.935,13.935,0,15.5295,14.5065,81.35,223.0536,2000,2000,NA,NA,NA,NA,NA,NA,NA,NA,NA,NA,NA
6,"CRM","crm_fixed",NA,NA,"fixed",0,0,0.0714,28,3,1,2,0.55,0.55,0.4461,NA,NA,NA,0.5,1.206,1.206,0.839,15.5295,14.5065,81.35,223.0536,2000,2000,NA,NA,NA,NA,NA,NA,NA,NA,NA,NA,NA
6,"CRM","crm_fixed",NA,NA,"fixed",0,0,0.0714,28,3,1,3,0.6,0.6,0.5439,NA,NA,NA,0.2,0.342,0.342,0.171,15.5295,14.5065,81.35,223.0536,2000,2000,NA,NA,NA,NA,NA,NA,NA,NA,NA,NA,NA
6,"CRM","crm_fixed",NA,NA,"fixed",0,0,0.0714,28,3,1,4,0.65,0.65,0.587,NA,NA,NA,0,0.042,0.042,0.011,15.5295,14.5065,81.35,223.0536,2000,2000,NA,NA,NA,NA,NA,NA,NA,NA,NA,NA,NA
6,"CRM","crm_fixed",NA,NA,"fixed",0,0,0.0714,28,3,1,5,0.7,0.7,0.6654,NA,NA,NA,0,0.0045,0.0045,0.002,15.5295,14.5065,81.35,223.0536,2000,2000,NA,NA,NA,NA,NA,NA,NA,NA,NA,NA,NA
6,"CRM","crm_level",NA,NA,"level",0,0,0.0714,28,3,1,1,0.5,0.5,0.3833,NA,NA,NA,19,13.6545,13.6545,0,15.768,14.652,80,225.0852,2000,2000,NA,NA,NA,NA,NA,NA,NA,NA,NA,NA,NA
6,"CRM","crm_level",NA,NA,"level",0,0,0.0714,28,3,1,2,0.55,0.55,0.441,0.1083,NA,NA,0.8,1.449,1.449,0.8605,15.768,14.652,80,225.0852,2000,2000,NA,NA,NA,NA,NA,NA,NA,NA,NA,NA,NA
6,"CRM","crm_level",NA,NA,"level",0,0,0.0714,28,3,1,3,0.6,0.6,0.539,0.1299,NA,NA,0.15,0.513,0.513,0.2145,15.768,14.652,80,225.0852,2000,2000,NA,NA,NA,NA,NA,NA,NA,NA,NA,NA,NA
6,"CRM","crm_level",NA,NA,"level",0,0,0.0714,28,3,1,4,0.65,0.65,0.5822,0.1433,NA,NA,0.05,0.1335,0.1335,0.0325,15.768,14.652,80,225.0852,2000,2000,NA,NA,NA,NA,NA,NA,NA,NA,NA,NA,NA
6,"CRM","crm_level",NA,NA,"level",0,0,0.0714,28,3,1,5,0.7,0.7,0.6611,0.1487,NA,NA,0,0.018,0.018,0.0085,15.768,14.652,80,225.0852,2000,2000,NA,NA,NA,NA,NA,NA,NA,NA,NA,NA,NA
6,"CRM","crm_random",NA,NA,"random",0,0,0.0714,28,3,1,1,0.5,0.5,0.3828,0.0836,NA,NA,18.95,13.7355,13.7355,0,15.7785,14.668,80.1,225.0492,2000,2000,NA,NA,NA,NA,NA,NA,NA,NA,NA,NA,NA
6,"CRM","crm_random",NA,NA,"random",0,0,0.0714,28,3,1,2,0.55,0.55,0.4406,NA,NA,NA,0.75,1.425,1.425,0.861,15.7785,14.668,80.1,225.0492,2000,2000,NA,NA,NA,NA,NA,NA,NA,NA,NA,NA,NA
6,"CRM","crm_random",NA,NA,"random",0,0,0.0714,28,3,1,3,0.6,0.6,0.5386,NA,NA,NA,0.2,0.4845,0.4845,0.2095,15.7785,14.668,80.1,225.0492,2000,2000,NA,NA,NA,NA,NA,NA,NA,NA,NA,NA,NA
6,"CRM","crm_random",NA,NA,"random",0,0,0.0714,28,3,1,4,0.65,0.65,0.5819,NA,NA,NA,0,0.114,0.114,0.0295,15.7785,14.668,80.1,225.0492,2000,2000,NA,NA,NA,NA,NA,NA,NA,NA,NA,NA,NA
6,"CRM","crm_random",NA,NA,"random",0,0,0.0714,28,3,1,5,0.7,0.7,0.6608,NA,NA,NA,0,0.0195,0.0195,0.0105,15.7785,14.668,80.1,225.0492,2000,2000,NA,NA,NA,NA,NA,NA,NA,NA,NA,NA,NA
6,"CRM","crm_alpha_crm",NA,NA,"alpha_crm",0,0,0.0714,28,3,1,1,0.5,0.5,0.3751,NA,NA,NA,15.95,13.4385,13.4385,0,15.4455,14.381,83.15,221.1053,2000,2000,"15,20,30,35,45",1.4142,61,NA,NA,NA,NA,NA,NA,NA,NA
6,"CRM","crm_alpha_crm",NA,NA,"alpha_crm",0,0,0.0714,28,3,1,2,0.55,0.55,0.4329,NA,NA,NA,0.6,1.4355,1.4355,0.833,15.4455,14.381,83.15,221.1053,2000,2000,"15,20,30,35,45",1.4142,61,NA,NA,NA,NA,NA,NA,NA,NA
6,"CRM","crm_alpha_crm",NA,NA,"alpha_crm",0,0,0.0714,28,3,1,3,0.6,0.6,0.5315,NA,NA,NA,0.25,0.4275,0.4275,0.201,15.4455,14.381,83.15,221.1053,2000,2000,"15,20,30,35,45",1.4142,61,NA,NA,NA,NA,NA,NA,NA,NA
6,"CRM","crm_alpha_crm",NA,NA,"alpha_crm",0,0,0.0714,28,3,1,4,0.65,0.65,0.5752,NA,NA,NA,0.05,0.1275,0.1275,0.02,15.4455,14.381,83.15,221.1053,2000,2000,"15,20,30,35,45",1.4142,61,NA,NA,NA,NA,NA,NA,NA,NA
6,"CRM","crm_alpha_crm",NA,NA,"alpha_crm",0,0,0.0714,28,3,1,5,0.7,0.7,0.655,NA,NA,NA,0,0.0165,0.0165,0.0105,15.4455,14.381,83.15,221.1053,2000,2000,"15,20,30,35,45",1.4142,61,NA,NA,NA,NA,NA,NA,NA,NA
6,"CRM","crm_cumu_crm",NA,NA,"cumu_crm",0,0,0.0714,28,3,1,1,0.5,0.5,0.3629,NA,NA,NA,38.55,16.6635,16.6635,0,21.378,19.4125,58.3,291.2806,2000,2000,NA,NA,NA,"0.15811388,0.47434165,0.79056942,1.10679718,1.42302495",-2,2,1,1.83,1.21,1,0
6,"CRM","crm_cumu_crm",NA,NA,"cumu_crm",0,0,0.0714,28,3,1,2,0.55,0.55,0.4978,NA,NA,NA,2.7,3.885,3.885,1.5535,21.378,19.4125,58.3,291.2806,2000,2000,NA,NA,NA,"0.15811388,0.47434165,0.79056942,1.10679718,1.42302495",-2,2,1,1.83,1.21,1,0
6,"CRM","crm_cumu_crm",NA,NA,"cumu_crm",0,0,0.0714,28,3,1,3,0.6,0.6,0.62,NA,NA,NA,0.45,0.7035,0.7035,0.3805,21.378,19.4125,58.3,291.2806,2000,2000,NA,NA,NA,"0.15811388,0.47434165,0.79056942,1.10679718,1.42302495",-2,2,1,1.83,1.21,1,0
6,"CRM","crm_cumu_crm",NA,NA,"cumu_crm",0,0,0.0714,28,3,1,4,0.65,0.65,0.7123,NA,NA,NA,0,0.1065,0.1065,0.0255,21.378,19.4125,58.3,291.2806,2000,2000,NA,NA,NA,"0.15811388,0.47434165,0.79056942,1.10679718,1.42302495",-2,2,1,1.83,1.21,1,0
6,"CRM","crm_cumu_crm",NA,NA,"cumu_crm",0,0,0.0714,28,3,1,5,0.7,0.7,0.7783,NA,NA,NA,0,0.0195,0.0195,0.006,21.378,19.4125,58.3,291.2806,2000,2000,NA,NA,NA,"0.15811388,0.47434165,0.79056942,1.10679718,1.42302495",-2,2,1,1.83,1.21,1,0
6,"CRM","crm_fixed",NA,NA,"fixed",0.3,0,0.0714,28,1,1,1,0.5,0.5,0.3882,0,NA,NA,17.9,13.953,13.953,0,15.5535,15.5535,81.3,234.8948,2000,2000,NA,NA,NA,NA,NA,NA,NA,NA,NA,NA,NA
6,"CRM","crm_fixed",NA,NA,"fixed",0.3,0,0.0714,28,1,1,2,0.55,0.7,0.446,NA,NA,NA,0.6,1.2135,1.2135,0,15.5535,15.5535,81.3,234.8948,2000,2000,NA,NA,NA,NA,NA,NA,NA,NA,NA,NA,NA
6,"CRM","crm_fixed",NA,NA,"fixed",0.3,0,0.0714,28,1,1,3,0.6,0.765,0.5438,NA,NA,NA,0.2,0.3435,0.3435,0,15.5535,15.5535,81.3,234.8948,2000,2000,NA,NA,NA,NA,NA,NA,NA,NA,NA,NA,NA
6,"CRM","crm_fixed",NA,NA,"fixed",0.3,0,0.0714,28,1,1,4,0.65,0.83,0.5869,NA,NA,NA,0,0.0405,0.0405,0,15.5535,15.5535,81.3,234.8948,2000,2000,NA,NA,NA,NA,NA,NA,NA,NA,NA,NA,NA
6,"CRM","crm_fixed",NA,NA,"fixed",0.3,0,0.0714,28,1,1,5,0.7,0.895,0.6653,NA,NA,NA,0,0.003,0.003,0,15.5535,15.5535,81.3,234.8948,2000,2000,NA,NA,NA,NA,NA,NA,NA,NA,NA,NA,NA
6,"CRM","crm_level",NA,NA,"level",0.3,0,0.0714,28,1,1,1,0.5,0.5,0.388,NA,NA,NA,18,13.908,13.908,0,15.501,15.501,81.4,234.3413,2000,2000,NA,NA,NA,NA,NA,NA,NA,NA,NA,NA,NA
6,"CRM","crm_level",NA,NA,"level",0.3,0,0.0714,28,1,1,2,0.55,0.7,0.4458,0.1105,NA,NA,0.4,1.2045,1.2045,0,15.501,15.501,81.4,234.3413,2000,2000,NA,NA,NA,NA,NA,NA,NA,NA,NA,NA,NA
6,"CRM","crm_level",NA,NA,"level",0.3,0,0.0714,28,1,1,3,0.6,0.765,0.5437,0.133,NA,NA,0.2,0.342,0.342,0,15.501,15.501,81.4,234.3413,2000,2000,NA,NA,NA,NA,NA,NA,NA,NA,NA,NA,NA
6,"CRM","crm_level",NA,NA,"level",0.3,0,0.0714,28,1,1,4,0.65,0.83,0.5868,0.1467,NA,NA,0,0.042,0.042,0,15.501,15.501,81.4,234.3413,2000,2000,NA,NA,NA,NA,NA,NA,NA,NA,NA,NA,NA
6,"CRM","crm_level",NA,NA,"level",0.3,0,0.0714,28,1,1,5,0.7,0.895,0.6652,0.1497,NA,NA,0,0.0045,0.0045,0,15.501,15.501,81.4,234.3413,2000,2000,NA,NA,NA,NA,NA,NA,NA,NA,NA,NA,NA
6,"CRM","crm_random",NA,NA,"random",0.3,0,0.0714,28,1,1,1,0.5,0.5,0.3869,0.0808,NA,NA,18.2,13.911,13.911,0,15.513,15.513,81.05,234.2555,2000,2000,NA,NA,NA,NA,NA,NA,NA,NA,NA,NA,NA
6,"CRM","crm_random",NA,NA,"random",0.3,0,0.0714,28,1,1,2,0.55,0.7,0.4447,NA,NA,NA,0.55,1.2135,1.2135,0,15.513,15.513,81.05,234.2555,2000,2000,NA,NA,NA,NA,NA,NA,NA,NA,NA,NA,NA
6,"CRM","crm_random",NA,NA,"random",0.3,0,0.0714,28,1,1,3,0.6,0.765,0.5426,NA,NA,NA,0.2,0.3435,0.3435,0,15.513,15.513,81.05,234.2555,2000,2000,NA,NA,NA,NA,NA,NA,NA,NA,NA,NA,NA
6,"CRM","crm_random",NA,NA,"random",0.3,0,0.0714,28,1,1,4,0.65,0.83,0.5858,NA,NA,NA,0,0.0405,0.0405,0,15.513,15.513,81.05,234.2555,2000,2000,NA,NA,NA,NA,NA,NA,NA,NA,NA,NA,NA
6,"CRM","crm_random",NA,NA,"random",0.3,0,0.0714,28,1,1,5,0.7,0.895,0.6643,NA,NA,NA,0,0.0045,0.0045,0,15.513,15.513,81.05,234.2555,2000,2000,NA,NA,NA,NA,NA,NA,NA,NA,NA,NA,NA
6,"CRM","crm_alpha_crm",NA,NA,"alpha_crm",0.3,0,0.0714,28,1,1,1,0.5,0.5,0.3807,NA,NA,NA,14.85,13.572,13.572,0,15.1815,15.1815,84.4,229.6819,2000,2000,"15,20,30,35,45",1.4142,61,NA,NA,NA,NA,NA,NA,NA,NA
6,"CRM","crm_alpha_crm",NA,NA,"alpha_crm",0.3,0,0.0714,28,1,1,2,0.55,0.7,0.4384,NA,NA,NA,0.55,1.221,1.221,0,15.1815,15.1815,84.4,229.6819,2000,2000,"15,20,30,35,45",1.4142,61,NA,NA,NA,NA,NA,NA,NA,NA
6,"CRM","crm_alpha_crm",NA,NA,"alpha_crm",0.3,0,0.0714,28,1,1,3,0.6,0.765,0.5379,NA,NA,NA,0.2,0.3435,0.3435,0,15.1815,15.1815,84.4,229.6819,2000,2000,"15,20,30,35,45",1.4142,61,NA,NA,NA,NA,NA,NA,NA,NA
6,"CRM","crm_alpha_crm",NA,NA,"alpha_crm",0.3,0,0.0714,28,1,1,4,0.65,0.83,0.5813,NA,NA,NA,0,0.0405,0.0405,0,15.1815,15.1815,84.4,229.6819,2000,2000,"15,20,30,35,45",1.4142,61,NA,NA,NA,NA,NA,NA,NA,NA
6,"CRM","crm_alpha_crm",NA,NA,"alpha_crm",0.3,0,0.0714,28,1,1,5,0.7,0.895,0.6604,NA,NA,NA,0,0.0045,0.0045,0,15.1815,15.1815,84.4,229.6819,2000,2000,"15,20,30,35,45",1.4142,61,NA,NA,NA,NA,NA,NA,NA,NA
6,"CRM","crm_cumu_crm",NA,NA,"cumu_crm",0.3,0,0.0714,28,1,1,1,0.5,0.5,0.3673,NA,NA,NA,38.7,16.7655,16.7655,0,21.2445,21.2445,59.25,314.4246,2000,2000,NA,NA,NA,"0.15811388,0.47434165,0.79056942,1.10679718,1.42302495",-2,2,1,1.83,1.21,1,0
6,"CRM","crm_cumu_crm",NA,NA,"cumu_crm",0.3,0,0.0714,28,1,1,2,0.55,0.7,0.5049,NA,NA,NA,1.75,3.792,3.792,0,21.2445,21.2445,59.25,314.4246,2000,2000,NA,NA,NA,"0.15811388,0.47434165,0.79056942,1.10679718,1.42302495",-2,2,1,1.83,1.21,1,0
6,"CRM","crm_cumu_crm",NA,NA,"cumu_crm",0.3,0,0.0714,28,1,1,3,0.6,0.765,0.6283,NA,NA,NA,0.3,0.6105,0.6105,0,21.2445,21.2445,59.25,314.4246,2000,2000,NA,NA,NA,"0.15811388,0.47434165,0.79056942,1.10679718,1.42302495",-2,2,1,1.83,1.21,1,0
6,"CRM","crm_cumu_crm",NA,NA,"cumu_crm",0.3,0,0.0714,28,1,1,4,0.65,0.83,0.7202,NA,NA,NA,0,0.0675,0.0675,0,21.2445,21.2445,59.25,314.4246,2000,2000,NA,NA,NA,"0.15811388,0.47434165,0.79056942,1.10679718,1.42302495",-2,2,1,1.83,1.21,1,0
6,"CRM","crm_cumu_crm",NA,NA,"cumu_crm",0.3,0,0.0714,28,1,1,5,0.7,0.895,0.7852,NA,NA,NA,0,0.009,0.009,0,21.2445,21.2445,59.25,314.4246,2000,2000,NA,NA,NA,"0.15811388,0.47434165,0.79056942,1.10679718,1.42302495",-2,2,1,1.83,1.21,1,0
6,"CRM","crm_fixed",NA,NA,"fixed",0.3,0,0.0714,28,2,1,1,0.5,0.5,0.3957,0,NA,NA,16.55,14.0895,14.0895,0,15.207,14.414,83.45,220.6123,2000,2000,NA,NA,NA,NA,NA,NA,NA,NA,NA,NA,NA
6,"CRM","crm_fixed",NA,NA,"fixed",0.3,0,0.0714,28,2,1,2,0.55,0.7,0.4536,NA,NA,NA,0,0.9645,0.9645,0.7795,15.207,14.414,83.45,220.6123,2000,2000,NA,NA,NA,NA,NA,NA,NA,NA,NA,NA,NA
6,"CRM","crm_fixed",NA,NA,"fixed",0.3,0,0.0714,28,2,1,3,0.6,0.765,0.5511,NA,NA,NA,0,0.1485,0.1485,0.0095,15.207,14.414,83.45,220.6123,2000,2000,NA,NA,NA,NA,NA,NA,NA,NA,NA,NA,NA
6,"CRM","crm_fixed",NA,NA,"fixed",0.3,0,0.0714,28,2,1,4,0.65,0.83,0.594,NA,NA,NA,0,0.0045,0.0045,0.004,15.207,14.414,83.45,220.6123,2000,2000,NA,NA,NA,NA,NA,NA,NA,NA,NA,NA,NA
6,"CRM","crm_fixed",NA,NA,"fixed",0.3,0,0.0714,28,2,1,5,0.7,0.895,0.6716,NA,NA,NA,0,0,0,0,15.207,14.414,83.45,220.6123,2000,2000,NA,NA,NA,NA,NA,NA,NA,NA,NA,NA,NA
6,"CRM","crm_level",NA,NA,"level",0.3,0,0.0714,28,2,1,1,0.5,0.5,0.3879,NA,NA,NA,17.35,13.8405,13.8405,0,15.486,14.623,82.1,223.7235,2000,2000,NA,NA,NA,NA,NA,NA,NA,NA,NA,NA,NA
6,"CRM","crm_level",NA,NA,"level",0.3,0,0.0714,28,2,1,2,0.55,0.7,0.4456,0.1446,NA,NA,0.5,1.3095,1.3095,0.8175,15.486,14.623,82.1,223.7235,2000,2000,NA,NA,NA,NA,NA,NA,NA,NA,NA,NA,NA
6,"CRM","crm_level",NA,NA,"level",0.3,0,0.0714,28,2,1,3,0.6,0.765,0.5434,0.1368,NA,NA,0.05,0.3165,0.3165,0.037,15.486,14.623,82.1,223.7235,2000,2000,NA,NA,NA,NA,NA,NA,NA,NA,NA,NA,NA
6,"CRM","crm_level",NA,NA,"level",0.3,0,0.0714,28,2,1,4,0.65,0.83,0.5865,0.1499,NA,NA,0,0.0165,0.0165,0.0085,15.486,14.623,82.1,223.7235,2000,2000,NA,NA,NA,NA,NA,NA,NA,NA,NA,NA,NA
6,"CRM","crm_level",NA,NA,"level",0.3,0,0.0714,28,2,1,5,0.7,0.895,0.6649,0.1498,NA,NA,0,0.003,0.003,0,15.486,14.623,82.1,223.7235,2000,2000,NA,NA,NA,NA,NA,NA,NA,NA,NA,NA,NA
6,"CRM","crm_random",NA,NA,"random",0.3,0,0.0714,28,2,1,1,0.5,0.5,0.3896,0.1056,NA,NA,17.5,13.8105,13.8105,0,15.537,14.64,81.95,224.3501,2000,2000,NA,NA,NA,NA,NA,NA,NA,NA,NA,NA,NA
6,"CRM","crm_random",NA,NA,"random",0.3,0,0.0714,28,2,1,2,0.55,0.7,0.4473,NA,NA,NA,0.5,1.3305,1.3305,0.84,15.537,14.64,81.95,224.3501,2000,2000,NA,NA,NA,NA,NA,NA,NA,NA,NA,NA,NA
6,"CRM","crm_random",NA,NA,"random",0.3,0,0.0714,28,2,1,3,0.6,0.765,0.5449,NA,NA,NA,0.05,0.342,0.342,0.0325,15.537,14.64,81.95,224.3501,2000,2000,NA,NA,NA,NA,NA,NA,NA,NA,NA,NA,NA
6,"CRM","crm_random",NA,NA,"random",0.3,0,0.0714,28,2,1,4,0.65,0.83,0.5879,NA,NA,NA,0,0.0465,0.0465,0.024,15.537,14.64,81.95,224.3501,2000,2000,NA,NA,NA,NA,NA,NA,NA,NA,NA,NA,NA
6,"CRM","crm_random",NA,NA,"random",0.3,0,0.0714,28,2,1,5,0.7,0.895,0.6661,NA,NA,NA,0,0.0075,0.0075,5e-04,15.537,14.64,81.95,224.3501,2000,2000,NA,NA,NA,NA,NA,NA,NA,NA,NA,NA,NA
6,"CRM","crm_alpha_crm",NA,NA,"alpha_crm",0.3,0,0.0714,28,2,1,1,0.5,0.5,0.3818,NA,NA,NA,14.2,13.6935,13.6935,0,15.1485,14.3235,85.5,219.6611,2000,2000,"15,20,30,35,45",1.4142,61,NA,NA,NA,NA,NA,NA,NA,NA
6,"CRM","crm_alpha_crm",NA,NA,"alpha_crm",0.3,0,0.0714,28,2,1,2,0.55,0.7,0.4399,NA,NA,NA,0.3,1.2525,1.2525,0.7735,15.1485,14.3235,85.5,219.6611,2000,2000,"15,20,30,35,45",1.4142,61,NA,NA,NA,NA,NA,NA,NA,NA
6,"CRM","crm_alpha_crm",NA,NA,"alpha_crm",0.3,0,0.0714,28,2,1,3,0.6,0.765,0.5384,NA,NA,NA,0,0.195,0.195,0.0465,15.1485,14.3235,85.5,219.6611,2000,2000,"15,20,30,35,45",1.4142,61,NA,NA,NA,NA,NA,NA,NA,NA
6,"CRM","crm_alpha_crm",NA,NA,"alpha_crm",0.3,0,0.0714,28,2,1,4,0.65,0.83,0.582,NA,NA,NA,0,0.0075,0.0075,0.005,15.1485,14.3235,85.5,219.6611,2000,2000,"15,20,30,35,45",1.4142,61,NA,NA,NA,NA,NA,NA,NA,NA
6,"CRM","crm_alpha_crm",NA,NA,"alpha_crm",0.3,0,0.0714,28,2,1,5,0.7,0.895,0.6612,NA,NA,NA,0,0,0,0,15.1485,14.3235,85.5,219.6611,2000,2000,"15,20,30,35,45",1.4142,61,NA,NA,NA,NA,NA,NA,NA,NA
6,"CRM","crm_cumu_crm",NA,NA,"cumu_crm",0.3,0,0.0714,28,2,1,1,0.5,0.5,0.3748,NA,NA,NA,36.75,17.325,17.325,0,20.928,19.2925,62.15,289.1357,2000,2000,NA,NA,NA,"0.15811388,0.47434165,0.79056942,1.10679718,1.42302495",-2,2,1,1.83,1.21,1,0
6,"CRM","crm_cumu_crm",NA,NA,"cumu_crm",0.3,0,0.0714,28,2,1,2,0.55,0.7,0.5176,NA,NA,NA,0.95,3.267,3.267,1.5295,20.928,19.2925,62.15,289.1357,2000,2000,NA,NA,NA,"0.15811388,0.47434165,0.79056942,1.10679718,1.42302495",-2,2,1,1.83,1.21,1,0
6,"CRM","crm_cumu_crm",NA,NA,"cumu_crm",0.3,0,0.0714,28,2,1,3,0.6,0.765,0.6413,NA,NA,NA,0.15,0.3045,0.3045,0.094,20.928,19.2925,62.15,289.1357,2000,2000,NA,NA,NA,"0.15811388,0.47434165,0.79056942,1.10679718,1.42302495",-2,2,1,1.83,1.21,1,0
6,"CRM","crm_cumu_crm",NA,NA,"cumu_crm",0.3,0,0.0714,28,2,1,4,0.65,0.83,0.7309,NA,NA,NA,0,0.0255,0.0255,0.0095,20.928,19.2925,62.15,289.1357,2000,2000,NA,NA,NA,"0.15811388,0.47434165,0.79056942,1.10679718,1.42302495",-2,2,1,1.83,1.21,1,0
6,"CRM","crm_cumu_crm",NA,NA,"cumu_crm",0.3,0,0.0714,28,2,1,5,0.7,0.895,0.7931,NA,NA,NA,0,0.006,0.006,0.0025,20.928,19.2925,62.15,289.1357,2000,2000,NA,NA,NA,"0.15811388,0.47434165,0.79056942,1.10679718,1.42302495",-2,2,1,1.83,1.21,1,0
6,"CRM","crm_fixed",NA,NA,"fixed",0.3,0,0.0714,28,3,1,1,0.5,0.5,0.3951,0,NA,NA,16.4,14.115,14.115,0,15.198,14.3415,83.6,220.1165,2000,2000,NA,NA,NA,NA,NA,NA,NA,NA,NA,NA,NA
6,"CRM","crm_fixed",NA,NA,"fixed",0.3,0,0.0714,28,3,1,2,0.55,0.7,0.453,NA,NA,NA,0,0.948,0.948,0.775,15.198,14.3415,83.6,220.1165,2000,2000,NA,NA,NA,NA,NA,NA,NA,NA,NA,NA,NA
6,"CRM","crm_fixed",NA,NA,"fixed",0.3,0,0.0714,28,3,1,3,0.6,0.765,0.5506,NA,NA,NA,0,0.135,0.135,0.0815,15.198,14.3415,83.6,220.1165,2000,2000,NA,NA,NA,NA,NA,NA,NA,NA,NA,NA,NA
6,"CRM","crm_fixed",NA,NA,"fixed",0.3,0,0.0714,28,3,1,4,0.65,0.83,0.5935,NA,NA,NA,0,0,0,0,15.198,14.3415,83.6,220.1165,2000,2000,NA,NA,NA,NA,NA,NA,NA,NA,NA,NA,NA
6,"CRM","crm_fixed",NA,NA,"fixed",0.3,0,0.0714,28,3,1,5,0.7,0.895,0.6712,NA,NA,NA,0,0,0,0,15.198,14.3415,83.6,220.1165,2000,2000,NA,NA,NA,NA,NA,NA,NA,NA,NA,NA,NA
6,"CRM","crm_level",NA,NA,"level",0.3,0,0.0714,28,3,1,1,0.5,0.5,0.393,NA,NA,NA,17.3,13.7565,13.7565,0,15.468,14.4995,82.45,222.3515,2000,2000,NA,NA,NA,NA,NA,NA,NA,NA,NA,NA,NA
6,"CRM","crm_level",NA,NA,"level",0.3,0,0.0714,28,3,1,2,0.55,0.7,0.4508,0.1377,NA,NA,0.25,1.3185,1.3185,0.8235,15.468,14.4995,82.45,222.3515,2000,2000,NA,NA,NA,NA,NA,NA,NA,NA,NA,NA,NA
6,"CRM","crm_level",NA,NA,"level",0.3,0,0.0714,28,3,1,3,0.6,0.765,0.5483,0.1409,NA,NA,0,0.357,0.357,0.1365,15.468,14.4995,82.45,222.3515,2000,2000,NA,NA,NA,NA,NA,NA,NA,NA,NA,NA,NA
6,"CRM","crm_level",NA,NA,"level",0.3,0,0.0714,28,3,1,4,0.65,0.83,0.5911,0.1471,NA,NA,0,0.036,0.036,0.0085,15.468,14.4995,82.45,222.3515,2000,2000,NA,NA,NA,NA,NA,NA,NA,NA,NA,NA,NA
6,"CRM","crm_level",NA,NA,"level",0.3,0,0.0714,28,3,1,5,0.7,0.895,0.669,0.1499,NA,NA,0,0,0,0,15.468,14.4995,82.45,222.3515,2000,2000,NA,NA,NA,NA,NA,NA,NA,NA,NA,NA,NA
6,"CRM","crm_random",NA,NA,"random",0.3,0,0.0714,28,3,1,1,0.5,0.5,0.3888,0.1162,NA,NA,16.7,13.8225,13.8225,0,15.4905,14.5175,82.75,223.0551,2000,2000,NA,NA,NA,NA,NA,NA,NA,NA,NA,NA,NA
6,"CRM","crm_random",NA,NA,"random",0.3,0,0.0714,28,3,1,2,0.55,0.7,0.4466,NA,NA,NA,0.5,1.2825,1.2825,0.821,15.4905,14.5175,82.75,223.0551,2000,2000,NA,NA,NA,NA,NA,NA,NA,NA,NA,NA,NA
6,"CRM","crm_random",NA,NA,"random",0.3,0,0.0714,28,3,1,3,0.6,0.765,0.5443,NA,NA,NA,0.05,0.345,0.345,0.1375,15.4905,14.5175,82.75,223.0551,2000,2000,NA,NA,NA,NA,NA,NA,NA,NA,NA,NA,NA
6,"CRM","crm_random",NA,NA,"random",0.3,0,0.0714,28,3,1,4,0.65,0.83,0.5873,NA,NA,NA,0,0.0375,0.0375,0.0125,15.4905,14.5175,82.75,223.0551,2000,2000,NA,NA,NA,NA,NA,NA,NA,NA,NA,NA,NA
6,"CRM","crm_random",NA,NA,"random",0.3,0,0.0714,28,3,1,5,0.7,0.895,0.6656,NA,NA,NA,0,0.003,0.003,0.002,15.4905,14.5175,82.75,223.0551,2000,2000,NA,NA,NA,NA,NA,NA,NA,NA,NA,NA,NA
6,"CRM","crm_alpha_crm",NA,NA,"alpha_crm",0.3,0,0.0714,28,3,1,1,0.5,0.5,0.3841,NA,NA,NA,14.3,13.698,13.698,0,15.15,14.2605,85.5,219.0031,2000,2000,"15,20,30,35,45",1.4142,61,NA,NA,NA,NA,NA,NA,NA,NA
6,"CRM","crm_alpha_crm",NA,NA,"alpha_crm",0.3,0,0.0714,28,3,1,2,0.55,0.7,0.4422,NA,NA,NA,0.2,1.2195,1.2195,0.768,15.15,14.2605,85.5,219.0031,2000,2000,"15,20,30,35,45",1.4142,61,NA,NA,NA,NA,NA,NA,NA,NA
6,"CRM","crm_alpha_crm",NA,NA,"alpha_crm",0.3,0,0.0714,28,3,1,3,0.6,0.765,0.5407,NA,NA,NA,0,0.213,0.213,0.1185,15.15,14.2605,85.5,219.0031,2000,2000,"15,20,30,35,45",1.4142,61,NA,NA,NA,NA,NA,NA,NA,NA
6,"CRM","crm_alpha_crm",NA,NA,"alpha_crm",0.3,0,0.0714,28,3,1,4,0.65,0.83,0.584,NA,NA,NA,0,0.0195,0.0195,0.003,15.15,14.2605,85.5,219.0031,2000,2000,"15,20,30,35,45",1.4142,61,NA,NA,NA,NA,NA,NA,NA,NA
6,"CRM","crm_alpha_crm",NA,NA,"alpha_crm",0.3,0,0.0714,28,3,1,5,0.7,0.895,0.6629,NA,NA,NA,0,0,0,0,15.15,14.2605,85.5,219.0031,2000,2000,"15,20,30,35,45",1.4142,61,NA,NA,NA,NA,NA,NA,NA,NA
6,"CRM","crm_cumu_crm",NA,NA,"cumu_crm",0.3,0,0.0714,28,3,1,1,0.5,0.5,0.3749,NA,NA,NA,35.9,17.331,17.331,0,20.892,19.1445,62.7,287.4525,2000,2000,NA,NA,NA,"0.15811388,0.47434165,0.79056942,1.10679718,1.42302495",-2,2,1,1.83,1.21,1,0
6,"CRM","crm_cumu_crm",NA,NA,"cumu_crm",0.3,0,0.0714,28,3,1,2,0.55,0.7,0.5179,NA,NA,NA,1.35,3.2235,3.2235,1.5305,20.892,19.1445,62.7,287.4525,2000,2000,NA,NA,NA,"0.15811388,0.47434165,0.79056942,1.10679718,1.42302495",-2,2,1,1.83,1.21,1,0
6,"CRM","crm_cumu_crm",NA,NA,"cumu_crm",0.3,0,0.0714,28,3,1,3,0.6,0.765,0.6416,NA,NA,NA,0.05,0.3195,0.3195,0.212,20.892,19.1445,62.7,287.4525,2000,2000,NA,NA,NA,"0.15811388,0.47434165,0.79056942,1.10679718,1.42302495",-2,2,1,1.83,1.21,1,0
6,"CRM","crm_cumu_crm",NA,NA,"cumu_crm",0.3,0,0.0714,28,3,1,4,0.65,0.83,0.7311,NA,NA,NA,0,0.012,0.012,0.003,20.892,19.1445,62.7,287.4525,2000,2000,NA,NA,NA,"0.15811388,0.47434165,0.79056942,1.10679718,1.42302495",-2,2,1,1.83,1.21,1,0
6,"CRM","crm_cumu_crm",NA,NA,"cumu_crm",0.3,0,0.0714,28,3,1,5,0.7,0.895,0.7933,NA,NA,NA,0,0.006,0.006,0.002,20.892,19.1445,62.7,287.4525,2000,2000,NA,NA,NA,"0.15811388,0.47434165,0.79056942,1.10679718,1.42302495",-2,2,1,1.83,1.21,1,0
6,"CRM","crm_fixed",NA,NA,"fixed",0.6,0,0.0714,28,1,1,1,0.5,0.5,0.3869,0,NA,NA,17.85,13.872,13.872,0,15.477,15.477,81.4,233.7275,2000,2000,NA,NA,NA,NA,NA,NA,NA,NA,NA,NA,NA
6,"CRM","crm_fixed",NA,NA,"fixed",0.6,0,0.0714,28,1,1,2,0.55,0.85,0.4447,NA,NA,NA,0.55,1.218,1.218,0,15.477,15.477,81.4,233.7275,2000,2000,NA,NA,NA,NA,NA,NA,NA,NA,NA,NA,NA
6,"CRM","crm_fixed",NA,NA,"fixed",0.6,0,0.0714,28,1,1,3,0.6,0.93,0.5426,NA,NA,NA,0.2,0.342,0.342,0,15.477,15.477,81.4,233.7275,2000,2000,NA,NA,NA,NA,NA,NA,NA,NA,NA,NA,NA
6,"CRM","crm_fixed",NA,NA,"fixed",0.6,0,0.0714,28,1,1,4,0.65,1,0.5858,NA,NA,NA,0,0.0405,0.0405,0,15.477,15.477,81.4,233.7275,2000,2000,NA,NA,NA,NA,NA,NA,NA,NA,NA,NA,NA
6,"CRM","crm_fixed",NA,NA,"fixed",0.6,0,0.0714,28,1,1,5,0.7,1,0.6643,NA,NA,NA,0,0.0045,0.0045,0,15.477,15.477,81.4,233.7275,2000,2000,NA,NA,NA,NA,NA,NA,NA,NA,NA,NA,NA
6,"CRM","crm_level",NA,NA,"level",0.6,0,0.0714,28,1,1,1,0.5,0.5,0.3876,NA,NA,NA,18.15,13.941,13.941,0,15.5355,15.5355,81.15,234.6374,2000,2000,NA,NA,NA,NA,NA,NA,NA,NA,NA,NA,NA
6,"CRM","crm_level",NA,NA,"level",0.6,0,0.0714,28,1,1,2,0.55,0.85,0.4454,0.1089,NA,NA,0.5,1.2075,1.2075,0,15.5355,15.5355,81.15,234.6374,2000,2000,NA,NA,NA,NA,NA,NA,NA,NA,NA,NA,NA
6,"CRM","crm_level",NA,NA,"level",0.6,0,0.0714,28,1,1,3,0.6,0.93,0.5433,0.1324,NA,NA,0.2,0.342,0.342,0,15.5355,15.5355,81.15,234.6374,2000,2000,NA,NA,NA,NA,NA,NA,NA,NA,NA,NA,NA
6,"CRM","crm_level",NA,NA,"level",0.6,0,0.0714,28,1,1,4,0.65,1,0.5864,0.1464,NA,NA,0,0.0405,0.0405,0,15.5355,15.5355,81.15,234.6374,2000,2000,NA,NA,NA,NA,NA,NA,NA,NA,NA,NA,NA
6,"CRM","crm_level",NA,NA,"level",0.6,0,0.0714,28,1,1,5,0.7,1,0.6649,0.1499,NA,NA,0,0.0045,0.0045,0,15.5355,15.5355,81.15,234.6374,2000,2000,NA,NA,NA,NA,NA,NA,NA,NA,NA,NA,NA
6,"CRM","crm_random",NA,NA,"random",0.6,0,0.0714,28,1,1,1,0.5,0.5,0.3891,0.082,NA,NA,18.05,13.917,13.917,0,15.5115,15.5115,81.35,234.3854,2000,2000,NA,NA,NA,NA,NA,NA,NA,NA,NA,NA,NA
6,"CRM","crm_random",NA,NA,"random",0.6,0,0.0714,28,1,1,2,0.55,0.85,0.4469,NA,NA,NA,0.4,1.209,1.209,0,15.5115,15.5115,81.35,234.3854,2000,2000,NA,NA,NA,NA,NA,NA,NA,NA,NA,NA,NA
6,"CRM","crm_random",NA,NA,"random",0.6,0,0.0714,28,1,1,3,0.6,0.93,0.5447,NA,NA,NA,0.2,0.3405,0.3405,0,15.5115,15.5115,81.35,234.3854,2000,2000,NA,NA,NA,NA,NA,NA,NA,NA,NA,NA,NA
6,"CRM","crm_random",NA,NA,"random",0.6,0,0.0714,28,1,1,4,0.65,1,0.5877,NA,NA,NA,0,0.0405,0.0405,0,15.5115,15.5115,81.35,234.3854,2000,2000,NA,NA,NA,NA,NA,NA,NA,NA,NA,NA,NA
6,"CRM","crm_random",NA,NA,"random",0.6,0,0.0714,28,1,1,5,0.7,1,0.666,NA,NA,NA,0,0.0045,0.0045,0,15.5115,15.5115,81.35,234.3854,2000,2000,NA,NA,NA,NA,NA,NA,NA,NA,NA,NA,NA
6,"CRM","crm_alpha_crm",NA,NA,"alpha_crm",0.6,0,0.0714,28,1,1,1,0.5,0.5,0.3807,NA,NA,NA,14.85,13.572,13.572,0,15.1815,15.1815,84.4,229.6819,2000,2000,"15,20,30,35,45",1.4142,61,NA,NA,NA,NA,NA,NA,NA,NA
6,"CRM","crm_alpha_crm",NA,NA,"alpha_crm",0.6,0,0.0714,28,1,1,2,0.55,0.85,0.4384,NA,NA,NA,0.55,1.221,1.221,0,15.1815,15.1815,84.4,229.6819,2000,2000,"15,20,30,35,45",1.4142,61,NA,NA,NA,NA,NA,NA,NA,NA
6,"CRM","crm_alpha_crm",NA,NA,"alpha_crm",0.6,0,0.0714,28,1,1,3,0.6,0.93,0.5379,NA,NA,NA,0.2,0.3435,0.3435,0,15.1815,15.1815,84.4,229.6819,2000,2000,"15,20,30,35,45",1.4142,61,NA,NA,NA,NA,NA,NA,NA,NA
6,"CRM","crm_alpha_crm",NA,NA,"alpha_crm",0.6,0,0.0714,28,1,1,4,0.65,1,0.5813,NA,NA,NA,0,0.0405,0.0405,0,15.1815,15.1815,84.4,229.6819,2000,2000,"15,20,30,35,45",1.4142,61,NA,NA,NA,NA,NA,NA,NA,NA
6,"CRM","crm_alpha_crm",NA,NA,"alpha_crm",0.6,0,0.0714,28,1,1,5,0.7,1,0.6604,NA,NA,NA,0,0.0045,0.0045,0,15.1815,15.1815,84.4,229.6819,2000,2000,"15,20,30,35,45",1.4142,61,NA,NA,NA,NA,NA,NA,NA,NA
6,"CRM","crm_cumu_crm",NA,NA,"cumu_crm",0.6,0,0.0714,28,1,1,1,0.5,0.5,0.3677,NA,NA,NA,38.4,16.8045,16.8045,0,21.2745,21.2745,59.65,314.8341,2000,2000,NA,NA,NA,"0.15811388,0.47434165,0.79056942,1.10679718,1.42302495",-2,2,1,1.83,1.21,1,0
6,"CRM","crm_cumu_crm",NA,NA,"cumu_crm",0.6,0,0.0714,28,1,1,2,0.55,0.85,0.5056,NA,NA,NA,1.65,3.78,3.78,0,21.2745,21.2745,59.65,314.8341,2000,2000,NA,NA,NA,"0.15811388,0.47434165,0.79056942,1.10679718,1.42302495",-2,2,1,1.83,1.21,1,0
6,"CRM","crm_cumu_crm",NA,NA,"cumu_crm",0.6,0,0.0714,28,1,1,3,0.6,0.93,0.629,NA,NA,NA,0.3,0.6135,0.6135,0,21.2745,21.2745,59.65,314.8341,2000,2000,NA,NA,NA,"0.15811388,0.47434165,0.79056942,1.10679718,1.42302495",-2,2,1,1.83,1.21,1,0
6,"CRM","crm_cumu_crm",NA,NA,"cumu_crm",0.6,0,0.0714,28,1,1,4,0.65,1,0.7209,NA,NA,NA,0,0.0675,0.0675,0,21.2745,21.2745,59.65,314.8341,2000,2000,NA,NA,NA,"0.15811388,0.47434165,0.79056942,1.10679718,1.42302495",-2,2,1,1.83,1.21,1,0
6,"CRM","crm_cumu_crm",NA,NA,"cumu_crm",0.6,0,0.0714,28,1,1,5,0.7,1,0.7858,NA,NA,NA,0,0.009,0.009,0,21.2745,21.2745,59.65,314.8341,2000,2000,NA,NA,NA,"0.15811388,0.47434165,0.79056942,1.10679718,1.42302495",-2,2,1,1.83,1.21,1,0
6,"CRM","crm_fixed",NA,NA,"fixed",0.6,0,0.0714,28,2,1,1,0.5,0.5,0.3995,0,NA,NA,14.75,14.0925,14.0925,0,14.8995,14.159,85.25,216.8583,2000,2000,NA,NA,NA,NA,NA,NA,NA,NA,NA,NA,NA
6,"CRM","crm_fixed",NA,NA,"fixed",0.6,0,0.0714,28,2,1,2,0.55,0.85,0.4573,NA,NA,NA,0,0.78,0.78,0.737,14.8995,14.159,85.25,216.8583,2000,2000,NA,NA,NA,NA,NA,NA,NA,NA,NA,NA,NA
6,"CRM","crm_fixed",NA,NA,"fixed",0.6,0,0.0714,28,2,1,3,0.6,0.93,0.5547,NA,NA,NA,0,0.027,0.027,0.0035,14.8995,14.159,85.25,216.8583,2000,2000,NA,NA,NA,NA,NA,NA,NA,NA,NA,NA,NA
6,"CRM","crm_fixed",NA,NA,"fixed",0.6,0,0.0714,28,2,1,4,0.65,1,0.5973,NA,NA,NA,0,0,0,0,14.8995,14.159,85.25,216.8583,2000,2000,NA,NA,NA,NA,NA,NA,NA,NA,NA,NA,NA
6,"CRM","crm_fixed",NA,NA,"fixed",0.6,0,0.0714,28,2,1,5,0.7,1,0.6746,NA,NA,NA,0,0,0,0,14.8995,14.159,85.25,216.8583,2000,2000,NA,NA,NA,NA,NA,NA,NA,NA,NA,NA,NA
6,"CRM","crm_level",NA,NA,"level",0.6,0,0.0714,28,2,1,1,0.5,0.5,0.3977,NA,NA,NA,16.1,13.9005,13.9005,0,15.3165,14.457,83.55,221.6923,2000,2000,NA,NA,NA,NA,NA,NA,NA,NA,NA,NA,NA
6,"CRM","crm_level",NA,NA,"level",0.6,0,0.0714,28,2,1,2,0.55,0.85,0.4552,0.1787,NA,NA,0.15,1.188,1.188,0.827,15.3165,14.457,83.55,221.6923,2000,2000,NA,NA,NA,NA,NA,NA,NA,NA,NA,NA,NA
6,"CRM","crm_level",NA,NA,"level",0.6,0,0.0714,28,2,1,3,0.6,0.93,0.5522,0.1403,NA,NA,0.2,0.216,0.216,0.024,15.3165,14.457,83.55,221.6923,2000,2000,NA,NA,NA,NA,NA,NA,NA,NA,NA,NA,NA
6,"CRM","crm_level",NA,NA,"level",0.6,0,0.0714,28,2,1,4,0.65,1,0.5947,0.1505,NA,NA,0,0.012,0.012,0.0085,15.3165,14.457,83.55,221.6923,2000,2000,NA,NA,NA,NA,NA,NA,NA,NA,NA,NA,NA
6,"CRM","crm_level",NA,NA,"level",0.6,0,0.0714,28,2,1,5,0.7,1,0.672,0.1498,NA,NA,0,0,0,0,15.3165,14.457,83.55,221.6923,2000,2000,NA,NA,NA,NA,NA,NA,NA,NA,NA,NA,NA
6,"CRM","crm_random",NA,NA,"random",0.6,0,0.0714,28,2,1,1,0.5,0.5,0.3915,0.1678,NA,NA,15.8,13.8495,13.8495,0,15.315,14.461,83.45,221.6659,2000,2000,NA,NA,NA,NA,NA,NA,NA,NA,NA,NA,NA
6,"CRM","crm_random",NA,NA,"random",0.6,0,0.0714,28,2,1,2,0.55,0.85,0.4491,NA,NA,NA,0.65,1.188,1.188,0.8255,15.315,14.461,83.45,221.6659,2000,2000,NA,NA,NA,NA,NA,NA,NA,NA,NA,NA,NA
6,"CRM","crm_random",NA,NA,"random",0.6,0,0.0714,28,2,1,3,0.6,0.93,0.5465,NA,NA,NA,0.1,0.252,0.252,0.016,15.315,14.461,83.45,221.6659,2000,2000,NA,NA,NA,NA,NA,NA,NA,NA,NA,NA,NA
6,"CRM","crm_random",NA,NA,"random",0.6,0,0.0714,28,2,1,4,0.65,1,0.5893,NA,NA,NA,0,0.024,0.024,0.0125,15.315,14.461,83.45,221.6659,2000,2000,NA,NA,NA,NA,NA,NA,NA,NA,NA,NA,NA
6,"CRM","crm_random",NA,NA,"random",0.6,0,0.0714,28,2,1,5,0.7,1,0.6673,NA,NA,NA,0,0.0015,0.0015,0,15.315,14.461,83.45,221.6659,2000,2000,NA,NA,NA,NA,NA,NA,NA,NA,NA,NA,NA
6,"CRM","crm_alpha_crm",NA,NA,"alpha_crm",0.6,0,0.0714,28,2,1,1,0.5,0.5,0.3919,NA,NA,NA,13.05,13.8585,13.8585,0,14.9055,14.1375,86.9,216.5427,2000,2000,"15,20,30,35,45",1.4142,61,NA,NA,NA,NA,NA,NA,NA,NA
6,"CRM","crm_alpha_crm",NA,NA,"alpha_crm",0.6,0,0.0714,28,2,1,2,0.55,0.85,0.4501,NA,NA,NA,0.05,0.9945,0.9945,0.739,14.9055,14.1375,86.9,216.5427,2000,2000,"15,20,30,35,45",1.4142,61,NA,NA,NA,NA,NA,NA,NA,NA
6,"CRM","crm_alpha_crm",NA,NA,"alpha_crm",0.6,0,0.0714,28,2,1,3,0.6,0.93,0.5483,NA,NA,NA,0,0.0525,0.0525,0.029,14.9055,14.1375,86.9,216.5427,2000,2000,"15,20,30,35,45",1.4142,61,NA,NA,NA,NA,NA,NA,NA,NA
6,"CRM","crm_alpha_crm",NA,NA,"alpha_crm",0.6,0,0.0714,28,2,1,4,0.65,1,0.5914,NA,NA,NA,0,0,0,0,14.9055,14.1375,86.9,216.5427,2000,2000,"15,20,30,35,45",1.4142,61,NA,NA,NA,NA,NA,NA,NA,NA
6,"CRM","crm_alpha_crm",NA,NA,"alpha_crm",0.6,0,0.0714,28,2,1,5,0.7,1,0.6699,NA,NA,NA,0,0,0,0,14.9055,14.1375,86.9,216.5427,2000,2000,"15,20,30,35,45",1.4142,61,NA,NA,NA,NA,NA,NA,NA,NA
6,"CRM","crm_cumu_crm",NA,NA,"cumu_crm",0.6,0,0.0714,28,2,1,1,0.5,0.5,0.3839,NA,NA,NA,32.75,17.7375,17.7375,0,20.262,18.758,66.85,281.3005,2000,2000,NA,NA,NA,"0.15811388,0.47434165,0.79056942,1.10679718,1.42302495",-2,2,1,1.83,1.21,1,0
6,"CRM","crm_cumu_crm",NA,NA,"cumu_crm",0.6,0,0.0714,28,2,1,2,0.55,0.85,0.5359,NA,NA,NA,0.4,2.4405,2.4405,1.465,20.262,18.758,66.85,281.3005,2000,2000,NA,NA,NA,"0.15811388,0.47434165,0.79056942,1.10679718,1.42302495",-2,2,1,1.83,1.21,1,0
6,"CRM","crm_cumu_crm",NA,NA,"cumu_crm",0.6,0,0.0714,28,2,1,3,0.6,0.93,0.6613,NA,NA,NA,0,0.0825,0.0825,0.0375,20.262,18.758,66.85,281.3005,2000,2000,NA,NA,NA,"0.15811388,0.47434165,0.79056942,1.10679718,1.42302495",-2,2,1,1.83,1.21,1,0
6,"CRM","crm_cumu_crm",NA,NA,"cumu_crm",0.6,0,0.0714,28,2,1,4,0.65,1,0.7481,NA,NA,NA,0,0.0015,0.0015,0.0015,20.262,18.758,66.85,281.3005,2000,2000,NA,NA,NA,"0.15811388,0.47434165,0.79056942,1.10679718,1.42302495",-2,2,1,1.83,1.21,1,0
6,"CRM","crm_cumu_crm",NA,NA,"cumu_crm",0.6,0,0.0714,28,2,1,5,0.7,1,0.807,NA,NA,NA,0,0,0,0,20.262,18.758,66.85,281.3005,2000,2000,NA,NA,NA,"0.15811388,0.47434165,0.79056942,1.10679718,1.42302495",-2,2,1,1.83,1.21,1,0
6,"CRM","crm_fixed",NA,NA,"fixed",0.6,0,0.0714,28,3,1,1,0.5,0.5,0.4,0,NA,NA,14.85,14.085,14.085,0,14.8785,14.127,85.15,216.5658,2000,2000,NA,NA,NA,NA,NA,NA,NA,NA,NA,NA,NA
6,"CRM","crm_fixed",NA,NA,"fixed",0.6,0,0.0714,28,3,1,2,0.55,0.85,0.4579,NA,NA,NA,0,0.774,0.774,0.737,14.8785,14.127,85.15,216.5658,2000,2000,NA,NA,NA,NA,NA,NA,NA,NA,NA,NA,NA
6,"CRM","crm_fixed",NA,NA,"fixed",0.6,0,0.0714,28,3,1,3,0.6,0.93,0.5552,NA,NA,NA,0,0.0195,0.0195,0.0145,14.8785,14.127,85.15,216.5658,2000,2000,NA,NA,NA,NA,NA,NA,NA,NA,NA,NA,NA
6,"CRM","crm_fixed",NA,NA,"fixed",0.6,0,0.0714,28,3,1,4,0.65,1,0.5978,NA,NA,NA,0,0,0,0,14.8785,14.127,85.15,216.5658,2000,2000,NA,NA,NA,NA,NA,NA,NA,NA,NA,NA,NA
6,"CRM","crm_fixed",NA,NA,"fixed",0.6,0,0.0714,28,3,1,5,0.7,1,0.675,NA,NA,NA,0,0,0,0,14.8785,14.127,85.15,216.5658,2000,2000,NA,NA,NA,NA,NA,NA,NA,NA,NA,NA,NA
6,"CRM","crm_level",NA,NA,"level",0.6,0,0.0714,28,3,1,1,0.5,0.5,0.3962,NA,NA,NA,16.75,13.9665,13.9665,0,15.381,14.4755,83.05,221.9261,2000,2000,NA,NA,NA,NA,NA,NA,NA,NA,NA,NA,NA
6,"CRM","crm_level",NA,NA,"level",0.6,0,0.0714,28,3,1,2,0.55,0.85,0.4538,0.1877,NA,NA,0.15,1.167,1.167,0.8295,15.381,14.4755,83.05,221.9261,2000,2000,NA,NA,NA,NA,NA,NA,NA,NA,NA,NA,NA
6,"CRM","crm_level",NA,NA,"level",0.6,0,0.0714,28,3,1,3,0.6,0.93,0.5511,0.1464,NA,NA,0.05,0.234,0.234,0.068,15.381,14.4755,83.05,221.9261,2000,2000,NA,NA,NA,NA,NA,NA,NA,NA,NA,NA,NA
6,"CRM","crm_level",NA,NA,"level",0.6,0,0.0714,28,3,1,4,0.65,1,0.5938,0.1508,NA,NA,0,0.012,0.012,0.008,15.381,14.4755,83.05,221.9261,2000,2000,NA,NA,NA,NA,NA,NA,NA,NA,NA,NA,NA
6,"CRM","crm_level",NA,NA,"level",0.6,0,0.0714,28,3,1,5,0.7,1,0.6713,0.1496,NA,NA,0,0.0015,0.0015,0,15.381,14.4755,83.05,221.9261,2000,2000,NA,NA,NA,NA,NA,NA,NA,NA,NA,NA,NA
6,"CRM","crm_random",NA,NA,"random",0.6,0,0.0714,28,3,1,1,0.5,0.5,0.3919,0.1696,NA,NA,15.8,13.866,13.866,0,15.2925,14.383,83.5,220.5588,2000,2000,NA,NA,NA,NA,NA,NA,NA,NA,NA,NA,NA
6,"CRM","crm_random",NA,NA,"random",0.6,0,0.0714,28,3,1,2,0.55,0.85,0.4495,NA,NA,NA,0.65,1.1715,1.1715,0.8405,15.2925,14.383,83.5,220.5588,2000,2000,NA,NA,NA,NA,NA,NA,NA,NA,NA,NA,NA
6,"CRM","crm_random",NA,NA,"random",0.6,0,0.0714,28,3,1,3,0.6,0.93,0.5468,NA,NA,NA,0.05,0.2415,0.2415,0.062,15.2925,14.383,83.5,220.5588,2000,2000,NA,NA,NA,NA,NA,NA,NA,NA,NA,NA,NA
6,"CRM","crm_random",NA,NA,"random",0.6,0,0.0714,28,3,1,4,0.65,1,0.5897,NA,NA,NA,0,0.0135,0.0135,0.007,15.2925,14.383,83.5,220.5588,2000,2000,NA,NA,NA,NA,NA,NA,NA,NA,NA,NA,NA
6,"CRM","crm_random",NA,NA,"random",0.6,0,0.0714,28,3,1,5,0.7,1,0.6676,NA,NA,NA,0,0,0,0,15.2925,14.383,83.5,220.5588,2000,2000,NA,NA,NA,NA,NA,NA,NA,NA,NA,NA,NA
6,"CRM","crm_alpha_crm",NA,NA,"alpha_crm",0.6,0,0.0714,28,3,1,1,0.5,0.5,0.3921,NA,NA,NA,13,13.8615,13.8615,0,14.9055,14.122,86.95,216.3922,2000,2000,"15,20,30,35,45",1.4142,61,NA,NA,NA,NA,NA,NA,NA,NA
6,"CRM","crm_alpha_crm",NA,NA,"alpha_crm",0.6,0,0.0714,28,3,1,2,0.55,0.85,0.4503,NA,NA,NA,0.05,0.9885,0.9885,0.742,14.9055,14.122,86.95,216.3922,2000,2000,"15,20,30,35,45",1.4142,61,NA,NA,NA,NA,NA,NA,NA,NA
6,"CRM","crm_alpha_crm",NA,NA,"alpha_crm",0.6,0,0.0714,28,3,1,3,0.6,0.93,0.5486,NA,NA,NA,0,0.0555,0.0555,0.0415,14.9055,14.122,86.95,216.3922,2000,2000,"15,20,30,35,45",1.4142,61,NA,NA,NA,NA,NA,NA,NA,NA
6,"CRM","crm_alpha_crm",NA,NA,"alpha_crm",0.6,0,0.0714,28,3,1,4,0.65,1,0.5917,NA,NA,NA,0,0,0,0,14.9055,14.122,86.95,216.3922,2000,2000,"15,20,30,35,45",1.4142,61,NA,NA,NA,NA,NA,NA,NA,NA
6,"CRM","crm_alpha_crm",NA,NA,"alpha_crm",0.6,0,0.0714,28,3,1,5,0.7,1,0.6701,NA,NA,NA,0,0,0,0,14.9055,14.122,86.95,216.3922,2000,2000,"15,20,30,35,45",1.4142,61,NA,NA,NA,NA,NA,NA,NA,NA
6,"CRM","crm_cumu_crm",NA,NA,"cumu_crm",0.6,0,0.0714,28,3,1,1,0.5,0.5,0.3858,NA,NA,NA,32.55,17.8005,17.8005,0,20.28,18.7585,67.1,281.1505,2000,2000,NA,NA,NA,"0.15811388,0.47434165,0.79056942,1.10679718,1.42302495",-2,2,1,1.83,1.21,1,0
6,"CRM","crm_cumu_crm",NA,NA,"cumu_crm",0.6,0,0.0714,28,3,1,2,0.55,0.85,0.538,NA,NA,NA,0.35,2.409,2.409,1.4605,20.28,18.7585,67.1,281.1505,2000,2000,NA,NA,NA,"0.15811388,0.47434165,0.79056942,1.10679718,1.42302495",-2,2,1,1.83,1.21,1,0
6,"CRM","crm_cumu_crm",NA,NA,"cumu_crm",0.6,0,0.0714,28,3,1,3,0.6,0.93,0.6631,NA,NA,NA,0,0.0705,0.0705,0.061,20.28,18.7585,67.1,281.1505,2000,2000,NA,NA,NA,"0.15811388,0.47434165,0.79056942,1.10679718,1.42302495",-2,2,1,1.83,1.21,1,0
6,"CRM","crm_cumu_crm",NA,NA,"cumu_crm",0.6,0,0.0714,28,3,1,4,0.65,1,0.7495,NA,NA,NA,0,0,0,0,20.28,18.7585,67.1,281.1505,2000,2000,NA,NA,NA,"0.15811388,0.47434165,0.79056942,1.10679718,1.42302495",-2,2,1,1.83,1.21,1,0
6,"CRM","crm_cumu_crm",NA,NA,"cumu_crm",0.6,0,0.0714,28,3,1,5,0.7,1,0.808,NA,NA,NA,0,0,0,0,20.28,18.7585,67.1,281.1505,2000,2000,NA,NA,NA,"0.15811388,0.47434165,0.79056942,1.10679718,1.42302495",-2,2,1,1.83,1.21,1,0
6,"CRM","crm_fixed",NA,NA,"fixed",0.9,0,0.0714,28,1,1,1,0.5,0.5,0.3871,0,NA,NA,18,13.896,13.896,0,15.498,15.498,81.3,234.2696,2000,2000,NA,NA,NA,NA,NA,NA,NA,NA,NA,NA,NA
6,"CRM","crm_fixed",NA,NA,"fixed",0.9,0,0.0714,28,1,1,2,0.55,1,0.4449,NA,NA,NA,0.5,1.2135,1.2135,0,15.498,15.498,81.3,234.2696,2000,2000,NA,NA,NA,NA,NA,NA,NA,NA,NA,NA,NA
6,"CRM","crm_fixed",NA,NA,"fixed",0.9,0,0.0714,28,1,1,3,0.6,1,0.5428,NA,NA,NA,0.2,0.3435,0.3435,0,15.498,15.498,81.3,234.2696,2000,2000,NA,NA,NA,NA,NA,NA,NA,NA,NA,NA,NA
6,"CRM","crm_fixed",NA,NA,"fixed",0.9,0,0.0714,28,1,1,4,0.65,1,0.5859,NA,NA,NA,0,0.0405,0.0405,0,15.498,15.498,81.3,234.2696,2000,2000,NA,NA,NA,NA,NA,NA,NA,NA,NA,NA,NA
6,"CRM","crm_fixed",NA,NA,"fixed",0.9,0,0.0714,28,1,1,5,0.7,1,0.6645,NA,NA,NA,0,0.0045,0.0045,0,15.498,15.498,81.3,234.2696,2000,2000,NA,NA,NA,NA,NA,NA,NA,NA,NA,NA,NA
6,"CRM","crm_level",NA,NA,"level",0.9,0,0.0714,28,1,1,1,0.5,0.5,0.3876,NA,NA,NA,18.2,13.932,13.932,0,15.5325,15.5325,81.15,234.7355,2000,2000,NA,NA,NA,NA,NA,NA,NA,NA,NA,NA,NA
6,"CRM","crm_level",NA,NA,"level",0.9,0,0.0714,28,1,1,2,0.55,1,0.4454,0.1062,NA,NA,0.45,1.212,1.212,0,15.5325,15.5325,81.15,234.7355,2000,2000,NA,NA,NA,NA,NA,NA,NA,NA,NA,NA,NA
6,"CRM","crm_level",NA,NA,"level",0.9,0,0.0714,28,1,1,3,0.6,1,0.5433,0.134,NA,NA,0.2,0.3435,0.3435,0,15.5325,15.5325,81.15,234.7355,2000,2000,NA,NA,NA,NA,NA,NA,NA,NA,NA,NA,NA
6,"CRM","crm_level",NA,NA,"level",0.9,0,0.0714,28,1,1,4,0.65,1,0.5864,0.1476,NA,NA,0,0.0405,0.0405,0,15.5325,15.5325,81.15,234.7355,2000,2000,NA,NA,NA,NA,NA,NA,NA,NA,NA,NA,NA
6,"CRM","crm_level",NA,NA,"level",0.9,0,0.0714,28,1,1,5,0.7,1,0.6649,0.1497,NA,NA,0,0.0045,0.0045,0,15.5325,15.5325,81.15,234.7355,2000,2000,NA,NA,NA,NA,NA,NA,NA,NA,NA,NA,NA
6,"CRM","crm_random",NA,NA,"random",0.9,0,0.0714,28,1,1,1,0.5,0.5,0.3878,0.0788,NA,NA,18.2,13.929,13.929,0,15.537,15.537,81.1,234.6769,2000,2000,NA,NA,NA,NA,NA,NA,NA,NA,NA,NA,NA
6,"CRM","crm_random",NA,NA,"random",0.9,0,0.0714,28,1,1,2,0.55,1,0.4456,NA,NA,NA,0.5,1.2195,1.2195,0,15.537,15.537,81.1,234.6769,2000,2000,NA,NA,NA,NA,NA,NA,NA,NA,NA,NA,NA
6,"CRM","crm_random",NA,NA,"random",0.9,0,0.0714,28,1,1,3,0.6,1,0.5435,NA,NA,NA,0.2,0.342,0.342,0,15.537,15.537,81.1,234.6769,2000,2000,NA,NA,NA,NA,NA,NA,NA,NA,NA,NA,NA
6,"CRM","crm_random",NA,NA,"random",0.9,0,0.0714,28,1,1,4,0.65,1,0.5866,NA,NA,NA,0,0.042,0.042,0,15.537,15.537,81.1,234.6769,2000,2000,NA,NA,NA,NA,NA,NA,NA,NA,NA,NA,NA
6,"CRM","crm_random",NA,NA,"random",0.9,0,0.0714,28,1,1,5,0.7,1,0.665,NA,NA,NA,0,0.0045,0.0045,0,15.537,15.537,81.1,234.6769,2000,2000,NA,NA,NA,NA,NA,NA,NA,NA,NA,NA,NA
6,"CRM","crm_alpha_crm",NA,NA,"alpha_crm",0.9,0,0.0714,28,1,1,1,0.5,0.5,0.3807,NA,NA,NA,14.85,13.572,13.572,0,15.1815,15.1815,84.4,229.6819,2000,2000,"15,20,30,35,45",1.4142,61,NA,NA,NA,NA,NA,NA,NA,NA
6,"CRM","crm_alpha_crm",NA,NA,"alpha_crm",0.9,0,0.0714,28,1,1,2,0.55,1,0.4384,NA,NA,NA,0.55,1.221,1.221,0,15.1815,15.1815,84.4,229.6819,2000,2000,"15,20,30,35,45",1.4142,61,NA,NA,NA,NA,NA,NA,NA,NA
6,"CRM","crm_alpha_crm",NA,NA,"alpha_crm",0.9,0,0.0714,28,1,1,3,0.6,1,0.5379,NA,NA,NA,0.2,0.3435,0.3435,0,15.1815,15.1815,84.4,229.6819,2000,2000,"15,20,30,35,45",1.4142,61,NA,NA,NA,NA,NA,NA,NA,NA
6,"CRM","crm_alpha_crm",NA,NA,"alpha_crm",0.9,0,0.0714,28,1,1,4,0.65,1,0.5813,NA,NA,NA,0,0.0405,0.0405,0,15.1815,15.1815,84.4,229.6819,2000,2000,"15,20,30,35,45",1.4142,61,NA,NA,NA,NA,NA,NA,NA,NA
6,"CRM","crm_alpha_crm",NA,NA,"alpha_crm",0.9,0,0.0714,28,1,1,5,0.7,1,0.6604,NA,NA,NA,0,0.0045,0.0045,0,15.1815,15.1815,84.4,229.6819,2000,2000,"15,20,30,35,45",1.4142,61,NA,NA,NA,NA,NA,NA,NA,NA
6,"CRM","crm_cumu_crm",NA,NA,"cumu_crm",0.9,0,0.0714,28,1,1,1,0.5,0.5,0.3671,NA,NA,NA,38.85,16.7685,16.7685,0,21.264,21.264,59.3,314.7403,2000,2000,NA,NA,NA,"0.15811388,0.47434165,0.79056942,1.10679718,1.42302495",-2,2,1,1.83,1.21,1,0
6,"CRM","crm_cumu_crm",NA,NA,"cumu_crm",0.9,0,0.0714,28,1,1,2,0.55,1,0.5047,NA,NA,NA,1.5,3.8055,3.8055,0,21.264,21.264,59.3,314.7403,2000,2000,NA,NA,NA,"0.15811388,0.47434165,0.79056942,1.10679718,1.42302495",-2,2,1,1.83,1.21,1,0
6,"CRM","crm_cumu_crm",NA,NA,"cumu_crm",0.9,0,0.0714,28,1,1,3,0.6,1,0.6281,NA,NA,NA,0.35,0.615,0.615,0,21.264,21.264,59.3,314.7403,2000,2000,NA,NA,NA,"0.15811388,0.47434165,0.79056942,1.10679718,1.42302495",-2,2,1,1.83,1.21,1,0
6,"CRM","crm_cumu_crm",NA,NA,"cumu_crm",0.9,0,0.0714,28,1,1,4,0.65,1,0.7201,NA,NA,NA,0,0.0705,0.0705,0,21.264,21.264,59.3,314.7403,2000,2000,NA,NA,NA,"0.15811388,0.47434165,0.79056942,1.10679718,1.42302495",-2,2,1,1.83,1.21,1,0
6,"CRM","crm_cumu_crm",NA,NA,"cumu_crm",0.9,0,0.0714,28,1,1,5,0.7,1,0.785,NA,NA,NA,0,0.0045,0.0045,0,21.264,21.264,59.3,314.7403,2000,2000,NA,NA,NA,"0.15811388,0.47434165,0.79056942,1.10679718,1.42302495",-2,2,1,1.83,1.21,1,0
6,"CRM","crm_fixed",NA,NA,"fixed",0.9,0,0.0714,28,2,1,1,0.5,0.5,0.3998,0,NA,NA,13.1,13.8855,13.8855,0,14.5545,13.8855,86.85,212.554,2000,2000,NA,NA,NA,NA,NA,NA,NA,NA,NA,NA,NA
6,"CRM","crm_fixed",NA,NA,"fixed",0.9,0,0.0714,28,2,1,2,0.55,1,0.4577,NA,NA,NA,0.05,0.669,0.669,0.669,14.5545,13.8855,86.85,212.554,2000,2000,NA,NA,NA,NA,NA,NA,NA,NA,NA,NA,NA
6,"CRM","crm_fixed",NA,NA,"fixed",0.9,0,0.0714,28,2,1,3,0.6,1,0.5549,NA,NA,NA,0,0,0,0,14.5545,13.8855,86.85,212.554,2000,2000,NA,NA,NA,NA,NA,NA,NA,NA,NA,NA,NA
6,"CRM","crm_fixed",NA,NA,"fixed",0.9,0,0.0714,28,2,1,4,0.65,1,0.5975,NA,NA,NA,0,0,0,0,14.5545,13.8855,86.85,212.554,2000,2000,NA,NA,NA,NA,NA,NA,NA,NA,NA,NA,NA
6,"CRM","crm_fixed",NA,NA,"fixed",0.9,0,0.0714,28,2,1,5,0.7,1,0.6747,NA,NA,NA,0,0,0,0,14.5545,13.8855,86.85,212.554,2000,2000,NA,NA,NA,NA,NA,NA,NA,NA,NA,NA,NA
6,"CRM","crm_level",NA,NA,"level",0.9,0,0.0714,28,2,1,1,0.5,0.5,0.3972,NA,NA,NA,14.5,13.7685,13.7685,0,15.09,14.256,85.05,218.6528,2000,2000,NA,NA,NA,NA,NA,NA,NA,NA,NA,NA,NA
6,"CRM","crm_level",NA,NA,"level",0.9,0,0.0714,28,2,1,2,0.55,1,0.4547,0.2315,NA,NA,0.45,1.071,1.071,0.8055,15.09,14.256,85.05,218.6528,2000,2000,NA,NA,NA,NA,NA,NA,NA,NA,NA,NA,NA
6,"CRM","crm_level",NA,NA,"level",0.9,0,0.0714,28,2,1,3,0.6,1,0.5517,0.1439,NA,NA,0,0.228,0.228,0.012,15.09,14.256,85.05,218.6528,2000,2000,NA,NA,NA,NA,NA,NA,NA,NA,NA,NA,NA
6,"CRM","crm_level",NA,NA,"level",0.9,0,0.0714,28,2,1,4,0.65,1,0.5943,0.1513,NA,NA,0,0.0195,0.0195,0.0165,15.09,14.256,85.05,218.6528,2000,2000,NA,NA,NA,NA,NA,NA,NA,NA,NA,NA,NA
6,"CRM","crm_level",NA,NA,"level",0.9,0,0.0714,28,2,1,5,0.7,1,0.6716,0.1497,NA,NA,0,0.003,0.003,0,15.09,14.256,85.05,218.6528,2000,2000,NA,NA,NA,NA,NA,NA,NA,NA,NA,NA,NA
6,"CRM","crm_random",NA,NA,"random",0.9,0,0.0714,28,2,1,1,0.5,0.5,0.3976,0.2029,NA,NA,14.3,13.7175,13.7175,0,15.045,14.1935,85.35,217.7829,2000,2000,NA,NA,NA,NA,NA,NA,NA,NA,NA,NA,NA
6,"CRM","crm_random",NA,NA,"random",0.9,0,0.0714,28,2,1,2,0.55,1,0.455,NA,NA,NA,0.3,1.065,1.065,0.816,15.045,14.1935,85.35,217.7829,2000,2000,NA,NA,NA,NA,NA,NA,NA,NA,NA,NA,NA
6,"CRM","crm_random",NA,NA,"random",0.9,0,0.0714,28,2,1,3,0.6,1,0.5519,NA,NA,NA,0.05,0.2115,0.2115,0.0105,15.045,14.1935,85.35,217.7829,2000,2000,NA,NA,NA,NA,NA,NA,NA,NA,NA,NA,NA
6,"CRM","crm_random",NA,NA,"random",0.9,0,0.0714,28,2,1,4,0.65,1,0.5945,NA,NA,NA,0,0.039,0.039,0.0245,15.045,14.1935,85.35,217.7829,2000,2000,NA,NA,NA,NA,NA,NA,NA,NA,NA,NA,NA
6,"CRM","crm_random",NA,NA,"random",0.9,0,0.0714,28,2,1,5,0.7,1,0.6718,NA,NA,NA,0,0.012,0.012,5e-04,15.045,14.1935,85.35,217.7829,2000,2000,NA,NA,NA,NA,NA,NA,NA,NA,NA,NA,NA
6,"CRM","crm_alpha_crm",NA,NA,"alpha_crm",0.9,0,0.0714,28,2,1,1,0.5,0.5,0.3928,NA,NA,NA,10.95,13.7715,13.7715,0,14.496,13.7715,89.05,211.1043,2000,2000,"15,20,30,35,45",1.4142,61,NA,NA,NA,NA,NA,NA,NA,NA
6,"CRM","crm_alpha_crm",NA,NA,"alpha_crm",0.9,0,0.0714,28,2,1,2,0.55,1,0.451,NA,NA,NA,0,0.7245,0.7245,0.7245,14.496,13.7715,89.05,211.1043,2000,2000,"15,20,30,35,45",1.4142,61,NA,NA,NA,NA,NA,NA,NA,NA
6,"CRM","crm_alpha_crm",NA,NA,"alpha_crm",0.9,0,0.0714,28,2,1,3,0.6,1,0.5492,NA,NA,NA,0,0,0,0,14.496,13.7715,89.05,211.1043,2000,2000,"15,20,30,35,45",1.4142,61,NA,NA,NA,NA,NA,NA,NA,NA
6,"CRM","crm_alpha_crm",NA,NA,"alpha_crm",0.9,0,0.0714,28,2,1,4,0.65,1,0.5925,NA,NA,NA,0,0,0,0,14.496,13.7715,89.05,211.1043,2000,2000,"15,20,30,35,45",1.4142,61,NA,NA,NA,NA,NA,NA,NA,NA
6,"CRM","crm_alpha_crm",NA,NA,"alpha_crm",0.9,0,0.0714,28,2,1,5,0.7,1,0.6708,NA,NA,NA,0,0,0,0,14.496,13.7715,89.05,211.1043,2000,2000,"15,20,30,35,45",1.4142,61,NA,NA,NA,NA,NA,NA,NA,NA
6,"CRM","crm_cumu_crm",NA,NA,"cumu_crm",0.9,0,0.0714,28,2,1,1,0.5,0.5,0.3914,NA,NA,NA,28.85,17.76,17.76,0,19.578,18.141,71.15,272.4659,2000,2000,NA,NA,NA,"0.15811388,0.47434165,0.79056942,1.10679718,1.42302495",-2,2,1,1.83,1.21,1,0
6,"CRM","crm_cumu_crm",NA,NA,"cumu_crm",0.9,0,0.0714,28,2,1,2,0.55,1,0.5536,NA,NA,NA,0,1.818,1.818,1.437,19.578,18.141,71.15,272.4659,2000,2000,NA,NA,NA,"0.15811388,0.47434165,0.79056942,1.10679718,1.42302495",-2,2,1,1.83,1.21,1,0
6,"CRM","crm_cumu_crm",NA,NA,"cumu_crm",0.9,0,0.0714,28,2,1,3,0.6,1,0.6811,NA,NA,NA,0,0,0,0,19.578,18.141,71.15,272.4659,2000,2000,NA,NA,NA,"0.15811388,0.47434165,0.79056942,1.10679718,1.42302495",-2,2,1,1.83,1.21,1,0
6,"CRM","crm_cumu_crm",NA,NA,"cumu_crm",0.9,0,0.0714,28,2,1,4,0.65,1,0.7657,NA,NA,NA,0,0,0,0,19.578,18.141,71.15,272.4659,2000,2000,NA,NA,NA,"0.15811388,0.47434165,0.79056942,1.10679718,1.42302495",-2,2,1,1.83,1.21,1,0
6,"CRM","crm_cumu_crm",NA,NA,"cumu_crm",0.9,0,0.0714,28,2,1,5,0.7,1,0.8215,NA,NA,NA,0,0,0,0,19.578,18.141,71.15,272.4659,2000,2000,NA,NA,NA,"0.15811388,0.47434165,0.79056942,1.10679718,1.42302495",-2,2,1,1.83,1.21,1,0
6,"CRM","crm_fixed",NA,NA,"fixed",0.9,0,0.0714,28,3,1,1,0.5,0.5,0.4,0,NA,NA,12.85,13.8705,13.8705,0,14.541,13.8705,87.1,212.4032,2000,2000,NA,NA,NA,NA,NA,NA,NA,NA,NA,NA,NA
6,"CRM","crm_fixed",NA,NA,"fixed",0.9,0,0.0714,28,3,1,2,0.55,1,0.4578,NA,NA,NA,0.05,0.6705,0.6705,0.6705,14.541,13.8705,87.1,212.4032,2000,2000,NA,NA,NA,NA,NA,NA,NA,NA,NA,NA,NA
6,"CRM","crm_fixed",NA,NA,"fixed",0.9,0,0.0714,28,3,1,3,0.6,1,0.5551,NA,NA,NA,0,0,0,0,14.541,13.8705,87.1,212.4032,2000,2000,NA,NA,NA,NA,NA,NA,NA,NA,NA,NA,NA
6,"CRM","crm_fixed",NA,NA,"fixed",0.9,0,0.0714,28,3,1,4,0.65,1,0.5977,NA,NA,NA,0,0,0,0,14.541,13.8705,87.1,212.4032,2000,2000,NA,NA,NA,NA,NA,NA,NA,NA,NA,NA,NA
6,"CRM","crm_fixed",NA,NA,"fixed",0.9,0,0.0714,28,3,1,5,0.7,1,0.6749,NA,NA,NA,0,0,0,0,14.541,13.8705,87.1,212.4032,2000,2000,NA,NA,NA,NA,NA,NA,NA,NA,NA,NA,NA
6,"CRM","crm_level",NA,NA,"level",0.9,0,0.0714,28,3,1,1,0.5,0.5,0.3964,NA,NA,NA,15,13.854,13.854,0,15.153,14.287,84.6,218.9319,2000,2000,NA,NA,NA,NA,NA,NA,NA,NA,NA,NA,NA
6,"CRM","crm_level",NA,NA,"level",0.9,0,0.0714,28,3,1,2,0.55,1,0.4539,0.2367,NA,NA,0.25,1.074,1.074,0.8405,15.153,14.287,84.6,218.9319,2000,2000,NA,NA,NA,NA,NA,NA,NA,NA,NA,NA,NA
6,"CRM","crm_level",NA,NA,"level",0.9,0,0.0714,28,3,1,3,0.6,1,0.5508,0.1409,NA,NA,0.15,0.198,0.198,0.0095,15.153,14.287,84.6,218.9319,2000,2000,NA,NA,NA,NA,NA,NA,NA,NA,NA,NA,NA
6,"CRM","crm_level",NA,NA,"level",0.9,0,0.0714,28,3,1,4,0.65,1,0.5934,0.1511,NA,NA,0,0.024,0.024,0.016,15.153,14.287,84.6,218.9319,2000,2000,NA,NA,NA,NA,NA,NA,NA,NA,NA,NA,NA
6,"CRM","crm_level",NA,NA,"level",0.9,0,0.0714,28,3,1,5,0.7,1,0.6708,0.1496,NA,NA,0,0.003,0.003,0,15.153,14.287,84.6,218.9319,2000,2000,NA,NA,NA,NA,NA,NA,NA,NA,NA,NA,NA
6,"CRM","crm_random",NA,NA,"random",0.9,0,0.0714,28,3,1,1,0.5,0.5,0.3959,0.2048,NA,NA,14.45,13.6665,13.6665,0,15.042,14.1745,85.05,217.5986,2000,2000,NA,NA,NA,NA,NA,NA,NA,NA,NA,NA,NA
6,"CRM","crm_random",NA,NA,"random",0.9,0,0.0714,28,3,1,2,0.55,1,0.4533,NA,NA,NA,0.4,1.071,1.071,0.8215,15.042,14.1745,85.05,217.5986,2000,2000,NA,NA,NA,NA,NA,NA,NA,NA,NA,NA,NA
6,"CRM","crm_random",NA,NA,"random",0.9,0,0.0714,28,3,1,3,0.6,1,0.5502,NA,NA,NA,0.1,0.246,0.246,0.0145,15.042,14.1745,85.05,217.5986,2000,2000,NA,NA,NA,NA,NA,NA,NA,NA,NA,NA,NA
6,"CRM","crm_random",NA,NA,"random",0.9,0,0.0714,28,3,1,4,0.65,1,0.5928,NA,NA,NA,0,0.048,0.048,0.0315,15.042,14.1745,85.05,217.5986,2000,2000,NA,NA,NA,NA,NA,NA,NA,NA,NA,NA,NA
6,"CRM","crm_random",NA,NA,"random",0.9,0,0.0714,28,3,1,5,0.7,1,0.6702,NA,NA,NA,0,0.0105,0.0105,0,15.042,14.1745,85.05,217.5986,2000,2000,NA,NA,NA,NA,NA,NA,NA,NA,NA,NA,NA
6,"CRM","crm_alpha_crm",NA,NA,"alpha_crm",0.9,0,0.0714,28,3,1,1,0.5,0.5,0.3928,NA,NA,NA,10.95,13.7715,13.7715,0,14.496,13.7715,89.05,211.1043,2000,2000,"15,20,30,35,45",1.4142,61,NA,NA,NA,NA,NA,NA,NA,NA
6,"CRM","crm_alpha_crm",NA,NA,"alpha_crm",0.9,0,0.0714,28,3,1,2,0.55,1,0.451,NA,NA,NA,0,0.7245,0.7245,0.7245,14.496,13.7715,89.05,211.1043,2000,2000,"15,20,30,35,45",1.4142,61,NA,NA,NA,NA,NA,NA,NA,NA
6,"CRM","crm_alpha_crm",NA,NA,"alpha_crm",0.9,0,0.0714,28,3,1,3,0.6,1,0.5492,NA,NA,NA,0,0,0,0,14.496,13.7715,89.05,211.1043,2000,2000,"15,20,30,35,45",1.4142,61,NA,NA,NA,NA,NA,NA,NA,NA
6,"CRM","crm_alpha_crm",NA,NA,"alpha_crm",0.9,0,0.0714,28,3,1,4,0.65,1,0.5925,NA,NA,NA,0,0,0,0,14.496,13.7715,89.05,211.1043,2000,2000,"15,20,30,35,45",1.4142,61,NA,NA,NA,NA,NA,NA,NA,NA
6,"CRM","crm_alpha_crm",NA,NA,"alpha_crm",0.9,0,0.0714,28,3,1,5,0.7,1,0.6708,NA,NA,NA,0,0,0,0,14.496,13.7715,89.05,211.1043,2000,2000,"15,20,30,35,45",1.4142,61,NA,NA,NA,NA,NA,NA,NA,NA
6,"CRM","crm_cumu_crm",NA,NA,"cumu_crm",0.9,0,0.0714,28,3,1,1,0.5,0.5,0.3918,NA,NA,NA,29.15,17.772,17.772,0,19.5945,18.153,70.85,272.6773,2000,2000,NA,NA,NA,"0.15811388,0.47434165,0.79056942,1.10679718,1.42302495",-2,2,1,1.83,1.21,1,0
6,"CRM","crm_cumu_crm",NA,NA,"cumu_crm",0.9,0,0.0714,28,3,1,2,0.55,1,0.5546,NA,NA,NA,0,1.8225,1.8225,1.4415,19.5945,18.153,70.85,272.6773,2000,2000,NA,NA,NA,"0.15811388,0.47434165,0.79056942,1.10679718,1.42302495",-2,2,1,1.83,1.21,1,0
6,"CRM","crm_cumu_crm",NA,NA,"cumu_crm",0.9,0,0.0714,28,3,1,3,0.6,1,0.6822,NA,NA,NA,0,0,0,0,19.5945,18.153,70.85,272.6773,2000,2000,NA,NA,NA,"0.15811388,0.47434165,0.79056942,1.10679718,1.42302495",-2,2,1,1.83,1.21,1,0
6,"CRM","crm_cumu_crm",NA,NA,"cumu_crm",0.9,0,0.0714,28,3,1,4,0.65,1,0.7667,NA,NA,NA,0,0,0,0,19.5945,18.153,70.85,272.6773,2000,2000,NA,NA,NA,"0.15811388,0.47434165,0.79056942,1.10679718,1.42302495",-2,2,1,1.83,1.21,1,0
6,"CRM","crm_cumu_crm",NA,NA,"cumu_crm",0.9,0,0.0714,28,3,1,5,0.7,1,0.8224,NA,NA,NA,0,0,0,0,19.5945,18.153,70.85,272.6773,2000,2000,NA,NA,NA,"0.15811388,0.47434165,0.79056942,1.10679718,1.42302495",-2,2,1,1.83,1.21,1,0
