"Scenario_Set","Scenario_Name","Scenario","Model","Method","BOIN_Method","BOIN_r_estimator","CRM_r_model","CFO_Method","Alpha_true","r_carry","Accrual","T_assess","Cycle_Max","Continuous_Enrollment","Restrict_To_Tried","Dose","True_DLT_rate","True_IPDE_DLT_rate","Estimated_pj","r_hat","r_cap","r_use","MTD_Selection_pct","Pts_Treated","Unique_Pts_by_Dose","IPDE_Doses","Total_Administrations","Total_Unique_Patients","Early_Stopping_pct","Duration","n_valid","ntrial_from_files","CRM_Skeleton","CRM_Theta_Prior_Mean","CRM_Theta_Prior_SD","CRM_r_Prior_a","CRM_r_Prior_b","CFO_Skeleton","CFO_Model_File","CFO_Sigma2_Beta","CFO_Eta","CFO_PK_Method","CFO_N_MC_W","CFO_M_Use","CFO_Use_Monotone_Pair","CFO_N_Chains","CFO_N_Adapt","CFO_N_Burnin","CFO_N_Iter","CFO_Thin","CRM_Dose_Values","CRM_Alpha_Grid_Length","CRM_Dose_Scores_Raw","CRM_Dose_Scores","CRM_Cumu_Beta0_Mean","CRM_Cumu_Beta0_Prec","CRM_Cumu_Beta0_DF","CRM_Cumu_Beta1_Shape","CRM_Cumu_Beta1_Rate","CRM_Cumu_Beta2_Rate","CRM_Cumu_Include_Current"
"Set_5dose_methods_prior","Set_5dose_methods_prior_SC1",1,"BOIN","approx1-r_fixed","approx1","r_fixed",NA,NA,0,0,0.0714,28,1,1,1,1,0.07,0.07,0.0086,NA,NA,0,0.7235,4.2574,4.2574,0,29.9473,29.9473,0.2067,437.3492,1935,1935,"0.15,0.2,0.3,0.35,0.45",0,1.4142,0.15,0.85,NA,NA,NA,NA,NA,NA,NA,NA,NA,NA,NA,NA,NA,NA,NA,NA,NA,NA,NA,NA,NA,NA,NA,NA
"Set_5dose_methods_prior","Set_5dose_methods_prior_SC1",1,"BOIN","approx1-r_fixed","approx1","r_fixed",NA,NA,0,0,0.0714,28,1,1,1,2,0.12,0.12,0.0311,NA,NA,0,4.9096,5.5426,5.5426,0,29.9473,29.9473,0.2067,437.3492,1935,1935,"0.15,0.2,0.3,0.35,0.45",0,1.4142,0.15,0.85,NA,NA,NA,NA,NA,NA,NA,NA,NA,NA,NA,NA,NA,NA,NA,NA,NA,NA,NA,NA,NA,NA,NA,NA
"Set_5dose_methods_prior","Set_5dose_methods_prior_SC1",1,"BOIN","approx1-r_fixed","approx1","r_fixed",NA,NA,0,0,0.0714,28,1,1,1,3,0.17,0.17,0.0747,NA,NA,0,15.7623,6.6171,6.6171,0,29.9473,29.9473,0.2067,437.3492,1935,1935,"0.15,0.2,0.3,0.35,0.45",0,1.4142,0.15,0.85,NA,NA,NA,NA,NA,NA,NA,NA,NA,NA,NA,NA,NA,NA,NA,NA,NA,NA,NA,NA,NA,NA,NA,NA
"Set_5dose_methods_prior","Set_5dose_methods_prior_SC1",1,"BOIN","approx1-r_fixed","approx1","r_fixed",NA,NA,0,0,0.0714,28,1,1,1,4,0.22,0.22,0.1521,NA,NA,0,29.7674,6.5659,6.5659,0,29.9473,29.9473,0.2067,437.3492,1935,1935,"0.15,0.2,0.3,0.35,0.45",0,1.4142,0.15,0.85,NA,NA,NA,NA,NA,NA,NA,NA,NA,NA,NA,NA,NA,NA,NA,NA,NA,NA,NA,NA,NA,NA,NA,NA
"Set_5dose_methods_prior","Set_5dose_methods_prior_SC1",1,"BOIN","approx1-r_fixed","approx1","r_fixed",NA,NA,0,0,0.0714,28,1,1,1,5,0.3,0.3,0.3,NA,NA,0,48.6305,6.9643,6.9643,0,29.9473,29.9473,0.2067,437.3492,1935,1935,"0.15,0.2,0.3,0.35,0.45",0,1.4142,0.15,0.85,NA,NA,NA,NA,NA,NA,NA,NA,NA,NA,NA,NA,NA,NA,NA,NA,NA,NA,NA,NA,NA,NA,NA,NA
"Set_5dose_methods_prior","Set_5dose_methods_prior_SC1",1,"BOIN","approx2-r_fixed","approx2","r_fixed",NA,NA,0,0,0.0714,28,1,1,1,1,0.07,0.07,0.0086,NA,NA,0,0.7235,4.2574,4.2574,0,29.9473,29.9473,0.2067,437.3492,1935,1935,"0.15,0.2,0.3,0.35,0.45",0,1.4142,0.15,0.85,NA,NA,NA,NA,NA,NA,NA,NA,NA,NA,NA,NA,NA,NA,NA,NA,NA,NA,NA,NA,NA,NA,NA,NA
"Set_5dose_methods_prior","Set_5dose_methods_prior_SC1",1,"BOIN","approx2-r_fixed","approx2","r_fixed",NA,NA,0,0,0.0714,28,1,1,1,2,0.12,0.12,0.0311,NA,NA,0,4.9096,5.5426,5.5426,0,29.9473,29.9473,0.2067,437.3492,1935,1935,"0.15,0.2,0.3,0.35,0.45",0,1.4142,0.15,0.85,NA,NA,NA,NA,NA,NA,NA,NA,NA,NA,NA,NA,NA,NA,NA,NA,NA,NA,NA,NA,NA,NA,NA,NA
"Set_5dose_methods_prior","Set_5dose_methods_prior_SC1",1,"BOIN","approx2-r_fixed","approx2","r_fixed",NA,NA,0,0,0.0714,28,1,1,1,3,0.17,0.17,0.0747,NA,NA,0,15.7623,6.6171,6.6171,0,29.9473,29.9473,0.2067,437.3492,1935,1935,"0.15,0.2,0.3,0.35,0.45",0,1.4142,0.15,0.85,NA,NA,NA,NA,NA,NA,NA,NA,NA,NA,NA,NA,NA,NA,NA,NA,NA,NA,NA,NA,NA,NA,NA,NA
"Set_5dose_methods_prior","Set_5dose_methods_prior_SC1",1,"BOIN","approx2-r_fixed","approx2","r_fixed",NA,NA,0,0,0.0714,28,1,1,1,4,0.22,0.22,0.1521,NA,NA,0,29.7674,6.5659,6.5659,0,29.9473,29.9473,0.2067,437.3492,1935,1935,"0.15,0.2,0.3,0.35,0.45",0,1.4142,0.15,0.85,NA,NA,NA,NA,NA,NA,NA,NA,NA,NA,NA,NA,NA,NA,NA,NA,NA,NA,NA,NA,NA,NA,NA,NA
"Set_5dose_methods_prior","Set_5dose_methods_prior_SC1",1,"BOIN","approx2-r_fixed","approx2","r_fixed",NA,NA,0,0,0.0714,28,1,1,1,5,0.3,0.3,0.3,NA,NA,0,48.6305,6.9643,6.9643,0,29.9473,29.9473,0.2067,437.3492,1935,1935,"0.15,0.2,0.3,0.35,0.45",0,1.4142,0.15,0.85,NA,NA,NA,NA,NA,NA,NA,NA,NA,NA,NA,NA,NA,NA,NA,NA,NA,NA,NA,NA,NA,NA,NA,NA
"Set_5dose_methods_prior","Set_5dose_methods_prior_SC1",1,"BOIN","approx1-r_fixed","approx1","r_fixed",NA,NA,0,0,0.0714,28,2,1,1,1,0.07,0.07,0.0086,NA,NA,0,0.7235,4.2574,4.2574,0,29.9473,20.968,0.2067,343.5867,1935,1935,"0.15,0.2,0.3,0.35,0.45",0,1.4142,0.15,0.85,NA,NA,NA,NA,NA,NA,NA,NA,NA,NA,NA,NA,NA,NA,NA,NA,NA,NA,NA,NA,NA,NA,NA,NA
"Set_5dose_methods_prior","Set_5dose_methods_prior_SC1",1,"BOIN","approx1-r_fixed","approx1","r_fixed",NA,NA,0,0,0.0714,28,2,1,1,2,0.12,0.12,0.0311,NA,NA,0,4.9096,5.5426,5.5426,3.3928,29.9473,20.968,0.2067,343.5867,1935,1935,"0.15,0.2,0.3,0.35,0.45",0,1.4142,0.15,0.85,NA,NA,NA,NA,NA,NA,NA,NA,NA,NA,NA,NA,NA,NA,NA,NA,NA,NA,NA,NA,NA,NA,NA,NA
"Set_5dose_methods_prior","Set_5dose_methods_prior_SC1",1,"BOIN","approx1-r_fixed","approx1","r_fixed",NA,NA,0,0,0.0714,28,2,1,1,3,0.17,0.17,0.0747,NA,NA,0,15.7623,6.6171,6.6171,1.2212,29.9473,20.968,0.2067,343.5867,1935,1935,"0.15,0.2,0.3,0.35,0.45",0,1.4142,0.15,0.85,NA,NA,NA,NA,NA,NA,NA,NA,NA,NA,NA,NA,NA,NA,NA,NA,NA,NA,NA,NA,NA,NA,NA,NA
"Set_5dose_methods_prior","Set_5dose_methods_prior_SC1",1,"BOIN","approx1-r_fixed","approx1","r_fixed",NA,NA,0,0,0.0714,28,2,1,1,4,0.22,0.22,0.1521,NA,NA,0,29.7674,6.5659,6.5659,2.9209,29.9473,20.968,0.2067,343.5867,1935,1935,"0.15,0.2,0.3,0.35,0.45",0,1.4142,0.15,0.85,NA,NA,NA,NA,NA,NA,NA,NA,NA,NA,NA,NA,NA,NA,NA,NA,NA,NA,NA,NA,NA,NA,NA,NA
"Set_5dose_methods_prior","Set_5dose_methods_prior_SC1",1,"BOIN","approx1-r_fixed","approx1","r_fixed",NA,NA,0,0,0.0714,28,2,1,1,5,0.3,0.3,0.3,NA,NA,0,48.6305,6.9643,6.9643,1.4444,29.9473,20.968,0.2067,343.5867,1935,1935,"0.15,0.2,0.3,0.35,0.45",0,1.4142,0.15,0.85,NA,NA,NA,NA,NA,NA,NA,NA,NA,NA,NA,NA,NA,NA,NA,NA,NA,NA,NA,NA,NA,NA,NA,NA
"Set_5dose_methods_prior","Set_5dose_methods_prior_SC1",1,"BOIN","approx2-r_fixed","approx2","r_fixed",NA,NA,0,0,0.0714,28,2,1,1,1,0.07,0.07,0.0086,NA,NA,0,0.7235,4.2574,4.2574,0,29.9473,20.968,0.2067,343.5867,1935,1935,"0.15,0.2,0.3,0.35,0.45",0,1.4142,0.15,0.85,NA,NA,NA,NA,NA,NA,NA,NA,NA,NA,NA,NA,NA,NA,NA,NA,NA,NA,NA,NA,NA,NA,NA,NA
"Set_5dose_methods_prior","Set_5dose_methods_prior_SC1",1,"BOIN","approx2-r_fixed","approx2","r_fixed",NA,NA,0,0,0.0714,28,2,1,1,2,0.12,0.12,0.0311,NA,NA,0,4.9096,5.5426,5.5426,3.3928,29.9473,20.968,0.2067,343.5867,1935,1935,"0.15,0.2,0.3,0.35,0.45",0,1.4142,0.15,0.85,NA,NA,NA,NA,NA,NA,NA,NA,NA,NA,NA,NA,NA,NA,NA,NA,NA,NA,NA,NA,NA,NA,NA,NA
"Set_5dose_methods_prior","Set_5dose_methods_prior_SC1",1,"BOIN","approx2-r_fixed","approx2","r_fixed",NA,NA,0,0,0.0714,28,2,1,1,3,0.17,0.17,0.0747,NA,NA,0,15.7623,6.6171,6.6171,1.2212,29.9473,20.968,0.2067,343.5867,1935,1935,"0.15,0.2,0.3,0.35,0.45",0,1.4142,0.15,0.85,NA,NA,NA,NA,NA,NA,NA,NA,NA,NA,NA,NA,NA,NA,NA,NA,NA,NA,NA,NA,NA,NA,NA,NA
"Set_5dose_methods_prior","Set_5dose_methods_prior_SC1",1,"BOIN","approx2-r_fixed","approx2","r_fixed",NA,NA,0,0,0.0714,28,2,1,1,4,0.22,0.22,0.1521,NA,NA,0,29.7674,6.5659,6.5659,2.9209,29.9473,20.968,0.2067,343.5867,1935,1935,"0.15,0.2,0.3,0.35,0.45",0,1.4142,0.15,0.85,NA,NA,NA,NA,NA,NA,NA,NA,NA,NA,NA,NA,NA,NA,NA,NA,NA,NA,NA,NA,NA,NA,NA,NA
"Set_5dose_methods_prior","Set_5dose_methods_prior_SC1",1,"BOIN","approx2-r_fixed","approx2","r_fixed",NA,NA,0,0,0.0714,28,2,1,1,5,0.3,0.3,0.3,NA,NA,0,48.6305,6.9643,6.9643,1.4444,29.9473,20.968,0.2067,343.5867,1935,1935,"0.15,0.2,0.3,0.35,0.45",0,1.4142,0.15,0.85,NA,NA,NA,NA,NA,NA,NA,NA,NA,NA,NA,NA,NA,NA,NA,NA,NA,NA,NA,NA,NA,NA,NA,NA
"Set_5dose_methods_prior","Set_5dose_methods_prior_SC1",1,"BOIN","approx1-r_fixed","approx1","r_fixed",NA,NA,0,0,0.0714,28,3,1,1,1,0.07,0.07,0.0086,NA,NA,0,0.7235,4.2574,4.2574,0,29.9473,18.5824,0.2067,328.3855,1935,1935,"0.15,0.2,0.3,0.35,0.45",0,1.4142,0.15,0.85,NA,NA,NA,NA,NA,NA,NA,NA,NA,NA,NA,NA,NA,NA,NA,NA,NA,NA,NA,NA,NA,NA,NA,NA
"Set_5dose_methods_prior","Set_5dose_methods_prior_SC1",1,"BOIN","approx1-r_fixed","approx1","r_fixed",NA,NA,0,0,0.0714,28,3,1,1,2,0.12,0.12,0.0311,NA,NA,0,4.9096,5.5426,5.5426,3.3928,29.9473,18.5824,0.2067,328.3855,1935,1935,"0.15,0.2,0.3,0.35,0.45",0,1.4142,0.15,0.85,NA,NA,NA,NA,NA,NA,NA,NA,NA,NA,NA,NA,NA,NA,NA,NA,NA,NA,NA,NA,NA,NA,NA,NA
"Set_5dose_methods_prior","Set_5dose_methods_prior_SC1",1,"BOIN","approx1-r_fixed","approx1","r_fixed",NA,NA,0,0,0.0714,28,3,1,1,3,0.17,0.17,0.0747,NA,NA,0,15.7623,6.6171,6.6171,3.6444,29.9473,18.5824,0.2067,328.3855,1935,1935,"0.15,0.2,0.3,0.35,0.45",0,1.4142,0.15,0.85,NA,NA,NA,NA,NA,NA,NA,NA,NA,NA,NA,NA,NA,NA,NA,NA,NA,NA,NA,NA,NA,NA,NA,NA
"Set_5dose_methods_prior","Set_5dose_methods_prior_SC1",1,"BOIN","approx1-r_fixed","approx1","r_fixed",NA,NA,0,0,0.0714,28,3,1,1,4,0.22,0.22,0.1521,NA,NA,0,29.7674,6.5659,6.5659,1.6274,29.9473,18.5824,0.2067,328.3855,1935,1935,"0.15,0.2,0.3,0.35,0.45",0,1.4142,0.15,0.85,NA,NA,NA,NA,NA,NA,NA,NA,NA,NA,NA,NA,NA,NA,NA,NA,NA,NA,NA,NA,NA,NA,NA,NA
"Set_5dose_methods_prior","Set_5dose_methods_prior_SC1",1,"BOIN","approx1-r_fixed","approx1","r_fixed",NA,NA,0,0,0.0714,28,3,1,1,5,0.3,0.3,0.3,NA,NA,0,48.6305,6.9643,6.9643,2.7003,29.9473,18.5824,0.2067,328.3855,1935,1935,"0.15,0.2,0.3,0.35,0.45",0,1.4142,0.15,0.85,NA,NA,NA,NA,NA,NA,NA,NA,NA,NA,NA,NA,NA,NA,NA,NA,NA,NA,NA,NA,NA,NA,NA,NA
"Set_5dose_methods_prior","Set_5dose_methods_prior_SC1",1,"BOIN","approx2-r_fixed","approx2","r_fixed",NA,NA,0,0,0.0714,28,3,1,1,1,0.07,0.07,0.0086,NA,NA,0,0.7235,4.2574,4.2574,0,29.9473,18.5824,0.2067,328.3855,1935,1935,"0.15,0.2,0.3,0.35,0.45",0,1.4142,0.15,0.85,NA,NA,NA,NA,NA,NA,NA,NA,NA,NA,NA,NA,NA,NA,NA,NA,NA,NA,NA,NA,NA,NA,NA,NA
"Set_5dose_methods_prior","Set_5dose_methods_prior_SC1",1,"BOIN","approx2-r_fixed","approx2","r_fixed",NA,NA,0,0,0.0714,28,3,1,1,2,0.12,0.12,0.0311,NA,NA,0,4.9096,5.5426,5.5426,3.3928,29.9473,18.5824,0.2067,328.3855,1935,1935,"0.15,0.2,0.3,0.35,0.45",0,1.4142,0.15,0.85,NA,NA,NA,NA,NA,NA,NA,NA,NA,NA,NA,NA,NA,NA,NA,NA,NA,NA,NA,NA,NA,NA,NA,NA
"Set_5dose_methods_prior","Set_5dose_methods_prior_SC1",1,"BOIN","approx2-r_fixed","approx2","r_fixed",NA,NA,0,0,0.0714,28,3,1,1,3,0.17,0.17,0.0747,NA,NA,0,15.7623,6.6171,6.6171,3.6444,29.9473,18.5824,0.2067,328.3855,1935,1935,"0.15,0.2,0.3,0.35,0.45",0,1.4142,0.15,0.85,NA,NA,NA,NA,NA,NA,NA,NA,NA,NA,NA,NA,NA,NA,NA,NA,NA,NA,NA,NA,NA,NA,NA,NA
"Set_5dose_methods_prior","Set_5dose_methods_prior_SC1",1,"BOIN","approx2-r_fixed","approx2","r_fixed",NA,NA,0,0,0.0714,28,3,1,1,4,0.22,0.22,0.1521,NA,NA,0,29.7674,6.5659,6.5659,1.6274,29.9473,18.5824,0.2067,328.3855,1935,1935,"0.15,0.2,0.3,0.35,0.45",0,1.4142,0.15,0.85,NA,NA,NA,NA,NA,NA,NA,NA,NA,NA,NA,NA,NA,NA,NA,NA,NA,NA,NA,NA,NA,NA,NA,NA
"Set_5dose_methods_prior","Set_5dose_methods_prior_SC1",1,"BOIN","approx2-r_fixed","approx2","r_fixed",NA,NA,0,0,0.0714,28,3,1,1,5,0.3,0.3,0.3,NA,NA,0,48.6305,6.9643,6.9643,2.7003,29.9473,18.5824,0.2067,328.3855,1935,1935,"0.15,0.2,0.3,0.35,0.45",0,1.4142,0.15,0.85,NA,NA,NA,NA,NA,NA,NA,NA,NA,NA,NA,NA,NA,NA,NA,NA,NA,NA,NA,NA,NA,NA,NA,NA
"Set_5dose_methods_prior","Set_5dose_methods_prior_SC1",1,"BOIN","approx1-r_fixed","approx1","r_fixed",NA,NA,0.3,0,0.0714,28,1,1,1,1,0.07,0.07,0.0086,NA,NA,0,0.7235,4.2574,4.2574,0,29.9473,29.9473,0.2067,437.3492,1935,1935,"0.15,0.2,0.3,0.35,0.45",0,1.4142,0.15,0.85,NA,NA,NA,NA,NA,NA,NA,NA,NA,NA,NA,NA,NA,NA,NA,NA,NA,NA,NA,NA,NA,NA,NA,NA
"Set_5dose_methods_prior","Set_5dose_methods_prior_SC1",1,"BOIN","approx1-r_fixed","approx1","r_fixed",NA,NA,0.3,0,0.0714,28,1,1,1,2,0.12,0.141,0.0311,NA,NA,0,4.9096,5.5426,5.5426,0,29.9473,29.9473,0.2067,437.3492,1935,1935,"0.15,0.2,0.3,0.35,0.45",0,1.4142,0.15,0.85,NA,NA,NA,NA,NA,NA,NA,NA,NA,NA,NA,NA,NA,NA,NA,NA,NA,NA,NA,NA,NA,NA,NA,NA
"Set_5dose_methods_prior","Set_5dose_methods_prior_SC1",1,"BOIN","approx1-r_fixed","approx1","r_fixed",NA,NA,0.3,0,0.0714,28,1,1,1,3,0.17,0.206,0.0747,NA,NA,0,15.7623,6.6171,6.6171,0,29.9473,29.9473,0.2067,437.3492,1935,1935,"0.15,0.2,0.3,0.35,0.45",0,1.4142,0.15,0.85,NA,NA,NA,NA,NA,NA,NA,NA,NA,NA,NA,NA,NA,NA,NA,NA,NA,NA,NA,NA,NA,NA,NA,NA
"Set_5dose_methods_prior","Set_5dose_methods_prior_SC1",1,"BOIN","approx1-r_fixed","approx1","r_fixed",NA,NA,0.3,0,0.0714,28,1,1,1,4,0.22,0.271,0.1521,NA,NA,0,29.7674,6.5659,6.5659,0,29.9473,29.9473,0.2067,437.3492,1935,1935,"0.15,0.2,0.3,0.35,0.45",0,1.4142,0.15,0.85,NA,NA,NA,NA,NA,NA,NA,NA,NA,NA,NA,NA,NA,NA,NA,NA,NA,NA,NA,NA,NA,NA,NA,NA
"Set_5dose_methods_prior","Set_5dose_methods_prior_SC1",1,"BOIN","approx1-r_fixed","approx1","r_fixed",NA,NA,0.3,0,0.0714,28,1,1,1,5,0.3,0.366,0.3,NA,NA,0,48.6305,6.9643,6.9643,0,29.9473,29.9473,0.2067,437.3492,1935,1935,"0.15,0.2,0.3,0.35,0.45",0,1.4142,0.15,0.85,NA,NA,NA,NA,NA,NA,NA,NA,NA,NA,NA,NA,NA,NA,NA,NA,NA,NA,NA,NA,NA,NA,NA,NA
"Set_5dose_methods_prior","Set_5dose_methods_prior_SC1",1,"BOIN","approx2-r_fixed","approx2","r_fixed",NA,NA,0.3,0,0.0714,28,1,1,1,1,0.07,0.07,0.0086,NA,NA,0,0.7235,4.2574,4.2574,0,29.9473,29.9473,0.2067,437.3492,1935,1935,"0.15,0.2,0.3,0.35,0.45",0,1.4142,0.15,0.85,NA,NA,NA,NA,NA,NA,NA,NA,NA,NA,NA,NA,NA,NA,NA,NA,NA,NA,NA,NA,NA,NA,NA,NA
"Set_5dose_methods_prior","Set_5dose_methods_prior_SC1",1,"BOIN","approx2-r_fixed","approx2","r_fixed",NA,NA,0.3,0,0.0714,28,1,1,1,2,0.12,0.141,0.0311,NA,NA,0,4.9096,5.5426,5.5426,0,29.9473,29.9473,0.2067,437.3492,1935,1935,"0.15,0.2,0.3,0.35,0.45",0,1.4142,0.15,0.85,NA,NA,NA,NA,NA,NA,NA,NA,NA,NA,NA,NA,NA,NA,NA,NA,NA,NA,NA,NA,NA,NA,NA,NA
"Set_5dose_methods_prior","Set_5dose_methods_prior_SC1",1,"BOIN","approx2-r_fixed","approx2","r_fixed",NA,NA,0.3,0,0.0714,28,1,1,1,3,0.17,0.206,0.0747,NA,NA,0,15.7623,6.6171,6.6171,0,29.9473,29.9473,0.2067,437.3492,1935,1935,"0.15,0.2,0.3,0.35,0.45",0,1.4142,0.15,0.85,NA,NA,NA,NA,NA,NA,NA,NA,NA,NA,NA,NA,NA,NA,NA,NA,NA,NA,NA,NA,NA,NA,NA,NA
"Set_5dose_methods_prior","Set_5dose_methods_prior_SC1",1,"BOIN","approx2-r_fixed","approx2","r_fixed",NA,NA,0.3,0,0.0714,28,1,1,1,4,0.22,0.271,0.1521,NA,NA,0,29.7674,6.5659,6.5659,0,29.9473,29.9473,0.2067,437.3492,1935,1935,"0.15,0.2,0.3,0.35,0.45",0,1.4142,0.15,0.85,NA,NA,NA,NA,NA,NA,NA,NA,NA,NA,NA,NA,NA,NA,NA,NA,NA,NA,NA,NA,NA,NA,NA,NA
"Set_5dose_methods_prior","Set_5dose_methods_prior_SC1",1,"BOIN","approx2-r_fixed","approx2","r_fixed",NA,NA,0.3,0,0.0714,28,1,1,1,5,0.3,0.366,0.3,NA,NA,0,48.6305,6.9643,6.9643,0,29.9473,29.9473,0.2067,437.3492,1935,1935,"0.15,0.2,0.3,0.35,0.45",0,1.4142,0.15,0.85,NA,NA,NA,NA,NA,NA,NA,NA,NA,NA,NA,NA,NA,NA,NA,NA,NA,NA,NA,NA,NA,NA,NA,NA
"Set_5dose_methods_prior","Set_5dose_methods_prior_SC1",1,"BOIN","approx1-r_fixed","approx1","r_fixed",NA,NA,0.3,0,0.0714,28,2,1,1,1,0.07,0.07,0.0101,NA,NA,0,1.0853,4.4093,4.4093,0,29.9473,20.6749,0.2067,342.5222,1935,1935,"0.15,0.2,0.3,0.35,0.45",0,1.4142,0.15,0.85,NA,NA,NA,NA,NA,NA,NA,NA,NA,NA,NA,NA,NA,NA,NA,NA,NA,NA,NA,NA,NA,NA,NA,NA
"Set_5dose_methods_prior","Set_5dose_methods_prior_SC1",1,"BOIN","approx1-r_fixed","approx1","r_fixed",NA,NA,0.3,0,0.0714,28,2,1,1,2,0.12,0.141,0.0408,NA,NA,0,6.615,5.9938,5.9938,3.4656,29.9473,20.6749,0.2067,342.5222,1935,1935,"0.15,0.2,0.3,0.35,0.45",0,1.4142,0.15,0.85,NA,NA,NA,NA,NA,NA,NA,NA,NA,NA,NA,NA,NA,NA,NA,NA,NA,NA,NA,NA,NA,NA,NA,NA
"Set_5dose_methods_prior","Set_5dose_methods_prior_SC1",1,"BOIN","approx1-r_fixed","approx1","r_fixed",NA,NA,0.3,0,0.0714,28,2,1,1,3,0.17,0.206,0.0917,NA,NA,0,19.9483,7.0202,7.0202,1.4289,29.9473,20.6749,0.2067,342.5222,1935,1935,"0.15,0.2,0.3,0.35,0.45",0,1.4142,0.15,0.85,NA,NA,NA,NA,NA,NA,NA,NA,NA,NA,NA,NA,NA,NA,NA,NA,NA,NA,NA,NA,NA,NA,NA,NA
"Set_5dose_methods_prior","Set_5dose_methods_prior_SC1",1,"BOIN","approx1-r_fixed","approx1","r_fixed",NA,NA,0.3,0,0.0714,28,2,1,1,4,0.22,0.271,0.176,NA,NA,0,33.1783,6.738,6.738,2.9643,29.9473,20.6749,0.2067,342.5222,1935,1935,"0.15,0.2,0.3,0.35,0.45",0,1.4142,0.15,0.85,NA,NA,NA,NA,NA,NA,NA,NA,NA,NA,NA,NA,NA,NA,NA,NA,NA,NA,NA,NA,NA,NA,NA,NA
"Set_5dose_methods_prior","Set_5dose_methods_prior_SC1",1,"BOIN","approx1-r_fixed","approx1","r_fixed",NA,NA,0.3,0,0.0714,28,2,1,1,5,0.3,0.366,0.3123,NA,NA,0,38.9664,5.786,5.786,1.4134,29.9473,20.6749,0.2067,342.5222,1935,1935,"0.15,0.2,0.3,0.35,0.45",0,1.4142,0.15,0.85,NA,NA,NA,NA,NA,NA,NA,NA,NA,NA,NA,NA,NA,NA,NA,NA,NA,NA,NA,NA,NA,NA,NA,NA
"Set_5dose_methods_prior","Set_5dose_methods_prior_SC1",1,"BOIN","approx2-r_fixed","approx2","r_fixed",NA,NA,0.3,0,0.0714,28,2,1,1,1,0.07,0.07,0.0101,NA,NA,0,1.0853,4.4093,4.4093,0,29.9473,20.6749,0.2067,342.5222,1935,1935,"0.15,0.2,0.3,0.35,0.45",0,1.4142,0.15,0.85,NA,NA,NA,NA,NA,NA,NA,NA,NA,NA,NA,NA,NA,NA,NA,NA,NA,NA,NA,NA,NA,NA,NA,NA
"Set_5dose_methods_prior","Set_5dose_methods_prior_SC1",1,"BOIN","approx2-r_fixed","approx2","r_fixed",NA,NA,0.3,0,0.0714,28,2,1,1,2,0.12,0.141,0.0408,NA,NA,0,6.615,5.9938,5.9938,3.4656,29.9473,20.6749,0.2067,342.5222,1935,1935,"0.15,0.2,0.3,0.35,0.45",0,1.4142,0.15,0.85,NA,NA,NA,NA,NA,NA,NA,NA,NA,NA,NA,NA,NA,NA,NA,NA,NA,NA,NA,NA,NA,NA,NA,NA
"Set_5dose_methods_prior","Set_5dose_methods_prior_SC1",1,"BOIN","approx2-r_fixed","approx2","r_fixed",NA,NA,0.3,0,0.0714,28,2,1,1,3,0.17,0.206,0.0917,NA,NA,0,19.9483,7.0202,7.0202,1.4289,29.9473,20.6749,0.2067,342.5222,1935,1935,"0.15,0.2,0.3,0.35,0.45",0,1.4142,0.15,0.85,NA,NA,NA,NA,NA,NA,NA,NA,NA,NA,NA,NA,NA,NA,NA,NA,NA,NA,NA,NA,NA,NA,NA,NA
"Set_5dose_methods_prior","Set_5dose_methods_prior_SC1",1,"BOIN","approx2-r_fixed","approx2","r_fixed",NA,NA,0.3,0,0.0714,28,2,1,1,4,0.22,0.271,0.176,NA,NA,0,33.1783,6.738,6.738,2.9643,29.9473,20.6749,0.2067,342.5222,1935,1935,"0.15,0.2,0.3,0.35,0.45",0,1.4142,0.15,0.85,NA,NA,NA,NA,NA,NA,NA,NA,NA,NA,NA,NA,NA,NA,NA,NA,NA,NA,NA,NA,NA,NA,NA,NA
"Set_5dose_methods_prior","Set_5dose_methods_prior_SC1",1,"BOIN","approx2-r_fixed","approx2","r_fixed",NA,NA,0.3,0,0.0714,28,2,1,1,5,0.3,0.366,0.3123,NA,NA,0,38.9664,5.786,5.786,1.4134,29.9473,20.6749,0.2067,342.5222,1935,1935,"0.15,0.2,0.3,0.35,0.45",0,1.4142,0.15,0.85,NA,NA,NA,NA,NA,NA,NA,NA,NA,NA,NA,NA,NA,NA,NA,NA,NA,NA,NA,NA,NA,NA,NA,NA
"Set_5dose_methods_prior","Set_5dose_methods_prior_SC1",1,"BOIN","approx1-r_fixed","approx1","r_fixed",NA,NA,0.3,0,0.0714,28,3,1,1,1,0.07,0.07,0.0111,NA,NA,0,1.0853,4.4093,4.4093,0,29.9473,18.3783,0.2067,328.5879,1935,1935,"0.15,0.2,0.3,0.35,0.45",0,1.4142,0.15,0.85,NA,NA,NA,NA,NA,NA,NA,NA,NA,NA,NA,NA,NA,NA,NA,NA,NA,NA,NA,NA,NA,NA,NA,NA
"Set_5dose_methods_prior","Set_5dose_methods_prior_SC1",1,"BOIN","approx1-r_fixed","approx1","r_fixed",NA,NA,0.3,0,0.0714,28,3,1,1,2,0.12,0.141,0.0443,NA,NA,0,7.8036,6.2651,6.2651,3.4791,29.9473,18.3783,0.2067,328.5879,1935,1935,"0.15,0.2,0.3,0.35,0.45",0,1.4142,0.15,0.85,NA,NA,NA,NA,NA,NA,NA,NA,NA,NA,NA,NA,NA,NA,NA,NA,NA,NA,NA,NA,NA,NA,NA,NA
"Set_5dose_methods_prior","Set_5dose_methods_prior_SC1",1,"BOIN","approx1-r_fixed","approx1","r_fixed",NA,NA,0.3,0,0.0714,28,3,1,1,3,0.17,0.206,0.1001,NA,NA,0,20.2584,7.124,7.124,3.878,29.9473,18.3783,0.2067,328.5879,1935,1935,"0.15,0.2,0.3,0.35,0.45",0,1.4142,0.15,0.85,NA,NA,NA,NA,NA,NA,NA,NA,NA,NA,NA,NA,NA,NA,NA,NA,NA,NA,NA,NA,NA,NA,NA,NA
"Set_5dose_methods_prior","Set_5dose_methods_prior_SC1",1,"BOIN","approx1-r_fixed","approx1","r_fixed",NA,NA,0.3,0,0.0714,28,3,1,1,4,0.22,0.271,0.1754,NA,NA,0,33.6951,6.493,6.493,1.7592,29.9473,18.3783,0.2067,328.5879,1935,1935,"0.15,0.2,0.3,0.35,0.45",0,1.4142,0.15,0.85,NA,NA,NA,NA,NA,NA,NA,NA,NA,NA,NA,NA,NA,NA,NA,NA,NA,NA,NA,NA,NA,NA,NA,NA
"Set_5dose_methods_prior","Set_5dose_methods_prior_SC1",1,"BOIN","approx1-r_fixed","approx1","r_fixed",NA,NA,0.3,0,0.0714,28,3,1,1,5,0.3,0.366,0.3221,NA,NA,0,36.9509,5.6558,5.6558,2.4527,29.9473,18.3783,0.2067,328.5879,1935,1935,"0.15,0.2,0.3,0.35,0.45",0,1.4142,0.15,0.85,NA,NA,NA,NA,NA,NA,NA,NA,NA,NA,NA,NA,NA,NA,NA,NA,NA,NA,NA,NA,NA,NA,NA,NA
"Set_5dose_methods_prior","Set_5dose_methods_prior_SC1",1,"BOIN","approx2-r_fixed","approx2","r_fixed",NA,NA,0.3,0,0.0714,28,3,1,1,1,0.07,0.07,0.0111,NA,NA,0,1.0853,4.4093,4.4093,0,29.9473,18.3783,0.2067,328.5879,1935,1935,"0.15,0.2,0.3,0.35,0.45",0,1.4142,0.15,0.85,NA,NA,NA,NA,NA,NA,NA,NA,NA,NA,NA,NA,NA,NA,NA,NA,NA,NA,NA,NA,NA,NA,NA,NA
"Set_5dose_methods_prior","Set_5dose_methods_prior_SC1",1,"BOIN","approx2-r_fixed","approx2","r_fixed",NA,NA,0.3,0,0.0714,28,3,1,1,2,0.12,0.141,0.0443,NA,NA,0,7.8036,6.2651,6.2651,3.4791,29.9473,18.3783,0.2067,328.5879,1935,1935,"0.15,0.2,0.3,0.35,0.45",0,1.4142,0.15,0.85,NA,NA,NA,NA,NA,NA,NA,NA,NA,NA,NA,NA,NA,NA,NA,NA,NA,NA,NA,NA,NA,NA,NA,NA
"Set_5dose_methods_prior","Set_5dose_methods_prior_SC1",1,"BOIN","approx2-r_fixed","approx2","r_fixed",NA,NA,0.3,0,0.0714,28,3,1,1,3,0.17,0.206,0.1001,NA,NA,0,20.2584,7.124,7.124,3.878,29.9473,18.3783,0.2067,328.5879,1935,1935,"0.15,0.2,0.3,0.35,0.45",0,1.4142,0.15,0.85,NA,NA,NA,NA,NA,NA,NA,NA,NA,NA,NA,NA,NA,NA,NA,NA,NA,NA,NA,NA,NA,NA,NA,NA
"Set_5dose_methods_prior","Set_5dose_methods_prior_SC1",1,"BOIN","approx2-r_fixed","approx2","r_fixed",NA,NA,0.3,0,0.0714,28,3,1,1,4,0.22,0.271,0.1754,NA,NA,0,33.6951,6.493,6.493,1.7592,29.9473,18.3783,0.2067,328.5879,1935,1935,"0.15,0.2,0.3,0.35,0.45",0,1.4142,0.15,0.85,NA,NA,NA,NA,NA,NA,NA,NA,NA,NA,NA,NA,NA,NA,NA,NA,NA,NA,NA,NA,NA,NA,NA,NA
"Set_5dose_methods_prior","Set_5dose_methods_prior_SC1",1,"BOIN","approx2-r_fixed","approx2","r_fixed",NA,NA,0.3,0,0.0714,28,3,1,1,5,0.3,0.366,0.3221,NA,NA,0,36.9509,5.6558,5.6558,2.4527,29.9473,18.3783,0.2067,328.5879,1935,1935,"0.15,0.2,0.3,0.35,0.45",0,1.4142,0.15,0.85,NA,NA,NA,NA,NA,NA,NA,NA,NA,NA,NA,NA,NA,NA,NA,NA,NA,NA,NA,NA,NA,NA,NA,NA
"Set_5dose_methods_prior","Set_5dose_methods_prior_SC1",1,"BOIN","approx1-r_fixed","approx1","r_fixed",NA,NA,0.6,0,0.0714,28,1,1,1,1,0.07,0.07,0.0086,NA,NA,0,0.7235,4.2574,4.2574,0,29.9473,29.9473,0.2067,437.3492,1935,1935,"0.15,0.2,0.3,0.35,0.45",0,1.4142,0.15,0.85,NA,NA,NA,NA,NA,NA,NA,NA,NA,NA,NA,NA,NA,NA,NA,NA,NA,NA,NA,NA,NA,NA,NA,NA
"Set_5dose_methods_prior","Set_5dose_methods_prior_SC1",1,"BOIN","approx1-r_fixed","approx1","r_fixed",NA,NA,0.6,0,0.0714,28,1,1,1,2,0.12,0.162,0.0311,NA,NA,0,4.9096,5.5426,5.5426,0,29.9473,29.9473,0.2067,437.3492,1935,1935,"0.15,0.2,0.3,0.35,0.45",0,1.4142,0.15,0.85,NA,NA,NA,NA,NA,NA,NA,NA,NA,NA,NA,NA,NA,NA,NA,NA,NA,NA,NA,NA,NA,NA,NA,NA
"Set_5dose_methods_prior","Set_5dose_methods_prior_SC1",1,"BOIN","approx1-r_fixed","approx1","r_fixed",NA,NA,0.6,0,0.0714,28,1,1,1,3,0.17,0.242,0.0747,NA,NA,0,15.7623,6.6171,6.6171,0,29.9473,29.9473,0.2067,437.3492,1935,1935,"0.15,0.2,0.3,0.35,0.45",0,1.4142,0.15,0.85,NA,NA,NA,NA,NA,NA,NA,NA,NA,NA,NA,NA,NA,NA,NA,NA,NA,NA,NA,NA,NA,NA,NA,NA
"Set_5dose_methods_prior","Set_5dose_methods_prior_SC1",1,"BOIN","approx1-r_fixed","approx1","r_fixed",NA,NA,0.6,0,0.0714,28,1,1,1,4,0.22,0.322,0.1521,NA,NA,0,29.7674,6.5659,6.5659,0,29.9473,29.9473,0.2067,437.3492,1935,1935,"0.15,0.2,0.3,0.35,0.45",0,1.4142,0.15,0.85,NA,NA,NA,NA,NA,NA,NA,NA,NA,NA,NA,NA,NA,NA,NA,NA,NA,NA,NA,NA,NA,NA,NA,NA
"Set_5dose_methods_prior","Set_5dose_methods_prior_SC1",1,"BOIN","approx1-r_fixed","approx1","r_fixed",NA,NA,0.6,0,0.0714,28,1,1,1,5,0.3,0.432,0.3,NA,NA,0,48.6305,6.9643,6.9643,0,29.9473,29.9473,0.2067,437.3492,1935,1935,"0.15,0.2,0.3,0.35,0.45",0,1.4142,0.15,0.85,NA,NA,NA,NA,NA,NA,NA,NA,NA,NA,NA,NA,NA,NA,NA,NA,NA,NA,NA,NA,NA,NA,NA,NA
"Set_5dose_methods_prior","Set_5dose_methods_prior_SC1",1,"BOIN","approx2-r_fixed","approx2","r_fixed",NA,NA,0.6,0,0.0714,28,1,1,1,1,0.07,0.07,0.0086,NA,NA,0,0.7235,4.2574,4.2574,0,29.9473,29.9473,0.2067,437.3492,1935,1935,"0.15,0.2,0.3,0.35,0.45",0,1.4142,0.15,0.85,NA,NA,NA,NA,NA,NA,NA,NA,NA,NA,NA,NA,NA,NA,NA,NA,NA,NA,NA,NA,NA,NA,NA,NA
"Set_5dose_methods_prior","Set_5dose_methods_prior_SC1",1,"BOIN","approx2-r_fixed","approx2","r_fixed",NA,NA,0.6,0,0.0714,28,1,1,1,2,0.12,0.162,0.0311,NA,NA,0,4.9096,5.5426,5.5426,0,29.9473,29.9473,0.2067,437.3492,1935,1935,"0.15,0.2,0.3,0.35,0.45",0,1.4142,0.15,0.85,NA,NA,NA,NA,NA,NA,NA,NA,NA,NA,NA,NA,NA,NA,NA,NA,NA,NA,NA,NA,NA,NA,NA,NA
"Set_5dose_methods_prior","Set_5dose_methods_prior_SC1",1,"BOIN","approx2-r_fixed","approx2","r_fixed",NA,NA,0.6,0,0.0714,28,1,1,1,3,0.17,0.242,0.0747,NA,NA,0,15.7623,6.6171,6.6171,0,29.9473,29.9473,0.2067,437.3492,1935,1935,"0.15,0.2,0.3,0.35,0.45",0,1.4142,0.15,0.85,NA,NA,NA,NA,NA,NA,NA,NA,NA,NA,NA,NA,NA,NA,NA,NA,NA,NA,NA,NA,NA,NA,NA,NA
"Set_5dose_methods_prior","Set_5dose_methods_prior_SC1",1,"BOIN","approx2-r_fixed","approx2","r_fixed",NA,NA,0.6,0,0.0714,28,1,1,1,4,0.22,0.322,0.1521,NA,NA,0,29.7674,6.5659,6.5659,0,29.9473,29.9473,0.2067,437.3492,1935,1935,"0.15,0.2,0.3,0.35,0.45",0,1.4142,0.15,0.85,NA,NA,NA,NA,NA,NA,NA,NA,NA,NA,NA,NA,NA,NA,NA,NA,NA,NA,NA,NA,NA,NA,NA,NA
"Set_5dose_methods_prior","Set_5dose_methods_prior_SC1",1,"BOIN","approx2-r_fixed","approx2","r_fixed",NA,NA,0.6,0,0.0714,28,1,1,1,5,0.3,0.432,0.3,NA,NA,0,48.6305,6.9643,6.9643,0,29.9473,29.9473,0.2067,437.3492,1935,1935,"0.15,0.2,0.3,0.35,0.45",0,1.4142,0.15,0.85,NA,NA,NA,NA,NA,NA,NA,NA,NA,NA,NA,NA,NA,NA,NA,NA,NA,NA,NA,NA,NA,NA,NA,NA
"Set_5dose_methods_prior","Set_5dose_methods_prior_SC1",1,"BOIN","approx1-r_fixed","approx1","r_fixed",NA,NA,0.6,0,0.0714,28,2,1,1,1,0.07,0.07,0.013,NA,NA,0,1.6537,4.6186,4.6186,0,29.9473,20.4755,0.2067,341.2569,1935,1935,"0.15,0.2,0.3,0.35,0.45",0,1.4142,0.15,0.85,NA,NA,NA,NA,NA,NA,NA,NA,NA,NA,NA,NA,NA,NA,NA,NA,NA,NA,NA,NA,NA,NA,NA,NA
"Set_5dose_methods_prior","Set_5dose_methods_prior_SC1",1,"BOIN","approx1-r_fixed","approx1","r_fixed",NA,NA,0.6,0,0.0714,28,2,1,1,2,0.12,0.162,0.0519,NA,NA,0,8.8889,6.4791,6.4791,3.5886,29.9473,20.4755,0.2067,341.2569,1935,1935,"0.15,0.2,0.3,0.35,0.45",0,1.4142,0.15,0.85,NA,NA,NA,NA,NA,NA,NA,NA,NA,NA,NA,NA,NA,NA,NA,NA,NA,NA,NA,NA,NA,NA,NA,NA
"Set_5dose_methods_prior","Set_5dose_methods_prior_SC1",1,"BOIN","approx1-r_fixed","approx1","r_fixed",NA,NA,0.6,0,0.0714,28,2,1,1,3,0.17,0.242,0.1083,NA,NA,0,25.1163,7.5256,7.5256,1.5948,29.9473,20.4755,0.2067,341.2569,1935,1935,"0.15,0.2,0.3,0.35,0.45",0,1.4142,0.15,0.85,NA,NA,NA,NA,NA,NA,NA,NA,NA,NA,NA,NA,NA,NA,NA,NA,NA,NA,NA,NA,NA,NA,NA,NA
"Set_5dose_methods_prior","Set_5dose_methods_prior_SC1",1,"BOIN","approx1-r_fixed","approx1","r_fixed",NA,NA,0.6,0,0.0714,28,2,1,1,4,0.22,0.322,0.1972,NA,NA,0,33.1783,6.6062,6.6062,2.9297,29.9473,20.4755,0.2067,341.2569,1935,1935,"0.15,0.2,0.3,0.35,0.45",0,1.4142,0.15,0.85,NA,NA,NA,NA,NA,NA,NA,NA,NA,NA,NA,NA,NA,NA,NA,NA,NA,NA,NA,NA,NA,NA,NA,NA
"Set_5dose_methods_prior","Set_5dose_methods_prior_SC1",1,"BOIN","approx1-r_fixed","approx1","r_fixed",NA,NA,0.6,0,0.0714,28,2,1,1,5,0.3,0.432,0.3345,NA,NA,0,30.9561,4.7178,4.7178,1.3587,29.9473,20.4755,0.2067,341.2569,1935,1935,"0.15,0.2,0.3,0.35,0.45",0,1.4142,0.15,0.85,NA,NA,NA,NA,NA,NA,NA,NA,NA,NA,NA,NA,NA,NA,NA,NA,NA,NA,NA,NA,NA,NA,NA,NA
"Set_5dose_methods_prior","Set_5dose_methods_prior_SC1",1,"BOIN","approx2-r_fixed","approx2","r_fixed",NA,NA,0.6,0,0.0714,28,2,1,1,1,0.07,0.07,0.013,NA,NA,0,1.6537,4.6186,4.6186,0,29.9473,20.4755,0.2067,341.2569,1935,1935,"0.15,0.2,0.3,0.35,0.45",0,1.4142,0.15,0.85,NA,NA,NA,NA,NA,NA,NA,NA,NA,NA,NA,NA,NA,NA,NA,NA,NA,NA,NA,NA,NA,NA,NA,NA
"Set_5dose_methods_prior","Set_5dose_methods_prior_SC1",1,"BOIN","approx2-r_fixed","approx2","r_fixed",NA,NA,0.6,0,0.0714,28,2,1,1,2,0.12,0.162,0.0519,NA,NA,0,8.8889,6.4791,6.4791,3.5886,29.9473,20.4755,0.2067,341.2569,1935,1935,"0.15,0.2,0.3,0.35,0.45",0,1.4142,0.15,0.85,NA,NA,NA,NA,NA,NA,NA,NA,NA,NA,NA,NA,NA,NA,NA,NA,NA,NA,NA,NA,NA,NA,NA,NA
"Set_5dose_methods_prior","Set_5dose_methods_prior_SC1",1,"BOIN","approx2-r_fixed","approx2","r_fixed",NA,NA,0.6,0,0.0714,28,2,1,1,3,0.17,0.242,0.1083,NA,NA,0,25.1163,7.5256,7.5256,1.5948,29.9473,20.4755,0.2067,341.2569,1935,1935,"0.15,0.2,0.3,0.35,0.45",0,1.4142,0.15,0.85,NA,NA,NA,NA,NA,NA,NA,NA,NA,NA,NA,NA,NA,NA,NA,NA,NA,NA,NA,NA,NA,NA,NA,NA
"Set_5dose_methods_prior","Set_5dose_methods_prior_SC1",1,"BOIN","approx2-r_fixed","approx2","r_fixed",NA,NA,0.6,0,0.0714,28,2,1,1,4,0.22,0.322,0.1972,NA,NA,0,33.1783,6.6062,6.6062,2.9297,29.9473,20.4755,0.2067,341.2569,1935,1935,"0.15,0.2,0.3,0.35,0.45",0,1.4142,0.15,0.85,NA,NA,NA,NA,NA,NA,NA,NA,NA,NA,NA,NA,NA,NA,NA,NA,NA,NA,NA,NA,NA,NA,NA,NA
"Set_5dose_methods_prior","Set_5dose_methods_prior_SC1",1,"BOIN","approx2-r_fixed","approx2","r_fixed",NA,NA,0.6,0,0.0714,28,2,1,1,5,0.3,0.432,0.3345,NA,NA,0,30.9561,4.7178,4.7178,1.3587,29.9473,20.4755,0.2067,341.2569,1935,1935,"0.15,0.2,0.3,0.35,0.45",0,1.4142,0.15,0.85,NA,NA,NA,NA,NA,NA,NA,NA,NA,NA,NA,NA,NA,NA,NA,NA,NA,NA,NA,NA,NA,NA,NA,NA
"Set_5dose_methods_prior","Set_5dose_methods_prior_SC1",1,"BOIN","approx1-r_fixed","approx1","r_fixed",NA,NA,0.6,0,0.0714,28,3,1,1,1,0.07,0.07,0.0144,NA,NA,0,1.6537,4.6202,4.6202,0,29.9473,18.3101,0.2067,328.4134,1935,1935,"0.15,0.2,0.3,0.35,0.45",0,1.4142,0.15,0.85,NA,NA,NA,NA,NA,NA,NA,NA,NA,NA,NA,NA,NA,NA,NA,NA,NA,NA,NA,NA,NA,NA,NA,NA
"Set_5dose_methods_prior","Set_5dose_methods_prior_SC1",1,"BOIN","approx1-r_fixed","approx1","r_fixed",NA,NA,0.6,0,0.0714,28,3,1,1,2,0.12,0.162,0.0578,NA,NA,0,11.5245,7.0031,7.0031,3.6212,29.9473,18.3101,0.2067,328.4134,1935,1935,"0.15,0.2,0.3,0.35,0.45",0,1.4142,0.15,0.85,NA,NA,NA,NA,NA,NA,NA,NA,NA,NA,NA,NA,NA,NA,NA,NA,NA,NA,NA,NA,NA,NA,NA,NA
"Set_5dose_methods_prior","Set_5dose_methods_prior_SC1",1,"BOIN","approx1-r_fixed","approx1","r_fixed",NA,NA,0.6,0,0.0714,28,3,1,1,3,0.17,0.242,0.1215,NA,NA,0,24.1344,7.6047,7.6047,4.0408,29.9473,18.3101,0.2067,328.4134,1935,1935,"0.15,0.2,0.3,0.35,0.45",0,1.4142,0.15,0.85,NA,NA,NA,NA,NA,NA,NA,NA,NA,NA,NA,NA,NA,NA,NA,NA,NA,NA,NA,NA,NA,NA,NA,NA
"Set_5dose_methods_prior","Set_5dose_methods_prior_SC1",1,"BOIN","approx1-r_fixed","approx1","r_fixed",NA,NA,0.6,0,0.0714,28,3,1,1,4,0.22,0.322,0.2002,NA,NA,0,34.677,6.2605,6.2605,1.8734,29.9473,18.3101,0.2067,328.4134,1935,1935,"0.15,0.2,0.3,0.35,0.45",0,1.4142,0.15,0.85,NA,NA,NA,NA,NA,NA,NA,NA,NA,NA,NA,NA,NA,NA,NA,NA,NA,NA,NA,NA,NA,NA,NA,NA
"Set_5dose_methods_prior","Set_5dose_methods_prior_SC1",1,"BOIN","approx1-r_fixed","approx1","r_fixed",NA,NA,0.6,0,0.0714,28,3,1,1,5,0.3,0.432,0.3444,NA,NA,0,27.8036,4.4589,4.4589,2.1018,29.9473,18.3101,0.2067,328.4134,1935,1935,"0.15,0.2,0.3,0.35,0.45",0,1.4142,0.15,0.85,NA,NA,NA,NA,NA,NA,NA,NA,NA,NA,NA,NA,NA,NA,NA,NA,NA,NA,NA,NA,NA,NA,NA,NA
"Set_5dose_methods_prior","Set_5dose_methods_prior_SC1",1,"BOIN","approx2-r_fixed","approx2","r_fixed",NA,NA,0.6,0,0.0714,28,3,1,1,1,0.07,0.07,0.0144,NA,NA,0,1.6537,4.6202,4.6202,0,29.9473,18.3101,0.2067,328.4134,1935,1935,"0.15,0.2,0.3,0.35,0.45",0,1.4142,0.15,0.85,NA,NA,NA,NA,NA,NA,NA,NA,NA,NA,NA,NA,NA,NA,NA,NA,NA,NA,NA,NA,NA,NA,NA,NA
"Set_5dose_methods_prior","Set_5dose_methods_prior_SC1",1,"BOIN","approx2-r_fixed","approx2","r_fixed",NA,NA,0.6,0,0.0714,28,3,1,1,2,0.12,0.162,0.0578,NA,NA,0,11.5245,7.0031,7.0031,3.6212,29.9473,18.3101,0.2067,328.4134,1935,1935,"0.15,0.2,0.3,0.35,0.45",0,1.4142,0.15,0.85,NA,NA,NA,NA,NA,NA,NA,NA,NA,NA,NA,NA,NA,NA,NA,NA,NA,NA,NA,NA,NA,NA,NA,NA
"Set_5dose_methods_prior","Set_5dose_methods_prior_SC1",1,"BOIN","approx2-r_fixed","approx2","r_fixed",NA,NA,0.6,0,0.0714,28,3,1,1,3,0.17,0.242,0.1215,NA,NA,0,24.1344,7.6047,7.6047,4.0408,29.9473,18.3101,0.2067,328.4134,1935,1935,"0.15,0.2,0.3,0.35,0.45",0,1.4142,0.15,0.85,NA,NA,NA,NA,NA,NA,NA,NA,NA,NA,NA,NA,NA,NA,NA,NA,NA,NA,NA,NA,NA,NA,NA,NA
"Set_5dose_methods_prior","Set_5dose_methods_prior_SC1",1,"BOIN","approx2-r_fixed","approx2","r_fixed",NA,NA,0.6,0,0.0714,28,3,1,1,4,0.22,0.322,0.2002,NA,NA,0,34.677,6.2605,6.2605,1.8734,29.9473,18.3101,0.2067,328.4134,1935,1935,"0.15,0.2,0.3,0.35,0.45",0,1.4142,0.15,0.85,NA,NA,NA,NA,NA,NA,NA,NA,NA,NA,NA,NA,NA,NA,NA,NA,NA,NA,NA,NA,NA,NA,NA,NA
"Set_5dose_methods_prior","Set_5dose_methods_prior_SC1",1,"BOIN","approx2-r_fixed","approx2","r_fixed",NA,NA,0.6,0,0.0714,28,3,1,1,5,0.3,0.432,0.3444,NA,NA,0,27.8036,4.4589,4.4589,2.1018,29.9473,18.3101,0.2067,328.4134,1935,1935,"0.15,0.2,0.3,0.35,0.45",0,1.4142,0.15,0.85,NA,NA,NA,NA,NA,NA,NA,NA,NA,NA,NA,NA,NA,NA,NA,NA,NA,NA,NA,NA,NA,NA,NA,NA
"Set_5dose_methods_prior","Set_5dose_methods_prior_SC1",1,"BOIN","approx1-r_fixed","approx1","r_fixed",NA,NA,0.9,0,0.0714,28,1,1,1,1,0.07,0.07,0.0086,NA,NA,0,0.7235,4.2574,4.2574,0,29.9473,29.9473,0.2067,437.3492,1935,1935,"0.15,0.2,0.3,0.35,0.45",0,1.4142,0.15,0.85,NA,NA,NA,NA,NA,NA,NA,NA,NA,NA,NA,NA,NA,NA,NA,NA,NA,NA,NA,NA,NA,NA,NA,NA
"Set_5dose_methods_prior","Set_5dose_methods_prior_SC1",1,"BOIN","approx1-r_fixed","approx1","r_fixed",NA,NA,0.9,0,0.0714,28,1,1,1,2,0.12,0.183,0.0311,NA,NA,0,4.9096,5.5426,5.5426,0,29.9473,29.9473,0.2067,437.3492,1935,1935,"0.15,0.2,0.3,0.35,0.45",0,1.4142,0.15,0.85,NA,NA,NA,NA,NA,NA,NA,NA,NA,NA,NA,NA,NA,NA,NA,NA,NA,NA,NA,NA,NA,NA,NA,NA
"Set_5dose_methods_prior","Set_5dose_methods_prior_SC1",1,"BOIN","approx1-r_fixed","approx1","r_fixed",NA,NA,0.9,0,0.0714,28,1,1,1,3,0.17,0.278,0.0747,NA,NA,0,15.7623,6.6171,6.6171,0,29.9473,29.9473,0.2067,437.3492,1935,1935,"0.15,0.2,0.3,0.35,0.45",0,1.4142,0.15,0.85,NA,NA,NA,NA,NA,NA,NA,NA,NA,NA,NA,NA,NA,NA,NA,NA,NA,NA,NA,NA,NA,NA,NA,NA
"Set_5dose_methods_prior","Set_5dose_methods_prior_SC1",1,"BOIN","approx1-r_fixed","approx1","r_fixed",NA,NA,0.9,0,0.0714,28,1,1,1,4,0.22,0.373,0.1521,NA,NA,0,29.7674,6.5659,6.5659,0,29.9473,29.9473,0.2067,437.3492,1935,1935,"0.15,0.2,0.3,0.35,0.45",0,1.4142,0.15,0.85,NA,NA,NA,NA,NA,NA,NA,NA,NA,NA,NA,NA,NA,NA,NA,NA,NA,NA,NA,NA,NA,NA,NA,NA
"Set_5dose_methods_prior","Set_5dose_methods_prior_SC1",1,"BOIN","approx1-r_fixed","approx1","r_fixed",NA,NA,0.9,0,0.0714,28,1,1,1,5,0.3,0.498,0.3,NA,NA,0,48.6305,6.9643,6.9643,0,29.9473,29.9473,0.2067,437.3492,1935,1935,"0.15,0.2,0.3,0.35,0.45",0,1.4142,0.15,0.85,NA,NA,NA,NA,NA,NA,NA,NA,NA,NA,NA,NA,NA,NA,NA,NA,NA,NA,NA,NA,NA,NA,NA,NA
"Set_5dose_methods_prior","Set_5dose_methods_prior_SC1",1,"BOIN","approx2-r_fixed","approx2","r_fixed",NA,NA,0.9,0,0.0714,28,1,1,1,1,0.07,0.07,0.0086,NA,NA,0,0.7235,4.2574,4.2574,0,29.9473,29.9473,0.2067,437.3492,1935,1935,"0.15,0.2,0.3,0.35,0.45",0,1.4142,0.15,0.85,NA,NA,NA,NA,NA,NA,NA,NA,NA,NA,NA,NA,NA,NA,NA,NA,NA,NA,NA,NA,NA,NA,NA,NA
"Set_5dose_methods_prior","Set_5dose_methods_prior_SC1",1,"BOIN","approx2-r_fixed","approx2","r_fixed",NA,NA,0.9,0,0.0714,28,1,1,1,2,0.12,0.183,0.0311,NA,NA,0,4.9096,5.5426,5.5426,0,29.9473,29.9473,0.2067,437.3492,1935,1935,"0.15,0.2,0.3,0.35,0.45",0,1.4142,0.15,0.85,NA,NA,NA,NA,NA,NA,NA,NA,NA,NA,NA,NA,NA,NA,NA,NA,NA,NA,NA,NA,NA,NA,NA,NA
"Set_5dose_methods_prior","Set_5dose_methods_prior_SC1",1,"BOIN","approx2-r_fixed","approx2","r_fixed",NA,NA,0.9,0,0.0714,28,1,1,1,3,0.17,0.278,0.0747,NA,NA,0,15.7623,6.6171,6.6171,0,29.9473,29.9473,0.2067,437.3492,1935,1935,"0.15,0.2,0.3,0.35,0.45",0,1.4142,0.15,0.85,NA,NA,NA,NA,NA,NA,NA,NA,NA,NA,NA,NA,NA,NA,NA,NA,NA,NA,NA,NA,NA,NA,NA,NA
"Set_5dose_methods_prior","Set_5dose_methods_prior_SC1",1,"BOIN","approx2-r_fixed","approx2","r_fixed",NA,NA,0.9,0,0.0714,28,1,1,1,4,0.22,0.373,0.1521,NA,NA,0,29.7674,6.5659,6.5659,0,29.9473,29.9473,0.2067,437.3492,1935,1935,"0.15,0.2,0.3,0.35,0.45",0,1.4142,0.15,0.85,NA,NA,NA,NA,NA,NA,NA,NA,NA,NA,NA,NA,NA,NA,NA,NA,NA,NA,NA,NA,NA,NA,NA,NA
"Set_5dose_methods_prior","Set_5dose_methods_prior_SC1",1,"BOIN","approx2-r_fixed","approx2","r_fixed",NA,NA,0.9,0,0.0714,28,1,1,1,5,0.3,0.498,0.3,NA,NA,0,48.6305,6.9643,6.9643,0,29.9473,29.9473,0.2067,437.3492,1935,1935,"0.15,0.2,0.3,0.35,0.45",0,1.4142,0.15,0.85,NA,NA,NA,NA,NA,NA,NA,NA,NA,NA,NA,NA,NA,NA,NA,NA,NA,NA,NA,NA,NA,NA,NA,NA
"Set_5dose_methods_prior","Set_5dose_methods_prior_SC1",1,"BOIN","approx1-r_fixed","approx1","r_fixed",NA,NA,0.9,0,0.0714,28,2,1,1,1,0.07,0.07,0.0154,NA,NA,0,2.3773,4.8357,4.8357,0,29.9473,20.3173,0.2067,340.2335,1935,1935,"0.15,0.2,0.3,0.35,0.45",0,1.4142,0.15,0.85,NA,NA,NA,NA,NA,NA,NA,NA,NA,NA,NA,NA,NA,NA,NA,NA,NA,NA,NA,NA,NA,NA,NA,NA
"Set_5dose_methods_prior","Set_5dose_methods_prior_SC1",1,"BOIN","approx1-r_fixed","approx1","r_fixed",NA,NA,0.9,0,0.0714,28,2,1,1,2,0.12,0.183,0.061,NA,NA,0,11.5245,7.0078,7.0078,3.7137,29.9473,20.3173,0.2067,340.2335,1935,1935,"0.15,0.2,0.3,0.35,0.45",0,1.4142,0.15,0.85,NA,NA,NA,NA,NA,NA,NA,NA,NA,NA,NA,NA,NA,NA,NA,NA,NA,NA,NA,NA,NA,NA,NA,NA
"Set_5dose_methods_prior","Set_5dose_methods_prior_SC1",1,"BOIN","approx1-r_fixed","approx1","r_fixed",NA,NA,0.9,0,0.0714,28,2,1,1,3,0.17,0.278,0.1236,NA,NA,0,28.7855,7.8806,7.8806,1.7587,29.9473,20.3173,0.2067,340.2335,1935,1935,"0.15,0.2,0.3,0.35,0.45",0,1.4142,0.15,0.85,NA,NA,NA,NA,NA,NA,NA,NA,NA,NA,NA,NA,NA,NA,NA,NA,NA,NA,NA,NA,NA,NA,NA,NA
"Set_5dose_methods_prior","Set_5dose_methods_prior_SC1",1,"BOIN","approx1-r_fixed","approx1","r_fixed",NA,NA,0.9,0,0.0714,28,2,1,1,4,0.22,0.373,0.214,NA,NA,0,33.6434,6.4279,6.4279,2.9276,29.9473,20.3173,0.2067,340.2335,1935,1935,"0.15,0.2,0.3,0.35,0.45",0,1.4142,0.15,0.85,NA,NA,NA,NA,NA,NA,NA,NA,NA,NA,NA,NA,NA,NA,NA,NA,NA,NA,NA,NA,NA,NA,NA,NA
"Set_5dose_methods_prior","Set_5dose_methods_prior_SC1",1,"BOIN","approx1-r_fixed","approx1","r_fixed",NA,NA,0.9,0,0.0714,28,2,1,1,5,0.3,0.498,0.3418,NA,NA,0,23.4625,3.7953,3.7953,1.23,29.9473,20.3173,0.2067,340.2335,1935,1935,"0.15,0.2,0.3,0.35,0.45",0,1.4142,0.15,0.85,NA,NA,NA,NA,NA,NA,NA,NA,NA,NA,NA,NA,NA,NA,NA,NA,NA,NA,NA,NA,NA,NA,NA,NA
"Set_5dose_methods_prior","Set_5dose_methods_prior_SC1",1,"BOIN","approx2-r_fixed","approx2","r_fixed",NA,NA,0.9,0,0.0714,28,2,1,1,1,0.07,0.07,0.0154,NA,NA,0,2.3773,4.8357,4.8357,0,29.9473,20.3173,0.2067,340.2335,1935,1935,"0.15,0.2,0.3,0.35,0.45",0,1.4142,0.15,0.85,NA,NA,NA,NA,NA,NA,NA,NA,NA,NA,NA,NA,NA,NA,NA,NA,NA,NA,NA,NA,NA,NA,NA,NA
"Set_5dose_methods_prior","Set_5dose_methods_prior_SC1",1,"BOIN","approx2-r_fixed","approx2","r_fixed",NA,NA,0.9,0,0.0714,28,2,1,1,2,0.12,0.183,0.061,NA,NA,0,11.5245,7.0078,7.0078,3.7137,29.9473,20.3173,0.2067,340.2335,1935,1935,"0.15,0.2,0.3,0.35,0.45",0,1.4142,0.15,0.85,NA,NA,NA,NA,NA,NA,NA,NA,NA,NA,NA,NA,NA,NA,NA,NA,NA,NA,NA,NA,NA,NA,NA,NA
"Set_5dose_methods_prior","Set_5dose_methods_prior_SC1",1,"BOIN","approx2-r_fixed","approx2","r_fixed",NA,NA,0.9,0,0.0714,28,2,1,1,3,0.17,0.278,0.1236,NA,NA,0,28.7855,7.8806,7.8806,1.7587,29.9473,20.3173,0.2067,340.2335,1935,1935,"0.15,0.2,0.3,0.35,0.45",0,1.4142,0.15,0.85,NA,NA,NA,NA,NA,NA,NA,NA,NA,NA,NA,NA,NA,NA,NA,NA,NA,NA,NA,NA,NA,NA,NA,NA
"Set_5dose_methods_prior","Set_5dose_methods_prior_SC1",1,"BOIN","approx2-r_fixed","approx2","r_fixed",NA,NA,0.9,0,0.0714,28,2,1,1,4,0.22,0.373,0.214,NA,NA,0,33.6434,6.4279,6.4279,2.9276,29.9473,20.3173,0.2067,340.2335,1935,1935,"0.15,0.2,0.3,0.35,0.45",0,1.4142,0.15,0.85,NA,NA,NA,NA,NA,NA,NA,NA,NA,NA,NA,NA,NA,NA,NA,NA,NA,NA,NA,NA,NA,NA,NA,NA
"Set_5dose_methods_prior","Set_5dose_methods_prior_SC1",1,"BOIN","approx2-r_fixed","approx2","r_fixed",NA,NA,0.9,0,0.0714,28,2,1,1,5,0.3,0.498,0.3418,NA,NA,0,23.4625,3.7953,3.7953,1.23,29.9473,20.3173,0.2067,340.2335,1935,1935,"0.15,0.2,0.3,0.35,0.45",0,1.4142,0.15,0.85,NA,NA,NA,NA,NA,NA,NA,NA,NA,NA,NA,NA,NA,NA,NA,NA,NA,NA,NA,NA,NA,NA,NA,NA
"Set_5dose_methods_prior","Set_5dose_methods_prior_SC1",1,"BOIN","approx1-r_fixed","approx1","r_fixed",NA,NA,0.9,0,0.0714,28,3,1,1,1,0.07,0.07,0.0178,NA,NA,0,2.3773,4.8434,4.8434,0,29.9473,18.3276,0.2067,328.7889,1935,1935,"0.15,0.2,0.3,0.35,0.45",0,1.4142,0.15,0.85,NA,NA,NA,NA,NA,NA,NA,NA,NA,NA,NA,NA,NA,NA,NA,NA,NA,NA,NA,NA,NA,NA,NA,NA
"Set_5dose_methods_prior","Set_5dose_methods_prior_SC1",1,"BOIN","approx1-r_fixed","approx1","r_fixed",NA,NA,0.9,0,0.0714,28,3,1,1,2,0.12,0.183,0.0693,NA,NA,0,15.7106,7.7984,7.7984,3.7654,29.9473,18.3276,0.2067,328.7889,1935,1935,"0.15,0.2,0.3,0.35,0.45",0,1.4142,0.15,0.85,NA,NA,NA,NA,NA,NA,NA,NA,NA,NA,NA,NA,NA,NA,NA,NA,NA,NA,NA,NA,NA,NA,NA,NA
"Set_5dose_methods_prior","Set_5dose_methods_prior_SC1",1,"BOIN","approx1-r_fixed","approx1","r_fixed",NA,NA,0.9,0,0.0714,28,3,1,1,3,0.17,0.278,0.1417,NA,NA,0,27.4935,7.9085,7.9085,4.2119,29.9473,18.3276,0.2067,328.7889,1935,1935,"0.15,0.2,0.3,0.35,0.45",0,1.4142,0.15,0.85,NA,NA,NA,NA,NA,NA,NA,NA,NA,NA,NA,NA,NA,NA,NA,NA,NA,NA,NA,NA,NA,NA,NA,NA
"Set_5dose_methods_prior","Set_5dose_methods_prior_SC1",1,"BOIN","approx1-r_fixed","approx1","r_fixed",NA,NA,0.9,0,0.0714,28,3,1,1,4,0.22,0.373,0.2201,NA,NA,0,34.3152,5.9364,5.9364,1.8935,29.9473,18.3276,0.2067,328.7889,1935,1935,"0.15,0.2,0.3,0.35,0.45",0,1.4142,0.15,0.85,NA,NA,NA,NA,NA,NA,NA,NA,NA,NA,NA,NA,NA,NA,NA,NA,NA,NA,NA,NA,NA,NA,NA,NA
"Set_5dose_methods_prior","Set_5dose_methods_prior_SC1",1,"BOIN","approx1-r_fixed","approx1","r_fixed",NA,NA,0.9,0,0.0714,28,3,1,1,5,0.3,0.498,0.3603,NA,NA,0,19.8966,3.4605,3.4605,1.7488,29.9473,18.3276,0.2067,328.7889,1935,1935,"0.15,0.2,0.3,0.35,0.45",0,1.4142,0.15,0.85,NA,NA,NA,NA,NA,NA,NA,NA,NA,NA,NA,NA,NA,NA,NA,NA,NA,NA,NA,NA,NA,NA,NA,NA
"Set_5dose_methods_prior","Set_5dose_methods_prior_SC1",1,"BOIN","approx2-r_fixed","approx2","r_fixed",NA,NA,0.9,0,0.0714,28,3,1,1,1,0.07,0.07,0.0178,NA,NA,0,2.3773,4.8434,4.8434,0,29.9473,18.3276,0.2067,328.7889,1935,1935,"0.15,0.2,0.3,0.35,0.45",0,1.4142,0.15,0.85,NA,NA,NA,NA,NA,NA,NA,NA,NA,NA,NA,NA,NA,NA,NA,NA,NA,NA,NA,NA,NA,NA,NA,NA
"Set_5dose_methods_prior","Set_5dose_methods_prior_SC1",1,"BOIN","approx2-r_fixed","approx2","r_fixed",NA,NA,0.9,0,0.0714,28,3,1,1,2,0.12,0.183,0.0693,NA,NA,0,15.7106,7.7984,7.7984,3.7654,29.9473,18.3276,0.2067,328.7889,1935,1935,"0.15,0.2,0.3,0.35,0.45",0,1.4142,0.15,0.85,NA,NA,NA,NA,NA,NA,NA,NA,NA,NA,NA,NA,NA,NA,NA,NA,NA,NA,NA,NA,NA,NA,NA,NA
"Set_5dose_methods_prior","Set_5dose_methods_prior_SC1",1,"BOIN","approx2-r_fixed","approx2","r_fixed",NA,NA,0.9,0,0.0714,28,3,1,1,3,0.17,0.278,0.1417,NA,NA,0,27.4935,7.9085,7.9085,4.2119,29.9473,18.3276,0.2067,328.7889,1935,1935,"0.15,0.2,0.3,0.35,0.45",0,1.4142,0.15,0.85,NA,NA,NA,NA,NA,NA,NA,NA,NA,NA,NA,NA,NA,NA,NA,NA,NA,NA,NA,NA,NA,NA,NA,NA
"Set_5dose_methods_prior","Set_5dose_methods_prior_SC1",1,"BOIN","approx2-r_fixed","approx2","r_fixed",NA,NA,0.9,0,0.0714,28,3,1,1,4,0.22,0.373,0.2201,NA,NA,0,34.3152,5.9364,5.9364,1.8935,29.9473,18.3276,0.2067,328.7889,1935,1935,"0.15,0.2,0.3,0.35,0.45",0,1.4142,0.15,0.85,NA,NA,NA,NA,NA,NA,NA,NA,NA,NA,NA,NA,NA,NA,NA,NA,NA,NA,NA,NA,NA,NA,NA,NA
"Set_5dose_methods_prior","Set_5dose_methods_prior_SC1",1,"BOIN","approx2-r_fixed","approx2","r_fixed",NA,NA,0.9,0,0.0714,28,3,1,1,5,0.3,0.498,0.3603,NA,NA,0,19.8966,3.4605,3.4605,1.7488,29.9473,18.3276,0.2067,328.7889,1935,1935,"0.15,0.2,0.3,0.35,0.45",0,1.4142,0.15,0.85,NA,NA,NA,NA,NA,NA,NA,NA,NA,NA,NA,NA,NA,NA,NA,NA,NA,NA,NA,NA,NA,NA,NA,NA
"Set_5dose_methods_prior","Set_5dose_methods_prior_SC2",2,"BOIN","approx1-r_fixed","approx1","r_fixed",NA,NA,0,0,0.0714,28,1,1,1,1,0.05,0.05,0.0061,NA,NA,0,0.2584,3.7442,3.7442,0,29.986,29.986,0.0517,437.8742,1935,1935,"0.15,0.2,0.3,0.35,0.45",0,1.4142,0.15,0.85,NA,NA,NA,NA,NA,NA,NA,NA,NA,NA,NA,NA,NA,NA,NA,NA,NA,NA,NA,NA,NA,NA,NA,NA
"Set_5dose_methods_prior","Set_5dose_methods_prior_SC2",2,"BOIN","approx1-r_fixed","approx1","r_fixed",NA,NA,0,0,0.0714,28,1,1,1,2,0.1,0.1,0.0322,NA,NA,0,4.2894,5.3364,5.3364,0,29.986,29.986,0.0517,437.8742,1935,1935,"0.15,0.2,0.3,0.35,0.45",0,1.4142,0.15,0.85,NA,NA,NA,NA,NA,NA,NA,NA,NA,NA,NA,NA,NA,NA,NA,NA,NA,NA,NA,NA,NA,NA,NA,NA
"Set_5dose_methods_prior","Set_5dose_methods_prior_SC2",2,"BOIN","approx1-r_fixed","approx1","r_fixed",NA,NA,0,0,0.0714,28,1,1,1,3,0.18,0.18,0.1095,NA,NA,0,27.5452,8.4806,8.4806,0,29.986,29.986,0.0517,437.8742,1935,1935,"0.15,0.2,0.3,0.35,0.45",0,1.4142,0.15,0.85,NA,NA,NA,NA,NA,NA,NA,NA,NA,NA,NA,NA,NA,NA,NA,NA,NA,NA,NA,NA,NA,NA,NA,NA
"Set_5dose_methods_prior","Set_5dose_methods_prior_SC2",2,"BOIN","approx1-r_fixed","approx1","r_fixed",NA,NA,0,0,0.0714,28,1,1,1,4,0.3,0.3,0.2382,NA,NA,0,44.0827,7.9783,7.9783,0,29.986,29.986,0.0517,437.8742,1935,1935,"0.15,0.2,0.3,0.35,0.45",0,1.4142,0.15,0.85,NA,NA,NA,NA,NA,NA,NA,NA,NA,NA,NA,NA,NA,NA,NA,NA,NA,NA,NA,NA,NA,NA,NA,NA
"Set_5dose_methods_prior","Set_5dose_methods_prior_SC2",2,"BOIN","approx1-r_fixed","approx1","r_fixed",NA,NA,0,0,0.0714,28,1,1,1,5,0.4,0.4,0.3831,NA,NA,0,23.7726,4.4465,4.4465,0,29.986,29.986,0.0517,437.8742,1935,1935,"0.15,0.2,0.3,0.35,0.45",0,1.4142,0.15,0.85,NA,NA,NA,NA,NA,NA,NA,NA,NA,NA,NA,NA,NA,NA,NA,NA,NA,NA,NA,NA,NA,NA,NA,NA
"Set_5dose_methods_prior","Set_5dose_methods_prior_SC2",2,"BOIN","approx2-r_fixed","approx2","r_fixed",NA,NA,0,0,0.0714,28,1,1,1,1,0.05,0.05,0.0061,NA,NA,0,0.2584,3.7442,3.7442,0,29.986,29.986,0.0517,437.8742,1935,1935,"0.15,0.2,0.3,0.35,0.45",0,1.4142,0.15,0.85,NA,NA,NA,NA,NA,NA,NA,NA,NA,NA,NA,NA,NA,NA,NA,NA,NA,NA,NA,NA,NA,NA,NA,NA
"Set_5dose_methods_prior","Set_5dose_methods_prior_SC2",2,"BOIN","approx2-r_fixed","approx2","r_fixed",NA,NA,0,0,0.0714,28,1,1,1,2,0.1,0.1,0.0322,NA,NA,0,4.2894,5.3364,5.3364,0,29.986,29.986,0.0517,437.8742,1935,1935,"0.15,0.2,0.3,0.35,0.45",0,1.4142,0.15,0.85,NA,NA,NA,NA,NA,NA,NA,NA,NA,NA,NA,NA,NA,NA,NA,NA,NA,NA,NA,NA,NA,NA,NA,NA
"Set_5dose_methods_prior","Set_5dose_methods_prior_SC2",2,"BOIN","approx2-r_fixed","approx2","r_fixed",NA,NA,0,0,0.0714,28,1,1,1,3,0.18,0.18,0.1095,NA,NA,0,27.5452,8.4806,8.4806,0,29.986,29.986,0.0517,437.8742,1935,1935,"0.15,0.2,0.3,0.35,0.45",0,1.4142,0.15,0.85,NA,NA,NA,NA,NA,NA,NA,NA,NA,NA,NA,NA,NA,NA,NA,NA,NA,NA,NA,NA,NA,NA,NA,NA
"Set_5dose_methods_prior","Set_5dose_methods_prior_SC2",2,"BOIN","approx2-r_fixed","approx2","r_fixed",NA,NA,0,0,0.0714,28,1,1,1,4,0.3,0.3,0.2382,NA,NA,0,44.0827,7.9783,7.9783,0,29.986,29.986,0.0517,437.8742,1935,1935,"0.15,0.2,0.3,0.35,0.45",0,1.4142,0.15,0.85,NA,NA,NA,NA,NA,NA,NA,NA,NA,NA,NA,NA,NA,NA,NA,NA,NA,NA,NA,NA,NA,NA,NA,NA
"Set_5dose_methods_prior","Set_5dose_methods_prior_SC2",2,"BOIN","approx2-r_fixed","approx2","r_fixed",NA,NA,0,0,0.0714,28,1,1,1,5,0.4,0.4,0.3831,NA,NA,0,23.7726,4.4465,4.4465,0,29.986,29.986,0.0517,437.8742,1935,1935,"0.15,0.2,0.3,0.35,0.45",0,1.4142,0.15,0.85,NA,NA,NA,NA,NA,NA,NA,NA,NA,NA,NA,NA,NA,NA,NA,NA,NA,NA,NA,NA,NA,NA,NA,NA
"Set_5dose_methods_prior","Set_5dose_methods_prior_SC2",2,"BOIN","approx1-r_fixed","approx1","r_fixed",NA,NA,0,0,0.0714,28,2,1,1,1,0.05,0.05,0.0061,NA,NA,0,0.2584,3.7442,3.7442,0,29.986,20.7034,0.0517,341.9315,1935,1935,"0.15,0.2,0.3,0.35,0.45",0,1.4142,0.15,0.85,NA,NA,NA,NA,NA,NA,NA,NA,NA,NA,NA,NA,NA,NA,NA,NA,NA,NA,NA,NA,NA,NA,NA,NA
"Set_5dose_methods_prior","Set_5dose_methods_prior_SC2",2,"BOIN","approx1-r_fixed","approx1","r_fixed",NA,NA,0,0,0.0714,28,2,1,1,2,0.1,0.1,0.0322,NA,NA,0,4.2894,5.3364,5.3364,3.2517,29.986,20.7034,0.0517,341.9315,1935,1935,"0.15,0.2,0.3,0.35,0.45",0,1.4142,0.15,0.85,NA,NA,NA,NA,NA,NA,NA,NA,NA,NA,NA,NA,NA,NA,NA,NA,NA,NA,NA,NA,NA,NA,NA,NA
"Set_5dose_methods_prior","Set_5dose_methods_prior_SC2",2,"BOIN","approx1-r_fixed","approx1","r_fixed",NA,NA,0,0,0.0714,28,2,1,1,3,0.18,0.18,0.1095,NA,NA,0,27.5452,8.4806,8.4806,1.2806,29.986,20.7034,0.0517,341.9315,1935,1935,"0.15,0.2,0.3,0.35,0.45",0,1.4142,0.15,0.85,NA,NA,NA,NA,NA,NA,NA,NA,NA,NA,NA,NA,NA,NA,NA,NA,NA,NA,NA,NA,NA,NA,NA,NA
"Set_5dose_methods_prior","Set_5dose_methods_prior_SC2",2,"BOIN","approx1-r_fixed","approx1","r_fixed",NA,NA,0,0,0.0714,28,2,1,1,4,0.3,0.3,0.2382,NA,NA,0,44.0827,7.9783,7.9783,3.5261,29.986,20.7034,0.0517,341.9315,1935,1935,"0.15,0.2,0.3,0.35,0.45",0,1.4142,0.15,0.85,NA,NA,NA,NA,NA,NA,NA,NA,NA,NA,NA,NA,NA,NA,NA,NA,NA,NA,NA,NA,NA,NA,NA,NA
"Set_5dose_methods_prior","Set_5dose_methods_prior_SC2",2,"BOIN","approx1-r_fixed","approx1","r_fixed",NA,NA,0,0,0.0714,28,2,1,1,5,0.4,0.4,0.3831,NA,NA,0,23.7726,4.4465,4.4465,1.2243,29.986,20.7034,0.0517,341.9315,1935,1935,"0.15,0.2,0.3,0.35,0.45",0,1.4142,0.15,0.85,NA,NA,NA,NA,NA,NA,NA,NA,NA,NA,NA,NA,NA,NA,NA,NA,NA,NA,NA,NA,NA,NA,NA,NA
"Set_5dose_methods_prior","Set_5dose_methods_prior_SC2",2,"BOIN","approx2-r_fixed","approx2","r_fixed",NA,NA,0,0,0.0714,28,2,1,1,1,0.05,0.05,0.0061,NA,NA,0,0.2584,3.7442,3.7442,0,29.986,20.7034,0.0517,341.9315,1935,1935,"0.15,0.2,0.3,0.35,0.45",0,1.4142,0.15,0.85,NA,NA,NA,NA,NA,NA,NA,NA,NA,NA,NA,NA,NA,NA,NA,NA,NA,NA,NA,NA,NA,NA,NA,NA
"Set_5dose_methods_prior","Set_5dose_methods_prior_SC2",2,"BOIN","approx2-r_fixed","approx2","r_fixed",NA,NA,0,0,0.0714,28,2,1,1,2,0.1,0.1,0.0322,NA,NA,0,4.2894,5.3364,5.3364,3.2517,29.986,20.7034,0.0517,341.9315,1935,1935,"0.15,0.2,0.3,0.35,0.45",0,1.4142,0.15,0.85,NA,NA,NA,NA,NA,NA,NA,NA,NA,NA,NA,NA,NA,NA,NA,NA,NA,NA,NA,NA,NA,NA,NA,NA
"Set_5dose_methods_prior","Set_5dose_methods_prior_SC2",2,"BOIN","approx2-r_fixed","approx2","r_fixed",NA,NA,0,0,0.0714,28,2,1,1,3,0.18,0.18,0.1095,NA,NA,0,27.5452,8.4806,8.4806,1.2806,29.986,20.7034,0.0517,341.9315,1935,1935,"0.15,0.2,0.3,0.35,0.45",0,1.4142,0.15,0.85,NA,NA,NA,NA,NA,NA,NA,NA,NA,NA,NA,NA,NA,NA,NA,NA,NA,NA,NA,NA,NA,NA,NA,NA
"Set_5dose_methods_prior","Set_5dose_methods_prior_SC2",2,"BOIN","approx2-r_fixed","approx2","r_fixed",NA,NA,0,0,0.0714,28,2,1,1,4,0.3,0.3,0.2382,NA,NA,0,44.0827,7.9783,7.9783,3.5261,29.986,20.7034,0.0517,341.9315,1935,1935,"0.15,0.2,0.3,0.35,0.45",0,1.4142,0.15,0.85,NA,NA,NA,NA,NA,NA,NA,NA,NA,NA,NA,NA,NA,NA,NA,NA,NA,NA,NA,NA,NA,NA,NA,NA
"Set_5dose_methods_prior","Set_5dose_methods_prior_SC2",2,"BOIN","approx2-r_fixed","approx2","r_fixed",NA,NA,0,0,0.0714,28,2,1,1,5,0.4,0.4,0.3831,NA,NA,0,23.7726,4.4465,4.4465,1.2243,29.986,20.7034,0.0517,341.9315,1935,1935,"0.15,0.2,0.3,0.35,0.45",0,1.4142,0.15,0.85,NA,NA,NA,NA,NA,NA,NA,NA,NA,NA,NA,NA,NA,NA,NA,NA,NA,NA,NA,NA,NA,NA,NA,NA
"Set_5dose_methods_prior","Set_5dose_methods_prior_SC2",2,"BOIN","approx1-r_fixed","approx1","r_fixed",NA,NA,0,0,0.0714,28,3,1,1,1,0.05,0.05,0.0061,NA,NA,0,0.2584,3.7442,3.7442,0,29.986,18.5607,0.0517,328.3832,1935,1935,"0.15,0.2,0.3,0.35,0.45",0,1.4142,0.15,0.85,NA,NA,NA,NA,NA,NA,NA,NA,NA,NA,NA,NA,NA,NA,NA,NA,NA,NA,NA,NA,NA,NA,NA,NA
"Set_5dose_methods_prior","Set_5dose_methods_prior_SC2",2,"BOIN","approx1-r_fixed","approx1","r_fixed",NA,NA,0,0,0.0714,28,3,1,1,2,0.1,0.1,0.0322,NA,NA,0,4.2894,5.3364,5.3364,3.2517,29.986,18.5607,0.0517,328.3832,1935,1935,"0.15,0.2,0.3,0.35,0.45",0,1.4142,0.15,0.85,NA,NA,NA,NA,NA,NA,NA,NA,NA,NA,NA,NA,NA,NA,NA,NA,NA,NA,NA,NA,NA,NA,NA,NA
"Set_5dose_methods_prior","Set_5dose_methods_prior_SC2",2,"BOIN","approx1-r_fixed","approx1","r_fixed",NA,NA,0,0,0.0714,28,3,1,1,3,0.18,0.18,0.1095,NA,NA,0,27.5452,8.4806,8.4806,3.846,29.986,18.5607,0.0517,328.3832,1935,1935,"0.15,0.2,0.3,0.35,0.45",0,1.4142,0.15,0.85,NA,NA,NA,NA,NA,NA,NA,NA,NA,NA,NA,NA,NA,NA,NA,NA,NA,NA,NA,NA,NA,NA,NA,NA
"Set_5dose_methods_prior","Set_5dose_methods_prior_SC2",2,"BOIN","approx1-r_fixed","approx1","r_fixed",NA,NA,0,0,0.0714,28,3,1,1,4,0.3,0.3,0.2382,NA,NA,0,44.0827,7.9783,7.9783,2.1783,29.986,18.5607,0.0517,328.3832,1935,1935,"0.15,0.2,0.3,0.35,0.45",0,1.4142,0.15,0.85,NA,NA,NA,NA,NA,NA,NA,NA,NA,NA,NA,NA,NA,NA,NA,NA,NA,NA,NA,NA,NA,NA,NA,NA
"Set_5dose_methods_prior","Set_5dose_methods_prior_SC2",2,"BOIN","approx1-r_fixed","approx1","r_fixed",NA,NA,0,0,0.0714,28,3,1,1,5,0.4,0.4,0.3831,NA,NA,0,23.7726,4.4465,4.4465,2.1494,29.986,18.5607,0.0517,328.3832,1935,1935,"0.15,0.2,0.3,0.35,0.45",0,1.4142,0.15,0.85,NA,NA,NA,NA,NA,NA,NA,NA,NA,NA,NA,NA,NA,NA,NA,NA,NA,NA,NA,NA,NA,NA,NA,NA
"Set_5dose_methods_prior","Set_5dose_methods_prior_SC2",2,"BOIN","approx2-r_fixed","approx2","r_fixed",NA,NA,0,0,0.0714,28,3,1,1,1,0.05,0.05,0.0061,NA,NA,0,0.2584,3.7442,3.7442,0,29.986,18.5607,0.0517,328.3832,1935,1935,"0.15,0.2,0.3,0.35,0.45",0,1.4142,0.15,0.85,NA,NA,NA,NA,NA,NA,NA,NA,NA,NA,NA,NA,NA,NA,NA,NA,NA,NA,NA,NA,NA,NA,NA,NA
"Set_5dose_methods_prior","Set_5dose_methods_prior_SC2",2,"BOIN","approx2-r_fixed","approx2","r_fixed",NA,NA,0,0,0.0714,28,3,1,1,2,0.1,0.1,0.0322,NA,NA,0,4.2894,5.3364,5.3364,3.2517,29.986,18.5607,0.0517,328.3832,1935,1935,"0.15,0.2,0.3,0.35,0.45",0,1.4142,0.15,0.85,NA,NA,NA,NA,NA,NA,NA,NA,NA,NA,NA,NA,NA,NA,NA,NA,NA,NA,NA,NA,NA,NA,NA,NA
"Set_5dose_methods_prior","Set_5dose_methods_prior_SC2",2,"BOIN","approx2-r_fixed","approx2","r_fixed",NA,NA,0,0,0.0714,28,3,1,1,3,0.18,0.18,0.1095,NA,NA,0,27.5452,8.4806,8.4806,3.846,29.986,18.5607,0.0517,328.3832,1935,1935,"0.15,0.2,0.3,0.35,0.45",0,1.4142,0.15,0.85,NA,NA,NA,NA,NA,NA,NA,NA,NA,NA,NA,NA,NA,NA,NA,NA,NA,NA,NA,NA,NA,NA,NA,NA
"Set_5dose_methods_prior","Set_5dose_methods_prior_SC2",2,"BOIN","approx2-r_fixed","approx2","r_fixed",NA,NA,0,0,0.0714,28,3,1,1,4,0.3,0.3,0.2382,NA,NA,0,44.0827,7.9783,7.9783,2.1783,29.986,18.5607,0.0517,328.3832,1935,1935,"0.15,0.2,0.3,0.35,0.45",0,1.4142,0.15,0.85,NA,NA,NA,NA,NA,NA,NA,NA,NA,NA,NA,NA,NA,NA,NA,NA,NA,NA,NA,NA,NA,NA,NA,NA
"Set_5dose_methods_prior","Set_5dose_methods_prior_SC2",2,"BOIN","approx2-r_fixed","approx2","r_fixed",NA,NA,0,0,0.0714,28,3,1,1,5,0.4,0.4,0.3831,NA,NA,0,23.7726,4.4465,4.4465,2.1494,29.986,18.5607,0.0517,328.3832,1935,1935,"0.15,0.2,0.3,0.35,0.45",0,1.4142,0.15,0.85,NA,NA,NA,NA,NA,NA,NA,NA,NA,NA,NA,NA,NA,NA,NA,NA,NA,NA,NA,NA,NA,NA,NA,NA
"Set_5dose_methods_prior","Set_5dose_methods_prior_SC2",2,"BOIN","approx1-r_fixed","approx1","r_fixed",NA,NA,0.3,0,0.0714,28,1,1,1,1,0.05,0.05,0.0061,NA,NA,0,0.2584,3.7442,3.7442,0,29.986,29.986,0.0517,437.8742,1935,1935,"0.15,0.2,0.3,0.35,0.45",0,1.4142,0.15,0.85,NA,NA,NA,NA,NA,NA,NA,NA,NA,NA,NA,NA,NA,NA,NA,NA,NA,NA,NA,NA,NA,NA,NA,NA
"Set_5dose_methods_prior","Set_5dose_methods_prior_SC2",2,"BOIN","approx1-r_fixed","approx1","r_fixed",NA,NA,0.3,0,0.0714,28,1,1,1,2,0.1,0.115,0.0322,NA,NA,0,4.2894,5.3364,5.3364,0,29.986,29.986,0.0517,437.8742,1935,1935,"0.15,0.2,0.3,0.35,0.45",0,1.4142,0.15,0.85,NA,NA,NA,NA,NA,NA,NA,NA,NA,NA,NA,NA,NA,NA,NA,NA,NA,NA,NA,NA,NA,NA,NA,NA
"Set_5dose_methods_prior","Set_5dose_methods_prior_SC2",2,"BOIN","approx1-r_fixed","approx1","r_fixed",NA,NA,0.3,0,0.0714,28,1,1,1,3,0.18,0.21,0.1095,NA,NA,0,27.5452,8.4806,8.4806,0,29.986,29.986,0.0517,437.8742,1935,1935,"0.15,0.2,0.3,0.35,0.45",0,1.4142,0.15,0.85,NA,NA,NA,NA,NA,NA,NA,NA,NA,NA,NA,NA,NA,NA,NA,NA,NA,NA,NA,NA,NA,NA,NA,NA
"Set_5dose_methods_prior","Set_5dose_methods_prior_SC2",2,"BOIN","approx1-r_fixed","approx1","r_fixed",NA,NA,0.3,0,0.0714,28,1,1,1,4,0.3,0.354,0.2382,NA,NA,0,44.0827,7.9783,7.9783,0,29.986,29.986,0.0517,437.8742,1935,1935,"0.15,0.2,0.3,0.35,0.45",0,1.4142,0.15,0.85,NA,NA,NA,NA,NA,NA,NA,NA,NA,NA,NA,NA,NA,NA,NA,NA,NA,NA,NA,NA,NA,NA,NA,NA
"Set_5dose_methods_prior","Set_5dose_methods_prior_SC2",2,"BOIN","approx1-r_fixed","approx1","r_fixed",NA,NA,0.3,0,0.0714,28,1,1,1,5,0.4,0.49,0.3831,NA,NA,0,23.7726,4.4465,4.4465,0,29.986,29.986,0.0517,437.8742,1935,1935,"0.15,0.2,0.3,0.35,0.45",0,1.4142,0.15,0.85,NA,NA,NA,NA,NA,NA,NA,NA,NA,NA,NA,NA,NA,NA,NA,NA,NA,NA,NA,NA,NA,NA,NA,NA
"Set_5dose_methods_prior","Set_5dose_methods_prior_SC2",2,"BOIN","approx2-r_fixed","approx2","r_fixed",NA,NA,0.3,0,0.0714,28,1,1,1,1,0.05,0.05,0.0061,NA,NA,0,0.2584,3.7442,3.7442,0,29.986,29.986,0.0517,437.8742,1935,1935,"0.15,0.2,0.3,0.35,0.45",0,1.4142,0.15,0.85,NA,NA,NA,NA,NA,NA,NA,NA,NA,NA,NA,NA,NA,NA,NA,NA,NA,NA,NA,NA,NA,NA,NA,NA
"Set_5dose_methods_prior","Set_5dose_methods_prior_SC2",2,"BOIN","approx2-r_fixed","approx2","r_fixed",NA,NA,0.3,0,0.0714,28,1,1,1,2,0.1,0.115,0.0322,NA,NA,0,4.2894,5.3364,5.3364,0,29.986,29.986,0.0517,437.8742,1935,1935,"0.15,0.2,0.3,0.35,0.45",0,1.4142,0.15,0.85,NA,NA,NA,NA,NA,NA,NA,NA,NA,NA,NA,NA,NA,NA,NA,NA,NA,NA,NA,NA,NA,NA,NA,NA
"Set_5dose_methods_prior","Set_5dose_methods_prior_SC2",2,"BOIN","approx2-r_fixed","approx2","r_fixed",NA,NA,0.3,0,0.0714,28,1,1,1,3,0.18,0.21,0.1095,NA,NA,0,27.5452,8.4806,8.4806,0,29.986,29.986,0.0517,437.8742,1935,1935,"0.15,0.2,0.3,0.35,0.45",0,1.4142,0.15,0.85,NA,NA,NA,NA,NA,NA,NA,NA,NA,NA,NA,NA,NA,NA,NA,NA,NA,NA,NA,NA,NA,NA,NA,NA
"Set_5dose_methods_prior","Set_5dose_methods_prior_SC2",2,"BOIN","approx2-r_fixed","approx2","r_fixed",NA,NA,0.3,0,0.0714,28,1,1,1,4,0.3,0.354,0.2382,NA,NA,0,44.0827,7.9783,7.9783,0,29.986,29.986,0.0517,437.8742,1935,1935,"0.15,0.2,0.3,0.35,0.45",0,1.4142,0.15,0.85,NA,NA,NA,NA,NA,NA,NA,NA,NA,NA,NA,NA,NA,NA,NA,NA,NA,NA,NA,NA,NA,NA,NA,NA
"Set_5dose_methods_prior","Set_5dose_methods_prior_SC2",2,"BOIN","approx2-r_fixed","approx2","r_fixed",NA,NA,0.3,0,0.0714,28,1,1,1,5,0.4,0.49,0.3831,NA,NA,0,23.7726,4.4465,4.4465,0,29.986,29.986,0.0517,437.8742,1935,1935,"0.15,0.2,0.3,0.35,0.45",0,1.4142,0.15,0.85,NA,NA,NA,NA,NA,NA,NA,NA,NA,NA,NA,NA,NA,NA,NA,NA,NA,NA,NA,NA,NA,NA,NA,NA
"Set_5dose_methods_prior","Set_5dose_methods_prior_SC2",2,"BOIN","approx1-r_fixed","approx1","r_fixed",NA,NA,0.3,0,0.0714,28,2,1,1,1,0.05,0.05,0.0074,NA,NA,0,0.5685,3.8713,3.8713,0,29.986,20.584,0.0517,341.1129,1935,1935,"0.15,0.2,0.3,0.35,0.45",0,1.4142,0.15,0.85,NA,NA,NA,NA,NA,NA,NA,NA,NA,NA,NA,NA,NA,NA,NA,NA,NA,NA,NA,NA,NA,NA,NA,NA
"Set_5dose_methods_prior","Set_5dose_methods_prior_SC2",2,"BOIN","approx1-r_fixed","approx1","r_fixed",NA,NA,0.3,0,0.0714,28,2,1,1,2,0.1,0.115,0.0392,NA,NA,0,5.7364,5.6651,5.6651,3.3189,29.986,20.584,0.0517,341.1129,1935,1935,"0.15,0.2,0.3,0.35,0.45",0,1.4142,0.15,0.85,NA,NA,NA,NA,NA,NA,NA,NA,NA,NA,NA,NA,NA,NA,NA,NA,NA,NA,NA,NA,NA,NA,NA,NA
"Set_5dose_methods_prior","Set_5dose_methods_prior_SC2",2,"BOIN","approx1-r_fixed","approx1","r_fixed",NA,NA,0.3,0,0.0714,28,2,1,1,3,0.18,0.21,0.1218,NA,NA,0,33.9535,9.1008,9.1008,1.4351,29.986,20.584,0.0517,341.1129,1935,1935,"0.15,0.2,0.3,0.35,0.45",0,1.4142,0.15,0.85,NA,NA,NA,NA,NA,NA,NA,NA,NA,NA,NA,NA,NA,NA,NA,NA,NA,NA,NA,NA,NA,NA,NA,NA
"Set_5dose_methods_prior","Set_5dose_methods_prior_SC2",2,"BOIN","approx1-r_fixed","approx1","r_fixed",NA,NA,0.3,0,0.0714,28,2,1,1,4,0.3,0.354,0.2592,NA,NA,0,43.0491,7.8977,7.8977,3.5654,29.986,20.584,0.0517,341.1129,1935,1935,"0.15,0.2,0.3,0.35,0.45",0,1.4142,0.15,0.85,NA,NA,NA,NA,NA,NA,NA,NA,NA,NA,NA,NA,NA,NA,NA,NA,NA,NA,NA,NA,NA,NA,NA,NA
"Set_5dose_methods_prior","Set_5dose_methods_prior_SC2",2,"BOIN","approx1-r_fixed","approx1","r_fixed",NA,NA,0.3,0,0.0714,28,2,1,1,5,0.4,0.49,0.4035,NA,NA,0,16.6408,3.4512,3.4512,1.0827,29.986,20.584,0.0517,341.1129,1935,1935,"0.15,0.2,0.3,0.35,0.45",0,1.4142,0.15,0.85,NA,NA,NA,NA,NA,NA,NA,NA,NA,NA,NA,NA,NA,NA,NA,NA,NA,NA,NA,NA,NA,NA,NA,NA
"Set_5dose_methods_prior","Set_5dose_methods_prior_SC2",2,"BOIN","approx2-r_fixed","approx2","r_fixed",NA,NA,0.3,0,0.0714,28,2,1,1,1,0.05,0.05,0.0074,NA,NA,0,0.5685,3.8713,3.8713,0,29.986,20.584,0.0517,341.1129,1935,1935,"0.15,0.2,0.3,0.35,0.45",0,1.4142,0.15,0.85,NA,NA,NA,NA,NA,NA,NA,NA,NA,NA,NA,NA,NA,NA,NA,NA,NA,NA,NA,NA,NA,NA,NA,NA
"Set_5dose_methods_prior","Set_5dose_methods_prior_SC2",2,"BOIN","approx2-r_fixed","approx2","r_fixed",NA,NA,0.3,0,0.0714,28,2,1,1,2,0.1,0.115,0.0392,NA,NA,0,5.7364,5.6651,5.6651,3.3189,29.986,20.584,0.0517,341.1129,1935,1935,"0.15,0.2,0.3,0.35,0.45",0,1.4142,0.15,0.85,NA,NA,NA,NA,NA,NA,NA,NA,NA,NA,NA,NA,NA,NA,NA,NA,NA,NA,NA,NA,NA,NA,NA,NA
"Set_5dose_methods_prior","Set_5dose_methods_prior_SC2",2,"BOIN","approx2-r_fixed","approx2","r_fixed",NA,NA,0.3,0,0.0714,28,2,1,1,3,0.18,0.21,0.1218,NA,NA,0,33.9535,9.1008,9.1008,1.4351,29.986,20.584,0.0517,341.1129,1935,1935,"0.15,0.2,0.3,0.35,0.45",0,1.4142,0.15,0.85,NA,NA,NA,NA,NA,NA,NA,NA,NA,NA,NA,NA,NA,NA,NA,NA,NA,NA,NA,NA,NA,NA,NA,NA
"Set_5dose_methods_prior","Set_5dose_methods_prior_SC2",2,"BOIN","approx2-r_fixed","approx2","r_fixed",NA,NA,0.3,0,0.0714,28,2,1,1,4,0.3,0.354,0.2592,NA,NA,0,43.0491,7.8977,7.8977,3.5654,29.986,20.584,0.0517,341.1129,1935,1935,"0.15,0.2,0.3,0.35,0.45",0,1.4142,0.15,0.85,NA,NA,NA,NA,NA,NA,NA,NA,NA,NA,NA,NA,NA,NA,NA,NA,NA,NA,NA,NA,NA,NA,NA,NA
"Set_5dose_methods_prior","Set_5dose_methods_prior_SC2",2,"BOIN","approx2-r_fixed","approx2","r_fixed",NA,NA,0.3,0,0.0714,28,2,1,1,5,0.4,0.49,0.4035,NA,NA,0,16.6408,3.4512,3.4512,1.0827,29.986,20.584,0.0517,341.1129,1935,1935,"0.15,0.2,0.3,0.35,0.45",0,1.4142,0.15,0.85,NA,NA,NA,NA,NA,NA,NA,NA,NA,NA,NA,NA,NA,NA,NA,NA,NA,NA,NA,NA,NA,NA,NA,NA
"Set_5dose_methods_prior","Set_5dose_methods_prior_SC2",2,"BOIN","approx1-r_fixed","approx1","r_fixed",NA,NA,0.3,0,0.0714,28,3,1,1,1,0.05,0.05,0.0079,NA,NA,0,0.5685,3.8713,3.8713,0,29.986,18.5013,0.0517,328.5486,1935,1935,"0.15,0.2,0.3,0.35,0.45",0,1.4142,0.15,0.85,NA,NA,NA,NA,NA,NA,NA,NA,NA,NA,NA,NA,NA,NA,NA,NA,NA,NA,NA,NA,NA,NA,NA,NA
"Set_5dose_methods_prior","Set_5dose_methods_prior_SC2",2,"BOIN","approx1-r_fixed","approx1","r_fixed",NA,NA,0.3,0,0.0714,28,3,1,1,2,0.1,0.115,0.042,NA,NA,0,6.77,5.9225,5.9225,3.3276,29.986,18.5013,0.0517,328.5486,1935,1935,"0.15,0.2,0.3,0.35,0.45",0,1.4142,0.15,0.85,NA,NA,NA,NA,NA,NA,NA,NA,NA,NA,NA,NA,NA,NA,NA,NA,NA,NA,NA,NA,NA,NA,NA,NA
"Set_5dose_methods_prior","Set_5dose_methods_prior_SC2",2,"BOIN","approx1-r_fixed","approx1","r_fixed",NA,NA,0.3,0,0.0714,28,3,1,1,3,0.18,0.21,0.1261,NA,NA,0,32.7649,8.9535,8.9535,4.0444,29.986,18.5013,0.0517,328.5486,1935,1935,"0.15,0.2,0.3,0.35,0.45",0,1.4142,0.15,0.85,NA,NA,NA,NA,NA,NA,NA,NA,NA,NA,NA,NA,NA,NA,NA,NA,NA,NA,NA,NA,NA,NA,NA,NA
"Set_5dose_methods_prior","Set_5dose_methods_prior_SC2",2,"BOIN","approx1-r_fixed","approx1","r_fixed",NA,NA,0.3,0,0.0714,28,3,1,1,4,0.3,0.354,0.2609,NA,NA,0,44.031,7.7798,7.7798,2.2455,29.986,18.5013,0.0517,328.5486,1935,1935,"0.15,0.2,0.3,0.35,0.45",0,1.4142,0.15,0.85,NA,NA,NA,NA,NA,NA,NA,NA,NA,NA,NA,NA,NA,NA,NA,NA,NA,NA,NA,NA,NA,NA,NA,NA
"Set_5dose_methods_prior","Set_5dose_methods_prior_SC2",2,"BOIN","approx1-r_fixed","approx1","r_fixed",NA,NA,0.3,0,0.0714,28,3,1,1,5,0.4,0.49,0.4113,NA,NA,0,15.814,3.4589,3.4589,1.8672,29.986,18.5013,0.0517,328.5486,1935,1935,"0.15,0.2,0.3,0.35,0.45",0,1.4142,0.15,0.85,NA,NA,NA,NA,NA,NA,NA,NA,NA,NA,NA,NA,NA,NA,NA,NA,NA,NA,NA,NA,NA,NA,NA,NA
"Set_5dose_methods_prior","Set_5dose_methods_prior_SC2",2,"BOIN","approx2-r_fixed","approx2","r_fixed",NA,NA,0.3,0,0.0714,28,3,1,1,1,0.05,0.05,0.0079,NA,NA,0,0.5685,3.8713,3.8713,0,29.986,18.5013,0.0517,328.5486,1935,1935,"0.15,0.2,0.3,0.35,0.45",0,1.4142,0.15,0.85,NA,NA,NA,NA,NA,NA,NA,NA,NA,NA,NA,NA,NA,NA,NA,NA,NA,NA,NA,NA,NA,NA,NA,NA
"Set_5dose_methods_prior","Set_5dose_methods_prior_SC2",2,"BOIN","approx2-r_fixed","approx2","r_fixed",NA,NA,0.3,0,0.0714,28,3,1,1,2,0.1,0.115,0.042,NA,NA,0,6.77,5.9225,5.9225,3.3276,29.986,18.5013,0.0517,328.5486,1935,1935,"0.15,0.2,0.3,0.35,0.45",0,1.4142,0.15,0.85,NA,NA,NA,NA,NA,NA,NA,NA,NA,NA,NA,NA,NA,NA,NA,NA,NA,NA,NA,NA,NA,NA,NA,NA
"Set_5dose_methods_prior","Set_5dose_methods_prior_SC2",2,"BOIN","approx2-r_fixed","approx2","r_fixed",NA,NA,0.3,0,0.0714,28,3,1,1,3,0.18,0.21,0.1261,NA,NA,0,32.7649,8.9535,8.9535,4.0444,29.986,18.5013,0.0517,328.5486,1935,1935,"0.15,0.2,0.3,0.35,0.45",0,1.4142,0.15,0.85,NA,NA,NA,NA,NA,NA,NA,NA,NA,NA,NA,NA,NA,NA,NA,NA,NA,NA,NA,NA,NA,NA,NA,NA
"Set_5dose_methods_prior","Set_5dose_methods_prior_SC2",2,"BOIN","approx2-r_fixed","approx2","r_fixed",NA,NA,0.3,0,0.0714,28,3,1,1,4,0.3,0.354,0.2609,NA,NA,0,44.031,7.7798,7.7798,2.2455,29.986,18.5013,0.0517,328.5486,1935,1935,"0.15,0.2,0.3,0.35,0.45",0,1.4142,0.15,0.85,NA,NA,NA,NA,NA,NA,NA,NA,NA,NA,NA,NA,NA,NA,NA,NA,NA,NA,NA,NA,NA,NA,NA,NA
"Set_5dose_methods_prior","Set_5dose_methods_prior_SC2",2,"BOIN","approx2-r_fixed","approx2","r_fixed",NA,NA,0.3,0,0.0714,28,3,1,1,5,0.4,0.49,0.4113,NA,NA,0,15.814,3.4589,3.4589,1.8672,29.986,18.5013,0.0517,328.5486,1935,1935,"0.15,0.2,0.3,0.35,0.45",0,1.4142,0.15,0.85,NA,NA,NA,NA,NA,NA,NA,NA,NA,NA,NA,NA,NA,NA,NA,NA,NA,NA,NA,NA,NA,NA,NA,NA
"Set_5dose_methods_prior","Set_5dose_methods_prior_SC2",2,"BOIN","approx1-r_fixed","approx1","r_fixed",NA,NA,0.6,0,0.0714,28,1,1,1,1,0.05,0.05,0.0061,NA,NA,0,0.2584,3.7442,3.7442,0,29.986,29.986,0.0517,437.8742,1935,1935,"0.15,0.2,0.3,0.35,0.45",0,1.4142,0.15,0.85,NA,NA,NA,NA,NA,NA,NA,NA,NA,NA,NA,NA,NA,NA,NA,NA,NA,NA,NA,NA,NA,NA,NA,NA
"Set_5dose_methods_prior","Set_5dose_methods_prior_SC2",2,"BOIN","approx1-r_fixed","approx1","r_fixed",NA,NA,0.6,0,0.0714,28,1,1,1,2,0.1,0.13,0.0322,NA,NA,0,4.2894,5.3364,5.3364,0,29.986,29.986,0.0517,437.8742,1935,1935,"0.15,0.2,0.3,0.35,0.45",0,1.4142,0.15,0.85,NA,NA,NA,NA,NA,NA,NA,NA,NA,NA,NA,NA,NA,NA,NA,NA,NA,NA,NA,NA,NA,NA,NA,NA
"Set_5dose_methods_prior","Set_5dose_methods_prior_SC2",2,"BOIN","approx1-r_fixed","approx1","r_fixed",NA,NA,0.6,0,0.0714,28,1,1,1,3,0.18,0.24,0.1095,NA,NA,0,27.5452,8.4806,8.4806,0,29.986,29.986,0.0517,437.8742,1935,1935,"0.15,0.2,0.3,0.35,0.45",0,1.4142,0.15,0.85,NA,NA,NA,NA,NA,NA,NA,NA,NA,NA,NA,NA,NA,NA,NA,NA,NA,NA,NA,NA,NA,NA,NA,NA
"Set_5dose_methods_prior","Set_5dose_methods_prior_SC2",2,"BOIN","approx1-r_fixed","approx1","r_fixed",NA,NA,0.6,0,0.0714,28,1,1,1,4,0.3,0.408,0.2382,NA,NA,0,44.0827,7.9783,7.9783,0,29.986,29.986,0.0517,437.8742,1935,1935,"0.15,0.2,0.3,0.35,0.45",0,1.4142,0.15,0.85,NA,NA,NA,NA,NA,NA,NA,NA,NA,NA,NA,NA,NA,NA,NA,NA,NA,NA,NA,NA,NA,NA,NA,NA
"Set_5dose_methods_prior","Set_5dose_methods_prior_SC2",2,"BOIN","approx1-r_fixed","approx1","r_fixed",NA,NA,0.6,0,0.0714,28,1,1,1,5,0.4,0.58,0.3831,NA,NA,0,23.7726,4.4465,4.4465,0,29.986,29.986,0.0517,437.8742,1935,1935,"0.15,0.2,0.3,0.35,0.45",0,1.4142,0.15,0.85,NA,NA,NA,NA,NA,NA,NA,NA,NA,NA,NA,NA,NA,NA,NA,NA,NA,NA,NA,NA,NA,NA,NA,NA
"Set_5dose_methods_prior","Set_5dose_methods_prior_SC2",2,"BOIN","approx2-r_fixed","approx2","r_fixed",NA,NA,0.6,0,0.0714,28,1,1,1,1,0.05,0.05,0.0061,NA,NA,0,0.2584,3.7442,3.7442,0,29.986,29.986,0.0517,437.8742,1935,1935,"0.15,0.2,0.3,0.35,0.45",0,1.4142,0.15,0.85,NA,NA,NA,NA,NA,NA,NA,NA,NA,NA,NA,NA,NA,NA,NA,NA,NA,NA,NA,NA,NA,NA,NA,NA
"Set_5dose_methods_prior","Set_5dose_methods_prior_SC2",2,"BOIN","approx2-r_fixed","approx2","r_fixed",NA,NA,0.6,0,0.0714,28,1,1,1,2,0.1,0.13,0.0322,NA,NA,0,4.2894,5.3364,5.3364,0,29.986,29.986,0.0517,437.8742,1935,1935,"0.15,0.2,0.3,0.35,0.45",0,1.4142,0.15,0.85,NA,NA,NA,NA,NA,NA,NA,NA,NA,NA,NA,NA,NA,NA,NA,NA,NA,NA,NA,NA,NA,NA,NA,NA
"Set_5dose_methods_prior","Set_5dose_methods_prior_SC2",2,"BOIN","approx2-r_fixed","approx2","r_fixed",NA,NA,0.6,0,0.0714,28,1,1,1,3,0.18,0.24,0.1095,NA,NA,0,27.5452,8.4806,8.4806,0,29.986,29.986,0.0517,437.8742,1935,1935,"0.15,0.2,0.3,0.35,0.45",0,1.4142,0.15,0.85,NA,NA,NA,NA,NA,NA,NA,NA,NA,NA,NA,NA,NA,NA,NA,NA,NA,NA,NA,NA,NA,NA,NA,NA
"Set_5dose_methods_prior","Set_5dose_methods_prior_SC2",2,"BOIN","approx2-r_fixed","approx2","r_fixed",NA,NA,0.6,0,0.0714,28,1,1,1,4,0.3,0.408,0.2382,NA,NA,0,44.0827,7.9783,7.9783,0,29.986,29.986,0.0517,437.8742,1935,1935,"0.15,0.2,0.3,0.35,0.45",0,1.4142,0.15,0.85,NA,NA,NA,NA,NA,NA,NA,NA,NA,NA,NA,NA,NA,NA,NA,NA,NA,NA,NA,NA,NA,NA,NA,NA
"Set_5dose_methods_prior","Set_5dose_methods_prior_SC2",2,"BOIN","approx2-r_fixed","approx2","r_fixed",NA,NA,0.6,0,0.0714,28,1,1,1,5,0.4,0.58,0.3831,NA,NA,0,23.7726,4.4465,4.4465,0,29.986,29.986,0.0517,437.8742,1935,1935,"0.15,0.2,0.3,0.35,0.45",0,1.4142,0.15,0.85,NA,NA,NA,NA,NA,NA,NA,NA,NA,NA,NA,NA,NA,NA,NA,NA,NA,NA,NA,NA,NA,NA,NA,NA
"Set_5dose_methods_prior","Set_5dose_methods_prior_SC2",2,"BOIN","approx1-r_fixed","approx1","r_fixed",NA,NA,0.6,0,0.0714,28,2,1,1,1,0.05,0.05,0.0084,NA,NA,0,0.8269,3.9659,3.9659,0,29.986,20.5256,0.0517,340.8412,1935,1935,"0.15,0.2,0.3,0.35,0.45",0,1.4142,0.15,0.85,NA,NA,NA,NA,NA,NA,NA,NA,NA,NA,NA,NA,NA,NA,NA,NA,NA,NA,NA,NA,NA,NA,NA,NA
"Set_5dose_methods_prior","Set_5dose_methods_prior_SC2",2,"BOIN","approx1-r_fixed","approx1","r_fixed",NA,NA,0.6,0,0.0714,28,2,1,1,2,0.1,0.13,0.0459,NA,NA,0,7.2868,6.0636,6.0636,3.3767,29.986,20.5256,0.0517,340.8412,1935,1935,"0.15,0.2,0.3,0.35,0.45",0,1.4142,0.15,0.85,NA,NA,NA,NA,NA,NA,NA,NA,NA,NA,NA,NA,NA,NA,NA,NA,NA,NA,NA,NA,NA,NA,NA,NA
"Set_5dose_methods_prior","Set_5dose_methods_prior_SC2",2,"BOIN","approx1-r_fixed","approx1","r_fixed",NA,NA,0.6,0,0.0714,28,2,1,1,3,0.18,0.24,0.1338,NA,NA,0,40.6202,9.6992,9.6992,1.5804,29.986,20.5256,0.0517,340.8412,1935,1935,"0.15,0.2,0.3,0.35,0.45",0,1.4142,0.15,0.85,NA,NA,NA,NA,NA,NA,NA,NA,NA,NA,NA,NA,NA,NA,NA,NA,NA,NA,NA,NA,NA,NA,NA,NA
"Set_5dose_methods_prior","Set_5dose_methods_prior_SC2",2,"BOIN","approx1-r_fixed","approx1","r_fixed",NA,NA,0.6,0,0.0714,28,2,1,1,4,0.3,0.408,0.2787,NA,NA,0,39.7933,7.538,7.538,3.5406,29.986,20.5256,0.0517,340.8412,1935,1935,"0.15,0.2,0.3,0.35,0.45",0,1.4142,0.15,0.85,NA,NA,NA,NA,NA,NA,NA,NA,NA,NA,NA,NA,NA,NA,NA,NA,NA,NA,NA,NA,NA,NA,NA,NA
"Set_5dose_methods_prior","Set_5dose_methods_prior_SC2",2,"BOIN","approx1-r_fixed","approx1","r_fixed",NA,NA,0.6,0,0.0714,28,2,1,1,5,0.4,0.58,0.4293,NA,NA,0,11.4212,2.7194,2.7194,0.9628,29.986,20.5256,0.0517,340.8412,1935,1935,"0.15,0.2,0.3,0.35,0.45",0,1.4142,0.15,0.85,NA,NA,NA,NA,NA,NA,NA,NA,NA,NA,NA,NA,NA,NA,NA,NA,NA,NA,NA,NA,NA,NA,NA,NA
"Set_5dose_methods_prior","Set_5dose_methods_prior_SC2",2,"BOIN","approx2-r_fixed","approx2","r_fixed",NA,NA,0.6,0,0.0714,28,2,1,1,1,0.05,0.05,0.0084,NA,NA,0,0.8269,3.9659,3.9659,0,29.986,20.5256,0.0517,340.8412,1935,1935,"0.15,0.2,0.3,0.35,0.45",0,1.4142,0.15,0.85,NA,NA,NA,NA,NA,NA,NA,NA,NA,NA,NA,NA,NA,NA,NA,NA,NA,NA,NA,NA,NA,NA,NA,NA
"Set_5dose_methods_prior","Set_5dose_methods_prior_SC2",2,"BOIN","approx2-r_fixed","approx2","r_fixed",NA,NA,0.6,0,0.0714,28,2,1,1,2,0.1,0.13,0.0459,NA,NA,0,7.2868,6.0636,6.0636,3.3767,29.986,20.5256,0.0517,340.8412,1935,1935,"0.15,0.2,0.3,0.35,0.45",0,1.4142,0.15,0.85,NA,NA,NA,NA,NA,NA,NA,NA,NA,NA,NA,NA,NA,NA,NA,NA,NA,NA,NA,NA,NA,NA,NA,NA
"Set_5dose_methods_prior","Set_5dose_methods_prior_SC2",2,"BOIN","approx2-r_fixed","approx2","r_fixed",NA,NA,0.6,0,0.0714,28,2,1,1,3,0.18,0.24,0.1338,NA,NA,0,40.6202,9.6992,9.6992,1.5804,29.986,20.5256,0.0517,340.8412,1935,1935,"0.15,0.2,0.3,0.35,0.45",0,1.4142,0.15,0.85,NA,NA,NA,NA,NA,NA,NA,NA,NA,NA,NA,NA,NA,NA,NA,NA,NA,NA,NA,NA,NA,NA,NA,NA
"Set_5dose_methods_prior","Set_5dose_methods_prior_SC2",2,"BOIN","approx2-r_fixed","approx2","r_fixed",NA,NA,0.6,0,0.0714,28,2,1,1,4,0.3,0.408,0.2787,NA,NA,0,39.7933,7.538,7.538,3.5406,29.986,20.5256,0.0517,340.8412,1935,1935,"0.15,0.2,0.3,0.35,0.45",0,1.4142,0.15,0.85,NA,NA,NA,NA,NA,NA,NA,NA,NA,NA,NA,NA,NA,NA,NA,NA,NA,NA,NA,NA,NA,NA,NA,NA
"Set_5dose_methods_prior","Set_5dose_methods_prior_SC2",2,"BOIN","approx2-r_fixed","approx2","r_fixed",NA,NA,0.6,0,0.0714,28,2,1,1,5,0.4,0.58,0.4293,NA,NA,0,11.4212,2.7194,2.7194,0.9628,29.986,20.5256,0.0517,340.8412,1935,1935,"0.15,0.2,0.3,0.35,0.45",0,1.4142,0.15,0.85,NA,NA,NA,NA,NA,NA,NA,NA,NA,NA,NA,NA,NA,NA,NA,NA,NA,NA,NA,NA,NA,NA,NA,NA
"Set_5dose_methods_prior","Set_5dose_methods_prior_SC2",2,"BOIN","approx1-r_fixed","approx1","r_fixed",NA,NA,0.6,0,0.0714,28,3,1,1,1,0.05,0.05,0.0089,NA,NA,0,0.8269,3.9659,3.9659,0,29.986,18.4677,0.0517,327.928,1935,1935,"0.15,0.2,0.3,0.35,0.45",0,1.4142,0.15,0.85,NA,NA,NA,NA,NA,NA,NA,NA,NA,NA,NA,NA,NA,NA,NA,NA,NA,NA,NA,NA,NA,NA,NA,NA
"Set_5dose_methods_prior","Set_5dose_methods_prior_SC2",2,"BOIN","approx1-r_fixed","approx1","r_fixed",NA,NA,0.6,0,0.0714,28,3,1,1,2,0.1,0.13,0.0504,NA,NA,0,9.4574,6.5364,6.5364,3.3938,29.986,18.4677,0.0517,327.928,1935,1935,"0.15,0.2,0.3,0.35,0.45",0,1.4142,0.15,0.85,NA,NA,NA,NA,NA,NA,NA,NA,NA,NA,NA,NA,NA,NA,NA,NA,NA,NA,NA,NA,NA,NA,NA,NA
"Set_5dose_methods_prior","Set_5dose_methods_prior_SC2",2,"BOIN","approx1-r_fixed","approx1","r_fixed",NA,NA,0.6,0,0.0714,28,3,1,1,3,0.18,0.24,0.1417,NA,NA,0,38.0879,9.462,9.462,4.2253,29.986,18.4677,0.0517,327.928,1935,1935,"0.15,0.2,0.3,0.35,0.45",0,1.4142,0.15,0.85,NA,NA,NA,NA,NA,NA,NA,NA,NA,NA,NA,NA,NA,NA,NA,NA,NA,NA,NA,NA,NA,NA,NA,NA
"Set_5dose_methods_prior","Set_5dose_methods_prior_SC2",2,"BOIN","approx1-r_fixed","approx1","r_fixed",NA,NA,0.6,0,0.0714,28,3,1,1,4,0.3,0.408,0.279,NA,NA,0,42.3256,7.4217,7.4217,2.3121,29.986,18.4677,0.0517,327.928,1935,1935,"0.15,0.2,0.3,0.35,0.45",0,1.4142,0.15,0.85,NA,NA,NA,NA,NA,NA,NA,NA,NA,NA,NA,NA,NA,NA,NA,NA,NA,NA,NA,NA,NA,NA,NA,NA
"Set_5dose_methods_prior","Set_5dose_methods_prior_SC2",2,"BOIN","approx1-r_fixed","approx1","r_fixed",NA,NA,0.6,0,0.0714,28,3,1,1,5,0.4,0.58,0.4568,NA,NA,0,9.2506,2.6,2.6,1.5871,29.986,18.4677,0.0517,327.928,1935,1935,"0.15,0.2,0.3,0.35,0.45",0,1.4142,0.15,0.85,NA,NA,NA,NA,NA,NA,NA,NA,NA,NA,NA,NA,NA,NA,NA,NA,NA,NA,NA,NA,NA,NA,NA,NA
"Set_5dose_methods_prior","Set_5dose_methods_prior_SC2",2,"BOIN","approx2-r_fixed","approx2","r_fixed",NA,NA,0.6,0,0.0714,28,3,1,1,1,0.05,0.05,0.0089,NA,NA,0,0.8269,3.9659,3.9659,0,29.986,18.4677,0.0517,327.928,1935,1935,"0.15,0.2,0.3,0.35,0.45",0,1.4142,0.15,0.85,NA,NA,NA,NA,NA,NA,NA,NA,NA,NA,NA,NA,NA,NA,NA,NA,NA,NA,NA,NA,NA,NA,NA,NA
"Set_5dose_methods_prior","Set_5dose_methods_prior_SC2",2,"BOIN","approx2-r_fixed","approx2","r_fixed",NA,NA,0.6,0,0.0714,28,3,1,1,2,0.1,0.13,0.0504,NA,NA,0,9.4574,6.5364,6.5364,3.3938,29.986,18.4677,0.0517,327.928,1935,1935,"0.15,0.2,0.3,0.35,0.45",0,1.4142,0.15,0.85,NA,NA,NA,NA,NA,NA,NA,NA,NA,NA,NA,NA,NA,NA,NA,NA,NA,NA,NA,NA,NA,NA,NA,NA
"Set_5dose_methods_prior","Set_5dose_methods_prior_SC2",2,"BOIN","approx2-r_fixed","approx2","r_fixed",NA,NA,0.6,0,0.0714,28,3,1,1,3,0.18,0.24,0.1417,NA,NA,0,38.0879,9.462,9.462,4.2253,29.986,18.4677,0.0517,327.928,1935,1935,"0.15,0.2,0.3,0.35,0.45",0,1.4142,0.15,0.85,NA,NA,NA,NA,NA,NA,NA,NA,NA,NA,NA,NA,NA,NA,NA,NA,NA,NA,NA,NA,NA,NA,NA,NA
"Set_5dose_methods_prior","Set_5dose_methods_prior_SC2",2,"BOIN","approx2-r_fixed","approx2","r_fixed",NA,NA,0.6,0,0.0714,28,3,1,1,4,0.3,0.408,0.279,NA,NA,0,42.3256,7.4217,7.4217,2.3121,29.986,18.4677,0.0517,327.928,1935,1935,"0.15,0.2,0.3,0.35,0.45",0,1.4142,0.15,0.85,NA,NA,NA,NA,NA,NA,NA,NA,NA,NA,NA,NA,NA,NA,NA,NA,NA,NA,NA,NA,NA,NA,NA,NA
"Set_5dose_methods_prior","Set_5dose_methods_prior_SC2",2,"BOIN","approx2-r_fixed","approx2","r_fixed",NA,NA,0.6,0,0.0714,28,3,1,1,5,0.4,0.58,0.4568,NA,NA,0,9.2506,2.6,2.6,1.5871,29.986,18.4677,0.0517,327.928,1935,1935,"0.15,0.2,0.3,0.35,0.45",0,1.4142,0.15,0.85,NA,NA,NA,NA,NA,NA,NA,NA,NA,NA,NA,NA,NA,NA,NA,NA,NA,NA,NA,NA,NA,NA,NA,NA
"Set_5dose_methods_prior","Set_5dose_methods_prior_SC2",2,"BOIN","approx1-r_fixed","approx1","r_fixed",NA,NA,0.9,0,0.0714,28,1,1,1,1,0.05,0.05,0.0061,NA,NA,0,0.2584,3.7442,3.7442,0,29.986,29.986,0.0517,437.8742,1935,1935,"0.15,0.2,0.3,0.35,0.45",0,1.4142,0.15,0.85,NA,NA,NA,NA,NA,NA,NA,NA,NA,NA,NA,NA,NA,NA,NA,NA,NA,NA,NA,NA,NA,NA,NA,NA
"Set_5dose_methods_prior","Set_5dose_methods_prior_SC2",2,"BOIN","approx1-r_fixed","approx1","r_fixed",NA,NA,0.9,0,0.0714,28,1,1,1,2,0.1,0.145,0.0322,NA,NA,0,4.2894,5.3364,5.3364,0,29.986,29.986,0.0517,437.8742,1935,1935,"0.15,0.2,0.3,0.35,0.45",0,1.4142,0.15,0.85,NA,NA,NA,NA,NA,NA,NA,NA,NA,NA,NA,NA,NA,NA,NA,NA,NA,NA,NA,NA,NA,NA,NA,NA
"Set_5dose_methods_prior","Set_5dose_methods_prior_SC2",2,"BOIN","approx1-r_fixed","approx1","r_fixed",NA,NA,0.9,0,0.0714,28,1,1,1,3,0.18,0.27,0.1095,NA,NA,0,27.5452,8.4806,8.4806,0,29.986,29.986,0.0517,437.8742,1935,1935,"0.15,0.2,0.3,0.35,0.45",0,1.4142,0.15,0.85,NA,NA,NA,NA,NA,NA,NA,NA,NA,NA,NA,NA,NA,NA,NA,NA,NA,NA,NA,NA,NA,NA,NA,NA
"Set_5dose_methods_prior","Set_5dose_methods_prior_SC2",2,"BOIN","approx1-r_fixed","approx1","r_fixed",NA,NA,0.9,0,0.0714,28,1,1,1,4,0.3,0.462,0.2382,NA,NA,0,44.0827,7.9783,7.9783,0,29.986,29.986,0.0517,437.8742,1935,1935,"0.15,0.2,0.3,0.35,0.45",0,1.4142,0.15,0.85,NA,NA,NA,NA,NA,NA,NA,NA,NA,NA,NA,NA,NA,NA,NA,NA,NA,NA,NA,NA,NA,NA,NA,NA
"Set_5dose_methods_prior","Set_5dose_methods_prior_SC2",2,"BOIN","approx1-r_fixed","approx1","r_fixed",NA,NA,0.9,0,0.0714,28,1,1,1,5,0.4,0.67,0.3831,NA,NA,0,23.7726,4.4465,4.4465,0,29.986,29.986,0.0517,437.8742,1935,1935,"0.15,0.2,0.3,0.35,0.45",0,1.4142,0.15,0.85,NA,NA,NA,NA,NA,NA,NA,NA,NA,NA,NA,NA,NA,NA,NA,NA,NA,NA,NA,NA,NA,NA,NA,NA
"Set_5dose_methods_prior","Set_5dose_methods_prior_SC2",2,"BOIN","approx2-r_fixed","approx2","r_fixed",NA,NA,0.9,0,0.0714,28,1,1,1,1,0.05,0.05,0.0061,NA,NA,0,0.2584,3.7442,3.7442,0,29.986,29.986,0.0517,437.8742,1935,1935,"0.15,0.2,0.3,0.35,0.45",0,1.4142,0.15,0.85,NA,NA,NA,NA,NA,NA,NA,NA,NA,NA,NA,NA,NA,NA,NA,NA,NA,NA,NA,NA,NA,NA,NA,NA
"Set_5dose_methods_prior","Set_5dose_methods_prior_SC2",2,"BOIN","approx2-r_fixed","approx2","r_fixed",NA,NA,0.9,0,0.0714,28,1,1,1,2,0.1,0.145,0.0322,NA,NA,0,4.2894,5.3364,5.3364,0,29.986,29.986,0.0517,437.8742,1935,1935,"0.15,0.2,0.3,0.35,0.45",0,1.4142,0.15,0.85,NA,NA,NA,NA,NA,NA,NA,NA,NA,NA,NA,NA,NA,NA,NA,NA,NA,NA,NA,NA,NA,NA,NA,NA
"Set_5dose_methods_prior","Set_5dose_methods_prior_SC2",2,"BOIN","approx2-r_fixed","approx2","r_fixed",NA,NA,0.9,0,0.0714,28,1,1,1,3,0.18,0.27,0.1095,NA,NA,0,27.5452,8.4806,8.4806,0,29.986,29.986,0.0517,437.8742,1935,1935,"0.15,0.2,0.3,0.35,0.45",0,1.4142,0.15,0.85,NA,NA,NA,NA,NA,NA,NA,NA,NA,NA,NA,NA,NA,NA,NA,NA,NA,NA,NA,NA,NA,NA,NA,NA
"Set_5dose_methods_prior","Set_5dose_methods_prior_SC2",2,"BOIN","approx2-r_fixed","approx2","r_fixed",NA,NA,0.9,0,0.0714,28,1,1,1,4,0.3,0.462,0.2382,NA,NA,0,44.0827,7.9783,7.9783,0,29.986,29.986,0.0517,437.8742,1935,1935,"0.15,0.2,0.3,0.35,0.45",0,1.4142,0.15,0.85,NA,NA,NA,NA,NA,NA,NA,NA,NA,NA,NA,NA,NA,NA,NA,NA,NA,NA,NA,NA,NA,NA,NA,NA
"Set_5dose_methods_prior","Set_5dose_methods_prior_SC2",2,"BOIN","approx2-r_fixed","approx2","r_fixed",NA,NA,0.9,0,0.0714,28,1,1,1,5,0.4,0.67,0.3831,NA,NA,0,23.7726,4.4465,4.4465,0,29.986,29.986,0.0517,437.8742,1935,1935,"0.15,0.2,0.3,0.35,0.45",0,1.4142,0.15,0.85,NA,NA,NA,NA,NA,NA,NA,NA,NA,NA,NA,NA,NA,NA,NA,NA,NA,NA,NA,NA,NA,NA,NA,NA
"Set_5dose_methods_prior","Set_5dose_methods_prior_SC2",2,"BOIN","approx1-r_fixed","approx1","r_fixed",NA,NA,0.9,0,0.0714,28,2,1,1,1,0.05,0.05,0.0096,NA,NA,0,1.292,4.1054,4.1054,0,29.986,20.5173,0.0517,340.5614,1935,1935,"0.15,0.2,0.3,0.35,0.45",0,1.4142,0.15,0.85,NA,NA,NA,NA,NA,NA,NA,NA,NA,NA,NA,NA,NA,NA,NA,NA,NA,NA,NA,NA,NA,NA,NA,NA
"Set_5dose_methods_prior","Set_5dose_methods_prior_SC2",2,"BOIN","approx1-r_fixed","approx1","r_fixed",NA,NA,0.9,0,0.0714,28,2,1,1,2,0.1,0.145,0.0519,NA,NA,0,8.7339,6.4388,6.4388,3.4295,29.986,20.5173,0.0517,340.5614,1935,1935,"0.15,0.2,0.3,0.35,0.45",0,1.4142,0.15,0.85,NA,NA,NA,NA,NA,NA,NA,NA,NA,NA,NA,NA,NA,NA,NA,NA,NA,NA,NA,NA,NA,NA,NA,NA
"Set_5dose_methods_prior","Set_5dose_methods_prior_SC2",2,"BOIN","approx1-r_fixed","approx1","r_fixed",NA,NA,0.9,0,0.0714,28,2,1,1,3,0.18,0.27,0.1452,NA,NA,0,45.8915,10.1473,10.1473,1.7328,29.986,20.5173,0.0517,340.5614,1935,1935,"0.15,0.2,0.3,0.35,0.45",0,1.4142,0.15,0.85,NA,NA,NA,NA,NA,NA,NA,NA,NA,NA,NA,NA,NA,NA,NA,NA,NA,NA,NA,NA,NA,NA,NA,NA
"Set_5dose_methods_prior","Set_5dose_methods_prior_SC2",2,"BOIN","approx1-r_fixed","approx1","r_fixed",NA,NA,0.9,0,0.0714,28,2,1,1,4,0.3,0.462,0.298,NA,NA,0,37.6744,7.2961,7.2961,3.4853,29.986,20.5173,0.0517,340.5614,1935,1935,"0.15,0.2,0.3,0.35,0.45",0,1.4142,0.15,0.85,NA,NA,NA,NA,NA,NA,NA,NA,NA,NA,NA,NA,NA,NA,NA,NA,NA,NA,NA,NA,NA,NA,NA,NA
"Set_5dose_methods_prior","Set_5dose_methods_prior_SC2",2,"BOIN","approx1-r_fixed","approx1","r_fixed",NA,NA,0.9,0,0.0714,28,2,1,1,5,0.4,0.67,0.4524,NA,NA,0,6.3566,1.9984,1.9984,0.8212,29.986,20.5173,0.0517,340.5614,1935,1935,"0.15,0.2,0.3,0.35,0.45",0,1.4142,0.15,0.85,NA,NA,NA,NA,NA,NA,NA,NA,NA,NA,NA,NA,NA,NA,NA,NA,NA,NA,NA,NA,NA,NA,NA,NA
"Set_5dose_methods_prior","Set_5dose_methods_prior_SC2",2,"BOIN","approx2-r_fixed","approx2","r_fixed",NA,NA,0.9,0,0.0714,28,2,1,1,1,0.05,0.05,0.0096,NA,NA,0,1.292,4.1054,4.1054,0,29.986,20.5173,0.0517,340.5614,1935,1935,"0.15,0.2,0.3,0.35,0.45",0,1.4142,0.15,0.85,NA,NA,NA,NA,NA,NA,NA,NA,NA,NA,NA,NA,NA,NA,NA,NA,NA,NA,NA,NA,NA,NA,NA,NA
"Set_5dose_methods_prior","Set_5dose_methods_prior_SC2",2,"BOIN","approx2-r_fixed","approx2","r_fixed",NA,NA,0.9,0,0.0714,28,2,1,1,2,0.1,0.145,0.0519,NA,NA,0,8.7339,6.4388,6.4388,3.4295,29.986,20.5173,0.0517,340.5614,1935,1935,"0.15,0.2,0.3,0.35,0.45",0,1.4142,0.15,0.85,NA,NA,NA,NA,NA,NA,NA,NA,NA,NA,NA,NA,NA,NA,NA,NA,NA,NA,NA,NA,NA,NA,NA,NA
"Set_5dose_methods_prior","Set_5dose_methods_prior_SC2",2,"BOIN","approx2-r_fixed","approx2","r_fixed",NA,NA,0.9,0,0.0714,28,2,1,1,3,0.18,0.27,0.1452,NA,NA,0,45.8915,10.1473,10.1473,1.7328,29.986,20.5173,0.0517,340.5614,1935,1935,"0.15,0.2,0.3,0.35,0.45",0,1.4142,0.15,0.85,NA,NA,NA,NA,NA,NA,NA,NA,NA,NA,NA,NA,NA,NA,NA,NA,NA,NA,NA,NA,NA,NA,NA,NA
"Set_5dose_methods_prior","Set_5dose_methods_prior_SC2",2,"BOIN","approx2-r_fixed","approx2","r_fixed",NA,NA,0.9,0,0.0714,28,2,1,1,4,0.3,0.462,0.298,NA,NA,0,37.6744,7.2961,7.2961,3.4853,29.986,20.5173,0.0517,340.5614,1935,1935,"0.15,0.2,0.3,0.35,0.45",0,1.4142,0.15,0.85,NA,NA,NA,NA,NA,NA,NA,NA,NA,NA,NA,NA,NA,NA,NA,NA,NA,NA,NA,NA,NA,NA,NA,NA
"Set_5dose_methods_prior","Set_5dose_methods_prior_SC2",2,"BOIN","approx2-r_fixed","approx2","r_fixed",NA,NA,0.9,0,0.0714,28,2,1,1,5,0.4,0.67,0.4524,NA,NA,0,6.3566,1.9984,1.9984,0.8212,29.986,20.5173,0.0517,340.5614,1935,1935,"0.15,0.2,0.3,0.35,0.45",0,1.4142,0.15,0.85,NA,NA,NA,NA,NA,NA,NA,NA,NA,NA,NA,NA,NA,NA,NA,NA,NA,NA,NA,NA,NA,NA,NA,NA
"Set_5dose_methods_prior","Set_5dose_methods_prior_SC2",2,"BOIN","approx1-r_fixed","approx1","r_fixed",NA,NA,0.9,0,0.0714,28,3,1,1,1,0.05,0.05,0.0105,NA,NA,0,1.292,4.1054,4.1054,0,29.986,18.523,0.0517,328.1739,1935,1935,"0.15,0.2,0.3,0.35,0.45",0,1.4142,0.15,0.85,NA,NA,NA,NA,NA,NA,NA,NA,NA,NA,NA,NA,NA,NA,NA,NA,NA,NA,NA,NA,NA,NA,NA,NA
"Set_5dose_methods_prior","Set_5dose_methods_prior_SC2",2,"BOIN","approx1-r_fixed","approx1","r_fixed",NA,NA,0.9,0,0.0714,28,3,1,1,2,0.1,0.145,0.0581,NA,NA,0,11.938,7.1333,7.1333,3.4532,29.986,18.523,0.0517,328.1739,1935,1935,"0.15,0.2,0.3,0.35,0.45",0,1.4142,0.15,0.85,NA,NA,NA,NA,NA,NA,NA,NA,NA,NA,NA,NA,NA,NA,NA,NA,NA,NA,NA,NA,NA,NA,NA,NA
"Set_5dose_methods_prior","Set_5dose_methods_prior_SC2",2,"BOIN","approx1-r_fixed","approx1","r_fixed",NA,NA,0.9,0,0.0714,28,3,1,1,3,0.18,0.27,0.1574,NA,NA,0,42.2222,9.755,9.755,4.4346,29.986,18.523,0.0517,328.1739,1935,1935,"0.15,0.2,0.3,0.35,0.45",0,1.4142,0.15,0.85,NA,NA,NA,NA,NA,NA,NA,NA,NA,NA,NA,NA,NA,NA,NA,NA,NA,NA,NA,NA,NA,NA,NA,NA
"Set_5dose_methods_prior","Set_5dose_methods_prior_SC2",2,"BOIN","approx1-r_fixed","approx1","r_fixed",NA,NA,0.9,0,0.0714,28,3,1,1,4,0.3,0.462,0.2954,NA,NA,0,39.6382,7.0791,7.0791,2.2548,29.986,18.523,0.0517,328.1739,1935,1935,"0.15,0.2,0.3,0.35,0.45",0,1.4142,0.15,0.85,NA,NA,NA,NA,NA,NA,NA,NA,NA,NA,NA,NA,NA,NA,NA,NA,NA,NA,NA,NA,NA,NA,NA,NA
"Set_5dose_methods_prior","Set_5dose_methods_prior_SC2",2,"BOIN","approx1-r_fixed","approx1","r_fixed",NA,NA,0.9,0,0.0714,28,3,1,1,5,0.4,0.67,0.4746,NA,NA,0,4.8579,1.9132,1.9132,1.3204,29.986,18.523,0.0517,328.1739,1935,1935,"0.15,0.2,0.3,0.35,0.45",0,1.4142,0.15,0.85,NA,NA,NA,NA,NA,NA,NA,NA,NA,NA,NA,NA,NA,NA,NA,NA,NA,NA,NA,NA,NA,NA,NA,NA
"Set_5dose_methods_prior","Set_5dose_methods_prior_SC2",2,"BOIN","approx2-r_fixed","approx2","r_fixed",NA,NA,0.9,0,0.0714,28,3,1,1,1,0.05,0.05,0.0105,NA,NA,0,1.292,4.1054,4.1054,0,29.986,18.523,0.0517,328.1739,1935,1935,"0.15,0.2,0.3,0.35,0.45",0,1.4142,0.15,0.85,NA,NA,NA,NA,NA,NA,NA,NA,NA,NA,NA,NA,NA,NA,NA,NA,NA,NA,NA,NA,NA,NA,NA,NA
"Set_5dose_methods_prior","Set_5dose_methods_prior_SC2",2,"BOIN","approx2-r_fixed","approx2","r_fixed",NA,NA,0.9,0,0.0714,28,3,1,1,2,0.1,0.145,0.0581,NA,NA,0,11.938,7.1333,7.1333,3.4532,29.986,18.523,0.0517,328.1739,1935,1935,"0.15,0.2,0.3,0.35,0.45",0,1.4142,0.15,0.85,NA,NA,NA,NA,NA,NA,NA,NA,NA,NA,NA,NA,NA,NA,NA,NA,NA,NA,NA,NA,NA,NA,NA,NA
"Set_5dose_methods_prior","Set_5dose_methods_prior_SC2",2,"BOIN","approx2-r_fixed","approx2","r_fixed",NA,NA,0.9,0,0.0714,28,3,1,1,3,0.18,0.27,0.1574,NA,NA,0,42.2222,9.755,9.755,4.4346,29.986,18.523,0.0517,328.1739,1935,1935,"0.15,0.2,0.3,0.35,0.45",0,1.4142,0.15,0.85,NA,NA,NA,NA,NA,NA,NA,NA,NA,NA,NA,NA,NA,NA,NA,NA,NA,NA,NA,NA,NA,NA,NA,NA
"Set_5dose_methods_prior","Set_5dose_methods_prior_SC2",2,"BOIN","approx2-r_fixed","approx2","r_fixed",NA,NA,0.9,0,0.0714,28,3,1,1,4,0.3,0.462,0.2954,NA,NA,0,39.6382,7.0791,7.0791,2.2548,29.986,18.523,0.0517,328.1739,1935,1935,"0.15,0.2,0.3,0.35,0.45",0,1.4142,0.15,0.85,NA,NA,NA,NA,NA,NA,NA,NA,NA,NA,NA,NA,NA,NA,NA,NA,NA,NA,NA,NA,NA,NA,NA,NA
"Set_5dose_methods_prior","Set_5dose_methods_prior_SC2",2,"BOIN","approx2-r_fixed","approx2","r_fixed",NA,NA,0.9,0,0.0714,28,3,1,1,5,0.4,0.67,0.4746,NA,NA,0,4.8579,1.9132,1.9132,1.3204,29.986,18.523,0.0517,328.1739,1935,1935,"0.15,0.2,0.3,0.35,0.45",0,1.4142,0.15,0.85,NA,NA,NA,NA,NA,NA,NA,NA,NA,NA,NA,NA,NA,NA,NA,NA,NA,NA,NA,NA,NA,NA,NA,NA
"Set_5dose_methods_prior","Set_5dose_methods_prior_SC3",3,"BOIN","approx1-r_fixed","approx1","r_fixed",NA,NA,0,0,0.0714,28,1,1,1,1,0.15,0.15,0.0502,NA,NA,0,8.3204,7.3271,7.3271,0,29.6899,29.6899,1.292,434.0962,1935,1935,"0.15,0.2,0.3,0.35,0.45",0,1.4142,0.15,0.85,NA,NA,NA,NA,NA,NA,NA,NA,NA,NA,NA,NA,NA,NA,NA,NA,NA,NA,NA,NA,NA,NA,NA,NA
"Set_5dose_methods_prior","Set_5dose_methods_prior_SC3",3,"BOIN","approx1-r_fixed","approx1","r_fixed",NA,NA,0,0,0.0714,28,1,1,1,2,0.2,0.2,0.1204,NA,NA,0,28.1137,9.2295,9.2295,0,29.6899,29.6899,1.292,434.0962,1935,1935,"0.15,0.2,0.3,0.35,0.45",0,1.4142,0.15,0.85,NA,NA,NA,NA,NA,NA,NA,NA,NA,NA,NA,NA,NA,NA,NA,NA,NA,NA,NA,NA,NA,NA,NA,NA
"Set_5dose_methods_prior","Set_5dose_methods_prior_SC3",3,"BOIN","approx1-r_fixed","approx1","r_fixed",NA,NA,0,0,0.0714,28,1,1,1,3,0.3,0.3,0.2209,NA,NA,0,33.5401,7.8403,7.8403,0,29.6899,29.6899,1.292,434.0962,1935,1935,"0.15,0.2,0.3,0.35,0.45",0,1.4142,0.15,0.85,NA,NA,NA,NA,NA,NA,NA,NA,NA,NA,NA,NA,NA,NA,NA,NA,NA,NA,NA,NA,NA,NA,NA,NA
"Set_5dose_methods_prior","Set_5dose_methods_prior_SC3",3,"BOIN","approx1-r_fixed","approx1","r_fixed",NA,NA,0,0,0.0714,28,1,1,1,4,0.35,0.35,0.2978,NA,NA,0,20.4134,3.8341,3.8341,0,29.6899,29.6899,1.292,434.0962,1935,1935,"0.15,0.2,0.3,0.35,0.45",0,1.4142,0.15,0.85,NA,NA,NA,NA,NA,NA,NA,NA,NA,NA,NA,NA,NA,NA,NA,NA,NA,NA,NA,NA,NA,NA,NA,NA
"Set_5dose_methods_prior","Set_5dose_methods_prior_SC3",3,"BOIN","approx1-r_fixed","approx1","r_fixed",NA,NA,0,0,0.0714,28,1,1,1,5,0.45,0.45,0.4293,NA,NA,0,8.3204,1.4589,1.4589,0,29.6899,29.6899,1.292,434.0962,1935,1935,"0.15,0.2,0.3,0.35,0.45",0,1.4142,0.15,0.85,NA,NA,NA,NA,NA,NA,NA,NA,NA,NA,NA,NA,NA,NA,NA,NA,NA,NA,NA,NA,NA,NA,NA,NA
"Set_5dose_methods_prior","Set_5dose_methods_prior_SC3",3,"BOIN","approx2-r_fixed","approx2","r_fixed",NA,NA,0,0,0.0714,28,1,1,1,1,0.15,0.15,0.0502,NA,NA,0,8.3204,7.3271,7.3271,0,29.6899,29.6899,1.292,434.0962,1935,1935,"0.15,0.2,0.3,0.35,0.45",0,1.4142,0.15,0.85,NA,NA,NA,NA,NA,NA,NA,NA,NA,NA,NA,NA,NA,NA,NA,NA,NA,NA,NA,NA,NA,NA,NA,NA
"Set_5dose_methods_prior","Set_5dose_methods_prior_SC3",3,"BOIN","approx2-r_fixed","approx2","r_fixed",NA,NA,0,0,0.0714,28,1,1,1,2,0.2,0.2,0.1204,NA,NA,0,28.1137,9.2295,9.2295,0,29.6899,29.6899,1.292,434.0962,1935,1935,"0.15,0.2,0.3,0.35,0.45",0,1.4142,0.15,0.85,NA,NA,NA,NA,NA,NA,NA,NA,NA,NA,NA,NA,NA,NA,NA,NA,NA,NA,NA,NA,NA,NA,NA,NA
"Set_5dose_methods_prior","Set_5dose_methods_prior_SC3",3,"BOIN","approx2-r_fixed","approx2","r_fixed",NA,NA,0,0,0.0714,28,1,1,1,3,0.3,0.3,0.2209,NA,NA,0,33.5401,7.8403,7.8403,0,29.6899,29.6899,1.292,434.0962,1935,1935,"0.15,0.2,0.3,0.35,0.45",0,1.4142,0.15,0.85,NA,NA,NA,NA,NA,NA,NA,NA,NA,NA,NA,NA,NA,NA,NA,NA,NA,NA,NA,NA,NA,NA,NA,NA
"Set_5dose_methods_prior","Set_5dose_methods_prior_SC3",3,"BOIN","approx2-r_fixed","approx2","r_fixed",NA,NA,0,0,0.0714,28,1,1,1,4,0.35,0.35,0.2978,NA,NA,0,20.4134,3.8341,3.8341,0,29.6899,29.6899,1.292,434.0962,1935,1935,"0.15,0.2,0.3,0.35,0.45",0,1.4142,0.15,0.85,NA,NA,NA,NA,NA,NA,NA,NA,NA,NA,NA,NA,NA,NA,NA,NA,NA,NA,NA,NA,NA,NA,NA,NA
"Set_5dose_methods_prior","Set_5dose_methods_prior_SC3",3,"BOIN","approx2-r_fixed","approx2","r_fixed",NA,NA,0,0,0.0714,28,1,1,1,5,0.45,0.45,0.4293,NA,NA,0,8.3204,1.4589,1.4589,0,29.6899,29.6899,1.292,434.0962,1935,1935,"0.15,0.2,0.3,0.35,0.45",0,1.4142,0.15,0.85,NA,NA,NA,NA,NA,NA,NA,NA,NA,NA,NA,NA,NA,NA,NA,NA,NA,NA,NA,NA,NA,NA,NA,NA
"Set_5dose_methods_prior","Set_5dose_methods_prior_SC3",3,"BOIN","approx1-r_fixed","approx1","r_fixed",NA,NA,0,0,0.0714,28,2,1,1,1,0.15,0.15,0.0502,NA,NA,0,8.3204,7.3271,7.3271,0,29.6899,21.5509,1.292,350.4155,1935,1935,"0.15,0.2,0.3,0.35,0.45",0,1.4142,0.15,0.85,NA,NA,NA,NA,NA,NA,NA,NA,NA,NA,NA,NA,NA,NA,NA,NA,NA,NA,NA,NA,NA,NA,NA,NA
"Set_5dose_methods_prior","Set_5dose_methods_prior_SC3",3,"BOIN","approx1-r_fixed","approx1","r_fixed",NA,NA,0,0,0.0714,28,2,1,1,2,0.2,0.2,0.1204,NA,NA,0,28.1137,9.2295,9.2295,4.1359,29.6899,21.5509,1.292,350.4155,1935,1935,"0.15,0.2,0.3,0.35,0.45",0,1.4142,0.15,0.85,NA,NA,NA,NA,NA,NA,NA,NA,NA,NA,NA,NA,NA,NA,NA,NA,NA,NA,NA,NA,NA,NA,NA,NA
"Set_5dose_methods_prior","Set_5dose_methods_prior_SC3",3,"BOIN","approx1-r_fixed","approx1","r_fixed",NA,NA,0,0,0.0714,28,2,1,1,3,0.3,0.3,0.2209,NA,NA,0,33.5401,7.8403,7.8403,1.7633,29.6899,21.5509,1.292,350.4155,1935,1935,"0.15,0.2,0.3,0.35,0.45",0,1.4142,0.15,0.85,NA,NA,NA,NA,NA,NA,NA,NA,NA,NA,NA,NA,NA,NA,NA,NA,NA,NA,NA,NA,NA,NA,NA,NA
"Set_5dose_methods_prior","Set_5dose_methods_prior_SC3",3,"BOIN","approx1-r_fixed","approx1","r_fixed",NA,NA,0,0,0.0714,28,2,1,1,4,0.35,0.35,0.2978,NA,NA,0,20.4134,3.8341,3.8341,1.8098,29.6899,21.5509,1.292,350.4155,1935,1935,"0.15,0.2,0.3,0.35,0.45",0,1.4142,0.15,0.85,NA,NA,NA,NA,NA,NA,NA,NA,NA,NA,NA,NA,NA,NA,NA,NA,NA,NA,NA,NA,NA,NA,NA,NA
"Set_5dose_methods_prior","Set_5dose_methods_prior_SC3",3,"BOIN","approx1-r_fixed","approx1","r_fixed",NA,NA,0,0,0.0714,28,2,1,1,5,0.45,0.45,0.4293,NA,NA,0,8.3204,1.4589,1.4589,0.43,29.6899,21.5509,1.292,350.4155,1935,1935,"0.15,0.2,0.3,0.35,0.45",0,1.4142,0.15,0.85,NA,NA,NA,NA,NA,NA,NA,NA,NA,NA,NA,NA,NA,NA,NA,NA,NA,NA,NA,NA,NA,NA,NA,NA
"Set_5dose_methods_prior","Set_5dose_methods_prior_SC3",3,"BOIN","approx2-r_fixed","approx2","r_fixed",NA,NA,0,0,0.0714,28,2,1,1,1,0.15,0.15,0.0502,NA,NA,0,8.3204,7.3271,7.3271,0,29.6899,21.5509,1.292,350.4155,1935,1935,"0.15,0.2,0.3,0.35,0.45",0,1.4142,0.15,0.85,NA,NA,NA,NA,NA,NA,NA,NA,NA,NA,NA,NA,NA,NA,NA,NA,NA,NA,NA,NA,NA,NA,NA,NA
"Set_5dose_methods_prior","Set_5dose_methods_prior_SC3",3,"BOIN","approx2-r_fixed","approx2","r_fixed",NA,NA,0,0,0.0714,28,2,1,1,2,0.2,0.2,0.1204,NA,NA,0,28.1137,9.2295,9.2295,4.1359,29.6899,21.5509,1.292,350.4155,1935,1935,"0.15,0.2,0.3,0.35,0.45",0,1.4142,0.15,0.85,NA,NA,NA,NA,NA,NA,NA,NA,NA,NA,NA,NA,NA,NA,NA,NA,NA,NA,NA,NA,NA,NA,NA,NA
"Set_5dose_methods_prior","Set_5dose_methods_prior_SC3",3,"BOIN","approx2-r_fixed","approx2","r_fixed",NA,NA,0,0,0.0714,28,2,1,1,3,0.3,0.3,0.2209,NA,NA,0,33.5401,7.8403,7.8403,1.7633,29.6899,21.5509,1.292,350.4155,1935,1935,"0.15,0.2,0.3,0.35,0.45",0,1.4142,0.15,0.85,NA,NA,NA,NA,NA,NA,NA,NA,NA,NA,NA,NA,NA,NA,NA,NA,NA,NA,NA,NA,NA,NA,NA,NA
"Set_5dose_methods_prior","Set_5dose_methods_prior_SC3",3,"BOIN","approx2-r_fixed","approx2","r_fixed",NA,NA,0,0,0.0714,28,2,1,1,4,0.35,0.35,0.2978,NA,NA,0,20.4134,3.8341,3.8341,1.8098,29.6899,21.5509,1.292,350.4155,1935,1935,"0.15,0.2,0.3,0.35,0.45",0,1.4142,0.15,0.85,NA,NA,NA,NA,NA,NA,NA,NA,NA,NA,NA,NA,NA,NA,NA,NA,NA,NA,NA,NA,NA,NA,NA,NA
"Set_5dose_methods_prior","Set_5dose_methods_prior_SC3",3,"BOIN","approx2-r_fixed","approx2","r_fixed",NA,NA,0,0,0.0714,28,2,1,1,5,0.45,0.45,0.4293,NA,NA,0,8.3204,1.4589,1.4589,0.43,29.6899,21.5509,1.292,350.4155,1935,1935,"0.15,0.2,0.3,0.35,0.45",0,1.4142,0.15,0.85,NA,NA,NA,NA,NA,NA,NA,NA,NA,NA,NA,NA,NA,NA,NA,NA,NA,NA,NA,NA,NA,NA,NA,NA
"Set_5dose_methods_prior","Set_5dose_methods_prior_SC3",3,"BOIN","approx1-r_fixed","approx1","r_fixed",NA,NA,0,0,0.0714,28,3,1,1,1,0.15,0.15,0.0502,NA,NA,0,8.3204,7.3271,7.3271,0,29.6899,19.6599,1.292,338.6731,1935,1935,"0.15,0.2,0.3,0.35,0.45",0,1.4142,0.15,0.85,NA,NA,NA,NA,NA,NA,NA,NA,NA,NA,NA,NA,NA,NA,NA,NA,NA,NA,NA,NA,NA,NA,NA,NA
"Set_5dose_methods_prior","Set_5dose_methods_prior_SC3",3,"BOIN","approx1-r_fixed","approx1","r_fixed",NA,NA,0,0,0.0714,28,3,1,1,2,0.2,0.2,0.1204,NA,NA,0,28.1137,9.2295,9.2295,4.1359,29.6899,19.6599,1.292,338.6731,1935,1935,"0.15,0.2,0.3,0.35,0.45",0,1.4142,0.15,0.85,NA,NA,NA,NA,NA,NA,NA,NA,NA,NA,NA,NA,NA,NA,NA,NA,NA,NA,NA,NA,NA,NA,NA,NA
"Set_5dose_methods_prior","Set_5dose_methods_prior_SC3",3,"BOIN","approx1-r_fixed","approx1","r_fixed",NA,NA,0,0,0.0714,28,3,1,1,3,0.3,0.3,0.2209,NA,NA,0,33.5401,7.8403,7.8403,3.8992,29.6899,19.6599,1.292,338.6731,1935,1935,"0.15,0.2,0.3,0.35,0.45",0,1.4142,0.15,0.85,NA,NA,NA,NA,NA,NA,NA,NA,NA,NA,NA,NA,NA,NA,NA,NA,NA,NA,NA,NA,NA,NA,NA,NA
"Set_5dose_methods_prior","Set_5dose_methods_prior_SC3",3,"BOIN","approx1-r_fixed","approx1","r_fixed",NA,NA,0,0,0.0714,28,3,1,1,4,0.35,0.35,0.2978,NA,NA,0,20.4134,3.8341,3.8341,1.2429,29.6899,19.6599,1.292,338.6731,1935,1935,"0.15,0.2,0.3,0.35,0.45",0,1.4142,0.15,0.85,NA,NA,NA,NA,NA,NA,NA,NA,NA,NA,NA,NA,NA,NA,NA,NA,NA,NA,NA,NA,NA,NA,NA,NA
"Set_5dose_methods_prior","Set_5dose_methods_prior_SC3",3,"BOIN","approx1-r_fixed","approx1","r_fixed",NA,NA,0,0,0.0714,28,3,1,1,5,0.45,0.45,0.4293,NA,NA,0,8.3204,1.4589,1.4589,0.7519,29.6899,19.6599,1.292,338.6731,1935,1935,"0.15,0.2,0.3,0.35,0.45",0,1.4142,0.15,0.85,NA,NA,NA,NA,NA,NA,NA,NA,NA,NA,NA,NA,NA,NA,NA,NA,NA,NA,NA,NA,NA,NA,NA,NA
"Set_5dose_methods_prior","Set_5dose_methods_prior_SC3",3,"BOIN","approx2-r_fixed","approx2","r_fixed",NA,NA,0,0,0.0714,28,3,1,1,1,0.15,0.15,0.0502,NA,NA,0,8.3204,7.3271,7.3271,0,29.6899,19.6599,1.292,338.6731,1935,1935,"0.15,0.2,0.3,0.35,0.45",0,1.4142,0.15,0.85,NA,NA,NA,NA,NA,NA,NA,NA,NA,NA,NA,NA,NA,NA,NA,NA,NA,NA,NA,NA,NA,NA,NA,NA
"Set_5dose_methods_prior","Set_5dose_methods_prior_SC3",3,"BOIN","approx2-r_fixed","approx2","r_fixed",NA,NA,0,0,0.0714,28,3,1,1,2,0.2,0.2,0.1204,NA,NA,0,28.1137,9.2295,9.2295,4.1359,29.6899,19.6599,1.292,338.6731,1935,1935,"0.15,0.2,0.3,0.35,0.45",0,1.4142,0.15,0.85,NA,NA,NA,NA,NA,NA,NA,NA,NA,NA,NA,NA,NA,NA,NA,NA,NA,NA,NA,NA,NA,NA,NA,NA
"Set_5dose_methods_prior","Set_5dose_methods_prior_SC3",3,"BOIN","approx2-r_fixed","approx2","r_fixed",NA,NA,0,0,0.0714,28,3,1,1,3,0.3,0.3,0.2209,NA,NA,0,33.5401,7.8403,7.8403,3.8992,29.6899,19.6599,1.292,338.6731,1935,1935,"0.15,0.2,0.3,0.35,0.45",0,1.4142,0.15,0.85,NA,NA,NA,NA,NA,NA,NA,NA,NA,NA,NA,NA,NA,NA,NA,NA,NA,NA,NA,NA,NA,NA,NA,NA
"Set_5dose_methods_prior","Set_5dose_methods_prior_SC3",3,"BOIN","approx2-r_fixed","approx2","r_fixed",NA,NA,0,0,0.0714,28,3,1,1,4,0.35,0.35,0.2978,NA,NA,0,20.4134,3.8341,3.8341,1.2429,29.6899,19.6599,1.292,338.6731,1935,1935,"0.15,0.2,0.3,0.35,0.45",0,1.4142,0.15,0.85,NA,NA,NA,NA,NA,NA,NA,NA,NA,NA,NA,NA,NA,NA,NA,NA,NA,NA,NA,NA,NA,NA,NA,NA
"Set_5dose_methods_prior","Set_5dose_methods_prior_SC3",3,"BOIN","approx2-r_fixed","approx2","r_fixed",NA,NA,0,0,0.0714,28,3,1,1,5,0.45,0.45,0.4293,NA,NA,0,8.3204,1.4589,1.4589,0.7519,29.6899,19.6599,1.292,338.6731,1935,1935,"0.15,0.2,0.3,0.35,0.45",0,1.4142,0.15,0.85,NA,NA,NA,NA,NA,NA,NA,NA,NA,NA,NA,NA,NA,NA,NA,NA,NA,NA,NA,NA,NA,NA,NA,NA
"Set_5dose_methods_prior","Set_5dose_methods_prior_SC3",3,"BOIN","approx1-r_fixed","approx1","r_fixed",NA,NA,0.3,0,0.0714,28,1,1,1,1,0.15,0.15,0.0502,NA,NA,0,8.3204,7.3271,7.3271,0,29.6899,29.6899,1.292,434.0962,1935,1935,"0.15,0.2,0.3,0.35,0.45",0,1.4142,0.15,0.85,NA,NA,NA,NA,NA,NA,NA,NA,NA,NA,NA,NA,NA,NA,NA,NA,NA,NA,NA,NA,NA,NA,NA,NA
"Set_5dose_methods_prior","Set_5dose_methods_prior_SC3",3,"BOIN","approx1-r_fixed","approx1","r_fixed",NA,NA,0.3,0,0.0714,28,1,1,1,2,0.2,0.245,0.1204,NA,NA,0,28.1137,9.2295,9.2295,0,29.6899,29.6899,1.292,434.0962,1935,1935,"0.15,0.2,0.3,0.35,0.45",0,1.4142,0.15,0.85,NA,NA,NA,NA,NA,NA,NA,NA,NA,NA,NA,NA,NA,NA,NA,NA,NA,NA,NA,NA,NA,NA,NA,NA
"Set_5dose_methods_prior","Set_5dose_methods_prior_SC3",3,"BOIN","approx1-r_fixed","approx1","r_fixed",NA,NA,0.3,0,0.0714,28,1,1,1,3,0.3,0.36,0.2209,NA,NA,0,33.5401,7.8403,7.8403,0,29.6899,29.6899,1.292,434.0962,1935,1935,"0.15,0.2,0.3,0.35,0.45",0,1.4142,0.15,0.85,NA,NA,NA,NA,NA,NA,NA,NA,NA,NA,NA,NA,NA,NA,NA,NA,NA,NA,NA,NA,NA,NA,NA,NA
"Set_5dose_methods_prior","Set_5dose_methods_prior_SC3",3,"BOIN","approx1-r_fixed","approx1","r_fixed",NA,NA,0.3,0,0.0714,28,1,1,1,4,0.35,0.44,0.2978,NA,NA,0,20.4134,3.8341,3.8341,0,29.6899,29.6899,1.292,434.0962,1935,1935,"0.15,0.2,0.3,0.35,0.45",0,1.4142,0.15,0.85,NA,NA,NA,NA,NA,NA,NA,NA,NA,NA,NA,NA,NA,NA,NA,NA,NA,NA,NA,NA,NA,NA,NA,NA
"Set_5dose_methods_prior","Set_5dose_methods_prior_SC3",3,"BOIN","approx1-r_fixed","approx1","r_fixed",NA,NA,0.3,0,0.0714,28,1,1,1,5,0.45,0.555,0.4293,NA,NA,0,8.3204,1.4589,1.4589,0,29.6899,29.6899,1.292,434.0962,1935,1935,"0.15,0.2,0.3,0.35,0.45",0,1.4142,0.15,0.85,NA,NA,NA,NA,NA,NA,NA,NA,NA,NA,NA,NA,NA,NA,NA,NA,NA,NA,NA,NA,NA,NA,NA,NA
"Set_5dose_methods_prior","Set_5dose_methods_prior_SC3",3,"BOIN","approx2-r_fixed","approx2","r_fixed",NA,NA,0.3,0,0.0714,28,1,1,1,1,0.15,0.15,0.0502,NA,NA,0,8.3204,7.3271,7.3271,0,29.6899,29.6899,1.292,434.0962,1935,1935,"0.15,0.2,0.3,0.35,0.45",0,1.4142,0.15,0.85,NA,NA,NA,NA,NA,NA,NA,NA,NA,NA,NA,NA,NA,NA,NA,NA,NA,NA,NA,NA,NA,NA,NA,NA
"Set_5dose_methods_prior","Set_5dose_methods_prior_SC3",3,"BOIN","approx2-r_fixed","approx2","r_fixed",NA,NA,0.3,0,0.0714,28,1,1,1,2,0.2,0.245,0.1204,NA,NA,0,28.1137,9.2295,9.2295,0,29.6899,29.6899,1.292,434.0962,1935,1935,"0.15,0.2,0.3,0.35,0.45",0,1.4142,0.15,0.85,NA,NA,NA,NA,NA,NA,NA,NA,NA,NA,NA,NA,NA,NA,NA,NA,NA,NA,NA,NA,NA,NA,NA,NA
"Set_5dose_methods_prior","Set_5dose_methods_prior_SC3",3,"BOIN","approx2-r_fixed","approx2","r_fixed",NA,NA,0.3,0,0.0714,28,1,1,1,3,0.3,0.36,0.2209,NA,NA,0,33.5401,7.8403,7.8403,0,29.6899,29.6899,1.292,434.0962,1935,1935,"0.15,0.2,0.3,0.35,0.45",0,1.4142,0.15,0.85,NA,NA,NA,NA,NA,NA,NA,NA,NA,NA,NA,NA,NA,NA,NA,NA,NA,NA,NA,NA,NA,NA,NA,NA
"Set_5dose_methods_prior","Set_5dose_methods_prior_SC3",3,"BOIN","approx2-r_fixed","approx2","r_fixed",NA,NA,0.3,0,0.0714,28,1,1,1,4,0.35,0.44,0.2978,NA,NA,0,20.4134,3.8341,3.8341,0,29.6899,29.6899,1.292,434.0962,1935,1935,"0.15,0.2,0.3,0.35,0.45",0,1.4142,0.15,0.85,NA,NA,NA,NA,NA,NA,NA,NA,NA,NA,NA,NA,NA,NA,NA,NA,NA,NA,NA,NA,NA,NA,NA,NA
"Set_5dose_methods_prior","Set_5dose_methods_prior_SC3",3,"BOIN","approx2-r_fixed","approx2","r_fixed",NA,NA,0.3,0,0.0714,28,1,1,1,5,0.45,0.555,0.4293,NA,NA,0,8.3204,1.4589,1.4589,0,29.6899,29.6899,1.292,434.0962,1935,1935,"0.15,0.2,0.3,0.35,0.45",0,1.4142,0.15,0.85,NA,NA,NA,NA,NA,NA,NA,NA,NA,NA,NA,NA,NA,NA,NA,NA,NA,NA,NA,NA,NA,NA,NA,NA
"Set_5dose_methods_prior","Set_5dose_methods_prior_SC3",3,"BOIN","approx1-r_fixed","approx1","r_fixed",NA,NA,0.3,0,0.0714,28,2,1,1,1,0.15,0.15,0.0586,NA,NA,0,12.0413,8.0636,8.0636,0,29.6899,21.5075,1.292,350.414,1935,1935,"0.15,0.2,0.3,0.35,0.45",0,1.4142,0.15,0.85,NA,NA,NA,NA,NA,NA,NA,NA,NA,NA,NA,NA,NA,NA,NA,NA,NA,NA,NA,NA,NA,NA,NA,NA
"Set_5dose_methods_prior","Set_5dose_methods_prior_SC3",3,"BOIN","approx1-r_fixed","approx1","r_fixed",NA,NA,0.3,0,0.0714,28,2,1,1,2,0.2,0.245,0.1378,NA,NA,0,31.5245,9.8186,9.8186,4.3752,29.6899,21.5075,1.292,350.414,1935,1935,"0.15,0.2,0.3,0.35,0.45",0,1.4142,0.15,0.85,NA,NA,NA,NA,NA,NA,NA,NA,NA,NA,NA,NA,NA,NA,NA,NA,NA,NA,NA,NA,NA,NA,NA,NA
"Set_5dose_methods_prior","Set_5dose_methods_prior_SC3",3,"BOIN","approx1-r_fixed","approx1","r_fixed",NA,NA,0.3,0,0.0714,28,2,1,1,3,0.3,0.36,0.2438,NA,NA,0,34.9871,7.6605,7.6605,1.8563,29.6899,21.5075,1.292,350.414,1935,1935,"0.15,0.2,0.3,0.35,0.45",0,1.4142,0.15,0.85,NA,NA,NA,NA,NA,NA,NA,NA,NA,NA,NA,NA,NA,NA,NA,NA,NA,NA,NA,NA,NA,NA,NA,NA
"Set_5dose_methods_prior","Set_5dose_methods_prior_SC3",3,"BOIN","approx1-r_fixed","approx1","r_fixed",NA,NA,0.3,0,0.0714,28,2,1,1,4,0.35,0.44,0.334,NA,NA,0,15.9173,3.2605,3.2605,1.63,29.6899,21.5075,1.292,350.414,1935,1935,"0.15,0.2,0.3,0.35,0.45",0,1.4142,0.15,0.85,NA,NA,NA,NA,NA,NA,NA,NA,NA,NA,NA,NA,NA,NA,NA,NA,NA,NA,NA,NA,NA,NA,NA,NA
"Set_5dose_methods_prior","Set_5dose_methods_prior_SC3",3,"BOIN","approx1-r_fixed","approx1","r_fixed",NA,NA,0.3,0,0.0714,28,2,1,1,5,0.45,0.555,0.4611,NA,NA,0,4.2377,0.8868,0.8868,0.3209,29.6899,21.5075,1.292,350.414,1935,1935,"0.15,0.2,0.3,0.35,0.45",0,1.4142,0.15,0.85,NA,NA,NA,NA,NA,NA,NA,NA,NA,NA,NA,NA,NA,NA,NA,NA,NA,NA,NA,NA,NA,NA,NA,NA
"Set_5dose_methods_prior","Set_5dose_methods_prior_SC3",3,"BOIN","approx2-r_fixed","approx2","r_fixed",NA,NA,0.3,0,0.0714,28,2,1,1,1,0.15,0.15,0.0586,NA,NA,0,12.0413,8.0636,8.0636,0,29.6899,21.5075,1.292,350.414,1935,1935,"0.15,0.2,0.3,0.35,0.45",0,1.4142,0.15,0.85,NA,NA,NA,NA,NA,NA,NA,NA,NA,NA,NA,NA,NA,NA,NA,NA,NA,NA,NA,NA,NA,NA,NA,NA
"Set_5dose_methods_prior","Set_5dose_methods_prior_SC3",3,"BOIN","approx2-r_fixed","approx2","r_fixed",NA,NA,0.3,0,0.0714,28,2,1,1,2,0.2,0.245,0.1378,NA,NA,0,31.5245,9.8186,9.8186,4.3752,29.6899,21.5075,1.292,350.414,1935,1935,"0.15,0.2,0.3,0.35,0.45",0,1.4142,0.15,0.85,NA,NA,NA,NA,NA,NA,NA,NA,NA,NA,NA,NA,NA,NA,NA,NA,NA,NA,NA,NA,NA,NA,NA,NA
"Set_5dose_methods_prior","Set_5dose_methods_prior_SC3",3,"BOIN","approx2-r_fixed","approx2","r_fixed",NA,NA,0.3,0,0.0714,28,2,1,1,3,0.3,0.36,0.2438,NA,NA,0,34.9871,7.6605,7.6605,1.8563,29.6899,21.5075,1.292,350.414,1935,1935,"0.15,0.2,0.3,0.35,0.45",0,1.4142,0.15,0.85,NA,NA,NA,NA,NA,NA,NA,NA,NA,NA,NA,NA,NA,NA,NA,NA,NA,NA,NA,NA,NA,NA,NA,NA
"Set_5dose_methods_prior","Set_5dose_methods_prior_SC3",3,"BOIN","approx2-r_fixed","approx2","r_fixed",NA,NA,0.3,0,0.0714,28,2,1,1,4,0.35,0.44,0.334,NA,NA,0,15.9173,3.2605,3.2605,1.63,29.6899,21.5075,1.292,350.414,1935,1935,"0.15,0.2,0.3,0.35,0.45",0,1.4142,0.15,0.85,NA,NA,NA,NA,NA,NA,NA,NA,NA,NA,NA,NA,NA,NA,NA,NA,NA,NA,NA,NA,NA,NA,NA,NA
"Set_5dose_methods_prior","Set_5dose_methods_prior_SC3",3,"BOIN","approx2-r_fixed","approx2","r_fixed",NA,NA,0.3,0,0.0714,28,2,1,1,5,0.45,0.555,0.4611,NA,NA,0,4.2377,0.8868,0.8868,0.3209,29.6899,21.5075,1.292,350.414,1935,1935,"0.15,0.2,0.3,0.35,0.45",0,1.4142,0.15,0.85,NA,NA,NA,NA,NA,NA,NA,NA,NA,NA,NA,NA,NA,NA,NA,NA,NA,NA,NA,NA,NA,NA,NA,NA
"Set_5dose_methods_prior","Set_5dose_methods_prior_SC3",3,"BOIN","approx1-r_fixed","approx1","r_fixed",NA,NA,0.3,0,0.0714,28,3,1,1,1,0.15,0.15,0.0611,NA,NA,0,12.0413,8.0744,8.0744,0,29.6899,19.831,1.292,339.921,1935,1935,"0.15,0.2,0.3,0.35,0.45",0,1.4142,0.15,0.85,NA,NA,NA,NA,NA,NA,NA,NA,NA,NA,NA,NA,NA,NA,NA,NA,NA,NA,NA,NA,NA,NA,NA,NA
"Set_5dose_methods_prior","Set_5dose_methods_prior_SC3",3,"BOIN","approx1-r_fixed","approx1","r_fixed",NA,NA,0.3,0,0.0714,28,3,1,1,2,0.2,0.245,0.1443,NA,NA,0,34.6253,10.3256,10.3256,4.4181,29.6899,19.831,1.292,339.921,1935,1935,"0.15,0.2,0.3,0.35,0.45",0,1.4142,0.15,0.85,NA,NA,NA,NA,NA,NA,NA,NA,NA,NA,NA,NA,NA,NA,NA,NA,NA,NA,NA,NA,NA,NA,NA,NA
"Set_5dose_methods_prior","Set_5dose_methods_prior_SC3",3,"BOIN","approx1-r_fixed","approx1","r_fixed",NA,NA,0.3,0,0.0714,28,3,1,1,3,0.3,0.36,0.2528,NA,NA,0,32.6615,7.4279,7.4279,3.9013,29.6899,19.831,1.292,339.921,1935,1935,"0.15,0.2,0.3,0.35,0.45",0,1.4142,0.15,0.85,NA,NA,NA,NA,NA,NA,NA,NA,NA,NA,NA,NA,NA,NA,NA,NA,NA,NA,NA,NA,NA,NA,NA,NA
"Set_5dose_methods_prior","Set_5dose_methods_prior_SC3",3,"BOIN","approx1-r_fixed","approx1","r_fixed",NA,NA,0.3,0,0.0714,28,3,1,1,4,0.35,0.44,0.3267,NA,NA,0,15.6589,3.031,3.031,1.0331,29.6899,19.831,1.292,339.921,1935,1935,"0.15,0.2,0.3,0.35,0.45",0,1.4142,0.15,0.85,NA,NA,NA,NA,NA,NA,NA,NA,NA,NA,NA,NA,NA,NA,NA,NA,NA,NA,NA,NA,NA,NA,NA,NA
"Set_5dose_methods_prior","Set_5dose_methods_prior_SC3",3,"BOIN","approx1-r_fixed","approx1","r_fixed",NA,NA,0.3,0,0.0714,28,3,1,1,5,0.45,0.555,0.4608,NA,NA,0,3.7209,0.831,0.831,0.5065,29.6899,19.831,1.292,339.921,1935,1935,"0.15,0.2,0.3,0.35,0.45",0,1.4142,0.15,0.85,NA,NA,NA,NA,NA,NA,NA,NA,NA,NA,NA,NA,NA,NA,NA,NA,NA,NA,NA,NA,NA,NA,NA,NA
"Set_5dose_methods_prior","Set_5dose_methods_prior_SC3",3,"BOIN","approx2-r_fixed","approx2","r_fixed",NA,NA,0.3,0,0.0714,28,3,1,1,1,0.15,0.15,0.0611,NA,NA,0,12.0413,8.0744,8.0744,0,29.6899,19.831,1.292,339.921,1935,1935,"0.15,0.2,0.3,0.35,0.45",0,1.4142,0.15,0.85,NA,NA,NA,NA,NA,NA,NA,NA,NA,NA,NA,NA,NA,NA,NA,NA,NA,NA,NA,NA,NA,NA,NA,NA
"Set_5dose_methods_prior","Set_5dose_methods_prior_SC3",3,"BOIN","approx2-r_fixed","approx2","r_fixed",NA,NA,0.3,0,0.0714,28,3,1,1,2,0.2,0.245,0.1443,NA,NA,0,34.6253,10.3256,10.3256,4.4181,29.6899,19.831,1.292,339.921,1935,1935,"0.15,0.2,0.3,0.35,0.45",0,1.4142,0.15,0.85,NA,NA,NA,NA,NA,NA,NA,NA,NA,NA,NA,NA,NA,NA,NA,NA,NA,NA,NA,NA,NA,NA,NA,NA
"Set_5dose_methods_prior","Set_5dose_methods_prior_SC3",3,"BOIN","approx2-r_fixed","approx2","r_fixed",NA,NA,0.3,0,0.0714,28,3,1,1,3,0.3,0.36,0.2528,NA,NA,0,32.6615,7.4279,7.4279,3.9013,29.6899,19.831,1.292,339.921,1935,1935,"0.15,0.2,0.3,0.35,0.45",0,1.4142,0.15,0.85,NA,NA,NA,NA,NA,NA,NA,NA,NA,NA,NA,NA,NA,NA,NA,NA,NA,NA,NA,NA,NA,NA,NA,NA
"Set_5dose_methods_prior","Set_5dose_methods_prior_SC3",3,"BOIN","approx2-r_fixed","approx2","r_fixed",NA,NA,0.3,0,0.0714,28,3,1,1,4,0.35,0.44,0.3267,NA,NA,0,15.6589,3.031,3.031,1.0331,29.6899,19.831,1.292,339.921,1935,1935,"0.15,0.2,0.3,0.35,0.45",0,1.4142,0.15,0.85,NA,NA,NA,NA,NA,NA,NA,NA,NA,NA,NA,NA,NA,NA,NA,NA,NA,NA,NA,NA,NA,NA,NA,NA
"Set_5dose_methods_prior","Set_5dose_methods_prior_SC3",3,"BOIN","approx2-r_fixed","approx2","r_fixed",NA,NA,0.3,0,0.0714,28,3,1,1,5,0.45,0.555,0.4608,NA,NA,0,3.7209,0.831,0.831,0.5065,29.6899,19.831,1.292,339.921,1935,1935,"0.15,0.2,0.3,0.35,0.45",0,1.4142,0.15,0.85,NA,NA,NA,NA,NA,NA,NA,NA,NA,NA,NA,NA,NA,NA,NA,NA,NA,NA,NA,NA,NA,NA,NA,NA
"Set_5dose_methods_prior","Set_5dose_methods_prior_SC3",3,"BOIN","approx1-r_fixed","approx1","r_fixed",NA,NA,0.6,0,0.0714,28,1,1,1,1,0.15,0.15,0.0502,NA,NA,0,8.3204,7.3271,7.3271,0,29.6899,29.6899,1.292,434.0962,1935,1935,"0.15,0.2,0.3,0.35,0.45",0,1.4142,0.15,0.85,NA,NA,NA,NA,NA,NA,NA,NA,NA,NA,NA,NA,NA,NA,NA,NA,NA,NA,NA,NA,NA,NA,NA,NA
"Set_5dose_methods_prior","Set_5dose_methods_prior_SC3",3,"BOIN","approx1-r_fixed","approx1","r_fixed",NA,NA,0.6,0,0.0714,28,1,1,1,2,0.2,0.29,0.1204,NA,NA,0,28.1137,9.2295,9.2295,0,29.6899,29.6899,1.292,434.0962,1935,1935,"0.15,0.2,0.3,0.35,0.45",0,1.4142,0.15,0.85,NA,NA,NA,NA,NA,NA,NA,NA,NA,NA,NA,NA,NA,NA,NA,NA,NA,NA,NA,NA,NA,NA,NA,NA
"Set_5dose_methods_prior","Set_5dose_methods_prior_SC3",3,"BOIN","approx1-r_fixed","approx1","r_fixed",NA,NA,0.6,0,0.0714,28,1,1,1,3,0.3,0.42,0.2209,NA,NA,0,33.5401,7.8403,7.8403,0,29.6899,29.6899,1.292,434.0962,1935,1935,"0.15,0.2,0.3,0.35,0.45",0,1.4142,0.15,0.85,NA,NA,NA,NA,NA,NA,NA,NA,NA,NA,NA,NA,NA,NA,NA,NA,NA,NA,NA,NA,NA,NA,NA,NA
"Set_5dose_methods_prior","Set_5dose_methods_prior_SC3",3,"BOIN","approx1-r_fixed","approx1","r_fixed",NA,NA,0.6,0,0.0714,28,1,1,1,4,0.35,0.53,0.2978,NA,NA,0,20.4134,3.8341,3.8341,0,29.6899,29.6899,1.292,434.0962,1935,1935,"0.15,0.2,0.3,0.35,0.45",0,1.4142,0.15,0.85,NA,NA,NA,NA,NA,NA,NA,NA,NA,NA,NA,NA,NA,NA,NA,NA,NA,NA,NA,NA,NA,NA,NA,NA
"Set_5dose_methods_prior","Set_5dose_methods_prior_SC3",3,"BOIN","approx1-r_fixed","approx1","r_fixed",NA,NA,0.6,0,0.0714,28,1,1,1,5,0.45,0.66,0.4293,NA,NA,0,8.3204,1.4589,1.4589,0,29.6899,29.6899,1.292,434.0962,1935,1935,"0.15,0.2,0.3,0.35,0.45",0,1.4142,0.15,0.85,NA,NA,NA,NA,NA,NA,NA,NA,NA,NA,NA,NA,NA,NA,NA,NA,NA,NA,NA,NA,NA,NA,NA,NA
"Set_5dose_methods_prior","Set_5dose_methods_prior_SC3",3,"BOIN","approx2-r_fixed","approx2","r_fixed",NA,NA,0.6,0,0.0714,28,1,1,1,1,0.15,0.15,0.0502,NA,NA,0,8.3204,7.3271,7.3271,0,29.6899,29.6899,1.292,434.0962,1935,1935,"0.15,0.2,0.3,0.35,0.45",0,1.4142,0.15,0.85,NA,NA,NA,NA,NA,NA,NA,NA,NA,NA,NA,NA,NA,NA,NA,NA,NA,NA,NA,NA,NA,NA,NA,NA
"Set_5dose_methods_prior","Set_5dose_methods_prior_SC3",3,"BOIN","approx2-r_fixed","approx2","r_fixed",NA,NA,0.6,0,0.0714,28,1,1,1,2,0.2,0.29,0.1204,NA,NA,0,28.1137,9.2295,9.2295,0,29.6899,29.6899,1.292,434.0962,1935,1935,"0.15,0.2,0.3,0.35,0.45",0,1.4142,0.15,0.85,NA,NA,NA,NA,NA,NA,NA,NA,NA,NA,NA,NA,NA,NA,NA,NA,NA,NA,NA,NA,NA,NA,NA,NA
"Set_5dose_methods_prior","Set_5dose_methods_prior_SC3",3,"BOIN","approx2-r_fixed","approx2","r_fixed",NA,NA,0.6,0,0.0714,28,1,1,1,3,0.3,0.42,0.2209,NA,NA,0,33.5401,7.8403,7.8403,0,29.6899,29.6899,1.292,434.0962,1935,1935,"0.15,0.2,0.3,0.35,0.45",0,1.4142,0.15,0.85,NA,NA,NA,NA,NA,NA,NA,NA,NA,NA,NA,NA,NA,NA,NA,NA,NA,NA,NA,NA,NA,NA,NA,NA
"Set_5dose_methods_prior","Set_5dose_methods_prior_SC3",3,"BOIN","approx2-r_fixed","approx2","r_fixed",NA,NA,0.6,0,0.0714,28,1,1,1,4,0.35,0.53,0.2978,NA,NA,0,20.4134,3.8341,3.8341,0,29.6899,29.6899,1.292,434.0962,1935,1935,"0.15,0.2,0.3,0.35,0.45",0,1.4142,0.15,0.85,NA,NA,NA,NA,NA,NA,NA,NA,NA,NA,NA,NA,NA,NA,NA,NA,NA,NA,NA,NA,NA,NA,NA,NA
"Set_5dose_methods_prior","Set_5dose_methods_prior_SC3",3,"BOIN","approx2-r_fixed","approx2","r_fixed",NA,NA,0.6,0,0.0714,28,1,1,1,5,0.45,0.66,0.4293,NA,NA,0,8.3204,1.4589,1.4589,0,29.6899,29.6899,1.292,434.0962,1935,1935,"0.15,0.2,0.3,0.35,0.45",0,1.4142,0.15,0.85,NA,NA,NA,NA,NA,NA,NA,NA,NA,NA,NA,NA,NA,NA,NA,NA,NA,NA,NA,NA,NA,NA,NA,NA
"Set_5dose_methods_prior","Set_5dose_methods_prior_SC3",3,"BOIN","approx1-r_fixed","approx1","r_fixed",NA,NA,0.6,0,0.0714,28,2,1,1,1,0.15,0.15,0.0675,NA,NA,0,16.8475,8.9814,8.9814,0,29.6899,21.5824,1.292,350.9209,1935,1935,"0.15,0.2,0.3,0.35,0.45",0,1.4142,0.15,0.85,NA,NA,NA,NA,NA,NA,NA,NA,NA,NA,NA,NA,NA,NA,NA,NA,NA,NA,NA,NA,NA,NA,NA,NA
"Set_5dose_methods_prior","Set_5dose_methods_prior_SC3",3,"BOIN","approx1-r_fixed","approx1","r_fixed",NA,NA,0.6,0,0.0714,28,2,1,1,2,0.2,0.29,0.1575,NA,NA,0,35.814,10.4357,10.4357,4.6439,29.6899,21.5824,1.292,350.9209,1935,1935,"0.15,0.2,0.3,0.35,0.45",0,1.4142,0.15,0.85,NA,NA,NA,NA,NA,NA,NA,NA,NA,NA,NA,NA,NA,NA,NA,NA,NA,NA,NA,NA,NA,NA,NA,NA
"Set_5dose_methods_prior","Set_5dose_methods_prior_SC3",3,"BOIN","approx1-r_fixed","approx1","r_fixed",NA,NA,0.6,0,0.0714,28,2,1,1,3,0.3,0.42,0.2619,NA,NA,0,32.4548,7.1566,7.1566,1.9158,29.6899,21.5824,1.292,350.9209,1935,1935,"0.15,0.2,0.3,0.35,0.45",0,1.4142,0.15,0.85,NA,NA,NA,NA,NA,NA,NA,NA,NA,NA,NA,NA,NA,NA,NA,NA,NA,NA,NA,NA,NA,NA,NA,NA
"Set_5dose_methods_prior","Set_5dose_methods_prior_SC3",3,"BOIN","approx1-r_fixed","approx1","r_fixed",NA,NA,0.6,0,0.0714,28,2,1,1,4,0.35,0.53,0.3631,NA,NA,0,12.1964,2.6093,2.6093,1.3003,29.6899,21.5824,1.292,350.9209,1935,1935,"0.15,0.2,0.3,0.35,0.45",0,1.4142,0.15,0.85,NA,NA,NA,NA,NA,NA,NA,NA,NA,NA,NA,NA,NA,NA,NA,NA,NA,NA,NA,NA,NA,NA,NA,NA
"Set_5dose_methods_prior","Set_5dose_methods_prior_SC3",3,"BOIN","approx1-r_fixed","approx1","r_fixed",NA,NA,0.6,0,0.0714,28,2,1,1,5,0.45,0.66,0.5047,NA,NA,0,1.3953,0.507,0.507,0.2475,29.6899,21.5824,1.292,350.9209,1935,1935,"0.15,0.2,0.3,0.35,0.45",0,1.4142,0.15,0.85,NA,NA,NA,NA,NA,NA,NA,NA,NA,NA,NA,NA,NA,NA,NA,NA,NA,NA,NA,NA,NA,NA,NA,NA
"Set_5dose_methods_prior","Set_5dose_methods_prior_SC3",3,"BOIN","approx2-r_fixed","approx2","r_fixed",NA,NA,0.6,0,0.0714,28,2,1,1,1,0.15,0.15,0.0675,NA,NA,0,16.8475,8.9814,8.9814,0,29.6899,21.5824,1.292,350.9209,1935,1935,"0.15,0.2,0.3,0.35,0.45",0,1.4142,0.15,0.85,NA,NA,NA,NA,NA,NA,NA,NA,NA,NA,NA,NA,NA,NA,NA,NA,NA,NA,NA,NA,NA,NA,NA,NA
"Set_5dose_methods_prior","Set_5dose_methods_prior_SC3",3,"BOIN","approx2-r_fixed","approx2","r_fixed",NA,NA,0.6,0,0.0714,28,2,1,1,2,0.2,0.29,0.1575,NA,NA,0,35.814,10.4357,10.4357,4.6439,29.6899,21.5824,1.292,350.9209,1935,1935,"0.15,0.2,0.3,0.35,0.45",0,1.4142,0.15,0.85,NA,NA,NA,NA,NA,NA,NA,NA,NA,NA,NA,NA,NA,NA,NA,NA,NA,NA,NA,NA,NA,NA,NA,NA
"Set_5dose_methods_prior","Set_5dose_methods_prior_SC3",3,"BOIN","approx2-r_fixed","approx2","r_fixed",NA,NA,0.6,0,0.0714,28,2,1,1,3,0.3,0.42,0.2619,NA,NA,0,32.4548,7.1566,7.1566,1.9158,29.6899,21.5824,1.292,350.9209,1935,1935,"0.15,0.2,0.3,0.35,0.45",0,1.4142,0.15,0.85,NA,NA,NA,NA,NA,NA,NA,NA,NA,NA,NA,NA,NA,NA,NA,NA,NA,NA,NA,NA,NA,NA,NA,NA
"Set_5dose_methods_prior","Set_5dose_methods_prior_SC3",3,"BOIN","approx2-r_fixed","approx2","r_fixed",NA,NA,0.6,0,0.0714,28,2,1,1,4,0.35,0.53,0.3631,NA,NA,0,12.1964,2.6093,2.6093,1.3003,29.6899,21.5824,1.292,350.9209,1935,1935,"0.15,0.2,0.3,0.35,0.45",0,1.4142,0.15,0.85,NA,NA,NA,NA,NA,NA,NA,NA,NA,NA,NA,NA,NA,NA,NA,NA,NA,NA,NA,NA,NA,NA,NA,NA
"Set_5dose_methods_prior","Set_5dose_methods_prior_SC3",3,"BOIN","approx2-r_fixed","approx2","r_fixed",NA,NA,0.6,0,0.0714,28,2,1,1,5,0.45,0.66,0.5047,NA,NA,0,1.3953,0.507,0.507,0.2475,29.6899,21.5824,1.292,350.9209,1935,1935,"0.15,0.2,0.3,0.35,0.45",0,1.4142,0.15,0.85,NA,NA,NA,NA,NA,NA,NA,NA,NA,NA,NA,NA,NA,NA,NA,NA,NA,NA,NA,NA,NA,NA,NA,NA
"Set_5dose_methods_prior","Set_5dose_methods_prior_SC3",3,"BOIN","approx1-r_fixed","approx1","r_fixed",NA,NA,0.6,0,0.0714,28,3,1,1,1,0.15,0.15,0.0707,NA,NA,0,17.0026,9.0093,9.0093,0,29.6899,20.2124,1.292,342.2713,1935,1935,"0.15,0.2,0.3,0.35,0.45",0,1.4142,0.15,0.85,NA,NA,NA,NA,NA,NA,NA,NA,NA,NA,NA,NA,NA,NA,NA,NA,NA,NA,NA,NA,NA,NA,NA,NA
"Set_5dose_methods_prior","Set_5dose_methods_prior_SC3",3,"BOIN","approx1-r_fixed","approx1","r_fixed",NA,NA,0.6,0,0.0714,28,3,1,1,2,0.2,0.29,0.1676,NA,NA,0,41.6021,11.3767,11.3767,4.7199,29.6899,20.2124,1.292,342.2713,1935,1935,"0.15,0.2,0.3,0.35,0.45",0,1.4142,0.15,0.85,NA,NA,NA,NA,NA,NA,NA,NA,NA,NA,NA,NA,NA,NA,NA,NA,NA,NA,NA,NA,NA,NA,NA,NA
"Set_5dose_methods_prior","Set_5dose_methods_prior_SC3",3,"BOIN","approx1-r_fixed","approx1","r_fixed",NA,NA,0.6,0,0.0714,28,3,1,1,3,0.3,0.42,0.2765,NA,NA,0,28.5271,6.7519,6.7519,3.6992,29.6899,20.2124,1.292,342.2713,1935,1935,"0.15,0.2,0.3,0.35,0.45",0,1.4142,0.15,0.85,NA,NA,NA,NA,NA,NA,NA,NA,NA,NA,NA,NA,NA,NA,NA,NA,NA,NA,NA,NA,NA,NA,NA,NA
"Set_5dose_methods_prior","Set_5dose_methods_prior_SC3",3,"BOIN","approx1-r_fixed","approx1","r_fixed",NA,NA,0.6,0,0.0714,28,3,1,1,4,0.35,0.53,0.3606,NA,NA,0,10.2326,2.1318,2.1318,0.7545,29.6899,20.2124,1.292,342.2713,1935,1935,"0.15,0.2,0.3,0.35,0.45",0,1.4142,0.15,0.85,NA,NA,NA,NA,NA,NA,NA,NA,NA,NA,NA,NA,NA,NA,NA,NA,NA,NA,NA,NA,NA,NA,NA,NA
"Set_5dose_methods_prior","Set_5dose_methods_prior_SC3",3,"BOIN","approx1-r_fixed","approx1","r_fixed",NA,NA,0.6,0,0.0714,28,3,1,1,5,0.45,0.66,0.4879,NA,NA,0,1.3437,0.4202,0.4202,0.3039,29.6899,20.2124,1.292,342.2713,1935,1935,"0.15,0.2,0.3,0.35,0.45",0,1.4142,0.15,0.85,NA,NA,NA,NA,NA,NA,NA,NA,NA,NA,NA,NA,NA,NA,NA,NA,NA,NA,NA,NA,NA,NA,NA,NA
"Set_5dose_methods_prior","Set_5dose_methods_prior_SC3",3,"BOIN","approx2-r_fixed","approx2","r_fixed",NA,NA,0.6,0,0.0714,28,3,1,1,1,0.15,0.15,0.0707,NA,NA,0,17.0026,9.0093,9.0093,0,29.6899,20.2124,1.292,342.2713,1935,1935,"0.15,0.2,0.3,0.35,0.45",0,1.4142,0.15,0.85,NA,NA,NA,NA,NA,NA,NA,NA,NA,NA,NA,NA,NA,NA,NA,NA,NA,NA,NA,NA,NA,NA,NA,NA
"Set_5dose_methods_prior","Set_5dose_methods_prior_SC3",3,"BOIN","approx2-r_fixed","approx2","r_fixed",NA,NA,0.6,0,0.0714,28,3,1,1,2,0.2,0.29,0.1676,NA,NA,0,41.6021,11.3767,11.3767,4.7199,29.6899,20.2124,1.292,342.2713,1935,1935,"0.15,0.2,0.3,0.35,0.45",0,1.4142,0.15,0.85,NA,NA,NA,NA,NA,NA,NA,NA,NA,NA,NA,NA,NA,NA,NA,NA,NA,NA,NA,NA,NA,NA,NA,NA
"Set_5dose_methods_prior","Set_5dose_methods_prior_SC3",3,"BOIN","approx2-r_fixed","approx2","r_fixed",NA,NA,0.6,0,0.0714,28,3,1,1,3,0.3,0.42,0.2765,NA,NA,0,28.5271,6.7519,6.7519,3.6992,29.6899,20.2124,1.292,342.2713,1935,1935,"0.15,0.2,0.3,0.35,0.45",0,1.4142,0.15,0.85,NA,NA,NA,NA,NA,NA,NA,NA,NA,NA,NA,NA,NA,NA,NA,NA,NA,NA,NA,NA,NA,NA,NA,NA
"Set_5dose_methods_prior","Set_5dose_methods_prior_SC3",3,"BOIN","approx2-r_fixed","approx2","r_fixed",NA,NA,0.6,0,0.0714,28,3,1,1,4,0.35,0.53,0.3606,NA,NA,0,10.2326,2.1318,2.1318,0.7545,29.6899,20.2124,1.292,342.2713,1935,1935,"0.15,0.2,0.3,0.35,0.45",0,1.4142,0.15,0.85,NA,NA,NA,NA,NA,NA,NA,NA,NA,NA,NA,NA,NA,NA,NA,NA,NA,NA,NA,NA,NA,NA,NA,NA
"Set_5dose_methods_prior","Set_5dose_methods_prior_SC3",3,"BOIN","approx2-r_fixed","approx2","r_fixed",NA,NA,0.6,0,0.0714,28,3,1,1,5,0.45,0.66,0.4879,NA,NA,0,1.3437,0.4202,0.4202,0.3039,29.6899,20.2124,1.292,342.2713,1935,1935,"0.15,0.2,0.3,0.35,0.45",0,1.4142,0.15,0.85,NA,NA,NA,NA,NA,NA,NA,NA,NA,NA,NA,NA,NA,NA,NA,NA,NA,NA,NA,NA,NA,NA,NA,NA
"Set_5dose_methods_prior","Set_5dose_methods_prior_SC3",3,"BOIN","approx1-r_fixed","approx1","r_fixed",NA,NA,0.9,0,0.0714,28,1,1,1,1,0.15,0.15,0.0502,NA,NA,0,8.3204,7.3271,7.3271,0,29.6899,29.6899,1.292,434.0962,1935,1935,"0.15,0.2,0.3,0.35,0.45",0,1.4142,0.15,0.85,NA,NA,NA,NA,NA,NA,NA,NA,NA,NA,NA,NA,NA,NA,NA,NA,NA,NA,NA,NA,NA,NA,NA,NA
"Set_5dose_methods_prior","Set_5dose_methods_prior_SC3",3,"BOIN","approx1-r_fixed","approx1","r_fixed",NA,NA,0.9,0,0.0714,28,1,1,1,2,0.2,0.335,0.1204,NA,NA,0,28.1137,9.2295,9.2295,0,29.6899,29.6899,1.292,434.0962,1935,1935,"0.15,0.2,0.3,0.35,0.45",0,1.4142,0.15,0.85,NA,NA,NA,NA,NA,NA,NA,NA,NA,NA,NA,NA,NA,NA,NA,NA,NA,NA,NA,NA,NA,NA,NA,NA
"Set_5dose_methods_prior","Set_5dose_methods_prior_SC3",3,"BOIN","approx1-r_fixed","approx1","r_fixed",NA,NA,0.9,0,0.0714,28,1,1,1,3,0.3,0.48,0.2209,NA,NA,0,33.5401,7.8403,7.8403,0,29.6899,29.6899,1.292,434.0962,1935,1935,"0.15,0.2,0.3,0.35,0.45",0,1.4142,0.15,0.85,NA,NA,NA,NA,NA,NA,NA,NA,NA,NA,NA,NA,NA,NA,NA,NA,NA,NA,NA,NA,NA,NA,NA,NA
"Set_5dose_methods_prior","Set_5dose_methods_prior_SC3",3,"BOIN","approx1-r_fixed","approx1","r_fixed",NA,NA,0.9,0,0.0714,28,1,1,1,4,0.35,0.62,0.2978,NA,NA,0,20.4134,3.8341,3.8341,0,29.6899,29.6899,1.292,434.0962,1935,1935,"0.15,0.2,0.3,0.35,0.45",0,1.4142,0.15,0.85,NA,NA,NA,NA,NA,NA,NA,NA,NA,NA,NA,NA,NA,NA,NA,NA,NA,NA,NA,NA,NA,NA,NA,NA
"Set_5dose_methods_prior","Set_5dose_methods_prior_SC3",3,"BOIN","approx1-r_fixed","approx1","r_fixed",NA,NA,0.9,0,0.0714,28,1,1,1,5,0.45,0.765,0.4293,NA,NA,0,8.3204,1.4589,1.4589,0,29.6899,29.6899,1.292,434.0962,1935,1935,"0.15,0.2,0.3,0.35,0.45",0,1.4142,0.15,0.85,NA,NA,NA,NA,NA,NA,NA,NA,NA,NA,NA,NA,NA,NA,NA,NA,NA,NA,NA,NA,NA,NA,NA,NA
"Set_5dose_methods_prior","Set_5dose_methods_prior_SC3",3,"BOIN","approx2-r_fixed","approx2","r_fixed",NA,NA,0.9,0,0.0714,28,1,1,1,1,0.15,0.15,0.0502,NA,NA,0,8.3204,7.3271,7.3271,0,29.6899,29.6899,1.292,434.0962,1935,1935,"0.15,0.2,0.3,0.35,0.45",0,1.4142,0.15,0.85,NA,NA,NA,NA,NA,NA,NA,NA,NA,NA,NA,NA,NA,NA,NA,NA,NA,NA,NA,NA,NA,NA,NA,NA
"Set_5dose_methods_prior","Set_5dose_methods_prior_SC3",3,"BOIN","approx2-r_fixed","approx2","r_fixed",NA,NA,0.9,0,0.0714,28,1,1,1,2,0.2,0.335,0.1204,NA,NA,0,28.1137,9.2295,9.2295,0,29.6899,29.6899,1.292,434.0962,1935,1935,"0.15,0.2,0.3,0.35,0.45",0,1.4142,0.15,0.85,NA,NA,NA,NA,NA,NA,NA,NA,NA,NA,NA,NA,NA,NA,NA,NA,NA,NA,NA,NA,NA,NA,NA,NA
"Set_5dose_methods_prior","Set_5dose_methods_prior_SC3",3,"BOIN","approx2-r_fixed","approx2","r_fixed",NA,NA,0.9,0,0.0714,28,1,1,1,3,0.3,0.48,0.2209,NA,NA,0,33.5401,7.8403,7.8403,0,29.6899,29.6899,1.292,434.0962,1935,1935,"0.15,0.2,0.3,0.35,0.45",0,1.4142,0.15,0.85,NA,NA,NA,NA,NA,NA,NA,NA,NA,NA,NA,NA,NA,NA,NA,NA,NA,NA,NA,NA,NA,NA,NA,NA
"Set_5dose_methods_prior","Set_5dose_methods_prior_SC3",3,"BOIN","approx2-r_fixed","approx2","r_fixed",NA,NA,0.9,0,0.0714,28,1,1,1,4,0.35,0.62,0.2978,NA,NA,0,20.4134,3.8341,3.8341,0,29.6899,29.6899,1.292,434.0962,1935,1935,"0.15,0.2,0.3,0.35,0.45",0,1.4142,0.15,0.85,NA,NA,NA,NA,NA,NA,NA,NA,NA,NA,NA,NA,NA,NA,NA,NA,NA,NA,NA,NA,NA,NA,NA,NA
"Set_5dose_methods_prior","Set_5dose_methods_prior_SC3",3,"BOIN","approx2-r_fixed","approx2","r_fixed",NA,NA,0.9,0,0.0714,28,1,1,1,5,0.45,0.765,0.4293,NA,NA,0,8.3204,1.4589,1.4589,0,29.6899,29.6899,1.292,434.0962,1935,1935,"0.15,0.2,0.3,0.35,0.45",0,1.4142,0.15,0.85,NA,NA,NA,NA,NA,NA,NA,NA,NA,NA,NA,NA,NA,NA,NA,NA,NA,NA,NA,NA,NA,NA,NA,NA
"Set_5dose_methods_prior","Set_5dose_methods_prior_SC3",3,"BOIN","approx1-r_fixed","approx1","r_fixed",NA,NA,0.9,0,0.0714,28,2,1,1,1,0.15,0.15,0.0757,NA,NA,0,22.5323,10.0217,10.0217,0,29.6899,21.8274,1.292,352.0713,1935,1935,"0.15,0.2,0.3,0.35,0.45",0,1.4142,0.15,0.85,NA,NA,NA,NA,NA,NA,NA,NA,NA,NA,NA,NA,NA,NA,NA,NA,NA,NA,NA,NA,NA,NA,NA,NA
"Set_5dose_methods_prior","Set_5dose_methods_prior_SC3",3,"BOIN","approx1-r_fixed","approx1","r_fixed",NA,NA,0.9,0,0.0714,28,2,1,1,2,0.2,0.335,0.1752,NA,NA,0,38.6563,10.8248,10.8248,4.7773,29.6899,21.8274,1.292,352.0713,1935,1935,"0.15,0.2,0.3,0.35,0.45",0,1.4142,0.15,0.85,NA,NA,NA,NA,NA,NA,NA,NA,NA,NA,NA,NA,NA,NA,NA,NA,NA,NA,NA,NA,NA,NA,NA,NA
"Set_5dose_methods_prior","Set_5dose_methods_prior_SC3",3,"BOIN","approx1-r_fixed","approx1","r_fixed",NA,NA,0.9,0,0.0714,28,2,1,1,3,0.3,0.48,0.2847,NA,NA,0,29.4057,6.6527,6.6527,1.8739,29.6899,21.8274,1.292,352.0713,1935,1935,"0.15,0.2,0.3,0.35,0.45",0,1.4142,0.15,0.85,NA,NA,NA,NA,NA,NA,NA,NA,NA,NA,NA,NA,NA,NA,NA,NA,NA,NA,NA,NA,NA,NA,NA,NA
"Set_5dose_methods_prior","Set_5dose_methods_prior_SC3",3,"BOIN","approx1-r_fixed","approx1","r_fixed",NA,NA,0.9,0,0.0714,28,2,1,1,4,0.35,0.62,0.3901,NA,NA,0,7.6486,1.9318,1.9318,1.0698,29.6899,21.8274,1.292,352.0713,1935,1935,"0.15,0.2,0.3,0.35,0.45",0,1.4142,0.15,0.85,NA,NA,NA,NA,NA,NA,NA,NA,NA,NA,NA,NA,NA,NA,NA,NA,NA,NA,NA,NA,NA,NA,NA,NA
"Set_5dose_methods_prior","Set_5dose_methods_prior_SC3",3,"BOIN","approx1-r_fixed","approx1","r_fixed",NA,NA,0.9,0,0.0714,28,2,1,1,5,0.45,0.765,0.5284,NA,NA,0,0.4651,0.2589,0.2589,0.1416,29.6899,21.8274,1.292,352.0713,1935,1935,"0.15,0.2,0.3,0.35,0.45",0,1.4142,0.15,0.85,NA,NA,NA,NA,NA,NA,NA,NA,NA,NA,NA,NA,NA,NA,NA,NA,NA,NA,NA,NA,NA,NA,NA,NA
"Set_5dose_methods_prior","Set_5dose_methods_prior_SC3",3,"BOIN","approx2-r_fixed","approx2","r_fixed",NA,NA,0.9,0,0.0714,28,2,1,1,1,0.15,0.15,0.0757,NA,NA,0,22.5323,10.0217,10.0217,0,29.6899,21.8274,1.292,352.0713,1935,1935,"0.15,0.2,0.3,0.35,0.45",0,1.4142,0.15,0.85,NA,NA,NA,NA,NA,NA,NA,NA,NA,NA,NA,NA,NA,NA,NA,NA,NA,NA,NA,NA,NA,NA,NA,NA
"Set_5dose_methods_prior","Set_5dose_methods_prior_SC3",3,"BOIN","approx2-r_fixed","approx2","r_fixed",NA,NA,0.9,0,0.0714,28,2,1,1,2,0.2,0.335,0.1752,NA,NA,0,38.6563,10.8248,10.8248,4.7773,29.6899,21.8274,1.292,352.0713,1935,1935,"0.15,0.2,0.3,0.35,0.45",0,1.4142,0.15,0.85,NA,NA,NA,NA,NA,NA,NA,NA,NA,NA,NA,NA,NA,NA,NA,NA,NA,NA,NA,NA,NA,NA,NA,NA
"Set_5dose_methods_prior","Set_5dose_methods_prior_SC3",3,"BOIN","approx2-r_fixed","approx2","r_fixed",NA,NA,0.9,0,0.0714,28,2,1,1,3,0.3,0.48,0.2847,NA,NA,0,29.4057,6.6527,6.6527,1.8739,29.6899,21.8274,1.292,352.0713,1935,1935,"0.15,0.2,0.3,0.35,0.45",0,1.4142,0.15,0.85,NA,NA,NA,NA,NA,NA,NA,NA,NA,NA,NA,NA,NA,NA,NA,NA,NA,NA,NA,NA,NA,NA,NA,NA
"Set_5dose_methods_prior","Set_5dose_methods_prior_SC3",3,"BOIN","approx2-r_fixed","approx2","r_fixed",NA,NA,0.9,0,0.0714,28,2,1,1,4,0.35,0.62,0.3901,NA,NA,0,7.6486,1.9318,1.9318,1.0698,29.6899,21.8274,1.292,352.0713,1935,1935,"0.15,0.2,0.3,0.35,0.45",0,1.4142,0.15,0.85,NA,NA,NA,NA,NA,NA,NA,NA,NA,NA,NA,NA,NA,NA,NA,NA,NA,NA,NA,NA,NA,NA,NA,NA
"Set_5dose_methods_prior","Set_5dose_methods_prior_SC3",3,"BOIN","approx2-r_fixed","approx2","r_fixed",NA,NA,0.9,0,0.0714,28,2,1,1,5,0.45,0.765,0.5284,NA,NA,0,0.4651,0.2589,0.2589,0.1416,29.6899,21.8274,1.292,352.0713,1935,1935,"0.15,0.2,0.3,0.35,0.45",0,1.4142,0.15,0.85,NA,NA,NA,NA,NA,NA,NA,NA,NA,NA,NA,NA,NA,NA,NA,NA,NA,NA,NA,NA,NA,NA,NA,NA
"Set_5dose_methods_prior","Set_5dose_methods_prior_SC3",3,"BOIN","approx1-r_fixed","approx1","r_fixed",NA,NA,0.9,0,0.0714,28,3,1,1,1,0.15,0.15,0.0798,NA,NA,0,22.739,10.0558,10.0558,0,29.6899,20.6532,1.292,344.4574,1935,1935,"0.15,0.2,0.3,0.35,0.45",0,1.4142,0.15,0.85,NA,NA,NA,NA,NA,NA,NA,NA,NA,NA,NA,NA,NA,NA,NA,NA,NA,NA,NA,NA,NA,NA,NA,NA
"Set_5dose_methods_prior","Set_5dose_methods_prior_SC3",3,"BOIN","approx1-r_fixed","approx1","r_fixed",NA,NA,0.9,0,0.0714,28,3,1,1,2,0.2,0.335,0.19,NA,NA,0,47.8036,12.1814,12.1814,4.8744,29.6899,20.6532,1.292,344.4574,1935,1935,"0.15,0.2,0.3,0.35,0.45",0,1.4142,0.15,0.85,NA,NA,NA,NA,NA,NA,NA,NA,NA,NA,NA,NA,NA,NA,NA,NA,NA,NA,NA,NA,NA,NA,NA,NA
"Set_5dose_methods_prior","Set_5dose_methods_prior_SC3",3,"BOIN","approx1-r_fixed","approx1","r_fixed",NA,NA,0.9,0,0.0714,28,3,1,1,3,0.3,0.48,0.3096,NA,NA,0,21.5504,5.8512,5.8512,3.4537,29.6899,20.6532,1.292,344.4574,1935,1935,"0.15,0.2,0.3,0.35,0.45",0,1.4142,0.15,0.85,NA,NA,NA,NA,NA,NA,NA,NA,NA,NA,NA,NA,NA,NA,NA,NA,NA,NA,NA,NA,NA,NA,NA,NA
"Set_5dose_methods_prior","Set_5dose_methods_prior_SC3",3,"BOIN","approx1-r_fixed","approx1","r_fixed",NA,NA,0.9,0,0.0714,28,3,1,1,4,0.35,0.62,0.3875,NA,NA,0,6.2016,1.386,1.386,0.5302,29.6899,20.6532,1.292,344.4574,1935,1935,"0.15,0.2,0.3,0.35,0.45",0,1.4142,0.15,0.85,NA,NA,NA,NA,NA,NA,NA,NA,NA,NA,NA,NA,NA,NA,NA,NA,NA,NA,NA,NA,NA,NA,NA,NA
"Set_5dose_methods_prior","Set_5dose_methods_prior_SC3",3,"BOIN","approx1-r_fixed","approx1","r_fixed",NA,NA,0.9,0,0.0714,28,3,1,1,5,0.45,0.765,0.5357,NA,NA,0,0.4134,0.2155,0.2155,0.1783,29.6899,20.6532,1.292,344.4574,1935,1935,"0.15,0.2,0.3,0.35,0.45",0,1.4142,0.15,0.85,NA,NA,NA,NA,NA,NA,NA,NA,NA,NA,NA,NA,NA,NA,NA,NA,NA,NA,NA,NA,NA,NA,NA,NA
"Set_5dose_methods_prior","Set_5dose_methods_prior_SC3",3,"BOIN","approx2-r_fixed","approx2","r_fixed",NA,NA,0.9,0,0.0714,28,3,1,1,1,0.15,0.15,0.0798,NA,NA,0,22.739,10.0558,10.0558,0,29.6899,20.6532,1.292,344.4574,1935,1935,"0.15,0.2,0.3,0.35,0.45",0,1.4142,0.15,0.85,NA,NA,NA,NA,NA,NA,NA,NA,NA,NA,NA,NA,NA,NA,NA,NA,NA,NA,NA,NA,NA,NA,NA,NA
"Set_5dose_methods_prior","Set_5dose_methods_prior_SC3",3,"BOIN","approx2-r_fixed","approx2","r_fixed",NA,NA,0.9,0,0.0714,28,3,1,1,2,0.2,0.335,0.19,NA,NA,0,47.8036,12.1814,12.1814,4.8744,29.6899,20.6532,1.292,344.4574,1935,1935,"0.15,0.2,0.3,0.35,0.45",0,1.4142,0.15,0.85,NA,NA,NA,NA,NA,NA,NA,NA,NA,NA,NA,NA,NA,NA,NA,NA,NA,NA,NA,NA,NA,NA,NA,NA
"Set_5dose_methods_prior","Set_5dose_methods_prior_SC3",3,"BOIN","approx2-r_fixed","approx2","r_fixed",NA,NA,0.9,0,0.0714,28,3,1,1,3,0.3,0.48,0.3096,NA,NA,0,21.5504,5.8512,5.8512,3.4537,29.6899,20.6532,1.292,344.4574,1935,1935,"0.15,0.2,0.3,0.35,0.45",0,1.4142,0.15,0.85,NA,NA,NA,NA,NA,NA,NA,NA,NA,NA,NA,NA,NA,NA,NA,NA,NA,NA,NA,NA,NA,NA,NA,NA
"Set_5dose_methods_prior","Set_5dose_methods_prior_SC3",3,"BOIN","approx2-r_fixed","approx2","r_fixed",NA,NA,0.9,0,0.0714,28,3,1,1,4,0.35,0.62,0.3875,NA,NA,0,6.2016,1.386,1.386,0.5302,29.6899,20.6532,1.292,344.4574,1935,1935,"0.15,0.2,0.3,0.35,0.45",0,1.4142,0.15,0.85,NA,NA,NA,NA,NA,NA,NA,NA,NA,NA,NA,NA,NA,NA,NA,NA,NA,NA,NA,NA,NA,NA,NA,NA
"Set_5dose_methods_prior","Set_5dose_methods_prior_SC3",3,"BOIN","approx2-r_fixed","approx2","r_fixed",NA,NA,0.9,0,0.0714,28,3,1,1,5,0.45,0.765,0.5357,NA,NA,0,0.4134,0.2155,0.2155,0.1783,29.6899,20.6532,1.292,344.4574,1935,1935,"0.15,0.2,0.3,0.35,0.45",0,1.4142,0.15,0.85,NA,NA,NA,NA,NA,NA,NA,NA,NA,NA,NA,NA,NA,NA,NA,NA,NA,NA,NA,NA,NA,NA,NA,NA
"Set_5dose_methods_prior","Set_5dose_methods_prior_SC4",4,"BOIN","approx1-r_fixed","approx1","r_fixed",NA,NA,0,0,0.0714,28,1,1,1,1,0.15,0.15,0.084,NA,NA,0,22.2739,10.2016,10.2016,0,29.6899,29.6899,1.292,434.0962,1935,1935,"0.15,0.2,0.3,0.35,0.45",0,1.4142,0.15,0.85,NA,NA,NA,NA,NA,NA,NA,NA,NA,NA,NA,NA,NA,NA,NA,NA,NA,NA,NA,NA,NA,NA,NA,NA
"Set_5dose_methods_prior","Set_5dose_methods_prior_SC4",4,"BOIN","approx1-r_fixed","approx1","r_fixed",NA,NA,0,0,0.0714,28,1,1,1,2,0.3,0.3,0.2214,NA,NA,0,47.1318,11.8326,11.8326,0,29.6899,29.6899,1.292,434.0962,1935,1935,"0.15,0.2,0.3,0.35,0.45",0,1.4142,0.15,0.85,NA,NA,NA,NA,NA,NA,NA,NA,NA,NA,NA,NA,NA,NA,NA,NA,NA,NA,NA,NA,NA,NA,NA,NA
"Set_5dose_methods_prior","Set_5dose_methods_prior_SC4",4,"BOIN","approx1-r_fixed","approx1","r_fixed",NA,NA,0,0,0.0714,28,1,1,1,3,0.38,0.38,0.3229,NA,NA,0,21.292,5.6496,5.6496,0,29.6899,29.6899,1.292,434.0962,1935,1935,"0.15,0.2,0.3,0.35,0.45",0,1.4142,0.15,0.85,NA,NA,NA,NA,NA,NA,NA,NA,NA,NA,NA,NA,NA,NA,NA,NA,NA,NA,NA,NA,NA,NA,NA,NA
"Set_5dose_methods_prior","Set_5dose_methods_prior_SC4",4,"BOIN","approx1-r_fixed","approx1","r_fixed",NA,NA,0,0,0.0714,28,1,1,1,4,0.45,0.45,0.3985,NA,NA,0,6.9251,1.6977,1.6977,0,29.6899,29.6899,1.292,434.0962,1935,1935,"0.15,0.2,0.3,0.35,0.45",0,1.4142,0.15,0.85,NA,NA,NA,NA,NA,NA,NA,NA,NA,NA,NA,NA,NA,NA,NA,NA,NA,NA,NA,NA,NA,NA,NA,NA
"Set_5dose_methods_prior","Set_5dose_methods_prior_SC4",4,"BOIN","approx1-r_fixed","approx1","r_fixed",NA,NA,0,0,0.0714,28,1,1,1,5,0.55,0.55,0.4869,NA,NA,0,1.0853,0.3085,0.3085,0,29.6899,29.6899,1.292,434.0962,1935,1935,"0.15,0.2,0.3,0.35,0.45",0,1.4142,0.15,0.85,NA,NA,NA,NA,NA,NA,NA,NA,NA,NA,NA,NA,NA,NA,NA,NA,NA,NA,NA,NA,NA,NA,NA,NA
"Set_5dose_methods_prior","Set_5dose_methods_prior_SC4",4,"BOIN","approx2-r_fixed","approx2","r_fixed",NA,NA,0,0,0.0714,28,1,1,1,1,0.15,0.15,0.084,NA,NA,0,22.2739,10.2016,10.2016,0,29.6899,29.6899,1.292,434.0962,1935,1935,"0.15,0.2,0.3,0.35,0.45",0,1.4142,0.15,0.85,NA,NA,NA,NA,NA,NA,NA,NA,NA,NA,NA,NA,NA,NA,NA,NA,NA,NA,NA,NA,NA,NA,NA,NA
"Set_5dose_methods_prior","Set_5dose_methods_prior_SC4",4,"BOIN","approx2-r_fixed","approx2","r_fixed",NA,NA,0,0,0.0714,28,1,1,1,2,0.3,0.3,0.2214,NA,NA,0,47.1318,11.8326,11.8326,0,29.6899,29.6899,1.292,434.0962,1935,1935,"0.15,0.2,0.3,0.35,0.45",0,1.4142,0.15,0.85,NA,NA,NA,NA,NA,NA,NA,NA,NA,NA,NA,NA,NA,NA,NA,NA,NA,NA,NA,NA,NA,NA,NA,NA
"Set_5dose_methods_prior","Set_5dose_methods_prior_SC4",4,"BOIN","approx2-r_fixed","approx2","r_fixed",NA,NA,0,0,0.0714,28,1,1,1,3,0.38,0.38,0.3229,NA,NA,0,21.292,5.6496,5.6496,0,29.6899,29.6899,1.292,434.0962,1935,1935,"0.15,0.2,0.3,0.35,0.45",0,1.4142,0.15,0.85,NA,NA,NA,NA,NA,NA,NA,NA,NA,NA,NA,NA,NA,NA,NA,NA,NA,NA,NA,NA,NA,NA,NA,NA
"Set_5dose_methods_prior","Set_5dose_methods_prior_SC4",4,"BOIN","approx2-r_fixed","approx2","r_fixed",NA,NA,0,0,0.0714,28,1,1,1,4,0.45,0.45,0.3985,NA,NA,0,6.9251,1.6977,1.6977,0,29.6899,29.6899,1.292,434.0962,1935,1935,"0.15,0.2,0.3,0.35,0.45",0,1.4142,0.15,0.85,NA,NA,NA,NA,NA,NA,NA,NA,NA,NA,NA,NA,NA,NA,NA,NA,NA,NA,NA,NA,NA,NA,NA,NA
"Set_5dose_methods_prior","Set_5dose_methods_prior_SC4",4,"BOIN","approx2-r_fixed","approx2","r_fixed",NA,NA,0,0,0.0714,28,1,1,1,5,0.55,0.55,0.4869,NA,NA,0,1.0853,0.3085,0.3085,0,29.6899,29.6899,1.292,434.0962,1935,1935,"0.15,0.2,0.3,0.35,0.45",0,1.4142,0.15,0.85,NA,NA,NA,NA,NA,NA,NA,NA,NA,NA,NA,NA,NA,NA,NA,NA,NA,NA,NA,NA,NA,NA,NA,NA
"Set_5dose_methods_prior","Set_5dose_methods_prior_SC4",4,"BOIN","approx1-r_fixed","approx1","r_fixed",NA,NA,0,0,0.0714,28,2,1,1,1,0.15,0.15,0.084,NA,NA,0,22.2739,10.2016,10.2016,0,29.6899,22.2098,1.292,355.1437,1935,1935,"0.15,0.2,0.3,0.35,0.45",0,1.4142,0.15,0.85,NA,NA,NA,NA,NA,NA,NA,NA,NA,NA,NA,NA,NA,NA,NA,NA,NA,NA,NA,NA,NA,NA,NA,NA
"Set_5dose_methods_prior","Set_5dose_methods_prior_SC4",4,"BOIN","approx1-r_fixed","approx1","r_fixed",NA,NA,0,0,0.0714,28,2,1,1,2,0.3,0.3,0.2214,NA,NA,0,47.1318,11.8326,11.8326,5.1468,29.6899,22.2098,1.292,355.1437,1935,1935,"0.15,0.2,0.3,0.35,0.45",0,1.4142,0.15,0.85,NA,NA,NA,NA,NA,NA,NA,NA,NA,NA,NA,NA,NA,NA,NA,NA,NA,NA,NA,NA,NA,NA,NA,NA
"Set_5dose_methods_prior","Set_5dose_methods_prior_SC4",4,"BOIN","approx1-r_fixed","approx1","r_fixed",NA,NA,0,0,0.0714,28,2,1,1,3,0.38,0.38,0.3229,NA,NA,0,21.292,5.6496,5.6496,1.4119,29.6899,22.2098,1.292,355.1437,1935,1935,"0.15,0.2,0.3,0.35,0.45",0,1.4142,0.15,0.85,NA,NA,NA,NA,NA,NA,NA,NA,NA,NA,NA,NA,NA,NA,NA,NA,NA,NA,NA,NA,NA,NA,NA,NA
"Set_5dose_methods_prior","Set_5dose_methods_prior_SC4",4,"BOIN","approx1-r_fixed","approx1","r_fixed",NA,NA,0,0,0.0714,28,2,1,1,4,0.45,0.45,0.3985,NA,NA,0,6.9251,1.6977,1.6977,0.8114,29.6899,22.2098,1.292,355.1437,1935,1935,"0.15,0.2,0.3,0.35,0.45",0,1.4142,0.15,0.85,NA,NA,NA,NA,NA,NA,NA,NA,NA,NA,NA,NA,NA,NA,NA,NA,NA,NA,NA,NA,NA,NA,NA,NA
"Set_5dose_methods_prior","Set_5dose_methods_prior_SC4",4,"BOIN","approx1-r_fixed","approx1","r_fixed",NA,NA,0,0,0.0714,28,2,1,1,5,0.55,0.55,0.4869,NA,NA,0,1.0853,0.3085,0.3085,0.1101,29.6899,22.2098,1.292,355.1437,1935,1935,"0.15,0.2,0.3,0.35,0.45",0,1.4142,0.15,0.85,NA,NA,NA,NA,NA,NA,NA,NA,NA,NA,NA,NA,NA,NA,NA,NA,NA,NA,NA,NA,NA,NA,NA,NA
"Set_5dose_methods_prior","Set_5dose_methods_prior_SC4",4,"BOIN","approx2-r_fixed","approx2","r_fixed",NA,NA,0,0,0.0714,28,2,1,1,1,0.15,0.15,0.084,NA,NA,0,22.2739,10.2016,10.2016,0,29.6899,22.2098,1.292,355.1437,1935,1935,"0.15,0.2,0.3,0.35,0.45",0,1.4142,0.15,0.85,NA,NA,NA,NA,NA,NA,NA,NA,NA,NA,NA,NA,NA,NA,NA,NA,NA,NA,NA,NA,NA,NA,NA,NA
"Set_5dose_methods_prior","Set_5dose_methods_prior_SC4",4,"BOIN","approx2-r_fixed","approx2","r_fixed",NA,NA,0,0,0.0714,28,2,1,1,2,0.3,0.3,0.2214,NA,NA,0,47.1318,11.8326,11.8326,5.1468,29.6899,22.2098,1.292,355.1437,1935,1935,"0.15,0.2,0.3,0.35,0.45",0,1.4142,0.15,0.85,NA,NA,NA,NA,NA,NA,NA,NA,NA,NA,NA,NA,NA,NA,NA,NA,NA,NA,NA,NA,NA,NA,NA,NA
"Set_5dose_methods_prior","Set_5dose_methods_prior_SC4",4,"BOIN","approx2-r_fixed","approx2","r_fixed",NA,NA,0,0,0.0714,28,2,1,1,3,0.38,0.38,0.3229,NA,NA,0,21.292,5.6496,5.6496,1.4119,29.6899,22.2098,1.292,355.1437,1935,1935,"0.15,0.2,0.3,0.35,0.45",0,1.4142,0.15,0.85,NA,NA,NA,NA,NA,NA,NA,NA,NA,NA,NA,NA,NA,NA,NA,NA,NA,NA,NA,NA,NA,NA,NA,NA
"Set_5dose_methods_prior","Set_5dose_methods_prior_SC4",4,"BOIN","approx2-r_fixed","approx2","r_fixed",NA,NA,0,0,0.0714,28,2,1,1,4,0.45,0.45,0.3985,NA,NA,0,6.9251,1.6977,1.6977,0.8114,29.6899,22.2098,1.292,355.1437,1935,1935,"0.15,0.2,0.3,0.35,0.45",0,1.4142,0.15,0.85,NA,NA,NA,NA,NA,NA,NA,NA,NA,NA,NA,NA,NA,NA,NA,NA,NA,NA,NA,NA,NA,NA,NA,NA
"Set_5dose_methods_prior","Set_5dose_methods_prior_SC4",4,"BOIN","approx2-r_fixed","approx2","r_fixed",NA,NA,0,0,0.0714,28,2,1,1,5,0.55,0.55,0.4869,NA,NA,0,1.0853,0.3085,0.3085,0.1101,29.6899,22.2098,1.292,355.1437,1935,1935,"0.15,0.2,0.3,0.35,0.45",0,1.4142,0.15,0.85,NA,NA,NA,NA,NA,NA,NA,NA,NA,NA,NA,NA,NA,NA,NA,NA,NA,NA,NA,NA,NA,NA,NA,NA
"Set_5dose_methods_prior","Set_5dose_methods_prior_SC4",4,"BOIN","approx1-r_fixed","approx1","r_fixed",NA,NA,0,0,0.0714,28,3,1,1,1,0.15,0.15,0.084,NA,NA,0,22.2739,10.2016,10.2016,0,29.6899,20.861,1.292,346.026,1935,1935,"0.15,0.2,0.3,0.35,0.45",0,1.4142,0.15,0.85,NA,NA,NA,NA,NA,NA,NA,NA,NA,NA,NA,NA,NA,NA,NA,NA,NA,NA,NA,NA,NA,NA,NA,NA
"Set_5dose_methods_prior","Set_5dose_methods_prior_SC4",4,"BOIN","approx1-r_fixed","approx1","r_fixed",NA,NA,0,0,0.0714,28,3,1,1,2,0.3,0.3,0.2214,NA,NA,0,47.1318,11.8326,11.8326,5.1468,29.6899,20.861,1.292,346.026,1935,1935,"0.15,0.2,0.3,0.35,0.45",0,1.4142,0.15,0.85,NA,NA,NA,NA,NA,NA,NA,NA,NA,NA,NA,NA,NA,NA,NA,NA,NA,NA,NA,NA,NA,NA,NA,NA
"Set_5dose_methods_prior","Set_5dose_methods_prior_SC4",4,"BOIN","approx1-r_fixed","approx1","r_fixed",NA,NA,0,0,0.0714,28,3,1,1,3,0.38,0.38,0.3229,NA,NA,0,21.292,5.6496,5.6496,2.953,29.6899,20.861,1.292,346.026,1935,1935,"0.15,0.2,0.3,0.35,0.45",0,1.4142,0.15,0.85,NA,NA,NA,NA,NA,NA,NA,NA,NA,NA,NA,NA,NA,NA,NA,NA,NA,NA,NA,NA,NA,NA,NA,NA
"Set_5dose_methods_prior","Set_5dose_methods_prior_SC4",4,"BOIN","approx1-r_fixed","approx1","r_fixed",NA,NA,0,0,0.0714,28,3,1,1,4,0.45,0.45,0.3985,NA,NA,0,6.9251,1.6977,1.6977,0.5344,29.6899,20.861,1.292,346.026,1935,1935,"0.15,0.2,0.3,0.35,0.45",0,1.4142,0.15,0.85,NA,NA,NA,NA,NA,NA,NA,NA,NA,NA,NA,NA,NA,NA,NA,NA,NA,NA,NA,NA,NA,NA,NA,NA
"Set_5dose_methods_prior","Set_5dose_methods_prior_SC4",4,"BOIN","approx1-r_fixed","approx1","r_fixed",NA,NA,0,0,0.0714,28,3,1,1,5,0.55,0.55,0.4869,NA,NA,0,1.0853,0.3085,0.3085,0.1948,29.6899,20.861,1.292,346.026,1935,1935,"0.15,0.2,0.3,0.35,0.45",0,1.4142,0.15,0.85,NA,NA,NA,NA,NA,NA,NA,NA,NA,NA,NA,NA,NA,NA,NA,NA,NA,NA,NA,NA,NA,NA,NA,NA
"Set_5dose_methods_prior","Set_5dose_methods_prior_SC4",4,"BOIN","approx2-r_fixed","approx2","r_fixed",NA,NA,0,0,0.0714,28,3,1,1,1,0.15,0.15,0.084,NA,NA,0,22.2739,10.2016,10.2016,0,29.6899,20.861,1.292,346.026,1935,1935,"0.15,0.2,0.3,0.35,0.45",0,1.4142,0.15,0.85,NA,NA,NA,NA,NA,NA,NA,NA,NA,NA,NA,NA,NA,NA,NA,NA,NA,NA,NA,NA,NA,NA,NA,NA
"Set_5dose_methods_prior","Set_5dose_methods_prior_SC4",4,"BOIN","approx2-r_fixed","approx2","r_fixed",NA,NA,0,0,0.0714,28,3,1,1,2,0.3,0.3,0.2214,NA,NA,0,47.1318,11.8326,11.8326,5.1468,29.6899,20.861,1.292,346.026,1935,1935,"0.15,0.2,0.3,0.35,0.45",0,1.4142,0.15,0.85,NA,NA,NA,NA,NA,NA,NA,NA,NA,NA,NA,NA,NA,NA,NA,NA,NA,NA,NA,NA,NA,NA,NA,NA
"Set_5dose_methods_prior","Set_5dose_methods_prior_SC4",4,"BOIN","approx2-r_fixed","approx2","r_fixed",NA,NA,0,0,0.0714,28,3,1,1,3,0.38,0.38,0.3229,NA,NA,0,21.292,5.6496,5.6496,2.953,29.6899,20.861,1.292,346.026,1935,1935,"0.15,0.2,0.3,0.35,0.45",0,1.4142,0.15,0.85,NA,NA,NA,NA,NA,NA,NA,NA,NA,NA,NA,NA,NA,NA,NA,NA,NA,NA,NA,NA,NA,NA,NA,NA
"Set_5dose_methods_prior","Set_5dose_methods_prior_SC4",4,"BOIN","approx2-r_fixed","approx2","r_fixed",NA,NA,0,0,0.0714,28,3,1,1,4,0.45,0.45,0.3985,NA,NA,0,6.9251,1.6977,1.6977,0.5344,29.6899,20.861,1.292,346.026,1935,1935,"0.15,0.2,0.3,0.35,0.45",0,1.4142,0.15,0.85,NA,NA,NA,NA,NA,NA,NA,NA,NA,NA,NA,NA,NA,NA,NA,NA,NA,NA,NA,NA,NA,NA,NA,NA
"Set_5dose_methods_prior","Set_5dose_methods_prior_SC4",4,"BOIN","approx2-r_fixed","approx2","r_fixed",NA,NA,0,0,0.0714,28,3,1,1,5,0.55,0.55,0.4869,NA,NA,0,1.0853,0.3085,0.3085,0.1948,29.6899,20.861,1.292,346.026,1935,1935,"0.15,0.2,0.3,0.35,0.45",0,1.4142,0.15,0.85,NA,NA,NA,NA,NA,NA,NA,NA,NA,NA,NA,NA,NA,NA,NA,NA,NA,NA,NA,NA,NA,NA,NA,NA
"Set_5dose_methods_prior","Set_5dose_methods_prior_SC4",4,"BOIN","approx1-r_fixed","approx1","r_fixed",NA,NA,0.3,0,0.0714,28,1,1,1,1,0.15,0.15,0.084,NA,NA,0,22.2739,10.2016,10.2016,0,29.6899,29.6899,1.292,434.0962,1935,1935,"0.15,0.2,0.3,0.35,0.45",0,1.4142,0.15,0.85,NA,NA,NA,NA,NA,NA,NA,NA,NA,NA,NA,NA,NA,NA,NA,NA,NA,NA,NA,NA,NA,NA,NA,NA
"Set_5dose_methods_prior","Set_5dose_methods_prior_SC4",4,"BOIN","approx1-r_fixed","approx1","r_fixed",NA,NA,0.3,0,0.0714,28,1,1,1,2,0.3,0.345,0.2214,NA,NA,0,47.1318,11.8326,11.8326,0,29.6899,29.6899,1.292,434.0962,1935,1935,"0.15,0.2,0.3,0.35,0.45",0,1.4142,0.15,0.85,NA,NA,NA,NA,NA,NA,NA,NA,NA,NA,NA,NA,NA,NA,NA,NA,NA,NA,NA,NA,NA,NA,NA,NA
"Set_5dose_methods_prior","Set_5dose_methods_prior_SC4",4,"BOIN","approx1-r_fixed","approx1","r_fixed",NA,NA,0.3,0,0.0714,28,1,1,1,3,0.38,0.47,0.3229,NA,NA,0,21.292,5.6496,5.6496,0,29.6899,29.6899,1.292,434.0962,1935,1935,"0.15,0.2,0.3,0.35,0.45",0,1.4142,0.15,0.85,NA,NA,NA,NA,NA,NA,NA,NA,NA,NA,NA,NA,NA,NA,NA,NA,NA,NA,NA,NA,NA,NA,NA,NA
"Set_5dose_methods_prior","Set_5dose_methods_prior_SC4",4,"BOIN","approx1-r_fixed","approx1","r_fixed",NA,NA,0.3,0,0.0714,28,1,1,1,4,0.45,0.564,0.3985,NA,NA,0,6.9251,1.6977,1.6977,0,29.6899,29.6899,1.292,434.0962,1935,1935,"0.15,0.2,0.3,0.35,0.45",0,1.4142,0.15,0.85,NA,NA,NA,NA,NA,NA,NA,NA,NA,NA,NA,NA,NA,NA,NA,NA,NA,NA,NA,NA,NA,NA,NA,NA
"Set_5dose_methods_prior","Set_5dose_methods_prior_SC4",4,"BOIN","approx1-r_fixed","approx1","r_fixed",NA,NA,0.3,0,0.0714,28,1,1,1,5,0.55,0.685,0.4869,NA,NA,0,1.0853,0.3085,0.3085,0,29.6899,29.6899,1.292,434.0962,1935,1935,"0.15,0.2,0.3,0.35,0.45",0,1.4142,0.15,0.85,NA,NA,NA,NA,NA,NA,NA,NA,NA,NA,NA,NA,NA,NA,NA,NA,NA,NA,NA,NA,NA,NA,NA,NA
"Set_5dose_methods_prior","Set_5dose_methods_prior_SC4",4,"BOIN","approx2-r_fixed","approx2","r_fixed",NA,NA,0.3,0,0.0714,28,1,1,1,1,0.15,0.15,0.084,NA,NA,0,22.2739,10.2016,10.2016,0,29.6899,29.6899,1.292,434.0962,1935,1935,"0.15,0.2,0.3,0.35,0.45",0,1.4142,0.15,0.85,NA,NA,NA,NA,NA,NA,NA,NA,NA,NA,NA,NA,NA,NA,NA,NA,NA,NA,NA,NA,NA,NA,NA,NA
"Set_5dose_methods_prior","Set_5dose_methods_prior_SC4",4,"BOIN","approx2-r_fixed","approx2","r_fixed",NA,NA,0.3,0,0.0714,28,1,1,1,2,0.3,0.345,0.2214,NA,NA,0,47.1318,11.8326,11.8326,0,29.6899,29.6899,1.292,434.0962,1935,1935,"0.15,0.2,0.3,0.35,0.45",0,1.4142,0.15,0.85,NA,NA,NA,NA,NA,NA,NA,NA,NA,NA,NA,NA,NA,NA,NA,NA,NA,NA,NA,NA,NA,NA,NA,NA
"Set_5dose_methods_prior","Set_5dose_methods_prior_SC4",4,"BOIN","approx2-r_fixed","approx2","r_fixed",NA,NA,0.3,0,0.0714,28,1,1,1,3,0.38,0.47,0.3229,NA,NA,0,21.292,5.6496,5.6496,0,29.6899,29.6899,1.292,434.0962,1935,1935,"0.15,0.2,0.3,0.35,0.45",0,1.4142,0.15,0.85,NA,NA,NA,NA,NA,NA,NA,NA,NA,NA,NA,NA,NA,NA,NA,NA,NA,NA,NA,NA,NA,NA,NA,NA
"Set_5dose_methods_prior","Set_5dose_methods_prior_SC4",4,"BOIN","approx2-r_fixed","approx2","r_fixed",NA,NA,0.3,0,0.0714,28,1,1,1,4,0.45,0.564,0.3985,NA,NA,0,6.9251,1.6977,1.6977,0,29.6899,29.6899,1.292,434.0962,1935,1935,"0.15,0.2,0.3,0.35,0.45",0,1.4142,0.15,0.85,NA,NA,NA,NA,NA,NA,NA,NA,NA,NA,NA,NA,NA,NA,NA,NA,NA,NA,NA,NA,NA,NA,NA,NA
"Set_5dose_methods_prior","Set_5dose_methods_prior_SC4",4,"BOIN","approx2-r_fixed","approx2","r_fixed",NA,NA,0.3,0,0.0714,28,1,1,1,5,0.55,0.685,0.4869,NA,NA,0,1.0853,0.3085,0.3085,0,29.6899,29.6899,1.292,434.0962,1935,1935,"0.15,0.2,0.3,0.35,0.45",0,1.4142,0.15,0.85,NA,NA,NA,NA,NA,NA,NA,NA,NA,NA,NA,NA,NA,NA,NA,NA,NA,NA,NA,NA,NA,NA,NA,NA
"Set_5dose_methods_prior","Set_5dose_methods_prior_SC4",4,"BOIN","approx1-r_fixed","approx1","r_fixed",NA,NA,0.3,0,0.0714,28,2,1,1,1,0.15,0.15,0.0922,NA,NA,0,29.199,11.3969,11.3969,0,29.6899,22.3039,1.292,355.6927,1935,1935,"0.15,0.2,0.3,0.35,0.45",0,1.4142,0.15,0.85,NA,NA,NA,NA,NA,NA,NA,NA,NA,NA,NA,NA,NA,NA,NA,NA,NA,NA,NA,NA,NA,NA,NA,NA
"Set_5dose_methods_prior","Set_5dose_methods_prior_SC4",4,"BOIN","approx1-r_fixed","approx1","r_fixed",NA,NA,0.3,0,0.0714,28,2,1,1,2,0.3,0.345,0.2406,NA,NA,0,46.5116,11.8961,11.8961,5.2951,29.6899,22.3039,1.292,355.6927,1935,1935,"0.15,0.2,0.3,0.35,0.45",0,1.4142,0.15,0.85,NA,NA,NA,NA,NA,NA,NA,NA,NA,NA,NA,NA,NA,NA,NA,NA,NA,NA,NA,NA,NA,NA,NA,NA
"Set_5dose_methods_prior","Set_5dose_methods_prior_SC4",4,"BOIN","approx1-r_fixed","approx1","r_fixed",NA,NA,0.3,0,0.0714,28,2,1,1,3,0.38,0.47,0.349,NA,NA,0,18.4496,5.0186,5.0186,1.3607,29.6899,22.3039,1.292,355.6927,1935,1935,"0.15,0.2,0.3,0.35,0.45",0,1.4142,0.15,0.85,NA,NA,NA,NA,NA,NA,NA,NA,NA,NA,NA,NA,NA,NA,NA,NA,NA,NA,NA,NA,NA,NA,NA,NA
"Set_5dose_methods_prior","Set_5dose_methods_prior_SC4",4,"BOIN","approx1-r_fixed","approx1","r_fixed",NA,NA,0.3,0,0.0714,28,2,1,1,4,0.45,0.564,0.4387,NA,NA,0,4.0827,1.2078,1.2078,0.6548,29.6899,22.3039,1.292,355.6927,1935,1935,"0.15,0.2,0.3,0.35,0.45",0,1.4142,0.15,0.85,NA,NA,NA,NA,NA,NA,NA,NA,NA,NA,NA,NA,NA,NA,NA,NA,NA,NA,NA,NA,NA,NA,NA,NA
"Set_5dose_methods_prior","Set_5dose_methods_prior_SC4",4,"BOIN","approx1-r_fixed","approx1","r_fixed",NA,NA,0.3,0,0.0714,28,2,1,1,5,0.55,0.685,0.5056,NA,NA,0,0.4651,0.1705,0.1705,0.0755,29.6899,22.3039,1.292,355.6927,1935,1935,"0.15,0.2,0.3,0.35,0.45",0,1.4142,0.15,0.85,NA,NA,NA,NA,NA,NA,NA,NA,NA,NA,NA,NA,NA,NA,NA,NA,NA,NA,NA,NA,NA,NA,NA,NA
"Set_5dose_methods_prior","Set_5dose_methods_prior_SC4",4,"BOIN","approx2-r_fixed","approx2","r_fixed",NA,NA,0.3,0,0.0714,28,2,1,1,1,0.15,0.15,0.0922,NA,NA,0,29.199,11.3969,11.3969,0,29.6899,22.3039,1.292,355.6927,1935,1935,"0.15,0.2,0.3,0.35,0.45",0,1.4142,0.15,0.85,NA,NA,NA,NA,NA,NA,NA,NA,NA,NA,NA,NA,NA,NA,NA,NA,NA,NA,NA,NA,NA,NA,NA,NA
"Set_5dose_methods_prior","Set_5dose_methods_prior_SC4",4,"BOIN","approx2-r_fixed","approx2","r_fixed",NA,NA,0.3,0,0.0714,28,2,1,1,2,0.3,0.345,0.2406,NA,NA,0,46.5116,11.8961,11.8961,5.2951,29.6899,22.3039,1.292,355.6927,1935,1935,"0.15,0.2,0.3,0.35,0.45",0,1.4142,0.15,0.85,NA,NA,NA,NA,NA,NA,NA,NA,NA,NA,NA,NA,NA,NA,NA,NA,NA,NA,NA,NA,NA,NA,NA,NA
"Set_5dose_methods_prior","Set_5dose_methods_prior_SC4",4,"BOIN","approx2-r_fixed","approx2","r_fixed",NA,NA,0.3,0,0.0714,28,2,1,1,3,0.38,0.47,0.349,NA,NA,0,18.4496,5.0186,5.0186,1.3607,29.6899,22.3039,1.292,355.6927,1935,1935,"0.15,0.2,0.3,0.35,0.45",0,1.4142,0.15,0.85,NA,NA,NA,NA,NA,NA,NA,NA,NA,NA,NA,NA,NA,NA,NA,NA,NA,NA,NA,NA,NA,NA,NA,NA
"Set_5dose_methods_prior","Set_5dose_methods_prior_SC4",4,"BOIN","approx2-r_fixed","approx2","r_fixed",NA,NA,0.3,0,0.0714,28,2,1,1,4,0.45,0.564,0.4387,NA,NA,0,4.0827,1.2078,1.2078,0.6548,29.6899,22.3039,1.292,355.6927,1935,1935,"0.15,0.2,0.3,0.35,0.45",0,1.4142,0.15,0.85,NA,NA,NA,NA,NA,NA,NA,NA,NA,NA,NA,NA,NA,NA,NA,NA,NA,NA,NA,NA,NA,NA,NA,NA
"Set_5dose_methods_prior","Set_5dose_methods_prior_SC4",4,"BOIN","approx2-r_fixed","approx2","r_fixed",NA,NA,0.3,0,0.0714,28,2,1,1,5,0.55,0.685,0.5056,NA,NA,0,0.4651,0.1705,0.1705,0.0755,29.6899,22.3039,1.292,355.6927,1935,1935,"0.15,0.2,0.3,0.35,0.45",0,1.4142,0.15,0.85,NA,NA,NA,NA,NA,NA,NA,NA,NA,NA,NA,NA,NA,NA,NA,NA,NA,NA,NA,NA,NA,NA,NA,NA
"Set_5dose_methods_prior","Set_5dose_methods_prior_SC4",4,"BOIN","approx1-r_fixed","approx1","r_fixed",NA,NA,0.3,0,0.0714,28,3,1,1,1,0.15,0.15,0.0949,NA,NA,0,29.6641,11.4434,11.4434,0,29.6899,21.2021,1.292,347.9379,1935,1935,"0.15,0.2,0.3,0.35,0.45",0,1.4142,0.15,0.85,NA,NA,NA,NA,NA,NA,NA,NA,NA,NA,NA,NA,NA,NA,NA,NA,NA,NA,NA,NA,NA,NA,NA,NA
"Set_5dose_methods_prior","Set_5dose_methods_prior_SC4",4,"BOIN","approx1-r_fixed","approx1","r_fixed",NA,NA,0.3,0,0.0714,28,3,1,1,2,0.3,0.345,0.2495,NA,NA,0,50.0775,12.4419,12.4419,5.3561,29.6899,21.2021,1.292,347.9379,1935,1935,"0.15,0.2,0.3,0.35,0.45",0,1.4142,0.15,0.85,NA,NA,NA,NA,NA,NA,NA,NA,NA,NA,NA,NA,NA,NA,NA,NA,NA,NA,NA,NA,NA,NA,NA,NA
"Set_5dose_methods_prior","Set_5dose_methods_prior_SC4",4,"BOIN","approx1-r_fixed","approx1","r_fixed",NA,NA,0.3,0,0.0714,28,3,1,1,3,0.38,0.47,0.3624,NA,NA,0,14.9354,4.693,4.693,2.6863,29.6899,21.2021,1.292,347.9379,1935,1935,"0.15,0.2,0.3,0.35,0.45",0,1.4142,0.15,0.85,NA,NA,NA,NA,NA,NA,NA,NA,NA,NA,NA,NA,NA,NA,NA,NA,NA,NA,NA,NA,NA,NA,NA,NA
"Set_5dose_methods_prior","Set_5dose_methods_prior_SC4",4,"BOIN","approx1-r_fixed","approx1","r_fixed",NA,NA,0.3,0,0.0714,28,3,1,1,4,0.45,0.564,0.4396,NA,NA,0,3.7726,0.969,0.969,0.3395,29.6899,21.2021,1.292,347.9379,1935,1935,"0.15,0.2,0.3,0.35,0.45",0,1.4142,0.15,0.85,NA,NA,NA,NA,NA,NA,NA,NA,NA,NA,NA,NA,NA,NA,NA,NA,NA,NA,NA,NA,NA,NA,NA,NA
"Set_5dose_methods_prior","Set_5dose_methods_prior_SC4",4,"BOIN","approx1-r_fixed","approx1","r_fixed",NA,NA,0.3,0,0.0714,28,3,1,1,5,0.55,0.685,0.5088,NA,NA,0,0.2584,0.1426,0.1426,0.1059,29.6899,21.2021,1.292,347.9379,1935,1935,"0.15,0.2,0.3,0.35,0.45",0,1.4142,0.15,0.85,NA,NA,NA,NA,NA,NA,NA,NA,NA,NA,NA,NA,NA,NA,NA,NA,NA,NA,NA,NA,NA,NA,NA,NA
"Set_5dose_methods_prior","Set_5dose_methods_prior_SC4",4,"BOIN","approx2-r_fixed","approx2","r_fixed",NA,NA,0.3,0,0.0714,28,3,1,1,1,0.15,0.15,0.0949,NA,NA,0,29.6641,11.4434,11.4434,0,29.6899,21.2021,1.292,347.9379,1935,1935,"0.15,0.2,0.3,0.35,0.45",0,1.4142,0.15,0.85,NA,NA,NA,NA,NA,NA,NA,NA,NA,NA,NA,NA,NA,NA,NA,NA,NA,NA,NA,NA,NA,NA,NA,NA
"Set_5dose_methods_prior","Set_5dose_methods_prior_SC4",4,"BOIN","approx2-r_fixed","approx2","r_fixed",NA,NA,0.3,0,0.0714,28,3,1,1,2,0.3,0.345,0.2495,NA,NA,0,50.0775,12.4419,12.4419,5.3561,29.6899,21.2021,1.292,347.9379,1935,1935,"0.15,0.2,0.3,0.35,0.45",0,1.4142,0.15,0.85,NA,NA,NA,NA,NA,NA,NA,NA,NA,NA,NA,NA,NA,NA,NA,NA,NA,NA,NA,NA,NA,NA,NA,NA
"Set_5dose_methods_prior","Set_5dose_methods_prior_SC4",4,"BOIN","approx2-r_fixed","approx2","r_fixed",NA,NA,0.3,0,0.0714,28,3,1,1,3,0.38,0.47,0.3624,NA,NA,0,14.9354,4.693,4.693,2.6863,29.6899,21.2021,1.292,347.9379,1935,1935,"0.15,0.2,0.3,0.35,0.45",0,1.4142,0.15,0.85,NA,NA,NA,NA,NA,NA,NA,NA,NA,NA,NA,NA,NA,NA,NA,NA,NA,NA,NA,NA,NA,NA,NA,NA
"Set_5dose_methods_prior","Set_5dose_methods_prior_SC4",4,"BOIN","approx2-r_fixed","approx2","r_fixed",NA,NA,0.3,0,0.0714,28,3,1,1,4,0.45,0.564,0.4396,NA,NA,0,3.7726,0.969,0.969,0.3395,29.6899,21.2021,1.292,347.9379,1935,1935,"0.15,0.2,0.3,0.35,0.45",0,1.4142,0.15,0.85,NA,NA,NA,NA,NA,NA,NA,NA,NA,NA,NA,NA,NA,NA,NA,NA,NA,NA,NA,NA,NA,NA,NA,NA
"Set_5dose_methods_prior","Set_5dose_methods_prior_SC4",4,"BOIN","approx2-r_fixed","approx2","r_fixed",NA,NA,0.3,0,0.0714,28,3,1,1,5,0.55,0.685,0.5088,NA,NA,0,0.2584,0.1426,0.1426,0.1059,29.6899,21.2021,1.292,347.9379,1935,1935,"0.15,0.2,0.3,0.35,0.45",0,1.4142,0.15,0.85,NA,NA,NA,NA,NA,NA,NA,NA,NA,NA,NA,NA,NA,NA,NA,NA,NA,NA,NA,NA,NA,NA,NA,NA
"Set_5dose_methods_prior","Set_5dose_methods_prior_SC4",4,"BOIN","approx1-r_fixed","approx1","r_fixed",NA,NA,0.6,0,0.0714,28,1,1,1,1,0.15,0.15,0.084,NA,NA,0,22.2739,10.2016,10.2016,0,29.6899,29.6899,1.292,434.0962,1935,1935,"0.15,0.2,0.3,0.35,0.45",0,1.4142,0.15,0.85,NA,NA,NA,NA,NA,NA,NA,NA,NA,NA,NA,NA,NA,NA,NA,NA,NA,NA,NA,NA,NA,NA,NA,NA
"Set_5dose_methods_prior","Set_5dose_methods_prior_SC4",4,"BOIN","approx1-r_fixed","approx1","r_fixed",NA,NA,0.6,0,0.0714,28,1,1,1,2,0.3,0.39,0.2214,NA,NA,0,47.1318,11.8326,11.8326,0,29.6899,29.6899,1.292,434.0962,1935,1935,"0.15,0.2,0.3,0.35,0.45",0,1.4142,0.15,0.85,NA,NA,NA,NA,NA,NA,NA,NA,NA,NA,NA,NA,NA,NA,NA,NA,NA,NA,NA,NA,NA,NA,NA,NA
"Set_5dose_methods_prior","Set_5dose_methods_prior_SC4",4,"BOIN","approx1-r_fixed","approx1","r_fixed",NA,NA,0.6,0,0.0714,28,1,1,1,3,0.38,0.56,0.3229,NA,NA,0,21.292,5.6496,5.6496,0,29.6899,29.6899,1.292,434.0962,1935,1935,"0.15,0.2,0.3,0.35,0.45",0,1.4142,0.15,0.85,NA,NA,NA,NA,NA,NA,NA,NA,NA,NA,NA,NA,NA,NA,NA,NA,NA,NA,NA,NA,NA,NA,NA,NA
"Set_5dose_methods_prior","Set_5dose_methods_prior_SC4",4,"BOIN","approx1-r_fixed","approx1","r_fixed",NA,NA,0.6,0,0.0714,28,1,1,1,4,0.45,0.678,0.3985,NA,NA,0,6.9251,1.6977,1.6977,0,29.6899,29.6899,1.292,434.0962,1935,1935,"0.15,0.2,0.3,0.35,0.45",0,1.4142,0.15,0.85,NA,NA,NA,NA,NA,NA,NA,NA,NA,NA,NA,NA,NA,NA,NA,NA,NA,NA,NA,NA,NA,NA,NA,NA
"Set_5dose_methods_prior","Set_5dose_methods_prior_SC4",4,"BOIN","approx1-r_fixed","approx1","r_fixed",NA,NA,0.6,0,0.0714,28,1,1,1,5,0.55,0.82,0.4869,NA,NA,0,1.0853,0.3085,0.3085,0,29.6899,29.6899,1.292,434.0962,1935,1935,"0.15,0.2,0.3,0.35,0.45",0,1.4142,0.15,0.85,NA,NA,NA,NA,NA,NA,NA,NA,NA,NA,NA,NA,NA,NA,NA,NA,NA,NA,NA,NA,NA,NA,NA,NA
"Set_5dose_methods_prior","Set_5dose_methods_prior_SC4",4,"BOIN","approx2-r_fixed","approx2","r_fixed",NA,NA,0.6,0,0.0714,28,1,1,1,1,0.15,0.15,0.084,NA,NA,0,22.2739,10.2016,10.2016,0,29.6899,29.6899,1.292,434.0962,1935,1935,"0.15,0.2,0.3,0.35,0.45",0,1.4142,0.15,0.85,NA,NA,NA,NA,NA,NA,NA,NA,NA,NA,NA,NA,NA,NA,NA,NA,NA,NA,NA,NA,NA,NA,NA,NA
"Set_5dose_methods_prior","Set_5dose_methods_prior_SC4",4,"BOIN","approx2-r_fixed","approx2","r_fixed",NA,NA,0.6,0,0.0714,28,1,1,1,2,0.3,0.39,0.2214,NA,NA,0,47.1318,11.8326,11.8326,0,29.6899,29.6899,1.292,434.0962,1935,1935,"0.15,0.2,0.3,0.35,0.45",0,1.4142,0.15,0.85,NA,NA,NA,NA,NA,NA,NA,NA,NA,NA,NA,NA,NA,NA,NA,NA,NA,NA,NA,NA,NA,NA,NA,NA
"Set_5dose_methods_prior","Set_5dose_methods_prior_SC4",4,"BOIN","approx2-r_fixed","approx2","r_fixed",NA,NA,0.6,0,0.0714,28,1,1,1,3,0.38,0.56,0.3229,NA,NA,0,21.292,5.6496,5.6496,0,29.6899,29.6899,1.292,434.0962,1935,1935,"0.15,0.2,0.3,0.35,0.45",0,1.4142,0.15,0.85,NA,NA,NA,NA,NA,NA,NA,NA,NA,NA,NA,NA,NA,NA,NA,NA,NA,NA,NA,NA,NA,NA,NA,NA
"Set_5dose_methods_prior","Set_5dose_methods_prior_SC4",4,"BOIN","approx2-r_fixed","approx2","r_fixed",NA,NA,0.6,0,0.0714,28,1,1,1,4,0.45,0.678,0.3985,NA,NA,0,6.9251,1.6977,1.6977,0,29.6899,29.6899,1.292,434.0962,1935,1935,"0.15,0.2,0.3,0.35,0.45",0,1.4142,0.15,0.85,NA,NA,NA,NA,NA,NA,NA,NA,NA,NA,NA,NA,NA,NA,NA,NA,NA,NA,NA,NA,NA,NA,NA,NA
"Set_5dose_methods_prior","Set_5dose_methods_prior_SC4",4,"BOIN","approx2-r_fixed","approx2","r_fixed",NA,NA,0.6,0,0.0714,28,1,1,1,5,0.55,0.82,0.4869,NA,NA,0,1.0853,0.3085,0.3085,0,29.6899,29.6899,1.292,434.0962,1935,1935,"0.15,0.2,0.3,0.35,0.45",0,1.4142,0.15,0.85,NA,NA,NA,NA,NA,NA,NA,NA,NA,NA,NA,NA,NA,NA,NA,NA,NA,NA,NA,NA,NA,NA,NA,NA
"Set_5dose_methods_prior","Set_5dose_methods_prior_SC4",4,"BOIN","approx1-r_fixed","approx1","r_fixed",NA,NA,0.6,0,0.0714,28,2,1,1,1,0.15,0.15,0.1,NA,NA,0,37.3127,12.6605,12.6605,0,29.6899,22.4837,1.292,356.9849,1935,1935,"0.15,0.2,0.3,0.35,0.45",0,1.4142,0.15,0.85,NA,NA,NA,NA,NA,NA,NA,NA,NA,NA,NA,NA,NA,NA,NA,NA,NA,NA,NA,NA,NA,NA,NA,NA
"Set_5dose_methods_prior","Set_5dose_methods_prior_SC4",4,"BOIN","approx1-r_fixed","approx1","r_fixed",NA,NA,0.6,0,0.0714,28,2,1,1,2,0.3,0.39,0.2592,NA,NA,0,45.6848,11.9643,11.9643,5.4755,29.6899,22.4837,1.292,356.9849,1935,1935,"0.15,0.2,0.3,0.35,0.45",0,1.4142,0.15,0.85,NA,NA,NA,NA,NA,NA,NA,NA,NA,NA,NA,NA,NA,NA,NA,NA,NA,NA,NA,NA,NA,NA,NA,NA
"Set_5dose_methods_prior","Set_5dose_methods_prior_SC4",4,"BOIN","approx1-r_fixed","approx1","r_fixed",NA,NA,0.6,0,0.0714,28,2,1,1,3,0.38,0.56,0.3669,NA,NA,0,14.2119,4.1829,4.1829,1.1876,29.6899,22.4837,1.292,356.9849,1935,1935,"0.15,0.2,0.3,0.35,0.45",0,1.4142,0.15,0.85,NA,NA,NA,NA,NA,NA,NA,NA,NA,NA,NA,NA,NA,NA,NA,NA,NA,NA,NA,NA,NA,NA,NA,NA
"Set_5dose_methods_prior","Set_5dose_methods_prior_SC4",4,"BOIN","approx1-r_fixed","approx1","r_fixed",NA,NA,0.6,0,0.0714,28,2,1,1,4,0.45,0.678,0.4913,NA,NA,0,1.447,0.8248,0.8248,0.5101,29.6899,22.4837,1.292,356.9849,1935,1935,"0.15,0.2,0.3,0.35,0.45",0,1.4142,0.15,0.85,NA,NA,NA,NA,NA,NA,NA,NA,NA,NA,NA,NA,NA,NA,NA,NA,NA,NA,NA,NA,NA,NA,NA,NA
"Set_5dose_methods_prior","Set_5dose_methods_prior_SC4",4,"BOIN","approx1-r_fixed","approx1","r_fixed",NA,NA,0.6,0,0.0714,28,2,1,1,5,0.55,0.82,0.5968,NA,NA,0,0.0517,0.0574,0.0574,0.0331,29.6899,22.4837,1.292,356.9849,1935,1935,"0.15,0.2,0.3,0.35,0.45",0,1.4142,0.15,0.85,NA,NA,NA,NA,NA,NA,NA,NA,NA,NA,NA,NA,NA,NA,NA,NA,NA,NA,NA,NA,NA,NA,NA,NA
"Set_5dose_methods_prior","Set_5dose_methods_prior_SC4",4,"BOIN","approx2-r_fixed","approx2","r_fixed",NA,NA,0.6,0,0.0714,28,2,1,1,1,0.15,0.15,0.1,NA,NA,0,37.3127,12.6605,12.6605,0,29.6899,22.4837,1.292,356.9849,1935,1935,"0.15,0.2,0.3,0.35,0.45",0,1.4142,0.15,0.85,NA,NA,NA,NA,NA,NA,NA,NA,NA,NA,NA,NA,NA,NA,NA,NA,NA,NA,NA,NA,NA,NA,NA,NA
"Set_5dose_methods_prior","Set_5dose_methods_prior_SC4",4,"BOIN","approx2-r_fixed","approx2","r_fixed",NA,NA,0.6,0,0.0714,28,2,1,1,2,0.3,0.39,0.2592,NA,NA,0,45.6848,11.9643,11.9643,5.4755,29.6899,22.4837,1.292,356.9849,1935,1935,"0.15,0.2,0.3,0.35,0.45",0,1.4142,0.15,0.85,NA,NA,NA,NA,NA,NA,NA,NA,NA,NA,NA,NA,NA,NA,NA,NA,NA,NA,NA,NA,NA,NA,NA,NA
"Set_5dose_methods_prior","Set_5dose_methods_prior_SC4",4,"BOIN","approx2-r_fixed","approx2","r_fixed",NA,NA,0.6,0,0.0714,28,2,1,1,3,0.38,0.56,0.3669,NA,NA,0,14.2119,4.1829,4.1829,1.1876,29.6899,22.4837,1.292,356.9849,1935,1935,"0.15,0.2,0.3,0.35,0.45",0,1.4142,0.15,0.85,NA,NA,NA,NA,NA,NA,NA,NA,NA,NA,NA,NA,NA,NA,NA,NA,NA,NA,NA,NA,NA,NA,NA,NA
"Set_5dose_methods_prior","Set_5dose_methods_prior_SC4",4,"BOIN","approx2-r_fixed","approx2","r_fixed",NA,NA,0.6,0,0.0714,28,2,1,1,4,0.45,0.678,0.4913,NA,NA,0,1.447,0.8248,0.8248,0.5101,29.6899,22.4837,1.292,356.9849,1935,1935,"0.15,0.2,0.3,0.35,0.45",0,1.4142,0.15,0.85,NA,NA,NA,NA,NA,NA,NA,NA,NA,NA,NA,NA,NA,NA,NA,NA,NA,NA,NA,NA,NA,NA,NA,NA
"Set_5dose_methods_prior","Set_5dose_methods_prior_SC4",4,"BOIN","approx2-r_fixed","approx2","r_fixed",NA,NA,0.6,0,0.0714,28,2,1,1,5,0.55,0.82,0.5968,NA,NA,0,0.0517,0.0574,0.0574,0.0331,29.6899,22.4837,1.292,356.9849,1935,1935,"0.15,0.2,0.3,0.35,0.45",0,1.4142,0.15,0.85,NA,NA,NA,NA,NA,NA,NA,NA,NA,NA,NA,NA,NA,NA,NA,NA,NA,NA,NA,NA,NA,NA,NA,NA
"Set_5dose_methods_prior","Set_5dose_methods_prior_SC4",4,"BOIN","approx1-r_fixed","approx1","r_fixed",NA,NA,0.6,0,0.0714,28,3,1,1,1,0.15,0.15,0.1039,NA,NA,0,37.416,12.7535,12.7535,0,29.6899,21.5592,1.292,350.4818,1935,1935,"0.15,0.2,0.3,0.35,0.45",0,1.4142,0.15,0.85,NA,NA,NA,NA,NA,NA,NA,NA,NA,NA,NA,NA,NA,NA,NA,NA,NA,NA,NA,NA,NA,NA,NA,NA
"Set_5dose_methods_prior","Set_5dose_methods_prior_SC4",4,"BOIN","approx1-r_fixed","approx1","r_fixed",NA,NA,0.6,0,0.0714,28,3,1,1,2,0.3,0.39,0.2751,NA,NA,0,51.1111,12.8031,12.8031,5.5798,29.6899,21.5592,1.292,350.4818,1935,1935,"0.15,0.2,0.3,0.35,0.45",0,1.4142,0.15,0.85,NA,NA,NA,NA,NA,NA,NA,NA,NA,NA,NA,NA,NA,NA,NA,NA,NA,NA,NA,NA,NA,NA,NA,NA
"Set_5dose_methods_prior","Set_5dose_methods_prior_SC4",4,"BOIN","approx1-r_fixed","approx1","r_fixed",NA,NA,0.6,0,0.0714,28,3,1,1,3,0.38,0.56,0.4077,NA,NA,0,8.6822,3.5256,3.5256,2.2899,29.6899,21.5592,1.292,350.4818,1935,1935,"0.15,0.2,0.3,0.35,0.45",0,1.4142,0.15,0.85,NA,NA,NA,NA,NA,NA,NA,NA,NA,NA,NA,NA,NA,NA,NA,NA,NA,NA,NA,NA,NA,NA,NA,NA
"Set_5dose_methods_prior","Set_5dose_methods_prior_SC4",4,"BOIN","approx1-r_fixed","approx1","r_fixed",NA,NA,0.6,0,0.0714,28,3,1,1,4,0.45,0.678,0.4645,NA,NA,0,1.4987,0.5612,0.5612,0.2196,29.6899,21.5592,1.292,350.4818,1935,1935,"0.15,0.2,0.3,0.35,0.45",0,1.4142,0.15,0.85,NA,NA,NA,NA,NA,NA,NA,NA,NA,NA,NA,NA,NA,NA,NA,NA,NA,NA,NA,NA,NA,NA,NA,NA
"Set_5dose_methods_prior","Set_5dose_methods_prior_SC4",4,"BOIN","approx1-r_fixed","approx1","r_fixed",NA,NA,0.6,0,0.0714,28,3,1,1,5,0.55,0.82,0.6246,NA,NA,0,0,0.0465,0.0465,0.0413,29.6899,21.5592,1.292,350.4818,1935,1935,"0.15,0.2,0.3,0.35,0.45",0,1.4142,0.15,0.85,NA,NA,NA,NA,NA,NA,NA,NA,NA,NA,NA,NA,NA,NA,NA,NA,NA,NA,NA,NA,NA,NA,NA,NA
"Set_5dose_methods_prior","Set_5dose_methods_prior_SC4",4,"BOIN","approx2-r_fixed","approx2","r_fixed",NA,NA,0.6,0,0.0714,28,3,1,1,1,0.15,0.15,0.1039,NA,NA,0,37.416,12.7535,12.7535,0,29.6899,21.5592,1.292,350.4818,1935,1935,"0.15,0.2,0.3,0.35,0.45",0,1.4142,0.15,0.85,NA,NA,NA,NA,NA,NA,NA,NA,NA,NA,NA,NA,NA,NA,NA,NA,NA,NA,NA,NA,NA,NA,NA,NA
"Set_5dose_methods_prior","Set_5dose_methods_prior_SC4",4,"BOIN","approx2-r_fixed","approx2","r_fixed",NA,NA,0.6,0,0.0714,28,3,1,1,2,0.3,0.39,0.2751,NA,NA,0,51.1111,12.8031,12.8031,5.5798,29.6899,21.5592,1.292,350.4818,1935,1935,"0.15,0.2,0.3,0.35,0.45",0,1.4142,0.15,0.85,NA,NA,NA,NA,NA,NA,NA,NA,NA,NA,NA,NA,NA,NA,NA,NA,NA,NA,NA,NA,NA,NA,NA,NA
"Set_5dose_methods_prior","Set_5dose_methods_prior_SC4",4,"BOIN","approx2-r_fixed","approx2","r_fixed",NA,NA,0.6,0,0.0714,28,3,1,1,3,0.38,0.56,0.4077,NA,NA,0,8.6822,3.5256,3.5256,2.2899,29.6899,21.5592,1.292,350.4818,1935,1935,"0.15,0.2,0.3,0.35,0.45",0,1.4142,0.15,0.85,NA,NA,NA,NA,NA,NA,NA,NA,NA,NA,NA,NA,NA,NA,NA,NA,NA,NA,NA,NA,NA,NA,NA,NA
"Set_5dose_methods_prior","Set_5dose_methods_prior_SC4",4,"BOIN","approx2-r_fixed","approx2","r_fixed",NA,NA,0.6,0,0.0714,28,3,1,1,4,0.45,0.678,0.4645,NA,NA,0,1.4987,0.5612,0.5612,0.2196,29.6899,21.5592,1.292,350.4818,1935,1935,"0.15,0.2,0.3,0.35,0.45",0,1.4142,0.15,0.85,NA,NA,NA,NA,NA,NA,NA,NA,NA,NA,NA,NA,NA,NA,NA,NA,NA,NA,NA,NA,NA,NA,NA,NA
"Set_5dose_methods_prior","Set_5dose_methods_prior_SC4",4,"BOIN","approx2-r_fixed","approx2","r_fixed",NA,NA,0.6,0,0.0714,28,3,1,1,5,0.55,0.82,0.6246,NA,NA,0,0,0.0465,0.0465,0.0413,29.6899,21.5592,1.292,350.4818,1935,1935,"0.15,0.2,0.3,0.35,0.45",0,1.4142,0.15,0.85,NA,NA,NA,NA,NA,NA,NA,NA,NA,NA,NA,NA,NA,NA,NA,NA,NA,NA,NA,NA,NA,NA,NA,NA
"Set_5dose_methods_prior","Set_5dose_methods_prior_SC4",4,"BOIN","approx1-r_fixed","approx1","r_fixed",NA,NA,0.9,0,0.0714,28,1,1,1,1,0.15,0.15,0.084,NA,NA,0,22.2739,10.2016,10.2016,0,29.6899,29.6899,1.292,434.0962,1935,1935,"0.15,0.2,0.3,0.35,0.45",0,1.4142,0.15,0.85,NA,NA,NA,NA,NA,NA,NA,NA,NA,NA,NA,NA,NA,NA,NA,NA,NA,NA,NA,NA,NA,NA,NA,NA
"Set_5dose_methods_prior","Set_5dose_methods_prior_SC4",4,"BOIN","approx1-r_fixed","approx1","r_fixed",NA,NA,0.9,0,0.0714,28,1,1,1,2,0.3,0.435,0.2214,NA,NA,0,47.1318,11.8326,11.8326,0,29.6899,29.6899,1.292,434.0962,1935,1935,"0.15,0.2,0.3,0.35,0.45",0,1.4142,0.15,0.85,NA,NA,NA,NA,NA,NA,NA,NA,NA,NA,NA,NA,NA,NA,NA,NA,NA,NA,NA,NA,NA,NA,NA,NA
"Set_5dose_methods_prior","Set_5dose_methods_prior_SC4",4,"BOIN","approx1-r_fixed","approx1","r_fixed",NA,NA,0.9,0,0.0714,28,1,1,1,3,0.38,0.65,0.3229,NA,NA,0,21.292,5.6496,5.6496,0,29.6899,29.6899,1.292,434.0962,1935,1935,"0.15,0.2,0.3,0.35,0.45",0,1.4142,0.15,0.85,NA,NA,NA,NA,NA,NA,NA,NA,NA,NA,NA,NA,NA,NA,NA,NA,NA,NA,NA,NA,NA,NA,NA,NA
"Set_5dose_methods_prior","Set_5dose_methods_prior_SC4",4,"BOIN","approx1-r_fixed","approx1","r_fixed",NA,NA,0.9,0,0.0714,28,1,1,1,4,0.45,0.792,0.3985,NA,NA,0,6.9251,1.6977,1.6977,0,29.6899,29.6899,1.292,434.0962,1935,1935,"0.15,0.2,0.3,0.35,0.45",0,1.4142,0.15,0.85,NA,NA,NA,NA,NA,NA,NA,NA,NA,NA,NA,NA,NA,NA,NA,NA,NA,NA,NA,NA,NA,NA,NA,NA
"Set_5dose_methods_prior","Set_5dose_methods_prior_SC4",4,"BOIN","approx1-r_fixed","approx1","r_fixed",NA,NA,0.9,0,0.0714,28,1,1,1,5,0.55,0.955,0.4869,NA,NA,0,1.0853,0.3085,0.3085,0,29.6899,29.6899,1.292,434.0962,1935,1935,"0.15,0.2,0.3,0.35,0.45",0,1.4142,0.15,0.85,NA,NA,NA,NA,NA,NA,NA,NA,NA,NA,NA,NA,NA,NA,NA,NA,NA,NA,NA,NA,NA,NA,NA,NA
"Set_5dose_methods_prior","Set_5dose_methods_prior_SC4",4,"BOIN","approx2-r_fixed","approx2","r_fixed",NA,NA,0.9,0,0.0714,28,1,1,1,1,0.15,0.15,0.084,NA,NA,0,22.2739,10.2016,10.2016,0,29.6899,29.6899,1.292,434.0962,1935,1935,"0.15,0.2,0.3,0.35,0.45",0,1.4142,0.15,0.85,NA,NA,NA,NA,NA,NA,NA,NA,NA,NA,NA,NA,NA,NA,NA,NA,NA,NA,NA,NA,NA,NA,NA,NA
"Set_5dose_methods_prior","Set_5dose_methods_prior_SC4",4,"BOIN","approx2-r_fixed","approx2","r_fixed",NA,NA,0.9,0,0.0714,28,1,1,1,2,0.3,0.435,0.2214,NA,NA,0,47.1318,11.8326,11.8326,0,29.6899,29.6899,1.292,434.0962,1935,1935,"0.15,0.2,0.3,0.35,0.45",0,1.4142,0.15,0.85,NA,NA,NA,NA,NA,NA,NA,NA,NA,NA,NA,NA,NA,NA,NA,NA,NA,NA,NA,NA,NA,NA,NA,NA
"Set_5dose_methods_prior","Set_5dose_methods_prior_SC4",4,"BOIN","approx2-r_fixed","approx2","r_fixed",NA,NA,0.9,0,0.0714,28,1,1,1,3,0.38,0.65,0.3229,NA,NA,0,21.292,5.6496,5.6496,0,29.6899,29.6899,1.292,434.0962,1935,1935,"0.15,0.2,0.3,0.35,0.45",0,1.4142,0.15,0.85,NA,NA,NA,NA,NA,NA,NA,NA,NA,NA,NA,NA,NA,NA,NA,NA,NA,NA,NA,NA,NA,NA,NA,NA
"Set_5dose_methods_prior","Set_5dose_methods_prior_SC4",4,"BOIN","approx2-r_fixed","approx2","r_fixed",NA,NA,0.9,0,0.0714,28,1,1,1,4,0.45,0.792,0.3985,NA,NA,0,6.9251,1.6977,1.6977,0,29.6899,29.6899,1.292,434.0962,1935,1935,"0.15,0.2,0.3,0.35,0.45",0,1.4142,0.15,0.85,NA,NA,NA,NA,NA,NA,NA,NA,NA,NA,NA,NA,NA,NA,NA,NA,NA,NA,NA,NA,NA,NA,NA,NA
"Set_5dose_methods_prior","Set_5dose_methods_prior_SC4",4,"BOIN","approx2-r_fixed","approx2","r_fixed",NA,NA,0.9,0,0.0714,28,1,1,1,5,0.55,0.955,0.4869,NA,NA,0,1.0853,0.3085,0.3085,0,29.6899,29.6899,1.292,434.0962,1935,1935,"0.15,0.2,0.3,0.35,0.45",0,1.4142,0.15,0.85,NA,NA,NA,NA,NA,NA,NA,NA,NA,NA,NA,NA,NA,NA,NA,NA,NA,NA,NA,NA,NA,NA,NA,NA
"Set_5dose_methods_prior","Set_5dose_methods_prior_SC4",4,"BOIN","approx1-r_fixed","approx1","r_fixed",NA,NA,0.9,0,0.0714,28,2,1,1,1,0.15,0.15,0.1075,NA,NA,0,43.7209,13.8853,13.8853,0,29.6899,22.6,1.292,357.4073,1935,1935,"0.15,0.2,0.3,0.35,0.45",0,1.4142,0.15,0.85,NA,NA,NA,NA,NA,NA,NA,NA,NA,NA,NA,NA,NA,NA,NA,NA,NA,NA,NA,NA,NA,NA,NA,NA
"Set_5dose_methods_prior","Set_5dose_methods_prior_SC4",4,"BOIN","approx1-r_fixed","approx1","r_fixed",NA,NA,0.9,0,0.0714,28,2,1,1,2,0.3,0.435,0.2779,NA,NA,0,43.5142,11.7938,11.7938,5.6956,29.6899,22.6,1.292,357.4073,1935,1935,"0.15,0.2,0.3,0.35,0.45",0,1.4142,0.15,0.85,NA,NA,NA,NA,NA,NA,NA,NA,NA,NA,NA,NA,NA,NA,NA,NA,NA,NA,NA,NA,NA,NA,NA,NA
"Set_5dose_methods_prior","Set_5dose_methods_prior_SC4",4,"BOIN","approx1-r_fixed","approx1","r_fixed",NA,NA,0.9,0,0.0714,28,2,1,1,3,0.38,0.65,0.3774,NA,NA,0,10.801,3.4667,3.4667,1.0114,29.6899,22.6,1.292,357.4073,1935,1935,"0.15,0.2,0.3,0.35,0.45",0,1.4142,0.15,0.85,NA,NA,NA,NA,NA,NA,NA,NA,NA,NA,NA,NA,NA,NA,NA,NA,NA,NA,NA,NA,NA,NA,NA,NA
"Set_5dose_methods_prior","Set_5dose_methods_prior_SC4",4,"BOIN","approx1-r_fixed","approx1","r_fixed",NA,NA,0.9,0,0.0714,28,2,1,1,4,0.45,0.792,0.5281,NA,NA,0,0.6718,0.524,0.524,0.3664,29.6899,22.6,1.292,357.4073,1935,1935,"0.15,0.2,0.3,0.35,0.45",0,1.4142,0.15,0.85,NA,NA,NA,NA,NA,NA,NA,NA,NA,NA,NA,NA,NA,NA,NA,NA,NA,NA,NA,NA,NA,NA,NA,NA
"Set_5dose_methods_prior","Set_5dose_methods_prior_SC4",4,"BOIN","approx1-r_fixed","approx1","r_fixed",NA,NA,0.9,0,0.0714,28,2,1,1,5,0.55,0.955,0.6661,NA,NA,0,0,0.0202,0.0202,0.0165,29.6899,22.6,1.292,357.4073,1935,1935,"0.15,0.2,0.3,0.35,0.45",0,1.4142,0.15,0.85,NA,NA,NA,NA,NA,NA,NA,NA,NA,NA,NA,NA,NA,NA,NA,NA,NA,NA,NA,NA,NA,NA,NA,NA
"Set_5dose_methods_prior","Set_5dose_methods_prior_SC4",4,"BOIN","approx2-r_fixed","approx2","r_fixed",NA,NA,0.9,0,0.0714,28,2,1,1,1,0.15,0.15,0.1075,NA,NA,0,43.7209,13.8853,13.8853,0,29.6899,22.6,1.292,357.4073,1935,1935,"0.15,0.2,0.3,0.35,0.45",0,1.4142,0.15,0.85,NA,NA,NA,NA,NA,NA,NA,NA,NA,NA,NA,NA,NA,NA,NA,NA,NA,NA,NA,NA,NA,NA,NA,NA
"Set_5dose_methods_prior","Set_5dose_methods_prior_SC4",4,"BOIN","approx2-r_fixed","approx2","r_fixed",NA,NA,0.9,0,0.0714,28,2,1,1,2,0.3,0.435,0.2779,NA,NA,0,43.5142,11.7938,11.7938,5.6956,29.6899,22.6,1.292,357.4073,1935,1935,"0.15,0.2,0.3,0.35,0.45",0,1.4142,0.15,0.85,NA,NA,NA,NA,NA,NA,NA,NA,NA,NA,NA,NA,NA,NA,NA,NA,NA,NA,NA,NA,NA,NA,NA,NA
"Set_5dose_methods_prior","Set_5dose_methods_prior_SC4",4,"BOIN","approx2-r_fixed","approx2","r_fixed",NA,NA,0.9,0,0.0714,28,2,1,1,3,0.38,0.65,0.3774,NA,NA,0,10.801,3.4667,3.4667,1.0114,29.6899,22.6,1.292,357.4073,1935,1935,"0.15,0.2,0.3,0.35,0.45",0,1.4142,0.15,0.85,NA,NA,NA,NA,NA,NA,NA,NA,NA,NA,NA,NA,NA,NA,NA,NA,NA,NA,NA,NA,NA,NA,NA,NA
"Set_5dose_methods_prior","Set_5dose_methods_prior_SC4",4,"BOIN","approx2-r_fixed","approx2","r_fixed",NA,NA,0.9,0,0.0714,28,2,1,1,4,0.45,0.792,0.5281,NA,NA,0,0.6718,0.524,0.524,0.3664,29.6899,22.6,1.292,357.4073,1935,1935,"0.15,0.2,0.3,0.35,0.45",0,1.4142,0.15,0.85,NA,NA,NA,NA,NA,NA,NA,NA,NA,NA,NA,NA,NA,NA,NA,NA,NA,NA,NA,NA,NA,NA,NA,NA
"Set_5dose_methods_prior","Set_5dose_methods_prior_SC4",4,"BOIN","approx2-r_fixed","approx2","r_fixed",NA,NA,0.9,0,0.0714,28,2,1,1,5,0.55,0.955,0.6661,NA,NA,0,0,0.0202,0.0202,0.0165,29.6899,22.6,1.292,357.4073,1935,1935,"0.15,0.2,0.3,0.35,0.45",0,1.4142,0.15,0.85,NA,NA,NA,NA,NA,NA,NA,NA,NA,NA,NA,NA,NA,NA,NA,NA,NA,NA,NA,NA,NA,NA,NA,NA
"Set_5dose_methods_prior","Set_5dose_methods_prior_SC4",4,"BOIN","approx1-r_fixed","approx1","r_fixed",NA,NA,0.9,0,0.0714,28,3,1,1,1,0.15,0.15,0.1114,NA,NA,0,44.1344,13.9643,13.9643,0,29.6899,21.9018,1.292,352.5222,1935,1935,"0.15,0.2,0.3,0.35,0.45",0,1.4142,0.15,0.85,NA,NA,NA,NA,NA,NA,NA,NA,NA,NA,NA,NA,NA,NA,NA,NA,NA,NA,NA,NA,NA,NA,NA,NA
"Set_5dose_methods_prior","Set_5dose_methods_prior_SC4",4,"BOIN","approx1-r_fixed","approx1","r_fixed",NA,NA,0.9,0,0.0714,28,3,1,1,2,0.3,0.435,0.2995,NA,NA,0,49.6124,12.8372,12.8372,5.8098,29.6899,21.9018,1.292,352.5222,1935,1935,"0.15,0.2,0.3,0.35,0.45",0,1.4142,0.15,0.85,NA,NA,NA,NA,NA,NA,NA,NA,NA,NA,NA,NA,NA,NA,NA,NA,NA,NA,NA,NA,NA,NA,NA,NA
"Set_5dose_methods_prior","Set_5dose_methods_prior_SC4",4,"BOIN","approx1-r_fixed","approx1","r_fixed",NA,NA,0.9,0,0.0714,28,3,1,1,3,0.38,0.65,0.4468,NA,NA,0,4.3928,2.6217,2.6217,1.8605,29.6899,21.9018,1.292,352.5222,1935,1935,"0.15,0.2,0.3,0.35,0.45",0,1.4142,0.15,0.85,NA,NA,NA,NA,NA,NA,NA,NA,NA,NA,NA,NA,NA,NA,NA,NA,NA,NA,NA,NA,NA,NA,NA,NA
"Set_5dose_methods_prior","Set_5dose_methods_prior_SC4",4,"BOIN","approx1-r_fixed","approx1","r_fixed",NA,NA,0.9,0,0.0714,28,3,1,1,4,0.45,0.792,0.5166,NA,NA,0,0.5685,0.2527,0.2527,0.1039,29.6899,21.9018,1.292,352.5222,1935,1935,"0.15,0.2,0.3,0.35,0.45",0,1.4142,0.15,0.85,NA,NA,NA,NA,NA,NA,NA,NA,NA,NA,NA,NA,NA,NA,NA,NA,NA,NA,NA,NA,NA,NA,NA,NA
"Set_5dose_methods_prior","Set_5dose_methods_prior_SC4",4,"BOIN","approx1-r_fixed","approx1","r_fixed",NA,NA,0.9,0,0.0714,28,3,1,1,5,0.55,0.955,NA,NA,NA,0,0,0.014,0.014,0.014,29.6899,21.9018,1.292,352.5222,1935,1935,"0.15,0.2,0.3,0.35,0.45",0,1.4142,0.15,0.85,NA,NA,NA,NA,NA,NA,NA,NA,NA,NA,NA,NA,NA,NA,NA,NA,NA,NA,NA,NA,NA,NA,NA,NA
"Set_5dose_methods_prior","Set_5dose_methods_prior_SC4",4,"BOIN","approx2-r_fixed","approx2","r_fixed",NA,NA,0.9,0,0.0714,28,3,1,1,1,0.15,0.15,0.1114,NA,NA,0,44.1344,13.9643,13.9643,0,29.6899,21.9018,1.292,352.5222,1935,1935,"0.15,0.2,0.3,0.35,0.45",0,1.4142,0.15,0.85,NA,NA,NA,NA,NA,NA,NA,NA,NA,NA,NA,NA,NA,NA,NA,NA,NA,NA,NA,NA,NA,NA,NA,NA
"Set_5dose_methods_prior","Set_5dose_methods_prior_SC4",4,"BOIN","approx2-r_fixed","approx2","r_fixed",NA,NA,0.9,0,0.0714,28,3,1,1,2,0.3,0.435,0.2995,NA,NA,0,49.6124,12.8372,12.8372,5.8098,29.6899,21.9018,1.292,352.5222,1935,1935,"0.15,0.2,0.3,0.35,0.45",0,1.4142,0.15,0.85,NA,NA,NA,NA,NA,NA,NA,NA,NA,NA,NA,NA,NA,NA,NA,NA,NA,NA,NA,NA,NA,NA,NA,NA
"Set_5dose_methods_prior","Set_5dose_methods_prior_SC4",4,"BOIN","approx2-r_fixed","approx2","r_fixed",NA,NA,0.9,0,0.0714,28,3,1,1,3,0.38,0.65,0.4468,NA,NA,0,4.3928,2.6217,2.6217,1.8605,29.6899,21.9018,1.292,352.5222,1935,1935,"0.15,0.2,0.3,0.35,0.45",0,1.4142,0.15,0.85,NA,NA,NA,NA,NA,NA,NA,NA,NA,NA,NA,NA,NA,NA,NA,NA,NA,NA,NA,NA,NA,NA,NA,NA
"Set_5dose_methods_prior","Set_5dose_methods_prior_SC4",4,"BOIN","approx2-r_fixed","approx2","r_fixed",NA,NA,0.9,0,0.0714,28,3,1,1,4,0.45,0.792,0.5166,NA,NA,0,0.5685,0.2527,0.2527,0.1039,29.6899,21.9018,1.292,352.5222,1935,1935,"0.15,0.2,0.3,0.35,0.45",0,1.4142,0.15,0.85,NA,NA,NA,NA,NA,NA,NA,NA,NA,NA,NA,NA,NA,NA,NA,NA,NA,NA,NA,NA,NA,NA,NA,NA
"Set_5dose_methods_prior","Set_5dose_methods_prior_SC4",4,"BOIN","approx2-r_fixed","approx2","r_fixed",NA,NA,0.9,0,0.0714,28,3,1,1,5,0.55,0.955,NA,NA,NA,0,0,0.014,0.014,0.014,29.6899,21.9018,1.292,352.5222,1935,1935,"0.15,0.2,0.3,0.35,0.45",0,1.4142,0.15,0.85,NA,NA,NA,NA,NA,NA,NA,NA,NA,NA,NA,NA,NA,NA,NA,NA,NA,NA,NA,NA,NA,NA,NA,NA
"Set_5dose_methods_prior","Set_5dose_methods_prior_SC5",5,"BOIN","approx1-r_fixed","approx1","r_fixed",NA,NA,0,0,0.0714,28,1,1,1,1,0.3,0.3,0.189,NA,NA,0,43.7209,15.4062,15.4062,0,26.786,26.786,16.2791,392.6819,1935,1935,"0.15,0.2,0.3,0.35,0.45",0,1.4142,0.15,0.85,NA,NA,NA,NA,NA,NA,NA,NA,NA,NA,NA,NA,NA,NA,NA,NA,NA,NA,NA,NA,NA,NA,NA,NA
"Set_5dose_methods_prior","Set_5dose_methods_prior_SC5",5,"BOIN","approx1-r_fixed","approx1","r_fixed",NA,NA,0,0,0.0714,28,1,1,1,2,0.35,0.35,0.2875,NA,NA,0,27.3385,7.6589,7.6589,0,26.786,26.786,16.2791,392.6819,1935,1935,"0.15,0.2,0.3,0.35,0.45",0,1.4142,0.15,0.85,NA,NA,NA,NA,NA,NA,NA,NA,NA,NA,NA,NA,NA,NA,NA,NA,NA,NA,NA,NA,NA,NA,NA,NA
"Set_5dose_methods_prior","Set_5dose_methods_prior_SC5",5,"BOIN","approx1-r_fixed","approx1","r_fixed",NA,NA,0,0,0.0714,28,1,1,1,3,0.4,0.4,0.3489,NA,NA,0,9.199,2.8481,2.8481,0,26.786,26.786,16.2791,392.6819,1935,1935,"0.15,0.2,0.3,0.35,0.45",0,1.4142,0.15,0.85,NA,NA,NA,NA,NA,NA,NA,NA,NA,NA,NA,NA,NA,NA,NA,NA,NA,NA,NA,NA,NA,NA,NA,NA
"Set_5dose_methods_prior","Set_5dose_methods_prior_SC5",5,"BOIN","approx1-r_fixed","approx1","r_fixed",NA,NA,0,0,0.0714,28,1,1,1,4,0.45,0.45,0.4033,NA,NA,0,2.6357,0.6977,0.6977,0,26.786,26.786,16.2791,392.6819,1935,1935,"0.15,0.2,0.3,0.35,0.45",0,1.4142,0.15,0.85,NA,NA,NA,NA,NA,NA,NA,NA,NA,NA,NA,NA,NA,NA,NA,NA,NA,NA,NA,NA,NA,NA,NA,NA
"Set_5dose_methods_prior","Set_5dose_methods_prior_SC5",5,"BOIN","approx1-r_fixed","approx1","r_fixed",NA,NA,0,0,0.0714,28,1,1,1,5,0.5,0.5,0.4249,NA,NA,0,0.8269,0.1752,0.1752,0,26.786,26.786,16.2791,392.6819,1935,1935,"0.15,0.2,0.3,0.35,0.45",0,1.4142,0.15,0.85,NA,NA,NA,NA,NA,NA,NA,NA,NA,NA,NA,NA,NA,NA,NA,NA,NA,NA,NA,NA,NA,NA,NA,NA
"Set_5dose_methods_prior","Set_5dose_methods_prior_SC5",5,"BOIN","approx2-r_fixed","approx2","r_fixed",NA,NA,0,0,0.0714,28,1,1,1,1,0.3,0.3,0.189,NA,NA,0,43.7209,15.4062,15.4062,0,26.786,26.786,16.2791,392.6819,1935,1935,"0.15,0.2,0.3,0.35,0.45",0,1.4142,0.15,0.85,NA,NA,NA,NA,NA,NA,NA,NA,NA,NA,NA,NA,NA,NA,NA,NA,NA,NA,NA,NA,NA,NA,NA,NA
"Set_5dose_methods_prior","Set_5dose_methods_prior_SC5",5,"BOIN","approx2-r_fixed","approx2","r_fixed",NA,NA,0,0,0.0714,28,1,1,1,2,0.35,0.35,0.2875,NA,NA,0,27.3385,7.6589,7.6589,0,26.786,26.786,16.2791,392.6819,1935,1935,"0.15,0.2,0.3,0.35,0.45",0,1.4142,0.15,0.85,NA,NA,NA,NA,NA,NA,NA,NA,NA,NA,NA,NA,NA,NA,NA,NA,NA,NA,NA,NA,NA,NA,NA,NA
"Set_5dose_methods_prior","Set_5dose_methods_prior_SC5",5,"BOIN","approx2-r_fixed","approx2","r_fixed",NA,NA,0,0,0.0714,28,1,1,1,3,0.4,0.4,0.3489,NA,NA,0,9.199,2.8481,2.8481,0,26.786,26.786,16.2791,392.6819,1935,1935,"0.15,0.2,0.3,0.35,0.45",0,1.4142,0.15,0.85,NA,NA,NA,NA,NA,NA,NA,NA,NA,NA,NA,NA,NA,NA,NA,NA,NA,NA,NA,NA,NA,NA,NA,NA
"Set_5dose_methods_prior","Set_5dose_methods_prior_SC5",5,"BOIN","approx2-r_fixed","approx2","r_fixed",NA,NA,0,0,0.0714,28,1,1,1,4,0.45,0.45,0.4033,NA,NA,0,2.6357,0.6977,0.6977,0,26.786,26.786,16.2791,392.6819,1935,1935,"0.15,0.2,0.3,0.35,0.45",0,1.4142,0.15,0.85,NA,NA,NA,NA,NA,NA,NA,NA,NA,NA,NA,NA,NA,NA,NA,NA,NA,NA,NA,NA,NA,NA,NA,NA
"Set_5dose_methods_prior","Set_5dose_methods_prior_SC5",5,"BOIN","approx2-r_fixed","approx2","r_fixed",NA,NA,0,0,0.0714,28,1,1,1,5,0.5,0.5,0.4249,NA,NA,0,0.8269,0.1752,0.1752,0,26.786,26.786,16.2791,392.6819,1935,1935,"0.15,0.2,0.3,0.35,0.45",0,1.4142,0.15,0.85,NA,NA,NA,NA,NA,NA,NA,NA,NA,NA,NA,NA,NA,NA,NA,NA,NA,NA,NA,NA,NA,NA,NA,NA
"Set_5dose_methods_prior","Set_5dose_methods_prior_SC5",5,"BOIN","approx1-r_fixed","approx1","r_fixed",NA,NA,0,0,0.0714,28,2,1,1,1,0.3,0.3,0.189,NA,NA,0,43.7209,15.4062,15.4062,0,26.786,22.0982,16.2791,343.2188,1935,1935,"0.15,0.2,0.3,0.35,0.45",0,1.4142,0.15,0.85,NA,NA,NA,NA,NA,NA,NA,NA,NA,NA,NA,NA,NA,NA,NA,NA,NA,NA,NA,NA,NA,NA,NA,NA
"Set_5dose_methods_prior","Set_5dose_methods_prior_SC5",5,"BOIN","approx1-r_fixed","approx1","r_fixed",NA,NA,0,0,0.0714,28,2,1,1,2,0.35,0.35,0.2875,NA,NA,0,27.3385,7.6589,7.6589,3.5948,26.786,22.0982,16.2791,343.2188,1935,1935,"0.15,0.2,0.3,0.35,0.45",0,1.4142,0.15,0.85,NA,NA,NA,NA,NA,NA,NA,NA,NA,NA,NA,NA,NA,NA,NA,NA,NA,NA,NA,NA,NA,NA,NA,NA
"Set_5dose_methods_prior","Set_5dose_methods_prior_SC5",5,"BOIN","approx1-r_fixed","approx1","r_fixed",NA,NA,0,0,0.0714,28,2,1,1,3,0.4,0.4,0.3489,NA,NA,0,9.199,2.8481,2.8481,0.6739,26.786,22.0982,16.2791,343.2188,1935,1935,"0.15,0.2,0.3,0.35,0.45",0,1.4142,0.15,0.85,NA,NA,NA,NA,NA,NA,NA,NA,NA,NA,NA,NA,NA,NA,NA,NA,NA,NA,NA,NA,NA,NA,NA,NA
"Set_5dose_methods_prior","Set_5dose_methods_prior_SC5",5,"BOIN","approx1-r_fixed","approx1","r_fixed",NA,NA,0,0,0.0714,28,2,1,1,4,0.45,0.45,0.4033,NA,NA,0,2.6357,0.6977,0.6977,0.3762,26.786,22.0982,16.2791,343.2188,1935,1935,"0.15,0.2,0.3,0.35,0.45",0,1.4142,0.15,0.85,NA,NA,NA,NA,NA,NA,NA,NA,NA,NA,NA,NA,NA,NA,NA,NA,NA,NA,NA,NA,NA,NA,NA,NA
"Set_5dose_methods_prior","Set_5dose_methods_prior_SC5",5,"BOIN","approx1-r_fixed","approx1","r_fixed",NA,NA,0,0,0.0714,28,2,1,1,5,0.5,0.5,0.4249,NA,NA,0,0.8269,0.1752,0.1752,0.0429,26.786,22.0982,16.2791,343.2188,1935,1935,"0.15,0.2,0.3,0.35,0.45",0,1.4142,0.15,0.85,NA,NA,NA,NA,NA,NA,NA,NA,NA,NA,NA,NA,NA,NA,NA,NA,NA,NA,NA,NA,NA,NA,NA,NA
"Set_5dose_methods_prior","Set_5dose_methods_prior_SC5",5,"BOIN","approx2-r_fixed","approx2","r_fixed",NA,NA,0,0,0.0714,28,2,1,1,1,0.3,0.3,0.189,NA,NA,0,43.7209,15.4062,15.4062,0,26.786,22.0982,16.2791,343.2188,1935,1935,"0.15,0.2,0.3,0.35,0.45",0,1.4142,0.15,0.85,NA,NA,NA,NA,NA,NA,NA,NA,NA,NA,NA,NA,NA,NA,NA,NA,NA,NA,NA,NA,NA,NA,NA,NA
"Set_5dose_methods_prior","Set_5dose_methods_prior_SC5",5,"BOIN","approx2-r_fixed","approx2","r_fixed",NA,NA,0,0,0.0714,28,2,1,1,2,0.35,0.35,0.2875,NA,NA,0,27.3385,7.6589,7.6589,3.5948,26.786,22.0982,16.2791,343.2188,1935,1935,"0.15,0.2,0.3,0.35,0.45",0,1.4142,0.15,0.85,NA,NA,NA,NA,NA,NA,NA,NA,NA,NA,NA,NA,NA,NA,NA,NA,NA,NA,NA,NA,NA,NA,NA,NA
"Set_5dose_methods_prior","Set_5dose_methods_prior_SC5",5,"BOIN","approx2-r_fixed","approx2","r_fixed",NA,NA,0,0,0.0714,28,2,1,1,3,0.4,0.4,0.3489,NA,NA,0,9.199,2.8481,2.8481,0.6739,26.786,22.0982,16.2791,343.2188,1935,1935,"0.15,0.2,0.3,0.35,0.45",0,1.4142,0.15,0.85,NA,NA,NA,NA,NA,NA,NA,NA,NA,NA,NA,NA,NA,NA,NA,NA,NA,NA,NA,NA,NA,NA,NA,NA
"Set_5dose_methods_prior","Set_5dose_methods_prior_SC5",5,"BOIN","approx2-r_fixed","approx2","r_fixed",NA,NA,0,0,0.0714,28,2,1,1,4,0.45,0.45,0.4033,NA,NA,0,2.6357,0.6977,0.6977,0.3762,26.786,22.0982,16.2791,343.2188,1935,1935,"0.15,0.2,0.3,0.35,0.45",0,1.4142,0.15,0.85,NA,NA,NA,NA,NA,NA,NA,NA,NA,NA,NA,NA,NA,NA,NA,NA,NA,NA,NA,NA,NA,NA,NA,NA
"Set_5dose_methods_prior","Set_5dose_methods_prior_SC5",5,"BOIN","approx2-r_fixed","approx2","r_fixed",NA,NA,0,0,0.0714,28,2,1,1,5,0.5,0.5,0.4249,NA,NA,0,0.8269,0.1752,0.1752,0.0429,26.786,22.0982,16.2791,343.2188,1935,1935,"0.15,0.2,0.3,0.35,0.45",0,1.4142,0.15,0.85,NA,NA,NA,NA,NA,NA,NA,NA,NA,NA,NA,NA,NA,NA,NA,NA,NA,NA,NA,NA,NA,NA,NA,NA
"Set_5dose_methods_prior","Set_5dose_methods_prior_SC5",5,"BOIN","approx1-r_fixed","approx1","r_fixed",NA,NA,0,0,0.0714,28,3,1,1,1,0.3,0.3,0.189,NA,NA,0,43.7209,15.4062,15.4062,0,26.786,21.308,16.2791,337.6662,1935,1935,"0.15,0.2,0.3,0.35,0.45",0,1.4142,0.15,0.85,NA,NA,NA,NA,NA,NA,NA,NA,NA,NA,NA,NA,NA,NA,NA,NA,NA,NA,NA,NA,NA,NA,NA,NA
"Set_5dose_methods_prior","Set_5dose_methods_prior_SC5",5,"BOIN","approx1-r_fixed","approx1","r_fixed",NA,NA,0,0,0.0714,28,3,1,1,2,0.35,0.35,0.2875,NA,NA,0,27.3385,7.6589,7.6589,3.5948,26.786,21.308,16.2791,337.6662,1935,1935,"0.15,0.2,0.3,0.35,0.45",0,1.4142,0.15,0.85,NA,NA,NA,NA,NA,NA,NA,NA,NA,NA,NA,NA,NA,NA,NA,NA,NA,NA,NA,NA,NA,NA,NA,NA
"Set_5dose_methods_prior","Set_5dose_methods_prior_SC5",5,"BOIN","approx1-r_fixed","approx1","r_fixed",NA,NA,0,0,0.0714,28,3,1,1,3,0.4,0.4,0.3489,NA,NA,0,9.199,2.8481,2.8481,1.5597,26.786,21.308,16.2791,337.6662,1935,1935,"0.15,0.2,0.3,0.35,0.45",0,1.4142,0.15,0.85,NA,NA,NA,NA,NA,NA,NA,NA,NA,NA,NA,NA,NA,NA,NA,NA,NA,NA,NA,NA,NA,NA,NA,NA
"Set_5dose_methods_prior","Set_5dose_methods_prior_SC5",5,"BOIN","approx1-r_fixed","approx1","r_fixed",NA,NA,0,0,0.0714,28,3,1,1,4,0.45,0.45,0.4033,NA,NA,0,2.6357,0.6977,0.6977,0.2305,26.786,21.308,16.2791,337.6662,1935,1935,"0.15,0.2,0.3,0.35,0.45",0,1.4142,0.15,0.85,NA,NA,NA,NA,NA,NA,NA,NA,NA,NA,NA,NA,NA,NA,NA,NA,NA,NA,NA,NA,NA,NA,NA,NA
"Set_5dose_methods_prior","Set_5dose_methods_prior_SC5",5,"BOIN","approx1-r_fixed","approx1","r_fixed",NA,NA,0,0,0.0714,28,3,1,1,5,0.5,0.5,0.4249,NA,NA,0,0.8269,0.1752,0.1752,0.093,26.786,21.308,16.2791,337.6662,1935,1935,"0.15,0.2,0.3,0.35,0.45",0,1.4142,0.15,0.85,NA,NA,NA,NA,NA,NA,NA,NA,NA,NA,NA,NA,NA,NA,NA,NA,NA,NA,NA,NA,NA,NA,NA,NA
"Set_5dose_methods_prior","Set_5dose_methods_prior_SC5",5,"BOIN","approx2-r_fixed","approx2","r_fixed",NA,NA,0,0,0.0714,28,3,1,1,1,0.3,0.3,0.189,NA,NA,0,43.7209,15.4062,15.4062,0,26.786,21.308,16.2791,337.6662,1935,1935,"0.15,0.2,0.3,0.35,0.45",0,1.4142,0.15,0.85,NA,NA,NA,NA,NA,NA,NA,NA,NA,NA,NA,NA,NA,NA,NA,NA,NA,NA,NA,NA,NA,NA,NA,NA
"Set_5dose_methods_prior","Set_5dose_methods_prior_SC5",5,"BOIN","approx2-r_fixed","approx2","r_fixed",NA,NA,0,0,0.0714,28,3,1,1,2,0.35,0.35,0.2875,NA,NA,0,27.3385,7.6589,7.6589,3.5948,26.786,21.308,16.2791,337.6662,1935,1935,"0.15,0.2,0.3,0.35,0.45",0,1.4142,0.15,0.85,NA,NA,NA,NA,NA,NA,NA,NA,NA,NA,NA,NA,NA,NA,NA,NA,NA,NA,NA,NA,NA,NA,NA,NA
"Set_5dose_methods_prior","Set_5dose_methods_prior_SC5",5,"BOIN","approx2-r_fixed","approx2","r_fixed",NA,NA,0,0,0.0714,28,3,1,1,3,0.4,0.4,0.3489,NA,NA,0,9.199,2.8481,2.8481,1.5597,26.786,21.308,16.2791,337.6662,1935,1935,"0.15,0.2,0.3,0.35,0.45",0,1.4142,0.15,0.85,NA,NA,NA,NA,NA,NA,NA,NA,NA,NA,NA,NA,NA,NA,NA,NA,NA,NA,NA,NA,NA,NA,NA,NA
"Set_5dose_methods_prior","Set_5dose_methods_prior_SC5",5,"BOIN","approx2-r_fixed","approx2","r_fixed",NA,NA,0,0,0.0714,28,3,1,1,4,0.45,0.45,0.4033,NA,NA,0,2.6357,0.6977,0.6977,0.2305,26.786,21.308,16.2791,337.6662,1935,1935,"0.15,0.2,0.3,0.35,0.45",0,1.4142,0.15,0.85,NA,NA,NA,NA,NA,NA,NA,NA,NA,NA,NA,NA,NA,NA,NA,NA,NA,NA,NA,NA,NA,NA,NA,NA
"Set_5dose_methods_prior","Set_5dose_methods_prior_SC5",5,"BOIN","approx2-r_fixed","approx2","r_fixed",NA,NA,0,0,0.0714,28,3,1,1,5,0.5,0.5,0.4249,NA,NA,0,0.8269,0.1752,0.1752,0.093,26.786,21.308,16.2791,337.6662,1935,1935,"0.15,0.2,0.3,0.35,0.45",0,1.4142,0.15,0.85,NA,NA,NA,NA,NA,NA,NA,NA,NA,NA,NA,NA,NA,NA,NA,NA,NA,NA,NA,NA,NA,NA,NA,NA
"Set_5dose_methods_prior","Set_5dose_methods_prior_SC5",5,"BOIN","approx1-r_fixed","approx1","r_fixed",NA,NA,0.3,0,0.0714,28,1,1,1,1,0.3,0.3,0.189,NA,NA,0,43.7209,15.4062,15.4062,0,26.786,26.786,16.2791,392.6819,1935,1935,"0.15,0.2,0.3,0.35,0.45",0,1.4142,0.15,0.85,NA,NA,NA,NA,NA,NA,NA,NA,NA,NA,NA,NA,NA,NA,NA,NA,NA,NA,NA,NA,NA,NA,NA,NA
"Set_5dose_methods_prior","Set_5dose_methods_prior_SC5",5,"BOIN","approx1-r_fixed","approx1","r_fixed",NA,NA,0.3,0,0.0714,28,1,1,1,2,0.35,0.44,0.2875,NA,NA,0,27.3385,7.6589,7.6589,0,26.786,26.786,16.2791,392.6819,1935,1935,"0.15,0.2,0.3,0.35,0.45",0,1.4142,0.15,0.85,NA,NA,NA,NA,NA,NA,NA,NA,NA,NA,NA,NA,NA,NA,NA,NA,NA,NA,NA,NA,NA,NA,NA,NA
"Set_5dose_methods_prior","Set_5dose_methods_prior_SC5",5,"BOIN","approx1-r_fixed","approx1","r_fixed",NA,NA,0.3,0,0.0714,28,1,1,1,3,0.4,0.505,0.3489,NA,NA,0,9.199,2.8481,2.8481,0,26.786,26.786,16.2791,392.6819,1935,1935,"0.15,0.2,0.3,0.35,0.45",0,1.4142,0.15,0.85,NA,NA,NA,NA,NA,NA,NA,NA,NA,NA,NA,NA,NA,NA,NA,NA,NA,NA,NA,NA,NA,NA,NA,NA
"Set_5dose_methods_prior","Set_5dose_methods_prior_SC5",5,"BOIN","approx1-r_fixed","approx1","r_fixed",NA,NA,0.3,0,0.0714,28,1,1,1,4,0.45,0.57,0.4033,NA,NA,0,2.6357,0.6977,0.6977,0,26.786,26.786,16.2791,392.6819,1935,1935,"0.15,0.2,0.3,0.35,0.45",0,1.4142,0.15,0.85,NA,NA,NA,NA,NA,NA,NA,NA,NA,NA,NA,NA,NA,NA,NA,NA,NA,NA,NA,NA,NA,NA,NA,NA
"Set_5dose_methods_prior","Set_5dose_methods_prior_SC5",5,"BOIN","approx1-r_fixed","approx1","r_fixed",NA,NA,0.3,0,0.0714,28,1,1,1,5,0.5,0.635,0.4249,NA,NA,0,0.8269,0.1752,0.1752,0,26.786,26.786,16.2791,392.6819,1935,1935,"0.15,0.2,0.3,0.35,0.45",0,1.4142,0.15,0.85,NA,NA,NA,NA,NA,NA,NA,NA,NA,NA,NA,NA,NA,NA,NA,NA,NA,NA,NA,NA,NA,NA,NA,NA
"Set_5dose_methods_prior","Set_5dose_methods_prior_SC5",5,"BOIN","approx2-r_fixed","approx2","r_fixed",NA,NA,0.3,0,0.0714,28,1,1,1,1,0.3,0.3,0.189,NA,NA,0,43.7209,15.4062,15.4062,0,26.786,26.786,16.2791,392.6819,1935,1935,"0.15,0.2,0.3,0.35,0.45",0,1.4142,0.15,0.85,NA,NA,NA,NA,NA,NA,NA,NA,NA,NA,NA,NA,NA,NA,NA,NA,NA,NA,NA,NA,NA,NA,NA,NA
"Set_5dose_methods_prior","Set_5dose_methods_prior_SC5",5,"BOIN","approx2-r_fixed","approx2","r_fixed",NA,NA,0.3,0,0.0714,28,1,1,1,2,0.35,0.44,0.2875,NA,NA,0,27.3385,7.6589,7.6589,0,26.786,26.786,16.2791,392.6819,1935,1935,"0.15,0.2,0.3,0.35,0.45",0,1.4142,0.15,0.85,NA,NA,NA,NA,NA,NA,NA,NA,NA,NA,NA,NA,NA,NA,NA,NA,NA,NA,NA,NA,NA,NA,NA,NA
"Set_5dose_methods_prior","Set_5dose_methods_prior_SC5",5,"BOIN","approx2-r_fixed","approx2","r_fixed",NA,NA,0.3,0,0.0714,28,1,1,1,3,0.4,0.505,0.3489,NA,NA,0,9.199,2.8481,2.8481,0,26.786,26.786,16.2791,392.6819,1935,1935,"0.15,0.2,0.3,0.35,0.45",0,1.4142,0.15,0.85,NA,NA,NA,NA,NA,NA,NA,NA,NA,NA,NA,NA,NA,NA,NA,NA,NA,NA,NA,NA,NA,NA,NA,NA
"Set_5dose_methods_prior","Set_5dose_methods_prior_SC5",5,"BOIN","approx2-r_fixed","approx2","r_fixed",NA,NA,0.3,0,0.0714,28,1,1,1,4,0.45,0.57,0.4033,NA,NA,0,2.6357,0.6977,0.6977,0,26.786,26.786,16.2791,392.6819,1935,1935,"0.15,0.2,0.3,0.35,0.45",0,1.4142,0.15,0.85,NA,NA,NA,NA,NA,NA,NA,NA,NA,NA,NA,NA,NA,NA,NA,NA,NA,NA,NA,NA,NA,NA,NA,NA
"Set_5dose_methods_prior","Set_5dose_methods_prior_SC5",5,"BOIN","approx2-r_fixed","approx2","r_fixed",NA,NA,0.3,0,0.0714,28,1,1,1,5,0.5,0.635,0.4249,NA,NA,0,0.8269,0.1752,0.1752,0,26.786,26.786,16.2791,392.6819,1935,1935,"0.15,0.2,0.3,0.35,0.45",0,1.4142,0.15,0.85,NA,NA,NA,NA,NA,NA,NA,NA,NA,NA,NA,NA,NA,NA,NA,NA,NA,NA,NA,NA,NA,NA,NA,NA
"Set_5dose_methods_prior","Set_5dose_methods_prior_SC5",5,"BOIN","approx1-r_fixed","approx1","r_fixed",NA,NA,0.3,0,0.0714,28,2,1,1,1,0.3,0.3,0.2098,NA,NA,0,54.522,17.093,17.093,0,26.7504,22.2729,16.6925,344.4542,1935,1935,"0.15,0.2,0.3,0.35,0.45",0,1.4142,0.15,0.85,NA,NA,NA,NA,NA,NA,NA,NA,NA,NA,NA,NA,NA,NA,NA,NA,NA,NA,NA,NA,NA,NA,NA,NA
"Set_5dose_methods_prior","Set_5dose_methods_prior_SC5",5,"BOIN","approx1-r_fixed","approx1","r_fixed",NA,NA,0.3,0,0.0714,28,2,1,1,2,0.35,0.44,0.3259,NA,NA,0,20.7235,7.1814,7.1814,3.7173,26.7504,22.2729,16.6925,344.4542,1935,1935,"0.15,0.2,0.3,0.35,0.45",0,1.4142,0.15,0.85,NA,NA,NA,NA,NA,NA,NA,NA,NA,NA,NA,NA,NA,NA,NA,NA,NA,NA,NA,NA,NA,NA,NA,NA
"Set_5dose_methods_prior","Set_5dose_methods_prior_SC5",5,"BOIN","approx1-r_fixed","approx1","r_fixed",NA,NA,0.3,0,0.0714,28,2,1,1,3,0.4,0.505,0.3656,NA,NA,0,6.1499,1.9349,1.9349,0.4987,26.7504,22.2729,16.6925,344.4542,1935,1935,"0.15,0.2,0.3,0.35,0.45",0,1.4142,0.15,0.85,NA,NA,NA,NA,NA,NA,NA,NA,NA,NA,NA,NA,NA,NA,NA,NA,NA,NA,NA,NA,NA,NA,NA,NA
"Set_5dose_methods_prior","Set_5dose_methods_prior_SC5",5,"BOIN","approx1-r_fixed","approx1","r_fixed",NA,NA,0.3,0,0.0714,28,2,1,1,4,0.45,0.57,0.4121,NA,NA,0,1.6021,0.4512,0.4512,0.23,26.7504,22.2729,16.6925,344.4542,1935,1935,"0.15,0.2,0.3,0.35,0.45",0,1.4142,0.15,0.85,NA,NA,NA,NA,NA,NA,NA,NA,NA,NA,NA,NA,NA,NA,NA,NA,NA,NA,NA,NA,NA,NA,NA,NA
"Set_5dose_methods_prior","Set_5dose_methods_prior_SC5",5,"BOIN","approx1-r_fixed","approx1","r_fixed",NA,NA,0.3,0,0.0714,28,2,1,1,5,0.5,0.635,0.4922,NA,NA,0,0.3101,0.0899,0.0899,0.0315,26.7504,22.2729,16.6925,344.4542,1935,1935,"0.15,0.2,0.3,0.35,0.45",0,1.4142,0.15,0.85,NA,NA,NA,NA,NA,NA,NA,NA,NA,NA,NA,NA,NA,NA,NA,NA,NA,NA,NA,NA,NA,NA,NA,NA
"Set_5dose_methods_prior","Set_5dose_methods_prior_SC5",5,"BOIN","approx2-r_fixed","approx2","r_fixed",NA,NA,0.3,0,0.0714,28,2,1,1,1,0.3,0.3,0.2098,NA,NA,0,54.522,17.093,17.093,0,26.7504,22.2729,16.6925,344.4542,1935,1935,"0.15,0.2,0.3,0.35,0.45",0,1.4142,0.15,0.85,NA,NA,NA,NA,NA,NA,NA,NA,NA,NA,NA,NA,NA,NA,NA,NA,NA,NA,NA,NA,NA,NA,NA,NA
"Set_5dose_methods_prior","Set_5dose_methods_prior_SC5",5,"BOIN","approx2-r_fixed","approx2","r_fixed",NA,NA,0.3,0,0.0714,28,2,1,1,2,0.35,0.44,0.3259,NA,NA,0,20.7235,7.1814,7.1814,3.7173,26.7504,22.2729,16.6925,344.4542,1935,1935,"0.15,0.2,0.3,0.35,0.45",0,1.4142,0.15,0.85,NA,NA,NA,NA,NA,NA,NA,NA,NA,NA,NA,NA,NA,NA,NA,NA,NA,NA,NA,NA,NA,NA,NA,NA
"Set_5dose_methods_prior","Set_5dose_methods_prior_SC5",5,"BOIN","approx2-r_fixed","approx2","r_fixed",NA,NA,0.3,0,0.0714,28,2,1,1,3,0.4,0.505,0.3656,NA,NA,0,6.1499,1.9349,1.9349,0.4987,26.7504,22.2729,16.6925,344.4542,1935,1935,"0.15,0.2,0.3,0.35,0.45",0,1.4142,0.15,0.85,NA,NA,NA,NA,NA,NA,NA,NA,NA,NA,NA,NA,NA,NA,NA,NA,NA,NA,NA,NA,NA,NA,NA,NA
"Set_5dose_methods_prior","Set_5dose_methods_prior_SC5",5,"BOIN","approx2-r_fixed","approx2","r_fixed",NA,NA,0.3,0,0.0714,28,2,1,1,4,0.45,0.57,0.4121,NA,NA,0,1.6021,0.4512,0.4512,0.23,26.7504,22.2729,16.6925,344.4542,1935,1935,"0.15,0.2,0.3,0.35,0.45",0,1.4142,0.15,0.85,NA,NA,NA,NA,NA,NA,NA,NA,NA,NA,NA,NA,NA,NA,NA,NA,NA,NA,NA,NA,NA,NA,NA,NA
"Set_5dose_methods_prior","Set_5dose_methods_prior_SC5",5,"BOIN","approx2-r_fixed","approx2","r_fixed",NA,NA,0.3,0,0.0714,28,2,1,1,5,0.5,0.635,0.4922,NA,NA,0,0.3101,0.0899,0.0899,0.0315,26.7504,22.2729,16.6925,344.4542,1935,1935,"0.15,0.2,0.3,0.35,0.45",0,1.4142,0.15,0.85,NA,NA,NA,NA,NA,NA,NA,NA,NA,NA,NA,NA,NA,NA,NA,NA,NA,NA,NA,NA,NA,NA,NA,NA
"Set_5dose_methods_prior","Set_5dose_methods_prior_SC5",5,"BOIN","approx1-r_fixed","approx1","r_fixed",NA,NA,0.3,0,0.0714,28,3,1,1,1,0.3,0.3,0.2123,NA,NA,0,55.2455,17.1504,17.1504,0,26.7504,21.7044,16.6408,340.5446,1935,1935,"0.15,0.2,0.3,0.35,0.45",0,1.4142,0.15,0.85,NA,NA,NA,NA,NA,NA,NA,NA,NA,NA,NA,NA,NA,NA,NA,NA,NA,NA,NA,NA,NA,NA,NA,NA
"Set_5dose_methods_prior","Set_5dose_methods_prior_SC5",5,"BOIN","approx1-r_fixed","approx1","r_fixed",NA,NA,0.3,0,0.0714,28,3,1,1,2,0.35,0.44,0.3349,NA,NA,0,21.2403,7.293,7.293,3.7432,26.7504,21.7044,16.6408,340.5446,1935,1935,"0.15,0.2,0.3,0.35,0.45",0,1.4142,0.15,0.85,NA,NA,NA,NA,NA,NA,NA,NA,NA,NA,NA,NA,NA,NA,NA,NA,NA,NA,NA,NA,NA,NA,NA,NA
"Set_5dose_methods_prior","Set_5dose_methods_prior_SC5",5,"BOIN","approx1-r_fixed","approx1","r_fixed",NA,NA,0.3,0,0.0714,28,3,1,1,3,0.4,0.505,0.4003,NA,NA,0,5.2713,1.8341,1.8341,1.1178,26.7504,21.7044,16.6408,340.5446,1935,1935,"0.15,0.2,0.3,0.35,0.45",0,1.4142,0.15,0.85,NA,NA,NA,NA,NA,NA,NA,NA,NA,NA,NA,NA,NA,NA,NA,NA,NA,NA,NA,NA,NA,NA,NA,NA
"Set_5dose_methods_prior","Set_5dose_methods_prior_SC5",5,"BOIN","approx1-r_fixed","approx1","r_fixed",NA,NA,0.3,0,0.0714,28,3,1,1,4,0.45,0.57,0.4434,NA,NA,0,1.4987,0.4202,0.4202,0.1473,26.7504,21.7044,16.6408,340.5446,1935,1935,"0.15,0.2,0.3,0.35,0.45",0,1.4142,0.15,0.85,NA,NA,NA,NA,NA,NA,NA,NA,NA,NA,NA,NA,NA,NA,NA,NA,NA,NA,NA,NA,NA,NA,NA,NA
"Set_5dose_methods_prior","Set_5dose_methods_prior_SC5",5,"BOIN","approx1-r_fixed","approx1","r_fixed",NA,NA,0.3,0,0.0714,28,3,1,1,5,0.5,0.635,0.5061,NA,NA,0,0.1034,0.0527,0.0527,0.0377,26.7504,21.7044,16.6408,340.5446,1935,1935,"0.15,0.2,0.3,0.35,0.45",0,1.4142,0.15,0.85,NA,NA,NA,NA,NA,NA,NA,NA,NA,NA,NA,NA,NA,NA,NA,NA,NA,NA,NA,NA,NA,NA,NA,NA
"Set_5dose_methods_prior","Set_5dose_methods_prior_SC5",5,"BOIN","approx2-r_fixed","approx2","r_fixed",NA,NA,0.3,0,0.0714,28,3,1,1,1,0.3,0.3,0.2123,NA,NA,0,55.2455,17.1504,17.1504,0,26.7504,21.7044,16.6408,340.5446,1935,1935,"0.15,0.2,0.3,0.35,0.45",0,1.4142,0.15,0.85,NA,NA,NA,NA,NA,NA,NA,NA,NA,NA,NA,NA,NA,NA,NA,NA,NA,NA,NA,NA,NA,NA,NA,NA
"Set_5dose_methods_prior","Set_5dose_methods_prior_SC5",5,"BOIN","approx2-r_fixed","approx2","r_fixed",NA,NA,0.3,0,0.0714,28,3,1,1,2,0.35,0.44,0.3349,NA,NA,0,21.2403,7.293,7.293,3.7432,26.7504,21.7044,16.6408,340.5446,1935,1935,"0.15,0.2,0.3,0.35,0.45",0,1.4142,0.15,0.85,NA,NA,NA,NA,NA,NA,NA,NA,NA,NA,NA,NA,NA,NA,NA,NA,NA,NA,NA,NA,NA,NA,NA,NA
"Set_5dose_methods_prior","Set_5dose_methods_prior_SC5",5,"BOIN","approx2-r_fixed","approx2","r_fixed",NA,NA,0.3,0,0.0714,28,3,1,1,3,0.4,0.505,0.4003,NA,NA,0,5.2713,1.8341,1.8341,1.1178,26.7504,21.7044,16.6408,340.5446,1935,1935,"0.15,0.2,0.3,0.35,0.45",0,1.4142,0.15,0.85,NA,NA,NA,NA,NA,NA,NA,NA,NA,NA,NA,NA,NA,NA,NA,NA,NA,NA,NA,NA,NA,NA,NA,NA
"Set_5dose_methods_prior","Set_5dose_methods_prior_SC5",5,"BOIN","approx2-r_fixed","approx2","r_fixed",NA,NA,0.3,0,0.0714,28,3,1,1,4,0.45,0.57,0.4434,NA,NA,0,1.4987,0.4202,0.4202,0.1473,26.7504,21.7044,16.6408,340.5446,1935,1935,"0.15,0.2,0.3,0.35,0.45",0,1.4142,0.15,0.85,NA,NA,NA,NA,NA,NA,NA,NA,NA,NA,NA,NA,NA,NA,NA,NA,NA,NA,NA,NA,NA,NA,NA,NA
"Set_5dose_methods_prior","Set_5dose_methods_prior_SC5",5,"BOIN","approx2-r_fixed","approx2","r_fixed",NA,NA,0.3,0,0.0714,28,3,1,1,5,0.5,0.635,0.5061,NA,NA,0,0.1034,0.0527,0.0527,0.0377,26.7504,21.7044,16.6408,340.5446,1935,1935,"0.15,0.2,0.3,0.35,0.45",0,1.4142,0.15,0.85,NA,NA,NA,NA,NA,NA,NA,NA,NA,NA,NA,NA,NA,NA,NA,NA,NA,NA,NA,NA,NA,NA,NA,NA
"Set_5dose_methods_prior","Set_5dose_methods_prior_SC5",5,"BOIN","approx1-r_fixed","approx1","r_fixed",NA,NA,0.6,0,0.0714,28,1,1,1,1,0.3,0.3,0.189,NA,NA,0,43.7209,15.4062,15.4062,0,26.786,26.786,16.2791,392.6819,1935,1935,"0.15,0.2,0.3,0.35,0.45",0,1.4142,0.15,0.85,NA,NA,NA,NA,NA,NA,NA,NA,NA,NA,NA,NA,NA,NA,NA,NA,NA,NA,NA,NA,NA,NA,NA,NA
"Set_5dose_methods_prior","Set_5dose_methods_prior_SC5",5,"BOIN","approx1-r_fixed","approx1","r_fixed",NA,NA,0.6,0,0.0714,28,1,1,1,2,0.35,0.53,0.2875,NA,NA,0,27.3385,7.6589,7.6589,0,26.786,26.786,16.2791,392.6819,1935,1935,"0.15,0.2,0.3,0.35,0.45",0,1.4142,0.15,0.85,NA,NA,NA,NA,NA,NA,NA,NA,NA,NA,NA,NA,NA,NA,NA,NA,NA,NA,NA,NA,NA,NA,NA,NA
"Set_5dose_methods_prior","Set_5dose_methods_prior_SC5",5,"BOIN","approx1-r_fixed","approx1","r_fixed",NA,NA,0.6,0,0.0714,28,1,1,1,3,0.4,0.61,0.3489,NA,NA,0,9.199,2.8481,2.8481,0,26.786,26.786,16.2791,392.6819,1935,1935,"0.15,0.2,0.3,0.35,0.45",0,1.4142,0.15,0.85,NA,NA,NA,NA,NA,NA,NA,NA,NA,NA,NA,NA,NA,NA,NA,NA,NA,NA,NA,NA,NA,NA,NA,NA
"Set_5dose_methods_prior","Set_5dose_methods_prior_SC5",5,"BOIN","approx1-r_fixed","approx1","r_fixed",NA,NA,0.6,0,0.0714,28,1,1,1,4,0.45,0.69,0.4033,NA,NA,0,2.6357,0.6977,0.6977,0,26.786,26.786,16.2791,392.6819,1935,1935,"0.15,0.2,0.3,0.35,0.45",0,1.4142,0.15,0.85,NA,NA,NA,NA,NA,NA,NA,NA,NA,NA,NA,NA,NA,NA,NA,NA,NA,NA,NA,NA,NA,NA,NA,NA
"Set_5dose_methods_prior","Set_5dose_methods_prior_SC5",5,"BOIN","approx1-r_fixed","approx1","r_fixed",NA,NA,0.6,0,0.0714,28,1,1,1,5,0.5,0.77,0.4249,NA,NA,0,0.8269,0.1752,0.1752,0,26.786,26.786,16.2791,392.6819,1935,1935,"0.15,0.2,0.3,0.35,0.45",0,1.4142,0.15,0.85,NA,NA,NA,NA,NA,NA,NA,NA,NA,NA,NA,NA,NA,NA,NA,NA,NA,NA,NA,NA,NA,NA,NA,NA
"Set_5dose_methods_prior","Set_5dose_methods_prior_SC5",5,"BOIN","approx2-r_fixed","approx2","r_fixed",NA,NA,0.6,0,0.0714,28,1,1,1,1,0.3,0.3,0.189,NA,NA,0,43.7209,15.4062,15.4062,0,26.786,26.786,16.2791,392.6819,1935,1935,"0.15,0.2,0.3,0.35,0.45",0,1.4142,0.15,0.85,NA,NA,NA,NA,NA,NA,NA,NA,NA,NA,NA,NA,NA,NA,NA,NA,NA,NA,NA,NA,NA,NA,NA,NA
"Set_5dose_methods_prior","Set_5dose_methods_prior_SC5",5,"BOIN","approx2-r_fixed","approx2","r_fixed",NA,NA,0.6,0,0.0714,28,1,1,1,2,0.35,0.53,0.2875,NA,NA,0,27.3385,7.6589,7.6589,0,26.786,26.786,16.2791,392.6819,1935,1935,"0.15,0.2,0.3,0.35,0.45",0,1.4142,0.15,0.85,NA,NA,NA,NA,NA,NA,NA,NA,NA,NA,NA,NA,NA,NA,NA,NA,NA,NA,NA,NA,NA,NA,NA,NA
"Set_5dose_methods_prior","Set_5dose_methods_prior_SC5",5,"BOIN","approx2-r_fixed","approx2","r_fixed",NA,NA,0.6,0,0.0714,28,1,1,1,3,0.4,0.61,0.3489,NA,NA,0,9.199,2.8481,2.8481,0,26.786,26.786,16.2791,392.6819,1935,1935,"0.15,0.2,0.3,0.35,0.45",0,1.4142,0.15,0.85,NA,NA,NA,NA,NA,NA,NA,NA,NA,NA,NA,NA,NA,NA,NA,NA,NA,NA,NA,NA,NA,NA,NA,NA
"Set_5dose_methods_prior","Set_5dose_methods_prior_SC5",5,"BOIN","approx2-r_fixed","approx2","r_fixed",NA,NA,0.6,0,0.0714,28,1,1,1,4,0.45,0.69,0.4033,NA,NA,0,2.6357,0.6977,0.6977,0,26.786,26.786,16.2791,392.6819,1935,1935,"0.15,0.2,0.3,0.35,0.45",0,1.4142,0.15,0.85,NA,NA,NA,NA,NA,NA,NA,NA,NA,NA,NA,NA,NA,NA,NA,NA,NA,NA,NA,NA,NA,NA,NA,NA
"Set_5dose_methods_prior","Set_5dose_methods_prior_SC5",5,"BOIN","approx2-r_fixed","approx2","r_fixed",NA,NA,0.6,0,0.0714,28,1,1,1,5,0.5,0.77,0.4249,NA,NA,0,0.8269,0.1752,0.1752,0,26.786,26.786,16.2791,392.6819,1935,1935,"0.15,0.2,0.3,0.35,0.45",0,1.4142,0.15,0.85,NA,NA,NA,NA,NA,NA,NA,NA,NA,NA,NA,NA,NA,NA,NA,NA,NA,NA,NA,NA,NA,NA,NA,NA
"Set_5dose_methods_prior","Set_5dose_methods_prior_SC5",5,"BOIN","approx1-r_fixed","approx1","r_fixed",NA,NA,0.6,0,0.0714,28,2,1,1,1,0.3,0.3,0.2266,NA,NA,0,63.6693,19.0713,19.0713,0,26.6791,22.5514,17.8295,345.5276,1935,1935,"0.15,0.2,0.3,0.35,0.45",0,1.4142,0.15,0.85,NA,NA,NA,NA,NA,NA,NA,NA,NA,NA,NA,NA,NA,NA,NA,NA,NA,NA,NA,NA,NA,NA,NA,NA
"Set_5dose_methods_prior","Set_5dose_methods_prior_SC5",5,"BOIN","approx1-r_fixed","approx1","r_fixed",NA,NA,0.6,0,0.0714,28,2,1,1,2,0.35,0.53,0.3632,NA,NA,0,13.9018,6.0853,6.0853,3.5638,26.6791,22.5514,17.8295,345.5276,1935,1935,"0.15,0.2,0.3,0.35,0.45",0,1.4142,0.15,0.85,NA,NA,NA,NA,NA,NA,NA,NA,NA,NA,NA,NA,NA,NA,NA,NA,NA,NA,NA,NA,NA,NA,NA,NA
"Set_5dose_methods_prior","Set_5dose_methods_prior_SC5",5,"BOIN","approx1-r_fixed","approx1","r_fixed",NA,NA,0.6,0,0.0714,28,2,1,1,3,0.4,0.61,0.3791,NA,NA,0,3.7726,1.2186,1.2186,0.385,26.6791,22.5514,17.8295,345.5276,1935,1935,"0.15,0.2,0.3,0.35,0.45",0,1.4142,0.15,0.85,NA,NA,NA,NA,NA,NA,NA,NA,NA,NA,NA,NA,NA,NA,NA,NA,NA,NA,NA,NA,NA,NA,NA,NA
"Set_5dose_methods_prior","Set_5dose_methods_prior_SC5",5,"BOIN","approx1-r_fixed","approx1","r_fixed",NA,NA,0.6,0,0.0714,28,2,1,1,4,0.45,0.69,0.4439,NA,NA,0,0.7752,0.2713,0.2713,0.1587,26.6791,22.5514,17.8295,345.5276,1935,1935,"0.15,0.2,0.3,0.35,0.45",0,1.4142,0.15,0.85,NA,NA,NA,NA,NA,NA,NA,NA,NA,NA,NA,NA,NA,NA,NA,NA,NA,NA,NA,NA,NA,NA,NA,NA
"Set_5dose_methods_prior","Set_5dose_methods_prior_SC5",5,"BOIN","approx1-r_fixed","approx1","r_fixed",NA,NA,0.6,0,0.0714,28,2,1,1,5,0.5,0.77,0.5581,NA,NA,0,0.0517,0.0326,0.0326,0.0202,26.6791,22.5514,17.8295,345.5276,1935,1935,"0.15,0.2,0.3,0.35,0.45",0,1.4142,0.15,0.85,NA,NA,NA,NA,NA,NA,NA,NA,NA,NA,NA,NA,NA,NA,NA,NA,NA,NA,NA,NA,NA,NA,NA,NA
"Set_5dose_methods_prior","Set_5dose_methods_prior_SC5",5,"BOIN","approx2-r_fixed","approx2","r_fixed",NA,NA,0.6,0,0.0714,28,2,1,1,1,0.3,0.3,0.2266,NA,NA,0,63.6693,19.0713,19.0713,0,26.6791,22.5514,17.8295,345.5276,1935,1935,"0.15,0.2,0.3,0.35,0.45",0,1.4142,0.15,0.85,NA,NA,NA,NA,NA,NA,NA,NA,NA,NA,NA,NA,NA,NA,NA,NA,NA,NA,NA,NA,NA,NA,NA,NA
"Set_5dose_methods_prior","Set_5dose_methods_prior_SC5",5,"BOIN","approx2-r_fixed","approx2","r_fixed",NA,NA,0.6,0,0.0714,28,2,1,1,2,0.35,0.53,0.3632,NA,NA,0,13.9018,6.0853,6.0853,3.5638,26.6791,22.5514,17.8295,345.5276,1935,1935,"0.15,0.2,0.3,0.35,0.45",0,1.4142,0.15,0.85,NA,NA,NA,NA,NA,NA,NA,NA,NA,NA,NA,NA,NA,NA,NA,NA,NA,NA,NA,NA,NA,NA,NA,NA
"Set_5dose_methods_prior","Set_5dose_methods_prior_SC5",5,"BOIN","approx2-r_fixed","approx2","r_fixed",NA,NA,0.6,0,0.0714,28,2,1,1,3,0.4,0.61,0.3791,NA,NA,0,3.7726,1.2186,1.2186,0.385,26.6791,22.5514,17.8295,345.5276,1935,1935,"0.15,0.2,0.3,0.35,0.45",0,1.4142,0.15,0.85,NA,NA,NA,NA,NA,NA,NA,NA,NA,NA,NA,NA,NA,NA,NA,NA,NA,NA,NA,NA,NA,NA,NA,NA
"Set_5dose_methods_prior","Set_5dose_methods_prior_SC5",5,"BOIN","approx2-r_fixed","approx2","r_fixed",NA,NA,0.6,0,0.0714,28,2,1,1,4,0.45,0.69,0.4439,NA,NA,0,0.7752,0.2713,0.2713,0.1587,26.6791,22.5514,17.8295,345.5276,1935,1935,"0.15,0.2,0.3,0.35,0.45",0,1.4142,0.15,0.85,NA,NA,NA,NA,NA,NA,NA,NA,NA,NA,NA,NA,NA,NA,NA,NA,NA,NA,NA,NA,NA,NA,NA,NA
"Set_5dose_methods_prior","Set_5dose_methods_prior_SC5",5,"BOIN","approx2-r_fixed","approx2","r_fixed",NA,NA,0.6,0,0.0714,28,2,1,1,5,0.5,0.77,0.5581,NA,NA,0,0.0517,0.0326,0.0326,0.0202,26.6791,22.5514,17.8295,345.5276,1935,1935,"0.15,0.2,0.3,0.35,0.45",0,1.4142,0.15,0.85,NA,NA,NA,NA,NA,NA,NA,NA,NA,NA,NA,NA,NA,NA,NA,NA,NA,NA,NA,NA,NA,NA,NA,NA
"Set_5dose_methods_prior","Set_5dose_methods_prior_SC5",5,"BOIN","approx1-r_fixed","approx1","r_fixed",NA,NA,0.6,0,0.0714,28,3,1,1,1,0.3,0.3,0.2293,NA,NA,0,64.2894,19.1659,19.1659,0,26.6791,22.385,17.8295,344.0717,1935,1935,"0.15,0.2,0.3,0.35,0.45",0,1.4142,0.15,0.85,NA,NA,NA,NA,NA,NA,NA,NA,NA,NA,NA,NA,NA,NA,NA,NA,NA,NA,NA,NA,NA,NA,NA,NA
"Set_5dose_methods_prior","Set_5dose_methods_prior_SC5",5,"BOIN","approx1-r_fixed","approx1","r_fixed",NA,NA,0.6,0,0.0714,28,3,1,1,2,0.35,0.53,0.3826,NA,NA,0,15.7106,6.4868,6.4868,3.5943,26.6791,22.385,17.8295,344.0717,1935,1935,"0.15,0.2,0.3,0.35,0.45",0,1.4142,0.15,0.85,NA,NA,NA,NA,NA,NA,NA,NA,NA,NA,NA,NA,NA,NA,NA,NA,NA,NA,NA,NA,NA,NA,NA,NA
"Set_5dose_methods_prior","Set_5dose_methods_prior_SC5",5,"BOIN","approx1-r_fixed","approx1","r_fixed",NA,NA,0.6,0,0.0714,28,3,1,1,3,0.4,0.61,0.4432,NA,NA,0,1.7571,0.8884,0.8884,0.6574,26.6791,22.385,17.8295,344.0717,1935,1935,"0.15,0.2,0.3,0.35,0.45",0,1.4142,0.15,0.85,NA,NA,NA,NA,NA,NA,NA,NA,NA,NA,NA,NA,NA,NA,NA,NA,NA,NA,NA,NA,NA,NA,NA,NA
"Set_5dose_methods_prior","Set_5dose_methods_prior_SC5",5,"BOIN","approx1-r_fixed","approx1","r_fixed",NA,NA,0.6,0,0.0714,28,3,1,1,4,0.45,0.69,0.4509,NA,NA,0,0.4134,0.1178,0.1178,0.0295,26.6791,22.385,17.8295,344.0717,1935,1935,"0.15,0.2,0.3,0.35,0.45",0,1.4142,0.15,0.85,NA,NA,NA,NA,NA,NA,NA,NA,NA,NA,NA,NA,NA,NA,NA,NA,NA,NA,NA,NA,NA,NA,NA,NA
"Set_5dose_methods_prior","Set_5dose_methods_prior_SC5",5,"BOIN","approx1-r_fixed","approx1","r_fixed",NA,NA,0.6,0,0.0714,28,3,1,1,5,0.5,0.77,0.4584,NA,NA,0,0,0.0202,0.0202,0.0129,26.6791,22.385,17.8295,344.0717,1935,1935,"0.15,0.2,0.3,0.35,0.45",0,1.4142,0.15,0.85,NA,NA,NA,NA,NA,NA,NA,NA,NA,NA,NA,NA,NA,NA,NA,NA,NA,NA,NA,NA,NA,NA,NA,NA
"Set_5dose_methods_prior","Set_5dose_methods_prior_SC5",5,"BOIN","approx2-r_fixed","approx2","r_fixed",NA,NA,0.6,0,0.0714,28,3,1,1,1,0.3,0.3,0.2293,NA,NA,0,64.2894,19.1659,19.1659,0,26.6791,22.385,17.8295,344.0717,1935,1935,"0.15,0.2,0.3,0.35,0.45",0,1.4142,0.15,0.85,NA,NA,NA,NA,NA,NA,NA,NA,NA,NA,NA,NA,NA,NA,NA,NA,NA,NA,NA,NA,NA,NA,NA,NA
"Set_5dose_methods_prior","Set_5dose_methods_prior_SC5",5,"BOIN","approx2-r_fixed","approx2","r_fixed",NA,NA,0.6,0,0.0714,28,3,1,1,2,0.35,0.53,0.3826,NA,NA,0,15.7106,6.4868,6.4868,3.5943,26.6791,22.385,17.8295,344.0717,1935,1935,"0.15,0.2,0.3,0.35,0.45",0,1.4142,0.15,0.85,NA,NA,NA,NA,NA,NA,NA,NA,NA,NA,NA,NA,NA,NA,NA,NA,NA,NA,NA,NA,NA,NA,NA,NA
"Set_5dose_methods_prior","Set_5dose_methods_prior_SC5",5,"BOIN","approx2-r_fixed","approx2","r_fixed",NA,NA,0.6,0,0.0714,28,3,1,1,3,0.4,0.61,0.4432,NA,NA,0,1.7571,0.8884,0.8884,0.6574,26.6791,22.385,17.8295,344.0717,1935,1935,"0.15,0.2,0.3,0.35,0.45",0,1.4142,0.15,0.85,NA,NA,NA,NA,NA,NA,NA,NA,NA,NA,NA,NA,NA,NA,NA,NA,NA,NA,NA,NA,NA,NA,NA,NA
"Set_5dose_methods_prior","Set_5dose_methods_prior_SC5",5,"BOIN","approx2-r_fixed","approx2","r_fixed",NA,NA,0.6,0,0.0714,28,3,1,1,4,0.45,0.69,0.4509,NA,NA,0,0.4134,0.1178,0.1178,0.0295,26.6791,22.385,17.8295,344.0717,1935,1935,"0.15,0.2,0.3,0.35,0.45",0,1.4142,0.15,0.85,NA,NA,NA,NA,NA,NA,NA,NA,NA,NA,NA,NA,NA,NA,NA,NA,NA,NA,NA,NA,NA,NA,NA,NA
"Set_5dose_methods_prior","Set_5dose_methods_prior_SC5",5,"BOIN","approx2-r_fixed","approx2","r_fixed",NA,NA,0.6,0,0.0714,28,3,1,1,5,0.5,0.77,0.4584,NA,NA,0,0,0.0202,0.0202,0.0129,26.6791,22.385,17.8295,344.0717,1935,1935,"0.15,0.2,0.3,0.35,0.45",0,1.4142,0.15,0.85,NA,NA,NA,NA,NA,NA,NA,NA,NA,NA,NA,NA,NA,NA,NA,NA,NA,NA,NA,NA,NA,NA,NA,NA
"Set_5dose_methods_prior","Set_5dose_methods_prior_SC5",5,"BOIN","approx1-r_fixed","approx1","r_fixed",NA,NA,0.9,0,0.0714,28,1,1,1,1,0.3,0.3,0.189,NA,NA,0,43.7209,15.4062,15.4062,0,26.786,26.786,16.2791,392.6819,1935,1935,"0.15,0.2,0.3,0.35,0.45",0,1.4142,0.15,0.85,NA,NA,NA,NA,NA,NA,NA,NA,NA,NA,NA,NA,NA,NA,NA,NA,NA,NA,NA,NA,NA,NA,NA,NA
"Set_5dose_methods_prior","Set_5dose_methods_prior_SC5",5,"BOIN","approx1-r_fixed","approx1","r_fixed",NA,NA,0.9,0,0.0714,28,1,1,1,2,0.35,0.62,0.2875,NA,NA,0,27.3385,7.6589,7.6589,0,26.786,26.786,16.2791,392.6819,1935,1935,"0.15,0.2,0.3,0.35,0.45",0,1.4142,0.15,0.85,NA,NA,NA,NA,NA,NA,NA,NA,NA,NA,NA,NA,NA,NA,NA,NA,NA,NA,NA,NA,NA,NA,NA,NA
"Set_5dose_methods_prior","Set_5dose_methods_prior_SC5",5,"BOIN","approx1-r_fixed","approx1","r_fixed",NA,NA,0.9,0,0.0714,28,1,1,1,3,0.4,0.715,0.3489,NA,NA,0,9.199,2.8481,2.8481,0,26.786,26.786,16.2791,392.6819,1935,1935,"0.15,0.2,0.3,0.35,0.45",0,1.4142,0.15,0.85,NA,NA,NA,NA,NA,NA,NA,NA,NA,NA,NA,NA,NA,NA,NA,NA,NA,NA,NA,NA,NA,NA,NA,NA
"Set_5dose_methods_prior","Set_5dose_methods_prior_SC5",5,"BOIN","approx1-r_fixed","approx1","r_fixed",NA,NA,0.9,0,0.0714,28,1,1,1,4,0.45,0.81,0.4033,NA,NA,0,2.6357,0.6977,0.6977,0,26.786,26.786,16.2791,392.6819,1935,1935,"0.15,0.2,0.3,0.35,0.45",0,1.4142,0.15,0.85,NA,NA,NA,NA,NA,NA,NA,NA,NA,NA,NA,NA,NA,NA,NA,NA,NA,NA,NA,NA,NA,NA,NA,NA
"Set_5dose_methods_prior","Set_5dose_methods_prior_SC5",5,"BOIN","approx1-r_fixed","approx1","r_fixed",NA,NA,0.9,0,0.0714,28,1,1,1,5,0.5,0.905,0.4249,NA,NA,0,0.8269,0.1752,0.1752,0,26.786,26.786,16.2791,392.6819,1935,1935,"0.15,0.2,0.3,0.35,0.45",0,1.4142,0.15,0.85,NA,NA,NA,NA,NA,NA,NA,NA,NA,NA,NA,NA,NA,NA,NA,NA,NA,NA,NA,NA,NA,NA,NA,NA
"Set_5dose_methods_prior","Set_5dose_methods_prior_SC5",5,"BOIN","approx2-r_fixed","approx2","r_fixed",NA,NA,0.9,0,0.0714,28,1,1,1,1,0.3,0.3,0.189,NA,NA,0,43.7209,15.4062,15.4062,0,26.786,26.786,16.2791,392.6819,1935,1935,"0.15,0.2,0.3,0.35,0.45",0,1.4142,0.15,0.85,NA,NA,NA,NA,NA,NA,NA,NA,NA,NA,NA,NA,NA,NA,NA,NA,NA,NA,NA,NA,NA,NA,NA,NA
"Set_5dose_methods_prior","Set_5dose_methods_prior_SC5",5,"BOIN","approx2-r_fixed","approx2","r_fixed",NA,NA,0.9,0,0.0714,28,1,1,1,2,0.35,0.62,0.2875,NA,NA,0,27.3385,7.6589,7.6589,0,26.786,26.786,16.2791,392.6819,1935,1935,"0.15,0.2,0.3,0.35,0.45",0,1.4142,0.15,0.85,NA,NA,NA,NA,NA,NA,NA,NA,NA,NA,NA,NA,NA,NA,NA,NA,NA,NA,NA,NA,NA,NA,NA,NA
"Set_5dose_methods_prior","Set_5dose_methods_prior_SC5",5,"BOIN","approx2-r_fixed","approx2","r_fixed",NA,NA,0.9,0,0.0714,28,1,1,1,3,0.4,0.715,0.3489,NA,NA,0,9.199,2.8481,2.8481,0,26.786,26.786,16.2791,392.6819,1935,1935,"0.15,0.2,0.3,0.35,0.45",0,1.4142,0.15,0.85,NA,NA,NA,NA,NA,NA,NA,NA,NA,NA,NA,NA,NA,NA,NA,NA,NA,NA,NA,NA,NA,NA,NA,NA
"Set_5dose_methods_prior","Set_5dose_methods_prior_SC5",5,"BOIN","approx2-r_fixed","approx2","r_fixed",NA,NA,0.9,0,0.0714,28,1,1,1,4,0.45,0.81,0.4033,NA,NA,0,2.6357,0.6977,0.6977,0,26.786,26.786,16.2791,392.6819,1935,1935,"0.15,0.2,0.3,0.35,0.45",0,1.4142,0.15,0.85,NA,NA,NA,NA,NA,NA,NA,NA,NA,NA,NA,NA,NA,NA,NA,NA,NA,NA,NA,NA,NA,NA,NA,NA
"Set_5dose_methods_prior","Set_5dose_methods_prior_SC5",5,"BOIN","approx2-r_fixed","approx2","r_fixed",NA,NA,0.9,0,0.0714,28,1,1,1,5,0.5,0.905,0.4249,NA,NA,0,0.8269,0.1752,0.1752,0,26.786,26.786,16.2791,392.6819,1935,1935,"0.15,0.2,0.3,0.35,0.45",0,1.4142,0.15,0.85,NA,NA,NA,NA,NA,NA,NA,NA,NA,NA,NA,NA,NA,NA,NA,NA,NA,NA,NA,NA,NA,NA,NA,NA
"Set_5dose_methods_prior","Set_5dose_methods_prior_SC5",5,"BOIN","approx1-r_fixed","approx1","r_fixed",NA,NA,0.9,0,0.0714,28,2,1,1,1,0.3,0.3,0.24,NA,NA,0,70.2842,20.5922,20.5922,0,26.6403,23.0052,18.2946,348.6863,1935,1935,"0.15,0.2,0.3,0.35,0.45",0,1.4142,0.15,0.85,NA,NA,NA,NA,NA,NA,NA,NA,NA,NA,NA,NA,NA,NA,NA,NA,NA,NA,NA,NA,NA,NA,NA,NA
"Set_5dose_methods_prior","Set_5dose_methods_prior_SC5",5,"BOIN","approx1-r_fixed","approx1","r_fixed",NA,NA,0.9,0,0.0714,28,2,1,1,2,0.35,0.62,0.4023,NA,NA,0,8.9922,5.1194,5.1194,3.2693,26.6403,23.0052,18.2946,348.6863,1935,1935,"0.15,0.2,0.3,0.35,0.45",0,1.4142,0.15,0.85,NA,NA,NA,NA,NA,NA,NA,NA,NA,NA,NA,NA,NA,NA,NA,NA,NA,NA,NA,NA,NA,NA,NA,NA
"Set_5dose_methods_prior","Set_5dose_methods_prior_SC5",5,"BOIN","approx1-r_fixed","approx1","r_fixed",NA,NA,0.9,0,0.0714,28,2,1,1,3,0.4,0.715,0.4051,NA,NA,0,2.2222,0.7876,0.7876,0.2693,26.6403,23.0052,18.2946,348.6863,1935,1935,"0.15,0.2,0.3,0.35,0.45",0,1.4142,0.15,0.85,NA,NA,NA,NA,NA,NA,NA,NA,NA,NA,NA,NA,NA,NA,NA,NA,NA,NA,NA,NA,NA,NA,NA,NA
"Set_5dose_methods_prior","Set_5dose_methods_prior_SC5",5,"BOIN","approx1-r_fixed","approx1","r_fixed",NA,NA,0.9,0,0.0714,28,2,1,1,4,0.45,0.81,0.5204,NA,NA,0,0.2067,0.1333,0.1333,0.0889,26.6403,23.0052,18.2946,348.6863,1935,1935,"0.15,0.2,0.3,0.35,0.45",0,1.4142,0.15,0.85,NA,NA,NA,NA,NA,NA,NA,NA,NA,NA,NA,NA,NA,NA,NA,NA,NA,NA,NA,NA,NA,NA,NA,NA
"Set_5dose_methods_prior","Set_5dose_methods_prior_SC5",5,"BOIN","approx1-r_fixed","approx1","r_fixed",NA,NA,0.9,0,0.0714,28,2,1,1,5,0.5,0.905,NA,NA,NA,0,0,0.0078,0.0078,0.0078,26.6403,23.0052,18.2946,348.6863,1935,1935,"0.15,0.2,0.3,0.35,0.45",0,1.4142,0.15,0.85,NA,NA,NA,NA,NA,NA,NA,NA,NA,NA,NA,NA,NA,NA,NA,NA,NA,NA,NA,NA,NA,NA,NA,NA
"Set_5dose_methods_prior","Set_5dose_methods_prior_SC5",5,"BOIN","approx2-r_fixed","approx2","r_fixed",NA,NA,0.9,0,0.0714,28,2,1,1,1,0.3,0.3,0.24,NA,NA,0,70.2842,20.5922,20.5922,0,26.6403,23.0052,18.2946,348.6863,1935,1935,"0.15,0.2,0.3,0.35,0.45",0,1.4142,0.15,0.85,NA,NA,NA,NA,NA,NA,NA,NA,NA,NA,NA,NA,NA,NA,NA,NA,NA,NA,NA,NA,NA,NA,NA,NA
"Set_5dose_methods_prior","Set_5dose_methods_prior_SC5",5,"BOIN","approx2-r_fixed","approx2","r_fixed",NA,NA,0.9,0,0.0714,28,2,1,1,2,0.35,0.62,0.4023,NA,NA,0,8.9922,5.1194,5.1194,3.2693,26.6403,23.0052,18.2946,348.6863,1935,1935,"0.15,0.2,0.3,0.35,0.45",0,1.4142,0.15,0.85,NA,NA,NA,NA,NA,NA,NA,NA,NA,NA,NA,NA,NA,NA,NA,NA,NA,NA,NA,NA,NA,NA,NA,NA
"Set_5dose_methods_prior","Set_5dose_methods_prior_SC5",5,"BOIN","approx2-r_fixed","approx2","r_fixed",NA,NA,0.9,0,0.0714,28,2,1,1,3,0.4,0.715,0.4051,NA,NA,0,2.2222,0.7876,0.7876,0.2693,26.6403,23.0052,18.2946,348.6863,1935,1935,"0.15,0.2,0.3,0.35,0.45",0,1.4142,0.15,0.85,NA,NA,NA,NA,NA,NA,NA,NA,NA,NA,NA,NA,NA,NA,NA,NA,NA,NA,NA,NA,NA,NA,NA,NA
"Set_5dose_methods_prior","Set_5dose_methods_prior_SC5",5,"BOIN","approx2-r_fixed","approx2","r_fixed",NA,NA,0.9,0,0.0714,28,2,1,1,4,0.45,0.81,0.5204,NA,NA,0,0.2067,0.1333,0.1333,0.0889,26.6403,23.0052,18.2946,348.6863,1935,1935,"0.15,0.2,0.3,0.35,0.45",0,1.4142,0.15,0.85,NA,NA,NA,NA,NA,NA,NA,NA,NA,NA,NA,NA,NA,NA,NA,NA,NA,NA,NA,NA,NA,NA,NA,NA
"Set_5dose_methods_prior","Set_5dose_methods_prior_SC5",5,"BOIN","approx2-r_fixed","approx2","r_fixed",NA,NA,0.9,0,0.0714,28,2,1,1,5,0.5,0.905,NA,NA,NA,0,0,0.0078,0.0078,0.0078,26.6403,23.0052,18.2946,348.6863,1935,1935,"0.15,0.2,0.3,0.35,0.45",0,1.4142,0.15,0.85,NA,NA,NA,NA,NA,NA,NA,NA,NA,NA,NA,NA,NA,NA,NA,NA,NA,NA,NA,NA,NA,NA,NA,NA
"Set_5dose_methods_prior","Set_5dose_methods_prior_SC5",5,"BOIN","approx1-r_fixed","approx1","r_fixed",NA,NA,0.9,0,0.0714,28,3,1,1,1,0.3,0.3,0.2416,NA,NA,0,70.5426,20.6527,20.6527,0,26.6403,22.9054,18.2946,347.6522,1935,1935,"0.15,0.2,0.3,0.35,0.45",0,1.4142,0.15,0.85,NA,NA,NA,NA,NA,NA,NA,NA,NA,NA,NA,NA,NA,NA,NA,NA,NA,NA,NA,NA,NA,NA,NA,NA
"Set_5dose_methods_prior","Set_5dose_methods_prior_SC5",5,"BOIN","approx1-r_fixed","approx1","r_fixed",NA,NA,0.9,0,0.0714,28,3,1,1,2,0.35,0.62,0.4218,NA,NA,0,10.491,5.4388,5.4388,3.3023,26.6403,22.9054,18.2946,347.6522,1935,1935,"0.15,0.2,0.3,0.35,0.45",0,1.4142,0.15,0.85,NA,NA,NA,NA,NA,NA,NA,NA,NA,NA,NA,NA,NA,NA,NA,NA,NA,NA,NA,NA,NA,NA,NA,NA
"Set_5dose_methods_prior","Set_5dose_methods_prior_SC5",5,"BOIN","approx1-r_fixed","approx1","r_fixed",NA,NA,0.9,0,0.0714,28,3,1,1,3,0.4,0.715,0.5182,NA,NA,0,0.6202,0.5147,0.5147,0.4176,26.6403,22.9054,18.2946,347.6522,1935,1935,"0.15,0.2,0.3,0.35,0.45",0,1.4142,0.15,0.85,NA,NA,NA,NA,NA,NA,NA,NA,NA,NA,NA,NA,NA,NA,NA,NA,NA,NA,NA,NA,NA,NA,NA,NA
"Set_5dose_methods_prior","Set_5dose_methods_prior_SC5",5,"BOIN","approx1-r_fixed","approx1","r_fixed",NA,NA,0.9,0,0.0714,28,3,1,1,4,0.45,0.81,0.5248,NA,NA,0,0.0517,0.0341,0.0341,0.015,26.6403,22.9054,18.2946,347.6522,1935,1935,"0.15,0.2,0.3,0.35,0.45",0,1.4142,0.15,0.85,NA,NA,NA,NA,NA,NA,NA,NA,NA,NA,NA,NA,NA,NA,NA,NA,NA,NA,NA,NA,NA,NA,NA,NA
"Set_5dose_methods_prior","Set_5dose_methods_prior_SC5",5,"BOIN","approx1-r_fixed","approx1","r_fixed",NA,NA,0.9,0,0.0714,28,3,1,1,5,0.5,0.905,NA,NA,NA,NA,0,0,0,0,26.6403,22.9054,18.2946,347.6522,1935,1935,"0.15,0.2,0.3,0.35,0.45",0,1.4142,0.15,0.85,NA,NA,NA,NA,NA,NA,NA,NA,NA,NA,NA,NA,NA,NA,NA,NA,NA,NA,NA,NA,NA,NA,NA,NA
"Set_5dose_methods_prior","Set_5dose_methods_prior_SC5",5,"BOIN","approx2-r_fixed","approx2","r_fixed",NA,NA,0.9,0,0.0714,28,3,1,1,1,0.3,0.3,0.2416,NA,NA,0,70.5426,20.6527,20.6527,0,26.6403,22.9054,18.2946,347.6522,1935,1935,"0.15,0.2,0.3,0.35,0.45",0,1.4142,0.15,0.85,NA,NA,NA,NA,NA,NA,NA,NA,NA,NA,NA,NA,NA,NA,NA,NA,NA,NA,NA,NA,NA,NA,NA,NA
"Set_5dose_methods_prior","Set_5dose_methods_prior_SC5",5,"BOIN","approx2-r_fixed","approx2","r_fixed",NA,NA,0.9,0,0.0714,28,3,1,1,2,0.35,0.62,0.4218,NA,NA,0,10.491,5.4388,5.4388,3.3023,26.6403,22.9054,18.2946,347.6522,1935,1935,"0.15,0.2,0.3,0.35,0.45",0,1.4142,0.15,0.85,NA,NA,NA,NA,NA,NA,NA,NA,NA,NA,NA,NA,NA,NA,NA,NA,NA,NA,NA,NA,NA,NA,NA,NA
"Set_5dose_methods_prior","Set_5dose_methods_prior_SC5",5,"BOIN","approx2-r_fixed","approx2","r_fixed",NA,NA,0.9,0,0.0714,28,3,1,1,3,0.4,0.715,0.5182,NA,NA,0,0.6202,0.5147,0.5147,0.4176,26.6403,22.9054,18.2946,347.6522,1935,1935,"0.15,0.2,0.3,0.35,0.45",0,1.4142,0.15,0.85,NA,NA,NA,NA,NA,NA,NA,NA,NA,NA,NA,NA,NA,NA,NA,NA,NA,NA,NA,NA,NA,NA,NA,NA
"Set_5dose_methods_prior","Set_5dose_methods_prior_SC5",5,"BOIN","approx2-r_fixed","approx2","r_fixed",NA,NA,0.9,0,0.0714,28,3,1,1,4,0.45,0.81,0.5248,NA,NA,0,0.0517,0.0341,0.0341,0.015,26.6403,22.9054,18.2946,347.6522,1935,1935,"0.15,0.2,0.3,0.35,0.45",0,1.4142,0.15,0.85,NA,NA,NA,NA,NA,NA,NA,NA,NA,NA,NA,NA,NA,NA,NA,NA,NA,NA,NA,NA,NA,NA,NA,NA
"Set_5dose_methods_prior","Set_5dose_methods_prior_SC5",5,"BOIN","approx2-r_fixed","approx2","r_fixed",NA,NA,0.9,0,0.0714,28,3,1,1,5,0.5,0.905,NA,NA,NA,NA,0,0,0,0,26.6403,22.9054,18.2946,347.6522,1935,1935,"0.15,0.2,0.3,0.35,0.45",0,1.4142,0.15,0.85,NA,NA,NA,NA,NA,NA,NA,NA,NA,NA,NA,NA,NA,NA,NA,NA,NA,NA,NA,NA,NA,NA,NA,NA
"Set_5dose_methods_prior","Set_5dose_methods_prior_SC6",6,"BOIN","approx1-r_fixed","approx1","r_fixed",NA,NA,0,0,0.0714,28,1,1,1,1,0.5,0.5,0.3427,NA,NA,0,17.0026,13.3054,13.3054,0,14.8419,14.8419,81.9121,224.5294,1935,1935,"0.15,0.2,0.3,0.35,0.45",0,1.4142,0.15,0.85,NA,NA,NA,NA,NA,NA,NA,NA,NA,NA,NA,NA,NA,NA,NA,NA,NA,NA,NA,NA,NA,NA,NA,NA
"Set_5dose_methods_prior","Set_5dose_methods_prior_SC6",6,"BOIN","approx1-r_fixed","approx1","r_fixed",NA,NA,0,0,0.0714,28,1,1,1,2,0.55,0.55,0.4759,NA,NA,0,1.0853,1.3922,1.3922,0,14.8419,14.8419,81.9121,224.5294,1935,1935,"0.15,0.2,0.3,0.35,0.45",0,1.4142,0.15,0.85,NA,NA,NA,NA,NA,NA,NA,NA,NA,NA,NA,NA,NA,NA,NA,NA,NA,NA,NA,NA,NA,NA,NA,NA
"Set_5dose_methods_prior","Set_5dose_methods_prior_SC6",6,"BOIN","approx1-r_fixed","approx1","r_fixed",NA,NA,0,0,0.0714,28,1,1,1,3,0.6,0.6,0.5885,NA,NA,0,0,0.138,0.138,0,14.8419,14.8419,81.9121,224.5294,1935,1935,"0.15,0.2,0.3,0.35,0.45",0,1.4142,0.15,0.85,NA,NA,NA,NA,NA,NA,NA,NA,NA,NA,NA,NA,NA,NA,NA,NA,NA,NA,NA,NA,NA,NA,NA,NA
"Set_5dose_methods_prior","Set_5dose_methods_prior_SC6",6,"BOIN","approx1-r_fixed","approx1","r_fixed",NA,NA,0,0,0.0714,28,1,1,1,4,0.65,0.65,0.6661,NA,NA,0,0,0.0062,0.0062,0,14.8419,14.8419,81.9121,224.5294,1935,1935,"0.15,0.2,0.3,0.35,0.45",0,1.4142,0.15,0.85,NA,NA,NA,NA,NA,NA,NA,NA,NA,NA,NA,NA,NA,NA,NA,NA,NA,NA,NA,NA,NA,NA,NA,NA
"Set_5dose_methods_prior","Set_5dose_methods_prior_SC6",6,"BOIN","approx1-r_fixed","approx1","r_fixed",NA,NA,0,0,0.0714,28,1,1,1,5,0.7,0.7,NA,NA,NA,NA,0,0,0,0,14.8419,14.8419,81.9121,224.5294,1935,1935,"0.15,0.2,0.3,0.35,0.45",0,1.4142,0.15,0.85,NA,NA,NA,NA,NA,NA,NA,NA,NA,NA,NA,NA,NA,NA,NA,NA,NA,NA,NA,NA,NA,NA,NA,NA
"Set_5dose_methods_prior","Set_5dose_methods_prior_SC6",6,"BOIN","approx2-r_fixed","approx2","r_fixed",NA,NA,0,0,0.0714,28,1,1,1,1,0.5,0.5,0.3427,NA,NA,0,17.0026,13.3054,13.3054,0,14.8419,14.8419,81.9121,224.5294,1935,1935,"0.15,0.2,0.3,0.35,0.45",0,1.4142,0.15,0.85,NA,NA,NA,NA,NA,NA,NA,NA,NA,NA,NA,NA,NA,NA,NA,NA,NA,NA,NA,NA,NA,NA,NA,NA
"Set_5dose_methods_prior","Set_5dose_methods_prior_SC6",6,"BOIN","approx2-r_fixed","approx2","r_fixed",NA,NA,0,0,0.0714,28,1,1,1,2,0.55,0.55,0.4759,NA,NA,0,1.0853,1.3922,1.3922,0,14.8419,14.8419,81.9121,224.5294,1935,1935,"0.15,0.2,0.3,0.35,0.45",0,1.4142,0.15,0.85,NA,NA,NA,NA,NA,NA,NA,NA,NA,NA,NA,NA,NA,NA,NA,NA,NA,NA,NA,NA,NA,NA,NA,NA
"Set_5dose_methods_prior","Set_5dose_methods_prior_SC6",6,"BOIN","approx2-r_fixed","approx2","r_fixed",NA,NA,0,0,0.0714,28,1,1,1,3,0.6,0.6,0.5885,NA,NA,0,0,0.138,0.138,0,14.8419,14.8419,81.9121,224.5294,1935,1935,"0.15,0.2,0.3,0.35,0.45",0,1.4142,0.15,0.85,NA,NA,NA,NA,NA,NA,NA,NA,NA,NA,NA,NA,NA,NA,NA,NA,NA,NA,NA,NA,NA,NA,NA,NA
"Set_5dose_methods_prior","Set_5dose_methods_prior_SC6",6,"BOIN","approx2-r_fixed","approx2","r_fixed",NA,NA,0,0,0.0714,28,1,1,1,4,0.65,0.65,0.6661,NA,NA,0,0,0.0062,0.0062,0,14.8419,14.8419,81.9121,224.5294,1935,1935,"0.15,0.2,0.3,0.35,0.45",0,1.4142,0.15,0.85,NA,NA,NA,NA,NA,NA,NA,NA,NA,NA,NA,NA,NA,NA,NA,NA,NA,NA,NA,NA,NA,NA,NA,NA
"Set_5dose_methods_prior","Set_5dose_methods_prior_SC6",6,"BOIN","approx2-r_fixed","approx2","r_fixed",NA,NA,0,0,0.0714,28,1,1,1,5,0.7,0.7,NA,NA,NA,NA,0,0,0,0,14.8419,14.8419,81.9121,224.5294,1935,1935,"0.15,0.2,0.3,0.35,0.45",0,1.4142,0.15,0.85,NA,NA,NA,NA,NA,NA,NA,NA,NA,NA,NA,NA,NA,NA,NA,NA,NA,NA,NA,NA,NA,NA,NA,NA
"Set_5dose_methods_prior","Set_5dose_methods_prior_SC6",6,"BOIN","approx1-r_fixed","approx1","r_fixed",NA,NA,0,0,0.0714,28,2,1,1,1,0.5,0.5,0.3427,NA,NA,0,17.0026,13.3054,13.3054,0,14.8419,13.9452,81.9121,214.085,1935,1935,"0.15,0.2,0.3,0.35,0.45",0,1.4142,0.15,0.85,NA,NA,NA,NA,NA,NA,NA,NA,NA,NA,NA,NA,NA,NA,NA,NA,NA,NA,NA,NA,NA,NA,NA,NA
"Set_5dose_methods_prior","Set_5dose_methods_prior_SC6",6,"BOIN","approx1-r_fixed","approx1","r_fixed",NA,NA,0,0,0.0714,28,2,1,1,2,0.55,0.55,0.4759,NA,NA,0,1.0853,1.3922,1.3922,0.8599,14.8419,13.9452,81.9121,214.085,1935,1935,"0.15,0.2,0.3,0.35,0.45",0,1.4142,0.15,0.85,NA,NA,NA,NA,NA,NA,NA,NA,NA,NA,NA,NA,NA,NA,NA,NA,NA,NA,NA,NA,NA,NA,NA,NA
"Set_5dose_methods_prior","Set_5dose_methods_prior_SC6",6,"BOIN","approx1-r_fixed","approx1","r_fixed",NA,NA,0,0,0.0714,28,2,1,1,3,0.6,0.6,0.5885,NA,NA,0,0,0.138,0.138,0.0305,14.8419,13.9452,81.9121,214.085,1935,1935,"0.15,0.2,0.3,0.35,0.45",0,1.4142,0.15,0.85,NA,NA,NA,NA,NA,NA,NA,NA,NA,NA,NA,NA,NA,NA,NA,NA,NA,NA,NA,NA,NA,NA,NA,NA
"Set_5dose_methods_prior","Set_5dose_methods_prior_SC6",6,"BOIN","approx1-r_fixed","approx1","r_fixed",NA,NA,0,0,0.0714,28,2,1,1,4,0.65,0.65,0.6661,NA,NA,0,0,0.0062,0.0062,0.0062,14.8419,13.9452,81.9121,214.085,1935,1935,"0.15,0.2,0.3,0.35,0.45",0,1.4142,0.15,0.85,NA,NA,NA,NA,NA,NA,NA,NA,NA,NA,NA,NA,NA,NA,NA,NA,NA,NA,NA,NA,NA,NA,NA,NA
"Set_5dose_methods_prior","Set_5dose_methods_prior_SC6",6,"BOIN","approx1-r_fixed","approx1","r_fixed",NA,NA,0,0,0.0714,28,2,1,1,5,0.7,0.7,NA,NA,NA,NA,0,0,0,0,14.8419,13.9452,81.9121,214.085,1935,1935,"0.15,0.2,0.3,0.35,0.45",0,1.4142,0.15,0.85,NA,NA,NA,NA,NA,NA,NA,NA,NA,NA,NA,NA,NA,NA,NA,NA,NA,NA,NA,NA,NA,NA,NA,NA
"Set_5dose_methods_prior","Set_5dose_methods_prior_SC6",6,"BOIN","approx2-r_fixed","approx2","r_fixed",NA,NA,0,0,0.0714,28,2,1,1,1,0.5,0.5,0.3427,NA,NA,0,17.0026,13.3054,13.3054,0,14.8419,13.9452,81.9121,214.085,1935,1935,"0.15,0.2,0.3,0.35,0.45",0,1.4142,0.15,0.85,NA,NA,NA,NA,NA,NA,NA,NA,NA,NA,NA,NA,NA,NA,NA,NA,NA,NA,NA,NA,NA,NA,NA,NA
"Set_5dose_methods_prior","Set_5dose_methods_prior_SC6",6,"BOIN","approx2-r_fixed","approx2","r_fixed",NA,NA,0,0,0.0714,28,2,1,1,2,0.55,0.55,0.4759,NA,NA,0,1.0853,1.3922,1.3922,0.8599,14.8419,13.9452,81.9121,214.085,1935,1935,"0.15,0.2,0.3,0.35,0.45",0,1.4142,0.15,0.85,NA,NA,NA,NA,NA,NA,NA,NA,NA,NA,NA,NA,NA,NA,NA,NA,NA,NA,NA,NA,NA,NA,NA,NA
"Set_5dose_methods_prior","Set_5dose_methods_prior_SC6",6,"BOIN","approx2-r_fixed","approx2","r_fixed",NA,NA,0,0,0.0714,28,2,1,1,3,0.6,0.6,0.5885,NA,NA,0,0,0.138,0.138,0.0305,14.8419,13.9452,81.9121,214.085,1935,1935,"0.15,0.2,0.3,0.35,0.45",0,1.4142,0.15,0.85,NA,NA,NA,NA,NA,NA,NA,NA,NA,NA,NA,NA,NA,NA,NA,NA,NA,NA,NA,NA,NA,NA,NA,NA
"Set_5dose_methods_prior","Set_5dose_methods_prior_SC6",6,"BOIN","approx2-r_fixed","approx2","r_fixed",NA,NA,0,0,0.0714,28,2,1,1,4,0.65,0.65,0.6661,NA,NA,0,0,0.0062,0.0062,0.0062,14.8419,13.9452,81.9121,214.085,1935,1935,"0.15,0.2,0.3,0.35,0.45",0,1.4142,0.15,0.85,NA,NA,NA,NA,NA,NA,NA,NA,NA,NA,NA,NA,NA,NA,NA,NA,NA,NA,NA,NA,NA,NA,NA,NA
"Set_5dose_methods_prior","Set_5dose_methods_prior_SC6",6,"BOIN","approx2-r_fixed","approx2","r_fixed",NA,NA,0,0,0.0714,28,2,1,1,5,0.7,0.7,NA,NA,NA,NA,0,0,0,0,14.8419,13.9452,81.9121,214.085,1935,1935,"0.15,0.2,0.3,0.35,0.45",0,1.4142,0.15,0.85,NA,NA,NA,NA,NA,NA,NA,NA,NA,NA,NA,NA,NA,NA,NA,NA,NA,NA,NA,NA,NA,NA,NA,NA
"Set_5dose_methods_prior","Set_5dose_methods_prior_SC6",6,"BOIN","approx1-r_fixed","approx1","r_fixed",NA,NA,0,0,0.0714,28,3,1,1,1,0.5,0.5,0.3427,NA,NA,0,17.0026,13.3054,13.3054,0,14.8419,13.8879,81.9121,213.5303,1935,1935,"0.15,0.2,0.3,0.35,0.45",0,1.4142,0.15,0.85,NA,NA,NA,NA,NA,NA,NA,NA,NA,NA,NA,NA,NA,NA,NA,NA,NA,NA,NA,NA,NA,NA,NA,NA
"Set_5dose_methods_prior","Set_5dose_methods_prior_SC6",6,"BOIN","approx1-r_fixed","approx1","r_fixed",NA,NA,0,0,0.0714,28,3,1,1,2,0.55,0.55,0.4759,NA,NA,0,1.0853,1.3922,1.3922,0.8599,14.8419,13.8879,81.9121,213.5303,1935,1935,"0.15,0.2,0.3,0.35,0.45",0,1.4142,0.15,0.85,NA,NA,NA,NA,NA,NA,NA,NA,NA,NA,NA,NA,NA,NA,NA,NA,NA,NA,NA,NA,NA,NA,NA,NA
"Set_5dose_methods_prior","Set_5dose_methods_prior_SC6",6,"BOIN","approx1-r_fixed","approx1","r_fixed",NA,NA,0,0,0.0714,28,3,1,1,3,0.6,0.6,0.5885,NA,NA,0,0,0.138,0.138,0.0925,14.8419,13.8879,81.9121,213.5303,1935,1935,"0.15,0.2,0.3,0.35,0.45",0,1.4142,0.15,0.85,NA,NA,NA,NA,NA,NA,NA,NA,NA,NA,NA,NA,NA,NA,NA,NA,NA,NA,NA,NA,NA,NA,NA,NA
"Set_5dose_methods_prior","Set_5dose_methods_prior_SC6",6,"BOIN","approx1-r_fixed","approx1","r_fixed",NA,NA,0,0,0.0714,28,3,1,1,4,0.65,0.65,0.6661,NA,NA,0,0,0.0062,0.0062,0.0016,14.8419,13.8879,81.9121,213.5303,1935,1935,"0.15,0.2,0.3,0.35,0.45",0,1.4142,0.15,0.85,NA,NA,NA,NA,NA,NA,NA,NA,NA,NA,NA,NA,NA,NA,NA,NA,NA,NA,NA,NA,NA,NA,NA,NA
"Set_5dose_methods_prior","Set_5dose_methods_prior_SC6",6,"BOIN","approx1-r_fixed","approx1","r_fixed",NA,NA,0,0,0.0714,28,3,1,1,5,0.7,0.7,NA,NA,NA,NA,0,0,0,0,14.8419,13.8879,81.9121,213.5303,1935,1935,"0.15,0.2,0.3,0.35,0.45",0,1.4142,0.15,0.85,NA,NA,NA,NA,NA,NA,NA,NA,NA,NA,NA,NA,NA,NA,NA,NA,NA,NA,NA,NA,NA,NA,NA,NA
"Set_5dose_methods_prior","Set_5dose_methods_prior_SC6",6,"BOIN","approx2-r_fixed","approx2","r_fixed",NA,NA,0,0,0.0714,28,3,1,1,1,0.5,0.5,0.3427,NA,NA,0,17.0026,13.3054,13.3054,0,14.8419,13.8879,81.9121,213.5303,1935,1935,"0.15,0.2,0.3,0.35,0.45",0,1.4142,0.15,0.85,NA,NA,NA,NA,NA,NA,NA,NA,NA,NA,NA,NA,NA,NA,NA,NA,NA,NA,NA,NA,NA,NA,NA,NA
"Set_5dose_methods_prior","Set_5dose_methods_prior_SC6",6,"BOIN","approx2-r_fixed","approx2","r_fixed",NA,NA,0,0,0.0714,28,3,1,1,2,0.55,0.55,0.4759,NA,NA,0,1.0853,1.3922,1.3922,0.8599,14.8419,13.8879,81.9121,213.5303,1935,1935,"0.15,0.2,0.3,0.35,0.45",0,1.4142,0.15,0.85,NA,NA,NA,NA,NA,NA,NA,NA,NA,NA,NA,NA,NA,NA,NA,NA,NA,NA,NA,NA,NA,NA,NA,NA
"Set_5dose_methods_prior","Set_5dose_methods_prior_SC6",6,"BOIN","approx2-r_fixed","approx2","r_fixed",NA,NA,0,0,0.0714,28,3,1,1,3,0.6,0.6,0.5885,NA,NA,0,0,0.138,0.138,0.0925,14.8419,13.8879,81.9121,213.5303,1935,1935,"0.15,0.2,0.3,0.35,0.45",0,1.4142,0.15,0.85,NA,NA,NA,NA,NA,NA,NA,NA,NA,NA,NA,NA,NA,NA,NA,NA,NA,NA,NA,NA,NA,NA,NA,NA
"Set_5dose_methods_prior","Set_5dose_methods_prior_SC6",6,"BOIN","approx2-r_fixed","approx2","r_fixed",NA,NA,0,0,0.0714,28,3,1,1,4,0.65,0.65,0.6661,NA,NA,0,0,0.0062,0.0062,0.0016,14.8419,13.8879,81.9121,213.5303,1935,1935,"0.15,0.2,0.3,0.35,0.45",0,1.4142,0.15,0.85,NA,NA,NA,NA,NA,NA,NA,NA,NA,NA,NA,NA,NA,NA,NA,NA,NA,NA,NA,NA,NA,NA,NA,NA
"Set_5dose_methods_prior","Set_5dose_methods_prior_SC6",6,"BOIN","approx2-r_fixed","approx2","r_fixed",NA,NA,0,0,0.0714,28,3,1,1,5,0.7,0.7,NA,NA,NA,NA,0,0,0,0,14.8419,13.8879,81.9121,213.5303,1935,1935,"0.15,0.2,0.3,0.35,0.45",0,1.4142,0.15,0.85,NA,NA,NA,NA,NA,NA,NA,NA,NA,NA,NA,NA,NA,NA,NA,NA,NA,NA,NA,NA,NA,NA,NA,NA
"Set_5dose_methods_prior","Set_5dose_methods_prior_SC6",6,"BOIN","approx1-r_fixed","approx1","r_fixed",NA,NA,0.3,0,0.0714,28,1,1,1,1,0.5,0.5,0.3427,NA,NA,0,17.0026,13.3054,13.3054,0,14.8419,14.8419,81.9121,224.5294,1935,1935,"0.15,0.2,0.3,0.35,0.45",0,1.4142,0.15,0.85,NA,NA,NA,NA,NA,NA,NA,NA,NA,NA,NA,NA,NA,NA,NA,NA,NA,NA,NA,NA,NA,NA,NA,NA
"Set_5dose_methods_prior","Set_5dose_methods_prior_SC6",6,"BOIN","approx1-r_fixed","approx1","r_fixed",NA,NA,0.3,0,0.0714,28,1,1,1,2,0.55,0.7,0.4759,NA,NA,0,1.0853,1.3922,1.3922,0,14.8419,14.8419,81.9121,224.5294,1935,1935,"0.15,0.2,0.3,0.35,0.45",0,1.4142,0.15,0.85,NA,NA,NA,NA,NA,NA,NA,NA,NA,NA,NA,NA,NA,NA,NA,NA,NA,NA,NA,NA,NA,NA,NA,NA
"Set_5dose_methods_prior","Set_5dose_methods_prior_SC6",6,"BOIN","approx1-r_fixed","approx1","r_fixed",NA,NA,0.3,0,0.0714,28,1,1,1,3,0.6,0.765,0.5885,NA,NA,0,0,0.138,0.138,0,14.8419,14.8419,81.9121,224.5294,1935,1935,"0.15,0.2,0.3,0.35,0.45",0,1.4142,0.15,0.85,NA,NA,NA,NA,NA,NA,NA,NA,NA,NA,NA,NA,NA,NA,NA,NA,NA,NA,NA,NA,NA,NA,NA,NA
"Set_5dose_methods_prior","Set_5dose_methods_prior_SC6",6,"BOIN","approx1-r_fixed","approx1","r_fixed",NA,NA,0.3,0,0.0714,28,1,1,1,4,0.65,0.83,0.6661,NA,NA,0,0,0.0062,0.0062,0,14.8419,14.8419,81.9121,224.5294,1935,1935,"0.15,0.2,0.3,0.35,0.45",0,1.4142,0.15,0.85,NA,NA,NA,NA,NA,NA,NA,NA,NA,NA,NA,NA,NA,NA,NA,NA,NA,NA,NA,NA,NA,NA,NA,NA
"Set_5dose_methods_prior","Set_5dose_methods_prior_SC6",6,"BOIN","approx1-r_fixed","approx1","r_fixed",NA,NA,0.3,0,0.0714,28,1,1,1,5,0.7,0.895,NA,NA,NA,NA,0,0,0,0,14.8419,14.8419,81.9121,224.5294,1935,1935,"0.15,0.2,0.3,0.35,0.45",0,1.4142,0.15,0.85,NA,NA,NA,NA,NA,NA,NA,NA,NA,NA,NA,NA,NA,NA,NA,NA,NA,NA,NA,NA,NA,NA,NA,NA
"Set_5dose_methods_prior","Set_5dose_methods_prior_SC6",6,"BOIN","approx2-r_fixed","approx2","r_fixed",NA,NA,0.3,0,0.0714,28,1,1,1,1,0.5,0.5,0.3427,NA,NA,0,17.0026,13.3054,13.3054,0,14.8419,14.8419,81.9121,224.5294,1935,1935,"0.15,0.2,0.3,0.35,0.45",0,1.4142,0.15,0.85,NA,NA,NA,NA,NA,NA,NA,NA,NA,NA,NA,NA,NA,NA,NA,NA,NA,NA,NA,NA,NA,NA,NA,NA
"Set_5dose_methods_prior","Set_5dose_methods_prior_SC6",6,"BOIN","approx2-r_fixed","approx2","r_fixed",NA,NA,0.3,0,0.0714,28,1,1,1,2,0.55,0.7,0.4759,NA,NA,0,1.0853,1.3922,1.3922,0,14.8419,14.8419,81.9121,224.5294,1935,1935,"0.15,0.2,0.3,0.35,0.45",0,1.4142,0.15,0.85,NA,NA,NA,NA,NA,NA,NA,NA,NA,NA,NA,NA,NA,NA,NA,NA,NA,NA,NA,NA,NA,NA,NA,NA
"Set_5dose_methods_prior","Set_5dose_methods_prior_SC6",6,"BOIN","approx2-r_fixed","approx2","r_fixed",NA,NA,0.3,0,0.0714,28,1,1,1,3,0.6,0.765,0.5885,NA,NA,0,0,0.138,0.138,0,14.8419,14.8419,81.9121,224.5294,1935,1935,"0.15,0.2,0.3,0.35,0.45",0,1.4142,0.15,0.85,NA,NA,NA,NA,NA,NA,NA,NA,NA,NA,NA,NA,NA,NA,NA,NA,NA,NA,NA,NA,NA,NA,NA,NA
"Set_5dose_methods_prior","Set_5dose_methods_prior_SC6",6,"BOIN","approx2-r_fixed","approx2","r_fixed",NA,NA,0.3,0,0.0714,28,1,1,1,4,0.65,0.83,0.6661,NA,NA,0,0,0.0062,0.0062,0,14.8419,14.8419,81.9121,224.5294,1935,1935,"0.15,0.2,0.3,0.35,0.45",0,1.4142,0.15,0.85,NA,NA,NA,NA,NA,NA,NA,NA,NA,NA,NA,NA,NA,NA,NA,NA,NA,NA,NA,NA,NA,NA,NA,NA
"Set_5dose_methods_prior","Set_5dose_methods_prior_SC6",6,"BOIN","approx2-r_fixed","approx2","r_fixed",NA,NA,0.3,0,0.0714,28,1,1,1,5,0.7,0.895,NA,NA,NA,NA,0,0,0,0,14.8419,14.8419,81.9121,224.5294,1935,1935,"0.15,0.2,0.3,0.35,0.45",0,1.4142,0.15,0.85,NA,NA,NA,NA,NA,NA,NA,NA,NA,NA,NA,NA,NA,NA,NA,NA,NA,NA,NA,NA,NA,NA,NA,NA
"Set_5dose_methods_prior","Set_5dose_methods_prior_SC6",6,"BOIN","approx1-r_fixed","approx1","r_fixed",NA,NA,0.3,0,0.0714,28,2,1,1,1,0.5,0.5,0.3537,NA,NA,0,16.5891,13.6233,13.6233,0,14.7132,13.9152,83.1008,213.1781,1935,1935,"0.15,0.2,0.3,0.35,0.45",0,1.4142,0.15,0.85,NA,NA,NA,NA,NA,NA,NA,NA,NA,NA,NA,NA,NA,NA,NA,NA,NA,NA,NA,NA,NA,NA,NA,NA
"Set_5dose_methods_prior","Set_5dose_methods_prior_SC6",6,"BOIN","approx1-r_fixed","approx1","r_fixed",NA,NA,0.3,0,0.0714,28,2,1,1,2,0.55,0.7,0.5363,NA,NA,0,0.3101,1.0527,1.0527,0.7814,14.7132,13.9152,83.1008,213.1781,1935,1935,"0.15,0.2,0.3,0.35,0.45",0,1.4142,0.15,0.85,NA,NA,NA,NA,NA,NA,NA,NA,NA,NA,NA,NA,NA,NA,NA,NA,NA,NA,NA,NA,NA,NA,NA,NA
"Set_5dose_methods_prior","Set_5dose_methods_prior_SC6",6,"BOIN","approx1-r_fixed","approx1","r_fixed",NA,NA,0.3,0,0.0714,28,2,1,1,3,0.6,0.765,0.6661,NA,NA,0,0,0.0372,0.0372,0.0165,14.7132,13.9152,83.1008,213.1781,1935,1935,"0.15,0.2,0.3,0.35,0.45",0,1.4142,0.15,0.85,NA,NA,NA,NA,NA,NA,NA,NA,NA,NA,NA,NA,NA,NA,NA,NA,NA,NA,NA,NA,NA,NA,NA,NA
"Set_5dose_methods_prior","Set_5dose_methods_prior_SC6",6,"BOIN","approx1-r_fixed","approx1","r_fixed",NA,NA,0.3,0,0.0714,28,2,1,1,4,0.65,0.83,NA,NA,NA,NA,0,0,0,0,14.7132,13.9152,83.1008,213.1781,1935,1935,"0.15,0.2,0.3,0.35,0.45",0,1.4142,0.15,0.85,NA,NA,NA,NA,NA,NA,NA,NA,NA,NA,NA,NA,NA,NA,NA,NA,NA,NA,NA,NA,NA,NA,NA,NA
"Set_5dose_methods_prior","Set_5dose_methods_prior_SC6",6,"BOIN","approx1-r_fixed","approx1","r_fixed",NA,NA,0.3,0,0.0714,28,2,1,1,5,0.7,0.895,NA,NA,NA,NA,0,0,0,0,14.7132,13.9152,83.1008,213.1781,1935,1935,"0.15,0.2,0.3,0.35,0.45",0,1.4142,0.15,0.85,NA,NA,NA,NA,NA,NA,NA,NA,NA,NA,NA,NA,NA,NA,NA,NA,NA,NA,NA,NA,NA,NA,NA,NA
"Set_5dose_methods_prior","Set_5dose_methods_prior_SC6",6,"BOIN","approx2-r_fixed","approx2","r_fixed",NA,NA,0.3,0,0.0714,28,2,1,1,1,0.5,0.5,0.3537,NA,NA,0,16.5891,13.6233,13.6233,0,14.7132,13.9152,83.1008,213.1781,1935,1935,"0.15,0.2,0.3,0.35,0.45",0,1.4142,0.15,0.85,NA,NA,NA,NA,NA,NA,NA,NA,NA,NA,NA,NA,NA,NA,NA,NA,NA,NA,NA,NA,NA,NA,NA,NA
"Set_5dose_methods_prior","Set_5dose_methods_prior_SC6",6,"BOIN","approx2-r_fixed","approx2","r_fixed",NA,NA,0.3,0,0.0714,28,2,1,1,2,0.55,0.7,0.5363,NA,NA,0,0.3101,1.0527,1.0527,0.7814,14.7132,13.9152,83.1008,213.1781,1935,1935,"0.15,0.2,0.3,0.35,0.45",0,1.4142,0.15,0.85,NA,NA,NA,NA,NA,NA,NA,NA,NA,NA,NA,NA,NA,NA,NA,NA,NA,NA,NA,NA,NA,NA,NA,NA
"Set_5dose_methods_prior","Set_5dose_methods_prior_SC6",6,"BOIN","approx2-r_fixed","approx2","r_fixed",NA,NA,0.3,0,0.0714,28,2,1,1,3,0.6,0.765,0.6661,NA,NA,0,0,0.0372,0.0372,0.0165,14.7132,13.9152,83.1008,213.1781,1935,1935,"0.15,0.2,0.3,0.35,0.45",0,1.4142,0.15,0.85,NA,NA,NA,NA,NA,NA,NA,NA,NA,NA,NA,NA,NA,NA,NA,NA,NA,NA,NA,NA,NA,NA,NA,NA
"Set_5dose_methods_prior","Set_5dose_methods_prior_SC6",6,"BOIN","approx2-r_fixed","approx2","r_fixed",NA,NA,0.3,0,0.0714,28,2,1,1,4,0.65,0.83,NA,NA,NA,NA,0,0,0,0,14.7132,13.9152,83.1008,213.1781,1935,1935,"0.15,0.2,0.3,0.35,0.45",0,1.4142,0.15,0.85,NA,NA,NA,NA,NA,NA,NA,NA,NA,NA,NA,NA,NA,NA,NA,NA,NA,NA,NA,NA,NA,NA,NA,NA
"Set_5dose_methods_prior","Set_5dose_methods_prior_SC6",6,"BOIN","approx2-r_fixed","approx2","r_fixed",NA,NA,0.3,0,0.0714,28,2,1,1,5,0.7,0.895,NA,NA,NA,NA,0,0,0,0,14.7132,13.9152,83.1008,213.1781,1935,1935,"0.15,0.2,0.3,0.35,0.45",0,1.4142,0.15,0.85,NA,NA,NA,NA,NA,NA,NA,NA,NA,NA,NA,NA,NA,NA,NA,NA,NA,NA,NA,NA,NA,NA,NA,NA
"Set_5dose_methods_prior","Set_5dose_methods_prior_SC6",6,"BOIN","approx1-r_fixed","approx1","r_fixed",NA,NA,0.3,0,0.0714,28,3,1,1,1,0.5,0.5,0.3546,NA,NA,0,16.5891,13.6295,13.6295,0,14.7132,13.9003,83.1525,213.0686,1935,1935,"0.15,0.2,0.3,0.35,0.45",0,1.4142,0.15,0.85,NA,NA,NA,NA,NA,NA,NA,NA,NA,NA,NA,NA,NA,NA,NA,NA,NA,NA,NA,NA,NA,NA,NA,NA
"Set_5dose_methods_prior","Set_5dose_methods_prior_SC6",6,"BOIN","approx1-r_fixed","approx1","r_fixed",NA,NA,0.3,0,0.0714,28,3,1,1,2,0.55,0.7,0.5395,NA,NA,0,0.2584,1.0512,1.0512,0.7814,14.7132,13.9003,83.1525,213.0686,1935,1935,"0.15,0.2,0.3,0.35,0.45",0,1.4142,0.15,0.85,NA,NA,NA,NA,NA,NA,NA,NA,NA,NA,NA,NA,NA,NA,NA,NA,NA,NA,NA,NA,NA,NA,NA,NA
"Set_5dose_methods_prior","Set_5dose_methods_prior_SC6",6,"BOIN","approx1-r_fixed","approx1","r_fixed",NA,NA,0.3,0,0.0714,28,3,1,1,3,0.6,0.765,0.6661,NA,NA,0,0,0.0326,0.0326,0.0315,14.7132,13.9003,83.1525,213.0686,1935,1935,"0.15,0.2,0.3,0.35,0.45",0,1.4142,0.15,0.85,NA,NA,NA,NA,NA,NA,NA,NA,NA,NA,NA,NA,NA,NA,NA,NA,NA,NA,NA,NA,NA,NA,NA,NA
"Set_5dose_methods_prior","Set_5dose_methods_prior_SC6",6,"BOIN","approx1-r_fixed","approx1","r_fixed",NA,NA,0.3,0,0.0714,28,3,1,1,4,0.65,0.83,NA,NA,NA,NA,0,0,0,0,14.7132,13.9003,83.1525,213.0686,1935,1935,"0.15,0.2,0.3,0.35,0.45",0,1.4142,0.15,0.85,NA,NA,NA,NA,NA,NA,NA,NA,NA,NA,NA,NA,NA,NA,NA,NA,NA,NA,NA,NA,NA,NA,NA,NA
"Set_5dose_methods_prior","Set_5dose_methods_prior_SC6",6,"BOIN","approx1-r_fixed","approx1","r_fixed",NA,NA,0.3,0,0.0714,28,3,1,1,5,0.7,0.895,NA,NA,NA,NA,0,0,0,0,14.7132,13.9003,83.1525,213.0686,1935,1935,"0.15,0.2,0.3,0.35,0.45",0,1.4142,0.15,0.85,NA,NA,NA,NA,NA,NA,NA,NA,NA,NA,NA,NA,NA,NA,NA,NA,NA,NA,NA,NA,NA,NA,NA,NA
"Set_5dose_methods_prior","Set_5dose_methods_prior_SC6",6,"BOIN","approx2-r_fixed","approx2","r_fixed",NA,NA,0.3,0,0.0714,28,3,1,1,1,0.5,0.5,0.3546,NA,NA,0,16.5891,13.6295,13.6295,0,14.7132,13.9003,83.1525,213.0686,1935,1935,"0.15,0.2,0.3,0.35,0.45",0,1.4142,0.15,0.85,NA,NA,NA,NA,NA,NA,NA,NA,NA,NA,NA,NA,NA,NA,NA,NA,NA,NA,NA,NA,NA,NA,NA,NA
"Set_5dose_methods_prior","Set_5dose_methods_prior_SC6",6,"BOIN","approx2-r_fixed","approx2","r_fixed",NA,NA,0.3,0,0.0714,28,3,1,1,2,0.55,0.7,0.5395,NA,NA,0,0.2584,1.0512,1.0512,0.7814,14.7132,13.9003,83.1525,213.0686,1935,1935,"0.15,0.2,0.3,0.35,0.45",0,1.4142,0.15,0.85,NA,NA,NA,NA,NA,NA,NA,NA,NA,NA,NA,NA,NA,NA,NA,NA,NA,NA,NA,NA,NA,NA,NA,NA
"Set_5dose_methods_prior","Set_5dose_methods_prior_SC6",6,"BOIN","approx2-r_fixed","approx2","r_fixed",NA,NA,0.3,0,0.0714,28,3,1,1,3,0.6,0.765,0.6661,NA,NA,0,0,0.0326,0.0326,0.0315,14.7132,13.9003,83.1525,213.0686,1935,1935,"0.15,0.2,0.3,0.35,0.45",0,1.4142,0.15,0.85,NA,NA,NA,NA,NA,NA,NA,NA,NA,NA,NA,NA,NA,NA,NA,NA,NA,NA,NA,NA,NA,NA,NA,NA
"Set_5dose_methods_prior","Set_5dose_methods_prior_SC6",6,"BOIN","approx2-r_fixed","approx2","r_fixed",NA,NA,0.3,0,0.0714,28,3,1,1,4,0.65,0.83,NA,NA,NA,NA,0,0,0,0,14.7132,13.9003,83.1525,213.0686,1935,1935,"0.15,0.2,0.3,0.35,0.45",0,1.4142,0.15,0.85,NA,NA,NA,NA,NA,NA,NA,NA,NA,NA,NA,NA,NA,NA,NA,NA,NA,NA,NA,NA,NA,NA,NA,NA
"Set_5dose_methods_prior","Set_5dose_methods_prior_SC6",6,"BOIN","approx2-r_fixed","approx2","r_fixed",NA,NA,0.3,0,0.0714,28,3,1,1,5,0.7,0.895,NA,NA,NA,NA,0,0,0,0,14.7132,13.9003,83.1525,213.0686,1935,1935,"0.15,0.2,0.3,0.35,0.45",0,1.4142,0.15,0.85,NA,NA,NA,NA,NA,NA,NA,NA,NA,NA,NA,NA,NA,NA,NA,NA,NA,NA,NA,NA,NA,NA,NA,NA
"Set_5dose_methods_prior","Set_5dose_methods_prior_SC6",6,"BOIN","approx1-r_fixed","approx1","r_fixed",NA,NA,0.6,0,0.0714,28,1,1,1,1,0.5,0.5,0.3427,NA,NA,0,17.0026,13.3054,13.3054,0,14.8419,14.8419,81.9121,224.5294,1935,1935,"0.15,0.2,0.3,0.35,0.45",0,1.4142,0.15,0.85,NA,NA,NA,NA,NA,NA,NA,NA,NA,NA,NA,NA,NA,NA,NA,NA,NA,NA,NA,NA,NA,NA,NA,NA
"Set_5dose_methods_prior","Set_5dose_methods_prior_SC6",6,"BOIN","approx1-r_fixed","approx1","r_fixed",NA,NA,0.6,0,0.0714,28,1,1,1,2,0.55,0.85,0.4759,NA,NA,0,1.0853,1.3922,1.3922,0,14.8419,14.8419,81.9121,224.5294,1935,1935,"0.15,0.2,0.3,0.35,0.45",0,1.4142,0.15,0.85,NA,NA,NA,NA,NA,NA,NA,NA,NA,NA,NA,NA,NA,NA,NA,NA,NA,NA,NA,NA,NA,NA,NA,NA
"Set_5dose_methods_prior","Set_5dose_methods_prior_SC6",6,"BOIN","approx1-r_fixed","approx1","r_fixed",NA,NA,0.6,0,0.0714,28,1,1,1,3,0.6,0.93,0.5885,NA,NA,0,0,0.138,0.138,0,14.8419,14.8419,81.9121,224.5294,1935,1935,"0.15,0.2,0.3,0.35,0.45",0,1.4142,0.15,0.85,NA,NA,NA,NA,NA,NA,NA,NA,NA,NA,NA,NA,NA,NA,NA,NA,NA,NA,NA,NA,NA,NA,NA,NA
"Set_5dose_methods_prior","Set_5dose_methods_prior_SC6",6,"BOIN","approx1-r_fixed","approx1","r_fixed",NA,NA,0.6,0,0.0714,28,1,1,1,4,0.65,1,0.6661,NA,NA,0,0,0.0062,0.0062,0,14.8419,14.8419,81.9121,224.5294,1935,1935,"0.15,0.2,0.3,0.35,0.45",0,1.4142,0.15,0.85,NA,NA,NA,NA,NA,NA,NA,NA,NA,NA,NA,NA,NA,NA,NA,NA,NA,NA,NA,NA,NA,NA,NA,NA
"Set_5dose_methods_prior","Set_5dose_methods_prior_SC6",6,"BOIN","approx1-r_fixed","approx1","r_fixed",NA,NA,0.6,0,0.0714,28,1,1,1,5,0.7,1,NA,NA,NA,NA,0,0,0,0,14.8419,14.8419,81.9121,224.5294,1935,1935,"0.15,0.2,0.3,0.35,0.45",0,1.4142,0.15,0.85,NA,NA,NA,NA,NA,NA,NA,NA,NA,NA,NA,NA,NA,NA,NA,NA,NA,NA,NA,NA,NA,NA,NA,NA
"Set_5dose_methods_prior","Set_5dose_methods_prior_SC6",6,"BOIN","approx2-r_fixed","approx2","r_fixed",NA,NA,0.6,0,0.0714,28,1,1,1,1,0.5,0.5,0.3427,NA,NA,0,17.0026,13.3054,13.3054,0,14.8419,14.8419,81.9121,224.5294,1935,1935,"0.15,0.2,0.3,0.35,0.45",0,1.4142,0.15,0.85,NA,NA,NA,NA,NA,NA,NA,NA,NA,NA,NA,NA,NA,NA,NA,NA,NA,NA,NA,NA,NA,NA,NA,NA
"Set_5dose_methods_prior","Set_5dose_methods_prior_SC6",6,"BOIN","approx2-r_fixed","approx2","r_fixed",NA,NA,0.6,0,0.0714,28,1,1,1,2,0.55,0.85,0.4759,NA,NA,0,1.0853,1.3922,1.3922,0,14.8419,14.8419,81.9121,224.5294,1935,1935,"0.15,0.2,0.3,0.35,0.45",0,1.4142,0.15,0.85,NA,NA,NA,NA,NA,NA,NA,NA,NA,NA,NA,NA,NA,NA,NA,NA,NA,NA,NA,NA,NA,NA,NA,NA
"Set_5dose_methods_prior","Set_5dose_methods_prior_SC6",6,"BOIN","approx2-r_fixed","approx2","r_fixed",NA,NA,0.6,0,0.0714,28,1,1,1,3,0.6,0.93,0.5885,NA,NA,0,0,0.138,0.138,0,14.8419,14.8419,81.9121,224.5294,1935,1935,"0.15,0.2,0.3,0.35,0.45",0,1.4142,0.15,0.85,NA,NA,NA,NA,NA,NA,NA,NA,NA,NA,NA,NA,NA,NA,NA,NA,NA,NA,NA,NA,NA,NA,NA,NA
"Set_5dose_methods_prior","Set_5dose_methods_prior_SC6",6,"BOIN","approx2-r_fixed","approx2","r_fixed",NA,NA,0.6,0,0.0714,28,1,1,1,4,0.65,1,0.6661,NA,NA,0,0,0.0062,0.0062,0,14.8419,14.8419,81.9121,224.5294,1935,1935,"0.15,0.2,0.3,0.35,0.45",0,1.4142,0.15,0.85,NA,NA,NA,NA,NA,NA,NA,NA,NA,NA,NA,NA,NA,NA,NA,NA,NA,NA,NA,NA,NA,NA,NA,NA
"Set_5dose_methods_prior","Set_5dose_methods_prior_SC6",6,"BOIN","approx2-r_fixed","approx2","r_fixed",NA,NA,0.6,0,0.0714,28,1,1,1,5,0.7,1,NA,NA,NA,NA,0,0,0,0,14.8419,14.8419,81.9121,224.5294,1935,1935,"0.15,0.2,0.3,0.35,0.45",0,1.4142,0.15,0.85,NA,NA,NA,NA,NA,NA,NA,NA,NA,NA,NA,NA,NA,NA,NA,NA,NA,NA,NA,NA,NA,NA,NA,NA
"Set_5dose_methods_prior","Set_5dose_methods_prior_SC6",6,"BOIN","approx1-r_fixed","approx1","r_fixed",NA,NA,0.6,0,0.0714,28,2,1,1,1,0.5,0.5,0.3613,NA,NA,0,15.814,13.8667,13.8667,0,14.6047,13.9235,84.186,212.8233,1935,1935,"0.15,0.2,0.3,0.35,0.45",0,1.4142,0.15,0.85,NA,NA,NA,NA,NA,NA,NA,NA,NA,NA,NA,NA,NA,NA,NA,NA,NA,NA,NA,NA,NA,NA,NA,NA
"Set_5dose_methods_prior","Set_5dose_methods_prior_SC6",6,"BOIN","approx1-r_fixed","approx1","r_fixed",NA,NA,0.6,0,0.0714,28,2,1,1,2,0.55,0.85,0.6245,NA,NA,0,0,0.7333,0.7333,0.6791,14.6047,13.9235,84.186,212.8233,1935,1935,"0.15,0.2,0.3,0.35,0.45",0,1.4142,0.15,0.85,NA,NA,NA,NA,NA,NA,NA,NA,NA,NA,NA,NA,NA,NA,NA,NA,NA,NA,NA,NA,NA,NA,NA,NA
"Set_5dose_methods_prior","Set_5dose_methods_prior_SC6",6,"BOIN","approx1-r_fixed","approx1","r_fixed",NA,NA,0.6,0,0.0714,28,2,1,1,3,0.6,0.93,NA,NA,NA,0,0,0.0047,0.0047,0.0021,14.6047,13.9235,84.186,212.8233,1935,1935,"0.15,0.2,0.3,0.35,0.45",0,1.4142,0.15,0.85,NA,NA,NA,NA,NA,NA,NA,NA,NA,NA,NA,NA,NA,NA,NA,NA,NA,NA,NA,NA,NA,NA,NA,NA
"Set_5dose_methods_prior","Set_5dose_methods_prior_SC6",6,"BOIN","approx1-r_fixed","approx1","r_fixed",NA,NA,0.6,0,0.0714,28,2,1,1,4,0.65,1,NA,NA,NA,NA,0,0,0,0,14.6047,13.9235,84.186,212.8233,1935,1935,"0.15,0.2,0.3,0.35,0.45",0,1.4142,0.15,0.85,NA,NA,NA,NA,NA,NA,NA,NA,NA,NA,NA,NA,NA,NA,NA,NA,NA,NA,NA,NA,NA,NA,NA,NA
"Set_5dose_methods_prior","Set_5dose_methods_prior_SC6",6,"BOIN","approx1-r_fixed","approx1","r_fixed",NA,NA,0.6,0,0.0714,28,2,1,1,5,0.7,1,NA,NA,NA,NA,0,0,0,0,14.6047,13.9235,84.186,212.8233,1935,1935,"0.15,0.2,0.3,0.35,0.45",0,1.4142,0.15,0.85,NA,NA,NA,NA,NA,NA,NA,NA,NA,NA,NA,NA,NA,NA,NA,NA,NA,NA,NA,NA,NA,NA,NA,NA
"Set_5dose_methods_prior","Set_5dose_methods_prior_SC6",6,"BOIN","approx2-r_fixed","approx2","r_fixed",NA,NA,0.6,0,0.0714,28,2,1,1,1,0.5,0.5,0.3613,NA,NA,0,15.814,13.8667,13.8667,0,14.6047,13.9235,84.186,212.8233,1935,1935,"0.15,0.2,0.3,0.35,0.45",0,1.4142,0.15,0.85,NA,NA,NA,NA,NA,NA,NA,NA,NA,NA,NA,NA,NA,NA,NA,NA,NA,NA,NA,NA,NA,NA,NA,NA
"Set_5dose_methods_prior","Set_5dose_methods_prior_SC6",6,"BOIN","approx2-r_fixed","approx2","r_fixed",NA,NA,0.6,0,0.0714,28,2,1,1,2,0.55,0.85,0.6245,NA,NA,0,0,0.7333,0.7333,0.6791,14.6047,13.9235,84.186,212.8233,1935,1935,"0.15,0.2,0.3,0.35,0.45",0,1.4142,0.15,0.85,NA,NA,NA,NA,NA,NA,NA,NA,NA,NA,NA,NA,NA,NA,NA,NA,NA,NA,NA,NA,NA,NA,NA,NA
"Set_5dose_methods_prior","Set_5dose_methods_prior_SC6",6,"BOIN","approx2-r_fixed","approx2","r_fixed",NA,NA,0.6,0,0.0714,28,2,1,1,3,0.6,0.93,NA,NA,NA,0,0,0.0047,0.0047,0.0021,14.6047,13.9235,84.186,212.8233,1935,1935,"0.15,0.2,0.3,0.35,0.45",0,1.4142,0.15,0.85,NA,NA,NA,NA,NA,NA,NA,NA,NA,NA,NA,NA,NA,NA,NA,NA,NA,NA,NA,NA,NA,NA,NA,NA
"Set_5dose_methods_prior","Set_5dose_methods_prior_SC6",6,"BOIN","approx2-r_fixed","approx2","r_fixed",NA,NA,0.6,0,0.0714,28,2,1,1,4,0.65,1,NA,NA,NA,NA,0,0,0,0,14.6047,13.9235,84.186,212.8233,1935,1935,"0.15,0.2,0.3,0.35,0.45",0,1.4142,0.15,0.85,NA,NA,NA,NA,NA,NA,NA,NA,NA,NA,NA,NA,NA,NA,NA,NA,NA,NA,NA,NA,NA,NA,NA,NA
"Set_5dose_methods_prior","Set_5dose_methods_prior_SC6",6,"BOIN","approx2-r_fixed","approx2","r_fixed",NA,NA,0.6,0,0.0714,28,2,1,1,5,0.7,1,NA,NA,NA,NA,0,0,0,0,14.6047,13.9235,84.186,212.8233,1935,1935,"0.15,0.2,0.3,0.35,0.45",0,1.4142,0.15,0.85,NA,NA,NA,NA,NA,NA,NA,NA,NA,NA,NA,NA,NA,NA,NA,NA,NA,NA,NA,NA,NA,NA,NA,NA
"Set_5dose_methods_prior","Set_5dose_methods_prior_SC6",6,"BOIN","approx1-r_fixed","approx1","r_fixed",NA,NA,0.6,0,0.0714,28,3,1,1,1,0.5,0.5,0.3613,NA,NA,0,15.814,13.8667,13.8667,0,14.6047,13.9209,84.186,212.8181,1935,1935,"0.15,0.2,0.3,0.35,0.45",0,1.4142,0.15,0.85,NA,NA,NA,NA,NA,NA,NA,NA,NA,NA,NA,NA,NA,NA,NA,NA,NA,NA,NA,NA,NA,NA,NA,NA
"Set_5dose_methods_prior","Set_5dose_methods_prior_SC6",6,"BOIN","approx1-r_fixed","approx1","r_fixed",NA,NA,0.6,0,0.0714,28,3,1,1,2,0.55,0.85,0.6245,NA,NA,0,0,0.7333,0.7333,0.6791,14.6047,13.9209,84.186,212.8181,1935,1935,"0.15,0.2,0.3,0.35,0.45",0,1.4142,0.15,0.85,NA,NA,NA,NA,NA,NA,NA,NA,NA,NA,NA,NA,NA,NA,NA,NA,NA,NA,NA,NA,NA,NA,NA,NA
"Set_5dose_methods_prior","Set_5dose_methods_prior_SC6",6,"BOIN","approx1-r_fixed","approx1","r_fixed",NA,NA,0.6,0,0.0714,28,3,1,1,3,0.6,0.93,NA,NA,NA,0,0,0.0047,0.0047,0.0047,14.6047,13.9209,84.186,212.8181,1935,1935,"0.15,0.2,0.3,0.35,0.45",0,1.4142,0.15,0.85,NA,NA,NA,NA,NA,NA,NA,NA,NA,NA,NA,NA,NA,NA,NA,NA,NA,NA,NA,NA,NA,NA,NA,NA
"Set_5dose_methods_prior","Set_5dose_methods_prior_SC6",6,"BOIN","approx1-r_fixed","approx1","r_fixed",NA,NA,0.6,0,0.0714,28,3,1,1,4,0.65,1,NA,NA,NA,NA,0,0,0,0,14.6047,13.9209,84.186,212.8181,1935,1935,"0.15,0.2,0.3,0.35,0.45",0,1.4142,0.15,0.85,NA,NA,NA,NA,NA,NA,NA,NA,NA,NA,NA,NA,NA,NA,NA,NA,NA,NA,NA,NA,NA,NA,NA,NA
"Set_5dose_methods_prior","Set_5dose_methods_prior_SC6",6,"BOIN","approx1-r_fixed","approx1","r_fixed",NA,NA,0.6,0,0.0714,28,3,1,1,5,0.7,1,NA,NA,NA,NA,0,0,0,0,14.6047,13.9209,84.186,212.8181,1935,1935,"0.15,0.2,0.3,0.35,0.45",0,1.4142,0.15,0.85,NA,NA,NA,NA,NA,NA,NA,NA,NA,NA,NA,NA,NA,NA,NA,NA,NA,NA,NA,NA,NA,NA,NA,NA
"Set_5dose_methods_prior","Set_5dose_methods_prior_SC6",6,"BOIN","approx2-r_fixed","approx2","r_fixed",NA,NA,0.6,0,0.0714,28,3,1,1,1,0.5,0.5,0.3613,NA,NA,0,15.814,13.8667,13.8667,0,14.6047,13.9209,84.186,212.8181,1935,1935,"0.15,0.2,0.3,0.35,0.45",0,1.4142,0.15,0.85,NA,NA,NA,NA,NA,NA,NA,NA,NA,NA,NA,NA,NA,NA,NA,NA,NA,NA,NA,NA,NA,NA,NA,NA
"Set_5dose_methods_prior","Set_5dose_methods_prior_SC6",6,"BOIN","approx2-r_fixed","approx2","r_fixed",NA,NA,0.6,0,0.0714,28,3,1,1,2,0.55,0.85,0.6245,NA,NA,0,0,0.7333,0.7333,0.6791,14.6047,13.9209,84.186,212.8181,1935,1935,"0.15,0.2,0.3,0.35,0.45",0,1.4142,0.15,0.85,NA,NA,NA,NA,NA,NA,NA,NA,NA,NA,NA,NA,NA,NA,NA,NA,NA,NA,NA,NA,NA,NA,NA,NA
"Set_5dose_methods_prior","Set_5dose_methods_prior_SC6",6,"BOIN","approx2-r_fixed","approx2","r_fixed",NA,NA,0.6,0,0.0714,28,3,1,1,3,0.6,0.93,NA,NA,NA,0,0,0.0047,0.0047,0.0047,14.6047,13.9209,84.186,212.8181,1935,1935,"0.15,0.2,0.3,0.35,0.45",0,1.4142,0.15,0.85,NA,NA,NA,NA,NA,NA,NA,NA,NA,NA,NA,NA,NA,NA,NA,NA,NA,NA,NA,NA,NA,NA,NA,NA
"Set_5dose_methods_prior","Set_5dose_methods_prior_SC6",6,"BOIN","approx2-r_fixed","approx2","r_fixed",NA,NA,0.6,0,0.0714,28,3,1,1,4,0.65,1,NA,NA,NA,NA,0,0,0,0,14.6047,13.9209,84.186,212.8181,1935,1935,"0.15,0.2,0.3,0.35,0.45",0,1.4142,0.15,0.85,NA,NA,NA,NA,NA,NA,NA,NA,NA,NA,NA,NA,NA,NA,NA,NA,NA,NA,NA,NA,NA,NA,NA,NA
"Set_5dose_methods_prior","Set_5dose_methods_prior_SC6",6,"BOIN","approx2-r_fixed","approx2","r_fixed",NA,NA,0.6,0,0.0714,28,3,1,1,5,0.7,1,NA,NA,NA,NA,0,0,0,0,14.6047,13.9209,84.186,212.8181,1935,1935,"0.15,0.2,0.3,0.35,0.45",0,1.4142,0.15,0.85,NA,NA,NA,NA,NA,NA,NA,NA,NA,NA,NA,NA,NA,NA,NA,NA,NA,NA,NA,NA,NA,NA,NA,NA
"Set_5dose_methods_prior","Set_5dose_methods_prior_SC6",6,"BOIN","approx1-r_fixed","approx1","r_fixed",NA,NA,0.9,0,0.0714,28,1,1,1,1,0.5,0.5,0.3427,NA,NA,0,17.0026,13.3054,13.3054,0,14.8419,14.8419,81.9121,224.5294,1935,1935,"0.15,0.2,0.3,0.35,0.45",0,1.4142,0.15,0.85,NA,NA,NA,NA,NA,NA,NA,NA,NA,NA,NA,NA,NA,NA,NA,NA,NA,NA,NA,NA,NA,NA,NA,NA
"Set_5dose_methods_prior","Set_5dose_methods_prior_SC6",6,"BOIN","approx1-r_fixed","approx1","r_fixed",NA,NA,0.9,0,0.0714,28,1,1,1,2,0.55,1,0.4759,NA,NA,0,1.0853,1.3922,1.3922,0,14.8419,14.8419,81.9121,224.5294,1935,1935,"0.15,0.2,0.3,0.35,0.45",0,1.4142,0.15,0.85,NA,NA,NA,NA,NA,NA,NA,NA,NA,NA,NA,NA,NA,NA,NA,NA,NA,NA,NA,NA,NA,NA,NA,NA
"Set_5dose_methods_prior","Set_5dose_methods_prior_SC6",6,"BOIN","approx1-r_fixed","approx1","r_fixed",NA,NA,0.9,0,0.0714,28,1,1,1,3,0.6,1,0.5885,NA,NA,0,0,0.138,0.138,0,14.8419,14.8419,81.9121,224.5294,1935,1935,"0.15,0.2,0.3,0.35,0.45",0,1.4142,0.15,0.85,NA,NA,NA,NA,NA,NA,NA,NA,NA,NA,NA,NA,NA,NA,NA,NA,NA,NA,NA,NA,NA,NA,NA,NA
"Set_5dose_methods_prior","Set_5dose_methods_prior_SC6",6,"BOIN","approx1-r_fixed","approx1","r_fixed",NA,NA,0.9,0,0.0714,28,1,1,1,4,0.65,1,0.6661,NA,NA,0,0,0.0062,0.0062,0,14.8419,14.8419,81.9121,224.5294,1935,1935,"0.15,0.2,0.3,0.35,0.45",0,1.4142,0.15,0.85,NA,NA,NA,NA,NA,NA,NA,NA,NA,NA,NA,NA,NA,NA,NA,NA,NA,NA,NA,NA,NA,NA,NA,NA
"Set_5dose_methods_prior","Set_5dose_methods_prior_SC6",6,"BOIN","approx1-r_fixed","approx1","r_fixed",NA,NA,0.9,0,0.0714,28,1,1,1,5,0.7,1,NA,NA,NA,NA,0,0,0,0,14.8419,14.8419,81.9121,224.5294,1935,1935,"0.15,0.2,0.3,0.35,0.45",0,1.4142,0.15,0.85,NA,NA,NA,NA,NA,NA,NA,NA,NA,NA,NA,NA,NA,NA,NA,NA,NA,NA,NA,NA,NA,NA,NA,NA
"Set_5dose_methods_prior","Set_5dose_methods_prior_SC6",6,"BOIN","approx2-r_fixed","approx2","r_fixed",NA,NA,0.9,0,0.0714,28,1,1,1,1,0.5,0.5,0.3427,NA,NA,0,17.0026,13.3054,13.3054,0,14.8419,14.8419,81.9121,224.5294,1935,1935,"0.15,0.2,0.3,0.35,0.45",0,1.4142,0.15,0.85,NA,NA,NA,NA,NA,NA,NA,NA,NA,NA,NA,NA,NA,NA,NA,NA,NA,NA,NA,NA,NA,NA,NA,NA
"Set_5dose_methods_prior","Set_5dose_methods_prior_SC6",6,"BOIN","approx2-r_fixed","approx2","r_fixed",NA,NA,0.9,0,0.0714,28,1,1,1,2,0.55,1,0.4759,NA,NA,0,1.0853,1.3922,1.3922,0,14.8419,14.8419,81.9121,224.5294,1935,1935,"0.15,0.2,0.3,0.35,0.45",0,1.4142,0.15,0.85,NA,NA,NA,NA,NA,NA,NA,NA,NA,NA,NA,NA,NA,NA,NA,NA,NA,NA,NA,NA,NA,NA,NA,NA
"Set_5dose_methods_prior","Set_5dose_methods_prior_SC6",6,"BOIN","approx2-r_fixed","approx2","r_fixed",NA,NA,0.9,0,0.0714,28,1,1,1,3,0.6,1,0.5885,NA,NA,0,0,0.138,0.138,0,14.8419,14.8419,81.9121,224.5294,1935,1935,"0.15,0.2,0.3,0.35,0.45",0,1.4142,0.15,0.85,NA,NA,NA,NA,NA,NA,NA,NA,NA,NA,NA,NA,NA,NA,NA,NA,NA,NA,NA,NA,NA,NA,NA,NA
"Set_5dose_methods_prior","Set_5dose_methods_prior_SC6",6,"BOIN","approx2-r_fixed","approx2","r_fixed",NA,NA,0.9,0,0.0714,28,1,1,1,4,0.65,1,0.6661,NA,NA,0,0,0.0062,0.0062,0,14.8419,14.8419,81.9121,224.5294,1935,1935,"0.15,0.2,0.3,0.35,0.45",0,1.4142,0.15,0.85,NA,NA,NA,NA,NA,NA,NA,NA,NA,NA,NA,NA,NA,NA,NA,NA,NA,NA,NA,NA,NA,NA,NA,NA
"Set_5dose_methods_prior","Set_5dose_methods_prior_SC6",6,"BOIN","approx2-r_fixed","approx2","r_fixed",NA,NA,0.9,0,0.0714,28,1,1,1,5,0.7,1,NA,NA,NA,NA,0,0,0,0,14.8419,14.8419,81.9121,224.5294,1935,1935,"0.15,0.2,0.3,0.35,0.45",0,1.4142,0.15,0.85,NA,NA,NA,NA,NA,NA,NA,NA,NA,NA,NA,NA,NA,NA,NA,NA,NA,NA,NA,NA,NA,NA,NA,NA
"Set_5dose_methods_prior","Set_5dose_methods_prior_SC6",6,"BOIN","approx1-r_fixed","approx1","r_fixed",NA,NA,0.9,0,0.0714,28,2,1,1,1,0.5,0.5,0.359,NA,NA,0,14.8837,13.9674,13.9674,0,14.5535,13.9674,85.1163,213.0386,1935,1935,"0.15,0.2,0.3,0.35,0.45",0,1.4142,0.15,0.85,NA,NA,NA,NA,NA,NA,NA,NA,NA,NA,NA,NA,NA,NA,NA,NA,NA,NA,NA,NA,NA,NA,NA,NA
"Set_5dose_methods_prior","Set_5dose_methods_prior_SC6",6,"BOIN","approx1-r_fixed","approx1","r_fixed",NA,NA,0.9,0,0.0714,28,2,1,1,2,0.55,1,NA,NA,NA,0,0,0.586,0.586,0.586,14.5535,13.9674,85.1163,213.0386,1935,1935,"0.15,0.2,0.3,0.35,0.45",0,1.4142,0.15,0.85,NA,NA,NA,NA,NA,NA,NA,NA,NA,NA,NA,NA,NA,NA,NA,NA,NA,NA,NA,NA,NA,NA,NA,NA
"Set_5dose_methods_prior","Set_5dose_methods_prior_SC6",6,"BOIN","approx1-r_fixed","approx1","r_fixed",NA,NA,0.9,0,0.0714,28,2,1,1,3,0.6,1,NA,NA,NA,NA,0,0,0,0,14.5535,13.9674,85.1163,213.0386,1935,1935,"0.15,0.2,0.3,0.35,0.45",0,1.4142,0.15,0.85,NA,NA,NA,NA,NA,NA,NA,NA,NA,NA,NA,NA,NA,NA,NA,NA,NA,NA,NA,NA,NA,NA,NA,NA
"Set_5dose_methods_prior","Set_5dose_methods_prior_SC6",6,"BOIN","approx1-r_fixed","approx1","r_fixed",NA,NA,0.9,0,0.0714,28,2,1,1,4,0.65,1,NA,NA,NA,NA,0,0,0,0,14.5535,13.9674,85.1163,213.0386,1935,1935,"0.15,0.2,0.3,0.35,0.45",0,1.4142,0.15,0.85,NA,NA,NA,NA,NA,NA,NA,NA,NA,NA,NA,NA,NA,NA,NA,NA,NA,NA,NA,NA,NA,NA,NA,NA
"Set_5dose_methods_prior","Set_5dose_methods_prior_SC6",6,"BOIN","approx1-r_fixed","approx1","r_fixed",NA,NA,0.9,0,0.0714,28,2,1,1,5,0.7,1,NA,NA,NA,NA,0,0,0,0,14.5535,13.9674,85.1163,213.0386,1935,1935,"0.15,0.2,0.3,0.35,0.45",0,1.4142,0.15,0.85,NA,NA,NA,NA,NA,NA,NA,NA,NA,NA,NA,NA,NA,NA,NA,NA,NA,NA,NA,NA,NA,NA,NA,NA
"Set_5dose_methods_prior","Set_5dose_methods_prior_SC6",6,"BOIN","approx2-r_fixed","approx2","r_fixed",NA,NA,0.9,0,0.0714,28,2,1,1,1,0.5,0.5,0.359,NA,NA,0,14.8837,13.9674,13.9674,0,14.5535,13.9674,85.1163,213.0386,1935,1935,"0.15,0.2,0.3,0.35,0.45",0,1.4142,0.15,0.85,NA,NA,NA,NA,NA,NA,NA,NA,NA,NA,NA,NA,NA,NA,NA,NA,NA,NA,NA,NA,NA,NA,NA,NA
"Set_5dose_methods_prior","Set_5dose_methods_prior_SC6",6,"BOIN","approx2-r_fixed","approx2","r_fixed",NA,NA,0.9,0,0.0714,28,2,1,1,2,0.55,1,NA,NA,NA,0,0,0.586,0.586,0.586,14.5535,13.9674,85.1163,213.0386,1935,1935,"0.15,0.2,0.3,0.35,0.45",0,1.4142,0.15,0.85,NA,NA,NA,NA,NA,NA,NA,NA,NA,NA,NA,NA,NA,NA,NA,NA,NA,NA,NA,NA,NA,NA,NA,NA
"Set_5dose_methods_prior","Set_5dose_methods_prior_SC6",6,"BOIN","approx2-r_fixed","approx2","r_fixed",NA,NA,0.9,0,0.0714,28,2,1,1,3,0.6,1,NA,NA,NA,NA,0,0,0,0,14.5535,13.9674,85.1163,213.0386,1935,1935,"0.15,0.2,0.3,0.35,0.45",0,1.4142,0.15,0.85,NA,NA,NA,NA,NA,NA,NA,NA,NA,NA,NA,NA,NA,NA,NA,NA,NA,NA,NA,NA,NA,NA,NA,NA
"Set_5dose_methods_prior","Set_5dose_methods_prior_SC6",6,"BOIN","approx2-r_fixed","approx2","r_fixed",NA,NA,0.9,0,0.0714,28,2,1,1,4,0.65,1,NA,NA,NA,NA,0,0,0,0,14.5535,13.9674,85.1163,213.0386,1935,1935,"0.15,0.2,0.3,0.35,0.45",0,1.4142,0.15,0.85,NA,NA,NA,NA,NA,NA,NA,NA,NA,NA,NA,NA,NA,NA,NA,NA,NA,NA,NA,NA,NA,NA,NA,NA
"Set_5dose_methods_prior","Set_5dose_methods_prior_SC6",6,"BOIN","approx2-r_fixed","approx2","r_fixed",NA,NA,0.9,0,0.0714,28,2,1,1,5,0.7,1,NA,NA,NA,NA,0,0,0,0,14.5535,13.9674,85.1163,213.0386,1935,1935,"0.15,0.2,0.3,0.35,0.45",0,1.4142,0.15,0.85,NA,NA,NA,NA,NA,NA,NA,NA,NA,NA,NA,NA,NA,NA,NA,NA,NA,NA,NA,NA,NA,NA,NA,NA
"Set_5dose_methods_prior","Set_5dose_methods_prior_SC6",6,"BOIN","approx1-r_fixed","approx1","r_fixed",NA,NA,0.9,0,0.0714,28,3,1,1,1,0.5,0.5,0.359,NA,NA,0,14.8837,13.9674,13.9674,0,14.5535,13.9674,85.1163,213.0386,1935,1935,"0.15,0.2,0.3,0.35,0.45",0,1.4142,0.15,0.85,NA,NA,NA,NA,NA,NA,NA,NA,NA,NA,NA,NA,NA,NA,NA,NA,NA,NA,NA,NA,NA,NA,NA,NA
"Set_5dose_methods_prior","Set_5dose_methods_prior_SC6",6,"BOIN","approx1-r_fixed","approx1","r_fixed",NA,NA,0.9,0,0.0714,28,3,1,1,2,0.55,1,NA,NA,NA,0,0,0.586,0.586,0.586,14.5535,13.9674,85.1163,213.0386,1935,1935,"0.15,0.2,0.3,0.35,0.45",0,1.4142,0.15,0.85,NA,NA,NA,NA,NA,NA,NA,NA,NA,NA,NA,NA,NA,NA,NA,NA,NA,NA,NA,NA,NA,NA,NA,NA
"Set_5dose_methods_prior","Set_5dose_methods_prior_SC6",6,"BOIN","approx1-r_fixed","approx1","r_fixed",NA,NA,0.9,0,0.0714,28,3,1,1,3,0.6,1,NA,NA,NA,NA,0,0,0,0,14.5535,13.9674,85.1163,213.0386,1935,1935,"0.15,0.2,0.3,0.35,0.45",0,1.4142,0.15,0.85,NA,NA,NA,NA,NA,NA,NA,NA,NA,NA,NA,NA,NA,NA,NA,NA,NA,NA,NA,NA,NA,NA,NA,NA
"Set_5dose_methods_prior","Set_5dose_methods_prior_SC6",6,"BOIN","approx1-r_fixed","approx1","r_fixed",NA,NA,0.9,0,0.0714,28,3,1,1,4,0.65,1,NA,NA,NA,NA,0,0,0,0,14.5535,13.9674,85.1163,213.0386,1935,1935,"0.15,0.2,0.3,0.35,0.45",0,1.4142,0.15,0.85,NA,NA,NA,NA,NA,NA,NA,NA,NA,NA,NA,NA,NA,NA,NA,NA,NA,NA,NA,NA,NA,NA,NA,NA
"Set_5dose_methods_prior","Set_5dose_methods_prior_SC6",6,"BOIN","approx1-r_fixed","approx1","r_fixed",NA,NA,0.9,0,0.0714,28,3,1,1,5,0.7,1,NA,NA,NA,NA,0,0,0,0,14.5535,13.9674,85.1163,213.0386,1935,1935,"0.15,0.2,0.3,0.35,0.45",0,1.4142,0.15,0.85,NA,NA,NA,NA,NA,NA,NA,NA,NA,NA,NA,NA,NA,NA,NA,NA,NA,NA,NA,NA,NA,NA,NA,NA
"Set_5dose_methods_prior","Set_5dose_methods_prior_SC6",6,"BOIN","approx2-r_fixed","approx2","r_fixed",NA,NA,0.9,0,0.0714,28,3,1,1,1,0.5,0.5,0.359,NA,NA,0,14.8837,13.9674,13.9674,0,14.5535,13.9674,85.1163,213.0386,1935,1935,"0.15,0.2,0.3,0.35,0.45",0,1.4142,0.15,0.85,NA,NA,NA,NA,NA,NA,NA,NA,NA,NA,NA,NA,NA,NA,NA,NA,NA,NA,NA,NA,NA,NA,NA,NA
"Set_5dose_methods_prior","Set_5dose_methods_prior_SC6",6,"BOIN","approx2-r_fixed","approx2","r_fixed",NA,NA,0.9,0,0.0714,28,3,1,1,2,0.55,1,NA,NA,NA,0,0,0.586,0.586,0.586,14.5535,13.9674,85.1163,213.0386,1935,1935,"0.15,0.2,0.3,0.35,0.45",0,1.4142,0.15,0.85,NA,NA,NA,NA,NA,NA,NA,NA,NA,NA,NA,NA,NA,NA,NA,NA,NA,NA,NA,NA,NA,NA,NA,NA
"Set_5dose_methods_prior","Set_5dose_methods_prior_SC6",6,"BOIN","approx2-r_fixed","approx2","r_fixed",NA,NA,0.9,0,0.0714,28,3,1,1,3,0.6,1,NA,NA,NA,NA,0,0,0,0,14.5535,13.9674,85.1163,213.0386,1935,1935,"0.15,0.2,0.3,0.35,0.45",0,1.4142,0.15,0.85,NA,NA,NA,NA,NA,NA,NA,NA,NA,NA,NA,NA,NA,NA,NA,NA,NA,NA,NA,NA,NA,NA,NA,NA
"Set_5dose_methods_prior","Set_5dose_methods_prior_SC6",6,"BOIN","approx2-r_fixed","approx2","r_fixed",NA,NA,0.9,0,0.0714,28,3,1,1,4,0.65,1,NA,NA,NA,NA,0,0,0,0,14.5535,13.9674,85.1163,213.0386,1935,1935,"0.15,0.2,0.3,0.35,0.45",0,1.4142,0.15,0.85,NA,NA,NA,NA,NA,NA,NA,NA,NA,NA,NA,NA,NA,NA,NA,NA,NA,NA,NA,NA,NA,NA,NA,NA
"Set_5dose_methods_prior","Set_5dose_methods_prior_SC6",6,"BOIN","approx2-r_fixed","approx2","r_fixed",NA,NA,0.9,0,0.0714,28,3,1,1,5,0.7,1,NA,NA,NA,NA,0,0,0,0,14.5535,13.9674,85.1163,213.0386,1935,1935,"0.15,0.2,0.3,0.35,0.45",0,1.4142,0.15,0.85,NA,NA,NA,NA,NA,NA,NA,NA,NA,NA,NA,NA,NA,NA,NA,NA,NA,NA,NA,NA,NA,NA,NA,NA
"Set_5dose_methods_prior","Set_5dose_methods_prior_SC1",1,"CFO","cfo_empirical",NA,NA,NA,"empirical",0,0,0.0714,28,1,1,1,1,0.07,0.07,0.0076,NA,NA,NA,0.8269,4.2419,4.2419,0,29.9473,29.9473,0.2067,437.3492,1935,1935,"0.15,0.2,0.3,0.35,0.45",0,1.4142,0.15,0.85,"0.005,0.01,0.05,0.1,0.3",NA,30,1,"approx",200,1000,0,3,1000,2000,5000,2,NA,NA,NA,NA,NA,NA,NA,NA,NA,NA,NA
"Set_5dose_methods_prior","Set_5dose_methods_prior_SC1",1,"CFO","cfo_empirical",NA,NA,NA,"empirical",0,0,0.0714,28,1,1,1,2,0.12,0.12,0.0273,NA,NA,NA,6.4083,5.7705,5.7705,0,29.9473,29.9473,0.2067,437.3492,1935,1935,"0.15,0.2,0.3,0.35,0.45",0,1.4142,0.15,0.85,"0.005,0.01,0.05,0.1,0.3",NA,30,1,"approx",200,1000,0,3,1000,2000,5000,2,NA,NA,NA,NA,NA,NA,NA,NA,NA,NA,NA
"Set_5dose_methods_prior","Set_5dose_methods_prior_SC1",1,"CFO","cfo_empirical",NA,NA,NA,"empirical",0,0,0.0714,28,1,1,1,3,0.17,0.17,0.0677,NA,NA,NA,17.8295,6.8992,6.8992,0,29.9473,29.9473,0.2067,437.3492,1935,1935,"0.15,0.2,0.3,0.35,0.45",0,1.4142,0.15,0.85,"0.005,0.01,0.05,0.1,0.3",NA,30,1,"approx",200,1000,0,3,1000,2000,5000,2,NA,NA,NA,NA,NA,NA,NA,NA,NA,NA,NA
"Set_5dose_methods_prior","Set_5dose_methods_prior_SC1",1,"CFO","cfo_empirical",NA,NA,NA,"empirical",0,0,0.0714,28,1,1,1,4,0.22,0.22,0.1412,NA,NA,NA,30.5943,6.5287,6.5287,0,29.9473,29.9473,0.2067,437.3492,1935,1935,"0.15,0.2,0.3,0.35,0.45",0,1.4142,0.15,0.85,"0.005,0.01,0.05,0.1,0.3",NA,30,1,"approx",200,1000,0,3,1000,2000,5000,2,NA,NA,NA,NA,NA,NA,NA,NA,NA,NA,NA
"Set_5dose_methods_prior","Set_5dose_methods_prior_SC1",1,"CFO","cfo_empirical",NA,NA,NA,"empirical",0,0,0.0714,28,1,1,1,5,0.3,0.3,0.2966,NA,NA,NA,44.1344,6.507,6.507,0,29.9473,29.9473,0.2067,437.3492,1935,1935,"0.15,0.2,0.3,0.35,0.45",0,1.4142,0.15,0.85,"0.005,0.01,0.05,0.1,0.3",NA,30,1,"approx",200,1000,0,3,1000,2000,5000,2,NA,NA,NA,NA,NA,NA,NA,NA,NA,NA,NA
"Set_5dose_methods_prior","Set_5dose_methods_prior_SC1",1,"CFO","cfo_pride",NA,NA,NA,"pride",0,0,0.0714,28,1,1,1,1,0.07,0.07,0.026,NA,NA,NA,7.907,7.7829,7.7829,0,28.7023,28.7023,13.4884,420.1358,1935,1935,"0.15,0.2,0.3,0.35,0.45",0,1.4142,0.15,0.85,"0.005,0.01,0.05,0.1,0.3","PRIDE.bug",30,1,"approx",200,1000,0,3,1000,2000,5000,2,NA,NA,NA,NA,NA,NA,NA,NA,NA,NA,NA
"Set_5dose_methods_prior","Set_5dose_methods_prior_SC1",1,"CFO","cfo_pride",NA,NA,NA,"pride",0,0,0.0714,28,1,1,1,2,0.12,0.12,0.0766,NA,NA,NA,11.2661,5.6248,5.6248,0,28.7023,28.7023,13.4884,420.1358,1935,1935,"0.15,0.2,0.3,0.35,0.45",0,1.4142,0.15,0.85,"0.005,0.01,0.05,0.1,0.3","PRIDE.bug",30,1,"approx",200,1000,0,3,1000,2000,5000,2,NA,NA,NA,NA,NA,NA,NA,NA,NA,NA,NA
"Set_5dose_methods_prior","Set_5dose_methods_prior_SC1",1,"CFO","cfo_pride",NA,NA,NA,"pride",0,0,0.0714,28,1,1,1,3,0.17,0.17,0.0877,NA,NA,NA,11.2145,4.4295,4.4295,0,28.7023,28.7023,13.4884,420.1358,1935,1935,"0.15,0.2,0.3,0.35,0.45",0,1.4142,0.15,0.85,"0.005,0.01,0.05,0.1,0.3","PRIDE.bug",30,1,"approx",200,1000,0,3,1000,2000,5000,2,NA,NA,NA,NA,NA,NA,NA,NA,NA,NA,NA
"Set_5dose_methods_prior","Set_5dose_methods_prior_SC1",1,"CFO","cfo_pride",NA,NA,NA,"pride",0,0,0.0714,28,1,1,1,4,0.22,0.22,0.0686,NA,NA,NA,10.7494,3.631,3.631,0,28.7023,28.7023,13.4884,420.1358,1935,1935,"0.15,0.2,0.3,0.35,0.45",0,1.4142,0.15,0.85,"0.005,0.01,0.05,0.1,0.3","PRIDE.bug",30,1,"approx",200,1000,0,3,1000,2000,5000,2,NA,NA,NA,NA,NA,NA,NA,NA,NA,NA,NA
"Set_5dose_methods_prior","Set_5dose_methods_prior_SC1",1,"CFO","cfo_pride",NA,NA,NA,"pride",0,0,0.0714,28,1,1,1,5,0.3,0.3,0.1078,NA,NA,NA,45.3747,7.2341,7.2341,0,28.7023,28.7023,13.4884,420.1358,1935,1935,"0.15,0.2,0.3,0.35,0.45",0,1.4142,0.15,0.85,"0.005,0.01,0.05,0.1,0.3","PRIDE.bug",30,1,"approx",200,1000,0,3,1000,2000,5000,2,NA,NA,NA,NA,NA,NA,NA,NA,NA,NA,NA
"Set_5dose_methods_prior","Set_5dose_methods_prior_SC1",1,"CFO","cfo_empirical",NA,NA,NA,"empirical",0,0,0.0714,28,2,1,1,1,0.07,0.07,0.0076,NA,NA,NA,0.8269,4.2419,4.2419,0,29.9473,22.6646,0.2067,356.3249,1935,1935,"0.15,0.2,0.3,0.35,0.45",0,1.4142,0.15,0.85,"0.005,0.01,0.05,0.1,0.3",NA,30,1,"approx",200,1000,0,3,1000,2000,5000,2,NA,NA,NA,NA,NA,NA,NA,NA,NA,NA,NA
"Set_5dose_methods_prior","Set_5dose_methods_prior_SC1",1,"CFO","cfo_empirical",NA,NA,NA,"empirical",0,0,0.0714,28,2,1,1,2,0.12,0.12,0.0273,NA,NA,NA,6.4083,5.7705,5.7705,3.2031,29.9473,22.6646,0.2067,356.3249,1935,1935,"0.15,0.2,0.3,0.35,0.45",0,1.4142,0.15,0.85,"0.005,0.01,0.05,0.1,0.3",NA,30,1,"approx",200,1000,0,3,1000,2000,5000,2,NA,NA,NA,NA,NA,NA,NA,NA,NA,NA,NA
"Set_5dose_methods_prior","Set_5dose_methods_prior_SC1",1,"CFO","cfo_empirical",NA,NA,NA,"empirical",0,0,0.0714,28,2,1,1,3,0.17,0.17,0.0677,NA,NA,NA,17.8295,6.8992,6.8992,0.9054,29.9473,22.6646,0.2067,356.3249,1935,1935,"0.15,0.2,0.3,0.35,0.45",0,1.4142,0.15,0.85,"0.005,0.01,0.05,0.1,0.3",NA,30,1,"approx",200,1000,0,3,1000,2000,5000,2,NA,NA,NA,NA,NA,NA,NA,NA,NA,NA,NA
"Set_5dose_methods_prior","Set_5dose_methods_prior_SC1",1,"CFO","cfo_empirical",NA,NA,NA,"empirical",0,0,0.0714,28,2,1,1,4,0.22,0.22,0.1412,NA,NA,NA,30.5943,6.5287,6.5287,2.2842,29.9473,22.6646,0.2067,356.3249,1935,1935,"0.15,0.2,0.3,0.35,0.45",0,1.4142,0.15,0.85,"0.005,0.01,0.05,0.1,0.3",NA,30,1,"approx",200,1000,0,3,1000,2000,5000,2,NA,NA,NA,NA,NA,NA,NA,NA,NA,NA,NA
"Set_5dose_methods_prior","Set_5dose_methods_prior_SC1",1,"CFO","cfo_empirical",NA,NA,NA,"empirical",0,0,0.0714,28,2,1,1,5,0.3,0.3,0.2966,NA,NA,NA,44.1344,6.507,6.507,0.8899,29.9473,22.6646,0.2067,356.3249,1935,1935,"0.15,0.2,0.3,0.35,0.45",0,1.4142,0.15,0.85,"0.005,0.01,0.05,0.1,0.3",NA,30,1,"approx",200,1000,0,3,1000,2000,5000,2,NA,NA,NA,NA,NA,NA,NA,NA,NA,NA,NA
"Set_5dose_methods_prior","Set_5dose_methods_prior_SC1",1,"CFO","cfo_pride",NA,NA,NA,"pride",0,0,0.0714,28,2,1,1,1,0.07,0.07,0.0425,NA,NA,NA,13.7984,7.7752,7.7752,0,29.0434,21.3835,7.5452,344.7789,1935,1935,"0.15,0.2,0.3,0.35,0.45",0,1.4142,0.15,0.85,"0.005,0.01,0.05,0.1,0.3","PRIDE.bug",30,1,"approx",200,1000,0,3,1000,2000,5000,2,NA,NA,NA,NA,NA,NA,NA,NA,NA,NA,NA
"Set_5dose_methods_prior","Set_5dose_methods_prior_SC1",1,"CFO","cfo_pride",NA,NA,NA,"pride",0,0,0.0714,28,2,1,1,2,0.12,0.12,0.0953,NA,NA,NA,11.2661,6.3411,6.3411,3.5065,29.0434,21.3835,7.5452,344.7789,1935,1935,"0.15,0.2,0.3,0.35,0.45",0,1.4142,0.15,0.85,"0.005,0.01,0.05,0.1,0.3","PRIDE.bug",30,1,"approx",200,1000,0,3,1000,2000,5000,2,NA,NA,NA,NA,NA,NA,NA,NA,NA,NA,NA
"Set_5dose_methods_prior","Set_5dose_methods_prior_SC1",1,"CFO","cfo_pride",NA,NA,NA,"pride",0,0,0.0714,28,2,1,1,3,0.17,0.17,0.0976,NA,NA,NA,11.2145,4.3581,4.3581,1.2465,29.0434,21.3835,7.5452,344.7789,1935,1935,"0.15,0.2,0.3,0.35,0.45",0,1.4142,0.15,0.85,"0.005,0.01,0.05,0.1,0.3","PRIDE.bug",30,1,"approx",200,1000,0,3,1000,2000,5000,2,NA,NA,NA,NA,NA,NA,NA,NA,NA,NA,NA
"Set_5dose_methods_prior","Set_5dose_methods_prior_SC1",1,"CFO","cfo_pride",NA,NA,NA,"pride",0,0,0.0714,28,2,1,1,4,0.22,0.22,0.0774,NA,NA,NA,10.801,3.6636,3.6636,1.9866,29.0434,21.3835,7.5452,344.7789,1935,1935,"0.15,0.2,0.3,0.35,0.45",0,1.4142,0.15,0.85,"0.005,0.01,0.05,0.1,0.3","PRIDE.bug",30,1,"approx",200,1000,0,3,1000,2000,5000,2,NA,NA,NA,NA,NA,NA,NA,NA,NA,NA,NA
"Set_5dose_methods_prior","Set_5dose_methods_prior_SC1",1,"CFO","cfo_pride",NA,NA,NA,"pride",0,0,0.0714,28,2,1,1,5,0.3,0.3,0.108,NA,NA,NA,45.3747,6.9054,6.9054,0.9204,29.0434,21.3835,7.5452,344.7789,1935,1935,"0.15,0.2,0.3,0.35,0.45",0,1.4142,0.15,0.85,"0.005,0.01,0.05,0.1,0.3","PRIDE.bug",30,1,"approx",200,1000,0,3,1000,2000,5000,2,NA,NA,NA,NA,NA,NA,NA,NA,NA,NA,NA
"Set_5dose_methods_prior","Set_5dose_methods_prior_SC1",1,"CFO","cfo_empirical",NA,NA,NA,"empirical",0,0,0.0714,28,3,1,1,1,0.07,0.07,0.0076,NA,NA,NA,0.8269,4.2419,4.2419,0,29.9473,20.5907,0.2067,339.6097,1935,1935,"0.15,0.2,0.3,0.35,0.45",0,1.4142,0.15,0.85,"0.005,0.01,0.05,0.1,0.3",NA,30,1,"approx",200,1000,0,3,1000,2000,5000,2,NA,NA,NA,NA,NA,NA,NA,NA,NA,NA,NA
"Set_5dose_methods_prior","Set_5dose_methods_prior_SC1",1,"CFO","cfo_empirical",NA,NA,NA,"empirical",0,0,0.0714,28,3,1,1,2,0.12,0.12,0.0273,NA,NA,NA,6.4083,5.7705,5.7705,3.2031,29.9473,20.5907,0.2067,339.6097,1935,1935,"0.15,0.2,0.3,0.35,0.45",0,1.4142,0.15,0.85,"0.005,0.01,0.05,0.1,0.3",NA,30,1,"approx",200,1000,0,3,1000,2000,5000,2,NA,NA,NA,NA,NA,NA,NA,NA,NA,NA,NA
"Set_5dose_methods_prior","Set_5dose_methods_prior_SC1",1,"CFO","cfo_empirical",NA,NA,NA,"empirical",0,0,0.0714,28,3,1,1,3,0.17,0.17,0.0677,NA,NA,NA,17.8295,6.8992,6.8992,3.1804,29.9473,20.5907,0.2067,339.6097,1935,1935,"0.15,0.2,0.3,0.35,0.45",0,1.4142,0.15,0.85,"0.005,0.01,0.05,0.1,0.3",NA,30,1,"approx",200,1000,0,3,1000,2000,5000,2,NA,NA,NA,NA,NA,NA,NA,NA,NA,NA,NA
"Set_5dose_methods_prior","Set_5dose_methods_prior_SC1",1,"CFO","cfo_empirical",NA,NA,NA,"empirical",0,0,0.0714,28,3,1,1,4,0.22,0.22,0.1412,NA,NA,NA,30.5943,6.5287,6.5287,1.0749,29.9473,20.5907,0.2067,339.6097,1935,1935,"0.15,0.2,0.3,0.35,0.45",0,1.4142,0.15,0.85,"0.005,0.01,0.05,0.1,0.3",NA,30,1,"approx",200,1000,0,3,1000,2000,5000,2,NA,NA,NA,NA,NA,NA,NA,NA,NA,NA,NA
"Set_5dose_methods_prior","Set_5dose_methods_prior_SC1",1,"CFO","cfo_empirical",NA,NA,NA,"empirical",0,0,0.0714,28,3,1,1,5,0.3,0.3,0.2966,NA,NA,NA,44.1344,6.507,6.507,1.8982,29.9473,20.5907,0.2067,339.6097,1935,1935,"0.15,0.2,0.3,0.35,0.45",0,1.4142,0.15,0.85,"0.005,0.01,0.05,0.1,0.3",NA,30,1,"approx",200,1000,0,3,1000,2000,5000,2,NA,NA,NA,NA,NA,NA,NA,NA,NA,NA,NA
"Set_5dose_methods_prior","Set_5dose_methods_prior_SC1",1,"CFO","cfo_pride",NA,NA,NA,"pride",0,0,0.0714,28,3,1,1,1,0.07,0.07,0.0416,NA,NA,NA,13.4367,7.7271,7.7271,0,28.9984,19.6997,8.0103,329.6608,1935,1935,"0.15,0.2,0.3,0.35,0.45",0,1.4142,0.15,0.85,"0.005,0.01,0.05,0.1,0.3","PRIDE.bug",30,1,"approx",200,1000,0,3,1000,2000,5000,2,NA,NA,NA,NA,NA,NA,NA,NA,NA,NA,NA
"Set_5dose_methods_prior","Set_5dose_methods_prior_SC1",1,"CFO","cfo_pride",NA,NA,NA,"pride",0,0,0.0714,28,3,1,1,2,0.12,0.12,0.0947,NA,NA,NA,11.2661,6.3395,6.3395,3.4765,28.9984,19.6997,8.0103,329.6608,1935,1935,"0.15,0.2,0.3,0.35,0.45",0,1.4142,0.15,0.85,"0.005,0.01,0.05,0.1,0.3","PRIDE.bug",30,1,"approx",200,1000,0,3,1000,2000,5000,2,NA,NA,NA,NA,NA,NA,NA,NA,NA,NA,NA
"Set_5dose_methods_prior","Set_5dose_methods_prior_SC1",1,"CFO","cfo_pride",NA,NA,NA,"pride",0,0,0.0714,28,3,1,1,3,0.17,0.17,0.0954,NA,NA,NA,11.2145,4.4713,4.4713,3.1199,28.9984,19.6997,8.0103,329.6608,1935,1935,"0.15,0.2,0.3,0.35,0.45",0,1.4142,0.15,0.85,"0.005,0.01,0.05,0.1,0.3","PRIDE.bug",30,1,"approx",200,1000,0,3,1000,2000,5000,2,NA,NA,NA,NA,NA,NA,NA,NA,NA,NA,NA
"Set_5dose_methods_prior","Set_5dose_methods_prior_SC1",1,"CFO","cfo_pride",NA,NA,NA,"pride",0,0,0.0714,28,3,1,1,4,0.22,0.22,0.0696,NA,NA,NA,10.7494,3.5519,3.5519,0.7116,28.9984,19.6997,8.0103,329.6608,1935,1935,"0.15,0.2,0.3,0.35,0.45",0,1.4142,0.15,0.85,"0.005,0.01,0.05,0.1,0.3","PRIDE.bug",30,1,"approx",200,1000,0,3,1000,2000,5000,2,NA,NA,NA,NA,NA,NA,NA,NA,NA,NA,NA
"Set_5dose_methods_prior","Set_5dose_methods_prior_SC1",1,"CFO","cfo_pride",NA,NA,NA,"pride",0,0,0.0714,28,3,1,1,5,0.3,0.3,0.1079,NA,NA,NA,45.323,6.9085,6.9085,1.9907,28.9984,19.6997,8.0103,329.6608,1935,1935,"0.15,0.2,0.3,0.35,0.45",0,1.4142,0.15,0.85,"0.005,0.01,0.05,0.1,0.3","PRIDE.bug",30,1,"approx",200,1000,0,3,1000,2000,5000,2,NA,NA,NA,NA,NA,NA,NA,NA,NA,NA,NA
"Set_5dose_methods_prior","Set_5dose_methods_prior_SC1",1,"CFO","cfo_empirical",NA,NA,NA,"empirical",0.3,0,0.0714,28,1,1,1,1,0.07,0.07,0.0076,NA,NA,NA,0.8269,4.2419,4.2419,0,29.9473,29.9473,0.2067,437.3492,1935,1935,"0.15,0.2,0.3,0.35,0.45",0,1.4142,0.15,0.85,"0.005,0.01,0.05,0.1,0.3",NA,30,1,"approx",200,1000,0,3,1000,2000,5000,2,NA,NA,NA,NA,NA,NA,NA,NA,NA,NA,NA
"Set_5dose_methods_prior","Set_5dose_methods_prior_SC1",1,"CFO","cfo_empirical",NA,NA,NA,"empirical",0.3,0,0.0714,28,1,1,1,2,0.12,0.141,0.0273,NA,NA,NA,6.4083,5.7705,5.7705,0,29.9473,29.9473,0.2067,437.3492,1935,1935,"0.15,0.2,0.3,0.35,0.45",0,1.4142,0.15,0.85,"0.005,0.01,0.05,0.1,0.3",NA,30,1,"approx",200,1000,0,3,1000,2000,5000,2,NA,NA,NA,NA,NA,NA,NA,NA,NA,NA,NA
"Set_5dose_methods_prior","Set_5dose_methods_prior_SC1",1,"CFO","cfo_empirical",NA,NA,NA,"empirical",0.3,0,0.0714,28,1,1,1,3,0.17,0.206,0.0677,NA,NA,NA,17.8295,6.8992,6.8992,0,29.9473,29.9473,0.2067,437.3492,1935,1935,"0.15,0.2,0.3,0.35,0.45",0,1.4142,0.15,0.85,"0.005,0.01,0.05,0.1,0.3",NA,30,1,"approx",200,1000,0,3,1000,2000,5000,2,NA,NA,NA,NA,NA,NA,NA,NA,NA,NA,NA
"Set_5dose_methods_prior","Set_5dose_methods_prior_SC1",1,"CFO","cfo_empirical",NA,NA,NA,"empirical",0.3,0,0.0714,28,1,1,1,4,0.22,0.271,0.1412,NA,NA,NA,30.5943,6.5287,6.5287,0,29.9473,29.9473,0.2067,437.3492,1935,1935,"0.15,0.2,0.3,0.35,0.45",0,1.4142,0.15,0.85,"0.005,0.01,0.05,0.1,0.3",NA,30,1,"approx",200,1000,0,3,1000,2000,5000,2,NA,NA,NA,NA,NA,NA,NA,NA,NA,NA,NA
"Set_5dose_methods_prior","Set_5dose_methods_prior_SC1",1,"CFO","cfo_empirical",NA,NA,NA,"empirical",0.3,0,0.0714,28,1,1,1,5,0.3,0.366,0.2966,NA,NA,NA,44.1344,6.507,6.507,0,29.9473,29.9473,0.2067,437.3492,1935,1935,"0.15,0.2,0.3,0.35,0.45",0,1.4142,0.15,0.85,"0.005,0.01,0.05,0.1,0.3",NA,30,1,"approx",200,1000,0,3,1000,2000,5000,2,NA,NA,NA,NA,NA,NA,NA,NA,NA,NA,NA
"Set_5dose_methods_prior","Set_5dose_methods_prior_SC1",1,"CFO","cfo_pride",NA,NA,NA,"pride",0.3,0,0.0714,28,1,1,1,1,0.07,0.07,0.0262,NA,NA,NA,7.9587,7.7643,7.7643,0,28.7147,28.7147,13.385,420.4026,1935,1935,"0.15,0.2,0.3,0.35,0.45",0,1.4142,0.15,0.85,"0.005,0.01,0.05,0.1,0.3","PRIDE.bug",30,1,"approx",200,1000,0,3,1000,2000,5000,2,NA,NA,NA,NA,NA,NA,NA,NA,NA,NA,NA
"Set_5dose_methods_prior","Set_5dose_methods_prior_SC1",1,"CFO","cfo_pride",NA,NA,NA,"pride",0.3,0,0.0714,28,1,1,1,2,0.12,0.141,0.0777,NA,NA,NA,11.2661,5.6372,5.6372,0,28.7147,28.7147,13.385,420.4026,1935,1935,"0.15,0.2,0.3,0.35,0.45",0,1.4142,0.15,0.85,"0.005,0.01,0.05,0.1,0.3","PRIDE.bug",30,1,"approx",200,1000,0,3,1000,2000,5000,2,NA,NA,NA,NA,NA,NA,NA,NA,NA,NA,NA
"Set_5dose_methods_prior","Set_5dose_methods_prior_SC1",1,"CFO","cfo_pride",NA,NA,NA,"pride",0.3,0,0.0714,28,1,1,1,3,0.17,0.206,0.0901,NA,NA,NA,11.2145,4.4109,4.4109,0,28.7147,28.7147,13.385,420.4026,1935,1935,"0.15,0.2,0.3,0.35,0.45",0,1.4142,0.15,0.85,"0.005,0.01,0.05,0.1,0.3","PRIDE.bug",30,1,"approx",200,1000,0,3,1000,2000,5000,2,NA,NA,NA,NA,NA,NA,NA,NA,NA,NA,NA
"Set_5dose_methods_prior","Set_5dose_methods_prior_SC1",1,"CFO","cfo_pride",NA,NA,NA,"pride",0.3,0,0.0714,28,1,1,1,4,0.22,0.271,0.0703,NA,NA,NA,10.801,3.6775,3.6775,0,28.7147,28.7147,13.385,420.4026,1935,1935,"0.15,0.2,0.3,0.35,0.45",0,1.4142,0.15,0.85,"0.005,0.01,0.05,0.1,0.3","PRIDE.bug",30,1,"approx",200,1000,0,3,1000,2000,5000,2,NA,NA,NA,NA,NA,NA,NA,NA,NA,NA,NA
"Set_5dose_methods_prior","Set_5dose_methods_prior_SC1",1,"CFO","cfo_pride",NA,NA,NA,"pride",0.3,0,0.0714,28,1,1,1,5,0.3,0.366,0.1081,NA,NA,NA,45.3747,7.2248,7.2248,0,28.7147,28.7147,13.385,420.4026,1935,1935,"0.15,0.2,0.3,0.35,0.45",0,1.4142,0.15,0.85,"0.005,0.01,0.05,0.1,0.3","PRIDE.bug",30,1,"approx",200,1000,0,3,1000,2000,5000,2,NA,NA,NA,NA,NA,NA,NA,NA,NA,NA,NA
"Set_5dose_methods_prior","Set_5dose_methods_prior_SC1",1,"CFO","cfo_empirical",NA,NA,NA,"empirical",0.3,0,0.0714,28,2,1,1,1,0.07,0.07,0.0085,NA,NA,NA,1.137,4.3194,4.3194,0,29.9473,22.5013,0.2067,355.8984,1935,1935,"0.15,0.2,0.3,0.35,0.45",0,1.4142,0.15,0.85,"0.005,0.01,0.05,0.1,0.3",NA,30,1,"approx",200,1000,0,3,1000,2000,5000,2,NA,NA,NA,NA,NA,NA,NA,NA,NA,NA,NA
"Set_5dose_methods_prior","Set_5dose_methods_prior_SC1",1,"CFO","cfo_empirical",NA,NA,NA,"empirical",0.3,0,0.0714,28,2,1,1,2,0.12,0.141,0.0351,NA,NA,NA,8.2171,6.3411,6.3411,3.231,29.9473,22.5013,0.2067,355.8984,1935,1935,"0.15,0.2,0.3,0.35,0.45",0,1.4142,0.15,0.85,"0.005,0.01,0.05,0.1,0.3",NA,30,1,"approx",200,1000,0,3,1000,2000,5000,2,NA,NA,NA,NA,NA,NA,NA,NA,NA,NA,NA
"Set_5dose_methods_prior","Set_5dose_methods_prior_SC1",1,"CFO","cfo_empirical",NA,NA,NA,"empirical",0.3,0,0.0714,28,2,1,1,3,0.17,0.206,0.0815,NA,NA,NA,20.6202,7.1101,7.1101,1.1008,29.9473,22.5013,0.2067,355.8984,1935,1935,"0.15,0.2,0.3,0.35,0.45",0,1.4142,0.15,0.85,"0.005,0.01,0.05,0.1,0.3",NA,30,1,"approx",200,1000,0,3,1000,2000,5000,2,NA,NA,NA,NA,NA,NA,NA,NA,NA,NA,NA
"Set_5dose_methods_prior","Set_5dose_methods_prior_SC1",1,"CFO","cfo_empirical",NA,NA,NA,"empirical",0.3,0,0.0714,28,2,1,1,4,0.22,0.271,0.1648,NA,NA,NA,34.6253,6.8791,6.8791,2.2403,29.9473,22.5013,0.2067,355.8984,1935,1935,"0.15,0.2,0.3,0.35,0.45",0,1.4142,0.15,0.85,"0.005,0.01,0.05,0.1,0.3",NA,30,1,"approx",200,1000,0,3,1000,2000,5000,2,NA,NA,NA,NA,NA,NA,NA,NA,NA,NA,NA
"Set_5dose_methods_prior","Set_5dose_methods_prior_SC1",1,"CFO","cfo_empirical",NA,NA,NA,"empirical",0.3,0,0.0714,28,2,1,1,5,0.3,0.366,0.3138,NA,NA,NA,35.1938,5.2977,5.2977,0.8739,29.9473,22.5013,0.2067,355.8984,1935,1935,"0.15,0.2,0.3,0.35,0.45",0,1.4142,0.15,0.85,"0.005,0.01,0.05,0.1,0.3",NA,30,1,"approx",200,1000,0,3,1000,2000,5000,2,NA,NA,NA,NA,NA,NA,NA,NA,NA,NA,NA
"Set_5dose_methods_prior","Set_5dose_methods_prior_SC1",1,"CFO","cfo_pride",NA,NA,NA,"pride",0.3,0,0.0714,28,2,1,1,1,0.07,0.07,0.0437,NA,NA,NA,14.677,8.0031,8.0031,0,29.0651,21.6506,7.1318,346.1051,1935,1935,"0.15,0.2,0.3,0.35,0.45",0,1.4142,0.15,0.85,"0.005,0.01,0.05,0.1,0.3","PRIDE.bug",30,1,"approx",200,1000,0,3,1000,2000,5000,2,NA,NA,NA,NA,NA,NA,NA,NA,NA,NA,NA
"Set_5dose_methods_prior","Set_5dose_methods_prior_SC1",1,"CFO","cfo_pride",NA,NA,NA,"pride",0.3,0,0.0714,28,2,1,1,2,0.12,0.141,0.1039,NA,NA,NA,11.5762,6.586,6.586,3.4827,29.0651,21.6506,7.1318,346.1051,1935,1935,"0.15,0.2,0.3,0.35,0.45",0,1.4142,0.15,0.85,"0.005,0.01,0.05,0.1,0.3","PRIDE.bug",30,1,"approx",200,1000,0,3,1000,2000,5000,2,NA,NA,NA,NA,NA,NA,NA,NA,NA,NA,NA
"Set_5dose_methods_prior","Set_5dose_methods_prior_SC1",1,"CFO","cfo_pride",NA,NA,NA,"pride",0.3,0,0.0714,28,2,1,1,3,0.17,0.206,0.1016,NA,NA,NA,13.385,4.4806,4.4806,1.1307,29.0651,21.6506,7.1318,346.1051,1935,1935,"0.15,0.2,0.3,0.35,0.45",0,1.4142,0.15,0.85,"0.005,0.01,0.05,0.1,0.3","PRIDE.bug",30,1,"approx",200,1000,0,3,1000,2000,5000,2,NA,NA,NA,NA,NA,NA,NA,NA,NA,NA,NA
"Set_5dose_methods_prior","Set_5dose_methods_prior_SC1",1,"CFO","cfo_pride",NA,NA,NA,"pride",0.3,0,0.0714,28,2,1,1,4,0.22,0.271,0.0965,NA,NA,NA,11.8346,3.831,3.831,2.0842,29.0651,21.6506,7.1318,346.1051,1935,1935,"0.15,0.2,0.3,0.35,0.45",0,1.4142,0.15,0.85,"0.005,0.01,0.05,0.1,0.3","PRIDE.bug",30,1,"approx",200,1000,0,3,1000,2000,5000,2,NA,NA,NA,NA,NA,NA,NA,NA,NA,NA,NA
"Set_5dose_methods_prior","Set_5dose_methods_prior_SC1",1,"CFO","cfo_pride",NA,NA,NA,"pride",0.3,0,0.0714,28,2,1,1,5,0.3,0.366,0.1088,NA,NA,NA,41.3953,6.1643,6.1643,0.7168,29.0651,21.6506,7.1318,346.1051,1935,1935,"0.15,0.2,0.3,0.35,0.45",0,1.4142,0.15,0.85,"0.005,0.01,0.05,0.1,0.3","PRIDE.bug",30,1,"approx",200,1000,0,3,1000,2000,5000,2,NA,NA,NA,NA,NA,NA,NA,NA,NA,NA,NA
"Set_5dose_methods_prior","Set_5dose_methods_prior_SC1",1,"CFO","cfo_empirical",NA,NA,NA,"empirical",0.3,0,0.0714,28,3,1,1,1,0.07,0.07,0.0088,NA,NA,NA,1.137,4.3194,4.3194,0,29.9473,20.5752,0.2067,340.8643,1935,1935,"0.15,0.2,0.3,0.35,0.45",0,1.4142,0.15,0.85,"0.005,0.01,0.05,0.1,0.3",NA,30,1,"approx",200,1000,0,3,1000,2000,5000,2,NA,NA,NA,NA,NA,NA,NA,NA,NA,NA,NA
"Set_5dose_methods_prior","Set_5dose_methods_prior_SC1",1,"CFO","cfo_empirical",NA,NA,NA,"empirical",0.3,0,0.0714,28,3,1,1,2,0.12,0.141,0.0365,NA,NA,NA,9.2506,6.5194,6.5194,3.2367,29.9473,20.5752,0.2067,340.8643,1935,1935,"0.15,0.2,0.3,0.35,0.45",0,1.4142,0.15,0.85,"0.005,0.01,0.05,0.1,0.3",NA,30,1,"approx",200,1000,0,3,1000,2000,5000,2,NA,NA,NA,NA,NA,NA,NA,NA,NA,NA,NA
"Set_5dose_methods_prior","Set_5dose_methods_prior_SC1",1,"CFO","cfo_empirical",NA,NA,NA,"empirical",0.3,0,0.0714,28,3,1,1,3,0.17,0.206,0.0902,NA,NA,NA,21.5504,7.507,7.507,3.3039,29.9473,20.5752,0.2067,340.8643,1935,1935,"0.15,0.2,0.3,0.35,0.45",0,1.4142,0.15,0.85,"0.005,0.01,0.05,0.1,0.3",NA,30,1,"approx",200,1000,0,3,1000,2000,5000,2,NA,NA,NA,NA,NA,NA,NA,NA,NA,NA,NA
"Set_5dose_methods_prior","Set_5dose_methods_prior_SC1",1,"CFO","cfo_empirical",NA,NA,NA,"empirical",0.3,0,0.0714,28,3,1,1,4,0.22,0.271,0.1594,NA,NA,NA,33.385,6.2682,6.2682,1.1938,29.9473,20.5752,0.2067,340.8643,1935,1935,"0.15,0.2,0.3,0.35,0.45",0,1.4142,0.15,0.85,"0.005,0.01,0.05,0.1,0.3",NA,30,1,"approx",200,1000,0,3,1000,2000,5000,2,NA,NA,NA,NA,NA,NA,NA,NA,NA,NA,NA
"Set_5dose_methods_prior","Set_5dose_methods_prior_SC1",1,"CFO","cfo_empirical",NA,NA,NA,"empirical",0.3,0,0.0714,28,3,1,1,5,0.3,0.366,0.3178,NA,NA,NA,34.4703,5.3333,5.3333,1.6377,29.9473,20.5752,0.2067,340.8643,1935,1935,"0.15,0.2,0.3,0.35,0.45",0,1.4142,0.15,0.85,"0.005,0.01,0.05,0.1,0.3",NA,30,1,"approx",200,1000,0,3,1000,2000,5000,2,NA,NA,NA,NA,NA,NA,NA,NA,NA,NA,NA
"Set_5dose_methods_prior","Set_5dose_methods_prior_SC1",1,"CFO","cfo_pride",NA,NA,NA,"pride",0.3,0,0.0714,28,3,1,1,1,0.07,0.07,0.0418,NA,NA,NA,13.9018,7.9581,7.9581,0,28.9907,19.6584,8.062,330.2339,1935,1935,"0.15,0.2,0.3,0.35,0.45",0,1.4142,0.15,0.85,"0.005,0.01,0.05,0.1,0.3","PRIDE.bug",30,1,"approx",200,1000,0,3,1000,2000,5000,2,NA,NA,NA,NA,NA,NA,NA,NA,NA,NA,NA
"Set_5dose_methods_prior","Set_5dose_methods_prior_SC1",1,"CFO","cfo_pride",NA,NA,NA,"pride",0.3,0,0.0714,28,3,1,1,2,0.12,0.141,0.1024,NA,NA,NA,12.093,6.8109,6.8109,3.4972,28.9907,19.6584,8.062,330.2339,1935,1935,"0.15,0.2,0.3,0.35,0.45",0,1.4142,0.15,0.85,"0.005,0.01,0.05,0.1,0.3","PRIDE.bug",30,1,"approx",200,1000,0,3,1000,2000,5000,2,NA,NA,NA,NA,NA,NA,NA,NA,NA,NA,NA
"Set_5dose_methods_prior","Set_5dose_methods_prior_SC1",1,"CFO","cfo_pride",NA,NA,NA,"pride",0.3,0,0.0714,28,3,1,1,3,0.17,0.206,0.1092,NA,NA,NA,12.3514,4.3969,4.3969,3.0486,28.9907,19.6584,8.062,330.2339,1935,1935,"0.15,0.2,0.3,0.35,0.45",0,1.4142,0.15,0.85,"0.005,0.01,0.05,0.1,0.3","PRIDE.bug",30,1,"approx",200,1000,0,3,1000,2000,5000,2,NA,NA,NA,NA,NA,NA,NA,NA,NA,NA,NA
"Set_5dose_methods_prior","Set_5dose_methods_prior_SC1",1,"CFO","cfo_pride",NA,NA,NA,"pride",0.3,0,0.0714,28,3,1,1,4,0.22,0.271,0.0628,NA,NA,NA,11.4729,3.7426,3.7426,0.5023,28.9907,19.6584,8.062,330.2339,1935,1935,"0.15,0.2,0.3,0.35,0.45",0,1.4142,0.15,0.85,"0.005,0.01,0.05,0.1,0.3","PRIDE.bug",30,1,"approx",200,1000,0,3,1000,2000,5000,2,NA,NA,NA,NA,NA,NA,NA,NA,NA,NA,NA
"Set_5dose_methods_prior","Set_5dose_methods_prior_SC1",1,"CFO","cfo_pride",NA,NA,NA,"pride",0.3,0,0.0714,28,3,1,1,5,0.3,0.366,0.1743,NA,NA,NA,42.1189,6.0822,6.0822,2.2842,28.9907,19.6584,8.062,330.2339,1935,1935,"0.15,0.2,0.3,0.35,0.45",0,1.4142,0.15,0.85,"0.005,0.01,0.05,0.1,0.3","PRIDE.bug",30,1,"approx",200,1000,0,3,1000,2000,5000,2,NA,NA,NA,NA,NA,NA,NA,NA,NA,NA,NA
"Set_5dose_methods_prior","Set_5dose_methods_prior_SC1",1,"CFO","cfo_empirical",NA,NA,NA,"empirical",0.6,0,0.0714,28,1,1,1,1,0.07,0.07,0.0076,NA,NA,NA,0.8269,4.2419,4.2419,0,29.9473,29.9473,0.2067,437.3492,1935,1935,"0.15,0.2,0.3,0.35,0.45",0,1.4142,0.15,0.85,"0.005,0.01,0.05,0.1,0.3",NA,30,1,"approx",200,1000,0,3,1000,2000,5000,2,NA,NA,NA,NA,NA,NA,NA,NA,NA,NA,NA
"Set_5dose_methods_prior","Set_5dose_methods_prior_SC1",1,"CFO","cfo_empirical",NA,NA,NA,"empirical",0.6,0,0.0714,28,1,1,1,2,0.12,0.162,0.0273,NA,NA,NA,6.4083,5.7705,5.7705,0,29.9473,29.9473,0.2067,437.3492,1935,1935,"0.15,0.2,0.3,0.35,0.45",0,1.4142,0.15,0.85,"0.005,0.01,0.05,0.1,0.3",NA,30,1,"approx",200,1000,0,3,1000,2000,5000,2,NA,NA,NA,NA,NA,NA,NA,NA,NA,NA,NA
"Set_5dose_methods_prior","Set_5dose_methods_prior_SC1",1,"CFO","cfo_empirical",NA,NA,NA,"empirical",0.6,0,0.0714,28,1,1,1,3,0.17,0.242,0.0677,NA,NA,NA,17.8295,6.8992,6.8992,0,29.9473,29.9473,0.2067,437.3492,1935,1935,"0.15,0.2,0.3,0.35,0.45",0,1.4142,0.15,0.85,"0.005,0.01,0.05,0.1,0.3",NA,30,1,"approx",200,1000,0,3,1000,2000,5000,2,NA,NA,NA,NA,NA,NA,NA,NA,NA,NA,NA
"Set_5dose_methods_prior","Set_5dose_methods_prior_SC1",1,"CFO","cfo_empirical",NA,NA,NA,"empirical",0.6,0,0.0714,28,1,1,1,4,0.22,0.322,0.1412,NA,NA,NA,30.5943,6.5287,6.5287,0,29.9473,29.9473,0.2067,437.3492,1935,1935,"0.15,0.2,0.3,0.35,0.45",0,1.4142,0.15,0.85,"0.005,0.01,0.05,0.1,0.3",NA,30,1,"approx",200,1000,0,3,1000,2000,5000,2,NA,NA,NA,NA,NA,NA,NA,NA,NA,NA,NA
"Set_5dose_methods_prior","Set_5dose_methods_prior_SC1",1,"CFO","cfo_empirical",NA,NA,NA,"empirical",0.6,0,0.0714,28,1,1,1,5,0.3,0.432,0.2966,NA,NA,NA,44.1344,6.507,6.507,0,29.9473,29.9473,0.2067,437.3492,1935,1935,"0.15,0.2,0.3,0.35,0.45",0,1.4142,0.15,0.85,"0.005,0.01,0.05,0.1,0.3",NA,30,1,"approx",200,1000,0,3,1000,2000,5000,2,NA,NA,NA,NA,NA,NA,NA,NA,NA,NA,NA
"Set_5dose_methods_prior","Set_5dose_methods_prior_SC1",1,"CFO","cfo_pride",NA,NA,NA,"pride",0.6,0,0.0714,28,1,1,1,1,0.07,0.07,0.0247,NA,NA,NA,7.4935,7.7178,7.7178,0,28.7008,28.7008,13.8501,419.9259,1935,1935,"0.15,0.2,0.3,0.35,0.45",0,1.4142,0.15,0.85,"0.005,0.01,0.05,0.1,0.3","PRIDE.bug",30,1,"approx",200,1000,0,3,1000,2000,5000,2,NA,NA,NA,NA,NA,NA,NA,NA,NA,NA,NA
"Set_5dose_methods_prior","Set_5dose_methods_prior_SC1",1,"CFO","cfo_pride",NA,NA,NA,"pride",0.6,0,0.0714,28,1,1,1,2,0.12,0.162,0.076,NA,NA,NA,11.2661,5.6279,5.6279,0,28.7008,28.7008,13.8501,419.9259,1935,1935,"0.15,0.2,0.3,0.35,0.45",0,1.4142,0.15,0.85,"0.005,0.01,0.05,0.1,0.3","PRIDE.bug",30,1,"approx",200,1000,0,3,1000,2000,5000,2,NA,NA,NA,NA,NA,NA,NA,NA,NA,NA,NA
"Set_5dose_methods_prior","Set_5dose_methods_prior_SC1",1,"CFO","cfo_pride",NA,NA,NA,"pride",0.6,0,0.0714,28,1,1,1,3,0.17,0.242,0.089,NA,NA,NA,11.2145,4.4434,4.4434,0,28.7008,28.7008,13.8501,419.9259,1935,1935,"0.15,0.2,0.3,0.35,0.45",0,1.4142,0.15,0.85,"0.005,0.01,0.05,0.1,0.3","PRIDE.bug",30,1,"approx",200,1000,0,3,1000,2000,5000,2,NA,NA,NA,NA,NA,NA,NA,NA,NA,NA,NA
"Set_5dose_methods_prior","Set_5dose_methods_prior_SC1",1,"CFO","cfo_pride",NA,NA,NA,"pride",0.6,0,0.0714,28,1,1,1,4,0.22,0.322,0.069,NA,NA,NA,10.801,3.6744,3.6744,0,28.7008,28.7008,13.8501,419.9259,1935,1935,"0.15,0.2,0.3,0.35,0.45",0,1.4142,0.15,0.85,"0.005,0.01,0.05,0.1,0.3","PRIDE.bug",30,1,"approx",200,1000,0,3,1000,2000,5000,2,NA,NA,NA,NA,NA,NA,NA,NA,NA,NA,NA
"Set_5dose_methods_prior","Set_5dose_methods_prior_SC1",1,"CFO","cfo_pride",NA,NA,NA,"pride",0.6,0,0.0714,28,1,1,1,5,0.3,0.432,0.1078,NA,NA,NA,45.3747,7.2372,7.2372,0,28.7008,28.7008,13.8501,419.9259,1935,1935,"0.15,0.2,0.3,0.35,0.45",0,1.4142,0.15,0.85,"0.005,0.01,0.05,0.1,0.3","PRIDE.bug",30,1,"approx",200,1000,0,3,1000,2000,5000,2,NA,NA,NA,NA,NA,NA,NA,NA,NA,NA,NA
"Set_5dose_methods_prior","Set_5dose_methods_prior_SC1",1,"CFO","cfo_empirical",NA,NA,NA,"empirical",0.6,0,0.0714,28,2,1,1,1,0.07,0.07,0.01,NA,NA,NA,1.447,4.414,4.414,0,29.9473,22.3059,0.2067,355.026,1935,1935,"0.15,0.2,0.3,0.35,0.45",0,1.4142,0.15,0.85,"0.005,0.01,0.05,0.1,0.3",NA,30,1,"approx",200,1000,0,3,1000,2000,5000,2,NA,NA,NA,NA,NA,NA,NA,NA,NA,NA,NA
"Set_5dose_methods_prior","Set_5dose_methods_prior_SC1",1,"CFO","cfo_empirical",NA,NA,NA,"empirical",0.6,0,0.0714,28,2,1,1,2,0.12,0.162,0.0447,NA,NA,NA,10.3359,6.9612,6.9612,3.2904,29.9473,22.3059,0.2067,355.026,1935,1935,"0.15,0.2,0.3,0.35,0.45",0,1.4142,0.15,0.85,"0.005,0.01,0.05,0.1,0.3",NA,30,1,"approx",200,1000,0,3,1000,2000,5000,2,NA,NA,NA,NA,NA,NA,NA,NA,NA,NA,NA
"Set_5dose_methods_prior","Set_5dose_methods_prior_SC1",1,"CFO","cfo_empirical",NA,NA,NA,"empirical",0.6,0,0.0714,28,2,1,1,3,0.17,0.242,0.0934,NA,NA,NA,24.4961,7.4543,7.4543,1.2884,29.9473,22.3059,0.2067,355.026,1935,1935,"0.15,0.2,0.3,0.35,0.45",0,1.4142,0.15,0.85,"0.005,0.01,0.05,0.1,0.3",NA,30,1,"approx",200,1000,0,3,1000,2000,5000,2,NA,NA,NA,NA,NA,NA,NA,NA,NA,NA,NA
"Set_5dose_methods_prior","Set_5dose_methods_prior_SC1",1,"CFO","cfo_empirical",NA,NA,NA,"empirical",0.6,0,0.0714,28,2,1,1,4,0.22,0.322,0.1901,NA,NA,NA,35.5556,6.8512,6.8512,2.1736,29.9473,22.3059,0.2067,355.026,1935,1935,"0.15,0.2,0.3,0.35,0.45",0,1.4142,0.15,0.85,"0.005,0.01,0.05,0.1,0.3",NA,30,1,"approx",200,1000,0,3,1000,2000,5000,2,NA,NA,NA,NA,NA,NA,NA,NA,NA,NA,NA
"Set_5dose_methods_prior","Set_5dose_methods_prior_SC1",1,"CFO","cfo_empirical",NA,NA,NA,"empirical",0.6,0,0.0714,28,2,1,1,5,0.3,0.432,0.3289,NA,NA,NA,27.9587,4.2667,4.2667,0.8889,29.9473,22.3059,0.2067,355.026,1935,1935,"0.15,0.2,0.3,0.35,0.45",0,1.4142,0.15,0.85,"0.005,0.01,0.05,0.1,0.3",NA,30,1,"approx",200,1000,0,3,1000,2000,5000,2,NA,NA,NA,NA,NA,NA,NA,NA,NA,NA,NA
"Set_5dose_methods_prior","Set_5dose_methods_prior_SC1",1,"CFO","cfo_pride",NA,NA,NA,"pride",0.6,0,0.0714,28,2,1,1,1,0.07,0.07,0.0443,NA,NA,NA,15.4005,8.3039,8.3039,0,29.0217,21.7147,7.2868,346.0378,1935,1935,"0.15,0.2,0.3,0.35,0.45",0,1.4142,0.15,0.85,"0.005,0.01,0.05,0.1,0.3","PRIDE.bug",30,1,"approx",200,1000,0,3,1000,2000,5000,2,NA,NA,NA,NA,NA,NA,NA,NA,NA,NA,NA
"Set_5dose_methods_prior","Set_5dose_methods_prior_SC1",1,"CFO","cfo_pride",NA,NA,NA,"pride",0.6,0,0.0714,28,2,1,1,2,0.12,0.162,0.1136,NA,NA,NA,11.938,6.8295,6.8295,3.4667,29.0217,21.7147,7.2868,346.0378,1935,1935,"0.15,0.2,0.3,0.35,0.45",0,1.4142,0.15,0.85,"0.005,0.01,0.05,0.1,0.3","PRIDE.bug",30,1,"approx",200,1000,0,3,1000,2000,5000,2,NA,NA,NA,NA,NA,NA,NA,NA,NA,NA,NA
"Set_5dose_methods_prior","Set_5dose_methods_prior_SC1",1,"CFO","cfo_pride",NA,NA,NA,"pride",0.6,0,0.0714,28,2,1,1,3,0.17,0.242,0.1022,NA,NA,NA,15.5556,4.5922,4.5922,1.016,29.0217,21.7147,7.2868,346.0378,1935,1935,"0.15,0.2,0.3,0.35,0.45",0,1.4142,0.15,0.85,"0.005,0.01,0.05,0.1,0.3","PRIDE.bug",30,1,"approx",200,1000,0,3,1000,2000,5000,2,NA,NA,NA,NA,NA,NA,NA,NA,NA,NA,NA
"Set_5dose_methods_prior","Set_5dose_methods_prior_SC1",1,"CFO","cfo_pride",NA,NA,NA,"pride",0.6,0,0.0714,28,2,1,1,4,0.22,0.322,0.1223,NA,NA,NA,14.522,4.0636,4.0636,2.1902,29.0217,21.7147,7.2868,346.0378,1935,1935,"0.15,0.2,0.3,0.35,0.45",0,1.4142,0.15,0.85,"0.005,0.01,0.05,0.1,0.3","PRIDE.bug",30,1,"approx",200,1000,0,3,1000,2000,5000,2,NA,NA,NA,NA,NA,NA,NA,NA,NA,NA,NA
"Set_5dose_methods_prior","Set_5dose_methods_prior_SC1",1,"CFO","cfo_pride",NA,NA,NA,"pride",0.6,0,0.0714,28,2,1,1,5,0.3,0.432,0.1353,NA,NA,NA,35.2972,5.2326,5.2326,0.6341,29.0217,21.7147,7.2868,346.0378,1935,1935,"0.15,0.2,0.3,0.35,0.45",0,1.4142,0.15,0.85,"0.005,0.01,0.05,0.1,0.3","PRIDE.bug",30,1,"approx",200,1000,0,3,1000,2000,5000,2,NA,NA,NA,NA,NA,NA,NA,NA,NA,NA,NA
"Set_5dose_methods_prior","Set_5dose_methods_prior_SC1",1,"CFO","cfo_empirical",NA,NA,NA,"empirical",0.6,0,0.0714,28,3,1,1,1,0.07,0.07,0.0105,NA,NA,NA,1.447,4.414,4.414,0,29.9473,20.5121,0.2067,341.2871,1935,1935,"0.15,0.2,0.3,0.35,0.45",0,1.4142,0.15,0.85,"0.005,0.01,0.05,0.1,0.3",NA,30,1,"approx",200,1000,0,3,1000,2000,5000,2,NA,NA,NA,NA,NA,NA,NA,NA,NA,NA,NA
"Set_5dose_methods_prior","Set_5dose_methods_prior_SC1",1,"CFO","cfo_empirical",NA,NA,NA,"empirical",0.6,0,0.0714,28,3,1,1,2,0.12,0.162,0.0473,NA,NA,NA,11.7829,7.2248,7.2248,3.2972,29.9473,20.5121,0.2067,341.2871,1935,1935,"0.15,0.2,0.3,0.35,0.45",0,1.4142,0.15,0.85,"0.005,0.01,0.05,0.1,0.3",NA,30,1,"approx",200,1000,0,3,1000,2000,5000,2,NA,NA,NA,NA,NA,NA,NA,NA,NA,NA,NA
"Set_5dose_methods_prior","Set_5dose_methods_prior_SC1",1,"CFO","cfo_empirical",NA,NA,NA,"empirical",0.6,0,0.0714,28,3,1,1,3,0.17,0.242,0.1117,NA,NA,NA,26.6667,8.2124,8.2124,3.415,29.9473,20.5121,0.2067,341.2871,1935,1935,"0.15,0.2,0.3,0.35,0.45",0,1.4142,0.15,0.85,"0.005,0.01,0.05,0.1,0.3",NA,30,1,"approx",200,1000,0,3,1000,2000,5000,2,NA,NA,NA,NA,NA,NA,NA,NA,NA,NA,NA
"Set_5dose_methods_prior","Set_5dose_methods_prior_SC1",1,"CFO","cfo_empirical",NA,NA,NA,"empirical",0.6,0,0.0714,28,3,1,1,4,0.22,0.322,0.1866,NA,NA,NA,32.9199,5.8171,5.8171,1.3292,29.9473,20.5121,0.2067,341.2871,1935,1935,"0.15,0.2,0.3,0.35,0.45",0,1.4142,0.15,0.85,"0.005,0.01,0.05,0.1,0.3",NA,30,1,"approx",200,1000,0,3,1000,2000,5000,2,NA,NA,NA,NA,NA,NA,NA,NA,NA,NA,NA
"Set_5dose_methods_prior","Set_5dose_methods_prior_SC1",1,"CFO","cfo_empirical",NA,NA,NA,"empirical",0.6,0,0.0714,28,3,1,1,5,0.3,0.432,0.3299,NA,NA,NA,26.9767,4.2791,4.2791,1.3938,29.9473,20.5121,0.2067,341.2871,1935,1935,"0.15,0.2,0.3,0.35,0.45",0,1.4142,0.15,0.85,"0.005,0.01,0.05,0.1,0.3",NA,30,1,"approx",200,1000,0,3,1000,2000,5000,2,NA,NA,NA,NA,NA,NA,NA,NA,NA,NA,NA
"Set_5dose_methods_prior","Set_5dose_methods_prior_SC1",1,"CFO","cfo_pride",NA,NA,NA,"pride",0.6,0,0.0714,28,3,1,1,1,0.07,0.07,0.0421,NA,NA,NA,14.5736,8.2047,8.2047,0,28.9721,19.8413,8.1654,331.583,1935,1935,"0.15,0.2,0.3,0.35,0.45",0,1.4142,0.15,0.85,"0.005,0.01,0.05,0.1,0.3","PRIDE.bug",30,1,"approx",200,1000,0,3,1000,2000,5000,2,NA,NA,NA,NA,NA,NA,NA,NA,NA,NA,NA
"Set_5dose_methods_prior","Set_5dose_methods_prior_SC1",1,"CFO","cfo_pride",NA,NA,NA,"pride",0.6,0,0.0714,28,3,1,1,2,0.12,0.162,0.1117,NA,NA,NA,13.1266,7.2434,7.2434,3.4739,28.9721,19.8413,8.1654,331.583,1935,1935,"0.15,0.2,0.3,0.35,0.45",0,1.4142,0.15,0.85,"0.005,0.01,0.05,0.1,0.3","PRIDE.bug",30,1,"approx",200,1000,0,3,1000,2000,5000,2,NA,NA,NA,NA,NA,NA,NA,NA,NA,NA,NA
"Set_5dose_methods_prior","Set_5dose_methods_prior_SC1",1,"CFO","cfo_pride",NA,NA,NA,"pride",0.6,0,0.0714,28,3,1,1,3,0.17,0.242,0.1297,NA,NA,NA,13.9018,4.6481,4.6481,2.9318,28.9721,19.8413,8.1654,331.583,1935,1935,"0.15,0.2,0.3,0.35,0.45",0,1.4142,0.15,0.85,"0.005,0.01,0.05,0.1,0.3","PRIDE.bug",30,1,"approx",200,1000,0,3,1000,2000,5000,2,NA,NA,NA,NA,NA,NA,NA,NA,NA,NA,NA
"Set_5dose_methods_prior","Set_5dose_methods_prior_SC1",1,"CFO","cfo_pride",NA,NA,NA,"pride",0.6,0,0.0714,28,3,1,1,4,0.22,0.322,0.0839,NA,NA,NA,15.0388,3.9209,3.9209,0.5545,28.9721,19.8413,8.1654,331.583,1935,1935,"0.15,0.2,0.3,0.35,0.45",0,1.4142,0.15,0.85,"0.005,0.01,0.05,0.1,0.3","PRIDE.bug",30,1,"approx",200,1000,0,3,1000,2000,5000,2,NA,NA,NA,NA,NA,NA,NA,NA,NA,NA,NA
"Set_5dose_methods_prior","Set_5dose_methods_prior_SC1",1,"CFO","cfo_pride",NA,NA,NA,"pride",0.6,0,0.0714,28,3,1,1,5,0.3,0.432,0.2248,NA,NA,NA,35.1938,4.955,4.955,2.1705,28.9721,19.8413,8.1654,331.583,1935,1935,"0.15,0.2,0.3,0.35,0.45",0,1.4142,0.15,0.85,"0.005,0.01,0.05,0.1,0.3","PRIDE.bug",30,1,"approx",200,1000,0,3,1000,2000,5000,2,NA,NA,NA,NA,NA,NA,NA,NA,NA,NA,NA
"Set_5dose_methods_prior","Set_5dose_methods_prior_SC1",1,"CFO","cfo_empirical",NA,NA,NA,"empirical",0.9,0,0.0714,28,1,1,1,1,0.07,0.07,0.0076,NA,NA,NA,0.8269,4.2419,4.2419,0,29.9473,29.9473,0.2067,437.3492,1935,1935,"0.15,0.2,0.3,0.35,0.45",0,1.4142,0.15,0.85,"0.005,0.01,0.05,0.1,0.3",NA,30,1,"approx",200,1000,0,3,1000,2000,5000,2,NA,NA,NA,NA,NA,NA,NA,NA,NA,NA,NA
"Set_5dose_methods_prior","Set_5dose_methods_prior_SC1",1,"CFO","cfo_empirical",NA,NA,NA,"empirical",0.9,0,0.0714,28,1,1,1,2,0.12,0.183,0.0273,NA,NA,NA,6.4083,5.7705,5.7705,0,29.9473,29.9473,0.2067,437.3492,1935,1935,"0.15,0.2,0.3,0.35,0.45",0,1.4142,0.15,0.85,"0.005,0.01,0.05,0.1,0.3",NA,30,1,"approx",200,1000,0,3,1000,2000,5000,2,NA,NA,NA,NA,NA,NA,NA,NA,NA,NA,NA
"Set_5dose_methods_prior","Set_5dose_methods_prior_SC1",1,"CFO","cfo_empirical",NA,NA,NA,"empirical",0.9,0,0.0714,28,1,1,1,3,0.17,0.278,0.0677,NA,NA,NA,17.8295,6.8992,6.8992,0,29.9473,29.9473,0.2067,437.3492,1935,1935,"0.15,0.2,0.3,0.35,0.45",0,1.4142,0.15,0.85,"0.005,0.01,0.05,0.1,0.3",NA,30,1,"approx",200,1000,0,3,1000,2000,5000,2,NA,NA,NA,NA,NA,NA,NA,NA,NA,NA,NA
"Set_5dose_methods_prior","Set_5dose_methods_prior_SC1",1,"CFO","cfo_empirical",NA,NA,NA,"empirical",0.9,0,0.0714,28,1,1,1,4,0.22,0.373,0.1412,NA,NA,NA,30.5943,6.5287,6.5287,0,29.9473,29.9473,0.2067,437.3492,1935,1935,"0.15,0.2,0.3,0.35,0.45",0,1.4142,0.15,0.85,"0.005,0.01,0.05,0.1,0.3",NA,30,1,"approx",200,1000,0,3,1000,2000,5000,2,NA,NA,NA,NA,NA,NA,NA,NA,NA,NA,NA
"Set_5dose_methods_prior","Set_5dose_methods_prior_SC1",1,"CFO","cfo_empirical",NA,NA,NA,"empirical",0.9,0,0.0714,28,1,1,1,5,0.3,0.498,0.2966,NA,NA,NA,44.1344,6.507,6.507,0,29.9473,29.9473,0.2067,437.3492,1935,1935,"0.15,0.2,0.3,0.35,0.45",0,1.4142,0.15,0.85,"0.005,0.01,0.05,0.1,0.3",NA,30,1,"approx",200,1000,0,3,1000,2000,5000,2,NA,NA,NA,NA,NA,NA,NA,NA,NA,NA,NA
"Set_5dose_methods_prior","Set_5dose_methods_prior_SC1",1,"CFO","cfo_pride",NA,NA,NA,"pride",0.9,0,0.0714,28,1,1,1,1,0.07,0.07,0.0256,NA,NA,NA,7.7519,7.7798,7.7798,0,28.7163,28.7163,13.6434,420.2101,1935,1935,"0.15,0.2,0.3,0.35,0.45",0,1.4142,0.15,0.85,"0.005,0.01,0.05,0.1,0.3","PRIDE.bug",30,1,"approx",200,1000,0,3,1000,2000,5000,2,NA,NA,NA,NA,NA,NA,NA,NA,NA,NA,NA
"Set_5dose_methods_prior","Set_5dose_methods_prior_SC1",1,"CFO","cfo_pride",NA,NA,NA,"pride",0.9,0,0.0714,28,1,1,1,2,0.12,0.183,0.0764,NA,NA,NA,11.2661,5.6574,5.6574,0,28.7163,28.7163,13.6434,420.2101,1935,1935,"0.15,0.2,0.3,0.35,0.45",0,1.4142,0.15,0.85,"0.005,0.01,0.05,0.1,0.3","PRIDE.bug",30,1,"approx",200,1000,0,3,1000,2000,5000,2,NA,NA,NA,NA,NA,NA,NA,NA,NA,NA,NA
"Set_5dose_methods_prior","Set_5dose_methods_prior_SC1",1,"CFO","cfo_pride",NA,NA,NA,"pride",0.9,0,0.0714,28,1,1,1,3,0.17,0.278,0.0879,NA,NA,NA,11.2145,4.4372,4.4372,0,28.7163,28.7163,13.6434,420.2101,1935,1935,"0.15,0.2,0.3,0.35,0.45",0,1.4142,0.15,0.85,"0.005,0.01,0.05,0.1,0.3","PRIDE.bug",30,1,"approx",200,1000,0,3,1000,2000,5000,2,NA,NA,NA,NA,NA,NA,NA,NA,NA,NA,NA
"Set_5dose_methods_prior","Set_5dose_methods_prior_SC1",1,"CFO","cfo_pride",NA,NA,NA,"pride",0.9,0,0.0714,28,1,1,1,4,0.22,0.373,0.069,NA,NA,NA,10.801,3.6109,3.6109,0,28.7163,28.7163,13.6434,420.2101,1935,1935,"0.15,0.2,0.3,0.35,0.45",0,1.4142,0.15,0.85,"0.005,0.01,0.05,0.1,0.3","PRIDE.bug",30,1,"approx",200,1000,0,3,1000,2000,5000,2,NA,NA,NA,NA,NA,NA,NA,NA,NA,NA,NA
"Set_5dose_methods_prior","Set_5dose_methods_prior_SC1",1,"CFO","cfo_pride",NA,NA,NA,"pride",0.9,0,0.0714,28,1,1,1,5,0.3,0.498,0.1084,NA,NA,NA,45.323,7.231,7.231,0,28.7163,28.7163,13.6434,420.2101,1935,1935,"0.15,0.2,0.3,0.35,0.45",0,1.4142,0.15,0.85,"0.005,0.01,0.05,0.1,0.3","PRIDE.bug",30,1,"approx",200,1000,0,3,1000,2000,5000,2,NA,NA,NA,NA,NA,NA,NA,NA,NA,NA,NA
"Set_5dose_methods_prior","Set_5dose_methods_prior_SC1",1,"CFO","cfo_empirical",NA,NA,NA,"empirical",0.9,0,0.0714,28,2,1,1,1,0.07,0.07,0.0116,NA,NA,NA,1.9638,4.5194,4.5194,0,29.9473,22.263,0.2067,355.0061,1935,1935,"0.15,0.2,0.3,0.35,0.45",0,1.4142,0.15,0.85,"0.005,0.01,0.05,0.1,0.3",NA,30,1,"approx",200,1000,0,3,1000,2000,5000,2,NA,NA,NA,NA,NA,NA,NA,NA,NA,NA,NA
"Set_5dose_methods_prior","Set_5dose_methods_prior_SC1",1,"CFO","cfo_empirical",NA,NA,NA,"empirical",0.9,0,0.0714,28,2,1,1,2,0.12,0.183,0.0529,NA,NA,NA,12.8682,7.5426,7.5426,3.3297,29.9473,22.263,0.2067,355.0061,1935,1935,"0.15,0.2,0.3,0.35,0.45",0,1.4142,0.15,0.85,"0.005,0.01,0.05,0.1,0.3",NA,30,1,"approx",200,1000,0,3,1000,2000,5000,2,NA,NA,NA,NA,NA,NA,NA,NA,NA,NA,NA
"Set_5dose_methods_prior","Set_5dose_methods_prior_SC1",1,"CFO","cfo_empirical",NA,NA,NA,"empirical",0.9,0,0.0714,28,2,1,1,3,0.17,0.278,0.1056,NA,NA,NA,26.3566,7.5798,7.5798,1.4553,29.9473,22.263,0.2067,355.0061,1935,1935,"0.15,0.2,0.3,0.35,0.45",0,1.4142,0.15,0.85,"0.005,0.01,0.05,0.1,0.3",NA,30,1,"approx",200,1000,0,3,1000,2000,5000,2,NA,NA,NA,NA,NA,NA,NA,NA,NA,NA,NA
"Set_5dose_methods_prior","Set_5dose_methods_prior_SC1",1,"CFO","cfo_empirical",NA,NA,NA,"empirical",0.9,0,0.0714,28,2,1,1,4,0.22,0.373,0.2071,NA,NA,NA,36.4341,6.8481,6.8481,2.0941,29.9473,22.263,0.2067,355.0061,1935,1935,"0.15,0.2,0.3,0.35,0.45",0,1.4142,0.15,0.85,"0.005,0.01,0.05,0.1,0.3",NA,30,1,"approx",200,1000,0,3,1000,2000,5000,2,NA,NA,NA,NA,NA,NA,NA,NA,NA,NA,NA
"Set_5dose_methods_prior","Set_5dose_methods_prior_SC1",1,"CFO","cfo_empirical",NA,NA,NA,"empirical",0.9,0,0.0714,28,2,1,1,5,0.3,0.498,0.3385,NA,NA,NA,22.1705,3.4574,3.4574,0.8052,29.9473,22.263,0.2067,355.0061,1935,1935,"0.15,0.2,0.3,0.35,0.45",0,1.4142,0.15,0.85,"0.005,0.01,0.05,0.1,0.3",NA,30,1,"approx",200,1000,0,3,1000,2000,5000,2,NA,NA,NA,NA,NA,NA,NA,NA,NA,NA,NA
"Set_5dose_methods_prior","Set_5dose_methods_prior_SC1",1,"CFO","cfo_pride",NA,NA,NA,"pride",0.9,0,0.0714,28,2,1,1,1,0.07,0.07,0.0433,NA,NA,NA,15.8656,8.6155,8.6155,0,29.0248,21.7705,7.8036,346.9303,1935,1935,"0.15,0.2,0.3,0.35,0.45",0,1.4142,0.15,0.85,"0.005,0.01,0.05,0.1,0.3","PRIDE.bug",30,1,"approx",200,1000,0,3,1000,2000,5000,2,NA,NA,NA,NA,NA,NA,NA,NA,NA,NA,NA
"Set_5dose_methods_prior","Set_5dose_methods_prior_SC1",1,"CFO","cfo_pride",NA,NA,NA,"pride",0.9,0,0.0714,28,2,1,1,2,0.12,0.183,0.1218,NA,NA,NA,12.5065,7.0698,7.0698,3.4755,29.0248,21.7705,7.8036,346.9303,1935,1935,"0.15,0.2,0.3,0.35,0.45",0,1.4142,0.15,0.85,"0.005,0.01,0.05,0.1,0.3","PRIDE.bug",30,1,"approx",200,1000,0,3,1000,2000,5000,2,NA,NA,NA,NA,NA,NA,NA,NA,NA,NA,NA
"Set_5dose_methods_prior","Set_5dose_methods_prior_SC1",1,"CFO","cfo_pride",NA,NA,NA,"pride",0.9,0,0.0714,28,2,1,1,3,0.17,0.278,0.1098,NA,NA,NA,18.6047,4.8977,4.8977,1.0382,29.0248,21.7705,7.8036,346.9303,1935,1935,"0.15,0.2,0.3,0.35,0.45",0,1.4142,0.15,0.85,"0.005,0.01,0.05,0.1,0.3","PRIDE.bug",30,1,"approx",200,1000,0,3,1000,2000,5000,2,NA,NA,NA,NA,NA,NA,NA,NA,NA,NA,NA
"Set_5dose_methods_prior","Set_5dose_methods_prior_SC1",1,"CFO","cfo_pride",NA,NA,NA,"pride",0.9,0,0.0714,28,2,1,1,4,0.22,0.373,0.146,NA,NA,NA,15.969,4.1318,4.1318,2.1065,29.0248,21.7705,7.8036,346.9303,1935,1935,"0.15,0.2,0.3,0.35,0.45",0,1.4142,0.15,0.85,"0.005,0.01,0.05,0.1,0.3","PRIDE.bug",30,1,"approx",200,1000,0,3,1000,2000,5000,2,NA,NA,NA,NA,NA,NA,NA,NA,NA,NA,NA
"Set_5dose_methods_prior","Set_5dose_methods_prior_SC1",1,"CFO","cfo_pride",NA,NA,NA,"pride",0.9,0,0.0714,28,2,1,1,5,0.3,0.498,0.1764,NA,NA,NA,29.2506,4.3101,4.3101,0.6341,29.0248,21.7705,7.8036,346.9303,1935,1935,"0.15,0.2,0.3,0.35,0.45",0,1.4142,0.15,0.85,"0.005,0.01,0.05,0.1,0.3","PRIDE.bug",30,1,"approx",200,1000,0,3,1000,2000,5000,2,NA,NA,NA,NA,NA,NA,NA,NA,NA,NA,NA
"Set_5dose_methods_prior","Set_5dose_methods_prior_SC1",1,"CFO","cfo_empirical",NA,NA,NA,"empirical",0.9,0,0.0714,28,3,1,1,1,0.07,0.07,0.0126,NA,NA,NA,1.9638,4.5209,4.5209,0,29.9473,20.5385,0.2067,342.3,1935,1935,"0.15,0.2,0.3,0.35,0.45",0,1.4142,0.15,0.85,"0.005,0.01,0.05,0.1,0.3",NA,30,1,"approx",200,1000,0,3,1000,2000,5000,2,NA,NA,NA,NA,NA,NA,NA,NA,NA,NA,NA
"Set_5dose_methods_prior","Set_5dose_methods_prior_SC1",1,"CFO","cfo_empirical",NA,NA,NA,"empirical",0.9,0,0.0714,28,3,1,1,2,0.12,0.183,0.0564,NA,NA,NA,14.8837,7.907,7.907,3.3452,29.9473,20.5385,0.2067,342.3,1935,1935,"0.15,0.2,0.3,0.35,0.45",0,1.4142,0.15,0.85,"0.005,0.01,0.05,0.1,0.3",NA,30,1,"approx",200,1000,0,3,1000,2000,5000,2,NA,NA,NA,NA,NA,NA,NA,NA,NA,NA,NA
"Set_5dose_methods_prior","Set_5dose_methods_prior_SC1",1,"CFO","cfo_empirical",NA,NA,NA,"empirical",0.9,0,0.0714,28,3,1,1,3,0.17,0.278,0.1325,NA,NA,NA,30.2326,8.6837,8.6837,3.5116,29.9473,20.5385,0.2067,342.3,1935,1935,"0.15,0.2,0.3,0.35,0.45",0,1.4142,0.15,0.85,"0.005,0.01,0.05,0.1,0.3",NA,30,1,"approx",200,1000,0,3,1000,2000,5000,2,NA,NA,NA,NA,NA,NA,NA,NA,NA,NA,NA
"Set_5dose_methods_prior","Set_5dose_methods_prior_SC1",1,"CFO","cfo_empirical",NA,NA,NA,"empirical",0.9,0,0.0714,28,3,1,1,4,0.22,0.373,0.2059,NA,NA,NA,32.3514,5.4248,5.4248,1.4057,29.9473,20.5385,0.2067,342.3,1935,1935,"0.15,0.2,0.3,0.35,0.45",0,1.4142,0.15,0.85,"0.005,0.01,0.05,0.1,0.3",NA,30,1,"approx",200,1000,0,3,1000,2000,5000,2,NA,NA,NA,NA,NA,NA,NA,NA,NA,NA,NA
"Set_5dose_methods_prior","Set_5dose_methods_prior_SC1",1,"CFO","cfo_empirical",NA,NA,NA,"empirical",0.9,0,0.0714,28,3,1,1,5,0.3,0.498,0.3551,NA,NA,NA,20.3618,3.4109,3.4109,1.1463,29.9473,20.5385,0.2067,342.3,1935,1935,"0.15,0.2,0.3,0.35,0.45",0,1.4142,0.15,0.85,"0.005,0.01,0.05,0.1,0.3",NA,30,1,"approx",200,1000,0,3,1000,2000,5000,2,NA,NA,NA,NA,NA,NA,NA,NA,NA,NA,NA
"Set_5dose_methods_prior","Set_5dose_methods_prior_SC1",1,"CFO","cfo_pride",NA,NA,NA,"pride",0.9,0,0.0714,28,3,1,1,1,0.07,0.07,0.0427,NA,NA,NA,15.6589,8.5612,8.5612,0,29.0031,20.0817,7.9587,333.3908,1935,1935,"0.15,0.2,0.3,0.35,0.45",0,1.4142,0.15,0.85,"0.005,0.01,0.05,0.1,0.3","PRIDE.bug",30,1,"approx",200,1000,0,3,1000,2000,5000,2,NA,NA,NA,NA,NA,NA,NA,NA,NA,NA,NA
"Set_5dose_methods_prior","Set_5dose_methods_prior_SC1",1,"CFO","cfo_pride",NA,NA,NA,"pride",0.9,0,0.0714,28,3,1,1,2,0.12,0.183,0.1225,NA,NA,NA,14.9354,7.8031,7.8031,3.4941,29.0031,20.0817,7.9587,333.3908,1935,1935,"0.15,0.2,0.3,0.35,0.45",0,1.4142,0.15,0.85,"0.005,0.01,0.05,0.1,0.3","PRIDE.bug",30,1,"approx",200,1000,0,3,1000,2000,5000,2,NA,NA,NA,NA,NA,NA,NA,NA,NA,NA,NA
"Set_5dose_methods_prior","Set_5dose_methods_prior_SC1",1,"CFO","cfo_pride",NA,NA,NA,"pride",0.9,0,0.0714,28,3,1,1,3,0.17,0.278,0.154,NA,NA,NA,15.7623,4.814,4.814,2.9054,29.0031,20.0817,7.9587,333.3908,1935,1935,"0.15,0.2,0.3,0.35,0.45",0,1.4142,0.15,0.85,"0.005,0.01,0.05,0.1,0.3","PRIDE.bug",30,1,"approx",200,1000,0,3,1000,2000,5000,2,NA,NA,NA,NA,NA,NA,NA,NA,NA,NA,NA
"Set_5dose_methods_prior","Set_5dose_methods_prior_SC1",1,"CFO","cfo_pride",NA,NA,NA,"pride",0.9,0,0.0714,28,3,1,1,4,0.22,0.373,0.1016,NA,NA,NA,17.5194,3.8961,3.8961,0.6367,29.0031,20.0817,7.9587,333.3908,1935,1935,"0.15,0.2,0.3,0.35,0.45",0,1.4142,0.15,0.85,"0.005,0.01,0.05,0.1,0.3","PRIDE.bug",30,1,"approx",200,1000,0,3,1000,2000,5000,2,NA,NA,NA,NA,NA,NA,NA,NA,NA,NA,NA
"Set_5dose_methods_prior","Set_5dose_methods_prior_SC1",1,"CFO","cfo_pride",NA,NA,NA,"pride",0.9,0,0.0714,28,3,1,1,5,0.3,0.498,0.2618,NA,NA,NA,28.1654,3.9287,3.9287,1.8853,29.0031,20.0817,7.9587,333.3908,1935,1935,"0.15,0.2,0.3,0.35,0.45",0,1.4142,0.15,0.85,"0.005,0.01,0.05,0.1,0.3","PRIDE.bug",30,1,"approx",200,1000,0,3,1000,2000,5000,2,NA,NA,NA,NA,NA,NA,NA,NA,NA,NA,NA
"Set_5dose_methods_prior","Set_5dose_methods_prior_SC2",2,"CFO","cfo_empirical",NA,NA,NA,"empirical",0,0,0.0714,28,1,1,1,1,0.05,0.05,0.0051,NA,NA,NA,0.155,3.6992,3.6992,0,29.986,29.986,0.0517,437.8742,1935,1935,"0.15,0.2,0.3,0.35,0.45",0,1.4142,0.15,0.85,"0.005,0.01,0.05,0.1,0.3",NA,30,1,"approx",200,1000,0,3,1000,2000,5000,2,NA,NA,NA,NA,NA,NA,NA,NA,NA,NA,NA
"Set_5dose_methods_prior","Set_5dose_methods_prior_SC2",2,"CFO","cfo_empirical",NA,NA,NA,"empirical",0,0,0.0714,28,1,1,1,2,0.1,0.1,0.0251,NA,NA,NA,5.2713,5.3953,5.3953,0,29.986,29.986,0.0517,437.8742,1935,1935,"0.15,0.2,0.3,0.35,0.45",0,1.4142,0.15,0.85,"0.005,0.01,0.05,0.1,0.3",NA,30,1,"approx",200,1000,0,3,1000,2000,5000,2,NA,NA,NA,NA,NA,NA,NA,NA,NA,NA,NA
"Set_5dose_methods_prior","Set_5dose_methods_prior_SC2",2,"CFO","cfo_empirical",NA,NA,NA,"empirical",0,0,0.0714,28,1,1,1,3,0.18,0.18,0.0927,NA,NA,NA,27.7519,8.5612,8.5612,0,29.986,29.986,0.0517,437.8742,1935,1935,"0.15,0.2,0.3,0.35,0.45",0,1.4142,0.15,0.85,"0.005,0.01,0.05,0.1,0.3",NA,30,1,"approx",200,1000,0,3,1000,2000,5000,2,NA,NA,NA,NA,NA,NA,NA,NA,NA,NA,NA
"Set_5dose_methods_prior","Set_5dose_methods_prior_SC2",2,"CFO","cfo_empirical",NA,NA,NA,"empirical",0,0,0.0714,28,1,1,1,4,0.3,0.3,0.2258,NA,NA,NA,44.4444,8.2093,8.2093,0,29.986,29.986,0.0517,437.8742,1935,1935,"0.15,0.2,0.3,0.35,0.45",0,1.4142,0.15,0.85,"0.005,0.01,0.05,0.1,0.3",NA,30,1,"approx",200,1000,0,3,1000,2000,5000,2,NA,NA,NA,NA,NA,NA,NA,NA,NA,NA,NA
"Set_5dose_methods_prior","Set_5dose_methods_prior_SC2",2,"CFO","cfo_empirical",NA,NA,NA,"empirical",0,0,0.0714,28,1,1,1,5,0.4,0.4,0.3769,NA,NA,NA,22.3256,4.1209,4.1209,0,29.986,29.986,0.0517,437.8742,1935,1935,"0.15,0.2,0.3,0.35,0.45",0,1.4142,0.15,0.85,"0.005,0.01,0.05,0.1,0.3",NA,30,1,"approx",200,1000,0,3,1000,2000,5000,2,NA,NA,NA,NA,NA,NA,NA,NA,NA,NA,NA
"Set_5dose_methods_prior","Set_5dose_methods_prior_SC2",2,"CFO","cfo_pride",NA,NA,NA,"pride",0,0,0.0714,28,1,1,1,1,0.05,0.05,0.0213,NA,NA,NA,6.8217,7.0496,7.0496,0,29.2124,29.2124,8.7855,427.1179,1935,1935,"0.15,0.2,0.3,0.35,0.45",0,1.4142,0.15,0.85,"0.005,0.01,0.05,0.1,0.3","PRIDE.bug",30,1,"approx",200,1000,0,3,1000,2000,5000,2,NA,NA,NA,NA,NA,NA,NA,NA,NA,NA,NA
"Set_5dose_methods_prior","Set_5dose_methods_prior_SC2",2,"CFO","cfo_pride",NA,NA,NA,"pride",0,0,0.0714,28,1,1,1,2,0.1,0.1,0.0714,NA,NA,NA,13.1266,6.3535,6.3535,0,29.2124,29.2124,8.7855,427.1179,1935,1935,"0.15,0.2,0.3,0.35,0.45",0,1.4142,0.15,0.85,"0.005,0.01,0.05,0.1,0.3","PRIDE.bug",30,1,"approx",200,1000,0,3,1000,2000,5000,2,NA,NA,NA,NA,NA,NA,NA,NA,NA,NA,NA
"Set_5dose_methods_prior","Set_5dose_methods_prior_SC2",2,"CFO","cfo_pride",NA,NA,NA,"pride",0,0,0.0714,28,1,1,1,3,0.18,0.18,0.1152,NA,NA,NA,19.6899,6.3953,6.3953,0,29.2124,29.2124,8.7855,427.1179,1935,1935,"0.15,0.2,0.3,0.35,0.45",0,1.4142,0.15,0.85,"0.005,0.01,0.05,0.1,0.3","PRIDE.bug",30,1,"approx",200,1000,0,3,1000,2000,5000,2,NA,NA,NA,NA,NA,NA,NA,NA,NA,NA,NA
"Set_5dose_methods_prior","Set_5dose_methods_prior_SC2",2,"CFO","cfo_pride",NA,NA,NA,"pride",0,0,0.0714,28,1,1,1,4,0.3,0.3,0.1658,NA,NA,NA,20.4651,4.5256,4.5256,0,29.2124,29.2124,8.7855,427.1179,1935,1935,"0.15,0.2,0.3,0.35,0.45",0,1.4142,0.15,0.85,"0.005,0.01,0.05,0.1,0.3","PRIDE.bug",30,1,"approx",200,1000,0,3,1000,2000,5000,2,NA,NA,NA,NA,NA,NA,NA,NA,NA,NA,NA
"Set_5dose_methods_prior","Set_5dose_methods_prior_SC2",2,"CFO","cfo_pride",NA,NA,NA,"pride",0,0,0.0714,28,1,1,1,5,0.4,0.4,0.1468,NA,NA,NA,31.1111,4.8884,4.8884,0,29.2124,29.2124,8.7855,427.1179,1935,1935,"0.15,0.2,0.3,0.35,0.45",0,1.4142,0.15,0.85,"0.005,0.01,0.05,0.1,0.3","PRIDE.bug",30,1,"approx",200,1000,0,3,1000,2000,5000,2,NA,NA,NA,NA,NA,NA,NA,NA,NA,NA,NA
"Set_5dose_methods_prior","Set_5dose_methods_prior_SC2",2,"CFO","cfo_empirical",NA,NA,NA,"empirical",0,0,0.0714,28,2,1,1,1,0.05,0.05,0.0051,NA,NA,NA,0.155,3.6992,3.6992,0,29.986,22.7442,0.0517,357.0477,1935,1935,"0.15,0.2,0.3,0.35,0.45",0,1.4142,0.15,0.85,"0.005,0.01,0.05,0.1,0.3",NA,30,1,"approx",200,1000,0,3,1000,2000,5000,2,NA,NA,NA,NA,NA,NA,NA,NA,NA,NA,NA
"Set_5dose_methods_prior","Set_5dose_methods_prior_SC2",2,"CFO","cfo_empirical",NA,NA,NA,"empirical",0,0,0.0714,28,2,1,1,2,0.1,0.1,0.0251,NA,NA,NA,5.2713,5.3953,5.3953,3.122,29.986,22.7442,0.0517,357.0477,1935,1935,"0.15,0.2,0.3,0.35,0.45",0,1.4142,0.15,0.85,"0.005,0.01,0.05,0.1,0.3",NA,30,1,"approx",200,1000,0,3,1000,2000,5000,2,NA,NA,NA,NA,NA,NA,NA,NA,NA,NA,NA
"Set_5dose_methods_prior","Set_5dose_methods_prior_SC2",2,"CFO","cfo_empirical",NA,NA,NA,"empirical",0,0,0.0714,28,2,1,1,3,0.18,0.18,0.0927,NA,NA,NA,27.7519,8.5612,8.5612,0.9209,29.986,22.7442,0.0517,357.0477,1935,1935,"0.15,0.2,0.3,0.35,0.45",0,1.4142,0.15,0.85,"0.005,0.01,0.05,0.1,0.3",NA,30,1,"approx",200,1000,0,3,1000,2000,5000,2,NA,NA,NA,NA,NA,NA,NA,NA,NA,NA,NA
"Set_5dose_methods_prior","Set_5dose_methods_prior_SC2",2,"CFO","cfo_empirical",NA,NA,NA,"empirical",0,0,0.0714,28,2,1,1,4,0.3,0.3,0.2258,NA,NA,NA,44.4444,8.2093,8.2093,2.5659,29.986,22.7442,0.0517,357.0477,1935,1935,"0.15,0.2,0.3,0.35,0.45",0,1.4142,0.15,0.85,"0.005,0.01,0.05,0.1,0.3",NA,30,1,"approx",200,1000,0,3,1000,2000,5000,2,NA,NA,NA,NA,NA,NA,NA,NA,NA,NA,NA
"Set_5dose_methods_prior","Set_5dose_methods_prior_SC2",2,"CFO","cfo_empirical",NA,NA,NA,"empirical",0,0,0.0714,28,2,1,1,5,0.4,0.4,0.3769,NA,NA,NA,22.3256,4.1209,4.1209,0.6331,29.986,22.7442,0.0517,357.0477,1935,1935,"0.15,0.2,0.3,0.35,0.45",0,1.4142,0.15,0.85,"0.005,0.01,0.05,0.1,0.3",NA,30,1,"approx",200,1000,0,3,1000,2000,5000,2,NA,NA,NA,NA,NA,NA,NA,NA,NA,NA,NA
"Set_5dose_methods_prior","Set_5dose_methods_prior_SC2",2,"CFO","cfo_pride",NA,NA,NA,"pride",0,0,0.0714,28,2,1,1,1,0.05,0.05,0.0328,NA,NA,NA,11.0078,6.9984,6.9984,0,29.4357,20.8568,4.5478,343.9161,1935,1935,"0.15,0.2,0.3,0.35,0.45",0,1.4142,0.15,0.85,"0.005,0.01,0.05,0.1,0.3","PRIDE.bug",30,1,"approx",200,1000,0,3,1000,2000,5000,2,NA,NA,NA,NA,NA,NA,NA,NA,NA,NA,NA
"Set_5dose_methods_prior","Set_5dose_methods_prior_SC2",2,"CFO","cfo_pride",NA,NA,NA,"pride",0,0,0.0714,28,2,1,1,2,0.1,0.1,0.0852,NA,NA,NA,13.1266,6.831,6.831,3.6506,29.4357,20.8568,4.5478,343.9161,1935,1935,"0.15,0.2,0.3,0.35,0.45",0,1.4142,0.15,0.85,"0.005,0.01,0.05,0.1,0.3","PRIDE.bug",30,1,"approx",200,1000,0,3,1000,2000,5000,2,NA,NA,NA,NA,NA,NA,NA,NA,NA,NA,NA
"Set_5dose_methods_prior","Set_5dose_methods_prior_SC2",2,"CFO","cfo_pride",NA,NA,NA,"pride",0,0,0.0714,28,2,1,1,3,0.18,0.18,0.1218,NA,NA,NA,19.6899,6.3473,6.3473,1.5757,29.4357,20.8568,4.5478,343.9161,1935,1935,"0.15,0.2,0.3,0.35,0.45",0,1.4142,0.15,0.85,"0.005,0.01,0.05,0.1,0.3","PRIDE.bug",30,1,"approx",200,1000,0,3,1000,2000,5000,2,NA,NA,NA,NA,NA,NA,NA,NA,NA,NA,NA
"Set_5dose_methods_prior","Set_5dose_methods_prior_SC2",2,"CFO","cfo_pride",NA,NA,NA,"pride",0,0,0.0714,28,2,1,1,4,0.3,0.3,0.1739,NA,NA,NA,20.4134,4.5349,4.5349,2.6067,29.4357,20.8568,4.5478,343.9161,1935,1935,"0.15,0.2,0.3,0.35,0.45",0,1.4142,0.15,0.85,"0.005,0.01,0.05,0.1,0.3","PRIDE.bug",30,1,"approx",200,1000,0,3,1000,2000,5000,2,NA,NA,NA,NA,NA,NA,NA,NA,NA,NA,NA
"Set_5dose_methods_prior","Set_5dose_methods_prior_SC2",2,"CFO","cfo_pride",NA,NA,NA,"pride",0,0,0.0714,28,2,1,1,5,0.4,0.4,0.1469,NA,NA,NA,31.2145,4.724,4.724,0.7457,29.4357,20.8568,4.5478,343.9161,1935,1935,"0.15,0.2,0.3,0.35,0.45",0,1.4142,0.15,0.85,"0.005,0.01,0.05,0.1,0.3","PRIDE.bug",30,1,"approx",200,1000,0,3,1000,2000,5000,2,NA,NA,NA,NA,NA,NA,NA,NA,NA,NA,NA
"Set_5dose_methods_prior","Set_5dose_methods_prior_SC2",2,"CFO","cfo_empirical",NA,NA,NA,"empirical",0,0,0.0714,28,3,1,1,1,0.05,0.05,0.0051,NA,NA,NA,0.155,3.6992,3.6992,0,29.986,20.8708,0.0517,340.8727,1935,1935,"0.15,0.2,0.3,0.35,0.45",0,1.4142,0.15,0.85,"0.005,0.01,0.05,0.1,0.3",NA,30,1,"approx",200,1000,0,3,1000,2000,5000,2,NA,NA,NA,NA,NA,NA,NA,NA,NA,NA,NA
"Set_5dose_methods_prior","Set_5dose_methods_prior_SC2",2,"CFO","cfo_empirical",NA,NA,NA,"empirical",0,0,0.0714,28,3,1,1,2,0.1,0.1,0.0251,NA,NA,NA,5.2713,5.3953,5.3953,3.122,29.986,20.8708,0.0517,340.8727,1935,1935,"0.15,0.2,0.3,0.35,0.45",0,1.4142,0.15,0.85,"0.005,0.01,0.05,0.1,0.3",NA,30,1,"approx",200,1000,0,3,1000,2000,5000,2,NA,NA,NA,NA,NA,NA,NA,NA,NA,NA,NA
"Set_5dose_methods_prior","Set_5dose_methods_prior_SC2",2,"CFO","cfo_empirical",NA,NA,NA,"empirical",0,0,0.0714,28,3,1,1,3,0.18,0.18,0.0927,NA,NA,NA,27.7519,8.5612,8.5612,3.3406,29.986,20.8708,0.0517,340.8727,1935,1935,"0.15,0.2,0.3,0.35,0.45",0,1.4142,0.15,0.85,"0.005,0.01,0.05,0.1,0.3",NA,30,1,"approx",200,1000,0,3,1000,2000,5000,2,NA,NA,NA,NA,NA,NA,NA,NA,NA,NA,NA
"Set_5dose_methods_prior","Set_5dose_methods_prior_SC2",2,"CFO","cfo_empirical",NA,NA,NA,"empirical",0,0,0.0714,28,3,1,1,4,0.3,0.3,0.2258,NA,NA,NA,44.4444,8.2093,8.2093,1.3075,29.986,20.8708,0.0517,340.8727,1935,1935,"0.15,0.2,0.3,0.35,0.45",0,1.4142,0.15,0.85,"0.005,0.01,0.05,0.1,0.3",NA,30,1,"approx",200,1000,0,3,1000,2000,5000,2,NA,NA,NA,NA,NA,NA,NA,NA,NA,NA,NA
"Set_5dose_methods_prior","Set_5dose_methods_prior_SC2",2,"CFO","cfo_empirical",NA,NA,NA,"empirical",0,0,0.0714,28,3,1,1,5,0.4,0.4,0.3769,NA,NA,NA,22.3256,4.1209,4.1209,1.3452,29.986,20.8708,0.0517,340.8727,1935,1935,"0.15,0.2,0.3,0.35,0.45",0,1.4142,0.15,0.85,"0.005,0.01,0.05,0.1,0.3",NA,30,1,"approx",200,1000,0,3,1000,2000,5000,2,NA,NA,NA,NA,NA,NA,NA,NA,NA,NA,NA
"Set_5dose_methods_prior","Set_5dose_methods_prior_SC2",2,"CFO","cfo_pride",NA,NA,NA,"pride",0,0,0.0714,28,3,1,1,1,0.05,0.05,0.0316,NA,NA,NA,10.5426,6.9101,6.9101,0,29.3845,19.0956,5.1163,330.3053,1935,1935,"0.15,0.2,0.3,0.35,0.45",0,1.4142,0.15,0.85,"0.005,0.01,0.05,0.1,0.3","PRIDE.bug",30,1,"approx",200,1000,0,3,1000,2000,5000,2,NA,NA,NA,NA,NA,NA,NA,NA,NA,NA,NA
"Set_5dose_methods_prior","Set_5dose_methods_prior_SC2",2,"CFO","cfo_pride",NA,NA,NA,"pride",0,0,0.0714,28,3,1,1,2,0.1,0.1,0.084,NA,NA,NA,13.1266,6.8713,6.8713,3.6579,29.3845,19.0956,5.1163,330.3053,1935,1935,"0.15,0.2,0.3,0.35,0.45",0,1.4142,0.15,0.85,"0.005,0.01,0.05,0.1,0.3","PRIDE.bug",30,1,"approx",200,1000,0,3,1000,2000,5000,2,NA,NA,NA,NA,NA,NA,NA,NA,NA,NA,NA
"Set_5dose_methods_prior","Set_5dose_methods_prior_SC2",2,"CFO","cfo_pride",NA,NA,NA,"pride",0,0,0.0714,28,3,1,1,3,0.18,0.18,0.1229,NA,NA,NA,19.6899,6.5891,6.5891,3.7307,29.3845,19.0956,5.1163,330.3053,1935,1935,"0.15,0.2,0.3,0.35,0.45",0,1.4142,0.15,0.85,"0.005,0.01,0.05,0.1,0.3","PRIDE.bug",30,1,"approx",200,1000,0,3,1000,2000,5000,2,NA,NA,NA,NA,NA,NA,NA,NA,NA,NA,NA
"Set_5dose_methods_prior","Set_5dose_methods_prior_SC2",2,"CFO","cfo_pride",NA,NA,NA,"pride",0,0,0.0714,28,3,1,1,4,0.3,0.3,0.1637,NA,NA,NA,20.4134,4.3085,4.3085,1.3421,29.3845,19.0956,5.1163,330.3053,1935,1935,"0.15,0.2,0.3,0.35,0.45",0,1.4142,0.15,0.85,"0.005,0.01,0.05,0.1,0.3","PRIDE.bug",30,1,"approx",200,1000,0,3,1000,2000,5000,2,NA,NA,NA,NA,NA,NA,NA,NA,NA,NA,NA
"Set_5dose_methods_prior","Set_5dose_methods_prior_SC2",2,"CFO","cfo_pride",NA,NA,NA,"pride",0,0,0.0714,28,3,1,1,5,0.4,0.4,0.1463,NA,NA,NA,31.1111,4.7054,4.7054,1.5581,29.3845,19.0956,5.1163,330.3053,1935,1935,"0.15,0.2,0.3,0.35,0.45",0,1.4142,0.15,0.85,"0.005,0.01,0.05,0.1,0.3","PRIDE.bug",30,1,"approx",200,1000,0,3,1000,2000,5000,2,NA,NA,NA,NA,NA,NA,NA,NA,NA,NA,NA
"Set_5dose_methods_prior","Set_5dose_methods_prior_SC2",2,"CFO","cfo_empirical",NA,NA,NA,"empirical",0.3,0,0.0714,28,1,1,1,1,0.05,0.05,0.0051,NA,NA,NA,0.155,3.6992,3.6992,0,29.986,29.986,0.0517,437.8742,1935,1935,"0.15,0.2,0.3,0.35,0.45",0,1.4142,0.15,0.85,"0.005,0.01,0.05,0.1,0.3",NA,30,1,"approx",200,1000,0,3,1000,2000,5000,2,NA,NA,NA,NA,NA,NA,NA,NA,NA,NA,NA
"Set_5dose_methods_prior","Set_5dose_methods_prior_SC2",2,"CFO","cfo_empirical",NA,NA,NA,"empirical",0.3,0,0.0714,28,1,1,1,2,0.1,0.115,0.0251,NA,NA,NA,5.2713,5.3953,5.3953,0,29.986,29.986,0.0517,437.8742,1935,1935,"0.15,0.2,0.3,0.35,0.45",0,1.4142,0.15,0.85,"0.005,0.01,0.05,0.1,0.3",NA,30,1,"approx",200,1000,0,3,1000,2000,5000,2,NA,NA,NA,NA,NA,NA,NA,NA,NA,NA,NA
"Set_5dose_methods_prior","Set_5dose_methods_prior_SC2",2,"CFO","cfo_empirical",NA,NA,NA,"empirical",0.3,0,0.0714,28,1,1,1,3,0.18,0.21,0.0927,NA,NA,NA,27.7519,8.5612,8.5612,0,29.986,29.986,0.0517,437.8742,1935,1935,"0.15,0.2,0.3,0.35,0.45",0,1.4142,0.15,0.85,"0.005,0.01,0.05,0.1,0.3",NA,30,1,"approx",200,1000,0,3,1000,2000,5000,2,NA,NA,NA,NA,NA,NA,NA,NA,NA,NA,NA
"Set_5dose_methods_prior","Set_5dose_methods_prior_SC2",2,"CFO","cfo_empirical",NA,NA,NA,"empirical",0.3,0,0.0714,28,1,1,1,4,0.3,0.354,0.2258,NA,NA,NA,44.4444,8.2093,8.2093,0,29.986,29.986,0.0517,437.8742,1935,1935,"0.15,0.2,0.3,0.35,0.45",0,1.4142,0.15,0.85,"0.005,0.01,0.05,0.1,0.3",NA,30,1,"approx",200,1000,0,3,1000,2000,5000,2,NA,NA,NA,NA,NA,NA,NA,NA,NA,NA,NA
"Set_5dose_methods_prior","Set_5dose_methods_prior_SC2",2,"CFO","cfo_empirical",NA,NA,NA,"empirical",0.3,0,0.0714,28,1,1,1,5,0.4,0.49,0.3769,NA,NA,NA,22.3256,4.1209,4.1209,0,29.986,29.986,0.0517,437.8742,1935,1935,"0.15,0.2,0.3,0.35,0.45",0,1.4142,0.15,0.85,"0.005,0.01,0.05,0.1,0.3",NA,30,1,"approx",200,1000,0,3,1000,2000,5000,2,NA,NA,NA,NA,NA,NA,NA,NA,NA,NA,NA
"Set_5dose_methods_prior","Set_5dose_methods_prior_SC2",2,"CFO","cfo_pride",NA,NA,NA,"pride",0.3,0,0.0714,28,1,1,1,1,0.05,0.05,0.0207,NA,NA,NA,6.615,7.0481,7.0481,0,29.2419,29.2419,8.8889,427.2659,1935,1935,"0.15,0.2,0.3,0.35,0.45",0,1.4142,0.15,0.85,"0.005,0.01,0.05,0.1,0.3","PRIDE.bug",30,1,"approx",200,1000,0,3,1000,2000,5000,2,NA,NA,NA,NA,NA,NA,NA,NA,NA,NA,NA
"Set_5dose_methods_prior","Set_5dose_methods_prior_SC2",2,"CFO","cfo_pride",NA,NA,NA,"pride",0.3,0,0.0714,28,1,1,1,2,0.1,0.115,0.0724,NA,NA,NA,13.1266,6.3829,6.3829,0,29.2419,29.2419,8.8889,427.2659,1935,1935,"0.15,0.2,0.3,0.35,0.45",0,1.4142,0.15,0.85,"0.005,0.01,0.05,0.1,0.3","PRIDE.bug",30,1,"approx",200,1000,0,3,1000,2000,5000,2,NA,NA,NA,NA,NA,NA,NA,NA,NA,NA,NA
"Set_5dose_methods_prior","Set_5dose_methods_prior_SC2",2,"CFO","cfo_pride",NA,NA,NA,"pride",0.3,0,0.0714,28,1,1,1,3,0.18,0.21,0.1121,NA,NA,NA,19.7416,6.4527,6.4527,0,29.2419,29.2419,8.8889,427.2659,1935,1935,"0.15,0.2,0.3,0.35,0.45",0,1.4142,0.15,0.85,"0.005,0.01,0.05,0.1,0.3","PRIDE.bug",30,1,"approx",200,1000,0,3,1000,2000,5000,2,NA,NA,NA,NA,NA,NA,NA,NA,NA,NA,NA
"Set_5dose_methods_prior","Set_5dose_methods_prior_SC2",2,"CFO","cfo_pride",NA,NA,NA,"pride",0.3,0,0.0714,28,1,1,1,4,0.3,0.354,0.1619,NA,NA,NA,20.4651,4.4682,4.4682,0,29.2419,29.2419,8.8889,427.2659,1935,1935,"0.15,0.2,0.3,0.35,0.45",0,1.4142,0.15,0.85,"0.005,0.01,0.05,0.1,0.3","PRIDE.bug",30,1,"approx",200,1000,0,3,1000,2000,5000,2,NA,NA,NA,NA,NA,NA,NA,NA,NA,NA,NA
"Set_5dose_methods_prior","Set_5dose_methods_prior_SC2",2,"CFO","cfo_pride",NA,NA,NA,"pride",0.3,0,0.0714,28,1,1,1,5,0.4,0.49,0.1498,NA,NA,NA,31.1628,4.8899,4.8899,0,29.2419,29.2419,8.8889,427.2659,1935,1935,"0.15,0.2,0.3,0.35,0.45",0,1.4142,0.15,0.85,"0.005,0.01,0.05,0.1,0.3","PRIDE.bug",30,1,"approx",200,1000,0,3,1000,2000,5000,2,NA,NA,NA,NA,NA,NA,NA,NA,NA,NA,NA
"Set_5dose_methods_prior","Set_5dose_methods_prior_SC2",2,"CFO","cfo_empirical",NA,NA,NA,"empirical",0.3,0,0.0714,28,2,1,1,1,0.05,0.05,0.0056,NA,NA,NA,0.3101,3.7519,3.7519,0,29.986,22.6579,0.0517,356.7743,1935,1935,"0.15,0.2,0.3,0.35,0.45",0,1.4142,0.15,0.85,"0.005,0.01,0.05,0.1,0.3",NA,30,1,"approx",200,1000,0,3,1000,2000,5000,2,NA,NA,NA,NA,NA,NA,NA,NA,NA,NA,NA
"Set_5dose_methods_prior","Set_5dose_methods_prior_SC2",2,"CFO","cfo_empirical",NA,NA,NA,"empirical",0.3,0,0.0714,28,2,1,1,2,0.1,0.115,0.0309,NA,NA,NA,6.3049,5.7953,5.7953,3.1488,29.986,22.6579,0.0517,356.7743,1935,1935,"0.15,0.2,0.3,0.35,0.45",0,1.4142,0.15,0.85,"0.005,0.01,0.05,0.1,0.3",NA,30,1,"approx",200,1000,0,3,1000,2000,5000,2,NA,NA,NA,NA,NA,NA,NA,NA,NA,NA,NA
"Set_5dose_methods_prior","Set_5dose_methods_prior_SC2",2,"CFO","cfo_empirical",NA,NA,NA,"empirical",0.3,0,0.0714,28,2,1,1,3,0.18,0.21,0.101,NA,NA,NA,32.4548,8.9116,8.9116,1.0724,29.986,22.6579,0.0517,356.7743,1935,1935,"0.15,0.2,0.3,0.35,0.45",0,1.4142,0.15,0.85,"0.005,0.01,0.05,0.1,0.3",NA,30,1,"approx",200,1000,0,3,1000,2000,5000,2,NA,NA,NA,NA,NA,NA,NA,NA,NA,NA,NA
"Set_5dose_methods_prior","Set_5dose_methods_prior_SC2",2,"CFO","cfo_empirical",NA,NA,NA,"empirical",0.3,0,0.0714,28,2,1,1,4,0.3,0.354,0.2483,NA,NA,NA,44.8062,8.3364,8.3364,2.5282,29.986,22.6579,0.0517,356.7743,1935,1935,"0.15,0.2,0.3,0.35,0.45",0,1.4142,0.15,0.85,"0.005,0.01,0.05,0.1,0.3",NA,30,1,"approx",200,1000,0,3,1000,2000,5000,2,NA,NA,NA,NA,NA,NA,NA,NA,NA,NA,NA
"Set_5dose_methods_prior","Set_5dose_methods_prior_SC2",2,"CFO","cfo_empirical",NA,NA,NA,"empirical",0.3,0,0.0714,28,2,1,1,5,0.4,0.49,0.4019,NA,NA,NA,16.0724,3.1907,3.1907,0.5788,29.986,22.6579,0.0517,356.7743,1935,1935,"0.15,0.2,0.3,0.35,0.45",0,1.4142,0.15,0.85,"0.005,0.01,0.05,0.1,0.3",NA,30,1,"approx",200,1000,0,3,1000,2000,5000,2,NA,NA,NA,NA,NA,NA,NA,NA,NA,NA,NA
"Set_5dose_methods_prior","Set_5dose_methods_prior_SC2",2,"CFO","cfo_pride",NA,NA,NA,"pride",0.3,0,0.0714,28,2,1,1,1,0.05,0.05,0.0326,NA,NA,NA,11.3178,7.1566,7.1566,0,29.4698,21.1054,4.5995,345.1693,1935,1935,"0.15,0.2,0.3,0.35,0.45",0,1.4142,0.15,0.85,"0.005,0.01,0.05,0.1,0.3","PRIDE.bug",30,1,"approx",200,1000,0,3,1000,2000,5000,2,NA,NA,NA,NA,NA,NA,NA,NA,NA,NA,NA
"Set_5dose_methods_prior","Set_5dose_methods_prior_SC2",2,"CFO","cfo_pride",NA,NA,NA,"pride",0.3,0,0.0714,28,2,1,1,2,0.1,0.115,0.0906,NA,NA,NA,13.3333,7.0357,7.0357,3.6703,29.4698,21.1054,4.5995,345.1693,1935,1935,"0.15,0.2,0.3,0.35,0.45",0,1.4142,0.15,0.85,"0.005,0.01,0.05,0.1,0.3","PRIDE.bug",30,1,"approx",200,1000,0,3,1000,2000,5000,2,NA,NA,NA,NA,NA,NA,NA,NA,NA,NA,NA
"Set_5dose_methods_prior","Set_5dose_methods_prior_SC2",2,"CFO","cfo_pride",NA,NA,NA,"pride",0.3,0,0.0714,28,2,1,1,3,0.18,0.21,0.1246,NA,NA,NA,22.2739,6.6217,6.6217,1.4837,29.4698,21.1054,4.5995,345.1693,1935,1935,"0.15,0.2,0.3,0.35,0.45",0,1.4142,0.15,0.85,"0.005,0.01,0.05,0.1,0.3","PRIDE.bug",30,1,"approx",200,1000,0,3,1000,2000,5000,2,NA,NA,NA,NA,NA,NA,NA,NA,NA,NA,NA
"Set_5dose_methods_prior","Set_5dose_methods_prior_SC2",2,"CFO","cfo_pride",NA,NA,NA,"pride",0.3,0,0.0714,28,2,1,1,4,0.3,0.354,0.2,NA,NA,NA,20.8269,4.5767,4.5767,2.6693,29.4698,21.1054,4.5995,345.1693,1935,1935,"0.15,0.2,0.3,0.35,0.45",0,1.4142,0.15,0.85,"0.005,0.01,0.05,0.1,0.3","PRIDE.bug",30,1,"approx",200,1000,0,3,1000,2000,5000,2,NA,NA,NA,NA,NA,NA,NA,NA,NA,NA,NA
"Set_5dose_methods_prior","Set_5dose_methods_prior_SC2",2,"CFO","cfo_pride",NA,NA,NA,"pride",0.3,0,0.0714,28,2,1,1,5,0.4,0.49,0.1432,NA,NA,NA,27.6486,4.0791,4.0791,0.5411,29.4698,21.1054,4.5995,345.1693,1935,1935,"0.15,0.2,0.3,0.35,0.45",0,1.4142,0.15,0.85,"0.005,0.01,0.05,0.1,0.3","PRIDE.bug",30,1,"approx",200,1000,0,3,1000,2000,5000,2,NA,NA,NA,NA,NA,NA,NA,NA,NA,NA,NA
"Set_5dose_methods_prior","Set_5dose_methods_prior_SC2",2,"CFO","cfo_empirical",NA,NA,NA,"empirical",0.3,0,0.0714,28,3,1,1,1,0.05,0.05,0.0055,NA,NA,NA,0.3101,3.7519,3.7519,0,29.986,20.8326,0.0517,341.6074,1935,1935,"0.15,0.2,0.3,0.35,0.45",0,1.4142,0.15,0.85,"0.005,0.01,0.05,0.1,0.3",NA,30,1,"approx",200,1000,0,3,1000,2000,5000,2,NA,NA,NA,NA,NA,NA,NA,NA,NA,NA,NA
"Set_5dose_methods_prior","Set_5dose_methods_prior_SC2",2,"CFO","cfo_empirical",NA,NA,NA,"empirical",0.3,0,0.0714,28,3,1,1,2,0.1,0.115,0.0314,NA,NA,NA,6.8217,5.8961,5.8961,3.1499,29.986,20.8326,0.0517,341.6074,1935,1935,"0.15,0.2,0.3,0.35,0.45",0,1.4142,0.15,0.85,"0.005,0.01,0.05,0.1,0.3",NA,30,1,"approx",200,1000,0,3,1000,2000,5000,2,NA,NA,NA,NA,NA,NA,NA,NA,NA,NA,NA
"Set_5dose_methods_prior","Set_5dose_methods_prior_SC2",2,"CFO","cfo_empirical",NA,NA,NA,"empirical",0.3,0,0.0714,28,3,1,1,3,0.18,0.21,0.1077,NA,NA,NA,32.5581,9.186,9.186,3.4455,29.986,20.8326,0.0517,341.6074,1935,1935,"0.15,0.2,0.3,0.35,0.45",0,1.4142,0.15,0.85,"0.005,0.01,0.05,0.1,0.3",NA,30,1,"approx",200,1000,0,3,1000,2000,5000,2,NA,NA,NA,NA,NA,NA,NA,NA,NA,NA,NA
"Set_5dose_methods_prior","Set_5dose_methods_prior_SC2",2,"CFO","cfo_empirical",NA,NA,NA,"empirical",0.3,0,0.0714,28,3,1,1,4,0.3,0.354,0.2466,NA,NA,NA,43.876,7.8078,7.8078,1.4078,29.986,20.8326,0.0517,341.6074,1935,1935,"0.15,0.2,0.3,0.35,0.45",0,1.4142,0.15,0.85,"0.005,0.01,0.05,0.1,0.3",NA,30,1,"approx",200,1000,0,3,1000,2000,5000,2,NA,NA,NA,NA,NA,NA,NA,NA,NA,NA,NA
"Set_5dose_methods_prior","Set_5dose_methods_prior_SC2",2,"CFO","cfo_empirical",NA,NA,NA,"empirical",0.3,0,0.0714,28,3,1,1,5,0.4,0.49,0.4023,NA,NA,NA,16.3824,3.3442,3.3442,1.1504,29.986,20.8326,0.0517,341.6074,1935,1935,"0.15,0.2,0.3,0.35,0.45",0,1.4142,0.15,0.85,"0.005,0.01,0.05,0.1,0.3",NA,30,1,"approx",200,1000,0,3,1000,2000,5000,2,NA,NA,NA,NA,NA,NA,NA,NA,NA,NA,NA
"Set_5dose_methods_prior","Set_5dose_methods_prior_SC2",2,"CFO","cfo_pride",NA,NA,NA,"pride",0.3,0,0.0714,28,3,1,1,1,0.05,0.05,0.0326,NA,NA,NA,11.2661,7.1256,7.1256,0,29.4124,19.2351,4.8579,330.3572,1935,1935,"0.15,0.2,0.3,0.35,0.45",0,1.4142,0.15,0.85,"0.005,0.01,0.05,0.1,0.3","PRIDE.bug",30,1,"approx",200,1000,0,3,1000,2000,5000,2,NA,NA,NA,NA,NA,NA,NA,NA,NA,NA,NA
"Set_5dose_methods_prior","Set_5dose_methods_prior_SC2",2,"CFO","cfo_pride",NA,NA,NA,"pride",0.3,0,0.0714,28,3,1,1,2,0.1,0.115,0.0911,NA,NA,NA,13.9535,7.2512,7.2512,3.6269,29.4124,19.2351,4.8579,330.3572,1935,1935,"0.15,0.2,0.3,0.35,0.45",0,1.4142,0.15,0.85,"0.005,0.01,0.05,0.1,0.3","PRIDE.bug",30,1,"approx",200,1000,0,3,1000,2000,5000,2,NA,NA,NA,NA,NA,NA,NA,NA,NA,NA,NA
"Set_5dose_methods_prior","Set_5dose_methods_prior_SC2",2,"CFO","cfo_pride",NA,NA,NA,"pride",0.3,0,0.0714,28,3,1,1,3,0.18,0.21,0.1335,NA,NA,NA,20,6.5659,6.5659,3.6568,29.4124,19.2351,4.8579,330.3572,1935,1935,"0.15,0.2,0.3,0.35,0.45",0,1.4142,0.15,0.85,"0.005,0.01,0.05,0.1,0.3","PRIDE.bug",30,1,"approx",200,1000,0,3,1000,2000,5000,2,NA,NA,NA,NA,NA,NA,NA,NA,NA,NA,NA
"Set_5dose_methods_prior","Set_5dose_methods_prior_SC2",2,"CFO","cfo_pride",NA,NA,NA,"pride",0.3,0,0.0714,28,3,1,1,4,0.3,0.354,0.1589,NA,NA,NA,22.9457,4.6248,4.6248,1.1328,29.4124,19.2351,4.8579,330.3572,1935,1935,"0.15,0.2,0.3,0.35,0.45",0,1.4142,0.15,0.85,"0.005,0.01,0.05,0.1,0.3","PRIDE.bug",30,1,"approx",200,1000,0,3,1000,2000,5000,2,NA,NA,NA,NA,NA,NA,NA,NA,NA,NA,NA
"Set_5dose_methods_prior","Set_5dose_methods_prior_SC2",2,"CFO","cfo_pride",NA,NA,NA,"pride",0.3,0,0.0714,28,3,1,1,5,0.4,0.49,0.2469,NA,NA,NA,26.9767,3.845,3.845,1.7607,29.4124,19.2351,4.8579,330.3572,1935,1935,"0.15,0.2,0.3,0.35,0.45",0,1.4142,0.15,0.85,"0.005,0.01,0.05,0.1,0.3","PRIDE.bug",30,1,"approx",200,1000,0,3,1000,2000,5000,2,NA,NA,NA,NA,NA,NA,NA,NA,NA,NA,NA
"Set_5dose_methods_prior","Set_5dose_methods_prior_SC2",2,"CFO","cfo_empirical",NA,NA,NA,"empirical",0.6,0,0.0714,28,1,1,1,1,0.05,0.05,0.0051,NA,NA,NA,0.155,3.6992,3.6992,0,29.986,29.986,0.0517,437.8742,1935,1935,"0.15,0.2,0.3,0.35,0.45",0,1.4142,0.15,0.85,"0.005,0.01,0.05,0.1,0.3",NA,30,1,"approx",200,1000,0,3,1000,2000,5000,2,NA,NA,NA,NA,NA,NA,NA,NA,NA,NA,NA
"Set_5dose_methods_prior","Set_5dose_methods_prior_SC2",2,"CFO","cfo_empirical",NA,NA,NA,"empirical",0.6,0,0.0714,28,1,1,1,2,0.1,0.13,0.0251,NA,NA,NA,5.2713,5.3953,5.3953,0,29.986,29.986,0.0517,437.8742,1935,1935,"0.15,0.2,0.3,0.35,0.45",0,1.4142,0.15,0.85,"0.005,0.01,0.05,0.1,0.3",NA,30,1,"approx",200,1000,0,3,1000,2000,5000,2,NA,NA,NA,NA,NA,NA,NA,NA,NA,NA,NA
"Set_5dose_methods_prior","Set_5dose_methods_prior_SC2",2,"CFO","cfo_empirical",NA,NA,NA,"empirical",0.6,0,0.0714,28,1,1,1,3,0.18,0.24,0.0927,NA,NA,NA,27.7519,8.5612,8.5612,0,29.986,29.986,0.0517,437.8742,1935,1935,"0.15,0.2,0.3,0.35,0.45",0,1.4142,0.15,0.85,"0.005,0.01,0.05,0.1,0.3",NA,30,1,"approx",200,1000,0,3,1000,2000,5000,2,NA,NA,NA,NA,NA,NA,NA,NA,NA,NA,NA
"Set_5dose_methods_prior","Set_5dose_methods_prior_SC2",2,"CFO","cfo_empirical",NA,NA,NA,"empirical",0.6,0,0.0714,28,1,1,1,4,0.3,0.408,0.2258,NA,NA,NA,44.4444,8.2093,8.2093,0,29.986,29.986,0.0517,437.8742,1935,1935,"0.15,0.2,0.3,0.35,0.45",0,1.4142,0.15,0.85,"0.005,0.01,0.05,0.1,0.3",NA,30,1,"approx",200,1000,0,3,1000,2000,5000,2,NA,NA,NA,NA,NA,NA,NA,NA,NA,NA,NA
"Set_5dose_methods_prior","Set_5dose_methods_prior_SC2",2,"CFO","cfo_empirical",NA,NA,NA,"empirical",0.6,0,0.0714,28,1,1,1,5,0.4,0.58,0.3769,NA,NA,NA,22.3256,4.1209,4.1209,0,29.986,29.986,0.0517,437.8742,1935,1935,"0.15,0.2,0.3,0.35,0.45",0,1.4142,0.15,0.85,"0.005,0.01,0.05,0.1,0.3",NA,30,1,"approx",200,1000,0,3,1000,2000,5000,2,NA,NA,NA,NA,NA,NA,NA,NA,NA,NA,NA
"Set_5dose_methods_prior","Set_5dose_methods_prior_SC2",2,"CFO","cfo_pride",NA,NA,NA,"pride",0.6,0,0.0714,28,1,1,1,1,0.05,0.05,0.0176,NA,NA,NA,5.5814,7.0248,7.0248,0,29.1891,29.1891,9.9742,426.6358,1935,1935,"0.15,0.2,0.3,0.35,0.45",0,1.4142,0.15,0.85,"0.005,0.01,0.05,0.1,0.3","PRIDE.bug",30,1,"approx",200,1000,0,3,1000,2000,5000,2,NA,NA,NA,NA,NA,NA,NA,NA,NA,NA,NA
"Set_5dose_methods_prior","Set_5dose_methods_prior_SC2",2,"CFO","cfo_pride",NA,NA,NA,"pride",0.6,0,0.0714,28,1,1,1,2,0.1,0.13,0.0685,NA,NA,NA,13.1266,6.3085,6.3085,0,29.1891,29.1891,9.9742,426.6358,1935,1935,"0.15,0.2,0.3,0.35,0.45",0,1.4142,0.15,0.85,"0.005,0.01,0.05,0.1,0.3","PRIDE.bug",30,1,"approx",200,1000,0,3,1000,2000,5000,2,NA,NA,NA,NA,NA,NA,NA,NA,NA,NA,NA
"Set_5dose_methods_prior","Set_5dose_methods_prior_SC2",2,"CFO","cfo_pride",NA,NA,NA,"pride",0.6,0,0.0714,28,1,1,1,3,0.18,0.24,0.1145,NA,NA,NA,19.6899,6.4744,6.4744,0,29.1891,29.1891,9.9742,426.6358,1935,1935,"0.15,0.2,0.3,0.35,0.45",0,1.4142,0.15,0.85,"0.005,0.01,0.05,0.1,0.3","PRIDE.bug",30,1,"approx",200,1000,0,3,1000,2000,5000,2,NA,NA,NA,NA,NA,NA,NA,NA,NA,NA,NA
"Set_5dose_methods_prior","Set_5dose_methods_prior_SC2",2,"CFO","cfo_pride",NA,NA,NA,"pride",0.6,0,0.0714,28,1,1,1,4,0.3,0.408,0.1611,NA,NA,NA,20.4134,4.4884,4.4884,0,29.1891,29.1891,9.9742,426.6358,1935,1935,"0.15,0.2,0.3,0.35,0.45",0,1.4142,0.15,0.85,"0.005,0.01,0.05,0.1,0.3","PRIDE.bug",30,1,"approx",200,1000,0,3,1000,2000,5000,2,NA,NA,NA,NA,NA,NA,NA,NA,NA,NA,NA
"Set_5dose_methods_prior","Set_5dose_methods_prior_SC2",2,"CFO","cfo_pride",NA,NA,NA,"pride",0.6,0,0.0714,28,1,1,1,5,0.4,0.58,0.1466,NA,NA,NA,31.2145,4.893,4.893,0,29.1891,29.1891,9.9742,426.6358,1935,1935,"0.15,0.2,0.3,0.35,0.45",0,1.4142,0.15,0.85,"0.005,0.01,0.05,0.1,0.3","PRIDE.bug",30,1,"approx",200,1000,0,3,1000,2000,5000,2,NA,NA,NA,NA,NA,NA,NA,NA,NA,NA,NA
"Set_5dose_methods_prior","Set_5dose_methods_prior_SC2",2,"CFO","cfo_empirical",NA,NA,NA,"empirical",0.6,0,0.0714,28,2,1,1,1,0.05,0.05,0.0061,NA,NA,NA,0.4651,3.7798,3.7798,0,29.986,22.6026,0.0517,356.3836,1935,1935,"0.15,0.2,0.3,0.35,0.45",0,1.4142,0.15,0.85,"0.005,0.01,0.05,0.1,0.3",NA,30,1,"approx",200,1000,0,3,1000,2000,5000,2,NA,NA,NA,NA,NA,NA,NA,NA,NA,NA,NA
"Set_5dose_methods_prior","Set_5dose_methods_prior_SC2",2,"CFO","cfo_empirical",NA,NA,NA,"empirical",0.6,0,0.0714,28,2,1,1,2,0.1,0.13,0.0369,NA,NA,NA,7.4419,6.2279,6.2279,3.1571,29.986,22.6026,0.0517,356.3836,1935,1935,"0.15,0.2,0.3,0.35,0.45",0,1.4142,0.15,0.85,"0.005,0.01,0.05,0.1,0.3",NA,30,1,"approx",200,1000,0,3,1000,2000,5000,2,NA,NA,NA,NA,NA,NA,NA,NA,NA,NA,NA
"Set_5dose_methods_prior","Set_5dose_methods_prior_SC2",2,"CFO","cfo_empirical",NA,NA,NA,"empirical",0.6,0,0.0714,28,2,1,1,3,0.18,0.24,0.1124,NA,NA,NA,37.0026,9.369,9.369,1.2475,29.986,22.6026,0.0517,356.3836,1935,1935,"0.15,0.2,0.3,0.35,0.45",0,1.4142,0.15,0.85,"0.005,0.01,0.05,0.1,0.3",NA,30,1,"approx",200,1000,0,3,1000,2000,5000,2,NA,NA,NA,NA,NA,NA,NA,NA,NA,NA,NA
"Set_5dose_methods_prior","Set_5dose_methods_prior_SC2",2,"CFO","cfo_empirical",NA,NA,NA,"empirical",0.6,0,0.0714,28,2,1,1,4,0.3,0.408,0.2649,NA,NA,NA,42.2739,7.9969,7.9969,2.4444,29.986,22.6026,0.0517,356.3836,1935,1935,"0.15,0.2,0.3,0.35,0.45",0,1.4142,0.15,0.85,"0.005,0.01,0.05,0.1,0.3",NA,30,1,"approx",200,1000,0,3,1000,2000,5000,2,NA,NA,NA,NA,NA,NA,NA,NA,NA,NA,NA
"Set_5dose_methods_prior","Set_5dose_methods_prior_SC2",2,"CFO","cfo_empirical",NA,NA,NA,"empirical",0.6,0,0.0714,28,2,1,1,5,0.4,0.58,0.4142,NA,NA,NA,12.7649,2.6124,2.6124,0.5344,29.986,22.6026,0.0517,356.3836,1935,1935,"0.15,0.2,0.3,0.35,0.45",0,1.4142,0.15,0.85,"0.005,0.01,0.05,0.1,0.3",NA,30,1,"approx",200,1000,0,3,1000,2000,5000,2,NA,NA,NA,NA,NA,NA,NA,NA,NA,NA,NA
"Set_5dose_methods_prior","Set_5dose_methods_prior_SC2",2,"CFO","cfo_pride",NA,NA,NA,"pride",0.6,0,0.0714,28,2,1,1,1,0.05,0.05,0.033,NA,NA,NA,11.5762,7.2713,7.2713,0,29.431,21.4806,4.7028,346.3984,1935,1935,"0.15,0.2,0.3,0.35,0.45",0,1.4142,0.15,0.85,"0.005,0.01,0.05,0.1,0.3","PRIDE.bug",30,1,"approx",200,1000,0,3,1000,2000,5000,2,NA,NA,NA,NA,NA,NA,NA,NA,NA,NA,NA
"Set_5dose_methods_prior","Set_5dose_methods_prior_SC2",2,"CFO","cfo_pride",NA,NA,NA,"pride",0.6,0,0.0714,28,2,1,1,2,0.1,0.13,0.0956,NA,NA,NA,13.5917,7.2791,7.2791,3.661,29.431,21.4806,4.7028,346.3984,1935,1935,"0.15,0.2,0.3,0.35,0.45",0,1.4142,0.15,0.85,"0.005,0.01,0.05,0.1,0.3","PRIDE.bug",30,1,"approx",200,1000,0,3,1000,2000,5000,2,NA,NA,NA,NA,NA,NA,NA,NA,NA,NA,NA
"Set_5dose_methods_prior","Set_5dose_methods_prior_SC2",2,"CFO","cfo_pride",NA,NA,NA,"pride",0.6,0,0.0714,28,2,1,1,3,0.18,0.24,0.1246,NA,NA,NA,26.0982,6.8837,6.8837,1.3793,29.431,21.4806,4.7028,346.3984,1935,1935,"0.15,0.2,0.3,0.35,0.45",0,1.4142,0.15,0.85,"0.005,0.01,0.05,0.1,0.3","PRIDE.bug",30,1,"approx",200,1000,0,3,1000,2000,5000,2,NA,NA,NA,NA,NA,NA,NA,NA,NA,NA,NA
"Set_5dose_methods_prior","Set_5dose_methods_prior_SC2",2,"CFO","cfo_pride",NA,NA,NA,"pride",0.6,0,0.0714,28,2,1,1,4,0.3,0.408,0.2272,NA,NA,NA,25.9948,4.5814,4.5814,2.584,29.431,21.4806,4.7028,346.3984,1935,1935,"0.15,0.2,0.3,0.35,0.45",0,1.4142,0.15,0.85,"0.005,0.01,0.05,0.1,0.3","PRIDE.bug",30,1,"approx",200,1000,0,3,1000,2000,5000,2,NA,NA,NA,NA,NA,NA,NA,NA,NA,NA,NA
"Set_5dose_methods_prior","Set_5dose_methods_prior_SC2",2,"CFO","cfo_pride",NA,NA,NA,"pride",0.6,0,0.0714,28,2,1,1,5,0.4,0.58,0.1988,NA,NA,NA,18.0362,3.4155,3.4155,0.3261,29.431,21.4806,4.7028,346.3984,1935,1935,"0.15,0.2,0.3,0.35,0.45",0,1.4142,0.15,0.85,"0.005,0.01,0.05,0.1,0.3","PRIDE.bug",30,1,"approx",200,1000,0,3,1000,2000,5000,2,NA,NA,NA,NA,NA,NA,NA,NA,NA,NA,NA
"Set_5dose_methods_prior","Set_5dose_methods_prior_SC2",2,"CFO","cfo_empirical",NA,NA,NA,"empirical",0.6,0,0.0714,28,3,1,1,1,0.05,0.05,0.0062,NA,NA,NA,0.4651,3.7798,3.7798,0,29.986,20.7974,0.0517,341.9272,1935,1935,"0.15,0.2,0.3,0.35,0.45",0,1.4142,0.15,0.85,"0.005,0.01,0.05,0.1,0.3",NA,30,1,"approx",200,1000,0,3,1000,2000,5000,2,NA,NA,NA,NA,NA,NA,NA,NA,NA,NA,NA
"Set_5dose_methods_prior","Set_5dose_methods_prior_SC2",2,"CFO","cfo_empirical",NA,NA,NA,"empirical",0.6,0,0.0714,28,3,1,1,2,0.1,0.13,0.038,NA,NA,NA,8.5271,6.4264,6.4264,3.1592,29.986,20.7974,0.0517,341.9272,1935,1935,"0.15,0.2,0.3,0.35,0.45",0,1.4142,0.15,0.85,"0.005,0.01,0.05,0.1,0.3",NA,30,1,"approx",200,1000,0,3,1000,2000,5000,2,NA,NA,NA,NA,NA,NA,NA,NA,NA,NA,NA
"Set_5dose_methods_prior","Set_5dose_methods_prior_SC2",2,"CFO","cfo_empirical",NA,NA,NA,"empirical",0.6,0,0.0714,28,3,1,1,3,0.18,0.24,0.1253,NA,NA,NA,37.9328,9.8961,9.8961,3.5809,29.986,20.7974,0.0517,341.9272,1935,1935,"0.15,0.2,0.3,0.35,0.45",0,1.4142,0.15,0.85,"0.005,0.01,0.05,0.1,0.3",NA,30,1,"approx",200,1000,0,3,1000,2000,5000,2,NA,NA,NA,NA,NA,NA,NA,NA,NA,NA,NA
"Set_5dose_methods_prior","Set_5dose_methods_prior_SC2",2,"CFO","cfo_empirical",NA,NA,NA,"empirical",0.6,0,0.0714,28,3,1,1,4,0.3,0.408,0.2644,NA,NA,NA,41.292,7.2822,7.2822,1.476,29.986,20.7974,0.0517,341.9272,1935,1935,"0.15,0.2,0.3,0.35,0.45",0,1.4142,0.15,0.85,"0.005,0.01,0.05,0.1,0.3",NA,30,1,"approx",200,1000,0,3,1000,2000,5000,2,NA,NA,NA,NA,NA,NA,NA,NA,NA,NA,NA
"Set_5dose_methods_prior","Set_5dose_methods_prior_SC2",2,"CFO","cfo_empirical",NA,NA,NA,"empirical",0.6,0,0.0714,28,3,1,1,5,0.4,0.58,0.4399,NA,NA,NA,11.7313,2.6016,2.6016,0.9726,29.986,20.7974,0.0517,341.9272,1935,1935,"0.15,0.2,0.3,0.35,0.45",0,1.4142,0.15,0.85,"0.005,0.01,0.05,0.1,0.3",NA,30,1,"approx",200,1000,0,3,1000,2000,5000,2,NA,NA,NA,NA,NA,NA,NA,NA,NA,NA,NA
"Set_5dose_methods_prior","Set_5dose_methods_prior_SC2",2,"CFO","cfo_pride",NA,NA,NA,"pride",0.6,0,0.0714,28,3,1,1,1,0.05,0.05,0.0322,NA,NA,NA,11.2661,7.1891,7.1891,0,29.3969,20.1287,5.0129,333.4162,1935,1935,"0.15,0.2,0.3,0.35,0.45",0,1.4142,0.15,0.85,"0.005,0.01,0.05,0.1,0.3","PRIDE.bug",30,1,"approx",200,1000,0,3,1000,2000,5000,2,NA,NA,NA,NA,NA,NA,NA,NA,NA,NA,NA
"Set_5dose_methods_prior","Set_5dose_methods_prior_SC2",2,"CFO","cfo_pride",NA,NA,NA,"pride",0.6,0,0.0714,28,3,1,1,2,0.1,0.13,0.0953,NA,NA,NA,15.2972,7.7473,7.7473,3.6837,29.3969,20.1287,5.0129,333.4162,1935,1935,"0.15,0.2,0.3,0.35,0.45",0,1.4142,0.15,0.85,"0.005,0.01,0.05,0.1,0.3","PRIDE.bug",30,1,"approx",200,1000,0,3,1000,2000,5000,2,NA,NA,NA,NA,NA,NA,NA,NA,NA,NA,NA
"Set_5dose_methods_prior","Set_5dose_methods_prior_SC2",2,"CFO","cfo_pride",NA,NA,NA,"pride",0.6,0,0.0714,28,3,1,1,3,0.18,0.24,0.1466,NA,NA,NA,21.5504,6.4574,6.4574,3.5276,29.3969,20.1287,5.0129,333.4162,1935,1935,"0.15,0.2,0.3,0.35,0.45",0,1.4142,0.15,0.85,"0.005,0.01,0.05,0.1,0.3","PRIDE.bug",30,1,"approx",200,1000,0,3,1000,2000,5000,2,NA,NA,NA,NA,NA,NA,NA,NA,NA,NA,NA
"Set_5dose_methods_prior","Set_5dose_methods_prior_SC2",2,"CFO","cfo_pride",NA,NA,NA,"pride",0.6,0,0.0714,28,3,1,1,4,0.3,0.408,0.1603,NA,NA,NA,43.6176,6.814,6.814,0.9669,29.3969,20.1287,5.0129,333.4162,1935,1935,"0.15,0.2,0.3,0.35,0.45",0,1.4142,0.15,0.85,"0.005,0.01,0.05,0.1,0.3","PRIDE.bug",30,1,"approx",200,1000,0,3,1000,2000,5000,2,NA,NA,NA,NA,NA,NA,NA,NA,NA,NA,NA
"Set_5dose_methods_prior","Set_5dose_methods_prior_SC2",2,"CFO","cfo_pride",NA,NA,NA,"pride",0.6,0,0.0714,28,3,1,1,5,0.4,0.58,0.6144,NA,NA,NA,3.2558,1.1891,1.1891,1.0899,29.3969,20.1287,5.0129,333.4162,1935,1935,"0.15,0.2,0.3,0.35,0.45",0,1.4142,0.15,0.85,"0.005,0.01,0.05,0.1,0.3","PRIDE.bug",30,1,"approx",200,1000,0,3,1000,2000,5000,2,NA,NA,NA,NA,NA,NA,NA,NA,NA,NA,NA
"Set_5dose_methods_prior","Set_5dose_methods_prior_SC2",2,"CFO","cfo_empirical",NA,NA,NA,"empirical",0.9,0,0.0714,28,1,1,1,1,0.05,0.05,0.0051,NA,NA,NA,0.155,3.6992,3.6992,0,29.986,29.986,0.0517,437.8742,1935,1935,"0.15,0.2,0.3,0.35,0.45",0,1.4142,0.15,0.85,"0.005,0.01,0.05,0.1,0.3",NA,30,1,"approx",200,1000,0,3,1000,2000,5000,2,NA,NA,NA,NA,NA,NA,NA,NA,NA,NA,NA
"Set_5dose_methods_prior","Set_5dose_methods_prior_SC2",2,"CFO","cfo_empirical",NA,NA,NA,"empirical",0.9,0,0.0714,28,1,1,1,2,0.1,0.145,0.0251,NA,NA,NA,5.2713,5.3953,5.3953,0,29.986,29.986,0.0517,437.8742,1935,1935,"0.15,0.2,0.3,0.35,0.45",0,1.4142,0.15,0.85,"0.005,0.01,0.05,0.1,0.3",NA,30,1,"approx",200,1000,0,3,1000,2000,5000,2,NA,NA,NA,NA,NA,NA,NA,NA,NA,NA,NA
"Set_5dose_methods_prior","Set_5dose_methods_prior_SC2",2,"CFO","cfo_empirical",NA,NA,NA,"empirical",0.9,0,0.0714,28,1,1,1,3,0.18,0.27,0.0927,NA,NA,NA,27.7519,8.5612,8.5612,0,29.986,29.986,0.0517,437.8742,1935,1935,"0.15,0.2,0.3,0.35,0.45",0,1.4142,0.15,0.85,"0.005,0.01,0.05,0.1,0.3",NA,30,1,"approx",200,1000,0,3,1000,2000,5000,2,NA,NA,NA,NA,NA,NA,NA,NA,NA,NA,NA
"Set_5dose_methods_prior","Set_5dose_methods_prior_SC2",2,"CFO","cfo_empirical",NA,NA,NA,"empirical",0.9,0,0.0714,28,1,1,1,4,0.3,0.462,0.2258,NA,NA,NA,44.4444,8.2093,8.2093,0,29.986,29.986,0.0517,437.8742,1935,1935,"0.15,0.2,0.3,0.35,0.45",0,1.4142,0.15,0.85,"0.005,0.01,0.05,0.1,0.3",NA,30,1,"approx",200,1000,0,3,1000,2000,5000,2,NA,NA,NA,NA,NA,NA,NA,NA,NA,NA,NA
"Set_5dose_methods_prior","Set_5dose_methods_prior_SC2",2,"CFO","cfo_empirical",NA,NA,NA,"empirical",0.9,0,0.0714,28,1,1,1,5,0.4,0.67,0.3769,NA,NA,NA,22.3256,4.1209,4.1209,0,29.986,29.986,0.0517,437.8742,1935,1935,"0.15,0.2,0.3,0.35,0.45",0,1.4142,0.15,0.85,"0.005,0.01,0.05,0.1,0.3",NA,30,1,"approx",200,1000,0,3,1000,2000,5000,2,NA,NA,NA,NA,NA,NA,NA,NA,NA,NA,NA
"Set_5dose_methods_prior","Set_5dose_methods_prior_SC2",2,"CFO","cfo_pride",NA,NA,NA,"pride",0.9,0,0.0714,28,1,1,1,1,0.05,0.05,0.0205,NA,NA,NA,6.5633,7.0031,7.0031,0,29.1938,29.1938,9.0956,426.7975,1935,1935,"0.15,0.2,0.3,0.35,0.45",0,1.4142,0.15,0.85,"0.005,0.01,0.05,0.1,0.3","PRIDE.bug",30,1,"approx",200,1000,0,3,1000,2000,5000,2,NA,NA,NA,NA,NA,NA,NA,NA,NA,NA,NA
"Set_5dose_methods_prior","Set_5dose_methods_prior_SC2",2,"CFO","cfo_pride",NA,NA,NA,"pride",0.9,0,0.0714,28,1,1,1,2,0.1,0.145,0.0722,NA,NA,NA,13.1266,6.3705,6.3705,0,29.1938,29.1938,9.0956,426.7975,1935,1935,"0.15,0.2,0.3,0.35,0.45",0,1.4142,0.15,0.85,"0.005,0.01,0.05,0.1,0.3","PRIDE.bug",30,1,"approx",200,1000,0,3,1000,2000,5000,2,NA,NA,NA,NA,NA,NA,NA,NA,NA,NA,NA
"Set_5dose_methods_prior","Set_5dose_methods_prior_SC2",2,"CFO","cfo_pride",NA,NA,NA,"pride",0.9,0,0.0714,28,1,1,1,3,0.18,0.27,0.116,NA,NA,NA,19.6899,6.4419,6.4419,0,29.1938,29.1938,9.0956,426.7975,1935,1935,"0.15,0.2,0.3,0.35,0.45",0,1.4142,0.15,0.85,"0.005,0.01,0.05,0.1,0.3","PRIDE.bug",30,1,"approx",200,1000,0,3,1000,2000,5000,2,NA,NA,NA,NA,NA,NA,NA,NA,NA,NA,NA
"Set_5dose_methods_prior","Set_5dose_methods_prior_SC2",2,"CFO","cfo_pride",NA,NA,NA,"pride",0.9,0,0.0714,28,1,1,1,4,0.3,0.462,0.1638,NA,NA,NA,20.4134,4.4915,4.4915,0,29.1938,29.1938,9.0956,426.7975,1935,1935,"0.15,0.2,0.3,0.35,0.45",0,1.4142,0.15,0.85,"0.005,0.01,0.05,0.1,0.3","PRIDE.bug",30,1,"approx",200,1000,0,3,1000,2000,5000,2,NA,NA,NA,NA,NA,NA,NA,NA,NA,NA,NA
"Set_5dose_methods_prior","Set_5dose_methods_prior_SC2",2,"CFO","cfo_pride",NA,NA,NA,"pride",0.9,0,0.0714,28,1,1,1,5,0.4,0.67,0.1476,NA,NA,NA,31.1111,4.8868,4.8868,0,29.1938,29.1938,9.0956,426.7975,1935,1935,"0.15,0.2,0.3,0.35,0.45",0,1.4142,0.15,0.85,"0.005,0.01,0.05,0.1,0.3","PRIDE.bug",30,1,"approx",200,1000,0,3,1000,2000,5000,2,NA,NA,NA,NA,NA,NA,NA,NA,NA,NA,NA
"Set_5dose_methods_prior","Set_5dose_methods_prior_SC2",2,"CFO","cfo_empirical",NA,NA,NA,"empirical",0.9,0,0.0714,28,2,1,1,1,0.05,0.05,0.007,NA,NA,NA,0.7752,3.862,3.862,0,29.986,22.5592,0.0517,356.0213,1935,1935,"0.15,0.2,0.3,0.35,0.45",0,1.4142,0.15,0.85,"0.005,0.01,0.05,0.1,0.3",NA,30,1,"approx",200,1000,0,3,1000,2000,5000,2,NA,NA,NA,NA,NA,NA,NA,NA,NA,NA,NA
"Set_5dose_methods_prior","Set_5dose_methods_prior_SC2",2,"CFO","cfo_empirical",NA,NA,NA,"empirical",0.9,0,0.0714,28,2,1,1,2,0.1,0.145,0.0413,NA,NA,NA,9.0439,6.6264,6.6264,3.1788,29.986,22.5592,0.0517,356.0213,1935,1935,"0.15,0.2,0.3,0.35,0.45",0,1.4142,0.15,0.85,"0.005,0.01,0.05,0.1,0.3",NA,30,1,"approx",200,1000,0,3,1000,2000,5000,2,NA,NA,NA,NA,NA,NA,NA,NA,NA,NA,NA
"Set_5dose_methods_prior","Set_5dose_methods_prior_SC2",2,"CFO","cfo_empirical",NA,NA,NA,"empirical",0.9,0,0.0714,28,2,1,1,3,0.18,0.27,0.119,NA,NA,NA,40.3101,9.6419,9.6419,1.3871,29.986,22.5592,0.0517,356.0213,1935,1935,"0.15,0.2,0.3,0.35,0.45",0,1.4142,0.15,0.85,"0.005,0.01,0.05,0.1,0.3",NA,30,1,"approx",200,1000,0,3,1000,2000,5000,2,NA,NA,NA,NA,NA,NA,NA,NA,NA,NA,NA
"Set_5dose_methods_prior","Set_5dose_methods_prior_SC2",2,"CFO","cfo_empirical",NA,NA,NA,"empirical",0.9,0,0.0714,28,2,1,1,4,0.3,0.462,0.2869,NA,NA,NA,41.2403,7.8744,7.8744,2.3788,29.986,22.5592,0.0517,356.0213,1935,1935,"0.15,0.2,0.3,0.35,0.45",0,1.4142,0.15,0.85,"0.005,0.01,0.05,0.1,0.3",NA,30,1,"approx",200,1000,0,3,1000,2000,5000,2,NA,NA,NA,NA,NA,NA,NA,NA,NA,NA,NA
"Set_5dose_methods_prior","Set_5dose_methods_prior_SC2",2,"CFO","cfo_empirical",NA,NA,NA,"empirical",0.9,0,0.0714,28,2,1,1,5,0.4,0.67,0.4443,NA,NA,NA,8.5788,1.9814,1.9814,0.4822,29.986,22.5592,0.0517,356.0213,1935,1935,"0.15,0.2,0.3,0.35,0.45",0,1.4142,0.15,0.85,"0.005,0.01,0.05,0.1,0.3",NA,30,1,"approx",200,1000,0,3,1000,2000,5000,2,NA,NA,NA,NA,NA,NA,NA,NA,NA,NA,NA
"Set_5dose_methods_prior","Set_5dose_methods_prior_SC2",2,"CFO","cfo_pride",NA,NA,NA,"pride",0.9,0,0.0714,28,2,1,1,1,0.05,0.05,0.0327,NA,NA,NA,11.9897,7.4326,7.4326,0,29.4155,21.6796,4.9096,347.2392,1935,1935,"0.15,0.2,0.3,0.35,0.45",0,1.4142,0.15,0.85,"0.005,0.01,0.05,0.1,0.3","PRIDE.bug",30,1,"approx",200,1000,0,3,1000,2000,5000,2,NA,NA,NA,NA,NA,NA,NA,NA,NA,NA,NA
"Set_5dose_methods_prior","Set_5dose_methods_prior_SC2",2,"CFO","cfo_pride",NA,NA,NA,"pride",0.9,0,0.0714,28,2,1,1,2,0.1,0.145,0.1007,NA,NA,NA,13.9535,7.493,7.493,3.6398,29.4155,21.6796,4.9096,347.2392,1935,1935,"0.15,0.2,0.3,0.35,0.45",0,1.4142,0.15,0.85,"0.005,0.01,0.05,0.1,0.3","PRIDE.bug",30,1,"approx",200,1000,0,3,1000,2000,5000,2,NA,NA,NA,NA,NA,NA,NA,NA,NA,NA,NA
"Set_5dose_methods_prior","Set_5dose_methods_prior_SC2",2,"CFO","cfo_pride",NA,NA,NA,"pride",0.9,0,0.0714,28,2,1,1,3,0.18,0.27,0.1289,NA,NA,NA,30.646,7.3783,7.3783,1.2687,29.4155,21.6796,4.9096,347.2392,1935,1935,"0.15,0.2,0.3,0.35,0.45",0,1.4142,0.15,0.85,"0.005,0.01,0.05,0.1,0.3","PRIDE.bug",30,1,"approx",200,1000,0,3,1000,2000,5000,2,NA,NA,NA,NA,NA,NA,NA,NA,NA,NA,NA
"Set_5dose_methods_prior","Set_5dose_methods_prior_SC2",2,"CFO","cfo_pride",NA,NA,NA,"pride",0.9,0,0.0714,28,2,1,1,4,0.3,0.462,0.2704,NA,NA,NA,26.0982,4.5395,4.5395,2.4889,29.4155,21.6796,4.9096,347.2392,1935,1935,"0.15,0.2,0.3,0.35,0.45",0,1.4142,0.15,0.85,"0.005,0.01,0.05,0.1,0.3","PRIDE.bug",30,1,"approx",200,1000,0,3,1000,2000,5000,2,NA,NA,NA,NA,NA,NA,NA,NA,NA,NA,NA
"Set_5dose_methods_prior","Set_5dose_methods_prior_SC2",2,"CFO","cfo_pride",NA,NA,NA,"pride",0.9,0,0.0714,28,2,1,1,5,0.4,0.67,0.0852,NA,NA,NA,12.4031,2.5721,2.5721,0.3385,29.4155,21.6796,4.9096,347.2392,1935,1935,"0.15,0.2,0.3,0.35,0.45",0,1.4142,0.15,0.85,"0.005,0.01,0.05,0.1,0.3","PRIDE.bug",30,1,"approx",200,1000,0,3,1000,2000,5000,2,NA,NA,NA,NA,NA,NA,NA,NA,NA,NA,NA
"Set_5dose_methods_prior","Set_5dose_methods_prior_SC2",2,"CFO","cfo_empirical",NA,NA,NA,"empirical",0.9,0,0.0714,28,3,1,1,1,0.05,0.05,0.0074,NA,NA,NA,0.7752,3.862,3.862,0,29.986,20.7509,0.0517,342.2344,1935,1935,"0.15,0.2,0.3,0.35,0.45",0,1.4142,0.15,0.85,"0.005,0.01,0.05,0.1,0.3",NA,30,1,"approx",200,1000,0,3,1000,2000,5000,2,NA,NA,NA,NA,NA,NA,NA,NA,NA,NA,NA
"Set_5dose_methods_prior","Set_5dose_methods_prior_SC2",2,"CFO","cfo_empirical",NA,NA,NA,"empirical",0.9,0,0.0714,28,3,1,1,2,0.1,0.145,0.0436,NA,NA,NA,10.5426,6.8853,6.8853,3.1855,29.986,20.7509,0.0517,342.2344,1935,1935,"0.15,0.2,0.3,0.35,0.45",0,1.4142,0.15,0.85,"0.005,0.01,0.05,0.1,0.3",NA,30,1,"approx",200,1000,0,3,1000,2000,5000,2,NA,NA,NA,NA,NA,NA,NA,NA,NA,NA,NA
"Set_5dose_methods_prior","Set_5dose_methods_prior_SC2",2,"CFO","cfo_empirical",NA,NA,NA,"empirical",0.9,0,0.0714,28,3,1,1,3,0.18,0.27,0.1382,NA,NA,NA,41.5504,10.3349,10.3349,3.676,29.986,20.7509,0.0517,342.2344,1935,1935,"0.15,0.2,0.3,0.35,0.45",0,1.4142,0.15,0.85,"0.005,0.01,0.05,0.1,0.3",NA,30,1,"approx",200,1000,0,3,1000,2000,5000,2,NA,NA,NA,NA,NA,NA,NA,NA,NA,NA,NA
"Set_5dose_methods_prior","Set_5dose_methods_prior_SC2",2,"CFO","cfo_empirical",NA,NA,NA,"empirical",0.9,0,0.0714,28,3,1,1,4,0.3,0.462,0.289,NA,NA,NA,39.2248,6.8899,6.8899,1.5328,29.986,20.7509,0.0517,342.2344,1935,1935,"0.15,0.2,0.3,0.35,0.45",0,1.4142,0.15,0.85,"0.005,0.01,0.05,0.1,0.3",NA,30,1,"approx",200,1000,0,3,1000,2000,5000,2,NA,NA,NA,NA,NA,NA,NA,NA,NA,NA,NA
"Set_5dose_methods_prior","Set_5dose_methods_prior_SC2",2,"CFO","cfo_empirical",NA,NA,NA,"empirical",0.9,0,0.0714,28,3,1,1,5,0.4,0.67,0.4673,NA,NA,NA,7.8553,2.014,2.014,0.8408,29.986,20.7509,0.0517,342.2344,1935,1935,"0.15,0.2,0.3,0.35,0.45",0,1.4142,0.15,0.85,"0.005,0.01,0.05,0.1,0.3",NA,30,1,"approx",200,1000,0,3,1000,2000,5000,2,NA,NA,NA,NA,NA,NA,NA,NA,NA,NA,NA
"Set_5dose_methods_prior","Set_5dose_methods_prior_SC2",2,"CFO","cfo_pride",NA,NA,NA,"pride",0.9,0,0.0714,28,3,1,1,1,0.05,0.05,0.0332,NA,NA,NA,12.1964,7.4047,7.4047,0,29.4713,20.6434,4.5478,336.5951,1935,1935,"0.15,0.2,0.3,0.35,0.45",0,1.4142,0.15,0.85,"0.005,0.01,0.05,0.1,0.3","PRIDE.bug",30,1,"approx",200,1000,0,3,1000,2000,5000,2,NA,NA,NA,NA,NA,NA,NA,NA,NA,NA,NA
"Set_5dose_methods_prior","Set_5dose_methods_prior_SC2",2,"CFO","cfo_pride",NA,NA,NA,"pride",0.9,0,0.0714,28,3,1,1,2,0.1,0.145,0.1023,NA,NA,NA,17.5711,8.3287,8.3287,3.6811,29.4713,20.6434,4.5478,336.5951,1935,1935,"0.15,0.2,0.3,0.35,0.45",0,1.4142,0.15,0.85,"0.005,0.01,0.05,0.1,0.3","PRIDE.bug",30,1,"approx",200,1000,0,3,1000,2000,5000,2,NA,NA,NA,NA,NA,NA,NA,NA,NA,NA,NA
"Set_5dose_methods_prior","Set_5dose_methods_prior_SC2",2,"CFO","cfo_pride",NA,NA,NA,"pride",0.9,0,0.0714,28,3,1,1,3,0.18,0.27,0.1665,NA,NA,NA,21.8605,6.1721,6.1721,3.4346,29.4713,20.6434,4.5478,336.5951,1935,1935,"0.15,0.2,0.3,0.35,0.45",0,1.4142,0.15,0.85,"0.005,0.01,0.05,0.1,0.3","PRIDE.bug",30,1,"approx",200,1000,0,3,1000,2000,5000,2,NA,NA,NA,NA,NA,NA,NA,NA,NA,NA,NA
"Set_5dose_methods_prior","Set_5dose_methods_prior_SC2",2,"CFO","cfo_pride",NA,NA,NA,"pride",0.9,0,0.0714,28,3,1,1,4,0.3,0.462,0.153,NA,NA,NA,43.4109,6.5767,6.5767,0.7633,29.4713,20.6434,4.5478,336.5951,1935,1935,"0.15,0.2,0.3,0.35,0.45",0,1.4142,0.15,0.85,"0.005,0.01,0.05,0.1,0.3","PRIDE.bug",30,1,"approx",200,1000,0,3,1000,2000,5000,2,NA,NA,NA,NA,NA,NA,NA,NA,NA,NA,NA
"Set_5dose_methods_prior","Set_5dose_methods_prior_SC2",2,"CFO","cfo_pride",NA,NA,NA,"pride",0.9,0,0.0714,28,3,1,1,5,0.4,0.67,0.6541,NA,NA,NA,0.4134,0.9891,0.9891,0.9488,29.4713,20.6434,4.5478,336.5951,1935,1935,"0.15,0.2,0.3,0.35,0.45",0,1.4142,0.15,0.85,"0.005,0.01,0.05,0.1,0.3","PRIDE.bug",30,1,"approx",200,1000,0,3,1000,2000,5000,2,NA,NA,NA,NA,NA,NA,NA,NA,NA,NA,NA
"Set_5dose_methods_prior","Set_5dose_methods_prior_SC3",3,"CFO","cfo_empirical",NA,NA,NA,"empirical",0,0,0.0714,28,1,1,1,1,0.15,0.15,0.0427,NA,NA,NA,10.5426,7.6574,7.6574,0,29.7488,29.7488,1.0336,434.8499,1935,1935,"0.15,0.2,0.3,0.35,0.45",0,1.4142,0.15,0.85,"0.005,0.01,0.05,0.1,0.3",NA,30,1,"approx",200,1000,0,3,1000,2000,5000,2,NA,NA,NA,NA,NA,NA,NA,NA,NA,NA,NA
"Set_5dose_methods_prior","Set_5dose_methods_prior_SC3",3,"CFO","cfo_empirical",NA,NA,NA,"empirical",0,0,0.0714,28,1,1,1,2,0.2,0.2,0.1063,NA,NA,NA,29.7674,9.4047,9.4047,0,29.7488,29.7488,1.0336,434.8499,1935,1935,"0.15,0.2,0.3,0.35,0.45",0,1.4142,0.15,0.85,"0.005,0.01,0.05,0.1,0.3",NA,30,1,"approx",200,1000,0,3,1000,2000,5000,2,NA,NA,NA,NA,NA,NA,NA,NA,NA,NA,NA
"Set_5dose_methods_prior","Set_5dose_methods_prior_SC3",3,"CFO","cfo_empirical",NA,NA,NA,"empirical",0,0,0.0714,28,1,1,1,3,0.3,0.3,0.2124,NA,NA,NA,33.6434,8.0062,8.0062,0,29.7488,29.7488,1.0336,434.8499,1935,1935,"0.15,0.2,0.3,0.35,0.45",0,1.4142,0.15,0.85,"0.005,0.01,0.05,0.1,0.3",NA,30,1,"approx",200,1000,0,3,1000,2000,5000,2,NA,NA,NA,NA,NA,NA,NA,NA,NA,NA,NA
"Set_5dose_methods_prior","Set_5dose_methods_prior_SC3",3,"CFO","cfo_empirical",NA,NA,NA,"empirical",0,0,0.0714,28,1,1,1,4,0.35,0.35,0.2969,NA,NA,NA,19.2248,3.4744,3.4744,0,29.7488,29.7488,1.0336,434.8499,1935,1935,"0.15,0.2,0.3,0.35,0.45",0,1.4142,0.15,0.85,"0.005,0.01,0.05,0.1,0.3",NA,30,1,"approx",200,1000,0,3,1000,2000,5000,2,NA,NA,NA,NA,NA,NA,NA,NA,NA,NA,NA
"Set_5dose_methods_prior","Set_5dose_methods_prior_SC3",3,"CFO","cfo_empirical",NA,NA,NA,"empirical",0,0,0.0714,28,1,1,1,5,0.45,0.45,0.4155,NA,NA,NA,5.7881,1.2062,1.2062,0,29.7488,29.7488,1.0336,434.8499,1935,1935,"0.15,0.2,0.3,0.35,0.45",0,1.4142,0.15,0.85,"0.005,0.01,0.05,0.1,0.3",NA,30,1,"approx",200,1000,0,3,1000,2000,5000,2,NA,NA,NA,NA,NA,NA,NA,NA,NA,NA,NA
"Set_5dose_methods_prior","Set_5dose_methods_prior_SC3",3,"CFO","cfo_pride",NA,NA,NA,"pride",0,0,0.0714,28,1,1,1,1,0.15,0.15,0.0456,NA,NA,NA,10.5943,9.8667,9.8667,0,26.0295,26.0295,30.5426,382.5432,1935,1935,"0.15,0.2,0.3,0.35,0.45",0,1.4142,0.15,0.85,"0.005,0.01,0.05,0.1,0.3","PRIDE.bug",30,1,"approx",200,1000,0,3,1000,2000,5000,2,NA,NA,NA,NA,NA,NA,NA,NA,NA,NA,NA
"Set_5dose_methods_prior","Set_5dose_methods_prior_SC3",3,"CFO","cfo_pride",NA,NA,NA,"pride",0,0,0.0714,28,1,1,1,2,0.2,0.2,0.1068,NA,NA,NA,12.5581,6.3225,6.3225,0,26.0295,26.0295,30.5426,382.5432,1935,1935,"0.15,0.2,0.3,0.35,0.45",0,1.4142,0.15,0.85,"0.005,0.01,0.05,0.1,0.3","PRIDE.bug",30,1,"approx",200,1000,0,3,1000,2000,5000,2,NA,NA,NA,NA,NA,NA,NA,NA,NA,NA,NA
"Set_5dose_methods_prior","Set_5dose_methods_prior_SC3",3,"CFO","cfo_pride",NA,NA,NA,"pride",0,0,0.0714,28,1,1,1,3,0.3,0.3,0.1604,NA,NA,NA,15.0904,3.9969,3.9969,0,26.0295,26.0295,30.5426,382.5432,1935,1935,"0.15,0.2,0.3,0.35,0.45",0,1.4142,0.15,0.85,"0.005,0.01,0.05,0.1,0.3","PRIDE.bug",30,1,"approx",200,1000,0,3,1000,2000,5000,2,NA,NA,NA,NA,NA,NA,NA,NA,NA,NA,NA
"Set_5dose_methods_prior","Set_5dose_methods_prior_SC3",3,"CFO","cfo_pride",NA,NA,NA,"pride",0,0,0.0714,28,1,1,1,4,0.35,0.35,0.0981,NA,NA,NA,8.3204,2.3907,2.3907,0,26.0295,26.0295,30.5426,382.5432,1935,1935,"0.15,0.2,0.3,0.35,0.45",0,1.4142,0.15,0.85,"0.005,0.01,0.05,0.1,0.3","PRIDE.bug",30,1,"approx",200,1000,0,3,1000,2000,5000,2,NA,NA,NA,NA,NA,NA,NA,NA,NA,NA,NA
"Set_5dose_methods_prior","Set_5dose_methods_prior_SC3",3,"CFO","cfo_pride",NA,NA,NA,"pride",0,0,0.0714,28,1,1,1,5,0.45,0.45,0.1624,NA,NA,NA,22.8941,3.4527,3.4527,0,26.0295,26.0295,30.5426,382.5432,1935,1935,"0.15,0.2,0.3,0.35,0.45",0,1.4142,0.15,0.85,"0.005,0.01,0.05,0.1,0.3","PRIDE.bug",30,1,"approx",200,1000,0,3,1000,2000,5000,2,NA,NA,NA,NA,NA,NA,NA,NA,NA,NA,NA
"Set_5dose_methods_prior","Set_5dose_methods_prior_SC3",3,"CFO","cfo_empirical",NA,NA,NA,"empirical",0,0,0.0714,28,2,1,1,1,0.15,0.15,0.0427,NA,NA,NA,10.5426,7.6574,7.6574,0,29.7488,24.0021,1.0336,371.6471,1935,1935,"0.15,0.2,0.3,0.35,0.45",0,1.4142,0.15,0.85,"0.005,0.01,0.05,0.1,0.3",NA,30,1,"approx",200,1000,0,3,1000,2000,5000,2,NA,NA,NA,NA,NA,NA,NA,NA,NA,NA,NA
"Set_5dose_methods_prior","Set_5dose_methods_prior_SC3",3,"CFO","cfo_empirical",NA,NA,NA,"empirical",0,0,0.0714,28,2,1,1,2,0.2,0.2,0.1063,NA,NA,NA,29.7674,9.4047,9.4047,3.4548,29.7488,24.0021,1.0336,371.6471,1935,1935,"0.15,0.2,0.3,0.35,0.45",0,1.4142,0.15,0.85,"0.005,0.01,0.05,0.1,0.3",NA,30,1,"approx",200,1000,0,3,1000,2000,5000,2,NA,NA,NA,NA,NA,NA,NA,NA,NA,NA,NA
"Set_5dose_methods_prior","Set_5dose_methods_prior_SC3",3,"CFO","cfo_empirical",NA,NA,NA,"empirical",0,0,0.0714,28,2,1,1,3,0.3,0.3,0.2124,NA,NA,NA,33.6434,8.0062,8.0062,1.0072,29.7488,24.0021,1.0336,371.6471,1935,1935,"0.15,0.2,0.3,0.35,0.45",0,1.4142,0.15,0.85,"0.005,0.01,0.05,0.1,0.3",NA,30,1,"approx",200,1000,0,3,1000,2000,5000,2,NA,NA,NA,NA,NA,NA,NA,NA,NA,NA,NA
"Set_5dose_methods_prior","Set_5dose_methods_prior_SC3",3,"CFO","cfo_empirical",NA,NA,NA,"empirical",0,0,0.0714,28,2,1,1,4,0.35,0.35,0.2969,NA,NA,NA,19.2248,3.4744,3.4744,1.0724,29.7488,24.0021,1.0336,371.6471,1935,1935,"0.15,0.2,0.3,0.35,0.45",0,1.4142,0.15,0.85,"0.005,0.01,0.05,0.1,0.3",NA,30,1,"approx",200,1000,0,3,1000,2000,5000,2,NA,NA,NA,NA,NA,NA,NA,NA,NA,NA,NA
"Set_5dose_methods_prior","Set_5dose_methods_prior_SC3",3,"CFO","cfo_empirical",NA,NA,NA,"empirical",0,0,0.0714,28,2,1,1,5,0.45,0.45,0.4155,NA,NA,NA,5.7881,1.2062,1.2062,0.2124,29.7488,24.0021,1.0336,371.6471,1935,1935,"0.15,0.2,0.3,0.35,0.45",0,1.4142,0.15,0.85,"0.005,0.01,0.05,0.1,0.3",NA,30,1,"approx",200,1000,0,3,1000,2000,5000,2,NA,NA,NA,NA,NA,NA,NA,NA,NA,NA,NA
"Set_5dose_methods_prior","Set_5dose_methods_prior_SC3",3,"CFO","cfo_pride",NA,NA,NA,"pride",0,0,0.0714,28,2,1,1,1,0.15,0.15,0.0717,NA,NA,NA,19.0181,10.0791,10.0791,0,26.5783,20.0506,22.3773,323.7068,1935,1935,"0.15,0.2,0.3,0.35,0.45",0,1.4142,0.15,0.85,"0.005,0.01,0.05,0.1,0.3","PRIDE.bug",30,1,"approx",200,1000,0,3,1000,2000,5000,2,NA,NA,NA,NA,NA,NA,NA,NA,NA,NA,NA
"Set_5dose_methods_prior","Set_5dose_methods_prior_SC3",3,"CFO","cfo_pride",NA,NA,NA,"pride",0,0,0.0714,28,2,1,1,2,0.2,0.2,0.1349,NA,NA,NA,12.6098,7.0062,7.0062,3.1359,26.5783,20.0506,22.3773,323.7068,1935,1935,"0.15,0.2,0.3,0.35,0.45",0,1.4142,0.15,0.85,"0.005,0.01,0.05,0.1,0.3","PRIDE.bug",30,1,"approx",200,1000,0,3,1000,2000,5000,2,NA,NA,NA,NA,NA,NA,NA,NA,NA,NA,NA
"Set_5dose_methods_prior","Set_5dose_methods_prior_SC3",3,"CFO","cfo_pride",NA,NA,NA,"pride",0,0,0.0714,28,2,1,1,3,0.3,0.3,0.1895,NA,NA,NA,15.0388,3.9581,3.9581,1.6956,26.5783,20.0506,22.3773,323.7068,1935,1935,"0.15,0.2,0.3,0.35,0.45",0,1.4142,0.15,0.85,"0.005,0.01,0.05,0.1,0.3","PRIDE.bug",30,1,"approx",200,1000,0,3,1000,2000,5000,2,NA,NA,NA,NA,NA,NA,NA,NA,NA,NA,NA
"Set_5dose_methods_prior","Set_5dose_methods_prior_SC3",3,"CFO","cfo_pride",NA,NA,NA,"pride",0,0,0.0714,28,2,1,1,4,0.35,0.35,0.1151,NA,NA,NA,8.2171,2.3457,2.3457,1.0346,26.5783,20.0506,22.3773,323.7068,1935,1935,"0.15,0.2,0.3,0.35,0.45",0,1.4142,0.15,0.85,"0.005,0.01,0.05,0.1,0.3","PRIDE.bug",30,1,"approx",200,1000,0,3,1000,2000,5000,2,NA,NA,NA,NA,NA,NA,NA,NA,NA,NA,NA
"Set_5dose_methods_prior","Set_5dose_methods_prior_SC3",3,"CFO","cfo_pride",NA,NA,NA,"pride",0,0,0.0714,28,2,1,1,5,0.45,0.45,0.1603,NA,NA,NA,22.739,3.1891,3.1891,0.6615,26.5783,20.0506,22.3773,323.7068,1935,1935,"0.15,0.2,0.3,0.35,0.45",0,1.4142,0.15,0.85,"0.005,0.01,0.05,0.1,0.3","PRIDE.bug",30,1,"approx",200,1000,0,3,1000,2000,5000,2,NA,NA,NA,NA,NA,NA,NA,NA,NA,NA,NA
"Set_5dose_methods_prior","Set_5dose_methods_prior_SC3",3,"CFO","cfo_empirical",NA,NA,NA,"empirical",0,0,0.0714,28,3,1,1,1,0.15,0.15,0.0427,NA,NA,NA,10.5426,7.6574,7.6574,0,29.7488,22.5039,1.0336,358.4911,1935,1935,"0.15,0.2,0.3,0.35,0.45",0,1.4142,0.15,0.85,"0.005,0.01,0.05,0.1,0.3",NA,30,1,"approx",200,1000,0,3,1000,2000,5000,2,NA,NA,NA,NA,NA,NA,NA,NA,NA,NA,NA
"Set_5dose_methods_prior","Set_5dose_methods_prior_SC3",3,"CFO","cfo_empirical",NA,NA,NA,"empirical",0,0,0.0714,28,3,1,1,2,0.2,0.2,0.1063,NA,NA,NA,29.7674,9.4047,9.4047,3.4548,29.7488,22.5039,1.0336,358.4911,1935,1935,"0.15,0.2,0.3,0.35,0.45",0,1.4142,0.15,0.85,"0.005,0.01,0.05,0.1,0.3",NA,30,1,"approx",200,1000,0,3,1000,2000,5000,2,NA,NA,NA,NA,NA,NA,NA,NA,NA,NA,NA
"Set_5dose_methods_prior","Set_5dose_methods_prior_SC3",3,"CFO","cfo_empirical",NA,NA,NA,"empirical",0,0,0.0714,28,3,1,1,3,0.3,0.3,0.2124,NA,NA,NA,33.6434,8.0062,8.0062,2.7995,29.7488,22.5039,1.0336,358.4911,1935,1935,"0.15,0.2,0.3,0.35,0.45",0,1.4142,0.15,0.85,"0.005,0.01,0.05,0.1,0.3",NA,30,1,"approx",200,1000,0,3,1000,2000,5000,2,NA,NA,NA,NA,NA,NA,NA,NA,NA,NA,NA
"Set_5dose_methods_prior","Set_5dose_methods_prior_SC3",3,"CFO","cfo_empirical",NA,NA,NA,"empirical",0,0,0.0714,28,3,1,1,4,0.35,0.35,0.2969,NA,NA,NA,19.2248,3.4744,3.4744,0.5628,29.7488,22.5039,1.0336,358.4911,1935,1935,"0.15,0.2,0.3,0.35,0.45",0,1.4142,0.15,0.85,"0.005,0.01,0.05,0.1,0.3",NA,30,1,"approx",200,1000,0,3,1000,2000,5000,2,NA,NA,NA,NA,NA,NA,NA,NA,NA,NA,NA
"Set_5dose_methods_prior","Set_5dose_methods_prior_SC3",3,"CFO","cfo_empirical",NA,NA,NA,"empirical",0,0,0.0714,28,3,1,1,5,0.45,0.45,0.4155,NA,NA,NA,5.7881,1.2062,1.2062,0.4279,29.7488,22.5039,1.0336,358.4911,1935,1935,"0.15,0.2,0.3,0.35,0.45",0,1.4142,0.15,0.85,"0.005,0.01,0.05,0.1,0.3",NA,30,1,"approx",200,1000,0,3,1000,2000,5000,2,NA,NA,NA,NA,NA,NA,NA,NA,NA,NA,NA
"Set_5dose_methods_prior","Set_5dose_methods_prior_SC3",3,"CFO","cfo_pride",NA,NA,NA,"pride",0,0,0.0714,28,3,1,1,1,0.15,0.15,0.0688,NA,NA,NA,18.0879,9.9767,9.9767,0,26.5876,18.861,23.0491,313.4951,1935,1935,"0.15,0.2,0.3,0.35,0.45",0,1.4142,0.15,0.85,"0.005,0.01,0.05,0.1,0.3","PRIDE.bug",30,1,"approx",200,1000,0,3,1000,2000,5000,2,NA,NA,NA,NA,NA,NA,NA,NA,NA,NA,NA
"Set_5dose_methods_prior","Set_5dose_methods_prior_SC3",3,"CFO","cfo_pride",NA,NA,NA,"pride",0,0,0.0714,28,3,1,1,2,0.2,0.2,0.1319,NA,NA,NA,12.6615,7.1256,7.1256,3.1561,26.5876,18.861,23.0491,313.4951,1935,1935,"0.15,0.2,0.3,0.35,0.45",0,1.4142,0.15,0.85,"0.005,0.01,0.05,0.1,0.3","PRIDE.bug",30,1,"approx",200,1000,0,3,1000,2000,5000,2,NA,NA,NA,NA,NA,NA,NA,NA,NA,NA,NA
"Set_5dose_methods_prior","Set_5dose_methods_prior_SC3",3,"CFO","cfo_pride",NA,NA,NA,"pride",0,0,0.0714,28,3,1,1,3,0.3,0.3,0.1828,NA,NA,NA,15.0388,4.0419,4.0419,2.9473,26.5876,18.861,23.0491,313.4951,1935,1935,"0.15,0.2,0.3,0.35,0.45",0,1.4142,0.15,0.85,"0.005,0.01,0.05,0.1,0.3","PRIDE.bug",30,1,"approx",200,1000,0,3,1000,2000,5000,2,NA,NA,NA,NA,NA,NA,NA,NA,NA,NA,NA
"Set_5dose_methods_prior","Set_5dose_methods_prior_SC3",3,"CFO","cfo_pride",NA,NA,NA,"pride",0,0,0.0714,28,3,1,1,4,0.35,0.35,0.1009,NA,NA,NA,8.3204,2.245,2.245,0.5328,26.5876,18.861,23.0491,313.4951,1935,1935,"0.15,0.2,0.3,0.35,0.45",0,1.4142,0.15,0.85,"0.005,0.01,0.05,0.1,0.3","PRIDE.bug",30,1,"approx",200,1000,0,3,1000,2000,5000,2,NA,NA,NA,NA,NA,NA,NA,NA,NA,NA,NA
"Set_5dose_methods_prior","Set_5dose_methods_prior_SC3",3,"CFO","cfo_pride",NA,NA,NA,"pride",0,0,0.0714,28,3,1,1,5,0.45,0.45,0.1596,NA,NA,NA,22.8424,3.1984,3.1984,1.0904,26.5876,18.861,23.0491,313.4951,1935,1935,"0.15,0.2,0.3,0.35,0.45",0,1.4142,0.15,0.85,"0.005,0.01,0.05,0.1,0.3","PRIDE.bug",30,1,"approx",200,1000,0,3,1000,2000,5000,2,NA,NA,NA,NA,NA,NA,NA,NA,NA,NA,NA
"Set_5dose_methods_prior","Set_5dose_methods_prior_SC3",3,"CFO","cfo_empirical",NA,NA,NA,"empirical",0.3,0,0.0714,28,1,1,1,1,0.15,0.15,0.0427,NA,NA,NA,10.5426,7.6574,7.6574,0,29.7488,29.7488,1.0336,434.8499,1935,1935,"0.15,0.2,0.3,0.35,0.45",0,1.4142,0.15,0.85,"0.005,0.01,0.05,0.1,0.3",NA,30,1,"approx",200,1000,0,3,1000,2000,5000,2,NA,NA,NA,NA,NA,NA,NA,NA,NA,NA,NA
"Set_5dose_methods_prior","Set_5dose_methods_prior_SC3",3,"CFO","cfo_empirical",NA,NA,NA,"empirical",0.3,0,0.0714,28,1,1,1,2,0.2,0.245,0.1063,NA,NA,NA,29.7674,9.4047,9.4047,0,29.7488,29.7488,1.0336,434.8499,1935,1935,"0.15,0.2,0.3,0.35,0.45",0,1.4142,0.15,0.85,"0.005,0.01,0.05,0.1,0.3",NA,30,1,"approx",200,1000,0,3,1000,2000,5000,2,NA,NA,NA,NA,NA,NA,NA,NA,NA,NA,NA
"Set_5dose_methods_prior","Set_5dose_methods_prior_SC3",3,"CFO","cfo_empirical",NA,NA,NA,"empirical",0.3,0,0.0714,28,1,1,1,3,0.3,0.36,0.2124,NA,NA,NA,33.6434,8.0062,8.0062,0,29.7488,29.7488,1.0336,434.8499,1935,1935,"0.15,0.2,0.3,0.35,0.45",0,1.4142,0.15,0.85,"0.005,0.01,0.05,0.1,0.3",NA,30,1,"approx",200,1000,0,3,1000,2000,5000,2,NA,NA,NA,NA,NA,NA,NA,NA,NA,NA,NA
"Set_5dose_methods_prior","Set_5dose_methods_prior_SC3",3,"CFO","cfo_empirical",NA,NA,NA,"empirical",0.3,0,0.0714,28,1,1,1,4,0.35,0.44,0.2969,NA,NA,NA,19.2248,3.4744,3.4744,0,29.7488,29.7488,1.0336,434.8499,1935,1935,"0.15,0.2,0.3,0.35,0.45",0,1.4142,0.15,0.85,"0.005,0.01,0.05,0.1,0.3",NA,30,1,"approx",200,1000,0,3,1000,2000,5000,2,NA,NA,NA,NA,NA,NA,NA,NA,NA,NA,NA
"Set_5dose_methods_prior","Set_5dose_methods_prior_SC3",3,"CFO","cfo_empirical",NA,NA,NA,"empirical",0.3,0,0.0714,28,1,1,1,5,0.45,0.555,0.4155,NA,NA,NA,5.7881,1.2062,1.2062,0,29.7488,29.7488,1.0336,434.8499,1935,1935,"0.15,0.2,0.3,0.35,0.45",0,1.4142,0.15,0.85,"0.005,0.01,0.05,0.1,0.3",NA,30,1,"approx",200,1000,0,3,1000,2000,5000,2,NA,NA,NA,NA,NA,NA,NA,NA,NA,NA,NA
"Set_5dose_methods_prior","Set_5dose_methods_prior_SC3",3,"CFO","cfo_pride",NA,NA,NA,"pride",0.3,0,0.0714,28,1,1,1,1,0.15,0.15,0.0427,NA,NA,NA,9.7158,9.8093,9.8093,0,25.9116,25.9116,31.7829,381.2621,1935,1935,"0.15,0.2,0.3,0.35,0.45",0,1.4142,0.15,0.85,"0.005,0.01,0.05,0.1,0.3","PRIDE.bug",30,1,"approx",200,1000,0,3,1000,2000,5000,2,NA,NA,NA,NA,NA,NA,NA,NA,NA,NA,NA
"Set_5dose_methods_prior","Set_5dose_methods_prior_SC3",3,"CFO","cfo_pride",NA,NA,NA,"pride",0.3,0,0.0714,28,1,1,1,2,0.2,0.245,0.1052,NA,NA,NA,12.5581,6.2946,6.2946,0,25.9116,25.9116,31.7829,381.2621,1935,1935,"0.15,0.2,0.3,0.35,0.45",0,1.4142,0.15,0.85,"0.005,0.01,0.05,0.1,0.3","PRIDE.bug",30,1,"approx",200,1000,0,3,1000,2000,5000,2,NA,NA,NA,NA,NA,NA,NA,NA,NA,NA,NA
"Set_5dose_methods_prior","Set_5dose_methods_prior_SC3",3,"CFO","cfo_pride",NA,NA,NA,"pride",0.3,0,0.0714,28,1,1,1,3,0.3,0.36,0.156,NA,NA,NA,14.9354,3.9798,3.9798,0,25.9116,25.9116,31.7829,381.2621,1935,1935,"0.15,0.2,0.3,0.35,0.45",0,1.4142,0.15,0.85,"0.005,0.01,0.05,0.1,0.3","PRIDE.bug",30,1,"approx",200,1000,0,3,1000,2000,5000,2,NA,NA,NA,NA,NA,NA,NA,NA,NA,NA,NA
"Set_5dose_methods_prior","Set_5dose_methods_prior_SC3",3,"CFO","cfo_pride",NA,NA,NA,"pride",0.3,0,0.0714,28,1,1,1,4,0.35,0.44,0.0997,NA,NA,NA,8.2171,2.3798,2.3798,0,25.9116,25.9116,31.7829,381.2621,1935,1935,"0.15,0.2,0.3,0.35,0.45",0,1.4142,0.15,0.85,"0.005,0.01,0.05,0.1,0.3","PRIDE.bug",30,1,"approx",200,1000,0,3,1000,2000,5000,2,NA,NA,NA,NA,NA,NA,NA,NA,NA,NA,NA
"Set_5dose_methods_prior","Set_5dose_methods_prior_SC3",3,"CFO","cfo_pride",NA,NA,NA,"pride",0.3,0,0.0714,28,1,1,1,5,0.45,0.555,0.1603,NA,NA,NA,22.7907,3.4481,3.4481,0,25.9116,25.9116,31.7829,381.2621,1935,1935,"0.15,0.2,0.3,0.35,0.45",0,1.4142,0.15,0.85,"0.005,0.01,0.05,0.1,0.3","PRIDE.bug",30,1,"approx",200,1000,0,3,1000,2000,5000,2,NA,NA,NA,NA,NA,NA,NA,NA,NA,NA,NA
"Set_5dose_methods_prior","Set_5dose_methods_prior_SC3",3,"CFO","cfo_empirical",NA,NA,NA,"empirical",0.3,0,0.0714,28,2,1,1,1,0.15,0.15,0.0476,NA,NA,NA,12.7649,8.0589,8.0589,0,29.7488,24.0537,1.0336,372.2529,1935,1935,"0.15,0.2,0.3,0.35,0.45",0,1.4142,0.15,0.85,"0.005,0.01,0.05,0.1,0.3",NA,30,1,"approx",200,1000,0,3,1000,2000,5000,2,NA,NA,NA,NA,NA,NA,NA,NA,NA,NA,NA
"Set_5dose_methods_prior","Set_5dose_methods_prior_SC3",3,"CFO","cfo_empirical",NA,NA,NA,"empirical",0.3,0,0.0714,28,2,1,1,2,0.2,0.245,0.1243,NA,NA,NA,34.1085,10.3008,10.3008,3.5225,29.7488,24.0537,1.0336,372.2529,1935,1935,"0.15,0.2,0.3,0.35,0.45",0,1.4142,0.15,0.85,"0.005,0.01,0.05,0.1,0.3",NA,30,1,"approx",200,1000,0,3,1000,2000,5000,2,NA,NA,NA,NA,NA,NA,NA,NA,NA,NA,NA
"Set_5dose_methods_prior","Set_5dose_methods_prior_SC3",3,"CFO","cfo_empirical",NA,NA,NA,"empirical",0.3,0,0.0714,28,2,1,1,3,0.3,0.36,0.2295,NA,NA,NA,32.4548,7.5891,7.5891,1.0925,29.7488,24.0537,1.0336,372.2529,1935,1935,"0.15,0.2,0.3,0.35,0.45",0,1.4142,0.15,0.85,"0.005,0.01,0.05,0.1,0.3",NA,30,1,"approx",200,1000,0,3,1000,2000,5000,2,NA,NA,NA,NA,NA,NA,NA,NA,NA,NA,NA
"Set_5dose_methods_prior","Set_5dose_methods_prior_SC3",3,"CFO","cfo_empirical",NA,NA,NA,"empirical",0.3,0,0.0714,28,2,1,1,4,0.35,0.44,0.3378,NA,NA,NA,16.8992,3.1116,3.1116,0.9189,29.7488,24.0537,1.0336,372.2529,1935,1935,"0.15,0.2,0.3,0.35,0.45",0,1.4142,0.15,0.85,"0.005,0.01,0.05,0.1,0.3",NA,30,1,"approx",200,1000,0,3,1000,2000,5000,2,NA,NA,NA,NA,NA,NA,NA,NA,NA,NA,NA
"Set_5dose_methods_prior","Set_5dose_methods_prior_SC3",3,"CFO","cfo_empirical",NA,NA,NA,"empirical",0.3,0,0.0714,28,2,1,1,5,0.45,0.555,0.456,NA,NA,NA,2.739,0.6884,0.6884,0.1612,29.7488,24.0537,1.0336,372.2529,1935,1935,"0.15,0.2,0.3,0.35,0.45",0,1.4142,0.15,0.85,"0.005,0.01,0.05,0.1,0.3",NA,30,1,"approx",200,1000,0,3,1000,2000,5000,2,NA,NA,NA,NA,NA,NA,NA,NA,NA,NA,NA
"Set_5dose_methods_prior","Set_5dose_methods_prior_SC3",3,"CFO","cfo_pride",NA,NA,NA,"pride",0.3,0,0.0714,28,2,1,1,1,0.15,0.15,0.0733,NA,NA,NA,20.2067,10.8124,10.8124,0,26.6202,20.5783,22.1705,326.2818,1935,1935,"0.15,0.2,0.3,0.35,0.45",0,1.4142,0.15,0.85,"0.005,0.01,0.05,0.1,0.3","PRIDE.bug",30,1,"approx",200,1000,0,3,1000,2000,5000,2,NA,NA,NA,NA,NA,NA,NA,NA,NA,NA,NA
"Set_5dose_methods_prior","Set_5dose_methods_prior_SC3",3,"CFO","cfo_pride",NA,NA,NA,"pride",0.3,0,0.0714,28,2,1,1,2,0.2,0.245,0.1592,NA,NA,NA,14.522,7.3597,7.3597,3.186,26.6202,20.5783,22.1705,326.2818,1935,1935,"0.15,0.2,0.3,0.35,0.45",0,1.4142,0.15,0.85,"0.005,0.01,0.05,0.1,0.3","PRIDE.bug",30,1,"approx",200,1000,0,3,1000,2000,5000,2,NA,NA,NA,NA,NA,NA,NA,NA,NA,NA,NA
"Set_5dose_methods_prior","Set_5dose_methods_prior_SC3",3,"CFO","cfo_pride",NA,NA,NA,"pride",0.3,0,0.0714,28,2,1,1,3,0.3,0.36,0.1918,NA,NA,NA,16.8992,3.7008,3.7008,1.4693,26.6202,20.5783,22.1705,326.2818,1935,1935,"0.15,0.2,0.3,0.35,0.45",0,1.4142,0.15,0.85,"0.005,0.01,0.05,0.1,0.3","PRIDE.bug",30,1,"approx",200,1000,0,3,1000,2000,5000,2,NA,NA,NA,NA,NA,NA,NA,NA,NA,NA,NA
"Set_5dose_methods_prior","Set_5dose_methods_prior_SC3",3,"CFO","cfo_pride",NA,NA,NA,"pride",0.3,0,0.0714,28,2,1,1,4,0.35,0.44,0.1248,NA,NA,NA,15.6072,2.6419,2.6419,1.0532,26.6202,20.5783,22.1705,326.2818,1935,1935,"0.15,0.2,0.3,0.35,0.45",0,1.4142,0.15,0.85,"0.005,0.01,0.05,0.1,0.3","PRIDE.bug",30,1,"approx",200,1000,0,3,1000,2000,5000,2,NA,NA,NA,NA,NA,NA,NA,NA,NA,NA,NA
"Set_5dose_methods_prior","Set_5dose_methods_prior_SC3",3,"CFO","cfo_pride",NA,NA,NA,"pride",0.3,0,0.0714,28,2,1,1,5,0.45,0.555,0.2338,NA,NA,NA,10.5943,2.1054,2.1054,0.3333,26.6202,20.5783,22.1705,326.2818,1935,1935,"0.15,0.2,0.3,0.35,0.45",0,1.4142,0.15,0.85,"0.005,0.01,0.05,0.1,0.3","PRIDE.bug",30,1,"approx",200,1000,0,3,1000,2000,5000,2,NA,NA,NA,NA,NA,NA,NA,NA,NA,NA,NA
"Set_5dose_methods_prior","Set_5dose_methods_prior_SC3",3,"CFO","cfo_empirical",NA,NA,NA,"empirical",0.3,0,0.0714,28,3,1,1,1,0.15,0.15,0.0489,NA,NA,NA,12.7649,8.0589,8.0589,0,29.7488,22.7519,1.0336,361.2924,1935,1935,"0.15,0.2,0.3,0.35,0.45",0,1.4142,0.15,0.85,"0.005,0.01,0.05,0.1,0.3",NA,30,1,"approx",200,1000,0,3,1000,2000,5000,2,NA,NA,NA,NA,NA,NA,NA,NA,NA,NA,NA
"Set_5dose_methods_prior","Set_5dose_methods_prior_SC3",3,"CFO","cfo_empirical",NA,NA,NA,"empirical",0.3,0,0.0714,28,3,1,1,2,0.2,0.245,0.1284,NA,NA,NA,36.4858,10.6465,10.6465,3.5545,29.7488,22.7519,1.0336,361.2924,1935,1935,"0.15,0.2,0.3,0.35,0.45",0,1.4142,0.15,0.85,"0.005,0.01,0.05,0.1,0.3",NA,30,1,"approx",200,1000,0,3,1000,2000,5000,2,NA,NA,NA,NA,NA,NA,NA,NA,NA,NA,NA
"Set_5dose_methods_prior","Set_5dose_methods_prior_SC3",3,"CFO","cfo_empirical",NA,NA,NA,"empirical",0.3,0,0.0714,28,3,1,1,3,0.3,0.36,0.2445,NA,NA,NA,31.6796,7.6264,7.6264,2.6972,29.7488,22.7519,1.0336,361.2924,1935,1935,"0.15,0.2,0.3,0.35,0.45",0,1.4142,0.15,0.85,"0.005,0.01,0.05,0.1,0.3",NA,30,1,"approx",200,1000,0,3,1000,2000,5000,2,NA,NA,NA,NA,NA,NA,NA,NA,NA,NA,NA
"Set_5dose_methods_prior","Set_5dose_methods_prior_SC3",3,"CFO","cfo_empirical",NA,NA,NA,"empirical",0.3,0,0.0714,28,3,1,1,4,0.35,0.44,0.3328,NA,NA,NA,15.4005,2.755,2.755,0.478,29.7488,22.7519,1.0336,361.2924,1935,1935,"0.15,0.2,0.3,0.35,0.45",0,1.4142,0.15,0.85,"0.005,0.01,0.05,0.1,0.3",NA,30,1,"approx",200,1000,0,3,1000,2000,5000,2,NA,NA,NA,NA,NA,NA,NA,NA,NA,NA,NA
"Set_5dose_methods_prior","Set_5dose_methods_prior_SC3",3,"CFO","cfo_empirical",NA,NA,NA,"empirical",0.3,0,0.0714,28,3,1,1,5,0.45,0.555,0.4747,NA,NA,NA,2.6357,0.662,0.662,0.2672,29.7488,22.7519,1.0336,361.2924,1935,1935,"0.15,0.2,0.3,0.35,0.45",0,1.4142,0.15,0.85,"0.005,0.01,0.05,0.1,0.3",NA,30,1,"approx",200,1000,0,3,1000,2000,5000,2,NA,NA,NA,NA,NA,NA,NA,NA,NA,NA,NA
"Set_5dose_methods_prior","Set_5dose_methods_prior_SC3",3,"CFO","cfo_pride",NA,NA,NA,"pride",0.3,0,0.0714,28,3,1,1,1,0.15,0.15,0.0726,NA,NA,NA,20,10.7891,10.7891,0,26.6109,19.8341,22.3773,318.7466,1935,1935,"0.15,0.2,0.3,0.35,0.45",0,1.4142,0.15,0.85,"0.005,0.01,0.05,0.1,0.3","PRIDE.bug",30,1,"approx",200,1000,0,3,1000,2000,5000,2,NA,NA,NA,NA,NA,NA,NA,NA,NA,NA,NA
"Set_5dose_methods_prior","Set_5dose_methods_prior_SC3",3,"CFO","cfo_pride",NA,NA,NA,"pride",0.3,0,0.0714,28,3,1,1,2,0.2,0.245,0.1605,NA,NA,NA,15.9173,7.6372,7.6372,3.2109,26.6109,19.8341,22.3773,318.7466,1935,1935,"0.15,0.2,0.3,0.35,0.45",0,1.4142,0.15,0.85,"0.005,0.01,0.05,0.1,0.3","PRIDE.bug",30,1,"approx",200,1000,0,3,1000,2000,5000,2,NA,NA,NA,NA,NA,NA,NA,NA,NA,NA,NA
"Set_5dose_methods_prior","Set_5dose_methods_prior_SC3",3,"CFO","cfo_pride",NA,NA,NA,"pride",0.3,0,0.0714,28,3,1,1,3,0.3,0.36,0.2135,NA,NA,NA,15.3488,3.5473,3.5473,2.6114,26.6109,19.8341,22.3773,318.7466,1935,1935,"0.15,0.2,0.3,0.35,0.45",0,1.4142,0.15,0.85,"0.005,0.01,0.05,0.1,0.3","PRIDE.bug",30,1,"approx",200,1000,0,3,1000,2000,5000,2,NA,NA,NA,NA,NA,NA,NA,NA,NA,NA,NA
"Set_5dose_methods_prior","Set_5dose_methods_prior_SC3",3,"CFO","cfo_pride",NA,NA,NA,"pride",0.3,0,0.0714,28,3,1,1,4,0.35,0.44,0.0854,NA,NA,NA,25.0129,3.8961,3.8961,0.2868,26.6109,19.8341,22.3773,318.7466,1935,1935,"0.15,0.2,0.3,0.35,0.45",0,1.4142,0.15,0.85,"0.005,0.01,0.05,0.1,0.3","PRIDE.bug",30,1,"approx",200,1000,0,3,1000,2000,5000,2,NA,NA,NA,NA,NA,NA,NA,NA,NA,NA,NA
"Set_5dose_methods_prior","Set_5dose_methods_prior_SC3",3,"CFO","cfo_pride",NA,NA,NA,"pride",0.3,0,0.0714,28,3,1,1,5,0.45,0.555,0.6421,NA,NA,NA,1.3437,0.7411,0.7411,0.6677,26.6109,19.8341,22.3773,318.7466,1935,1935,"0.15,0.2,0.3,0.35,0.45",0,1.4142,0.15,0.85,"0.005,0.01,0.05,0.1,0.3","PRIDE.bug",30,1,"approx",200,1000,0,3,1000,2000,5000,2,NA,NA,NA,NA,NA,NA,NA,NA,NA,NA,NA
"Set_5dose_methods_prior","Set_5dose_methods_prior_SC3",3,"CFO","cfo_empirical",NA,NA,NA,"empirical",0.6,0,0.0714,28,1,1,1,1,0.15,0.15,0.0427,NA,NA,NA,10.5426,7.6574,7.6574,0,29.7488,29.7488,1.0336,434.8499,1935,1935,"0.15,0.2,0.3,0.35,0.45",0,1.4142,0.15,0.85,"0.005,0.01,0.05,0.1,0.3",NA,30,1,"approx",200,1000,0,3,1000,2000,5000,2,NA,NA,NA,NA,NA,NA,NA,NA,NA,NA,NA
"Set_5dose_methods_prior","Set_5dose_methods_prior_SC3",3,"CFO","cfo_empirical",NA,NA,NA,"empirical",0.6,0,0.0714,28,1,1,1,2,0.2,0.29,0.1063,NA,NA,NA,29.7674,9.4047,9.4047,0,29.7488,29.7488,1.0336,434.8499,1935,1935,"0.15,0.2,0.3,0.35,0.45",0,1.4142,0.15,0.85,"0.005,0.01,0.05,0.1,0.3",NA,30,1,"approx",200,1000,0,3,1000,2000,5000,2,NA,NA,NA,NA,NA,NA,NA,NA,NA,NA,NA
"Set_5dose_methods_prior","Set_5dose_methods_prior_SC3",3,"CFO","cfo_empirical",NA,NA,NA,"empirical",0.6,0,0.0714,28,1,1,1,3,0.3,0.42,0.2124,NA,NA,NA,33.6434,8.0062,8.0062,0,29.7488,29.7488,1.0336,434.8499,1935,1935,"0.15,0.2,0.3,0.35,0.45",0,1.4142,0.15,0.85,"0.005,0.01,0.05,0.1,0.3",NA,30,1,"approx",200,1000,0,3,1000,2000,5000,2,NA,NA,NA,NA,NA,NA,NA,NA,NA,NA,NA
"Set_5dose_methods_prior","Set_5dose_methods_prior_SC3",3,"CFO","cfo_empirical",NA,NA,NA,"empirical",0.6,0,0.0714,28,1,1,1,4,0.35,0.53,0.2969,NA,NA,NA,19.2248,3.4744,3.4744,0,29.7488,29.7488,1.0336,434.8499,1935,1935,"0.15,0.2,0.3,0.35,0.45",0,1.4142,0.15,0.85,"0.005,0.01,0.05,0.1,0.3",NA,30,1,"approx",200,1000,0,3,1000,2000,5000,2,NA,NA,NA,NA,NA,NA,NA,NA,NA,NA,NA
"Set_5dose_methods_prior","Set_5dose_methods_prior_SC3",3,"CFO","cfo_empirical",NA,NA,NA,"empirical",0.6,0,0.0714,28,1,1,1,5,0.45,0.66,0.4155,NA,NA,NA,5.7881,1.2062,1.2062,0,29.7488,29.7488,1.0336,434.8499,1935,1935,"0.15,0.2,0.3,0.35,0.45",0,1.4142,0.15,0.85,"0.005,0.01,0.05,0.1,0.3",NA,30,1,"approx",200,1000,0,3,1000,2000,5000,2,NA,NA,NA,NA,NA,NA,NA,NA,NA,NA,NA
"Set_5dose_methods_prior","Set_5dose_methods_prior_SC3",3,"CFO","cfo_pride",NA,NA,NA,"pride",0.6,0,0.0714,28,1,1,1,1,0.15,0.15,0.0482,NA,NA,NA,11.2661,9.8806,9.8806,0,25.9752,25.9752,30.2326,381.9675,1935,1935,"0.15,0.2,0.3,0.35,0.45",0,1.4142,0.15,0.85,"0.005,0.01,0.05,0.1,0.3","PRIDE.bug",30,1,"approx",200,1000,0,3,1000,2000,5000,2,NA,NA,NA,NA,NA,NA,NA,NA,NA,NA,NA
"Set_5dose_methods_prior","Set_5dose_methods_prior_SC3",3,"CFO","cfo_pride",NA,NA,NA,"pride",0.6,0,0.0714,28,1,1,1,2,0.2,0.29,0.1101,NA,NA,NA,12.5581,6.2822,6.2822,0,25.9752,25.9752,30.2326,381.9675,1935,1935,"0.15,0.2,0.3,0.35,0.45",0,1.4142,0.15,0.85,"0.005,0.01,0.05,0.1,0.3","PRIDE.bug",30,1,"approx",200,1000,0,3,1000,2000,5000,2,NA,NA,NA,NA,NA,NA,NA,NA,NA,NA,NA
"Set_5dose_methods_prior","Set_5dose_methods_prior_SC3",3,"CFO","cfo_pride",NA,NA,NA,"pride",0.6,0,0.0714,28,1,1,1,3,0.3,0.42,0.1613,NA,NA,NA,14.9871,4,4,0,25.9752,25.9752,30.2326,381.9675,1935,1935,"0.15,0.2,0.3,0.35,0.45",0,1.4142,0.15,0.85,"0.005,0.01,0.05,0.1,0.3","PRIDE.bug",30,1,"approx",200,1000,0,3,1000,2000,5000,2,NA,NA,NA,NA,NA,NA,NA,NA,NA,NA,NA
"Set_5dose_methods_prior","Set_5dose_methods_prior_SC3",3,"CFO","cfo_pride",NA,NA,NA,"pride",0.6,0,0.0714,28,1,1,1,4,0.35,0.53,0.0959,NA,NA,NA,8.2171,2.3798,2.3798,0,25.9752,25.9752,30.2326,381.9675,1935,1935,"0.15,0.2,0.3,0.35,0.45",0,1.4142,0.15,0.85,"0.005,0.01,0.05,0.1,0.3","PRIDE.bug",30,1,"approx",200,1000,0,3,1000,2000,5000,2,NA,NA,NA,NA,NA,NA,NA,NA,NA,NA,NA
"Set_5dose_methods_prior","Set_5dose_methods_prior_SC3",3,"CFO","cfo_pride",NA,NA,NA,"pride",0.6,0,0.0714,28,1,1,1,5,0.45,0.66,0.1602,NA,NA,NA,22.739,3.4326,3.4326,0,25.9752,25.9752,30.2326,381.9675,1935,1935,"0.15,0.2,0.3,0.35,0.45",0,1.4142,0.15,0.85,"0.005,0.01,0.05,0.1,0.3","PRIDE.bug",30,1,"approx",200,1000,0,3,1000,2000,5000,2,NA,NA,NA,NA,NA,NA,NA,NA,NA,NA,NA
"Set_5dose_methods_prior","Set_5dose_methods_prior_SC3",3,"CFO","cfo_empirical",NA,NA,NA,"empirical",0.6,0,0.0714,28,2,1,1,1,0.15,0.15,0.0535,NA,NA,NA,15.814,8.5597,8.5597,0,29.7488,23.9871,1.0336,372.2884,1935,1935,"0.15,0.2,0.3,0.35,0.45",0,1.4142,0.15,0.85,"0.005,0.01,0.05,0.1,0.3",NA,30,1,"approx",200,1000,0,3,1000,2000,5000,2,NA,NA,NA,NA,NA,NA,NA,NA,NA,NA,NA
"Set_5dose_methods_prior","Set_5dose_methods_prior_SC3",3,"CFO","cfo_empirical",NA,NA,NA,"empirical",0.6,0,0.0714,28,2,1,1,2,0.2,0.29,0.144,NA,NA,NA,38.0879,11.2853,11.2853,3.6165,29.7488,23.9871,1.0336,372.2884,1935,1935,"0.15,0.2,0.3,0.35,0.45",0,1.4142,0.15,0.85,"0.005,0.01,0.05,0.1,0.3",NA,30,1,"approx",200,1000,0,3,1000,2000,5000,2,NA,NA,NA,NA,NA,NA,NA,NA,NA,NA,NA
"Set_5dose_methods_prior","Set_5dose_methods_prior_SC3",3,"CFO","cfo_empirical",NA,NA,NA,"empirical",0.6,0,0.0714,28,2,1,1,3,0.3,0.42,0.2546,NA,NA,NA,30.2326,6.9178,6.9178,1.2264,29.7488,23.9871,1.0336,372.2884,1935,1935,"0.15,0.2,0.3,0.35,0.45",0,1.4142,0.15,0.85,"0.005,0.01,0.05,0.1,0.3",NA,30,1,"approx",200,1000,0,3,1000,2000,5000,2,NA,NA,NA,NA,NA,NA,NA,NA,NA,NA,NA
"Set_5dose_methods_prior","Set_5dose_methods_prior_SC3",3,"CFO","cfo_empirical",NA,NA,NA,"empirical",0.6,0,0.0714,28,2,1,1,4,0.35,0.53,0.35,NA,NA,NA,13.0233,2.5101,2.5101,0.7835,29.7488,23.9871,1.0336,372.2884,1935,1935,"0.15,0.2,0.3,0.35,0.45",0,1.4142,0.15,0.85,"0.005,0.01,0.05,0.1,0.3",NA,30,1,"approx",200,1000,0,3,1000,2000,5000,2,NA,NA,NA,NA,NA,NA,NA,NA,NA,NA,NA
"Set_5dose_methods_prior","Set_5dose_methods_prior_SC3",3,"CFO","cfo_empirical",NA,NA,NA,"empirical",0.6,0,0.0714,28,2,1,1,5,0.45,0.66,0.4748,NA,NA,NA,1.8088,0.476,0.476,0.1354,29.7488,23.9871,1.0336,372.2884,1935,1935,"0.15,0.2,0.3,0.35,0.45",0,1.4142,0.15,0.85,"0.005,0.01,0.05,0.1,0.3",NA,30,1,"approx",200,1000,0,3,1000,2000,5000,2,NA,NA,NA,NA,NA,NA,NA,NA,NA,NA,NA
"Set_5dose_methods_prior","Set_5dose_methods_prior_SC3",3,"CFO","cfo_pride",NA,NA,NA,"pride",0.6,0,0.0714,28,2,1,1,1,0.15,0.15,0.0744,NA,NA,NA,22.1705,11.7504,11.7504,0,26.6403,21.3013,22.584,331.8035,1935,1935,"0.15,0.2,0.3,0.35,0.45",0,1.4142,0.15,0.85,"0.005,0.01,0.05,0.1,0.3","PRIDE.bug",30,1,"approx",200,1000,0,3,1000,2000,5000,2,NA,NA,NA,NA,NA,NA,NA,NA,NA,NA,NA
"Set_5dose_methods_prior","Set_5dose_methods_prior_SC3",3,"CFO","cfo_pride",NA,NA,NA,"pride",0.6,0,0.0714,28,2,1,1,2,0.2,0.29,0.192,NA,NA,NA,15.7623,7.2915,7.2915,3.1649,26.6403,21.3013,22.584,331.8035,1935,1935,"0.15,0.2,0.3,0.35,0.45",0,1.4142,0.15,0.85,"0.005,0.01,0.05,0.1,0.3","PRIDE.bug",30,1,"approx",200,1000,0,3,1000,2000,5000,2,NA,NA,NA,NA,NA,NA,NA,NA,NA,NA,NA
"Set_5dose_methods_prior","Set_5dose_methods_prior_SC3",3,"CFO","cfo_pride",NA,NA,NA,"pride",0.6,0,0.0714,28,2,1,1,3,0.3,0.42,0.1876,NA,NA,NA,31.1111,5.8093,5.8093,1.215,26.6403,21.3013,22.584,331.8035,1935,1935,"0.15,0.2,0.3,0.35,0.45",0,1.4142,0.15,0.85,"0.005,0.01,0.05,0.1,0.3","PRIDE.bug",30,1,"approx",200,1000,0,3,1000,2000,5000,2,NA,NA,NA,NA,NA,NA,NA,NA,NA,NA,NA
"Set_5dose_methods_prior","Set_5dose_methods_prior_SC3",3,"CFO","cfo_pride",NA,NA,NA,"pride",0.6,0,0.0714,28,2,1,1,4,0.35,0.53,0.3999,NA,NA,NA,8.3721,1.6109,1.6109,0.7902,26.6403,21.3013,22.584,331.8035,1935,1935,"0.15,0.2,0.3,0.35,0.45",0,1.4142,0.15,0.85,"0.005,0.01,0.05,0.1,0.3","PRIDE.bug",30,1,"approx",200,1000,0,3,1000,2000,5000,2,NA,NA,NA,NA,NA,NA,NA,NA,NA,NA,NA
"Set_5dose_methods_prior","Set_5dose_methods_prior_SC3",3,"CFO","cfo_pride",NA,NA,NA,"pride",0.6,0,0.0714,28,2,1,1,5,0.45,0.66,0.6661,NA,NA,NA,0,0.1783,0.1783,0.169,26.6403,21.3013,22.584,331.8035,1935,1935,"0.15,0.2,0.3,0.35,0.45",0,1.4142,0.15,0.85,"0.005,0.01,0.05,0.1,0.3","PRIDE.bug",30,1,"approx",200,1000,0,3,1000,2000,5000,2,NA,NA,NA,NA,NA,NA,NA,NA,NA,NA,NA
"Set_5dose_methods_prior","Set_5dose_methods_prior_SC3",3,"CFO","cfo_empirical",NA,NA,NA,"empirical",0.6,0,0.0714,28,3,1,1,1,0.15,0.15,0.0554,NA,NA,NA,15.814,8.5597,8.5597,0,29.7488,22.8935,1.0336,363.1102,1935,1935,"0.15,0.2,0.3,0.35,0.45",0,1.4142,0.15,0.85,"0.005,0.01,0.05,0.1,0.3",NA,30,1,"approx",200,1000,0,3,1000,2000,5000,2,NA,NA,NA,NA,NA,NA,NA,NA,NA,NA,NA
"Set_5dose_methods_prior","Set_5dose_methods_prior_SC3",3,"CFO","cfo_empirical",NA,NA,NA,"empirical",0.6,0,0.0714,28,3,1,1,2,0.2,0.29,0.1513,NA,NA,NA,42.3773,11.9922,11.9922,3.6636,29.7488,22.8935,1.0336,363.1102,1935,1935,"0.15,0.2,0.3,0.35,0.45",0,1.4142,0.15,0.85,"0.005,0.01,0.05,0.1,0.3",NA,30,1,"approx",200,1000,0,3,1000,2000,5000,2,NA,NA,NA,NA,NA,NA,NA,NA,NA,NA,NA
"Set_5dose_methods_prior","Set_5dose_methods_prior_SC3",3,"CFO","cfo_empirical",NA,NA,NA,"empirical",0.6,0,0.0714,28,3,1,1,3,0.3,0.42,0.2809,NA,NA,NA,28.6822,6.8636,6.8636,2.6181,29.7488,22.8935,1.0336,363.1102,1935,1935,"0.15,0.2,0.3,0.35,0.45",0,1.4142,0.15,0.85,"0.005,0.01,0.05,0.1,0.3",NA,30,1,"approx",200,1000,0,3,1000,2000,5000,2,NA,NA,NA,NA,NA,NA,NA,NA,NA,NA,NA
"Set_5dose_methods_prior","Set_5dose_methods_prior_SC3",3,"CFO","cfo_empirical",NA,NA,NA,"empirical",0.6,0,0.0714,28,3,1,1,4,0.35,0.53,0.3625,NA,NA,NA,10.9561,1.9845,1.9845,0.4031,29.7488,22.8935,1.0336,363.1102,1935,1935,"0.15,0.2,0.3,0.35,0.45",0,1.4142,0.15,0.85,"0.005,0.01,0.05,0.1,0.3",NA,30,1,"approx",200,1000,0,3,1000,2000,5000,2,NA,NA,NA,NA,NA,NA,NA,NA,NA,NA,NA
"Set_5dose_methods_prior","Set_5dose_methods_prior_SC3",3,"CFO","cfo_empirical",NA,NA,NA,"empirical",0.6,0,0.0714,28,3,1,1,5,0.45,0.66,0.5218,NA,NA,NA,1.137,0.3488,0.3488,0.1705,29.7488,22.8935,1.0336,363.1102,1935,1935,"0.15,0.2,0.3,0.35,0.45",0,1.4142,0.15,0.85,"0.005,0.01,0.05,0.1,0.3",NA,30,1,"approx",200,1000,0,3,1000,2000,5000,2,NA,NA,NA,NA,NA,NA,NA,NA,NA,NA,NA
"Set_5dose_methods_prior","Set_5dose_methods_prior_SC3",3,"CFO","cfo_pride",NA,NA,NA,"pride",0.6,0,0.0714,28,3,1,1,1,0.15,0.15,0.0743,NA,NA,NA,22.1189,11.6884,11.6884,0,26.5736,20.1023,22.6357,321.4505,1935,1935,"0.15,0.2,0.3,0.35,0.45",0,1.4142,0.15,0.85,"0.005,0.01,0.05,0.1,0.3","PRIDE.bug",30,1,"approx",200,1000,0,3,1000,2000,5000,2,NA,NA,NA,NA,NA,NA,NA,NA,NA,NA,NA
"Set_5dose_methods_prior","Set_5dose_methods_prior_SC3",3,"CFO","cfo_pride",NA,NA,NA,"pride",0.6,0,0.0714,28,3,1,1,2,0.2,0.29,0.1922,NA,NA,NA,19.1214,7.9132,7.9132,3.2062,26.5736,20.1023,22.6357,321.4505,1935,1935,"0.15,0.2,0.3,0.35,0.45",0,1.4142,0.15,0.85,"0.005,0.01,0.05,0.1,0.3","PRIDE.bug",30,1,"approx",200,1000,0,3,1000,2000,5000,2,NA,NA,NA,NA,NA,NA,NA,NA,NA,NA,NA
"Set_5dose_methods_prior","Set_5dose_methods_prior_SC3",3,"CFO","cfo_pride",NA,NA,NA,"pride",0.6,0,0.0714,28,3,1,1,3,0.3,0.42,0.2401,NA,NA,NA,20.9302,3.9023,3.9023,2.5018,26.5736,20.1023,22.6357,321.4505,1935,1935,"0.15,0.2,0.3,0.35,0.45",0,1.4142,0.15,0.85,"0.005,0.01,0.05,0.1,0.3","PRIDE.bug",30,1,"approx",200,1000,0,3,1000,2000,5000,2,NA,NA,NA,NA,NA,NA,NA,NA,NA,NA,NA
"Set_5dose_methods_prior","Set_5dose_methods_prior_SC3",3,"CFO","cfo_pride",NA,NA,NA,"pride",0.6,0,0.0714,28,3,1,1,4,0.35,0.53,0.2047,NA,NA,NA,15.1938,2.7023,2.7023,0.3984,26.5736,20.1023,22.6357,321.4505,1935,1935,"0.15,0.2,0.3,0.35,0.45",0,1.4142,0.15,0.85,"0.005,0.01,0.05,0.1,0.3","PRIDE.bug",30,1,"approx",200,1000,0,3,1000,2000,5000,2,NA,NA,NA,NA,NA,NA,NA,NA,NA,NA,NA
"Set_5dose_methods_prior","Set_5dose_methods_prior_SC3",3,"CFO","cfo_pride",NA,NA,NA,"pride",0.6,0,0.0714,28,3,1,1,5,0.45,0.66,0.6661,NA,NA,NA,0,0.3674,0.3674,0.3649,26.5736,20.1023,22.6357,321.4505,1935,1935,"0.15,0.2,0.3,0.35,0.45",0,1.4142,0.15,0.85,"0.005,0.01,0.05,0.1,0.3","PRIDE.bug",30,1,"approx",200,1000,0,3,1000,2000,5000,2,NA,NA,NA,NA,NA,NA,NA,NA,NA,NA,NA
"Set_5dose_methods_prior","Set_5dose_methods_prior_SC3",3,"CFO","cfo_empirical",NA,NA,NA,"empirical",0.9,0,0.0714,28,1,1,1,1,0.15,0.15,0.0427,NA,NA,NA,10.5426,7.6574,7.6574,0,29.7488,29.7488,1.0336,434.8499,1935,1935,"0.15,0.2,0.3,0.35,0.45",0,1.4142,0.15,0.85,"0.005,0.01,0.05,0.1,0.3",NA,30,1,"approx",200,1000,0,3,1000,2000,5000,2,NA,NA,NA,NA,NA,NA,NA,NA,NA,NA,NA
"Set_5dose_methods_prior","Set_5dose_methods_prior_SC3",3,"CFO","cfo_empirical",NA,NA,NA,"empirical",0.9,0,0.0714,28,1,1,1,2,0.2,0.335,0.1063,NA,NA,NA,29.7674,9.4047,9.4047,0,29.7488,29.7488,1.0336,434.8499,1935,1935,"0.15,0.2,0.3,0.35,0.45",0,1.4142,0.15,0.85,"0.005,0.01,0.05,0.1,0.3",NA,30,1,"approx",200,1000,0,3,1000,2000,5000,2,NA,NA,NA,NA,NA,NA,NA,NA,NA,NA,NA
"Set_5dose_methods_prior","Set_5dose_methods_prior_SC3",3,"CFO","cfo_empirical",NA,NA,NA,"empirical",0.9,0,0.0714,28,1,1,1,3,0.3,0.48,0.2124,NA,NA,NA,33.6434,8.0062,8.0062,0,29.7488,29.7488,1.0336,434.8499,1935,1935,"0.15,0.2,0.3,0.35,0.45",0,1.4142,0.15,0.85,"0.005,0.01,0.05,0.1,0.3",NA,30,1,"approx",200,1000,0,3,1000,2000,5000,2,NA,NA,NA,NA,NA,NA,NA,NA,NA,NA,NA
"Set_5dose_methods_prior","Set_5dose_methods_prior_SC3",3,"CFO","cfo_empirical",NA,NA,NA,"empirical",0.9,0,0.0714,28,1,1,1,4,0.35,0.62,0.2969,NA,NA,NA,19.2248,3.4744,3.4744,0,29.7488,29.7488,1.0336,434.8499,1935,1935,"0.15,0.2,0.3,0.35,0.45",0,1.4142,0.15,0.85,"0.005,0.01,0.05,0.1,0.3",NA,30,1,"approx",200,1000,0,3,1000,2000,5000,2,NA,NA,NA,NA,NA,NA,NA,NA,NA,NA,NA
"Set_5dose_methods_prior","Set_5dose_methods_prior_SC3",3,"CFO","cfo_empirical",NA,NA,NA,"empirical",0.9,0,0.0714,28,1,1,1,5,0.45,0.765,0.4155,NA,NA,NA,5.7881,1.2062,1.2062,0,29.7488,29.7488,1.0336,434.8499,1935,1935,"0.15,0.2,0.3,0.35,0.45",0,1.4142,0.15,0.85,"0.005,0.01,0.05,0.1,0.3",NA,30,1,"approx",200,1000,0,3,1000,2000,5000,2,NA,NA,NA,NA,NA,NA,NA,NA,NA,NA,NA
"Set_5dose_methods_prior","Set_5dose_methods_prior_SC3",3,"CFO","cfo_pride",NA,NA,NA,"pride",0.9,0,0.0714,28,1,1,1,1,0.15,0.15,0.0464,NA,NA,NA,10.8527,9.9147,9.9147,0,26.0217,26.0217,30.4393,382.689,1935,1935,"0.15,0.2,0.3,0.35,0.45",0,1.4142,0.15,0.85,"0.005,0.01,0.05,0.1,0.3","PRIDE.bug",30,1,"approx",200,1000,0,3,1000,2000,5000,2,NA,NA,NA,NA,NA,NA,NA,NA,NA,NA,NA
"Set_5dose_methods_prior","Set_5dose_methods_prior_SC3",3,"CFO","cfo_pride",NA,NA,NA,"pride",0.9,0,0.0714,28,1,1,1,2,0.2,0.335,0.1082,NA,NA,NA,12.5065,6.2884,6.2884,0,26.0217,26.0217,30.4393,382.689,1935,1935,"0.15,0.2,0.3,0.35,0.45",0,1.4142,0.15,0.85,"0.005,0.01,0.05,0.1,0.3","PRIDE.bug",30,1,"approx",200,1000,0,3,1000,2000,5000,2,NA,NA,NA,NA,NA,NA,NA,NA,NA,NA,NA
"Set_5dose_methods_prior","Set_5dose_methods_prior_SC3",3,"CFO","cfo_pride",NA,NA,NA,"pride",0.9,0,0.0714,28,1,1,1,3,0.3,0.48,0.1586,NA,NA,NA,14.9871,3.9721,3.9721,0,26.0217,26.0217,30.4393,382.689,1935,1935,"0.15,0.2,0.3,0.35,0.45",0,1.4142,0.15,0.85,"0.005,0.01,0.05,0.1,0.3","PRIDE.bug",30,1,"approx",200,1000,0,3,1000,2000,5000,2,NA,NA,NA,NA,NA,NA,NA,NA,NA,NA,NA
"Set_5dose_methods_prior","Set_5dose_methods_prior_SC3",3,"CFO","cfo_pride",NA,NA,NA,"pride",0.9,0,0.0714,28,1,1,1,4,0.35,0.62,0.0993,NA,NA,NA,8.2687,2.3984,2.3984,0,26.0217,26.0217,30.4393,382.689,1935,1935,"0.15,0.2,0.3,0.35,0.45",0,1.4142,0.15,0.85,"0.005,0.01,0.05,0.1,0.3","PRIDE.bug",30,1,"approx",200,1000,0,3,1000,2000,5000,2,NA,NA,NA,NA,NA,NA,NA,NA,NA,NA,NA
"Set_5dose_methods_prior","Set_5dose_methods_prior_SC3",3,"CFO","cfo_pride",NA,NA,NA,"pride",0.9,0,0.0714,28,1,1,1,5,0.45,0.765,0.161,NA,NA,NA,22.9457,3.4481,3.4481,0,26.0217,26.0217,30.4393,382.689,1935,1935,"0.15,0.2,0.3,0.35,0.45",0,1.4142,0.15,0.85,"0.005,0.01,0.05,0.1,0.3","PRIDE.bug",30,1,"approx",200,1000,0,3,1000,2000,5000,2,NA,NA,NA,NA,NA,NA,NA,NA,NA,NA,NA
"Set_5dose_methods_prior","Set_5dose_methods_prior_SC3",3,"CFO","cfo_empirical",NA,NA,NA,"empirical",0.9,0,0.0714,28,2,1,1,1,0.15,0.15,0.0578,NA,NA,NA,19.3798,9.1581,9.1581,0,29.7488,24.0729,1.0336,373.015,1935,1935,"0.15,0.2,0.3,0.35,0.45",0,1.4142,0.15,0.85,"0.005,0.01,0.05,0.1,0.3",NA,30,1,"approx",200,1000,0,3,1000,2000,5000,2,NA,NA,NA,NA,NA,NA,NA,NA,NA,NA,NA
"Set_5dose_methods_prior","Set_5dose_methods_prior_SC3",3,"CFO","cfo_empirical",NA,NA,NA,"empirical",0.9,0,0.0714,28,2,1,1,2,0.2,0.335,0.1623,NA,NA,NA,42.3773,12.0388,12.0388,3.6465,29.7488,24.0729,1.0336,373.015,1935,1935,"0.15,0.2,0.3,0.35,0.45",0,1.4142,0.15,0.85,"0.005,0.01,0.05,0.1,0.3",NA,30,1,"approx",200,1000,0,3,1000,2000,5000,2,NA,NA,NA,NA,NA,NA,NA,NA,NA,NA,NA
"Set_5dose_methods_prior","Set_5dose_methods_prior_SC3",3,"CFO","cfo_empirical",NA,NA,NA,"empirical",0.9,0,0.0714,28,2,1,1,3,0.3,0.48,0.2882,NA,NA,NA,27.9587,6.4357,6.4357,1.3065,29.7488,24.0729,1.0336,373.015,1935,1935,"0.15,0.2,0.3,0.35,0.45",0,1.4142,0.15,0.85,"0.005,0.01,0.05,0.1,0.3",NA,30,1,"approx",200,1000,0,3,1000,2000,5000,2,NA,NA,NA,NA,NA,NA,NA,NA,NA,NA,NA
"Set_5dose_methods_prior","Set_5dose_methods_prior_SC3",3,"CFO","cfo_empirical",NA,NA,NA,"empirical",0.9,0,0.0714,28,2,1,1,4,0.35,0.62,0.3958,NA,NA,NA,8.4755,1.8744,1.8744,0.646,29.7488,24.0729,1.0336,373.015,1935,1935,"0.15,0.2,0.3,0.35,0.45",0,1.4142,0.15,0.85,"0.005,0.01,0.05,0.1,0.3",NA,30,1,"approx",200,1000,0,3,1000,2000,5000,2,NA,NA,NA,NA,NA,NA,NA,NA,NA,NA,NA
"Set_5dose_methods_prior","Set_5dose_methods_prior_SC3",3,"CFO","cfo_empirical",NA,NA,NA,"empirical",0.9,0,0.0714,28,2,1,1,5,0.45,0.765,0.4882,NA,NA,NA,0.7752,0.2419,0.2419,0.077,29.7488,24.0729,1.0336,373.015,1935,1935,"0.15,0.2,0.3,0.35,0.45",0,1.4142,0.15,0.85,"0.005,0.01,0.05,0.1,0.3",NA,30,1,"approx",200,1000,0,3,1000,2000,5000,2,NA,NA,NA,NA,NA,NA,NA,NA,NA,NA,NA
"Set_5dose_methods_prior","Set_5dose_methods_prior_SC3",3,"CFO","cfo_pride",NA,NA,NA,"pride",0.9,0,0.0714,28,2,1,1,1,0.15,0.15,0.0777,NA,NA,NA,25.478,12.8217,12.8217,0,26.724,21.7592,21.6537,334.921,1935,1935,"0.15,0.2,0.3,0.35,0.45",0,1.4142,0.15,0.85,"0.005,0.01,0.05,0.1,0.3","PRIDE.bug",30,1,"approx",200,1000,0,3,1000,2000,5000,2,NA,NA,NA,NA,NA,NA,NA,NA,NA,NA,NA
"Set_5dose_methods_prior","Set_5dose_methods_prior_SC3",3,"CFO","cfo_pride",NA,NA,NA,"pride",0.9,0,0.0714,28,2,1,1,2,0.2,0.335,0.2234,NA,NA,NA,18.2946,7.1271,7.1271,3.1664,26.724,21.7592,21.6537,334.921,1935,1935,"0.15,0.2,0.3,0.35,0.45",0,1.4142,0.15,0.85,"0.005,0.01,0.05,0.1,0.3","PRIDE.bug",30,1,"approx",200,1000,0,3,1000,2000,5000,2,NA,NA,NA,NA,NA,NA,NA,NA,NA,NA,NA
"Set_5dose_methods_prior","Set_5dose_methods_prior_SC3",3,"CFO","cfo_pride",NA,NA,NA,"pride",0.9,0,0.0714,28,2,1,1,3,0.3,0.48,0.2001,NA,NA,NA,30.2842,5.5318,5.5318,1.061,26.724,21.7592,21.6537,334.921,1935,1935,"0.15,0.2,0.3,0.35,0.45",0,1.4142,0.15,0.85,"0.005,0.01,0.05,0.1,0.3","PRIDE.bug",30,1,"approx",200,1000,0,3,1000,2000,5000,2,NA,NA,NA,NA,NA,NA,NA,NA,NA,NA,NA
"Set_5dose_methods_prior","Set_5dose_methods_prior_SC3",3,"CFO","cfo_pride",NA,NA,NA,"pride",0.9,0,0.0714,28,2,1,1,4,0.35,0.62,0.345,NA,NA,NA,4.2894,1.1225,1.1225,0.6181,26.724,21.7592,21.6537,334.921,1935,1935,"0.15,0.2,0.3,0.35,0.45",0,1.4142,0.15,0.85,"0.005,0.01,0.05,0.1,0.3","PRIDE.bug",30,1,"approx",200,1000,0,3,1000,2000,5000,2,NA,NA,NA,NA,NA,NA,NA,NA,NA,NA,NA
"Set_5dose_methods_prior","Set_5dose_methods_prior_SC3",3,"CFO","cfo_pride",NA,NA,NA,"pride",0.9,0,0.0714,28,2,1,1,5,0.45,0.765,NA,NA,NA,NA,0,0.1209,0.1209,0.1194,26.724,21.7592,21.6537,334.921,1935,1935,"0.15,0.2,0.3,0.35,0.45",0,1.4142,0.15,0.85,"0.005,0.01,0.05,0.1,0.3","PRIDE.bug",30,1,"approx",200,1000,0,3,1000,2000,5000,2,NA,NA,NA,NA,NA,NA,NA,NA,NA,NA,NA
"Set_5dose_methods_prior","Set_5dose_methods_prior_SC3",3,"CFO","cfo_empirical",NA,NA,NA,"empirical",0.9,0,0.0714,28,3,1,1,1,0.15,0.15,0.0606,NA,NA,NA,19.3798,9.1597,9.1597,0,29.7488,23.1411,1.0336,365.5342,1935,1935,"0.15,0.2,0.3,0.35,0.45",0,1.4142,0.15,0.85,"0.005,0.01,0.05,0.1,0.3",NA,30,1,"approx",200,1000,0,3,1000,2000,5000,2,NA,NA,NA,NA,NA,NA,NA,NA,NA,NA,NA
"Set_5dose_methods_prior","Set_5dose_methods_prior_SC3",3,"CFO","cfo_empirical",NA,NA,NA,"empirical",0.9,0,0.0714,28,3,1,1,2,0.2,0.335,0.1728,NA,NA,NA,48.4238,12.9783,12.9783,3.7106,29.7488,23.1411,1.0336,365.5342,1935,1935,"0.15,0.2,0.3,0.35,0.45",0,1.4142,0.15,0.85,"0.005,0.01,0.05,0.1,0.3",NA,30,1,"approx",200,1000,0,3,1000,2000,5000,2,NA,NA,NA,NA,NA,NA,NA,NA,NA,NA,NA
"Set_5dose_methods_prior","Set_5dose_methods_prior_SC3",3,"CFO","cfo_empirical",NA,NA,NA,"empirical",0.9,0,0.0714,28,3,1,1,3,0.3,0.48,0.3239,NA,NA,NA,24.186,6.1674,6.1674,2.4992,29.7488,23.1411,1.0336,365.5342,1935,1935,"0.15,0.2,0.3,0.35,0.45",0,1.4142,0.15,0.85,"0.005,0.01,0.05,0.1,0.3",NA,30,1,"approx",200,1000,0,3,1000,2000,5000,2,NA,NA,NA,NA,NA,NA,NA,NA,NA,NA,NA
"Set_5dose_methods_prior","Set_5dose_methods_prior_SC3",3,"CFO","cfo_empirical",NA,NA,NA,"empirical",0.9,0,0.0714,28,3,1,1,4,0.35,0.62,0.3879,NA,NA,NA,6.5633,1.2698,1.2698,0.2956,29.7488,23.1411,1.0336,365.5342,1935,1935,"0.15,0.2,0.3,0.35,0.45",0,1.4142,0.15,0.85,"0.005,0.01,0.05,0.1,0.3",NA,30,1,"approx",200,1000,0,3,1000,2000,5000,2,NA,NA,NA,NA,NA,NA,NA,NA,NA,NA,NA
"Set_5dose_methods_prior","Set_5dose_methods_prior_SC3",3,"CFO","cfo_empirical",NA,NA,NA,"empirical",0.9,0,0.0714,28,3,1,1,5,0.45,0.765,0.5635,NA,NA,NA,0.4134,0.1736,0.1736,0.1023,29.7488,23.1411,1.0336,365.5342,1935,1935,"0.15,0.2,0.3,0.35,0.45",0,1.4142,0.15,0.85,"0.005,0.01,0.05,0.1,0.3",NA,30,1,"approx",200,1000,0,3,1000,2000,5000,2,NA,NA,NA,NA,NA,NA,NA,NA,NA,NA,NA
"Set_5dose_methods_prior","Set_5dose_methods_prior_SC3",3,"CFO","cfo_pride",NA,NA,NA,"pride",0.9,0,0.0714,28,3,1,1,1,0.15,0.15,0.0775,NA,NA,NA,25.4264,12.8016,12.8016,0,26.6791,20.6434,21.7571,325.9201,1935,1935,"0.15,0.2,0.3,0.35,0.45",0,1.4142,0.15,0.85,"0.005,0.01,0.05,0.1,0.3","PRIDE.bug",30,1,"approx",200,1000,0,3,1000,2000,5000,2,NA,NA,NA,NA,NA,NA,NA,NA,NA,NA,NA
"Set_5dose_methods_prior","Set_5dose_methods_prior_SC3",3,"CFO","cfo_pride",NA,NA,NA,"pride",0.9,0,0.0714,28,3,1,1,2,0.2,0.335,0.2251,NA,NA,NA,21.8088,7.9814,7.9814,3.2346,26.6791,20.6434,21.7571,325.9201,1935,1935,"0.15,0.2,0.3,0.35,0.45",0,1.4142,0.15,0.85,"0.005,0.01,0.05,0.1,0.3","PRIDE.bug",30,1,"approx",200,1000,0,3,1000,2000,5000,2,NA,NA,NA,NA,NA,NA,NA,NA,NA,NA,NA
"Set_5dose_methods_prior","Set_5dose_methods_prior_SC3",3,"CFO","cfo_pride",NA,NA,NA,"pride",0.9,0,0.0714,28,3,1,1,3,0.3,0.48,0.2756,NA,NA,NA,22.2739,3.6915,3.6915,2.1897,26.6791,20.6434,21.7571,325.9201,1935,1935,"0.15,0.2,0.3,0.35,0.45",0,1.4142,0.15,0.85,"0.005,0.01,0.05,0.1,0.3","PRIDE.bug",30,1,"approx",200,1000,0,3,1000,2000,5000,2,NA,NA,NA,NA,NA,NA,NA,NA,NA,NA,NA
"Set_5dose_methods_prior","Set_5dose_methods_prior_SC3",3,"CFO","cfo_pride",NA,NA,NA,"pride",0.9,0,0.0714,28,3,1,1,4,0.35,0.62,0.1653,NA,NA,NA,8.7339,1.9535,1.9535,0.3602,26.6791,20.6434,21.7571,325.9201,1935,1935,"0.15,0.2,0.3,0.35,0.45",0,1.4142,0.15,0.85,"0.005,0.01,0.05,0.1,0.3","PRIDE.bug",30,1,"approx",200,1000,0,3,1000,2000,5000,2,NA,NA,NA,NA,NA,NA,NA,NA,NA,NA,NA
"Set_5dose_methods_prior","Set_5dose_methods_prior_SC3",3,"CFO","cfo_pride",NA,NA,NA,"pride",0.9,0,0.0714,28,3,1,1,5,0.45,0.765,NA,NA,NA,NA,0,0.2512,0.2512,0.2512,26.6791,20.6434,21.7571,325.9201,1935,1935,"0.15,0.2,0.3,0.35,0.45",0,1.4142,0.15,0.85,"0.005,0.01,0.05,0.1,0.3","PRIDE.bug",30,1,"approx",200,1000,0,3,1000,2000,5000,2,NA,NA,NA,NA,NA,NA,NA,NA,NA,NA,NA
"Set_5dose_methods_prior","Set_5dose_methods_prior_SC4",4,"CFO","cfo_empirical",NA,NA,NA,"empirical",0,0,0.0714,28,1,1,1,1,0.15,0.15,0.0645,NA,NA,NA,23.5659,9.707,9.707,0,29.7488,29.7488,1.0336,434.8499,1935,1935,"0.15,0.2,0.3,0.35,0.45",0,1.4142,0.15,0.85,"0.005,0.01,0.05,0.1,0.3",NA,30,1,"approx",200,1000,0,3,1000,2000,5000,2,NA,NA,NA,NA,NA,NA,NA,NA,NA,NA,NA
"Set_5dose_methods_prior","Set_5dose_methods_prior_SC4",4,"CFO","cfo_empirical",NA,NA,NA,"empirical",0,0,0.0714,28,1,1,1,2,0.3,0.3,0.2052,NA,NA,NA,46.8217,12.586,12.586,0,29.7488,29.7488,1.0336,434.8499,1935,1935,"0.15,0.2,0.3,0.35,0.45",0,1.4142,0.15,0.85,"0.005,0.01,0.05,0.1,0.3",NA,30,1,"approx",200,1000,0,3,1000,2000,5000,2,NA,NA,NA,NA,NA,NA,NA,NA,NA,NA,NA
"Set_5dose_methods_prior","Set_5dose_methods_prior_SC4",4,"CFO","cfo_empirical",NA,NA,NA,"empirical",0,0,0.0714,28,1,1,1,3,0.38,0.38,0.3052,NA,NA,NA,21.4987,5.6465,5.6465,0,29.7488,29.7488,1.0336,434.8499,1935,1935,"0.15,0.2,0.3,0.35,0.45",0,1.4142,0.15,0.85,"0.005,0.01,0.05,0.1,0.3",NA,30,1,"approx",200,1000,0,3,1000,2000,5000,2,NA,NA,NA,NA,NA,NA,NA,NA,NA,NA,NA
"Set_5dose_methods_prior","Set_5dose_methods_prior_SC4",4,"CFO","cfo_empirical",NA,NA,NA,"empirical",0,0,0.0714,28,1,1,1,4,0.45,0.45,0.386,NA,NA,NA,6.4083,1.5659,1.5659,0,29.7488,29.7488,1.0336,434.8499,1935,1935,"0.15,0.2,0.3,0.35,0.45",0,1.4142,0.15,0.85,"0.005,0.01,0.05,0.1,0.3",NA,30,1,"approx",200,1000,0,3,1000,2000,5000,2,NA,NA,NA,NA,NA,NA,NA,NA,NA,NA,NA
"Set_5dose_methods_prior","Set_5dose_methods_prior_SC4",4,"CFO","cfo_empirical",NA,NA,NA,"empirical",0,0,0.0714,28,1,1,1,5,0.55,0.55,0.5036,NA,NA,NA,0.6718,0.2434,0.2434,0,29.7488,29.7488,1.0336,434.8499,1935,1935,"0.15,0.2,0.3,0.35,0.45",0,1.4142,0.15,0.85,"0.005,0.01,0.05,0.1,0.3",NA,30,1,"approx",200,1000,0,3,1000,2000,5000,2,NA,NA,NA,NA,NA,NA,NA,NA,NA,NA,NA
"Set_5dose_methods_prior","Set_5dose_methods_prior_SC4",4,"CFO","cfo_pride",NA,NA,NA,"pride",0,0,0.0714,28,1,1,1,1,0.15,0.15,0.0518,NA,NA,NA,16.0207,12.9163,12.9163,0,26.045,26.045,29.9742,382.74,1935,1935,"0.15,0.2,0.3,0.35,0.45",0,1.4142,0.15,0.85,"0.005,0.01,0.05,0.1,0.3","PRIDE.bug",30,1,"approx",200,1000,0,3,1000,2000,5000,2,NA,NA,NA,NA,NA,NA,NA,NA,NA,NA,NA
"Set_5dose_methods_prior","Set_5dose_methods_prior_SC4",4,"CFO","cfo_pride",NA,NA,NA,"pride",0,0,0.0714,28,1,1,1,2,0.3,0.3,0.2186,NA,NA,NA,23.3075,6.3178,6.3178,0,26.045,26.045,29.9742,382.74,1935,1935,"0.15,0.2,0.3,0.35,0.45",0,1.4142,0.15,0.85,"0.005,0.01,0.05,0.1,0.3","PRIDE.bug",30,1,"approx",200,1000,0,3,1000,2000,5000,2,NA,NA,NA,NA,NA,NA,NA,NA,NA,NA,NA
"Set_5dose_methods_prior","Set_5dose_methods_prior_SC4",4,"CFO","cfo_pride",NA,NA,NA,"pride",0,0,0.0714,28,1,1,1,3,0.38,0.38,0.1864,NA,NA,NA,9.9225,3.0419,3.0419,0,26.045,26.045,29.9742,382.74,1935,1935,"0.15,0.2,0.3,0.35,0.45",0,1.4142,0.15,0.85,"0.005,0.01,0.05,0.1,0.3","PRIDE.bug",30,1,"approx",200,1000,0,3,1000,2000,5000,2,NA,NA,NA,NA,NA,NA,NA,NA,NA,NA,NA
"Set_5dose_methods_prior","Set_5dose_methods_prior_SC4",4,"CFO","cfo_pride",NA,NA,NA,"pride",0,0,0.0714,28,1,1,1,4,0.45,0.45,0.1369,NA,NA,NA,20.7752,3.338,3.338,0,26.045,26.045,29.9742,382.74,1935,1935,"0.15,0.2,0.3,0.35,0.45",0,1.4142,0.15,0.85,"0.005,0.01,0.05,0.1,0.3","PRIDE.bug",30,1,"approx",200,1000,0,3,1000,2000,5000,2,NA,NA,NA,NA,NA,NA,NA,NA,NA,NA,NA
"Set_5dose_methods_prior","Set_5dose_methods_prior_SC4",4,"CFO","cfo_pride",NA,NA,NA,"pride",0,0,0.0714,28,1,1,1,5,0.55,0.55,NA,NA,NA,NA,0,0.431,0.431,0,26.045,26.045,29.9742,382.74,1935,1935,"0.15,0.2,0.3,0.35,0.45",0,1.4142,0.15,0.85,"0.005,0.01,0.05,0.1,0.3","PRIDE.bug",30,1,"approx",200,1000,0,3,1000,2000,5000,2,NA,NA,NA,NA,NA,NA,NA,NA,NA,NA,NA
"Set_5dose_methods_prior","Set_5dose_methods_prior_SC4",4,"CFO","cfo_empirical",NA,NA,NA,"empirical",0,0,0.0714,28,2,1,1,1,0.15,0.15,0.0645,NA,NA,NA,23.5659,9.707,9.707,0,29.7488,24.7793,1.0336,378.5556,1935,1935,"0.15,0.2,0.3,0.35,0.45",0,1.4142,0.15,0.85,"0.005,0.01,0.05,0.1,0.3",NA,30,1,"approx",200,1000,0,3,1000,2000,5000,2,NA,NA,NA,NA,NA,NA,NA,NA,NA,NA,NA
"Set_5dose_methods_prior","Set_5dose_methods_prior_SC4",4,"CFO","cfo_empirical",NA,NA,NA,"empirical",0,0,0.0714,28,2,1,1,2,0.3,0.3,0.2052,NA,NA,NA,46.8217,12.586,12.586,3.8217,29.7488,24.7793,1.0336,378.5556,1935,1935,"0.15,0.2,0.3,0.35,0.45",0,1.4142,0.15,0.85,"0.005,0.01,0.05,0.1,0.3",NA,30,1,"approx",200,1000,0,3,1000,2000,5000,2,NA,NA,NA,NA,NA,NA,NA,NA,NA,NA,NA
"Set_5dose_methods_prior","Set_5dose_methods_prior_SC4",4,"CFO","cfo_empirical",NA,NA,NA,"empirical",0,0,0.0714,28,2,1,1,3,0.38,0.38,0.3052,NA,NA,NA,21.4987,5.6465,5.6465,0.6408,29.7488,24.7793,1.0336,378.5556,1935,1935,"0.15,0.2,0.3,0.35,0.45",0,1.4142,0.15,0.85,"0.005,0.01,0.05,0.1,0.3",NA,30,1,"approx",200,1000,0,3,1000,2000,5000,2,NA,NA,NA,NA,NA,NA,NA,NA,NA,NA,NA
"Set_5dose_methods_prior","Set_5dose_methods_prior_SC4",4,"CFO","cfo_empirical",NA,NA,NA,"empirical",0,0,0.0714,28,2,1,1,4,0.45,0.45,0.386,NA,NA,NA,6.4083,1.5659,1.5659,0.4594,29.7488,24.7793,1.0336,378.5556,1935,1935,"0.15,0.2,0.3,0.35,0.45",0,1.4142,0.15,0.85,"0.005,0.01,0.05,0.1,0.3",NA,30,1,"approx",200,1000,0,3,1000,2000,5000,2,NA,NA,NA,NA,NA,NA,NA,NA,NA,NA,NA
"Set_5dose_methods_prior","Set_5dose_methods_prior_SC4",4,"CFO","cfo_empirical",NA,NA,NA,"empirical",0,0,0.0714,28,2,1,1,5,0.55,0.55,0.5036,NA,NA,NA,0.6718,0.2434,0.2434,0.0475,29.7488,24.7793,1.0336,378.5556,1935,1935,"0.15,0.2,0.3,0.35,0.45",0,1.4142,0.15,0.85,"0.005,0.01,0.05,0.1,0.3",NA,30,1,"approx",200,1000,0,3,1000,2000,5000,2,NA,NA,NA,NA,NA,NA,NA,NA,NA,NA,NA
"Set_5dose_methods_prior","Set_5dose_methods_prior_SC4",4,"CFO","cfo_pride",NA,NA,NA,"pride",0,0,0.0714,28,2,1,1,1,0.15,0.15,0.075,NA,NA,NA,23.6176,13.1178,13.1178,0,26.6527,20.6775,22.3256,329.7242,1935,1935,"0.15,0.2,0.3,0.35,0.45",0,1.4142,0.15,0.85,"0.005,0.01,0.05,0.1,0.3","PRIDE.bug",30,1,"approx",200,1000,0,3,1000,2000,5000,2,NA,NA,NA,NA,NA,NA,NA,NA,NA,NA,NA
"Set_5dose_methods_prior","Set_5dose_methods_prior_SC4",4,"CFO","cfo_pride",NA,NA,NA,"pride",0,0,0.0714,28,2,1,1,2,0.3,0.3,0.2399,NA,NA,NA,23.2558,6.9349,6.9349,3.9168,26.6527,20.6775,22.3256,329.7242,1935,1935,"0.15,0.2,0.3,0.35,0.45",0,1.4142,0.15,0.85,"0.005,0.01,0.05,0.1,0.3","PRIDE.bug",30,1,"approx",200,1000,0,3,1000,2000,5000,2,NA,NA,NA,NA,NA,NA,NA,NA,NA,NA,NA
"Set_5dose_methods_prior","Set_5dose_methods_prior_SC4",4,"CFO","cfo_pride",NA,NA,NA,"pride",0,0,0.0714,28,2,1,1,3,0.38,0.38,0.2079,NA,NA,NA,10.0258,3.0248,3.0248,1.0894,26.6527,20.6775,22.3256,329.7242,1935,1935,"0.15,0.2,0.3,0.35,0.45",0,1.4142,0.15,0.85,"0.005,0.01,0.05,0.1,0.3","PRIDE.bug",30,1,"approx",200,1000,0,3,1000,2000,5000,2,NA,NA,NA,NA,NA,NA,NA,NA,NA,NA,NA
"Set_5dose_methods_prior","Set_5dose_methods_prior_SC4",4,"CFO","cfo_pride",NA,NA,NA,"pride",0,0,0.0714,28,2,1,1,4,0.45,0.45,0.154,NA,NA,NA,20.7752,3.1442,3.1442,0.8326,26.6527,20.6775,22.3256,329.7242,1935,1935,"0.15,0.2,0.3,0.35,0.45",0,1.4142,0.15,0.85,"0.005,0.01,0.05,0.1,0.3","PRIDE.bug",30,1,"approx",200,1000,0,3,1000,2000,5000,2,NA,NA,NA,NA,NA,NA,NA,NA,NA,NA,NA
"Set_5dose_methods_prior","Set_5dose_methods_prior_SC4",4,"CFO","cfo_pride",NA,NA,NA,"pride",0,0,0.0714,28,2,1,1,5,0.55,0.55,0.6661,NA,NA,NA,0,0.431,0.431,0.1364,26.6527,20.6775,22.3256,329.7242,1935,1935,"0.15,0.2,0.3,0.35,0.45",0,1.4142,0.15,0.85,"0.005,0.01,0.05,0.1,0.3","PRIDE.bug",30,1,"approx",200,1000,0,3,1000,2000,5000,2,NA,NA,NA,NA,NA,NA,NA,NA,NA,NA,NA
"Set_5dose_methods_prior","Set_5dose_methods_prior_SC4",4,"CFO","cfo_empirical",NA,NA,NA,"empirical",0,0,0.0714,28,3,1,1,1,0.15,0.15,0.0645,NA,NA,NA,23.5659,9.707,9.707,0,29.7488,23.7256,1.0336,368.6878,1935,1935,"0.15,0.2,0.3,0.35,0.45",0,1.4142,0.15,0.85,"0.005,0.01,0.05,0.1,0.3",NA,30,1,"approx",200,1000,0,3,1000,2000,5000,2,NA,NA,NA,NA,NA,NA,NA,NA,NA,NA,NA
"Set_5dose_methods_prior","Set_5dose_methods_prior_SC4",4,"CFO","cfo_empirical",NA,NA,NA,"empirical",0,0,0.0714,28,3,1,1,2,0.3,0.3,0.2052,NA,NA,NA,46.8217,12.586,12.586,3.8217,29.7488,23.7256,1.0336,368.6878,1935,1935,"0.15,0.2,0.3,0.35,0.45",0,1.4142,0.15,0.85,"0.005,0.01,0.05,0.1,0.3",NA,30,1,"approx",200,1000,0,3,1000,2000,5000,2,NA,NA,NA,NA,NA,NA,NA,NA,NA,NA,NA
"Set_5dose_methods_prior","Set_5dose_methods_prior_SC4",4,"CFO","cfo_empirical",NA,NA,NA,"empirical",0,0,0.0714,28,3,1,1,3,0.38,0.38,0.3052,NA,NA,NA,21.4987,5.6465,5.6465,1.8853,29.7488,23.7256,1.0336,368.6878,1935,1935,"0.15,0.2,0.3,0.35,0.45",0,1.4142,0.15,0.85,"0.005,0.01,0.05,0.1,0.3",NA,30,1,"approx",200,1000,0,3,1000,2000,5000,2,NA,NA,NA,NA,NA,NA,NA,NA,NA,NA,NA
"Set_5dose_methods_prior","Set_5dose_methods_prior_SC4",4,"CFO","cfo_empirical",NA,NA,NA,"empirical",0,0,0.0714,28,3,1,1,4,0.45,0.45,0.386,NA,NA,NA,6.4083,1.5659,1.5659,0.2109,29.7488,23.7256,1.0336,368.6878,1935,1935,"0.15,0.2,0.3,0.35,0.45",0,1.4142,0.15,0.85,"0.005,0.01,0.05,0.1,0.3",NA,30,1,"approx",200,1000,0,3,1000,2000,5000,2,NA,NA,NA,NA,NA,NA,NA,NA,NA,NA,NA
"Set_5dose_methods_prior","Set_5dose_methods_prior_SC4",4,"CFO","cfo_empirical",NA,NA,NA,"empirical",0,0,0.0714,28,3,1,1,5,0.55,0.55,0.5036,NA,NA,NA,0.6718,0.2434,0.2434,0.1054,29.7488,23.7256,1.0336,368.6878,1935,1935,"0.15,0.2,0.3,0.35,0.45",0,1.4142,0.15,0.85,"0.005,0.01,0.05,0.1,0.3",NA,30,1,"approx",200,1000,0,3,1000,2000,5000,2,NA,NA,NA,NA,NA,NA,NA,NA,NA,NA,NA
"Set_5dose_methods_prior","Set_5dose_methods_prior_SC4",4,"CFO","cfo_pride",NA,NA,NA,"pride",0,0,0.0714,28,3,1,1,1,0.15,0.15,0.0755,NA,NA,NA,23.6693,13,13,0,26.5364,19.768,22.6357,321.0004,1935,1935,"0.15,0.2,0.3,0.35,0.45",0,1.4142,0.15,0.85,"0.005,0.01,0.05,0.1,0.3","PRIDE.bug",30,1,"approx",200,1000,0,3,1000,2000,5000,2,NA,NA,NA,NA,NA,NA,NA,NA,NA,NA,NA
"Set_5dose_methods_prior","Set_5dose_methods_prior_SC4",4,"CFO","cfo_pride",NA,NA,NA,"pride",0,0,0.0714,28,3,1,1,2,0.3,0.3,0.2409,NA,NA,NA,23.2041,6.9907,6.9907,3.8517,26.5364,19.768,22.6357,321.0004,1935,1935,"0.15,0.2,0.3,0.35,0.45",0,1.4142,0.15,0.85,"0.005,0.01,0.05,0.1,0.3","PRIDE.bug",30,1,"approx",200,1000,0,3,1000,2000,5000,2,NA,NA,NA,NA,NA,NA,NA,NA,NA,NA,NA
"Set_5dose_methods_prior","Set_5dose_methods_prior_SC4",4,"CFO","cfo_pride",NA,NA,NA,"pride",0,0,0.0714,28,3,1,1,3,0.38,0.38,0.2051,NA,NA,NA,9.8708,3.0651,3.0651,2.0465,26.5364,19.768,22.6357,321.0004,1935,1935,"0.15,0.2,0.3,0.35,0.45",0,1.4142,0.15,0.85,"0.005,0.01,0.05,0.1,0.3","PRIDE.bug",30,1,"approx",200,1000,0,3,1000,2000,5000,2,NA,NA,NA,NA,NA,NA,NA,NA,NA,NA,NA
"Set_5dose_methods_prior","Set_5dose_methods_prior_SC4",4,"CFO","cfo_pride",NA,NA,NA,"pride",0,0,0.0714,28,3,1,1,4,0.45,0.45,0.1427,NA,NA,NA,20.6202,3.0527,3.0527,0.4868,26.5364,19.768,22.6357,321.0004,1935,1935,"0.15,0.2,0.3,0.35,0.45",0,1.4142,0.15,0.85,"0.005,0.01,0.05,0.1,0.3","PRIDE.bug",30,1,"approx",200,1000,0,3,1000,2000,5000,2,NA,NA,NA,NA,NA,NA,NA,NA,NA,NA,NA
"Set_5dose_methods_prior","Set_5dose_methods_prior_SC4",4,"CFO","cfo_pride",NA,NA,NA,"pride",0,0,0.0714,28,3,1,1,5,0.55,0.55,0.6661,NA,NA,NA,0,0.4279,0.4279,0.3835,26.5364,19.768,22.6357,321.0004,1935,1935,"0.15,0.2,0.3,0.35,0.45",0,1.4142,0.15,0.85,"0.005,0.01,0.05,0.1,0.3","PRIDE.bug",30,1,"approx",200,1000,0,3,1000,2000,5000,2,NA,NA,NA,NA,NA,NA,NA,NA,NA,NA,NA
"Set_5dose_methods_prior","Set_5dose_methods_prior_SC4",4,"CFO","cfo_empirical",NA,NA,NA,"empirical",0.3,0,0.0714,28,1,1,1,1,0.15,0.15,0.0645,NA,NA,NA,23.5659,9.707,9.707,0,29.7488,29.7488,1.0336,434.8499,1935,1935,"0.15,0.2,0.3,0.35,0.45",0,1.4142,0.15,0.85,"0.005,0.01,0.05,0.1,0.3",NA,30,1,"approx",200,1000,0,3,1000,2000,5000,2,NA,NA,NA,NA,NA,NA,NA,NA,NA,NA,NA
"Set_5dose_methods_prior","Set_5dose_methods_prior_SC4",4,"CFO","cfo_empirical",NA,NA,NA,"empirical",0.3,0,0.0714,28,1,1,1,2,0.3,0.345,0.2052,NA,NA,NA,46.8217,12.586,12.586,0,29.7488,29.7488,1.0336,434.8499,1935,1935,"0.15,0.2,0.3,0.35,0.45",0,1.4142,0.15,0.85,"0.005,0.01,0.05,0.1,0.3",NA,30,1,"approx",200,1000,0,3,1000,2000,5000,2,NA,NA,NA,NA,NA,NA,NA,NA,NA,NA,NA
"Set_5dose_methods_prior","Set_5dose_methods_prior_SC4",4,"CFO","cfo_empirical",NA,NA,NA,"empirical",0.3,0,0.0714,28,1,1,1,3,0.38,0.47,0.3052,NA,NA,NA,21.4987,5.6465,5.6465,0,29.7488,29.7488,1.0336,434.8499,1935,1935,"0.15,0.2,0.3,0.35,0.45",0,1.4142,0.15,0.85,"0.005,0.01,0.05,0.1,0.3",NA,30,1,"approx",200,1000,0,3,1000,2000,5000,2,NA,NA,NA,NA,NA,NA,NA,NA,NA,NA,NA
"Set_5dose_methods_prior","Set_5dose_methods_prior_SC4",4,"CFO","cfo_empirical",NA,NA,NA,"empirical",0.3,0,0.0714,28,1,1,1,4,0.45,0.564,0.386,NA,NA,NA,6.4083,1.5659,1.5659,0,29.7488,29.7488,1.0336,434.8499,1935,1935,"0.15,0.2,0.3,0.35,0.45",0,1.4142,0.15,0.85,"0.005,0.01,0.05,0.1,0.3",NA,30,1,"approx",200,1000,0,3,1000,2000,5000,2,NA,NA,NA,NA,NA,NA,NA,NA,NA,NA,NA
"Set_5dose_methods_prior","Set_5dose_methods_prior_SC4",4,"CFO","cfo_empirical",NA,NA,NA,"empirical",0.3,0,0.0714,28,1,1,1,5,0.55,0.685,0.5036,NA,NA,NA,0.6718,0.2434,0.2434,0,29.7488,29.7488,1.0336,434.8499,1935,1935,"0.15,0.2,0.3,0.35,0.45",0,1.4142,0.15,0.85,"0.005,0.01,0.05,0.1,0.3",NA,30,1,"approx",200,1000,0,3,1000,2000,5000,2,NA,NA,NA,NA,NA,NA,NA,NA,NA,NA,NA
"Set_5dose_methods_prior","Set_5dose_methods_prior_SC4",4,"CFO","cfo_pride",NA,NA,NA,"pride",0.3,0,0.0714,28,1,1,1,1,0.15,0.15,0.0525,NA,NA,NA,16.1757,12.9194,12.9194,0,26.0326,26.0326,29.8191,382.6959,1935,1935,"0.15,0.2,0.3,0.35,0.45",0,1.4142,0.15,0.85,"0.005,0.01,0.05,0.1,0.3","PRIDE.bug",30,1,"approx",200,1000,0,3,1000,2000,5000,2,NA,NA,NA,NA,NA,NA,NA,NA,NA,NA,NA
"Set_5dose_methods_prior","Set_5dose_methods_prior_SC4",4,"CFO","cfo_pride",NA,NA,NA,"pride",0.3,0,0.0714,28,1,1,1,2,0.3,0.345,0.2195,NA,NA,NA,23.2558,6.3302,6.3302,0,26.0326,26.0326,29.8191,382.6959,1935,1935,"0.15,0.2,0.3,0.35,0.45",0,1.4142,0.15,0.85,"0.005,0.01,0.05,0.1,0.3","PRIDE.bug",30,1,"approx",200,1000,0,3,1000,2000,5000,2,NA,NA,NA,NA,NA,NA,NA,NA,NA,NA,NA
"Set_5dose_methods_prior","Set_5dose_methods_prior_SC4",4,"CFO","cfo_pride",NA,NA,NA,"pride",0.3,0,0.0714,28,1,1,1,3,0.38,0.47,0.1922,NA,NA,NA,9.9742,3.0357,3.0357,0,26.0326,26.0326,29.8191,382.6959,1935,1935,"0.15,0.2,0.3,0.35,0.45",0,1.4142,0.15,0.85,"0.005,0.01,0.05,0.1,0.3","PRIDE.bug",30,1,"approx",200,1000,0,3,1000,2000,5000,2,NA,NA,NA,NA,NA,NA,NA,NA,NA,NA,NA
"Set_5dose_methods_prior","Set_5dose_methods_prior_SC4",4,"CFO","cfo_pride",NA,NA,NA,"pride",0.3,0,0.0714,28,1,1,1,4,0.45,0.564,0.1395,NA,NA,NA,20.7752,3.3147,3.3147,0,26.0326,26.0326,29.8191,382.6959,1935,1935,"0.15,0.2,0.3,0.35,0.45",0,1.4142,0.15,0.85,"0.005,0.01,0.05,0.1,0.3","PRIDE.bug",30,1,"approx",200,1000,0,3,1000,2000,5000,2,NA,NA,NA,NA,NA,NA,NA,NA,NA,NA,NA
"Set_5dose_methods_prior","Set_5dose_methods_prior_SC4",4,"CFO","cfo_pride",NA,NA,NA,"pride",0.3,0,0.0714,28,1,1,1,5,0.55,0.685,0.6661,NA,NA,NA,0,0.4326,0.4326,0,26.0326,26.0326,29.8191,382.6959,1935,1935,"0.15,0.2,0.3,0.35,0.45",0,1.4142,0.15,0.85,"0.005,0.01,0.05,0.1,0.3","PRIDE.bug",30,1,"approx",200,1000,0,3,1000,2000,5000,2,NA,NA,NA,NA,NA,NA,NA,NA,NA,NA,NA
"Set_5dose_methods_prior","Set_5dose_methods_prior_SC4",4,"CFO","cfo_empirical",NA,NA,NA,"empirical",0.3,0,0.0714,28,2,1,1,1,0.15,0.15,0.0691,NA,NA,NA,28.1137,10.4465,10.4465,0,29.7488,24.8661,1.0336,379.4654,1935,1935,"0.15,0.2,0.3,0.35,0.45",0,1.4142,0.15,0.85,"0.005,0.01,0.05,0.1,0.3",NA,30,1,"approx",200,1000,0,3,1000,2000,5000,2,NA,NA,NA,NA,NA,NA,NA,NA,NA,NA,NA
"Set_5dose_methods_prior","Set_5dose_methods_prior_SC4",4,"CFO","cfo_empirical",NA,NA,NA,"empirical",0.3,0,0.0714,28,2,1,1,2,0.3,0.345,0.2262,NA,NA,NA,47.7003,13.0465,13.0465,3.8444,29.7488,24.8661,1.0336,379.4654,1935,1935,"0.15,0.2,0.3,0.35,0.45",0,1.4142,0.15,0.85,"0.005,0.01,0.05,0.1,0.3",NA,30,1,"approx",200,1000,0,3,1000,2000,5000,2,NA,NA,NA,NA,NA,NA,NA,NA,NA,NA,NA
"Set_5dose_methods_prior","Set_5dose_methods_prior_SC4",4,"CFO","cfo_empirical",NA,NA,NA,"empirical",0.3,0,0.0714,28,2,1,1,3,0.38,0.47,0.3328,NA,NA,NA,18.1912,4.9829,4.9829,0.632,29.7488,24.8661,1.0336,379.4654,1935,1935,"0.15,0.2,0.3,0.35,0.45",0,1.4142,0.15,0.85,"0.005,0.01,0.05,0.1,0.3",NA,30,1,"approx",200,1000,0,3,1000,2000,5000,2,NA,NA,NA,NA,NA,NA,NA,NA,NA,NA,NA
"Set_5dose_methods_prior","Set_5dose_methods_prior_SC4",4,"CFO","cfo_empirical",NA,NA,NA,"empirical",0.3,0,0.0714,28,2,1,1,4,0.45,0.564,0.4193,NA,NA,NA,4.5478,1.138,1.138,0.3742,29.7488,24.8661,1.0336,379.4654,1935,1935,"0.15,0.2,0.3,0.35,0.45",0,1.4142,0.15,0.85,"0.005,0.01,0.05,0.1,0.3",NA,30,1,"approx",200,1000,0,3,1000,2000,5000,2,NA,NA,NA,NA,NA,NA,NA,NA,NA,NA,NA
"Set_5dose_methods_prior","Set_5dose_methods_prior_SC4",4,"CFO","cfo_empirical",NA,NA,NA,"empirical",0.3,0,0.0714,28,2,1,1,5,0.55,0.685,0.4901,NA,NA,NA,0.4134,0.1349,0.1349,0.032,29.7488,24.8661,1.0336,379.4654,1935,1935,"0.15,0.2,0.3,0.35,0.45",0,1.4142,0.15,0.85,"0.005,0.01,0.05,0.1,0.3",NA,30,1,"approx",200,1000,0,3,1000,2000,5000,2,NA,NA,NA,NA,NA,NA,NA,NA,NA,NA,NA
"Set_5dose_methods_prior","Set_5dose_methods_prior_SC4",4,"CFO","cfo_pride",NA,NA,NA,"pride",0.3,0,0.0714,28,2,1,1,1,0.15,0.15,0.0778,NA,NA,NA,26.77,14.0698,14.0698,0,26.6558,21.4636,22.1705,334.7093,1935,1935,"0.15,0.2,0.3,0.35,0.45",0,1.4142,0.15,0.85,"0.005,0.01,0.05,0.1,0.3","PRIDE.bug",30,1,"approx",200,1000,0,3,1000,2000,5000,2,NA,NA,NA,NA,NA,NA,NA,NA,NA,NA,NA
"Set_5dose_methods_prior","Set_5dose_methods_prior_SC4",4,"CFO","cfo_pride",NA,NA,NA,"pride",0.3,0,0.0714,28,2,1,1,2,0.3,0.345,0.2681,NA,NA,NA,23.9276,6.9147,6.9147,3.7866,26.6558,21.4636,22.1705,334.7093,1935,1935,"0.15,0.2,0.3,0.35,0.45",0,1.4142,0.15,0.85,"0.005,0.01,0.05,0.1,0.3","PRIDE.bug",30,1,"approx",200,1000,0,3,1000,2000,5000,2,NA,NA,NA,NA,NA,NA,NA,NA,NA,NA,NA
"Set_5dose_methods_prior","Set_5dose_methods_prior_SC4",4,"CFO","cfo_pride",NA,NA,NA,"pride",0.3,0,0.0714,28,2,1,1,3,0.38,0.47,0.2052,NA,NA,NA,22.6873,4.5457,4.5457,0.8016,26.6558,21.4636,22.1705,334.7093,1935,1935,"0.15,0.2,0.3,0.35,0.45",0,1.4142,0.15,0.85,"0.005,0.01,0.05,0.1,0.3","PRIDE.bug",30,1,"approx",200,1000,0,3,1000,2000,5000,2,NA,NA,NA,NA,NA,NA,NA,NA,NA,NA,NA
"Set_5dose_methods_prior","Set_5dose_methods_prior_SC4",4,"CFO","cfo_pride",NA,NA,NA,"pride",0.3,0,0.0714,28,2,1,1,4,0.45,0.564,0.3452,NA,NA,NA,4.3928,0.9922,0.9922,0.4801,26.6558,21.4636,22.1705,334.7093,1935,1935,"0.15,0.2,0.3,0.35,0.45",0,1.4142,0.15,0.85,"0.005,0.01,0.05,0.1,0.3","PRIDE.bug",30,1,"approx",200,1000,0,3,1000,2000,5000,2,NA,NA,NA,NA,NA,NA,NA,NA,NA,NA,NA
"Set_5dose_methods_prior","Set_5dose_methods_prior_SC4",4,"CFO","cfo_pride",NA,NA,NA,"pride",0.3,0,0.0714,28,2,1,1,5,0.55,0.685,4e-04,NA,NA,NA,0.0517,0.1333,0.1333,0.124,26.6558,21.4636,22.1705,334.7093,1935,1935,"0.15,0.2,0.3,0.35,0.45",0,1.4142,0.15,0.85,"0.005,0.01,0.05,0.1,0.3","PRIDE.bug",30,1,"approx",200,1000,0,3,1000,2000,5000,2,NA,NA,NA,NA,NA,NA,NA,NA,NA,NA,NA
"Set_5dose_methods_prior","Set_5dose_methods_prior_SC4",4,"CFO","cfo_empirical",NA,NA,NA,"empirical",0.3,0,0.0714,28,3,1,1,1,0.15,0.15,0.0707,NA,NA,NA,28.3204,10.4589,10.4589,0,29.7488,23.9628,1.0336,370.9104,1935,1935,"0.15,0.2,0.3,0.35,0.45",0,1.4142,0.15,0.85,"0.005,0.01,0.05,0.1,0.3",NA,30,1,"approx",200,1000,0,3,1000,2000,5000,2,NA,NA,NA,NA,NA,NA,NA,NA,NA,NA,NA
"Set_5dose_methods_prior","Set_5dose_methods_prior_SC4",4,"CFO","cfo_empirical",NA,NA,NA,"empirical",0.3,0,0.0714,28,3,1,1,2,0.3,0.345,0.2341,NA,NA,NA,50.0775,13.524,13.524,3.8915,29.7488,23.9628,1.0336,370.9104,1935,1935,"0.15,0.2,0.3,0.35,0.45",0,1.4142,0.15,0.85,"0.005,0.01,0.05,0.1,0.3",NA,30,1,"approx",200,1000,0,3,1000,2000,5000,2,NA,NA,NA,NA,NA,NA,NA,NA,NA,NA,NA
"Set_5dose_methods_prior","Set_5dose_methods_prior_SC4",4,"CFO","cfo_empirical",NA,NA,NA,"empirical",0.3,0,0.0714,28,3,1,1,3,0.38,0.47,0.3518,NA,NA,NA,16.5891,4.7969,4.7969,1.678,29.7488,23.9628,1.0336,370.9104,1935,1935,"0.15,0.2,0.3,0.35,0.45",0,1.4142,0.15,0.85,"0.005,0.01,0.05,0.1,0.3",NA,30,1,"approx",200,1000,0,3,1000,2000,5000,2,NA,NA,NA,NA,NA,NA,NA,NA,NA,NA,NA
"Set_5dose_methods_prior","Set_5dose_methods_prior_SC4",4,"CFO","cfo_empirical",NA,NA,NA,"empirical",0.3,0,0.0714,28,3,1,1,4,0.45,0.564,0.4202,NA,NA,NA,3.6176,0.8496,0.8496,0.1571,29.7488,23.9628,1.0336,370.9104,1935,1935,"0.15,0.2,0.3,0.35,0.45",0,1.4142,0.15,0.85,"0.005,0.01,0.05,0.1,0.3",NA,30,1,"approx",200,1000,0,3,1000,2000,5000,2,NA,NA,NA,NA,NA,NA,NA,NA,NA,NA,NA
"Set_5dose_methods_prior","Set_5dose_methods_prior_SC4",4,"CFO","cfo_empirical",NA,NA,NA,"empirical",0.3,0,0.0714,28,3,1,1,5,0.55,0.685,0.5452,NA,NA,NA,0.3618,0.1194,0.1194,0.0594,29.7488,23.9628,1.0336,370.9104,1935,1935,"0.15,0.2,0.3,0.35,0.45",0,1.4142,0.15,0.85,"0.005,0.01,0.05,0.1,0.3",NA,30,1,"approx",200,1000,0,3,1000,2000,5000,2,NA,NA,NA,NA,NA,NA,NA,NA,NA,NA,NA
"Set_5dose_methods_prior","Set_5dose_methods_prior_SC4",4,"CFO","cfo_pride",NA,NA,NA,"pride",0.3,0,0.0714,28,3,1,1,1,0.15,0.15,0.0791,NA,NA,NA,27.1835,13.9953,13.9953,0,26.676,20.4134,21.4987,326.4092,1935,1935,"0.15,0.2,0.3,0.35,0.45",0,1.4142,0.15,0.85,"0.005,0.01,0.05,0.1,0.3","PRIDE.bug",30,1,"approx",200,1000,0,3,1000,2000,5000,2,NA,NA,NA,NA,NA,NA,NA,NA,NA,NA,NA
"Set_5dose_methods_prior","Set_5dose_methods_prior_SC4",4,"CFO","cfo_pride",NA,NA,NA,"pride",0.3,0,0.0714,28,3,1,1,2,0.3,0.345,0.2685,NA,NA,NA,25.8398,7.3659,7.3659,3.7964,26.676,20.4134,21.4987,326.4092,1935,1935,"0.15,0.2,0.3,0.35,0.45",0,1.4142,0.15,0.85,"0.005,0.01,0.05,0.1,0.3","PRIDE.bug",30,1,"approx",200,1000,0,3,1000,2000,5000,2,NA,NA,NA,NA,NA,NA,NA,NA,NA,NA,NA
"Set_5dose_methods_prior","Set_5dose_methods_prior_SC4",4,"CFO","cfo_pride",NA,NA,NA,"pride",0.3,0,0.0714,28,3,1,1,3,0.38,0.47,0.2578,NA,NA,NA,16.1757,3.0543,3.0543,1.8956,26.676,20.4134,21.4987,326.4092,1935,1935,"0.15,0.2,0.3,0.35,0.45",0,1.4142,0.15,0.85,"0.005,0.01,0.05,0.1,0.3","PRIDE.bug",30,1,"approx",200,1000,0,3,1000,2000,5000,2,NA,NA,NA,NA,NA,NA,NA,NA,NA,NA,NA
"Set_5dose_methods_prior","Set_5dose_methods_prior_SC4",4,"CFO","cfo_pride",NA,NA,NA,"pride",0.3,0,0.0714,28,3,1,1,4,0.45,0.564,0.1751,NA,NA,NA,9.3023,1.9953,1.9953,0.3054,26.676,20.4134,21.4987,326.4092,1935,1935,"0.15,0.2,0.3,0.35,0.45",0,1.4142,0.15,0.85,"0.005,0.01,0.05,0.1,0.3","PRIDE.bug",30,1,"approx",200,1000,0,3,1000,2000,5000,2,NA,NA,NA,NA,NA,NA,NA,NA,NA,NA,NA
"Set_5dose_methods_prior","Set_5dose_methods_prior_SC4",4,"CFO","cfo_pride",NA,NA,NA,"pride",0.3,0,0.0714,28,3,1,1,5,0.55,0.685,NA,NA,NA,NA,0,0.2651,0.2651,0.2651,26.676,20.4134,21.4987,326.4092,1935,1935,"0.15,0.2,0.3,0.35,0.45",0,1.4142,0.15,0.85,"0.005,0.01,0.05,0.1,0.3","PRIDE.bug",30,1,"approx",200,1000,0,3,1000,2000,5000,2,NA,NA,NA,NA,NA,NA,NA,NA,NA,NA,NA
"Set_5dose_methods_prior","Set_5dose_methods_prior_SC4",4,"CFO","cfo_empirical",NA,NA,NA,"empirical",0.6,0,0.0714,28,1,1,1,1,0.15,0.15,0.0645,NA,NA,NA,23.5659,9.707,9.707,0,29.7488,29.7488,1.0336,434.8499,1935,1935,"0.15,0.2,0.3,0.35,0.45",0,1.4142,0.15,0.85,"0.005,0.01,0.05,0.1,0.3",NA,30,1,"approx",200,1000,0,3,1000,2000,5000,2,NA,NA,NA,NA,NA,NA,NA,NA,NA,NA,NA
"Set_5dose_methods_prior","Set_5dose_methods_prior_SC4",4,"CFO","cfo_empirical",NA,NA,NA,"empirical",0.6,0,0.0714,28,1,1,1,2,0.3,0.39,0.2052,NA,NA,NA,46.8217,12.586,12.586,0,29.7488,29.7488,1.0336,434.8499,1935,1935,"0.15,0.2,0.3,0.35,0.45",0,1.4142,0.15,0.85,"0.005,0.01,0.05,0.1,0.3",NA,30,1,"approx",200,1000,0,3,1000,2000,5000,2,NA,NA,NA,NA,NA,NA,NA,NA,NA,NA,NA
"Set_5dose_methods_prior","Set_5dose_methods_prior_SC4",4,"CFO","cfo_empirical",NA,NA,NA,"empirical",0.6,0,0.0714,28,1,1,1,3,0.38,0.56,0.3052,NA,NA,NA,21.4987,5.6465,5.6465,0,29.7488,29.7488,1.0336,434.8499,1935,1935,"0.15,0.2,0.3,0.35,0.45",0,1.4142,0.15,0.85,"0.005,0.01,0.05,0.1,0.3",NA,30,1,"approx",200,1000,0,3,1000,2000,5000,2,NA,NA,NA,NA,NA,NA,NA,NA,NA,NA,NA
"Set_5dose_methods_prior","Set_5dose_methods_prior_SC4",4,"CFO","cfo_empirical",NA,NA,NA,"empirical",0.6,0,0.0714,28,1,1,1,4,0.45,0.678,0.386,NA,NA,NA,6.4083,1.5659,1.5659,0,29.7488,29.7488,1.0336,434.8499,1935,1935,"0.15,0.2,0.3,0.35,0.45",0,1.4142,0.15,0.85,"0.005,0.01,0.05,0.1,0.3",NA,30,1,"approx",200,1000,0,3,1000,2000,5000,2,NA,NA,NA,NA,NA,NA,NA,NA,NA,NA,NA
"Set_5dose_methods_prior","Set_5dose_methods_prior_SC4",4,"CFO","cfo_empirical",NA,NA,NA,"empirical",0.6,0,0.0714,28,1,1,1,5,0.55,0.82,0.5036,NA,NA,NA,0.6718,0.2434,0.2434,0,29.7488,29.7488,1.0336,434.8499,1935,1935,"0.15,0.2,0.3,0.35,0.45",0,1.4142,0.15,0.85,"0.005,0.01,0.05,0.1,0.3",NA,30,1,"approx",200,1000,0,3,1000,2000,5000,2,NA,NA,NA,NA,NA,NA,NA,NA,NA,NA,NA
"Set_5dose_methods_prior","Set_5dose_methods_prior_SC4",4,"CFO","cfo_pride",NA,NA,NA,"pride",0.6,0,0.0714,28,1,1,1,1,0.15,0.15,0.0547,NA,NA,NA,16.7959,12.9674,12.9674,0,26.062,26.062,29.2506,383.0971,1935,1935,"0.15,0.2,0.3,0.35,0.45",0,1.4142,0.15,0.85,"0.005,0.01,0.05,0.1,0.3","PRIDE.bug",30,1,"approx",200,1000,0,3,1000,2000,5000,2,NA,NA,NA,NA,NA,NA,NA,NA,NA,NA,NA
"Set_5dose_methods_prior","Set_5dose_methods_prior_SC4",4,"CFO","cfo_pride",NA,NA,NA,"pride",0.6,0,0.0714,28,1,1,1,2,0.3,0.39,0.2233,NA,NA,NA,23.3592,6.3349,6.3349,0,26.062,26.062,29.2506,383.0971,1935,1935,"0.15,0.2,0.3,0.35,0.45",0,1.4142,0.15,0.85,"0.005,0.01,0.05,0.1,0.3","PRIDE.bug",30,1,"approx",200,1000,0,3,1000,2000,5000,2,NA,NA,NA,NA,NA,NA,NA,NA,NA,NA,NA
"Set_5dose_methods_prior","Set_5dose_methods_prior_SC4",4,"CFO","cfo_pride",NA,NA,NA,"pride",0.6,0,0.0714,28,1,1,1,3,0.38,0.56,0.1845,NA,NA,NA,9.8708,3.014,3.014,0,26.062,26.062,29.2506,383.0971,1935,1935,"0.15,0.2,0.3,0.35,0.45",0,1.4142,0.15,0.85,"0.005,0.01,0.05,0.1,0.3","PRIDE.bug",30,1,"approx",200,1000,0,3,1000,2000,5000,2,NA,NA,NA,NA,NA,NA,NA,NA,NA,NA,NA
"Set_5dose_methods_prior","Set_5dose_methods_prior_SC4",4,"CFO","cfo_pride",NA,NA,NA,"pride",0.6,0,0.0714,28,1,1,1,4,0.45,0.678,0.1399,NA,NA,NA,20.7235,3.3178,3.3178,0,26.062,26.062,29.2506,383.0971,1935,1935,"0.15,0.2,0.3,0.35,0.45",0,1.4142,0.15,0.85,"0.005,0.01,0.05,0.1,0.3","PRIDE.bug",30,1,"approx",200,1000,0,3,1000,2000,5000,2,NA,NA,NA,NA,NA,NA,NA,NA,NA,NA,NA
"Set_5dose_methods_prior","Set_5dose_methods_prior_SC4",4,"CFO","cfo_pride",NA,NA,NA,"pride",0.6,0,0.0714,28,1,1,1,5,0.55,0.82,NA,NA,NA,NA,0,0.4279,0.4279,0,26.062,26.062,29.2506,383.0971,1935,1935,"0.15,0.2,0.3,0.35,0.45",0,1.4142,0.15,0.85,"0.005,0.01,0.05,0.1,0.3","PRIDE.bug",30,1,"approx",200,1000,0,3,1000,2000,5000,2,NA,NA,NA,NA,NA,NA,NA,NA,NA,NA,NA
"Set_5dose_methods_prior","Set_5dose_methods_prior_SC4",4,"CFO","cfo_empirical",NA,NA,NA,"empirical",0.6,0,0.0714,28,2,1,1,1,0.15,0.15,0.0739,NA,NA,NA,32.6615,11.1953,11.1953,0,29.7488,24.9106,1.0336,379.6804,1935,1935,"0.15,0.2,0.3,0.35,0.45",0,1.4142,0.15,0.85,"0.005,0.01,0.05,0.1,0.3",NA,30,1,"approx",200,1000,0,3,1000,2000,5000,2,NA,NA,NA,NA,NA,NA,NA,NA,NA,NA,NA
"Set_5dose_methods_prior","Set_5dose_methods_prior_SC4",4,"CFO","cfo_empirical",NA,NA,NA,"empirical",0.6,0,0.0714,28,2,1,1,2,0.3,0.39,0.2463,NA,NA,NA,48.2687,13.5829,13.5829,3.9065,29.7488,24.9106,1.0336,379.6804,1935,1935,"0.15,0.2,0.3,0.35,0.45",0,1.4142,0.15,0.85,"0.005,0.01,0.05,0.1,0.3",NA,30,1,"approx",200,1000,0,3,1000,2000,5000,2,NA,NA,NA,NA,NA,NA,NA,NA,NA,NA,NA
"Set_5dose_methods_prior","Set_5dose_methods_prior_SC4",4,"CFO","cfo_empirical",NA,NA,NA,"empirical",0.6,0,0.0714,28,2,1,1,3,0.38,0.56,0.3567,NA,NA,NA,14.9871,4.0853,4.0853,0.6072,29.7488,24.9106,1.0336,379.6804,1935,1935,"0.15,0.2,0.3,0.35,0.45",0,1.4142,0.15,0.85,"0.005,0.01,0.05,0.1,0.3",NA,30,1,"approx",200,1000,0,3,1000,2000,5000,2,NA,NA,NA,NA,NA,NA,NA,NA,NA,NA,NA
"Set_5dose_methods_prior","Set_5dose_methods_prior_SC4",4,"CFO","cfo_empirical",NA,NA,NA,"empirical",0.6,0,0.0714,28,2,1,1,4,0.45,0.678,0.4636,NA,NA,NA,2.9457,0.8279,0.8279,0.3034,29.7488,24.9106,1.0336,379.6804,1935,1935,"0.15,0.2,0.3,0.35,0.45",0,1.4142,0.15,0.85,"0.005,0.01,0.05,0.1,0.3",NA,30,1,"approx",200,1000,0,3,1000,2000,5000,2,NA,NA,NA,NA,NA,NA,NA,NA,NA,NA,NA
"Set_5dose_methods_prior","Set_5dose_methods_prior_SC4",4,"CFO","cfo_empirical",NA,NA,NA,"empirical",0.6,0,0.0714,28,2,1,1,5,0.55,0.82,0.5,NA,NA,NA,0.1034,0.0574,0.0574,0.0212,29.7488,24.9106,1.0336,379.6804,1935,1935,"0.15,0.2,0.3,0.35,0.45",0,1.4142,0.15,0.85,"0.005,0.01,0.05,0.1,0.3",NA,30,1,"approx",200,1000,0,3,1000,2000,5000,2,NA,NA,NA,NA,NA,NA,NA,NA,NA,NA,NA
"Set_5dose_methods_prior","Set_5dose_methods_prior_SC4",4,"CFO","cfo_pride",NA,NA,NA,"pride",0.6,0,0.0714,28,2,1,1,1,0.15,0.15,0.0795,NA,NA,NA,30.3876,14.9705,14.9705,0,26.755,22.2114,21.6537,339.8708,1935,1935,"0.15,0.2,0.3,0.35,0.45",0,1.4142,0.15,0.85,"0.005,0.01,0.05,0.1,0.3","PRIDE.bug",30,1,"approx",200,1000,0,3,1000,2000,5000,2,NA,NA,NA,NA,NA,NA,NA,NA,NA,NA,NA
"Set_5dose_methods_prior","Set_5dose_methods_prior_SC4",4,"CFO","cfo_pride",NA,NA,NA,"pride",0.6,0,0.0714,28,2,1,1,2,0.3,0.39,0.2926,NA,NA,NA,29.4574,7.3922,7.3922,3.6822,26.755,22.2114,21.6537,339.8708,1935,1935,"0.15,0.2,0.3,0.35,0.45",0,1.4142,0.15,0.85,"0.005,0.01,0.05,0.1,0.3","PRIDE.bug",30,1,"approx",200,1000,0,3,1000,2000,5000,2,NA,NA,NA,NA,NA,NA,NA,NA,NA,NA,NA
"Set_5dose_methods_prior","Set_5dose_methods_prior_SC4",4,"CFO","cfo_pride",NA,NA,NA,"pride",0.6,0,0.0714,28,2,1,1,3,0.38,0.56,0.2365,NA,NA,NA,18.5013,3.9488,3.9488,0.4196,26.755,22.2114,21.6537,339.8708,1935,1935,"0.15,0.2,0.3,0.35,0.45",0,1.4142,0.15,0.85,"0.005,0.01,0.05,0.1,0.3","PRIDE.bug",30,1,"approx",200,1000,0,3,1000,2000,5000,2,NA,NA,NA,NA,NA,NA,NA,NA,NA,NA,NA
"Set_5dose_methods_prior","Set_5dose_methods_prior_SC4",4,"CFO","cfo_pride",NA,NA,NA,"pride",0.6,0,0.0714,28,2,1,1,4,0.45,0.678,NA,NA,NA,NA,0,0.4434,0.4434,0.4419,26.755,22.2114,21.6537,339.8708,1935,1935,"0.15,0.2,0.3,0.35,0.45",0,1.4142,0.15,0.85,"0.005,0.01,0.05,0.1,0.3","PRIDE.bug",30,1,"approx",200,1000,0,3,1000,2000,5000,2,NA,NA,NA,NA,NA,NA,NA,NA,NA,NA,NA
"Set_5dose_methods_prior","Set_5dose_methods_prior_SC4",4,"CFO","cfo_pride",NA,NA,NA,"pride",0.6,0,0.0714,28,2,1,1,5,0.55,0.82,NA,NA,NA,NA,0,0,0,0,26.755,22.2114,21.6537,339.8708,1935,1935,"0.15,0.2,0.3,0.35,0.45",0,1.4142,0.15,0.85,"0.005,0.01,0.05,0.1,0.3","PRIDE.bug",30,1,"approx",200,1000,0,3,1000,2000,5000,2,NA,NA,NA,NA,NA,NA,NA,NA,NA,NA,NA
"Set_5dose_methods_prior","Set_5dose_methods_prior_SC4",4,"CFO","cfo_empirical",NA,NA,NA,"empirical",0.6,0,0.0714,28,3,1,1,1,0.15,0.15,0.0769,NA,NA,NA,33.1266,11.2295,11.2295,0,29.7488,24.1984,1.0336,373.1048,1935,1935,"0.15,0.2,0.3,0.35,0.45",0,1.4142,0.15,0.85,"0.005,0.01,0.05,0.1,0.3",NA,30,1,"approx",200,1000,0,3,1000,2000,5000,2,NA,NA,NA,NA,NA,NA,NA,NA,NA,NA,NA
"Set_5dose_methods_prior","Set_5dose_methods_prior_SC4",4,"CFO","cfo_empirical",NA,NA,NA,"empirical",0.6,0,0.0714,28,3,1,1,2,0.3,0.39,0.261,NA,NA,NA,52.093,14.3085,14.3085,3.969,29.7488,24.1984,1.0336,373.1048,1935,1935,"0.15,0.2,0.3,0.35,0.45",0,1.4142,0.15,0.85,"0.005,0.01,0.05,0.1,0.3",NA,30,1,"approx",200,1000,0,3,1000,2000,5000,2,NA,NA,NA,NA,NA,NA,NA,NA,NA,NA,NA
"Set_5dose_methods_prior","Set_5dose_methods_prior_SC4",4,"CFO","cfo_empirical",NA,NA,NA,"empirical",0.6,0,0.0714,28,3,1,1,3,0.38,0.56,0.3938,NA,NA,NA,11.9897,3.6186,3.6186,1.4398,29.7488,24.1984,1.0336,373.1048,1935,1935,"0.15,0.2,0.3,0.35,0.45",0,1.4142,0.15,0.85,"0.005,0.01,0.05,0.1,0.3",NA,30,1,"approx",200,1000,0,3,1000,2000,5000,2,NA,NA,NA,NA,NA,NA,NA,NA,NA,NA,NA
"Set_5dose_methods_prior","Set_5dose_methods_prior_SC4",4,"CFO","cfo_empirical",NA,NA,NA,"empirical",0.6,0,0.0714,28,3,1,1,4,0.45,0.678,0.4987,NA,NA,NA,1.7571,0.5488,0.5488,0.1209,29.7488,24.1984,1.0336,373.1048,1935,1935,"0.15,0.2,0.3,0.35,0.45",0,1.4142,0.15,0.85,"0.005,0.01,0.05,0.1,0.3",NA,30,1,"approx",200,1000,0,3,1000,2000,5000,2,NA,NA,NA,NA,NA,NA,NA,NA,NA,NA,NA
"Set_5dose_methods_prior","Set_5dose_methods_prior_SC4",4,"CFO","cfo_empirical",NA,NA,NA,"empirical",0.6,0,0.0714,28,3,1,1,5,0.55,0.82,0.5443,NA,NA,NA,0,0.0434,0.0434,0.0207,29.7488,24.1984,1.0336,373.1048,1935,1935,"0.15,0.2,0.3,0.35,0.45",0,1.4142,0.15,0.85,"0.005,0.01,0.05,0.1,0.3",NA,30,1,"approx",200,1000,0,3,1000,2000,5000,2,NA,NA,NA,NA,NA,NA,NA,NA,NA,NA,NA
"Set_5dose_methods_prior","Set_5dose_methods_prior_SC4",4,"CFO","cfo_pride",NA,NA,NA,"pride",0.6,0,0.0714,28,3,1,1,1,0.15,0.15,0.0825,NA,NA,NA,31.3178,14.7597,14.7597,0,26.7302,21.9525,20.5685,336.6872,1935,1935,"0.15,0.2,0.3,0.35,0.45",0,1.4142,0.15,0.85,"0.005,0.01,0.05,0.1,0.3","PRIDE.bug",30,1,"approx",200,1000,0,3,1000,2000,5000,2,NA,NA,NA,NA,NA,NA,NA,NA,NA,NA,NA
"Set_5dose_methods_prior","Set_5dose_methods_prior_SC4",4,"CFO","cfo_pride",NA,NA,NA,"pride",0.6,0,0.0714,28,3,1,1,2,0.3,0.39,0.2933,NA,NA,NA,43.6693,10.5752,10.5752,3.6196,26.7302,21.9525,20.5685,336.6872,1935,1935,"0.15,0.2,0.3,0.35,0.45",0,1.4142,0.15,0.85,"0.005,0.01,0.05,0.1,0.3","PRIDE.bug",30,1,"approx",200,1000,0,3,1000,2000,5000,2,NA,NA,NA,NA,NA,NA,NA,NA,NA,NA,NA
"Set_5dose_methods_prior","Set_5dose_methods_prior_SC4",4,"CFO","cfo_pride",NA,NA,NA,"pride",0.6,0,0.0714,28,3,1,1,3,0.38,0.56,0.4873,NA,NA,NA,4.4444,1.386,1.386,1.1494,26.7302,21.9525,20.5685,336.6872,1935,1935,"0.15,0.2,0.3,0.35,0.45",0,1.4142,0.15,0.85,"0.005,0.01,0.05,0.1,0.3","PRIDE.bug",30,1,"approx",200,1000,0,3,1000,2000,5000,2,NA,NA,NA,NA,NA,NA,NA,NA,NA,NA,NA
"Set_5dose_methods_prior","Set_5dose_methods_prior_SC4",4,"CFO","cfo_pride",NA,NA,NA,"pride",0.6,0,0.0714,28,3,1,1,4,0.45,0.678,NA,NA,NA,NA,0,0.0093,0.0093,0.0088,26.7302,21.9525,20.5685,336.6872,1935,1935,"0.15,0.2,0.3,0.35,0.45",0,1.4142,0.15,0.85,"0.005,0.01,0.05,0.1,0.3","PRIDE.bug",30,1,"approx",200,1000,0,3,1000,2000,5000,2,NA,NA,NA,NA,NA,NA,NA,NA,NA,NA,NA
"Set_5dose_methods_prior","Set_5dose_methods_prior_SC4",4,"CFO","cfo_pride",NA,NA,NA,"pride",0.6,0,0.0714,28,3,1,1,5,0.55,0.82,NA,NA,NA,NA,0,0,0,0,26.7302,21.9525,20.5685,336.6872,1935,1935,"0.15,0.2,0.3,0.35,0.45",0,1.4142,0.15,0.85,"0.005,0.01,0.05,0.1,0.3","PRIDE.bug",30,1,"approx",200,1000,0,3,1000,2000,5000,2,NA,NA,NA,NA,NA,NA,NA,NA,NA,NA,NA
"Set_5dose_methods_prior","Set_5dose_methods_prior_SC4",4,"CFO","cfo_empirical",NA,NA,NA,"empirical",0.9,0,0.0714,28,1,1,1,1,0.15,0.15,0.0645,NA,NA,NA,23.5659,9.707,9.707,0,29.7488,29.7488,1.0336,434.8499,1935,1935,"0.15,0.2,0.3,0.35,0.45",0,1.4142,0.15,0.85,"0.005,0.01,0.05,0.1,0.3",NA,30,1,"approx",200,1000,0,3,1000,2000,5000,2,NA,NA,NA,NA,NA,NA,NA,NA,NA,NA,NA
"Set_5dose_methods_prior","Set_5dose_methods_prior_SC4",4,"CFO","cfo_empirical",NA,NA,NA,"empirical",0.9,0,0.0714,28,1,1,1,2,0.3,0.435,0.2052,NA,NA,NA,46.8217,12.586,12.586,0,29.7488,29.7488,1.0336,434.8499,1935,1935,"0.15,0.2,0.3,0.35,0.45",0,1.4142,0.15,0.85,"0.005,0.01,0.05,0.1,0.3",NA,30,1,"approx",200,1000,0,3,1000,2000,5000,2,NA,NA,NA,NA,NA,NA,NA,NA,NA,NA,NA
"Set_5dose_methods_prior","Set_5dose_methods_prior_SC4",4,"CFO","cfo_empirical",NA,NA,NA,"empirical",0.9,0,0.0714,28,1,1,1,3,0.38,0.65,0.3052,NA,NA,NA,21.4987,5.6465,5.6465,0,29.7488,29.7488,1.0336,434.8499,1935,1935,"0.15,0.2,0.3,0.35,0.45",0,1.4142,0.15,0.85,"0.005,0.01,0.05,0.1,0.3",NA,30,1,"approx",200,1000,0,3,1000,2000,5000,2,NA,NA,NA,NA,NA,NA,NA,NA,NA,NA,NA
"Set_5dose_methods_prior","Set_5dose_methods_prior_SC4",4,"CFO","cfo_empirical",NA,NA,NA,"empirical",0.9,0,0.0714,28,1,1,1,4,0.45,0.792,0.386,NA,NA,NA,6.4083,1.5659,1.5659,0,29.7488,29.7488,1.0336,434.8499,1935,1935,"0.15,0.2,0.3,0.35,0.45",0,1.4142,0.15,0.85,"0.005,0.01,0.05,0.1,0.3",NA,30,1,"approx",200,1000,0,3,1000,2000,5000,2,NA,NA,NA,NA,NA,NA,NA,NA,NA,NA,NA
"Set_5dose_methods_prior","Set_5dose_methods_prior_SC4",4,"CFO","cfo_empirical",NA,NA,NA,"empirical",0.9,0,0.0714,28,1,1,1,5,0.55,0.955,0.5036,NA,NA,NA,0.6718,0.2434,0.2434,0,29.7488,29.7488,1.0336,434.8499,1935,1935,"0.15,0.2,0.3,0.35,0.45",0,1.4142,0.15,0.85,"0.005,0.01,0.05,0.1,0.3",NA,30,1,"approx",200,1000,0,3,1000,2000,5000,2,NA,NA,NA,NA,NA,NA,NA,NA,NA,NA,NA
"Set_5dose_methods_prior","Set_5dose_methods_prior_SC4",4,"CFO","cfo_pride",NA,NA,NA,"pride",0.9,0,0.0714,28,1,1,1,1,0.15,0.15,0.054,NA,NA,NA,16.5891,12.9767,12.9767,0,26.1256,26.1256,29.199,384.2933,1935,1935,"0.15,0.2,0.3,0.35,0.45",0,1.4142,0.15,0.85,"0.005,0.01,0.05,0.1,0.3","PRIDE.bug",30,1,"approx",200,1000,0,3,1000,2000,5000,2,NA,NA,NA,NA,NA,NA,NA,NA,NA,NA,NA
"Set_5dose_methods_prior","Set_5dose_methods_prior_SC4",4,"CFO","cfo_pride",NA,NA,NA,"pride",0.9,0,0.0714,28,1,1,1,2,0.3,0.435,0.2202,NA,NA,NA,23.5659,6.3674,6.3674,0,26.1256,26.1256,29.199,384.2933,1935,1935,"0.15,0.2,0.3,0.35,0.45",0,1.4142,0.15,0.85,"0.005,0.01,0.05,0.1,0.3","PRIDE.bug",30,1,"approx",200,1000,0,3,1000,2000,5000,2,NA,NA,NA,NA,NA,NA,NA,NA,NA,NA,NA
"Set_5dose_methods_prior","Set_5dose_methods_prior_SC4",4,"CFO","cfo_pride",NA,NA,NA,"pride",0.9,0,0.0714,28,1,1,1,3,0.38,0.65,0.1895,NA,NA,NA,10.0258,3.0589,3.0589,0,26.1256,26.1256,29.199,384.2933,1935,1935,"0.15,0.2,0.3,0.35,0.45",0,1.4142,0.15,0.85,"0.005,0.01,0.05,0.1,0.3","PRIDE.bug",30,1,"approx",200,1000,0,3,1000,2000,5000,2,NA,NA,NA,NA,NA,NA,NA,NA,NA,NA,NA
"Set_5dose_methods_prior","Set_5dose_methods_prior_SC4",4,"CFO","cfo_pride",NA,NA,NA,"pride",0.9,0,0.0714,28,1,1,1,4,0.45,0.792,0.1389,NA,NA,NA,20.6202,3.2961,3.2961,0,26.1256,26.1256,29.199,384.2933,1935,1935,"0.15,0.2,0.3,0.35,0.45",0,1.4142,0.15,0.85,"0.005,0.01,0.05,0.1,0.3","PRIDE.bug",30,1,"approx",200,1000,0,3,1000,2000,5000,2,NA,NA,NA,NA,NA,NA,NA,NA,NA,NA,NA
"Set_5dose_methods_prior","Set_5dose_methods_prior_SC4",4,"CFO","cfo_pride",NA,NA,NA,"pride",0.9,0,0.0714,28,1,1,1,5,0.55,0.955,NA,NA,NA,NA,0,0.4264,0.4264,0,26.1256,26.1256,29.199,384.2933,1935,1935,"0.15,0.2,0.3,0.35,0.45",0,1.4142,0.15,0.85,"0.005,0.01,0.05,0.1,0.3","PRIDE.bug",30,1,"approx",200,1000,0,3,1000,2000,5000,2,NA,NA,NA,NA,NA,NA,NA,NA,NA,NA,NA
"Set_5dose_methods_prior","Set_5dose_methods_prior_SC4",4,"CFO","cfo_empirical",NA,NA,NA,"empirical",0.9,0,0.0714,28,2,1,1,1,0.15,0.15,0.0789,NA,NA,NA,37.8295,12.0434,12.0434,0,29.7488,25.0279,1.0336,380.409,1935,1935,"0.15,0.2,0.3,0.35,0.45",0,1.4142,0.15,0.85,"0.005,0.01,0.05,0.1,0.3",NA,30,1,"approx",200,1000,0,3,1000,2000,5000,2,NA,NA,NA,NA,NA,NA,NA,NA,NA,NA,NA
"Set_5dose_methods_prior","Set_5dose_methods_prior_SC4",4,"CFO","cfo_empirical",NA,NA,NA,"empirical",0.9,0,0.0714,28,2,1,1,2,0.3,0.435,0.2625,NA,NA,NA,47.7003,13.814,13.814,3.9266,29.7488,25.0279,1.0336,380.409,1935,1935,"0.15,0.2,0.3,0.35,0.45",0,1.4142,0.15,0.85,"0.005,0.01,0.05,0.1,0.3",NA,30,1,"approx",200,1000,0,3,1000,2000,5000,2,NA,NA,NA,NA,NA,NA,NA,NA,NA,NA,NA
"Set_5dose_methods_prior","Set_5dose_methods_prior_SC4",4,"CFO","cfo_empirical",NA,NA,NA,"empirical",0.9,0,0.0714,28,2,1,1,3,0.38,0.65,0.3789,NA,NA,NA,11.7829,3.3225,3.3225,0.537,29.7488,25.0279,1.0336,380.409,1935,1935,"0.15,0.2,0.3,0.35,0.45",0,1.4142,0.15,0.85,"0.005,0.01,0.05,0.1,0.3",NA,30,1,"approx",200,1000,0,3,1000,2000,5000,2,NA,NA,NA,NA,NA,NA,NA,NA,NA,NA,NA
"Set_5dose_methods_prior","Set_5dose_methods_prior_SC4",4,"CFO","cfo_empirical",NA,NA,NA,"empirical",0.9,0,0.0714,28,2,1,1,4,0.45,0.792,0.4977,NA,NA,NA,1.5504,0.5457,0.5457,0.2481,29.7488,25.0279,1.0336,380.409,1935,1935,"0.15,0.2,0.3,0.35,0.45",0,1.4142,0.15,0.85,"0.005,0.01,0.05,0.1,0.3",NA,30,1,"approx",200,1000,0,3,1000,2000,5000,2,NA,NA,NA,NA,NA,NA,NA,NA,NA,NA,NA
"Set_5dose_methods_prior","Set_5dose_methods_prior_SC4",4,"CFO","cfo_empirical",NA,NA,NA,"empirical",0.9,0,0.0714,28,2,1,1,5,0.55,0.955,0.4446,NA,NA,NA,0.1034,0.0233,0.0233,0.0093,29.7488,25.0279,1.0336,380.409,1935,1935,"0.15,0.2,0.3,0.35,0.45",0,1.4142,0.15,0.85,"0.005,0.01,0.05,0.1,0.3",NA,30,1,"approx",200,1000,0,3,1000,2000,5000,2,NA,NA,NA,NA,NA,NA,NA,NA,NA,NA,NA
"Set_5dose_methods_prior","Set_5dose_methods_prior_SC4",4,"CFO","cfo_pride",NA,NA,NA,"pride",0.9,0,0.0714,28,2,1,1,1,0.15,0.15,0.0813,NA,NA,NA,34.7287,15.8605,15.8605,0,26.7411,22.4765,21.3953,341.929,1935,1935,"0.15,0.2,0.3,0.35,0.45",0,1.4142,0.15,0.85,"0.005,0.01,0.05,0.1,0.3","PRIDE.bug",30,1,"approx",200,1000,0,3,1000,2000,5000,2,NA,NA,NA,NA,NA,NA,NA,NA,NA,NA,NA
"Set_5dose_methods_prior","Set_5dose_methods_prior_SC4",4,"CFO","cfo_pride",NA,NA,NA,"pride",0.9,0,0.0714,28,2,1,1,2,0.3,0.435,0.3252,NA,NA,NA,29.8191,7.0806,7.0806,3.5173,26.7411,22.4765,21.3953,341.929,1935,1935,"0.15,0.2,0.3,0.35,0.45",0,1.4142,0.15,0.85,"0.005,0.01,0.05,0.1,0.3","PRIDE.bug",30,1,"approx",200,1000,0,3,1000,2000,5000,2,NA,NA,NA,NA,NA,NA,NA,NA,NA,NA,NA
"Set_5dose_methods_prior","Set_5dose_methods_prior_SC4",4,"CFO","cfo_pride",NA,NA,NA,"pride",0.9,0,0.0714,28,2,1,1,3,0.38,0.65,0.1947,NA,NA,NA,14.0568,3.414,3.414,0.3612,26.7411,22.4765,21.3953,341.929,1935,1935,"0.15,0.2,0.3,0.35,0.45",0,1.4142,0.15,0.85,"0.005,0.01,0.05,0.1,0.3","PRIDE.bug",30,1,"approx",200,1000,0,3,1000,2000,5000,2,NA,NA,NA,NA,NA,NA,NA,NA,NA,NA,NA
"Set_5dose_methods_prior","Set_5dose_methods_prior_SC4",4,"CFO","cfo_pride",NA,NA,NA,"pride",0.9,0,0.0714,28,2,1,1,4,0.45,0.792,NA,NA,NA,NA,0,0.386,0.386,0.386,26.7411,22.4765,21.3953,341.929,1935,1935,"0.15,0.2,0.3,0.35,0.45",0,1.4142,0.15,0.85,"0.005,0.01,0.05,0.1,0.3","PRIDE.bug",30,1,"approx",200,1000,0,3,1000,2000,5000,2,NA,NA,NA,NA,NA,NA,NA,NA,NA,NA,NA
"Set_5dose_methods_prior","Set_5dose_methods_prior_SC4",4,"CFO","cfo_pride",NA,NA,NA,"pride",0.9,0,0.0714,28,2,1,1,5,0.55,0.955,NA,NA,NA,NA,0,0,0,0,26.7411,22.4765,21.3953,341.929,1935,1935,"0.15,0.2,0.3,0.35,0.45",0,1.4142,0.15,0.85,"0.005,0.01,0.05,0.1,0.3","PRIDE.bug",30,1,"approx",200,1000,0,3,1000,2000,5000,2,NA,NA,NA,NA,NA,NA,NA,NA,NA,NA,NA
"Set_5dose_methods_prior","Set_5dose_methods_prior_SC4",4,"CFO","cfo_empirical",NA,NA,NA,"empirical",0.9,0,0.0714,28,3,1,1,1,0.15,0.15,0.0817,NA,NA,NA,38.4496,12.1008,12.1008,0,29.7488,24.477,1.0336,375.547,1935,1935,"0.15,0.2,0.3,0.35,0.45",0,1.4142,0.15,0.85,"0.005,0.01,0.05,0.1,0.3",NA,30,1,"approx",200,1000,0,3,1000,2000,5000,2,NA,NA,NA,NA,NA,NA,NA,NA,NA,NA,NA
"Set_5dose_methods_prior","Set_5dose_methods_prior_SC4",4,"CFO","cfo_empirical",NA,NA,NA,"empirical",0.9,0,0.0714,28,3,1,1,2,0.3,0.435,0.2797,NA,NA,NA,52.2997,14.6248,14.6248,4.001,29.7488,24.477,1.0336,375.547,1935,1935,"0.15,0.2,0.3,0.35,0.45",0,1.4142,0.15,0.85,"0.005,0.01,0.05,0.1,0.3",NA,30,1,"approx",200,1000,0,3,1000,2000,5000,2,NA,NA,NA,NA,NA,NA,NA,NA,NA,NA,NA
"Set_5dose_methods_prior","Set_5dose_methods_prior_SC4",4,"CFO","cfo_empirical",NA,NA,NA,"empirical",0.9,0,0.0714,28,3,1,1,3,0.38,0.65,0.4435,NA,NA,NA,7.7003,2.7612,2.7612,1.1969,29.7488,24.477,1.0336,375.547,1935,1935,"0.15,0.2,0.3,0.35,0.45",0,1.4142,0.15,0.85,"0.005,0.01,0.05,0.1,0.3",NA,30,1,"approx",200,1000,0,3,1000,2000,5000,2,NA,NA,NA,NA,NA,NA,NA,NA,NA,NA,NA
"Set_5dose_methods_prior","Set_5dose_methods_prior_SC4",4,"CFO","cfo_empirical",NA,NA,NA,"empirical",0.9,0,0.0714,28,3,1,1,4,0.45,0.792,0.5096,NA,NA,NA,0.5168,0.2465,0.2465,0.0646,29.7488,24.477,1.0336,375.547,1935,1935,"0.15,0.2,0.3,0.35,0.45",0,1.4142,0.15,0.85,"0.005,0.01,0.05,0.1,0.3",NA,30,1,"approx",200,1000,0,3,1000,2000,5000,2,NA,NA,NA,NA,NA,NA,NA,NA,NA,NA,NA
"Set_5dose_methods_prior","Set_5dose_methods_prior_SC4",4,"CFO","cfo_empirical",NA,NA,NA,"empirical",0.9,0,0.0714,28,3,1,1,5,0.55,0.955,0.4667,NA,NA,NA,0,0.0155,0.0155,0.0093,29.7488,24.477,1.0336,375.547,1935,1935,"0.15,0.2,0.3,0.35,0.45",0,1.4142,0.15,0.85,"0.005,0.01,0.05,0.1,0.3",NA,30,1,"approx",200,1000,0,3,1000,2000,5000,2,NA,NA,NA,NA,NA,NA,NA,NA,NA,NA,NA
"Set_5dose_methods_prior","Set_5dose_methods_prior_SC4",4,"CFO","cfo_pride",NA,NA,NA,"pride",0.9,0,0.0714,28,3,1,1,1,0.15,0.15,0.0847,NA,NA,NA,35.9173,15.7643,15.7643,0,26.7798,22.3721,20.2584,340.6483,1935,1935,"0.15,0.2,0.3,0.35,0.45",0,1.4142,0.15,0.85,"0.005,0.01,0.05,0.1,0.3","PRIDE.bug",30,1,"approx",200,1000,0,3,1000,2000,5000,2,NA,NA,NA,NA,NA,NA,NA,NA,NA,NA,NA
"Set_5dose_methods_prior","Set_5dose_methods_prior_SC4",4,"CFO","cfo_pride",NA,NA,NA,"pride",0.9,0,0.0714,28,3,1,1,2,0.3,0.435,0.3279,NA,NA,NA,42.7907,9.9504,9.9504,3.4848,26.7798,22.3721,20.2584,340.6483,1935,1935,"0.15,0.2,0.3,0.35,0.45",0,1.4142,0.15,0.85,"0.005,0.01,0.05,0.1,0.3","PRIDE.bug",30,1,"approx",200,1000,0,3,1000,2000,5000,2,NA,NA,NA,NA,NA,NA,NA,NA,NA,NA,NA
"Set_5dose_methods_prior","Set_5dose_methods_prior_SC4",4,"CFO","cfo_pride",NA,NA,NA,"pride",0.9,0,0.0714,28,3,1,1,3,0.38,0.65,0.4861,NA,NA,NA,1.0336,1.0651,1.0651,0.923,26.7798,22.3721,20.2584,340.6483,1935,1935,"0.15,0.2,0.3,0.35,0.45",0,1.4142,0.15,0.85,"0.005,0.01,0.05,0.1,0.3","PRIDE.bug",30,1,"approx",200,1000,0,3,1000,2000,5000,2,NA,NA,NA,NA,NA,NA,NA,NA,NA,NA,NA
"Set_5dose_methods_prior","Set_5dose_methods_prior_SC4",4,"CFO","cfo_pride",NA,NA,NA,"pride",0.9,0,0.0714,28,3,1,1,4,0.45,0.792,NA,NA,NA,NA,0,0,0,0,26.7798,22.3721,20.2584,340.6483,1935,1935,"0.15,0.2,0.3,0.35,0.45",0,1.4142,0.15,0.85,"0.005,0.01,0.05,0.1,0.3","PRIDE.bug",30,1,"approx",200,1000,0,3,1000,2000,5000,2,NA,NA,NA,NA,NA,NA,NA,NA,NA,NA,NA
"Set_5dose_methods_prior","Set_5dose_methods_prior_SC4",4,"CFO","cfo_pride",NA,NA,NA,"pride",0.9,0,0.0714,28,3,1,1,5,0.55,0.955,NA,NA,NA,NA,0,0,0,0,26.7798,22.3721,20.2584,340.6483,1935,1935,"0.15,0.2,0.3,0.35,0.45",0,1.4142,0.15,0.85,"0.005,0.01,0.05,0.1,0.3","PRIDE.bug",30,1,"approx",200,1000,0,3,1000,2000,5000,2,NA,NA,NA,NA,NA,NA,NA,NA,NA,NA,NA
"Set_5dose_methods_prior","Set_5dose_methods_prior_SC5",5,"CFO","cfo_empirical",NA,NA,NA,"empirical",0,0,0.0714,28,1,1,1,1,0.3,0.3,0.1744,NA,NA,NA,48.2171,16.1876,16.1876,0,27.4295,27.4295,13.1783,401.9362,1935,1935,"0.15,0.2,0.3,0.35,0.45",0,1.4142,0.15,0.85,"0.005,0.01,0.05,0.1,0.3",NA,30,1,"approx",200,1000,0,3,1000,2000,5000,2,NA,NA,NA,NA,NA,NA,NA,NA,NA,NA,NA
"Set_5dose_methods_prior","Set_5dose_methods_prior_SC5",5,"CFO","cfo_empirical",NA,NA,NA,"empirical",0,0,0.0714,28,1,1,1,2,0.35,0.35,0.2776,NA,NA,NA,26.77,7.8341,7.8341,0,27.4295,27.4295,13.1783,401.9362,1935,1935,"0.15,0.2,0.3,0.35,0.45",0,1.4142,0.15,0.85,"0.005,0.01,0.05,0.1,0.3",NA,30,1,"approx",200,1000,0,3,1000,2000,5000,2,NA,NA,NA,NA,NA,NA,NA,NA,NA,NA,NA
"Set_5dose_methods_prior","Set_5dose_methods_prior_SC5",5,"CFO","cfo_empirical",NA,NA,NA,"empirical",0,0,0.0714,28,1,1,1,3,0.4,0.4,0.3455,NA,NA,NA,9.354,2.6868,2.6868,0,27.4295,27.4295,13.1783,401.9362,1935,1935,"0.15,0.2,0.3,0.35,0.45",0,1.4142,0.15,0.85,"0.005,0.01,0.05,0.1,0.3",NA,30,1,"approx",200,1000,0,3,1000,2000,5000,2,NA,NA,NA,NA,NA,NA,NA,NA,NA,NA,NA
"Set_5dose_methods_prior","Set_5dose_methods_prior_SC5",5,"CFO","cfo_empirical",NA,NA,NA,"empirical",0,0,0.0714,28,1,1,1,4,0.45,0.45,0.3509,NA,NA,NA,1.8088,0.5767,0.5767,0,27.4295,27.4295,13.1783,401.9362,1935,1935,"0.15,0.2,0.3,0.35,0.45",0,1.4142,0.15,0.85,"0.005,0.01,0.05,0.1,0.3",NA,30,1,"approx",200,1000,0,3,1000,2000,5000,2,NA,NA,NA,NA,NA,NA,NA,NA,NA,NA,NA
"Set_5dose_methods_prior","Set_5dose_methods_prior_SC5",5,"CFO","cfo_empirical",NA,NA,NA,"empirical",0,0,0.0714,28,1,1,1,5,0.5,0.5,0.4225,NA,NA,NA,0.6718,0.1442,0.1442,0,27.4295,27.4295,13.1783,401.9362,1935,1935,"0.15,0.2,0.3,0.35,0.45",0,1.4142,0.15,0.85,"0.005,0.01,0.05,0.1,0.3",NA,30,1,"approx",200,1000,0,3,1000,2000,5000,2,NA,NA,NA,NA,NA,NA,NA,NA,NA,NA,NA
"Set_5dose_methods_prior","Set_5dose_methods_prior_SC5",5,"CFO","cfo_pride",NA,NA,NA,"pride",0,0,0.0714,28,1,1,1,1,0.3,0.3,0.0817,NA,NA,NA,10.5426,10.5411,10.5411,0,18.9659,18.9659,62.8424,282.9778,1935,1935,"0.15,0.2,0.3,0.35,0.45",0,1.4142,0.15,0.85,"0.005,0.01,0.05,0.1,0.3","PRIDE.bug",30,1,"approx",200,1000,0,3,1000,2000,5000,2,NA,NA,NA,NA,NA,NA,NA,NA,NA,NA,NA
"Set_5dose_methods_prior","Set_5dose_methods_prior_SC5",5,"CFO","cfo_pride",NA,NA,NA,"pride",0,0,0.0714,28,1,1,1,2,0.35,0.35,0.1657,NA,NA,NA,5.8398,3.845,3.845,0,18.9659,18.9659,62.8424,282.9778,1935,1935,"0.15,0.2,0.3,0.35,0.45",0,1.4142,0.15,0.85,"0.005,0.01,0.05,0.1,0.3","PRIDE.bug",30,1,"approx",200,1000,0,3,1000,2000,5000,2,NA,NA,NA,NA,NA,NA,NA,NA,NA,NA,NA
"Set_5dose_methods_prior","Set_5dose_methods_prior_SC5",5,"CFO","cfo_pride",NA,NA,NA,"pride",0,0,0.0714,28,1,1,1,3,0.4,0.4,0.1084,NA,NA,NA,4.4961,1.6651,1.6651,0,18.9659,18.9659,62.8424,282.9778,1935,1935,"0.15,0.2,0.3,0.35,0.45",0,1.4142,0.15,0.85,"0.005,0.01,0.05,0.1,0.3","PRIDE.bug",30,1,"approx",200,1000,0,3,1000,2000,5000,2,NA,NA,NA,NA,NA,NA,NA,NA,NA,NA,NA
"Set_5dose_methods_prior","Set_5dose_methods_prior_SC5",5,"CFO","cfo_pride",NA,NA,NA,"pride",0,0,0.0714,28,1,1,1,4,0.45,0.45,0.1005,NA,NA,NA,4.0827,1.0837,1.0837,0,18.9659,18.9659,62.8424,282.9778,1935,1935,"0.15,0.2,0.3,0.35,0.45",0,1.4142,0.15,0.85,"0.005,0.01,0.05,0.1,0.3","PRIDE.bug",30,1,"approx",200,1000,0,3,1000,2000,5000,2,NA,NA,NA,NA,NA,NA,NA,NA,NA,NA,NA
"Set_5dose_methods_prior","Set_5dose_methods_prior_SC5",5,"CFO","cfo_pride",NA,NA,NA,"pride",0,0,0.0714,28,1,1,1,5,0.5,0.5,0.0865,NA,NA,NA,12.1964,1.831,1.831,0,18.9659,18.9659,62.8424,282.9778,1935,1935,"0.15,0.2,0.3,0.35,0.45",0,1.4142,0.15,0.85,"0.005,0.01,0.05,0.1,0.3","PRIDE.bug",30,1,"approx",200,1000,0,3,1000,2000,5000,2,NA,NA,NA,NA,NA,NA,NA,NA,NA,NA,NA
"Set_5dose_methods_prior","Set_5dose_methods_prior_SC5",5,"CFO","cfo_empirical",NA,NA,NA,"empirical",0,0,0.0714,28,2,1,1,1,0.3,0.3,0.1744,NA,NA,NA,48.2171,16.1876,16.1876,0,27.4295,24.5597,13.1783,369.0861,1935,1935,"0.15,0.2,0.3,0.35,0.45",0,1.4142,0.15,0.85,"0.005,0.01,0.05,0.1,0.3",NA,30,1,"approx",200,1000,0,3,1000,2000,5000,2,NA,NA,NA,NA,NA,NA,NA,NA,NA,NA,NA
"Set_5dose_methods_prior","Set_5dose_methods_prior_SC5",5,"CFO","cfo_empirical",NA,NA,NA,"empirical",0,0,0.0714,28,2,1,1,2,0.35,0.35,0.2776,NA,NA,NA,26.77,7.8341,7.8341,2.3891,27.4295,24.5597,13.1783,369.0861,1935,1935,"0.15,0.2,0.3,0.35,0.45",0,1.4142,0.15,0.85,"0.005,0.01,0.05,0.1,0.3",NA,30,1,"approx",200,1000,0,3,1000,2000,5000,2,NA,NA,NA,NA,NA,NA,NA,NA,NA,NA,NA
"Set_5dose_methods_prior","Set_5dose_methods_prior_SC5",5,"CFO","cfo_empirical",NA,NA,NA,"empirical",0,0,0.0714,28,2,1,1,3,0.4,0.4,0.3455,NA,NA,NA,9.354,2.6868,2.6868,0.2749,27.4295,24.5597,13.1783,369.0861,1935,1935,"0.15,0.2,0.3,0.35,0.45",0,1.4142,0.15,0.85,"0.005,0.01,0.05,0.1,0.3",NA,30,1,"approx",200,1000,0,3,1000,2000,5000,2,NA,NA,NA,NA,NA,NA,NA,NA,NA,NA,NA
"Set_5dose_methods_prior","Set_5dose_methods_prior_SC5",5,"CFO","cfo_empirical",NA,NA,NA,"empirical",0,0,0.0714,28,2,1,1,4,0.45,0.45,0.3509,NA,NA,NA,1.8088,0.5767,0.5767,0.1804,27.4295,24.5597,13.1783,369.0861,1935,1935,"0.15,0.2,0.3,0.35,0.45",0,1.4142,0.15,0.85,"0.005,0.01,0.05,0.1,0.3",NA,30,1,"approx",200,1000,0,3,1000,2000,5000,2,NA,NA,NA,NA,NA,NA,NA,NA,NA,NA,NA
"Set_5dose_methods_prior","Set_5dose_methods_prior_SC5",5,"CFO","cfo_empirical",NA,NA,NA,"empirical",0,0,0.0714,28,2,1,1,5,0.5,0.5,0.4225,NA,NA,NA,0.6718,0.1442,0.1442,0.0253,27.4295,24.5597,13.1783,369.0861,1935,1935,"0.15,0.2,0.3,0.35,0.45",0,1.4142,0.15,0.85,"0.005,0.01,0.05,0.1,0.3",NA,30,1,"approx",200,1000,0,3,1000,2000,5000,2,NA,NA,NA,NA,NA,NA,NA,NA,NA,NA,NA
"Set_5dose_methods_prior","Set_5dose_methods_prior_SC5",5,"CFO","cfo_pride",NA,NA,NA,"pride",0,0,0.0714,28,2,1,1,1,0.3,0.3,0.1117,NA,NA,NA,16.9509,11.1814,11.1814,0,19.8729,16.1132,56.2791,254.5039,1935,1935,"0.15,0.2,0.3,0.35,0.45",0,1.4142,0.15,0.85,"0.005,0.01,0.05,0.1,0.3","PRIDE.bug",30,1,"approx",200,1000,0,3,1000,2000,5000,2,NA,NA,NA,NA,NA,NA,NA,NA,NA,NA,NA
"Set_5dose_methods_prior","Set_5dose_methods_prior_SC5",5,"CFO","cfo_pride",NA,NA,NA,"pride",0,0,0.0714,28,2,1,1,2,0.35,0.35,0.1976,NA,NA,NA,5.9948,4.3705,4.3705,2.2775,19.8729,16.1132,56.2791,254.5039,1935,1935,"0.15,0.2,0.3,0.35,0.45",0,1.4142,0.15,0.85,"0.005,0.01,0.05,0.1,0.3","PRIDE.bug",30,1,"approx",200,1000,0,3,1000,2000,5000,2,NA,NA,NA,NA,NA,NA,NA,NA,NA,NA,NA
"Set_5dose_methods_prior","Set_5dose_methods_prior_SC5",5,"CFO","cfo_pride",NA,NA,NA,"pride",0,0,0.0714,28,2,1,1,3,0.4,0.4,0.1536,NA,NA,NA,4.5995,1.6822,1.6822,0.709,19.8729,16.1132,56.2791,254.5039,1935,1935,"0.15,0.2,0.3,0.35,0.45",0,1.4142,0.15,0.85,"0.005,0.01,0.05,0.1,0.3","PRIDE.bug",30,1,"approx",200,1000,0,3,1000,2000,5000,2,NA,NA,NA,NA,NA,NA,NA,NA,NA,NA,NA
"Set_5dose_methods_prior","Set_5dose_methods_prior_SC5",5,"CFO","cfo_pride",NA,NA,NA,"pride",0,0,0.0714,28,2,1,1,4,0.45,0.45,0.1135,NA,NA,NA,3.9276,1.0481,1.0481,0.43,19.8729,16.1132,56.2791,254.5039,1935,1935,"0.15,0.2,0.3,0.35,0.45",0,1.4142,0.15,0.85,"0.005,0.01,0.05,0.1,0.3","PRIDE.bug",30,1,"approx",200,1000,0,3,1000,2000,5000,2,NA,NA,NA,NA,NA,NA,NA,NA,NA,NA,NA
"Set_5dose_methods_prior","Set_5dose_methods_prior_SC5",5,"CFO","cfo_pride",NA,NA,NA,"pride",0,0,0.0714,28,2,1,1,5,0.5,0.5,0.0904,NA,NA,NA,12.2481,1.5907,1.5907,0.3432,19.8729,16.1132,56.2791,254.5039,1935,1935,"0.15,0.2,0.3,0.35,0.45",0,1.4142,0.15,0.85,"0.005,0.01,0.05,0.1,0.3","PRIDE.bug",30,1,"approx",200,1000,0,3,1000,2000,5000,2,NA,NA,NA,NA,NA,NA,NA,NA,NA,NA,NA
"Set_5dose_methods_prior","Set_5dose_methods_prior_SC5",5,"CFO","cfo_empirical",NA,NA,NA,"empirical",0,0,0.0714,28,3,1,1,1,0.3,0.3,0.1744,NA,NA,NA,48.2171,16.1876,16.1876,0,27.4295,23.9866,13.1783,363.3104,1935,1935,"0.15,0.2,0.3,0.35,0.45",0,1.4142,0.15,0.85,"0.005,0.01,0.05,0.1,0.3",NA,30,1,"approx",200,1000,0,3,1000,2000,5000,2,NA,NA,NA,NA,NA,NA,NA,NA,NA,NA,NA
"Set_5dose_methods_prior","Set_5dose_methods_prior_SC5",5,"CFO","cfo_empirical",NA,NA,NA,"empirical",0,0,0.0714,28,3,1,1,2,0.35,0.35,0.2776,NA,NA,NA,26.77,7.8341,7.8341,2.3891,27.4295,23.9866,13.1783,363.3104,1935,1935,"0.15,0.2,0.3,0.35,0.45",0,1.4142,0.15,0.85,"0.005,0.01,0.05,0.1,0.3",NA,30,1,"approx",200,1000,0,3,1000,2000,5000,2,NA,NA,NA,NA,NA,NA,NA,NA,NA,NA,NA
"Set_5dose_methods_prior","Set_5dose_methods_prior_SC5",5,"CFO","cfo_empirical",NA,NA,NA,"empirical",0,0,0.0714,28,3,1,1,3,0.4,0.4,0.3455,NA,NA,NA,9.354,2.6868,2.6868,0.9282,27.4295,23.9866,13.1783,363.3104,1935,1935,"0.15,0.2,0.3,0.35,0.45",0,1.4142,0.15,0.85,"0.005,0.01,0.05,0.1,0.3",NA,30,1,"approx",200,1000,0,3,1000,2000,5000,2,NA,NA,NA,NA,NA,NA,NA,NA,NA,NA,NA
"Set_5dose_methods_prior","Set_5dose_methods_prior_SC5",5,"CFO","cfo_empirical",NA,NA,NA,"empirical",0,0,0.0714,28,3,1,1,4,0.45,0.45,0.3509,NA,NA,NA,1.8088,0.5767,0.5767,0.0739,27.4295,23.9866,13.1783,363.3104,1935,1935,"0.15,0.2,0.3,0.35,0.45",0,1.4142,0.15,0.85,"0.005,0.01,0.05,0.1,0.3",NA,30,1,"approx",200,1000,0,3,1000,2000,5000,2,NA,NA,NA,NA,NA,NA,NA,NA,NA,NA,NA
"Set_5dose_methods_prior","Set_5dose_methods_prior_SC5",5,"CFO","cfo_empirical",NA,NA,NA,"empirical",0,0,0.0714,28,3,1,1,5,0.5,0.5,0.4225,NA,NA,NA,0.6718,0.1442,0.1442,0.0517,27.4295,23.9866,13.1783,363.3104,1935,1935,"0.15,0.2,0.3,0.35,0.45",0,1.4142,0.15,0.85,"0.005,0.01,0.05,0.1,0.3",NA,30,1,"approx",200,1000,0,3,1000,2000,5000,2,NA,NA,NA,NA,NA,NA,NA,NA,NA,NA,NA
"Set_5dose_methods_prior","Set_5dose_methods_prior_SC5",5,"CFO","cfo_pride",NA,NA,NA,"pride",0,0,0.0714,28,3,1,1,1,0.3,0.3,0.1075,NA,NA,NA,16.0207,11.0605,11.0605,0,19.7907,15.5494,57.2093,249.3461,1935,1935,"0.15,0.2,0.3,0.35,0.45",0,1.4142,0.15,0.85,"0.005,0.01,0.05,0.1,0.3","PRIDE.bug",30,1,"approx",200,1000,0,3,1000,2000,5000,2,NA,NA,NA,NA,NA,NA,NA,NA,NA,NA,NA
"Set_5dose_methods_prior","Set_5dose_methods_prior_SC5",5,"CFO","cfo_pride",NA,NA,NA,"pride",0,0,0.0714,28,3,1,1,2,0.35,0.35,0.1944,NA,NA,NA,5.9432,4.3969,4.3969,2.2646,19.7907,15.5494,57.2093,249.3461,1935,1935,"0.15,0.2,0.3,0.35,0.45",0,1.4142,0.15,0.85,"0.005,0.01,0.05,0.1,0.3","PRIDE.bug",30,1,"approx",200,1000,0,3,1000,2000,5000,2,NA,NA,NA,NA,NA,NA,NA,NA,NA,NA,NA
"Set_5dose_methods_prior","Set_5dose_methods_prior_SC5",5,"CFO","cfo_pride",NA,NA,NA,"pride",0,0,0.0714,28,3,1,1,3,0.4,0.4,0.1578,NA,NA,NA,4.5995,1.7566,1.7566,1.2594,19.7907,15.5494,57.2093,249.3461,1935,1935,"0.15,0.2,0.3,0.35,0.45",0,1.4142,0.15,0.85,"0.005,0.01,0.05,0.1,0.3","PRIDE.bug",30,1,"approx",200,1000,0,3,1000,2000,5000,2,NA,NA,NA,NA,NA,NA,NA,NA,NA,NA,NA
"Set_5dose_methods_prior","Set_5dose_methods_prior_SC5",5,"CFO","cfo_pride",NA,NA,NA,"pride",0,0,0.0714,28,3,1,1,4,0.45,0.45,0.1005,NA,NA,NA,4.031,0.9705,0.9705,0.2997,19.7907,15.5494,57.2093,249.3461,1935,1935,"0.15,0.2,0.3,0.35,0.45",0,1.4142,0.15,0.85,"0.005,0.01,0.05,0.1,0.3","PRIDE.bug",30,1,"approx",200,1000,0,3,1000,2000,5000,2,NA,NA,NA,NA,NA,NA,NA,NA,NA,NA,NA
"Set_5dose_methods_prior","Set_5dose_methods_prior_SC5",5,"CFO","cfo_pride",NA,NA,NA,"pride",0,0,0.0714,28,3,1,1,5,0.5,0.5,0.0852,NA,NA,NA,12.1964,1.6062,1.6062,0.4176,19.7907,15.5494,57.2093,249.3461,1935,1935,"0.15,0.2,0.3,0.35,0.45",0,1.4142,0.15,0.85,"0.005,0.01,0.05,0.1,0.3","PRIDE.bug",30,1,"approx",200,1000,0,3,1000,2000,5000,2,NA,NA,NA,NA,NA,NA,NA,NA,NA,NA,NA
"Set_5dose_methods_prior","Set_5dose_methods_prior_SC5",5,"CFO","cfo_empirical",NA,NA,NA,"empirical",0.3,0,0.0714,28,1,1,1,1,0.3,0.3,0.1744,NA,NA,NA,48.2171,16.1876,16.1876,0,27.4295,27.4295,13.1783,401.9362,1935,1935,"0.15,0.2,0.3,0.35,0.45",0,1.4142,0.15,0.85,"0.005,0.01,0.05,0.1,0.3",NA,30,1,"approx",200,1000,0,3,1000,2000,5000,2,NA,NA,NA,NA,NA,NA,NA,NA,NA,NA,NA
"Set_5dose_methods_prior","Set_5dose_methods_prior_SC5",5,"CFO","cfo_empirical",NA,NA,NA,"empirical",0.3,0,0.0714,28,1,1,1,2,0.35,0.44,0.2776,NA,NA,NA,26.77,7.8341,7.8341,0,27.4295,27.4295,13.1783,401.9362,1935,1935,"0.15,0.2,0.3,0.35,0.45",0,1.4142,0.15,0.85,"0.005,0.01,0.05,0.1,0.3",NA,30,1,"approx",200,1000,0,3,1000,2000,5000,2,NA,NA,NA,NA,NA,NA,NA,NA,NA,NA,NA
"Set_5dose_methods_prior","Set_5dose_methods_prior_SC5",5,"CFO","cfo_empirical",NA,NA,NA,"empirical",0.3,0,0.0714,28,1,1,1,3,0.4,0.505,0.3455,NA,NA,NA,9.354,2.6868,2.6868,0,27.4295,27.4295,13.1783,401.9362,1935,1935,"0.15,0.2,0.3,0.35,0.45",0,1.4142,0.15,0.85,"0.005,0.01,0.05,0.1,0.3",NA,30,1,"approx",200,1000,0,3,1000,2000,5000,2,NA,NA,NA,NA,NA,NA,NA,NA,NA,NA,NA
"Set_5dose_methods_prior","Set_5dose_methods_prior_SC5",5,"CFO","cfo_empirical",NA,NA,NA,"empirical",0.3,0,0.0714,28,1,1,1,4,0.45,0.57,0.3509,NA,NA,NA,1.8088,0.5767,0.5767,0,27.4295,27.4295,13.1783,401.9362,1935,1935,"0.15,0.2,0.3,0.35,0.45",0,1.4142,0.15,0.85,"0.005,0.01,0.05,0.1,0.3",NA,30,1,"approx",200,1000,0,3,1000,2000,5000,2,NA,NA,NA,NA,NA,NA,NA,NA,NA,NA,NA
"Set_5dose_methods_prior","Set_5dose_methods_prior_SC5",5,"CFO","cfo_empirical",NA,NA,NA,"empirical",0.3,0,0.0714,28,1,1,1,5,0.5,0.635,0.4225,NA,NA,NA,0.6718,0.1442,0.1442,0,27.4295,27.4295,13.1783,401.9362,1935,1935,"0.15,0.2,0.3,0.35,0.45",0,1.4142,0.15,0.85,"0.005,0.01,0.05,0.1,0.3",NA,30,1,"approx",200,1000,0,3,1000,2000,5000,2,NA,NA,NA,NA,NA,NA,NA,NA,NA,NA,NA
"Set_5dose_methods_prior","Set_5dose_methods_prior_SC5",5,"CFO","cfo_pride",NA,NA,NA,"pride",0.3,0,0.0714,28,1,1,1,1,0.3,0.3,0.0744,NA,NA,NA,9.2506,10.5194,10.5194,0,18.9318,18.9318,64.0827,282.3782,1935,1935,"0.15,0.2,0.3,0.35,0.45",0,1.4142,0.15,0.85,"0.005,0.01,0.05,0.1,0.3","PRIDE.bug",30,1,"approx",200,1000,0,3,1000,2000,5000,2,NA,NA,NA,NA,NA,NA,NA,NA,NA,NA,NA
"Set_5dose_methods_prior","Set_5dose_methods_prior_SC5",5,"CFO","cfo_pride",NA,NA,NA,"pride",0.3,0,0.0714,28,1,1,1,2,0.35,0.44,0.1598,NA,NA,NA,5.9948,3.786,3.786,0,18.9318,18.9318,64.0827,282.3782,1935,1935,"0.15,0.2,0.3,0.35,0.45",0,1.4142,0.15,0.85,"0.005,0.01,0.05,0.1,0.3","PRIDE.bug",30,1,"approx",200,1000,0,3,1000,2000,5000,2,NA,NA,NA,NA,NA,NA,NA,NA,NA,NA,NA
"Set_5dose_methods_prior","Set_5dose_methods_prior_SC5",5,"CFO","cfo_pride",NA,NA,NA,"pride",0.3,0,0.0714,28,1,1,1,3,0.4,0.505,0.107,NA,NA,NA,4.5478,1.6915,1.6915,0,18.9318,18.9318,64.0827,282.3782,1935,1935,"0.15,0.2,0.3,0.35,0.45",0,1.4142,0.15,0.85,"0.005,0.01,0.05,0.1,0.3","PRIDE.bug",30,1,"approx",200,1000,0,3,1000,2000,5000,2,NA,NA,NA,NA,NA,NA,NA,NA,NA,NA,NA
"Set_5dose_methods_prior","Set_5dose_methods_prior_SC5",5,"CFO","cfo_pride",NA,NA,NA,"pride",0.3,0,0.0714,28,1,1,1,4,0.45,0.57,0.1,NA,NA,NA,3.9793,1.0651,1.0651,0,18.9318,18.9318,64.0827,282.3782,1935,1935,"0.15,0.2,0.3,0.35,0.45",0,1.4142,0.15,0.85,"0.005,0.01,0.05,0.1,0.3","PRIDE.bug",30,1,"approx",200,1000,0,3,1000,2000,5000,2,NA,NA,NA,NA,NA,NA,NA,NA,NA,NA,NA
"Set_5dose_methods_prior","Set_5dose_methods_prior_SC5",5,"CFO","cfo_pride",NA,NA,NA,"pride",0.3,0,0.0714,28,1,1,1,5,0.5,0.635,0.0869,NA,NA,NA,12.1447,1.8698,1.8698,0,18.9318,18.9318,64.0827,282.3782,1935,1935,"0.15,0.2,0.3,0.35,0.45",0,1.4142,0.15,0.85,"0.005,0.01,0.05,0.1,0.3","PRIDE.bug",30,1,"approx",200,1000,0,3,1000,2000,5000,2,NA,NA,NA,NA,NA,NA,NA,NA,NA,NA,NA
"Set_5dose_methods_prior","Set_5dose_methods_prior_SC5",5,"CFO","cfo_empirical",NA,NA,NA,"empirical",0.3,0,0.0714,28,2,1,1,1,0.3,0.3,0.1928,NA,NA,NA,56.0207,17.5039,17.5039,0,27.4264,24.6656,13.2817,369.8557,1935,1935,"0.15,0.2,0.3,0.35,0.45",0,1.4142,0.15,0.85,"0.005,0.01,0.05,0.1,0.3",NA,30,1,"approx",200,1000,0,3,1000,2000,5000,2,NA,NA,NA,NA,NA,NA,NA,NA,NA,NA,NA
"Set_5dose_methods_prior","Set_5dose_methods_prior_SC5",5,"CFO","cfo_empirical",NA,NA,NA,"empirical",0.3,0,0.0714,28,2,1,1,2,0.35,0.44,0.3206,NA,NA,NA,23.2558,7.7798,7.7798,2.3969,27.4264,24.6656,13.2817,369.8557,1935,1935,"0.15,0.2,0.3,0.35,0.45",0,1.4142,0.15,0.85,"0.005,0.01,0.05,0.1,0.3",NA,30,1,"approx",200,1000,0,3,1000,2000,5000,2,NA,NA,NA,NA,NA,NA,NA,NA,NA,NA,NA
"Set_5dose_methods_prior","Set_5dose_methods_prior_SC5",5,"CFO","cfo_empirical",NA,NA,NA,"empirical",0.3,0,0.0714,28,2,1,1,3,0.4,0.505,0.3745,NA,NA,NA,5.9948,1.7147,1.7147,0.232,27.4264,24.6656,13.2817,369.8557,1935,1935,"0.15,0.2,0.3,0.35,0.45",0,1.4142,0.15,0.85,"0.005,0.01,0.05,0.1,0.3",NA,30,1,"approx",200,1000,0,3,1000,2000,5000,2,NA,NA,NA,NA,NA,NA,NA,NA,NA,NA,NA
"Set_5dose_methods_prior","Set_5dose_methods_prior_SC5",5,"CFO","cfo_empirical",NA,NA,NA,"empirical",0.3,0,0.0714,28,2,1,1,4,0.45,0.57,0.4249,NA,NA,NA,1.2403,0.3519,0.3519,0.1158,27.4264,24.6656,13.2817,369.8557,1935,1935,"0.15,0.2,0.3,0.35,0.45",0,1.4142,0.15,0.85,"0.005,0.01,0.05,0.1,0.3",NA,30,1,"approx",200,1000,0,3,1000,2000,5000,2,NA,NA,NA,NA,NA,NA,NA,NA,NA,NA,NA
"Set_5dose_methods_prior","Set_5dose_methods_prior_SC5",5,"CFO","cfo_empirical",NA,NA,NA,"empirical",0.3,0,0.0714,28,2,1,1,5,0.5,0.635,0.4938,NA,NA,NA,0.2067,0.076,0.076,0.016,27.4264,24.6656,13.2817,369.8557,1935,1935,"0.15,0.2,0.3,0.35,0.45",0,1.4142,0.15,0.85,"0.005,0.01,0.05,0.1,0.3",NA,30,1,"approx",200,1000,0,3,1000,2000,5000,2,NA,NA,NA,NA,NA,NA,NA,NA,NA,NA,NA
"Set_5dose_methods_prior","Set_5dose_methods_prior_SC5",5,"CFO","cfo_pride",NA,NA,NA,"pride",0.3,0,0.0714,28,2,1,1,1,0.3,0.3,0.1197,NA,NA,NA,19.9483,12.2992,12.2992,0,20,17.1483,55.4005,262.1763,1935,1935,"0.15,0.2,0.3,0.35,0.45",0,1.4142,0.15,0.85,"0.005,0.01,0.05,0.1,0.3","PRIDE.bug",30,1,"approx",200,1000,0,3,1000,2000,5000,2,NA,NA,NA,NA,NA,NA,NA,NA,NA,NA,NA
"Set_5dose_methods_prior","Set_5dose_methods_prior_SC5",5,"CFO","cfo_pride",NA,NA,NA,"pride",0.3,0,0.0714,28,2,1,1,2,0.35,0.44,0.2682,NA,NA,NA,16.6925,5.5581,5.5581,2.2703,20,17.1483,55.4005,262.1763,1935,1935,"0.15,0.2,0.3,0.35,0.45",0,1.4142,0.15,0.85,"0.005,0.01,0.05,0.1,0.3","PRIDE.bug",30,1,"approx",200,1000,0,3,1000,2000,5000,2,NA,NA,NA,NA,NA,NA,NA,NA,NA,NA,NA
"Set_5dose_methods_prior","Set_5dose_methods_prior_SC5",5,"CFO","cfo_pride",NA,NA,NA,"pride",0.3,0,0.0714,28,2,1,1,3,0.4,0.505,0.3026,NA,NA,NA,7.9587,1.9488,1.9488,0.3891,20,17.1483,55.4005,262.1763,1935,1935,"0.15,0.2,0.3,0.35,0.45",0,1.4142,0.15,0.85,"0.005,0.01,0.05,0.1,0.3","PRIDE.bug",30,1,"approx",200,1000,0,3,1000,2000,5000,2,NA,NA,NA,NA,NA,NA,NA,NA,NA,NA,NA
"Set_5dose_methods_prior","Set_5dose_methods_prior_SC5",5,"CFO","cfo_pride",NA,NA,NA,"pride",0.3,0,0.0714,28,2,1,1,4,0.45,0.57,0.6661,NA,NA,NA,0,0.1938,0.1938,0.1922,20,17.1483,55.4005,262.1763,1935,1935,"0.15,0.2,0.3,0.35,0.45",0,1.4142,0.15,0.85,"0.005,0.01,0.05,0.1,0.3","PRIDE.bug",30,1,"approx",200,1000,0,3,1000,2000,5000,2,NA,NA,NA,NA,NA,NA,NA,NA,NA,NA,NA
"Set_5dose_methods_prior","Set_5dose_methods_prior_SC5",5,"CFO","cfo_pride",NA,NA,NA,"pride",0.3,0,0.0714,28,2,1,1,5,0.5,0.635,NA,NA,NA,NA,0,0,0,0,20,17.1483,55.4005,262.1763,1935,1935,"0.15,0.2,0.3,0.35,0.45",0,1.4142,0.15,0.85,"0.005,0.01,0.05,0.1,0.3","PRIDE.bug",30,1,"approx",200,1000,0,3,1000,2000,5000,2,NA,NA,NA,NA,NA,NA,NA,NA,NA,NA,NA
"Set_5dose_methods_prior","Set_5dose_methods_prior_SC5",5,"CFO","cfo_empirical",NA,NA,NA,"empirical",0.3,0,0.0714,28,3,1,1,1,0.3,0.3,0.193,NA,NA,NA,56.2274,17.5209,17.5209,0,27.4264,24.3147,13.2817,366.4205,1935,1935,"0.15,0.2,0.3,0.35,0.45",0,1.4142,0.15,0.85,"0.005,0.01,0.05,0.1,0.3",NA,30,1,"approx",200,1000,0,3,1000,2000,5000,2,NA,NA,NA,NA,NA,NA,NA,NA,NA,NA,NA
"Set_5dose_methods_prior","Set_5dose_methods_prior_SC5",5,"CFO","cfo_empirical",NA,NA,NA,"empirical",0.3,0,0.0714,28,3,1,1,2,0.35,0.44,0.3232,NA,NA,NA,23.4625,7.8713,7.8713,2.3886,27.4264,24.3147,13.2817,366.4205,1935,1935,"0.15,0.2,0.3,0.35,0.45",0,1.4142,0.15,0.85,"0.005,0.01,0.05,0.1,0.3",NA,30,1,"approx",200,1000,0,3,1000,2000,5000,2,NA,NA,NA,NA,NA,NA,NA,NA,NA,NA,NA
"Set_5dose_methods_prior","Set_5dose_methods_prior_SC5",5,"CFO","cfo_empirical",NA,NA,NA,"empirical",0.3,0,0.0714,28,3,1,1,3,0.4,0.505,0.3728,NA,NA,NA,5.6331,1.6093,1.6093,0.6398,27.4264,24.3147,13.2817,366.4205,1935,1935,"0.15,0.2,0.3,0.35,0.45",0,1.4142,0.15,0.85,"0.005,0.01,0.05,0.1,0.3",NA,30,1,"approx",200,1000,0,3,1000,2000,5000,2,NA,NA,NA,NA,NA,NA,NA,NA,NA,NA,NA
"Set_5dose_methods_prior","Set_5dose_methods_prior_SC5",5,"CFO","cfo_empirical",NA,NA,NA,"empirical",0.3,0,0.0714,28,3,1,1,4,0.45,0.57,0.4398,NA,NA,NA,1.2403,0.3814,0.3814,0.0661,27.4264,24.3147,13.2817,366.4205,1935,1935,"0.15,0.2,0.3,0.35,0.45",0,1.4142,0.15,0.85,"0.005,0.01,0.05,0.1,0.3",NA,30,1,"approx",200,1000,0,3,1000,2000,5000,2,NA,NA,NA,NA,NA,NA,NA,NA,NA,NA,NA
"Set_5dose_methods_prior","Set_5dose_methods_prior_SC5",5,"CFO","cfo_empirical",NA,NA,NA,"empirical",0.3,0,0.0714,28,3,1,1,5,0.5,0.635,0.4666,NA,NA,NA,0.155,0.0434,0.0434,0.0171,27.4264,24.3147,13.2817,366.4205,1935,1935,"0.15,0.2,0.3,0.35,0.45",0,1.4142,0.15,0.85,"0.005,0.01,0.05,0.1,0.3",NA,30,1,"approx",200,1000,0,3,1000,2000,5000,2,NA,NA,NA,NA,NA,NA,NA,NA,NA,NA,NA
"Set_5dose_methods_prior","Set_5dose_methods_prior_SC5",5,"CFO","cfo_pride",NA,NA,NA,"pride",0.3,0,0.0714,28,3,1,1,1,0.3,0.3,0.1222,NA,NA,NA,20.5168,12.3442,12.3442,0,20.093,17.0822,54.3669,261.7264,1935,1935,"0.15,0.2,0.3,0.35,0.45",0,1.4142,0.15,0.85,"0.005,0.01,0.05,0.1,0.3","PRIDE.bug",30,1,"approx",200,1000,0,3,1000,2000,5000,2,NA,NA,NA,NA,NA,NA,NA,NA,NA,NA,NA
"Set_5dose_methods_prior","Set_5dose_methods_prior_SC5",5,"CFO","cfo_pride",NA,NA,NA,"pride",0.3,0,0.0714,28,3,1,1,2,0.35,0.44,0.2711,NA,NA,NA,22.584,6.8512,6.8512,2.2672,20.093,17.0822,54.3669,261.7264,1935,1935,"0.15,0.2,0.3,0.35,0.45",0,1.4142,0.15,0.85,"0.005,0.01,0.05,0.1,0.3","PRIDE.bug",30,1,"approx",200,1000,0,3,1000,2000,5000,2,NA,NA,NA,NA,NA,NA,NA,NA,NA,NA,NA
"Set_5dose_methods_prior","Set_5dose_methods_prior_SC5",5,"CFO","cfo_pride",NA,NA,NA,"pride",0.3,0,0.0714,28,3,1,1,3,0.4,0.505,0.5061,NA,NA,NA,2.5323,0.8915,0.8915,0.7385,20.093,17.0822,54.3669,261.7264,1935,1935,"0.15,0.2,0.3,0.35,0.45",0,1.4142,0.15,0.85,"0.005,0.01,0.05,0.1,0.3","PRIDE.bug",30,1,"approx",200,1000,0,3,1000,2000,5000,2,NA,NA,NA,NA,NA,NA,NA,NA,NA,NA,NA
"Set_5dose_methods_prior","Set_5dose_methods_prior_SC5",5,"CFO","cfo_pride",NA,NA,NA,"pride",0.3,0,0.0714,28,3,1,1,4,0.45,0.57,0.6661,NA,NA,NA,0,0.0062,0.0062,0.0052,20.093,17.0822,54.3669,261.7264,1935,1935,"0.15,0.2,0.3,0.35,0.45",0,1.4142,0.15,0.85,"0.005,0.01,0.05,0.1,0.3","PRIDE.bug",30,1,"approx",200,1000,0,3,1000,2000,5000,2,NA,NA,NA,NA,NA,NA,NA,NA,NA,NA,NA
"Set_5dose_methods_prior","Set_5dose_methods_prior_SC5",5,"CFO","cfo_pride",NA,NA,NA,"pride",0.3,0,0.0714,28,3,1,1,5,0.5,0.635,NA,NA,NA,NA,0,0,0,0,20.093,17.0822,54.3669,261.7264,1935,1935,"0.15,0.2,0.3,0.35,0.45",0,1.4142,0.15,0.85,"0.005,0.01,0.05,0.1,0.3","PRIDE.bug",30,1,"approx",200,1000,0,3,1000,2000,5000,2,NA,NA,NA,NA,NA,NA,NA,NA,NA,NA,NA
"Set_5dose_methods_prior","Set_5dose_methods_prior_SC5",5,"CFO","cfo_empirical",NA,NA,NA,"empirical",0.6,0,0.0714,28,1,1,1,1,0.3,0.3,0.1744,NA,NA,NA,48.2171,16.1876,16.1876,0,27.4295,27.4295,13.1783,401.9362,1935,1935,"0.15,0.2,0.3,0.35,0.45",0,1.4142,0.15,0.85,"0.005,0.01,0.05,0.1,0.3",NA,30,1,"approx",200,1000,0,3,1000,2000,5000,2,NA,NA,NA,NA,NA,NA,NA,NA,NA,NA,NA
"Set_5dose_methods_prior","Set_5dose_methods_prior_SC5",5,"CFO","cfo_empirical",NA,NA,NA,"empirical",0.6,0,0.0714,28,1,1,1,2,0.35,0.53,0.2776,NA,NA,NA,26.77,7.8341,7.8341,0,27.4295,27.4295,13.1783,401.9362,1935,1935,"0.15,0.2,0.3,0.35,0.45",0,1.4142,0.15,0.85,"0.005,0.01,0.05,0.1,0.3",NA,30,1,"approx",200,1000,0,3,1000,2000,5000,2,NA,NA,NA,NA,NA,NA,NA,NA,NA,NA,NA
"Set_5dose_methods_prior","Set_5dose_methods_prior_SC5",5,"CFO","cfo_empirical",NA,NA,NA,"empirical",0.6,0,0.0714,28,1,1,1,3,0.4,0.61,0.3455,NA,NA,NA,9.354,2.6868,2.6868,0,27.4295,27.4295,13.1783,401.9362,1935,1935,"0.15,0.2,0.3,0.35,0.45",0,1.4142,0.15,0.85,"0.005,0.01,0.05,0.1,0.3",NA,30,1,"approx",200,1000,0,3,1000,2000,5000,2,NA,NA,NA,NA,NA,NA,NA,NA,NA,NA,NA
"Set_5dose_methods_prior","Set_5dose_methods_prior_SC5",5,"CFO","cfo_empirical",NA,NA,NA,"empirical",0.6,0,0.0714,28,1,1,1,4,0.45,0.69,0.3509,NA,NA,NA,1.8088,0.5767,0.5767,0,27.4295,27.4295,13.1783,401.9362,1935,1935,"0.15,0.2,0.3,0.35,0.45",0,1.4142,0.15,0.85,"0.005,0.01,0.05,0.1,0.3",NA,30,1,"approx",200,1000,0,3,1000,2000,5000,2,NA,NA,NA,NA,NA,NA,NA,NA,NA,NA,NA
"Set_5dose_methods_prior","Set_5dose_methods_prior_SC5",5,"CFO","cfo_empirical",NA,NA,NA,"empirical",0.6,0,0.0714,28,1,1,1,5,0.5,0.77,0.4225,NA,NA,NA,0.6718,0.1442,0.1442,0,27.4295,27.4295,13.1783,401.9362,1935,1935,"0.15,0.2,0.3,0.35,0.45",0,1.4142,0.15,0.85,"0.005,0.01,0.05,0.1,0.3",NA,30,1,"approx",200,1000,0,3,1000,2000,5000,2,NA,NA,NA,NA,NA,NA,NA,NA,NA,NA,NA
"Set_5dose_methods_prior","Set_5dose_methods_prior_SC5",5,"CFO","cfo_pride",NA,NA,NA,"pride",0.6,0,0.0714,28,1,1,1,1,0.3,0.3,0.0795,NA,NA,NA,10.1809,10.4775,10.4775,0,18.9488,18.9488,63.2041,282.4329,1935,1935,"0.15,0.2,0.3,0.35,0.45",0,1.4142,0.15,0.85,"0.005,0.01,0.05,0.1,0.3","PRIDE.bug",30,1,"approx",200,1000,0,3,1000,2000,5000,2,NA,NA,NA,NA,NA,NA,NA,NA,NA,NA,NA
"Set_5dose_methods_prior","Set_5dose_methods_prior_SC5",5,"CFO","cfo_pride",NA,NA,NA,"pride",0.6,0,0.0714,28,1,1,1,2,0.35,0.53,0.1628,NA,NA,NA,5.8915,3.893,3.893,0,18.9488,18.9488,63.2041,282.4329,1935,1935,"0.15,0.2,0.3,0.35,0.45",0,1.4142,0.15,0.85,"0.005,0.01,0.05,0.1,0.3","PRIDE.bug",30,1,"approx",200,1000,0,3,1000,2000,5000,2,NA,NA,NA,NA,NA,NA,NA,NA,NA,NA,NA
"Set_5dose_methods_prior","Set_5dose_methods_prior_SC5",5,"CFO","cfo_pride",NA,NA,NA,"pride",0.6,0,0.0714,28,1,1,1,3,0.4,0.61,0.1055,NA,NA,NA,4.4444,1.6853,1.6853,0,18.9488,18.9488,63.2041,282.4329,1935,1935,"0.15,0.2,0.3,0.35,0.45",0,1.4142,0.15,0.85,"0.005,0.01,0.05,0.1,0.3","PRIDE.bug",30,1,"approx",200,1000,0,3,1000,2000,5000,2,NA,NA,NA,NA,NA,NA,NA,NA,NA,NA,NA
"Set_5dose_methods_prior","Set_5dose_methods_prior_SC5",5,"CFO","cfo_pride",NA,NA,NA,"pride",0.6,0,0.0714,28,1,1,1,4,0.45,0.69,0.1046,NA,NA,NA,4.1344,1.0729,1.0729,0,18.9488,18.9488,63.2041,282.4329,1935,1935,"0.15,0.2,0.3,0.35,0.45",0,1.4142,0.15,0.85,"0.005,0.01,0.05,0.1,0.3","PRIDE.bug",30,1,"approx",200,1000,0,3,1000,2000,5000,2,NA,NA,NA,NA,NA,NA,NA,NA,NA,NA,NA
"Set_5dose_methods_prior","Set_5dose_methods_prior_SC5",5,"CFO","cfo_pride",NA,NA,NA,"pride",0.6,0,0.0714,28,1,1,1,5,0.5,0.77,0.0869,NA,NA,NA,12.1447,1.8202,1.8202,0,18.9488,18.9488,63.2041,282.4329,1935,1935,"0.15,0.2,0.3,0.35,0.45",0,1.4142,0.15,0.85,"0.005,0.01,0.05,0.1,0.3","PRIDE.bug",30,1,"approx",200,1000,0,3,1000,2000,5000,2,NA,NA,NA,NA,NA,NA,NA,NA,NA,NA,NA
"Set_5dose_methods_prior","Set_5dose_methods_prior_SC5",5,"CFO","cfo_empirical",NA,NA,NA,"empirical",0.6,0,0.0714,28,2,1,1,1,0.3,0.3,0.2074,NA,NA,NA,63.1008,19.0651,19.0651,0,27.4171,24.8636,14.2119,371.5434,1935,1935,"0.15,0.2,0.3,0.35,0.45",0,1.4142,0.15,0.85,"0.005,0.01,0.05,0.1,0.3",NA,30,1,"approx",200,1000,0,3,1000,2000,5000,2,NA,NA,NA,NA,NA,NA,NA,NA,NA,NA,NA
"Set_5dose_methods_prior","Set_5dose_methods_prior_SC5",5,"CFO","cfo_empirical",NA,NA,NA,"empirical",0.6,0,0.0714,28,2,1,1,2,0.35,0.53,0.3642,NA,NA,NA,17.8811,6.986,6.986,2.2429,27.4171,24.8636,14.2119,371.5434,1935,1935,"0.15,0.2,0.3,0.35,0.45",0,1.4142,0.15,0.85,"0.005,0.01,0.05,0.1,0.3",NA,30,1,"approx",200,1000,0,3,1000,2000,5000,2,NA,NA,NA,NA,NA,NA,NA,NA,NA,NA,NA
"Set_5dose_methods_prior","Set_5dose_methods_prior_SC5",5,"CFO","cfo_empirical",NA,NA,NA,"empirical",0.6,0,0.0714,28,2,1,1,3,0.4,0.61,0.3852,NA,NA,NA,4.031,1.0915,1.0915,0.214,27.4171,24.8636,14.2119,371.5434,1935,1935,"0.15,0.2,0.3,0.35,0.45",0,1.4142,0.15,0.85,"0.005,0.01,0.05,0.1,0.3",NA,30,1,"approx",200,1000,0,3,1000,2000,5000,2,NA,NA,NA,NA,NA,NA,NA,NA,NA,NA,NA
"Set_5dose_methods_prior","Set_5dose_methods_prior_SC5",5,"CFO","cfo_empirical",NA,NA,NA,"empirical",0.6,0,0.0714,28,2,1,1,4,0.45,0.69,0.4447,NA,NA,NA,0.7235,0.2419,0.2419,0.0863,27.4171,24.8636,14.2119,371.5434,1935,1935,"0.15,0.2,0.3,0.35,0.45",0,1.4142,0.15,0.85,"0.005,0.01,0.05,0.1,0.3",NA,30,1,"approx",200,1000,0,3,1000,2000,5000,2,NA,NA,NA,NA,NA,NA,NA,NA,NA,NA,NA
"Set_5dose_methods_prior","Set_5dose_methods_prior_SC5",5,"CFO","cfo_empirical",NA,NA,NA,"empirical",0.6,0,0.0714,28,2,1,1,5,0.5,0.77,0.5774,NA,NA,NA,0.0517,0.0326,0.0326,0.0103,27.4171,24.8636,14.2119,371.5434,1935,1935,"0.15,0.2,0.3,0.35,0.45",0,1.4142,0.15,0.85,"0.005,0.01,0.05,0.1,0.3",NA,30,1,"approx",200,1000,0,3,1000,2000,5000,2,NA,NA,NA,NA,NA,NA,NA,NA,NA,NA,NA
"Set_5dose_methods_prior","Set_5dose_methods_prior_SC5",5,"CFO","cfo_pride",NA,NA,NA,"pride",0.6,0,0.0714,28,2,1,1,1,0.3,0.3,0.1286,NA,NA,NA,37.2093,16.4915,16.4915,0,20.5519,18.2915,54.9871,276.8706,1935,1935,"0.15,0.2,0.3,0.35,0.45",0,1.4142,0.15,0.85,"0.005,0.01,0.05,0.1,0.3","PRIDE.bug",30,1,"approx",200,1000,0,3,1000,2000,5000,2,NA,NA,NA,NA,NA,NA,NA,NA,NA,NA,NA
"Set_5dose_methods_prior","Set_5dose_methods_prior_SC5",5,"CFO","cfo_pride",NA,NA,NA,"pride",0.6,0,0.0714,28,2,1,1,2,0.35,0.53,0.5528,NA,NA,NA,7.3902,3.6419,3.6419,2.2279,20.5519,18.2915,54.9871,276.8706,1935,1935,"0.15,0.2,0.3,0.35,0.45",0,1.4142,0.15,0.85,"0.005,0.01,0.05,0.1,0.3","PRIDE.bug",30,1,"approx",200,1000,0,3,1000,2000,5000,2,NA,NA,NA,NA,NA,NA,NA,NA,NA,NA,NA
"Set_5dose_methods_prior","Set_5dose_methods_prior_SC5",5,"CFO","cfo_pride",NA,NA,NA,"pride",0.6,0,0.0714,28,2,1,1,3,0.4,0.61,0.4768,NA,NA,NA,0.4134,0.4124,0.4124,0.0264,20.5519,18.2915,54.9871,276.8706,1935,1935,"0.15,0.2,0.3,0.35,0.45",0,1.4142,0.15,0.85,"0.005,0.01,0.05,0.1,0.3","PRIDE.bug",30,1,"approx",200,1000,0,3,1000,2000,5000,2,NA,NA,NA,NA,NA,NA,NA,NA,NA,NA,NA
"Set_5dose_methods_prior","Set_5dose_methods_prior_SC5",5,"CFO","cfo_pride",NA,NA,NA,"pride",0.6,0,0.0714,28,2,1,1,4,0.45,0.69,NA,NA,NA,NA,0,0.0062,0.0062,0.0062,20.5519,18.2915,54.9871,276.8706,1935,1935,"0.15,0.2,0.3,0.35,0.45",0,1.4142,0.15,0.85,"0.005,0.01,0.05,0.1,0.3","PRIDE.bug",30,1,"approx",200,1000,0,3,1000,2000,5000,2,NA,NA,NA,NA,NA,NA,NA,NA,NA,NA,NA
"Set_5dose_methods_prior","Set_5dose_methods_prior_SC5",5,"CFO","cfo_pride",NA,NA,NA,"pride",0.6,0,0.0714,28,2,1,1,5,0.5,0.77,NA,NA,NA,NA,0,0,0,0,20.5519,18.2915,54.9871,276.8706,1935,1935,"0.15,0.2,0.3,0.35,0.45",0,1.4142,0.15,0.85,"0.005,0.01,0.05,0.1,0.3","PRIDE.bug",30,1,"approx",200,1000,0,3,1000,2000,5000,2,NA,NA,NA,NA,NA,NA,NA,NA,NA,NA,NA
"Set_5dose_methods_prior","Set_5dose_methods_prior_SC5",5,"CFO","cfo_empirical",NA,NA,NA,"empirical",0.6,0,0.0714,28,3,1,1,1,0.3,0.3,0.2082,NA,NA,NA,63.1525,19.0527,19.0527,0,27.4171,24.7147,14.2119,370.075,1935,1935,"0.15,0.2,0.3,0.35,0.45",0,1.4142,0.15,0.85,"0.005,0.01,0.05,0.1,0.3",NA,30,1,"approx",200,1000,0,3,1000,2000,5000,2,NA,NA,NA,NA,NA,NA,NA,NA,NA,NA,NA
"Set_5dose_methods_prior","Set_5dose_methods_prior_SC5",5,"CFO","cfo_empirical",NA,NA,NA,"empirical",0.6,0,0.0714,28,3,1,1,2,0.35,0.53,0.3808,NA,NA,NA,20,7.3659,7.3659,2.2568,27.4171,24.7147,14.2119,370.075,1935,1935,"0.15,0.2,0.3,0.35,0.45",0,1.4142,0.15,0.85,"0.005,0.01,0.05,0.1,0.3",NA,30,1,"approx",200,1000,0,3,1000,2000,5000,2,NA,NA,NA,NA,NA,NA,NA,NA,NA,NA,NA
"Set_5dose_methods_prior","Set_5dose_methods_prior_SC5",5,"CFO","cfo_empirical",NA,NA,NA,"empirical",0.6,0,0.0714,28,3,1,1,3,0.4,0.61,0.4387,NA,NA,NA,2.1189,0.8698,0.8698,0.4284,27.4171,24.7147,14.2119,370.075,1935,1935,"0.15,0.2,0.3,0.35,0.45",0,1.4142,0.15,0.85,"0.005,0.01,0.05,0.1,0.3",NA,30,1,"approx",200,1000,0,3,1000,2000,5000,2,NA,NA,NA,NA,NA,NA,NA,NA,NA,NA,NA
"Set_5dose_methods_prior","Set_5dose_methods_prior_SC5",5,"CFO","cfo_empirical",NA,NA,NA,"empirical",0.6,0,0.0714,28,3,1,1,4,0.45,0.69,0.3709,NA,NA,NA,0.4651,0.1147,0.1147,0.0114,27.4171,24.7147,14.2119,370.075,1935,1935,"0.15,0.2,0.3,0.35,0.45",0,1.4142,0.15,0.85,"0.005,0.01,0.05,0.1,0.3",NA,30,1,"approx",200,1000,0,3,1000,2000,5000,2,NA,NA,NA,NA,NA,NA,NA,NA,NA,NA,NA
"Set_5dose_methods_prior","Set_5dose_methods_prior_SC5",5,"CFO","cfo_empirical",NA,NA,NA,"empirical",0.6,0,0.0714,28,3,1,1,5,0.5,0.77,0.5276,NA,NA,NA,0.0517,0.014,0.014,0.0057,27.4171,24.7147,14.2119,370.075,1935,1935,"0.15,0.2,0.3,0.35,0.45",0,1.4142,0.15,0.85,"0.005,0.01,0.05,0.1,0.3",NA,30,1,"approx",200,1000,0,3,1000,2000,5000,2,NA,NA,NA,NA,NA,NA,NA,NA,NA,NA,NA
"Set_5dose_methods_prior","Set_5dose_methods_prior_SC5",5,"CFO","cfo_pride",NA,NA,NA,"pride",0.6,0,0.0714,28,3,1,1,1,0.3,0.3,0.1298,NA,NA,NA,37.0543,16.2791,16.2791,0,20.5798,18.0641,55.1938,274.542,1935,1935,"0.15,0.2,0.3,0.35,0.45",0,1.4142,0.15,0.85,"0.005,0.01,0.05,0.1,0.3","PRIDE.bug",30,1,"approx",200,1000,0,3,1000,2000,5000,2,NA,NA,NA,NA,NA,NA,NA,NA,NA,NA,NA
"Set_5dose_methods_prior","Set_5dose_methods_prior_SC5",5,"CFO","cfo_pride",NA,NA,NA,"pride",0.6,0,0.0714,28,3,1,1,2,0.35,0.53,0.5514,NA,NA,NA,7.5452,3.6992,3.6992,2.2191,20.5798,18.0641,55.1938,274.542,1935,1935,"0.15,0.2,0.3,0.35,0.45",0,1.4142,0.15,0.85,"0.005,0.01,0.05,0.1,0.3","PRIDE.bug",30,1,"approx",200,1000,0,3,1000,2000,5000,2,NA,NA,NA,NA,NA,NA,NA,NA,NA,NA,NA
"Set_5dose_methods_prior","Set_5dose_methods_prior_SC5",5,"CFO","cfo_pride",NA,NA,NA,"pride",0.6,0,0.0714,28,3,1,1,3,0.4,0.61,0.5093,NA,NA,NA,0.2067,0.5209,0.5209,0.2966,20.5798,18.0641,55.1938,274.542,1935,1935,"0.15,0.2,0.3,0.35,0.45",0,1.4142,0.15,0.85,"0.005,0.01,0.05,0.1,0.3","PRIDE.bug",30,1,"approx",200,1000,0,3,1000,2000,5000,2,NA,NA,NA,NA,NA,NA,NA,NA,NA,NA,NA
"Set_5dose_methods_prior","Set_5dose_methods_prior_SC5",5,"CFO","cfo_pride",NA,NA,NA,"pride",0.6,0,0.0714,28,3,1,1,4,0.45,0.69,NA,NA,NA,NA,0,0.0806,0.0806,0,20.5798,18.0641,55.1938,274.542,1935,1935,"0.15,0.2,0.3,0.35,0.45",0,1.4142,0.15,0.85,"0.005,0.01,0.05,0.1,0.3","PRIDE.bug",30,1,"approx",200,1000,0,3,1000,2000,5000,2,NA,NA,NA,NA,NA,NA,NA,NA,NA,NA,NA
"Set_5dose_methods_prior","Set_5dose_methods_prior_SC5",5,"CFO","cfo_pride",NA,NA,NA,"pride",0.6,0,0.0714,28,3,1,1,5,0.5,0.77,NA,NA,NA,NA,0,0,0,0,20.5798,18.0641,55.1938,274.542,1935,1935,"0.15,0.2,0.3,0.35,0.45",0,1.4142,0.15,0.85,"0.005,0.01,0.05,0.1,0.3","PRIDE.bug",30,1,"approx",200,1000,0,3,1000,2000,5000,2,NA,NA,NA,NA,NA,NA,NA,NA,NA,NA,NA
"Set_5dose_methods_prior","Set_5dose_methods_prior_SC5",5,"CFO","cfo_empirical",NA,NA,NA,"empirical",0.9,0,0.0714,28,1,1,1,1,0.3,0.3,0.1744,NA,NA,NA,48.2171,16.1876,16.1876,0,27.4295,27.4295,13.1783,401.9362,1935,1935,"0.15,0.2,0.3,0.35,0.45",0,1.4142,0.15,0.85,"0.005,0.01,0.05,0.1,0.3",NA,30,1,"approx",200,1000,0,3,1000,2000,5000,2,NA,NA,NA,NA,NA,NA,NA,NA,NA,NA,NA
"Set_5dose_methods_prior","Set_5dose_methods_prior_SC5",5,"CFO","cfo_empirical",NA,NA,NA,"empirical",0.9,0,0.0714,28,1,1,1,2,0.35,0.62,0.2776,NA,NA,NA,26.77,7.8341,7.8341,0,27.4295,27.4295,13.1783,401.9362,1935,1935,"0.15,0.2,0.3,0.35,0.45",0,1.4142,0.15,0.85,"0.005,0.01,0.05,0.1,0.3",NA,30,1,"approx",200,1000,0,3,1000,2000,5000,2,NA,NA,NA,NA,NA,NA,NA,NA,NA,NA,NA
"Set_5dose_methods_prior","Set_5dose_methods_prior_SC5",5,"CFO","cfo_empirical",NA,NA,NA,"empirical",0.9,0,0.0714,28,1,1,1,3,0.4,0.715,0.3455,NA,NA,NA,9.354,2.6868,2.6868,0,27.4295,27.4295,13.1783,401.9362,1935,1935,"0.15,0.2,0.3,0.35,0.45",0,1.4142,0.15,0.85,"0.005,0.01,0.05,0.1,0.3",NA,30,1,"approx",200,1000,0,3,1000,2000,5000,2,NA,NA,NA,NA,NA,NA,NA,NA,NA,NA,NA
"Set_5dose_methods_prior","Set_5dose_methods_prior_SC5",5,"CFO","cfo_empirical",NA,NA,NA,"empirical",0.9,0,0.0714,28,1,1,1,4,0.45,0.81,0.3509,NA,NA,NA,1.8088,0.5767,0.5767,0,27.4295,27.4295,13.1783,401.9362,1935,1935,"0.15,0.2,0.3,0.35,0.45",0,1.4142,0.15,0.85,"0.005,0.01,0.05,0.1,0.3",NA,30,1,"approx",200,1000,0,3,1000,2000,5000,2,NA,NA,NA,NA,NA,NA,NA,NA,NA,NA,NA
"Set_5dose_methods_prior","Set_5dose_methods_prior_SC5",5,"CFO","cfo_empirical",NA,NA,NA,"empirical",0.9,0,0.0714,28,1,1,1,5,0.5,0.905,0.4225,NA,NA,NA,0.6718,0.1442,0.1442,0,27.4295,27.4295,13.1783,401.9362,1935,1935,"0.15,0.2,0.3,0.35,0.45",0,1.4142,0.15,0.85,"0.005,0.01,0.05,0.1,0.3",NA,30,1,"approx",200,1000,0,3,1000,2000,5000,2,NA,NA,NA,NA,NA,NA,NA,NA,NA,NA,NA
"Set_5dose_methods_prior","Set_5dose_methods_prior_SC5",5,"CFO","cfo_pride",NA,NA,NA,"pride",0.9,0,0.0714,28,1,1,1,1,0.3,0.3,0.0776,NA,NA,NA,9.7674,10.5442,10.5442,0,18.9194,18.9194,63.6176,282.2155,1935,1935,"0.15,0.2,0.3,0.35,0.45",0,1.4142,0.15,0.85,"0.005,0.01,0.05,0.1,0.3","PRIDE.bug",30,1,"approx",200,1000,0,3,1000,2000,5000,2,NA,NA,NA,NA,NA,NA,NA,NA,NA,NA,NA
"Set_5dose_methods_prior","Set_5dose_methods_prior_SC5",5,"CFO","cfo_pride",NA,NA,NA,"pride",0.9,0,0.0714,28,1,1,1,2,0.35,0.62,0.1604,NA,NA,NA,5.9948,3.7736,3.7736,0,18.9194,18.9194,63.6176,282.2155,1935,1935,"0.15,0.2,0.3,0.35,0.45",0,1.4142,0.15,0.85,"0.005,0.01,0.05,0.1,0.3","PRIDE.bug",30,1,"approx",200,1000,0,3,1000,2000,5000,2,NA,NA,NA,NA,NA,NA,NA,NA,NA,NA,NA
"Set_5dose_methods_prior","Set_5dose_methods_prior_SC5",5,"CFO","cfo_pride",NA,NA,NA,"pride",0.9,0,0.0714,28,1,1,1,3,0.4,0.715,0.1142,NA,NA,NA,4.4961,1.6791,1.6791,0,18.9194,18.9194,63.6176,282.2155,1935,1935,"0.15,0.2,0.3,0.35,0.45",0,1.4142,0.15,0.85,"0.005,0.01,0.05,0.1,0.3","PRIDE.bug",30,1,"approx",200,1000,0,3,1000,2000,5000,2,NA,NA,NA,NA,NA,NA,NA,NA,NA,NA,NA
"Set_5dose_methods_prior","Set_5dose_methods_prior_SC5",5,"CFO","cfo_pride",NA,NA,NA,"pride",0.9,0,0.0714,28,1,1,1,4,0.45,0.81,0.1018,NA,NA,NA,4.031,1.0574,1.0574,0,18.9194,18.9194,63.6176,282.2155,1935,1935,"0.15,0.2,0.3,0.35,0.45",0,1.4142,0.15,0.85,"0.005,0.01,0.05,0.1,0.3","PRIDE.bug",30,1,"approx",200,1000,0,3,1000,2000,5000,2,NA,NA,NA,NA,NA,NA,NA,NA,NA,NA,NA
"Set_5dose_methods_prior","Set_5dose_methods_prior_SC5",5,"CFO","cfo_pride",NA,NA,NA,"pride",0.9,0,0.0714,28,1,1,1,5,0.5,0.905,0.0859,NA,NA,NA,12.093,1.8651,1.8651,0,18.9194,18.9194,63.6176,282.2155,1935,1935,"0.15,0.2,0.3,0.35,0.45",0,1.4142,0.15,0.85,"0.005,0.01,0.05,0.1,0.3","PRIDE.bug",30,1,"approx",200,1000,0,3,1000,2000,5000,2,NA,NA,NA,NA,NA,NA,NA,NA,NA,NA,NA
"Set_5dose_methods_prior","Set_5dose_methods_prior_SC5",5,"CFO","cfo_empirical",NA,NA,NA,"empirical",0.9,0,0.0714,28,2,1,1,1,0.3,0.3,0.2206,NA,NA,NA,67.3385,20.2233,20.2233,0,27.4047,25.0284,14.5736,372.902,1935,1935,"0.15,0.2,0.3,0.35,0.45",0,1.4142,0.15,0.85,"0.005,0.01,0.05,0.1,0.3",NA,30,1,"approx",200,1000,0,3,1000,2000,5000,2,NA,NA,NA,NA,NA,NA,NA,NA,NA,NA,NA
"Set_5dose_methods_prior","Set_5dose_methods_prior_SC5",5,"CFO","cfo_empirical",NA,NA,NA,"empirical",0.9,0,0.0714,28,2,1,1,2,0.35,0.62,0.3953,NA,NA,NA,15.6589,6.3721,6.3721,2.1587,27.4047,25.0284,14.5736,372.902,1935,1935,"0.15,0.2,0.3,0.35,0.45",0,1.4142,0.15,0.85,"0.005,0.01,0.05,0.1,0.3",NA,30,1,"approx",200,1000,0,3,1000,2000,5000,2,NA,NA,NA,NA,NA,NA,NA,NA,NA,NA,NA
"Set_5dose_methods_prior","Set_5dose_methods_prior_SC5",5,"CFO","cfo_empirical",NA,NA,NA,"empirical",0.9,0,0.0714,28,2,1,1,3,0.4,0.715,0.4369,NA,NA,NA,2.1705,0.6946,0.6946,0.1576,27.4047,25.0284,14.5736,372.902,1935,1935,"0.15,0.2,0.3,0.35,0.45",0,1.4142,0.15,0.85,"0.005,0.01,0.05,0.1,0.3",NA,30,1,"approx",200,1000,0,3,1000,2000,5000,2,NA,NA,NA,NA,NA,NA,NA,NA,NA,NA,NA
"Set_5dose_methods_prior","Set_5dose_methods_prior_SC5",5,"CFO","cfo_empirical",NA,NA,NA,"empirical",0.9,0,0.0714,28,2,1,1,4,0.45,0.81,0.4848,NA,NA,NA,0.2584,0.1132,0.1132,0.0584,27.4047,25.0284,14.5736,372.902,1935,1935,"0.15,0.2,0.3,0.35,0.45",0,1.4142,0.15,0.85,"0.005,0.01,0.05,0.1,0.3",NA,30,1,"approx",200,1000,0,3,1000,2000,5000,2,NA,NA,NA,NA,NA,NA,NA,NA,NA,NA,NA
"Set_5dose_methods_prior","Set_5dose_methods_prior_SC5",5,"CFO","cfo_empirical",NA,NA,NA,"empirical",0.9,0,0.0714,28,2,1,1,5,0.5,0.905,NA,NA,NA,NA,0,0.0016,0.0016,0.0016,27.4047,25.0284,14.5736,372.902,1935,1935,"0.15,0.2,0.3,0.35,0.45",0,1.4142,0.15,0.85,"0.005,0.01,0.05,0.1,0.3",NA,30,1,"approx",200,1000,0,3,1000,2000,5000,2,NA,NA,NA,NA,NA,NA,NA,NA,NA,NA,NA
"Set_5dose_methods_prior","Set_5dose_methods_prior_SC5",5,"CFO","cfo_pride",NA,NA,NA,"pride",0.9,0,0.0714,28,2,1,1,1,0.3,0.3,0.1357,NA,NA,NA,42.4289,17.3876,17.3876,0,20.6589,18.5674,53.8501,279.7857,1935,1935,"0.15,0.2,0.3,0.35,0.45",0,1.4142,0.15,0.85,"0.005,0.01,0.05,0.1,0.3","PRIDE.bug",30,1,"approx",200,1000,0,3,1000,2000,5000,2,NA,NA,NA,NA,NA,NA,NA,NA,NA,NA,NA
"Set_5dose_methods_prior","Set_5dose_methods_prior_SC5",5,"CFO","cfo_pride",NA,NA,NA,"pride",0.9,0,0.0714,28,2,1,1,2,0.35,0.62,0.6207,NA,NA,NA,3.7209,3.031,3.031,2.091,20.6589,18.5674,53.8501,279.7857,1935,1935,"0.15,0.2,0.3,0.35,0.45",0,1.4142,0.15,0.85,"0.005,0.01,0.05,0.1,0.3","PRIDE.bug",30,1,"approx",200,1000,0,3,1000,2000,5000,2,NA,NA,NA,NA,NA,NA,NA,NA,NA,NA,NA
"Set_5dose_methods_prior","Set_5dose_methods_prior_SC5",5,"CFO","cfo_pride",NA,NA,NA,"pride",0.9,0,0.0714,28,2,1,1,3,0.4,0.715,0.6661,NA,NA,NA,0,0.2403,0.2403,5e-04,20.6589,18.5674,53.8501,279.7857,1935,1935,"0.15,0.2,0.3,0.35,0.45",0,1.4142,0.15,0.85,"0.005,0.01,0.05,0.1,0.3","PRIDE.bug",30,1,"approx",200,1000,0,3,1000,2000,5000,2,NA,NA,NA,NA,NA,NA,NA,NA,NA,NA,NA
"Set_5dose_methods_prior","Set_5dose_methods_prior_SC5",5,"CFO","cfo_pride",NA,NA,NA,"pride",0.9,0,0.0714,28,2,1,1,4,0.45,0.81,NA,NA,NA,NA,0,0,0,0,20.6589,18.5674,53.8501,279.7857,1935,1935,"0.15,0.2,0.3,0.35,0.45",0,1.4142,0.15,0.85,"0.005,0.01,0.05,0.1,0.3","PRIDE.bug",30,1,"approx",200,1000,0,3,1000,2000,5000,2,NA,NA,NA,NA,NA,NA,NA,NA,NA,NA,NA
"Set_5dose_methods_prior","Set_5dose_methods_prior_SC5",5,"CFO","cfo_pride",NA,NA,NA,"pride",0.9,0,0.0714,28,2,1,1,5,0.5,0.905,NA,NA,NA,NA,0,0,0,0,20.6589,18.5674,53.8501,279.7857,1935,1935,"0.15,0.2,0.3,0.35,0.45",0,1.4142,0.15,0.85,"0.005,0.01,0.05,0.1,0.3","PRIDE.bug",30,1,"approx",200,1000,0,3,1000,2000,5000,2,NA,NA,NA,NA,NA,NA,NA,NA,NA,NA,NA
"Set_5dose_methods_prior","Set_5dose_methods_prior_SC5",5,"CFO","cfo_empirical",NA,NA,NA,"empirical",0.9,0,0.0714,28,3,1,1,1,0.3,0.3,0.2214,NA,NA,NA,67.4935,20.2248,20.2248,0,27.4047,24.9576,14.5736,372.1426,1935,1935,"0.15,0.2,0.3,0.35,0.45",0,1.4142,0.15,0.85,"0.005,0.01,0.05,0.1,0.3",NA,30,1,"approx",200,1000,0,3,1000,2000,5000,2,NA,NA,NA,NA,NA,NA,NA,NA,NA,NA,NA
"Set_5dose_methods_prior","Set_5dose_methods_prior_SC5",5,"CFO","cfo_empirical",NA,NA,NA,"empirical",0.9,0,0.0714,28,3,1,1,2,0.35,0.62,0.4101,NA,NA,NA,17.0026,6.6837,6.6837,2.1685,27.4047,24.9576,14.5736,372.1426,1935,1935,"0.15,0.2,0.3,0.35,0.45",0,1.4142,0.15,0.85,"0.005,0.01,0.05,0.1,0.3",NA,30,1,"approx",200,1000,0,3,1000,2000,5000,2,NA,NA,NA,NA,NA,NA,NA,NA,NA,NA,NA
"Set_5dose_methods_prior","Set_5dose_methods_prior_SC5",5,"CFO","cfo_empirical",NA,NA,NA,"empirical",0.9,0,0.0714,28,3,1,1,3,0.4,0.715,0.5215,NA,NA,NA,0.8269,0.4744,0.4744,0.2713,27.4047,24.9576,14.5736,372.1426,1935,1935,"0.15,0.2,0.3,0.35,0.45",0,1.4142,0.15,0.85,"0.005,0.01,0.05,0.1,0.3",NA,30,1,"approx",200,1000,0,3,1000,2000,5000,2,NA,NA,NA,NA,NA,NA,NA,NA,NA,NA,NA
"Set_5dose_methods_prior","Set_5dose_methods_prior_SC5",5,"CFO","cfo_empirical",NA,NA,NA,"empirical",0.9,0,0.0714,28,3,1,1,4,0.45,0.81,0.3665,NA,NA,NA,0.1034,0.0202,0.0202,0.0057,27.4047,24.9576,14.5736,372.1426,1935,1935,"0.15,0.2,0.3,0.35,0.45",0,1.4142,0.15,0.85,"0.005,0.01,0.05,0.1,0.3",NA,30,1,"approx",200,1000,0,3,1000,2000,5000,2,NA,NA,NA,NA,NA,NA,NA,NA,NA,NA,NA
"Set_5dose_methods_prior","Set_5dose_methods_prior_SC5",5,"CFO","cfo_empirical",NA,NA,NA,"empirical",0.9,0,0.0714,28,3,1,1,5,0.5,0.905,0.6661,NA,NA,NA,0,0.0016,0.0016,0.0016,27.4047,24.9576,14.5736,372.1426,1935,1935,"0.15,0.2,0.3,0.35,0.45",0,1.4142,0.15,0.85,"0.005,0.01,0.05,0.1,0.3",NA,30,1,"approx",200,1000,0,3,1000,2000,5000,2,NA,NA,NA,NA,NA,NA,NA,NA,NA,NA,NA
"Set_5dose_methods_prior","Set_5dose_methods_prior_SC5",5,"CFO","cfo_pride",NA,NA,NA,"pride",0.9,0,0.0714,28,3,1,1,1,0.3,0.3,0.1378,NA,NA,NA,43.2041,17.3705,17.3705,0,20.7008,18.4305,53.1783,278.3944,1935,1935,"0.15,0.2,0.3,0.35,0.45",0,1.4142,0.15,0.85,"0.005,0.01,0.05,0.1,0.3","PRIDE.bug",30,1,"approx",200,1000,0,3,1000,2000,5000,2,NA,NA,NA,NA,NA,NA,NA,NA,NA,NA,NA
"Set_5dose_methods_prior","Set_5dose_methods_prior_SC5",5,"CFO","cfo_pride",NA,NA,NA,"pride",0.9,0,0.0714,28,3,1,1,2,0.35,0.62,0.6182,NA,NA,NA,3.6176,3.0248,3.0248,2.0935,20.7008,18.4305,53.1783,278.3944,1935,1935,"0.15,0.2,0.3,0.35,0.45",0,1.4142,0.15,0.85,"0.005,0.01,0.05,0.1,0.3","PRIDE.bug",30,1,"approx",200,1000,0,3,1000,2000,5000,2,NA,NA,NA,NA,NA,NA,NA,NA,NA,NA,NA
"Set_5dose_methods_prior","Set_5dose_methods_prior_SC5",5,"CFO","cfo_pride",NA,NA,NA,"pride",0.9,0,0.0714,28,3,1,1,3,0.4,0.715,0.5628,NA,NA,NA,0,0.2868,0.2868,0.1767,20.7008,18.4305,53.1783,278.3944,1935,1935,"0.15,0.2,0.3,0.35,0.45",0,1.4142,0.15,0.85,"0.005,0.01,0.05,0.1,0.3","PRIDE.bug",30,1,"approx",200,1000,0,3,1000,2000,5000,2,NA,NA,NA,NA,NA,NA,NA,NA,NA,NA,NA
"Set_5dose_methods_prior","Set_5dose_methods_prior_SC5",5,"CFO","cfo_pride",NA,NA,NA,"pride",0.9,0,0.0714,28,3,1,1,4,0.45,0.81,NA,NA,NA,NA,0,0.0186,0.0186,0,20.7008,18.4305,53.1783,278.3944,1935,1935,"0.15,0.2,0.3,0.35,0.45",0,1.4142,0.15,0.85,"0.005,0.01,0.05,0.1,0.3","PRIDE.bug",30,1,"approx",200,1000,0,3,1000,2000,5000,2,NA,NA,NA,NA,NA,NA,NA,NA,NA,NA,NA
"Set_5dose_methods_prior","Set_5dose_methods_prior_SC5",5,"CFO","cfo_pride",NA,NA,NA,"pride",0.9,0,0.0714,28,3,1,1,5,0.5,0.905,NA,NA,NA,NA,0,0,0,0,20.7008,18.4305,53.1783,278.3944,1935,1935,"0.15,0.2,0.3,0.35,0.45",0,1.4142,0.15,0.85,"0.005,0.01,0.05,0.1,0.3","PRIDE.bug",30,1,"approx",200,1000,0,3,1000,2000,5000,2,NA,NA,NA,NA,NA,NA,NA,NA,NA,NA,NA
"Set_5dose_methods_prior","Set_5dose_methods_prior_SC6",6,"CFO","cfo_empirical",NA,NA,NA,"empirical",0,0,0.0714,28,1,1,1,1,0.5,0.5,0.34,NA,NA,NA,21.1886,14.5845,14.5845,0,16.3023,16.3023,77.6744,245.3563,1935,1935,"0.15,0.2,0.3,0.35,0.45",0,1.4142,0.15,0.85,"0.005,0.01,0.05,0.1,0.3",NA,30,1,"approx",200,1000,0,3,1000,2000,5000,2,NA,NA,NA,NA,NA,NA,NA,NA,NA,NA,NA
"Set_5dose_methods_prior","Set_5dose_methods_prior_SC6",6,"CFO","cfo_empirical",NA,NA,NA,"empirical",0,0,0.0714,28,1,1,1,2,0.55,0.55,0.4808,NA,NA,NA,1.0853,1.555,1.555,0,16.3023,16.3023,77.6744,245.3563,1935,1935,"0.15,0.2,0.3,0.35,0.45",0,1.4142,0.15,0.85,"0.005,0.01,0.05,0.1,0.3",NA,30,1,"approx",200,1000,0,3,1000,2000,5000,2,NA,NA,NA,NA,NA,NA,NA,NA,NA,NA,NA
"Set_5dose_methods_prior","Set_5dose_methods_prior_SC6",6,"CFO","cfo_empirical",NA,NA,NA,"empirical",0,0,0.0714,28,1,1,1,3,0.6,0.6,0.5518,NA,NA,NA,0.0517,0.155,0.155,0,16.3023,16.3023,77.6744,245.3563,1935,1935,"0.15,0.2,0.3,0.35,0.45",0,1.4142,0.15,0.85,"0.005,0.01,0.05,0.1,0.3",NA,30,1,"approx",200,1000,0,3,1000,2000,5000,2,NA,NA,NA,NA,NA,NA,NA,NA,NA,NA,NA
"Set_5dose_methods_prior","Set_5dose_methods_prior_SC6",6,"CFO","cfo_empirical",NA,NA,NA,"empirical",0,0,0.0714,28,1,1,1,4,0.65,0.65,NA,NA,NA,NA,0,0.0078,0.0078,0,16.3023,16.3023,77.6744,245.3563,1935,1935,"0.15,0.2,0.3,0.35,0.45",0,1.4142,0.15,0.85,"0.005,0.01,0.05,0.1,0.3",NA,30,1,"approx",200,1000,0,3,1000,2000,5000,2,NA,NA,NA,NA,NA,NA,NA,NA,NA,NA,NA
"Set_5dose_methods_prior","Set_5dose_methods_prior_SC6",6,"CFO","cfo_empirical",NA,NA,NA,"empirical",0,0,0.0714,28,1,1,1,5,0.7,0.7,NA,NA,NA,NA,0,0,0,0,16.3023,16.3023,77.6744,245.3563,1935,1935,"0.15,0.2,0.3,0.35,0.45",0,1.4142,0.15,0.85,"0.005,0.01,0.05,0.1,0.3",NA,30,1,"approx",200,1000,0,3,1000,2000,5000,2,NA,NA,NA,NA,NA,NA,NA,NA,NA,NA,NA
"Set_5dose_methods_prior","Set_5dose_methods_prior_SC6",6,"CFO","cfo_pride",NA,NA,NA,"pride",0,0,0.0714,28,1,1,1,1,0.5,0.5,0.0918,NA,NA,NA,10.2842,8.6388,8.6388,0,11.4124,11.4124,85.6331,176.5675,1935,1935,"0.15,0.2,0.3,0.35,0.45",0,1.4142,0.15,0.85,"0.005,0.01,0.05,0.1,0.3","PRIDE.bug",30,1,"approx",200,1000,0,3,1000,2000,5000,2,NA,NA,NA,NA,NA,NA,NA,NA,NA,NA,NA
"Set_5dose_methods_prior","Set_5dose_methods_prior_SC6",6,"CFO","cfo_pride",NA,NA,NA,"pride",0,0,0.0714,28,1,1,1,2,0.55,0.55,0.2932,NA,NA,NA,0.0517,1.8341,1.8341,0,11.4124,11.4124,85.6331,176.5675,1935,1935,"0.15,0.2,0.3,0.35,0.45",0,1.4142,0.15,0.85,"0.005,0.01,0.05,0.1,0.3","PRIDE.bug",30,1,"approx",200,1000,0,3,1000,2000,5000,2,NA,NA,NA,NA,NA,NA,NA,NA,NA,NA,NA
"Set_5dose_methods_prior","Set_5dose_methods_prior_SC6",6,"CFO","cfo_pride",NA,NA,NA,"pride",0,0,0.0714,28,1,1,1,3,0.6,0.6,0.0469,NA,NA,NA,0.8269,0.386,0.386,0,11.4124,11.4124,85.6331,176.5675,1935,1935,"0.15,0.2,0.3,0.35,0.45",0,1.4142,0.15,0.85,"0.005,0.01,0.05,0.1,0.3","PRIDE.bug",30,1,"approx",200,1000,0,3,1000,2000,5000,2,NA,NA,NA,NA,NA,NA,NA,NA,NA,NA,NA
"Set_5dose_methods_prior","Set_5dose_methods_prior_SC6",6,"CFO","cfo_pride",NA,NA,NA,"pride",0,0,0.0714,28,1,1,1,4,0.65,0.65,0.1502,NA,NA,NA,1.137,0.2667,0.2667,0,11.4124,11.4124,85.6331,176.5675,1935,1935,"0.15,0.2,0.3,0.35,0.45",0,1.4142,0.15,0.85,"0.005,0.01,0.05,0.1,0.3","PRIDE.bug",30,1,"approx",200,1000,0,3,1000,2000,5000,2,NA,NA,NA,NA,NA,NA,NA,NA,NA,NA,NA
"Set_5dose_methods_prior","Set_5dose_methods_prior_SC6",6,"CFO","cfo_pride",NA,NA,NA,"pride",0,0,0.0714,28,1,1,1,5,0.7,0.7,0.1821,NA,NA,NA,2.0672,0.2868,0.2868,0,11.4124,11.4124,85.6331,176.5675,1935,1935,"0.15,0.2,0.3,0.35,0.45",0,1.4142,0.15,0.85,"0.005,0.01,0.05,0.1,0.3","PRIDE.bug",30,1,"approx",200,1000,0,3,1000,2000,5000,2,NA,NA,NA,NA,NA,NA,NA,NA,NA,NA,NA
"Set_5dose_methods_prior","Set_5dose_methods_prior_SC6",6,"CFO","cfo_empirical",NA,NA,NA,"empirical",0,0,0.0714,28,2,1,1,1,0.5,0.5,0.34,NA,NA,NA,21.1886,14.5845,14.5845,0,16.3023,15.7152,77.6744,238.0958,1935,1935,"0.15,0.2,0.3,0.35,0.45",0,1.4142,0.15,0.85,"0.005,0.01,0.05,0.1,0.3",NA,30,1,"approx",200,1000,0,3,1000,2000,5000,2,NA,NA,NA,NA,NA,NA,NA,NA,NA,NA,NA
"Set_5dose_methods_prior","Set_5dose_methods_prior_SC6",6,"CFO","cfo_empirical",NA,NA,NA,"empirical",0,0,0.0714,28,2,1,1,2,0.55,0.55,0.4808,NA,NA,NA,1.0853,1.555,1.555,0.5742,16.3023,15.7152,77.6744,238.0958,1935,1935,"0.15,0.2,0.3,0.35,0.45",0,1.4142,0.15,0.85,"0.005,0.01,0.05,0.1,0.3",NA,30,1,"approx",200,1000,0,3,1000,2000,5000,2,NA,NA,NA,NA,NA,NA,NA,NA,NA,NA,NA
"Set_5dose_methods_prior","Set_5dose_methods_prior_SC6",6,"CFO","cfo_empirical",NA,NA,NA,"empirical",0,0,0.0714,28,2,1,1,3,0.6,0.6,0.5518,NA,NA,NA,0.0517,0.155,0.155,0.0067,16.3023,15.7152,77.6744,238.0958,1935,1935,"0.15,0.2,0.3,0.35,0.45",0,1.4142,0.15,0.85,"0.005,0.01,0.05,0.1,0.3",NA,30,1,"approx",200,1000,0,3,1000,2000,5000,2,NA,NA,NA,NA,NA,NA,NA,NA,NA,NA,NA
"Set_5dose_methods_prior","Set_5dose_methods_prior_SC6",6,"CFO","cfo_empirical",NA,NA,NA,"empirical",0,0,0.0714,28,2,1,1,4,0.65,0.65,NA,NA,NA,NA,0,0.0078,0.0078,0.0062,16.3023,15.7152,77.6744,238.0958,1935,1935,"0.15,0.2,0.3,0.35,0.45",0,1.4142,0.15,0.85,"0.005,0.01,0.05,0.1,0.3",NA,30,1,"approx",200,1000,0,3,1000,2000,5000,2,NA,NA,NA,NA,NA,NA,NA,NA,NA,NA,NA
"Set_5dose_methods_prior","Set_5dose_methods_prior_SC6",6,"CFO","cfo_empirical",NA,NA,NA,"empirical",0,0,0.0714,28,2,1,1,5,0.7,0.7,NA,NA,NA,NA,0,0,0,0,16.3023,15.7152,77.6744,238.0958,1935,1935,"0.15,0.2,0.3,0.35,0.45",0,1.4142,0.15,0.85,"0.005,0.01,0.05,0.1,0.3",NA,30,1,"approx",200,1000,0,3,1000,2000,5000,2,NA,NA,NA,NA,NA,NA,NA,NA,NA,NA,NA
"Set_5dose_methods_prior","Set_5dose_methods_prior_SC6",6,"CFO","cfo_pride",NA,NA,NA,"pride",0,0,0.0714,28,2,1,1,1,0.5,0.5,0.1233,NA,NA,NA,12.6615,9.2713,9.2713,0,12.1767,10.6661,82.8941,169.1907,1935,1935,"0.15,0.2,0.3,0.35,0.45",0,1.4142,0.15,0.85,"0.005,0.01,0.05,0.1,0.3","PRIDE.bug",30,1,"approx",200,1000,0,3,1000,2000,5000,2,NA,NA,NA,NA,NA,NA,NA,NA,NA,NA,NA
"Set_5dose_methods_prior","Set_5dose_methods_prior_SC6",6,"CFO","cfo_pride",NA,NA,NA,"pride",0,0,0.0714,28,2,1,1,2,0.55,0.55,0.36,NA,NA,NA,0.1034,2.0124,2.0124,1.1674,12.1767,10.6661,82.8941,169.1907,1935,1935,"0.15,0.2,0.3,0.35,0.45",0,1.4142,0.15,0.85,"0.005,0.01,0.05,0.1,0.3","PRIDE.bug",30,1,"approx",200,1000,0,3,1000,2000,5000,2,NA,NA,NA,NA,NA,NA,NA,NA,NA,NA,NA
"Set_5dose_methods_prior","Set_5dose_methods_prior_SC6",6,"CFO","cfo_pride",NA,NA,NA,"pride",0,0,0.0714,28,2,1,1,3,0.6,0.6,0.078,NA,NA,NA,1.1886,0.4248,0.4248,0.2047,12.1767,10.6661,82.8941,169.1907,1935,1935,"0.15,0.2,0.3,0.35,0.45",0,1.4142,0.15,0.85,"0.005,0.01,0.05,0.1,0.3","PRIDE.bug",30,1,"approx",200,1000,0,3,1000,2000,5000,2,NA,NA,NA,NA,NA,NA,NA,NA,NA,NA,NA
"Set_5dose_methods_prior","Set_5dose_methods_prior_SC6",6,"CFO","cfo_pride",NA,NA,NA,"pride",0,0,0.0714,28,2,1,1,4,0.65,0.65,0.1528,NA,NA,NA,1.0853,0.2372,0.2372,0.0532,12.1767,10.6661,82.8941,169.1907,1935,1935,"0.15,0.2,0.3,0.35,0.45",0,1.4142,0.15,0.85,"0.005,0.01,0.05,0.1,0.3","PRIDE.bug",30,1,"approx",200,1000,0,3,1000,2000,5000,2,NA,NA,NA,NA,NA,NA,NA,NA,NA,NA,NA
"Set_5dose_methods_prior","Set_5dose_methods_prior_SC6",6,"CFO","cfo_pride",NA,NA,NA,"pride",0,0,0.0714,28,2,1,1,5,0.7,0.7,0.1822,NA,NA,NA,2.0672,0.231,0.231,0.0853,12.1767,10.6661,82.8941,169.1907,1935,1935,"0.15,0.2,0.3,0.35,0.45",0,1.4142,0.15,0.85,"0.005,0.01,0.05,0.1,0.3","PRIDE.bug",30,1,"approx",200,1000,0,3,1000,2000,5000,2,NA,NA,NA,NA,NA,NA,NA,NA,NA,NA,NA
"Set_5dose_methods_prior","Set_5dose_methods_prior_SC6",6,"CFO","cfo_empirical",NA,NA,NA,"empirical",0,0,0.0714,28,3,1,1,1,0.5,0.5,0.34,NA,NA,NA,21.1886,14.5845,14.5845,0,16.3023,15.662,77.6744,237.4054,1935,1935,"0.15,0.2,0.3,0.35,0.45",0,1.4142,0.15,0.85,"0.005,0.01,0.05,0.1,0.3",NA,30,1,"approx",200,1000,0,3,1000,2000,5000,2,NA,NA,NA,NA,NA,NA,NA,NA,NA,NA,NA
"Set_5dose_methods_prior","Set_5dose_methods_prior_SC6",6,"CFO","cfo_empirical",NA,NA,NA,"empirical",0,0,0.0714,28,3,1,1,2,0.55,0.55,0.4808,NA,NA,NA,1.0853,1.555,1.555,0.5742,16.3023,15.662,77.6744,237.4054,1935,1935,"0.15,0.2,0.3,0.35,0.45",0,1.4142,0.15,0.85,"0.005,0.01,0.05,0.1,0.3",NA,30,1,"approx",200,1000,0,3,1000,2000,5000,2,NA,NA,NA,NA,NA,NA,NA,NA,NA,NA,NA
"Set_5dose_methods_prior","Set_5dose_methods_prior_SC6",6,"CFO","cfo_empirical",NA,NA,NA,"empirical",0,0,0.0714,28,3,1,1,3,0.6,0.6,0.5518,NA,NA,NA,0.0517,0.155,0.155,0.0646,16.3023,15.662,77.6744,237.4054,1935,1935,"0.15,0.2,0.3,0.35,0.45",0,1.4142,0.15,0.85,"0.005,0.01,0.05,0.1,0.3",NA,30,1,"approx",200,1000,0,3,1000,2000,5000,2,NA,NA,NA,NA,NA,NA,NA,NA,NA,NA,NA
"Set_5dose_methods_prior","Set_5dose_methods_prior_SC6",6,"CFO","cfo_empirical",NA,NA,NA,"empirical",0,0,0.0714,28,3,1,1,4,0.65,0.65,NA,NA,NA,NA,0,0.0078,0.0078,0.0016,16.3023,15.662,77.6744,237.4054,1935,1935,"0.15,0.2,0.3,0.35,0.45",0,1.4142,0.15,0.85,"0.005,0.01,0.05,0.1,0.3",NA,30,1,"approx",200,1000,0,3,1000,2000,5000,2,NA,NA,NA,NA,NA,NA,NA,NA,NA,NA,NA
"Set_5dose_methods_prior","Set_5dose_methods_prior_SC6",6,"CFO","cfo_empirical",NA,NA,NA,"empirical",0,0,0.0714,28,3,1,1,5,0.7,0.7,NA,NA,NA,NA,0,0,0,0,16.3023,15.662,77.6744,237.4054,1935,1935,"0.15,0.2,0.3,0.35,0.45",0,1.4142,0.15,0.85,"0.005,0.01,0.05,0.1,0.3",NA,30,1,"approx",200,1000,0,3,1000,2000,5000,2,NA,NA,NA,NA,NA,NA,NA,NA,NA,NA,NA
"Set_5dose_methods_prior","Set_5dose_methods_prior_SC6",6,"CFO","cfo_pride",NA,NA,NA,"pride",0,0,0.0714,28,3,1,1,1,0.5,0.5,0.1241,NA,NA,NA,12.5581,9.2031,9.2031,0,12.1116,10.5096,82.9457,167.2347,1935,1935,"0.15,0.2,0.3,0.35,0.45",0,1.4142,0.15,0.85,"0.005,0.01,0.05,0.1,0.3","PRIDE.bug",30,1,"approx",200,1000,0,3,1000,2000,5000,2,NA,NA,NA,NA,NA,NA,NA,NA,NA,NA,NA
"Set_5dose_methods_prior","Set_5dose_methods_prior_SC6",6,"CFO","cfo_pride",NA,NA,NA,"pride",0,0,0.0714,28,3,1,1,2,0.55,0.55,0.3548,NA,NA,NA,0.1034,2.0527,2.0527,1.1649,12.1116,10.5096,82.9457,167.2347,1935,1935,"0.15,0.2,0.3,0.35,0.45",0,1.4142,0.15,0.85,"0.005,0.01,0.05,0.1,0.3","PRIDE.bug",30,1,"approx",200,1000,0,3,1000,2000,5000,2,NA,NA,NA,NA,NA,NA,NA,NA,NA,NA,NA
"Set_5dose_methods_prior","Set_5dose_methods_prior_SC6",6,"CFO","cfo_pride",NA,NA,NA,"pride",0,0,0.0714,28,3,1,1,3,0.6,0.6,0.0848,NA,NA,NA,1.292,0.4124,0.4124,0.2992,12.1116,10.5096,82.9457,167.2347,1935,1935,"0.15,0.2,0.3,0.35,0.45",0,1.4142,0.15,0.85,"0.005,0.01,0.05,0.1,0.3","PRIDE.bug",30,1,"approx",200,1000,0,3,1000,2000,5000,2,NA,NA,NA,NA,NA,NA,NA,NA,NA,NA,NA
"Set_5dose_methods_prior","Set_5dose_methods_prior_SC6",6,"CFO","cfo_pride",NA,NA,NA,"pride",0,0,0.0714,28,3,1,1,4,0.65,0.65,0.1447,NA,NA,NA,1.0336,0.2186,0.2186,0.0594,12.1116,10.5096,82.9457,167.2347,1935,1935,"0.15,0.2,0.3,0.35,0.45",0,1.4142,0.15,0.85,"0.005,0.01,0.05,0.1,0.3","PRIDE.bug",30,1,"approx",200,1000,0,3,1000,2000,5000,2,NA,NA,NA,NA,NA,NA,NA,NA,NA,NA,NA
"Set_5dose_methods_prior","Set_5dose_methods_prior_SC6",6,"CFO","cfo_pride",NA,NA,NA,"pride",0,0,0.0714,28,3,1,1,5,0.7,0.7,0.1822,NA,NA,NA,2.0672,0.2248,0.2248,0.0786,12.1116,10.5096,82.9457,167.2347,1935,1935,"0.15,0.2,0.3,0.35,0.45",0,1.4142,0.15,0.85,"0.005,0.01,0.05,0.1,0.3","PRIDE.bug",30,1,"approx",200,1000,0,3,1000,2000,5000,2,NA,NA,NA,NA,NA,NA,NA,NA,NA,NA,NA
"Set_5dose_methods_prior","Set_5dose_methods_prior_SC6",6,"CFO","cfo_empirical",NA,NA,NA,"empirical",0.3,0,0.0714,28,1,1,1,1,0.5,0.5,0.34,NA,NA,NA,21.1886,14.5845,14.5845,0,16.3023,16.3023,77.6744,245.3563,1935,1935,"0.15,0.2,0.3,0.35,0.45",0,1.4142,0.15,0.85,"0.005,0.01,0.05,0.1,0.3",NA,30,1,"approx",200,1000,0,3,1000,2000,5000,2,NA,NA,NA,NA,NA,NA,NA,NA,NA,NA,NA
"Set_5dose_methods_prior","Set_5dose_methods_prior_SC6",6,"CFO","cfo_empirical",NA,NA,NA,"empirical",0.3,0,0.0714,28,1,1,1,2,0.55,0.7,0.4808,NA,NA,NA,1.0853,1.555,1.555,0,16.3023,16.3023,77.6744,245.3563,1935,1935,"0.15,0.2,0.3,0.35,0.45",0,1.4142,0.15,0.85,"0.005,0.01,0.05,0.1,0.3",NA,30,1,"approx",200,1000,0,3,1000,2000,5000,2,NA,NA,NA,NA,NA,NA,NA,NA,NA,NA,NA
"Set_5dose_methods_prior","Set_5dose_methods_prior_SC6",6,"CFO","cfo_empirical",NA,NA,NA,"empirical",0.3,0,0.0714,28,1,1,1,3,0.6,0.765,0.5518,NA,NA,NA,0.0517,0.155,0.155,0,16.3023,16.3023,77.6744,245.3563,1935,1935,"0.15,0.2,0.3,0.35,0.45",0,1.4142,0.15,0.85,"0.005,0.01,0.05,0.1,0.3",NA,30,1,"approx",200,1000,0,3,1000,2000,5000,2,NA,NA,NA,NA,NA,NA,NA,NA,NA,NA,NA
"Set_5dose_methods_prior","Set_5dose_methods_prior_SC6",6,"CFO","cfo_empirical",NA,NA,NA,"empirical",0.3,0,0.0714,28,1,1,1,4,0.65,0.83,NA,NA,NA,NA,0,0.0078,0.0078,0,16.3023,16.3023,77.6744,245.3563,1935,1935,"0.15,0.2,0.3,0.35,0.45",0,1.4142,0.15,0.85,"0.005,0.01,0.05,0.1,0.3",NA,30,1,"approx",200,1000,0,3,1000,2000,5000,2,NA,NA,NA,NA,NA,NA,NA,NA,NA,NA,NA
"Set_5dose_methods_prior","Set_5dose_methods_prior_SC6",6,"CFO","cfo_empirical",NA,NA,NA,"empirical",0.3,0,0.0714,28,1,1,1,5,0.7,0.895,NA,NA,NA,NA,0,0,0,0,16.3023,16.3023,77.6744,245.3563,1935,1935,"0.15,0.2,0.3,0.35,0.45",0,1.4142,0.15,0.85,"0.005,0.01,0.05,0.1,0.3",NA,30,1,"approx",200,1000,0,3,1000,2000,5000,2,NA,NA,NA,NA,NA,NA,NA,NA,NA,NA,NA
"Set_5dose_methods_prior","Set_5dose_methods_prior_SC6",6,"CFO","cfo_pride",NA,NA,NA,"pride",0.3,0,0.0714,28,1,1,1,1,0.5,0.5,0.0944,NA,NA,NA,10.1292,8.5535,8.5535,0,11.3054,11.3054,85.7881,174.7253,1935,1935,"0.15,0.2,0.3,0.35,0.45",0,1.4142,0.15,0.85,"0.005,0.01,0.05,0.1,0.3","PRIDE.bug",30,1,"approx",200,1000,0,3,1000,2000,5000,2,NA,NA,NA,NA,NA,NA,NA,NA,NA,NA,NA
"Set_5dose_methods_prior","Set_5dose_methods_prior_SC6",6,"CFO","cfo_pride",NA,NA,NA,"pride",0.3,0,0.0714,28,1,1,1,2,0.55,0.7,0.301,NA,NA,NA,0.0517,1.8078,1.8078,0,11.3054,11.3054,85.7881,174.7253,1935,1935,"0.15,0.2,0.3,0.35,0.45",0,1.4142,0.15,0.85,"0.005,0.01,0.05,0.1,0.3","PRIDE.bug",30,1,"approx",200,1000,0,3,1000,2000,5000,2,NA,NA,NA,NA,NA,NA,NA,NA,NA,NA,NA
"Set_5dose_methods_prior","Set_5dose_methods_prior_SC6",6,"CFO","cfo_pride",NA,NA,NA,"pride",0.3,0,0.0714,28,1,1,1,3,0.6,0.765,0.0469,NA,NA,NA,0.8269,0.386,0.386,0,11.3054,11.3054,85.7881,174.7253,1935,1935,"0.15,0.2,0.3,0.35,0.45",0,1.4142,0.15,0.85,"0.005,0.01,0.05,0.1,0.3","PRIDE.bug",30,1,"approx",200,1000,0,3,1000,2000,5000,2,NA,NA,NA,NA,NA,NA,NA,NA,NA,NA,NA
"Set_5dose_methods_prior","Set_5dose_methods_prior_SC6",6,"CFO","cfo_pride",NA,NA,NA,"pride",0.3,0,0.0714,28,1,1,1,4,0.65,0.83,0.1528,NA,NA,NA,1.137,0.2713,0.2713,0,11.3054,11.3054,85.7881,174.7253,1935,1935,"0.15,0.2,0.3,0.35,0.45",0,1.4142,0.15,0.85,"0.005,0.01,0.05,0.1,0.3","PRIDE.bug",30,1,"approx",200,1000,0,3,1000,2000,5000,2,NA,NA,NA,NA,NA,NA,NA,NA,NA,NA,NA
"Set_5dose_methods_prior","Set_5dose_methods_prior_SC6",6,"CFO","cfo_pride",NA,NA,NA,"pride",0.3,0,0.0714,28,1,1,1,5,0.7,0.895,0.1821,NA,NA,NA,2.0672,0.2868,0.2868,0,11.3054,11.3054,85.7881,174.7253,1935,1935,"0.15,0.2,0.3,0.35,0.45",0,1.4142,0.15,0.85,"0.005,0.01,0.05,0.1,0.3","PRIDE.bug",30,1,"approx",200,1000,0,3,1000,2000,5000,2,NA,NA,NA,NA,NA,NA,NA,NA,NA,NA,NA
"Set_5dose_methods_prior","Set_5dose_methods_prior_SC6",6,"CFO","cfo_empirical",NA,NA,NA,"empirical",0.3,0,0.0714,28,2,1,1,1,0.5,0.5,0.3515,NA,NA,NA,20.8786,14.9209,14.9209,0,16.2062,15.6501,78.6563,237.0777,1935,1935,"0.15,0.2,0.3,0.35,0.45",0,1.4142,0.15,0.85,"0.005,0.01,0.05,0.1,0.3",NA,30,1,"approx",200,1000,0,3,1000,2000,5000,2,NA,NA,NA,NA,NA,NA,NA,NA,NA,NA,NA
"Set_5dose_methods_prior","Set_5dose_methods_prior_SC6",6,"CFO","cfo_empirical",NA,NA,NA,"empirical",0.3,0,0.0714,28,2,1,1,2,0.55,0.7,0.5344,NA,NA,NA,0.4651,1.2543,1.2543,0.553,16.2062,15.6501,78.6563,237.0777,1935,1935,"0.15,0.2,0.3,0.35,0.45",0,1.4142,0.15,0.85,"0.005,0.01,0.05,0.1,0.3",NA,30,1,"approx",200,1000,0,3,1000,2000,5000,2,NA,NA,NA,NA,NA,NA,NA,NA,NA,NA,NA
"Set_5dose_methods_prior","Set_5dose_methods_prior_SC6",6,"CFO","cfo_empirical",NA,NA,NA,"empirical",0.3,0,0.0714,28,2,1,1,3,0.6,0.765,0.6661,NA,NA,NA,0,0.031,0.031,0.0031,16.2062,15.6501,78.6563,237.0777,1935,1935,"0.15,0.2,0.3,0.35,0.45",0,1.4142,0.15,0.85,"0.005,0.01,0.05,0.1,0.3",NA,30,1,"approx",200,1000,0,3,1000,2000,5000,2,NA,NA,NA,NA,NA,NA,NA,NA,NA,NA,NA
"Set_5dose_methods_prior","Set_5dose_methods_prior_SC6",6,"CFO","cfo_empirical",NA,NA,NA,"empirical",0.3,0,0.0714,28,2,1,1,4,0.65,0.83,NA,NA,NA,NA,0,0,0,0,16.2062,15.6501,78.6563,237.0777,1935,1935,"0.15,0.2,0.3,0.35,0.45",0,1.4142,0.15,0.85,"0.005,0.01,0.05,0.1,0.3",NA,30,1,"approx",200,1000,0,3,1000,2000,5000,2,NA,NA,NA,NA,NA,NA,NA,NA,NA,NA,NA
"Set_5dose_methods_prior","Set_5dose_methods_prior_SC6",6,"CFO","cfo_empirical",NA,NA,NA,"empirical",0.3,0,0.0714,28,2,1,1,5,0.7,0.895,NA,NA,NA,NA,0,0,0,0,16.2062,15.6501,78.6563,237.0777,1935,1935,"0.15,0.2,0.3,0.35,0.45",0,1.4142,0.15,0.85,"0.005,0.01,0.05,0.1,0.3",NA,30,1,"approx",200,1000,0,3,1000,2000,5000,2,NA,NA,NA,NA,NA,NA,NA,NA,NA,NA,NA
"Set_5dose_methods_prior","Set_5dose_methods_prior_SC6",6,"CFO","cfo_pride",NA,NA,NA,"pride",0.3,0,0.0714,28,2,1,1,1,0.5,0.5,0.1572,NA,NA,NA,13.4884,9.4977,9.4977,0,11.6419,10.3297,84.4961,163.7211,1935,1935,"0.15,0.2,0.3,0.35,0.45",0,1.4142,0.15,0.85,"0.005,0.01,0.05,0.1,0.3","PRIDE.bug",30,1,"approx",200,1000,0,3,1000,2000,5000,2,NA,NA,NA,NA,NA,NA,NA,NA,NA,NA,NA
"Set_5dose_methods_prior","Set_5dose_methods_prior_SC6",6,"CFO","cfo_pride",NA,NA,NA,"pride",0.3,0,0.0714,28,2,1,1,2,0.55,0.7,0.4159,NA,NA,NA,0.3618,1.8496,1.8496,1.1628,11.6419,10.3297,84.4961,163.7211,1935,1935,"0.15,0.2,0.3,0.35,0.45",0,1.4142,0.15,0.85,"0.005,0.01,0.05,0.1,0.3","PRIDE.bug",30,1,"approx",200,1000,0,3,1000,2000,5000,2,NA,NA,NA,NA,NA,NA,NA,NA,NA,NA,NA
"Set_5dose_methods_prior","Set_5dose_methods_prior_SC6",6,"CFO","cfo_pride",NA,NA,NA,"pride",0.3,0,0.0714,28,2,1,1,3,0.6,0.765,0.2419,NA,NA,NA,1.137,0.2016,0.2016,0.1214,11.6419,10.3297,84.4961,163.7211,1935,1935,"0.15,0.2,0.3,0.35,0.45",0,1.4142,0.15,0.85,"0.005,0.01,0.05,0.1,0.3","PRIDE.bug",30,1,"approx",200,1000,0,3,1000,2000,5000,2,NA,NA,NA,NA,NA,NA,NA,NA,NA,NA,NA
"Set_5dose_methods_prior","Set_5dose_methods_prior_SC6",6,"CFO","cfo_pride",NA,NA,NA,"pride",0.3,0,0.0714,28,2,1,1,4,0.65,0.83,0.2225,NA,NA,NA,0.3101,0.0651,0.0651,0.0093,11.6419,10.3297,84.4961,163.7211,1935,1935,"0.15,0.2,0.3,0.35,0.45",0,1.4142,0.15,0.85,"0.005,0.01,0.05,0.1,0.3","PRIDE.bug",30,1,"approx",200,1000,0,3,1000,2000,5000,2,NA,NA,NA,NA,NA,NA,NA,NA,NA,NA,NA
"Set_5dose_methods_prior","Set_5dose_methods_prior_SC6",6,"CFO","cfo_pride",NA,NA,NA,"pride",0.3,0,0.0714,28,2,1,1,5,0.7,0.895,0.4998,NA,NA,NA,0.2067,0.0279,0.0279,0.0186,11.6419,10.3297,84.4961,163.7211,1935,1935,"0.15,0.2,0.3,0.35,0.45",0,1.4142,0.15,0.85,"0.005,0.01,0.05,0.1,0.3","PRIDE.bug",30,1,"approx",200,1000,0,3,1000,2000,5000,2,NA,NA,NA,NA,NA,NA,NA,NA,NA,NA,NA
"Set_5dose_methods_prior","Set_5dose_methods_prior_SC6",6,"CFO","cfo_empirical",NA,NA,NA,"empirical",0.3,0,0.0714,28,3,1,1,1,0.5,0.5,0.3512,NA,NA,NA,20.8269,14.9271,14.9271,0,16.2062,15.6377,78.708,236.9571,1935,1935,"0.15,0.2,0.3,0.35,0.45",0,1.4142,0.15,0.85,"0.005,0.01,0.05,0.1,0.3",NA,30,1,"approx",200,1000,0,3,1000,2000,5000,2,NA,NA,NA,NA,NA,NA,NA,NA,NA,NA,NA
"Set_5dose_methods_prior","Set_5dose_methods_prior_SC6",6,"CFO","cfo_empirical",NA,NA,NA,"empirical",0.3,0,0.0714,28,3,1,1,2,0.55,0.7,0.5355,NA,NA,NA,0.4651,1.2527,1.2527,0.553,16.2062,15.6377,78.708,236.9571,1935,1935,"0.15,0.2,0.3,0.35,0.45",0,1.4142,0.15,0.85,"0.005,0.01,0.05,0.1,0.3",NA,30,1,"approx",200,1000,0,3,1000,2000,5000,2,NA,NA,NA,NA,NA,NA,NA,NA,NA,NA,NA
"Set_5dose_methods_prior","Set_5dose_methods_prior_SC6",6,"CFO","cfo_empirical",NA,NA,NA,"empirical",0.3,0,0.0714,28,3,1,1,3,0.6,0.765,0.6661,NA,NA,NA,0,0.0264,0.0264,0.0155,16.2062,15.6377,78.708,236.9571,1935,1935,"0.15,0.2,0.3,0.35,0.45",0,1.4142,0.15,0.85,"0.005,0.01,0.05,0.1,0.3",NA,30,1,"approx",200,1000,0,3,1000,2000,5000,2,NA,NA,NA,NA,NA,NA,NA,NA,NA,NA,NA
"Set_5dose_methods_prior","Set_5dose_methods_prior_SC6",6,"CFO","cfo_empirical",NA,NA,NA,"empirical",0.3,0,0.0714,28,3,1,1,4,0.65,0.83,NA,NA,NA,NA,0,0,0,0,16.2062,15.6377,78.708,236.9571,1935,1935,"0.15,0.2,0.3,0.35,0.45",0,1.4142,0.15,0.85,"0.005,0.01,0.05,0.1,0.3",NA,30,1,"approx",200,1000,0,3,1000,2000,5000,2,NA,NA,NA,NA,NA,NA,NA,NA,NA,NA,NA
"Set_5dose_methods_prior","Set_5dose_methods_prior_SC6",6,"CFO","cfo_empirical",NA,NA,NA,"empirical",0.3,0,0.0714,28,3,1,1,5,0.7,0.895,NA,NA,NA,NA,0,0,0,0,16.2062,15.6377,78.708,236.9571,1935,1935,"0.15,0.2,0.3,0.35,0.45",0,1.4142,0.15,0.85,"0.005,0.01,0.05,0.1,0.3",NA,30,1,"approx",200,1000,0,3,1000,2000,5000,2,NA,NA,NA,NA,NA,NA,NA,NA,NA,NA,NA
"Set_5dose_methods_prior","Set_5dose_methods_prior_SC6",6,"CFO","cfo_pride",NA,NA,NA,"pride",0.3,0,0.0714,28,3,1,1,1,0.5,0.5,0.1591,NA,NA,NA,13.9535,9.5953,9.5953,0,11.755,10.3814,84.031,164.882,1935,1935,"0.15,0.2,0.3,0.35,0.45",0,1.4142,0.15,0.85,"0.005,0.01,0.05,0.1,0.3","PRIDE.bug",30,1,"approx",200,1000,0,3,1000,2000,5000,2,NA,NA,NA,NA,NA,NA,NA,NA,NA,NA,NA
"Set_5dose_methods_prior","Set_5dose_methods_prior_SC6",6,"CFO","cfo_pride",NA,NA,NA,"pride",0.3,0,0.0714,28,3,1,1,2,0.55,0.7,0.4107,NA,NA,NA,0.3618,1.8791,1.8791,1.1731,11.755,10.3814,84.031,164.882,1935,1935,"0.15,0.2,0.3,0.35,0.45",0,1.4142,0.15,0.85,"0.005,0.01,0.05,0.1,0.3","PRIDE.bug",30,1,"approx",200,1000,0,3,1000,2000,5000,2,NA,NA,NA,NA,NA,NA,NA,NA,NA,NA,NA
"Set_5dose_methods_prior","Set_5dose_methods_prior_SC6",6,"CFO","cfo_pride",NA,NA,NA,"pride",0.3,0,0.0714,28,3,1,1,3,0.6,0.765,0.2715,NA,NA,NA,1.137,0.2078,0.2078,0.1711,11.755,10.3814,84.031,164.882,1935,1935,"0.15,0.2,0.3,0.35,0.45",0,1.4142,0.15,0.85,"0.005,0.01,0.05,0.1,0.3","PRIDE.bug",30,1,"approx",200,1000,0,3,1000,2000,5000,2,NA,NA,NA,NA,NA,NA,NA,NA,NA,NA,NA
"Set_5dose_methods_prior","Set_5dose_methods_prior_SC6",6,"CFO","cfo_pride",NA,NA,NA,"pride",0.3,0,0.0714,28,3,1,1,4,0.65,0.83,0.1822,NA,NA,NA,0.155,0.045,0.045,0.0124,11.755,10.3814,84.031,164.882,1935,1935,"0.15,0.2,0.3,0.35,0.45",0,1.4142,0.15,0.85,"0.005,0.01,0.05,0.1,0.3","PRIDE.bug",30,1,"approx",200,1000,0,3,1000,2000,5000,2,NA,NA,NA,NA,NA,NA,NA,NA,NA,NA,NA
"Set_5dose_methods_prior","Set_5dose_methods_prior_SC6",6,"CFO","cfo_pride",NA,NA,NA,"pride",0.3,0,0.0714,28,3,1,1,5,0.7,0.895,0.3811,NA,NA,NA,0.3618,0.0279,0.0279,0.0171,11.755,10.3814,84.031,164.882,1935,1935,"0.15,0.2,0.3,0.35,0.45",0,1.4142,0.15,0.85,"0.005,0.01,0.05,0.1,0.3","PRIDE.bug",30,1,"approx",200,1000,0,3,1000,2000,5000,2,NA,NA,NA,NA,NA,NA,NA,NA,NA,NA,NA
"Set_5dose_methods_prior","Set_5dose_methods_prior_SC6",6,"CFO","cfo_empirical",NA,NA,NA,"empirical",0.6,0,0.0714,28,1,1,1,1,0.5,0.5,0.34,NA,NA,NA,21.1886,14.5845,14.5845,0,16.3023,16.3023,77.6744,245.3563,1935,1935,"0.15,0.2,0.3,0.35,0.45",0,1.4142,0.15,0.85,"0.005,0.01,0.05,0.1,0.3",NA,30,1,"approx",200,1000,0,3,1000,2000,5000,2,NA,NA,NA,NA,NA,NA,NA,NA,NA,NA,NA
"Set_5dose_methods_prior","Set_5dose_methods_prior_SC6",6,"CFO","cfo_empirical",NA,NA,NA,"empirical",0.6,0,0.0714,28,1,1,1,2,0.55,0.85,0.4808,NA,NA,NA,1.0853,1.555,1.555,0,16.3023,16.3023,77.6744,245.3563,1935,1935,"0.15,0.2,0.3,0.35,0.45",0,1.4142,0.15,0.85,"0.005,0.01,0.05,0.1,0.3",NA,30,1,"approx",200,1000,0,3,1000,2000,5000,2,NA,NA,NA,NA,NA,NA,NA,NA,NA,NA,NA
"Set_5dose_methods_prior","Set_5dose_methods_prior_SC6",6,"CFO","cfo_empirical",NA,NA,NA,"empirical",0.6,0,0.0714,28,1,1,1,3,0.6,0.93,0.5518,NA,NA,NA,0.0517,0.155,0.155,0,16.3023,16.3023,77.6744,245.3563,1935,1935,"0.15,0.2,0.3,0.35,0.45",0,1.4142,0.15,0.85,"0.005,0.01,0.05,0.1,0.3",NA,30,1,"approx",200,1000,0,3,1000,2000,5000,2,NA,NA,NA,NA,NA,NA,NA,NA,NA,NA,NA
"Set_5dose_methods_prior","Set_5dose_methods_prior_SC6",6,"CFO","cfo_empirical",NA,NA,NA,"empirical",0.6,0,0.0714,28,1,1,1,4,0.65,1,NA,NA,NA,NA,0,0.0078,0.0078,0,16.3023,16.3023,77.6744,245.3563,1935,1935,"0.15,0.2,0.3,0.35,0.45",0,1.4142,0.15,0.85,"0.005,0.01,0.05,0.1,0.3",NA,30,1,"approx",200,1000,0,3,1000,2000,5000,2,NA,NA,NA,NA,NA,NA,NA,NA,NA,NA,NA
"Set_5dose_methods_prior","Set_5dose_methods_prior_SC6",6,"CFO","cfo_empirical",NA,NA,NA,"empirical",0.6,0,0.0714,28,1,1,1,5,0.7,1,NA,NA,NA,NA,0,0,0,0,16.3023,16.3023,77.6744,245.3563,1935,1935,"0.15,0.2,0.3,0.35,0.45",0,1.4142,0.15,0.85,"0.005,0.01,0.05,0.1,0.3",NA,30,1,"approx",200,1000,0,3,1000,2000,5000,2,NA,NA,NA,NA,NA,NA,NA,NA,NA,NA,NA
"Set_5dose_methods_prior","Set_5dose_methods_prior_SC6",6,"CFO","cfo_pride",NA,NA,NA,"pride",0.6,0,0.0714,28,1,1,1,1,0.5,0.5,0.0872,NA,NA,NA,9.6124,8.569,8.569,0,11.3364,11.3364,86.2016,175.2083,1935,1935,"0.15,0.2,0.3,0.35,0.45",0,1.4142,0.15,0.85,"0.005,0.01,0.05,0.1,0.3","PRIDE.bug",30,1,"approx",200,1000,0,3,1000,2000,5000,2,NA,NA,NA,NA,NA,NA,NA,NA,NA,NA,NA
"Set_5dose_methods_prior","Set_5dose_methods_prior_SC6",6,"CFO","cfo_pride",NA,NA,NA,"pride",0.6,0,0.0714,28,1,1,1,2,0.55,0.85,0.2668,NA,NA,NA,0.0517,1.8357,1.8357,0,11.3364,11.3364,86.2016,175.2083,1935,1935,"0.15,0.2,0.3,0.35,0.45",0,1.4142,0.15,0.85,"0.005,0.01,0.05,0.1,0.3","PRIDE.bug",30,1,"approx",200,1000,0,3,1000,2000,5000,2,NA,NA,NA,NA,NA,NA,NA,NA,NA,NA,NA
"Set_5dose_methods_prior","Set_5dose_methods_prior_SC6",6,"CFO","cfo_pride",NA,NA,NA,"pride",0.6,0,0.0714,28,1,1,1,3,0.6,0.93,0.0581,NA,NA,NA,0.9819,0.3876,0.3876,0,11.3364,11.3364,86.2016,175.2083,1935,1935,"0.15,0.2,0.3,0.35,0.45",0,1.4142,0.15,0.85,"0.005,0.01,0.05,0.1,0.3","PRIDE.bug",30,1,"approx",200,1000,0,3,1000,2000,5000,2,NA,NA,NA,NA,NA,NA,NA,NA,NA,NA,NA
"Set_5dose_methods_prior","Set_5dose_methods_prior_SC6",6,"CFO","cfo_pride",NA,NA,NA,"pride",0.6,0,0.0714,28,1,1,1,4,0.65,1,0.1475,NA,NA,NA,1.0853,0.2651,0.2651,0,11.3364,11.3364,86.2016,175.2083,1935,1935,"0.15,0.2,0.3,0.35,0.45",0,1.4142,0.15,0.85,"0.005,0.01,0.05,0.1,0.3","PRIDE.bug",30,1,"approx",200,1000,0,3,1000,2000,5000,2,NA,NA,NA,NA,NA,NA,NA,NA,NA,NA,NA
"Set_5dose_methods_prior","Set_5dose_methods_prior_SC6",6,"CFO","cfo_pride",NA,NA,NA,"pride",0.6,0,0.0714,28,1,1,1,5,0.7,1,0.1821,NA,NA,NA,2.0672,0.2791,0.2791,0,11.3364,11.3364,86.2016,175.2083,1935,1935,"0.15,0.2,0.3,0.35,0.45",0,1.4142,0.15,0.85,"0.005,0.01,0.05,0.1,0.3","PRIDE.bug",30,1,"approx",200,1000,0,3,1000,2000,5000,2,NA,NA,NA,NA,NA,NA,NA,NA,NA,NA,NA
"Set_5dose_methods_prior","Set_5dose_methods_prior_SC6",6,"CFO","cfo_empirical",NA,NA,NA,"empirical",0.6,0,0.0714,28,2,1,1,1,0.5,0.5,0.3642,NA,NA,NA,20.2584,15.2419,15.2419,0,16.1147,15.5819,79.5866,235.9956,1935,1935,"0.15,0.2,0.3,0.35,0.45",0,1.4142,0.15,0.85,"0.005,0.01,0.05,0.1,0.3",NA,30,1,"approx",200,1000,0,3,1000,2000,5000,2,NA,NA,NA,NA,NA,NA,NA,NA,NA,NA,NA
"Set_5dose_methods_prior","Set_5dose_methods_prior_SC6",6,"CFO","cfo_empirical",NA,NA,NA,"empirical",0.6,0,0.0714,28,2,1,1,2,0.55,0.85,0.5624,NA,NA,NA,0.155,0.8698,0.8698,0.5328,16.1147,15.5819,79.5866,235.9956,1935,1935,"0.15,0.2,0.3,0.35,0.45",0,1.4142,0.15,0.85,"0.005,0.01,0.05,0.1,0.3",NA,30,1,"approx",200,1000,0,3,1000,2000,5000,2,NA,NA,NA,NA,NA,NA,NA,NA,NA,NA,NA
"Set_5dose_methods_prior","Set_5dose_methods_prior_SC6",6,"CFO","cfo_empirical",NA,NA,NA,"empirical",0.6,0,0.0714,28,2,1,1,3,0.6,0.93,NA,NA,NA,NA,0,0.0031,0.0031,0,16.1147,15.5819,79.5866,235.9956,1935,1935,"0.15,0.2,0.3,0.35,0.45",0,1.4142,0.15,0.85,"0.005,0.01,0.05,0.1,0.3",NA,30,1,"approx",200,1000,0,3,1000,2000,5000,2,NA,NA,NA,NA,NA,NA,NA,NA,NA,NA,NA
"Set_5dose_methods_prior","Set_5dose_methods_prior_SC6",6,"CFO","cfo_empirical",NA,NA,NA,"empirical",0.6,0,0.0714,28,2,1,1,4,0.65,1,NA,NA,NA,NA,0,0,0,0,16.1147,15.5819,79.5866,235.9956,1935,1935,"0.15,0.2,0.3,0.35,0.45",0,1.4142,0.15,0.85,"0.005,0.01,0.05,0.1,0.3",NA,30,1,"approx",200,1000,0,3,1000,2000,5000,2,NA,NA,NA,NA,NA,NA,NA,NA,NA,NA,NA
"Set_5dose_methods_prior","Set_5dose_methods_prior_SC6",6,"CFO","cfo_empirical",NA,NA,NA,"empirical",0.6,0,0.0714,28,2,1,1,5,0.7,1,NA,NA,NA,NA,0,0,0,0,16.1147,15.5819,79.5866,235.9956,1935,1935,"0.15,0.2,0.3,0.35,0.45",0,1.4142,0.15,0.85,"0.005,0.01,0.05,0.1,0.3",NA,30,1,"approx",200,1000,0,3,1000,2000,5000,2,NA,NA,NA,NA,NA,NA,NA,NA,NA,NA,NA
"Set_5dose_methods_prior","Set_5dose_methods_prior_SC6",6,"CFO","cfo_pride",NA,NA,NA,"pride",0.6,0,0.0714,28,2,1,1,1,0.5,0.5,0.1902,NA,NA,NA,14.832,9.8853,9.8853,0,11.5349,10.353,84.9096,162.8112,1935,1935,"0.15,0.2,0.3,0.35,0.45",0,1.4142,0.15,0.85,"0.005,0.01,0.05,0.1,0.3","PRIDE.bug",30,1,"approx",200,1000,0,3,1000,2000,5000,2,NA,NA,NA,NA,NA,NA,NA,NA,NA,NA,NA
"Set_5dose_methods_prior","Set_5dose_methods_prior_SC6",6,"CFO","cfo_pride",NA,NA,NA,"pride",0.6,0,0.0714,28,2,1,1,2,0.55,0.85,0.5736,NA,NA,NA,0.155,1.614,1.614,1.168,11.5349,10.353,84.9096,162.8112,1935,1935,"0.15,0.2,0.3,0.35,0.45",0,1.4142,0.15,0.85,"0.005,0.01,0.05,0.1,0.3","PRIDE.bug",30,1,"approx",200,1000,0,3,1000,2000,5000,2,NA,NA,NA,NA,NA,NA,NA,NA,NA,NA,NA
"Set_5dose_methods_prior","Set_5dose_methods_prior_SC6",6,"CFO","cfo_pride",NA,NA,NA,"pride",0.6,0,0.0714,28,2,1,1,3,0.6,0.93,0.1669,NA,NA,NA,0.1034,0.0341,0.0341,0.0124,11.5349,10.353,84.9096,162.8112,1935,1935,"0.15,0.2,0.3,0.35,0.45",0,1.4142,0.15,0.85,"0.005,0.01,0.05,0.1,0.3","PRIDE.bug",30,1,"approx",200,1000,0,3,1000,2000,5000,2,NA,NA,NA,NA,NA,NA,NA,NA,NA,NA,NA
"Set_5dose_methods_prior","Set_5dose_methods_prior_SC6",6,"CFO","cfo_pride",NA,NA,NA,"pride",0.6,0,0.0714,28,2,1,1,4,0.65,1,NA,NA,NA,NA,0,0.0016,0.0016,0.0016,11.5349,10.353,84.9096,162.8112,1935,1935,"0.15,0.2,0.3,0.35,0.45",0,1.4142,0.15,0.85,"0.005,0.01,0.05,0.1,0.3","PRIDE.bug",30,1,"approx",200,1000,0,3,1000,2000,5000,2,NA,NA,NA,NA,NA,NA,NA,NA,NA,NA,NA
"Set_5dose_methods_prior","Set_5dose_methods_prior_SC6",6,"CFO","cfo_pride",NA,NA,NA,"pride",0.6,0,0.0714,28,2,1,1,5,0.7,1,NA,NA,NA,NA,0,0,0,0,11.5349,10.353,84.9096,162.8112,1935,1935,"0.15,0.2,0.3,0.35,0.45",0,1.4142,0.15,0.85,"0.005,0.01,0.05,0.1,0.3","PRIDE.bug",30,1,"approx",200,1000,0,3,1000,2000,5000,2,NA,NA,NA,NA,NA,NA,NA,NA,NA,NA,NA
"Set_5dose_methods_prior","Set_5dose_methods_prior_SC6",6,"CFO","cfo_empirical",NA,NA,NA,"empirical",0.6,0,0.0714,28,3,1,1,1,0.5,0.5,0.3639,NA,NA,NA,20.2067,15.2481,15.2481,0,16.1147,15.5804,79.6382,235.9812,1935,1935,"0.15,0.2,0.3,0.35,0.45",0,1.4142,0.15,0.85,"0.005,0.01,0.05,0.1,0.3",NA,30,1,"approx",200,1000,0,3,1000,2000,5000,2,NA,NA,NA,NA,NA,NA,NA,NA,NA,NA,NA
"Set_5dose_methods_prior","Set_5dose_methods_prior_SC6",6,"CFO","cfo_empirical",NA,NA,NA,"empirical",0.6,0,0.0714,28,3,1,1,2,0.55,0.85,0.5624,NA,NA,NA,0.155,0.8651,0.8651,0.5328,16.1147,15.5804,79.6382,235.9812,1935,1935,"0.15,0.2,0.3,0.35,0.45",0,1.4142,0.15,0.85,"0.005,0.01,0.05,0.1,0.3",NA,30,1,"approx",200,1000,0,3,1000,2000,5000,2,NA,NA,NA,NA,NA,NA,NA,NA,NA,NA,NA
"Set_5dose_methods_prior","Set_5dose_methods_prior_SC6",6,"CFO","cfo_empirical",NA,NA,NA,"empirical",0.6,0,0.0714,28,3,1,1,3,0.6,0.93,NA,NA,NA,NA,0,0.0016,0.0016,0.0016,16.1147,15.5804,79.6382,235.9812,1935,1935,"0.15,0.2,0.3,0.35,0.45",0,1.4142,0.15,0.85,"0.005,0.01,0.05,0.1,0.3",NA,30,1,"approx",200,1000,0,3,1000,2000,5000,2,NA,NA,NA,NA,NA,NA,NA,NA,NA,NA,NA
"Set_5dose_methods_prior","Set_5dose_methods_prior_SC6",6,"CFO","cfo_empirical",NA,NA,NA,"empirical",0.6,0,0.0714,28,3,1,1,4,0.65,1,NA,NA,NA,NA,0,0,0,0,16.1147,15.5804,79.6382,235.9812,1935,1935,"0.15,0.2,0.3,0.35,0.45",0,1.4142,0.15,0.85,"0.005,0.01,0.05,0.1,0.3",NA,30,1,"approx",200,1000,0,3,1000,2000,5000,2,NA,NA,NA,NA,NA,NA,NA,NA,NA,NA,NA
"Set_5dose_methods_prior","Set_5dose_methods_prior_SC6",6,"CFO","cfo_empirical",NA,NA,NA,"empirical",0.6,0,0.0714,28,3,1,1,5,0.7,1,NA,NA,NA,NA,0,0,0,0,16.1147,15.5804,79.6382,235.9812,1935,1935,"0.15,0.2,0.3,0.35,0.45",0,1.4142,0.15,0.85,"0.005,0.01,0.05,0.1,0.3",NA,30,1,"approx",200,1000,0,3,1000,2000,5000,2,NA,NA,NA,NA,NA,NA,NA,NA,NA,NA,NA
"Set_5dose_methods_prior","Set_5dose_methods_prior_SC6",6,"CFO","cfo_pride",NA,NA,NA,"pride",0.6,0,0.0714,28,3,1,1,1,0.5,0.5,0.1847,NA,NA,NA,14.7804,9.9442,9.9442,0,11.6078,10.4119,84.9096,164.0463,1935,1935,"0.15,0.2,0.3,0.35,0.45",0,1.4142,0.15,0.85,"0.005,0.01,0.05,0.1,0.3","PRIDE.bug",30,1,"approx",200,1000,0,3,1000,2000,5000,2,NA,NA,NA,NA,NA,NA,NA,NA,NA,NA,NA
"Set_5dose_methods_prior","Set_5dose_methods_prior_SC6",6,"CFO","cfo_pride",NA,NA,NA,"pride",0.6,0,0.0714,28,3,1,1,2,0.55,0.85,0.5486,NA,NA,NA,0.2584,1.6403,1.6403,1.1757,11.6078,10.4119,84.9096,164.0463,1935,1935,"0.15,0.2,0.3,0.35,0.45",0,1.4142,0.15,0.85,"0.005,0.01,0.05,0.1,0.3","PRIDE.bug",30,1,"approx",200,1000,0,3,1000,2000,5000,2,NA,NA,NA,NA,NA,NA,NA,NA,NA,NA,NA
"Set_5dose_methods_prior","Set_5dose_methods_prior_SC6",6,"CFO","cfo_pride",NA,NA,NA,"pride",0.6,0,0.0714,28,3,1,1,3,0.6,0.93,0.5552,NA,NA,NA,0.0517,0.0233,0.0233,0.0202,11.6078,10.4119,84.9096,164.0463,1935,1935,"0.15,0.2,0.3,0.35,0.45",0,1.4142,0.15,0.85,"0.005,0.01,0.05,0.1,0.3","PRIDE.bug",30,1,"approx",200,1000,0,3,1000,2000,5000,2,NA,NA,NA,NA,NA,NA,NA,NA,NA,NA,NA
"Set_5dose_methods_prior","Set_5dose_methods_prior_SC6",6,"CFO","cfo_pride",NA,NA,NA,"pride",0.6,0,0.0714,28,3,1,1,4,0.65,1,NA,NA,NA,NA,0,0,0,0,11.6078,10.4119,84.9096,164.0463,1935,1935,"0.15,0.2,0.3,0.35,0.45",0,1.4142,0.15,0.85,"0.005,0.01,0.05,0.1,0.3","PRIDE.bug",30,1,"approx",200,1000,0,3,1000,2000,5000,2,NA,NA,NA,NA,NA,NA,NA,NA,NA,NA,NA
"Set_5dose_methods_prior","Set_5dose_methods_prior_SC6",6,"CFO","cfo_pride",NA,NA,NA,"pride",0.6,0,0.0714,28,3,1,1,5,0.7,1,NA,NA,NA,NA,0,0,0,0,11.6078,10.4119,84.9096,164.0463,1935,1935,"0.15,0.2,0.3,0.35,0.45",0,1.4142,0.15,0.85,"0.005,0.01,0.05,0.1,0.3","PRIDE.bug",30,1,"approx",200,1000,0,3,1000,2000,5000,2,NA,NA,NA,NA,NA,NA,NA,NA,NA,NA,NA
"Set_5dose_methods_prior","Set_5dose_methods_prior_SC6",6,"CFO","cfo_empirical",NA,NA,NA,"empirical",0.9,0,0.0714,28,1,1,1,1,0.5,0.5,0.34,NA,NA,NA,21.1886,14.5845,14.5845,0,16.3023,16.3023,77.6744,245.3563,1935,1935,"0.15,0.2,0.3,0.35,0.45",0,1.4142,0.15,0.85,"0.005,0.01,0.05,0.1,0.3",NA,30,1,"approx",200,1000,0,3,1000,2000,5000,2,NA,NA,NA,NA,NA,NA,NA,NA,NA,NA,NA
"Set_5dose_methods_prior","Set_5dose_methods_prior_SC6",6,"CFO","cfo_empirical",NA,NA,NA,"empirical",0.9,0,0.0714,28,1,1,1,2,0.55,1,0.4808,NA,NA,NA,1.0853,1.555,1.555,0,16.3023,16.3023,77.6744,245.3563,1935,1935,"0.15,0.2,0.3,0.35,0.45",0,1.4142,0.15,0.85,"0.005,0.01,0.05,0.1,0.3",NA,30,1,"approx",200,1000,0,3,1000,2000,5000,2,NA,NA,NA,NA,NA,NA,NA,NA,NA,NA,NA
"Set_5dose_methods_prior","Set_5dose_methods_prior_SC6",6,"CFO","cfo_empirical",NA,NA,NA,"empirical",0.9,0,0.0714,28,1,1,1,3,0.6,1,0.5518,NA,NA,NA,0.0517,0.155,0.155,0,16.3023,16.3023,77.6744,245.3563,1935,1935,"0.15,0.2,0.3,0.35,0.45",0,1.4142,0.15,0.85,"0.005,0.01,0.05,0.1,0.3",NA,30,1,"approx",200,1000,0,3,1000,2000,5000,2,NA,NA,NA,NA,NA,NA,NA,NA,NA,NA,NA
"Set_5dose_methods_prior","Set_5dose_methods_prior_SC6",6,"CFO","cfo_empirical",NA,NA,NA,"empirical",0.9,0,0.0714,28,1,1,1,4,0.65,1,NA,NA,NA,NA,0,0.0078,0.0078,0,16.3023,16.3023,77.6744,245.3563,1935,1935,"0.15,0.2,0.3,0.35,0.45",0,1.4142,0.15,0.85,"0.005,0.01,0.05,0.1,0.3",NA,30,1,"approx",200,1000,0,3,1000,2000,5000,2,NA,NA,NA,NA,NA,NA,NA,NA,NA,NA,NA
"Set_5dose_methods_prior","Set_5dose_methods_prior_SC6",6,"CFO","cfo_empirical",NA,NA,NA,"empirical",0.9,0,0.0714,28,1,1,1,5,0.7,1,NA,NA,NA,NA,0,0,0,0,16.3023,16.3023,77.6744,245.3563,1935,1935,"0.15,0.2,0.3,0.35,0.45",0,1.4142,0.15,0.85,"0.005,0.01,0.05,0.1,0.3",NA,30,1,"approx",200,1000,0,3,1000,2000,5000,2,NA,NA,NA,NA,NA,NA,NA,NA,NA,NA,NA
"Set_5dose_methods_prior","Set_5dose_methods_prior_SC6",6,"CFO","cfo_pride",NA,NA,NA,"pride",0.9,0,0.0714,28,1,1,1,1,0.5,0.5,0.089,NA,NA,NA,9.8708,8.5953,8.5953,0,11.3597,11.3597,85.9948,175.272,1935,1935,"0.15,0.2,0.3,0.35,0.45",0,1.4142,0.15,0.85,"0.005,0.01,0.05,0.1,0.3","PRIDE.bug",30,1,"approx",200,1000,0,3,1000,2000,5000,2,NA,NA,NA,NA,NA,NA,NA,NA,NA,NA,NA
"Set_5dose_methods_prior","Set_5dose_methods_prior_SC6",6,"CFO","cfo_pride",NA,NA,NA,"pride",0.9,0,0.0714,28,1,1,1,2,0.55,1,0.2746,NA,NA,NA,0.1034,1.831,1.831,0,11.3597,11.3597,85.9948,175.272,1935,1935,"0.15,0.2,0.3,0.35,0.45",0,1.4142,0.15,0.85,"0.005,0.01,0.05,0.1,0.3","PRIDE.bug",30,1,"approx",200,1000,0,3,1000,2000,5000,2,NA,NA,NA,NA,NA,NA,NA,NA,NA,NA,NA
"Set_5dose_methods_prior","Set_5dose_methods_prior_SC6",6,"CFO","cfo_pride",NA,NA,NA,"pride",0.9,0,0.0714,28,1,1,1,3,0.6,1,0.0589,NA,NA,NA,0.8786,0.3891,0.3891,0,11.3597,11.3597,85.9948,175.272,1935,1935,"0.15,0.2,0.3,0.35,0.45",0,1.4142,0.15,0.85,"0.005,0.01,0.05,0.1,0.3","PRIDE.bug",30,1,"approx",200,1000,0,3,1000,2000,5000,2,NA,NA,NA,NA,NA,NA,NA,NA,NA,NA,NA
"Set_5dose_methods_prior","Set_5dose_methods_prior_SC6",6,"CFO","cfo_pride",NA,NA,NA,"pride",0.9,0,0.0714,28,1,1,1,4,0.65,1,0.1524,NA,NA,NA,1.137,0.2713,0.2713,0,11.3597,11.3597,85.9948,175.272,1935,1935,"0.15,0.2,0.3,0.35,0.45",0,1.4142,0.15,0.85,"0.005,0.01,0.05,0.1,0.3","PRIDE.bug",30,1,"approx",200,1000,0,3,1000,2000,5000,2,NA,NA,NA,NA,NA,NA,NA,NA,NA,NA,NA
"Set_5dose_methods_prior","Set_5dose_methods_prior_SC6",6,"CFO","cfo_pride",NA,NA,NA,"pride",0.9,0,0.0714,28,1,1,1,5,0.7,1,0.1864,NA,NA,NA,2.0155,0.2729,0.2729,0,11.3597,11.3597,85.9948,175.272,1935,1935,"0.15,0.2,0.3,0.35,0.45",0,1.4142,0.15,0.85,"0.005,0.01,0.05,0.1,0.3","PRIDE.bug",30,1,"approx",200,1000,0,3,1000,2000,5000,2,NA,NA,NA,NA,NA,NA,NA,NA,NA,NA,NA
"Set_5dose_methods_prior","Set_5dose_methods_prior_SC6",6,"CFO","cfo_empirical",NA,NA,NA,"empirical",0.9,0,0.0714,28,2,1,1,1,0.5,0.5,0.3698,NA,NA,NA,18.708,15.4295,15.4295,0,15.9504,15.4295,81.292,233.8905,1935,1935,"0.15,0.2,0.3,0.35,0.45",0,1.4142,0.15,0.85,"0.005,0.01,0.05,0.1,0.3",NA,30,1,"approx",200,1000,0,3,1000,2000,5000,2,NA,NA,NA,NA,NA,NA,NA,NA,NA,NA,NA
"Set_5dose_methods_prior","Set_5dose_methods_prior_SC6",6,"CFO","cfo_empirical",NA,NA,NA,"empirical",0.9,0,0.0714,28,2,1,1,2,0.55,1,NA,NA,NA,NA,0,0.5209,0.5209,0.5209,15.9504,15.4295,81.292,233.8905,1935,1935,"0.15,0.2,0.3,0.35,0.45",0,1.4142,0.15,0.85,"0.005,0.01,0.05,0.1,0.3",NA,30,1,"approx",200,1000,0,3,1000,2000,5000,2,NA,NA,NA,NA,NA,NA,NA,NA,NA,NA,NA
"Set_5dose_methods_prior","Set_5dose_methods_prior_SC6",6,"CFO","cfo_empirical",NA,NA,NA,"empirical",0.9,0,0.0714,28,2,1,1,3,0.6,1,NA,NA,NA,NA,0,0,0,0,15.9504,15.4295,81.292,233.8905,1935,1935,"0.15,0.2,0.3,0.35,0.45",0,1.4142,0.15,0.85,"0.005,0.01,0.05,0.1,0.3",NA,30,1,"approx",200,1000,0,3,1000,2000,5000,2,NA,NA,NA,NA,NA,NA,NA,NA,NA,NA,NA
"Set_5dose_methods_prior","Set_5dose_methods_prior_SC6",6,"CFO","cfo_empirical",NA,NA,NA,"empirical",0.9,0,0.0714,28,2,1,1,4,0.65,1,NA,NA,NA,NA,0,0,0,0,15.9504,15.4295,81.292,233.8905,1935,1935,"0.15,0.2,0.3,0.35,0.45",0,1.4142,0.15,0.85,"0.005,0.01,0.05,0.1,0.3",NA,30,1,"approx",200,1000,0,3,1000,2000,5000,2,NA,NA,NA,NA,NA,NA,NA,NA,NA,NA,NA
"Set_5dose_methods_prior","Set_5dose_methods_prior_SC6",6,"CFO","cfo_empirical",NA,NA,NA,"empirical",0.9,0,0.0714,28,2,1,1,5,0.7,1,NA,NA,NA,NA,0,0,0,0,15.9504,15.4295,81.292,233.8905,1935,1935,"0.15,0.2,0.3,0.35,0.45",0,1.4142,0.15,0.85,"0.005,0.01,0.05,0.1,0.3",NA,30,1,"approx",200,1000,0,3,1000,2000,5000,2,NA,NA,NA,NA,NA,NA,NA,NA,NA,NA,NA
"Set_5dose_methods_prior","Set_5dose_methods_prior_SC6",6,"CFO","cfo_pride",NA,NA,NA,"pride",0.9,0,0.0714,28,2,1,1,1,0.5,0.5,0.2083,NA,NA,NA,16.7959,10.276,10.276,0,11.8233,10.6532,83.2041,166.9023,1935,1935,"0.15,0.2,0.3,0.35,0.45",0,1.4142,0.15,0.85,"0.005,0.01,0.05,0.1,0.3","PRIDE.bug",30,1,"approx",200,1000,0,3,1000,2000,5000,2,NA,NA,NA,NA,NA,NA,NA,NA,NA,NA,NA
"Set_5dose_methods_prior","Set_5dose_methods_prior_SC6",6,"CFO","cfo_pride",NA,NA,NA,"pride",0.9,0,0.0714,28,2,1,1,2,0.55,1,0.6661,NA,NA,NA,0,1.5473,1.5473,1.17,11.8233,10.6532,83.2041,166.9023,1935,1935,"0.15,0.2,0.3,0.35,0.45",0,1.4142,0.15,0.85,"0.005,0.01,0.05,0.1,0.3","PRIDE.bug",30,1,"approx",200,1000,0,3,1000,2000,5000,2,NA,NA,NA,NA,NA,NA,NA,NA,NA,NA,NA
"Set_5dose_methods_prior","Set_5dose_methods_prior_SC6",6,"CFO","cfo_pride",NA,NA,NA,"pride",0.9,0,0.0714,28,2,1,1,3,0.6,1,NA,NA,NA,NA,0,0,0,0,11.8233,10.6532,83.2041,166.9023,1935,1935,"0.15,0.2,0.3,0.35,0.45",0,1.4142,0.15,0.85,"0.005,0.01,0.05,0.1,0.3","PRIDE.bug",30,1,"approx",200,1000,0,3,1000,2000,5000,2,NA,NA,NA,NA,NA,NA,NA,NA,NA,NA,NA
"Set_5dose_methods_prior","Set_5dose_methods_prior_SC6",6,"CFO","cfo_pride",NA,NA,NA,"pride",0.9,0,0.0714,28,2,1,1,4,0.65,1,NA,NA,NA,NA,0,0,0,0,11.8233,10.6532,83.2041,166.9023,1935,1935,"0.15,0.2,0.3,0.35,0.45",0,1.4142,0.15,0.85,"0.005,0.01,0.05,0.1,0.3","PRIDE.bug",30,1,"approx",200,1000,0,3,1000,2000,5000,2,NA,NA,NA,NA,NA,NA,NA,NA,NA,NA,NA
"Set_5dose_methods_prior","Set_5dose_methods_prior_SC6",6,"CFO","cfo_pride",NA,NA,NA,"pride",0.9,0,0.0714,28,2,1,1,5,0.7,1,NA,NA,NA,NA,0,0,0,0,11.8233,10.6532,83.2041,166.9023,1935,1935,"0.15,0.2,0.3,0.35,0.45",0,1.4142,0.15,0.85,"0.005,0.01,0.05,0.1,0.3","PRIDE.bug",30,1,"approx",200,1000,0,3,1000,2000,5000,2,NA,NA,NA,NA,NA,NA,NA,NA,NA,NA,NA
"Set_5dose_methods_prior","Set_5dose_methods_prior_SC6",6,"CFO","cfo_empirical",NA,NA,NA,"empirical",0.9,0,0.0714,28,3,1,1,1,0.5,0.5,0.3698,NA,NA,NA,18.708,15.4295,15.4295,0,15.9504,15.4295,81.292,233.8905,1935,1935,"0.15,0.2,0.3,0.35,0.45",0,1.4142,0.15,0.85,"0.005,0.01,0.05,0.1,0.3",NA,30,1,"approx",200,1000,0,3,1000,2000,5000,2,NA,NA,NA,NA,NA,NA,NA,NA,NA,NA,NA
"Set_5dose_methods_prior","Set_5dose_methods_prior_SC6",6,"CFO","cfo_empirical",NA,NA,NA,"empirical",0.9,0,0.0714,28,3,1,1,2,0.55,1,NA,NA,NA,NA,0,0.5209,0.5209,0.5209,15.9504,15.4295,81.292,233.8905,1935,1935,"0.15,0.2,0.3,0.35,0.45",0,1.4142,0.15,0.85,"0.005,0.01,0.05,0.1,0.3",NA,30,1,"approx",200,1000,0,3,1000,2000,5000,2,NA,NA,NA,NA,NA,NA,NA,NA,NA,NA,NA
"Set_5dose_methods_prior","Set_5dose_methods_prior_SC6",6,"CFO","cfo_empirical",NA,NA,NA,"empirical",0.9,0,0.0714,28,3,1,1,3,0.6,1,NA,NA,NA,NA,0,0,0,0,15.9504,15.4295,81.292,233.8905,1935,1935,"0.15,0.2,0.3,0.35,0.45",0,1.4142,0.15,0.85,"0.005,0.01,0.05,0.1,0.3",NA,30,1,"approx",200,1000,0,3,1000,2000,5000,2,NA,NA,NA,NA,NA,NA,NA,NA,NA,NA,NA
"Set_5dose_methods_prior","Set_5dose_methods_prior_SC6",6,"CFO","cfo_empirical",NA,NA,NA,"empirical",0.9,0,0.0714,28,3,1,1,4,0.65,1,NA,NA,NA,NA,0,0,0,0,15.9504,15.4295,81.292,233.8905,1935,1935,"0.15,0.2,0.3,0.35,0.45",0,1.4142,0.15,0.85,"0.005,0.01,0.05,0.1,0.3",NA,30,1,"approx",200,1000,0,3,1000,2000,5000,2,NA,NA,NA,NA,NA,NA,NA,NA,NA,NA,NA
"Set_5dose_methods_prior","Set_5dose_methods_prior_SC6",6,"CFO","cfo_empirical",NA,NA,NA,"empirical",0.9,0,0.0714,28,3,1,1,5,0.7,1,NA,NA,NA,NA,0,0,0,0,15.9504,15.4295,81.292,233.8905,1935,1935,"0.15,0.2,0.3,0.35,0.45",0,1.4142,0.15,0.85,"0.005,0.01,0.05,0.1,0.3",NA,30,1,"approx",200,1000,0,3,1000,2000,5000,2,NA,NA,NA,NA,NA,NA,NA,NA,NA,NA,NA
"Set_5dose_methods_prior","Set_5dose_methods_prior_SC6",6,"CFO","cfo_pride",NA,NA,NA,"pride",0.9,0,0.0714,28,3,1,1,1,0.5,0.5,0.206,NA,NA,NA,16.1757,10.2651,10.2651,0,11.8078,10.6444,83.8243,167.4499,1935,1935,"0.15,0.2,0.3,0.35,0.45",0,1.4142,0.15,0.85,"0.005,0.01,0.05,0.1,0.3","PRIDE.bug",30,1,"approx",200,1000,0,3,1000,2000,5000,2,NA,NA,NA,NA,NA,NA,NA,NA,NA,NA,NA
"Set_5dose_methods_prior","Set_5dose_methods_prior_SC6",6,"CFO","cfo_pride",NA,NA,NA,"pride",0.9,0,0.0714,28,3,1,1,2,0.55,1,0.6661,NA,NA,NA,0,1.5426,1.5426,1.1633,11.8078,10.6444,83.8243,167.4499,1935,1935,"0.15,0.2,0.3,0.35,0.45",0,1.4142,0.15,0.85,"0.005,0.01,0.05,0.1,0.3","PRIDE.bug",30,1,"approx",200,1000,0,3,1000,2000,5000,2,NA,NA,NA,NA,NA,NA,NA,NA,NA,NA,NA
"Set_5dose_methods_prior","Set_5dose_methods_prior_SC6",6,"CFO","cfo_pride",NA,NA,NA,"pride",0.9,0,0.0714,28,3,1,1,3,0.6,1,NA,NA,NA,NA,0,0,0,0,11.8078,10.6444,83.8243,167.4499,1935,1935,"0.15,0.2,0.3,0.35,0.45",0,1.4142,0.15,0.85,"0.005,0.01,0.05,0.1,0.3","PRIDE.bug",30,1,"approx",200,1000,0,3,1000,2000,5000,2,NA,NA,NA,NA,NA,NA,NA,NA,NA,NA,NA
"Set_5dose_methods_prior","Set_5dose_methods_prior_SC6",6,"CFO","cfo_pride",NA,NA,NA,"pride",0.9,0,0.0714,28,3,1,1,4,0.65,1,NA,NA,NA,NA,0,0,0,0,11.8078,10.6444,83.8243,167.4499,1935,1935,"0.15,0.2,0.3,0.35,0.45",0,1.4142,0.15,0.85,"0.005,0.01,0.05,0.1,0.3","PRIDE.bug",30,1,"approx",200,1000,0,3,1000,2000,5000,2,NA,NA,NA,NA,NA,NA,NA,NA,NA,NA,NA
"Set_5dose_methods_prior","Set_5dose_methods_prior_SC6",6,"CFO","cfo_pride",NA,NA,NA,"pride",0.9,0,0.0714,28,3,1,1,5,0.7,1,NA,NA,NA,NA,0,0,0,0,11.8078,10.6444,83.8243,167.4499,1935,1935,"0.15,0.2,0.3,0.35,0.45",0,1.4142,0.15,0.85,"0.005,0.01,0.05,0.1,0.3","PRIDE.bug",30,1,"approx",200,1000,0,3,1000,2000,5000,2,NA,NA,NA,NA,NA,NA,NA,NA,NA,NA,NA
